title,year,expected_task,source_doc,section,notes,checklist_row,doi,arxiv_id,openalex_url,in_openalex_candidate_papers,in_candidate_map,in_public_preview,in_public_preview_paper_list,covered_as_map_marker,map_record_count,missing_affiliation,missing_coordinates,marker_diagnostics,missing_stage,coverage_status,recommended_action,match_method,matched_public_title,matched_public_paper_id,manual_review,identity_review,exclusion_evidence,reconciliation_classification,reconciliation_evidence,reconciliation_reason,resolved_title,resolved_year,best_openalex_title_match,best_openalex_title_score,best_public_preview_title_match,best_public_preview_title_score,best_public_preview_paper_title_match,best_public_preview_paper_title_score
Do GANs Leave Artificial Fingerprints?,2019,source_attribution,Z_Update_SIA.docx,Identification | Literature summary,source_suffix=MIPR 2019; source_suffix=MIPR，2019,1,,,,yes,yes,yes,yes,yes,1,no,no,,covered_as_map_marker,covered_as_map_marker,no_action,title,Do GANs Leave Artificial Fingerprints?,,no,,,,,,Do GANs Leave Artificial Fingerprints?,2019,,0.000,,0.000,,0.000
Attributing Fake Images to GANs: Learning and Analyzing GAN Fingerprints,2019,source_attribution,Z_Update_SIA.docx,Identification | Literature summary,source_suffix=ICCV 2019,2,,,,no,no,yes,yes,yes,3,no,no,,covered_as_map_marker,covered_as_map_marker,no_action,title,Attributing Fake Images to GANs: Learning and Analyzing GAN Fingerprints,curated:170f07b3d7020611e566,no,ambiguous exact title: Attributing Fake Images to GANs: Learning and Analyzing GAN Fingerprints | Attributing Fake Images to GANs: Learning and Analyzing GAN Fingerprints,,,,,Attributing Fake Images to GANs: Learning and Analyzing GAN Fingerprints,2019,,0.000,,0.000,,0.000
Incremental learning for the detection and classification of GAN-generated images,2019,source_attribution,Z_Update_SIA.docx,Identification | Literature summary,"source_suffix=WIFS, 2019; title_normalized=singular_plural; source_suffix=WIFS, 2019",3,,,,no,no,yes,yes,yes,2,no,no,,covered_as_map_marker,covered_as_map_marker,no_action,title,Incremental learning for the detection and classification of GAN-generated images,,no,ambiguous exact title: Incremental learning for the detection and classification of GAN-generated images | Incremental learning for the detection and classification of GAN-generated images,,,,,Incremental learning for the detection and classification of GAN-generated images,2019,,0.000,,0.000,,0.000
Source Generator Attribution via Inversion,2019,source_attribution,Z_Update_SIA.docx,Identification | Literature summary,source_suffix=CVPR Workshops 2019,4,,,,no,no,yes,yes,yes,1,no,no,,covered_as_map_marker,covered_as_map_marker,no_action,title,Source Generator Attribution via Inversion,curated:fb05dfbc95518f6fb1db,no,ambiguous exact title: Source Generator Attribution via Inversion | Source Generator Attribution via Inversion,,,,,Source Generator Attribution via Inversion,2019,,0.000,,0.000,,0.000
Scalable fine-grained generated image classification based on deep metric learning,2019,source_attribution,Z_Update_SIA.docx,Identification | Literature summary,"source_suffix=arXiv, 2019",5,,,,no,no,yes,yes,yes,1,no,no,,covered_as_map_marker,covered_as_map_marker,no_action,title,Scalable Fine-Grained Generated Image Classification Based on Deep Metric Learning,,no,,,,,,Scalable fine-grained generated image classification based on deep metric learning,2019,,0.000,,0.000,,0.000
Leveraging Frequency Analysis for Deep Fake Image Recognition,2020,detection_and_source_attribution,Z_Update_SIA.docx | Z_Update_SID-2018-2025.docx,Identification | Detection,"source_suffix=ICML, 2020",6,10.48550/arxiv.2003.08685,2003.08685,https://openalex.org/W3012033723,no,no,yes,yes,yes,1,no,no,,covered_as_map_marker,covered_as_map_marker,no_action,doi,Leveraging Frequency Analysis for Deep Fake Image Recognition,curated:dcf7aae2c8590b07aff3,no,,,SAME_PAPER_METADATA_CONFLICT,https://proceedings.mlr.press/v119/frank20a.html; https://arxiv.org/abs/2003.08685,"ACM catalogue DOI 10.5555/3524938.3525242 and arXiv DOI name the same ICML 2020 work; PMLR confirms title and all six authors. Resolve checklist to the existing arXiv identity, preserving both source identifiers in this evidence record.",Leveraging Frequency Analysis for Deep Fake Image Recognition,2020,,0.000,,0.000,,0.000
Towards discovery and attribution of open-world gan generated images,2021,source_attribution,Z_Update_SIA.docx,Identification | Literature summary,source_suffix=ICCV 2021,7,,,,yes,yes,yes,yes,yes,1,no,no,,covered_as_map_marker,covered_as_map_marker,no_action,title,Towards Discovery and Attribution of Open-world GAN Generated Images,,no,,,,,,Towards discovery and attribution of open-world gan generated images,2021,,0.000,,0.000,,0.000
Does a GAN leave distinct model-specific fingerprints?,2021,source_attribution,Z_Update_SIA.docx,Identification | Literature summary,source_suffix=BMVC 2021,8,,,,no,no,yes,yes,yes,1,no,no,,covered_as_map_marker,covered_as_map_marker,no_action,title,Does a GAN Leave Distinct Model-Specific Fingerprints?,curated:07ee620b8169b67b900f,no,,,,,,Does a GAN leave distinct model-specific fingerprints?,2021,,0.000,,0.000,,0.000
On attribution of deepfakes,2021,source_attribution,Z_Update_SIA.docx,Identification | Literature summary,source_suffix=arXiv 20210303,9,,,,no,no,yes,yes,yes,3,no,no,,covered_as_map_marker,covered_as_map_marker,no_action,title,On Attribution of Deepfakes,curated:4b5ef3aeb56177a90939,no,,,,,,On attribution of deepfakes,2021,,0.000,,0.000,,0.000
Learning to disentangle gan fingerprint for fake image attribution,2021,source_attribution,Z_Update_SIA.docx,Identification,"source_suffix=arXiv, 20210616",10,,,,yes,yes,yes,yes,yes,3,no,no,,covered_as_map_marker,covered_as_map_marker,no_action,title,Learning to Disentangle GAN Fingerprint for Fake Image Attribution,,no,,,,,,Learning to disentangle gan fingerprint for fake image attribution,2021,,0.000,,0.000,,0.000
Deepfake Network Architecture Attribution,2022,source_attribution,Z_Update_SIA.docx,Identification | Literature summary,source_suffix=AAAI 2022,11,,,,yes,no,yes,yes,yes,3,no,no,,covered_as_map_marker,covered_as_map_marker,no_action,title,Deepfake Network Architecture Attribution,curated:3587b5b40ea4c5a8afa8,no,,,,,,Deepfake Network Architecture Attribution,2022,,0.000,,0.000,,0.000
RepMix: Representation Mixing for Robust Attribution of Synthesized Images,2022,source_attribution,Z_Update_SIA.docx,Identification | Literature summary,source_suffix=ECCV 2022,12,,,,yes,no,yes,yes,yes,3,no,no,,covered_as_map_marker,covered_as_map_marker,no_action,title,RepMix: Representation Mixing for Robust Attribution of Synthesized Images,curated:625ba11125534aedd39d,no,,,,,,RepMix: Representation Mixing for Robust Attribution of Synthesized Images,2022,,0.000,,0.000,,0.000
Did you use my GAN to generate fake? post-hoc attribution of GAN images via latent recovery,2022,source_attribution,Z_Update_SIA.docx,Identification | Literature summary,source_suffix=IJCNN 2022,13,10.1109/ijcnn55064.2022.9892704,,https://openalex.org/W4312387978,no,no,yes,yes,yes,2,no,no,,covered_as_map_marker,covered_as_map_marker,no_action,doi,Did You Use My GAN to Generate Fake? Post-Hoc Attribution of GAN Generated Images via Latent Recovery,curated:853c7e2ae5f343438dd5,no,,,SAME_PAPER_TITLE_VARIANT,https://api.crossref.org/works/10.1109/ijcnn55064.2022.9892704,"IJCNN DOI, authors and year confirm title wording variant (GAN images / GAN Generated Images).",Did You Use My GAN to Generate Fake? Post-Hoc Attribution of GAN Generated Images via Latent Recovery,2022,,0.000,,0.000,,0.000
DE-FAKE- Detection and Attribution of Fake Images Generated by Text-to-Image Generation Models,2023,detection_and_source_attribution,Z_Update_SIA.docx | Z_Update_SID-2018-2025.docx,Identification | Literature summary | Detection,"source_suffix=CCS, 2023",14,10.1145/3576915.3616588,,,yes,yes,yes,yes,yes,2,no,no,,covered_as_map_marker,covered_as_map_marker,no_action,doi,DE-FAKE: Detection and Attribution of Fake Images Generated by Text-to-Image Generation Models,,no,,,,,,DE-FAKE- Detection and Attribution of Fake Images Generated by Text-to-Image Generation Models,2023,,0.000,,0.000,,0.000
Progressive Open Space Expansion for Open-Set Model Attribution,2023,source_attribution,Z_Update_SIA.docx,Identification | Literature summary,source_suffix=CVPR 2023,15,,,,no,no,yes,yes,yes,3,no,no,,covered_as_map_marker,covered_as_map_marker,no_action,title,Progressive Open Space Expansion for Open-Set Model Attribution,curated:297bed46b62fdf89c9ab,no,,,,,,Progressive Open Space Expansion for Open-Set Model Attribution,2023,,0.000,,0.000,,0.000
Open Set Classification of GAN-based Image Manipulations via a ViT-based Hybrid Architecture,2023,source_attribution,Z_Update_SIA.docx,Identification | Literature summary,source_suffix=CVPR Workshops 2023,16,,,,no,no,yes,yes,yes,1,no,no,,covered_as_map_marker,covered_as_map_marker,no_action,title,Open Set Classification of GAN-Based Image Manipulations via a ViT-Based Hybrid Architecture,,no,,,,,,Open Set Classification of GAN-based Image Manipulations via a ViT-based Hybrid Architecture,2023,,0.000,,0.000,,0.000
Open Set Synthetic Image Source Attribution,2023,source_attribution,Z_Update_SIA.docx,Identification | Literature summary,source_suffix=BMVC 2023,17,,,,no,no,yes,yes,yes,1,no,no,,covered_as_map_marker,covered_as_map_marker,no_action,title,Open Set Synthetic Image Source Attribution,curated:5a91cc922c8a3c4c3d0c,no,,,,,,Open Set Synthetic Image Source Attribution,2023,,0.000,,0.000,,0.000
ManiFPT: Defining and Analyzing Fingerprints of Generative Models,2024,source_attribution,Z_Update_SIA.docx,Identification,"source_suffix=CVPR, 2024",18,,,,no,no,yes,yes,yes,3,no,no,,covered_as_map_marker,covered_as_map_marker,no_action,title,ManiFPT: Defining and Analyzing Fingerprints of Generative Models,curated:34fdf09ae334914a2723,no,,,,,,ManiFPT: Defining and Analyzing Fingerprints of Generative Models,2024,,0.000,,0.000,,0.000
Tiny Autoencoders are Effective Few-Shot Generative Model Detectors,2024,source_attribution,Z_Update_SIA.docx,Identification | Literature summary,"source_suffix=WIFS, 2024",19,,,,no,no,yes,yes,yes,1,no,no,,covered_as_map_marker,covered_as_map_marker,no_action,title,Tiny Autoencoders Are Effective Few-Shot Generative Model Detectors,curated:e058b4e851ac44180d82,no,,,,,,Tiny Autoencoders are Effective Few-Shot Generative Model Detectors,2024,,0.000,,0.000,,0.000
Are CLIP features all you need for Universal Synthetic Image Origin Attribution?,2024,source_attribution,Z_Update_SIA.docx,Identification,"source_suffix=ECCV Workshop, 2024",20,,,,no,no,yes,yes,yes,3,no,no,,covered_as_map_marker,covered_as_map_marker,no_action,title,Are CLIP Features All You Need for Universal Synthetic Image Origin Attribution?,curated:8bc69db49ef4b9db3cd6,no,,,,,,Are CLIP features all you need for Universal Synthetic Image Origin Attribution?,2024,,0.000,,0.000,,0.000
BOSC: A Backdoor-based Framework for Open Set Synthetic Image Attribution,2025,source_attribution,Z_Update_SIA.docx,Identification,"source_suffix=TIFS, 2025",21,,,,yes,yes,yes,yes,yes,1,no,no,,covered_as_map_marker,covered_as_map_marker,no_action,title,BOSC: A Backdoor-Based Framework for Open Set Synthetic Image Attribution,,no,,,,,,BOSC: A Backdoor-based Framework for Open Set Synthetic Image Attribution,2025,,0.000,,0.000,,0.000
Model Synthesis for Zero-Shot Model Attribution,2025,source_attribution,Z_Update_SIA.docx,Identification,"source_suffix=TMM, 2025",22,,,,no,no,yes,yes,yes,2,no,no,,covered_as_map_marker,covered_as_map_marker,no_action,title,Model Synthesis for Zero-Shot Model Attribution,curated:40ffd016e03ca4604fa8,no,,,,,,Model Synthesis for Zero-Shot Model Attribution,2025,,0.000,,0.000,,0.000
Detecting Origin Attribution for Text-to-Image Diffusion Models,2025,detection_and_source_attribution,Z_Update_SIA.docx,Identification | Literature summary,"source_suffix=WACV, 2025",23,,,,no,no,yes,yes,yes,2,no,no,,covered_as_map_marker,covered_as_map_marker,no_action,title,Detecting Origin Attribution for Text-to-Image Diffusion Models,curated:161b6d5ca391d238f7e9,no,,,,,,Detecting Origin Attribution for Text-to-Image Diffusion Models,2025,,0.000,,0.000,,0.000
Few-Shot Class-Incremental Model Attribution Using Learnable Representation From CLIP-ViT Features,2025,source_attribution,Z_Update_SIA.docx,Identification | Literature summary,"source_suffix=arXiv, 20250311; source_suffix=arXiv, 2025",24,,,,no,no,yes,yes,yes,1,no,no,,covered_as_map_marker,covered_as_map_marker,no_action,title,Few-Shot Class-Incremental Model Attribution Using Learnable Representation from CLIP-ViT Features,,no,,,,,,Few-Shot Class-Incremental Model Attribution Using Learnable Representation From CLIP-ViT Features,2025,,0.000,,0.000,,0.000
LoRAX: LoRA eXpandable Networks for Continual Synthetic Image Attribution,2025,source_attribution,Z_Update_SIA.docx,Identification | Literature summary,"source_suffix=arXiv, 20250410; source_suffix=arXiv, 2025",25,,,,no,no,yes,yes,yes,2,no,no,,covered_as_map_marker,covered_as_map_marker,no_action,title,LoRAX: LoRA eXpandable Networks for Continual Synthetic Image Attribution,,no,,,,,,LoRAX: LoRA eXpandable Networks for Continual Synthetic Image Attribution,2025,,0.000,,0.000,,0.000
"Detection, Attribution and Localization of GAN Generated Images",2021,detection_and_source_attribution,Z_Update_SIA.docx | Z_Update_SID-2018-2025.docx,To supplement | Detection,source_suffix=arXiv 2021,26,,,,no,no,yes,yes,yes,3,no,no,,covered_as_map_marker,covered_as_map_marker,no_action,title,"Detection, Attribution and Localization of GAN Generated Images",,no,"ambiguous exact title: Detection, Attribution and Localization of GAN Generated Images | Detection, Attribution and Localization of GAN Generated Images",,,,,"Detection, Attribution and Localization of GAN Generated Images",2021,,0.000,,0.000,,0.000
FIDAVL: Fake Image Detection and Attribution using Vision-Language Model,2024,detection_and_source_attribution,Z_Update_SIA.docx | Z_Update_SID-2018-2025.docx,To supplement | Detection,"source_suffix=ICPR, 2024",27,10.1007/978-3-031-78305-0_11,,,no,no,yes,yes,yes,3,no,no,,covered_as_map_marker,covered_as_map_marker,no_action,doi,FIDAVL: Fake Image Detection and Attribution Using Vision-Language Model,curated:ce200a9a7aa3dee36fc7,no,,,,,,FIDAVL: Fake Image Detection and Attribution using Vision-Language Model,2024,,0.000,,0.000,,0.000
Whodunit: Detection and Attribution of Synthetic Images by Leveraging Model-specific Fingerprints,2025,detection_and_source_attribution,Z_Update_SIA.docx,To supplement,,28,10.1145/3643491.3660280,,,yes,yes,yes,yes,yes,2,no,no,,covered_as_map_marker,covered_as_map_marker,no_action,doi,Whodunit: Detection and Attribution of Synthetic Images by Leveraging Model-specific Fingerprints,,no,,,,,,Whodunit: Detection and Attribution of Synthetic Images by Leveraging Model-specific Fingerprints,2025,,0.000,,0.000,,0.000
"Forensic Self-Descriptions Are All You Need for Zero-Shot Detection, Open-Set Source Attribution, and Clustering of AI-generated Images",2025,detection_and_source_attribution,Z_Update_SIA.docx | Z_Update_SID-2018-2025.docx,To supplement | Detection,"source_suffix=CVPR,2025",29,,,,yes,yes,yes,yes,yes,1,no,no,,covered_as_map_marker,covered_as_map_marker,no_action,title,"Forensic Self-Descriptions Are All You Need for Zero-Shot Detection, Open-Set Source Attribution, and Clustering of AI-generated Images",,no,,,,,,"Forensic Self-Descriptions Are All You Need for Zero-Shot Detection, Open-Set Source Attribution, and Clustering of AI-generated Images",2025,,0.000,,0.000,,0.000
ReTD: Reconstruction-Based Traceability Detection for Generated Images,2025,detection_and_source_attribution,Z_Update_SIA.docx | Z_Update_SID-2018-2025.docx,To supplement | Literature summary | Detection,"source_suffix=ICASSP, 2025",30,,,,no,no,yes,yes,yes,1,no,no,,covered_as_map_marker,covered_as_map_marker,no_action,title,ReTD: Reconstruction-Based Traceability Detection for Generated Images,curated:1ec62a78a4e0372bc0d9,no,,,,,,ReTD: Reconstruction-Based Traceability Detection for Generated Images,2025,,0.000,,0.000,,0.000
DeepGuard: Identification and Attribution of AI-Generated Synthetic Images,2025,detection_and_source_attribution,Z_Update_SIA.docx | Z_Update_SID-2018-2025.docx,To supplement | Detection,"source_suffix=Electronics, 2025",31,,,,yes,yes,yes,yes,yes,4,no,no,,covered_as_map_marker,covered_as_map_marker,no_action,title,DeepGuard: Identification and Attribution of AI-Generated Synthetic Images,,no,,,,,,DeepGuard: Identification and Attribution of AI-Generated Synthetic Images,2025,,0.000,,0.000,,0.000
Autonomous and Self-Adapting System for Synthetic Media Detection and Attribution,2025,detection_and_source_attribution,Z_Update_SIA.docx | Z_Update_SID-2018-2025.docx,To supplement | Detection,"source_suffix=arXiv, 20250404",32,,,,no,no,yes,yes,yes,1,no,no,,covered_as_map_marker,covered_as_map_marker,no_action,title,Autonomous and Self-Adapting System for Synthetic Media Detection and Attribution,curated:5f105b70c28ce5beeb0b,no,,,,,,Autonomous and Self-Adapting System for Synthetic Media Detection and Attribution,2025,,0.000,,0.000,,0.000
Where Did I Come From? Origin Attribution of AI-Generated Images,2023,source_attribution,Z_Update_SIA.docx,Verification | Literature summary,"source_suffix=NeurIPS, 2023",33,,,,yes,yes,yes,yes,yes,4,no,no,,covered_as_map_marker,covered_as_map_marker,no_action,title,Where Did I Come From? Origin Attribution of AI-Generated Images,,no,,,,,,Where Did I Come From? Origin Attribution of AI-Generated Images,2023,,0.000,,0.000,,0.000
Reverse engineering of generative models: Inferring model hyperparameters from generated images,2023,source_attribution,Z_Update_SIA.docx,Verification | Literature summary,source_suffix=IEEE TPAMI 2023,34,10.1109/tpami.2023.3301451,,https://openalex.org/W4385486282,yes,no,no,no,no,0,no,no,,excluded,excluded,no_action,,,,no,,"[{""created_at"": ""2026-07-01T07:37:06Z"", ""created_by"": ""local_admin"", ""doi"": ""10.1109/tpami.2023.3301451"", ""excluded_from_map"": ""true"", ""excluded_from_public_preview"": ""true"", ""exclusion_id"": ""exclusion-7e31577d29a2427bac4e8985f6286cf4"", ""is_active"": ""true"", ""metadata_source"": """", ""openalex_url"": ""https://openalex.org/W4385486282"", ""paper_id"": """", ""reason"": ""out_of_scope"", ""restore_note"": """", ""restored_at"": """", ""review_note"": ""ML"", ""source_database"": ""OpenAlex"", ""title"": ""Reverse Engineering of Generative Models: Inferring Model Hyperparameters From Generated Images"", ""year"": ""2023""}]",EXCLUDED_OUT_OF_SCOPE,https://arxiv.org/abs/2106.07873; https://doi.org/10.1109/TPAMI.2023.3301451,Existing local_admin out_of_scope exclusion (review note: ML) already applies to this TPAMI work. Scientific model-attribution relevance does not authorize silently undoing the recorded exclusion. Add checklist DOI to recognize the existing decision; retain registry unchanged.,Reverse Engineering of Generative Models: Inferring Model Hyperparameters From Generated Images,2023,,0.000,,0.000,,0.000
How to Trace Latent Generative Model Generated Images without Artificial Watermark?,2024,source_attribution,Z_Update_SIA.docx,Verification | Literature summary,"source_suffix=ICML, 2024",35,,,,no,no,yes,yes,yes,3,no,no,,covered_as_map_marker,covered_as_map_marker,no_action,title,How to Trace Latent Generative Model Generated Images Without Artificial Watermark?,curated:b65aca5f04f1f41ad725,no,,,,,,How to Trace Latent Generative Model Generated Images without Artificial Watermark?,2024,,0.000,,0.000,,0.000
Single-Model Attribution of Generative Models Through Final-Layer Inversion,2024,source_attribution,Z_Update_SIA.docx,Verification | Literature summary,"source_suffix=ICML, 2024",36,,,,no,no,yes,yes,yes,2,no,no,,covered_as_map_marker,covered_as_map_marker,no_action,title,Single-Model Attribution of Generative Models Through Final-Layer Inversion,curated:62b0a9ae8be24d9f02e0,no,,,,,,Single-Model Attribution of Generative Models Through Final-Layer Inversion,2024,,0.000,,0.000,,0.000
"Attributing and Detecting Fake Images Generated by Known GANs. SPW, 2020",2020,detection_and_source_attribution,Z_Update_SIA.docx,Verification | Literature summary,,37,10.1109/spw50608.2020.00019,,https://openalex.org/W3117441857,no,no,yes,yes,yes,1,no,no,,covered_as_map_marker,covered_as_map_marker,no_action,doi,Attributing and Detecting Fake Images Generated by Known GANs,curated:af47c4b83dfd43175a4a,no,,,SAME_PAPER_TITLE_VARIANT,https://conferences.computer.org/sp/pdfs/spw/2020/934600a008.pdf,"Official SPW paper confirms Joslin and Hao, title and DOI. Remove appended citation from checklist matching only.",Attributing and Detecting Fake Images Generated by Known GANs,2020,,0.000,,0.000,,0.000
Which Model Generated This Image? A Model-Agnostic Approach for Origin Attribution,2024,source_attribution,Z_Update_SIA.docx,Verification | Literature summary,"source_suffix=ECCV, 2024",38,,,,no,no,yes,yes,yes,2,no,no,,covered_as_map_marker,covered_as_map_marker,no_action,title,Which Model Generated This Image? A Model-Agnostic Approach for Origin Attribution,curated:98c0322e2f8dd41d3e9e,no,,,,,,Which Model Generated This Image? A Model-Agnostic Approach for Origin Attribution,2024,,0.000,,0.000,,0.000
A siamese-based verification system for open-set architecture attribution of synthetic images,2024,source_attribution,Z_Update_SIA.docx,Verification | Literature summary,"source_suffix=PRL, 2024",39,,,,no,yes,yes,yes,yes,1,no,no,,covered_as_map_marker,covered_as_map_marker,no_action,title,A Siamese-Based Verification System for Open-Set Architecture Attribution of Synthetic Images,curated:34d0af5286cad283526f,no,ambiguous exact title: A siamese-based verification system for open-set architecture attribution of synthetic images | A Siamese-based Verification System for Open-set Architecture Attribution of Synthetic Images,,,,,A siamese-based verification system for open-set architecture attribution of synthetic images,2024,,0.000,,0.000,,0.000
FreqCross: A Multi-Modal Frequency-Spatial Fusion Network for Robust Detection of Stable Diffusion 3.5 Generated Images. 20250708,2025,source_attribution,Z_Update_SIA.docx,Verification,source_suffix=arXiv,40,10.48550/arxiv.2507.02995,2507.02995,https://openalex.org/W4415162360,no,no,yes,yes,yes,1,no,no,,covered_as_map_marker,covered_as_map_marker,no_action,doi,FreqCross: A Multi-Modal Frequency-Spatial Fusion Network for Robust Detection of Stable Diffusion 3.5 Generated Images,curated:0849228c52c5759845c2,no,,,SAME_PAPER_TITLE_VARIANT,https://arxiv.org/abs/2507.02995,"arXiv identity and author confirm the title; checklist suffix 20250708 is a revision date, not part of title.",FreqCross: A Multi-Modal Frequency-Spatial Fusion Network for Robust Detection of Stable Diffusion 3.5 Generated Images,2025,,0.000,,0.000,,0.000
WILD: a new in-the-Wild Image Linkage Dataset for synthetic image attribution,2025,source_attribution,Z_Update_SIA.docx,Dataset,"auxiliary; dataset; source_suffix=IJCNN workshop, 2025",41,,,,yes,yes,yes,yes,yes,5,no,no,,covered_as_map_marker,covered_as_map_marker,no_action,title,WILD: A New In-the-Wild Image Linkage Dataset for Synthetic Image Attribution,curated:90ac5206f85eaebc7203,no,,,,,,WILD: a new in-the-Wild Image Linkage Dataset for synthetic image attribution,2025,,0.000,,0.000,,0.000
Deepfake attribution: On the source identification of artificially generated images,2021,source_attribution,Z_Update_SIA.docx,Literature summary,"title_normalized=venue_suffix_removed; source_suffix=WIRES, 2021",42,10.1002/widm.1438,,,yes,yes,yes,yes,yes,2,no,no,,covered_as_map_marker,covered_as_map_marker,no_action,doi,Deepfake attribution: On the source identification of artificially generated images,,no,,,,,,Deepfake attribution: On the source identification of artificially generated images,2021,,0.000,,0.000,,0.000
Detection of GAN-generated Fake Images over Social Networks,2018,detection,Z_Update_SID-2018-2025.docx,Detection,"source_suffix=MIPR, 2018",43,,,,yes,yes,yes,yes,yes,1,no,no,,covered_as_map_marker,covered_as_map_marker,no_action,title,Detection of GAN-Generated Fake Images over Social Networks,,no,,,,,,Detection of GAN-generated Fake Images over Social Networks,2018,,0.000,,0.000,,0.000
Incremental learning for the detection and classification of GAN-generated images,2019,detection,Z_Update_SID-2018-2025.docx,Detection,source_suffix=WIFS 2019,44,,,,no,no,yes,yes,yes,2,no,no,,covered_as_map_marker,covered_as_map_marker,no_action,title,Incremental learning for the detection and classification of GAN-generated images,,no,ambiguous exact title: Incremental learning for the detection and classification of GAN-generated images | Incremental learning for the detection and classification of GAN-generated images,,,,,Incremental learning for the detection and classification of GAN-generated images,2019,,0.000,,0.000,,0.000
Detecting and Simulating Artifacts in GAN Fake Images,2019,detection,Z_Update_SID-2018-2025.docx,Detection,source_suffix=WIFS 2019,45,,,,no,no,yes,yes,yes,1,no,no,,covered_as_map_marker,covered_as_map_marker,no_action,title,Detecting and Simulating Artifacts in GAN Fake Images,,no,,,,,,Detecting and Simulating Artifacts in GAN Fake Images,2019,,0.000,,0.000,,0.000
Detecting GAN generated Fake Images using Co-occurrence Matrices,2019,detection,Z_Update_SID-2018-2025.docx,Detection,"source_suffix=Electronic Imaging, 2019",46,,,,yes,yes,yes,yes,yes,4,no,no,,covered_as_map_marker,covered_as_map_marker,no_action,title,Detecting GAN Generated Fake Images Using Co-Occurrence Matrices,curated:60066ef08c2226131085,no,,,,,,Detecting GAN generated Fake Images using Co-occurrence Matrices,2019,,0.000,,0.000,,0.000
CNN-generated images are surprisingly easy to spot...for now,2020,detection,Z_Update_SID-2018-2025.docx,Detection,,47,,,,no,no,yes,yes,yes,3,no,no,,covered_as_map_marker,covered_as_map_marker,no_action,title,CNN-Generated Images Are Surprisingly Easy to Spot… for Now,curated:14ed0d4ac86e7938e5cb,no,,,,,,CNN-generated images are surprisingly easy to spot...for now,2020,,0.000,,0.000,,0.000
Watch your Up-Convolution: CNN Based Generative Deep Neural Networks are Failing to Reproduce Spectral Distributions,2020,detection,Z_Update_SID-2018-2025.docx,Detection,,48,,,,no,no,yes,yes,yes,4,no,no,,covered_as_map_marker,covered_as_map_marker,no_action,title,Watch Your Up-Convolution: CNN Based Generative Deep Neural Networks Are Failing to Reproduce Spectral Distributions,,no,,,,,,Watch your Up-Convolution: CNN Based Generative Deep Neural Networks are Failing to Reproduce Spectral Distributions,2020,,0.000,,0.000,,0.000
Fourier Spectrum Discrepancies in Deep Network Generated Images,2020,detection,Z_Update_SID-2018-2025.docx,Detection,,49,,,,no,no,yes,yes,yes,2,no,no,,covered_as_map_marker,covered_as_map_marker,no_action,title,Fourier Spectrum Discrepancies in Deep Network Generated Images,,no,,,,,,Fourier Spectrum Discrepancies in Deep Network Generated Images,2020,,0.000,,0.000,,0.000
T-GD: Transferable GAN-generated Images Detection Framework,2020,detection,Z_Update_SID-2018-2025.docx,Detection,source_suffix=ICML 2020,50,10.5555/3524938.3525379,,,no,no,yes,yes,yes,1,no,no,,covered_as_map_marker,covered_as_map_marker,no_action,doi,T-GD: Transferable GAN-Generated Images Detection Framework,curated:830febb52786dbaebbb5,no,"Conflicting identifiers for T-GD: Transferable GAN-generated Images Detection Framework: checklist={""doi"": [""10.5555/3524938.3525379""]}; source={""arxiv"": [""2008.04115""], ""doi"": [""10.48550/arxiv.2008.04115""], ""openalex"": [""w3034547531""]}",,,,,T-GD: Transferable GAN-generated Images Detection Framework,2020,,0.000,,0.000,,0.000
On the use of Benford’s law to detect GAN-generated images,2020,detection,Z_Update_SID-2018-2025.docx,Detection,,51,,,,yes,yes,yes,yes,yes,2,no,no,,covered_as_map_marker,covered_as_map_marker,no_action,title,On the use of Benford's law to detect GAN-generated images,,no,,,,,,On the use of Benford’s law to detect GAN-generated images,2020,,0.000,,0.000,,0.000
GAN-Generated Image Detection With Self-Attention Mechanism Against GAN Generator Defect,2020,detection,Z_Update_SID-2018-2025.docx,Detection,,52,,,,yes,yes,yes,yes,yes,1,no,no,,covered_as_map_marker,covered_as_map_marker,no_action,title,GAN-Generated Image Detection With Self-Attention Mechanism Against GAN Generator Defect,,no,,,,,,GAN-Generated Image Detection With Self-Attention Mechanism Against GAN Generator Defect,2020,,0.000,,0.000,,0.000
Beyond the Spectrum: Detecting Deepfakes via Re-Synthesis,2021,detection,Z_Update_SID-2018-2025.docx,Detection,"source_suffix=IJCAI, 2021",53,,,,no,no,yes,yes,yes,4,no,no,,covered_as_map_marker,covered_as_map_marker,no_action,title,Beyond the Spectrum: Detecting Deepfakes via Re-Synthesis,curated:551ca154b757ec651c0e,no,,,,,,Beyond the Spectrum: Detecting Deepfakes via Re-Synthesis,2021,,0.000,,0.000,,0.000
Detection of GAN-Generated Images by Estimating Artifact Similarity,2021,detection,Z_Update_SID-2018-2025.docx,Detection,,54,,,,yes,no,yes,yes,yes,2,no,no,,covered_as_map_marker,covered_as_map_marker,no_action,title,Detection of GAN-Generated Images by Estimating Artifact Similarity,,no,,,,,,Detection of GAN-Generated Images by Estimating Artifact Similarity,2021,,0.000,,0.000,,0.000
Detecting Generated Images by Real Images,2022,detection,Z_Update_SID-2018-2025.docx,Detection,"source_suffix=ECCV, 2022",55,10.1007/978-3-031-19781-9_6,,https://openalex.org/W4313189772,no,no,yes,yes,yes,1,no,no,,covered_as_map_marker,covered_as_map_marker,no_action,doi,Detecting Generated Images by Real Images,curated:2488ec329f6e0d99d28f,no,,,SAME_PAPER_METADATA_CONFLICT,https://api.crossref.org/works/10.1007/978-3-031-19781-9_6,"Checklist used the whole ECCV book PDF URL as DOI. Crossref confirms chapter DOI ending _6, title and six authors. Correct checklist identity only.",Detecting Generated Images by Real Images,2022,,0.000,,0.000,,0.000
FingerprintNet: Synthesized Fingerprints for Generated Image Detection,2022,detection,Z_Update_SID-2018-2025.docx,Detection,"source_suffix=ECCV, 2022",56,,,,yes,yes,yes,yes,yes,5,no,no,,covered_as_map_marker,covered_as_map_marker,no_action,title,FingerprintNet: Synthesized Fingerprints for Generated Image Detection,curated:1b08aef98983549221b1,no,,,,,,FingerprintNet: Synthesized Fingerprints for Generated Image Detection,2022,,0.000,,0.000,,0.000
Discovering Transferable Forensic Features for CNN-Generated Images Detection,2022,detection,Z_Update_SID-2018-2025.docx,Detection,source_suffix=ECCV 2022,57,10.1007/978-3-031-19784-0_39,,,yes,yes,yes,yes,yes,3,no,no,,covered_as_map_marker,covered_as_map_marker,no_action,doi,Discovering Transferable Forensic Features for CNN-Generated Images Detection,curated:a415ec5cd284c6887636,no,,,,,,Discovering Transferable Forensic Features for CNN-Generated Images Detection,2022,,0.000,,0.000,,0.000
BiHPF: bilateral high pass filters for robust deepfake detection,2022,detection,Z_Update_SID-2018-2025.docx,Detection,"source_suffix=WACV, 2022",58,,,,no,no,yes,yes,yes,3,no,no,,covered_as_map_marker,covered_as_map_marker,no_action,title,BiHPF: Bilateral High-Pass Filters for Robust Deepfake Detection,,no,,,,,,BiHPF: bilateral high pass filters for robust deepfake detection,2022,,0.000,,0.000,,0.000
Fusing Global and Local Features for Generalized AI-Synthesized Image Detection,2022,detection,Z_Update_SID-2018-2025.docx,Detection,source_suffix=ICIP 2022,59,,,,yes,yes,yes,yes,yes,2,no,no,,covered_as_map_marker,covered_as_map_marker,no_action,title,Fusing Global and Local Features for Generalized AI-Synthesized Image Detection,curated:f1787b6ea4e45ca58565,no,,,,,,Fusing Global and Local Features for Generalized AI-Synthesized Image Detection,2022,,0.000,,0.000,,0.000
GLFF: Global and Local Feature Fusion for AI-synthesized Image Detection,2023,detection,Z_Update_SID-2018-2025.docx,Detection,,60,,,,yes,yes,yes,yes,yes,3,no,no,,covered_as_map_marker,covered_as_map_marker,no_action,title,GLFF: Global and Local Feature Fusion for AI-Synthesized Image Detection,,no,,,,,,GLFF: Global and Local Feature Fusion for AI-synthesized Image Detection,2023,,0.000,,0.000,,0.000
Learning on Gradients: Generalized Artifacts Representation for GAN-Generated Images Detection,2023,detection,Z_Update_SID-2018-2025.docx,Detection,,61,,,,yes,yes,yes,yes,yes,3,no,no,,covered_as_map_marker,covered_as_map_marker,no_action,title,Learning on Gradients: Generalized Artifacts Representation for GAN-Generated Images Detection,,no,,,,,,Learning on Gradients: Generalized Artifacts Representation for GAN-Generated Images Detection,2023,,0.000,,0.000,,0.000
Towards Universal Fake Image Detectors that Generalize Across Generative Models,2023,detection,Z_Update_SID-2018-2025.docx,Detection,,62,,,,no,no,yes,yes,yes,1,no,no,,covered_as_map_marker,covered_as_map_marker,no_action,title,Towards Universal Fake Image Detectors That Generalize Across Generative Models,curated:1ef55e4fc03eb4880beb,no,,,,,,Towards Universal Fake Image Detectors that Generalize Across Generative Models,2023,,0.000,,0.000,,0.000
DIRE for Diffusion-Generated Image Detection,2023,detection,Z_Update_SID-2018-2025.docx,Detection,"source_suffix=ICCV, 2023",63,,,,no,yes,yes,yes,yes,4,no,no,,covered_as_map_marker,covered_as_map_marker,no_action,title,DIRE for Diffusion-Generated Image Detection,curated:5d3c6fda5b268e0153ec,no,ambiguous exact title: DIRE for Diffusion-Generated Image Detection | DIRE for Diffusion-Generated Image Detection,,,,,DIRE for Diffusion-Generated Image Detection,2023,,0.000,,0.000,,0.000
Detecting Images Generated by Deep Diffusion Models Using Their Local Intrinsic Dimensionality,2023,detection,Z_Update_SID-2018-2025.docx,Detection,,64,,,,no,no,yes,yes,yes,2,no,no,,covered_as_map_marker,covered_as_map_marker,no_action,title,Detecting Images Generated by Deep Diffusion Models Using Their Local Intrinsic Dimensionality,,no,,,,,,Detecting Images Generated by Deep Diffusion Models Using Their Local Intrinsic Dimensionality,2023,,0.000,,0.000,,0.000
Improving Synthetically Generated Image Detection in Cross-Concept Settings,2023,detection,Z_Update_SID-2018-2025.docx,Detection,"source_suffix=MAD Workshop, 2023",65,10.1145/3592572.3592846,,,yes,yes,yes,yes,yes,2,no,no,,covered_as_map_marker,covered_as_map_marker,no_action,doi,Improving Synthetically Generated Image Detection in Cross-Concept Settings,,no,,,,,,Improving Synthetically Generated Image Detection in Cross-Concept Settings,2023,,0.000,,0.000,,0.000
Exposing fake images generated by text-to-image diffusion models,2023,detection,Z_Update_SID-2018-2025.docx,Detection,,66,,,,no,no,yes,yes,yes,4,no,no,,covered_as_map_marker,covered_as_map_marker,no_action,title,Exposing Fake Images Generated by Text-to-Image Diffusion Models,,no,,,,,,Exposing fake images generated by text-to-image diffusion models,2023,,0.000,,0.000,,0.000
Synthbuster: Towards Detection of Diffusion Model Generated Images,2023,detection,Z_Update_SID-2018-2025.docx,Detection,,67,,,,yes,yes,yes,yes,yes,2,no,no,,covered_as_map_marker,covered_as_map_marker,no_action,title,Synthbuster: Towards Detection of Diffusion Model Generated Images,curated:aaf9b7c69d384a3c3140,no,,,,,,Synthbuster: Towards Detection of Diffusion Model Generated Images,2023,,0.000,,0.000,,0.000
AI-Generated Image Detection using a Cross-Attention Enhanced Dual-Stream Network,2023,detection,Z_Update_SID-2018-2025.docx,Detection,"title_normalized=venue_suffix_removed; source_suffix=APSIPA ASC, 2023",68,,,,no,yes,yes,yes,yes,1,no,no,,covered_as_map_marker,covered_as_map_marker,no_action,title,AI-Generated Image Detection using a Cross-Attention Enhanced Dual-Stream Network,,no,ambiguous exact title: AI-Generated Image Detection using a Cross-Attention Enhanced Dual-Stream Network | AI-Generated Image Detection using a Cross-Attention Enhanced Dual-Stream Network,,,,,AI-Generated Image Detection using a Cross-Attention Enhanced Dual-Stream Network,2023,,0.000,,0.000,,0.000
Generalizable Synthetic Image Detection via Language-guided Contrastive Learning,2023,detection,Z_Update_SID-2018-2025.docx,Detection,,69,,,,yes,yes,yes,yes,yes,3,no,no,,covered_as_map_marker,covered_as_map_marker,no_action,title,Generalizable Synthetic Image Detection via Language-Guided Contrastive Learning,curated:0fb6a9c0db904eae726d,no,,,,,,Generalizable Synthetic Image Detection via Language-guided Contrastive Learning,2023,,0.000,,0.000,,0.000
AntifakePrompt: Prompt-Tuned Vision-Language Models are Fake Image Detectors,2023,detection,Z_Update_SID-2018-2025.docx,Detection,,70,,,,no,no,yes,yes,yes,2,no,no,,covered_as_map_marker,covered_as_map_marker,no_action,title,AntifakePrompt: Prompt-Tuned Vision-Language Models Are Fake Image Detectors,curated:718ce9e82d185c331bdf,no,,,,,,AntifakePrompt: Prompt-Tuned Vision-Language Models are Fake Image Detectors,2023,,0.000,,0.000,,0.000
Diffusion Noise Feature: Accurate and Fast Generated Image Detection,2023,detection,Z_Update_SID-2018-2025.docx,Detection,source_suffix=arXiv 2023,71,,,,no,no,yes,yes,yes,1,no,no,,covered_as_map_marker,covered_as_map_marker,no_action,title,Diffusion Noise Feature: Accurate and Fast Generated Image Detection,,no,,,,,,Diffusion Noise Feature: Accurate and Fast Generated Image Detection,2023,,0.000,,0.000,,0.000
GenDet: Towards Good Generalizations for AI-Generated Image Detection,2023,detection,Z_Update_SID-2018-2025.docx,Detection,source_suffix=arXiv 2023,72,,,,yes,no,yes,yes,yes,1,no,no,,covered_as_map_marker,covered_as_map_marker,no_action,title,GenDet: Towards Good Generalizations for AI-Generated Image Detection,,no,,,,,,GenDet: Towards Good Generalizations for AI-Generated Image Detection,2023,,0.000,,0.000,,0.000
Detecting Generated Images by Real Images Only,2023,detection,Z_Update_SID-2018-2025.docx,Detection,source_suffix=arXiv 2023,73,,2311.00962,,no,no,yes,yes,yes,3,no,no,,covered_as_map_marker,covered_as_map_marker,no_action,arxiv,Detecting Generated Images by Real Images Only,curated:8aa00584c346440e0c41,no,,,MISSING_ADD,https://arxiv.org/abs/2311.00962; https://arxiv.org/html/2311.00962v1,"arXiv 2311.00962 explicitly describes an improvement over the ECCV 2022 work, with a different author list and a real-images-only detection method. Verified in scope and absent after immediate six-part deduplication; added needs_review under the resumed request.",Detecting Generated Images by Real Images Only,2023,,0.000,,0.000,,0.000
LaRE^2: Latent Reconstruction Error Based Method for Diffusion-Generated Image Detection,2024,detection,Z_Update_SID-2018-2025.docx,Detection,,74,10.1109/cvpr52733.2024.01609,2403.17465,https://openalex.org/W4402727598,yes,yes,yes,yes,yes,1,no,no,,covered_as_map_marker,covered_as_map_marker,no_action,doi,LaRE<sup>2</sup>: Latent Reconstruction Error Based Method for Diffusion-Generated Image Detection,,no,,,EXISTING_CURRENT_PAPER,https://openaccess.thecvf.com/content/CVPR2024/html/Luo_LaRE2_Latent_Reconstruction_Error_Based_Method_for_Diffusion-Generated_Image_Detection_CVPR_2024_paper.html,Official CVPR proceedings and four authors establish LaRE^2 and HTML-superscript LaRE2 as the same existing paper.,LaRE<sup>2</sup>: Latent Reconstruction Error Based Method for Diffusion-Generated Image Detection,2024,,0.000,,0.000,,0.000
"DistilDIRE: A Small, Fast, Cheap and Lightweight Diffusion Synthesized Deepfake Detection",2024,detection,Z_Update_SID-2018-2025.docx,Detection,,75,,,,no,no,yes,yes,yes,4,no,no,,covered_as_map_marker,covered_as_map_marker,no_action,title,"DistilDIRE: A Small, Fast, Cheap and Lightweight Diffusion Synthesized Deepfake Detection",curated:87ef976b546206fde199,no,,,,,,"DistilDIRE: A Small, Fast, Cheap and Lightweight Diffusion Synthesized Deepfake Detection",2024,,0.000,,0.000,,0.000
Rethinking the Up-Sampling Operations in CNN-based Generative Network for Generalizable Deepfake Detection,2024,detection,Z_Update_SID-2018-2025.docx,Detection,,76,,,,yes,yes,yes,yes,yes,3,no,no,,covered_as_map_marker,covered_as_map_marker,no_action,title,Rethinking the Up-Sampling Operations in CNN-Based Generative Network for Generalizable Deepfake Detection,,no,,,,,,Rethinking the Up-Sampling Operations in CNN-based Generative Network for Generalizable Deepfake Detection,2024,,0.000,,0.000,,0.000
Shadows Don't Lie and Lines Can't Bend! Generative Models don't know Projective Geometry...for now,2024,detection,Z_Update_SID-2018-2025.docx,Detection,,77,,,,no,no,yes,yes,yes,2,no,no,,covered_as_map_marker,covered_as_map_marker,no_action,title,Shadows Don't Lie and Lines Can't Bend! Generative Models Don't Know Projective Geometry…for Now,curated:b286f4a33839eed35258,no,,,,,,Shadows Don't Lie and Lines Can't Bend! Generative Models don't know Projective Geometry...for now,2024,,0.000,,0.000,,0.000
Forgery-aware Adaptive Transformer for Generalizable Synthetic Image Detection,2024,detection,Z_Update_SID-2018-2025.docx,Detection,,78,,,,yes,yes,yes,yes,yes,2,no,no,,covered_as_map_marker,covered_as_map_marker,no_action,title,Forgery-aware Adaptive Transformer for Generalizable Synthetic Image Detection,,no,,,,,,Forgery-aware Adaptive Transformer for Generalizable Synthetic Image Detection,2024,,0.000,,0.000,,0.000
FakeInversion: Learning to Detect Images from Unseen Text-to-Image Models by Inverting Stable Diffusion,2024,detection,Z_Update_SID-2018-2025.docx,Detection,,79,,,,no,no,yes,yes,yes,2,no,no,,covered_as_map_marker,covered_as_map_marker,no_action,title,FakeInversion: Learning to Detect Images from Unseen Text-to-Image Models by Inverting Stable Diffusion,curated:1eef07ebb6bd7e596f61,no,,,,,,FakeInversion: Learning to Detect Images from Unseen Text-to-Image Models by Inverting Stable Diffusion,2024,,0.000,,0.000,,0.000
AEROBLADE: Training-Free Detection of Latent Diffusion Images Using Autoencoder Reconstruction Error,2024,detection,Z_Update_SID-2018-2025.docx,Detection,,80,,,,no,no,yes,yes,yes,1,no,no,,covered_as_map_marker,covered_as_map_marker,no_action,title,AEROBLADE: Training-Free Detection of Latent Diffusion Images Using Autoencoder Reconstruction Error,curated:a0abee05e50398d03f2f,no,,,,,,AEROBLADE: Training-Free Detection of Latent Diffusion Images Using Autoencoder Reconstruction Error,2024,,0.000,,0.000,,0.000
Raising the Bar of AI-generated Image Detection with CLIP,2024,detection,Z_Update_SID-2018-2025.docx,Detection,,81,,,,no,yes,yes,yes,yes,2,no,no,,covered_as_map_marker,covered_as_map_marker,no_action,title,Raising the Bar of AI-generated Image Detection with CLIP,,no,ambiguous exact title: Raising the Bar of AI-generated Image Detection with CLIP | Raising the Bar of AI-generated Image Detection with CLIP,,,,,Raising the Bar of AI-generated Image Detection with CLIP,2024,,0.000,,0.000,,0.000
MaskSim: Detection of synthetic images by masked spectrum similarity analysis,2024,detection,Z_Update_SID-2018-2025.docx,Detection,,82,,,,no,no,yes,yes,yes,3,no,no,,covered_as_map_marker,covered_as_map_marker,no_action,title,MaskSim: Detection of Synthetic Images by Masked Spectrum Similarity Analysis,curated:f523af1f7fe7b16fda75,no,,,,,,MaskSim: Detection of synthetic images by masked spectrum similarity analysis,2024,,0.000,,0.000,,0.000
Faster Than Lies: Real-time Deepfake Detection using Binary Neural Networks,2024,detection,Z_Update_SID-2018-2025.docx,Detection,,83,,,,no,no,yes,yes,yes,1,no,no,,covered_as_map_marker,covered_as_map_marker,no_action,title,Faster Than Lies: Real-Time Deepfake Detection Using Binary Neural Networks,curated:25c76f83f95efc6207a4,no,,,,,,Faster Than Lies: Real-time Deepfake Detection using Binary Neural Networks,2024,,0.000,,0.000,,0.000
Frequency-Aware Deepfake Detection: Improving Generalizability through Frequency Space Domain Learning,2024,detection,Z_Update_SID-2018-2025.docx,Detection,"source_suffix=AAAI, 2024; source_alias=(FreqNet)",84,,2403.07240,,no,no,yes,yes,yes,3,no,no,,covered_as_map_marker,covered_as_map_marker,no_action,title,Frequency-Aware Deepfake Detection: Improving Generalizability Through Frequency Space Domain Learning,curated:f7cba2387b8a4131cc7b,no,,,,,,Frequency-Aware Deepfake Detection: Improving Generalizability through Frequency Space Domain Learning,2024,,0.000,,0.000,,0.000
DRCT: Diffusion Reconstruction Contrastive Training towards Universal Detection of Diffusion Generated Images,2024,detection,Z_Update_SID-2018-2025.docx,Detection,source_suffix=ICML 2024,85,,,,no,no,yes,yes,yes,2,no,no,,covered_as_map_marker,covered_as_map_marker,no_action,title,DRCT: Diffusion Reconstruction Contrastive Training Towards Universal Detection of Diffusion Generated Images,curated:3c8696103d9d5e608281,no,,,,,,DRCT: Diffusion Reconstruction Contrastive Training towards Universal Detection of Diffusion Generated Images,2024,,0.000,,0.000,,0.000
Exposing the Fake: Effective Diffusion-Generated Images Detection,2024,detection,Z_Update_SID-2018-2025.docx,Detection,title_normalized=method_acronym_removed; method_alias=SeDID,86,,,,yes,yes,yes,yes,yes,2,no,no,,covered_as_map_marker,covered_as_map_marker,no_action,title,Exposing the Fake: Effective Diffusion-Generated Images Detection,curated:de711d9d87b55d210bd6,no,,,,,,Exposing the Fake: Effective Diffusion-Generated Images Detection,2024,,0.000,,0.000,,0.000
Zero-Shot Detection of AI-Generated Images,2024,detection,Z_Update_SID-2018-2025.docx,Detection,"source_suffix=ECCV, 2024; source_alias=(ZED)",87,10.1007/978-3-031-72649-1_4,,,yes,yes,yes,yes,yes,2,no,no,,covered_as_map_marker,covered_as_map_marker,no_action,doi,Zero-Shot Detection of AI-Generated Images,curated:b4ea75d79604aba80b50,no,,,,,,Zero-Shot Detection of AI-Generated Images,2024,,0.000,,0.000,,0.000
Leveraging Representations from Intermediate Encoder-Blocks for Synthetic Image Detection,2024,detection,Z_Update_SID-2018-2025.docx,Detection,"source_suffix=ECCV, 2024; source_alias=(RINE)",88,,,,yes,yes,yes,yes,yes,1,no,no,,covered_as_map_marker,covered_as_map_marker,no_action,title,Leveraging Representations from Intermediate Encoder-Blocks for Synthetic Image Detection,curated:f4dc0d6926d1f0237453,no,,,,,,Leveraging Representations from Intermediate Encoder-Blocks for Synthetic Image Detection,2024,,0.000,,0.000,,0.000
Contrasting Deepfakes Diffusion via Contrastive Learning and Global-Local Similarities,2024,detection,Z_Update_SID-2018-2025.docx,Detection | Dataset,source_suffix=ECCV 2024; auxiliary; dataset,89,,,,no,no,yes,yes,yes,3,no,no,,covered_as_map_marker,covered_as_map_marker,no_action,title,Contrasting Deepfakes Diffusion via Contrastive Learning and Global-Local Similarities,curated:096573f365e37679c445,no,,,,,,Contrasting Deepfakes Diffusion via Contrastive Learning and Global-Local Similarities,2024,,0.000,,0.000,,0.000
Evolution of Detection Performance throughout the Online Lifespan of Synthetic Images,2024,detection,Z_Update_SID-2018-2025.docx,Detection,"source_suffix=ECCV Workshops, 2024",90,,,,no,no,yes,yes,yes,6,no,no,,covered_as_map_marker,covered_as_map_marker,no_action,title,Evolution of Detection Performance Throughout the Online Lifespan of Synthetic Images,curated:3312da81174f7d411081,no,,,,,,Evolution of Detection Performance throughout the Online Lifespan of Synthetic Images,2024,,0.000,,0.000,,0.000
Your diffusion model is an implicit synthetic image detector,2024,detection,Z_Update_SID-2018-2025.docx,Detection,"source_suffix=ECCV, 2024",91,,,,no,no,yes,yes,yes,1,no,no,,covered_as_map_marker,covered_as_map_marker,no_action,title,Your Diffusion Model Is an Implicit Synthetic Image Detector,curated:a6f370defb21b2e07381,no,,,,,,Your diffusion model is an implicit synthetic image detector,2024,,0.000,,0.000,,0.000
ZeroFake: Zero-Shot Detection of Fake Images Generated and Edited by Text-to-Image Generation Models,2024,detection,Z_Update_SID-2018-2025.docx,Detection,source_suffix=CCS 2024,92,,,,no,no,yes,yes,yes,1,no,no,,covered_as_map_marker,covered_as_map_marker,no_action,title,ZeroFake: Zero-Shot Detection of Fake Images Generated and Edited by Text-to-Image Generation Models,curated:a87d86d7032f5a751004,no,,,,,,ZeroFake: Zero-Shot Detection of Fake Images Generated and Edited by Text-to-Image Generation Models,2024,,0.000,,0.000,,0.000
Breaking Semantic Artifacts for Generalized AI-generated Image Detection,2024,detection,Z_Update_SID-2018-2025.docx,Detection,"source_suffix=NeurIPS, 2024",93,,,,yes,yes,yes,yes,yes,1,no,no,,covered_as_map_marker,covered_as_map_marker,no_action,title,Breaking Semantic Artifacts for Generalized AI-generated Image Detection,,no,,,,,,Breaking Semantic Artifacts for Generalized AI-generated Image Detection,2024,,0.000,,0.000,,0.000
Detecting Image Attribution for Text-to-Image Diffusion Models in RGB and Beyond,2024,detection_and_source_attribution,Z_Update_SID-2018-2025.docx,Detection,,94,10.1109/wacv61041.2025.00850,2403.19653,https://openalex.org/W4409262697,no,no,yes,yes,yes,2,no,no,,covered_as_map_marker,covered_as_map_marker,no_action,doi,Detecting Origin Attribution for Text-to-Image Diffusion Models,curated:161b6d5ca391d238f7e9,no,,,EXISTING_CURRENT,https://github.com/k8xu/ImageAttribution; https://arxiv.org/abs/2403.19653,"Official author repository links the earlier Image Attribution title to arXiv 2403.19653; WACV DOI and Xu, Zhang, Shi identify the existing Origin Attribution publication.",Detecting Origin Attribution for Text-to-Image Diffusion Models,2025,,0.000,,0.000,,0.000
SemGIR: Semantic-Guided Image Regeneration Based Method for AI-generated Image Detection and Attribution,2024,detection_and_source_attribution,Z_Update_SID-2018-2025.docx,Detection,"title_normalized=venue_suffix_removed; source_suffix=ACM Multimedia, 2024",95,10.1145/3664647.3680776,,,yes,yes,yes,yes,yes,2,no,no,,covered_as_map_marker,covered_as_map_marker,no_action,doi,SemGIR: Semantic-Guided Image Regeneration Based Method for AI-generated Image Detection and Attribution,,no,,,,,,SemGIR: Semantic-Guided Image Regeneration Based Method for AI-generated Image Detection and Attribution,2024,,0.000,,0.000,,0.000
Deep Image Fingerprint: Towards Low Budget Synthetic Image Detection and Model Lineage Analysis,2024,detection,Z_Update_SID-2018-2025.docx,Detection,"source_suffix=WACV, 2024",96,,,,yes,yes,yes,yes,yes,1,no,no,,covered_as_map_marker,covered_as_map_marker,no_action,title,Deep Image Fingerprint: Towards Low Budget Synthetic Image Detection and Model Lineage Analysis,curated:04932cb03f767948ddf4,no,,,,,,Deep Image Fingerprint: Towards Low Budget Synthetic Image Detection and Model Lineage Analysis,2024,,0.000,,0.000,,0.000
D4: Detection of Adversarial Diffusion Deepfakes Using Disjoint Ensembles,2024,detection,Z_Update_SID-2018-2025.docx,Detection,"source_suffix=WACV, 2024",97,,,,no,no,yes,yes,yes,2,no,no,,covered_as_map_marker,covered_as_map_marker,no_action,title,D4: Detection of Adversarial Diffusion Deepfakes Using Disjoint Ensembles,curated:d740749676417c725798,no,,,,,,D4: Detection of Adversarial Diffusion Deepfakes Using Disjoint Ensembles,2024,,0.000,,0.000,,0.000
Exploring the Adversarial Robustness of CLIP for AI-generated Image Detection,2024,detection,Z_Update_SID-2018-2025.docx,Detection,"source_suffix=WIFS, 2024",98,,,,no,yes,yes,yes,yes,1,no,no,,covered_as_map_marker,covered_as_map_marker,no_action,title,Exploring the Adversarial Robustness of CLIP for AI-generated Image Detection,,no,ambiguous exact title: Exploring the Adversarial Robustness of CLIP for AI-generated Image Detection | Exploring the Adversarial Robustness of CLIP for AI-generated Image Detection,,,,,Exploring the Adversarial Robustness of CLIP for AI-generated Image Detection,2024,,0.000,,0.000,,0.000
CLIPping the Deception: Adapting Vision-Language Models for Universal Deepfake Detection,2024,detection,Z_Update_SID-2018-2025.docx,Detection,,99,,,,no,no,yes,yes,yes,1,no,no,,covered_as_map_marker,covered_as_map_marker,no_action,title,CLIPping the Deception: Adapting Vision-Language Models for Universal Deepfake Detection,curated:253c210194ac9348f9e6,no,,,,,,CLIPping the Deception: Adapting Vision-Language Models for Universal Deepfake Detection,2024,,0.000,,0.000,,0.000
Frequency Masking for Universal Deepfake Detection,2024,detection,Z_Update_SID-2018-2025.docx,Detection,,100,,,,no,no,yes,yes,yes,1,no,no,,covered_as_map_marker,covered_as_map_marker,no_action,title,Frequency Masking for Universal Deepfake Detection,curated:c9485f4d5346304272f2,no,,,,,,Frequency Masking for Universal Deepfake Detection,2024,,0.000,,0.000,,0.000
X-Transfer: A Transfer Learning-Based Framework for GAN-Generated Fake Image Detection,2024,detection,Z_Update_SID-2018-2025.docx,Detection,"source_suffix=IJCNN, 2024; title_normalized=canonical_openalex_title; original_had_robust",101,,,,no,yes,yes,yes,yes,5,no,no,,covered_as_map_marker,covered_as_map_marker,no_action,title,X-Transfer: A Transfer Learning-Based Framework for GAN-Generated Fake Image Detection,,no,ambiguous exact title: X-Transfer: A Transfer Learning-Based Framework for GAN-Generated Fake Image Detection | X-Transfer: A Transfer Learning-Based Framework for GAN-Generated Fake Image Detection,,,,,X-Transfer: A Transfer Learning-Based Framework for GAN-Generated Fake Image Detection,2024,,0.000,,0.000,,0.000
On the Exploitation of DCT-Traces in the Generative-AI Domain,2024,detection,Z_Update_SID-2018-2025.docx,Detection,,102,,,,no,no,yes,yes,yes,1,no,no,,covered_as_map_marker,covered_as_map_marker,no_action,title,On the Exploitation of DCT-Traces in the Generative-AI Domain,curated:8603d8942c241dd876ed,no,,,,,,On the Exploitation of DCT-Traces in the Generative-AI Domain,2024,,0.000,,0.000,,0.000
AI-Generated Image Detection with Wasserstein Distance Compression and Dynamic Aggregation,2024,detection,Z_Update_SID-2018-2025.docx,Detection,,103,,,,yes,yes,yes,yes,yes,1,no,no,,covered_as_map_marker,covered_as_map_marker,no_action,title,AI-Generated Image Detection With Wasserstein Distance Compression and Dynamic Aggregation,,no,,,,,,AI-Generated Image Detection with Wasserstein Distance Compression and Dynamic Aggregation,2024,,0.000,,0.000,,0.000
FAMSeC: A Few-shot-sample-based General AI-generated Image Detection Method,2024,detection,Z_Update_SID-2018-2025.docx,Detection,"source_suffix=SPL, 2024",104,,,,yes,yes,yes,yes,yes,3,no,no,,covered_as_map_marker,covered_as_map_marker,no_action,title,FAMSeC: A Few-Shot-Sample-Based General AI-Generated Image Detection Method,,no,,,,,,FAMSeC: A Few-shot-sample-based General AI-generated Image Detection Method,2024,,0.000,,0.000,,0.000
Detecting Computer-Generated Images by Using Only Real Images,2024,detection,Z_Update_SID-2018-2025.docx,Detection,,105,,,,no,no,yes,yes,yes,3,no,no,,covered_as_map_marker,covered_as_map_marker,no_action,title,Detecting Computer-Generated Images by Using Only Real Images,curated:3864d12fe8df7b9cb19c,no,,,,,,Detecting Computer-Generated Images by Using Only Real Images,2024,,0.000,,0.000,,0.000
Artifact Feature Purification for Cross-domain Detection of AI-generated Images,2024,detection,Z_Update_SID-2018-2025.docx,Detection,,106,,,,yes,yes,yes,yes,yes,3,no,no,,covered_as_map_marker,covered_as_map_marker,no_action,title,Artifact feature purification for cross-domain detection of AI-generated images,,no,,,,,,Artifact Feature Purification for Cross-domain Detection of AI-generated Images,2024,,0.000,,0.000,,0.000
Harnessing the Power of Large Vision Language Models for Synthetic Image Detection,2024,detection,Z_Update_SID-2018-2025.docx,Detection,,107,,,,no,no,yes,yes,yes,3,no,no,,covered_as_map_marker,covered_as_map_marker,no_action,title,Harnessing the Power of Large Vision Language Models for Synthetic Image Detection,,no,,,,,,Harnessing the Power of Large Vision Language Models for Synthetic Image Detection,2024,,0.000,,0.000,,0.000
Parents and Children: Distinguishing Multimodal Deepfakes from Natural Images,2024,detection,Z_Update_SID-2018-2025.docx,Detection | Dataset,source_suffix=TOMM. 2024; auxiliary; dataset,108,10.1145/3665497,,,no,no,yes,yes,yes,4,no,no,,covered_as_map_marker,covered_as_map_marker,no_action,doi,Parents and Children: Distinguishing Multimodal Deepfakes from Natural Images,curated:c3041d4480f5780e7492,no,,,,,,Parents and Children: Distinguishing Multimodal Deepfakes from Natural Images,2024,,0.000,,0.000,,0.000
Mastering Deepfake Detection: A Cutting-edge Approach to Distinguish GAN and Diffusion-model Images,2024,detection,Z_Update_SID-2018-2025.docx,Detection,source_suffix=TOMM. 2024,109,10.1145/3652027,,,yes,yes,yes,yes,yes,2,no,no,,covered_as_map_marker,covered_as_map_marker,no_action,doi,Mastering Deepfake Detection: A Cutting-edge Approach to Distinguish GAN and Diffusion-model Images,,no,,,,,,Mastering Deepfake Detection: A Cutting-edge Approach to Distinguish GAN and Diffusion-model Images,2024,,0.000,,0.000,,0.000
Unsupervised Generative Fake Image Detector,2024,detection,Z_Update_SID-2018-2025.docx,Detection,"source_suffix=TCSVT, 2024",110,,,,no,no,yes,yes,yes,2,no,no,,covered_as_map_marker,covered_as_map_marker,no_action,title,Unsupervised Generative Fake Image Detector,,no,,,,,,Unsupervised Generative Fake Image Detector,2024,,0.000,,0.000,,0.000
CSC-Net: Cross-Color Spatial Co-Occurrence Matrix Network for Detecting Synthesized Fake Images,2024,detection,Z_Update_SID-2018-2025.docx,Detection,,111,,,,no,no,yes,yes,yes,5,no,no,,covered_as_map_marker,covered_as_map_marker,no_action,title,CSC-Net: Cross-Color Spatial Co-Occurrence Matrix Network for Detecting Synthesized Fake Images,,no,,,,,,CSC-Net: Cross-Color Spatial Co-Occurrence Matrix Network for Detecting Synthesized Fake Images,2024,,0.000,,0.000,,0.000
CIFAKE: Image Classification and Explainable Identification of AI-Generated Synthetic Images,2024,detection,Z_Update_SID-2018-2025.docx,Detection,,112,,,,yes,no,yes,yes,yes,1,no,no,,covered_as_map_marker,covered_as_map_marker,no_action,title,CIFAKE: Image Classification and Explainable Identification of AI-Generated Synthetic Images,curated:b698cb82df706d1a8c95,no,,,,,,CIFAKE: Image Classification and Explainable Identification of AI-Generated Synthetic Images,2024,,0.000,,0.000,,0.000
Advanced Detection of AI-Generated Images Through Vision Transformers,2024,detection,Z_Update_SID-2018-2025.docx,Detection,"source_suffix=IEEE Access, 2024",113,,,,yes,no,yes,yes,yes,1,no,no,,covered_as_map_marker,covered_as_map_marker,no_action,title,Advanced Detection of AI-Generated Images Through Vision Transformers,,no,,,,,,Advanced Detection of AI-Generated Images Through Vision Transformers,2024,,0.000,,0.000,,0.000
MMGANGuard: A Robust Approach for Detecting Fake Images Generated by GANs Using Multi-Model Techniques,2024,detection,Z_Update_SID-2018-2025.docx,Detection,"source_suffix=IEEE Access, 2024",114,,,,no,no,yes,yes,yes,2,no,no,,covered_as_map_marker,covered_as_map_marker,no_action,title,MMGANGuard: A Robust Approach for Detecting Fake Images Generated by GANs Using Multi-Model Techniques,,no,,,,,,MMGANGuard: A Robust Approach for Detecting Fake Images Generated by GANs Using Multi-Model Techniques,2024,,0.000,,0.000,,0.000
Enhancing Interpretability in AI-Generated Image Detection with Genetic Programming,2024,detection,Z_Update_SID-2018-2025.docx,Detection,,115,,,,yes,yes,yes,yes,yes,2,no,no,,covered_as_map_marker,covered_as_map_marker,no_action,title,Enhancing Interpretability in AI-Generated Image Detection with Genetic Programming,,no,,,,,,Enhancing Interpretability in AI-Generated Image Detection with Genetic Programming,2024,,0.000,,0.000,,0.000
MDTL-NET: Computer-generated image detection based on multi-scale deep texture learning,2024,detection,Z_Update_SID-2018-2025.docx,Detection,,116,,,,no,no,yes,yes,yes,3,no,no,,covered_as_map_marker,covered_as_map_marker,no_action,title,MDTL-NET: Computer-Generated Image Detection Based on Multi-Scale Deep Texture Learning,,no,,,,,,MDTL-NET: Computer-generated image detection based on multi-scale deep texture learning,2024,,0.000,,0.000,,0.000
Did You Note My Palette? Unveiling Synthetic Images Through Color Statistics,2024,detection,Z_Update_SID-2018-2025.docx,Detection,,117,10.1145/3658664.3659652,,,no,no,yes,yes,yes,2,no,no,,covered_as_map_marker,covered_as_map_marker,no_action,doi,Did You Note My Palette? Unveiling Synthetic Images Through Color Statistics,curated:19c7b91816312d2877c9,no,,,,,,Did You Note My Palette? Unveiling Synthetic Images Through Color Statistics,2024,,0.000,,0.000,,0.000
Whodunit: Detection and Attribution of Synthetic Images by Leveraging Model-specific Fingerprints,2024,detection_and_source_attribution,Z_Update_SID-2018-2025.docx,Detection,,118,10.1145/3643491.3660280,,,yes,yes,yes,yes,yes,2,no,no,,covered_as_map_marker,covered_as_map_marker,no_action,doi,Whodunit: Detection and Attribution of Synthetic Images by Leveraging Model-specific Fingerprints,,no,,,,,,Whodunit: Detection and Attribution of Synthetic Images by Leveraging Model-specific Fingerprints,2024,,0.000,,0.000,,0.000
Enhancing the Generalization of Synthetic Image Detection Models through the Exploration of Features in Deep Detection Models,2024,detection,Z_Update_SID-2018-2025.docx,Detection,,119,,,,no,no,yes,yes,yes,2,no,no,,covered_as_map_marker,covered_as_map_marker,no_action,title,Enhancing the Generalization of Synthetic Image Detection Models Through the Exploration of Features in Deep Detection Models,,no,,,,,,Enhancing the Generalization of Synthetic Image Detection Models through the Exploration of Features in Deep Detection Models,2024,,0.000,,0.000,,0.000
"Fake-GPT: Detecting Fake Image via Large Language Model. PRCV, 2024",2024,detection,Z_Update_SID-2018-2025.docx,Detection,,120,10.1007/978-981-97-8685-5_9,,,no,no,yes,yes,yes,4,no,no,,covered_as_map_marker,covered_as_map_marker,no_action,doi,Fake-GPT: Detecting Fake Image via Large Language Model,curated:40db3b79c5d83b80e5a4,no,,,,,,"Fake-GPT: Detecting Fake Image via Large Language Model. PRCV, 2024",2024,,0.000,,0.000,,0.000
A guided-based approach for deepfake detection: RGB-depth integration via features fusion,2024,detection,Z_Update_SID-2018-2025.docx,Detection,,121,,,,no,no,yes,yes,yes,1,no,no,,covered_as_map_marker,covered_as_map_marker,no_action,title,A Guided-Based Approach for Deepfake Detection: RGB-Depth Integration via Features Fusion,,no,,,,,,A guided-based approach for deepfake detection: RGB-depth integration via features fusion,2024,,0.000,,0.000,,0.000
Addressing Diffusion Model Based Counter-Forensic Image Manipulation for Synthetic Image Detection,2024,detection,Z_Update_SID-2018-2025.docx,Detection,,122,10.1145/3702250.3702296,,,no,no,yes,yes,yes,2,no,no,,covered_as_map_marker,covered_as_map_marker,no_action,doi,Addressing Diffusion Model Based Counter-Forensic Image Manipulation for Synthetic Image Detection,curated:4a837e09b6b57f6f6d47,no,,,,,,Addressing Diffusion Model Based Counter-Forensic Image Manipulation for Synthetic Image Detection,2024,,0.000,,0.000,,0.000
"Detecting Artificial Intelligence-Generated images via deep trace representations and interactive feature fusion Image Fusion, 2024",2024,detection,Z_Update_SID-2018-2025.docx,Detection,,123,10.1016/j.inffus.2024.102578,,https://openalex.org/W4400616829,no,no,yes,yes,yes,3,no,no,,covered_as_map_marker,covered_as_map_marker,no_action,doi,Detecting Artificial Intelligence-Generated Images via Deep Trace Representations and Interactive Feature Fusion,,no,,,SAME_PAPER_TITLE_VARIANT,https://api.crossref.org/works/10.1016/j.inffus.2024.102578,Crossref DOI and six authors confirm the same Information Fusion paper; appended venue/year caused mismatch.,Detecting Artificial Intelligence-Generated Images via Deep Trace Representations and Interactive Feature Fusion,2024,,0.000,,0.000,,0.000
Detecting AI Generated Images Through Texture and Frequency Analysis of Patches,2024,detection,Z_Update_SID-2018-2025.docx,Detection,"title_normalized=venue_suffix_removed; source_suffix=AIVRV, 2024",124,,,,yes,yes,yes,yes,yes,2,no,no,,covered_as_map_marker,covered_as_map_marker,no_action,title,Detecting AI Generated Images Through Texture and Frequency Analysis of Patches,,no,,,,,,Detecting AI Generated Images Through Texture and Frequency Analysis of Patches,2024,,0.000,,0.000,,0.000
IPD-Net: Detecting AI-Generated Images via Inter-Patch Dependencies,2024,detection,Z_Update_SID-2018-2025.docx,Detection,"title_normalized=venue_suffix_removed; source_suffix=IJACSA, 2024",125,,,,yes,yes,yes,yes,yes,2,no,no,,covered_as_map_marker,covered_as_map_marker,no_action,title,IPD-Net: Detecting AI-Generated Images via Inter-Patch Dependencies,,no,,,,,,IPD-Net: Detecting AI-Generated Images via Inter-Patch Dependencies,2024,,0.000,,0.000,,0.000
A Single Simple Patch is All You Need for AI-generated Image Detection,2024,detection,Z_Update_SID-2018-2025.docx,Detection,,126,,,,yes,yes,yes,yes,yes,2,no,no,,covered_as_map_marker,covered_as_map_marker,no_action,title,A Single Simple Patch is All You Need for AI-generated Image Detection,,no,,,,,,A Single Simple Patch is All You Need for AI-generated Image Detection,2024,,0.000,,0.000,,0.000
PatchCraft: Exploring Texture Patch for Efficient AI-generated Image Detection,2024,detection,Z_Update_SID-2018-2025.docx,Detection,,127,,,,yes,yes,yes,yes,yes,1,no,no,,covered_as_map_marker,covered_as_map_marker,no_action,title,PatchCraft: Exploring Texture Patch for Efficient AI-Generated Image Detection,curated:9d04c60c5b0b70859a63,no,,,,,,PatchCraft: Exploring Texture Patch for Efficient AI-generated Image Detection,2024,,0.000,,0.000,,0.000
Data-Independent Operator: A Training-Free Artifact Representation Extractor for Generalizable Deepfake Detection,2024,detection,Z_Update_SID-2018-2025.docx,Detection,,128,,,,no,no,yes,yes,yes,3,no,no,,covered_as_map_marker,covered_as_map_marker,no_action,title,Data-Independent Operator: A Training-Free Artifact Representation Extractor for Generalizable Deepfake Detection,,no,,,,,,Data-Independent Operator: A Training-Free Artifact Representation Extractor for Generalizable Deepfake Detection,2024,,0.000,,0.000,,0.000
Deepfake Detection without Deepfakes: Generalization via Synthetic Frequency Patterns Injection,2024,detection,Z_Update_SID-2018-2025.docx,Detection,,129,,,,no,no,yes,yes,yes,4,no,no,,covered_as_map_marker,covered_as_map_marker,no_action,title,Deepfake Detection Without Deepfakes: Generalization via Synthetic Frequency Patterns Injection,,no,,,,,,Deepfake Detection without Deepfakes: Generalization via Synthetic Frequency Patterns Injection,2024,,0.000,,0.000,,0.000
Development of a Dual-Input Neural Model for Detecting AI-Generated Imagery,2024,detection,Z_Update_SID-2018-2025.docx,Detection,,130,,,,no,no,yes,yes,yes,1,no,no,,covered_as_map_marker,covered_as_map_marker,no_action,title,Development of a Dual-Input Neural Model for Detecting AI-Generated Imagery,,no,,,,,,Development of a Dual-Input Neural Model for Detecting AI-Generated Imagery,2024,,0.000,,0.000,,0.000
Mixture of Low-rank Experts for Transferable AI-Generated Image Detection,2024,detection,Z_Update_SID-2018-2025.docx,Detection,,131,,,,no,no,yes,yes,yes,1,no,no,,covered_as_map_marker,covered_as_map_marker,no_action,title,Mixture of Low-Rank Experts for Transferable AI-Generated Image Detection,curated:9a84f4f666bcdda92186,no,,,,,,Mixture of Low-rank Experts for Transferable AI-Generated Image Detection,2024,,0.000,,0.000,,0.000
Detecting AI-Generated Images via CLIP,2024,detection,Z_Update_SID-2018-2025.docx,Detection,,132,,,,no,yes,yes,yes,yes,2,no,no,,covered_as_map_marker,covered_as_map_marker,no_action,title,Detecting AI-Generated Images via CLIP,,no,ambiguous exact title: Detecting AI-Generated Images via CLIP | Detecting AI-Generated Images via CLIP,,,,,Detecting AI-Generated Images via CLIP,2024,,0.000,,0.000,,0.000
Text Modality Oriented Image Feature Extraction for Detecting Diffusion-based DeepFake,2024,detection,Z_Update_SID-2018-2025.docx,Detection,source_suffix=arXiv 20240528,133,,,,no,no,yes,yes,yes,5,no,no,,covered_as_map_marker,covered_as_map_marker,no_action,title,Text Modality Oriented Image Feature Extraction for Detecting Diffusion-Based DeepFake,,no,,,,,,Text Modality Oriented Image Feature Extraction for Detecting Diffusion-based DeepFake,2024,,0.000,,0.000,,0.000
RIGID: A Training-free and Model-Agnostic Framework for Robust AI-Generated Image Detection,2024,detection,Z_Update_SID-2018-2025.docx,Detection,"source_suffix=arXiv, 20240530",134,,,,yes,yes,yes,yes,yes,2,no,no,,covered_as_map_marker,covered_as_map_marker,no_action,title,RIGID: A Training-Free and Model-Agnostic Framework for Robust AI-Generated Image Detection,curated:4b406d0cf578db643214,no,,,,,,RIGID: A Training-free and Model-Agnostic Framework for Robust AI-Generated Image Detection,2024,,0.000,,0.000,,0.000
Real-Time Deepfake Detection in the Real-World,2024,detection,Z_Update_SID-2018-2025.docx,Detection | Dataset,"source_suffix=arXiv, 20240613; auxiliary; dataset",135,,,,no,no,yes,yes,yes,1,no,no,,covered_as_map_marker,covered_as_map_marker,no_action,title,Real-Time Deepfake Detection in the Real-World,curated:7e4d63017f1419256211,no,,,,,,Real-Time Deepfake Detection in the Real-World,2024,,0.000,,0.000,,0.000
Improving Interpretability and Robustness for the Detection of AI-Generated Images,2024,detection,Z_Update_SID-2018-2025.docx,Detection,,136,,,,no,no,yes,yes,yes,9,no,no,,covered_as_map_marker,covered_as_map_marker,no_action,title,Improving Interpretability and Robustness for the Detection of AI-Generated Images,curated:fa317ff4ccce609227c0,no,,,,,,Improving Interpretability and Robustness for the Detection of AI-Generated Images,2024,,0.000,,0.000,,0.000
Robust CLIP-Based Detector for Exposing Diffusion Model-Generated Images,2024,detection,Z_Update_SID-2018-2025.docx,Detection,,137,,2404.12908v2,,no,no,yes,yes,yes,4,no,no,,covered_as_map_marker,covered_as_map_marker,no_action,arxiv,Robust CLIP-Based Detector for Exposing Diffusion Model-Generated Images,,no,,,,,,Robust CLIP-Based Detector for Exposing Diffusion Model-Generated Images,2024,,0.000,,0.000,,0.000
On the Effectiveness of Dataset Alignment for Fake Image Detection,2024,detection,Z_Update_SID-2018-2025.docx,Detection,"source_suffix=arXiv, 20241015",138,10.48550/arxiv.2410.11835,2410.11835,https://openalex.org/W4403575374,no,no,yes,yes,yes,1,no,no,,covered_as_map_marker,covered_as_map_marker,no_action,doi,Aligned Datasets Improve Detection of Latent Diffusion-Generated Images,curated:0b34eeaa2b4f5b0a7b3b,no,,,EXISTING_CURRENT,https://arxiv.org/abs/2410.11835,Same arXiv 2410.11835 and author list establish original Dataset Alignment title as an earlier version of Aligned Datasets Improve Detection.,Aligned Datasets Improve Detection of Latent Diffusion-Generated Images,2025,,0.000,,0.000,,0.000
Towards More Accurate Fake Detection on Images Generated from Advanced Generative and Neural Rendering Models,2024,detection,Z_Update_SID-2018-2025.docx,Detection,"source_suffix=arXiv, 20241113",139,,,,no,no,yes,yes,yes,2,no,no,,covered_as_map_marker,covered_as_map_marker,no_action,title,Towards More Accurate Fake Detection on Images Generated from Advanced Generative and Neural Rendering Models,curated:d9f9207830bec1da388f,no,,,,,,Towards More Accurate Fake Detection on Images Generated from Advanced Generative and Neural Rendering Models,2024,,0.000,,0.000,,0.000
Understanding and Improving Training-Free AI-Generated Image Detections with Vision Foundation Models,2024,detection,Z_Update_SID-2018-2025.docx,Detection,"source_suffix=arXiv, 20241128",140,,,,no,no,yes,yes,yes,2,no,no,,covered_as_map_marker,covered_as_map_marker,no_action,title,Understanding and Improving Training-Free AI-Generated Image Detections with Vision Foundation Models,curated:fe2c4c4c423cdd91d6d3,no,,,,,,Understanding and Improving Training-Free AI-Generated Image Detections with Vision Foundation Models,2024,,0.000,,0.000,,0.000
HFI: A unified framework for training-free detection and implicit watermarking of latent diffusion model generated images,2024,detection,Z_Update_SID-2018-2025.docx,Detection,"source_suffix=arXiv, 20241230",141,10.48550/arxiv.2412.20704,2412.20704,,no,no,no,no,no,0,no,no,,excluded,excluded,no_action,,,,no,,"[{""created_at"": ""2026-07-13T20:25:45Z"", ""created_by"": ""local_admin"", ""doi"": ""10.48550/arxiv.2412.20704"", ""excluded_from_map"": ""true"", ""excluded_from_public_preview"": ""true"", ""exclusion_id"": ""exclusion-5d0fed121a9647488764f3fcd73ca989"", ""is_active"": ""true"", ""metadata_source"": """", ""openalex_url"": ""https://openalex.org/W4405956571"", ""paper_id"": """", ""reason"": ""other"", ""restore_note"": """", ""restored_at"": """", ""review_note"": ""preprint"", ""source_database"": ""OpenAlex"", ""title"": ""HFI: A unified framework for training-free detection and implicit watermarking of latent diffusion model generated images"", ""year"": ""2024""}]",EXCLUDE,https://arxiv.org/abs/2412.20704; https://openaccess.thecvf.com/content/CVPR2026/papers/Choi_A_Debiased_Reconstruction-based_Framework_for_Training-Free_Detection_of_AI-Generated_Images_CVPR_2026_paper.pdf,Recognize and preserve existing active maintainer exclusion exclusion-5d0fed121a9647488764f3fcd73ca989 (reason: other; review note: preprint). Resolved arXiv DOI makes this decision visible to the audit. Relationship to the later related publication remains unverified; do not merge or restore.,HFI: A unified framework for training-free detection and implicit watermarking of latent diffusion model generated images,2024,,0.000,,0.000,,0.000
A Sanity Check for AI-generated Image Detection,2025,detection,Z_Update_SID-2018-2025.docx,Detection,"source_suffix=ICLR, 2025",142,,2406.19435,,yes,yes,yes,yes,yes,3,no,no,,covered_as_map_marker,covered_as_map_marker,no_action,arxiv,A Sanity Check for AI-Generated Image Detection,curated:f9eac1aa13a606c6ec88,no,,,,,,A Sanity Check for AI-generated Image Detection,2025,,0.000,,0.000,,0.000
Manifold Induced Biases for Zero-shot and Few-shot Detection of Generated Images,2025,detection,Z_Update_SID-2018-2025.docx,Detection,"source_suffix=ICLR, 2025",143,,,,no,no,yes,yes,yes,3,no,no,,covered_as_map_marker,covered_as_map_marker,no_action,title,Manifold Induced Biases for Zero-Shot and Few-Shot Detection of Generated Images,curated:4c10e64c5b8f09c7333e,no,,,,,,Manifold Induced Biases for Zero-shot and Few-shot Detection of Generated Images,2025,,0.000,,0.000,,0.000
Improving Synthetic Image Detection Towards Generalization: An Image Transformation Perspective,2025,detection,Z_Update_SID-2018-2025.docx,Detection,"title_normalized=venue_suffix_removed; source_suffix=KDD, 2025",144,,,,yes,yes,yes,yes,yes,2,no,no,,covered_as_map_marker,covered_as_map_marker,no_action,title,Improving Synthetic Image Detection Towards Generalization: An Image Transformation Perspective,curated:c45f9027e90830e4c9b6,no,,,,,,Improving Synthetic Image Detection Towards Generalization: An Image Transformation Perspective,2025,,0.000,,0.000,,0.000
C2P-CLIP: Injecting Category Common Prompt in CLIP to Enhance Generalization in Deepfake Detection,2025,detection,Z_Update_SID-2018-2025.docx,Detection,"source_suffix=AAAI, 2025",145,,,,no,no,yes,yes,yes,3,no,no,,covered_as_map_marker,covered_as_map_marker,no_action,title,C2P-CLIP: Injecting Category Common Prompt in CLIP to Enhance Generalization in Deepfake Detection,,no,,,,,,C2P-CLIP: Injecting Category Common Prompt in CLIP to Enhance Generalization in Deepfake Detection,2025,,0.000,,0.000,,0.000
Transfer Learning of Real Image Features with Soft Contrastive Loss for Fake Image Detection,2025,detection,Z_Update_SID-2018-2025.docx,Detection,"source_suffix=AAAI, 2025",146,,,,no,no,yes,yes,yes,3,no,no,,covered_as_map_marker,covered_as_map_marker,no_action,title,Transfer Learning of Real Image Features with Soft Contrastive Loss for Fake Image Detection,curated:dc9126cc128e1b228717,no,,,,,,Transfer Learning of Real Image Features with Soft Contrastive Loss for Fake Image Detection,2025,,0.000,,0.000,,0.000
D^3 Scaling Up Deepfake Detection by Learning from Discrepancy,2025,detection,Z_Update_SID-2018-2025.docx,Detection,"source_suffix=CVPR, 2025",147,,,,no,no,yes,yes,yes,2,no,no,,covered_as_map_marker,covered_as_map_marker,no_action,title,D$^3$: Scaling Up Deepfake Detection by Learning from Discrepancy,curated:3bd79627ad7e70a28a97,no,,,,,,D^3 Scaling Up Deepfake Detection by Learning from Discrepancy,2025,,0.000,,0.000,,0.000
Any-Resolution AI-Generated Image Detection by Spectral Learning,2025,detection,Z_Update_SID-2018-2025.docx,Detection,"source_suffix=CVPR, 2025",148,,,,yes,yes,yes,yes,yes,2,no,no,,covered_as_map_marker,covered_as_map_marker,no_action,title,Any-Resolution AI-Generated Image Detection by Spectral Learning,,no,,,,,,Any-Resolution AI-Generated Image Detection by Spectral Learning,2025,,0.000,,0.000,,0.000
FIRE: Robust Detection of Diffusion-Generated Images via Frequency-Guided Reconstruction Error,2025,detection,Z_Update_SID-2018-2025.docx,Detection,"source_suffix=CVPR, 2025",149,,,,no,no,yes,yes,yes,1,no,no,,covered_as_map_marker,covered_as_map_marker,no_action,title,FIRE: Robust Detection of Diffusion-Generated Images via Frequency-Guided Reconstruction Error,curated:b8119cd227de03702d48,no,,,,,,FIRE: Robust Detection of Diffusion-Generated Images via Frequency-Guided Reconstruction Error,2025,,0.000,,0.000,,0.000
A Bias-Free Training Paradigm for More General AI-generated Image Detection,2025,detection,Z_Update_SID-2018-2025.docx,Detection,"source_suffix=CVPR, 2025",150,,,,no,yes,yes,yes,yes,2,no,no,,covered_as_map_marker,covered_as_map_marker,no_action,title,A Bias-Free Training Paradigm for More General AI-Generated Image Detection,curated:3da39d6e1e1f36089901,no,ambiguous exact title: A Bias-Free Training Paradigm for More General AI-generated Image Detection | A Bias-Free Training Paradigm for More General AI-generated Image Detection,,,,,A Bias-Free Training Paradigm for More General AI-generated Image Detection,2025,,0.000,,0.000,,0.000
"SIDA: Social Media Image Deepfake Detection, Localization and Explanation with Large Multimodal Model",2025,detection,Z_Update_SID-2018-2025.docx,Detection | Dataset,"source_suffix=CVPR, 2025; auxiliary; dataset",151,,,,yes,yes,yes,yes,yes,4,no,no,,covered_as_map_marker,covered_as_map_marker,no_action,title,"SIDA: Social Media Image Deepfake Detection, Localization and Explanation with Large Multimodal Model",,no,,,,,,"SIDA: Social Media Image Deepfake Detection, Localization and Explanation with Large Multimodal Model",2025,,0.000,,0.000,,0.000
OpenSDI: Spotting Diffusion-Generated Images in the Open World,2025,detection,Z_Update_SID-2018-2025.docx,Detection | Dataset,"source_suffix=CVPR, 2025; auxiliary; dataset",152,,,,no,no,yes,yes,yes,3,no,no,,covered_as_map_marker,covered_as_map_marker,no_action,title,OpenSDI: Spotting Diffusion-Generated Images in the Open World,curated:4b3b8e9895b44de7c752,no,,,,,,OpenSDI: Spotting Diffusion-Generated Images in the Open World,2025,,0.000,,0.000,,0.000
Towards Universal AI-Generated Image Detection by Variational Information Bottleneck Network,2025,detection,Z_Update_SID-2018-2025.docx,Detection,"source_suffix=CVPR, 2025",153,,,,yes,yes,yes,yes,yes,1,no,no,,covered_as_map_marker,covered_as_map_marker,no_action,title,Towards Universal AI-Generated Image Detection by Variational Information Bottleneck Network,curated:7de6b05d38d72f0848f7,no,,,,,,Towards Universal AI-Generated Image Detection by Variational Information Bottleneck Network,2025,,0.000,,0.000,,0.000
Secret Lies in Color: Enhancing AI-Generated Images Detection with Color Distribution Analysis,2025,detection,Z_Update_SID-2018-2025.docx,Detection,"source_suffix=CVPR, 2025",154,,,,no,no,yes,yes,yes,1,no,no,,covered_as_map_marker,covered_as_map_marker,no_action,title,Secret Lies in Color: Enhancing AI-Generated Images Detection with Color Distribution Analysis,curated:b2fccf1dd66cc2d64374,no,,,,,,Secret Lies in Color: Enhancing AI-Generated Images Detection with Color Distribution Analysis,2025,,0.000,,0.000,,0.000
Beyond Generation: A Diffusion-based Low-level Feature Extractor for Detecting AI-generated Images,2025,detection,Z_Update_SID-2018-2025.docx,Detection,"source_suffix=CVPR, 2025",155,,,,yes,yes,yes,yes,yes,2,no,no,,covered_as_map_marker,covered_as_map_marker,no_action,title,Beyond Generation: A Diffusion-based Low-level Feature Extractor for Detecting AI-generated Images,,no,,,,,,Beyond Generation: A Diffusion-based Low-level Feature Extractor for Detecting AI-generated Images,2025,,0.000,,0.000,,0.000
CO-SPY: Combining Semantic and Pixel Features to Detect Synthetic Images by AI,2025,detection,Z_Update_SID-2018-2025.docx,Detection | Dataset,"source_suffix=CVPR, 2025; auxiliary; dataset",156,,,,no,no,yes,yes,yes,3,no,no,,covered_as_map_marker,covered_as_map_marker,no_action,title,CO-SPY: Combining Semantic and Pixel Features to Detect Synthetic Images by AI,curated:aa742a2409569b68d2c4,no,,,,,,CO-SPY: Combining Semantic and Pixel Features to Detect Synthetic Images by AI,2025,,0.000,,0.000,,0.000
Forensics-Bench: A Comprehensive Forgery Detection Benchmark Suite for Large Vision Language Models,2025,detection,Z_Update_SID-2018-2025.docx,Detection,"auxiliary; benchmark; source_suffix=CVPR, 2025",157,,,,no,no,yes,yes,yes,8,no,no,,covered_as_map_marker,covered_as_map_marker,no_action,title,Forensics-Bench: A Comprehensive Forgery Detection Benchmark Suite for Large Vision Language Models,curated:762982679d91cd198a41,no,,,,,,Forensics-Bench: A Comprehensive Forgery Detection Benchmark Suite for Large Vision Language Models,2025,,0.000,,0.000,,0.000
Where’s the liability in the Generative Era? Recovery-based Black-Box Detection of AI-Generated Content,2025,detection,Z_Update_SID-2018-2025.docx,Detection,"source_suffix=CVPR, 2025",158,,,,no,no,yes,yes,yes,3,no,no,,covered_as_map_marker,covered_as_map_marker,no_action,title,Where's the Liability in the Generative Era? Recovery-Based Black-Box Detection of AI-Generated Content,curated:ef5f9b419eef35c5c255,no,,,,,,Where’s the liability in the Generative Era? Recovery-based Black-Box Detection of AI-Generated Content,2025,,0.000,,0.000,,0.000
Spot the Fake: Large Multimodal Model-Based Synthetic Image Detection with Artifact Explanation,2025,detection,Z_Update_SID-2018-2025.docx,Detection,"source_suffix=NeurIPS, 2025",159,,,,no,no,yes,yes,yes,5,no,no,,covered_as_map_marker,covered_as_map_marker,no_action,title,Spot the Fake: Large Multimodal Model-Based Synthetic Image Detection with Artifact Explanation,curated:31a4d429d7c5750bd778,no,,,,,,Spot the Fake: Large Multimodal Model-Based Synthetic Image Detection with Artifact Explanation,2025,,0.000,,0.000,,0.000
FerretNet: Efficient Synthetic Image Detection via Local Pixel Dependencies,2025,detection,Z_Update_SID-2018-2025.docx,Detection,"source_suffix=NeurIPS, 2025",160,,,,no,no,yes,yes,yes,1,no,no,,covered_as_map_marker,covered_as_map_marker,no_action,title,FerretNet: Efficient Synthetic Image Detection via Local Pixel Dependencies,curated:dd05c4a609d902da8c1d,no,,,,,,FerretNet: Efficient Synthetic Image Detection via Local Pixel Dependencies,2025,,0.000,,0.000,,0.000
AIGI-Holmes: Towards Explainable and Generalizable AI-Generated Image Detection via Multimodal Large Language Models,2025,detection,Z_Update_SID-2018-2025.docx,Detection,"source_suffix=ICCV, 2025",161,,,,no,no,yes,yes,yes,2,no,no,,covered_as_map_marker,covered_as_map_marker,no_action,title,AIGI-Holmes: Towards Explainable and Generalizable AI-Generated Image Detection via Multimodal Large Language Models,curated:2465f28a94bb45bec499,no,,,,,,AIGI-Holmes: Towards Explainable and Generalizable AI-Generated Image Detection via Multimodal Large Language Models,2025,,0.000,,0.000,,0.000
D3QE: Learning Discrete Distribution Discrepancy-aware Quantization Error for Autoregressive-Generated Image Detection,2025,detection,Z_Update_SID-2018-2025.docx,Detection | Dataset,"source_suffix=ICCV, 2025; auxiliary; dataset",162,10.1109/iccv51701.2025.01512,2510.05891,https://openalex.org/W7160175092,no,no,yes,yes,yes,1,no,no,,covered_as_map_marker,covered_as_map_marker,no_action,doi,D <sup>3</sup> QE: Learning Discrete Distribution Discrepancy-Aware Quantization Error for Autoregressive-Generated Image Detection,curated:3e94d8fc69e41aade2cc,no,,,SAME_PAPER_TITLE_VARIANT,https://arxiv.org/abs/2510.05891,"Official ICCV/arXiv title, eight authors and arXiv 2510.05891 confirm D3QE vs HTML superscript title encoding.",D <sup>3</sup> QE: Learning Discrete Distribution Discrepancy-Aware Quantization Error for Autoregressive-Generated Image Detection,2025,,0.000,,0.000,,0.000
Diffusion Epistemic Uncertainty with Asymmetric Learning for Diffusion-Generated Image Detection,2025,detection,Z_Update_SID-2018-2025.docx,Detection,"source_suffix=ICCV, 2025",163,,,,no,no,yes,yes,yes,3,no,no,,covered_as_map_marker,covered_as_map_marker,no_action,title,Diffusion Epistemic Uncertainty with Asymmetric Learning for Diffusion-Generated Image Detection,curated:aa6672aa3ab0a0709e32,no,,,,,,Diffusion Epistemic Uncertainty with Asymmetric Learning for Diffusion-Generated Image Detection,2025,,0.000,,0.000,,0.000
LOTA: Bit-Planes Guided AI-Generated Image Detection,2025,detection,Z_Update_SID-2018-2025.docx,Detection,"source_suffix=ICCV, 2025",164,,,,yes,yes,yes,yes,yes,2,no,no,,covered_as_map_marker,covered_as_map_marker,no_action,title,LOTA: Bit-Planes Guided AI-Generated Image Detection,curated:10d9805bad6f63bf6789,no,,,,,,LOTA: Bit-Planes Guided AI-Generated Image Detection,2025,,0.000,,0.000,,0.000
LEGION: Learning to Ground and Explain for Synthetic Image Detection,2025,detection,Z_Update_SID-2018-2025.docx,Detection,"source_suffix=ICCV, 2025",165,,,,no,no,yes,yes,yes,5,no,no,,covered_as_map_marker,covered_as_map_marker,no_action,title,LEGION: Learning to Ground and Explain for Synthetic Image Detection,curated:14272073fa5bc0e301b5,no,,,,,,LEGION: Learning to Ground and Explain for Synthetic Image Detection,2025,,0.000,,0.000,,0.000
Semantic Discrepancy-aware Detector for Image Forgery Identification,2025,detection,Z_Update_SID-2018-2025.docx,Detection,"source_suffix=ICCV, 2025",166,,,,no,no,yes,yes,yes,1,no,no,,covered_as_map_marker,covered_as_map_marker,no_action,title,Semantic Discrepancy-Aware Detector for Image Forgery Identification,curated:64a8313baef7cf1657c5,no,,,,,,Semantic Discrepancy-aware Detector for Image Forgery Identification,2025,,0.000,,0.000,,0.000
ForgeLens: Data-Efficient Forgery Focus for Generalizable Forgery Image Detection,2025,detection,Z_Update_SID-2018-2025.docx,Detection,"source_suffix=ICCV, 2025",167,,,,no,no,yes,yes,yes,1,no,no,,covered_as_map_marker,covered_as_map_marker,no_action,title,ForgeLens: Data-Efficient Forgery Focus for Generalizable Forgery Image Detection,curated:7a95c7ca9cc95727e1b9,no,,,,,,ForgeLens: Data-Efficient Forgery Focus for Generalizable Forgery Image Detection,2025,,0.000,,0.000,,0.000
Adaptive Test-Time Semantic Debiasing for AI-Generated Image Detection,2025,detection,Z_Update_SID-2018-2025.docx,Detection,"source_suffix=ICCV-W, 2025",168,,,,no,no,yes,yes,yes,2,no,no,,covered_as_map_marker,covered_as_map_marker,no_action,title,Adaptive Test-Time Semantic Debiasing for AI-Generated Image Detection,curated:c6bfe8f5199d1d8beb29,no,,,,,,Adaptive Test-Time Semantic Debiasing for AI-Generated Image Detection,2025,,0.000,,0.000,,0.000
CatAID: Category-Guided AI-Generated Image Detection via Vision-Language Model Adaptation,2025,detection,Z_Update_SID-2018-2025.docx,Detection,"source_suffix=ICCV-W, 2025",169,,,,no,no,yes,yes,yes,2,no,no,,covered_as_map_marker,covered_as_map_marker,no_action,title,CatAID: Category-Guided AI-Generated Image Detection via Vision-Language Model Adaptation,curated:95b3298d7dafadbed65d,no,,,,,,CatAID: Category-Guided AI-Generated Image Detection via Vision-Language Model Adaptation,2025,,0.000,,0.000,,0.000
SAGNet: Decoupling Semantic-Agnostic Artifacts From Limited Training Data for Robust Generalization in Deepfake Detection,2025,detection,Z_Update_SID-2018-2025.docx,Detection,"source_suffix=TIFS, 2025",170,,,,no,no,yes,yes,yes,1,no,no,,covered_as_map_marker,covered_as_map_marker,no_action,title,SAGNet: Decoupling Semantic-Agnostic Artifacts from Limited Training Data for Robust Generalization in Deepfake Detection,curated:2938e895376a45baceec,no,,,,,,SAGNet: Decoupling Semantic-Agnostic Artifacts From Limited Training Data for Robust Generalization in Deepfake Detection,2025,,0.000,,0.000,,0.000
Are High-Quality AI-Generated Images More Difficult for Models to Detect?,2025,detection,Z_Update_SID-2018-2025.docx,Detection,"source_suffix=ICML, 2025",171,,,,no,no,yes,yes,yes,4,no,no,,covered_as_map_marker,covered_as_map_marker,no_action,title,Are High-Quality AI-Generated Images More Difficult for Models to Detect?,curated:7693a9c0107feaf90e10,no,,,,,,Are High-Quality AI-Generated Images More Difficult for Models to Detect?,2025,,0.000,,0.000,,0.000
Few-Shot Learner Generalizes Across AI-Generated Image Detection,2025,detection,Z_Update_SID-2018-2025.docx,Detection,"source_suffix=ICML, 2025",172,,,,no,no,yes,yes,yes,4,no,no,,covered_as_map_marker,covered_as_map_marker,no_action,title,Few-Shot Learner Generalizes Across AI-Generated Image Detection,curated:4d91354cd919a64a2259,no,,,,,,Few-Shot Learner Generalizes Across AI-Generated Image Detection,2025,,0.000,,0.000,,0.000
PiD: Generalized AI-Generated Images Detection with Pixelwise Decomposition Residuals,2025,detection,Z_Update_SID-2018-2025.docx,Detection,"source_suffix=ICML, 2025",173,,,,no,no,yes,yes,yes,2,no,no,,covered_as_map_marker,covered_as_map_marker,no_action,title,PiD: Generalized AI-Generated Images Detection with Pixelwise Decomposition Residuals,curated:95953a73a0e2e1f14ccb,no,,,,,,PiD: Generalized AI-Generated Images Detection with Pixelwise Decomposition Residuals,2025,,0.000,,0.000,,0.000
Orthogonal Subspace Decomposition for Generalizable AI-Generated Image Detection,2025,detection,Z_Update_SID-2018-2025.docx,Detection,"source_suffix=ICML, 2025",174,,,,no,no,yes,yes,yes,3,no,no,,covered_as_map_marker,covered_as_map_marker,no_action,title,Orthogonal Subspace Decomposition for Generalizable AI-Generated Image Detection,curated:1f9d168cc6c4c445a231,no,,,,,,Orthogonal Subspace Decomposition for Generalizable AI-Generated Image Detection,2025,,0.000,,0.000,,0.000
Stay-Positive: A Case for Ignoring Real Image Features in Fake Image Detection,2025,detection,Z_Update_SID-2018-2025.docx,Detection,"source_suffix=ICML, 2025",175,,,,no,no,yes,yes,yes,1,no,no,,covered_as_map_marker,covered_as_map_marker,no_action,title,Stay-Positive: A Case for Ignoring Real Image Features in Fake Image Detection,curated:d040be3d1fb83a51311e,no,,,,,,Stay-Positive: A Case for Ignoring Real Image Features in Fake Image Detection,2025,,0.000,,0.000,,0.000
ExDA: Towards Universal Detection and Plug-and-Play Attribution of AI-Generated Ex-Regulatory Images,2025,detection_and_source_attribution,Z_Update_SID-2018-2025.docx,Detection,"source_suffix=ACM MM, 2025",176,,,,no,no,yes,yes,yes,1,no,no,,covered_as_map_marker,covered_as_map_marker,no_action,title,ExDA: Towards Universal Detection and Plug-and-Play Attribution of AI-Generated Ex-Regulatory Images,curated:87bc93471ce8bb561091,no,,,,,,ExDA: Towards Universal Detection and Plug-and-Play Attribution of AI-Generated Ex-Regulatory Images,2025,,0.000,,0.000,,0.000
"Self-supervised Bidirectional Synchronization Estimation for Multimodal Deepfake Detection with Short-term Dependency. ICMR, 2025",2025,detection,Z_Update_SID-2018-2025.docx,Detection,,177,10.1145/3731715.3733429,,,no,no,no,no,no,0,no,no,,possible_title_match_failure,possible_title_match_failure,manual_title_match_review,,,,yes,"Crossref confirms ICMR 2025 DOI/title and six authors. Publisher full text could not be retrieved; title suggests temporal multimodal synchronization, but direct evidence of an image-only evaluation is missing. Leave scope review-only; do not add or create an exclusion from title alone.",,AMBIGUOUS,https://api.crossref.org/works/10.1145/3731715.3733429,"Crossref confirms ICMR 2025 DOI/title and six authors. Publisher full text could not be retrieved; title suggests temporal multimodal synchronization, but direct evidence of an image-only evaluation is missing. Leave scope review-only; do not add or create an exclusion from title alone.","Self-supervised Bidirectional Synchronization Estimation for Multimodal Deepfake Detection with Short-term Dependency. ICMR, 2025",2025,,0.000,,0.000,,0.000
"LAID: Lightweight AI-Generated Image Detection in Spatial and Spectral Domains. PST, 2025",2025,detection,Z_Update_SID-2018-2025.docx,Detection,,178,10.1109/pst65910.2025.11268874,,https://openalex.org/W4416961862,no,no,yes,yes,yes,1,no,no,,covered_as_map_marker,covered_as_map_marker,no_action,doi,LAID: Lightweight AI-Generated Image Detection in Spatial and Spectral Domains,curated:e688194977fa7bbf7db3,no,,,SAME_PAPER_TITLE_VARIANT,https://api.crossref.org/works/10.1109/pst65910.2025.11268874,"Crossref DOI, Chivaran and Ni, PST 2025 confirm title plus appended citation.",LAID: Lightweight AI-Generated Image Detection in Spatial and Spectral Domains,2025,,0.000,,0.000,,0.000
Spatial-Temporal Reconstruction Error for AIGC-based Forgery Image Detection,2025,detection,Z_Update_SID-2018-2025.docx,Detection,"source_suffix=ICASSP, 2025",179,,,,no,no,yes,yes,yes,4,no,no,,covered_as_map_marker,covered_as_map_marker,no_action,title,Spatial-Temporal Reconstruction Error for AIGC-Based Forgery Image Detection,curated:a76d568cfe5c26b07933,no,,,,,,Spatial-Temporal Reconstruction Error for AIGC-based Forgery Image Detection,2025,,0.000,,0.000,,0.000
FairAdapter: Detecting AI-generated Images with Improved Fairness,2025,detection,Z_Update_SID-2018-2025.docx,Detection,"source_suffix=ICASSP, 2025",180,,,,yes,yes,yes,yes,yes,1,no,no,,covered_as_map_marker,covered_as_map_marker,no_action,title,FairAdapter: Detecting AI-generated Images with Improved Fairness,,no,,,,,,FairAdapter: Detecting AI-generated Images with Improved Fairness,2025,,0.000,,0.000,,0.000
Reducing the Content Bias for AI-generated Image Detection,2025,detection,Z_Update_SID-2018-2025.docx,Detection | Dataset,"source_suffix=WACV, 2025; auxiliary; dataset",181,,,,yes,yes,yes,yes,yes,1,no,no,,covered_as_map_marker,covered_as_map_marker,no_action,title,Reducing the Content Bias for AI-generated Image Detection,,no,,,,,,Reducing the Content Bias for AI-generated Image Detection,2025,,0.000,,0.000,,0.000
Multi-Perspective Frequency Domain Learning for Generalizable AI-Generated Image Detection,2025,detection,Z_Update_SID-2018-2025.docx,Detection,"title_normalized=venue_suffix_removed; source_suffix=ECAI, 2025",182,,,,yes,yes,yes,yes,yes,2,no,no,,covered_as_map_marker,covered_as_map_marker,no_action,title,Multi-Perspective Frequency Domain Learning for Generalizable AI-Generated Image Detection,curated:22c0f35b356c01cbd122,no,,,,,,Multi-Perspective Frequency Domain Learning for Generalizable AI-Generated Image Detection,2025,,0.000,,0.000,,0.000
GCS-Net: A universal AI-generated visual content detection method based on CLIP,2025,detection,Z_Update_SID-2018-2025.docx,Detection,"source_suffix=KBS, 2025",183,,,,no,no,yes,yes,yes,1,no,no,,covered_as_map_marker,covered_as_map_marker,no_action,title,GCS-Net: A Universal AI-Generated Visual Content Detection Method Based on CLIP,,no,,,,,,GCS-Net: A universal AI-generated visual content detection method based on CLIP,2025,,0.000,,0.000,,0.000
Combating Dataset Misalignment for Robust AI-Generated Image Detection in the Real World,2025,detection,Z_Update_SID-2018-2025.docx,Detection,"title_normalized=venue_suffix_removed; source_suffix=WDC, 2025",184,10.1145/3709022.3736541,,,yes,yes,yes,yes,yes,1,no,no,,covered_as_map_marker,covered_as_map_marker,no_action,doi,Combating Dataset Misalignment for Robust AI-Generated Image Detection in the Real World,curated:cba231098f84685520e8,no,,,,,,Combating Dataset Misalignment for Robust AI-Generated Image Detection in the Real World,2025,,0.000,,0.000,,0.000
"Art or Artifact? Segmenting AI-Generated Images for Deeper Detection. WDC, 2025",2025,detection,Z_Update_SID-2018-2025.docx,Detection,,185,10.1145/3709022.3736544,,,no,no,yes,yes,yes,1,no,no,,covered_as_map_marker,covered_as_map_marker,no_action,doi,Art or Artifact? Segmenting AI-Generated Images for Deeper Detection,,no,,,,,,"Art or Artifact? Segmenting AI-Generated Images for Deeper Detection. WDC, 2025",2025,,0.000,,0.000,,0.000
"REVEAL: A Retrieval-Augmented Generation Approach for Contextual Identification of Synthetic Visual Content. DFF, 2025",2025,detection,Z_Update_SID-2018-2025.docx,Detection,,186,10.1145/3746265.3759667,,,no,no,yes,yes,yes,3,no,no,,covered_as_map_marker,covered_as_map_marker,no_action,doi,REVEAL: A Retrieval-Augmented Generation Approach for Contextual Identification of Synthetic Visual Content,curated:6ca781a0d606a5d5db64,no,,,,,,"REVEAL: A Retrieval-Augmented Generation Approach for Contextual Identification of Synthetic Visual Content. DFF, 2025",2025,,0.000,,0.000,,0.000
Bi‐ <scp>LORA</scp> : A Vision‐Language Approach for Synthetic Image Detection,2025,detection,Z_Update_SID-2018-2025.docx,Detection,title_normalized=canonical_openalex_markup_title; display_cleanup_needed,187,10.1111/exsy.13829,,,yes,yes,yes,yes,yes,4,no,no,,covered_as_map_marker,covered_as_map_marker,no_action,doi,Bi‐LORA: A Vision‐Language Approach for Synthetic Image Detection,curated:3ec6b6d00f72f8b450e6,no,,,,,,Bi‐ <scp>LORA</scp> : A Vision‐Language Approach for Synthetic Image Detection,2025,,0.000,,0.000,,0.000
High‑resolution network‑based multi‑feature fusion for generalized forgery detection,2025,detection,Z_Update_SID-2018-2025.docx,Detection,"source_suffix=Multimedia Systems, 2025",188,10.1007/s00530-024-01626-z,,,no,no,yes,yes,yes,1,no,no,,covered_as_map_marker,covered_as_map_marker,no_action,doi,High-Resolution Network-Based Multi-Feature Fusion for Generalized Forgery Detection,,no,,,,,,High‑resolution network‑based multi‑feature fusion for generalized forgery detection,2025,,0.000,,0.000,,0.000
Optimized frequency collaborative strategy drives AI image detection,2025,detection,Z_Update_SID-2018-2025.docx,Detection,"source_suffix=IEEE Internet of Things Journal, 2025",189,,,,no,no,yes,yes,yes,3,no,no,,covered_as_map_marker,covered_as_map_marker,no_action,title,Optimized Frequency Collaborative Strategy Drives AI Image Detection,,no,,,,,,Optimized frequency collaborative strategy drives AI image detection,2025,,0.000,,0.000,,0.000
"FLODA: Harnessing Vision-Language Models for Deepfake Assessment. ICCE, 2025",2025,detection,Z_Update_SID-2018-2025.docx,Detection,,190,10.1109/icce63647.2025.10929816,,https://openalex.org/W4408861326,no,no,yes,yes,yes,4,no,no,,covered_as_map_marker,covered_as_map_marker,no_action,doi,FLODA: Harnessing Vision-Language Models for Deepfake Assessment,curated:1332f5c35b9ac943f349,no,,,SAME_PAPER_TITLE_VARIANT,https://api.crossref.org/works/10.1109/icce63647.2025.10929816,"Crossref DOI, Park/Bae/Han/Olson and ICCE 2025 confirm appended citation variant.",FLODA: Harnessing Vision-Language Models for Deepfake Assessment,2025,,0.000,,0.000,,0.000
"Simple Detection of AI-Generated Images based on Noise Correlation. AMLDS, 2025",2025,detection,Z_Update_SID-2018-2025.docx,Detection,,191,10.1109/amlds63918.2025.11159445,,https://openalex.org/W4414231579,no,no,yes,yes,yes,3,no,no,,covered_as_map_marker,covered_as_map_marker,no_action,doi,Simple Detection of AI-Generated Images Based on Noise Correlation,curated:fe98b5f37967f5a51b86,no,,,SAME_PAPER_TITLE_VARIANT,https://api.crossref.org/works/10.1109/amlds63918.2025.11159445,"Crossref DOI, five authors and AMLDS 2025 confirm appended citation variant.",Simple Detection of AI-Generated Images Based on Noise Correlation,2025,,0.000,,0.000,,0.000
A Deepfake Image Detection Method Based on a Multi-Graph Attention Network,2025,detection,Z_Update_SID-2018-2025.docx,Detection,"source_suffix=Electronics, 2025",192,,,,yes,yes,yes,yes,yes,1,no,no,,covered_as_map_marker,covered_as_map_marker,no_action,title,A Deepfake Image Detection Method Based on a Multi-Graph Attention Network,curated:53154d830e337fce1fad,no,,,,,,A Deepfake Image Detection Method Based on a Multi-Graph Attention Network,2025,,0.000,,0.000,,0.000
HFMF: Hierarchical Fusion Meets Multi-Stream Models for Deepfake Detection,2025,detection,Z_Update_SID-2018-2025.docx,Detection,"source_suffix=arXiv, 20250110",193,,,,no,no,yes,yes,yes,1,no,no,,covered_as_map_marker,covered_as_map_marker,no_action,title,HFMF: Hierarchical Fusion Meets Multi-Stream Models for Deepfake Detection,curated:507b9cb16991da1629f8,no,,,,,,HFMF: Hierarchical Fusion Meets Multi-Stream Models for Deepfake Detection,2025,,0.000,,0.000,,0.000
TextureCrop: Enhancing Synthetic Image Detection through Texture-based Cropping,2025,detection,Z_Update_SID-2018-2025.docx,Detection,"source_suffix=arXiv, 20250116",194,,,,no,no,yes,yes,yes,1,no,no,,covered_as_map_marker,covered_as_map_marker,no_action,title,TextureCrop: Enhancing Synthetic Image Detection Through Texture-Based Cropping,curated:56e9e085bbe0342dab35,no,,,,,,TextureCrop: Enhancing Synthetic Image Detection through Texture-based Cropping,2025,,0.000,,0.000,,0.000
LDR-Net: A Novel Framework for AI-generated Image Detection via Localized Discrepancy Representation,2025,detection,Z_Update_SID-2018-2025.docx,Detection,"source_suffix=arXiv, 20250123",195,10.48550/arxiv.2501.13475,2501.13475,,no,no,no,no,no,0,no,no,,excluded,excluded,no_action,,,,no,,"[{""created_at"": ""2026-07-13T20:26:53Z"", ""created_by"": ""local_admin"", ""doi"": ""https://doi.org/10.48550/arxiv.2501.13475"", ""excluded_from_map"": ""true"", ""excluded_from_public_preview"": ""true"", ""exclusion_id"": ""exclusion-62995faa977446d181fe90cfcd01fb67"", ""is_active"": ""true"", ""metadata_source"": """", ""openalex_url"": ""https://openalex.org/W4406786190"", ""paper_id"": """", ""reason"": ""other"", ""restore_note"": """", ""restored_at"": """", ""review_note"": ""preprint"", ""source_database"": ""OpenAlex"", ""title"": ""LDR-Net: A Novel Framework for AI-generated Image Detection via Localized Discrepancy Representation"", ""year"": ""2025""}]",EXCLUDE,https://arxiv.org/abs/2501.13475; https://github.com/humiaomiaohaha/FALCON-Net,Recognize and preserve existing active maintainer exclusion exclusion-62995faa977446d181fe90cfcd01fb67 (reason: other; review note: preprint). Resolved arXiv DOI makes this decision visible to the audit. Relationship to the later related publication remains unverified; do not merge or restore.,LDR-Net: A Novel Framework for AI-generated Image Detection via Localized Discrepancy Representation,2025,,0.000,,0.000,,0.000
Generalizable Deepfake Detection via Effective Local-Global Feature Extraction,2025,detection,Z_Update_SID-2018-2025.docx,Detection,"source_suffix=arXiv, 20250125",196,10.1109/tifs.2026.3664000,2501.15253,https://openalex.org/W7128716584,no,no,yes,yes,yes,1,no,no,,covered_as_map_marker,covered_as_map_marker,no_action,doi,Dual Frequency Branch Framework with Reconstructed Sliding Windows Attention for AI-Generated Image Detection,curated:ab6b43e21ae47dadafe0,no,,,EXISTING_CURRENT,https://arxiv.org/abs/2501.15253,Same arXiv 2501.15253 identifies the existing Dual Frequency Branch Framework publication; retain published metadata.,Dual Frequency Branch Framework with Reconstructed Sliding Windows Attention for AI-Generated Image Detection,2026,,0.000,,0.000,,0.000
PDA: Generalizable Detection of AI-Generated Images via Post-hoc Distribution Alignment,2025,detection,Z_Update_SID-2018-2025.docx,Detection,"source_suffix=arXiv, 20250215",197,10.48550/arxiv.2502.10803,2502.10803,https://openalex.org/W4407684102,no,no,yes,yes,yes,1,no,no,,covered_as_map_marker,covered_as_map_marker,no_action,doi,Beyond Known Fakes: Generalized Detection of AI-Generated Images via Post-Hoc Distribution Alignment,curated:8bdbf72555619e7893d3,no,,,EXISTING_CURRENT,https://arxiv.org/abs/2502.10803,Same arXiv 2502.10803 identifies Beyond Known Fakes; retain canonical existing publication metadata.,Beyond Known Fakes: Generalized Detection of AI-Generated Images via Post-Hoc Distribution Alignment,2025,,0.000,,0.000,,0.000
HRR: Hierarchical Retrospection Refinement for Generated Image Detection,2025,detection,Z_Update_SID-2018-2025.docx,Detection,"source_suffix=arXiv, 20250225",198,,,,no,no,yes,yes,yes,5,no,no,,covered_as_map_marker,covered_as_map_marker,no_action,title,HRR: Hierarchical Retrospection Refinement for Generated Image Detection,,no,,,,,,HRR: Hierarchical Retrospection Refinement for Generated Image Detection,2025,,0.000,,0.000,,0.000
Generalizable AI-Generated Image Detection Based on Fractal Self-Similarity in the Spectrum,2025,detection,Z_Update_SID-2018-2025.docx,Detection,source_suffix=arXiv 20250311,199,,,,no,no,yes,yes,yes,2,no,no,,covered_as_map_marker,covered_as_map_marker,no_action,title,Generalizable AI-Generated Image Detection Based on Fractal Self-Similarity in the Spectrum,,no,,,,,,Generalizable AI-Generated Image Detection Based on Fractal Self-Similarity in the Spectrum,2025,,0.000,,0.000,,0.000
"Provenance Detection for AI-Generated Images: Combining Perceptual Hashing, Homomorphic Encryption, and AI Detection Models",2025,detection_and_source_attribution,Z_Update_SID-2018-2025.docx,Detection,"source_suffix=arXiv, 20250314",200,,2503.11195,,no,no,no,no,no,0,no,no,,excluded,excluded,no_action,,,,no,,"[{""arxiv_id"": ""2503.11195"", ""created_at"": ""2026-07-13T20:14:33Z"", ""created_by"": ""local_admin"", ""doi"": """", ""excluded_from_map"": ""true"", ""excluded_from_public_preview"": ""true"", ""exclusion_id"": ""exclusion-afa362e960d2495eb5c5b44c1431736e"", ""is_active"": ""true"", ""metadata_source"": """", ""openalex_url"": ""https://openalex.org/W4417284156"", ""paper_id"": ""curated:2334b1774b5f65217e7b"", ""reason"": ""other"", ""restore_note"": """", ""restored_at"": """", ""review_note"": ""preprint"", ""source_database"": ""OpenAlex"", ""title"": ""Provenance Detection for AI-Generated Images: Combining Perceptual Hashing, Homomorphic Encryption, and AI Detection Models"", ""year"": ""2025""}]",MISSING_ADD,https://arxiv.org/abs/2503.11195,"Primary arXiv abstract describes generated-image provenance verification using hashing, encryption and detection models. In scope; no duplicate among current or curated identities.","Provenance Detection for AI-Generated Images: Combining Perceptual Hashing, Homomorphic Encryption, and AI Detection Models",2025,,0.000,,0.000,,0.000
FakeScope: Large Multimodal Expert Model for Transparent AI-Generated Image Forensics,2025,detection,Z_Update_SID-2018-2025.docx,Detection,source_suffix=arXiv 20250331,201,,,,no,no,yes,yes,yes,5,no,no,,covered_as_map_marker,covered_as_map_marker,no_action,title,FakeScope: Large Multimodal Expert Model for Transparent AI-Generated Image Forensics,,no,,,,,,FakeScope: Large Multimodal Expert Model for Transparent AI-Generated Image Forensics,2025,,0.000,,0.000,,0.000
Robust AI-Synthesized Image Detection via Multi-feature Frequency-aware Learning,2025,detection,Z_Update_SID-2018-2025.docx,Detection,"source_suffix=arXiv, 20250402",202,,,,no,no,yes,yes,yes,4,no,no,,covered_as_map_marker,covered_as_map_marker,no_action,title,Robust AI-Synthesized Image Detection via Multi-Feature Frequency-Aware Learning,curated:71ff0674850f84bf8df7,no,,,,,,Robust AI-Synthesized Image Detection via Multi-feature Frequency-aware Learning,2025,,0.000,,0.000,,0.000
Can GPT tell us why these images are synthesized? Empowering Multimodal Large Language Models for Forensics,2025,detection,Z_Update_SID-2018-2025.docx,Detection,source_suffix=arXiv 20250416,203,,,,no,no,yes,yes,yes,2,no,no,,covered_as_map_marker,covered_as_map_marker,no_action,title,Can GPT Tell Us Why These Images Are Synthesized? Empowering Multimodal Large Language Models for Forensics,,no,,,,,,Can GPT tell us why these images are synthesized? Empowering Multimodal Large Language Models for Forensics,2025,,0.000,,0.000,,0.000
MLEP: Multi-granularity Local Entropy Patterns for Universal AI-generated Image Detection,2025,detection,Z_Update_SID-2018-2025.docx,Detection,"source_suffix=arXiv, 20250418",204,10.52202/085713-2321,2504.13726,https://openalex.org/W4415320094,no,no,yes,yes,yes,1,no,no,,covered_as_map_marker,covered_as_map_marker,no_action,doi,MLEP: Multi-Granularity Local Entropy Patterns for Generalized AI-Generated Image Detection,curated:828a87e68db4c3541e80,no,,,SAME_PAPER_TITLE_VARIANT,https://github.com/fkeufss/MLEP/; https://arxiv.org/abs/2504.13726,Official MLEP repository and Crossref connect Universal preprint title/arXiv 2504.13726 to Generalized NeurIPS title with the same six authors.,MLEP: Multi-Granularity Local Entropy Patterns for Generalized AI-Generated Image Detection,2025,,0.000,,0.000,,0.000
Towards Explainable Fake Image Detection with Multi-Modal Large Language Models,2025,detection,Z_Update_SID-2018-2025.docx,Detection,source_suffix=arXiv 20250419,205,,,,no,no,yes,yes,yes,2,no,no,,covered_as_map_marker,covered_as_map_marker,no_action,title,Towards Explainable Fake Image Detection with Multi-Modal Large Language Models,curated:911d693997183535a4ac,no,,,,,,Towards Explainable Fake Image Detection with Multi-Modal Large Language Models,2025,,0.000,,0.000,,0.000
DeeCLIP: A Robust and Generalizable Transformer-Based Framework for Detecting AI-Generated Images,2025,detection,Z_Update_SID-2018-2025.docx,Detection,"source_suffix=arXiv, 20250428",206,,,,yes,yes,yes,yes,yes,3,no,no,,covered_as_map_marker,covered_as_map_marker,no_action,title,DeeCLIP: A Robust and Generalizable Transformer-Based Framework for Detecting AI-Generated Images,curated:239572598dfae08d563b,no,,,,,,DeeCLIP: A Robust and Generalizable Transformer-Based Framework for Detecting AI-Generated Images,2025,,0.000,,0.000,,0.000
Composite Data Augmentations for Synthetic Image Detection against Real-World Perturbations,2025,detection,Z_Update_SID-2018-2025.docx,Detection,"source_suffix=arXiv, 20250613",207,,,,no,no,yes,yes,yes,2,no,no,,covered_as_map_marker,covered_as_map_marker,no_action,title,Composite Data Augmentations for Synthetic Image Detection Against Real-World Perturbations,curated:425eb6ebf5e06a7836a8,no,,,,,,Composite Data Augmentations for Synthetic Image Detection against Real-World Perturbations,2025,,0.000,,0.000,,0.000
Task-aligned prompting improves zero-shot detection of AI-generated images by Vision-Language Models,2025,detection,Z_Update_SID-2018-2025.docx,Detection,"source_suffix=arXiv, 20250616",208,,2506.11031,,no,no,yes,yes,yes,1,no,no,,covered_as_map_marker,covered_as_map_marker,no_action,arxiv,Prefilled Responses Enhance Zero-Shot Detection of AI-Generated Images,curated:168e13e349336a266783,no,,,MISSING_ADD,https://arxiv.org/abs/2506.11031,arXiv 2506.11031 connects earlier Task-aligned prompting to current Prefill-Guided Thinking title. Image authenticity detection remains in scope; use latest source metadata.,Prefill-Guided Thinking for Zero-Shot Detection of AI-Generated Images,2025,,0.000,,0.000,,0.000
Pay Less Attention to Deceptive Artifacts: Robust Detection of Compressed Deepfakes on Online Social Networks,2025,detection,Z_Update_SID-2018-2025.docx,Detection,"source_suffix=arXiv, 20250625",209,,2506.20548,,no,no,no,no,no,0,no,no,,excluded,excluded,no_action,,,,no,,"[{""arxiv_id"": ""2506.20548"", ""created_at"": ""2026-07-13T20:15:50Z"", ""created_by"": ""local_admin"", ""doi"": """", ""excluded_from_map"": ""true"", ""excluded_from_public_preview"": ""true"", ""exclusion_id"": ""exclusion-bb870f305db948d18fb473d072844c48"", ""is_active"": ""true"", ""metadata_source"": """", ""openalex_url"": ""https://openalex.org/W4414989730"", ""paper_id"": ""curated:509324a7a8bc94c3eb78"", ""reason"": ""other"", ""restore_note"": """", ""restored_at"": """", ""review_note"": ""preprint"", ""source_database"": ""OpenAlex"", ""title"": ""Pay Less Attention to Deceptive Artifacts: Robust Detection of Compressed Deepfakes on Online Social Networks"", ""year"": ""2025""}]",MISSING_ADD,https://arxiv.org/abs/2506.20548,"PLADA detects compressed generated still images. Related existing ODDN has a different arXiv ID (2410.18687), ODA+CGC method and 17-dataset evaluation; PLADA uses B2E+ODA and 26 datasets. Shared lab/topic is not identity.",Pay Less Attention to Deceptive Artifacts: Robust Detection of Compressed Deepfakes on Online Social Networks,2025,,0.000,,0.000,,0.000
LATTE: Latent Trajectory Embedding for Diffusion-Generated Image Detection,2025,detection,Z_Update_SID-2018-2025.docx,Detection,"source_suffix=arXiv, 20250703",210,,,,no,no,yes,yes,yes,2,no,no,,covered_as_map_marker,covered_as_map_marker,no_action,title,LATTE: Latent Trajectory Embedding for Diffusion-Generated Image Detection,,no,,,,,,LATTE: Latent Trajectory Embedding for Diffusion-Generated Image Detection,2025,,0.000,,0.000,,0.000
Explainable Synthetic Image Detection through Diffusion Timestep Ensembling,2025,detection,Z_Update_SID-2018-2025.docx,Detection,"source_suffix=arXiv, 20250728",211,,,,no,no,yes,yes,yes,2,no,no,,covered_as_map_marker,covered_as_map_marker,no_action,title,Explainable Synthetic Image Detection Through Diffusion Timestep Ensembling,,no,,,,,,Explainable Synthetic Image Detection through Diffusion Timestep Ensembling,2025,,0.000,,0.000,,0.000
Redefining Generalization in Visual Domains: A Two-Axis Framework for Fake Image Detection with FusionDetect,2025,detection,Z_Update_SID-2018-2025.docx,Detection,"source_suffix=arXiv, 20251007",212,,2510.05740,,no,no,no,no,no,0,no,no,,excluded,excluded,no_action,,,,no,,"[{""arxiv_id"": ""2510.05740"", ""created_at"": ""2026-07-13T20:06:06Z"", ""created_by"": ""local_admin"", ""doi"": """", ""excluded_from_map"": ""true"", ""excluded_from_public_preview"": ""true"", ""exclusion_id"": ""exclusion-17447bd65e3b4aae98831c8d0bf68be0"", ""is_active"": ""true"", ""metadata_source"": """", ""openalex_url"": ""https://openalex.org/W4414978765"", ""paper_id"": ""curated:40d551857163fa643202"", ""reason"": ""other"", ""restore_note"": """", ""restored_at"": """", ""review_note"": ""preprint"", ""source_database"": ""OpenAlex"", ""title"": ""Redefining Generalization in Visual Domains: A Two-Axis Framework for Fake Image Detection with FusionDetect"", ""year"": ""2025""}]",MISSING_ADD,https://arxiv.org/abs/2510.05740,Primary arXiv record defines fake-image detection and a two-axis generalization framework with FusionDetect. No same-work identity found.,Redefining Generalization in Visual Domains: A Two-Axis Framework for Fake Image Detection with FusionDetect,2025,,0.000,,0.000,,0.000
From Evidence to Verdict: An Agent-Based Forensic Framework for AI-Generated Image Detection,2025,detection,Z_Update_SID-2018-2025.docx,Detection,"source_suffix=arXiv, 20251031",213,,,,no,no,yes,yes,yes,1,no,no,,covered_as_map_marker,covered_as_map_marker,no_action,title,From Evidence to Verdict: An Agent-Based Forensic Framework for AI-Generated Image Detection,,no,,,,,,From Evidence to Verdict: An Agent-Based Forensic Framework for AI-Generated Image Detection,2025,,0.000,,0.000,,0.000
Generalized Design Choices for Deepfake Detectors,2025,detection,Z_Update_SID-2018-2025.docx,Detection,"source_suffix=arXiv, 20251126",214,,2511.21507,,no,no,yes,yes,yes,2,no,no,,covered_as_map_marker,covered_as_map_marker,no_action,arxiv,Generalized Design Choices for Deepfake Detectors,curated:3c3cd6143ece4045b378,no,,,,,,Generalized Design Choices for Deepfake Detectors,2025,,0.000,,0.000,,0.000
Code-in-the-Loop Forensics: Agentic Tool Use for Image Forgery Detection,2025,detection,Z_Update_SID-2018-2025.docx,Detection,"source_suffix=arXiv, 20251218",215,,,,no,no,yes,yes,yes,3,no,no,,covered_as_map_marker,covered_as_map_marker,no_action,title,Code-in-the-Loop Forensics: Agentic Tool Use for Image Forgery Detection,,no,,,,,,Code-in-the-Loop Forensics: Agentic Tool Use for Image Forgery Detection,2025,,0.000,,0.000,,0.000
Beyond Semantic Features: Pixel-level Mapping for Generalized AI-Generated Image Detection,2025,detection,Z_Update_SID-2018-2025.docx,Detection,"source_suffix=arXiv, 20251219",216,,,,no,no,yes,yes,yes,1,no,no,,covered_as_map_marker,covered_as_map_marker,no_action,title,Beyond Semantic Features: Pixel-Level Mapping for Generalized AI-Generated Image Detection,curated:29642e43aa51fece46f7,no,,,,,,Beyond Semantic Features: Pixel-level Mapping for Generalized AI-Generated Image Detection,2025,,0.000,,0.000,,0.000
AdaptPrompt: Parameter-Efficient Adaptation of VLMs for Generalizable Deepfake Detection,2025,detection,Z_Update_SID-2018-2025.docx,Detection,"source_suffix=arXiv, 20251219",217,,,,no,no,yes,yes,yes,3,no,no,,covered_as_map_marker,covered_as_map_marker,no_action,title,AdaptPrompt: Parameter-Efficient Adaptation of VLMs for Generalizable Deepfake Detection,,no,,,,,,AdaptPrompt: Parameter-Efficient Adaptation of VLMs for Generalizable Deepfake Detection,2025,,0.000,,0.000,,0.000
LADLE-MM: Limited Annotation based Detector with Learned Ensembles for Multimodal Misinformation,2025,detection,Z_Update_SID-2018-2025.docx,Detection,"source_suffix=arXiv, 20251223",218,,2512.20257,,no,no,yes,yes,yes,1,no,no,,covered_as_map_marker,covered_as_map_marker,no_action,arxiv,LADLE-MM: Limited Annotation Based Detector with Learned Ensembles for Multimodal Misinformation,curated:fc87c72c7e8c831652ea,no,,,MISSING_ADD,https://arxiv.org/abs/2512.20257; https://arxiv.org/html/2512.20257v1,Full text sections 3.3 and 4 explicitly classify still-image Face Swap and Face Attribute manipulation alongside text tasks. Include as detection/deepfake/method only; paper explicitly does not predict localization.,LADLE-MM: Limited Annotation Based Detector with Learned Ensembles for Multimodal Misinformation,2025,,0.000,,0.000,,0.000
Fixed-Threshold Evaluation of a Hybrid CNN–ViT for AI-Generated Image Detection Across Photos and Art,2025,detection,Z_Update_SID-2018-2025.docx,Detection,"source_suffix=arXiv, 20251225",219,,,,no,no,yes,yes,yes,2,no,no,,covered_as_map_marker,covered_as_map_marker,no_action,title,Fixed-Threshold Evaluation of a Hybrid CNN-ViT for AI-Generated Image Detection Across Photos and Art,,no,,,,,,Fixed-Threshold Evaluation of a Hybrid CNN–ViT for AI-Generated Image Detection Across Photos and Art,2025,,0.000,,0.000,,0.000
A closer look at fourier spectrum discrepancies for cnn-generated images detection,2021,detection,Z_Update_SID-2018-2025.docx,Anti-forensics,"auxiliary; anti-forensics; source_suffix=CVPR, 2021",220,,,,no,no,yes,yes,yes,1,no,no,,covered_as_map_marker,covered_as_map_marker,no_action,title,A Closer Look at Fourier Spectrum Discrepancies for CNN-Generated Images Detection,,no,,,,,,A closer look at fourier spectrum discrepancies for cnn-generated images detection,2021,,0.000,,0.000,,0.000
Think Twice Before Detecting GAN-generated Fake Images from their Spectral Domain Imprints,2022,detection,Z_Update_SID-2018-2025.docx,Anti-forensics,auxiliary; anti-forensics; source_suffix=CVPR 2022,221,,,,yes,yes,yes,yes,yes,2,no,no,,covered_as_map_marker,covered_as_map_marker,no_action,title,Think Twice Before Detecting GAN-generated Fake Images from their Spectral Domain Imprints,,no,,,,,,Think Twice Before Detecting GAN-generated Fake Images from their Spectral Domain Imprints,2022,,0.000,,0.000,,0.000
Stealthdiffusion: Towards evading diffusion forensic detection through diffusion model,2025,detection,Z_Update_SID-2018-2025.docx,Anti-forensics,auxiliary; anti-forensics,222,10.1145/3664647.3681535,,,no,no,yes,yes,yes,1,no,no,,covered_as_map_marker,covered_as_map_marker,no_action,doi,StealthDiffusion: Towards Evading Diffusion Forensic Detection Through Diffusion Model,curated:b7664c48f91262cfe091,no,,,,,,Stealthdiffusion: Towards evading diffusion forensic detection through diffusion model,2025,,0.000,,0.000,,0.000
An Adversarial Approach for Anti-Detection of AI Generated Images through Sample Generation,2025,detection,Z_Update_SID-2018-2025.docx,Anti-forensics,"auxiliary; anti-forensics; source_suffix=IEEE, 2025",223,,,,no,no,no,no,no,0,no,no,,possible_title_match_failure,possible_title_match_failure,manual_title_match_review,,,,yes,"Official TAAI PDF confirms title, Wu and Cheng, and an anti-detection image study. PDF contains no publication year or proceedings identifier; the checklist year 2025 could not be independently confirmed. Need official dated proceedings metadata before addition.",,AMBIGUOUS,https://www.taai.org.tw/files/domestic/30/An%20Adversarial%20Approach%20for%20Anti-Detection%20of%20AI-Generated%20Images%20through%20Sample%20Generation.pdf,"Official TAAI PDF confirms title, Wu and Cheng, and an anti-detection image study. PDF contains no publication year or proceedings identifier; the checklist year 2025 could not be independently confirmed. Need official dated proceedings metadata before addition.",An Adversarial Approach for Anti-Detection of AI Generated Images through Sample Generation,2025,,0.000,,0.000,,0.000
Sanitizing Diffusion-Generated Images via Fingerprint Removal and Adversarial Perturbation for Forensic Evasion,2025,detection,Z_Update_SID-2018-2025.docx,Anti-forensics,"auxiliary; anti-forensics; source_suffix=IEEE Access, 2025",224,,,,no,no,yes,yes,yes,1,no,no,,covered_as_map_marker,covered_as_map_marker,no_action,title,Sanitizing Diffusion-Generated Images via Fingerprint Removal and Adversarial Perturbation for Forensic Evasion,curated:82a6421311c4d39076d9,no,,,,,,Sanitizing Diffusion-Generated Images via Fingerprint Removal and Adversarial Perturbation for Forensic Evasion,2025,,0.000,,0.000,,0.000
Take Fake as Real: Realistic-like Robust Black-box Adversarial Attack to Evade AIGC Detection,2024,detection,Z_Update_SID-2018-2025.docx,Anti-forensics,"auxiliary; anti-forensics; source_suffix=arXiv, 20241226",225,,,,no,no,yes,yes,yes,1,no,no,,covered_as_map_marker,covered_as_map_marker,no_action,title,Take Fake as Real: Realistic-Like Robust Black-Box Adversarial Attack to Evade AIGC Detection,,no,,,,,,Take Fake as Real: Realistic-like Robust Black-box Adversarial Attack to Evade AIGC Detection,2024,,0.000,,0.000,,0.000
Fooling the Watchers: Breaking AIGC Detectors via Semantic Prompt Attacks,2025,detection,Z_Update_SID-2018-2025.docx,Anti-forensics,"auxiliary; anti-forensics; source_suffix=arXiv, 20250529",226,,,,no,no,yes,yes,yes,2,no,no,,covered_as_map_marker,covered_as_map_marker,no_action,title,Fooling the Watchers: Breaking AIGC Detectors via Semantic Prompt Attacks,,no,,,,,,Fooling the Watchers: Breaking AIGC Detectors via Semantic Prompt Attacks,2025,,0.000,,0.000,,0.000
Are GAN generated images easy to detect? A critical analysis of the state-of-the-art,2025,detection,Z_Update_SID-2018-2025.docx,Benchmark,auxiliary; benchmark,227,,,,no,no,yes,yes,yes,1,no,no,,covered_as_map_marker,covered_as_map_marker,no_action,title,Are GAN Generated Images Easy to Detect? A Critical Analysis of the State-of-the-Art,,no,,,,,,Are GAN generated images easy to detect? A critical analysis of the state-of-the-art,2025,,0.000,,0.000,,0.000
Online Detection of AI-Generated Images,2025,detection,Z_Update_SID-2018-2025.docx,Benchmark,auxiliary; benchmark,228,,,,yes,yes,yes,yes,yes,1,no,no,,covered_as_map_marker,covered_as_map_marker,no_action,title,Online Detection of AI-Generated Images,,no,,,,,,Online Detection of AI-Generated Images,2025,,0.000,,0.000,,0.000
Intriguing properties of synthetic images: from generative adversarial networks to diffusion models,2025,detection,Z_Update_SID-2018-2025.docx,Benchmark,auxiliary; benchmark,229,,,,yes,yes,yes,yes,yes,2,no,no,,covered_as_map_marker,covered_as_map_marker,no_action,title,Intriguing Properties of Synthetic Images: From Generative Adversarial Networks to Diffusion Models,curated:67d37f98e44fa9d7d06e,no,,,,,,Intriguing properties of synthetic images: from generative adversarial networks to diffusion models,2025,,0.000,,0.000,,0.000
On The Detection of Synthetic Images Generated by Diffusion Models,2025,detection,Z_Update_SID-2018-2025.docx,Benchmark,auxiliary; benchmark,230,,,,no,yes,yes,yes,yes,2,no,no,,covered_as_map_marker,covered_as_map_marker,no_action,title,On the Detection of Synthetic Images Generated by Diffusion Models,curated:a35e111d52c6ad788ef7,no,ambiguous exact title: On The Detection of Synthetic Images Generated by Diffusion Models | On the detection of synthetic images generated by diffusion models,,,,,On The Detection of Synthetic Images Generated by Diffusion Models,2025,,0.000,,0.000,,0.000
Organic or Diffused: Can We Distinguish Human Art from AI-generated Images?,2025,detection,Z_Update_SID-2018-2025.docx,Benchmark,auxiliary; benchmark,231,,,,no,no,yes,yes,yes,1,no,no,,covered_as_map_marker,covered_as_map_marker,no_action,title,Organic or Diffused: Can We Distinguish Human Art from AI-Generated Images?,curated:0b2081f70faaf81278dc,no,,,,,,Organic or Diffused: Can We Distinguish Human Art from AI-generated Images?,2025,,0.000,,0.000,,0.000
AI-generated Image Detection: Passive or Watermark?,2024,detection,Z_Update_SID-2018-2025.docx,Benchmark,"auxiliary; benchmark; source_suffix=arXiv, 20241120",232,,,,yes,yes,yes,yes,yes,2,no,no,,covered_as_map_marker,covered_as_map_marker,no_action,title,AI-generated Image Detection: Passive or Watermark?,,no,,,,,,AI-generated Image Detection: Passive or Watermark?,2024,,0.000,,0.000,,0.000
SIDBench: A Python framework for reliably assessing synthetic image detection methods,2024,detection,Z_Update_SID-2018-2025.docx,Benchmark,"auxiliary; benchmark; source_suffix=Workshops, 2024; title_normalized=venue_suffix_removed; source_suffix=MAD / Workshops, 2024",233,,,,yes,yes,yes,yes,yes,1,no,no,,covered_as_map_marker,covered_as_map_marker,no_action,title,SIDBench: A Python Framework for Reliably Assessing Synthetic Image Detection Methods,curated:960c6a53879767054f0c,no,,,,,,SIDBench: A Python framework for reliably assessing synthetic image detection methods,2024,,0.000,,0.000,,0.000
Towards the Detection of Diffusion Model Deepfakes cite: 100+ Ruhr University Bochum,2025,detection,Z_Update_SID-2018-2025.docx,Benchmark,auxiliary; benchmark,234,10.5220/0012422000003660,,https://openalex.org/W4392402304,no,no,yes,yes,yes,2,no,no,,covered_as_map_marker,covered_as_map_marker,no_action,doi,Towards the Detection of Diffusion Model Deepfakes,curated:b1977dc0fcca329719f0,no,,,EXISTING_CURRENT,https://api.crossref.org/works/10.5220/0012422000003660,Crossref DOI and Ricker/Damm/Holz/Fischer establish VISAPP 2024. Checklist year 2025 and citation-count/institution suffix are erroneous annotations; existing publication stays unchanged.,Towards the Detection of Diffusion Model Deepfakes,2024,,0.000,,0.000,,0.000
Rich and Poor Texture Contrast: A Simple yet Effective Approach for AI-generated Image Detection,2025,detection,Z_Update_SID-2018-2025.docx,Benchmark,auxiliary; benchmark,235,10.48550/arxiv.2311.12397,2311.12397,https://openalex.org/W4388927818,yes,yes,yes,yes,yes,1,no,no,,covered_as_map_marker,covered_as_map_marker,no_action,doi,PatchCraft: Exploring Texture Patch for Efficient AI-Generated Image Detection,curated:9d04c60c5b0b70859a63,no,,,EXISTING_CURRENT,https://arxiv.org/abs/2311.12397,arXiv 2311.12397 connects Rich and Poor Texture Contrast to canonical PatchCraft. Preserve existing publication year rather than checklist revision-date annotation.,PatchCraft: Exploring Texture Patch for Efficient AI-Generated Image Detection,2023,,0.000,,0.000,,0.000
Bridging the Gap Between Ideal and Real-world Evaluation: Benchmarking AI-Generated Image Detection in Challenging Scenarios,2025,detection,Z_Update_SID-2018-2025.docx,Benchmark,"auxiliary; benchmark; source_suffix=ICCV, 2025",236,,,,no,no,yes,yes,yes,5,no,no,,covered_as_map_marker,covered_as_map_marker,no_action,title,Bridging the Gap Between Ideal and Real-World Evaluation: Benchmarking AI-Generated Image Detection in Challenging Scenarios,curated:e256ad6b672c3cf433ba,no,,,,,,Bridging the Gap Between Ideal and Real-world Evaluation: Benchmarking AI-Generated Image Detection in Challenging Scenarios,2025,,0.000,,0.000,,0.000
No Detector to Rule Them All,2025,detection,Z_Update_SID-2018-2025.docx,Benchmark,"auxiliary; benchmark; source_suffix=ACM MM, 2025",237,10.1145/3746265.3759659,,,no,no,yes,yes,yes,2,no,no,,covered_as_map_marker,covered_as_map_marker,no_action,doi,No Detector to Rule Them All,curated:cda6067db322246e8195,no,,,,,,No Detector to Rule Them All,2025,,0.000,,0.000,,0.000
DFBench: Benchmarking Deepfake Image Detection Capability of Large Multimodal Models,2025,detection,Z_Update_SID-2018-2025.docx,Benchmark,"auxiliary; benchmark; source_suffix=ACM MM, 2025",238,10.1145/3746027.3758204,,,yes,yes,yes,yes,yes,1,no,no,,covered_as_map_marker,covered_as_map_marker,no_action,doi,DFBench: Benchmarking Deepfake Image Detection Capability of Large Multimodal Models,curated:8ae025d8756e0ff472b0,no,,,,,,DFBench: Benchmarking Deepfake Image Detection Capability of Large Multimodal Models,2025,,0.000,,0.000,,0.000
ForensicHub: A Unified Benchmark & Codebase for All-Domain Fake Image Detection and Localization,2025,detection,Z_Update_SID-2018-2025.docx,Benchmark,auxiliary; benchmark; source_suffix=NeurIPS. 2025,239,,,,no,no,yes,yes,yes,5,no,no,,covered_as_map_marker,covered_as_map_marker,no_action,title,ForensicHub: A Unified Benchmark & Codebase for All-Domain Fake Image Detection and Localization,curated:4c4e9ffacf08b5eb2355,no,,,,,,ForensicHub: A Unified Benchmark & Codebase for All-Domain Fake Image Detection and Localization,2025,,0.000,,0.000,,0.000
UniAIDet: A Unified and Universal Benchmark for AI-Generated Image Content Detection and Localization,2025,detection,Z_Update_SID-2018-2025.docx,Benchmark,auxiliary; benchmark; source_suffix=arXiv 20251027,240,,2510.23023,,no,no,yes,yes,no,0,no,yes,missing_coordinates,covered_in_public_preview_paper_list,covered_in_public_preview_paper_list,check_affiliations_coordinates_or_export_rules,arxiv,UniAIDet: A Unified and Universal Benchmark for AI-Generated Image Content Detection and Localization,curated:0e0f70c0146b624226ca,no,,,MISSING_ADD,https://arxiv.org/abs/2510.23023,Primary arXiv record defines generated-image detection and edited-region localization benchmark. Taxonomy proposals remain unreviewed.,UniAIDet: A Unified and Universal Benchmark for AI-Generated Image Content Detection and Localization,2025,,0.000,,0.000,,0.000
DBINDS - Can Initial Noise from Diffusion Model Inversion Help Reveal AI-Generated Videos?,2025,detection,Z_Update_SID-2018-2025.docx,Benchmark,"auxiliary; benchmark; source_suffix=arXiv, 20251112",241,10.48550/arxiv.2511.09184,2511.09184,,no,no,no,no,no,0,no,no,,excluded,excluded,no_action,,,,no,,"[{""created_at"": ""2026-09-08T00:00:00Z"", ""created_by"": ""targeted_reconciliation"", ""doi"": ""10.48550/arxiv.2511.09184"", ""excluded_from_map"": ""true"", ""excluded_from_public_preview"": ""true"", ""exclusion_id"": ""exclusion-35748a4440444fa3a830fe3cee14c22e"", ""is_active"": ""true"", ""metadata_source"": """", ""openalex_url"": """", ""paper_id"": """", ""reason"": ""out_of_scope"", ""restore_note"": """", ""restored_at"": """", ""review_note"": ""Primary arXiv 2511.09184 describes generated-video detection using temporal inversion dynamics; video-only scope is excluded. Evidence: https://arxiv.org/abs/2511.09184"", ""source_database"": """", ""title"": ""DBINDS - Can Initial Noise from Diffusion Model Inversion Help Reveal AI-Generated Videos?"", ""year"": ""2025""}]",EXCLUDE,https://arxiv.org/abs/2511.09184,Primary arXiv 2511.09184 describes generated-video detection using temporal inversion dynamics; video-only scope is excluded.,DBINDS - Can Initial Noise from Diffusion Model Inversion Help Reveal AI-Generated Videos?,2025,,0.000,,0.000,,0.000
Artifact: A large-scale dataset with artificial and factual images for generalizable and robust synthetic image detection,2023,detection,Z_Update_SID-2018-2025.docx,Dataset,"auxiliary; dataset; source_suffix=ICIP, 2023",242,,,,yes,yes,yes,yes,yes,1,no,no,,covered_as_map_marker,covered_as_map_marker,no_action,title,Artifact: A Large-Scale Dataset With Artificial And Factual Images For Generalizable And Robust Synthetic Image Detection,,no,,,,,,Artifact: A large-scale dataset with artificial and factual images for generalizable and robust synthetic image detection,2023,,0.000,,0.000,,0.000
Synthbuster: Towards Detection of Diffusion Model Generated Images,2025,detection,Z_Update_SID-2018-2025.docx,Dataset,auxiliary; dataset,243,,,,yes,yes,yes,yes,yes,2,no,no,,covered_as_map_marker,covered_as_map_marker,no_action,title,Synthbuster: Towards Detection of Diffusion Model Generated Images,curated:aaf9b7c69d384a3c3140,no,,,,,,Synthbuster: Towards Detection of Diffusion Model Generated Images,2025,,0.000,,0.000,,0.000
Benchmarking Deepart Detection,2023,detection,Z_Update_SID-2018-2025.docx,Dataset,auxiliary; benchmark; dataset; source_suffix=arXiv 2023,244,,,,no,no,yes,yes,yes,5,no,no,,covered_as_map_marker,covered_as_map_marker,no_action,title,Benchmarking Deepart Detection,,no,,,,,,Benchmarking Deepart Detection,2023,,0.000,,0.000,,0.000
DeepArt: A Benchmark to Advance Fidelity Research in AI-Generated Content,2023,detection,Z_Update_SID-2018-2025.docx,Dataset,"auxiliary; benchmark; dataset; source_suffix=arXiv, 20231224",245,10.48550/arxiv.2312.10407,,https://openalex.org/W4389983109,no,no,no,no,no,0,no,no,,excluded,excluded,no_action,,,,no,,"[{""created_at"": ""2026-09-04T21:33:47Z"", ""created_by"": ""codex_scope_audit"", ""doi"": ""10.48550/arxiv.2312.10407"", ""excluded_from_map"": ""true"", ""excluded_from_public_preview"": ""true"", ""exclusion_id"": ""exclusion-d7e2b405-5a59-49a6-a748-c45aa55df13a"", ""is_active"": ""true"", ""metadata_source"": ""openalex"", ""openalex_url"": ""https://openalex.org/W4389983109"", ""paper_id"": ""curated:e952f6b86662d0a4372a"", ""reason"": ""out_of_scope"", ""restore_note"": """", ""restored_at"": """", ""review_note"": ""2026-09-04 focused corpus-scope audit: the paper benchmarks GPT-4 image-synthesis texture fidelity and generator limitations rather than a synthetic-image forensic task."", ""source_database"": ""openalex"", ""title"": ""DeepArt: A Benchmark to Advance Fidelity Research in AI-Generated Content"", ""year"": ""2023""}, {""arxiv_id"": ""2312.10407"", ""created_at"": ""2026-09-04T21:33:47Z"", ""created_by"": ""codex_scope_audit"", ""doi"": ""10.48550/arxiv.2312.10407"", ""excluded_from_map"": ""true"", ""excluded_from_public_preview"": ""true"", ""exclusion_id"": ""exclusion-d7e2b405-5a59-49a6-a748-c45aa55df13a"", ""is_active"": ""true"", ""metadata_source"": ""openalex"", ""openalex_url"": ""https://openalex.org/W4389983109"", ""paper_id"": ""curated:e952f6b86662d0a4372a"", ""reason"": ""out_of_scope"", ""restore_note"": """", ""restored_at"": """", ""review_note"": ""2026-09-04 focused corpus-scope audit: the paper benchmarks GPT-4 image-synthesis texture fidelity and generator limitations rather than a synthetic-image forensic task."", ""source_database"": ""openalex"", ""title"": ""DeepArt: A Benchmark to Advance Fidelity Research in AI-Generated Content"", ""year"": ""2023""}]",EXCLUDE,https://arxiv.org/abs/2312.10407,"Existing active exclusion for arXiv 2312.10407 was missed because checklist lacked IDs. Preserve maintainer decision: fidelity/generator-limitations benchmark, not forensic detection/attribution.",DeepArt: A Benchmark to Advance Fidelity Research in AI-Generated Content,2023,,0.000,,0.000,,0.000
Genimage: A million-scale benchmark for detecting ai-generated image,2023,detection,Z_Update_SID-2018-2025.docx,Dataset,"auxiliary; benchmark; dataset; source_suffix=NeurIPS, 2023",246,,,,no,no,yes,yes,yes,1,no,no,,covered_as_map_marker,covered_as_map_marker,no_action,title,GenImage: A Million-Scale Benchmark for Detecting AI-Generated Image,curated:9c21b43f9681feb53a21,no,ambiguous exact title: GenImage: A Million-Scale Benchmark for Detecting AI-Generated Image | GenImage: A Million-Scale Benchmark for Detecting AI-Generated Image,,,,,Genimage: A million-scale benchmark for detecting ai-generated image,2023,,0.000,,0.000,,0.000
Seeing is not always believing: benchmarking human and model perception of AI-generated images,2024,detection,Z_Update_SID-2018-2025.docx,Dataset,"auxiliary; benchmark; dataset; source_suffix=NeurIPS, 2024",247,,,,no,no,yes,yes,yes,4,no,no,,covered_as_map_marker,covered_as_map_marker,no_action,title,Seeing Is Not Always Believing: Benchmarking Human and Model Perception of AI-Generated Images,curated:c6bb6e1e0a4d4eb372b5,no,,,,,,Seeing is not always believing: benchmarking human and model perception of AI-generated images,2024,,0.000,,0.000,,0.000
TWIGMA: A dataset of AI-Generated Images with Metadata From Twitter,2024,detection,Z_Update_SID-2018-2025.docx,Dataset,"auxiliary; dataset; source_suffix=NeurIPS, 2024",248,,,,no,no,yes,yes,yes,1,no,no,,covered_as_map_marker,covered_as_map_marker,no_action,title,TWIGMA: A Dataset of AI-Generated Images with Metadata from Twitter,curated:a99dc95e4b7a85bd938f,no,,,,,,TWIGMA: A dataset of AI-Generated Images with Metadata From Twitter,2024,,0.000,,0.000,,0.000
Evolution of Detection Performance throughout the Online Lifespan of Synthetic Images,2025,detection,Z_Update_SID-2018-2025.docx,Dataset,auxiliary; dataset,249,,2408.11541,,no,no,yes,yes,yes,6,no,no,,covered_as_map_marker,covered_as_map_marker,no_action,title,Evolution of Detection Performance Throughout the Online Lifespan of Synthetic Images,curated:3312da81174f7d411081,no,,,,,,Evolution of Detection Performance throughout the Online Lifespan of Synthetic Images,2025,,0.000,,0.000,,0.000
ImagiNet: A Multi-Content Dataset for Generalizable Synthetic Image Detection via Contrastive Learning,2024,detection,Z_Update_SID-2018-2025.docx,Dataset,auxiliary; dataset; source_suffix=arXiv 20240729,250,10.48550/arxiv.2407.20020,2407.20020,https://openalex.org/W4402963808,no,no,yes,yes,yes,2,no,no,,covered_as_map_marker,covered_as_map_marker,no_action,doi,ImagiNet: A Multi-Content Benchmark for Synthetic Image Detection,curated:f76424b401abe0c0fd0c,no,,,EXISTING_CURRENT,https://arxiv.org/abs/2407.20020,arXiv 2407.20020 connects long dataset title to existing ImagiNet benchmark; retain current publication metadata.,ImagiNet: A Multi-Content Benchmark for Synthetic Image Detection,2024,,0.000,,0.000,,0.000
AntifakePrompt: Prompt-Tuned Vision-Language Models are Fake Image Detectors,2025,detection,Z_Update_SID-2018-2025.docx,Dataset,auxiliary; dataset,251,,,,no,no,yes,yes,yes,2,no,no,,covered_as_map_marker,covered_as_map_marker,no_action,title,AntifakePrompt: Prompt-Tuned Vision-Language Models Are Fake Image Detectors,curated:718ce9e82d185c331bdf,no,,,,,,AntifakePrompt: Prompt-Tuned Vision-Language Models are Fake Image Detectors,2025,,0.000,,0.000,,0.000
FakeBench: Probing Explainable fake image detection via large multimodal models,2024,detection,Z_Update_SID-2018-2025.docx,Dataset,"auxiliary; dataset; source_suffix=arXiv, 20240908. 港城",252,,,,no,no,yes,yes,yes,4,no,no,,covered_as_map_marker,covered_as_map_marker,no_action,title,FakeBench: Probing Explainable Fake Image Detection via Large Multimodal Models,curated:946d44174eaedb61b7ef,no,,,,,,FakeBench: Probing Explainable fake image detection via large multimodal models,2024,,0.000,,0.000,,0.000
"Human vs. AI: A Novel Benchmark and a Comparative Study on the Detection of Generated Images and the Impact of Prompts. GenAIDetect, 2025",2025,detection,Z_Update_SID-2018-2025.docx,Dataset,auxiliary; benchmark; dataset,253,10.48550/arxiv.2412.09715,2412.09715,https://openalex.org/W4405432911,no,no,yes,yes,yes,1,no,no,,covered_as_map_marker,covered_as_map_marker,no_action,doi,Human vs. AI: A Novel Benchmark and a Comparative Study on the Detection of Generated Images and the Impact of Prompts,curated:5fde2c559e029508e0c3,no,,,SAME_PAPER_METADATA_CONFLICT,https://aclanthology.org/2025.genaidetect-1.2/,"ACL Anthology confirms exact title and Moeßner/Adel. Remove literal backslash-n transcription error from authoritative curated paper title; preserve paper ID, taxonomy, venue and review history.",Human vs. AI: A Novel Benchmark and a Comparative Study on the Detection of Generated Images and the Impact of Prompts,2025,,0.000,,0.000,,0.000
WildFake: A Large-scale Challenging Dataset for AI-Generated Images Detection,2025,detection,Z_Update_SID-2018-2025.docx,Dataset,auxiliary; dataset; source_suffix=AAAI 2025,254,10.1609/aaai.v39i4.32363,2402.11843,https://openalex.org/W4409368310,yes,yes,yes,yes,yes,2,no,no,,covered_as_map_marker,covered_as_map_marker,no_action,doi,WildFake: A Large-Scale and Hierarchical Dataset for AI-Generated Images Detection,curated:61211bdca508937e8a4f,no,,,EXISTING_CURRENT_PAPER,https://ojs.aaai.org/index.php/AAAI/article/view/32363; https://arxiv.org/abs/2402.11843,arXiv 2402.11843 and formal AAAI DOI identify the existing Large-Scale and Hierarchical Dataset title; publisher seven-author list matches the checklist. No addition.,WildFake: A Large-Scale and Hierarchical Dataset for AI-Generated Images Detection,2025,,0.000,,0.000,,0.000
Fake or JPEG? Revealing Common Biases in Generated Image Detection Datasets,2024,detection,Z_Update_SID-2018-2025.docx,Dataset,"auxiliary; dataset; source_suffix=ECCV Workshops, 2024",255,,,,yes,yes,yes,yes,yes,3,no,no,,covered_as_map_marker,covered_as_map_marker,no_action,title,Fake or JPEG? Revealing Common Biases in Generated Image Detection Datasets,curated:7e8fbc2874cf4cebfcc9,no,,,,,,Fake or JPEG? Revealing Common Biases in Generated Image Detection Datasets,2024,,0.000,,0.000,,0.000
Aligned Datasets Improve Detection of Latent Diffusion-Generated Images,2025,detection,Z_Update_SID-2018-2025.docx,Dataset,"auxiliary; dataset; source_suffix=ICLR, 2025",256,,,,no,no,yes,yes,yes,1,no,no,,covered_as_map_marker,covered_as_map_marker,no_action,title,Aligned Datasets Improve Detection of Latent Diffusion-Generated Images,curated:0b34eeaa2b4f5b0a7b3b,no,,,,,,Aligned Datasets Improve Detection of Latent Diffusion-Generated Images,2025,,0.000,,0.000,,0.000
Community Forensics: Using Thousands of Generators to Train Fake Image Detectors,2025,detection,Z_Update_SID-2018-2025.docx,Dataset,"auxiliary; dataset; source_suffix=CVPR, 2025",257,,,,no,no,yes,yes,yes,1,no,no,,covered_as_map_marker,covered_as_map_marker,no_action,title,Community Forensics: Using Thousands of Generators to Train Fake Image Detectors,curated:307e0f132bd89ed90298,no,,,,,,Community Forensics: Using Thousands of Generators to Train Fake Image Detectors,2025,,0.000,,0.000,,0.000
AI-GenBench: A New Ongoing Benchmark for AI-Generated Image Detection,2025,detection,Z_Update_SID-2018-2025.docx,Dataset,"auxiliary; benchmark; dataset; source_suffix=arXiv, 20250429",258,,,,no,yes,yes,yes,yes,3,no,no,,covered_as_map_marker,covered_as_map_marker,no_action,title,AI-GenBench: A New Ongoing Benchmark for AI-Generated Image Detection,curated:c9c2682178c0f22b648f,no,ambiguous exact title: AI-GenBench: A New Ongoing Benchmark for AI-Generated Image Detection | AI-GenBench: A New Ongoing Benchmark for AI-Generated Image Detection,,,,,AI-GenBench: A New Ongoing Benchmark for AI-Generated Image Detection,2025,,0.000,,0.000,,0.000
Enhancing Synthetic Generated-Images Detection through Post-Hoc Calibration,2025,detection,Z_Update_SID-2018-2025.docx,Dataset,"auxiliary; dataset; source_suffix=WACV Workshop, 2025",259,,,,no,no,yes,yes,yes,1,no,no,,covered_as_map_marker,covered_as_map_marker,no_action,title,Enhancing Synthetic Generated-Images Detection Through Post-Hoc Calibration,,no,,,,,,Enhancing Synthetic Generated-Images Detection through Post-Hoc Calibration,2025,,0.000,,0.000,,0.000
FragFake: A Dataset for Fine-Grained Detection of Edited Images with Vision Language Models. 20250x0x,2025,detection,Z_Update_SID-2018-2025.docx,Dataset,auxiliary; dataset,260,,2505.15644,,no,no,yes,yes,yes,5,no,no,,covered_as_map_marker,covered_as_map_marker,no_action,arxiv,Can VLMs Detect and Localize Fine-Grained AI-Edited Images?,curated:4bafe8e39a3e39ed2088,no,,,MISSING_ADD,https://arxiv.org/abs/2505.15644,arXiv 2505.15644 connects FragFake original title to Can VLMs Detect and Localize Fine-Grained AI-Edited Images? Use current 13-author record; edited-image benchmark/method is in scope.,Can VLMs Detect and Localize Fine-Grained AI-Edited Images?,2025,,0.000,,0.000,,0.000
RAID: A Dataset for Testing the Adversarial Robustness of AI-Generated Image Detectors,2025,detection,Z_Update_SID-2018-2025.docx,Dataset,"auxiliary; dataset; source_suffix=arXiv, 20250605",261,,,,no,no,yes,yes,yes,6,no,no,,covered_as_map_marker,covered_as_map_marker,no_action,title,RAID: A Dataset for Testing the Adversarial Robustness of AI-Generated Image Detectors,curated:79adf19ca6991c1d85f8,no,,,,,,RAID: A Dataset for Testing the Adversarial Robustness of AI-Generated Image Detectors,2025,,0.000,,0.000,,0.000
Mirage: Unveiling Hidden Artifacts in Synthetic Images with Large Vision-Language Models,2025,detection,Z_Update_SID-2018-2025.docx,Dataset,"auxiliary; dataset; source_suffix=arXiv, 20251004",262,,,,no,no,yes,yes,yes,1,no,no,,covered_as_map_marker,covered_as_map_marker,no_action,title,Mirage: Unveiling Hidden Artifacts in Synthetic Images with Large Vision-Language Models,,no,,,,,,Mirage: Unveiling Hidden Artifacts in Synthetic Images with Large Vision-Language Models,2025,,0.000,,0.000,,0.000
RealHD: A High-Quality Dataset for Robust Detection of State-of-the-Art AI-Generated Images,2025,detection,Z_Update_SID-2018-2025.docx,Dataset,"auxiliary; dataset; source_suffix=ACM MM, 2025",263,10.1145/3746027.3755207,,,no,no,yes,yes,yes,3,no,no,,covered_as_map_marker,covered_as_map_marker,no_action,doi,RealHD: A High-Quality Dataset for Robust Detection of State-of-the-Art AI-Generated Images,curated:44a70bf5f21b5457102b,no,,,,,,RealHD: A High-Quality Dataset for Robust Detection of State-of-the-Art AI-Generated Images,2025,,0.000,,0.000,,0.000
Is Artificial Intelligence Generated Image Detection a Solved Problem?,2025,detection,Z_Update_SID-2018-2025.docx,Dataset,"auxiliary; dataset; source_suffix=NeurIPS, 2025",264,,,,no,no,yes,yes,yes,2,no,no,,covered_as_map_marker,covered_as_map_marker,no_action,title,Is Artificial Intelligence Generated Image Detection a Solved Problem?,curated:f158c57190bcd2c8405c,no,,,,,,Is Artificial Intelligence Generated Image Detection a Solved Problem?,2025,,0.000,,0.000,,0.000
Synthetic Image Verification in the Era of Generative Artificial Intelligence: What Works and What Isn’t There yet,2024,detection,Z_Update_SID-2018-2025.docx,Survey,"auxiliary; survey; source_suffix=IEEE Security & Privacy, 2024. 意",265,,,,yes,yes,yes,yes,yes,2,no,no,,covered_as_map_marker,covered_as_map_marker,no_action,title,Synthetic Image Verification in the Era of Generative Artificial Intelligence: What Works and What Isn’t There yet,,no,,,,,,Synthetic Image Verification in the Era of Generative Artificial Intelligence: What Works and What Isn’t There yet,2024,,0.000,,0.000,,0.000
Detecting Multimedia Generated by Large AI Models: A Survey,2024,detection,Z_Update_SID-2018-2025.docx,Survey,auxiliary; survey; source_suffix=arXiv 20240207. 美/意,266,,,,yes,no,yes,yes,yes,5,no,no,,covered_as_map_marker,covered_as_map_marker,no_action,title,Detecting Multimedia Generated by Large AI Models: A Survey,,no,,,,,,Detecting Multimedia Generated by Large AI Models: A Survey,2024,,0.000,,0.000,,0.000
"A Survey of Defenses against AI-generated Visual Media- Detection, Disruption, and Authentication",2024,detection,Z_Update_SID-2018-2025.docx,Survey,auxiliary; survey; source_suffix=arXiv 20240715 西交/武大,267,,,,no,no,yes,yes,yes,3,no,no,,covered_as_map_marker,covered_as_map_marker,no_action,title,"A Survey of Defenses Against AI-Generated Visual Media: Detection,Disruption, and Authentication",,no,,,,,,"A Survey of Defenses against AI-generated Visual Media- Detection, Disruption, and Authentication",2024,,0.000,,0.000,,0.000
AI-generated image detection algorithm based on classical-quantum hybrid neural network,2026,detection,Z_Update_SID_SIA_2026.docx,Detection,"source_suffix=Science China, 2026",268,,,,no,no,yes,yes,yes,5,no,no,,covered_as_map_marker,covered_as_map_marker,no_action,title,AI-Generated Image Detection Algorithm Based on Classical-Quantum Hybrid Neural Network,curated:211ea83fa8d41c8ec810,no,,,,,,AI-generated image detection algorithm based on classical-quantum hybrid neural network,2026,,0.000,,0.000,,0.000
Light2Lie: Detecting Deepfake Images Using Physical Reflectance Law,2026,detection,Z_Update_SID_SIA_2026.docx,Detection,"source_suffix=NDSS, 2026",269,10.14722/ndss.2026.230923,,https://openalex.org/W7160998329,no,no,yes,yes,yes,1,no,no,,covered_as_map_marker,covered_as_map_marker,no_action,doi,Light2Lie: Detecting Deepfake Images Using Physical Reflectance Laws,curated:af017ea331a2238112d7,no,,,SAME_PAPER_TITLE_VARIANT,https://www.ndss-symposium.org/ndss-paper/light2lie-detecting-deepfake-images-using-physical-reflectance-laws/,Official NDSS and DOI metadata confirm plural Laws and all four authors; singular Law is checklist transcription.,Light2Lie: Detecting Deepfake Images Using Physical Reflectance Laws,2026,,0.000,,0.000,,0.000
"""That’s another doom I haven’t thought about"": A User Study on AI Labels as a Safeguard Against Image-Based Misinformation. CHI, 2026",2026,detection,Z_Update_SID_SIA_2026.docx,Detection,,270,10.1145/3772318.3791006,2505.22845,https://openalex.org/W4416604008,no,no,yes,yes,yes,5,no,no,,covered_as_map_marker,covered_as_map_marker,no_action,doi,"""That's Another Doom I Haven't Thought About"": A User Study on AI Labels as a Safeguard Against Image-Based Misinformation",curated:75cbd31c9946c7eb7977,no,,,SAME_PAPER_TITLE_VARIANT,https://api.crossref.org/works/10.1145/3772318.3791006,"Crossref DOI, arXiv identity and nine authors confirm quote/apostrophe and appended CHI citation variants.","""That's Another Doom I Haven't Thought About"": A User Study on AI Labels as a Safeguard Against Image-Based Misinformation",2026,,0.000,,0.000,,0.000
"All Patches Matter, More Patches Better: Enhance AI-Generated Image Detection via Panoptic Patch Learning",2026,detection,Z_Update_SID_SIA_2026.docx,Detection,"source_suffix=ICLR, 2026",271,,,,no,no,yes,yes,yes,4,no,no,,covered_as_map_marker,covered_as_map_marker,no_action,title,"All Patches Matter, More Patches Better: Enhance AI-Generated Image Detection via Panoptic Patch Learning",curated:386ccd052b812587c286,no,,,,,,"All Patches Matter, More Patches Better: Enhance AI-Generated Image Detection via Panoptic Patch Learning",2026,,0.000,,0.000,,0.000
FakeReasoning: Towards Generalizable Forgery Detection and Reasoning,2026,detection,Z_Update_SID_SIA_2026.docx,Detection,"source_suffix=TIP, 2026",272,10.1109/tip.2026.3673967,2503.21210,https://openalex.org/W7140634248,no,no,yes,yes,yes,2,no,no,,covered_as_map_marker,covered_as_map_marker,no_action,doi,Toward Generalizable Forgery Detection and Reasoning,curated:038a578e520799c8671e,no,,,EXISTING_CURRENT,https://github.com/PRIS-CV/FakeReasoning; https://arxiv.org/abs/2503.21210,"Official FakeReasoning repository and arXiv 2503.21210 connect checklist title to Toward Generalizable Forgery Detection and Reasoning, TIP 2026. Preserve expanded published author list.",Toward Generalizable Forgery Detection and Reasoning,2026,,0.000,,0.000,,0.000
SynerDetect: Hierarchical Synergistic Learning for Generalizable AI-Generated Image Detection,2026,detection,Z_Update_SID_SIA_2026.docx,Detection,"source_suffix=AAAI, 2026",273,,,,no,no,yes,yes,yes,3,no,no,,covered_as_map_marker,covered_as_map_marker,no_action,title,SynerDetect: Hierarchical Synergistic Learning for Generalizable AI-Generated Image Detection,curated:ec9e2d806450150723a4,no,,,,,,SynerDetect: Hierarchical Synergistic Learning for Generalizable AI-Generated Image Detection,2026,,0.000,,0.000,,0.000
Self-Supervised AI-Generated Image Detection: A Camera Metadata Perspective,2026,detection,Z_Update_SID_SIA_2026.docx,Detection,"source_suffix=TPAMI, 2026",274,,,,no,no,yes,yes,yes,3,no,no,,covered_as_map_marker,covered_as_map_marker,no_action,title,Self-Supervised AI-Generated Image Detection: A Camera Metadata Perspective,curated:29878fee09624b7d105d,no,,,,,,Self-Supervised AI-Generated Image Detection: A Camera Metadata Perspective,2026,,0.000,,0.000,,0.000
Penny-Wise and Pound-Foolish in AI-Generated Image Detection,2026,detection,Z_Update_SID_SIA_2026.docx,Detection,"source_suffix=TPAMI, 2026",275,,,,no,no,yes,yes,yes,3,no,no,,covered_as_map_marker,covered_as_map_marker,no_action,title,Penny-Wise and Pound-Foolish in AI-Generated Image Detection,,no,,,,,,Penny-Wise and Pound-Foolish in AI-Generated Image Detection,2026,,0.000,,0.000,,0.000
DCNet: Learning Similarity and Spatial Complementary Features for Generalized AI-Generated Image Detection,2026,detection,Z_Update_SID_SIA_2026.docx,Detection,"source_suffix=TCSVT, 2026",276,,,,no,no,yes,yes,yes,3,no,no,,covered_as_map_marker,covered_as_map_marker,no_action,title,DCNet: Learning Similarity and Spatial Complementary Features for Generalized AI-Generated Image Detection,,no,,,,,,DCNet: Learning Similarity and Spatial Complementary Features for Generalized AI-Generated Image Detection,2026,,0.000,,0.000,,0.000
Semantic Distribution and Authenticity Discrepancy Alignment for AI-Generated Image Detection,2026,detection,Z_Update_SID_SIA_2026.docx,Detection,"source_suffix=TMM, 2026",277,,,,no,no,yes,yes,yes,4,no,no,,covered_as_map_marker,covered_as_map_marker,no_action,title,Semantic Distribution and Authenticity Discrepancy Alignment for AI-Generated Image Detection,,no,,,,,,Semantic Distribution and Authenticity Discrepancy Alignment for AI-Generated Image Detection,2026,,0.000,,0.000,,0.000
Adversarial Diffusion Model: Generating High-Quality and Undetectable Images From Scratch,2026,detection,Z_Update_SID_SIA_2026.docx,Detection,"source_suffix=TIFS, 2026",278,,,,no,no,yes,yes,yes,1,no,no,,covered_as_map_marker,covered_as_map_marker,no_action,title,Adversarial Diffusion Model: Generating High-Quality and Undetectable Images from Scratch,curated:17c17b87dfcd355ab1ba,no,,,,,,Adversarial Diffusion Model: Generating High-Quality and Undetectable Images From Scratch,2026,,0.000,,0.000,,0.000
"GReX-Bench: Benchmarking Generalization, Robustness, and Explainability in AI-Generated Image Detection",2026,detection,Z_Update_SID_SIA_2026.docx,Detection,"auxiliary; benchmark; source_suffix=Research Square, 2026",279,,,,yes,yes,yes,yes,yes,2,no,no,,covered_as_map_marker,covered_as_map_marker,no_action,title,"GReX-Bench: Benchmarking Generalization, Robustness, and Explainability in AI-Generated Image Detection",,no,,,,,,"GReX-Bench: Benchmarking Generalization, Robustness, and Explainability in AI-Generated Image Detection",2026,,0.000,,0.000,,0.000
Transferable Dual-Domain Feature Importance Attack against AI-Generated Image Detector,2026,detection,Z_Update_SID_SIA_2026.docx,Detection,"source_suffix=SPL, 2026",280,,,,no,no,yes,yes,yes,4,no,no,,covered_as_map_marker,covered_as_map_marker,no_action,title,Transferable Dual-Domain Feature Importance Attack Against AI-Generated Image Detector,,no,,,,,,Transferable Dual-Domain Feature Importance Attack against AI-Generated Image Detector,2026,,0.000,,0.000,,0.000
General and Domain-Specific Zero-shot Detection of Generated Images via Conditional Likelihood,2026,detection,Z_Update_SID_SIA_2026.docx,Detection,"source_suffix=WACV, 2026",281,,,,no,no,yes,yes,yes,2,no,no,,covered_as_map_marker,covered_as_map_marker,no_action,title,General and Domain-Specific Zero-Shot Detection of Generated Images via Conditional Likelihood,curated:f105a82454d369e100b9,no,,,,,,General and Domain-Specific Zero-shot Detection of Generated Images via Conditional Likelihood,2026,,0.000,,0.000,,0.000
Training-free Detection of Text-to-video Generations via Over-coherence,2026,detection,Z_Update_SID_SIA_2026.docx,Detection,"source_suffix=WACV, 2026",282,,,,no,no,no,no,no,0,no,no,,excluded,excluded,no_action,,,,no,,"[{""created_at"": ""2026-09-08T00:00:00Z"", ""created_by"": ""targeted_reconciliation"", ""doi"": """", ""excluded_from_map"": ""true"", ""excluded_from_public_preview"": ""true"", ""exclusion_id"": ""exclusion-9f5d62eaf196470e9eff250d1e9baba9"", ""is_active"": ""true"", ""metadata_source"": """", ""openalex_url"": """", ""paper_id"": """", ""reason"": ""out_of_scope"", ""restore_note"": """", ""restored_at"": """", ""review_note"": ""Official WACV 2026 proceedings describe text-to-video detection through temporal over-coherence; video-only method is outside generated-image scope. Evidence: https://openaccess.thecvf.com/content/WACV2026/html/Brokman_Training-free_Detection_of_Text-to-video_Generations_via_Over-coherence_WACV_2026_paper.html"", ""source_database"": """", ""title"": ""Training-free Detection of Text-to-video Generations via Over-coherence"", ""year"": ""2026""}]",EXCLUDE,https://openaccess.thecvf.com/content/WACV2026/html/Brokman_Training-free_Detection_of_Text-to-video_Generations_via_Over-coherence_WACV_2026_paper.html,Official WACV 2026 proceedings describe text-to-video detection through temporal over-coherence; video-only method is outside generated-image scope.,Training-free Detection of Text-to-video Generations via Over-coherence,2026,,0.000,,0.000,,0.000
The SAFE Image Authenticity Challenge: Detecting and Localizing Partial and Fully Synthetic Manipulations,2026,detection,Z_Update_SID_SIA_2026.docx,Detection,"source_suffix=WACV workshop, 2026",283,10.1109/wacvw68408.2026.00103,,,no,no,yes,yes,yes,2,no,no,,covered_as_map_marker,covered_as_map_marker,no_action,doi,The SAFE Image Authenticity Challenge: Detecting and Localizing Partial and Fully Synthetic Manipulations,curated:f0a62826c32151c731c7,no,,,MISSING_ADD,https://doi.org/10.1109/wacvw68408.2026.00103,Official WACV workshop paper confirms seven authors and 2026 challenge for partial/fully synthetic image detection and localization. Add pending review with no inferred affiliations.,The SAFE Image Authenticity Challenge: Detecting and Localizing Partial and Fully Synthetic Manipulations,2026,,0.000,,0.000,,0.000
Forensic Detection of Generated MRI Imagery Using Autoregressive Modeling and Frequency Analysis,2026,detection,Z_Update_SID_SIA_2026.docx,Detection,"source_suffix=WACV workshops, 2026",284,,,,no,no,yes,yes,yes,1,no,no,,covered_as_map_marker,covered_as_map_marker,no_action,title,Forensic Detection of Generated MRI Imagery Using Autoregressive Modeling and Frequency Analysis,curated:6976641cbfe602a7e617,no,,,,,,Forensic Detection of Generated MRI Imagery Using Autoregressive Modeling and Frequency Analysis,2026,,0.000,,0.000,,0.000
CTForensics: A Comprehensive Dataset and Method for AI-Generated CT Image Detection,2026,detection,Z_Update_SID_SIA_2026.docx,Detection,"source_suffix=arXiv, 20260302",285,,,,no,no,yes,yes,yes,4,no,no,,covered_as_map_marker,covered_as_map_marker,no_action,title,CTForensics: A Comprehensive Dataset and Method for AI-Generated CT Image Detection,curated:a05de778283ed84d3f90,no,,,,,,CTForensics: A Comprehensive Dataset and Method for AI-Generated CT Image Detection,2026,,0.000,,0.000,,0.000
"Prompt-Engineered Detection of AI-Generated Images. New Trends in Intelligent Software Methodologies, Tools and Techniques, 2026",2026,detection,Z_Update_SID_SIA_2026.docx,Detection,,286,10.3233/faia250538,,https://openalex.org/W4414266830,no,no,yes,yes,yes,1,no,no,,covered_as_map_marker,covered_as_map_marker,no_action,doi,Prompt-Engineered Detection of AI-Generated Images,curated:772bb625ccc3e45e8481,no,,,EXISTING_CURRENT,https://api.crossref.org/works/10.3233/faia250538,"Crossref DOI and Ferrara/Galteri establish publication in 2025, not checklist 2026. Existing formal record is current; correct checklist year only.",Prompt-Engineered Detection of AI-Generated Images,2025,,0.000,,0.000,,0.000
Localizing Perceptual Artifacts in Synthetic Images for Image Quality Assessment via Deep-Learning-Based Anomaly Detection,2026,detection,Z_Update_SID_SIA_2026.docx,Detection,"source_suffix=Electronics, 2026",287,10.3390/electronics15050916,,,no,no,no,no,no,0,no,no,,excluded,excluded,no_action,,,,no,,"[{""created_at"": ""2026-09-08T00:00:00Z"", ""created_by"": ""targeted_reconciliation"", ""doi"": ""10.3390/electronics15050916"", ""excluded_from_map"": ""true"", ""excluded_from_public_preview"": ""true"", ""exclusion_id"": ""exclusion-e90e9f8a47eb43e2b53702037d6e5fe7"", ""is_active"": ""true"", ""metadata_source"": """", ""openalex_url"": """", ""paper_id"": """", ""reason"": ""out_of_scope"", ""restore_note"": """", ""restored_at"": """", ""review_note"": ""Publisher/Crossref abstract targets perceptual defects for image quality assurance and editing, not forensic origin detection or manipulation localization. Exclude consistently with existing fidelity-only scope decisions. Evidence: https://www.mdpi.com/2079-9292/15/5/916; https://api.crossref.org/works/10.3390/electronics15050916"", ""source_database"": """", ""title"": ""Localizing Perceptual Artifacts in Synthetic Images for Image Quality Assessment via Deep-Learning-Based Anomaly Detection"", ""year"": ""2026""}]",EXCLUDE,https://www.mdpi.com/2079-9292/15/5/916; https://api.crossref.org/works/10.3390/electronics15050916,"Publisher/Crossref abstract targets perceptual defects for image quality assurance and editing, not forensic origin detection or manipulation localization. Exclude consistently with existing fidelity-only scope decisions.",Localizing Perceptual Artifacts in Synthetic Images for Image Quality Assessment via Deep-Learning-Based Anomaly Detection,2026,,0.000,,0.000,,0.000
Transformer Based on Multi-Domain Feature Fusion for AI-Generated Image Detection,2026,detection,Z_Update_SID_SIA_2026.docx,Detection,"source_suffix=Electronics, 2026",288,,,,no,no,yes,yes,yes,1,no,no,,covered_as_map_marker,covered_as_map_marker,no_action,title,Transformer Based on Multi-Domain Feature Fusion for AI-Generated Image Detection,curated:67a6b7828afaed59e1c0,no,,,,,,Transformer Based on Multi-Domain Feature Fusion for AI-Generated Image Detection,2026,,0.000,,0.000,,0.000
"What is Real Anymore? A Solution to Detect Hyper Realistic AI-Generated Imagery. CCWC, 2026",2026,detection,Z_Update_SID_SIA_2026.docx,Detection,,289,10.1109/ccwc67433.2026.11393845,,https://openalex.org/W7131430408,no,no,yes,yes,yes,1,no,no,,covered_as_map_marker,covered_as_map_marker,no_action,doi,What Is Real Anymore? A Solution to Detect Hyper Realistic AI-Generated Imagery,,no,,,SAME_PAPER_TITLE_VARIANT,https://api.crossref.org/works/10.1109/ccwc67433.2026.11393845,"Crossref DOI, five authors and CCWC 2026 confirm appended citation variant.",What Is Real Anymore? A Solution to Detect Hyper Realistic AI-Generated Imagery,2026,,0.000,,0.000,,0.000
FANB-Net: Frequency-Awared Attention and Noise-Injected Boosting for AI-Generated Image Detection. MMM 2026,2026,detection,Z_Update_SID_SIA_2026.docx,Detection,,290,10.1007/978-981-95-6960-1_26,,https://openalex.org/W7127900552,no,no,yes,yes,yes,2,no,no,,covered_as_map_marker,covered_as_map_marker,no_action,doi,FANB-Net: Frequency-Awared Attention and Noise-Injected Boosting for AI-Generated Image Detection,curated:c420495aae5c20e0ea2a,no,,,SAME_PAPER_TITLE_VARIANT,https://api.crossref.org/works/10.1007/978-981-95-6960-1_26,"Crossref DOI, six authors and MMM 2026 confirm punctuation/spacing and appended citation variant.",FANB-Net: Frequency-Awared Attention and Noise-Injected Boosting for AI-Generated Image Detection,2026,,0.000,,0.000,,0.000
Privacy-preserving and zero-shot detection strategies for multimodal AI-generated content,2026,detection,Z_Update_SID_SIA_2026.docx,Detection,"source_suffix=Neurocomputing, 2026",291,,,,no,no,yes,yes,yes,1,no,no,,covered_as_map_marker,covered_as_map_marker,no_action,title,Privacy-Preserving and Zero-Shot Detection Strategies for Multimodal AI-Generated Content,curated:0f774e5d7c63020bdc50,no,,,,,,Privacy-preserving and zero-shot detection strategies for multimodal AI-generated content,2026,,0.000,,0.000,,0.000
Harnessing attention for cropping and fusion in CLIP-based AIGC detection,2026,detection,Z_Update_SID_SIA_2026.docx,Detection,"source_suffix=Neurocomputing, 2026",292,,,,no,no,yes,yes,yes,1,no,no,,covered_as_map_marker,covered_as_map_marker,no_action,title,Harnessing Attention for Cropping and Fusion in CLIP-Based AIGC Detection,,no,,,,,,Harnessing attention for cropping and fusion in CLIP-based AIGC detection,2026,,0.000,,0.000,,0.000
E2GenF: Universal AIGC image detection based on edge enhanced generalizable features,2026,detection,Z_Update_SID_SIA_2026.docx,Detection,"source_suffix=PRL, 2026",293,,,,no,no,yes,yes,yes,2,no,no,,covered_as_map_marker,covered_as_map_marker,no_action,title,E2GenF: Universal AIGC Image Detection Based on Edge Enhanced Generalizable Features,,no,,,,,,E2GenF: Universal AIGC image detection based on edge enhanced generalizable features,2026,,0.000,,0.000,,0.000
Dynamic Ensemble of Deepfake Detectors Conditioned on CLIP Features,2026,detection,Z_Update_SID_SIA_2026.docx,Detection,"source_suffix=Computer Vision Winter Workshop, 2026",294,,,,no,no,yes,yes,yes,1,no,no,,covered_as_map_marker,covered_as_map_marker,no_action,title,Dynamic Ensemble of Deepfake Detectors Conditioned on CLIP Features,curated:980afddea0a156b5020b,no,,,MISSING_ADD,https://cmp.felk.cvut.cz/cvww2026/assets/pdfs/CVWW2026-31-final.pdf,Official CVWW 2026 proceedings and individual paper confirm two authors and still-image generated-content detection across GAN/diffusion generators. Add conference paper pending review.,Dynamic Ensemble of Deepfake Detectors Conditioned on CLIP Features,2026,,0.000,,0.000,,0.000
IoT-Oriented Security for Small Sensor Systems Using DnCNN Denoising and Multimodal Feature Fusion for Image Forgery Detection,2026,detection,Z_Update_SID_SIA_2026.docx,Detection,"source_suffix=Sensors, 2026",295,,,,no,no,yes,yes,yes,3,no,no,,covered_as_map_marker,covered_as_map_marker,no_action,title,IoT-Oriented Security for Small Sensor Systems Using DnCNN Denoising and Multimodal Feature Fusion for Image Forgery Detection,curated:3ea88dc6c3224d22d416,no,,,,,,IoT-Oriented Security for Small Sensor Systems Using DnCNN Denoising and Multimodal Feature Fusion for Image Forgery Detection,2026,,0.000,,0.000,,0.000
"Interpol review of detection of AI-generated image and video deepfakes, 2022-2025",2026,detection,Z_Update_SID_SIA_2026.docx,Detection,"auxiliary; survey; source_suffix=Forensic Science International: Synergy, 2026",296,,,,no,no,yes,yes,yes,2,no,no,,covered_as_map_marker,covered_as_map_marker,no_action,title,"Interpol Review of Detection of AI-Generated Image and Video Deepfakes, 2022-2025",,no,,,,,,"Interpol review of detection of AI-generated image and video deepfakes, 2022-2025",2026,,0.000,,0.000,,0.000
Forensic Invariant Learning for Synthetic Image Detection: Bridging Benford’s Law and Topological Analysis with Machine Learning Ensembles,2026,detection,Z_Update_SID_SIA_2026.docx,Detection,"source_suffix=QPAIN, 2026",297,,,,no,no,yes,yes,yes,2,no,no,,covered_as_map_marker,covered_as_map_marker,no_action,title,Forensic Invariant Learning for Synthetic Image Detection: Bridging Benford's Law and Topological Analysis with Machine Learning Ensembles,curated:89c6548802e6878c18c8,no,,,,,,Forensic Invariant Learning for Synthetic Image Detection: Bridging Benford’s Law and Topological Analysis with Machine Learning Ensembles,2026,,0.000,,0.000,,0.000
Layer Consistency Matters: Elegant Latent Transition Discrepancy for Generalizable Synthetic Image Detection,2026,detection,Z_Update_SID_SIA_2026.docx,Detection,"source_suffix=arXiv, 20260311",298,,,,no,no,yes,yes,yes,1,no,no,,covered_as_map_marker,covered_as_map_marker,no_action,title,Layer Consistency Matters: Elegant Latent Transition Discrepancy for Generalizable Synthetic Image Detection,curated:3fcd3bc4dd2c9d8c3b80,no,,,,,,Layer Consistency Matters: Elegant Latent Transition Discrepancy for Generalizable Synthetic Image Detection,2026,,0.000,,0.000,,0.000
Adaptive Forensic Feature Refinement via Intrinsic Importance Perception,2026,detection,Z_Update_SID_SIA_2026.docx,Detection,"source_suffix=arXiv, 20260422",299,,,,no,no,yes,yes,yes,3,no,no,,covered_as_map_marker,covered_as_map_marker,no_action,title,Adaptive Forensic Feature Refinement via Intrinsic Importance Perception,,no,,,,,,Adaptive Forensic Feature Refinement via Intrinsic Importance Perception,2026,,0.000,,0.000,,0.000
