audit_id,review_group_id,mapping_id,paper_id,paper_title,year,doi,openalex_url,author,current_institution,current_institution_id,raw_affiliation,suggested_canonical_institution,suggested_institution_id,provenance,severity,issue_type,classification,is_blocking,reason,recommended_action,resolution_status
institution-consistency:0b5a3a5055ccbc4c2b1f,institution-review-group:565d240f5343e625ae57,,,,,,,,Alibaba Inc,institution:6faf58b52bec4e39,,Alibaba Group,institution:73f449eb6a3c05d3,unresolved,low,duplicate_institution,institution review,false,Why flagged: multiple active institution entities have semantically equivalent canonical names.,Review aliases and merge only with explicit confirmation.,unresolved
institution-consistency:b077c5af362fd6eb0e9a,institution-review-group:565d240f5343e625ae57,,,,,,,,University of Sydney,institution:965434eee0b97685,,The University of Sydney,institution:1984e5f97afb62d8,unresolved,low,duplicate_institution,institution review,false,Why flagged: multiple active institution entities have semantically equivalent canonical names.,Review aliases and merge only with explicit confirmation.,unresolved
institution-consistency:98cad10c796b21aa386d,institution-review-group:565d240f5343e625ae57,,,,,,,,Jinan University,institution:8632718a2c1444c6,,University of Jinan,institution:4dc98405f4a72728,unresolved,low,duplicate_institution,institution review,false,Why flagged: multiple active institution entities have semantically equivalent canonical names.,Review aliases and merge only with explicit confirmation.,unresolved
institution-consistency:7173133fbcced08b89d3,institution-review-group:565d240f5343e625ae57,,,,,,,,Zhejiang Lab,institution:2f8c9f8f9209013d,,Zhejiang University,institution:e433baf78e80004b,unresolved,low,duplicate_institution,institution review,false,Why flagged: multiple active institution entities have semantically equivalent canonical names.,Review aliases and merge only with explicit confirmation.,unresolved
institution-consistency:6bc7b8d7f622528f2691,institution-review-group:565d240f5343e625ae57,,,,,,,,China People's Public Security University,institution:b3e3a87d3fc950c5,,People's Public Security University of China,institution:48441fb89f75bf9d,unresolved,low,duplicate_institution,institution review,false,Why flagged: multiple active institution entities have semantically equivalent canonical names.,Review aliases and merge only with explicit confirmation.,unresolved
institution-consistency:f83d661380b30a4f4dcb,institution-review-group:565d240f5343e625ae57,,,,,,,,"Chinese University of Hong Kong, Shenzhen",institution:d31a9474efa16c6c,,"The Chinese University of Hong Kong, Shenzhen",institution:5dbb9ac6a407e079,unresolved,low,duplicate_institution,institution review,false,Why flagged: multiple active institution entities have semantically equivalent canonical names.,Review aliases and merge only with explicit confirmation.,unresolved
institution-consistency:f12cb77c3c0dc75a05ec,institution-review-group:565d240f5343e625ae57,,,,,,,,University of Chinese Academy of Sciences,institution:69309405e04976ec,,Chinese Academy of Sciences,institution:3afb6cc453e0a8d9,unresolved,low,duplicate_institution,institution review,false,Why flagged: multiple active institution entities have semantically equivalent canonical names.,Review aliases and merge only with explicit confirmation.,unresolved
institution-consistency:58fa9a1093ff9bfb4102,institution-review-group:565d240f5343e625ae57,,,,,,,,Northeastern University,institution:0008285766dcabc7,,Northeastern University,institution:ff1a1bc95dbe91a8,unresolved,low,duplicate_institution,institution review,false,Why flagged: multiple active institution entities have semantically equivalent canonical names.,Review aliases and merge only with explicit confirmation.,unresolved
institution-consistency:621167b20caa06c8721d,institution-review-group:fed901945b0da2ad5bfd,mapping:3ac937fe727eb34f0b2c,openalex:W4393021531,A COMPARATIVE REVIEW OF AI-GENERATED IMAGE DETECTION ACROSS SOCIAL MEDIA PLATFORMS,2024,10.62304/jieet.v3i01.77,https://openalex.org/W4393021531,Afia Farjana Mifa,Lamar University,institution:bec45b93a867958c,"College of Business, Beaumont, Texas, USA.",,,manually_confirmed,low,author_institution_conflict,possible multiple affiliation,false,"Why flagged: current institution has weak compatibility with the preserved affiliation evidence, but no strong contradictory institution was identified.",Verify affiliation evidence and canonical institution.,unresolved
institution-consistency:956560289470b0b05e8b,institution-review-group:c66a1e3d4732a7784ce2,mapping:3ac937fe727eb34f0b2c,openalex:W4393021531,A COMPARATIVE REVIEW OF AI-GENERATED IMAGE DETECTION ACROSS SOCIAL MEDIA PLATFORMS,2024,10.62304/jieet.v3i01.77,https://openalex.org/W4393021531,Anjuman Ara,Lamar University,institution:bec45b93a867958c,"College of Business, Beaumont, Texas, USA.",,,manually_confirmed,low,author_institution_conflict,possible multiple affiliation,false,"Why flagged: current institution has weak compatibility with the preserved affiliation evidence, but no strong contradictory institution was identified.",Verify affiliation evidence and canonical institution.,unresolved
institution-consistency:343a0244c7930800e1a1,institution-review-group:4e45e56457fdf95f78ea,mapping:3ac937fe727eb34f0b2c,openalex:W4393021531,A COMPARATIVE REVIEW OF AI-GENERATED IMAGE DETECTION ACROSS SOCIAL MEDIA PLATFORMS,2024,10.62304/jieet.v3i01.77,https://openalex.org/W4393021531,Kamrujjaman,Lamar University,institution:bec45b93a867958c,"College of Business, Beaumont, Texas, USA.",,,manually_confirmed,low,author_institution_conflict,possible multiple affiliation,false,"Why flagged: current institution has weak compatibility with the preserved affiliation evidence, but no strong contradictory institution was identified.",Verify affiliation evidence and canonical institution.,unresolved
institution-consistency:38087d40de781fc7314a,institution-review-group:c9b7c07fe4f975803b6b,mapping:3ac937fe727eb34f0b2c,openalex:W4393021531,A COMPARATIVE REVIEW OF AI-GENERATED IMAGE DETECTION ACROSS SOCIAL MEDIA PLATFORMS,2024,10.62304/jieet.v3i01.77,https://openalex.org/W4393021531,Md Sajadul Alam,Lamar University,institution:bec45b93a867958c,"College of Business, Beaumont, Texas, USA.",,,manually_confirmed,low,author_institution_conflict,possible multiple affiliation,false,"Why flagged: current institution has weak compatibility with the preserved affiliation evidence, but no strong contradictory institution was identified.",Verify affiliation evidence and canonical institution.,unresolved
institution-consistency:aae1930aead56da1bd77,institution-review-group:38c608fa216529c5c2be,mapping:500b21a30c88b9c79858,openalex:W7155245437,Adaptive Forensic Feature Refinement via Intrinsic Importance Perception,2026,,https://openalex.org/W7155245437,Junjun Zheng,Alibaba Inc,institution:6faf58b52bec4e39,"Alibaba Inc, Hangzhou, China",Alibaba Group,institution:73f449eb6a3c05d3,curated_import,low,parent_child_inconsistency,parent-child issue,false,Why flagged: affiliation evidence names a confirmed child institution while the mapping points to its parent; the relationship is compatible and is not a conflict.,Review whether the mapping should use the more specific child institution.,unresolved
institution-consistency:d9fb23baee1f974f9576,institution-review-group:2b0f418eb96b2ae63973,mapping:500b21a30c88b9c79858,openalex:W7155245437,Adaptive Forensic Feature Refinement via Intrinsic Importance Perception,2026,,https://openalex.org/W7155245437,Xiangheng Kong,Alibaba Inc,institution:6faf58b52bec4e39,"Alibaba Inc, Hangzhou, China",Alibaba Group,institution:73f449eb6a3c05d3,curated_import,low,parent_child_inconsistency,parent-child issue,false,Why flagged: affiliation evidence names a confirmed child institution while the mapping points to its parent; the relationship is compatible and is not a conflict.,Review whether the mapping should use the more specific child institution.,unresolved
institution-consistency:2d0b18d399fd5ca7f049,institution-review-group:601719065df710b388bb,mapping:37226513ee9bb670e2a9,openalex:W7117078863,AdaptPrompt: Parameter-Efficient Adaptation of VLMs for Generalizable Deepfake Detection,2025,,https://openalex.org/W7117078863,Mohammed Talha Alam,Mohamed bin Zayed University of Artificial Intelligence,institution:f04b96a9716ab2f4,"MBZUAI, UAE",,,curated_import,low,author_institution_conflict,possible multiple affiliation,false,"Why flagged: current institution has weak compatibility with the preserved affiliation evidence, but no strong contradictory institution was identified.",Verify affiliation evidence and canonical institution.,unresolved
institution-consistency:ea03a8a41079e2cce708,institution-review-group:bc3bdafcbdf2a7ad18c7,mapping:59fdda701b76db9535d9,curated:d1195175f50833c90a64,ADRD: Detecting diffusion-generated images via adversarial perturbation induced reconstruction discrepancy,2026,10.1371/journal.pone.0350655,https://openalex.org/W7168285345,Mei Sun,Jiaxing Vocational Technical College,institution:d9bedf96789f3033,"School of Internet, Jiaxing Vocational and Technical College, Jiaxing, Zhejiang, China",,,manually_confirmed,low,alias_missing,alias issue,false,Why flagged: mapping differs only by an institution-name variant; the names are semantically compatible but the alias is not registered.,Review and add alias if this wording recurs.,unresolved
institution-consistency:53125f3f65997f8ecc1b,institution-review-group:167866d249def1530e03,mapping:59fdda701b76db9535d9,curated:d1195175f50833c90a64,ADRD: Detecting diffusion-generated images via adversarial perturbation induced reconstruction discrepancy,2026,10.1371/journal.pone.0350655,https://openalex.org/W7168285345,Shuangxi Chen,Jiaxing Vocational Technical College,institution:d9bedf96789f3033,"School of Internet, Jiaxing Vocational and Technical College, Jiaxing, Zhejiang, China",,,manually_confirmed,low,alias_missing,alias issue,false,Why flagged: mapping differs only by an institution-name variant; the names are semantically compatible but the alias is not registered.,Review and add alias if this wording recurs.,unresolved
institution-consistency:25b9d571e580e437d340,institution-review-group:8d6e19c010fe046a97d8,mapping:59fdda701b76db9535d9,curated:d1195175f50833c90a64,ADRD: Detecting diffusion-generated images via adversarial perturbation induced reconstruction discrepancy,2026,10.1371/journal.pone.0350655,https://openalex.org/W7168285345,Xiangwei Hu,Jiaxing Vocational Technical College,institution:d9bedf96789f3033,"School of Internet, Jiaxing Vocational and Technical College, Jiaxing, Zhejiang, China",,,manually_confirmed,low,alias_missing,alias issue,false,Why flagged: mapping differs only by an institution-name variant; the names are semantically compatible but the alias is not registered.,Review and add alias if this wording recurs.,unresolved
institution-consistency:e76e353ca69a896ecdd1,institution-review-group:632845a17c4d0e4b9fc8,mapping:59fdda701b76db9535d9,curated:d1195175f50833c90a64,ADRD: Detecting diffusion-generated images via adversarial perturbation induced reconstruction discrepancy,2026,10.1371/journal.pone.0350655,https://openalex.org/W7168285345,Yi Zhou,Jiaxing Vocational Technical College,institution:d9bedf96789f3033,"School of Internet, Jiaxing Vocational and Technical College, Jiaxing, Zhejiang, China",,,manually_confirmed,low,alias_missing,alias issue,false,Why flagged: mapping differs only by an institution-name variant; the names are semantically compatible but the alias is not registered.,Review and add alias if this wording recurs.,unresolved
institution-consistency:a397ebfbf13059118d5f,institution-review-group:5ff119c95f0504d37213,mapping:013b9bf833b95ce281ad,openalex:W4416252067,AI-GenBench: A New Ongoing Benchmark for AI-Generated Image Detection,2025,10.1109/ijcnn64981.2025.11228377,https://openalex.org/W4416252067,Davide Cozzolino,University of Naples Federico II,institution:d046d2c57bb3a863,"Dipartimento di Ingegneria Elettrica e delle Tecnologie dell’Informazione (DIETI) Universita degli Studi di Napoli Federico II, Naples, Italy",,,manually_confirmed,low,alias_missing,alias issue,false,Why flagged: mapping differs only by an institution-name variant; the names are semantically compatible but the alias is not registered.,Review and add alias if this wording recurs.,unresolved
institution-consistency:2d8fcc1463d7db33467e,institution-review-group:b79c184d0e6be3b37ac3,mapping:445b5f89cab4cdddba31,openalex:W4416252067,AI-GenBench: A New Ongoing Benchmark for AI-Generated Image Detection,2025,10.1109/ijcnn64981.2025.11228377,https://openalex.org/W4416252067,Davide Maltoni,University of Bologna,institution:e73ae6a6d6ff3735,"Dipartimento di Informatica - Scienza e Ingegneria (DISI) Universita di Bologna, Cesena, Italy",,,manually_confirmed,low,author_institution_conflict,possible multiple affiliation,false,"Why flagged: current institution has weak compatibility with the preserved affiliation evidence, but no strong contradictory institution was identified.",Verify affiliation evidence and canonical institution.,unresolved
institution-consistency:9a405e78c74c988efb89,institution-review-group:1a20807ef26ca8296185,mapping:445b5f89cab4cdddba31,openalex:W4416252067,AI-GenBench: A New Ongoing Benchmark for AI-Generated Image Detection,2025,10.1109/ijcnn64981.2025.11228377,https://openalex.org/W4416252067,Lorenzo Pellegrini,University of Bologna,institution:e73ae6a6d6ff3735,"Dipartimento di Informatica - Scienza e Ingegneria (DISI) Universita di Bologna, Cesena, Italy",,,manually_confirmed,low,author_institution_conflict,possible multiple affiliation,false,"Why flagged: current institution has weak compatibility with the preserved affiliation evidence, but no strong contradictory institution was identified.",Verify affiliation evidence and canonical institution.,unresolved
institution-consistency:7cbb81192ab6bd5400a9,institution-review-group:7ddf0d19a5db3649d3ea,mapping:013b9bf833b95ce281ad,openalex:W4416252067,AI-GenBench: A New Ongoing Benchmark for AI-Generated Image Detection,2025,10.1109/ijcnn64981.2025.11228377,https://openalex.org/W4416252067,Luisa Verdoliva,University of Naples Federico II,institution:d046d2c57bb3a863,"Dipartimento di Ingegneria Elettrica e delle Tecnologie dell’Informazione (DIETI) Universita degli Studi di Napoli Federico II, Naples, Italy",,,manually_confirmed,low,alias_missing,alias issue,false,Why flagged: mapping differs only by an institution-name variant; the names are semantically compatible but the alias is not registered.,Review and add alias if this wording recurs.,unresolved
institution-consistency:6bb627aeba385547d3cf,institution-review-group:24ef79890f503eb2d8ef,mapping:445b5f89cab4cdddba31,openalex:W4416252067,AI-GenBench: A New Ongoing Benchmark for AI-Generated Image Detection,2025,10.1109/ijcnn64981.2025.11228377,https://openalex.org/W4416252067,Matteo Ferrara,University of Bologna,institution:e73ae6a6d6ff3735,"Dipartimento di Informatica - Scienza e Ingegneria (DISI) Universita di Bologna, Cesena, Italy",,,manually_confirmed,low,author_institution_conflict,possible multiple affiliation,false,"Why flagged: current institution has weak compatibility with the preserved affiliation evidence, but no strong contradictory institution was identified.",Verify affiliation evidence and canonical institution.,unresolved
institution-consistency:ba1ec1c4fb44aed32f4c,institution-review-group:6508c4fe2381a0d09991,mapping:445b5f89cab4cdddba31,openalex:W4416252067,AI-GenBench: A New Ongoing Benchmark for AI-Generated Image Detection,2025,10.1109/ijcnn64981.2025.11228377,https://openalex.org/W4416252067,Serafino Pandolfini,University of Bologna,institution:e73ae6a6d6ff3735,"Dipartimento di Informatica - Scienza e Ingegneria (DISI) Universita di Bologna, Cesena, Italy",,,manually_confirmed,low,author_institution_conflict,possible multiple affiliation,false,"Why flagged: current institution has weak compatibility with the preserved affiliation evidence, but no strong contradictory institution was identified.",Verify affiliation evidence and canonical institution.,unresolved
institution-consistency:ea1e35f58dd4645f90db,institution-review-group:6015ae2143f85c4bb76b,mapping:b23b637b1e1894f67386,curated:211ea83fa8d41c8ec810,AI-Generated Image Detection Algorithm Based on Classical-Quantum Hybrid Neural Network,2026,10.1007/s11432-024-4475-4,https://openalex.org/W7123358516,Menghan Dou,"Origin Quantum Computing Technology (Hefei) Co., Ltd.",institution:502b0f4ec4bc4546,"6 Origin Quantum Computing Co., Ltd, Hefei 230026, China",,,manually_confirmed,low,author_institution_conflict,possible multiple affiliation,false,"Why flagged: current institution has weak compatibility with the preserved affiliation evidence, but no strong contradictory institution was identified.",Verify affiliation evidence and canonical institution.,unresolved
institution-consistency:394e768d5f80ed50a18a,institution-review-group:f8da44c91c58fa70b726,mapping:f4284edd4695718e3905,curated:386ccd052b812587c286,"All Patches Matter, More Patches Better: Enhance AI-Generated Image Detection via Panoptic Patch Learning",2026,,,Keyue Zhang,Tencent Youtu Lab,institution:3e78e883c14f8bb8,"Youtu Lab, Tencent",,,manually_confirmed,low,alias_missing,alias issue,false,Why flagged: mapping differs only by an institution-name variant; the names are semantically compatible but the alias is not registered.,Review and add alias if this wording recurs.,unresolved
institution-consistency:904f43c9a4f409b0326e,institution-review-group:0777075cdbd20352e1df,mapping:f4284edd4695718e3905,curated:386ccd052b812587c286,"All Patches Matter, More Patches Better: Enhance AI-Generated Image Detection via Panoptic Patch Learning",2026,,,Ruoxin Chen,Tencent Youtu Lab,institution:3e78e883c14f8bb8,"Youtu Lab, Tencent",,,manually_confirmed,low,alias_missing,alias issue,false,Why flagged: mapping differs only by an institution-name variant; the names are semantically compatible but the alias is not registered.,Review and add alias if this wording recurs.,unresolved
institution-consistency:f567ff056d8d268e144f,institution-review-group:05f16ade967979dcfa01,mapping:f4284edd4695718e3905,curated:386ccd052b812587c286,"All Patches Matter, More Patches Better: Enhance AI-Generated Image Detection via Panoptic Patch Learning",2026,,,Shouhong Ding,Tencent Youtu Lab,institution:3e78e883c14f8bb8,"Youtu Lab, Tencent",,,manually_confirmed,low,alias_missing,alias issue,false,Why flagged: mapping differs only by an institution-name variant; the names are semantically compatible but the alias is not registered.,Review and add alias if this wording recurs.,unresolved
institution-consistency:729c8fc217e1a38810cf,institution-review-group:75c3481f5b8c10425bbf,mapping:f4284edd4695718e3905,curated:386ccd052b812587c286,"All Patches Matter, More Patches Better: Enhance AI-Generated Image Detection via Panoptic Patch Learning",2026,,,Shuang Wu,Tencent Youtu Lab,institution:3e78e883c14f8bb8,"Youtu Lab, Tencent",,,manually_confirmed,low,alias_missing,alias issue,false,Why flagged: mapping differs only by an institution-name variant; the names are semantically compatible but the alias is not registered.,Review and add alias if this wording recurs.,unresolved
institution-consistency:37eefa3ee9207c725fb2,institution-review-group:c4abebd8857d33b076bb,mapping:f4284edd4695718e3905,curated:386ccd052b812587c286,"All Patches Matter, More Patches Better: Enhance AI-Generated Image Detection via Panoptic Patch Learning",2026,,,Taiping Yao,Tencent Youtu Lab,institution:3e78e883c14f8bb8,"Youtu Lab, Tencent",,,manually_confirmed,low,alias_missing,alias issue,false,Why flagged: mapping differs only by an institution-name variant; the names are semantically compatible but the alias is not registered.,Review and add alias if this wording recurs.,unresolved
institution-consistency:d680d979d178cc721f36,institution-review-group:e67259c8bbe9d7e9bfd9,mapping:60885b2524f55089d4f9,curated:1d944c47839b3890a623,Are handcrafted filters helpful for attributing AI-generated images?,2024,10.1145/3664647.3680945,https://openalex.org/W4403791664,Athanasios V. Vasilakos,University of Agder,institution:51bbeb5bfb404721,"University of Adger, Grimstad, Norway",,,curated_import,low,author_institution_conflict,possible multiple affiliation,false,"Why flagged: current institution has weak compatibility with the preserved affiliation evidence, but no strong contradictory institution was identified.",Verify affiliation evidence and canonical institution.,unresolved
institution-consistency:aea44680e9b05d81282d,institution-review-group:a25498ac4a4617a208c2,mapping:32a17d59bc8b60d6ee82,openalex:W4386590429,Artifact: A Large-Scale Dataset With Artificial And Factual Images For Generalizable And Robust Synthetic Image Detection,2023,10.1109/icip49359.2023.10222083,https://openalex.org/W4386590429,Bishmoy Paul,Bangladesh University of Engineering and Technology,institution:a273d5856c9d065c,"Dept. of EEE, BUET, Bangladesh",,,manually_confirmed,low,author_institution_conflict,possible multiple affiliation,false,"Why flagged: current institution has weak compatibility with the preserved affiliation evidence, but no strong contradictory institution was identified.",Verify affiliation evidence and canonical institution.,unresolved
institution-consistency:e1d01130d3b463d58f80,institution-review-group:c7f5b00150b8866cfbac,mapping:32a17d59bc8b60d6ee82,openalex:W4386590429,Artifact: A Large-Scale Dataset With Artificial And Factual Images For Generalizable And Robust Synthetic Image Detection,2023,10.1109/icip49359.2023.10222083,https://openalex.org/W4386590429,Md Awsafur Rahman,Bangladesh University of Engineering and Technology,institution:a273d5856c9d065c,"Dept. of EEE, BUET, Bangladesh",,,manually_confirmed,low,author_institution_conflict,possible multiple affiliation,false,"Why flagged: current institution has weak compatibility with the preserved affiliation evidence, but no strong contradictory institution was identified.",Verify affiliation evidence and canonical institution.,unresolved
institution-consistency:3ad029eff4c585450d64,institution-review-group:43b1fc8f85defbeda5db,mapping:32a17d59bc8b60d6ee82,openalex:W4386590429,Artifact: A Large-Scale Dataset With Artificial And Factual Images For Generalizable And Robust Synthetic Image Detection,2023,10.1109/icip49359.2023.10222083,https://openalex.org/W4386590429,Najibul Haque Sarker,Bangladesh University of Engineering and Technology,institution:a273d5856c9d065c,"Dept. of EEE, BUET, Bangladesh",,,manually_confirmed,low,author_institution_conflict,possible multiple affiliation,false,"Why flagged: current institution has weak compatibility with the preserved affiliation evidence, but no strong contradictory institution was identified.",Verify affiliation evidence and canonical institution.,unresolved
institution-consistency:f8c1238e962a58126cf4,institution-review-group:d1f9545ed6d83d63be57,mapping:32a17d59bc8b60d6ee82,openalex:W4386590429,Artifact: A Large-Scale Dataset With Artificial And Factual Images For Generalizable And Robust Synthetic Image Detection,2023,10.1109/icip49359.2023.10222083,https://openalex.org/W4386590429,Shaikh Anowarul Fattah,Bangladesh University of Engineering and Technology,institution:a273d5856c9d065c,"Dept. of EEE, BUET, Bangladesh",,,manually_confirmed,low,author_institution_conflict,possible multiple affiliation,false,"Why flagged: current institution has weak compatibility with the preserved affiliation evidence, but no strong contradictory institution was identified.",Verify affiliation evidence and canonical institution.,unresolved
institution-consistency:f38f71a19c9856ad94af,institution-review-group:4ca16bd67f2f7d679f0b,mapping:32a17d59bc8b60d6ee82,openalex:W4386590429,Artifact: A Large-Scale Dataset With Artificial And Factual Images For Generalizable And Robust Synthetic Image Detection,2023,10.1109/icip49359.2023.10222083,https://openalex.org/W4386590429,Zaber Ibn Abdul Hakim,Bangladesh University of Engineering and Technology,institution:a273d5856c9d065c,"Dept. of EEE, BUET, Bangladesh",,,manually_confirmed,low,author_institution_conflict,possible multiple affiliation,false,"Why flagged: current institution has weak compatibility with the preserved affiliation evidence, but no strong contradictory institution was identified.",Verify affiliation evidence and canonical institution.,unresolved
institution-consistency:59fc04d3fecd69663931,institution-review-group:1172ed4dc4f856c3c6b1,mapping:b8f33d38c88db04b2267,curated:78e64e4829587c072681,Attribution of AI-Generated Images Across Multiple Models: a Benchmark,2025,10.1007/978-3-032-11381-8_32,https://openalex.org/W7122619085,Giuseppe Mazzola,University of Palermo,institution:a407f4c649ba4c6a,"Dipartimento di Ingegneria, Università degli Studi di Palermo, 90128, Palermo, Italy",,,manually_confirmed,low,author_institution_conflict,possible multiple affiliation,false,"Why flagged: current institution has weak compatibility with the preserved affiliation evidence, but no strong contradictory institution was identified.",Verify affiliation evidence and canonical institution.,unresolved
institution-consistency:5aaeb277c91e713fc240,institution-review-group:3b8db8b83aab659804ae,mapping:b8f33d38c88db04b2267,curated:78e64e4829587c072681,Attribution of AI-Generated Images Across Multiple Models: a Benchmark,2025,10.1007/978-3-032-11381-8_32,https://openalex.org/W7122619085,Liliana Lo Presti,University of Palermo,institution:a407f4c649ba4c6a,"Dipartimento di Ingegneria, Università degli Studi di Palermo, 90128, Palermo, Italy",,,manually_confirmed,low,author_institution_conflict,possible multiple affiliation,false,"Why flagged: current institution has weak compatibility with the preserved affiliation evidence, but no strong contradictory institution was identified.",Verify affiliation evidence and canonical institution.,unresolved
institution-consistency:59b31093310b7653726d,institution-review-group:fffab7fe2eac2e0d0823,mapping:b8f33d38c88db04b2267,curated:78e64e4829587c072681,Attribution of AI-Generated Images Across Multiple Models: a Benchmark,2025,10.1007/978-3-032-11381-8_32,https://openalex.org/W7122619085,Marco La Cascia,University of Palermo,institution:a407f4c649ba4c6a,"Dipartimento di Ingegneria, Università degli Studi di Palermo, 90128, Palermo, Italy",,,manually_confirmed,low,author_institution_conflict,possible multiple affiliation,false,"Why flagged: current institution has weak compatibility with the preserved affiliation evidence, but no strong contradictory institution was identified.",Verify affiliation evidence and canonical institution.,unresolved
institution-consistency:cad810b8860069714181,institution-review-group:7a7e502ad442df311297,mapping:42a739965bf6e61d1fd9,curated:1bf124f8f57f00dddd01,Automated In-the-Wild Data Collection for Continual AI Generated Image Detection,2026,10.1145/3810988.3812662,https://openalex.org/W7160429386,Christos Koutlis,Centre for Research and Technology Hellas,institution:f841aa8a7a0d29aa,"Information Technology Institute, CERTH, Thessaloniki, Greece",,,manually_confirmed,low,author_institution_conflict,possible multiple affiliation,false,"Why flagged: current institution has weak compatibility with the preserved affiliation evidence, but no strong contradictory institution was identified.",Verify affiliation evidence and canonical institution.,unresolved
institution-consistency:96a2a0b81c85cbba1751,institution-review-group:7984d1dc0df14153bcf2,mapping:42a739965bf6e61d1fd9,curated:1bf124f8f57f00dddd01,Automated In-the-Wild Data Collection for Continual AI Generated Image Detection,2026,10.1145/3810988.3812662,https://openalex.org/W7160429386,Dimitrios Karageorgiou,Centre for Research and Technology Hellas,institution:f841aa8a7a0d29aa,"Information Technology Institute, CERTH, Thessaloniki, Greece",,,manually_confirmed,low,author_institution_conflict,possible multiple affiliation,false,"Why flagged: current institution has weak compatibility with the preserved affiliation evidence, but no strong contradictory institution was identified.",Verify affiliation evidence and canonical institution.,unresolved
institution-consistency:4ad5629fdd5454d04898,institution-review-group:fe286200b450ec01fc4c,mapping:42a739965bf6e61d1fd9,curated:1bf124f8f57f00dddd01,Automated In-the-Wild Data Collection for Continual AI Generated Image Detection,2026,10.1145/3810988.3812662,https://openalex.org/W7160429386,George Karantaidis,Centre for Research and Technology Hellas,institution:f841aa8a7a0d29aa,"Information Technology Institute, CERTH, Thessaloniki, Greece",,,manually_confirmed,low,author_institution_conflict,possible multiple affiliation,false,"Why flagged: current institution has weak compatibility with the preserved affiliation evidence, but no strong contradictory institution was identified.",Verify affiliation evidence and canonical institution.,unresolved
institution-consistency:13dcc7efbb1b294f0202,institution-review-group:a6a30937c4f15e2afe50,mapping:42a739965bf6e61d1fd9,curated:1bf124f8f57f00dddd01,Automated In-the-Wild Data Collection for Continual AI Generated Image Detection,2026,10.1145/3810988.3812662,https://openalex.org/W7160429386,Olga Papadopoulou,Centre for Research and Technology Hellas,institution:f841aa8a7a0d29aa,"Information Technology Institute, CERTH, Thessaloniki, Greece",,,manually_confirmed,low,author_institution_conflict,possible multiple affiliation,false,"Why flagged: current institution has weak compatibility with the preserved affiliation evidence, but no strong contradictory institution was identified.",Verify affiliation evidence and canonical institution.,unresolved
institution-consistency:6195db6749c4cc94a0f0,institution-review-group:0d43dd2a67a9e3708204,mapping:42a739965bf6e61d1fd9,curated:1bf124f8f57f00dddd01,Automated In-the-Wild Data Collection for Continual AI Generated Image Detection,2026,10.1145/3810988.3812662,https://openalex.org/W7160429386,Symeon Papadopoulos,Centre for Research and Technology Hellas,institution:f841aa8a7a0d29aa,"Information Technology Institute, CERTH, Thessaloniki, Greece",,,manually_confirmed,low,author_institution_conflict,possible multiple affiliation,false,"Why flagged: current institution has weak compatibility with the preserved affiliation evidence, but no strong contradictory institution was identified.",Verify affiliation evidence and canonical institution.,unresolved
institution-consistency:7c63bc38d46ca622d7dd,institution-review-group:792304d37f6e9f8a1606,mapping:42a739965bf6e61d1fd9,curated:1bf124f8f57f00dddd01,Automated In-the-Wild Data Collection for Continual AI Generated Image Detection,2026,10.1145/3810988.3812662,https://openalex.org/W7160429386,Thanasis Pantsios,Centre for Research and Technology Hellas,institution:f841aa8a7a0d29aa,"Information Technology Institute, CERTH, Thessaloniki, Greece",,,manually_confirmed,low,author_institution_conflict,possible multiple affiliation,false,"Why flagged: current institution has weak compatibility with the preserved affiliation evidence, but no strong contradictory institution was identified.",Verify affiliation evidence and canonical institution.,unresolved
institution-consistency:45ac3509b2e61e24a3ce,institution-review-group:d153eba62f495519eda6,mapping:55815a90e2ffc1cc0467,curated:0526c3529dda4446a0d7,Background-Noise-Driven Detection of Diffusion-Generated Images,2026,10.1109/lsp.2026.3678476,https://openalex.org/W7143319968,Deyu Meng,Xi'an Jiaotong University,institution:afc29be68ac419be,"School of Mathematics and Statistics and Ministry of Education Key Laboratory of Intelligent Networks and Network Security, Xi&#x2019;an Jiaotong University, Xi&#x2019;an, China",,,automatic_import,low,alias_missing,alias issue,false,Why flagged: mapping differs only by an institution-name variant; the names are semantically compatible but the alias is not registered.,Review and add alias if this wording recurs.,unresolved
institution-consistency:818e3c315dced4ac5b2b,institution-review-group:2af7a9cf9a5bb00740dc,mapping:1e003b31bfa0064fa505,openalex:W4322760013,Benchmarking Deepart Detection,2023,10.48550/arxiv.2302.14475,https://openalex.org/W4322760013,Xiaopeng Hong,Peng Cheng Laboratory,institution:aee00ab2f1fd8132,"Pengcheng Laboratory, P. R. China",,,curated_import,low,author_institution_conflict,possible multiple affiliation,false,"Why flagged: current institution has weak compatibility with the preserved affiliation evidence, but no strong contradictory institution was identified.",Verify affiliation evidence and canonical institution.,unresolved
institution-consistency:07a23d6bb82c2b51b1a0,institution-review-group:313043e7b2ff3fda4699,mapping:3eab2958042ee8fcfbb0,curated:4c6404676fc92cb9e8eb,Black-Box Adaptation for Deepfake Detection via Local Relation Guided AUC Optimization,2026,10.1109/jiot.2026.3686234,https://openalex.org/W7155048878,Qi Tian,Huawei Technologies (China),institution:570cf7f2e9869b63,"Huawei, Shenzhen, China",,,curated_import,low,author_institution_conflict,possible multiple affiliation,false,"Why flagged: current institution has weak compatibility with the preserved affiliation evidence, but no strong contradictory institution was identified.",Verify affiliation evidence and canonical institution.,unresolved
institution-consistency:f2894e84e4b93bb8d859,institution-review-group:823f4f697925e67e8d57,mapping:18e2f89907e0f8c249d9,curated:a3fb37f39cb20a95e3bf,Can model attribution bridge AI's accountability gap in safety-critical domains?,2026,10.1098/rsta.2025.0117,https://openalex.org/W7169086594,Marc Juárez,University of Edinburgh,institution:9ffc21de60b360ff,"Schoolof Informatics,The UniversityofEdinburgh,Edinburgh, UK",,,manually_confirmed,low,author_institution_conflict,possible multiple affiliation,false,"Why flagged: current institution has weak compatibility with the preserved affiliation evidence, but no strong contradictory institution was identified.",Verify affiliation evidence and canonical institution.,unresolved
institution-consistency:3606050b56649ebd67a6,institution-review-group:78d40ff7c1f72329ec78,mapping:48ff27f38fb0a52112af,openalex:W2903907439,Cascade learning from adversarial synthetic images for accurate pupil detection,2018,10.1016/j.patcog.2018.12.014,https://openalex.org/W2903907439,Chao Gou,"Institute of Automation, Chinese Academy of Sciences",institution:966ff12833f90bb0,"nstitute of Automation, Chinese Academy of Sciences, Beijing 100190, China",,,manually_confirmed,low,alias_missing,alias issue,false,Why flagged: mapping differs only by an institution-name variant; the names are semantically compatible but the alias is not registered.,Review and add alias if this wording recurs.,unresolved
institution-consistency:4ef2ce2b555a21b73d9f,institution-review-group:414dbecb9dabac13f0a7,mapping:48ff27f38fb0a52112af,openalex:W2903907439,Cascade learning from adversarial synthetic images for accurate pupil detection,2018,10.1016/j.patcog.2018.12.014,https://openalex.org/W2903907439,Fei-Yue Wang,"Institute of Automation, Chinese Academy of Sciences",institution:966ff12833f90bb0,"nstitute of Automation, Chinese Academy of Sciences, Beijing 100190, China",,,manually_confirmed,low,alias_missing,alias issue,false,Why flagged: mapping differs only by an institution-name variant; the names are semantically compatible but the alias is not registered.,Review and add alias if this wording recurs.,unresolved
institution-consistency:e6d77226da8dfe9955ff,institution-review-group:c7781d068ea5be8a8191,mapping:48ff27f38fb0a52112af,openalex:W2903907439,Cascade learning from adversarial synthetic images for accurate pupil detection,2018,10.1016/j.patcog.2018.12.014,https://openalex.org/W2903907439,Hui Zhang,"Institute of Automation, Chinese Academy of Sciences",institution:966ff12833f90bb0,"nstitute of Automation, Chinese Academy of Sciences, Beijing 100190, China",,,manually_confirmed,low,alias_missing,alias issue,false,Why flagged: mapping differs only by an institution-name variant; the names are semantically compatible but the alias is not registered.,Review and add alias if this wording recurs.,unresolved
institution-consistency:f032930da508d265199e,institution-review-group:4a186f801b1b28f5d098,mapping:48ff27f38fb0a52112af,openalex:W2903907439,Cascade learning from adversarial synthetic images for accurate pupil detection,2018,10.1016/j.patcog.2018.12.014,https://openalex.org/W2903907439,Kunfeng Wang,"Institute of Automation, Chinese Academy of Sciences",institution:966ff12833f90bb0,"nstitute of Automation, Chinese Academy of Sciences, Beijing 100190, China",,,manually_confirmed,low,alias_missing,alias issue,false,Why flagged: mapping differs only by an institution-name variant; the names are semantically compatible but the alias is not registered.,Review and add alias if this wording recurs.,unresolved
institution-consistency:9631e4ac292bf56ca5bd,institution-review-group:b369ca1cb0e4adaf63d5,mapping:58057f37f9c78a705cc7,curated:885c512e1e964d2ec61f,CLIP-ADA: CLIP-Guided Artifact-Invariant Generalizable Synthetic Image Detection,2026,10.1109/tifs.2026.3676657,https://openalex.org/W7140133167,Chao Shen,Xi'an Jiaotong University,institution:afc29be68ac419be,"Faculty of Electronic and Information Engineering, Xi&#x2019;an Jiaotong University, Xi&#x2019;an, China",,,automatic_import,low,alias_missing,alias issue,false,Why flagged: mapping differs only by an institution-name variant; the names are semantically compatible but the alias is not registered.,Review and add alias if this wording recurs.,unresolved
institution-consistency:e0e5a8a5c24c7bed0832,institution-review-group:c2dcfec064b270cd4ca9,mapping:58057f37f9c78a705cc7,curated:885c512e1e964d2ec61f,CLIP-ADA: CLIP-Guided Artifact-Invariant Generalizable Synthetic Image Detection,2026,10.1109/tifs.2026.3676657,https://openalex.org/W7140133167,Chenhao Lin,Xi'an Jiaotong University,institution:afc29be68ac419be,"Faculty of Electronic and Information Engineering, Xi&#x2019;an Jiaotong University, Xi&#x2019;an, China",,,automatic_import,low,alias_missing,alias issue,false,Why flagged: mapping differs only by an institution-name variant; the names are semantically compatible but the alias is not registered.,Review and add alias if this wording recurs.,unresolved
institution-consistency:ab4b021de73695b3441c,institution-review-group:ccf8382fdafed088e1cc,mapping:58057f37f9c78a705cc7,curated:885c512e1e964d2ec61f,CLIP-ADA: CLIP-Guided Artifact-Invariant Generalizable Synthetic Image Detection,2026,10.1109/tifs.2026.3676657,https://openalex.org/W7140133167,Chenken Xu,Xi'an Jiaotong University,institution:afc29be68ac419be,"Faculty of Electronic and Information Engineering, Xi&#x2019;an Jiaotong University, Xi&#x2019;an, China",,,automatic_import,low,alias_missing,alias issue,false,Why flagged: mapping differs only by an institution-name variant; the names are semantically compatible but the alias is not registered.,Review and add alias if this wording recurs.,unresolved
institution-consistency:5b03353f17040f128131,institution-review-group:eb091b323cc58113bda7,mapping:58057f37f9c78a705cc7,curated:885c512e1e964d2ec61f,CLIP-ADA: CLIP-Guided Artifact-Invariant Generalizable Synthetic Image Detection,2026,10.1109/tifs.2026.3676657,https://openalex.org/W7140133167,Chong Zhang,Xi'an Jiaotong University,institution:afc29be68ac419be,"Faculty of Electronic and Information Engineering, Xi&#x2019;an Jiaotong University, Xi&#x2019;an, China",,,automatic_import,low,alias_missing,alias issue,false,Why flagged: mapping differs only by an institution-name variant; the names are semantically compatible but the alias is not registered.,Review and add alias if this wording recurs.,unresolved
institution-consistency:a4fb2f028b3a1d6aef98,institution-review-group:31a9228198be1d67fe73,mapping:58057f37f9c78a705cc7,curated:885c512e1e964d2ec61f,CLIP-ADA: CLIP-Guided Artifact-Invariant Generalizable Synthetic Image Detection,2026,10.1109/tifs.2026.3676657,https://openalex.org/W7140133167,Jingyi Deng,Xi'an Jiaotong University,institution:afc29be68ac419be,"Faculty of Electronic and Information Engineering, Xi&#x2019;an Jiaotong University, Xi&#x2019;an, China",,,automatic_import,low,alias_missing,alias issue,false,Why flagged: mapping differs only by an institution-name variant; the names are semantically compatible but the alias is not registered.,Review and add alias if this wording recurs.,unresolved
institution-consistency:2802f7b0cb4d74d7004c,institution-review-group:decd3d459305840361ee,mapping:58057f37f9c78a705cc7,curated:885c512e1e964d2ec61f,CLIP-ADA: CLIP-Guided Artifact-Invariant Generalizable Synthetic Image Detection,2026,10.1109/tifs.2026.3676657,https://openalex.org/W7140133167,Shuai Liu,Xi'an Jiaotong University,institution:afc29be68ac419be,"Faculty of Electronic and Information Engineering, Xi&#x2019;an Jiaotong University, Xi&#x2019;an, China",,,automatic_import,low,alias_missing,alias issue,false,Why flagged: mapping differs only by an institution-name variant; the names are semantically compatible but the alias is not registered.,Review and add alias if this wording recurs.,unresolved
institution-consistency:d671727f86c3c4592b49,institution-review-group:2b58dd73df07eae458ab,mapping:58057f37f9c78a705cc7,curated:885c512e1e964d2ec61f,CLIP-ADA: CLIP-Guided Artifact-Invariant Generalizable Synthetic Image Detection,2026,10.1109/tifs.2026.3676657,https://openalex.org/W7140133167,Zhengyu Zhao,Xi'an Jiaotong University,institution:afc29be68ac419be,"Faculty of Electronic and Information Engineering, Xi&#x2019;an Jiaotong University, Xi&#x2019;an, China",,,automatic_import,low,alias_missing,alias issue,false,Why flagged: mapping differs only by an institution-name variant; the names are semantically compatible but the alias is not registered.,Review and add alias if this wording recurs.,unresolved
institution-consistency:4a0595533432fb2cbbcc,institution-review-group:5e630263d84bedd4e634,mapping:fbb7348909cef864796e,openalex:W4413146055,CO-SPY: Combining Semantic and Pixel Features to Detect Synthetic Images by AI,2025,https://doi.org/10.1109/cvpr52734.2025.01256,https://openalex.org/W4413146055,Lingjuan Lyu,Sony AI,institution:cf2639c8e56f6453,Sony Corporation (United States),,,curated_import,low,author_institution_conflict,possible multiple affiliation,false,"Why flagged: current institution has weak compatibility with the preserved affiliation evidence, but no strong contradictory institution was identified.",Verify affiliation evidence and canonical institution.,unresolved
institution-consistency:842f37fad9c392acfb6f,institution-review-group:29f6758d8ee592d96081,mapping:fbb7348909cef864796e,openalex:W4413146055,CO-SPY: Combining Semantic and Pixel Features to Detect Synthetic Images by AI,2025,https://doi.org/10.1109/cvpr52734.2025.01256,https://openalex.org/W4413146055,Vikash Sehwag,Sony AI,institution:cf2639c8e56f6453,Sony Corporation (United States),,,curated_import,low,author_institution_conflict,possible multiple affiliation,false,"Why flagged: current institution has weak compatibility with the preserved affiliation evidence, but no strong contradictory institution was identified.",Verify affiliation evidence and canonical institution.,unresolved
institution-consistency:10711a8e35a1b443f1bc,institution-review-group:b2110d85e55de5e6df2c,mapping:6c20cdd41af5f807c4b5,curated:0895eb11a7610f3973da,Cover-Source Mismatch in Deepfake Detection: A Systematic Study,2026,10.1145/3785353.3815097,https://openalex.org/W7164884130,Jan Franců,Czech Technical University in Prague,institution:3d7a55d07b650cfa,"Faculty of Electrical Engineering, Czech Technical University, Prague, Czech Republic",,,curated_import,low,author_institution_conflict,possible multiple affiliation,false,"Why flagged: current institution has weak compatibility with the preserved affiliation evidence, but no strong contradictory institution was identified.",Verify affiliation evidence and canonical institution.,unresolved
institution-consistency:e615c050e346052db594,institution-review-group:ceccfe457eee083e0f0c,mapping:6c20cdd41af5f807c4b5,curated:0895eb11a7610f3973da,Cover-Source Mismatch in Deepfake Detection: A Systematic Study,2026,10.1145/3785353.3815097,https://openalex.org/W7164884130,Milan Papež,Czech Technical University in Prague,institution:3d7a55d07b650cfa,"Faculty of Electrical Engineering, Czech Technical University, Prague, Czech Republic",,,curated_import,low,author_institution_conflict,possible multiple affiliation,false,"Why flagged: current institution has weak compatibility with the preserved affiliation evidence, but no strong contradictory institution was identified.",Verify affiliation evidence and canonical institution.,unresolved
institution-consistency:890041918e9c40cc5d33,institution-review-group:1fb4b06e5c98d6080d85,mapping:6c20cdd41af5f807c4b5,curated:0895eb11a7610f3973da,Cover-Source Mismatch in Deepfake Detection: A Systematic Study,2026,10.1145/3785353.3815097,https://openalex.org/W7164884130,Tomáš Pevný,Czech Technical University in Prague,institution:3d7a55d07b650cfa,"Faculty of Electrical Engineering, Czech Technical University, Prague, Czech Republic",,,curated_import,low,author_institution_conflict,possible multiple affiliation,false,"Why flagged: current institution has weak compatibility with the preserved affiliation evidence, but no strong contradictory institution was identified.",Verify affiliation evidence and canonical institution.,unresolved
institution-consistency:e47cfb285b3b870d5f2e,institution-review-group:8c6c6785af73180308f8,mapping:1119e6253c35ad59b56d,curated:86507b243a7d58c76b2c,Deep-synthesized image detection via multi-domain feature fusion and explainable AI guided color model selection,2026,10.1016/j.cviu.2026.104881,https://openalex.org/W7170425343,Priyaranjan Misra,"Indian Institute of Engineering Science and Technology, Shibpur",institution:4269181ef8bd7d6e,"Department of Information Technology, Indian Instituteof Engineering Science and Technology, Shibpur, 711103, India",,,manually_confirmed,low,alias_missing,alias issue,false,Why flagged: mapping differs only by an institution-name variant; the names are semantically compatible but the alias is not registered.,Review and add alias if this wording recurs.,unresolved
institution-consistency:489077e642574f9e8efe,institution-review-group:9ec5655cd5bf6b7c9e5a,mapping:1119e6253c35ad59b56d,curated:86507b243a7d58c76b2c,Deep-synthesized image detection via multi-domain feature fusion and explainable AI guided color model selection,2026,10.1016/j.cviu.2026.104881,https://openalex.org/W7170425343,Ruchira Naskar,"Indian Institute of Engineering Science and Technology, Shibpur",institution:4269181ef8bd7d6e,"Department of Information Technology, Indian Instituteof Engineering Science and Technology, Shibpur, 711103, India",,,manually_confirmed,low,alias_missing,alias issue,false,Why flagged: mapping differs only by an institution-name variant; the names are semantically compatible but the alias is not registered.,Review and add alias if this wording recurs.,unresolved
institution-consistency:f88cac2b3ea562d1e9e9,institution-review-group:cbbfd2f75d2ea554d71c,mapping:fc90d85db3b1950d8c6b,curated:616984c24ff3792431e6,Deepfake Generation and Detection: Case Study and Challenges,2023,10.1109/access.2023.3342107,https://openalex.org/W4389633690,Vrince Vimal,Graphic Era University,institution:128d207ba007d9d7,"Department of Computer Science and Engineering, Graphic Era Deemed to be University, Dehradun, Uttarakhand 248002, India",,,curated_import,low,alias_missing,alias issue,false,Why flagged: mapping differs only by an institution-name variant; the names are semantically compatible but the alias is not registered.,Review and add alias if this wording recurs.,unresolved
institution-consistency:1419b46a0166dac5fda7,institution-review-group:eb31fe13b7248002058b,mapping:b2ff94faad55f32a8465,curated:3864d12fe8df7b9cb19c,Detecting computer-generated images by using only real images,2025,10.1117/12.3055092,https://openalex.org/W4403972496,Ji Li,Université Grenoble Alpes,institution:ef7c68d6edbab550,"Univ. Grenoble Alpes, CNRS, Grenoble INP, GIPSA-lab, 38000 Grenoble, France",,,curated_import,low,alias_missing,alias issue,false,Why flagged: mapping differs only by an institution-name variant; the names are semantically compatible but the alias is not registered.,Review and add alias if this wording recurs.,unresolved
institution-consistency:7eb29764b2638ddb50c7,institution-review-group:ec82ed988dda58f35601,mapping:b2ff94faad55f32a8465,curated:3864d12fe8df7b9cb19c,Detecting computer-generated images by using only real images,2025,10.1117/12.3055092,https://openalex.org/W4403972496,Kai Wang,Université Grenoble Alpes,institution:ef7c68d6edbab550,"Univ. Grenoble Alpes, CNRS, Grenoble INP, GIPSA-lab, 38000 Grenoble, France",,,curated_import,low,alias_missing,alias issue,false,Why flagged: mapping differs only by an institution-name variant; the names are semantically compatible but the alias is not registered.,Review and add alias if this wording recurs.,unresolved
institution-consistency:353d048a53e8a7d6eb8c,institution-review-group:e1926fe968e54af8407f,mapping:39e1c5f4447a54c62df0,curated:19c7b91816312d2877c9,Did You Note My Palette? Unveiling Synthetic Images Through Color Statistics,2024,10.1145/3658664.3659652,https://openalex.org/W4399556631,Christian Rieß,Friedrich-Alexander-Universität Erlangen-Nürnberg,institution:73bb0fe265f6e090,"Friedrich-Alexander University Erlangen-Nürnberg, Erlangen, Germany",,,manually_confirmed,low,author_institution_conflict,possible multiple affiliation,false,"Why flagged: current institution has weak compatibility with the preserved affiliation evidence, but no strong contradictory institution was identified.",Verify affiliation evidence and canonical institution.,unresolved
institution-consistency:f887f5f5f270440e93aa,institution-review-group:9b849981b3dc02220583,mapping:45e9778ff31af0a2c84c,curated:19c7b91816312d2877c9,Did You Note My Palette? Unveiling Synthetic Images Through Color Statistics,2024,10.1145/3658664.3659652,https://openalex.org/W4399556631,Davide Cozzolino,University of Naples Federico II,institution:d046d2c57bb3a863,"Università degli Studi di Napoli Federico II, Naples, Italy",,,curated_import,low,alias_missing,alias issue,false,Why flagged: mapping differs only by an institution-name variant; the names are semantically compatible but the alias is not registered.,Review and add alias if this wording recurs.,unresolved
institution-consistency:65f87e091da11529d8db,institution-review-group:e3eabfee0cd65f5d6418,mapping:39e1c5f4447a54c62df0,curated:19c7b91816312d2877c9,Did You Note My Palette? Unveiling Synthetic Images Through Color Statistics,2024,10.1145/3658664.3659652,https://openalex.org/W4399556631,Denise Moussa,Friedrich-Alexander-Universität Erlangen-Nürnberg,institution:73bb0fe265f6e090,"Friedrich-Alexander University Erlangen-Nürnberg, Erlangen, Germany",,,manually_confirmed,low,author_institution_conflict,possible multiple affiliation,false,"Why flagged: current institution has weak compatibility with the preserved affiliation evidence, but no strong contradictory institution was identified.",Verify affiliation evidence and canonical institution.,unresolved
institution-consistency:eee24171177295479b81,institution-review-group:e9487bb4fb4ce5e191be,mapping:39e1c5f4447a54c62df0,curated:19c7b91816312d2877c9,Did You Note My Palette? Unveiling Synthetic Images Through Color Statistics,2024,10.1145/3658664.3659652,https://openalex.org/W4399556631,Lea Uhlenbrock,Friedrich-Alexander-Universität Erlangen-Nürnberg,institution:73bb0fe265f6e090,"Friedrich-Alexander University Erlangen-Nürnberg, Erlangen, Germany",,,manually_confirmed,low,author_institution_conflict,possible multiple affiliation,false,"Why flagged: current institution has weak compatibility with the preserved affiliation evidence, but no strong contradictory institution was identified.",Verify affiliation evidence and canonical institution.,unresolved
institution-consistency:e0891250815b305fd0e4,institution-review-group:c114b8208d30e06411ee,mapping:45e9778ff31af0a2c84c,curated:19c7b91816312d2877c9,Did You Note My Palette? Unveiling Synthetic Images Through Color Statistics,2024,10.1145/3658664.3659652,https://openalex.org/W4399556631,Luisa Verdoliva,University of Naples Federico II,institution:d046d2c57bb3a863,"Università degli Studi di Napoli Federico II, Naples, Italy",,,curated_import,low,alias_missing,alias issue,false,Why flagged: mapping differs only by an institution-name variant; the names are semantically compatible but the alias is not registered.,Review and add alias if this wording recurs.,unresolved
institution-consistency:627c1f9003e58950dab2,institution-review-group:d51e97e50d27d2eaecf4,mapping:7681dae0d71c2935587c,curated:853c7e2ae5f343438dd5,Did You Use My GAN to Generate Fake? Post-hoc Attribution of GAN Generated Images via Latent Recovery,2022,10.1109/ijcnn55064.2022.9892704,https://openalex.org/W4312387978,Jun Sakuma,RIKEN Center for Advanced Intelligence Project,institution:ccbfeb66fb71797e,"Faculty of Engineering, Information and Systems, University of Tsukuba / RIKEN AIP, Tsukuba, Japan",,,curated_import,low,alias_missing,alias issue,false,Why flagged: mapping differs only by an institution-name variant; the names are semantically compatible but the alias is not registered.,Review and add alias if this wording recurs.,unresolved
institution-consistency:ac6b4338b3e606997502,institution-review-group:ad87e60e8886cdfeb37f,mapping:b2df8c5c3dcef11ea3b6,curated:d0eec7c4fce8929c295a,Diffusion-Driven Forgery Detection: Distilling Latent Features for Generalized Image Forensics,2026,10.1109/lsp.2026.3687792,https://openalex.org/W7155779262,Kaiwen Qian,Shanghai University of Engineering Science,institution:07ba242d76aafb0e,"School of Computer Engineering and Science, Shanghai University, Shanghai, China",,,unresolved,low,alias_missing,alias issue,false,Why flagged: mapping differs only by an institution-name variant; the names are semantically compatible but the alias is not registered.,Review and add alias if this wording recurs.,unresolved
institution-consistency:7f7342ebb153a3055ef7,institution-review-group:f2ca76e36137df124fd1,mapping:b2df8c5c3dcef11ea3b6,curated:d0eec7c4fce8929c295a,Diffusion-Driven Forgery Detection: Distilling Latent Features for Generalized Image Forensics,2026,10.1109/lsp.2026.3687792,https://openalex.org/W7155779262,Yifan Xu,Shanghai University of Engineering Science,institution:07ba242d76aafb0e,"School of Computer Engineering and Science, Shanghai University, Shanghai, China",,,unresolved,low,alias_missing,alias issue,false,Why flagged: mapping differs only by an institution-name variant; the names are semantically compatible but the alias is not registered.,Review and add alias if this wording recurs.,unresolved
institution-consistency:c2b1454896718419b658,institution-review-group:9783d212a6a9dae7c400,mapping:b2df8c5c3dcef11ea3b6,curated:d0eec7c4fce8929c295a,Diffusion-Driven Forgery Detection: Distilling Latent Features for Generalized Image Forensics,2026,10.1109/lsp.2026.3687792,https://openalex.org/W7155779262,Yuchun Fang,Shanghai University of Engineering Science,institution:07ba242d76aafb0e,"School of Computer Engineering and Science, Shanghai University, Shanghai, China",,,unresolved,low,alias_missing,alias issue,false,Why flagged: mapping differs only by an institution-name variant; the names are semantically compatible but the alias is not registered.,Review and add alias if this wording recurs.,unresolved
institution-consistency:ef14de2ce2a6d415a2f7,institution-review-group:86e20acadb27c4cc816f,mapping:b2df8c5c3dcef11ea3b6,curated:d0eec7c4fce8929c295a,Diffusion-Driven Forgery Detection: Distilling Latent Features for Generalized Image Forensics,2026,10.1109/lsp.2026.3687792,https://openalex.org/W7155779262,Yutao Xu,Shanghai University of Engineering Science,institution:07ba242d76aafb0e,"School of Computer Engineering and Science, Shanghai University, Shanghai, China",,,unresolved,low,alias_missing,alias issue,false,Why flagged: mapping differs only by an institution-name variant; the names are semantically compatible but the alias is not registered.,Review and add alias if this wording recurs.,unresolved
institution-consistency:4b4bab3e5d0419f7c20a,institution-review-group:e729a3cb23fc4f3550ab,mapping:0ec360c4bc0c3ef88dc1,curated:763f1f0571f4bc4c6459,DiffusionDB: A Large-Scale Prompt Gallery Dataset for Text-to-Image Generative Models,2023,10.18653/v1/2023.acl-long.51,https://openalex.org/W4385570204,Benjamin Hoover,Georgia Institute of Technology,institution:c2dab080fa856716,"College of Computing, Georgia Tech",,,manually_confirmed,low,author_institution_conflict,possible multiple affiliation,false,"Why flagged: current institution has weak compatibility with the preserved affiliation evidence, but no strong contradictory institution was identified.",Verify affiliation evidence and canonical institution.,unresolved
institution-consistency:a8cd24224293aebf0c82,institution-review-group:00a46a109c02a2abc1e0,mapping:0ec360c4bc0c3ef88dc1,curated:763f1f0571f4bc4c6459,DiffusionDB: A Large-Scale Prompt Gallery Dataset for Text-to-Image Generative Models,2023,10.18653/v1/2023.acl-long.51,https://openalex.org/W4385570204,David Munechika,Georgia Institute of Technology,institution:c2dab080fa856716,"College of Computing, Georgia Tech",,,manually_confirmed,low,author_institution_conflict,possible multiple affiliation,false,"Why flagged: current institution has weak compatibility with the preserved affiliation evidence, but no strong contradictory institution was identified.",Verify affiliation evidence and canonical institution.,unresolved
institution-consistency:fdf0c29065f42669bee1,institution-review-group:a311e38de2e644e22870,mapping:0ec360c4bc0c3ef88dc1,curated:763f1f0571f4bc4c6459,DiffusionDB: A Large-Scale Prompt Gallery Dataset for Text-to-Image Generative Models,2023,10.18653/v1/2023.acl-long.51,https://openalex.org/W4385570204,Duen Horng Chau,Georgia Institute of Technology,institution:c2dab080fa856716,"College of Computing, Georgia Tech",,,manually_confirmed,low,author_institution_conflict,possible multiple affiliation,false,"Why flagged: current institution has weak compatibility with the preserved affiliation evidence, but no strong contradictory institution was identified.",Verify affiliation evidence and canonical institution.,unresolved
institution-consistency:92121d503e867a02549a,institution-review-group:3568d01162eef35dc733,mapping:0ec360c4bc0c3ef88dc1,curated:763f1f0571f4bc4c6459,DiffusionDB: A Large-Scale Prompt Gallery Dataset for Text-to-Image Generative Models,2023,10.18653/v1/2023.acl-long.51,https://openalex.org/W4385570204,Evan Montoya,Georgia Institute of Technology,institution:c2dab080fa856716,"College of Computing, Georgia Tech",,,manually_confirmed,low,author_institution_conflict,possible multiple affiliation,false,"Why flagged: current institution has weak compatibility with the preserved affiliation evidence, but no strong contradictory institution was identified.",Verify affiliation evidence and canonical institution.,unresolved
institution-consistency:ef2ac34958f02dde2411,institution-review-group:511e5a31bbd02ca73f39,mapping:0ec360c4bc0c3ef88dc1,curated:763f1f0571f4bc4c6459,DiffusionDB: A Large-Scale Prompt Gallery Dataset for Text-to-Image Generative Models,2023,10.18653/v1/2023.acl-long.51,https://openalex.org/W4385570204,Haoyang Yang,Georgia Institute of Technology,institution:c2dab080fa856716,"College of Computing, Georgia Tech",,,manually_confirmed,low,author_institution_conflict,possible multiple affiliation,false,"Why flagged: current institution has weak compatibility with the preserved affiliation evidence, but no strong contradictory institution was identified.",Verify affiliation evidence and canonical institution.,unresolved
institution-consistency:e73cad7e0708a15b6408,institution-review-group:bf996f84ca51c206c7d0,mapping:0ec360c4bc0c3ef88dc1,curated:763f1f0571f4bc4c6459,DiffusionDB: A Large-Scale Prompt Gallery Dataset for Text-to-Image Generative Models,2023,10.18653/v1/2023.acl-long.51,https://openalex.org/W4385570204,Zijie J. Wang,Georgia Institute of Technology,institution:c2dab080fa856716,"College of Computing, Georgia Tech",,,manually_confirmed,low,author_institution_conflict,possible multiple affiliation,false,"Why flagged: current institution has weak compatibility with the preserved affiliation evidence, but no strong contradictory institution was identified.",Verify affiliation evidence and canonical institution.,unresolved
institution-consistency:ca0e80222739d1ae76b0,institution-review-group:1593e4fd5bf2951c6864,mapping:855eb69331e5d5ba100b,curated:87ef976b546206fde199,"DistilDIRE: A Small, Fast, Cheap and Lightweight Diffusion Synthesized Deepfake Detection",2024,10.48550/arxiv.2406.00856,https://openalex.org/W4399399328,Changyeon Lee,"Yonsei University, Sinchon Campus",institution:42992b97b8e05dd4,"Department of Computer Science and Engineering, Yonsei University, Seoul, Republic of Korea",,,curated_import,low,author_institution_conflict,possible multiple affiliation,false,"Why flagged: current institution has weak compatibility with the preserved affiliation evidence, but no strong contradictory institution was identified.",Verify affiliation evidence and canonical institution.,unresolved
institution-consistency:15a55c0132d1d0a34a07,institution-review-group:b9d78ded02d3ee242752,mapping:855eb69331e5d5ba100b,curated:87ef976b546206fde199,"DistilDIRE: A Small, Fast, Cheap and Lightweight Diffusion Synthesized Deepfake Detection",2024,10.48550/arxiv.2406.00856,https://openalex.org/W4399399328,Yewon Lim,"Yonsei University, Sinchon Campus",institution:42992b97b8e05dd4,"Department of Computer Science and Engineering, Yonsei University, Seoul, Republic of Korea",,,curated_import,low,author_institution_conflict,possible multiple affiliation,false,"Why flagged: current institution has weak compatibility with the preserved affiliation evidence, but no strong contradictory institution was identified.",Verify affiliation evidence and canonical institution.,unresolved
institution-consistency:e6015c89b472eec40785,institution-review-group:04f49b513076e0243de1,mapping:4ce3a848e0cb882aacca,curated:f40ecaaf5d0212852b79,Dual Data Alignment Makes AI-Generated Image Detector Easier Generalizable,2025,10.48550/arxiv.2505.14359,https://openalex.org/W4416562145,Keyue Zhang,Tencent Youtu Lab,institution:3e78e883c14f8bb8,Tecent YouTu Lab,,,manually_confirmed,low,author_institution_conflict,possible multiple affiliation,false,"Why flagged: current institution has weak compatibility with the preserved affiliation evidence, but no strong contradictory institution was identified.",Verify affiliation evidence and canonical institution.,unresolved
institution-consistency:8150151901216aab8d65,institution-review-group:9557c42f9b969fcabfad,mapping:4ce3a848e0cb882aacca,curated:f40ecaaf5d0212852b79,Dual Data Alignment Makes AI-Generated Image Detector Easier Generalizable,2025,10.48550/arxiv.2505.14359,https://openalex.org/W4416562145,Ruoxin Chen,Tencent Youtu Lab,institution:3e78e883c14f8bb8,Tecent YouTu Lab,,,manually_confirmed,low,author_institution_conflict,possible multiple affiliation,false,"Why flagged: current institution has weak compatibility with the preserved affiliation evidence, but no strong contradictory institution was identified.",Verify affiliation evidence and canonical institution.,unresolved
institution-consistency:9465b3837c5b310d3533,institution-review-group:4d1ab8dc4205f0db575c,mapping:4ce3a848e0cb882aacca,curated:f40ecaaf5d0212852b79,Dual Data Alignment Makes AI-Generated Image Detector Easier Generalizable,2025,10.48550/arxiv.2505.14359,https://openalex.org/W4416562145,Shouhong Ding,Tencent Youtu Lab,institution:3e78e883c14f8bb8,Tecent YouTu Lab,,,manually_confirmed,low,author_institution_conflict,possible multiple affiliation,false,"Why flagged: current institution has weak compatibility with the preserved affiliation evidence, but no strong contradictory institution was identified.",Verify affiliation evidence and canonical institution.,unresolved
institution-consistency:97b31da3df2fdc23116e,institution-review-group:4637b07c01821cfb46cb,mapping:4ce3a848e0cb882aacca,curated:f40ecaaf5d0212852b79,Dual Data Alignment Makes AI-Generated Image Detector Easier Generalizable,2025,10.48550/arxiv.2505.14359,https://openalex.org/W4416562145,Shuang Wu,Tencent Youtu Lab,institution:3e78e883c14f8bb8,Tecent YouTu Lab,,,manually_confirmed,low,author_institution_conflict,possible multiple affiliation,false,"Why flagged: current institution has weak compatibility with the preserved affiliation evidence, but no strong contradictory institution was identified.",Verify affiliation evidence and canonical institution.,unresolved
institution-consistency:d1c78c92852f6f106a29,institution-review-group:28b41767d81cece42cd3,mapping:4ce3a848e0cb882aacca,curated:f40ecaaf5d0212852b79,Dual Data Alignment Makes AI-Generated Image Detector Easier Generalizable,2025,10.48550/arxiv.2505.14359,https://openalex.org/W4416562145,Taiping Yao,Tencent Youtu Lab,institution:3e78e883c14f8bb8,Tecent YouTu Lab,,,manually_confirmed,low,author_institution_conflict,possible multiple affiliation,false,"Why flagged: current institution has weak compatibility with the preserved affiliation evidence, but no strong contradictory institution was identified.",Verify affiliation evidence and canonical institution.,unresolved
institution-consistency:33e49c40a9cebbc3a1d0,institution-review-group:496c8397de55b250b64c,mapping:3ebc1da9d6d72cf1f6e5,curated:983a33a1268421bbfc71,Dual-branch AIGC image detection leveraging integrated semantic and frequency-domain features,2026,10.1016/j.cviu.2026.104893,https://openalex.org/W7172206884,Teng Lei,Guangdong Technion-Israel Institute of Technology,institution:cab25d5cf69f9936,"Technion-Israel Institute of Technology, Shantou, 515041, Guangdong, China",,,manually_confirmed,low,alias_missing,alias issue,false,Why flagged: mapping differs only by an institution-name variant; the names are semantically compatible but the alias is not registered.,Review and add alias if this wording recurs.,unresolved
institution-consistency:d643ac37818da0222503,institution-review-group:e31fc72b65a4a32c49ae,mapping:343cd7b342c4600eda13,curated:6a5bef99dcdc1ad4ba28,DySy-Det: A Synergistic Framework with Dynamic Reconstruction-Path Consistency for AI-Generated Image Detection,2026,10.1609/aaai.v40i42.40868,https://openalex.org/W7139090785,Fanli Jin,Zhejiang University,institution:e433baf78e80004b,"State Key Laboratory of Blockchain and Data Security, Zhejiang University Hangzhou High-Tech Zone (Binjiang) Institute of Blockchain and Data Security",Binjiang Institute of Zhejiang University,institution:5d6887482c098264,manually_confirmed,low,parent_child_inconsistency,parent-child issue,false,Why flagged: affiliation evidence names a confirmed child institution while the mapping points to its parent; the relationship is compatible and is not a conflict.,Review whether the mapping should use the more specific child institution.,unresolved
institution-consistency:c106512c9be98c2b07ca,institution-review-group:cdae1e04f61d29ce338a,mapping:343cd7b342c4600eda13,curated:6a5bef99dcdc1ad4ba28,DySy-Det: A Synergistic Framework with Dynamic Reconstruction-Path Consistency for AI-Generated Image Detection,2026,10.1609/aaai.v40i42.40868,https://openalex.org/W7139090785,Feng Lin,Zhejiang University,institution:e433baf78e80004b,"State Key Laboratory of Blockchain and Data Security, Zhejiang University Hangzhou High-Tech Zone (Binjiang) Institute of Blockchain and Data Security",Binjiang Institute of Zhejiang University,institution:5d6887482c098264,manually_confirmed,low,parent_child_inconsistency,parent-child issue,false,Why flagged: affiliation evidence names a confirmed child institution while the mapping points to its parent; the relationship is compatible and is not a conflict.,Review whether the mapping should use the more specific child institution.,unresolved
institution-consistency:7cc4ea69253dc4001112,institution-review-group:fd3298bb25e62506cc67,mapping:343cd7b342c4600eda13,curated:6a5bef99dcdc1ad4ba28,DySy-Det: A Synergistic Framework with Dynamic Reconstruction-Path Consistency for AI-Generated Image Detection,2026,10.1609/aaai.v40i42.40868,https://openalex.org/W7139090785,Gaojian Wang,Zhejiang University,institution:e433baf78e80004b,"State Key Laboratory of Blockchain and Data Security, Zhejiang University Hangzhou High-Tech Zone (Binjiang) Institute of Blockchain and Data Security",Binjiang Institute of Zhejiang University,institution:5d6887482c098264,manually_confirmed,low,parent_child_inconsistency,parent-child issue,false,Why flagged: affiliation evidence names a confirmed child institution while the mapping points to its parent; the relationship is compatible and is not a conflict.,Review whether the mapping should use the more specific child institution.,unresolved
institution-consistency:c18a000434614f76e6c6,institution-review-group:a2cdced93357c5535702,mapping:343cd7b342c4600eda13,curated:6a5bef99dcdc1ad4ba28,DySy-Det: A Synergistic Framework with Dynamic Reconstruction-Path Consistency for AI-Generated Image Detection,2026,10.1609/aaai.v40i42.40868,https://openalex.org/W7139090785,Tong Wu,Zhejiang University,institution:e433baf78e80004b,"State Key Laboratory of Blockchain and Data Security, Zhejiang University Hangzhou High-Tech Zone (Binjiang) Institute of Blockchain and Data Security",Binjiang Institute of Zhejiang University,institution:5d6887482c098264,manually_confirmed,low,parent_child_inconsistency,parent-child issue,false,Why flagged: affiliation evidence names a confirmed child institution while the mapping points to its parent; the relationship is compatible and is not a conflict.,Review whether the mapping should use the more specific child institution.,unresolved
institution-consistency:69f7198f4bb67330e6f4,institution-review-group:a3a16df55cafa32a91bb,mapping:c9139a042858068c242c,curated:a0c532923fe10a4ee7c0,Enhancing Deepfake Detection with Diversified Self-Blending Images and Residuals,2024,10.1109/access.2024.3382196,https://openalex.org/W4393217303,Jing Liu,"Beijing IrisKing Co., Ltd.",institution:1f939a5a9221dfb6,"Beijing IrisKing Company Ltd., Beijing, China",,,curated_import,low,author_institution_conflict,possible multiple affiliation,false,"Why flagged: current institution has weak compatibility with the preserved affiliation evidence, but no strong contradictory institution was identified.",Verify affiliation evidence and canonical institution.,unresolved
institution-consistency:694664b1533547abcda6,institution-review-group:bcf0c35062cecff7cb68,mapping:44292523d51b513f7a9c,curated:6e6c7c4645ed4af43a61,Enhancing Sensing and Imaging Capabilities Through Surface Plasmon Resonance for Deepfake Image Detection,2025,10.1007/s11468-024-02492-1,https://openalex.org/W4402322120,Digvijay Pandey,"Department of Technical Education, Uttar Pradesh",institution:96dd3389141fcf35,"Department of Technical Education, Kanpur, Uttar Pradesh, India",,,curated_import,low,alias_missing,alias issue,false,Why flagged: mapping differs only by an institution-name variant; the names are semantically compatible but the alias is not registered.,Review and add alias if this wording recurs.,unresolved
institution-consistency:1b68772e13e976e62edd,institution-review-group:3a3c2fdd91bb61462db6,mapping:87eddcccac6738e25a12,curated:7e8fbc2874cf4cebfcc9,Fake or JPEG? Revealing Common Biases in Generated Image Detection Datasets,2025,10.1007/978-3-031-92089-9_6,https://openalex.org/W4410706528,Franz-Josef Pfreundt,Fraunhofer Institute for Industrial Mathematics ITWM,institution:ce832fad3d4de534,"Competence Center High Performance Computing, Fraunhofer ITWM, Kaiserslautern, Germany",,,manually_confirmed,low,alias_missing,alias issue,false,Why flagged: mapping differs only by an institution-name variant; the names are semantically compatible but the alias is not registered.,Review and add alias if this wording recurs.,unresolved
institution-consistency:70c55b2ef2d3584cf3ea,institution-review-group:5c03540cb786823c51ee,mapping:d4e1e0bc5fe2b3d512e5,curated:7e8fbc2874cf4cebfcc9,Fake or JPEG? Revealing Common Biases in Generated Image Detection Datasets,2025,10.1007/978-3-031-92089-9_6,https://openalex.org/W4410706528,Janis Keuper,Offenburg University of Applied Sciences,institution:59fe0b363dfeb8f5,"Institute of Machine Learning and Analysis (IMLA), Offenburg University, Offenburg, Germany",,,manually_confirmed,low,author_institution_conflict,possible multiple affiliation,false,"Why flagged: current institution has weak compatibility with the preserved affiliation evidence, but no strong contradictory institution was identified.",Verify affiliation evidence and canonical institution.,unresolved
institution-consistency:4b9176ed2385446e702c,institution-review-group:b9ae908fc0b20b7e8a34,mapping:87eddcccac6738e25a12,curated:7e8fbc2874cf4cebfcc9,Fake or JPEG? Revealing Common Biases in Generated Image Detection Datasets,2025,10.1007/978-3-031-92089-9_6,https://openalex.org/W4410706528,Louis Weiss,Fraunhofer Institute for Industrial Mathematics ITWM,institution:ce832fad3d4de534,"Competence Center High Performance Computing, Fraunhofer ITWM, Kaiserslautern, Germany",,,manually_confirmed,low,alias_missing,alias issue,false,Why flagged: mapping differs only by an institution-name variant; the names are semantically compatible but the alias is not registered.,Review and add alias if this wording recurs.,unresolved
institution-consistency:882b672dc70ee474ced2,institution-review-group:b9ae908fc0b20b7e8a34,mapping:d4e1e0bc5fe2b3d512e5,curated:7e8fbc2874cf4cebfcc9,Fake or JPEG? Revealing Common Biases in Generated Image Detection Datasets,2025,10.1007/978-3-031-92089-9_6,https://openalex.org/W4410706528,Louis Weiss,Offenburg University of Applied Sciences,institution:59fe0b363dfeb8f5,"Institute of Machine Learning and Analysis (IMLA), Offenburg University, Offenburg, Germany",,,manually_confirmed,low,author_institution_conflict,possible multiple affiliation,false,"Why flagged: current institution has weak compatibility with the preserved affiliation evidence, but no strong contradictory institution was identified.",Verify affiliation evidence and canonical institution.,unresolved
institution-consistency:fca75e16b75ffb8f6ef6,institution-review-group:83f8531bfc01fe95b3fb,mapping:87eddcccac6738e25a12,curated:7e8fbc2874cf4cebfcc9,Fake or JPEG? Revealing Common Biases in Generated Image Detection Datasets,2025,10.1007/978-3-031-92089-9_6,https://openalex.org/W4410706528,Patrick Grommelt,Fraunhofer Institute for Industrial Mathematics ITWM,institution:ce832fad3d4de534,"Competence Center High Performance Computing, Fraunhofer ITWM, Kaiserslautern, Germany",,,manually_confirmed,low,alias_missing,alias issue,false,Why flagged: mapping differs only by an institution-name variant; the names are semantically compatible but the alias is not registered.,Review and add alias if this wording recurs.,unresolved
institution-consistency:09780da8f27bd8453407,institution-review-group:83f8531bfc01fe95b3fb,mapping:d4e1e0bc5fe2b3d512e5,curated:7e8fbc2874cf4cebfcc9,Fake or JPEG? Revealing Common Biases in Generated Image Detection Datasets,2025,10.1007/978-3-031-92089-9_6,https://openalex.org/W4410706528,Patrick Grommelt,Offenburg University of Applied Sciences,institution:59fe0b363dfeb8f5,"Institute of Machine Learning and Analysis (IMLA), Offenburg University, Offenburg, Germany",,,manually_confirmed,low,author_institution_conflict,possible multiple affiliation,false,"Why flagged: current institution has weak compatibility with the preserved affiliation evidence, but no strong contradictory institution was identified.",Verify affiliation evidence and canonical institution.,unresolved
institution-consistency:a93fc693a293354647f3,institution-review-group:da15bb612e5dbde29e2e,mapping:824da221d6a0922bfb18,curated:1332f5c35b9ac943f349,FLODA: Harnessing Vision-Language Models for Deepfake Assessment,2025,10.1109/icce63647.2025.10929816,https://openalex.org/W4408861326,Gunhui Han,"Yonsei University, Sinchon Campus",institution:42992b97b8e05dd4,"Department of Mechanical Engineering, Yonsei University, Seoul, Republic of Korea",,,curated_import,low,author_institution_conflict,possible multiple affiliation,false,"Why flagged: current institution has weak compatibility with the preserved affiliation evidence, but no strong contradictory institution was identified.",Verify affiliation evidence and canonical institution.,unresolved
institution-consistency:d243227a5d4355c5703f,institution-review-group:10bb314cc93840701c83,mapping:2bd5d375d6e0769c233c,curated:1332f5c35b9ac943f349,FLODA: Harnessing Vision-Language Models for Deepfake Assessment,2025,10.1109/icce63647.2025.10929816,https://openalex.org/W4408861326,Seunghyeon Park,"Yonsei University, International Campus",institution:6e61f1cad147c313,"School of Integrated Technology, Yonsei University, Incheon, Republic of Korea",,,curated_import,low,author_institution_conflict,possible multiple affiliation,false,"Why flagged: current institution has weak compatibility with the preserved affiliation evidence, but no strong contradictory institution was identified.",Verify affiliation evidence and canonical institution.,unresolved
institution-consistency:a68fc0d593b4706e02e0,institution-review-group:3b853bc1eda1519d4d3a,mapping:eb3daba31063e8e80152,openalex:W4417093490,ForensicHub: A Unified Benchmark &amp; Codebase for All-Domain Fake Image Detection and Localization,2025,10.48550/arxiv.2505.11003,https://openalex.org/W4417093490,Xiaochen Ma,The Hong Kong University of Science and Technology,institution:fa80d3c071c298e1,HKUST,,,curated_import,low,author_institution_conflict,possible multiple affiliation,false,"Why flagged: current institution has weak compatibility with the preserved affiliation evidence, but no strong contradictory institution was identified.",Verify affiliation evidence and canonical institution.,unresolved
institution-consistency:4bb9f09c789f08c099e5,institution-review-group:828025113a20d9d42d32,mapping:457e9e85050e4ece4e76,curated:9ae6e4e3816daa7e1650,ForgeryMoE: Mixture of Experts for Image Forgery Detection Under JPEG Compression,2026,10.1145/3805622.3810810,https://openalex.org/W7164804110,Jian Zhao,"Institute of Artificial Intelligence (TeleAI), China Telecom",institution:a1ff6f7123083db9,"Institute of Artificial Intelligence, beijing, China",,,manually_confirmed,low,author_institution_conflict,possible multiple affiliation,false,"Why flagged: current institution has weak compatibility with the preserved affiliation evidence, but no strong contradictory institution was identified.",Verify affiliation evidence and canonical institution.,unresolved
institution-consistency:1ade1ef1d3a1342cc31b,institution-review-group:6cb32f89cda7c1c1edb6,mapping:c8b39e36cd596d02a22a,curated:316fc03d348baa637bb4,Geometric-semantic dual-adaptation for generalizable AI-generated image detection,2026,10.1016/j.neucom.2026.134418,https://openalex.org/W7167700528,Jiaye Li,Chinese People's Armed Police Force Engineering University,institution:3f9391add8daa620,"College of Cryptography Engineering, Engineering University of the People’s Armed Police (PAP), Xi’an, China",,,curated_import,low,author_institution_conflict,possible multiple affiliation,false,"Why flagged: current institution has weak compatibility with the preserved affiliation evidence, but no strong contradictory institution was identified.",Verify affiliation evidence and canonical institution.,unresolved
institution-consistency:bf50fe456fb172ebdb98,institution-review-group:3c1f02ff3504a76123ed,mapping:c8b39e36cd596d02a22a,curated:316fc03d348baa637bb4,Geometric-semantic dual-adaptation for generalizable AI-generated image detection,2026,10.1016/j.neucom.2026.134418,https://openalex.org/W7167700528,Lang Liu,Chinese People's Armed Police Force Engineering University,institution:3f9391add8daa620,"College of Cryptography Engineering, Engineering University of the People’s Armed Police (PAP), Xi’an, China",,,curated_import,low,author_institution_conflict,possible multiple affiliation,false,"Why flagged: current institution has weak compatibility with the preserved affiliation evidence, but no strong contradictory institution was identified.",Verify affiliation evidence and canonical institution.,unresolved
institution-consistency:7b876a500f24e942f7c4,institution-review-group:c5043147dc186763b65a,mapping:c8b39e36cd596d02a22a,curated:316fc03d348baa637bb4,Geometric-semantic dual-adaptation for generalizable AI-generated image detection,2026,10.1016/j.neucom.2026.134418,https://openalex.org/W7167700528,Pei Feng,Chinese People's Armed Police Force Engineering University,institution:3f9391add8daa620,"College of Cryptography Engineering, Engineering University of the People’s Armed Police (PAP), Xi’an, China",,,curated_import,low,author_institution_conflict,possible multiple affiliation,false,"Why flagged: current institution has weak compatibility with the preserved affiliation evidence, but no strong contradictory institution was identified.",Verify affiliation evidence and canonical institution.,unresolved
institution-consistency:dd294d8019caf748530d,institution-review-group:1c1aa02d8878a547e03d,mapping:c8b39e36cd596d02a22a,curated:316fc03d348baa637bb4,Geometric-semantic dual-adaptation for generalizable AI-generated image detection,2026,10.1016/j.neucom.2026.134418,https://openalex.org/W7167700528,Siyuan Huang,Chinese People's Armed Police Force Engineering University,institution:3f9391add8daa620,"College of Cryptography Engineering, Engineering University of the People’s Armed Police (PAP), Xi’an, China",,,curated_import,low,author_institution_conflict,possible multiple affiliation,false,"Why flagged: current institution has weak compatibility with the preserved affiliation evidence, but no strong contradictory institution was identified.",Verify affiliation evidence and canonical institution.,unresolved
institution-consistency:e8fe2373da8f57cb8eeb,institution-review-group:6394e27b5ae758fbffc0,mapping:c8b39e36cd596d02a22a,curated:316fc03d348baa637bb4,Geometric-semantic dual-adaptation for generalizable AI-generated image detection,2026,10.1016/j.neucom.2026.134418,https://openalex.org/W7167700528,Zhang Minqing,Chinese People's Armed Police Force Engineering University,institution:3f9391add8daa620,"College of Cryptography Engineering, Engineering University of the People’s Armed Police (PAP), Xi’an, China",,,curated_import,low,author_institution_conflict,possible multiple affiliation,false,"Why flagged: current institution has weak compatibility with the preserved affiliation evidence, but no strong contradictory institution was identified.",Verify affiliation evidence and canonical institution.,unresolved
institution-consistency:a05784a4f7ec131b78b5,institution-review-group:769b13421cc1f761efb8,mapping:4cd809dd4913fd558a6e,curated:b65aca5f04f1f41ad725,How to Trace Latent Generative Model Generated Images without Artificial Watermark?,2024,10.48550/arxiv.2405.13360,https://openalex.org/W4398795245,Shiqing Ma,University of Massachusetts Amherst,institution:304707b21fcfbd4d,University of Massachusetts at Amherst,,,curated_import,low,alias_missing,alias issue,false,Why flagged: mapping differs only by an institution-name variant; the names are semantically compatible but the alias is not registered.,Review and add alias if this wording recurs.,unresolved
institution-consistency:5fb555532cfaeea99115,institution-review-group:15c78f3c6764bf7cde8f,mapping:ab1e8e8a5e0a18348cc3,curated:5fde2c559e029508e0c3,Human vs. AI: A Novel Benchmark and a Comparative Study on the Detection\n of Generated Images and the Impact of Prompts,2025,10.48550/arxiv.2412.09715,https://openalex.org/W4405432911,Heike Adel,Stuttgart Media University,institution:d4c79ca44c5dbbbc,"Hochschule der Medien Stuttgart , Germany",,,manually_confirmed,low,author_institution_conflict,possible multiple affiliation,false,"Why flagged: current institution has weak compatibility with the preserved affiliation evidence, but no strong contradictory institution was identified.",Verify affiliation evidence and canonical institution.,unresolved
institution-consistency:a3e311a95dad8e49412c,institution-review-group:5898f485a98b9756b2b5,mapping:ab1e8e8a5e0a18348cc3,curated:5fde2c559e029508e0c3,Human vs. AI: A Novel Benchmark and a Comparative Study on the Detection\n of Generated Images and the Impact of Prompts,2025,10.48550/arxiv.2412.09715,https://openalex.org/W4405432911,Philipp Moeßner,Stuttgart Media University,institution:d4c79ca44c5dbbbc,"Hochschule der Medien Stuttgart , Germany",,,manually_confirmed,low,author_institution_conflict,possible multiple affiliation,false,"Why flagged: current institution has weak compatibility with the preserved affiliation evidence, but no strong contradictory institution was identified.",Verify affiliation evidence and canonical institution.,unresolved
institution-consistency:25790e80b52091edc6e5,institution-review-group:29a97446da1084d1a95a,mapping:8bde822b616608f7d149,openalex:W7128586659,IoT-Oriented Security for Small Sensor Systems Using DnCNN Denoising and Multimodal Feature Fusion for Image Forgery Detection,2026,https://doi.org/10.3390/s26041172,https://openalex.org/W7128586659,Nimra Nasir,Government Sadiq College Women University,institution:823a09a4580fb39e,"Department of Computer Science & IT, The Govt. Sadiq College Women University, Bahawalpur 63100, Pakistan",,,manually_confirmed,low,author_institution_conflict,possible multiple affiliation,false,"Why flagged: current institution has weak compatibility with the preserved affiliation evidence, but no strong contradictory institution was identified.",Verify affiliation evidence and canonical institution.,unresolved
institution-consistency:6b68f9b3618e44c0a1d8,institution-review-group:b014c2af510e85a9551b,mapping:8bde822b616608f7d149,openalex:W7128586659,IoT-Oriented Security for Small Sensor Systems Using DnCNN Denoising and Multimodal Feature Fusion for Image Forgery Detection,2026,https://doi.org/10.3390/s26041172,https://openalex.org/W7128586659,Syeda Sitara Waseem,Government Sadiq College Women University,institution:823a09a4580fb39e,"Department of Computer Science & IT, The Govt. Sadiq College Women University, Bahawalpur 63100, Pakistan",,,manually_confirmed,low,author_institution_conflict,possible multiple affiliation,false,"Why flagged: current institution has weak compatibility with the preserved affiliation evidence, but no strong contradictory institution was identified.",Verify affiliation evidence and canonical institution.,unresolved
institution-consistency:70de432361bb1f1317a2,institution-review-group:f05b6ec9e6d3d64a8b42,mapping:b99ae4b11b8352e42b95,curated:56afa39191eba5bf8797,Level Up the Deepfake Detection: A Method to Effectively Discriminate Images Generated by GAN Architectures and Diffusion Models,2024,10.1007/978-3-031-66431-1_43,https://openalex.org/W4401108337,Oliver Giudice,Bank of Italy,institution:4e0158a865182393,"Banca D’Italia, Applied Research Team, IT Department, Rome, Italy",,,manually_confirmed,low,author_institution_conflict,possible multiple affiliation,false,"Why flagged: current institution has weak compatibility with the preserved affiliation evidence, but no strong contradictory institution was identified.",Verify affiliation evidence and canonical institution.,unresolved
institution-consistency:c3e5b6559e043419bbcc,institution-review-group:3f3c96a0467b54e78682,mapping:45efaf7cffc63304402c,curated:dcf7aae2c8590b07aff3,Leveraging Frequency Analysis for Deep Fake Image Recognition,2020,10.48550/arxiv.2003.08685,https://openalex.org/W3012033723,Asja Fischer,Ruhr University Bochum,institution:8f8dd64c6339c8ff,"Ruhr-Universität Bochum, Horst Görtz Institute for IT Security, Bochum, Germany",,,manually_confirmed,low,alias_missing,alias issue,false,Why flagged: mapping differs only by an institution-name variant; the names are semantically compatible but the alias is not registered.,Review and add alias if this wording recurs.,unresolved
institution-consistency:b3b2685202fb9e1f0696,institution-review-group:1a2649b618d6881cb013,mapping:45efaf7cffc63304402c,curated:dcf7aae2c8590b07aff3,Leveraging Frequency Analysis for Deep Fake Image Recognition,2020,10.48550/arxiv.2003.08685,https://openalex.org/W3012033723,Dorothea Kolossa,Ruhr University Bochum,institution:8f8dd64c6339c8ff,"Ruhr-Universität Bochum, Horst Görtz Institute for IT Security, Bochum, Germany",,,manually_confirmed,low,alias_missing,alias issue,false,Why flagged: mapping differs only by an institution-name variant; the names are semantically compatible but the alias is not registered.,Review and add alias if this wording recurs.,unresolved
institution-consistency:bc9aa9fcd6a88fb7307a,institution-review-group:073425310cd71b7a7ada,mapping:45efaf7cffc63304402c,curated:dcf7aae2c8590b07aff3,Leveraging Frequency Analysis for Deep Fake Image Recognition,2020,10.48550/arxiv.2003.08685,https://openalex.org/W3012033723,Joel Frank,Ruhr University Bochum,institution:8f8dd64c6339c8ff,"Ruhr-Universität Bochum, Horst Görtz Institute for IT Security, Bochum, Germany",,,manually_confirmed,low,alias_missing,alias issue,false,Why flagged: mapping differs only by an institution-name variant; the names are semantically compatible but the alias is not registered.,Review and add alias if this wording recurs.,unresolved
institution-consistency:87fe9ef918fa8e8eca08,institution-review-group:14c0271cdd5a7f0b39ec,mapping:45efaf7cffc63304402c,curated:dcf7aae2c8590b07aff3,Leveraging Frequency Analysis for Deep Fake Image Recognition,2020,10.48550/arxiv.2003.08685,https://openalex.org/W3012033723,Lea Schönherr,Ruhr University Bochum,institution:8f8dd64c6339c8ff,"Ruhr-Universität Bochum, Horst Görtz Institute for IT Security, Bochum, Germany",,,manually_confirmed,low,alias_missing,alias issue,false,Why flagged: mapping differs only by an institution-name variant; the names are semantically compatible but the alias is not registered.,Review and add alias if this wording recurs.,unresolved
institution-consistency:d0855640ff3538fa4be6,institution-review-group:955b5e5dad89d696a7b0,mapping:45efaf7cffc63304402c,curated:dcf7aae2c8590b07aff3,Leveraging Frequency Analysis for Deep Fake Image Recognition,2020,10.48550/arxiv.2003.08685,https://openalex.org/W3012033723,Thorsten Eisenhofer,Ruhr University Bochum,institution:8f8dd64c6339c8ff,"Ruhr-Universität Bochum, Horst Görtz Institute for IT Security, Bochum, Germany",,,manually_confirmed,low,alias_missing,alias issue,false,Why flagged: mapping differs only by an institution-name variant; the names are semantically compatible but the alias is not registered.,Review and add alias if this wording recurs.,unresolved
institution-consistency:7d79f17ff135e9f40a10,institution-review-group:56e79a9632c95688a234,mapping:45efaf7cffc63304402c,curated:dcf7aae2c8590b07aff3,Leveraging Frequency Analysis for Deep Fake Image Recognition,2020,10.48550/arxiv.2003.08685,https://openalex.org/W3012033723,Thorsten Holz,Ruhr University Bochum,institution:8f8dd64c6339c8ff,"Ruhr-Universität Bochum, Horst Görtz Institute for IT Security, Bochum, Germany",,,manually_confirmed,low,alias_missing,alias issue,false,Why flagged: mapping differs only by an institution-name variant; the names are semantically compatible but the alias is not registered.,Review and add alias if this wording recurs.,unresolved
institution-consistency:63d3b0b2ffc4fa1899e0,institution-review-group:eb9e53a5642c77c6389b,mapping:0721380c468bda1b9629,curated:854ae0d692bd69098142,Lightweight Detection of AIGI Based on Multi-Feature Fusion and Phased Optimization,2026,10.1109/dlcv69906.2026.11635629,https://openalex.org/W7201833279,Haoran Cui,Tongji University,institution:b0b93bb53a8b88c1,ShanghaiJiao Tong University,,,manually_confirmed,low,author_institution_conflict,possible multiple affiliation,false,"Why flagged: current institution has weak compatibility with the preserved affiliation evidence, but no strong contradictory institution was identified.",Verify affiliation evidence and canonical institution.,unresolved
institution-consistency:cc941264aa9c894a7468,institution-review-group:c1038176c19ba44515c8,mapping:0721380c468bda1b9629,curated:854ae0d692bd69098142,Lightweight Detection of AIGI Based on Multi-Feature Fusion and Phased Optimization,2026,10.1109/dlcv69906.2026.11635629,https://openalex.org/W7201833279,Huiyuan Wang,Tongji University,institution:b0b93bb53a8b88c1,ShanghaiJiao Tong University,,,manually_confirmed,low,author_institution_conflict,possible multiple affiliation,false,"Why flagged: current institution has weak compatibility with the preserved affiliation evidence, but no strong contradictory institution was identified.",Verify affiliation evidence and canonical institution.,unresolved
institution-consistency:401b7a8773a20c8ee9ea,institution-review-group:59acf83ceabe82a3b37d,mapping:0721380c468bda1b9629,curated:854ae0d692bd69098142,Lightweight Detection of AIGI Based on Multi-Feature Fusion and Phased Optimization,2026,10.1109/dlcv69906.2026.11635629,https://openalex.org/W7201833279,Xiao Zhang,Tongji University,institution:b0b93bb53a8b88c1,ShanghaiJiao Tong University,,,manually_confirmed,low,author_institution_conflict,possible multiple affiliation,false,"Why flagged: current institution has weak compatibility with the preserved affiliation evidence, but no strong contradictory institution was identified.",Verify affiliation evidence and canonical institution.,unresolved
institution-consistency:c95258d6042feedb0e63,institution-review-group:63a7e2bc3c4cf61715cf,mapping:0721380c468bda1b9629,curated:854ae0d692bd69098142,Lightweight Detection of AIGI Based on Multi-Feature Fusion and Phased Optimization,2026,10.1109/dlcv69906.2026.11635629,https://openalex.org/W7201833279,Yuefan Li,Tongji University,institution:b0b93bb53a8b88c1,ShanghaiJiao Tong University,,,manually_confirmed,low,author_institution_conflict,possible multiple affiliation,false,"Why flagged: current institution has weak compatibility with the preserved affiliation evidence, but no strong contradictory institution was identified.",Verify affiliation evidence and canonical institution.,unresolved
institution-consistency:d9db82c8abc9367360cd,institution-review-group:115692e35fb43b6c8092,mapping:57379b0ca2796ded4d28,curated:2c278dcd079ea27d0f73,MAID: Model Attribution via Inverse Diffusion,2025,10.1109/icassp49660.2025.10888869,https://openalex.org/W4408354801,Derui Wang,Commonwealth Scientific and Industrial Research Organisation,institution:3da00d58d4c97192,"CSIRO's Data61, Australia",,,manually_confirmed,low,author_institution_conflict,possible multiple affiliation,false,"Why flagged: current institution has weak compatibility with the preserved affiliation evidence, but no strong contradictory institution was identified.",Verify affiliation evidence and canonical institution.,unresolved
institution-consistency:bbb15236988c34ccab4c,institution-review-group:b548a6bee12ad57c43e6,mapping:41e042c226b68820e255,curated:8e9658fa727094695be8,MIRAGE: Towards AI-Generated Image Detection in the Wild,2026,10.1609/aaai.v40i7.37421,https://openalex.org/W7137943215,Bo Zheng,Alibaba Inc,institution:6faf58b52bec4e39,Taobao & Tmall Group of Alibaba,Alibaba Group,institution:73f449eb6a3c05d3,curated_import,low,parent_child_inconsistency,parent-child issue,false,Why flagged: affiliation evidence names a confirmed child institution while the mapping points to its parent; the relationship is compatible and is not a conflict.,Review whether the mapping should use the more specific child institution.,unresolved
institution-consistency:0fa7d011f8b22c2152bc,institution-review-group:c423e1f7330f588d4a15,mapping:41e042c226b68820e255,curated:8e9658fa727094695be8,MIRAGE: Towards AI-Generated Image Detection in the Wild,2026,10.1609/aaai.v40i7.37421,https://openalex.org/W7137943215,Jiexiang Tan,Alibaba Inc,institution:6faf58b52bec4e39,Taobao & Tmall Group of Alibaba,Alibaba Group,institution:73f449eb6a3c05d3,curated_import,low,parent_child_inconsistency,parent-child issue,false,Why flagged: affiliation evidence names a confirmed child institution while the mapping points to its parent; the relationship is compatible and is not a conflict.,Review whether the mapping should use the more specific child institution.,unresolved
institution-consistency:5d5da4e2a4a8ba184de5,institution-review-group:b4f53d7316851d8e8fe2,mapping:41e042c226b68820e255,curated:8e9658fa727094695be8,MIRAGE: Towards AI-Generated Image Detection in the Wild,2026,10.1609/aaai.v40i7.37421,https://openalex.org/W7137943215,Junjun Zheng,Alibaba Inc,institution:6faf58b52bec4e39,Taobao & Tmall Group of Alibaba,Alibaba Group,institution:73f449eb6a3c05d3,curated_import,low,parent_child_inconsistency,parent-child issue,false,Why flagged: affiliation evidence names a confirmed child institution while the mapping points to its parent; the relationship is compatible and is not a conflict.,Review whether the mapping should use the more specific child institution.,unresolved
institution-consistency:6d84e04fc11c615b91c4,institution-review-group:33a5fd8f972a8da5ceb3,mapping:41e042c226b68820e255,curated:8e9658fa727094695be8,MIRAGE: Towards AI-Generated Image Detection in the Wild,2026,10.1609/aaai.v40i7.37421,https://openalex.org/W7137943215,Manxi Lin,Alibaba Inc,institution:6faf58b52bec4e39,Taobao & Tmall Group of Alibaba,Alibaba Group,institution:73f449eb6a3c05d3,curated_import,low,parent_child_inconsistency,parent-child issue,false,Why flagged: affiliation evidence names a confirmed child institution while the mapping points to its parent; the relationship is compatible and is not a conflict.,Review whether the mapping should use the more specific child institution.,unresolved
institution-consistency:3873e667f23a24b4186a,institution-review-group:3cc5286c895b5a507a70,mapping:41e042c226b68820e255,curated:8e9658fa727094695be8,MIRAGE: Towards AI-Generated Image Detection in the Wild,2026,10.1609/aaai.v40i7.37421,https://openalex.org/W7137943215,Oucheng Huang,Alibaba Inc,institution:6faf58b52bec4e39,Taobao & Tmall Group of Alibaba,Alibaba Group,institution:73f449eb6a3c05d3,curated_import,low,parent_child_inconsistency,parent-child issue,false,Why flagged: affiliation evidence names a confirmed child institution while the mapping points to its parent; the relationship is compatible and is not a conflict.,Review whether the mapping should use the more specific child institution.,unresolved
institution-consistency:14997f00462c631ef531,institution-review-group:be98325c6a128e3c9929,mapping:41e042c226b68820e255,curated:8e9658fa727094695be8,MIRAGE: Towards AI-Generated Image Detection in the Wild,2026,10.1609/aaai.v40i7.37421,https://openalex.org/W7137943215,Xiangheng Kong,Alibaba Inc,institution:6faf58b52bec4e39,Taobao & Tmall Group of Alibaba,Alibaba Group,institution:73f449eb6a3c05d3,curated_import,low,parent_child_inconsistency,parent-child issue,false,Why flagged: affiliation evidence names a confirmed child institution while the mapping points to its parent; the relationship is compatible and is not a conflict.,Review whether the mapping should use the more specific child institution.,unresolved
institution-consistency:f8d377f7f048133a8107,institution-review-group:03b5bdac2ee007cc54ab,mapping:41e042c226b68820e255,curated:8e9658fa727094695be8,MIRAGE: Towards AI-Generated Image Detection in the Wild,2026,10.1609/aaai.v40i7.37421,https://openalex.org/W7137943215,Xiaoxiong Du,Alibaba Inc,institution:6faf58b52bec4e39,Taobao & Tmall Group of Alibaba,Alibaba Group,institution:73f449eb6a3c05d3,curated_import,low,parent_child_inconsistency,parent-child issue,false,Why flagged: affiliation evidence names a confirmed child institution while the mapping points to its parent; the relationship is compatible and is not a conflict.,Review whether the mapping should use the more specific child institution.,unresolved
institution-consistency:20f899a5c2f7c158c855,institution-review-group:5822287edb03f9fb99d0,mapping:41e042c226b68820e255,curated:8e9658fa727094695be8,MIRAGE: Towards AI-Generated Image Detection in the Wild,2026,10.1609/aaai.v40i7.37421,https://openalex.org/W7137943215,Yang Qiu,Alibaba Inc,institution:6faf58b52bec4e39,Taobao & Tmall Group of Alibaba,Alibaba Group,institution:73f449eb6a3c05d3,curated_import,low,parent_child_inconsistency,parent-child issue,false,Why flagged: affiliation evidence names a confirmed child institution while the mapping points to its parent; the relationship is compatible and is not a conflict.,Review whether the mapping should use the more specific child institution.,unresolved
institution-consistency:25927e8480e5fe48af62,institution-review-group:7c377a77cadd6841b712,mapping:41e042c226b68820e255,curated:8e9658fa727094695be8,MIRAGE: Towards AI-Generated Image Detection in the Wild,2026,10.1609/aaai.v40i7.37421,https://openalex.org/W7137943215,Yuning Jiang,Alibaba Inc,institution:6faf58b52bec4e39,Taobao & Tmall Group of Alibaba,Alibaba Group,institution:73f449eb6a3c05d3,curated_import,low,parent_child_inconsistency,parent-child issue,false,Why flagged: affiliation evidence names a confirmed child institution while the mapping points to its parent; the relationship is compatible and is not a conflict.,Review whether the mapping should use the more specific child institution.,unresolved
institution-consistency:e0d525a6663dfb370d0a,institution-review-group:c493ea09fd7fd68938be,mapping:e459aae30e6eed1f0f2d,curated:167b4dd09fa505470bce,NSFF: Noise and semantic features fusion for AI-generated image detection,2026,10.1016/j.neunet.2026.109130,https://openalex.org/W7161630969,Jien Kato,Kochi University of Technology,institution:24b3cd33acdc095d,"School of Data and Innovation, Kochi Univertisy of Technology, Kami, 782-8502, Kochi, Japan",,,unresolved,low,alias_missing,alias issue,false,Why flagged: mapping differs only by an institution-name variant; the names are semantically compatible but the alias is not registered.,Review and add alias if this wording recurs.,unresolved
institution-consistency:94521df23f0876824ff8,institution-review-group:8d0a341105ea0be05c39,mapping:a2a582fd979d9784721b,curated:95953a73a0e2e1f14ccb,PiD: Generalized AI-Generated Images Detection with Pixelwise Decomposition Residuals,2025,,,Shouhong Ding,Tencent Youtu Lab,institution:3e78e883c14f8bb8,"Youtu Lab, Tencent, Shanghai, China",,,manually_confirmed,low,alias_missing,alias issue,false,Why flagged: mapping differs only by an institution-name variant; the names are semantically compatible but the alias is not registered.,Review and add alias if this wording recurs.,unresolved
institution-consistency:c4449e3209136d1cb4c1,institution-review-group:7cf9925aceb4889e6e79,mapping:a2a582fd979d9784721b,curated:95953a73a0e2e1f14ccb,PiD: Generalized AI-Generated Images Detection with Pixelwise Decomposition Residuals,2025,,,Taiping Yao,Tencent Youtu Lab,institution:3e78e883c14f8bb8,"Youtu Lab, Tencent, Shanghai, China",,,manually_confirmed,low,alias_missing,alias issue,false,Why flagged: mapping differs only by an institution-name variant; the names are semantically compatible but the alias is not registered.,Review and add alias if this wording recurs.,unresolved
institution-consistency:b70c5040f535a704ec71,institution-review-group:af9c0de67a2d1c70242d,mapping:a2a582fd979d9784721b,curated:95953a73a0e2e1f14ccb,PiD: Generalized AI-Generated Images Detection with Pixelwise Decomposition Residuals,2025,,,Yandan Zhao,Tencent Youtu Lab,institution:3e78e883c14f8bb8,"Youtu Lab, Tencent, Shanghai, China",,,manually_confirmed,low,alias_missing,alias issue,false,Why flagged: mapping differs only by an institution-name variant; the names are semantically compatible but the alias is not registered.,Review and add alias if this wording recurs.,unresolved
institution-consistency:a6964c2a59d858cdfd48,institution-review-group:41e6a4556a806838a543,mapping:a2a582fd979d9784721b,curated:95953a73a0e2e1f14ccb,PiD: Generalized AI-Generated Images Detection with Pixelwise Decomposition Residuals,2025,,,Zhiyuan Yan,Tencent Youtu Lab,institution:3e78e883c14f8bb8,"Youtu Lab, Tencent, Shanghai, China",,,manually_confirmed,low,alias_missing,alias issue,false,Why flagged: mapping differs only by an institution-name variant; the names are semantically compatible but the alias is not registered.,Review and add alias if this wording recurs.,unresolved
institution-consistency:798a105bf3a5bb3fc25c,institution-review-group:61f75c5a4d9f51da205c,mapping:8d89a050d433cf6ff1b9,curated:3bb1fe2e65312512ed32,Pixels Don't Lie (but Your Detector Might): Bootstrapping MLLM-as-a-Judge for Trustworthy Deepfake Detection and Reasoning Supervision,2026,,https://openalex.org/W7131411544,Kartik Kuckreja,Mohamed bin Zayed University of Artificial Intelligence,institution:f04b96a9716ab2f4,MBZUAI,,,manually_confirmed,low,author_institution_conflict,possible multiple affiliation,false,"Why flagged: current institution has weak compatibility with the preserved affiliation evidence, but no strong contradictory institution was identified.",Verify affiliation evidence and canonical institution.,unresolved
institution-consistency:292eb67342608357d3f0,institution-review-group:0a2b98246d99dd41aeb0,mapping:8d89a050d433cf6ff1b9,curated:3bb1fe2e65312512ed32,Pixels Don't Lie (but Your Detector Might): Bootstrapping MLLM-as-a-Judge for Trustworthy Deepfake Detection and Reasoning Supervision,2026,,https://openalex.org/W7131411544,Muhammad Haris Khan,Mohamed bin Zayed University of Artificial Intelligence,institution:f04b96a9716ab2f4,MBZUAI,,,manually_confirmed,low,author_institution_conflict,possible multiple affiliation,false,"Why flagged: current institution has weak compatibility with the preserved affiliation evidence, but no strong contradictory institution was identified.",Verify affiliation evidence and canonical institution.,unresolved
institution-consistency:186fa3a075552ea8c3dc,institution-review-group:2680e02b4289df15d719,mapping:ed00e004e210dc212544,curated:b45849aa3f89cc8b64ef,Position: We need to re-think the concept of “real” images.,2026,,,Janis Keuper,Offenburg University of Applied Sciences,institution:59fe0b363dfeb8f5,"IMLA, Offenburg University, Germany",,,manually_confirmed,low,author_institution_conflict,possible multiple affiliation,false,"Why flagged: current institution has weak compatibility with the preserved affiliation evidence, but no strong contradictory institution was identified.",Verify affiliation evidence and canonical institution.,unresolved
institution-consistency:db69992cba48ea408296,institution-review-group:728cc740467d6395f26e,mapping:c9e68e153f5004288eb4,curated:0bbace72b7a0991bc2b2,RADAR: Reasoning AI-Generated Image Detection for Semantic Fakes,2025,10.3390/technologies13070280,https://openalex.org/W4411960917,Efstratios Gavves,University of Amsterdam,institution:4a9a14dbf4357b38,"Informatics Institute, University van Amsterdam, 1098 XH Amsterdam, The Netherlands",,,curated_import,low,author_institution_conflict,possible multiple affiliation,false,"Why flagged: current institution has weak compatibility with the preserved affiliation evidence, but no strong contradictory institution was identified.",Verify affiliation evidence and canonical institution.,unresolved
institution-consistency:b9e897045d690e1839cf,institution-review-group:e0d28b2043a53b85838e,mapping:c9e68e153f5004288eb4,curated:0bbace72b7a0991bc2b2,RADAR: Reasoning AI-Generated Image Detection for Semantic Fakes,2025,10.3390/technologies13070280,https://openalex.org/W4411960917,Haochen Wang,University of Amsterdam,institution:4a9a14dbf4357b38,"Informatics Institute, University van Amsterdam, 1098 XH Amsterdam, The Netherlands",,,curated_import,low,author_institution_conflict,possible multiple affiliation,false,"Why flagged: current institution has weak compatibility with the preserved affiliation evidence, but no strong contradictory institution was identified.",Verify affiliation evidence and canonical institution.,unresolved
institution-consistency:a57bcb1b0ef1e79049ba,institution-review-group:c1922f145c321d9cb957,mapping:4e6c68a260626ed47be1,curated:4b406d0cf578db643214,RIGID: A Training-Free and Model-Agnostic Framework for Robust AI-Generated Image Detection,2026,10.48550/arxiv.2405.20112,https://openalex.org/W4399252995,Pin-Yu Chen,IBM Thomas J. Watson Research Center,institution:f5c8a9b792d3b901,IBM Research,,,curated_import,low,alias_missing,alias issue,false,Why flagged: mapping differs only by an institution-name variant; the names are semantically compatible but the alias is not registered.,Review and add alias if this wording recurs.,unresolved
institution-consistency:5fa4eb7446ff4d9b89c3,institution-review-group:5acbde826a2acc2e78b1,mapping:422d31d0592f25af829a,curated:29878fee09624b7d105d,Self-Supervised AI-Generated Image Detection: A Camera Metadata Perspective,2026,10.1109/tpami.2026.3654274,https://openalex.org/W7124134169,Baoyuan Wu,"The Chinese University of Hong Kong, Shenzhen",institution:5dbb9ac6a407e079,"School of Artificial Intelligence, Chinese University of Hong Kong, Shenzhen, Guangdong, China",,,curated_import,low,alias_missing,alias issue,false,Why flagged: mapping differs only by an institution-name variant; the names are semantically compatible but the alias is not registered.,Review and add alias if this wording recurs.,unresolved
institution-consistency:5998e2317affb922bce9,institution-review-group:dc6028c09aeea61aaea4,mapping:ac6e729a5fcd4a78f821,curated:bbe4e9e8c5b41e467a76,The Face Deepfake Detection Challenge,2022,10.3390/jimaging8100263,https://openalex.org/W4297477523,Oliver Giudice,Bank of Italy,institution:4e0158a865182393,"Applied Research Team, IT Department, Banca d’Italia, 00044 Rome, Italy",,,curated_import,low,author_institution_conflict,possible multiple affiliation,false,"Why flagged: current institution has weak compatibility with the preserved affiliation evidence, but no strong contradictory institution was identified.",Verify affiliation evidence and canonical institution.,unresolved
institution-consistency:66d7ca0a648ebfc6d6ff,institution-review-group:bc541e210206a44ac59d,mapping:95192f5f75066b27b440,curated:613af6288792f6ece505,The Visual Counter Turing Test (VCT2): A Benchmark for Evaluating AI-Generated Image Detection and the Visual AI Index (VAI),2025,10.18653/v1/2025.ijcnlp-long.100,https://openalex.org/W4404988034,Sainath Reddy Sankepally,"International Institute of Information Technology, Naya Raipur",institution:118c2f047da4525d,"International Institute of Information Technology, India IIIT-Naya Raipur inferred from the LinkedIn profile of the author",,,manually_confirmed,low,alias_missing,alias issue,false,Why flagged: mapping differs only by an institution-name variant; the names are semantically compatible but the alias is not registered.,Review and add alias if this wording recurs.,unresolved
institution-consistency:0f2c39f01d9bd2e8ad65,institution-review-group:a317ab1cbf4ab7262d0f,mapping:a3bb578a9c5bcbf2fafd,curated:e9594b5466110ca009aa,Toward Generalizable AI-Generated Image Detection with a New Realistic Dataset: Performance Evaluation and Improvement,2026,10.1109/mmul.2026.3710370,https://openalex.org/W7167505904,Ji Li,Université Grenoble Alpes,institution:ef7c68d6edbab550,"GIPSA-lab, Univ. Grenoble Alpes, CNRS, Grenoble INP, Grenoble, France",,,automatic_import,low,alias_missing,alias issue,false,Why flagged: mapping differs only by an institution-name variant; the names are semantically compatible but the alias is not registered.,Review and add alias if this wording recurs.,unresolved
institution-consistency:66017af55b6e77958698,institution-review-group:b0e9e46dbbf83941ab7d,mapping:a3bb578a9c5bcbf2fafd,curated:e9594b5466110ca009aa,Toward Generalizable AI-Generated Image Detection with a New Realistic Dataset: Performance Evaluation and Improvement,2026,10.1109/mmul.2026.3710370,https://openalex.org/W7167505904,Kai Wang,Université Grenoble Alpes,institution:ef7c68d6edbab550,"GIPSA-lab, Univ. Grenoble Alpes, CNRS, Grenoble INP, Grenoble, France",,,automatic_import,low,alias_missing,alias issue,false,Why flagged: mapping differs only by an institution-name variant; the names are semantically compatible but the alias is not registered.,Review and add alias if this wording recurs.,unresolved
institution-consistency:8d7c9d9cac3c1af68289,institution-review-group:0a662780d701e429a4be,mapping:a3bb578a9c5bcbf2fafd,curated:e9594b5466110ca009aa,Toward Generalizable AI-Generated Image Detection with a New Realistic Dataset: Performance Evaluation and Improvement,2026,10.1109/mmul.2026.3710370,https://openalex.org/W7167505904,Thai Ngoc Toan Truong,Université Grenoble Alpes,institution:ef7c68d6edbab550,"GIPSA-lab, Univ. Grenoble Alpes, CNRS, Grenoble INP, Grenoble, France",,,automatic_import,low,alias_missing,alias issue,false,Why flagged: mapping differs only by an institution-name variant; the names are semantically compatible but the alias is not registered.,Review and add alias if this wording recurs.,unresolved
institution-consistency:cdd152a1926fd055c8b6,institution-review-group:a08132ae244f4062c181,mapping:76a798c347ac3725b3ab,curated:6e9b86dace6a85f4469c,Towards Explaining Classification Models in Security with Sparse Autoencoders,2026,10.1109/eurospw72509.2026.00041,https://openalex.org/W7196987600,Lorenz Linhardt,Technische Universität Berlin,institution:66101d2ca048704e,TU Berlin & BIFOLD,,,curated_import,low,author_institution_conflict,possible multiple affiliation,false,"Why flagged: current institution has weak compatibility with the preserved affiliation evidence, but no strong contradictory institution was identified.",Verify affiliation evidence and canonical institution.,unresolved
institution-consistency:bd225858295d81a1d9ed,institution-review-group:759900a1d6ad6b202c1a,mapping:ae787b01f59386a8984e,curated:3e707a16418405139945,Towards Generalizable AI-Generated Image Detection via Image-Adaptive Prompt Learning,2025,10.48550/arxiv.2508.01603,https://openalex.org/W4415330533,Zhen Lei,Macau University of Science and Technology,institution:d8d45546142be201,"SCSE, FIE, M.U.S.T.",,,manually_confirmed,low,author_institution_conflict,possible multiple affiliation,false,"Why flagged: current institution has weak compatibility with the preserved affiliation evidence, but no strong contradictory institution was identified.",Verify affiliation evidence and canonical institution.,unresolved
institution-consistency:e1d473104bf016c616fc,institution-review-group:68e39ab68b8d7cf38445,mapping:d0c529dffed7f4d4eaa1,curated:ee47e898ad64ec14b709,Training-free Source Attribution of AI-generated Images via Resynthesis,2025,10.1109/wifs66636.2025.00028,https://openalex.org/W7148430317,Valentina Molinari,IMT School for Advanced Studies Lucca,institution:9958d7ee1cfec4aa,"IMT School, Lucca, Italy",,,curated_import,low,alias_missing,alias issue,false,Why flagged: mapping differs only by an institution-name variant; the names are semantically compatible but the alias is not registered.,Review and add alias if this wording recurs.,unresolved
institution-consistency:6db6dc6391fcd836ae9a,institution-review-group:19a8b36b865eb281156c,mapping:ceebf20902d848a0e885,curated:1ba260f83ce5cec0f723,TRIDENT: Robust Deepfake Detection via Tri-Modal Forensic Ensembles,2026,,,Akshay Dudhane,Mohamed bin Zayed University of Artificial Intelligence,institution:f04b96a9716ab2f4,MBZUAI Abu Dhabi,,,manually_confirmed,low,author_institution_conflict,possible multiple affiliation,false,"Why flagged: current institution has weak compatibility with the preserved affiliation evidence, but no strong contradictory institution was identified.",Verify affiliation evidence and canonical institution.,unresolved
institution-consistency:1e5061cb6f0594097ee9,institution-review-group:aa7c6cba8f2dd0c20d5c,mapping:0ca693cd2fb45ae3262a,curated:1ba260f83ce5cec0f723,TRIDENT: Robust Deepfake Detection via Tri-Modal Forensic Ensembles,2026,,,Sachin Chaudhary,University of Petroleum and Energy Studies,institution:018c503420feda75,"COE:AI, School of Computer Science, UPES Dehradun, India",,,manually_confirmed,low,author_institution_conflict,possible multiple affiliation,false,"Why flagged: current institution has weak compatibility with the preserved affiliation evidence, but no strong contradictory institution was identified.",Verify affiliation evidence and canonical institution.,unresolved
institution-consistency:08cadca0651e3662a0e8,institution-review-group:795fbf2522d81a250630,mapping:6307736ef459cb62af5a,curated:0d918782407e05ade5bd,Unified Detection of Synthetic and Manipulated Images via Dual-Stream Artifact Fusion,2026,10.1145/3810988.3812660,https://openalex.org/W7164758918,Daniel Mai,Vietnam National University Ho Chi Minh City,institution:19d2ee8d44bfb9f0,"University of Science, VNU-HCM, Ho Chi Minh, Vietnam and Viet Nam National University, Ho Chi Minh City, Vietnam | University of Science, VNU-HCM, Ho Chi Minh, Vietnam and Viet Nam National University, Ho Chi Minh, Vietnam",,,unresolved,low,alias_missing,alias issue,false,Why flagged: mapping differs only by an institution-name variant; the names are semantically compatible but the alias is not registered.,Review and add alias if this wording recurs.,unresolved
institution-consistency:584b7e1f0b95cbe8104b,institution-review-group:795fbf2522d81a250630,mapping:6307736ef459cb62af5a,curated:0d918782407e05ade5bd,Unified Detection of Synthetic and Manipulated Images via Dual-Stream Artifact Fusion,2026,10.1145/3810988.3812660,https://openalex.org/W7164758918,Daniel Mai,Vietnam National University Ho Chi Minh City,institution:19d2ee8d44bfb9f0,"University of Science, VNU-HCM, Ho Chi Minh, Vietnam and Viet Nam National University, Ho Chi Minh City, Vietnam | University of Science, VNU-HCM, Ho Chi Minh, Vietnam and Viet Nam National University, Ho Chi Minh, Vietnam","University of Science, Viet Nam National University Ho Chi Minh City",institution:806523d1aae41484,unresolved,low,parent_child_inconsistency,parent-child issue,false,Why flagged: affiliation evidence names a confirmed child institution while the mapping points to its parent; the relationship is compatible and is not a conflict.,Review whether the mapping should use the more specific child institution.,unresolved
institution-consistency:bdb744ca38fca601b82c,institution-review-group:8e3e9082c100ca03deda,mapping:6307736ef459cb62af5a,curated:0d918782407e05ade5bd,Unified Detection of Synthetic and Manipulated Images via Dual-Stream Artifact Fusion,2026,10.1145/3810988.3812660,https://openalex.org/W7164758918,Minh–Triet Tran,Vietnam National University Ho Chi Minh City,institution:19d2ee8d44bfb9f0,"University of Science, VNU-HCM, Ho Chi Minh, Vietnam and Viet Nam National University, Ho Chi Minh City, Vietnam | University of Science, VNU-HCM, Ho Chi Minh, Vietnam and Viet Nam National University, Ho Chi Minh, Vietnam",,,unresolved,low,alias_missing,alias issue,false,Why flagged: mapping differs only by an institution-name variant; the names are semantically compatible but the alias is not registered.,Review and add alias if this wording recurs.,unresolved
institution-consistency:c704005f162ec2061cd9,institution-review-group:8e3e9082c100ca03deda,mapping:6307736ef459cb62af5a,curated:0d918782407e05ade5bd,Unified Detection of Synthetic and Manipulated Images via Dual-Stream Artifact Fusion,2026,10.1145/3810988.3812660,https://openalex.org/W7164758918,Minh–Triet Tran,Vietnam National University Ho Chi Minh City,institution:19d2ee8d44bfb9f0,"University of Science, VNU-HCM, Ho Chi Minh, Vietnam and Viet Nam National University, Ho Chi Minh City, Vietnam | University of Science, VNU-HCM, Ho Chi Minh, Vietnam and Viet Nam National University, Ho Chi Minh, Vietnam","University of Science, Viet Nam National University Ho Chi Minh City",institution:806523d1aae41484,unresolved,low,parent_child_inconsistency,parent-child issue,false,Why flagged: affiliation evidence names a confirmed child institution while the mapping points to its parent; the relationship is compatible and is not a conflict.,Review whether the mapping should use the more specific child institution.,unresolved
institution-consistency:8c1d5f7b82eea96f79b0,institution-review-group:9d282cd7df2cc2a17c1b,mapping:6307736ef459cb62af5a,curated:0d918782407e05ade5bd,Unified Detection of Synthetic and Manipulated Images via Dual-Stream Artifact Fusion,2026,10.1145/3810988.3812660,https://openalex.org/W7164758918,Thinh-Phat Vo,Vietnam National University Ho Chi Minh City,institution:19d2ee8d44bfb9f0,"University of Science, VNU-HCM, Ho Chi Minh, Vietnam and Viet Nam National University, Ho Chi Minh City, Vietnam | University of Science, VNU-HCM, Ho Chi Minh, Vietnam and Viet Nam National University, Ho Chi Minh, Vietnam",,,unresolved,low,alias_missing,alias issue,false,Why flagged: mapping differs only by an institution-name variant; the names are semantically compatible but the alias is not registered.,Review and add alias if this wording recurs.,unresolved
institution-consistency:5b32df4b3f43382ace36,institution-review-group:9d282cd7df2cc2a17c1b,mapping:6307736ef459cb62af5a,curated:0d918782407e05ade5bd,Unified Detection of Synthetic and Manipulated Images via Dual-Stream Artifact Fusion,2026,10.1145/3810988.3812660,https://openalex.org/W7164758918,Thinh-Phat Vo,Vietnam National University Ho Chi Minh City,institution:19d2ee8d44bfb9f0,"University of Science, VNU-HCM, Ho Chi Minh, Vietnam and Viet Nam National University, Ho Chi Minh City, Vietnam | University of Science, VNU-HCM, Ho Chi Minh, Vietnam and Viet Nam National University, Ho Chi Minh, Vietnam","University of Science, Viet Nam National University Ho Chi Minh City",institution:806523d1aae41484,unresolved,low,parent_child_inconsistency,parent-child issue,false,Why flagged: affiliation evidence names a confirmed child institution while the mapping points to its parent; the relationship is compatible and is not a conflict.,Review whether the mapping should use the more specific child institution.,unresolved
institution-consistency:720808fb1fd662542054,institution-review-group:d3372844d23e3b6bcd90,mapping:6307736ef459cb62af5a,curated:0d918782407e05ade5bd,Unified Detection of Synthetic and Manipulated Images via Dual-Stream Artifact Fusion,2026,10.1145/3810988.3812660,https://openalex.org/W7164758918,Trong-Le Do,Vietnam National University Ho Chi Minh City,institution:19d2ee8d44bfb9f0,"University of Science, VNU-HCM, Ho Chi Minh, Vietnam and Viet Nam National University, Ho Chi Minh City, Vietnam | University of Science, VNU-HCM, Ho Chi Minh, Vietnam and Viet Nam National University, Ho Chi Minh, Vietnam",,,unresolved,low,alias_missing,alias issue,false,Why flagged: mapping differs only by an institution-name variant; the names are semantically compatible but the alias is not registered.,Review and add alias if this wording recurs.,unresolved
institution-consistency:22ec1261ba28261435e2,institution-review-group:d3372844d23e3b6bcd90,mapping:6307736ef459cb62af5a,curated:0d918782407e05ade5bd,Unified Detection of Synthetic and Manipulated Images via Dual-Stream Artifact Fusion,2026,10.1145/3810988.3812660,https://openalex.org/W7164758918,Trong-Le Do,Vietnam National University Ho Chi Minh City,institution:19d2ee8d44bfb9f0,"University of Science, VNU-HCM, Ho Chi Minh, Vietnam and Viet Nam National University, Ho Chi Minh City, Vietnam | University of Science, VNU-HCM, Ho Chi Minh, Vietnam and Viet Nam National University, Ho Chi Minh, Vietnam","University of Science, Viet Nam National University Ho Chi Minh City",institution:806523d1aae41484,unresolved,low,parent_child_inconsistency,parent-child issue,false,Why flagged: affiliation evidence names a confirmed child institution while the mapping points to its parent; the relationship is compatible and is not a conflict.,Review whether the mapping should use the more specific child institution.,unresolved
institution-consistency:a7d0afdc88d81d547436,institution-review-group:0d9c556ed0483c3e8789,mapping:f3d66c3512fcb5b0fc54,openalex:W4409368310,WildFake: A Large-Scale and Hierarchical Dataset for AI-Generated Images Detection,2025,10.1609/aaai.v39i4.32363,https://openalex.org/W4409368310,Jianfu Zhang,Shanghai Jiao Tong University,institution:fccd5d0ac9cc52f9,Shanghai Jiaotong University,,,manually_confirmed,low,author_institution_conflict,possible multiple affiliation,false,"Why flagged: current institution has weak compatibility with the preserved affiliation evidence, but no strong contradictory institution was identified.",Verify affiliation evidence and canonical institution.,unresolved
