institution_id,starting_canonical_name,starting_type,final_institution_id,final_canonical_name,final_type,final_status,name_decision,type_decision,evidence_status,evidence_url,notes
institution:c45f90fe3d40e0f7,Jilin Engineering Vocational College,university,institution:c45f90fe3d40e0f7,Jilin Engineering Vocational College,university,active,retained,retained,retained_after_registry_wide_review,,"No authoritative discrepancy identified by the name, type, alias, hierarchy, and duplicate-identity scans."
institution:b85a1a866c0c7fe8,Aarhus University,university,institution:b85a1a866c0c7fe8,Aarhus University,university,active,retained,retained,retained_after_registry_wide_review,,"No authoritative discrepancy identified by the name, type, alias, hierarchy, and duplicate-identity scans."
institution:7a0d6a63667ac750,Adobe Research,company,institution:7a0d6a63667ac750,Adobe Research,company,active,retained,retained,retained_after_registry_wide_review,,"No authoritative discrepancy identified by the name, type, alias, hierarchy, and duplicate-identity scans."
institution:e81a0314e783d8a4,"Agency for Science, Technology and Research",research_unit,institution:e81a0314e783d8a4,"Agency for Science, Technology and Research",research_unit,active,retained,retained,retained_after_registry_wide_review,,"No authoritative discrepancy identified by the name, type, alias, hierarchy, and duplicate-identity scans."
institution:b145c3f748543038,AI Foundation and Algorithm Lab,research_unit,institution:b145c3f748543038,AI Foundation and Algorithm Lab,research_unit,active,retained,retained,retained_after_registry_wide_review,,"No authoritative discrepancy identified by the name, type, alias, hierarchy, and duplicate-identity scans."
institution:6faf58b52bec4e39,Alibaba Inc,company,institution:73f449eb6a3c05d3,Alibaba Group,company,merged,merged_duplicate,merged_duplicate,official_source_confirmed_duplicate,https://www.alibabagroup.com/en-US/about-alibaba,Alibaba Inc is a source variant of Alibaba Group.
institution:930e5c2880e11cb3,Alipurduar Government Engineering and Management College,university,institution:930e5c2880e11cb3,Alipurduar Government Engineering and Management College,university,active,retained,retained,retained_after_registry_wide_review,,"No authoritative discrepancy identified by the name, type, alias, hierarchy, and duplicate-identity scans."
institution:cbc62794911ff31b,Amazon,company,institution:cbc62794911ff31b,Amazon,company,active,retained,retained,retained_after_registry_wide_review,,"No authoritative discrepancy identified by the name, type, alias, hierarchy, and duplicate-identity scans."
institution:8ab1276f56c9f894,Amazon AI,company,institution:8ab1276f56c9f894,Amazon AI,company,active,retained,retained,retained_after_registry_wide_review,,"No authoritative discrepancy identified by the name, type, alias, hierarchy, and duplicate-identity scans."
institution:284bfcf10a3b1ebf,Amazon Prime Video,company,institution:284bfcf10a3b1ebf,Amazon Prime Video,company,active,retained,retained,retained_after_registry_wide_review,,"No authoritative discrepancy identified by the name, type, alias, hierarchy, and duplicate-identity scans."
institution:b7f49dab7bfe22c4,American International University-Bangladesh,university,institution:b7f49dab7bfe22c4,American International University-Bangladesh,university,active,retained,retained,retained_after_registry_wide_review,,"No authoritative discrepancy identified by the name, type, alias, hierarchy, and duplicate-identity scans."
institution:16ee891260af74c0,Anhui University,university,institution:16ee891260af74c0,Anhui University,university,active,retained,retained,retained_after_registry_wide_review,,"No authoritative discrepancy identified by the name, type, alias, hierarchy, and duplicate-identity scans."
institution:6f15f620028933fb,Anqing Normal University,university,institution:6f15f620028933fb,Anqing Normal University,university,active,retained,retained,retained_after_registry_wide_review,,"No authoritative discrepancy identified by the name, type, alias, hierarchy, and duplicate-identity scans."
institution:5a28a1a99a417ba5,Ant Group,company,institution:5a28a1a99a417ba5,Ant Group,company,active,retained,retained,retained_after_registry_wide_review,,"No authoritative discrepancy identified by the name, type, alias, hierarchy, and duplicate-identity scans."
institution:ac7aeed6b85a0a40,Arizona State University,university,institution:ac7aeed6b85a0a40,Arizona State University,university,active,retained,retained,retained_after_registry_wide_review,,"No authoritative discrepancy identified by the name, type, alias, hierarchy, and duplicate-identity scans."
institution:c739468458199e8c,Barisal Information Technology College,university,institution:c739468458199e8c,Barisal Information Technology College,university,active,retained,retained,retained_after_registry_wide_review,,"No authoritative discrepancy identified by the name, type, alias, hierarchy, and duplicate-identity scans."
institution:042deeccb5521315,Bay Institute,research_unit,institution:042deeccb5521315,Bay Institute,research_unit,active,retained,retained,retained_after_registry_wide_review,,"No authoritative discrepancy identified by the name, type, alias, hierarchy, and duplicate-identity scans."
institution:f336b3005794930b,Beihang University,university,institution:f336b3005794930b,Beihang University,university,active,retained,retained,retained_after_registry_wide_review,,"No authoritative discrepancy identified by the name, type, alias, hierarchy, and duplicate-identity scans."
institution:985443a2d7239406,Beijing Academy of Artificial Intelligence,research_unit,institution:985443a2d7239406,Beijing Academy of Artificial Intelligence,research_unit,active,retained,retained,retained_after_registry_wide_review,,"No authoritative discrepancy identified by the name, type, alias, hierarchy, and duplicate-identity scans."
institution:9cd15ab643d7131f,Beijing Institute of Graphic Communication,university,institution:9cd15ab643d7131f,Beijing Institute of Graphic Communication,university,active,retained,retained,retained_after_registry_wide_review,,"No authoritative discrepancy identified by the name, type, alias, hierarchy, and duplicate-identity scans."
institution:bf6195b78f6dc951,Beijing Jiaotong University,university,institution:bf6195b78f6dc951,Beijing Jiaotong University,university,active,retained,retained,retained_after_registry_wide_review,,"No authoritative discrepancy identified by the name, type, alias, hierarchy, and duplicate-identity scans."
institution:924e1e0e9723b423,Beijing Normal University,university,institution:924e1e0e9723b423,Beijing Normal University,university,active,retained,retained,retained_after_registry_wide_review,,"No authoritative discrepancy identified by the name, type, alias, hierarchy, and duplicate-identity scans."
institution:1502cb7c96ae3095,Beijing University of Posts and Telecommunications,university,institution:1502cb7c96ae3095,Beijing University of Posts and Telecommunications,university,active,retained,retained,retained_after_registry_wide_review,,"No authoritative discrepancy identified by the name, type, alias, hierarchy, and duplicate-identity scans."
institution:f060d61d546153f2,Beijing University of Technology,university,institution:f060d61d546153f2,Beijing University of Technology,university,active,retained,retained,retained_after_registry_wide_review,,"No authoritative discrepancy identified by the name, type, alias, hierarchy, and duplicate-identity scans."
institution:2792f975d7b5565e,Binjiang Institute of Artificial Intelligence,research_unit,institution:2792f975d7b5565e,Binjiang Institute of Artificial Intelligence,research_unit,active,retained,retained,retained_after_registry_wide_review,,"No authoritative discrepancy identified by the name, type, alias, hierarchy, and duplicate-identity scans."
institution:ffd387a3478eb9e9,"Birla Institute of Technology, Mesra",university,institution:ffd387a3478eb9e9,"Birla Institute of Technology, Mesra",university,active,retained,retained,retained_after_registry_wide_review,,"No authoritative discrepancy identified by the name, type, alias, hierarchy, and duplicate-identity scans."
institution:e822c28c6d58a829,"BITS Pilani, Goa",university,institution:e822c28c6d58a829,"BITS Pilani, Goa",university,active,retained,retained,retained_after_registry_wide_review,,"No authoritative discrepancy identified by the name, type, alias, hierarchy, and duplicate-identity scans."
institution:99ef70abd8f55fae,"BITS Pilani, Hyderabad",university,institution:99ef70abd8f55fae,"BITS Pilani, Hyderabad",university,active,retained,retained,retained_after_registry_wide_review,,"No authoritative discrepancy identified by the name, type, alias, hierarchy, and duplicate-identity scans."
institution:2c846bda509d7d12,Boston University,university,institution:2c846bda509d7d12,Boston University,university,active,retained,retained,retained_after_registry_wide_review,,"No authoritative discrepancy identified by the name, type, alias, hierarchy, and duplicate-identity scans."
institution:c5235efb76365de2,Carnegie Mellon University,university,institution:c5235efb76365de2,Carnegie Mellon University,university,active,retained,retained,retained_after_registry_wide_review,,"No authoritative discrepancy identified by the name, type, alias, hierarchy, and duplicate-identity scans."
institution:060062d7bc15b07c,"Center for Data-Driven Science and AI, Tohoku University, Sendai, Japan",university,institution:060062d7bc15b07c,"Center for Data-Driven Science and AI, Tohoku University, Sendai, Japan",university,active,retained,retained,retained_after_registry_wide_review,,"No authoritative discrepancy identified by the name, type, alias, hierarchy, and duplicate-identity scans."
institution:15e8da2735014d49,Central University of Finance and Economics,university,institution:15e8da2735014d49,Central University of Finance and Economics,university,active,retained,retained,retained_after_registry_wide_review,,"No authoritative discrepancy identified by the name, type, alias, hierarchy, and duplicate-identity scans."
institution:f841aa8a7a0d29aa,Centre for Research and Technology Hellas,research_unit,institution:f841aa8a7a0d29aa,Centre for Research and Technology Hellas,research_unit,active,retained,retained,retained_after_registry_wide_review,,"No authoritative discrepancy identified by the name, type, alias, hierarchy, and duplicate-identity scans."
institution:29645bb566fcd576,French National Centre for Scientific Research,research_unit,institution:29645bb566fcd576,French National Centre for Scientific Research,research_unit,active,retained,retained,retained_after_registry_wide_review,,"No authoritative discrepancy identified by the name, type, alias, hierarchy, and duplicate-identity scans."
institution:6bdc62fb06ac696f,Changsha University of Science and Technology,university,institution:6bdc62fb06ac696f,Changsha University of Science and Technology,university,active,retained,retained,retained_after_registry_wide_review,,"No authoritative discrepancy identified by the name, type, alias, hierarchy, and duplicate-identity scans."
institution:7aae859eefe8edd1,Chang'an University,university,institution:7aae859eefe8edd1,Chang'an University,university,active,retained,retained,retained_after_registry_wide_review,,"No authoritative discrepancy identified by the name, type, alias, hierarchy, and duplicate-identity scans."
institution:5757493192522b63,China Electronics Technology Group Corporation,company,institution:5757493192522b63,China Electronics Technology Group Corporation,company,active,retained,retained,retained_after_registry_wide_review,,"No authoritative discrepancy identified by the name, type, alias, hierarchy, and duplicate-identity scans."
institution:0be9d444a6c88894,"China Telecom Cloud Technology Co., Ltd.",company,institution:0be9d444a6c88894,"China Telecom Cloud Technology Co., Ltd.",company,active,retained,retained,retained_after_registry_wide_review,,"No authoritative discrepancy identified by the name, type, alias, hierarchy, and duplicate-identity scans."
institution:e67012d79bb3f603,China University of Mining and Technology,university,institution:e67012d79bb3f603,China University of Mining and Technology,university,active,retained,retained,retained_after_registry_wide_review,,"No authoritative discrepancy identified by the name, type, alias, hierarchy, and duplicate-identity scans."
institution:3afb6cc453e0a8d9,Chinese Academy of Sciences,research_unit,institution:3afb6cc453e0a8d9,Chinese Academy of Sciences,research_unit,active,retained,retained,retained_after_registry_wide_review,,"No authoritative discrepancy identified by the name, type, alias, hierarchy, and duplicate-identity scans."
institution:3f9391add8daa620,Chinese People's Armed Police Force Engineering University,university,institution:3f9391add8daa620,Chinese People's Armed Police Force Engineering University,university,active,retained,retained,retained_after_registry_wide_review,,"No authoritative discrepancy identified by the name, type, alias, hierarchy, and duplicate-identity scans."
institution:ff4b6fb0e7e3f155,Chinese University of Hong Kong,university,institution:ff4b6fb0e7e3f155,Chinese University of Hong Kong,university,active,retained,retained,retained_after_registry_wide_review,,"No authoritative discrepancy identified by the name, type, alias, hierarchy, and duplicate-identity scans."
institution:488418437bfc9b2c,Chittagong University of Engineering and Technology,university,institution:488418437bfc9b2c,Chittagong University of Engineering and Technology,university,active,retained,retained,retained_after_registry_wide_review,,"No authoritative discrepancy identified by the name, type, alias, hierarchy, and duplicate-identity scans."
institution:7e10613327a4e264,Chongqing University of Posts and Telecommunications,university,institution:7e10613327a4e264,Chongqing University of Posts and Telecommunications,university,active,retained,retained,retained_after_registry_wide_review,,"No authoritative discrepancy identified by the name, type, alias, hierarchy, and duplicate-identity scans."
institution:aea376936c88135b,CISPA Helmholtz Center for Information Security,research_unit,institution:aea376936c88135b,CISPA Helmholtz Center for Information Security,research_unit,active,retained,retained,retained_after_registry_wide_review,,"No authoritative discrepancy identified by the name, type, alias, hierarchy, and duplicate-identity scans."
institution:ec71dc4340659fd9,City University of Hong Kong,university,institution:ec71dc4340659fd9,City University of Hong Kong,university,active,retained,retained,retained_after_registry_wide_review,,"No authoritative discrepancy identified by the name, type, alias, hierarchy, and duplicate-identity scans."
institution:24e78a56f93457a5,City University of London,university,institution:24e78a56f93457a5,City University of London,university,active,retained,retained,retained_after_registry_wide_review,,"No authoritative discrepancy identified by the name, type, alias, hierarchy, and duplicate-identity scans."
institution:769b711ed2fee7c0,City University of Macau,university,institution:769b711ed2fee7c0,City University of Macau,university,active,retained,retained,retained_after_registry_wide_review,,"No authoritative discrepancy identified by the name, type, alias, hierarchy, and duplicate-identity scans."
institution:fa6adc95226df542,Clemson University,university,institution:fa6adc95226df542,Clemson University,university,active,retained,retained,retained_after_registry_wide_review,,"No authoritative discrepancy identified by the name, type, alias, hierarchy, and duplicate-identity scans."
institution:721b1fe645c5b099,National Inter-University Consortium for Telecommunications,research_unit,institution:721b1fe645c5b099,National Inter-University Consortium for Telecommunications,research_unit,active,retained,retained,retained_after_registry_wide_review,,"No authoritative discrepancy identified by the name, type, alias, hierarchy, and duplicate-identity scans."
institution:3da00d58d4c97192,Commonwealth Scientific and Industrial Research Organisation,research_unit,institution:3da00d58d4c97192,Commonwealth Scientific and Industrial Research Organisation,research_unit,active,retained,retained,retained_after_registry_wide_review,,"No authoritative discrepancy identified by the name, type, alias, hierarchy, and duplicate-identity scans."
institution:6a318a8411b5cf74,Complutense University of Madrid,university,institution:6a318a8411b5cf74,Complutense University of Madrid,university,active,retained,retained,retained_after_registry_wide_review,,"No authoritative discrepancy identified by the name, type, alias, hierarchy, and duplicate-identity scans."
institution:3d7a55d07b650cfa,Czech Technical University in Prague,university,institution:3d7a55d07b650cfa,Czech Technical University in Prague,university,active,retained,retained,retained_after_registry_wide_review,,"No authoritative discrepancy identified by the name, type, alias, hierarchy, and duplicate-identity scans."
institution:3be1ce40ea53f6d2,Data61,research_unit,institution:3be1ce40ea53f6d2,Data61,research_unit,active,retained,retained,retained_after_registry_wide_review,,"No authoritative discrepancy identified by the name, type, alias, hierarchy, and duplicate-identity scans."
institution:e0fc2ffb269489e7,Drexel University,university,institution:e0fc2ffb269489e7,Drexel University,university,active,retained,retained,retained_after_registry_wide_review,,"No authoritative discrepancy identified by the name, type, alias, hierarchy, and duplicate-identity scans."
institution:a8d8c5fe60be3e65,East China Normal University,university,institution:a8d8c5fe60be3e65,East China Normal University,university,active,retained,retained,retained_after_registry_wide_review,,"No authoritative discrepancy identified by the name, type, alias, hierarchy, and duplicate-identity scans."
institution:82b627d49a985ef1,East China University of Science and Technology,university,institution:82b627d49a985ef1,East China University of Science and Technology,university,active,retained,retained,retained_after_registry_wide_review,,"No authoritative discrepancy identified by the name, type, alias, hierarchy, and duplicate-identity scans."
institution:73bb0fe265f6e090,Friedrich-Alexander-Universität Erlangen-Nürnberg,university,institution:73bb0fe265f6e090,Friedrich-Alexander-Universität Erlangen-Nürnberg,university,active,retained,retained,retained_after_registry_wide_review,,"No authoritative discrepancy identified by the name, type, alias, hierarchy, and duplicate-identity scans."
institution:baa1df7c4adddbda,Fudan University,university,institution:baa1df7c4adddbda,Fudan University,university,active,retained,retained,retained_after_registry_wide_review,,"No authoritative discrepancy identified by the name, type, alias, hierarchy, and duplicate-identity scans."
institution:c3227ed71ef6fcd8,Fujian University of Technology,university,institution:c3227ed71ef6fcd8,Fujian University of Technology,university,active,retained,retained,retained_after_registry_wide_review,,"No authoritative discrepancy identified by the name, type, alias, hierarchy, and duplicate-identity scans."
institution:0da909b4402f8657,Fujitsu Limited,company,institution:0da909b4402f8657,Fujitsu Limited,company,active,retained,retained,retained_after_registry_wide_review,,"No authoritative discrepancy identified by the name, type, alias, hierarchy, and duplicate-identity scans."
institution:dbb4589b8e2f8264,Florida International University,university,institution:dbb4589b8e2f8264,Florida International University,university,active,retained,retained,retained_after_registry_wide_review,,"No authoritative discrepancy identified by the name, type, alias, hierarchy, and duplicate-identity scans."
institution:90cbfdc3d90fe8a0,Fujitsu Research of Europe,company,institution:90cbfdc3d90fe8a0,Fujitsu Research of Europe,company,active,retained,retained,retained_after_registry_wide_review,,"No authoritative discrepancy identified by the name, type, alias, hierarchy, and duplicate-identity scans."
institution:6beb2f6c52d3f30c,Gachon University,university,institution:6beb2f6c52d3f30c,Gachon University,university,active,retained,retained,retained_after_registry_wide_review,,"No authoritative discrepancy identified by the name, type, alias, hierarchy, and duplicate-identity scans."
institution:39839f8732e7433b,George Mason University,university,institution:39839f8732e7433b,George Mason University,university,active,retained,retained,retained_after_registry_wide_review,,"No authoritative discrepancy identified by the name, type, alias, hierarchy, and duplicate-identity scans."
institution:ab37cf6fbc2c38dd,GIPSA-Lab,research_unit,institution:ab37cf6fbc2c38dd,GIPSA-Lab,research_unit,active,retained,retained,retained_after_registry_wide_review,,"No authoritative discrepancy identified by the name, type, alias, hierarchy, and duplicate-identity scans."
institution:35e36dc1a5213fa3,Google Research,company,institution:35e36dc1a5213fa3,Google Research,company,active,retained,retained,retained_after_registry_wide_review,,"No authoritative discrepancy identified by the name, type, alias, hierarchy, and duplicate-identity scans."
institution:8fe72087521e285a,Guangdong University of Technology,university,institution:8fe72087521e285a,Guangdong University of Technology,university,active,retained,retained,retained_after_registry_wide_review,,"No authoritative discrepancy identified by the name, type, alias, hierarchy, and duplicate-identity scans."
institution:a1e1ec8b780e67c8,Guizhou Normal University,university,institution:a1e1ec8b780e67c8,Guizhou Normal University,university,active,retained,retained,retained_after_registry_wide_review,,"No authoritative discrepancy identified by the name, type, alias, hierarchy, and duplicate-identity scans."
institution:91e76fe32279c58d,Hangzhou High-Tech Zone (Binjiang) Institute of Blockchain and Data Security,research_unit,institution:91e76fe32279c58d,Hangzhou High-Tech Zone (Binjiang) Institute of Blockchain and Data Security,research_unit,active,retained,retained,retained_after_registry_wide_review,,"No authoritative discrepancy identified by the name, type, alias, hierarchy, and duplicate-identity scans."
institution:3e2d6c20e9d268da,Hanyang University,university,institution:3e2d6c20e9d268da,Hanyang University,university,active,retained,retained,retained_after_registry_wide_review,,"No authoritative discrepancy identified by the name, type, alias, hierarchy, and duplicate-identity scans."
institution:fe438b1c7662476f,Harbin Institute of Technology,university,institution:fe438b1c7662476f,Harbin Institute of Technology,university,active,retained,retained,retained_after_registry_wide_review,,"No authoritative discrepancy identified by the name, type, alias, hierarchy, and duplicate-identity scans."
institution:6c5bb70e9f4b77ba,"Harbin Institute of Technology, Shenzhen",university,institution:6c5bb70e9f4b77ba,"Harbin Institute of Technology, Shenzhen",university,active,retained,retained,retained_after_registry_wide_review,,"No authoritative discrepancy identified by the name, type, alias, hierarchy, and duplicate-identity scans."
institution:b83f47152ad1ec29,Hebei University of Technology,university,institution:b83f47152ad1ec29,Hebei University of Technology,university,active,retained,retained,retained_after_registry_wide_review,,"No authoritative discrepancy identified by the name, type, alias, hierarchy, and duplicate-identity scans."
institution:dfb7666cf1c6e052,Hefei Comprehensive National Science Center,research_unit,institution:dfb7666cf1c6e052,Hefei Comprehensive National Science Center,research_unit,active,retained,retained,retained_after_registry_wide_review,,"No authoritative discrepancy identified by the name, type, alias, hierarchy, and duplicate-identity scans."
institution:f6342fd457763517,Hefei University of Technology,university,institution:f6342fd457763517,Hefei University of Technology,university,active,retained,retained,retained_after_registry_wide_review,,"No authoritative discrepancy identified by the name, type, alias, hierarchy, and duplicate-identity scans."
institution:9dd7b58a09f6962c,"HKISI, Chinese Academy of Sciences",research_unit,institution:9dd7b58a09f6962c,"HKISI, Chinese Academy of Sciences",research_unit,active,retained,retained,retained_after_registry_wide_review,,"No authoritative discrepancy identified by the name, type, alias, hierarchy, and duplicate-identity scans."
institution:e1fcb46488c800ef,Hong Kong Metropolitan University,university,institution:e1fcb46488c800ef,Hong Kong Metropolitan University,university,active,retained,retained,retained_after_registry_wide_review,,"No authoritative discrepancy identified by the name, type, alias, hierarchy, and duplicate-identity scans."
institution:95daf5606b8bd80c,HSE University,university,institution:95daf5606b8bd80c,HSE University,university,active,retained,retained,retained_after_registry_wide_review,,"No authoritative discrepancy identified by the name, type, alias, hierarchy, and duplicate-identity scans."
institution:2e62680df0fed751,Huawei Noah's Ark Lab,company,institution:2e62680df0fed751,Huawei Noah's Ark Lab,company,active,retained,retained,retained_after_registry_wide_review,,"No authoritative discrepancy identified by the name, type, alias, hierarchy, and duplicate-identity scans."
institution:570cf7f2e9869b63,Huawei Technologies (China),company,institution:570cf7f2e9869b63,Huawei Technologies (China),company,active,retained,retained,retained_after_registry_wide_review,,"No authoritative discrepancy identified by the name, type, alias, hierarchy, and duplicate-identity scans."
institution:e540a2485c3e954f,Huazhong University of Science and Technology,university,institution:e540a2485c3e954f,Huazhong University of Science and Technology,university,active,retained,retained,retained_after_registry_wide_review,,"No authoritative discrepancy identified by the name, type, alias, hierarchy, and duplicate-identity scans."
institution:be8fe6da68f67876,Hunan University,university,institution:be8fe6da68f67876,Hunan University,university,active,retained,retained,retained_after_registry_wide_review,,"No authoritative discrepancy identified by the name, type, alias, hierarchy, and duplicate-identity scans."
institution:42d2e85e0328361b,Hunan University of Science and Technology,university,institution:42d2e85e0328361b,Hunan University of Science and Technology,university,active,retained,retained,retained_after_registry_wide_review,,"No authoritative discrepancy identified by the name, type, alias, hierarchy, and duplicate-identity scans."
institution:f5c8a9b792d3b901,IBM Thomas J. Watson Research Center,company,institution:f5c8a9b792d3b901,IBM Thomas J. Watson Research Center,company,active,retained,retained,retained_after_registry_wide_review,,"No authoritative discrepancy identified by the name, type, alias, hierarchy, and duplicate-identity scans."
institution:fe7a819f82113c79,IdentifAI,company,institution:fe7a819f82113c79,IdentifAI,company,active,retained,retained,retained_after_registry_wide_review,,"No authoritative discrepancy identified by the name, type, alias, hierarchy, and duplicate-identity scans."
institution:9958d7ee1cfec4aa,IMT School for Advanced Studies Lucca,university,institution:9958d7ee1cfec4aa,IMT School for Advanced Studies Lucca,university,active,retained,retained,retained_after_registry_wide_review,,"No authoritative discrepancy identified by the name, type, alias, hierarchy, and duplicate-identity scans."
institution:c49f954847b969c5,Incheon National University,university,institution:c49f954847b969c5,Incheon National University,university,active,retained,retained,retained_after_registry_wide_review,,"No authoritative discrepancy identified by the name, type, alias, hierarchy, and duplicate-identity scans."
institution:4269181ef8bd7d6e,"Indian Institute of Engineering Science and Technology, Shibpur",university,institution:4269181ef8bd7d6e,"Indian Institute of Engineering Science and Technology, Shibpur",university,active,retained,retained,retained_after_registry_wide_review,,"No authoritative discrepancy identified by the name, type, alias, hierarchy, and duplicate-identity scans."
institution:f0c3da144873207a,Indian Institute of Technology Kharagpur,university,institution:f0c3da144873207a,Indian Institute of Technology Kharagpur,university,active,retained,retained,retained_after_registry_wide_review,,"No authoritative discrepancy identified by the name, type, alias, hierarchy, and duplicate-identity scans."
institution:d0b09c4ef698e8de,Indian Institute of Technology Roorkee,university,institution:d0b09c4ef698e8de,Indian Institute of Technology Roorkee,university,active,retained,retained,retained_after_registry_wide_review,,"No authoritative discrepancy identified by the name, type, alias, hierarchy, and duplicate-identity scans."
institution:df7499422b3e4d82,Indraprastha Institute of Information Technology Delhi,university,institution:df7499422b3e4d82,Indraprastha Institute of Information Technology Delhi,university,active,retained,retained,retained_after_registry_wide_review,,"No authoritative discrepancy identified by the name, type, alias, hierarchy, and duplicate-identity scans."
institution:04b81a56c7eb1a69,Informatics Institute for Postgraduate Studies,research_unit,institution:04b81a56c7eb1a69,Informatics Institute for Postgraduate Studies,research_unit,active,retained,retained,retained_after_registry_wide_review,,"No authoritative discrepancy identified by the name, type, alias, hierarchy, and duplicate-identity scans."
institution:ce9788da3b7b6137,Inner Mongolia University of Technology,university,institution:ce9788da3b7b6137,Inner Mongolia University of Technology,university,active,retained,retained,retained_after_registry_wide_review,,"No authoritative discrepancy identified by the name, type, alias, hierarchy, and duplicate-identity scans."
institution:507c5724052f23eb,"INSAIT, Sofia University ""St. Kliment Ohridski""",university,institution:507c5724052f23eb,"INSAIT, Sofia University ""St. Kliment Ohridski""",university,active,retained,retained,retained_after_registry_wide_review,,"No authoritative discrepancy identified by the name, type, alias, hierarchy, and duplicate-identity scans."
institution:475fa3f7d32d5d27,Grenoble INP,university,institution:475fa3f7d32d5d27,Grenoble INP,university,active,retained,retained,retained_after_registry_wide_review,,"No authoritative discrepancy identified by the name, type, alias, hierarchy, and duplicate-identity scans."
institution:e4ca3896941052d9,Institute for Scientific Interchange,research_unit,institution:e4ca3896941052d9,Institute for Scientific Interchange,research_unit,active,retained,retained,retained_after_registry_wide_review,,"No authoritative discrepancy identified by the name, type, alias, hierarchy, and duplicate-identity scans."
institution:a1ff6f7123083db9,"Institute of Artificial Intelligence (TeleAI), China Telecom",company,institution:a1ff6f7123083db9,"Institute of Artificial Intelligence (TeleAI), China Telecom",company,active,retained,retained,retained_after_registry_wide_review,,"No authoritative discrepancy identified by the name, type, alias, hierarchy, and duplicate-identity scans."
institution:966ff12833f90bb0,"Institute of Automation, Chinese Academy of Sciences",research_unit,institution:966ff12833f90bb0,"Institute of Automation, Chinese Academy of Sciences",research_unit,active,retained,retained,retained_after_registry_wide_review,,"No authoritative discrepancy identified by the name, type, alias, hierarchy, and duplicate-identity scans."
institution:e278f75918ccf8a7,"Institute of Computing Technology, Chinese Academy of Sciences",research_unit,institution:e278f75918ccf8a7,"Institute of Computing Technology, Chinese Academy of Sciences",research_unit,active,retained,retained,retained_after_registry_wide_review,,"No authoritative discrepancy identified by the name, type, alias, hierarchy, and duplicate-identity scans."
institution:cee70184073782c7,"Institute of Information Engineering, Chinese Academy of Sciences",research_unit,institution:cee70184073782c7,"Institute of Information Engineering, Chinese Academy of Sciences",research_unit,active,retained,retained,retained_after_registry_wide_review,,"No authoritative discrepancy identified by the name, type, alias, hierarchy, and duplicate-identity scans."
institution:0aed8b5908ebcd25,Institute for Pure and Applied Mathematics,research_unit,institution:0aed8b5908ebcd25,Institute for Pure and Applied Mathematics,research_unit,active,retained,retained,retained_after_registry_wide_review,,"No authoritative discrepancy identified by the name, type, alias, hierarchy, and duplicate-identity scans."
institution:260c0fc69149bb41,Intel Corporation,company,institution:260c0fc69149bb41,Intel Corporation,company,active,retained,retained,retained_after_registry_wide_review,,"No authoritative discrepancy identified by the name, type, alias, hierarchy, and duplicate-identity scans."
institution:33f2056ddfd46aaa,International Institute of Information Technology,university,institution:33f2056ddfd46aaa,International Institute of Information Technology,university,active,retained,retained,retained_after_registry_wide_review,,"No authoritative discrepancy identified by the name, type, alias, hierarchy, and duplicate-identity scans."
institution:118c2f047da4525d,"International Institute of Information Technology, Naya Raipur",university,institution:118c2f047da4525d,"International Institute of Information Technology, Naya Raipur",university,active,retained,retained,retained_after_registry_wide_review,,"No authoritative discrepancy identified by the name, type, alias, hierarchy, and duplicate-identity scans."
institution:541450f1f663948c,"Institute of Information Science and Technologies ""Alessandro Faedo"", National Research Council of Italy",research_unit,institution:541450f1f663948c,"Institute of Information Science and Technologies ""Alessandro Faedo"", National Research Council of Italy",research_unit,active,retained,retained,retained_after_registry_wide_review,,"No authoritative discrepancy identified by the name, type, alias, hierarchy, and duplicate-identity scans."
institution:bc52939c5da8ad98,Jaume I University,university,institution:bc52939c5da8ad98,Jaume I University,university,active,retained,retained,retained_after_registry_wide_review,,"No authoritative discrepancy identified by the name, type, alias, hierarchy, and duplicate-identity scans."
institution:45d2a7ca48493f42,Jilin Vocational College of Industry and Technology,university,institution:45d2a7ca48493f42,Jilin Vocational College of Industry and Technology,university,active,retained,retained,retained_after_registry_wide_review,,"No authoritative discrepancy identified by the name, type, alias, hierarchy, and duplicate-identity scans."
institution:8632718a2c1444c6,Jinan University,university,institution:8632718a2c1444c6,Jinan University,university,active,retained,retained,retained_after_registry_wide_review,,"No authoritative discrepancy identified by the name, type, alias, hierarchy, and duplicate-identity scans."
institution:81f79a387128ccac,Khalifa University,university,institution:81f79a387128ccac,Khalifa University,university,active,retained,retained,retained_after_registry_wide_review,,"No authoritative discrepancy identified by the name, type, alias, hierarchy, and duplicate-identity scans."
institution:24b3cd33acdc095d,Kochi University of Technology,university,institution:24b3cd33acdc095d,Kochi University of Technology,university,active,retained,retained,retained_after_registry_wide_review,,"No authoritative discrepancy identified by the name, type, alias, hierarchy, and duplicate-identity scans."
institution:696e90c102571ea3,Korea AI Safety Institute,research_unit,institution:696e90c102571ea3,Korea AI Safety Institute,research_unit,active,retained,retained,retained_after_registry_wide_review,,"No authoritative discrepancy identified by the name, type, alias, hierarchy, and duplicate-identity scans."
institution:a28e1611e5e6b8b6,Lanzhou University,university,institution:a28e1611e5e6b8b6,Lanzhou University,university,active,retained,retained,retained_after_registry_wide_review,,"No authoritative discrepancy identified by the name, type, alias, hierarchy, and duplicate-identity scans."
institution:8ca93bff11a3be9e,Leonardo S.p.A.,company,institution:8ca93bff11a3be9e,Leonardo S.p.A.,company,active,retained,retained,retained_after_registry_wide_review,,"No authoritative discrepancy identified by the name, type, alias, hierarchy, and duplicate-identity scans."
institution:ab1c5fd351e72f37,Link Campus University,university,institution:ab1c5fd351e72f37,Link Campus University,university,active,retained,retained,retained_after_registry_wide_review,,"No authoritative discrepancy identified by the name, type, alias, hierarchy, and duplicate-identity scans."
institution:d30e2f168f8ccc03,Loyola University Chicago,university,institution:d30e2f168f8ccc03,Loyola University Chicago,university,active,retained,retained,retained_after_registry_wide_review,,"No authoritative discrepancy identified by the name, type, alias, hierarchy, and duplicate-identity scans."
institution:1a36f9f1487a39da,Manipal University Jaipur,university,institution:1a36f9f1487a39da,Manipal University Jaipur,university,active,retained,retained,retained_after_registry_wide_review,,"No authoritative discrepancy identified by the name, type, alias, hierarchy, and duplicate-identity scans."
institution:366058c27e343874,Massachusetts Institute of Technology,university,institution:366058c27e343874,Massachusetts Institute of Technology,university,active,retained,retained,retained_after_registry_wide_review,,"No authoritative discrepancy identified by the name, type, alias, hierarchy, and duplicate-identity scans."
institution:bef37c90751e824e,Max Planck Institute for Informatics,research_unit,institution:bef37c90751e824e,Max Planck Institute for Informatics,research_unit,active,retained,retained,retained_after_registry_wide_review,,"No authoritative discrepancy identified by the name, type, alias, hierarchy, and duplicate-identity scans."
institution:357dc1b545173dd5,Meta (United States),company,institution:357dc1b545173dd5,Meta (United States),company,active,retained,retained,retained_after_registry_wide_review,,"No authoritative discrepancy identified by the name, type, alias, hierarchy, and duplicate-identity scans."
institution:a1b609b0fc5c2e23,Miraflow,company,institution:a1b609b0fc5c2e23,Miraflow,company,active,retained,retained,retained_after_registry_wide_review,,"No authoritative discrepancy identified by the name, type, alias, hierarchy, and duplicate-identity scans."
institution:39fbdba5585bb3c4,MIT Lincoln Laboratory,research_unit,institution:39fbdba5585bb3c4,MIT Lincoln Laboratory,research_unit,active,retained,retained,retained_after_registry_wide_review,,"No authoritative discrepancy identified by the name, type, alias, hierarchy, and duplicate-identity scans."
institution:f04b96a9716ab2f4,Mohamed bin Zayed University of Artificial Intelligence,university,institution:f04b96a9716ab2f4,Mohamed bin Zayed University of Artificial Intelligence,university,active,retained,retained,retained_after_registry_wide_review,,"No authoritative discrepancy identified by the name, type, alias, hierarchy, and duplicate-identity scans."
institution:02e0cb0a82c051ec,Monash University,university,institution:02e0cb0a82c051ec,Monash University,university,active,retained,retained,retained_after_registry_wide_review,,"No authoritative discrepancy identified by the name, type, alias, hierarchy, and duplicate-identity scans."
institution:ae914839cab3ba03,Monash University Malaysia,university,institution:ae914839cab3ba03,Monash University Malaysia,university,active,retained,retained,retained_after_registry_wide_review,,"No authoritative discrepancy identified by the name, type, alias, hierarchy, and duplicate-identity scans."
institution:74eb5a7db0242865,Nanchang University,university,institution:74eb5a7db0242865,Nanchang University,university,active,retained,retained,retained_after_registry_wide_review,,"No authoritative discrepancy identified by the name, type, alias, hierarchy, and duplicate-identity scans."
institution:0af8b0b3be8e7963,Nanjing University of Information Science and Technology,university,institution:0af8b0b3be8e7963,Nanjing University of Information Science and Technology,university,active,retained,retained,retained_after_registry_wide_review,,"No authoritative discrepancy identified by the name, type, alias, hierarchy, and duplicate-identity scans."
institution:70f74652d14cacde,Nankai University,university,institution:70f74652d14cacde,Nankai University,university,active,retained,retained,retained_after_registry_wide_review,,"No authoritative discrepancy identified by the name, type, alias, hierarchy, and duplicate-identity scans."
institution:c111feb812f1a7ed,Nanyang Technological University,university,institution:c111feb812f1a7ed,Nanyang Technological University,university,active,retained,retained,retained_after_registry_wide_review,,"No authoritative discrepancy identified by the name, type, alias, hierarchy, and duplicate-identity scans."
institution:db8874f9983a5ffd,National Institute of Informatics,research_unit,institution:db8874f9983a5ffd,National Institute of Informatics,research_unit,active,retained,retained,retained_after_registry_wide_review,,"No authoritative discrepancy identified by the name, type, alias, hierarchy, and duplicate-identity scans."
institution:d4f85059258439dc,National Institute of Technology Silchar,university,institution:d4f85059258439dc,National Institute of Technology Silchar,university,active,retained,retained,retained_after_registry_wide_review,,"No authoritative discrepancy identified by the name, type, alias, hierarchy, and duplicate-identity scans."
institution:69a779f3b8d566f6,National Taiwan University,university,institution:69a779f3b8d566f6,National Taiwan University,university,active,retained,retained,retained_after_registry_wide_review,,"No authoritative discrepancy identified by the name, type, alias, hierarchy, and duplicate-identity scans."
institution:70ccb485197bbb6c,National University of Singapore,university,institution:70ccb485197bbb6c,National University of Singapore,university,active,retained,retained,retained_after_registry_wide_review,,"No authoritative discrepancy identified by the name, type, alias, hierarchy, and duplicate-identity scans."
institution:b99e56fd55395250,National Yang Ming Chiao Tung University,university,institution:b99e56fd55395250,National Yang Ming Chiao Tung University,university,active,retained,retained,retained_after_registry_wide_review,,"No authoritative discrepancy identified by the name, type, alias, hierarchy, and duplicate-identity scans."
institution:2b91b5917e5279ea,NEC Laboratories America,company,institution:2b91b5917e5279ea,NEC Laboratories America,company,active,retained,retained,retained_after_registry_wide_review,,"No authoritative discrepancy identified by the name, type, alias, hierarchy, and duplicate-identity scans."
institution:fbc0802be3266f6f,Netflix Eyeline Studios,company,institution:fbc0802be3266f6f,Netflix Eyeline Studios,company,active,retained,retained,retained_after_registry_wide_review,,"No authoritative discrepancy identified by the name, type, alias, hierarchy, and duplicate-identity scans."
institution:bda289c20f284717,Netherlands Forensic Institute,research_unit,institution:bda289c20f284717,Netherlands Forensic Institute,research_unit,active,retained,retained,retained_after_registry_wide_review,,"No authoritative discrepancy identified by the name, type, alias, hierarchy, and duplicate-identity scans."
institution:c83aeae887827902,New York University,university,institution:c83aeae887827902,New York University,university,active,retained,retained,retained_after_registry_wide_review,,"No authoritative discrepancy identified by the name, type, alias, hierarchy, and duplicate-identity scans."
institution:d1f71b03766ee0a2,Noeon Research,research_unit,institution:d1f71b03766ee0a2,Noeon Research,research_unit,active,retained,retained,retained_after_registry_wide_review,,"No authoritative discrepancy identified by the name, type, alias, hierarchy, and duplicate-identity scans."
institution:0008285766dcabc7,Northeastern University,university,institution:0008285766dcabc7,Northeastern University,university,active,retained,retained,retained_after_registry_wide_review,,"No authoritative discrepancy identified by the name, type, alias, hierarchy, and duplicate-identity scans."
institution:bc1d8b5fba4bc5ff,Northwestern Polytechnical University,university,institution:bc1d8b5fba4bc5ff,Northwestern Polytechnical University,university,active,retained,retained,retained_after_registry_wide_review,,"No authoritative discrepancy identified by the name, type, alias, hierarchy, and duplicate-identity scans."
institution:c055ca96e505b797,Nottingham Trent University,university,institution:c055ca96e505b797,Nottingham Trent University,university,active,retained,retained,retained_after_registry_wide_review,,"No authoritative discrepancy identified by the name, type, alias, hierarchy, and duplicate-identity scans."
institution:26db9b197bbb7634,NSFOCUS,company,institution:26db9b197bbb7634,NSFOCUS,company,active,retained,retained,retained_after_registry_wide_review,,"No authoritative discrepancy identified by the name, type, alias, hierarchy, and duplicate-identity scans."
institution:0b1cc69a0a28e0c1,NVIDIA AI Technology Center Italy,company,institution:0b1cc69a0a28e0c1,NVIDIA AI Technology Center Italy,company,active,retained,retained,retained_after_registry_wide_review,,"No authoritative discrepancy identified by the name, type, alias, hierarchy, and duplicate-identity scans."
institution:2e732c4601154ff1,Origin Quantum Computing Technology Company (China),company,institution:502b0f4ec4bc4546,"Origin Quantum Computing Technology (Hefei) Co., Ltd.",company,merged,merged_duplicate,merged_duplicate,official_source_confirmed_duplicate,https://www.originqc.com.cn/en/,Generic translated company name duplicates the confirmed legal company identity.
institution:4f596f4cb1eacc17,Pegaso Telematic University,university,institution:4f596f4cb1eacc17,Pegaso Telematic University,university,active,retained,retained,retained_after_registry_wide_review,,"No authoritative discrepancy identified by the name, type, alias, hierarchy, and duplicate-identity scans."
institution:e7cbd84466f9202b,Pegaso University,university,institution:e7cbd84466f9202b,Pegaso University,university,active,retained,retained,retained_after_registry_wide_review,,"No authoritative discrepancy identified by the name, type, alias, hierarchy, and duplicate-identity scans."
institution:46e4866d3b2954ab,Peking University,university,institution:46e4866d3b2954ab,Peking University,university,active,retained,retained,retained_after_registry_wide_review,,"No authoritative discrepancy identified by the name, type, alias, hierarchy, and duplicate-identity scans."
institution:6346b1a9c3b5ccd7,Peking University Shenzhen Graduate School,university,institution:6346b1a9c3b5ccd7,Peking University Shenzhen Graduate School,university,active,retained,retained,retained_after_registry_wide_review,,"No authoritative discrepancy identified by the name, type, alias, hierarchy, and duplicate-identity scans."
institution:64f282fa6abe9403,Peptidream (Japan),company,institution:64f282fa6abe9403,Peptidream (Japan),company,active,retained,retained,retained_after_registry_wide_review,,"No authoritative discrepancy identified by the name, type, alias, hierarchy, and duplicate-identity scans."
institution:4ceaa6cde1782dfd,PLA Information Engineering University,university,institution:4ceaa6cde1782dfd,PLA Information Engineering University,university,active,retained,retained,retained_after_registry_wide_review,,"No authoritative discrepancy identified by the name, type, alias, hierarchy, and duplicate-identity scans."
institution:1ee9da20656fd88b,Politecnico di Milano,university,institution:1ee9da20656fd88b,Politecnico di Milano,university,active,retained,retained,retained_after_registry_wide_review,,"No authoritative discrepancy identified by the name, type, alias, hierarchy, and duplicate-identity scans."
institution:35caf31d5104b996,"Polytechnic Institute of Turin, Turin, Italy",university,institution:bce986d0881eaaed,Polytechnic University of Turin,university,merged,merged_duplicate,merged_duplicate,official_source_confirmed_duplicate,https://www.polito.it/en/privacy,Duplicate place-qualified translation of Polytechnic University of Turin.
institution:1e2fe2432a089705,Polytechnic University of Hauts-de-France,university,institution:1e2fe2432a089705,Polytechnic University of Hauts-de-France,university,active,retained,retained,retained_after_registry_wide_review,,"No authoritative discrepancy identified by the name, type, alias, hierarchy, and duplicate-identity scans."
institution:6f4241a7694672b8,Princeton University,university,institution:6f4241a7694672b8,Princeton University,university,active,retained,retained,retained_after_registry_wide_review,,"No authoritative discrepancy identified by the name, type, alias, hierarchy, and duplicate-identity scans."
institution:90b589325857dff0,Purdue University,university,institution:90b589325857dff0,Purdue University,university,active,retained,retained,retained_after_registry_wide_review,,"No authoritative discrepancy identified by the name, type, alias, hierarchy, and duplicate-identity scans."
institution:a4cdf5c9d1038c90,Purple Mountain Laboratories,research_unit,institution:a4cdf5c9d1038c90,Purple Mountain Laboratories,research_unit,active,retained,retained,retained_after_registry_wide_review,,"No authoritative discrepancy identified by the name, type, alias, hierarchy, and duplicate-identity scans."
institution:c5eade35ea50a856,Queen Mary University of London,university,institution:c5eade35ea50a856,Queen Mary University of London,university,active,retained,retained,retained_after_registry_wide_review,,"No authoritative discrepancy identified by the name, type, alias, hierarchy, and duplicate-identity scans."
institution:2469c3505064216c,Queen's University,university,institution:2469c3505064216c,Queen's University,university,active,retained,retained,retained_after_registry_wide_review,,"No authoritative discrepancy identified by the name, type, alias, hierarchy, and duplicate-identity scans."
institution:5fbb6e2cbdd4ea21,Renmin University of China,university,institution:5fbb6e2cbdd4ea21,Renmin University of China,university,active,retained,retained,retained_after_registry_wide_review,,"No authoritative discrepancy identified by the name, type, alias, hierarchy, and duplicate-identity scans."
institution:ccbfeb66fb71797e,RIKEN Center for Advanced Intelligence Project,research_unit,institution:ccbfeb66fb71797e,RIKEN Center for Advanced Intelligence Project,research_unit,active,retained,retained,retained_after_registry_wide_review,,"No authoritative discrepancy identified by the name, type, alias, hierarchy, and duplicate-identity scans."
institution:8f8dd64c6339c8ff,Ruhr University Bochum,university,institution:8f8dd64c6339c8ff,Ruhr University Bochum,university,active,retained,retained,retained_after_registry_wide_review,,"No authoritative discrepancy identified by the name, type, alias, hierarchy, and duplicate-identity scans."
institution:33a58a66974db112,Rutgers University,university,institution:33a58a66974db112,Rutgers University,university,active,retained,retained,retained_after_registry_wide_review,,"No authoritative discrepancy identified by the name, type, alias, hierarchy, and duplicate-identity scans."
institution:41db7d042136daef,Salesforce Research,company,institution:41db7d042136daef,Salesforce Research,company,active,retained,retained,retained_after_registry_wide_review,,"No authoritative discrepancy identified by the name, type, alias, hierarchy, and duplicate-identity scans."
institution:a86e3c911036d069,Sangfor Technologies Inc.,company,institution:a86e3c911036d069,Sangfor Technologies Inc.,company,active,retained,retained,retained_after_registry_wide_review,,"No authoritative discrepancy identified by the name, type, alias, hierarchy, and duplicate-identity scans."
institution:977430a4473aa4b0,Sapienza University of Rome,university,institution:977430a4473aa4b0,Sapienza University of Rome,university,active,retained,retained,retained_after_registry_wide_review,,"No authoritative discrepancy identified by the name, type, alias, hierarchy, and duplicate-identity scans."
institution:39263f3dbe1e47f9,Shandong Normal University,university,institution:39263f3dbe1e47f9,Shandong Normal University,university,active,retained,retained,retained_after_registry_wide_review,,"No authoritative discrepancy identified by the name, type, alias, hierarchy, and duplicate-identity scans."
institution:b3d626f58155d650,Shandong University,university,institution:b3d626f58155d650,Shandong University,university,active,retained,retained,retained_after_registry_wide_review,,"No authoritative discrepancy identified by the name, type, alias, hierarchy, and duplicate-identity scans."
institution:0e65844051a659b1,Shandong University of Science and Technology,university,institution:0e65844051a659b1,Shandong University of Science and Technology,university,active,retained,retained,retained_after_registry_wide_review,,"No authoritative discrepancy identified by the name, type, alias, hierarchy, and duplicate-identity scans."
institution:c107a95b6cb53ac5,Shanghai Artificial Intelligence Laboratory,research_unit,institution:c107a95b6cb53ac5,Shanghai Artificial Intelligence Laboratory,research_unit,active,retained,retained,retained_after_registry_wide_review,,"No authoritative discrepancy identified by the name, type, alias, hierarchy, and duplicate-identity scans."
institution:9a0d85eff850f04a,Shanghai Innovation Institute,research_unit,institution:9a0d85eff850f04a,Shanghai Innovation Institute,research_unit,active,retained,retained,retained_after_registry_wide_review,,"No authoritative discrepancy identified by the name, type, alias, hierarchy, and duplicate-identity scans."
institution:fccd5d0ac9cc52f9,Shanghai Jiao Tong University,university,institution:fccd5d0ac9cc52f9,Shanghai Jiao Tong University,university,active,retained,retained,retained_after_registry_wide_review,,"No authoritative discrepancy identified by the name, type, alias, hierarchy, and duplicate-identity scans."
institution:07ba242d76aafb0e,Shanghai University of Engineering Science,university,institution:07ba242d76aafb0e,Shanghai University of Engineering Science,university,active,retained,retained,retained_after_registry_wide_review,,"No authoritative discrepancy identified by the name, type, alias, hierarchy, and duplicate-identity scans."
institution:11d4e5b507bbbada,Shenzhen MSU-BIT University,university,institution:11d4e5b507bbbada,Shenzhen MSU-BIT University,university,active,retained,retained,retained_after_registry_wide_review,,"No authoritative discrepancy identified by the name, type, alias, hierarchy, and duplicate-identity scans."
institution:ad9c8964d01f80d8,Shenzhen University,university,institution:ad9c8964d01f80d8,Shenzhen University,university,active,retained,retained,retained_after_registry_wide_review,,"No authoritative discrepancy identified by the name, type, alias, hierarchy, and duplicate-identity scans."
institution:498778a17add497f,Shenzhen University of Advanced Technology,university,institution:498778a17add497f,Shenzhen University of Advanced Technology,university,active,retained,retained,retained_after_registry_wide_review,,"No authoritative discrepancy identified by the name, type, alias, hierarchy, and duplicate-identity scans."
institution:9ab7959736f7be0d,Shenzhen Campus of Sun Yat-sen University,university,institution:9ab7959736f7be0d,Shenzhen Campus of Sun Yat-sen University,university,active,retained,retained,retained_after_registry_wide_review,,"No authoritative discrepancy identified by the name, type, alias, hierarchy, and duplicate-identity scans."
institution:4c1e9439f241e5ec,Sichuan University,university,institution:4c1e9439f241e5ec,Sichuan University,university,active,retained,retained,retained_after_registry_wide_review,,"No authoritative discrepancy identified by the name, type, alias, hierarchy, and duplicate-identity scans."
institution:eefb779b4c760808,Singapore Management University,university,institution:eefb779b4c760808,Singapore Management University,university,active,retained,retained,retained_after_registry_wide_review,,"No authoritative discrepancy identified by the name, type, alias, hierarchy, and duplicate-identity scans."
institution:6dd3ce9e0d5fd1ab,Singapore University of Technology and Design,university,institution:6dd3ce9e0d5fd1ab,Singapore University of Technology and Design,university,active,retained,retained,retained_after_registry_wide_review,,"No authoritative discrepancy identified by the name, type, alias, hierarchy, and duplicate-identity scans."
institution:387a46732b927ccd,Sino-Russian Research Center for Digital Economy,research_unit,institution:387a46732b927ccd,Sino-Russian Research Center for Digital Economy,research_unit,active,retained,retained,retained_after_registry_wide_review,,"No authoritative discrepancy identified by the name, type, alias, hierarchy, and duplicate-identity scans."
institution:91d1003beb3bcb91,Skolkovo Institute of Science and Technology,university,institution:91d1003beb3bcb91,Skolkovo Institute of Science and Technology,university,active,retained,retained,retained_after_registry_wide_review,,"No authoritative discrepancy identified by the name, type, alias, hierarchy, and duplicate-identity scans."
institution:cf2639c8e56f6453,Sony AI,company,institution:cf2639c8e56f6453,Sony AI,company,active,retained,retained,retained_after_registry_wide_review,,"No authoritative discrepancy identified by the name, type, alias, hierarchy, and duplicate-identity scans."
institution:6688d0d34a3ee58b,Sorbonne University,university,institution:6688d0d34a3ee58b,Sorbonne University,university,active,retained,retained,retained_after_registry_wide_review,,"No authoritative discrepancy identified by the name, type, alias, hierarchy, and duplicate-identity scans."
institution:271362b3e1310a1c,Sorbonne University Abu Dhabi,university,institution:271362b3e1310a1c,Sorbonne University Abu Dhabi,university,active,retained,retained,retained_after_registry_wide_review,,"No authoritative discrepancy identified by the name, type, alias, hierarchy, and duplicate-identity scans."
institution:3e9b289ae248f660,South China University of Technology,university,institution:3e9b289ae248f660,South China University of Technology,university,active,retained,retained,retained_after_registry_wide_review,,"No authoritative discrepancy identified by the name, type, alias, hierarchy, and duplicate-identity scans."
institution:592f613084a7ca9d,Southeast University,university,institution:592f613084a7ca9d,Southeast University,university,active,retained,retained,retained_after_registry_wide_review,,"No authoritative discrepancy identified by the name, type, alias, hierarchy, and duplicate-identity scans."
institution:d473cbf12de5fb53,Southwest University,university,institution:d473cbf12de5fb53,Southwest University,university,active,retained,retained,retained_after_registry_wide_review,,"No authoritative discrepancy identified by the name, type, alias, hierarchy, and duplicate-identity scans."
institution:a202a16ef9383442,St. Petersburg Department of the Steklov Institute of Mathematics,research_unit,institution:a202a16ef9383442,St. Petersburg Department of the Steklov Institute of Mathematics,research_unit,active,retained,retained,retained_after_registry_wide_review,,"No authoritative discrepancy identified by the name, type, alias, hierarchy, and duplicate-identity scans."
institution:ed72534d79b73fac,Stanford University,university,institution:ed72534d79b73fac,Stanford University,university,active,retained,retained,retained_after_registry_wide_review,,"No authoritative discrepancy identified by the name, type, alias, hierarchy, and duplicate-identity scans."
institution:d4c79ca44c5dbbbc,Stuttgart Media University,university,institution:d4c79ca44c5dbbbc,Stuttgart Media University,university,active,retained,retained,retained_after_registry_wide_review,,"No authoritative discrepancy identified by the name, type, alias, hierarchy, and duplicate-identity scans."
institution:5c85faa51cc57a24,Sun Yat-sen University,university,institution:5c85faa51cc57a24,Sun Yat-sen University,university,active,retained,retained,retained_after_registry_wide_review,,"No authoritative discrepancy identified by the name, type, alias, hierarchy, and duplicate-identity scans."
institution:e80b94c605da24ce,Sungkyunkwan University,university,institution:e80b94c605da24ce,Sungkyunkwan University,university,active,retained,retained,retained_after_registry_wide_review,,"No authoritative discrepancy identified by the name, type, alias, hierarchy, and duplicate-identity scans."
institution:3ac6dbcc618a5a6f,Swinburne University of Technology,university,institution:3ac6dbcc618a5a6f,Swinburne University of Technology,university,active,retained,retained,retained_after_registry_wide_review,,"No authoritative discrepancy identified by the name, type, alias, hierarchy, and duplicate-identity scans."
institution:6d607bd40551e45f,Tamkang University,university,institution:6d607bd40551e45f,Tamkang University,university,active,retained,retained,retained_after_registry_wide_review,,"No authoritative discrepancy identified by the name, type, alias, hierarchy, and duplicate-identity scans."
institution:f42de06978b10eb5,Technical University of Munich,university,institution:f42de06978b10eb5,Technical University of Munich,university,active,retained,retained,retained_after_registry_wide_review,,"No authoritative discrepancy identified by the name, type, alias, hierarchy, and duplicate-identity scans."
institution:9e5e300bb52918ca,Technion – Israel Institute of Technology,university,institution:9e5e300bb52918ca,Technion – Israel Institute of Technology,university,active,retained,retained,retained_after_registry_wide_review,,"No authoritative discrepancy identified by the name, type, alias, hierarchy, and duplicate-identity scans."
institution:96dc1764e1512d0a,Technology Innovation Institute,research_unit,institution:96dc1764e1512d0a,Technology Innovation Institute,research_unit,active,retained,retained,retained_after_registry_wide_review,,"No authoritative discrepancy identified by the name, type, alias, hierarchy, and duplicate-identity scans."
institution:3e78e883c14f8bb8,Tencent Youtu Lab,company,institution:3e78e883c14f8bb8,Tencent Youtu Lab,company,active,retained,retained,retained_after_registry_wide_review,,"No authoritative discrepancy identified by the name, type, alias, hierarchy, and duplicate-identity scans."
institution:4e140b5268efc364,Texas A&M University,university,institution:4e140b5268efc364,Texas A&M University,university,active,retained,retained,retained_after_registry_wide_review,,"No authoritative discrepancy identified by the name, type, alias, hierarchy, and duplicate-identity scans."
institution:5dbb9ac6a407e079,"The Chinese University of Hong Kong, Shenzhen",university,institution:5dbb9ac6a407e079,"The Chinese University of Hong Kong, Shenzhen",university,active,retained,retained,retained_after_registry_wide_review,,"No authoritative discrepancy identified by the name, type, alias, hierarchy, and duplicate-identity scans."
institution:31f980eaa403801a,The Hong Kong Polytechnic University,university,institution:31f980eaa403801a,The Hong Kong Polytechnic University,university,active,retained,retained,retained_after_registry_wide_review,,"No authoritative discrepancy identified by the name, type, alias, hierarchy, and duplicate-identity scans."
institution:fa80d3c071c298e1,The Hong Kong University of Science and Technology,university,institution:fa80d3c071c298e1,The Hong Kong University of Science and Technology,university,active,retained,retained,retained_after_registry_wide_review,,"No authoritative discrepancy identified by the name, type, alias, hierarchy, and duplicate-identity scans."
institution:942667142da716c5,The Hong Kong University of Science and Technology (Guangzhou),university,institution:942667142da716c5,The Hong Kong University of Science and Technology (Guangzhou),university,active,retained,retained,retained_after_registry_wide_review,,"No authoritative discrepancy identified by the name, type, alias, hierarchy, and duplicate-identity scans."
institution:404cfa1ef241f359,The University of Hong Kong,university,institution:404cfa1ef241f359,The University of Hong Kong,university,active,retained,retained,retained_after_registry_wide_review,,"No authoritative discrepancy identified by the name, type, alias, hierarchy, and duplicate-identity scans."
institution:1984e5f97afb62d8,The University of Sydney,university,institution:1984e5f97afb62d8,The University of Sydney,university,active,retained,retained,retained_after_registry_wide_review,,"No authoritative discrepancy identified by the name, type, alias, hierarchy, and duplicate-identity scans."
institution:8c45f60c84082063,The University of Tokyo,university,institution:8c45f60c84082063,The University of Tokyo,university,active,retained,retained,retained_after_registry_wide_review,,"No authoritative discrepancy identified by the name, type, alias, hierarchy, and duplicate-identity scans."
institution:2bec96b8d2c54388,Tianjin University of Science and Technology,university,institution:2bec96b8d2c54388,Tianjin University of Science and Technology,university,active,retained,retained,retained_after_registry_wide_review,,"No authoritative discrepancy identified by the name, type, alias, hierarchy, and duplicate-identity scans."
institution:b0b93bb53a8b88c1,Tongji University,university,institution:b0b93bb53a8b88c1,Tongji University,university,active,retained,retained,retained_after_registry_wide_review,,"No authoritative discrepancy identified by the name, type, alias, hierarchy, and duplicate-identity scans."
institution:386b7a411f4a3220,Toyota Technological Institute at Chicago,university,institution:386b7a411f4a3220,Toyota Technological Institute at Chicago,university,active,retained,retained,retained_after_registry_wide_review,,"No authoritative discrepancy identified by the name, type, alias, hierarchy, and duplicate-identity scans."
institution:2592e804f95fa542,TrueMedia.org,research_unit,institution:4bff7ae080547794,TrueMedia,research_unit,merged,merged_duplicate,merged_duplicate,official_source_confirmed_duplicate,https://www.truemedia.org/about,TrueMedia.org is a source-name variant of TrueMedia.
institution:230f59b4fb28c236,Tsinghua Shenzhen International Graduate School,university,institution:230f59b4fb28c236,Tsinghua Shenzhen International Graduate School,university,active,retained,retained,retained_after_registry_wide_review,,"No authoritative discrepancy identified by the name, type, alias, hierarchy, and duplicate-identity scans."
institution:4ae45b121fe12e9c,Tsinghua University,university,institution:4ae45b121fe12e9c,Tsinghua University,university,active,retained,retained,retained_after_registry_wide_review,,"No authoritative discrepancy identified by the name, type, alias, hierarchy, and duplicate-identity scans."
institution:b370a10db2a1f294,Trinity College Dublin,university,institution:b370a10db2a1f294,Trinity College Dublin,university,active,retained,retained,retained_after_registry_wide_review,,"No authoritative discrepancy identified by the name, type, alias, hierarchy, and duplicate-identity scans."
institution:1afce89cd4f3571f,Universitas Mercatorum,university,institution:1afce89cd4f3571f,Universitas Mercatorum,university,active,retained,retained,retained_after_registry_wide_review,,"No authoritative discrepancy identified by the name, type, alias, hierarchy, and duplicate-identity scans."
institution:7506c126bc077e9b,"University at Albany, SUNY",university,institution:7506c126bc077e9b,"University at Albany, SUNY",university,active,retained,retained,retained_after_registry_wide_review,,"No authoritative discrepancy identified by the name, type, alias, hierarchy, and duplicate-identity scans."
institution:612630c2527bff83,University at Buffalo,university,institution:612630c2527bff83,University at Buffalo,university,active,retained,retained,retained_after_registry_wide_review,,"No authoritative discrepancy identified by the name, type, alias, hierarchy, and duplicate-identity scans."
institution:4cdbeb4bb5d94d04,University College Dublin,university,institution:4cdbeb4bb5d94d04,University College Dublin,university,active,retained,retained,retained_after_registry_wide_review,,"No authoritative discrepancy identified by the name, type, alias, hierarchy, and duplicate-identity scans."
institution:fa3c75d12710670b,University College London,university,institution:fa3c75d12710670b,University College London,university,active,retained,retained,retained_after_registry_wide_review,,"No authoritative discrepancy identified by the name, type, alias, hierarchy, and duplicate-identity scans."
institution:51bbeb5bfb404721,University of Agder,university,institution:51bbeb5bfb404721,University of Agder,university,active,retained,retained,retained_after_registry_wide_review,,"No authoritative discrepancy identified by the name, type, alias, hierarchy, and duplicate-identity scans."
institution:fde22ad658a3fdb9,University of Alabama at Birmingham,university,institution:fde22ad658a3fdb9,University of Alabama at Birmingham,university,active,retained,retained,retained_after_registry_wide_review,,"No authoritative discrepancy identified by the name, type, alias, hierarchy, and duplicate-identity scans."
institution:4a9a14dbf4357b38,University of Amsterdam,university,institution:4a9a14dbf4357b38,University of Amsterdam,university,active,retained,retained,retained_after_registry_wide_review,,"No authoritative discrepancy identified by the name, type, alias, hierarchy, and duplicate-identity scans."
institution:f87d6ace800645a7,University of Baghdad,university,institution:f87d6ace800645a7,University of Baghdad,university,active,retained,retained,retained_after_registry_wide_review,,"No authoritative discrepancy identified by the name, type, alias, hierarchy, and duplicate-identity scans."
institution:b978b6dfc7b3baa0,University of Bergen,university,institution:b978b6dfc7b3baa0,University of Bergen,university,active,retained,retained,retained_after_registry_wide_review,,"No authoritative discrepancy identified by the name, type, alias, hierarchy, and duplicate-identity scans."
institution:e73ae6a6d6ff3735,University of Bologna,university,institution:e73ae6a6d6ff3735,University of Bologna,university,active,retained,retained,retained_after_registry_wide_review,,"No authoritative discrepancy identified by the name, type, alias, hierarchy, and duplicate-identity scans."
institution:be74dcf5d0cb77ea,"University of California, Berkeley",university,institution:be74dcf5d0cb77ea,"University of California, Berkeley",university,active,retained,retained,retained_after_registry_wide_review,,"No authoritative discrepancy identified by the name, type, alias, hierarchy, and duplicate-identity scans."
institution:0418834df0ffcdf2,University of Cambridge,university,institution:0418834df0ffcdf2,University of Cambridge,university,active,retained,retained,retained_after_registry_wide_review,,"No authoritative discrepancy identified by the name, type, alias, hierarchy, and duplicate-identity scans."
institution:f4a883f8d9615a43,University of Campinas,university,institution:f4a883f8d9615a43,University of Campinas,university,active,retained,retained,retained_after_registry_wide_review,,"No authoritative discrepancy identified by the name, type, alias, hierarchy, and duplicate-identity scans."
institution:fd8ba2b56bf5212d,University of Catania,university,institution:fd8ba2b56bf5212d,University of Catania,university,active,retained,retained,retained_after_registry_wide_review,,"No authoritative discrepancy identified by the name, type, alias, hierarchy, and duplicate-identity scans."
institution:7d7f56dced000a09,University of Chicago,university,institution:7d7f56dced000a09,University of Chicago,university,active,retained,retained,retained_after_registry_wide_review,,"No authoritative discrepancy identified by the name, type, alias, hierarchy, and duplicate-identity scans."
institution:69309405e04976ec,University of Chinese Academy of Sciences,university,institution:69309405e04976ec,University of Chinese Academy of Sciences,university,active,retained,retained,retained_after_registry_wide_review,,"No authoritative discrepancy identified by the name, type, alias, hierarchy, and duplicate-identity scans."
institution:42fcf4ae44e1a706,University of Florence,university,institution:42fcf4ae44e1a706,University of Florence,university,active,retained,retained,retained_after_registry_wide_review,,"No authoritative discrepancy identified by the name, type, alias, hierarchy, and duplicate-identity scans."
institution:5a73fc9b412db6f4,University of Hamburg,university,institution:5a73fc9b412db6f4,University of Hamburg,university,active,retained,retained,retained_after_registry_wide_review,,"No authoritative discrepancy identified by the name, type, alias, hierarchy, and duplicate-identity scans."
institution:bf3ddd5552577ff0,University of Illinois Urbana-Champaign,university,institution:bf3ddd5552577ff0,University of Illinois Urbana-Champaign,university,active,retained,retained,retained_after_registry_wide_review,,"No authoritative discrepancy identified by the name, type, alias, hierarchy, and duplicate-identity scans."
institution:b8a4e3b25fd4a300,University of Macao,university,institution:53e6219d595780e3,University of Macau,university,merged,merged_duplicate,merged_duplicate,official_source_confirmed_duplicate,https://www.um.edu.mo/about-um/identity/,University of Macao is an alternate English rendering of University of Macau.
institution:53e6219d595780e3,University of Macau,university,institution:53e6219d595780e3,University of Macau,university,active,retained,retained,retained_after_registry_wide_review,,"No authoritative discrepancy identified by the name, type, alias, hierarchy, and duplicate-identity scans."
institution:13f7c73ae8019e75,University of Maryland,university,institution:13f7c73ae8019e75,University of Maryland,university,active,retained,retained,retained_after_registry_wide_review,,"No authoritative discrepancy identified by the name, type, alias, hierarchy, and duplicate-identity scans."
institution:304707b21fcfbd4d,University of Massachusetts Amherst,university,institution:304707b21fcfbd4d,University of Massachusetts Amherst,university,active,retained,retained,retained_after_registry_wide_review,,"No authoritative discrepancy identified by the name, type, alias, hierarchy, and duplicate-identity scans."
institution:16acb7bf7b8c14cf,University of Massachusetts Boston,university,institution:16acb7bf7b8c14cf,University of Massachusetts Boston,university,active,retained,retained,retained_after_registry_wide_review,,"No authoritative discrepancy identified by the name, type, alias, hierarchy, and duplicate-identity scans."
institution:89b9b3962b3327c8,University of Michigan,university,institution:89b9b3962b3327c8,University of Michigan,university,active,retained,retained,retained_after_registry_wide_review,,"No authoritative discrepancy identified by the name, type, alias, hierarchy, and duplicate-identity scans."
institution:117fcda9a6399108,University of Modena and Reggio Emilia,university,institution:117fcda9a6399108,University of Modena and Reggio Emilia,university,active,retained,retained,retained_after_registry_wide_review,,"No authoritative discrepancy identified by the name, type, alias, hierarchy, and duplicate-identity scans."
institution:d046d2c57bb3a863,University of Naples Federico II,university,institution:d046d2c57bb3a863,University of Naples Federico II,university,active,retained,retained,retained_after_registry_wide_review,,"No authoritative discrepancy identified by the name, type, alias, hierarchy, and duplicate-identity scans."
institution:969d6dd2c9cf6a1e,"University of Nevada, Reno",university,institution:969d6dd2c9cf6a1e,"University of Nevada, Reno",university,active,retained,retained,retained_after_registry_wide_review,,"No authoritative discrepancy identified by the name, type, alias, hierarchy, and duplicate-identity scans."
institution:6527630c76c9d56a,University of Oregon,university,institution:6527630c76c9d56a,University of Oregon,university,active,retained,retained,retained_after_registry_wide_review,,"No authoritative discrepancy identified by the name, type, alias, hierarchy, and duplicate-identity scans."
institution:87d9a45b3389372f,University of Oxford,university,institution:87d9a45b3389372f,University of Oxford,university,active,retained,retained,retained_after_registry_wide_review,,"No authoritative discrepancy identified by the name, type, alias, hierarchy, and duplicate-identity scans."
institution:a407f4c649ba4c6a,University of Palermo,university,institution:a407f4c649ba4c6a,University of Palermo,university,active,retained,retained,retained_after_registry_wide_review,,"No authoritative discrepancy identified by the name, type, alias, hierarchy, and duplicate-identity scans."
institution:3ec8d9fa829f5777,University of Pisa,university,institution:3ec8d9fa829f5777,University of Pisa,university,active,retained,retained,retained_after_registry_wide_review,,"No authoritative discrepancy identified by the name, type, alias, hierarchy, and duplicate-identity scans."
institution:d91bdebb133e022b,University of Salerno,university,institution:d91bdebb133e022b,University of Salerno,university,active,retained,retained,retained_after_registry_wide_review,,"No authoritative discrepancy identified by the name, type, alias, hierarchy, and duplicate-identity scans."
institution:e721b03b6f6c172d,University of Science and Technology of China,university,institution:e721b03b6f6c172d,University of Science and Technology of China,university,active,retained,retained,retained_after_registry_wide_review,,"No authoritative discrepancy identified by the name, type, alias, hierarchy, and duplicate-identity scans."
institution:cf5d9a266441e5a7,University of Sheffield,university,institution:cf5d9a266441e5a7,University of Sheffield,university,active,retained,retained,retained_after_registry_wide_review,,"No authoritative discrepancy identified by the name, type, alias, hierarchy, and duplicate-identity scans."
institution:65dbfd1e022f02e2,University of Siena,university,institution:65dbfd1e022f02e2,University of Siena,university,active,retained,retained,retained_after_registry_wide_review,,"No authoritative discrepancy identified by the name, type, alias, hierarchy, and duplicate-identity scans."
institution:7801abc579496f6a,University of South Carolina,university,institution:7801abc579496f6a,University of South Carolina,university,active,retained,retained,retained_after_registry_wide_review,,"No authoritative discrepancy identified by the name, type, alias, hierarchy, and duplicate-identity scans."
institution:a0c3927e4ddb3a39,University of Southampton,university,institution:a0c3927e4ddb3a39,University of Southampton,university,active,retained,retained,retained_after_registry_wide_review,,"No authoritative discrepancy identified by the name, type, alias, hierarchy, and duplicate-identity scans."
institution:6432056cdf12bb16,University of Southern California,university,institution:6432056cdf12bb16,University of Southern California,university,active,retained,retained,retained_after_registry_wide_review,,"No authoritative discrepancy identified by the name, type, alias, hierarchy, and duplicate-identity scans."
institution:29276dc7d9ce02fd,University of Surrey,university,institution:29276dc7d9ce02fd,University of Surrey,university,active,retained,retained,retained_after_registry_wide_review,,"No authoritative discrepancy identified by the name, type, alias, hierarchy, and duplicate-identity scans."
institution:965434eee0b97685,University of Sydney,university,institution:1984e5f97afb62d8,The University of Sydney,university,merged,merged_duplicate,merged_duplicate,official_source_confirmed_duplicate,https://www.sydney.edu.au/about-us/vision-and-values/annual-reports.html,Article-less name is an alias of The University of Sydney.
institution:bf0065cf4529e953,University of Technology of Troyes,university,institution:bf0065cf4529e953,University of Technology of Troyes,university,active,retained,retained,retained_after_registry_wide_review,,"No authoritative discrepancy identified by the name, type, alias, hierarchy, and duplicate-identity scans."
institution:a55a77635edc8711,University of Texas at Dallas,university,institution:a55a77635edc8711,University of Texas at Dallas,university,active,retained,retained,retained_after_registry_wide_review,,"No authoritative discrepancy identified by the name, type, alias, hierarchy, and duplicate-identity scans."
institution:6a892bbe4ee57122,University of Toronto,university,institution:6a892bbe4ee57122,University of Toronto,university,active,retained,retained,retained_after_registry_wide_review,,"No authoritative discrepancy identified by the name, type, alias, hierarchy, and duplicate-identity scans."
institution:3c4903b35459f2b5,University of Trento,university,institution:3c4903b35459f2b5,University of Trento,university,active,retained,retained,retained_after_registry_wide_review,,"No authoritative discrepancy identified by the name, type, alias, hierarchy, and duplicate-identity scans."
institution:fb6e9411e701578c,University of Tsukuba,university,institution:fb6e9411e701578c,University of Tsukuba,university,active,retained,retained,retained_after_registry_wide_review,,"No authoritative discrepancy identified by the name, type, alias, hierarchy, and duplicate-identity scans."
institution:7417258b2e3d3491,University of Waterloo,university,institution:7417258b2e3d3491,University of Waterloo,university,active,retained,retained,retained_after_registry_wide_review,,"No authoritative discrepancy identified by the name, type, alias, hierarchy, and duplicate-identity scans."
institution:3e2e527953176c93,University of Wisconsin-Madison,university,institution:3e2e527953176c93,University of Wisconsin-Madison,university,active,retained,retained,retained_after_registry_wide_review,,"No authoritative discrepancy identified by the name, type, alias, hierarchy, and duplicate-identity scans."
institution:c76018a960d2cd12,University of Lille,university,institution:c76018a960d2cd12,University of Lille,university,active,retained,retained,retained_after_registry_wide_review,,"No authoritative discrepancy identified by the name, type, alias, hierarchy, and duplicate-identity scans."
institution:6c246ba350e11d5f,University of Rennes,university,institution:6c246ba350e11d5f,University of Rennes,university,active,retained,retained,retained_after_registry_wide_review,,"No authoritative discrepancy identified by the name, type, alias, hierarchy, and duplicate-identity scans."
institution:ef7c68d6edbab550,Université Grenoble Alpes,university,institution:ef7c68d6edbab550,Université Grenoble Alpes,university,active,retained,retained,retained_after_registry_wide_review,,"No authoritative discrepancy identified by the name, type, alias, hierarchy, and duplicate-identity scans."
institution:daff50b65ce469a3,Paris Cité University,university,institution:daff50b65ce469a3,Paris Cité University,university,active,retained,retained,retained_after_registry_wide_review,,"No authoritative discrepancy identified by the name, type, alias, hierarchy, and duplicate-identity scans."
institution:0c5e25ec47ce33fe,Paris-Saclay University,university,institution:0c5e25ec47ce33fe,Paris-Saclay University,university,active,retained,retained,retained_after_registry_wide_review,,"No authoritative discrepancy identified by the name, type, alias, hierarchy, and duplicate-identity scans."
institution:c3babd97b5b38ea6,USC Information Sciences Institute,research_unit,institution:c3babd97b5b38ea6,USC Information Sciences Institute,research_unit,active,retained,retained,retained_after_registry_wide_review,,"No authoritative discrepancy identified by the name, type, alias, hierarchy, and duplicate-identity scans."
institution:dc213653c8edb0fa,Vector Institute,research_unit,institution:dc213653c8edb0fa,Vector Institute,research_unit,active,retained,retained,retained_after_registry_wide_review,,"No authoritative discrepancy identified by the name, type, alias, hierarchy, and duplicate-identity scans."
institution:19d2ee8d44bfb9f0,Vietnam National University Ho Chi Minh City,university,institution:19d2ee8d44bfb9f0,Vietnam National University Ho Chi Minh City,university,active,retained,retained,retained_after_registry_wide_review,,"No authoritative discrepancy identified by the name, type, alias, hierarchy, and duplicate-identity scans."
institution:191fc14de0344472,Virginia Tech,university,institution:191fc14de0344472,Virginia Tech,university,active,retained,retained,retained_after_registry_wide_review,,"No authoritative discrepancy identified by the name, type, alias, hierarchy, and duplicate-identity scans."
institution:cb1cf39b9e67e9ec,Vishwakarma Institute of Information Technology,university,institution:cb1cf39b9e67e9ec,Vishwakarma Institute of Information Technology,university,active,retained,retained,retained_after_registry_wide_review,,"No authoritative discrepancy identified by the name, type, alias, hierarchy, and duplicate-identity scans."
institution:dc3e4a6107db41d1,Wanjiang University of Technology,university,institution:dc3e4a6107db41d1,Wanjiang University of Technology,university,active,retained,retained,retained_after_registry_wide_review,,"No authoritative discrepancy identified by the name, type, alias, hierarchy, and duplicate-identity scans."
institution:f23b95ce92de4591,Wuhan University,university,institution:f23b95ce92de4591,Wuhan University,university,active,retained,retained,retained_after_registry_wide_review,,"No authoritative discrepancy identified by the name, type, alias, hierarchy, and duplicate-identity scans."
institution:59879dd4d4951779,Xi'an University of Technology,university,institution:59879dd4d4951779,Xi'an University of Technology,university,active,retained,retained,retained_after_registry_wide_review,,"No authoritative discrepancy identified by the name, type, alias, hierarchy, and duplicate-identity scans."
institution:929ddef9540ec1e7,Xiamen University,university,institution:929ddef9540ec1e7,Xiamen University,university,active,retained,retained,retained_after_registry_wide_review,,"No authoritative discrepancy identified by the name, type, alias, hierarchy, and duplicate-identity scans."
institution:d1012c88e7ee61fd,Xiaohongshu Inc.,company,institution:d1012c88e7ee61fd,Xiaohongshu Inc.,company,active,retained,retained,retained_after_registry_wide_review,,"No authoritative discrepancy identified by the name, type, alias, hierarchy, and duplicate-identity scans."
institution:43ae05e86afd56bd,Xidian University,university,institution:43ae05e86afd56bd,Xidian University,university,active,retained,retained,retained_after_registry_wide_review,,"No authoritative discrepancy identified by the name, type, alias, hierarchy, and duplicate-identity scans."
institution:4955c30e161b66f8,Xinjiang University,university,institution:4955c30e161b66f8,Xinjiang University,university,active,retained,retained,retained_after_registry_wide_review,,"No authoritative discrepancy identified by the name, type, alias, hierarchy, and duplicate-identity scans."
institution:afc29be68ac419be,Xi'an Jiaotong University,university,institution:afc29be68ac419be,Xi'an Jiaotong University,university,active,retained,retained,retained_after_registry_wide_review,,"No authoritative discrepancy identified by the name, type, alias, hierarchy, and duplicate-identity scans."
institution:7266fd3d42f0b9ca,Xpectrum AI,research_unit,institution:7266fd3d42f0b9ca,Xpectrum AI,research_unit,active,retained,retained,retained_after_registry_wide_review,,"No authoritative discrepancy identified by the name, type, alias, hierarchy, and duplicate-identity scans."
institution:0d3d34a24da64353,Yale University,university,institution:0d3d34a24da64353,Yale University,university,active,retained,retained,retained_after_registry_wide_review,,"No authoritative discrepancy identified by the name, type, alias, hierarchy, and duplicate-identity scans."
institution:c5810afc25d178a5,Yanshan University,university,institution:c5810afc25d178a5,Yanshan University,university,active,retained,retained,retained_after_registry_wide_review,,"No authoritative discrepancy identified by the name, type, alias, hierarchy, and duplicate-identity scans."
institution:52cbdd91a8dbd658,Yonsei University,university,institution:52cbdd91a8dbd658,Yonsei University,university,active,retained,retained,retained_after_registry_wide_review,,"No authoritative discrepancy identified by the name, type, alias, hierarchy, and duplicate-identity scans."
institution:6e61f1cad147c313,"Yonsei University, International Campus",university,institution:6e61f1cad147c313,"Yonsei University, International Campus",university,active,retained,retained,retained_after_registry_wide_review,,"No authoritative discrepancy identified by the name, type, alias, hierarchy, and duplicate-identity scans."
institution:42992b97b8e05dd4,"Yonsei University, Sinchon Campus",university,institution:42992b97b8e05dd4,"Yonsei University, Sinchon Campus",university,active,retained,retained,retained_after_registry_wide_review,,"No authoritative discrepancy identified by the name, type, alias, hierarchy, and duplicate-identity scans."
institution:e433baf78e80004b,Zhejiang University,university,institution:e433baf78e80004b,Zhejiang University,university,active,retained,retained,retained_after_registry_wide_review,,"No authoritative discrepancy identified by the name, type, alias, hierarchy, and duplicate-identity scans."
institution:9b91aedca1273b56,Zhejiang University of Technology,university,institution:9b91aedca1273b56,Zhejiang University of Technology,university,active,retained,retained,retained_after_registry_wide_review,,"No authoritative discrepancy identified by the name, type, alias, hierarchy, and duplicate-identity scans."
institution:678fbbc18157fd45,École Polytechnique,university,institution:678fbbc18157fd45,École Polytechnique,university,active,retained,retained,retained_after_registry_wide_review,,"No authoritative discrepancy identified by the name, type, alias, hierarchy, and duplicate-identity scans."
institution:2f8c9f8f9209013d,Zhejiang Lab,research_unit,institution:2f8c9f8f9209013d,Zhejiang Lab,research_unit,active,retained,retained,retained_after_registry_wide_review,,"No authoritative discrepancy identified by the name, type, alias, hierarchy, and duplicate-identity scans."
institution:50c86a6fc102a2c1,Rensselaer Polytechnic Institute,university,institution:50c86a6fc102a2c1,Rensselaer Polytechnic Institute,university,active,retained,retained,retained_after_registry_wide_review,,"No authoritative discrepancy identified by the name, type, alias, hierarchy, and duplicate-identity scans."
institution:e64214548d48f667,Qingdao Academy of Intelligent Industries,research_unit,institution:e64214548d48f667,Qingdao Academy of Intelligent Industries,research_unit,active,retained,retained,retained_after_registry_wide_review,,"No authoritative discrepancy identified by the name, type, alias, hierarchy, and duplicate-identity scans."
institution:157163d25dac880f,Communication University of China,university,institution:157163d25dac880f,Communication University of China,university,active,retained,retained,retained_after_registry_wide_review,,"No authoritative discrepancy identified by the name, type, alias, hierarchy, and duplicate-identity scans."
institution:aee00ab2f1fd8132,Peng Cheng Laboratory,research_unit,institution:aee00ab2f1fd8132,Peng Cheng Laboratory,research_unit,active,retained,retained,retained_after_registry_wide_review,,"No authoritative discrepancy identified by the name, type, alias, hierarchy, and duplicate-identity scans."
institution:73f449eb6a3c05d3,Alibaba Group,company,institution:73f449eb6a3c05d3,Alibaba Group,company,active,retained,retained,retained_after_registry_wide_review,,"No authoritative discrepancy identified by the name, type, alias, hierarchy, and duplicate-identity scans."
institution:a5744bc50825ed1f,"WeChat Pay, Tencent",company,institution:a5744bc50825ed1f,"WeChat Pay, Tencent",company,active,retained,retained,retained_after_registry_wide_review,,"No authoritative discrepancy identified by the name, type, alias, hierarchy, and duplicate-identity scans."
institution:4b215cd9407fb4b1,National Tsing Hua University,university,institution:4b215cd9407fb4b1,National Tsing Hua University,university,active,retained,retained,retained_after_registry_wide_review,,"No authoritative discrepancy identified by the name, type, alias, hierarchy, and duplicate-identity scans."
institution:d2cacec52769f3d9,Academia Sinica,research_unit,institution:d2cacec52769f3d9,Academia Sinica,research_unit,active,retained,retained,retained_after_registry_wide_review,,"No authoritative discrepancy identified by the name, type, alias, hierarchy, and duplicate-identity scans."
institution:cd66beec0fcee918,Shanghai AI Laboratory,research_unit,institution:c107a95b6cb53ac5,Shanghai Artificial Intelligence Laboratory,research_unit,merged,merged_duplicate,merged_duplicate,official_source_confirmed_duplicate,https://www.shlab.org.cn/,Abbreviated name duplicates Shanghai Artificial Intelligence Laboratory.
institution:f95d5af831e91b94,SenseTime,company,institution:f95d5af831e91b94,SenseTime,company,active,retained,retained,retained_after_registry_wide_review,,"No authoritative discrepancy identified by the name, type, alias, hierarchy, and duplicate-identity scans."
institution:943b42ad910c2615,Australian National University,university,institution:943b42ad910c2615,Australian National University,university,active,retained,retained,retained_after_registry_wide_review,,"No authoritative discrepancy identified by the name, type, alias, hierarchy, and duplicate-identity scans."
institution:781afa4ed50a74b8,Duke University,university,institution:781afa4ed50a74b8,Duke University,university,active,retained,retained,retained_after_registry_wide_review,,"No authoritative discrepancy identified by the name, type, alias, hierarchy, and duplicate-identity scans."
institution:7b971ad17fd639eb,Microsoft Research Asia,company,institution:7b971ad17fd639eb,Microsoft Research Asia,company,active,retained,retained,retained_after_registry_wide_review,,"No authoritative discrepancy identified by the name, type, alias, hierarchy, and duplicate-identity scans."
institution:59fe0b363dfeb8f5,Offenburg University of Applied Sciences,university,institution:59fe0b363dfeb8f5,Offenburg University of Applied Sciences,university,active,retained,retained,retained_after_registry_wide_review,,"No authoritative discrepancy identified by the name, type, alias, hierarchy, and duplicate-identity scans."
institution:957fef132942e033,University of Mannheim,university,institution:957fef132942e033,University of Mannheim,university,active,retained,retained,retained_after_registry_wide_review,,"No authoritative discrepancy identified by the name, type, alias, hierarchy, and duplicate-identity scans."
institution:a239b6e2cb8473ef,Nanjing University of Science and Technology,university,institution:a239b6e2cb8473ef,Nanjing University of Science and Technology,university,active,retained,retained,retained_after_registry_wide_review,,"No authoritative discrepancy identified by the name, type, alias, hierarchy, and duplicate-identity scans."
institution:a0aa144d9d2444cc,Princess Nourah bint Abdulrahman University,university,institution:a0aa144d9d2444cc,Princess Nourah bint Abdulrahman University,university,active,retained,retained,retained_after_registry_wide_review,,"No authoritative discrepancy identified by the name, type, alias, hierarchy, and duplicate-identity scans."
institution:141dbbea6bba3a37,Everest English Boarding Secondary School,other,institution:141dbbea6bba3a37,Everest English Boarding Secondary School,other,active,retained,retained,retained_after_registry_wide_review,,"No authoritative discrepancy identified by the name, type, alias, hierarchy, and duplicate-identity scans."
institution:dbb7fb7fdd9bd486,Vishwakarma Institute of Technology,university,institution:dbb7fb7fdd9bd486,Vishwakarma Institute of Technology,university,active,retained,retained,retained_after_registry_wide_review,,"No authoritative discrepancy identified by the name, type, alias, hierarchy, and duplicate-identity scans."
institution:73df77aca515d21a,Merchants Union Consumer Finance Company,company,institution:73df77aca515d21a,Merchants Union Consumer Finance Company,company,active,retained,retained,retained_after_registry_wide_review,,"No authoritative discrepancy identified by the name, type, alias, hierarchy, and duplicate-identity scans."
institution:17d17325e0e0dae2,Nanjing University of Aeronautics and Astronautics,university,institution:17d17325e0e0dae2,Nanjing University of Aeronautics and Astronautics,university,active,retained,retained,retained_after_registry_wide_review,,"No authoritative discrepancy identified by the name, type, alias, hierarchy, and duplicate-identity scans."
institution:04c73587b47761ee,BASIS International School Nanjing,other,institution:04c73587b47761ee,BASIS International School Nanjing,other,active,retained,retained,retained_after_registry_wide_review,,"No authoritative discrepancy identified by the name, type, alias, hierarchy, and duplicate-identity scans."
institution:40b8f4b8f6c89e51,Georgetown University,university,institution:40b8f4b8f6c89e51,Georgetown University,university,active,retained,retained,retained_after_registry_wide_review,,"No authoritative discrepancy identified by the name, type, alias, hierarchy, and duplicate-identity scans."
institution:db049bef3a2d25e0,"Institute of Artificial Intelligence, Hefei Comprehensive National Science Center",research_unit,institution:db049bef3a2d25e0,"Institute of Artificial Intelligence, Hefei Comprehensive National Science Center",research_unit,active,retained,retained,retained_after_registry_wide_review,,"No authoritative discrepancy identified by the name, type, alias, hierarchy, and duplicate-identity scans."
institution:ff1a1bc95dbe91a8,Northeastern University,university,institution:ff1a1bc95dbe91a8,Northeastern University,university,active,retained,retained,retained_after_registry_wide_review,,"No authoritative discrepancy identified by the name, type, alias, hierarchy, and duplicate-identity scans."
institution:a3c0c022b00a11a5,Adobe Systems (United States),company,institution:a3c0c022b00a11a5,Adobe Systems (United States),company,active,retained,retained,retained_after_registry_wide_review,,"No authoritative discrepancy identified by the name, type, alias, hierarchy, and duplicate-identity scans."
institution:c04d9c3ee6b155d2,Ahsanullah University of Science and Technology,university,institution:c04d9c3ee6b155d2,Ahsanullah University of Science and Technology,university,active,retained,retained,retained_after_registry_wide_review,,"No authoritative discrepancy identified by the name, type, alias, hierarchy, and duplicate-identity scans."
institution:030ecebfe13ca82f,Ain Shams University,university,institution:030ecebfe13ca82f,Ain Shams University,university,active,retained,retained,retained_after_registry_wide_review,,"No authoritative discrepancy identified by the name, type, alias, hierarchy, and duplicate-identity scans."
institution:091dadcc6613c152,Al-Azhar University,university,institution:091dadcc6613c152,Al-Azhar University,university,active,retained,retained,retained_after_registry_wide_review,,"No authoritative discrepancy identified by the name, type, alias, hierarchy, and duplicate-identity scans."
institution:ed46151823d63d21,Albany State University,university,institution:ed46151823d63d21,Albany State University,university,active,retained,retained,retained_after_registry_wide_review,,"No authoritative discrepancy identified by the name, type, alias, hierarchy, and duplicate-identity scans."
institution:1b35f3068bbd3352,Aligarh Muslim University,university,institution:1b35f3068bbd3352,Aligarh Muslim University,university,active,retained,retained,retained_after_registry_wide_review,,"No authoritative discrepancy identified by the name, type, alias, hierarchy, and duplicate-identity scans."
institution:5dc3b0fc32168ce3,Altınbaş University,university,institution:5dc3b0fc32168ce3,Altınbaş University,university,active,retained,retained,retained_after_registry_wide_review,,"No authoritative discrepancy identified by the name, type, alias, hierarchy, and duplicate-identity scans."
institution:f7126dbda09b4f9a,Amity University,university,institution:f7126dbda09b4f9a,Amity University,university,active,retained,retained,retained_after_registry_wide_review,,"No authoritative discrepancy identified by the name, type, alias, hierarchy, and duplicate-identity scans."
institution:aa230e9d21cefa3b,Anhui Business College,university,institution:aa230e9d21cefa3b,Anhui Business College,university,active,retained,retained,retained_after_registry_wide_review,,"No authoritative discrepancy identified by the name, type, alias, hierarchy, and duplicate-identity scans."
institution:69d7dc38d11d5f80,Aristotle University of Thessaloniki,university,institution:69d7dc38d11d5f80,Aristotle University of Thessaloniki,university,active,retained,retained,retained_after_registry_wide_review,,"No authoritative discrepancy identified by the name, type, alias, hierarchy, and duplicate-identity scans."
institution:fbe1022dfe93b657,Asia University,university,institution:fbe1022dfe93b657,Asia University,university,active,retained,retained,retained_after_registry_wide_review,,"No authoritative discrepancy identified by the name, type, alias, hierarchy, and duplicate-identity scans."
institution:080a1da6ac4d04fd,Baidu (China),company,institution:080a1da6ac4d04fd,Baidu (China),company,active,retained,retained,retained_after_registry_wide_review,,"No authoritative discrepancy identified by the name, type, alias, hierarchy, and duplicate-identity scans."
institution:a273d5856c9d065c,Bangladesh University of Engineering and Technology,university,institution:a273d5856c9d065c,Bangladesh University of Engineering and Technology,university,active,retained,retained,retained_after_registry_wide_review,,"No authoritative discrepancy identified by the name, type, alias, hierarchy, and duplicate-identity scans."
institution:13600b8b1a017cee,Bar-Ilan University,university,institution:13600b8b1a017cee,Bar-Ilan University,university,active,retained,retained,retained_after_registry_wide_review,,"No authoritative discrepancy identified by the name, type, alias, hierarchy, and duplicate-identity scans."
institution:ea6661ca99f0c1aa,Beijing Information Science & Technology University,university,institution:ea6661ca99f0c1aa,Beijing Information Science & Technology University,university,active,retained,retained,retained_after_registry_wide_review,,"No authoritative discrepancy identified by the name, type, alias, hierarchy, and duplicate-identity scans."
institution:86acee6f855e6b06,Bowie State University,university,institution:86acee6f855e6b06,Bowie State University,university,active,retained,retained,retained_after_registry_wide_review,,"No authoritative discrepancy identified by the name, type, alias, hierarchy, and duplicate-identity scans."
institution:dd9f67a9f83f9649,Bucknell University,university,institution:dd9f67a9f83f9649,Bucknell University,university,active,retained,retained,retained_after_registry_wide_review,,"No authoritative discrepancy identified by the name, type, alias, hierarchy, and duplicate-identity scans."
institution:d0cac2bc9207e50f,California University of Pennsylvania,university,institution:d0cac2bc9207e50f,California University of Pennsylvania,university,active,retained,retained,retained_after_registry_wide_review,,"No authoritative discrepancy identified by the name, type, alias, hierarchy, and duplicate-identity scans."
institution:008fc27550d4153d,Canadian International College,university,institution:008fc27550d4153d,Canadian International College,university,active,retained,retained,retained_after_registry_wide_review,,"No authoritative discrepancy identified by the name, type, alias, hierarchy, and duplicate-identity scans."
institution:d04d3d98b14dcbc7,Cape Peninsula University of Technology,university,institution:d04d3d98b14dcbc7,Cape Peninsula University of Technology,university,active,retained,retained,retained_after_registry_wide_review,,"No authoritative discrepancy identified by the name, type, alias, hierarchy, and duplicate-identity scans."
institution:6398f2ea80ac2393,Center for Security and Emerging Technology,research_unit,institution:6398f2ea80ac2393,Center for Security and Emerging Technology,research_unit,active,retained,retained,retained_after_registry_wide_review,,"No authoritative discrepancy identified by the name, type, alias, hierarchy, and duplicate-identity scans."
institution:1633fd8e927f7e3e,Chaoyang University of Technology,university,institution:1633fd8e927f7e3e,Chaoyang University of Technology,university,active,retained,retained,retained_after_registry_wide_review,,"No authoritative discrepancy identified by the name, type, alias, hierarchy, and duplicate-identity scans."
institution:636b930e320fc074,Chengdu University of Information Technology,university,institution:636b930e320fc074,Chengdu University of Information Technology,university,active,retained,retained,retained_after_registry_wide_review,,"No authoritative discrepancy identified by the name, type, alias, hierarchy, and duplicate-identity scans."
institution:b3e3a87d3fc950c5,China People's Public Security University,university,institution:48441fb89f75bf9d,People's Public Security University of China,university,merged,merged_duplicate,merged_duplicate,official_source_confirmed_duplicate,https://en.ppsuc.edu.cn/About/University_Profile.htm,Alternate word order duplicates the official English identity.
institution:d31a9474efa16c6c,"Chinese University of Hong Kong, Shenzhen",university,institution:5dbb9ac6a407e079,"The Chinese University of Hong Kong, Shenzhen",university,merged,merged_duplicate,merged_duplicate,official_source_confirmed_duplicate,https://www.cuhk.edu.cn/en/about-us,Article-less name is an alias of the same Shenzhen university.
institution:b98073e3070abd17,Chitkara University,university,institution:b98073e3070abd17,Chitkara University,university,active,retained,retained,retained_after_registry_wide_review,,"No authoritative discrepancy identified by the name, type, alias, hierarchy, and duplicate-identity scans."
institution:2f4b9adadf7f5004,Chongqing University of Science and Technology,university,institution:2f4b9adadf7f5004,Chongqing University of Science and Technology,university,active,retained,retained,retained_after_registry_wide_review,,"No authoritative discrepancy identified by the name, type, alias, hierarchy, and duplicate-identity scans."
institution:1e0dd88726fb992c,Chonnam National University,university,institution:1e0dd88726fb992c,Chonnam National University,university,active,retained,retained,retained_after_registry_wide_review,,"No authoritative discrepancy identified by the name, type, alias, hierarchy, and duplicate-identity scans."
institution:8ee530c781dde9f8,Chung-Ang University,university,institution:8ee530c781dde9f8,Chung-Ang University,university,active,retained,retained,retained_after_registry_wide_review,,"No authoritative discrepancy identified by the name, type, alias, hierarchy, and duplicate-identity scans."
institution:17bf653107a56b33,Columbia University,university,institution:17bf653107a56b33,Columbia University,university,active,retained,retained,retained_after_registry_wide_review,,"No authoritative discrepancy identified by the name, type, alias, hierarchy, and duplicate-identity scans."
institution:7182b5831d4ba8a2,Comilla University,university,institution:7182b5831d4ba8a2,Comilla University,university,active,retained,retained,retained_after_registry_wide_review,,"No authoritative discrepancy identified by the name, type, alias, hierarchy, and duplicate-identity scans."
institution:ec338d817ec6cd01,Dar Al-Hekma University,university,institution:ec338d817ec6cd01,Dar Al-Hekma University,university,active,retained,retained,retained_after_registry_wide_review,,"No authoritative discrepancy identified by the name, type, alias, hierarchy, and duplicate-identity scans."
institution:30e93da233b7eeef,Deakin University,university,institution:30e93da233b7eeef,Deakin University,university,active,retained,retained,retained_after_registry_wide_review,,"No authoritative discrepancy identified by the name, type, alias, hierarchy, and duplicate-identity scans."
institution:b77cc69e117a29dc,Dehradun Institute of Technology University,university,institution:b77cc69e117a29dc,Dehradun Institute of Technology University,university,active,retained,retained,retained_after_registry_wide_review,,"No authoritative discrepancy identified by the name, type, alias, hierarchy, and duplicate-identity scans."
institution:c6b6c8d24f8e66aa,Dominican University,university,institution:c6b6c8d24f8e66aa,Dominican University,university,active,retained,retained,retained_after_registry_wide_review,,"No authoritative discrepancy identified by the name, type, alias, hierarchy, and duplicate-identity scans."
institution:f34946305c17c505,Dongguan University of Technology,university,institution:f34946305c17c505,Dongguan University of Technology,university,active,retained,retained,retained_after_registry_wide_review,,"No authoritative discrepancy identified by the name, type, alias, hierarchy, and duplicate-identity scans."
institution:cc8345310a2617a6,Durban University of Technology,university,institution:cc8345310a2617a6,Durban University of Technology,university,active,retained,retained,retained_after_registry_wide_review,,"No authoritative discrepancy identified by the name, type, alias, hierarchy, and duplicate-identity scans."
institution:3cef1f53ea25d8c9,East Tennessee State University,university,institution:3cef1f53ea25d8c9,East Tennessee State University,university,active,retained,retained,retained_after_registry_wide_review,,"No authoritative discrepancy identified by the name, type, alias, hierarchy, and duplicate-identity scans."
institution:bb266f47a5ceef81,Edinburgh Napier University,university,institution:bb266f47a5ceef81,Edinburgh Napier University,university,active,retained,retained,retained_after_registry_wide_review,,"No authoritative discrepancy identified by the name, type, alias, hierarchy, and duplicate-identity scans."
institution:4057e1737c20bdb9,Fakir Mohan University,university,institution:4057e1737c20bdb9,Fakir Mohan University,university,active,retained,retained,retained_after_registry_wide_review,,"No authoritative discrepancy identified by the name, type, alias, hierarchy, and duplicate-identity scans."
institution:42c60ebb24e9f839,Fraunhofer Institute for Industrial Mathematics,research_unit,institution:ce832fad3d4de534,Fraunhofer Institute for Industrial Mathematics ITWM,research_unit,merged,merged_duplicate,merged_duplicate,official_source_confirmed_duplicate,https://www.itwm.fraunhofer.de/en.html,Short name and full ITWM name identify the same Fraunhofer institute.
institution:213a2f107c1f76df,Fujitsu (China),company,institution:213a2f107c1f76df,Fujitsu (China),company,active,retained,retained,retained_after_registry_wide_review,,"No authoritative discrepancy identified by the name, type, alias, hierarchy, and duplicate-identity scans."
institution:33d54ba20fb76125,Fujitsu (Japan),company,institution:33d54ba20fb76125,Fujitsu (Japan),company,active,retained,retained,retained_after_registry_wide_review,,"No authoritative discrepancy identified by the name, type, alias, hierarchy, and duplicate-identity scans."
institution:c2dab080fa856716,Georgia Institute of Technology,university,institution:c2dab080fa856716,Georgia Institute of Technology,university,active,retained,retained,retained_after_registry_wide_review,,"No authoritative discrepancy identified by the name, type, alias, hierarchy, and duplicate-identity scans."
institution:4423bec9199a5d47,GLA University,university,institution:4423bec9199a5d47,GLA University,university,active,retained,retained,retained_after_registry_wide_review,,"No authoritative discrepancy identified by the name, type, alias, hierarchy, and duplicate-identity scans."
institution:f647b4b37bf4515d,Global University,university,institution:f647b4b37bf4515d,Global University,university,active,retained,retained,retained_after_registry_wide_review,,"No authoritative discrepancy identified by the name, type, alias, hierarchy, and duplicate-identity scans."
institution:823a09a4580fb39e,Government Sadiq College Women University,university,institution:823a09a4580fb39e,Government Sadiq College Women University,university,active,retained,retained,retained_after_registry_wide_review,,"No authoritative discrepancy identified by the name, type, alias, hierarchy, and duplicate-identity scans."
institution:ef894bd5e789abd7,Govind Ballabh Pant University of Agriculture and Technology,university,institution:ef894bd5e789abd7,Govind Ballabh Pant University of Agriculture and Technology,university,active,retained,retained,retained_after_registry_wide_review,,"No authoritative discrepancy identified by the name, type, alias, hierarchy, and duplicate-identity scans."
institution:128d207ba007d9d7,Graphic Era University,university,institution:128d207ba007d9d7,Graphic Era University,university,active,retained,retained,retained_after_registry_wide_review,,"No authoritative discrepancy identified by the name, type, alias, hierarchy, and duplicate-identity scans."
institution:d1de2b99104f99ed,Guangxi Medical University,university,institution:d1de2b99104f99ed,Guangxi Medical University,university,active,retained,retained,retained_after_registry_wide_review,,"No authoritative discrepancy identified by the name, type, alias, hierarchy, and duplicate-identity scans."
institution:1b91d0993efc3a95,Gyeongguk National University,university,institution:1b91d0993efc3a95,Gyeongguk National University,university,active,retained,retained,retained_after_registry_wide_review,,"No authoritative discrepancy identified by the name, type, alias, hierarchy, and duplicate-identity scans."
institution:bb302a0231577b3c,Haliç University,university,institution:bb302a0231577b3c,Haliç University,university,active,retained,retained,retained_after_registry_wide_review,,"No authoritative discrepancy identified by the name, type, alias, hierarchy, and duplicate-identity scans."
institution:07d62a903f84afcd,Hangzhou Dianzi University,university,institution:07d62a903f84afcd,Hangzhou Dianzi University,university,active,retained,retained,retained_after_registry_wide_review,,"No authoritative discrepancy identified by the name, type, alias, hierarchy, and duplicate-identity scans."
institution:f904c5dbc038c1df,Heidelberg University,university,institution:f904c5dbc038c1df,Heidelberg University,university,active,retained,retained,retained_after_registry_wide_review,,"No authoritative discrepancy identified by the name, type, alias, hierarchy, and duplicate-identity scans."
institution:6f14a665aa77ba34,Helmholtz Center for Information Security,research_unit,institution:aea376936c88135b,CISPA Helmholtz Center for Information Security,research_unit,merged,merged_duplicate,merged_duplicate,official_source_confirmed_duplicate,https://cispa.de/en/about,CISPA and Helmholtz Center for Information Security are the same institute.
institution:9862b50bf0eb12f0,Hindustan Institute of Technology and Science,university,institution:9862b50bf0eb12f0,Hindustan Institute of Technology and Science,university,active,retained,retained,retained_after_registry_wide_review,,"No authoritative discrepancy identified by the name, type, alias, hierarchy, and duplicate-identity scans."
institution:834e8b5e7fb040b9,Honeywell (United States),company,institution:834e8b5e7fb040b9,Honeywell (United States),company,active,retained,retained,retained_after_registry_wide_review,,"No authoritative discrepancy identified by the name, type, alias, hierarchy, and duplicate-identity scans."
institution:ed58576681c8c7e7,Huazhong Agricultural University,university,institution:ed58576681c8c7e7,Huazhong Agricultural University,university,active,retained,retained,retained_after_registry_wide_review,,"No authoritative discrepancy identified by the name, type, alias, hierarchy, and duplicate-identity scans."
institution:bbc6ae7ed9b4bd38,Humboldt University of Berlin,university,institution:bbc6ae7ed9b4bd38,Humboldt University of Berlin,university,active,retained,retained,retained_after_registry_wide_review,,"No authoritative discrepancy identified by the name, type, alias, hierarchy, and duplicate-identity scans."
institution:1ba4ddc6758a80c0,Imperial College London,university,institution:1ba4ddc6758a80c0,Imperial College London,university,active,retained,retained,retained_after_registry_wide_review,,"No authoritative discrepancy identified by the name, type, alias, hierarchy, and duplicate-identity scans."
institution:a4e0e93fcd90b1c0,Indian Institute of Technology Patna,university,institution:a4e0e93fcd90b1c0,Indian Institute of Technology Patna,university,active,retained,retained,retained_after_registry_wide_review,,"No authoritative discrepancy identified by the name, type, alias, hierarchy, and duplicate-identity scans."
institution:27cf878705a6b15a,Islamia University of Bahawalpur,university,institution:27cf878705a6b15a,Islamia University of Bahawalpur,university,active,retained,retained,retained_after_registry_wide_review,,"No authoritative discrepancy identified by the name, type, alias, hierarchy, and duplicate-identity scans."
institution:cf2e81e79ecee1b8,Istanbul Nisantasi University,university,institution:cf2e81e79ecee1b8,Istanbul Nisantasi University,university,active,retained,retained,retained_after_registry_wide_review,,"No authoritative discrepancy identified by the name, type, alias, hierarchy, and duplicate-identity scans."
institution:7375490cb489bcfd,Jacksonville University,university,institution:7375490cb489bcfd,Jacksonville University,university,active,retained,retained,retained_after_registry_wide_review,,"No authoritative discrepancy identified by the name, type, alias, hierarchy, and duplicate-identity scans."
institution:b6af627e10ca7fed,Jahangirnagar University,university,institution:b6af627e10ca7fed,Jahangirnagar University,university,active,retained,retained,retained_after_registry_wide_review,,"No authoritative discrepancy identified by the name, type, alias, hierarchy, and duplicate-identity scans."
institution:557b8ad811254ad6,Jianghan University,university,institution:557b8ad811254ad6,Jianghan University,university,active,retained,retained,retained_after_registry_wide_review,,"No authoritative discrepancy identified by the name, type, alias, hierarchy, and duplicate-identity scans."
institution:f88815962e62ced1,Kadir Has University,university,institution:f88815962e62ced1,Kadir Has University,university,active,retained,retained,retained_after_registry_wide_review,,"No authoritative discrepancy identified by the name, type, alias, hierarchy, and duplicate-identity scans."
institution:5919d60e453e2459,Kahramanmaraş Sütçü İmam University,university,institution:5919d60e453e2459,Kahramanmaraş Sütçü İmam University,university,active,retained,retained,retained_after_registry_wide_review,,"No authoritative discrepancy identified by the name, type, alias, hierarchy, and duplicate-identity scans."
institution:f4c98270ae3164c6,Karabük University,university,institution:f4c98270ae3164c6,Karabük University,university,active,retained,retained,retained_after_registry_wide_review,,"No authoritative discrepancy identified by the name, type, alias, hierarchy, and duplicate-identity scans."
institution:9d4cf3c6e95e06c5,Karnatak University,university,institution:9d4cf3c6e95e06c5,Karnatak University,university,active,retained,retained,retained_after_registry_wide_review,,"No authoritative discrepancy identified by the name, type, alias, hierarchy, and duplicate-identity scans."
institution:8fac1f5c8936e362,Khwaja Fareed University of Engineering and Information Technology,university,institution:8fac1f5c8936e362,Khwaja Fareed University of Engineering and Information Technology,university,active,retained,retained,retained_after_registry_wide_review,,"No authoritative discrepancy identified by the name, type, alias, hierarchy, and duplicate-identity scans."
institution:206ade2edf5e4762,King Abdulaziz University,university,institution:206ade2edf5e4762,King Abdulaziz University,university,active,retained,retained,retained_after_registry_wide_review,,"No authoritative discrepancy identified by the name, type, alias, hierarchy, and duplicate-identity scans."
institution:36c5630e014fb5d7,King Saud University,university,institution:36c5630e014fb5d7,King Saud University,university,active,retained,retained,retained_after_registry_wide_review,,"No authoritative discrepancy identified by the name, type, alias, hierarchy, and duplicate-identity scans."
institution:7ec2cd070cc14278,King's College London,university,institution:7ec2cd070cc14278,King's College London,university,active,retained,retained,retained_after_registry_wide_review,,"No authoritative discrepancy identified by the name, type, alias, hierarchy, and duplicate-identity scans."
institution:148a0feafd311a0a,Korea Advanced Institute of Science and Technology,university,institution:148a0feafd311a0a,Korea Advanced Institute of Science and Technology,university,active,retained,retained,retained_after_registry_wide_review,,"No authoritative discrepancy identified by the name, type, alias, hierarchy, and duplicate-identity scans."
institution:7095dc4de406754b,Korea Aerospace University,university,institution:7095dc4de406754b,Korea Aerospace University,university,active,retained,retained,retained_after_registry_wide_review,,"No authoritative discrepancy identified by the name, type, alias, hierarchy, and duplicate-identity scans."
institution:eceea91f3973f1b1,Korea University,university,institution:eceea91f3973f1b1,Korea University,university,active,retained,retained,retained_after_registry_wide_review,,"No authoritative discrepancy identified by the name, type, alias, hierarchy, and duplicate-identity scans."
institution:bec45b93a867958c,Lamar University,university,institution:bec45b93a867958c,Lamar University,university,active,retained,retained,retained_after_registry_wide_review,,"No authoritative discrepancy identified by the name, type, alias, hierarchy, and duplicate-identity scans."
institution:b71e4506b75fcb88,Leeds Beckett University,university,institution:b71e4506b75fcb88,Leeds Beckett University,university,active,retained,retained,retained_after_registry_wide_review,,"No authoritative discrepancy identified by the name, type, alias, hierarchy, and duplicate-identity scans."
institution:228c9ed379a96dd8,Liaoning University,university,institution:228c9ed379a96dd8,Liaoning University,university,active,retained,retained,retained_after_registry_wide_review,,"No authoritative discrepancy identified by the name, type, alias, hierarchy, and duplicate-identity scans."
institution:85d468a61a1936c6,Louisiana State University of Alexandria,university,institution:85d468a61a1936c6,Louisiana State University of Alexandria,university,active,retained,retained,retained_after_registry_wide_review,,"No authoritative discrepancy identified by the name, type, alias, hierarchy, and duplicate-identity scans."
institution:fb406af2053fceb0,Lund University,university,institution:fb406af2053fceb0,Lund University,university,active,retained,retained,retained_after_registry_wide_review,,"No authoritative discrepancy identified by the name, type, alias, hierarchy, and duplicate-identity scans."
institution:d8d45546142be201,Macau University of Science and Technology,university,institution:d8d45546142be201,Macau University of Science and Technology,university,active,retained,retained,retained_after_registry_wide_review,,"No authoritative discrepancy identified by the name, type, alias, hierarchy, and duplicate-identity scans."
institution:85b5522dac5ab1d7,Majmaah University,university,institution:85b5522dac5ab1d7,Majmaah University,university,active,retained,retained,retained_after_registry_wide_review,,"No authoritative discrepancy identified by the name, type, alias, hierarchy, and duplicate-identity scans."
institution:720565e77c6f2c38,Marmara University,university,institution:720565e77c6f2c38,Marmara University,university,active,retained,retained,retained_after_registry_wide_review,,"No authoritative discrepancy identified by the name, type, alias, hierarchy, and duplicate-identity scans."
institution:068512c1b695fe0b,Max Planck Institute for Security and Privacy,research_unit,institution:068512c1b695fe0b,Max Planck Institute for Security and Privacy,research_unit,active,retained,retained,retained_after_registry_wide_review,,"No authoritative discrepancy identified by the name, type, alias, hierarchy, and duplicate-identity scans."
institution:bcd3d53e57c31275,Mayachitra Inc.,company,institution:bcd3d53e57c31275,Mayachitra Inc.,company,active,retained,retained,retained_after_registry_wide_review,,"No authoritative discrepancy identified by the name, type, alias, hierarchy, and duplicate-identity scans."
institution:b771bab570cca255,Microsoft Research Asia (China),company,institution:7b971ad17fd639eb,Microsoft Research Asia,company,merged,merged_duplicate,merged_duplicate,official_source_confirmed_duplicate,https://www.microsoft.com/en-us/research/lab/microsoft-research-asia/about-us/,Country-qualified variant duplicates Microsoft Research Asia.
institution:125af76b30759ac2,Middle East University,university,institution:125af76b30759ac2,Middle East University,university,active,retained,retained,retained_after_registry_wide_review,,"No authoritative discrepancy identified by the name, type, alias, hierarchy, and duplicate-identity scans."
institution:c72155b537fbbff3,Middle Technical University,university,institution:c72155b537fbbff3,Middle Technical University,university,active,retained,retained,retained_after_registry_wide_review,,"No authoritative discrepancy identified by the name, type, alias, hierarchy, and duplicate-identity scans."
institution:79bdedc4507c21a5,Najran University,university,institution:79bdedc4507c21a5,Najran University,university,active,retained,retained,retained_after_registry_wide_review,,"No authoritative discrepancy identified by the name, type, alias, hierarchy, and duplicate-identity scans."
institution:71438ca10017bba5,National Institute of Standards and Technology,research_unit,institution:71438ca10017bba5,National Institute of Standards and Technology,research_unit,active,retained,retained,retained_after_registry_wide_review,,"No authoritative discrepancy identified by the name, type, alias, hierarchy, and duplicate-identity scans."
institution:12fe4f34c1ed5053,National Institute of Technology Karnataka,university,institution:12fe4f34c1ed5053,National Institute of Technology Karnataka,university,active,retained,retained,retained_after_registry_wide_review,,"No authoritative discrepancy identified by the name, type, alias, hierarchy, and duplicate-identity scans."
institution:cb66d06bbab6753c,National Pingtung University of Science and Technology,university,institution:cb66d06bbab6753c,National Pingtung University of Science and Technology,university,active,retained,retained,retained_after_registry_wide_review,,"No authoritative discrepancy identified by the name, type, alias, hierarchy, and duplicate-identity scans."
institution:4a297c8ff1c10795,National Research Council,research_unit,institution:4a297c8ff1c10795,National Research Council,research_unit,active,retained,retained,retained_after_registry_wide_review,,"No authoritative discrepancy identified by the name, type, alias, hierarchy, and duplicate-identity scans."
institution:72e33b377a422ec3,National Taiwan University of Science and Technology,university,institution:72e33b377a422ec3,National Taiwan University of Science and Technology,university,active,retained,retained,retained_after_registry_wide_review,,"No authoritative discrepancy identified by the name, type, alias, hierarchy, and duplicate-identity scans."
institution:dac00bcd54a7c18f,National United University,university,institution:dac00bcd54a7c18f,National United University,university,active,retained,retained,retained_after_registry_wide_review,,"No authoritative discrepancy identified by the name, type, alias, hierarchy, and duplicate-identity scans."
institution:18a199cf02e2dc6e,National University of Computer and Emerging Sciences,university,institution:18a199cf02e2dc6e,National University of Computer and Emerging Sciences,university,active,retained,retained,retained_after_registry_wide_review,,"No authoritative discrepancy identified by the name, type, alias, hierarchy, and duplicate-identity scans."
institution:81eaae945d27f11c,National University of Ireland,university,institution:81eaae945d27f11c,National University of Ireland,university,active,retained,retained,retained_after_registry_wide_review,,"No authoritative discrepancy identified by the name, type, alias, hierarchy, and duplicate-identity scans."
institution:221eb2f9c9da3e19,National Yunlin University of Science and Technology,university,institution:221eb2f9c9da3e19,National Yunlin University of Science and Technology,university,active,retained,retained,retained_after_registry_wide_review,,"No authoritative discrepancy identified by the name, type, alias, hierarchy, and duplicate-identity scans."
institution:af28dc8d805f8918,Nirma University,university,institution:af28dc8d805f8918,Nirma University,university,active,retained,retained,retained_after_registry_wide_review,,"No authoritative discrepancy identified by the name, type, alias, hierarchy, and duplicate-identity scans."
institution:2c4c8a70b915edac,North South University,university,institution:2c4c8a70b915edac,North South University,university,active,retained,retained,retained_after_registry_wide_review,,"No authoritative discrepancy identified by the name, type, alias, hierarchy, and duplicate-identity scans."
institution:13d54640e2e7ec6c,Northeast Agricultural University,university,institution:13d54640e2e7ec6c,Northeast Agricultural University,university,active,retained,retained,retained_after_registry_wide_review,,"No authoritative discrepancy identified by the name, type, alias, hierarchy, and duplicate-identity scans."
institution:fe8410750f429b37,Nvidia (United States),company,institution:8d4321d936320802,NVIDIA,company,merged,merged_duplicate,merged_duplicate,official_source_confirmed_duplicate,https://www.nvidia.com/en-us/about-nvidia/,Country-qualified/case variant duplicates NVIDIA.
institution:5de5568dbc559111,Oak Ridge National Laboratory,research_unit,institution:5de5568dbc559111,Oak Ridge National Laboratory,research_unit,active,retained,retained,retained_after_registry_wide_review,,"No authoritative discrepancy identified by the name, type, alias, hierarchy, and duplicate-identity scans."
institution:f8894017df3dfcc2,University of Galway,university,institution:f8894017df3dfcc2,University of Galway,university,active,retained,retained,retained_after_registry_wide_review,,"No authoritative discrepancy identified by the name, type, alias, hierarchy, and duplicate-identity scans."
institution:567dcc53fa2f6dd3,Prince Mohammad bin Fahd University,university,institution:567dcc53fa2f6dd3,Prince Mohammad bin Fahd University,university,active,retained,retained,retained_after_registry_wide_review,,"No authoritative discrepancy identified by the name, type, alias, hierarchy, and duplicate-identity scans."
institution:39fe5b3a0cd3dd7c,PSG INSTITUTE OF TECHNOLOGY AND APPLIED RESEARCH,university,institution:39fe5b3a0cd3dd7c,PSG INSTITUTE OF TECHNOLOGY AND APPLIED RESEARCH,university,active,retained,retained,retained_after_registry_wide_review,,"No authoritative discrepancy identified by the name, type, alias, hierarchy, and duplicate-identity scans."
institution:77fb2ba62b721cd6,Qilu University of Technology,university,institution:77fb2ba62b721cd6,Qilu University of Technology,university,active,retained,retained,retained_after_registry_wide_review,,"No authoritative discrepancy identified by the name, type, alias, hierarchy, and duplicate-identity scans."
institution:41f10ac519a66555,Queensland University of Technology,university,institution:41f10ac519a66555,Queensland University of Technology,university,active,retained,retained,retained_after_registry_wide_review,,"No authoritative discrepancy identified by the name, type, alias, hierarchy, and duplicate-identity scans."
institution:afc7ba5b733248b6,Rashtrasant Tukadoji Maharaj Nagpur University,university,institution:afc7ba5b733248b6,Rashtrasant Tukadoji Maharaj Nagpur University,university,active,retained,retained,retained_after_registry_wide_review,,"No authoritative discrepancy identified by the name, type, alias, hierarchy, and duplicate-identity scans."
institution:6b773370c41b47b5,RMIT University,university,institution:6b773370c41b47b5,RMIT University,university,active,retained,retained,retained_after_registry_wide_review,,"No authoritative discrepancy identified by the name, type, alias, hierarchy, and duplicate-identity scans."
institution:457423605fa485bc,Samsung (South Korea),company,institution:457423605fa485bc,Samsung (South Korea),company,active,retained,retained,retained_after_registry_wide_review,,"No authoritative discrepancy identified by the name, type, alias, hierarchy, and duplicate-identity scans."
institution:49700da520d8842b,Samsung SDS (South Korea),company,institution:c13e2f4a44bb01ed,Samsung SDS,company,merged,merged_duplicate,merged_duplicate,official_source_confirmed_duplicate,https://www.samsungsds.com/en/company/overview/about_company.html,Country-qualified variant duplicates Samsung SDS.
institution:d407d447fe02673c,Sant Gadge Baba Amravati University,university,institution:d407d447fe02673c,Sant Gadge Baba Amravati University,university,active,retained,retained,retained_after_registry_wide_review,,"No authoritative discrepancy identified by the name, type, alias, hierarchy, and duplicate-identity scans."
institution:6dc785b2ccdf142c,Satya Wacana Christian University,university,institution:6dc785b2ccdf142c,Satya Wacana Christian University,university,active,retained,retained,retained_after_registry_wide_review,,"No authoritative discrepancy identified by the name, type, alias, hierarchy, and duplicate-identity scans."
institution:9191a7d5e3a9fc0c,Sejong University,university,institution:9191a7d5e3a9fc0c,Sejong University,university,active,retained,retained,retained_after_registry_wide_review,,"No authoritative discrepancy identified by the name, type, alias, hierarchy, and duplicate-identity scans."
institution:2e47d59ad1e8d5a4,Shahid Beheshti University,university,institution:2e47d59ad1e8d5a4,Shahid Beheshti University,university,active,retained,retained,retained_after_registry_wide_review,,"No authoritative discrepancy identified by the name, type, alias, hierarchy, and duplicate-identity scans."
institution:a8aa4fcbf3d06d56,Shandong University of Political Science and Law,university,institution:a8aa4fcbf3d06d56,Shandong University of Political Science and Law,university,active,retained,retained,retained_after_registry_wide_review,,"No authoritative discrepancy identified by the name, type, alias, hierarchy, and duplicate-identity scans."
institution:85a4635e28eefe8e,Shanghai Polytechnic University,university,institution:85a4635e28eefe8e,Shanghai Polytechnic University,university,active,retained,retained,retained_after_registry_wide_review,,"No authoritative discrepancy identified by the name, type, alias, hierarchy, and duplicate-identity scans."
institution:dbc08517e4f1ed6e,Shanghai University,university,institution:dbc08517e4f1ed6e,Shanghai University,university,active,retained,retained,retained_after_registry_wide_review,,"No authoritative discrepancy identified by the name, type, alias, hierarchy, and duplicate-identity scans."
institution:d6f57909282596fe,Shaqra University,university,institution:d6f57909282596fe,Shaqra University,university,active,retained,retained,retained_after_registry_wide_review,,"No authoritative discrepancy identified by the name, type, alias, hierarchy, and duplicate-identity scans."
institution:77789f69fddd731b,Sharda University,university,institution:77789f69fddd731b,Sharda University,university,active,retained,retained,retained_after_registry_wide_review,,"No authoritative discrepancy identified by the name, type, alias, hierarchy, and duplicate-identity scans."
institution:79e17450a764ece3,Sheffield Hallam University,university,institution:79e17450a764ece3,Sheffield Hallam University,university,active,retained,retained,retained_after_registry_wide_review,,"No authoritative discrepancy identified by the name, type, alias, hierarchy, and duplicate-identity scans."
institution:0d485839c904b21b,Shenzhen Academy of Robotics,research_unit,institution:0d485839c904b21b,Shenzhen Academy of Robotics,research_unit,active,retained,retained,retained_after_registry_wide_review,,"No authoritative discrepancy identified by the name, type, alias, hierarchy, and duplicate-identity scans."
institution:02b60e662a7a973c,Shivaji University,university,institution:02b60e662a7a973c,Shivaji University,university,active,retained,retained,retained_after_registry_wide_review,,"No authoritative discrepancy identified by the name, type, alias, hierarchy, and duplicate-identity scans."
institution:24532e6b5472dbfb,Singapore Institute of Technology,university,institution:24532e6b5472dbfb,Singapore Institute of Technology,university,active,retained,retained,retained_after_registry_wide_review,,"No authoritative discrepancy identified by the name, type, alias, hierarchy, and duplicate-identity scans."
institution:37ea83da28e11ff2,Southwest University of Science and Technology,university,institution:37ea83da28e11ff2,Southwest University of Science and Technology,university,active,retained,retained,retained_after_registry_wide_review,,"No authoritative discrepancy identified by the name, type, alias, hierarchy, and duplicate-identity scans."
institution:87c744673e7e4d05,SRM Institute of Science and Technology,university,institution:87c744673e7e4d05,SRM Institute of Science and Technology,university,active,retained,retained,retained_after_registry_wide_review,,"No authoritative discrepancy identified by the name, type, alias, hierarchy, and duplicate-identity scans."
institution:9e9891886a71efdf,St. Joseph's Institute of Technology,university,institution:9e9891886a71efdf,St. Joseph's Institute of Technology,university,active,retained,retained,retained_after_registry_wide_review,,"No authoritative discrepancy identified by the name, type, alias, hierarchy, and duplicate-identity scans."
institution:8ac3b059e7b70054,State Key Laboratory of Information Security,research_unit,institution:8ac3b059e7b70054,State Key Laboratory of Information Security,research_unit,active,retained,retained,retained_after_registry_wide_review,,"No authoritative discrepancy identified by the name, type, alias, hierarchy, and duplicate-identity scans."
institution:87cfa9f9d3bda4e1,State University of New York,university,institution:87cfa9f9d3bda4e1,State University of New York,university,active,retained,retained,retained_after_registry_wide_review,,"No authoritative discrepancy identified by the name, type, alias, hierarchy, and duplicate-identity scans."
institution:e91675148695594c,Sunway University,university,institution:e91675148695594c,Sunway University,university,active,retained,retained,retained_after_registry_wide_review,,"No authoritative discrepancy identified by the name, type, alias, hierarchy, and duplicate-identity scans."
institution:8d0a45af450fc806,Symbiosis International University,university,institution:8d0a45af450fc806,Symbiosis International University,university,active,retained,retained,retained_after_registry_wide_review,,"No authoritative discrepancy identified by the name, type, alias, hierarchy, and duplicate-identity scans."
institution:926c0d427a18622b,Taif University,university,institution:926c0d427a18622b,Taif University,university,active,retained,retained,retained_after_registry_wide_review,,"No authoritative discrepancy identified by the name, type, alias, hierarchy, and duplicate-identity scans."
institution:66101d2ca048704e,Technische Universität Berlin,university,institution:66101d2ca048704e,Technische Universität Berlin,university,active,retained,retained,retained_after_registry_wide_review,,"No authoritative discrepancy identified by the name, type, alias, hierarchy, and duplicate-identity scans."
institution:f29a43c08a37e42f,Technical University of Darmstadt,university,institution:f29a43c08a37e42f,Technical University of Darmstadt,university,active,retained,retained,retained_after_registry_wide_review,,"No authoritative discrepancy identified by the name, type, alias, hierarchy, and duplicate-identity scans."
institution:7df4a1601453f806,Tel Aviv University,university,institution:7df4a1601453f806,Tel Aviv University,university,active,retained,retained,retained_after_registry_wide_review,,"No authoritative discrepancy identified by the name, type, alias, hierarchy, and duplicate-identity scans."
institution:5c5bb5ad830242f4,Texas Tech University,university,institution:5c5bb5ad830242f4,Texas Tech University,university,active,retained,retained,retained_after_registry_wide_review,,"No authoritative discrepancy identified by the name, type, alias, hierarchy, and duplicate-identity scans."
institution:9ed23c2db75b5eee,Tianjin University,university,institution:9ed23c2db75b5eee,Tianjin University,university,active,retained,retained,retained_after_registry_wide_review,,"No authoritative discrepancy identified by the name, type, alias, hierarchy, and duplicate-identity scans."
institution:3e0adb795a72cea8,Tianjin University of Technology,university,institution:3e0adb795a72cea8,Tianjin University of Technology,university,active,retained,retained,retained_after_registry_wide_review,,"No authoritative discrepancy identified by the name, type, alias, hierarchy, and duplicate-identity scans."
institution:5e520dd2cd0a49c8,Tilburg University,university,institution:5e520dd2cd0a49c8,Tilburg University,university,active,retained,retained,retained_after_registry_wide_review,,"No authoritative discrepancy identified by the name, type, alias, hierarchy, and duplicate-identity scans."
institution:ee1464b6cfe3e064,Tun Hussein Onn University of Malaysia,university,institution:ee1464b6cfe3e064,Tun Hussein Onn University of Malaysia,university,active,retained,retained,retained_after_registry_wide_review,,"No authoritative discrepancy identified by the name, type, alias, hierarchy, and duplicate-identity scans."
institution:424b7d284db388e3,Tunghai University,university,institution:424b7d284db388e3,Tunghai University,university,active,retained,retained,retained_after_registry_wide_review,,"No authoritative discrepancy identified by the name, type, alias, hierarchy, and duplicate-identity scans."
institution:b0f3614b042aab47,Universiti Malaysia Sarawak,university,institution:b0f3614b042aab47,Universiti Malaysia Sarawak,university,active,retained,retained,retained_after_registry_wide_review,,"No authoritative discrepancy identified by the name, type, alias, hierarchy, and duplicate-identity scans."
institution:a8ed28b9013a59e5,Universiti Putra Malaysia,university,institution:a8ed28b9013a59e5,Universiti Putra Malaysia,university,active,retained,retained,retained_after_registry_wide_review,,"No authoritative discrepancy identified by the name, type, alias, hierarchy, and duplicate-identity scans."
institution:c121cd267550901f,"University at Albany, State University of New York",university,institution:c121cd267550901f,"University at Albany, State University of New York",university,active,retained,retained,retained_after_registry_wide_review,,"No authoritative discrepancy identified by the name, type, alias, hierarchy, and duplicate-identity scans."
institution:2dd8e4fd2cb400d5,University of Aleppo,university,institution:2dd8e4fd2cb400d5,University of Aleppo,university,active,retained,retained,retained_after_registry_wide_review,,"No authoritative discrepancy identified by the name, type, alias, hierarchy, and duplicate-identity scans."
institution:4a22ca636b97fd7f,University of Applied Health Sciences,university,institution:4a22ca636b97fd7f,University of Applied Health Sciences,university,active,retained,retained,retained_after_registry_wide_review,,"No authoritative discrepancy identified by the name, type, alias, hierarchy, and duplicate-identity scans."
institution:85dd03b724084b02,University of Baltimore,university,institution:85dd03b724084b02,University of Baltimore,university,active,retained,retained,retained_after_registry_wide_review,,"No authoritative discrepancy identified by the name, type, alias, hierarchy, and duplicate-identity scans."
institution:17e63acd624ced9b,University of Cagliari,university,institution:17e63acd624ced9b,University of Cagliari,university,active,retained,retained,retained_after_registry_wide_review,,"No authoritative discrepancy identified by the name, type, alias, hierarchy, and duplicate-identity scans."
institution:ca4ec8b3c028069a,"University of California, Riverside",university,institution:ca4ec8b3c028069a,"University of California, Riverside",university,active,retained,retained,retained_after_registry_wide_review,,"No authoritative discrepancy identified by the name, type, alias, hierarchy, and duplicate-identity scans."
institution:de4a2849d3de43a3,"University of California, Santa Barbara",university,institution:de4a2849d3de43a3,"University of California, Santa Barbara",university,active,retained,retained,retained_after_registry_wide_review,,"No authoritative discrepancy identified by the name, type, alias, hierarchy, and duplicate-identity scans."
institution:e103bc7b785f96fd,University of Coimbra,university,institution:e103bc7b785f96fd,University of Coimbra,university,active,retained,retained,retained_after_registry_wide_review,,"No authoritative discrepancy identified by the name, type, alias, hierarchy, and duplicate-identity scans."
institution:5fc8d686887fa82a,University of Electronic Science and Technology of China,university,institution:5fc8d686887fa82a,University of Electronic Science and Technology of China,university,active,retained,retained,retained_after_registry_wide_review,,"No authoritative discrepancy identified by the name, type, alias, hierarchy, and duplicate-identity scans."
institution:6ffec4118fae194f,University of Engineering and Technology Taxila,university,institution:6ffec4118fae194f,University of Engineering and Technology Taxila,university,active,retained,retained,retained_after_registry_wide_review,,"No authoritative discrepancy identified by the name, type, alias, hierarchy, and duplicate-identity scans."
institution:191ab0ad911126ad,University of Hafr Al-Batin,university,institution:191ab0ad911126ad,University of Hafr Al-Batin,university,active,retained,retained,retained_after_registry_wide_review,,"No authoritative discrepancy identified by the name, type, alias, hierarchy, and duplicate-identity scans."
institution:a7f4bd547e079314,University of Indianapolis,university,institution:a7f4bd547e079314,University of Indianapolis,university,active,retained,retained,retained_after_registry_wide_review,,"No authoritative discrepancy identified by the name, type, alias, hierarchy, and duplicate-identity scans."
institution:4dc98405f4a72728,University of Jinan,university,institution:4dc98405f4a72728,University of Jinan,university,active,retained,retained,retained_after_registry_wide_review,,"No authoritative discrepancy identified by the name, type, alias, hierarchy, and duplicate-identity scans."
institution:882d9509a9483333,University of Kerala,university,institution:882d9509a9483333,University of Kerala,university,active,retained,retained,retained_after_registry_wide_review,,"No authoritative discrepancy identified by the name, type, alias, hierarchy, and duplicate-identity scans."
institution:6897907a26009a77,University of Liverpool,university,institution:6897907a26009a77,University of Liverpool,university,active,retained,retained,retained_after_registry_wide_review,,"No authoritative discrepancy identified by the name, type, alias, hierarchy, and duplicate-identity scans."
institution:4f857a16fa2b6772,University of Malta,university,institution:4f857a16fa2b6772,University of Malta,university,active,retained,retained,retained_after_registry_wide_review,,"No authoritative discrepancy identified by the name, type, alias, hierarchy, and duplicate-identity scans."
institution:76f485d9ab6917e6,University of Management and Technology,university,institution:76f485d9ab6917e6,University of Management and Technology,university,active,retained,retained,retained_after_registry_wide_review,,"No authoritative discrepancy identified by the name, type, alias, hierarchy, and duplicate-identity scans."
institution:e65ac91b19314310,University of Maribor,university,institution:e65ac91b19314310,University of Maribor,university,active,retained,retained,retained_after_registry_wide_review,,"No authoritative discrepancy identified by the name, type, alias, hierarchy, and duplicate-identity scans."
institution:bc735f3cccb71688,"University of Maryland, College Park",university,institution:bc735f3cccb71688,"University of Maryland, College Park",university,active,retained,retained,retained_after_registry_wide_review,,"No authoritative discrepancy identified by the name, type, alias, hierarchy, and duplicate-identity scans."
institution:d4c5c00e6ef405e5,University of Michigan–Flint,university,institution:d4c5c00e6ef405e5,University of Michigan–Flint,university,active,retained,retained,retained_after_registry_wide_review,,"No authoritative discrepancy identified by the name, type, alias, hierarchy, and duplicate-identity scans."
institution:cd743b4a401f4611,University of Mumbai,university,institution:cd743b4a401f4611,University of Mumbai,university,active,retained,retained,retained_after_registry_wide_review,,"No authoritative discrepancy identified by the name, type, alias, hierarchy, and duplicate-identity scans."
institution:f3cfc9b602d85010,University of North Texas,university,institution:f3cfc9b602d85010,University of North Texas,university,active,retained,retained,retained_after_registry_wide_review,,"No authoritative discrepancy identified by the name, type, alias, hierarchy, and duplicate-identity scans."
institution:ffcb560498d89d25,University of Oslo,university,institution:ffcb560498d89d25,University of Oslo,university,active,retained,retained,retained_after_registry_wide_review,,"No authoritative discrepancy identified by the name, type, alias, hierarchy, and duplicate-identity scans."
institution:ac88e2afb065388b,University of Padua,university,institution:ac88e2afb065388b,University of Padua,university,active,retained,retained,retained_after_registry_wide_review,,"No authoritative discrepancy identified by the name, type, alias, hierarchy, and duplicate-identity scans."
institution:018c503420feda75,University of Petroleum and Energy Studies,university,institution:018c503420feda75,University of Petroleum and Energy Studies,university,active,retained,retained,retained_after_registry_wide_review,,"No authoritative discrepancy identified by the name, type, alias, hierarchy, and duplicate-identity scans."
institution:d8380bce08742d96,University of Plymouth,university,institution:d8380bce08742d96,University of Plymouth,university,active,retained,retained,retained_after_registry_wide_review,,"No authoritative discrepancy identified by the name, type, alias, hierarchy, and duplicate-identity scans."
institution:e0847a88faaa305e,University of Portsmouth,university,institution:e0847a88faaa305e,University of Portsmouth,university,active,retained,retained,retained_after_registry_wide_review,,"No authoritative discrepancy identified by the name, type, alias, hierarchy, and duplicate-identity scans."
institution:85eee734d249f6b1,University of Rajshahi,university,institution:85eee734d249f6b1,University of Rajshahi,university,active,retained,retained,retained_after_registry_wide_review,,"No authoritative discrepancy identified by the name, type, alias, hierarchy, and duplicate-identity scans."
institution:cf0fbf994717bb60,University of Seoul,university,institution:cf0fbf994717bb60,University of Seoul,university,active,retained,retained,retained_after_registry_wide_review,,"No authoritative discrepancy identified by the name, type, alias, hierarchy, and duplicate-identity scans."
institution:8051e5f39b55dde4,University of South Wales,university,institution:8051e5f39b55dde4,University of South Wales,university,active,retained,retained,retained_after_registry_wide_review,,"No authoritative discrepancy identified by the name, type, alias, hierarchy, and duplicate-identity scans."
institution:c27ba6b4c07428cf,University of Southern Denmark,university,institution:c27ba6b4c07428cf,University of Southern Denmark,university,active,retained,retained,retained_after_registry_wide_review,,"No authoritative discrepancy identified by the name, type, alias, hierarchy, and duplicate-identity scans."
institution:b4361f45b61f9e1c,University of St. Thomas - Minnesota,university,institution:b4361f45b61f9e1c,University of St. Thomas - Minnesota,university,active,retained,retained,retained_after_registry_wide_review,,"No authoritative discrepancy identified by the name, type, alias, hierarchy, and duplicate-identity scans."
institution:f68896817b1b2d6b,University of Technology Sydney,university,institution:f68896817b1b2d6b,University of Technology Sydney,university,active,retained,retained,retained_after_registry_wide_review,,"No authoritative discrepancy identified by the name, type, alias, hierarchy, and duplicate-identity scans."
institution:9fa92db1d3d981f0,University of Vienna,university,institution:9fa92db1d3d981f0,University of Vienna,university,active,retained,retained,retained_after_registry_wide_review,,"No authoritative discrepancy identified by the name, type, alias, hierarchy, and duplicate-identity scans."
institution:4d3dd6848c184118,University of Warwick,university,institution:4d3dd6848c184118,University of Warwick,university,active,retained,retained,retained_after_registry_wide_review,,"No authoritative discrepancy identified by the name, type, alias, hierarchy, and duplicate-identity scans."
institution:32e3542f42f3fe45,University of Wollongong in Dubai,university,institution:32e3542f42f3fe45,University of Wollongong in Dubai,university,active,retained,retained,retained_after_registry_wide_review,,"No authoritative discrepancy identified by the name, type, alias, hierarchy, and duplicate-identity scans."
institution:88b6a237229e50a1,University of Žilina,university,institution:88b6a237229e50a1,University of Žilina,university,active,retained,retained,retained_after_registry_wide_review,,"No authoritative discrepancy identified by the name, type, alias, hierarchy, and duplicate-identity scans."
institution:eb0a1398c50d0281,University Paris-Est Créteil,university,institution:eb0a1398c50d0281,University Paris-Est Créteil,university,active,retained,retained,retained_after_registry_wide_review,,"No authoritative discrepancy identified by the name, type, alias, hierarchy, and duplicate-identity scans."
institution:c6f551ae664eb6a5,Victoria University of Wellington,university,institution:c6f551ae664eb6a5,Victoria University of Wellington,university,active,retained,retained,retained_after_registry_wide_review,,"No authoritative discrepancy identified by the name, type, alias, hierarchy, and duplicate-identity scans."
institution:78ca573d3b6c457c,VSB - Technical University of Ostrava,university,institution:78ca573d3b6c457c,VSB - Technical University of Ostrava,university,active,retained,retained,retained_after_registry_wide_review,,"No authoritative discrepancy identified by the name, type, alias, hierarchy, and duplicate-identity scans."
institution:bc1cdb126bafdc16,Washington State University,university,institution:bc1cdb126bafdc16,Washington State University,university,active,retained,retained,retained_after_registry_wide_review,,"No authoritative discrepancy identified by the name, type, alias, hierarchy, and duplicate-identity scans."
institution:69152a620553f03a,Wuhan Business University,university,institution:69152a620553f03a,Wuhan Business University,university,active,retained,retained,retained_after_registry_wide_review,,"No authoritative discrepancy identified by the name, type, alias, hierarchy, and duplicate-identity scans."
institution:cdde929ea128594e,Wuhan Institute of Technology,university,institution:cdde929ea128594e,Wuhan Institute of Technology,university,active,retained,retained,retained_after_registry_wide_review,,"No authoritative discrepancy identified by the name, type, alias, hierarchy, and duplicate-identity scans."
institution:9dcc9e0e62baaea9,Yulin Normal University,university,institution:9dcc9e0e62baaea9,Yulin Normal University,university,active,retained,retained,retained_after_registry_wide_review,,"No authoritative discrepancy identified by the name, type, alias, hierarchy, and duplicate-identity scans."
institution:fa59f7ae15be03cb,Zhejiang Sci-Tech University,university,institution:fa59f7ae15be03cb,Zhejiang Sci-Tech University,university,active,retained,retained,retained_after_registry_wide_review,,"No authoritative discrepancy identified by the name, type, alias, hierarchy, and duplicate-identity scans."
institution:5d8853c0a593d41c,Zhengzhou University of Science and Technology,university,institution:5d8853c0a593d41c,Zhengzhou University of Science and Technology,university,active,retained,retained,retained_after_registry_wide_review,,"No authoritative discrepancy identified by the name, type, alias, hierarchy, and duplicate-identity scans."
institution:a3a1d363318e4d61,Liaoning Normal University,university,institution:a3a1d363318e4d61,Liaoning Normal University,university,active,retained,retained,retained_after_registry_wide_review,,"No authoritative discrepancy identified by the name, type, alias, hierarchy, and duplicate-identity scans."
institution:052cc551c35dadab,Yunnan University of Finance and Economics,university,institution:052cc551c35dadab,Yunnan University of Finance and Economics,university,active,retained,retained,retained_after_registry_wide_review,,"No authoritative discrepancy identified by the name, type, alias, hierarchy, and duplicate-identity scans."
institution:1179ac01dd4eef1f,Jiangnan University,university,institution:1179ac01dd4eef1f,Jiangnan University,university,active,retained,retained,retained_after_registry_wide_review,,"No authoritative discrepancy identified by the name, type, alias, hierarchy, and duplicate-identity scans."
institution:da7c9e3c3edb12a5,Kunming University of Science and Technology,university,institution:da7c9e3c3edb12a5,Kunming University of Science and Technology,university,active,retained,retained,retained_after_registry_wide_review,,"No authoritative discrepancy identified by the name, type, alias, hierarchy, and duplicate-identity scans."
institution:481050d20cd6c722,University of Charleston,university,institution:481050d20cd6c722,University of Charleston,university,active,retained,retained,retained_after_registry_wide_review,,"No authoritative discrepancy identified by the name, type, alias, hierarchy, and duplicate-identity scans."
institution:9ffc21de60b360ff,University of Edinburgh,university,institution:9ffc21de60b360ff,University of Edinburgh,university,active,retained,retained,retained_after_registry_wide_review,,"No authoritative discrepancy identified by the name, type, alias, hierarchy, and duplicate-identity scans."
institution:01f9119bde93e8ef,Can Tho University,university,institution:01f9119bde93e8ef,Can Tho University,university,active,retained,retained,retained_after_registry_wide_review,,"No authoritative discrepancy identified by the name, type, alias, hierarchy, and duplicate-identity scans."
institution:948d79eac5f4fc81,Can Tho University of Technology,university,institution:948d79eac5f4fc81,Can Tho University of Technology,university,active,retained,retained,retained_after_registry_wide_review,,"No authoritative discrepancy identified by the name, type, alias, hierarchy, and duplicate-identity scans."
institution:caec9d0e5ab5010d,Shanghai University of Electric Power,university,institution:caec9d0e5ab5010d,Shanghai University of Electric Power,university,active,retained,retained,retained_after_registry_wide_review,,"No authoritative discrepancy identified by the name, type, alias, hierarchy, and duplicate-identity scans."
institution:64aa68d006c72586,Nanfang College Guangzhou,other,institution:64aa68d006c72586,"Nanfang College, Guangzhou",university,active,renamed,changed,official_source_confirmed,https://en.nfu.edu.cn/About/Overview.htm,Official English overview includes the comma in the institution name.
institution:d9bedf96789f3033,Jiaxing Vocational Technical College,other,institution:d9bedf96789f3033,Jiaxing Vocational and Technical College,university,active,renamed,changed,official_source_confirmed,https://www.jxvtc.edu.cn/,The institution's English name includes 'and'.
institution:23556881bce23bb9,Jiaxing Municipal Public Security Bureau,other,institution:23556881bce23bb9,Jiaxing Municipal Public Security Bureau,other,active,retained,retained,retained_after_registry_wide_review,,"No authoritative discrepancy identified by the name, type, alias, hierarchy, and duplicate-identity scans."
institution:5d6887482c098264,Binjiang Institute of Zhejiang University,university,institution:5d6887482c098264,Binjiang Institute of Zhejiang University,university,active,retained,retained,retained_after_registry_wide_review,,"No authoritative discrepancy identified by the name, type, alias, hierarchy, and duplicate-identity scans."
institution:3391e7c855fa0e6e,University of Shanghai for Science and Technology,university,institution:3391e7c855fa0e6e,University of Shanghai for Science and Technology,university,active,retained,retained,retained_after_registry_wide_review,,"No authoritative discrepancy identified by the name, type, alias, hierarchy, and duplicate-identity scans."
institution:bcd623204fe5d659,Bennett University,university,institution:bcd623204fe5d659,Bennett University,university,active,retained,retained,retained_after_registry_wide_review,,"No authoritative discrepancy identified by the name, type, alias, hierarchy, and duplicate-identity scans."
institution:cd887bf808040e61,Michigan State University,university,institution:cd887bf808040e61,Michigan State University,university,active,retained,retained,retained_after_registry_wide_review,,"No authoritative discrepancy identified by the name, type, alias, hierarchy, and duplicate-identity scans."
institution:ed6f1120aeb12d5c,University of North Carolina at Chapel Hill,university,institution:ed6f1120aeb12d5c,University of North Carolina at Chapel Hill,university,active,retained,retained,retained_after_registry_wide_review,,"No authoritative discrepancy identified by the name, type, alias, hierarchy, and duplicate-identity scans."
institution:7f558d88204cdf26,"CEC GienTech Technology Co., Ltd.",company,institution:7f558d88204cdf26,"CEC GienTech Technology Co., Ltd.",company,active,retained,retained,retained_after_registry_wide_review,,"No authoritative discrepancy identified by the name, type, alias, hierarchy, and duplicate-identity scans."
institution:61adfe1cfbad3b19,Academy of Broadcasting Science,other,institution:61adfe1cfbad3b19,Academy of Broadcasting Science,research_unit,active,retained,changed,official_or_authoritative_source_confirmed,https://www.nrta.gov.cn/,Public broadcasting-science academy rather than a degree-granting institution.
institution:b8e44ef51464a97c,Macao Polytechnic University,university,institution:b8e44ef51464a97c,Macao Polytechnic University,university,active,retained,retained,retained_after_registry_wide_review,,"No authoritative discrepancy identified by the name, type, alias, hierarchy, and duplicate-identity scans."
institution:95626cb146b52080,"DeepFuture Technology (Hengqin, Guangdong) Co., Ltd.",company,institution:95626cb146b52080,"DeepFuture Technology (Hengqin, Guangdong) Co., Ltd.",company,active,retained,retained,retained_after_registry_wide_review,,"No authoritative discrepancy identified by the name, type, alias, hierarchy, and duplicate-identity scans."
institution:88976ef4193e3a06,Beijing University of Civil Engineering and Architecture,university,institution:88976ef4193e3a06,Beijing University of Civil Engineering and Architecture,university,active,retained,retained,retained_after_registry_wide_review,,"No authoritative discrepancy identified by the name, type, alias, hierarchy, and duplicate-identity scans."
institution:19b5782d597636d9,University of International Relations,university,institution:19b5782d597636d9,University of International Relations,university,active,retained,retained,retained_after_registry_wide_review,,"No authoritative discrepancy identified by the name, type, alias, hierarchy, and duplicate-identity scans."
institution:815062efbb762258,University of New South Wales,university,institution:815062efbb762258,University of New South Wales,university,active,retained,retained,retained_after_registry_wide_review,,"No authoritative discrepancy identified by the name, type, alias, hierarchy, and duplicate-identity scans."
institution:2d64a600151c6a44,Technical University of Madrid,university,institution:2d64a600151c6a44,Technical University of Madrid,university,active,retained,retained,retained_after_registry_wide_review,,"No authoritative discrepancy identified by the name, type, alias, hierarchy, and duplicate-identity scans."
institution:48441fb89f75bf9d,People's Public Security University of China,university,institution:48441fb89f75bf9d,People's Public Security University of China,university,active,retained,retained,retained_after_registry_wide_review,,"No authoritative discrepancy identified by the name, type, alias, hierarchy, and duplicate-identity scans."
institution:6235ae2101dec1c1,Shanghai Customs University,university,institution:6235ae2101dec1c1,Shanghai Customs University,university,active,retained,retained,retained_after_registry_wide_review,,"No authoritative discrepancy identified by the name, type, alias, hierarchy, and duplicate-identity scans."
institution:806523d1aae41484,"University of Science, Viet Nam National University Ho Chi Minh City",university,institution:806523d1aae41484,"University of Science, Viet Nam National University Ho Chi Minh City",university,active,retained,retained,retained_after_registry_wide_review,,"No authoritative discrepancy identified by the name, type, alias, hierarchy, and duplicate-identity scans."
institution:f2c797b53862241e,Changsha Medical University,university,institution:f2c797b53862241e,Changsha Medical University,university,active,retained,retained,retained_after_registry_wide_review,,"No authoritative discrepancy identified by the name, type, alias, hierarchy, and duplicate-identity scans."
institution:94efe2a875dd4d0e,The University of British Columbia,university,institution:94efe2a875dd4d0e,The University of British Columbia,university,active,retained,retained,retained_after_registry_wide_review,,"No authoritative discrepancy identified by the name, type, alias, hierarchy, and duplicate-identity scans."
institution:a2c9ccf9659160de,Electronics and Telecommunications Research Institute,research_unit,institution:a2c9ccf9659160de,Electronics and Telecommunications Research Institute,research_unit,active,retained,retained,retained_after_registry_wide_review,,"No authoritative discrepancy identified by the name, type, alias, hierarchy, and duplicate-identity scans."
institution:4bff7ae080547794,TrueMedia,research_unit,institution:4bff7ae080547794,TrueMedia,research_unit,active,retained,retained,retained_after_registry_wide_review,,"No authoritative discrepancy identified by the name, type, alias, hierarchy, and duplicate-identity scans."
institution:198d7d8f4558c225,Jiaxing University,university,institution:198d7d8f4558c225,Jiaxing University,university,active,retained,retained,retained_after_registry_wide_review,,"No authoritative discrepancy identified by the name, type, alias, hierarchy, and duplicate-identity scans."
institution:2c6a3e642dd40a03,Shanghai Public Security Bureau,other,institution:2c6a3e642dd40a03,Shanghai Public Security Bureau,other,active,retained,retained,retained_after_registry_wide_review,,"No authoritative discrepancy identified by the name, type, alias, hierarchy, and duplicate-identity scans."
institution:2d606ab01d8cb4a4,Hengyang Academy of Agricultural Sciences,other,institution:2d606ab01d8cb4a4,Hengyang Academy of Agricultural Sciences,research_unit,active,retained,changed,official_or_authoritative_source_confirmed,https://www.hengyang.gov.cn/,Municipal agricultural research academy.
institution:29f3e76214681290,UNSW Sydney,other,institution:815062efbb762258,University of New South Wales,university,merged,merged_duplicate,merged_duplicate,official_source_confirmed_duplicate,https://www.unsw.edu.au/assurance-integrity/legal-compliance/access-to-information,UNSW Sydney is the operating name of the University of New South Wales.
institution:08e0b2dd5a6ea299,Suzhou Research Institute,research_unit,institution:08e0b2dd5a6ea299,Suzhou Research Institute,research_unit,active,retained,retained,retained_after_registry_wide_review,,"No authoritative discrepancy identified by the name, type, alias, hierarchy, and duplicate-identity scans."
institution:f0501582969408c8,Shanghai Customs College,other,institution:6235ae2101dec1c1,Shanghai Customs University,university,merged,merged_duplicate,merged_duplicate,official_source_confirmed_duplicate,https://www.shcc.edu.cn/,Shanghai Customs College is the former English name of Shanghai Customs University.
institution:48be4a3c2949fee3,Changsha University,university,institution:48be4a3c2949fee3,Changsha University,university,active,retained,retained,retained_after_registry_wide_review,,"No authoritative discrepancy identified by the name, type, alias, hierarchy, and duplicate-identity scans."
institution:2f4cdd3b31b9a5db,China Telecom,company,institution:2f4cdd3b31b9a5db,China Telecom,company,active,retained,retained,retained_after_registry_wide_review,,"No authoritative discrepancy identified by the name, type, alias, hierarchy, and duplicate-identity scans."
institution:cedf27014e59d7d9,"City University of Hong Kong, Shenzhen Research Institute",university,institution:cedf27014e59d7d9,"City University of Hong Kong, Shenzhen Research Institute",university,active,retained,retained,retained_after_registry_wide_review,,"No authoritative discrepancy identified by the name, type, alias, hierarchy, and duplicate-identity scans."
institution:7ecedd9572b7f6ba,China Academy of Information and Communications Technology,research_unit,institution:7ecedd9572b7f6ba,China Academy of Information and Communications Technology,research_unit,active,retained,retained,retained_after_registry_wide_review,,"No authoritative discrepancy identified by the name, type, alias, hierarchy, and duplicate-identity scans."
institution:753a256f592cb1fe,Data Assurance and Communication Security,research_unit,institution:753a256f592cb1fe,Data Assurance and Communication Security,research_unit,active,retained,retained,retained_after_registry_wide_review,,"No authoritative discrepancy identified by the name, type, alias, hierarchy, and duplicate-identity scans."
institution:ad93ddd1194b7b31,The Hebrew University of Jerusalem,university,institution:ad93ddd1194b7b31,The Hebrew University of Jerusalem,university,active,retained,retained,retained_after_registry_wide_review,,"No authoritative discrepancy identified by the name, type, alias, hierarchy, and duplicate-identity scans."
institution:cab25d5cf69f9936,Guangdong Technion-Israel Institute of Technology,university,institution:cab25d5cf69f9936,Guangdong Technion-Israel Institute of Technology,university,active,retained,retained,retained_after_registry_wide_review,,"No authoritative discrepancy identified by the name, type, alias, hierarchy, and duplicate-identity scans."
institution:ace1428e2323596a,University of Al-Qadisiyah,university,institution:ace1428e2323596a,University of Al-Qadisiyah,university,active,retained,retained,retained_after_registry_wide_review,,"No authoritative discrepancy identified by the name, type, alias, hierarchy, and duplicate-identity scans."
institution:584ce56aba1d421b,General Directorate of Education in Al-Qadisiyah Governorate,other,institution:584ce56aba1d421b,General Directorate of Education in Al-Qadisiyah Governorate,other,active,retained,retained,retained_after_registry_wide_review,,"No authoritative discrepancy identified by the name, type, alias, hierarchy, and duplicate-identity scans."
institution:4fb750575364983b,Guizhou University,university,institution:4fb750575364983b,Guizhou University,university,active,retained,retained,retained_after_registry_wide_review,,"No authoritative discrepancy identified by the name, type, alias, hierarchy, and duplicate-identity scans."
institution:905a9d3ec1d52c0b,Guizhou Minzu University,university,institution:905a9d3ec1d52c0b,Guizhou Minzu University,university,active,retained,retained,retained_after_registry_wide_review,,"No authoritative discrepancy identified by the name, type, alias, hierarchy, and duplicate-identity scans."
institution:24b3b4892146f8f3,Guizhou Police College,other,institution:24b3b4892146f8f3,Guizhou Police College,university,active,retained,changed,official_or_authoritative_source_confirmed,https://www.gzjgxy.cn/,Degree-granting police higher-education institution.
institution:0094b55826d7cf3e,HKU Shanghai Intelligent Computing Research Center,other,institution:0094b55826d7cf3e,HKU Shanghai Intelligent Computing Research Center,research_unit,active,retained,changed,official_or_authoritative_source_confirmed,https://www.hku.hk/,Named university-affiliated research center; retained separately for scientific attribution.
institution:fe6f0cc7c1924a6a,Hangzhou Institute for Advanced Study,other,institution:fe6f0cc7c1924a6a,Hangzhou Institute for Advanced Study,research_unit,active,retained,changed,official_or_authoritative_source_confirmed,https://english.ucas.ac.cn/,University-affiliated advanced-study research institute.
institution:34697ffbc06b8534,MEGVII Technology,company,institution:34697ffbc06b8534,MEGVII Technology,company,active,retained,retained,retained_after_registry_wide_review,,"No authoritative discrepancy identified by the name, type, alias, hierarchy, and duplicate-identity scans."
institution:8b4dcb3a02140b15,Henan University,university,institution:8b4dcb3a02140b15,Henan University,university,active,retained,retained,retained_after_registry_wide_review,,"No authoritative discrepancy identified by the name, type, alias, hierarchy, and duplicate-identity scans."
institution:bce986d0881eaaed,Polytechnic Institute of Turin,other,institution:bce986d0881eaaed,Polytechnic University of Turin,university,active,renamed,changed,official_source_confirmed,https://www.polito.it/en/privacy,The institution's official English privacy notice uses Polytechnic University of Turin.
institution:e75cc4bbe66bd6c8,WeChat AI,other,institution:99ad701067db0680,Tencent WeChat AI,company,merged,merged_duplicate,merged_duplicate,official_source_confirmed_duplicate,https://www.tencent.com/en-us/about.html,WeChat AI and Tencent WeChat AI identify the same corporate research organization; distinct office locations remain.
institution:6e9fae05d0f9bbc3,Center for Artificial Intelligence,research_unit,institution:6e9fae05d0f9bbc3,Center for Artificial Intelligence,research_unit,active,retained,retained,retained_after_registry_wide_review,,"No authoritative discrepancy identified by the name, type, alias, hierarchy, and duplicate-identity scans."
institution:a8472ecf227d6190,Beijing Electronic Science and Technology Institute,other,institution:a8472ecf227d6190,Beijing Electronic Science and Technology Institute,university,active,retained,changed,official_or_authoritative_source_confirmed,https://www.besti.edu.cn/,Degree-granting higher-education institute.
institution:0c402f0a171364b7,The State Information Center,other,institution:0c402f0a171364b7,The State Information Center,other,active,retained,retained,retained_after_registry_wide_review,,"No authoritative discrepancy identified by the name, type, alias, hierarchy, and duplicate-identity scans."
institution:4f497a7bcb962081,Xiangtan University,university,institution:4f497a7bcb962081,Xiangtan University,university,active,retained,retained,retained_after_registry_wide_review,,"No authoritative discrepancy identified by the name, type, alias, hierarchy, and duplicate-identity scans."
institution:da010bc29a5f87b0,China Aerospace Science and Technology Corporation,company,institution:da010bc29a5f87b0,China Aerospace Science and Technology Corporation,company,active,retained,retained,retained_after_registry_wide_review,,"No authoritative discrepancy identified by the name, type, alias, hierarchy, and duplicate-identity scans."
institution:a0c0138d9a974517,Xiaomi Corporation,company,institution:a0c0138d9a974517,Xiaomi Corporation,company,active,retained,retained,retained_after_registry_wide_review,,"No authoritative discrepancy identified by the name, type, alias, hierarchy, and duplicate-identity scans."
institution:0c014e2f36e84d1b,Indian Institute of Technology Mandi,university,institution:0c014e2f36e84d1b,Indian Institute of Technology Mandi,university,active,retained,retained,retained_after_registry_wide_review,,"No authoritative discrepancy identified by the name, type, alias, hierarchy, and duplicate-identity scans."
institution:2b6e51bec93e86c1,Google DeepMind,other,institution:2b6e51bec93e86c1,Google DeepMind,company,active,retained,changed,official_or_authoritative_source_confirmed,https://deepmind.google/about/,Google corporate AI research organization.
institution:ce832fad3d4de534,Fraunhofer Institute for Industrial Mathematics ITWM,research_unit,institution:ce832fad3d4de534,Fraunhofer Institute for Industrial Mathematics ITWM,research_unit,active,retained,retained,retained_after_registry_wide_review,,"No authoritative discrepancy identified by the name, type, alias, hierarchy, and duplicate-identity scans."
institution:b4e88842382d76c1,National Interuniversity Consortium for Informatics,other,institution:b4e88842382d76c1,National Interuniversity Consortium for Informatics,research_unit,active,retained,changed,official_or_authoritative_source_confirmed,https://www.consorzio-cini.it/index.php/en/about-us,Official site identifies an interuniversity research consortium.
institution:4bbe21fee76b02a9,Swiss federal Institute of Technology in Lausanne,university,institution:4bbe21fee76b02a9,Swiss federal Institute of Technology in Lausanne,university,active,retained,retained,retained_after_registry_wide_review,,"No authoritative discrepancy identified by the name, type, alias, hierarchy, and duplicate-identity scans."
institution:53765f8a62a101ca,Télécom Paris,other,institution:53765f8a62a101ca,Télécom Paris,university,active,retained,changed,official_or_authoritative_source_confirmed,https://www.telecom-paris.fr/en/school/open/core-mission,Official site identifies a higher-education grande école.
institution:f138c3615bfbd805,McGill University,university,institution:f138c3615bfbd805,McGill University,university,active,retained,retained,retained_after_registry_wide_review,,"No authoritative discrepancy identified by the name, type, alias, hierarchy, and duplicate-identity scans."
institution:e9687e710c08b33b,Mila - Quebec Artificial Intelligence Institute,other,institution:e9687e710c08b33b,Mila - Quebec Artificial Intelligence Institute,research_unit,active,retained,changed,official_or_authoritative_source_confirmed,https://mila.quebec/en/about/about-mila,Official site identifies a nonprofit AI research institute.
institution:7365674b49d794c0,Université de Montréal,university,institution:7365674b49d794c0,Université de Montréal,university,active,retained,retained,retained_after_registry_wide_review,,"No authoritative discrepancy identified by the name, type, alias, hierarchy, and duplicate-identity scans."
institution:a4967ac8ddffe56e,Institute for Data Valorization,other,institution:a4967ac8ddffe56e,Institute for Data Valorization,research_unit,active,retained,changed,official_or_authoritative_source_confirmed,https://ivado.ca/en/2021/07/06/executive-and-governance-appointments/,Official material identifies the Institute for Data Valorization.
institution:85454e059db548bc,The University of Western Australia,university,institution:85454e059db548bc,The University of Western Australia,university,active,retained,retained,retained_after_registry_wide_review,,"No authoritative discrepancy identified by the name, type, alias, hierarchy, and duplicate-identity scans."
institution:44fbaa4433d00f61,Institute of Informatics and Telematics of the National Research Council of Italy,research_unit,institution:44fbaa4433d00f61,Institute of Informatics and Telematics of the National Research Council of Italy,research_unit,active,retained,retained,retained_after_registry_wide_review,,"No authoritative discrepancy identified by the name, type, alias, hierarchy, and duplicate-identity scans."
institution:ef0812aa48e97be6,Reichman University,university,institution:ef0812aa48e97be6,Reichman University,university,active,retained,retained,retained_after_registry_wide_review,,"No authoritative discrepancy identified by the name, type, alias, hierarchy, and duplicate-identity scans."
institution:995961c53e221f07,Centre Borelli,other,institution:995961c53e221f07,Centre Borelli,research_unit,active,retained,changed,official_or_authoritative_source_confirmed,https://centreborelli.ens-paris-saclay.fr/en,University-affiliated research center.
institution:e24529de73ecaa2c,Agence France-Presse,other,institution:e24529de73ecaa2c,Agence France-Presse,other,active,retained,retained,retained_after_registry_wide_review,,"No authoritative discrepancy identified by the name, type, alias, hierarchy, and duplicate-identity scans."
institution:212d8dcc1a46b96e,ENS Paris-Saclay,other,institution:212d8dcc1a46b96e,ENS Paris-Saclay,university,active,retained,changed,official_or_authoritative_source_confirmed,https://ens-paris-saclay.fr/en/studying-ens-paris-saclay,Official site documents higher-education degrees.
institution:8d4321d936320802,NVIDIA,company,institution:8d4321d936320802,NVIDIA,company,active,retained,retained,retained_after_registry_wide_review,,"No authoritative discrepancy identified by the name, type, alias, hierarchy, and duplicate-identity scans."
institution:9a733d8202685d10,Shri Ramdeobaba College of Engineering & Management,other,institution:9a733d8202685d10,Ramdeobaba University,university,active,renamed,changed,official_source_confirmed,https://rbunagpur.in/overview/,The official university overview states that the former college is now Ramdeobaba University.
institution:6d5510a695d0a614,NAVER,company,institution:6d5510a695d0a614,NAVER,company,active,retained,retained,retained_after_registry_wide_review,,"No authoritative discrepancy identified by the name, type, alias, hierarchy, and duplicate-identity scans."
institution:e803ae4c1872dfa7,LINE Plus,other,institution:e803ae4c1872dfa7,LINE Plus,company,active,retained,changed,official_or_authoritative_source_confirmed,https://www.linepluscorp.com/ko/company/info/,Official corporate information identifies LINE Plus Corporation.
institution:c13e2f4a44bb01ed,Samsung SDS,company,institution:c13e2f4a44bb01ed,Samsung SDS,company,active,retained,retained,retained_after_registry_wide_review,,"No authoritative discrepancy identified by the name, type, alias, hierarchy, and duplicate-identity scans."
institution:96c75ff3447d87bb,Saintgits College of Engineering,other,institution:96c75ff3447d87bb,Saintgits College of Engineering,university,active,retained,changed,official_or_authoritative_source_confirmed,https://saintgits.org/saintgits-college-of-engineering/,Official site documents an autonomous degree-granting engineering college.
institution:c33f0550d2263d47,Great Bay University,university,institution:c33f0550d2263d47,Great Bay University,university,active,retained,retained,retained_after_registry_wide_review,,"No authoritative discrepancy identified by the name, type, alias, hierarchy, and duplicate-identity scans."
institution:5bca0447cd36c94e,Scam AI,other,institution:5bca0447cd36c94e,Scam AI,other,active,retained,retained,retained_after_registry_wide_review,,"No authoritative discrepancy identified by the name, type, alias, hierarchy, and duplicate-identity scans."
institution:97a78e53265fe882,Washington University in St. Louis,other,institution:97a78e53265fe882,Washington University in St. Louis,university,active,retained,changed,official_or_authoritative_source_confirmed,https://wustl.edu/about/,Official university site.
institution:e808c43481f24251,Novosibirsk State Technical University,university,institution:e808c43481f24251,Novosibirsk State Technical University,university,active,retained,retained,retained_after_registry_wide_review,,"No authoritative discrepancy identified by the name, type, alias, hierarchy, and duplicate-identity scans."
institution:74f77276f63e1208,North China University of Technology,university,institution:74f77276f63e1208,North China University of Technology,university,active,retained,retained,retained_after_registry_wide_review,,"No authoritative discrepancy identified by the name, type, alias, hierarchy, and duplicate-identity scans."
institution:17922857a5febbe8,Hebei Institute of Communications,other,institution:17922857a5febbe8,Hebei Institute of Communications,university,active,retained,changed,official_or_authoritative_source_confirmed,https://www.hebic.edu.cn/index.html,Official site identifies a degree-granting higher-education institute.
institution:a7afa880cf905469,Mannheim University of Applied Sciences,university,institution:a7afa880cf905469,Technical University of Applied Sciences Mannheim,university,active,renamed,retained,official_source_confirmed,https://www.english.hs-mannheim.de/the-university/about-hochschule-mannheim.html,The official English university page identifies Hochschule Mannheim by this name.
institution:369f8175eaa84de6,University of Exeter,university,institution:369f8175eaa84de6,University of Exeter,university,active,retained,retained,retained_after_registry_wide_review,,"No authoritative discrepancy identified by the name, type, alias, hierarchy, and duplicate-identity scans."
institution:9a7670ce91c30b4d,Northwestern University,university,institution:9a7670ce91c30b4d,Northwestern University,university,active,retained,retained,retained_after_registry_wide_review,,"No authoritative discrepancy identified by the name, type, alias, hierarchy, and duplicate-identity scans."
institution:ba1c566a4bad288c,WITNESS,other,institution:ba1c566a4bad288c,WITNESS,other,active,retained,retained,retained_after_registry_wide_review,,"No authoritative discrepancy identified by the name, type, alias, hierarchy, and duplicate-identity scans."
institution:9fbf261b62c1d7c0,Microsoft,company,institution:9fbf261b62c1d7c0,Microsoft,company,active,retained,retained,retained_after_registry_wide_review,,"No authoritative discrepancy identified by the name, type, alias, hierarchy, and duplicate-identity scans."
institution:1f4217b90babf040,Indian Institute of Science,other,institution:1f4217b90babf040,Indian Institute of Science,university,active,retained,changed,official_or_authoritative_source_confirmed,https://www.iisc.ac.in/admissions/programmes/,Official site documents degree programs.
institution:e3ce9cc5efa9354c,Hugging Face,other,institution:e3ce9cc5efa9354c,Hugging Face,company,active,retained,changed,official_or_authoritative_source_confirmed,https://huggingface.co/huggingface,Official company profile and commercial enterprise services.
institution:e6c54491eaf447b6,Shanghai Second Polytechnic University,university,institution:e6c54491eaf447b6,Shanghai Second Polytechnic University,university,active,retained,retained,retained_after_registry_wide_review,,"No authoritative discrepancy identified by the name, type, alias, hierarchy, and duplicate-identity scans."
institution:502b0f4ec4bc4546,"Origin Quantum Computing Technology (Hefei) Co., Ltd.",company,institution:502b0f4ec4bc4546,"Origin Quantum Computing Technology (Hefei) Co., Ltd.",company,active,retained,retained,retained_after_registry_wide_review,,"No authoritative discrepancy identified by the name, type, alias, hierarchy, and duplicate-identity scans."
institution:bbbd3e4c853af6c2,Technical University of Applied Sciences Mannheim,other,institution:a7afa880cf905469,Technical University of Applied Sciences Mannheim,university,merged,merged_duplicate,merged_duplicate,official_source_confirmed_duplicate,https://www.english.hs-mannheim.de/the-university/about-hochschule-mannheim.html,"Same university; the official German and English names are aliases, not separate entities."
institution:625c15ca1b398899,Hebei University,university,institution:625c15ca1b398899,Hebei University,university,active,retained,retained,retained_after_registry_wide_review,,"No authoritative discrepancy identified by the name, type, alias, hierarchy, and duplicate-identity scans."
institution:3fca37dd4c8d3e60,China Mobile (China),other,institution:3fca37dd4c8d3e60,China Mobile,company,active,renamed,changed,official_source_confirmed,https://www.chinamobileltd.com/en/about/overview.php,Official English corporate materials use China Mobile without a country qualifier.
institution:3e0249855cebf527,"China Mobile Communications Group Beijing Co., Ltd.",company,institution:3e0249855cebf527,"China Mobile Communications Group Beijing Co., Ltd.",company,active,retained,retained,retained_after_registry_wide_review,,"No authoritative discrepancy identified by the name, type, alias, hierarchy, and duplicate-identity scans."
institution:cdedd18207a1eeb2,Amrita Vishwa Vidyapeetham,other,institution:cdedd18207a1eeb2,Amrita Vishwa Vidyapeetham,university,active,retained,changed,official_or_authoritative_source_confirmed,https://www.amrita.edu/about/,Official site explicitly identifies a private university.
institution:ea16e0a7b9bd2e5e,Computer Research Institute of Montreal,research_unit,institution:ea16e0a7b9bd2e5e,Computer Research Institute of Montreal,research_unit,active,retained,retained,retained_after_registry_wide_review,,"No authoritative discrepancy identified by the name, type, alias, hierarchy, and duplicate-identity scans."
institution:e58a37a2924e1779,Torrens University Australia,other,institution:e58a37a2924e1779,Torrens University Australia,university,active,retained,changed,official_or_authoritative_source_confirmed,https://www.torrens.edu.au/about,Official site identifies an Australian university.
institution:4e0158a865182393,Bank of Italy,other,institution:4e0158a865182393,Bank of Italy,other,active,retained,retained,retained_after_registry_wide_review,,"No authoritative discrepancy identified by the name, type, alias, hierarchy, and duplicate-identity scans."
institution:4fd673972df51513,San Jose State University,university,institution:4fd673972df51513,San Jose State University,university,active,retained,retained,retained_after_registry_wide_review,,"No authoritative discrepancy identified by the name, type, alias, hierarchy, and duplicate-identity scans."
institution:aa542458d996a5d3,Tencent Inc.,company,institution:aa542458d996a5d3,Tencent Inc.,company,active,retained,retained,retained_after_registry_wide_review,,"No authoritative discrepancy identified by the name, type, alias, hierarchy, and duplicate-identity scans."
institution:f1a54130f4c752b7,Hikvision,other,institution:f1a54130f4c752b7,Hikvision,company,active,retained,changed,official_or_authoritative_source_confirmed,https://www.hikvision.com/en/about-us/company-profile/,Official company profile.
institution:98477d1f6f6b24f5,HiDream.ai,other,institution:98477d1f6f6b24f5,HiDream.ai,company,active,retained,changed,official_or_authoritative_source_confirmed,https://hidream.ai/,Official commercial AI organization site.
institution:3103fb7db9011c4c,LG AI Research,other,institution:3103fb7db9011c4c,LG AI Research,company,active,retained,changed,official_or_authoritative_source_confirmed,https://www.lgresearch.ai/news/view?seq=97,Official announcement identifies LG AI Research as LG's corporate AI organization.
institution:7bc70559aeb421fa,LG (South Korea),other,institution:7bc70559aeb421fa,LG (South Korea),company,active,retained,changed,official_or_authoritative_source_confirmed,https://www.lg.com/global/about-lg/,Official LG corporate site.
institution:0e7c1c133a9525be,University of Illinois Chicago,university,institution:0e7c1c133a9525be,University of Illinois Chicago,university,active,retained,retained,retained_after_registry_wide_review,,"No authoritative discrepancy identified by the name, type, alias, hierarchy, and duplicate-identity scans."
institution:3258076c1e752ff2,TU Wien,other,institution:3258076c1e752ff2,TU Wien,university,active,retained,changed,official_or_authoritative_source_confirmed,https://www.tuwien.at/en/tu-wien/about-tu-wien,Official university site.
institution:d526409d3c10f4a6,Reagvis Labs Pvt. Ltd.,company,institution:d526409d3c10f4a6,Reagvis Labs Pvt. Ltd.,company,active,retained,retained,retained_after_registry_wide_review,,"No authoritative discrepancy identified by the name, type, alias, hierarchy, and duplicate-identity scans."
institution:ff15b5517923279a,Vietnam National University,university,institution:ff15b5517923279a,Vietnam National University,university,active,retained,retained,retained_after_registry_wide_review,,"No authoritative discrepancy identified by the name, type, alias, hierarchy, and duplicate-identity scans."
institution:4c6b8eaa9cee97d7,Indiana University,university,institution:4c6b8eaa9cee97d7,Indiana University,university,active,retained,retained,retained_after_registry_wide_review,,"No authoritative discrepancy identified by the name, type, alias, hierarchy, and duplicate-identity scans."
institution:bcff30a7f8b18e0a,"Upper Hand, Inc.",company,institution:bcff30a7f8b18e0a,"Upper Hand, Inc.",company,active,retained,retained,retained_after_registry_wide_review,,"No authoritative discrepancy identified by the name, type, alias, hierarchy, and duplicate-identity scans."
institution:e3c54da54efe6e7e,"ACE Rent A Car Reservations, Inc.",company,institution:e3c54da54efe6e7e,"ACE Rent A Car Reservations, Inc.",company,active,retained,retained,retained_after_registry_wide_review,,"No authoritative discrepancy identified by the name, type, alias, hierarchy, and duplicate-identity scans."
institution:885fab7ed0f92891,Zhengzhou University,university,institution:885fab7ed0f92891,Zhengzhou University,university,active,retained,retained,retained_after_registry_wide_review,,"No authoritative discrepancy identified by the name, type, alias, hierarchy, and duplicate-identity scans."
institution:807ee51b6afcf8f2,Institute of Artificial Intelligence,other,institution:807ee51b6afcf8f2,Institute of Artificial Intelligence,other,active,retained,retained,insufficient_authoritative_evidence,,Institute of Artificial Intelligence: name is too generic to identify an authoritative legal/research entity; retained as other.
institution:f13bfb2d3e774fb3,iCTLab s.r.l.,company,institution:f13bfb2d3e774fb3,iCTLab s.r.l.,company,active,retained,retained,retained_after_registry_wide_review,,"No authoritative discrepancy identified by the name, type, alias, hierarchy, and duplicate-identity scans."
institution:ff687d6367c7c51d,Amped Software,company,institution:ff687d6367c7c51d,Amped Software,company,active,retained,retained,retained_after_registry_wide_review,,"No authoritative discrepancy identified by the name, type, alias, hierarchy, and duplicate-identity scans."
institution:e07792f5cf49ebda,Naval Air Warfare Center Weapons Division,research_unit,institution:e07792f5cf49ebda,Naval Air Warfare Center Weapons Division,research_unit,active,retained,retained,retained_after_registry_wide_review,,"No authoritative discrepancy identified by the name, type, alias, hierarchy, and duplicate-identity scans."
institution:44469d661cb0034c,JD.com,company,institution:44469d661cb0034c,JD.com,company,active,retained,retained,retained_after_registry_wide_review,,"No authoritative discrepancy identified by the name, type, alias, hierarchy, and duplicate-identity scans."
institution:2f2a5a5c1021efe4,Huya Inc.,company,institution:2f2a5a5c1021efe4,Huya Inc.,company,active,retained,retained,retained_after_registry_wide_review,,"No authoritative discrepancy identified by the name, type, alias, hierarchy, and duplicate-identity scans."
institution:4fa8181033939648,SR University,university,institution:4fa8181033939648,SR University,university,active,retained,retained,retained_after_registry_wide_review,,"No authoritative discrepancy identified by the name, type, alias, hierarchy, and duplicate-identity scans."
institution:803f64e5aa26f523,Graphic Era Hill University,university,institution:803f64e5aa26f523,Graphic Era Hill University,university,active,retained,retained,retained_after_registry_wide_review,,"No authoritative discrepancy identified by the name, type, alias, hierarchy, and duplicate-identity scans."
institution:c3061238f228884c,University of Oulu,university,institution:c3061238f228884c,University of Oulu,university,active,retained,retained,retained_after_registry_wide_review,,"No authoritative discrepancy identified by the name, type, alias, hierarchy, and duplicate-identity scans."
institution:9b835b614adb1b57,Hindusthan Institute of Technology,university,institution:9b835b614adb1b57,Hindusthan Institute of Technology,university,active,retained,retained,retained_after_registry_wide_review,,"No authoritative discrepancy identified by the name, type, alias, hierarchy, and duplicate-identity scans."
institution:96dd3389141fcf35,"Department of Technical Education, Uttar Pradesh",other,institution:96dd3389141fcf35,"Department of Technical Education, Uttar Pradesh",other,active,retained,retained,retained_after_registry_wide_review,,"No authoritative discrepancy identified by the name, type, alias, hierarchy, and duplicate-identity scans."
institution:1f939a5a9221dfb6,"Beijing IrisKing Co., Ltd.",company,institution:1f939a5a9221dfb6,"Beijing IrisKing Co., Ltd.",company,active,retained,retained,retained_after_registry_wide_review,,"No authoritative discrepancy identified by the name, type, alias, hierarchy, and duplicate-identity scans."
institution:866f00322aa693b8,Griffith University,university,institution:866f00322aa693b8,Griffith University,university,active,retained,retained,retained_after_registry_wide_review,,"No authoritative discrepancy identified by the name, type, alias, hierarchy, and duplicate-identity scans."
institution:845768c6b2d48f68,Kumoh National Institute of Technology,university,institution:845768c6b2d48f68,Kumoh National Institute of Technology,university,active,retained,retained,retained_after_registry_wide_review,,"No authoritative discrepancy identified by the name, type, alias, hierarchy, and duplicate-identity scans."
institution:6ed8b18e4c077bfc,Ho Chi Minh City University of Technology (HUTECH),university,institution:6ed8b18e4c077bfc,Ho Chi Minh City University of Technology (HUTECH),university,active,retained,retained,retained_after_registry_wide_review,,"No authoritative discrepancy identified by the name, type, alias, hierarchy, and duplicate-identity scans."
institution:70691539bab41121,Pusan National University,university,institution:70691539bab41121,Pusan National University,university,active,retained,retained,retained_after_registry_wide_review,,"No authoritative discrepancy identified by the name, type, alias, hierarchy, and duplicate-identity scans."
institution:ac2070f8a298bac2,Fraunhofer IOSB,research_unit,institution:ac2070f8a298bac2,Fraunhofer IOSB,research_unit,active,retained,retained,retained_after_registry_wide_review,,"No authoritative discrepancy identified by the name, type, alias, hierarchy, and duplicate-identity scans."
institution:9a7735d85c857b40,Federal Office for Information Security,other,institution:9a7735d85c857b40,Federal Office for Information Security,other,active,retained,retained,retained_after_registry_wide_review,,"No authoritative discrepancy identified by the name, type, alias, hierarchy, and duplicate-identity scans."
institution:b77fd041ca0a61be,Fraunhofer Center for Machine Learning,research_unit,institution:b77fd041ca0a61be,Fraunhofer Center for Machine Learning,research_unit,active,retained,retained,retained_after_registry_wide_review,,"No authoritative discrepancy identified by the name, type, alias, hierarchy, and duplicate-identity scans."
institution:7c524d46ad18eab1,Guangdong Key Laboratory of Information Security Technology,other,institution:7c524d46ad18eab1,Guangdong Key Laboratory of Information Security Technology,research_unit,active,retained,changed,official_or_authoritative_source_confirmed,https://openaccess.thecvf.com/content/CVPR2026/papers/Li_Detecting_Compressed_AI-Generated_Images_via_Phase_Spectrum_Robustness_CVPR_2026_paper.pdf,Paper affiliation and institutional context identify a research laboratory.
institution:28d73eced8e30027,Shenzhen Key Laboratory of Adversarial Artificial Intelligence,other,institution:28d73eced8e30027,Shenzhen Key Laboratory of Adversarial Artificial Intelligence,research_unit,active,retained,changed,official_or_authoritative_source_confirmed,https://openaccess.thecvf.com/content/CVPR2026/papers/Li_Detecting_Compressed_AI-Generated_Images_via_Phase_Spectrum_Robustness_CVPR_2026_paper.pdf,Paper affiliation and institutional context identify a research laboratory.
institution:99ad701067db0680,Tencent WeChat AI,company,institution:99ad701067db0680,Tencent WeChat AI,company,active,retained,retained,retained_after_registry_wide_review,,"No authoritative discrepancy identified by the name, type, alias, hierarchy, and duplicate-identity scans."
institution:c8f057a432754e98,"Jinan Inspur Data Technology Co., Ltd.",company,institution:c8f057a432754e98,"Jinan Inspur Data Technology Co., Ltd.",company,active,retained,retained,retained_after_registry_wide_review,,"No authoritative discrepancy identified by the name, type, alias, hierarchy, and duplicate-identity scans."
institution:13bd816e4b457f40,Visual Intellgence +X International Cooperation Joint Laboratory of MOE,other,institution:13bd816e4b457f40,Visual Intelligence +X International Cooperation Joint Laboratory of MOE,research_unit,active,renamed,changed,official_source_confirmed,https://pubmed.ncbi.nlm.nih.gov/42401174/,Authoritative publication metadata confirms the spelling 'Intelligence'; the old canonical contained a typo.
institution:5839630406e565cf,Truesight Technology Co. Ltd,company,institution:5839630406e565cf,Truesight Technology Co. Ltd,company,active,retained,retained,retained_after_registry_wide_review,,"No authoritative discrepancy identified by the name, type, alias, hierarchy, and duplicate-identity scans."
institution:ac123e56b0168ec2,Sakana AI,other,institution:ac123e56b0168ec2,Sakana AI,company,active,retained,changed,official_or_authoritative_source_confirmed,https://sakana.ai/company-info/,Official corporate information.
institution:eed925f6c3049512,Charles Sturt University,university,institution:eed925f6c3049512,Charles Sturt University,university,active,retained,retained,retained_after_registry_wide_review,,"No authoritative discrepancy identified by the name, type, alias, hierarchy, and duplicate-identity scans."
institution:9a09450f0dd87db7,Baylor University,university,institution:9a09450f0dd87db7,Baylor University,university,active,retained,retained,retained_after_registry_wide_review,,"No authoritative discrepancy identified by the name, type, alias, hierarchy, and duplicate-identity scans."
institution:97cd630784a77fa2,University of Arkansas,university,institution:97cd630784a77fa2,University of Arkansas,university,active,retained,retained,retained_after_registry_wide_review,,"No authoritative discrepancy identified by the name, type, alias, hierarchy, and duplicate-identity scans."
institution:db8c104cf01b1e84,Southern Illinois University,university,institution:db8c104cf01b1e84,Southern Illinois University,university,active,retained,retained,retained_after_registry_wide_review,,"No authoritative discrepancy identified by the name, type, alias, hierarchy, and duplicate-identity scans."
institution:98173550d973ced0,"University of Information Technology, Viet Nam National University Ho Chi Minh City",university,institution:98173550d973ced0,"University of Information Technology, Viet Nam National University Ho Chi Minh City",university,active,retained,retained,retained_after_registry_wide_review,,"No authoritative discrepancy identified by the name, type, alias, hierarchy, and duplicate-identity scans."
institution:2219b61faae66c43,University of Dayton,university,institution:2219b61faae66c43,University of Dayton,university,active,retained,retained,retained_after_registry_wide_review,,"No authoritative discrepancy identified by the name, type, alias, hierarchy, and duplicate-identity scans."
institution:d327df7fd49c7ebb,Beijing Institute of Technology,university,institution:d327df7fd49c7ebb,Beijing Institute of Technology,university,active,retained,retained,retained_after_registry_wide_review,,"No authoritative discrepancy identified by the name, type, alias, hierarchy, and duplicate-identity scans."
institution:80be56bd7a068816,Secure Machines Lab Inc.,company,institution:80be56bd7a068816,Secure Machines Lab Inc.,company,active,retained,retained,retained_after_registry_wide_review,,"No authoritative discrepancy identified by the name, type, alias, hierarchy, and duplicate-identity scans."
institution:5fbc6e7421fa29f2,Kamala Nehru College,university,institution:5fbc6e7421fa29f2,Kamala Nehru College,university,active,retained,retained,retained_after_registry_wide_review,,"No authoritative discrepancy identified by the name, type, alias, hierarchy, and duplicate-identity scans."
institution:f58affe388469dfb,Guangdong University of Science and Technology,university,institution:f58affe388469dfb,Guangdong University of Science and Technology,university,active,retained,retained,retained_after_registry_wide_review,,"No authoritative discrepancy identified by the name, type, alias, hierarchy, and duplicate-identity scans."
institution:a0fc8fa9bd4685cb,G H Raisoni Institute of Engineering & Technology Nagpur,university,institution:a0fc8fa9bd4685cb,G H Raisoni Institute of Engineering & Technology Nagpur,university,active,retained,retained,retained_after_registry_wide_review,,"No authoritative discrepancy identified by the name, type, alias, hierarchy, and duplicate-identity scans."
institution:ecb4d2eeabc31027,"Saraswati College, Shegaon",other,institution:ecb4d2eeabc31027,"Saraswati College, Shegaon",university,active,retained,changed,official_or_authoritative_source_confirmed,https://saraswaticollege.edu.in/,Official site documents higher-education degree programs.
