<?xml version="1.0" encoding="UTF-8"?>
<osm version="0.6" generator="openstreetmap-cgimap 2.1.0 (1715024 spike-08.openstreetmap.org)" copyright="OpenStreetMap and contributors" attribution="http://www.openstreetmap.org/copyright" license="http://opendatacommons.org/licenses/odbl/1-0/">
 <bounds minlat="36.1410000" minlon="128.3860000" maxlat="36.1500000" maxlon="128.3970000"/>
 <node id="244666286" visible="true" version="2" changeset="91767371" timestamp="2020-09-30T12:22:50Z" user="Santurce" uid="11387716" lat="36.1495956" lon="128.3847012"/>
 <node id="368658271" visible="true" version="6" changeset="175097979" timestamp="2025-11-25T08:07:54Z" user="LuxuryCoop" uid="7245212" lat="36.1457409" lon="128.3938716">
  <tag k="amenity" v="library"/>
  <tag k="name" v="금오공과대학교 도서관"/>
  <tag k="name:en" v="Geumogonggwa University Library"/>
  <tag k="name:ko" v="금오공과대학교 도서관"/>
  <tag k="name:ko-Latn" v="Geumogonggwadaehakgyo Doseogwan"/>
 </node>
 <node id="1916534216" visible="true" version="3" changeset="106992710" timestamp="2021-06-26T07:09:05Z" user="Weathering" uid="12509199" lat="36.1394817" lon="128.3968061"/>
 <node id="1916534217" visible="true" version="2" changeset="106992710" timestamp="2021-06-26T07:09:05Z" user="Weathering" uid="12509199" lat="36.1395110" lon="128.3969300"/>
 <node id="1916534218" visible="true" version="2" changeset="106992710" timestamp="2021-06-26T07:09:05Z" user="Weathering" uid="12509199" lat="36.1397823" lon="128.3965548"/>
 <node id="1916534219" visible="true" version="2" changeset="106992710" timestamp="2021-06-26T07:09:05Z" user="Weathering" uid="12509199" lat="36.1398473" lon="128.3966722"/>
 <node id="1916534220" visible="true" version="2" changeset="106992710" timestamp="2021-06-26T07:09:05Z" user="Weathering" uid="12509199" lat="36.1401598" lon="128.3962588"/>
 <node id="1916534221" visible="true" version="2" changeset="106992710" timestamp="2021-06-26T07:09:05Z" user="Weathering" uid="12509199" lat="36.1402116" lon="128.3963539"/>
 <node id="1916534224" visible="true" version="2" changeset="106992710" timestamp="2021-06-26T07:09:05Z" user="Weathering" uid="12509199" lat="36.1407527" lon="128.3959303"/>
 <node id="1916534226" visible="true" version="2" changeset="106992710" timestamp="2021-06-26T07:09:05Z" user="Weathering" uid="12509199" lat="36.1412765" lon="128.3953445"/>
 <node id="1916534227" visible="true" version="2" changeset="106992710" timestamp="2021-06-26T07:09:05Z" user="Weathering" uid="12509199" lat="36.1415168" lon="128.3953192"/>
 <node id="1916534228" visible="true" version="2" changeset="128758566" timestamp="2022-11-11T04:28:07Z" user="케이7" uid="8120174" lat="36.1415658" lon="128.3946428"/>
 <node id="1916534229" visible="true" version="2" changeset="128758566" timestamp="2022-11-11T04:28:07Z" user="케이7" uid="8120174" lat="36.1416437" lon="128.3946073"/>
 <node id="1916534230" visible="true" version="2" changeset="128758566" timestamp="2022-11-11T04:28:07Z" user="케이7" uid="8120174" lat="36.1416623" lon="128.3956254"/>
 <node id="1916534231" visible="true" version="2" changeset="128758566" timestamp="2022-11-11T04:28:07Z" user="케이7" uid="8120174" lat="36.1416730" lon="128.3956861"/>
 <node id="1916534232" visible="true" version="2" changeset="128758566" timestamp="2022-11-11T04:28:07Z" user="케이7" uid="8120174" lat="36.1416792" lon="128.3955723"/>
 <node id="1916534233" visible="true" version="2" changeset="128758566" timestamp="2022-11-11T04:28:07Z" user="케이7" uid="8120174" lat="36.1417188" lon="128.3948483"/>
 <node id="1916534234" visible="true" version="2" changeset="128758566" timestamp="2022-11-11T04:28:07Z" user="케이7" uid="8120174" lat="36.1417083" lon="128.3957621"/>
 <node id="1916534235" visible="true" version="2" changeset="128758566" timestamp="2022-11-11T04:28:07Z" user="케이7" uid="8120174" lat="36.1417297" lon="128.3955116"/>
 <node id="1916534236" visible="true" version="2" changeset="128758566" timestamp="2022-11-11T04:28:07Z" user="케이7" uid="8120174" lat="36.1417435" lon="128.3958531"/>
 <node id="1916534237" visible="true" version="2" changeset="128758566" timestamp="2022-11-11T04:28:07Z" user="케이7" uid="8120174" lat="36.1417472" lon="128.3944415"/>
 <node id="1916534238" visible="true" version="2" changeset="128758566" timestamp="2022-11-11T04:28:07Z" user="케이7" uid="8120174" lat="36.1417510" lon="128.3947572"/>
 <node id="1916534239" visible="true" version="3" changeset="128758566" timestamp="2022-11-11T04:28:07Z" user="케이7" uid="8120174" lat="36.1416408" lon="128.3950573"/>
 <node id="1916534240" visible="true" version="2" changeset="128758566" timestamp="2022-11-11T04:28:07Z" user="케이7" uid="8120174" lat="36.1417880" lon="128.3954660"/>
 <node id="1916534241" visible="true" version="2" changeset="128758566" timestamp="2022-11-11T04:28:07Z" user="케이7" uid="8120174" lat="36.1417987" lon="128.3959727"/>
 <node id="1916534242" visible="true" version="3" changeset="128758566" timestamp="2022-11-11T04:28:07Z" user="케이7" uid="8120174" lat="36.1418399" lon="128.3950470"/>
 <node id="1916534243" visible="true" version="2" changeset="128758566" timestamp="2022-11-11T04:28:07Z" user="케이7" uid="8120174" lat="36.1418431" lon="128.3954527"/>
 <node id="1916534244" visible="true" version="2" changeset="128758566" timestamp="2022-11-11T04:28:07Z" user="케이7" uid="8120174" lat="36.1418462" lon="128.3960391"/>
 <node id="1916534245" visible="true" version="2" changeset="128758566" timestamp="2022-11-11T04:28:07Z" user="케이7" uid="8120174" lat="36.1418507" lon="128.3942757"/>
 <node id="1916534246" visible="true" version="2" changeset="128758566" timestamp="2022-11-11T04:28:07Z" user="케이7" uid="8120174" lat="36.1418709" lon="128.3946507"/>
 <node id="1916534247" visible="true" version="2" changeset="128758566" timestamp="2022-11-11T04:28:07Z" user="케이7" uid="8120174" lat="36.1419044" lon="128.3954755"/>
 <node id="1916534248" visible="true" version="2" changeset="128758566" timestamp="2022-11-11T04:28:07Z" user="케이7" uid="8120174" lat="36.1419044" lon="128.3960790"/>
 <node id="1916534249" visible="true" version="2" changeset="128758566" timestamp="2022-11-11T04:28:07Z" user="케이7" uid="8120174" lat="36.1419565" lon="128.3960998"/>
 <node id="1916534251" visible="true" version="2" changeset="128758566" timestamp="2022-11-11T04:28:07Z" user="케이7" uid="8120174" lat="36.1419543" lon="128.3941100"/>
 <node id="1916534253" visible="true" version="2" changeset="128758566" timestamp="2022-11-11T04:28:07Z" user="케이7" uid="8120174" lat="36.1419642" lon="128.3955078"/>
 <node id="1916534254" visible="true" version="3" changeset="128758566" timestamp="2022-11-11T04:28:07Z" user="케이7" uid="8120174" lat="36.1419505" lon="128.3947872"/>
 <node id="1916534256" visible="true" version="2" changeset="128758566" timestamp="2022-11-11T04:28:07Z" user="케이7" uid="8120174" lat="36.1420102" lon="128.3961017"/>
 <node id="1916534258" visible="true" version="2" changeset="128758566" timestamp="2022-11-11T04:28:07Z" user="케이7" uid="8120174" lat="36.1420148" lon="128.3955059"/>
 <node id="1916534259" visible="true" version="2" changeset="128758566" timestamp="2022-11-11T04:28:07Z" user="케이7" uid="8120174" lat="36.1420047" lon="128.3945306"/>
 <node id="1916534261" visible="true" version="2" changeset="128758566" timestamp="2022-11-11T04:28:07Z" user="케이7" uid="8120174" lat="36.1420546" lon="128.3954774"/>
 <node id="1916534263" visible="true" version="2" changeset="128758566" timestamp="2022-11-11T04:28:07Z" user="케이7" uid="8120174" lat="36.1420565" lon="128.3939465"/>
 <node id="1916534264" visible="true" version="2" changeset="128758566" timestamp="2022-11-11T04:28:07Z" user="케이7" uid="8120174" lat="36.1420638" lon="128.3960866"/>
 <node id="1916534266" visible="true" version="2" changeset="128758566" timestamp="2022-11-11T04:28:07Z" user="케이7" uid="8120174" lat="36.1420945" lon="128.3954394"/>
 <node id="1916534267" visible="true" version="2" changeset="128758566" timestamp="2022-11-11T04:28:07Z" user="케이7" uid="8120174" lat="36.1421052" lon="128.3960524"/>
 <node id="1916534270" visible="true" version="2" changeset="128758566" timestamp="2022-11-11T04:28:07Z" user="케이7" uid="8120174" lat="36.1421144" lon="128.3953806"/>
 <node id="1916534271" visible="true" version="2" changeset="128758566" timestamp="2022-11-11T04:28:07Z" user="케이7" uid="8120174" lat="36.1421190" lon="128.3953085"/>
 <node id="1916534272" visible="true" version="2" changeset="128758566" timestamp="2022-11-11T04:28:07Z" user="케이7" uid="8120174" lat="36.1421236" lon="128.3952326"/>
 <node id="1916534273" visible="true" version="2" changeset="128758566" timestamp="2022-11-11T04:28:07Z" user="케이7" uid="8120174" lat="36.1421404" lon="128.3951681"/>
 <node id="1916534274" visible="true" version="2" changeset="128758566" timestamp="2022-11-11T04:28:07Z" user="케이7" uid="8120174" lat="36.1421466" lon="128.3960012"/>
 <node id="1916534275" visible="true" version="2" changeset="128758566" timestamp="2022-11-11T04:28:07Z" user="케이7" uid="8120174" lat="36.1421361" lon="128.3944182"/>
 <node id="1916534276" visible="true" version="2" changeset="128758566" timestamp="2022-11-11T04:28:07Z" user="케이7" uid="8120174" lat="36.1421665" lon="128.3951244"/>
 <node id="1916534277" visible="true" version="2" changeset="128758566" timestamp="2022-11-11T04:28:07Z" user="케이7" uid="8120174" lat="36.1421670" lon="128.3937696"/>
 <node id="1916534278" visible="true" version="2" changeset="128779766" timestamp="2022-11-11T14:27:38Z" user="케이7" uid="8120174" lat="36.1421190" lon="128.3938078"/>
 <node id="1916534279" visible="true" version="2" changeset="128758566" timestamp="2022-11-11T04:28:07Z" user="케이7" uid="8120174" lat="36.1421971" lon="128.3959177"/>
 <node id="1916534280" visible="true" version="2" changeset="128758566" timestamp="2022-11-11T04:28:07Z" user="케이7" uid="8120174" lat="36.1422233" lon="128.3936974"/>
 <node id="1916534281" visible="true" version="2" changeset="128758566" timestamp="2022-11-11T04:28:07Z" user="케이7" uid="8120174" lat="36.1422232" lon="128.3950751"/>
 <node id="1916534282" visible="true" version="2" changeset="128758566" timestamp="2022-11-11T04:28:07Z" user="케이7" uid="8120174" lat="36.1422447" lon="128.3958152"/>
 <node id="1916534283" visible="true" version="2" changeset="128758566" timestamp="2022-11-11T04:28:07Z" user="케이7" uid="8120174" lat="36.1422784" lon="128.3950466"/>
 <node id="1916534284" visible="true" version="2" changeset="128758566" timestamp="2022-11-11T04:28:07Z" user="케이7" uid="8120174" lat="36.1422660" lon="128.3943009"/>
 <node id="1916534285" visible="true" version="2" changeset="128758566" timestamp="2022-11-11T04:28:07Z" user="케이7" uid="8120174" lat="36.1422937" lon="128.3957393"/>
 <node id="1916534286" visible="true" version="2" changeset="128758566" timestamp="2022-11-11T04:28:07Z" user="케이7" uid="8120174" lat="36.1423086" lon="128.3936838"/>
 <node id="1916534287" visible="true" version="2" changeset="128758566" timestamp="2022-11-11T04:28:07Z" user="케이7" uid="8120174" lat="36.1423412" lon="128.3956861"/>
 <node id="1916534288" visible="true" version="2" changeset="128758566" timestamp="2022-11-11T04:28:07Z" user="케이7" uid="8120174" lat="36.1423443" lon="128.3950352"/>
 <node id="1916534289" visible="true" version="2" changeset="128779766" timestamp="2022-11-11T14:27:38Z" user="케이7" uid="8120174" lat="36.1423912" lon="128.3936166"/>
 <node id="1916534290" visible="true" version="2" changeset="128758566" timestamp="2022-11-11T04:28:07Z" user="케이7" uid="8120174" lat="36.1423314" lon="128.3937228"/>
 <node id="1916534291" visible="true" version="2" changeset="128779766" timestamp="2022-11-11T14:27:38Z" user="케이7" uid="8120174" lat="36.1422175" lon="128.3936742"/>
 <node id="1916534292" visible="true" version="2" changeset="128758566" timestamp="2022-11-11T04:28:07Z" user="케이7" uid="8120174" lat="36.1423887" lon="128.3950371"/>
 <node id="1916534293" visible="true" version="2" changeset="128779766" timestamp="2022-11-11T14:27:38Z" user="케이7" uid="8120174" lat="36.1423617" lon="128.3936431"/>
 <node id="1916534294" visible="true" version="2" changeset="128758566" timestamp="2022-11-11T04:28:07Z" user="케이7" uid="8120174" lat="36.1424071" lon="128.3956235"/>
 <node id="1916534295" visible="true" version="2" changeset="128779766" timestamp="2022-11-11T14:27:38Z" user="케이7" uid="8120174" lat="36.1423671" lon="128.3934848"/>
 <node id="1916534296" visible="true" version="2" changeset="128758566" timestamp="2022-11-11T04:28:07Z" user="케이7" uid="8120174" lat="36.1424209" lon="128.3950504"/>
 <node id="1916534297" visible="true" version="2" changeset="128758566" timestamp="2022-11-11T04:28:07Z" user="케이7" uid="8120174" lat="36.1423968" lon="128.3941862"/>
 <node id="1916534298" visible="true" version="2" changeset="128758566" timestamp="2022-11-11T04:28:07Z" user="케이7" uid="8120174" lat="36.1424242" lon="128.3934776"/>
 <node id="1916534299" visible="true" version="2" changeset="128758566" timestamp="2022-11-11T04:28:07Z" user="케이7" uid="8120174" lat="36.1424807" lon="128.3955400"/>
 <node id="1916534301" visible="true" version="2" changeset="128758566" timestamp="2022-11-11T04:28:07Z" user="케이7" uid="8120174" lat="36.1424883" lon="128.3950979"/>
 <node id="1916534302" visible="true" version="2" changeset="128758566" timestamp="2022-11-11T04:28:07Z" user="케이7" uid="8120174" lat="36.1424871" lon="128.3935837"/>
 <node id="1916534303" visible="true" version="2" changeset="128758566" timestamp="2022-11-11T04:28:07Z" user="케이7" uid="8120174" lat="36.1424970" lon="128.3946299"/>
 <node id="1916534305" visible="true" version="2" changeset="128758566" timestamp="2022-11-11T04:28:07Z" user="케이7" uid="8120174" lat="36.1425312" lon="128.3954641"/>
 <node id="1916534307" visible="true" version="2" changeset="128758566" timestamp="2022-11-11T04:28:07Z" user="케이7" uid="8120174" lat="36.1425343" lon="128.3951624"/>
 <node id="1916534308" visible="true" version="4" changeset="161611496" timestamp="2025-01-21T18:33:32Z" user="Lavignein" uid="5188781" lat="36.1425745" lon="128.3944262"/>
 <node id="1916534309" visible="true" version="2" changeset="128758566" timestamp="2022-11-11T04:28:07Z" user="케이7" uid="8120174" lat="36.1425424" lon="128.3933160"/>
 <node id="1916534310" visible="true" version="2" changeset="128758566" timestamp="2022-11-11T04:28:07Z" user="케이7" uid="8120174" lat="36.1425285" lon="128.3940630"/>
 <node id="1916534311" visible="true" version="2" changeset="128758566" timestamp="2022-11-11T04:28:07Z" user="케이7" uid="8120174" lat="36.1425603" lon="128.3952155"/>
 <node id="1916534312" visible="true" version="2" changeset="128758566" timestamp="2022-11-11T04:28:07Z" user="케이7" uid="8120174" lat="36.1425619" lon="128.3953882"/>
 <node id="1916534313" visible="true" version="2" changeset="128758566" timestamp="2022-11-11T04:28:07Z" user="케이7" uid="8120174" lat="36.1425406" lon="128.3929574"/>
 <node id="1916534314" visible="true" version="2" changeset="128758566" timestamp="2022-11-11T04:28:07Z" user="케이7" uid="8120174" lat="36.1425726" lon="128.3952990"/>
 <node id="1916534315" visible="true" version="6" changeset="187773496" timestamp="2026-08-21T03:32:43Z" user="NumisK" uid="15458800" lat="36.1425055" lon="128.3943268"/>
 <node id="1916534316" visible="true" version="1" changeset="13125494" timestamp="2012-09-16T02:25:31Z" user="alimamo" uid="7213" lat="36.1424920" lon="128.3933273"/>
 <node id="1916534317" visible="true" version="2" changeset="128779766" timestamp="2022-11-11T14:27:38Z" user="케이7" uid="8120174" lat="36.1426306" lon="128.3931617"/>
 <node id="1916534318" visible="true" version="2" changeset="128758566" timestamp="2022-11-11T04:28:07Z" user="케이7" uid="8120174" lat="36.1426302" lon="128.3934572"/>
 <node id="1916534320" visible="true" version="2" changeset="128758566" timestamp="2022-11-11T04:28:07Z" user="케이7" uid="8120174" lat="36.1426699" lon="128.3928491"/>
 <node id="1916534321" visible="true" version="2" changeset="128758566" timestamp="2022-11-11T04:28:07Z" user="케이7" uid="8120174" lat="36.1426644" lon="128.3945546">
  <tag k="highway" v="crossing"/>
 </node>
 <node id="1916534322" visible="true" version="2" changeset="128758566" timestamp="2022-11-11T04:28:07Z" user="케이7" uid="8120174" lat="36.1426827" lon="128.3939228"/>
 <node id="1916534323" visible="true" version="2" changeset="128758566" timestamp="2022-11-11T04:28:07Z" user="케이7" uid="8120174" lat="36.1427085" lon="128.3950474"/>
 <node id="1916534324" visible="true" version="2" changeset="128779766" timestamp="2022-11-11T14:27:38Z" user="케이7" uid="8120174" lat="36.1427059" lon="128.3932924"/>
 <node id="1916534325" visible="true" version="2" changeset="128758566" timestamp="2022-11-11T04:28:07Z" user="케이7" uid="8120174" lat="36.1427100" lon="128.3932390"/>
 <node id="1916534327" visible="true" version="2" changeset="128758566" timestamp="2022-11-11T04:28:07Z" user="케이7" uid="8120174" lat="36.1427425" lon="128.3929753"/>
 <node id="1916534328" visible="true" version="2" changeset="128758566" timestamp="2022-11-11T04:28:07Z" user="케이7" uid="8120174" lat="36.1427606" lon="128.3933410"/>
 <node id="1916534329" visible="true" version="2" changeset="128758566" timestamp="2022-11-11T04:28:07Z" user="케이7" uid="8120174" lat="36.1427018" lon="128.3941666"/>
 <node id="1916534330" visible="true" version="2" changeset="128758566" timestamp="2022-11-11T04:28:07Z" user="케이7" uid="8120174" lat="36.1427774" lon="128.3944135"/>
 <node id="1916534331" visible="true" version="2" changeset="128758566" timestamp="2022-11-11T04:28:07Z" user="케이7" uid="8120174" lat="36.1427822" lon="128.3947643"/>
 <node id="1916534332" visible="true" version="2" changeset="128779766" timestamp="2022-11-11T14:27:38Z" user="케이7" uid="8120174" lat="36.1428006" lon="128.3932178"/>
 <node id="1916534333" visible="true" version="2" changeset="128758566" timestamp="2022-11-11T04:28:07Z" user="케이7" uid="8120174" lat="36.1428245" lon="128.3937987"/>
 <node id="1916534334" visible="true" version="2" changeset="128758566" timestamp="2022-11-11T04:28:07Z" user="케이7" uid="8120174" lat="36.1427602" lon="128.3942672"/>
 <node id="1916534335" visible="true" version="2" changeset="128758566" timestamp="2022-11-11T04:28:07Z" user="케이7" uid="8120174" lat="36.1428617" lon="128.3950284"/>
 <node id="1916534336" visible="true" version="3" changeset="144393169" timestamp="2023-11-24T05:50:17Z" user="morago" uid="11113946" lat="36.1428242" lon="128.3949530"/>
 <node id="1916534338" visible="true" version="2" changeset="128758566" timestamp="2022-11-11T04:28:07Z" user="케이7" uid="8120174" lat="36.1429567" lon="128.3942731"/>
 <node id="1916534339" visible="true" version="2" changeset="128758566" timestamp="2022-11-11T04:28:07Z" user="케이7" uid="8120174" lat="36.1429690" lon="128.3947874"/>
 <node id="1916534340" visible="true" version="2" changeset="128758566" timestamp="2022-11-11T04:28:07Z" user="케이7" uid="8120174" lat="36.1429521" lon="128.3936950"/>
 <node id="1916534341" visible="true" version="2" changeset="128758566" timestamp="2022-11-11T04:28:07Z" user="케이7" uid="8120174" lat="36.1428892" lon="128.3940082"/>
 <node id="1916534344" visible="true" version="2" changeset="128758566" timestamp="2022-11-11T04:28:07Z" user="케이7" uid="8120174" lat="36.1429272" lon="128.3941478"/>
 <node id="1916534345" visible="true" version="2" changeset="128758566" timestamp="2022-11-11T04:28:07Z" user="케이7" uid="8120174" lat="36.1430228" lon="128.3942201"/>
 <node id="1916534346" visible="true" version="2" changeset="128779766" timestamp="2022-11-11T14:27:38Z" user="케이7" uid="8120174" lat="36.1430636" lon="128.3936877"/>
 <node id="1916534347" visible="true" version="2" changeset="128758566" timestamp="2022-11-11T04:28:07Z" user="케이7" uid="8120174" lat="36.1430849" lon="128.3926707"/>
 <node id="1916534349" visible="true" version="2" changeset="128758566" timestamp="2022-11-11T04:28:07Z" user="케이7" uid="8120174" lat="36.1431759" lon="128.3926277"/>
 <node id="1916534350" visible="true" version="2" changeset="128758566" timestamp="2022-11-11T04:28:07Z" user="케이7" uid="8120174" lat="36.1431781" lon="128.3928317"/>
 <node id="1916534351" visible="true" version="2" changeset="128758566" timestamp="2022-11-11T04:28:07Z" user="케이7" uid="8120174" lat="36.1430853" lon="128.3940660"/>
 <node id="1916534352" visible="true" version="2" changeset="128758566" timestamp="2022-11-11T04:28:07Z" user="케이7" uid="8120174" lat="36.1431254" lon="128.3937919"/>
 <node id="1916534353" visible="true" version="2" changeset="128758566" timestamp="2022-11-11T04:28:07Z" user="케이7" uid="8120174" lat="36.1432173" lon="128.3945729"/>
 <node id="1916534355" visible="true" version="2" changeset="128758566" timestamp="2022-11-11T04:28:07Z" user="케이7" uid="8120174" lat="36.1432919" lon="128.3928840"/>
 <node id="1916534356" visible="true" version="2" changeset="128758566" timestamp="2022-11-11T04:28:07Z" user="케이7" uid="8120174" lat="36.1433291" lon="128.3940324"/>
 <node id="1916534357" visible="true" version="2" changeset="128758566" timestamp="2022-11-11T04:28:07Z" user="케이7" uid="8120174" lat="36.1433450" lon="128.3927109"/>
 <node id="1916534358" visible="true" version="2" changeset="128758566" timestamp="2022-11-11T04:28:07Z" user="케이7" uid="8120174" lat="36.1433086" lon="128.3935546"/>
 <node id="1916534360" visible="true" version="2" changeset="128758566" timestamp="2022-11-11T04:28:07Z" user="케이7" uid="8120174" lat="36.1434245" lon="128.3940404"/>
 <node id="1916534361" visible="true" version="2" changeset="128758566" timestamp="2022-11-11T04:28:07Z" user="케이7" uid="8120174" lat="36.1434374" lon="128.3935280"/>
 <node id="1916534362" visible="true" version="2" changeset="128758566" timestamp="2022-11-11T04:28:07Z" user="케이7" uid="8120174" lat="36.1434661" lon="128.3936751"/>
 <node id="1916534363" visible="true" version="2" changeset="128758566" timestamp="2022-11-11T04:28:07Z" user="케이7" uid="8120174" lat="36.1434364" lon="128.3932622"/>
 <node id="1916534364" visible="true" version="2" changeset="128758566" timestamp="2022-11-11T04:28:07Z" user="케이7" uid="8120174" lat="36.1435145" lon="128.3938003"/>
 <node id="1916534366" visible="true" version="2" changeset="128758566" timestamp="2022-11-11T04:28:07Z" user="케이7" uid="8120174" lat="36.1435003" lon="128.3930581"/>
 <node id="1916534367" visible="true" version="2" changeset="128758566" timestamp="2022-11-11T04:28:07Z" user="케이7" uid="8120174" lat="36.1435827" lon="128.3939290"/>
 <node id="1916534368" visible="true" version="2" changeset="128758566" timestamp="2022-11-11T04:28:07Z" user="케이7" uid="8120174" lat="36.1435318" lon="128.3940485"/>
 <node id="1916534369" visible="true" version="2" changeset="128758566" timestamp="2022-11-11T04:28:07Z" user="케이7" uid="8120174" lat="36.1435480" lon="128.3929069"/>
 <node id="1916534370" visible="true" version="2" changeset="128758566" timestamp="2022-11-11T04:28:07Z" user="케이7" uid="8120174" lat="36.1436456" lon="128.3940257"/>
 <node id="1916534371" visible="true" version="2" changeset="128758566" timestamp="2022-11-11T04:28:07Z" user="케이7" uid="8120174" lat="36.1436661" lon="128.3940539"/>
 <node id="1916534372" visible="true" version="2" changeset="128758566" timestamp="2022-11-11T04:28:07Z" user="케이7" uid="8120174" lat="36.1436076" lon="128.3927679"/>
 <node id="1916534373" visible="true" version="1" changeset="13125494" timestamp="2012-09-16T02:25:33Z" user="alimamo" uid="7213" lat="36.1436792" lon="128.3926703"/>
 <node id="1916534374" visible="true" version="2" changeset="128758566" timestamp="2022-11-11T04:28:07Z" user="케이7" uid="8120174" lat="36.1438518" lon="128.3941478"/>
 <node id="1916534375" visible="true" version="2" changeset="128779766" timestamp="2022-11-11T14:27:38Z" user="케이7" uid="8120174" lat="36.1437733" lon="128.3925535"/>
 <node id="1916534376" visible="true" version="2" changeset="128779766" timestamp="2022-11-11T14:27:38Z" user="케이7" uid="8120174" lat="36.1439004" lon="128.3924439"/>
 <node id="1916534377" visible="true" version="2" changeset="128779766" timestamp="2022-11-11T14:27:38Z" user="케이7" uid="8120174" lat="36.1439879" lon="128.3886476"/>
 <node id="1916534378" visible="true" version="2" changeset="128779766" timestamp="2022-11-11T14:27:38Z" user="케이7" uid="8120174" lat="36.1440793" lon="128.3923751"/>
 <node id="1916534379" visible="true" version="2" changeset="128779766" timestamp="2022-11-11T14:27:38Z" user="케이7" uid="8120174" lat="36.1440725" lon="128.3885603"/>
 <node id="1916534380" visible="true" version="2" changeset="128779766" timestamp="2022-11-11T14:27:38Z" user="케이7" uid="8120174" lat="36.1441511" lon="128.3885060"/>
 <node id="1916534381" visible="true" version="2" changeset="128779766" timestamp="2022-11-11T14:27:38Z" user="케이7" uid="8120174" lat="36.1442352" lon="128.3884434"/>
 <node id="1916534382" visible="true" version="2" changeset="128758566" timestamp="2022-11-11T04:28:07Z" user="케이7" uid="8120174" lat="36.1443261" lon="128.3943129"/>
 <node id="1916534383" visible="true" version="2" changeset="128779766" timestamp="2022-11-11T14:27:38Z" user="케이7" uid="8120174" lat="36.1443847" lon="128.3879820"/>
 <node id="1916534385" visible="true" version="2" changeset="128779766" timestamp="2022-11-11T14:27:38Z" user="케이7" uid="8120174" lat="36.1444270" lon="128.3880555"/>
 <node id="1916534387" visible="true" version="2" changeset="128779766" timestamp="2022-11-11T14:27:38Z" user="케이7" uid="8120174" lat="36.1444794" lon="128.3879682"/>
 <node id="1916534388" visible="true" version="2" changeset="128779766" timestamp="2022-11-11T14:27:38Z" user="케이7" uid="8120174" lat="36.1445658" lon="128.3880750"/>
 <node id="1916534389" visible="true" version="2" changeset="128779766" timestamp="2022-11-11T14:27:38Z" user="케이7" uid="8120174" lat="36.1446405" lon="128.3923244"/>
 <node id="1916534391" visible="true" version="2" changeset="128779766" timestamp="2022-11-11T14:27:38Z" user="케이7" uid="8120174" lat="36.1446928" lon="128.3923663"/>
 <node id="1916534392" visible="true" version="2" changeset="128779766" timestamp="2022-11-11T14:27:38Z" user="케이7" uid="8120174" lat="36.1447277" lon="128.3876271"/>
 <node id="1916534393" visible="true" version="2" changeset="128779766" timestamp="2022-11-11T14:27:38Z" user="케이7" uid="8120174" lat="36.1446904" lon="128.3875494"/>
 <node id="1916534394" visible="true" version="2" changeset="128779766" timestamp="2022-11-11T14:27:38Z" user="케이7" uid="8120174" lat="36.1448102" lon="128.3877247"/>
 <node id="1916534395" visible="true" version="3" changeset="161611496" timestamp="2025-01-21T18:33:32Z" user="Lavignein" uid="5188781" lat="36.1448018" lon="128.3921280"/>
 <node id="1916534396" visible="true" version="2" changeset="128779766" timestamp="2022-11-11T14:27:38Z" user="케이7" uid="8120174" lat="36.1447920" lon="128.3875697"/>
 <node id="1916534397" visible="true" version="2" changeset="128779766" timestamp="2022-11-11T14:27:38Z" user="케이7" uid="8120174" lat="36.1448121" lon="128.3931366"/>
 <node id="1916534398" visible="true" version="3" changeset="161611496" timestamp="2025-01-21T18:33:32Z" user="Lavignein" uid="5188781" lat="36.1448351" lon="128.3931009"/>
 <node id="1916534399" visible="true" version="3" changeset="161611496" timestamp="2025-01-21T18:33:32Z" user="Lavignein" uid="5188781" lat="36.1448399" lon="128.3923252"/>
 <node id="1916534401" visible="true" version="2" changeset="128779766" timestamp="2022-11-11T14:27:38Z" user="케이7" uid="8120174" lat="36.1449193" lon="128.3874997"/>
 <node id="1916534402" visible="true" version="2" changeset="128779766" timestamp="2022-11-11T14:27:38Z" user="케이7" uid="8120174" lat="36.1449124" lon="128.3875247"/>
 <node id="1916534403" visible="true" version="2" changeset="128779766" timestamp="2022-11-11T14:27:38Z" user="케이7" uid="8120174" lat="36.1449119" lon="128.3875511"/>
 <node id="1916534404" visible="true" version="2" changeset="128779766" timestamp="2022-11-11T14:27:38Z" user="케이7" uid="8120174" lat="36.1449318" lon="128.3874784"/>
 <node id="1916534405" visible="true" version="2" changeset="128779766" timestamp="2022-11-11T14:27:38Z" user="케이7" uid="8120174" lat="36.1449017" lon="128.3876513"/>
 <node id="1916534406" visible="true" version="2" changeset="128779766" timestamp="2022-11-11T14:27:38Z" user="케이7" uid="8120174" lat="36.1449661" lon="128.3873964"/>
 <node id="1916534407" visible="true" version="2" changeset="128779766" timestamp="2022-11-11T14:27:38Z" user="케이7" uid="8120174" lat="36.1449179" lon="128.3875765"/>
 <node id="1916534408" visible="true" version="2" changeset="128779766" timestamp="2022-11-11T14:27:38Z" user="케이7" uid="8120174" lat="36.1449692" lon="128.3874541"/>
 <node id="1916534409" visible="true" version="2" changeset="128779766" timestamp="2022-11-11T14:27:38Z" user="케이7" uid="8120174" lat="36.1449580" lon="128.3876219"/>
 <node id="1916534410" visible="true" version="2" changeset="128779766" timestamp="2022-11-11T14:27:38Z" user="케이7" uid="8120174" lat="36.1449905" lon="128.3874534"/>
 <node id="1916534411" visible="true" version="2" changeset="128779766" timestamp="2022-11-11T14:27:38Z" user="케이7" uid="8120174" lat="36.1449886" lon="128.3922812"/>
 <node id="1916534412" visible="true" version="2" changeset="128779766" timestamp="2022-11-11T14:27:38Z" user="케이7" uid="8120174" lat="36.1450575" lon="128.3876842"/>
 <node id="1916534413" visible="true" version="3" changeset="161611496" timestamp="2025-01-21T18:33:32Z" user="Lavignein" uid="5188781" lat="36.1449870" lon="128.3930935"/>
 <node id="1916534414" visible="true" version="2" changeset="128779766" timestamp="2022-11-11T14:27:38Z" user="케이7" uid="8120174" lat="36.1450085" lon="128.3876204"/>
 <node id="1916534415" visible="true" version="2" changeset="128779766" timestamp="2022-11-11T14:27:38Z" user="케이7" uid="8120174" lat="36.1450110" lon="128.3874606"/>
 <node id="1916534416" visible="true" version="2" changeset="128779766" timestamp="2022-11-11T14:27:38Z" user="케이7" uid="8120174" lat="36.1450235" lon="128.3876100"/>
 <node id="1916534417" visible="true" version="2" changeset="128779766" timestamp="2022-11-11T14:27:38Z" user="케이7" uid="8120174" lat="36.1450288" lon="128.3874751"/>
 <node id="1916534418" visible="true" version="2" changeset="128779766" timestamp="2022-11-11T14:27:38Z" user="케이7" uid="8120174" lat="36.1450374" lon="128.3922105"/>
 <node id="1916534419" visible="true" version="2" changeset="128758566" timestamp="2022-11-11T04:28:07Z" user="케이7" uid="8120174" lat="36.1449786" lon="128.3945176"/>
 <node id="1916534420" visible="true" version="2" changeset="128779766" timestamp="2022-11-11T14:27:38Z" user="케이7" uid="8120174" lat="36.1450360" lon="128.3875953"/>
 <node id="1916534421" visible="true" version="2" changeset="128779766" timestamp="2022-11-11T14:27:38Z" user="케이7" uid="8120174" lat="36.1450423" lon="128.3874956"/>
 <node id="1916534422" visible="true" version="2" changeset="128779766" timestamp="2022-11-11T14:27:38Z" user="케이7" uid="8120174" lat="36.1450483" lon="128.3874660"/>
 <node id="1916534423" visible="true" version="2" changeset="128779766" timestamp="2022-11-11T14:27:38Z" user="케이7" uid="8120174" lat="36.1450492" lon="128.3875151"/>
 <node id="1916534424" visible="true" version="2" changeset="128779766" timestamp="2022-11-11T14:27:38Z" user="케이7" uid="8120174" lat="36.1450629" lon="128.3922056"/>
 <node id="1916534425" visible="true" version="2" changeset="128779766" timestamp="2022-11-11T14:27:38Z" user="케이7" uid="8120174" lat="36.1450507" lon="128.3875572"/>
 <node id="1916534426" visible="true" version="2" changeset="128779766" timestamp="2022-11-11T14:27:38Z" user="케이7" uid="8120174" lat="36.1450520" lon="128.3875360"/>
 <node id="1916534427" visible="true" version="2" changeset="128779766" timestamp="2022-11-11T14:27:38Z" user="케이7" uid="8120174" lat="36.1450693" lon="128.3871920"/>
 <node id="1916534428" visible="true" version="2" changeset="128779766" timestamp="2022-11-11T14:27:38Z" user="케이7" uid="8120174" lat="36.1450767" lon="128.3876018"/>
 <node id="1916534429" visible="true" version="2" changeset="128779766" timestamp="2022-11-11T14:27:38Z" user="케이7" uid="8120174" lat="36.1451168" lon="128.3877251"/>
 <node id="1916534430" visible="true" version="3" changeset="161611496" timestamp="2025-01-21T18:33:32Z" user="Lavignein" uid="5188781" lat="36.1451128" lon="128.3920417"/>
 <node id="1916534431" visible="true" version="2" changeset="128779766" timestamp="2022-11-11T14:27:38Z" user="케이7" uid="8120174" lat="36.1451262" lon="128.3876894"/>
 <node id="1916534432" visible="true" version="2" changeset="128779766" timestamp="2022-11-11T14:27:38Z" user="케이7" uid="8120174" lat="36.1451264" lon="128.3925545"/>
 <node id="1916534433" visible="true" version="3" changeset="161611496" timestamp="2025-01-21T18:33:32Z" user="Lavignein" uid="5188781" lat="36.1451310" lon="128.3930909"/>
 <node id="1916534434" visible="true" version="2" changeset="128779766" timestamp="2022-11-11T14:27:38Z" user="케이7" uid="8120174" lat="36.1451601" lon="128.3881275"/>
 <node id="1916534436" visible="true" version="2" changeset="128779766" timestamp="2022-11-11T14:27:38Z" user="케이7" uid="8120174" lat="36.1451853" lon="128.3877752"/>
 <node id="1916534438" visible="true" version="2" changeset="128779766" timestamp="2022-11-11T14:27:38Z" user="케이7" uid="8120174" lat="36.1451903" lon="128.3925017"/>
 <node id="1916534439" visible="true" version="2" changeset="128779766" timestamp="2022-11-11T14:27:38Z" user="케이7" uid="8120174" lat="36.1452689" lon="128.3880989"/>
 <node id="1916534440" visible="true" version="3" changeset="128779766" timestamp="2022-11-11T14:27:38Z" user="케이7" uid="8120174" lat="36.1452029" lon="128.3931260"/>
 <node id="1916534441" visible="true" version="3" changeset="161611496" timestamp="2025-01-21T18:33:32Z" user="Lavignein" uid="5188781" lat="36.1452646" lon="128.3919995"/>
 <node id="1916534442" visible="true" version="2" changeset="128779766" timestamp="2022-11-11T14:27:38Z" user="케이7" uid="8120174" lat="36.1452674" lon="128.3879678"/>
 <node id="1916534443" visible="true" version="2" changeset="128779766" timestamp="2022-11-11T14:27:38Z" user="케이7" uid="8120174" lat="36.1452022" lon="128.3869015"/>
 <node id="1916534444" visible="true" version="2" changeset="128779766" timestamp="2022-11-11T14:27:38Z" user="케이7" uid="8120174" lat="36.1453627" lon="128.3880604"/>
 <node id="1916534445" visible="true" version="2" changeset="128779766" timestamp="2022-11-11T14:27:38Z" user="케이7" uid="8120174" lat="36.1453814" lon="128.3882106"/>
 <node id="1916534446" visible="true" version="2" changeset="128779766" timestamp="2022-11-11T14:27:38Z" user="케이7" uid="8120174" lat="36.1453714" lon="128.3883261"/>
 <node id="1916534447" visible="true" version="2" changeset="128779766" timestamp="2022-11-11T14:27:38Z" user="케이7" uid="8120174" lat="36.1453629" lon="128.3921072"/>
 <node id="1916534449" visible="true" version="2" changeset="128779766" timestamp="2022-11-11T14:27:38Z" user="케이7" uid="8120174" lat="36.1454300" lon="128.3924791"/>
 <node id="1916534450" visible="true" version="2" changeset="128779766" timestamp="2022-11-11T14:27:38Z" user="케이7" uid="8120174" lat="36.1454669" lon="128.3880722"/>
 <node id="1916534451" visible="true" version="2" changeset="128779766" timestamp="2022-11-11T14:27:38Z" user="케이7" uid="8120174" lat="36.1454293" lon="128.3864548"/>
 <node id="1916534452" visible="true" version="2" changeset="128779766" timestamp="2022-11-11T14:27:38Z" user="케이7" uid="8120174" lat="36.1455502" lon="128.3884952"/>
 <node id="1916534453" visible="true" version="3" changeset="161611496" timestamp="2025-01-21T18:33:32Z" user="Lavignein" uid="5188781" lat="36.1456101" lon="128.3944857"/>
 <node id="1916534454" visible="true" version="2" changeset="128779766" timestamp="2022-11-11T14:27:38Z" user="케이7" uid="8120174" lat="36.1456760" lon="128.3884982"/>
 <node id="1916534455" visible="true" version="3" changeset="161611496" timestamp="2025-01-21T18:33:32Z" user="Lavignein" uid="5188781" lat="36.1456398" lon="128.3946014"/>
 <node id="1916534456" visible="true" version="2" changeset="128779766" timestamp="2022-11-11T14:27:38Z" user="케이7" uid="8120174" lat="36.1456434" lon="128.3883248"/>
 <node id="1916534457" visible="true" version="2" changeset="128758566" timestamp="2022-11-11T04:28:07Z" user="케이7" uid="8120174" lat="36.1455223" lon="128.3947004"/>
 <node id="1916534459" visible="true" version="2" changeset="128779766" timestamp="2022-11-11T14:27:38Z" user="케이7" uid="8120174" lat="36.1456730" lon="128.3882704"/>
 <node id="1916534460" visible="true" version="2" changeset="128779766" timestamp="2022-11-11T14:27:38Z" user="케이7" uid="8120174" lat="36.1456802" lon="128.3886227"/>
 <node id="1916534462" visible="true" version="2" changeset="128758566" timestamp="2022-11-11T04:28:07Z" user="케이7" uid="8120174" lat="36.1457143" lon="128.3946540"/>
 <node id="1916534463" visible="true" version="3" changeset="161611496" timestamp="2025-01-21T18:33:32Z" user="Lavignein" uid="5188781" lat="36.1457164" lon="128.3944655"/>
 <node id="1916534464" visible="true" version="2" changeset="128779766" timestamp="2022-11-11T14:27:38Z" user="케이7" uid="8120174" lat="36.1457626" lon="128.3885981"/>
 <node id="1916534465" visible="true" version="2" changeset="128758566" timestamp="2022-11-11T04:28:07Z" user="케이7" uid="8120174" lat="36.1457458" lon="128.3946140"/>
 <node id="1916534466" visible="true" version="2" changeset="128779766" timestamp="2022-11-11T14:27:38Z" user="케이7" uid="8120174" lat="36.1457311" lon="128.3886763"/>
 <node id="1916534467" visible="true" version="2" changeset="128758566" timestamp="2022-11-11T04:28:07Z" user="케이7" uid="8120174" lat="36.1457642" lon="128.3946408"/>
 <node id="1916534468" visible="true" version="2" changeset="128779766" timestamp="2022-11-11T14:27:38Z" user="케이7" uid="8120174" lat="36.1457634" lon="128.3883567"/>
 <node id="1916534469" visible="true" version="2" changeset="128758566" timestamp="2022-11-11T04:28:07Z" user="케이7" uid="8120174" lat="36.1457826" lon="128.3946822"/>
 <node id="1916534470" visible="true" version="2" changeset="128779766" timestamp="2022-11-11T14:27:38Z" user="케이7" uid="8120174" lat="36.1457647" lon="128.3887381"/>
 <node id="1916534471" visible="true" version="2" changeset="128758566" timestamp="2022-11-11T04:28:07Z" user="케이7" uid="8120174" lat="36.1457848" lon="128.3946489"/>
 <node id="1916534472" visible="true" version="2" changeset="128779766" timestamp="2022-11-11T14:27:38Z" user="케이7" uid="8120174" lat="36.1457927" lon="128.3886366"/>
 <node id="1916534473" visible="true" version="2" changeset="128779766" timestamp="2022-11-11T14:27:38Z" user="케이7" uid="8120174" lat="36.1457929" lon="128.3884683"/>
 <node id="1916534474" visible="true" version="2" changeset="128779766" timestamp="2022-11-11T14:27:38Z" user="케이7" uid="8120174" lat="36.1458225" lon="128.3886877"/>
 <node id="1916534475" visible="true" version="3" changeset="161611496" timestamp="2025-01-21T18:33:32Z" user="Lavignein" uid="5188781" lat="36.1458549" lon="128.3944367"/>
 <node id="1916534476" visible="true" version="2" changeset="128779766" timestamp="2022-11-11T14:27:38Z" user="케이7" uid="8120174" lat="36.1458677" lon="128.3885703"/>
 <node id="1916534477" visible="true" version="2" changeset="128758566" timestamp="2022-11-11T04:28:07Z" user="케이7" uid="8120174" lat="36.1458964" lon="128.3946368"/>
 <node id="1916534479" visible="true" version="2" changeset="128758566" timestamp="2022-11-11T04:28:07Z" user="케이7" uid="8120174" lat="36.1458905" lon="128.3948277"/>
 <node id="1916534481" visible="true" version="2" changeset="128758566" timestamp="2022-11-11T04:28:07Z" user="케이7" uid="8120174" lat="36.1459101" lon="128.3947327"/>
 <node id="1916534482" visible="true" version="2" changeset="128779766" timestamp="2022-11-11T14:27:38Z" user="케이7" uid="8120174" lat="36.1459783" lon="128.3885662"/>
 <node id="1916534483" visible="true" version="2" changeset="128779766" timestamp="2022-11-11T14:27:38Z" user="케이7" uid="8120174" lat="36.1459113" lon="128.3891202"/>
 <node id="1916534484" visible="true" version="2" changeset="128779766" timestamp="2022-11-11T14:27:38Z" user="케이7" uid="8120174" lat="36.1459273" lon="128.3887246"/>
 <node id="1916534485" visible="true" version="3" changeset="161611496" timestamp="2025-01-21T18:33:32Z" user="Lavignein" uid="5188781" lat="36.1459610" lon="128.3944136"/>
 <node id="1916534486" visible="true" version="2" changeset="128758566" timestamp="2022-11-11T04:28:07Z" user="케이7" uid="8120174" lat="36.1459679" lon="128.3947372"/>
 <node id="1916534487" visible="true" version="2" changeset="128779766" timestamp="2022-11-11T14:27:38Z" user="케이7" uid="8120174" lat="36.1459596" lon="128.3890281"/>
 <node id="1916534488" visible="true" version="2" changeset="128779766" timestamp="2022-11-11T14:27:38Z" user="케이7" uid="8120174" lat="36.1460057" lon="128.3887382"/>
 <node id="1916534491" visible="true" version="2" changeset="128758566" timestamp="2022-11-11T04:28:07Z" user="케이7" uid="8120174" lat="36.1459998" lon="128.3946062"/>
 <node id="1916534492" visible="true" version="2" changeset="128779766" timestamp="2022-11-11T14:27:38Z" user="케이7" uid="8120174" lat="36.1460231" lon="128.3888236"/>
 <node id="1916534493" visible="true" version="2" changeset="128758566" timestamp="2022-11-11T04:28:07Z" user="케이7" uid="8120174" lat="36.1460146" lon="128.3946811"/>
 <node id="1916534494" visible="true" version="2" changeset="128779766" timestamp="2022-11-11T14:27:38Z" user="케이7" uid="8120174" lat="36.1460134" lon="128.3887863"/>
 <node id="1916534495" visible="true" version="3" changeset="161611496" timestamp="2025-01-21T18:33:32Z" user="Lavignein" uid="5188781" lat="36.1460126" lon="128.3944023"/>
 <node id="1916534496" visible="true" version="2" changeset="128779766" timestamp="2022-11-11T14:27:38Z" user="케이7" uid="8120174" lat="36.1460537" lon="128.3889030"/>
 <node id="1916534497" visible="true" version="2" changeset="128779766" timestamp="2022-11-11T14:27:38Z" user="케이7" uid="8120174" lat="36.1460372" lon="128.3890477"/>
 <node id="1916534498" visible="true" version="2" changeset="128779766" timestamp="2022-11-11T14:27:38Z" user="케이7" uid="8120174" lat="36.1460725" lon="128.3889625"/>
 <node id="1916534499" visible="true" version="3" changeset="161611496" timestamp="2025-01-21T18:33:32Z" user="Lavignein" uid="5188781" lat="36.1460798" lon="128.3947292"/>
 <node id="1916534500" visible="true" version="2" changeset="128779766" timestamp="2022-11-11T14:27:38Z" user="케이7" uid="8120174" lat="36.1461189" lon="128.3888160"/>
 <node id="1916534501" visible="true" version="2" changeset="128779766" timestamp="2022-11-11T14:27:38Z" user="케이7" uid="8120174" lat="36.1461215" lon="128.3886344"/>
 <node id="1916534502" visible="true" version="2" changeset="128779766" timestamp="2022-11-11T14:27:38Z" user="케이7" uid="8120174" lat="36.1461666" lon="128.3892083"/>
 <node id="1916534503" visible="true" version="2" changeset="128779766" timestamp="2022-11-11T14:27:38Z" user="케이7" uid="8120174" lat="36.1461688" lon="128.3888942"/>
 <node id="1916534504" visible="true" version="2" changeset="128779766" timestamp="2022-11-11T14:27:38Z" user="케이7" uid="8120174" lat="36.1461833" lon="128.3889959"/>
 <node id="1916534505" visible="true" version="2" changeset="128779766" timestamp="2022-11-11T14:27:38Z" user="케이7" uid="8120174" lat="36.1461858" lon="128.3888041"/>
 <node id="1916534506" visible="true" version="2" changeset="128779766" timestamp="2022-11-11T14:27:38Z" user="케이7" uid="8120174" lat="36.1462005" lon="128.3887241"/>
 <node id="1916534507" visible="true" version="2" changeset="128779766" timestamp="2022-11-11T14:27:38Z" user="케이7" uid="8120174" lat="36.1462291" lon="128.3887185"/>
 <node id="1916534508" visible="true" version="2" changeset="128779766" timestamp="2022-11-11T14:27:38Z" user="케이7" uid="8120174" lat="36.1462572" lon="128.3888755"/>
 <node id="1916534509" visible="true" version="2" changeset="128779766" timestamp="2022-11-11T14:27:38Z" user="케이7" uid="8120174" lat="36.1462753" lon="128.3887096"/>
 <node id="1916534510" visible="true" version="2" changeset="128779766" timestamp="2022-11-11T14:27:38Z" user="케이7" uid="8120174" lat="36.1463459" lon="128.3896660"/>
 <node id="1916534511" visible="true" version="2" changeset="128779766" timestamp="2022-11-11T14:27:38Z" user="케이7" uid="8120174" lat="36.1463070" lon="128.3887042"/>
 <node id="1916534512" visible="true" version="2" changeset="128779766" timestamp="2022-11-11T14:27:38Z" user="케이7" uid="8120174" lat="36.1463642" lon="128.3886988"/>
 <node id="1916534513" visible="true" version="2" changeset="128779766" timestamp="2022-11-11T14:27:38Z" user="케이7" uid="8120174" lat="36.1464067" lon="128.3888400"/>
 <node id="1916534515" visible="true" version="2" changeset="128779766" timestamp="2022-11-11T14:27:38Z" user="케이7" uid="8120174" lat="36.1464060" lon="128.3889356"/>
 <node id="1916534516" visible="true" version="2" changeset="128758566" timestamp="2022-11-11T04:28:07Z" user="케이7" uid="8120174" lat="36.1463740" lon="128.3949896"/>
 <node id="1916534517" visible="true" version="2" changeset="128779766" timestamp="2022-11-11T14:27:38Z" user="케이7" uid="8120174" lat="36.1464067" lon="128.3886800"/>
 <node id="1916534518" visible="true" version="3" changeset="161611496" timestamp="2025-01-21T18:33:32Z" user="Lavignein" uid="5188781" lat="36.1462815" lon="128.3917171"/>
 <node id="1916534520" visible="true" version="2" changeset="128779766" timestamp="2022-11-11T14:27:38Z" user="케이7" uid="8120174" lat="36.1465043" lon="128.3888158"/>
 <node id="1916534521" visible="true" version="2" changeset="128779766" timestamp="2022-11-11T14:27:38Z" user="케이7" uid="8120174" lat="36.1465072" lon="128.3886532"/>
 <node id="1916534523" visible="true" version="2" changeset="128779766" timestamp="2022-11-11T14:27:38Z" user="케이7" uid="8120174" lat="36.1465064" lon="128.3886411"/>
 <node id="1916534524" visible="true" version="2" changeset="128779766" timestamp="2022-11-11T14:27:38Z" user="케이7" uid="8120174" lat="36.1465520" lon="128.3906508"/>
 <node id="1916534525" visible="true" version="2" changeset="128779766" timestamp="2022-11-11T14:27:38Z" user="케이7" uid="8120174" lat="36.1465742" lon="128.3888750"/>
 <node id="1916534526" visible="true" version="2" changeset="128779766" timestamp="2022-11-11T14:27:38Z" user="케이7" uid="8120174" lat="36.1465915" lon="128.3887816"/>
 <node id="1916534527" visible="true" version="2" changeset="128779766" timestamp="2022-11-11T14:27:38Z" user="케이7" uid="8120174" lat="36.1466134" lon="128.3886076"/>
 <node id="1916534528" visible="true" version="2" changeset="128779766" timestamp="2022-11-11T14:27:38Z" user="케이7" uid="8120174" lat="36.1465953" lon="128.3885995"/>
 <node id="1916534529" visible="true" version="2" changeset="128779766" timestamp="2022-11-11T14:27:38Z" user="케이7" uid="8120174" lat="36.1466455" lon="128.3885911"/>
 <node id="1916534530" visible="true" version="2" changeset="128779766" timestamp="2022-11-11T14:27:38Z" user="케이7" uid="8120174" lat="36.1466695" lon="128.3887353"/>
 <node id="1916534531" visible="true" version="2" changeset="128779766" timestamp="2022-11-11T14:27:38Z" user="케이7" uid="8120174" lat="36.1466754" lon="128.3887951"/>
 <node id="1916534532" visible="true" version="2" changeset="128779766" timestamp="2022-11-11T14:27:38Z" user="케이7" uid="8120174" lat="36.1466893" lon="128.3885432"/>
 <node id="1916534533" visible="true" version="2" changeset="128779766" timestamp="2022-11-11T14:27:38Z" user="케이7" uid="8120174" lat="36.1466570" lon="128.3885431"/>
 <node id="1916534534" visible="true" version="2" changeset="128779766" timestamp="2022-11-11T14:27:38Z" user="케이7" uid="8120174" lat="36.1467059" lon="128.3887057"/>
 <node id="1916534535" visible="true" version="2" changeset="128779766" timestamp="2022-11-11T14:27:38Z" user="케이7" uid="8120174" lat="36.1466999" lon="128.3915005"/>
 <node id="1916534536" visible="true" version="2" changeset="128779766" timestamp="2022-11-11T14:27:38Z" user="케이7" uid="8120174" lat="36.1466917" lon="128.3885069"/>
 <node id="1916534537" visible="true" version="3" changeset="161611496" timestamp="2025-01-21T18:33:32Z" user="Lavignein" uid="5188781" lat="36.1467186" lon="128.3915957"/>
 <node id="1916534538" visible="true" version="2" changeset="128779766" timestamp="2022-11-11T14:27:38Z" user="케이7" uid="8120174" lat="36.1467681" lon="128.3886481"/>
 <node id="1916534539" visible="true" version="2" changeset="128779766" timestamp="2022-11-11T14:27:38Z" user="케이7" uid="8120174" lat="36.1467890" lon="128.3884385"/>
 <node id="1916534540" visible="true" version="2" changeset="128779766" timestamp="2022-11-11T14:27:38Z" user="케이7" uid="8120174" lat="36.1467806" lon="128.3886904"/>
 <node id="1916534541" visible="true" version="2" changeset="128779766" timestamp="2022-11-11T14:27:38Z" user="케이7" uid="8120174" lat="36.1467762" lon="128.3884170"/>
 <node id="1916534542" visible="true" version="2" changeset="128779766" timestamp="2022-11-11T14:27:38Z" user="케이7" uid="8120174" lat="36.1468512" lon="128.3885436"/>
 <node id="1916534544" visible="true" version="2" changeset="128779766" timestamp="2022-11-11T14:27:38Z" user="케이7" uid="8120174" lat="36.1468738" lon="128.3885740"/>
 <node id="1916534545" visible="true" version="2" changeset="128758566" timestamp="2022-11-11T04:28:07Z" user="케이7" uid="8120174" lat="36.1468551" lon="128.3951397"/>
 <node id="1916534546" visible="true" version="2" changeset="128779766" timestamp="2022-11-11T14:27:38Z" user="케이7" uid="8120174" lat="36.1468889" lon="128.3885378"/>
 <node id="1916534548" visible="true" version="3" changeset="128758566" timestamp="2022-11-11T04:28:07Z" user="케이7" uid="8120174" lat="36.1469542" lon="128.3951690"/>
 <node id="1916534549" visible="true" version="2" changeset="128758566" timestamp="2022-11-11T04:28:07Z" user="케이7" uid="8120174" lat="36.1470498" lon="128.3935242"/>
 <node id="1916534551" visible="true" version="2" changeset="128758566" timestamp="2022-11-11T04:28:07Z" user="케이7" uid="8120174" lat="36.1470959" lon="128.3934678"/>
 <node id="1916534552" visible="true" version="2" changeset="128758566" timestamp="2022-11-11T04:28:07Z" user="케이7" uid="8120174" lat="36.1470807" lon="128.3952018"/>
 <node id="1916534553" visible="true" version="2" changeset="128758566" timestamp="2022-11-11T04:28:07Z" user="케이7" uid="8120174" lat="36.1471599" lon="128.3952425"/>
 <node id="1916534555" visible="true" version="2" changeset="128758566" timestamp="2022-11-11T04:28:07Z" user="케이7" uid="8120174" lat="36.1471174" lon="128.3935448"/>
 <node id="1916534556" visible="true" version="2" changeset="128758566" timestamp="2022-11-11T04:28:07Z" user="케이7" uid="8120174" lat="36.1471341" lon="128.3940138"/>
 <node id="1916534557" visible="true" version="2" changeset="128758566" timestamp="2022-11-11T04:28:07Z" user="케이7" uid="8120174" lat="36.1471470" lon="128.3937020"/>
 <node id="1916534558" visible="true" version="2" changeset="128758566" timestamp="2022-11-11T04:28:07Z" user="케이7" uid="8120174" lat="36.1471669" lon="128.3952042"/>
 <node id="1916534559" visible="true" version="2" changeset="128758566" timestamp="2022-11-11T04:28:07Z" user="케이7" uid="8120174" lat="36.1471831" lon="128.3938756"/>
 <node id="1916534560" visible="true" version="2" changeset="128758566" timestamp="2022-11-11T04:28:07Z" user="케이7" uid="8120174" lat="36.1472415" lon="128.3952869"/>
 <node id="1916534561" visible="true" version="2" changeset="128758566" timestamp="2022-11-11T04:28:07Z" user="케이7" uid="8120174" lat="36.1472785" lon="128.3951408"/>
 <node id="1916534562" visible="true" version="3" changeset="128779766" timestamp="2022-11-11T14:27:38Z" user="케이7" uid="8120174" lat="36.1473234" lon="128.3906207"/>
 <node id="1916534563" visible="true" version="2" changeset="128779766" timestamp="2022-11-11T14:27:38Z" user="케이7" uid="8120174" lat="36.1473030" lon="128.3914334"/>
 <node id="1916534564" visible="true" version="2" changeset="128758566" timestamp="2022-11-11T04:28:07Z" user="케이7" uid="8120174" lat="36.1473141" lon="128.3953513"/>
 <node id="1916534565" visible="true" version="2" changeset="128758566" timestamp="2022-11-11T04:28:07Z" user="케이7" uid="8120174" lat="36.1473509" lon="128.3953204"/>
 <node id="1916534567" visible="true" version="2" changeset="128779766" timestamp="2022-11-11T14:27:38Z" user="케이7" uid="8120174" lat="36.1473774" lon="128.3914369"/>
 <node id="1916534568" visible="true" version="2" changeset="128758566" timestamp="2022-11-11T04:28:07Z" user="케이7" uid="8120174" lat="36.1473528" lon="128.3962726"/>
 <node id="1916534569" visible="true" version="2" changeset="128758566" timestamp="2022-11-11T04:28:07Z" user="케이7" uid="8120174" lat="36.1473884" lon="128.3953518"/>
 <node id="1916534570" visible="true" version="2" changeset="128758566" timestamp="2022-11-11T04:28:07Z" user="케이7" uid="8120174" lat="36.1473998" lon="128.3954426"/>
 <node id="1916534571" visible="true" version="3" changeset="128758566" timestamp="2022-11-11T04:28:07Z" user="케이7" uid="8120174" lat="36.1473543" lon="128.3950174"/>
 <node id="1916534572" visible="true" version="2" changeset="128758566" timestamp="2022-11-11T04:28:07Z" user="케이7" uid="8120174" lat="36.1473696" lon="128.3952111"/>
 <node id="1916534573" visible="true" version="3" changeset="128758566" timestamp="2022-11-11T04:28:07Z" user="케이7" uid="8120174" lat="36.1473724" lon="128.3939367"/>
 <node id="1916534574" visible="true" version="2" changeset="128758566" timestamp="2022-11-11T04:28:07Z" user="케이7" uid="8120174" lat="36.1473736" lon="128.3948456"/>
 <node id="1916534575" visible="true" version="2" changeset="128758566" timestamp="2022-11-11T04:28:07Z" user="케이7" uid="8120174" lat="36.1473697" lon="128.3936373"/>
 <node id="1916534576" visible="true" version="2" changeset="128758566" timestamp="2022-11-11T04:28:07Z" user="케이7" uid="8120174" lat="36.1474658" lon="128.3956701"/>
 <node id="1916534577" visible="true" version="2" changeset="128779766" timestamp="2022-11-11T14:27:38Z" user="케이7" uid="8120174" lat="36.1474433" lon="128.3914607"/>
 <node id="1916534578" visible="true" version="3" changeset="128758566" timestamp="2022-11-11T04:28:07Z" user="케이7" uid="8120174" lat="36.1474204" lon="128.3933746"/>
 <node id="1916534579" visible="true" version="2" changeset="128758566" timestamp="2022-11-11T04:28:07Z" user="케이7" uid="8120174" lat="36.1474633" lon="128.3938090"/>
 <node id="1916534580" visible="true" version="2" changeset="128758566" timestamp="2022-11-11T04:28:07Z" user="케이7" uid="8120174" lat="36.1474703" lon="128.3937540"/>
 <node id="1916534581" visible="true" version="2" changeset="128779766" timestamp="2022-11-11T14:27:38Z" user="케이7" uid="8120174" lat="36.1474304" lon="128.3913911"/>
 <node id="1916534582" visible="true" version="2" changeset="128758566" timestamp="2022-11-11T04:28:07Z" user="케이7" uid="8120174" lat="36.1474808" lon="128.3936587"/>
 <node id="1916534583" visible="true" version="2" changeset="128779766" timestamp="2022-11-11T14:27:38Z" user="케이7" uid="8120174" lat="36.1474970" lon="128.3914911"/>
 <node id="1916534584" visible="true" version="2" changeset="128758566" timestamp="2022-11-11T04:28:07Z" user="케이7" uid="8120174" lat="36.1475016" lon="128.3934346"/>
 <node id="1916534585" visible="true" version="2" changeset="128758566" timestamp="2022-11-11T04:28:07Z" user="케이7" uid="8120174" lat="36.1475434" lon="128.3960454"/>
 <node id="1916534586" visible="true" version="2" changeset="128758566" timestamp="2022-11-11T04:28:07Z" user="케이7" uid="8120174" lat="36.1475077" lon="128.3956615"/>
 <node id="1916534587" visible="true" version="2" changeset="128758566" timestamp="2022-11-11T04:28:07Z" user="케이7" uid="8120174" lat="36.1475558" lon="128.3961975"/>
 <node id="1916534588" visible="true" version="2" changeset="128758566" timestamp="2022-11-11T04:28:07Z" user="케이7" uid="8120174" lat="36.1475581" lon="128.3956535"/>
 <node id="1916534590" visible="true" version="2" changeset="128758566" timestamp="2022-11-11T04:28:07Z" user="케이7" uid="8120174" lat="36.1475796" lon="128.3954932"/>
 <node id="1916534591" visible="true" version="2" changeset="128779766" timestamp="2022-11-11T14:27:38Z" user="케이7" uid="8120174" lat="36.1475376" lon="128.3915343"/>
 <node id="1916534592" visible="true" version="2" changeset="128779766" timestamp="2022-11-11T14:27:38Z" user="케이7" uid="8120174" lat="36.1476118" lon="128.3916709"/>
 <node id="1916534593" visible="true" version="2" changeset="128758566" timestamp="2022-11-11T04:28:07Z" user="케이7" uid="8120174" lat="36.1475997" lon="128.3921811"/>
 <node id="1916534594" visible="true" version="2" changeset="128758566" timestamp="2022-11-11T04:28:07Z" user="케이7" uid="8120174" lat="36.1475997" lon="128.3941184"/>
 <node id="1916534595" visible="true" version="2" changeset="128758566" timestamp="2022-11-11T04:28:07Z" user="케이7" uid="8120174" lat="36.1476121" lon="128.3939289"/>
 <node id="1916534597" visible="true" version="3" changeset="128779766" timestamp="2022-11-11T14:27:38Z" user="케이7" uid="8120174" lat="36.1476368" lon="128.3917949"/>
 <node id="1916534599" visible="true" version="2" changeset="128779766" timestamp="2022-11-11T14:27:38Z" user="케이7" uid="8120174" lat="36.1476631" lon="128.3916551"/>
 <node id="1916534600" visible="true" version="2" changeset="128779766" timestamp="2022-11-11T14:27:38Z" user="케이7" uid="8120174" lat="36.1476174" lon="128.3913207"/>
 <node id="1916534601" visible="true" version="2" changeset="128779766" timestamp="2022-11-11T14:27:38Z" user="케이7" uid="8120174" lat="36.1477428" lon="128.3914032"/>
 <node id="1916534602" visible="true" version="2" changeset="128758566" timestamp="2022-11-11T04:28:07Z" user="케이7" uid="8120174" lat="36.1477955" lon="128.3957159"/>
 <node id="1916534603" visible="true" version="2" changeset="128779766" timestamp="2022-11-11T14:27:38Z" user="케이7" uid="8120174" lat="36.1478081" lon="128.3912269"/>
 <node id="1916534604" visible="true" version="2" changeset="128758566" timestamp="2022-11-11T04:28:07Z" user="케이7" uid="8120174" lat="36.1478103" lon="128.3955383"/>
 <node id="1916534605" visible="true" version="2" changeset="128758566" timestamp="2022-11-11T04:28:07Z" user="케이7" uid="8120174" lat="36.1478963" lon="128.3941545"/>
 <node id="1916534606" visible="true" version="2" changeset="128758566" timestamp="2022-11-11T04:28:07Z" user="케이7" uid="8120174" lat="36.1479090" lon="128.3939681"/>
 <node id="1916534607" visible="true" version="2" changeset="128758566" timestamp="2022-11-11T04:28:07Z" user="케이7" uid="8120174" lat="36.1479202" lon="128.3938048"/>
 <node id="1916534608" visible="true" version="2" changeset="128779766" timestamp="2022-11-11T14:27:38Z" user="케이7" uid="8120174" lat="36.1478501" lon="128.3910919"/>
 <node id="1916534609" visible="true" version="2" changeset="128779766" timestamp="2022-11-11T14:27:38Z" user="케이7" uid="8120174" lat="36.1478943" lon="128.3908907"/>
 <node id="1916534610" visible="true" version="2" changeset="128779766" timestamp="2022-11-11T14:27:38Z" user="케이7" uid="8120174" lat="36.1479805" lon="128.3907623"/>
 <node id="1916534611" visible="true" version="4" changeset="128779766" timestamp="2022-11-11T14:27:38Z" user="케이7" uid="8120174" lat="36.1481789" lon="128.3938351"/>
 <node id="2429714186" visible="true" version="2" changeset="179055527" timestamp="2026-02-25T19:56:02Z" user="Weathering" uid="12509199" lat="36.1414172" lon="128.3950492"/>
 <node id="2429714187" visible="true" version="1" changeset="17478435" timestamp="2013-08-24T02:07:32Z" user="mjhc" uid="367541" lat="36.1424928" lon="128.3910222"/>
 <node id="2429714188" visible="true" version="2" changeset="128758566" timestamp="2022-11-11T04:28:07Z" user="케이7" uid="8120174" lat="36.1427895" lon="128.3900499"/>
 <node id="2429714189" visible="true" version="1" changeset="17478435" timestamp="2013-08-24T02:07:32Z" user="mjhc" uid="367541" lat="36.1470325" lon="128.3958757"/>
 <node id="2429714190" visible="true" version="1" changeset="17478435" timestamp="2013-08-24T02:07:32Z" user="mjhc" uid="367541" lat="36.1418731" lon="128.3964497"/>
 <node id="2429714191" visible="true" version="3" changeset="128779766" timestamp="2022-11-11T14:27:38Z" user="케이7" uid="8120174" lat="36.1478853" lon="128.3925455"/>
 <node id="2429714192" visible="true" version="2" changeset="128758566" timestamp="2022-11-11T04:28:07Z" user="케이7" uid="8120174" lat="36.1476187" lon="128.3968821"/>
 <node id="2429714193" visible="true" version="2" changeset="128758566" timestamp="2022-11-11T04:28:07Z" user="케이7" uid="8120174" lat="36.1427061" lon="128.3907057"/>
 <node id="2429714194" visible="true" version="1" changeset="17478435" timestamp="2013-08-24T02:07:32Z" user="mjhc" uid="367541" lat="36.1439571" lon="128.3947129"/>
 <node id="2429714195" visible="true" version="1" changeset="17478435" timestamp="2013-08-24T02:07:32Z" user="mjhc" uid="367541" lat="36.1429128" lon="128.3957630"/>
 <node id="2429714197" visible="true" version="1" changeset="17478435" timestamp="2013-08-24T02:07:32Z" user="mjhc" uid="367541" lat="36.1426358" lon="128.3901854"/>
 <node id="2429714198" visible="true" version="1" changeset="17478435" timestamp="2013-08-24T02:07:32Z" user="mjhc" uid="367541" lat="36.1424406" lon="128.3914447"/>
 <node id="2429714199" visible="true" version="2" changeset="128758566" timestamp="2022-11-11T04:28:07Z" user="케이7" uid="8120174" lat="36.1427506" lon="128.3899547"/>
 <node id="2429714200" visible="true" version="2" changeset="128758566" timestamp="2022-11-11T04:28:07Z" user="케이7" uid="8120174" lat="36.1430040" lon="128.3897294"/>
 <node id="2429714201" visible="true" version="4" changeset="128779766" timestamp="2022-11-11T14:27:38Z" user="케이7" uid="8120174" lat="36.1435525" lon="128.3927371"/>
 <node id="2429714202" visible="true" version="2" changeset="128758566" timestamp="2022-11-11T04:28:07Z" user="케이7" uid="8120174" lat="36.1426574" lon="128.3912730"/>
 <node id="2429714203" visible="true" version="2" changeset="128779766" timestamp="2022-11-11T14:27:38Z" user="케이7" uid="8120174" lat="36.1477707" lon="128.3925651"/>
 <node id="2429714205" visible="true" version="3" changeset="128758566" timestamp="2022-11-11T04:28:07Z" user="케이7" uid="8120174" lat="36.1431143" lon="128.3924789"/>
 <node id="2429714206" visible="true" version="2" changeset="128758566" timestamp="2022-11-11T04:28:07Z" user="케이7" uid="8120174" lat="36.1429575" lon="128.3923110"/>
 <node id="2429714207" visible="true" version="2" changeset="45816572" timestamp="2017-02-04T22:09:47Z" user="윤정한" uid="5117916" lat="36.1422205" lon="128.3923055"/>
 <node id="2429714208" visible="true" version="1" changeset="17478435" timestamp="2013-08-24T02:07:32Z" user="mjhc" uid="367541" lat="36.1427354" lon="128.3902229"/>
 <node id="2429714209" visible="true" version="1" changeset="17478435" timestamp="2013-08-24T02:07:32Z" user="mjhc" uid="367541" lat="36.1470327" lon="128.3956892"/>
 <node id="2429714210" visible="true" version="1" changeset="17478435" timestamp="2013-08-24T02:07:32Z" user="mjhc" uid="367541" lat="36.1478035" lon="128.3917451"/>
 <node id="2429714211" visible="true" version="2" changeset="128758566" timestamp="2022-11-11T04:28:07Z" user="케이7" uid="8120174" lat="36.1426564" lon="128.3915654"/>
 <node id="2429714212" visible="true" version="1" changeset="17478435" timestamp="2013-08-24T02:07:32Z" user="mjhc" uid="367541" lat="36.1479291" lon="128.3921581"/>
 <node id="2429714213" visible="true" version="1" changeset="17478435" timestamp="2013-08-24T02:07:32Z" user="mjhc" uid="367541" lat="36.1421376" lon="128.3966763"/>
 <node id="2429714214" visible="true" version="2" changeset="128758566" timestamp="2022-11-11T04:28:07Z" user="케이7" uid="8120174" lat="36.1428805" lon="128.3898823"/>
 <node id="2429714215" visible="true" version="2" changeset="128779766" timestamp="2022-11-11T14:27:38Z" user="케이7" uid="8120174" lat="36.1454531" lon="128.3862443"/>
 <node id="2429714216" visible="true" version="1" changeset="17478435" timestamp="2013-08-24T02:07:32Z" user="mjhc" uid="367541" lat="36.1480983" lon="128.3912368"/>
 <node id="2429714217" visible="true" version="3" changeset="128758566" timestamp="2022-11-11T04:28:07Z" user="케이7" uid="8120174" lat="36.1430246" lon="128.3923909"/>
 <node id="2429714219" visible="true" version="1" changeset="17478435" timestamp="2013-08-24T02:07:32Z" user="mjhc" uid="367541" lat="36.1471886" lon="128.3967621"/>
 <node id="2429714220" visible="true" version="2" changeset="128758566" timestamp="2022-11-11T04:28:07Z" user="케이7" uid="8120174" lat="36.1479186" lon="128.3958524"/>
 <node id="2429714221" visible="true" version="4" changeset="128779766" timestamp="2022-11-11T14:27:38Z" user="케이7" uid="8120174" lat="36.1428742" lon="128.3921879"/>
 <node id="2429714222" visible="true" version="2" changeset="128758566" timestamp="2022-11-11T04:28:07Z" user="케이7" uid="8120174" lat="36.1426910" lon="128.3916700"/>
 <node id="2429714223" visible="true" version="1" changeset="17478435" timestamp="2013-08-24T02:07:33Z" user="mjhc" uid="367541" lat="36.1424105" lon="128.3967675"/>
 <node id="2429714224" visible="true" version="1" changeset="17478435" timestamp="2013-08-24T02:07:33Z" user="mjhc" uid="367541" lat="36.1437578" lon="128.3888550"/>
 <node id="2429714225" visible="true" version="1" changeset="17478435" timestamp="2013-08-24T02:07:33Z" user="mjhc" uid="367541" lat="36.1428264" lon="128.3965958"/>
 <node id="2429714226" visible="true" version="1" changeset="17478435" timestamp="2013-08-24T02:07:33Z" user="mjhc" uid="367541" lat="36.1452088" lon="128.3952480"/>
 <node id="2429714227" visible="true" version="2" changeset="128758566" timestamp="2022-11-11T04:28:07Z" user="케이7" uid="8120174" lat="36.1427224" lon="128.3903878"/>
 <node id="2429714228" visible="true" version="1" changeset="17478435" timestamp="2013-08-24T02:07:33Z" user="mjhc" uid="367541" lat="36.1426228" lon="128.3968104"/>
 <node id="2429714229" visible="true" version="2" changeset="128758566" timestamp="2022-11-11T04:28:07Z" user="케이7" uid="8120174" lat="36.1434372" lon="128.3894048"/>
 <node id="2429714230" visible="true" version="2" changeset="128779766" timestamp="2022-11-11T14:27:38Z" user="케이7" uid="8120174" lat="36.1416640" lon="128.3962833"/>
 <node id="2429714231" visible="true" version="3" changeset="128779766" timestamp="2022-11-11T14:27:38Z" user="케이7" uid="8120174" lat="36.1480551" lon="128.3940898"/>
 <node id="2429714233" visible="true" version="1" changeset="17478435" timestamp="2013-08-24T02:07:33Z" user="mjhc" uid="367541" lat="36.1428652" lon="128.3963746"/>
 <node id="2429714234" visible="true" version="1" changeset="17478435" timestamp="2013-08-24T02:07:33Z" user="mjhc" uid="367541" lat="36.1456335" lon="128.3951260"/>
 <node id="2429714235" visible="true" version="1" changeset="17478435" timestamp="2013-08-24T02:07:33Z" user="mjhc" uid="367541" lat="36.1420507" lon="128.3938211"/>
 <node id="2429714236" visible="true" version="2" changeset="128758566" timestamp="2022-11-11T04:28:07Z" user="케이7" uid="8120174" lat="36.1474429" lon="128.3969622"/>
 <node id="2429714237" visible="true" version="2" changeset="179055527" timestamp="2026-02-25T19:56:02Z" user="Weathering" uid="12509199" lat="36.1414685" lon="128.3949584"/>
 <node id="2429714238" visible="true" version="1" changeset="17478435" timestamp="2013-08-24T02:07:33Z" user="mjhc" uid="367541" lat="36.1410026" lon="128.3953137"/>
 <node id="2429714239" visible="true" version="1" changeset="17478435" timestamp="2013-08-24T02:07:33Z" user="mjhc" uid="367541" lat="36.1424406" lon="128.3912891"/>
 <node id="2429714240" visible="true" version="3" changeset="128779766" timestamp="2022-11-11T14:27:38Z" user="케이7" uid="8120174" lat="36.1489479" lon="128.3921608"/>
 <node id="2429714241" visible="true" version="2" changeset="161611496" timestamp="2025-01-21T18:33:32Z" user="Lavignein" uid="5188781" lat="36.1417156" lon="128.3965100"/>
 <node id="2429714242" visible="true" version="1" changeset="17478435" timestamp="2013-08-24T02:07:33Z" user="mjhc" uid="367541" lat="36.1425535" lon="128.3904804"/>
 <node id="2429714243" visible="true" version="2" changeset="128758566" timestamp="2022-11-11T04:28:07Z" user="케이7" uid="8120174" lat="36.1426467" lon="128.3914366"/>
 <node id="2429714245" visible="true" version="1" changeset="17478435" timestamp="2013-08-24T02:07:33Z" user="mjhc" uid="367541" lat="36.1470543" lon="128.3961613"/>
 <node id="2429714246" visible="true" version="1" changeset="17478435" timestamp="2013-08-24T02:07:33Z" user="mjhc" uid="367541" lat="36.1478774" lon="128.3914889"/>
 <node id="2429714247" visible="true" version="2" changeset="128779766" timestamp="2022-11-11T14:27:38Z" user="케이7" uid="8120174" lat="36.1445543" lon="128.3876846"/>
 <node id="2429714248" visible="true" version="2" changeset="48787448" timestamp="2017-05-18T10:38:01Z" user="The fast mover" uid="4505045" lat="36.1482743" lon="128.3909492"/>
 <node id="2429714249" visible="true" version="1" changeset="17478435" timestamp="2013-08-24T02:07:33Z" user="mjhc" uid="367541" lat="36.1453041" lon="128.3950442"/>
 <node id="2429714250" visible="true" version="3" changeset="128779766" timestamp="2022-11-11T14:27:38Z" user="케이7" uid="8120174" lat="36.1486828" lon="128.3922027"/>
 <node id="2429714251" visible="true" version="1" changeset="17478435" timestamp="2013-08-24T02:07:33Z" user="mjhc" uid="367541" lat="36.1433460" lon="128.3948296"/>
 <node id="2429714252" visible="true" version="2" changeset="179055527" timestamp="2026-02-25T19:56:02Z" user="Weathering" uid="12509199" lat="36.1412561" lon="128.3951581"/>
 <node id="2429714253" visible="true" version="3" changeset="128779766" timestamp="2022-11-11T14:27:38Z" user="케이7" uid="8120174" lat="36.1473838" lon="128.3880371"/>
 <node id="2429714254" visible="true" version="1" changeset="17478435" timestamp="2013-08-24T02:07:33Z" user="mjhc" uid="367541" lat="36.1424406" lon="128.3933276"/>
 <node id="2429714255" visible="true" version="1" changeset="17478435" timestamp="2013-08-24T02:07:33Z" user="mjhc" uid="367541" lat="36.1452088" lon="128.3953339"/>
 <node id="2429714256" visible="true" version="1" changeset="17478435" timestamp="2013-08-24T02:07:33Z" user="mjhc" uid="367541" lat="36.1479032" lon="128.3919167"/>
 <node id="2429714258" visible="true" version="2" changeset="128758566" timestamp="2022-11-11T04:28:07Z" user="케이7" uid="8120174" lat="36.1476093" lon="128.3958687"/>
 <node id="2429714261" visible="true" version="1" changeset="17478435" timestamp="2013-08-24T02:07:33Z" user="mjhc" uid="367541" lat="36.1429128" lon="128.3952480"/>
 <node id="2429714262" visible="true" version="1" changeset="17478435" timestamp="2013-08-24T02:07:33Z" user="mjhc" uid="367541" lat="36.1423107" lon="128.3931291"/>
 <node id="2429714263" visible="true" version="2" changeset="48787448" timestamp="2017-05-18T10:38:01Z" user="The fast mover" uid="4505045" lat="36.1482055" lon="128.3904229"/>
 <node id="2429714264" visible="true" version="3" changeset="128779766" timestamp="2022-11-11T14:27:38Z" user="케이7" uid="8120174" lat="36.1477387" lon="128.3883827"/>
 <node id="2429714268" visible="true" version="1" changeset="17478435" timestamp="2013-08-24T02:07:33Z" user="mjhc" uid="367541" lat="36.1447972" lon="128.3951407"/>
 <node id="2429714269" visible="true" version="3" changeset="128779766" timestamp="2022-11-11T14:27:38Z" user="케이7" uid="8120174" lat="36.1494083" lon="128.3936959"/>
 <node id="2429714270" visible="true" version="1" changeset="17478435" timestamp="2013-08-24T02:07:33Z" user="mjhc" uid="367541" lat="36.1427525" lon="128.3967447"/>
 <node id="2429714271" visible="true" version="3" changeset="128779766" timestamp="2022-11-11T14:27:38Z" user="케이7" uid="8120174" lat="36.1494781" lon="128.3933953"/>
 <node id="2429714272" visible="true" version="1" changeset="17478435" timestamp="2013-08-24T02:07:34Z" user="mjhc" uid="367541" lat="36.1422849" lon="128.3935649"/>
 <node id="2429714273" visible="true" version="1" changeset="17478435" timestamp="2013-08-24T02:07:34Z" user="mjhc" uid="367541" lat="36.1478254" lon="128.3916337"/>
 <node id="2429714275" visible="true" version="2" changeset="48787448" timestamp="2017-05-18T10:38:01Z" user="The fast mover" uid="4505045" lat="36.1480583" lon="128.3898204"/>
 <node id="2429714276" visible="true" version="2" changeset="128758566" timestamp="2022-11-11T04:28:07Z" user="케이7" uid="8120174" lat="36.1472346" lon="128.3969612"/>
 <node id="2429714277" visible="true" version="2" changeset="48787448" timestamp="2017-05-18T10:38:01Z" user="The fast mover" uid="4505045" lat="36.1479537" lon="128.3892538"/>
 <node id="2429714278" visible="true" version="2" changeset="128758566" timestamp="2022-11-11T04:28:07Z" user="케이7" uid="8120174" lat="36.1477727" lon="128.3966431"/>
 <node id="2429714279" visible="true" version="2" changeset="128779766" timestamp="2022-11-11T14:27:38Z" user="케이7" uid="8120174" lat="36.1437611" lon="128.3889823"/>
 <node id="2429714280" visible="true" version="2" changeset="128758566" timestamp="2022-11-11T04:28:07Z" user="케이7" uid="8120174" lat="36.1426737" lon="128.3910625"/>
 <node id="2429714281" visible="true" version="1" changeset="17478435" timestamp="2013-08-24T02:07:34Z" user="mjhc" uid="367541" lat="36.1428264" lon="128.3954318"/>
 <node id="2429714284" visible="true" version="4" changeset="183000580" timestamp="2026-05-22T02:00:45Z" user="Woo Ahn" uid="23263678" lat="36.1494155" lon="128.3937731"/>
 <node id="4391622689" visible="true" version="2" changeset="128758566" timestamp="2022-11-11T04:28:07Z" user="케이7" uid="8120174" lat="36.1461908" lon="128.3941099"/>
 <node id="4391622690" visible="true" version="2" changeset="128758566" timestamp="2022-11-11T04:28:07Z" user="케이7" uid="8120174" lat="36.1462991" lon="128.3947468"/>
 <node id="4391622691" visible="true" version="2" changeset="128758566" timestamp="2022-11-11T04:28:07Z" user="케이7" uid="8120174" lat="36.1463521" lon="128.3947264"/>
 <node id="4391622692" visible="true" version="2" changeset="128758566" timestamp="2022-11-11T04:28:07Z" user="케이7" uid="8120174" lat="36.1463638" lon="128.3947963"/>
 <node id="4391622693" visible="true" version="2" changeset="128758566" timestamp="2022-11-11T04:28:07Z" user="케이7" uid="8120174" lat="36.1464592" lon="128.3947730"/>
 <node id="4391622694" visible="true" version="2" changeset="128758566" timestamp="2022-11-11T04:28:07Z" user="케이7" uid="8120174" lat="36.1464227" lon="128.3944597"/>
 <node id="4391622695" visible="true" version="2" changeset="128758566" timestamp="2022-11-11T04:28:07Z" user="케이7" uid="8120174" lat="36.1465816" lon="128.3944305"/>
 <node id="4391622696" visible="true" version="2" changeset="128758566" timestamp="2022-11-11T04:28:07Z" user="케이7" uid="8120174" lat="36.1466295" lon="128.3947333"/>
 <node id="4391622697" visible="true" version="2" changeset="128758566" timestamp="2022-11-11T04:28:07Z" user="케이7" uid="8120174" lat="36.1466723" lon="128.3947231"/>
 <node id="4391622698" visible="true" version="2" changeset="128758566" timestamp="2022-11-11T04:28:07Z" user="케이7" uid="8120174" lat="36.1466911" lon="128.3948146"/>
 <node id="4391622699" visible="true" version="2" changeset="128758566" timestamp="2022-11-11T04:28:07Z" user="케이7" uid="8120174" lat="36.1468065" lon="128.3947835"/>
 <node id="4391622700" visible="true" version="2" changeset="128758566" timestamp="2022-11-11T04:28:07Z" user="케이7" uid="8120174" lat="36.1467244" lon="128.3943282"/>
 <node id="4391622701" visible="true" version="2" changeset="128758566" timestamp="2022-11-11T04:28:07Z" user="케이7" uid="8120174" lat="36.1468790" lon="128.3942862"/>
 <node id="4391622702" visible="true" version="2" changeset="128758566" timestamp="2022-11-11T04:28:07Z" user="케이7" uid="8120174" lat="36.1469934" lon="128.3946420"/>
 <node id="4391622703" visible="true" version="2" changeset="128758566" timestamp="2022-11-11T04:28:07Z" user="케이7" uid="8120174" lat="36.1470083" lon="128.3947048"/>
 <node id="4391622705" visible="true" version="3" changeset="128758566" timestamp="2022-11-11T04:28:07Z" user="케이7" uid="8120174" lat="36.1471181" lon="128.3946774"/>
 <node id="4391622706" visible="true" version="2" changeset="128758566" timestamp="2022-11-11T04:28:07Z" user="케이7" uid="8120174" lat="36.1470169" lon="128.3941285"/>
 <node id="4391622707" visible="true" version="3" changeset="128758566" timestamp="2022-11-11T04:28:07Z" user="케이7" uid="8120174" lat="36.1468343" lon="128.3941509"/>
 <node id="4391622708" visible="true" version="3" changeset="128758566" timestamp="2022-11-11T04:28:07Z" user="케이7" uid="8120174" lat="36.1468099" lon="128.3940080"/>
 <node id="4391622709" visible="true" version="3" changeset="128758566" timestamp="2022-11-11T04:28:07Z" user="케이7" uid="8120174" lat="36.1468840" lon="128.3939877"/>
 <node id="4391622710" visible="true" version="3" changeset="128758566" timestamp="2022-11-11T04:28:07Z" user="케이7" uid="8120174" lat="36.1468611" lon="128.3938507"/>
 <node id="4391622711" visible="true" version="3" changeset="128758566" timestamp="2022-11-11T04:28:07Z" user="케이7" uid="8120174" lat="36.1466804" lon="128.3937995"/>
 <node id="4391622712" visible="true" version="3" changeset="128758566" timestamp="2022-11-11T04:28:07Z" user="케이7" uid="8120174" lat="36.1466690" lon="128.3937364"/>
 <node id="4391622713" visible="true" version="2" changeset="128758566" timestamp="2022-11-11T04:28:07Z" user="케이7" uid="8120174" lat="36.1462312" lon="128.3938559"/>
 <node id="4391622716" visible="true" version="2" changeset="128758566" timestamp="2022-11-11T04:28:07Z" user="케이7" uid="8120174" lat="36.1462826" lon="128.3940268"/>
 <node id="4391622717" visible="true" version="2" changeset="128758566" timestamp="2022-11-11T04:28:07Z" user="케이7" uid="8120174" lat="36.1462414" lon="128.3940341"/>
 <node id="4391622718" visible="true" version="2" changeset="128758566" timestamp="2022-11-11T04:28:07Z" user="케이7" uid="8120174" lat="36.1461897" lon="128.3940749"/>
 <node id="4391622719" visible="true" version="3" changeset="161611496" timestamp="2025-01-21T18:33:32Z" user="Lavignein" uid="5188781" lat="36.1455408" lon="128.3935350"/>
 <node id="4391622728" visible="true" version="3" changeset="161611496" timestamp="2025-01-21T18:33:32Z" user="Lavignein" uid="5188781" lat="36.1459095" lon="128.3934331"/>
 <node id="4391622729" visible="true" version="3" changeset="161611496" timestamp="2025-01-21T18:33:32Z" user="Lavignein" uid="5188781" lat="36.1447008" lon="128.3935100"/>
 <node id="4391622730" visible="true" version="3" changeset="161611496" timestamp="2025-01-21T18:33:32Z" user="Lavignein" uid="5188781" lat="36.1448793" lon="128.3943926"/>
 <node id="4391622731" visible="true" version="3" changeset="161611496" timestamp="2025-01-21T18:33:32Z" user="Lavignein" uid="5188781" lat="36.1451757" lon="128.3944802"/>
 <node id="4391622737" visible="true" version="3" changeset="161611496" timestamp="2025-01-21T18:33:32Z" user="Lavignein" uid="5188781" lat="36.1455441" lon="128.3943384"/>
 <node id="4391622739" visible="true" version="2" changeset="161611496" timestamp="2025-01-21T18:33:32Z" user="Lavignein" uid="5188781" lat="36.1453615" lon="128.3934069"/>
 <node id="4391622740" visible="true" version="3" changeset="161611496" timestamp="2025-01-21T18:33:32Z" user="Lavignein" uid="5188781" lat="36.1448746" lon="128.3940260"/>
 <node id="4391622741" visible="true" version="3" changeset="161611496" timestamp="2025-01-21T18:33:32Z" user="Lavignein" uid="5188781" lat="36.1449385" lon="128.3944024"/>
 <node id="4391622742" visible="true" version="3" changeset="161611496" timestamp="2025-01-21T18:33:32Z" user="Lavignein" uid="5188781" lat="36.1449988" lon="128.3943866"/>
 <node id="4391622743" visible="true" version="3" changeset="161611496" timestamp="2025-01-21T18:33:32Z" user="Lavignein" uid="5188781" lat="36.1449843" lon="128.3943016"/>
 <node id="4391622744" visible="true" version="3" changeset="161611496" timestamp="2025-01-21T18:33:32Z" user="Lavignein" uid="5188781" lat="36.1451395" lon="128.3942612"/>
 <node id="4391622745" visible="true" version="3" changeset="161611496" timestamp="2025-01-21T18:33:32Z" user="Lavignein" uid="5188781" lat="36.1451750" lon="128.3944700"/>
 <node id="4391622746" visible="true" version="3" changeset="161611496" timestamp="2025-01-21T18:33:32Z" user="Lavignein" uid="5188781" lat="36.1453095" lon="128.3945063"/>
 <node id="4391622747" visible="true" version="3" changeset="161611496" timestamp="2025-01-21T18:33:32Z" user="Lavignein" uid="5188781" lat="36.1451879" lon="128.3940527"/>
 <node id="4391622748" visible="true" version="3" changeset="161611496" timestamp="2025-01-21T18:33:32Z" user="Lavignein" uid="5188781" lat="36.1449707" lon="128.3941092"/>
 <node id="4391622749" visible="true" version="3" changeset="161611496" timestamp="2025-01-21T18:33:32Z" user="Lavignein" uid="5188781" lat="36.1449531" lon="128.3940056"/>
 <node id="4391622750" visible="true" version="3" changeset="161611496" timestamp="2025-01-21T18:33:32Z" user="Lavignein" uid="5188781" lat="36.1463869" lon="128.3918600"/>
 <node id="4391622751" visible="true" version="3" changeset="161611496" timestamp="2025-01-21T18:33:32Z" user="Lavignein" uid="5188781" lat="36.1465807" lon="128.3927338"/>
 <node id="4391622752" visible="true" version="3" changeset="161611496" timestamp="2025-01-21T18:33:32Z" user="Lavignein" uid="5188781" lat="36.1467325" lon="128.3926916"/>
 <node id="4391622753" visible="true" version="3" changeset="161611496" timestamp="2025-01-21T18:33:32Z" user="Lavignein" uid="5188781" lat="36.1465980" lon="128.3920076"/>
 <node id="4391622754" visible="true" version="3" changeset="161611496" timestamp="2025-01-21T18:33:32Z" user="Lavignein" uid="5188781" lat="36.1468056" lon="128.3919392"/>
 <node id="4391622755" visible="true" version="3" changeset="161611496" timestamp="2025-01-21T18:33:32Z" user="Lavignein" uid="5188781" lat="36.1469735" lon="128.3926872"/>
 <node id="4391622757" visible="true" version="3" changeset="161611496" timestamp="2025-01-21T18:33:32Z" user="Lavignein" uid="5188781" lat="36.1474680" lon="128.3925616"/>
 <node id="4391622758" visible="true" version="3" changeset="161611496" timestamp="2025-01-21T18:33:32Z" user="Lavignein" uid="5188781" lat="36.1474503" lon="128.3916608"/>
 <node id="4391622759" visible="true" version="3" changeset="161611496" timestamp="2025-01-21T18:33:32Z" user="Lavignein" uid="5188781" lat="36.1472786" lon="128.3916367"/>
 <node id="4391622760" visible="true" version="3" changeset="161611496" timestamp="2025-01-21T18:33:32Z" user="Lavignein" uid="5188781" lat="36.1472418" lon="128.3922177"/>
 <node id="4391622761" visible="true" version="3" changeset="161611496" timestamp="2025-01-21T18:33:32Z" user="Lavignein" uid="5188781" lat="36.1472825" lon="128.3922273"/>
 <node id="4391622762" visible="true" version="3" changeset="161611496" timestamp="2025-01-21T18:33:32Z" user="Lavignein" uid="5188781" lat="36.1472728" lon="128.3922681"/>
 <node id="4391622763" visible="true" version="3" changeset="161611496" timestamp="2025-01-21T18:33:32Z" user="Lavignein" uid="5188781" lat="36.1470906" lon="128.3923161"/>
 <node id="4391622764" visible="true" version="3" changeset="161611496" timestamp="2025-01-21T18:33:32Z" user="Lavignein" uid="5188781" lat="36.1469491" lon="128.3916799"/>
 <node id="4391622765" visible="true" version="3" changeset="161611496" timestamp="2025-01-21T18:33:32Z" user="Lavignein" uid="5188781" lat="36.1454031" lon="128.3922455"/>
 <node id="4391622766" visible="true" version="3" changeset="161611496" timestamp="2025-01-21T18:33:32Z" user="Lavignein" uid="5188781" lat="36.1455384" lon="128.3929511"/>
 <node id="4391622767" visible="true" version="3" changeset="161611496" timestamp="2025-01-21T18:33:32Z" user="Lavignein" uid="5188781" lat="36.1456089" lon="128.3929304"/>
 <node id="4391622768" visible="true" version="3" changeset="161611496" timestamp="2025-01-21T18:33:32Z" user="Lavignein" uid="5188781" lat="36.1456332" lon="128.3930570"/>
 <node id="4391622769" visible="true" version="3" changeset="161611496" timestamp="2025-01-21T18:33:32Z" user="Lavignein" uid="5188781" lat="36.1460341" lon="128.3929860"/>
 <node id="4391622770" visible="true" version="3" changeset="161611496" timestamp="2025-01-21T18:33:32Z" user="Lavignein" uid="5188781" lat="36.1462468" lon="128.3929235"/>
 <node id="4391622771" visible="true" version="3" changeset="161611496" timestamp="2025-01-21T18:33:32Z" user="Lavignein" uid="5188781" lat="36.1460750" lon="128.3920258"/>
 <node id="4391622772" visible="true" version="3" changeset="161611496" timestamp="2025-01-21T18:33:32Z" user="Lavignein" uid="5188781" lat="36.1459315" lon="128.3920679"/>
 <node id="4391622773" visible="true" version="3" changeset="161611496" timestamp="2025-01-21T18:33:32Z" user="Lavignein" uid="5188781" lat="36.1460483" lon="128.3926779"/>
 <node id="4391622774" visible="true" version="3" changeset="161611496" timestamp="2025-01-21T18:33:32Z" user="Lavignein" uid="5188781" lat="36.1456377" lon="128.3927984"/>
 <node id="4391622775" visible="true" version="3" changeset="161611496" timestamp="2025-01-21T18:33:32Z" user="Lavignein" uid="5188781" lat="36.1455687" lon="128.3921968"/>
 <node id="4422056040" visible="true" version="4" changeset="128779766" timestamp="2022-11-11T14:27:38Z" user="케이7" uid="8120174" lat="36.1391364" lon="128.3970185"/>
 <node id="4663215383" visible="true" version="3" changeset="128758566" timestamp="2022-11-11T04:28:07Z" user="케이7" uid="8120174" lat="36.1434660" lon="128.3931640"/>
 <node id="4663215384" visible="true" version="2" changeset="128758566" timestamp="2022-11-11T04:28:07Z" user="케이7" uid="8120174" lat="36.1439589" lon="128.3935087"/>
 <node id="4663215385" visible="true" version="2" changeset="161611496" timestamp="2025-01-21T18:33:32Z" user="Lavignein" uid="5188781" lat="36.1445668" lon="128.3932904"/>
 <node id="4663215386" visible="true" version="3" changeset="161611496" timestamp="2025-01-21T18:33:32Z" user="Lavignein" uid="5188781" lat="36.1450334" lon="128.3932638"/>
 <node id="4663215387" visible="true" version="3" changeset="161611496" timestamp="2025-01-21T18:33:32Z" user="Lavignein" uid="5188781" lat="36.1456008" lon="128.3932938"/>
 <node id="4663215388" visible="true" version="3" changeset="128758566" timestamp="2022-11-11T04:28:07Z" user="케이7" uid="8120174" lat="36.1475448" lon="128.3928297"/>
 <node id="4663215689" visible="true" version="3" changeset="128758566" timestamp="2022-11-11T04:28:07Z" user="케이7" uid="8120174" lat="36.1438090" lon="128.3940415"/>
 <node id="4663215690" visible="true" version="3" changeset="161611496" timestamp="2025-01-21T18:33:32Z" user="Lavignein" uid="5188781" lat="36.1439936" lon="128.3927111"/>
 <node id="4663215691" visible="true" version="3" changeset="161611496" timestamp="2025-01-21T18:33:32Z" user="Lavignein" uid="5188781" lat="36.1441064" lon="128.3932439"/>
 <node id="4663215692" visible="true" version="3" changeset="161611496" timestamp="2025-01-21T18:33:32Z" user="Lavignein" uid="5188781" lat="36.1446032" lon="128.3930826"/>
 <node id="4663215693" visible="true" version="3" changeset="161611496" timestamp="2025-01-21T18:33:32Z" user="Lavignein" uid="5188781" lat="36.1445570" lon="128.3928649"/>
 <node id="4663215694" visible="true" version="3" changeset="161611496" timestamp="2025-01-21T18:33:32Z" user="Lavignein" uid="5188781" lat="36.1442514" lon="128.3929642"/>
 <node id="4663215695" visible="true" version="3" changeset="161611496" timestamp="2025-01-21T18:33:32Z" user="Lavignein" uid="5188781" lat="36.1441846" lon="128.3926491"/>
 <node id="4664402705" visible="true" version="3" changeset="161611496" timestamp="2025-01-21T18:33:32Z" user="Lavignein" uid="5188781" lat="36.1442491" lon="128.3923255"/>
 <node id="4664402706" visible="true" version="2" changeset="128779766" timestamp="2022-11-11T14:27:38Z" user="케이7" uid="8120174" lat="36.1443250" lon="128.3926901"/>
 <node id="4664402707" visible="true" version="2" changeset="128779766" timestamp="2022-11-11T14:27:38Z" user="케이7" uid="8120174" lat="36.1445319" lon="128.3926230"/>
 <node id="4664402708" visible="true" version="2" changeset="128779766" timestamp="2022-11-11T14:27:38Z" user="케이7" uid="8120174" lat="36.1444965" lon="128.3924648"/>
 <node id="4664402709" visible="true" version="2" changeset="128779766" timestamp="2022-11-11T14:27:38Z" user="케이7" uid="8120174" lat="36.1442911" lon="128.3925275"/>
 <node id="4664402710" visible="true" version="2" changeset="128779766" timestamp="2022-11-11T14:27:38Z" user="케이7" uid="8120174" lat="36.1445747" lon="128.3923369"/>
 <node id="4664402711" visible="true" version="2" changeset="128779766" timestamp="2022-11-11T14:27:38Z" user="케이7" uid="8120174" lat="36.1441892" lon="128.3924469"/>
 <node id="4664402712" visible="true" version="2" changeset="128779766" timestamp="2022-11-11T14:27:38Z" user="케이7" uid="8120174" lat="36.1442672" lon="128.3928009"/>
 <node id="4664402713" visible="true" version="2" changeset="128779766" timestamp="2022-11-11T14:27:38Z" user="케이7" uid="8120174" lat="36.1446484" lon="128.3926829"/>
 <node id="4664414884" visible="true" version="3" changeset="161611496" timestamp="2025-01-21T18:33:32Z" user="Lavignein" uid="5188781" lat="36.1428856" lon="128.3925189"/>
 <node id="4664414885" visible="true" version="2" changeset="161611496" timestamp="2025-01-21T18:33:32Z" user="Lavignein" uid="5188781" lat="36.1424071" lon="128.3929054"/>
 <node id="4664414886" visible="true" version="1" changeset="45816572" timestamp="2017-02-04T22:09:47Z" user="윤정한" uid="5117916" lat="36.1423044" lon="128.3927104"/>
 <node id="4664414887" visible="true" version="3" changeset="161611496" timestamp="2025-01-21T18:33:32Z" user="Lavignein" uid="5188781" lat="36.1423702" lon="128.3924800"/>
 <node id="4664414888" visible="true" version="3" changeset="161611496" timestamp="2025-01-21T18:33:32Z" user="Lavignein" uid="5188781" lat="36.1427175" lon="128.3921997"/>
 <node id="4664414989" visible="true" version="3" changeset="128779766" timestamp="2022-11-11T14:27:38Z" user="케이7" uid="8120174" lat="36.1423603" lon="128.3925523"/>
 <node id="4664414990" visible="true" version="3" changeset="128779766" timestamp="2022-11-11T14:27:38Z" user="케이7" uid="8120174" lat="36.1424327" lon="128.3926916"/>
 <node id="4664414991" visible="true" version="3" changeset="128779766" timestamp="2022-11-11T14:27:38Z" user="케이7" uid="8120174" lat="36.1427895" lon="128.3924335"/>
 <node id="4664414992" visible="true" version="3" changeset="128779766" timestamp="2022-11-11T14:27:38Z" user="케이7" uid="8120174" lat="36.1427220" lon="128.3922920"/>
 <node id="4712796948" visible="true" version="4" changeset="161611496" timestamp="2025-01-21T18:33:32Z" user="Lavignein" uid="5188781" lat="36.1461656" lon="128.3917493"/>
 <node id="4712796949" visible="true" version="3" changeset="128779766" timestamp="2022-11-11T14:27:38Z" user="케이7" uid="8120174" lat="36.1463039" lon="128.3925233"/>
 <node id="4712796950" visible="true" version="2" changeset="128779766" timestamp="2022-11-11T14:27:38Z" user="케이7" uid="8120174" lat="36.1464258" lon="128.3924886"/>
 <node id="4796115191" visible="true" version="2" changeset="71387943" timestamp="2019-06-19T05:43:16Z" user="maphunter36" uid="2924920" lat="36.1480159" lon="128.4085935"/>
 <node id="4796115203" visible="true" version="2" changeset="151926682" timestamp="2024-05-28T06:08:48Z" user="Bnew13" uid="21350967" lat="36.1450617" lon="128.4078210"/>
 <node id="4853580014" visible="true" version="2" changeset="128758566" timestamp="2022-11-11T04:28:07Z" user="케이7" uid="8120174" lat="36.1434310" lon="128.3933506"/>
 <node id="4853580015" visible="true" version="3" changeset="128758566" timestamp="2022-11-11T04:28:07Z" user="케이7" uid="8120174" lat="36.1432075" lon="128.3937237"/>
 <node id="4853580016" visible="true" version="3" changeset="128758566" timestamp="2022-11-11T04:28:07Z" user="케이7" uid="8120174" lat="36.1431911" lon="128.3937686"/>
 <node id="4853580017" visible="true" version="3" changeset="128758566" timestamp="2022-11-11T04:28:07Z" user="케이7" uid="8120174" lat="36.1433186" lon="128.3939699"/>
 <node id="4853580018" visible="true" version="3" changeset="128758566" timestamp="2022-11-11T04:28:07Z" user="케이7" uid="8120174" lat="36.1433583" lon="128.3939607"/>
 <node id="4853580019" visible="true" version="3" changeset="128758566" timestamp="2022-11-11T04:28:07Z" user="케이7" uid="8120174" lat="36.1433938" lon="128.3939366"/>
 <node id="4853580020" visible="true" version="3" changeset="128758566" timestamp="2022-11-11T04:28:07Z" user="케이7" uid="8120174" lat="36.1434160" lon="128.3937120"/>
 <node id="4853580221" visible="true" version="3" changeset="128758566" timestamp="2022-11-11T04:28:07Z" user="케이7" uid="8120174" lat="36.1433860" lon="128.3936779"/>
 <node id="4853580222" visible="true" version="3" changeset="128758566" timestamp="2022-11-11T04:28:07Z" user="케이7" uid="8120174" lat="36.1432708" lon="128.3936596"/>
 <node id="4853580223" visible="true" version="3" changeset="128758566" timestamp="2022-11-11T04:28:07Z" user="케이7" uid="8120174" lat="36.1432341" lon="128.3936871"/>
 <node id="4853580224" visible="true" version="2" changeset="128758566" timestamp="2022-11-11T04:28:07Z" user="케이7" uid="8120174" lat="36.1435508" lon="128.3938780"/>
 <node id="4853580225" visible="true" version="3" changeset="128758566" timestamp="2022-11-11T04:28:07Z" user="케이7" uid="8120174" lat="36.1434358" lon="128.3937560"/>
 <node id="4853580226" visible="true" version="2" changeset="128758566" timestamp="2022-11-11T04:28:07Z" user="케이7" uid="8120174" lat="36.1430886" lon="128.3938241"/>
 <node id="4853580227" visible="true" version="2" changeset="128758566" timestamp="2022-11-11T04:28:07Z" user="케이7" uid="8120174" lat="36.1432013" lon="128.3940244"/>
 <node id="4853580228" visible="true" version="7" changeset="182690855" timestamp="2026-05-15T10:45:46Z" user="pudlepoodle" uid="24130265" lat="36.1431049" lon="128.3943346">
  <tag k="bench" v="yes"/>
  <tag k="bin" v="no"/>
  <tag k="bus" v="yes"/>
  <tag k="departures_board" v="realtime"/>
  <tag k="highway" v="bus_stop"/>
  <tag k="name" v="금오공과대학교종점"/>
  <tag k="name:ko" v="금오공과대학교종점"/>
  <tag k="public_transport" v="platform"/>
  <tag k="shelter" v="yes"/>
 </node>
 <node id="4853580229" visible="true" version="2" changeset="106992710" timestamp="2021-06-26T07:09:05Z" user="Weathering" uid="12509199" lat="36.1423109" lon="128.3946565"/>
 <node id="4853580230" visible="true" version="2" changeset="128758566" timestamp="2022-11-11T04:28:07Z" user="케이7" uid="8120174" lat="36.1426505" lon="128.3950145"/>
 <node id="4853580231" visible="true" version="2" changeset="128758566" timestamp="2022-11-11T04:28:07Z" user="케이7" uid="8120174" lat="36.1426991" lon="128.3951338"/>
 <node id="4853580232" visible="true" version="2" changeset="144393169" timestamp="2023-11-24T05:50:17Z" user="morago" uid="11113946" lat="36.1427339" lon="128.3951079"/>
 <node id="4853580233" visible="true" version="2" changeset="128758566" timestamp="2022-11-11T04:28:07Z" user="케이7" uid="8120174" lat="36.1427966" lon="128.3954888"/>
 <node id="4853580234" visible="true" version="2" changeset="128758566" timestamp="2022-11-11T04:28:07Z" user="케이7" uid="8120174" lat="36.1426673" lon="128.3959433"/>
 <node id="4853580235" visible="true" version="2" changeset="104318812" timestamp="2021-05-07T12:35:33Z" user="Weathering" uid="12509199" lat="36.1425568" lon="128.3961059"/>
 <node id="4853580236" visible="true" version="2" changeset="104318812" timestamp="2021-05-07T12:35:33Z" user="Weathering" uid="12509199" lat="36.1425808" lon="128.3962253"/>
 <node id="4853580237" visible="true" version="2" changeset="128758566" timestamp="2022-11-11T04:28:07Z" user="케이7" uid="8120174" lat="36.1425043" lon="128.3959659"/>
 <node id="4853580238" visible="true" version="2" changeset="128758566" timestamp="2022-11-11T04:28:07Z" user="케이7" uid="8120174" lat="36.1424982" lon="128.3959868"/>
 <node id="4853580239" visible="true" version="2" changeset="128758566" timestamp="2022-11-11T04:28:07Z" user="케이7" uid="8120174" lat="36.1423772" lon="128.3960408"/>
 <node id="4853580240" visible="true" version="2" changeset="128758566" timestamp="2022-11-11T04:28:07Z" user="케이7" uid="8120174" lat="36.1423046" lon="128.3961547"/>
 <node id="4853580241" visible="true" version="2" changeset="128758566" timestamp="2022-11-11T04:28:07Z" user="케이7" uid="8120174" lat="36.1422018" lon="128.3963839"/>
 <node id="4853580242" visible="true" version="2" changeset="128758566" timestamp="2022-11-11T04:28:07Z" user="케이7" uid="8120174" lat="36.1423747" lon="128.3965814"/>
 <node id="4853580243" visible="true" version="2" changeset="128758566" timestamp="2022-11-11T04:28:07Z" user="케이7" uid="8120174" lat="36.1424995" lon="128.3966027"/>
 <node id="4853580244" visible="true" version="2" changeset="128758566" timestamp="2022-11-11T04:28:07Z" user="케이7" uid="8120174" lat="36.1426241" lon="128.3965427"/>
 <node id="4853580245" visible="true" version="2" changeset="128758566" timestamp="2022-11-11T04:28:07Z" user="케이7" uid="8120174" lat="36.1427257" lon="128.3964139"/>
 <node id="4853580246" visible="true" version="2" changeset="128758566" timestamp="2022-11-11T04:28:07Z" user="케이7" uid="8120174" lat="36.1427657" lon="128.3962805"/>
 <node id="4853580247" visible="true" version="2" changeset="128758566" timestamp="2022-11-11T04:28:07Z" user="케이7" uid="8120174" lat="36.1427572" lon="128.3961067"/>
 <node id="4853580248" visible="true" version="2" changeset="128758566" timestamp="2022-11-11T04:28:07Z" user="케이7" uid="8120174" lat="36.1427112" lon="128.3960093"/>
 <node id="4853580249" visible="true" version="2" changeset="128758566" timestamp="2022-11-11T04:28:07Z" user="케이7" uid="8120174" lat="36.1425466" lon="128.3959299"/>
 <node id="4853580250" visible="true" version="2" changeset="128758566" timestamp="2022-11-11T04:28:07Z" user="케이7" uid="8120174" lat="36.1425152" lon="128.3959269"/>
 <node id="4853586164" visible="true" version="3" changeset="161611496" timestamp="2025-01-21T18:33:32Z" user="Lavignein" uid="5188781" lat="36.1463994" lon="128.3930867"/>
 <node id="4853586165" visible="true" version="3" changeset="161611496" timestamp="2025-01-21T18:33:32Z" user="Lavignein" uid="5188781" lat="36.1465012" lon="128.3937236"/>
 <node id="4853586166" visible="true" version="3" changeset="161611496" timestamp="2025-01-21T18:33:32Z" user="Lavignein" uid="5188781" lat="36.1461633" lon="128.3938065"/>
 <node id="4853586167" visible="true" version="3" changeset="161611496" timestamp="2025-01-21T18:33:32Z" user="Lavignein" uid="5188781" lat="36.1460614" lon="128.3931695"/>
 <node id="4853586168" visible="true" version="2" changeset="128758566" timestamp="2022-11-11T04:28:07Z" user="케이7" uid="8120174" lat="36.1464403" lon="128.3930609"/>
 <node id="4853586169" visible="true" version="2" changeset="128758566" timestamp="2022-11-11T04:28:07Z" user="케이7" uid="8120174" lat="36.1465568" lon="128.3937244"/>
 <node id="4855945479" visible="true" version="3" changeset="161611496" timestamp="2025-01-21T18:33:32Z" user="Lavignein" uid="5188781" lat="36.1453896" lon="128.3932323"/>
 <node id="4855945480" visible="true" version="2" changeset="128758566" timestamp="2022-11-11T04:28:07Z" user="케이7" uid="8120174" lat="36.1453357" lon="128.3928478"/>
 <node id="4855945482" visible="true" version="3" changeset="161611496" timestamp="2025-01-21T18:33:32Z" user="Lavignein" uid="5188781" lat="36.1454874" lon="128.3938136"/>
 <node id="4855945486" visible="true" version="3" changeset="161611496" timestamp="2025-01-21T18:33:32Z" user="Lavignein" uid="5188781" lat="36.1456103" lon="128.3944252"/>
 <node id="4855945487" visible="true" version="3" changeset="161611496" timestamp="2025-01-21T18:33:32Z" user="Lavignein" uid="5188781" lat="36.1461529" lon="128.3942650"/>
 <node id="4855945488" visible="true" version="2" changeset="128758566" timestamp="2022-11-11T04:28:07Z" user="케이7" uid="8120174" lat="36.1462502" lon="128.3947881"/>
 <node id="4855945489" visible="true" version="2" changeset="128758566" timestamp="2022-11-11T04:28:07Z" user="케이7" uid="8120174" lat="36.1461906" lon="128.3945085"/>
 <node id="4855945490" visible="true" version="3" changeset="128758566" timestamp="2022-11-11T04:28:07Z" user="케이7" uid="8120174" lat="36.1462358" lon="128.3943746"/>
 <node id="4857586961" visible="true" version="3" changeset="161611496" timestamp="2025-01-21T18:33:32Z" user="Lavignein" uid="5188781" lat="36.1449201" lon="128.3878037"/>
 <node id="4857586962" visible="true" version="3" changeset="161611496" timestamp="2025-01-21T18:33:32Z" user="Lavignein" uid="5188781" lat="36.1444738" lon="128.3884369"/>
 <node id="4857586963" visible="true" version="3" changeset="161611496" timestamp="2025-01-21T18:33:32Z" user="Lavignein" uid="5188781" lat="36.1447166" lon="128.3886992"/>
 <node id="4857586964" visible="true" version="3" changeset="161611496" timestamp="2025-01-21T18:33:32Z" user="Lavignein" uid="5188781" lat="36.1450632" lon="128.3882074"/>
 <node id="4857586965" visible="true" version="3" changeset="161611496" timestamp="2025-01-21T18:33:32Z" user="Lavignein" uid="5188781" lat="36.1450526" lon="128.3881959"/>
 <node id="4857586966" visible="true" version="3" changeset="161611496" timestamp="2025-01-21T18:33:32Z" user="Lavignein" uid="5188781" lat="36.1452174" lon="128.3879621"/>
 <node id="4857586967" visible="true" version="3" changeset="161611496" timestamp="2025-01-21T18:33:32Z" user="Lavignein" uid="5188781" lat="36.1450551" lon="128.3877868"/>
 <node id="4857586968" visible="true" version="3" changeset="161611496" timestamp="2025-01-21T18:33:32Z" user="Lavignein" uid="5188781" lat="36.1449899" lon="128.3878793"/>
 <node id="4857586969" visible="true" version="3" changeset="161611496" timestamp="2025-01-21T18:33:32Z" user="Lavignein" uid="5188781" lat="36.1444243" lon="128.3887340"/>
 <node id="4857586970" visible="true" version="3" changeset="161611496" timestamp="2025-01-21T18:33:32Z" user="Lavignein" uid="5188781" lat="36.1442344" lon="128.3889901"/>
 <node id="4857586971" visible="true" version="3" changeset="161611496" timestamp="2025-01-21T18:33:32Z" user="Lavignein" uid="5188781" lat="36.1443581" lon="128.3891306"/>
 <node id="4857586972" visible="true" version="3" changeset="161611496" timestamp="2025-01-21T18:33:32Z" user="Lavignein" uid="5188781" lat="36.1445479" lon="128.3888745"/>
 <node id="4857586973" visible="true" version="2" changeset="128779766" timestamp="2022-11-11T14:27:38Z" user="케이7" uid="8120174" lat="36.1439161" lon="128.3892053"/>
 <node id="4857586974" visible="true" version="2" changeset="128779766" timestamp="2022-11-11T14:27:38Z" user="케이7" uid="8120174" lat="36.1438598" lon="128.3892689"/>
 <node id="4857586975" visible="true" version="2" changeset="128779766" timestamp="2022-11-11T14:27:38Z" user="케이7" uid="8120174" lat="36.1438173" lon="128.3892173"/>
 <node id="4857586976" visible="true" version="2" changeset="128779766" timestamp="2022-11-11T14:27:38Z" user="케이7" uid="8120174" lat="36.1436959" lon="128.3895555"/>
 <node id="4857586977" visible="true" version="1" changeset="48728712" timestamp="2017-05-16T11:34:23Z" user="The fast mover" uid="4505045" lat="36.1436592" lon="128.3896475"/>
 <node id="4857586979" visible="true" version="2" changeset="128779766" timestamp="2022-11-11T14:27:38Z" user="케이7" uid="8120174" lat="36.1445306" lon="128.3904398"/>
 <node id="4857586980" visible="true" version="2" changeset="128779766" timestamp="2022-11-11T14:27:38Z" user="케이7" uid="8120174" lat="36.1448044" lon="128.3900320"/>
 <node id="4857586981" visible="true" version="2" changeset="128779766" timestamp="2022-11-11T14:27:38Z" user="케이7" uid="8120174" lat="36.1440140" lon="128.3891252"/>
 <node id="4857586982" visible="true" version="2" changeset="128779766" timestamp="2022-11-11T14:27:38Z" user="케이7" uid="8120174" lat="36.1439772" lon="128.3891535"/>
 <node id="4857586984" visible="true" version="2" changeset="128779766" timestamp="2022-11-11T14:27:38Z" user="케이7" uid="8120174" lat="36.1441077" lon="128.3889577"/>
 <node id="4857586985" visible="true" version="2" changeset="128779766" timestamp="2022-11-11T14:27:38Z" user="케이7" uid="8120174" lat="36.1439838" lon="128.3891519"/>
 <node id="4857586986" visible="true" version="2" changeset="128779766" timestamp="2022-11-11T14:27:38Z" user="케이7" uid="8120174" lat="36.1436512" lon="128.3894899"/>
 <node id="4857586987" visible="true" version="2" changeset="128779766" timestamp="2022-11-11T14:27:38Z" user="케이7" uid="8120174" lat="36.1435489" lon="128.3893952"/>
 <node id="4857586988" visible="true" version="2" changeset="128779766" timestamp="2022-11-11T14:27:38Z" user="케이7" uid="8120174" lat="36.1436736" lon="128.3891845"/>
 <node id="4857586989" visible="true" version="2" changeset="128779766" timestamp="2022-11-11T14:27:38Z" user="케이7" uid="8120174" lat="36.1437106" lon="128.3891277"/>
 <node id="4857586990" visible="true" version="2" changeset="128779766" timestamp="2022-11-11T14:27:38Z" user="케이7" uid="8120174" lat="36.1437801" lon="128.3890120"/>
 <node id="4857586991" visible="true" version="2" changeset="128779766" timestamp="2022-11-11T14:27:38Z" user="케이7" uid="8120174" lat="36.1439470" lon="128.3890194"/>
 <node id="4857586992" visible="true" version="2" changeset="128779766" timestamp="2022-11-11T14:27:38Z" user="케이7" uid="8120174" lat="36.1440317" lon="128.3888861"/>
 <node id="4857586993" visible="true" version="2" changeset="128758566" timestamp="2022-11-11T04:28:07Z" user="케이7" uid="8120174" lat="36.1435112" lon="128.3895098"/>
 <node id="4857586994" visible="true" version="2" changeset="128758566" timestamp="2022-11-11T04:28:07Z" user="케이7" uid="8120174" lat="36.1435760" lon="128.3895241"/>
 <node id="4857586995" visible="true" version="2" changeset="128758566" timestamp="2022-11-11T04:28:07Z" user="케이7" uid="8120174" lat="36.1436250" lon="128.3894880"/>
 <node id="4857586996" visible="true" version="2" changeset="128779766" timestamp="2022-11-11T14:27:38Z" user="케이7" uid="8120174" lat="36.1437528" lon="128.3892592"/>
 <node id="4857586997" visible="true" version="2" changeset="128779766" timestamp="2022-11-11T14:27:38Z" user="케이7" uid="8120174" lat="36.1438408" lon="128.3891120"/>
 <node id="4857586998" visible="true" version="2" changeset="128779766" timestamp="2022-11-11T14:27:38Z" user="케이7" uid="8120174" lat="36.1439507" lon="128.3891052"/>
 <node id="4857586999" visible="true" version="2" changeset="128779766" timestamp="2022-11-11T14:27:38Z" user="케이7" uid="8120174" lat="36.1443229" lon="128.3886271"/>
 <node id="4857587000" visible="true" version="2" changeset="128779766" timestamp="2022-11-11T14:27:38Z" user="케이7" uid="8120174" lat="36.1442229" lon="128.3884929"/>
 <node id="4857587001" visible="true" version="2" changeset="128779766" timestamp="2022-11-11T14:27:38Z" user="케이7" uid="8120174" lat="36.1440922" lon="128.3885789"/>
 <node id="4857587002" visible="true" version="2" changeset="128779766" timestamp="2022-11-11T14:27:38Z" user="케이7" uid="8120174" lat="36.1440019" lon="128.3886788"/>
 <node id="4857587003" visible="true" version="2" changeset="128779766" timestamp="2022-11-11T14:27:38Z" user="케이7" uid="8120174" lat="36.1439574" lon="128.3887511"/>
 <node id="4857587004" visible="true" version="2" changeset="128779766" timestamp="2022-11-11T14:27:38Z" user="케이7" uid="8120174" lat="36.1441242" lon="128.3889214"/>
 <node id="4857587005" visible="true" version="2" changeset="128779766" timestamp="2022-11-11T14:27:38Z" user="케이7" uid="8120174" lat="36.1443598" lon="128.3883788"/>
 <node id="4857587006" visible="true" version="2" changeset="128779766" timestamp="2022-11-11T14:27:38Z" user="케이7" uid="8120174" lat="36.1444588" lon="128.3885105"/>
 <node id="4857587007" visible="true" version="2" changeset="128779766" timestamp="2022-11-11T14:27:38Z" user="케이7" uid="8120174" lat="36.1441517" lon="128.3889087"/>
 <node id="4857587008" visible="true" version="2" changeset="128779766" timestamp="2022-11-11T14:27:38Z" user="케이7" uid="8120174" lat="36.1445994" lon="128.3886683"/>
 <node id="4857587009" visible="true" version="2" changeset="128779766" timestamp="2022-11-11T14:27:38Z" user="케이7" uid="8120174" lat="36.1455401" lon="128.3863837"/>
 <node id="4857587010" visible="true" version="2" changeset="128779766" timestamp="2022-11-11T14:27:38Z" user="케이7" uid="8120174" lat="36.1451243" lon="128.3871445"/>
 <node id="4857587011" visible="true" version="2" changeset="128779766" timestamp="2022-11-11T14:27:38Z" user="케이7" uid="8120174" lat="36.1451127" lon="128.3875026"/>
 <node id="4857587012" visible="true" version="2" changeset="128779766" timestamp="2022-11-11T14:27:38Z" user="케이7" uid="8120174" lat="36.1451672" lon="128.3876569"/>
 <node id="4857587013" visible="true" version="2" changeset="128779766" timestamp="2022-11-11T14:27:38Z" user="케이7" uid="8120174" lat="36.1455223" lon="128.3880289"/>
 <node id="4857587014" visible="true" version="2" changeset="128779766" timestamp="2022-11-11T14:27:38Z" user="케이7" uid="8120174" lat="36.1459766" lon="128.3884802"/>
 <node id="4857587015" visible="true" version="2" changeset="128779766" timestamp="2022-11-11T14:27:38Z" user="케이7" uid="8120174" lat="36.1460739" lon="128.3885516"/>
 <node id="4857587016" visible="true" version="2" changeset="128779766" timestamp="2022-11-11T14:27:38Z" user="케이7" uid="8120174" lat="36.1461583" lon="128.3885914"/>
 <node id="4857587017" visible="true" version="3" changeset="183001433" timestamp="2026-05-22T03:04:59Z" user="Woo Ahn" uid="23263678" lat="36.1463663" lon="128.3885371"/>
 <node id="4857587018" visible="true" version="3" changeset="183001433" timestamp="2026-05-22T03:04:59Z" user="Woo Ahn" uid="23263678" lat="36.1464270" lon="128.3884911"/>
 <node id="4857587019" visible="true" version="3" changeset="183001433" timestamp="2026-05-22T03:04:59Z" user="Woo Ahn" uid="23263678" lat="36.1465127" lon="128.3884473"/>
 <node id="4857587020" visible="true" version="3" changeset="183001433" timestamp="2026-05-22T03:04:59Z" user="Woo Ahn" uid="23263678" lat="36.1466151" lon="128.3883924"/>
 <node id="4857587221" visible="true" version="3" changeset="183001433" timestamp="2026-05-22T03:04:59Z" user="Woo Ahn" uid="23263678" lat="36.1467460" lon="128.3882073"/>
 <node id="4857587222" visible="true" version="3" changeset="183001433" timestamp="2026-05-22T03:04:59Z" user="Woo Ahn" uid="23263678" lat="36.1469956" lon="128.3877893"/>
 <node id="4857587223" visible="true" version="2" changeset="128779766" timestamp="2022-11-11T14:27:38Z" user="케이7" uid="8120174" lat="36.1463609" lon="128.3871491"/>
 <node id="4857587224" visible="true" version="2" changeset="128779766" timestamp="2022-11-11T14:27:38Z" user="케이7" uid="8120174" lat="36.1457646" lon="128.3865994"/>
 <node id="4857587225" visible="true" version="2" changeset="128779766" timestamp="2022-11-11T14:27:38Z" user="케이7" uid="8120174" lat="36.1458104" lon="128.3881498"/>
 <node id="4857587226" visible="true" version="2" changeset="128779766" timestamp="2022-11-11T14:27:38Z" user="케이7" uid="8120174" lat="36.1457488" lon="128.3882518"/>
 <node id="4857587227" visible="true" version="2" changeset="128779766" timestamp="2022-11-11T14:27:38Z" user="케이7" uid="8120174" lat="36.1456082" lon="128.3879554"/>
 <node id="4857587228" visible="true" version="2" changeset="128779766" timestamp="2022-11-11T14:27:38Z" user="케이7" uid="8120174" lat="36.1452329" lon="128.3874090"/>
 <node id="4857587229" visible="true" version="2" changeset="128779766" timestamp="2022-11-11T14:27:38Z" user="케이7" uid="8120174" lat="36.1451983" lon="128.3874409"/>
 <node id="4857587230" visible="true" version="2" changeset="128779766" timestamp="2022-11-11T14:27:38Z" user="케이7" uid="8120174" lat="36.1450960" lon="128.3872177"/>
 <node id="4857587231" visible="true" version="2" changeset="128779766" timestamp="2022-11-11T14:27:38Z" user="케이7" uid="8120174" lat="36.1454924" lon="128.3878399"/>
 <node id="4857587232" visible="true" version="2" changeset="128779766" timestamp="2022-11-11T14:27:38Z" user="케이7" uid="8120174" lat="36.1453431" lon="128.3876760"/>
 <node id="4857587233" visible="true" version="2" changeset="128779766" timestamp="2022-11-11T14:27:38Z" user="케이7" uid="8120174" lat="36.1453018" lon="128.3876050"/>
 <node id="4857587234" visible="true" version="2" changeset="128779766" timestamp="2022-11-11T14:27:38Z" user="케이7" uid="8120174" lat="36.1452906" lon="128.3875678"/>
 <node id="4857587235" visible="true" version="2" changeset="128779766" timestamp="2022-11-11T14:27:38Z" user="케이7" uid="8120174" lat="36.1452539" lon="128.3874354"/>
 <node id="4857587237" visible="true" version="2" changeset="128779766" timestamp="2022-11-11T14:27:38Z" user="케이7" uid="8120174" lat="36.1463478" lon="128.3885025"/>
 <node id="4857587238" visible="true" version="2" changeset="128779766" timestamp="2022-11-11T14:27:38Z" user="케이7" uid="8120174" lat="36.1461536" lon="128.3884600"/>
 <node id="4857587239" visible="true" version="2" changeset="128779766" timestamp="2022-11-11T14:27:38Z" user="케이7" uid="8120174" lat="36.1460403" lon="128.3883789"/>
 <node id="4857587240" visible="true" version="2" changeset="128779766" timestamp="2022-11-11T14:27:38Z" user="케이7" uid="8120174" lat="36.1459346" lon="128.3882810"/>
 <node id="4857587241" visible="true" version="3" changeset="128779766" timestamp="2022-11-11T14:27:38Z" user="케이7" uid="8120174" lat="36.1458684" lon="128.3869166"/>
 <node id="4857587242" visible="true" version="3" changeset="128779766" timestamp="2022-11-11T14:27:38Z" user="케이7" uid="8120174" lat="36.1455137" lon="128.3874702"/>
 <node id="4857587243" visible="true" version="3" changeset="128779766" timestamp="2022-11-11T14:27:38Z" user="케이7" uid="8120174" lat="36.1462317" lon="128.3882171"/>
 <node id="4857587244" visible="true" version="3" changeset="128779766" timestamp="2022-11-11T14:27:38Z" user="케이7" uid="8120174" lat="36.1465876" lon="128.3876759"/>
 <node id="4857587245" visible="true" version="2" changeset="107337286" timestamp="2021-07-03T03:09:07Z" user="Weathering" uid="12509199" lat="36.1466271" lon="128.3875961"/>
 <node id="4857587246" visible="true" version="2" changeset="107337286" timestamp="2021-07-03T03:09:07Z" user="Weathering" uid="12509199" lat="36.1459698" lon="128.3869022"/>
 <node id="4857587247" visible="true" version="2" changeset="107337286" timestamp="2021-07-03T03:09:07Z" user="Weathering" uid="12509199" lat="36.1458876" lon="128.3868526"/>
 <node id="4857587248" visible="true" version="2" changeset="107337286" timestamp="2021-07-03T03:09:07Z" user="Weathering" uid="12509199" lat="36.1458160" lon="128.3868474"/>
 <node id="4857587249" visible="true" version="2" changeset="107337286" timestamp="2021-07-03T03:09:07Z" user="Weathering" uid="12509199" lat="36.1457422" lon="128.3868578"/>
 <node id="4857587250" visible="true" version="2" changeset="107337286" timestamp="2021-07-03T03:09:07Z" user="Weathering" uid="12509199" lat="36.1456644" lon="128.3868849"/>
 <node id="4857587251" visible="true" version="2" changeset="107337286" timestamp="2021-07-03T03:09:07Z" user="Weathering" uid="12509199" lat="36.1455832" lon="128.3869559"/>
 <node id="4857587252" visible="true" version="2" changeset="107337286" timestamp="2021-07-03T03:09:07Z" user="Weathering" uid="12509199" lat="36.1455236" lon="128.3870190"/>
 <node id="4857587253" visible="true" version="2" changeset="107337286" timestamp="2021-07-03T03:09:07Z" user="Weathering" uid="12509199" lat="36.1454912" lon="128.3871021"/>
 <node id="4857587254" visible="true" version="2" changeset="107337286" timestamp="2021-07-03T03:09:07Z" user="Weathering" uid="12509199" lat="36.1454587" lon="128.3871987"/>
 <node id="4857587255" visible="true" version="2" changeset="107337286" timestamp="2021-07-03T03:09:07Z" user="Weathering" uid="12509199" lat="36.1454533" lon="128.3872711"/>
 <node id="4857587256" visible="true" version="2" changeset="107337286" timestamp="2021-07-03T03:09:07Z" user="Weathering" uid="12509199" lat="36.1454587" lon="128.3873878"/>
 <node id="4857587257" visible="true" version="2" changeset="107337286" timestamp="2021-07-03T03:09:07Z" user="Weathering" uid="12509199" lat="36.1454803" lon="128.3874924"/>
 <node id="4857587258" visible="true" version="2" changeset="107337286" timestamp="2021-07-03T03:09:07Z" user="Weathering" uid="12509199" lat="36.1455291" lon="128.3875809"/>
 <node id="4857587259" visible="true" version="2" changeset="107337286" timestamp="2021-07-03T03:09:07Z" user="Weathering" uid="12509199" lat="36.1456200" lon="128.3876761"/>
 <node id="4857587260" visible="true" version="2" changeset="107337286" timestamp="2021-07-03T03:09:07Z" user="Weathering" uid="12509199" lat="36.1462327" lon="128.3882809"/>
 <node id="4857587261" visible="true" version="2" changeset="107337286" timestamp="2021-07-03T03:09:07Z" user="Weathering" uid="12509199" lat="36.1462916" lon="128.3883052"/>
 <node id="4857587262" visible="true" version="2" changeset="107337286" timestamp="2021-07-03T03:09:07Z" user="Weathering" uid="12509199" lat="36.1463430" lon="128.3883071"/>
 <node id="4857587263" visible="true" version="2" changeset="107337286" timestamp="2021-07-03T03:09:07Z" user="Weathering" uid="12509199" lat="36.1463883" lon="128.3882977"/>
 <node id="4857587264" visible="true" version="2" changeset="107337286" timestamp="2021-07-03T03:09:07Z" user="Weathering" uid="12509199" lat="36.1464276" lon="128.3882884"/>
 <node id="4857587265" visible="true" version="2" changeset="107337286" timestamp="2021-07-03T03:09:07Z" user="Weathering" uid="12509199" lat="36.1464774" lon="128.3882659"/>
 <node id="4857587266" visible="true" version="2" changeset="107337286" timestamp="2021-07-03T03:09:07Z" user="Weathering" uid="12509199" lat="36.1465272" lon="128.3882360"/>
 <node id="4857587267" visible="true" version="2" changeset="107337286" timestamp="2021-07-03T03:09:07Z" user="Weathering" uid="12509199" lat="36.1465620" lon="128.3882023"/>
 <node id="4857587268" visible="true" version="2" changeset="107337286" timestamp="2021-07-03T03:09:07Z" user="Weathering" uid="12509199" lat="36.1465967" lon="128.3881668"/>
 <node id="4857587269" visible="true" version="2" changeset="107337286" timestamp="2021-07-03T03:09:07Z" user="Weathering" uid="12509199" lat="36.1466284" lon="128.3881126"/>
 <node id="4857587270" visible="true" version="2" changeset="107337286" timestamp="2021-07-03T03:09:07Z" user="Weathering" uid="12509199" lat="36.1466647" lon="128.3880303"/>
 <node id="4857587271" visible="true" version="2" changeset="107337286" timestamp="2021-07-03T03:09:07Z" user="Weathering" uid="12509199" lat="36.1466813" lon="128.3879741"/>
 <node id="4857587272" visible="true" version="2" changeset="107337286" timestamp="2021-07-03T03:09:07Z" user="Weathering" uid="12509199" lat="36.1466994" lon="128.3878619"/>
 <node id="4857587273" visible="true" version="2" changeset="107337286" timestamp="2021-07-03T03:09:07Z" user="Weathering" uid="12509199" lat="36.1466994" lon="128.3878095"/>
 <node id="4857587274" visible="true" version="2" changeset="107337286" timestamp="2021-07-03T03:09:07Z" user="Weathering" uid="12509199" lat="36.1466919" lon="128.3877366"/>
 <node id="4857587275" visible="true" version="2" changeset="107337286" timestamp="2021-07-03T03:09:07Z" user="Weathering" uid="12509199" lat="36.1466707" lon="128.3876749"/>
 <node id="4857587276" visible="true" version="2" changeset="107337286" timestamp="2021-07-03T03:09:07Z" user="Weathering" uid="12509199" lat="36.1457369" lon="128.3870512"/>
 <node id="4857587277" visible="true" version="2" changeset="107337286" timestamp="2021-07-03T03:09:07Z" user="Weathering" uid="12509199" lat="36.1455111" lon="128.3871669"/>
 <node id="4857587278" visible="true" version="2" changeset="107337286" timestamp="2021-07-03T03:09:07Z" user="Weathering" uid="12509199" lat="36.1456002" lon="128.3872606"/>
 <node id="4857587279" visible="true" version="2" changeset="107337286" timestamp="2021-07-03T03:09:07Z" user="Weathering" uid="12509199" lat="36.1456451" lon="128.3869591"/>
 <node id="4857587280" visible="true" version="2" changeset="107337286" timestamp="2021-07-03T03:09:07Z" user="Weathering" uid="12509199" lat="36.1466522" lon="128.3879945"/>
 <node id="4857587281" visible="true" version="2" changeset="107337286" timestamp="2021-07-03T03:09:07Z" user="Weathering" uid="12509199" lat="36.1465604" lon="128.3879024"/>
 <node id="4857587282" visible="true" version="2" changeset="107337286" timestamp="2021-07-03T03:09:07Z" user="Weathering" uid="12509199" lat="36.1464268" lon="128.3881167"/>
 <node id="4857587283" visible="true" version="2" changeset="107337286" timestamp="2021-07-03T03:09:07Z" user="Weathering" uid="12509199" lat="36.1465228" lon="128.3882091"/>
 <node id="4857588967" visible="true" version="2" changeset="128779766" timestamp="2022-11-11T14:27:38Z" user="케이7" uid="8120174" lat="36.1464245" lon="128.3886796"/>
 <node id="4857588968" visible="true" version="2" changeset="128779766" timestamp="2022-11-11T14:27:38Z" user="케이7" uid="8120174" lat="36.1463866" lon="128.3885099"/>
 <node id="4857588969" visible="true" version="3" changeset="128779766" timestamp="2022-11-11T14:27:38Z" user="케이7" uid="8120174" lat="36.1470861" lon="128.3878680"/>
 <node id="4857588970" visible="true" version="3" changeset="128779766" timestamp="2022-11-11T14:27:38Z" user="케이7" uid="8120174" lat="36.1469804" lon="128.3880220"/>
 <node id="4857588971" visible="true" version="3" changeset="128779766" timestamp="2022-11-11T14:27:38Z" user="케이7" uid="8120174" lat="36.1474770" lon="128.3885158"/>
 <node id="4857588972" visible="true" version="3" changeset="128779766" timestamp="2022-11-11T14:27:38Z" user="케이7" uid="8120174" lat="36.1475759" lon="128.3883501"/>
 <node id="4857588973" visible="true" version="3" changeset="128779766" timestamp="2022-11-11T14:27:38Z" user="케이7" uid="8120174" lat="36.1469725" lon="128.3880340"/>
 <node id="4857588974" visible="true" version="3" changeset="128779766" timestamp="2022-11-11T14:27:38Z" user="케이7" uid="8120174" lat="36.1467612" lon="128.3883680"/>
 <node id="4857588975" visible="true" version="3" changeset="128779766" timestamp="2022-11-11T14:27:38Z" user="케이7" uid="8120174" lat="36.1472545" lon="128.3888674"/>
 <node id="4857588976" visible="true" version="3" changeset="128779766" timestamp="2022-11-11T14:27:38Z" user="케이7" uid="8120174" lat="36.1474607" lon="128.3885360"/>
 <node id="4857594706" visible="true" version="3" changeset="48787448" timestamp="2017-05-18T10:38:01Z" user="The fast mover" uid="4505045" lat="36.1478726" lon="128.3892166"/>
 <node id="4857594707" visible="true" version="3" changeset="48787448" timestamp="2017-05-18T10:38:01Z" user="The fast mover" uid="4505045" lat="36.1474729" lon="128.3886032"/>
 <node id="4857594708" visible="true" version="4" changeset="128779766" timestamp="2022-11-11T14:27:38Z" user="케이7" uid="8120174" lat="36.1472358" lon="128.3889802"/>
 <node id="4857594709" visible="true" version="3" changeset="128779766" timestamp="2022-11-11T14:27:38Z" user="케이7" uid="8120174" lat="36.1469866" lon="128.3887556"/>
 <node id="4857594710" visible="true" version="3" changeset="128779766" timestamp="2022-11-11T14:27:38Z" user="케이7" uid="8120174" lat="36.1466468" lon="128.3888548"/>
 <node id="4857594711" visible="true" version="1" changeset="48728907" timestamp="2017-05-16T11:43:00Z" user="The fast mover" uid="4505045" lat="36.1464711" lon="128.3891970"/>
 <node id="4857594712" visible="true" version="3" changeset="128779766" timestamp="2022-11-11T14:27:38Z" user="케이7" uid="8120174" lat="36.1464029" lon="128.3894742"/>
 <node id="4857594713" visible="true" version="2" changeset="128779766" timestamp="2022-11-11T14:27:38Z" user="케이7" uid="8120174" lat="36.1464394" lon="128.3897501"/>
 <node id="4857594714" visible="true" version="2" changeset="128779766" timestamp="2022-11-11T14:27:38Z" user="케이7" uid="8120174" lat="36.1467647" lon="128.3915102"/>
 <node id="4857594715" visible="true" version="2" changeset="128779766" timestamp="2022-11-11T14:27:38Z" user="케이7" uid="8120174" lat="36.1475650" lon="128.3912772"/>
 <node id="4857594716" visible="true" version="2" changeset="128779766" timestamp="2022-11-11T14:27:38Z" user="케이7" uid="8120174" lat="36.1478280" lon="128.3910897"/>
 <node id="4857594717" visible="true" version="2" changeset="128779766" timestamp="2022-11-11T14:27:38Z" user="케이7" uid="8120174" lat="36.1478876" lon="128.3911639"/>
 <node id="4857594718" visible="true" version="2" changeset="128779766" timestamp="2022-11-11T14:27:38Z" user="케이7" uid="8120174" lat="36.1480810" lon="128.3911747"/>
 <node id="4857594719" visible="true" version="2" changeset="48787448" timestamp="2017-05-18T10:38:01Z" user="The fast mover" uid="4505045" lat="36.1481906" lon="128.3908904"/>
 <node id="4857594720" visible="true" version="2" changeset="48787448" timestamp="2017-05-18T10:38:01Z" user="The fast mover" uid="4505045" lat="36.1480571" lon="128.3901922"/>
 <node id="4857596321" visible="true" version="2" changeset="128779766" timestamp="2022-11-11T14:27:38Z" user="케이7" uid="8120174" lat="36.1471701" lon="128.3907266"/>
 <node id="4857596322" visible="true" version="2" changeset="128779766" timestamp="2022-11-11T14:27:38Z" user="케이7" uid="8120174" lat="36.1471100" lon="128.3909273"/>
 <node id="4857596323" visible="true" version="2" changeset="128779766" timestamp="2022-11-11T14:27:38Z" user="케이7" uid="8120174" lat="36.1472365" lon="128.3911099"/>
 <node id="4857596324" visible="true" version="2" changeset="128779766" timestamp="2022-11-11T14:27:38Z" user="케이7" uid="8120174" lat="36.1473056" lon="128.3911251"/>
 <node id="4857596325" visible="true" version="2" changeset="128779766" timestamp="2022-11-11T14:27:38Z" user="케이7" uid="8120174" lat="36.1473581" lon="128.3911178"/>
 <node id="4857596326" visible="true" version="2" changeset="128779766" timestamp="2022-11-11T14:27:38Z" user="케이7" uid="8120174" lat="36.1473930" lon="128.3910947"/>
 <node id="4857596327" visible="true" version="2" changeset="128779766" timestamp="2022-11-11T14:27:38Z" user="케이7" uid="8120174" lat="36.1474124" lon="128.3910604"/>
 <node id="4857596328" visible="true" version="2" changeset="128779766" timestamp="2022-11-11T14:27:38Z" user="케이7" uid="8120174" lat="36.1473819" lon="128.3909414"/>
 <node id="4857596329" visible="true" version="2" changeset="128779766" timestamp="2022-11-11T14:27:38Z" user="케이7" uid="8120174" lat="36.1473191" lon="128.3908883"/>
 <node id="4857596330" visible="true" version="2" changeset="128779766" timestamp="2022-11-11T14:27:38Z" user="케이7" uid="8120174" lat="36.1473405" lon="128.3907885"/>
 <node id="4857596331" visible="true" version="1" changeset="48728907" timestamp="2017-05-16T11:43:00Z" user="The fast mover" uid="4505045" lat="36.1475429" lon="128.3907990"/>
 <node id="4857596332" visible="true" version="1" changeset="48728907" timestamp="2017-05-16T11:43:00Z" user="The fast mover" uid="4505045" lat="36.1475047" lon="128.3909700"/>
 <node id="4857596333" visible="true" version="1" changeset="48728907" timestamp="2017-05-16T11:43:00Z" user="The fast mover" uid="4505045" lat="36.1477118" lon="128.3910537"/>
 <node id="4857596334" visible="true" version="1" changeset="48728907" timestamp="2017-05-16T11:43:00Z" user="The fast mover" uid="4505045" lat="36.1477324" lon="128.3909681"/>
 <node id="4857596335" visible="true" version="1" changeset="48728907" timestamp="2017-05-16T11:43:00Z" user="The fast mover" uid="4505045" lat="36.1478014" lon="128.3909991"/>
 <node id="4857596336" visible="true" version="1" changeset="48728907" timestamp="2017-05-16T11:43:00Z" user="The fast mover" uid="4505045" lat="36.1478734" lon="128.3906479"/>
 <node id="4857596337" visible="true" version="1" changeset="48728907" timestamp="2017-05-16T11:43:01Z" user="The fast mover" uid="4505045" lat="36.1477999" lon="128.3906225"/>
 <node id="4857596338" visible="true" version="1" changeset="48728907" timestamp="2017-05-16T11:43:01Z" user="The fast mover" uid="4505045" lat="36.1477412" lon="128.3908826"/>
 <node id="4857596339" visible="true" version="4" changeset="170533537" timestamp="2025-08-16T17:10:32Z" user="Lavignein" uid="5188781" lat="36.1473030" lon="128.3911199">
  <tag k="branch" v="쿱스켓 금오공대점"/>
  <tag k="brand" v="이마트24"/>
  <tag k="brand:en" v="emart24"/>
  <tag k="brand:ko" v="이마트24"/>
  <tag k="brand:wikidata" v="Q16219674"/>
  <tag k="name" v="이마트24"/>
  <tag k="name:en" v="emart24"/>
  <tag k="name:ko" v="이마트24"/>
  <tag k="shop" v="convenience"/>
 </node>
 <node id="4857596340" visible="true" version="2" changeset="65934646" timestamp="2019-01-01T15:20:07Z" user="LuxuryCoop" uid="7245212" lat="36.1472593" lon="128.3911092">
  <tag k="amenity" v="restaurant"/>
  <tag k="name" v="푸름관 식당"/>
  <tag k="name:ko" v="푸름관 식당"/>
 </node>
 <node id="4857596341" visible="true" version="2" changeset="128779766" timestamp="2022-11-11T14:27:38Z" user="케이7" uid="8120174" lat="36.1467246" lon="128.3909098"/>
 <node id="4857596342" visible="true" version="2" changeset="128779766" timestamp="2022-11-11T14:27:38Z" user="케이7" uid="8120174" lat="36.1467614" lon="128.3910320"/>
 <node id="4857596343" visible="true" version="2" changeset="128779766" timestamp="2022-11-11T14:27:38Z" user="케이7" uid="8120174" lat="36.1467969" lon="128.3910873"/>
 <node id="4857596344" visible="true" version="2" changeset="128779766" timestamp="2022-11-11T14:27:38Z" user="케이7" uid="8120174" lat="36.1468311" lon="128.3911459"/>
 <node id="4857596345" visible="true" version="2" changeset="128779766" timestamp="2022-11-11T14:27:38Z" user="케이7" uid="8120174" lat="36.1468745" lon="128.3911785"/>
 <node id="4857596346" visible="true" version="2" changeset="128779766" timestamp="2022-11-11T14:27:38Z" user="케이7" uid="8120174" lat="36.1469205" lon="128.3912062"/>
 <node id="4857596347" visible="true" version="2" changeset="128779766" timestamp="2022-11-11T14:27:38Z" user="케이7" uid="8120174" lat="36.1469783" lon="128.3912192"/>
 <node id="4857596348" visible="true" version="2" changeset="128779766" timestamp="2022-11-11T14:27:38Z" user="케이7" uid="8120174" lat="36.1470309" lon="128.3912274"/>
 <node id="4857596349" visible="true" version="2" changeset="128779766" timestamp="2022-11-11T14:27:38Z" user="케이7" uid="8120174" lat="36.1470862" lon="128.3912160"/>
 <node id="4857596350" visible="true" version="2" changeset="128779766" timestamp="2022-11-11T14:27:38Z" user="케이7" uid="8120174" lat="36.1471153" lon="128.3912085"/>
 <node id="4857596351" visible="true" version="2" changeset="128779766" timestamp="2022-11-11T14:27:38Z" user="케이7" uid="8120174" lat="36.1470954" lon="128.3911157"/>
 <node id="4857596352" visible="true" version="2" changeset="128779766" timestamp="2022-11-11T14:27:38Z" user="케이7" uid="8120174" lat="36.1470625" lon="128.3911213"/>
 <node id="4857596353" visible="true" version="2" changeset="128779766" timestamp="2022-11-11T14:27:38Z" user="케이7" uid="8120174" lat="36.1470296" lon="128.3911264"/>
 <node id="4857596354" visible="true" version="2" changeset="128779766" timestamp="2022-11-11T14:27:38Z" user="케이7" uid="8120174" lat="36.1469981" lon="128.3911264"/>
 <node id="4857596355" visible="true" version="2" changeset="128779766" timestamp="2022-11-11T14:27:38Z" user="케이7" uid="8120174" lat="36.1469731" lon="128.3911215"/>
 <node id="4857596356" visible="true" version="2" changeset="128779766" timestamp="2022-11-11T14:27:38Z" user="케이7" uid="8120174" lat="36.1469361" lon="128.3911064"/>
 <node id="4857596358" visible="true" version="2" changeset="128779766" timestamp="2022-11-11T14:27:38Z" user="케이7" uid="8120174" lat="36.1468731" lon="128.3910417"/>
 <node id="4857596359" visible="true" version="2" changeset="128779766" timestamp="2022-11-11T14:27:38Z" user="케이7" uid="8120174" lat="36.1468482" lon="128.3910124"/>
 <node id="4857596360" visible="true" version="2" changeset="128779766" timestamp="2022-11-11T14:27:38Z" user="케이7" uid="8120174" lat="36.1468166" lon="128.3909587"/>
 <node id="4857596361" visible="true" version="2" changeset="128779766" timestamp="2022-11-11T14:27:38Z" user="케이7" uid="8120174" lat="36.1467969" lon="128.3909066"/>
 <node id="4857596362" visible="true" version="2" changeset="128779766" timestamp="2022-11-11T14:27:38Z" user="케이7" uid="8120174" lat="36.1467924" lon="128.3908901"/>
 <node id="4857596363" visible="true" version="2" changeset="48787993" timestamp="2017-05-18T10:58:19Z" user="The fast mover" uid="4505045" lat="36.1467391" lon="128.3904991"/>
 <node id="4857596364" visible="true" version="2" changeset="48787993" timestamp="2017-05-18T10:58:19Z" user="The fast mover" uid="4505045" lat="36.1466826" lon="128.3907513"/>
 <node id="4857596365" visible="true" version="2" changeset="48787993" timestamp="2017-05-18T10:58:19Z" user="The fast mover" uid="4505045" lat="36.1467306" lon="128.3907711"/>
 <node id="4857596366" visible="true" version="2" changeset="48787993" timestamp="2017-05-18T10:58:19Z" user="The fast mover" uid="4505045" lat="36.1467391" lon="128.3907349"/>
 <node id="4857596367" visible="true" version="2" changeset="48787993" timestamp="2017-05-18T10:58:19Z" user="The fast mover" uid="4505045" lat="36.1467636" lon="128.3907431"/>
 <node id="4857596368" visible="true" version="2" changeset="48787993" timestamp="2017-05-18T10:58:19Z" user="The fast mover" uid="4505045" lat="36.1468108" lon="128.3905610"/>
 <node id="4857596369" visible="true" version="2" changeset="48787993" timestamp="2017-05-18T10:58:19Z" user="The fast mover" uid="4505045" lat="36.1469833" lon="128.3906322"/>
 <node id="4857596370" visible="true" version="2" changeset="48787993" timestamp="2017-05-18T10:58:19Z" user="The fast mover" uid="4505045" lat="36.1469927" lon="128.3906007"/>
 <node id="4857596371" visible="true" version="2" changeset="48787993" timestamp="2017-05-18T10:58:19Z" user="The fast mover" uid="4505045" lat="36.1471502" lon="128.3906684"/>
 <node id="4857596372" visible="true" version="2" changeset="48787993" timestamp="2017-05-18T10:58:19Z" user="The fast mover" uid="4505045" lat="36.1471605" lon="128.3906287"/>
 <node id="4857596373" visible="true" version="2" changeset="48787993" timestamp="2017-05-18T10:58:19Z" user="The fast mover" uid="4505045" lat="36.1471841" lon="128.3906404"/>
 <node id="4857596374" visible="true" version="2" changeset="48787993" timestamp="2017-05-18T10:58:19Z" user="The fast mover" uid="4505045" lat="36.1472086" lon="128.3905446"/>
 <node id="4857596375" visible="true" version="2" changeset="48787993" timestamp="2017-05-18T10:58:19Z" user="The fast mover" uid="4505045" lat="36.1470295" lon="128.3904781"/>
 <node id="4857596376" visible="true" version="2" changeset="48787993" timestamp="2017-05-18T10:58:19Z" user="The fast mover" uid="4505045" lat="36.1470135" lon="128.3905178"/>
 <node id="4857596377" visible="true" version="2" changeset="48787993" timestamp="2017-05-18T10:58:19Z" user="The fast mover" uid="4505045" lat="36.1468249" lon="128.3904407"/>
 <node id="4857596378" visible="true" version="2" changeset="48787993" timestamp="2017-05-18T10:58:19Z" user="The fast mover" uid="4505045" lat="36.1468079" lon="128.3904839"/>
 <node id="4857596379" visible="true" version="2" changeset="48787993" timestamp="2017-05-18T10:58:19Z" user="The fast mover" uid="4505045" lat="36.1467495" lon="128.3904571"/>
 <node id="4857596380" visible="true" version="2" changeset="128779766" timestamp="2022-11-11T14:27:38Z" user="케이7" uid="8120174" lat="36.1468755" lon="128.3914126"/>
 <node id="4857596381" visible="true" version="2" changeset="128779766" timestamp="2022-11-11T14:27:38Z" user="케이7" uid="8120174" lat="36.1468788" lon="128.3914579"/>
 <node id="4857596382" visible="true" version="2" changeset="128779766" timestamp="2022-11-11T14:27:38Z" user="케이7" uid="8120174" lat="36.1469781" lon="128.3914432"/>
 <node id="4857596383" visible="true" version="2" changeset="128779766" timestamp="2022-11-11T14:27:38Z" user="케이7" uid="8120174" lat="36.1469750" lon="128.3914006"/>
 <node id="4857597303" visible="true" version="2" changeset="128779766" timestamp="2022-11-11T14:27:38Z" user="케이7" uid="8120174" lat="36.1480751" lon="128.3907500"/>
 <node id="4857597304" visible="true" version="2" changeset="128779766" timestamp="2022-11-11T14:27:38Z" user="케이7" uid="8120174" lat="36.1481479" lon="128.3908052"/>
 <node id="4857597307" visible="true" version="2" changeset="128779766" timestamp="2022-11-11T14:27:38Z" user="케이7" uid="8120174" lat="36.1480820" lon="128.3910811"/>
 <node id="4857597308" visible="true" version="2" changeset="128779766" timestamp="2022-11-11T14:27:38Z" user="케이7" uid="8120174" lat="36.1478550" lon="128.3913684"/>
 <node id="4857597309" visible="true" version="2" changeset="128779766" timestamp="2022-11-11T14:27:38Z" user="케이7" uid="8120174" lat="36.1477954" lon="128.3914706"/>
 <node id="4857597310" visible="true" version="2" changeset="128779766" timestamp="2022-11-11T14:27:38Z" user="케이7" uid="8120174" lat="36.1477589" lon="128.3914393"/>
 <node id="4857597311" visible="true" version="2" changeset="128779766" timestamp="2022-11-11T14:27:38Z" user="케이7" uid="8120174" lat="36.1478634" lon="128.3912603"/>
 <node id="4857597312" visible="true" version="2" changeset="128779766" timestamp="2022-11-11T14:27:38Z" user="케이7" uid="8120174" lat="36.1478834" lon="128.3910813"/>
 <node id="4857602273" visible="true" version="1" changeset="48729010" timestamp="2017-05-16T11:47:29Z" user="The fast mover" uid="4505045" lat="36.1478689" lon="128.3905136"/>
 <node id="4857602274" visible="true" version="1" changeset="48729010" timestamp="2017-05-16T11:47:29Z" user="The fast mover" uid="4505045" lat="36.1478418" lon="128.3904727"/>
 <node id="4857602275" visible="true" version="1" changeset="48729010" timestamp="2017-05-16T11:47:29Z" user="The fast mover" uid="4505045" lat="36.1477521" lon="128.3904421"/>
 <node id="4857602276" visible="true" version="1" changeset="48729010" timestamp="2017-05-16T11:47:29Z" user="The fast mover" uid="4505045" lat="36.1477160" lon="128.3905888"/>
 <node id="4857602277" visible="true" version="2" changeset="128779766" timestamp="2022-11-11T14:27:38Z" user="케이7" uid="8120174" lat="36.1473444" lon="128.3905666"/>
 <node id="4857602278" visible="true" version="2" changeset="128779766" timestamp="2022-11-11T14:27:38Z" user="케이7" uid="8120174" lat="36.1473906" lon="128.3903541"/>
 <node id="4857602279" visible="true" version="2" changeset="128779766" timestamp="2022-11-11T14:27:38Z" user="케이7" uid="8120174" lat="36.1474500" lon="128.3903740"/>
 <node id="4857602280" visible="true" version="2" changeset="128779766" timestamp="2022-11-11T14:27:38Z" user="케이7" uid="8120174" lat="36.1474707" lon="128.3902899"/>
 <node id="4857602281" visible="true" version="2" changeset="128779766" timestamp="2022-11-11T14:27:38Z" user="케이7" uid="8120174" lat="36.1477017" lon="128.3903763"/>
 <node id="4857602282" visible="true" version="2" changeset="128779766" timestamp="2022-11-11T14:27:38Z" user="케이7" uid="8120174" lat="36.1476687" lon="128.3905269"/>
 <node id="4857602283" visible="true" version="2" changeset="128779766" timestamp="2022-11-11T14:27:38Z" user="케이7" uid="8120174" lat="36.1474707" lon="128.3904534"/>
 <node id="4857602284" visible="true" version="2" changeset="128779766" timestamp="2022-11-11T14:27:38Z" user="케이7" uid="8120174" lat="36.1474368" lon="128.3906016"/>
 <node id="4857602285" visible="true" version="2" changeset="128779766" timestamp="2022-11-11T14:27:38Z" user="케이7" uid="8120174" lat="36.1473675" lon="128.3904627"/>
 <node id="4857602286" visible="true" version="3" changeset="128779766" timestamp="2022-11-11T14:27:38Z" user="케이7" uid="8120174" lat="36.1479332" lon="128.3899990"/>
 <node id="4857602288" visible="true" version="4" changeset="48787448" timestamp="2017-05-18T10:38:01Z" user="The fast mover" uid="4505045" lat="36.1477772" lon="128.3888848"/>
 <node id="4857602289" visible="true" version="5" changeset="128779766" timestamp="2022-11-11T14:27:38Z" user="케이7" uid="8120174" lat="36.1475346" lon="128.3889001"/>
 <node id="4857602290" visible="true" version="5" changeset="128779766" timestamp="2022-11-11T14:27:38Z" user="케이7" uid="8120174" lat="36.1476350" lon="128.3891518"/>
 <node id="4857602292" visible="true" version="3" changeset="128779766" timestamp="2022-11-11T14:27:38Z" user="케이7" uid="8120174" lat="36.1477632" lon="128.3892084"/>
 <node id="4857602293" visible="true" version="3" changeset="128779766" timestamp="2022-11-11T14:27:38Z" user="케이7" uid="8120174" lat="36.1479288" lon="128.3901445"/>
 <node id="4857602294" visible="true" version="2" changeset="128779766" timestamp="2022-11-11T14:27:38Z" user="케이7" uid="8120174" lat="36.1477175" lon="128.3900462"/>
 <node id="4857602295" visible="true" version="2" changeset="128779766" timestamp="2022-11-11T14:27:38Z" user="케이7" uid="8120174" lat="36.1478624" lon="128.3900282"/>
 <node id="4857602296" visible="true" version="2" changeset="128779766" timestamp="2022-11-11T14:27:38Z" user="케이7" uid="8120174" lat="36.1477304" lon="128.3899545"/>
 <node id="4857602297" visible="true" version="2" changeset="128779766" timestamp="2022-11-11T14:27:38Z" user="케이7" uid="8120174" lat="36.1476825" lon="128.3901379"/>
 <node id="4857602298" visible="true" version="2" changeset="128779766" timestamp="2022-11-11T14:27:38Z" user="케이7" uid="8120174" lat="36.1479191" lon="128.3902386"/>
 <node id="4857602299" visible="true" version="2" changeset="128779766" timestamp="2022-11-11T14:27:38Z" user="케이7" uid="8120174" lat="36.1478957" lon="128.3901614"/>
 <node id="4857609624" visible="true" version="4" changeset="128779766" timestamp="2022-11-11T14:27:38Z" user="케이7" uid="8120174" lat="36.1472707" lon="128.3895165"/>
 <node id="4857609625" visible="true" version="4" changeset="128779766" timestamp="2022-11-11T14:27:38Z" user="케이7" uid="8120174" lat="36.1473351" lon="128.3895421"/>
 <node id="4857609626" visible="true" version="4" changeset="128779766" timestamp="2022-11-11T14:27:38Z" user="케이7" uid="8120174" lat="36.1472616" lon="128.3898404"/>
 <node id="4857609627" visible="true" version="4" changeset="128779766" timestamp="2022-11-11T14:27:38Z" user="케이7" uid="8120174" lat="36.1473870" lon="128.3898924"/>
 <node id="4857609628" visible="true" version="4" changeset="128779766" timestamp="2022-11-11T14:27:38Z" user="케이7" uid="8120174" lat="36.1474695" lon="128.3896007"/>
 <node id="4857609629" visible="true" version="4" changeset="128779766" timestamp="2022-11-11T14:27:38Z" user="케이7" uid="8120174" lat="36.1477081" lon="128.3897098"/>
 <node id="4857609630" visible="true" version="4" changeset="128779766" timestamp="2022-11-11T14:27:38Z" user="케이7" uid="8120174" lat="36.1477507" lon="128.3895516"/>
 <node id="4857609631" visible="true" version="4" changeset="128779766" timestamp="2022-11-11T14:27:38Z" user="케이7" uid="8120174" lat="36.1474714" lon="128.3894165"/>
 <node id="4857609632" visible="true" version="4" changeset="128779766" timestamp="2022-11-11T14:27:38Z" user="케이7" uid="8120174" lat="36.1474509" lon="128.3894865"/>
 <node id="4857609633" visible="true" version="4" changeset="128779766" timestamp="2022-11-11T14:27:38Z" user="케이7" uid="8120174" lat="36.1473674" lon="128.3894505"/>
 <node id="4857609634" visible="true" version="4" changeset="128779766" timestamp="2022-11-11T14:27:38Z" user="케이7" uid="8120174" lat="36.1473898" lon="128.3893244"/>
 <node id="4857609635" visible="true" version="4" changeset="128779766" timestamp="2022-11-11T14:27:38Z" user="케이7" uid="8120174" lat="36.1474534" lon="128.3893492"/>
 <node id="4857609636" visible="true" version="4" changeset="128779766" timestamp="2022-11-11T14:27:38Z" user="케이7" uid="8120174" lat="36.1474906" lon="128.3892240"/>
 <node id="4857609637" visible="true" version="4" changeset="128779766" timestamp="2022-11-11T14:27:38Z" user="케이7" uid="8120174" lat="36.1473608" lon="128.3891689"/>
 <node id="4857609638" visible="true" version="4" changeset="128779766" timestamp="2022-11-11T14:27:38Z" user="케이7" uid="8120174" lat="36.1474681" lon="128.3890731"/>
 <node id="4857609639" visible="true" version="5" changeset="128779766" timestamp="2022-11-11T14:27:38Z" user="케이7" uid="8120174" lat="36.1475625" lon="128.3896402"/>
 <node id="4857609640" visible="true" version="2" changeset="128779766" timestamp="2022-11-11T14:27:38Z" user="케이7" uid="8120174" lat="36.1473074" lon="128.3906831"/>
 <node id="4857609642" visible="true" version="2" changeset="128779766" timestamp="2022-11-11T14:27:38Z" user="케이7" uid="8120174" lat="36.1474929" lon="128.3907792"/>
 <node id="4857609643" visible="true" version="2" changeset="128779766" timestamp="2022-11-11T14:27:38Z" user="케이7" uid="8120174" lat="36.1474989" lon="128.3913644"/>
 <node id="4857609644" visible="true" version="2" changeset="128779766" timestamp="2022-11-11T14:27:38Z" user="케이7" uid="8120174" lat="36.1474759" lon="128.3906077"/>
 <node id="4857609645" visible="true" version="2" changeset="48730670" timestamp="2017-05-16T12:44:34Z" user="The fast mover" uid="4505045" lat="36.1477796" lon="128.3907126"/>
 <node id="4857609646" visible="true" version="3" changeset="128779766" timestamp="2022-11-11T14:27:38Z" user="케이7" uid="8120174" lat="36.1475337" lon="128.3904853"/>
 <node id="4857609647" visible="true" version="2" changeset="128779766" timestamp="2022-11-11T14:27:38Z" user="케이7" uid="8120174" lat="36.1466416" lon="128.3908954"/>
 <node id="4857609648" visible="true" version="3" changeset="128779766" timestamp="2022-11-11T14:27:38Z" user="케이7" uid="8120174" lat="36.1469823" lon="128.3907759"/>
 <node id="4857609649" visible="true" version="3" changeset="48787993" timestamp="2017-05-18T10:58:19Z" user="The fast mover" uid="4505045" lat="36.1470238" lon="128.3906141"/>
 <node id="4857609650" visible="true" version="3" changeset="128779766" timestamp="2022-11-11T14:27:38Z" user="케이7" uid="8120174" lat="36.1471272" lon="128.3908699"/>
 <node id="4857609652" visible="true" version="2" changeset="128779766" timestamp="2022-11-11T14:27:38Z" user="케이7" uid="8120174" lat="36.1473939" lon="128.3902267"/>
 <node id="4857609655" visible="true" version="1" changeset="48729202" timestamp="2017-05-16T11:54:58Z" user="The fast mover" uid="4505045" lat="36.1475787" lon="128.3902995"/>
 <node id="4857609656" visible="true" version="2" changeset="128779766" timestamp="2022-11-11T14:27:38Z" user="케이7" uid="8120174" lat="36.1477574" lon="128.3903683"/>
 <node id="4857609657" visible="true" version="2" changeset="128779766" timestamp="2022-11-11T14:27:38Z" user="케이7" uid="8120174" lat="36.1476775" lon="128.3906784"/>
 <node id="4857609658" visible="true" version="2" changeset="128779766" timestamp="2022-11-11T14:27:38Z" user="케이7" uid="8120174" lat="36.1477780" lon="128.3902970"/>
 <node id="4857649886" visible="true" version="2" changeset="128779766" timestamp="2022-11-11T14:27:38Z" user="케이7" uid="8120174" lat="36.1451290" lon="128.3883684"/>
 <node id="4857649887" visible="true" version="1" changeset="48729365" timestamp="2017-05-16T12:00:28Z" user="The fast mover" uid="4505045" lat="36.1444266" lon="128.3894387"/>
 <node id="4857649888" visible="true" version="1" changeset="48729365" timestamp="2017-05-16T12:00:28Z" user="The fast mover" uid="4505045" lat="36.1449439" lon="128.3901147"/>
 <node id="4857649889" visible="true" version="1" changeset="48729365" timestamp="2017-05-16T12:00:28Z" user="The fast mover" uid="4505045" lat="36.1445015" lon="128.3906979"/>
 <node id="4857649890" visible="true" version="3" changeset="161611496" timestamp="2025-01-21T18:33:32Z" user="Lavignein" uid="5188781" lat="36.1435750" lon="128.3897213"/>
 <node id="4857649891" visible="true" version="3" changeset="161611496" timestamp="2025-01-21T18:33:32Z" user="Lavignein" uid="5188781" lat="36.1432859" lon="128.3896228"/>
 <node id="4857649892" visible="true" version="2" changeset="128758566" timestamp="2022-11-11T04:28:07Z" user="케이7" uid="8120174" lat="36.1429296" lon="128.3899320"/>
 <node id="4857649893" visible="true" version="2" changeset="128758566" timestamp="2022-11-11T04:28:07Z" user="케이7" uid="8120174" lat="36.1428044" lon="128.3902504"/>
 <node id="4857649894" visible="true" version="2" changeset="128758566" timestamp="2022-11-11T04:28:07Z" user="케이7" uid="8120174" lat="36.1426974" lon="128.3915160"/>
 <node id="4857649895" visible="true" version="2" changeset="128758566" timestamp="2022-11-11T04:28:07Z" user="케이7" uid="8120174" lat="36.1429386" lon="128.3921925"/>
 <node id="4857649896" visible="true" version="2" changeset="161611496" timestamp="2025-01-21T18:33:32Z" user="Lavignein" uid="5188781" lat="36.1435419" lon="128.3926604"/>
 <node id="4857649897" visible="true" version="2" changeset="161611496" timestamp="2025-01-21T18:33:32Z" user="Lavignein" uid="5188781" lat="36.1441440" lon="128.3922371"/>
 <node id="4857649898" visible="true" version="2" changeset="161611496" timestamp="2025-01-21T18:33:32Z" user="Lavignein" uid="5188781" lat="36.1448619" lon="128.3919732"/>
 <node id="4857649899" visible="true" version="3" changeset="161611496" timestamp="2025-01-21T18:33:32Z" user="Lavignein" uid="5188781" lat="36.1454975" lon="128.3917881"/>
 <node id="4857649900" visible="true" version="3" changeset="161611496" timestamp="2025-01-21T18:33:32Z" user="Lavignein" uid="5188781" lat="36.1466048" lon="128.3914674"/>
 <node id="4857649901" visible="true" version="2" changeset="128779766" timestamp="2022-11-11T14:27:38Z" user="케이7" uid="8120174" lat="36.1463723" lon="128.3902702"/>
 <node id="4857649902" visible="true" version="2" changeset="128779766" timestamp="2022-11-11T14:27:38Z" user="케이7" uid="8120174" lat="36.1461834" lon="128.3894941"/>
 <node id="4857649903" visible="true" version="2" changeset="128779766" timestamp="2022-11-11T14:27:38Z" user="케이7" uid="8120174" lat="36.1458311" lon="128.3898074"/>
 <node id="4857649904" visible="true" version="2" changeset="128779766" timestamp="2022-11-11T14:27:38Z" user="케이7" uid="8120174" lat="36.1458260" lon="128.3892853"/>
 <node id="4857649905" visible="true" version="2" changeset="128779766" timestamp="2022-11-11T14:27:38Z" user="케이7" uid="8120174" lat="36.1456431" lon="128.3888359"/>
 <node id="4857649906" visible="true" version="1" changeset="48729365" timestamp="2017-05-16T12:00:29Z" user="The fast mover" uid="4505045" lat="36.1422400" lon="128.3917559"/>
 <node id="4857649907" visible="true" version="1" changeset="48729365" timestamp="2017-05-16T12:00:29Z" user="The fast mover" uid="4505045" lat="36.1421580" lon="128.3925883"/>
 <node id="4857649908" visible="true" version="1" changeset="48729365" timestamp="2017-05-16T12:00:29Z" user="The fast mover" uid="4505045" lat="36.1422564" lon="128.3933901"/>
 <node id="4857649909" visible="true" version="1" changeset="48729365" timestamp="2017-05-16T12:00:29Z" user="The fast mover" uid="4505045" lat="36.1413056" lon="128.3948517"/>
 <node id="4857649910" visible="true" version="1" changeset="48729365" timestamp="2017-05-16T12:00:29Z" user="The fast mover" uid="4505045" lat="36.1408252" lon="128.3948126"/>
 <node id="4857649911" visible="true" version="1" changeset="48729365" timestamp="2017-05-16T12:00:29Z" user="The fast mover" uid="4505045" lat="36.1406211" lon="128.3943504"/>
 <node id="4857649912" visible="true" version="1" changeset="48729365" timestamp="2017-05-16T12:00:29Z" user="The fast mover" uid="4505045" lat="36.1401086" lon="128.3944614"/>
 <node id="4857649913" visible="true" version="1" changeset="48729365" timestamp="2017-05-16T12:00:29Z" user="The fast mover" uid="4505045" lat="36.1394865" lon="128.3954596"/>
 <node id="4857649914" visible="true" version="1" changeset="48729365" timestamp="2017-05-16T12:00:29Z" user="The fast mover" uid="4505045" lat="36.1388993" lon="128.3963038"/>
 <node id="4857649915" visible="true" version="1" changeset="48729365" timestamp="2017-05-16T12:00:29Z" user="The fast mover" uid="4505045" lat="36.1374312" lon="128.3969139"/>
 <node id="4857649916" visible="true" version="1" changeset="48729365" timestamp="2017-05-16T12:00:29Z" user="The fast mover" uid="4505045" lat="36.1369933" lon="128.3967413"/>
 <node id="4857649917" visible="true" version="1" changeset="48729365" timestamp="2017-05-16T12:00:29Z" user="The fast mover" uid="4505045" lat="36.1364459" lon="128.3948188"/>
 <node id="4857649918" visible="true" version="1" changeset="48729365" timestamp="2017-05-16T12:00:29Z" user="The fast mover" uid="4505045" lat="36.1360676" lon="128.3945723"/>
 <node id="4857649919" visible="true" version="2" changeset="161611496" timestamp="2025-01-21T18:33:32Z" user="Lavignein" uid="5188781" lat="36.1357276" lon="128.3950198"/>
 <node id="4857649920" visible="true" version="1" changeset="48729365" timestamp="2017-05-16T12:00:29Z" user="The fast mover" uid="4505045" lat="36.1354257" lon="128.3948064"/>
 <node id="4857651521" visible="true" version="1" changeset="48729365" timestamp="2017-05-16T12:00:29Z" user="The fast mover" uid="4505045" lat="36.1349230" lon="128.3949605"/>
 <node id="4857651522" visible="true" version="1" changeset="48729365" timestamp="2017-05-16T12:00:29Z" user="The fast mover" uid="4505045" lat="36.1347538" lon="128.3951330"/>
 <node id="4857651525" visible="true" version="2" changeset="161611496" timestamp="2025-01-21T18:33:32Z" user="Lavignein" uid="5188781" lat="36.1333933" lon="128.3949494"/>
 <node id="4857651527" visible="true" version="1" changeset="48729365" timestamp="2017-05-16T12:00:29Z" user="The fast mover" uid="4505045" lat="36.1330274" lon="128.3946698"/>
 <node id="4857651528" visible="true" version="1" changeset="48729365" timestamp="2017-05-16T12:00:29Z" user="The fast mover" uid="4505045" lat="36.1330274" lon="128.3940202"/>
 <node id="4857651529" visible="true" version="1" changeset="48729365" timestamp="2017-05-16T12:00:29Z" user="The fast mover" uid="4505045" lat="36.1329126" lon="128.3935634"/>
 <node id="4857651530" visible="true" version="1" changeset="48729365" timestamp="2017-05-16T12:00:29Z" user="The fast mover" uid="4505045" lat="36.1320601" lon="128.3935228"/>
 <node id="4857651531" visible="true" version="1" changeset="48729365" timestamp="2017-05-16T12:00:29Z" user="The fast mover" uid="4505045" lat="36.1318797" lon="128.3923149"/>
 <node id="4857651532" visible="true" version="1" changeset="48729365" timestamp="2017-05-16T12:00:29Z" user="The fast mover" uid="4505045" lat="36.1323552" lon="128.3912796"/>
 <node id="4857651533" visible="true" version="1" changeset="48729365" timestamp="2017-05-16T12:00:29Z" user="The fast mover" uid="4505045" lat="36.1331668" lon="128.3905387"/>
 <node id="4857651534" visible="true" version="1" changeset="48729365" timestamp="2017-05-16T12:00:29Z" user="The fast mover" uid="4505045" lat="36.1336504" lon="128.3893917"/>
 <node id="4857651535" visible="true" version="1" changeset="48729365" timestamp="2017-05-16T12:00:29Z" user="The fast mover" uid="4505045" lat="36.1333061" lon="128.3887117"/>
 <node id="4857651536" visible="true" version="1" changeset="48729365" timestamp="2017-05-16T12:00:29Z" user="The fast mover" uid="4505045" lat="36.1326585" lon="128.3894628"/>
 <node id="4857651537" visible="true" version="1" changeset="48729365" timestamp="2017-05-16T12:00:29Z" user="The fast mover" uid="4505045" lat="36.1316420" lon="128.3902646"/>
 <node id="4857651538" visible="true" version="1" changeset="48729365" timestamp="2017-05-16T12:00:29Z" user="The fast mover" uid="4505045" lat="36.1305762" lon="128.3902849"/>
 <node id="4857651539" visible="true" version="1" changeset="48729365" timestamp="2017-05-16T12:00:29Z" user="The fast mover" uid="4505045" lat="36.1298302" lon="128.3897774"/>
 <node id="4857651540" visible="true" version="1" changeset="48729365" timestamp="2017-05-16T12:00:29Z" user="The fast mover" uid="4505045" lat="36.1304861" lon="128.3887929"/>
 <node id="4857651541" visible="true" version="1" changeset="48729365" timestamp="2017-05-16T12:00:29Z" user="The fast mover" uid="4505045" lat="36.1315518" lon="128.3882651"/>
 <node id="4857651542" visible="true" version="1" changeset="48729365" timestamp="2017-05-16T12:00:29Z" user="The fast mover" uid="4505045" lat="36.1324864" lon="128.3875140"/>
 <node id="4857651543" visible="true" version="1" changeset="48729365" timestamp="2017-05-16T12:00:29Z" user="The fast mover" uid="4505045" lat="36.1326093" lon="128.3864380"/>
 <node id="4857651544" visible="true" version="1" changeset="48729365" timestamp="2017-05-16T12:00:29Z" user="The fast mover" uid="4505045" lat="36.1335439" lon="128.3854433"/>
 <node id="4857651545" visible="true" version="1" changeset="48729365" timestamp="2017-05-16T12:00:29Z" user="The fast mover" uid="4505045" lat="36.1346014" lon="128.3853012"/>
 <node id="4857651546" visible="true" version="1" changeset="48729365" timestamp="2017-05-16T12:00:29Z" user="The fast mover" uid="4505045" lat="36.1356342" lon="128.3845095"/>
 <node id="4857651547" visible="true" version="1" changeset="48729365" timestamp="2017-05-16T12:00:29Z" user="The fast mover" uid="4505045" lat="36.1350030" lon="128.3827840"/>
 <node id="4857651548" visible="true" version="1" changeset="48729365" timestamp="2017-05-16T12:00:29Z" user="The fast mover" uid="4505045" lat="36.1356015" lon="128.3823476"/>
 <node id="4857651549" visible="true" version="1" changeset="48729365" timestamp="2017-05-16T12:00:29Z" user="The fast mover" uid="4505045" lat="36.1360113" lon="128.3831900"/>
 <node id="4857651550" visible="true" version="1" changeset="48729365" timestamp="2017-05-16T12:00:29Z" user="The fast mover" uid="4505045" lat="36.1363966" lon="128.3845501"/>
 <node id="4857651551" visible="true" version="1" changeset="48729365" timestamp="2017-05-16T12:00:29Z" user="The fast mover" uid="4505045" lat="36.1369294" lon="128.3845095"/>
 <node id="4857651552" visible="true" version="1" changeset="48729365" timestamp="2017-05-16T12:00:29Z" user="The fast mover" uid="4505045" lat="36.1381590" lon="128.3846618"/>
 <node id="4857651553" visible="true" version="2" changeset="144393169" timestamp="2023-11-24T05:50:17Z" user="morago" uid="11113946" lat="36.1387331" lon="128.3839724"/>
 <node id="4857651554" visible="true" version="1" changeset="48729365" timestamp="2017-05-16T12:00:29Z" user="The fast mover" uid="4505045" lat="36.1388968" lon="128.3828957"/>
 <node id="4857651555" visible="true" version="1" changeset="48729365" timestamp="2017-05-16T12:00:30Z" user="The fast mover" uid="4505045" lat="36.1387013" lon="128.3823413"/>
 <node id="4857651556" visible="true" version="1" changeset="48729365" timestamp="2017-05-16T12:00:30Z" user="The fast mover" uid="4505045" lat="36.1391941" lon="128.3814131"/>
 <node id="4857651557" visible="true" version="1" changeset="48729365" timestamp="2017-05-16T12:00:30Z" user="The fast mover" uid="4505045" lat="36.1394995" lon="128.3807857"/>
 <node id="4857651558" visible="true" version="1" changeset="48729365" timestamp="2017-05-16T12:00:30Z" user="The fast mover" uid="4505045" lat="36.1403394" lon="128.3811037"/>
 <node id="4857651559" visible="true" version="1" changeset="48729365" timestamp="2017-05-16T12:00:30Z" user="The fast mover" uid="4505045" lat="36.1410404" lon="128.3825906"/>
 <node id="4857651560" visible="true" version="2" changeset="144393169" timestamp="2023-11-24T05:50:17Z" user="morago" uid="11113946" lat="36.1407548" lon="128.3839831"/>
 <node id="4857651561" visible="true" version="1" changeset="48729365" timestamp="2017-05-16T12:00:30Z" user="The fast mover" uid="4505045" lat="36.1406795" lon="128.3851260"/>
 <node id="4857651562" visible="true" version="1" changeset="48729365" timestamp="2017-05-16T12:00:30Z" user="The fast mover" uid="4505045" lat="36.1413319" lon="128.3848509"/>
 <node id="4857651563" visible="true" version="1" changeset="48729365" timestamp="2017-05-16T12:00:30Z" user="The fast mover" uid="4505045" lat="36.1415748" lon="128.3853494"/>
 <node id="4857651564" visible="true" version="1" changeset="48729365" timestamp="2017-05-16T12:00:30Z" user="The fast mover" uid="4505045" lat="36.1414846" lon="128.3862261"/>
 <node id="4857651565" visible="true" version="1" changeset="48729365" timestamp="2017-05-16T12:00:30Z" user="The fast mover" uid="4505045" lat="36.1419357" lon="128.3865613"/>
 <node id="4857651566" visible="true" version="1" changeset="48729365" timestamp="2017-05-16T12:00:30Z" user="The fast mover" uid="4505045" lat="36.1424077" lon="128.3866730"/>
 <node id="4857651567" visible="true" version="1" changeset="48729365" timestamp="2017-05-16T12:00:30Z" user="The fast mover" uid="4505045" lat="36.1427964" lon="128.3863378"/>
 <node id="4857651568" visible="true" version="1" changeset="48729365" timestamp="2017-05-16T12:00:30Z" user="The fast mover" uid="4505045" lat="36.1431156" lon="128.3868105"/>
 <node id="4857651569" visible="true" version="1" changeset="48729365" timestamp="2017-05-16T12:00:30Z" user="The fast mover" uid="4505045" lat="36.1432128" lon="128.3874981"/>
 <node id="4857651570" visible="true" version="1" changeset="48729365" timestamp="2017-05-16T12:00:30Z" user="The fast mover" uid="4505045" lat="36.1426506" lon="128.3878762"/>
 <node id="4857651571" visible="true" version="1" changeset="48729365" timestamp="2017-05-16T12:00:30Z" user="The fast mover" uid="4505045" lat="36.1421301" lon="128.3886411"/>
 <node id="4857651572" visible="true" version="1" changeset="48729365" timestamp="2017-05-16T12:00:30Z" user="The fast mover" uid="4505045" lat="36.1426992" lon="128.3895264"/>
 <node id="4857651573" visible="true" version="1" changeset="48729365" timestamp="2017-05-16T12:00:30Z" user="The fast mover" uid="4505045" lat="36.1460319" lon="128.3824123"/>
 <node id="4857651574" visible="true" version="1" changeset="48729365" timestamp="2017-05-16T12:00:30Z" user="The fast mover" uid="4505045" lat="36.1460900" lon="128.3834073"/>
 <node id="4857651575" visible="true" version="1" changeset="48729365" timestamp="2017-05-16T12:00:30Z" user="The fast mover" uid="4505045" lat="36.1469128" lon="128.3842703"/>
 <node id="4857651576" visible="true" version="1" changeset="48729365" timestamp="2017-05-16T12:00:30Z" user="The fast mover" uid="4505045" lat="36.1466998" lon="128.3848937"/>
 <node id="4857651577" visible="true" version="1" changeset="48729365" timestamp="2017-05-16T12:00:30Z" user="The fast mover" uid="4505045" lat="36.1460319" lon="128.3841744"/>
 <node id="4857651578" visible="true" version="1" changeset="48729365" timestamp="2017-05-16T12:00:30Z" user="The fast mover" uid="4505045" lat="36.1457705" lon="128.3844861"/>
 <node id="4857651579" visible="true" version="1" changeset="48729365" timestamp="2017-05-16T12:00:30Z" user="The fast mover" uid="4505045" lat="36.1457512" lon="128.3850615"/>
 <node id="4857651580" visible="true" version="1" changeset="48729365" timestamp="2017-05-16T12:00:30Z" user="The fast mover" uid="4505045" lat="36.1460319" lon="128.3863441"/>
 <node id="4857651581" visible="true" version="1" changeset="48729365" timestamp="2017-05-16T12:00:30Z" user="The fast mover" uid="4505045" lat="36.1467579" lon="128.3873750"/>
 <node id="4857651583" visible="true" version="1" changeset="48729365" timestamp="2017-05-16T12:00:30Z" user="The fast mover" uid="4505045" lat="36.1480937" lon="128.3900122"/>
 <node id="4857651584" visible="true" version="2" changeset="71388130" timestamp="2019-06-19T05:51:37Z" user="maphunter36" uid="2924920" lat="36.1483216" lon="128.3910987"/>
 <node id="4857651585" visible="true" version="2" changeset="71388130" timestamp="2019-06-19T05:51:37Z" user="maphunter36" uid="2924920" lat="36.1478936" lon="128.3916784"/>
 <node id="4857651586" visible="true" version="3" changeset="71388130" timestamp="2019-06-19T05:51:37Z" user="maphunter36" uid="2924920" lat="36.1483534" lon="128.3919462"/>
 <node id="4857651587" visible="true" version="2" changeset="48788677" timestamp="2017-05-18T11:26:12Z" user="The fast mover" uid="4505045" lat="36.1491753" lon="128.3926518"/>
 <node id="4857651588" visible="true" version="3" changeset="183000580" timestamp="2026-05-22T02:00:45Z" user="Woo Ahn" uid="23263678" lat="36.1493450" lon="128.3941652"/>
 <node id="4857651589" visible="true" version="3" changeset="183000580" timestamp="2026-05-22T02:00:45Z" user="Woo Ahn" uid="23263678" lat="36.1486439" lon="128.3943514"/>
 <node id="4857651590" visible="true" version="2" changeset="82063445" timestamp="2020-03-11T13:46:08Z" user="Lavignein" uid="5188781" lat="36.1480539" lon="128.3945011"/>
 <node id="4857651591" visible="true" version="1" changeset="48729365" timestamp="2017-05-16T12:00:30Z" user="The fast mover" uid="4505045" lat="36.1479775" lon="128.3961616"/>
 <node id="4857651592" visible="true" version="1" changeset="48729365" timestamp="2017-05-16T12:00:30Z" user="The fast mover" uid="4505045" lat="36.1477065" lon="128.3964373"/>
 <node id="4857651593" visible="true" version="1" changeset="48729365" timestamp="2017-05-16T12:00:30Z" user="The fast mover" uid="4505045" lat="36.1476581" lon="128.3971925"/>
 <node id="4857651594" visible="true" version="1" changeset="48729365" timestamp="2017-05-16T12:00:30Z" user="The fast mover" uid="4505045" lat="36.1472032" lon="128.3971326"/>
 <node id="4857651595" visible="true" version="2" changeset="48764442" timestamp="2017-05-17T14:13:07Z" user="The fast mover" uid="4505045" lat="36.1469374" lon="128.3955873"/>
 <node id="4857651596" visible="true" version="2" changeset="48764442" timestamp="2017-05-17T14:13:07Z" user="The fast mover" uid="4505045" lat="36.1454005" lon="128.3953474"/>
 <node id="4857651597" visible="true" version="2" changeset="48764442" timestamp="2017-05-17T14:13:07Z" user="The fast mover" uid="4505045" lat="36.1450008" lon="128.3953392"/>
 <node id="4857651598" visible="true" version="2" changeset="48764442" timestamp="2017-05-17T14:13:07Z" user="The fast mover" uid="4505045" lat="36.1445806" lon="128.3949637"/>
 <node id="4857651599" visible="true" version="2" changeset="48764442" timestamp="2017-05-17T14:13:07Z" user="The fast mover" uid="4505045" lat="36.1436666" lon="128.3946204"/>
 <node id="4857651600" visible="true" version="2" changeset="128758566" timestamp="2022-11-11T04:28:07Z" user="케이7" uid="8120174" lat="36.1429087" lon="128.3953827"/>
 <node id="4857651601" visible="true" version="1" changeset="48729365" timestamp="2017-05-16T12:00:30Z" user="The fast mover" uid="4505045" lat="36.1429053" lon="128.3966531"/>
 <node id="4857651602" visible="true" version="2" changeset="128758566" timestamp="2022-11-11T04:28:07Z" user="케이7" uid="8120174" lat="36.1426365" lon="128.3968772"/>
 <node id="4857651603" visible="true" version="2" changeset="128758566" timestamp="2022-11-11T04:28:07Z" user="케이7" uid="8120174" lat="36.1418650" lon="128.3964922"/>
 <node id="4857651604" visible="true" version="2" changeset="128758566" timestamp="2022-11-11T04:28:07Z" user="케이7" uid="8120174" lat="36.1411758" lon="128.3972145"/>
 <node id="4857651605" visible="true" version="1" changeset="48729365" timestamp="2017-05-16T12:00:30Z" user="The fast mover" uid="4505045" lat="36.1407175" lon="128.3978039"/>
 <node id="4857651606" visible="true" version="2" changeset="128779766" timestamp="2022-11-11T14:27:38Z" user="케이7" uid="8120174" lat="36.1406424" lon="128.3987040"/>
 <node id="4857651607" visible="true" version="2" changeset="128779766" timestamp="2022-11-11T14:27:38Z" user="케이7" uid="8120174" lat="36.1409300" lon="128.3997729"/>
 <node id="4857651608" visible="true" version="1" changeset="48729365" timestamp="2017-05-16T12:00:30Z" user="The fast mover" uid="4505045" lat="36.1403399" lon="128.4005130"/>
 <node id="4857651609" visible="true" version="2" changeset="128779766" timestamp="2022-11-11T14:27:38Z" user="케이7" uid="8120174" lat="36.1396423" lon="128.4001548"/>
 <node id="4857651610" visible="true" version="1" changeset="48729365" timestamp="2017-05-16T12:00:31Z" user="The fast mover" uid="4505045" lat="36.1394493" lon="128.4008486"/>
 <node id="4857651611" visible="true" version="1" changeset="48729365" timestamp="2017-05-16T12:00:31Z" user="The fast mover" uid="4505045" lat="36.1388007" lon="128.4003811"/>
 <node id="4857651612" visible="true" version="1" changeset="48729365" timestamp="2017-05-16T12:00:31Z" user="The fast mover" uid="4505045" lat="36.1381231" lon="128.4001893"/>
 <node id="4857651613" visible="true" version="1" changeset="48729365" timestamp="2017-05-16T12:00:31Z" user="The fast mover" uid="4505045" lat="36.1371937" lon="128.4010044"/>
 <node id="4857651614" visible="true" version="1" changeset="48729365" timestamp="2017-05-16T12:00:31Z" user="The fast mover" uid="4505045" lat="36.1367677" lon="128.4033539"/>
 <node id="4857651615" visible="true" version="1" changeset="48729365" timestamp="2017-05-16T12:00:31Z" user="The fast mover" uid="4505045" lat="36.1365838" lon="128.4062309"/>
 <node id="4857651616" visible="true" version="2" changeset="71388130" timestamp="2019-06-19T05:51:37Z" user="maphunter36" uid="2924920" lat="36.1373416" lon="128.4061964"/>
 <node id="4857651617" visible="true" version="1" changeset="48729365" timestamp="2017-05-16T12:00:31Z" user="The fast mover" uid="4505045" lat="36.1379101" lon="128.4067703"/>
 <node id="4857651618" visible="true" version="2" changeset="71388130" timestamp="2019-06-19T05:51:37Z" user="maphunter36" uid="2924920" lat="36.1384697" lon="128.4068707"/>
 <node id="4857651619" visible="true" version="1" changeset="48729365" timestamp="2017-05-16T12:00:31Z" user="The fast mover" uid="4505045" lat="36.1394396" lon="128.4063507"/>
 <node id="4857651620" visible="true" version="2" changeset="151926682" timestamp="2024-05-28T06:08:48Z" user="Bnew13" uid="21350967" lat="36.1403300" lon="128.4055203"/>
 <node id="4857651621" visible="true" version="2" changeset="151926682" timestamp="2024-05-28T06:08:48Z" user="Bnew13" uid="21350967" lat="36.1416050" lon="128.4049690"/>
 <node id="4857651622" visible="true" version="2" changeset="151926682" timestamp="2024-05-28T06:08:48Z" user="Bnew13" uid="21350967" lat="36.1430020" lon="128.4044869"/>
 <node id="4857651623" visible="true" version="2" changeset="151926682" timestamp="2024-05-28T06:08:48Z" user="Bnew13" uid="21350967" lat="36.1445657" lon="128.4033989"/>
 <node id="4857651624" visible="true" version="2" changeset="151926682" timestamp="2024-05-28T06:08:48Z" user="Bnew13" uid="21350967" lat="36.1450573" lon="128.4030963"/>
 <node id="4857651625" visible="true" version="2" changeset="151926682" timestamp="2024-05-28T06:08:48Z" user="Bnew13" uid="21350967" lat="36.1456051" lon="128.4028071"/>
 <node id="4857651626" visible="true" version="2" changeset="151926682" timestamp="2024-05-28T06:08:48Z" user="Bnew13" uid="21350967" lat="36.1458942" lon="128.4019283"/>
 <node id="4857651627" visible="true" version="2" changeset="151926682" timestamp="2024-05-28T06:08:48Z" user="Bnew13" uid="21350967" lat="36.1467474" lon="128.4016568"/>
 <node id="4857651628" visible="true" version="2" changeset="151926682" timestamp="2024-05-28T06:08:48Z" user="Bnew13" uid="21350967" lat="36.1473395" lon="128.4007231"/>
 <node id="4857651629" visible="true" version="1" changeset="48729365" timestamp="2017-05-16T12:00:31Z" user="The fast mover" uid="4505045" lat="36.1480453" lon="128.3996859"/>
 <node id="4857651630" visible="true" version="1" changeset="48729365" timestamp="2017-05-16T12:00:31Z" user="The fast mover" uid="4505045" lat="36.1483163" lon="128.3986430"/>
 <node id="4857651631" visible="true" version="1" changeset="48729365" timestamp="2017-05-16T12:00:31Z" user="The fast mover" uid="4505045" lat="36.1488125" lon="128.3991321"/>
 <node id="4857651632" visible="true" version="1" changeset="48729365" timestamp="2017-05-16T12:00:31Z" user="The fast mover" uid="4505045" lat="36.1485485" lon="128.4001678"/>
 <node id="4857651633" visible="true" version="1" changeset="48729365" timestamp="2017-05-16T12:00:31Z" user="The fast mover" uid="4505045" lat="36.1488125" lon="128.4007129"/>
 <node id="4857651634" visible="true" version="1" changeset="48729365" timestamp="2017-05-16T12:00:31Z" user="The fast mover" uid="4505045" lat="36.1510426" lon="128.4012034"/>
 <node id="4857651635" visible="true" version="1" changeset="48729365" timestamp="2017-05-16T12:00:31Z" user="The fast mover" uid="4505045" lat="36.1514827" lon="128.4020392"/>
 <node id="4857651636" visible="true" version="1" changeset="48729365" timestamp="2017-05-16T12:00:31Z" user="The fast mover" uid="4505045" lat="36.1508980" lon="128.4031288"/>
 <node id="4857651637" visible="true" version="1" changeset="48729365" timestamp="2017-05-16T12:00:31Z" user="The fast mover" uid="4505045" lat="36.1493949" lon="128.4020826"/>
 <node id="4857651638" visible="true" version="2" changeset="151926682" timestamp="2024-05-28T06:08:48Z" user="Bnew13" uid="21350967" lat="36.1484437" lon="128.4023790"/>
 <node id="4857651639" visible="true" version="2" changeset="151926682" timestamp="2024-05-28T06:08:48Z" user="Bnew13" uid="21350967" lat="36.1489282" lon="128.4038229"/>
 <node id="4857651640" visible="true" version="2" changeset="151926682" timestamp="2024-05-28T06:08:48Z" user="Bnew13" uid="21350967" lat="36.1487002" lon="128.4054662"/>
 <node id="4857651641" visible="true" version="2" changeset="151926682" timestamp="2024-05-28T06:08:48Z" user="Bnew13" uid="21350967" lat="36.1479297" lon="128.4061562"/>
 <node id="4857651642" visible="true" version="2" changeset="151926682" timestamp="2024-05-28T06:08:48Z" user="Bnew13" uid="21350967" lat="36.1472106" lon="128.4069581"/>
 <node id="4857651643" visible="true" version="2" changeset="71387943" timestamp="2019-06-19T05:43:16Z" user="maphunter36" uid="2924920" lat="36.1480975" lon="128.4090002"/>
 <node id="4857651644" visible="true" version="1" changeset="48729365" timestamp="2017-05-16T12:00:31Z" user="The fast mover" uid="4505045" lat="36.1488731" lon="128.4112519"/>
 <node id="4857651645" visible="true" version="1" changeset="48729365" timestamp="2017-05-16T12:00:31Z" user="The fast mover" uid="4505045" lat="36.1545512" lon="128.4053174"/>
 <node id="4857651646" visible="true" version="1" changeset="48729365" timestamp="2017-05-16T12:00:31Z" user="The fast mover" uid="4505045" lat="36.1539275" lon="128.4008113"/>
 <node id="4857651647" visible="true" version="1" changeset="48729365" timestamp="2017-05-16T12:00:31Z" user="The fast mover" uid="4505045" lat="36.1539102" lon="128.3986012"/>
 <node id="4857651648" visible="true" version="1" changeset="48729365" timestamp="2017-05-16T12:00:31Z" user="The fast mover" uid="4505045" lat="36.1540488" lon="128.3959619"/>
 <node id="4857651649" visible="true" version="1" changeset="48729365" timestamp="2017-05-16T12:00:31Z" user="The fast mover" uid="4505045" lat="36.1532345" lon="128.3942882"/>
 <node id="4857651650" visible="true" version="1" changeset="48729365" timestamp="2017-05-16T12:00:31Z" user="The fast mover" uid="4505045" lat="36.1512246" lon="128.3925286"/>
 <node id="4857651651" visible="true" version="1" changeset="48729365" timestamp="2017-05-16T12:00:31Z" user="The fast mover" uid="4505045" lat="36.1494747" lon="128.3898464"/>
 <node id="4857651652" visible="true" version="1" changeset="48729365" timestamp="2017-05-16T12:00:31Z" user="The fast mover" uid="4505045" lat="36.1489029" lon="128.3870784"/>
 <node id="4857651653" visible="true" version="1" changeset="48729365" timestamp="2017-05-16T12:00:31Z" user="The fast mover" uid="4505045" lat="36.1484697" lon="128.3848897"/>
 <node id="4857651654" visible="true" version="1" changeset="48729365" timestamp="2017-05-16T12:00:31Z" user="The fast mover" uid="4505045" lat="36.1474301" lon="128.3836452"/>
 <node id="4857651655" visible="true" version="1" changeset="48729365" timestamp="2017-05-16T12:00:31Z" user="The fast mover" uid="4505045" lat="36.1466850" lon="128.3827225"/>
 <node id="4857669883" visible="true" version="1" changeset="48730021" timestamp="2017-05-16T12:23:42Z" user="The fast mover" uid="4505045" lat="36.1438911" lon="128.3926900"/>
 <node id="4857669884" visible="true" version="1" changeset="48730021" timestamp="2017-05-16T12:23:42Z" user="The fast mover" uid="4505045" lat="36.1440226" lon="128.3933544"/>
 <node id="4857669886" visible="true" version="2" changeset="128779766" timestamp="2022-11-11T14:27:38Z" user="케이7" uid="8120174" lat="36.1445554" lon="128.3932881"/>
 <node id="4857669887" visible="true" version="2" changeset="128758566" timestamp="2022-11-11T04:28:07Z" user="케이7" uid="8120174" lat="36.1440302" lon="128.3934655"/>
 <node id="4857669888" visible="true" version="2" changeset="128758566" timestamp="2022-11-11T04:28:07Z" user="케이7" uid="8120174" lat="36.1439570" lon="128.3934843"/>
 <node id="4857669889" visible="true" version="3" changeset="128758566" timestamp="2022-11-11T04:28:07Z" user="케이7" uid="8120174" lat="36.1435544" lon="128.3931892"/>
 <node id="4857669891" visible="true" version="3" changeset="128758566" timestamp="2022-11-11T04:28:07Z" user="케이7" uid="8120174" lat="36.1436120" lon="128.3929778"/>
 <node id="4857669892" visible="true" version="3" changeset="128758566" timestamp="2022-11-11T04:28:07Z" user="케이7" uid="8120174" lat="36.1436608" lon="128.3928549"/>
 <node id="4857669893" visible="true" version="2" changeset="48766804" timestamp="2017-05-17T16:04:39Z" user="The fast mover" uid="4505045" lat="36.1437476" lon="128.3927264"/>
 <node id="4857669894" visible="true" version="3" changeset="161611496" timestamp="2025-01-21T18:33:32Z" user="Lavignein" uid="5188781" lat="36.1438795" lon="128.3925905"/>
 <node id="4857669895" visible="true" version="2" changeset="128758566" timestamp="2022-11-11T04:28:07Z" user="케이7" uid="8120174" lat="36.1445603" lon="128.3933057"/>
 <node id="4857669896" visible="true" version="2" changeset="128758566" timestamp="2022-11-11T04:28:07Z" user="케이7" uid="8120174" lat="36.1439518" lon="128.3935110"/>
 <node id="4857669897" visible="true" version="2" changeset="128758566" timestamp="2022-11-11T04:28:07Z" user="케이7" uid="8120174" lat="36.1435198" lon="128.3932131"/>
 <node id="4857669898" visible="true" version="2" changeset="128758566" timestamp="2022-11-11T04:28:07Z" user="케이7" uid="8120174" lat="36.1434931" lon="128.3933455"/>
 <node id="4857669899" visible="true" version="2" changeset="128758566" timestamp="2022-11-11T04:28:07Z" user="케이7" uid="8120174" lat="36.1434864" lon="128.3934972"/>
 <node id="4857669900" visible="true" version="2" changeset="128758566" timestamp="2022-11-11T04:28:07Z" user="케이7" uid="8120174" lat="36.1435198" lon="128.3936433"/>
 <node id="4857669901" visible="true" version="2" changeset="128758566" timestamp="2022-11-11T04:28:07Z" user="케이7" uid="8120174" lat="36.1435643" lon="128.3937729"/>
 <node id="4857669902" visible="true" version="2" changeset="128758566" timestamp="2022-11-11T04:28:07Z" user="케이7" uid="8120174" lat="36.1436423" lon="128.3938887"/>
 <node id="4857669903" visible="true" version="2" changeset="128758566" timestamp="2022-11-11T04:28:07Z" user="케이7" uid="8120174" lat="36.1437158" lon="128.3939632"/>
 <node id="4857669904" visible="true" version="2" changeset="128758566" timestamp="2022-11-11T04:28:07Z" user="케이7" uid="8120174" lat="36.1439028" lon="128.3940459"/>
 <node id="4857669905" visible="true" version="2" changeset="128758566" timestamp="2022-11-11T04:28:07Z" user="케이7" uid="8120174" lat="36.1440966" lon="128.3941204"/>
 <node id="4857669906" visible="true" version="2" changeset="128758566" timestamp="2022-11-11T04:28:07Z" user="케이7" uid="8120174" lat="36.1442257" lon="128.3941645"/>
 <node id="4857669907" visible="true" version="2" changeset="128758566" timestamp="2022-11-11T04:28:07Z" user="케이7" uid="8120174" lat="36.1443816" lon="128.3942197"/>
 <node id="4857669908" visible="true" version="2" changeset="128758566" timestamp="2022-11-11T04:28:07Z" user="케이7" uid="8120174" lat="36.1446265" lon="128.3943082"/>
 <node id="4857669909" visible="true" version="2" changeset="128758566" timestamp="2022-11-11T04:28:07Z" user="케이7" uid="8120174" lat="36.1447658" lon="128.3943552"/>
 <node id="4857676695" visible="true" version="3" changeset="161611496" timestamp="2025-01-21T18:33:32Z" user="Lavignein" uid="5188781" lat="36.1474259" lon="128.3928092"/>
 <node id="4857676696" visible="true" version="3" changeset="161611496" timestamp="2025-01-21T18:33:32Z" user="Lavignein" uid="5188781" lat="36.1464820" lon="128.3931016"/>
 <node id="4857676697" visible="true" version="2" changeset="128758566" timestamp="2022-11-11T04:28:07Z" user="케이7" uid="8120174" lat="36.1465851" lon="128.3936789"/>
 <node id="4857676698" visible="true" version="2" changeset="128758566" timestamp="2022-11-11T04:28:07Z" user="케이7" uid="8120174" lat="36.1469293" lon="128.3935690"/>
 <node id="4857676699" visible="true" version="2" changeset="128758566" timestamp="2022-11-11T04:28:07Z" user="케이7" uid="8120174" lat="36.1470813" lon="128.3934626"/>
 <node id="4857676700" visible="true" version="4" changeset="161611496" timestamp="2025-01-21T18:33:32Z" user="Lavignein" uid="5188781" lat="36.1474023" lon="128.3933520"/>
 <node id="4857676702" visible="true" version="2" changeset="128758566" timestamp="2022-11-11T04:28:07Z" user="케이7" uid="8120174" lat="36.1470159" lon="128.3935913"/>
 <node id="4857676704" visible="true" version="2" changeset="128758566" timestamp="2022-11-11T04:28:07Z" user="케이7" uid="8120174" lat="36.1471082" lon="128.3940397"/>
 <node id="4857676706" visible="true" version="2" changeset="128758566" timestamp="2022-11-11T04:28:07Z" user="케이7" uid="8120174" lat="36.1472845" lon="128.3940103"/>
 <node id="4857676707" visible="true" version="2" changeset="128758566" timestamp="2022-11-11T04:28:07Z" user="케이7" uid="8120174" lat="36.1472484" lon="128.3948351"/>
 <node id="4857676708" visible="true" version="2" changeset="128758566" timestamp="2022-11-11T04:28:07Z" user="케이7" uid="8120174" lat="36.1468052" lon="128.3949222"/>
 <node id="4857676710" visible="true" version="2" changeset="128758566" timestamp="2022-11-11T04:28:07Z" user="케이7" uid="8120174" lat="36.1472261" lon="128.3941245"/>
 <node id="4857676712" visible="true" version="2" changeset="128758566" timestamp="2022-11-11T04:28:07Z" user="케이7" uid="8120174" lat="36.1473032" lon="128.3946079"/>
 <node id="4857676713" visible="true" version="2" changeset="128758566" timestamp="2022-11-11T04:28:07Z" user="케이7" uid="8120174" lat="36.1473991" lon="128.3946262"/>
 <node id="4857676714" visible="true" version="2" changeset="128758566" timestamp="2022-11-11T04:28:07Z" user="케이7" uid="8120174" lat="36.1472278" lon="128.3946095"/>
 <node id="4857676715" visible="true" version="2" changeset="128758566" timestamp="2022-11-11T04:28:07Z" user="케이7" uid="8120174" lat="36.1471544" lon="128.3942062"/>
 <node id="4857676716" visible="true" version="4" changeset="183000580" timestamp="2026-05-22T02:00:45Z" user="Woo Ahn" uid="23263678" lat="36.1478855" lon="128.3939142"/>
 <node id="4857676717" visible="true" version="4" changeset="183000580" timestamp="2026-05-22T02:00:45Z" user="Woo Ahn" uid="23263678" lat="36.1475837" lon="128.3938863"/>
 <node id="4857676719" visible="true" version="3" changeset="128758566" timestamp="2022-11-11T04:28:07Z" user="케이7" uid="8120174" lat="36.1475740" lon="128.3941878"/>
 <node id="4857676720" visible="true" version="3" changeset="128758566" timestamp="2022-11-11T04:28:07Z" user="케이7" uid="8120174" lat="36.1478744" lon="128.3942195"/>
 <node id="4857677121" visible="true" version="2" changeset="128758566" timestamp="2022-11-11T04:28:07Z" user="케이7" uid="8120174" lat="36.1479897" lon="128.3942319"/>
 <node id="4857677122" visible="true" version="2" changeset="128758566" timestamp="2022-11-11T04:28:07Z" user="케이7" uid="8120174" lat="36.1478688" lon="128.3957980"/>
 <node id="4857677123" visible="true" version="2" changeset="128758566" timestamp="2022-11-11T04:28:07Z" user="케이7" uid="8120174" lat="36.1475496" lon="128.3957138"/>
 <node id="4857677124" visible="true" version="2" changeset="128758566" timestamp="2022-11-11T04:28:07Z" user="케이7" uid="8120174" lat="36.1475657" lon="128.3953558"/>
 <node id="4857677126" visible="true" version="2" changeset="128758566" timestamp="2022-11-11T04:28:07Z" user="케이7" uid="8120174" lat="36.1477796" lon="128.3942095"/>
 <node id="4857677127" visible="true" version="2" changeset="128758566" timestamp="2022-11-11T04:28:07Z" user="케이7" uid="8120174" lat="36.1476003" lon="128.3941906"/>
 <node id="4857677128" visible="true" version="2" changeset="128758566" timestamp="2022-11-11T04:28:07Z" user="케이7" uid="8120174" lat="36.1475295" lon="128.3949859"/>
 <node id="4857677129" visible="true" version="2" changeset="128758566" timestamp="2022-11-11T04:28:07Z" user="케이7" uid="8120174" lat="36.1475718" lon="128.3951188"/>
 <node id="4857677131" visible="true" version="2" changeset="128758566" timestamp="2022-11-11T04:28:07Z" user="케이7" uid="8120174" lat="36.1475359" lon="128.3951053"/>
 <node id="4857677132" visible="true" version="2" changeset="128758566" timestamp="2022-11-11T04:28:07Z" user="케이7" uid="8120174" lat="36.1475193" lon="128.3953526"/>
 <node id="4857677133" visible="true" version="2" changeset="128758566" timestamp="2022-11-11T04:28:07Z" user="케이7" uid="8120174" lat="36.1477709" lon="128.3953713"/>
 <node id="4857677134" visible="true" version="3" changeset="161611496" timestamp="2025-01-21T18:33:32Z" user="Lavignein" uid="5188781" lat="36.1473510" lon="128.3957723"/>
 <node id="4857677135" visible="true" version="3" changeset="161611496" timestamp="2025-01-21T18:33:32Z" user="Lavignein" uid="5188781" lat="36.1471954" lon="128.3958271"/>
 <node id="4857677136" visible="true" version="3" changeset="161611496" timestamp="2025-01-21T18:33:32Z" user="Lavignein" uid="5188781" lat="36.1472870" lon="128.3962259"/>
 <node id="4857677137" visible="true" version="3" changeset="161611496" timestamp="2025-01-21T18:33:32Z" user="Lavignein" uid="5188781" lat="36.1474427" lon="128.3961710"/>
 <node id="4857677139" visible="true" version="3" changeset="161611496" timestamp="2025-01-21T18:33:32Z" user="Lavignein" uid="5188781" lat="36.1473406" lon="128.3963641"/>
 <node id="4857677140" visible="true" version="3" changeset="161611496" timestamp="2025-01-21T18:33:32Z" user="Lavignein" uid="5188781" lat="36.1474106" lon="128.3966953"/>
 <node id="4857677141" visible="true" version="3" changeset="161611496" timestamp="2025-01-21T18:33:32Z" user="Lavignein" uid="5188781" lat="36.1475369" lon="128.3966543"/>
 <node id="4857680523" visible="true" version="2" changeset="128758566" timestamp="2022-11-11T04:28:07Z" user="케이7" uid="8120174" lat="36.1470642" lon="128.3936075"/>
 <node id="4857680524" visible="true" version="2" changeset="128758566" timestamp="2022-11-11T04:28:07Z" user="케이7" uid="8120174" lat="36.1467797" lon="128.3937278"/>
 <node id="4857680525" visible="true" version="2" changeset="128758566" timestamp="2022-11-11T04:28:07Z" user="케이7" uid="8120174" lat="36.1469101" lon="128.3940623"/>
 <node id="4857680526" visible="true" version="2" changeset="128758566" timestamp="2022-11-11T04:28:07Z" user="케이7" uid="8120174" lat="36.1450914" lon="128.3947650"/>
 <node id="4857680527" visible="true" version="2" changeset="128758566" timestamp="2022-11-11T04:28:07Z" user="케이7" uid="8120174" lat="36.1450185" lon="128.3948175"/>
 <node id="4857680528" visible="true" version="2" changeset="128758566" timestamp="2022-11-11T04:28:07Z" user="케이7" uid="8120174" lat="36.1452280" lon="128.3950870"/>
 <node id="4857680532" visible="true" version="2" changeset="128758566" timestamp="2022-11-11T04:28:07Z" user="케이7" uid="8120174" lat="36.1451554" lon="128.3951357"/>
 <node id="4857680533" visible="true" version="2" changeset="128758566" timestamp="2022-11-11T04:28:07Z" user="케이7" uid="8120174" lat="36.1449187" lon="128.3945010"/>
 <node id="4857680534" visible="true" version="2" changeset="128758566" timestamp="2022-11-11T04:28:07Z" user="케이7" uid="8120174" lat="36.1449976" lon="128.3948631"/>
 <node id="4857688219" visible="true" version="3" changeset="161611496" timestamp="2025-01-21T18:33:32Z" user="Lavignein" uid="5188781" lat="36.1415772" lon="128.3954829"/>
 <node id="4857688220" visible="true" version="3" changeset="161611496" timestamp="2025-01-21T18:33:32Z" user="Lavignein" uid="5188781" lat="36.1415071" lon="128.3955439"/>
 <node id="4857688921" visible="true" version="3" changeset="161611496" timestamp="2025-01-21T18:33:32Z" user="Lavignein" uid="5188781" lat="36.1414949" lon="128.3955376"/>
 <node id="4857688922" visible="true" version="3" changeset="161611496" timestamp="2025-01-21T18:33:32Z" user="Lavignein" uid="5188781" lat="36.1414689" lon="128.3955550"/>
 <node id="4857688923" visible="true" version="3" changeset="161611496" timestamp="2025-01-21T18:33:32Z" user="Lavignein" uid="5188781" lat="36.1414646" lon="128.3955713"/>
 <node id="4857688924" visible="true" version="3" changeset="161611496" timestamp="2025-01-21T18:33:32Z" user="Lavignein" uid="5188781" lat="36.1414671" lon="128.3955906"/>
 <node id="4857688925" visible="true" version="3" changeset="161611496" timestamp="2025-01-21T18:33:32Z" user="Lavignein" uid="5188781" lat="36.1414930" lon="128.3956174"/>
 <node id="4857688926" visible="true" version="3" changeset="161611496" timestamp="2025-01-21T18:33:32Z" user="Lavignein" uid="5188781" lat="36.1415103" lon="128.3956465"/>
 <node id="4857688927" visible="true" version="3" changeset="161611496" timestamp="2025-01-21T18:33:32Z" user="Lavignein" uid="5188781" lat="36.1416166" lon="128.3955525"/>
 <node id="4857688928" visible="true" version="4" changeset="161611496" timestamp="2025-01-21T18:33:32Z" user="Lavignein" uid="5188781" lat="36.1413680" lon="128.3951890"/>
 <node id="4857688929" visible="true" version="4" changeset="161611496" timestamp="2025-01-21T18:33:32Z" user="Lavignein" uid="5188781" lat="36.1413304" lon="128.3952223"/>
 <node id="4857688930" visible="true" version="4" changeset="161611496" timestamp="2025-01-21T18:33:32Z" user="Lavignein" uid="5188781" lat="36.1414702" lon="128.3954642"/>
 <node id="4857688931" visible="true" version="3" changeset="161611496" timestamp="2025-01-21T18:33:32Z" user="Lavignein" uid="5188781" lat="36.1415077" lon="128.3954310"/>
 <node id="4857688932" visible="true" version="5" changeset="128779766" timestamp="2022-11-11T14:27:38Z" user="케이7" uid="8120174" lat="36.1425450" lon="128.3926103"/>
 <node id="4857688933" visible="true" version="4" changeset="128779766" timestamp="2022-11-11T14:27:38Z" user="케이7" uid="8120174" lat="36.1427346" lon="128.3929384"/>
 <node id="4857688934" visible="true" version="2" changeset="128758566" timestamp="2022-11-11T04:28:07Z" user="케이7" uid="8120174" lat="36.1429989" lon="128.3925941"/>
 <node id="4857688937" visible="true" version="3" changeset="128779766" timestamp="2022-11-11T14:27:38Z" user="케이7" uid="8120174" lat="36.1430386" lon="128.3926611"/>
 <node id="4857688938" visible="true" version="3" changeset="128779766" timestamp="2022-11-11T14:27:38Z" user="케이7" uid="8120174" lat="36.1427412" lon="128.3929149"/>
 <node id="4857688939" visible="true" version="3" changeset="128779766" timestamp="2022-11-11T14:27:38Z" user="케이7" uid="8120174" lat="36.1426991" lon="128.3928428"/>
 <node id="4857688940" visible="true" version="4" changeset="128779766" timestamp="2022-11-11T14:27:38Z" user="케이7" uid="8120174" lat="36.1431762" lon="128.3925328"/>
 <node id="4857693880" visible="true" version="2" changeset="161611496" timestamp="2025-01-21T18:33:32Z" user="Lavignein" uid="5188781" lat="36.1432750" lon="128.3942763"/>
 <node id="4857693881" visible="true" version="2" changeset="161611496" timestamp="2025-01-21T18:33:32Z" user="Lavignein" uid="5188781" lat="36.1433228" lon="128.3943614"/>
 <node id="4857693882" visible="true" version="2" changeset="161611496" timestamp="2025-01-21T18:33:32Z" user="Lavignein" uid="5188781" lat="36.1432086" lon="128.3944598"/>
 <node id="4857693883" visible="true" version="2" changeset="161611496" timestamp="2025-01-21T18:33:32Z" user="Lavignein" uid="5188781" lat="36.1431608" lon="128.3943747"/>
 <node id="4857694120" visible="true" version="2" changeset="128758566" timestamp="2022-11-11T04:28:07Z" user="케이7" uid="8120174" lat="36.1423115" lon="128.3947877"/>
 <node id="4857694821" visible="true" version="2" changeset="128758566" timestamp="2022-11-11T04:28:07Z" user="케이7" uid="8120174" lat="36.1415886" lon="128.3953821"/>
 <node id="4857694822" visible="true" version="2" changeset="128758566" timestamp="2022-11-11T04:28:07Z" user="케이7" uid="8120174" lat="36.1413550" lon="128.3955881"/>
 <node id="4857694823" visible="true" version="1" changeset="48730232" timestamp="2017-05-16T12:30:25Z" user="The fast mover" uid="4505045" lat="36.1414413" lon="128.3957450"/>
 <node id="4857694824" visible="true" version="2" changeset="128758566" timestamp="2022-11-11T04:28:07Z" user="케이7" uid="8120174" lat="36.1415279" lon="128.3958218"/>
 <node id="4857694825" visible="true" version="2" changeset="128758566" timestamp="2022-11-11T04:28:07Z" user="케이7" uid="8120174" lat="36.1417005" lon="128.3962691"/>
 <node id="4857694826" visible="true" version="3" changeset="161611496" timestamp="2025-01-21T18:33:32Z" user="Lavignein" uid="5188781" lat="36.1418750" lon="128.3963988"/>
 <node id="4857694828" visible="true" version="1" changeset="48730232" timestamp="2017-05-16T12:30:25Z" user="The fast mover" uid="4505045" lat="36.1420692" lon="128.3965506"/>
 <node id="4857694829" visible="true" version="1" changeset="48730232" timestamp="2017-05-16T12:30:25Z" user="The fast mover" uid="4505045" lat="36.1422351" lon="128.3961489"/>
 <node id="4857694830" visible="true" version="1" changeset="48730232" timestamp="2017-05-16T12:30:25Z" user="The fast mover" uid="4505045" lat="36.1423898" lon="128.3959341"/>
 <node id="4857694831" visible="true" version="1" changeset="48730232" timestamp="2017-05-16T12:30:25Z" user="The fast mover" uid="4505045" lat="36.1425425" lon="128.3957263"/>
 <node id="4857694832" visible="true" version="2" changeset="128758566" timestamp="2022-11-11T04:28:07Z" user="케이7" uid="8120174" lat="36.1427066" lon="128.3953259"/>
 <node id="4857694833" visible="true" version="2" changeset="128758566" timestamp="2022-11-11T04:28:07Z" user="케이7" uid="8120174" lat="36.1426273" lon="128.3951134"/>
 <node id="4857694834" visible="true" version="2" changeset="128758566" timestamp="2022-11-11T04:28:07Z" user="케이7" uid="8120174" lat="36.1424709" lon="128.3948262"/>
 <node id="4857694835" visible="true" version="2" changeset="128758566" timestamp="2022-11-11T04:28:07Z" user="케이7" uid="8120174" lat="36.1423992" lon="128.3947667"/>
 <node id="4857696666" visible="true" version="3" changeset="161611496" timestamp="2025-01-21T18:33:32Z" user="Lavignein" uid="5188781" lat="36.1434753" lon="128.3928249"/>
 <node id="4857696667" visible="true" version="3" changeset="161611496" timestamp="2025-01-21T18:33:32Z" user="Lavignein" uid="5188781" lat="36.1433757" lon="128.3927753"/>
 <node id="4857696668" visible="true" version="2" changeset="128779766" timestamp="2022-11-11T14:27:38Z" user="케이7" uid="8120174" lat="36.1432332" lon="128.3930941"/>
 <node id="4857696669" visible="true" version="2" changeset="128779766" timestamp="2022-11-11T14:27:38Z" user="케이7" uid="8120174" lat="36.1431579" lon="128.3930522"/>
 <node id="4857696670" visible="true" version="2" changeset="128779766" timestamp="2022-11-11T14:27:38Z" user="케이7" uid="8120174" lat="36.1428652" lon="128.3932951"/>
 <node id="4857696671" visible="true" version="2" changeset="128779766" timestamp="2022-11-11T14:27:38Z" user="케이7" uid="8120174" lat="36.1430744" lon="128.3936788"/>
 <node id="4857696672" visible="true" version="2" changeset="128779766" timestamp="2022-11-11T14:27:38Z" user="케이7" uid="8120174" lat="36.1431531" lon="128.3935988"/>
 <node id="4857696673" visible="true" version="2" changeset="128779766" timestamp="2022-11-11T14:27:38Z" user="케이7" uid="8120174" lat="36.1432408" lon="128.3934668"/>
 <node id="4857696674" visible="true" version="2" changeset="128779766" timestamp="2022-11-11T14:27:38Z" user="케이7" uid="8120174" lat="36.1433308" lon="128.3932991"/>
 <node id="4857696675" visible="true" version="2" changeset="128779766" timestamp="2022-11-11T14:27:38Z" user="케이7" uid="8120174" lat="36.1433939" lon="128.3931220"/>
 <node id="4857697105" visible="true" version="3" changeset="161611496" timestamp="2025-01-21T18:33:32Z" user="Lavignein" uid="5188781" lat="36.1463467" lon="128.3918426"/>
 <node id="4857697106" visible="true" version="3" changeset="161611496" timestamp="2025-01-21T18:33:32Z" user="Lavignein" uid="5188781" lat="36.1460846" lon="128.3919290"/>
 <node id="4857697107" visible="true" version="3" changeset="161611496" timestamp="2025-01-21T18:33:32Z" user="Lavignein" uid="5188781" lat="36.1462638" lon="128.3927556"/>
 <node id="4857697108" visible="true" version="3" changeset="161611496" timestamp="2025-01-21T18:33:32Z" user="Lavignein" uid="5188781" lat="36.1465240" lon="128.3926692"/>
 <node id="4857700336" visible="true" version="4" changeset="170533537" timestamp="2025-08-16T17:10:32Z" user="Lavignein" uid="5188781" lat="36.1452656" lon="128.3935482">
  <tag k="branch" v="쿱스켓 금오공대학생회관점"/>
  <tag k="brand" v="이마트24"/>
  <tag k="brand:en" v="emart24"/>
  <tag k="brand:ko" v="이마트24"/>
  <tag k="brand:wikidata" v="Q16219674"/>
  <tag k="level" v="-1"/>
  <tag k="name" v="이마트24"/>
  <tag k="name:en" v="emart24"/>
  <tag k="name:ko" v="이마트24"/>
  <tag k="shop" v="convenience"/>
 </node>
 <node id="4857700337" visible="true" version="3" changeset="161611496" timestamp="2025-01-21T18:33:32Z" user="Lavignein" uid="5188781" lat="36.1453359" lon="128.3937016">
  <tag k="level" v="-1"/>
  <tag k="name" v="금오공대 서점"/>
  <tag k="name:ko" v="금오공대 서점"/>
  <tag k="shop" v="books"/>
 </node>
 <node id="4857700338" visible="true" version="3" changeset="161611496" timestamp="2025-01-21T18:33:32Z" user="Lavignein" uid="5188781" lat="36.1449248" lon="128.3938344">
  <tag k="amenity" v="restaurant"/>
  <tag k="name" v="학생식당"/>
  <tag k="name:ko" v="학생식당"/>
 </node>
 <node id="4857700339" visible="true" version="3" changeset="161611496" timestamp="2025-01-21T18:33:32Z" user="Lavignein" uid="5188781" lat="36.1449049" lon="128.3936168">
  <tag k="amenity" v="restaurant"/>
  <tag k="level" v="-1"/>
  <tag k="name" v="분식당"/>
  <tag k="name:ko" v="분식당"/>
 </node>
 <node id="4857700340" visible="true" version="3" changeset="161611496" timestamp="2025-01-21T18:33:32Z" user="Lavignein" uid="5188781" lat="36.1450537" lon="128.3940034">
  <tag k="amenity" v="restaurant"/>
  <tag k="level" v="0"/>
  <tag k="name" v="교직원식당"/>
  <tag k="name:ko" v="교직원식당"/>
 </node>
 <node id="4857700341" visible="true" version="3" changeset="161611496" timestamp="2025-01-21T18:33:32Z" user="Lavignein" uid="5188781" lat="36.1453791" lon="128.3939535">
  <tag k="amenity" v="bank"/>
  <tag k="atm" v="yes"/>
  <tag k="branch" v="금오공대출장소"/>
  <tag k="brand" v="농협"/>
  <tag k="brand:ko" v="농협"/>
  <tag k="brand:wikidata" v="Q15283673"/>
  <tag k="level" v="-1"/>
  <tag k="name" v="농협"/>
  <tag k="name:en" v="Nonghyup Bank"/>
  <tag k="name:ko" v="농협"/>
  <tag k="name:ko-Latn" v="Nonghyeop"/>
  <tag k="operator" v="농협"/>
 </node>
 <node id="4857700342" visible="true" version="3" changeset="161611496" timestamp="2025-01-21T18:33:32Z" user="Lavignein" uid="5188781" lat="36.1459864" lon="128.3931337"/>
 <node id="4857700343" visible="true" version="2" changeset="128758566" timestamp="2022-11-11T04:28:07Z" user="케이7" uid="8120174" lat="36.1461068" lon="128.3938568"/>
 <node id="4857700345" visible="true" version="2" changeset="128758566" timestamp="2022-11-11T04:28:07Z" user="케이7" uid="8120174" lat="36.1460631" lon="128.3935922"/>
 <node id="4857700346" visible="true" version="3" changeset="161611496" timestamp="2025-01-21T18:33:32Z" user="Lavignein" uid="5188781" lat="36.1460768" lon="128.3943623"/>
 <node id="4857706003" visible="true" version="3" changeset="161611496" timestamp="2025-01-21T18:33:32Z" user="Lavignein" uid="5188781" lat="36.1454007" lon="128.3941088">
  <tag k="amenity" v="cafe"/>
  <tag k="level" v="-1"/>
  <tag k="name" v="북카페"/>
  <tag k="name:ko" v="북카페"/>
 </node>
 <node id="4857706004" visible="true" version="3" changeset="128758566" timestamp="2022-11-11T04:28:07Z" user="케이7" uid="8120174" lat="36.1452541" lon="128.3943113">
  <tag k="name" v="금오공대 빨래방"/>
  <tag k="name:ko" v="금오공대 빨래방"/>
  <tag k="shop" v="dry_cleaning"/>
 </node>
 <node id="4857706005" visible="true" version="3" changeset="170533537" timestamp="2025-08-16T17:10:32Z" user="Lavignein" uid="5188781" lat="36.1449652" lon="128.3937475">
  <tag k="amenity" v="atm"/>
  <tag k="name" v="IM뱅크(대구은행) ATM"/>
  <tag k="name:ko" v="IM뱅크(대구은행) ATM"/>
  <tag k="operator" v="IM뱅크"/>
 </node>
 <node id="4857706006" visible="true" version="3" changeset="161611496" timestamp="2025-01-21T18:33:32Z" user="Lavignein" uid="5188781" lat="36.1449861" lon="128.3937660">
  <tag k="amenity" v="atm"/>
  <tag k="brand" v="IBK기업은행"/>
  <tag k="brand:en" v="Industrial Bank of Korea"/>
  <tag k="brand:ko" v="IBK기업은행"/>
  <tag k="brand:wikidata" v="Q483855"/>
  <tag k="name" v="IBK기업은행 ATM"/>
  <tag k="name:en" v="Industrial Bank of Korea"/>
  <tag k="name:ko" v="IBK기업은행 ATM"/>
  <tag k="operator" v="IBK기업은행"/>
  <tag k="operator:wikidata" v="Q483855"/>
 </node>
 <node id="4857706007" visible="true" version="3" changeset="161611496" timestamp="2025-01-21T18:33:32Z" user="Lavignein" uid="5188781" lat="36.1449941" lon="128.3938407">
  <tag k="amenity" v="atm"/>
  <tag k="brand" v="농협"/>
  <tag k="brand:ko" v="농협"/>
  <tag k="brand:wikidata" v="Q15283673"/>
  <tag k="name" v="농협 ATM"/>
  <tag k="name:en" v="Nonghyup Bank"/>
  <tag k="name:ko" v="농협 ATM"/>
  <tag k="name:ko-Latn" v="Nonghyeop"/>
  <tag k="operator" v="농협"/>
  <tag k="operator:wikidata" v="Q15283673"/>
 </node>
 <node id="4857707852" visible="true" version="4" changeset="182691831" timestamp="2026-05-15T10:48:52Z" user="pudlepoodle" uid="24130265" lat="36.1466338" lon="128.3943724">
  <tag k="amenity" v="atm"/>
  <tag k="cash_in" v="yes"/>
  <tag k="check_date" v="2026-05-15"/>
  <tag k="ele" v="1층"/>
  <tag k="name" v="농협 ATM"/>
  <tag k="name:ko" v="농협 ATM"/>
 </node>
 <node id="4859930118" visible="true" version="2" changeset="128758566" timestamp="2022-11-11T04:28:07Z" user="케이7" uid="8120174" lat="36.1434215" lon="128.3939002"/>
 <node id="4859930119" visible="true" version="2" changeset="128758566" timestamp="2022-11-11T04:28:07Z" user="케이7" uid="8120174" lat="36.1434386" lon="128.3938548"/>
 <node id="4859930120" visible="true" version="2" changeset="128758566" timestamp="2022-11-11T04:28:07Z" user="케이7" uid="8120174" lat="36.1434436" lon="128.3938052"/>
 <node id="4859938807" visible="true" version="3" changeset="128779766" timestamp="2022-11-11T14:27:38Z" user="케이7" uid="8120174" lat="36.1475494" lon="128.3937126"/>
 <node id="4859938808" visible="true" version="2" changeset="128779766" timestamp="2022-11-11T14:27:38Z" user="케이7" uid="8120174" lat="36.1476436" lon="128.3926083"/>
 <node id="4859938809" visible="true" version="2" changeset="128779766" timestamp="2022-11-11T14:27:38Z" user="케이7" uid="8120174" lat="36.1482262" lon="128.3926862"/>
 <node id="4859938810" visible="true" version="3" changeset="128779766" timestamp="2022-11-11T14:27:38Z" user="케이7" uid="8120174" lat="36.1481376" lon="128.3937825"/>
 <node id="4859939417" visible="true" version="2" changeset="128758566" timestamp="2022-11-11T04:28:07Z" user="케이7" uid="8120174" lat="36.1475081" lon="128.3933384"/>
 <node id="4859939418" visible="true" version="4" changeset="128779766" timestamp="2022-11-11T14:27:38Z" user="케이7" uid="8120174" lat="36.1482191" lon="128.3932973"/>
 <node id="4859939419" visible="true" version="2" changeset="128779766" timestamp="2022-11-11T14:27:38Z" user="케이7" uid="8120174" lat="36.1477825" lon="128.3932037"/>
 <node id="4859939420" visible="true" version="2" changeset="128779766" timestamp="2022-11-11T14:27:38Z" user="케이7" uid="8120174" lat="36.1480416" lon="128.3932311"/>
 <node id="4859939721" visible="true" version="2" changeset="128779766" timestamp="2022-11-11T14:27:38Z" user="케이7" uid="8120174" lat="36.1480744" lon="128.3927567"/>
 <node id="4859939722" visible="true" version="2" changeset="128779766" timestamp="2022-11-11T14:27:38Z" user="케이7" uid="8120174" lat="36.1478153" lon="128.3927292"/>
 <node id="4859939723" visible="true" version="2" changeset="128779766" timestamp="2022-11-11T14:27:38Z" user="케이7" uid="8120174" lat="36.1480052" lon="128.3935995"/>
 <node id="4859939724" visible="true" version="2" changeset="128779766" timestamp="2022-11-11T14:27:38Z" user="케이7" uid="8120174" lat="36.1480267" lon="128.3933290"/>
 <node id="4859939725" visible="true" version="2" changeset="128779766" timestamp="2022-11-11T14:27:38Z" user="케이7" uid="8120174" lat="36.1477009" lon="128.3932969"/>
 <node id="4859939726" visible="true" version="2" changeset="128779766" timestamp="2022-11-11T14:27:38Z" user="케이7" uid="8120174" lat="36.1476805" lon="128.3935620"/>
 <node id="4859939727" visible="true" version="3" changeset="128779766" timestamp="2022-11-11T14:27:38Z" user="케이7" uid="8120174" lat="36.1476892" lon="128.3932367"/>
 <node id="4859939728" visible="true" version="2" changeset="128779766" timestamp="2022-11-11T14:27:38Z" user="케이7" uid="8120174" lat="36.1476641" lon="128.3935774"/>
 <node id="4859939729" visible="true" version="2" changeset="128779766" timestamp="2022-11-11T14:27:38Z" user="케이7" uid="8120174" lat="36.1480236" lon="128.3936196"/>
 <node id="4859939730" visible="true" version="3" changeset="128779766" timestamp="2022-11-11T14:27:38Z" user="케이7" uid="8120174" lat="36.1480533" lon="128.3932780"/>
 <node id="4859939732" visible="true" version="2" changeset="128758566" timestamp="2022-11-11T04:28:07Z" user="케이7" uid="8120174" lat="36.1477686" lon="128.3937840"/>
 <node id="4859939733" visible="true" version="3" changeset="161611496" timestamp="2025-01-21T18:33:32Z" user="Lavignein" uid="5188781" lat="36.1480892" lon="128.3926282"/>
 <node id="4859939734" visible="true" version="3" changeset="161611496" timestamp="2025-01-21T18:33:32Z" user="Lavignein" uid="5188781" lat="36.1480645" lon="128.3926293"/>
 <node id="4859939735" visible="true" version="3" changeset="161611496" timestamp="2025-01-21T18:33:32Z" user="Lavignein" uid="5188781" lat="36.1480655" lon="128.3926647"/>
 <node id="4859939736" visible="true" version="3" changeset="161611496" timestamp="2025-01-21T18:33:32Z" user="Lavignein" uid="5188781" lat="36.1480903" lon="128.3926636"/>
 <node id="4859953421" visible="true" version="2" changeset="128758566" timestamp="2022-11-11T04:28:07Z" user="케이7" uid="8120174" lat="36.1433489" lon="128.3936571"/>
 <node id="4859953422" visible="true" version="2" changeset="128758566" timestamp="2022-11-11T04:28:07Z" user="케이7" uid="8120174" lat="36.1433084" lon="128.3936517"/>
 <node id="4859953423" visible="true" version="2" changeset="128758566" timestamp="2022-11-11T04:28:07Z" user="케이7" uid="8120174" lat="36.1431867" lon="128.3938176"/>
 <node id="4859953424" visible="true" version="2" changeset="128758566" timestamp="2022-11-11T04:28:07Z" user="케이7" uid="8120174" lat="36.1431945" lon="128.3938659"/>
 <node id="4859953425" visible="true" version="2" changeset="128758566" timestamp="2022-11-11T04:28:07Z" user="케이7" uid="8120174" lat="36.1432140" lon="128.3939090"/>
 <node id="4859953426" visible="true" version="2" changeset="128758566" timestamp="2022-11-11T04:28:07Z" user="케이7" uid="8120174" lat="36.1432431" lon="128.3939426"/>
 <node id="4859953427" visible="true" version="2" changeset="128758566" timestamp="2022-11-11T04:28:07Z" user="케이7" uid="8120174" lat="36.1432791" lon="128.3939635"/>
 <node id="4859957153" visible="true" version="3" changeset="144393169" timestamp="2023-11-24T05:50:17Z" user="morago" uid="11113946" lat="36.1431575" lon="128.3950056"/>
 <node id="4859957154" visible="true" version="2" changeset="128758566" timestamp="2022-11-11T04:28:07Z" user="케이7" uid="8120174" lat="36.1430955" lon="128.3951251"/>
 <node id="4859957155" visible="true" version="3" changeset="144393169" timestamp="2023-11-24T05:50:17Z" user="morago" uid="11113946" lat="36.1435752" lon="128.3947630"/>
 <node id="4859957156" visible="true" version="2" changeset="128758566" timestamp="2022-11-11T04:28:07Z" user="케이7" uid="8120174" lat="36.1440283" lon="128.3949848"/>
 <node id="4859957157" visible="true" version="2" changeset="128758566" timestamp="2022-11-11T04:28:07Z" user="케이7" uid="8120174" lat="36.1441033" lon="128.3951048"/>
 <node id="4859957158" visible="true" version="2" changeset="128758566" timestamp="2022-11-11T04:28:07Z" user="케이7" uid="8120174" lat="36.1441547" lon="128.3953423"/>
 <node id="4859957159" visible="true" version="2" changeset="128758566" timestamp="2022-11-11T04:28:07Z" user="케이7" uid="8120174" lat="36.1441124" lon="128.3958297"/>
 <node id="4859957160" visible="true" version="2" changeset="128758566" timestamp="2022-11-11T04:28:07Z" user="케이7" uid="8120174" lat="36.1440998" lon="128.3960031"/>
 <node id="4859957161" visible="true" version="2" changeset="128758566" timestamp="2022-11-11T04:28:07Z" user="케이7" uid="8120174" lat="36.1441739" lon="128.3961453"/>
 <node id="4859957162" visible="true" version="3" changeset="144393169" timestamp="2023-11-24T05:50:17Z" user="morago" uid="11113946" lat="36.1443079" lon="128.3962848"/>
 <node id="4859957163" visible="true" version="2" changeset="128758566" timestamp="2022-11-11T04:28:07Z" user="케이7" uid="8120174" lat="36.1443619" lon="128.3964156"/>
 <node id="4859957164" visible="true" version="2" changeset="128758566" timestamp="2022-11-11T04:28:07Z" user="케이7" uid="8120174" lat="36.1442381" lon="128.3968422"/>
 <node id="4859957165" visible="true" version="1" changeset="48764481" timestamp="2017-05-17T14:14:48Z" user="The fast mover" uid="4505045" lat="36.1442252" lon="128.3970973"/>
 <node id="4859957166" visible="true" version="3" changeset="144393169" timestamp="2023-11-24T05:50:17Z" user="morago" uid="11113946" lat="36.1442999" lon="128.3972392"/>
 <node id="4860152591" visible="true" version="2" changeset="128779766" timestamp="2022-11-11T14:27:38Z" user="케이7" uid="8120174" lat="36.1414132" lon="128.3957700"/>
 <node id="4860152592" visible="true" version="2" changeset="128758566" timestamp="2022-11-11T04:28:07Z" user="케이7" uid="8120174" lat="36.1425860" lon="128.3945240"/>
 <node id="4860152593" visible="true" version="2" changeset="128758566" timestamp="2022-11-11T04:28:07Z" user="케이7" uid="8120174" lat="36.1426730" lon="128.3944551"/>
 <node id="4860152595" visible="true" version="2" changeset="128758566" timestamp="2022-11-11T04:28:07Z" user="케이7" uid="8120174" lat="36.1429018" lon="128.3942469"/>
 <node id="4860152596" visible="true" version="2" changeset="128758566" timestamp="2022-11-11T04:28:07Z" user="케이7" uid="8120174" lat="36.1430213" lon="128.3941747"/>
 <node id="4860152597" visible="true" version="2" changeset="128758566" timestamp="2022-11-11T04:28:07Z" user="케이7" uid="8120174" lat="36.1431630" lon="128.3941217"/>
 <node id="4860152598" visible="true" version="2" changeset="128758566" timestamp="2022-11-11T04:28:07Z" user="케이7" uid="8120174" lat="36.1433312" lon="128.3941043"/>
 <node id="4860152599" visible="true" version="2" changeset="128758566" timestamp="2022-11-11T04:28:07Z" user="케이7" uid="8120174" lat="36.1435205" lon="128.3941183"/>
 <node id="4860152600" visible="true" version="2" changeset="128758566" timestamp="2022-11-11T04:28:07Z" user="케이7" uid="8120174" lat="36.1438287" lon="128.3942081"/>
 <node id="4860152601" visible="true" version="2" changeset="128758566" timestamp="2022-11-11T04:28:07Z" user="케이7" uid="8120174" lat="36.1443301" lon="128.3943902"/>
 <node id="4860152602" visible="true" version="2" changeset="128758566" timestamp="2022-11-11T04:28:07Z" user="케이7" uid="8120174" lat="36.1445269" lon="128.3944845"/>
 <node id="4860152603" visible="true" version="3" changeset="182690837" timestamp="2026-05-15T10:33:47Z" user="pudlepoodle" uid="24130265" lat="36.1448450" lon="128.3945617">
  <tag k="barrier" v="kerb"/>
  <tag k="kerb" v="raised"/>
 </node>
 <node id="4860152604" visible="true" version="3" changeset="182690837" timestamp="2026-05-15T10:33:50Z" user="pudlepoodle" uid="24130265" lat="36.1449538" lon="128.3946042">
  <tag k="barrier" v="kerb"/>
  <tag k="kerb" v="lowered"/>
 </node>
 <node id="4860152605" visible="true" version="2" changeset="128758566" timestamp="2022-11-11T04:28:07Z" user="케이7" uid="8120174" lat="36.1462036" lon="128.3950089"/>
 <node id="4860152606" visible="true" version="2" changeset="128758566" timestamp="2022-11-11T04:28:07Z" user="케이7" uid="8120174" lat="36.1469168" lon="128.3952312"/>
 <node id="4860152607" visible="true" version="2" changeset="128758566" timestamp="2022-11-11T04:28:07Z" user="케이7" uid="8120174" lat="36.1471692" lon="128.3953236"/>
 <node id="4860152608" visible="true" version="2" changeset="128758566" timestamp="2022-11-11T04:28:07Z" user="케이7" uid="8120174" lat="36.1472479" lon="128.3953701"/>
 <node id="4860152609" visible="true" version="2" changeset="128758566" timestamp="2022-11-11T04:28:07Z" user="케이7" uid="8120174" lat="36.1472931" lon="128.3954113"/>
 <node id="4860152610" visible="true" version="2" changeset="128758566" timestamp="2022-11-11T04:28:07Z" user="케이7" uid="8120174" lat="36.1474443" lon="128.3958039"/>
 <node id="4860152611" visible="true" version="2" changeset="128758566" timestamp="2022-11-11T04:28:07Z" user="케이7" uid="8120174" lat="36.1474882" lon="128.3960273"/>
 <node id="4860152612" visible="true" version="2" changeset="128758566" timestamp="2022-11-11T04:28:07Z" user="케이7" uid="8120174" lat="36.1475058" lon="128.3961250"/>
 <node id="4860152613" visible="true" version="2" changeset="128758566" timestamp="2022-11-11T04:28:07Z" user="케이7" uid="8120174" lat="36.1475212" lon="128.3962223"/>
 <node id="4860152614" visible="true" version="2" changeset="128758566" timestamp="2022-11-11T04:28:07Z" user="케이7" uid="8120174" lat="36.1470150" lon="128.3952705"/>
 <node id="4860152615" visible="true" version="2" changeset="128758566" timestamp="2022-11-11T04:28:07Z" user="케이7" uid="8120174" lat="36.1469491" lon="128.3951072"/>
 <node id="4860152616" visible="true" version="2" changeset="128758566" timestamp="2022-11-11T04:28:07Z" user="케이7" uid="8120174" lat="36.1460679" lon="128.3949645"/>
 <node id="4860152617" visible="true" version="2" changeset="128758566" timestamp="2022-11-11T04:28:07Z" user="케이7" uid="8120174" lat="36.1460980" lon="128.3948293"/>
 <node id="4860152618" visible="true" version="2" changeset="128758566" timestamp="2022-11-11T04:28:07Z" user="케이7" uid="8120174" lat="36.1435462" lon="128.3937757"/>
 <node id="4860152619" visible="true" version="2" changeset="128758566" timestamp="2022-11-11T04:28:07Z" user="케이7" uid="8120174" lat="36.1436092" lon="128.3938757"/>
 <node id="4860152620" visible="true" version="2" changeset="128758566" timestamp="2022-11-11T04:28:07Z" user="케이7" uid="8120174" lat="36.1437044" lon="128.3939822"/>
 <node id="4860156521" visible="true" version="2" changeset="128758566" timestamp="2022-11-11T04:28:07Z" user="케이7" uid="8120174" lat="36.1439656" lon="128.3941028"/>
 <node id="4860156522" visible="true" version="2" changeset="128758566" timestamp="2022-11-11T04:28:07Z" user="케이7" uid="8120174" lat="36.1445287" lon="128.3942978"/>
 <node id="4860156523" visible="true" version="2" changeset="128758566" timestamp="2022-11-11T04:28:07Z" user="케이7" uid="8120174" lat="36.1449101" lon="128.3944210"/>
 <node id="4860156524" visible="true" version="3" changeset="182690837" timestamp="2026-05-15T10:33:42Z" user="pudlepoodle" uid="24130265" lat="36.1451724" lon="128.3944952">
  <tag k="barrier" v="kerb"/>
  <tag k="kerb" v="raised"/>
 </node>
 <node id="4860156525" visible="true" version="3" changeset="182690837" timestamp="2026-05-15T10:33:44Z" user="pudlepoodle" uid="24130265" lat="36.1452703" lon="128.3945318">
  <tag k="barrier" v="kerb"/>
  <tag k="kerb" v="raised"/>
 </node>
 <node id="4860156526" visible="true" version="2" changeset="128758566" timestamp="2022-11-11T04:28:07Z" user="케이7" uid="8120174" lat="36.1458634" lon="128.3947464"/>
 <node id="4860156527" visible="true" version="3" changeset="182690837" timestamp="2026-05-15T10:48:35Z" user="pudlepoodle" uid="24130265" lat="36.1459401" lon="128.3947742">
  <tag k="barrier" v="kerb"/>
  <tag k="kerb" v="lowered"/>
 </node>
 <node id="4860156529" visible="true" version="2" changeset="128758566" timestamp="2022-11-11T04:28:07Z" user="케이7" uid="8120174" lat="36.1470653" lon="128.3951337"/>
 <node id="4860156530" visible="true" version="2" changeset="128758566" timestamp="2022-11-11T04:28:07Z" user="케이7" uid="8120174" lat="36.1471127" lon="128.3951250"/>
 <node id="4860156531" visible="true" version="2" changeset="128758566" timestamp="2022-11-11T04:28:07Z" user="케이7" uid="8120174" lat="36.1471643" lon="128.3951102"/>
 <node id="4860156532" visible="true" version="2" changeset="128758566" timestamp="2022-11-11T04:28:07Z" user="케이7" uid="8120174" lat="36.1472083" lon="128.3950838"/>
 <node id="4860156533" visible="true" version="2" changeset="128758566" timestamp="2022-11-11T04:28:07Z" user="케이7" uid="8120174" lat="36.1473261" lon="128.3948518"/>
 <node id="4860156534" visible="true" version="2" changeset="128758566" timestamp="2022-11-11T04:28:07Z" user="케이7" uid="8120174" lat="36.1473989" lon="128.3938863"/>
 <node id="4860156535" visible="true" version="2" changeset="128758566" timestamp="2022-11-11T04:28:07Z" user="케이7" uid="8120174" lat="36.1474055" lon="128.3937876"/>
 <node id="4860156536" visible="true" version="2" changeset="128758566" timestamp="2022-11-11T04:28:07Z" user="케이7" uid="8120174" lat="36.1474307" lon="128.3934971"/>
 <node id="4860156537" visible="true" version="2" changeset="128758566" timestamp="2022-11-11T04:28:07Z" user="케이7" uid="8120174" lat="36.1474406" lon="128.3934046"/>
 <node id="4860156538" visible="true" version="2" changeset="128758566" timestamp="2022-11-11T04:28:07Z" user="케이7" uid="8120174" lat="36.1474893" lon="128.3927262"/>
 <node id="4860156539" visible="true" version="2" changeset="128758566" timestamp="2022-11-11T04:28:07Z" user="케이7" uid="8120174" lat="36.1475628" lon="128.3918867"/>
 <node id="4860156540" visible="true" version="3" changeset="128779766" timestamp="2022-11-11T14:27:38Z" user="케이7" uid="8120174" lat="36.1475636" lon="128.3917665"/>
 <node id="4860156541" visible="true" version="3" changeset="128779766" timestamp="2022-11-11T14:27:38Z" user="케이7" uid="8120174" lat="36.1475335" lon="128.3916664"/>
 <node id="4860156542" visible="true" version="3" changeset="128779766" timestamp="2022-11-11T14:27:38Z" user="케이7" uid="8120174" lat="36.1474113" lon="128.3915265"/>
 <node id="4860156543" visible="true" version="3" changeset="128779766" timestamp="2022-11-11T14:27:38Z" user="케이7" uid="8120174" lat="36.1473368" lon="128.3915114"/>
 <node id="4860156544" visible="true" version="3" changeset="128779766" timestamp="2022-11-11T14:27:38Z" user="케이7" uid="8120174" lat="36.1471219" lon="128.3915562"/>
 <node id="4860156546" visible="true" version="3" changeset="128779766" timestamp="2022-11-11T14:27:38Z" user="케이7" uid="8120174" lat="36.1468100" lon="128.3916417"/>
 <node id="4860156547" visible="true" version="3" changeset="128779766" timestamp="2022-11-11T14:27:38Z" user="케이7" uid="8120174" lat="36.1466531" lon="128.3916905"/>
 <node id="4860156548" visible="true" version="3" changeset="128779766" timestamp="2022-11-11T14:27:38Z" user="케이7" uid="8120174" lat="36.1463295" lon="128.3917960"/>
 <node id="4860156549" visible="true" version="4" changeset="161611496" timestamp="2025-01-21T18:33:32Z" user="Lavignein" uid="5188781" lat="36.1462967" lon="128.3918064"/>
 <node id="4860156550" visible="true" version="3" changeset="128779766" timestamp="2022-11-11T14:27:38Z" user="케이7" uid="8120174" lat="36.1462585" lon="128.3918186"/>
 <node id="4860156551" visible="true" version="3" changeset="128779766" timestamp="2022-11-11T14:27:38Z" user="케이7" uid="8120174" lat="36.1462101" lon="128.3918341"/>
 <node id="4860156552" visible="true" version="4" changeset="161611496" timestamp="2025-01-21T18:33:32Z" user="Lavignein" uid="5188781" lat="36.1461806" lon="128.3918447"/>
 <node id="4860156553" visible="true" version="3" changeset="128779766" timestamp="2022-11-11T14:27:38Z" user="케이7" uid="8120174" lat="36.1461444" lon="128.3918576"/>
 <node id="4860156554" visible="true" version="3" changeset="128779766" timestamp="2022-11-11T14:27:38Z" user="케이7" uid="8120174" lat="36.1455383" lon="128.3920374"/>
 <node id="4860156555" visible="true" version="3" changeset="128779766" timestamp="2022-11-11T14:27:38Z" user="케이7" uid="8120174" lat="36.1453237" lon="128.3921005"/>
 <node id="4860156556" visible="true" version="3" changeset="128779766" timestamp="2022-11-11T14:27:38Z" user="케이7" uid="8120174" lat="36.1452821" lon="128.3921103"/>
 <node id="4860156557" visible="true" version="3" changeset="128779766" timestamp="2022-11-11T14:27:38Z" user="케이7" uid="8120174" lat="36.1452428" lon="128.3921232"/>
 <node id="4860156558" visible="true" version="3" changeset="128779766" timestamp="2022-11-11T14:27:38Z" user="케이7" uid="8120174" lat="36.1451647" lon="128.3921470"/>
 <node id="4860156559" visible="true" version="3" changeset="128779766" timestamp="2022-11-11T14:27:38Z" user="케이7" uid="8120174" lat="36.1451334" lon="128.3921563"/>
 <node id="4860156560" visible="true" version="3" changeset="128779766" timestamp="2022-11-11T14:27:38Z" user="케이7" uid="8120174" lat="36.1451010" lon="128.3921675"/>
 <node id="4860156561" visible="true" version="4" changeset="161611496" timestamp="2025-01-21T18:33:32Z" user="Lavignein" uid="5188781" lat="36.1448749" lon="128.3922268"/>
 <node id="4860156562" visible="true" version="4" changeset="161611496" timestamp="2025-01-21T18:33:32Z" user="Lavignein" uid="5188781" lat="36.1448240" lon="128.3922426"/>
 <node id="4860156563" visible="true" version="4" changeset="161611496" timestamp="2025-01-21T18:33:32Z" user="Lavignein" uid="5188781" lat="36.1447572" lon="128.3922636"/>
 <node id="4860156564" visible="true" version="3" changeset="128779766" timestamp="2022-11-11T14:27:38Z" user="케이7" uid="8120174" lat="36.1443181" lon="128.3923872"/>
 <node id="4860156565" visible="true" version="3" changeset="128779766" timestamp="2022-11-11T14:27:38Z" user="케이7" uid="8120174" lat="36.1442657" lon="128.3923990"/>
 <node id="4860156566" visible="true" version="3" changeset="128779766" timestamp="2022-11-11T14:27:38Z" user="케이7" uid="8120174" lat="36.1442076" lon="128.3924151"/>
 <node id="4860156567" visible="true" version="3" changeset="128779766" timestamp="2022-11-11T14:27:38Z" user="케이7" uid="8120174" lat="36.1439305" lon="128.3925008"/>
 <node id="4860156568" visible="true" version="3" changeset="128779766" timestamp="2022-11-11T14:27:38Z" user="케이7" uid="8120174" lat="36.1437795" lon="128.3926173"/>
 <node id="4860156569" visible="true" version="2" changeset="128758566" timestamp="2022-11-11T04:28:07Z" user="케이7" uid="8120174" lat="36.1436748" lon="128.3927878"/>
 <node id="4860156570" visible="true" version="2" changeset="128758566" timestamp="2022-11-11T04:28:07Z" user="케이7" uid="8120174" lat="36.1436229" lon="128.3928865"/>
 <node id="4860156571" visible="true" version="2" changeset="128758566" timestamp="2022-11-11T04:28:07Z" user="케이7" uid="8120174" lat="36.1435360" lon="128.3931316"/>
 <node id="4860156572" visible="true" version="2" changeset="128758566" timestamp="2022-11-11T04:28:07Z" user="케이7" uid="8120174" lat="36.1435381" lon="128.3932055"/>
 <node id="4860156573" visible="true" version="2" changeset="128758566" timestamp="2022-11-11T04:28:07Z" user="케이7" uid="8120174" lat="36.1434745" lon="128.3934282"/>
 <node id="4860156574" visible="true" version="2" changeset="128758566" timestamp="2022-11-11T04:28:07Z" user="케이7" uid="8120174" lat="36.1434831" lon="128.3935653"/>
 <node id="4860156575" visible="true" version="2" changeset="128758566" timestamp="2022-11-11T04:28:07Z" user="케이7" uid="8120174" lat="36.1435188" lon="128.3937030"/>
 <node id="4860156576" visible="true" version="3" changeset="128779766" timestamp="2022-11-11T14:27:38Z" user="케이7" uid="8120174" lat="36.1434164" lon="128.3931357"/>
 <node id="4860156578" visible="true" version="2" changeset="106992710" timestamp="2021-06-26T07:09:05Z" user="Weathering" uid="12509199" lat="36.1410726" lon="128.3954158"/>
 <node id="4860156579" visible="true" version="3" changeset="182690837" timestamp="2026-05-15T10:26:13Z" user="pudlepoodle" uid="24130265" lat="36.1418810" lon="128.3947809">
  <tag k="barrier" v="kerb"/>
  <tag k="kerb" v="raised"/>
 </node>
 <node id="4860156580" visible="true" version="3" changeset="182690837" timestamp="2026-05-15T10:26:18Z" user="pudlepoodle" uid="24130265" lat="36.1419582" lon="128.3947088">
  <tag k="barrier" v="kerb"/>
  <tag k="kerb" v="raised"/>
 </node>
 <node id="4860156581" visible="true" version="2" changeset="128758566" timestamp="2022-11-11T04:28:07Z" user="케이7" uid="8120174" lat="36.1419225" lon="128.3947416"/>
 <node id="4860156582" visible="true" version="1" changeset="48766804" timestamp="2017-05-17T16:04:35Z" user="The fast mover" uid="4505045" lat="36.1423282" lon="128.3944192"/>
 <node id="4860156583" visible="true" version="1" changeset="48766804" timestamp="2017-05-17T16:04:35Z" user="The fast mover" uid="4505045" lat="36.1423697" lon="128.3943788"/>
 <node id="4860156584" visible="true" version="1" changeset="48766804" timestamp="2017-05-17T16:04:35Z" user="The fast mover" uid="4505045" lat="36.1423951" lon="128.3943564"/>
 <node id="4860156585" visible="true" version="2" changeset="128779766" timestamp="2022-11-11T14:27:38Z" user="케이7" uid="8120174" lat="36.1429516" lon="128.3938670"/>
 <node id="4860156586" visible="true" version="2" changeset="128779766" timestamp="2022-11-11T14:27:38Z" user="케이7" uid="8120174" lat="36.1430602" lon="128.3937588"/>
 <node id="4860156587" visible="true" version="2" changeset="128779766" timestamp="2022-11-11T14:27:38Z" user="케이7" uid="8120174" lat="36.1431696" lon="128.3936215"/>
 <node id="4860156588" visible="true" version="2" changeset="128779766" timestamp="2022-11-11T14:27:38Z" user="케이7" uid="8120174" lat="36.1432791" lon="128.3934384"/>
 <node id="4860156589" visible="true" version="3" changeset="128779766" timestamp="2022-11-11T14:27:38Z" user="케이7" uid="8120174" lat="36.1433384" lon="128.3933225"/>
 <node id="4860156590" visible="true" version="2" changeset="128758566" timestamp="2022-11-11T04:28:07Z" user="케이7" uid="8120174" lat="36.1433898" lon="128.3931967"/>
 <node id="4860156591" visible="true" version="3" changeset="182690837" timestamp="2026-05-15T10:37:50Z" user="pudlepoodle" uid="24130265" lat="36.1435234" lon="128.3928109">
  <tag k="barrier" v="kerb"/>
  <tag k="kerb" v="lowered"/>
 </node>
 <node id="4860156593" visible="true" version="1" changeset="48766804" timestamp="2017-05-17T16:04:35Z" user="The fast mover" uid="4505045" lat="36.1436321" lon="128.3926249"/>
 <node id="4860156594" visible="true" version="2" changeset="128779766" timestamp="2022-11-11T14:27:38Z" user="케이7" uid="8120174" lat="36.1438596" lon="128.3924109"/>
 <node id="4860156595" visible="true" version="2" changeset="128779766" timestamp="2022-11-11T14:27:38Z" user="케이7" uid="8120174" lat="36.1440296" lon="128.3923305"/>
 <node id="4860156596" visible="true" version="2" changeset="128779766" timestamp="2022-11-11T14:27:38Z" user="케이7" uid="8120174" lat="36.1441664" lon="128.3922930"/>
 <node id="4860156597" visible="true" version="3" changeset="161611496" timestamp="2025-01-21T18:33:32Z" user="Lavignein" uid="5188781" lat="36.1448849" lon="128.3920386"/>
 <node id="4860156598" visible="true" version="3" changeset="161611496" timestamp="2025-01-21T18:33:32Z" user="Lavignein" uid="5188781" lat="36.1453618" lon="128.3918815"/>
 <node id="4860156599" visible="true" version="3" changeset="161611496" timestamp="2025-01-21T18:33:32Z" user="Lavignein" uid="5188781" lat="36.1456825" lon="128.3917567"/>
 <node id="4860156600" visible="true" version="3" changeset="161611496" timestamp="2025-01-21T18:33:32Z" user="Lavignein" uid="5188781" lat="36.1458315" lon="128.3917227"/>
 <node id="4860156601" visible="true" version="3" changeset="161611496" timestamp="2025-01-21T18:33:32Z" user="Lavignein" uid="5188781" lat="36.1460657" lon="128.3916918"/>
 <node id="4860156603" visible="true" version="3" changeset="161611496" timestamp="2025-01-21T18:33:32Z" user="Lavignein" uid="5188781" lat="36.1464759" lon="128.3915796"/>
 <node id="4860156605" visible="true" version="3" changeset="161611496" timestamp="2025-01-21T18:33:32Z" user="Lavignein" uid="5188781" lat="36.1466056" lon="128.3915330"/>
 <node id="4860156606" visible="true" version="3" changeset="161611496" timestamp="2025-01-21T18:33:32Z" user="Lavignein" uid="5188781" lat="36.1466514" lon="128.3914730"/>
 <node id="4860156607" visible="true" version="2" changeset="128779766" timestamp="2022-11-11T14:27:38Z" user="케이7" uid="8120174" lat="36.1466171" lon="128.3912357"/>
 <node id="4860156608" visible="true" version="3" changeset="161611496" timestamp="2025-01-21T18:33:32Z" user="Lavignein" uid="5188781" lat="36.1463811" lon="128.3915859"/>
 <node id="4860156609" visible="true" version="3" changeset="161611496" timestamp="2025-01-21T18:33:32Z" user="Lavignein" uid="5188781" lat="36.1463969" lon="128.3916850"/>
 <node id="4860156610" visible="true" version="4" changeset="161611496" timestamp="2025-01-21T18:33:32Z" user="Lavignein" uid="5188781" lat="36.1464082" lon="128.3917704"/>
 <node id="4860168750" visible="true" version="3" changeset="161611496" timestamp="2025-01-21T18:33:32Z" user="Lavignein" uid="5188781" lat="36.1477591" lon="128.3915034"/>
 <node id="4860168751" visible="true" version="2" changeset="128779766" timestamp="2022-11-11T14:27:38Z" user="케이7" uid="8120174" lat="36.1476892" lon="128.3917578"/>
 <node id="4860168752" visible="true" version="2" changeset="128758566" timestamp="2022-11-11T04:28:07Z" user="케이7" uid="8120174" lat="36.1476421" lon="128.3921879"/>
 <node id="4860168755" visible="true" version="2" changeset="128758566" timestamp="2022-11-11T04:28:07Z" user="케이7" uid="8120174" lat="36.1475047" lon="128.3937577"/>
 <node id="4860168756" visible="true" version="2" changeset="128758566" timestamp="2022-11-11T04:28:07Z" user="케이7" uid="8120174" lat="36.1475159" lon="128.3937978"/>
 <node id="4860168757" visible="true" version="2" changeset="128758566" timestamp="2022-11-11T04:28:07Z" user="케이7" uid="8120174" lat="36.1474155" lon="128.3952212"/>
 <node id="4860168758" visible="true" version="2" changeset="128758566" timestamp="2022-11-11T04:28:07Z" user="케이7" uid="8120174" lat="36.1474208" lon="128.3953072"/>
 <node id="4860168759" visible="true" version="2" changeset="128758566" timestamp="2022-11-11T04:28:07Z" user="케이7" uid="8120174" lat="36.1474300" lon="128.3953667"/>
 <node id="4860168760" visible="true" version="2" changeset="128758566" timestamp="2022-11-11T04:28:07Z" user="케이7" uid="8120174" lat="36.1474923" lon="128.3956112"/>
 <node id="4860168763" visible="true" version="2" changeset="128758566" timestamp="2022-11-11T04:28:07Z" user="케이7" uid="8120174" lat="36.1475887" lon="128.3960575"/>
 <node id="4860168766" visible="true" version="2" changeset="128758566" timestamp="2022-11-11T04:28:07Z" user="케이7" uid="8120174" lat="36.1476046" lon="128.3961376">
  <tag k="noexit" v="yes"/>
 </node>
 <node id="4860168767" visible="true" version="2" changeset="128758566" timestamp="2022-11-11T04:28:07Z" user="케이7" uid="8120174" lat="36.1473951" lon="128.3940048"/>
 <node id="4860168768" visible="true" version="2" changeset="128758566" timestamp="2022-11-11T04:28:07Z" user="케이7" uid="8120174" lat="36.1473848" lon="128.3941589"/>
 <node id="4860168769" visible="true" version="2" changeset="128758566" timestamp="2022-11-11T04:28:07Z" user="케이7" uid="8120174" lat="36.1474372" lon="128.3941662"/>
 <node id="4860168770" visible="true" version="2" changeset="128758566" timestamp="2022-11-11T04:28:07Z" user="케이7" uid="8120174" lat="36.1474837" lon="128.3941724"/>
 <node id="4860168771" visible="true" version="2" changeset="128758566" timestamp="2022-11-11T04:28:07Z" user="케이7" uid="8120174" lat="36.1472948" lon="128.3949546"/>
 <node id="4860168772" visible="true" version="2" changeset="128758566" timestamp="2022-11-11T04:28:07Z" user="케이7" uid="8120174" lat="36.1473608" lon="128.3949834"/>
 <node id="4860168773" visible="true" version="2" changeset="128758566" timestamp="2022-11-11T04:28:07Z" user="케이7" uid="8120174" lat="36.1474150" lon="128.3949990"/>
 <node id="4860168774" visible="true" version="2" changeset="128758566" timestamp="2022-11-11T04:28:07Z" user="케이7" uid="8120174" lat="36.1474435" lon="128.3954469"/>
 <node id="4860168775" visible="true" version="2" changeset="128758566" timestamp="2022-11-11T04:28:07Z" user="케이7" uid="8120174" lat="36.1474070" lon="128.3954710"/>
 <node id="4860168776" visible="true" version="2" changeset="128758566" timestamp="2022-11-11T04:28:07Z" user="케이7" uid="8120174" lat="36.1473582" lon="128.3955034"/>
 <node id="4860168777" visible="true" version="2" changeset="128758566" timestamp="2022-11-11T04:28:07Z" user="케이7" uid="8120174" lat="36.1469233" lon="128.3949197"/>
 <node id="4860168779" visible="true" version="2" changeset="128758566" timestamp="2022-11-11T04:28:07Z" user="케이7" uid="8120174" lat="36.1473120" lon="128.3949026"/>
 <node id="4860168780" visible="true" version="2" changeset="128758566" timestamp="2022-11-11T04:28:07Z" user="케이7" uid="8120174" lat="36.1465991" lon="128.3950044"/>
 <node id="4860168781" visible="true" version="2" changeset="128758566" timestamp="2022-11-11T04:28:07Z" user="케이7" uid="8120174" lat="36.1465848" lon="128.3948918"/>
 <node id="4860168782" visible="true" version="2" changeset="128758566" timestamp="2022-11-11T04:28:07Z" user="케이7" uid="8120174" lat="36.1459051" lon="128.3947618"/>
 <node id="4860168783" visible="true" version="3" changeset="161611496" timestamp="2025-01-21T18:33:32Z" user="Lavignein" uid="5188781" lat="36.1459447" lon="128.3943265"/>
 <node id="4860168786" visible="true" version="3" changeset="183001433" timestamp="2026-05-22T03:04:59Z" user="Woo Ahn" uid="23263678" lat="36.1467587" lon="128.3915319"/>
 <node id="4860168787" visible="true" version="2" changeset="128779766" timestamp="2022-11-11T14:27:38Z" user="케이7" uid="8120174" lat="36.1465742" lon="128.3905217"/>
 <node id="4860168788" visible="true" version="2" changeset="128779766" timestamp="2022-11-11T14:27:38Z" user="케이7" uid="8120174" lat="36.1465543" lon="128.3904214"/>
 <node id="4860168789" visible="true" version="2" changeset="128779766" timestamp="2022-11-11T14:27:38Z" user="케이7" uid="8120174" lat="36.1464253" lon="128.3897759"/>
 <node id="4860168790" visible="true" version="2" changeset="128779766" timestamp="2022-11-11T14:27:38Z" user="케이7" uid="8120174" lat="36.1462952" lon="128.3894313"/>
 <node id="4860168791" visible="true" version="2" changeset="128779766" timestamp="2022-11-11T14:27:38Z" user="케이7" uid="8120174" lat="36.1461601" lon="128.3890604"/>
 <node id="4860168792" visible="true" version="2" changeset="128779766" timestamp="2022-11-11T14:27:38Z" user="케이7" uid="8120174" lat="36.1460977" lon="128.3888194"/>
 <node id="4860168793" visible="true" version="2" changeset="128779766" timestamp="2022-11-11T14:27:38Z" user="케이7" uid="8120174" lat="36.1460852" lon="128.3888771"/>
 <node id="4860168794" visible="true" version="2" changeset="128779766" timestamp="2022-11-11T14:27:38Z" user="케이7" uid="8120174" lat="36.1460144" lon="128.3889319"/>
 <node id="4860168796" visible="true" version="2" changeset="128779766" timestamp="2022-11-11T14:27:38Z" user="케이7" uid="8120174" lat="36.1463193" lon="128.3897105"/>
 <node id="4860168797" visible="true" version="2" changeset="128779766" timestamp="2022-11-11T14:27:38Z" user="케이7" uid="8120174" lat="36.1463967" lon="128.3899914"/>
 <node id="4860168798" visible="true" version="2" changeset="128779766" timestamp="2022-11-11T14:27:38Z" user="케이7" uid="8120174" lat="36.1464637" lon="128.3903437"/>
 <node id="4860168799" visible="true" version="2" changeset="128779766" timestamp="2022-11-11T14:27:38Z" user="케이7" uid="8120174" lat="36.1465383" lon="128.3907881"/>
 <node id="4860168800" visible="true" version="2" changeset="128779766" timestamp="2022-11-11T14:27:38Z" user="케이7" uid="8120174" lat="36.1459270" lon="128.3886689"/>
 <node id="4860168801" visible="true" version="2" changeset="128779766" timestamp="2022-11-11T14:27:38Z" user="케이7" uid="8120174" lat="36.1458941" lon="128.3886031"/>
 <node id="4860168802" visible="true" version="2" changeset="128779766" timestamp="2022-11-11T14:27:38Z" user="케이7" uid="8120174" lat="36.1458516" lon="128.3885316"/>
 <node id="4860168803" visible="true" version="2" changeset="128779766" timestamp="2022-11-11T14:27:38Z" user="케이7" uid="8120174" lat="36.1457915" lon="128.3884518"/>
 <node id="4860168804" visible="true" version="2" changeset="128779766" timestamp="2022-11-11T14:27:38Z" user="케이7" uid="8120174" lat="36.1457399" lon="128.3883983"/>
 <node id="4860168805" visible="true" version="2" changeset="128779766" timestamp="2022-11-11T14:27:38Z" user="케이7" uid="8120174" lat="36.1457207" lon="128.3883778"/>
 <node id="4860168806" visible="true" version="2" changeset="128779766" timestamp="2022-11-11T14:27:38Z" user="케이7" uid="8120174" lat="36.1454822" lon="128.3881481"/>
 <node id="4860168807" visible="true" version="2" changeset="128779766" timestamp="2022-11-11T14:27:38Z" user="케이7" uid="8120174" lat="36.1454440" lon="128.3881127"/>
 <node id="4860168808" visible="true" version="2" changeset="128779766" timestamp="2022-11-11T14:27:38Z" user="케이7" uid="8120174" lat="36.1454099" lon="128.3880813"/>
 <node id="4860168809" visible="true" version="2" changeset="128779766" timestamp="2022-11-11T14:27:38Z" user="케이7" uid="8120174" lat="36.1452907" lon="128.3879656"/>
 <node id="4860168810" visible="true" version="2" changeset="128779766" timestamp="2022-11-11T14:27:38Z" user="케이7" uid="8120174" lat="36.1452443" lon="128.3879148"/>
 <node id="4860168811" visible="true" version="2" changeset="128779766" timestamp="2022-11-11T14:27:38Z" user="케이7" uid="8120174" lat="36.1451336" lon="128.3878132"/>
 <node id="4860168812" visible="true" version="2" changeset="128779766" timestamp="2022-11-11T14:27:38Z" user="케이7" uid="8120174" lat="36.1450184" lon="128.3877142"/>
 <node id="4860168813" visible="true" version="2" changeset="128779766" timestamp="2022-11-11T14:27:38Z" user="케이7" uid="8120174" lat="36.1449801" lon="128.3876859"/>
 <node id="4860168814" visible="true" version="2" changeset="128779766" timestamp="2022-11-11T14:27:38Z" user="케이7" uid="8120174" lat="36.1449320" lon="128.3876817"/>
 <node id="4860168815" visible="true" version="2" changeset="128779766" timestamp="2022-11-11T14:27:38Z" user="케이7" uid="8120174" lat="36.1448761" lon="128.3877143"/>
 <node id="4860168816" visible="true" version="2" changeset="128779766" timestamp="2022-11-11T14:27:38Z" user="케이7" uid="8120174" lat="36.1447064" lon="128.3879806"/>
 <node id="4860168817" visible="true" version="2" changeset="128779766" timestamp="2022-11-11T14:27:38Z" user="케이7" uid="8120174" lat="36.1445849" lon="128.3881572"/>
 <node id="4860168818" visible="true" version="2" changeset="128779766" timestamp="2022-11-11T14:27:38Z" user="케이7" uid="8120174" lat="36.1444298" lon="128.3883663"/>
 <node id="4860168820" visible="true" version="2" changeset="128779766" timestamp="2022-11-11T14:27:38Z" user="케이7" uid="8120174" lat="36.1444185" lon="128.3883912"/>
 <node id="4860168921" visible="true" version="2" changeset="128779766" timestamp="2022-11-11T14:27:38Z" user="케이7" uid="8120174" lat="36.1444243" lon="128.3884134"/>
 <node id="4860168922" visible="true" version="2" changeset="128779766" timestamp="2022-11-11T14:27:38Z" user="케이7" uid="8120174" lat="36.1445298" lon="128.3885456"/>
 <node id="4861575844" visible="true" version="3" changeset="128779766" timestamp="2022-11-11T14:27:38Z" user="케이7" uid="8120174" lat="36.1477128" lon="128.3890000"/>
 <node id="4861609250" visible="true" version="3" changeset="128779766" timestamp="2022-11-11T14:27:38Z" user="케이7" uid="8120174" lat="36.1470262" lon="128.3892077"/>
 <node id="4861609251" visible="true" version="2" changeset="128779766" timestamp="2022-11-11T14:27:38Z" user="케이7" uid="8120174" lat="36.1469235" lon="128.3894024"/>
 <node id="4861609252" visible="true" version="2" changeset="128779766" timestamp="2022-11-11T14:27:38Z" user="케이7" uid="8120174" lat="36.1468602" lon="128.3896608"/>
 <node id="4861609253" visible="true" version="1" changeset="48787303" timestamp="2017-05-18T10:33:26Z" user="The fast mover" uid="4505045" lat="36.1468677" lon="128.3897622"/>
 <node id="4861618338" visible="true" version="2" changeset="128779766" timestamp="2022-11-11T14:27:38Z" user="케이7" uid="8120174" lat="36.1468927" lon="128.3896268"/>
 <node id="4861618339" visible="true" version="2" changeset="128779766" timestamp="2022-11-11T14:27:38Z" user="케이7" uid="8120174" lat="36.1471586" lon="128.3897321"/>
 <node id="4861618340" visible="true" version="2" changeset="128779766" timestamp="2022-11-11T14:27:38Z" user="케이7" uid="8120174" lat="36.1471172" lon="128.3898916"/>
 <node id="4861618341" visible="true" version="2" changeset="128779766" timestamp="2022-11-11T14:27:38Z" user="케이7" uid="8120174" lat="36.1468538" lon="128.3898022"/>
 <node id="4861618342" visible="true" version="1" changeset="48787540" timestamp="2017-05-18T10:41:22Z" user="The fast mover" uid="4505045" lat="36.1477938" lon="128.3893405"/>
 <node id="4861626131" visible="true" version="1" changeset="48787679" timestamp="2017-05-18T10:46:25Z" user="The fast mover" uid="4505045" lat="36.1468795" lon="128.3897214"/>
 <node id="4861626132" visible="true" version="2" changeset="128779766" timestamp="2022-11-11T14:27:38Z" user="케이7" uid="8120174" lat="36.1471342" lon="128.3898220"/>
 <node id="4861626133" visible="true" version="3" changeset="48787993" timestamp="2017-05-18T10:58:19Z" user="The fast mover" uid="4505045" lat="36.1466283" lon="128.3896576"/>
 <node id="4861626134" visible="true" version="3" changeset="48787993" timestamp="2017-05-18T10:58:19Z" user="The fast mover" uid="4505045" lat="36.1465621" lon="128.3899082"/>
 <node id="4861626135" visible="true" version="3" changeset="48787993" timestamp="2017-05-18T10:58:19Z" user="The fast mover" uid="4505045" lat="36.1466370" lon="128.3899386"/>
 <node id="4861626136" visible="true" version="3" changeset="48787993" timestamp="2017-05-18T10:58:19Z" user="The fast mover" uid="4505045" lat="36.1466183" lon="128.3900094"/>
 <node id="4861626137" visible="true" version="3" changeset="48787993" timestamp="2017-05-18T10:58:19Z" user="The fast mover" uid="4505045" lat="36.1469829" lon="128.3901572"/>
 <node id="4861626138" visible="true" version="3" changeset="48787993" timestamp="2017-05-18T10:58:19Z" user="The fast mover" uid="4505045" lat="36.1470307" lon="128.3899765"/>
 <node id="4861626139" visible="true" version="3" changeset="48787993" timestamp="2017-05-18T10:58:19Z" user="The fast mover" uid="4505045" lat="36.1467302" lon="128.3898547"/>
 <node id="4861626140" visible="true" version="3" changeset="48787993" timestamp="2017-05-18T10:58:19Z" user="The fast mover" uid="4505045" lat="36.1467674" lon="128.3897140"/>
 <node id="4861626599" visible="true" version="2" changeset="128779766" timestamp="2022-11-11T14:27:38Z" user="케이7" uid="8120174" lat="36.1464358" lon="128.3899844"/>
 <node id="4861626600" visible="true" version="2" changeset="128779766" timestamp="2022-11-11T14:27:38Z" user="케이7" uid="8120174" lat="36.1464516" lon="128.3899018"/>
 <node id="4861626601" visible="true" version="2" changeset="128779766" timestamp="2022-11-11T14:27:38Z" user="케이7" uid="8120174" lat="36.1464771" lon="128.3897741"/>
 <node id="4861626602" visible="true" version="2" changeset="128779766" timestamp="2022-11-11T14:27:38Z" user="케이7" uid="8120174" lat="36.1465277" lon="128.3895446"/>
 <node id="4861626603" visible="true" version="2" changeset="128779766" timestamp="2022-11-11T14:27:38Z" user="케이7" uid="8120174" lat="36.1466729" lon="128.3891481"/>
 <node id="4861632722" visible="true" version="2" changeset="128779766" timestamp="2022-11-11T14:27:38Z" user="케이7" uid="8120174" lat="36.1468072" lon="128.3889685"/>
 <node id="4861632723" visible="true" version="2" changeset="128779766" timestamp="2022-11-11T14:27:38Z" user="케이7" uid="8120174" lat="36.1470229" lon="128.3889238"/>
 <node id="4861632724" visible="true" version="1" changeset="48787841" timestamp="2017-05-18T10:53:12Z" user="The fast mover" uid="4505045" lat="36.1470819" lon="128.3890581"/>
 <node id="4861632725" visible="true" version="1" changeset="48787841" timestamp="2017-05-18T10:53:12Z" user="The fast mover" uid="4505045" lat="36.1470650" lon="128.3891061"/>
 <node id="4861632726" visible="true" version="2" changeset="128779766" timestamp="2022-11-11T14:27:38Z" user="케이7" uid="8120174" lat="36.1471098" lon="128.3891630"/>
 <node id="4861632727" visible="true" version="2" changeset="128779766" timestamp="2022-11-11T14:27:38Z" user="케이7" uid="8120174" lat="36.1474132" lon="128.3899345"/>
 <node id="4861632729" visible="true" version="2" changeset="128779766" timestamp="2022-11-11T14:27:38Z" user="케이7" uid="8120174" lat="36.1477118" lon="128.3889018"/>
 <node id="4861632730" visible="true" version="2" changeset="128779766" timestamp="2022-11-11T14:27:38Z" user="케이7" uid="8120174" lat="36.1475576" lon="128.3888147"/>
 <node id="4861632731" visible="true" version="2" changeset="128779766" timestamp="2022-11-11T14:27:38Z" user="케이7" uid="8120174" lat="36.1474699" lon="128.3890418"/>
 <node id="4861632732" visible="true" version="2" changeset="128779766" timestamp="2022-11-11T14:27:38Z" user="케이7" uid="8120174" lat="36.1477822" lon="128.3891876"/>
 <node id="4861632733" visible="true" version="1" changeset="48787841" timestamp="2017-05-18T10:53:12Z" user="The fast mover" uid="4505045" lat="36.1476253" lon="128.3891900"/>
 <node id="4861632734" visible="true" version="1" changeset="48787841" timestamp="2017-05-18T10:53:12Z" user="The fast mover" uid="4505045" lat="36.1474767" lon="128.3891245"/>
 <node id="4861632735" visible="true" version="1" changeset="48787841" timestamp="2017-05-18T10:53:12Z" user="The fast mover" uid="4505045" lat="36.1474524" lon="128.3891971"/>
 <node id="4861632736" visible="true" version="1" changeset="48787841" timestamp="2017-05-18T10:53:12Z" user="The fast mover" uid="4505045" lat="36.1476053" lon="128.3892749"/>
 <node id="4861632738" visible="true" version="2" changeset="128779766" timestamp="2022-11-11T14:27:38Z" user="케이7" uid="8120174" lat="36.1466014" lon="128.3891128"/>
 <node id="4861632739" visible="true" version="2" changeset="128779766" timestamp="2022-11-11T14:27:38Z" user="케이7" uid="8120174" lat="36.1465344" lon="128.3890904"/>
 <node id="4861632740" visible="true" version="2" changeset="128779766" timestamp="2022-11-11T14:27:38Z" user="케이7" uid="8120174" lat="36.1464674" lon="128.3894630"/>
 <node id="4861632741" visible="true" version="2" changeset="128779766" timestamp="2022-11-11T14:27:38Z" user="케이7" uid="8120174" lat="36.1465357" lon="128.3894804"/>
 <node id="4861633177" visible="true" version="4" changeset="161611496" timestamp="2025-01-21T18:33:32Z" user="Lavignein" uid="5188781" lat="36.1466211" lon="128.3917009"/>
 <node id="4861633178" visible="true" version="3" changeset="161611496" timestamp="2025-01-21T18:33:32Z" user="Lavignein" uid="5188781" lat="36.1468324" lon="128.3928788"/>
 <node id="4861644234" visible="true" version="2" changeset="128779766" timestamp="2022-11-11T14:27:38Z" user="케이7" uid="8120174" lat="36.1471669" lon="128.3898293"/>
 <node id="4861644239" visible="true" version="3" changeset="128779766" timestamp="2022-11-11T14:27:38Z" user="케이7" uid="8120174" lat="36.1471127" lon="128.3899635"/>
 <node id="4861644240" visible="true" version="1" changeset="48787993" timestamp="2017-05-18T10:58:18Z" user="The fast mover" uid="4505045" lat="36.1468756" lon="128.3898759"/>
 <node id="4861644241" visible="true" version="2" changeset="128779766" timestamp="2022-11-11T14:27:38Z" user="케이7" uid="8120174" lat="36.1467643" lon="128.3898310"/>
 <node id="4861644242" visible="true" version="3" changeset="128779766" timestamp="2022-11-11T14:27:38Z" user="케이7" uid="8120174" lat="36.1467968" lon="128.3896989"/>
 <node id="4861644243" visible="true" version="2" changeset="128779766" timestamp="2022-11-11T14:27:38Z" user="케이7" uid="8120174" lat="36.1465383" lon="128.3896672"/>
 <node id="4861644244" visible="true" version="2" changeset="128779766" timestamp="2022-11-11T14:27:38Z" user="케이7" uid="8120174" lat="36.1464674" lon="128.3899817"/>
 <node id="4861644245" visible="true" version="2" changeset="128779766" timestamp="2022-11-11T14:27:38Z" user="케이7" uid="8120174" lat="36.1466610" lon="128.3901242"/>
 <node id="4861644246" visible="true" version="2" changeset="128779766" timestamp="2022-11-11T14:27:38Z" user="케이7" uid="8120174" lat="36.1465947" lon="128.3904623"/>
 <node id="4861644247" visible="true" version="2" changeset="128779766" timestamp="2022-11-11T14:27:38Z" user="케이7" uid="8120174" lat="36.1465220" lon="128.3904834"/>
 <node id="4861644248" visible="true" version="2" changeset="128779766" timestamp="2022-11-11T14:27:38Z" user="케이7" uid="8120174" lat="36.1467772" lon="128.3904086"/>
 <node id="4861644249" visible="true" version="2" changeset="128779766" timestamp="2022-11-11T14:27:38Z" user="케이7" uid="8120174" lat="36.1469393" lon="128.3903672"/>
 <node id="4861644250" visible="true" version="2" changeset="128779766" timestamp="2022-11-11T14:27:38Z" user="케이7" uid="8120174" lat="36.1471267" lon="128.3903755"/>
 <node id="4861644251" visible="true" version="2" changeset="128779766" timestamp="2022-11-11T14:27:38Z" user="케이7" uid="8120174" lat="36.1473249" lon="128.3904683"/>
 <node id="4861644252" visible="true" version="2" changeset="128779766" timestamp="2022-11-11T14:27:38Z" user="케이7" uid="8120174" lat="36.1472984" lon="128.3903593"/>
 <node id="4861644253" visible="true" version="2" changeset="128779766" timestamp="2022-11-11T14:27:38Z" user="케이7" uid="8120174" lat="36.1471325" lon="128.3902877"/>
 <node id="4861644254" visible="true" version="2" changeset="128779766" timestamp="2022-11-11T14:27:38Z" user="케이7" uid="8120174" lat="36.1470890" lon="128.3904481"/>
 <node id="4861644255" visible="true" version="2" changeset="128779766" timestamp="2022-11-11T14:27:38Z" user="케이7" uid="8120174" lat="36.1472637" lon="128.3905175"/>
 <node id="4861679012" visible="true" version="2" changeset="128779766" timestamp="2022-11-11T14:27:38Z" user="케이7" uid="8120174" lat="36.1467266" lon="128.3890978"/>
 <node id="4861679013" visible="true" version="2" changeset="128779766" timestamp="2022-11-11T14:27:38Z" user="케이7" uid="8120174" lat="36.1466328" lon="128.3894140"/>
 <node id="4861679014" visible="true" version="2" changeset="128779766" timestamp="2022-11-11T14:27:38Z" user="케이7" uid="8120174" lat="36.1467381" lon="128.3894622"/>
 <node id="4861679015" visible="true" version="2" changeset="128779766" timestamp="2022-11-11T14:27:38Z" user="케이7" uid="8120174" lat="36.1468205" lon="128.3891531"/>
 <node id="4861679016" visible="true" version="2" changeset="128779766" timestamp="2022-11-11T14:27:38Z" user="케이7" uid="8120174" lat="36.1470323" lon="128.3890964"/>
 <node id="4861679017" visible="true" version="2" changeset="128779766" timestamp="2022-11-11T14:27:38Z" user="케이7" uid="8120174" lat="36.1470174" lon="128.3889532"/>
 <node id="4861679018" visible="true" version="2" changeset="128779766" timestamp="2022-11-11T14:27:38Z" user="케이7" uid="8120174" lat="36.1468114" lon="128.3890000"/>
 <node id="4861679019" visible="true" version="2" changeset="128779766" timestamp="2022-11-11T14:27:38Z" user="케이7" uid="8120174" lat="36.1467863" lon="128.3890182"/>
 <node id="4861679020" visible="true" version="2" changeset="128779766" timestamp="2022-11-11T14:27:38Z" user="케이7" uid="8120174" lat="36.1467727" lon="128.3890327"/>
 <node id="4861679321" visible="true" version="2" changeset="128779766" timestamp="2022-11-11T14:27:38Z" user="케이7" uid="8120174" lat="36.1467573" lon="128.3890473"/>
 <node id="4861679322" visible="true" version="2" changeset="128779766" timestamp="2022-11-11T14:27:38Z" user="케이7" uid="8120174" lat="36.1467435" lon="128.3890654"/>
 <node id="4861679323" visible="true" version="2" changeset="128779766" timestamp="2022-11-11T14:27:38Z" user="케이7" uid="8120174" lat="36.1467335" lon="128.3890791"/>
 <node id="4861685413" visible="true" version="3" changeset="128779766" timestamp="2022-11-11T14:27:38Z" user="케이7" uid="8120174" lat="36.1483663" lon="128.3921007"/>
 <node id="4861685414" visible="true" version="3" changeset="128779766" timestamp="2022-11-11T14:27:38Z" user="케이7" uid="8120174" lat="36.1482660" lon="128.3922804"/>
 <node id="4861685415" visible="true" version="3" changeset="128779766" timestamp="2022-11-11T14:27:38Z" user="케이7" uid="8120174" lat="36.1485496" lon="128.3925248"/>
 <node id="4861685416" visible="true" version="3" changeset="128779766" timestamp="2022-11-11T14:27:38Z" user="케이7" uid="8120174" lat="36.1486475" lon="128.3923521"/>
 <node id="4861685418" visible="true" version="3" changeset="128779766" timestamp="2022-11-11T14:27:38Z" user="케이7" uid="8120174" lat="36.1482580" lon="128.3926760"/>
 <node id="4861685419" visible="true" version="3" changeset="128779766" timestamp="2022-11-11T14:27:38Z" user="케이7" uid="8120174" lat="36.1485884" lon="128.3929043"/>
 <node id="4861685420" visible="true" version="3" changeset="128779766" timestamp="2022-11-11T14:27:38Z" user="케이7" uid="8120174" lat="36.1485159" lon="128.3928839"/>
 <node id="4861685723" visible="true" version="3" changeset="128779766" timestamp="2022-11-11T14:27:38Z" user="케이7" uid="8120174" lat="36.1482607" lon="128.3928442"/>
 <node id="5002753773" visible="true" version="1" changeset="50688169" timestamp="2017-07-30T09:00:35Z" user="ng0972" uid="5245348" lat="36.1482217" lon="128.4164743"/>
 <node id="5002753774" visible="true" version="1" changeset="50688169" timestamp="2017-07-30T09:00:35Z" user="ng0972" uid="5245348" lat="36.1493331" lon="128.4169331"/>
 <node id="5002753775" visible="true" version="1" changeset="50688169" timestamp="2017-07-30T09:00:35Z" user="ng0972" uid="5245348" lat="36.1503982" lon="128.4168566"/>
 <node id="5002753776" visible="true" version="1" changeset="50688169" timestamp="2017-07-30T09:00:35Z" user="ng0972" uid="5245348" lat="36.1514324" lon="128.4163978"/>
 <node id="5002753777" visible="true" version="1" changeset="50688169" timestamp="2017-07-30T09:00:35Z" user="ng0972" uid="5245348" lat="36.1521888" lon="128.4165890"/>
 <node id="5002753778" visible="true" version="2" changeset="144393195" timestamp="2023-11-24T05:51:28Z" user="morago" uid="11113946" lat="36.1523783" lon="128.4162355"/>
 <node id="5002753779" visible="true" version="2" changeset="144393195" timestamp="2023-11-24T05:51:28Z" user="morago" uid="11113946" lat="36.1528325" lon="128.4155607"/>
 <node id="5002753780" visible="true" version="1" changeset="50688169" timestamp="2017-07-30T09:00:35Z" user="ng0972" uid="5245348" lat="36.1534236" lon="128.4157478"/>
 <node id="5002755662" visible="true" version="2" changeset="54979189" timestamp="2017-12-28T10:39:16Z" user="lorenzo23622" uid="476483" lat="36.1562985" lon="128.4146804"/>
 <node id="5002755663" visible="true" version="2" changeset="54979189" timestamp="2017-12-28T10:39:16Z" user="lorenzo23622" uid="476483" lat="36.1580526" lon="128.4158714"/>
 <node id="5002755664" visible="true" version="1" changeset="50688169" timestamp="2017-07-30T09:00:36Z" user="ng0972" uid="5245348" lat="36.1593173" lon="128.4159679"/>
 <node id="5002755665" visible="true" version="1" changeset="50688169" timestamp="2017-07-30T09:00:36Z" user="ng0972" uid="5245348" lat="36.1613962" lon="128.4155388"/>
 <node id="5002755669" visible="true" version="1" changeset="50688169" timestamp="2017-07-30T09:00:36Z" user="ng0972" uid="5245348" lat="36.1608592" lon="128.4115691"/>
 <node id="5002755670" visible="true" version="1" changeset="50688169" timestamp="2017-07-30T09:00:36Z" user="ng0972" uid="5245348" lat="36.1608072" lon="128.4101314"/>
 <node id="5002755671" visible="true" version="1" changeset="50688169" timestamp="2017-07-30T09:00:36Z" user="ng0972" uid="5245348" lat="36.1605993" lon="128.4096808"/>
 <node id="5002755672" visible="true" version="1" changeset="50688169" timestamp="2017-07-30T09:00:36Z" user="ng0972" uid="5245348" lat="36.1602875" lon="128.4089942"/>
 <node id="5002755673" visible="true" version="1" changeset="50688169" timestamp="2017-07-30T09:00:36Z" user="ng0972" uid="5245348" lat="36.1599063" lon="128.4084792"/>
 <node id="5002755674" visible="true" version="1" changeset="50688169" timestamp="2017-07-30T09:00:36Z" user="ng0972" uid="5245348" lat="36.1596638" lon="128.4078784"/>
 <node id="5002755675" visible="true" version="1" changeset="50688169" timestamp="2017-07-30T09:00:36Z" user="ng0972" uid="5245348" lat="36.1580006" lon="128.4077067"/>
 <node id="5002755676" visible="true" version="1" changeset="50688169" timestamp="2017-07-30T09:00:36Z" user="ng0972" uid="5245348" lat="36.1573076" lon="128.4083504"/>
 <node id="5002755677" visible="true" version="1" changeset="50688169" timestamp="2017-07-30T09:00:36Z" user="ng0972" uid="5245348" lat="36.1568918" lon="128.4088225"/>
 <node id="5002755678" visible="true" version="1" changeset="50688169" timestamp="2017-07-30T09:00:36Z" user="ng0972" uid="5245348" lat="36.1564760" lon="128.4086509"/>
 <node id="5002755679" visible="true" version="1" changeset="50688169" timestamp="2017-07-30T09:00:36Z" user="ng0972" uid="5245348" lat="36.1559909" lon="128.4083934"/>
 <node id="5002755680" visible="true" version="1" changeset="50688169" timestamp="2017-07-30T09:00:36Z" user="ng0972" uid="5245348" lat="36.1555405" lon="128.4081573"/>
 <node id="5002755681" visible="true" version="1" changeset="50688169" timestamp="2017-07-30T09:00:36Z" user="ng0972" uid="5245348" lat="36.1551766" lon="128.4079857"/>
 <node id="5002755682" visible="true" version="1" changeset="50688169" timestamp="2017-07-30T09:00:36Z" user="ng0972" uid="5245348" lat="36.1548301" lon="128.4077282"/>
 <node id="5002755683" visible="true" version="1" changeset="50688169" timestamp="2017-07-30T09:00:36Z" user="ng0972" uid="5245348" lat="36.1559389" lon="128.4067840"/>
 <node id="5002755684" visible="true" version="1" changeset="50688169" timestamp="2017-07-30T09:00:36Z" user="ng0972" uid="5245348" lat="36.1552113" lon="128.4063549"/>
 <node id="5002755685" visible="true" version="1" changeset="50688169" timestamp="2017-07-30T09:00:36Z" user="ng0972" uid="5245348" lat="36.1549514" lon="128.4065051"/>
 <node id="5308219205" visible="true" version="1" changeset="54979189" timestamp="2017-12-28T10:39:11Z" user="lorenzo23622" uid="476483" lat="36.1579963" lon="128.4152544"/>
 <node id="5308219206" visible="true" version="1" changeset="54979189" timestamp="2017-12-28T10:39:11Z" user="lorenzo23622" uid="476483" lat="36.1576303" lon="128.4153000"/>
 <node id="5308219207" visible="true" version="1" changeset="54979189" timestamp="2017-12-28T10:39:11Z" user="lorenzo23622" uid="476483" lat="36.1572048" lon="128.4149044"/>
 <node id="5308219208" visible="true" version="1" changeset="54979189" timestamp="2017-12-28T10:39:11Z" user="lorenzo23622" uid="476483" lat="36.1565524" lon="128.4146368"/>
 <node id="5308219209" visible="true" version="1" changeset="54979189" timestamp="2017-12-28T10:39:11Z" user="lorenzo23622" uid="476483" lat="36.1567920" lon="128.4148618"/>
 <node id="5308220555" visible="true" version="1" changeset="54979189" timestamp="2017-12-28T10:39:11Z" user="lorenzo23622" uid="476483" lat="36.1541803" lon="128.4034628"/>
 <node id="6556737592" visible="true" version="1" changeset="71387943" timestamp="2019-06-19T05:43:16Z" user="maphunter36" uid="2924920" lat="36.1562679" lon="128.4142689"/>
 <node id="6556737593" visible="true" version="1" changeset="71387943" timestamp="2019-06-19T05:43:16Z" user="maphunter36" uid="2924920" lat="36.1562679" lon="128.4140006"/>
 <node id="6556737594" visible="true" version="1" changeset="71387943" timestamp="2019-06-19T05:43:16Z" user="maphunter36" uid="2924920" lat="36.1560686" lon="128.4139899"/>
 <node id="6556737595" visible="true" version="1" changeset="71387943" timestamp="2019-06-19T05:43:16Z" user="maphunter36" uid="2924920" lat="36.1558434" lon="128.4141508"/>
 <node id="6556737596" visible="true" version="1" changeset="71387943" timestamp="2019-06-19T05:43:16Z" user="maphunter36" uid="2924920" lat="36.1554622" lon="128.4145371"/>
 <node id="6556737597" visible="true" version="1" changeset="71387943" timestamp="2019-06-19T05:43:16Z" user="maphunter36" uid="2924920" lat="36.1552890" lon="128.4146766"/>
 <node id="6556737598" visible="true" version="1" changeset="71387943" timestamp="2019-06-19T05:43:16Z" user="maphunter36" uid="2924920" lat="36.1546739" lon="128.4146015"/>
 <node id="6556737599" visible="true" version="1" changeset="71387943" timestamp="2019-06-19T05:43:16Z" user="maphunter36" uid="2924920" lat="36.1543881" lon="128.4145478"/>
 <node id="6556737600" visible="true" version="1" changeset="71387943" timestamp="2019-06-19T05:43:16Z" user="maphunter36" uid="2924920" lat="36.1542408" lon="128.4142045"/>
 <node id="6556737601" visible="true" version="1" changeset="71387943" timestamp="2019-06-19T05:43:16Z" user="maphunter36" uid="2924920" lat="36.1541975" lon="128.4139255"/>
 <node id="6556737602" visible="true" version="1" changeset="71387943" timestamp="2019-06-19T05:43:16Z" user="maphunter36" uid="2924920" lat="36.1540675" lon="128.4134427"/>
 <node id="6556737603" visible="true" version="1" changeset="71387943" timestamp="2019-06-19T05:43:16Z" user="maphunter36" uid="2924920" lat="36.1539636" lon="128.4129707"/>
 <node id="6556737604" visible="true" version="1" changeset="71387943" timestamp="2019-06-19T05:43:16Z" user="maphunter36" uid="2924920" lat="36.1539462" lon="128.4125415"/>
 <node id="6556737605" visible="true" version="1" changeset="71387943" timestamp="2019-06-19T05:43:16Z" user="maphunter36" uid="2924920" lat="36.1539203" lon="128.4120373"/>
 <node id="6556737606" visible="true" version="1" changeset="71387943" timestamp="2019-06-19T05:43:16Z" user="maphunter36" uid="2924920" lat="36.1537643" lon="128.4119300"/>
 <node id="6556737607" visible="true" version="1" changeset="71387943" timestamp="2019-06-19T05:43:16Z" user="maphunter36" uid="2924920" lat="36.1535911" lon="128.4113506"/>
 <node id="6556737608" visible="true" version="1" changeset="71387943" timestamp="2019-06-19T05:43:16Z" user="maphunter36" uid="2924920" lat="36.1534005" lon="128.4108356"/>
 <node id="6556737609" visible="true" version="1" changeset="71387943" timestamp="2019-06-19T05:43:16Z" user="maphunter36" uid="2924920" lat="36.1532359" lon="128.4102777"/>
 <node id="6556737610" visible="true" version="1" changeset="71387943" timestamp="2019-06-19T05:43:16Z" user="maphunter36" uid="2924920" lat="36.1530280" lon="128.4096447"/>
 <node id="6556737611" visible="true" version="1" changeset="71387943" timestamp="2019-06-19T05:43:16Z" user="maphunter36" uid="2924920" lat="36.1528287" lon="128.4093229"/>
 <node id="6556737612" visible="true" version="1" changeset="71387943" timestamp="2019-06-19T05:43:16Z" user="maphunter36" uid="2924920" lat="36.1526382" lon="128.4090761"/>
 <node id="6556737613" visible="true" version="1" changeset="71387943" timestamp="2019-06-19T05:43:16Z" user="maphunter36" uid="2924920" lat="36.1524476" lon="128.4088079"/>
 <node id="6556737614" visible="true" version="1" changeset="71387943" timestamp="2019-06-19T05:43:16Z" user="maphunter36" uid="2924920" lat="36.1521357" lon="128.4088937"/>
 <node id="6556737615" visible="true" version="1" changeset="71387943" timestamp="2019-06-19T05:43:16Z" user="maphunter36" uid="2924920" lat="36.1521270" lon="128.4092478"/>
 <node id="6556737616" visible="true" version="1" changeset="71387943" timestamp="2019-06-19T05:43:16Z" user="maphunter36" uid="2924920" lat="36.1522656" lon="128.4097091"/>
 <node id="6556737617" visible="true" version="1" changeset="71387943" timestamp="2019-06-19T05:43:16Z" user="maphunter36" uid="2924920" lat="36.1524042" lon="128.4102777"/>
 <node id="6556737618" visible="true" version="1" changeset="71387943" timestamp="2019-06-19T05:43:16Z" user="maphunter36" uid="2924920" lat="36.1525862" lon="128.4109000"/>
 <node id="6556737619" visible="true" version="1" changeset="71387943" timestamp="2019-06-19T05:43:16Z" user="maphunter36" uid="2924920" lat="36.1527161" lon="128.4115330"/>
 <node id="6556737620" visible="true" version="1" changeset="71387943" timestamp="2019-06-19T05:43:16Z" user="maphunter36" uid="2924920" lat="36.1528114" lon="128.4119836"/>
 <node id="6556737621" visible="true" version="1" changeset="71387943" timestamp="2019-06-19T05:43:16Z" user="maphunter36" uid="2924920" lat="36.1528201" lon="128.4123699"/>
 <node id="6556737622" visible="true" version="1" changeset="71387943" timestamp="2019-06-19T05:43:16Z" user="maphunter36" uid="2924920" lat="36.1526208" lon="128.4124557"/>
 <node id="6556737623" visible="true" version="1" changeset="71387943" timestamp="2019-06-19T05:43:16Z" user="maphunter36" uid="2924920" lat="36.1523783" lon="128.4124450"/>
 <node id="6556737624" visible="true" version="1" changeset="71387943" timestamp="2019-06-19T05:43:16Z" user="maphunter36" uid="2924920" lat="36.1518325" lon="128.4119943"/>
 <node id="6556737625" visible="true" version="1" changeset="71387943" timestamp="2019-06-19T05:43:16Z" user="maphunter36" uid="2924920" lat="36.1514427" lon="128.4117154"/>
 <node id="6556737626" visible="true" version="1" changeset="71387943" timestamp="2019-06-19T05:43:16Z" user="maphunter36" uid="2924920" lat="36.1510875" lon="128.4114579"/>
 <node id="6556737627" visible="true" version="1" changeset="71387943" timestamp="2019-06-19T05:43:16Z" user="maphunter36" uid="2924920" lat="36.1508882" lon="128.4111682"/>
 <node id="6556737628" visible="true" version="1" changeset="71387943" timestamp="2019-06-19T05:43:16Z" user="maphunter36" uid="2924920" lat="36.1508882" lon="128.4105996"/>
 <node id="6556737629" visible="true" version="1" changeset="71387943" timestamp="2019-06-19T05:43:16Z" user="maphunter36" uid="2924920" lat="36.1508882" lon="128.4101812"/>
 <node id="6556737630" visible="true" version="1" changeset="71387943" timestamp="2019-06-19T05:43:16Z" user="maphunter36" uid="2924920" lat="36.1507409" lon="128.4098164"/>
 <node id="6556737631" visible="true" version="1" changeset="71387943" timestamp="2019-06-19T05:43:16Z" user="maphunter36" uid="2924920" lat="36.1508016" lon="128.4095053"/>
 <node id="6556737632" visible="true" version="1" changeset="71387943" timestamp="2019-06-19T05:43:16Z" user="maphunter36" uid="2924920" lat="36.1506890" lon="128.4087864"/>
 <node id="6556737633" visible="true" version="1" changeset="71387943" timestamp="2019-06-19T05:43:16Z" user="maphunter36" uid="2924920" lat="36.1504377" lon="128.4090117"/>
 <node id="6556737634" visible="true" version="1" changeset="71387943" timestamp="2019-06-19T05:43:16Z" user="maphunter36" uid="2924920" lat="36.1501865" lon="128.4093551"/>
 <node id="6556737635" visible="true" version="1" changeset="71387943" timestamp="2019-06-19T05:43:16Z" user="maphunter36" uid="2924920" lat="36.1501432" lon="128.4105460"/>
 <node id="6556737636" visible="true" version="1" changeset="71387943" timestamp="2019-06-19T05:43:16Z" user="maphunter36" uid="2924920" lat="36.1502125" lon="128.4109537"/>
 <node id="6556737637" visible="true" version="1" changeset="71387943" timestamp="2019-06-19T05:43:16Z" user="maphunter36" uid="2924920" lat="36.1502645" lon="128.4114150"/>
 <node id="6556737638" visible="true" version="1" changeset="71387943" timestamp="2019-06-19T05:43:16Z" user="maphunter36" uid="2924920" lat="36.1501952" lon="128.4117690"/>
 <node id="6556737639" visible="true" version="1" changeset="71387943" timestamp="2019-06-19T05:43:16Z" user="maphunter36" uid="2924920" lat="36.1500565" lon="128.4121660"/>
 <node id="6556737640" visible="true" version="1" changeset="71387943" timestamp="2019-06-19T05:43:16Z" user="maphunter36" uid="2924920" lat="36.1502645" lon="128.4126595"/>
 <node id="6556737641" visible="true" version="1" changeset="71387943" timestamp="2019-06-19T05:43:16Z" user="maphunter36" uid="2924920" lat="36.1504550" lon="128.4129385"/>
 <node id="6556737642" visible="true" version="1" changeset="71387943" timestamp="2019-06-19T05:43:16Z" user="maphunter36" uid="2924920" lat="36.1507669" lon="128.4128741"/>
 <node id="6556737643" visible="true" version="1" changeset="71387943" timestamp="2019-06-19T05:43:16Z" user="maphunter36" uid="2924920" lat="36.1510528" lon="128.4130029"/>
 <node id="6556737644" visible="true" version="2" changeset="170533537" timestamp="2025-08-16T17:10:32Z" user="Lavignein" uid="5188781" lat="36.1515110" lon="128.4134648"/>
 <node id="6556737645" visible="true" version="2" changeset="170533537" timestamp="2025-08-16T17:10:32Z" user="Lavignein" uid="5188781" lat="36.1516539" lon="128.4134852"/>
 <node id="6556737646" visible="true" version="2" changeset="170533537" timestamp="2025-08-16T17:10:32Z" user="Lavignein" uid="5188781" lat="36.1523109" lon="128.4132261"/>
 <node id="6556737647" visible="true" version="2" changeset="170533537" timestamp="2025-08-16T17:10:32Z" user="Lavignein" uid="5188781" lat="36.1524429" lon="128.4130993"/>
 <node id="6556737648" visible="true" version="2" changeset="170533537" timestamp="2025-08-16T17:10:32Z" user="Lavignein" uid="5188781" lat="36.1525658" lon="128.4131632"/>
 <node id="6556737649" visible="true" version="2" changeset="170533537" timestamp="2025-08-16T17:10:32Z" user="Lavignein" uid="5188781" lat="36.1526248" lon="128.4135566"/>
 <node id="6556737650" visible="true" version="2" changeset="170533537" timestamp="2025-08-16T17:10:32Z" user="Lavignein" uid="5188781" lat="36.1529793" lon="128.4140791"/>
 <node id="6556737651" visible="true" version="1" changeset="71387943" timestamp="2019-06-19T05:43:16Z" user="maphunter36" uid="2924920" lat="36.1531406" lon="128.4145264"/>
 <node id="6556737652" visible="true" version="1" changeset="71387943" timestamp="2019-06-19T05:43:16Z" user="maphunter36" uid="2924920" lat="36.1532532" lon="128.4149877"/>
 <node id="6556737653" visible="true" version="1" changeset="71387943" timestamp="2019-06-19T05:43:16Z" user="maphunter36" uid="2924920" lat="36.1533139" lon="128.4153847"/>
 <node id="6556737654" visible="true" version="2" changeset="151926682" timestamp="2024-05-28T06:08:48Z" user="Bnew13" uid="21350967" lat="36.1446059" lon="128.4084782"/>
 <node id="6556737660" visible="true" version="1" changeset="71387943" timestamp="2019-06-19T05:43:16Z" user="maphunter36" uid="2924920" lat="36.1440082" lon="128.4091433"/>
 <node id="6556737661" visible="true" version="1" changeset="71387943" timestamp="2019-06-19T05:43:16Z" user="maphunter36" uid="2924920" lat="36.1436963" lon="128.4095188"/>
 <node id="6556737662" visible="true" version="1" changeset="71387943" timestamp="2019-06-19T05:43:16Z" user="maphunter36" uid="2924920" lat="36.1434710" lon="128.4099158"/>
 <node id="6556737663" visible="true" version="2" changeset="159505993" timestamp="2024-11-23T16:05:00Z" user="Weathering" uid="12509199" lat="36.1431044" lon="128.4098894"/>
 <node id="6556737664" visible="true" version="3" changeset="159505993" timestamp="2024-11-23T16:05:00Z" user="Weathering" uid="12509199" lat="36.1426532" lon="128.4092464"/>
 <node id="6556737665" visible="true" version="1" changeset="71387943" timestamp="2019-06-19T05:43:16Z" user="maphunter36" uid="2924920" lat="36.1421714" lon="128.4087249"/>
 <node id="6556737666" visible="true" version="1" changeset="71387943" timestamp="2019-06-19T05:43:16Z" user="maphunter36" uid="2924920" lat="36.1419721" lon="128.4083494"/>
 <node id="6556737667" visible="true" version="1" changeset="71387943" timestamp="2019-06-19T05:43:16Z" user="maphunter36" uid="2924920" lat="36.1415649" lon="128.4083279"/>
 <node id="6556737668" visible="true" version="1" changeset="71387943" timestamp="2019-06-19T05:43:16Z" user="maphunter36" uid="2924920" lat="36.1408111" lon="128.4085640"/>
 <node id="6556737669" visible="true" version="1" changeset="71387943" timestamp="2019-06-19T05:43:16Z" user="maphunter36" uid="2924920" lat="36.1405078" lon="128.4086927"/>
 <node id="6556737670" visible="true" version="1" changeset="71387943" timestamp="2019-06-19T05:43:16Z" user="maphunter36" uid="2924920" lat="36.1401959" lon="128.4089931"/>
 <node id="6556737671" visible="true" version="1" changeset="71387943" timestamp="2019-06-19T05:43:16Z" user="maphunter36" uid="2924920" lat="36.1398320" lon="128.4092721"/>
 <node id="6556737672" visible="true" version="1" changeset="71387943" timestamp="2019-06-19T05:43:16Z" user="maphunter36" uid="2924920" lat="36.1394508" lon="128.4095295"/>
 <node id="6556737673" visible="true" version="1" changeset="71387943" timestamp="2019-06-19T05:43:16Z" user="maphunter36" uid="2924920" lat="36.1391475" lon="128.4100231"/>
 <node id="6556737674" visible="true" version="1" changeset="71387943" timestamp="2019-06-19T05:43:16Z" user="maphunter36" uid="2924920" lat="36.1389916" lon="128.4104630"/>
 <node id="6556737675" visible="true" version="1" changeset="71387943" timestamp="2019-06-19T05:43:16Z" user="maphunter36" uid="2924920" lat="36.1390002" lon="128.4109779"/>
 <node id="6556737676" visible="true" version="1" changeset="71387943" timestamp="2019-06-19T05:43:16Z" user="maphunter36" uid="2924920" lat="36.1391302" lon="128.4116539"/>
 <node id="6556737677" visible="true" version="1" changeset="71387943" timestamp="2019-06-19T05:43:16Z" user="maphunter36" uid="2924920" lat="36.1390609" lon="128.4120186"/>
 <node id="6556737678" visible="true" version="1" changeset="71387943" timestamp="2019-06-19T05:43:16Z" user="maphunter36" uid="2924920" lat="36.1387576" lon="128.4123298"/>
 <node id="6556737679" visible="true" version="1" changeset="71387943" timestamp="2019-06-19T05:43:16Z" user="maphunter36" uid="2924920" lat="36.1385150" lon="128.4127160"/>
 <node id="6556737680" visible="true" version="1" changeset="71387943" timestamp="2019-06-19T05:43:16Z" user="maphunter36" uid="2924920" lat="36.1383677" lon="128.4134134"/>
 <node id="6556737681" visible="true" version="1" changeset="71387943" timestamp="2019-06-19T05:43:16Z" user="maphunter36" uid="2924920" lat="36.1383677" lon="128.4138855"/>
 <node id="6556737682" visible="true" version="1" changeset="71387943" timestamp="2019-06-19T05:43:16Z" user="maphunter36" uid="2924920" lat="36.1385324" lon="128.4138962"/>
 <node id="6556737683" visible="true" version="1" changeset="71387943" timestamp="2019-06-19T05:43:16Z" user="maphunter36" uid="2924920" lat="36.1386883" lon="128.4137138"/>
 <node id="6556737684" visible="true" version="1" changeset="71387943" timestamp="2019-06-19T05:43:16Z" user="maphunter36" uid="2924920" lat="36.1386883" lon="128.4132954"/>
 <node id="6556737685" visible="true" version="1" changeset="71387943" timestamp="2019-06-19T05:43:16Z" user="maphunter36" uid="2924920" lat="36.1389656" lon="128.4130379"/>
 <node id="6556737686" visible="true" version="1" changeset="71387943" timestamp="2019-06-19T05:43:16Z" user="maphunter36" uid="2924920" lat="36.1392169" lon="128.4129091"/>
 <node id="6556737687" visible="true" version="1" changeset="71387943" timestamp="2019-06-19T05:43:16Z" user="maphunter36" uid="2924920" lat="36.1395634" lon="128.4125444"/>
 <node id="6556737688" visible="true" version="1" changeset="71387943" timestamp="2019-06-19T05:43:16Z" user="maphunter36" uid="2924920" lat="36.1398927" lon="128.4125444"/>
 <node id="6556737689" visible="true" version="1" changeset="71387943" timestamp="2019-06-19T05:43:16Z" user="maphunter36" uid="2924920" lat="36.1400486" lon="128.4129842"/>
 <node id="6556737690" visible="true" version="1" changeset="71387943" timestamp="2019-06-19T05:43:16Z" user="maphunter36" uid="2924920" lat="36.1401439" lon="128.4135314"/>
 <node id="6556737691" visible="true" version="1" changeset="71387943" timestamp="2019-06-19T05:43:16Z" user="maphunter36" uid="2924920" lat="36.1404819" lon="128.4138855"/>
 <node id="6556737692" visible="true" version="1" changeset="71387943" timestamp="2019-06-19T05:43:16Z" user="maphunter36" uid="2924920" lat="36.1407245" lon="128.4140464"/>
 <node id="6556737693" visible="true" version="1" changeset="71387943" timestamp="2019-06-19T05:43:16Z" user="maphunter36" uid="2924920" lat="36.1410624" lon="128.4139284"/>
 <node id="6556737694" visible="true" version="1" changeset="71387943" timestamp="2019-06-19T05:43:16Z" user="maphunter36" uid="2924920" lat="36.1416775" lon="128.4142932"/>
 <node id="6556737695" visible="true" version="1" changeset="71387943" timestamp="2019-06-19T05:43:16Z" user="maphunter36" uid="2924920" lat="36.1417815" lon="128.4147652"/>
 <node id="6556737696" visible="true" version="1" changeset="71387943" timestamp="2019-06-19T05:43:16Z" user="maphunter36" uid="2924920" lat="36.1418248" lon="128.4151836"/>
 <node id="6556737697" visible="true" version="1" changeset="71387943" timestamp="2019-06-19T05:43:16Z" user="maphunter36" uid="2924920" lat="36.1422060" lon="128.4159239"/>
 <node id="6556737698" visible="true" version="1" changeset="71387943" timestamp="2019-06-19T05:43:16Z" user="maphunter36" uid="2924920" lat="36.1428385" lon="128.4170290"/>
 <node id="6556737699" visible="true" version="1" changeset="71387943" timestamp="2019-06-19T05:43:16Z" user="maphunter36" uid="2924920" lat="36.1432631" lon="128.4178551"/>
 <node id="6556737700" visible="true" version="1" changeset="71387943" timestamp="2019-06-19T05:43:16Z" user="maphunter36" uid="2924920" lat="36.1436183" lon="128.4182950"/>
 <node id="6556737701" visible="true" version="1" changeset="71387943" timestamp="2019-06-19T05:43:16Z" user="maphunter36" uid="2924920" lat="36.1440515" lon="128.4185740"/>
 <node id="6556737702" visible="true" version="1" changeset="71387943" timestamp="2019-06-19T05:43:16Z" user="maphunter36" uid="2924920" lat="36.1444413" lon="128.4186383"/>
 <node id="6556737703" visible="true" version="1" changeset="71387943" timestamp="2019-06-19T05:43:16Z" user="maphunter36" uid="2924920" lat="36.1447619" lon="128.4185096"/>
 <node id="6556737704" visible="true" version="1" changeset="71387943" timestamp="2019-06-19T05:43:16Z" user="maphunter36" uid="2924920" lat="36.1448572" lon="128.4181019"/>
 <node id="6556737705" visible="true" version="1" changeset="71387943" timestamp="2019-06-19T05:43:16Z" user="maphunter36" uid="2924920" lat="36.1448572" lon="128.4175762"/>
 <node id="6556737706" visible="true" version="1" changeset="71387943" timestamp="2019-06-19T05:43:16Z" user="maphunter36" uid="2924920" lat="36.1447099" lon="128.4170505"/>
 <node id="6556737707" visible="true" version="1" changeset="71387943" timestamp="2019-06-19T05:43:16Z" user="maphunter36" uid="2924920" lat="36.1445540" lon="128.4162673"/>
 <node id="6556737708" visible="true" version="1" changeset="71387943" timestamp="2019-06-19T05:43:16Z" user="maphunter36" uid="2924920" lat="36.1444500" lon="128.4158703"/>
 <node id="6556737709" visible="true" version="1" changeset="71387943" timestamp="2019-06-19T05:43:16Z" user="maphunter36" uid="2924920" lat="36.1446579" lon="128.4156450"/>
 <node id="6556737710" visible="true" version="1" changeset="71387943" timestamp="2019-06-19T05:43:16Z" user="maphunter36" uid="2924920" lat="36.1451951" lon="128.4155162"/>
 <node id="6556737711" visible="true" version="1" changeset="71387943" timestamp="2019-06-19T05:43:16Z" user="maphunter36" uid="2924920" lat="36.1455070" lon="128.4155699"/>
 <node id="6556737712" visible="true" version="1" changeset="71387943" timestamp="2019-06-19T05:43:16Z" user="maphunter36" uid="2924920" lat="36.1458622" lon="128.4160527"/>
 <node id="6556737713" visible="true" version="1" changeset="71387943" timestamp="2019-06-19T05:43:16Z" user="maphunter36" uid="2924920" lat="36.1460875" lon="128.4160956"/>
 <node id="6556737714" visible="true" version="1" changeset="71387943" timestamp="2019-06-19T05:43:16Z" user="maphunter36" uid="2924920" lat="36.1461741" lon="128.4160741"/>
 <node id="6556737715" visible="true" version="1" changeset="71387943" timestamp="2019-06-19T05:43:16Z" user="maphunter36" uid="2924920" lat="36.1464254" lon="128.4127911"/>
 <node id="6556737716" visible="true" version="1" changeset="71387943" timestamp="2019-06-19T05:43:16Z" user="maphunter36" uid="2924920" lat="36.1465293" lon="128.4119865"/>
 <node id="6556737717" visible="true" version="1" changeset="71387943" timestamp="2019-06-19T05:43:16Z" user="maphunter36" uid="2924920" lat="36.1464427" lon="128.4117611"/>
 <node id="6556737718" visible="true" version="1" changeset="71387943" timestamp="2019-06-19T05:43:16Z" user="maphunter36" uid="2924920" lat="36.1462261" lon="128.4116968"/>
 <node id="6556737719" visible="true" version="1" changeset="71387943" timestamp="2019-06-19T05:43:16Z" user="maphunter36" uid="2924920" lat="36.1461308" lon="128.4114715"/>
 <node id="6556737720" visible="true" version="1" changeset="71387943" timestamp="2019-06-19T05:43:16Z" user="maphunter36" uid="2924920" lat="36.1461914" lon="128.4109672"/>
 <node id="6556737721" visible="true" version="1" changeset="71387943" timestamp="2019-06-19T05:43:16Z" user="maphunter36" uid="2924920" lat="36.1462954" lon="128.4102806"/>
 <node id="6556737722" visible="true" version="1" changeset="71387943" timestamp="2019-06-19T05:43:16Z" user="maphunter36" uid="2924920" lat="36.1463820" lon="128.4097763"/>
 <node id="6556737723" visible="true" version="1" changeset="71387943" timestamp="2019-06-19T05:43:16Z" user="maphunter36" uid="2924920" lat="36.1467199" lon="128.4090360"/>
 <node id="6556737724" visible="true" version="1" changeset="71387943" timestamp="2019-06-19T05:43:16Z" user="maphunter36" uid="2924920" lat="36.1470405" lon="128.4088644"/>
 <node id="6556737725" visible="true" version="1" changeset="71387943" timestamp="2019-06-19T05:43:16Z" user="maphunter36" uid="2924920" lat="36.1473610" lon="128.4087249"/>
 <node id="6556737726" visible="true" version="1" changeset="71387943" timestamp="2019-06-19T05:43:16Z" user="maphunter36" uid="2924920" lat="36.1487056" lon="128.4105095"/>
 <node id="6556737727" visible="true" version="1" changeset="71387943" timestamp="2019-06-19T05:43:16Z" user="maphunter36" uid="2924920" lat="36.1482074" lon="128.4102017"/>
 <node id="6556737728" visible="true" version="1" changeset="71387943" timestamp="2019-06-19T05:43:16Z" user="maphunter36" uid="2924920" lat="36.1485547" lon="128.4118862"/>
 <node id="6556737729" visible="true" version="1" changeset="71387943" timestamp="2019-06-19T05:43:16Z" user="maphunter36" uid="2924920" lat="36.1481784" lon="128.4162657"/>
 <node id="6556745564" visible="true" version="1" changeset="71388130" timestamp="2019-06-19T05:51:37Z" user="maphunter36" uid="2924920" lat="36.1612699" lon="128.4148921"/>
 <node id="6556745565" visible="true" version="1" changeset="71388130" timestamp="2019-06-19T05:51:37Z" user="maphunter36" uid="2924920" lat="36.1610749" lon="128.4145472"/>
 <node id="6556745566" visible="true" version="1" changeset="71388130" timestamp="2019-06-19T05:51:37Z" user="maphunter36" uid="2924920" lat="36.1607434" lon="128.4141154"/>
 <node id="6556745567" visible="true" version="1" changeset="71388130" timestamp="2019-06-19T05:51:37Z" user="maphunter36" uid="2924920" lat="36.1605605" lon="128.4137544"/>
 <node id="6556745568" visible="true" version="1" changeset="71388130" timestamp="2019-06-19T05:51:37Z" user="maphunter36" uid="2924920" lat="36.1603891" lon="128.4136766"/>
 <node id="6556745569" visible="true" version="1" changeset="71388130" timestamp="2019-06-19T05:51:37Z" user="maphunter36" uid="2924920" lat="36.1602462" lon="128.4138535"/>
 <node id="6556745570" visible="true" version="1" changeset="71388130" timestamp="2019-06-19T05:51:37Z" user="maphunter36" uid="2924920" lat="36.1598062" lon="128.4138747"/>
 <node id="6556745571" visible="true" version="1" changeset="71388130" timestamp="2019-06-19T05:51:37Z" user="maphunter36" uid="2924920" lat="36.1596233" lon="128.4140375"/>
 <node id="6556745572" visible="true" version="1" changeset="71388130" timestamp="2019-06-19T05:51:37Z" user="maphunter36" uid="2924920" lat="36.1596976" lon="128.4143348"/>
 <node id="6556745573" visible="true" version="1" changeset="71388130" timestamp="2019-06-19T05:51:37Z" user="maphunter36" uid="2924920" lat="36.1597205" lon="128.4146180"/>
 <node id="6556745574" visible="true" version="1" changeset="71388130" timestamp="2019-06-19T05:51:37Z" user="maphunter36" uid="2924920" lat="36.1596062" lon="128.4147737"/>
 <node id="6556745575" visible="true" version="1" changeset="71388130" timestamp="2019-06-19T05:51:37Z" user="maphunter36" uid="2924920" lat="36.1594347" lon="128.4147737"/>
 <node id="6556745576" visible="true" version="1" changeset="71388130" timestamp="2019-06-19T05:51:37Z" user="maphunter36" uid="2924920" lat="36.1594176" lon="128.4144764"/>
 <node id="6556745577" visible="true" version="1" changeset="71388130" timestamp="2019-06-19T05:51:37Z" user="maphunter36" uid="2924920" lat="36.1594004" lon="128.4141013"/>
 <node id="6556745578" visible="true" version="1" changeset="71388130" timestamp="2019-06-19T05:51:37Z" user="maphunter36" uid="2924920" lat="36.1592004" lon="128.4138464"/>
 <node id="6556745579" visible="true" version="1" changeset="71388130" timestamp="2019-06-19T05:51:37Z" user="maphunter36" uid="2924920" lat="36.1592518" lon="128.4136341"/>
 <node id="6556745580" visible="true" version="1" changeset="71388130" timestamp="2019-06-19T05:51:37Z" user="maphunter36" uid="2924920" lat="36.1594919" lon="128.4135137"/>
 <node id="6556745581" visible="true" version="1" changeset="71388130" timestamp="2019-06-19T05:51:37Z" user="maphunter36" uid="2924920" lat="36.1596004" lon="128.4131881"/>
 <node id="6556745582" visible="true" version="1" changeset="71388130" timestamp="2019-06-19T05:51:37Z" user="maphunter36" uid="2924920" lat="36.1596690" lon="128.4127705"/>
 <node id="6556745583" visible="true" version="1" changeset="71388130" timestamp="2019-06-19T05:51:37Z" user="maphunter36" uid="2924920" lat="36.1598176" lon="128.4126714"/>
 <node id="6556745584" visible="true" version="1" changeset="71388130" timestamp="2019-06-19T05:51:37Z" user="maphunter36" uid="2924920" lat="36.1601776" lon="128.4126219"/>
 <node id="6556745585" visible="true" version="1" changeset="71388130" timestamp="2019-06-19T05:51:37Z" user="maphunter36" uid="2924920" lat="36.1603091" lon="128.4126431"/>
 <node id="6556745586" visible="true" version="1" changeset="71388130" timestamp="2019-06-19T05:51:37Z" user="maphunter36" uid="2924920" lat="36.1603720" lon="128.4126360"/>
 <node id="6556745587" visible="true" version="1" changeset="71388130" timestamp="2019-06-19T05:51:37Z" user="maphunter36" uid="2924920" lat="36.1604577" lon="128.4123600"/>
 <node id="6556745588" visible="true" version="1" changeset="71388130" timestamp="2019-06-19T05:51:37Z" user="maphunter36" uid="2924920" lat="36.1607777" lon="128.4122963"/>
 <node id="6556745589" visible="true" version="1" changeset="71388130" timestamp="2019-06-19T05:51:37Z" user="maphunter36" uid="2924920" lat="36.1608749" lon="128.4119848"/>
 <node id="6556745590" visible="true" version="1" changeset="71388130" timestamp="2019-06-19T05:51:37Z" user="maphunter36" uid="2924920" lat="36.1609034" lon="128.4117866"/>
 <node id="6556745591" visible="true" version="1" changeset="71388130" timestamp="2019-06-19T05:51:37Z" user="maphunter36" uid="2924920" lat="36.1611295" lon="128.4158097"/>
 <node id="6556745592" visible="true" version="1" changeset="71388130" timestamp="2019-06-19T05:51:37Z" user="maphunter36" uid="2924920" lat="36.1494836" lon="128.3933942"/>
 <node id="6556745593" visible="true" version="2" changeset="183000580" timestamp="2026-05-22T02:00:45Z" user="Woo Ahn" uid="23263678" lat="36.1493161" lon="128.3945406"/>
 <node id="6556745594" visible="true" version="3" changeset="183000580" timestamp="2026-05-22T02:00:45Z" user="Woo Ahn" uid="23263678" lat="36.1487656" lon="128.3945162"/>
 <node id="6556745595" visible="true" version="3" changeset="183000580" timestamp="2026-05-22T02:00:45Z" user="Woo Ahn" uid="23263678" lat="36.1484959" lon="128.3942635"/>
 <node id="6556745596" visible="true" version="2" changeset="82063445" timestamp="2020-03-11T13:46:08Z" user="Lavignein" uid="5188781" lat="36.1481592" lon="128.3942531"/>
 <node id="6556745597" visible="true" version="1" changeset="71388130" timestamp="2019-06-19T05:51:37Z" user="maphunter36" uid="2924920" lat="36.1489498" lon="128.3921574"/>
 <node id="6556745598" visible="true" version="1" changeset="71388130" timestamp="2019-06-19T05:51:37Z" user="maphunter36" uid="2924920" lat="36.1486844" lon="128.3921982"/>
 <node id="6556745599" visible="true" version="1" changeset="71388130" timestamp="2019-06-19T05:51:37Z" user="maphunter36" uid="2924920" lat="36.1481071" lon="128.3923489"/>
 <node id="6556745600" visible="true" version="1" changeset="71388130" timestamp="2019-06-19T05:51:37Z" user="maphunter36" uid="2924920" lat="36.1479983" lon="128.3920783"/>
 <node id="6556745601" visible="true" version="1" changeset="71388130" timestamp="2019-06-19T05:51:37Z" user="maphunter36" uid="2924920" lat="36.1378514" lon="128.4068330"/>
 <node id="6556745602" visible="true" version="1" changeset="71388130" timestamp="2019-06-19T05:51:37Z" user="maphunter36" uid="2924920" lat="36.1375686" lon="128.4071346"/>
 <node id="6556745603" visible="true" version="1" changeset="71388130" timestamp="2019-06-19T05:51:37Z" user="maphunter36" uid="2924920" lat="36.1370677" lon="128.4057909"/>
 <node id="7285060659" visible="true" version="1" changeset="82063445" timestamp="2020-03-11T13:46:08Z" user="Lavignein" uid="5188781" lat="36.1465139" lon="128.3890743"/>
 <node id="7285060660" visible="true" version="3" changeset="183000580" timestamp="2026-05-22T02:00:45Z" user="Woo Ahn" uid="23263678" lat="36.1486544" lon="128.3943416"/>
 <node id="7285060661" visible="true" version="1" changeset="82063445" timestamp="2020-03-11T13:46:08Z" user="Lavignein" uid="5188781" lat="36.1480719" lon="128.3943583"/>
 <node id="7285060662" visible="true" version="2" changeset="183000580" timestamp="2026-05-22T02:00:45Z" user="Woo Ahn" uid="23263678" lat="36.1488436" lon="128.3946634"/>
 <node id="7285060663" visible="true" version="2" changeset="183000580" timestamp="2026-05-22T02:00:45Z" user="Woo Ahn" uid="23263678" lat="36.1489741" lon="128.3948228"/>
 <node id="7285060664" visible="true" version="2" changeset="183000580" timestamp="2026-05-22T02:00:45Z" user="Woo Ahn" uid="23263678" lat="36.1492270" lon="128.3948266"/>
 <node id="7285060666" visible="true" version="2" changeset="128779766" timestamp="2022-11-11T14:27:38Z" user="케이7" uid="8120174" lat="36.1483579" lon="128.3919656"/>
 <node id="7285060667" visible="true" version="1" changeset="82063445" timestamp="2020-03-11T13:46:08Z" user="Lavignein" uid="5188781" lat="36.1481999" lon="128.3922567"/>
 <node id="7285060668" visible="true" version="2" changeset="128779766" timestamp="2022-11-11T14:27:38Z" user="케이7" uid="8120174" lat="36.1480985" lon="128.3925653"/>
 <node id="7285060669" visible="true" version="2" changeset="128779766" timestamp="2022-11-11T14:27:38Z" user="케이7" uid="8120174" lat="36.1491649" lon="128.3926588"/>
 <node id="7285060671" visible="true" version="4" changeset="183000580" timestamp="2026-05-22T02:00:45Z" user="Woo Ahn" uid="23263678" lat="36.1486417" lon="128.3938934"/>
 <node id="7285060674" visible="true" version="2" changeset="128779766" timestamp="2022-11-11T14:27:38Z" user="케이7" uid="8120174" lat="36.1482595" lon="128.3927877"/>
 <node id="7285060675" visible="true" version="2" changeset="128758566" timestamp="2022-11-11T04:28:07Z" user="케이7" uid="8120174" lat="36.1483939" lon="128.3938676"/>
 <node id="7285060676" visible="true" version="2" changeset="128779766" timestamp="2022-11-11T14:27:38Z" user="케이7" uid="8120174" lat="36.1487478" lon="128.3939045"/>
 <node id="7285060677" visible="true" version="2" changeset="128779766" timestamp="2022-11-11T14:27:38Z" user="케이7" uid="8120174" lat="36.1490812" lon="128.3939532"/>
 <node id="7285060678" visible="true" version="2" changeset="128779766" timestamp="2022-11-11T14:27:38Z" user="케이7" uid="8120174" lat="36.1491256" lon="128.3933768"/>
 <node id="7285060679" visible="true" version="2" changeset="128779766" timestamp="2022-11-11T14:27:38Z" user="케이7" uid="8120174" lat="36.1491010" lon="128.3936045"/>
 <node id="7285060680" visible="true" version="2" changeset="128779766" timestamp="2022-11-11T14:27:38Z" user="케이7" uid="8120174" lat="36.1487695" lon="128.3935673"/>
 <node id="7285060681" visible="true" version="2" changeset="128779766" timestamp="2022-11-11T14:27:38Z" user="케이7" uid="8120174" lat="36.1490899" lon="128.3937958"/>
 <node id="7285060682" visible="true" version="2" changeset="128779766" timestamp="2022-11-11T14:27:38Z" user="케이7" uid="8120174" lat="36.1487563" lon="128.3937497"/>
 <node id="7285060683" visible="true" version="2" changeset="128779766" timestamp="2022-11-11T14:27:38Z" user="케이7" uid="8120174" lat="36.1490828" lon="128.3935156"/>
 <node id="7285060684" visible="true" version="3" changeset="183000580" timestamp="2026-05-22T02:00:45Z" user="Woo Ahn" uid="23263678" lat="36.1487305" lon="128.3934698"/>
 <node id="7285065085" visible="true" version="3" changeset="183000580" timestamp="2026-05-22T02:00:45Z" user="Woo Ahn" uid="23263678" lat="36.1487073" lon="128.3938683"/>
 <node id="7285065086" visible="true" version="2" changeset="128779766" timestamp="2022-11-11T14:27:38Z" user="케이7" uid="8120174" lat="36.1490615" lon="128.3939170"/>
 <node id="7285065087" visible="true" version="2" changeset="161611496" timestamp="2025-01-21T18:33:32Z" user="Lavignein" uid="5188781" lat="36.1450524" lon="128.3933697"/>
 <node id="7285065088" visible="true" version="2" changeset="161611496" timestamp="2025-01-21T18:33:32Z" user="Lavignein" uid="5188781" lat="36.1447531" lon="128.3934669"/>
 <node id="7285065090" visible="true" version="2" changeset="161611496" timestamp="2025-01-21T18:33:32Z" user="Lavignein" uid="5188781" lat="36.1446035" lon="128.3934948"/>
 <node id="7901416258" visible="true" version="1" changeset="90809326" timestamp="2020-09-13T04:13:37Z" user="Min_T" uid="8386494" lat="36.1674946" lon="128.4316342"/>
 <node id="7901416259" visible="true" version="1" changeset="90809326" timestamp="2020-09-13T04:13:37Z" user="Min_T" uid="8386494" lat="36.1676409" lon="128.4326478"/>
 <node id="7901416260" visible="true" version="1" changeset="90809326" timestamp="2020-09-13T04:13:37Z" user="Min_T" uid="8386494" lat="36.1676683" lon="128.4334859"/>
 <node id="7901416261" visible="true" version="1" changeset="90809326" timestamp="2020-09-13T04:13:37Z" user="Min_T" uid="8386494" lat="36.1671152" lon="128.4343806"/>
 <node id="7901416262" visible="true" version="2" changeset="122761673" timestamp="2022-06-23T13:55:18Z" user="Weathering" uid="12509199" lat="36.1668432" lon="128.4348008"/>
 <node id="7901416263" visible="true" version="2" changeset="122761673" timestamp="2022-06-23T13:55:18Z" user="Weathering" uid="12509199" lat="36.1667437" lon="128.4357757"/>
 <node id="7901416264" visible="true" version="2" changeset="122761673" timestamp="2022-06-23T13:55:18Z" user="Weathering" uid="12509199" lat="36.1669370" lon="128.4366399"/>
 <node id="7901416265" visible="true" version="1" changeset="90809326" timestamp="2020-09-13T04:13:37Z" user="Min_T" uid="8386494" lat="36.1673254" lon="128.4371723"/>
 <node id="7901416266" visible="true" version="1" changeset="90809326" timestamp="2020-09-13T04:13:37Z" user="Min_T" uid="8386494" lat="36.1674946" lon="128.4385313"/>
 <node id="7901416267" visible="true" version="1" changeset="90809326" timestamp="2020-09-13T04:13:37Z" user="Min_T" uid="8386494" lat="36.1670740" lon="128.4410569"/>
 <node id="7901741255" visible="true" version="1" changeset="90809242" timestamp="2020-09-13T04:03:29Z" user="Min_T" uid="8386494" lat="36.1669420" lon="128.4306817"/>
 <node id="7901741256" visible="true" version="1" changeset="90809242" timestamp="2020-09-13T04:03:29Z" user="Min_T" uid="8386494" lat="36.1667589" lon="128.4298535"/>
 <node id="7901741257" visible="true" version="1" changeset="90809242" timestamp="2020-09-13T04:03:29Z" user="Min_T" uid="8386494" lat="36.1666157" lon="128.4285126"/>
 <node id="7901741258" visible="true" version="1" changeset="90809242" timestamp="2020-09-13T04:03:29Z" user="Min_T" uid="8386494" lat="36.1663291" lon="128.4277239"/>
 <node id="7901741259" visible="true" version="1" changeset="90809242" timestamp="2020-09-13T04:03:29Z" user="Min_T" uid="8386494" lat="36.1664406" lon="128.4260971"/>
 <node id="7901741260" visible="true" version="1" changeset="90809242" timestamp="2020-09-13T04:03:29Z" user="Min_T" uid="8386494" lat="36.1664326" lon="128.4250027"/>
 <node id="7901741261" visible="true" version="1" changeset="90809242" timestamp="2020-09-13T04:03:29Z" user="Min_T" uid="8386494" lat="36.1659152" lon="128.4238393"/>
 <node id="7901741262" visible="true" version="1" changeset="90809242" timestamp="2020-09-13T04:03:29Z" user="Min_T" uid="8386494" lat="36.1651670" lon="128.4223900"/>
 <node id="7901741263" visible="true" version="1" changeset="90809242" timestamp="2020-09-13T04:03:29Z" user="Min_T" uid="8386494" lat="36.1644347" lon="128.4201815"/>
 <node id="7901741264" visible="true" version="1" changeset="90809242" timestamp="2020-09-13T04:03:29Z" user="Min_T" uid="8386494" lat="36.1643551" lon="128.4186927"/>
 <node id="7901741265" visible="true" version="1" changeset="90809242" timestamp="2020-09-13T04:03:29Z" user="Min_T" uid="8386494" lat="36.1642357" lon="128.4167011"/>
 <node id="7901741266" visible="true" version="1" changeset="90809242" timestamp="2020-09-13T04:03:29Z" user="Min_T" uid="8386494" lat="36.1640049" lon="128.4155279"/>
 <node id="7901741267" visible="true" version="1" changeset="90809242" timestamp="2020-09-13T04:03:29Z" user="Min_T" uid="8386494" lat="36.1635353" lon="128.4144137"/>
 <node id="7901741268" visible="true" version="1" changeset="90809242" timestamp="2020-09-13T04:03:29Z" user="Min_T" uid="8386494" lat="36.1632089" lon="128.4126982"/>
 <node id="7901741269" visible="true" version="1" changeset="90809242" timestamp="2020-09-13T04:03:29Z" user="Min_T" uid="8386494" lat="36.1626915" lon="128.4115250"/>
 <node id="7901741270" visible="true" version="1" changeset="90809242" timestamp="2020-09-13T04:03:29Z" user="Min_T" uid="8386494" lat="36.1616408" lon="128.4098982"/>
 <node id="7901741271" visible="true" version="1" changeset="90809242" timestamp="2020-09-13T04:03:29Z" user="Min_T" uid="8386494" lat="36.1610836" lon="128.4087841"/>
 <node id="7901741272" visible="true" version="1" changeset="90809242" timestamp="2020-09-13T04:03:29Z" user="Min_T" uid="8386494" lat="36.1603911" lon="128.4080840"/>
 <node id="7901741273" visible="true" version="1" changeset="90809242" timestamp="2020-09-13T04:03:29Z" user="Min_T" uid="8386494" lat="36.1581145" lon="128.4066150"/>
 <node id="7901741274" visible="true" version="1" changeset="90809242" timestamp="2020-09-13T04:03:29Z" user="Min_T" uid="8386494" lat="36.1565224" lon="128.4058262"/>
 <node id="7901741275" visible="true" version="1" changeset="90809242" timestamp="2020-09-13T04:03:29Z" user="Min_T" uid="8386494" lat="36.1555591" lon="128.4054023"/>
 <node id="7901741276" visible="true" version="1" changeset="90809242" timestamp="2020-09-13T04:03:29Z" user="Min_T" uid="8386494" lat="36.1547949" lon="128.4049685"/>
 <node id="7901741277" visible="true" version="1" changeset="90809242" timestamp="2020-09-13T04:03:29Z" user="Min_T" uid="8386494" lat="36.1545083" lon="128.4043276"/>
 <node id="7901741278" visible="true" version="1" changeset="90809242" timestamp="2020-09-13T04:03:29Z" user="Min_T" uid="8386494" lat="36.1543889" lon="128.4033515"/>
 <node id="7901741279" visible="true" version="1" changeset="90809242" timestamp="2020-09-13T04:03:29Z" user="Min_T" uid="8386494" lat="36.1543252" lon="128.3976035"/>
 <node id="7901741280" visible="true" version="1" changeset="90809242" timestamp="2020-09-13T04:03:29Z" user="Min_T" uid="8386494" lat="36.1544128" lon="128.3952373"/>
 <node id="7901741281" visible="true" version="1" changeset="90809242" timestamp="2020-09-13T04:03:29Z" user="Min_T" uid="8386494" lat="36.1539113" lon="128.3941528"/>
 <node id="7901741282" visible="true" version="1" changeset="90809242" timestamp="2020-09-13T04:03:29Z" user="Min_T" uid="8386494" lat="36.1519768" lon="128.3920724"/>
 <node id="7901741283" visible="true" version="1" changeset="90809242" timestamp="2020-09-13T04:03:29Z" user="Min_T" uid="8386494" lat="36.1503288" lon="128.3902978"/>
 <node id="7901741284" visible="true" version="1" changeset="90809242" timestamp="2020-09-13T04:03:29Z" user="Min_T" uid="8386494" lat="36.1496521" lon="128.3873794"/>
 <node id="7901743986" visible="true" version="2" changeset="91767371" timestamp="2020-09-30T12:22:50Z" user="Santurce" uid="11387716" lat="36.1496924" lon="128.3811644"/>
 <node id="8360508206" visible="true" version="4" changeset="178319205" timestamp="2026-02-09T16:08:48Z" user="Weathering" uid="12509199" lat="36.1355681" lon="128.3819273"/>
 <node id="8399408285" visible="true" version="2" changeset="144393169" timestamp="2023-11-24T05:50:17Z" user="morago" uid="11113946" lat="36.1357696" lon="128.3821593"/>
 <node id="8399408286" visible="true" version="2" changeset="144393169" timestamp="2023-11-24T05:50:17Z" user="morago" uid="11113946" lat="36.1359330" lon="128.3823189"/>
 <node id="8399408287" visible="true" version="2" changeset="144393169" timestamp="2023-11-24T05:50:17Z" user="morago" uid="11113946" lat="36.1359839" lon="128.3824733"/>
 <node id="8399408288" visible="true" version="2" changeset="144393169" timestamp="2023-11-24T05:50:17Z" user="morago" uid="11113946" lat="36.1360036" lon="128.3826177"/>
 <node id="8399408289" visible="true" version="2" changeset="144393169" timestamp="2023-11-24T05:50:17Z" user="morago" uid="11113946" lat="36.1360118" lon="128.3826746"/>
 <node id="8399408290" visible="true" version="2" changeset="144393169" timestamp="2023-11-24T05:50:17Z" user="morago" uid="11113946" lat="36.1360528" lon="128.3827559"/>
 <node id="8399408291" visible="true" version="2" changeset="144393169" timestamp="2023-11-24T05:50:17Z" user="morago" uid="11113946" lat="36.1360906" lon="128.3827844"/>
 <node id="8399408292" visible="true" version="2" changeset="144393169" timestamp="2023-11-24T05:50:17Z" user="morago" uid="11113946" lat="36.1361333" lon="128.3827803"/>
 <node id="8399408293" visible="true" version="2" changeset="144393169" timestamp="2023-11-24T05:50:17Z" user="morago" uid="11113946" lat="36.1362826" lon="128.3827681"/>
 <node id="8399408294" visible="true" version="2" changeset="144393169" timestamp="2023-11-24T05:50:17Z" user="morago" uid="11113946" lat="36.1363713" lon="128.3827722"/>
 <node id="8399408295" visible="true" version="2" changeset="144393169" timestamp="2023-11-24T05:50:17Z" user="morago" uid="11113946" lat="36.1365092" lon="128.3827966"/>
 <node id="8399408296" visible="true" version="2" changeset="144393169" timestamp="2023-11-24T05:50:17Z" user="morago" uid="11113946" lat="36.1366947" lon="128.3828718"/>
 <node id="8399408297" visible="true" version="2" changeset="144393169" timestamp="2023-11-24T05:50:17Z" user="morago" uid="11113946" lat="36.1367341" lon="128.3828758"/>
 <node id="8399408298" visible="true" version="2" changeset="144393169" timestamp="2023-11-24T05:50:17Z" user="morago" uid="11113946" lat="36.1368342" lon="128.3828677"/>
 <node id="8399408299" visible="true" version="2" changeset="144393169" timestamp="2023-11-24T05:50:17Z" user="morago" uid="11113946" lat="36.1368999" lon="128.3828738"/>
 <node id="8399408300" visible="true" version="2" changeset="144393169" timestamp="2023-11-24T05:50:17Z" user="morago" uid="11113946" lat="36.1369836" lon="128.3829023"/>
 <node id="8399408301" visible="true" version="2" changeset="144393169" timestamp="2023-11-24T05:50:17Z" user="morago" uid="11113946" lat="36.1370912" lon="128.3830151"/>
 <node id="8399408302" visible="true" version="2" changeset="144393169" timestamp="2023-11-24T05:50:17Z" user="morago" uid="11113946" lat="36.1373105" lon="128.3831753"/>
 <node id="8399408303" visible="true" version="2" changeset="144393169" timestamp="2023-11-24T05:50:17Z" user="morago" uid="11113946" lat="36.1374385" lon="128.3833806"/>
 <node id="8399408304" visible="true" version="2" changeset="144393169" timestamp="2023-11-24T05:50:17Z" user="morago" uid="11113946" lat="36.1374910" lon="128.3835128"/>
 <node id="8399408305" visible="true" version="2" changeset="144393169" timestamp="2023-11-24T05:50:17Z" user="morago" uid="11113946" lat="36.1375304" lon="128.3836347"/>
 <node id="8399408306" visible="true" version="2" changeset="144393169" timestamp="2023-11-24T05:50:17Z" user="morago" uid="11113946" lat="36.1375682" lon="128.3837059"/>
 <node id="8399408307" visible="true" version="2" changeset="144393169" timestamp="2023-11-24T05:50:17Z" user="morago" uid="11113946" lat="36.1376125" lon="128.3837648"/>
 <node id="8399408308" visible="true" version="3" changeset="179055500" timestamp="2026-02-25T19:55:15Z" user="Weathering" uid="12509199" lat="36.1377250" lon="128.3838788"/>
 <node id="8399408309" visible="true" version="3" changeset="179055500" timestamp="2026-02-25T19:55:15Z" user="Weathering" uid="12509199" lat="36.1378520" lon="128.3839432"/>
 <node id="8399408310" visible="true" version="3" changeset="179055500" timestamp="2026-02-25T19:55:15Z" user="Weathering" uid="12509199" lat="36.1379595" lon="128.3840011"/>
 <node id="8399408311" visible="true" version="3" changeset="179055500" timestamp="2026-02-25T19:55:15Z" user="Weathering" uid="12509199" lat="36.1380925" lon="128.3841305"/>
 <node id="8399408312" visible="true" version="3" changeset="179055500" timestamp="2026-02-25T19:55:15Z" user="Weathering" uid="12509199" lat="36.1382368" lon="128.3843352"/>
 <node id="8399408313" visible="true" version="3" changeset="179055500" timestamp="2026-02-25T19:55:15Z" user="Weathering" uid="12509199" lat="36.1383162" lon="128.3843303"/>
 <node id="8399408314" visible="true" version="2" changeset="144393169" timestamp="2023-11-24T05:50:17Z" user="morago" uid="11113946" lat="36.1383710" lon="128.3842893"/>
 <node id="8399408315" visible="true" version="2" changeset="144393169" timestamp="2023-11-24T05:50:17Z" user="morago" uid="11113946" lat="36.1384662" lon="128.3841632"/>
 <node id="8399408316" visible="true" version="3" changeset="179055500" timestamp="2026-02-25T19:55:15Z" user="Weathering" uid="12509199" lat="36.1385107" lon="128.3841059"/>
 <node id="8399425217" visible="true" version="3" changeset="179055500" timestamp="2026-02-25T19:55:15Z" user="Weathering" uid="12509199" lat="36.1386012" lon="128.3840912"/>
 <node id="8399425219" visible="true" version="3" changeset="179055500" timestamp="2026-02-25T19:55:15Z" user="Weathering" uid="12509199" lat="36.1388041" lon="128.3841581"/>
 <node id="8399425220" visible="true" version="2" changeset="144393169" timestamp="2023-11-24T05:50:17Z" user="morago" uid="11113946" lat="36.1389823" lon="128.3842031"/>
 <node id="8399425221" visible="true" version="2" changeset="144393169" timestamp="2023-11-24T05:50:17Z" user="morago" uid="11113946" lat="36.1390879" lon="128.3842451"/>
 <node id="8399425222" visible="true" version="2" changeset="144393169" timestamp="2023-11-24T05:50:17Z" user="morago" uid="11113946" lat="36.1391690" lon="128.3842732"/>
 <node id="8399425223" visible="true" version="2" changeset="144393169" timestamp="2023-11-24T05:50:17Z" user="morago" uid="11113946" lat="36.1392387" lon="128.3842615"/>
 <node id="8399425224" visible="true" version="2" changeset="144393169" timestamp="2023-11-24T05:50:17Z" user="morago" uid="11113946" lat="36.1393274" lon="128.3842522"/>
 <node id="8399425225" visible="true" version="2" changeset="144393169" timestamp="2023-11-24T05:50:17Z" user="morago" uid="11113946" lat="36.1395140" lon="128.3841658"/>
 <node id="8399425226" visible="true" version="2" changeset="144393169" timestamp="2023-11-24T05:50:17Z" user="morago" uid="11113946" lat="36.1396140" lon="128.3841377"/>
 <node id="8399425227" visible="true" version="2" changeset="144393169" timestamp="2023-11-24T05:50:17Z" user="morago" uid="11113946" lat="36.1396856" lon="128.3841354"/>
 <node id="8399425228" visible="true" version="2" changeset="144393169" timestamp="2023-11-24T05:50:17Z" user="morago" uid="11113946" lat="36.1397648" lon="128.3841471"/>
 <node id="8399425229" visible="true" version="2" changeset="144393169" timestamp="2023-11-24T05:50:17Z" user="morago" uid="11113946" lat="36.1399063" lon="128.3841844"/>
 <node id="8399425230" visible="true" version="2" changeset="144393169" timestamp="2023-11-24T05:50:17Z" user="morago" uid="11113946" lat="36.1400156" lon="128.3842008"/>
 <node id="8399425231" visible="true" version="2" changeset="144393169" timestamp="2023-11-24T05:50:17Z" user="morago" uid="11113946" lat="36.1401212" lon="128.3842031"/>
 <node id="8399425232" visible="true" version="2" changeset="144393169" timestamp="2023-11-24T05:50:17Z" user="morago" uid="11113946" lat="36.1403079" lon="128.3842008"/>
 <node id="8399425233" visible="true" version="2" changeset="144393169" timestamp="2023-11-24T05:50:17Z" user="morago" uid="11113946" lat="36.1404343" lon="128.3842171"/>
 <node id="8399425234" visible="true" version="2" changeset="144393169" timestamp="2023-11-24T05:50:17Z" user="morago" uid="11113946" lat="36.1406285" lon="128.3842708"/>
 <node id="8399425235" visible="true" version="2" changeset="144393169" timestamp="2023-11-24T05:50:17Z" user="morago" uid="11113946" lat="36.1406783" lon="128.3842833"/>
 <node id="8399425236" visible="true" version="2" changeset="144393169" timestamp="2023-11-24T05:50:17Z" user="morago" uid="11113946" lat="36.1407347" lon="128.3842833"/>
 <node id="8399425237" visible="true" version="2" changeset="144393169" timestamp="2023-11-24T05:50:17Z" user="morago" uid="11113946" lat="36.1408061" lon="128.3842619"/>
 <node id="8399425238" visible="true" version="2" changeset="144393169" timestamp="2023-11-24T05:50:17Z" user="morago" uid="11113946" lat="36.1409513" lon="128.3841921"/>
 <node id="8399425239" visible="true" version="2" changeset="144393169" timestamp="2023-11-24T05:50:17Z" user="morago" uid="11113946" lat="36.1410661" lon="128.3841787"/>
 <node id="8399425240" visible="true" version="2" changeset="144393169" timestamp="2023-11-24T05:50:17Z" user="morago" uid="11113946" lat="36.1414061" lon="128.3841278"/>
 <node id="8399425241" visible="true" version="2" changeset="144393169" timestamp="2023-11-24T05:50:17Z" user="morago" uid="11113946" lat="36.1417484" lon="128.3841063"/>
 <node id="8399425242" visible="true" version="2" changeset="144393169" timestamp="2023-11-24T05:50:17Z" user="morago" uid="11113946" lat="36.1418653" lon="128.3841251"/>
 <node id="8399425243" visible="true" version="2" changeset="144393169" timestamp="2023-11-24T05:50:17Z" user="morago" uid="11113946" lat="36.1420603" lon="128.3841868"/>
 <node id="8399425244" visible="true" version="2" changeset="144393169" timestamp="2023-11-24T05:50:17Z" user="morago" uid="11113946" lat="36.1421404" lon="128.3841975"/>
 <node id="8399425245" visible="true" version="2" changeset="144393169" timestamp="2023-11-24T05:50:17Z" user="morago" uid="11113946" lat="36.1422184" lon="128.3841975"/>
 <node id="8399425246" visible="true" version="2" changeset="144393169" timestamp="2023-11-24T05:50:17Z" user="morago" uid="11113946" lat="36.1423289" lon="128.3841734"/>
 <node id="8399425247" visible="true" version="2" changeset="144393169" timestamp="2023-11-24T05:50:17Z" user="morago" uid="11113946" lat="36.1425519" lon="128.3841412"/>
 <node id="8399425248" visible="true" version="2" changeset="144393169" timestamp="2023-11-24T05:50:17Z" user="morago" uid="11113946" lat="36.1426299" lon="128.3841439"/>
 <node id="8399425249" visible="true" version="2" changeset="144393169" timestamp="2023-11-24T05:50:17Z" user="morago" uid="11113946" lat="36.1427274" lon="128.3841492"/>
 <node id="8399425250" visible="true" version="2" changeset="144393169" timestamp="2023-11-24T05:50:17Z" user="morago" uid="11113946" lat="36.1428227" lon="128.3841948"/>
 <node id="8399425251" visible="true" version="2" changeset="144393169" timestamp="2023-11-24T05:50:17Z" user="morago" uid="11113946" lat="36.1429353" lon="128.3842726"/>
 <node id="8399425252" visible="true" version="2" changeset="144393169" timestamp="2023-11-24T05:50:17Z" user="morago" uid="11113946" lat="36.1430198" lon="128.3843853"/>
 <node id="8399425253" visible="true" version="2" changeset="144393169" timestamp="2023-11-24T05:50:17Z" user="morago" uid="11113946" lat="36.1431043" lon="128.3845248"/>
 <node id="8399425254" visible="true" version="2" changeset="144393169" timestamp="2023-11-24T05:50:17Z" user="morago" uid="11113946" lat="36.1431368" lon="128.3846535"/>
 <node id="8399425255" visible="true" version="2" changeset="144393169" timestamp="2023-11-24T05:50:17Z" user="morago" uid="11113946" lat="36.1431758" lon="128.3847930"/>
 <node id="8399425256" visible="true" version="2" changeset="144393169" timestamp="2023-11-24T05:50:17Z" user="morago" uid="11113946" lat="36.1432169" lon="128.3849110"/>
 <node id="8399425257" visible="true" version="2" changeset="144393169" timestamp="2023-11-24T05:50:17Z" user="morago" uid="11113946" lat="36.1432711" lon="128.3850129"/>
 <node id="8399425258" visible="true" version="2" changeset="144393169" timestamp="2023-11-24T05:50:17Z" user="morago" uid="11113946" lat="36.1433469" lon="128.3850934"/>
 <node id="8399425259" visible="true" version="2" changeset="144393169" timestamp="2023-11-24T05:50:17Z" user="morago" uid="11113946" lat="36.1434270" lon="128.3851658"/>
 <node id="8399425260" visible="true" version="2" changeset="144393169" timestamp="2023-11-24T05:50:17Z" user="morago" uid="11113946" lat="36.1434985" lon="128.3851926"/>
 <node id="8399425261" visible="true" version="2" changeset="144393169" timestamp="2023-11-24T05:50:17Z" user="morago" uid="11113946" lat="36.1435786" lon="128.3851926"/>
 <node id="8399425262" visible="true" version="2" changeset="144393169" timestamp="2023-11-24T05:50:17Z" user="morago" uid="11113946" lat="36.1436479" lon="128.3851792"/>
 <node id="8399425263" visible="true" version="2" changeset="144393169" timestamp="2023-11-24T05:50:17Z" user="morago" uid="11113946" lat="36.1437649" lon="128.3851283"/>
 <node id="8399425264" visible="true" version="2" changeset="144393169" timestamp="2023-11-24T05:50:17Z" user="morago" uid="11113946" lat="36.1438472" lon="128.3850934"/>
 <node id="8399425265" visible="true" version="2" changeset="144393169" timestamp="2023-11-24T05:50:17Z" user="morago" uid="11113946" lat="36.1439079" lon="128.3850827"/>
 <node id="8399425266" visible="true" version="2" changeset="144393169" timestamp="2023-11-24T05:50:17Z" user="morago" uid="11113946" lat="36.1439642" lon="128.3851122"/>
 <node id="8399425267" visible="true" version="2" changeset="144393169" timestamp="2023-11-24T05:50:17Z" user="morago" uid="11113946" lat="36.1440205" lon="128.3852221"/>
 <node id="8399425268" visible="true" version="2" changeset="144393169" timestamp="2023-11-24T05:50:17Z" user="morago" uid="11113946" lat="36.1440703" lon="128.3852785"/>
 <node id="8399425269" visible="true" version="2" changeset="144393169" timestamp="2023-11-24T05:50:17Z" user="morago" uid="11113946" lat="36.1441526" lon="128.3853723"/>
 <node id="8399425270" visible="true" version="2" changeset="144393169" timestamp="2023-11-24T05:50:17Z" user="morago" uid="11113946" lat="36.1442284" lon="128.3854930"/>
 <node id="8399425271" visible="true" version="2" changeset="144393169" timestamp="2023-11-24T05:50:17Z" user="morago" uid="11113946" lat="36.1442891" lon="128.3856298"/>
 <node id="8399425272" visible="true" version="2" changeset="144393169" timestamp="2023-11-24T05:50:17Z" user="morago" uid="11113946" lat="36.1442037" lon="128.3857839"/>
 <node id="8399425273" visible="true" version="2" changeset="144393169" timestamp="2023-11-24T05:50:17Z" user="morago" uid="11113946" lat="36.1440724" lon="128.3860116"/>
 <node id="8399425274" visible="true" version="2" changeset="144393169" timestamp="2023-11-24T05:50:17Z" user="morago" uid="11113946" lat="36.1440560" lon="128.3861864"/>
 <node id="8399425275" visible="true" version="2" changeset="144393169" timestamp="2023-11-24T05:50:17Z" user="morago" uid="11113946" lat="36.1440560" lon="128.3863002"/>
 <node id="8399425276" visible="true" version="2" changeset="144393169" timestamp="2023-11-24T05:50:17Z" user="morago" uid="11113946" lat="36.1440067" lon="128.3864181"/>
 <node id="8399425277" visible="true" version="2" changeset="144393169" timestamp="2023-11-24T05:50:17Z" user="morago" uid="11113946" lat="36.1439509" lon="128.3865848"/>
 <node id="8399425278" visible="true" version="2" changeset="144393169" timestamp="2023-11-24T05:50:17Z" user="morago" uid="11113946" lat="36.1439378" lon="128.3867515"/>
 <node id="8399425279" visible="true" version="2" changeset="144393169" timestamp="2023-11-24T05:50:17Z" user="morago" uid="11113946" lat="36.1438951" lon="128.3869222"/>
 <node id="8399425280" visible="true" version="2" changeset="144393169" timestamp="2023-11-24T05:50:17Z" user="morago" uid="11113946" lat="36.1438841" lon="128.3871602"/>
 <node id="8399425281" visible="true" version="2" changeset="144393169" timestamp="2023-11-24T05:50:17Z" user="morago" uid="11113946" lat="36.1438829" lon="128.3873194"/>
 <node id="8399425282" visible="true" version="2" changeset="144393169" timestamp="2023-11-24T05:50:17Z" user="morago" uid="11113946" lat="36.1437935" lon="128.3876344"/>
 <node id="8399425283" visible="true" version="2" changeset="144393169" timestamp="2023-11-24T05:50:17Z" user="morago" uid="11113946" lat="36.1438150" lon="128.3877960"/>
 <node id="8399425284" visible="true" version="2" changeset="144393169" timestamp="2023-11-24T05:50:17Z" user="morago" uid="11113946" lat="36.1438476" lon="128.3880262"/>
 <node id="8399425285" visible="true" version="1" changeset="98812818" timestamp="2021-02-06T13:11:29Z" user="Weathering" uid="12509199" lat="36.1437852" lon="128.3882787"/>
 <node id="8399425286" visible="true" version="1" changeset="98812818" timestamp="2021-02-06T13:11:29Z" user="Weathering" uid="12509199" lat="36.1437458" lon="128.3884331"/>
 <node id="8399425287" visible="true" version="1" changeset="98812818" timestamp="2021-02-06T13:11:29Z" user="Weathering" uid="12509199" lat="36.1435587" lon="128.3887259"/>
 <node id="8399425288" visible="true" version="2" changeset="144393169" timestamp="2023-11-24T05:50:17Z" user="morago" uid="11113946" lat="36.1433047" lon="128.3889054"/>
 <node id="8399425289" visible="true" version="2" changeset="144393169" timestamp="2023-11-24T05:50:17Z" user="morago" uid="11113946" lat="36.1431858" lon="128.3890635"/>
 <node id="8399425290" visible="true" version="2" changeset="144393169" timestamp="2023-11-24T05:50:17Z" user="morago" uid="11113946" lat="36.1427526" lon="128.3895546"/>
 <node id="8399425291" visible="true" version="2" changeset="144393169" timestamp="2023-11-24T05:50:17Z" user="morago" uid="11113946" lat="36.1426217" lon="128.3898881"/>
 <node id="8399425292" visible="true" version="2" changeset="144393169" timestamp="2023-11-24T05:50:17Z" user="morago" uid="11113946" lat="36.1426035" lon="128.3900602"/>
 <node id="8399425293" visible="true" version="2" changeset="144393169" timestamp="2023-11-24T05:50:17Z" user="morago" uid="11113946" lat="36.1425711" lon="128.3902874"/>
 <node id="8399425294" visible="true" version="2" changeset="144393169" timestamp="2023-11-24T05:50:17Z" user="morago" uid="11113946" lat="36.1425155" lon="128.3905164"/>
 <node id="8399425295" visible="true" version="2" changeset="144393169" timestamp="2023-11-24T05:50:17Z" user="morago" uid="11113946" lat="36.1424449" lon="128.3907062"/>
 <node id="8399425296" visible="true" version="2" changeset="144393169" timestamp="2023-11-24T05:50:17Z" user="morago" uid="11113946" lat="36.1423546" lon="128.3911561"/>
 <node id="8399425297" visible="true" version="2" changeset="144393169" timestamp="2023-11-24T05:50:17Z" user="morago" uid="11113946" lat="36.1423312" lon="128.3913240"/>
 <node id="8399425298" visible="true" version="2" changeset="144393169" timestamp="2023-11-24T05:50:17Z" user="morago" uid="11113946" lat="36.1422973" lon="128.3914955"/>
 <node id="8399425301" visible="true" version="2" changeset="144393169" timestamp="2023-11-24T05:50:17Z" user="morago" uid="11113946" lat="36.1423095" lon="128.3917385"/>
 <node id="8399425302" visible="true" version="1" changeset="98812818" timestamp="2021-02-06T13:11:29Z" user="Weathering" uid="12509199" lat="36.1422807" lon="128.3919086"/>
 <node id="8399425303" visible="true" version="1" changeset="98812818" timestamp="2021-02-06T13:11:29Z" user="Weathering" uid="12509199" lat="36.1422384" lon="128.3920473"/>
 <node id="8399425304" visible="true" version="2" changeset="144393169" timestamp="2023-11-24T05:50:17Z" user="morago" uid="11113946" lat="36.1422325" lon="128.3922060"/>
 <node id="8399425305" visible="true" version="2" changeset="144393169" timestamp="2023-11-24T05:50:17Z" user="morago" uid="11113946" lat="36.1422349" lon="128.3923310"/>
 <node id="8399425307" visible="true" version="2" changeset="144393169" timestamp="2023-11-24T05:50:17Z" user="morago" uid="11113946" lat="36.1422370" lon="128.3925047"/>
 <node id="8399425308" visible="true" version="2" changeset="128758566" timestamp="2022-11-11T04:28:07Z" user="케이7" uid="8120174" lat="36.1422342" lon="128.3925988"/>
 <node id="8399425309" visible="true" version="2" changeset="128758566" timestamp="2022-11-11T04:28:07Z" user="케이7" uid="8120174" lat="36.1422187" lon="128.3927207"/>
 <node id="8399425310" visible="true" version="3" changeset="144393169" timestamp="2023-11-24T05:50:17Z" user="morago" uid="11113946" lat="36.1421325" lon="128.3929103"/>
 <node id="8399425311" visible="true" version="3" changeset="144393169" timestamp="2023-11-24T05:50:17Z" user="morago" uid="11113946" lat="36.1420984" lon="128.3930273"/>
 <node id="8399425312" visible="true" version="3" changeset="144393169" timestamp="2023-11-24T05:50:17Z" user="morago" uid="11113946" lat="36.1420815" lon="128.3933491"/>
 <node id="8399425313" visible="true" version="3" changeset="144393169" timestamp="2023-11-24T05:50:17Z" user="morago" uid="11113946" lat="36.1420635" lon="128.3934973"/>
 <node id="8399425314" visible="true" version="3" changeset="144393169" timestamp="2023-11-24T05:50:17Z" user="morago" uid="11113946" lat="36.1419406" lon="128.3937981"/>
 <node id="8399425315" visible="true" version="2" changeset="144393169" timestamp="2023-11-24T05:50:17Z" user="morago" uid="11113946" lat="36.1417803" lon="128.3941202"/>
 <node id="8399425316" visible="true" version="2" changeset="128758566" timestamp="2022-11-11T04:28:07Z" user="케이7" uid="8120174" lat="36.1416095" lon="128.3944157"/>
 <node id="8399425317" visible="true" version="2" changeset="128758566" timestamp="2022-11-11T04:28:07Z" user="케이7" uid="8120174" lat="36.1414342" lon="128.3947605"/>
 <node id="8399425318" visible="true" version="3" changeset="128758566" timestamp="2022-11-11T04:28:07Z" user="케이7" uid="8120174" lat="36.1414430" lon="128.3948833"/>
 <node id="8399433487" visible="true" version="2" changeset="128758566" timestamp="2022-11-11T04:28:07Z" user="케이7" uid="8120174" lat="36.1414377" lon="128.3949513"/>
 <node id="8399433488" visible="true" version="2" changeset="128758566" timestamp="2022-11-11T04:28:07Z" user="케이7" uid="8120174" lat="36.1414025" lon="128.3950070"/>
 <node id="8399433489" visible="true" version="2" changeset="128758566" timestamp="2022-11-11T04:28:07Z" user="케이7" uid="8120174" lat="36.1413222" lon="128.3950665"/>
 <node id="8399433490" visible="true" version="2" changeset="128758566" timestamp="2022-11-11T04:28:07Z" user="케이7" uid="8120174" lat="36.1411962" lon="128.3951022"/>
 <node id="8399433491" visible="true" version="2" changeset="128758566" timestamp="2022-11-11T04:28:07Z" user="케이7" uid="8120174" lat="36.1410900" lon="128.3951475"/>
 <node id="8399433492" visible="true" version="2" changeset="128758566" timestamp="2022-11-11T04:28:07Z" user="케이7" uid="8120174" lat="36.1409887" lon="128.3951997"/>
 <node id="8399433493" visible="true" version="2" changeset="128758566" timestamp="2022-11-11T04:28:07Z" user="케이7" uid="8120174" lat="36.1408936" lon="128.3952103"/>
 <node id="8399433494" visible="true" version="2" changeset="128758566" timestamp="2022-11-11T04:28:07Z" user="케이7" uid="8120174" lat="36.1406918" lon="128.3951904"/>
 <node id="8399433495" visible="true" version="2" changeset="128758566" timestamp="2022-11-11T04:28:07Z" user="케이7" uid="8120174" lat="36.1405701" lon="128.3952776"/>
 <node id="8399433496" visible="true" version="2" changeset="128758566" timestamp="2022-11-11T04:28:07Z" user="케이7" uid="8120174" lat="36.1404932" lon="128.3954365"/>
 <node id="8399433497" visible="true" version="2" changeset="128758566" timestamp="2022-11-11T04:28:07Z" user="케이7" uid="8120174" lat="36.1405129" lon="128.3956248"/>
 <node id="8399433498" visible="true" version="2" changeset="128758566" timestamp="2022-11-11T04:28:07Z" user="케이7" uid="8120174" lat="36.1404683" lon="128.3958077"/>
 <node id="8399433499" visible="true" version="3" changeset="128758566" timestamp="2022-11-11T04:28:07Z" user="케이7" uid="8120174" lat="36.1405233" lon="128.3959667"/>
 <node id="8707919889" visible="true" version="6" changeset="182690870" timestamp="2026-05-15T10:25:13Z" user="pudlepoodle" uid="24130265" lat="36.1393169" lon="128.3970485">
  <tag k="crossing:signals" v="yes"/>
  <tag k="highway" v="crossing"/>
 </node>
 <node id="8709526098" visible="true" version="1" changeset="104318812" timestamp="2021-05-07T12:35:33Z" user="Weathering" uid="12509199" lat="36.1425330" lon="128.3961656"/>
 <node id="8709526099" visible="true" version="1" changeset="104318812" timestamp="2021-05-07T12:35:33Z" user="Weathering" uid="12509199" lat="36.1425878" lon="128.3960759"/>
 <node id="8709526100" visible="true" version="1" changeset="104318812" timestamp="2021-05-07T12:35:33Z" user="Weathering" uid="12509199" lat="36.1426220" lon="128.3960149"/>
 <node id="8709526101" visible="true" version="2" changeset="128758566" timestamp="2022-11-11T04:28:07Z" user="케이7" uid="8120174" lat="36.1427240" lon="128.3958490"/>
 <node id="8709526102" visible="true" version="2" changeset="128758566" timestamp="2022-11-11T04:28:07Z" user="케이7" uid="8120174" lat="36.1427773" lon="128.3957172"/>
 <node id="8709526103" visible="true" version="2" changeset="128758566" timestamp="2022-11-11T04:28:07Z" user="케이7" uid="8120174" lat="36.1427974" lon="128.3956147"/>
 <node id="8709526104" visible="true" version="2" changeset="128758566" timestamp="2022-11-11T04:28:07Z" user="케이7" uid="8120174" lat="36.1424389" lon="128.3946298">
  <tag k="highway" v="crossing"/>
 </node>
 <node id="8731850550" visible="true" version="4" changeset="178694509" timestamp="2026-02-17T19:18:37Z" user="대전맨" uid="14672717" lat="36.1426242" lon="128.3944973">
  <tag k="crossing" v="marked"/>
  <tag k="crossing:markings" v="zebra"/>
  <tag k="highway" v="crossing"/>
 </node>
 <node id="8731850551" visible="true" version="2" changeset="128758566" timestamp="2022-11-11T04:28:07Z" user="케이7" uid="8120174" lat="36.1427967" lon="128.3943292"/>
 <node id="8731850554" visible="true" version="2" changeset="128758566" timestamp="2022-11-11T04:28:07Z" user="케이7" uid="8120174" lat="36.1426757" lon="128.3941228"/>
 <node id="8861555400" visible="true" version="1" changeset="106864454" timestamp="2021-06-24T01:06:13Z" user="Weathering" uid="12509199" lat="36.1401110" lon="128.4133424"/>
 <node id="8867391128" visible="true" version="2" changeset="128758566" timestamp="2022-11-11T04:28:07Z" user="케이7" uid="8120174" lat="36.1416803" lon="128.3951884"/>
 <node id="8973513679" visible="true" version="2" changeset="128758566" timestamp="2022-11-11T04:28:07Z" user="케이7" uid="8120174" lat="36.1473530" lon="128.3946222"/>
 <node id="8973513680" visible="true" version="2" changeset="128758566" timestamp="2022-11-11T04:28:07Z" user="케이7" uid="8120174" lat="36.1474032" lon="128.3938195"/>
 <node id="8973513681" visible="true" version="2" changeset="128758566" timestamp="2022-11-11T04:28:07Z" user="케이7" uid="8120174" lat="36.1474354" lon="128.3934503"/>
 <node id="8973513682" visible="true" version="2" changeset="128758566" timestamp="2022-11-11T04:28:07Z" user="케이7" uid="8120174" lat="36.1449108" lon="128.3945848"/>
 <node id="8973513685" visible="true" version="2" changeset="128758566" timestamp="2022-11-11T04:28:07Z" user="케이7" uid="8120174" lat="36.1475634" lon="128.3932234"/>
 <node id="8973513686" visible="true" version="2" changeset="128779766" timestamp="2022-11-11T14:27:38Z" user="케이7" uid="8120174" lat="36.1450409" lon="128.3872445"/>
 <node id="8973513687" visible="true" version="2" changeset="128758566" timestamp="2022-11-11T04:28:07Z" user="케이7" uid="8120174" lat="36.1460812" lon="128.3948961"/>
 <node id="8973513688" visible="true" version="2" changeset="128779766" timestamp="2022-11-11T14:27:38Z" user="케이7" uid="8120174" lat="36.1465646" lon="128.3904720"/>
 <node id="8973513689" visible="true" version="2" changeset="128779766" timestamp="2022-11-11T14:27:38Z" user="케이7" uid="8120174" lat="36.1460342" lon="128.3889842"/>
 <node id="8973513693" visible="true" version="3" changeset="161611496" timestamp="2025-01-21T18:33:32Z" user="Lavignein" uid="5188781" lat="36.1457083" lon="128.3944641"/>
 <node id="8973513695" visible="true" version="1" changeset="109004933" timestamp="2021-08-02T06:38:26Z" user="LakeMichigan" uid="11387726" lat="36.1467593" lon="128.3897444"/>
 <node id="8973513696" visible="true" version="1" changeset="109004933" timestamp="2021-08-02T06:38:26Z" user="LakeMichigan" uid="11387726" lat="36.1466872" lon="128.3900373"/>
 <node id="8973513697" visible="true" version="1" changeset="109004933" timestamp="2021-08-02T06:38:26Z" user="LakeMichigan" uid="11387726" lat="36.1467549" lon="128.3898647"/>
 <node id="9841616387" visible="true" version="2" changeset="122761673" timestamp="2022-06-23T13:55:18Z" user="Weathering" uid="12509199" lat="36.1676636" lon="128.4335339"/>
 <node id="9841616545" visible="true" version="1" changeset="122761673" timestamp="2022-06-23T13:55:18Z" user="Weathering" uid="12509199" lat="36.1667448" lon="128.4429121"/>
 <node id="9841616546" visible="true" version="1" changeset="122761673" timestamp="2022-06-23T13:55:18Z" user="Weathering" uid="12509199" lat="36.1665299" lon="128.4437060"/>
 <node id="9841616547" visible="true" version="1" changeset="122761673" timestamp="2022-06-23T13:55:18Z" user="Weathering" uid="12509199" lat="36.1659531" lon="128.4447567"/>
 <node id="9841616548" visible="true" version="1" changeset="122761673" timestamp="2022-06-23T13:55:18Z" user="Weathering" uid="12509199" lat="36.1657043" lon="128.4452611"/>
 <node id="9841616549" visible="true" version="1" changeset="122761673" timestamp="2022-06-23T13:55:18Z" user="Weathering" uid="12509199" lat="36.1656138" lon="128.4457514"/>
 <node id="9841616550" visible="true" version="1" changeset="122761673" timestamp="2022-06-23T13:55:18Z" user="Weathering" uid="12509199" lat="36.1656289" lon="128.4464986"/>
 <node id="9841616551" visible="true" version="1" changeset="122761673" timestamp="2022-06-23T13:55:18Z" user="Weathering" uid="12509199" lat="36.1656063" lon="128.4473952"/>
 <node id="9841616552" visible="true" version="1" changeset="122761673" timestamp="2022-06-23T13:55:18Z" user="Weathering" uid="12509199" lat="36.1655233" lon="128.4481238"/>
 <node id="9841616553" visible="true" version="1" changeset="122761673" timestamp="2022-06-23T13:55:18Z" user="Weathering" uid="12509199" lat="36.1653424" lon="128.4485721"/>
 <node id="9841616554" visible="true" version="1" changeset="122761673" timestamp="2022-06-23T13:55:18Z" user="Weathering" uid="12509199" lat="36.1648522" lon="128.4492726"/>
 <node id="9841616555" visible="true" version="1" changeset="122761673" timestamp="2022-06-23T13:55:18Z" user="Weathering" uid="12509199" lat="36.1645657" lon="128.4499451"/>
 <node id="9841616556" visible="true" version="1" changeset="122761673" timestamp="2022-06-23T13:55:18Z" user="Weathering" uid="12509199" lat="36.1644073" lon="128.4505475"/>
 <node id="9841616557" visible="true" version="1" changeset="122761673" timestamp="2022-06-23T13:55:18Z" user="Weathering" uid="12509199" lat="36.1643734" lon="128.4511032"/>
 <node id="9841616558" visible="true" version="1" changeset="122761673" timestamp="2022-06-23T13:55:18Z" user="Weathering" uid="12509199" lat="36.1642565" lon="128.4517197"/>
 <node id="9841616559" visible="true" version="1" changeset="122761673" timestamp="2022-06-23T13:55:18Z" user="Weathering" uid="12509199" lat="36.1639889" lon="128.4526070"/>
 <node id="9841616560" visible="true" version="1" changeset="122761673" timestamp="2022-06-23T13:55:18Z" user="Weathering" uid="12509199" lat="36.1635628" lon="128.4540640"/>
 <node id="9841616561" visible="true" version="1" changeset="122761673" timestamp="2022-06-23T13:55:18Z" user="Weathering" uid="12509199" lat="36.1633177" lon="128.4545917"/>
 <node id="9841616562" visible="true" version="1" changeset="122761673" timestamp="2022-06-23T13:55:18Z" user="Weathering" uid="12509199" lat="36.1628879" lon="128.4555070"/>
 <node id="9841616563" visible="true" version="1" changeset="122761673" timestamp="2022-06-23T13:55:18Z" user="Weathering" uid="12509199" lat="36.1626994" lon="128.4560814"/>
 <node id="9841616564" visible="true" version="1" changeset="122761673" timestamp="2022-06-23T13:55:18Z" user="Weathering" uid="12509199" lat="36.1626391" lon="128.4567352"/>
 <node id="9841616565" visible="true" version="1" changeset="122761673" timestamp="2022-06-23T13:55:18Z" user="Weathering" uid="12509199" lat="36.1626316" lon="128.4577393"/>
 <node id="9841616566" visible="true" version="1" changeset="122761673" timestamp="2022-06-23T13:55:18Z" user="Weathering" uid="12509199" lat="36.1625863" lon="128.4583371"/>
 <node id="9841616567" visible="true" version="1" changeset="122761673" timestamp="2022-06-23T13:55:18Z" user="Weathering" uid="12509199" lat="36.1624770" lon="128.4589815"/>
 <node id="9841616568" visible="true" version="1" changeset="122761673" timestamp="2022-06-23T13:55:18Z" user="Weathering" uid="12509199" lat="36.1622545" lon="128.4595606"/>
 <node id="9841616569" visible="true" version="1" changeset="122761673" timestamp="2022-06-23T13:55:18Z" user="Weathering" uid="12509199" lat="36.1622093" lon="128.4602144"/>
 <node id="9841616570" visible="true" version="1" changeset="122761673" timestamp="2022-06-23T13:55:18Z" user="Weathering" uid="12509199" lat="36.1621791" lon="128.4611484"/>
 <node id="9841616571" visible="true" version="1" changeset="122761673" timestamp="2022-06-23T13:55:18Z" user="Weathering" uid="12509199" lat="36.1621150" lon="128.4615593"/>
 <node id="9841616572" visible="true" version="1" changeset="122761673" timestamp="2022-06-23T13:55:18Z" user="Weathering" uid="12509199" lat="36.1619416" lon="128.4618115"/>
 <node id="9841616573" visible="true" version="1" changeset="122761673" timestamp="2022-06-23T13:55:18Z" user="Weathering" uid="12509199" lat="36.1616475" lon="128.4620590"/>
 <node id="9841616574" visible="true" version="1" changeset="122761673" timestamp="2022-06-23T13:55:18Z" user="Weathering" uid="12509199" lat="36.1615570" lon="128.4622832"/>
 <node id="9841616575" visible="true" version="1" changeset="122761673" timestamp="2022-06-23T13:55:18Z" user="Weathering" uid="12509199" lat="36.1614929" lon="128.4629043"/>
 <node id="9841616576" visible="true" version="1" changeset="122761673" timestamp="2022-06-23T13:55:18Z" user="Weathering" uid="12509199" lat="36.1615457" lon="128.4630911"/>
 <node id="9841616577" visible="true" version="1" changeset="122761673" timestamp="2022-06-23T13:55:18Z" user="Weathering" uid="12509199" lat="36.1617116" lon="128.4633573"/>
 <node id="9841616578" visible="true" version="1" changeset="122761673" timestamp="2022-06-23T13:55:18Z" user="Weathering" uid="12509199" lat="36.1623375" lon="128.4640298"/>
 <node id="9841616579" visible="true" version="1" changeset="122761673" timestamp="2022-06-23T13:55:18Z" user="Weathering" uid="12509199" lat="36.1627824" lon="128.4643567"/>
 <node id="9841616580" visible="true" version="3" changeset="181939468" timestamp="2026-04-28T12:52:13Z" user="Weathering" uid="12509199" lat="36.1629891" lon="128.4644123"/>
 <node id="9841616581" visible="true" version="3" changeset="181939468" timestamp="2026-04-28T12:52:13Z" user="Weathering" uid="12509199" lat="36.1632744" lon="128.4645323"/>
 <node id="9841616582" visible="true" version="2" changeset="181939468" timestamp="2026-04-28T12:52:13Z" user="Weathering" uid="12509199" lat="36.1634733" lon="128.4647564"/>
 <node id="9841616583" visible="true" version="1" changeset="122761673" timestamp="2022-06-23T13:55:18Z" user="Weathering" uid="12509199" lat="36.1634723" lon="128.4649591"/>
 <node id="9841616584" visible="true" version="1" changeset="122761673" timestamp="2022-06-23T13:55:18Z" user="Weathering" uid="12509199" lat="36.1633366" lon="128.4652113"/>
 <node id="9841616585" visible="true" version="1" changeset="122761673" timestamp="2022-06-23T13:55:18Z" user="Weathering" uid="12509199" lat="36.1631820" lon="128.4655242"/>
 <node id="9841616586" visible="true" version="2" changeset="134841308" timestamp="2023-04-13T01:31:15Z" user="morago" uid="11113946" lat="36.1632082" lon="128.4657750"/>
 <node id="9841616587" visible="true" version="2" changeset="134841308" timestamp="2023-04-13T01:31:15Z" user="morago" uid="11113946" lat="36.1632592" lon="128.4660575"/>
 <node id="9841616588" visible="true" version="1" changeset="122761673" timestamp="2022-06-23T13:55:18Z" user="Weathering" uid="12509199" lat="36.1634244" lon="128.4663810"/>
 <node id="9841616589" visible="true" version="1" changeset="122761673" timestamp="2022-06-23T13:55:18Z" user="Weathering" uid="12509199" lat="36.1636234" lon="128.4665150"/>
 <node id="9841616590" visible="true" version="1" changeset="122761673" timestamp="2022-06-23T13:55:18Z" user="Weathering" uid="12509199" lat="36.1638460" lon="128.4666090"/>
 <node id="9841616598" visible="true" version="1" changeset="122761673" timestamp="2022-06-23T13:55:18Z" user="Weathering" uid="12509199" lat="36.1675025" lon="128.4338380"/>
 <node id="9841616599" visible="true" version="2" changeset="175702609" timestamp="2025-12-09T09:01:03Z" user="dongin" uid="11518918" lat="36.1667181" lon="128.4349447"/>
 <node id="9841616601" visible="true" version="1" changeset="122761673" timestamp="2022-06-23T13:55:18Z" user="Weathering" uid="12509199" lat="36.1667714" lon="128.4349063"/>
 <node id="9841616602" visible="true" version="1" changeset="122761673" timestamp="2022-06-23T13:55:18Z" user="Weathering" uid="12509199" lat="36.1668105" lon="128.4363326"/>
 <node id="10174944323" visible="true" version="1" changeset="128758566" timestamp="2022-11-11T04:28:07Z" user="케이7" uid="8120174" lat="36.1478375" lon="128.3959284"/>
 <node id="10174944324" visible="true" version="1" changeset="128758566" timestamp="2022-11-11T04:28:07Z" user="케이7" uid="8120174" lat="36.1472389" lon="128.3950499"/>
 <node id="10174944325" visible="true" version="1" changeset="128758566" timestamp="2022-11-11T04:28:07Z" user="케이7" uid="8120174" lat="36.1475660" lon="128.3961500"/>
 <node id="10174944326" visible="true" version="1" changeset="128758566" timestamp="2022-11-11T04:28:07Z" user="케이7" uid="8120174" lat="36.1473236" lon="128.3950844"/>
 <node id="10174944327" visible="true" version="1" changeset="128758566" timestamp="2022-11-11T04:28:07Z" user="케이7" uid="8120174" lat="36.1472325" lon="128.3951766"/>
 <node id="10174944328" visible="true" version="1" changeset="128758566" timestamp="2022-11-11T04:28:07Z" user="케이7" uid="8120174" lat="36.1470249" lon="128.3951896"/>
 <node id="10174944329" visible="true" version="1" changeset="128758566" timestamp="2022-11-11T04:28:07Z" user="케이7" uid="8120174" lat="36.1470390" lon="128.3951278"/>
 <node id="10174944330" visible="true" version="1" changeset="128758566" timestamp="2022-11-11T04:28:07Z" user="케이7" uid="8120174" lat="36.1475179" lon="128.3961837">
  <tag k="noexit" v="yes"/>
 </node>
 <node id="10174944331" visible="true" version="1" changeset="128758566" timestamp="2022-11-11T04:28:07Z" user="케이7" uid="8120174" lat="36.1475225" lon="128.3957244"/>
 <node id="10174944332" visible="true" version="2" changeset="182690837" timestamp="2026-05-15T10:33:26Z" user="pudlepoodle" uid="24130265" lat="36.1448928" lon="128.3944154">
  <tag k="barrier" v="kerb"/>
  <tag k="kerb" v="raised"/>
 </node>
 <node id="10174944333" visible="true" version="2" changeset="182690837" timestamp="2026-05-15T10:33:30Z" user="pudlepoodle" uid="24130265" lat="36.1447873" lon="128.3943813">
  <tag k="barrier" v="kerb"/>
  <tag k="kerb" v="raised"/>
 </node>
 <node id="10174944334" visible="true" version="1" changeset="128758566" timestamp="2022-11-11T04:28:07Z" user="케이7" uid="8120174" lat="36.1434886" lon="128.3933107"/>
 <node id="10174944335" visible="true" version="1" changeset="128758566" timestamp="2022-11-11T04:28:07Z" user="케이7" uid="8120174" lat="36.1431748" lon="128.3924353"/>
 <node id="10174944336" visible="true" version="1" changeset="128758566" timestamp="2022-11-11T04:28:07Z" user="케이7" uid="8120174" lat="36.1429345" lon="128.3896708"/>
 <node id="10174944337" visible="true" version="2" changeset="182690837" timestamp="2026-05-15T10:37:48Z" user="pudlepoodle" uid="24130265" lat="36.1435935" lon="128.3926714">
  <tag k="barrier" v="kerb"/>
  <tag k="kerb" v="lowered"/>
 </node>
 <node id="10174944338" visible="true" version="1" changeset="128758566" timestamp="2022-11-11T04:28:07Z" user="케이7" uid="8120174" lat="36.1435156" lon="128.3931926"/>
 <node id="10174944339" visible="true" version="1" changeset="128758566" timestamp="2022-11-11T04:28:07Z" user="케이7" uid="8120174" lat="36.1435499" lon="128.3931709"/>
 <node id="10174944340" visible="true" version="1" changeset="128758566" timestamp="2022-11-11T04:28:07Z" user="케이7" uid="8120174" lat="36.1437863" lon="128.3941206"/>
 <node id="10174944341" visible="true" version="1" changeset="128758566" timestamp="2022-11-11T04:28:07Z" user="케이7" uid="8120174" lat="36.1437671" lon="128.3941901"/>
 <node id="10174944342" visible="true" version="1" changeset="128758566" timestamp="2022-11-11T04:28:07Z" user="케이7" uid="8120174" lat="36.1458330" lon="128.3948046"/>
 <node id="10174944343" visible="true" version="2" changeset="161611496" timestamp="2025-01-21T18:33:32Z" user="Lavignein" uid="5188781" lat="36.1451252" lon="128.3939602"/>
 <node id="10174944344" visible="true" version="2" changeset="161611496" timestamp="2025-01-21T18:33:32Z" user="Lavignein" uid="5188781" lat="36.1458371" lon="128.3943582"/>
 <node id="10174944347" visible="true" version="1" changeset="128758566" timestamp="2022-11-11T04:28:07Z" user="케이7" uid="8120174" lat="36.1475095" lon="128.3958815"/>
 <node id="10174944348" visible="true" version="1" changeset="128758566" timestamp="2022-11-11T04:28:07Z" user="케이7" uid="8120174" lat="36.1474950" lon="128.3959505"/>
 <node id="10174944349" visible="true" version="1" changeset="128758566" timestamp="2022-11-11T04:28:07Z" user="케이7" uid="8120174" lat="36.1474743" lon="128.3959625"/>
 <node id="10174944350" visible="true" version="1" changeset="128758566" timestamp="2022-11-11T04:28:07Z" user="케이7" uid="8120174" lat="36.1474277" lon="128.3959767"/>
 <node id="10174944351" visible="true" version="1" changeset="128758566" timestamp="2022-11-11T04:28:07Z" user="케이7" uid="8120174" lat="36.1475083" lon="128.3959228"/>
 <node id="10174944352" visible="true" version="2" changeset="161611496" timestamp="2025-01-21T18:33:32Z" user="Lavignein" uid="5188781" lat="36.1474668" lon="128.3963231"/>
 <node id="10174944353" visible="true" version="1" changeset="128758566" timestamp="2022-11-11T04:28:07Z" user="케이7" uid="8120174" lat="36.1474647" lon="128.3959173"/>
 <node id="10174944354" visible="true" version="1" changeset="128758566" timestamp="2022-11-11T04:28:07Z" user="케이7" uid="8120174" lat="36.1474824" lon="128.3960003"/>
 <node id="10174944355" visible="true" version="1" changeset="128758566" timestamp="2022-11-11T04:28:07Z" user="케이7" uid="8120174" lat="36.1474189" lon="128.3956981"/>
 <node id="10174944356" visible="true" version="1" changeset="128758566" timestamp="2022-11-11T04:28:07Z" user="케이7" uid="8120174" lat="36.1473267" lon="128.3954533"/>
 <node id="10174944357" visible="true" version="1" changeset="128758566" timestamp="2022-11-11T04:28:07Z" user="케이7" uid="8120174" lat="36.1469019" lon="128.3940918"/>
 <node id="10174944358" visible="true" version="1" changeset="128758566" timestamp="2022-11-11T04:28:07Z" user="케이7" uid="8120174" lat="36.1470129" lon="128.3936215"/>
 <node id="10174944359" visible="true" version="1" changeset="128758566" timestamp="2022-11-11T04:28:07Z" user="케이7" uid="8120174" lat="36.1470920" lon="128.3940204"/>
 <node id="10174944360" visible="true" version="1" changeset="128758566" timestamp="2022-11-11T04:28:07Z" user="케이7" uid="8120174" lat="36.1475194" lon="128.3937592"/>
 <node id="10174944361" visible="true" version="1" changeset="128758566" timestamp="2022-11-11T04:28:07Z" user="케이7" uid="8120174" lat="36.1475257" lon="128.3936947"/>
 <node id="10174944362" visible="true" version="1" changeset="128758566" timestamp="2022-11-11T04:28:07Z" user="케이7" uid="8120174" lat="36.1435056" lon="128.3932790"/>
 <node id="10174944363" visible="true" version="2" changeset="144393169" timestamp="2023-11-24T05:50:17Z" user="morago" uid="11113946" lat="36.1433294" lon="128.3949695"/>
 <node id="10174944364" visible="true" version="1" changeset="128758566" timestamp="2022-11-11T04:28:07Z" user="케이7" uid="8120174" lat="36.1429846" lon="128.3957514"/>
 <node id="10174944365" visible="true" version="1" changeset="128758566" timestamp="2022-11-11T04:28:07Z" user="케이7" uid="8120174" lat="36.1421206" lon="128.3967209"/>
 <node id="10174944366" visible="true" version="1" changeset="128758566" timestamp="2022-11-11T04:28:07Z" user="케이7" uid="8120174" lat="36.1414381" lon="128.3966870"/>
 <node id="10174944367" visible="true" version="2" changeset="144393169" timestamp="2023-11-24T05:50:17Z" user="morago" uid="11113946" lat="36.1427768" lon="128.3950629"/>
 <node id="10174944368" visible="true" version="1" changeset="128758566" timestamp="2022-11-11T04:28:07Z" user="케이7" uid="8120174" lat="36.1420089" lon="128.3950007"/>
 <node id="10174944369" visible="true" version="1" changeset="128758566" timestamp="2022-11-11T04:28:07Z" user="케이7" uid="8120174" lat="36.1427618" lon="128.3952933"/>
 <node id="10174944370" visible="true" version="1" changeset="128758566" timestamp="2022-11-11T04:28:07Z" user="케이7" uid="8120174" lat="36.1443030" lon="128.3967278"/>
 <node id="10174944371" visible="true" version="1" changeset="128758566" timestamp="2022-11-11T04:28:07Z" user="케이7" uid="8120174" lat="36.1414402" lon="128.3946770"/>
 <node id="10174944372" visible="true" version="1" changeset="128758566" timestamp="2022-11-11T04:28:07Z" user="케이7" uid="8120174" lat="36.1413486" lon="128.3955623"/>
 <node id="10174944373" visible="true" version="1" changeset="128758566" timestamp="2022-11-11T04:28:07Z" user="케이7" uid="8120174" lat="36.1412277" lon="128.3953131"/>
 <node id="10174944374" visible="true" version="2" changeset="161611496" timestamp="2025-01-21T18:33:32Z" user="Lavignein" uid="5188781" lat="36.1414801" lon="128.3955424"/>
 <node id="10174944375" visible="true" version="2" changeset="161611496" timestamp="2025-01-21T18:33:32Z" user="Lavignein" uid="5188781" lat="36.1414732" lon="128.3956037"/>
 <node id="10174944376" visible="true" version="2" changeset="161611496" timestamp="2025-01-21T18:33:32Z" user="Lavignein" uid="5188781" lat="36.1414818" lon="128.3956122"/>
 <node id="10174944377" visible="true" version="1" changeset="128758566" timestamp="2022-11-11T04:28:07Z" user="케이7" uid="8120174" lat="36.1425602" lon="128.3945288"/>
 <node id="10174944378" visible="true" version="1" changeset="128758566" timestamp="2022-11-11T04:28:07Z" user="케이7" uid="8120174" lat="36.1426843" lon="128.3944304"/>
 <node id="10174944379" visible="true" version="1" changeset="128758566" timestamp="2022-11-11T04:28:07Z" user="케이7" uid="8120174" lat="36.1468708" lon="128.3938331"/>
 <node id="10174944380" visible="true" version="1" changeset="128758566" timestamp="2022-11-11T04:28:07Z" user="케이7" uid="8120174" lat="36.1468032" lon="128.3938450"/>
 <node id="10174944381" visible="true" version="1" changeset="128758566" timestamp="2022-11-11T04:28:07Z" user="케이7" uid="8120174" lat="36.1468878" lon="128.3939342"/>
 <node id="10174944382" visible="true" version="2" changeset="161611496" timestamp="2025-01-21T18:33:32Z" user="Lavignein" uid="5188781" lat="36.1468153" lon="128.3929332"/>
 <node id="10174944383" visible="true" version="1" changeset="128758566" timestamp="2022-11-11T04:28:07Z" user="케이7" uid="8120174" lat="36.1470353" lon="128.3935250"/>
 <node id="10174944384" visible="true" version="1" changeset="128758566" timestamp="2022-11-11T04:28:07Z" user="케이7" uid="8120174" lat="36.1467309" lon="128.3937853"/>
 <node id="10174944385" visible="true" version="1" changeset="128758566" timestamp="2022-11-11T04:28:07Z" user="케이7" uid="8120174" lat="36.1467468" lon="128.3938793"/>
 <node id="10174944386" visible="true" version="1" changeset="128758566" timestamp="2022-11-11T04:28:07Z" user="케이7" uid="8120174" lat="36.1470483" lon="128.3941657"/>
 <node id="10174944387" visible="true" version="1" changeset="128758566" timestamp="2022-11-11T04:28:07Z" user="케이7" uid="8120174" lat="36.1471379" lon="128.3946657"/>
 <node id="10174944388" visible="true" version="1" changeset="128758566" timestamp="2022-11-11T04:28:07Z" user="케이7" uid="8120174" lat="36.1469308" lon="128.3941251"/>
 <node id="10174944389" visible="true" version="1" changeset="128758566" timestamp="2022-11-11T04:28:07Z" user="케이7" uid="8120174" lat="36.1469355" lon="128.3941518"/>
 <node id="10174944390" visible="true" version="1" changeset="128758566" timestamp="2022-11-11T04:28:07Z" user="케이7" uid="8120174" lat="36.1469519" lon="128.3946460"/>
 <node id="10174944391" visible="true" version="1" changeset="128758566" timestamp="2022-11-11T04:28:07Z" user="케이7" uid="8120174" lat="36.1473104" lon="128.3946161"/>
 <node id="10174944392" visible="true" version="1" changeset="128758566" timestamp="2022-11-11T04:28:07Z" user="케이7" uid="8120174" lat="36.1473113" lon="128.3942320"/>
 <node id="10174944393" visible="true" version="1" changeset="128758566" timestamp="2022-11-11T04:28:07Z" user="케이7" uid="8120174" lat="36.1473779" lon="128.3942586"/>
 <node id="10174944394" visible="true" version="1" changeset="128758566" timestamp="2022-11-11T04:28:07Z" user="케이7" uid="8120174" lat="36.1473486" lon="128.3946648"/>
 <node id="10174944395" visible="true" version="1" changeset="128758566" timestamp="2022-11-11T04:28:07Z" user="케이7" uid="8120174" lat="36.1473580" lon="128.3945785"/>
 <node id="10174944396" visible="true" version="1" changeset="128758566" timestamp="2022-11-11T04:28:07Z" user="케이7" uid="8120174" lat="36.1477804" lon="128.3951538"/>
 <node id="10174944397" visible="true" version="1" changeset="128758566" timestamp="2022-11-11T04:28:07Z" user="케이7" uid="8120174" lat="36.1477092" lon="128.3951468"/>
 <node id="10174944398" visible="true" version="1" changeset="128758566" timestamp="2022-11-11T04:28:07Z" user="케이7" uid="8120174" lat="36.1430864" lon="128.3944989"/>
 <node id="10174944399" visible="true" version="1" changeset="128758566" timestamp="2022-11-11T04:28:07Z" user="케이7" uid="8120174" lat="36.1429761" lon="128.3942911"/>
 <node id="10175875552" visible="true" version="1" changeset="128779766" timestamp="2022-11-11T14:27:38Z" user="케이7" uid="8120174" lat="36.1480912" lon="128.3926932"/>
 <node id="10175875553" visible="true" version="1" changeset="128779766" timestamp="2022-11-11T14:27:38Z" user="케이7" uid="8120174" lat="36.1478480" lon="128.3926602"/>
 <node id="10175875554" visible="true" version="1" changeset="128779766" timestamp="2022-11-11T14:27:38Z" user="케이7" uid="8120174" lat="36.1484041" lon="128.3924163"/>
 <node id="10175875558" visible="true" version="2" changeset="183000580" timestamp="2026-05-22T02:00:45Z" user="Woo Ahn" uid="23263678" lat="36.1487621" lon="128.3944748"/>
 <node id="10175875559" visible="true" version="2" changeset="161611496" timestamp="2025-01-21T18:33:32Z" user="Lavignein" uid="5188781" lat="36.1488098" lon="128.3930407"/>
 <node id="10175875560" visible="true" version="2" changeset="161611496" timestamp="2025-01-21T18:33:32Z" user="Lavignein" uid="5188781" lat="36.1488561" lon="128.3924131"/>
 <node id="10175875563" visible="true" version="2" changeset="161611496" timestamp="2025-01-21T18:33:32Z" user="Lavignein" uid="5188781" lat="36.1489569" lon="128.3924245"/>
 <node id="10175875564" visible="true" version="2" changeset="161611496" timestamp="2025-01-21T18:33:32Z" user="Lavignein" uid="5188781" lat="36.1489438" lon="128.3926015"/>
 <node id="10175875565" visible="true" version="2" changeset="161611496" timestamp="2025-01-21T18:33:32Z" user="Lavignein" uid="5188781" lat="36.1489950" lon="128.3926073"/>
 <node id="10175875566" visible="true" version="2" changeset="161611496" timestamp="2025-01-21T18:33:32Z" user="Lavignein" uid="5188781" lat="36.1489761" lon="128.3928627"/>
 <node id="10175875567" visible="true" version="2" changeset="161611496" timestamp="2025-01-21T18:33:32Z" user="Lavignein" uid="5188781" lat="36.1491702" lon="128.3928847"/>
 <node id="10175875568" visible="true" version="2" changeset="161611496" timestamp="2025-01-21T18:33:32Z" user="Lavignein" uid="5188781" lat="36.1491558" lon="128.3930798"/>
 <node id="10175875569" visible="true" version="1" changeset="128779766" timestamp="2022-11-11T14:27:38Z" user="케이7" uid="8120174" lat="36.1486438" lon="128.3929392"/>
 <node id="10175875570" visible="true" version="1" changeset="128779766" timestamp="2022-11-11T14:27:38Z" user="케이7" uid="8120174" lat="36.1492071" lon="128.3931072"/>
 <node id="10175875571" visible="true" version="1" changeset="128779766" timestamp="2022-11-11T14:27:38Z" user="케이7" uid="8120174" lat="36.1491231" lon="128.3931696"/>
 <node id="10175875572" visible="true" version="1" changeset="128779766" timestamp="2022-11-11T14:27:38Z" user="케이7" uid="8120174" lat="36.1491878" lon="128.3933668"/>
 <node id="10175875573" visible="true" version="2" changeset="183000580" timestamp="2026-05-22T02:00:45Z" user="Woo Ahn" uid="23263678" lat="36.1491351" lon="128.3939979"/>
 <node id="10175875574" visible="true" version="2" changeset="183000580" timestamp="2026-05-22T02:00:45Z" user="Woo Ahn" uid="23263678" lat="36.1491806" lon="128.3940091"/>
 <node id="10175875575" visible="true" version="2" changeset="183000580" timestamp="2026-05-22T02:00:45Z" user="Woo Ahn" uid="23263678" lat="36.1492824" lon="128.3940419"/>
 <node id="10175875576" visible="true" version="1" changeset="128779766" timestamp="2022-11-11T14:27:38Z" user="케이7" uid="8120174" lat="36.1493103" lon="128.3936410"/>
 <node id="10175875577" visible="true" version="1" changeset="128779766" timestamp="2022-11-11T14:27:38Z" user="케이7" uid="8120174" lat="36.1493989" lon="128.3936572"/>
 <node id="10175875578" visible="true" version="1" changeset="128779766" timestamp="2022-11-11T14:27:38Z" user="케이7" uid="8120174" lat="36.1494285" lon="128.3935131"/>
 <node id="10175875579" visible="true" version="1" changeset="128779766" timestamp="2022-11-11T14:27:38Z" user="케이7" uid="8120174" lat="36.1476037" lon="128.3926927"/>
 <node id="10175875580" visible="true" version="1" changeset="128779766" timestamp="2022-11-11T14:27:38Z" user="케이7" uid="8120174" lat="36.1476006" lon="128.3927333"/>
 <node id="10175875581" visible="true" version="1" changeset="128779766" timestamp="2022-11-11T14:27:38Z" user="케이7" uid="8120174" lat="36.1480084" lon="128.3909482"/>
 <node id="10175875582" visible="true" version="1" changeset="128779766" timestamp="2022-11-11T14:27:38Z" user="케이7" uid="8120174" lat="36.1479240" lon="128.3911642"/>
 <node id="10175875583" visible="true" version="1" changeset="128779766" timestamp="2022-11-11T14:27:38Z" user="케이7" uid="8120174" lat="36.1479391" lon="128.3912062"/>
 <node id="10175875584" visible="true" version="1" changeset="128779766" timestamp="2022-11-11T14:27:38Z" user="케이7" uid="8120174" lat="36.1480226" lon="128.3905791"/>
 <node id="10175875585" visible="true" version="1" changeset="128779766" timestamp="2022-11-11T14:27:38Z" user="케이7" uid="8120174" lat="36.1472871" lon="128.3891050"/>
 <node id="10175875586" visible="true" version="1" changeset="128779766" timestamp="2022-11-11T14:27:38Z" user="케이7" uid="8120174" lat="36.1474935" lon="128.3896540"/>
 <node id="10175875587" visible="true" version="1" changeset="128779766" timestamp="2022-11-11T14:27:38Z" user="케이7" uid="8120174" lat="36.1475501" lon="128.3896610"/>
 <node id="10175875588" visible="true" version="1" changeset="128779766" timestamp="2022-11-11T14:27:38Z" user="케이7" uid="8120174" lat="36.1473842" lon="128.3893890"/>
 <node id="10175875589" visible="true" version="1" changeset="128779766" timestamp="2022-11-11T14:27:38Z" user="케이7" uid="8120174" lat="36.1473750" lon="128.3893849"/>
 <node id="10175875590" visible="true" version="1" changeset="128779766" timestamp="2022-11-11T14:27:38Z" user="케이7" uid="8120174" lat="36.1473161" lon="128.3893469"/>
 <node id="10175875591" visible="true" version="1" changeset="128779766" timestamp="2022-11-11T14:27:38Z" user="케이7" uid="8120174" lat="36.1473066" lon="128.3893432"/>
 <node id="10175875592" visible="true" version="1" changeset="128779766" timestamp="2022-11-11T14:27:38Z" user="케이7" uid="8120174" lat="36.1466853" lon="128.3900704"/>
 <node id="10175875593" visible="true" version="1" changeset="128779766" timestamp="2022-11-11T14:27:38Z" user="케이7" uid="8120174" lat="36.1463403" lon="128.3885789"/>
 <node id="10175875594" visible="true" version="1" changeset="128779766" timestamp="2022-11-11T14:27:38Z" user="케이7" uid="8120174" lat="36.1462649" lon="128.3885777"/>
 <node id="10175875595" visible="true" version="1" changeset="128779766" timestamp="2022-11-11T14:27:38Z" user="케이7" uid="8120174" lat="36.1461768" lon="128.3885579"/>
 <node id="10175875596" visible="true" version="1" changeset="128779766" timestamp="2022-11-11T14:27:38Z" user="케이7" uid="8120174" lat="36.1460927" lon="128.3885173"/>
 <node id="10175875597" visible="true" version="1" changeset="128779766" timestamp="2022-11-11T14:27:38Z" user="케이7" uid="8120174" lat="36.1457663" lon="128.3882149"/>
 <node id="10175875598" visible="true" version="1" changeset="128779766" timestamp="2022-11-11T14:27:38Z" user="케이7" uid="8120174" lat="36.1455631" lon="128.3880205"/>
 <node id="10175875599" visible="true" version="1" changeset="128779766" timestamp="2022-11-11T14:27:38Z" user="케이7" uid="8120174" lat="36.1455588" lon="128.3880157"/>
 <node id="10175875600" visible="true" version="1" changeset="128779766" timestamp="2022-11-11T14:27:38Z" user="케이7" uid="8120174" lat="36.1452643" lon="128.3877161"/>
 <node id="10175875601" visible="true" version="1" changeset="128779766" timestamp="2022-11-11T14:27:38Z" user="케이7" uid="8120174" lat="36.1451985" lon="128.3875826"/>
 <node id="10175875602" visible="true" version="1" changeset="128779766" timestamp="2022-11-11T14:27:38Z" user="케이7" uid="8120174" lat="36.1451828" lon="128.3875062"/>
 <node id="10175875603" visible="true" version="1" changeset="128779766" timestamp="2022-11-11T14:27:38Z" user="케이7" uid="8120174" lat="36.1451194" lon="128.3875722"/>
 <node id="10175875604" visible="true" version="1" changeset="128779766" timestamp="2022-11-11T14:27:38Z" user="케이7" uid="8120174" lat="36.1449297" lon="128.3875985"/>
 <node id="10175875605" visible="true" version="1" changeset="128779766" timestamp="2022-11-11T14:27:38Z" user="케이7" uid="8120174" lat="36.1449748" lon="128.3876266"/>
 <node id="10175875606" visible="true" version="1" changeset="128779766" timestamp="2022-11-11T14:27:38Z" user="케이7" uid="8120174" lat="36.1450452" lon="128.3875774"/>
 <node id="10175875607" visible="true" version="1" changeset="128779766" timestamp="2022-11-11T14:27:38Z" user="케이7" uid="8120174" lat="36.1449490" lon="128.3874627"/>
 <node id="10175875608" visible="true" version="1" changeset="128779766" timestamp="2022-11-11T14:27:38Z" user="케이7" uid="8120174" lat="36.1449920" lon="128.3876261"/>
 <node id="10175875609" visible="true" version="1" changeset="128779766" timestamp="2022-11-11T14:27:38Z" user="케이7" uid="8120174" lat="36.1450135" lon="128.3876481"/>
 <node id="10175875610" visible="true" version="1" changeset="128779766" timestamp="2022-11-11T14:27:38Z" user="케이7" uid="8120174" lat="36.1449427" lon="128.3876124"/>
 <node id="10175875611" visible="true" version="1" changeset="128779766" timestamp="2022-11-11T14:27:38Z" user="케이7" uid="8120174" lat="36.1475869" lon="128.3915964"/>
 <node id="10175875612" visible="true" version="1" changeset="128779766" timestamp="2022-11-11T14:27:38Z" user="케이7" uid="8120174" lat="36.1465356" lon="128.3903262"/>
 <node id="10175875613" visible="true" version="1" changeset="128779766" timestamp="2022-11-11T14:27:38Z" user="케이7" uid="8120174" lat="36.1474866" lon="128.3915863"/>
 <node id="10175875614" visible="true" version="2" changeset="161611496" timestamp="2025-01-21T18:33:32Z" user="Lavignein" uid="5188781" lat="36.1455406" lon="128.3918306"/>
 <node id="10175875615" visible="true" version="2" changeset="161611496" timestamp="2025-01-21T18:33:32Z" user="Lavignein" uid="5188781" lat="36.1438683" lon="128.3923640"/>
 <node id="10175875616" visible="true" version="2" changeset="161611496" timestamp="2025-01-21T18:33:32Z" user="Lavignein" uid="5188781" lat="36.1440022" lon="128.3922827"/>
 <node id="10175881117" visible="true" version="1" changeset="128779766" timestamp="2022-11-11T14:27:38Z" user="케이7" uid="8120174" lat="36.1437157" lon="128.3925311"/>
 <node id="10175881118" visible="true" version="1" changeset="128779766" timestamp="2022-11-11T14:27:38Z" user="케이7" uid="8120174" lat="36.1441665" lon="128.3924255"/>
 <node id="10175881120" visible="true" version="1" changeset="128779766" timestamp="2022-11-11T14:27:38Z" user="케이7" uid="8120174" lat="36.1454783" lon="128.3928089"/>
 <node id="10175881121" visible="true" version="2" changeset="161611496" timestamp="2025-01-21T18:33:32Z" user="Lavignein" uid="5188781" lat="36.1474023" lon="128.3922473"/>
 <node id="10175881122" visible="true" version="1" changeset="128779766" timestamp="2022-11-11T14:27:38Z" user="케이7" uid="8120174" lat="36.1456774" lon="128.3894837"/>
 <node id="10175881123" visible="true" version="1" changeset="128779766" timestamp="2022-11-11T14:27:38Z" user="케이7" uid="8120174" lat="36.1477830" lon="128.3883332"/>
 <node id="10175881124" visible="true" version="1" changeset="128779766" timestamp="2022-11-11T14:27:38Z" user="케이7" uid="8120174" lat="36.1478879" lon="128.3888976"/>
 <node id="10175881125" visible="true" version="1" changeset="128779766" timestamp="2022-11-11T14:27:38Z" user="케이7" uid="8120174" lat="36.1450987" lon="128.3876459"/>
 <node id="10175881126" visible="true" version="1" changeset="128779766" timestamp="2022-11-11T14:27:38Z" user="케이7" uid="8120174" lat="36.1449349" lon="128.3876313"/>
 <node id="10175881127" visible="true" version="1" changeset="128779766" timestamp="2022-11-11T14:27:38Z" user="케이7" uid="8120174" lat="36.1447672" lon="128.3875393"/>
 <node id="10175881128" visible="true" version="1" changeset="128779766" timestamp="2022-11-11T14:27:38Z" user="케이7" uid="8120174" lat="36.1442987" lon="128.3887065"/>
 <node id="10175881129" visible="true" version="1" changeset="128779766" timestamp="2022-11-11T14:27:38Z" user="케이7" uid="8120174" lat="36.1436882" lon="128.3894337"/>
 <node id="10175881130" visible="true" version="1" changeset="128779766" timestamp="2022-11-11T14:27:38Z" user="케이7" uid="8120174" lat="36.1436986" lon="128.3894480"/>
 <node id="10175881131" visible="true" version="1" changeset="128779766" timestamp="2022-11-11T14:27:38Z" user="케이7" uid="8120174" lat="36.1436603" lon="128.3895149"/>
 <node id="10175881132" visible="true" version="1" changeset="128779766" timestamp="2022-11-11T14:27:38Z" user="케이7" uid="8120174" lat="36.1450628" lon="128.3875697"/>
 <node id="10175881133" visible="true" version="1" changeset="128779766" timestamp="2022-11-11T14:27:38Z" user="케이7" uid="8120174" lat="36.1459575" lon="128.3887674"/>
 <node id="10175881134" visible="true" version="1" changeset="128779766" timestamp="2022-11-11T14:27:38Z" user="케이7" uid="8120174" lat="36.1459454" lon="128.3887205"/>
 <node id="10175881135" visible="true" version="1" changeset="128779766" timestamp="2022-11-11T14:27:38Z" user="케이7" uid="8120174" lat="36.1453966" lon="128.3877402"/>
 <node id="10175881136" visible="true" version="1" changeset="128779766" timestamp="2022-11-11T14:27:38Z" user="케이7" uid="8120174" lat="36.1458906" lon="128.3883379"/>
 <node id="10175881137" visible="true" version="1" changeset="128779766" timestamp="2022-11-11T14:27:38Z" user="케이7" uid="8120174" lat="36.1462560" lon="128.3884967"/>
 <node id="10175881138" visible="true" version="1" changeset="128779766" timestamp="2022-11-11T14:27:38Z" user="케이7" uid="8120174" lat="36.1459888" lon="128.3884346"/>
 <node id="10175881139" visible="true" version="2" changeset="161611496" timestamp="2025-01-21T18:33:32Z" user="Lavignein" uid="5188781" lat="36.1460525" lon="128.3891969"/>
 <node id="10175881140" visible="true" version="2" changeset="161611496" timestamp="2025-01-21T18:33:32Z" user="Lavignein" uid="5188781" lat="36.1457416" lon="128.3894603"/>
 <node id="10175881141" visible="true" version="2" changeset="161611496" timestamp="2025-01-21T18:33:32Z" user="Lavignein" uid="5188781" lat="36.1458599" lon="128.3896743"/>
 <node id="10175881142" visible="true" version="2" changeset="161611496" timestamp="2025-01-21T18:33:32Z" user="Lavignein" uid="5188781" lat="36.1461707" lon="128.3894108"/>
 <node id="10175881143" visible="true" version="1" changeset="128779766" timestamp="2022-11-11T14:27:38Z" user="케이7" uid="8120174" lat="36.1463998" lon="128.3898106"/>
 <node id="10175881144" visible="true" version="1" changeset="128779766" timestamp="2022-11-11T14:27:38Z" user="케이7" uid="8120174" lat="36.1463607" lon="128.3898267"/>
 <node id="10175881145" visible="true" version="1" changeset="128779766" timestamp="2022-11-11T14:27:38Z" user="케이7" uid="8120174" lat="36.1469732" lon="128.3892862"/>
 <node id="10175881146" visible="true" version="1" changeset="128779766" timestamp="2022-11-11T14:27:38Z" user="케이7" uid="8120174" lat="36.1471460" lon="128.3898205"/>
 <node id="10175881147" visible="true" version="1" changeset="128779766" timestamp="2022-11-11T14:27:38Z" user="케이7" uid="8120174" lat="36.1471271" lon="128.3898977"/>
 <node id="10175881148" visible="true" version="1" changeset="128779766" timestamp="2022-11-11T14:27:38Z" user="케이7" uid="8120174" lat="36.1467717" lon="128.3896866"/>
 <node id="10175881149" visible="true" version="1" changeset="128779766" timestamp="2022-11-11T14:27:38Z" user="케이7" uid="8120174" lat="36.1465535" lon="128.3895882"/>
 <node id="10175881150" visible="true" version="1" changeset="128779766" timestamp="2022-11-11T14:27:38Z" user="케이7" uid="8120174" lat="36.1467204" lon="128.3890350"/>
 <node id="10175881151" visible="true" version="1" changeset="128779766" timestamp="2022-11-11T14:27:38Z" user="케이7" uid="8120174" lat="36.1477116" lon="128.3916336"/>
 <node id="10175881152" visible="true" version="1" changeset="128779766" timestamp="2022-11-11T14:27:38Z" user="케이7" uid="8120174" lat="36.1474129" lon="128.3910187"/>
 <node id="10175881153" visible="true" version="1" changeset="128779766" timestamp="2022-11-11T14:27:38Z" user="케이7" uid="8120174" lat="36.1474007" lon="128.3909777"/>
 <node id="10175881154" visible="true" version="1" changeset="128779766" timestamp="2022-11-11T14:27:38Z" user="케이7" uid="8120174" lat="36.1473516" lon="128.3909103"/>
 <node id="10175881155" visible="true" version="1" changeset="128779766" timestamp="2022-11-11T14:27:38Z" user="케이7" uid="8120174" lat="36.1471088" lon="128.3909661"/>
 <node id="10175881156" visible="true" version="1" changeset="128779766" timestamp="2022-11-11T14:27:38Z" user="케이7" uid="8120174" lat="36.1471186" lon="128.3910061"/>
 <node id="10175881157" visible="true" version="1" changeset="128779766" timestamp="2022-11-11T14:27:38Z" user="케이7" uid="8120174" lat="36.1471425" lon="128.3910408"/>
 <node id="10175881158" visible="true" version="1" changeset="128779766" timestamp="2022-11-11T14:27:38Z" user="케이7" uid="8120174" lat="36.1471734" lon="128.3910715"/>
 <node id="10175881159" visible="true" version="1" changeset="128779766" timestamp="2022-11-11T14:27:38Z" user="케이7" uid="8120174" lat="36.1472735" lon="128.3911198"/>
 <node id="10175881160" visible="true" version="1" changeset="128779766" timestamp="2022-11-11T14:27:38Z" user="케이7" uid="8120174" lat="36.1473875" lon="128.3913334"/>
 <node id="10175881161" visible="true" version="1" changeset="128779766" timestamp="2022-11-11T14:27:38Z" user="케이7" uid="8120174" lat="36.1474374" lon="128.3907563"/>
 <node id="10175881162" visible="true" version="1" changeset="128779766" timestamp="2022-11-11T14:27:38Z" user="케이7" uid="8120174" lat="36.1466184" lon="128.3910031"/>
 <node id="10175881163" visible="true" version="1" changeset="128779766" timestamp="2022-11-11T14:27:38Z" user="케이7" uid="8120174" lat="36.1475015" lon="128.3904995"/>
 <node id="10175881164" visible="true" version="1" changeset="128779766" timestamp="2022-11-11T14:27:38Z" user="케이7" uid="8120174" lat="36.1469738" lon="128.3908031"/>
 <node id="10175881165" visible="true" version="1" changeset="128779766" timestamp="2022-11-11T14:27:38Z" user="케이7" uid="8120174" lat="36.1453395" lon="128.3924606"/>
 <node id="10175881166" visible="true" version="1" changeset="128779766" timestamp="2022-11-11T14:27:38Z" user="케이7" uid="8120174" lat="36.1445331" lon="128.3931760"/>
 <node id="10175881167" visible="true" version="1" changeset="128779766" timestamp="2022-11-11T14:27:38Z" user="케이7" uid="8120174" lat="36.1431095" lon="128.3926293"/>
 <node id="10175881168" visible="true" version="1" changeset="128779766" timestamp="2022-11-11T14:27:38Z" user="케이7" uid="8120174" lat="36.1432582" lon="128.3925858"/>
 <node id="10175881169" visible="true" version="1" changeset="128779766" timestamp="2022-11-11T14:27:38Z" user="케이7" uid="8120174" lat="36.1423683" lon="128.3935472"/>
 <node id="10175881170" visible="true" version="1" changeset="128779766" timestamp="2022-11-11T14:27:38Z" user="케이7" uid="8120174" lat="36.1432268" lon="128.3935263"/>
 <node id="10175881171" visible="true" version="1" changeset="128779766" timestamp="2022-11-11T14:27:38Z" user="케이7" uid="8120174" lat="36.1415038" lon="128.3958507"/>
 <node id="10175881172" visible="true" version="1" changeset="128779766" timestamp="2022-11-11T14:27:38Z" user="케이7" uid="8120174" lat="36.1413263" lon="128.3956106"/>
 <node id="10175881173" visible="true" version="3" changeset="161611496" timestamp="2025-01-21T18:33:32Z" user="Lavignein" uid="5188781" lat="36.1476220" lon="128.3965416"/>
 <node id="10175881174" visible="true" version="3" changeset="161611496" timestamp="2025-01-21T18:33:32Z" user="Lavignein" uid="5188781" lat="36.1477463" lon="128.3971648"/>
 <node id="10175881202" visible="true" version="1" changeset="128779766" timestamp="2022-11-11T14:27:38Z" user="케이7" uid="8120174" lat="36.1456042" lon="128.3879506"/>
 <node id="10175881203" visible="true" version="1" changeset="128779766" timestamp="2022-11-11T14:27:38Z" user="케이7" uid="8120174" lat="36.1457735" lon="128.3882224"/>
 <node id="10175881204" visible="true" version="1" changeset="128779766" timestamp="2022-11-11T14:27:38Z" user="케이7" uid="8120174" lat="36.1458161" lon="128.3881560"/>
 <node id="10175881205" visible="true" version="2" changeset="161611496" timestamp="2025-01-21T18:33:32Z" user="Lavignein" uid="5188781" lat="36.1475532" lon="128.3927303">
  <tag k="crossing" v="marked"/>
  <tag k="crossing:markings" v="yes"/>
  <tag k="highway" v="crossing"/>
 </node>
 <node id="10805899544" visible="true" version="1" changeset="134840223" timestamp="2023-04-13T00:12:21Z" user="morago" uid="11113946" lat="36.1660037" lon="128.4666538"/>
 <node id="10805899545" visible="true" version="1" changeset="134840223" timestamp="2023-04-13T00:12:21Z" user="morago" uid="11113946" lat="36.1657092" lon="128.4668201"/>
 <node id="10805899546" visible="true" version="1" changeset="134840223" timestamp="2023-04-13T00:12:21Z" user="morago" uid="11113946" lat="36.1650292" lon="128.4669810"/>
 <node id="10805899547" visible="true" version="1" changeset="134840223" timestamp="2023-04-13T00:12:21Z" user="morago" uid="11113946" lat="36.1648647" lon="128.4669059"/>
 <node id="10805899548" visible="true" version="2" changeset="181937564" timestamp="2026-04-28T12:09:59Z" user="Weathering" uid="12509199" lat="36.1647096" lon="128.4668200"/>
 <node id="10805899549" visible="true" version="2" changeset="181937564" timestamp="2026-04-28T12:09:59Z" user="Weathering" uid="12509199" lat="36.1644073" lon="128.4667556"/>
 <node id="10805899550" visible="true" version="2" changeset="181937564" timestamp="2026-04-28T12:09:59Z" user="Weathering" uid="12509199" lat="36.1642311" lon="128.4667046"/>
 <node id="10806191809" visible="true" version="2" changeset="181939468" timestamp="2026-04-28T12:52:13Z" user="Weathering" uid="12509199" lat="36.1631889" lon="128.4644821"/>
 <node id="11171003945" visible="true" version="1" changeset="140874454" timestamp="2023-09-06T03:24:54Z" user="Weathering" uid="12509199" lat="36.1397330" lon="128.3982065"/>
 <node id="11372661041" visible="true" version="1" changeset="144393169" timestamp="2023-11-24T05:50:17Z" user="morago" uid="11113946" lat="36.1479818" lon="128.3973155"/>
 <node id="11372661050" visible="true" version="1" changeset="144393169" timestamp="2023-11-24T05:50:17Z" user="morago" uid="11113946" lat="36.1488001" lon="128.3962733"/>
 <node id="11372661059" visible="true" version="1" changeset="144393169" timestamp="2023-11-24T05:50:17Z" user="morago" uid="11113946" lat="36.1483998" lon="128.3968230"/>
 <node id="11372661065" visible="true" version="1" changeset="144393169" timestamp="2023-11-24T05:50:17Z" user="morago" uid="11113946" lat="36.1510534" lon="128.3960646"/>
 <node id="11372663598" visible="true" version="1" changeset="144393195" timestamp="2023-11-24T05:51:28Z" user="morago" uid="11113946" lat="36.1526963" lon="128.4159225"/>
 <node id="11372663599" visible="true" version="1" changeset="144393195" timestamp="2023-11-24T05:51:28Z" user="morago" uid="11113946" lat="36.1531966" lon="128.4155282"/>
 <node id="11372664275" visible="true" version="1" changeset="144393169" timestamp="2023-11-24T05:50:15Z" user="morago" uid="11113946" lat="36.1426249" lon="128.3897173"/>
 <node id="11372664276" visible="true" version="1" changeset="144393169" timestamp="2023-11-24T05:50:15Z" user="morago" uid="11113946" lat="36.1429347" lon="128.3892319"/>
 <node id="11372678737" visible="true" version="1" changeset="144393169" timestamp="2023-11-24T05:50:15Z" user="morago" uid="11113946" lat="36.1478720" lon="128.3975105"/>
 <node id="11372678738" visible="true" version="1" changeset="144393169" timestamp="2023-11-24T05:50:15Z" user="morago" uid="11113946" lat="36.1485196" lon="128.3963786"/>
 <node id="11372678739" visible="true" version="1" changeset="144393169" timestamp="2023-11-24T05:50:15Z" user="morago" uid="11113946" lat="36.1481373" lon="128.3972007"/>
 <node id="11372678740" visible="true" version="1" changeset="144393169" timestamp="2023-11-24T05:50:15Z" user="morago" uid="11113946" lat="36.1478381" lon="128.3975232"/>
 <node id="11372679307" visible="true" version="1" changeset="144393169" timestamp="2023-11-24T05:50:15Z" user="morago" uid="11113946" lat="36.1480885" lon="128.3972436"/>
 <node id="11372679308" visible="true" version="1" changeset="144393169" timestamp="2023-11-24T05:50:15Z" user="morago" uid="11113946" lat="36.1484659" lon="128.3965214"/>
 <node id="11372679309" visible="true" version="1" changeset="144393169" timestamp="2023-11-24T05:50:15Z" user="morago" uid="11113946" lat="36.1488948" lon="128.3962921"/>
 <node id="11372679310" visible="true" version="1" changeset="144393169" timestamp="2023-11-24T05:50:15Z" user="morago" uid="11113946" lat="36.1492668" lon="128.3963571"/>
 <node id="11372679311" visible="true" version="1" changeset="144393169" timestamp="2023-11-24T05:50:15Z" user="morago" uid="11113946" lat="36.1502203" lon="128.3961627"/>
 <node id="11372679312" visible="true" version="1" changeset="144393169" timestamp="2023-11-24T05:50:15Z" user="morago" uid="11113946" lat="36.1504845" lon="128.3961540"/>
 <node id="11372679313" visible="true" version="1" changeset="144393169" timestamp="2023-11-24T05:50:15Z" user="morago" uid="11113946" lat="36.1491671" lon="128.3934416"/>
 <node id="11372679314" visible="true" version="1" changeset="144393169" timestamp="2023-11-24T05:50:15Z" user="morago" uid="11113946" lat="36.1491872" lon="128.3937044"/>
 <node id="11372679315" visible="true" version="1" changeset="144393169" timestamp="2023-11-24T05:50:15Z" user="morago" uid="11113946" lat="36.1492229" lon="128.3938540"/>
 <node id="11372679316" visible="true" version="1" changeset="144393169" timestamp="2023-11-24T05:50:15Z" user="morago" uid="11113946" lat="36.1492538" lon="128.3938902"/>
 <node id="11372679318" visible="true" version="1" changeset="144393169" timestamp="2023-11-24T05:50:15Z" user="morago" uid="11113946" lat="36.1509480" lon="128.3960829"/>
 <node id="11372679328" visible="true" version="1" changeset="144393169" timestamp="2023-11-24T05:50:15Z" user="morago" uid="11113946" lat="36.1434090" lon="128.3949020"/>
 <node id="11372679329" visible="true" version="1" changeset="144393169" timestamp="2023-11-24T05:50:15Z" user="morago" uid="11113946" lat="36.1437881" lon="128.3948350"/>
 <node id="11372679334" visible="true" version="2" changeset="161611496" timestamp="2025-01-21T18:33:32Z" user="Lavignein" uid="5188781" lat="36.1477961" lon="128.3973979"/>
 <node id="11372679335" visible="true" version="2" changeset="161611496" timestamp="2025-01-21T18:33:32Z" user="Lavignein" uid="5188781" lat="36.1476413" lon="128.3967112"/>
 <node id="11372679336" visible="true" version="2" changeset="161611496" timestamp="2025-01-21T18:33:32Z" user="Lavignein" uid="5188781" lat="36.1477009" lon="128.3968305"/>
 <node id="11372679337" visible="true" version="1" changeset="144393169" timestamp="2023-11-24T05:50:15Z" user="morago" uid="11113946" lat="36.1475698" lon="128.3964162"/>
 <node id="11372679338" visible="true" version="1" changeset="144393169" timestamp="2023-11-24T05:50:15Z" user="morago" uid="11113946" lat="36.1486127" lon="128.3962727"/>
 <node id="11372679339" visible="true" version="1" changeset="144393169" timestamp="2023-11-24T05:50:15Z" user="morago" uid="11113946" lat="36.1503551" lon="128.3961198"/>
 <node id="11372679340" visible="true" version="1" changeset="144393169" timestamp="2023-11-24T05:50:15Z" user="morago" uid="11113946" lat="36.1506020" lon="128.3961560"/>
 <node id="11372679341" visible="true" version="1" changeset="144393169" timestamp="2023-11-24T05:50:15Z" user="morago" uid="11113946" lat="36.1506995" lon="128.3961225"/>
 <node id="11372679342" visible="true" version="1" changeset="144393169" timestamp="2023-11-24T05:50:15Z" user="morago" uid="11113946" lat="36.1507525" lon="128.3961453"/>
 <node id="11372679343" visible="true" version="1" changeset="144393169" timestamp="2023-11-24T05:50:15Z" user="morago" uid="11113946" lat="36.1508998" lon="128.3961090"/>
 <node id="11372679344" visible="true" version="2" changeset="170532421" timestamp="2025-08-16T16:46:55Z" user="Lavignein" uid="5188781" lat="36.1510466" lon="128.3956153"/>
 <node id="11372679349" visible="true" version="1" changeset="144393169" timestamp="2023-11-24T05:50:15Z" user="morago" uid="11113946" lat="36.1497014" lon="128.3963565"/>
 <node id="11372679363" visible="true" version="1" changeset="144393169" timestamp="2023-11-24T05:50:15Z" user="morago" uid="11113946" lat="36.1500962" lon="128.3961753"/>
 <node id="11372679367" visible="true" version="1" changeset="144393169" timestamp="2023-11-24T05:50:15Z" user="morago" uid="11113946" lat="36.1506359" lon="128.3945771"/>
 <node id="11372679413" visible="true" version="1" changeset="144393169" timestamp="2023-11-24T05:50:15Z" user="morago" uid="11113946" lat="36.1506585" lon="128.3961661"/>
 <node id="11372679442" visible="true" version="1" changeset="144393169" timestamp="2023-11-24T05:50:15Z" user="morago" uid="11113946" lat="36.1483265" lon="128.3969921"/>
 <node id="11372679454" visible="true" version="1" changeset="144393169" timestamp="2023-11-24T05:50:15Z" user="morago" uid="11113946" lat="36.1480269" lon="128.3972742"/>
 <node id="11372679463" visible="true" version="1" changeset="144393169" timestamp="2023-11-24T05:50:15Z" user="morago" uid="11113946" lat="36.1485037" lon="128.3964012"/>
 <node id="11372679464" visible="true" version="1" changeset="144393169" timestamp="2023-11-24T05:50:15Z" user="morago" uid="11113946" lat="36.1443256" lon="128.3973001"/>
 <node id="11372679473" visible="true" version="1" changeset="144393169" timestamp="2023-11-24T05:50:15Z" user="morago" uid="11113946" lat="36.1484535" lon="128.3966891"/>
 <node id="11372679479" visible="true" version="1" changeset="144393169" timestamp="2023-11-24T05:50:15Z" user="morago" uid="11113946" lat="36.1510545" lon="128.3959966"/>
 <node id="11372679488" visible="true" version="1" changeset="144393169" timestamp="2023-11-24T05:50:15Z" user="morago" uid="11113946" lat="36.1491552" lon="128.3963048"/>
 <node id="11372679500" visible="true" version="1" changeset="144393169" timestamp="2023-11-24T05:50:15Z" user="morago" uid="11113946" lat="36.1499712" lon="128.3962524"/>
 <node id="11372679506" visible="true" version="2" changeset="170532421" timestamp="2025-08-16T16:46:55Z" user="Lavignein" uid="5188781" lat="36.1509669" lon="128.3951812"/>
 <node id="11372679511" visible="true" version="1" changeset="144393169" timestamp="2023-11-24T05:50:15Z" user="morago" uid="11113946" lat="36.1496424" lon="128.3963767"/>
 <node id="11372679517" visible="true" version="1" changeset="144393169" timestamp="2023-11-24T05:50:15Z" user="morago" uid="11113946" lat="36.1493071" lon="128.3939090"/>
 <node id="11372679522" visible="true" version="1" changeset="144393169" timestamp="2023-11-24T05:50:15Z" user="morago" uid="11113946" lat="36.1502911" lon="128.3961229"/>
 <node id="11372679527" visible="true" version="1" changeset="144393169" timestamp="2023-11-24T05:50:15Z" user="morago" uid="11113946" lat="36.1499493" lon="128.3940355"/>
 <node id="11372679568" visible="true" version="1" changeset="144393169" timestamp="2023-11-24T05:50:15Z" user="morago" uid="11113946" lat="36.1505222" lon="128.3961773"/>
 <node id="11372679673" visible="true" version="1" changeset="144393169" timestamp="2023-11-24T05:50:17Z" user="morago" uid="11113946" lat="36.1494098" lon="128.3964277"/>
 <node id="11372679684" visible="true" version="1" changeset="144393169" timestamp="2023-11-24T05:50:17Z" user="morago" uid="11113946" lat="36.1499459" lon="128.3962611"/>
 <node id="11372679691" visible="true" version="2" changeset="170532421" timestamp="2025-08-16T16:46:55Z" user="Lavignein" uid="5188781" lat="36.1511060" lon="128.3954013"/>
 <node id="11372679697" visible="true" version="1" changeset="144393169" timestamp="2023-11-24T05:50:17Z" user="morago" uid="11113946" lat="36.1497973" lon="128.3963282"/>
 <node id="11372679704" visible="true" version="1" changeset="144393169" timestamp="2023-11-24T05:50:17Z" user="morago" uid="11113946" lat="36.1510281" lon="128.3956822"/>
 <node id="11372679709" visible="true" version="1" changeset="144393169" timestamp="2023-11-24T05:50:17Z" user="morago" uid="11113946" lat="36.1502542" lon="128.3961314"/>
 <node id="11372679716" visible="true" version="1" changeset="144393169" timestamp="2023-11-24T05:50:17Z" user="morago" uid="11113946" lat="36.1501081" lon="128.3941654"/>
 <node id="11372679724" visible="true" version="1" changeset="144393169" timestamp="2023-11-24T05:50:17Z" user="morago" uid="11113946" lat="36.1500522" lon="128.3962334"/>
 <node id="11372679758" visible="true" version="1" changeset="144393169" timestamp="2023-11-24T05:50:17Z" user="morago" uid="11113946" lat="36.1509950" lon="128.3960741"/>
 <node id="11372679796" visible="true" version="1" changeset="144393169" timestamp="2023-11-24T05:50:17Z" user="morago" uid="11113946" lat="36.1482588" lon="128.3970936"/>
 <node id="11372679805" visible="true" version="1" changeset="144393169" timestamp="2023-11-24T05:50:17Z" user="morago" uid="11113946" lat="36.1487137" lon="128.3962877"/>
 <node id="11372679814" visible="true" version="1" changeset="144393169" timestamp="2023-11-24T05:50:17Z" user="morago" uid="11113946" lat="36.1484822" lon="128.3964513"/>
 <node id="11372679824" visible="true" version="1" changeset="144393169" timestamp="2023-11-24T05:50:17Z" user="morago" uid="11113946" lat="36.1493486" lon="128.3963846"/>
 <node id="11372679835" visible="true" version="1" changeset="144393169" timestamp="2023-11-24T05:50:17Z" user="morago" uid="11113946" lat="36.1490248" lon="128.3963013"/>
 <node id="11372679843" visible="true" version="2" changeset="170532421" timestamp="2025-08-16T16:46:55Z" user="Lavignein" uid="5188781" lat="36.1507988" lon="128.3947956"/>
 <node id="11372679848" visible="true" version="1" changeset="144393169" timestamp="2023-11-24T05:50:17Z" user="morago" uid="11113946" lat="36.1497425" lon="128.3963456"/>
 <node id="11372679855" visible="true" version="1" changeset="144393169" timestamp="2023-11-24T05:50:17Z" user="morago" uid="11113946" lat="36.1510221" lon="128.3958266"/>
 <node id="11372679860" visible="true" version="1" changeset="144393169" timestamp="2023-11-24T05:50:17Z" user="morago" uid="11113946" lat="36.1504470" lon="128.3961760"/>
 <node id="11372679867" visible="true" version="1" changeset="144393169" timestamp="2023-11-24T05:50:17Z" user="morago" uid="11113946" lat="36.1494303" lon="128.3938639"/>
 <node id="11372679875" visible="true" version="1" changeset="144393169" timestamp="2023-11-24T05:50:17Z" user="morago" uid="11113946" lat="36.1500224" lon="128.3962578"/>
 <node id="11372679910" visible="true" version="1" changeset="144393169" timestamp="2023-11-24T05:50:17Z" user="morago" uid="11113946" lat="36.1508440" lon="128.3961094"/>
 <node id="11372679952" visible="true" version="1" changeset="144393169" timestamp="2023-11-24T05:50:17Z" user="morago" uid="11113946" lat="36.1481940" lon="128.3971334"/>
 <node id="11372679961" visible="true" version="1" changeset="144393169" timestamp="2023-11-24T05:50:17Z" user="morago" uid="11113946" lat="36.1479416" lon="128.3973707"/>
 <node id="11372679970" visible="true" version="1" changeset="144393169" timestamp="2023-11-24T05:50:17Z" user="morago" uid="11113946" lat="36.1484751" lon="128.3965602"/>
 <node id="11372679981" visible="true" version="1" changeset="144393169" timestamp="2023-11-24T05:50:17Z" user="morago" uid="11113946" lat="36.1495340" lon="128.3963915"/>
 <node id="11372679992" visible="true" version="1" changeset="144393169" timestamp="2023-11-24T05:50:17Z" user="morago" uid="11113946" lat="36.1489557" lon="128.3962815"/>
 <node id="11372680000" visible="true" version="1" changeset="144393169" timestamp="2023-11-24T05:50:17Z" user="morago" uid="11113946" lat="36.1509053" lon="128.3950408"/>
 <node id="11372680005" visible="true" version="1" changeset="144393169" timestamp="2023-11-24T05:50:17Z" user="morago" uid="11113946" lat="36.1499232" lon="128.3962712"/>
 <node id="11372680011" visible="true" version="2" changeset="170532421" timestamp="2025-08-16T16:46:55Z" user="Lavignein" uid="5188781" lat="36.1510783" lon="128.3954958"/>
 <node id="11372680015" visible="true" version="1" changeset="144393169" timestamp="2023-11-24T05:50:17Z" user="morago" uid="11113946" lat="36.1504149" lon="128.3961646"/>
 <node id="11372680022" visible="true" version="1" changeset="144393169" timestamp="2023-11-24T05:50:17Z" user="morago" uid="11113946" lat="36.1496357" lon="128.3939240"/>
 <node id="11372680030" visible="true" version="1" changeset="144393169" timestamp="2023-11-24T05:50:17Z" user="morago" uid="11113946" lat="36.1501678" lon="128.3961829"/>
 <node id="11372680034" visible="true" version="1" changeset="144393169" timestamp="2023-11-24T05:50:17Z" user="morago" uid="11113946" lat="36.1503401" lon="128.3944095"/>
 <node id="11372680105" visible="true" version="1" changeset="144393169" timestamp="2023-11-24T05:50:17Z" user="morago" uid="11113946" lat="36.1483512" lon="128.3969317"/>
 <node id="11372680115" visible="true" version="1" changeset="144393169" timestamp="2023-11-24T05:50:17Z" user="morago" uid="11113946" lat="36.1478920" lon="128.3974775"/>
 <node id="11372680124" visible="true" version="1" changeset="144393169" timestamp="2023-11-24T05:50:17Z" user="morago" uid="11113946" lat="36.1485694" lon="128.3962747"/>
 <node id="11372680134" visible="true" version="1" changeset="144393169" timestamp="2023-11-24T05:50:17Z" user="morago" uid="11113946" lat="36.1494624" lon="128.3964271"/>
 <node id="11372680144" visible="true" version="1" changeset="144393169" timestamp="2023-11-24T05:50:17Z" user="morago" uid="11113946" lat="36.1491825" lon="128.3963204"/>
 <node id="11372680155" visible="true" version="1" changeset="144393169" timestamp="2023-11-24T05:50:17Z" user="morago" uid="11113946" lat="36.1498956" lon="128.3962839"/>
 <node id="11938921888" visible="true" version="1" changeset="151926682" timestamp="2024-05-28T06:08:48Z" user="Bnew13" uid="21350967" lat="36.1461577" lon="128.4078061"/>
 <node id="11938921889" visible="true" version="1" changeset="151926682" timestamp="2024-05-28T06:08:48Z" user="Bnew13" uid="21350967" lat="36.1444596" lon="128.4089863"/>
 <node id="11938921890" visible="true" version="1" changeset="151926682" timestamp="2024-05-28T06:08:48Z" user="Bnew13" uid="21350967" lat="36.1459757" lon="128.4010148"/>
 <node id="11938921891" visible="true" version="1" changeset="151926682" timestamp="2024-05-28T06:08:48Z" user="Bnew13" uid="21350967" lat="36.1471410" lon="128.4022486"/>
 <node id="11938921892" visible="true" version="1" changeset="151926682" timestamp="2024-05-28T06:08:48Z" user="Bnew13" uid="21350967" lat="36.1472449" lon="128.4018302"/>
 <node id="12296786286" visible="true" version="2" changeset="161611496" timestamp="2025-01-21T18:33:32Z" user="Lavignein" uid="5188781" lat="36.1476195" lon="128.4002112"/>
 <node id="12521109760" visible="true" version="1" changeset="161611496" timestamp="2025-01-21T18:33:32Z" user="Lavignein" uid="5188781" lat="36.1477326" lon="128.3999646"/>
 <node id="12521109768" visible="true" version="1" changeset="161611496" timestamp="2025-01-21T18:33:32Z" user="Lavignein" uid="5188781" lat="36.1443849" lon="128.3856452"/>
 <node id="12521109769" visible="true" version="1" changeset="161611496" timestamp="2025-01-21T18:33:32Z" user="Lavignein" uid="5188781" lat="36.1444770" lon="128.3852324"/>
 <node id="12521109770" visible="true" version="1" changeset="161611496" timestamp="2025-01-21T18:33:32Z" user="Lavignein" uid="5188781" lat="36.1445168" lon="128.3849551"/>
 <node id="12521109771" visible="true" version="1" changeset="161611496" timestamp="2025-01-21T18:33:32Z" user="Lavignein" uid="5188781" lat="36.1445640" lon="128.3847209"/>
 <node id="12521109772" visible="true" version="1" changeset="161611496" timestamp="2025-01-21T18:33:32Z" user="Lavignein" uid="5188781" lat="36.1445914" lon="128.3844713"/>
 <node id="12521109773" visible="true" version="1" changeset="161611496" timestamp="2025-01-21T18:33:32Z" user="Lavignein" uid="5188781" lat="36.1447979" lon="128.3841725"/>
 <node id="12521109774" visible="true" version="1" changeset="161611496" timestamp="2025-01-21T18:33:32Z" user="Lavignein" uid="5188781" lat="36.1449696" lon="128.3838613"/>
 <node id="12521109775" visible="true" version="1" changeset="161611496" timestamp="2025-01-21T18:33:32Z" user="Lavignein" uid="5188781" lat="36.1449771" lon="128.3837134"/>
 <node id="12521109776" visible="true" version="1" changeset="161611496" timestamp="2025-01-21T18:33:32Z" user="Lavignein" uid="5188781" lat="36.1449348" lon="128.3834423"/>
 <node id="12521109777" visible="true" version="1" changeset="161611496" timestamp="2025-01-21T18:33:32Z" user="Lavignein" uid="5188781" lat="36.1449746" lon="128.3833283"/>
 <node id="12521109778" visible="true" version="1" changeset="161611496" timestamp="2025-01-21T18:33:32Z" user="Lavignein" uid="5188781" lat="36.1450865" lon="128.3832019"/>
 <node id="12521109779" visible="true" version="1" changeset="161611496" timestamp="2025-01-21T18:33:32Z" user="Lavignein" uid="5188781" lat="36.1451686" lon="128.3830140"/>
 <node id="12521109780" visible="true" version="1" changeset="161611496" timestamp="2025-01-21T18:33:32Z" user="Lavignein" uid="5188781" lat="36.1453154" lon="128.3828630"/>
 <node id="12521109781" visible="true" version="1" changeset="161611496" timestamp="2025-01-21T18:33:32Z" user="Lavignein" uid="5188781" lat="36.1454324" lon="128.3827768"/>
 <node id="12521109782" visible="true" version="1" changeset="161611496" timestamp="2025-01-21T18:33:32Z" user="Lavignein" uid="5188781" lat="36.1455841" lon="128.3827490"/>
 <node id="12521109783" visible="true" version="1" changeset="161611496" timestamp="2025-01-21T18:33:32Z" user="Lavignein" uid="5188781" lat="36.1457185" lon="128.3828969"/>
 <node id="12521109784" visible="true" version="1" changeset="161611496" timestamp="2025-01-21T18:33:32Z" user="Lavignein" uid="5188781" lat="36.1458105" lon="128.3830356"/>
 <node id="12521109785" visible="true" version="1" changeset="161611496" timestamp="2025-01-21T18:33:32Z" user="Lavignein" uid="5188781" lat="36.1458603" lon="128.3834176"/>
 <node id="12521109786" visible="true" version="1" changeset="161611496" timestamp="2025-01-21T18:33:32Z" user="Lavignein" uid="5188781" lat="36.1458454" lon="128.3836641"/>
 <node id="12521109787" visible="true" version="1" changeset="161611496" timestamp="2025-01-21T18:33:32Z" user="Lavignein" uid="5188781" lat="36.1458727" lon="128.3839013"/>
 <node id="12521109788" visible="true" version="1" changeset="161611496" timestamp="2025-01-21T18:33:32Z" user="Lavignein" uid="5188781" lat="36.1457782" lon="128.3841971"/>
 <node id="12521109789" visible="true" version="1" changeset="161611496" timestamp="2025-01-21T18:33:32Z" user="Lavignein" uid="5188781" lat="36.1456438" lon="128.3845638"/>
 <node id="12521109790" visible="true" version="1" changeset="161611496" timestamp="2025-01-21T18:33:32Z" user="Lavignein" uid="5188781" lat="36.1456563" lon="128.3848411"/>
 <node id="12521109791" visible="true" version="1" changeset="161611496" timestamp="2025-01-21T18:33:32Z" user="Lavignein" uid="5188781" lat="36.1457459" lon="128.3852046"/>
 <node id="12521109792" visible="true" version="1" changeset="161611496" timestamp="2025-01-21T18:33:32Z" user="Lavignein" uid="5188781" lat="36.1458081" lon="128.3853987"/>
 <node id="12521109793" visible="true" version="1" changeset="161611496" timestamp="2025-01-21T18:33:32Z" user="Lavignein" uid="5188781" lat="36.1457956" lon="128.3856298"/>
 <node id="12521109794" visible="true" version="1" changeset="161611496" timestamp="2025-01-21T18:33:32Z" user="Lavignein" uid="5188781" lat="36.1458429" lon="128.3858424"/>
 <node id="12521109795" visible="true" version="1" changeset="161611496" timestamp="2025-01-21T18:33:32Z" user="Lavignein" uid="5188781" lat="36.1458727" lon="128.3861382"/>
 <node id="12521109796" visible="true" version="1" changeset="161611496" timestamp="2025-01-21T18:33:32Z" user="Lavignein" uid="5188781" lat="36.1460096" lon="128.3864679"/>
 <node id="12521109797" visible="true" version="1" changeset="161611496" timestamp="2025-01-21T18:33:32Z" user="Lavignein" uid="5188781" lat="36.1461613" lon="128.3866866"/>
 <node id="12521111102" visible="true" version="1" changeset="161611496" timestamp="2025-01-21T18:33:32Z" user="Lavignein" uid="5188781" lat="36.1467361" lon="128.3846901"/>
 <node id="12521111103" visible="true" version="1" changeset="161611496" timestamp="2025-01-21T18:33:32Z" user="Lavignein" uid="5188781" lat="36.1468107" lon="128.3847055"/>
 <node id="12521111104" visible="true" version="1" changeset="161611496" timestamp="2025-01-21T18:33:32Z" user="Lavignein" uid="5188781" lat="36.1468598" lon="128.3846489"/>
 <node id="12521111105" visible="true" version="1" changeset="161611496" timestamp="2025-01-21T18:33:32Z" user="Lavignein" uid="5188781" lat="36.1469173" lon="128.3845025"/>
 <node id="12521111106" visible="true" version="1" changeset="161611496" timestamp="2025-01-21T18:33:32Z" user="Lavignein" uid="5188781" lat="36.1469780" lon="128.3844273"/>
 <node id="12521111107" visible="true" version="1" changeset="161611496" timestamp="2025-01-21T18:33:32Z" user="Lavignein" uid="5188781" lat="36.1469928" lon="128.3843094"/>
 <node id="12521111108" visible="true" version="1" changeset="161611496" timestamp="2025-01-21T18:33:32Z" user="Lavignein" uid="5188781" lat="36.1470355" lon="128.3842342"/>
 <node id="12521111109" visible="true" version="1" changeset="161611496" timestamp="2025-01-21T18:33:32Z" user="Lavignein" uid="5188781" lat="36.1470667" lon="128.3841061"/>
 <node id="12521111110" visible="true" version="1" changeset="161611496" timestamp="2025-01-21T18:33:32Z" user="Lavignein" uid="5188781" lat="36.1471914" lon="128.3840492"/>
 <node id="12521111111" visible="true" version="1" changeset="161611496" timestamp="2025-01-21T18:33:32Z" user="Lavignein" uid="5188781" lat="36.1472882" lon="128.3840268"/>
 <node id="12521111112" visible="true" version="1" changeset="161611496" timestamp="2025-01-21T18:33:32Z" user="Lavignein" uid="5188781" lat="36.1473194" lon="128.3840533"/>
 <node id="12521111113" visible="true" version="1" changeset="161611496" timestamp="2025-01-21T18:33:32Z" user="Lavignein" uid="5188781" lat="36.1473933" lon="128.3841976"/>
 <node id="12521111114" visible="true" version="1" changeset="161611496" timestamp="2025-01-21T18:33:32Z" user="Lavignein" uid="5188781" lat="36.1474212" lon="128.3843521"/>
 <node id="12521111115" visible="true" version="1" changeset="161611496" timestamp="2025-01-21T18:33:32Z" user="Lavignein" uid="5188781" lat="36.1474639" lon="128.3844883"/>
 <node id="12521111116" visible="true" version="1" changeset="161611496" timestamp="2025-01-21T18:33:32Z" user="Lavignein" uid="5188781" lat="36.1475673" lon="128.3846367"/>
 <node id="12521111117" visible="true" version="1" changeset="161611496" timestamp="2025-01-21T18:33:32Z" user="Lavignein" uid="5188781" lat="36.1476215" lon="128.3848094"/>
 <node id="12521111118" visible="true" version="1" changeset="161611496" timestamp="2025-01-21T18:33:32Z" user="Lavignein" uid="5188781" lat="36.1476986" lon="128.3849700"/>
 <node id="12521111119" visible="true" version="1" changeset="161611496" timestamp="2025-01-21T18:33:32Z" user="Lavignein" uid="5188781" lat="36.1477101" lon="128.3851835"/>
 <node id="12521111120" visible="true" version="1" changeset="161611496" timestamp="2025-01-21T18:33:32Z" user="Lavignein" uid="5188781" lat="36.1477987" lon="128.3853014"/>
 <node id="12521111121" visible="true" version="1" changeset="161611496" timestamp="2025-01-21T18:33:32Z" user="Lavignein" uid="5188781" lat="36.1479021" lon="128.3855148"/>
 <node id="12521111122" visible="true" version="1" changeset="161611496" timestamp="2025-01-21T18:33:32Z" user="Lavignein" uid="5188781" lat="36.1479333" lon="128.3856469"/>
 <node id="12521111123" visible="true" version="1" changeset="161611496" timestamp="2025-01-21T18:33:32Z" user="Lavignein" uid="5188781" lat="36.1479465" lon="128.3858156"/>
 <node id="12521111124" visible="true" version="1" changeset="161611496" timestamp="2025-01-21T18:33:32Z" user="Lavignein" uid="5188781" lat="36.1479957" lon="128.3859783"/>
 <node id="12521111125" visible="true" version="1" changeset="161611496" timestamp="2025-01-21T18:33:32Z" user="Lavignein" uid="5188781" lat="36.1480712" lon="128.3861328"/>
 <node id="12521111126" visible="true" version="1" changeset="161611496" timestamp="2025-01-21T18:33:32Z" user="Lavignein" uid="5188781" lat="36.1481369" lon="128.3863523"/>
 <node id="12521111127" visible="true" version="1" changeset="161611496" timestamp="2025-01-21T18:33:32Z" user="Lavignein" uid="5188781" lat="36.1480827" lon="128.3866003"/>
 <node id="12521111128" visible="true" version="1" changeset="161611496" timestamp="2025-01-21T18:33:32Z" user="Lavignein" uid="5188781" lat="36.1480646" lon="128.3867873"/>
 <node id="12521111129" visible="true" version="1" changeset="161611496" timestamp="2025-01-21T18:33:32Z" user="Lavignein" uid="5188781" lat="36.1481598" lon="128.3870333"/>
 <node id="12521111130" visible="true" version="1" changeset="161611496" timestamp="2025-01-21T18:33:32Z" user="Lavignein" uid="5188781" lat="36.1483338" lon="128.3873280"/>
 <node id="12521111131" visible="true" version="1" changeset="161611496" timestamp="2025-01-21T18:33:32Z" user="Lavignein" uid="5188781" lat="36.1484684" lon="128.3874723"/>
 <node id="12521111132" visible="true" version="1" changeset="161611496" timestamp="2025-01-21T18:33:32Z" user="Lavignein" uid="5188781" lat="36.1486096" lon="128.3877467"/>
 <node id="12521111133" visible="true" version="1" changeset="161611496" timestamp="2025-01-21T18:33:32Z" user="Lavignein" uid="5188781" lat="36.1487278" lon="128.3880171"/>
 <node id="12521111134" visible="true" version="1" changeset="161611496" timestamp="2025-01-21T18:33:32Z" user="Lavignein" uid="5188781" lat="36.1487819" lon="128.3883078"/>
 <node id="12521111135" visible="true" version="1" changeset="161611496" timestamp="2025-01-21T18:33:32Z" user="Lavignein" uid="5188781" lat="36.1487770" lon="128.3886086"/>
 <node id="12521111136" visible="true" version="1" changeset="161611496" timestamp="2025-01-21T18:33:32Z" user="Lavignein" uid="5188781" lat="36.1488131" lon="128.3888607"/>
 <node id="12521111137" visible="true" version="1" changeset="161611496" timestamp="2025-01-21T18:33:32Z" user="Lavignein" uid="5188781" lat="36.1488328" lon="128.3890701"/>
 <node id="12521111138" visible="true" version="1" changeset="161611496" timestamp="2025-01-21T18:33:32Z" user="Lavignein" uid="5188781" lat="36.1487902" lon="128.3891819"/>
 <node id="12521111139" visible="true" version="1" changeset="161611496" timestamp="2025-01-21T18:33:32Z" user="Lavignein" uid="5188781" lat="36.1486145" lon="128.3892774"/>
 <node id="12521111140" visible="true" version="1" changeset="161611496" timestamp="2025-01-21T18:33:32Z" user="Lavignein" uid="5188781" lat="36.1484520" lon="128.3893160"/>
 <node id="12521111141" visible="true" version="1" changeset="161611496" timestamp="2025-01-21T18:33:32Z" user="Lavignein" uid="5188781" lat="36.1483289" lon="128.3893221"/>
 <node id="12521111142" visible="true" version="1" changeset="161611496" timestamp="2025-01-21T18:33:32Z" user="Lavignein" uid="5188781" lat="36.1482074" lon="128.3892957"/>
 <node id="12521111143" visible="true" version="1" changeset="161611496" timestamp="2025-01-21T18:33:32Z" user="Lavignein" uid="5188781" lat="36.1481057" lon="128.3891697"/>
 <node id="12521111144" visible="true" version="1" changeset="161611496" timestamp="2025-01-21T18:33:32Z" user="Lavignein" uid="5188781" lat="36.1479694" lon="128.3890518"/>
 <node id="12521111145" visible="true" version="1" changeset="161611496" timestamp="2025-01-21T18:33:32Z" user="Lavignein" uid="5188781" lat="36.1479153" lon="128.3889644"/>
 <node id="12521111146" visible="true" version="1" changeset="161611496" timestamp="2025-01-21T18:33:32Z" user="Lavignein" uid="5188781" lat="36.1478611" lon="128.3889522"/>
 <node id="12521111147" visible="true" version="1" changeset="161611496" timestamp="2025-01-21T18:33:32Z" user="Lavignein" uid="5188781" lat="36.1478414" lon="128.3890030"/>
 <node id="12521111148" visible="true" version="1" changeset="161611496" timestamp="2025-01-21T18:33:32Z" user="Lavignein" uid="5188781" lat="36.1478874" lon="128.3892144"/>
 <node id="12521111149" visible="true" version="1" changeset="161611496" timestamp="2025-01-21T18:33:32Z" user="Lavignein" uid="5188781" lat="36.1479120" lon="128.3895030"/>
 <node id="12521111150" visible="true" version="1" changeset="161611496" timestamp="2025-01-21T18:33:32Z" user="Lavignein" uid="5188781" lat="36.1479497" lon="128.3897226"/>
 <node id="12521111151" visible="true" version="1" changeset="161611496" timestamp="2025-01-21T18:33:32Z" user="Lavignein" uid="5188781" lat="36.1479875" lon="128.3898974"/>
 <node id="12521111152" visible="true" version="1" changeset="161611496" timestamp="2025-01-21T18:33:32Z" user="Lavignein" uid="5188781" lat="36.1479990" lon="128.3900376"/>
 <node id="12521111153" visible="true" version="1" changeset="161611496" timestamp="2025-01-21T18:33:32Z" user="Lavignein" uid="5188781" lat="36.1480761" lon="128.3901840"/>
 <node id="12521111154" visible="true" version="1" changeset="161611496" timestamp="2025-01-21T18:33:32Z" user="Lavignein" uid="5188781" lat="36.1481631" lon="128.3903344"/>
 <node id="12521111155" visible="true" version="1" changeset="161611496" timestamp="2025-01-21T18:33:32Z" user="Lavignein" uid="5188781" lat="36.1481992" lon="128.3904645"/>
 <node id="12521111156" visible="true" version="1" changeset="161611496" timestamp="2025-01-21T18:33:32Z" user="Lavignein" uid="5188781" lat="36.1482025" lon="128.3906332"/>
 <node id="12521111157" visible="true" version="1" changeset="161611496" timestamp="2025-01-21T18:33:32Z" user="Lavignein" uid="5188781" lat="36.1482994" lon="128.3908101"/>
 <node id="12521111158" visible="true" version="1" changeset="161611496" timestamp="2025-01-21T18:33:32Z" user="Lavignein" uid="5188781" lat="36.1484159" lon="128.3909686"/>
 <node id="12521111159" visible="true" version="1" changeset="161611496" timestamp="2025-01-21T18:33:32Z" user="Lavignein" uid="5188781" lat="36.1483995" lon="128.3910194"/>
 <node id="12521111160" visible="true" version="1" changeset="161611496" timestamp="2025-01-21T18:33:32Z" user="Lavignein" uid="5188781" lat="36.1483585" lon="128.3910052"/>
 <node id="12521111161" visible="true" version="1" changeset="161611496" timestamp="2025-01-21T18:33:32Z" user="Lavignein" uid="5188781" lat="36.1483207" lon="128.3909686"/>
 <node id="12521111162" visible="true" version="1" changeset="161611496" timestamp="2025-01-21T18:33:32Z" user="Lavignein" uid="5188781" lat="36.1482682" lon="128.3909910"/>
 <node id="12521111163" visible="true" version="1" changeset="161611496" timestamp="2025-01-21T18:33:32Z" user="Lavignein" uid="5188781" lat="36.1482058" lon="128.3910296"/>
 <node id="12521111164" visible="true" version="1" changeset="161611496" timestamp="2025-01-21T18:33:32Z" user="Lavignein" uid="5188781" lat="36.1481146" lon="128.3909864"/>
 <node id="12521111165" visible="true" version="1" changeset="161611496" timestamp="2025-01-21T18:33:32Z" user="Lavignein" uid="5188781" lat="36.1478393" lon="128.3913644"/>
 <node id="12521111166" visible="true" version="1" changeset="161611496" timestamp="2025-01-21T18:33:32Z" user="Lavignein" uid="5188781" lat="36.1479189" lon="128.3912674"/>
 <node id="12521111167" visible="true" version="1" changeset="161611496" timestamp="2025-01-21T18:33:32Z" user="Lavignein" uid="5188781" lat="36.1480383" lon="128.3911580"/>
 <node id="12521111168" visible="true" version="1" changeset="161611496" timestamp="2025-01-21T18:33:32Z" user="Lavignein" uid="5188781" lat="36.1480794" lon="128.3911072"/>
 <node id="12521111169" visible="true" version="1" changeset="161611496" timestamp="2025-01-21T18:33:32Z" user="Lavignein" uid="5188781" lat="36.1425305" lon="128.3915769"/>
 <node id="12521111170" visible="true" version="1" changeset="161611496" timestamp="2025-01-21T18:33:32Z" user="Lavignein" uid="5188781" lat="36.1424100" lon="128.3916415"/>
 <node id="12521111171" visible="true" version="1" changeset="161611496" timestamp="2025-01-21T18:33:32Z" user="Lavignein" uid="5188781" lat="36.1424425" lon="128.3917345"/>
 <node id="12521111172" visible="true" version="1" changeset="161611496" timestamp="2025-01-21T18:33:32Z" user="Lavignein" uid="5188781" lat="36.1424846" lon="128.3917119"/>
 <node id="12521111173" visible="true" version="1" changeset="161611496" timestamp="2025-01-21T18:33:32Z" user="Lavignein" uid="5188781" lat="36.1425253" lon="128.3918280"/>
 <node id="12521111174" visible="true" version="1" changeset="161611496" timestamp="2025-01-21T18:33:32Z" user="Lavignein" uid="5188781" lat="36.1424636" lon="128.3918611"/>
 <node id="12521111175" visible="true" version="1" changeset="161611496" timestamp="2025-01-21T18:33:32Z" user="Lavignein" uid="5188781" lat="36.1424934" lon="128.3919463"/>
 <node id="12521111176" visible="true" version="1" changeset="161611496" timestamp="2025-01-21T18:33:32Z" user="Lavignein" uid="5188781" lat="36.1425484" lon="128.3919168"/>
 <node id="12521111177" visible="true" version="1" changeset="161611496" timestamp="2025-01-21T18:33:32Z" user="Lavignein" uid="5188781" lat="36.1426013" lon="128.3920678"/>
 <node id="12521111178" visible="true" version="1" changeset="161611496" timestamp="2025-01-21T18:33:32Z" user="Lavignein" uid="5188781" lat="36.1424313" lon="128.3921591"/>
 <node id="12521111179" visible="true" version="1" changeset="161611496" timestamp="2025-01-21T18:33:32Z" user="Lavignein" uid="5188781" lat="36.1424840" lon="128.3923096"/>
 <node id="12521111180" visible="true" version="1" changeset="161611496" timestamp="2025-01-21T18:33:32Z" user="Lavignein" uid="5188781" lat="36.1427678" lon="128.3921572"/>
 <node id="12521111181" visible="true" version="1" changeset="161611496" timestamp="2025-01-21T18:33:32Z" user="Lavignein" uid="5188781" lat="36.1425690" lon="128.3915899"/>
 <node id="12521111182" visible="true" version="1" changeset="161611496" timestamp="2025-01-21T18:33:32Z" user="Lavignein" uid="5188781" lat="36.1425404" lon="128.3916053"/>
 <node id="12521111183" visible="true" version="1" changeset="161611496" timestamp="2025-01-21T18:33:32Z" user="Lavignein" uid="5188781" lat="36.1423099" lon="128.3925937"/>
 <node id="12521111184" visible="true" version="1" changeset="161611496" timestamp="2025-01-21T18:33:32Z" user="Lavignein" uid="5188781" lat="36.1437063" lon="128.3924921"/>
 <node id="12521111185" visible="true" version="1" changeset="161611496" timestamp="2025-01-21T18:33:32Z" user="Lavignein" uid="5188781" lat="36.1465754" lon="128.3909990"/>
 <node id="12521111186" visible="true" version="1" changeset="161611496" timestamp="2025-01-21T18:33:32Z" user="Lavignein" uid="5188781" lat="36.1465352" lon="128.3910036"/>
 <node id="12521111187" visible="true" version="1" changeset="161611496" timestamp="2025-01-21T18:33:32Z" user="Lavignein" uid="5188781" lat="36.1464895" lon="128.3909806"/>
 <node id="12521111188" visible="true" version="1" changeset="161611496" timestamp="2025-01-21T18:33:32Z" user="Lavignein" uid="5188781" lat="36.1464681" lon="128.3908727"/>
 <node id="12521111189" visible="true" version="1" changeset="161611496" timestamp="2025-01-21T18:33:32Z" user="Lavignein" uid="5188781" lat="36.1464295" lon="128.3907523"/>
 <node id="12521111190" visible="true" version="1" changeset="161611496" timestamp="2025-01-21T18:33:32Z" user="Lavignein" uid="5188781" lat="36.1464166" lon="128.3906815"/>
 <node id="12521111191" visible="true" version="1" changeset="161611496" timestamp="2025-01-21T18:33:32Z" user="Lavignein" uid="5188781" lat="36.1464209" lon="128.3906284"/>
 <node id="12521111192" visible="true" version="1" changeset="161611496" timestamp="2025-01-21T18:33:32Z" user="Lavignein" uid="5188781" lat="36.1463809" lon="128.3905081"/>
 <node id="12521111193" visible="true" version="1" changeset="161611496" timestamp="2025-01-21T18:33:32Z" user="Lavignein" uid="5188781" lat="36.1463509" lon="128.3904940"/>
 <node id="12521111194" visible="true" version="1" changeset="161611496" timestamp="2025-01-21T18:33:32Z" user="Lavignein" uid="5188781" lat="36.1463337" lon="128.3905170"/>
 <node id="12521111195" visible="true" version="1" changeset="161611496" timestamp="2025-01-21T18:33:32Z" user="Lavignein" uid="5188781" lat="36.1463137" lon="128.3905683"/>
 <node id="12521111196" visible="true" version="1" changeset="161611496" timestamp="2025-01-21T18:33:32Z" user="Lavignein" uid="5188781" lat="36.1462780" lon="128.3905860"/>
 <node id="12521111197" visible="true" version="1" changeset="161611496" timestamp="2025-01-21T18:33:32Z" user="Lavignein" uid="5188781" lat="36.1462566" lon="128.3905771"/>
 <node id="12521111198" visible="true" version="1" changeset="161611496" timestamp="2025-01-21T18:33:32Z" user="Lavignein" uid="5188781" lat="36.1461437" lon="128.3905771"/>
 <node id="12521111199" visible="true" version="1" changeset="161611496" timestamp="2025-01-21T18:33:32Z" user="Lavignein" uid="5188781" lat="36.1461008" lon="128.3905594"/>
 <node id="12521111200" visible="true" version="1" changeset="161611496" timestamp="2025-01-21T18:33:32Z" user="Lavignein" uid="5188781" lat="36.1460565" lon="128.3905594"/>
 <node id="12521111201" visible="true" version="1" changeset="161611496" timestamp="2025-01-21T18:33:32Z" user="Lavignein" uid="5188781" lat="36.1460094" lon="128.3905347"/>
 <node id="12521111202" visible="true" version="1" changeset="161611496" timestamp="2025-01-21T18:33:32Z" user="Lavignein" uid="5188781" lat="36.1459979" lon="128.3904780"/>
 <node id="12521111203" visible="true" version="1" changeset="161611496" timestamp="2025-01-21T18:33:32Z" user="Lavignein" uid="5188781" lat="36.1459994" lon="128.3903807"/>
 <node id="12521111204" visible="true" version="1" changeset="161611496" timestamp="2025-01-21T18:33:32Z" user="Lavignein" uid="5188781" lat="36.1459794" lon="128.3902781"/>
 <node id="12521111205" visible="true" version="1" changeset="161611496" timestamp="2025-01-21T18:33:32Z" user="Lavignein" uid="5188781" lat="36.1459379" lon="128.3902515"/>
 <node id="12521111206" visible="true" version="1" changeset="161611496" timestamp="2025-01-21T18:33:32Z" user="Lavignein" uid="5188781" lat="36.1458779" lon="128.3902639"/>
 <node id="12521111207" visible="true" version="1" changeset="161611496" timestamp="2025-01-21T18:33:32Z" user="Lavignein" uid="5188781" lat="36.1458207" lon="128.3902887"/>
 <node id="12521111208" visible="true" version="1" changeset="161611496" timestamp="2025-01-21T18:33:32Z" user="Lavignein" uid="5188781" lat="36.1457279" lon="128.3902922"/>
 <node id="12521111209" visible="true" version="1" changeset="161611496" timestamp="2025-01-21T18:33:32Z" user="Lavignein" uid="5188781" lat="36.1455307" lon="128.3902144"/>
 <node id="12521111210" visible="true" version="1" changeset="161611496" timestamp="2025-01-21T18:33:32Z" user="Lavignein" uid="5188781" lat="36.1453277" lon="128.3901471"/>
 <node id="12521111211" visible="true" version="1" changeset="161611496" timestamp="2025-01-21T18:33:32Z" user="Lavignein" uid="5188781" lat="36.1451791" lon="128.3901117"/>
 <node id="12521111212" visible="true" version="1" changeset="161611496" timestamp="2025-01-21T18:33:32Z" user="Lavignein" uid="5188781" lat="36.1450720" lon="128.3900675"/>
 <node id="12521111213" visible="true" version="1" changeset="161611496" timestamp="2025-01-21T18:33:32Z" user="Lavignein" uid="5188781" lat="36.1450091" lon="128.3900799"/>
 <node id="12521111214" visible="true" version="1" changeset="161611496" timestamp="2025-01-21T18:33:32Z" user="Lavignein" uid="5188781" lat="36.1449633" lon="128.3901400"/>
 <node id="12521111215" visible="true" version="1" changeset="161611496" timestamp="2025-01-21T18:33:32Z" user="Lavignein" uid="5188781" lat="36.1449105" lon="128.3902551"/>
 <node id="12521111216" visible="true" version="1" changeset="161611496" timestamp="2025-01-21T18:33:32Z" user="Lavignein" uid="5188781" lat="36.1448607" lon="128.3904524"/>
 <node id="12521111217" visible="true" version="1" changeset="161611496" timestamp="2025-01-21T18:33:32Z" user="Lavignein" uid="5188781" lat="36.1447928" lon="128.3905855"/>
 <node id="12521111218" visible="true" version="1" changeset="161611496" timestamp="2025-01-21T18:33:32Z" user="Lavignein" uid="5188781" lat="36.1446834" lon="128.3906882"/>
 <node id="12521111219" visible="true" version="1" changeset="161611496" timestamp="2025-01-21T18:33:32Z" user="Lavignein" uid="5188781" lat="36.1446080" lon="128.3907022"/>
 <node id="12521111220" visible="true" version="1" changeset="161611496" timestamp="2025-01-21T18:33:32Z" user="Lavignein" uid="5188781" lat="36.1444892" lon="128.3906485"/>
 <node id="12521111221" visible="true" version="1" changeset="161611496" timestamp="2025-01-21T18:33:32Z" user="Lavignein" uid="5188781" lat="36.1444081" lon="128.3905528"/>
 <node id="12521111222" visible="true" version="1" changeset="161611496" timestamp="2025-01-21T18:33:32Z" user="Lavignein" uid="5188781" lat="36.1443063" lon="128.3904617"/>
 <node id="12521111223" visible="true" version="1" changeset="161611496" timestamp="2025-01-21T18:33:32Z" user="Lavignein" uid="5188781" lat="36.1442120" lon="128.3904524"/>
 <node id="12521111224" visible="true" version="1" changeset="161611496" timestamp="2025-01-21T18:33:32Z" user="Lavignein" uid="5188781" lat="36.1440989" lon="128.3904804"/>
 <node id="12521111225" visible="true" version="1" changeset="161611496" timestamp="2025-01-21T18:33:32Z" user="Lavignein" uid="5188781" lat="36.1439631" lon="128.3904874"/>
 <node id="12521111226" visible="true" version="1" changeset="161611496" timestamp="2025-01-21T18:33:32Z" user="Lavignein" uid="5188781" lat="36.1438010" lon="128.3904944"/>
 <node id="12521111227" visible="true" version="1" changeset="161611496" timestamp="2025-01-21T18:33:32Z" user="Lavignein" uid="5188781" lat="36.1436237" lon="128.3904804"/>
 <node id="12521111228" visible="true" version="1" changeset="161611496" timestamp="2025-01-21T18:33:32Z" user="Lavignein" uid="5188781" lat="36.1434823" lon="128.3905131"/>
 <node id="12521111229" visible="true" version="1" changeset="161611496" timestamp="2025-01-21T18:33:32Z" user="Lavignein" uid="5188781" lat="36.1433861" lon="128.3906532"/>
 <node id="12521111230" visible="true" version="1" changeset="161611496" timestamp="2025-01-21T18:33:32Z" user="Lavignein" uid="5188781" lat="36.1432749" lon="128.3908493"/>
 <node id="12521111231" visible="true" version="1" changeset="161611496" timestamp="2025-01-21T18:33:32Z" user="Lavignein" uid="5188781" lat="36.1431372" lon="128.3909941"/>
 <node id="12521111232" visible="true" version="1" changeset="161611496" timestamp="2025-01-21T18:33:32Z" user="Lavignein" uid="5188781" lat="36.1431372" lon="128.3911108"/>
 <node id="12521111233" visible="true" version="1" changeset="161611496" timestamp="2025-01-21T18:33:32Z" user="Lavignein" uid="5188781" lat="36.1432146" lon="128.3912790"/>
 <node id="12521111234" visible="true" version="1" changeset="161611496" timestamp="2025-01-21T18:33:32Z" user="Lavignein" uid="5188781" lat="36.1432428" lon="128.3914377"/>
 <node id="12521111235" visible="true" version="1" changeset="161611496" timestamp="2025-01-21T18:33:32Z" user="Lavignein" uid="5188781" lat="36.1433579" lon="128.3916082"/>
 <node id="12521111236" visible="true" version="1" changeset="161611496" timestamp="2025-01-21T18:33:32Z" user="Lavignein" uid="5188781" lat="36.1434917" lon="128.3917063"/>
 <node id="12521111237" visible="true" version="1" changeset="161611496" timestamp="2025-01-21T18:33:32Z" user="Lavignein" uid="5188781" lat="36.1435427" lon="128.3919257"/>
 <node id="12521111238" visible="true" version="1" changeset="161611496" timestamp="2025-01-21T18:33:32Z" user="Lavignein" uid="5188781" lat="36.1436162" lon="128.3920495"/>
 <node id="12521111239" visible="true" version="1" changeset="161611496" timestamp="2025-01-21T18:33:32Z" user="Lavignein" uid="5188781" lat="36.1436784" lon="128.3920682"/>
 <node id="12521111240" visible="true" version="1" changeset="161611496" timestamp="2025-01-21T18:33:32Z" user="Lavignein" uid="5188781" lat="36.1437538" lon="128.3920028"/>
 <node id="12521111241" visible="true" version="1" changeset="161611496" timestamp="2025-01-21T18:33:32Z" user="Lavignein" uid="5188781" lat="36.1438368" lon="128.3919234"/>
 <node id="12521111242" visible="true" version="1" changeset="161611496" timestamp="2025-01-21T18:33:32Z" user="Lavignein" uid="5188781" lat="36.1439537" lon="128.3919538"/>
 <node id="12521111243" visible="true" version="1" changeset="161611496" timestamp="2025-01-21T18:33:32Z" user="Lavignein" uid="5188781" lat="36.1440989" lon="128.3920262"/>
 <node id="12521111244" visible="true" version="1" changeset="161611496" timestamp="2025-01-21T18:33:32Z" user="Lavignein" uid="5188781" lat="36.1442347" lon="128.3920495"/>
 <node id="12521111245" visible="true" version="1" changeset="161611496" timestamp="2025-01-21T18:33:32Z" user="Lavignein" uid="5188781" lat="36.1442912" lon="128.3921079"/>
 <node id="12521111246" visible="true" version="1" changeset="161611496" timestamp="2025-01-21T18:33:32Z" user="Lavignein" uid="5188781" lat="36.1443874" lon="128.3921102"/>
 <node id="12521111247" visible="true" version="1" changeset="161611496" timestamp="2025-01-21T18:33:32Z" user="Lavignein" uid="5188781" lat="36.1444887" lon="128.3921675"/>
 <node id="12521111248" visible="true" version="1" changeset="161611496" timestamp="2025-01-21T18:33:32Z" user="Lavignein" uid="5188781" lat="36.1412685" lon="128.3955177"/>
 <node id="12521111249" visible="true" version="1" changeset="161611496" timestamp="2025-01-21T18:33:32Z" user="Lavignein" uid="5188781" lat="36.1413445" lon="128.3957242"/>
 <node id="12521111250" visible="true" version="1" changeset="161611496" timestamp="2025-01-21T18:33:32Z" user="Lavignein" uid="5188781" lat="36.1414331" lon="128.3959413"/>
 <node id="12521111251" visible="true" version="1" changeset="161611496" timestamp="2025-01-21T18:33:32Z" user="Lavignein" uid="5188781" lat="36.1413105" lon="128.3961281"/>
 <node id="12521111252" visible="true" version="1" changeset="161611496" timestamp="2025-01-21T18:33:32Z" user="Lavignein" uid="5188781" lat="36.1412200" lon="128.3962495"/>
 <node id="12521111253" visible="true" version="1" changeset="161611496" timestamp="2025-01-21T18:33:32Z" user="Lavignein" uid="5188781" lat="36.1411484" lon="128.3964714"/>
 <node id="12521111254" visible="true" version="1" changeset="161611496" timestamp="2025-01-21T18:33:32Z" user="Lavignein" uid="5188781" lat="36.1410296" lon="128.3966955"/>
 <node id="12521111255" visible="true" version="1" changeset="161611496" timestamp="2025-01-21T18:33:32Z" user="Lavignein" uid="5188781" lat="36.1408730" lon="128.3969244"/>
 <node id="12521111256" visible="true" version="1" changeset="161611496" timestamp="2025-01-21T18:33:32Z" user="Lavignein" uid="5188781" lat="36.1407920" lon="128.3970084"/>
 <node id="12521111257" visible="true" version="1" changeset="161611496" timestamp="2025-01-21T18:33:32Z" user="Lavignein" uid="5188781" lat="36.1406185" lon="128.3970248"/>
 <node id="12521111258" visible="true" version="1" changeset="161611496" timestamp="2025-01-21T18:33:32Z" user="Lavignein" uid="5188781" lat="36.1404563" lon="128.3971812"/>
 <node id="12521111259" visible="true" version="1" changeset="161611496" timestamp="2025-01-21T18:33:32Z" user="Lavignein" uid="5188781" lat="36.1402828" lon="128.3974894"/>
 <node id="12521111260" visible="true" version="1" changeset="161611496" timestamp="2025-01-21T18:33:32Z" user="Lavignein" uid="5188781" lat="36.1401678" lon="128.3976902"/>
 <node id="12521111261" visible="true" version="1" changeset="161611496" timestamp="2025-01-21T18:33:32Z" user="Lavignein" uid="5188781" lat="36.1399736" lon="128.3978654"/>
 <node id="12521111262" visible="true" version="1" changeset="161611496" timestamp="2025-01-21T18:33:32Z" user="Lavignein" uid="5188781" lat="36.1398057" lon="128.3980078"/>
 <node id="12521111263" visible="true" version="1" changeset="161611496" timestamp="2025-01-21T18:33:32Z" user="Lavignein" uid="5188781" lat="36.1397581" lon="128.3981095"/>
 <node id="12521111264" visible="true" version="1" changeset="161611496" timestamp="2025-01-21T18:33:32Z" user="Lavignein" uid="5188781" lat="36.1352433" lon="128.3950054"/>
 <node id="12521111265" visible="true" version="1" changeset="161611496" timestamp="2025-01-21T18:33:32Z" user="Lavignein" uid="5188781" lat="36.1355980" lon="128.3948379"/>
 <node id="12521111266" visible="true" version="1" changeset="161611496" timestamp="2025-01-21T18:33:32Z" user="Lavignein" uid="5188781" lat="36.1358648" lon="128.3947554"/>
 <node id="12521111267" visible="true" version="1" changeset="161611496" timestamp="2025-01-21T18:33:32Z" user="Lavignein" uid="5188781" lat="36.1362732" lon="128.3946468"/>
 <node id="12521111268" visible="true" version="1" changeset="161611496" timestamp="2025-01-21T18:33:32Z" user="Lavignein" uid="5188781" lat="36.1338993" lon="128.3942856"/>
 <node id="12521111269" visible="true" version="1" changeset="161611496" timestamp="2025-01-21T18:33:32Z" user="Lavignein" uid="5188781" lat="36.1342410" lon="128.3938602"/>
 <node id="12521111270" visible="true" version="1" changeset="161611496" timestamp="2025-01-21T18:33:32Z" user="Lavignein" uid="5188781" lat="36.1345103" lon="128.3941231"/>
 <node id="12521111271" visible="true" version="1" changeset="161611496" timestamp="2025-01-21T18:33:32Z" user="Lavignein" uid="5188781" lat="36.1344611" lon="128.3944701"/>
 <node id="12521111272" visible="true" version="1" changeset="161611496" timestamp="2025-01-21T18:33:32Z" user="Lavignein" uid="5188781" lat="36.1344858" lon="128.3946151"/>
 <node id="12521111273" visible="true" version="1" changeset="161611496" timestamp="2025-01-21T18:33:32Z" user="Lavignein" uid="5188781" lat="36.1344324" lon="128.3950332"/>
 <node id="12521111278" visible="true" version="1" changeset="161611496" timestamp="2025-01-21T18:33:32Z" user="Lavignein" uid="5188781" lat="36.1415432" lon="128.3960548"/>
 <node id="12521111279" visible="true" version="1" changeset="161611496" timestamp="2025-01-21T18:33:32Z" user="Lavignein" uid="5188781" lat="36.1414418" lon="128.3961096"/>
 <node id="12521111280" visible="true" version="1" changeset="161611496" timestamp="2025-01-21T18:33:32Z" user="Lavignein" uid="5188781" lat="36.1415562" lon="128.3964345"/>
 <node id="12521111281" visible="true" version="1" changeset="161611496" timestamp="2025-01-21T18:33:32Z" user="Lavignein" uid="5188781" lat="36.1416576" lon="128.3963797"/>
 <node id="12521111282" visible="true" version="1" changeset="161611496" timestamp="2025-01-21T18:33:32Z" user="Lavignein" uid="5188781" lat="36.1415115" lon="128.3961015">
  <tag k="branch" v="금오공대정문점"/>
  <tag k="brand" v="CU"/>
  <tag k="brand:wikidata" v="Q12580836"/>
  <tag k="name" v="CU"/>
  <tag k="shop" v="convenience"/>
 </node>
 <node id="12521111283" visible="true" version="1" changeset="161611496" timestamp="2025-01-21T18:33:32Z" user="Lavignein" uid="5188781" lat="36.1411313" lon="128.3967591"/>
 <node id="12521111284" visible="true" version="1" changeset="161611496" timestamp="2025-01-21T18:33:32Z" user="Lavignein" uid="5188781" lat="36.1410754" lon="128.3967032"/>
 <node id="12521111285" visible="true" version="1" changeset="161611496" timestamp="2025-01-21T18:33:32Z" user="Lavignein" uid="5188781" lat="36.1409900" lon="128.3968343"/>
 <node id="12521111286" visible="true" version="1" changeset="161611496" timestamp="2025-01-21T18:33:32Z" user="Lavignein" uid="5188781" lat="36.1410458" lon="128.3968901"/>
 <node id="12521111287" visible="true" version="1" changeset="161611496" timestamp="2025-01-21T18:33:32Z" user="Lavignein" uid="5188781" lat="36.1410622" lon="128.3967733">
  <tag k="amenity" v="cafe"/>
  <tag k="cuisine" v="coffee_shop"/>
  <tag k="description" v="Stairway To Love"/>
  <tag k="name" v="STL카페 금오공대본점"/>
 </node>
 <node id="12521111320" visible="true" version="1" changeset="161611496" timestamp="2025-01-21T18:33:32Z" user="Lavignein" uid="5188781" lat="36.1409493" lon="128.3955428"/>
 <node id="12521111321" visible="true" version="1" changeset="161611496" timestamp="2025-01-21T18:33:32Z" user="Lavignein" uid="5188781" lat="36.1406435" lon="128.3957852"/>
 <node id="12521111322" visible="true" version="3" changeset="182690878" timestamp="2026-05-15T10:25:41Z" user="pudlepoodle" uid="24130265" lat="36.1404974" lon="128.3958918">
  <tag k="crossing" v="unmarked"/>
  <tag k="crossing:island" v="no"/>
  <tag k="crossing:markings" v="no"/>
  <tag k="highway" v="crossing"/>
  <tag k="tactile_paving" v="no"/>
 </node>
 <node id="12521111323" visible="true" version="1" changeset="161611496" timestamp="2025-01-21T18:33:32Z" user="Lavignein" uid="5188781" lat="36.1402177" lon="128.3961250"/>
 <node id="12521111324" visible="true" version="1" changeset="161611496" timestamp="2025-01-21T18:33:32Z" user="Lavignein" uid="5188781" lat="36.1399747" lon="128.3963196"/>
 <node id="12521111325" visible="true" version="1" changeset="161611496" timestamp="2025-01-21T18:33:32Z" user="Lavignein" uid="5188781" lat="36.1396660" lon="128.3965638"/>
 <node id="12521111326" visible="true" version="1" changeset="161611496" timestamp="2025-01-21T18:33:32Z" user="Lavignein" uid="5188781" lat="36.1394231" lon="128.3967355"/>
 <node id="12521111327" visible="true" version="2" changeset="182690837" timestamp="2026-05-15T10:24:27Z" user="pudlepoodle" uid="24130265" lat="36.1392401" lon="128.3968496">
  <tag k="barrier" v="kerb"/>
  <tag k="kerb" v="raised"/>
 </node>
 <node id="12521111328" visible="true" version="1" changeset="161611496" timestamp="2025-01-21T18:33:32Z" user="Lavignein" uid="5188781" lat="36.1411566" lon="128.3957250"/>
 <node id="12521111329" visible="true" version="1" changeset="161611496" timestamp="2025-01-21T18:33:32Z" user="Lavignein" uid="5188781" lat="36.1409879" lon="128.3959073"/>
 <node id="12521111330" visible="true" version="1" changeset="161611496" timestamp="2025-01-21T18:33:32Z" user="Lavignein" uid="5188781" lat="36.1406664" lon="128.3961763"/>
 <node id="12521111331" visible="true" version="1" changeset="161611496" timestamp="2025-01-21T18:33:32Z" user="Lavignein" uid="5188781" lat="36.1403863" lon="128.3964240"/>
 <node id="12521111332" visible="true" version="1" changeset="161611496" timestamp="2025-01-21T18:33:32Z" user="Lavignein" uid="5188781" lat="36.1399804" lon="128.3967443"/>
 <node id="12521111333" visible="true" version="1" changeset="161611496" timestamp="2025-01-21T18:33:32Z" user="Lavignein" uid="5188781" lat="36.1397646" lon="128.3968947"/>
 <node id="12521111334" visible="true" version="2" changeset="183000897" timestamp="2026-05-22T02:24:54Z" user="Woo Ahn" uid="23263678" lat="36.1393858" lon="128.3971943"/>
 <node id="12521111335" visible="true" version="1" changeset="161611496" timestamp="2025-01-21T18:33:32Z" user="Lavignein" uid="5188781" lat="36.1413003" lon="128.3956042">
  <tag k="crossing" v="uncontrolled"/>
  <tag k="crossing:markings" v="yes"/>
  <tag k="highway" v="crossing"/>
 </node>
 <node id="12521111336" visible="true" version="3" changeset="182690870" timestamp="2026-05-15T10:27:38Z" user="pudlepoodle" uid="24130265" lat="36.1392730" lon="128.3969348">
  <tag k="crossing:signals" v="yes"/>
  <tag k="highway" v="crossing"/>
 </node>
 <node id="12521111343" visible="true" version="1" changeset="161611496" timestamp="2025-01-21T18:33:32Z" user="Lavignein" uid="5188781" lat="36.1422950" lon="128.3950054"/>
 <node id="12521111344" visible="true" version="1" changeset="161611496" timestamp="2025-01-21T18:33:32Z" user="Lavignein" uid="5188781" lat="36.1423836" lon="128.3950143"/>
 <node id="12521111345" visible="true" version="1" changeset="161611496" timestamp="2025-01-21T18:33:32Z" user="Lavignein" uid="5188781" lat="36.1424608" lon="128.3950479"/>
 <node id="12521111346" visible="true" version="1" changeset="161611496" timestamp="2025-01-21T18:33:32Z" user="Lavignein" uid="5188781" lat="36.1425337" lon="128.3951204"/>
 <node id="12521111347" visible="true" version="1" changeset="161611496" timestamp="2025-01-21T18:33:32Z" user="Lavignein" uid="5188781" lat="36.1425708" lon="128.3951948"/>
 <node id="12521111348" visible="true" version="1" changeset="161611496" timestamp="2025-01-21T18:33:32Z" user="Lavignein" uid="5188781" lat="36.1425937" lon="128.3953080"/>
 <node id="12521111349" visible="true" version="1" changeset="161611496" timestamp="2025-01-21T18:33:32Z" user="Lavignein" uid="5188781" lat="36.1425637" lon="128.3954319"/>
 <node id="12521111350" visible="true" version="1" changeset="161611496" timestamp="2025-01-21T18:33:32Z" user="Lavignein" uid="5188781" lat="36.1424951" lon="128.3955717"/>
 <node id="12521111351" visible="true" version="1" changeset="161611496" timestamp="2025-01-21T18:33:32Z" user="Lavignein" uid="5188781" lat="36.1423936" lon="128.3956725"/>
 <node id="12521111352" visible="true" version="1" changeset="161611496" timestamp="2025-01-21T18:33:32Z" user="Lavignein" uid="5188781" lat="36.1423150" lon="128.3957716"/>
 <node id="12521111353" visible="true" version="1" changeset="161611496" timestamp="2025-01-21T18:33:32Z" user="Lavignein" uid="5188781" lat="36.1422293" lon="128.3959132"/>
 <node id="12521111354" visible="true" version="1" changeset="161611496" timestamp="2025-01-21T18:33:32Z" user="Lavignein" uid="5188781" lat="36.1421536" lon="128.3960672"/>
 <node id="12521111355" visible="true" version="1" changeset="161611496" timestamp="2025-01-21T18:33:32Z" user="Lavignein" uid="5188781" lat="36.1420764" lon="128.3961309"/>
 <node id="12521111356" visible="true" version="1" changeset="161611496" timestamp="2025-01-21T18:33:32Z" user="Lavignein" uid="5188781" lat="36.1419292" lon="128.3961291"/>
 <node id="12521111357" visible="true" version="1" changeset="161611496" timestamp="2025-01-21T18:33:32Z" user="Lavignein" uid="5188781" lat="36.1418349" lon="128.3960742"/>
 <node id="12521111358" visible="true" version="1" changeset="161611496" timestamp="2025-01-21T18:33:32Z" user="Lavignein" uid="5188781" lat="36.1417606" lon="128.3960017"/>
 <node id="12521111359" visible="true" version="1" changeset="161611496" timestamp="2025-01-21T18:33:32Z" user="Lavignein" uid="5188781" lat="36.1416677" lon="128.3958035"/>
 <node id="12521111360" visible="true" version="1" changeset="161611496" timestamp="2025-01-21T18:33:32Z" user="Lavignein" uid="5188781" lat="36.1416077" lon="128.3956743"/>
 <node id="12521111361" visible="true" version="1" changeset="161611496" timestamp="2025-01-21T18:33:32Z" user="Lavignein" uid="5188781" lat="36.1416520" lon="128.3955593"/>
 <node id="12521111362" visible="true" version="1" changeset="161611496" timestamp="2025-01-21T18:33:32Z" user="Lavignein" uid="5188781" lat="36.1417206" lon="128.3954673"/>
 <node id="12521111363" visible="true" version="1" changeset="161611496" timestamp="2025-01-21T18:33:32Z" user="Lavignein" uid="5188781" lat="36.1417920" lon="128.3954372"/>
 <node id="12521111364" visible="true" version="1" changeset="161611496" timestamp="2025-01-21T18:33:32Z" user="Lavignein" uid="5188781" lat="36.1418720" lon="128.3954407"/>
 <node id="12521111365" visible="true" version="1" changeset="161611496" timestamp="2025-01-21T18:33:32Z" user="Lavignein" uid="5188781" lat="36.1419421" lon="128.3954708"/>
 <node id="12521111366" visible="true" version="1" changeset="161611496" timestamp="2025-01-21T18:33:32Z" user="Lavignein" uid="5188781" lat="36.1419864" lon="128.3954496"/>
 <node id="12521111367" visible="true" version="1" changeset="161611496" timestamp="2025-01-21T18:33:32Z" user="Lavignein" uid="5188781" lat="36.1420164" lon="128.3953699"/>
 <node id="12521111368" visible="true" version="1" changeset="161611496" timestamp="2025-01-21T18:33:32Z" user="Lavignein" uid="5188781" lat="36.1420250" lon="128.3952744"/>
 <node id="12521111369" visible="true" version="1" changeset="161611496" timestamp="2025-01-21T18:33:32Z" user="Lavignein" uid="5188781" lat="36.1420850" lon="128.3951470"/>
 <node id="12521111370" visible="true" version="1" changeset="161611496" timestamp="2025-01-21T18:33:32Z" user="Lavignein" uid="5188781" lat="36.1421579" lon="128.3950691"/>
 <node id="12521111371" visible="true" version="1" changeset="161611496" timestamp="2025-01-21T18:33:32Z" user="Lavignein" uid="5188781" lat="36.1422222" lon="128.3950266"/>
 <node id="12521111372" visible="true" version="1" changeset="161611496" timestamp="2025-01-21T18:33:32Z" user="Lavignein" uid="5188781" lat="36.1420085" lon="128.3954098"/>
 <node id="12521111373" visible="true" version="1" changeset="161611496" timestamp="2025-01-21T18:33:32Z" user="Lavignein" uid="5188781" lat="36.1414666" lon="128.3958562"/>
 <node id="12521111374" visible="true" version="1" changeset="161611496" timestamp="2025-01-21T18:33:32Z" user="Lavignein" uid="5188781" lat="36.1415305" lon="128.3957730"/>
 <node id="12521111375" visible="true" version="1" changeset="161611496" timestamp="2025-01-21T18:33:32Z" user="Lavignein" uid="5188781" lat="36.1416283" lon="128.3957188"/>
 <node id="12521111376" visible="true" version="1" changeset="161611496" timestamp="2025-01-21T18:33:32Z" user="Lavignein" uid="5188781" lat="36.1430313" lon="128.3943950"/>
 <node id="12521111377" visible="true" version="1" changeset="161611496" timestamp="2025-01-21T18:33:32Z" user="Lavignein" uid="5188781" lat="36.1452477" lon="128.3941416"/>
 <node id="12521111378" visible="true" version="1" changeset="161611496" timestamp="2025-01-21T18:33:32Z" user="Lavignein" uid="5188781" lat="36.1452049" lon="128.3941528"/>
 <node id="12521111379" visible="true" version="1" changeset="161611496" timestamp="2025-01-21T18:33:32Z" user="Lavignein" uid="5188781" lat="36.1447521" lon="128.3933926"/>
 <node id="12521111380" visible="true" version="1" changeset="161611496" timestamp="2025-01-21T18:33:32Z" user="Lavignein" uid="5188781" lat="36.1446824" lon="128.3939202"/>
 <node id="12521111381" visible="true" version="1" changeset="161611496" timestamp="2025-01-21T18:33:32Z" user="Lavignein" uid="5188781" lat="36.1447705" lon="128.3943759"/>
 <node id="12521111382" visible="true" version="1" changeset="161611496" timestamp="2025-01-21T18:33:32Z" user="Lavignein" uid="5188781" lat="36.1446404" lon="128.3932525"/>
 <node id="12521111383" visible="true" version="1" changeset="161611496" timestamp="2025-01-21T18:33:32Z" user="Lavignein" uid="5188781" lat="36.1447913" lon="128.3932790"/>
 <node id="12521111384" visible="true" version="1" changeset="161611496" timestamp="2025-01-21T18:33:32Z" user="Lavignein" uid="5188781" lat="36.1457011" lon="128.3943984"/>
 <node id="12521111385" visible="true" version="1" changeset="161611496" timestamp="2025-01-21T18:33:32Z" user="Lavignein" uid="5188781" lat="36.1453066" lon="128.3932314"/>
 <node id="12521111386" visible="true" version="1" changeset="161611496" timestamp="2025-01-21T18:33:32Z" user="Lavignein" uid="5188781" lat="36.1457708" lon="128.3944551"/>
 <node id="12521111387" visible="true" version="1" changeset="161611496" timestamp="2025-01-21T18:33:32Z" user="Lavignein" uid="5188781" lat="36.1453439" lon="128.3934258"/>
 <node id="12521111388" visible="true" version="1" changeset="161611496" timestamp="2025-01-21T18:33:32Z" user="Lavignein" uid="5188781" lat="36.1455088" lon="128.3943194"/>
 <node id="12521111389" visible="true" version="1" changeset="161611496" timestamp="2025-01-21T18:33:32Z" user="Lavignein" uid="5188781" lat="36.1453896" lon="128.3943532"/>
 <node id="12521111390" visible="true" version="1" changeset="161611496" timestamp="2025-01-21T18:33:32Z" user="Lavignein" uid="5188781" lat="36.1452246" lon="128.3934595"/>
 <node id="12521111391" visible="true" version="1" changeset="161611496" timestamp="2025-01-21T18:33:32Z" user="Lavignein" uid="5188781" lat="36.1451611" lon="128.3934135"/>
 <node id="12521111392" visible="true" version="1" changeset="161611496" timestamp="2025-01-21T18:33:32Z" user="Lavignein" uid="5188781" lat="36.1450458" lon="128.3934128"/>
 <node id="12521111393" visible="true" version="1" changeset="161611496" timestamp="2025-01-21T18:33:32Z" user="Lavignein" uid="5188781" lat="36.1448735" lon="128.3933976"/>
 <node id="12521111394" visible="true" version="1" changeset="161611496" timestamp="2025-01-21T18:33:32Z" user="Lavignein" uid="5188781" lat="36.1447527" lon="128.3934377"/>
 <node id="12521111395" visible="true" version="1" changeset="161611496" timestamp="2025-01-21T18:33:32Z" user="Lavignein" uid="5188781" lat="36.1451467" lon="128.3933626"/>
 <node id="12521111396" visible="true" version="1" changeset="161611496" timestamp="2025-01-21T18:33:32Z" user="Lavignein" uid="5188781" lat="36.1453117" lon="128.3933768"/>
 <node id="12521111397" visible="true" version="1" changeset="161611496" timestamp="2025-01-21T18:33:32Z" user="Lavignein" uid="5188781" lat="36.1454214" lon="128.3934212"/>
 <node id="12521111398" visible="true" version="1" changeset="161611496" timestamp="2025-01-21T18:33:32Z" user="Lavignein" uid="5188781" lat="36.1455588" lon="128.3933890"/>
 <node id="12521111399" visible="true" version="1" changeset="161611496" timestamp="2025-01-21T18:33:32Z" user="Lavignein" uid="5188781" lat="36.1456975" lon="128.3933636"/>
 <node id="12521111400" visible="true" version="1" changeset="161611496" timestamp="2025-01-21T18:33:32Z" user="Lavignein" uid="5188781" lat="36.1458920" lon="128.3933108"/>
 <node id="12521111401" visible="true" version="1" changeset="161611496" timestamp="2025-01-21T18:33:32Z" user="Lavignein" uid="5188781" lat="36.1460083" lon="128.3932701"/>
 <node id="12521111402" visible="true" version="1" changeset="161611496" timestamp="2025-01-21T18:33:32Z" user="Lavignein" uid="5188781" lat="36.1451207" lon="128.3934085"/>
 <node id="12521111403" visible="true" version="1" changeset="161611496" timestamp="2025-01-21T18:33:32Z" user="Lavignein" uid="5188781" lat="36.1451626" lon="128.3935447"/>
 <node id="12521111404" visible="true" version="1" changeset="161611496" timestamp="2025-01-21T18:33:32Z" user="Lavignein" uid="5188781" lat="36.1452816" lon="128.3941637"/>
 <node id="12521111405" visible="true" version="1" changeset="161611496" timestamp="2025-01-21T18:33:32Z" user="Lavignein" uid="5188781" lat="36.1451068" lon="128.3933621"/>
 <node id="12521111406" visible="true" version="1" changeset="161611496" timestamp="2025-01-21T18:33:32Z" user="Lavignein" uid="5188781" lat="36.1451832" lon="128.3939393"/>
 <node id="12521111407" visible="true" version="1" changeset="161611496" timestamp="2025-01-21T18:33:32Z" user="Lavignein" uid="5188781" lat="36.1453214" lon="128.3938836"/>
 <node id="12521111408" visible="true" version="1" changeset="161611496" timestamp="2025-01-21T18:33:32Z" user="Lavignein" uid="5188781" lat="36.1450923" lon="128.3934480"/>
 <node id="12521111409" visible="true" version="1" changeset="161611496" timestamp="2025-01-21T18:33:32Z" user="Lavignein" uid="5188781" lat="36.1451947" lon="128.3940082"/>
 <node id="12521111410" visible="true" version="1" changeset="161611496" timestamp="2025-01-21T18:33:32Z" user="Lavignein" uid="5188781" lat="36.1449802" lon="128.3940683"/>
 <node id="12521111411" visible="true" version="1" changeset="161611496" timestamp="2025-01-21T18:33:32Z" user="Lavignein" uid="5188781" lat="36.1449637" lon="128.3939781"/>
 <node id="12521111412" visible="true" version="1" changeset="161611496" timestamp="2025-01-21T18:33:32Z" user="Lavignein" uid="5188781" lat="36.1448973" lon="128.3939967"/>
 <node id="12521111413" visible="true" version="1" changeset="161611496" timestamp="2025-01-21T18:33:32Z" user="Lavignein" uid="5188781" lat="36.1448114" lon="128.3935267"/>
 <node id="12521111414" visible="true" version="1" changeset="161611496" timestamp="2025-01-21T18:33:32Z" user="Lavignein" uid="5188781" lat="36.1450707" lon="128.3936575"/>
 <node id="12521111415" visible="true" version="1" changeset="161611496" timestamp="2025-01-21T18:33:32Z" user="Lavignein" uid="5188781" lat="36.1454404" lon="128.3935342"/>
 <node id="12521111416" visible="true" version="1" changeset="161611496" timestamp="2025-01-21T18:33:32Z" user="Lavignein" uid="5188781" lat="36.1452564" lon="128.3935949"/>
 <node id="12521111417" visible="true" version="1" changeset="161611496" timestamp="2025-01-21T18:33:32Z" user="Lavignein" uid="5188781" lat="36.1460257" lon="128.3929416"/>
 <node id="12521111418" visible="true" version="1" changeset="161611496" timestamp="2025-01-21T18:33:32Z" user="Lavignein" uid="5188781" lat="36.1456206" lon="128.3927091"/>
 <node id="12521111419" visible="true" version="1" changeset="161611496" timestamp="2025-01-21T18:33:32Z" user="Lavignein" uid="5188781" lat="36.1456645" lon="128.3926962"/>
 <node id="12521111420" visible="true" version="1" changeset="161611496" timestamp="2025-01-21T18:33:32Z" user="Lavignein" uid="5188781" lat="36.1460919" lon="128.3916322"/>
 <node id="12521111421" visible="true" version="1" changeset="161611496" timestamp="2025-01-21T18:33:32Z" user="Lavignein" uid="5188781" lat="36.1458055" lon="128.3916756"/>
 <node id="12521111422" visible="true" version="1" changeset="161611496" timestamp="2025-01-21T18:33:32Z" user="Lavignein" uid="5188781" lat="36.1456136" lon="128.3917416"/>
 <node id="12521111423" visible="true" version="1" changeset="161611496" timestamp="2025-01-21T18:33:32Z" user="Lavignein" uid="5188781" lat="36.1467730" lon="128.3928948"/>
 <node id="12521111424" visible="true" version="1" changeset="161611496" timestamp="2025-01-21T18:33:32Z" user="Lavignein" uid="5188781" lat="36.1472025" lon="128.3915394"/>
 <node id="12521111425" visible="true" version="1" changeset="161611496" timestamp="2025-01-21T18:33:32Z" user="Lavignein" uid="5188781" lat="36.1471300" lon="128.3917521"/>
 <node id="12521111426" visible="true" version="1" changeset="161611496" timestamp="2025-01-21T18:33:32Z" user="Lavignein" uid="5188781" lat="36.1471214" lon="128.3919096"/>
 <node id="12521111427" visible="true" version="1" changeset="161611496" timestamp="2025-01-21T18:33:32Z" user="Lavignein" uid="5188781" lat="36.1470556" lon="128.3920158"/>
 <node id="12521111428" visible="true" version="1" changeset="161611496" timestamp="2025-01-21T18:33:32Z" user="Lavignein" uid="5188781" lat="36.1468013" lon="128.3921219"/>
 <node id="12521111429" visible="true" version="2" changeset="183001433" timestamp="2026-05-22T03:04:59Z" user="Woo Ahn" uid="23263678" lat="36.1467757" lon="128.3922121"/>
 <node id="12521111430" visible="true" version="1" changeset="161611496" timestamp="2025-01-21T18:33:32Z" user="Lavignein" uid="5188781" lat="36.1467216" lon="128.3922612"/>
 <node id="12521111431" visible="true" version="1" changeset="161611496" timestamp="2025-01-21T18:33:32Z" user="Lavignein" uid="5188781" lat="36.1449616" lon="128.3923430"/>
 <node id="12521111432" visible="true" version="1" changeset="161611496" timestamp="2025-01-21T18:33:32Z" user="Lavignein" uid="5188781" lat="36.1450871" lon="128.3930169"/>
 <node id="12521111433" visible="true" version="1" changeset="161611496" timestamp="2025-01-21T18:33:32Z" user="Lavignein" uid="5188781" lat="36.1449979" lon="128.3930423"/>
 <node id="12521111434" visible="true" version="1" changeset="161611496" timestamp="2025-01-21T18:33:32Z" user="Lavignein" uid="5188781" lat="36.1448725" lon="128.3923684"/>
 <node id="12521111435" visible="true" version="1" changeset="161611496" timestamp="2025-01-21T18:33:32Z" user="Lavignein" uid="5188781" lat="36.1448198" lon="128.3923803"/>
 <node id="12521111436" visible="true" version="1" changeset="161611496" timestamp="2025-01-21T18:33:32Z" user="Lavignein" uid="5188781" lat="36.1449454" lon="128.3930542"/>
 <node id="12521111437" visible="true" version="1" changeset="161611496" timestamp="2025-01-21T18:33:32Z" user="Lavignein" uid="5188781" lat="36.1448561" lon="128.3930797"/>
 <node id="12521111438" visible="true" version="1" changeset="161611496" timestamp="2025-01-21T18:33:32Z" user="Lavignein" uid="5188781" lat="36.1447307" lon="128.3924058"/>
 <node id="12521111439" visible="true" version="1" changeset="161611496" timestamp="2025-01-21T18:33:32Z" user="Lavignein" uid="5188781" lat="36.1457361" lon="128.3919787"/>
 <node id="12521111440" visible="true" version="1" changeset="161611496" timestamp="2025-01-21T18:33:32Z" user="Lavignein" uid="5188781" lat="36.1458532" lon="128.3926121"/>
 <node id="12521111441" visible="true" version="1" changeset="161611496" timestamp="2025-01-21T18:33:32Z" user="Lavignein" uid="5188781" lat="36.1466716" lon="128.3930144"/>
 <node id="12521111442" visible="true" version="1" changeset="161611496" timestamp="2025-01-21T18:33:32Z" user="Lavignein" uid="5188781" lat="36.1473036" lon="128.3927883"/>
 <node id="12521111443" visible="true" version="1" changeset="161611496" timestamp="2025-01-21T18:33:32Z" user="Lavignein" uid="5188781" lat="36.1465904" lon="128.3930247"/>
 <node id="12521111444" visible="true" version="1" changeset="161611496" timestamp="2025-01-21T18:33:32Z" user="Lavignein" uid="5188781" lat="36.1466957" lon="128.3929343"/>
 <node id="12521111445" visible="true" version="1" changeset="161611496" timestamp="2025-01-21T18:33:32Z" user="Lavignein" uid="5188781" lat="36.1461242" lon="128.3930909"/>
 <node id="12521111446" visible="true" version="1" changeset="161611496" timestamp="2025-01-21T18:33:32Z" user="Lavignein" uid="5188781" lat="36.1462987" lon="128.3930840"/>
 <node id="12521111447" visible="true" version="1" changeset="161611496" timestamp="2025-01-21T18:33:32Z" user="Lavignein" uid="5188781" lat="36.1455291" lon="128.3932911"/>
 <node id="12521111448" visible="true" version="1" changeset="161611496" timestamp="2025-01-21T18:33:32Z" user="Lavignein" uid="5188781" lat="36.1457422" lon="128.3932593"/>
 <node id="13074628778" visible="true" version="1" changeset="170532421" timestamp="2025-08-16T16:46:55Z" user="Lavignein" uid="5188781" lat="36.1485178" lon="128.3927959"/>
 <node id="13074628779" visible="true" version="1" changeset="170532421" timestamp="2025-08-16T16:46:55Z" user="Lavignein" uid="5188781" lat="36.1485631" lon="128.3926488"/>
 <node id="13074628780" visible="true" version="1" changeset="170532421" timestamp="2025-08-16T16:46:55Z" user="Lavignein" uid="5188781" lat="36.1486649" lon="128.3924526"/>
 <node id="13074628781" visible="true" version="1" changeset="170532421" timestamp="2025-08-16T16:46:55Z" user="Lavignein" uid="5188781" lat="36.1487214" lon="128.3923732"/>
 <node id="13074628782" visible="true" version="1" changeset="170532421" timestamp="2025-08-16T16:46:55Z" user="Lavignein" uid="5188781" lat="36.1487987" lon="128.3923592"/>
 <node id="13074628783" visible="true" version="1" changeset="170532421" timestamp="2025-08-16T16:46:55Z" user="Lavignein" uid="5188781" lat="36.1488949" lon="128.3923826"/>
 <node id="13074628784" visible="true" version="1" changeset="170532421" timestamp="2025-08-16T16:46:55Z" user="Lavignein" uid="5188781" lat="36.1490684" lon="128.3923709"/>
 <node id="13074628785" visible="true" version="1" changeset="170532421" timestamp="2025-08-16T16:46:55Z" user="Lavignein" uid="5188781" lat="36.1491400" lon="128.3924690"/>
 <node id="13074628786" visible="true" version="1" changeset="170532421" timestamp="2025-08-16T16:46:55Z" user="Lavignein" uid="5188781" lat="36.1492607" lon="128.3926885"/>
 <node id="13074628787" visible="true" version="1" changeset="170532421" timestamp="2025-08-16T16:46:55Z" user="Lavignein" uid="5188781" lat="36.1493455" lon="128.3927772"/>
 <node id="13074628788" visible="true" version="1" changeset="170532421" timestamp="2025-08-16T16:46:55Z" user="Lavignein" uid="5188781" lat="36.1494568" lon="128.3928402"/>
 <node id="13074628789" visible="true" version="1" changeset="170532421" timestamp="2025-08-16T16:46:55Z" user="Lavignein" uid="5188781" lat="36.1495171" lon="128.3929173"/>
 <node id="13074628790" visible="true" version="1" changeset="170532421" timestamp="2025-08-16T16:46:55Z" user="Lavignein" uid="5188781" lat="36.1497321" lon="128.3930504"/>
 <node id="13074628791" visible="true" version="1" changeset="170532421" timestamp="2025-08-16T16:46:55Z" user="Lavignein" uid="5188781" lat="36.1498395" lon="128.3931905"/>
 <node id="13074628792" visible="true" version="1" changeset="170532421" timestamp="2025-08-16T16:46:55Z" user="Lavignein" uid="5188781" lat="36.1498904" lon="128.3932652"/>
 <node id="13074628793" visible="true" version="1" changeset="170532421" timestamp="2025-08-16T16:46:55Z" user="Lavignein" uid="5188781" lat="36.1499753" lon="128.3933166"/>
 <node id="13074628794" visible="true" version="1" changeset="170532421" timestamp="2025-08-16T16:46:55Z" user="Lavignein" uid="5188781" lat="36.1501619" lon="128.3933866"/>
 <node id="13074628795" visible="true" version="1" changeset="170532421" timestamp="2025-08-16T16:46:55Z" user="Lavignein" uid="5188781" lat="36.1503090" lon="128.3934403"/>
 <node id="13074628796" visible="true" version="1" changeset="170532421" timestamp="2025-08-16T16:46:55Z" user="Lavignein" uid="5188781" lat="36.1503656" lon="128.3934987"/>
 <node id="13074628797" visible="true" version="1" changeset="170532421" timestamp="2025-08-16T16:46:55Z" user="Lavignein" uid="5188781" lat="36.1503844" lon="128.3935454"/>
 <node id="13074628798" visible="true" version="1" changeset="170532421" timestamp="2025-08-16T16:46:55Z" user="Lavignein" uid="5188781" lat="36.1504561" lon="128.3936365"/>
 <node id="13074628799" visible="true" version="1" changeset="170532421" timestamp="2025-08-16T16:46:55Z" user="Lavignein" uid="5188781" lat="36.1505277" lon="128.3938326"/>
 <node id="13074628800" visible="true" version="1" changeset="170532421" timestamp="2025-08-16T16:46:55Z" user="Lavignein" uid="5188781" lat="36.1505711" lon="128.3939704"/>
 <node id="13074634701" visible="true" version="1" changeset="170532421" timestamp="2025-08-16T16:46:55Z" user="Lavignein" uid="5188781" lat="36.1506163" lon="128.3940871"/>
 <node id="13074634702" visible="true" version="1" changeset="170532421" timestamp="2025-08-16T16:46:55Z" user="Lavignein" uid="5188781" lat="36.1506767" lon="128.3943580"/>
 <node id="13074634703" visible="true" version="1" changeset="170532421" timestamp="2025-08-16T16:46:55Z" user="Lavignein" uid="5188781" lat="36.1507257" lon="128.3945611"/>
 <node id="13074634704" visible="true" version="1" changeset="170532421" timestamp="2025-08-16T16:46:55Z" user="Lavignein" uid="5188781" lat="36.1507547" lon="128.3946970"/>
 <node id="13074634705" visible="true" version="1" changeset="170532421" timestamp="2025-08-16T16:46:55Z" user="Lavignein" uid="5188781" lat="36.1510956" lon="128.3953380"/>
 <node id="13074634706" visible="true" version="1" changeset="170532421" timestamp="2025-08-16T16:46:55Z" user="Lavignein" uid="5188781" lat="36.1510296" lon="128.3952718"/>
 <node id="13074648376" visible="true" version="1" changeset="170533537" timestamp="2025-08-16T17:10:32Z" user="Lavignein" uid="5188781" lat="36.1528878" lon="128.4137966"/>
 <node id="13074648377" visible="true" version="1" changeset="170533537" timestamp="2025-08-16T17:10:32Z" user="Lavignein" uid="5188781" lat="36.1530342" lon="128.4143169"/>
 <node id="13074740709" visible="true" version="1" changeset="170533537" timestamp="2025-08-16T17:10:32Z" user="Lavignein" uid="5188781" lat="36.1410055" lon="128.3969452"/>
 <node id="13074740710" visible="true" version="1" changeset="170533537" timestamp="2025-08-16T17:10:32Z" user="Lavignein" uid="5188781" lat="36.1409496" lon="128.3968893"/>
 <node id="13074740711" visible="true" version="1" changeset="170533537" timestamp="2025-08-16T17:10:32Z" user="Lavignein" uid="5188781" lat="36.1408642" lon="128.3970204"/>
 <node id="13074740712" visible="true" version="1" changeset="170533537" timestamp="2025-08-16T17:10:32Z" user="Lavignein" uid="5188781" lat="36.1409200" lon="128.3970762"/>
 <node id="13074740737" visible="true" version="1" changeset="170533537" timestamp="2025-08-16T17:10:32Z" user="Lavignein" uid="5188781" lat="36.1470598" lon="128.3928351"/>
 <node id="13074740738" visible="true" version="1" changeset="170533537" timestamp="2025-08-16T17:10:32Z" user="Lavignein" uid="5188781" lat="36.1471139" lon="128.3932117"/>
 <node id="13074740739" visible="true" version="1" changeset="170533537" timestamp="2025-08-16T17:10:32Z" user="Lavignein" uid="5188781" lat="36.1470836" lon="128.3932278"/>
 <node id="13074740740" visible="true" version="1" changeset="170533537" timestamp="2025-08-16T17:10:32Z" user="Lavignein" uid="5188781" lat="36.1467219" lon="128.3933417"/>
 <node id="13074740741" visible="true" version="1" changeset="170533537" timestamp="2025-08-16T17:10:32Z" user="Lavignein" uid="5188781" lat="36.1466559" lon="128.3929685"/>
 <node id="13074740742" visible="true" version="1" changeset="170533537" timestamp="2025-08-16T17:10:32Z" user="Lavignein" uid="5188781" lat="36.1465403" lon="128.3930368"/>
 <node id="13074740743" visible="true" version="1" changeset="170533537" timestamp="2025-08-16T17:10:32Z" user="Lavignein" uid="5188781" lat="36.1466684" lon="128.3936921"/>
 <node id="13074740744" visible="true" version="1" changeset="170533537" timestamp="2025-08-16T17:10:32Z" user="Lavignein" uid="5188781" lat="36.1466151" lon="128.3934194"/>
 <node id="13074740745" visible="true" version="1" changeset="170533537" timestamp="2025-08-16T17:10:32Z" user="Lavignein" uid="5188781" lat="36.1466742" lon="128.3934034"/>
 <node id="13074740746" visible="true" version="1" changeset="170533537" timestamp="2025-08-16T17:10:32Z" user="Lavignein" uid="5188781" lat="36.1467002" lon="128.3933766"/>
 <node id="13074740747" visible="true" version="1" changeset="170533537" timestamp="2025-08-16T17:10:32Z" user="Lavignein" uid="5188781" lat="36.1471052" lon="128.3931632"/>
 <node id="13074740748" visible="true" version="1" changeset="170533537" timestamp="2025-08-16T17:10:32Z" user="Lavignein" uid="5188781" lat="36.1471049" lon="128.3931398"/>
 <node id="13074740749" visible="true" version="1" changeset="170533537" timestamp="2025-08-16T17:10:32Z" user="Lavignein" uid="5188781" lat="36.1471110" lon="128.3931176"/>
 <node id="13074740750" visible="true" version="1" changeset="170533537" timestamp="2025-08-16T17:10:32Z" user="Lavignein" uid="5188781" lat="36.1471229" lon="128.3930993"/>
 <node id="13074740751" visible="true" version="1" changeset="170533537" timestamp="2025-08-16T17:10:32Z" user="Lavignein" uid="5188781" lat="36.1471391" lon="128.3930872"/>
 <node id="13074740752" visible="true" version="1" changeset="170533537" timestamp="2025-08-16T17:10:32Z" user="Lavignein" uid="5188781" lat="36.1472056" lon="128.3931149"/>
 <node id="13074740753" visible="true" version="1" changeset="170533537" timestamp="2025-08-16T17:10:32Z" user="Lavignein" uid="5188781" lat="36.1472122" lon="128.3931347"/>
 <node id="13074740754" visible="true" version="1" changeset="170533537" timestamp="2025-08-16T17:10:32Z" user="Lavignein" uid="5188781" lat="36.1472135" lon="128.3931561"/>
 <node id="13074740755" visible="true" version="1" changeset="170533537" timestamp="2025-08-16T17:10:32Z" user="Lavignein" uid="5188781" lat="36.1472093" lon="128.3931770"/>
 <node id="13074740756" visible="true" version="1" changeset="170533537" timestamp="2025-08-16T17:10:32Z" user="Lavignein" uid="5188781" lat="36.1472001" lon="128.3931952"/>
 <node id="13074740757" visible="true" version="1" changeset="170533537" timestamp="2025-08-16T17:10:32Z" user="Lavignein" uid="5188781" lat="36.1471867" lon="128.3932088"/>
 <node id="13074740758" visible="true" version="1" changeset="170533537" timestamp="2025-08-16T17:10:32Z" user="Lavignein" uid="5188781" lat="36.1471100" lon="128.3931846"/>
 <node id="13074740759" visible="true" version="1" changeset="170533537" timestamp="2025-08-16T17:10:32Z" user="Lavignein" uid="5188781" lat="36.1471577" lon="128.3930826"/>
 <node id="13074740760" visible="true" version="1" changeset="170533537" timestamp="2025-08-16T17:10:32Z" user="Lavignein" uid="5188781" lat="36.1471764" lon="128.3930861"/>
 <node id="13074740761" visible="true" version="1" changeset="170533537" timestamp="2025-08-16T17:10:32Z" user="Lavignein" uid="5188781" lat="36.1471931" lon="128.3930973"/>
 <node id="13074740762" visible="true" version="1" changeset="170533537" timestamp="2025-08-16T17:10:32Z" user="Lavignein" uid="5188781" lat="36.1471705" lon="128.3932166"/>
 <node id="13074740763" visible="true" version="1" changeset="170533537" timestamp="2025-08-16T17:10:32Z" user="Lavignein" uid="5188781" lat="36.1471532" lon="128.3932178"/>
 <node id="13074740764" visible="true" version="1" changeset="170533537" timestamp="2025-08-16T17:10:32Z" user="Lavignein" uid="5188781" lat="36.1471364" lon="128.3932121"/>
 <node id="13074740765" visible="true" version="1" changeset="170533537" timestamp="2025-08-16T17:10:32Z" user="Lavignein" uid="5188781" lat="36.1471220" lon="128.3932003"/>
 <node id="13074740766" visible="true" version="1" changeset="170533537" timestamp="2025-08-16T17:10:32Z" user="Lavignein" uid="5188781" lat="36.1471112" lon="128.3931834"/>
 <node id="13074740767" visible="true" version="1" changeset="170533537" timestamp="2025-08-16T17:10:32Z" user="Lavignein" uid="5188781" lat="36.1453033" lon="128.3924706"/>
 <node id="13074740768" visible="true" version="1" changeset="170533537" timestamp="2025-08-16T17:10:32Z" user="Lavignein" uid="5188781" lat="36.1453783" lon="128.3928362"/>
 <node id="13074740769" visible="true" version="1" changeset="170533537" timestamp="2025-08-16T17:10:32Z" user="Lavignein" uid="5188781" lat="36.1467147" lon="128.3897625">
  <tag k="branch" v="쿱스켓 금오공대생활관점"/>
  <tag k="brand" v="이마트24"/>
  <tag k="brand:en" v="emart24"/>
  <tag k="brand:ko" v="이마트24"/>
  <tag k="brand:wikidata" v="Q16219674"/>
  <tag k="name" v="이마트24"/>
  <tag k="name:en" v="emart24"/>
  <tag k="name:ko" v="이마트24"/>
  <tag k="shop" v="convenience"/>
 </node>
 <node id="13537142838" visible="true" version="1" changeset="178319205" timestamp="2026-02-09T16:08:48Z" user="Weathering" uid="12509199" lat="36.1358792" lon="128.3822663"/>
 <node id="13599090543" visible="true" version="1" changeset="179055500" timestamp="2026-02-25T19:55:15Z" user="Weathering" uid="12509199" lat="36.1386014" lon="128.3841208"/>
 <node id="13599090544" visible="true" version="1" changeset="179055500" timestamp="2026-02-25T19:55:15Z" user="Weathering" uid="12509199" lat="36.1386490" lon="128.3841079"/>
 <node id="13599090545" visible="true" version="1" changeset="179055500" timestamp="2026-02-25T19:55:15Z" user="Weathering" uid="12509199" lat="36.1385538" lon="128.3840845"/>
 <node id="13599090546" visible="true" version="1" changeset="179055500" timestamp="2026-02-25T19:55:15Z" user="Weathering" uid="12509199" lat="36.1382684" lon="128.3843448"/>
 <node id="13599090547" visible="true" version="1" changeset="179055500" timestamp="2026-02-25T19:55:15Z" user="Weathering" uid="12509199" lat="36.1381755" lon="128.3842523"/>
 <node id="13599090548" visible="true" version="1" changeset="179055500" timestamp="2026-02-25T19:55:15Z" user="Weathering" uid="12509199" lat="36.1380162" lon="128.3840450"/>
 <node id="13599109807" visible="true" version="1" changeset="179055527" timestamp="2026-02-25T19:56:02Z" user="Weathering" uid="12509199" lat="36.1414579" lon="128.3947728"/>
 <node id="13599109808" visible="true" version="1" changeset="179055527" timestamp="2026-02-25T19:56:02Z" user="Weathering" uid="12509199" lat="36.1415068" lon="128.3946389"/>
 <node id="13770593778" visible="true" version="1" changeset="181939468" timestamp="2026-04-28T12:52:13Z" user="Weathering" uid="12509199" lat="36.1634815" lon="128.4648227"/>
 <node id="13770593779" visible="true" version="1" changeset="181939468" timestamp="2026-04-28T12:52:13Z" user="Weathering" uid="12509199" lat="36.1634458" lon="128.4650737"/>
 <node id="13770593780" visible="true" version="1" changeset="181939468" timestamp="2026-04-28T12:52:13Z" user="Weathering" uid="12509199" lat="36.1634152" lon="128.4646488"/>
 <node id="13770593781" visible="true" version="1" changeset="181939468" timestamp="2026-04-28T12:52:13Z" user="Weathering" uid="12509199" lat="36.1625930" lon="128.4642496"/>
 <node id="13830513360" visible="true" version="1" changeset="182690979" timestamp="2026-05-15T10:43:38Z" user="pudlepoodle" uid="24130265" lat="36.1453068" lon="128.3924877"/>
 <node id="13830575446" visible="true" version="1" changeset="182690979" timestamp="2026-05-15T10:46:43Z" user="pudlepoodle" uid="24130265" lat="36.1437908" lon="128.3941048"/>
 <node id="13830575447" visible="true" version="1" changeset="182690979" timestamp="2026-05-15T10:46:43Z" user="pudlepoodle" uid="24130265" lat="36.1437821" lon="128.3941358"/>
 <node id="13859322365" visible="true" version="1" changeset="183001004" timestamp="2026-05-22T02:34:17Z" user="Woo Ahn" uid="23263678" lat="36.1463661" lon="128.3933590"/>
 <node id="13859322366" visible="true" version="1" changeset="183001004" timestamp="2026-05-22T02:34:17Z" user="Woo Ahn" uid="23263678" lat="36.1463960" lon="128.3933849"/>
 <node id="13859322367" visible="true" version="1" changeset="183001004" timestamp="2026-05-22T02:34:17Z" user="Woo Ahn" uid="23263678" lat="36.1464181" lon="128.3934208"/>
 <node id="13859322368" visible="true" version="1" changeset="183001004" timestamp="2026-05-22T02:34:17Z" user="Woo Ahn" uid="23263678" lat="36.1463014" lon="128.3936354"/>
 <node id="13859322369" visible="true" version="1" changeset="183001004" timestamp="2026-05-22T02:34:17Z" user="Woo Ahn" uid="23263678" lat="36.1462655" lon="128.3936231"/>
 <node id="13859322370" visible="true" version="1" changeset="183001004" timestamp="2026-05-22T02:34:17Z" user="Woo Ahn" uid="23263678" lat="36.1462345" lon="128.3935977"/>
 <node id="13859322371" visible="true" version="1" changeset="183001004" timestamp="2026-05-22T02:34:17Z" user="Woo Ahn" uid="23263678" lat="36.1462114" lon="128.3935615"/>
 <node id="13859322372" visible="true" version="1" changeset="183001004" timestamp="2026-05-22T02:34:17Z" user="Woo Ahn" uid="23263678" lat="36.1464303" lon="128.3934635"/>
 <node id="13859322373" visible="true" version="1" changeset="183001004" timestamp="2026-05-22T02:34:17Z" user="Woo Ahn" uid="23263678" lat="36.1464313" lon="128.3935087"/>
 <node id="13859322374" visible="true" version="1" changeset="183001004" timestamp="2026-05-22T02:34:17Z" user="Woo Ahn" uid="23263678" lat="36.1464212" lon="128.3935521"/>
 <node id="13859322375" visible="true" version="1" changeset="183001004" timestamp="2026-05-22T02:34:17Z" user="Woo Ahn" uid="23263678" lat="36.1464008" lon="128.3935896"/>
 <node id="13859322376" visible="true" version="1" changeset="183001004" timestamp="2026-05-22T02:34:17Z" user="Woo Ahn" uid="23263678" lat="36.1463721" lon="128.3936175"/>
 <node id="13859322377" visible="true" version="1" changeset="183001004" timestamp="2026-05-22T02:34:17Z" user="Woo Ahn" uid="23263678" lat="36.1463379" lon="128.3936333"/>
 <node id="13859322378" visible="true" version="1" changeset="183001004" timestamp="2026-05-22T02:34:17Z" user="Woo Ahn" uid="23263678" lat="36.1461986" lon="128.3935183"/>
 <node id="13859322379" visible="true" version="1" changeset="183001004" timestamp="2026-05-22T02:34:17Z" user="Woo Ahn" uid="23263678" lat="36.1461973" lon="128.3934722"/>
 <node id="13859322380" visible="true" version="1" changeset="183001004" timestamp="2026-05-22T02:34:17Z" user="Woo Ahn" uid="23263678" lat="36.1462077" lon="128.3934280"/>
 <node id="13859322381" visible="true" version="1" changeset="183001004" timestamp="2026-05-22T02:34:17Z" user="Woo Ahn" uid="23263678" lat="36.1462287" lon="128.3933899"/>
 <node id="13859322382" visible="true" version="1" changeset="183001004" timestamp="2026-05-22T02:34:17Z" user="Woo Ahn" uid="23263678" lat="36.1462582" lon="128.3933618"/>
 <node id="13859322383" visible="true" version="1" changeset="183001004" timestamp="2026-05-22T02:34:17Z" user="Woo Ahn" uid="23263678" lat="36.1462933" lon="128.3933465"/>
 <node id="13859322384" visible="true" version="1" changeset="183001004" timestamp="2026-05-22T02:34:17Z" user="Woo Ahn" uid="23263678" lat="36.1463305" lon="128.3933456"/>
 <node id="13859322385" visible="true" version="1" changeset="183001004" timestamp="2026-05-22T02:34:17Z" user="Woo Ahn" uid="23263678" lat="36.1465252" lon="128.3935445"/>
 <node id="13859322386" visible="true" version="2" changeset="183001433" timestamp="2026-05-22T03:04:59Z" user="Woo Ahn" uid="23263678" lat="36.1464788" lon="128.3934566"/>
 <node id="13859322387" visible="true" version="2" changeset="183001433" timestamp="2026-05-22T03:04:59Z" user="Woo Ahn" uid="23263678" lat="36.1461615" lon="128.3935361"/>
 <node id="13859322388" visible="true" version="1" changeset="183001004" timestamp="2026-05-22T02:34:17Z" user="Woo Ahn" uid="23263678" lat="36.1460600" lon="128.3935667"/>
 <node id="13859347430" visible="true" version="2" changeset="183001004" timestamp="2026-05-22T02:34:17Z" user="Woo Ahn" uid="23263678" lat="36.1484422" lon="128.3938373"/>
 <node id="13859347431" visible="true" version="1" changeset="183000897" timestamp="2026-05-22T02:24:54Z" user="Woo Ahn" uid="23263678" lat="36.1484765" lon="128.3930647"/>
 <node id="13859347432" visible="true" version="1" changeset="183000897" timestamp="2026-05-22T02:24:54Z" user="Woo Ahn" uid="23263678" lat="36.1485132" lon="128.3930316"/>
 <node id="13859347433" visible="true" version="1" changeset="183000897" timestamp="2026-05-22T02:24:54Z" user="Woo Ahn" uid="23263678" lat="36.1485599" lon="128.3930110"/>
 <node id="13859347434" visible="true" version="1" changeset="183000897" timestamp="2026-05-22T02:24:54Z" user="Woo Ahn" uid="23263678" lat="36.1485983" lon="128.3930172"/>
 <node id="13859347435" visible="true" version="1" changeset="183000897" timestamp="2026-05-22T02:24:54Z" user="Woo Ahn" uid="23263678" lat="36.1489820" lon="128.3933808"/>
 <node id="13859347436" visible="true" version="1" changeset="183000897" timestamp="2026-05-22T02:24:54Z" user="Woo Ahn" uid="23263678" lat="36.1489837" lon="128.3934676"/>
 <node id="13859347437" visible="true" version="2" changeset="183001004" timestamp="2026-05-22T02:34:17Z" user="Woo Ahn" uid="23263678" lat="36.1486636" lon="128.3933067"/>
 <node id="13859347438" visible="true" version="1" changeset="183000897" timestamp="2026-05-22T02:24:54Z" user="Woo Ahn" uid="23263678" lat="36.1486333" lon="128.3938415"/>
 <node id="13859354046" visible="true" version="1" changeset="183000580" timestamp="2026-05-22T02:00:45Z" user="Woo Ahn" uid="23263678" lat="36.1491915" lon="128.3941153"/>
 <node id="13859354047" visible="true" version="1" changeset="183000580" timestamp="2026-05-22T02:00:45Z" user="Woo Ahn" uid="23263678" lat="36.1487228" lon="128.3940763"/>
 <node id="13859354048" visible="true" version="1" changeset="183000580" timestamp="2026-05-22T02:00:45Z" user="Woo Ahn" uid="23263678" lat="36.1487128" lon="128.3942268"/>
 <node id="13859354049" visible="true" version="1" changeset="183000580" timestamp="2026-05-22T02:00:45Z" user="Woo Ahn" uid="23263678" lat="36.1490272" lon="128.3942409"/>
 <node id="13859354050" visible="true" version="1" changeset="183000580" timestamp="2026-05-22T02:00:45Z" user="Woo Ahn" uid="23263678" lat="36.1490015" lon="128.3947010"/>
 <node id="13859354051" visible="true" version="1" changeset="183000580" timestamp="2026-05-22T02:00:45Z" user="Woo Ahn" uid="23263678" lat="36.1491672" lon="128.3947028"/>
 <node id="13859354052" visible="true" version="1" changeset="183000580" timestamp="2026-05-22T02:00:45Z" user="Woo Ahn" uid="23263678" lat="36.1489826" lon="128.3935019"/>
 <node id="13859354053" visible="true" version="1" changeset="183000580" timestamp="2026-05-22T02:00:45Z" user="Woo Ahn" uid="23263678" lat="36.1489958" lon="128.3947251"/>
 <node id="13859354054" visible="true" version="1" changeset="183000580" timestamp="2026-05-22T02:00:45Z" user="Woo Ahn" uid="23263678" lat="36.1490149" lon="128.3942404"/>
 <node id="13859354055" visible="true" version="1" changeset="183000580" timestamp="2026-05-22T02:00:45Z" user="Woo Ahn" uid="23263678" lat="36.1492882" lon="128.3939876"/>
 <node id="13859354056" visible="true" version="1" changeset="183000580" timestamp="2026-05-22T02:00:45Z" user="Woo Ahn" uid="23263678" lat="36.1491919" lon="128.3947384"/>
 <node id="13859354057" visible="true" version="1" changeset="183000580" timestamp="2026-05-22T02:00:45Z" user="Woo Ahn" uid="23263678" lat="36.1478957" lon="128.3939171"/>
 <node id="13859354058" visible="true" version="1" changeset="183000580" timestamp="2026-05-22T02:00:45Z" user="Woo Ahn" uid="23263678" lat="36.1475116" lon="128.3938474"/>
 <node id="13859354059" visible="true" version="1" changeset="183000580" timestamp="2026-05-22T02:00:45Z" user="Woo Ahn" uid="23263678" lat="36.1478792" lon="128.3938917"/>
 <node id="13859354060" visible="true" version="1" changeset="183000580" timestamp="2026-05-22T02:00:45Z" user="Woo Ahn" uid="23263678" lat="36.1479737" lon="128.3939096"/>
 <node id="13859354061" visible="true" version="1" changeset="183000580" timestamp="2026-05-22T02:00:45Z" user="Woo Ahn" uid="23263678" lat="36.1486068" lon="128.3939928"/>
 <node id="13859354062" visible="true" version="1" changeset="183000580" timestamp="2026-05-22T02:00:45Z" user="Woo Ahn" uid="23263678" lat="36.1492255" lon="128.3940592"/>
 <node id="13859354063" visible="true" version="1" changeset="183000580" timestamp="2026-05-22T02:00:45Z" user="Woo Ahn" uid="23263678" lat="36.1479138" lon="128.3938982">
  <tag k="highway" v="crossing"/>
 </node>
 <node id="13859354064" visible="true" version="1" changeset="183000580" timestamp="2026-05-22T02:00:45Z" user="Woo Ahn" uid="23263678" lat="36.1487213" lon="128.3936531"/>
 <node id="13859354069" visible="true" version="1" changeset="183000580" timestamp="2026-05-22T02:00:45Z" user="Woo Ahn" uid="23263678" lat="36.1464805" lon="128.3932897"/>
 <node id="13859354073" visible="true" version="2" changeset="183001004" timestamp="2026-05-22T02:34:17Z" user="Woo Ahn" uid="23263678" lat="36.1460548" lon="128.3935228"/>
 <node id="13859354074" visible="true" version="1" changeset="183000580" timestamp="2026-05-22T02:00:45Z" user="Woo Ahn" uid="23263678" lat="36.1462380" lon="128.3930864"/>
 <node id="13859354075" visible="true" version="3" changeset="183001433" timestamp="2026-05-22T03:04:59Z" user="Woo Ahn" uid="23263678" lat="36.1462718" lon="128.3933083"/>
 <node id="13859354076" visible="true" version="1" changeset="183000580" timestamp="2026-05-22T02:00:45Z" user="Woo Ahn" uid="23263678" lat="36.1465083" lon="128.3934482"/>
 <node id="13859354077" visible="true" version="1" changeset="183000580" timestamp="2026-05-22T02:00:45Z" user="Woo Ahn" uid="23263678" lat="36.1467708" lon="128.3936624"/>
 <node id="13859354078" visible="true" version="1" changeset="183000580" timestamp="2026-05-22T02:00:45Z" user="Woo Ahn" uid="23263678" lat="36.1467936" lon="128.3935360"/>
 <node id="13859354079" visible="true" version="1" changeset="183000580" timestamp="2026-05-22T02:00:45Z" user="Woo Ahn" uid="23263678" lat="36.1469308" lon="128.3934033"/>
 <node id="13859354080" visible="true" version="1" changeset="183000580" timestamp="2026-05-22T02:00:45Z" user="Woo Ahn" uid="23263678" lat="36.1471352" lon="128.3933024"/>
 <node id="13859354081" visible="true" version="1" changeset="183000580" timestamp="2026-05-22T02:00:45Z" user="Woo Ahn" uid="23263678" lat="36.1469694" lon="128.3932638"/>
 <node id="13859354082" visible="true" version="1" changeset="183000580" timestamp="2026-05-22T02:00:45Z" user="Woo Ahn" uid="23263678" lat="36.1469809" lon="128.3933786"/>
 <node id="13859354083" visible="true" version="1" changeset="183000580" timestamp="2026-05-22T02:00:45Z" user="Woo Ahn" uid="23263678" lat="36.1468108" lon="128.3928846"/>
 <node id="13859354084" visible="true" version="1" changeset="183000580" timestamp="2026-05-22T02:00:45Z" user="Woo Ahn" uid="23263678" lat="36.1468485" lon="128.3930644"/>
 <node id="13859354085" visible="true" version="1" changeset="183000580" timestamp="2026-05-22T02:00:45Z" user="Woo Ahn" uid="23263678" lat="36.1470826" lon="128.3930002"/>
 <node id="13859354086" visible="true" version="1" changeset="183000580" timestamp="2026-05-22T02:00:45Z" user="Woo Ahn" uid="23263678" lat="36.1466813" lon="128.3931120"/>
 <node id="13859354087" visible="true" version="1" changeset="183000580" timestamp="2026-05-22T02:00:45Z" user="Woo Ahn" uid="23263678" lat="36.1467907" lon="128.3930809"/>
 <node id="13859354088" visible="true" version="1" changeset="183000580" timestamp="2026-05-22T02:00:45Z" user="Woo Ahn" uid="23263678" lat="36.1463609" lon="128.3930739"/>
 <node id="13859354089" visible="true" version="1" changeset="183000580" timestamp="2026-05-22T02:00:45Z" user="Woo Ahn" uid="23263678" lat="36.1451665" lon="128.3875761"/>
 <node id="13859354090" visible="true" version="1" changeset="183000580" timestamp="2026-05-22T02:00:45Z" user="Woo Ahn" uid="23263678" lat="36.1452323" lon="128.3877843"/>
 <node id="13859354091" visible="true" version="1" changeset="183000580" timestamp="2026-05-22T02:00:45Z" user="Woo Ahn" uid="23263678" lat="36.1459948" lon="128.3885297"/>
 <node id="13859354092" visible="true" version="1" changeset="183000580" timestamp="2026-05-22T02:00:45Z" user="Woo Ahn" uid="23263678" lat="36.1462818" lon="128.3886800"/>
 <node id="13859354093" visible="true" version="1" changeset="183000580" timestamp="2026-05-22T02:00:45Z" user="Woo Ahn" uid="23263678" lat="36.1463576" lon="128.3886502"/>
 <node id="13859377139" visible="true" version="1" changeset="183001433" timestamp="2026-05-22T03:04:59Z" user="Woo Ahn" uid="23263678" lat="36.1467941" lon="128.3921407"/>
 <node id="13859377140" visible="true" version="1" changeset="183001433" timestamp="2026-05-22T03:04:59Z" user="Woo Ahn" uid="23263678" lat="36.1466694" lon="128.3920379"/>
 <node id="13859377141" visible="true" version="1" changeset="183001433" timestamp="2026-05-22T03:04:59Z" user="Woo Ahn" uid="23263678" lat="36.1465839" lon="128.3917130"/>
 <node id="13859377142" visible="true" version="1" changeset="183001433" timestamp="2026-05-22T03:04:59Z" user="Woo Ahn" uid="23263678" lat="36.1461150" lon="128.3935044"/>
 <node id="13859377143" visible="true" version="1" changeset="183001433" timestamp="2026-05-22T03:04:59Z" user="Woo Ahn" uid="23263678" lat="36.1464670" lon="128.3934134"/>
 <node id="13859377144" visible="true" version="1" changeset="183001433" timestamp="2026-05-22T03:04:59Z" user="Woo Ahn" uid="23263678" lat="36.1464476" lon="128.3933745"/>
 <node id="13859377145" visible="true" version="1" changeset="183001433" timestamp="2026-05-22T03:04:59Z" user="Woo Ahn" uid="23263678" lat="36.1461722" lon="128.3934164"/>
 <node id="13859377146" visible="true" version="1" changeset="183001433" timestamp="2026-05-22T03:04:59Z" user="Woo Ahn" uid="23263678" lat="36.1461612" lon="128.3934588"/>
 <node id="13859377147" visible="true" version="1" changeset="183001433" timestamp="2026-05-22T03:04:59Z" user="Woo Ahn" uid="23263678" lat="36.1461579" lon="128.3935032"/>
 <node id="13859377148" visible="true" version="1" changeset="183001433" timestamp="2026-05-22T03:04:59Z" user="Woo Ahn" uid="23263678" lat="36.1461627" lon="128.3935473"/>
 <node id="13859377149" visible="true" version="1" changeset="183001433" timestamp="2026-05-22T03:04:59Z" user="Woo Ahn" uid="23263678" lat="36.1464216" lon="128.3933421"/>
 <node id="13859377150" visible="true" version="1" changeset="183001433" timestamp="2026-05-22T03:04:59Z" user="Woo Ahn" uid="23263678" lat="36.1463903" lon="128.3933178"/>
 <node id="13859377151" visible="true" version="1" changeset="183001433" timestamp="2026-05-22T03:04:59Z" user="Woo Ahn" uid="23263678" lat="36.1463555" lon="128.3933028"/>
 <node id="13859377152" visible="true" version="1" changeset="183001433" timestamp="2026-05-22T03:04:59Z" user="Woo Ahn" uid="23263678" lat="36.1463188" lon="128.3932980"/>
 <node id="13859377153" visible="true" version="1" changeset="183001433" timestamp="2026-05-22T03:04:59Z" user="Woo Ahn" uid="23263678" lat="36.1462822" lon="128.3933036"/>
 <node id="13859377154" visible="true" version="1" changeset="183001433" timestamp="2026-05-22T03:04:59Z" user="Woo Ahn" uid="23263678" lat="36.1462475" lon="128.3933192"/>
 <node id="13859377155" visible="true" version="1" changeset="183001433" timestamp="2026-05-22T03:04:59Z" user="Woo Ahn" uid="23263678" lat="36.1462166" lon="128.3933442"/>
 <node id="13859377156" visible="true" version="1" changeset="183001433" timestamp="2026-05-22T03:04:59Z" user="Woo Ahn" uid="23263678" lat="36.1461911" lon="128.3933771"/>
 <node id="13859377157" visible="true" version="1" changeset="183001433" timestamp="2026-05-22T03:04:59Z" user="Woo Ahn" uid="23263678" lat="36.1461751" lon="128.3935891"/>
 <node id="13859377158" visible="true" version="1" changeset="183001433" timestamp="2026-05-22T03:04:59Z" user="Woo Ahn" uid="23263678" lat="36.1461948" lon="128.3936265"/>
 <node id="13859377159" visible="true" version="1" changeset="183001433" timestamp="2026-05-22T03:04:59Z" user="Woo Ahn" uid="23263678" lat="36.1462205" lon="128.3936576"/>
 <node id="13859377160" visible="true" version="1" changeset="183001433" timestamp="2026-05-22T03:04:59Z" user="Woo Ahn" uid="23263678" lat="36.1462512" lon="128.3936808"/>
 <node id="13859377161" visible="true" version="1" changeset="183001433" timestamp="2026-05-22T03:04:59Z" user="Woo Ahn" uid="23263678" lat="36.1462853" lon="128.3936952"/>
 <node id="13859377162" visible="true" version="1" changeset="183001433" timestamp="2026-05-22T03:04:59Z" user="Woo Ahn" uid="23263678" lat="36.1463210" lon="128.3936999"/>
 <node id="13859377163" visible="true" version="1" changeset="183001433" timestamp="2026-05-22T03:04:59Z" user="Woo Ahn" uid="23263678" lat="36.1463568" lon="128.3936947"/>
 <node id="13859377164" visible="true" version="1" changeset="183001433" timestamp="2026-05-22T03:04:59Z" user="Woo Ahn" uid="23263678" lat="36.1463907" lon="128.3936799"/>
 <node id="13859377165" visible="true" version="1" changeset="183001433" timestamp="2026-05-22T03:04:59Z" user="Woo Ahn" uid="23263678" lat="36.1464212" lon="128.3936562"/>
 <node id="13859377166" visible="true" version="1" changeset="183001433" timestamp="2026-05-22T03:04:59Z" user="Woo Ahn" uid="23263678" lat="36.1464467" lon="128.3936248"/>
 <node id="13859377167" visible="true" version="1" changeset="183001433" timestamp="2026-05-22T03:04:59Z" user="Woo Ahn" uid="23263678" lat="36.1464660" lon="128.3935871"/>
 <node id="13859377168" visible="true" version="1" changeset="183001433" timestamp="2026-05-22T03:04:59Z" user="Woo Ahn" uid="23263678" lat="36.1464781" lon="128.3935452"/>
 <node id="13859377169" visible="true" version="1" changeset="183001433" timestamp="2026-05-22T03:04:59Z" user="Woo Ahn" uid="23263678" lat="36.1464824" lon="128.3935010"/>
 <node id="13859377170" visible="true" version="1" changeset="183001433" timestamp="2026-05-22T03:04:59Z" user="Woo Ahn" uid="23263678" lat="36.1467619" lon="128.3925427"/>
 <node id="13859377171" visible="true" version="1" changeset="183001433" timestamp="2026-05-22T03:04:59Z" user="Woo Ahn" uid="23263678" lat="36.1468098" lon="128.3924293"/>
 <node id="13859377172" visible="true" version="1" changeset="183001433" timestamp="2026-05-22T03:04:59Z" user="Woo Ahn" uid="23263678" lat="36.1468466" lon="128.3924011"/>
 <node id="13859377173" visible="true" version="1" changeset="183001433" timestamp="2026-05-22T03:04:59Z" user="Woo Ahn" uid="23263678" lat="36.1468866" lon="128.3923877"/>
 <node id="13859377174" visible="true" version="1" changeset="183001433" timestamp="2026-05-22T03:04:59Z" user="Woo Ahn" uid="23263678" lat="36.1472753" lon="128.3913859"/>
 <node id="13859377175" visible="true" version="1" changeset="183001433" timestamp="2026-05-22T03:04:59Z" user="Woo Ahn" uid="23263678" lat="36.1475846" lon="128.3912359"/>
 <node id="13859377176" visible="true" version="1" changeset="183001433" timestamp="2026-05-22T03:04:59Z" user="Woo Ahn" uid="23263678" lat="36.1477704" lon="128.3910716"/>
 <node id="13859377177" visible="true" version="1" changeset="183001433" timestamp="2026-05-22T03:04:59Z" user="Woo Ahn" uid="23263678" lat="36.1466523" lon="128.3892043"/>
 <node id="13859377178" visible="true" version="1" changeset="183001433" timestamp="2026-05-22T03:04:59Z" user="Woo Ahn" uid="23263678" lat="36.1465027" lon="128.3891064"/>
 <node id="13859377179" visible="true" version="1" changeset="183001433" timestamp="2026-05-22T03:04:59Z" user="Woo Ahn" uid="23263678" lat="36.1462037" lon="128.3891800"/>
 <node id="13859377180" visible="true" version="1" changeset="183001433" timestamp="2026-05-22T03:04:59Z" user="Woo Ahn" uid="23263678" lat="36.1466154" lon="128.3893051"/>
 <node id="13859377181" visible="true" version="1" changeset="183001433" timestamp="2026-05-22T03:04:59Z" user="Woo Ahn" uid="23263678" lat="36.1464767" lon="128.3892388"/>
 <node id="13859377182" visible="true" version="1" changeset="183001433" timestamp="2026-05-22T03:04:59Z" user="Woo Ahn" uid="23263678" lat="36.1464474" lon="128.3891060"/>
 <node id="13859377183" visible="true" version="1" changeset="183001433" timestamp="2026-05-22T03:04:59Z" user="Woo Ahn" uid="23263678" lat="36.1470645" lon="128.3887409"/>
 <node id="13859377184" visible="true" version="1" changeset="183001433" timestamp="2026-05-22T03:04:59Z" user="Woo Ahn" uid="23263678" lat="36.1470363" lon="128.3887788"/>
 <node id="13859377185" visible="true" version="1" changeset="183001433" timestamp="2026-05-22T03:04:59Z" user="Woo Ahn" uid="23263678" lat="36.1471218" lon="128.3888766"/>
 <node id="13859377186" visible="true" version="1" changeset="183001433" timestamp="2026-05-22T03:04:59Z" user="Woo Ahn" uid="23263678" lat="36.1471500" lon="128.3888387"/>
 <node id="13859377187" visible="true" version="1" changeset="183001433" timestamp="2026-05-22T03:04:59Z" user="Woo Ahn" uid="23263678" lat="36.1450524" lon="128.3874125"/>
 <node id="13859377188" visible="true" version="1" changeset="183001433" timestamp="2026-05-22T03:04:59Z" user="Woo Ahn" uid="23263678" lat="36.1452047" lon="128.3873820"/>
 <node id="13859377189" visible="true" version="1" changeset="183001433" timestamp="2026-05-22T03:04:59Z" user="Woo Ahn" uid="23263678" lat="36.1465647" lon="128.3884310"/>
 <node id="13859377190" visible="true" version="1" changeset="183001433" timestamp="2026-05-22T03:04:59Z" user="Woo Ahn" uid="23263678" lat="36.1463419" lon="128.3885978"/>
 <node id="13859377191" visible="true" version="1" changeset="183001433" timestamp="2026-05-22T03:04:59Z" user="Woo Ahn" uid="23263678" lat="36.1468035" lon="128.3881521"/>
 <node id="13859377192" visible="true" version="1" changeset="183001433" timestamp="2026-05-22T03:04:59Z" user="Woo Ahn" uid="23263678" lat="36.1466616" lon="128.3883587"/>
 <node id="13859377193" visible="true" version="1" changeset="183001433" timestamp="2026-05-22T03:04:59Z" user="Woo Ahn" uid="23263678" lat="36.1465522" lon="128.3884579"/>
 <node id="13859377194" visible="true" version="1" changeset="183001433" timestamp="2026-05-22T03:04:59Z" user="Woo Ahn" uid="23263678" lat="36.1466172" lon="128.3885397"/>
 <node id="13859377195" visible="true" version="1" changeset="183001433" timestamp="2026-05-22T03:04:59Z" user="Woo Ahn" uid="23263678" lat="36.1467482" lon="128.3884163"/>
 <node id="13859377196" visible="true" version="1" changeset="183001433" timestamp="2026-05-22T03:04:59Z" user="Woo Ahn" uid="23263678" lat="36.1468825" lon="128.3882152"/>
 <node id="13859377197" visible="true" version="1" changeset="183001433" timestamp="2026-05-22T03:04:59Z" user="Woo Ahn" uid="23263678" lat="36.1465845" lon="128.3884985"/>
 <node id="13859377198" visible="true" version="1" changeset="183001433" timestamp="2026-05-22T03:04:59Z" user="Woo Ahn" uid="23263678" lat="36.1464080" lon="128.3886057"/>
 <node id="13859377199" visible="true" version="1" changeset="183001433" timestamp="2026-05-22T03:04:59Z" user="Woo Ahn" uid="23263678" lat="36.1431766" lon="128.3942546"/>
 <node id="13859377200" visible="true" version="1" changeset="183001433" timestamp="2026-05-22T03:04:59Z" user="Woo Ahn" uid="23263678" lat="36.1431579" lon="128.3942489"/>
 <node id="13859397801" visible="true" version="1" changeset="183001433" timestamp="2026-05-22T03:04:59Z" user="Woo Ahn" uid="23263678" lat="36.1431223" lon="128.3942968"/>
 <node id="13859397802" visible="true" version="1" changeset="183001433" timestamp="2026-05-22T03:04:59Z" user="Woo Ahn" uid="23263678" lat="36.1431281" lon="128.3943189"/>
 <node id="13859397803" visible="true" version="1" changeset="183001433" timestamp="2026-05-22T03:04:59Z" user="Woo Ahn" uid="23263678" lat="36.1431420" lon="128.3943346"/>
 <node id="13859397804" visible="true" version="1" changeset="183001433" timestamp="2026-05-22T03:04:59Z" user="Woo Ahn" uid="23263678" lat="36.1431394" lon="128.3942558"/>
 <node id="13859397805" visible="true" version="1" changeset="183001433" timestamp="2026-05-22T03:04:59Z" user="Woo Ahn" uid="23263678" lat="36.1431263" lon="128.3942734"/>
 <node id="13859397806" visible="true" version="1" changeset="183001433" timestamp="2026-05-22T03:04:59Z" user="Woo Ahn" uid="23263678" lat="36.1431604" lon="128.3943397"/>
 <node id="13859397807" visible="true" version="1" changeset="183001433" timestamp="2026-05-22T03:04:59Z" user="Woo Ahn" uid="23263678" lat="36.1431783" lon="128.3943328"/>
 <node id="13859397808" visible="true" version="1" changeset="183001433" timestamp="2026-05-22T03:04:59Z" user="Woo Ahn" uid="23263678" lat="36.1431912" lon="128.3943158"/>
 <node id="13859397809" visible="true" version="1" changeset="183001433" timestamp="2026-05-22T03:04:59Z" user="Woo Ahn" uid="23263678" lat="36.1431955" lon="128.3942931"/>
 <node id="13859397810" visible="true" version="1" changeset="183001433" timestamp="2026-05-22T03:04:59Z" user="Woo Ahn" uid="23263678" lat="36.1431902" lon="128.3942707"/>
 <node id="13859397811" visible="true" version="1" changeset="183001433" timestamp="2026-05-22T03:04:59Z" user="Woo Ahn" uid="23263678" lat="36.1432214" lon="128.3941934"/>
 <node id="13859397812" visible="true" version="1" changeset="183001433" timestamp="2026-05-22T03:04:59Z" user="Woo Ahn" uid="23263678" lat="36.1431866" lon="128.3942240"/>
 <node id="13859397813" visible="true" version="1" changeset="183001433" timestamp="2026-05-22T03:04:59Z" user="Woo Ahn" uid="23263678" lat="36.1432231" lon="128.3942948"/>
 <node id="13859397814" visible="true" version="1" changeset="183001433" timestamp="2026-05-22T03:04:59Z" user="Woo Ahn" uid="23263678" lat="36.1432609" lon="128.3942621"/>
 <node id="14108920199" visible="true" version="1" changeset="187773496" timestamp="2026-08-21T03:32:43Z" user="NumisK" uid="15458800" lat="36.1424740" lon="128.3942907"/>
 <way id="181210690" visible="true" version="6" changeset="161611496" timestamp="2025-01-21T18:33:32Z" user="Lavignein" uid="5188781">
  <nd ref="1916534313"/>
  <nd ref="1916534325"/>
  <nd ref="1916534350"/>
  <nd ref="1916534355"/>
  <nd ref="1916534357"/>
  <nd ref="1916534349"/>
  <nd ref="1916534347"/>
  <nd ref="1916534327"/>
  <nd ref="1916534320"/>
  <nd ref="1916534313"/>
  <tag k="building" v="university"/>
  <tag k="name" v="벤처창업관"/>
  <tag k="name:ko" v="벤처창업관"/>
  <tag k="review" v="no"/>
  <tag k="source" v="Bing"/>
 </way>
 <way id="181210691" visible="true" version="12" changeset="182690984" timestamp="2026-05-15T10:28:01Z" user="pudlepoodle" uid="24130265">
  <nd ref="1916534315"/>
  <nd ref="1916534254"/>
  <nd ref="1916534239"/>
  <nd ref="1916534226"/>
  <nd ref="8399433499"/>
  <nd ref="1916534220"/>
  <nd ref="1916534218"/>
  <nd ref="1916534216"/>
  <nd ref="12521111336"/>
  <nd ref="4422056040"/>
  <tag k="highway" v="tertiary"/>
  <tag k="lane_markings" v="yes"/>
  <tag k="layer" v="-1"/>
  <tag k="name" v="대학로"/>
  <tag k="oneway" v="yes"/>
  <tag k="review" v="no"/>
  <tag k="source" v="Bing"/>
  <tag k="surface" v="asphalt"/>
 </way>
 <way id="181210692" visible="true" version="2" changeset="128779766" timestamp="2022-11-11T14:27:38Z" user="케이7" uid="8120174">
  <nd ref="1916534439"/>
  <nd ref="1916534445"/>
  <nd ref="1916534454"/>
  <nd ref="1916534464"/>
  <nd ref="1916534472"/>
  <nd ref="1916534474"/>
  <nd ref="1916534487"/>
  <tag k="highway" v="service"/>
  <tag k="review" v="no"/>
  <tag k="service" v="parking_aisle"/>
  <tag k="source" v="Bing"/>
 </way>
 <way id="181210693" visible="true" version="5" changeset="128779766" timestamp="2022-11-11T14:27:38Z" user="케이7" uid="8120174">
  <nd ref="1916534482"/>
  <nd ref="1916534488"/>
  <nd ref="1916534494"/>
  <nd ref="1916534492"/>
  <nd ref="1916534496"/>
  <nd ref="1916534498"/>
  <nd ref="1916534502"/>
  <nd ref="1916534510"/>
  <nd ref="10175881143"/>
  <nd ref="4861626599"/>
  <nd ref="4861644247"/>
  <nd ref="1916534524"/>
  <nd ref="10175881162"/>
  <nd ref="1916534535"/>
  <nd ref="1916534537"/>
  <tag k="highway" v="service"/>
  <tag k="review" v="no"/>
  <tag k="source" v="Bing"/>
 </way>
 <way id="181210694" visible="true" version="8" changeset="182690768" timestamp="2026-05-15T10:38:27Z" user="pudlepoodle" uid="24130265">
  <nd ref="1916534352"/>
  <nd ref="4853580226"/>
  <nd ref="1916534341"/>
  <nd ref="1916534329"/>
  <nd ref="1916534315"/>
  <tag k="highway" v="service"/>
  <tag k="oneway" v="yes"/>
  <tag k="review" v="no"/>
  <tag k="source" v="Bing"/>
  <tag k="surface" v="asphalt"/>
 </way>
 <way id="181210695" visible="true" version="2" changeset="128779766" timestamp="2022-11-11T14:27:38Z" user="케이7" uid="8120174">
  <nd ref="1916534421"/>
  <nd ref="1916534417"/>
  <nd ref="1916534415"/>
  <nd ref="1916534410"/>
  <nd ref="1916534408"/>
  <nd ref="10175875607"/>
  <nd ref="1916534404"/>
  <nd ref="1916534401"/>
  <nd ref="1916534402"/>
  <nd ref="1916534403"/>
  <nd ref="1916534407"/>
  <nd ref="10175875604"/>
  <nd ref="10175875610"/>
  <nd ref="1916534409"/>
  <nd ref="10175875605"/>
  <nd ref="10175875608"/>
  <nd ref="1916534414"/>
  <nd ref="1916534416"/>
  <nd ref="1916534420"/>
  <nd ref="10175875606"/>
  <nd ref="1916534425"/>
  <nd ref="1916534426"/>
  <nd ref="1916534423"/>
  <nd ref="1916534421"/>
  <tag k="highway" v="service"/>
  <tag k="oneway" v="yes"/>
  <tag k="review" v="no"/>
  <tag k="source" v="Bing"/>
 </way>
 <way id="181210696" visible="true" version="1" changeset="13125494" timestamp="2012-09-16T02:25:47Z" user="alimamo" uid="7213">
  <nd ref="1916534508"/>
  <nd ref="1916534507"/>
  <tag k="highway" v="service"/>
  <tag k="review" v="no"/>
  <tag k="source" v="Bing"/>
 </way>
 <way id="181210698" visible="true" version="1" changeset="13125494" timestamp="2012-09-16T02:25:48Z" user="alimamo" uid="7213">
  <nd ref="1916534394"/>
  <nd ref="1916534392"/>
  <tag k="highway" v="service"/>
  <tag k="review" v="no"/>
  <tag k="source" v="Bing"/>
 </way>
 <way id="181210699" visible="true" version="1" changeset="13125494" timestamp="2012-09-16T02:25:48Z" user="alimamo" uid="7213">
  <nd ref="1916534237"/>
  <nd ref="1916534246"/>
  <tag k="highway" v="service"/>
  <tag k="review" v="no"/>
  <tag k="service" v="parking_aisle"/>
  <tag k="source" v="Bing"/>
 </way>
 <way id="181210701" visible="true" version="1" changeset="13125494" timestamp="2012-09-16T02:25:48Z" user="alimamo" uid="7213">
  <nd ref="1916534534"/>
  <nd ref="1916534529"/>
  <tag k="highway" v="service"/>
  <tag k="review" v="no"/>
  <tag k="source" v="Bing"/>
 </way>
 <way id="181210703" visible="true" version="2" changeset="128758566" timestamp="2022-11-11T04:28:07Z" user="케이7" uid="8120174">
  <nd ref="1916534491"/>
  <nd ref="1916534477"/>
  <tag k="highway" v="service"/>
  <tag k="review" v="no"/>
  <tag k="service" v="parking_aisle"/>
  <tag k="source" v="Bing"/>
 </way>
 <way id="181210704" visible="true" version="1" changeset="13125494" timestamp="2012-09-16T02:25:48Z" user="alimamo" uid="7213">
  <nd ref="1916534259"/>
  <nd ref="1916534245"/>
  <tag k="highway" v="service"/>
  <tag k="review" v="no"/>
  <tag k="service" v="parking_aisle"/>
  <tag k="source" v="Bing"/>
 </way>
 <way id="181210705" visible="true" version="2" changeset="109004933" timestamp="2021-08-02T06:38:26Z" user="LakeMichigan" uid="11387726">
  <nd ref="1916534498"/>
  <nd ref="8973513689"/>
  <nd ref="1916534487"/>
  <tag k="highway" v="service"/>
  <tag k="review" v="no"/>
  <tag k="source" v="Bing"/>
 </way>
 <way id="181210706" visible="true" version="2" changeset="48766804" timestamp="2017-05-17T16:04:40Z" user="The fast mover" uid="4505045">
  <nd ref="1916534246"/>
  <nd ref="4860156581"/>
  <nd ref="1916534254"/>
  <tag k="highway" v="service"/>
  <tag k="review" v="no"/>
  <tag k="source" v="Bing"/>
 </way>
 <way id="181210707" visible="true" version="1" changeset="13125494" timestamp="2012-09-16T02:25:49Z" user="alimamo" uid="7213">
  <nd ref="1916534284"/>
  <nd ref="1916534263"/>
  <tag k="highway" v="service"/>
  <tag k="review" v="no"/>
  <tag k="service" v="parking_aisle"/>
  <tag k="source" v="Bing"/>
 </way>
 <way id="181210709" visible="true" version="1" changeset="13125494" timestamp="2012-09-16T02:25:49Z" user="alimamo" uid="7213">
  <nd ref="1916534277"/>
  <nd ref="1916534297"/>
  <tag k="highway" v="service"/>
  <tag k="review" v="no"/>
  <tag k="service" v="parking_aisle"/>
  <tag k="source" v="Bing"/>
 </way>
 <way id="181210710" visible="true" version="2" changeset="48766916" timestamp="2017-05-17T16:10:14Z" user="The fast mover" uid="4505045">
  <nd ref="1916534450"/>
  <nd ref="4860168807"/>
  <nd ref="1916534445"/>
  <tag k="highway" v="service"/>
  <tag k="review" v="no"/>
  <tag k="source" v="Bing"/>
 </way>
 <way id="181210711" visible="true" version="1" changeset="13125494" timestamp="2012-09-16T02:25:50Z" user="alimamo" uid="7213">
  <nd ref="1916534387"/>
  <nd ref="1916534388"/>
  <tag k="highway" v="service"/>
  <tag k="review" v="no"/>
  <tag k="source" v="Bing"/>
 </way>
 <way id="181210712" visible="true" version="1" changeset="13125494" timestamp="2012-09-16T02:25:50Z" user="alimamo" uid="7213">
  <nd ref="1916534275"/>
  <nd ref="1916534251"/>
  <tag k="highway" v="service"/>
  <tag k="review" v="no"/>
  <tag k="service" v="parking_aisle"/>
  <tag k="source" v="Bing"/>
 </way>
 <way id="181210713" visible="true" version="1" changeset="13125494" timestamp="2012-09-16T02:25:50Z" user="alimamo" uid="7213">
  <nd ref="1916534575"/>
  <nd ref="1916534557"/>
  <tag k="highway" v="service"/>
  <tag k="review" v="no"/>
  <tag k="service" v="parking_aisle"/>
  <tag k="source" v="Bing"/>
 </way>
 <way id="181210715" visible="true" version="3" changeset="128779766" timestamp="2022-11-11T14:27:38Z" user="케이7" uid="8120174">
  <nd ref="1916534468"/>
  <nd ref="4860168804"/>
  <nd ref="1916534454"/>
  <tag k="highway" v="service"/>
  <tag k="review" v="no"/>
  <tag k="source" v="Bing"/>
 </way>
 <way id="181210716" visible="true" version="1" changeset="13125494" timestamp="2012-09-16T02:25:50Z" user="alimamo" uid="7213">
  <nd ref="1916534392"/>
  <nd ref="1916534387"/>
  <tag k="highway" v="service"/>
  <tag k="review" v="no"/>
  <tag k="service" v="parking_aisle"/>
  <tag k="source" v="Bing"/>
 </way>
 <way id="181210718" visible="true" version="3" changeset="128758566" timestamp="2022-11-11T04:28:07Z" user="케이7" uid="8120174">
  <nd ref="1916534246"/>
  <nd ref="1916534238"/>
  <nd ref="1916534229"/>
  <nd ref="1916534237"/>
  <nd ref="1916534245"/>
  <nd ref="1916534251"/>
  <nd ref="1916534263"/>
  <nd ref="1916534277"/>
  <nd ref="1916534280"/>
  <nd ref="1916534286"/>
  <nd ref="1916534290"/>
  <nd ref="1916534310"/>
  <nd ref="1916534297"/>
  <nd ref="1916534284"/>
  <nd ref="1916534275"/>
  <nd ref="1916534259"/>
  <nd ref="1916534246"/>
  <tag k="highway" v="service"/>
  <tag k="review" v="no"/>
  <tag k="service" v="parking_aisle"/>
  <tag k="source" v="Bing"/>
 </way>
 <way id="181210721" visible="true" version="1" changeset="13125494" timestamp="2012-09-16T02:25:51Z" user="alimamo" uid="7213">
  <nd ref="1916534427"/>
  <nd ref="1916534443"/>
  <nd ref="1916534451"/>
  <tag k="highway" v="service"/>
  <tag k="review" v="no"/>
  <tag k="source" v="Bing"/>
 </way>
 <way id="181210722" visible="true" version="1" changeset="13125494" timestamp="2012-09-16T02:25:51Z" user="alimamo" uid="7213">
  <nd ref="1916534298"/>
  <nd ref="1916534302"/>
  <nd ref="1916534322"/>
  <tag k="highway" v="service"/>
  <tag k="review" v="no"/>
  <tag k="service" v="parking_aisle"/>
  <tag k="source" v="Bing"/>
 </way>
 <way id="181210723" visible="true" version="2" changeset="128779766" timestamp="2022-11-11T14:27:38Z" user="케이7" uid="8120174">
  <nd ref="1916534401"/>
  <nd ref="1916534394"/>
  <tag k="highway" v="service"/>
  <tag k="oneway" v="yes"/>
  <tag k="review" v="no"/>
  <tag k="source" v="Bing"/>
 </way>
 <way id="181210724" visible="true" version="3" changeset="182690768" timestamp="2026-05-15T10:44:45Z" user="pudlepoodle" uid="24130265">
  <nd ref="1916534395"/>
  <nd ref="4860156562"/>
  <nd ref="1916534399"/>
  <nd ref="1916534413"/>
  <tag k="highway" v="service"/>
  <tag k="review" v="no"/>
  <tag k="service" v="parking_aisle"/>
  <tag k="source" v="Bing"/>
  <tag k="surface" v="asphalt"/>
 </way>
 <way id="181210725" visible="true" version="3" changeset="128779766" timestamp="2022-11-11T14:27:38Z" user="케이7" uid="8120174">
  <nd ref="1916534427"/>
  <nd ref="8973513686"/>
  <nd ref="1916534406"/>
  <nd ref="1916534401"/>
  <tag k="highway" v="service"/>
  <tag k="oneway" v="yes"/>
  <tag k="review" v="no"/>
  <tag k="source" v="Bing"/>
 </way>
 <way id="181210726" visible="true" version="4" changeset="128758566" timestamp="2022-11-11T04:28:07Z" user="케이7" uid="8120174">
  <nd ref="1916534580"/>
  <nd ref="4860168755"/>
  <nd ref="10174944360"/>
  <nd ref="4859939732"/>
  <nd ref="1916534607"/>
  <nd ref="1916534611"/>
  <tag k="highway" v="service"/>
  <tag k="review" v="no"/>
  <tag k="source" v="Bing"/>
 </way>
 <way id="181210728" visible="true" version="2" changeset="183000580" timestamp="2026-05-22T02:00:45Z" user="Woo Ahn" uid="23263678">
  <nd ref="1916534607"/>
  <nd ref="13859354063"/>
  <nd ref="1916534606"/>
  <nd ref="1916534605"/>
  <tag k="highway" v="service"/>
  <tag k="review" v="no"/>
  <tag k="source" v="Bing"/>
 </way>
 <way id="181210729" visible="true" version="3" changeset="183001433" timestamp="2026-05-22T03:04:59Z" user="Woo Ahn" uid="23263678">
  <nd ref="1916534426"/>
  <nd ref="1916534422"/>
  <nd ref="13859377187"/>
  <nd ref="1916534427"/>
  <tag k="highway" v="service"/>
  <tag k="oneway" v="yes"/>
  <tag k="review" v="no"/>
  <tag k="source" v="Bing"/>
 </way>
 <way id="181210730" visible="true" version="1" changeset="13125494" timestamp="2012-09-16T02:25:53Z" user="alimamo" uid="7213">
  <nd ref="1916534604"/>
  <nd ref="1916534590"/>
  <nd ref="1916534588"/>
  <tag k="highway" v="service"/>
  <tag k="review" v="no"/>
  <tag k="service" v="parking_aisle"/>
  <tag k="source" v="Bing"/>
 </way>
 <way id="181210731" visible="true" version="1" changeset="13125494" timestamp="2012-09-16T02:25:53Z" user="alimamo" uid="7213">
  <nd ref="1916534309"/>
  <nd ref="1916534318"/>
  <nd ref="1916534333"/>
  <tag k="highway" v="service"/>
  <tag k="review" v="no"/>
  <tag k="service" v="parking_aisle"/>
  <tag k="source" v="Bing"/>
 </way>
 <way id="181210732" visible="true" version="2" changeset="182690768" timestamp="2026-05-15T10:48:24Z" user="pudlepoodle" uid="24130265">
  <nd ref="1916534485"/>
  <nd ref="1916534491"/>
  <nd ref="1916534493"/>
  <tag k="highway" v="service"/>
  <tag k="review" v="no"/>
  <tag k="service" v="parking_aisle"/>
  <tag k="source" v="Bing"/>
  <tag k="surface" v="asphalt"/>
 </way>
 <way id="181210734" visible="true" version="1" changeset="13125494" timestamp="2012-09-16T02:25:54Z" user="alimamo" uid="7213">
  <nd ref="1916534494"/>
  <nd ref="1916534506"/>
  <nd ref="1916534507"/>
  <nd ref="1916534509"/>
  <tag k="highway" v="service"/>
  <tag k="review" v="no"/>
  <tag k="source" v="Bing"/>
 </way>
 <way id="181210735" visible="true" version="1" changeset="13125494" timestamp="2012-09-16T02:25:54Z" user="alimamo" uid="7213">
  <nd ref="1916534597"/>
  <nd ref="1916534599"/>
  <nd ref="1916534601"/>
  <nd ref="1916534603"/>
  <tag k="highway" v="service"/>
  <tag k="oneway" v="yes"/>
  <tag k="review" v="no"/>
  <tag k="source" v="Bing"/>
 </way>
 <way id="181210736" visible="true" version="2" changeset="128779766" timestamp="2022-11-11T14:27:38Z" user="케이7" uid="8120174">
  <nd ref="1916534509"/>
  <nd ref="1916534501"/>
  <nd ref="1916534482"/>
  <tag k="highway" v="service"/>
  <tag k="oneway" v="yes"/>
  <tag k="review" v="no"/>
  <tag k="source" v="Bing"/>
 </way>
 <way id="181210737" visible="true" version="5" changeset="182690768" timestamp="2026-05-15T10:43:50Z" user="pudlepoodle" uid="24130265">
  <nd ref="1916534441"/>
  <nd ref="4860156556"/>
  <nd ref="10175881165"/>
  <nd ref="13074740767"/>
  <nd ref="1916534438"/>
  <nd ref="4860156559"/>
  <nd ref="1916534430"/>
  <tag k="highway" v="service"/>
  <tag k="review" v="no"/>
  <tag k="service" v="parking_aisle"/>
  <tag k="source" v="Bing"/>
  <tag k="surface" v="asphalt"/>
 </way>
 <way id="181210738" visible="true" version="1" changeset="13125494" timestamp="2012-09-16T02:25:54Z" user="alimamo" uid="7213">
  <nd ref="1916534570"/>
  <nd ref="1916534569"/>
  <nd ref="1916534572"/>
  <nd ref="1916534571"/>
  <tag k="highway" v="service"/>
  <tag k="oneway" v="yes"/>
  <tag k="review" v="no"/>
  <tag k="source" v="Bing"/>
 </way>
 <way id="181210740" visible="true" version="2" changeset="128779766" timestamp="2022-11-11T14:27:38Z" user="케이7" uid="8120174">
  <nd ref="1916534436"/>
  <nd ref="1916534431"/>
  <nd ref="10175881125"/>
  <nd ref="1916534428"/>
  <nd ref="10175881132"/>
  <nd ref="1916534426"/>
  <tag k="highway" v="service"/>
  <tag k="oneway" v="yes"/>
  <tag k="review" v="no"/>
  <tag k="source" v="Bing"/>
 </way>
 <way id="181210741" visible="true" version="2" changeset="48729202" timestamp="2017-05-16T11:54:59Z" user="The fast mover" uid="4505045">
  <nd ref="1916534603"/>
  <nd ref="1916534600"/>
  <nd ref="4857609643"/>
  <nd ref="1916534581"/>
  <nd ref="1916534563"/>
  <tag k="highway" v="service"/>
  <tag k="oneway" v="yes"/>
  <tag k="review" v="no"/>
  <tag k="source" v="Bing"/>
 </way>
 <way id="181210744" visible="true" version="14" changeset="161611496" timestamp="2025-01-21T18:33:32Z" user="Lavignein" uid="5188781">
  <nd ref="1916534563"/>
  <nd ref="1916534537"/>
  <nd ref="4860156609"/>
  <nd ref="1916534518"/>
  <nd ref="4712796948"/>
  <nd ref="1916534441"/>
  <nd ref="1916534430"/>
  <nd ref="1916534395"/>
  <tag k="highway" v="service"/>
  <tag k="review" v="no"/>
  <tag k="source" v="Bing"/>
 </way>
 <way id="181210745" visible="true" version="2" changeset="128758566" timestamp="2022-11-11T04:28:07Z" user="케이7" uid="8120174">
  <nd ref="1916534552"/>
  <nd ref="1916534553"/>
  <nd ref="1916534560"/>
  <nd ref="1916534564"/>
  <nd ref="1916534570"/>
  <tag k="highway" v="service"/>
  <tag k="oneway" v="yes"/>
  <tag k="review" v="no"/>
  <tag k="source" v="Bing"/>
 </way>
 <way id="181210746" visible="true" version="3" changeset="128758566" timestamp="2022-11-11T04:28:07Z" user="케이7" uid="8120174">
  <nd ref="1916534475"/>
  <nd ref="1916534477"/>
  <nd ref="1916534481"/>
  <nd ref="4860168782"/>
  <nd ref="1916534479"/>
  <tag k="highway" v="service"/>
  <tag k="review" v="no"/>
  <tag k="service" v="parking_aisle"/>
  <tag k="source" v="Bing"/>
 </way>
 <way id="181210747" visible="true" version="2" changeset="182690768" timestamp="2026-05-15T10:48:19Z" user="pudlepoodle" uid="24130265">
  <nd ref="1916534463"/>
  <nd ref="1916534465"/>
  <nd ref="1916534467"/>
  <nd ref="1916534471"/>
  <nd ref="1916534477"/>
  <tag k="highway" v="service"/>
  <tag k="review" v="no"/>
  <tag k="service" v="parking_aisle"/>
  <tag k="source" v="Bing"/>
  <tag k="surface" v="asphalt"/>
 </way>
 <way id="181210748" visible="true" version="2" changeset="109004933" timestamp="2021-08-02T06:38:26Z" user="LakeMichigan" uid="11387726">
  <nd ref="1916534584"/>
  <nd ref="8973513681"/>
  <nd ref="1916534555"/>
  <nd ref="1916534557"/>
  <nd ref="1916534559"/>
  <nd ref="8973513680"/>
  <nd ref="1916534579"/>
  <tag k="highway" v="service"/>
  <tag k="review" v="no"/>
  <tag k="service" v="parking_aisle"/>
  <tag k="source" v="Bing"/>
 </way>
 <way id="181210749" visible="true" version="1" changeset="13125494" timestamp="2012-09-16T02:25:56Z" user="alimamo" uid="7213">
  <nd ref="1916534482"/>
  <nd ref="1916534468"/>
  <nd ref="1916534459"/>
  <nd ref="1916534450"/>
  <nd ref="1916534436"/>
  <tag k="highway" v="service"/>
  <tag k="review" v="no"/>
  <tag k="source" v="Bing"/>
 </way>
 <way id="181210751" visible="true" version="1" changeset="13125494" timestamp="2012-09-16T02:25:56Z" user="alimamo" uid="7213">
  <nd ref="1916534591"/>
  <nd ref="1916534603"/>
  <nd ref="1916534608"/>
  <nd ref="1916534609"/>
  <nd ref="1916534610"/>
  <tag k="highway" v="service"/>
  <tag k="review" v="no"/>
  <tag k="source" v="Bing"/>
 </way>
 <way id="181210753" visible="true" version="2" changeset="128758566" timestamp="2022-11-11T04:28:07Z" user="케이7" uid="8120174">
  <nd ref="1916534606"/>
  <nd ref="1916534595"/>
  <nd ref="1916534594"/>
  <nd ref="1916534605"/>
  <tag k="highway" v="service"/>
  <tag k="review" v="no"/>
  <tag k="service" v="parking_aisle"/>
  <tag k="source" v="Bing"/>
 </way>
 <way id="181210754" visible="true" version="3" changeset="82063445" timestamp="2020-03-11T13:46:08Z" user="Lavignein" uid="5188781">
  <nd ref="1916534605"/>
  <nd ref="1916534604"/>
  <nd ref="1916534602"/>
  <nd ref="1916534588"/>
  <tag k="highway" v="service"/>
  <tag k="review" v="no"/>
  <tag k="service" v="parking_aisle"/>
  <tag k="source" v="Bing"/>
 </way>
 <way id="181210756" visible="true" version="2" changeset="182690768" timestamp="2026-05-15T10:36:31Z" user="pudlepoodle" uid="24130265">
  <nd ref="1916534411"/>
  <nd ref="1916534399"/>
  <nd ref="1916534391"/>
  <nd ref="1916534398"/>
  <nd ref="1916534413"/>
  <nd ref="1916534433"/>
  <nd ref="1916534411"/>
  <tag k="highway" v="service"/>
  <tag k="review" v="no"/>
  <tag k="service" v="parking_aisle"/>
  <tag k="source" v="Bing"/>
  <tag k="surface" v="asphalt"/>
 </way>
 <way id="181210758" visible="true" version="2" changeset="128779766" timestamp="2022-11-11T14:27:38Z" user="케이7" uid="8120174">
  <nd ref="1916534394"/>
  <nd ref="1916534405"/>
  <nd ref="10175881126"/>
  <nd ref="10175875605"/>
  <nd ref="10175875609"/>
  <nd ref="1916534412"/>
  <nd ref="1916534429"/>
  <nd ref="1916534436"/>
  <tag k="highway" v="service"/>
  <tag k="oneway" v="yes"/>
  <tag k="review" v="no"/>
  <tag k="source" v="Bing"/>
 </way>
 <way id="181210760" visible="true" version="2" changeset="48728758" timestamp="2017-05-16T11:36:18Z" user="The fast mover" uid="4505045">
  <nd ref="1916534539"/>
  <nd ref="1916534532"/>
  <nd ref="1916534529"/>
  <nd ref="1916534527"/>
  <nd ref="1916534521"/>
  <nd ref="4857588967"/>
  <nd ref="1916534512"/>
  <nd ref="1916534509"/>
  <tag k="highway" v="service"/>
  <tag k="review" v="no"/>
  <tag k="source" v="Bing"/>
 </way>
 <way id="181210761" visible="true" version="3" changeset="182690768" timestamp="2026-05-15T10:38:17Z" user="pudlepoodle" uid="24130265">
  <nd ref="1916534371"/>
  <nd ref="1916534370"/>
  <nd ref="1916534367"/>
  <nd ref="4853580224"/>
  <nd ref="1916534364"/>
  <nd ref="1916534362"/>
  <nd ref="1916534361"/>
  <nd ref="4853580014"/>
  <nd ref="1916534363"/>
  <tag k="highway" v="service"/>
  <tag k="oneway" v="yes"/>
  <tag k="review" v="no"/>
  <tag k="source" v="Bing"/>
  <tag k="surface" v="asphalt"/>
 </way>
 <way id="181210762" visible="true" version="4" changeset="128758566" timestamp="2022-11-11T04:28:07Z" user="케이7" uid="8120174">
  <nd ref="1916534561"/>
  <nd ref="1916534565"/>
  <nd ref="1916534570"/>
  <nd ref="4860168775"/>
  <nd ref="1916534576"/>
  <nd ref="10174944347"/>
  <nd ref="1916534585"/>
  <nd ref="10174944325"/>
  <nd ref="1916534587"/>
  <nd ref="4860152613"/>
  <nd ref="1916534568"/>
  <tag k="highway" v="service"/>
  <tag k="review" v="no"/>
  <tag k="source" v="Bing"/>
 </way>
 <way id="181210763" visible="true" version="1" changeset="13125494" timestamp="2012-09-16T02:25:59Z" user="alimamo" uid="7213">
  <nd ref="1916534542"/>
  <nd ref="1916534538"/>
  <nd ref="1916534534"/>
  <nd ref="1916534530"/>
  <nd ref="1916534526"/>
  <nd ref="1916534520"/>
  <nd ref="1916534513"/>
  <nd ref="1916534508"/>
  <nd ref="1916534503"/>
  <tag k="highway" v="service"/>
  <tag k="review" v="no"/>
  <tag k="service" v="parking_aisle"/>
  <tag k="source" v="Bing"/>
 </way>
 <way id="181210764" visible="true" version="7" changeset="182690768" timestamp="2026-05-15T10:37:29Z" user="pudlepoodle" uid="24130265">
  <nd ref="1916534394"/>
  <nd ref="1916534388"/>
  <nd ref="4857587005"/>
  <nd ref="1916534381"/>
  <nd ref="1916534380"/>
  <nd ref="1916534379"/>
  <nd ref="1916534377"/>
  <nd ref="2429714279"/>
  <nd ref="2429714229"/>
  <nd ref="2429714200"/>
  <nd ref="2429714214"/>
  <nd ref="2429714188"/>
  <nd ref="2429714208"/>
  <nd ref="2429714227"/>
  <nd ref="2429714193"/>
  <nd ref="2429714280"/>
  <nd ref="2429714202"/>
  <nd ref="2429714243"/>
  <nd ref="2429714211"/>
  <nd ref="2429714222"/>
  <nd ref="2429714221"/>
  <nd ref="2429714206"/>
  <nd ref="2429714217"/>
  <nd ref="2429714205"/>
  <nd ref="4857688940"/>
  <nd ref="10175881168"/>
  <nd ref="2429714201"/>
  <nd ref="1916534372"/>
  <tag k="highway" v="service"/>
  <tag k="review" v="no"/>
  <tag k="source" v="Bing"/>
  <tag k="surface" v="asphalt"/>
 </way>
 <way id="181210765" visible="true" version="9" changeset="161611496" timestamp="2025-01-21T18:33:32Z" user="Lavignein" uid="5188781">
  <nd ref="8707919889"/>
  <nd ref="1916534217"/>
  <nd ref="1916534219"/>
  <nd ref="1916534221"/>
  <nd ref="1916534224"/>
  <nd ref="12521111248"/>
  <nd ref="1916534227"/>
  <nd ref="8867391128"/>
  <nd ref="1916534242"/>
  <nd ref="4853580229"/>
  <nd ref="1916534308"/>
  <tag k="highway" v="tertiary"/>
  <tag k="layer" v="-1"/>
  <tag k="name" v="대학로"/>
  <tag k="oneway" v="yes"/>
  <tag k="review" v="no"/>
  <tag k="source" v="Bing"/>
 </way>
 <way id="181210768" visible="true" version="2" changeset="128779766" timestamp="2022-11-11T14:27:38Z" user="케이7" uid="8120174">
  <nd ref="1916534332"/>
  <nd ref="1916534346"/>
  <nd ref="1916534233"/>
  <nd ref="1916534228"/>
  <nd ref="1916534278"/>
  <nd ref="1916534291"/>
  <nd ref="1916534293"/>
  <nd ref="1916534289"/>
  <nd ref="10175881169"/>
  <nd ref="1916534295"/>
  <nd ref="1916534316"/>
  <nd ref="1916534317"/>
  <nd ref="1916534324"/>
  <nd ref="1916534332"/>
  <tag k="amenity" v="parking"/>
  <tag k="parking" v="surface"/>
  <tag k="review" v="no"/>
  <tag k="source" v="Bing"/>
 </way>
 <way id="181210769" visible="true" version="1" changeset="13125494" timestamp="2012-09-16T02:26:00Z" user="alimamo" uid="7213">
  <nd ref="1916534442"/>
  <nd ref="1916534434"/>
  <nd ref="1916534446"/>
  <nd ref="1916534452"/>
  <nd ref="1916534460"/>
  <nd ref="1916534466"/>
  <nd ref="1916534470"/>
  <nd ref="1916534483"/>
  <nd ref="1916534497"/>
  <nd ref="1916534484"/>
  <nd ref="1916534476"/>
  <nd ref="1916534473"/>
  <nd ref="1916534456"/>
  <nd ref="1916534444"/>
  <nd ref="1916534442"/>
  <tag k="amenity" v="parking"/>
  <tag k="parking" v="surface"/>
  <tag k="review" v="no"/>
  <tag k="source" v="Bing"/>
 </way>
 <way id="181210770" visible="true" version="1" changeset="13125494" timestamp="2012-09-16T02:26:00Z" user="alimamo" uid="7213">
  <nd ref="1916534541"/>
  <nd ref="1916534536"/>
  <nd ref="1916534533"/>
  <nd ref="1916534528"/>
  <nd ref="1916534523"/>
  <nd ref="1916534517"/>
  <nd ref="1916534511"/>
  <nd ref="1916534505"/>
  <nd ref="1916534500"/>
  <nd ref="1916534504"/>
  <nd ref="1916534515"/>
  <nd ref="1916534525"/>
  <nd ref="1916534531"/>
  <nd ref="1916534540"/>
  <nd ref="1916534544"/>
  <nd ref="1916534546"/>
  <nd ref="1916534541"/>
  <tag k="amenity" v="parking"/>
  <tag k="parking" v="surface"/>
  <tag k="review" v="no"/>
  <tag k="source" v="Bing"/>
 </way>
 <way id="181210771" visible="true" version="2" changeset="128779766" timestamp="2022-11-11T14:27:38Z" user="케이7" uid="8120174">
  <nd ref="1916534396"/>
  <nd ref="10175881127"/>
  <nd ref="1916534393"/>
  <nd ref="1916534383"/>
  <nd ref="1916534385"/>
  <nd ref="1916534396"/>
  <tag k="amenity" v="parking"/>
  <tag k="parking" v="surface"/>
  <tag k="review" v="no"/>
  <tag k="source" v="Bing"/>
 </way>
 <way id="181210772" visible="true" version="2" changeset="182691373" timestamp="2026-05-15T10:36:59Z" user="pudlepoodle" uid="24130265">
  <nd ref="1916534447"/>
  <nd ref="1916534449"/>
  <nd ref="1916534432"/>
  <nd ref="1916534424"/>
  <nd ref="1916534447"/>
  <tag k="access" v="yes"/>
  <tag k="amenity" v="parking"/>
  <tag k="parking" v="surface"/>
  <tag k="review" v="no"/>
  <tag k="source" v="Bing"/>
 </way>
 <way id="181210773" visible="true" version="2" changeset="182691373" timestamp="2026-05-15T10:36:51Z" user="pudlepoodle" uid="24130265">
  <nd ref="1916534418"/>
  <nd ref="1916534389"/>
  <nd ref="1916534397"/>
  <nd ref="1916534440"/>
  <nd ref="1916534418"/>
  <tag k="access" v="yes"/>
  <tag k="amenity" v="parking"/>
  <tag k="parking" v="surface"/>
  <tag k="review" v="no"/>
  <tag k="source" v="Bing"/>
 </way>
 <way id="181210774" visible="true" version="4" changeset="65934646" timestamp="2019-01-01T15:23:17Z" user="LuxuryCoop" uid="7245212">
  <nd ref="1916534296"/>
  <nd ref="1916534301"/>
  <nd ref="1916534307"/>
  <nd ref="1916534311"/>
  <nd ref="1916534314"/>
  <nd ref="1916534312"/>
  <nd ref="1916534305"/>
  <nd ref="1916534299"/>
  <nd ref="1916534294"/>
  <nd ref="1916534287"/>
  <nd ref="1916534285"/>
  <nd ref="1916534282"/>
  <nd ref="1916534279"/>
  <nd ref="1916534274"/>
  <nd ref="1916534267"/>
  <nd ref="1916534264"/>
  <nd ref="1916534256"/>
  <nd ref="1916534249"/>
  <nd ref="1916534248"/>
  <nd ref="1916534244"/>
  <nd ref="1916534241"/>
  <nd ref="1916534236"/>
  <nd ref="1916534234"/>
  <nd ref="1916534231"/>
  <nd ref="1916534230"/>
  <nd ref="1916534232"/>
  <nd ref="1916534235"/>
  <nd ref="1916534240"/>
  <nd ref="1916534243"/>
  <nd ref="1916534247"/>
  <nd ref="1916534253"/>
  <nd ref="1916534258"/>
  <nd ref="1916534261"/>
  <nd ref="1916534266"/>
  <nd ref="1916534270"/>
  <nd ref="1916534271"/>
  <nd ref="1916534272"/>
  <nd ref="1916534273"/>
  <nd ref="1916534276"/>
  <nd ref="1916534281"/>
  <nd ref="1916534283"/>
  <nd ref="1916534288"/>
  <nd ref="1916534292"/>
  <nd ref="1916534296"/>
  <tag k="name" v="금오지"/>
  <tag k="name:ko" v="금오지"/>
  <tag k="natural" v="water"/>
  <tag k="review" v="no"/>
  <tag k="source" v="http://www.kumoh.ac.kr/homepage/default/page/subLocation.do?menu_no=1001010602#"/>
 </way>
 <way id="181210775" visible="true" version="2" changeset="48729952" timestamp="2017-05-16T12:21:25Z" user="The fast mover" uid="4505045">
  <nd ref="1916534578"/>
  <nd ref="1916534551"/>
  <nd ref="1916534549"/>
  <nd ref="4857680523"/>
  <nd ref="1916534556"/>
  <nd ref="1916534573"/>
  <nd ref="1916534578"/>
  <tag k="amenity" v="parking"/>
  <tag k="parking" v="surface"/>
  <tag k="review" v="no"/>
  <tag k="source" v="Bing"/>
 </way>
 <way id="181210776" visible="true" version="1" changeset="13125494" timestamp="2012-09-16T02:26:01Z" user="alimamo" uid="7213">
  <nd ref="1916534345"/>
  <nd ref="1916534353"/>
  <nd ref="1916534339"/>
  <nd ref="1916534335"/>
  <nd ref="1916534323"/>
  <nd ref="1916534303"/>
  <nd ref="1916534330"/>
  <nd ref="1916534338"/>
  <nd ref="1916534345"/>
  <tag k="amenity" v="parking"/>
  <tag k="parking" v="surface"/>
  <tag k="review" v="no"/>
  <tag k="source" v="Bing"/>
 </way>
 <way id="181210777" visible="true" version="2" changeset="161611496" timestamp="2025-01-21T18:33:32Z" user="Lavignein" uid="5188781">
  <nd ref="1916534495"/>
  <nd ref="1916534485"/>
  <nd ref="1916534475"/>
  <nd ref="12521111386"/>
  <nd ref="1916534463"/>
  <nd ref="1916534453"/>
  <nd ref="1916534455"/>
  <nd ref="1916534462"/>
  <nd ref="1916534469"/>
  <nd ref="1916534486"/>
  <nd ref="1916534499"/>
  <nd ref="1916534495"/>
  <tag k="amenity" v="parking"/>
  <tag k="parking" v="surface"/>
  <tag k="review" v="no"/>
  <tag k="source" v="Bing"/>
 </way>
 <way id="234847049" visible="true" version="13" changeset="183000580" timestamp="2026-05-22T02:00:45Z" user="Woo Ahn" uid="23263678">
  <nd ref="2429714215"/>
  <nd ref="2429714247"/>
  <nd ref="2429714224"/>
  <nd ref="10174944336"/>
  <nd ref="2429714199"/>
  <nd ref="2429714197"/>
  <nd ref="2429714242"/>
  <nd ref="2429714187"/>
  <nd ref="2429714239"/>
  <nd ref="2429714198"/>
  <nd ref="2429714207"/>
  <nd ref="2429714262"/>
  <nd ref="2429714254"/>
  <nd ref="2429714272"/>
  <nd ref="2429714235"/>
  <nd ref="13599109808"/>
  <nd ref="13599109807"/>
  <nd ref="2429714237"/>
  <nd ref="2429714186"/>
  <nd ref="2429714252"/>
  <nd ref="2429714238"/>
  <nd ref="4860156578"/>
  <nd ref="10175881172"/>
  <nd ref="4860152591"/>
  <nd ref="10175881171"/>
  <nd ref="2429714230"/>
  <nd ref="2429714241"/>
  <nd ref="2429714190"/>
  <nd ref="2429714213"/>
  <nd ref="4853580242"/>
  <nd ref="2429714223"/>
  <nd ref="2429714228"/>
  <nd ref="2429714270"/>
  <nd ref="2429714225"/>
  <nd ref="2429714233"/>
  <nd ref="2429714195"/>
  <nd ref="2429714281"/>
  <nd ref="2429714261"/>
  <nd ref="2429714251"/>
  <nd ref="4857651599"/>
  <nd ref="2429714194"/>
  <nd ref="4857651598"/>
  <nd ref="2429714268"/>
  <nd ref="4857651597"/>
  <nd ref="2429714255"/>
  <nd ref="2429714226"/>
  <nd ref="2429714249"/>
  <nd ref="2429714234"/>
  <nd ref="4857651595"/>
  <nd ref="2429714209"/>
  <nd ref="2429714189"/>
  <nd ref="2429714245"/>
  <nd ref="2429714219"/>
  <nd ref="2429714276"/>
  <nd ref="2429714236"/>
  <nd ref="2429714192"/>
  <nd ref="2429714278"/>
  <nd ref="2429714258"/>
  <nd ref="10174944323"/>
  <nd ref="2429714220"/>
  <nd ref="2429714231"/>
  <nd ref="7285060660"/>
  <nd ref="10175875558"/>
  <nd ref="7285060662"/>
  <nd ref="7285060663"/>
  <nd ref="7285060664"/>
  <nd ref="6556745593"/>
  <nd ref="2429714284"/>
  <nd ref="2429714269"/>
  <nd ref="2429714271"/>
  <nd ref="7285060669"/>
  <nd ref="2429714240"/>
  <nd ref="2429714250"/>
  <nd ref="7285060666"/>
  <nd ref="7285060667"/>
  <nd ref="7285060668"/>
  <nd ref="2429714191"/>
  <nd ref="2429714203"/>
  <nd ref="2429714212"/>
  <nd ref="2429714256"/>
  <nd ref="2429714210"/>
  <nd ref="2429714273"/>
  <nd ref="2429714246"/>
  <nd ref="2429714216"/>
  <nd ref="2429714248"/>
  <nd ref="2429714263"/>
  <nd ref="2429714275"/>
  <nd ref="2429714277"/>
  <nd ref="2429714264"/>
  <nd ref="2429714253"/>
  <nd ref="2429714215"/>
  <tag k="addr:housename" v="국립금오공과대학교"/>
  <tag k="addr:housenumber" v="61"/>
  <tag k="addr:street" v="대학로"/>
  <tag k="alt_name" v="KIT"/>
  <tag k="amenity" v="university"/>
  <tag k="int_name" v="금오공과대학교"/>
  <tag k="name" v="국립금오공과대학교"/>
  <tag k="name:en" v="Kumoh National Institute of Technology"/>
  <tag k="name:ko" v="국립금오공과대학교"/>
  <tag k="name:short" v="금오공대"/>
  <tag k="website" v="https://www.kumoh.ac.kr/main.do"/>
  <tag k="wikidata" v="Q625165"/>
 </way>
 <way id="441414720" visible="true" version="5" changeset="128758566" timestamp="2022-11-11T04:28:07Z" user="케이7" uid="8120174">
  <nd ref="4391622689"/>
  <nd ref="4855945490"/>
  <nd ref="4391622690"/>
  <nd ref="4391622691"/>
  <nd ref="4391622692"/>
  <nd ref="4391622693"/>
  <nd ref="4391622694"/>
  <nd ref="4391622695"/>
  <nd ref="4391622696"/>
  <nd ref="4391622697"/>
  <nd ref="4391622698"/>
  <nd ref="4391622699"/>
  <nd ref="4391622700"/>
  <nd ref="4391622701"/>
  <nd ref="10174944390"/>
  <nd ref="4391622702"/>
  <nd ref="4391622703"/>
  <nd ref="4391622705"/>
  <nd ref="4391622706"/>
  <nd ref="10174944389"/>
  <nd ref="10174944388"/>
  <nd ref="4391622707"/>
  <nd ref="4391622708"/>
  <nd ref="4391622709"/>
  <nd ref="4391622710"/>
  <nd ref="10174944385"/>
  <nd ref="10174944384"/>
  <nd ref="4391622711"/>
  <nd ref="4391622712"/>
  <nd ref="4391622713"/>
  <nd ref="4391622716"/>
  <nd ref="4391622717"/>
  <nd ref="4391622718"/>
  <nd ref="4391622689"/>
  <tag k="building" v="university"/>
  <tag k="description" v="기계과 및 기타 관련 학과 학생들의 서식지"/>
  <tag k="name" v="금오공과대학교 테크노관"/>
  <tag k="name:ko" v="금오공과대학교 테크노관"/>
 </way>
 <way id="441414726" visible="true" version="6" changeset="161611496" timestamp="2025-01-21T18:33:32Z" user="Lavignein" uid="5188781">
  <nd ref="4391622719"/>
  <nd ref="8973513693"/>
  <nd ref="4857700346"/>
  <nd ref="4391622728"/>
  <nd ref="4391622719"/>
  <tag k="building" v="university"/>
  <tag k="description" v="열람실을 잘 이용하자"/>
  <tag k="layer" v="1"/>
  <tag k="name" v="금오공과대학교 도서관"/>
  <tag k="name:ko" v="금오공과대학교 도서관"/>
 </way>
 <way id="441414729" visible="true" version="4" changeset="161611496" timestamp="2025-01-21T18:33:32Z" user="Lavignein" uid="5188781">
  <nd ref="4391622729"/>
  <nd ref="4391622730"/>
  <nd ref="4391622731"/>
  <nd ref="4391622737"/>
  <nd ref="4391622739"/>
  <nd ref="12521111391"/>
  <nd ref="12521111392"/>
  <nd ref="4391622729"/>
  <tag k="landuse" v="retail"/>
  <tag k="name" v="편의시설"/>
  <tag k="name:ko" v="편의시설"/>
 </way>
 <way id="441414732" visible="true" version="3" changeset="161611496" timestamp="2025-01-21T18:33:32Z" user="Lavignein" uid="5188781">
  <nd ref="4391622740"/>
  <nd ref="4391622741"/>
  <nd ref="4391622742"/>
  <nd ref="4391622743"/>
  <nd ref="4391622744"/>
  <nd ref="4391622745"/>
  <nd ref="4391622746"/>
  <nd ref="12521111377"/>
  <nd ref="12521111378"/>
  <nd ref="4391622747"/>
  <nd ref="4391622748"/>
  <nd ref="4391622749"/>
  <nd ref="4391622740"/>
  <tag k="building" v="university"/>
  <tag k="description" v="인사이더들의 서식처"/>
  <tag k="name" v="학생회관"/>
  <tag k="name:ko" v="학생회관"/>
 </way>
 <way id="441414735" visible="true" version="4" changeset="128779766" timestamp="2022-11-11T14:27:38Z" user="케이7" uid="8120174">
  <nd ref="4391622750"/>
  <nd ref="4391622751"/>
  <nd ref="4391622752"/>
  <nd ref="4391622753"/>
  <nd ref="4391622754"/>
  <nd ref="4391622755"/>
  <nd ref="4391622757"/>
  <nd ref="10175881121"/>
  <nd ref="4391622758"/>
  <nd ref="4391622759"/>
  <nd ref="4391622760"/>
  <nd ref="4391622761"/>
  <nd ref="4391622762"/>
  <nd ref="4391622763"/>
  <nd ref="4391622764"/>
  <nd ref="4391622750"/>
  <tag k="building" v="university"/>
  <tag k="layer" v="1"/>
  <tag k="name" v="금오공과대학교 글로벌관"/>
  <tag k="name:ko" v="금오공과대학교 글로벌관"/>
 </way>
 <way id="441414739" visible="true" version="5" changeset="161611496" timestamp="2025-01-21T18:33:32Z" user="Lavignein" uid="5188781">
  <nd ref="4391622765"/>
  <nd ref="4391622766"/>
  <nd ref="4391622767"/>
  <nd ref="4391622768"/>
  <nd ref="12521111417"/>
  <nd ref="4391622769"/>
  <nd ref="4391622770"/>
  <nd ref="4391622771"/>
  <nd ref="4391622772"/>
  <nd ref="4391622773"/>
  <nd ref="4391622774"/>
  <nd ref="12521111418"/>
  <nd ref="12521111419"/>
  <nd ref="4391622775"/>
  <nd ref="4391622765"/>
  <tag k="building" v="university"/>
  <tag k="name" v="금오공과대학교 디지털관"/>
  <tag k="name:ko" v="금오공과대학교 디지털관"/>
 </way>
 <way id="472086563" visible="true" version="11" changeset="183000580" timestamp="2026-05-22T02:00:45Z" user="Woo Ahn" uid="23263678">
  <nd ref="4860156572"/>
  <nd ref="4663215384"/>
  <nd ref="4663215385"/>
  <nd ref="12521111382"/>
  <nd ref="12521111383"/>
  <nd ref="4663215386"/>
  <nd ref="12521111385"/>
  <nd ref="4855945479"/>
  <nd ref="12521111447"/>
  <nd ref="4663215387"/>
  <nd ref="12521111448"/>
  <nd ref="4857700342"/>
  <nd ref="12521111445"/>
  <nd ref="13859354074"/>
  <nd ref="12521111446"/>
  <nd ref="13859354088"/>
  <nd ref="4853586168"/>
  <nd ref="13074740742"/>
  <nd ref="12521111443"/>
  <nd ref="13074740741"/>
  <nd ref="12521111444"/>
  <nd ref="12521111423"/>
  <nd ref="13859354083"/>
  <nd ref="4861633178"/>
  <nd ref="13074740737"/>
  <nd ref="12521111442"/>
  <nd ref="4860156538"/>
  <tag k="highway" v="pedestrian"/>
 </way>
 <way id="472086565" visible="true" version="5" changeset="182690768" timestamp="2026-05-15T10:47:47Z" user="pudlepoodle" uid="24130265">
  <nd ref="4663215384"/>
  <nd ref="4663215689"/>
  <tag k="highway" v="pedestrian"/>
  <tag k="noname" v="yes"/>
  <tag k="surface" v="paving_stones"/>
 </way>
 <way id="472086566" visible="true" version="3" changeset="161611496" timestamp="2025-01-21T18:33:32Z" user="Lavignein" uid="5188781">
  <nd ref="4663215690"/>
  <nd ref="4663215691"/>
  <nd ref="4663215692"/>
  <nd ref="4663215693"/>
  <nd ref="4663215694"/>
  <nd ref="4663215695"/>
  <nd ref="4663215690"/>
  <tag k="building" v="university"/>
  <tag k="name:ko" v="금오공과대학교 본관"/>
 </way>
 <way id="472227156" visible="true" version="2" changeset="48766804" timestamp="2017-05-17T16:04:40Z" user="The fast mover" uid="4505045">
  <nd ref="4664402705"/>
  <nd ref="4860156565"/>
  <nd ref="4664402709"/>
  <nd ref="4664402706"/>
  <nd ref="4664402707"/>
  <nd ref="4664402708"/>
  <nd ref="4664402709"/>
  <tag k="highway" v="service"/>
  <tag k="service" v="parking_aisle"/>
 </way>
 <way id="472227157" visible="true" version="1" changeset="45816461" timestamp="2017-02-04T22:03:00Z" user="윤정한" uid="5117916">
  <nd ref="4664402710"/>
  <nd ref="4664402711"/>
  <nd ref="4664402712"/>
  <nd ref="4664402713"/>
  <nd ref="4664402710"/>
  <tag k="amenity" v="parking"/>
 </way>
 <way id="472228300" visible="true" version="2" changeset="161611496" timestamp="2025-01-21T18:33:32Z" user="Lavignein" uid="5188781">
  <nd ref="4664414884"/>
  <nd ref="4664414885"/>
  <nd ref="4664414886"/>
  <nd ref="12521111183"/>
  <nd ref="4664414887"/>
  <nd ref="4664414888"/>
  <nd ref="4664414884"/>
  <tag k="amenity" v="parking"/>
 </way>
 <way id="472228301" visible="true" version="2" changeset="48730156" timestamp="2017-05-16T12:28:07Z" user="The fast mover" uid="4505045">
  <nd ref="2429714221"/>
  <nd ref="4664414992"/>
  <nd ref="4664414989"/>
  <nd ref="4664414990"/>
  <nd ref="4857688932"/>
  <nd ref="4664414991"/>
  <nd ref="4664414992"/>
  <tag k="highway" v="service"/>
  <tag k="service" v="parking_aisle"/>
 </way>
 <way id="478005524" visible="true" version="4" changeset="128779766" timestamp="2022-11-11T14:27:38Z" user="케이7" uid="8120174">
  <nd ref="4712796948"/>
  <nd ref="4860156552"/>
  <nd ref="4712796949"/>
  <nd ref="4712796950"/>
  <nd ref="4860156549"/>
  <nd ref="1916534518"/>
  <tag k="highway" v="service"/>
  <tag k="lanes" v="1"/>
  <tag k="service" v="parking_aisle"/>
 </way>
 <way id="493441789" visible="true" version="4" changeset="182690768" timestamp="2026-05-15T10:38:14Z" user="pudlepoodle" uid="24130265">
  <nd ref="4853580015"/>
  <nd ref="4853580016"/>
  <nd ref="4859953423"/>
  <nd ref="4859953424"/>
  <nd ref="4859953425"/>
  <nd ref="4859953426"/>
  <nd ref="4859953427"/>
  <nd ref="4853580017"/>
  <nd ref="4853580018"/>
  <nd ref="4853580019"/>
  <nd ref="4859930118"/>
  <nd ref="4859930119"/>
  <nd ref="4859930120"/>
  <nd ref="4853580225"/>
  <nd ref="4853580020"/>
  <nd ref="4853580221"/>
  <nd ref="4859953421"/>
  <nd ref="4859953422"/>
  <nd ref="4853580222"/>
  <nd ref="4853580223"/>
  <nd ref="4853580015"/>
  <tag k="highway" v="service"/>
  <tag k="oneway" v="yes"/>
  <tag k="surface" v="asphalt"/>
 </way>
 <way id="493441790" visible="true" version="2" changeset="182690768" timestamp="2026-05-15T10:38:22Z" user="pudlepoodle" uid="24130265">
  <nd ref="4853580224"/>
  <nd ref="4853580225"/>
  <tag k="highway" v="service"/>
  <tag k="oneway" v="yes"/>
  <tag k="surface" v="asphalt"/>
 </way>
 <way id="493441791" visible="true" version="3" changeset="182690768" timestamp="2026-05-15T10:38:12Z" user="pudlepoodle" uid="24130265">
  <nd ref="4853580015"/>
  <nd ref="1916534352"/>
  <tag k="highway" v="service"/>
  <tag k="oneway" v="yes"/>
  <tag k="surface" v="asphalt"/>
 </way>
 <way id="493441792" visible="true" version="2" changeset="182690768" timestamp="2026-05-15T10:38:10Z" user="pudlepoodle" uid="24130265">
  <nd ref="4853580227"/>
  <nd ref="4853580017"/>
  <tag k="highway" v="service"/>
  <tag k="oneway" v="yes"/>
  <tag k="surface" v="asphalt"/>
 </way>
 <way id="493441794" visible="true" version="5" changeset="128758566" timestamp="2022-11-11T04:28:07Z" user="케이7" uid="8120174">
  <nd ref="8709526104"/>
  <nd ref="4853580230"/>
  <nd ref="4853580231"/>
  <tag k="highway" v="service"/>
  <tag k="service" v="parking_aisle"/>
 </way>
 <way id="493441796" visible="true" version="4" changeset="170533537" timestamp="2025-08-16T17:10:32Z" user="Lavignein" uid="5188781">
  <nd ref="4853580231"/>
  <nd ref="10174944369"/>
  <nd ref="4853580233"/>
  <nd ref="8709526103"/>
  <nd ref="8709526102"/>
  <nd ref="8709526101"/>
  <nd ref="4853580234"/>
  <nd ref="8709526100"/>
  <nd ref="8709526099"/>
  <nd ref="4853580235"/>
  <nd ref="8709526098"/>
  <nd ref="4853580236"/>
  <tag k="highway" v="path"/>
 </way>
 <way id="493441798" visible="true" version="5" changeset="182691281" timestamp="2026-05-15T10:41:42Z" user="pudlepoodle" uid="24130265">
  <nd ref="4853580237"/>
  <nd ref="4853580238"/>
  <nd ref="4853580239"/>
  <nd ref="4853580240"/>
  <nd ref="4853580241"/>
  <nd ref="4853580242"/>
  <nd ref="4853580243"/>
  <nd ref="4853580244"/>
  <nd ref="4853580245"/>
  <nd ref="4853580246"/>
  <nd ref="4853580247"/>
  <nd ref="4853580248"/>
  <nd ref="4853580249"/>
  <nd ref="4853580250"/>
  <nd ref="4853580237"/>
  <tag k="amenity" v="theatre"/>
  <tag k="building" v="yes"/>
  <tag k="layer" v="-1"/>
  <tag k="location" v="underground"/>
  <tag k="name" v="금오공과대학교 야외음악당"/>
  <tag k="name:ko" v="금오공과대학교 야외음악당"/>
  <tag k="note" v="http://www.kumoh.ac.kr/homepage/default/page/subLocation.do?menu_no=1001010602#"/>
 </way>
 <way id="493442464" visible="true" version="4" changeset="183001433" timestamp="2026-05-22T03:04:59Z" user="Woo Ahn" uid="23263678">
  <nd ref="4853586164"/>
  <nd ref="13859322386"/>
  <nd ref="4853586165"/>
  <nd ref="4853586166"/>
  <nd ref="13859377142"/>
  <nd ref="4853586167"/>
  <nd ref="4853586164"/>
  <tag k="leisure" v="park"/>
  <tag k="name" v="분수대 광장"/>
  <tag k="name:ko" v="분수대 광장"/>
 </way>
 <way id="493442465" visible="true" version="6" changeset="183001004" timestamp="2026-05-22T02:34:17Z" user="Woo Ahn" uid="23263678">
  <nd ref="4853586168"/>
  <nd ref="13859354069"/>
  <nd ref="13859354076"/>
  <nd ref="13859322385"/>
  <nd ref="4853586169"/>
  <tag k="highway" v="pedestrian"/>
 </way>
 <way id="493714713" visible="true" version="5" changeset="182690768" timestamp="2026-05-15T10:42:41Z" user="pudlepoodle" uid="24130265">
  <nd ref="4855945479"/>
  <nd ref="4855945480"/>
  <nd ref="13074740768"/>
  <nd ref="10175881120"/>
  <tag k="highway" v="pedestrian"/>
  <tag k="noname" v="yes"/>
  <tag k="surface" v="paving_stones"/>
 </way>
 <way id="493714715" visible="true" version="3" changeset="161611496" timestamp="2025-01-21T18:33:32Z" user="Lavignein" uid="5188781">
  <nd ref="4855945479"/>
  <nd ref="12521111397"/>
  <nd ref="12521111415"/>
  <nd ref="4855945482"/>
  <tag k="highway" v="pedestrian"/>
 </way>
 <way id="493714716" visible="true" version="3" changeset="161611496" timestamp="2025-01-21T18:33:32Z" user="Lavignein" uid="5188781">
  <nd ref="12521111407"/>
  <nd ref="12521111406"/>
  <nd ref="10174944343"/>
  <tag k="highway" v="pedestrian"/>
 </way>
 <way id="493714718" visible="true" version="6" changeset="161611496" timestamp="2025-01-21T18:33:32Z" user="Lavignein" uid="5188781">
  <nd ref="4855945482"/>
  <nd ref="4855945486"/>
  <tag k="highway" v="pedestrian"/>
 </way>
 <way id="493714721" visible="true" version="4" changeset="161611496" timestamp="2025-01-21T18:33:32Z" user="Lavignein" uid="5188781">
  <nd ref="4857700343"/>
  <nd ref="4855945487"/>
  <tag k="highway" v="pedestrian"/>
 </way>
 <way id="493899196" visible="true" version="3" changeset="161611496" timestamp="2025-01-21T18:33:32Z" user="Lavignein" uid="5188781">
  <nd ref="4857586961"/>
  <nd ref="4857586962"/>
  <nd ref="4857586963"/>
  <nd ref="4857586964"/>
  <nd ref="4857586965"/>
  <nd ref="4857586966"/>
  <nd ref="4857586967"/>
  <nd ref="4857586968"/>
  <nd ref="4857586961"/>
  <tag k="building" v="school"/>
  <tag k="leisure" v="fitness_centre"/>
  <tag k="name" v="금오공대 체육관"/>
  <tag k="name:ko" v="금오공대 체육관"/>
 </way>
 <way id="493899197" visible="true" version="2" changeset="65934998" timestamp="2019-01-01T15:34:06Z" user="LuxuryCoop" uid="7245212">
  <nd ref="4857586969"/>
  <nd ref="4857586970"/>
  <nd ref="4857586971"/>
  <nd ref="4857586972"/>
  <nd ref="4857586969"/>
  <tag k="building" v="yes"/>
  <tag k="landuse" v="military"/>
  <tag k="military" v="office"/>
  <tag k="name" v="금오공대 학군단"/>
  <tag k="name:ko" v="금오공대 학군단"/>
 </way>
 <way id="493899198" visible="true" version="4" changeset="161611496" timestamp="2025-01-21T18:33:32Z" user="Lavignein" uid="5188781">
  <nd ref="4857586973"/>
  <nd ref="4857586974"/>
  <nd ref="4857586975"/>
  <nd ref="10175881129"/>
  <nd ref="10175881130"/>
  <nd ref="10175881131"/>
  <nd ref="4857586976"/>
  <nd ref="4857586977"/>
  <nd ref="4857586979"/>
  <nd ref="4857586980"/>
  <nd ref="4857586981"/>
  <nd ref="4857586982"/>
  <nd ref="4857586973"/>
  <tag k="building" v="university"/>
  <tag k="name" v="금오공대 골프장"/>
  <tag k="name:ko" v="금오공대 골프장"/>
 </way>
 <way id="493899199" visible="true" version="2" changeset="128779766" timestamp="2022-11-11T14:27:38Z" user="케이7" uid="8120174">
  <nd ref="4857586984"/>
  <nd ref="4857586985"/>
  <nd ref="4857586982"/>
  <nd ref="4857586973"/>
  <nd ref="4857586974"/>
  <nd ref="4857586975"/>
  <nd ref="10175881129"/>
  <nd ref="4857586986"/>
  <nd ref="4857586987"/>
  <nd ref="4857586988"/>
  <nd ref="4857586989"/>
  <nd ref="4857586990"/>
  <nd ref="4857586991"/>
  <nd ref="4857586992"/>
  <nd ref="4857586984"/>
  <tag k="amenity" v="parking"/>
 </way>
 <way id="493899200" visible="true" version="1" changeset="48728712" timestamp="2017-05-16T11:34:25Z" user="The fast mover" uid="4505045">
  <nd ref="2429714229"/>
  <nd ref="4857586993"/>
  <nd ref="4857586994"/>
  <nd ref="4857586995"/>
  <nd ref="4857586996"/>
  <nd ref="4857586997"/>
  <nd ref="4857586998"/>
  <tag k="highway" v="service"/>
 </way>
 <way id="493899201" visible="true" version="2" changeset="65934998" timestamp="2019-01-01T15:34:07Z" user="LuxuryCoop" uid="7245212">
  <nd ref="4857586999"/>
  <nd ref="4857587000"/>
  <nd ref="4857587001"/>
  <nd ref="4857587002"/>
  <nd ref="4857587003"/>
  <nd ref="4857587004"/>
  <nd ref="4857586999"/>
  <tag k="leisure" v="pitch"/>
  <tag k="name" v="학군단 연병장"/>
  <tag k="name:ko" v="학군단 연병장"/>
 </way>
 <way id="493899202" visible="true" version="2" changeset="128779766" timestamp="2022-11-11T14:27:38Z" user="케이7" uid="8120174">
  <nd ref="4857587005"/>
  <nd ref="4857587006"/>
  <nd ref="10175881128"/>
  <nd ref="4857587007"/>
  <tag k="highway" v="service"/>
 </way>
 <way id="493899203" visible="true" version="1" changeset="48728712" timestamp="2017-05-16T11:34:25Z" user="The fast mover" uid="4505045">
  <nd ref="4857587006"/>
  <nd ref="4857587008"/>
  <tag k="highway" v="service"/>
 </way>
 <way id="493899204" visible="true" version="4" changeset="183001433" timestamp="2026-05-22T03:04:59Z" user="Woo Ahn" uid="23263678">
  <nd ref="4857587009"/>
  <nd ref="4857587010"/>
  <nd ref="4857587230"/>
  <nd ref="4857587011"/>
  <nd ref="10175875603"/>
  <nd ref="4857587012"/>
  <nd ref="4857587013"/>
  <nd ref="4857587226"/>
  <nd ref="4857587014"/>
  <nd ref="4857587015"/>
  <nd ref="4857587016"/>
  <nd ref="13859377190"/>
  <nd ref="4857587017"/>
  <nd ref="4857587018"/>
  <nd ref="4857587019"/>
  <nd ref="13859377189"/>
  <nd ref="4857587020"/>
  <nd ref="4857587221"/>
  <nd ref="4857587222"/>
  <nd ref="4857587223"/>
  <nd ref="4857587224"/>
  <nd ref="4857587009"/>
  <tag k="leisure" v="pitch"/>
  <tag k="name" v="금오공대 대운동장"/>
  <tag k="name:ko" v="금오공대 대운동장"/>
 </way>
 <way id="493899205" visible="true" version="3" changeset="128779766" timestamp="2022-11-11T14:27:38Z" user="케이7" uid="8120174">
  <nd ref="4857587225"/>
  <nd ref="10175875597"/>
  <nd ref="10175875598"/>
  <nd ref="4857587227"/>
  <nd ref="4857587225"/>
  <tag k="building" v="school"/>
  <tag k="name" v="사열대"/>
  <tag k="name:ko" v="사열대"/>
 </way>
 <way id="493899206" visible="true" version="3" changeset="128779766" timestamp="2022-11-11T14:27:38Z" user="케이7" uid="8120174">
  <nd ref="4857587228"/>
  <nd ref="4857587229"/>
  <nd ref="10175875602"/>
  <nd ref="10175875601"/>
  <nd ref="10175875600"/>
  <nd ref="10175875599"/>
  <nd ref="10175881202"/>
  <nd ref="4857587231"/>
  <nd ref="10175881135"/>
  <nd ref="4857587232"/>
  <nd ref="4857587233"/>
  <nd ref="4857587234"/>
  <nd ref="4857587235"/>
  <nd ref="4857587228"/>
  <tag k="building" v="school"/>
  <tag k="name" v="좌석"/>
  <tag k="name:ko" v="좌석"/>
 </way>
 <way id="493899207" visible="true" version="3" changeset="128779766" timestamp="2022-11-11T14:27:38Z" user="케이7" uid="8120174">
  <nd ref="10175881204"/>
  <nd ref="10175881203"/>
  <nd ref="10175881136"/>
  <nd ref="10175881138"/>
  <nd ref="10175875596"/>
  <nd ref="10175875595"/>
  <nd ref="10175875594"/>
  <nd ref="10175875593"/>
  <nd ref="4857587237"/>
  <nd ref="10175881137"/>
  <nd ref="4857587238"/>
  <nd ref="4857587239"/>
  <nd ref="4857587240"/>
  <nd ref="10175881204"/>
  <tag k="building" v="school"/>
  <tag k="name" v="좌석"/>
  <tag k="name:ko" v="좌석"/>
 </way>
 <way id="493899208" visible="true" version="2" changeset="65934998" timestamp="2019-01-01T15:34:07Z" user="LuxuryCoop" uid="7245212">
  <nd ref="4857587241"/>
  <nd ref="4857587242"/>
  <nd ref="4857587243"/>
  <nd ref="4857587244"/>
  <nd ref="4857587241"/>
  <tag k="leisure" v="pitch"/>
  <tag k="name" v="축구장"/>
  <tag k="name:ko" v="축구장"/>
  <tag k="sport" v="soccer"/>
 </way>
 <way id="493899209" visible="true" version="3" changeset="183001433" timestamp="2026-05-22T03:04:59Z" user="Woo Ahn" uid="23263678">
  <nd ref="4857587245"/>
  <nd ref="4857587246"/>
  <nd ref="4857587247"/>
  <nd ref="4857587248"/>
  <nd ref="4857587249"/>
  <nd ref="4857587250"/>
  <nd ref="4857587251"/>
  <nd ref="4857587252"/>
  <nd ref="4857587253"/>
  <nd ref="4857587254"/>
  <nd ref="4857587255"/>
  <nd ref="4857587256"/>
  <nd ref="4857587257"/>
  <nd ref="4857587258"/>
  <nd ref="4857587259"/>
  <nd ref="4857587260"/>
  <nd ref="4857587261"/>
  <nd ref="4857587262"/>
  <nd ref="4857587263"/>
  <nd ref="4857587264"/>
  <nd ref="4857587265"/>
  <nd ref="4857587266"/>
  <nd ref="4857587267"/>
  <nd ref="4857587268"/>
  <nd ref="4857587269"/>
  <nd ref="4857587270"/>
  <nd ref="4857587271"/>
  <nd ref="4857587272"/>
  <nd ref="4857587273"/>
  <nd ref="4857587274"/>
  <nd ref="4857587275"/>
  <nd ref="4857587245"/>
  <tag k="lanes" v="8"/>
  <tag k="leisure" v="track"/>
  <tag k="lit" v="yes"/>
  <tag k="name" v="육상 트랙"/>
  <tag k="sport" v="running"/>
  <tag k="surface" v="paved"/>
 </way>
 <way id="493899210" visible="true" version="2" changeset="65934998" timestamp="2019-01-01T15:34:07Z" user="LuxuryCoop" uid="7245212">
  <nd ref="4857587276"/>
  <nd ref="4857587279"/>
  <nd ref="4857587277"/>
  <nd ref="4857587278"/>
  <nd ref="4857587276"/>
  <tag k="leisure" v="pitch"/>
  <tag k="name" v="농구장"/>
  <tag k="name:ko" v="농구장"/>
  <tag k="sport" v="basketball"/>
 </way>
 <way id="493899211" visible="true" version="2" changeset="65934998" timestamp="2019-01-01T15:34:07Z" user="LuxuryCoop" uid="7245212">
  <nd ref="4857587280"/>
  <nd ref="4857587281"/>
  <nd ref="4857587282"/>
  <nd ref="4857587283"/>
  <nd ref="4857587280"/>
  <tag k="leisure" v="pitch"/>
  <tag k="name" v="농구장"/>
  <tag k="name:ko" v="농구장"/>
  <tag k="sport" v="basketball"/>
 </way>
 <way id="493899417" visible="true" version="2" changeset="183001433" timestamp="2026-05-22T03:04:59Z" user="Woo Ahn" uid="23263678">
  <nd ref="4857588967"/>
  <nd ref="13859377198"/>
  <nd ref="4857588968"/>
  <tag k="highway" v="service"/>
 </way>
 <way id="493899418" visible="true" version="4" changeset="183001433" timestamp="2026-05-22T03:04:59Z" user="Woo Ahn" uid="23263678">
  <nd ref="4857588969"/>
  <nd ref="4857588970"/>
  <nd ref="4857588971"/>
  <nd ref="4857588972"/>
  <nd ref="4857588969"/>
  <tag k="leisure" v="pitch"/>
  <tag k="lit" v="yes"/>
  <tag k="name" v="테니스 코드"/>
  <tag k="sport" v="tennis"/>
  <tag k="surface" v="artificial_turf"/>
 </way>
 <way id="493899419" visible="true" version="4" changeset="183001433" timestamp="2026-05-22T03:04:59Z" user="Woo Ahn" uid="23263678">
  <nd ref="4857588973"/>
  <nd ref="4857588974"/>
  <nd ref="4857588975"/>
  <nd ref="4857588976"/>
  <nd ref="4857588973"/>
  <tag k="leisure" v="pitch"/>
  <tag k="lit" v="yes"/>
  <tag k="name" v="테니스 코트"/>
  <tag k="sport" v="tennis"/>
  <tag k="surface" v="artificial_turf"/>
 </way>
 <way id="493900644" visible="true" version="7" changeset="183001433" timestamp="2026-05-22T03:04:59Z" user="Woo Ahn" uid="23263678">
  <nd ref="4857594706"/>
  <nd ref="4857602288"/>
  <nd ref="4857594707"/>
  <nd ref="4857594708"/>
  <nd ref="13859377185"/>
  <nd ref="4857594709"/>
  <nd ref="4857594710"/>
  <nd ref="7285060659"/>
  <nd ref="13859377178"/>
  <nd ref="4857594711"/>
  <nd ref="4857594712"/>
  <nd ref="4857594713"/>
  <nd ref="4857594714"/>
  <nd ref="4857594715"/>
  <nd ref="4857594716"/>
  <nd ref="4857594717"/>
  <nd ref="10175875583"/>
  <nd ref="4857594718"/>
  <nd ref="4857594719"/>
  <nd ref="4857594720"/>
  <nd ref="4857594706"/>
  <tag k="landuse" v="residential"/>
  <tag k="name" v="기숙사"/>
  <tag k="name:ko" v="기숙사"/>
 </way>
 <way id="493900645" visible="true" version="5" changeset="128779766" timestamp="2022-11-11T14:27:38Z" user="케이7" uid="8120174">
  <nd ref="4857596321"/>
  <nd ref="4857609650"/>
  <nd ref="4857596322"/>
  <nd ref="10175881155"/>
  <nd ref="10175881156"/>
  <nd ref="10175881157"/>
  <nd ref="10175881158"/>
  <nd ref="4857596323"/>
  <nd ref="10175881159"/>
  <nd ref="4857596324"/>
  <nd ref="4857596325"/>
  <nd ref="4857596326"/>
  <nd ref="4857596327"/>
  <nd ref="10175881152"/>
  <nd ref="10175881153"/>
  <nd ref="4857596328"/>
  <nd ref="10175881154"/>
  <nd ref="4857596329"/>
  <nd ref="4857596330"/>
  <nd ref="4857596321"/>
  <tag k="building" v="dormitory"/>
  <tag k="name" v="관리동"/>
  <tag k="name:ko" v="관리동"/>
 </way>
 <way id="493900646" visible="true" version="5" changeset="65934998" timestamp="2019-01-01T15:34:08Z" user="LuxuryCoop" uid="7245212">
  <nd ref="4857596331"/>
  <nd ref="4857596332"/>
  <nd ref="4857596333"/>
  <nd ref="4857596334"/>
  <nd ref="4857596335"/>
  <nd ref="4857596336"/>
  <nd ref="4857602273"/>
  <nd ref="4857602274"/>
  <nd ref="4857602275"/>
  <nd ref="4857602276"/>
  <nd ref="4857596337"/>
  <nd ref="4857609645"/>
  <nd ref="4857596338"/>
  <nd ref="4857596331"/>
  <tag k="building" v="dormitory"/>
  <tag k="name" v="푸름관 4동"/>
  <tag k="name:ko" v="푸름관 4동"/>
 </way>
 <way id="493900647" visible="true" version="5" changeset="128779766" timestamp="2022-11-11T14:27:38Z" user="케이7" uid="8120174">
  <nd ref="4857596341"/>
  <nd ref="4857596342"/>
  <nd ref="4857596343"/>
  <nd ref="4857596344"/>
  <nd ref="4857596345"/>
  <nd ref="4857596346"/>
  <nd ref="4857596347"/>
  <nd ref="4857596348"/>
  <nd ref="4857596349"/>
  <nd ref="4857596350"/>
  <nd ref="4857596351"/>
  <nd ref="4857596352"/>
  <nd ref="4857596353"/>
  <nd ref="4857596354"/>
  <nd ref="4857596355"/>
  <nd ref="4857596356"/>
  <nd ref="4857596358"/>
  <nd ref="4857596359"/>
  <nd ref="4857596360"/>
  <nd ref="4857596361"/>
  <nd ref="4857596362"/>
  <nd ref="4857596341"/>
  <tag k="building" v="dormitory"/>
  <tag k="name" v="푸름관 1동"/>
  <tag k="name:ko" v="푸름관 1동"/>
 </way>
 <way id="493900649" visible="true" version="4" changeset="65934998" timestamp="2019-01-01T15:34:08Z" user="LuxuryCoop" uid="7245212">
  <nd ref="4857596363"/>
  <nd ref="4857596364"/>
  <nd ref="4857596365"/>
  <nd ref="4857596366"/>
  <nd ref="4857596367"/>
  <nd ref="4857596368"/>
  <nd ref="4857596369"/>
  <nd ref="4857596370"/>
  <nd ref="4857609649"/>
  <nd ref="4857596371"/>
  <nd ref="4857596372"/>
  <nd ref="4857596373"/>
  <nd ref="4857596374"/>
  <nd ref="4857596375"/>
  <nd ref="4857596376"/>
  <nd ref="4857596377"/>
  <nd ref="4857596378"/>
  <nd ref="4857596379"/>
  <nd ref="4857596363"/>
  <tag k="building" v="dormitory"/>
  <tag k="name" v="푸름관 2동"/>
  <tag k="name:ko" v="푸름관 2동"/>
 </way>
 <way id="493900651" visible="true" version="1" changeset="48728907" timestamp="2017-05-16T11:43:02Z" user="The fast mover" uid="4505045">
  <nd ref="4857596380"/>
  <nd ref="4857596381"/>
  <nd ref="4857596382"/>
  <nd ref="4857596383"/>
  <nd ref="4857596380"/>
  <tag k="amenity" v="bicycle_parking"/>
 </way>
 <way id="493901321" visible="true" version="4" changeset="65934998" timestamp="2019-01-01T15:34:08Z" user="LuxuryCoop" uid="7245212">
  <nd ref="4857602277"/>
  <nd ref="4857602285"/>
  <nd ref="4857602278"/>
  <nd ref="4857602279"/>
  <nd ref="4857602280"/>
  <nd ref="4857602281"/>
  <nd ref="4857602282"/>
  <nd ref="4857609646"/>
  <nd ref="4857602283"/>
  <nd ref="4857602284"/>
  <nd ref="4857602277"/>
  <tag k="building" v="dormitory"/>
  <tag k="name" v="푸름관 3동"/>
  <tag k="name:ko" v="푸름관 3동"/>
 </way>
 <way id="493901322" visible="true" version="5" changeset="128779766" timestamp="2022-11-11T14:27:38Z" user="케이7" uid="8120174">
  <nd ref="1916534610"/>
  <nd ref="10175875584"/>
  <nd ref="4857602293"/>
  <nd ref="4857602286"/>
  <nd ref="4861618342"/>
  <nd ref="4857602292"/>
  <nd ref="4861575844"/>
  <nd ref="4857602289"/>
  <nd ref="4857609638"/>
  <nd ref="4857602290"/>
  <nd ref="4857602292"/>
  <tag k="highway" v="service"/>
 </way>
 <way id="493901323" visible="true" version="1" changeset="48729010" timestamp="2017-05-16T11:47:30Z" user="The fast mover" uid="4505045">
  <nd ref="4857602293"/>
  <nd ref="4857602294"/>
  <tag k="highway" v="service"/>
 </way>
 <way id="493901324" visible="true" version="2" changeset="128779766" timestamp="2022-11-11T14:27:38Z" user="케이7" uid="8120174">
  <nd ref="4857602295"/>
  <nd ref="4857602296"/>
  <nd ref="4857602297"/>
  <nd ref="4857602298"/>
  <nd ref="4857602299"/>
  <nd ref="4857602295"/>
  <tag k="amenity" v="parking"/>
 </way>
 <way id="493901450" visible="true" version="2" changeset="128779766" timestamp="2022-11-11T14:27:38Z" user="케이7" uid="8120174">
  <nd ref="4857597303"/>
  <nd ref="4857597304"/>
  <nd ref="4857597307"/>
  <nd ref="4857597308"/>
  <nd ref="4857597309"/>
  <nd ref="4857597310"/>
  <nd ref="4857597311"/>
  <nd ref="10175875582"/>
  <nd ref="4857597312"/>
  <nd ref="10175875581"/>
  <nd ref="4857597303"/>
  <tag k="amenity" v="parking"/>
 </way>
 <way id="493902239" visible="true" version="6" changeset="128779766" timestamp="2022-11-11T14:27:38Z" user="케이7" uid="8120174">
  <nd ref="4857609624"/>
  <nd ref="4857609625"/>
  <nd ref="4857609626"/>
  <nd ref="4857609627"/>
  <nd ref="4857609628"/>
  <nd ref="4857609639"/>
  <nd ref="4857609629"/>
  <nd ref="4857609630"/>
  <nd ref="4857609631"/>
  <nd ref="4857609632"/>
  <nd ref="4857609633"/>
  <nd ref="10175875588"/>
  <nd ref="10175875589"/>
  <nd ref="4857609634"/>
  <nd ref="4857609635"/>
  <nd ref="4857609636"/>
  <nd ref="4857609637"/>
  <nd ref="10175875591"/>
  <nd ref="10175875590"/>
  <nd ref="4857609624"/>
  <tag k="building" v="dormitory"/>
  <tag k="name" v="오름관 1동"/>
  <tag k="name:ko" v="오름관 1동"/>
 </way>
 <way id="493902240" visible="true" version="4" changeset="128779766" timestamp="2022-11-11T14:27:38Z" user="케이7" uid="8120174">
  <nd ref="10175875587"/>
  <nd ref="4857609652"/>
  <nd ref="4861644251"/>
  <nd ref="1916534562"/>
  <nd ref="4857609640"/>
  <tag k="highway" v="steps"/>
 </way>
 <way id="493902242" visible="true" version="2" changeset="128779766" timestamp="2022-11-11T14:27:38Z" user="케이7" uid="8120174">
  <nd ref="4857609640"/>
  <nd ref="10175881161"/>
  <nd ref="4857609642"/>
  <nd ref="10175881160"/>
  <tag k="highway" v="pedestrian"/>
 </way>
 <way id="493902244" visible="true" version="2" changeset="128779766" timestamp="2022-11-11T14:27:38Z" user="케이7" uid="8120174">
  <nd ref="10175881161"/>
  <nd ref="4857609644"/>
  <nd ref="4857609657"/>
  <nd ref="4857609645"/>
  <tag k="highway" v="pedestrian"/>
 </way>
 <way id="493902245" visible="true" version="2" changeset="128779766" timestamp="2022-11-11T14:27:38Z" user="케이7" uid="8120174">
  <nd ref="4857609644"/>
  <nd ref="10175881163"/>
  <tag k="highway" v="pedestrian"/>
 </way>
 <way id="493902247" visible="true" version="3" changeset="128779766" timestamp="2022-11-11T14:27:38Z" user="케이7" uid="8120174">
  <nd ref="4857609640"/>
  <nd ref="4857609648"/>
  <nd ref="10175881164"/>
  <nd ref="4857609647"/>
  <tag k="highway" v="pedestrian"/>
 </way>
 <way id="493902253" visible="true" version="2" changeset="128779766" timestamp="2022-11-11T14:27:38Z" user="케이7" uid="8120174">
  <nd ref="4857609652"/>
  <nd ref="4857609655"/>
  <nd ref="4857609656"/>
  <nd ref="4857609657"/>
  <tag k="highway" v="pedestrian"/>
 </way>
 <way id="493902254" visible="true" version="1" changeset="48729202" timestamp="2017-05-16T11:54:59Z" user="The fast mover" uid="4505045">
  <nd ref="4857609656"/>
  <nd ref="4857609658"/>
  <tag k="highway" v="pedestrian"/>
 </way>
 <way id="493903945" visible="true" version="4" changeset="161611496" timestamp="2025-01-21T18:33:32Z" user="Lavignein" uid="5188781">
  <nd ref="4857649886"/>
  <nd ref="4857649887"/>
  <nd ref="4857649888"/>
  <nd ref="4857649889"/>
  <nd ref="4857649890"/>
  <nd ref="4857649891"/>
  <nd ref="4857649892"/>
  <nd ref="4857649893"/>
  <nd ref="4857649894"/>
  <nd ref="4857649895"/>
  <nd ref="10174944335"/>
  <nd ref="4857649896"/>
  <nd ref="12521111184"/>
  <nd ref="10175875615"/>
  <nd ref="10175875616"/>
  <nd ref="4857649897"/>
  <nd ref="4857649898"/>
  <nd ref="4857649899"/>
  <nd ref="12521111422"/>
  <nd ref="12521111421"/>
  <nd ref="12521111420"/>
  <nd ref="4857649900"/>
  <nd ref="4857649901"/>
  <nd ref="4857649902"/>
  <nd ref="4857649903"/>
  <nd ref="10175881122"/>
  <nd ref="4857649904"/>
  <nd ref="4857649905"/>
  <nd ref="4857649886"/>
  <tag k="natural" v="wood"/>
 </way>
 <way id="493903947" visible="true" version="4" changeset="179055500" timestamp="2026-02-25T19:55:15Z" user="Weathering" uid="12509199">
  <nd ref="4857649906"/>
  <nd ref="4857649907"/>
  <nd ref="4857649908"/>
  <nd ref="4857649909"/>
  <nd ref="4857649910"/>
  <nd ref="4857649911"/>
  <nd ref="4857649912"/>
  <nd ref="4857649913"/>
  <nd ref="4857649914"/>
  <nd ref="4857649915"/>
  <nd ref="4857649916"/>
  <nd ref="4857649917"/>
  <nd ref="12521111267"/>
  <nd ref="4857649918"/>
  <nd ref="12521111266"/>
  <nd ref="4857649919"/>
  <nd ref="12521111265"/>
  <nd ref="4857649920"/>
  <nd ref="12521111264"/>
  <nd ref="4857651521"/>
  <nd ref="4857651522"/>
  <nd ref="12521111273"/>
  <nd ref="12521111272"/>
  <nd ref="12521111271"/>
  <nd ref="12521111270"/>
  <nd ref="12521111269"/>
  <nd ref="12521111268"/>
  <nd ref="4857651525"/>
  <nd ref="4857651527"/>
  <nd ref="4857651528"/>
  <nd ref="4857651529"/>
  <nd ref="4857651530"/>
  <nd ref="4857651531"/>
  <nd ref="4857651532"/>
  <nd ref="4857651533"/>
  <nd ref="4857651534"/>
  <nd ref="4857651535"/>
  <nd ref="4857651536"/>
  <nd ref="4857651537"/>
  <nd ref="4857651538"/>
  <nd ref="4857651539"/>
  <nd ref="4857651540"/>
  <nd ref="4857651541"/>
  <nd ref="4857651542"/>
  <nd ref="4857651543"/>
  <nd ref="4857651544"/>
  <nd ref="4857651545"/>
  <nd ref="4857651546"/>
  <nd ref="4857651547"/>
  <nd ref="4857651548"/>
  <nd ref="4857651549"/>
  <nd ref="4857651550"/>
  <nd ref="4857651551"/>
  <nd ref="4857651552"/>
  <nd ref="13599090543"/>
  <nd ref="4857651553"/>
  <nd ref="4857651554"/>
  <nd ref="4857651555"/>
  <nd ref="4857651556"/>
  <nd ref="4857651557"/>
  <nd ref="4857651558"/>
  <nd ref="4857651559"/>
  <nd ref="4857651560"/>
  <nd ref="4857651561"/>
  <nd ref="4857651562"/>
  <nd ref="4857651563"/>
  <nd ref="4857651564"/>
  <nd ref="4857651565"/>
  <nd ref="4857651566"/>
  <nd ref="4857651567"/>
  <nd ref="4857651568"/>
  <nd ref="4857651569"/>
  <nd ref="4857651570"/>
  <nd ref="4857651571"/>
  <nd ref="4857651572"/>
  <nd ref="4857649906"/>
  <tag k="natural" v="wood"/>
 </way>
 <way id="493903953" visible="true" version="16" changeset="183000580" timestamp="2026-05-22T02:00:45Z" user="Woo Ahn" uid="23263678">
  <nd ref="4857651635"/>
  <nd ref="4857651636"/>
  <nd ref="4857651637"/>
  <nd ref="4857651638"/>
  <nd ref="4857651639"/>
  <nd ref="4857651640"/>
  <nd ref="4857651641"/>
  <nd ref="4857651642"/>
  <nd ref="11938921888"/>
  <nd ref="4796115203"/>
  <nd ref="6556737654"/>
  <nd ref="11938921889"/>
  <nd ref="6556737660"/>
  <nd ref="6556737661"/>
  <nd ref="6556737662"/>
  <nd ref="6556737663"/>
  <nd ref="6556737664"/>
  <nd ref="6556737665"/>
  <nd ref="6556737666"/>
  <nd ref="6556737667"/>
  <nd ref="6556737668"/>
  <nd ref="6556737669"/>
  <nd ref="6556737670"/>
  <nd ref="6556737671"/>
  <nd ref="6556737672"/>
  <nd ref="6556737673"/>
  <nd ref="6556737674"/>
  <nd ref="6556737675"/>
  <nd ref="6556737676"/>
  <nd ref="6556737677"/>
  <nd ref="6556737678"/>
  <nd ref="6556737679"/>
  <nd ref="6556737680"/>
  <nd ref="6556737681"/>
  <nd ref="6556737682"/>
  <nd ref="6556737683"/>
  <nd ref="6556737684"/>
  <nd ref="6556737685"/>
  <nd ref="6556737686"/>
  <nd ref="6556737687"/>
  <nd ref="6556737688"/>
  <nd ref="6556737689"/>
  <nd ref="8861555400"/>
  <nd ref="6556737690"/>
  <nd ref="6556737691"/>
  <nd ref="6556737692"/>
  <nd ref="6556737693"/>
  <nd ref="6556737694"/>
  <nd ref="6556737695"/>
  <nd ref="6556737696"/>
  <nd ref="6556737697"/>
  <nd ref="6556737698"/>
  <nd ref="6556737699"/>
  <nd ref="6556737700"/>
  <nd ref="6556737701"/>
  <nd ref="6556737702"/>
  <nd ref="6556737703"/>
  <nd ref="6556737704"/>
  <nd ref="6556737705"/>
  <nd ref="6556737706"/>
  <nd ref="6556737707"/>
  <nd ref="6556737708"/>
  <nd ref="6556737709"/>
  <nd ref="6556737710"/>
  <nd ref="6556737711"/>
  <nd ref="6556737712"/>
  <nd ref="6556737713"/>
  <nd ref="6556737714"/>
  <nd ref="6556737715"/>
  <nd ref="6556737716"/>
  <nd ref="6556737717"/>
  <nd ref="6556737718"/>
  <nd ref="6556737719"/>
  <nd ref="6556737720"/>
  <nd ref="6556737721"/>
  <nd ref="6556737722"/>
  <nd ref="6556737723"/>
  <nd ref="6556737724"/>
  <nd ref="6556737725"/>
  <nd ref="4796115191"/>
  <nd ref="4857651643"/>
  <nd ref="6556737727"/>
  <nd ref="6556737726"/>
  <nd ref="4857651644"/>
  <nd ref="6556737728"/>
  <nd ref="6556737729"/>
  <nd ref="5002753773"/>
  <nd ref="5002753774"/>
  <nd ref="5002753775"/>
  <nd ref="5002753776"/>
  <nd ref="5002753777"/>
  <nd ref="5002753778"/>
  <nd ref="11372663598"/>
  <nd ref="5002753779"/>
  <nd ref="11372663599"/>
  <nd ref="5002753780"/>
  <nd ref="6556737653"/>
  <nd ref="6556737652"/>
  <nd ref="6556737651"/>
  <nd ref="13074648377"/>
  <nd ref="6556737650"/>
  <nd ref="13074648376"/>
  <nd ref="6556737649"/>
  <nd ref="6556737648"/>
  <nd ref="6556737647"/>
  <nd ref="6556737646"/>
  <nd ref="6556737645"/>
  <nd ref="6556737644"/>
  <nd ref="6556737643"/>
  <nd ref="6556737642"/>
  <nd ref="6556737641"/>
  <nd ref="6556737640"/>
  <nd ref="6556737639"/>
  <nd ref="6556737638"/>
  <nd ref="6556737637"/>
  <nd ref="6556737636"/>
  <nd ref="6556737635"/>
  <nd ref="6556737634"/>
  <nd ref="6556737633"/>
  <nd ref="6556737632"/>
  <nd ref="6556737631"/>
  <nd ref="6556737630"/>
  <nd ref="6556737629"/>
  <nd ref="6556737628"/>
  <nd ref="6556737627"/>
  <nd ref="6556737626"/>
  <nd ref="6556737625"/>
  <nd ref="6556737624"/>
  <nd ref="6556737623"/>
  <nd ref="6556737622"/>
  <nd ref="6556737621"/>
  <nd ref="6556737620"/>
  <nd ref="6556737619"/>
  <nd ref="6556737618"/>
  <nd ref="6556737617"/>
  <nd ref="6556737616"/>
  <nd ref="6556737615"/>
  <nd ref="6556737614"/>
  <nd ref="6556737613"/>
  <nd ref="6556737612"/>
  <nd ref="6556737611"/>
  <nd ref="6556737610"/>
  <nd ref="6556737609"/>
  <nd ref="6556737608"/>
  <nd ref="6556737607"/>
  <nd ref="6556737606"/>
  <nd ref="6556737605"/>
  <nd ref="6556737604"/>
  <nd ref="6556737603"/>
  <nd ref="6556737602"/>
  <nd ref="6556737601"/>
  <nd ref="6556737600"/>
  <nd ref="6556737599"/>
  <nd ref="6556737598"/>
  <nd ref="6556737597"/>
  <nd ref="6556737596"/>
  <nd ref="6556737595"/>
  <nd ref="6556737594"/>
  <nd ref="6556737593"/>
  <nd ref="6556737592"/>
  <nd ref="5002755662"/>
  <nd ref="5308219208"/>
  <nd ref="5308219209"/>
  <nd ref="5308219207"/>
  <nd ref="5308219206"/>
  <nd ref="5308219205"/>
  <nd ref="5002755663"/>
  <nd ref="5002755664"/>
  <nd ref="6556745591"/>
  <nd ref="5002755665"/>
  <nd ref="6556745564"/>
  <nd ref="6556745565"/>
  <nd ref="6556745566"/>
  <nd ref="6556745567"/>
  <nd ref="6556745568"/>
  <nd ref="6556745569"/>
  <nd ref="6556745570"/>
  <nd ref="6556745571"/>
  <nd ref="6556745572"/>
  <nd ref="6556745573"/>
  <nd ref="6556745574"/>
  <nd ref="6556745575"/>
  <nd ref="6556745576"/>
  <nd ref="6556745577"/>
  <nd ref="6556745578"/>
  <nd ref="6556745579"/>
  <nd ref="6556745580"/>
  <nd ref="6556745581"/>
  <nd ref="6556745582"/>
  <nd ref="6556745583"/>
  <nd ref="6556745584"/>
  <nd ref="6556745585"/>
  <nd ref="6556745586"/>
  <nd ref="6556745587"/>
  <nd ref="6556745588"/>
  <nd ref="6556745589"/>
  <nd ref="6556745590"/>
  <nd ref="5002755669"/>
  <nd ref="5002755670"/>
  <nd ref="5002755671"/>
  <nd ref="5002755672"/>
  <nd ref="5002755673"/>
  <nd ref="5002755674"/>
  <nd ref="5002755675"/>
  <nd ref="5002755676"/>
  <nd ref="5002755677"/>
  <nd ref="5002755678"/>
  <nd ref="5002755679"/>
  <nd ref="5002755680"/>
  <nd ref="5002755681"/>
  <nd ref="5002755682"/>
  <nd ref="5002755683"/>
  <nd ref="5002755684"/>
  <nd ref="5002755685"/>
  <nd ref="4857651645"/>
  <nd ref="5308220555"/>
  <nd ref="4857651646"/>
  <nd ref="4857651647"/>
  <nd ref="4857651648"/>
  <nd ref="4857651649"/>
  <nd ref="4857651650"/>
  <nd ref="4857651651"/>
  <nd ref="4857651652"/>
  <nd ref="4857651653"/>
  <nd ref="4857651654"/>
  <nd ref="4857651655"/>
  <nd ref="4857651573"/>
  <nd ref="4857651574"/>
  <nd ref="4857651575"/>
  <nd ref="4857651576"/>
  <nd ref="4857651577"/>
  <nd ref="4857651578"/>
  <nd ref="4857651579"/>
  <nd ref="4857651580"/>
  <nd ref="4857651581"/>
  <nd ref="10175881123"/>
  <nd ref="10175881124"/>
  <nd ref="2429714277"/>
  <nd ref="2429714275"/>
  <nd ref="4857651583"/>
  <nd ref="2429714263"/>
  <nd ref="4857651584"/>
  <nd ref="4857651585"/>
  <nd ref="6556745600"/>
  <nd ref="6556745599"/>
  <nd ref="4857651586"/>
  <nd ref="6556745598"/>
  <nd ref="6556745597"/>
  <nd ref="4857651587"/>
  <nd ref="6556745592"/>
  <nd ref="2429714284"/>
  <nd ref="4857651588"/>
  <nd ref="6556745593"/>
  <nd ref="7285060664"/>
  <nd ref="7285060663"/>
  <nd ref="7285060662"/>
  <nd ref="6556745594"/>
  <nd ref="4857651589"/>
  <nd ref="6556745595"/>
  <nd ref="6556745596"/>
  <nd ref="7285060661"/>
  <nd ref="4857651590"/>
  <nd ref="4857651591"/>
  <nd ref="4857651592"/>
  <nd ref="4857651593"/>
  <nd ref="4857651594"/>
  <nd ref="4857651595"/>
  <nd ref="4857651596"/>
  <nd ref="4857651597"/>
  <nd ref="4857651598"/>
  <nd ref="4857651599"/>
  <nd ref="4859957154"/>
  <nd ref="4857651600"/>
  <nd ref="10174944364"/>
  <nd ref="4857651601"/>
  <nd ref="4857651602"/>
  <nd ref="10174944365"/>
  <nd ref="4857651603"/>
  <nd ref="10174944366"/>
  <nd ref="4857651604"/>
  <nd ref="4857651605"/>
  <nd ref="4857651606"/>
  <nd ref="4857651607"/>
  <nd ref="4857651608"/>
  <nd ref="4857651609"/>
  <nd ref="4857651610"/>
  <nd ref="4857651611"/>
  <nd ref="4857651612"/>
  <nd ref="4857651613"/>
  <nd ref="4857651614"/>
  <nd ref="4857651615"/>
  <nd ref="6556745603"/>
  <nd ref="4857651616"/>
  <nd ref="6556745602"/>
  <nd ref="6556745601"/>
  <nd ref="4857651617"/>
  <nd ref="4857651618"/>
  <nd ref="4857651619"/>
  <nd ref="4857651620"/>
  <nd ref="4857651621"/>
  <nd ref="4857651622"/>
  <nd ref="4857651623"/>
  <nd ref="4857651624"/>
  <nd ref="4857651625"/>
  <nd ref="4857651626"/>
  <nd ref="11938921890"/>
  <nd ref="4857651627"/>
  <nd ref="11938921891"/>
  <nd ref="11938921892"/>
  <nd ref="4857651628"/>
  <nd ref="12296786286"/>
  <nd ref="12521109760"/>
  <nd ref="4857651629"/>
  <nd ref="4857651630"/>
  <nd ref="4857651631"/>
  <nd ref="4857651632"/>
  <nd ref="4857651633"/>
  <nd ref="4857651634"/>
  <nd ref="4857651635"/>
 </way>
 <way id="493907296" visible="true" version="3" changeset="161611496" timestamp="2025-01-21T18:33:32Z" user="Lavignein" uid="5188781">
  <nd ref="4857676695"/>
  <nd ref="10174944382"/>
  <nd ref="12521111441"/>
  <nd ref="4857676696"/>
  <nd ref="4857676697"/>
  <nd ref="4857676698"/>
  <nd ref="10174944383"/>
  <nd ref="4857676699"/>
  <nd ref="4857676700"/>
  <nd ref="4857676695"/>
  <tag k="leisure" v="park"/>
 </way>
 <way id="493907297" visible="true" version="4" changeset="183000580" timestamp="2026-05-22T02:00:45Z" user="Woo Ahn" uid="23263678">
  <nd ref="4853586169"/>
  <nd ref="13074740743"/>
  <nd ref="13859354077"/>
  <nd ref="4857676702"/>
  <nd ref="4857676704"/>
  <nd ref="10174944357"/>
  <tag k="highway" v="pedestrian"/>
 </way>
 <way id="493907298" visible="true" version="4" changeset="128758566" timestamp="2022-11-11T04:28:07Z" user="케이7" uid="8120174">
  <nd ref="4860168771"/>
  <nd ref="4857676707"/>
  <nd ref="4860168777"/>
  <nd ref="4857676708"/>
  <nd ref="4860168781"/>
  <nd ref="4855945488"/>
  <tag k="highway" v="pedestrian"/>
 </way>
 <way id="493907299" visible="true" version="2" changeset="128758566" timestamp="2022-11-11T04:28:07Z" user="케이7" uid="8120174">
  <nd ref="4857676710"/>
  <nd ref="10174944386"/>
  <nd ref="10174944387"/>
  <nd ref="4857676712"/>
  <nd ref="4857676710"/>
  <tag k="amenity" v="parking"/>
 </way>
 <way id="493907300" visible="true" version="3" changeset="128758566" timestamp="2022-11-11T04:28:07Z" user="케이7" uid="8120174">
  <nd ref="4857676713"/>
  <nd ref="8973513679"/>
  <nd ref="10174944391"/>
  <nd ref="4857676714"/>
  <tag k="highway" v="service"/>
 </way>
 <way id="493907301" visible="true" version="2" changeset="82063445" timestamp="2020-03-11T13:46:08Z" user="Lavignein" uid="5188781">
  <nd ref="4857676714"/>
  <nd ref="4857676715"/>
  <tag k="highway" v="service"/>
  <tag k="service" v="parking_aisle"/>
 </way>
 <way id="493907302" visible="true" version="4" changeset="183000580" timestamp="2026-05-22T02:00:45Z" user="Woo Ahn" uid="23263678">
  <nd ref="4857676716"/>
  <nd ref="4857676717"/>
  <nd ref="4857676719"/>
  <nd ref="4857677127"/>
  <nd ref="4857677126"/>
  <nd ref="4857676720"/>
  <nd ref="13859354057"/>
  <nd ref="4857676716"/>
 </way>
 <way id="493907303" visible="true" version="3" changeset="128758566" timestamp="2022-11-11T04:28:07Z" user="케이7" uid="8120174">
  <nd ref="4857677121"/>
  <nd ref="4857677122"/>
  <nd ref="4857677123"/>
  <nd ref="4857677124"/>
  <nd ref="4857677133"/>
  <nd ref="10174944396"/>
  <nd ref="10174944397"/>
  <nd ref="4857677126"/>
  <nd ref="4857677121"/>
 </way>
 <way id="493907304" visible="true" version="5" changeset="172230315" timestamp="2025-09-21T05:47:14Z" user="Woo Ahn" uid="23263678">
  <nd ref="4857677127"/>
  <nd ref="4857677128"/>
  <nd ref="4857677129"/>
  <nd ref="4857677131"/>
  <nd ref="4857677132"/>
  <nd ref="4857677124"/>
  <nd ref="4857677133"/>
  <nd ref="10174944396"/>
  <nd ref="10174944397"/>
  <nd ref="4857677126"/>
  <nd ref="4857677127"/>
  <tag k="building" v="university"/>
  <tag k="name" v="공동실험실습관"/>
  <tag k="name:ko" v="공동실험실습관"/>
 </way>
 <way id="493907305" visible="true" version="4" changeset="161611496" timestamp="2025-01-21T18:33:32Z" user="Lavignein" uid="5188781">
  <nd ref="4857677134"/>
  <nd ref="4857677135"/>
  <nd ref="4857677136"/>
  <nd ref="4857677137"/>
  <nd ref="4857677134"/>
  <tag k="building" v="university"/>
  <tag k="name" v="두레관"/>
  <tag k="name:ko" v="두레관"/>
 </way>
 <way id="493907306" visible="true" version="3" changeset="161611496" timestamp="2025-01-21T18:33:32Z" user="Lavignein" uid="5188781">
  <nd ref="4857677139"/>
  <nd ref="4857677140"/>
  <nd ref="4857677141"/>
  <nd ref="10174944352"/>
  <nd ref="4857677139"/>
  <tag k="building" v="university"/>
  <tag k="name" v="쓰레기집하장"/>
 </way>
 <way id="493907889" visible="true" version="2" changeset="128758566" timestamp="2022-11-11T04:28:07Z" user="케이7" uid="8120174">
  <nd ref="10174944358"/>
  <nd ref="4857680524"/>
  <nd ref="10174944380"/>
  <nd ref="10174944379"/>
  <nd ref="10174944381"/>
  <nd ref="4857680525"/>
  <nd ref="10174944359"/>
  <nd ref="10174944358"/>
  <tag k="leisure" v="park"/>
 </way>
 <way id="493907891" visible="true" version="2" changeset="65934998" timestamp="2019-01-01T15:34:09Z" user="LuxuryCoop" uid="7245212">
  <nd ref="4857680526"/>
  <nd ref="4857680527"/>
  <nd ref="4857680532"/>
  <nd ref="4857680528"/>
  <nd ref="4857680526"/>
  <tag k="building" v="school"/>
  <tag k="name" v="풍동실험장"/>
  <tag k="name:ko" v="풍동실험장"/>
 </way>
 <way id="493907893" visible="true" version="2" changeset="109004933" timestamp="2021-08-02T06:38:26Z" user="LakeMichigan" uid="11387726">
  <nd ref="4857680533"/>
  <nd ref="8973513682"/>
  <nd ref="4857680534"/>
  <tag k="highway" v="service"/>
 </way>
 <way id="493908200" visible="true" version="3" changeset="128779766" timestamp="2022-11-11T14:27:38Z" user="케이7" uid="8120174">
  <nd ref="4857669883"/>
  <nd ref="4857669884"/>
  <nd ref="10175881166"/>
  <nd ref="4857669886"/>
  <nd ref="4857669887"/>
  <nd ref="4857669888"/>
  <nd ref="4857669889"/>
  <nd ref="10174944339"/>
  <nd ref="4857669891"/>
  <nd ref="4857669892"/>
  <nd ref="4857669893"/>
  <nd ref="4857669894"/>
  <nd ref="4857669883"/>
  <tag k="leisure" v="park"/>
 </way>
 <way id="493908201" visible="true" version="3" changeset="128758566" timestamp="2022-11-11T04:28:07Z" user="케이7" uid="8120174">
  <nd ref="4857669895"/>
  <nd ref="4663215384"/>
  <nd ref="4857669896"/>
  <nd ref="4857669897"/>
  <nd ref="10174944362"/>
  <nd ref="4857669898"/>
  <nd ref="4857669899"/>
  <nd ref="4857669900"/>
  <nd ref="4857669901"/>
  <nd ref="4857669902"/>
  <nd ref="4857669903"/>
  <nd ref="4857669904"/>
  <nd ref="4857669905"/>
  <nd ref="4857669906"/>
  <nd ref="4857669907"/>
  <nd ref="4857669908"/>
  <nd ref="4857669909"/>
  <nd ref="4857669895"/>
  <tag k="name" v="광장"/>
  <tag k="name:ko" v="광장"/>
  <tag k="place" v="square"/>
 </way>
 <way id="493908907" visible="true" version="3" changeset="128758566" timestamp="2022-11-11T04:28:07Z" user="케이7" uid="8120174">
  <nd ref="4857688219"/>
  <nd ref="4857688220"/>
  <nd ref="4857688921"/>
  <nd ref="10174944374"/>
  <nd ref="4857688922"/>
  <nd ref="4857688923"/>
  <nd ref="4857688924"/>
  <nd ref="10174944375"/>
  <nd ref="10174944376"/>
  <nd ref="4857688925"/>
  <nd ref="4857688926"/>
  <nd ref="4857688927"/>
  <nd ref="4857688219"/>
  <tag k="building" v="school"/>
  <tag k="name" v="경비실"/>
  <tag k="name:ko" v="경비실"/>
 </way>
 <way id="493908908" visible="true" version="5" changeset="161611496" timestamp="2025-01-21T18:33:32Z" user="Lavignein" uid="5188781">
  <nd ref="4857688928"/>
  <nd ref="4857688929"/>
  <nd ref="4857688930"/>
  <nd ref="4857688931"/>
  <nd ref="4857688928"/>
  <tag k="building" v="university"/>
  <tag k="layer" v="1"/>
  <tag k="name" v="금오공과대학교 정문"/>
  <tag k="name:ko" v="금오공과대학교 정문"/>
 </way>
 <way id="493908909" visible="true" version="2" changeset="48766586" timestamp="2017-05-17T15:54:52Z" user="The fast mover" uid="4505045">
  <nd ref="4857688932"/>
  <nd ref="4857688933"/>
  <tag k="highway" v="path"/>
 </way>
 <way id="493908910" visible="true" version="2" changeset="128758566" timestamp="2022-11-11T04:28:07Z" user="케이7" uid="8120174">
  <nd ref="4857688934"/>
  <nd ref="4857688937"/>
  <nd ref="4857688938"/>
  <nd ref="4857688939"/>
  <nd ref="4857688934"/>
  <tag k="amenity" v="parking"/>
 </way>
 <way id="493908911" visible="true" version="4" changeset="128779766" timestamp="2022-11-11T14:27:38Z" user="케이7" uid="8120174">
  <nd ref="4857688940"/>
  <nd ref="10175881167"/>
  <nd ref="4857688933"/>
  <tag k="highway" v="service"/>
 </way>
 <way id="493909757" visible="true" version="5" changeset="182691728" timestamp="2026-05-15T10:46:12Z" user="pudlepoodle" uid="24130265">
  <nd ref="4857693880"/>
  <nd ref="4857693881"/>
  <nd ref="4857693882"/>
  <nd ref="4857693883"/>
  <nd ref="4857693880"/>
  <tag k="access" v="yes"/>
  <tag k="amenity" v="bicycle_parking"/>
  <tag k="bicycle_parking" v="shed"/>
  <tag k="covered" v="yes"/>
  <tag k="fee" v="no"/>
 </way>
 <way id="493909812" visible="true" version="2" changeset="161611496" timestamp="2025-01-21T18:33:32Z" user="Lavignein" uid="5188781">
  <nd ref="4857694120"/>
  <nd ref="4857694821"/>
  <nd ref="4857694822"/>
  <nd ref="4857694823"/>
  <nd ref="4857694824"/>
  <nd ref="4857694825"/>
  <nd ref="4857694826"/>
  <nd ref="4857694828"/>
  <nd ref="4857694829"/>
  <nd ref="4857694830"/>
  <nd ref="4857694831"/>
  <nd ref="4857694832"/>
  <nd ref="4857694833"/>
  <nd ref="4857694834"/>
  <nd ref="4857694835"/>
  <nd ref="4857694120"/>
  <tag k="leisure" v="park"/>
 </way>
 <way id="493910146" visible="true" version="1" changeset="48730276" timestamp="2017-05-16T12:31:41Z" user="The fast mover" uid="4505045">
  <nd ref="4857696666"/>
  <nd ref="4857696667"/>
  <nd ref="4857696668"/>
  <nd ref="4857696669"/>
  <nd ref="4857696670"/>
  <nd ref="4857696671"/>
  <nd ref="4857696672"/>
  <nd ref="4857696673"/>
  <nd ref="4857696674"/>
  <nd ref="4857696675"/>
  <nd ref="4857696666"/>
  <tag k="leisure" v="park"/>
 </way>
 <way id="493910328" visible="true" version="1" changeset="48730310" timestamp="2017-05-16T12:32:32Z" user="The fast mover" uid="4505045">
  <nd ref="4857697105"/>
  <nd ref="4857697106"/>
  <nd ref="4857697107"/>
  <nd ref="4857697108"/>
  <nd ref="4857697105"/>
  <tag k="amenity" v="parking"/>
 </way>
 <way id="493911190" visible="true" version="4" changeset="183001004" timestamp="2026-05-22T02:34:17Z" user="Woo Ahn" uid="23263678">
  <nd ref="4857700342"/>
  <nd ref="12521111401"/>
  <nd ref="13859354073"/>
  <nd ref="13859322388"/>
  <nd ref="4857700345"/>
  <nd ref="4857700343"/>
  <tag k="highway" v="pedestrian"/>
 </way>
 <way id="493911191" visible="true" version="2" changeset="128758566" timestamp="2022-11-11T04:28:07Z" user="케이7" uid="8120174">
  <nd ref="4857700343"/>
  <nd ref="4853586169"/>
  <tag k="highway" v="pedestrian"/>
 </way>
 <way id="494207619" visible="true" version="3" changeset="128758566" timestamp="2022-11-11T04:28:07Z" user="케이7" uid="8120174">
  <nd ref="8973513685"/>
  <nd ref="4859939727"/>
  <nd ref="4859939730"/>
  <nd ref="4859939418"/>
  <tag k="highway" v="path"/>
 </way>
 <way id="494207620" visible="true" version="2" changeset="65934998" timestamp="2019-01-01T15:34:25Z" user="LuxuryCoop" uid="7245212">
  <nd ref="4859939419"/>
  <nd ref="4859939420"/>
  <nd ref="4859939721"/>
  <nd ref="4859939722"/>
  <nd ref="4859939419"/>
  <tag k="leisure" v="pitch"/>
  <tag k="name" v="족구장"/>
  <tag k="name:ko" v="족구장"/>
 </way>
 <way id="494207621" visible="true" version="2" changeset="65934998" timestamp="2019-01-01T15:34:25Z" user="LuxuryCoop" uid="7245212">
  <nd ref="4859939723"/>
  <nd ref="4859939724"/>
  <nd ref="4859939725"/>
  <nd ref="4859939726"/>
  <nd ref="4859939723"/>
  <tag k="leisure" v="pitch"/>
  <tag k="name" v="농구장"/>
  <tag k="name:ko" v="농구장"/>
  <tag k="sport" v="basketball"/>
 </way>
 <way id="494207622" visible="true" version="2" changeset="128779766" timestamp="2022-11-11T14:27:38Z" user="케이7" uid="8120174">
  <nd ref="4859939727"/>
  <nd ref="4859939728"/>
  <nd ref="4859939729"/>
  <nd ref="4859939730"/>
  <tag k="highway" v="path"/>
 </way>
 <way id="494207624" visible="true" version="3" changeset="182691474" timestamp="2026-05-15T10:39:01Z" user="pudlepoodle" uid="24130265">
  <nd ref="4859939733"/>
  <nd ref="4859939734"/>
  <nd ref="4859939735"/>
  <nd ref="4859939736"/>
  <nd ref="4859939733"/>
  <tag k="amenity" v="toilets"/>
  <tag k="building" v="yes"/>
  <tag k="fee" v="no"/>
 </way>
 <way id="494207625" visible="true" version="2" changeset="128779766" timestamp="2022-11-11T14:27:38Z" user="케이7" uid="8120174">
  <nd ref="10175875579"/>
  <nd ref="10175875553"/>
  <nd ref="10175875552"/>
  <nd ref="4859939730"/>
  <tag k="highway" v="path"/>
 </way>
 <way id="494207780" visible="true" version="1" changeset="48764371" timestamp="2017-05-17T14:10:09Z" user="The fast mover" uid="4505045">
  <nd ref="4859938807"/>
  <nd ref="4859938808"/>
  <nd ref="4859938809"/>
  <nd ref="4859938810"/>
  <nd ref="4859938807"/>
  <tag k="leisure" v="park"/>
 </way>
 <way id="494209146" visible="true" version="4" changeset="144393169" timestamp="2023-11-24T05:50:17Z" user="morago" uid="11113946">
  <nd ref="4853580231"/>
  <nd ref="4859957153"/>
  <nd ref="10174944363"/>
  <nd ref="11372679328"/>
  <nd ref="4859957155"/>
  <nd ref="11372679329"/>
  <nd ref="4859957156"/>
  <nd ref="4859957157"/>
  <nd ref="4859957158"/>
  <nd ref="4859957159"/>
  <nd ref="4859957160"/>
  <nd ref="4859957161"/>
  <nd ref="4859957162"/>
  <nd ref="4859957163"/>
  <nd ref="10174944370"/>
  <nd ref="4859957164"/>
  <nd ref="4859957165"/>
  <nd ref="4859957166"/>
  <nd ref="11372679464"/>
  <tag k="highway" v="track"/>
  <tag k="surface" v="dirt"/>
 </way>
 <way id="494227427" visible="true" version="4" changeset="161611496" timestamp="2025-01-21T18:33:32Z" user="Lavignein" uid="5188781">
  <nd ref="12521111334"/>
  <nd ref="12521111333"/>
  <nd ref="12521111332"/>
  <nd ref="12521111331"/>
  <nd ref="12521111330"/>
  <nd ref="12521111329"/>
  <nd ref="12521111328"/>
  <nd ref="12521111335"/>
  <nd ref="10174944372"/>
  <nd ref="10174944368"/>
  <nd ref="8709526104"/>
  <nd ref="10174944377"/>
  <nd ref="4860152592"/>
  <tag k="footway" v="sidewalk"/>
  <tag k="highway" v="footway"/>
 </way>
 <way id="494227429" visible="true" version="3" changeset="178694509" timestamp="2026-02-17T19:18:37Z" user="대전맨" uid="14672717">
  <nd ref="4860152592"/>
  <nd ref="8731850550"/>
  <nd ref="4860152593"/>
  <tag k="crossing" v="marked"/>
  <tag k="crossing:markings" v="zebra"/>
  <tag k="footway" v="crossing"/>
  <tag k="highway" v="footway"/>
 </way>
 <way id="494227432" visible="true" version="4" changeset="182690979" timestamp="2026-05-15T10:46:18Z" user="pudlepoodle" uid="24130265">
  <nd ref="4860152593"/>
  <nd ref="10174944378"/>
  <nd ref="8731850551"/>
  <nd ref="4860152595"/>
  <nd ref="4860152596"/>
  <nd ref="4860152597"/>
  <nd ref="4860152598"/>
  <nd ref="4860152599"/>
  <nd ref="10174944341"/>
  <nd ref="4860152600"/>
  <nd ref="4860152601"/>
  <nd ref="4860152602"/>
  <nd ref="4860152603"/>
  <tag k="footway" v="sidewalk"/>
  <tag k="highway" v="footway"/>
  <tag k="surface" v="paving_stones"/>
 </way>
 <way id="494227433" visible="true" version="3" changeset="178694509" timestamp="2026-02-17T19:18:37Z" user="대전맨" uid="14672717">
  <nd ref="4860152603"/>
  <nd ref="8973513682"/>
  <nd ref="4860152604"/>
  <tag k="crossing" v="marked"/>
  <tag k="crossing:markings" v="zebra"/>
  <tag k="footway" v="crossing"/>
  <tag k="highway" v="footway"/>
 </way>
 <way id="494227435" visible="true" version="3" changeset="128758566" timestamp="2022-11-11T04:28:07Z" user="케이7" uid="8120174">
  <nd ref="4860152604"/>
  <nd ref="4860152616"/>
  <nd ref="4860152605"/>
  <nd ref="4860152606"/>
  <nd ref="4860152614"/>
  <nd ref="4860152607"/>
  <nd ref="4860152608"/>
  <nd ref="4860152609"/>
  <nd ref="10174944356"/>
  <nd ref="4860168776"/>
  <nd ref="10174944355"/>
  <nd ref="4860152610"/>
  <nd ref="10174944353"/>
  <tag k="footway" v="sidewalk"/>
  <tag k="highway" v="footway"/>
 </way>
 <way id="494227437" visible="true" version="4" changeset="178694509" timestamp="2026-02-17T19:18:37Z" user="대전맨" uid="14672717">
  <nd ref="4860152614"/>
  <nd ref="10174944328"/>
  <tag k="crossing" v="marked"/>
  <tag k="crossing:markings" v="zebra"/>
  <tag k="footway" v="crossing"/>
  <tag k="highway" v="footway"/>
 </way>
 <way id="494227438" visible="true" version="3" changeset="178694509" timestamp="2026-02-17T19:18:37Z" user="대전맨" uid="14672717">
  <nd ref="4860152616"/>
  <nd ref="8973513687"/>
  <nd ref="4860152617"/>
  <tag k="crossing" v="marked"/>
  <tag k="crossing:markings" v="zebra"/>
  <tag k="footway" v="crossing"/>
  <tag k="highway" v="footway"/>
 </way>
 <way id="494227439" visible="true" version="5" changeset="182690979" timestamp="2026-05-15T10:33:18Z" user="pudlepoodle" uid="24130265">
  <nd ref="4860152618"/>
  <nd ref="4860152619"/>
  <nd ref="4860152620"/>
  <nd ref="4663215689"/>
  <nd ref="4860156521"/>
  <nd ref="4860156522"/>
  <nd ref="12521111381"/>
  <nd ref="10174944333"/>
  <tag k="footway" v="sidewalk"/>
  <tag k="highway" v="footway"/>
  <tag k="surface" v="paving_stones"/>
 </way>
 <way id="494227440" visible="true" version="2" changeset="178694509" timestamp="2026-02-17T19:18:37Z" user="대전맨" uid="14672717">
  <nd ref="4860156524"/>
  <nd ref="4860156525"/>
  <tag k="crossing" v="marked"/>
  <tag k="crossing:markings" v="zebra"/>
  <tag k="footway" v="crossing"/>
  <tag k="highway" v="footway"/>
 </way>
 <way id="494227441" visible="true" version="1" changeset="48766804" timestamp="2017-05-17T16:04:36Z" user="The fast mover" uid="4505045">
  <nd ref="4860156525"/>
  <nd ref="4860156526"/>
  <tag k="footway" v="sidewalk"/>
  <tag k="highway" v="footway"/>
 </way>
 <way id="494227442" visible="true" version="3" changeset="178694509" timestamp="2026-02-17T19:18:37Z" user="대전맨" uid="14672717">
  <nd ref="4860156526"/>
  <nd ref="4860168782"/>
  <nd ref="4860156527"/>
  <tag k="crossing" v="marked"/>
  <tag k="crossing:markings" v="zebra"/>
  <tag k="footway" v="crossing"/>
  <tag k="highway" v="footway"/>
 </way>
 <way id="494227443" visible="true" version="3" changeset="128758566" timestamp="2022-11-11T04:28:07Z" user="케이7" uid="8120174">
  <nd ref="4860156527"/>
  <nd ref="4860152617"/>
  <nd ref="4860168780"/>
  <nd ref="4860152615"/>
  <tag k="footway" v="sidewalk"/>
  <tag k="highway" v="footway"/>
 </way>
 <way id="494227445" visible="true" version="4" changeset="128758566" timestamp="2022-11-11T04:28:07Z" user="케이7" uid="8120174">
  <nd ref="4860152615"/>
  <nd ref="10174944329"/>
  <nd ref="4860156529"/>
  <nd ref="4860156530"/>
  <nd ref="4860156531"/>
  <nd ref="4860156532"/>
  <nd ref="10174944324"/>
  <nd ref="4860168771"/>
  <nd ref="4860168779"/>
  <nd ref="4860156533"/>
  <nd ref="10174944394"/>
  <tag k="footway" v="sidewalk"/>
  <tag k="highway" v="footway"/>
 </way>
 <way id="494227446" visible="true" version="3" changeset="178694509" timestamp="2026-02-17T19:18:37Z" user="대전맨" uid="14672717">
  <nd ref="4860156534"/>
  <nd ref="8973513680"/>
  <nd ref="4860156535"/>
  <tag k="crossing" v="marked"/>
  <tag k="crossing:markings" v="zebra"/>
  <tag k="footway" v="crossing"/>
  <tag k="highway" v="footway"/>
 </way>
 <way id="494227447" visible="true" version="1" changeset="48766804" timestamp="2017-05-17T16:04:37Z" user="The fast mover" uid="4505045">
  <nd ref="4860156535"/>
  <nd ref="4860156536"/>
  <tag k="footway" v="sidewalk"/>
  <tag k="highway" v="footway"/>
 </way>
 <way id="494227448" visible="true" version="3" changeset="178694509" timestamp="2026-02-17T19:18:37Z" user="대전맨" uid="14672717">
  <nd ref="4860156536"/>
  <nd ref="8973513681"/>
  <nd ref="4860156537"/>
  <tag k="crossing" v="marked"/>
  <tag k="crossing:markings" v="zebra"/>
  <tag k="footway" v="crossing"/>
  <tag k="highway" v="footway"/>
 </way>
 <way id="494227449" visible="true" version="3" changeset="161611496" timestamp="2025-01-21T18:33:32Z" user="Lavignein" uid="5188781">
  <nd ref="4860156537"/>
  <nd ref="4860156538"/>
  <nd ref="4860156539"/>
  <nd ref="4860156540"/>
  <nd ref="4860156541"/>
  <nd ref="10175875613"/>
  <nd ref="4860156542"/>
  <nd ref="4860156543"/>
  <nd ref="12521111424"/>
  <nd ref="4860156544"/>
  <nd ref="4860156546"/>
  <tag k="footway" v="sidewalk"/>
  <tag k="highway" v="footway"/>
 </way>
 <way id="494227450" visible="true" version="2" changeset="178694509" timestamp="2026-02-17T19:18:37Z" user="대전맨" uid="14672717">
  <nd ref="4860156546"/>
  <nd ref="4860156547"/>
  <tag k="crossing" v="marked"/>
  <tag k="crossing:markings" v="zebra"/>
  <tag k="footway" v="crossing"/>
  <tag k="highway" v="footway"/>
 </way>
 <way id="494227451" visible="true" version="3" changeset="183001433" timestamp="2026-05-22T03:04:59Z" user="Woo Ahn" uid="23263678">
  <nd ref="4860156547"/>
  <nd ref="4861633177"/>
  <nd ref="13859377141"/>
  <nd ref="4860156610"/>
  <nd ref="4860156548"/>
  <tag k="footway" v="sidewalk"/>
  <tag k="highway" v="footway"/>
 </way>
 <way id="494227453" visible="true" version="2" changeset="178694509" timestamp="2026-02-17T19:18:37Z" user="대전맨" uid="14672717">
  <nd ref="4860156548"/>
  <nd ref="4860156549"/>
  <nd ref="4860156550"/>
  <tag k="crossing" v="marked"/>
  <tag k="crossing:markings" v="zebra"/>
  <tag k="footway" v="crossing"/>
  <tag k="highway" v="footway"/>
 </way>
 <way id="494227454" visible="true" version="1" changeset="48766804" timestamp="2017-05-17T16:04:37Z" user="The fast mover" uid="4505045">
  <nd ref="4860156550"/>
  <nd ref="4860156551"/>
  <tag k="footway" v="sidewalk"/>
  <tag k="highway" v="footway"/>
 </way>
 <way id="494227455" visible="true" version="3" changeset="178694509" timestamp="2026-02-17T19:18:37Z" user="대전맨" uid="14672717">
  <nd ref="4860156551"/>
  <nd ref="4860156552"/>
  <nd ref="4860156553"/>
  <tag k="crossing" v="marked"/>
  <tag k="crossing:markings" v="zebra"/>
  <tag k="footway" v="crossing"/>
  <tag k="highway" v="footway"/>
 </way>
 <way id="494227457" visible="true" version="3" changeset="182690979" timestamp="2026-05-15T10:42:18Z" user="pudlepoodle" uid="24130265">
  <nd ref="4860156553"/>
  <nd ref="12521111439"/>
  <nd ref="4860156554"/>
  <nd ref="4860156555"/>
  <tag k="footway" v="sidewalk"/>
  <tag k="highway" v="footway"/>
  <tag k="surface" v="paving_stones"/>
 </way>
 <way id="494227458" visible="true" version="2" changeset="178694509" timestamp="2026-02-17T19:18:37Z" user="대전맨" uid="14672717">
  <nd ref="4860156555"/>
  <nd ref="4860156556"/>
  <nd ref="4860156557"/>
  <tag k="crossing" v="marked"/>
  <tag k="crossing:markings" v="zebra"/>
  <tag k="footway" v="crossing"/>
  <tag k="highway" v="footway"/>
 </way>
 <way id="494227459" visible="true" version="1" changeset="48766804" timestamp="2017-05-17T16:04:37Z" user="The fast mover" uid="4505045">
  <nd ref="4860156557"/>
  <nd ref="4860156558"/>
  <tag k="footway" v="sidewalk"/>
  <tag k="highway" v="footway"/>
 </way>
 <way id="494227460" visible="true" version="2" changeset="178694509" timestamp="2026-02-17T19:18:37Z" user="대전맨" uid="14672717">
  <nd ref="4860156558"/>
  <nd ref="4860156559"/>
  <nd ref="4860156560"/>
  <tag k="crossing" v="marked"/>
  <tag k="crossing:markings" v="zebra"/>
  <tag k="footway" v="crossing"/>
  <tag k="highway" v="footway"/>
 </way>
 <way id="494227461" visible="true" version="2" changeset="182690979" timestamp="2026-05-15T10:44:54Z" user="pudlepoodle" uid="24130265">
  <nd ref="4860156560"/>
  <nd ref="4860156561"/>
  <tag k="footway" v="sidewalk"/>
  <tag k="highway" v="footway"/>
  <tag k="surface" v="paving_stones"/>
 </way>
 <way id="494227462" visible="true" version="3" changeset="178694509" timestamp="2026-02-17T19:18:37Z" user="대전맨" uid="14672717">
  <nd ref="4860156561"/>
  <nd ref="4860156562"/>
  <nd ref="4860156563"/>
  <tag k="crossing" v="marked"/>
  <tag k="crossing:markings" v="zebra"/>
  <tag k="footway" v="crossing"/>
  <tag k="highway" v="footway"/>
 </way>
 <way id="494227464" visible="true" version="1" changeset="48766804" timestamp="2017-05-17T16:04:38Z" user="The fast mover" uid="4505045">
  <nd ref="4860156563"/>
  <nd ref="4860156564"/>
  <tag k="footway" v="sidewalk"/>
  <tag k="highway" v="footway"/>
 </way>
 <way id="494227465" visible="true" version="2" changeset="178694509" timestamp="2026-02-17T19:18:37Z" user="대전맨" uid="14672717">
  <nd ref="4860156564"/>
  <nd ref="4860156565"/>
  <tag k="crossing" v="marked"/>
  <tag k="crossing:markings" v="zebra"/>
  <tag k="footway" v="crossing"/>
  <tag k="highway" v="footway"/>
 </way>
 <way id="494227466" visible="true" version="2" changeset="178694509" timestamp="2026-02-17T19:18:37Z" user="대전맨" uid="14672717">
  <nd ref="4860156565"/>
  <nd ref="4860156566"/>
  <tag k="crossing" v="marked"/>
  <tag k="crossing:markings" v="zebra"/>
  <tag k="footway" v="crossing"/>
  <tag k="highway" v="footway"/>
 </way>
 <way id="494227467" visible="true" version="3" changeset="128779766" timestamp="2022-11-11T14:27:38Z" user="케이7" uid="8120174">
  <nd ref="4860156566"/>
  <nd ref="10175881118"/>
  <nd ref="4860156567"/>
  <nd ref="4860156568"/>
  <nd ref="4860156569"/>
  <nd ref="4860156570"/>
  <nd ref="4860156571"/>
  <nd ref="10174944338"/>
  <nd ref="10174944334"/>
  <nd ref="4860156573"/>
  <nd ref="4860156574"/>
  <nd ref="4860156575"/>
  <nd ref="4860152618"/>
  <tag k="footway" v="sidewalk"/>
  <tag k="highway" v="footway"/>
 </way>
 <way id="494227468" visible="true" version="3" changeset="178694509" timestamp="2026-02-17T19:18:37Z" user="대전맨" uid="14672717">
  <nd ref="4860156572"/>
  <nd ref="10174944338"/>
  <nd ref="4663215383"/>
  <nd ref="4860156576"/>
  <tag k="crossing" v="marked"/>
  <tag k="crossing:markings" v="zebra"/>
  <tag k="footway" v="crossing"/>
  <tag k="highway" v="footway"/>
 </way>
 <way id="494227470" visible="true" version="2" changeset="178694509" timestamp="2026-02-17T19:18:37Z" user="대전맨" uid="14672717">
  <nd ref="4860156579"/>
  <nd ref="4860156581"/>
  <nd ref="4860156580"/>
  <tag k="crossing" v="marked"/>
  <tag k="crossing:markings" v="zebra"/>
  <tag k="footway" v="crossing"/>
  <tag k="highway" v="footway"/>
 </way>
 <way id="494227471" visible="true" version="1" changeset="48766804" timestamp="2017-05-17T16:04:38Z" user="The fast mover" uid="4505045">
  <nd ref="4860156580"/>
  <nd ref="4860156582"/>
  <tag k="footway" v="sidewalk"/>
  <tag k="highway" v="footway"/>
 </way>
 <way id="494227472" visible="true" version="2" changeset="178694509" timestamp="2026-02-17T19:18:37Z" user="대전맨" uid="14672717">
  <nd ref="4860156582"/>
  <nd ref="4860156583"/>
  <nd ref="4860156584"/>
  <tag k="crossing" v="marked"/>
  <tag k="crossing:markings" v="zebra"/>
  <tag k="footway" v="crossing"/>
  <tag k="highway" v="footway"/>
 </way>
 <way id="494227473" visible="true" version="4" changeset="187773496" timestamp="2026-08-21T03:32:43Z" user="NumisK" uid="15458800">
  <nd ref="4860156584"/>
  <nd ref="14108920199"/>
  <nd ref="8731850554"/>
  <nd ref="4860156585"/>
  <nd ref="4860156586"/>
  <nd ref="4860156587"/>
  <nd ref="10175881170"/>
  <nd ref="4860156588"/>
  <nd ref="4860156589"/>
  <nd ref="4860156590"/>
  <nd ref="4860156576"/>
  <nd ref="4860156591"/>
  <tag k="footway" v="sidewalk"/>
  <tag k="highway" v="footway"/>
 </way>
 <way id="494227474" visible="true" version="4" changeset="182690979" timestamp="2026-05-15T10:37:40Z" user="pudlepoodle" uid="24130265">
  <nd ref="4860156591"/>
  <nd ref="2429714201"/>
  <nd ref="10174944337"/>
  <tag k="crossing" v="marked"/>
  <tag k="crossing:markings" v="zebra"/>
  <tag k="footway" v="crossing"/>
  <tag k="highway" v="footway"/>
  <tag k="surface" v="asphalt"/>
 </way>
 <way id="494227475" visible="true" version="5" changeset="182690979" timestamp="2026-05-15T10:44:58Z" user="pudlepoodle" uid="24130265">
  <nd ref="10174944337"/>
  <nd ref="4860156593"/>
  <nd ref="10175881117"/>
  <nd ref="4860156594"/>
  <nd ref="4860156595"/>
  <nd ref="4860156596"/>
  <nd ref="12521111247"/>
  <nd ref="4860156597"/>
  <nd ref="4860156598"/>
  <nd ref="10175875614"/>
  <nd ref="4860156599"/>
  <nd ref="4860156600"/>
  <nd ref="4860156601"/>
  <nd ref="4860156608"/>
  <nd ref="4860156603"/>
  <nd ref="4860156605"/>
  <nd ref="4860156606"/>
  <nd ref="4860156607"/>
  <tag k="footway" v="sidewalk"/>
  <tag k="highway" v="footway"/>
  <tag k="surface" v="paving_stones"/>
 </way>
 <way id="494227476" visible="true" version="2" changeset="178694509" timestamp="2026-02-17T19:18:37Z" user="대전맨" uid="14672717">
  <nd ref="4860156608"/>
  <nd ref="4860156609"/>
  <nd ref="4860156610"/>
  <tag k="crossing" v="marked"/>
  <tag k="crossing:markings" v="zebra"/>
  <tag k="footway" v="crossing"/>
  <tag k="highway" v="footway"/>
 </way>
 <way id="494228390" visible="true" version="5" changeset="161611496" timestamp="2025-01-21T18:33:32Z" user="Lavignein" uid="5188781">
  <nd ref="12521111164"/>
  <nd ref="12521111168"/>
  <nd ref="12521111167"/>
  <nd ref="12521111166"/>
  <nd ref="12521111165"/>
  <nd ref="4860168750"/>
  <nd ref="10175881151"/>
  <nd ref="4860168751"/>
  <nd ref="4860168752"/>
  <nd ref="10175875579"/>
  <nd ref="10175875580"/>
  <nd ref="8973513685"/>
  <tag k="footway" v="sidewalk"/>
  <tag k="highway" v="footway"/>
 </way>
 <way id="494228392" visible="true" version="2" changeset="183000580" timestamp="2026-05-22T02:00:45Z" user="Woo Ahn" uid="23263678">
  <nd ref="4860168756"/>
  <nd ref="13859354058"/>
  <nd ref="4860168770"/>
  <nd ref="4860168773"/>
  <nd ref="4860168757"/>
  <nd ref="4860168758"/>
  <nd ref="4860168759"/>
  <nd ref="4860168774"/>
  <nd ref="4860168760"/>
  <tag k="footway" v="sidewalk"/>
  <tag k="highway" v="footway"/>
 </way>
 <way id="494228393" visible="true" version="3" changeset="178694509" timestamp="2026-02-17T19:18:37Z" user="대전맨" uid="14672717">
  <nd ref="4860168760"/>
  <nd ref="1916534586"/>
  <nd ref="10174944331"/>
  <tag k="crossing" v="marked"/>
  <tag k="crossing:markings" v="zebra"/>
  <tag k="footway" v="crossing"/>
  <tag k="highway" v="footway"/>
 </way>
 <way id="494228394" visible="true" version="2" changeset="128758566" timestamp="2022-11-11T04:28:07Z" user="케이7" uid="8120174">
  <nd ref="10174944331"/>
  <nd ref="4860168763"/>
  <nd ref="4860168766"/>
  <tag k="footway" v="sidewalk"/>
  <tag k="highway" v="footway"/>
 </way>
 <way id="494228395" visible="true" version="1" changeset="48766916" timestamp="2017-05-17T16:10:12Z" user="The fast mover" uid="4505045">
  <nd ref="4857676706"/>
  <nd ref="4860168767"/>
  <tag k="highway" v="pedestrian"/>
 </way>
 <way id="494228396" visible="true" version="2" changeset="178694509" timestamp="2026-02-17T19:18:37Z" user="대전맨" uid="14672717">
  <nd ref="4860168768"/>
  <nd ref="4860168769"/>
  <nd ref="4860168770"/>
  <tag k="crossing" v="marked"/>
  <tag k="crossing:markings" v="zebra"/>
  <tag k="footway" v="crossing"/>
  <tag k="highway" v="footway"/>
 </way>
 <way id="494228397" visible="true" version="2" changeset="178694509" timestamp="2026-02-17T19:18:37Z" user="대전맨" uid="14672717">
  <nd ref="4860168771"/>
  <nd ref="4860168772"/>
  <nd ref="4860168773"/>
  <tag k="crossing" v="marked"/>
  <tag k="crossing:markings" v="zebra"/>
  <tag k="footway" v="crossing"/>
  <tag k="highway" v="footway"/>
 </way>
 <way id="494228398" visible="true" version="2" changeset="178694509" timestamp="2026-02-17T19:18:37Z" user="대전맨" uid="14672717">
  <nd ref="4860168774"/>
  <nd ref="4860168775"/>
  <nd ref="4860168776"/>
  <tag k="crossing" v="marked"/>
  <tag k="crossing:markings" v="zebra"/>
  <tag k="footway" v="crossing"/>
  <tag k="highway" v="footway"/>
 </way>
 <way id="494228399" visible="true" version="2" changeset="128758566" timestamp="2022-11-11T04:28:07Z" user="케이7" uid="8120174">
  <nd ref="4860168777"/>
  <nd ref="4860152615"/>
  <tag k="highway" v="pedestrian"/>
 </way>
 <way id="494228401" visible="true" version="1" changeset="48766916" timestamp="2017-05-17T16:10:12Z" user="The fast mover" uid="4505045">
  <nd ref="4860168780"/>
  <nd ref="4860168781"/>
  <tag k="highway" v="pedestrian"/>
 </way>
 <way id="494228402" visible="true" version="2" changeset="170533537" timestamp="2025-08-16T17:10:32Z" user="Lavignein" uid="5188781">
  <nd ref="1916534485"/>
  <nd ref="4860168783"/>
  <tag k="highway" v="pedestrian"/>
  <tag k="layer" v="-1"/>
  <tag k="tunnel" v="yes"/>
 </way>
 <way id="494228404" visible="true" version="4" changeset="170533537" timestamp="2025-08-16T17:10:32Z" user="Lavignein" uid="5188781">
  <nd ref="1916534475"/>
  <nd ref="10174944344"/>
  <tag k="highway" v="pedestrian"/>
  <tag k="layer" v="-1"/>
  <tag k="tunnel" v="yes"/>
 </way>
 <way id="494228405" visible="true" version="3" changeset="128779766" timestamp="2022-11-11T14:27:38Z" user="케이7" uid="8120174">
  <nd ref="4860168786"/>
  <nd ref="4857609647"/>
  <nd ref="4860168787"/>
  <tag k="footway" v="sidewalk"/>
  <tag k="highway" v="footway"/>
 </way>
 <way id="494228406" visible="true" version="3" changeset="178694509" timestamp="2026-02-17T19:18:37Z" user="대전맨" uid="14672717">
  <nd ref="4860168787"/>
  <nd ref="8973513688"/>
  <nd ref="4860168788"/>
  <tag k="crossing" v="marked"/>
  <tag k="crossing:markings" v="zebra"/>
  <tag k="footway" v="crossing"/>
  <tag k="highway" v="footway"/>
 </way>
 <way id="494228407" visible="true" version="5" changeset="183001433" timestamp="2026-05-22T03:04:59Z" user="Woo Ahn" uid="23263678">
  <nd ref="4860168789"/>
  <nd ref="4860168790"/>
  <nd ref="13859377179"/>
  <nd ref="4860168791"/>
  <nd ref="4860168793"/>
  <nd ref="4860168792"/>
  <tag k="footway" v="sidewalk"/>
  <tag k="highway" v="footway"/>
 </way>
 <way id="494228408" visible="true" version="2" changeset="178694509" timestamp="2026-02-17T19:18:37Z" user="대전맨" uid="14672717">
  <nd ref="4860168793"/>
  <nd ref="1916534496"/>
  <nd ref="4860168794"/>
  <tag k="crossing" v="marked"/>
  <tag k="crossing:markings" v="zebra"/>
  <tag k="footway" v="crossing"/>
  <tag k="highway" v="footway"/>
 </way>
 <way id="494228409" visible="true" version="4" changeset="161611496" timestamp="2025-01-21T18:33:32Z" user="Lavignein" uid="5188781">
  <nd ref="4860168794"/>
  <nd ref="8973513689"/>
  <nd ref="4860168796"/>
  <nd ref="10175881144"/>
  <nd ref="4860168797"/>
  <nd ref="4860168798"/>
  <nd ref="4860168799"/>
  <nd ref="12521111185"/>
  <nd ref="4860156607"/>
  <tag k="footway" v="sidewalk"/>
  <tag k="highway" v="footway"/>
 </way>
 <way id="494228410" visible="true" version="2" changeset="128779766" timestamp="2022-11-11T14:27:38Z" user="케이7" uid="8120174">
  <nd ref="4860168794"/>
  <nd ref="10175881133"/>
  <nd ref="10175881134"/>
  <nd ref="4860168800"/>
  <nd ref="4860168801"/>
  <nd ref="4860168802"/>
  <nd ref="4860168803"/>
  <tag k="footway" v="sidewalk"/>
  <tag k="highway" v="footway"/>
 </way>
 <way id="494228411" visible="true" version="2" changeset="178694509" timestamp="2026-02-17T19:18:37Z" user="대전맨" uid="14672717">
  <nd ref="4860168803"/>
  <nd ref="4860168804"/>
  <nd ref="4860168805"/>
  <tag k="crossing" v="marked"/>
  <tag k="crossing:markings" v="zebra"/>
  <tag k="footway" v="crossing"/>
  <tag k="highway" v="footway"/>
 </way>
 <way id="494228412" visible="true" version="1" changeset="48766916" timestamp="2017-05-17T16:10:13Z" user="The fast mover" uid="4505045">
  <nd ref="4860168805"/>
  <nd ref="4860168806"/>
  <tag k="footway" v="sidewalk"/>
  <tag k="highway" v="footway"/>
 </way>
 <way id="494228413" visible="true" version="2" changeset="178694509" timestamp="2026-02-17T19:18:37Z" user="대전맨" uid="14672717">
  <nd ref="4860168806"/>
  <nd ref="4860168807"/>
  <nd ref="4860168808"/>
  <tag k="crossing" v="marked"/>
  <tag k="crossing:markings" v="zebra"/>
  <tag k="footway" v="crossing"/>
  <tag k="highway" v="footway"/>
 </way>
 <way id="494228414" visible="true" version="1" changeset="48766916" timestamp="2017-05-17T16:10:13Z" user="The fast mover" uid="4505045">
  <nd ref="4860168808"/>
  <nd ref="4860168809"/>
  <tag k="footway" v="sidewalk"/>
  <tag k="highway" v="footway"/>
 </way>
 <way id="494228415" visible="true" version="2" changeset="178694509" timestamp="2026-02-17T19:18:37Z" user="대전맨" uid="14672717">
  <nd ref="4860168809"/>
  <nd ref="4860168810"/>
  <tag k="crossing" v="marked"/>
  <tag k="crossing:markings" v="zebra"/>
  <tag k="footway" v="crossing"/>
  <tag k="highway" v="footway"/>
 </way>
 <way id="494228416" visible="true" version="2" changeset="128779766" timestamp="2022-11-11T14:27:38Z" user="케이7" uid="8120174">
  <nd ref="4860168810"/>
  <nd ref="4860168811"/>
  <nd ref="4860168812"/>
  <nd ref="4860168813"/>
  <nd ref="4860168814"/>
  <nd ref="4860168815"/>
  <nd ref="4860168816"/>
  <nd ref="4860168817"/>
  <nd ref="4860168818"/>
  <nd ref="4860168820"/>
  <nd ref="4860168921"/>
  <nd ref="4860168922"/>
  <tag k="footway" v="sidewalk"/>
  <tag k="highway" v="footway"/>
 </way>
 <way id="494399995" visible="true" version="4" changeset="128779766" timestamp="2022-11-11T14:27:38Z" user="케이7" uid="8120174">
  <nd ref="4857609638"/>
  <nd ref="10175875585"/>
  <nd ref="4861632726"/>
  <nd ref="4861609250"/>
  <nd ref="10175881145"/>
  <nd ref="4861609251"/>
  <nd ref="4861609252"/>
  <nd ref="4861626131"/>
  <nd ref="4861609253"/>
  <tag k="highway" v="service"/>
 </way>
 <way id="494401288" visible="true" version="3" changeset="128779766" timestamp="2022-11-11T14:27:38Z" user="케이7" uid="8120174">
  <nd ref="4861618338"/>
  <nd ref="4861618339"/>
  <nd ref="4861626132"/>
  <nd ref="4861618340"/>
  <nd ref="4861618341"/>
  <nd ref="4861618338"/>
  <tag k="amenity" v="parking"/>
 </way>
 <way id="494402338" visible="true" version="2" changeset="128779766" timestamp="2022-11-11T14:27:38Z" user="케이7" uid="8120174">
  <nd ref="4861626131"/>
  <nd ref="10175881146"/>
  <tag k="highway" v="service"/>
 </way>
 <way id="494402339" visible="true" version="4" changeset="128779766" timestamp="2022-11-11T14:27:38Z" user="케이7" uid="8120174">
  <nd ref="4861626133"/>
  <nd ref="4861626134"/>
  <nd ref="4861626135"/>
  <nd ref="4861626136"/>
  <nd ref="8973513696"/>
  <nd ref="4861626137"/>
  <nd ref="4861626138"/>
  <nd ref="8973513697"/>
  <nd ref="4861626139"/>
  <nd ref="8973513695"/>
  <nd ref="4861626140"/>
  <nd ref="4861626133"/>
  <tag k="building" v="dormitory"/>
  <tag k="name" v="오름관 2동"/>
  <tag k="name:ko" v="오름관 2동"/>
 </way>
 <way id="494402459" visible="true" version="2" changeset="183001433" timestamp="2026-05-22T03:04:59Z" user="Woo Ahn" uid="23263678">
  <nd ref="4861626599"/>
  <nd ref="4861626600"/>
  <nd ref="4861626601"/>
  <nd ref="4861626602"/>
  <nd ref="13859377180"/>
  <nd ref="13859377177"/>
  <nd ref="4861626603"/>
  <tag k="highway" v="service"/>
 </way>
 <way id="494403438" visible="true" version="2" changeset="128779766" timestamp="2022-11-11T14:27:38Z" user="케이7" uid="8120174">
  <nd ref="4861626603"/>
  <nd ref="10175881150"/>
  <nd ref="4861632722"/>
  <nd ref="4861632723"/>
  <nd ref="4861632724"/>
  <nd ref="4861632725"/>
  <nd ref="4861632726"/>
  <tag k="highway" v="path"/>
 </way>
 <way id="494403439" visible="true" version="4" changeset="128779766" timestamp="2022-11-11T14:27:38Z" user="케이7" uid="8120174">
  <nd ref="10175881146"/>
  <nd ref="4861644234"/>
  <nd ref="4861632727"/>
  <nd ref="10175875586"/>
  <tag k="highway" v="path"/>
 </way>
 <way id="494403440" visible="true" version="1" changeset="48787841" timestamp="2017-05-18T10:53:13Z" user="The fast mover" uid="4505045">
  <nd ref="4861632729"/>
  <nd ref="4861632730"/>
  <nd ref="4861632731"/>
  <nd ref="4861632732"/>
  <nd ref="4861632729"/>
  <tag k="amenity" v="parking"/>
 </way>
 <way id="494403441" visible="true" version="1" changeset="48787841" timestamp="2017-05-18T10:53:13Z" user="The fast mover" uid="4505045">
  <nd ref="4861632733"/>
  <nd ref="4861632734"/>
  <nd ref="4861632735"/>
  <nd ref="4861632736"/>
  <nd ref="4861632733"/>
  <tag k="amenity" v="parking"/>
 </way>
 <way id="494403443" visible="true" version="1" changeset="48787841" timestamp="2017-05-18T10:53:13Z" user="The fast mover" uid="4505045">
  <nd ref="4861632738"/>
  <nd ref="4861632739"/>
  <nd ref="4861632740"/>
  <nd ref="4861632741"/>
  <nd ref="4861632738"/>
  <tag k="amenity" v="parking"/>
 </way>
 <way id="494404869" visible="true" version="3" changeset="128779766" timestamp="2022-11-11T14:27:38Z" user="케이7" uid="8120174">
  <nd ref="10175881146"/>
  <nd ref="10175881147"/>
  <nd ref="4861644239"/>
  <tag k="highway" v="path"/>
 </way>
 <way id="494404871" visible="true" version="3" changeset="128779766" timestamp="2022-11-11T14:27:38Z" user="케이7" uid="8120174">
  <nd ref="4861644239"/>
  <nd ref="4861644240"/>
  <nd ref="4861644241"/>
  <nd ref="4861644242"/>
  <nd ref="10175881148"/>
  <tag k="highway" v="path"/>
 </way>
 <way id="494404873" visible="true" version="2" changeset="109004933" timestamp="2021-08-02T06:38:26Z" user="LakeMichigan" uid="11387726">
  <nd ref="4861644241"/>
  <nd ref="8973513697"/>
  <tag k="highway" v="path"/>
 </way>
 <way id="494404875" visible="true" version="1" changeset="48787993" timestamp="2017-05-18T10:58:18Z" user="The fast mover" uid="4505045">
  <nd ref="4861644245"/>
  <nd ref="4861644246"/>
  <tag k="highway" v="steps"/>
 </way>
 <way id="494404876" visible="true" version="2" changeset="109004933" timestamp="2021-08-02T06:38:26Z" user="LakeMichigan" uid="11387726">
  <nd ref="4861644247"/>
  <nd ref="8973513688"/>
  <nd ref="4861644246"/>
  <nd ref="4861644248"/>
  <nd ref="4861644249"/>
  <nd ref="4861644250"/>
  <nd ref="4861644251"/>
  <tag k="highway" v="service"/>
 </way>
 <way id="494404878" visible="true" version="1" changeset="48787993" timestamp="2017-05-18T10:58:19Z" user="The fast mover" uid="4505045">
  <nd ref="4861644252"/>
  <nd ref="4861644253"/>
  <nd ref="4861644254"/>
  <nd ref="4861644255"/>
  <nd ref="4861644252"/>
  <tag k="amenity" v="parking"/>
 </way>
 <way id="494409244" visible="true" version="2" changeset="65934998" timestamp="2019-01-01T15:34:25Z" user="LuxuryCoop" uid="7245212">
  <nd ref="4861679012"/>
  <nd ref="4861679013"/>
  <nd ref="4861679014"/>
  <nd ref="4861679015"/>
  <nd ref="4861679016"/>
  <nd ref="4861679017"/>
  <nd ref="4861679018"/>
  <nd ref="4861679019"/>
  <nd ref="4861679020"/>
  <nd ref="4861679321"/>
  <nd ref="4861679322"/>
  <nd ref="4861679323"/>
  <nd ref="4861679012"/>
  <tag k="building" v="dormitory"/>
  <tag k="name" v="오름관 3동"/>
  <tag k="name:ko" v="오름관 3동"/>
 </way>
 <way id="494410220" visible="true" version="4" changeset="161611496" timestamp="2025-01-21T18:33:32Z" user="Lavignein" uid="5188781">
  <nd ref="4861685413"/>
  <nd ref="4861685414"/>
  <nd ref="4861685415"/>
  <nd ref="4861685416"/>
  <nd ref="4861685413"/>
  <tag k="building" v="university"/>
  <tag k="name" v="청운대"/>
  <tag k="name:ko" v="청운대"/>
 </way>
 <way id="494410222" visible="true" version="3" changeset="128779766" timestamp="2022-11-11T14:27:38Z" user="케이7" uid="8120174">
  <nd ref="10175875554"/>
  <nd ref="4861685418"/>
  <nd ref="7285060674"/>
  <nd ref="4861685723"/>
  <tag k="highway" v="pedestrian"/>
 </way>
 <way id="494410223" visible="true" version="4" changeset="182690768" timestamp="2026-05-15T10:39:14Z" user="pudlepoodle" uid="24130265">
  <nd ref="7285060678"/>
  <nd ref="10175875569"/>
  <nd ref="4861685419"/>
  <nd ref="4861685420"/>
  <nd ref="4861685723"/>
  <nd ref="4859939418"/>
  <nd ref="1916534611"/>
  <tag k="highway" v="service"/>
  <tag k="surface" v="asphalt"/>
 </way>
 <way id="780210156" visible="true" version="3" changeset="183000580" timestamp="2026-05-22T02:00:45Z" user="Woo Ahn" uid="23263678">
  <nd ref="1916534611"/>
  <nd ref="7285060675"/>
  <nd ref="7285060671"/>
  <nd ref="7285060676"/>
  <tag k="highway" v="service"/>
  <tag k="surface" v="asphalt"/>
 </way>
 <way id="780210157" visible="true" version="1" changeset="82063445" timestamp="2020-03-11T13:46:08Z" user="Lavignein" uid="5188781">
  <nd ref="7285060676"/>
  <nd ref="7285060677"/>
  <nd ref="7285060681"/>
  <nd ref="7285060679"/>
  <nd ref="7285060678"/>
  <tag k="highway" v="service"/>
  <tag k="service" v="parking_aisle"/>
 </way>
 <way id="780210158" visible="true" version="1" changeset="82063445" timestamp="2020-03-11T13:46:08Z" user="Lavignein" uid="5188781">
  <nd ref="7285060679"/>
  <nd ref="7285060680"/>
  <nd ref="7285060682"/>
  <nd ref="7285060676"/>
  <tag k="highway" v="service"/>
  <tag k="service" v="parking_aisle"/>
 </way>
 <way id="780210159" visible="true" version="1" changeset="82063445" timestamp="2020-03-11T13:46:08Z" user="Lavignein" uid="5188781">
  <nd ref="7285060681"/>
  <nd ref="7285060682"/>
  <tag k="highway" v="service"/>
  <tag k="service" v="parking_aisle"/>
 </way>
 <way id="780210160" visible="true" version="2" changeset="183000580" timestamp="2026-05-22T02:00:45Z" user="Woo Ahn" uid="23263678">
  <nd ref="7285060683"/>
  <nd ref="13859354052"/>
  <nd ref="7285060684"/>
  <nd ref="13859354064"/>
  <nd ref="7285065085"/>
  <nd ref="7285065086"/>
  <nd ref="7285060683"/>
  <tag k="amenity" v="parking"/>
 </way>
 <way id="780210161" visible="true" version="2" changeset="161611496" timestamp="2025-01-21T18:33:32Z" user="Lavignein" uid="5188781">
  <nd ref="7285065087"/>
  <nd ref="12521111393"/>
  <nd ref="12521111379"/>
  <nd ref="12521111394"/>
  <nd ref="7285065088"/>
  <nd ref="7285065090"/>
  <tag k="highway" v="pedestrian"/>
 </way>
 <way id="780210162" visible="true" version="2" changeset="128758566" timestamp="2022-11-11T04:28:07Z" user="케이7" uid="8120174">
  <nd ref="1916534588"/>
  <nd ref="1916534586"/>
  <nd ref="1916534576"/>
  <tag k="highway" v="service"/>
  <tag k="review" v="no"/>
  <tag k="source" v="Bing"/>
 </way>
 <way id="846825595" visible="true" version="7" changeset="181939468" timestamp="2026-04-28T12:52:13Z" user="Weathering" uid="12509199">
  <nd ref="10805899544"/>
  <nd ref="10805899545"/>
  <nd ref="10805899546"/>
  <nd ref="10805899547"/>
  <nd ref="10805899548"/>
  <nd ref="10805899549"/>
  <nd ref="10805899550"/>
  <nd ref="9841616590"/>
  <nd ref="9841616589"/>
  <nd ref="9841616588"/>
  <nd ref="9841616587"/>
  <nd ref="9841616586"/>
  <nd ref="9841616585"/>
  <nd ref="9841616584"/>
  <nd ref="13770593779"/>
  <nd ref="9841616583"/>
  <nd ref="13770593778"/>
  <nd ref="9841616582"/>
  <nd ref="13770593780"/>
  <nd ref="9841616581"/>
  <nd ref="10806191809"/>
  <nd ref="9841616580"/>
  <nd ref="9841616579"/>
  <nd ref="13770593781"/>
  <nd ref="9841616578"/>
  <nd ref="9841616577"/>
  <nd ref="9841616576"/>
  <nd ref="9841616575"/>
  <nd ref="9841616574"/>
  <nd ref="9841616573"/>
  <nd ref="9841616572"/>
  <nd ref="9841616571"/>
  <nd ref="9841616570"/>
  <nd ref="9841616569"/>
  <nd ref="9841616568"/>
  <nd ref="9841616567"/>
  <nd ref="9841616566"/>
  <nd ref="9841616565"/>
  <nd ref="9841616564"/>
  <nd ref="9841616563"/>
  <nd ref="9841616562"/>
  <nd ref="9841616561"/>
  <nd ref="9841616560"/>
  <nd ref="9841616559"/>
  <nd ref="9841616558"/>
  <nd ref="9841616557"/>
  <nd ref="9841616556"/>
  <nd ref="9841616555"/>
  <nd ref="9841616554"/>
  <nd ref="9841616553"/>
  <nd ref="9841616552"/>
  <nd ref="9841616551"/>
  <nd ref="9841616550"/>
  <nd ref="9841616549"/>
  <nd ref="9841616548"/>
  <nd ref="9841616547"/>
  <nd ref="9841616546"/>
  <nd ref="9841616545"/>
  <nd ref="7901416267"/>
  <nd ref="7901416266"/>
  <nd ref="7901416265"/>
  <nd ref="7901416264"/>
  <nd ref="9841616602"/>
  <nd ref="7901416263"/>
  <nd ref="9841616599"/>
  <nd ref="9841616601"/>
  <nd ref="7901416262"/>
  <nd ref="7901416261"/>
  <nd ref="9841616598"/>
  <nd ref="9841616387"/>
  <nd ref="7901416260"/>
  <nd ref="7901416259"/>
  <nd ref="7901416258"/>
  <nd ref="7901741255"/>
  <nd ref="7901741256"/>
  <nd ref="7901741257"/>
  <nd ref="7901741258"/>
  <nd ref="7901741259"/>
  <nd ref="7901741260"/>
  <nd ref="7901741261"/>
  <nd ref="7901741262"/>
  <nd ref="7901741263"/>
  <nd ref="7901741264"/>
  <nd ref="7901741265"/>
  <nd ref="7901741266"/>
  <nd ref="7901741267"/>
  <nd ref="7901741268"/>
  <nd ref="7901741269"/>
  <nd ref="7901741270"/>
  <nd ref="7901741271"/>
  <nd ref="7901741272"/>
  <nd ref="7901741273"/>
  <nd ref="7901741274"/>
  <nd ref="7901741275"/>
  <nd ref="7901741276"/>
  <nd ref="7901741277"/>
  <nd ref="7901741278"/>
  <nd ref="7901741279"/>
  <nd ref="7901741280"/>
  <nd ref="7901741281"/>
  <nd ref="7901741282"/>
  <nd ref="7901741283"/>
  <nd ref="7901741284"/>
  <nd ref="244666286"/>
  <nd ref="7901743986"/>
  <tag k="name" v="성수천"/>
  <tag k="name:ko-Latn" v="Seongsucheon (Riv.)"/>
  <tag k="waterway" v="stream"/>
 </way>
 <way id="904423172" visible="true" version="8" changeset="179055500" timestamp="2026-02-25T19:55:15Z" user="Weathering" uid="12509199">
  <nd ref="8360508206"/>
  <nd ref="8399408285"/>
  <nd ref="13537142838"/>
  <nd ref="8399408286"/>
  <nd ref="8399408287"/>
  <nd ref="8399408288"/>
  <nd ref="8399408289"/>
  <nd ref="8399408290"/>
  <nd ref="8399408291"/>
  <nd ref="8399408292"/>
  <nd ref="8399408293"/>
  <nd ref="8399408294"/>
  <nd ref="8399408295"/>
  <nd ref="8399408296"/>
  <nd ref="8399408297"/>
  <nd ref="8399408298"/>
  <nd ref="8399408299"/>
  <nd ref="8399408300"/>
  <nd ref="8399408301"/>
  <nd ref="8399408302"/>
  <nd ref="8399408303"/>
  <nd ref="8399408304"/>
  <nd ref="8399408305"/>
  <nd ref="8399408306"/>
  <nd ref="8399408307"/>
  <nd ref="8399408308"/>
  <nd ref="8399408309"/>
  <nd ref="8399408310"/>
  <nd ref="13599090548"/>
  <nd ref="8399408311"/>
  <nd ref="13599090547"/>
  <nd ref="8399408312"/>
  <nd ref="13599090546"/>
  <nd ref="8399408313"/>
  <nd ref="8399408314"/>
  <nd ref="8399408315"/>
  <nd ref="8399408316"/>
  <nd ref="13599090545"/>
  <nd ref="8399425217"/>
  <nd ref="13599090544"/>
  <nd ref="8399425219"/>
  <nd ref="8399425220"/>
  <nd ref="8399425221"/>
  <nd ref="8399425222"/>
  <nd ref="8399425223"/>
  <nd ref="8399425224"/>
  <nd ref="8399425225"/>
  <nd ref="8399425226"/>
  <nd ref="8399425227"/>
  <nd ref="8399425228"/>
  <nd ref="8399425229"/>
  <nd ref="8399425230"/>
  <nd ref="8399425231"/>
  <nd ref="8399425232"/>
  <nd ref="8399425233"/>
  <nd ref="8399425234"/>
  <nd ref="8399425235"/>
  <nd ref="8399425236"/>
  <nd ref="8399425237"/>
  <nd ref="8399425238"/>
  <nd ref="8399425239"/>
  <nd ref="8399425240"/>
  <nd ref="8399425241"/>
  <nd ref="8399425242"/>
  <nd ref="8399425243"/>
  <nd ref="8399425244"/>
  <nd ref="8399425245"/>
  <nd ref="8399425246"/>
  <nd ref="8399425247"/>
  <nd ref="8399425248"/>
  <nd ref="8399425249"/>
  <nd ref="8399425250"/>
  <nd ref="8399425251"/>
  <nd ref="8399425252"/>
  <nd ref="8399425253"/>
  <nd ref="8399425254"/>
  <nd ref="8399425255"/>
  <nd ref="8399425256"/>
  <nd ref="8399425257"/>
  <nd ref="8399425258"/>
  <nd ref="8399425259"/>
  <nd ref="8399425260"/>
  <nd ref="8399425261"/>
  <nd ref="8399425262"/>
  <nd ref="8399425263"/>
  <nd ref="8399425264"/>
  <nd ref="8399425265"/>
  <nd ref="8399425266"/>
  <nd ref="8399425267"/>
  <nd ref="8399425268"/>
  <nd ref="8399425269"/>
  <nd ref="8399425270"/>
  <nd ref="8399425271"/>
  <nd ref="8399425272"/>
  <nd ref="8399425273"/>
  <nd ref="8399425274"/>
  <nd ref="8399425275"/>
  <nd ref="8399425276"/>
  <nd ref="8399425277"/>
  <nd ref="8399425278"/>
  <nd ref="8399425279"/>
  <nd ref="8399425280"/>
  <nd ref="8399425281"/>
  <nd ref="8399425282"/>
  <nd ref="8399425283"/>
  <nd ref="8399425284"/>
  <nd ref="8399425285"/>
  <nd ref="8399425286"/>
  <nd ref="8399425287"/>
  <nd ref="8399425288"/>
  <nd ref="8399425289"/>
  <nd ref="11372664276"/>
  <nd ref="8399425290"/>
  <nd ref="11372664275"/>
  <nd ref="8399425291"/>
  <nd ref="8399425292"/>
  <nd ref="8399425293"/>
  <nd ref="8399425294"/>
  <nd ref="8399425295"/>
  <nd ref="8399425296"/>
  <nd ref="8399425297"/>
  <nd ref="8399425298"/>
  <nd ref="8399425301"/>
  <nd ref="8399425302"/>
  <nd ref="8399425303"/>
  <nd ref="8399425304"/>
  <nd ref="8399425305"/>
  <nd ref="8399425307"/>
  <nd ref="8399425308"/>
  <nd ref="8399425309"/>
  <nd ref="8399425310"/>
  <nd ref="8399425311"/>
  <nd ref="8399425312"/>
  <nd ref="8399425313"/>
  <nd ref="8399425314"/>
  <nd ref="8399425315"/>
  <nd ref="8399425316"/>
  <nd ref="10174944371"/>
  <nd ref="8399425317"/>
  <nd ref="8399425318"/>
  <nd ref="8399433487"/>
  <nd ref="8399433488"/>
  <nd ref="8399433489"/>
  <nd ref="8399433490"/>
  <nd ref="8399433491"/>
  <nd ref="8399433492"/>
  <nd ref="8399433493"/>
  <nd ref="8399433494"/>
  <nd ref="8399433495"/>
  <nd ref="8399433496"/>
  <nd ref="8399433497"/>
  <nd ref="8399433498"/>
  <nd ref="12521111322"/>
  <nd ref="8399433499"/>
  <tag k="highway" v="residential"/>
  <tag k="name" v="거양12길"/>
  <tag k="name:en" v="Geoyang12-gil"/>
  <tag k="name:ko" v="거양12길"/>
 </way>
 <way id="940412465" visible="true" version="4" changeset="170533537" timestamp="2025-08-16T17:10:32Z" user="Lavignein" uid="5188781">
  <nd ref="4853580231"/>
  <nd ref="4853580232"/>
  <nd ref="10174944367"/>
  <nd ref="1916534336"/>
  <nd ref="1916534331"/>
  <tag k="access" v="no"/>
  <tag k="bus" v="designated"/>
  <tag k="highway" v="service"/>
  <tag k="oneway" v="yes"/>
  <tag k="service" v="parking_aisle"/>
 </way>
 <way id="942974888" visible="true" version="5" changeset="182690768" timestamp="2026-05-15T10:38:25Z" user="pudlepoodle" uid="24130265">
  <nd ref="1916534308"/>
  <nd ref="1916534334"/>
  <nd ref="1916534344"/>
  <nd ref="1916534351"/>
  <nd ref="4853580227"/>
  <nd ref="1916534356"/>
  <nd ref="1916534360"/>
  <nd ref="1916534368"/>
  <nd ref="1916534371"/>
  <tag k="highway" v="service"/>
  <tag k="oneway" v="yes"/>
  <tag k="review" v="no"/>
  <tag k="source" v="Bing"/>
  <tag k="surface" v="asphalt"/>
 </way>
 <way id="942976581" visible="true" version="3" changeset="161611496" timestamp="2025-01-21T18:33:32Z" user="Lavignein" uid="5188781">
  <nd ref="8731850551"/>
  <nd ref="1916534334"/>
  <nd ref="1916534329"/>
  <nd ref="8731850554"/>
  <tag k="crossing" v="marked"/>
  <tag k="crossing:markings" v="yes"/>
  <tag k="footway" v="crossing"/>
  <tag k="highway" v="footway"/>
 </way>
 <way id="969706276" visible="true" version="4" changeset="170533537" timestamp="2025-08-16T17:10:32Z" user="Lavignein" uid="5188781">
  <nd ref="4855945486"/>
  <nd ref="12521111384"/>
  <nd ref="10174944344"/>
  <nd ref="4860168783"/>
  <nd ref="4855945487"/>
  <tag k="highway" v="pedestrian"/>
  <tag k="layer" v="-1"/>
  <tag k="tunnel" v="yes"/>
 </way>
 <way id="969706277" visible="true" version="2" changeset="128779766" timestamp="2022-11-11T14:27:38Z" user="케이7" uid="8120174">
  <nd ref="10175881149"/>
  <nd ref="4861644243"/>
  <nd ref="4861644244"/>
  <tag k="highway" v="path"/>
 </way>
 <way id="969706278" visible="true" version="2" changeset="128779766" timestamp="2022-11-11T14:27:38Z" user="케이7" uid="8120174">
  <nd ref="10175881148"/>
  <nd ref="10175881149"/>
  <tag k="covered" v="yes"/>
  <tag k="highway" v="path"/>
 </way>
 <way id="969706279" visible="true" version="2" changeset="128779766" timestamp="2022-11-11T14:27:38Z" user="케이7" uid="8120174">
  <nd ref="10175875592"/>
  <nd ref="4861644245"/>
  <tag k="highway" v="path"/>
 </way>
 <way id="969706280" visible="true" version="2" changeset="128779766" timestamp="2022-11-11T14:27:38Z" user="케이7" uid="8120174">
  <nd ref="8973513697"/>
  <nd ref="10175875592"/>
  <tag k="covered" v="yes"/>
  <tag k="highway" v="path"/>
  <tag k="layer" v="-1"/>
 </way>
 <way id="969706281" visible="true" version="3" changeset="161611496" timestamp="2025-01-21T18:33:32Z" user="Lavignein" uid="5188781">
  <nd ref="12521111327"/>
  <nd ref="12521111326"/>
  <nd ref="12521111325"/>
  <nd ref="12521111324"/>
  <nd ref="12521111323"/>
  <nd ref="12521111322"/>
  <nd ref="12521111321"/>
  <nd ref="12521111320"/>
  <nd ref="10174944373"/>
  <nd ref="4860156579"/>
  <tag k="footway" v="sidewalk"/>
  <tag k="highway" v="footway"/>
 </way>
 <way id="969783412" visible="true" version="1" changeset="109028650" timestamp="2021-08-02T11:46:40Z" user="LakeMichigan" uid="11387726">
  <nd ref="1916534290"/>
  <nd ref="1916534302"/>
  <nd ref="1916534318"/>
  <nd ref="1916534328"/>
  <nd ref="1916534340"/>
  <nd ref="1916534333"/>
  <nd ref="1916534322"/>
  <nd ref="1916534310"/>
  <tag k="highway" v="service"/>
  <tag k="review" v="no"/>
  <tag k="service" v="parking_aisle"/>
  <tag k="source" v="Bing"/>
 </way>
 <way id="1112181910" visible="true" version="1" changeset="128758566" timestamp="2022-11-11T04:28:07Z" user="케이7" uid="8120174">
  <nd ref="1916534371"/>
  <nd ref="10174944340"/>
  <nd ref="1916534374"/>
  <nd ref="1916534382"/>
  <nd ref="4857680533"/>
  <nd ref="1916534419"/>
  <nd ref="1916534457"/>
  <nd ref="10174944342"/>
  <nd ref="1916534479"/>
  <nd ref="8973513687"/>
  <nd ref="1916534516"/>
  <nd ref="1916534545"/>
  <nd ref="1916534548"/>
  <tag k="highway" v="service"/>
  <tag k="review" v="no"/>
  <tag k="source" v="Bing"/>
 </way>
 <way id="1112181911" visible="true" version="2" changeset="178694509" timestamp="2026-02-17T19:18:37Z" user="대전맨" uid="14672717">
  <nd ref="10174944328"/>
  <nd ref="10174944329"/>
  <tag k="crossing" v="marked"/>
  <tag k="crossing:markings" v="zebra"/>
  <tag k="footway" v="crossing"/>
  <tag k="highway" v="footway"/>
 </way>
 <way id="1112181912" visible="true" version="2" changeset="182690979" timestamp="2026-05-15T10:33:38Z" user="pudlepoodle" uid="24130265">
  <nd ref="10174944332"/>
  <nd ref="4860156523"/>
  <nd ref="4860156524"/>
  <tag k="footway" v="sidewalk"/>
  <tag k="highway" v="footway"/>
  <tag k="surface" v="paving_stones"/>
 </way>
 <way id="1112181913" visible="true" version="1" changeset="128758566" timestamp="2022-11-11T04:28:07Z" user="케이7" uid="8120174">
  <nd ref="10174944333"/>
  <nd ref="10174944332"/>
  <tag k="crossing" v="marked"/>
  <tag k="footway" v="crossing"/>
  <tag k="highway" v="footway"/>
 </way>
 <way id="1112181914" visible="true" version="2" changeset="182690768" timestamp="2026-05-15T10:38:19Z" user="pudlepoodle" uid="24130265">
  <nd ref="1916534363"/>
  <nd ref="1916534358"/>
  <nd ref="4853580222"/>
  <tag k="highway" v="service"/>
  <tag k="oneway" v="yes"/>
  <tag k="review" v="no"/>
  <tag k="source" v="Bing"/>
  <tag k="surface" v="asphalt"/>
 </way>
 <way id="1112181915" visible="true" version="3" changeset="182690979" timestamp="2026-05-15T10:46:47Z" user="pudlepoodle" uid="24130265">
  <nd ref="13830575446"/>
  <nd ref="10174944340"/>
  <nd ref="13830575447"/>
  <tag k="crossing" v="marked"/>
  <tag k="footway" v="crossing"/>
  <tag k="highway" v="footway"/>
  <tag k="surface" v="asphalt"/>
 </way>
 <way id="1112181916" visible="true" version="1" changeset="128758566" timestamp="2022-11-11T04:28:07Z" user="케이7" uid="8120174">
  <nd ref="10174944347"/>
  <nd ref="10174944351"/>
  <nd ref="10174944348"/>
  <nd ref="10174944349"/>
  <nd ref="10174944350"/>
  <tag k="highway" v="service"/>
 </way>
 <way id="1112181917" visible="true" version="1" changeset="128758566" timestamp="2022-11-11T04:28:07Z" user="케이7" uid="8120174">
  <nd ref="10174944354"/>
  <nd ref="4860152611"/>
  <nd ref="4860152612"/>
  <nd ref="10174944330"/>
  <tag k="footway" v="sidewalk"/>
  <tag k="highway" v="footway"/>
 </way>
 <way id="1112181918" visible="true" version="1" changeset="128758566" timestamp="2022-11-11T04:28:07Z" user="케이7" uid="8120174">
  <nd ref="10174944353"/>
  <nd ref="10174944349"/>
  <nd ref="10174944354"/>
  <tag k="crossing" v="marked"/>
  <tag k="footway" v="crossing"/>
  <tag k="highway" v="footway"/>
 </way>
 <way id="1112181919" visible="true" version="1" changeset="128758566" timestamp="2022-11-11T04:28:07Z" user="케이7" uid="8120174">
  <nd ref="4860168756"/>
  <nd ref="10174944360"/>
  <nd ref="10174944361"/>
  <tag k="crossing" v="marked"/>
  <tag k="footway" v="crossing"/>
  <tag k="highway" v="footway"/>
 </way>
 <way id="1112181920" visible="true" version="1" changeset="128758566" timestamp="2022-11-11T04:28:07Z" user="케이7" uid="8120174">
  <nd ref="10174944361"/>
  <nd ref="8973513685"/>
  <tag k="footway" v="sidewalk"/>
  <tag k="highway" v="footway"/>
 </way>
 <way id="1112181921" visible="true" version="2" changeset="161611496" timestamp="2025-01-21T18:33:32Z" user="Lavignein" uid="5188781">
  <nd ref="1916534321"/>
  <nd ref="1916534331"/>
  <nd ref="10174944398"/>
  <nd ref="12521111376"/>
  <tag k="highway" v="service"/>
  <tag k="oneway" v="yes"/>
  <tag k="service" v="parking_aisle"/>
 </way>
 <way id="1112181922" visible="true" version="1" changeset="128758566" timestamp="2022-11-11T04:28:07Z" user="케이7" uid="8120174">
  <nd ref="4857676704"/>
  <nd ref="4857676706"/>
  <nd ref="10174944392"/>
  <nd ref="10174944393"/>
  <tag k="highway" v="pedestrian"/>
 </way>
 <way id="1112181923" visible="true" version="1" changeset="128758566" timestamp="2022-11-11T04:28:07Z" user="케이7" uid="8120174">
  <nd ref="10174944395"/>
  <nd ref="10174944393"/>
  <nd ref="4860168768"/>
  <nd ref="4860168767"/>
  <nd ref="4860156534"/>
  <tag k="footway" v="sidewalk"/>
  <tag k="highway" v="footway"/>
 </way>
 <way id="1112181924" visible="true" version="1" changeset="128758566" timestamp="2022-11-11T04:28:07Z" user="케이7" uid="8120174">
  <nd ref="10174944394"/>
  <nd ref="8973513679"/>
  <nd ref="10174944395"/>
  <tag k="crossing" v="marked"/>
  <tag k="footway" v="crossing"/>
  <tag k="highway" v="footway"/>
 </way>
 <way id="1112181925" visible="true" version="2" changeset="161611496" timestamp="2025-01-21T18:33:32Z" user="Lavignein" uid="5188781">
  <nd ref="1916534321"/>
  <nd ref="8731850550"/>
  <nd ref="1916534308"/>
  <nd ref="1916534315"/>
  <tag k="highway" v="service"/>
 </way>
 <way id="1112285728" visible="true" version="3" changeset="171547343" timestamp="2025-09-06T15:20:20Z" user="Woo Ahn" uid="23263678">
  <nd ref="10175875559"/>
  <nd ref="10175875560"/>
  <nd ref="10175875563"/>
  <nd ref="10175875564"/>
  <nd ref="10175875565"/>
  <nd ref="10175875566"/>
  <nd ref="10175875567"/>
  <nd ref="10175875568"/>
  <nd ref="10175875559"/>
  <tag k="building" v="university"/>
  <tag k="name" v="국제교육관"/>
 </way>
 <way id="1112285729" visible="true" version="2" changeset="183000580" timestamp="2026-05-22T02:00:45Z" user="Woo Ahn" uid="23263678">
  <nd ref="10175875570"/>
  <nd ref="10175875571"/>
  <nd ref="10175875572"/>
  <nd ref="10175875573"/>
  <nd ref="10175875574"/>
  <nd ref="10175875575"/>
  <nd ref="13859354055"/>
  <nd ref="10175875576"/>
  <nd ref="10175875577"/>
  <nd ref="10175875578"/>
  <nd ref="10175875570"/>
  <tag k="amenity" v="parking"/>
 </way>
 <way id="1112285730" visible="true" version="2" changeset="161611496" timestamp="2025-01-21T18:33:32Z" user="Lavignein" uid="5188781">
  <nd ref="10175875580"/>
  <nd ref="10175881205"/>
  <nd ref="4860156538"/>
  <tag k="crossing" v="marked"/>
  <tag k="crossing:markings" v="yes"/>
  <tag k="footway" v="crossing"/>
  <tag k="highway" v="footway"/>
 </way>
 <way id="1112285731" visible="true" version="1" changeset="128779766" timestamp="2022-11-11T14:27:38Z" user="케이7" uid="8120174">
  <nd ref="10175881139"/>
  <nd ref="10175881140"/>
  <nd ref="10175881141"/>
  <nd ref="10175881142"/>
  <nd ref="10175881139"/>
  <tag k="leisure" v="pitch"/>
  <tag k="sport" v="futsal"/>
 </way>
 <way id="1112285732" visible="true" version="1" changeset="128779766" timestamp="2022-11-11T14:27:38Z" user="케이7" uid="8120174">
  <nd ref="4860168788"/>
  <nd ref="10175875612"/>
  <nd ref="4861644244"/>
  <tag k="footway" v="sidewalk"/>
  <tag k="highway" v="footway"/>
 </way>
 <way id="1112285733" visible="true" version="1" changeset="128779766" timestamp="2022-11-11T14:27:38Z" user="케이7" uid="8120174">
  <nd ref="4861644244"/>
  <nd ref="4861626600"/>
  <nd ref="4860168789"/>
  <tag k="crossing" v="marked"/>
  <tag k="footway" v="crossing"/>
  <tag k="highway" v="footway"/>
 </way>
 <way id="1226389988" visible="true" version="2" changeset="161611496" timestamp="2025-01-21T18:33:32Z" user="Lavignein" uid="5188781">
  <nd ref="11372678740"/>
  <nd ref="11372678737"/>
  <nd ref="11372680115"/>
  <nd ref="11372679961"/>
  <nd ref="11372661041"/>
  <nd ref="11372679454"/>
  <nd ref="11372679307"/>
  <nd ref="11372678739"/>
  <nd ref="11372679952"/>
  <nd ref="11372679796"/>
  <nd ref="11372679442"/>
  <nd ref="11372680105"/>
  <nd ref="11372661059"/>
  <nd ref="11372679473"/>
  <nd ref="11372679970"/>
  <nd ref="11372679308"/>
  <nd ref="11372679814"/>
  <nd ref="11372679463"/>
  <nd ref="11372678738"/>
  <nd ref="11372680124"/>
  <nd ref="11372679338"/>
  <nd ref="11372679805"/>
  <nd ref="11372661050"/>
  <nd ref="11372679309"/>
  <nd ref="11372679992"/>
  <nd ref="11372679835"/>
  <nd ref="11372679488"/>
  <nd ref="11372680144"/>
  <nd ref="11372679310"/>
  <nd ref="11372679824"/>
  <nd ref="11372679673"/>
  <nd ref="11372680134"/>
  <nd ref="11372679981"/>
  <nd ref="11372679511"/>
  <nd ref="11372679349"/>
  <nd ref="11372679848"/>
  <nd ref="11372679697"/>
  <nd ref="11372680155"/>
  <nd ref="11372680005"/>
  <nd ref="11372679684"/>
  <nd ref="11372679500"/>
  <nd ref="11372679875"/>
  <nd ref="11372679724"/>
  <nd ref="11372679363"/>
  <nd ref="11372680030"/>
  <nd ref="11372679311"/>
  <nd ref="11372679709"/>
  <nd ref="11372679522"/>
  <nd ref="11372679339"/>
  <nd ref="11372680015"/>
  <nd ref="11372679860"/>
  <nd ref="11372679312"/>
  <nd ref="11372679568"/>
  <nd ref="11372679340"/>
  <nd ref="11372679413"/>
  <nd ref="11372679341"/>
  <nd ref="11372679342"/>
  <nd ref="11372679910"/>
  <nd ref="11372679343"/>
  <nd ref="11372679318"/>
  <nd ref="11372679758"/>
  <nd ref="11372661065"/>
  <tag k="highway" v="path"/>
 </way>
 <way id="1226389991" visible="true" version="2" changeset="170532421" timestamp="2025-08-16T16:46:55Z" user="Lavignein" uid="5188781">
  <nd ref="11372661065"/>
  <nd ref="11372679479"/>
  <nd ref="11372679855"/>
  <nd ref="11372679704"/>
  <nd ref="11372679344"/>
  <nd ref="11372680011"/>
  <nd ref="11372679691"/>
  <nd ref="13074634705"/>
  <nd ref="13074634706"/>
  <nd ref="11372679506"/>
  <nd ref="11372680000"/>
  <nd ref="11372679843"/>
  <nd ref="13074634704"/>
  <nd ref="11372679367"/>
  <nd ref="11372680034"/>
  <nd ref="11372679716"/>
  <nd ref="11372679527"/>
  <nd ref="11372680022"/>
  <nd ref="11372679867"/>
  <nd ref="11372679517"/>
  <nd ref="11372679316"/>
  <nd ref="11372679315"/>
  <nd ref="11372679314"/>
  <nd ref="11372679313"/>
  <nd ref="7285060678"/>
  <tag k="highway" v="path"/>
 </way>
 <way id="1353207267" visible="true" version="1" changeset="161611496" timestamp="2025-01-21T18:33:32Z" user="Lavignein" uid="5188781">
  <nd ref="4860152613"/>
  <nd ref="11372679337"/>
  <nd ref="10175881173"/>
  <nd ref="11372679335"/>
  <nd ref="11372679336"/>
  <nd ref="10175881174"/>
  <nd ref="11372679334"/>
  <nd ref="11372678740"/>
  <tag k="highway" v="track"/>
 </way>
 <way id="1353207268" visible="true" version="2" changeset="170533537" timestamp="2025-08-16T17:10:32Z" user="Lavignein" uid="5188781">
  <nd ref="8399425271"/>
  <nd ref="12521109768"/>
  <nd ref="12521109769"/>
  <nd ref="12521109770"/>
  <nd ref="12521109771"/>
  <nd ref="12521109772"/>
  <nd ref="12521109773"/>
  <nd ref="12521109774"/>
  <nd ref="12521109775"/>
  <nd ref="12521109776"/>
  <nd ref="12521109777"/>
  <nd ref="12521109778"/>
  <nd ref="12521109779"/>
  <nd ref="12521109780"/>
  <nd ref="12521109781"/>
  <nd ref="12521109782"/>
  <nd ref="12521109783"/>
  <nd ref="12521109784"/>
  <nd ref="12521109785"/>
  <nd ref="12521109786"/>
  <nd ref="12521109787"/>
  <nd ref="12521109788"/>
  <nd ref="12521109789"/>
  <nd ref="12521109790"/>
  <nd ref="12521109791"/>
  <nd ref="12521109792"/>
  <nd ref="12521109793"/>
  <nd ref="12521109794"/>
  <nd ref="12521109795"/>
  <nd ref="12521109796"/>
  <nd ref="12521109797"/>
  <tag k="highway" v="track"/>
 </way>
 <way id="1353207270" visible="true" version="1" changeset="161611496" timestamp="2025-01-21T18:33:32Z" user="Lavignein" uid="5188781">
  <nd ref="12521111102"/>
  <nd ref="12521111103"/>
  <nd ref="12521111104"/>
  <nd ref="12521111105"/>
  <nd ref="12521111106"/>
  <nd ref="12521111107"/>
  <nd ref="12521111108"/>
  <nd ref="12521111109"/>
  <nd ref="12521111110"/>
  <nd ref="12521111111"/>
  <nd ref="12521111112"/>
  <nd ref="12521111113"/>
  <nd ref="12521111114"/>
  <nd ref="12521111115"/>
  <nd ref="12521111116"/>
  <nd ref="12521111117"/>
  <nd ref="12521111118"/>
  <nd ref="12521111119"/>
  <nd ref="12521111120"/>
  <nd ref="12521111121"/>
  <nd ref="12521111122"/>
  <nd ref="12521111123"/>
  <nd ref="12521111124"/>
  <nd ref="12521111125"/>
  <nd ref="12521111126"/>
  <nd ref="12521111127"/>
  <nd ref="12521111128"/>
  <nd ref="12521111129"/>
  <nd ref="12521111130"/>
  <nd ref="12521111131"/>
  <nd ref="12521111132"/>
  <nd ref="12521111133"/>
  <nd ref="12521111134"/>
  <nd ref="12521111135"/>
  <nd ref="12521111136"/>
  <nd ref="12521111137"/>
  <nd ref="12521111138"/>
  <nd ref="12521111139"/>
  <nd ref="12521111140"/>
  <nd ref="12521111141"/>
  <nd ref="12521111142"/>
  <nd ref="12521111143"/>
  <nd ref="12521111144"/>
  <nd ref="12521111145"/>
  <nd ref="12521111146"/>
  <nd ref="12521111147"/>
  <nd ref="12521111148"/>
  <nd ref="12521111149"/>
  <nd ref="12521111150"/>
  <nd ref="12521111151"/>
  <nd ref="12521111152"/>
  <nd ref="12521111153"/>
  <nd ref="12521111154"/>
  <nd ref="12521111155"/>
  <nd ref="12521111156"/>
  <nd ref="12521111157"/>
  <nd ref="12521111158"/>
  <nd ref="12521111159"/>
  <nd ref="12521111160"/>
  <nd ref="12521111161"/>
  <nd ref="12521111162"/>
  <nd ref="12521111163"/>
  <nd ref="12521111164"/>
  <tag k="highway" v="path"/>
 </way>
 <way id="1353207271" visible="true" version="1" changeset="161611496" timestamp="2025-01-21T18:33:32Z" user="Lavignein" uid="5188781">
  <nd ref="12521111169"/>
  <nd ref="12521111170"/>
  <nd ref="12521111171"/>
  <nd ref="12521111172"/>
  <nd ref="12521111173"/>
  <nd ref="12521111174"/>
  <nd ref="12521111175"/>
  <nd ref="12521111176"/>
  <nd ref="12521111177"/>
  <nd ref="12521111178"/>
  <nd ref="12521111179"/>
  <nd ref="12521111180"/>
  <nd ref="12521111181"/>
  <nd ref="12521111182"/>
  <nd ref="12521111169"/>
  <tag k="building" v="university"/>
 </way>
 <way id="1353207272" visible="true" version="1" changeset="161611496" timestamp="2025-01-21T18:33:32Z" user="Lavignein" uid="5188781">
  <nd ref="12521111185"/>
  <nd ref="12521111186"/>
  <nd ref="12521111187"/>
  <nd ref="12521111188"/>
  <nd ref="12521111189"/>
  <nd ref="12521111190"/>
  <nd ref="12521111191"/>
  <nd ref="12521111192"/>
  <nd ref="12521111193"/>
  <nd ref="12521111194"/>
  <nd ref="12521111195"/>
  <nd ref="12521111196"/>
  <nd ref="12521111197"/>
  <nd ref="12521111198"/>
  <nd ref="12521111199"/>
  <nd ref="12521111200"/>
  <nd ref="12521111201"/>
  <nd ref="12521111202"/>
  <nd ref="12521111203"/>
  <nd ref="12521111204"/>
  <nd ref="12521111205"/>
  <nd ref="12521111206"/>
  <nd ref="12521111207"/>
  <nd ref="12521111208"/>
  <nd ref="12521111209"/>
  <nd ref="12521111210"/>
  <nd ref="12521111211"/>
  <nd ref="12521111212"/>
  <nd ref="12521111213"/>
  <nd ref="12521111214"/>
  <nd ref="12521111215"/>
  <nd ref="12521111216"/>
  <nd ref="12521111217"/>
  <nd ref="12521111218"/>
  <nd ref="12521111219"/>
  <nd ref="12521111220"/>
  <nd ref="12521111221"/>
  <nd ref="12521111222"/>
  <nd ref="12521111223"/>
  <nd ref="12521111224"/>
  <nd ref="12521111225"/>
  <nd ref="12521111226"/>
  <nd ref="12521111227"/>
  <nd ref="12521111228"/>
  <nd ref="12521111229"/>
  <nd ref="12521111230"/>
  <nd ref="12521111231"/>
  <nd ref="12521111232"/>
  <nd ref="12521111233"/>
  <nd ref="12521111234"/>
  <nd ref="12521111235"/>
  <nd ref="12521111236"/>
  <nd ref="12521111237"/>
  <nd ref="12521111238"/>
  <nd ref="12521111239"/>
  <nd ref="12521111240"/>
  <nd ref="12521111241"/>
  <nd ref="12521111242"/>
  <nd ref="12521111243"/>
  <nd ref="12521111244"/>
  <nd ref="12521111245"/>
  <nd ref="12521111246"/>
  <nd ref="12521111247"/>
  <tag k="highway" v="path"/>
 </way>
 <way id="1353207273" visible="true" version="1" changeset="161611496" timestamp="2025-01-21T18:33:32Z" user="Lavignein" uid="5188781">
  <nd ref="12521111248"/>
  <nd ref="12521111335"/>
  <nd ref="12521111249"/>
  <nd ref="12521111250"/>
  <nd ref="12521111251"/>
  <nd ref="12521111252"/>
  <nd ref="12521111253"/>
  <nd ref="12521111254"/>
  <nd ref="12521111255"/>
  <nd ref="12521111256"/>
  <nd ref="12521111257"/>
  <nd ref="12521111258"/>
  <nd ref="12521111259"/>
  <nd ref="12521111260"/>
  <nd ref="12521111261"/>
  <nd ref="12521111262"/>
  <nd ref="12521111263"/>
  <nd ref="11171003945"/>
  <tag k="highway" v="residential"/>
 </way>
 <way id="1353207274" visible="true" version="1" changeset="161611496" timestamp="2025-01-21T18:33:32Z" user="Lavignein" uid="5188781">
  <nd ref="12521111278"/>
  <nd ref="12521111279"/>
  <nd ref="12521111280"/>
  <nd ref="12521111281"/>
  <nd ref="12521111278"/>
  <tag k="building" v="retail"/>
 </way>
 <way id="1353207275" visible="true" version="1" changeset="161611496" timestamp="2025-01-21T18:33:32Z" user="Lavignein" uid="5188781">
  <nd ref="12521111283"/>
  <nd ref="12521111284"/>
  <nd ref="12521111285"/>
  <nd ref="12521111286"/>
  <nd ref="12521111283"/>
  <tag k="building" v="yes"/>
 </way>
 <way id="1353207283" visible="true" version="1" changeset="161611496" timestamp="2025-01-21T18:33:32Z" user="Lavignein" uid="5188781">
  <nd ref="12521111343"/>
  <nd ref="12521111344"/>
  <nd ref="12521111345"/>
  <nd ref="12521111346"/>
  <nd ref="12521111347"/>
  <nd ref="12521111348"/>
  <nd ref="12521111349"/>
  <nd ref="12521111350"/>
  <nd ref="12521111351"/>
  <nd ref="12521111352"/>
  <nd ref="12521111353"/>
  <nd ref="12521111354"/>
  <nd ref="12521111355"/>
  <nd ref="12521111356"/>
  <nd ref="12521111357"/>
  <nd ref="12521111358"/>
  <nd ref="12521111359"/>
  <nd ref="12521111375"/>
  <nd ref="12521111360"/>
  <nd ref="12521111361"/>
  <nd ref="12521111362"/>
  <nd ref="12521111363"/>
  <nd ref="12521111364"/>
  <nd ref="12521111365"/>
  <nd ref="12521111366"/>
  <nd ref="12521111372"/>
  <nd ref="12521111367"/>
  <nd ref="12521111368"/>
  <nd ref="12521111369"/>
  <nd ref="12521111370"/>
  <nd ref="12521111371"/>
  <nd ref="12521111343"/>
  <tag k="footway" v="sidewalk"/>
  <tag k="highway" v="footway"/>
 </way>
 <way id="1353207284" visible="true" version="1" changeset="161611496" timestamp="2025-01-21T18:33:32Z" user="Lavignein" uid="5188781">
  <nd ref="12521111250"/>
  <nd ref="12521111373"/>
  <nd ref="12521111374"/>
  <nd ref="12521111375"/>
  <tag k="footway" v="sidewalk"/>
  <tag k="highway" v="footway"/>
 </way>
 <way id="1353207285" visible="true" version="1" changeset="161611496" timestamp="2025-01-21T18:33:32Z" user="Lavignein" uid="5188781">
  <nd ref="12521111376"/>
  <nd ref="10174944399"/>
  <nd ref="1916534321"/>
  <tag k="highway" v="service"/>
  <tag k="oneway" v="yes"/>
  <tag k="service" v="parking_aisle"/>
 </way>
 <way id="1353207286" visible="true" version="1" changeset="161611496" timestamp="2025-01-21T18:33:32Z" user="Lavignein" uid="5188781">
  <nd ref="12521111381"/>
  <nd ref="12521111380"/>
  <nd ref="7285065090"/>
  <nd ref="4663215385"/>
  <tag k="highway" v="pedestrian"/>
 </way>
 <way id="1353207287" visible="true" version="1" changeset="161611496" timestamp="2025-01-21T18:33:32Z" user="Lavignein" uid="5188781">
  <nd ref="4855945487"/>
  <nd ref="4855945489"/>
  <nd ref="4855945488"/>
  <tag k="highway" v="pedestrian"/>
 </way>
 <way id="1353207288" visible="true" version="2" changeset="170533537" timestamp="2025-08-16T17:10:32Z" user="Lavignein" uid="5188781">
  <nd ref="12521111384"/>
  <nd ref="1916534463"/>
  <tag k="highway" v="pedestrian"/>
  <tag k="layer" v="-1"/>
  <tag k="tunnel" v="yes"/>
 </way>
 <way id="1353207289" visible="true" version="2" changeset="182691281" timestamp="2026-05-15T10:35:46Z" user="pudlepoodle" uid="24130265">
  <nd ref="12521111387"/>
  <nd ref="12521111388"/>
  <nd ref="12521111389"/>
  <nd ref="12521111390"/>
  <nd ref="12521111387"/>
  <tag k="building" v="university"/>
  <tag k="layer" v="-1"/>
  <tag k="location" v="underground"/>
 </way>
 <way id="1353207290" visible="true" version="1" changeset="161611496" timestamp="2025-01-21T18:33:32Z" user="Lavignein" uid="5188781">
  <nd ref="12521111396"/>
  <nd ref="12521111397"/>
  <nd ref="12521111398"/>
  <nd ref="12521111399"/>
  <nd ref="12521111400"/>
  <nd ref="12521111401"/>
  <tag k="highway" v="pedestrian"/>
 </way>
 <way id="1353207291" visible="true" version="1" changeset="161611496" timestamp="2025-01-21T18:33:32Z" user="Lavignein" uid="5188781">
  <nd ref="12521111405"/>
  <nd ref="12521111402"/>
  <nd ref="12521111403"/>
  <nd ref="12521111404"/>
  <tag k="highway" v="pedestrian"/>
  <tag k="layer" v="-1"/>
  <tag k="tunnel" v="yes"/>
 </way>
 <way id="1353207292" visible="true" version="1" changeset="161611496" timestamp="2025-01-21T18:33:32Z" user="Lavignein" uid="5188781">
  <nd ref="4663215386"/>
  <nd ref="7285065087"/>
  <tag k="highway" v="pedestrian"/>
 </way>
 <way id="1353207293" visible="true" version="1" changeset="161611496" timestamp="2025-01-21T18:33:32Z" user="Lavignein" uid="5188781">
  <nd ref="4855945482"/>
  <nd ref="12521111407"/>
  <tag k="highway" v="pedestrian"/>
 </way>
 <way id="1353207294" visible="true" version="1" changeset="161611496" timestamp="2025-01-21T18:33:32Z" user="Lavignein" uid="5188781">
  <nd ref="12521111414"/>
  <nd ref="12521111416"/>
  <tag k="highway" v="pedestrian"/>
 </way>
 <way id="1353207295" visible="true" version="2" changeset="182691281" timestamp="2026-05-15T10:34:42Z" user="pudlepoodle" uid="24130265">
  <nd ref="12521111408"/>
  <nd ref="12521111409"/>
  <nd ref="12521111410"/>
  <nd ref="12521111411"/>
  <nd ref="12521111412"/>
  <nd ref="12521111413"/>
  <nd ref="12521111408"/>
  <tag k="building" v="university"/>
  <tag k="layer" v="-1"/>
  <tag k="location" v="underground"/>
 </way>
 <way id="1353207296" visible="true" version="1" changeset="161611496" timestamp="2025-01-21T18:33:32Z" user="Lavignein" uid="5188781">
  <nd ref="10174944343"/>
  <nd ref="12521111414"/>
  <tag k="highway" v="pedestrian"/>
 </way>
 <way id="1353207297" visible="true" version="1" changeset="161611496" timestamp="2025-01-21T18:33:32Z" user="Lavignein" uid="5188781">
  <nd ref="12521111416"/>
  <nd ref="12521111415"/>
  <tag k="highway" v="pedestrian"/>
 </way>
 <way id="1353207298" visible="true" version="6" changeset="182691309" timestamp="2026-05-15T10:35:26Z" user="pudlepoodle" uid="24130265">
  <nd ref="12521111395"/>
  <nd ref="12521111396"/>
  <tag k="handrail" v="yes"/>
  <tag k="highway" v="steps"/>
  <tag k="incline" v="up"/>
  <tag k="ramp" v="no"/>
  <tag k="surface" v="paving_stones"/>
  <tag k="tactile_paving" v="no"/>
 </way>
 <way id="1353207299" visible="true" version="1" changeset="161611496" timestamp="2025-01-21T18:33:32Z" user="Lavignein" uid="5188781">
  <nd ref="7285065087"/>
  <nd ref="12521111405"/>
  <nd ref="12521111395"/>
  <tag k="highway" v="pedestrian"/>
 </way>
 <way id="1353207300" visible="true" version="1" changeset="161611496" timestamp="2025-01-21T18:33:32Z" user="Lavignein" uid="5188781">
  <nd ref="1916534548"/>
  <nd ref="10174944328"/>
  <nd ref="1916534552"/>
  <nd ref="1916534558"/>
  <nd ref="10174944327"/>
  <nd ref="1916534561"/>
  <nd ref="10174944326"/>
  <nd ref="1916534571"/>
  <nd ref="4860168772"/>
  <nd ref="1916534574"/>
  <nd ref="4857676713"/>
  <nd ref="4860168769"/>
  <nd ref="1916534579"/>
  <nd ref="1916534580"/>
  <nd ref="1916534582"/>
  <nd ref="1916534584"/>
  <nd ref="4859939417"/>
  <nd ref="4663215388"/>
  <nd ref="10175881205"/>
  <nd ref="1916534593"/>
  <nd ref="1916534597"/>
  <nd ref="1916534592"/>
  <nd ref="10175875611"/>
  <nd ref="1916534591"/>
  <nd ref="1916534583"/>
  <nd ref="1916534577"/>
  <nd ref="1916534567"/>
  <nd ref="1916534563"/>
  <tag k="highway" v="service"/>
  <tag k="review" v="no"/>
  <tag k="source" v="Bing"/>
 </way>
 <way id="1353207301" visible="true" version="2" changeset="182690768" timestamp="2026-05-15T10:37:22Z" user="pudlepoodle" uid="24130265">
  <nd ref="1916534395"/>
  <nd ref="4664402705"/>
  <nd ref="1916534378"/>
  <nd ref="1916534376"/>
  <nd ref="1916534375"/>
  <nd ref="1916534373"/>
  <nd ref="1916534372"/>
  <nd ref="1916534369"/>
  <nd ref="1916534366"/>
  <nd ref="4663215383"/>
  <nd ref="1916534363"/>
  <tag k="highway" v="service"/>
  <tag k="review" v="no"/>
  <tag k="source" v="Bing"/>
  <tag k="surface" v="asphalt"/>
 </way>
 <way id="1353207302" visible="true" version="2" changeset="183001433" timestamp="2026-05-22T03:04:59Z" user="Woo Ahn" uid="23263678">
  <nd ref="12521111424"/>
  <nd ref="12521111425"/>
  <nd ref="12521111426"/>
  <nd ref="12521111427"/>
  <tag k="highway" v="pedestrian"/>
 </way>
 <way id="1353207303" visible="true" version="1" changeset="161611496" timestamp="2025-01-21T18:33:32Z" user="Lavignein" uid="5188781">
  <nd ref="12521111431"/>
  <nd ref="12521111432"/>
  <nd ref="12521111433"/>
  <nd ref="12521111434"/>
  <nd ref="12521111431"/>
  <tag k="generator:method" v="photovoltaic"/>
  <tag k="generator:output:electricity" v="yes"/>
  <tag k="generator:source" v="solar"/>
  <tag k="generator:type" v="solar_photovoltaic_panel"/>
  <tag k="power" v="generator"/>
 </way>
 <way id="1353207304" visible="true" version="1" changeset="161611496" timestamp="2025-01-21T18:33:32Z" user="Lavignein" uid="5188781">
  <nd ref="12521111435"/>
  <nd ref="12521111436"/>
  <nd ref="12521111437"/>
  <nd ref="12521111438"/>
  <nd ref="12521111435"/>
  <tag k="generator:method" v="photovoltaic"/>
  <tag k="generator:output:electricity" v="yes"/>
  <tag k="generator:source" v="solar"/>
  <tag k="generator:type" v="solar_photovoltaic_panel"/>
  <tag k="power" v="generator"/>
 </way>
 <way id="1353207305" visible="true" version="3" changeset="182690768" timestamp="2026-05-15T10:42:13Z" user="pudlepoodle" uid="24130265">
  <nd ref="12521111439"/>
  <nd ref="12521111440"/>
  <tag k="highway" v="pedestrian"/>
  <tag k="noname" v="yes"/>
  <tag k="surface" v="paving_stones"/>
 </way>
 <way id="1422690770" visible="true" version="1" changeset="170532421" timestamp="2025-08-16T16:46:55Z" user="Lavignein" uid="5188781">
  <nd ref="4861685420"/>
  <nd ref="13074628778"/>
  <nd ref="13074628779"/>
  <nd ref="13074628780"/>
  <nd ref="13074628781"/>
  <nd ref="13074628782"/>
  <nd ref="13074628783"/>
  <nd ref="13074628784"/>
  <nd ref="13074628785"/>
  <nd ref="13074628786"/>
  <nd ref="13074628787"/>
  <nd ref="13074628788"/>
  <nd ref="13074628789"/>
  <nd ref="13074628790"/>
  <nd ref="13074628791"/>
  <nd ref="13074628792"/>
  <nd ref="13074628793"/>
  <nd ref="13074628794"/>
  <nd ref="13074628795"/>
  <nd ref="13074628796"/>
  <nd ref="13074628797"/>
  <nd ref="13074628798"/>
  <nd ref="13074628799"/>
  <nd ref="13074628800"/>
  <nd ref="13074634701"/>
  <nd ref="13074634702"/>
  <nd ref="13074634703"/>
  <nd ref="13074634704"/>
  <tag k="highway" v="path"/>
 </way>
 <way id="1422707367" visible="true" version="1" changeset="170533537" timestamp="2025-08-16T17:10:32Z" user="Lavignein" uid="5188781">
  <nd ref="13074740709"/>
  <nd ref="13074740710"/>
  <nd ref="13074740711"/>
  <nd ref="13074740712"/>
  <nd ref="13074740709"/>
  <tag k="building" v="yes"/>
 </way>
 <way id="1422707374" visible="true" version="2" changeset="183000580" timestamp="2026-05-22T02:00:45Z" user="Woo Ahn" uid="23263678">
  <nd ref="13074740737"/>
  <nd ref="13859354085"/>
  <nd ref="13074740747"/>
  <nd ref="13074740758"/>
  <nd ref="13074740738"/>
  <nd ref="13074740739"/>
  <nd ref="13859354081"/>
  <nd ref="13074740740"/>
  <nd ref="13859354086"/>
  <nd ref="13074740741"/>
  <tag k="highway" v="path"/>
 </way>
 <way id="1422707375" visible="true" version="1" changeset="170533537" timestamp="2025-08-16T17:10:32Z" user="Lavignein" uid="5188781">
  <nd ref="13074740742"/>
  <nd ref="13074740744"/>
  <nd ref="13074740743"/>
  <tag k="highway" v="path"/>
 </way>
 <way id="1422707376" visible="true" version="1" changeset="170533537" timestamp="2025-08-16T17:10:32Z" user="Lavignein" uid="5188781">
  <nd ref="13074740744"/>
  <nd ref="13074740745"/>
  <nd ref="13074740746"/>
  <nd ref="13074740740"/>
  <tag k="highway" v="path"/>
 </way>
 <way id="1422707377" visible="true" version="1" changeset="170533537" timestamp="2025-08-16T17:10:32Z" user="Lavignein" uid="5188781">
  <nd ref="13074740762"/>
  <nd ref="13074740763"/>
  <nd ref="13074740764"/>
  <nd ref="13074740765"/>
  <nd ref="13074740766"/>
  <nd ref="13074740747"/>
  <nd ref="13074740748"/>
  <nd ref="13074740749"/>
  <nd ref="13074740750"/>
  <nd ref="13074740751"/>
  <nd ref="13074740759"/>
  <nd ref="13074740760"/>
  <nd ref="13074740761"/>
  <nd ref="13074740752"/>
  <nd ref="13074740753"/>
  <nd ref="13074740754"/>
  <nd ref="13074740755"/>
  <nd ref="13074740756"/>
  <nd ref="13074740757"/>
  <nd ref="13074740762"/>
  <tag k="highway" v="path"/>
 </way>
 <way id="1422707378" visible="true" version="3" changeset="182690979" timestamp="2026-05-15T10:44:05Z" user="pudlepoodle" uid="24130265">
  <nd ref="13074740767"/>
  <nd ref="13830513360"/>
  <tag k="highway" v="path"/>
  <tag k="surface" v="asphalt"/>
 </way>
 <way id="1513947128" visible="true" version="2" changeset="182690979" timestamp="2026-05-15T10:44:30Z" user="pudlepoodle" uid="24130265">
  <nd ref="13830513360"/>
  <nd ref="13074740768"/>
  <tag k="highway" v="path"/>
  <tag k="surface" v="paving_stones"/>
 </way>
 <way id="1513947550" visible="true" version="1" changeset="182690979" timestamp="2026-05-15T10:46:43Z" user="pudlepoodle" uid="24130265">
  <nd ref="4663215689"/>
  <nd ref="13830575446"/>
  <tag k="crossing" v="marked"/>
  <tag k="footway" v="crossing"/>
  <tag k="highway" v="footway"/>
 </way>
 <way id="1513947551" visible="true" version="2" changeset="182690979" timestamp="2026-05-15T10:47:09Z" user="pudlepoodle" uid="24130265">
  <nd ref="13830575447"/>
  <nd ref="10174944341"/>
  <tag k="crossing" v="marked"/>
  <tag k="footway" v="crossing"/>
  <tag k="highway" v="footway"/>
  <tag k="indoor" v="yes"/>
 </way>
 <way id="1518534610" visible="true" version="1" changeset="183000580" timestamp="2026-05-22T02:00:45Z" user="Woo Ahn" uid="23263678">
  <nd ref="13859354046"/>
  <nd ref="13859354047"/>
  <nd ref="13859354048"/>
  <nd ref="13859354054"/>
  <nd ref="13859354049"/>
  <nd ref="13859354050"/>
  <nd ref="13859354051"/>
  <nd ref="13859354046"/>
  <tag k="building" v="university"/>
  <tag k="name" v="에디슨관"/>
 </way>
 <way id="1518534611" visible="true" version="1" changeset="183000580" timestamp="2026-05-22T02:00:45Z" user="Woo Ahn" uid="23263678">
  <nd ref="13859354048"/>
  <nd ref="13859354053"/>
  <nd ref="13859354054"/>
  <nd ref="13859354048"/>
  <tag k="amenity" v="parking"/>
  <tag k="fee" v="no"/>
 </way>
 <way id="1518534612" visible="true" version="1" changeset="183000580" timestamp="2026-05-22T02:00:45Z" user="Woo Ahn" uid="23263678">
  <nd ref="7285060677"/>
  <nd ref="13859354055"/>
  <nd ref="13859354056"/>
  <tag k="highway" v="service"/>
  <tag k="service" v="parking_aisle"/>
 </way>
 <way id="1518534613" visible="true" version="1" changeset="183000580" timestamp="2026-05-22T02:00:45Z" user="Woo Ahn" uid="23263678">
  <nd ref="13859354056"/>
  <nd ref="13859354053"/>
  <tag k="highway" v="service"/>
  <tag k="service" v="parking_aisle"/>
 </way>
 <way id="1518534614" visible="true" version="1" changeset="183000580" timestamp="2026-05-22T02:00:45Z" user="Woo Ahn" uid="23263678">
  <nd ref="13859354058"/>
  <nd ref="13859354059"/>
  <tag k="footway" v="sidewalk"/>
  <tag k="highway" v="footway"/>
 </way>
 <way id="1518534615" visible="true" version="1" changeset="183000580" timestamp="2026-05-22T02:00:45Z" user="Woo Ahn" uid="23263678">
  <nd ref="13859354060"/>
  <nd ref="13859354061"/>
  <nd ref="13859354062"/>
  <tag k="footway" v="sidewalk"/>
  <tag k="highway" v="footway"/>
 </way>
 <way id="1518534616" visible="true" version="1" changeset="183000580" timestamp="2026-05-22T02:00:45Z" user="Woo Ahn" uid="23263678">
  <nd ref="13859354060"/>
  <nd ref="13859354063"/>
  <nd ref="13859354059"/>
  <tag k="footway" v="crossing"/>
  <tag k="highway" v="footway"/>
 </way>
 <way id="1518534619" visible="true" version="2" changeset="183001433" timestamp="2026-05-22T03:04:59Z" user="Woo Ahn" uid="23263678">
  <nd ref="13859354074"/>
  <nd ref="13859354075"/>
  <tag k="highway" v="path"/>
 </way>
 <way id="1518534620" visible="true" version="1" changeset="183000580" timestamp="2026-05-22T02:00:45Z" user="Woo Ahn" uid="23263678">
  <nd ref="13074740744"/>
  <nd ref="13859354076"/>
  <tag k="highway" v="pedestrian"/>
 </way>
 <way id="1518534621" visible="true" version="1" changeset="183000580" timestamp="2026-05-22T02:00:45Z" user="Woo Ahn" uid="23263678">
  <nd ref="13859354077"/>
  <nd ref="13859354078"/>
  <nd ref="13859354079"/>
  <nd ref="13859354082"/>
  <nd ref="13859354080"/>
  <nd ref="13074740766"/>
  <tag k="highway" v="path"/>
 </way>
 <way id="1518534622" visible="true" version="1" changeset="183000580" timestamp="2026-05-22T02:00:45Z" user="Woo Ahn" uid="23263678">
  <nd ref="13859354081"/>
  <nd ref="13859354082"/>
  <tag k="highway" v="path"/>
 </way>
 <way id="1518534623" visible="true" version="1" changeset="183000580" timestamp="2026-05-22T02:00:45Z" user="Woo Ahn" uid="23263678">
  <nd ref="13859354083"/>
  <nd ref="13859354084"/>
  <nd ref="13859354085"/>
  <tag k="highway" v="path"/>
 </way>
 <way id="1518534624" visible="true" version="1" changeset="183000580" timestamp="2026-05-22T02:00:45Z" user="Woo Ahn" uid="23263678">
  <nd ref="13859354084"/>
  <nd ref="13859354087"/>
  <nd ref="13859354086"/>
  <tag k="highway" v="path"/>
 </way>
 <way id="1518534625" visible="true" version="1" changeset="183000580" timestamp="2026-05-22T02:00:45Z" user="Woo Ahn" uid="23263678">
  <nd ref="4860156553"/>
  <nd ref="13859354088"/>
  <tag k="footway" v="sidewalk"/>
  <tag k="highway" v="footway"/>
 </way>
 <way id="1518534626" visible="true" version="1" changeset="183000580" timestamp="2026-05-22T02:00:45Z" user="Woo Ahn" uid="23263678">
  <nd ref="13859354089"/>
  <nd ref="13859354090"/>
  <nd ref="13859354091"/>
  <nd ref="13859354092"/>
  <nd ref="13859354093"/>
  <tag k="footway" v="sidewalk"/>
  <tag k="highway" v="footway"/>
 </way>
 <way id="1518535866" visible="true" version="1" changeset="183000897" timestamp="2026-05-22T02:24:54Z" user="Woo Ahn" uid="23263678">
  <nd ref="13859347430"/>
  <nd ref="13859347431"/>
  <nd ref="13859347432"/>
  <nd ref="13859347433"/>
  <nd ref="13859347434"/>
  <nd ref="13859347435"/>
  <nd ref="13859347436"/>
  <nd ref="13859347437"/>
  <nd ref="13859347438"/>
  <nd ref="13859347430"/>
  <tag k="building" v="university"/>
  <tag k="name" v="산학협력관"/>
 </way>
 <way id="1518536914" visible="true" version="1" changeset="183001004" timestamp="2026-05-22T02:34:17Z" user="Woo Ahn" uid="23263678">
  <nd ref="13859322378"/>
  <nd ref="13859322379"/>
  <nd ref="13859322380"/>
  <nd ref="13859322381"/>
  <nd ref="13859322382"/>
  <nd ref="13859322383"/>
  <nd ref="13859322384"/>
  <nd ref="13859322365"/>
  <nd ref="13859322366"/>
  <nd ref="13859322367"/>
  <nd ref="13859322372"/>
  <nd ref="13859322373"/>
  <nd ref="13859322374"/>
  <nd ref="13859322375"/>
  <nd ref="13859322376"/>
  <nd ref="13859322377"/>
  <nd ref="13859322368"/>
  <nd ref="13859322369"/>
  <nd ref="13859322370"/>
  <nd ref="13859322371"/>
  <nd ref="13859322378"/>
  <tag k="amenity" v="fountain"/>
 </way>
 <way id="1518536915" visible="true" version="2" changeset="183001433" timestamp="2026-05-22T03:04:59Z" user="Woo Ahn" uid="23263678">
  <nd ref="13859354076"/>
  <nd ref="13859322386"/>
  <tag k="highway" v="path"/>
 </way>
 <way id="1518536916" visible="true" version="2" changeset="183001433" timestamp="2026-05-22T03:04:59Z" user="Woo Ahn" uid="23263678">
  <nd ref="13859322387"/>
  <nd ref="13859322388"/>
  <tag k="highway" v="path"/>
 </way>
 <way id="1518539233" visible="true" version="1" changeset="183001433" timestamp="2026-05-22T03:04:59Z" user="Woo Ahn" uid="23263678">
  <nd ref="12521111428"/>
  <nd ref="13859377139"/>
  <nd ref="12521111429"/>
  <nd ref="12521111430"/>
  <tag k="highway" v="pedestrian"/>
 </way>
 <way id="1518539234" visible="true" version="1" changeset="183001433" timestamp="2026-05-22T03:04:59Z" user="Woo Ahn" uid="23263678">
  <nd ref="12521111427"/>
  <nd ref="12521111428"/>
  <tag k="highway" v="path"/>
 </way>
 <way id="1518539235" visible="true" version="1" changeset="183001433" timestamp="2026-05-22T03:04:59Z" user="Woo Ahn" uid="23263678">
  <nd ref="13859354083"/>
  <nd ref="13859377170"/>
  <nd ref="12521111430"/>
  <nd ref="13859377140"/>
  <tag k="highway" v="pedestrian"/>
 </way>
 <way id="1518539236" visible="true" version="1" changeset="183001433" timestamp="2026-05-22T03:04:59Z" user="Woo Ahn" uid="23263678">
  <nd ref="13859377140"/>
  <nd ref="13859377141"/>
  <tag k="highway" v="path"/>
 </way>
 <way id="1518539237" visible="true" version="1" changeset="183001433" timestamp="2026-05-22T03:04:59Z" user="Woo Ahn" uid="23263678">
  <nd ref="13859377157"/>
  <nd ref="13859377158"/>
  <nd ref="13859377159"/>
  <nd ref="13859377160"/>
  <nd ref="13859377161"/>
  <nd ref="13859377162"/>
  <nd ref="13859377163"/>
  <nd ref="13859377164"/>
  <nd ref="13859377165"/>
  <nd ref="13859377166"/>
  <nd ref="13859377167"/>
  <nd ref="13859377168"/>
  <nd ref="13859377169"/>
  <nd ref="13859322386"/>
  <nd ref="13859377143"/>
  <nd ref="13859377144"/>
  <nd ref="13859377149"/>
  <nd ref="13859377150"/>
  <nd ref="13859377151"/>
  <nd ref="13859377152"/>
  <nd ref="13859377153"/>
  <nd ref="13859354075"/>
  <nd ref="13859377154"/>
  <nd ref="13859377155"/>
  <nd ref="13859377156"/>
  <nd ref="13859377145"/>
  <nd ref="13859377146"/>
  <nd ref="13859377147"/>
  <nd ref="13859322387"/>
  <nd ref="13859377148"/>
  <nd ref="13859377157"/>
  <tag k="highway" v="path"/>
 </way>
 <way id="1518539238" visible="true" version="1" changeset="183001433" timestamp="2026-05-22T03:04:59Z" user="Woo Ahn" uid="23263678">
  <nd ref="13859377170"/>
  <nd ref="13859377171"/>
  <nd ref="13859377172"/>
  <nd ref="13859377173"/>
  <tag k="highway" v="path"/>
  <tag k="name" v="글로벌관 지하로 가는길"/>
 </way>
 <way id="1518539239" visible="true" version="1" changeset="183001433" timestamp="2026-05-22T03:04:59Z" user="Woo Ahn" uid="23263678">
  <nd ref="4860168786"/>
  <nd ref="13859377174"/>
  <nd ref="10175881160"/>
  <tag k="footway" v="sidewalk"/>
  <tag k="highway" v="footway"/>
 </way>
 <way id="1518539240" visible="true" version="1" changeset="183001433" timestamp="2026-05-22T03:04:59Z" user="Woo Ahn" uid="23263678">
  <nd ref="10175881160"/>
  <nd ref="13859377175"/>
  <nd ref="13859377176"/>
  <tag k="footway" v="sidewalk"/>
  <tag k="highway" v="footway"/>
 </way>
 <way id="1518539241" visible="true" version="1" changeset="183001433" timestamp="2026-05-22T03:04:59Z" user="Woo Ahn" uid="23263678">
  <nd ref="13859377180"/>
  <nd ref="13859377181"/>
  <nd ref="13859377182"/>
  <nd ref="13859377179"/>
  <tag k="highway" v="path"/>
 </way>
 <way id="1518539242" visible="true" version="1" changeset="183001433" timestamp="2026-05-22T03:04:59Z" user="Woo Ahn" uid="23263678">
  <nd ref="13859377183"/>
  <nd ref="13859377184"/>
  <nd ref="13859377185"/>
  <nd ref="13859377186"/>
  <nd ref="13859377183"/>
  <tag k="amenity" v="toilets"/>
  <tag k="building" v="yes"/>
  <tag k="female" v="yes"/>
  <tag k="male" v="yes"/>
  <tag k="wheelchair" v="no"/>
 </way>
 <way id="1518539243" visible="true" version="1" changeset="183001433" timestamp="2026-05-22T03:04:59Z" user="Woo Ahn" uid="23263678">
  <nd ref="13859377187"/>
  <nd ref="13859377188"/>
  <tag k="highway" v="service"/>
 </way>
 <way id="1518539244" visible="true" version="1" changeset="183001433" timestamp="2026-05-22T03:04:59Z" user="Woo Ahn" uid="23263678">
  <nd ref="13859377191"/>
  <nd ref="13859377192"/>
  <nd ref="13859377193"/>
  <nd ref="13859377197"/>
  <nd ref="13859377194"/>
  <nd ref="13859377195"/>
  <nd ref="13859377196"/>
  <nd ref="13859377191"/>
  <tag k="leisure" v="pitch"/>
  <tag k="lit" v="yes"/>
  <tag k="name" v="테니스 연습장"/>
  <tag k="sport" v="tennis"/>
 </way>
 <way id="1518539245" visible="true" version="1" changeset="183001433" timestamp="2026-05-22T03:04:59Z" user="Woo Ahn" uid="23263678">
  <nd ref="13859377197"/>
  <nd ref="13859377198"/>
  <tag k="highway" v="path"/>
 </way>
 <way id="1518539246" visible="true" version="1" changeset="183001433" timestamp="2026-05-22T03:04:59Z" user="Woo Ahn" uid="23263678">
  <nd ref="13859397806"/>
  <nd ref="13859397807"/>
  <nd ref="13859397808"/>
  <nd ref="13859397809"/>
  <nd ref="13859397810"/>
  <nd ref="13859377199"/>
  <nd ref="13859377200"/>
  <nd ref="13859397804"/>
  <nd ref="13859397805"/>
  <nd ref="13859397801"/>
  <nd ref="13859397802"/>
  <nd ref="13859397803"/>
  <nd ref="13859397806"/>
  <tag k="building" v="university"/>
  <tag k="name" v="Kit 라운지"/>
 </way>
 <way id="1518539247" visible="true" version="1" changeset="183001433" timestamp="2026-05-22T03:04:59Z" user="Woo Ahn" uid="23263678">
  <nd ref="13859397811"/>
  <nd ref="13859397812"/>
  <nd ref="13859397813"/>
  <nd ref="13859397814"/>
  <nd ref="13859397811"/>
  <tag k="amenity" v="toilets"/>
  <tag k="building" v="yes"/>
 </way>
 <way id="1551211222" visible="true" version="1" changeset="187773496" timestamp="2026-08-21T03:32:43Z" user="NumisK" uid="15458800">
  <nd ref="1916534315"/>
  <nd ref="14108920199"/>
  <nd ref="1916534297"/>
  <tag k="highway" v="service"/>
 </way>
 <relation id="9702164" visible="true" version="1" changeset="71387943" timestamp="2019-06-19T05:43:16Z" user="maphunter36" uid="2924920">
  <member type="way" ref="493903953" role="outer"/>
  <tag k="natural" v="wood"/>
  <tag k="type" v="multipolygon"/>
 </relation>
 <relation id="12680592" visible="true" version="2" changeset="104714001" timestamp="2021-05-15T03:31:03Z" user="Weathering" uid="12509199">
  <member type="node" ref="4422056040" role="via"/>
  <tag k="restriction" v="no_u_turn"/>
  <tag k="type" v="restriction"/>
 </relation>
 <relation id="12680593" visible="true" version="2" changeset="104714001" timestamp="2021-05-15T03:31:03Z" user="Weathering" uid="12509199">
  <member type="node" ref="4422056040" role="via"/>
  <tag k="restriction" v="no_u_turn"/>
  <tag k="type" v="restriction"/>
 </relation>
 <relation id="12680594" visible="true" version="2" changeset="104714001" timestamp="2021-05-15T03:31:03Z" user="Weathering" uid="12509199">
  <member type="way" ref="181210691" role="from"/>
  <member type="node" ref="1916534216" role="via"/>
  <tag k="restriction" v="only_straight_on"/>
  <tag k="type" v="restriction"/>
 </relation>
 <relation id="12680595" visible="true" version="2" changeset="104714001" timestamp="2021-05-15T03:31:03Z" user="Weathering" uid="12509199">
  <member type="node" ref="1916534216" role="via"/>
  <member type="way" ref="181210765" role="to"/>
  <tag k="restriction" v="only_straight_on"/>
  <tag k="type" v="restriction"/>
 </relation>
 <relation id="12713152" visible="true" version="2" changeset="104703667" timestamp="2021-05-14T19:02:45Z" user="Weathering" uid="12509199">
  <member type="way" ref="181210765" role="from"/>
  <member type="node" ref="1916534308" role="via"/>
  <tag k="restriction" v="no_left_turn"/>
  <tag k="type" v="restriction"/>
 </relation>
 <relation id="12713153" visible="true" version="2" changeset="104703667" timestamp="2021-05-14T19:02:45Z" user="Weathering" uid="12509199">
  <member type="node" ref="1916534308" role="via"/>
  <tag k="restriction" v="no_u_turn"/>
  <tag k="type" v="restriction"/>
 </relation>
 <relation id="14871302" visible="true" version="1" changeset="128758566" timestamp="2022-11-11T04:28:07Z" user="케이7" uid="8120174">
  <member type="way" ref="493907303" role="outer"/>
  <member type="way" ref="493907302" role="outer"/>
  <tag k="amenity" v="parking"/>
  <tag k="type" v="multipolygon"/>
 </relation>
</osm>
