<?xml version="1.0" encoding="UTF-8"?>
<osm version="0.6" generator="openstreetmap-cgimap 2.1.0 (1715047 spike-08.openstreetmap.org)" copyright="OpenStreetMap and contributors" attribution="http://www.openstreetmap.org/copyright" license="http://opendatacommons.org/licenses/odbl/1-0/">
 <bounds minlat="39.9848000" minlon="116.3088000" maxlat="39.9864000" maxlon="116.3104000"/>
 <node id="286387102" visible="true" version="9" changeset="150689025" timestamp="2024-04-30T05:20:06Z" user="快乐的老鼠宝宝" uid="9403945" lat="39.9908058" lon="116.3096421"/>
 <node id="286387105" visible="true" version="17" changeset="118195572" timestamp="2022-03-07T12:27:26Z" user="喵耳引力波" uid="14836070" lat="39.9844420" lon="116.3100262"/>
 <node id="286387107" visible="true" version="17" changeset="118195572" timestamp="2022-03-07T12:27:26Z" user="喵耳引力波" uid="14836070" lat="39.9844495" lon="116.3102652"/>
 <node id="339101769" visible="true" version="7" changeset="63939865" timestamp="2018-10-28T00:45:48Z" user="a828245" uid="8582861" lat="39.9864160" lon="116.3003665"/>
 <node id="339101770" visible="true" version="3" changeset="127025724" timestamp="2022-10-05T03:53:53Z" user="user_17232630" uid="17232630" lat="39.9853308" lon="116.3093613"/>
 <node id="339101773" visible="true" version="7" changeset="114548395" timestamp="2021-12-04T09:23:19Z" user="shanhulittle" uid="11213533" lat="39.9970351" lon="116.3062102"/>
 <node id="339101775" visible="true" version="5" changeset="93037863" timestamp="2020-10-26T04:49:42Z" user="shanhulittle" uid="11213533" lat="39.9977573" lon="116.3032563"/>
 <node id="339101776" visible="true" version="4" changeset="18552374" timestamp="2013-10-26T14:44:34Z" user="R438" uid="376715" lat="39.9973739" lon="116.3024428"/>
 <node id="339101778" visible="true" version="7" changeset="94679182" timestamp="2020-11-24T05:55:46Z" user="shanhulittle" uid="11213533" lat="39.9958545" lon="116.2983911"/>
 <node id="339101779" visible="true" version="6" changeset="94679182" timestamp="2020-11-24T05:55:46Z" user="shanhulittle" uid="11213533" lat="39.9928667" lon="116.2984855"/>
 <node id="339101780" visible="true" version="4" changeset="18552374" timestamp="2013-10-26T14:44:34Z" user="R438" uid="376715" lat="39.9896210" lon="116.2989961"/>
 <node id="380720703" visible="true" version="6" changeset="124092904" timestamp="2022-07-26T11:51:10Z" user="StarTrailer" uid="7134367" lat="39.9849609" lon="116.2995435"/>
 <node id="380721886" visible="true" version="11" changeset="130142456" timestamp="2022-12-16T07:25:04Z" user="cnvery" uid="3627342" lat="39.9916958" lon="116.2986384">
  <tag k="access" v="permissive"/>
  <tag k="barrier" v="border_control"/>
  <tag k="bicycle" v="no"/>
  <tag k="foot" v="no"/>
  <tag k="motor_vehicle" v="yes"/>
  <tag k="name" v="西侧门"/>
  <tag k="name:en" v="West Side Gate"/>
  <tag k="name:zh" v="西侧门"/>
  <tag k="name:zh-Hans" v="西侧门"/>
  <tag k="name:zh-Hant" v="西側門"/>
 </node>
 <node id="380721978" visible="true" version="3" changeset="131886379" timestamp="2023-01-30T15:38:57Z" user="vimacs_hacks" uid="13417651" lat="39.9851586" lon="116.3054664"/>
 <node id="380722026" visible="true" version="6" changeset="127103382" timestamp="2022-10-06T13:17:15Z" user="user_17232630" uid="17232630" lat="39.9852700" lon="116.3054565">
  <tag k="access" v="permissive"/>
  <tag k="barrier" v="border_control"/>
  <tag k="name" v="北京大学南门"/>
 </node>
 <node id="380722038" visible="true" version="6" changeset="134223564" timestamp="2023-03-28T14:34:49Z" user="user_18801446" uid="18801446" lat="39.9851909" lon="116.3065927"/>
 <node id="380722048" visible="true" version="7" changeset="118194110" timestamp="2022-03-07T11:43:28Z" user="喵耳引力波" uid="14836070" lat="39.9854854" lon="116.3100797"/>
 <node id="380742350" visible="true" version="5" changeset="118194882" timestamp="2022-03-07T12:06:31Z" user="喵耳引力波" uid="14836070" lat="39.9888105" lon="116.3097932"/>
 <node id="380742837" visible="true" version="8" changeset="136419385" timestamp="2023-05-22T15:13:38Z" user="快乐的老鼠宝宝" uid="9403945" lat="39.9879245" lon="116.3095036">
  <tag k="access" v="no"/>
  <tag k="barrier" v="border_control"/>
  <tag k="name" v="邱门"/>
  <tag k="name:zh" v="邱门"/>
  <tag k="name:zh-Hans" v="邱门"/>
  <tag k="name:zh-Hant" v="邱门"/>
 </node>
 <node id="380743212" visible="true" version="5" changeset="150689025" timestamp="2024-04-30T05:20:06Z" user="快乐的老鼠宝宝" uid="9403945" lat="39.9928981" lon="116.3093789"/>
 <node id="528913889" visible="true" version="2" changeset="8727668" timestamp="2011-07-15T04:02:48Z" user="R438" uid="376715" lat="39.9833311" lon="116.3102137"/>
 <node id="1360097754" visible="true" version="6" changeset="118194882" timestamp="2022-03-07T12:06:31Z" user="喵耳引力波" uid="14836070" lat="39.9906437" lon="116.3096468"/>
 <node id="1362259024" visible="true" version="5" changeset="125746334" timestamp="2022-09-03T16:59:14Z" user="cnvery" uid="3627342" lat="39.9983344" lon="116.3036570">
  <tag k="name" v="圆明园"/>
  <tag k="name:en" v="Yuanmingyuan Park"/>
  <tag k="name:zh" v="圆明园"/>
  <tag k="name:zh-Hans" v="圆明园"/>
  <tag k="name:zh-Hant" v="圓明園"/>
  <tag k="public_transport" v="stop_position"/>
  <tag k="railway" v="stop"/>
  <tag k="subway" v="yes"/>
 </node>
 <node id="1362259025" visible="true" version="3" changeset="46577950" timestamp="2017-03-04T17:36:34Z" user="Алекс Мок" uid="4814295" lat="39.9956691" lon="116.2894913"/>
 <node id="1362259026" visible="true" version="3" changeset="46577950" timestamp="2017-03-04T17:36:34Z" user="Алекс Мок" uid="4814295" lat="39.9957317" lon="116.2887814"/>
 <node id="1362259027" visible="true" version="3" changeset="46577950" timestamp="2017-03-04T17:36:34Z" user="Алекс Мок" uid="4814295" lat="39.9958810" lon="116.2880486"/>
 <node id="1362259029" visible="true" version="2" changeset="46577950" timestamp="2017-03-04T17:36:34Z" user="Алекс Мок" uid="4814295" lat="39.9962800" lon="116.2991548"/>
 <node id="1362259031" visible="true" version="4" changeset="111018585" timestamp="2021-09-10T11:03:56Z" user="北巷猫眠" uid="1915680" lat="39.9967452" lon="116.2855641">
  <tag k="name" v="西苑"/>
  <tag k="name:en" v="Xiyuan"/>
  <tag k="name:zh" v="西苑"/>
  <tag k="public_transport" v="stop_position"/>
  <tag k="railway" v="stop"/>
  <tag k="subway" v="yes"/>
 </node>
 <node id="1362259034" visible="true" version="3" changeset="111018585" timestamp="2021-09-10T11:03:56Z" user="北巷猫眠" uid="1915680" lat="39.9963982" lon="116.2998118"/>
 <node id="1362259035" visible="true" version="3" changeset="111018585" timestamp="2021-09-10T11:03:56Z" user="北巷猫眠" uid="1915680" lat="39.9965957" lon="116.3003592"/>
 <node id="1362259037" visible="true" version="3" changeset="111018585" timestamp="2021-09-10T11:03:56Z" user="北巷猫眠" uid="1915680" lat="39.9969076" lon="116.3008527"/>
 <node id="1362259041" visible="true" version="3" changeset="46577950" timestamp="2017-03-04T17:36:34Z" user="Алекс Мок" uid="4814295" lat="39.9974851" lon="116.2835264"/>
 <node id="1362259043" visible="true" version="3" changeset="111018585" timestamp="2021-09-10T11:03:56Z" user="北巷猫眠" uid="1915680" lat="39.9977476" lon="116.3020480"/>
 <node id="1362259045" visible="true" version="2" changeset="46577950" timestamp="2017-03-04T17:36:34Z" user="Алекс Мок" uid="4814295" lat="39.9979661" lon="116.3024177"/>
 <node id="1362259049" visible="true" version="2" changeset="46577950" timestamp="2017-03-04T17:36:34Z" user="Алекс Мок" uid="4814295" lat="39.9981338" lon="116.3028274"/>
 <node id="1362259054" visible="true" version="4" changeset="111018585" timestamp="2021-09-10T11:03:56Z" user="北巷猫眠" uid="1915680" lat="39.9985257" lon="116.3045056"/>
 <node id="1362259062" visible="true" version="4" changeset="46577950" timestamp="2017-03-04T17:36:34Z" user="Алекс Мок" uid="4814295" lat="40.0008725" lon="116.2735644"/>
 <node id="1362259064" visible="true" version="4" changeset="46577950" timestamp="2017-03-04T17:36:34Z" user="Алекс Мок" uid="4814295" lat="40.0009577" lon="116.2732022"/>
 <node id="1362259066" visible="true" version="4" changeset="46577950" timestamp="2017-03-04T17:36:34Z" user="Алекс Мок" uid="4814295" lat="40.0010106" lon="116.2729159"/>
 <node id="1362259067" visible="true" version="3" changeset="46577950" timestamp="2017-03-04T17:36:34Z" user="Алекс Мок" uid="4814295" lat="40.0010566" lon="116.2726174"/>
 <node id="1362259074" visible="true" version="3" changeset="46577950" timestamp="2017-03-04T17:36:34Z" user="Алекс Мок" uid="4814295" lat="40.0015348" lon="116.2695141"/>
 <node id="1362259075" visible="true" version="3" changeset="46577950" timestamp="2017-03-04T17:36:34Z" user="Алекс Мок" uid="4814295" lat="40.0024731" lon="116.2676490"/>
 <node id="1362259077" visible="true" version="2" changeset="46577950" timestamp="2017-03-04T17:36:34Z" user="Алекс Мок" uid="4814295" lat="40.0033367" lon="116.2667226"/>
 <node id="1362259078" visible="true" version="3" changeset="46577950" timestamp="2017-03-04T17:36:34Z" user="Алекс Мок" uid="4814295" lat="40.0046298" lon="116.2657367"/>
 <node id="1362259079" visible="true" version="3" changeset="46577950" timestamp="2017-03-04T17:36:34Z" user="Алекс Мок" uid="4814295" lat="40.0061175" lon="116.2649225"/>
 <node id="1362259080" visible="true" version="4" changeset="46577950" timestamp="2017-03-04T17:36:34Z" user="Алекс Мок" uid="4814295" lat="40.0077460" lon="116.2643320"/>
 <node id="1362259110" visible="true" version="5" changeset="70619795" timestamp="2019-05-25T21:26:27Z" user="Claudius Henrichs" uid="18069" lat="40.0012438" lon="116.2713850">
  <tag k="name" v="北宫门"/>
  <tag k="name:en" v="Beigongmen"/>
  <tag k="name:zh" v="北宫门"/>
  <tag k="public_transport" v="stop_position"/>
  <tag k="railway" v="stop"/>
  <tag k="subway" v="yes"/>
 </node>
 <node id="1362276343" visible="true" version="6" changeset="183920294" timestamp="2026-06-10T12:01:35Z" user="Summer200101" uid="17234617" lat="39.9907513" lon="116.3098167">
  <tag k="name" v="北京大学东门"/>
  <tag k="name:en" v="Peking University East Gate"/>
  <tag k="name:zh" v="北京大学东门"/>
  <tag k="name:zh-Hans" v="北京大学东门"/>
  <tag k="name:zh-Hant" v="北京大學東門"/>
  <tag k="public_transport" v="stop_position"/>
  <tag k="railway" v="stop"/>
  <tag k="subway" v="yes"/>
 </node>
 <node id="1362276345" visible="true" version="3" changeset="46577950" timestamp="2017-03-04T17:36:35Z" user="Алекс Мок" uid="4814295" lat="39.9740365" lon="116.3118920"/>
 <node id="1362276365" visible="true" version="3" changeset="46577950" timestamp="2017-03-04T17:36:35Z" user="Алекс Мок" uid="4814295" lat="39.9752893" lon="116.3114100"/>
 <node id="1362276367" visible="true" version="3" changeset="46577950" timestamp="2017-03-04T17:36:35Z" user="Алекс Мок" uid="4814295" lat="39.9764162" lon="116.3110647"/>
 <node id="1362276369" visible="true" version="3" changeset="46577950" timestamp="2017-03-04T17:36:35Z" user="Алекс Мок" uid="4814295" lat="39.9771008" lon="116.3109217"/>
 <node id="1362276370" visible="true" version="3" changeset="46577950" timestamp="2017-03-04T17:36:35Z" user="Алекс Мок" uid="4814295" lat="39.9777970" lon="116.3108375"/>
 <node id="1362276415" visible="true" version="2" changeset="46577950" timestamp="2017-03-04T17:36:35Z" user="Алекс Мок" uid="4814295" lat="39.9819548" lon="116.3105174"/>
 <node id="1362276449" visible="true" version="2" changeset="46577950" timestamp="2017-03-04T17:36:35Z" user="Алекс Мок" uid="4814295" lat="39.9832799" lon="116.3104333"/>
 <node id="1362276458" visible="true" version="3" changeset="12151463" timestamp="2012-07-08T15:41:57Z" user="R438" uid="376715" lat="39.9855565" lon="116.3104225"/>
 <node id="1362276459" visible="true" version="2" changeset="11450956" timestamp="2012-04-29T15:27:55Z" user="R438" uid="376715" lat="39.9857241" lon="116.3098458"/>
 <node id="1362276460" visible="true" version="2" changeset="11450956" timestamp="2012-04-29T15:27:55Z" user="R438" uid="376715" lat="39.9857284" lon="116.3098786"/>
 <node id="1362276461" visible="true" version="2" changeset="11450956" timestamp="2012-04-29T15:27:55Z" user="R438" uid="376715" lat="39.9857704" lon="116.3104085"/>
 <node id="1362276462" visible="true" version="2" changeset="11450956" timestamp="2012-04-29T15:27:55Z" user="R438" uid="376715" lat="39.9858549" lon="116.3098700"/>
 <node id="1362276463" visible="true" version="2" changeset="11450956" timestamp="2012-04-29T15:27:55Z" user="R438" uid="376715" lat="39.9858756" lon="116.3103546"/>
 <node id="1362276465" visible="true" version="4" changeset="12151463" timestamp="2012-07-08T15:41:57Z" user="R438" uid="376715" lat="39.9860167" lon="116.3103402"/>
 <node id="1362276472" visible="true" version="2" changeset="11450956" timestamp="2012-04-29T15:27:55Z" user="R438" uid="376715" lat="39.9860640" lon="116.3098559"/>
 <node id="1362276473" visible="true" version="2" changeset="11450956" timestamp="2012-04-29T15:27:55Z" user="R438" uid="376715" lat="39.9860647" lon="116.3098255"/>
 <node id="1362276474" visible="true" version="2" changeset="11450956" timestamp="2012-04-29T15:27:56Z" user="R438" uid="376715" lat="39.9860802" lon="116.3098398"/>
 <node id="1362276491" visible="true" version="2" changeset="46577950" timestamp="2017-03-04T17:36:35Z" user="Алекс Мок" uid="4814295" lat="39.9901166" lon="116.3098793"/>
 <node id="1362276510" visible="true" version="3" changeset="111018585" timestamp="2021-09-10T11:03:56Z" user="北巷猫眠" uid="1915680" lat="39.9922018" lon="116.3096753"/>
 <node id="1362276513" visible="true" version="3" changeset="111018585" timestamp="2021-09-10T11:03:56Z" user="北巷猫眠" uid="1915680" lat="39.9935508" lon="116.3097994"/>
 <node id="1362276515" visible="true" version="3" changeset="111018585" timestamp="2021-09-10T11:03:56Z" user="北巷猫眠" uid="1915680" lat="39.9947176" lon="116.3100269"/>
 <node id="1362276517" visible="true" version="3" changeset="111018585" timestamp="2021-09-10T11:03:56Z" user="北巷猫眠" uid="1915680" lat="39.9954876" lon="116.3101125"/>
 <node id="1362276521" visible="true" version="3" changeset="111018585" timestamp="2021-09-10T11:03:56Z" user="北巷猫眠" uid="1915680" lat="39.9963276" lon="116.3100095"/>
 <node id="1362276523" visible="true" version="3" changeset="111018585" timestamp="2021-09-10T11:03:56Z" user="北巷猫眠" uid="1915680" lat="39.9970220" lon="116.3097804"/>
 <node id="1362276524" visible="true" version="3" changeset="111018585" timestamp="2021-09-10T11:03:56Z" user="北巷猫眠" uid="1915680" lat="39.9975749" lon="116.3093467"/>
 <node id="1362276526" visible="true" version="3" changeset="111018585" timestamp="2021-09-10T11:03:56Z" user="北巷猫眠" uid="1915680" lat="39.9983136" lon="116.3082672"/>
 <node id="1362276528" visible="true" version="3" changeset="111018585" timestamp="2021-09-10T11:03:56Z" user="北巷猫眠" uid="1915680" lat="39.9985323" lon="116.3076357"/>
 <node id="1362276534" visible="true" version="3" changeset="111018585" timestamp="2021-09-10T11:03:56Z" user="北巷猫眠" uid="1915680" lat="39.9986477" lon="116.3070530"/>
 <node id="1362276535" visible="true" version="3" changeset="111018585" timestamp="2021-09-10T11:03:56Z" user="北巷猫眠" uid="1915680" lat="39.9986900" lon="116.3064900"/>
 <node id="1362276537" visible="true" version="2" changeset="46577950" timestamp="2017-03-04T17:36:35Z" user="Алекс Мок" uid="4814295" lat="39.9986176" lon="116.3051734"/>
 <node id="1362276540" visible="true" version="3" changeset="111018585" timestamp="2021-09-10T11:03:56Z" user="北巷猫眠" uid="1915680" lat="39.9986795" lon="116.3058556"/>
 <node id="1362276541" visible="true" version="5" changeset="90183421" timestamp="2020-08-31T09:53:34Z" user="user_11435438" uid="11435438" lat="39.9826335" lon="116.3104743">
  <tag k="name" v="中关村"/>
  <tag k="name:en" v="Zhongguancun"/>
  <tag k="name:zh" v="中关村"/>
  <tag k="public_transport" v="stop_position"/>
  <tag k="railway" v="stop"/>
  <tag k="subway" v="yes"/>
 </node>
 <node id="1364282596" visible="true" version="4" changeset="56585313" timestamp="2018-02-22T17:06:11Z" user="cantor34" uid="7496544" lat="39.9369733" lon="116.3327289">
  <tag k="name" v="动物园"/>
  <tag k="name:en" v="Beijing Zoo"/>
  <tag k="name:zh" v="动物园"/>
  <tag k="public_transport" v="stop_position"/>
  <tag k="railway" v="stop"/>
  <tag k="subway" v="yes"/>
 </node>
 <node id="1364282599" visible="true" version="4" changeset="56585358" timestamp="2018-02-22T17:08:03Z" user="cantor34" uid="7496544" lat="39.9417831" lon="116.3192244">
  <tag k="name" v="国家图书馆"/>
  <tag k="name:en" v="National Library"/>
  <tag k="name:zh" v="国家图书馆"/>
  <tag k="public_transport" v="stop_position"/>
  <tag k="railway" v="stop"/>
  <tag k="subway" v="yes"/>
 </node>
 <node id="1364282600" visible="true" version="5" changeset="56779566" timestamp="2018-03-01T08:03:32Z" user="cantor34" uid="7496544" lat="39.9657270" lon="116.3158285">
  <tag k="name" v="人民大学"/>
  <tag k="name:en" v="Renmin University"/>
  <tag k="name:zh" v="人民大学"/>
  <tag k="public_transport" v="stop_position"/>
  <tag k="railway" v="stop"/>
  <tag k="subway" v="yes"/>
 </node>
 <node id="1364282601" visible="true" version="6" changeset="118575605" timestamp="2022-03-17T05:38:31Z" user="Death B Grapes" uid="11424976" lat="39.9391731" lon="116.3493233">
  <tag k="name" v="西直门"/>
  <tag k="name:en" v="Xizhimen"/>
  <tag k="name:zh" v="西直门"/>
  <tag k="public_transport" v="stop_position"/>
  <tag k="railway" v="stop"/>
  <tag k="subway" v="yes"/>
 </node>
 <node id="1364282606" visible="true" version="2" changeset="46577950" timestamp="2017-03-04T17:36:36Z" user="Алекс Мок" uid="4814295" lat="39.9368920" lon="116.3300830"/>
 <node id="1364282607" visible="true" version="2" changeset="46577950" timestamp="2017-03-04T17:36:36Z" user="Алекс Мок" uid="4814295" lat="39.9369062" lon="116.3288838"/>
 <node id="1364282612" visible="true" version="2" changeset="46577950" timestamp="2017-03-04T17:36:36Z" user="Алекс Мок" uid="4814295" lat="39.9370235" lon="116.3269779"/>
 <node id="1364282613" visible="true" version="2" changeset="46577950" timestamp="2017-03-04T17:36:36Z" user="Алекс Мок" uid="4814295" lat="39.9371536" lon="116.3249213"/>
 <node id="1364282614" visible="true" version="2" changeset="46577950" timestamp="2017-03-04T17:36:36Z" user="Алекс Мок" uid="4814295" lat="39.9372217" lon="116.3376229"/>
 <node id="1364282615" visible="true" version="2" changeset="46577950" timestamp="2017-03-04T17:36:36Z" user="Алекс Мок" uid="4814295" lat="39.9373146" lon="116.3386997"/>
 <node id="1364282617" visible="true" version="2" changeset="46577950" timestamp="2017-03-04T17:36:36Z" user="Алекс Мок" uid="4814295" lat="39.9373173" lon="116.3232716"/>
 <node id="1364282620" visible="true" version="2" changeset="46577950" timestamp="2017-03-04T17:36:36Z" user="Алекс Мок" uid="4814295" lat="39.9374873" lon="116.3220224"/>
 <node id="1364282621" visible="true" version="2" changeset="46577950" timestamp="2017-03-04T17:36:36Z" user="Алекс Мок" uid="4814295" lat="39.9375543" lon="116.3397026"/>
 <node id="1364282622" visible="true" version="2" changeset="46577950" timestamp="2017-03-04T17:36:36Z" user="Алекс Мок" uid="4814295" lat="39.9376594" lon="116.3212397"/>
 <node id="1364282624" visible="true" version="2" changeset="46577950" timestamp="2017-03-04T17:36:36Z" user="Алекс Мок" uid="4814295" lat="39.9379569" lon="116.3206188"/>
 <node id="1364282625" visible="true" version="2" changeset="46577950" timestamp="2017-03-04T17:36:36Z" user="Алекс Мок" uid="4814295" lat="39.9382494" lon="116.3418791"/>
 <node id="1364282626" visible="true" version="2" changeset="46577950" timestamp="2017-03-04T17:36:36Z" user="Алекс Мок" uid="4814295" lat="39.9383404" lon="116.3200662"/>
 <node id="1364282627" visible="true" version="2" changeset="46577950" timestamp="2017-03-04T17:36:36Z" user="Алекс Мок" uid="4814295" lat="39.9384650" lon="116.3427945"/>
 <node id="1364282628" visible="true" version="2" changeset="46577950" timestamp="2017-03-04T17:36:36Z" user="Алекс Мок" uid="4814295" lat="39.9386507" lon="116.3437004"/>
 <node id="1364282629" visible="true" version="2" changeset="46577950" timestamp="2017-03-04T17:36:36Z" user="Алекс Мок" uid="4814295" lat="39.9388767" lon="116.3197400"/>
 <node id="1364282633" visible="true" version="2" changeset="46577950" timestamp="2017-03-04T17:36:36Z" user="Алекс Мок" uid="4814295" lat="39.9390235" lon="116.3467079"/>
 <node id="1364282635" visible="true" version="3" changeset="46577950" timestamp="2017-03-04T17:36:36Z" user="Алекс Мок" uid="4814295" lat="39.9390910" lon="116.3473416"/>
 <node id="1364282637" visible="true" version="4" changeset="118575605" timestamp="2022-03-17T05:38:31Z" user="Death B Grapes" uid="11424976" lat="39.9391455" lon="116.3482437"/>
 <node id="1364282639" visible="true" version="4" changeset="118575605" timestamp="2022-03-17T05:38:31Z" user="Death B Grapes" uid="11424976" lat="39.9392055" lon="116.3502953"/>
 <node id="1364282640" visible="true" version="2" changeset="46577950" timestamp="2017-03-04T17:36:36Z" user="Алекс Мок" uid="4814295" lat="39.9395293" lon="116.3195685"/>
 <node id="1364282644" visible="true" version="2" changeset="46577950" timestamp="2017-03-04T17:36:36Z" user="Алекс Мок" uid="4814295" lat="39.9411140" lon="116.3193122"/>
 <node id="1364282657" visible="true" version="2" changeset="46577950" timestamp="2017-03-04T17:36:36Z" user="Алекс Мок" uid="4814295" lat="39.9424520" lon="116.3191365"/>
 <node id="1364282662" visible="true" version="2" changeset="46577950" timestamp="2017-03-04T17:36:36Z" user="Алекс Мок" uid="4814295" lat="39.9452229" lon="116.3187891"/>
 <node id="1364282667" visible="true" version="2" changeset="46577950" timestamp="2017-03-04T17:36:36Z" user="Алекс Мок" uid="4814295" lat="39.9502044" lon="116.3181092"/>
 <node id="1364282674" visible="true" version="4" changeset="46577950" timestamp="2017-03-04T17:36:36Z" user="Алекс Мок" uid="4814295" lat="39.9556415" lon="116.3173643"/>
 <node id="1364282681" visible="true" version="4" changeset="46577950" timestamp="2017-03-04T17:36:36Z" user="Алекс Мок" uid="4814295" lat="39.9569319" lon="116.3172143"/>
 <node id="1364282688" visible="true" version="3" changeset="46577950" timestamp="2017-03-04T17:36:36Z" user="Алекс Мок" uid="4814295" lat="39.9619266" lon="116.3166964"/>
 <node id="1364282689" visible="true" version="3" changeset="46577950" timestamp="2017-03-04T17:36:36Z" user="Алекс Мок" uid="4814295" lat="39.9639820" lon="116.3163512"/>
 <node id="1364282691" visible="true" version="3" changeset="46577950" timestamp="2017-03-04T17:36:36Z" user="Алекс Мок" uid="4814295" lat="39.9650891" lon="116.3160439"/>
 <node id="1364282696" visible="true" version="3" changeset="46577950" timestamp="2017-03-04T17:36:36Z" user="Алекс Мок" uid="4814295" lat="39.9663430" lon="116.3156204"/>
 <node id="1364282703" visible="true" version="8" changeset="90183421" timestamp="2020-08-31T09:53:34Z" user="user_11435438" uid="11435438" lat="39.9562855" lon="116.3172894">
  <tag k="name" v="魏公村"/>
  <tag k="name:en" v="Weigongcun"/>
  <tag k="name:zh" v="魏公村"/>
  <tag k="public_transport" v="stop_position"/>
  <tag k="railway" v="stop"/>
  <tag k="subway" v="yes"/>
 </node>
 <node id="1420940420" visible="true" version="5" changeset="130362111" timestamp="2022-12-22T08:04:41Z" user="cnvery" uid="3627342" lat="39.9881604" lon="116.3098631">
  <tag k="bus" v="yes"/>
  <tag k="name" v="中关园"/>
  <tag k="name:zh" v="中关园"/>
  <tag k="name:zh-Hans" v="中关园"/>
  <tag k="name:zh-Hant" v="中關園"/>
  <tag k="public_transport" v="stop_position"/>
 </node>
 <node id="1420940423" visible="true" version="6" changeset="125478975" timestamp="2022-08-28T13:56:09Z" user="vimacs_hacks" uid="13417651" lat="39.9883898" lon="116.3099743">
  <tag k="bus" v="yes"/>
  <tag k="name" v="中关园"/>
  <tag k="name:zh" v="中关园"/>
  <tag k="public_transport" v="stop_position"/>
 </node>
 <node id="1421549156" visible="true" version="3" changeset="18552374" timestamp="2013-10-26T14:44:33Z" user="R438" uid="376715" lat="39.9961909" lon="116.3008489"/>
 <node id="1421549157" visible="true" version="4" changeset="93037863" timestamp="2020-10-26T04:49:42Z" user="shanhulittle" uid="11213533" lat="39.9982026" lon="116.3053797"/>
 <node id="1422005424" visible="true" version="10" changeset="130142456" timestamp="2022-12-16T07:25:04Z" user="cnvery" uid="3627342" lat="39.9933065" lon="116.2985947">
  <tag k="barrier" v="border_control"/>
  <tag k="bicycle" v="yes"/>
  <tag k="foot" v="yes"/>
  <tag k="motor_vehicle" v="no"/>
  <tag k="name" v="北京大学西门"/>
  <tag k="name:de" v="Westtor der Peking University"/>
  <tag k="name:en" v="West Gate of the Peking University"/>
  <tag k="name:zh" v="北京大学西门"/>
  <tag k="name:zh-Hans" v="北京大学西门"/>
  <tag k="name:zh-Hant" v="北京大學西門"/>
 </node>
 <node id="1423042612" visible="true" version="3" changeset="117458231" timestamp="2022-02-16T03:43:34Z" user="AtlantisPWH" uid="15055335" lat="39.9957437" lon="116.2906712"/>
 <node id="1423042927" visible="true" version="2" changeset="46577950" timestamp="2017-03-04T17:36:37Z" user="Алекс Мок" uid="4814295" lat="40.0018855" lon="116.2685573"/>
 <node id="1571809722" visible="true" version="5" changeset="125478975" timestamp="2022-08-28T13:56:09Z" user="vimacs_hacks" uid="13417651" lat="39.9886285" lon="116.3099557">
  <tag k="bus" v="yes"/>
  <tag k="name" v="中关园"/>
  <tag k="name:zh" v="中关园"/>
  <tag k="public_transport" v="stop_position"/>
 </node>
 <node id="1573977359" visible="true" version="9" changeset="118195572" timestamp="2022-03-07T12:27:26Z" user="喵耳引力波" uid="14836070" lat="39.9844387" lon="116.3099165"/>
 <node id="1573977364" visible="true" version="9" changeset="118195572" timestamp="2022-03-07T12:27:26Z" user="喵耳引力波" uid="14836070" lat="39.9844460" lon="116.3101560"/>
 <node id="1573977371" visible="true" version="5" changeset="118194882" timestamp="2022-03-07T12:06:31Z" user="喵耳引力波" uid="14836070" lat="39.9851769" lon="116.3099190"/>
 <node id="1660324132" visible="true" version="4" changeset="56776067" timestamp="2018-03-01T05:50:54Z" user="cantor34" uid="7496544" lat="39.9148897" lon="116.3673627">
  <tag k="name" v="灵境胡同"/>
  <tag k="name:en" v="Lingjing Hutong"/>
  <tag k="name:zh" v="灵境胡同"/>
  <tag k="public_transport" v="stop_position"/>
  <tag k="railway" v="stop"/>
  <tag k="subway" v="yes"/>
 </node>
 <node id="1660324135" visible="true" version="6" changeset="151104120" timestamp="2024-05-09T14:43:53Z" user="Lepuse" uid="9560399" lat="39.9322572" lon="116.3665966">
  <tag k="name" v="平安里"/>
  <tag k="name:en" v="Ping'anli"/>
  <tag k="name:zh" v="平安里"/>
  <tag k="name:zh-Latn-pinyin" v="Píngānlĭ"/>
  <tag k="public_transport" v="stop_position"/>
  <tag k="railway" v="stop"/>
  <tag k="subway" v="yes"/>
 </node>
 <node id="1660324139" visible="true" version="5" changeset="97411894" timestamp="2021-01-13T05:41:08Z" user="快乐的老鼠宝宝" uid="9403945" lat="39.9225619" lon="116.3669180">
  <tag k="name" v="西四"/>
  <tag k="name:en" v="Xisi"/>
  <tag k="name:zh" v="西四"/>
  <tag k="public_transport" v="stop_position"/>
  <tag k="railway" v="stop"/>
  <tag k="subway" v="yes"/>
 </node>
 <node id="1660324147" visible="true" version="2" changeset="46577950" timestamp="2017-03-04T17:36:38Z" user="Алекс Мок" uid="4814295" lat="39.9142835" lon="116.3673794"/>
 <node id="1660324158" visible="true" version="2" changeset="46577950" timestamp="2017-03-04T17:36:38Z" user="Алекс Мок" uid="4814295" lat="39.9155090" lon="116.3673458"/>
 <node id="1660324160" visible="true" version="2" changeset="46577950" timestamp="2017-03-04T17:36:38Z" user="Алекс Мок" uid="4814295" lat="39.9218901" lon="116.3669286"/>
 <node id="1660324182" visible="true" version="3" changeset="46577950" timestamp="2017-03-04T17:36:38Z" user="Алекс Мок" uid="4814295" lat="39.9361292" lon="116.3665574"/>
 <node id="1660324184" visible="true" version="2" changeset="46577950" timestamp="2017-03-04T17:36:38Z" user="Алекс Мок" uid="4814295" lat="39.9367694" lon="116.3663987"/>
 <node id="1660324188" visible="true" version="2" changeset="46577950" timestamp="2017-03-04T17:36:38Z" user="Алекс Мок" uid="4814295" lat="39.9372856" lon="116.3661845"/>
 <node id="1660324190" visible="true" version="2" changeset="46577950" timestamp="2017-03-04T17:36:38Z" user="Алекс Мок" uid="4814295" lat="39.9379151" lon="116.3658099"/>
 <node id="1660324191" visible="true" version="2" changeset="46577950" timestamp="2017-03-04T17:36:38Z" user="Алекс Мок" uid="4814295" lat="39.9384547" lon="116.3652627"/>
 <node id="1660324193" visible="true" version="2" changeset="46577950" timestamp="2017-03-04T17:36:38Z" user="Алекс Мок" uid="4814295" lat="39.9389070" lon="116.3645397"/>
 <node id="1660324197" visible="true" version="2" changeset="46577950" timestamp="2017-03-04T17:36:38Z" user="Алекс Мок" uid="4814295" lat="39.9392243" lon="116.3637604"/>
 <node id="1660324198" visible="true" version="3" changeset="46577950" timestamp="2017-03-04T17:36:38Z" user="Алекс Мок" uid="4814295" lat="39.9393813" lon="116.3565922"/>
 <node id="1660324205" visible="true" version="2" changeset="46577950" timestamp="2017-03-04T17:36:38Z" user="Алекс Мок" uid="4814295" lat="39.9394166" lon="116.3629375"/>
 <node id="1660324212" visible="true" version="2" changeset="46577950" timestamp="2017-03-04T17:36:38Z" user="Алекс Мок" uid="4814295" lat="39.9394707" lon="116.3622158"/>
 <node id="1660324214" visible="true" version="2" changeset="46577950" timestamp="2017-03-04T17:36:38Z" user="Алекс Мок" uid="4814295" lat="39.9394745" lon="116.3605290"/>
 <node id="1660324216" visible="true" version="4" changeset="56740755" timestamp="2018-02-28T02:32:21Z" user="cantor34" uid="7496544" lat="39.9394726" lon="116.3613576">
  <tag k="name" v="新街口"/>
  <tag k="name:en" v="Xinjiekou"/>
  <tag k="name:zh" v="新街口"/>
  <tag k="public_transport" v="stop_position"/>
  <tag k="railway" v="stop"/>
  <tag k="subway" v="yes"/>
 </node>
 <node id="1660328644" visible="true" version="2" changeset="46577950" timestamp="2017-03-04T17:36:38Z" user="Алекс Мок" uid="4814295" lat="39.9835983" lon="116.3104075"/>
 <node id="1660328647" visible="true" version="1" changeset="10877619" timestamp="2012-03-05T09:58:40Z" user="R438" uid="376715" lat="39.9836741" lon="116.3103270"/>
 <node id="1660328650" visible="true" version="1" changeset="10877619" timestamp="2012-03-05T09:58:40Z" user="R438" uid="376715" lat="39.9837677" lon="116.3103185"/>
 <node id="1660328652" visible="true" version="1" changeset="10877619" timestamp="2012-03-05T09:58:40Z" user="R438" uid="376715" lat="39.9850379" lon="116.3102113"/>
 <node id="1660328653" visible="true" version="1" changeset="10877619" timestamp="2012-03-05T09:58:40Z" user="R438" uid="376715" lat="39.9851236" lon="116.3102057">
  <tag k="railway" v="buffer_stop"/>
 </node>
 <node id="1660328654" visible="true" version="2" changeset="46577950" timestamp="2017-03-04T17:36:38Z" user="Алекс Мок" uid="4814295" lat="39.9851460" lon="116.3102821"/>
 <node id="1680199628" visible="true" version="2" changeset="46577950" timestamp="2017-03-04T17:36:38Z" user="Алекс Мок" uid="4814295" lat="39.9337786" lon="116.3665606"/>
 <node id="1680199640" visible="true" version="2" changeset="46577950" timestamp="2017-03-04T17:36:38Z" user="Алекс Мок" uid="4814295" lat="39.9356072" lon="116.3666311"/>
 <node id="1680199646" visible="true" version="2" changeset="46577950" timestamp="2017-03-04T17:36:38Z" user="Алекс Мок" uid="4814295" lat="39.9370310" lon="116.3339586"/>
 <node id="1680199689" visible="true" version="2" changeset="46577950" timestamp="2017-03-04T17:36:38Z" user="Алекс Мок" uid="4814295" lat="39.9394637" lon="116.3599031"/>
 <node id="1680199701" visible="true" version="2" changeset="46577950" timestamp="2017-03-04T17:36:38Z" user="Алекс Мок" uid="4814295" lat="39.9443360" lon="116.3189027"/>
 <node id="1680199703" visible="true" version="3" changeset="46577950" timestamp="2017-03-04T17:36:38Z" user="Алекс Мок" uid="4814295" lat="39.9667691" lon="116.3154447"/>
 <node id="1685831731" visible="true" version="4" changeset="130362111" timestamp="2022-12-22T08:04:41Z" user="cnvery" uid="3627342" lat="39.9883270" lon="116.3098428">
  <tag k="bus" v="yes"/>
  <tag k="name" v="中关园"/>
  <tag k="name:zh" v="中关园"/>
  <tag k="name:zh-Hans" v="中关园"/>
  <tag k="name:zh-Hant" v="中關園"/>
  <tag k="public_transport" v="stop_position"/>
 </node>
 <node id="1732782039" visible="true" version="5" changeset="150689025" timestamp="2024-04-30T05:20:06Z" user="快乐的老鼠宝宝" uid="9403945" lat="39.9929190" lon="116.3095453"/>
 <node id="1735331376" visible="true" version="5" changeset="125478975" timestamp="2022-08-28T13:56:09Z" user="vimacs_hacks" uid="13417651" lat="39.9864422" lon="116.3099987">
  <tag k="bus" v="yes"/>
  <tag k="name" v="中关村北"/>
  <tag k="name:zh" v="中关村北"/>
  <tag k="public_transport" v="stop_position"/>
 </node>
 <node id="1735344449" visible="true" version="4" changeset="125478975" timestamp="2022-08-28T13:56:09Z" user="vimacs_hacks" uid="13417651" lat="39.9862548" lon="116.3101350">
  <tag k="bus" v="yes"/>
  <tag k="name" v="中关村北"/>
  <tag k="name:zh" v="中关村北"/>
  <tag k="public_transport" v="stop_position"/>
 </node>
 <node id="1735344456" visible="true" version="5" changeset="125478975" timestamp="2022-08-28T13:56:09Z" user="vimacs_hacks" uid="13417651" lat="39.9863943" lon="116.3101203">
  <tag k="bus" v="yes"/>
  <tag k="name" v="中关村北"/>
  <tag k="name:zh" v="中关村北"/>
  <tag k="public_transport" v="stop_position"/>
 </node>
 <node id="1752454502" visible="true" version="2" changeset="46577950" timestamp="2017-03-04T17:36:39Z" user="Алекс Мок" uid="4814295" lat="39.9385037" lon="116.3429413"/>
 <node id="1765070609" visible="true" version="6" changeset="139737887" timestamp="2023-08-11T07:55:43Z" user="Herman Lee" uid="6921384" lat="39.9851848" lon="116.3064276">
  <tag k="bus" v="yes"/>
  <tag k="name" v="海淀路东口"/>
  <tag k="name:zh" v="海淀路东口"/>
  <tag k="public_transport" v="stop_position"/>
 </node>
 <node id="1765070612" visible="true" version="7" changeset="139737887" timestamp="2023-08-11T07:55:43Z" user="Herman Lee" uid="6921384" lat="39.9850733" lon="116.3024380">
  <tag k="bus" v="yes"/>
  <tag k="name" v="海淀路西口"/>
  <tag k="name:zh" v="海淀路西口"/>
  <tag k="public_transport" v="stop_position"/>
 </node>
 <node id="1767362176" visible="true" version="2" changeset="118194882" timestamp="2022-03-07T12:06:31Z" user="喵耳引力波" uid="14836070" lat="39.9896208" lon="116.3098897"/>
 <node id="1767362180" visible="true" version="2" changeset="118194882" timestamp="2022-03-07T12:06:31Z" user="喵耳引力波" uid="14836070" lat="39.9897598" lon="116.3099607"/>
 <node id="1767362182" visible="true" version="3" changeset="118194882" timestamp="2022-03-07T12:06:31Z" user="喵耳引力波" uid="14836070" lat="39.9906499" lon="116.3099357"/>
 <node id="1767362186" visible="true" version="4" changeset="114841687" timestamp="2021-12-12T10:35:50Z" user="StarTrailer" uid="7134367" lat="39.9907615" lon="116.3099642"/>
 <node id="1767362189" visible="true" version="4" changeset="114841687" timestamp="2021-12-12T10:35:50Z" user="StarTrailer" uid="7134367" lat="39.9908463" lon="116.3099484"/>
 <node id="1767362197" visible="true" version="2" changeset="114841687" timestamp="2021-12-12T10:35:50Z" user="StarTrailer" uid="7134367" lat="39.9909211" lon="116.3099407"/>
 <node id="1767362198" visible="true" version="4" changeset="150689025" timestamp="2024-04-30T05:20:06Z" user="快乐的老鼠宝宝" uid="9403945" lat="39.9925688" lon="116.3097584"/>
 <node id="1771677075" visible="true" version="2" changeset="118195572" timestamp="2022-03-07T12:27:26Z" user="喵耳引力波" uid="14836070" lat="39.9845010" lon="116.3098595"/>
 <node id="1771677082" visible="true" version="2" changeset="118194882" timestamp="2022-03-07T12:06:31Z" user="喵耳引力波" uid="14836070" lat="39.9894407" lon="116.3097416"/>
 <node id="1771677084" visible="true" version="3" changeset="118194566" timestamp="2022-03-07T11:57:10Z" user="喵耳引力波" uid="14836070" lat="39.9906377" lon="116.3095552"/>
 <node id="1771677085" visible="true" version="2" changeset="114841687" timestamp="2021-12-12T10:35:50Z" user="StarTrailer" uid="7134367" lat="39.9909002" lon="116.3094733"/>
 <node id="1771677086" visible="true" version="2" changeset="150689025" timestamp="2024-04-30T05:20:06Z" user="快乐的老鼠宝宝" uid="9403945" lat="39.9927241" lon="116.3093338"/>
 <node id="1817781400" visible="true" version="1" changeset="12151463" timestamp="2012-07-08T15:41:55Z" user="R438" uid="376715" lat="39.9855558" lon="116.3103692"/>
 <node id="1817781401" visible="true" version="1" changeset="12151463" timestamp="2012-07-08T15:41:55Z" user="R438" uid="376715" lat="39.9857747" lon="116.3103548"/>
 <node id="1817818203" visible="true" version="4" changeset="118194882" timestamp="2022-03-07T12:06:31Z" user="喵耳引力波" uid="14836070" lat="39.9846737" lon="116.3098497">
  <tag k="highway" v="traffic_signals"/>
 </node>
 <node id="1817818205" visible="true" version="4" changeset="118194882" timestamp="2022-03-07T12:06:31Z" user="喵耳引力波" uid="14836070" lat="39.9846763" lon="116.3100070">
  <tag k="highway" v="traffic_signals"/>
 </node>
 <node id="1817818216" visible="true" version="2" changeset="118195338" timestamp="2022-03-07T12:20:37Z" user="喵耳引力波" uid="14836070" lat="39.9845868" lon="116.3111793">
  <tag k="amenity" v="telephone"/>
  <tag k="payment:electronic_purses" v="yes"/>
  <tag k="payment:telephone_cards" v="yes"/>
 </node>
 <node id="1817818217" visible="true" version="2" changeset="118195338" timestamp="2022-03-07T12:20:37Z" user="喵耳引力波" uid="14836070" lat="39.9846177" lon="116.3127085">
  <tag k="amenity" v="telephone"/>
  <tag k="payment:electronic_purses" v="yes"/>
  <tag k="payment:telephone_cards" v="yes"/>
 </node>
 <node id="1817818218" visible="true" version="3" changeset="118195338" timestamp="2022-03-07T12:20:37Z" user="喵耳引力波" uid="14836070" lat="39.9846269" lon="116.3129330">
  <tag k="crossing" v="uncontrolled"/>
  <tag k="highway" v="crossing"/>
 </node>
 <node id="1817818219" visible="true" version="2" changeset="118195338" timestamp="2022-03-07T12:20:37Z" user="喵耳引力波" uid="14836070" lat="39.9846541" lon="116.3137674"/>
 <node id="1817818220" visible="true" version="3" changeset="165403239" timestamp="2025-04-25T02:40:49Z" user="Hermi2025" uid="22718429" lat="39.9846747" lon="116.3141745">
  <tag k="crossing" v="uncontrolled"/>
  <tag k="highway" v="crossing"/>
 </node>
 <node id="1817818221" visible="true" version="2" changeset="118195338" timestamp="2022-03-07T12:20:37Z" user="喵耳引力波" uid="14836070" lat="39.9846938" lon="116.3144013"/>
 <node id="1920305740" visible="true" version="2" changeset="46577950" timestamp="2017-03-04T17:36:39Z" user="Алекс Мок" uid="4814295" lat="39.9629681" lon="116.3165530"/>
 <node id="1920305742" visible="true" version="2" changeset="46577950" timestamp="2017-03-04T17:36:39Z" user="Алекс Мок" uid="4814295" lat="39.9684491" lon="116.3145734"/>
 <node id="1920305746" visible="true" version="2" changeset="46577950" timestamp="2017-03-04T17:36:39Z" user="Алекс Мок" uid="4814295" lat="39.9733505" lon="116.3121965"/>
 <node id="2354655261" visible="true" version="2" changeset="130143211" timestamp="2022-12-16T07:47:11Z" user="cnvery" uid="3627342" lat="39.9908035" lon="116.3095108"/>
 <node id="2354655719" visible="true" version="3" changeset="150689025" timestamp="2024-04-30T05:20:06Z" user="快乐的老鼠宝宝" uid="9403945" lat="39.9917638" lon="116.3094006"/>
 <node id="2449583385" visible="true" version="2" changeset="131886379" timestamp="2023-01-30T15:38:57Z" user="vimacs_hacks" uid="13417651" lat="39.9852081" lon="116.3072909">
  <tag k="crossing" v="uncontrolled"/>
  <tag k="highway" v="crossing"/>
 </node>
 <node id="2449589214" visible="true" version="4" changeset="118195338" timestamp="2022-03-07T12:20:37Z" user="喵耳引力波" uid="14836070" lat="39.9851061" lon="116.3098491"/>
 <node id="2485149489" visible="true" version="3" changeset="18552374" timestamp="2013-10-26T14:44:34Z" user="R438" uid="376715" lat="39.9863900" lon="116.2994966"/>
 <node id="2485149491" visible="true" version="4" changeset="63939865" timestamp="2018-10-28T00:45:48Z" user="a828245" uid="8582861" lat="39.9851791" lon="116.3004617"/>
 <node id="2485149888" visible="true" version="3" changeset="42536768" timestamp="2016-09-30T08:38:27Z" user="Liberion" uid="2942361" lat="39.9860273" lon="116.3086252"/>
 <node id="2485149889" visible="true" version="3" changeset="42536768" timestamp="2016-09-30T08:38:27Z" user="Liberion" uid="2942361" lat="39.9856661" lon="116.3086463"/>
 <node id="2485149891" visible="true" version="3" changeset="42536768" timestamp="2016-09-30T08:38:27Z" user="Liberion" uid="2942361" lat="39.9856813" lon="116.3090884"/>
 <node id="2485149893" visible="true" version="3" changeset="42536768" timestamp="2016-09-30T08:38:27Z" user="Liberion" uid="2942361" lat="39.9858981" lon="116.3090757"/>
 <node id="2485149895" visible="true" version="3" changeset="42536768" timestamp="2016-09-30T08:38:27Z" user="Liberion" uid="2942361" lat="39.9859016" lon="116.3091799"/>
 <node id="2485149897" visible="true" version="3" changeset="42536768" timestamp="2016-09-30T08:38:27Z" user="Liberion" uid="2942361" lat="39.9864054" lon="116.3094355"/>
 <node id="2485149898" visible="true" version="3" changeset="42536768" timestamp="2016-09-30T08:38:27Z" user="Liberion" uid="2942361" lat="39.9863830" lon="116.3087846"/>
 <node id="2485149900" visible="true" version="3" changeset="42536768" timestamp="2016-09-30T08:38:27Z" user="Liberion" uid="2942361" lat="39.9860335" lon="116.3088051"/>
 <node id="2485223058" visible="true" version="4" changeset="158749654" timestamp="2024-11-04T17:16:04Z" user="meongseolin" uid="18160068" lat="39.9861016" lon="116.3096032"/>
 <node id="2509423655" visible="true" version="1" changeset="18552374" timestamp="2013-10-26T14:44:32Z" user="R438" uid="376715" lat="39.9932028" lon="116.2985966"/>
 <node id="2509423661" visible="true" version="1" changeset="18552374" timestamp="2013-10-26T14:44:33Z" user="R438" uid="376715" lat="39.9933609" lon="116.2985937"/>
 <node id="2613011411" visible="true" version="3" changeset="130143211" timestamp="2022-12-16T07:47:11Z" user="cnvery" uid="3627342" lat="39.9959020" lon="116.3089361"/>
 <node id="2699333600" visible="true" version="2" changeset="118194882" timestamp="2022-03-07T12:06:31Z" user="喵耳引力波" uid="14836070" lat="39.9889315" lon="116.3099356"/>
 <node id="2753545735" visible="true" version="3" changeset="165403239" timestamp="2025-04-25T02:40:49Z" user="Hermi2025" uid="22718429" lat="39.9846259" lon="116.3107149"/>
 <node id="3361213663" visible="true" version="2" changeset="46577950" timestamp="2017-03-04T17:36:41Z" user="Алекс Мок" uid="4814295" lat="39.9409853" lon="116.3193330"/>
 <node id="3514617340" visible="true" version="2" changeset="172549805" timestamp="2025-09-28T02:43:00Z" user="Derek Ting" uid="21315816" lat="39.9843719" lon="116.3043108"/>
 <node id="3514617346" visible="true" version="2" changeset="172549805" timestamp="2025-09-28T02:43:00Z" user="Derek Ting" uid="21315816" lat="39.9845116" lon="116.3043069"/>
 <node id="4540501642" visible="true" version="2" changeset="131886379" timestamp="2023-01-30T15:38:57Z" user="vimacs_hacks" uid="13417651" lat="39.9849971" lon="116.2997309"/>
 <node id="5676070941" visible="true" version="2" changeset="131886379" timestamp="2023-01-30T15:38:57Z" user="vimacs_hacks" uid="13417651" lat="39.9852187" lon="116.3085729"/>
 <node id="5928859784" visible="true" version="2" changeset="95229525" timestamp="2020-12-03T13:29:32Z" user="shanhulittle" uid="11213533" lat="39.9970828" lon="116.3067154"/>
 <node id="5928860385" visible="true" version="1" changeset="62913253" timestamp="2018-09-25T13:08:46Z" user="a828245" uid="8582861" lat="39.9982402" lon="116.3059979"/>
 <node id="5928997759" visible="true" version="1" changeset="62915059" timestamp="2018-09-25T14:03:25Z" user="a828245" uid="8582861" lat="39.9864878" lon="116.3103413"/>
 <node id="5928997768" visible="true" version="2" changeset="118194882" timestamp="2022-03-07T12:06:31Z" user="喵耳引力波" uid="14836070" lat="39.9871333" lon="116.3100721"/>
 <node id="5928997771" visible="true" version="3" changeset="118195338" timestamp="2022-03-07T12:20:37Z" user="喵耳引力波" uid="14836070" lat="39.9864894" lon="116.3101131"/>
 <node id="6018578763" visible="true" version="2" changeset="172549805" timestamp="2025-09-28T02:43:00Z" user="Derek Ting" uid="21315816" lat="39.9850372" lon="116.3050922"/>
 <node id="6018578764" visible="true" version="2" changeset="172549805" timestamp="2025-09-28T02:43:00Z" user="Derek Ting" uid="21315816" lat="39.9845199" lon="116.3051198"/>
 <node id="6018578766" visible="true" version="2" changeset="172549805" timestamp="2025-09-28T02:43:00Z" user="Derek Ting" uid="21315816" lat="39.9843132" lon="116.3043162"/>
 <node id="6018578767" visible="true" version="1" changeset="63939865" timestamp="2018-10-28T00:45:46Z" user="a828245" uid="8582861" lat="39.9844721" lon="116.3088201"/>
 <node id="6018578768" visible="true" version="2" changeset="94703433" timestamp="2020-11-24T11:41:35Z" user="shanhulittle" uid="11213533" lat="39.9850796" lon="116.3088018"/>
 <node id="6018578769" visible="true" version="3" changeset="131886379" timestamp="2023-01-30T15:38:57Z" user="vimacs_hacks" uid="13417651" lat="39.9851228" lon="116.3041961"/>
 <node id="6018578781" visible="true" version="5" changeset="130362111" timestamp="2022-12-22T08:04:41Z" user="cnvery" uid="3627342" lat="39.9887974" lon="116.3094367">
  <tag k="access" v="permissive"/>
  <tag k="barrier" v="border_control"/>
  <tag k="name" v="东南门"/>
  <tag k="name:zh" v="东南门"/>
  <tag k="name:zh-Hans" v="东南门"/>
  <tag k="name:zh-Hant" v="東南門"/>
 </node>
 <node id="6362529714" visible="true" version="3" changeset="94679182" timestamp="2020-11-24T05:55:46Z" user="shanhulittle" uid="11213533" lat="39.9956608" lon="116.2983977"/>
 <node id="6621483714" visible="true" version="1" changeset="72325980" timestamp="2019-07-16T23:36:19Z" user="Diego Sanguinetti" uid="309382" lat="39.9747188" lon="116.3116313">
  <tag k="name" v="海淀黄庄"/>
  <tag k="name:en" v="Haidian Huangzhuang"/>
  <tag k="name:zh" v="海淀黄庄"/>
  <tag k="public_transport" v="stop_position"/>
  <tag k="railway" v="stop"/>
  <tag k="subway" v="yes"/>
 </node>
 <node id="8045257659" visible="true" version="1" changeset="93031597" timestamp="2020-10-25T23:02:33Z" user="NotInNebraska" uid="3854013" lat="39.9853282" lon="116.3091612"/>
 <node id="8045257660" visible="true" version="1" changeset="93031597" timestamp="2020-10-25T23:02:33Z" user="NotInNebraska" uid="3854013" lat="39.9929106" lon="116.3091399"/>
 <node id="8045257661" visible="true" version="2" changeset="93037863" timestamp="2020-10-26T04:49:42Z" user="shanhulittle" uid="11213533" lat="39.9963362" lon="116.3013332"/>
 <node id="8046193925" visible="true" version="1" changeset="93037863" timestamp="2020-10-26T04:49:42Z" user="shanhulittle" uid="11213533" lat="39.9962501" lon="116.3011623"/>
 <node id="8046193927" visible="true" version="1" changeset="93037863" timestamp="2020-10-26T04:49:42Z" user="shanhulittle" uid="11213533" lat="39.9975695" lon="116.3028049"/>
 <node id="8046193929" visible="true" version="2" changeset="111018585" timestamp="2021-09-10T11:03:56Z" user="北巷猫眠" uid="1915680" lat="39.9980165" lon="116.3087845"/>
 <node id="8134204721" visible="true" version="1" changeset="94345857" timestamp="2020-11-18T09:23:14Z" user="shanhulittle" uid="11213533" lat="39.9982346" lon="116.3056759"/>
 <node id="8156964586" visible="true" version="1" changeset="94679182" timestamp="2020-11-24T05:55:46Z" user="shanhulittle" uid="11213533" lat="39.9933919" lon="116.2985916"/>
 <node id="8156964587" visible="true" version="1" changeset="94679182" timestamp="2020-11-24T05:55:46Z" user="shanhulittle" uid="11213533" lat="39.9933893" lon="116.2984734"/>
 <node id="8156964588" visible="true" version="1" changeset="94679182" timestamp="2020-11-24T05:55:46Z" user="shanhulittle" uid="11213533" lat="39.9931592" lon="116.2985974"/>
 <node id="8156964589" visible="true" version="1" changeset="94679182" timestamp="2020-11-24T05:55:46Z" user="shanhulittle" uid="11213533" lat="39.9931543" lon="116.2984634"/>
 <node id="8156964590" visible="true" version="1" changeset="94679182" timestamp="2020-11-24T05:55:46Z" user="shanhulittle" uid="11213533" lat="39.9925911" lon="116.2985240"/>
 <node id="8156964591" visible="true" version="1" changeset="94679182" timestamp="2020-11-24T05:55:46Z" user="shanhulittle" uid="11213533" lat="39.9921532" lon="116.2985814"/>
 <node id="8156964592" visible="true" version="1" changeset="94679182" timestamp="2020-11-24T05:55:46Z" user="shanhulittle" uid="11213533" lat="39.9917341" lon="116.2986337"/>
 <node id="8156964650" visible="true" version="1" changeset="94679182" timestamp="2020-11-24T05:55:46Z" user="shanhulittle" uid="11213533" lat="39.9948007" lon="116.2984264"/>
 <node id="8156964651" visible="true" version="1" changeset="94679182" timestamp="2020-11-24T05:55:46Z" user="shanhulittle" uid="11213533" lat="39.9939562" lon="116.2984578"/>
 <node id="8190813901" visible="true" version="1" changeset="95229525" timestamp="2020-12-03T13:29:32Z" user="shanhulittle" uid="11213533" lat="39.9957638" lon="116.3069369"/>
 <node id="8563127977" visible="true" version="1" changeset="101777890" timestamp="2021-03-26T09:14:10Z" user="shanhulittle" uid="11213533" lat="39.9382873" lon="116.3654750"/>
 <node id="8563127978" visible="true" version="1" changeset="101777890" timestamp="2021-03-26T09:14:10Z" user="shanhulittle" uid="11213533" lat="39.9381415" lon="116.3656173"/>
 <node id="8563127979" visible="true" version="1" changeset="101777890" timestamp="2021-03-26T09:14:10Z" user="shanhulittle" uid="11213533" lat="39.9380423" lon="116.3657118"/>
 <node id="9079133640" visible="true" version="1" changeset="111018585" timestamp="2021-09-10T11:03:56Z" user="北巷猫眠" uid="1915680" lat="39.9928657" lon="116.3096933"/>
 <node id="9079133641" visible="true" version="1" changeset="111018585" timestamp="2021-09-10T11:03:56Z" user="北巷猫眠" uid="1915680" lat="39.9925267" lon="116.3096704"/>
 <node id="9331662212" visible="true" version="2" changeset="118194882" timestamp="2022-03-07T12:06:31Z" user="喵耳引力波" uid="14836070" lat="39.9905984" lon="116.3099254">
  <tag k="highway" v="traffic_signals"/>
  <tag k="traffic_signals" v="signal"/>
 </node>
 <node id="9331662213" visible="true" version="1" changeset="114841687" timestamp="2021-12-12T10:35:50Z" user="StarTrailer" uid="7134367" lat="39.9909692" lon="116.3094667">
  <tag k="highway" v="traffic_signals"/>
  <tag k="traffic_signals" v="signal"/>
 </node>
 <node id="9560278192" visible="true" version="2" changeset="118194566" timestamp="2022-03-07T11:57:10Z" user="喵耳引力波" uid="14836070" lat="39.9889439" lon="116.3096684"/>
 <node id="9560278193" visible="true" version="2" changeset="118194566" timestamp="2022-03-07T11:57:10Z" user="喵耳引力波" uid="14836070" lat="39.9880621" lon="116.3097675"/>
 <node id="9560278194" visible="true" version="2" changeset="118194566" timestamp="2022-03-07T11:57:10Z" user="喵耳引力波" uid="14836070" lat="39.9868417" lon="116.3098602"/>
 <node id="9560278195" visible="true" version="2" changeset="118194566" timestamp="2022-03-07T11:57:10Z" user="喵耳引力波" uid="14836070" lat="39.9861278" lon="116.3099165"/>
 <node id="9560278196" visible="true" version="2" changeset="118194882" timestamp="2022-03-07T12:06:31Z" user="喵耳引力波" uid="14836070" lat="39.9854625" lon="116.3099844"/>
 <node id="9560278197" visible="true" version="2" changeset="118194882" timestamp="2022-03-07T12:06:31Z" user="喵耳引力波" uid="14836070" lat="39.9854008" lon="116.3099874"/>
 <node id="9560278199" visible="true" version="2" changeset="118194882" timestamp="2022-03-07T12:06:31Z" user="喵耳引力波" uid="14836070" lat="39.9851566" lon="116.3100513">
  <tag k="noexit" v="yes"/>
 </node>
 <node id="9560278200" visible="true" version="2" changeset="118194882" timestamp="2022-03-07T12:06:31Z" user="喵耳引力波" uid="14836070" lat="39.9846841" lon="116.3100794">
  <tag k="noexit" v="yes"/>
 </node>
 <node id="9560278201" visible="true" version="3" changeset="118195338" timestamp="2022-03-07T12:20:37Z" user="喵耳引力波" uid="14836070" lat="39.9851218" lon="116.3098983"/>
 <node id="9560278202" visible="true" version="1" changeset="118194110" timestamp="2022-03-07T11:43:28Z" user="喵耳引力波" uid="14836070" lat="39.9853071" lon="116.3099847"/>
 <node id="9560278203" visible="true" version="5" changeset="118195572" timestamp="2022-03-07T12:27:26Z" user="喵耳引力波" uid="14836070" lat="39.9844368" lon="116.3098631"/>
 <node id="9560281034" visible="true" version="4" changeset="165403239" timestamp="2025-04-25T02:40:49Z" user="Hermi2025" uid="22718429" lat="39.9845158" lon="116.3102621">
  <tag k="highway" v="crossing"/>
 </node>
 <node id="9560281035" visible="true" version="4" changeset="165403239" timestamp="2025-04-25T02:40:49Z" user="Hermi2025" uid="22718429" lat="39.9845116" lon="116.3101491">
  <tag k="highway" v="crossing"/>
 </node>
 <node id="9560281036" visible="true" version="5" changeset="165403239" timestamp="2025-04-25T02:40:49Z" user="Hermi2025" uid="22718429" lat="39.9845028" lon="116.3099104">
  <tag k="highway" v="crossing"/>
 </node>
 <node id="9560281037" visible="true" version="5" changeset="165403239" timestamp="2025-04-25T02:40:49Z" user="Hermi2025" uid="22718429" lat="39.9845068" lon="116.3100170">
  <tag k="highway" v="crossing"/>
 </node>
 <node id="9560281038" visible="true" version="4" changeset="118195338" timestamp="2022-03-07T12:20:37Z" user="喵耳引力波" uid="14836070" lat="39.9846725" lon="116.3098992">
  <tag k="highway" v="traffic_signals"/>
 </node>
 <node id="9560319267" visible="true" version="3" changeset="118195039" timestamp="2022-03-07T12:11:22Z" user="喵耳引力波" uid="14836070" lat="39.9843857" lon="116.3103751"/>
 <node id="9560319268" visible="true" version="2" changeset="118195338" timestamp="2022-03-07T12:20:37Z" user="喵耳引力波" uid="14836070" lat="39.9854537" lon="116.3102967"/>
 <node id="9560319269" visible="true" version="1" changeset="118194566" timestamp="2022-03-07T11:57:10Z" user="喵耳引力波" uid="14836070" lat="39.9857602" lon="116.3102775"/>
 <node id="9560319270" visible="true" version="2" changeset="118194882" timestamp="2022-03-07T12:06:31Z" user="喵耳引力波" uid="14836070" lat="39.9864871" lon="116.3102087"/>
 <node id="9560319271" visible="true" version="1" changeset="118194566" timestamp="2022-03-07T11:57:10Z" user="喵耳引力波" uid="14836070" lat="39.9888092" lon="116.3097104"/>
 <node id="9560319289" visible="true" version="1" changeset="118194566" timestamp="2022-03-07T11:57:10Z" user="喵耳引力波" uid="14836070" lat="39.9856424" lon="116.3098900"/>
 <node id="9560319290" visible="true" version="1" changeset="118194566" timestamp="2022-03-07T11:57:10Z" user="喵耳引力波" uid="14836070" lat="39.9854228" lon="116.3104026"/>
 <node id="9560319291" visible="true" version="1" changeset="118194566" timestamp="2022-03-07T11:57:10Z" user="喵耳引力波" uid="14836070" lat="39.9855420" lon="116.3103549"/>
 <node id="9560319292" visible="true" version="1" changeset="118194566" timestamp="2022-03-07T11:57:10Z" user="喵耳引力波" uid="14836070" lat="39.9860799" lon="116.3102978"/>
 <node id="9560319295" visible="true" version="1" changeset="118194566" timestamp="2022-03-07T11:57:10Z" user="喵耳引力波" uid="14836070" lat="39.9864912" lon="116.3102647"/>
 <node id="9560337239" visible="true" version="1" changeset="118194882" timestamp="2022-03-07T12:06:31Z" user="喵耳引力波" uid="14836070" lat="39.9889348" lon="116.3100102"/>
 <node id="9560337240" visible="true" version="1" changeset="118194882" timestamp="2022-03-07T12:06:31Z" user="喵耳引力波" uid="14836070" lat="39.9881159" lon="116.3100662"/>
 <node id="9560337242" visible="true" version="1" changeset="118194882" timestamp="2022-03-07T12:06:31Z" user="喵耳引力波" uid="14836070" lat="39.9871378" lon="116.3101518"/>
 <node id="9560337243" visible="true" version="1" changeset="118194882" timestamp="2022-03-07T12:06:31Z" user="喵耳引力波" uid="14836070" lat="39.9848269" lon="116.3104889"/>
 <node id="9560337244" visible="true" version="1" changeset="118194882" timestamp="2022-03-07T12:06:31Z" user="喵耳引力波" uid="14836070" lat="39.9846819" lon="116.3105948"/>
 <node id="9560337245" visible="true" version="1" changeset="118194882" timestamp="2022-03-07T12:06:31Z" user="喵耳引力波" uid="14836070" lat="39.9846094" lon="116.3107502"/>
 <node id="9560337246" visible="true" version="1" changeset="118194882" timestamp="2022-03-07T12:06:31Z" user="喵耳引力波" uid="14836070" lat="39.9846129" lon="116.3110588"/>
 <node id="9560337248" visible="true" version="1" changeset="118194882" timestamp="2022-03-07T12:06:31Z" user="喵耳引力波" uid="14836070" lat="39.9846786" lon="116.3101371">
  <tag k="highway" v="traffic_signals"/>
 </node>
 <node id="9560337250" visible="true" version="2" changeset="118195039" timestamp="2022-03-07T12:11:22Z" user="喵耳引力波" uid="14836070" lat="39.9843662" lon="116.3098657"/>
 <node id="9560348539" visible="true" version="3" changeset="118195572" timestamp="2022-03-07T12:27:26Z" user="喵耳引力波" uid="14836070" lat="39.9844530" lon="116.3103752"/>
 <node id="9560348542" visible="true" version="2" changeset="131886379" timestamp="2023-01-30T15:38:57Z" user="vimacs_hacks" uid="13417651" lat="39.9851729" lon="116.3097152"/>
 <node id="9560370192" visible="true" version="1" changeset="118195338" timestamp="2022-03-07T12:20:37Z" user="喵耳引力波" uid="14836070" lat="39.9850238" lon="116.3098774"/>
 <node id="9560370193" visible="true" version="1" changeset="118195338" timestamp="2022-03-07T12:20:37Z" user="喵耳引力波" uid="14836070" lat="39.9850127" lon="116.3098382"/>
 <node id="9560370197" visible="true" version="1" changeset="118195338" timestamp="2022-03-07T12:20:37Z" user="喵耳引力波" uid="14836070" lat="39.9847170" lon="116.3157338"/>
 <node id="9560372448" visible="true" version="1" changeset="118195572" timestamp="2022-03-07T12:27:26Z" user="喵耳引力波" uid="14836070" lat="39.9845198" lon="116.3103714"/>
 <node id="9864985714" visible="true" version="1" changeset="123171546" timestamp="2022-07-04T05:12:12Z" user="Nikolai E" uid="11658376" lat="39.9968540" lon="116.3018948"/>
 <node id="9864985715" visible="true" version="1" changeset="123171546" timestamp="2022-07-04T05:12:12Z" user="Nikolai E" uid="11658376" lat="39.9965626" lon="116.3015876"/>
 <node id="9911585839" visible="true" version="1" changeset="124092904" timestamp="2022-07-26T11:51:10Z" user="StarTrailer" uid="7134367" lat="39.9851767" lon="116.3098822">
  <tag k="highway" v="crossing"/>
 </node>
 <node id="9983440418" visible="true" version="2" changeset="147556031" timestamp="2024-02-17T04:09:30Z" user="hdThomas" uid="9010216" lat="39.9862519" lon="116.3102833">
  <tag k="bus" v="yes"/>
  <tag k="highway" v="bus_stop"/>
  <tag k="name" v="中关村北"/>
  <tag k="name:zh" v="中关村北"/>
  <tag k="public_transport" v="platform"/>
 </node>
 <node id="10030782325" visible="true" version="2" changeset="131886379" timestamp="2023-01-30T15:38:57Z" user="vimacs_hacks" uid="13417651" lat="39.9851654" lon="116.3057086"/>
 <node id="10076219762" visible="true" version="1" changeset="127025724" timestamp="2022-10-05T03:53:53Z" user="user_17232630" uid="17232630" lat="39.9857161" lon="116.3093521"/>
 <node id="10076219763" visible="true" version="1" changeset="127025724" timestamp="2022-10-05T03:53:53Z" user="user_17232630" uid="17232630" lat="39.9852691" lon="116.3093935"/>
 <node id="10076219764" visible="true" version="1" changeset="127025724" timestamp="2022-10-05T03:53:53Z" user="user_17232630" uid="17232630" lat="39.9852885" lon="116.3098856"/>
 <node id="10076219765" visible="true" version="1" changeset="127025724" timestamp="2022-10-05T03:53:53Z" user="user_17232630" uid="17232630" lat="39.9861037" lon="116.3098204"/>
 <node id="10076219766" visible="true" version="1" changeset="127025724" timestamp="2022-10-05T03:53:53Z" user="user_17232630" uid="17232630" lat="39.9857072" lon="116.3093790"/>
 <node id="10076453368" visible="true" version="2" changeset="127103382" timestamp="2022-10-06T13:17:15Z" user="user_17232630" uid="17232630" lat="39.9853151" lon="116.3085630">
  <tag k="barrier" v="border_control"/>
  <tag k="ref" v="资源楼出入口"/>
 </node>
 <node id="10079986093" visible="true" version="1" changeset="127103473" timestamp="2022-10-06T13:19:04Z" user="user_17232630" uid="17232630" lat="39.9863904" lon="116.3003518"/>
 <node id="10079986094" visible="true" version="1" changeset="127103473" timestamp="2022-10-06T13:19:04Z" user="user_17232630" uid="17232630" lat="39.9859230" lon="116.3003919"/>
 <node id="10079986095" visible="true" version="1" changeset="127103473" timestamp="2022-10-06T13:19:04Z" user="user_17232630" uid="17232630" lat="39.9852739" lon="116.3004436"/>
 <node id="10079986096" visible="true" version="1" changeset="127103473" timestamp="2022-10-06T13:19:04Z" user="user_17232630" uid="17232630" lat="39.9851610" lon="116.3004512"/>
 <node id="10079986097" visible="true" version="1" changeset="127103473" timestamp="2022-10-06T13:19:04Z" user="user_17232630" uid="17232630" lat="39.9851728" lon="116.3013176"/>
 <node id="10079986098" visible="true" version="1" changeset="127103473" timestamp="2022-10-06T13:19:04Z" user="user_17232630" uid="17232630" lat="39.9852016" lon="116.3028699"/>
 <node id="10079986099" visible="true" version="1" changeset="127103473" timestamp="2022-10-06T13:19:04Z" user="user_17232630" uid="17232630" lat="39.9852273" lon="116.3050552"/>
 <node id="10079986100" visible="true" version="1" changeset="127103473" timestamp="2022-10-06T13:19:04Z" user="user_17232630" uid="17232630" lat="39.9852371" lon="116.3053984"/>
 <node id="10079986101" visible="true" version="1" changeset="127103473" timestamp="2022-10-06T13:19:04Z" user="user_17232630" uid="17232630" lat="39.9852391" lon="116.3055145"/>
 <node id="10079986102" visible="true" version="1" changeset="127103473" timestamp="2022-10-06T13:19:04Z" user="user_17232630" uid="17232630" lat="39.9852668" lon="116.3070110"/>
 <node id="10079986103" visible="true" version="1" changeset="127103473" timestamp="2022-10-06T13:19:04Z" user="user_17232630" uid="17232630" lat="39.9852866" lon="116.3084971"/>
 <node id="10079986104" visible="true" version="1" changeset="127103473" timestamp="2022-10-06T13:19:04Z" user="user_17232630" uid="17232630" lat="39.9852905" lon="116.3086261"/>
 <node id="10079986105" visible="true" version="1" changeset="127103473" timestamp="2022-10-06T13:19:04Z" user="user_17232630" uid="17232630" lat="39.9853046" lon="116.3093923"/>
 <node id="10079986106" visible="true" version="2" changeset="136076098" timestamp="2023-05-14T08:42:08Z" user="user_18801446" uid="18801446" lat="39.9861307" lon="116.3096077">
  <tag k="barrier" v="border_control"/>
 </node>
 <node id="10079986108" visible="true" version="1" changeset="127103473" timestamp="2022-10-06T13:19:04Z" user="user_17232630" uid="17232630" lat="39.9878347" lon="116.3095240"/>
 <node id="10079986109" visible="true" version="1" changeset="127103473" timestamp="2022-10-06T13:19:04Z" user="user_17232630" uid="17232630" lat="39.9879948" lon="116.3095240"/>
 <node id="10079986111" visible="true" version="1" changeset="127103473" timestamp="2022-10-06T13:19:04Z" user="user_17232630" uid="17232630" lat="39.9887223" lon="116.3094698"/>
 <node id="10079986112" visible="true" version="1" changeset="127103473" timestamp="2022-10-06T13:19:04Z" user="user_17232630" uid="17232630" lat="39.9888646" lon="116.3094595"/>
 <node id="10079986115" visible="true" version="3" changeset="136419385" timestamp="2023-05-22T15:13:38Z" user="快乐的老鼠宝宝" uid="9403945" lat="39.9906958" lon="116.3092952"/>
 <node id="10079986116" visible="true" version="1" changeset="127103473" timestamp="2022-10-06T13:19:04Z" user="user_17232630" uid="17232630" lat="39.9907323" lon="116.3093135"/>
 <node id="10080038150" visible="true" version="1" changeset="127103382" timestamp="2022-10-06T13:17:15Z" user="user_17232630" uid="17232630" lat="39.9931822" lon="116.2985970"/>
 <node id="10080038163" visible="true" version="1" changeset="127103382" timestamp="2022-10-06T13:17:15Z" user="user_17232630" uid="17232630" lat="39.9978738" lon="116.3038116"/>
 <node id="10080038165" visible="true" version="1" changeset="127103382" timestamp="2022-10-06T13:17:15Z" user="user_17232630" uid="17232630" lat="39.9982373" lon="116.3058293"/>
 <node id="10594393650" visible="true" version="1" changeset="131886379" timestamp="2023-01-30T15:38:57Z" user="vimacs_hacks" uid="13417651" lat="39.9851819" lon="116.3063195">
  <tag k="highway" v="crossing"/>
 </node>
 <node id="10729924621" visible="true" version="2" changeset="134164030" timestamp="2023-03-27T07:47:49Z" user="user_18801446" uid="18801446" lat="39.9867679" lon="116.3095553">
  <tag k="barrier" v="border_control"/>
  <tag k="name" v="邱门"/>
  <tag k="name:en" v="Khoo Teck Puat Gate"/>
 </node>
 <node id="10729924623" visible="true" version="2" changeset="134164030" timestamp="2023-03-27T07:47:49Z" user="user_18801446" uid="18801446" lat="39.9867699" lon="116.3098657"/>
 <node id="10729924626" visible="true" version="1" changeset="133587608" timestamp="2023-03-12T14:09:23Z" user="user_18549451" uid="18549451" lat="39.9867680" lon="116.3094805"/>
 <node id="10729924627" visible="true" version="1" changeset="133587608" timestamp="2023-03-12T14:09:23Z" user="user_18549451" uid="18549451" lat="39.9861434" lon="116.3095042"/>
 <node id="10729924628" visible="true" version="1" changeset="133587608" timestamp="2023-03-12T14:09:23Z" user="user_18549451" uid="18549451" lat="39.9856757" lon="116.3091543"/>
 <node id="10729924629" visible="true" version="1" changeset="133587608" timestamp="2023-03-12T14:09:23Z" user="user_18549451" uid="18549451" lat="39.9854427" lon="116.3090927"/>
 <node id="10729924630" visible="true" version="1" changeset="133587608" timestamp="2023-03-12T14:09:23Z" user="user_18549451" uid="18549451" lat="39.9854197" lon="116.3085539"/>
 <node id="10765492944" visible="true" version="1" changeset="134164030" timestamp="2023-03-27T07:47:49Z" user="user_18801446" uid="18801446" lat="39.9867736" lon="116.3099724"/>
 <node id="10765492956" visible="true" version="1" changeset="134164030" timestamp="2023-03-27T07:47:49Z" user="user_18801446" uid="18801446" lat="39.9863672" lon="116.2996672"/>
 <node id="10765492957" visible="true" version="1" changeset="134164030" timestamp="2023-03-27T07:47:49Z" user="user_18801446" uid="18801446" lat="39.9863923" lon="116.2995292"/>
 <node id="10768889216" visible="true" version="1" changeset="134223564" timestamp="2023-03-28T14:34:49Z" user="user_18801446" uid="18801446" lat="39.9850552" lon="116.3065973">
  <tag k="barrier" v="gate"/>
 </node>
 <node id="10798288367" visible="true" version="2" changeset="136076098" timestamp="2023-05-14T08:42:08Z" user="user_18801446" uid="18801446" lat="39.9851962" lon="116.3025827">
  <tag k="barrier" v="border_control"/>
 </node>
 <node id="10798288368" visible="true" version="2" changeset="156090519" timestamp="2024-09-02T10:15:46Z" user="Richard Billyham" uid="21767964" lat="39.9850805" lon="116.3095696"/>
 <node id="10798288369" visible="true" version="3" changeset="172549805" timestamp="2025-09-28T02:43:00Z" user="Derek Ting" uid="21315816" lat="39.9845988" lon="116.3095913"/>
 <node id="10798288371" visible="true" version="3" changeset="172549805" timestamp="2025-09-28T02:43:00Z" user="Derek Ting" uid="21315816" lat="39.9845795" lon="116.3091368"/>
 <node id="10798288372" visible="true" version="2" changeset="156090519" timestamp="2024-09-02T10:15:46Z" user="Richard Billyham" uid="21767964" lat="39.9850702" lon="116.3091151"/>
 <node id="10895631008" visible="true" version="1" changeset="136076098" timestamp="2023-05-14T08:42:08Z" user="user_18801446" uid="18801446" lat="39.9861412" lon="116.3099154"/>
 <node id="10895631009" visible="true" version="1" changeset="136076098" timestamp="2023-05-14T08:42:08Z" user="user_18801446" uid="18801446" lat="39.9861212" lon="116.3094876"/>
 <node id="10895631010" visible="true" version="1" changeset="136076098" timestamp="2023-05-14T08:42:08Z" user="user_18801446" uid="18801446" lat="39.9850775" lon="116.3025878"/>
 <node id="10895631022" visible="true" version="1" changeset="136076098" timestamp="2023-05-14T08:42:08Z" user="user_18801446" uid="18801446" lat="39.9849871" lon="116.2996793"/>
 <node id="10919382339" visible="true" version="1" changeset="136419385" timestamp="2023-05-22T15:13:38Z" user="快乐的老鼠宝宝" uid="9403945" lat="39.9906744" lon="116.3095454"/>
 <node id="10919382345" visible="true" version="1" changeset="136419385" timestamp="2023-05-22T15:13:38Z" user="快乐的老鼠宝宝" uid="9403945" lat="39.9879364" lon="116.3097770"/>
 <node id="10919382346" visible="true" version="1" changeset="136419385" timestamp="2023-05-22T15:13:38Z" user="快乐的老鼠宝宝" uid="9403945" lat="39.9868598" lon="116.3095834"/>
 <node id="10919382347" visible="true" version="1" changeset="136419385" timestamp="2023-05-22T15:13:38Z" user="快乐的老鼠宝宝" uid="9403945" lat="39.9866939" lon="116.3095894"/>
 <node id="11066581272" visible="true" version="1" changeset="138977991" timestamp="2023-07-25T09:19:41Z" user="user_18801446" uid="18801446" lat="39.9865741" lon="116.3094879"/>
 <node id="11868131070" visible="true" version="1" changeset="150689025" timestamp="2024-04-30T05:20:06Z" user="快乐的老鼠宝宝" uid="9403945" lat="39.9926818" lon="116.3096996"/>
 <node id="12151317845" visible="true" version="1" changeset="156090519" timestamp="2024-09-02T10:15:46Z" user="Richard Billyham" uid="21767964" lat="39.9850653" lon="116.3088449"/>
 <node id="12151317846" visible="true" version="1" changeset="156090519" timestamp="2024-09-02T10:15:46Z" user="Richard Billyham" uid="21767964" lat="39.9848934" lon="116.3088515"/>
 <node id="12151317847" visible="true" version="1" changeset="156090519" timestamp="2024-09-02T10:15:46Z" user="Richard Billyham" uid="21767964" lat="39.9848989" lon="116.3090970"/>
 <node id="12151317848" visible="true" version="1" changeset="156090519" timestamp="2024-09-02T10:15:46Z" user="Richard Billyham" uid="21767964" lat="39.9850709" lon="116.3090904"/>
 <node id="12312458908" visible="true" version="1" changeset="158749495" timestamp="2024-11-04T17:11:02Z" user="meongseolin" uid="18160068" lat="39.9864591" lon="116.3095878"/>
 <node id="12312458909" visible="true" version="1" changeset="158749495" timestamp="2024-11-04T17:11:02Z" user="meongseolin" uid="18160068" lat="39.9863666" lon="116.3100645"/>
 <node id="12312458910" visible="true" version="1" changeset="158749495" timestamp="2024-11-04T17:11:02Z" user="meongseolin" uid="18160068" lat="39.9858981" lon="116.3101074"/>
 <node id="12312458911" visible="true" version="1" changeset="158749495" timestamp="2024-11-04T17:11:02Z" user="meongseolin" uid="18160068" lat="39.9841944" lon="116.3101503"/>
 <node id="12312458912" visible="true" version="1" changeset="158749495" timestamp="2024-11-04T17:11:02Z" user="meongseolin" uid="18160068" lat="39.9834052" lon="116.3102388"/>
 <node id="12312458913" visible="true" version="1" changeset="158749495" timestamp="2024-11-04T17:11:02Z" user="meongseolin" uid="18160068" lat="39.9827352" lon="116.3103864"/>
 <node id="12312458914" visible="true" version="1" changeset="158749495" timestamp="2024-11-04T17:11:02Z" user="meongseolin" uid="18160068" lat="39.9798270" lon="116.3106117"/>
 <node id="12312458915" visible="true" version="1" changeset="158749495" timestamp="2024-11-04T17:11:02Z" user="meongseolin" uid="18160068" lat="39.9794200" lon="116.3106787"/>
 <node id="12312458916" visible="true" version="1" changeset="158749495" timestamp="2024-11-04T17:11:02Z" user="meongseolin" uid="18160068" lat="39.9786287" lon="116.3107404"/>
 <node id="12312458917" visible="true" version="1" changeset="158749495" timestamp="2024-11-04T17:11:02Z" user="meongseolin" uid="18160068" lat="39.9774860" lon="116.3107350"/>
 <node id="12312458918" visible="true" version="1" changeset="158749495" timestamp="2024-11-04T17:11:02Z" user="meongseolin" uid="18160068" lat="39.9766987" lon="116.3108128"/>
 <node id="12312458919" visible="true" version="1" changeset="158749495" timestamp="2024-11-04T17:11:02Z" user="meongseolin" uid="18160068" lat="39.9755457" lon="116.3111803"/>
 <node id="12312458920" visible="true" version="1" changeset="158749495" timestamp="2024-11-04T17:11:02Z" user="meongseolin" uid="18160068" lat="39.9747297" lon="116.3114646"/>
 <node id="12312458921" visible="true" version="1" changeset="158749495" timestamp="2024-11-04T17:11:02Z" user="meongseolin" uid="18160068" lat="39.9742528" lon="116.3116363"/>
 <node id="12312458970" visible="true" version="1" changeset="158749495" timestamp="2024-11-04T17:11:02Z" user="meongseolin" uid="18160068" lat="39.9656357" lon="116.3151687"/>
 <node id="12312460630" visible="true" version="1" changeset="158749654" timestamp="2024-11-04T17:16:04Z" user="meongseolin" uid="18160068" lat="39.9864006" lon="116.3003677"/>
 <node id="12321005052" visible="true" version="1" changeset="158864291" timestamp="2024-11-07T16:55:22Z" user="meongseolin" uid="18160068" lat="39.9860867" lon="116.3095845"/>
 <node id="12406694743" visible="true" version="1" changeset="160083764" timestamp="2024-12-09T09:19:12Z" user="Richard Billyham" uid="21767964" lat="39.9609970" lon="116.3167928"/>
 <node id="12666489369" visible="true" version="1" changeset="163645221" timestamp="2025-03-15T10:41:27Z" user="phlinsia" uid="21973722" lat="39.9863147" lon="116.3103736"/>
 <node id="12666489370" visible="true" version="1" changeset="163645221" timestamp="2025-03-15T10:41:27Z" user="phlinsia" uid="21973722" lat="39.9863362" lon="116.3106978"/>
 <node id="12666489371" visible="true" version="1" changeset="163645221" timestamp="2025-03-15T10:41:27Z" user="phlinsia" uid="21973722" lat="39.9862812" lon="116.3107040"/>
 <node id="12666489372" visible="true" version="1" changeset="163645221" timestamp="2025-03-15T10:41:27Z" user="phlinsia" uid="21973722" lat="39.9863034" lon="116.3110404"/>
 <node id="12666489373" visible="true" version="1" changeset="163645221" timestamp="2025-03-15T10:41:27Z" user="phlinsia" uid="21973722" lat="39.9861210" lon="116.3110609"/>
 <node id="12666489374" visible="true" version="1" changeset="163645221" timestamp="2025-03-15T10:41:27Z" user="phlinsia" uid="21973722" lat="39.9860909" lon="116.3106063"/>
 <node id="12666489375" visible="true" version="1" changeset="163645221" timestamp="2025-03-15T10:41:27Z" user="phlinsia" uid="21973722" lat="39.9856843" lon="116.3106521"/>
 <node id="12666489376" visible="true" version="1" changeset="163645221" timestamp="2025-03-15T10:41:27Z" user="phlinsia" uid="21973722" lat="39.9857024" lon="116.3109259"/>
 <node id="12666489377" visible="true" version="1" changeset="163645221" timestamp="2025-03-15T10:41:27Z" user="phlinsia" uid="21973722" lat="39.9855617" lon="116.3109418"/>
 <node id="12666489378" visible="true" version="1" changeset="163645221" timestamp="2025-03-15T10:41:27Z" user="phlinsia" uid="21973722" lat="39.9855300" lon="116.3104621"/>
 <node id="12784989521" visible="true" version="1" changeset="165403239" timestamp="2025-04-25T02:40:49Z" user="Hermi2025" uid="22718429" lat="39.9846825" lon="116.3142670"/>
 <node id="13717924435" visible="true" version="1" changeset="181082255" timestamp="2026-04-09T07:23:57Z" user="Hermi2025" uid="22718429" lat="39.9853044" lon="116.3099422">
  <tag k="highway" v="crossing"/>
 </node>
 <node id="13717924436" visible="true" version="1" changeset="181082255" timestamp="2026-04-09T07:23:57Z" user="Hermi2025" uid="22718429" lat="39.9852563" lon="116.3086801"/>
 <way id="121778743" visible="true" version="21" changeset="151104120" timestamp="2024-05-09T14:43:59Z" user="Lepuse" uid="9560399">
  <nd ref="286387107"/>
  <nd ref="9560281034"/>
  <nd ref="1735344449"/>
  <nd ref="1735344456"/>
  <nd ref="5928997771"/>
  <nd ref="5928997768"/>
  <nd ref="1420940423"/>
  <nd ref="1571809722"/>
  <nd ref="2699333600"/>
  <nd ref="1767362176"/>
  <tag k="cycleway" v="lane"/>
  <tag k="highway" v="primary"/>
  <tag k="name" v="中关村北大街"/>
  <tag k="name:en" v="Zhongguancun North Street"/>
  <tag k="name:zh" v="中关村北大街"/>
  <tag k="name:zh-Hans" v="中关村北大街"/>
  <tag k="name:zh-Hant" v="中關村北大街"/>
  <tag k="name:zh-Latn-pinyin" v="Zhōngguāncūn běidàjiē"/>
  <tag k="oneway" v="yes"/>
 </way>
 <way id="121778744" visible="true" version="2" changeset="12151463" timestamp="2012-07-08T15:41:56Z" user="R438" uid="376715">
  <nd ref="1362276459"/>
  <nd ref="1362276473"/>
  <nd ref="1362276474"/>
  <nd ref="1362276472"/>
  <nd ref="1362276462"/>
  <nd ref="1362276463"/>
  <nd ref="1362276461"/>
  <nd ref="1362276458"/>
  <nd ref="1817781400"/>
  <nd ref="1817781401"/>
  <tag k="bridge" v="yes"/>
  <tag k="highway" v="footway"/>
  <tag k="layer" v="1"/>
 </way>
 <way id="121778750" visible="true" version="2" changeset="12151463" timestamp="2012-07-08T15:41:56Z" user="R438" uid="376715">
  <nd ref="1362276465"/>
  <nd ref="1362276463"/>
  <tag k="bridge" v="yes"/>
  <tag k="highway" v="steps"/>
  <tag k="layer" v="1"/>
 </way>
 <way id="136597110" visible="true" version="12" changeset="181082255" timestamp="2026-04-09T07:23:57Z" user="Hermi2025" uid="22718429">
  <nd ref="380743212"/>
  <nd ref="1771677086"/>
  <nd ref="2354655719"/>
  <nd ref="9331662213"/>
  <nd ref="1771677085"/>
  <nd ref="2354655261"/>
  <nd ref="10919382339"/>
  <nd ref="1771677084"/>
  <nd ref="9560278192"/>
  <nd ref="9560319271"/>
  <nd ref="9560278193"/>
  <nd ref="10919382345"/>
  <nd ref="9560278194"/>
  <nd ref="10729924623"/>
  <nd ref="10895631008"/>
  <nd ref="9560278195"/>
  <nd ref="9560278196"/>
  <nd ref="9560278197"/>
  <nd ref="13717924435"/>
  <nd ref="9911585839"/>
  <nd ref="2449589214"/>
  <nd ref="9560370193"/>
  <nd ref="1817818203"/>
  <nd ref="1771677075"/>
  <nd ref="9560278203"/>
  <nd ref="9560337250"/>
  <tag k="highway" v="cycleway"/>
  <tag k="oneway" v="yes"/>
 </way>
 <way id="136867396" visible="true" version="16" changeset="151104120" timestamp="2024-05-09T14:43:59Z" user="Lepuse" uid="9560399">
  <nd ref="286387102"/>
  <nd ref="1360097754"/>
  <nd ref="1771677082"/>
  <nd ref="380742350"/>
  <nd ref="1685831731"/>
  <nd ref="1420940420"/>
  <nd ref="10765492944"/>
  <nd ref="1735331376"/>
  <nd ref="380722048"/>
  <tag k="highway" v="primary"/>
  <tag k="name" v="中关村北大街"/>
  <tag k="name:en" v="Zhongguancun North Street"/>
  <tag k="name:zh" v="中关村北大街"/>
  <tag k="name:zh-Hans" v="中关村北大街"/>
  <tag k="name:zh-Hant" v="中關村北大街"/>
  <tag k="name:zh-Latn-pinyin" v="Zhōngguāncūn běidàjiē"/>
  <tag k="oneway" v="yes"/>
 </way>
 <way id="143832409" visible="true" version="8" changeset="151104120" timestamp="2024-05-09T14:43:59Z" user="Lepuse" uid="9560399">
  <nd ref="380722048"/>
  <nd ref="9560337248"/>
  <nd ref="9560281035"/>
  <nd ref="1573977364"/>
  <tag k="highway" v="unclassified"/>
  <tag k="name" v="中关村北大街"/>
  <tag k="name:en" v="Zhongguancun North Street"/>
  <tag k="name:zh-Latn-pinyin" v="Zhōngguāncūn běidàjiē"/>
  <tag k="oneway" v="yes"/>
  <tag k="surface" v="asphalt"/>
 </way>
 <way id="153322275" visible="true" version="2" changeset="28972741" timestamp="2015-02-20T08:37:18Z" user="Kartografiertier" uid="2461407">
  <nd ref="1660328652"/>
  <nd ref="1660328654"/>
  <tag k="colour" v="#008193"/>
  <tag k="electrified" v="rail"/>
  <tag k="frequency" v="0"/>
  <tag k="gauge" v="1435"/>
  <tag k="layer" v="-4"/>
  <tag k="railway" v="subway"/>
  <tag k="tunnel" v="yes"/>
  <tag k="voltage" v="750"/>
 </way>
 <way id="153322276" visible="true" version="2" changeset="28972741" timestamp="2015-02-20T08:37:18Z" user="Kartografiertier" uid="2461407">
  <nd ref="528913889"/>
  <nd ref="1660328647"/>
  <nd ref="1660328650"/>
  <nd ref="1660328652"/>
  <nd ref="1660328653"/>
  <tag k="colour" v="#008193"/>
  <tag k="electrified" v="rail"/>
  <tag k="frequency" v="0"/>
  <tag k="gauge" v="1435"/>
  <tag k="layer" v="-4"/>
  <tag k="railway" v="subway"/>
  <tag k="tunnel" v="yes"/>
  <tag k="voltage" v="750"/>
 </way>
 <way id="154870235" visible="true" version="20" changeset="180444220" timestamp="2026-03-26T09:27:13Z" user="rza31" uid="2137840">
  <nd ref="1660324147"/>
  <nd ref="1660324132"/>
  <nd ref="1660324158"/>
  <nd ref="1660324160"/>
  <nd ref="1660324139"/>
  <nd ref="1660324135"/>
  <nd ref="1680199628"/>
  <nd ref="1680199640"/>
  <nd ref="1660324182"/>
  <nd ref="1660324184"/>
  <nd ref="1660324188"/>
  <nd ref="1660324190"/>
  <nd ref="8563127979"/>
  <nd ref="8563127978"/>
  <nd ref="8563127977"/>
  <nd ref="1660324191"/>
  <nd ref="1660324193"/>
  <nd ref="1660324197"/>
  <nd ref="1660324205"/>
  <nd ref="1660324212"/>
  <nd ref="1660324216"/>
  <nd ref="1660324214"/>
  <nd ref="1680199689"/>
  <nd ref="1660324198"/>
  <nd ref="1364282639"/>
  <nd ref="1364282601"/>
  <nd ref="1364282637"/>
  <nd ref="1364282635"/>
  <nd ref="1364282633"/>
  <nd ref="1364282628"/>
  <nd ref="1752454502"/>
  <nd ref="1364282627"/>
  <nd ref="1364282625"/>
  <nd ref="1364282621"/>
  <nd ref="1364282615"/>
  <nd ref="1364282614"/>
  <nd ref="1680199646"/>
  <nd ref="1364282596"/>
  <nd ref="1364282606"/>
  <nd ref="1364282607"/>
  <nd ref="1364282612"/>
  <nd ref="1364282613"/>
  <nd ref="1364282617"/>
  <nd ref="1364282620"/>
  <nd ref="1364282622"/>
  <nd ref="1364282624"/>
  <nd ref="1364282626"/>
  <nd ref="1364282629"/>
  <nd ref="1364282640"/>
  <nd ref="3361213663"/>
  <nd ref="1364282644"/>
  <nd ref="1364282599"/>
  <nd ref="1364282657"/>
  <nd ref="1680199701"/>
  <nd ref="1364282662"/>
  <nd ref="1364282667"/>
  <nd ref="1364282674"/>
  <nd ref="1364282703"/>
  <nd ref="1364282681"/>
  <nd ref="12406694743"/>
  <nd ref="1364282688"/>
  <nd ref="1920305740"/>
  <nd ref="1364282689"/>
  <nd ref="1364282691"/>
  <nd ref="1364282600"/>
  <nd ref="1364282696"/>
  <nd ref="1680199703"/>
  <nd ref="1920305742"/>
  <nd ref="1920305746"/>
  <nd ref="1362276345"/>
  <nd ref="6621483714"/>
  <nd ref="1362276365"/>
  <nd ref="1362276367"/>
  <nd ref="1362276369"/>
  <nd ref="1362276370"/>
  <nd ref="1362276415"/>
  <nd ref="1362276541"/>
  <nd ref="1362276449"/>
  <nd ref="1660328644"/>
  <nd ref="1660328654"/>
  <nd ref="1362276491"/>
  <nd ref="1362276343"/>
  <nd ref="1362276510"/>
  <nd ref="9079133641"/>
  <nd ref="9079133640"/>
  <nd ref="1362276513"/>
  <nd ref="1362276515"/>
  <nd ref="1362276517"/>
  <nd ref="1362276521"/>
  <nd ref="1362276523"/>
  <nd ref="1362276524"/>
  <nd ref="8046193929"/>
  <nd ref="1362276526"/>
  <nd ref="1362276528"/>
  <nd ref="1362276534"/>
  <nd ref="1362276535"/>
  <nd ref="1362276540"/>
  <nd ref="1362276537"/>
  <nd ref="1362259054"/>
  <nd ref="1362259024"/>
  <nd ref="1362259049"/>
  <nd ref="1362259045"/>
  <nd ref="1362259043"/>
  <nd ref="1362259037"/>
  <nd ref="1362259035"/>
  <nd ref="1362259034"/>
  <nd ref="1362259029"/>
  <nd ref="1423042612"/>
  <nd ref="1362259025"/>
  <nd ref="1362259026"/>
  <nd ref="1362259027"/>
  <nd ref="1362259031"/>
  <nd ref="1362259041"/>
  <nd ref="1362259062"/>
  <nd ref="1362259064"/>
  <nd ref="1362259066"/>
  <nd ref="1362259067"/>
  <nd ref="1362259110"/>
  <nd ref="1362259074"/>
  <nd ref="1423042927"/>
  <nd ref="1362259075"/>
  <nd ref="1362259077"/>
  <nd ref="1362259078"/>
  <nd ref="1362259079"/>
  <nd ref="1362259080"/>
  <tag k="colour" v="#008193"/>
  <tag k="electrified" v="rail"/>
  <tag k="frequency" v="0"/>
  <tag k="gauge" v="1435"/>
  <tag k="layer" v="-4"/>
  <tag k="name" v="北京地铁4号线"/>
  <tag k="name:en" v="Beijing Subway Line 4"/>
  <tag k="name:zh" v="北京地铁4号线"/>
  <tag k="name:zh-Hans" v="北京地铁4号线"/>
  <tag k="name:zh-Hant" v="北京地鐵4號線"/>
  <tag k="railway" v="subway"/>
  <tag k="tunnel" v="yes"/>
  <tag k="voltage" v="750"/>
  <tag k="wikidata" v="Q304264"/>
  <tag k="wikipedia" v="en:Line 4 (Beijing Subway)"/>
 </way>
 <way id="163822320" visible="true" version="9" changeset="151104120" timestamp="2024-05-09T14:43:59Z" user="Lepuse" uid="9560399">
  <nd ref="1573977371"/>
  <nd ref="9560278201"/>
  <nd ref="9560370192"/>
  <nd ref="9560281038"/>
  <nd ref="9560281036"/>
  <nd ref="1573977359"/>
  <tag k="highway" v="unclassified"/>
  <tag k="name" v="中关村北大街"/>
  <tag k="name:en" v="Zhongguancun North Street"/>
  <tag k="name:zh-Latn-pinyin" v="Zhōngguāncūn běidàjiē"/>
  <tag k="oneway" v="yes"/>
  <tag k="surface" v="asphalt"/>
 </way>
 <way id="170473547" visible="true" version="6" changeset="151104120" timestamp="2024-05-09T14:43:59Z" user="Lepuse" uid="9560399">
  <nd ref="380722048"/>
  <nd ref="9560278202"/>
  <nd ref="1817818205"/>
  <nd ref="9560281037"/>
  <nd ref="286387105"/>
  <tag k="highway" v="primary"/>
  <tag k="name" v="中关村北大街"/>
  <tag k="name:en" v="Zhongguancun North Street"/>
  <tag k="name:zh-Latn-pinyin" v="Zhōngguāncūn běidàjiē"/>
  <tag k="oneway" v="yes"/>
  <tag k="surface" v="asphalt"/>
 </way>
 <way id="170610232" visible="true" version="1" changeset="12151463" timestamp="2012-07-08T15:41:55Z" user="R438" uid="376715">
  <nd ref="1362276462"/>
  <nd ref="1362276460"/>
  <tag k="bridge" v="yes"/>
  <tag k="highway" v="steps"/>
  <tag k="layer" v="1"/>
 </way>
 <way id="170613314" visible="true" version="6" changeset="165403239" timestamp="2025-04-25T02:40:49Z" user="Hermi2025" uid="22718429">
  <nd ref="9560319295"/>
  <nd ref="9560319292"/>
  <nd ref="9560319291"/>
  <nd ref="9560319290"/>
  <nd ref="9560337243"/>
  <nd ref="9560337244"/>
  <nd ref="2753545735"/>
  <nd ref="9560337245"/>
  <nd ref="9560337246"/>
  <nd ref="1817818216"/>
  <nd ref="1817818217"/>
  <nd ref="1817818218"/>
  <nd ref="1817818219"/>
  <nd ref="1817818220"/>
  <nd ref="12784989521"/>
  <nd ref="1817818221"/>
  <nd ref="9560370197"/>
  <tag k="footway" v="sidewalk"/>
  <tag k="highway" v="footway"/>
 </way>
 <way id="177353873" visible="true" version="18" changeset="181082255" timestamp="2026-04-09T07:23:57Z" user="Hermi2025" uid="22718429">
  <nd ref="380720703"/>
  <nd ref="10895631022"/>
  <nd ref="4540501642"/>
  <nd ref="1765070612"/>
  <nd ref="10895631010"/>
  <nd ref="6018578769"/>
  <nd ref="380721978"/>
  <nd ref="10030782325"/>
  <nd ref="10594393650"/>
  <nd ref="1765070609"/>
  <nd ref="380722038"/>
  <nd ref="2449583385"/>
  <nd ref="5676070941"/>
  <nd ref="9560348542"/>
  <nd ref="9911585839"/>
  <nd ref="1573977371"/>
  <tag k="cycleway" v="lane"/>
  <tag k="highway" v="tertiary"/>
  <tag k="name" v="海淀路"/>
  <tag k="name:en" v="Haidian Road"/>
  <tag k="name:zh" v="海淀路"/>
  <tag k="oneway" v="no"/>
 </way>
 <way id="240825554" visible="true" version="3" changeset="130362722" timestamp="2022-12-22T08:21:10Z" user="cnvery" uid="3627342">
  <nd ref="2485149888"/>
  <nd ref="2485149889"/>
  <nd ref="2485149891"/>
  <nd ref="2485149893"/>
  <nd ref="2485149895"/>
  <nd ref="2485149897"/>
  <nd ref="2485149898"/>
  <nd ref="2485149900"/>
  <nd ref="2485149888"/>
  <tag k="building" v="university"/>
  <tag k="name" v="王克桢楼"/>
  <tag k="name:en" v="Wang Ko Chiang Building"/>
  <tag k="name:zh" v="王克桢楼"/>
  <tag k="name:zh-Hans" v="王克桢楼"/>
  <tag k="name:zh-Hant" v="王克楨樓"/>
  <tag k="operator" v="北京大学"/>
  <tag k="smoking" v="no"/>
  <tag k="wheelchair" v="yes"/>
 </way>
 <way id="638620287" visible="true" version="6" changeset="172549805" timestamp="2025-09-28T02:43:00Z" user="Derek Ting" uid="21315816">
  <nd ref="6018578763"/>
  <nd ref="6018578764"/>
  <nd ref="3514617346"/>
  <nd ref="3514617340"/>
  <nd ref="6018578766"/>
  <nd ref="6018578767"/>
  <nd ref="6018578768"/>
  <nd ref="10768889216"/>
  <nd ref="6018578763"/>
  <tag k="landuse" v="residential"/>
  <tag k="name" v="海淀路社区"/>
  <tag k="name:zh" v="海淀路社区"/>
  <tag k="name:zh-Hans" v="海淀路社区"/>
  <tag k="name:zh-Hant" v="海淀路社區"/>
  <tag k="residential" v="apartments"/>
 </way>
 <way id="1037958204" visible="true" version="1" changeset="118194110" timestamp="2022-03-07T11:43:28Z" user="喵耳引力波" uid="14836070">
  <nd ref="9560278200"/>
  <nd ref="9560278199"/>
  <tag k="highway" v="footway"/>
  <tag k="oneway" v="yes"/>
 </way>
 <way id="1037958205" visible="true" version="3" changeset="151104120" timestamp="2024-05-09T14:44:27Z" user="Lepuse" uid="9560399">
  <nd ref="9560278202"/>
  <nd ref="1573977371"/>
  <tag k="cycleway" v="lane"/>
  <tag k="highway" v="unclassified"/>
  <tag k="name" v="中关村北大街"/>
  <tag k="name:en" v="Zhongguancun North Street"/>
  <tag k="name:zh-Latn-pinyin" v="Zhōngguāncūn běidàjiē"/>
  <tag k="oneway" v="yes"/>
  <tag k="surface" v="asphalt"/>
 </way>
 <way id="1037961729" visible="true" version="1" changeset="118194566" timestamp="2022-03-07T11:57:10Z" user="喵耳引力波" uid="14836070">
  <nd ref="9560319289"/>
  <nd ref="1362276460"/>
  <nd ref="1362276459"/>
  <tag k="highway" v="footway"/>
 </way>
 <way id="1037963657" visible="true" version="4" changeset="150689025" timestamp="2024-04-30T05:20:06Z" user="快乐的老鼠宝宝" uid="9403945">
  <nd ref="9560319267"/>
  <nd ref="9560348539"/>
  <nd ref="9560372448"/>
  <nd ref="9560319268"/>
  <nd ref="9560319269"/>
  <nd ref="9560319270"/>
  <nd ref="9560337242"/>
  <nd ref="9560337240"/>
  <nd ref="9560337239"/>
  <nd ref="1767362180"/>
  <nd ref="9331662212"/>
  <nd ref="1767362182"/>
  <nd ref="1767362186"/>
  <nd ref="1767362189"/>
  <nd ref="1767362197"/>
  <nd ref="1767362198"/>
  <nd ref="11868131070"/>
  <nd ref="1732782039"/>
  <tag k="highway" v="cycleway"/>
  <tag k="oneway" v="yes"/>
 </way>
 <way id="1100981091" visible="true" version="2" changeset="127103473" timestamp="2022-10-06T13:19:04Z" user="user_17232630" uid="17232630">
  <nd ref="10076219763"/>
  <nd ref="10076219764"/>
  <nd ref="10076219765"/>
  <nd ref="2485223058"/>
  <nd ref="10076219766"/>
  <nd ref="10079986105"/>
  <nd ref="10076219763"/>
  <tag k="leisure" v="garden"/>
 </way>
 <way id="1101490381" visible="true" version="6" changeset="136419385" timestamp="2023-05-22T15:13:38Z" user="快乐的老鼠宝宝" uid="9403945">
  <nd ref="10765492956"/>
  <nd ref="10079986093"/>
  <nd ref="10079986094"/>
  <nd ref="10079986095"/>
  <nd ref="10079986096"/>
  <nd ref="10079986097"/>
  <nd ref="10798288367"/>
  <nd ref="10079986098"/>
  <nd ref="10079986099"/>
  <nd ref="10079986100"/>
  <nd ref="380722026"/>
  <nd ref="10079986101"/>
  <nd ref="10079986102"/>
  <nd ref="10079986103"/>
  <nd ref="10076453368"/>
  <nd ref="10079986104"/>
  <nd ref="10079986105"/>
  <nd ref="10076219766"/>
  <nd ref="2485223058"/>
  <nd ref="10079986106"/>
  <nd ref="10919382347"/>
  <tag k="barrier" v="wall"/>
 </way>
 <way id="1153752219" visible="true" version="4" changeset="138977991" timestamp="2023-07-25T09:19:41Z" user="user_18801446" uid="18801446">
  <nd ref="10729924626"/>
  <nd ref="11066581272"/>
  <nd ref="10729924627"/>
  <nd ref="10895631009"/>
  <nd ref="10729924628"/>
  <nd ref="10729924629"/>
  <nd ref="10729924630"/>
  <tag k="highway" v="path"/>
 </way>
 <way id="1160970986" visible="true" version="2" changeset="156090519" timestamp="2024-09-02T10:15:46Z" user="Richard Billyham" uid="21767964">
  <nd ref="10798288368"/>
  <nd ref="10798288369"/>
  <nd ref="10798288371"/>
  <nd ref="10798288372"/>
  <nd ref="10798288368"/>
  <tag k="leisure" v="pitch"/>
  <tag k="sport" v="soccer"/>
 </way>
 <way id="1172670690" visible="true" version="1" changeset="136076098" timestamp="2023-05-14T08:42:08Z" user="user_18801446" uid="18801446">
  <nd ref="10895631008"/>
  <nd ref="10079986106"/>
  <nd ref="10895631009"/>
  <tag k="highway" v="path"/>
 </way>
 <way id="1312784947" visible="true" version="1" changeset="156090519" timestamp="2024-09-02T10:15:46Z" user="Richard Billyham" uid="21767964">
  <nd ref="12151317845"/>
  <nd ref="12151317846"/>
  <nd ref="12151317847"/>
  <nd ref="12151317848"/>
  <nd ref="12151317845"/>
  <tag k="amenity" v="parking"/>
 </way>
 <way id="1330709260" visible="true" version="1" changeset="158749495" timestamp="2024-11-04T17:11:02Z" user="meongseolin" uid="18160068">
  <nd ref="5928997759"/>
  <nd ref="12312458909"/>
  <nd ref="12312458910"/>
  <nd ref="12312458911"/>
  <nd ref="12312458912"/>
  <nd ref="12312458913"/>
  <nd ref="12312458914"/>
  <nd ref="12312458915"/>
  <nd ref="12312458916"/>
  <nd ref="12312458917"/>
  <nd ref="12312458918"/>
  <nd ref="12312458919"/>
  <nd ref="12312458920"/>
  <nd ref="12312458921"/>
  <nd ref="12312458970"/>
  <tag k="admin_level" v="8"/>
  <tag k="boundary" v="administrative"/>
  <tag k="source" v="https://beijing.tianditu.gov.cn/bzdt/"/>
 </way>
 <way id="1330709297" visible="true" version="3" changeset="158864291" timestamp="2024-11-07T16:55:22Z" user="meongseolin" uid="18160068">
  <nd ref="339101778"/>
  <nd ref="6362529714"/>
  <nd ref="8156964650"/>
  <nd ref="8156964651"/>
  <nd ref="8156964587"/>
  <nd ref="8156964586"/>
  <nd ref="2509423661"/>
  <nd ref="1422005424"/>
  <nd ref="2509423655"/>
  <nd ref="10080038150"/>
  <nd ref="8156964588"/>
  <nd ref="8156964589"/>
  <nd ref="339101779"/>
  <nd ref="8156964590"/>
  <nd ref="8156964591"/>
  <nd ref="8156964592"/>
  <nd ref="380721886"/>
  <nd ref="339101780"/>
  <nd ref="2485149489"/>
  <nd ref="10765492957"/>
  <nd ref="339101769"/>
  <nd ref="12312460630"/>
  <nd ref="2485149491"/>
  <nd ref="380722026"/>
  <nd ref="8045257659"/>
  <nd ref="339101770"/>
  <nd ref="10076219762"/>
  <nd ref="12321005052"/>
  <nd ref="12312458908"/>
 </way>
 <way id="1330709889" visible="true" version="4" changeset="170100210" timestamp="2025-08-07T10:58:44Z" user="無限の刃" uid="11887540">
  <nd ref="2485149491"/>
  <nd ref="12312460630"/>
  <nd ref="2485149489"/>
  <nd ref="8156964589"/>
  <nd ref="8156964588"/>
  <nd ref="8156964586"/>
  <nd ref="8156964587"/>
  <nd ref="8156964651"/>
  <nd ref="8156964650"/>
  <nd ref="339101778"/>
  <nd ref="1421549156"/>
  <nd ref="8046193925"/>
  <nd ref="8045257661"/>
  <nd ref="9864985715"/>
  <nd ref="9864985714"/>
  <nd ref="339101776"/>
  <nd ref="8046193927"/>
  <nd ref="339101775"/>
  <nd ref="10080038163"/>
  <nd ref="1421549157"/>
  <nd ref="8134204721"/>
  <nd ref="10080038165"/>
  <nd ref="5928860385"/>
  <nd ref="339101773"/>
  <nd ref="5928859784"/>
  <nd ref="8190813901"/>
  <nd ref="2613011411"/>
  <nd ref="8045257660"/>
  <nd ref="10079986116"/>
  <nd ref="10079986115"/>
  <nd ref="10079986112"/>
  <nd ref="6018578781"/>
  <nd ref="10079986111"/>
  <nd ref="10079986109"/>
  <nd ref="380742837"/>
  <nd ref="10079986108"/>
  <nd ref="10919382346"/>
  <nd ref="10729924621"/>
  <nd ref="10919382347"/>
  <nd ref="12312458908"/>
  <nd ref="12321005052"/>
  <nd ref="10076219762"/>
  <nd ref="339101770"/>
  <nd ref="10076453368"/>
  <nd ref="380722026"/>
  <nd ref="2485149491"/>
  <tag k="addr:housenumber" v="5号"/>
  <tag k="addr:street" v="颐和园路"/>
  <tag k="alt_name:eo" v="Pekina Universitato"/>
  <tag k="amenity" v="university"/>
  <tag k="int_name" v="Peking University"/>
  <tag k="name" v="北京大学"/>
  <tag k="name:de" v="Peking Universität"/>
  <tag k="name:en" v="Peking University"/>
  <tag k="name:ja" v="北京大学"/>
  <tag k="name:ko" v="베이징 대학교"/>
  <tag k="name:zh" v="北京大学"/>
  <tag k="name:zh-Hans" v="北京大学"/>
  <tag k="name:zh-Hant" v="北京大學"/>
  <tag k="opening_hours" v="24/7"/>
  <tag k="phone" v="+86 10 6275 1407"/>
  <tag k="short_name" v="PKU"/>
  <tag k="website" v="https://www.pku.edu.cn/"/>
  <tag k="wikidata" v="Q16952"/>
  <tag k="wikipedia" v="zh:北京大学"/>
 </way>
 <way id="1367642485" visible="true" version="1" changeset="163645221" timestamp="2025-03-15T10:41:27Z" user="phlinsia" uid="21973722">
  <nd ref="12666489369"/>
  <nd ref="12666489370"/>
  <nd ref="12666489371"/>
  <nd ref="12666489372"/>
  <nd ref="12666489373"/>
  <nd ref="12666489374"/>
  <nd ref="12666489375"/>
  <nd ref="12666489376"/>
  <nd ref="12666489377"/>
  <nd ref="12666489378"/>
  <nd ref="12666489369"/>
  <tag k="building" v="school"/>
 </way>
 <way id="1497857815" visible="true" version="1" changeset="181082255" timestamp="2026-04-09T07:23:57Z" user="Hermi2025" uid="22718429">
  <nd ref="9560278202"/>
  <nd ref="13717924435"/>
  <nd ref="13717924436"/>
  <nd ref="5676070941"/>
  <tag k="highway" v="tertiary_link"/>
 </way>
 <relation id="420838" visible="true" version="20" changeset="143278358" timestamp="2023-10-28T18:58:08Z" user="bouzinac" uid="10286707">
  <member type="relation" ref="2082917" role=""/>
  <member type="relation" ref="2082918" role=""/>
  <member type="relation" ref="2083779" role=""/>
  <member type="relation" ref="2083780" role=""/>
  <tag k="colour" v="#008994"/>
  <tag k="name" v="北京地铁4号线/大兴线"/>
  <tag k="name:de" v="U-Bahn-Linie 4/DX"/>
  <tag k="name:en" v="Beijing Subway Line 4/DX"/>
  <tag k="name:fr" v="Ligne 4"/>
  <tag k="name:zh" v="北京地铁4号线/大兴线"/>
  <tag k="network" v="北京地铁"/>
  <tag k="network:en" v="Beijing Subway"/>
  <tag k="network:wikidata" v="Q235319"/>
  <tag k="network:wikipedia" v="zh:北京地铁"/>
  <tag k="network:zh" v="北京地铁"/>
  <tag k="old_operator" v="北京市地下铁道总公司"/>
  <tag k="old_operator:en" v="Beijing Municipal Subway Company"/>
  <tag k="operator" v="北京京港地铁有限公司"/>
  <tag k="operator:en" v="Beijing Mass Transit Railway Operation Corporation Limited"/>
  <tag k="operator:wikidata" v="Q10902028"/>
  <tag k="ref" v="4"/>
  <tag k="route_master" v="subway"/>
  <tag k="type" v="route_master"/>
  <tag k="wheelchair" v="yes"/>
  <tag k="wikidata" v="Q304264"/>
 </relation>
 <relation id="1664486" visible="true" version="5" changeset="70587277" timestamp="2019-05-24T13:45:46Z" user="Claudius Henrichs" uid="18069">
  <member type="node" ref="6497814374" role=""/>
  <member type="node" ref="1362259110" role="stop"/>
  <member type="way" ref="121777657" role="platform"/>
  <member type="node" ref="528916061" role="stop"/>
  <member type="way" ref="121777651" role="platform"/>
  <member type="node" ref="1423042876" role=""/>
  <member type="node" ref="1423042662" role=""/>
  <member type="node" ref="1362259058" role=""/>
  <tag k="name" v="北宫门"/>
  <tag k="name:en" v="Beigongmen"/>
  <tag k="name:zh" v="北宫门"/>
  <tag k="public_transport" v="stop_area"/>
  <tag k="type" v="public_transport"/>
 </relation>
 <relation id="1664487" visible="true" version="3" changeset="90312504" timestamp="2020-09-02T15:30:57Z" user="user_11435438" uid="11435438">
  <member type="node" ref="1362259024" role="stop"/>
  <member type="way" ref="121777662" role="platform"/>
  <member type="way" ref="121777653" role="platform"/>
  <member type="node" ref="528913962" role="stop"/>
  <member type="node" ref="1362259050" role=""/>
  <member type="node" ref="1362259055" role=""/>
  <member type="node" ref="1362259051" role=""/>
  <member type="node" ref="7861046849" role=""/>
  <tag k="name" v="圆明园"/>
  <tag k="name:en" v="Yuanmingyuan Park"/>
  <tag k="name:zh" v="圆明园"/>
  <tag k="public_transport" v="stop_area"/>
  <tag k="type" v="public_transport"/>
 </relation>
 <relation id="1664492" visible="true" version="6" changeset="145992424" timestamp="2024-01-07T14:03:56Z" user="Claudius Henrichs" uid="18069">
  <member type="node" ref="7861046851" role=""/>
  <member type="node" ref="1362276541" role="stop"/>
  <member type="node" ref="528922127" role="stop"/>
  <member type="way" ref="121778754" role="platform"/>
  <member type="way" ref="121778758" role="platform"/>
  <member type="node" ref="1420940400" role=""/>
  <member type="node" ref="1559643067" role=""/>
  <member type="node" ref="1362276450" role=""/>
  <member type="node" ref="1362276452" role=""/>
  <member type="node" ref="10796572021" role=""/>
  <tag k="name" v="中关村"/>
  <tag k="name:en" v="Zhongguancun"/>
  <tag k="name:zh" v="中关村"/>
  <tag k="public_transport" v="stop_area"/>
  <tag k="type" v="public_transport"/>
 </relation>
 <relation id="1664493" visible="true" version="3" changeset="90312504" timestamp="2020-09-02T15:30:57Z" user="user_11435438" uid="11435438">
  <member type="node" ref="1362276495" role=""/>
  <member type="node" ref="1362276494" role=""/>
  <member type="node" ref="1362276488" role=""/>
  <member type="node" ref="1362276505" role=""/>
  <member type="node" ref="1362276343" role="stop"/>
  <member type="way" ref="121778756" role="platform"/>
  <member type="way" ref="121778759" role="platform"/>
  <member type="node" ref="528922035" role="stop"/>
  <member type="node" ref="7861046850" role=""/>
  <tag k="name" v="北京大学东门"/>
  <tag k="name:en" v="East Gate of Peking University"/>
  <tag k="name:zh" v="北京大学东门"/>
  <tag k="public_transport" v="stop_area"/>
  <tag k="type" v="public_transport"/>
 </relation>
 <relation id="1667220" visible="true" version="5" changeset="160947465" timestamp="2025-01-03T12:47:36Z" user="Claudius Henrichs" uid="18069">
  <member type="node" ref="7861046852" role=""/>
  <member type="node" ref="1364282600" role="stop"/>
  <member type="way" ref="122003020" role="platform"/>
  <member type="way" ref="122003025" role="platform"/>
  <member type="node" ref="528925729" role="stop"/>
  <member type="node" ref="1364282697" role=""/>
  <member type="node" ref="1364282698" role=""/>
  <member type="node" ref="1767257015" role=""/>
  <member type="node" ref="586467392" role=""/>
  <member type="node" ref="1364282690" role=""/>
  <tag k="name" v="人民大学"/>
  <tag k="name:en" v="Renmin University"/>
  <tag k="name:zh" v="人民大学"/>
  <tag k="public_transport" v="stop_area"/>
  <tag k="type" v="public_transport"/>
 </relation>
 <relation id="1667221" visible="true" version="13" changeset="120652796" timestamp="2022-05-07T03:44:11Z" user="Herman Lee" uid="6921384">
  <member type="node" ref="1364282700" role=""/>
  <member type="node" ref="910168396" role=""/>
  <member type="node" ref="1364282702" role=""/>
  <member type="node" ref="1364282701" role=""/>
  <member type="node" ref="1364282596" role="stop"/>
  <member type="way" ref="122003021" role="platform"/>
  <member type="way" ref="122003026" role="platform"/>
  <member type="node" ref="528928174" role="stop"/>
  <member type="node" ref="1364282616" role=""/>
  <member type="node" ref="5429399341" role=""/>
  <tag k="name" v="动物园"/>
  <tag k="name:en" v="Beijing Zoo"/>
  <tag k="name:zh" v="动物园"/>
  <tag k="public_transport" v="stop_area"/>
  <tag k="type" v="public_transport"/>
 </relation>
 <relation id="1667222" visible="true" version="7" changeset="146016830" timestamp="2024-01-08T07:03:19Z" user="Claudius Henrichs" uid="18069">
  <member type="node" ref="5429413631" role=""/>
  <member type="node" ref="528927340" role="stop"/>
  <member type="way" ref="122003018" role="platform"/>
  <member type="way" ref="122003027" role="platform"/>
  <member type="node" ref="1364282597" role="stop"/>
  <member type="node" ref="1364282598" role="stop"/>
  <member type="way" ref="122003024" role="platform"/>
  <member type="way" ref="122003029" role="platform"/>
  <member type="node" ref="1364282599" role="stop"/>
  <member type="node" ref="1364282654" role=""/>
  <member type="node" ref="11176862584" role=""/>
  <member type="node" ref="1364282649" role=""/>
  <member type="node" ref="1364282641" role=""/>
  <tag k="name" v="国家图书馆"/>
  <tag k="name:en" v="National Library"/>
  <tag k="name:zh" v="国家图书馆"/>
  <tag k="public_transport" v="stop_area"/>
  <tag k="type" v="public_transport"/>
 </relation>
 <relation id="1667223" visible="true" version="5" changeset="102208059" timestamp="2021-04-02T17:13:29Z" user="Low power" uid="10357189">
  <member type="node" ref="1364282703" role="stop"/>
  <member type="way" ref="122003023" role="platform"/>
  <member type="way" ref="122003019" role="platform"/>
  <member type="node" ref="528926456" role="stop"/>
  <member type="node" ref="1364282678" role="entranceh"/>
  <member type="node" ref="1364282682" role="entrance"/>
  <member type="node" ref="1364282677" role="entrance"/>
  <member type="node" ref="7861046853" role=""/>
  <member type="node" ref="8587100688" role="entrance"/>
  <tag k="name" v="魏公村"/>
  <tag k="name:en" v="Weigongcun"/>
  <tag k="name:zh" v="魏公村"/>
  <tag k="public_transport" v="stop_area"/>
  <tag k="type" v="public_transport"/>
 </relation>
 <relation id="1736542" visible="true" version="4" changeset="125478975" timestamp="2022-08-28T13:56:09Z" user="vimacs_hacks" uid="13417651">
  <member type="node" ref="1420940423" role="stop"/>
  <member type="node" ref="9983440417" role="platform"/>
  <member type="node" ref="1420940420" role="stop"/>
  <member type="node" ref="9983429214" role="platform"/>
  <member type="node" ref="1571809722" role="stop"/>
  <member type="node" ref="9983429216" role="platform"/>
  <member type="node" ref="1685831731" role="stop"/>
  <member type="node" ref="9983429215" role="platform"/>
  <tag k="name" v="中关园"/>
  <tag k="name:zh" v="中关园"/>
  <tag k="public_transport" v="stop_area"/>
  <tag k="type" v="public_transport"/>
 </relation>
 <relation id="1866018" visible="true" version="10" changeset="139176312" timestamp="2023-07-29T14:40:44Z" user="Herman Lee" uid="6921384">
  <member type="relation" ref="2699192" role=""/>
  <member type="relation" ref="2699198" role=""/>
  <tag k="name" v="北京公交305路"/>
  <tag k="name:zh" v="北京公交305路"/>
  <tag k="network" v="北京公交"/>
  <tag k="network:en" v="Beijing Public Transport"/>
  <tag k="network:wikidata" v="Q4881181"/>
  <tag k="network:wikipedia" v="zh:北京地铁"/>
  <tag k="network:zh" v="北京公交"/>
  <tag k="operator" v="北京祥龙公交客运有限公司第三分公司"/>
  <tag k="ref" v="305"/>
  <tag k="route_master" v="bus"/>
  <tag k="type" v="route_master"/>
 </relation>
 <relation id="1866073" visible="true" version="8" changeset="121272637" timestamp="2022-05-21T08:48:26Z" user="喵耳引力波" uid="14836070">
  <member type="relation" ref="2874970" role=""/>
  <member type="relation" ref="2874971" role=""/>
  <tag k="name" v="北京公交614路"/>
  <tag k="network" v="北京公交"/>
  <tag k="network:en" v="Beijing Public Transport"/>
  <tag k="network:wikidata" v="Q4881181"/>
  <tag k="network:wikipedia" v="zh:北京公交"/>
  <tag k="network:zh" v="北京公交"/>
  <tag k="operator" v="北京公交集团第八客运分公司"/>
  <tag k="ref" v="614"/>
  <tag k="route_master" v="bus"/>
  <tag k="type" v="route_master"/>
 </relation>
 <relation id="1866078" visible="true" version="74" changeset="184270497" timestamp="2026-06-18T12:59:08Z" user="hahae" uid="19218869">
  <member type="node" ref="11886638340" role="platform_entry_only"/>
  <member type="node" ref="9665892818" role="platform"/>
  <member type="node" ref="11048105488" role="platform"/>
  <member type="node" ref="9796057670" role="platform"/>
  <member type="node" ref="2586813652" role="platform"/>
  <member type="node" ref="10553817016" role="platform"/>
  <member type="node" ref="10553817018" role="platform"/>
  <member type="node" ref="10055105130" role="platform"/>
  <member type="node" ref="11048105472" role="platform"/>
  <member type="node" ref="10055093956" role="platform"/>
  <member type="node" ref="10055093963" role="platform"/>
  <member type="node" ref="10055077283" role="platform"/>
  <member type="node" ref="11048105467" role="platform"/>
  <member type="node" ref="7640439595" role="platform"/>
  <member type="node" ref="7640420861" role="platform"/>
  <member type="node" ref="9798215220" role="platform"/>
  <member type="node" ref="9798201901" role="platform"/>
  <member type="node" ref="7591310710" role="platform"/>
  <member type="node" ref="9798045368" role="platform"/>
  <member type="node" ref="9798051273" role="platform"/>
  <member type="node" ref="10206658352" role="platform"/>
  <member type="node" ref="9724004880" role="platform"/>
  <member type="node" ref="6787016397" role="platform"/>
  <member type="node" ref="10097953594" role="platform"/>
  <member type="node" ref="9966227765" role="platform"/>
  <member type="node" ref="2458116588" role="platform"/>
  <member type="node" ref="2458116634" role="platform"/>
  <member type="node" ref="9982786146" role="platform"/>
  <member type="node" ref="9721036827" role="platform"/>
  <member type="node" ref="9983440418" role="platform"/>
  <member type="node" ref="9983429216" role="platform"/>
  <member type="node" ref="1755873489" role="platform"/>
  <member type="node" ref="9983429209" role="platform"/>
  <member type="node" ref="10060047894" role="platform"/>
  <member type="node" ref="10060047888" role="platform"/>
  <member type="node" ref="11074650750" role="platform"/>
  <member type="node" ref="9572017366" role="platform"/>
  <member type="node" ref="9572017363" role="platform"/>
  <member type="node" ref="9572017362" role="platform"/>
  <member type="node" ref="7559674770" role="platform"/>
  <member type="node" ref="2264507183" role="platform"/>
  <member type="node" ref="11348413261" role="platform"/>
  <member type="node" ref="2112444171" role="platform"/>
  <member type="node" ref="9246194369" role="platform"/>
  <member type="node" ref="9452115045" role="platform"/>
  <member type="node" ref="9452115043" role="platform"/>
  <member type="node" ref="9452115041" role="platform"/>
  <member type="node" ref="9451924270" role="platform"/>
  <member type="node" ref="11633558686" role="platform"/>
  <member type="node" ref="11633558695" role="platform"/>
  <member type="node" ref="11633558697" role="platform"/>
  <member type="node" ref="11617772704" role="platform"/>
  <member type="node" ref="11617772698" role="platform_exit_only"/>
  <member type="way" ref="1280567401" role=""/>
  <member type="way" ref="1280567400" role=""/>
  <member type="way" ref="1060965235" role=""/>
  <member type="way" ref="1066503936" role=""/>
  <member type="way" ref="178322083" role=""/>
  <member type="way" ref="252635138" role=""/>
  <member type="way" ref="1141353426" role=""/>
  <member type="way" ref="1146508916" role=""/>
  <member type="way" ref="194291842" role=""/>
  <member type="way" ref="251623167" role=""/>
  <member type="way" ref="1124422950" role=""/>
  <member type="way" ref="1036300809" role=""/>
  <member type="way" ref="1017721228" role=""/>
  <member type="way" ref="1156210114" role=""/>
  <member type="way" ref="1262951040" role=""/>
  <member type="way" ref="178332273" role=""/>
  <member type="way" ref="44757519" role=""/>
  <member type="way" ref="1066477742" role=""/>
  <member type="way" ref="1071049937" role=""/>
  <member type="way" ref="240331888" role=""/>
  <member type="way" ref="1097960733" role=""/>
  <member type="way" ref="47501678" role=""/>
  <member type="way" ref="183454134" role=""/>
  <member type="way" ref="252635116" role=""/>
  <member type="way" ref="1281232522" role=""/>
  <member type="way" ref="1239804620" role=""/>
  <member type="way" ref="1097960731" role=""/>
  <member type="way" ref="1239812192" role=""/>
  <member type="way" ref="1066844422" role=""/>
  <member type="way" ref="252635129" role=""/>
  <member type="way" ref="252635131" role=""/>
  <member type="way" ref="42416248" role=""/>
  <member type="way" ref="1411402712" role=""/>
  <member type="way" ref="252635137" role=""/>
  <member type="way" ref="150926332" role=""/>
  <member type="way" ref="150926329" role=""/>
  <member type="way" ref="150899352" role=""/>
  <member type="way" ref="1097960729" role=""/>
  <member type="way" ref="1097960728" role=""/>
  <member type="way" ref="1284608368" role=""/>
  <member type="way" ref="1239812191" role=""/>
  <member type="way" ref="946163341" role=""/>
  <member type="way" ref="1077130608" role=""/>
  <member type="way" ref="1239804623" role=""/>
  <member type="way" ref="1077130607" role=""/>
  <member type="way" ref="1412655065" role=""/>
  <member type="way" ref="1412655064" role=""/>
  <member type="way" ref="27054405" role=""/>
  <member type="way" ref="241240050" role=""/>
  <member type="way" ref="1077130604" role=""/>
  <member type="way" ref="1169523592" role=""/>
  <member type="way" ref="241240047" role=""/>
  <member type="way" ref="1239651082" role=""/>
  <member type="way" ref="1128220953" role=""/>
  <member type="way" ref="165628679" role=""/>
  <member type="way" ref="29484730" role=""/>
  <member type="way" ref="1077130603" role=""/>
  <member type="way" ref="1131973586" role=""/>
  <member type="way" ref="121651115" role=""/>
  <member type="way" ref="1067113846" role=""/>
  <member type="way" ref="121651116" role=""/>
  <member type="way" ref="165628787" role=""/>
  <member type="way" ref="1192675193" role=""/>
  <member type="way" ref="620715880" role=""/>
  <member type="way" ref="25446425" role=""/>
  <member type="way" ref="1098151152" role=""/>
  <member type="way" ref="1239819133" role=""/>
  <member type="way" ref="186113264" role=""/>
  <member type="way" ref="236220788" role=""/>
  <member type="way" ref="1077130600" role=""/>
  <member type="way" ref="236220790" role=""/>
  <member type="way" ref="1067089850" role=""/>
  <member type="way" ref="165628873" role=""/>
  <member type="way" ref="165628878" role=""/>
  <member type="way" ref="165628868" role=""/>
  <member type="way" ref="165628879" role=""/>
  <member type="way" ref="165628876" role=""/>
  <member type="way" ref="165628854" role=""/>
  <member type="way" ref="1174281953" role=""/>
  <member type="way" ref="1147837368" role=""/>
  <member type="way" ref="164599647" role=""/>
  <member type="way" ref="723631637" role=""/>
  <member type="way" ref="723631640" role=""/>
  <member type="way" ref="165628872" role=""/>
  <member type="way" ref="165628883" role=""/>
  <member type="way" ref="230670351" role=""/>
  <member type="way" ref="164599618" role=""/>
  <member type="way" ref="1077130599" role=""/>
  <member type="way" ref="154526760" role=""/>
  <member type="way" ref="723631646" role=""/>
  <member type="way" ref="1115921802" role=""/>
  <member type="way" ref="1138824006" role=""/>
  <member type="way" ref="723632559" role=""/>
  <member type="way" ref="154526724" role=""/>
  <member type="way" ref="165628682" role=""/>
  <member type="way" ref="165628884" role=""/>
  <member type="way" ref="174799515" role=""/>
  <member type="way" ref="155236078" role=""/>
  <member type="way" ref="165628819" role=""/>
  <member type="way" ref="1186361584" role=""/>
  <member type="way" ref="114109018" role=""/>
  <member type="way" ref="114108304" role=""/>
  <member type="way" ref="237950580" role=""/>
  <member type="way" ref="237950581" role=""/>
  <member type="way" ref="863690574" role=""/>
  <member type="way" ref="863690573" role=""/>
  <member type="way" ref="229699729" role=""/>
  <member type="way" ref="191050697" role=""/>
  <member type="way" ref="1379275921" role=""/>
  <member type="way" ref="1077130597" role=""/>
  <member type="way" ref="229699730" role=""/>
  <member type="way" ref="1037961726" role=""/>
  <member type="way" ref="26152148" role=""/>
  <member type="way" ref="1037958213" role=""/>
  <member type="way" ref="121778743" role=""/>
  <member type="way" ref="237011437" role=""/>
  <member type="way" ref="138694680" role=""/>
  <member type="way" ref="138690689" role=""/>
  <member type="way" ref="237011435" role=""/>
  <member type="way" ref="237011436" role=""/>
  <member type="way" ref="863690580" role=""/>
  <member type="way" ref="863690579" role=""/>
  <member type="way" ref="138684426" role=""/>
  <member type="way" ref="114077389" role=""/>
  <member type="way" ref="235466190" role=""/>
  <member type="way" ref="127635208" role=""/>
  <member type="way" ref="127635205" role=""/>
  <member type="way" ref="127635198" role=""/>
  <member type="way" ref="114077390" role=""/>
  <member type="way" ref="139542981" role=""/>
  <member type="way" ref="143749968" role=""/>
  <member type="way" ref="174646965" role=""/>
  <member type="way" ref="193102400" role=""/>
  <member type="way" ref="143752500" role=""/>
  <member type="way" ref="161444976" role=""/>
  <member type="way" ref="174646972" role=""/>
  <member type="way" ref="174646971" role=""/>
  <member type="way" ref="1251545710" role=""/>
  <member type="way" ref="40367328" role=""/>
  <member type="way" ref="1235754764" role=""/>
  <member type="way" ref="1055429167" role=""/>
  <member type="way" ref="26152129" role=""/>
  <member type="way" ref="201288034" role=""/>
  <member type="way" ref="1249570897" role=""/>
  <member type="way" ref="1530587766" role=""/>
  <member type="way" ref="324914371" role=""/>
  <member type="way" ref="200964978" role=""/>
  <member type="way" ref="1251545715" role=""/>
  <member type="way" ref="1278983385" role=""/>
  <member type="way" ref="1278983386" role=""/>
  <member type="way" ref="1278983388" role=""/>
  <member type="way" ref="1278983387" role=""/>
  <member type="way" ref="1278983399" role=""/>
  <member type="way" ref="1278983398" role=""/>
  <member type="way" ref="26152120" role=""/>
  <member type="way" ref="1278983403" role=""/>
  <member type="way" ref="1278983404" role=""/>
  <member type="way" ref="1278983407" role=""/>
  <member type="way" ref="1278983409" role=""/>
  <member type="way" ref="1251476914" role=""/>
  <member type="way" ref="1251543093" role=""/>
  <member type="way" ref="177052500" role=""/>
  <member type="way" ref="202071411" role=""/>
  <member type="way" ref="1251476916" role=""/>
  <member type="way" ref="1249790332" role=""/>
  <member type="way" ref="1249786691" role=""/>
  <member type="way" ref="210697504" role=""/>
  <member type="way" ref="1249786696" role=""/>
  <tag k="fee" v="yes"/>
  <tag k="from" v="北京西站南广场"/>
  <tag k="name" v="982路：北京西站南广场 -&gt; 土井村西口"/>
  <tag k="name:zh" v="982路：北京西站南广场 -&gt; 土井村西口"/>
  <tag k="network" v="北京公交"/>
  <tag k="network:en" v="Beijing Public Transport"/>
  <tag k="network:wikidata" v="Q4881181"/>
  <tag k="network:wikipedia" v="zh:北京公交"/>
  <tag k="network:zh" v="北京公交"/>
  <tag k="opening_hours" v="Mo-Su 05:00-21:00"/>
  <tag k="payment:alipay" v="yes"/>
  <tag k="payment:cash" v="yes"/>
  <tag k="payment:china_t-union" v="yes"/>
  <tag k="payment:coins" v="yes"/>
  <tag k="payment:ic" v="yes"/>
  <tag k="payment:unionpay" v="yes"/>
  <tag k="payment:wechat" v="yes"/>
  <tag k="public_transport:version" v="2"/>
  <tag k="ref" v="982"/>
  <tag k="route" v="bus"/>
  <tag k="to" v="土井村西口"/>
  <tag k="type" v="route"/>
 </relation>
 <relation id="1866079" visible="true" version="5" changeset="147556031" timestamp="2024-02-17T04:09:30Z" user="hdThomas" uid="9010216">
  <member type="relation" ref="1875735" role=""/>
  <member type="relation" ref="1866078" role=""/>
  <tag k="name" v="北京公交982路"/>
  <tag k="name:zh" v="北京公交982路"/>
  <tag k="network" v="北京公交"/>
  <tag k="network:en" v="Beijing Public Transport"/>
  <tag k="network:wikidata" v="Q4881181"/>
  <tag k="network:wikipedia" v="zh:北京公交"/>
  <tag k="network:zh" v="北京公交"/>
  <tag k="operator" v="北京公交集团第八客运分公司"/>
  <tag k="ref" v="982"/>
  <tag k="route_master" v="bus"/>
  <tag k="type" v="route_master"/>
 </relation>
 <relation id="1866118" visible="true" version="62" changeset="187565426" timestamp="2026-08-17T03:36:53Z" user="hahae" uid="19218869">
  <member type="node" ref="1854582185" role="platform_entry_only"/>
  <member type="node" ref="1854628841" role="platform"/>
  <member type="node" ref="1854582204" role="platform"/>
  <member type="node" ref="9966227754" role="platform"/>
  <member type="node" ref="1771676933" role="platform"/>
  <member type="node" ref="1854582170" role="platform"/>
  <member type="node" ref="1854582127" role="platform"/>
  <member type="node" ref="9724091943" role="platform"/>
  <member type="node" ref="9841393908" role="platform"/>
  <member type="node" ref="9841393901" role="platform"/>
  <member type="node" ref="9721205702" role="platform"/>
  <member type="node" ref="9721151472" role="platform"/>
  <member type="node" ref="10761230366" role="platform"/>
  <member type="node" ref="1754955224" role="platform"/>
  <member type="node" ref="1420940401" role="platform"/>
  <member type="node" ref="9983429216" role="platform"/>
  <member type="node" ref="9983429210" role="platform"/>
  <member type="node" ref="9983429209" role="platform"/>
  <member type="node" ref="10060047894" role="platform"/>
  <member type="node" ref="10060047888" role="platform"/>
  <member type="node" ref="11074650750" role="platform"/>
  <member type="node" ref="9572017366" role="platform"/>
  <member type="node" ref="9572017362" role="platform"/>
  <member type="node" ref="7559674770" role="platform"/>
  <member type="node" ref="2264507183" role="platform"/>
  <member type="node" ref="11471998581" role="platform"/>
  <member type="node" ref="2112444171" role="platform"/>
  <member type="node" ref="9246194369" role="platform"/>
  <member type="node" ref="9452115045" role="platform"/>
  <member type="node" ref="9452115044" role="platform"/>
  <member type="node" ref="9451924270" role="platform"/>
  <member type="node" ref="11633558686" role="platform"/>
  <member type="node" ref="11633558695" role="platform"/>
  <member type="node" ref="11633558697" role="platform"/>
  <member type="node" ref="11634020872" role="platform"/>
  <member type="node" ref="7602273527" role="platform"/>
  <member type="node" ref="12671277829" role="platform"/>
  <member type="node" ref="7602310128" role="platform"/>
  <member type="node" ref="12797215362" role="platform"/>
  <member type="node" ref="12797215364" role="platform"/>
  <member type="node" ref="7602350861" role="platform"/>
  <member type="node" ref="1519738125" role="platform"/>
  <member type="node" ref="1519738108" role="platform"/>
  <member type="node" ref="12788249615" role="platform_exit_only"/>
  <member type="way" ref="174799480" role=""/>
  <member type="way" ref="174799530" role=""/>
  <member type="way" ref="174799525" role=""/>
  <member type="way" ref="174799503" role=""/>
  <member type="way" ref="26404009" role=""/>
  <member type="way" ref="155236079" role=""/>
  <member type="way" ref="165628753" role=""/>
  <member type="way" ref="165628682" role=""/>
  <member type="way" ref="1146578566" role=""/>
  <member type="way" ref="42398979" role=""/>
  <member type="way" ref="174799510" role=""/>
  <member type="way" ref="1138824003" role=""/>
  <member type="way" ref="164599611" role=""/>
  <member type="way" ref="1090774561" role=""/>
  <member type="way" ref="174799472" role=""/>
  <member type="way" ref="1090774560" role=""/>
  <member type="way" ref="230675140" role=""/>
  <member type="way" ref="237953291" role=""/>
  <member type="way" ref="25446421" role=""/>
  <member type="way" ref="25446422" role=""/>
  <member type="way" ref="1076997193" role=""/>
  <member type="way" ref="1132200764" role=""/>
  <member type="way" ref="164599610" role=""/>
  <member type="way" ref="1060273153" role=""/>
  <member type="way" ref="1072680077" role=""/>
  <member type="way" ref="42454284" role=""/>
  <member type="way" ref="1125224532" role=""/>
  <member type="way" ref="240367930" role=""/>
  <member type="way" ref="156346934" role=""/>
  <member type="way" ref="150522819" role=""/>
  <member type="way" ref="1550264394" role=""/>
  <member type="way" ref="26812136" role=""/>
  <member type="way" ref="26812135" role=""/>
  <member type="way" ref="462630730" role=""/>
  <member type="way" ref="240367922" role=""/>
  <member type="way" ref="1156851613" role=""/>
  <member type="way" ref="162546313" role=""/>
  <member type="way" ref="162546312" role=""/>
  <member type="way" ref="128624210" role=""/>
  <member type="way" ref="1136486921" role=""/>
  <member type="way" ref="1037961726" role=""/>
  <member type="way" ref="26152148" role=""/>
  <member type="way" ref="1037958213" role=""/>
  <member type="way" ref="121778743" role=""/>
  <member type="way" ref="237011437" role=""/>
  <member type="way" ref="138694680" role=""/>
  <member type="way" ref="138690689" role=""/>
  <member type="way" ref="237011435" role=""/>
  <member type="way" ref="237011436" role=""/>
  <member type="way" ref="863690580" role=""/>
  <member type="way" ref="863690579" role=""/>
  <member type="way" ref="138684426" role=""/>
  <member type="way" ref="114077389" role=""/>
  <member type="way" ref="235466190" role=""/>
  <member type="way" ref="127635208" role=""/>
  <member type="way" ref="127635205" role=""/>
  <member type="way" ref="127635198" role=""/>
  <member type="way" ref="114077390" role=""/>
  <member type="way" ref="139542981" role=""/>
  <member type="way" ref="143749968" role=""/>
  <member type="way" ref="174646965" role=""/>
  <member type="way" ref="193102400" role=""/>
  <member type="way" ref="143752500" role=""/>
  <member type="way" ref="161444976" role=""/>
  <member type="way" ref="174646972" role=""/>
  <member type="way" ref="174646971" role=""/>
  <member type="way" ref="1251545710" role=""/>
  <member type="way" ref="40367328" role=""/>
  <member type="way" ref="1235754764" role=""/>
  <member type="way" ref="1055429167" role=""/>
  <member type="way" ref="26152129" role=""/>
  <member type="way" ref="201288034" role=""/>
  <member type="way" ref="1249570897" role=""/>
  <member type="way" ref="1530587766" role=""/>
  <member type="way" ref="324914371" role=""/>
  <member type="way" ref="200964978" role=""/>
  <member type="way" ref="1251545715" role=""/>
  <member type="way" ref="1278983385" role=""/>
  <member type="way" ref="1278983386" role=""/>
  <member type="way" ref="1278983388" role=""/>
  <member type="way" ref="1278983387" role=""/>
  <member type="way" ref="1278983399" role=""/>
  <member type="way" ref="1278983398" role=""/>
  <member type="way" ref="26152120" role=""/>
  <member type="way" ref="1278983403" role=""/>
  <member type="way" ref="1278983404" role=""/>
  <member type="way" ref="1278983407" role=""/>
  <member type="way" ref="1278983409" role=""/>
  <member type="way" ref="1251476914" role=""/>
  <member type="way" ref="1251543093" role=""/>
  <member type="way" ref="177052500" role=""/>
  <member type="way" ref="202071411" role=""/>
  <member type="way" ref="1251543094" role=""/>
  <member type="way" ref="1249790335" role=""/>
  <member type="way" ref="138589995" role=""/>
  <member type="way" ref="138589985" role=""/>
  <member type="way" ref="138592585" role=""/>
  <member type="way" ref="174577756" role=""/>
  <member type="way" ref="202502016" role=""/>
  <member type="way" ref="138592575" role=""/>
  <member type="way" ref="138592572" role=""/>
  <member type="way" ref="138592569" role=""/>
  <member type="way" ref="138592583" role=""/>
  <member type="way" ref="138597513" role=""/>
  <tag k="fee" v="yes"/>
  <tag k="from" v="闵庄南里"/>
  <tag k="name" v="365路：闵庄南里 -&gt; 永丰公交场站"/>
  <tag k="name:zh" v="365路：闵庄南里 -&gt; 永丰公交场站"/>
  <tag k="network" v="北京公交"/>
  <tag k="network:en" v="Beijing Public Transport"/>
  <tag k="network:wikidata" v="Q4881181"/>
  <tag k="network:wikipedia" v="zh:北京公交"/>
  <tag k="network:zh" v="北京公交"/>
  <tag k="opening_hours" v="Mo-Su 05:30-22:00"/>
  <tag k="payment:alipay" v="yes"/>
  <tag k="payment:cash" v="yes"/>
  <tag k="payment:china_t-union" v="yes"/>
  <tag k="payment:coins" v="yes"/>
  <tag k="payment:ic" v="yes"/>
  <tag k="payment:unionpay" v="yes"/>
  <tag k="payment:wechat" v="yes"/>
  <tag k="public_transport:version" v="2"/>
  <tag k="ref" v="365"/>
  <tag k="route" v="bus"/>
  <tag k="to" v="永丰公交场站"/>
  <tag k="type" v="route"/>
 </relation>
 <relation id="1866119" visible="true" version="5" changeset="165576133" timestamp="2025-04-29T06:27:16Z" user="hdThomas" uid="9010216">
  <member type="relation" ref="1866201" role=""/>
  <member type="relation" ref="1866118" role=""/>
  <tag k="name" v="北京公交365路"/>
  <tag k="name:zh" v="北京公交365路"/>
  <tag k="network" v="北京公交"/>
  <tag k="network:en" v="Beijing Public Transport"/>
  <tag k="network:wikidata" v="Q4881181"/>
  <tag k="network:wikipedia" v="zh:北京公交"/>
  <tag k="network:zh" v="北京公交"/>
  <tag k="operator" v="北京公交集团第四客运分公司"/>
  <tag k="ref" v="365"/>
  <tag k="route_master" v="bus"/>
  <tag k="type" v="route_master"/>
 </relation>
 <relation id="1866120" visible="true" version="74" changeset="184506981" timestamp="2026-06-24T05:45:19Z" user="Summer200101" uid="17234617">
  <member type="node" ref="1805196125" role="platform_entry_only"/>
  <member type="node" ref="10594420251" role="platform"/>
  <member type="node" ref="1420940395" role="platform"/>
  <member type="node" ref="9983440418" role="platform"/>
  <member type="node" ref="9983429216" role="platform"/>
  <member type="node" ref="9983429210" role="platform"/>
  <member type="node" ref="9983429208" role="platform"/>
  <member type="node" ref="10060047894" role="platform"/>
  <member type="node" ref="10060047888" role="platform"/>
  <member type="node" ref="11074650750" role="platform"/>
  <member type="node" ref="9572017366" role="platform"/>
  <member type="node" ref="9572017363" role="platform"/>
  <member type="node" ref="9572017362" role="platform"/>
  <member type="node" ref="11018125422" role="platform"/>
  <member type="node" ref="281923785" role="platform"/>
  <member type="node" ref="1412183336" role="platform"/>
  <member type="node" ref="1412183328" role="platform"/>
  <member type="node" ref="286278882" role="platform"/>
  <member type="node" ref="1412183339" role="platform"/>
  <member type="node" ref="1412183346" role="platform"/>
  <member type="node" ref="1412740654" role="platform"/>
  <member type="node" ref="1412740651" role="platform"/>
  <member type="node" ref="1412740657" role="platform"/>
  <member type="node" ref="1851825868" role="platform"/>
  <member type="node" ref="10067941413" role="platform"/>
  <member type="node" ref="7610741814" role="platform"/>
  <member type="node" ref="7610716058" role="platform"/>
  <member type="node" ref="7610678670" role="platform"/>
  <member type="node" ref="7610719638" role="platform"/>
  <member type="node" ref="7610729798" role="platform"/>
  <member type="node" ref="13951961625" role="platform"/>
  <member type="node" ref="12806168161" role="platform"/>
  <member type="node" ref="12806168158" role="platform"/>
  <member type="node" ref="12806168156" role="platform"/>
  <member type="node" ref="1363471427" role="platform"/>
  <member type="node" ref="13752545140" role="platform"/>
  <member type="node" ref="11935342023" role="platform"/>
  <member type="node" ref="11687435771" role="platform"/>
  <member type="node" ref="13752849282" role="platform"/>
  <member type="node" ref="12750030426" role="platform"/>
  <member type="node" ref="11948437910" role="platform"/>
  <member type="node" ref="12771065776" role="platform"/>
  <member type="node" ref="13951970111" role="platform_exit_only"/>
  <member type="way" ref="174787777" role=""/>
  <member type="way" ref="174787782" role=""/>
  <member type="way" ref="25446414" role=""/>
  <member type="way" ref="162546312" role=""/>
  <member type="way" ref="128624210" role=""/>
  <member type="way" ref="1136486921" role=""/>
  <member type="way" ref="1037961726" role=""/>
  <member type="way" ref="26152148" role=""/>
  <member type="way" ref="1037958213" role=""/>
  <member type="way" ref="121778743" role=""/>
  <member type="way" ref="237011437" role=""/>
  <member type="way" ref="138694680" role=""/>
  <member type="way" ref="138690689" role=""/>
  <member type="way" ref="237011435" role=""/>
  <member type="way" ref="237011436" role=""/>
  <member type="way" ref="863690580" role=""/>
  <member type="way" ref="863690579" role=""/>
  <member type="way" ref="138684426" role=""/>
  <member type="way" ref="114077389" role=""/>
  <member type="way" ref="235466190" role=""/>
  <member type="way" ref="127635208" role=""/>
  <member type="way" ref="127635205" role=""/>
  <member type="way" ref="127635198" role=""/>
  <member type="way" ref="114077390" role=""/>
  <member type="way" ref="139542981" role=""/>
  <member type="way" ref="143749968" role=""/>
  <member type="way" ref="174646965" role=""/>
  <member type="way" ref="193102400" role=""/>
  <member type="way" ref="143752504" role=""/>
  <member type="way" ref="161470119" role=""/>
  <member type="way" ref="143752498" role=""/>
  <member type="way" ref="1122655527" role=""/>
  <member type="way" ref="1248991766" role=""/>
  <member type="way" ref="1081317866" role=""/>
  <member type="way" ref="1251545708" role=""/>
  <member type="way" ref="1081317868" role=""/>
  <member type="way" ref="25874569" role=""/>
  <member type="way" ref="201332583" role=""/>
  <member type="way" ref="1055429165" role=""/>
  <member type="way" ref="234443515" role=""/>
  <member type="way" ref="1313039015" role=""/>
  <member type="way" ref="42346520" role=""/>
  <member type="way" ref="221301862" role=""/>
  <member type="way" ref="143752492" role=""/>
  <member type="way" ref="143752493" role=""/>
  <member type="way" ref="128399680" role=""/>
  <member type="way" ref="127693603" role=""/>
  <member type="way" ref="1345147681" role=""/>
  <member type="way" ref="143752495" role=""/>
  <member type="way" ref="1531850516" role=""/>
  <member type="way" ref="1530272556" role=""/>
  <member type="way" ref="1502536157" role=""/>
  <member type="way" ref="1186225522" role=""/>
  <member type="way" ref="1530272569" role=""/>
  <member type="way" ref="55788801" role=""/>
  <member type="way" ref="1502541979" role=""/>
  <member type="way" ref="1502529519" role=""/>
  <member type="way" ref="143752507" role=""/>
  <member type="way" ref="1531159402" role=""/>
  <member type="way" ref="1531159403" role=""/>
  <member type="way" ref="1485871531" role=""/>
  <member type="way" ref="1490967431" role=""/>
  <member type="way" ref="1490967427" role=""/>
  <member type="way" ref="1286866149" role=""/>
  <member type="way" ref="1485580417" role=""/>
  <member type="way" ref="1502502737" role=""/>
  <member type="way" ref="1502502725" role=""/>
  <member type="way" ref="1502502728" role=""/>
  <member type="way" ref="1502502738" role=""/>
  <member type="way" ref="1502544025" role=""/>
  <member type="way" ref="1502544028" role=""/>
  <member type="way" ref="1500295388" role=""/>
  <member type="way" ref="55807354" role=""/>
  <member type="way" ref="1502566151" role=""/>
  <member type="way" ref="1502502723" role=""/>
  <member type="way" ref="1502502733" role=""/>
  <member type="way" ref="1502502736" role=""/>
  <member type="way" ref="1382219274" role=""/>
  <tag k="fee" v="yes"/>
  <tag k="from" v="海淀中街"/>
  <tag k="name" v="681路：海淀中街 -&gt; 龙锦苑公交场站"/>
  <tag k="name:zh" v="681路：海淀中街 -&gt; 龙锦苑公交场站"/>
  <tag k="network" v="北京公交"/>
  <tag k="network:en" v="Beijing Public Transport"/>
  <tag k="network:wikidata" v="Q4881181"/>
  <tag k="network:wikipedia" v="zh:北京公交"/>
  <tag k="network:zh" v="北京公交"/>
  <tag k="opening_hours" v="Mo-Su 06:30-22:00"/>
  <tag k="payment:alipay" v="yes"/>
  <tag k="payment:cash" v="yes"/>
  <tag k="payment:china_t-union" v="yes"/>
  <tag k="payment:coins" v="yes"/>
  <tag k="payment:ic" v="yes"/>
  <tag k="payment:unionpay" v="yes"/>
  <tag k="payment:wechat" v="yes"/>
  <tag k="public_transport:version" v="2"/>
  <tag k="ref" v="681"/>
  <tag k="route" v="bus"/>
  <tag k="to" v="龙锦苑公交场站"/>
  <tag k="type" v="route"/>
 </relation>
 <relation id="1866121" visible="true" version="5" changeset="184135596" timestamp="2026-06-15T12:39:40Z" user="hahae" uid="19218869">
  <member type="relation" ref="1866120" role=""/>
  <member type="relation" ref="1875744" role=""/>
  <tag k="name" v="北京公交681路"/>
  <tag k="network" v="北京公交"/>
  <tag k="network:en" v="Beijing Public Transport"/>
  <tag k="network:wikidata" v="Q4881181"/>
  <tag k="network:wikipedia" v="zh:北京公交"/>
  <tag k="network:zh" v="北京公交"/>
  <tag k="operator" v="北京公交集团第一客运分公司"/>
  <tag k="ref" v="681"/>
  <tag k="route_master" v="bus"/>
  <tag k="type" v="route_master"/>
 </relation>
 <relation id="1866201" visible="true" version="45" changeset="165575477" timestamp="2025-04-29T06:05:16Z" user="hdThomas" uid="9010216">
  <member type="node" ref="12788249616" role="platform_entry_only"/>
  <member type="node" ref="1519738078" role="platform"/>
  <member type="node" ref="12788335636" role="platform"/>
  <member type="node" ref="7602350862" role="platform"/>
  <member type="node" ref="12797199607" role="platform"/>
  <member type="node" ref="7602308878" role="platform"/>
  <member type="node" ref="11614975349" role="platform"/>
  <member type="node" ref="11614975350" role="platform"/>
  <member type="node" ref="11634020870" role="platform"/>
  <member type="node" ref="11633558699" role="platform"/>
  <member type="node" ref="11633558693" role="platform"/>
  <member type="node" ref="11633558687" role="platform"/>
  <member type="node" ref="9451765159" role="platform"/>
  <member type="node" ref="9452115047" role="platform"/>
  <member type="node" ref="9452115050" role="platform"/>
  <member type="node" ref="2625558672" role="platform"/>
  <member type="node" ref="2109249036" role="platform"/>
  <member type="node" ref="10267511214" role="platform"/>
  <member type="node" ref="2264507211" role="platform"/>
  <member type="node" ref="290600755" role="platform"/>
  <member type="node" ref="9572017364" role="platform"/>
  <member type="node" ref="11018125421" role="platform"/>
  <member type="node" ref="11074650751" role="platform"/>
  <member type="node" ref="10060047891" role="platform"/>
  <member type="node" ref="10060047896" role="platform"/>
  <member type="node" ref="9983429205" role="platform"/>
  <member type="node" ref="9983429211" role="platform"/>
  <member type="node" ref="9983429214" role="platform"/>
  <member type="node" ref="1420940424" role="platform"/>
  <member type="node" ref="9643265567" role="platform"/>
  <member type="node" ref="10761230375" role="platform"/>
  <member type="node" ref="9721151471" role="platform"/>
  <member type="node" ref="9721205700" role="platform"/>
  <member type="node" ref="9841393899" role="platform"/>
  <member type="node" ref="9841393905" role="platform"/>
  <member type="node" ref="9724091945" role="platform"/>
  <member type="node" ref="9966227766" role="platform"/>
  <member type="node" ref="1854582172" role="platform"/>
  <member type="node" ref="9966227765" role="platform"/>
  <member type="node" ref="9966227762" role="platform"/>
  <member type="node" ref="1854582203" role="platform"/>
  <member type="node" ref="1854628849" role="platform"/>
  <member type="node" ref="12797199615" role="platform_exit_only"/>
  <member type="way" ref="138597859" role=""/>
  <member type="way" ref="138589993" role=""/>
  <member type="way" ref="138592567" role=""/>
  <member type="way" ref="138592574" role=""/>
  <member type="way" ref="138592576" role=""/>
  <member type="way" ref="1382218936" role=""/>
  <member type="way" ref="138592586" role=""/>
  <member type="way" ref="696152901" role=""/>
  <member type="way" ref="1249576863" role=""/>
  <member type="way" ref="138592568" role=""/>
  <member type="way" ref="1381403169" role=""/>
  <member type="way" ref="1381403170" role=""/>
  <member type="way" ref="22067192" role=""/>
  <member type="way" ref="1249790336" role=""/>
  <member type="way" ref="1251543095" role=""/>
  <member type="way" ref="1251545717" role=""/>
  <member type="way" ref="1251543094" role=""/>
  <member type="way" ref="202071411" role=""/>
  <member type="way" ref="177052500" role=""/>
  <member type="way" ref="1251543093" role=""/>
  <member type="way" ref="1251476914" role=""/>
  <member type="way" ref="1251476913" role=""/>
  <member type="way" ref="1278983411" role=""/>
  <member type="way" ref="1278983410" role=""/>
  <member type="way" ref="26152121" role=""/>
  <member type="way" ref="1278983401" role=""/>
  <member type="way" ref="1278983396" role=""/>
  <member type="way" ref="1278983402" role=""/>
  <member type="way" ref="1278983395" role=""/>
  <member type="way" ref="1278983391" role=""/>
  <member type="way" ref="1278983390" role=""/>
  <member type="way" ref="1251543096" role=""/>
  <member type="way" ref="1251483049" role=""/>
  <member type="way" ref="1329262745" role=""/>
  <member type="way" ref="237206676" role=""/>
  <member type="way" ref="1251915021" role=""/>
  <member type="way" ref="200964965" role=""/>
  <member type="way" ref="1251483050" role=""/>
  <member type="way" ref="26328075" role=""/>
  <member type="way" ref="26328073" role=""/>
  <member type="way" ref="22800022" role=""/>
  <member type="way" ref="217159103" role=""/>
  <member type="way" ref="174646975" role=""/>
  <member type="way" ref="26139159" role=""/>
  <member type="way" ref="161444977" role=""/>
  <member type="way" ref="193142193" role=""/>
  <member type="way" ref="1278955750" role=""/>
  <member type="way" ref="174646963" role=""/>
  <member type="way" ref="50633435" role=""/>
  <member type="way" ref="114077390" role=""/>
  <member type="way" ref="127635198" role=""/>
  <member type="way" ref="127635205" role=""/>
  <member type="way" ref="127635208" role=""/>
  <member type="way" ref="235466190" role=""/>
  <member type="way" ref="114077391" role=""/>
  <member type="way" ref="136968705" role=""/>
  <member type="way" ref="146452468" role=""/>
  <member type="way" ref="138684851" role=""/>
  <member type="way" ref="863690578" role=""/>
  <member type="way" ref="863690577" role=""/>
  <member type="way" ref="136867396" role=""/>
  <member type="way" ref="170473547" role=""/>
  <member type="way" ref="1037958211" role=""/>
  <member type="way" ref="26812102" role=""/>
  <member type="way" ref="1037958209" role=""/>
  <member type="way" ref="121778742" role=""/>
  <member type="way" ref="174787784" role=""/>
  <member type="way" ref="233756369" role=""/>
  <member type="way" ref="143599427" role=""/>
  <member type="way" ref="143599463" role=""/>
  <member type="way" ref="25446417" role=""/>
  <member type="way" ref="143599468" role=""/>
  <member type="way" ref="174144377" role=""/>
  <member type="way" ref="143599455" role=""/>
  <member type="way" ref="42454291" role=""/>
  <member type="way" ref="1132200760" role=""/>
  <member type="way" ref="1132200759" role=""/>
  <member type="way" ref="154526687" role=""/>
  <member type="way" ref="25446420" role=""/>
  <member type="way" ref="25446418" role=""/>
  <member type="way" ref="1090774562" role=""/>
  <member type="way" ref="164599645" role=""/>
  <member type="way" ref="174799512" role=""/>
  <member type="way" ref="174799515" role=""/>
  <member type="way" ref="114108343" role=""/>
  <member type="way" ref="174799502" role=""/>
  <member type="way" ref="155236063" role=""/>
  <member type="way" ref="174799504" role=""/>
  <member type="way" ref="26403971" role=""/>
  <member type="way" ref="174799484" role=""/>
  <member type="way" ref="174799530" role=""/>
  <member type="way" ref="174799480" role=""/>
  <member type="way" ref="1382218947" role=""/>
  <tag k="fee" v="yes"/>
  <tag k="from" v="永丰公交场站"/>
  <tag k="name" v="365路：永丰公交场站 -&gt; 闵庄南里"/>
  <tag k="name:zh" v="365路：永丰公交场站 -&gt; 闵庄南里"/>
  <tag k="network" v="北京公交"/>
  <tag k="network:en" v="Beijing Public Transport"/>
  <tag k="network:wikidata" v="Q4881181"/>
  <tag k="network:wikipedia" v="zh:北京公交"/>
  <tag k="network:zh" v="北京公交"/>
  <tag k="opening_hours" v="Mo-Su 05:30-21:00"/>
  <tag k="payment:alipay" v="yes"/>
  <tag k="payment:cash" v="yes"/>
  <tag k="payment:china_t-union" v="yes"/>
  <tag k="payment:coins" v="yes"/>
  <tag k="payment:ic" v="yes"/>
  <tag k="payment:unionpay" v="yes"/>
  <tag k="payment:wechat" v="yes"/>
  <tag k="public_transport:version" v="2"/>
  <tag k="ref" v="365"/>
  <tag k="route" v="bus"/>
  <tag k="to" v="闵庄南里"/>
  <tag k="type" v="route"/>
 </relation>
 <relation id="1867400" visible="true" version="87" changeset="187565426" timestamp="2026-08-17T03:36:53Z" user="hahae" uid="19218869">
  <member type="node" ref="10884246579" role="platform_entry_only"/>
  <member type="node" ref="2112501384" role="platform"/>
  <member type="node" ref="10267511214" role="platform"/>
  <member type="node" ref="2264507211" role="platform"/>
  <member type="node" ref="290600755" role="platform"/>
  <member type="node" ref="9572017364" role="platform"/>
  <member type="node" ref="9572017365" role="platform"/>
  <member type="node" ref="11018125421" role="platform"/>
  <member type="node" ref="11074650751" role="platform"/>
  <member type="node" ref="10060047891" role="platform"/>
  <member type="node" ref="10060047896" role="platform"/>
  <member type="node" ref="9983429206" role="platform"/>
  <member type="node" ref="9983429213" role="platform"/>
  <member type="node" ref="9983429214" role="platform"/>
  <member type="node" ref="9983440420" role="platform"/>
  <member type="node" ref="1420940428" role="platform"/>
  <member type="node" ref="9643265567" role="platform"/>
  <member type="node" ref="10011109084" role="platform"/>
  <member type="node" ref="10761230374" role="platform"/>
  <member type="node" ref="9721151467" role="platform"/>
  <member type="node" ref="9721202428" role="platform"/>
  <member type="node" ref="9997528657" role="platform"/>
  <member type="node" ref="10874915234" role="platform"/>
  <member type="node" ref="9721890876" role="platform"/>
  <member type="node" ref="9357017217" role="platform"/>
  <member type="node" ref="10125573749" role="platform"/>
  <member type="node" ref="10117765181" role="platform"/>
  <member type="node" ref="10117765183" role="platform"/>
  <member type="node" ref="10052900068" role="platform"/>
  <member type="node" ref="9702431984" role="platform"/>
  <member type="node" ref="9848227275" role="platform"/>
  <member type="node" ref="9721179771" role="platform"/>
  <member type="node" ref="9345311601" role="platform"/>
  <member type="node" ref="9345343716" role="platform"/>
  <member type="node" ref="1647734568" role="platform_exit_only"/>
  <member type="way" ref="1171296755" role=""/>
  <member type="way" ref="1171296759" role=""/>
  <member type="way" ref="1171296760" role=""/>
  <member type="way" ref="1171296761" role=""/>
  <member type="way" ref="1171296762" role=""/>
  <member type="way" ref="1383756035" role=""/>
  <member type="way" ref="1383769293" role=""/>
  <member type="way" ref="1383756033" role=""/>
  <member type="way" ref="26152139" role=""/>
  <member type="way" ref="1055429167" role=""/>
  <member type="way" ref="1055429166" role=""/>
  <member type="way" ref="22800022" role=""/>
  <member type="way" ref="217159103" role=""/>
  <member type="way" ref="174646975" role=""/>
  <member type="way" ref="26139159" role=""/>
  <member type="way" ref="161444977" role=""/>
  <member type="way" ref="193142193" role=""/>
  <member type="way" ref="1278955750" role=""/>
  <member type="way" ref="174646963" role=""/>
  <member type="way" ref="50633435" role=""/>
  <member type="way" ref="114077390" role=""/>
  <member type="way" ref="127635198" role=""/>
  <member type="way" ref="127635205" role=""/>
  <member type="way" ref="127635208" role=""/>
  <member type="way" ref="235466190" role=""/>
  <member type="way" ref="114077391" role=""/>
  <member type="way" ref="136968705" role=""/>
  <member type="way" ref="146452468" role=""/>
  <member type="way" ref="138684851" role=""/>
  <member type="way" ref="863690578" role=""/>
  <member type="way" ref="863690577" role=""/>
  <member type="way" ref="136867396" role=""/>
  <member type="way" ref="170473547" role=""/>
  <member type="way" ref="1037958211" role=""/>
  <member type="way" ref="26812102" role=""/>
  <member type="way" ref="1037958209" role=""/>
  <member type="way" ref="121778742" role=""/>
  <member type="way" ref="174787784" role=""/>
  <member type="way" ref="233756369" role=""/>
  <member type="way" ref="143599422" role=""/>
  <member type="way" ref="1550264395" role=""/>
  <member type="way" ref="26812131" role=""/>
  <member type="way" ref="30064875" role=""/>
  <member type="way" ref="219439618" role=""/>
  <member type="way" ref="175590393" role=""/>
  <member type="way" ref="1304238421" role=""/>
  <member type="way" ref="139339323" role=""/>
  <member type="way" ref="139339320" role=""/>
  <member type="way" ref="1169515685" role=""/>
  <member type="way" ref="128009684" role=""/>
  <member type="way" ref="77305475" role=""/>
  <member type="way" ref="77305476" role=""/>
  <member type="way" ref="128009725" role=""/>
  <member type="way" ref="143832454" role=""/>
  <member type="way" ref="229616672" role=""/>
  <member type="way" ref="229616930" role=""/>
  <member type="way" ref="1091644286" role=""/>
  <member type="way" ref="33610094" role=""/>
  <member type="way" ref="127464508" role=""/>
  <member type="way" ref="167648260" role=""/>
  <member type="way" ref="1091644285" role=""/>
  <member type="way" ref="1091644283" role=""/>
  <member type="way" ref="1095532470" role=""/>
  <member type="way" ref="1097863982" role=""/>
  <member type="way" ref="1097886735" role=""/>
  <member type="way" ref="1095568620" role=""/>
  <member type="way" ref="155577034" role=""/>
  <member type="way" ref="1058236542" role=""/>
  <member type="way" ref="216962196" role=""/>
  <member type="way" ref="127467606" role=""/>
  <member type="way" ref="1073563367" role=""/>
  <member type="way" ref="155577036" role=""/>
  <member type="way" ref="146696747" role=""/>
  <member type="way" ref="146696743" role=""/>
  <member type="way" ref="146696746" role=""/>
  <member type="way" ref="155577063" role=""/>
  <member type="way" ref="1061577712" role=""/>
  <member type="way" ref="1061577709" role=""/>
  <member type="way" ref="155577066" role=""/>
  <member type="way" ref="1061577708" role=""/>
  <member type="way" ref="1091840785" role=""/>
  <member type="way" ref="249216141" role=""/>
  <member type="way" ref="143832432" role=""/>
  <member type="way" ref="155577061" role=""/>
  <tag k="fee" v="yes"/>
  <tag k="from" v="清河火车站"/>
  <tag k="name" v="320路：清河火车站 -&gt; 北京西站"/>
  <tag k="name:zh" v="320路：清河火车站 -&gt; 北京西站"/>
  <tag k="network" v="北京公交"/>
  <tag k="network:en" v="Beijing Public Transport"/>
  <tag k="network:wikidata" v="Q4881181"/>
  <tag k="network:wikipedia" v="zh:北京公交"/>
  <tag k="network:zh" v="北京公交"/>
  <tag k="opening_hours" v="Mo-Su 05:00-23:00"/>
  <tag k="payment:alipay" v="yes"/>
  <tag k="payment:cash" v="yes"/>
  <tag k="payment:china_t-union" v="yes"/>
  <tag k="payment:coins" v="yes"/>
  <tag k="payment:ic" v="yes"/>
  <tag k="payment:unionpay" v="yes"/>
  <tag k="payment:wechat" v="yes"/>
  <tag k="public_transport:version" v="2"/>
  <tag k="ref" v="320"/>
  <tag k="route" v="bus"/>
  <tag k="to" v="北京西站"/>
  <tag k="type" v="route"/>
 </relation>
 <relation id="1867401" visible="true" version="6" changeset="136619198" timestamp="2023-05-27T10:38:04Z" user="vimacs_hacks" uid="13417651">
  <member type="relation" ref="1867400" role=""/>
  <member type="relation" ref="2313392" role=""/>
  <tag k="name" v="北京公交320路"/>
  <tag k="name:zh" v="北京公交320路"/>
  <tag k="network" v="北京公交"/>
  <tag k="network:en" v="Beijing Public Transport"/>
  <tag k="network:wikidata" v="Q4881181"/>
  <tag k="network:wikipedia" v="zh:北京公交"/>
  <tag k="network:zh" v="北京公交"/>
  <tag k="operator" v="北京公交集团第四客运分公司"/>
  <tag k="ref" v="320"/>
  <tag k="route_master" v="bus"/>
  <tag k="type" v="route_master"/>
 </relation>
 <relation id="1875735" visible="true" version="91" changeset="181828976" timestamp="2026-04-26T03:20:09Z" user="vimacs_hacks" uid="13417651">
  <member type="node" ref="11617772711" role="platform_entry_only"/>
  <member type="node" ref="11617772706" role="platform"/>
  <member type="node" ref="11633558699" role="platform"/>
  <member type="node" ref="11633558693" role="platform"/>
  <member type="node" ref="11633558687" role="platform"/>
  <member type="node" ref="9451765159" role="platform"/>
  <member type="node" ref="9452115046" role="platform"/>
  <member type="node" ref="9452115042" role="platform"/>
  <member type="node" ref="9452115050" role="platform"/>
  <member type="node" ref="2625558672" role="platform"/>
  <member type="node" ref="2109249036" role="platform"/>
  <member type="node" ref="10267511214" role="platform"/>
  <member type="node" ref="2264507211" role="platform"/>
  <member type="node" ref="290600755" role="platform"/>
  <member type="node" ref="9572017364" role="platform"/>
  <member type="node" ref="9572017365" role="platform"/>
  <member type="node" ref="9572017361" role="platform"/>
  <member type="node" ref="11074650751" role="platform"/>
  <member type="node" ref="10060047891" role="platform"/>
  <member type="node" ref="10060047896" role="platform"/>
  <member type="node" ref="9983429205" role="platform"/>
  <member type="node" ref="9983429213" role="platform"/>
  <member type="node" ref="9983429215" role="platform"/>
  <member type="node" ref="9983440420" role="platform"/>
  <member type="node" ref="9721036835" role="platform"/>
  <member type="node" ref="9982786144" role="platform"/>
  <member type="node" ref="10096799578" role="platform"/>
  <member type="node" ref="2442645760" role="platform"/>
  <member type="node" ref="1771676973" role="platform"/>
  <member type="node" ref="1771676933" role="platform"/>
  <member type="node" ref="7644748907" role="platform"/>
  <member type="node" ref="9724119383" role="platform"/>
  <member type="node" ref="10240206676" role="platform"/>
  <member type="node" ref="9798044556" role="platform"/>
  <member type="node" ref="9798051278" role="platform"/>
  <member type="node" ref="9798008780" role="platform"/>
  <member type="node" ref="11071362859" role="platform"/>
  <member type="node" ref="9798201897" role="platform"/>
  <member type="node" ref="11496698151" role="platform"/>
  <member type="node" ref="7640439594" role="platform"/>
  <member type="node" ref="7640432799" role="platform"/>
  <member type="node" ref="10055077286" role="platform"/>
  <member type="node" ref="10055093959" role="platform"/>
  <member type="node" ref="10055101529" role="platform"/>
  <member type="node" ref="11076342755" role="platform"/>
  <member type="node" ref="10055104344" role="platform"/>
  <member type="node" ref="10553817019" role="platform"/>
  <member type="node" ref="10553817017" role="platform"/>
  <member type="node" ref="1771721929" role="platform"/>
  <member type="node" ref="9796057673" role="platform"/>
  <member type="node" ref="9665886947" role="platform"/>
  <member type="node" ref="9748269620" role="platform_exit_only"/>
  <member type="way" ref="1249786695" role=""/>
  <member type="way" ref="1249790331" role=""/>
  <member type="way" ref="1249786696" role=""/>
  <member type="way" ref="210697504" role=""/>
  <member type="way" ref="1249786691" role=""/>
  <member type="way" ref="1249790332" role=""/>
  <member type="way" ref="1251476916" role=""/>
  <member type="way" ref="202071411" role=""/>
  <member type="way" ref="177052500" role=""/>
  <member type="way" ref="1251543093" role=""/>
  <member type="way" ref="1251476914" role=""/>
  <member type="way" ref="1251476913" role=""/>
  <member type="way" ref="1278983411" role=""/>
  <member type="way" ref="1278983410" role=""/>
  <member type="way" ref="26152121" role=""/>
  <member type="way" ref="1278983401" role=""/>
  <member type="way" ref="1278983396" role=""/>
  <member type="way" ref="1278983402" role=""/>
  <member type="way" ref="1278983395" role=""/>
  <member type="way" ref="1278983391" role=""/>
  <member type="way" ref="1278983390" role=""/>
  <member type="way" ref="1251543096" role=""/>
  <member type="way" ref="1251483049" role=""/>
  <member type="way" ref="1329262745" role=""/>
  <member type="way" ref="237206676" role=""/>
  <member type="way" ref="1251915021" role=""/>
  <member type="way" ref="200964965" role=""/>
  <member type="way" ref="1251483050" role=""/>
  <member type="way" ref="26328075" role=""/>
  <member type="way" ref="26328073" role=""/>
  <member type="way" ref="22800022" role=""/>
  <member type="way" ref="217159103" role=""/>
  <member type="way" ref="174646975" role=""/>
  <member type="way" ref="26139159" role=""/>
  <member type="way" ref="161444977" role=""/>
  <member type="way" ref="193142193" role=""/>
  <member type="way" ref="1278955750" role=""/>
  <member type="way" ref="174646963" role=""/>
  <member type="way" ref="50633435" role=""/>
  <member type="way" ref="114077390" role=""/>
  <member type="way" ref="127635198" role=""/>
  <member type="way" ref="127635205" role=""/>
  <member type="way" ref="127635208" role=""/>
  <member type="way" ref="235466190" role=""/>
  <member type="way" ref="114077391" role=""/>
  <member type="way" ref="136968705" role=""/>
  <member type="way" ref="146452468" role=""/>
  <member type="way" ref="138684851" role=""/>
  <member type="way" ref="863690578" role=""/>
  <member type="way" ref="863690577" role=""/>
  <member type="way" ref="136867396" role=""/>
  <member type="way" ref="170473547" role=""/>
  <member type="way" ref="165628815" role=""/>
  <member type="way" ref="1379276563" role=""/>
  <member type="way" ref="1188308801" role=""/>
  <member type="way" ref="114108346" role=""/>
  <member type="way" ref="194922781" role=""/>
  <member type="way" ref="165628816" role=""/>
  <member type="way" ref="165628688" role=""/>
  <member type="way" ref="164601680" role=""/>
  <member type="way" ref="164601694" role=""/>
  <member type="way" ref="165628794" role=""/>
  <member type="way" ref="165628814" role=""/>
  <member type="way" ref="114108332" role=""/>
  <member type="way" ref="1186361581" role=""/>
  <member type="way" ref="234435441" role=""/>
  <member type="way" ref="234435444" role=""/>
  <member type="way" ref="114108313" role=""/>
  <member type="way" ref="165628796" role=""/>
  <member type="way" ref="174799502" role=""/>
  <member type="way" ref="114108352" role=""/>
  <member type="way" ref="155236079" role=""/>
  <member type="way" ref="174799513" role=""/>
  <member type="way" ref="154526759" role=""/>
  <member type="way" ref="1219682085" role=""/>
  <member type="way" ref="1188308799" role=""/>
  <member type="way" ref="165628869" role=""/>
  <member type="way" ref="165628888" role=""/>
  <member type="way" ref="154526743" role=""/>
  <member type="way" ref="1147837369" role=""/>
  <member type="way" ref="1364045762" role=""/>
  <member type="way" ref="165628855" role=""/>
  <member type="way" ref="165628858" role=""/>
  <member type="way" ref="165628865" role=""/>
  <member type="way" ref="165628877" role=""/>
  <member type="way" ref="165628874" role=""/>
  <member type="way" ref="165628866" role=""/>
  <member type="way" ref="155236062" role=""/>
  <member type="way" ref="1066941031" role=""/>
  <member type="way" ref="1067113848" role=""/>
  <member type="way" ref="1096754838" role=""/>
  <member type="way" ref="1098151151" role=""/>
  <member type="way" ref="236220785" role=""/>
  <member type="way" ref="620715879" role=""/>
  <member type="way" ref="165628780" role=""/>
  <member type="way" ref="165628852" role=""/>
  <member type="way" ref="1192675194" role=""/>
  <member type="way" ref="1067113847" role=""/>
  <member type="way" ref="121649180" role=""/>
  <member type="way" ref="1131973591" role=""/>
  <member type="way" ref="121651117" role=""/>
  <member type="way" ref="1280637913" role=""/>
  <member type="way" ref="165628714" role=""/>
  <member type="way" ref="1128220952" role=""/>
  <member type="way" ref="1239651083" role=""/>
  <member type="way" ref="1239651084" role=""/>
  <member type="way" ref="1239797976" role=""/>
  <member type="way" ref="165628853" role=""/>
  <member type="way" ref="1215792218" role=""/>
  <member type="way" ref="241240049" role=""/>
  <member type="way" ref="165630775" role=""/>
  <member type="way" ref="165630787" role=""/>
  <member type="way" ref="1188308797" role=""/>
  <member type="way" ref="1412660024" role=""/>
  <member type="way" ref="1077143394" role=""/>
  <member type="way" ref="1013622716" role=""/>
  <member type="way" ref="1239812190" role=""/>
  <member type="way" ref="1097960727" role=""/>
  <member type="way" ref="946163342" role=""/>
  <member type="way" ref="1077147912" role=""/>
  <member type="way" ref="165630785" role=""/>
  <member type="way" ref="30878188" role=""/>
  <member type="way" ref="30878189" role=""/>
  <member type="way" ref="150926340" role=""/>
  <member type="way" ref="27054412" role=""/>
  <member type="way" ref="152643559" role=""/>
  <member type="way" ref="1411402712" role=""/>
  <member type="way" ref="42416248" role=""/>
  <member type="way" ref="252635119" role=""/>
  <member type="way" ref="1239812193" role=""/>
  <member type="way" ref="252635135" role=""/>
  <member type="way" ref="1155784866" role=""/>
  <member type="way" ref="1251483052" role=""/>
  <member type="way" ref="150899344" role=""/>
  <member type="way" ref="165632731" role=""/>
  <member type="way" ref="1066477743" role=""/>
  <member type="way" ref="47501772" role=""/>
  <member type="way" ref="1127942990" role=""/>
  <member type="way" ref="1066499940" role=""/>
  <member type="way" ref="1066499939" role=""/>
  <member type="way" ref="1146547813" role=""/>
  <member type="way" ref="1262959595" role=""/>
  <member type="way" ref="1017721356" role=""/>
  <member type="way" ref="1072680074" role=""/>
  <member type="way" ref="13514983" role=""/>
  <member type="way" ref="1072666796" role=""/>
  <member type="way" ref="165634594" role=""/>
  <member type="way" ref="1036300808" role=""/>
  <member type="way" ref="1124422947" role=""/>
  <member type="way" ref="701219866" role=""/>
  <member type="way" ref="701219867" role=""/>
  <member type="way" ref="701219882" role=""/>
  <member type="way" ref="1364425664" role=""/>
  <member type="way" ref="1189841564" role=""/>
  <member type="way" ref="1245974732" role=""/>
  <member type="way" ref="701219879" role=""/>
  <member type="way" ref="1280567398" role=""/>
  <tag k="fee" v="yes"/>
  <tag k="from" v="土井村西口"/>
  <tag k="name" v="982路：土井村西口 -&gt; 北京西站南广场"/>
  <tag k="name:zh" v="982路：土井村西口 -&gt; 北京西站南广场"/>
  <tag k="network" v="北京公交"/>
  <tag k="network:en" v="Beijing Public Transport"/>
  <tag k="network:wikidata" v="Q4881181"/>
  <tag k="network:wikipedia" v="zh:北京公交"/>
  <tag k="network:zh" v="北京公交"/>
  <tag k="opening_hours" v="Mo-Su 05:00-20:30"/>
  <tag k="payment:alipay" v="yes"/>
  <tag k="payment:cash" v="yes"/>
  <tag k="payment:china_t-union" v="yes"/>
  <tag k="payment:coins" v="yes"/>
  <tag k="payment:ic" v="yes"/>
  <tag k="payment:unionpay" v="yes"/>
  <tag k="payment:wechat" v="yes"/>
  <tag k="public_transport:version" v="2"/>
  <tag k="ref" v="982"/>
  <tag k="route" v="bus"/>
  <tag k="to" v="北京西站南广场"/>
  <tag k="type" v="route"/>
 </relation>
 <relation id="1875744" visible="true" version="69" changeset="186634277" timestamp="2026-07-30T09:59:33Z" user="Summer200101" uid="17234617">
  <member type="node" ref="12750030428" role="platform_entry_only"/>
  <member type="node" ref="2499307877" role="platform"/>
  <member type="node" ref="11948437912" role="platform"/>
  <member type="node" ref="12750030427" role="platform"/>
  <member type="node" ref="13752849281" role="platform"/>
  <member type="node" ref="11687435777" role="platform"/>
  <member type="node" ref="11935342021" role="platform"/>
  <member type="node" ref="11935342019" role="platform"/>
  <member type="node" ref="12091440671" role="platform"/>
  <member type="node" ref="12091440669" role="platform"/>
  <member type="node" ref="12091432767" role="platform"/>
  <member type="node" ref="12091432765" role="platform"/>
  <member type="node" ref="12091432763" role="platform"/>
  <member type="node" ref="7610729799" role="platform"/>
  <member type="node" ref="7610719637" role="platform"/>
  <member type="node" ref="7610678671" role="platform"/>
  <member type="node" ref="7610716057" role="platform"/>
  <member type="node" ref="7610741815" role="platform"/>
  <member type="node" ref="10067941414" role="platform"/>
  <member type="node" ref="2303435370" role="platform"/>
  <member type="node" ref="1412740658" role="platform"/>
  <member type="node" ref="1412740652" role="platform"/>
  <member type="node" ref="1412740653" role="platform"/>
  <member type="node" ref="1412183344" role="platform"/>
  <member type="node" ref="1412183341" role="platform"/>
  <member type="node" ref="1412183180" role="platform"/>
  <member type="node" ref="2303376667" role="platform"/>
  <member type="node" ref="1412183334" role="platform"/>
  <member type="node" ref="2302639232" role="platform"/>
  <member type="node" ref="11018125423" role="platform"/>
  <member type="node" ref="9572017364" role="platform"/>
  <member type="node" ref="9572017365" role="platform"/>
  <member type="node" ref="11018125421" role="platform"/>
  <member type="node" ref="11074650751" role="platform"/>
  <member type="node" ref="10060047891" role="platform"/>
  <member type="node" ref="10060047896" role="platform"/>
  <member type="node" ref="9983429206" role="platform"/>
  <member type="node" ref="9983429213" role="platform"/>
  <member type="node" ref="9983429215" role="platform"/>
  <member type="node" ref="1420940424" role="platform"/>
  <member type="node" ref="1805196134" role="platform"/>
  <member type="node" ref="1805196125" role="platform_exit_only"/>
  <member type="way" ref="1382219274" role=""/>
  <member type="way" ref="1502502743" role=""/>
  <member type="way" ref="1502502754" role=""/>
  <member type="way" ref="1502566152" role=""/>
  <member type="way" ref="1175045592" role=""/>
  <member type="way" ref="1502502751" role=""/>
  <member type="way" ref="1500295388" role=""/>
  <member type="way" ref="1502544028" role=""/>
  <member type="way" ref="1502544025" role=""/>
  <member type="way" ref="1502502738" role=""/>
  <member type="way" ref="1502502728" role=""/>
  <member type="way" ref="1502502725" role=""/>
  <member type="way" ref="1485871529" role=""/>
  <member type="way" ref="1490967426" role=""/>
  <member type="way" ref="1490967430" role=""/>
  <member type="way" ref="1490967433" role=""/>
  <member type="way" ref="1485875943" role=""/>
  <member type="way" ref="143752507" role=""/>
  <member type="way" ref="1502529512" role=""/>
  <member type="way" ref="1502529514" role=""/>
  <member type="way" ref="1502529518" role=""/>
  <member type="way" ref="1502529516" role=""/>
  <member type="way" ref="691456228" role=""/>
  <member type="way" ref="1502536156" role=""/>
  <member type="way" ref="923236680" role=""/>
  <member type="way" ref="1530272574" role=""/>
  <member type="way" ref="1531904224" role=""/>
  <member type="way" ref="1531904227" role=""/>
  <member type="way" ref="1531904231" role=""/>
  <member type="way" ref="1531904234" role=""/>
  <member type="way" ref="47795539" role=""/>
  <member type="way" ref="1535693331" role=""/>
  <member type="way" ref="1186225520" role=""/>
  <member type="way" ref="1186225517" role=""/>
  <member type="way" ref="221308809" role=""/>
  <member type="way" ref="139502710" role=""/>
  <member type="way" ref="1531981953" role=""/>
  <member type="way" ref="221301860" role=""/>
  <member type="way" ref="1379260292" role=""/>
  <member type="way" ref="1362627710" role=""/>
  <member type="way" ref="1379276565" role=""/>
  <member type="way" ref="26141475" role=""/>
  <member type="way" ref="42346520" role=""/>
  <member type="way" ref="1313039016" role=""/>
  <member type="way" ref="1313039017" role=""/>
  <member type="way" ref="221301861" role=""/>
  <member type="way" ref="1270104343" role=""/>
  <member type="way" ref="143752502" role=""/>
  <member type="way" ref="151917569" role=""/>
  <member type="way" ref="127635188" role=""/>
  <member type="way" ref="25375865" role=""/>
  <member type="way" ref="217337712" role=""/>
  <member type="way" ref="1248991770" role=""/>
  <member type="way" ref="1122655528" role=""/>
  <member type="way" ref="143752498" role=""/>
  <member type="way" ref="161470119" role=""/>
  <member type="way" ref="161444990" role=""/>
  <member type="way" ref="26328069" role=""/>
  <member type="way" ref="161444977" role=""/>
  <member type="way" ref="193142193" role=""/>
  <member type="way" ref="1278955750" role=""/>
  <member type="way" ref="174646963" role=""/>
  <member type="way" ref="50633435" role=""/>
  <member type="way" ref="114077390" role=""/>
  <member type="way" ref="127635198" role=""/>
  <member type="way" ref="127635205" role=""/>
  <member type="way" ref="127635208" role=""/>
  <member type="way" ref="235466190" role=""/>
  <member type="way" ref="114077391" role=""/>
  <member type="way" ref="136968705" role=""/>
  <member type="way" ref="146452468" role=""/>
  <member type="way" ref="138684851" role=""/>
  <member type="way" ref="863690578" role=""/>
  <member type="way" ref="863690577" role=""/>
  <member type="way" ref="136867396" role=""/>
  <member type="way" ref="170473547" role=""/>
  <member type="way" ref="1037958211" role=""/>
  <member type="way" ref="26812102" role=""/>
  <member type="way" ref="1037958209" role=""/>
  <member type="way" ref="121778742" role=""/>
  <member type="way" ref="136511990" role=""/>
  <member type="way" ref="136511997" role=""/>
  <tag k="fee" v="yes"/>
  <tag k="from" v="龙锦苑公交场站"/>
  <tag k="name" v="681路：龙锦苑公交场站 -&gt; 海淀中街"/>
  <tag k="name:zh" v="681路：龙锦苑公交场站 -&gt; 海淀中街"/>
  <tag k="network" v="北京公交"/>
  <tag k="network:en" v="Beijing Public Transport"/>
  <tag k="network:wikidata" v="Q4881181"/>
  <tag k="network:wikipedia" v="zh:北京公交"/>
  <tag k="network:zh" v="北京公交"/>
  <tag k="note" v="中关村南-海淀黄庄北 有时走辅路"/>
  <tag k="opening_hours" v="Mo-Su 05:30-21:00"/>
  <tag k="payment:alipay" v="yes"/>
  <tag k="payment:cash" v="yes"/>
  <tag k="payment:china_t-union" v="yes"/>
  <tag k="payment:coins" v="yes"/>
  <tag k="payment:ic" v="yes"/>
  <tag k="payment:unionpay" v="yes"/>
  <tag k="payment:wechat" v="yes"/>
  <tag k="public_transport:version" v="2"/>
  <tag k="ref" v="681"/>
  <tag k="route" v="bus"/>
  <tag k="to" v="海淀中街"/>
  <tag k="type" v="route"/>
 </relation>
 <relation id="1875944" visible="true" version="108" changeset="187565426" timestamp="2026-08-17T03:36:53Z" user="hahae" uid="19218869">
  <member type="node" ref="10051035837" role="platform_entry_only"/>
  <member type="node" ref="1422005500" role="platform"/>
  <member type="node" ref="9977420354" role="platform"/>
  <member type="node" ref="10548044608" role="platform"/>
  <member type="node" ref="10062726852" role="platform"/>
  <member type="node" ref="10062708783" role="platform"/>
  <member type="node" ref="10062708781" role="platform"/>
  <member type="node" ref="10062698640" role="platform"/>
  <member type="node" ref="1497364745" role="platform"/>
  <member type="node" ref="10611855548" role="platform"/>
  <member type="node" ref="10011109084" role="platform"/>
  <member type="node" ref="10761230375" role="platform"/>
  <member type="node" ref="9721151467" role="platform"/>
  <member type="node" ref="9721202426" role="platform"/>
  <member type="node" ref="9997528657" role="platform"/>
  <member type="node" ref="9997528661" role="platform"/>
  <member type="node" ref="9721872983" role="platform"/>
  <member type="node" ref="9721820956" role="platform"/>
  <member type="node" ref="9668244408" role="platform"/>
  <member type="node" ref="9702601274" role="platform"/>
  <member type="node" ref="9702601282" role="platform"/>
  <member type="node" ref="9934791321" role="platform"/>
  <member type="node" ref="9702572901" role="platform"/>
  <member type="node" ref="9702592174" role="platform"/>
  <member type="node" ref="9702456885" role="platform"/>
  <member type="node" ref="9702456892" role="platform"/>
  <member type="node" ref="9316761700" role="platform"/>
  <member type="node" ref="9316754718" role="platform"/>
  <member type="node" ref="9316754721" role="platform"/>
  <member type="node" ref="9316666473" role="platform"/>
  <member type="node" ref="9315926594" role="platform"/>
  <member type="node" ref="9702385798" role="platform"/>
  <member type="node" ref="9702385801" role="platform"/>
  <member type="node" ref="9345387524" role="platform"/>
  <member type="node" ref="9345343714" role="platform_exit_only"/>
  <member type="way" ref="181977924" role=""/>
  <member type="way" ref="159524586" role=""/>
  <member type="way" ref="159524538" role=""/>
  <member type="way" ref="182013178" role=""/>
  <member type="way" ref="138686519" role=""/>
  <member type="way" ref="128620771" role=""/>
  <member type="way" ref="24691164" role=""/>
  <member type="way" ref="128620797" role=""/>
  <member type="way" ref="1410925701" role=""/>
  <member type="way" ref="128620799" role=""/>
  <member type="way" ref="128620767" role=""/>
  <member type="way" ref="128620761" role=""/>
  <member type="way" ref="164895156" role=""/>
  <member type="way" ref="128620800" role=""/>
  <member type="way" ref="25686353" role=""/>
  <member type="way" ref="22069891" role=""/>
  <member type="way" ref="146747107" role=""/>
  <member type="way" ref="146747108" role=""/>
  <member type="way" ref="240825498" role=""/>
  <member type="way" ref="33455540" role=""/>
  <member type="way" ref="164899661" role=""/>
  <member type="way" ref="128753730" role=""/>
  <member type="way" ref="177353873" role=""/>
  <member type="way" ref="163822320" role=""/>
  <member type="way" ref="1037958212" role=""/>
  <member type="way" ref="143832436" role=""/>
  <member type="way" ref="1037958208" role=""/>
  <member type="way" ref="121778742" role=""/>
  <member type="way" ref="174787784" role=""/>
  <member type="way" ref="233756369" role=""/>
  <member type="way" ref="143599422" role=""/>
  <member type="way" ref="1550264395" role=""/>
  <member type="way" ref="26812131" role=""/>
  <member type="way" ref="30064875" role=""/>
  <member type="way" ref="219439618" role=""/>
  <member type="way" ref="175590393" role=""/>
  <member type="way" ref="1304238421" role=""/>
  <member type="way" ref="139339323" role=""/>
  <member type="way" ref="139339320" role=""/>
  <member type="way" ref="1169515685" role=""/>
  <member type="way" ref="128009684" role=""/>
  <member type="way" ref="77305475" role=""/>
  <member type="way" ref="77305476" role=""/>
  <member type="way" ref="128009688" role=""/>
  <member type="way" ref="139339332" role=""/>
  <member type="way" ref="235266836" role=""/>
  <member type="way" ref="1095413070" role=""/>
  <member type="way" ref="240525525" role=""/>
  <member type="way" ref="1095568618" role=""/>
  <member type="way" ref="152171400" role=""/>
  <member type="way" ref="169853712" role=""/>
  <member type="way" ref="152171399" role=""/>
  <member type="way" ref="1055465985" role=""/>
  <member type="way" ref="1055465982" role=""/>
  <member type="way" ref="141510619" role=""/>
  <member type="way" ref="249212482" role=""/>
  <member type="way" ref="51400474" role=""/>
  <member type="way" ref="200977987" role=""/>
  <member type="way" ref="160071234" role=""/>
  <member type="way" ref="109497835" role=""/>
  <member type="way" ref="51387861" role=""/>
  <member type="way" ref="51387860" role=""/>
  <member type="way" ref="34104261" role=""/>
  <member type="way" ref="1169593607" role=""/>
  <member type="way" ref="251339293" role=""/>
  <member type="way" ref="1055899082" role=""/>
  <member type="way" ref="136879330" role=""/>
  <member type="way" ref="1315529689" role=""/>
  <member type="way" ref="145286352" role=""/>
  <member type="way" ref="144927518" role=""/>
  <member type="way" ref="114076961" role=""/>
  <member type="way" ref="184540388" role=""/>
  <member type="way" ref="150930495" role=""/>
  <member type="way" ref="128489875" role=""/>
  <member type="way" ref="173345219" role=""/>
  <member type="way" ref="173345241" role=""/>
  <member type="way" ref="1502807066" role=""/>
  <member type="way" ref="1055899081" role=""/>
  <member type="way" ref="144789897" role=""/>
  <member type="way" ref="184540558" role=""/>
  <member type="way" ref="184540559" role=""/>
  <member type="way" ref="114639034" role=""/>
  <member type="way" ref="173345232" role=""/>
  <member type="way" ref="184540585" role=""/>
  <member type="way" ref="175590404" role=""/>
  <member type="way" ref="184540586" role=""/>
  <member type="way" ref="114638561" role=""/>
  <member type="way" ref="305236380" role=""/>
  <member type="way" ref="151072001" role=""/>
  <member type="way" ref="114638568" role=""/>
  <member type="way" ref="1091506154" role=""/>
  <member type="way" ref="114638582" role=""/>
  <member type="way" ref="305236379" role=""/>
  <member type="way" ref="151072008" role=""/>
  <member type="way" ref="151072016" role=""/>
  <member type="way" ref="172430546" role=""/>
  <member type="way" ref="29577449" role=""/>
  <member type="way" ref="141533824" role=""/>
  <member type="way" ref="983419881" role=""/>
  <member type="way" ref="165746170" role=""/>
  <member type="way" ref="173345235" role=""/>
  <member type="way" ref="127481754" role=""/>
  <member type="way" ref="173345234" role=""/>
  <member type="way" ref="150801768" role=""/>
  <member type="way" ref="1280607904" role=""/>
  <member type="way" ref="1280607905" role=""/>
  <member type="way" ref="1280607906" role=""/>
  <member type="way" ref="143617315" role=""/>
  <member type="way" ref="150801770" role=""/>
  <member type="way" ref="141533814" role=""/>
  <member type="way" ref="1055899092" role=""/>
  <member type="way" ref="144927511" role=""/>
  <member type="way" ref="141533802" role=""/>
  <member type="way" ref="1091840775" role=""/>
  <member type="way" ref="1061577707" role=""/>
  <member type="way" ref="173174424" role=""/>
  <tag k="fee" v="yes"/>
  <tag k="from" v="地铁北宫门站"/>
  <tag k="name" v="夜8路：地铁北宫门站 -&gt; 小马厂"/>
  <tag k="name:zh" v="夜8路：地铁北宫门站 -&gt; 小马厂"/>
  <tag k="network" v="北京公交"/>
  <tag k="network:en" v="Beijing Public Transport"/>
  <tag k="network:wikidata" v="Q4881181"/>
  <tag k="network:wikipedia" v="zh:北京公交"/>
  <tag k="network:zh" v="北京公交"/>
  <tag k="opening_hours" v="Mo-Su 00:00-04:50,23:20-24:00"/>
  <tag k="payment:alipay" v="yes"/>
  <tag k="payment:cash" v="yes"/>
  <tag k="payment:china_t-union" v="yes"/>
  <tag k="payment:coins" v="yes"/>
  <tag k="payment:ic" v="yes"/>
  <tag k="payment:unionpay" v="yes"/>
  <tag k="payment:wechat" v="yes"/>
  <tag k="public_transport:version" v="2"/>
  <tag k="ref" v="夜8"/>
  <tag k="route" v="bus"/>
  <tag k="to" v="小马厂"/>
  <tag k="type" v="route"/>
 </relation>
 <relation id="1875945" visible="true" version="7" changeset="163090210" timestamp="2025-03-01T14:25:02Z" user="hdThomas" uid="9010216">
  <member type="relation" ref="1875944" role=""/>
  <member type="relation" ref="1922433" role=""/>
  <tag k="name" v="北京公交夜8路"/>
  <tag k="name:zh" v="北京公交夜8路"/>
  <tag k="network" v="北京公交"/>
  <tag k="network:en" v="Beijing Public Transport"/>
  <tag k="network:wikidata" v="Q4881181"/>
  <tag k="network:wikipedia" v="zh:北京公交"/>
  <tag k="network:zh" v="北京公交"/>
  <tag k="operator" v="北京公交集团第四客运分公司"/>
  <tag k="ref" v="夜8"/>
  <tag k="route_master" v="bus"/>
  <tag k="type" v="route_master"/>
 </relation>
 <relation id="1877558" visible="true" version="53" changeset="184793702" timestamp="2026-06-29T12:39:16Z" user="Summer200101" uid="17234617">
  <member type="node" ref="11017952501" role="platform_entry_only"/>
  <member type="node" ref="11017952495" role="platform"/>
  <member type="node" ref="11017952491" role="platform"/>
  <member type="node" ref="11017952405" role="platform"/>
  <member type="node" ref="11017925501" role="platform"/>
  <member type="node" ref="11017995095" role="platform"/>
  <member type="node" ref="11017995090" role="platform"/>
  <member type="node" ref="2303435370" role="platform"/>
  <member type="node" ref="1529259352" role="platform"/>
  <member type="node" ref="10704498833" role="platform"/>
  <member type="node" ref="1734338406" role="platform"/>
  <member type="node" ref="10704498859" role="platform"/>
  <member type="node" ref="7541150695" role="platform"/>
  <member type="node" ref="10732706882" role="platform"/>
  <member type="node" ref="7590707163" role="platform"/>
  <member type="node" ref="11816605568" role="platform"/>
  <member type="node" ref="1734208373" role="platform"/>
  <member type="node" ref="1734208336" role="platform"/>
  <member type="node" ref="9699426476" role="platform"/>
  <member type="node" ref="9699426480" role="platform"/>
  <member type="node" ref="9997500188" role="platform"/>
  <member type="node" ref="1499687421" role="platform"/>
  <member type="node" ref="1755858497" role="platform"/>
  <member type="node" ref="9980842163" role="platform"/>
  <member type="node" ref="10548036965" role="platform"/>
  <member type="node" ref="10548036959" role="platform"/>
  <member type="node" ref="9983429215" role="platform"/>
  <member type="node" ref="1420940424" role="platform"/>
  <member type="node" ref="1754946804" role="platform"/>
  <member type="node" ref="10114064901" role="platform"/>
  <member type="node" ref="9870619658" role="platform"/>
  <member type="node" ref="9841449874" role="platform_exit_only"/>
  <member type="way" ref="1186217784" role=""/>
  <member type="way" ref="1502822085" role=""/>
  <member type="way" ref="366912426" role=""/>
  <member type="way" ref="1186217777" role=""/>
  <member type="way" ref="1329256323" role=""/>
  <member type="way" ref="1186217792" role=""/>
  <member type="way" ref="1186225518" role=""/>
  <member type="way" ref="221308809" role=""/>
  <member type="way" ref="139502710" role=""/>
  <member type="way" ref="1186242354" role=""/>
  <member type="way" ref="1345147672" role=""/>
  <member type="way" ref="1099772812" role=""/>
  <member type="way" ref="1532514909" role=""/>
  <member type="way" ref="139502709" role=""/>
  <member type="way" ref="139542948" role=""/>
  <member type="way" ref="161468555" role=""/>
  <member type="way" ref="1246782905" role=""/>
  <member type="way" ref="161453430" role=""/>
  <member type="way" ref="116920050" role=""/>
  <member type="way" ref="116920061" role=""/>
  <member type="way" ref="177353848" role=""/>
  <member type="way" ref="48051223" role=""/>
  <member type="way" ref="161289848" role=""/>
  <member type="way" ref="145291234" role=""/>
  <member type="way" ref="145291220" role=""/>
  <member type="way" ref="42364506" role=""/>
  <member type="way" ref="1055573407" role=""/>
  <member type="way" ref="1055460652" role=""/>
  <member type="way" ref="1055573409" role=""/>
  <member type="way" ref="1055460651" role=""/>
  <member type="way" ref="121510282" role=""/>
  <member type="way" ref="161299751" role=""/>
  <member type="way" ref="121510219" role=""/>
  <member type="way" ref="1272485440" role=""/>
  <member type="way" ref="162970619" role=""/>
  <member type="way" ref="1056225058" role=""/>
  <member type="way" ref="239167098" role=""/>
  <member type="way" ref="163923659" role=""/>
  <member type="way" ref="121904215" role=""/>
  <member type="way" ref="121904214" role=""/>
  <member type="way" ref="138690684" role=""/>
  <member type="way" ref="138690677" role=""/>
  <member type="way" ref="178363625" role=""/>
  <member type="way" ref="142101048" role=""/>
  <member type="way" ref="138690693" role=""/>
  <member type="way" ref="136867396" role=""/>
  <member type="way" ref="170473547" role=""/>
  <member type="way" ref="1037958211" role=""/>
  <member type="way" ref="26812102" role=""/>
  <member type="way" ref="1037958209" role=""/>
  <member type="way" ref="121778742" role=""/>
  <member type="way" ref="174787784" role=""/>
  <member type="way" ref="136512002" role=""/>
  <member type="way" ref="1058578104" role=""/>
  <member type="way" ref="194922777" role=""/>
  <member type="way" ref="136512024" role=""/>
  <member type="way" ref="1104956587" role=""/>
  <tag k="fee" v="yes"/>
  <tag k="from" v="龙域北街东口"/>
  <tag k="name" v="307路：龙域北街东口 -&gt; 巴沟村"/>
  <tag k="name:zh" v="307路：龙域北街东口 -&gt; 巴沟村"/>
  <tag k="network" v="北京公交"/>
  <tag k="network:en" v="Beijing Public Transport"/>
  <tag k="network:wikidata" v="Q4881181"/>
  <tag k="network:wikipedia" v="zh:北京公交"/>
  <tag k="network:zh" v="北京公交"/>
  <tag k="opening_hours" v="Mo-Su 05:30-22:00"/>
  <tag k="payment:alipay" v="yes"/>
  <tag k="payment:cash" v="yes"/>
  <tag k="payment:china_t-union" v="yes"/>
  <tag k="payment:coins" v="yes"/>
  <tag k="payment:ic" v="yes"/>
  <tag k="payment:unionpay" v="yes"/>
  <tag k="payment:wechat" v="yes"/>
  <tag k="public_transport:version" v="2"/>
  <tag k="ref" v="307"/>
  <tag k="route" v="bus"/>
  <tag k="to" v="巴沟村"/>
  <tag k="type" v="route"/>
 </relation>
 <relation id="1877559" visible="true" version="5" changeset="137995262" timestamp="2023-07-01T14:49:19Z" user="vimacs_hacks" uid="13417651">
  <member type="relation" ref="1877558" role=""/>
  <member type="relation" ref="1886119" role=""/>
  <tag k="name" v="北京公交307路"/>
  <tag k="name:zh" v="北京公交307路"/>
  <tag k="network" v="北京公交"/>
  <tag k="network:en" v="Beijing Public Transport"/>
  <tag k="network:wikidata" v="Q4881181"/>
  <tag k="network:wikipedia" v="zh:北京公交"/>
  <tag k="network:zh" v="北京公交"/>
  <tag k="operator" v="北京公交集团第一客运分公司"/>
  <tag k="ref" v="307"/>
  <tag k="route_master" v="bus"/>
  <tag k="type" v="route_master"/>
 </relation>
 <relation id="1885764" visible="true" version="84" changeset="168313094" timestamp="2025-06-30T14:44:26Z" user="hdThomas" uid="9010216">
  <member type="node" ref="10051035838" role="platform_entry_only"/>
  <member type="node" ref="10051035823" role="platform"/>
  <member type="node" ref="9977420354" role="platform"/>
  <member type="node" ref="10548044607" role="platform"/>
  <member type="node" ref="9983429206" role="platform"/>
  <member type="node" ref="9983429212" role="platform"/>
  <member type="node" ref="9990963722" role="platform"/>
  <member type="node" ref="10182842165" role="platform"/>
  <member type="node" ref="9703053298" role="platform"/>
  <member type="node" ref="9703048811" role="platform"/>
  <member type="node" ref="7715095488" role="platform"/>
  <member type="node" ref="9794990052" role="platform"/>
  <member type="node" ref="9374983123" role="platform"/>
  <member type="node" ref="9374959719" role="platform"/>
  <member type="node" ref="10140026580" role="platform"/>
  <member type="node" ref="7858254641" role="platform"/>
  <member type="node" ref="9848150124" role="platform_exit_only"/>
  <member type="way" ref="1097708990" role=""/>
  <member type="way" ref="181977924" role=""/>
  <member type="way" ref="159524589" role=""/>
  <member type="way" ref="138684148" role=""/>
  <member type="way" ref="1159434706" role=""/>
  <member type="way" ref="128620797" role=""/>
  <member type="way" ref="1410925701" role=""/>
  <member type="way" ref="128620799" role=""/>
  <member type="way" ref="128620767" role=""/>
  <member type="way" ref="128620761" role=""/>
  <member type="way" ref="164895156" role=""/>
  <member type="way" ref="128620800" role=""/>
  <member type="way" ref="25686353" role=""/>
  <member type="way" ref="23426778" role=""/>
  <member type="way" ref="146452466" role=""/>
  <member type="way" ref="138684851" role=""/>
  <member type="way" ref="863690578" role=""/>
  <member type="way" ref="863690577" role=""/>
  <member type="way" ref="136867396" role=""/>
  <member type="way" ref="143832409" role=""/>
  <member type="way" ref="1037958210" role=""/>
  <member type="way" ref="143832435" role=""/>
  <member type="way" ref="1037958207" role=""/>
  <member type="way" ref="42454101" role=""/>
  <member type="way" ref="1040482676" role=""/>
  <member type="way" ref="1039471417" role=""/>
  <member type="way" ref="156469343" role=""/>
  <member type="way" ref="156469344" role=""/>
  <member type="way" ref="1053519944" role=""/>
  <member type="way" ref="121657045" role=""/>
  <member type="way" ref="1084665380" role=""/>
  <member type="way" ref="1039767670" role=""/>
  <member type="way" ref="1038252648" role=""/>
  <member type="way" ref="1053519941" role=""/>
  <member type="way" ref="1090787678" role=""/>
  <member type="way" ref="1068809903" role=""/>
  <member type="way" ref="1090787685" role=""/>
  <member type="way" ref="163825161" role=""/>
  <member type="way" ref="171983189" role=""/>
  <member type="way" ref="172179667" role=""/>
  <member type="way" ref="22759931" role=""/>
  <member type="way" ref="144929519" role=""/>
  <member type="way" ref="217106668" role=""/>
  <member type="way" ref="172180975" role=""/>
  <member type="way" ref="1056891576" role=""/>
  <member type="way" ref="1056891575" role=""/>
  <member type="way" ref="175210678" role=""/>
  <member type="way" ref="1066708135" role=""/>
  <member type="way" ref="1123122331" role=""/>
  <member type="way" ref="103140438" role=""/>
  <member type="way" ref="1015777108" role=""/>
  <member type="way" ref="121399337" role=""/>
  <member type="way" ref="1015777104" role=""/>
  <member type="way" ref="1015777105" role=""/>
  <member type="way" ref="1015777106" role=""/>
  <member type="way" ref="169102936" role=""/>
  <member type="way" ref="121399342" role=""/>
  <member type="way" ref="1111777741" role=""/>
  <member type="way" ref="26812185" role=""/>
  <member type="way" ref="229610031" role=""/>
  <member type="way" ref="171981477" role=""/>
  <member type="way" ref="1056891572" role=""/>
  <member type="way" ref="42657835" role=""/>
  <member type="way" ref="1270341615" role=""/>
  <member type="way" ref="121399235" role=""/>
  <member type="way" ref="42659111" role=""/>
  <member type="way" ref="1056891569" role=""/>
  <member type="way" ref="42489345" role=""/>
  <member type="way" ref="42489346" role=""/>
  <member type="way" ref="42660451" role=""/>
  <member type="way" ref="121399219" role=""/>
  <member type="way" ref="836784981" role=""/>
  <member type="way" ref="1074577375" role=""/>
  <member type="way" ref="1410495869" role=""/>
  <member type="way" ref="1072921770" role=""/>
  <member type="way" ref="1367739265" role=""/>
  <member type="way" ref="1115951321" role=""/>
  <member type="way" ref="1367778287" role=""/>
  <member type="way" ref="836784982" role=""/>
  <member type="way" ref="1131472941" role=""/>
  <member type="way" ref="1173714146" role=""/>
  <tag k="fee" v="yes"/>
  <tag k="from" v="地铁北宫门站"/>
  <tag k="name" v="601路：地铁北宫门站 -&gt; 和平东桥"/>
  <tag k="name:zh" v="601路：地铁北宫门站 -&gt; 和平东桥"/>
  <tag k="network" v="北京公交"/>
  <tag k="network:en" v="Beijing Public Transport"/>
  <tag k="network:wikidata" v="Q4881181"/>
  <tag k="network:wikipedia" v="zh:北京公交"/>
  <tag k="network:zh" v="北京公交"/>
  <tag k="opening_hours" v="Mo-Su 05:00-22:00"/>
  <tag k="payment:alipay" v="yes"/>
  <tag k="payment:cash" v="yes"/>
  <tag k="payment:china_t-union" v="yes"/>
  <tag k="payment:coins" v="yes"/>
  <tag k="payment:ic" v="yes"/>
  <tag k="payment:unionpay" v="yes"/>
  <tag k="payment:wechat" v="yes"/>
  <tag k="public_transport:version" v="2"/>
  <tag k="ref" v="601"/>
  <tag k="route" v="bus"/>
  <tag k="to" v="和平东桥"/>
  <tag k="type" v="route"/>
 </relation>
 <relation id="1885767" visible="true" version="5" changeset="184355061" timestamp="2026-06-20T14:19:45Z" user="hahae" uid="19218869">
  <member type="relation" ref="1885764" role=""/>
  <member type="relation" ref="1917408" role=""/>
  <tag k="name" v="北京公交601路"/>
  <tag k="name:zh" v="北京公交601路"/>
  <tag k="network" v="北京公交"/>
  <tag k="network:en" v="Beijing Public Transport"/>
  <tag k="network:wikidata" v="Q4881181"/>
  <tag k="network:wikipedia" v="zh:北京公交"/>
  <tag k="network:zh" v="北京公交"/>
  <tag k="operator" v="北京公交集团第七客运分公司"/>
  <tag k="ref" v="601"/>
  <tag k="route_master" v="bus"/>
  <tag k="type" v="route_master"/>
 </relation>
 <relation id="1886119" visible="true" version="59" changeset="185166644" timestamp="2026-07-05T23:07:29Z" user="Summer200101" uid="17234617">
  <member type="node" ref="9841449875" role="platform_entry_only"/>
  <member type="node" ref="9870619661" role="platform"/>
  <member type="node" ref="10114064905" role="platform"/>
  <member type="node" ref="1754955230" role="platform"/>
  <member type="node" ref="1420940401" role="platform"/>
  <member type="node" ref="9983429216" role="platform"/>
  <member type="node" ref="10548043050" role="platform"/>
  <member type="node" ref="10548036963" role="platform"/>
  <member type="node" ref="1420957578" role="platform"/>
  <member type="node" ref="1499686364" role="platform"/>
  <member type="node" ref="1499687418" role="platform"/>
  <member type="node" ref="9997500189" role="platform"/>
  <member type="node" ref="9699455659" role="platform"/>
  <member type="node" ref="9699426478" role="platform"/>
  <member type="node" ref="10888543689" role="platform"/>
  <member type="node" ref="737043850" role="platform"/>
  <member type="node" ref="2502434653" role="platform"/>
  <member type="node" ref="10732706886" role="platform"/>
  <member type="node" ref="7541150694" role="platform"/>
  <member type="node" ref="10704498881" role="platform"/>
  <member type="node" ref="10704498808" role="platform"/>
  <member type="node" ref="10704498899" role="platform"/>
  <member type="node" ref="2266104095" role="platform"/>
  <member type="node" ref="10067965819" role="platform"/>
  <member type="node" ref="10067941413" role="platform"/>
  <member type="node" ref="10067941414" role="platform"/>
  <member type="node" ref="11017995101" role="platform"/>
  <member type="node" ref="11017995097" role="platform"/>
  <member type="node" ref="11017925499" role="platform"/>
  <member type="node" ref="11017925503" role="platform"/>
  <member type="node" ref="11017952493" role="platform"/>
  <member type="node" ref="11017952497" role="platform"/>
  <member type="node" ref="11017952500" role="platform_exit_only"/>
  <member type="way" ref="164895134" role=""/>
  <member type="way" ref="136512018" role=""/>
  <member type="way" ref="152587347" role=""/>
  <member type="way" ref="136512005" role=""/>
  <member type="way" ref="1078219782" role=""/>
  <member type="way" ref="1018979585" role=""/>
  <member type="way" ref="174787782" role=""/>
  <member type="way" ref="25446414" role=""/>
  <member type="way" ref="162546312" role=""/>
  <member type="way" ref="128624210" role=""/>
  <member type="way" ref="1136486921" role=""/>
  <member type="way" ref="1037961726" role=""/>
  <member type="way" ref="26152148" role=""/>
  <member type="way" ref="1037958213" role=""/>
  <member type="way" ref="121778743" role=""/>
  <member type="way" ref="237011437" role=""/>
  <member type="way" ref="138694650" role=""/>
  <member type="way" ref="139882019" role=""/>
  <member type="way" ref="138685369" role=""/>
  <member type="way" ref="163825703" role=""/>
  <member type="way" ref="163825696" role=""/>
  <member type="way" ref="136867390" role=""/>
  <member type="way" ref="136867389" role=""/>
  <member type="way" ref="121904216" role=""/>
  <member type="way" ref="1056225049" role=""/>
  <member type="way" ref="162970620" role=""/>
  <member type="way" ref="162970632" role=""/>
  <member type="way" ref="121510246" role=""/>
  <member type="way" ref="27081693" role=""/>
  <member type="way" ref="121510243" role=""/>
  <member type="way" ref="121510282" role=""/>
  <member type="way" ref="1055460651" role=""/>
  <member type="way" ref="1055573409" role=""/>
  <member type="way" ref="1055460652" role=""/>
  <member type="way" ref="1055573407" role=""/>
  <member type="way" ref="1057892333" role=""/>
  <member type="way" ref="163826845" role=""/>
  <member type="way" ref="121510220" role=""/>
  <member type="way" ref="101765108" role=""/>
  <member type="way" ref="161289852" role=""/>
  <member type="way" ref="1055449628" role=""/>
  <member type="way" ref="1383257628" role=""/>
  <member type="way" ref="818679647" role=""/>
  <member type="way" ref="1383257624" role=""/>
  <member type="way" ref="48051095" role=""/>
  <member type="way" ref="234442007" role=""/>
  <member type="way" ref="116920060" role=""/>
  <member type="way" ref="1104710648" role=""/>
  <member type="way" ref="234442029" role=""/>
  <member type="way" ref="1104710647" role=""/>
  <member type="way" ref="116920071" role=""/>
  <member type="way" ref="1265822375" role=""/>
  <member type="way" ref="1246764263" role=""/>
  <member type="way" ref="1059336958" role=""/>
  <member type="way" ref="1287106876" role=""/>
  <member type="way" ref="1154052182" role=""/>
  <member type="way" ref="155169404" role=""/>
  <member type="way" ref="1534209617" role=""/>
  <member type="way" ref="1532514911" role=""/>
  <member type="way" ref="1099772814" role=""/>
  <member type="way" ref="1099772815" role=""/>
  <member type="way" ref="1099772813" role=""/>
  <member type="way" ref="174506848" role=""/>
  <member type="way" ref="1345147681" role=""/>
  <member type="way" ref="143752495" role=""/>
  <member type="way" ref="1531850516" role=""/>
  <member type="way" ref="1530272556" role=""/>
  <member type="way" ref="1502536157" role=""/>
  <member type="way" ref="1530272575" role=""/>
  <member type="way" ref="1186225523" role=""/>
  <member type="way" ref="1531904224" role=""/>
  <member type="way" ref="1531904227" role=""/>
  <member type="way" ref="1531904231" role=""/>
  <member type="way" ref="1531904234" role=""/>
  <member type="way" ref="47795539" role=""/>
  <member type="way" ref="1535693331" role=""/>
  <member type="way" ref="1186225520" role=""/>
  <member type="way" ref="1186225519" role=""/>
  <member type="way" ref="324914374" role=""/>
  <member type="way" ref="1329262744" role=""/>
  <member type="way" ref="366912426" role=""/>
  <member type="way" ref="1502822085" role=""/>
  <member type="way" ref="1186217784" role=""/>
  <member type="way" ref="1193159147" role=""/>
  <tag k="fee" v="yes"/>
  <tag k="from" v="巴沟村"/>
  <tag k="name" v="307路：巴沟村 -&gt; 龙域北街东口"/>
  <tag k="name:zh" v="307路：巴沟村 -&gt; 龙域北街东口"/>
  <tag k="network" v="北京公交"/>
  <tag k="network:en" v="Beijing Public Transport"/>
  <tag k="network:wikidata" v="Q4881181"/>
  <tag k="network:wikipedia" v="zh:北京公交"/>
  <tag k="network:zh" v="北京公交"/>
  <tag k="opening_hours" v="Mo-Su 05:30-22:00"/>
  <tag k="payment:alipay" v="yes"/>
  <tag k="payment:cash" v="yes"/>
  <tag k="payment:china_t-union" v="yes"/>
  <tag k="payment:coins" v="yes"/>
  <tag k="payment:ic" v="yes"/>
  <tag k="payment:unionpay" v="yes"/>
  <tag k="payment:wechat" v="yes"/>
  <tag k="public_transport:version" v="2"/>
  <tag k="ref" v="307"/>
  <tag k="route" v="bus"/>
  <tag k="to" v="龙域北街东口"/>
  <tag k="type" v="route"/>
 </relation>
 <relation id="1887940" visible="true" version="101" changeset="187431822" timestamp="2026-08-14T09:43:15Z" user="hahae" uid="19218869">
  <member type="node" ref="7545515308" role="platform_entry_only"/>
  <member type="node" ref="7545513470" role="platform"/>
  <member type="node" ref="10797200525" role="platform"/>
  <member type="node" ref="4532063855" role="platform"/>
  <member type="node" ref="4531925394" role="platform"/>
  <member type="node" ref="4532048089" role="platform"/>
  <member type="node" ref="4479393289" role="platform"/>
  <member type="node" ref="7545499121" role="platform"/>
  <member type="node" ref="4333864589" role="platform"/>
  <member type="node" ref="4449101058" role="platform"/>
  <member type="node" ref="9676351686" role="platform"/>
  <member type="node" ref="9676351688" role="platform"/>
  <member type="node" ref="4448938193" role="platform"/>
  <member type="node" ref="4448938295" role="platform"/>
  <member type="node" ref="4448942197" role="platform"/>
  <member type="node" ref="6784216315" role="platform"/>
  <member type="node" ref="3072745103" role="platform"/>
  <member type="node" ref="1732894985" role="platform"/>
  <member type="node" ref="1790424836" role="platform"/>
  <member type="node" ref="10708152286" role="platform"/>
  <member type="node" ref="10708191739" role="platform"/>
  <member type="node" ref="1732835108" role="platform"/>
  <member type="node" ref="9720586265" role="platform"/>
  <member type="node" ref="9720586262" role="platform"/>
  <member type="node" ref="1790499040" role="platform"/>
  <member type="node" ref="1790499003" role="platform"/>
  <member type="node" ref="10029341047" role="platform"/>
  <member type="node" ref="10548036965" role="platform"/>
  <member type="node" ref="10548036959" role="platform"/>
  <member type="node" ref="9983429214" role="platform"/>
  <member type="node" ref="9983440420" role="platform"/>
  <member type="node" ref="9721036833" role="platform"/>
  <member type="node" ref="9721206318" role="platform"/>
  <member type="node" ref="9721198916" role="platform"/>
  <member type="node" ref="9721205706" role="platform"/>
  <member type="node" ref="9549707555" role="platform"/>
  <member type="node" ref="9841526316" role="platform"/>
  <member type="node" ref="9841535725" role="platform"/>
  <member type="node" ref="9798044555" role="platform"/>
  <member type="node" ref="7591273638" role="platform"/>
  <member type="node" ref="7591269546" role="platform_exit_only"/>
  <member type="way" ref="199835477" role=""/>
  <member type="way" ref="1549582434" role=""/>
  <member type="way" ref="1549582435" role=""/>
  <member type="way" ref="1257659228" role=""/>
  <member type="way" ref="199835473" role=""/>
  <member type="way" ref="1270355972" role=""/>
  <member type="way" ref="1277762046" role=""/>
  <member type="way" ref="244031353" role=""/>
  <member type="way" ref="943519202" role=""/>
  <member type="way" ref="1270341641" role=""/>
  <member type="way" ref="199830770" role=""/>
  <member type="way" ref="1189195055" role=""/>
  <member type="way" ref="823713324" role=""/>
  <member type="way" ref="823713323" role=""/>
  <member type="way" ref="170246452" role=""/>
  <member type="way" ref="170246456" role=""/>
  <member type="way" ref="1272213139" role=""/>
  <member type="way" ref="1104956589" role=""/>
  <member type="way" ref="1424051986" role=""/>
  <member type="way" ref="1293806505" role=""/>
  <member type="way" ref="33869095" role=""/>
  <member type="way" ref="169620655" role=""/>
  <member type="way" ref="1410495874" role=""/>
  <member type="way" ref="169620673" role=""/>
  <member type="way" ref="42355291" role=""/>
  <member type="way" ref="169620683" role=""/>
  <member type="way" ref="42355292" role=""/>
  <member type="way" ref="26428250" role=""/>
  <member type="way" ref="187024628" role=""/>
  <member type="way" ref="159782828" role=""/>
  <member type="way" ref="1214374157" role=""/>
  <member type="way" ref="169620681" role=""/>
  <member type="way" ref="1539462836" role=""/>
  <member type="way" ref="1408503949" role=""/>
  <member type="way" ref="170261252" role=""/>
  <member type="way" ref="818680057" role=""/>
  <member type="way" ref="1115849038" role=""/>
  <member type="way" ref="152429658" role=""/>
  <member type="way" ref="152429646" role=""/>
  <member type="way" ref="169620642" role=""/>
  <member type="way" ref="199903004" role=""/>
  <member type="way" ref="1071315200" role=""/>
  <member type="way" ref="145291213" role=""/>
  <member type="way" ref="1420742485" role=""/>
  <member type="way" ref="1420742488" role=""/>
  <member type="way" ref="1279248756" role=""/>
  <member type="way" ref="1279248781" role=""/>
  <member type="way" ref="1172772460" role=""/>
  <member type="way" ref="152429648" role=""/>
  <member type="way" ref="161466906" role=""/>
  <member type="way" ref="1535135332" role=""/>
  <member type="way" ref="1154052183" role=""/>
  <member type="way" ref="1535135331" role=""/>
  <member type="way" ref="161466910" role=""/>
  <member type="way" ref="1535135328" role=""/>
  <member type="way" ref="161289850" role=""/>
  <member type="way" ref="161289848" role=""/>
  <member type="way" ref="145291234" role=""/>
  <member type="way" ref="145291220" role=""/>
  <member type="way" ref="161299747" role=""/>
  <member type="way" ref="1057892339" role=""/>
  <member type="way" ref="235466187" role=""/>
  <member type="way" ref="1095143771" role=""/>
  <member type="way" ref="239167102" role=""/>
  <member type="way" ref="239167101" role=""/>
  <member type="way" ref="1071315195" role=""/>
  <member type="way" ref="161287539" role=""/>
  <member type="way" ref="1214370452" role=""/>
  <member type="way" ref="22799948" role=""/>
  <member type="way" ref="83812435" role=""/>
  <member type="way" ref="142101048" role=""/>
  <member type="way" ref="138690693" role=""/>
  <member type="way" ref="136867396" role=""/>
  <member type="way" ref="170473547" role=""/>
  <member type="way" ref="165628815" role=""/>
  <member type="way" ref="1379276563" role=""/>
  <member type="way" ref="1188308801" role=""/>
  <member type="way" ref="114108346" role=""/>
  <member type="way" ref="128753724" role=""/>
  <member type="way" ref="136512037" role=""/>
  <member type="way" ref="194922783" role=""/>
  <member type="way" ref="1078219781" role=""/>
  <member type="way" ref="194922784" role=""/>
  <member type="way" ref="1174562636" role=""/>
  <member type="way" ref="1174562637" role=""/>
  <member type="way" ref="191049912" role=""/>
  <member type="way" ref="174930880" role=""/>
  <member type="way" ref="1169602929" role=""/>
  <member type="way" ref="42454222" role=""/>
  <member type="way" ref="1072680078" role=""/>
  <member type="way" ref="143599498" role=""/>
  <member type="way" ref="1518745786" role=""/>
  <member type="way" ref="1076997191" role=""/>
  <member type="way" ref="219439624" role=""/>
  <member type="way" ref="143599452" role=""/>
  <member type="way" ref="29422113" role=""/>
  <member type="way" ref="1147837369" role=""/>
  <member type="way" ref="1364045762" role=""/>
  <member type="way" ref="165628855" role=""/>
  <member type="way" ref="165628858" role=""/>
  <member type="way" ref="165628865" role=""/>
  <member type="way" ref="165628874" role=""/>
  <member type="way" ref="165628866" role=""/>
  <member type="way" ref="155236062" role=""/>
  <member type="way" ref="1066941031" role=""/>
  <member type="way" ref="1067113850" role=""/>
  <tag k="fee" v="yes"/>
  <tag k="from" v="来广营北"/>
  <tag k="name" v="450路：来广营北 -&gt; 田村半壁店东"/>
  <tag k="name:zh" v="450路：来广营北 -&gt; 田村半壁店东"/>
  <tag k="network" v="北京公交"/>
  <tag k="network:en" v="Beijing Public Transport"/>
  <tag k="network:wikidata" v="Q4881181"/>
  <tag k="network:wikipedia" v="zh:北京公交"/>
  <tag k="network:zh" v="北京公交"/>
  <tag k="opening_hours" v="Mo-Su 05:30-22:00"/>
  <tag k="payment:alipay" v="yes"/>
  <tag k="payment:cash" v="yes"/>
  <tag k="payment:china_t-union" v="yes"/>
  <tag k="payment:coins" v="yes"/>
  <tag k="payment:ic" v="yes"/>
  <tag k="payment:unionpay" v="yes"/>
  <tag k="payment:wechat" v="no"/>
  <tag k="public_transport:version" v="2"/>
  <tag k="ref" v="450"/>
  <tag k="route" v="bus"/>
  <tag k="to" v="田村半壁店东"/>
  <tag k="type" v="route"/>
 </relation>
 <relation id="1887941" visible="true" version="9" changeset="120452791" timestamp="2022-05-02T09:45:17Z" user="cnvery" uid="3627342">
  <member type="relation" ref="1887940" role=""/>
  <member type="relation" ref="1887961" role=""/>
  <tag k="name" v="Bus 450"/>
  <tag k="network" v="北京公交"/>
  <tag k="network:en" v="Beijing Public Transport"/>
  <tag k="network:wikidata" v="Q4881181"/>
  <tag k="network:wikipedia" v="zh:北京公交"/>
  <tag k="network:zh" v="北京公交"/>
  <tag k="operator" v="北京公共交通集团"/>
  <tag k="ref" v="450"/>
  <tag k="route_master" v="bus"/>
  <tag k="type" v="route_master"/>
 </relation>
 <relation id="1887953" visible="true" version="48" changeset="184793702" timestamp="2026-06-29T12:39:16Z" user="Summer200101" uid="17234617">
  <member type="node" ref="11816145767" role="platform_entry_only"/>
  <member type="node" ref="11449167780" role="platform"/>
  <member type="node" ref="1851806774" role="platform"/>
  <member type="node" ref="1734338396" role="platform"/>
  <member type="node" ref="13042905426" role="platform"/>
  <member type="node" ref="4498940890" role="platform"/>
  <member type="node" ref="11799850896" role="platform"/>
  <member type="node" ref="11799850898" role="platform"/>
  <member type="node" ref="10080931639" role="platform"/>
  <member type="node" ref="10076463210" role="platform"/>
  <member type="node" ref="1360087436" role="platform"/>
  <member type="node" ref="1790499040" role="platform"/>
  <member type="node" ref="1790499003" role="platform"/>
  <member type="node" ref="10029341047" role="platform"/>
  <member type="node" ref="10548036964" role="platform"/>
  <member type="node" ref="10548036959" role="platform"/>
  <member type="node" ref="9983429215" role="platform"/>
  <member type="node" ref="1420940424" role="platform"/>
  <member type="node" ref="9643265567" role="platform"/>
  <member type="node" ref="10761230373" role="platform"/>
  <member type="node" ref="9721151471" role="platform"/>
  <member type="node" ref="9721205700" role="platform_exit_only"/>
  <member type="way" ref="1272480615" role=""/>
  <member type="way" ref="1272472963" role=""/>
  <member type="way" ref="1287101572" role=""/>
  <member type="way" ref="1270762968" role=""/>
  <member type="way" ref="242595074" role=""/>
  <member type="way" ref="1345147682" role=""/>
  <member type="way" ref="40719337" role=""/>
  <member type="way" ref="1345147672" role=""/>
  <member type="way" ref="1099772812" role=""/>
  <member type="way" ref="1532514909" role=""/>
  <member type="way" ref="139502709" role=""/>
  <member type="way" ref="139542948" role=""/>
  <member type="way" ref="161468555" role=""/>
  <member type="way" ref="1246782905" role=""/>
  <member type="way" ref="161453430" role=""/>
  <member type="way" ref="116920050" role=""/>
  <member type="way" ref="116920061" role=""/>
  <member type="way" ref="26679350" role=""/>
  <member type="way" ref="1055429159" role=""/>
  <member type="way" ref="177353854" role=""/>
  <member type="way" ref="1270645000" role=""/>
  <member type="way" ref="1270645007" role=""/>
  <member type="way" ref="1270645005" role=""/>
  <member type="way" ref="235466187" role=""/>
  <member type="way" ref="1095143771" role=""/>
  <member type="way" ref="239167102" role=""/>
  <member type="way" ref="239167101" role=""/>
  <member type="way" ref="1071315195" role=""/>
  <member type="way" ref="161287539" role=""/>
  <member type="way" ref="1214370452" role=""/>
  <member type="way" ref="22799948" role=""/>
  <member type="way" ref="83812435" role=""/>
  <member type="way" ref="142101048" role=""/>
  <member type="way" ref="138690693" role=""/>
  <member type="way" ref="136867396" role=""/>
  <member type="way" ref="170473547" role=""/>
  <member type="way" ref="1037958211" role=""/>
  <member type="way" ref="26812102" role=""/>
  <member type="way" ref="1037958209" role=""/>
  <member type="way" ref="121778742" role=""/>
  <member type="way" ref="174787784" role=""/>
  <member type="way" ref="233756369" role=""/>
  <member type="way" ref="143599422" role=""/>
  <member type="way" ref="1062532836" role=""/>
  <member type="way" ref="25446417" role=""/>
  <member type="way" ref="143599468" role=""/>
  <tag k="fee" v="yes"/>
  <tag k="from" v="育新小区"/>
  <tag k="name" v="355路：育新小区 -&gt; 三义庙"/>
  <tag k="name:zh" v="355路：育新小区 -&gt; 三义庙"/>
  <tag k="network" v="北京公交"/>
  <tag k="network:en" v="Beijing Public Transport"/>
  <tag k="network:wikidata" v="Q4881181"/>
  <tag k="network:wikipedia" v="zh:北京公交"/>
  <tag k="network:zh" v="北京公交"/>
  <tag k="opening_hours" v="Mo-Su 05:00-21:30"/>
  <tag k="payment:alipay" v="yes"/>
  <tag k="payment:cash" v="yes"/>
  <tag k="payment:china_t-union" v="yes"/>
  <tag k="payment:coins" v="yes"/>
  <tag k="payment:ic" v="yes"/>
  <tag k="payment:unionpay" v="yes"/>
  <tag k="payment:wechat" v="yes"/>
  <tag k="public_transport:version" v="2"/>
  <tag k="ref" v="355"/>
  <tag k="route" v="bus"/>
  <tag k="to" v="三义庙"/>
  <tag k="type" v="route"/>
 </relation>
 <relation id="1887954" visible="true" version="5" changeset="149697151" timestamp="2024-04-07T15:14:16Z" user="vimacs_hacks" uid="13417651">
  <member type="relation" ref="1887953" role=""/>
  <member type="relation" ref="1887970" role=""/>
  <tag k="name" v="北京公交355路"/>
  <tag k="name:zh" v="北京公交355路"/>
  <tag k="network" v="北京公交"/>
  <tag k="network:en" v="Beijing Public Transport"/>
  <tag k="network:wikidata" v="Q4881181"/>
  <tag k="network:wikipedia" v="zh:北京公交"/>
  <tag k="network:zh" v="北京公交"/>
  <tag k="operator" v="北京公交集团第四客运分公司"/>
  <tag k="ref" v="355"/>
  <tag k="route_master" v="bus"/>
  <tag k="type" v="route_master"/>
 </relation>
 <relation id="1887961" visible="true" version="83" changeset="187431822" timestamp="2026-08-14T09:43:15Z" user="hahae" uid="19218869">
  <member type="node" ref="7591269545" role="platform_entry_only"/>
  <member type="node" ref="9798215005" role="platform"/>
  <member type="node" ref="9798045371" role="platform"/>
  <member type="node" ref="7591310710" role="platform"/>
  <member type="node" ref="7591400777" role="platform"/>
  <member type="node" ref="1705783225" role="platform"/>
  <member type="node" ref="10206658351" role="platform"/>
  <member type="node" ref="9724004883" role="platform"/>
  <member type="node" ref="9999275249" role="platform"/>
  <member type="node" ref="9999275247" role="platform"/>
  <member type="node" ref="9841535724" role="platform"/>
  <member type="node" ref="9841535727" role="platform"/>
  <member type="node" ref="9841538119" role="platform"/>
  <member type="node" ref="9721205704" role="platform"/>
  <member type="node" ref="9721206317" role="platform"/>
  <member type="node" ref="9721206321" role="platform"/>
  <member type="node" ref="9721036829" role="platform"/>
  <member type="node" ref="9983440419" role="platform"/>
  <member type="node" ref="9983429216" role="platform"/>
  <member type="node" ref="10548043049" role="platform"/>
  <member type="node" ref="10548036962" role="platform"/>
  <member type="node" ref="10029341045" role="platform"/>
  <member type="node" ref="13742869200" role="platform"/>
  <member type="node" ref="1732795509" role="platform"/>
  <member type="node" ref="1732795516" role="platform"/>
  <member type="node" ref="9720586263" role="platform"/>
  <member type="node" ref="9720586264" role="platform"/>
  <member type="node" ref="1732835094" role="platform"/>
  <member type="node" ref="1977776220" role="platform"/>
  <member type="node" ref="10708152288" role="platform"/>
  <member type="node" ref="9935589708" role="platform"/>
  <member type="node" ref="1732894984" role="platform"/>
  <member type="node" ref="3072745102" role="platform"/>
  <member type="node" ref="6784264144" role="platform"/>
  <member type="node" ref="4449109166" role="platform"/>
  <member type="node" ref="10302571136" role="platform"/>
  <member type="node" ref="7545502515" role="platform"/>
  <member type="node" ref="9676351691" role="platform"/>
  <member type="node" ref="7545512958" role="platform"/>
  <member type="node" ref="4449101057" role="platform"/>
  <member type="node" ref="4448950090" role="platform"/>
  <member type="node" ref="7545499120" role="platform"/>
  <member type="node" ref="7545524994" role="platform"/>
  <member type="node" ref="7545512969" role="platform"/>
  <member type="node" ref="7545499323" role="platform"/>
  <member type="node" ref="4532063856" role="platform"/>
  <member type="node" ref="11107471392" role="platform"/>
  <member type="node" ref="7545513471" role="platform"/>
  <member type="node" ref="7545515312" role="platform_exit_only"/>
  <member type="way" ref="1067113849" role=""/>
  <member type="way" ref="42490333" role=""/>
  <member type="way" ref="165628845" role=""/>
  <member type="way" ref="42490332" role=""/>
  <member type="way" ref="1239819133" role=""/>
  <member type="way" ref="186113264" role=""/>
  <member type="way" ref="236220788" role=""/>
  <member type="way" ref="1077130600" role=""/>
  <member type="way" ref="236220790" role=""/>
  <member type="way" ref="1067089850" role=""/>
  <member type="way" ref="165628873" role=""/>
  <member type="way" ref="165628878" role=""/>
  <member type="way" ref="165628868" role=""/>
  <member type="way" ref="165628879" role=""/>
  <member type="way" ref="165628876" role=""/>
  <member type="way" ref="165628854" role=""/>
  <member type="way" ref="1174281953" role=""/>
  <member type="way" ref="1147837368" role=""/>
  <member type="way" ref="1128220957" role=""/>
  <member type="way" ref="164599644" role=""/>
  <member type="way" ref="243552965" role=""/>
  <member type="way" ref="243551471" role=""/>
  <member type="way" ref="164599637" role=""/>
  <member type="way" ref="234438812" role=""/>
  <member type="way" ref="234438813" role=""/>
  <member type="way" ref="1091808646" role=""/>
  <member type="way" ref="47503905" role=""/>
  <member type="way" ref="1076997189" role=""/>
  <member type="way" ref="1076997190" role=""/>
  <member type="way" ref="47503991" role=""/>
  <member type="way" ref="165762560" role=""/>
  <member type="way" ref="165762561" role=""/>
  <member type="way" ref="201288047" role=""/>
  <member type="way" ref="240367938" role=""/>
  <member type="way" ref="1411060333" role=""/>
  <member type="way" ref="143599425" role=""/>
  <member type="way" ref="143599488" role=""/>
  <member type="way" ref="240367936" role=""/>
  <member type="way" ref="1036300807" role=""/>
  <member type="way" ref="1132200761" role=""/>
  <member type="way" ref="201288048" role=""/>
  <member type="way" ref="1518745787" role=""/>
  <member type="way" ref="182042896" role=""/>
  <member type="way" ref="240367924" role=""/>
  <member type="way" ref="143599441" role=""/>
  <member type="way" ref="143599456" role=""/>
  <member type="way" ref="174144373" role=""/>
  <member type="way" ref="1057892334" role=""/>
  <member type="way" ref="191049913" role=""/>
  <member type="way" ref="1058578105" role=""/>
  <member type="way" ref="236198639" role=""/>
  <member type="way" ref="194922782" role=""/>
  <member type="way" ref="191050697" role=""/>
  <member type="way" ref="1379275921" role=""/>
  <member type="way" ref="1077130597" role=""/>
  <member type="way" ref="229699730" role=""/>
  <member type="way" ref="1037961726" role=""/>
  <member type="way" ref="26152148" role=""/>
  <member type="way" ref="1037958213" role=""/>
  <member type="way" ref="121778743" role=""/>
  <member type="way" ref="237011437" role=""/>
  <member type="way" ref="138694650" role=""/>
  <member type="way" ref="139882019" role=""/>
  <member type="way" ref="138685369" role=""/>
  <member type="way" ref="163825698" role=""/>
  <member type="way" ref="178363614" role=""/>
  <member type="way" ref="1150482282" role=""/>
  <member type="way" ref="1150482280" role=""/>
  <member type="way" ref="161287539" role=""/>
  <member type="way" ref="121510225" role=""/>
  <member type="way" ref="886900163" role=""/>
  <member type="way" ref="886900164" role=""/>
  <member type="way" ref="1095143773" role=""/>
  <member type="way" ref="121510224" role=""/>
  <member type="way" ref="857843395" role=""/>
  <member type="way" ref="121510221" role=""/>
  <member type="way" ref="1057892333" role=""/>
  <member type="way" ref="163826845" role=""/>
  <member type="way" ref="121510220" role=""/>
  <member type="way" ref="101765108" role=""/>
  <member type="way" ref="161289852" role=""/>
  <member type="way" ref="1535135329" role=""/>
  <member type="way" ref="161289847" role=""/>
  <member type="way" ref="1535135330" role=""/>
  <member type="way" ref="1154052185" role=""/>
  <member type="way" ref="152429645" role=""/>
  <member type="way" ref="1535135334" role=""/>
  <member type="way" ref="145291217" role=""/>
  <member type="way" ref="60065311" role=""/>
  <member type="way" ref="1279248759" role=""/>
  <member type="way" ref="1420742484" role=""/>
  <member type="way" ref="1420742489" role=""/>
  <member type="way" ref="145291215" role=""/>
  <member type="way" ref="1279248757" role=""/>
  <member type="way" ref="1239402877" role=""/>
  <member type="way" ref="170244801" role=""/>
  <member type="way" ref="1408503937" role=""/>
  <member type="way" ref="723298306" role=""/>
  <member type="way" ref="1115849039" role=""/>
  <member type="way" ref="1117815279" role=""/>
  <member type="way" ref="1150064779" role=""/>
  <member type="way" ref="1126708493" role=""/>
  <member type="way" ref="1126708492" role=""/>
  <member type="way" ref="1066479432" role=""/>
  <member type="way" ref="1539462837" role=""/>
  <member type="way" ref="1408503948" role=""/>
  <member type="way" ref="1412635837" role=""/>
  <member type="way" ref="169620658" role=""/>
  <member type="way" ref="169620677" role=""/>
  <member type="way" ref="187024624" role=""/>
  <member type="way" ref="169620674" role=""/>
  <member type="way" ref="169620682" role=""/>
  <member type="way" ref="169620660" role=""/>
  <member type="way" ref="33869069" role=""/>
  <member type="way" ref="1217564404" role=""/>
  <member type="way" ref="169620652" role=""/>
  <member type="way" ref="1217564405" role=""/>
  <member type="way" ref="1293593396" role=""/>
  <member type="way" ref="1293806506" role=""/>
  <member type="way" ref="1293593395" role=""/>
  <member type="way" ref="1424332308" role=""/>
  <member type="way" ref="1099889178" role=""/>
  <member type="way" ref="1272213138" role=""/>
  <member type="way" ref="170246451" role=""/>
  <member type="way" ref="170246463" role=""/>
  <member type="way" ref="1370500058" role=""/>
  <member type="way" ref="170246459" role=""/>
  <member type="way" ref="823713322" role=""/>
  <member type="way" ref="1160875227" role=""/>
  <member type="way" ref="1293663297" role=""/>
  <member type="way" ref="1189195054" role=""/>
  <member type="way" ref="170246448" role=""/>
  <member type="way" ref="199830771" role=""/>
  <member type="way" ref="1270341640" role=""/>
  <member type="way" ref="1270341637" role=""/>
  <member type="way" ref="1270341647" role=""/>
  <member type="way" ref="1270341644" role=""/>
  <member type="way" ref="1270341646" role=""/>
  <member type="way" ref="1099889175" role=""/>
  <member type="way" ref="1099889174" role=""/>
  <member type="way" ref="1147304715" role=""/>
  <member type="way" ref="199835479" role=""/>
  <member type="way" ref="1549582440" role=""/>
  <member type="way" ref="1549582433" role=""/>
  <member type="way" ref="199838180" role=""/>
  <tag k="fee" v="yes"/>
  <tag k="from" v="田村半壁店东"/>
  <tag k="name" v="450路：田村半壁店东 -&gt; 来广营北"/>
  <tag k="name:zh" v="450路：田村半壁店东 -&gt; 来广营北"/>
  <tag k="network" v="北京公交"/>
  <tag k="network:en" v="Beijing Public Transport"/>
  <tag k="network:wikidata" v="Q4881181"/>
  <tag k="network:wikipedia" v="zh:北京公交"/>
  <tag k="network:zh" v="北京公交"/>
  <tag k="opening_hours" v="Mo-Su 05:30-22:00"/>
  <tag k="payment:alipay" v="yes"/>
  <tag k="payment:cash" v="yes"/>
  <tag k="payment:china_t-union" v="yes"/>
  <tag k="payment:coins" v="yes"/>
  <tag k="payment:ic" v="yes"/>
  <tag k="payment:unionpay" v="yes"/>
  <tag k="payment:wechat" v="no"/>
  <tag k="public_transport:version" v="2"/>
  <tag k="ref" v="450"/>
  <tag k="route" v="bus"/>
  <tag k="to" v="来广营北"/>
  <tag k="type" v="route"/>
 </relation>
 <relation id="1887970" visible="true" version="48" changeset="187565426" timestamp="2026-08-17T03:36:53Z" user="hahae" uid="19218869">
  <member type="node" ref="9721205702" role="platform_entry_only"/>
  <member type="node" ref="1779334552" role="platform"/>
  <member type="node" ref="1754955224" role="platform"/>
  <member type="node" ref="1420940401" role="platform"/>
  <member type="node" ref="9983429216" role="platform"/>
  <member type="node" ref="10029341045" role="platform"/>
  <member type="node" ref="13742869200" role="platform"/>
  <member type="node" ref="1732795509" role="platform"/>
  <member type="node" ref="1732795516" role="platform"/>
  <member type="node" ref="10080961805" role="platform"/>
  <member type="node" ref="11799962872" role="platform"/>
  <member type="node" ref="2426943651" role="platform"/>
  <member type="node" ref="13042905429" role="platform"/>
  <member type="node" ref="10704498808" role="platform"/>
  <member type="node" ref="12530874319" role="platform"/>
  <member type="node" ref="11816145762" role="platform"/>
  <member type="node" ref="11816145768" role="platform_exit_only"/>
  <member type="way" ref="1125224532" role=""/>
  <member type="way" ref="240367930" role=""/>
  <member type="way" ref="156346934" role=""/>
  <member type="way" ref="150522819" role=""/>
  <member type="way" ref="1550264394" role=""/>
  <member type="way" ref="26812136" role=""/>
  <member type="way" ref="26812135" role=""/>
  <member type="way" ref="462630730" role=""/>
  <member type="way" ref="240367922" role=""/>
  <member type="way" ref="1156851613" role=""/>
  <member type="way" ref="162546313" role=""/>
  <member type="way" ref="162546312" role=""/>
  <member type="way" ref="128624210" role=""/>
  <member type="way" ref="1136486921" role=""/>
  <member type="way" ref="1037961726" role=""/>
  <member type="way" ref="26152148" role=""/>
  <member type="way" ref="1037958213" role=""/>
  <member type="way" ref="121778743" role=""/>
  <member type="way" ref="237011437" role=""/>
  <member type="way" ref="138694650" role=""/>
  <member type="way" ref="139882019" role=""/>
  <member type="way" ref="138685369" role=""/>
  <member type="way" ref="163825698" role=""/>
  <member type="way" ref="178363614" role=""/>
  <member type="way" ref="1150482281" role=""/>
  <member type="way" ref="1144795695" role=""/>
  <member type="way" ref="1214370452" role=""/>
  <member type="way" ref="161287539" role=""/>
  <member type="way" ref="121510225" role=""/>
  <member type="way" ref="886900163" role=""/>
  <member type="way" ref="886900164" role=""/>
  <member type="way" ref="1095143773" role=""/>
  <member type="way" ref="121510224" role=""/>
  <member type="way" ref="857843395" role=""/>
  <member type="way" ref="121510258" role=""/>
  <member type="way" ref="1104710653" role=""/>
  <member type="way" ref="1176532492" role=""/>
  <member type="way" ref="1104710649" role=""/>
  <member type="way" ref="1270645003" role=""/>
  <member type="way" ref="1104710651" role=""/>
  <member type="way" ref="121100408" role=""/>
  <member type="way" ref="1055429169" role=""/>
  <member type="way" ref="116920044" role=""/>
  <member type="way" ref="234442009" role=""/>
  <member type="way" ref="234442007" role=""/>
  <member type="way" ref="116920060" role=""/>
  <member type="way" ref="1104710648" role=""/>
  <member type="way" ref="1104710646" role=""/>
  <member type="way" ref="116920071" role=""/>
  <member type="way" ref="1265822375" role=""/>
  <member type="way" ref="1246764263" role=""/>
  <member type="way" ref="1272472966" role=""/>
  <member type="way" ref="1272472967" role=""/>
  <member type="way" ref="1272472964" role=""/>
  <member type="way" ref="1272480615" role=""/>
  <member type="way" ref="1272480614" role=""/>
  <tag k="fee" v="yes"/>
  <tag k="from" v="三义庙"/>
  <tag k="name" v="355路：三义庙 -&gt; 育新小区"/>
  <tag k="name:zh" v="355路：三义庙 -&gt; 育新小区"/>
  <tag k="network" v="北京公交"/>
  <tag k="network:en" v="Beijing Public Transport"/>
  <tag k="network:wikidata" v="Q4881181"/>
  <tag k="network:wikipedia" v="zh:北京公交"/>
  <tag k="network:zh" v="北京公交"/>
  <tag k="opening_hours" v="Mo-Su 06:00-22:40"/>
  <tag k="public_transport:version" v="2"/>
  <tag k="ref" v="355"/>
  <tag k="route" v="bus"/>
  <tag k="to" v="育新小区"/>
  <tag k="type" v="route"/>
 </relation>
 <relation id="1917408" visible="true" version="82" changeset="173434475" timestamp="2025-10-18T04:53:38Z" user="vimacs_hacks" uid="13417651">
  <member type="node" ref="9843309365" role="platform_entry_only"/>
  <member type="node" ref="9843309367" role="platform"/>
  <member type="node" ref="10140026566" role="platform"/>
  <member type="node" ref="9374959724" role="platform"/>
  <member type="node" ref="9374983118" role="platform"/>
  <member type="node" ref="9794994282" role="platform"/>
  <member type="node" ref="9703026264" role="platform"/>
  <member type="node" ref="9703048810" role="platform"/>
  <member type="node" ref="9702900091" role="platform"/>
  <member type="node" ref="10182842166" role="platform"/>
  <member type="node" ref="9803039728" role="platform"/>
  <member type="node" ref="9997545958" role="platform"/>
  <member type="node" ref="9997545955" role="platform"/>
  <member type="node" ref="9983440418" role="platform"/>
  <member type="node" ref="9983440417" role="platform"/>
  <member type="node" ref="1755873489" role="platform"/>
  <member type="node" ref="9983429209" role="platform"/>
  <member type="node" ref="10548043043" role="platform"/>
  <member type="node" ref="10548062710" role="platform"/>
  <member type="node" ref="9977420353" role="platform"/>
  <member type="node" ref="10011614507" role="platform"/>
  <member type="node" ref="10051035845" role="platform_exit_only"/>
  <member type="way" ref="1214557551" role=""/>
  <member type="way" ref="1123122336" role=""/>
  <member type="way" ref="1367739264" role=""/>
  <member type="way" ref="169095617" role=""/>
  <member type="way" ref="1393877400" role=""/>
  <member type="way" ref="1072921794" role=""/>
  <member type="way" ref="1072921795" role=""/>
  <member type="way" ref="1410495870" role=""/>
  <member type="way" ref="42660452" role=""/>
  <member type="way" ref="220917825" role=""/>
  <member type="way" ref="42489330" role=""/>
  <member type="way" ref="5169058" role=""/>
  <member type="way" ref="121399331" role=""/>
  <member type="way" ref="1270388232" role=""/>
  <member type="way" ref="1073361869" role=""/>
  <member type="way" ref="1163129186" role=""/>
  <member type="way" ref="220917827" role=""/>
  <member type="way" ref="1442949651" role=""/>
  <member type="way" ref="1442949653" role=""/>
  <member type="way" ref="121399308" role=""/>
  <member type="way" ref="171981478" role=""/>
  <member type="way" ref="171981479" role=""/>
  <member type="way" ref="42657457" role=""/>
  <member type="way" ref="229610040" role=""/>
  <member type="way" ref="159794816" role=""/>
  <member type="way" ref="1072666783" role=""/>
  <member type="way" ref="229610041" role=""/>
  <member type="way" ref="121399248" role=""/>
  <member type="way" ref="42412657" role=""/>
  <member type="way" ref="1233785035" role=""/>
  <member type="way" ref="1053058789" role=""/>
  <member type="way" ref="175210690" role=""/>
  <member type="way" ref="175210695" role=""/>
  <member type="way" ref="1067942466" role=""/>
  <member type="way" ref="156469346" role=""/>
  <member type="way" ref="227668231" role=""/>
  <member type="way" ref="227668230" role=""/>
  <member type="way" ref="121980931" role=""/>
  <member type="way" ref="144929509" role=""/>
  <member type="way" ref="171983188" role=""/>
  <member type="way" ref="1067241981" role=""/>
  <member type="way" ref="156469324" role=""/>
  <member type="way" ref="1067788551" role=""/>
  <member type="way" ref="1067788553" role=""/>
  <member type="way" ref="1067788552" role=""/>
  <member type="way" ref="1067788550" role=""/>
  <member type="way" ref="163825162" role=""/>
  <member type="way" ref="1055449630" role=""/>
  <member type="way" ref="1037958213" role=""/>
  <member type="way" ref="121778743" role=""/>
  <member type="way" ref="237011437" role=""/>
  <member type="way" ref="138694680" role=""/>
  <member type="way" ref="138690689" role=""/>
  <member type="way" ref="237011435" role=""/>
  <member type="way" ref="237011436" role=""/>
  <member type="way" ref="863690580" role=""/>
  <member type="way" ref="863690579" role=""/>
  <member type="way" ref="138684850" role=""/>
  <member type="way" ref="146452466" role=""/>
  <member type="way" ref="23426778" role=""/>
  <member type="way" ref="25686353" role=""/>
  <member type="way" ref="128620801" role=""/>
  <member type="way" ref="23426804" role=""/>
  <member type="way" ref="1410921922" role=""/>
  <member type="way" ref="1222983303" role=""/>
  <member type="way" ref="174927501" role=""/>
  <member type="way" ref="1089116696" role=""/>
  <member type="way" ref="128620796" role=""/>
  <member type="way" ref="193107915" role=""/>
  <member type="way" ref="193107920" role=""/>
  <member type="way" ref="159524588" role=""/>
  <tag k="fee" v="yes"/>
  <tag k="from" v="和平东桥"/>
  <tag k="name" v="601路：和平东桥 -&gt; 地铁北宫门站"/>
  <tag k="name:zh" v="601路：和平东桥 -&gt; 地铁北宫门站"/>
  <tag k="network" v="北京公交"/>
  <tag k="network:en" v="Beijing Public Transport"/>
  <tag k="network:wikidata" v="Q4881181"/>
  <tag k="network:wikipedia" v="zh:北京公交"/>
  <tag k="network:zh" v="北京公交"/>
  <tag k="opening_hours" v="Mo-Su 06:00-23:00"/>
  <tag k="payment:alipay" v="yes"/>
  <tag k="payment:cash" v="yes"/>
  <tag k="payment:china_t-union" v="yes"/>
  <tag k="payment:coins" v="yes"/>
  <tag k="payment:ic" v="yes"/>
  <tag k="payment:unionpay" v="yes"/>
  <tag k="payment:wechat" v="yes"/>
  <tag k="public_transport:version" v="2"/>
  <tag k="ref" v="601"/>
  <tag k="route" v="bus"/>
  <tag k="to" v="地铁北宫门站"/>
  <tag k="type" v="route"/>
 </relation>
 <relation id="1922283" visible="true" version="54" changeset="187565426" timestamp="2026-08-17T03:36:53Z" user="hahae" uid="19218869">
  <member type="node" ref="10051035838" role="platform_entry_only"/>
  <member type="node" ref="1422005500" role="platform"/>
  <member type="node" ref="9977420358" role="platform"/>
  <member type="node" ref="10548044607" role="platform"/>
  <member type="node" ref="10062726852" role="platform"/>
  <member type="node" ref="10062708783" role="platform"/>
  <member type="node" ref="10062708781" role="platform"/>
  <member type="node" ref="10062698640" role="platform"/>
  <member type="node" ref="1497364745" role="platform"/>
  <member type="node" ref="1754946804" role="platform"/>
  <member type="node" ref="10761230373" role="platform"/>
  <member type="node" ref="9721151467" role="platform"/>
  <member type="node" ref="9721202427" role="platform"/>
  <member type="node" ref="9997528657" role="platform"/>
  <member type="node" ref="9997528661" role="platform"/>
  <member type="node" ref="9721872983" role="platform"/>
  <member type="node" ref="9721820956" role="platform"/>
  <member type="node" ref="9668244406" role="platform"/>
  <member type="node" ref="9702601274" role="platform"/>
  <member type="node" ref="9702601282" role="platform"/>
  <member type="node" ref="9702572895" role="platform"/>
  <member type="node" ref="9702592168" role="platform"/>
  <member type="node" ref="9702456889" role="platform"/>
  <member type="node" ref="9749200717" role="platform"/>
  <member type="node" ref="9671463106" role="platform"/>
  <member type="node" ref="9669617862" role="platform"/>
  <member type="node" ref="9671542455" role="platform"/>
  <member type="node" ref="9378918598" role="platform"/>
  <member type="node" ref="9327509923" role="platform_exit_only"/>
  <member type="way" ref="1097708990" role=""/>
  <member type="way" ref="181977924" role=""/>
  <member type="way" ref="159524586" role=""/>
  <member type="way" ref="159524538" role=""/>
  <member type="way" ref="182013178" role=""/>
  <member type="way" ref="138686519" role=""/>
  <member type="way" ref="128620771" role=""/>
  <member type="way" ref="24691164" role=""/>
  <member type="way" ref="128620797" role=""/>
  <member type="way" ref="1410925701" role=""/>
  <member type="way" ref="128620799" role=""/>
  <member type="way" ref="128620767" role=""/>
  <member type="way" ref="128620761" role=""/>
  <member type="way" ref="164895156" role=""/>
  <member type="way" ref="128620800" role=""/>
  <member type="way" ref="25686353" role=""/>
  <member type="way" ref="22069891" role=""/>
  <member type="way" ref="146747107" role=""/>
  <member type="way" ref="146747108" role=""/>
  <member type="way" ref="240825498" role=""/>
  <member type="way" ref="33455540" role=""/>
  <member type="way" ref="164899661" role=""/>
  <member type="way" ref="128753730" role=""/>
  <member type="way" ref="177353873" role=""/>
  <member type="way" ref="163822320" role=""/>
  <member type="way" ref="1037958212" role=""/>
  <member type="way" ref="143832436" role=""/>
  <member type="way" ref="1037958208" role=""/>
  <member type="way" ref="121778742" role=""/>
  <member type="way" ref="174787784" role=""/>
  <member type="way" ref="233756369" role=""/>
  <member type="way" ref="143599422" role=""/>
  <member type="way" ref="1550264395" role=""/>
  <member type="way" ref="26812131" role=""/>
  <member type="way" ref="30064875" role=""/>
  <member type="way" ref="219439618" role=""/>
  <member type="way" ref="175590393" role=""/>
  <member type="way" ref="1304238421" role=""/>
  <member type="way" ref="139339323" role=""/>
  <member type="way" ref="139339320" role=""/>
  <member type="way" ref="1169515685" role=""/>
  <member type="way" ref="128009684" role=""/>
  <member type="way" ref="77305475" role=""/>
  <member type="way" ref="77305476" role=""/>
  <member type="way" ref="128009688" role=""/>
  <member type="way" ref="139339332" role=""/>
  <member type="way" ref="235266836" role=""/>
  <member type="way" ref="1095413070" role=""/>
  <member type="way" ref="240525525" role=""/>
  <member type="way" ref="1095568618" role=""/>
  <member type="way" ref="152171400" role=""/>
  <member type="way" ref="169853712" role=""/>
  <member type="way" ref="152171399" role=""/>
  <member type="way" ref="1055465985" role=""/>
  <member type="way" ref="1055465982" role=""/>
  <member type="way" ref="141510619" role=""/>
  <member type="way" ref="249212482" role=""/>
  <member type="way" ref="51400474" role=""/>
  <member type="way" ref="200977987" role=""/>
  <member type="way" ref="160071234" role=""/>
  <member type="way" ref="109497835" role=""/>
  <member type="way" ref="51387861" role=""/>
  <member type="way" ref="51387860" role=""/>
  <member type="way" ref="34104261" role=""/>
  <member type="way" ref="1169593607" role=""/>
  <member type="way" ref="251339293" role=""/>
  <member type="way" ref="1055899082" role=""/>
  <member type="way" ref="136879330" role=""/>
  <member type="way" ref="1315529689" role=""/>
  <member type="way" ref="145286352" role=""/>
  <member type="way" ref="144927518" role=""/>
  <member type="way" ref="114076961" role=""/>
  <member type="way" ref="184540388" role=""/>
  <member type="way" ref="150930495" role=""/>
  <member type="way" ref="128489875" role=""/>
  <member type="way" ref="173345237" role=""/>
  <member type="way" ref="33614537" role=""/>
  <member type="way" ref="128488609" role=""/>
  <member type="way" ref="33614535" role=""/>
  <member type="way" ref="433769037" role=""/>
  <member type="way" ref="128489874" role=""/>
  <member type="way" ref="433769036" role=""/>
  <member type="way" ref="1092364062" role=""/>
  <member type="way" ref="104647190" role=""/>
  <member type="way" ref="104647195" role=""/>
  <member type="way" ref="104647189" role=""/>
  <member type="way" ref="194922066" role=""/>
  <member type="way" ref="34104294" role=""/>
  <member type="way" ref="150930492" role=""/>
  <member type="way" ref="172802274" role=""/>
  <member type="way" ref="1061085974" role=""/>
  <member type="way" ref="1060997929" role=""/>
  <member type="way" ref="207327284" role=""/>
  <member type="way" ref="207327282" role=""/>
  <member type="way" ref="33612725" role=""/>
  <member type="way" ref="127844315" role=""/>
  <member type="way" ref="184540652" role=""/>
  <member type="way" ref="161814665" role=""/>
  <member type="way" ref="194267360" role=""/>
  <member type="way" ref="30680699" role=""/>
  <member type="way" ref="194267354" role=""/>
  <member type="way" ref="1140792813" role=""/>
  <member type="way" ref="1070838875" role=""/>
  <member type="way" ref="225932290" role=""/>
  <member type="way" ref="128491120" role=""/>
  <member type="way" ref="168609619" role=""/>
  <tag k="fee" v="yes"/>
  <tag k="from" v="地铁北宫门站"/>
  <tag k="name" v="332路：地铁北宫门站 -&gt; 前门"/>
  <tag k="name:zh" v="332路：地铁北宫门站 -&gt; 前门"/>
  <tag k="network" v="北京公交"/>
  <tag k="network:en" v="Beijing Public Transport"/>
  <tag k="network:wikidata" v="Q4881181"/>
  <tag k="network:wikipedia" v="zh:北京公交"/>
  <tag k="network:zh" v="北京公交"/>
  <tag k="opening_hours" v="Mo-Su 04:50-21:30"/>
  <tag k="payment:alipay" v="yes"/>
  <tag k="payment:cash" v="yes"/>
  <tag k="payment:china_t-union" v="yes"/>
  <tag k="payment:coins" v="yes"/>
  <tag k="payment:ic" v="yes"/>
  <tag k="payment:unionpay" v="yes"/>
  <tag k="payment:wechat" v="yes"/>
  <tag k="public_transport:version" v="2"/>
  <tag k="ref" v="332"/>
  <tag k="route" v="bus"/>
  <tag k="to" v="前门"/>
  <tag k="type" v="route"/>
 </relation>
 <relation id="1928653" visible="true" version="102" changeset="187565426" timestamp="2026-08-17T03:36:53Z" user="hahae" uid="19218869">
  <member type="node" ref="9841449875" role="platform_entry_only"/>
  <member type="node" ref="9977420362" role="platform"/>
  <member type="node" ref="1765070602" role="platform"/>
  <member type="node" ref="1422005363" role="platform"/>
  <member type="node" ref="10062708781" role="platform"/>
  <member type="node" ref="10062698640" role="platform"/>
  <member type="node" ref="1420940424" role="platform"/>
  <member type="node" ref="10611855548" role="platform"/>
  <member type="node" ref="10011109084" role="platform"/>
  <member type="node" ref="10761230375" role="platform"/>
  <member type="node" ref="10300723503" role="platform"/>
  <member type="node" ref="9999303632" role="platform"/>
  <member type="node" ref="9699367539" role="platform"/>
  <member type="node" ref="9374983123" role="platform"/>
  <member type="node" ref="9374959719" role="platform"/>
  <member type="node" ref="10140026577" role="platform"/>
  <member type="node" ref="10206889246" role="platform"/>
  <member type="node" ref="10053442959" role="platform"/>
  <member type="node" ref="10053472221" role="platform"/>
  <member type="node" ref="10053472226" role="platform"/>
  <member type="node" ref="9363012138" role="platform"/>
  <member type="node" ref="9363001698" role="platform"/>
  <member type="node" ref="9748406669" role="platform"/>
  <member type="node" ref="9723274227" role="platform"/>
  <member type="node" ref="9723273540" role="platform"/>
  <member type="node" ref="11073112932" role="platform"/>
  <member type="node" ref="7678580075" role="platform"/>
  <member type="node" ref="7678620317" role="platform"/>
  <member type="node" ref="1978981357" role="platform"/>
  <member type="node" ref="7672088458" role="platform"/>
  <member type="node" ref="1978981365" role="platform_exit_only"/>
  <member type="way" ref="164895134" role=""/>
  <member type="way" ref="136512018" role=""/>
  <member type="way" ref="152587347" role=""/>
  <member type="way" ref="164601691" role=""/>
  <member type="way" ref="164899648" role=""/>
  <member type="way" ref="174144372" role=""/>
  <member type="way" ref="164601681" role=""/>
  <member type="way" ref="164601688" role=""/>
  <member type="way" ref="114108301" role=""/>
  <member type="way" ref="29229203" role=""/>
  <member type="way" ref="114108324" role=""/>
  <member type="way" ref="164899647" role=""/>
  <member type="way" ref="114108307" role=""/>
  <member type="way" ref="114108326" role=""/>
  <member type="way" ref="114108305" role=""/>
  <member type="way" ref="164899661" role=""/>
  <member type="way" ref="128753730" role=""/>
  <member type="way" ref="177353873" role=""/>
  <member type="way" ref="163822320" role=""/>
  <member type="way" ref="1037958212" role=""/>
  <member type="way" ref="143832436" role=""/>
  <member type="way" ref="1037958208" role=""/>
  <member type="way" ref="121778742" role=""/>
  <member type="way" ref="174787784" role=""/>
  <member type="way" ref="233756369" role=""/>
  <member type="way" ref="143599422" role=""/>
  <member type="way" ref="1550264395" role=""/>
  <member type="way" ref="26812131" role=""/>
  <member type="way" ref="150522819" role=""/>
  <member type="way" ref="156346935" role=""/>
  <member type="way" ref="26812140" role=""/>
  <member type="way" ref="150522781" role=""/>
  <member type="way" ref="150522826" role=""/>
  <member type="way" ref="150522779" role=""/>
  <member type="way" ref="165174626" role=""/>
  <member type="way" ref="1064239197" role=""/>
  <member type="way" ref="165174629" role=""/>
  <member type="way" ref="26812145" role=""/>
  <member type="way" ref="1089712090" role=""/>
  <member type="way" ref="1193267236" role=""/>
  <member type="way" ref="26812147" role=""/>
  <member type="way" ref="121399204" role=""/>
  <member type="way" ref="1233785040" role=""/>
  <member type="way" ref="1172007291" role=""/>
  <member type="way" ref="1056891573" role=""/>
  <member type="way" ref="1111777741" role=""/>
  <member type="way" ref="26812185" role=""/>
  <member type="way" ref="229610031" role=""/>
  <member type="way" ref="171981477" role=""/>
  <member type="way" ref="1056891572" role=""/>
  <member type="way" ref="171981481" role=""/>
  <member type="way" ref="1056891569" role=""/>
  <member type="way" ref="42489345" role=""/>
  <member type="way" ref="42489346" role=""/>
  <member type="way" ref="1056891568" role=""/>
  <member type="way" ref="42660679" role=""/>
  <member type="way" ref="150525116" role=""/>
  <member type="way" ref="5168726" role=""/>
  <member type="way" ref="1173714145" role=""/>
  <member type="way" ref="164439301" role=""/>
  <member type="way" ref="164439297" role=""/>
  <member type="way" ref="742470689" role=""/>
  <member type="way" ref="742470691" role=""/>
  <member type="way" ref="162586498" role=""/>
  <member type="way" ref="162586532" role=""/>
  <member type="way" ref="240812045" role=""/>
  <member type="way" ref="150529288" role=""/>
  <member type="way" ref="150529295" role=""/>
  <member type="way" ref="196117046" role=""/>
  <member type="way" ref="194262549" role=""/>
  <member type="way" ref="1540960391" role=""/>
  <member type="way" ref="1293589046" role=""/>
  <member type="way" ref="1540960390" role=""/>
  <member type="way" ref="120497146" role=""/>
  <member type="way" ref="1540960400" role=""/>
  <member type="way" ref="1540960399" role=""/>
  <member type="way" ref="120497140" role=""/>
  <member type="way" ref="194262545" role=""/>
  <member type="way" ref="120497143" role=""/>
  <member type="way" ref="120497147" role=""/>
  <member type="way" ref="120495357" role=""/>
  <member type="way" ref="1013622724" role=""/>
  <member type="way" ref="1189182532" role=""/>
  <member type="way" ref="164439295" role=""/>
  <member type="way" ref="1415681529" role=""/>
  <member type="way" ref="1294999961" role=""/>
  <member type="way" ref="122923045" role=""/>
  <member type="way" ref="122923050" role=""/>
  <member type="way" ref="1412500284" role=""/>
  <member type="way" ref="1294999959" role=""/>
  <member type="way" ref="1097953634" role=""/>
  <member type="way" ref="1347088400" role=""/>
  <member type="way" ref="1081193428" role=""/>
  <member type="way" ref="1279373208" role=""/>
  <member type="way" ref="194262547" role=""/>
  <member type="way" ref="1311845472" role=""/>
  <member type="way" ref="1013622723" role=""/>
  <member type="way" ref="150595801" role=""/>
  <member type="way" ref="172428908" role=""/>
  <member type="way" ref="164913732" role=""/>
  <member type="way" ref="1060989179" role=""/>
  <member type="way" ref="1209142693" role=""/>
  <member type="way" ref="723910485" role=""/>
  <member type="way" ref="1058131100" role=""/>
  <member type="way" ref="150595775" role=""/>
  <member type="way" ref="1058131099" role=""/>
  <member type="way" ref="150595777" role=""/>
  <member type="way" ref="169067026" role=""/>
  <member type="way" ref="169067036" role=""/>
  <member type="way" ref="169067028" role=""/>
  <member type="way" ref="169067032" role=""/>
  <member type="way" ref="5135894" role=""/>
  <member type="way" ref="1149792344" role=""/>
  <member type="way" ref="1124211748" role=""/>
  <member type="way" ref="175398474" role=""/>
  <member type="way" ref="175398488" role=""/>
  <member type="way" ref="187143948" role=""/>
  <member type="way" ref="1137858587" role=""/>
  <tag k="fee" v="yes"/>
  <tag k="from" v="巴沟村"/>
  <tag k="name" v="302路：巴沟村 -&gt; 辛庄"/>
  <tag k="name:zh" v="302路：巴沟村 -&gt; 辛庄"/>
  <tag k="network" v="北京公交"/>
  <tag k="network:en" v="Beijing Public Transport"/>
  <tag k="network:wikidata" v="Q4881181"/>
  <tag k="network:wikipedia" v="zh:北京公交"/>
  <tag k="network:zh" v="北京公交"/>
  <tag k="opening_hours" v="Mo-Su 5:30-23:00"/>
  <tag k="payment:alipay" v="yes"/>
  <tag k="payment:cash" v="yes"/>
  <tag k="payment:china_t-union" v="yes"/>
  <tag k="payment:coins" v="yes"/>
  <tag k="payment:ic" v="yes"/>
  <tag k="payment:unionpay" v="yes"/>
  <tag k="payment:wechat" v="yes"/>
  <tag k="public_transport:version" v="2"/>
  <tag k="ref" v="302"/>
  <tag k="route" v="bus"/>
  <tag k="to" v="辛庄"/>
  <tag k="type" v="route"/>
 </relation>
 <relation id="1928654" visible="true" version="5" changeset="123692034" timestamp="2022-07-16T14:43:23Z" user="vimacs_hacks" uid="13417651">
  <member type="relation" ref="1928673" role=""/>
  <member type="relation" ref="1928653" role=""/>
  <tag k="name" v="北京公交302路"/>
  <tag k="name:zh" v="北京公交302路"/>
  <tag k="network" v="北京公交"/>
  <tag k="network:en" v="Beijing Public Transport"/>
  <tag k="network:wikidata" v="Q4881181"/>
  <tag k="network:wikipedia" v="zh:北京公交"/>
  <tag k="network:zh" v="北京公交"/>
  <tag k="operator" v="北京公交集团第一客运分公司"/>
  <tag k="ref" v="302"/>
  <tag k="route_master" v="bus"/>
  <tag k="type" v="route_master"/>
 </relation>
 <relation id="1948623" visible="true" version="2" changeset="118194110" timestamp="2022-03-07T11:43:28Z" user="喵耳引力波" uid="14836070">
  <member type="way" ref="143832409" role="from"/>
  <member type="node" ref="1573977364" role="via"/>
  <member type="way" ref="1037958210" role="to"/>
  <tag k="restriction" v="only_straight_on"/>
  <tag k="type" v="restriction"/>
 </relation>
 <relation id="2068919" visible="true" version="5" changeset="132063346" timestamp="2023-02-04T02:44:01Z" user="MetroBot" uid="17377107">
  <member type="node" ref="528928528" role="stop"/>
  <member type="node" ref="1660324216" role="stop"/>
  <member type="way" ref="153322118" role="platform"/>
  <member type="way" ref="153322113" role="platform"/>
  <member type="node" ref="5441512445" role=""/>
  <member type="node" ref="10605269480" role=""/>
  <member type="node" ref="2504963303" role=""/>
  <member type="node" ref="10605269482" role=""/>
  <member type="node" ref="10605269483" role=""/>
  <tag k="name" v="新街口"/>
  <tag k="name:en" v="Xinjiekou"/>
  <tag k="name:zh" v="新街口"/>
  <tag k="public_transport" v="stop_area"/>
  <tag k="type" v="public_transport"/>
 </relation>
 <relation id="2068920" visible="true" version="6" changeset="134135701" timestamp="2023-03-26T13:05:01Z" user="vimacs_hacks" uid="13417651">
  <member type="node" ref="528929127" role="stop"/>
  <member type="way" ref="153322116" role="platform"/>
  <member type="way" ref="153322115" role="platform"/>
  <member type="node" ref="1660324132" role="stop"/>
  <member type="node" ref="5444439979" role=""/>
  <member type="node" ref="533643227" role=""/>
  <member type="node" ref="10763621391" role=""/>
  <member type="node" ref="533643087" role=""/>
  <member type="node" ref="10763621390" role=""/>
  <member type="node" ref="533643092" role=""/>
  <tag k="name" v="灵境胡同"/>
  <tag k="name:en" v="Lingjing Hutong"/>
  <tag k="name:zh" v="灵境胡同"/>
  <tag k="public_transport" v="stop_area"/>
  <tag k="type" v="public_transport"/>
 </relation>
 <relation id="2068921" visible="true" version="5" changeset="133669676" timestamp="2023-03-14T14:23:29Z" user="vimacs_hacks" uid="13417651">
  <member type="node" ref="7861046854" role=""/>
  <member type="node" ref="528928995" role="stop"/>
  <member type="node" ref="1660324139" role="stop"/>
  <member type="way" ref="153322117" role="platform"/>
  <member type="way" ref="153322120" role="platform"/>
  <member type="node" ref="533640060" role=""/>
  <member type="node" ref="533640038" role=""/>
  <member type="node" ref="533640293" role=""/>
  <member type="node" ref="10735103649" role=""/>
  <tag k="name" v="西四"/>
  <tag k="name:en" v="Xisi"/>
  <tag k="name:zh" v="西四"/>
  <tag k="public_transport" v="stop_area"/>
  <tag k="type" v="public_transport"/>
 </relation>
 <relation id="2082917" visible="true" version="16" changeset="116302235" timestamp="2022-01-18T14:43:36Z" user="Herman Lee" uid="6921384">
  <member type="node" ref="1674674668" role="stop"/>
  <member type="node" ref="1674674670" role="stop"/>
  <member type="node" ref="1674661898" role="stop"/>
  <member type="node" ref="1673553148" role="stop"/>
  <member type="node" ref="1673394714" role="stop"/>
  <member type="node" ref="1673394703" role="stop"/>
  <member type="node" ref="1673386299" role="stop"/>
  <member type="node" ref="1673386344" role="stop"/>
  <member type="node" ref="1660324132" role="stop"/>
  <member type="node" ref="1660324139" role="stop"/>
  <member type="node" ref="1660324135" role="stop"/>
  <member type="node" ref="1660324216" role="stop"/>
  <member type="node" ref="1364282601" role="stop"/>
  <member type="node" ref="1364282596" role="stop"/>
  <member type="node" ref="1364282599" role="stop"/>
  <member type="node" ref="1364282703" role="stop"/>
  <member type="node" ref="1364282600" role="stop"/>
  <member type="node" ref="6621483714" role="stop"/>
  <member type="node" ref="1362276541" role="stop"/>
  <member type="node" ref="1362276343" role="stop"/>
  <member type="node" ref="1362259024" role="stop"/>
  <member type="node" ref="1362259031" role="stop"/>
  <member type="node" ref="1362259110" role="stop"/>
  <member type="node" ref="528916114" role="stop"/>
  <member type="way" ref="155022099" role=""/>
  <member type="way" ref="155024510" role=""/>
  <member type="way" ref="154870254" role=""/>
  <member type="way" ref="154870235" role=""/>
  <member type="way" ref="42367633" role=""/>
  <tag k="colour" v="#008994"/>
  <tag k="from" v="公益西桥"/>
  <tag k="name" v="地铁 4号线: 公益西桥 -&gt; 安河桥北"/>
  <tag k="name:zh" v="地铁 4号线: 公益西桥 -&gt; 安河桥北"/>
  <tag k="network" v="北京地铁"/>
  <tag k="network:en" v="Beijing Subway"/>
  <tag k="network:wikidata" v="Q235319"/>
  <tag k="network:wikipedia" v="zh:北京地铁"/>
  <tag k="network:zh" v="北京地铁"/>
  <tag k="old_operator" v="北京市地下铁道总公司"/>
  <tag k="old_operator:en" v="Beijing Municipal Subway Company"/>
  <tag k="operator" v="北京京港地铁有限公司"/>
  <tag k="operator:en" v="Beijing MTR Corporation"/>
  <tag k="operator:wikidata" v="Q10902028"/>
  <tag k="public_transport:version" v="2"/>
  <tag k="ref" v="4"/>
  <tag k="route" v="subway"/>
  <tag k="to" v="安河桥北"/>
  <tag k="type" v="route"/>
  <tag k="wikidata" v="Q304264"/>
  <tag k="wikipedia" v="en:Line 4, Beijing Subway"/>
 </relation>
 <relation id="2083780" visible="true" version="16" changeset="179146448" timestamp="2026-02-27T19:35:02Z" user="Bovi887" uid="17440526">
  <member type="node" ref="2099427626" role="stop"/>
  <member type="node" ref="2099427622" role="stop"/>
  <member type="node" ref="2099427627" role="stop"/>
  <member type="node" ref="2099427623" role="stop"/>
  <member type="node" ref="2099427624" role="stop"/>
  <member type="node" ref="2099427625" role="stop"/>
  <member type="node" ref="1675448966" role="stop"/>
  <member type="node" ref="1675448965" role="stop"/>
  <member type="node" ref="1675448964" role="stop"/>
  <member type="node" ref="1675441058" role="stop"/>
  <member type="node" ref="1675420758" role="stop"/>
  <member type="node" ref="1674674667" role="stop"/>
  <member type="node" ref="1674674670" role="stop"/>
  <member type="node" ref="1674661898" role="stop"/>
  <member type="node" ref="1673553148" role="stop"/>
  <member type="node" ref="1673394714" role="stop"/>
  <member type="node" ref="1673394703" role="stop"/>
  <member type="node" ref="1673386299" role="stop"/>
  <member type="node" ref="1673386344" role="stop"/>
  <member type="node" ref="1660324132" role="stop"/>
  <member type="node" ref="1660324139" role="stop"/>
  <member type="node" ref="1660324135" role="stop"/>
  <member type="node" ref="1660324216" role="stop"/>
  <member type="node" ref="1364282601" role="stop"/>
  <member type="node" ref="1364282596" role="stop"/>
  <member type="node" ref="1364282599" role="stop"/>
  <member type="node" ref="1364282703" role="stop"/>
  <member type="node" ref="1364282600" role="stop"/>
  <member type="node" ref="6621483714" role="stop"/>
  <member type="node" ref="1362276541" role="stop"/>
  <member type="node" ref="1362276343" role="stop"/>
  <member type="node" ref="1362259024" role="stop"/>
  <member type="node" ref="1362259031" role="stop"/>
  <member type="node" ref="1362259110" role="stop"/>
  <member type="node" ref="528916114" role="stop"/>
  <member type="way" ref="155108557" role=""/>
  <member type="way" ref="155105735" role=""/>
  <member type="way" ref="199958749" role=""/>
  <member type="way" ref="1017367723" role=""/>
  <member type="way" ref="121777665" role=""/>
  <member type="way" ref="155104803" role=""/>
  <member type="way" ref="155024510" role=""/>
  <member type="way" ref="154870254" role=""/>
  <member type="way" ref="154870235" role=""/>
  <member type="way" ref="42367633" role=""/>
  <tag k="colour" v="#008994"/>
  <tag k="from" v="天宫院"/>
  <tag k="name" v="地铁 4号线/大兴线: 天宫院 -&gt; 安河桥北"/>
  <tag k="name:zh" v="地铁 4号线/大兴线: 天宫院 -&gt; 安河桥北"/>
  <tag k="network" v="北京地铁"/>
  <tag k="network:en" v="Beijing Subway"/>
  <tag k="network:wikidata" v="Q235319"/>
  <tag k="network:wikipedia" v="zh:北京地铁"/>
  <tag k="network:zh" v="北京地铁"/>
  <tag k="old_operator" v="北京市地下铁道总公司"/>
  <tag k="old_operator:en" v="Beijing Municipal Subway Company"/>
  <tag k="operator" v="北京京港地铁有限公司"/>
  <tag k="operator:en" v="Beijing MTR Corporation"/>
  <tag k="operator:wikidata" v="Q10902028"/>
  <tag k="public_transport:version" v="2"/>
  <tag k="ref" v="4"/>
  <tag k="route" v="subway"/>
  <tag k="to" v="安河桥北"/>
  <tag k="type" v="route"/>
  <tag k="wikidata" v="Q304264"/>
  <tag k="wikipedia" v="en:Line 4, Beijing Subway"/>
 </relation>
 <relation id="2163880" visible="true" version="3" changeset="125478975" timestamp="2022-08-28T13:56:09Z" user="vimacs_hacks" uid="13417651">
  <member type="node" ref="1735331376" role="stop"/>
  <member type="node" ref="9983440420" role="platform"/>
  <member type="node" ref="1735344449" role="stop"/>
  <member type="node" ref="9983440418" role="platform"/>
  <member type="node" ref="1735344456" role="stop"/>
  <member type="node" ref="9983440419" role="platform"/>
  <tag k="name" v="中关村北"/>
  <tag k="name:zh" v="中关村北"/>
  <tag k="public_transport" v="stop_area"/>
  <tag k="type" v="public_transport"/>
 </relation>
 <relation id="2197309" visible="true" version="5" changeset="139737887" timestamp="2023-08-11T07:55:46Z" user="Herman Lee" uid="6921384">
  <member type="node" ref="1765070609" role="stop"/>
  <member type="node" ref="10062698640" role="platform"/>
  <tag k="name" v="海淀路东口"/>
  <tag k="name:zh" v="海淀路东口"/>
  <tag k="public_transport" v="stop_area"/>
  <tag k="type" v="public_transport"/>
 </relation>
 <relation id="2197310" visible="true" version="3" changeset="139737887" timestamp="2023-08-11T07:55:46Z" user="Herman Lee" uid="6921384">
  <member type="node" ref="1765070612" role="stop"/>
  <member type="node" ref="10062708781" role="platform"/>
  <tag k="name" v="海淀路西口"/>
  <tag k="name:zh" v="海淀路西口"/>
  <tag k="public_transport" v="stop_area"/>
  <tag k="type" v="public_transport"/>
 </relation>
 <relation id="2313392" visible="true" version="66" changeset="187565426" timestamp="2026-08-17T03:36:53Z" user="hahae" uid="19218869">
  <member type="node" ref="9345381116" role="platform_entry_only"/>
  <member type="node" ref="9345343712" role="platform"/>
  <member type="node" ref="9721179769" role="platform"/>
  <member type="node" ref="9848227274" role="platform"/>
  <member type="node" ref="9702431982" role="platform"/>
  <member type="node" ref="9702431981" role="platform"/>
  <member type="node" ref="10052900069" role="platform"/>
  <member type="node" ref="10117765184" role="platform"/>
  <member type="node" ref="10117765178" role="platform"/>
  <member type="node" ref="9356891515" role="platform"/>
  <member type="node" ref="9357005916" role="platform"/>
  <member type="node" ref="9721890875" role="platform"/>
  <member type="node" ref="9997522828" role="platform"/>
  <member type="node" ref="10874899070" role="platform"/>
  <member type="node" ref="9721202424" role="platform"/>
  <member type="node" ref="9721151466" role="platform"/>
  <member type="node" ref="10761230367" role="platform"/>
  <member type="node" ref="240421944" role="platform"/>
  <member type="node" ref="1754955224" role="platform"/>
  <member type="node" ref="1420940395" role="platform"/>
  <member type="node" ref="9983440418" role="platform"/>
  <member type="node" ref="9983440417" role="platform"/>
  <member type="node" ref="1755873490" role="platform"/>
  <member type="node" ref="9983429208" role="platform"/>
  <member type="node" ref="10060047894" role="platform"/>
  <member type="node" ref="10060047888" role="platform"/>
  <member type="node" ref="11074650750" role="platform"/>
  <member type="node" ref="9572017366" role="platform"/>
  <member type="node" ref="9572017363" role="platform"/>
  <member type="node" ref="9572017362" role="platform"/>
  <member type="node" ref="7559674770" role="platform"/>
  <member type="node" ref="2264507183" role="platform"/>
  <member type="node" ref="11348413261" role="platform"/>
  <member type="node" ref="11793093509" role="platform"/>
  <member type="node" ref="10884265306" role="platform_exit_only"/>
  <member type="way" ref="1093134646" role=""/>
  <member type="way" ref="1093134645" role=""/>
  <member type="way" ref="178361308" role=""/>
  <member type="way" ref="141533813" role=""/>
  <member type="way" ref="701295414" role=""/>
  <member type="way" ref="1070592679" role=""/>
  <member type="way" ref="1070592701" role=""/>
  <member type="way" ref="1055899092" role=""/>
  <member type="way" ref="144927511" role=""/>
  <member type="way" ref="141533802" role=""/>
  <member type="way" ref="1091840775" role=""/>
  <member type="way" ref="1061577707" role=""/>
  <member type="way" ref="173174424" role=""/>
  <member type="way" ref="1258482116" role=""/>
  <member type="way" ref="178361312" role=""/>
  <member type="way" ref="629610632" role=""/>
  <member type="way" ref="94847448" role=""/>
  <member type="way" ref="30065189" role=""/>
  <member type="way" ref="146696745" role=""/>
  <member type="way" ref="146696740" role=""/>
  <member type="way" ref="146696744" role=""/>
  <member type="way" ref="155577036" role=""/>
  <member type="way" ref="1073563367" role=""/>
  <member type="way" ref="114638564" role=""/>
  <member type="way" ref="1058236541" role=""/>
  <member type="way" ref="127467602" role=""/>
  <member type="way" ref="42426045" role=""/>
  <member type="way" ref="1177277468" role=""/>
  <member type="way" ref="155585474" role=""/>
  <member type="way" ref="1364038203" role=""/>
  <member type="way" ref="227666793" role=""/>
  <member type="way" ref="141524696" role=""/>
  <member type="way" ref="152171394" role=""/>
  <member type="way" ref="164957359" role=""/>
  <member type="way" ref="141524697" role=""/>
  <member type="way" ref="141524699" role=""/>
  <member type="way" ref="1091644281" role=""/>
  <member type="way" ref="151072011" role=""/>
  <member type="way" ref="141533825" role=""/>
  <member type="way" ref="143832451" role=""/>
  <member type="way" ref="154865572" role=""/>
  <member type="way" ref="143832445" role=""/>
  <member type="way" ref="128009686" role=""/>
  <member type="way" ref="77305478" role=""/>
  <member type="way" ref="77305477" role=""/>
  <member type="way" ref="22371064" role=""/>
  <member type="way" ref="139339324" role=""/>
  <member type="way" ref="139339319" role=""/>
  <member type="way" ref="46031689" role=""/>
  <member type="way" ref="173445041" role=""/>
  <member type="way" ref="143832427" role=""/>
  <member type="way" ref="143832414" role=""/>
  <member type="way" ref="167649023" role=""/>
  <member type="way" ref="1055449633" role=""/>
  <member type="way" ref="219487086" role=""/>
  <member type="way" ref="1550264394" role=""/>
  <member type="way" ref="26812136" role=""/>
  <member type="way" ref="26812135" role=""/>
  <member type="way" ref="462630730" role=""/>
  <member type="way" ref="240367922" role=""/>
  <member type="way" ref="1156851613" role=""/>
  <member type="way" ref="162546313" role=""/>
  <member type="way" ref="162546312" role=""/>
  <member type="way" ref="128624210" role=""/>
  <member type="way" ref="1136486921" role=""/>
  <member type="way" ref="1037961726" role=""/>
  <member type="way" ref="26152148" role=""/>
  <member type="way" ref="1037958213" role=""/>
  <member type="way" ref="121778743" role=""/>
  <member type="way" ref="237011437" role=""/>
  <member type="way" ref="138694680" role=""/>
  <member type="way" ref="138690689" role=""/>
  <member type="way" ref="237011435" role=""/>
  <member type="way" ref="237011436" role=""/>
  <member type="way" ref="863690580" role=""/>
  <member type="way" ref="863690579" role=""/>
  <member type="way" ref="138684426" role=""/>
  <member type="way" ref="114077389" role=""/>
  <member type="way" ref="235466190" role=""/>
  <member type="way" ref="127635208" role=""/>
  <member type="way" ref="127635205" role=""/>
  <member type="way" ref="127635198" role=""/>
  <member type="way" ref="114077390" role=""/>
  <member type="way" ref="139542981" role=""/>
  <member type="way" ref="143749968" role=""/>
  <member type="way" ref="174646965" role=""/>
  <member type="way" ref="193102400" role=""/>
  <member type="way" ref="143752500" role=""/>
  <member type="way" ref="161444976" role=""/>
  <member type="way" ref="174646972" role=""/>
  <member type="way" ref="174646971" role=""/>
  <member type="way" ref="1251545710" role=""/>
  <member type="way" ref="40367328" role=""/>
  <member type="way" ref="25659820" role=""/>
  <member type="way" ref="1383756032" role=""/>
  <member type="way" ref="1383756035" role=""/>
  <member type="way" ref="1171296762" role=""/>
  <tag k="fee" v="yes"/>
  <tag k="from" v="北京西站"/>
  <tag k="name" v="320路：北京西站 -&gt; 清河火车站"/>
  <tag k="name:zh" v="320路：北京西站 -&gt; 清河火车站"/>
  <tag k="network" v="北京公交"/>
  <tag k="network:en" v="Beijing Public Transport"/>
  <tag k="network:wikidata" v="Q4881181"/>
  <tag k="network:wikipedia" v="zh:北京公交"/>
  <tag k="network:zh" v="北京公交"/>
  <tag k="opening_hours" v="Mo-Su 05:00-23:00"/>
  <tag k="payment:alipay" v="yes"/>
  <tag k="payment:cash" v="yes"/>
  <tag k="payment:china_t-union" v="yes"/>
  <tag k="payment:coins" v="yes"/>
  <tag k="payment:ic" v="yes"/>
  <tag k="payment:unionpay" v="yes"/>
  <tag k="payment:wechat" v="yes"/>
  <tag k="public_transport:version" v="2"/>
  <tag k="ref" v="320"/>
  <tag k="route" v="bus"/>
  <tag k="to" v="清河火车站"/>
  <tag k="type" v="route"/>
 </relation>
 <relation id="2699192" visible="true" version="49" changeset="187565426" timestamp="2026-08-17T03:36:53Z" user="hahae" uid="19218869">
  <member type="node" ref="2284997131" role="platform_entry_only"/>
  <member type="node" ref="2284989047" role="platform"/>
  <member type="node" ref="10050399815" role="platform"/>
  <member type="node" ref="10050399813" role="platform"/>
  <member type="node" ref="6583035342" role="platform"/>
  <member type="node" ref="10018290603" role="platform"/>
  <member type="node" ref="10020877140" role="platform"/>
  <member type="node" ref="10020877128" role="platform"/>
  <member type="node" ref="2036213421" role="platform"/>
  <member type="node" ref="2036213426" role="platform"/>
  <member type="node" ref="11074650758" role="platform"/>
  <member type="node" ref="11074650756" role="platform"/>
  <member type="node" ref="9572017365" role="platform"/>
  <member type="node" ref="9572017361" role="platform"/>
  <member type="node" ref="11074650751" role="platform"/>
  <member type="node" ref="10060047891" role="platform"/>
  <member type="node" ref="10060047896" role="platform"/>
  <member type="node" ref="9983429207" role="platform"/>
  <member type="node" ref="9983429212" role="platform"/>
  <member type="node" ref="9983429215" role="platform"/>
  <member type="node" ref="1497364745" role="platform"/>
  <member type="node" ref="9643265567" role="platform"/>
  <member type="node" ref="10011109084" role="platform"/>
  <member type="node" ref="10761230375" role="platform"/>
  <member type="node" ref="9721151468" role="platform"/>
  <member type="node" ref="9721202427" role="platform"/>
  <member type="node" ref="9997528656" role="platform"/>
  <member type="node" ref="9997528661" role="platform"/>
  <member type="node" ref="9721872982" role="platform"/>
  <member type="node" ref="9721820956" role="platform"/>
  <member type="node" ref="9668244408" role="platform"/>
  <member type="node" ref="9698345359" role="platform"/>
  <member type="node" ref="9698422000" role="platform"/>
  <member type="node" ref="9698421997" role="platform"/>
  <member type="node" ref="9698421995" role="platform_exit_only"/>
  <member type="way" ref="219332908" role=""/>
  <member type="way" ref="219332881" role=""/>
  <member type="way" ref="219332001" role=""/>
  <member type="way" ref="1159408006" role=""/>
  <member type="way" ref="1159408007" role=""/>
  <member type="way" ref="1033705422" role=""/>
  <member type="way" ref="1033705423" role=""/>
  <member type="way" ref="159524535" role=""/>
  <member type="way" ref="1272495966" role=""/>
  <member type="way" ref="1272495965" role=""/>
  <member type="way" ref="1272495967" role=""/>
  <member type="way" ref="27083791" role=""/>
  <member type="way" ref="27083794" role=""/>
  <member type="way" ref="219330749" role=""/>
  <member type="way" ref="1193087873" role=""/>
  <member type="way" ref="25214181" role=""/>
  <member type="way" ref="174144376" role=""/>
  <member type="way" ref="219332912" role=""/>
  <member type="way" ref="1491378939" role=""/>
  <member type="way" ref="174646963" role=""/>
  <member type="way" ref="50633435" role=""/>
  <member type="way" ref="114077390" role=""/>
  <member type="way" ref="127635198" role=""/>
  <member type="way" ref="127635205" role=""/>
  <member type="way" ref="127635208" role=""/>
  <member type="way" ref="235466190" role=""/>
  <member type="way" ref="114077391" role=""/>
  <member type="way" ref="136968705" role=""/>
  <member type="way" ref="146452468" role=""/>
  <member type="way" ref="138684851" role=""/>
  <member type="way" ref="863690578" role=""/>
  <member type="way" ref="863690577" role=""/>
  <member type="way" ref="136867396" role=""/>
  <member type="way" ref="170473547" role=""/>
  <member type="way" ref="1037958211" role=""/>
  <member type="way" ref="26812102" role=""/>
  <member type="way" ref="1037958209" role=""/>
  <member type="way" ref="121778742" role=""/>
  <member type="way" ref="174787784" role=""/>
  <member type="way" ref="233756369" role=""/>
  <member type="way" ref="143599422" role=""/>
  <member type="way" ref="1550264395" role=""/>
  <member type="way" ref="26812131" role=""/>
  <member type="way" ref="30064875" role=""/>
  <member type="way" ref="219439618" role=""/>
  <member type="way" ref="175590393" role=""/>
  <member type="way" ref="1304238421" role=""/>
  <member type="way" ref="139339323" role=""/>
  <member type="way" ref="139339320" role=""/>
  <member type="way" ref="1169515685" role=""/>
  <member type="way" ref="128009684" role=""/>
  <member type="way" ref="77305475" role=""/>
  <member type="way" ref="77305476" role=""/>
  <member type="way" ref="128009688" role=""/>
  <member type="way" ref="139339332" role=""/>
  <member type="way" ref="235266836" role=""/>
  <member type="way" ref="1095413070" role=""/>
  <member type="way" ref="240525525" role=""/>
  <member type="way" ref="1095568618" role=""/>
  <member type="way" ref="152171400" role=""/>
  <member type="way" ref="169853712" role=""/>
  <member type="way" ref="152171399" role=""/>
  <member type="way" ref="1055465985" role=""/>
  <member type="way" ref="1055465982" role=""/>
  <member type="way" ref="141510619" role=""/>
  <member type="way" ref="249212482" role=""/>
  <member type="way" ref="51400474" role=""/>
  <member type="way" ref="200977987" role=""/>
  <member type="way" ref="26514822" role=""/>
  <member type="way" ref="26514829" role=""/>
  <member type="way" ref="135257994" role=""/>
  <member type="way" ref="26514827" role=""/>
  <member type="way" ref="200877430" role=""/>
  <member type="way" ref="1055429158" role=""/>
  <member type="way" ref="219439948" role=""/>
  <member type="way" ref="266509130" role=""/>
  <member type="way" ref="200877423" role=""/>
  <member type="way" ref="1055429157" role=""/>
  <member type="way" ref="1193087872" role=""/>
  <tag k="fee" v="yes"/>
  <tag k="from" v="地铁安河桥北站"/>
  <tag k="name" v="305路：地铁安河桥北站 -&gt; 中苑宾馆"/>
  <tag k="name:zh" v="305路：地铁安河桥北站 -&gt; 中苑宾馆"/>
  <tag k="network" v="北京公交"/>
  <tag k="network:en" v="Beijing Public Transport"/>
  <tag k="network:wikidata" v="Q4881181"/>
  <tag k="network:wikipedia" v="zh:北京公交"/>
  <tag k="network:zh" v="北京公交"/>
  <tag k="opening_hours" v="Mo-Su 05:15-21:15"/>
  <tag k="payment:alipay" v="yes"/>
  <tag k="payment:cash" v="yes"/>
  <tag k="payment:china_t-union" v="yes"/>
  <tag k="payment:coins" v="yes"/>
  <tag k="payment:ic" v="yes"/>
  <tag k="payment:unionpay" v="yes"/>
  <tag k="payment:wechat" v="yes"/>
  <tag k="public_transport:version" v="2"/>
  <tag k="ref" v="305"/>
  <tag k="route" v="bus"/>
  <tag k="to" v="中苑宾馆"/>
  <tag k="type" v="route"/>
 </relation>
 <relation id="2699198" visible="true" version="52" changeset="187565426" timestamp="2026-08-17T03:36:53Z" user="hahae" uid="19218869">
  <member type="node" ref="9698421993" role="platform_entry_only"/>
  <member type="node" ref="9698421996" role="platform"/>
  <member type="node" ref="9642417696" role="platform"/>
  <member type="node" ref="9698422001" role="platform"/>
  <member type="node" ref="9698345360" role="platform"/>
  <member type="node" ref="9668244401" role="platform"/>
  <member type="node" ref="9721820960" role="platform"/>
  <member type="node" ref="9721872985" role="platform"/>
  <member type="node" ref="9997522828" role="platform"/>
  <member type="node" ref="9997528658" role="platform"/>
  <member type="node" ref="9721202423" role="platform"/>
  <member type="node" ref="9721202429" role="platform"/>
  <member type="node" ref="10761230367" role="platform"/>
  <member type="node" ref="240421944" role="platform"/>
  <member type="node" ref="10594420251" role="platform"/>
  <member type="node" ref="1420940427" role="platform"/>
  <member type="node" ref="9983440417" role="platform"/>
  <member type="node" ref="1755873489" role="platform"/>
  <member type="node" ref="9983429208" role="platform"/>
  <member type="node" ref="10060047894" role="platform"/>
  <member type="node" ref="10060047888" role="platform"/>
  <member type="node" ref="11074650750" role="platform"/>
  <member type="node" ref="9572017366" role="platform"/>
  <member type="node" ref="9572017363" role="platform"/>
  <member type="node" ref="6725515010" role="platform"/>
  <member type="node" ref="11074650757" role="platform"/>
  <member type="node" ref="10045205984" role="platform"/>
  <member type="node" ref="2036213422" role="platform"/>
  <member type="node" ref="10020877120" role="platform"/>
  <member type="node" ref="10020877133" role="platform"/>
  <member type="node" ref="10018290599" role="platform"/>
  <member type="node" ref="6583035343" role="platform"/>
  <member type="node" ref="10050399811" role="platform"/>
  <member type="node" ref="2382624538" role="platform"/>
  <member type="node" ref="2284989050" role="platform"/>
  <member type="node" ref="2284989044" role="platform_exit_only"/>
  <member type="way" ref="1193087871" role=""/>
  <member type="way" ref="200877431" role=""/>
  <member type="way" ref="966348135" role=""/>
  <member type="way" ref="200877435" role=""/>
  <member type="way" ref="200877432" role=""/>
  <member type="way" ref="966348134" role=""/>
  <member type="way" ref="200877437" role=""/>
  <member type="way" ref="1055468686" role=""/>
  <member type="way" ref="1055468685" role=""/>
  <member type="way" ref="1270104342" role=""/>
  <member type="way" ref="200877436" role=""/>
  <member type="way" ref="1050791279" role=""/>
  <member type="way" ref="122090120" role=""/>
  <member type="way" ref="122090113" role=""/>
  <member type="way" ref="135257991" role=""/>
  <member type="way" ref="135257989" role=""/>
  <member type="way" ref="1326252986" role=""/>
  <member type="way" ref="122090116" role=""/>
  <member type="way" ref="219663119" role=""/>
  <member type="way" ref="160074675" role=""/>
  <member type="way" ref="1055465988" role=""/>
  <member type="way" ref="1055465989" role=""/>
  <member type="way" ref="150929542" role=""/>
  <member type="way" ref="169853713" role=""/>
  <member type="way" ref="169221937" role=""/>
  <member type="way" ref="22371064" role=""/>
  <member type="way" ref="139339324" role=""/>
  <member type="way" ref="139339319" role=""/>
  <member type="way" ref="46031689" role=""/>
  <member type="way" ref="173445041" role=""/>
  <member type="way" ref="143832427" role=""/>
  <member type="way" ref="143832414" role=""/>
  <member type="way" ref="167649023" role=""/>
  <member type="way" ref="1055449633" role=""/>
  <member type="way" ref="219487086" role=""/>
  <member type="way" ref="1550264394" role=""/>
  <member type="way" ref="26812136" role=""/>
  <member type="way" ref="26812135" role=""/>
  <member type="way" ref="462630730" role=""/>
  <member type="way" ref="240367922" role=""/>
  <member type="way" ref="1156851613" role=""/>
  <member type="way" ref="162546313" role=""/>
  <member type="way" ref="162546312" role=""/>
  <member type="way" ref="128624210" role=""/>
  <member type="way" ref="1136486921" role=""/>
  <member type="way" ref="1037961726" role=""/>
  <member type="way" ref="26152148" role=""/>
  <member type="way" ref="1037958213" role=""/>
  <member type="way" ref="121778743" role=""/>
  <member type="way" ref="237011437" role=""/>
  <member type="way" ref="138694680" role=""/>
  <member type="way" ref="138690689" role=""/>
  <member type="way" ref="237011435" role=""/>
  <member type="way" ref="237011436" role=""/>
  <member type="way" ref="863690580" role=""/>
  <member type="way" ref="863690579" role=""/>
  <member type="way" ref="138684426" role=""/>
  <member type="way" ref="114077389" role=""/>
  <member type="way" ref="235466190" role=""/>
  <member type="way" ref="127635208" role=""/>
  <member type="way" ref="127635205" role=""/>
  <member type="way" ref="127635198" role=""/>
  <member type="way" ref="114077390" role=""/>
  <member type="way" ref="139542981" role=""/>
  <member type="way" ref="143749968" role=""/>
  <member type="way" ref="174646965" role=""/>
  <member type="way" ref="1278955749" role=""/>
  <member type="way" ref="26139161" role=""/>
  <member type="way" ref="430898066" role=""/>
  <member type="way" ref="1491378944" role=""/>
  <member type="way" ref="430898065" role=""/>
  <member type="way" ref="219332889" role=""/>
  <member type="way" ref="193102401" role=""/>
  <member type="way" ref="27083799" role=""/>
  <member type="way" ref="174144368" role=""/>
  <member type="way" ref="161446289" role=""/>
  <member type="way" ref="27083800" role=""/>
  <member type="way" ref="174149417" role=""/>
  <member type="way" ref="27083802" role=""/>
  <member type="way" ref="1381374829" role=""/>
  <member type="way" ref="1381374828" role=""/>
  <member type="way" ref="193102398" role=""/>
  <member type="way" ref="152604406" role=""/>
  <member type="way" ref="159524544" role=""/>
  <member type="way" ref="174144378" role=""/>
  <member type="way" ref="1159408014" role=""/>
  <tag k="fee" v="yes"/>
  <tag k="from" v="中苑宾馆"/>
  <tag k="name" v="305路：中苑宾馆 -&gt; 地铁安河桥北站"/>
  <tag k="name:zh" v="305路：中苑宾馆 -&gt; 地铁安河桥北站"/>
  <tag k="network" v="北京公交"/>
  <tag k="network:en" v="Beijing Public Transport"/>
  <tag k="network:wikidata" v="Q4881181"/>
  <tag k="network:wikipedia" v="zh:北京公交"/>
  <tag k="network:zh" v="北京公交"/>
  <tag k="opening_hours" v="Mo-Su 06:30-22:30"/>
  <tag k="payment:alipay" v="yes"/>
  <tag k="payment:cash" v="yes"/>
  <tag k="payment:china_t-union" v="yes"/>
  <tag k="payment:coins" v="yes"/>
  <tag k="payment:ic" v="yes"/>
  <tag k="payment:unionpay" v="yes"/>
  <tag k="payment:wechat" v="yes"/>
  <tag k="public_transport:version" v="2"/>
  <tag k="ref" v="305"/>
  <tag k="route" v="bus"/>
  <tag k="to" v="地铁安河桥北站"/>
  <tag k="type" v="route"/>
 </relation>
 <relation id="2874970" visible="true" version="50" changeset="184793702" timestamp="2026-06-29T12:39:16Z" user="Summer200101" uid="17234617">
  <member type="node" ref="2500614420" role="platform"/>
  <member type="node" ref="11802215120" role="platform"/>
  <member type="node" ref="11298084831" role="platform"/>
  <member type="node" ref="12530874302" role="platform"/>
  <member type="node" ref="1529259352" role="platform"/>
  <member type="node" ref="10704498833" role="platform"/>
  <member type="node" ref="1734208703" role="platform"/>
  <member type="node" ref="11816211735" role="platform"/>
  <member type="node" ref="2303376667" role="platform"/>
  <member type="node" ref="1734162656" role="platform"/>
  <member type="node" ref="1851784927" role="platform"/>
  <member type="node" ref="11018125423" role="platform"/>
  <member type="node" ref="9572017364" role="platform"/>
  <member type="node" ref="11018125421" role="platform"/>
  <member type="node" ref="9983429205" role="platform"/>
  <member type="node" ref="9983429213" role="platform"/>
  <member type="node" ref="9983429215" role="platform"/>
  <member type="node" ref="9983440420" role="platform"/>
  <member type="node" ref="1420940428" role="platform"/>
  <member type="node" ref="1754946804" role="platform"/>
  <member type="node" ref="10761230373" role="platform"/>
  <member type="node" ref="9721151470" role="platform"/>
  <member type="node" ref="9721205700" role="platform"/>
  <member type="node" ref="10130539054" role="platform"/>
  <member type="node" ref="10130539049" role="platform"/>
  <member type="node" ref="10130539046" role="platform"/>
  <member type="node" ref="10130539042" role="platform"/>
  <member type="node" ref="1765018072" role="platform_exit_only"/>
  <member type="way" ref="1270762969" role=""/>
  <member type="way" ref="1270898606" role=""/>
  <member type="way" ref="1272472969" role=""/>
  <member type="way" ref="1272485442" role=""/>
  <member type="way" ref="1270762968" role=""/>
  <member type="way" ref="242595074" role=""/>
  <member type="way" ref="1345147682" role=""/>
  <member type="way" ref="40719337" role=""/>
  <member type="way" ref="1345147672" role=""/>
  <member type="way" ref="1099772812" role=""/>
  <member type="way" ref="1532514909" role=""/>
  <member type="way" ref="139502709" role=""/>
  <member type="way" ref="26729641" role=""/>
  <member type="way" ref="139542970" role=""/>
  <member type="way" ref="1176532490" role=""/>
  <member type="way" ref="182526969" role=""/>
  <member type="way" ref="1287122439" role=""/>
  <member type="way" ref="221301861" role=""/>
  <member type="way" ref="1270104343" role=""/>
  <member type="way" ref="143752502" role=""/>
  <member type="way" ref="151917569" role=""/>
  <member type="way" ref="127635188" role=""/>
  <member type="way" ref="217337714" role=""/>
  <member type="way" ref="25189591" role=""/>
  <member type="way" ref="161470119" role=""/>
  <member type="way" ref="161444990" role=""/>
  <member type="way" ref="26328069" role=""/>
  <member type="way" ref="161444977" role=""/>
  <member type="way" ref="193142193" role=""/>
  <member type="way" ref="1278955750" role=""/>
  <member type="way" ref="174646963" role=""/>
  <member type="way" ref="50633435" role=""/>
  <member type="way" ref="114077390" role=""/>
  <member type="way" ref="127635198" role=""/>
  <member type="way" ref="127635205" role=""/>
  <member type="way" ref="127635208" role=""/>
  <member type="way" ref="235466190" role=""/>
  <member type="way" ref="114077391" role=""/>
  <member type="way" ref="136968705" role=""/>
  <member type="way" ref="146452468" role=""/>
  <member type="way" ref="138684851" role=""/>
  <member type="way" ref="863690578" role=""/>
  <member type="way" ref="863690577" role=""/>
  <member type="way" ref="136867396" role=""/>
  <member type="way" ref="170473547" role=""/>
  <member type="way" ref="1037958211" role=""/>
  <member type="way" ref="26812102" role=""/>
  <member type="way" ref="1037958209" role=""/>
  <member type="way" ref="121778742" role=""/>
  <member type="way" ref="174787784" role=""/>
  <member type="way" ref="233756369" role=""/>
  <member type="way" ref="143599422" role=""/>
  <member type="way" ref="1062532836" role=""/>
  <member type="way" ref="25446417" role=""/>
  <member type="way" ref="143599468" role=""/>
  <member type="way" ref="174144377" role=""/>
  <member type="way" ref="174799521" role=""/>
  <member type="way" ref="567248421" role=""/>
  <member type="way" ref="1062532841" role=""/>
  <member type="way" ref="1062532837" role=""/>
  <member type="way" ref="1062532838" role=""/>
  <member type="way" ref="1098310084" role=""/>
  <tag k="fee" v="yes"/>
  <tag k="from" v="单村"/>
  <tag k="name" v="614路：单村 -&gt; 万柳中路北口"/>
  <tag k="name:zh" v="614路：单村 -&gt; 万柳中路北口"/>
  <tag k="network" v="北京公交"/>
  <tag k="network:en" v="Beijing Public Transport"/>
  <tag k="network:wikidata" v="Q4881181"/>
  <tag k="network:wikipedia" v="zh:北京公交"/>
  <tag k="network:zh" v="北京公交"/>
  <tag k="opening_hours" v="Mo-Su 05:20-22:00"/>
  <tag k="public_transport:version" v="2"/>
  <tag k="ref" v="614"/>
  <tag k="route" v="bus"/>
  <tag k="to" v="万柳中路北口"/>
  <tag k="type" v="route"/>
 </relation>
 <relation id="2874971" visible="true" version="58" changeset="187565426" timestamp="2026-08-17T03:36:53Z" user="hahae" uid="19218869">
  <member type="node" ref="9875586717" role="platform_entry_only"/>
  <member type="node" ref="9966227770" role="platform"/>
  <member type="node" ref="10130539044" role="platform"/>
  <member type="node" ref="10130539051" role="platform"/>
  <member type="node" ref="10130539055" role="platform"/>
  <member type="node" ref="9721205701" role="platform"/>
  <member type="node" ref="9721151472" role="platform"/>
  <member type="node" ref="1779334537" role="platform"/>
  <member type="node" ref="1754955230" role="platform"/>
  <member type="node" ref="1420940401" role="platform"/>
  <member type="node" ref="9983440418" role="platform"/>
  <member type="node" ref="1755873489" role="platform"/>
  <member type="node" ref="9983429208" role="platform"/>
  <member type="node" ref="1851784992" role="stop"/>
  <member type="node" ref="1851784990" role="stop"/>
  <member type="node" ref="1851784928" role="platform"/>
  <member type="node" ref="1851784993" role="stop"/>
  <member type="node" ref="1851784947" role="platform"/>
  <member type="node" ref="1412183246" role="platform"/>
  <member type="node" ref="1412183328" role="platform"/>
  <member type="node" ref="2266104095" role="platform"/>
  <member type="node" ref="12444437272" role="platform"/>
  <member type="node" ref="10108657603" role="platform"/>
  <member type="node" ref="11802215122" role="platform"/>
  <member type="node" ref="11816171470" role="platform"/>
  <member type="way" ref="1090774568" role=""/>
  <member type="way" ref="1098310083" role=""/>
  <member type="way" ref="1062532840" role=""/>
  <member type="way" ref="1062532839" role=""/>
  <member type="way" ref="1062532841" role=""/>
  <member type="way" ref="567248421" role=""/>
  <member type="way" ref="1062532834" role=""/>
  <member type="way" ref="174799479" role=""/>
  <member type="way" ref="1060273153" role=""/>
  <member type="way" ref="1072680077" role=""/>
  <member type="way" ref="42454284" role=""/>
  <member type="way" ref="1125224532" role=""/>
  <member type="way" ref="240367930" role=""/>
  <member type="way" ref="156346934" role=""/>
  <member type="way" ref="150522819" role=""/>
  <member type="way" ref="1550264394" role=""/>
  <member type="way" ref="26812136" role=""/>
  <member type="way" ref="26812135" role=""/>
  <member type="way" ref="462630730" role=""/>
  <member type="way" ref="240367922" role=""/>
  <member type="way" ref="1156851613" role=""/>
  <member type="way" ref="162546313" role=""/>
  <member type="way" ref="162546312" role=""/>
  <member type="way" ref="128624210" role=""/>
  <member type="way" ref="1136486921" role=""/>
  <member type="way" ref="1037961726" role=""/>
  <member type="way" ref="26152148" role=""/>
  <member type="way" ref="1037958213" role=""/>
  <member type="way" ref="121778743" role=""/>
  <member type="way" ref="237011437" role=""/>
  <member type="way" ref="138694680" role=""/>
  <member type="way" ref="138690689" role=""/>
  <member type="way" ref="237011435" role=""/>
  <member type="way" ref="237011436" role=""/>
  <member type="way" ref="863690580" role=""/>
  <member type="way" ref="863690579" role=""/>
  <member type="way" ref="138684426" role=""/>
  <member type="way" ref="114077389" role=""/>
  <member type="way" ref="235466190" role=""/>
  <member type="way" ref="127635208" role=""/>
  <member type="way" ref="127635205" role=""/>
  <member type="way" ref="127635198" role=""/>
  <member type="way" ref="114077390" role=""/>
  <member type="way" ref="139542981" role=""/>
  <member type="way" ref="143749968" role=""/>
  <member type="way" ref="174646965" role=""/>
  <member type="way" ref="193102400" role=""/>
  <member type="way" ref="143752504" role=""/>
  <member type="way" ref="161470119" role=""/>
  <member type="way" ref="25189591" role=""/>
  <member type="way" ref="217337714" role=""/>
  <member type="way" ref="1248847064" role=""/>
  <member type="way" ref="1251545708" role=""/>
  <member type="way" ref="1081317868" role=""/>
  <member type="way" ref="25874569" role=""/>
  <member type="way" ref="201332583" role=""/>
  <member type="way" ref="1055429165" role=""/>
  <member type="way" ref="234443514" role=""/>
  <member type="way" ref="1186231710" role=""/>
  <member type="way" ref="151917568" role=""/>
  <member type="way" ref="161453436" role=""/>
  <member type="way" ref="155169404" role=""/>
  <member type="way" ref="1534209617" role=""/>
  <member type="way" ref="1532514911" role=""/>
  <member type="way" ref="1099772814" role=""/>
  <member type="way" ref="1099772815" role=""/>
  <member type="way" ref="1099772813" role=""/>
  <member type="way" ref="1531981949" role=""/>
  <member type="way" ref="128398090" role=""/>
  <member type="way" ref="1531981950" role=""/>
  <member type="way" ref="174506843" role=""/>
  <member type="way" ref="1272472966" role=""/>
  <member type="way" ref="1104671323" role=""/>
  <member type="way" ref="1287101571" role=""/>
  <member type="way" ref="1272472970" role=""/>
  <member type="way" ref="1270898612" role=""/>
  <tag k="fee" v="yes"/>
  <tag k="from" v="万柳中路北口"/>
  <tag k="name" v="614路：万柳中路北口 -&gt; 单村"/>
  <tag k="name:zh" v="614路：万柳中路北口 -&gt; 单村"/>
  <tag k="network" v="北京公交"/>
  <tag k="network:en" v="Beijing Public Transport"/>
  <tag k="network:wikidata" v="Q4881181"/>
  <tag k="network:wikipedia" v="zh:北京公交"/>
  <tag k="network:zh" v="北京公交"/>
  <tag k="opening_hours" v="Mo-Su 05:30-23:00"/>
  <tag k="payment:alipay" v="yes"/>
  <tag k="payment:cash" v="yes"/>
  <tag k="payment:china_t-union" v="yes"/>
  <tag k="payment:coins" v="yes"/>
  <tag k="payment:ic" v="yes"/>
  <tag k="payment:unionpay" v="yes"/>
  <tag k="payment:wechat" v="yes"/>
  <tag k="public_transport:version" v="2"/>
  <tag k="ref" v="614"/>
  <tag k="route" v="bus"/>
  <tag k="to" v="单村"/>
  <tag k="type" v="route"/>
 </relation>
 <relation id="3030395" visible="true" version="35" changeset="186292526" timestamp="2026-07-24T12:33:41Z" user="CX_01" uid="23766430">
  <member type="node" ref="12964523855" role="platform_entry_only"/>
  <member type="node" ref="12964523857" role="platform"/>
  <member type="node" ref="10930764298" role="platform"/>
  <member type="node" ref="9699367538" role="platform"/>
  <member type="node" ref="9699342980" role="platform"/>
  <member type="node" ref="7640175299" role="platform"/>
  <member type="node" ref="9703048810" role="platform"/>
  <member type="node" ref="9702900091" role="platform"/>
  <member type="node" ref="10182842166" role="platform"/>
  <member type="node" ref="9904227513" role="platform"/>
  <member type="node" ref="2264132863" role="platform"/>
  <member type="node" ref="2264132867" role="platform"/>
  <member type="node" ref="9904160858" role="platform"/>
  <member type="node" ref="9721036841" role="platform"/>
  <member type="node" ref="9983440418" role="platform"/>
  <member type="node" ref="9983440417" role="platform"/>
  <member type="node" ref="1755873489" role="platform"/>
  <member type="node" ref="9983429208" role="platform"/>
  <member type="node" ref="10548043043" role="platform"/>
  <member type="node" ref="10548062710" role="platform"/>
  <member type="node" ref="9977420360" role="platform_exit_only"/>
  <member type="way" ref="1410930327" role=""/>
  <member type="way" ref="163056989" role=""/>
  <member type="way" ref="499426666" role=""/>
  <member type="way" ref="1410921921" role=""/>
  <member type="way" ref="227668227" role=""/>
  <member type="way" ref="1531896817" role=""/>
  <member type="way" ref="121100437" role=""/>
  <member type="way" ref="121100436" role=""/>
  <member type="way" ref="121100435" role=""/>
  <member type="way" ref="121100443" role=""/>
  <member type="way" ref="1067942466" role=""/>
  <member type="way" ref="156469346" role=""/>
  <member type="way" ref="227668231" role=""/>
  <member type="way" ref="227668230" role=""/>
  <member type="way" ref="121980931" role=""/>
  <member type="way" ref="144929509" role=""/>
  <member type="way" ref="171983188" role=""/>
  <member type="way" ref="1067241981" role=""/>
  <member type="way" ref="171981508" role=""/>
  <member type="way" ref="1067788552" role=""/>
  <member type="way" ref="1067788550" role=""/>
  <member type="way" ref="1053058788" role=""/>
  <member type="way" ref="1038252649" role=""/>
  <member type="way" ref="1218791621" role=""/>
  <member type="way" ref="1218791622" role=""/>
  <member type="way" ref="156469353" role=""/>
  <member type="way" ref="939163956" role=""/>
  <member type="way" ref="939163957" role=""/>
  <member type="way" ref="1043306927" role=""/>
  <member type="way" ref="40696643" role=""/>
  <member type="way" ref="1043306926" role=""/>
  <member type="way" ref="156469343" role=""/>
  <member type="way" ref="121988914" role=""/>
  <member type="way" ref="1239059062" role=""/>
  <member type="way" ref="156469345" role=""/>
  <member type="way" ref="121778743" role=""/>
  <member type="way" ref="237011437" role=""/>
  <member type="way" ref="138694680" role=""/>
  <member type="way" ref="138690689" role=""/>
  <member type="way" ref="237011435" role=""/>
  <member type="way" ref="237011436" role=""/>
  <member type="way" ref="863690580" role=""/>
  <member type="way" ref="863690579" role=""/>
  <member type="way" ref="138684850" role=""/>
  <member type="way" ref="146452466" role=""/>
  <member type="way" ref="23426778" role=""/>
  <member type="way" ref="25686353" role=""/>
  <member type="way" ref="128620801" role=""/>
  <member type="way" ref="23426804" role=""/>
  <tag k="fee" v="yes"/>
  <tag k="from" v="杏坛路南口"/>
  <tag k="name" v="579路：杏坛路南口 -&gt; 西苑"/>
  <tag k="name:zh" v="579路：杏坛路南口 -&gt; 西苑"/>
  <tag k="network" v="北京公交"/>
  <tag k="network:en" v="Beijing Public Transport"/>
  <tag k="network:wikidata" v="Q4881181"/>
  <tag k="network:wikipedia" v="zh:北京公交"/>
  <tag k="network:zh" v="北京公交"/>
  <tag k="opening_hours" v="Mo-Su 06:30-22:45"/>
  <tag k="payment:alipay" v="yes"/>
  <tag k="payment:cash" v="yes"/>
  <tag k="payment:china_t-union" v="yes"/>
  <tag k="payment:coins" v="yes"/>
  <tag k="payment:ic" v="yes"/>
  <tag k="payment:unionpay" v="yes"/>
  <tag k="payment:wechat" v="yes"/>
  <tag k="public_transport:version" v="2"/>
  <tag k="ref" v="579"/>
  <tag k="route" v="bus"/>
  <tag k="to" v="西苑"/>
  <tag k="type" v="route"/>
 </relation>
 <relation id="3030396" visible="true" version="5" changeset="168313094" timestamp="2025-06-30T14:44:26Z" user="hdThomas" uid="9010216">
  <member type="relation" ref="3030398" role=""/>
  <member type="relation" ref="3030395" role=""/>
  <tag k="name" v="北京公交579路"/>
  <tag k="name:zh" v="北京公交579路"/>
  <tag k="network" v="北京公交"/>
  <tag k="network:en" v="Beijing Public Transport"/>
  <tag k="network:wikidata" v="Q4881181"/>
  <tag k="network:wikipedia" v="zh:北京公交"/>
  <tag k="network:zh" v="北京公交"/>
  <tag k="operator" v="北京公交集团第四客运分公司"/>
  <tag k="ref" v="579"/>
  <tag k="route_master" v="bus"/>
  <tag k="type" v="route_master"/>
 </relation>
 <relation id="3030398" visible="true" version="35" changeset="186292526" timestamp="2026-07-24T12:33:41Z" user="CX_01" uid="23766430">
  <member type="node" ref="9977420354" role="platform_entry_only"/>
  <member type="node" ref="10548044607" role="platform"/>
  <member type="node" ref="10548043041" role="platform"/>
  <member type="node" ref="9983429205" role="platform"/>
  <member type="node" ref="9983429213" role="platform"/>
  <member type="node" ref="9983429215" role="platform"/>
  <member type="node" ref="9721036838" role="platform"/>
  <member type="node" ref="9721036840" role="platform"/>
  <member type="node" ref="2264132868" role="platform"/>
  <member type="node" ref="2264132864" role="platform"/>
  <member type="node" ref="2481114911" role="platform"/>
  <member type="node" ref="9990963721" role="platform"/>
  <member type="node" ref="10182842165" role="platform"/>
  <member type="node" ref="9703053298" role="platform"/>
  <member type="node" ref="9703048811" role="platform"/>
  <member type="node" ref="9699405202" role="platform"/>
  <member type="node" ref="9699342978" role="platform"/>
  <member type="node" ref="9699342985" role="platform"/>
  <member type="node" ref="9699371078" role="platform"/>
  <member type="node" ref="9699353700" role="platform"/>
  <member type="node" ref="9699353702" role="platform"/>
  <member type="node" ref="12964523855" role="platform_exit_only"/>
  <member type="way" ref="128620799" role=""/>
  <member type="way" ref="128620767" role=""/>
  <member type="way" ref="128620761" role=""/>
  <member type="way" ref="164895156" role=""/>
  <member type="way" ref="128620800" role=""/>
  <member type="way" ref="25686353" role=""/>
  <member type="way" ref="23426778" role=""/>
  <member type="way" ref="146452466" role=""/>
  <member type="way" ref="138684851" role=""/>
  <member type="way" ref="863690578" role=""/>
  <member type="way" ref="863690577" role=""/>
  <member type="way" ref="136867396" role=""/>
  <member type="way" ref="143832409" role=""/>
  <member type="way" ref="1037958210" role=""/>
  <member type="way" ref="143832435" role=""/>
  <member type="way" ref="1037958207" role=""/>
  <member type="way" ref="42454101" role=""/>
  <member type="way" ref="1040482676" role=""/>
  <member type="way" ref="1039471417" role=""/>
  <member type="way" ref="1043306926" role=""/>
  <member type="way" ref="40696643" role=""/>
  <member type="way" ref="1043306927" role=""/>
  <member type="way" ref="939163957" role=""/>
  <member type="way" ref="939163956" role=""/>
  <member type="way" ref="156469312" role=""/>
  <member type="way" ref="217106659" role=""/>
  <member type="way" ref="240367921" role=""/>
  <member type="way" ref="1053519941" role=""/>
  <member type="way" ref="1090787678" role=""/>
  <member type="way" ref="1068809903" role=""/>
  <member type="way" ref="1090787685" role=""/>
  <member type="way" ref="163825161" role=""/>
  <member type="way" ref="171983189" role=""/>
  <member type="way" ref="172179667" role=""/>
  <member type="way" ref="22759931" role=""/>
  <member type="way" ref="144929519" role=""/>
  <member type="way" ref="156469318" role=""/>
  <member type="way" ref="217106667" role=""/>
  <member type="way" ref="156469342" role=""/>
  <member type="way" ref="42362954" role=""/>
  <member type="way" ref="27262001" role=""/>
  <member type="way" ref="1052706645" role=""/>
  <member type="way" ref="156469313" role=""/>
  <member type="way" ref="1410921920" role=""/>
  <tag k="fee" v="yes"/>
  <tag k="from" v="西苑"/>
  <tag k="name" v="579路：西苑 -&gt; 杏坛路南口"/>
  <tag k="name:zh" v="579路：西苑 -&gt; 杏坛路南口"/>
  <tag k="network" v="北京公交"/>
  <tag k="network:en" v="Beijing Public Transport"/>
  <tag k="network:wikidata" v="Q4881181"/>
  <tag k="network:wikipedia" v="zh:北京公交"/>
  <tag k="network:zh" v="北京公交"/>
  <tag k="opening_hours" v="Mo-Su 05:45-22:00"/>
  <tag k="payment:alipay" v="yes"/>
  <tag k="payment:cash" v="yes"/>
  <tag k="payment:china_t-union" v="yes"/>
  <tag k="payment:coins" v="yes"/>
  <tag k="payment:ic" v="yes"/>
  <tag k="payment:unionpay" v="yes"/>
  <tag k="payment:wechat" v="yes"/>
  <tag k="public_transport:version" v="2"/>
  <tag k="ref" v="579"/>
  <tag k="route" v="bus"/>
  <tag k="to" v="杏坛路南口"/>
  <tag k="type" v="route"/>
 </relation>
 <relation id="5505984" visible="true" version="32" changeset="178730074" timestamp="2026-02-18T15:03:42Z" user="Flynn Marquardt" uid="100357">
  <member type="way" ref="370609496" role="outer"/>
  <member type="way" ref="59237374" role="outer"/>
  <member type="way" ref="982795916" role="outer"/>
  <member type="way" ref="1330709256" role="outer"/>
  <member type="way" ref="1330709253" role="outer"/>
  <member type="way" ref="386166731" role="outer"/>
  <member type="way" ref="496093293" role="outer"/>
  <member type="way" ref="982795915" role="outer"/>
  <member type="way" ref="386166732" role="outer"/>
  <member type="way" ref="496093291" role="outer"/>
  <member type="way" ref="370609497" role="outer"/>
  <member type="way" ref="1331663968" role="outer"/>
  <member type="way" ref="224834641" role="outer"/>
  <member type="way" ref="1246079531" role="outer"/>
  <member type="way" ref="1331664012" role="outer"/>
  <member type="way" ref="1330709249" role="outer"/>
  <member type="way" ref="1330709276" role="outer"/>
  <member type="way" ref="496093289" role="outer"/>
  <member type="way" ref="224832577" role="outer"/>
  <member type="way" ref="1330709279" role="outer"/>
  <member type="way" ref="1330709301" role="outer"/>
  <member type="way" ref="1480151119" role="outer"/>
  <member type="way" ref="1480151160" role="outer"/>
  <member type="way" ref="1480151159" role="outer"/>
  <member type="way" ref="1480151134" role="outer"/>
  <member type="way" ref="1480151130" role="outer"/>
  <member type="way" ref="1480151153" role="outer"/>
  <member type="way" ref="1480151156" role="outer"/>
  <member type="way" ref="1480151158" role="outer"/>
  <member type="way" ref="1480151157" role="outer"/>
  <member type="way" ref="1480151161" role="outer"/>
  <member type="way" ref="1480151189" role="outer"/>
  <member type="way" ref="1480151190" role="outer"/>
  <member type="way" ref="1480151162" role="outer"/>
  <member type="way" ref="1480151163" role="outer"/>
  <member type="way" ref="1480151178" role="outer"/>
  <member type="way" ref="224831863" role="outer"/>
  <member type="way" ref="1475039974" role="outer"/>
  <member type="way" ref="1330709236" role="outer"/>
  <member type="way" ref="1330709238" role="outer"/>
  <member type="way" ref="1329663532" role="outer"/>
  <member type="way" ref="1330709264" role="outer"/>
  <member type="way" ref="370609494" role="outer"/>
  <member type="way" ref="1329663536" role="outer"/>
  <member type="way" ref="1330709263" role="outer"/>
  <member type="way" ref="1175108691" role="outer"/>
  <member type="way" ref="1330709262" role="outer"/>
  <member type="way" ref="1175108690" role="outer"/>
  <member type="way" ref="1330709252" role="outer"/>
  <member type="way" ref="1330709239" role="outer"/>
  <member type="way" ref="224834642" role="outer"/>
  <member type="way" ref="1329663554" role="outer"/>
  <member type="node" ref="244080491" role="label"/>
  <member type="relation" ref="17145115" role="subarea"/>
  <member type="relation" ref="7265045" role="subarea"/>
  <member type="relation" ref="17308234" role="subarea"/>
  <member type="relation" ref="18250354" role="subarea"/>
  <member type="relation" ref="18250343" role="subarea"/>
  <member type="relation" ref="18250346" role="subarea"/>
  <member type="relation" ref="18250344" role="subarea"/>
  <member type="relation" ref="18250352" role="subarea"/>
  <member type="relation" ref="17151665" role="subarea"/>
  <member type="relation" ref="18250349" role="subarea"/>
  <member type="relation" ref="18250342" role="subarea"/>
  <member type="relation" ref="18250353" role="subarea"/>
  <member type="relation" ref="18250345" role="subarea"/>
  <member type="relation" ref="18250355" role="subarea"/>
  <member type="relation" ref="18250350" role="subarea"/>
  <member type="relation" ref="18250356" role="subarea"/>
  <member type="relation" ref="18250348" role="subarea"/>
  <member type="relation" ref="18250357" role="subarea"/>
  <member type="relation" ref="18250347" role="subarea"/>
  <member type="relation" ref="18250351" role="subarea"/>
  <member type="relation" ref="18250358" role="subarea"/>
  <member type="relation" ref="7283797" role="subarea"/>
  <member type="relation" ref="18250340" role="subarea"/>
  <member type="relation" ref="18250337" role="subarea"/>
  <member type="relation" ref="18250335" role="subarea"/>
  <member type="relation" ref="18250341" role="subarea"/>
  <member type="relation" ref="18250339" role="subarea"/>
  <member type="relation" ref="18250336" role="subarea"/>
  <member type="relation" ref="18250338" role="subarea"/>
  <tag k="admin_level" v="6"/>
  <tag k="admin_type:CN" v="district"/>
  <tag k="alt_name" v="海淀"/>
  <tag k="alt_name:en" v="Haidian"/>
  <tag k="alt_name:eo" v="Haidian-Distrikto"/>
  <tag k="boundary" v="administrative"/>
  <tag k="int_name" v="Haidian"/>
  <tag k="name" v="海淀区"/>
  <tag k="name:en" v="Haidian District"/>
  <tag k="name:ja" v="海淀区"/>
  <tag k="name:ko" v="하이뎬구"/>
  <tag k="name:uk" v="Хайдянь міський район"/>
  <tag k="name:zh" v="海淀区"/>
  <tag k="name:zh-Hans" v="海淀区"/>
  <tag k="name:zh-Hant" v="海淀區"/>
  <tag k="name:zh-Latn-pinyin" v="Hǎidiàn Qū"/>
  <tag k="population" v="3358000"/>
  <tag k="ref:admin:CN" v="110108"/>
  <tag k="type" v="boundary"/>
  <tag k="wikidata" v="Q393454"/>
  <tag k="wikipedia" v="zh:海淀区"/>
 </relation>
 <relation id="8047958" visible="true" version="5" changeset="120652328" timestamp="2022-05-07T03:03:33Z" user="Herman Lee" uid="6921384">
  <member type="node" ref="1364282601" role="stop"/>
  <member type="node" ref="5430462574" role=""/>
  <member type="node" ref="1085309402" role="stop"/>
  <member type="node" ref="1253535195" role=""/>
  <member type="node" ref="1253535293" role=""/>
  <member type="way" ref="122003022" role="platform"/>
  <member type="way" ref="122003028" role="platform"/>
  <member type="node" ref="1349005708" role=""/>
  <member type="node" ref="1349005738" role=""/>
  <member type="node" ref="1349005636" role=""/>
  <tag k="description" v="4号线"/>
  <tag k="name" v="西直门"/>
  <tag k="name:en" v="Xizhimen"/>
  <tag k="name:zh" v="西直门"/>
  <tag k="public_transport" v="stop_area"/>
  <tag k="public_transport:version" v="2"/>
  <tag k="subway" v="yes"/>
  <tag k="type" v="public_transport"/>
 </relation>
 <relation id="8047960" visible="true" version="4" changeset="92631509" timestamp="2020-10-17T14:58:09Z" user="Diego Sanguinetti" uid="309382">
  <member type="relation" ref="1650226" role=""/>
  <member type="relation" ref="8047957" role=""/>
  <member type="relation" ref="8047958" role=""/>
  <member type="relation" ref="8047959" role=""/>
  <member type="relation" ref="11763917" role=""/>
  <tag k="name" v="西直门/北京北"/>
  <tag k="name:en" v="Xizhimen/Beijingbei (Stop Area Group)"/>
  <tag k="public_transport" v="stop_area_group"/>
  <tag k="public_transport:version" v="2"/>
  <tag k="type" v="public_transport"/>
 </relation>
 <relation id="8047968" visible="true" version="3" changeset="133539490" timestamp="2023-03-11T03:56:12Z" user="vimacs_hacks" uid="13417651">
  <member type="node" ref="1660324135" role="stop"/>
  <member type="node" ref="528928764" role=""/>
  <member type="node" ref="5430502371" role=""/>
  <member type="way" ref="153322114" role="platform"/>
  <member type="way" ref="153322119" role="platform"/>
  <member type="node" ref="1742845280" role=""/>
  <member type="node" ref="1742845277" role=""/>
  <member type="node" ref="1742845270" role=""/>
  <member type="node" ref="1742845268" role=""/>
  <member type="node" ref="10727046918" role=""/>
  <member type="node" ref="4917790491" role=""/>
  <tag k="name" v="平安里"/>
  <tag k="name:en" v="Ping'anli (Line 4)"/>
  <tag k="public_transport" v="stop_area"/>
  <tag k="public_transport:version" v="2"/>
  <tag k="type" v="public_transport"/>
 </relation>
 <relation id="8047969" visible="true" version="4" changeset="125766638" timestamp="2022-09-04T10:21:24Z" user="Herman Lee" uid="6921384">
  <member type="relation" ref="8047968" role=""/>
  <member type="relation" ref="13625337" role=""/>
  <member type="relation" ref="2068918" role=""/>
  <tag k="name" v="平安里"/>
  <tag k="name:en" v="Ping'anli (Stop Area Group)"/>
  <tag k="public_transport" v="stop_area_group"/>
  <tag k="public_transport:version" v="2"/>
  <tag k="type" v="public_transport"/>
 </relation>
 <relation id="9736308" visible="true" version="7" changeset="131213708" timestamp="2023-01-13T05:31:32Z" user="Herman Lee" uid="6921384">
  <member type="relation" ref="9736307" role=""/>
  <member type="relation" ref="9736309" role=""/>
  <tag k="name" v="西苑"/>
  <tag k="name:en" v="Xiyuan"/>
  <tag k="name:es" v="Xiyuan"/>
  <tag k="public_transport" v="stop_area_group"/>
  <tag k="type" v="public_transport"/>
 </relation>
 <relation id="9736309" visible="true" version="3" changeset="111018585" timestamp="2021-09-10T11:03:56Z" user="北巷猫眠" uid="1915680">
  <member type="node" ref="1362259031" role="stop"/>
  <member type="node" ref="528916026" role="stop"/>
  <member type="way" ref="121777659" role="platform"/>
  <member type="node" ref="1423966920" role=""/>
  <member type="node" ref="1423966915" role=""/>
  <member type="node" ref="1362259044" role=""/>
  <member type="node" ref="1421547756" role=""/>
  <member type="node" ref="6580603898" role=""/>
  <member type="way" ref="121777661" role="platform"/>
  <tag k="name" v="西苑"/>
  <tag k="name:en" v="Xiyuan (subway)"/>
  <tag k="name:es" v="Xiyuan (metro)"/>
  <tag k="public_transport" v="stop_area"/>
  <tag k="type" v="public_transport"/>
 </relation>
 <relation id="9803548" visible="true" version="3" changeset="131999369" timestamp="2023-02-02T11:34:53Z" user="vimacs_hacks" uid="13417651">
  <member type="node" ref="1350216512" role=""/>
  <member type="node" ref="1350216465" role=""/>
  <member type="node" ref="1350216485" role=""/>
  <member type="node" ref="1350216363" role=""/>
  <member type="node" ref="1350216356" role=""/>
  <member type="way" ref="121778757" role="platform"/>
  <member type="way" ref="121778755" role="platform"/>
  <member type="node" ref="6606270273" role=""/>
  <member type="node" ref="6621483712" role="stop"/>
  <member type="node" ref="6621483714" role="stop"/>
  <tag k="name" v="海淀黄庄"/>
  <tag k="name:en" v="Haidian Huangzhuang"/>
  <tag k="name:zh" v="海淀黄庄"/>
  <tag k="public_transport" v="stop_area"/>
  <tag k="type" v="public_transport"/>
 </relation>
 <relation id="9803550" visible="true" version="1" changeset="72326065" timestamp="2019-07-16T23:43:10Z" user="Diego Sanguinetti" uid="309382">
  <member type="relation" ref="9803548" role=""/>
  <member type="relation" ref="1651694" role=""/>
  <tag k="name" v="海淀黄庄"/>
  <tag k="public_transport" v="stop_area_group"/>
  <tag k="type" v="public_transport"/>
 </relation>
 <relation id="12316475" visible="true" version="1" changeset="99266358" timestamp="2021-02-14T20:43:07Z" user="azakh-world" uid="9126171">
  <member type="relation" ref="12316468" role=""/>
  <member type="relation" ref="1667222" role=""/>
  <tag k="name" v="国家图书馆"/>
  <tag k="name:en" v="National Library"/>
  <tag k="public_transport" v="stop_area_group"/>
  <tag k="type" v="public_transport"/>
 </relation>
 <relation id="13951654" visible="true" version="22" changeset="186333391" timestamp="2026-07-25T08:14:37Z" user="vimacs_hacks" uid="13417651">
  <member type="node" ref="11074650753" role="platform_entry_only"/>
  <member type="node" ref="1805216556" role="stop"/>
  <member type="way" ref="169352444" role="platform"/>
  <member type="node" ref="1805216560" role="stop"/>
  <member type="way" ref="169352446" role="platform"/>
  <member type="node" ref="1420957582" role="stop"/>
  <member type="way" ref="138695421" role="platform"/>
  <member type="node" ref="10029341051" role="platform"/>
  <member type="node" ref="9980842163" role="platform"/>
  <member type="node" ref="9983429214" role="platform"/>
  <member type="node" ref="2264132868" role="platform"/>
  <member type="node" ref="2264132864" role="platform"/>
  <member type="node" ref="10761298767" role="platform"/>
  <member type="node" ref="10862365701" role="platform"/>
  <member type="node" ref="10300723505" role="platform_exit_only"/>
  <member type="way" ref="138693086" role=""/>
  <member type="way" ref="138693089" role=""/>
  <member type="way" ref="174646986" role=""/>
  <member type="way" ref="251334042" role=""/>
  <member type="way" ref="26152147" role=""/>
  <member type="way" ref="138693092" role=""/>
  <member type="way" ref="244012055" role=""/>
  <member type="way" ref="244012059" role=""/>
  <member type="way" ref="863690586" role=""/>
  <member type="way" ref="1490047124" role=""/>
  <member type="way" ref="169352440" role=""/>
  <member type="way" ref="169352437" role=""/>
  <member type="way" ref="1071315195" role=""/>
  <member type="way" ref="121510217" role=""/>
  <member type="way" ref="121904214" role=""/>
  <member type="way" ref="138690684" role=""/>
  <member type="way" ref="138690677" role=""/>
  <member type="way" ref="178363625" role=""/>
  <member type="way" ref="142101048" role=""/>
  <member type="way" ref="138690693" role=""/>
  <member type="way" ref="136867396" role=""/>
  <member type="way" ref="143832409" role=""/>
  <member type="way" ref="1037958210" role=""/>
  <member type="way" ref="143832435" role=""/>
  <member type="way" ref="1037958207" role=""/>
  <member type="way" ref="42454101" role=""/>
  <member type="way" ref="1040482676" role=""/>
  <member type="way" ref="1039471417" role=""/>
  <member type="way" ref="1043306926" role=""/>
  <member type="way" ref="40696643" role=""/>
  <member type="way" ref="1043306927" role=""/>
  <member type="way" ref="939163957" role=""/>
  <member type="way" ref="939163956" role=""/>
  <member type="way" ref="156469312" role=""/>
  <member type="way" ref="1157197498" role=""/>
  <member type="way" ref="240367920" role=""/>
  <member type="way" ref="150608626" role=""/>
  <tag k="fee" v="yes"/>
  <tag k="from" v="厢白旗桥"/>
  <tag k="name" v="549路：厢白旗桥 -&gt; 四通桥东"/>
  <tag k="name:zh" v="549路：厢白旗桥 -&gt; 四通桥东"/>
  <tag k="network" v="北京公交"/>
  <tag k="network:en" v="Beijing Public Transport"/>
  <tag k="network:wikidata" v="Q4881181"/>
  <tag k="network:wikipedia" v="zh:北京公交"/>
  <tag k="network:zh" v="北京公交"/>
  <tag k="opening_hours" v="Mo-Su 05:30-22:00"/>
  <tag k="payment:alipay" v="yes"/>
  <tag k="payment:cash" v="yes"/>
  <tag k="payment:china_t-union" v="yes"/>
  <tag k="payment:coins" v="yes"/>
  <tag k="payment:ic" v="yes"/>
  <tag k="payment:unionpay" v="yes"/>
  <tag k="payment:wechat" v="yes"/>
  <tag k="public_transport:version" v="2"/>
  <tag k="ref" v="549"/>
  <tag k="route" v="bus"/>
  <tag k="to" v="四通桥东"/>
  <tag k="type" v="route"/>
 </relation>
 <relation id="13951655" visible="true" version="20" changeset="186333391" timestamp="2026-07-25T08:14:37Z" user="vimacs_hacks" uid="13417651">
  <member type="node" ref="10300723505" role="platform_entry_only"/>
  <member type="node" ref="1779334552" role="platform"/>
  <member type="node" ref="2481114905" role="platform"/>
  <member type="node" ref="2481114909" role="platform"/>
  <member type="node" ref="9904160858" role="platform"/>
  <member type="node" ref="2264132867" role="platform"/>
  <member type="node" ref="9983440419" role="platform"/>
  <member type="node" ref="9983429216" role="platform"/>
  <member type="node" ref="1420957578" role="platform"/>
  <member type="node" ref="10029341058" role="platform"/>
  <member type="node" ref="1420957580" role="stop"/>
  <member type="way" ref="138695424" role="platform"/>
  <member type="node" ref="268389725" role="stop"/>
  <member type="way" ref="169352447" role="platform"/>
  <member type="node" ref="11074650752" role="platform_exit_only"/>
  <member type="way" ref="1064239199" role=""/>
  <member type="way" ref="150608626" role=""/>
  <member type="way" ref="26812135" role=""/>
  <member type="way" ref="462630730" role=""/>
  <member type="way" ref="1157190936" role=""/>
  <member type="way" ref="240367933" role=""/>
  <member type="way" ref="217106658" role=""/>
  <member type="way" ref="156469312" role=""/>
  <member type="way" ref="939163956" role=""/>
  <member type="way" ref="939163957" role=""/>
  <member type="way" ref="1043306927" role=""/>
  <member type="way" ref="40696643" role=""/>
  <member type="way" ref="1043306926" role=""/>
  <member type="way" ref="156469343" role=""/>
  <member type="way" ref="121988914" role=""/>
  <member type="way" ref="1239059062" role=""/>
  <member type="way" ref="156469345" role=""/>
  <member type="way" ref="121778743" role=""/>
  <member type="way" ref="237011437" role=""/>
  <member type="way" ref="138694650" role=""/>
  <member type="way" ref="139882019" role=""/>
  <member type="way" ref="138685369" role=""/>
  <member type="way" ref="163825703" role=""/>
  <member type="way" ref="163825696" role=""/>
  <member type="way" ref="136867390" role=""/>
  <member type="way" ref="136867389" role=""/>
  <member type="way" ref="42364869" role=""/>
  <member type="way" ref="121510215" role=""/>
  <member type="way" ref="239167099" role=""/>
  <member type="way" ref="886900163" role=""/>
  <member type="way" ref="169352438" role=""/>
  <member type="way" ref="1490047125" role=""/>
  <member type="way" ref="863690587" role=""/>
  <member type="way" ref="121510218" role=""/>
  <member type="way" ref="138694667" role=""/>
  <member type="way" ref="128625054" role=""/>
  <member type="way" ref="138694678" role=""/>
  <member type="way" ref="244012057" role=""/>
  <member type="way" ref="128625058" role=""/>
  <member type="way" ref="128686417" role=""/>
  <tag k="fee" v="yes"/>
  <tag k="from" v="四通桥东"/>
  <tag k="name" v="549路：四通桥东 -&gt; 厢白旗桥"/>
  <tag k="name:zh" v="549路：四通桥东 -&gt; 厢白旗桥"/>
  <tag k="network" v="北京公交"/>
  <tag k="network:en" v="Beijing Public Transport"/>
  <tag k="network:wikidata" v="Q4881181"/>
  <tag k="network:wikipedia" v="zh:北京公交"/>
  <tag k="network:zh" v="北京公交"/>
  <tag k="opening_hours" v="Mo-Su 06:10-22:40"/>
  <tag k="payment:alipay" v="yes"/>
  <tag k="payment:cash" v="yes"/>
  <tag k="payment:china_t-union" v="yes"/>
  <tag k="payment:coins" v="yes"/>
  <tag k="payment:ic" v="yes"/>
  <tag k="payment:unionpay" v="yes"/>
  <tag k="payment:wechat" v="yes"/>
  <tag k="public_transport:version" v="2"/>
  <tag k="ref" v="549"/>
  <tag k="route" v="bus"/>
  <tag k="to" v="厢白旗桥"/>
  <tag k="type" v="route"/>
 </relation>
 <relation id="13951656" visible="true" version="3" changeset="123940427" timestamp="2022-07-22T13:38:47Z" user="vimacs_hacks" uid="13417651">
  <member type="relation" ref="13951655" role=""/>
  <member type="relation" ref="13951654" role=""/>
  <tag k="name" v="北京公交549路"/>
  <tag k="name:zh" v="北京公交549路"/>
  <tag k="network" v="北京公交"/>
  <tag k="network:en" v="Beijing Public Transport"/>
  <tag k="network:wikidata" v="Q4881181"/>
  <tag k="network:wikipedia" v="zh:北京公交"/>
  <tag k="network:zh" v="北京公交"/>
  <tag k="operator" v="北京公交集团第四客运分公司"/>
  <tag k="ref" v="549"/>
  <tag k="route_master" v="bus"/>
  <tag k="type" v="route_master"/>
 </relation>
 <relation id="14006598" visible="true" version="3" changeset="126618207" timestamp="2022-09-25T14:35:13Z" user="vimacs_hacks" uid="13417651">
  <member type="relation" ref="1922283" role=""/>
  <member type="relation" ref="14006595" role=""/>
  <tag k="name" v="北京公交332路"/>
  <tag k="name:zh" v="北京公交332路"/>
  <tag k="network" v="北京公交"/>
  <tag k="network:en" v="Beijing Public Transport"/>
  <tag k="network:wikidata" v="Q4881181"/>
  <tag k="network:wikipedia" v="zh:北京公交"/>
  <tag k="network:zh" v="北京公交"/>
  <tag k="operator" v="北京公交集团第四客运分公司"/>
  <tag k="ref" v="332"/>
  <tag k="route_master" v="bus"/>
  <tag k="type" v="route_master"/>
 </relation>
 <relation id="17308234" visible="true" version="7" changeset="174273394" timestamp="2025-11-06T07:34:30Z" user="Lepuse" uid="9560399">
  <member type="node" ref="8987603460" role="label"/>
  <member type="way" ref="1330709297" role="outer"/>
  <member type="way" ref="30663365" role="outer"/>
  <member type="way" ref="1330709241" role="outer"/>
  <member type="way" ref="1257816034" role="outer"/>
  <member type="way" ref="1257816040" role="outer"/>
  <member type="way" ref="628052919" role="outer"/>
  <member type="way" ref="1330709267" role="outer"/>
  <member type="way" ref="1257816038" role="outer"/>
  <member type="way" ref="1330709257" role="outer"/>
  <member type="way" ref="1257816035" role="outer"/>
  <member type="way" ref="1336494878" role="outer"/>
  <member type="way" ref="1257816042" role="outer"/>
  <member type="way" ref="1257816043" role="outer"/>
  <member type="way" ref="1257816045" role="outer"/>
  <member type="way" ref="1330709246" role="outer"/>
  <member type="way" ref="628052930" role="outer"/>
  <member type="way" ref="1257816055" role="outer"/>
  <member type="way" ref="1257816053" role="outer"/>
  <member type="way" ref="1257816047" role="outer"/>
  <member type="way" ref="1257816050" role="outer"/>
  <member type="way" ref="628038924" role="outer"/>
  <member type="way" ref="1257816056" role="outer"/>
  <member type="way" ref="1257816058" role="outer"/>
  <member type="way" ref="1257816059" role="outer"/>
  <member type="way" ref="1257816062" role="outer"/>
  <member type="way" ref="1278390415" role="outer"/>
  <member type="way" ref="1257816061" role="outer"/>
  <member type="way" ref="628042947" role="outer"/>
  <member type="way" ref="628038934" role="outer"/>
  <member type="way" ref="1257816066" role="outer"/>
  <member type="way" ref="1330709259" role="outer"/>
  <member type="way" ref="1257816057" role="outer"/>
  <member type="way" ref="1329663553" role="outer"/>
  <member type="way" ref="1330709247" role="outer"/>
  <member type="way" ref="1330709242" role="outer"/>
  <tag k="admin_level" v="8"/>
  <tag k="admin_type:CN" v="subdistrict"/>
  <tag k="boundary" v="administrative"/>
  <tag k="division_code" v="110108015"/>
  <tag k="name" v="燕园街道"/>
  <tag k="name:ja" v="燕園街道"/>
  <tag k="name:ko" v="옌위안가도"/>
  <tag k="name:zh" v="燕园街道"/>
  <tag k="name:zh-Hans" v="燕园街道"/>
  <tag k="name:zh-Hant" v="燕園街道"/>
  <tag k="name:zh-Latn-pinyin" v="Yànyuán Jiēdào"/>
  <tag k="ref:admin:CN:mca" v="110108015"/>
  <tag k="ref:admin:CN:nbs" v="110108015"/>
  <tag k="type" v="boundary"/>
  <tag k="wikidata" v="Q8049006"/>
  <tag k="wikipedia" v="zh:燕园街道"/>
 </relation>
 <relation id="18250354" visible="true" version="4" changeset="174273394" timestamp="2025-11-06T07:34:30Z" user="Lepuse" uid="9560399">
  <member type="way" ref="1330709319" role="outer"/>
  <member type="way" ref="1330709316" role="outer"/>
  <member type="way" ref="1330709271" role="outer"/>
  <member type="way" ref="628052919" role="outer"/>
  <member type="way" ref="1257816040" role="outer"/>
  <member type="way" ref="1330709300" role="outer"/>
  <member type="way" ref="1330709297" role="outer"/>
  <member type="way" ref="1330709241" role="outer"/>
  <member type="way" ref="1330709243" role="outer"/>
  <member type="way" ref="1257816047" role="outer"/>
  <member type="way" ref="1257816053" role="outer"/>
  <member type="way" ref="1257816055" role="outer"/>
  <member type="way" ref="1257816056" role="outer"/>
  <member type="way" ref="1330709244" role="outer"/>
  <member type="way" ref="1330709247" role="outer"/>
  <member type="way" ref="1246256012" role="outer"/>
  <member type="way" ref="1330709315" role="outer"/>
  <member type="way" ref="1257816057" role="outer"/>
  <member type="way" ref="1257816058" role="outer"/>
  <member type="way" ref="1257816059" role="outer"/>
  <member type="way" ref="1257816062" role="outer"/>
  <member type="way" ref="1278390415" role="outer"/>
  <member type="way" ref="1257816061" role="outer"/>
  <member type="way" ref="1330709260" role="outer"/>
  <member type="node" ref="8987603457" role="label"/>
  <tag k="admin_level" v="8"/>
  <tag k="admin_type:CN" v="subdistrict"/>
  <tag k="boundary" v="administrative"/>
  <tag k="name" v="海淀街道"/>
  <tag k="name:ja" v="海淀街道"/>
  <tag k="name:ko" v="하이뎬가도"/>
  <tag k="name:zh-Hans" v="海淀街道"/>
  <tag k="name:zh-Hant" v="海淀街道"/>
  <tag k="name:zh-Latn-pinyin" v="Hǎidiàn Jiēdào"/>
  <tag k="ref:admin:CN:mca" v="110108012"/>
  <tag k="ref:admin:CN:nbs" v="110108012"/>
  <tag k="type" v="boundary"/>
  <tag k="wikidata" v="Q11151015"/>
  <tag k="wikipedia" v="zh:海淀街道"/>
 </relation>
 <relation id="18250355" visible="true" version="4" changeset="174273394" timestamp="2025-11-06T07:34:30Z" user="Lepuse" uid="9560399">
  <member type="way" ref="1330709281" role="outer"/>
  <member type="way" ref="1330709314" role="outer"/>
  <member type="way" ref="1246256011" role="outer"/>
  <member type="way" ref="1330709315" role="outer"/>
  <member type="way" ref="1330709259" role="outer"/>
  <member type="way" ref="1257816066" role="outer"/>
  <member type="way" ref="628038934" role="outer"/>
  <member type="way" ref="628042947" role="outer"/>
  <member type="way" ref="1330709260" role="outer"/>
  <member type="way" ref="1330709261" role="outer"/>
  <member type="way" ref="1330709251" role="outer"/>
  <member type="way" ref="1246079530" role="outer"/>
  <member type="node" ref="8987603456" role="admin_centre"/>
  <tag k="admin_level" v="8"/>
  <tag k="admin_type:CN" v="subdistrict"/>
  <tag k="boundary" v="administrative"/>
  <tag k="name" v="中关村街道"/>
  <tag k="name:ja" v="中関村街道"/>
  <tag k="name:ko" v="중관춘가도"/>
  <tag k="name:zh-Hans" v="中关村街道"/>
  <tag k="name:zh-Hant" v="中關村街道"/>
  <tag k="name:zh-Latn-pinyin" v="Zhōngguāncūn Jiēdào"/>
  <tag k="ref:admin:CN:mca" v="110108011"/>
  <tag k="ref:admin:CN:nbs" v="110108011"/>
  <tag k="type" v="boundary"/>
  <tag k="wikidata" v="Q10871855"/>
  <tag k="wikipedia" v="zh:中关村街道"/>
 </relation>
</osm>
