<?xml version="1.0" encoding="UTF-8"?>
<osm version="0.6" generator="openstreetmap-cgimap 2.1.0 (1715024 spike-08.openstreetmap.org)" copyright="OpenStreetMap and contributors" attribution="http://www.openstreetmap.org/copyright" license="http://opendatacommons.org/licenses/odbl/1-0/">
 <bounds minlat="45.6555000" minlon="13.8265000" maxlat="45.6600000" maxlon="13.8315000"/>
 <node id="29882604" visible="true" version="9" changeset="93304711" timestamp="2020-10-30T18:18:21Z" user="user_11740352" uid="11740352" lat="45.6603687" lon="13.8305293"/>
 <node id="29882605" visible="true" version="7" changeset="51855798" timestamp="2017-09-08T18:12:06Z" user="KarmaCleaner" uid="6604853" lat="45.6584378" lon="13.8311776"/>
 <node id="29882606" visible="true" version="5" changeset="51855798" timestamp="2017-09-08T18:12:19Z" user="KarmaCleaner" uid="6604853" lat="45.6577648" lon="13.8311200">
  <tag k="created_by" v="JOSM"/>
 </node>
 <node id="29882634" visible="true" version="8" changeset="143935065" timestamp="2023-11-12T14:15:49Z" user="Badojo" uid="8189075" lat="45.6541885" lon="13.8271726"/>
 <node id="29882636" visible="true" version="6" changeset="143935065" timestamp="2023-11-12T14:15:49Z" user="Badojo" uid="8189075" lat="45.6549857" lon="13.8288874"/>
 <node id="29882638" visible="true" version="6" changeset="98324325" timestamp="2021-01-28T23:30:36Z" user="damjang" uid="97922" lat="45.6557880" lon="13.8299832"/>
 <node id="29882639" visible="true" version="4" changeset="51855798" timestamp="2017-09-08T18:12:28Z" user="KarmaCleaner" uid="6604853" lat="45.6567773" lon="13.8307450"/>
 <node id="36263104" visible="true" version="2" changeset="5028742" timestamp="2010-06-19T23:27:14Z" user="damjang" uid="97922" lat="45.6555363" lon="13.8286947"/>
 <node id="36263108" visible="true" version="3" changeset="5028742" timestamp="2010-06-19T23:27:51Z" user="damjang" uid="97922" lat="45.6573164" lon="13.8273558"/>
 <node id="36263112" visible="true" version="4" changeset="5028742" timestamp="2010-06-19T23:27:07Z" user="damjang" uid="97922" lat="45.6591286" lon="13.8305164"/>
 <node id="36263114" visible="true" version="3" changeset="5028742" timestamp="2010-06-19T23:27:55Z" user="damjang" uid="97922" lat="45.6580931" lon="13.8306885"/>
 <node id="36263117" visible="true" version="3" changeset="5028742" timestamp="2010-06-19T23:27:04Z" user="damjang" uid="97922" lat="45.6572390" lon="13.8306516"/>
 <node id="54681585" visible="true" version="6" changeset="170299230" timestamp="2025-08-11T15:18:03Z" user="alessandrocarmeli" uid="12294600" lat="45.6545191" lon="13.8283592"/>
 <node id="54681586" visible="true" version="4" changeset="98324325" timestamp="2021-01-28T23:30:36Z" user="damjang" uid="97922" lat="45.6549497" lon="13.8294234"/>
 <node id="54681588" visible="true" version="4" changeset="98324325" timestamp="2021-01-28T23:30:36Z" user="damjang" uid="97922" lat="45.6550777" lon="13.8296700"/>
 <node id="54681591" visible="true" version="3" changeset="5028742" timestamp="2010-06-19T23:27:54Z" user="damjang" uid="97922" lat="45.6553083" lon="13.8300132"/>
 <node id="54681599" visible="true" version="3" changeset="5028742" timestamp="2010-06-19T23:27:49Z" user="damjang" uid="97922" lat="45.6556128" lon="13.8303500"/>
 <node id="54681612" visible="true" version="4" changeset="98324325" timestamp="2021-01-28T23:30:36Z" user="damjang" uid="97922" lat="45.6566735" lon="13.8312530"/>
 <node id="54681617" visible="true" version="5" changeset="98324325" timestamp="2021-01-28T23:30:36Z" user="damjang" uid="97922" lat="45.6568524" lon="13.8313766"/>
 <node id="54681623" visible="true" version="6" changeset="98324325" timestamp="2021-01-28T23:30:36Z" user="damjang" uid="97922" lat="45.6571665" lon="13.8314882"/>
 <node id="54681627" visible="true" version="4" changeset="770713" timestamp="2008-11-20T08:42:37Z" user="Andreajvc" uid="54900" lat="45.6574450" lon="13.8315398"/>
 <node id="54681631" visible="true" version="6" changeset="98324325" timestamp="2021-01-28T23:30:36Z" user="damjang" uid="97922" lat="45.6576263" lon="13.8315522"/>
 <node id="54681635" visible="true" version="10" changeset="51855798" timestamp="2017-09-08T18:14:02Z" user="KarmaCleaner" uid="6604853" lat="45.6581093" lon="13.8316854"/>
 <node id="54681640" visible="true" version="9" changeset="51855798" timestamp="2017-09-08T18:14:04Z" user="KarmaCleaner" uid="6604853" lat="45.6584309" lon="13.8319377"/>
 <node id="54686365" visible="true" version="4" changeset="83436055" timestamp="2020-04-12T18:32:51Z" user="Badojo" uid="8189075" lat="45.6408419" lon="13.8326320"/>
 <node id="54686368" visible="true" version="4" changeset="83436055" timestamp="2020-04-12T18:32:51Z" user="Badojo" uid="8189075" lat="45.6414579" lon="13.8317859"/>
 <node id="54686378" visible="true" version="3" changeset="83436055" timestamp="2020-04-12T18:32:51Z" user="Badojo" uid="8189075" lat="45.6421037" lon="13.8309148"/>
 <node id="59865843" visible="true" version="5" changeset="11859288" timestamp="2012-06-10T21:05:07Z" user="damjang" uid="97922" lat="45.6605722" lon="13.8303979"/>
 <node id="59865844" visible="true" version="10" changeset="98073126" timestamp="2021-01-24T20:09:55Z" user="alessandrocarmeli" uid="12294600" lat="45.6594626" lon="13.8309473"/>
 <node id="68697246" visible="true" version="5" changeset="115293384" timestamp="2021-12-23T11:15:30Z" user="Jonathan Asaf" uid="10828579" lat="45.6561305" lon="13.8307390"/>
 <node id="68697272" visible="true" version="4" changeset="115293384" timestamp="2021-12-23T11:15:30Z" user="Jonathan Asaf" uid="10828579" lat="45.6561215" lon="13.8305425"/>
 <node id="68697343" visible="true" version="3" changeset="11859288" timestamp="2012-06-10T21:05:14Z" user="damjang" uid="97922" lat="45.6554605" lon="13.8287222"/>
 <node id="68697346" visible="true" version="3" changeset="11859288" timestamp="2012-06-10T21:05:15Z" user="damjang" uid="97922" lat="45.6551611" lon="13.8283190"/>
 <node id="68697355" visible="true" version="3" changeset="11859288" timestamp="2012-06-10T21:05:15Z" user="damjang" uid="97922" lat="45.6549894" lon="13.8280833"/>
 <node id="68704805" visible="true" version="6" changeset="143935065" timestamp="2023-11-12T14:15:49Z" user="Badojo" uid="8189075" lat="45.6544403" lon="13.8280238"/>
 <node id="68704809" visible="true" version="5" changeset="98324325" timestamp="2021-01-28T23:30:36Z" user="damjang" uid="97922" lat="45.6545696" lon="13.8283160"/>
 <node id="68704813" visible="true" version="6" changeset="98324325" timestamp="2021-01-28T23:30:36Z" user="damjang" uid="97922" lat="45.6547010" lon="13.8286039"/>
 <node id="68704817" visible="true" version="5" changeset="51855798" timestamp="2017-09-08T18:13:03Z" user="KarmaCleaner" uid="6604853" lat="45.6548535" lon="13.8288898"/>
 <node id="68704821" visible="true" version="6" changeset="98324325" timestamp="2021-01-28T23:30:36Z" user="damjang" uid="97922" lat="45.6550156" lon="13.8291653"/>
 <node id="68704828" visible="true" version="6" changeset="98324325" timestamp="2021-01-28T23:30:36Z" user="damjang" uid="97922" lat="45.6551179" lon="13.8293252"/>
 <node id="68704835" visible="true" version="4" changeset="51855798" timestamp="2017-09-08T18:13:23Z" user="KarmaCleaner" uid="6604853" lat="45.6553093" lon="13.8295931"/>
 <node id="68704836" visible="true" version="3" changeset="51855798" timestamp="2017-09-08T18:13:57Z" user="KarmaCleaner" uid="6604853" lat="45.6555335" lon="13.8298550">
  <tag k="created_by" v="JOSM"/>
 </node>
 <node id="68704840" visible="true" version="3" changeset="51855798" timestamp="2017-09-08T18:13:53Z" user="KarmaCleaner" uid="6604853" lat="45.6557257" lon="13.8300678">
  <tag k="created_by" v="JOSM"/>
 </node>
 <node id="68704844" visible="true" version="4" changeset="51855798" timestamp="2017-09-08T18:13:21Z" user="KarmaCleaner" uid="6604853" lat="45.6558985" lon="13.8302332"/>
 <node id="68704849" visible="true" version="5" changeset="51855798" timestamp="2017-09-08T18:12:14Z" user="KarmaCleaner" uid="6604853" lat="45.6562364" lon="13.8305181"/>
 <node id="68704854" visible="true" version="4" changeset="51855798" timestamp="2017-09-08T18:14:53Z" user="KarmaCleaner" uid="6604853" lat="45.6564488" lon="13.8306800"/>
 <node id="68704856" visible="true" version="4" changeset="51855798" timestamp="2017-09-08T18:14:51Z" user="KarmaCleaner" uid="6604853" lat="45.6566524" lon="13.8308045"/>
 <node id="68704860" visible="true" version="4" changeset="51855798" timestamp="2017-09-08T18:14:48Z" user="KarmaCleaner" uid="6604853" lat="45.6568561" lon="13.8309158"/>
 <node id="68704867" visible="true" version="4" changeset="51855798" timestamp="2017-09-08T18:14:42Z" user="KarmaCleaner" uid="6604853" lat="45.6571123" lon="13.8310467"/>
 <node id="68704872" visible="true" version="4" changeset="51855798" timestamp="2017-09-08T18:14:38Z" user="KarmaCleaner" uid="6604853" lat="45.6573640" lon="13.8311416"/>
 <node id="68704877" visible="true" version="4" changeset="51855798" timestamp="2017-09-08T18:14:35Z" user="KarmaCleaner" uid="6604853" lat="45.6575790" lon="13.8312038"/>
 <node id="68704878" visible="true" version="3" changeset="51855798" timestamp="2017-09-08T18:15:06Z" user="KarmaCleaner" uid="6604853" lat="45.6577667" lon="13.8312660">
  <tag k="created_by" v="JOSM"/>
 </node>
 <node id="68704883" visible="true" version="4" changeset="51855798" timestamp="2017-09-08T18:14:30Z" user="KarmaCleaner" uid="6604853" lat="45.6579612" lon="13.8313216"/>
 <node id="68704888" visible="true" version="4" changeset="51855798" timestamp="2017-09-08T18:14:26Z" user="KarmaCleaner" uid="6604853" lat="45.6582081" lon="13.8314459"/>
 <node id="68704893" visible="true" version="4" changeset="98324325" timestamp="2021-01-28T23:30:36Z" user="damjang" uid="97922" lat="45.6583355" lon="13.8315599"/>
 <node id="68704898" visible="true" version="4" changeset="51855798" timestamp="2017-09-08T18:14:24Z" user="KarmaCleaner" uid="6604853" lat="45.6584440" lon="13.8316866"/>
 <node id="68704899" visible="true" version="4" changeset="51855798" timestamp="2017-09-08T18:14:22Z" user="KarmaCleaner" uid="6604853" lat="45.6585722" lon="13.8318535"/>
 <node id="68704902" visible="true" version="4" changeset="51855798" timestamp="2017-09-08T18:14:19Z" user="KarmaCleaner" uid="6604853" lat="45.6587335" lon="13.8320352"/>
 <node id="68704907" visible="true" version="3" changeset="51855798" timestamp="2017-09-08T18:15:03Z" user="KarmaCleaner" uid="6604853" lat="45.6588810" lon="13.8321400">
  <tag k="created_by" v="JOSM"/>
 </node>
 <node id="68704910" visible="true" version="4" changeset="51855798" timestamp="2017-09-08T18:14:17Z" user="KarmaCleaner" uid="6604853" lat="45.6589968" lon="13.8321837"/>
 <node id="68704913" visible="true" version="4" changeset="51855798" timestamp="2017-09-08T18:14:15Z" user="KarmaCleaner" uid="6604853" lat="45.6591150" lon="13.8321947"/>
 <node id="68704916" visible="true" version="4" changeset="51855798" timestamp="2017-09-08T18:14:13Z" user="KarmaCleaner" uid="6604853" lat="45.6592134" lon="13.8321798"/>
 <node id="68704918" visible="true" version="4" changeset="51855798" timestamp="2017-09-08T18:14:11Z" user="KarmaCleaner" uid="6604853" lat="45.6593083" lon="13.8321413"/>
 <node id="68704924" visible="true" version="4" changeset="51855798" timestamp="2017-09-08T18:13:19Z" user="KarmaCleaner" uid="6604853" lat="45.6594331" lon="13.8320696"/>
 <node id="68704928" visible="true" version="5" changeset="100988734" timestamp="2021-03-14T13:12:25Z" user="alessandrocarmeli" uid="12294600" lat="45.6600801" lon="13.8314146"/>
 <node id="68704948" visible="true" version="5" changeset="51855798" timestamp="2017-09-08T18:12:58Z" user="KarmaCleaner" uid="6604853" lat="45.6602204" lon="13.8312761"/>
 <node id="68704952" visible="true" version="4" changeset="51855798" timestamp="2017-09-08T18:13:16Z" user="KarmaCleaner" uid="6604853" lat="45.6605467" lon="13.8309240"/>
 <node id="68704960" visible="true" version="4" changeset="51855798" timestamp="2017-09-08T18:13:13Z" user="KarmaCleaner" uid="6604853" lat="45.6609546" lon="13.8305174"/>
 <node id="70596173" visible="true" version="16" changeset="110106047" timestamp="2021-08-23T10:13:39Z" user="alessandrocarmeli" uid="12294600" lat="45.6617428" lon="13.8295985">
  <tag k="highway" v="motorway_junction"/>
  <tag k="name" v="Padriciano/Padriče"/>
  <tag k="name:it" v="Padriciano"/>
  <tag k="name:sl" v="Padriče"/>
 </node>
 <node id="70596174" visible="true" version="5" changeset="143935065" timestamp="2023-11-12T14:15:49Z" user="Badojo" uid="8189075" lat="45.6553250" lon="13.8294279"/>
 <node id="70596179" visible="true" version="6" changeset="143935065" timestamp="2023-11-12T14:15:49Z" user="Badojo" uid="8189075" lat="45.6546442" lon="13.8281924"/>
 <node id="70596182" visible="true" version="6" changeset="51855798" timestamp="2017-09-08T18:16:08Z" user="KarmaCleaner" uid="6604853" lat="45.6591400" lon="13.8310596"/>
 <node id="70596183" visible="true" version="8" changeset="93304711" timestamp="2020-10-30T18:18:21Z" user="user_11740352" uid="11740352" lat="45.6600418" lon="13.8306968"/>
 <node id="246553526" visible="true" version="16" changeset="135187496" timestamp="2023-04-21T10:34:30Z" user="Dom61" uid="10368945" lat="45.6618461" lon="13.8296775"/>
 <node id="255823289" visible="true" version="4" changeset="5028742" timestamp="2010-06-19T23:27:34Z" user="damjang" uid="97922" lat="45.6592840" lon="13.8301294"/>
 <node id="305362611" visible="true" version="4" changeset="51855798" timestamp="2017-09-08T18:12:24Z" user="KarmaCleaner" uid="6604853" lat="45.6581070" lon="13.8311708"/>
 <node id="305362612" visible="true" version="4" changeset="51855798" timestamp="2017-09-08T18:12:23Z" user="KarmaCleaner" uid="6604853" lat="45.6573346" lon="13.8309963"/>
 <node id="305362613" visible="true" version="3" changeset="51855798" timestamp="2017-09-08T18:12:51Z" user="KarmaCleaner" uid="6604853" lat="45.6570694" lon="13.8308892"/>
 <node id="305362614" visible="true" version="4" changeset="51855798" timestamp="2017-09-08T18:12:22Z" user="KarmaCleaner" uid="6604853" lat="45.6563539" lon="13.8304658"/>
 <node id="305362617" visible="true" version="8" changeset="51855798" timestamp="2017-09-08T18:16:05Z" user="KarmaCleaner" uid="6604853" lat="45.6586768" lon="13.8322048"/>
 <node id="313274819" visible="true" version="25" changeset="98323862" timestamp="2021-01-28T23:18:09Z" user="damjang" uid="97922" lat="45.6561676" lon="13.8344838"/>
 <node id="313275111" visible="true" version="15" changeset="98323862" timestamp="2021-01-28T23:18:09Z" user="damjang" uid="97922" lat="45.6560580" lon="13.8341946"/>
 <node id="313275193" visible="true" version="6" changeset="11859288" timestamp="2012-06-10T21:04:58Z" user="damjang" uid="97922" lat="45.6578474" lon="13.8315885"/>
 <node id="424480714" visible="true" version="2" changeset="5028742" timestamp="2010-06-19T23:27:28Z" user="damjang" uid="97922" lat="45.6575390" lon="13.8279584"/>
 <node id="424480722" visible="true" version="2" changeset="5028742" timestamp="2010-06-19T23:27:46Z" user="damjang" uid="97922" lat="45.6575749" lon="13.8291651"/>
 <node id="424480723" visible="true" version="2" changeset="5028742" timestamp="2010-06-19T23:27:03Z" user="damjang" uid="97922" lat="45.6574420" lon="13.8292364"/>
 <node id="424480725" visible="true" version="2" changeset="5028742" timestamp="2010-06-19T23:27:53Z" user="damjang" uid="97922" lat="45.6573273" lon="13.8287908"/>
 <node id="424480726" visible="true" version="2" changeset="5028742" timestamp="2010-06-19T23:27:13Z" user="damjang" uid="97922" lat="45.6574637" lon="13.8287195"/>
 <node id="424480727" visible="true" version="2" changeset="5028742" timestamp="2010-06-19T23:27:41Z" user="damjang" uid="97922" lat="45.6575521" lon="13.8290748"/>
 <node id="424480728" visible="true" version="2" changeset="5028742" timestamp="2010-06-19T23:27:51Z" user="damjang" uid="97922" lat="45.6581226" lon="13.8300717"/>
 <node id="424480729" visible="true" version="1" changeset="1559201" timestamp="2009-06-18T22:55:26Z" user="simone" uid="137" lat="45.6579959" lon="13.8301425"/>
 <node id="424480730" visible="true" version="2" changeset="5028742" timestamp="2010-06-19T23:27:38Z" user="damjang" uid="97922" lat="45.6579724" lon="13.8300538"/>
 <node id="424480731" visible="true" version="2" changeset="5028742" timestamp="2010-06-19T23:26:56Z" user="damjang" uid="97922" lat="45.6579801" lon="13.8300495"/>
 <node id="424480732" visible="true" version="1" changeset="1559201" timestamp="2009-06-18T22:55:26Z" user="simone" uid="137" lat="45.6579487" lon="13.8299205"/>
 <node id="424480733" visible="true" version="2" changeset="5028742" timestamp="2010-06-19T23:27:48Z" user="damjang" uid="97922" lat="45.6579382" lon="13.8299237"/>
 <node id="424480734" visible="true" version="2" changeset="5028742" timestamp="2010-06-19T23:27:06Z" user="damjang" uid="97922" lat="45.6579175" lon="13.8298382"/>
 <node id="424480735" visible="true" version="2" changeset="5028742" timestamp="2010-06-19T23:27:35Z" user="damjang" uid="97922" lat="45.6577953" lon="13.8299158"/>
 <node id="424480736" visible="true" version="2" changeset="5028742" timestamp="2010-06-19T23:27:05Z" user="damjang" uid="97922" lat="45.6578643" lon="13.8300147"/>
 <node id="424480737" visible="true" version="2" changeset="5028742" timestamp="2010-06-19T23:27:34Z" user="damjang" uid="97922" lat="45.6577927" lon="13.8301173"/>
 <node id="424480738" visible="true" version="2" changeset="5028742" timestamp="2010-06-19T23:27:54Z" user="damjang" uid="97922" lat="45.6576437" lon="13.8299010"/>
 <node id="424480739" visible="true" version="2" changeset="5028742" timestamp="2010-06-19T23:27:14Z" user="damjang" uid="97922" lat="45.6577310" lon="13.8298047"/>
 <node id="424480740" visible="true" version="1" changeset="1559201" timestamp="2009-06-18T22:55:26Z" user="simone" uid="137" lat="45.6577701" lon="13.8298623"/>
 <node id="424480741" visible="true" version="2" changeset="5028742" timestamp="2010-06-19T23:27:00Z" user="damjang" uid="97922" lat="45.6578208" lon="13.8298332"/>
 <node id="424480742" visible="true" version="2" changeset="5028742" timestamp="2010-06-19T23:27:30Z" user="damjang" uid="97922" lat="45.6578165" lon="13.8298161"/>
 <node id="424480743" visible="true" version="2" changeset="5028742" timestamp="2010-06-19T23:27:51Z" user="damjang" uid="97922" lat="45.6578459" lon="13.8298009"/>
 <node id="424480744" visible="true" version="2" changeset="5028742" timestamp="2010-06-19T23:26:59Z" user="damjang" uid="97922" lat="45.6578419" lon="13.8297832"/>
 <node id="424480745" visible="true" version="1" changeset="1559201" timestamp="2009-06-18T22:55:27Z" user="simone" uid="137" lat="45.6578760" lon="13.8297655"/>
 <node id="424480746" visible="true" version="2" changeset="5028742" timestamp="2010-06-19T23:27:49Z" user="damjang" uid="97922" lat="45.6578907" lon="13.8298236"/>
 <node id="424480747" visible="true" version="2" changeset="5028742" timestamp="2010-06-19T23:27:10Z" user="damjang" uid="97922" lat="45.6579679" lon="13.8297809"/>
 <node id="424480748" visible="true" version="2" changeset="5028742" timestamp="2010-06-19T23:27:36Z" user="damjang" uid="97922" lat="45.6579750" lon="13.8298033"/>
 <node id="424480749" visible="true" version="2" changeset="5028742" timestamp="2010-06-19T23:27:56Z" user="damjang" uid="97922" lat="45.6580437" lon="13.8297682"/>
 <node id="424480750" visible="true" version="2" changeset="5028742" timestamp="2010-06-19T23:27:22Z" user="damjang" uid="97922" lat="45.6580667" lon="13.8298536"/>
 <node id="424480751" visible="true" version="2" changeset="5028742" timestamp="2010-06-19T23:27:48Z" user="damjang" uid="97922" lat="45.6580587" lon="13.8298611"/>
 <node id="424480752" visible="true" version="2" changeset="5028742" timestamp="2010-06-19T23:27:16Z" user="damjang" uid="97922" lat="45.6580915" lon="13.8299888"/>
 <node id="424480753" visible="true" version="2" changeset="5028742" timestamp="2010-06-19T23:27:46Z" user="damjang" uid="97922" lat="45.6580991" lon="13.8299847"/>
 <node id="424480754" visible="true" version="2" changeset="5028742" timestamp="2010-06-19T23:27:04Z" user="damjang" uid="97922" lat="45.6587675" lon="13.8300666"/>
 <node id="424480755" visible="true" version="1" changeset="1559201" timestamp="2009-06-18T22:55:27Z" user="simone" uid="137" lat="45.6582421" lon="13.8299297"/>
 <node id="424480756" visible="true" version="1" changeset="1559201" timestamp="2009-06-18T22:55:27Z" user="simone" uid="137" lat="45.6582578" lon="13.8297932"/>
 <node id="424480757" visible="true" version="1" changeset="1559201" timestamp="2009-06-18T22:55:27Z" user="simone" uid="137" lat="45.6583010" lon="13.8298035"/>
 <node id="424480758" visible="true" version="1" changeset="1559201" timestamp="2009-06-18T22:55:27Z" user="simone" uid="137" lat="45.6583068" lon="13.8297374"/>
 <node id="424480759" visible="true" version="1" changeset="1559201" timestamp="2009-06-18T22:55:27Z" user="simone" uid="137" lat="45.6578157" lon="13.8294592"/>
 <node id="424480760" visible="true" version="1" changeset="1559201" timestamp="2009-06-18T22:55:27Z" user="simone" uid="137" lat="45.6577970" lon="13.8295290"/>
 <node id="424480761" visible="true" version="1" changeset="1559201" timestamp="2009-06-18T22:55:27Z" user="simone" uid="137" lat="45.6578379" lon="13.8295531"/>
 <node id="424480762" visible="true" version="1" changeset="1559201" timestamp="2009-06-18T22:55:27Z" user="simone" uid="137" lat="45.6578030" lon="13.8296794"/>
 <node id="424480763" visible="true" version="1" changeset="1559201" timestamp="2009-06-18T22:55:27Z" user="simone" uid="137" lat="45.6575111" lon="13.8295167"/>
 <node id="424480764" visible="true" version="1" changeset="1559201" timestamp="2009-06-18T22:55:27Z" user="simone" uid="137" lat="45.6575454" lon="13.8293893"/>
 <node id="424480765" visible="true" version="2" changeset="5028742" timestamp="2010-06-19T23:27:06Z" user="damjang" uid="97922" lat="45.6577164" lon="13.8294883"/>
 <node id="424480766" visible="true" version="2" changeset="5028742" timestamp="2010-06-19T23:27:35Z" user="damjang" uid="97922" lat="45.6577393" lon="13.8294108"/>
 <node id="424480767" visible="true" version="2" changeset="5028742" timestamp="2010-06-19T23:27:55Z" user="damjang" uid="97922" lat="45.6577527" lon="13.8294207"/>
 <node id="424480768" visible="true" version="2" changeset="5028742" timestamp="2010-06-19T23:27:06Z" user="damjang" uid="97922" lat="45.6577872" lon="13.8293007"/>
 <node id="424480769" visible="true" version="2" changeset="5028742" timestamp="2010-06-19T23:27:34Z" user="damjang" uid="97922" lat="45.6583985" lon="13.8296447"/>
 <node id="424480770" visible="true" version="2" changeset="5028742" timestamp="2010-06-19T23:27:55Z" user="damjang" uid="97922" lat="45.6583663" lon="13.8297643"/>
 <node id="424480771" visible="true" version="2" changeset="5028742" timestamp="2010-06-19T23:27:15Z" user="damjang" uid="97922" lat="45.6583865" lon="13.8297780"/>
 <node id="424480772" visible="true" version="2" changeset="5028742" timestamp="2010-06-19T23:27:46Z" user="damjang" uid="97922" lat="45.6583799" lon="13.8298303"/>
 <node id="424480773" visible="true" version="2" changeset="5028742" timestamp="2010-06-19T23:27:03Z" user="damjang" uid="97922" lat="45.6587838" lon="13.8299361"/>
 <node id="424480774" visible="true" version="1" changeset="1559201" timestamp="2009-06-18T22:55:28Z" user="simone" uid="137" lat="45.6567456" lon="13.8286286"/>
 <node id="424480775" visible="true" version="1" changeset="1559201" timestamp="2009-06-18T22:55:28Z" user="simone" uid="137" lat="45.6566834" lon="13.8287836"/>
 <node id="424480776" visible="true" version="1" changeset="1559201" timestamp="2009-06-18T22:55:28Z" user="simone" uid="137" lat="45.6565822" lon="13.8287010"/>
 <node id="424480777" visible="true" version="1" changeset="1559201" timestamp="2009-06-18T22:55:28Z" user="simone" uid="137" lat="45.6566445" lon="13.8285461"/>
 <node id="424480778" visible="true" version="1" changeset="1559201" timestamp="2009-06-18T22:55:28Z" user="simone" uid="137" lat="45.6567016" lon="13.8280868"/>
 <node id="424480779" visible="true" version="1" changeset="1559201" timestamp="2009-06-18T22:55:28Z" user="simone" uid="137" lat="45.6566459" lon="13.8280887"/>
 <node id="424480780" visible="true" version="1" changeset="1559201" timestamp="2009-06-18T22:55:28Z" user="simone" uid="137" lat="45.6566440" lon="13.8279698"/>
 <node id="424480781" visible="true" version="1" changeset="1559201" timestamp="2009-06-18T22:55:28Z" user="simone" uid="137" lat="45.6566585" lon="13.8279694"/>
 <node id="424480782" visible="true" version="1" changeset="1559201" timestamp="2009-06-18T22:55:28Z" user="simone" uid="137" lat="45.6566576" lon="13.8278997"/>
 <node id="424480783" visible="true" version="1" changeset="1559201" timestamp="2009-06-18T22:55:28Z" user="simone" uid="137" lat="45.6567405" lon="13.8278977"/>
 <node id="424480784" visible="true" version="1" changeset="1559201" timestamp="2009-06-18T22:55:28Z" user="simone" uid="137" lat="45.6567418" lon="13.8280051"/>
 <node id="424480785" visible="true" version="1" changeset="1559201" timestamp="2009-06-18T22:55:28Z" user="simone" uid="137" lat="45.6567201" lon="13.8280056"/>
 <node id="424480786" visible="true" version="1" changeset="1559201" timestamp="2009-06-18T22:55:28Z" user="simone" uid="137" lat="45.6567205" lon="13.8280460"/>
 <node id="424480787" visible="true" version="1" changeset="1559201" timestamp="2009-06-18T22:55:28Z" user="simone" uid="137" lat="45.6567010" lon="13.8280464"/>
 <node id="424480788" visible="true" version="1" changeset="1559201" timestamp="2009-06-18T22:55:28Z" user="simone" uid="137" lat="45.6564545" lon="13.8284127"/>
 <node id="424480789" visible="true" version="1" changeset="1559201" timestamp="2009-06-18T22:55:28Z" user="simone" uid="137" lat="45.6563983" lon="13.8284262"/>
 <node id="424480790" visible="true" version="1" changeset="1559201" timestamp="2009-06-18T22:55:28Z" user="simone" uid="137" lat="45.6563855" lon="13.8283180"/>
 <node id="424480791" visible="true" version="1" changeset="1559201" timestamp="2009-06-18T22:55:28Z" user="simone" uid="137" lat="45.6564417" lon="13.8283044"/>
 <node id="424480792" visible="true" version="2" changeset="5028742" timestamp="2010-06-19T23:27:13Z" user="damjang" uid="97922" lat="45.6573384" lon="13.8291302"/>
 <node id="424480793" visible="true" version="2" changeset="5028742" timestamp="2010-06-19T23:27:41Z" user="damjang" uid="97922" lat="45.6572514" lon="13.8290844"/>
 <node id="424480794" visible="true" version="2" changeset="5028742" timestamp="2010-06-19T23:26:59Z" user="damjang" uid="97922" lat="45.6572607" lon="13.8290583"/>
 <node id="424480796" visible="true" version="2" changeset="5028742" timestamp="2010-06-19T23:27:49Z" user="damjang" uid="97922" lat="45.6572289" lon="13.8289414"/>
 <node id="424480797" visible="true" version="2" changeset="5028742" timestamp="2010-06-19T23:27:10Z" user="damjang" uid="97922" lat="45.6572815" lon="13.8289123"/>
 <node id="424480802" visible="true" version="2" changeset="5028742" timestamp="2010-06-19T23:27:16Z" user="damjang" uid="97922" lat="45.6579464" lon="13.8282666"/>
 <node id="424480803" visible="true" version="2" changeset="5028742" timestamp="2010-06-19T23:27:46Z" user="damjang" uid="97922" lat="45.6578697" lon="13.8281932"/>
 <node id="424480804" visible="true" version="2" changeset="5028742" timestamp="2010-06-19T23:27:04Z" user="damjang" uid="97922" lat="45.6577947" lon="13.8283492"/>
 <node id="424480805" visible="true" version="2" changeset="5028742" timestamp="2010-06-19T23:27:33Z" user="damjang" uid="97922" lat="45.6577435" lon="13.8282997"/>
 <node id="424480806" visible="true" version="2" changeset="5028742" timestamp="2010-06-19T23:27:53Z" user="damjang" uid="97922" lat="45.6577952" lon="13.8281905"/>
 <node id="424480807" visible="true" version="2" changeset="5028742" timestamp="2010-06-19T23:27:14Z" user="damjang" uid="97922" lat="45.6576864" lon="13.8280812"/>
 <node id="424480808" visible="true" version="1" changeset="1559201" timestamp="2009-06-18T22:55:29Z" user="simone" uid="137" lat="45.6577205" lon="13.8280096"/>
 <node id="424480809" visible="true" version="2" changeset="5028742" timestamp="2010-06-19T23:27:51Z" user="damjang" uid="97922" lat="45.6577976" lon="13.8280842"/>
 <node id="424480810" visible="true" version="2" changeset="5028742" timestamp="2010-06-19T23:27:12Z" user="damjang" uid="97922" lat="45.6578672" lon="13.8279422"/>
 <node id="424480811" visible="true" version="2" changeset="5028742" timestamp="2010-06-19T23:27:38Z" user="damjang" uid="97922" lat="45.6579160" lon="13.8279914"/>
 <node id="424480812" visible="true" version="2" changeset="5028742" timestamp="2010-06-19T23:26:57Z" user="damjang" uid="97922" lat="45.6578720" lon="13.8280875"/>
 <node id="424480813" visible="true" version="2" changeset="5028742" timestamp="2010-06-19T23:27:27Z" user="damjang" uid="97922" lat="45.6579810" lon="13.8281959"/>
 <node id="424480815" visible="true" version="2" changeset="5028742" timestamp="2010-06-19T23:27:06Z" user="damjang" uid="97922" lat="45.6569814" lon="13.8302985"/>
 <node id="424480816" visible="true" version="2" changeset="5028742" timestamp="2010-06-19T23:27:48Z" user="damjang" uid="97922" lat="45.6569089" lon="13.8302062"/>
 <node id="424480817" visible="true" version="2" changeset="5028742" timestamp="2010-06-19T23:27:05Z" user="damjang" uid="97922" lat="45.6569412" lon="13.8301477"/>
 <node id="424480818" visible="true" version="2" changeset="5028742" timestamp="2010-06-19T23:27:34Z" user="damjang" uid="97922" lat="45.6568497" lon="13.8300351"/>
 <node id="424480819" visible="true" version="2" changeset="5028742" timestamp="2010-06-19T23:27:54Z" user="damjang" uid="97922" lat="45.6569147" lon="13.8299246"/>
 <node id="424480820" visible="true" version="1" changeset="1559201" timestamp="2009-06-18T22:55:29Z" user="simone" uid="137" lat="45.6569997" lon="13.8300286"/>
 <node id="424480821" visible="true" version="1" changeset="1559201" timestamp="2009-06-18T22:55:29Z" user="simone" uid="137" lat="45.6570089" lon="13.8300144"/>
 <node id="424480822" visible="true" version="2" changeset="5028742" timestamp="2010-06-19T23:27:00Z" user="damjang" uid="97922" lat="45.6570382" lon="13.8300558"/>
 <node id="424480823" visible="true" version="2" changeset="5028742" timestamp="2010-06-19T23:27:31Z" user="damjang" uid="97922" lat="45.6570192" lon="13.8300909"/>
 <node id="424480824" visible="true" version="2" changeset="5028742" timestamp="2010-06-19T23:27:41Z" user="damjang" uid="97922" lat="45.6570524" lon="13.8301258"/>
 <node id="424480825" visible="true" version="2" changeset="5028742" timestamp="2010-06-19T23:26:59Z" user="damjang" uid="97922" lat="45.6570716" lon="13.8300940"/>
 <node id="424480826" visible="true" version="2" changeset="5028742" timestamp="2010-06-19T23:27:29Z" user="damjang" uid="97922" lat="45.6570919" lon="13.8301156"/>
 <node id="424486220" visible="true" version="1" changeset="1559222" timestamp="2009-06-18T23:00:35Z" user="simone" uid="137" lat="45.6584814" lon="13.8137148"/>
 <node id="424486221" visible="true" version="1" changeset="1559222" timestamp="2009-06-18T23:00:35Z" user="simone" uid="137" lat="45.6584283" lon="13.8136616"/>
 <node id="424486222" visible="true" version="1" changeset="1559222" timestamp="2009-06-18T23:00:35Z" user="simone" uid="137" lat="45.6584804" lon="13.8135576"/>
 <node id="424486223" visible="true" version="1" changeset="1559222" timestamp="2009-06-18T23:00:35Z" user="simone" uid="137" lat="45.6585342" lon="13.8136087"/>
 <node id="424495148" visible="true" version="2" changeset="5028742" timestamp="2010-06-19T23:27:15Z" user="damjang" uid="97922" lat="45.6574873" lon="13.8302076"/>
 <node id="424495149" visible="true" version="2" changeset="5028742" timestamp="2010-06-19T23:27:42Z" user="damjang" uid="97922" lat="45.6575211" lon="13.8301620"/>
 <node id="424495150" visible="true" version="2" changeset="5028742" timestamp="2010-06-19T23:27:03Z" user="damjang" uid="97922" lat="45.6575100" lon="13.8301382"/>
 <node id="424495151" visible="true" version="2" changeset="5028742" timestamp="2010-06-19T23:27:31Z" user="damjang" uid="97922" lat="45.6575047" lon="13.8301439"/>
 <node id="424495152" visible="true" version="1" changeset="1559258" timestamp="2009-06-18T23:09:04Z" user="simone" uid="137" lat="45.6574179" lon="13.8299826"/>
 <node id="424495153" visible="true" version="2" changeset="5028742" timestamp="2010-06-19T23:27:30Z" user="damjang" uid="97922" lat="45.6574402" lon="13.8299450"/>
 <node id="424495155" visible="true" version="2" changeset="5028742" timestamp="2010-06-19T23:27:11Z" user="damjang" uid="97922" lat="45.6574308" lon="13.8299370"/>
 <node id="424495158" visible="true" version="2" changeset="5028742" timestamp="2010-06-19T23:27:27Z" user="damjang" uid="97922" lat="45.6571862" lon="13.8295760"/>
 <node id="424495159" visible="true" version="2" changeset="5028742" timestamp="2010-06-19T23:27:48Z" user="damjang" uid="97922" lat="45.6572428" lon="13.8296068"/>
 <node id="424495160" visible="true" version="2" changeset="5028742" timestamp="2010-06-19T23:27:56Z" user="damjang" uid="97922" lat="45.6573168" lon="13.8293367"/>
 <node id="424495161" visible="true" version="2" changeset="5028742" timestamp="2010-06-19T23:27:21Z" user="damjang" uid="97922" lat="45.6574261" lon="13.8293982"/>
 <node id="424495162" visible="true" version="2" changeset="5028742" timestamp="2010-06-19T23:27:48Z" user="damjang" uid="97922" lat="45.6573739" lon="13.8295905"/>
 <node id="424495163" visible="true" version="2" changeset="5028742" timestamp="2010-06-19T23:27:05Z" user="damjang" uid="97922" lat="45.6573778" lon="13.8295992"/>
 <node id="424495164" visible="true" version="2" changeset="5028742" timestamp="2010-06-19T23:27:33Z" user="damjang" uid="97922" lat="45.6573589" lon="13.8296240"/>
 <node id="424495165" visible="true" version="2" changeset="5028742" timestamp="2010-06-19T23:27:54Z" user="damjang" uid="97922" lat="45.6574200" lon="13.8297156"/>
 <node id="424495166" visible="true" version="2" changeset="5028742" timestamp="2010-06-19T23:27:14Z" user="damjang" uid="97922" lat="45.6574304" lon="13.8296961"/>
 <node id="424495167" visible="true" version="2" changeset="5028742" timestamp="2010-06-19T23:27:42Z" user="damjang" uid="97922" lat="45.6574509" lon="13.8297258"/>
 <node id="424495168" visible="true" version="2" changeset="5028742" timestamp="2010-06-19T23:27:13Z" user="damjang" uid="97922" lat="45.6574400" lon="13.8297443"/>
 <node id="424495169" visible="true" version="2" changeset="5028742" timestamp="2010-06-19T23:27:41Z" user="damjang" uid="97922" lat="45.6575024" lon="13.8298354"/>
 <node id="424495170" visible="true" version="2" changeset="5028742" timestamp="2010-06-19T23:26:59Z" user="damjang" uid="97922" lat="45.6574722" lon="13.8298764"/>
 <node id="424495174" visible="true" version="2" changeset="5028742" timestamp="2010-06-19T23:27:36Z" user="damjang" uid="97922" lat="45.6576725" lon="13.8301704"/>
 <node id="424495176" visible="true" version="2" changeset="5028742" timestamp="2010-06-19T23:27:06Z" user="damjang" uid="97922" lat="45.6586937" lon="13.8289989"/>
 <node id="424495177" visible="true" version="1" changeset="1559258" timestamp="2009-06-18T23:09:06Z" user="simone" uid="137" lat="45.6587124" lon="13.8291040"/>
 <node id="424495178" visible="true" version="2" changeset="5028742" timestamp="2010-06-19T23:27:55Z" user="damjang" uid="97922" lat="45.6585563" lon="13.8290155"/>
 <node id="424495179" visible="true" version="2" changeset="5028742" timestamp="2010-06-19T23:27:15Z" user="damjang" uid="97922" lat="45.6585792" lon="13.8289331"/>
 <node id="424495180" visible="true" version="2" changeset="5028742" timestamp="2010-06-19T23:27:46Z" user="damjang" uid="97922" lat="45.6585857" lon="13.8295991"/>
 <node id="424495181" visible="true" version="1" changeset="1559258" timestamp="2009-06-18T23:09:06Z" user="simone" uid="137" lat="45.6581784" lon="13.8293162"/>
 <node id="424495182" visible="true" version="2" changeset="5028742" timestamp="2010-06-19T23:27:33Z" user="damjang" uid="97922" lat="45.6581768" lon="13.8293206"/>
 <node id="424495183" visible="true" version="2" changeset="5028742" timestamp="2010-06-19T23:27:53Z" user="damjang" uid="97922" lat="45.6581700" lon="13.8293143"/>
 <node id="424495184" visible="true" version="1" changeset="1559258" timestamp="2009-06-18T23:09:06Z" user="simone" uid="137" lat="45.6581497" lon="13.8292996"/>
 <node id="424495185" visible="true" version="1" changeset="1559258" timestamp="2009-06-18T23:09:06Z" user="simone" uid="137" lat="45.6581391" lon="13.8292914"/>
 <node id="424495186" visible="true" version="1" changeset="1559258" timestamp="2009-06-18T23:09:06Z" user="simone" uid="137" lat="45.6581293" lon="13.8292794"/>
 <node id="424495187" visible="true" version="1" changeset="1559258" timestamp="2009-06-18T23:09:06Z" user="simone" uid="137" lat="45.6581184" lon="13.8292606"/>
 <node id="424495188" visible="true" version="2" changeset="5028742" timestamp="2010-06-19T23:26:57Z" user="damjang" uid="97922" lat="45.6581153" lon="13.8292446"/>
 <node id="424495189" visible="true" version="2" changeset="5028742" timestamp="2010-06-19T23:27:27Z" user="damjang" uid="97922" lat="45.6580933" lon="13.8292207"/>
 <node id="424495190" visible="true" version="2" changeset="5028742" timestamp="2010-06-19T23:27:48Z" user="damjang" uid="97922" lat="45.6580408" lon="13.8292377"/>
 <node id="424495191" visible="true" version="2" changeset="5028742" timestamp="2010-06-19T23:27:06Z" user="damjang" uid="97922" lat="45.6580489" lon="13.8291560"/>
 <node id="424495192" visible="true" version="2" changeset="5028742" timestamp="2010-06-19T23:27:22Z" user="damjang" uid="97922" lat="45.6580454" lon="13.8291387"/>
 <node id="424495193" visible="true" version="2" changeset="5028742" timestamp="2010-06-19T23:27:48Z" user="damjang" uid="97922" lat="45.6580656" lon="13.8290901"/>
 <node id="424495194" visible="true" version="2" changeset="5028742" timestamp="2010-06-19T23:27:05Z" user="damjang" uid="97922" lat="45.6580007" lon="13.8290303"/>
 <node id="424495195" visible="true" version="2" changeset="5028742" timestamp="2010-06-19T23:27:33Z" user="damjang" uid="97922" lat="45.6579884" lon="13.8290562"/>
 <node id="424495196" visible="true" version="2" changeset="5028742" timestamp="2010-06-19T23:27:54Z" user="damjang" uid="97922" lat="45.6579555" lon="13.8290265"/>
 <node id="424495197" visible="true" version="2" changeset="5028742" timestamp="2010-06-19T23:27:14Z" user="damjang" uid="97922" lat="45.6579500" lon="13.8290382"/>
 <node id="424495198" visible="true" version="2" changeset="5028742" timestamp="2010-06-19T23:27:42Z" user="damjang" uid="97922" lat="45.6578630" lon="13.8289592"/>
 <node id="424495199" visible="true" version="1" changeset="1559258" timestamp="2009-06-18T23:09:07Z" user="simone" uid="137" lat="45.6578926" lon="13.8288941"/>
 <node id="424495200" visible="true" version="2" changeset="5028742" timestamp="2010-06-19T23:27:41Z" user="damjang" uid="97922" lat="45.6578388" lon="13.8288447"/>
 <node id="424495201" visible="true" version="2" changeset="5028742" timestamp="2010-06-19T23:26:59Z" user="damjang" uid="97922" lat="45.6577821" lon="13.8289739"/>
 <node id="424495202" visible="true" version="2" changeset="5028742" timestamp="2010-06-19T23:27:29Z" user="damjang" uid="97922" lat="45.6577601" lon="13.8289692"/>
 <node id="424495203" visible="true" version="2" changeset="5028742" timestamp="2010-06-19T23:27:49Z" user="damjang" uid="97922" lat="45.6577572" lon="13.8289753"/>
 <node id="424495204" visible="true" version="2" changeset="5028742" timestamp="2010-06-19T23:27:11Z" user="damjang" uid="97922" lat="45.6577396" lon="13.8289588"/>
 <node id="424495205" visible="true" version="2" changeset="5028742" timestamp="2010-06-19T23:27:36Z" user="damjang" uid="97922" lat="45.6577418" lon="13.8289534"/>
 <node id="424495206" visible="true" version="2" changeset="5028742" timestamp="2010-06-19T23:27:56Z" user="damjang" uid="97922" lat="45.6577177" lon="13.8289297"/>
 <node id="424495207" visible="true" version="2" changeset="5028742" timestamp="2010-06-19T23:27:22Z" user="damjang" uid="97922" lat="45.6577662" lon="13.8288192"/>
 <node id="424495208" visible="true" version="2" changeset="5028742" timestamp="2010-06-19T23:27:35Z" user="damjang" uid="97922" lat="45.6576538" lon="13.8287151"/>
 <node id="424495209" visible="true" version="2" changeset="5028742" timestamp="2010-06-19T23:27:55Z" user="damjang" uid="97922" lat="45.6576689" lon="13.8286800"/>
 <node id="424495210" visible="true" version="2" changeset="5028742" timestamp="2010-06-19T23:27:16Z" user="damjang" uid="97922" lat="45.6576653" lon="13.8286760"/>
 <node id="424495211" visible="true" version="2" changeset="5028742" timestamp="2010-06-19T23:27:46Z" user="damjang" uid="97922" lat="45.6576767" lon="13.8286498"/>
 <node id="424495212" visible="true" version="2" changeset="5028742" timestamp="2010-06-19T23:27:04Z" user="damjang" uid="97922" lat="45.6576884" lon="13.8286610"/>
 <node id="424495213" visible="true" version="2" changeset="5028742" timestamp="2010-06-19T23:27:33Z" user="damjang" uid="97922" lat="45.6576987" lon="13.8286377"/>
 <node id="424495214" visible="true" version="2" changeset="5028742" timestamp="2010-06-19T23:27:53Z" user="damjang" uid="97922" lat="45.6577773" lon="13.8287091"/>
 <node id="424495215" visible="true" version="2" changeset="5028742" timestamp="2010-06-19T23:27:14Z" user="damjang" uid="97922" lat="45.6578433" lon="13.8285615"/>
 <node id="424495216" visible="true" version="2" changeset="5028742" timestamp="2010-06-19T23:27:51Z" user="damjang" uid="97922" lat="45.6578611" lon="13.8285779"/>
 <node id="424495217" visible="true" version="2" changeset="5028742" timestamp="2010-06-19T23:27:12Z" user="damjang" uid="97922" lat="45.6578682" lon="13.8285611"/>
 <node id="424495218" visible="true" version="2" changeset="5028742" timestamp="2010-06-19T23:27:38Z" user="damjang" uid="97922" lat="45.6578837" lon="13.8285827"/>
 <node id="424495220" visible="true" version="2" changeset="5028742" timestamp="2010-06-19T23:27:27Z" user="damjang" uid="97922" lat="45.6579078" lon="13.8286042"/>
 <node id="424495221" visible="true" version="2" changeset="5028742" timestamp="2010-06-19T23:27:49Z" user="damjang" uid="97922" lat="45.6578525" lon="13.8287066"/>
 <node id="424495222" visible="true" version="2" changeset="5028742" timestamp="2010-06-19T23:27:07Z" user="damjang" uid="97922" lat="45.6579657" lon="13.8288089"/>
 <node id="424495223" visible="true" version="2" changeset="5028742" timestamp="2010-06-19T23:27:35Z" user="damjang" uid="97922" lat="45.6579543" lon="13.8288338"/>
 <node id="424495224" visible="true" version="2" changeset="5028742" timestamp="2010-06-19T23:27:48Z" user="damjang" uid="97922" lat="45.6579663" lon="13.8288439"/>
 <node id="424495225" visible="true" version="2" changeset="5028742" timestamp="2010-06-19T23:27:05Z" user="damjang" uid="97922" lat="45.6579553" lon="13.8288700"/>
 <node id="424495226" visible="true" version="2" changeset="5028742" timestamp="2010-06-19T23:27:34Z" user="damjang" uid="97922" lat="45.6579437" lon="13.8288591"/>
 <node id="424495227" visible="true" version="2" changeset="5028742" timestamp="2010-06-19T23:27:54Z" user="damjang" uid="97922" lat="45.6579327" lon="13.8288833"/>
 <node id="424495228" visible="true" version="1" changeset="1559258" timestamp="2009-06-18T23:09:08Z" user="simone" uid="137" lat="45.6579992" lon="13.8289394"/>
 <node id="424495229" visible="true" version="2" changeset="5028742" timestamp="2010-06-19T23:27:42Z" user="damjang" uid="97922" lat="45.6580068" lon="13.8289388"/>
 <node id="424495230" visible="true" version="2" changeset="5028742" timestamp="2010-06-19T23:27:00Z" user="damjang" uid="97922" lat="45.6580153" lon="13.8289338"/>
 <node id="424495231" visible="true" version="2" changeset="5028742" timestamp="2010-06-19T23:27:31Z" user="damjang" uid="97922" lat="45.6580641" lon="13.8288248"/>
 <node id="424495232" visible="true" version="2" changeset="5028742" timestamp="2010-06-19T23:27:54Z" user="damjang" uid="97922" lat="45.6580126" lon="13.8287783"/>
 <node id="424495233" visible="true" version="2" changeset="5028742" timestamp="2010-06-19T23:27:14Z" user="damjang" uid="97922" lat="45.6580618" lon="13.8286663"/>
 <node id="424495234" visible="true" version="2" changeset="5028742" timestamp="2010-06-19T23:27:41Z" user="damjang" uid="97922" lat="45.6579482" lon="13.8285619"/>
 <node id="424495235" visible="true" version="2" changeset="5028742" timestamp="2010-06-19T23:26:59Z" user="damjang" uid="97922" lat="45.6579817" lon="13.8284892"/>
 <node id="424495236" visible="true" version="2" changeset="5028742" timestamp="2010-06-19T23:27:30Z" user="damjang" uid="97922" lat="45.6580595" lon="13.8285604"/>
 <node id="424495237" visible="true" version="2" changeset="5028742" timestamp="2010-06-19T23:27:51Z" user="damjang" uid="97922" lat="45.6581263" lon="13.8284133"/>
 <node id="424495238" visible="true" version="2" changeset="5028742" timestamp="2010-06-19T23:27:11Z" user="damjang" uid="97922" lat="45.6581417" lon="13.8284283"/>
 <node id="424495239" visible="true" version="2" changeset="5028742" timestamp="2010-06-19T23:27:37Z" user="damjang" uid="97922" lat="45.6581499" lon="13.8284116"/>
 <node id="424495240" visible="true" version="2" changeset="5028742" timestamp="2010-06-19T23:27:49Z" user="damjang" uid="97922" lat="45.6581683" lon="13.8284274"/>
 <node id="424495241" visible="true" version="2" changeset="5028742" timestamp="2010-06-19T23:27:07Z" user="damjang" uid="97922" lat="45.6581615" lon="13.8284458"/>
 <node id="424495242" visible="true" version="2" changeset="5028742" timestamp="2010-06-19T23:27:35Z" user="damjang" uid="97922" lat="45.6581774" lon="13.8284595"/>
 <node id="424495243" visible="true" version="2" changeset="5028742" timestamp="2010-06-19T23:27:55Z" user="damjang" uid="97922" lat="45.6581350" lon="13.8285576"/>
 <node id="424495244" visible="true" version="2" changeset="5028742" timestamp="2010-06-19T23:27:21Z" user="damjang" uid="97922" lat="45.6582465" lon="13.8286607"/>
 <node id="424495245" visible="true" version="2" changeset="5028742" timestamp="2010-06-19T23:27:47Z" user="damjang" uid="97922" lat="45.6583208" lon="13.8284966"/>
 <node id="424495246" visible="true" version="2" changeset="5028742" timestamp="2010-06-19T23:27:05Z" user="damjang" uid="97922" lat="45.6582312" lon="13.8284157"/>
 <node id="424495247" visible="true" version="2" changeset="5028742" timestamp="2010-06-19T23:27:33Z" user="damjang" uid="97922" lat="45.6582404" lon="13.8283910"/>
 <node id="424495248" visible="true" version="2" changeset="5028742" timestamp="2010-06-19T23:27:03Z" user="damjang" uid="97922" lat="45.6582291" lon="13.8283811"/>
 <node id="424495249" visible="true" version="2" changeset="5028742" timestamp="2010-06-19T23:27:33Z" user="damjang" uid="97922" lat="45.6582411" lon="13.8283541"/>
 <node id="424495250" visible="true" version="2" changeset="5028742" timestamp="2010-06-19T23:27:52Z" user="damjang" uid="97922" lat="45.6582533" lon="13.8283637"/>
 <node id="424495251" visible="true" version="2" changeset="5028742" timestamp="2010-06-19T23:27:13Z" user="damjang" uid="97922" lat="45.6582631" lon="13.8283400"/>
 <node id="424495252" visible="true" version="2" changeset="5028742" timestamp="2010-06-19T23:27:41Z" user="damjang" uid="97922" lat="45.6583436" lon="13.8284127"/>
 <node id="424495253" visible="true" version="2" changeset="5028742" timestamp="2010-06-19T23:26:59Z" user="damjang" uid="97922" lat="45.6584079" lon="13.8282663"/>
 <node id="424495254" visible="true" version="2" changeset="5028742" timestamp="2010-06-19T23:27:28Z" user="damjang" uid="97922" lat="45.6584246" lon="13.8282799"/>
 <node id="424495255" visible="true" version="2" changeset="5028742" timestamp="2010-06-19T23:27:49Z" user="damjang" uid="97922" lat="45.6584325" lon="13.8282634"/>
 <node id="424495256" visible="true" version="2" changeset="5028742" timestamp="2010-06-19T23:26:56Z" user="damjang" uid="97922" lat="45.6584501" lon="13.8282802"/>
 <node id="424495257" visible="true" version="2" changeset="5028742" timestamp="2010-06-19T23:27:27Z" user="damjang" uid="97922" lat="45.6584427" lon="13.8282973"/>
 <node id="424495258" visible="true" version="2" changeset="5028742" timestamp="2010-06-19T23:27:48Z" user="damjang" uid="97922" lat="45.6584596" lon="13.8283135"/>
 <node id="424495259" visible="true" version="2" changeset="5028742" timestamp="2010-06-19T23:27:06Z" user="damjang" uid="97922" lat="45.6584162" lon="13.8284096"/>
 <node id="424495260" visible="true" version="2" changeset="5028742" timestamp="2010-06-19T23:27:34Z" user="damjang" uid="97922" lat="45.6585301" lon="13.8285136"/>
 <node id="424495261" visible="true" version="2" changeset="5028742" timestamp="2010-06-19T23:27:55Z" user="damjang" uid="97922" lat="45.6585202" lon="13.8285373"/>
 <node id="424495262" visible="true" version="2" changeset="5028742" timestamp="2010-06-19T23:27:15Z" user="damjang" uid="97922" lat="45.6585322" lon="13.8285490"/>
 <node id="424495263" visible="true" version="2" changeset="5028742" timestamp="2010-06-19T23:27:45Z" user="damjang" uid="97922" lat="45.6585203" lon="13.8285753"/>
 <node id="424495264" visible="true" version="2" changeset="5028742" timestamp="2010-06-19T23:27:14Z" user="damjang" uid="97922" lat="45.6585081" lon="13.8285648"/>
 <node id="424495265" visible="true" version="2" changeset="5028742" timestamp="2010-06-19T23:27:42Z" user="damjang" uid="97922" lat="45.6584972" lon="13.8285880"/>
 <node id="424495266" visible="true" version="2" changeset="5028742" timestamp="2010-06-19T23:26:59Z" user="damjang" uid="97922" lat="45.6584695" lon="13.8285626"/>
 <node id="424495267" visible="true" version="2" changeset="5028742" timestamp="2010-06-19T23:27:30Z" user="damjang" uid="97922" lat="45.6584390" lon="13.8286137"/>
 <node id="424495268" visible="true" version="2" changeset="5028742" timestamp="2010-06-19T23:27:51Z" user="damjang" uid="97922" lat="45.6584027" lon="13.8285796"/>
 <node id="424495269" visible="true" version="2" changeset="5028742" timestamp="2010-06-19T23:27:12Z" user="damjang" uid="97922" lat="45.6583531" lon="13.8286880"/>
 <node id="424495270" visible="true" version="2" changeset="5028742" timestamp="2010-06-19T23:27:38Z" user="damjang" uid="97922" lat="45.6582953" lon="13.8286289"/>
 <node id="424495271" visible="true" version="2" changeset="5028742" timestamp="2010-06-19T23:26:57Z" user="damjang" uid="97922" lat="45.6582721" lon="13.8286827"/>
 <node id="424495272" visible="true" version="2" changeset="5028742" timestamp="2010-06-19T23:27:10Z" user="damjang" uid="97922" lat="45.6582958" lon="13.8287066"/>
 <node id="424495273" visible="true" version="2" changeset="5028742" timestamp="2010-06-19T23:27:36Z" user="damjang" uid="97922" lat="45.6582622" lon="13.8287816"/>
 <node id="424495274" visible="true" version="2" changeset="5028742" timestamp="2010-06-19T23:27:56Z" user="damjang" uid="97922" lat="45.6582504" lon="13.8287700"/>
 <node id="424495275" visible="true" version="2" changeset="5028742" timestamp="2010-06-19T23:27:21Z" user="damjang" uid="97922" lat="45.6582229" lon="13.8288312"/>
 <node id="424495276" visible="true" version="2" changeset="5028742" timestamp="2010-06-19T23:27:48Z" user="damjang" uid="97922" lat="45.6581881" lon="13.8287997"/>
 <node id="424495278" visible="true" version="2" changeset="5028742" timestamp="2010-06-19T23:27:33Z" user="damjang" uid="97922" lat="45.6581028" lon="13.8289970"/>
 <node id="424495279" visible="true" version="2" changeset="5028742" timestamp="2010-06-19T23:27:54Z" user="damjang" uid="97922" lat="45.6581391" lon="13.8290287"/>
 <node id="424495280" visible="true" version="2" changeset="5028742" timestamp="2010-06-19T23:27:33Z" user="damjang" uid="97922" lat="45.6581458" lon="13.8290144"/>
 <node id="424495281" visible="true" version="2" changeset="5028742" timestamp="2010-06-19T23:27:53Z" user="damjang" uid="97922" lat="45.6581516" lon="13.8290110"/>
 <node id="424495282" visible="true" version="2" changeset="5028742" timestamp="2010-06-19T23:27:13Z" user="damjang" uid="97922" lat="45.6581570" lon="13.8290073"/>
 <node id="424495283" visible="true" version="2" changeset="5028742" timestamp="2010-06-19T23:27:41Z" user="damjang" uid="97922" lat="45.6581640" lon="13.8290051"/>
 <node id="424495284" visible="true" version="2" changeset="5028742" timestamp="2010-06-19T23:26:59Z" user="damjang" uid="97922" lat="45.6581712" lon="13.8290067"/>
 <node id="424495285" visible="true" version="2" changeset="5028742" timestamp="2010-06-19T23:27:29Z" user="damjang" uid="97922" lat="45.6581796" lon="13.8290116"/>
 <node id="424495286" visible="true" version="2" changeset="5028742" timestamp="2010-06-19T23:27:49Z" user="damjang" uid="97922" lat="45.6581862" lon="13.8290184"/>
 <node id="424495287" visible="true" version="2" changeset="5028742" timestamp="2010-06-19T23:27:11Z" user="damjang" uid="97922" lat="45.6581919" lon="13.8290250"/>
 <node id="424495288" visible="true" version="2" changeset="5028742" timestamp="2010-06-19T23:27:27Z" user="damjang" uid="97922" lat="45.6581968" lon="13.8290356"/>
 <node id="424495289" visible="true" version="2" changeset="5028742" timestamp="2010-06-19T23:27:48Z" user="damjang" uid="97922" lat="45.6581988" lon="13.8290473"/>
 <node id="424495290" visible="true" version="2" changeset="5028742" timestamp="2010-06-19T23:27:06Z" user="damjang" uid="97922" lat="45.6581987" lon="13.8290657"/>
 <node id="424495291" visible="true" version="2" changeset="5028742" timestamp="2010-06-19T23:27:35Z" user="damjang" uid="97922" lat="45.6581936" lon="13.8290770"/>
 <node id="424495292" visible="true" version="2" changeset="5028742" timestamp="2010-06-19T23:27:55Z" user="damjang" uid="97922" lat="45.6582041" lon="13.8290853"/>
 <node id="424495293" visible="true" version="1" changeset="1559258" timestamp="2009-06-18T23:09:11Z" user="simone" uid="137" lat="45.6582089" lon="13.8290736"/>
 <node id="424495294" visible="true" version="2" changeset="5028742" timestamp="2010-06-19T23:27:46Z" user="damjang" uid="97922" lat="45.6582151" lon="13.8290596"/>
 <node id="424495295" visible="true" version="2" changeset="5028742" timestamp="2010-06-19T23:27:03Z" user="damjang" uid="97922" lat="45.6582233" lon="13.8290432"/>
 <node id="424495296" visible="true" version="2" changeset="5028742" timestamp="2010-06-19T23:27:42Z" user="damjang" uid="97922" lat="45.6582335" lon="13.8290249"/>
 <node id="424495297" visible="true" version="2" changeset="5028742" timestamp="2010-06-19T23:27:00Z" user="damjang" uid="97922" lat="45.6582480" lon="13.8290082"/>
 <node id="424495298" visible="true" version="2" changeset="5028742" timestamp="2010-06-19T23:27:31Z" user="damjang" uid="97922" lat="45.6582685" lon="13.8289860"/>
 <node id="424495299" visible="true" version="2" changeset="5028742" timestamp="2010-06-19T23:27:51Z" user="damjang" uid="97922" lat="45.6582833" lon="13.8289346"/>
 <node id="424495300" visible="true" version="2" changeset="5028742" timestamp="2010-06-19T23:27:12Z" user="damjang" uid="97922" lat="45.6586139" lon="13.8291207"/>
 <node id="424495301" visible="true" version="2" changeset="5028742" timestamp="2010-06-19T23:27:38Z" user="damjang" uid="97922" lat="45.6586394" lon="13.8292559"/>
 <node id="424495302" visible="true" version="2" changeset="5028742" timestamp="2010-06-19T23:26:58Z" user="damjang" uid="97922" lat="45.6586560" lon="13.8292812"/>
 <node id="424495310" visible="true" version="2" changeset="5028742" timestamp="2010-06-19T23:27:54Z" user="damjang" uid="97922" lat="45.6587024" lon="13.8293027"/>
 <node id="424495311" visible="true" version="2" changeset="5028742" timestamp="2010-06-19T23:27:14Z" user="damjang" uid="97922" lat="45.6586255" lon="13.8294536"/>
 <node id="424495312" visible="true" version="2" changeset="5028742" timestamp="2010-06-19T23:27:53Z" user="damjang" uid="97922" lat="45.6573928" lon="13.8285885"/>
 <node id="424495313" visible="true" version="2" changeset="5028742" timestamp="2010-06-19T23:27:14Z" user="damjang" uid="97922" lat="45.6571853" lon="13.8286733"/>
 <node id="424495314" visible="true" version="2" changeset="5028742" timestamp="2010-06-19T23:27:41Z" user="damjang" uid="97922" lat="45.6570433" lon="13.8287636"/>
 <node id="424495316" visible="true" version="2" changeset="5028742" timestamp="2010-06-19T23:27:29Z" user="damjang" uid="97922" lat="45.6570271" lon="13.8287171"/>
 <node id="424495317" visible="true" version="2" changeset="5028742" timestamp="2010-06-19T23:27:49Z" user="damjang" uid="97922" lat="45.6570393" lon="13.8286878"/>
 <node id="424495318" visible="true" version="2" changeset="5028742" timestamp="2010-06-19T23:27:11Z" user="damjang" uid="97922" lat="45.6570448" lon="13.8286675"/>
 <node id="424495319" visible="true" version="2" changeset="5028742" timestamp="2010-06-19T23:27:36Z" user="damjang" uid="97922" lat="45.6570479" lon="13.8286472"/>
 <node id="424495320" visible="true" version="2" changeset="5028742" timestamp="2010-06-19T23:27:49Z" user="damjang" uid="97922" lat="45.6570485" lon="13.8286210"/>
 <node id="424495321" visible="true" version="2" changeset="5028742" timestamp="2010-06-19T23:27:07Z" user="damjang" uid="97922" lat="45.6570466" lon="13.8285935"/>
 <node id="424495322" visible="true" version="2" changeset="5028742" timestamp="2010-06-19T23:27:35Z" user="damjang" uid="97922" lat="45.6570423" lon="13.8285731"/>
 <node id="424495323" visible="true" version="2" changeset="5028742" timestamp="2010-06-19T23:27:55Z" user="damjang" uid="97922" lat="45.6570323" lon="13.8285417"/>
 <node id="424495324" visible="true" version="2" changeset="5028742" timestamp="2010-06-19T23:27:16Z" user="damjang" uid="97922" lat="45.6570200" lon="13.8285201"/>
 <node id="424495325" visible="true" version="2" changeset="5028742" timestamp="2010-06-19T23:27:46Z" user="damjang" uid="97922" lat="45.6569993" lon="13.8284913"/>
 <node id="424495326" visible="true" version="2" changeset="5028742" timestamp="2010-06-19T23:27:04Z" user="damjang" uid="97922" lat="45.6569843" lon="13.8284631"/>
 <node id="424495327" visible="true" version="2" changeset="5028742" timestamp="2010-06-19T23:27:33Z" user="damjang" uid="97922" lat="45.6569772" lon="13.8284358"/>
 <node id="424495328" visible="true" version="2" changeset="5028742" timestamp="2010-06-19T23:27:00Z" user="damjang" uid="97922" lat="45.6569792" lon="13.8283567"/>
 <node id="424495329" visible="true" version="2" changeset="5028742" timestamp="2010-06-19T23:27:31Z" user="damjang" uid="97922" lat="45.6570028" lon="13.8283049"/>
 <node id="424495330" visible="true" version="2" changeset="5028742" timestamp="2010-06-19T23:27:51Z" user="damjang" uid="97922" lat="45.6570860" lon="13.8282820"/>
 <node id="424495331" visible="true" version="2" changeset="5028742" timestamp="2010-06-19T23:27:12Z" user="damjang" uid="97922" lat="45.6570870" lon="13.8282448"/>
 <node id="424495332" visible="true" version="2" changeset="5028742" timestamp="2010-06-19T23:27:38Z" user="damjang" uid="97922" lat="45.6572779" lon="13.8281427"/>
 <node id="424495333" visible="true" version="1" changeset="1559258" timestamp="2009-06-18T23:09:12Z" user="simone" uid="137" lat="45.6585239" lon="13.8280125"/>
 <node id="424495337" visible="true" version="2" changeset="5028742" timestamp="2010-06-19T23:27:22Z" user="damjang" uid="97922" lat="45.6583722" lon="13.8280332"/>
 <node id="424495339" visible="true" version="2" changeset="5028742" timestamp="2010-06-19T23:27:05Z" user="damjang" uid="97922" lat="45.6583566" lon="13.8280715"/>
 <node id="424495340" visible="true" version="2" changeset="5028742" timestamp="2010-06-19T23:27:34Z" user="damjang" uid="97922" lat="45.6583828" lon="13.8280954"/>
 <node id="424495341" visible="true" version="2" changeset="5028742" timestamp="2010-06-19T23:27:54Z" user="damjang" uid="97922" lat="45.6583066" lon="13.8281781"/>
 <node id="424495342" visible="true" version="2" changeset="5028742" timestamp="2010-06-19T23:27:14Z" user="damjang" uid="97922" lat="45.6579185" lon="13.8278039"/>
 <node id="424495343" visible="true" version="2" changeset="5028742" timestamp="2010-06-19T23:27:42Z" user="damjang" uid="97922" lat="45.6579449" lon="13.8277464"/>
 <node id="424495344" visible="true" version="2" changeset="5028742" timestamp="2010-06-19T23:27:14Z" user="damjang" uid="97922" lat="45.6579724" lon="13.8277353"/>
 <node id="424495345" visible="true" version="2" changeset="5028742" timestamp="2010-06-19T23:27:41Z" user="damjang" uid="97922" lat="45.6580214" lon="13.8277206"/>
 <node id="424495346" visible="true" version="2" changeset="5028742" timestamp="2010-06-19T23:26:59Z" user="damjang" uid="97922" lat="45.6580648" lon="13.8277137"/>
 <node id="424495347" visible="true" version="2" changeset="5028742" timestamp="2010-06-19T23:27:30Z" user="damjang" uid="97922" lat="45.6581337" lon="13.8277786"/>
 <node id="424495348" visible="true" version="2" changeset="5028742" timestamp="2010-06-19T23:27:49Z" user="damjang" uid="97922" lat="45.6581414" lon="13.8277600"/>
 <node id="424495349" visible="true" version="2" changeset="5028742" timestamp="2010-06-19T23:27:11Z" user="damjang" uid="97922" lat="45.6581698" lon="13.8276789"/>
 <node id="424495350" visible="true" version="2" changeset="5028742" timestamp="2010-06-19T23:27:37Z" user="damjang" uid="97922" lat="45.6581921" lon="13.8276877"/>
 <node id="424495351" visible="true" version="1" changeset="1559258" timestamp="2009-06-18T23:09:12Z" user="simone" uid="137" lat="45.6582214" lon="13.8276992"/>
 <node id="424495352" visible="true" version="1" changeset="1559258" timestamp="2009-06-18T23:09:13Z" user="simone" uid="137" lat="45.6582657" lon="13.8277187"/>
 <node id="424495353" visible="true" version="1" changeset="1559258" timestamp="2009-06-18T23:09:13Z" user="simone" uid="137" lat="45.6583114" lon="13.8277483"/>
 <node id="424495354" visible="true" version="1" changeset="1559258" timestamp="2009-06-18T23:09:13Z" user="simone" uid="137" lat="45.6583447" lon="13.8277720"/>
 <node id="424495355" visible="true" version="1" changeset="1559258" timestamp="2009-06-18T23:09:13Z" user="simone" uid="137" lat="45.6583730" lon="13.8277974"/>
 <node id="424495356" visible="true" version="1" changeset="1559258" timestamp="2009-06-18T23:09:13Z" user="simone" uid="137" lat="45.6584053" lon="13.8278296"/>
 <node id="424495357" visible="true" version="1" changeset="1559258" timestamp="2009-06-18T23:09:13Z" user="simone" uid="137" lat="45.6584354" lon="13.8278648"/>
 <node id="424495358" visible="true" version="1" changeset="1559258" timestamp="2009-06-18T23:09:13Z" user="simone" uid="137" lat="45.6584577" lon="13.8278961"/>
 <node id="424495359" visible="true" version="1" changeset="1559258" timestamp="2009-06-18T23:09:13Z" user="simone" uid="137" lat="45.6584792" lon="13.8279290"/>
 <node id="424495360" visible="true" version="2" changeset="5028742" timestamp="2010-06-19T23:27:16Z" user="damjang" uid="97922" lat="45.6584996" lon="13.8279652"/>
 <node id="424495361" visible="true" version="1" changeset="1559258" timestamp="2009-06-18T23:09:13Z" user="simone" uid="137" lat="45.6600233" lon="13.8296190"/>
 <node id="424495362" visible="true" version="1" changeset="1559258" timestamp="2009-06-18T23:09:13Z" user="simone" uid="137" lat="45.6599874" lon="13.8296286"/>
 <node id="424495363" visible="true" version="1" changeset="1559258" timestamp="2009-06-18T23:09:13Z" user="simone" uid="137" lat="45.6599739" lon="13.8295348"/>
 <node id="424495364" visible="true" version="1" changeset="1559258" timestamp="2009-06-18T23:09:13Z" user="simone" uid="137" lat="45.6600105" lon="13.8295244"/>
 <node id="424950333" visible="true" version="2" changeset="5028742" timestamp="2010-06-19T23:27:49Z" user="damjang" uid="97922" lat="45.6584207" lon="13.8301632"/>
 <node id="424950334" visible="true" version="2" changeset="5028742" timestamp="2010-06-19T23:27:11Z" user="damjang" uid="97922" lat="45.6583973" lon="13.8302571"/>
 <node id="424950335" visible="true" version="2" changeset="5028742" timestamp="2010-06-19T23:27:36Z" user="damjang" uid="97922" lat="45.6583204" lon="13.8302197"/>
 <node id="424950336" visible="true" version="2" changeset="5028742" timestamp="2010-06-19T23:27:07Z" user="damjang" uid="97922" lat="45.6583428" lon="13.8301247"/>
 <node id="425070417" visible="true" version="1" changeset="1561692" timestamp="2009-06-19T07:56:04Z" user="simone" uid="137" lat="45.6561579" lon="13.8279095"/>
 <node id="425070418" visible="true" version="1" changeset="1561692" timestamp="2009-06-19T07:56:04Z" user="simone" uid="137" lat="45.6560937" lon="13.8279085"/>
 <node id="425070419" visible="true" version="1" changeset="1561692" timestamp="2009-06-19T07:56:05Z" user="simone" uid="137" lat="45.6560963" lon="13.8278235"/>
 <node id="425070420" visible="true" version="1" changeset="1561692" timestamp="2009-06-19T07:56:05Z" user="simone" uid="137" lat="45.6561573" lon="13.8278257"/>
 <node id="425070421" visible="true" version="1" changeset="1561692" timestamp="2009-06-19T07:56:05Z" user="simone" uid="137" lat="45.6562521" lon="13.8278315"/>
 <node id="425070422" visible="true" version="1" changeset="1561692" timestamp="2009-06-19T07:56:05Z" user="simone" uid="137" lat="45.6562725" lon="13.8278349"/>
 <node id="425070423" visible="true" version="1" changeset="1561692" timestamp="2009-06-19T07:56:05Z" user="simone" uid="137" lat="45.6562741" lon="13.8278171"/>
 <node id="425070424" visible="true" version="1" changeset="1561692" timestamp="2009-06-19T07:56:05Z" user="simone" uid="137" lat="45.6562984" lon="13.8278222"/>
 <node id="425070425" visible="true" version="1" changeset="1561692" timestamp="2009-06-19T07:56:05Z" user="simone" uid="137" lat="45.6562953" lon="13.8278419"/>
 <node id="425070426" visible="true" version="1" changeset="1561692" timestamp="2009-06-19T07:56:05Z" user="simone" uid="137" lat="45.6563293" lon="13.8278488"/>
 <node id="425070427" visible="true" version="1" changeset="1561692" timestamp="2009-06-19T07:56:05Z" user="simone" uid="137" lat="45.6563237" lon="13.8278752"/>
 <node id="425070428" visible="true" version="1" changeset="1561692" timestamp="2009-06-19T07:56:05Z" user="simone" uid="137" lat="45.6563093" lon="13.8279265"/>
 <node id="425070429" visible="true" version="1" changeset="1561692" timestamp="2009-06-19T07:56:05Z" user="simone" uid="137" lat="45.6562436" lon="13.8279173"/>
 <node id="425070430" visible="true" version="1" changeset="1561692" timestamp="2009-06-19T07:56:05Z" user="simone" uid="137" lat="45.6562490" lon="13.8278571"/>
 <node id="425072404" visible="true" version="1" changeset="1561707" timestamp="2009-06-19T07:58:24Z" user="simone" uid="137" lat="45.6594487" lon="13.8306126"/>
 <node id="425072405" visible="true" version="1" changeset="1561707" timestamp="2009-06-19T07:58:24Z" user="simone" uid="137" lat="45.6594071" lon="13.8306458"/>
 <node id="425072406" visible="true" version="1" changeset="1561707" timestamp="2009-06-19T07:58:24Z" user="simone" uid="137" lat="45.6593704" lon="13.8305449"/>
 <node id="425072407" visible="true" version="1" changeset="1561707" timestamp="2009-06-19T07:58:24Z" user="simone" uid="137" lat="45.6594142" lon="13.8305121"/>
 <node id="430335863" visible="true" version="4" changeset="51855798" timestamp="2017-09-08T18:13:10Z" user="KarmaCleaner" uid="6604853" lat="45.6584422" lon="13.8309195"/>
 <node id="430335866" visible="true" version="4" changeset="98318905" timestamp="2021-01-28T20:30:09Z" user="damjang" uid="97922" lat="45.6570381" lon="13.8306682"/>
 <node id="430335867" visible="true" version="3" changeset="86760155" timestamp="2020-06-17T08:11:14Z" user="Badojo" uid="8189075" lat="45.6592257" lon="13.8301625"/>
 <node id="430335869" visible="true" version="3" changeset="86760155" timestamp="2020-06-17T08:11:14Z" user="Badojo" uid="8189075" lat="45.6591784" lon="13.8300615"/>
 <node id="430335871" visible="true" version="3" changeset="86760155" timestamp="2020-06-17T08:11:14Z" user="Badojo" uid="8189075" lat="45.6590995" lon="13.8300164"/>
 <node id="430335872" visible="true" version="3" changeset="86760155" timestamp="2020-06-17T08:11:14Z" user="Badojo" uid="8189075" lat="45.6590354" lon="13.8300300"/>
 <node id="430335874" visible="true" version="3" changeset="86760155" timestamp="2020-06-17T08:11:14Z" user="Badojo" uid="8189075" lat="45.6589956" lon="13.8300639"/>
 <node id="430335875" visible="true" version="3" changeset="86760155" timestamp="2020-06-17T08:11:14Z" user="Badojo" uid="8189075" lat="45.6589646" lon="13.8303261"/>
 <node id="430335877" visible="true" version="3" changeset="86760155" timestamp="2020-06-17T08:11:14Z" user="Badojo" uid="8189075" lat="45.6589942" lon="13.8303766"/>
 <node id="430335878" visible="true" version="3" changeset="86760155" timestamp="2020-06-17T08:11:14Z" user="Badojo" uid="8189075" lat="45.6590781" lon="13.8304261"/>
 <node id="430335880" visible="true" version="3" changeset="86760155" timestamp="2020-06-17T08:11:14Z" user="Badojo" uid="8189075" lat="45.6591660" lon="13.8303937"/>
 <node id="430335882" visible="true" version="3" changeset="86760155" timestamp="2020-06-17T08:11:14Z" user="Badojo" uid="8189075" lat="45.6592228" lon="13.8302923"/>
 <node id="430335887" visible="true" version="5" changeset="143935065" timestamp="2023-11-12T14:15:49Z" user="Badojo" uid="8189075" lat="45.6575074" lon="13.8304923"/>
 <node id="430335889" visible="true" version="3" changeset="143935065" timestamp="2023-11-12T14:15:49Z" user="Badojo" uid="8189075" lat="45.6573613" lon="13.8302386"/>
 <node id="430335891" visible="true" version="2" changeset="5028742" timestamp="2010-06-19T23:27:27Z" user="damjang" uid="97922" lat="45.6570764" lon="13.8298632"/>
 <node id="430335893" visible="true" version="2" changeset="5028742" timestamp="2010-06-19T23:27:05Z" user="damjang" uid="97922" lat="45.6569231" lon="13.8293343"/>
 <node id="430335895" visible="true" version="2" changeset="5028742" timestamp="2010-06-19T23:27:55Z" user="damjang" uid="97922" lat="45.6569175" lon="13.8290932"/>
 <node id="430335897" visible="true" version="2" changeset="5028742" timestamp="2010-06-19T23:27:33Z" user="damjang" uid="97922" lat="45.6569044" lon="13.8281279"/>
 <node id="430335899" visible="true" version="2" changeset="5028742" timestamp="2010-06-19T23:27:14Z" user="damjang" uid="97922" lat="45.6569556" lon="13.8278140"/>
 <node id="430335901" visible="true" version="2" changeset="5028742" timestamp="2010-06-19T23:26:59Z" user="damjang" uid="97922" lat="45.6570544" lon="13.8276308"/>
 <node id="430335903" visible="true" version="2" changeset="5028742" timestamp="2010-06-19T23:27:49Z" user="damjang" uid="97922" lat="45.6572362" lon="13.8274825"/>
 <node id="430335905" visible="true" version="2" changeset="5028742" timestamp="2010-06-19T23:27:49Z" user="damjang" uid="97922" lat="45.6574436" lon="13.8274527"/>
 <node id="430335907" visible="true" version="2" changeset="5028742" timestamp="2010-06-19T23:27:35Z" user="damjang" uid="97922" lat="45.6582466" lon="13.8274518"/>
 <node id="430335909" visible="true" version="5" changeset="144784953" timestamp="2023-12-05T09:53:28Z" user="darthravem" uid="2415747" lat="45.6584154" lon="13.8275458">
  <tag k="check_date:crossing" v="2023-08-01"/>
  <tag k="crossing" v="uncontrolled"/>
  <tag k="crossing_ref" v="zebra"/>
  <tag k="highway" v="crossing"/>
  <tag k="kerb" v="raised"/>
  <tag k="tactile_paving" v="no"/>
 </node>
 <node id="430335911" visible="true" version="2" changeset="5028742" timestamp="2010-06-19T23:27:05Z" user="damjang" uid="97922" lat="45.6585686" lon="13.8277108"/>
 <node id="430335913" visible="true" version="2" changeset="5028742" timestamp="2010-06-19T23:27:42Z" user="damjang" uid="97922" lat="45.6586935" lon="13.8279329"/>
 <node id="430335916" visible="true" version="2" changeset="5028742" timestamp="2010-06-19T23:27:52Z" user="damjang" uid="97922" lat="45.6587831" lon="13.8282617"/>
 <node id="430335917" visible="true" version="2" changeset="5028742" timestamp="2010-06-19T23:27:12Z" user="damjang" uid="97922" lat="45.6588973" lon="13.8290687"/>
 <node id="430335919" visible="true" version="2" changeset="5028742" timestamp="2010-06-19T23:26:58Z" user="damjang" uid="97922" lat="45.6590280" lon="13.8299885"/>
 <node id="430335921" visible="true" version="2" changeset="5028742" timestamp="2010-06-19T23:26:56Z" user="damjang" uid="97922" lat="45.6590832" lon="13.8299603"/>
 <node id="430335923" visible="true" version="2" changeset="5028742" timestamp="2010-06-19T23:27:48Z" user="damjang" uid="97922" lat="45.6589500" lon="13.8290508"/>
 <node id="430335925" visible="true" version="2" changeset="5028742" timestamp="2010-06-19T23:27:34Z" user="damjang" uid="97922" lat="45.6588361" lon="13.8282461"/>
 <node id="430335927" visible="true" version="2" changeset="5028742" timestamp="2010-06-19T23:27:15Z" user="damjang" uid="97922" lat="45.6587424" lon="13.8278979"/>
 <node id="430335928" visible="true" version="2" changeset="5028742" timestamp="2010-06-19T23:27:33Z" user="damjang" uid="97922" lat="45.6586067" lon="13.8276455"/>
 <node id="430335931" visible="true" version="2" changeset="5028742" timestamp="2010-06-19T23:27:41Z" user="damjang" uid="97922" lat="45.6582516" lon="13.8273669"/>
 <node id="430335933" visible="true" version="2" changeset="5028742" timestamp="2010-06-19T23:27:30Z" user="damjang" uid="97922" lat="45.6574414" lon="13.8273706"/>
 <node id="430335934" visible="true" version="2" changeset="5028742" timestamp="2010-06-19T23:27:51Z" user="damjang" uid="97922" lat="45.6572154" lon="13.8274042"/>
 <node id="430335936" visible="true" version="2" changeset="5028742" timestamp="2010-06-19T23:27:49Z" user="damjang" uid="97922" lat="45.6570205" lon="13.8275678"/>
 <node id="430335938" visible="true" version="2" changeset="5028742" timestamp="2010-06-19T23:27:35Z" user="damjang" uid="97922" lat="45.6569092" lon="13.8277825"/>
 <node id="430335939" visible="true" version="2" changeset="5028742" timestamp="2010-06-19T23:27:56Z" user="damjang" uid="97922" lat="45.6568563" lon="13.8280211"/>
 <node id="430335941" visible="true" version="2" changeset="5028742" timestamp="2010-06-19T23:27:48Z" user="damjang" uid="97922" lat="45.6568020" lon="13.8289510"/>
 <node id="430335944" visible="true" version="2" changeset="5028742" timestamp="2010-06-19T23:27:43Z" user="damjang" uid="97922" lat="45.6564651" lon="13.8291116"/>
 <node id="430335946" visible="true" version="2" changeset="5028742" timestamp="2010-06-19T23:27:31Z" user="damjang" uid="97922" lat="45.6567511" lon="13.8295180"/>
 <node id="430335948" visible="true" version="3" changeset="143935065" timestamp="2023-11-12T14:15:49Z" user="Badojo" uid="8189075" lat="45.6573281" lon="13.8302954"/>
 <node id="430335956" visible="true" version="2" changeset="5028742" timestamp="2010-06-19T23:27:34Z" user="damjang" uid="97922" lat="45.6588943" lon="13.8302462"/>
 <node id="430335958" visible="true" version="2" changeset="5028742" timestamp="2010-06-19T23:27:15Z" user="damjang" uid="97922" lat="45.6578733" lon="13.8305543"/>
 <node id="430335959" visible="true" version="4" changeset="143935065" timestamp="2023-11-12T14:15:49Z" user="Badojo" uid="8189075" lat="45.6578068" lon="13.8305697"/>
 <node id="430335961" visible="true" version="4" changeset="143935065" timestamp="2023-11-12T14:15:49Z" user="Badojo" uid="8189075" lat="45.6576907" lon="13.8305589"/>
 <node id="430335965" visible="true" version="2" changeset="5028742" timestamp="2010-06-19T23:27:51Z" user="damjang" uid="97922" lat="45.6578307" lon="13.8306426"/>
 <node id="430335968" visible="true" version="2" changeset="5028742" timestamp="2010-06-19T23:27:10Z" user="damjang" uid="97922" lat="45.6589032" lon="13.8303226"/>
 <node id="430335975" visible="true" version="2" changeset="5028742" timestamp="2010-06-19T23:27:54Z" user="damjang" uid="97922" lat="45.6563470" lon="13.8292832"/>
 <node id="430335976" visible="true" version="2" changeset="5028742" timestamp="2010-06-19T23:27:03Z" user="damjang" uid="97922" lat="45.6558149" lon="13.8285516"/>
 <node id="430335978" visible="true" version="2" changeset="5028742" timestamp="2010-06-19T23:27:53Z" user="damjang" uid="97922" lat="45.6557133" lon="13.8286962"/>
 <node id="430335980" visible="true" version="2" changeset="5028742" timestamp="2010-06-19T23:27:41Z" user="damjang" uid="97922" lat="45.6564535" lon="13.8297046"/>
 <node id="430335985" visible="true" version="2" changeset="5028742" timestamp="2010-06-19T23:27:48Z" user="damjang" uid="97922" lat="45.6558366" lon="13.8284550"/>
 <node id="430335986" visible="true" version="2" changeset="5028742" timestamp="2010-06-19T23:27:06Z" user="damjang" uid="97922" lat="45.6555708" lon="13.8286544"/>
 <node id="430335988" visible="true" version="2" changeset="5028742" timestamp="2010-06-19T23:27:55Z" user="damjang" uid="97922" lat="45.6564199" lon="13.8297883"/>
 <node id="430335990" visible="true" version="2" changeset="5028742" timestamp="2010-06-19T23:27:46Z" user="damjang" uid="97922" lat="45.6565856" lon="13.8294742"/>
 <node id="430335992" visible="true" version="3" changeset="121790527" timestamp="2022-06-01T03:23:12Z" user="EvanE" uid="184969" lat="45.6564111" lon="13.8292390"/>
 <node id="430335994" visible="true" version="2" changeset="5028742" timestamp="2010-06-19T23:26:59Z" user="damjang" uid="97922" lat="45.6563785" lon="13.8291948"/>
 <node id="593491447" visible="true" version="5" changeset="51855798" timestamp="2017-09-08T18:12:11Z" user="KarmaCleaner" uid="6604853" lat="45.6560482" lon="13.8303625"/>
 <node id="593491453" visible="true" version="5" changeset="51855798" timestamp="2017-09-08T18:12:09Z" user="KarmaCleaner" uid="6604853" lat="45.6562638" lon="13.8303973"/>
 <node id="593491459" visible="true" version="5" changeset="51855798" timestamp="2017-09-08T18:12:07Z" user="KarmaCleaner" uid="6604853" lat="45.6560698" lon="13.8302397"/>
 <node id="600790122" visible="true" version="2" changeset="113462521" timestamp="2021-11-06T21:55:58Z" user="damjang" uid="97922" lat="45.6514789" lon="13.8317035"/>
 <node id="600790123" visible="true" version="3" changeset="113462521" timestamp="2021-11-06T21:55:58Z" user="damjang" uid="97922" lat="45.6511729" lon="13.8316943"/>
 <node id="600790124" visible="true" version="3" changeset="118473309" timestamp="2022-03-14T14:52:39Z" user="Vaga Bond" uid="10229611" lat="45.6511122" lon="13.8316739"/>
 <node id="600790128" visible="true" version="1" changeset="3479813" timestamp="2009-12-29T11:46:13Z" user="MarcelloB" uid="71829" lat="45.6519934" lon="13.8316951"/>
 <node id="600790130" visible="true" version="1" changeset="3479813" timestamp="2009-12-29T11:46:13Z" user="MarcelloB" uid="71829" lat="45.6518131" lon="13.8317065"/>
 <node id="600790131" visible="true" version="1" changeset="3479813" timestamp="2009-12-29T11:46:13Z" user="MarcelloB" uid="71829" lat="45.6516982" lon="13.8317103"/>
 <node id="722178173" visible="true" version="3" changeset="111771455" timestamp="2021-09-27T14:17:52Z" user="alessandrocarmeli" uid="12294600" lat="45.6630592" lon="13.8061370"/>
 <node id="722178179" visible="true" version="2" changeset="9225780" timestamp="2011-09-06T10:02:28Z" user="Davide Prade" uid="12377" lat="45.6636922" lon="13.8065638"/>
 <node id="722178182" visible="true" version="2" changeset="9225780" timestamp="2011-09-06T10:02:28Z" user="Davide Prade" uid="12377" lat="45.6639263" lon="13.8059837"/>
 <node id="722178184" visible="true" version="2" changeset="9225780" timestamp="2011-09-06T10:02:28Z" user="Davide Prade" uid="12377" lat="45.6635331" lon="13.8066915"/>
 <node id="722178191" visible="true" version="2" changeset="9225780" timestamp="2011-09-06T10:02:28Z" user="Davide Prade" uid="12377" lat="45.6641546" lon="13.8058500"/>
 <node id="722178447" visible="true" version="2" changeset="9225780" timestamp="2011-09-06T10:02:29Z" user="Davide Prade" uid="12377" lat="45.6640472" lon="13.8059084"/>
 <node id="722178450" visible="true" version="2" changeset="9225780" timestamp="2011-09-06T10:02:29Z" user="Davide Prade" uid="12377" lat="45.6639040" lon="13.8062620"/>
 <node id="722178455" visible="true" version="2" changeset="9225780" timestamp="2011-09-06T10:02:29Z" user="Davide Prade" uid="12377" lat="45.6641984" lon="13.8061016"/>
 <node id="737227633" visible="true" version="1" changeset="4727186" timestamp="2010-05-17T09:50:10Z" user="Davide Prade" uid="12377" lat="45.6711816" lon="13.8213486"/>
 <node id="737227634" visible="true" version="1" changeset="4727186" timestamp="2010-05-17T09:50:10Z" user="Davide Prade" uid="12377" lat="45.6704144" lon="13.8221215"/>
 <node id="737227635" visible="true" version="1" changeset="4727186" timestamp="2010-05-17T09:50:11Z" user="Davide Prade" uid="12377" lat="45.6677648" lon="13.8242915"/>
 <node id="737227637" visible="true" version="2" changeset="139922502" timestamp="2023-08-15T15:53:59Z" user="the_real_shb" uid="19198184" lat="45.6665657" lon="13.8251453"/>
 <node id="737227638" visible="true" version="1" changeset="4727186" timestamp="2010-05-17T09:50:11Z" user="Davide Prade" uid="12377" lat="45.6636994" lon="13.8266721"/>
 <node id="737227640" visible="true" version="1" changeset="4727186" timestamp="2010-05-17T09:50:11Z" user="Davide Prade" uid="12377" lat="45.6632691" lon="13.8270832"/>
 <node id="737227641" visible="true" version="2" changeset="114309156" timestamp="2021-11-27T22:50:49Z" user="alessandrocarmeli" uid="12294600" lat="45.6714955" lon="13.8209618"/>
 <node id="737227642" visible="true" version="1" changeset="4727186" timestamp="2010-05-17T09:50:11Z" user="Davide Prade" uid="12377" lat="45.6713458" lon="13.8211803"/>
 <node id="737227643" visible="true" version="1" changeset="4727186" timestamp="2010-05-17T09:50:11Z" user="Davide Prade" uid="12377" lat="45.6696334" lon="13.8227657"/>
 <node id="737227645" visible="true" version="2" changeset="11363795" timestamp="2012-04-20T13:01:44Z" user="Davide Prade" uid="12377" lat="45.6672782" lon="13.8244533"/>
 <node id="737227646" visible="true" version="2" changeset="139922502" timestamp="2023-08-15T15:53:59Z" user="the_real_shb" uid="19198184" lat="45.6668450" lon="13.8245467"/>
 <node id="737227647" visible="true" version="1" changeset="4727186" timestamp="2010-05-17T09:50:11Z" user="Davide Prade" uid="12377" lat="45.6649496" lon="13.8262862"/>
 <node id="737227648" visible="true" version="1" changeset="4727186" timestamp="2010-05-17T09:50:11Z" user="Davide Prade" uid="12377" lat="45.6611905" lon="13.8287018"/>
 <node id="737227650" visible="true" version="2" changeset="5494099" timestamp="2010-08-14T20:03:00Z" user="Davide Prade" uid="12377" lat="45.6600265" lon="13.8296822"/>
 <node id="737227651" visible="true" version="1" changeset="4727186" timestamp="2010-05-17T09:50:11Z" user="Davide Prade" uid="12377" lat="45.6710746" lon="13.8214609"/>
 <node id="737227652" visible="true" version="1" changeset="4727186" timestamp="2010-05-17T09:50:11Z" user="Davide Prade" uid="12377" lat="45.6707429" lon="13.8218140"/>
 <node id="737227653" visible="true" version="1" changeset="4727186" timestamp="2010-05-17T09:50:11Z" user="Davide Prade" uid="12377" lat="45.6676496" lon="13.8243839"/>
 <node id="737227654" visible="true" version="1" changeset="4727186" timestamp="2010-05-17T09:50:11Z" user="Davide Prade" uid="12377" lat="45.6674233" lon="13.8244704"/>
 <node id="737227655" visible="true" version="1" changeset="4727186" timestamp="2010-05-17T09:50:11Z" user="Davide Prade" uid="12377" lat="45.6664776" lon="13.8252175"/>
 <node id="737227656" visible="true" version="3" changeset="118358607" timestamp="2022-03-11T10:59:00Z" user="Vaga Bond" uid="10229611" lat="45.6638800" lon="13.8264779"/>
 <node id="737227657" visible="true" version="2" changeset="5494099" timestamp="2010-08-14T20:03:03Z" user="Davide Prade" uid="12377" lat="45.6626274" lon="13.8275966"/>
 <node id="737227659" visible="true" version="1" changeset="4727186" timestamp="2010-05-17T09:50:11Z" user="Davide Prade" uid="12377" lat="45.6712682" lon="13.8212750"/>
 <node id="737227660" visible="true" version="1" changeset="4727186" timestamp="2010-05-17T09:50:11Z" user="Davide Prade" uid="12377" lat="45.6689397" lon="13.8233105"/>
 <node id="737227662" visible="true" version="3" changeset="139922502" timestamp="2023-08-15T15:53:59Z" user="the_real_shb" uid="19198184" lat="45.6670367" lon="13.8245683"/>
 <node id="737227663" visible="true" version="1" changeset="4727186" timestamp="2010-05-17T09:50:11Z" user="Davide Prade" uid="12377" lat="45.6648957" lon="13.8262043"/>
 <node id="737227664" visible="true" version="1" changeset="4727186" timestamp="2010-05-17T09:50:11Z" user="Davide Prade" uid="12377" lat="45.6646555" lon="13.8262300"/>
 <node id="737227665" visible="true" version="1" changeset="4727186" timestamp="2010-05-17T09:50:11Z" user="Davide Prade" uid="12377" lat="45.6598232" lon="13.8298035"/>
 <node id="737227666" visible="true" version="1" changeset="4727186" timestamp="2010-05-17T09:50:12Z" user="Davide Prade" uid="12377" lat="45.6706220" lon="13.8219438"/>
 <node id="737227667" visible="true" version="1" changeset="4727186" timestamp="2010-05-17T09:50:12Z" user="Davide Prade" uid="12377" lat="45.6681031" lon="13.8240273"/>
 <node id="737227668" visible="true" version="1" changeset="4727186" timestamp="2010-05-17T09:50:12Z" user="Davide Prade" uid="12377" lat="45.6673187" lon="13.8244353"/>
 <node id="737227669" visible="true" version="1" changeset="4727186" timestamp="2010-05-17T09:50:12Z" user="Davide Prade" uid="12377" lat="45.6659154" lon="13.8258197"/>
 <node id="737227670" visible="true" version="1" changeset="4727186" timestamp="2010-05-17T09:50:12Z" user="Davide Prade" uid="12377" lat="45.6639994" lon="13.8264018"/>
 <node id="737227671" visible="true" version="1" changeset="4727186" timestamp="2010-05-17T09:50:12Z" user="Davide Prade" uid="12377" lat="45.6636100" lon="13.8267617"/>
 <node id="737227672" visible="true" version="2" changeset="114309156" timestamp="2021-11-27T22:50:49Z" user="alessandrocarmeli" uid="12294600" lat="45.6714306" lon="13.8210772"/>
 <node id="737227673" visible="true" version="1" changeset="4727186" timestamp="2010-05-17T09:50:12Z" user="Davide Prade" uid="12377" lat="45.6687894" lon="13.8234123"/>
 <node id="737227674" visible="true" version="1" changeset="4727186" timestamp="2010-05-17T09:50:12Z" user="Davide Prade" uid="12377" lat="45.6683776" lon="13.8238004"/>
 <node id="737227675" visible="true" version="2" changeset="5492621" timestamp="2010-08-14T17:12:16Z" user="Davide Prade" uid="12377" lat="45.6669724" lon="13.8245027"/>
 <node id="737227676" visible="true" version="1" changeset="4727186" timestamp="2010-05-17T09:50:12Z" user="Davide Prade" uid="12377" lat="45.6651711" lon="13.8262534"/>
 <node id="737227677" visible="true" version="1" changeset="4727186" timestamp="2010-05-17T09:50:12Z" user="Davide Prade" uid="12377" lat="45.6645754" lon="13.8262850"/>
 <node id="737227678" visible="true" version="1" changeset="4727186" timestamp="2010-05-17T09:50:12Z" user="Davide Prade" uid="12377" lat="45.6700084" lon="13.8224372"/>
 <node id="737227679" visible="true" version="1" changeset="4727186" timestamp="2010-05-17T09:50:12Z" user="Davide Prade" uid="12377" lat="45.6679217" lon="13.8241617"/>
 <node id="737227680" visible="true" version="1" changeset="4727186" timestamp="2010-05-17T09:50:12Z" user="Davide Prade" uid="12377" lat="45.6675589" lon="13.8244482"/>
 <node id="737227681" visible="true" version="1" changeset="4727186" timestamp="2010-05-17T09:50:12Z" user="Davide Prade" uid="12377" lat="45.6658247" lon="13.8259190"/>
 <node id="737227682" visible="true" version="1" changeset="4727186" timestamp="2010-05-17T09:50:12Z" user="Davide Prade" uid="12377" lat="45.6653868" lon="13.8261926"/>
 <node id="737227684" visible="true" version="1" changeset="4727186" timestamp="2010-05-17T09:50:12Z" user="Davide Prade" uid="12377" lat="45.6634389" lon="13.8269224"/>
 <node id="737227685" visible="true" version="1" changeset="4727186" timestamp="2010-05-17T09:50:12Z" user="Davide Prade" uid="12377" lat="45.6691652" lon="13.8231363"/>
 <node id="737227686" visible="true" version="1" changeset="4727186" timestamp="2010-05-17T09:50:12Z" user="Davide Prade" uid="12377" lat="45.6682240" lon="13.8239314"/>
 <node id="737227687" visible="true" version="3" changeset="139922502" timestamp="2023-08-15T15:53:59Z" user="the_real_shb" uid="19198184" lat="45.6667434" lon="13.8248306">
  <tag k="access" v="no"/>
  <tag k="barrier" v="hampshire_gate"/>
 </node>
 <node id="737227688" visible="true" version="1" changeset="4727186" timestamp="2010-05-17T09:50:12Z" user="Davide Prade" uid="12377" lat="45.6650526" lon="13.8262698"/>
 <node id="737227689" visible="true" version="1" changeset="4727186" timestamp="2010-05-17T09:50:12Z" user="Davide Prade" uid="12377" lat="45.6648328" lon="13.8261435"/>
 <node id="737227690" visible="true" version="1" changeset="4727186" timestamp="2010-05-17T09:50:12Z" user="Davide Prade" uid="12377" lat="45.6698858" lon="13.8225435"/>
 <node id="737227691" visible="true" version="1" changeset="4727186" timestamp="2010-05-17T09:50:12Z" user="Davide Prade" uid="12377" lat="45.6695010" lon="13.8228686"/>
 <node id="737227692" visible="true" version="1" changeset="4727186" timestamp="2010-05-17T09:50:12Z" user="Davide Prade" uid="12377" lat="45.6674927" lon="13.8244774"/>
 <node id="737227693" visible="true" version="1" changeset="4727186" timestamp="2010-05-17T09:50:12Z" user="Davide Prade" uid="12377" lat="45.6661475" lon="13.8256302"/>
 <node id="737227694" visible="true" version="1" changeset="4727186" timestamp="2010-05-17T09:50:12Z" user="Davide Prade" uid="12377" lat="45.6652912" lon="13.8262417"/>
 <node id="737227695" visible="true" version="2" changeset="5494099" timestamp="2010-08-14T20:03:14Z" user="Davide Prade" uid="12377" lat="45.6606764" lon="13.8291400"/>
 <node id="737227697" visible="true" version="1" changeset="4727186" timestamp="2010-05-17T09:50:12Z" user="Davide Prade" uid="12377" lat="45.6709504" lon="13.8215778"/>
 <node id="737227698" visible="true" version="1" changeset="4727186" timestamp="2010-05-17T09:50:12Z" user="Davide Prade" uid="12377" lat="45.6690451" lon="13.8232427"/>
 <node id="737227699" visible="true" version="1" changeset="4727186" timestamp="2010-05-17T09:50:12Z" user="Davide Prade" uid="12377" lat="45.6686505" lon="13.8235397"/>
 <node id="737227700" visible="true" version="3" changeset="139922502" timestamp="2023-08-15T15:53:59Z" user="the_real_shb" uid="19198184" lat="45.6666323" lon="13.8249995"/>
 <node id="737227701" visible="true" version="1" changeset="4727186" timestamp="2010-05-17T09:50:12Z" user="Davide Prade" uid="12377" lat="45.6663869" lon="13.8253251"/>
 <node id="737227702" visible="true" version="1" changeset="4727186" timestamp="2010-05-17T09:50:12Z" user="Davide Prade" uid="12377" lat="45.6647421" lon="13.8261505"/>
 <node id="737227704" visible="true" version="3" changeset="86760155" timestamp="2020-06-17T08:11:14Z" user="Badojo" uid="8189075" lat="45.6592074" lon="13.8301069"/>
 <node id="737227705" visible="true" version="1" changeset="4727186" timestamp="2010-05-17T09:50:12Z" user="Davide Prade" uid="12377" lat="45.6703091" lon="13.8222080"/>
 <node id="737227706" visible="true" version="1" changeset="4727186" timestamp="2010-05-17T09:50:12Z" user="Davide Prade" uid="12377" lat="45.6693531" lon="13.8229820"/>
 <node id="737227707" visible="true" version="2" changeset="11363795" timestamp="2012-04-20T13:01:44Z" user="Davide Prade" uid="12377" lat="45.6671812" lon="13.8245265"/>
 <node id="737227708" visible="true" version="1" changeset="4727186" timestamp="2010-05-17T09:50:13Z" user="Davide Prade" uid="12377" lat="45.6660306" lon="13.8257214"/>
 <node id="737227709" visible="true" version="1" changeset="4727186" timestamp="2010-05-17T09:50:13Z" user="Davide Prade" uid="12377" lat="45.6656948" lon="13.8260067"/>
 <node id="737227710" visible="true" version="2" changeset="5494099" timestamp="2010-08-14T20:03:03Z" user="Davide Prade" uid="12377" lat="45.6602302" lon="13.8295123"/>
 <node id="737227712" visible="true" version="1" changeset="4727186" timestamp="2010-05-17T09:50:14Z" user="Davide Prade" uid="12377" lat="45.6596042" lon="13.8299356"/>
 <node id="737227713" visible="true" version="1" changeset="4727186" timestamp="2010-05-17T09:50:14Z" user="Davide Prade" uid="12377" lat="45.6708426" lon="13.8216959"/>
 <node id="737227714" visible="true" version="1" changeset="4727186" timestamp="2010-05-17T09:50:14Z" user="Davide Prade" uid="12377" lat="45.6705337" lon="13.8220244"/>
 <node id="737227715" visible="true" version="1" changeset="4727186" timestamp="2010-05-17T09:50:14Z" user="Davide Prade" uid="12377" lat="45.6685132" lon="13.8236683"/>
 <node id="737227716" visible="true" version="3" changeset="139922502" timestamp="2023-08-15T15:53:59Z" user="the_real_shb" uid="19198184" lat="45.6667882" lon="13.8247071"/>
 <node id="737227717" visible="true" version="1" changeset="4727186" timestamp="2010-05-17T09:50:14Z" user="Davide Prade" uid="12377" lat="45.6662774" lon="13.8254759"/>
 <node id="737227718" visible="true" version="1" changeset="4727186" timestamp="2010-05-17T09:50:14Z" user="Davide Prade" uid="12377" lat="45.6638245" lon="13.8265132"/>
 <node id="737227719" visible="true" version="2" changeset="114309156" timestamp="2021-11-27T22:50:49Z" user="alessandrocarmeli" uid="12294600" lat="45.6715763" lon="13.8208570"/>
 <node id="737227720" visible="true" version="1" changeset="4727186" timestamp="2010-05-17T09:50:14Z" user="Davide Prade" uid="12377" lat="45.6701301" lon="13.8223506"/>
 <node id="737227721" visible="true" version="1" changeset="4727186" timestamp="2010-05-17T09:50:14Z" user="Davide Prade" uid="12377" lat="45.6697641" lon="13.8226511"/>
 <node id="737227722" visible="true" version="2" changeset="11363795" timestamp="2012-04-20T13:01:44Z" user="Davide Prade" uid="12377" lat="45.6671002" lon="13.8245849"/>
 <node id="737227723" visible="true" version="3" changeset="139922502" timestamp="2023-08-15T15:53:59Z" user="the_real_shb" uid="19198184" lat="45.6668914" lon="13.8244659"/>
 <node id="737227725" visible="true" version="1" changeset="4727186" timestamp="2010-05-17T09:50:14Z" user="Davide Prade" uid="12377" lat="45.6655355" lon="13.8260968"/>
 <node id="737227726" visible="true" version="1" changeset="4727186" timestamp="2010-05-17T09:50:14Z" user="Davide Prade" uid="12377" lat="45.6618660" lon="13.8281629"/>
 <node id="737227727" visible="true" version="2" changeset="5028742" timestamp="2010-06-19T23:27:53Z" user="damjang" uid="97922" lat="45.6594189" lon="13.8300484"/>
 <node id="764053953" visible="true" version="1" changeset="4898867" timestamp="2010-06-04T08:09:38Z" user="Luca Dorigo" uid="75848" lat="45.6137722" lon="13.8316080">
  <tag k="power" v="tower"/>
 </node>
 <node id="772977120" visible="true" version="1" changeset="4991771" timestamp="2010-06-14T21:29:24Z" user="Luca Dorigo" uid="75848" lat="45.6348413" lon="13.8507306">
  <tag k="power" v="tower"/>
 </node>
 <node id="772977121" visible="true" version="1" changeset="4991771" timestamp="2010-06-14T21:29:25Z" user="Luca Dorigo" uid="75848" lat="45.6469173" lon="13.8341906">
  <tag k="power" v="tower"/>
 </node>
 <node id="772977122" visible="true" version="1" changeset="4991771" timestamp="2010-06-14T21:29:26Z" user="Luca Dorigo" uid="75848" lat="45.6480878" lon="13.8426987">
  <tag k="power" v="tower"/>
 </node>
 <node id="772977123" visible="true" version="2" changeset="173780090" timestamp="2025-10-26T05:53:42Z" user="dmilano" uid="12620565" lat="45.6362426" lon="13.8282636">
  <tag k="line_attachment" v="suspension"/>
  <tag k="power" v="tower"/>
 </node>
 <node id="772977125" visible="true" version="1" changeset="4991771" timestamp="2010-06-14T21:29:27Z" user="Luca Dorigo" uid="75848" lat="45.6470384" lon="13.8439629">
  <tag k="power" v="tower"/>
 </node>
 <node id="772977126" visible="true" version="1" changeset="4991771" timestamp="2010-06-14T21:29:28Z" user="Luca Dorigo" uid="75848" lat="45.6159537" lon="13.8390839">
  <tag k="power" v="tower"/>
 </node>
 <node id="772977127" visible="true" version="1" changeset="4991771" timestamp="2010-06-14T21:29:29Z" user="Luca Dorigo" uid="75848" lat="45.6573495" lon="13.8316658">
  <tag k="power" v="tower"/>
 </node>
 <node id="772977128" visible="true" version="1" changeset="4991771" timestamp="2010-06-14T21:29:29Z" user="Luca Dorigo" uid="75848" lat="45.6377409" lon="13.8235583">
  <tag k="power" v="tower"/>
 </node>
 <node id="772977131" visible="true" version="1" changeset="4991771" timestamp="2010-06-14T21:29:31Z" user="Luca Dorigo" uid="75848" lat="45.6234207" lon="13.8470842">
  <tag k="power" v="tower"/>
 </node>
 <node id="772977132" visible="true" version="1" changeset="4991771" timestamp="2010-06-14T21:29:31Z" user="Luca Dorigo" uid="75848" lat="45.6600345" lon="13.8276957">
  <tag k="power" v="tower"/>
 </node>
 <node id="772977133" visible="true" version="1" changeset="4991771" timestamp="2010-06-14T21:29:32Z" user="Luca Dorigo" uid="75848" lat="45.6402675" lon="13.8134346">
  <tag k="power" v="tower"/>
 </node>
 <node id="772977135" visible="true" version="1" changeset="4991771" timestamp="2010-06-14T21:29:33Z" user="Luca Dorigo" uid="75848" lat="45.6338118" lon="13.8513093">
  <tag k="power" v="tower"/>
 </node>
 <node id="772977137" visible="true" version="1" changeset="4991771" timestamp="2010-06-14T21:29:35Z" user="Luca Dorigo" uid="75848" lat="45.6557426" lon="13.8284866">
  <tag k="power" v="tower"/>
 </node>
 <node id="772977140" visible="true" version="1" changeset="4991771" timestamp="2010-06-14T21:29:36Z" user="Luca Dorigo" uid="75848" lat="45.6431926" lon="13.8359947">
  <tag k="power" v="tower"/>
 </node>
 <node id="772977142" visible="true" version="1" changeset="4991771" timestamp="2010-06-14T21:29:38Z" user="Luca Dorigo" uid="75848" lat="45.6414461" lon="13.8470462">
  <tag k="power" v="tower"/>
 </node>
 <node id="772977143" visible="true" version="1" changeset="4991771" timestamp="2010-06-14T21:29:38Z" user="Luca Dorigo" uid="75848" lat="45.6491097" lon="13.8330301">
  <tag k="power" v="tower"/>
 </node>
 <node id="772977145" visible="true" version="1" changeset="4991771" timestamp="2010-06-14T21:29:39Z" user="Luca Dorigo" uid="75848" lat="45.6531829" lon="13.8366312">
  <tag k="power" v="tower"/>
 </node>
 <node id="772977147" visible="true" version="2" changeset="161772136" timestamp="2025-01-26T08:56:01Z" user="dmilano" uid="12620565" lat="45.6364702" lon="13.8316523">
  <tag k="line_attachment" v="suspension"/>
  <tag k="power" v="tower"/>
 </node>
 <node id="772977148" visible="true" version="1" changeset="4991771" timestamp="2010-06-14T21:29:42Z" user="Luca Dorigo" uid="75848" lat="45.6133030" lon="13.8323445">
  <tag k="power" v="tower"/>
 </node>
 <node id="772977153" visible="true" version="2" changeset="160675817" timestamp="2024-12-27T13:45:22Z" user="darthravem" uid="2415747" lat="45.6448000" lon="13.8452032">
  <tag k="line_attachment" v="suspension"/>
  <tag k="power" v="tower"/>
 </node>
 <node id="772977521" visible="true" version="1" changeset="4991771" timestamp="2010-06-14T21:30:25Z" user="Luca Dorigo" uid="75848" lat="45.6223503" lon="13.8459392">
  <tag k="power" v="tower"/>
 </node>
 <node id="772977522" visible="true" version="1" changeset="4991771" timestamp="2010-06-14T21:30:26Z" user="Luca Dorigo" uid="75848" lat="45.6561355" lon="13.8331216">
  <tag k="power" v="tower"/>
 </node>
 <node id="772977523" visible="true" version="1" changeset="4991771" timestamp="2010-06-14T21:30:27Z" user="Luca Dorigo" uid="75848" lat="45.6400348" lon="13.8149101">
  <tag k="power" v="tower"/>
 </node>
 <node id="772977525" visible="true" version="1" changeset="4991771" timestamp="2010-06-14T21:30:29Z" user="Luca Dorigo" uid="75848" lat="45.6283201" lon="13.8498332">
  <tag k="power" v="tower"/>
 </node>
 <node id="772977527" visible="true" version="1" changeset="4991771" timestamp="2010-06-14T21:30:30Z" user="Luca Dorigo" uid="75848" lat="45.6626978" lon="13.8296410">
  <tag k="power" v="tower"/>
 </node>
 <node id="772977561" visible="true" version="1" changeset="4991771" timestamp="2010-06-14T21:30:43Z" user="Luca Dorigo" uid="75848" lat="45.6317701" lon="13.8512824">
  <tag k="power" v="tower"/>
 </node>
 <node id="772977570" visible="true" version="1" changeset="4991771" timestamp="2010-06-14T21:30:44Z" user="Luca Dorigo" uid="75848" lat="45.6495147" lon="13.8328147">
  <tag k="power" v="tower"/>
 </node>
 <node id="772977581" visible="true" version="2" changeset="161772136" timestamp="2025-01-26T08:55:53Z" user="dmilano" uid="12620565" lat="45.6367898" lon="13.8324089">
  <tag k="line_attachment" v="suspension"/>
  <tag k="power" v="tower"/>
 </node>
 <node id="772977614" visible="true" version="1" changeset="4991771" timestamp="2010-06-14T21:30:47Z" user="Luca Dorigo" uid="75848" lat="45.6390933" lon="13.8483622">
  <tag k="power" v="tower"/>
 </node>
 <node id="772977654" visible="true" version="1" changeset="4991771" timestamp="2010-06-14T21:30:50Z" user="Luca Dorigo" uid="75848" lat="45.6170325" lon="13.8402355">
  <tag k="power" v="tower"/>
 </node>
 <node id="772977656" visible="true" version="1" changeset="4991771" timestamp="2010-06-14T21:30:50Z" user="Luca Dorigo" uid="75848" lat="45.6513104" lon="13.8388816">
  <tag k="power" v="tower"/>
 </node>
 <node id="772977661" visible="true" version="1" changeset="4991771" timestamp="2010-06-14T21:30:51Z" user="Luca Dorigo" uid="75848" lat="45.6383825" lon="13.8222545">
  <tag k="power" v="tower"/>
 </node>
 <node id="772977663" visible="true" version="1" changeset="4991771" timestamp="2010-06-14T21:30:55Z" user="Luca Dorigo" uid="75848" lat="45.6201876" lon="13.8436203">
  <tag k="power" v="tower"/>
 </node>
 <node id="772977664" visible="true" version="1" changeset="4991771" timestamp="2010-06-14T21:30:55Z" user="Luca Dorigo" uid="75848" lat="45.6612704" lon="13.8287779">
  <tag k="power" v="tower"/>
 </node>
 <node id="772977665" visible="true" version="1" changeset="4991771" timestamp="2010-06-14T21:30:56Z" user="Luca Dorigo" uid="75848" lat="45.6395811" lon="13.8178774">
  <tag k="power" v="tower"/>
 </node>
 <node id="772977940" visible="true" version="1" changeset="4991771" timestamp="2010-06-14T21:31:29Z" user="Luca Dorigo" uid="75848" lat="45.6267668" lon="13.8491432">
  <tag k="power" v="tower"/>
 </node>
 <node id="772977941" visible="true" version="1" changeset="4991771" timestamp="2010-06-14T21:31:30Z" user="Luca Dorigo" uid="75848" lat="45.6546211" lon="13.8301246">
  <tag k="power" v="tower"/>
 </node>
 <node id="772977944" visible="true" version="1" changeset="4991771" timestamp="2010-06-14T21:31:33Z" user="Luca Dorigo" uid="75848" lat="45.6420087" lon="13.8364599">
  <tag k="power" v="tower"/>
 </node>
 <node id="772977945" visible="true" version="1" changeset="4991771" timestamp="2010-06-14T21:31:33Z" user="Luca Dorigo" uid="75848" lat="45.6379062" lon="13.8490253">
  <tag k="power" v="tower"/>
 </node>
 <node id="772977946" visible="true" version="2" changeset="160675817" timestamp="2024-12-27T13:19:36Z" user="darthravem" uid="2415747" lat="45.6506848" lon="13.8321954">
  <tag k="line_attachment" v="suspension"/>
  <tag k="power" v="tower"/>
 </node>
 <node id="772977953" visible="true" version="1" changeset="4991771" timestamp="2010-06-14T21:31:38Z" user="Luca Dorigo" uid="75848" lat="45.6502501" lon="13.8401271">
  <tag k="power" v="tower"/>
 </node>
 <node id="772977954" visible="true" version="2" changeset="161772136" timestamp="2025-01-26T08:56:38Z" user="dmilano" uid="12620565" lat="45.6377124" lon="13.8345636">
  <tag k="line_attachment" v="suspension"/>
  <tag k="power" v="tower"/>
 </node>
 <node id="772977974" visible="true" version="2" changeset="160675817" timestamp="2024-12-27T13:44:28Z" user="darthravem" uid="2415747" lat="45.6459214" lon="13.8445817">
  <tag k="line_attachment" v="suspension"/>
  <tag k="power" v="tower"/>
 </node>
 <node id="772977987" visible="true" version="1" changeset="4991771" timestamp="2010-06-14T21:31:41Z" user="Luca Dorigo" uid="75848" lat="45.6147898" lon="13.8378417">
  <tag k="power" v="tower"/>
 </node>
 <node id="772977989" visible="true" version="1" changeset="4991771" timestamp="2010-06-14T21:31:42Z" user="Luca Dorigo" uid="75848" lat="45.6567303" lon="13.8324083">
  <tag k="power" v="tower"/>
 </node>
 <node id="772977990" visible="true" version="1" changeset="4991771" timestamp="2010-06-14T21:31:43Z" user="Luca Dorigo" uid="75848" lat="45.6371477" lon="13.8248451">
  <tag k="power" v="tower"/>
 </node>
 <node id="772977991" visible="true" version="1" changeset="4991771" timestamp="2010-06-14T21:31:45Z" user="Luca Dorigo" uid="75848" lat="45.6138152" lon="13.8367896">
  <tag k="power" v="tower"/>
 </node>
 <node id="772978002" visible="true" version="1" changeset="4991771" timestamp="2010-06-14T21:31:57Z" user="Luca Dorigo" uid="75848" lat="45.6255184" lon="13.8485888">
  <tag k="power" v="tower"/>
 </node>
 <node id="772978003" visible="true" version="2" changeset="160900630" timestamp="2025-01-02T10:32:46Z" user="darthravem" uid="2415747" lat="45.6592743" lon="13.8293738">
  <tag k="line_attachment" v="suspension"/>
  <tag k="power" v="tower"/>
 </node>
 <node id="772978006" visible="true" version="1" changeset="4991771" timestamp="2010-06-14T21:31:59Z" user="Luca Dorigo" uid="75848" lat="45.6329565" lon="13.8517792">
  <tag k="power" v="tower"/>
 </node>
 <node id="772978008" visible="true" version="1" changeset="4991771" timestamp="2010-06-14T21:32:02Z" user="Luca Dorigo" uid="75848" lat="45.6569436" lon="13.8271294">
  <tag k="power" v="tower"/>
 </node>
 <node id="772978029" visible="true" version="1" changeset="4991771" timestamp="2010-06-14T21:32:04Z" user="Luca Dorigo" uid="75848" lat="45.6443638" lon="13.8355376">
  <tag k="power" v="tower"/>
 </node>
 <node id="772978048" visible="true" version="1" changeset="4991771" timestamp="2010-06-14T21:32:05Z" user="Luca Dorigo" uid="75848" lat="45.6359342" lon="13.8501256">
  <tag k="power" v="tower"/>
 </node>
 <node id="772978061" visible="true" version="1" changeset="4991771" timestamp="2010-06-14T21:32:05Z" user="Luca Dorigo" uid="75848" lat="45.6456254" lon="13.8348696">
  <tag k="power" v="tower"/>
 </node>
 <node id="772978065" visible="true" version="1" changeset="4991771" timestamp="2010-06-14T21:32:05Z" user="Luca Dorigo" uid="75848" lat="45.6491098" lon="13.8414939">
  <tag k="power" v="tower"/>
 </node>
 <node id="772978066" visible="true" version="1" changeset="4991771" timestamp="2010-06-14T21:32:06Z" user="Luca Dorigo" uid="75848" lat="45.6363977" lon="13.8264335">
  <tag k="power" v="tower"/>
 </node>
 <node id="772978068" visible="true" version="1" changeset="4991771" timestamp="2010-06-14T21:32:07Z" user="Luca Dorigo" uid="75848" lat="45.6436935" lon="13.8458144">
  <tag k="power" v="tower"/>
 </node>
 <node id="772978069" visible="true" version="2" changeset="55770109" timestamp="2018-01-26T12:32:48Z" user="Alessandro Sgambati" uid="38061" lat="45.6212782" lon="13.8447744">
  <tag k="dril" v="2018026"/>
  <tag k="name" v="40"/>
  <tag k="power" v="tower"/>
 </node>
 <node id="772978070" visible="true" version="1" changeset="4991771" timestamp="2010-06-14T21:32:07Z" user="Luca Dorigo" uid="75848" lat="45.6551713" lon="13.8342724">
  <tag k="power" v="tower"/>
 </node>
 <node id="772978071" visible="true" version="1" changeset="4991771" timestamp="2010-06-14T21:32:08Z" user="Luca Dorigo" uid="75848" lat="45.6398339" lon="13.8162174">
  <tag k="power" v="tower"/>
 </node>
 <node id="772978072" visible="true" version="1" changeset="4991771" timestamp="2010-06-14T21:32:08Z" user="Luca Dorigo" uid="75848" lat="45.6124910" lon="13.8336123">
  <tag k="power" v="tower"/>
 </node>
 <node id="772978075" visible="true" version="2" changeset="160900630" timestamp="2025-01-02T10:34:46Z" user="darthravem" uid="2415747" lat="45.6584637" lon="13.8268122">
  <tag k="line_attachment" v="suspension"/>
  <tag k="power" v="tower"/>
 </node>
 <node id="772978076" visible="true" version="1" changeset="4991771" timestamp="2010-06-14T21:32:10Z" user="Luca Dorigo" uid="75848" lat="45.6398187" lon="13.8106897">
  <tag k="power" v="tower"/>
 </node>
 <node id="772978078" visible="true" version="1" changeset="4991771" timestamp="2010-06-14T21:32:11Z" user="Luca Dorigo" uid="75848" lat="45.6306551" lon="13.8508148">
  <tag k="power" v="tower"/>
 </node>
 <node id="772978079" visible="true" version="2" changeset="160675817" timestamp="2024-12-27T13:22:18Z" user="darthravem" uid="2415747" lat="45.6502860" lon="13.8324065">
  <tag k="line_attachment" v="suspension"/>
  <tag k="power" v="tower"/>
 </node>
 <node id="772978081" visible="true" version="2" changeset="161772136" timestamp="2025-01-26T08:56:30Z" user="dmilano" uid="12620565" lat="45.6370090" lon="13.8329280">
  <tag k="line_attachment" v="suspension"/>
  <tag k="power" v="tower"/>
 </node>
 <node id="772978083" visible="true" version="1" changeset="4991771" timestamp="2010-06-14T21:32:14Z" user="Luca Dorigo" uid="75848" lat="45.6425677" lon="13.8464439">
  <tag k="power" v="tower"/>
 </node>
 <node id="772978084" visible="true" version="1" changeset="4991771" timestamp="2010-06-14T21:32:15Z" user="Luca Dorigo" uid="75848" lat="45.6482571" lon="13.8334836">
  <tag k="power" v="tower"/>
 </node>
 <node id="772978085" visible="true" version="1" changeset="4991771" timestamp="2010-06-14T21:32:15Z" user="Luca Dorigo" uid="75848" lat="45.6541773" lon="13.8354582">
  <tag k="power" v="tower"/>
 </node>
 <node id="772978086" visible="true" version="2" changeset="173780090" timestamp="2025-10-26T05:53:37Z" user="dmilano" uid="12620565" lat="45.6363570" lon="13.8300041">
  <tag k="line_attachment" v="suspension"/>
  <tag k="power" v="tower"/>
 </node>
 <node id="772978088" visible="true" version="1" changeset="4991771" timestamp="2010-06-14T21:32:16Z" user="Luca Dorigo" uid="75848" lat="45.6192298" lon="13.8425899">
  <tag k="power" v="tower"/>
 </node>
 <node id="772978089" visible="true" version="1" changeset="4991771" timestamp="2010-06-14T21:32:17Z" user="Luca Dorigo" uid="75848" lat="45.6602721" lon="13.8281760">
  <tag k="power" v="tower"/>
 </node>
 <node id="772978090" visible="true" version="1" changeset="4991771" timestamp="2010-06-14T21:32:17Z" user="Luca Dorigo" uid="75848" lat="45.6392925" lon="13.8197112">
  <tag k="power" v="tower"/>
 </node>
 <node id="772978134" visible="true" version="1" changeset="4991771" timestamp="2010-06-14T21:32:20Z" user="Luca Dorigo" uid="75848" lat="45.6295032" lon="13.8503289">
  <tag k="power" v="tower"/>
 </node>
 <node id="772978136" visible="true" version="1" changeset="4991771" timestamp="2010-06-14T21:32:21Z" user="Luca Dorigo" uid="75848" lat="45.6615398" lon="13.8285318">
  <tag k="power" v="tower"/>
 </node>
 <node id="772978139" visible="true" version="1" changeset="4991771" timestamp="2010-06-14T21:32:33Z" user="Luca Dorigo" uid="75848" lat="45.6370021" lon="13.8495321">
  <tag k="power" v="tower"/>
 </node>
 <node id="772978140" visible="true" version="3" changeset="160675817" timestamp="2024-12-27T13:16:18Z" user="darthravem" uid="2415747" lat="45.6519488" lon="13.8315335">
  <tag k="line_attachment" v="suspension"/>
  <tag k="power" v="tower"/>
 </node>
 <node id="772978141" visible="true" version="1" changeset="4991771" timestamp="2010-06-14T21:32:34Z" user="Luca Dorigo" uid="75848" lat="45.6491697" lon="13.8414243">
  <tag k="power" v="tower"/>
 </node>
 <node id="772978144" visible="true" version="2" changeset="161772136" timestamp="2025-01-26T08:56:49Z" user="dmilano" uid="12620565" lat="45.6390844" lon="13.8342198">
  <tag k="line_attachment" v="suspension"/>
  <tag k="power" v="tower"/>
 </node>
 <node id="772978153" visible="true" version="1" changeset="4991771" timestamp="2010-06-14T21:32:36Z" user="Luca Dorigo" uid="75848" lat="45.6403081" lon="13.8476798">
  <tag k="power" v="tower"/>
 </node>
 <node id="772978164" visible="true" version="1" changeset="4991771" timestamp="2010-06-14T21:32:36Z" user="Luca Dorigo" uid="75848" lat="45.6181176" lon="13.8414078">
  <tag k="power" v="tower"/>
 </node>
 <node id="772978169" visible="true" version="1" changeset="4991771" timestamp="2010-06-14T21:32:37Z" user="Luca Dorigo" uid="75848" lat="45.6521782" lon="13.8378324">
  <tag k="power" v="tower"/>
 </node>
 <node id="772978170" visible="true" version="1" changeset="4991771" timestamp="2010-06-14T21:32:38Z" user="Luca Dorigo" uid="75848" lat="45.6387985" lon="13.8210869">
  <tag k="power" v="tower"/>
 </node>
 <node id="772978174" visible="true" version="1" changeset="4991771" timestamp="2010-06-14T21:32:38Z" user="Luca Dorigo" uid="75848" lat="45.6128031" lon="13.8357146">
  <tag k="power" v="tower"/>
 </node>
 <node id="772978183" visible="true" version="1" changeset="4991771" timestamp="2010-06-14T21:32:39Z" user="Luca Dorigo" uid="75848" lat="45.6243272" lon="13.8480526">
  <tag k="power" v="tower"/>
 </node>
 <node id="772978184" visible="true" version="2" changeset="160900630" timestamp="2025-01-02T10:32:52Z" user="darthravem" uid="2415747" lat="45.6586008" lon="13.8305533">
  <tag k="line_attachment" v="suspension"/>
  <tag k="power" v="tower"/>
 </node>
 <node id="772978185" visible="true" version="1" changeset="4991771" timestamp="2010-06-14T21:32:40Z" user="Luca Dorigo" uid="75848" lat="45.6395605" lon="13.8097596">
  <tag k="power" v="tower"/>
 </node>
 <node id="772978187" visible="true" version="1" changeset="4991771" timestamp="2010-06-14T21:32:40Z" user="Luca Dorigo" uid="75848" lat="45.6278494" lon="13.8496194">
  <tag k="power" v="tower"/>
 </node>
 <node id="772978188" visible="true" version="1" changeset="4991771" timestamp="2010-06-14T21:32:41Z" user="Luca Dorigo" uid="75848" lat="45.6531977" lon="13.8308741">
  <tag k="power" v="tower"/>
 </node>
 <node id="772978191" visible="true" version="2" changeset="161772136" timestamp="2025-01-26T09:00:18Z" user="dmilano" uid="12620565" lat="45.6401926" lon="13.8350710">
  <tag k="line_attachment" v="suspension"/>
  <tag k="power" v="tower"/>
 </node>
 <node id="777410578" visible="true" version="1" changeset="5028742" timestamp="2010-06-19T23:21:26Z" user="damjang" uid="97922" lat="45.6569632" lon="13.8275190"/>
 <node id="777410582" visible="true" version="1" changeset="5028742" timestamp="2010-06-19T23:21:26Z" user="damjang" uid="97922" lat="45.6576474" lon="13.8275480"/>
 <node id="777410584" visible="true" version="1" changeset="5028742" timestamp="2010-06-19T23:21:26Z" user="damjang" uid="97922" lat="45.6587984" lon="13.8288468"/>
 <node id="777410586" visible="true" version="1" changeset="5028742" timestamp="2010-06-19T23:21:26Z" user="damjang" uid="97922" lat="45.6590192" lon="13.8304627"/>
 <node id="777410588" visible="true" version="1" changeset="5028742" timestamp="2010-06-19T23:21:26Z" user="damjang" uid="97922" lat="45.6587994" lon="13.8297782"/>
 <node id="777410589" visible="true" version="2" changeset="86760155" timestamp="2020-06-17T08:11:14Z" user="Badojo" uid="8189075" lat="45.6590333" lon="13.8304111"/>
 <node id="777410591" visible="true" version="1" changeset="5028742" timestamp="2010-06-19T23:21:26Z" user="damjang" uid="97922" lat="45.6583661" lon="13.8276695"/>
 <node id="777410593" visible="true" version="1" changeset="5028742" timestamp="2010-06-19T23:21:26Z" user="damjang" uid="97922" lat="45.6588631" lon="13.8279736"/>
 <node id="777410594" visible="true" version="1" changeset="5028742" timestamp="2010-06-19T23:21:26Z" user="damjang" uid="97922" lat="45.6568882" lon="13.8280693"/>
 <node id="777410596" visible="true" version="1" changeset="5028742" timestamp="2010-06-19T23:21:26Z" user="damjang" uid="97922" lat="45.6581657" lon="13.8299322"/>
 <node id="777410598" visible="true" version="1" changeset="5028742" timestamp="2010-06-19T23:21:26Z" user="damjang" uid="97922" lat="45.6566286" lon="13.8290905"/>
 <node id="777410600" visible="true" version="1" changeset="5028742" timestamp="2010-06-19T23:21:26Z" user="damjang" uid="97922" lat="45.6587761" lon="13.8300814"/>
 <node id="777410601" visible="true" version="1" changeset="5028742" timestamp="2010-06-19T23:21:26Z" user="damjang" uid="97922" lat="45.6555365" lon="13.8279992"/>
 <node id="777410603" visible="true" version="1" changeset="5028742" timestamp="2010-06-19T23:21:26Z" user="damjang" uid="97922" lat="45.6574567" lon="13.8278719"/>
 <node id="777410605" visible="true" version="1" changeset="5028742" timestamp="2010-06-19T23:21:26Z" user="damjang" uid="97922" lat="45.6589943" lon="13.8300046"/>
 <node id="777410607" visible="true" version="1" changeset="5028742" timestamp="2010-06-19T23:21:26Z" user="damjang" uid="97922" lat="45.6586367" lon="13.8288066"/>
 <node id="777410608" visible="true" version="1" changeset="5028742" timestamp="2010-06-19T23:21:26Z" user="damjang" uid="97922" lat="45.6587169" lon="13.8304732"/>
 <node id="777410610" visible="true" version="1" changeset="5028742" timestamp="2010-06-19T23:21:26Z" user="damjang" uid="97922" lat="45.6569512" lon="13.8294647"/>
 <node id="777410617" visible="true" version="1" changeset="5028742" timestamp="2010-06-19T23:21:27Z" user="damjang" uid="97922" lat="45.6584639" lon="13.8282762"/>
 <node id="777410634" visible="true" version="1" changeset="5028742" timestamp="2010-06-19T23:21:27Z" user="damjang" uid="97922" lat="45.6565371" lon="13.8296131"/>
 <node id="777410636" visible="true" version="1" changeset="5028742" timestamp="2010-06-19T23:21:27Z" user="damjang" uid="97922" lat="45.6577045" lon="13.8305830"/>
 <node id="777410637" visible="true" version="1" changeset="5028742" timestamp="2010-06-19T23:21:27Z" user="damjang" uid="97922" lat="45.6576921" lon="13.8292468"/>
 <node id="777410641" visible="true" version="1" changeset="5028742" timestamp="2010-06-19T23:21:27Z" user="damjang" uid="97922" lat="45.6592973" lon="13.8301192"/>
 <node id="777410643" visible="true" version="1" changeset="5028742" timestamp="2010-06-19T23:21:27Z" user="damjang" uid="97922" lat="45.6572692" lon="13.8300478"/>
 <node id="777410644" visible="true" version="5" changeset="100988543" timestamp="2021-03-14T13:07:46Z" user="alessandrocarmeli" uid="12294600" lat="45.6563029" lon="13.8298746"/>
 <node id="777410646" visible="true" version="1" changeset="5028742" timestamp="2010-06-19T23:21:27Z" user="damjang" uid="97922" lat="45.6572521" lon="13.8290267"/>
 <node id="777410649" visible="true" version="1" changeset="5028742" timestamp="2010-06-19T23:21:28Z" user="damjang" uid="97922" lat="45.6569052" lon="13.8282638"/>
 <node id="777410651" visible="true" version="1" changeset="5028742" timestamp="2010-06-19T23:21:28Z" user="damjang" uid="97922" lat="45.6575584" lon="13.8303264"/>
 <node id="777410653" visible="true" version="1" changeset="5028742" timestamp="2010-06-19T23:21:28Z" user="damjang" uid="97922" lat="45.6553824" lon="13.8278427"/>
 <node id="777410655" visible="true" version="1" changeset="5028742" timestamp="2010-06-19T23:21:28Z" user="damjang" uid="97922" lat="45.6575305" lon="13.8296643"/>
 <node id="777410658" visible="true" version="1" changeset="5028742" timestamp="2010-06-19T23:21:28Z" user="damjang" uid="97922" lat="45.6588207" lon="13.8287152"/>
 <node id="777410660" visible="true" version="1" changeset="5028742" timestamp="2010-06-19T23:21:28Z" user="damjang" uid="97922" lat="45.6583138" lon="13.8300151"/>
 <node id="777410661" visible="true" version="1" changeset="5028742" timestamp="2010-06-19T23:21:28Z" user="damjang" uid="97922" lat="45.6583289" lon="13.8282068"/>
 <node id="777410663" visible="true" version="1" changeset="5028742" timestamp="2010-06-19T23:21:28Z" user="damjang" uid="97922" lat="45.6573069" lon="13.8292543"/>
 <node id="777410665" visible="true" version="1" changeset="5028742" timestamp="2010-06-19T23:21:28Z" user="damjang" uid="97922" lat="45.6587381" lon="13.8290238"/>
 <node id="777410667" visible="true" version="1" changeset="5028742" timestamp="2010-06-19T23:21:28Z" user="damjang" uid="97922" lat="45.6577311" lon="13.8279495"/>
 <node id="777410677" visible="true" version="1" changeset="5028742" timestamp="2010-06-19T23:21:29Z" user="damjang" uid="97922" lat="45.6561755" lon="13.8287841"/>
 <node id="777410680" visible="true" version="1" changeset="5028742" timestamp="2010-06-19T23:21:30Z" user="damjang" uid="97922" lat="45.6566508" lon="13.8295497"/>
 <node id="777410683" visible="true" version="1" changeset="5028742" timestamp="2010-06-19T23:21:30Z" user="damjang" uid="97922" lat="45.6570023" lon="13.8299298"/>
 <node id="777410685" visible="true" version="1" changeset="5028742" timestamp="2010-06-19T23:21:30Z" user="damjang" uid="97922" lat="45.6589092" lon="13.8302909"/>
 <node id="777410687" visible="true" version="1" changeset="5028742" timestamp="2010-06-19T23:21:31Z" user="damjang" uid="97922" lat="45.6577559" lon="13.8276222"/>
 <node id="777410689" visible="true" version="1" changeset="5028742" timestamp="2010-06-19T23:21:31Z" user="damjang" uid="97922" lat="45.6577321" lon="13.8276818"/>
 <node id="777410690" visible="true" version="1" changeset="5028742" timestamp="2010-06-19T23:21:31Z" user="damjang" uid="97922" lat="45.6578809" lon="13.8306326"/>
 <node id="777410692" visible="true" version="1" changeset="5028742" timestamp="2010-06-19T23:21:31Z" user="damjang" uid="97922" lat="45.6575992" lon="13.8286813"/>
 <node id="777410695" visible="true" version="1" changeset="5028742" timestamp="2010-06-19T23:21:31Z" user="damjang" uid="97922" lat="45.6570234" lon="13.8291352"/>
 <node id="777410697" visible="true" version="1" changeset="5028742" timestamp="2010-06-19T23:21:31Z" user="damjang" uid="97922" lat="45.6565606" lon="13.8295300"/>
 <node id="777410699" visible="true" version="1" changeset="5028742" timestamp="2010-06-19T23:21:31Z" user="damjang" uid="97922" lat="45.6569903" lon="13.8297477"/>
 <node id="777410701" visible="true" version="1" changeset="5028742" timestamp="2010-06-19T23:21:31Z" user="damjang" uid="97922" lat="45.6580012" lon="13.8301652"/>
 <node id="777410702" visible="true" version="1" changeset="5028742" timestamp="2010-06-19T23:21:31Z" user="damjang" uid="97922" lat="45.6556722" lon="13.8284901"/>
 <node id="777410704" visible="true" version="1" changeset="5028742" timestamp="2010-06-19T23:21:32Z" user="damjang" uid="97922" lat="45.6576636" lon="13.8293894"/>
 <node id="777410706" visible="true" version="1" changeset="5028742" timestamp="2010-06-19T23:21:32Z" user="damjang" uid="97922" lat="45.6580751" lon="13.8299236">
  <tag k="barrier" v="entrance"/>
 </node>
 <node id="777410708" visible="true" version="1" changeset="5028742" timestamp="2010-06-19T23:21:32Z" user="damjang" uid="97922" lat="45.6591612" lon="13.8301065"/>
 <node id="777410712" visible="true" version="4" changeset="98324325" timestamp="2021-01-28T23:30:36Z" user="damjang" uid="97922" lat="45.6562629" lon="13.8298359"/>
 <node id="777410724" visible="true" version="1" changeset="5028742" timestamp="2010-06-19T23:21:33Z" user="damjang" uid="97922" lat="45.6582328" lon="13.8299717"/>
 <node id="777410726" visible="true" version="1" changeset="5028742" timestamp="2010-06-19T23:21:33Z" user="damjang" uid="97922" lat="45.6576667" lon="13.8301570"/>
 <node id="777410728" visible="true" version="1" changeset="5028742" timestamp="2010-06-19T23:21:33Z" user="damjang" uid="97922" lat="45.6587890" lon="13.8296182"/>
 <node id="777410729" visible="true" version="1" changeset="5028742" timestamp="2010-06-19T23:21:33Z" user="damjang" uid="97922" lat="45.6566054" lon="13.8295512"/>
 <node id="777410731" visible="true" version="1" changeset="5028742" timestamp="2010-06-19T23:21:33Z" user="damjang" uid="97922" lat="45.6581293" lon="13.8299098"/>
 <node id="777410733" visible="true" version="1" changeset="5028742" timestamp="2010-06-19T23:21:33Z" user="damjang" uid="97922" lat="45.6558943" lon="13.8282994"/>
 <node id="777410735" visible="true" version="1" changeset="5028742" timestamp="2010-06-19T23:21:33Z" user="damjang" uid="97922" lat="45.6569579" lon="13.8292202"/>
 <node id="777410737" visible="true" version="1" changeset="5028742" timestamp="2010-06-19T23:21:33Z" user="damjang" uid="97922" lat="45.6580184" lon="13.8301740"/>
 <node id="777410739" visible="true" version="1" changeset="5028742" timestamp="2010-06-19T23:21:33Z" user="damjang" uid="97922" lat="45.6571862" lon="13.8300622"/>
 <node id="777410741" visible="true" version="1" changeset="5028742" timestamp="2010-06-19T23:21:33Z" user="damjang" uid="97922" lat="45.6589691" lon="13.8297488"/>
 <node id="777410743" visible="true" version="1" changeset="5028742" timestamp="2010-06-19T23:21:33Z" user="damjang" uid="97922" lat="45.6576744" lon="13.8302539"/>
 <node id="777410744" visible="true" version="1" changeset="5028742" timestamp="2010-06-19T23:21:33Z" user="damjang" uid="97922" lat="45.6574792" lon="13.8298862"/>
 <node id="777410746" visible="true" version="1" changeset="5028742" timestamp="2010-06-19T23:21:33Z" user="damjang" uid="97922" lat="45.6564987" lon="13.8291696"/>
 <node id="777410748" visible="true" version="2" changeset="5494099" timestamp="2010-08-14T20:03:11Z" user="Davide Prade" uid="12377" lat="45.6584466" lon="13.8271136"/>
 <node id="777410750" visible="true" version="1" changeset="5028742" timestamp="2010-06-19T23:21:33Z" user="damjang" uid="97922" lat="45.6581469" lon="13.8273999"/>
 <node id="777410752" visible="true" version="1" changeset="5028742" timestamp="2010-06-19T23:21:33Z" user="damjang" uid="97922" lat="45.6568032" lon="13.8279246"/>
 <node id="777410753" visible="true" version="1" changeset="5028742" timestamp="2010-06-19T23:21:33Z" user="damjang" uid="97922" lat="45.6535625" lon="13.8255358"/>
 <node id="777410756" visible="true" version="1" changeset="5028742" timestamp="2010-06-19T23:21:33Z" user="damjang" uid="97922" lat="45.6570654" lon="13.8282451"/>
 <node id="777410757" visible="true" version="1" changeset="5028742" timestamp="2010-06-19T23:21:33Z" user="damjang" uid="97922" lat="45.6588460" lon="13.8288457"/>
 <node id="777410759" visible="true" version="1" changeset="5028742" timestamp="2010-06-19T23:21:33Z" user="damjang" uid="97922" lat="45.6576559" lon="13.8306562"/>
 <node id="777410769" visible="true" version="1" changeset="5028742" timestamp="2010-06-19T23:21:34Z" user="damjang" uid="97922" lat="45.6587960" lon="13.8297614"/>
 <node id="777410773" visible="true" version="1" changeset="5028742" timestamp="2010-06-19T23:21:34Z" user="damjang" uid="97922" lat="45.6585921" lon="13.8278973"/>
 <node id="777410774" visible="true" version="1" changeset="5028742" timestamp="2010-06-19T23:21:34Z" user="damjang" uid="97922" lat="45.6581313" lon="13.8273012"/>
 <node id="777410776" visible="true" version="1" changeset="5028742" timestamp="2010-06-19T23:21:34Z" user="damjang" uid="97922" lat="45.6569916" lon="13.8276880"/>
 <node id="777410778" visible="true" version="1" changeset="5028742" timestamp="2010-06-19T23:21:34Z" user="damjang" uid="97922" lat="45.6581110" lon="13.8297079"/>
 <node id="777410780" visible="true" version="1" changeset="5028742" timestamp="2010-06-19T23:21:34Z" user="damjang" uid="97922" lat="45.6567638" lon="13.8294444"/>
 <node id="777410782" visible="true" version="1" changeset="5028742" timestamp="2010-06-19T23:21:34Z" user="damjang" uid="97922" lat="45.6583154" lon="13.8303917"/>
 <node id="777410783" visible="true" version="1" changeset="5028742" timestamp="2010-06-19T23:21:34Z" user="damjang" uid="97922" lat="45.6555379" lon="13.8280481"/>
 <node id="777410788" visible="true" version="1" changeset="5028742" timestamp="2010-06-19T23:21:34Z" user="damjang" uid="97922" lat="45.6588863" lon="13.8288450"/>
 <node id="777410792" visible="true" version="1" changeset="5028742" timestamp="2010-06-19T23:21:34Z" user="damjang" uid="97922" lat="45.6586906" lon="13.8304562"/>
 <node id="777410794" visible="true" version="1" changeset="5028742" timestamp="2010-06-19T23:21:34Z" user="damjang" uid="97922" lat="45.6569611" lon="13.8295345"/>
 <node id="777410795" visible="true" version="1" changeset="5028742" timestamp="2010-06-19T23:21:34Z" user="damjang" uid="97922" lat="45.6582284" lon="13.8283958"/>
 <node id="777410797" visible="true" version="2" changeset="98324325" timestamp="2021-01-28T23:30:36Z" user="damjang" uid="97922" lat="45.6560534" lon="13.8290081"/>
 <node id="777410799" visible="true" version="1" changeset="5028742" timestamp="2010-06-19T23:21:34Z" user="damjang" uid="97922" lat="45.6577384" lon="13.8297511"/>
 <node id="777410801" visible="true" version="1" changeset="5028742" timestamp="2010-06-19T23:21:34Z" user="damjang" uid="97922" lat="45.6569771" lon="13.8284644"/>
 <node id="777410803" visible="true" version="1" changeset="5028742" timestamp="2010-06-19T23:21:34Z" user="damjang" uid="97922" lat="45.6576173" lon="13.8277757"/>
 <node id="777410805" visible="true" version="1" changeset="5028742" timestamp="2010-06-19T23:21:34Z" user="damjang" uid="97922" lat="45.6573381" lon="13.8301791"/>
 <node id="777410817" visible="true" version="5" changeset="100988543" timestamp="2021-03-14T13:07:46Z" user="alessandrocarmeli" uid="12294600" lat="45.6563445" lon="13.8300149"/>
 <node id="777410818" visible="true" version="1" changeset="5028742" timestamp="2010-06-19T23:21:35Z" user="damjang" uid="97922" lat="45.6571871" lon="13.8290835"/>
 <node id="777410820" visible="true" version="1" changeset="5028742" timestamp="2010-06-19T23:21:35Z" user="damjang" uid="97922" lat="45.6580175" lon="13.8291491"/>
 <node id="777410822" visible="true" version="1" changeset="5028742" timestamp="2010-06-19T23:21:35Z" user="damjang" uid="97922" lat="45.6565791" lon="13.8292805"/>
 <node id="777410823" visible="true" version="1" changeset="5028742" timestamp="2010-06-19T23:21:35Z" user="damjang" uid="97922" lat="45.6556341" lon="13.8277970"/>
 <node id="777410825" visible="true" version="1" changeset="5028742" timestamp="2010-06-19T23:21:35Z" user="damjang" uid="97922" lat="45.6568748" lon="13.8281649"/>
 <node id="777410827" visible="true" version="1" changeset="5028742" timestamp="2010-06-19T23:21:35Z" user="damjang" uid="97922" lat="45.6588207" lon="13.8287513"/>
 <node id="777410829" visible="true" version="1" changeset="5028742" timestamp="2010-06-19T23:21:35Z" user="damjang" uid="97922" lat="45.6582377" lon="13.8286835"/>
 <node id="777410831" visible="true" version="1" changeset="5028742" timestamp="2010-06-19T23:21:35Z" user="damjang" uid="97922" lat="45.6584424" lon="13.8301186"/>
 <node id="777410832" visible="true" version="1" changeset="5028742" timestamp="2010-06-19T23:21:35Z" user="damjang" uid="97922" lat="45.6589810" lon="13.8296646"/>
 <node id="777410834" visible="true" version="1" changeset="5028742" timestamp="2010-06-19T23:21:35Z" user="damjang" uid="97922" lat="45.6586764" lon="13.8296691"/>
 <node id="777410836" visible="true" version="1" changeset="5028742" timestamp="2010-06-19T23:21:35Z" user="damjang" uid="97922" lat="45.6583644" lon="13.8288207"/>
 <node id="777410838" visible="true" version="1" changeset="5028742" timestamp="2010-06-19T23:21:35Z" user="damjang" uid="97922" lat="45.6584197" lon="13.8281864"/>
 <node id="777410839" visible="true" version="1" changeset="5028742" timestamp="2010-06-19T23:21:35Z" user="damjang" uid="97922" lat="45.6560732" lon="13.8285613"/>
 <node id="777410841" visible="true" version="1" changeset="5028742" timestamp="2010-06-19T23:21:35Z" user="damjang" uid="97922" lat="45.6573263" lon="13.8274307"/>
 <node id="777410853" visible="true" version="1" changeset="5028742" timestamp="2010-06-19T23:21:35Z" user="damjang" uid="97922" lat="45.6581494" lon="13.8298087"/>
 <node id="777410854" visible="true" version="1" changeset="5028742" timestamp="2010-06-19T23:21:35Z" user="damjang" uid="97922" lat="45.6578328" lon="13.8279332"/>
 <node id="777410859" visible="true" version="1" changeset="5028742" timestamp="2010-06-19T23:21:36Z" user="damjang" uid="97922" lat="45.6576837" lon="13.8277712"/>
 <node id="777410861" visible="true" version="1" changeset="5028742" timestamp="2010-06-19T23:21:36Z" user="damjang" uid="97922" lat="45.6579132" lon="13.8284231"/>
 <node id="777410862" visible="true" version="1" changeset="5028742" timestamp="2010-06-19T23:21:36Z" user="damjang" uid="97922" lat="45.6586857" lon="13.8277742"/>
 <node id="777410868" visible="true" version="1" changeset="5028742" timestamp="2010-06-19T23:21:36Z" user="damjang" uid="97922" lat="45.6577770" lon="13.8289841"/>
 <node id="777410869" visible="true" version="1" changeset="5028742" timestamp="2010-06-19T23:21:36Z" user="damjang" uid="97922" lat="45.6569407" lon="13.8290065"/>
 <node id="777410886" visible="true" version="1" changeset="5028742" timestamp="2010-06-19T23:21:36Z" user="damjang" uid="97922" lat="45.6578060" lon="13.8306156"/>
 <node id="777410889" visible="true" version="1" changeset="5028742" timestamp="2010-06-19T23:21:37Z" user="damjang" uid="97922" lat="45.6577825" lon="13.8292840"/>
 <node id="777410893" visible="true" version="1" changeset="5028742" timestamp="2010-06-19T23:21:37Z" user="damjang" uid="97922" lat="45.6590447" lon="13.8303679"/>
 <node id="777410899" visible="true" version="1" changeset="5028742" timestamp="2010-06-19T23:21:38Z" user="damjang" uid="97922" lat="45.6587979" lon="13.8301155"/>
 <node id="777410901" visible="true" version="1" changeset="5028742" timestamp="2010-06-19T23:21:38Z" user="damjang" uid="97922" lat="45.6571193" lon="13.8291386"/>
 <node id="777410902" visible="true" version="1" changeset="5028742" timestamp="2010-06-19T23:21:38Z" user="damjang" uid="97922" lat="45.6588418" lon="13.8296475"/>
 <node id="777410905" visible="true" version="1" changeset="5028742" timestamp="2010-06-19T23:21:38Z" user="damjang" uid="97922" lat="45.6558418" lon="13.8284433"/>
 <node id="777410907" visible="true" version="1" changeset="5028742" timestamp="2010-06-19T23:21:38Z" user="damjang" uid="97922" lat="45.6577959" lon="13.8302481"/>
 <node id="777410908" visible="true" version="1" changeset="5028742" timestamp="2010-06-19T23:21:38Z" user="damjang" uid="97922" lat="45.6556651" lon="13.8279997"/>
 <node id="777410910" visible="true" version="1" changeset="5028742" timestamp="2010-06-19T23:21:38Z" user="damjang" uid="97922" lat="45.6570026" lon="13.8292321"/>
 <node id="777410919" visible="true" version="1" changeset="5028742" timestamp="2010-06-19T23:21:39Z" user="damjang" uid="97922" lat="45.6578587" lon="13.8302581"/>
 <node id="777410921" visible="true" version="1" changeset="5028742" timestamp="2010-06-19T23:21:39Z" user="damjang" uid="97922" lat="45.6589016" lon="13.8296032"/>
 <node id="777410922" visible="true" version="1" changeset="5028742" timestamp="2010-06-19T23:21:39Z" user="damjang" uid="97922" lat="45.6570780" lon="13.8299109"/>
 <node id="777410924" visible="true" version="1" changeset="5028742" timestamp="2010-06-19T23:21:39Z" user="damjang" uid="97922" lat="45.6585262" lon="13.8278518"/>
 <node id="777410926" visible="true" version="1" changeset="5028742" timestamp="2010-06-19T23:21:39Z" user="damjang" uid="97922" lat="45.6571921" lon="13.8294955"/>
 <node id="777410928" visible="true" version="1" changeset="5028742" timestamp="2010-06-19T23:21:39Z" user="damjang" uid="97922" lat="45.6582828" lon="13.8288005"/>
 <node id="777410929" visible="true" version="1" changeset="5028742" timestamp="2010-06-19T23:21:39Z" user="damjang" uid="97922" lat="45.6574181" lon="13.8281923"/>
 <node id="777410931" visible="true" version="1" changeset="5028742" timestamp="2010-06-19T23:21:39Z" user="damjang" uid="97922" lat="45.6585581" lon="13.8282021"/>
 <node id="777410933" visible="true" version="1" changeset="5028742" timestamp="2010-06-19T23:21:39Z" user="damjang" uid="97922" lat="45.6569275" lon="13.8280382"/>
 <node id="777410937" visible="true" version="1" changeset="5028742" timestamp="2010-06-19T23:21:39Z" user="damjang" uid="97922" lat="45.6568901" lon="13.8289044"/>
 <node id="777410939" visible="true" version="1" changeset="5028742" timestamp="2010-06-19T23:21:39Z" user="damjang" uid="97922" lat="45.6589538" lon="13.8295971"/>
 <node id="777410941" visible="true" version="2" changeset="98323862" timestamp="2021-01-28T23:18:09Z" user="damjang" uid="97922" lat="45.6575694" lon="13.8306849"/>
 <node id="777410943" visible="true" version="1" changeset="5028742" timestamp="2010-06-19T23:21:39Z" user="damjang" uid="97922" lat="45.6580613" lon="13.8296398"/>
 <node id="777410945" visible="true" version="2" changeset="86760155" timestamp="2020-06-17T08:11:14Z" user="Badojo" uid="8189075" lat="45.6589453" lon="13.8302424"/>
 <node id="777410947" visible="true" version="1" changeset="5028742" timestamp="2010-06-19T23:21:39Z" user="damjang" uid="97922" lat="45.6578881" lon="13.8284887"/>
 <node id="777410948" visible="true" version="1" changeset="5028742" timestamp="2010-06-19T23:21:39Z" user="damjang" uid="97922" lat="45.6588720" lon="13.8287096"/>
 <node id="777410950" visible="true" version="1" changeset="5028742" timestamp="2010-06-19T23:21:39Z" user="damjang" uid="97922" lat="45.6570354" lon="13.8275927"/>
 <node id="777410952" visible="true" version="1" changeset="5028742" timestamp="2010-06-19T23:21:39Z" user="damjang" uid="97922" lat="45.6562555" lon="13.8288574"/>
 <node id="777410954" visible="true" version="1" changeset="5028742" timestamp="2010-06-19T23:21:39Z" user="damjang" uid="97922" lat="45.6567828" lon="13.8294504"/>
 <node id="777410972" visible="true" version="1" changeset="5028742" timestamp="2010-06-19T23:21:40Z" user="damjang" uid="97922" lat="45.6575842" lon="13.8304730"/>
 <node id="777410974" visible="true" version="1" changeset="5028742" timestamp="2010-06-19T23:21:40Z" user="damjang" uid="97922" lat="45.6556309" lon="13.8285870"/>
 <node id="777410976" visible="true" version="1" changeset="5028742" timestamp="2010-06-19T23:21:40Z" user="damjang" uid="97922" lat="45.6572355" lon="13.8297705"/>
 <node id="777410977" visible="true" version="1" changeset="5028742" timestamp="2010-06-19T23:21:40Z" user="damjang" uid="97922" lat="45.6572839" lon="13.8286457">
  <tag k="barrier" v="entrance"/>
 </node>
 <node id="777410979" visible="true" version="1" changeset="5028742" timestamp="2010-06-19T23:21:40Z" user="damjang" uid="97922" lat="45.6590253" lon="13.8297270"/>
 <node id="777410981" visible="true" version="1" changeset="5028742" timestamp="2010-06-19T23:21:40Z" user="damjang" uid="97922" lat="45.6569903" lon="13.8289738"/>
 <node id="777410983" visible="true" version="1" changeset="5028742" timestamp="2010-06-19T23:21:40Z" user="damjang" uid="97922" lat="45.6585370" lon="13.8305286"/>
 <node id="777410985" visible="true" version="1" changeset="5028742" timestamp="2010-06-19T23:21:40Z" user="damjang" uid="97922" lat="45.6570761" lon="13.8298174"/>
 <node id="777410986" visible="true" version="1" changeset="5028742" timestamp="2010-06-19T23:21:41Z" user="damjang" uid="97922" lat="45.6582177" lon="13.8284190"/>
 <node id="777410990" visible="true" version="1" changeset="5028742" timestamp="2010-06-19T23:21:41Z" user="damjang" uid="97922" lat="45.6580204" lon="13.8296451"/>
 <node id="777410992" visible="true" version="1" changeset="5028742" timestamp="2010-06-19T23:21:41Z" user="damjang" uid="97922" lat="45.6569972" lon="13.8286034"/>
 <node id="777410994" visible="true" version="1" changeset="5028742" timestamp="2010-06-19T23:21:41Z" user="damjang" uid="97922" lat="45.6576251" lon="13.8279612"/>
 <node id="777410996" visible="true" version="1" changeset="5028742" timestamp="2010-06-19T23:21:41Z" user="damjang" uid="97922" lat="45.6573102" lon="13.8302147"/>
 <node id="777410997" visible="true" version="1" changeset="5028742" timestamp="2010-06-19T23:21:41Z" user="damjang" uid="97922" lat="45.6584264" lon="13.8273774"/>
 <node id="777410999" visible="true" version="5" changeset="100988543" timestamp="2021-03-14T13:07:46Z" user="alessandrocarmeli" uid="12294600" lat="45.6563522" lon="13.8299877"/>
 <node id="777411001" visible="true" version="1" changeset="5028742" timestamp="2010-06-19T23:21:41Z" user="damjang" uid="97922" lat="45.6579303" lon="13.8279883"/>
 <node id="777411003" visible="true" version="1" changeset="5028742" timestamp="2010-06-19T23:21:41Z" user="damjang" uid="97922" lat="45.6579132" lon="13.8298594"/>
 <node id="777411004" visible="true" version="1" changeset="5028742" timestamp="2010-06-19T23:21:41Z" user="damjang" uid="97922" lat="45.6565782" lon="13.8291339"/>
 <node id="777411014" visible="true" version="1" changeset="5028742" timestamp="2010-06-19T23:21:41Z" user="damjang" uid="97922" lat="45.6570423" lon="13.8275081"/>
 <node id="777411015" visible="true" version="2" changeset="166126397" timestamp="2025-05-11T21:05:15Z" user="AlessioMela" uid="1726102" lat="45.6575964" lon="13.8277013">
  <tag k="description" v="Orologio azionato da mulino ad acqua"/>
  <tag k="historic" v="memorial"/>
  <tag k="memorial" v="statue"/>
  <tag k="name" v="Monumento del Tempo"/>
 </node>
 <node id="777411016" visible="true" version="1" changeset="5028742" timestamp="2010-06-19T23:21:41Z" user="damjang" uid="97922" lat="45.6586667" lon="13.8279174"/>
 <node id="777411017" visible="true" version="1" changeset="5028742" timestamp="2010-06-19T23:21:42Z" user="damjang" uid="97922" lat="45.6588802" lon="13.8302184"/>
 <node id="777411025" visible="true" version="1" changeset="5028742" timestamp="2010-06-19T23:21:42Z" user="damjang" uid="97922" lat="45.6572426" lon="13.8287354"/>
 <node id="777411027" visible="true" version="1" changeset="5028742" timestamp="2010-06-19T23:21:42Z" user="damjang" uid="97922" lat="45.6577898" lon="13.8292869"/>
 <node id="777411029" visible="true" version="1" changeset="5028742" timestamp="2010-06-19T23:21:42Z" user="damjang" uid="97922" lat="45.6587456" lon="13.8293168"/>
 <node id="777411031" visible="true" version="1" changeset="5028742" timestamp="2010-06-19T23:21:42Z" user="damjang" uid="97922" lat="45.6586424" lon="13.8282445"/>
 <node id="777411033" visible="true" version="1" changeset="5028742" timestamp="2010-06-19T23:21:42Z" user="damjang" uid="97922" lat="45.6579780" lon="13.8306307"/>
 <node id="777411035" visible="true" version="1" changeset="5028742" timestamp="2010-06-19T23:21:42Z" user="damjang" uid="97922" lat="45.6572888" lon="13.8274147"/>
 <node id="777411036" visible="true" version="1" changeset="5028742" timestamp="2010-06-19T23:21:42Z" user="damjang" uid="97922" lat="45.6579474" lon="13.8285283"/>
 <node id="777411038" visible="true" version="1" changeset="5028742" timestamp="2010-06-19T23:21:42Z" user="damjang" uid="97922" lat="45.6570160" lon="13.8299500"/>
 <node id="777411041" visible="true" version="1" changeset="5028742" timestamp="2010-06-19T23:21:42Z" user="damjang" uid="97922" lat="45.6581530" lon="13.8297790"/>
 <node id="777411043" visible="true" version="1" changeset="5028742" timestamp="2010-06-19T23:21:42Z" user="damjang" uid="97922" lat="45.6555541" lon="13.8280336"/>
 <node id="777411045" visible="true" version="1" changeset="5028742" timestamp="2010-06-19T23:21:42Z" user="damjang" uid="97922" lat="45.6577126" lon="13.8277087"/>
 <node id="777411047" visible="true" version="1" changeset="5028742" timestamp="2010-06-19T23:21:42Z" user="damjang" uid="97922" lat="45.6589747" lon="13.8297443"/>
 <node id="777411049" visible="true" version="1" changeset="5028742" timestamp="2010-06-19T23:21:42Z" user="damjang" uid="97922" lat="45.6587257" lon="13.8287562"/>
 <node id="777411051" visible="true" version="1" changeset="5028742" timestamp="2010-06-19T23:21:42Z" user="damjang" uid="97922" lat="45.6570449" lon="13.8303585"/>
 <node id="777411055" visible="true" version="1" changeset="5028742" timestamp="2010-06-19T23:21:42Z" user="damjang" uid="97922" lat="45.6577748" lon="13.8286902"/>
 <node id="777411070" visible="true" version="1" changeset="5028742" timestamp="2010-06-19T23:21:43Z" user="damjang" uid="97922" lat="45.6569347" lon="13.8289993"/>
 <node id="777411071" visible="true" version="1" changeset="5028742" timestamp="2010-06-19T23:21:43Z" user="damjang" uid="97922" lat="45.6575818" lon="13.8305567"/>
 <node id="777411074" visible="true" version="1" changeset="5028742" timestamp="2010-06-19T23:21:44Z" user="damjang" uid="97922" lat="45.6577554" lon="13.8291703"/>
 <node id="777411078" visible="true" version="1" changeset="5028742" timestamp="2010-06-19T23:21:44Z" user="damjang" uid="97922" lat="45.6569252" lon="13.8274916"/>
 <node id="777411082" visible="true" version="1" changeset="5028742" timestamp="2010-06-19T23:21:45Z" user="damjang" uid="97922" lat="45.6573743" lon="13.8282024"/>
 <node id="777411083" visible="true" version="1" changeset="5028742" timestamp="2010-06-19T23:21:45Z" user="damjang" uid="97922" lat="45.6584287" lon="13.8277720"/>
 <node id="777411085" visible="true" version="1" changeset="5028742" timestamp="2010-06-19T23:21:45Z" user="damjang" uid="97922" lat="45.6574762" lon="13.8292413"/>
 <node id="777411087" visible="true" version="1" changeset="5028742" timestamp="2010-06-19T23:21:45Z" user="damjang" uid="97922" lat="45.6588466" lon="13.8296321"/>
 <node id="777411089" visible="true" version="1" changeset="5028742" timestamp="2010-06-19T23:21:45Z" user="damjang" uid="97922" lat="45.6571739" lon="13.8275187"/>
 <node id="777411091" visible="true" version="1" changeset="5028742" timestamp="2010-06-19T23:21:45Z" user="damjang" uid="97922" lat="45.6577903" lon="13.8304204"/>
 <node id="777411092" visible="true" version="1" changeset="5028742" timestamp="2010-06-19T23:21:45Z" user="damjang" uid="97922" lat="45.6555596" lon="13.8278168"/>
 <node id="777411094" visible="true" version="1" changeset="5028742" timestamp="2010-06-19T23:21:45Z" user="damjang" uid="97922" lat="45.6577919" lon="13.8303809"/>
 <node id="777411098" visible="true" version="1" changeset="5028742" timestamp="2010-06-19T23:21:45Z" user="damjang" uid="97922" lat="45.6583783" lon="13.8276375"/>
 <node id="777411099" visible="true" version="1" changeset="5028742" timestamp="2010-06-19T23:21:45Z" user="damjang" uid="97922" lat="45.6571358" lon="13.8301502"/>
 <node id="777411101" visible="true" version="1" changeset="5028742" timestamp="2010-06-19T23:21:45Z" user="damjang" uid="97922" lat="45.6584720" lon="13.8277759"/>
 <node id="777411103" visible="true" version="1" changeset="5028742" timestamp="2010-06-19T23:21:45Z" user="damjang" uid="97922" lat="45.6572255" lon="13.8293760"/>
 <node id="777411104" visible="true" version="1" changeset="5028742" timestamp="2010-06-19T23:21:46Z" user="damjang" uid="97922" lat="45.6582993" lon="13.8288084"/>
 <node id="777411121" visible="true" version="1" changeset="5028742" timestamp="2010-06-19T23:21:46Z" user="damjang" uid="97922" lat="45.6576027" lon="13.8281086"/>
 <node id="777411123" visible="true" version="1" changeset="5028742" timestamp="2010-06-19T23:21:47Z" user="damjang" uid="97922" lat="45.6562405" lon="13.8288115"/>
 <node id="777411125" visible="true" version="1" changeset="5028742" timestamp="2010-06-19T23:21:47Z" user="damjang" uid="97922" lat="45.6574246" lon="13.8285781"/>
 <node id="777411128" visible="true" version="1" changeset="5028742" timestamp="2010-06-19T23:21:47Z" user="damjang" uid="97922" lat="45.6568408" lon="13.8289141"/>
 <node id="777411130" visible="true" version="1" changeset="5028742" timestamp="2010-06-19T23:21:47Z" user="damjang" uid="97922" lat="45.6578513" lon="13.8305874"/>
 <node id="777411132" visible="true" version="1" changeset="5028742" timestamp="2010-06-19T23:21:47Z" user="damjang" uid="97922" lat="45.6579469" lon="13.8276089"/>
 <node id="777411134" visible="true" version="1" changeset="5028742" timestamp="2010-06-19T23:21:47Z" user="damjang" uid="97922" lat="45.6584780" lon="13.8303193"/>
 <node id="777411135" visible="true" version="1" changeset="5028742" timestamp="2010-06-19T23:21:47Z" user="damjang" uid="97922" lat="45.6576244" lon="13.8306087"/>
 <node id="777411137" visible="true" version="1" changeset="5028742" timestamp="2010-06-19T23:21:47Z" user="damjang" uid="97922" lat="45.6575582" lon="13.8283614"/>
 <node id="777411140" visible="true" version="1" changeset="5028742" timestamp="2010-06-19T23:21:47Z" user="damjang" uid="97922" lat="45.6569025" lon="13.8278640"/>
 <node id="777411142" visible="true" version="1" changeset="5028742" timestamp="2010-06-19T23:21:47Z" user="damjang" uid="97922" lat="45.6565130" lon="13.8290510"/>
 <node id="777411144" visible="true" version="1" changeset="5028742" timestamp="2010-06-19T23:21:47Z" user="damjang" uid="97922" lat="45.6568875" lon="13.8291311"/>
 <node id="777411145" visible="true" version="1" changeset="5028742" timestamp="2010-06-19T23:21:47Z" user="damjang" uid="97922" lat="45.6576172" lon="13.8304931"/>
 <node id="777411147" visible="true" version="1" changeset="5028742" timestamp="2010-06-19T23:21:47Z" user="damjang" uid="97922" lat="45.6554936" lon="13.8279255"/>
 <node id="777411149" visible="true" version="1" changeset="5028742" timestamp="2010-06-19T23:21:47Z" user="damjang" uid="97922" lat="45.6573879" lon="13.8300083"/>
 <node id="777411151" visible="true" version="1" changeset="5028742" timestamp="2010-06-19T23:21:47Z" user="damjang" uid="97922" lat="45.6575858" lon="13.8279924"/>
 <node id="777411152" visible="true" version="1" changeset="5028742" timestamp="2010-06-19T23:21:47Z" user="damjang" uid="97922" lat="45.6590531" lon="13.8299709"/>
 <node id="777411154" visible="true" version="1" changeset="5028742" timestamp="2010-06-19T23:21:47Z" user="damjang" uid="97922" lat="45.6586114" lon="13.8275804"/>
 <node id="777411164" visible="true" version="3" changeset="98324325" timestamp="2021-01-28T23:30:36Z" user="damjang" uid="97922" lat="45.6563214" lon="13.8299602"/>
 <node id="777411165" visible="true" version="1" changeset="5028742" timestamp="2010-06-19T23:21:48Z" user="damjang" uid="97922" lat="45.6583657" lon="13.8305547"/>
 <node id="777411167" visible="true" version="1" changeset="5028742" timestamp="2010-06-19T23:21:48Z" user="damjang" uid="97922" lat="45.6575898" lon="13.8299471"/>
 <node id="777411169" visible="true" version="1" changeset="5028742" timestamp="2010-06-19T23:21:48Z" user="damjang" uid="97922" lat="45.6581230" lon="13.8283953"/>
 <node id="777411171" visible="true" version="1" changeset="5028742" timestamp="2010-06-19T23:21:48Z" user="damjang" uid="97922" lat="45.6564670" lon="13.8291857"/>
 <node id="777411173" visible="true" version="1" changeset="5028742" timestamp="2010-06-19T23:21:48Z" user="damjang" uid="97922" lat="45.6580006" lon="13.8297527"/>
 <node id="777411175" visible="true" version="1" changeset="5028742" timestamp="2010-06-19T23:21:48Z" user="damjang" uid="97922" lat="45.6559484" lon="13.8284131"/>
 <node id="777411176" visible="true" version="1" changeset="5028742" timestamp="2010-06-19T23:21:48Z" user="damjang" uid="97922" lat="45.6569986" lon="13.8292069"/>
 <node id="777411178" visible="true" version="1" changeset="5028742" timestamp="2010-06-19T23:21:48Z" user="damjang" uid="97922" lat="45.6578427" lon="13.8303046"/>
 <node id="777411180" visible="true" version="1" changeset="5028742" timestamp="2010-06-19T23:21:48Z" user="damjang" uid="97922" lat="45.6586282" lon="13.8272071"/>
 <node id="777411182" visible="true" version="1" changeset="5028742" timestamp="2010-06-19T23:21:48Z" user="damjang" uid="97922" lat="45.6572258" lon="13.8301349"/>
 <node id="777411184" visible="true" version="3" changeset="98324325" timestamp="2021-01-28T23:30:36Z" user="damjang" uid="97922" lat="45.6562782" lon="13.8299168"/>
 <node id="777411185" visible="true" version="1" changeset="5028742" timestamp="2010-06-19T23:21:48Z" user="damjang" uid="97922" lat="45.6575180" lon="13.8296045"/>
 <node id="777411187" visible="true" version="1" changeset="5028742" timestamp="2010-06-19T23:21:48Z" user="damjang" uid="97922" lat="45.6578003" lon="13.8280555"/>
 <node id="777411190" visible="true" version="1" changeset="5028742" timestamp="2010-06-19T23:21:48Z" user="damjang" uid="97922" lat="45.6575043" lon="13.8274206"/>
 <node id="777411191" visible="true" version="1" changeset="5028742" timestamp="2010-06-19T23:21:48Z" user="damjang" uid="97922" lat="45.6568715" lon="13.8276815"/>
 <node id="777411192" visible="true" version="1" changeset="5028742" timestamp="2010-06-19T23:21:48Z" user="damjang" uid="97922" lat="45.6531408" lon="13.8253605"/>
 <node id="777411193" visible="true" version="1" changeset="5028742" timestamp="2010-06-19T23:21:48Z" user="damjang" uid="97922" lat="45.6582578" lon="13.8274861"/>
 <node id="777411194" visible="true" version="1" changeset="5028742" timestamp="2010-06-19T23:21:48Z" user="damjang" uid="97922" lat="45.6589087" lon="13.8300692"/>
 <node id="777411208" visible="true" version="1" changeset="5028742" timestamp="2010-06-19T23:21:49Z" user="damjang" uid="97922" lat="45.6592641" lon="13.8301394"/>
 <node id="777411209" visible="true" version="1" changeset="5028742" timestamp="2010-06-19T23:21:51Z" user="damjang" uid="97922" lat="45.6580677" lon="13.8294479"/>
 <node id="777411211" visible="true" version="1" changeset="5028742" timestamp="2010-06-19T23:21:51Z" user="damjang" uid="97922" lat="45.6551884" lon="13.8298538"/>
 <node id="777411213" visible="true" version="1" changeset="5028742" timestamp="2010-06-19T23:21:51Z" user="damjang" uid="97922" lat="45.6586804" lon="13.8281231"/>
 <node id="777411215" visible="true" version="1" changeset="5028742" timestamp="2010-06-19T23:21:51Z" user="damjang" uid="97922" lat="45.6587539" lon="13.8277305"/>
 <node id="777411217" visible="true" version="1" changeset="5028742" timestamp="2010-06-19T23:21:51Z" user="damjang" uid="97922" lat="45.6569158" lon="13.8278818"/>
 <node id="777411218" visible="true" version="1" changeset="5028742" timestamp="2010-06-19T23:21:52Z" user="damjang" uid="97922" lat="45.6579012" lon="13.8277864"/>
 <node id="777411222" visible="true" version="1" changeset="5028742" timestamp="2010-06-19T23:21:52Z" user="damjang" uid="97922" lat="45.6588705" lon="13.8298436"/>
 <node id="777411224" visible="true" version="1" changeset="5028742" timestamp="2010-06-19T23:21:52Z" user="damjang" uid="97922" lat="45.6555578" lon="13.8279970"/>
 <node id="777411227" visible="true" version="1" changeset="5028742" timestamp="2010-06-19T23:21:52Z" user="damjang" uid="97922" lat="45.6589663" lon="13.8300035"/>
 <node id="777411229" visible="true" version="1" changeset="5028742" timestamp="2010-06-19T23:21:52Z" user="damjang" uid="97922" lat="45.6585028" lon="13.8286410"/>
 <node id="777411230" visible="true" version="1" changeset="5028742" timestamp="2010-06-19T23:21:52Z" user="damjang" uid="97922" lat="45.6588946" lon="13.8303781"/>
 <node id="777411232" visible="true" version="1" changeset="5028742" timestamp="2010-06-19T23:21:52Z" user="damjang" uid="97922" lat="45.6571707" lon="13.8293877"/>
 <node id="777411234" visible="true" version="1" changeset="5028742" timestamp="2010-06-19T23:21:52Z" user="damjang" uid="97922" lat="45.6583459" lon="13.8286769"/>
 <node id="777411236" visible="true" version="1" changeset="5028742" timestamp="2010-06-19T23:21:52Z" user="damjang" uid="97922" lat="45.6566315" lon="13.8296288"/>
 <node id="777411237" visible="true" version="1" changeset="5028742" timestamp="2010-06-19T23:21:52Z" user="damjang" uid="97922" lat="45.6575772" lon="13.8305526"/>
 <node id="777411239" visible="true" version="1" changeset="5028742" timestamp="2010-06-19T23:21:52Z" user="damjang" uid="97922" lat="45.6577875" lon="13.8292163"/>
 <node id="777411253" visible="true" version="1" changeset="5028742" timestamp="2010-06-19T23:21:53Z" user="damjang" uid="97922" lat="45.6573520" lon="13.8301680"/>
 <node id="777411258" visible="true" version="1" changeset="5028742" timestamp="2010-06-19T23:21:53Z" user="damjang" uid="97922" lat="45.6573640" lon="13.8287717"/>
 <node id="777411260" visible="true" version="1" changeset="5028742" timestamp="2010-06-19T23:21:53Z" user="damjang" uid="97922" lat="45.6575279" lon="13.8286134"/>
 <node id="777411262" visible="true" version="1" changeset="5028742" timestamp="2010-06-19T23:21:53Z" user="damjang" uid="97922" lat="45.6574042" lon="13.8302404"/>
 <node id="777411264" visible="true" version="1" changeset="5028742" timestamp="2010-06-19T23:21:53Z" user="damjang" uid="97922" lat="45.6571222" lon="13.8275584"/>
 <node id="777411266" visible="true" version="1" changeset="5028742" timestamp="2010-06-19T23:21:53Z" user="damjang" uid="97922" lat="45.6553991" lon="13.8277894"/>
 <node id="777411268" visible="true" version="1" changeset="5028742" timestamp="2010-06-19T23:21:53Z" user="damjang" uid="97922" lat="45.6570435" lon="13.8303331"/>
 <node id="777411272" visible="true" version="1" changeset="5028742" timestamp="2010-06-19T23:21:53Z" user="damjang" uid="97922" lat="45.6587905" lon="13.8287592"/>
 <node id="777411274" visible="true" version="1" changeset="5028742" timestamp="2010-06-19T23:21:53Z" user="damjang" uid="97922" lat="45.6583155" lon="13.8302354"/>
 <node id="777411276" visible="true" version="1" changeset="5028742" timestamp="2010-06-19T23:21:53Z" user="damjang" uid="97922" lat="45.6580553" lon="13.8276289"/>
 <node id="777411278" visible="true" version="1" changeset="5028742" timestamp="2010-06-19T23:21:53Z" user="damjang" uid="97922" lat="45.6572589" lon="13.8293937"/>
 <node id="777411279" visible="true" version="1" changeset="5028742" timestamp="2010-06-19T23:21:53Z" user="damjang" uid="97922" lat="45.6583563" lon="13.8288391"/>
 <node id="777411281" visible="true" version="1" changeset="5028742" timestamp="2010-06-19T23:21:53Z" user="damjang" uid="97922" lat="45.6578650" lon="13.8279245"/>
 <node id="777411283" visible="true" version="1" changeset="5028742" timestamp="2010-06-19T23:21:54Z" user="damjang" uid="97922" lat="45.6561271" lon="13.8286765"/>
 <node id="777411285" visible="true" version="1" changeset="5028742" timestamp="2010-06-19T23:21:54Z" user="damjang" uid="97922" lat="45.6564168" lon="13.8292304"/>
 <node id="777411302" visible="true" version="1" changeset="5028742" timestamp="2010-06-19T23:21:54Z" user="damjang" uid="97922" lat="45.6568827" lon="13.8283686"/>
 <node id="777411304" visible="true" version="1" changeset="5028742" timestamp="2010-06-19T23:21:54Z" user="damjang" uid="97922" lat="45.6583390" lon="13.8304646"/>
 <node id="777411306" visible="true" version="1" changeset="5028742" timestamp="2010-06-19T23:21:54Z" user="damjang" uid="97922" lat="45.6580188" lon="13.8276061"/>
 <node id="777411307" visible="true" version="1" changeset="5028742" timestamp="2010-06-19T23:21:54Z" user="damjang" uid="97922" lat="45.6578063" lon="13.8294942"/>
 <node id="777411311" visible="true" version="1" changeset="5028742" timestamp="2010-06-19T23:21:54Z" user="damjang" uid="97922" lat="45.6577788" lon="13.8284117"/>
 <node id="777411315" visible="true" version="1" changeset="5028742" timestamp="2010-06-19T23:21:55Z" user="damjang" uid="97922" lat="45.6569868" lon="13.8291096"/>
 <node id="777411318" visible="true" version="1" changeset="5028742" timestamp="2010-06-19T23:21:55Z" user="damjang" uid="97922" lat="45.6569151" lon="13.8294782"/>
 <node id="777411320" visible="true" version="1" changeset="5028742" timestamp="2010-06-19T23:21:55Z" user="damjang" uid="97922" lat="45.6582412" lon="13.8304148"/>
 <node id="777411322" visible="true" version="1" changeset="5028742" timestamp="2010-06-19T23:21:55Z" user="damjang" uid="97922" lat="45.6591161" lon="13.8299636"/>
 <node id="777411324" visible="true" version="1" changeset="5028742" timestamp="2010-06-19T23:21:55Z" user="damjang" uid="97922" lat="45.6573907" lon="13.8300063"/>
 <node id="777411325" visible="true" version="1" changeset="5028742" timestamp="2010-06-19T23:21:55Z" user="damjang" uid="97922" lat="45.6578002" lon="13.8301315">
  <tag k="barrier" v="entrance"/>
 </node>
 <node id="777411327" visible="true" version="1" changeset="5028742" timestamp="2010-06-19T23:21:55Z" user="damjang" uid="97922" lat="45.6590106" lon="13.8301162"/>
 <node id="777411330" visible="true" version="4" changeset="98324325" timestamp="2021-01-28T23:30:36Z" user="damjang" uid="97922" lat="45.6561954" lon="13.8297840"/>
 <node id="777411332" visible="true" version="1" changeset="5028742" timestamp="2010-06-19T23:21:55Z" user="damjang" uid="97922" lat="45.6582131" lon="13.8306265"/>
 <node id="777411334" visible="true" version="1" changeset="5028742" timestamp="2010-06-19T23:21:55Z" user="damjang" uid="97922" lat="45.6577038" lon="13.8302136"/>
 <node id="777411335" visible="true" version="1" changeset="5028742" timestamp="2010-06-19T23:21:55Z" user="damjang" uid="97922" lat="45.6579898" lon="13.8288049"/>
 <node id="777411350" visible="true" version="1" changeset="5028742" timestamp="2010-06-19T23:21:55Z" user="damjang" uid="97922" lat="45.6565724" lon="13.8294062"/>
 <node id="777411351" visible="true" version="1" changeset="5028742" timestamp="2010-06-19T23:21:55Z" user="damjang" uid="97922" lat="45.6579949" lon="13.8297275"/>
 <node id="777411353" visible="true" version="1" changeset="5028742" timestamp="2010-06-19T23:21:55Z" user="damjang" uid="97922" lat="45.6558432" lon="13.8282237"/>
 <node id="777411355" visible="true" version="1" changeset="5028742" timestamp="2010-06-19T23:21:55Z" user="damjang" uid="97922" lat="45.6569734" lon="13.8291663"/>
 <node id="777411357" visible="true" version="1" changeset="5028742" timestamp="2010-06-19T23:21:55Z" user="damjang" uid="97922" lat="45.6578605" lon="13.8303343"/>
 <node id="777411358" visible="true" version="1" changeset="5028742" timestamp="2010-06-19T23:21:56Z" user="damjang" uid="97922" lat="45.6589299" lon="13.8297385"/>
 <node id="777411360" visible="true" version="1" changeset="5028742" timestamp="2010-06-19T23:21:56Z" user="damjang" uid="97922" lat="45.6570794" lon="13.8299347"/>
 <node id="777411361" visible="true" version="1" changeset="5028742" timestamp="2010-06-19T23:21:56Z" user="damjang" uid="97922" lat="45.6586835" lon="13.8293636"/>
 <node id="777411362" visible="true" version="1" changeset="5028742" timestamp="2010-06-19T23:21:56Z" user="damjang" uid="97922" lat="45.6577459" lon="13.8297336"/>
 <node id="777411363" visible="true" version="2" changeset="122720383" timestamp="2022-06-22T16:53:27Z" user="darthravem" uid="2415747" lat="45.6565252" lon="13.8293422">
  <tag k="board_type" v="plants"/>
  <tag k="check_date" v="2022-06-22"/>
  <tag k="information" v="board"/>
  <tag k="tourism" v="information"/>
 </node>
 <node id="777411365" visible="true" version="1" changeset="5028742" timestamp="2010-06-19T23:21:56Z" user="damjang" uid="97922" lat="45.6584839" lon="13.8275076"/>
 <node id="777411369" visible="true" version="1" changeset="5028742" timestamp="2010-06-19T23:21:56Z" user="damjang" uid="97922" lat="45.6588417" lon="13.8288620"/>
 <node id="777411370" visible="true" version="1" changeset="5028742" timestamp="2010-06-19T23:21:56Z" user="damjang" uid="97922" lat="45.6591516" lon="13.8304675"/>
 <node id="777411371" visible="true" version="1" changeset="5028742" timestamp="2010-06-19T23:21:56Z" user="damjang" uid="97922" lat="45.6588641" lon="13.8297354"/>
 <node id="777411374" visible="true" version="1" changeset="5028742" timestamp="2010-06-19T23:21:56Z" user="damjang" uid="97922" lat="45.6584827" lon="13.8277375"/>
 <node id="777411391" visible="true" version="1" changeset="5028742" timestamp="2010-06-19T23:21:56Z" user="damjang" uid="97922" lat="45.6570402" lon="13.8276109"/>
 <node id="777411393" visible="true" version="1" changeset="5028742" timestamp="2010-06-19T23:21:56Z" user="damjang" uid="97922" lat="45.6573020" lon="13.8292278"/>
 <node id="777411394" visible="true" version="1" changeset="5028742" timestamp="2010-06-19T23:21:56Z" user="damjang" uid="97922" lat="45.6567574" lon="13.8290097"/>
 <node id="777411396" visible="true" version="1" changeset="5028742" timestamp="2010-06-19T23:21:56Z" user="damjang" uid="97922" lat="45.6588124" lon="13.8300823"/>
 <node id="777411397" visible="true" version="1" changeset="5028742" timestamp="2010-06-19T23:21:56Z" user="damjang" uid="97922" lat="45.6555628" lon="13.8280005"/>
 <node id="777411401" visible="true" version="1" changeset="5028742" timestamp="2010-06-19T23:21:57Z" user="damjang" uid="97922" lat="45.6588975" lon="13.8288385"/>
 <node id="777411402" visible="true" version="1" changeset="5028742" timestamp="2010-06-19T23:21:57Z" user="damjang" uid="97922" lat="45.6571709" lon="13.8301678"/>
 <node id="777411404" visible="true" version="1" changeset="5028742" timestamp="2010-06-19T23:21:57Z" user="damjang" uid="97922" lat="45.6586048" lon="13.8304666"/>
 <node id="777411406" visible="true" version="1" changeset="5028742" timestamp="2010-06-19T23:21:57Z" user="damjang" uid="97922" lat="45.6570290" lon="13.8297428"/>
 <node id="777411408" visible="true" version="1" changeset="5028742" timestamp="2010-06-19T23:21:57Z" user="damjang" uid="97922" lat="45.6564808" lon="13.8296575"/>
 <node id="777411410" visible="true" version="1" changeset="5028742" timestamp="2010-06-19T23:21:57Z" user="damjang" uid="97922" lat="45.6576209" lon="13.8305528"/>
 <node id="777411411" visible="true" version="1" changeset="5028742" timestamp="2010-06-19T23:21:57Z" user="damjang" uid="97922" lat="45.6584301" lon="13.8284056"/>
 <node id="777411413" visible="true" version="1" changeset="5028742" timestamp="2010-06-19T23:21:57Z" user="damjang" uid="97922" lat="45.6580893" lon="13.8293843"/>
 <node id="777411415" visible="true" version="1" changeset="5028742" timestamp="2010-06-19T23:21:57Z" user="damjang" uid="97922" lat="45.6576376" lon="13.8278863"/>
 <node id="777411416" visible="true" version="1" changeset="5028742" timestamp="2010-06-19T23:21:57Z" user="damjang" uid="97922" lat="45.6571088" lon="13.8298561"/>
 <node id="777411418" visible="true" version="1" changeset="5028742" timestamp="2010-06-19T23:21:57Z" user="damjang" uid="97922" lat="45.6584483" lon="13.8272818"/>
 <node id="777411437" visible="true" version="1" changeset="5028742" timestamp="2010-06-19T23:21:57Z" user="damjang" uid="97922" lat="45.6578380" lon="13.8290167"/>
 <node id="777411439" visible="true" version="1" changeset="5028742" timestamp="2010-06-19T23:21:57Z" user="damjang" uid="97922" lat="45.6569089" lon="13.8280260"/>
 <node id="777411441" visible="true" version="1" changeset="5028742" timestamp="2010-06-19T23:21:57Z" user="damjang" uid="97922" lat="45.6556922" lon="13.8281791"/>
 <node id="777411443" visible="true" version="1" changeset="5028742" timestamp="2010-06-19T23:21:57Z" user="damjang" uid="97922" lat="45.6568884" lon="13.8281512"/>
 <node id="777411444" visible="true" version="1" changeset="5028742" timestamp="2010-06-19T23:21:57Z" user="damjang" uid="97922" lat="45.6587642" lon="13.8282707"/>
 <node id="777411446" visible="true" version="1" changeset="5028742" timestamp="2010-06-19T23:21:57Z" user="damjang" uid="97922" lat="45.6582152" lon="13.8287350"/>
 <node id="777411448" visible="true" version="1" changeset="5028742" timestamp="2010-06-19T23:21:58Z" user="damjang" uid="97922" lat="45.6584979" lon="13.8303232"/>
 <node id="777411450" visible="true" version="1" changeset="5028742" timestamp="2010-06-19T23:21:58Z" user="damjang" uid="97922" lat="45.6584200" lon="13.8281441"/>
 <node id="777411452" visible="true" version="1" changeset="5028742" timestamp="2010-06-19T23:21:58Z" user="damjang" uid="97922" lat="45.6574049" lon="13.8296373"/>
 <node id="777411453" visible="true" version="1" changeset="5028742" timestamp="2010-06-19T23:21:58Z" user="damjang" uid="97922" lat="45.6582575" lon="13.8288635"/>
 <node id="777411455" visible="true" version="1" changeset="5028742" timestamp="2010-06-19T23:21:58Z" user="damjang" uid="97922" lat="45.6580638" lon="13.8279366"/>
 <node id="777411457" visible="true" version="1" changeset="5028742" timestamp="2010-06-19T23:21:58Z" user="damjang" uid="97922" lat="45.6561900" lon="13.8287664"/>
 <node id="777411459" visible="true" version="1" changeset="5028742" timestamp="2010-06-19T23:21:58Z" user="damjang" uid="97922" lat="45.6573455" lon="13.8274192"/>
 <node id="777411464" visible="true" version="1" changeset="5028742" timestamp="2010-06-19T23:21:58Z" user="damjang" uid="97922" lat="45.6589118" lon="13.8302726"/>
 <node id="777411466" visible="true" version="1" changeset="5028742" timestamp="2010-06-19T23:21:58Z" user="damjang" uid="97922" lat="45.6579483" lon="13.8276720"/>
 <node id="777411468" visible="true" version="1" changeset="5028742" timestamp="2010-06-19T23:21:58Z" user="damjang" uid="97922" lat="45.6576188" lon="13.8276092"/>
 <node id="777411471" visible="true" version="1" changeset="5028742" timestamp="2010-06-19T23:21:58Z" user="damjang" uid="97922" lat="45.6581143" lon="13.8283084"/>
 <node id="777411507" visible="true" version="2" changeset="121790527" timestamp="2022-06-01T03:23:12Z" user="EvanE" uid="184969" lat="45.6571473" lon="13.8302082"/>
 <node id="777411510" visible="true" version="1" changeset="5028742" timestamp="2010-06-19T23:22:00Z" user="damjang" uid="97922" lat="45.6577803" lon="13.8288151"/>
 <node id="777411512" visible="true" version="1" changeset="5028742" timestamp="2010-06-19T23:22:00Z" user="damjang" uid="97922" lat="45.6570353" lon="13.8298368"/>
 <node id="777411514" visible="true" version="1" changeset="5028742" timestamp="2010-06-19T23:22:00Z" user="damjang" uid="97922" lat="45.6581470" lon="13.8299768"/>
 <node id="777411515" visible="true" version="1" changeset="5028742" timestamp="2010-06-19T23:22:00Z" user="damjang" uid="97922" lat="45.6591308" lon="13.8299717"/>
 <node id="777411517" visible="true" version="1" changeset="5028742" timestamp="2010-06-19T23:22:00Z" user="damjang" uid="97922" lat="45.6583765" lon="13.8297712"/>
 <node id="777411519" visible="true" version="1" changeset="5028742" timestamp="2010-06-19T23:22:00Z" user="damjang" uid="97922" lat="45.6575156" lon="13.8301502">
  <tag k="barrier" v="entrance"/>
 </node>
 <node id="777411521" visible="true" version="1" changeset="5028742" timestamp="2010-06-19T23:22:00Z" user="damjang" uid="97922" lat="45.6591902" lon="13.8302864"/>
 <node id="777411524" visible="true" version="1" changeset="5028742" timestamp="2010-06-19T23:22:00Z" user="damjang" uid="97922" lat="45.6585599" lon="13.8279669"/>
 <node id="777411525" visible="true" version="1" changeset="5028742" timestamp="2010-06-19T23:22:00Z" user="damjang" uid="97922" lat="45.6586664" lon="13.8298460"/>
 <node id="777411526" visible="true" version="1" changeset="5028742" timestamp="2010-06-19T23:22:00Z" user="damjang" uid="97922" lat="45.6571079" lon="13.8289437"/>
 <node id="777411527" visible="true" version="1" changeset="5028742" timestamp="2010-06-19T23:22:00Z" user="damjang" uid="97922" lat="45.6587799" lon="13.8291520"/>
 <node id="777411529" visible="true" version="1" changeset="5028742" timestamp="2010-06-19T23:22:00Z" user="damjang" uid="97922" lat="45.6580804" lon="13.8297421"/>
 <node id="777411530" visible="true" version="1" changeset="5028742" timestamp="2010-06-19T23:22:00Z" user="damjang" uid="97922" lat="45.6558209" lon="13.8282264"/>
 <node id="777411531" visible="true" version="1" changeset="5028742" timestamp="2010-06-19T23:22:00Z" user="damjang" uid="97922" lat="45.6569852" lon="13.8291735"/>
 <node id="777411532" visible="true" version="1" changeset="5028742" timestamp="2010-06-19T23:22:00Z" user="damjang" uid="97922" lat="45.6580834" lon="13.8294042">
  <tag k="barrier" v="bollard"/>
  <tag k="bicycle" v="yes"/>
  <tag k="foot" v="yes"/>
 </node>
 <node id="777411534" visible="true" version="1" changeset="5028742" timestamp="2010-06-19T23:22:01Z" user="damjang" uid="97922" lat="45.6581421" lon="13.8275300"/>
 <node id="777411555" visible="true" version="1" changeset="5028742" timestamp="2010-06-19T23:22:02Z" user="damjang" uid="97922" lat="45.6577340" lon="13.8303344"/>
 <node id="777411556" visible="true" version="1" changeset="5028742" timestamp="2010-06-19T23:22:02Z" user="damjang" uid="97922" lat="45.6574642" lon="13.8297290"/>
 <node id="777411557" visible="true" version="2" changeset="139244258" timestamp="2023-07-31T09:30:28Z" user="darthravem" uid="2415747" lat="45.6567086" lon="13.8295444">
  <tag k="check_date:crossing" v="2023-07-31"/>
  <tag k="crossing" v="uncontrolled"/>
  <tag k="crossing_ref" v="zebra"/>
  <tag k="highway" v="crossing"/>
 </node>
 <node id="777411560" visible="true" version="1" changeset="5028742" timestamp="2010-06-19T23:22:02Z" user="damjang" uid="97922" lat="45.6581329" lon="13.8276956"/>
 <node id="777411561" visible="true" version="1" changeset="5028742" timestamp="2010-06-19T23:22:02Z" user="damjang" uid="97922" lat="45.6569884" lon="13.8277877"/>
 <node id="777411564" visible="true" version="1" changeset="5028742" timestamp="2010-06-19T23:22:02Z" user="damjang" uid="97922" lat="45.6568706" lon="13.8289369"/>
 <node id="777411565" visible="true" version="1" changeset="5028742" timestamp="2010-06-19T23:22:02Z" user="damjang" uid="97922" lat="45.6589410" lon="13.8296297"/>
 <node id="777411567" visible="true" version="1" changeset="5028742" timestamp="2010-06-19T23:22:02Z" user="damjang" uid="97922" lat="45.6578280" lon="13.8306704"/>
 <node id="777411568" visible="true" version="1" changeset="5028742" timestamp="2010-06-19T23:22:02Z" user="damjang" uid="97922" lat="45.6583895" lon="13.8297192"/>
 <node id="777411569" visible="true" version="4" changeset="143935065" timestamp="2023-11-12T14:15:49Z" user="Badojo" uid="8189075" lat="45.6548675" lon="13.8286582"/>
 <node id="777411571" visible="true" version="1" changeset="5028742" timestamp="2010-06-19T23:22:02Z" user="damjang" uid="97922" lat="45.6582589" lon="13.8286091"/>
 <node id="777411572" visible="true" version="1" changeset="5028742" timestamp="2010-06-19T23:22:02Z" user="damjang" uid="97922" lat="45.6587913" lon="13.8281936"/>
 <node id="777411574" visible="true" version="1" changeset="5028742" timestamp="2010-06-19T23:22:02Z" user="damjang" uid="97922" lat="45.6569964" lon="13.8276432"/>
 <node id="777411575" visible="true" version="1" changeset="5028742" timestamp="2010-06-19T23:22:02Z" user="damjang" uid="97922" lat="45.6564286" lon="13.8290393"/>
 <node id="777411576" visible="true" version="1" changeset="5028742" timestamp="2010-06-19T23:22:02Z" user="damjang" uid="97922" lat="45.6568644" lon="13.8294000"/>
 <node id="777411578" visible="true" version="1" changeset="5028742" timestamp="2010-06-19T23:22:02Z" user="damjang" uid="97922" lat="45.6584138" lon="13.8303523"/>
 <node id="777411614" visible="true" version="2" changeset="160905093" timestamp="2025-01-02T12:34:33Z" user="darthravem" uid="2415747" lat="45.6581125" lon="13.8283313">
  <tag k="amenity" v="bench"/>
  <tag k="backrest" v="yes"/>
  <tag k="check_date" v="2025-01-02"/>
 </node>
 <node id="777411616" visible="true" version="1" changeset="5028742" timestamp="2010-06-19T23:22:06Z" user="damjang" uid="97922" lat="45.6589003" lon="13.8288414"/>
 <node id="777411618" visible="true" version="1" changeset="5028742" timestamp="2010-06-19T23:22:06Z" user="damjang" uid="97922" lat="45.6574378" lon="13.8285113"/>
 <node id="777411619" visible="true" version="1" changeset="5028742" timestamp="2010-06-19T23:22:06Z" user="damjang" uid="97922" lat="45.6584644" lon="13.8305510"/>
 <node id="777411634" visible="true" version="1" changeset="5028742" timestamp="2010-06-19T23:22:06Z" user="damjang" uid="97922" lat="45.6570455" lon="13.8297333"/>
 <node id="777411637" visible="true" version="1" changeset="5028742" timestamp="2010-06-19T23:22:06Z" user="damjang" uid="97922" lat="45.6564996" lon="13.8296140"/>
 <node id="777411640" visible="true" version="1" changeset="5028742" timestamp="2010-06-19T23:22:06Z" user="damjang" uid="97922" lat="45.6581899" lon="13.8284559"/>
 <node id="777411641" visible="true" version="1" changeset="5028742" timestamp="2010-06-19T23:22:07Z" user="damjang" uid="97922" lat="45.6577130" lon="13.8297856"/>
 <node id="777411644" visible="true" version="1" changeset="5028742" timestamp="2010-06-19T23:22:07Z" user="damjang" uid="97922" lat="45.6569643" lon="13.8283707"/>
 <node id="777411647" visible="true" version="1" changeset="5028742" timestamp="2010-06-19T23:22:07Z" user="damjang" uid="97922" lat="45.6576282" lon="13.8278998"/>
 <node id="777411648" visible="true" version="1" changeset="5028742" timestamp="2010-06-19T23:22:07Z" user="damjang" uid="97922" lat="45.6587663" lon="13.8276778"/>
 <node id="777411650" visible="true" version="1" changeset="5028742" timestamp="2010-06-19T23:22:07Z" user="damjang" uid="97922" lat="45.6573121" lon="13.8302304"/>
 <node id="777411655" visible="true" version="1" changeset="5028742" timestamp="2010-06-19T23:22:07Z" user="damjang" uid="97922" lat="45.6576619" lon="13.8297478"/>
 <node id="777411658" visible="true" version="1" changeset="5028742" timestamp="2010-06-19T23:22:07Z" user="damjang" uid="97922" lat="45.6580907" lon="13.8292018"/>
 <node id="777411660" visible="true" version="1" changeset="5028742" timestamp="2010-06-19T23:22:07Z" user="damjang" uid="97922" lat="45.6569447" lon="13.8295539"/>
 <node id="777411661" visible="true" version="1" changeset="5028742" timestamp="2010-06-19T23:22:07Z" user="damjang" uid="97922" lat="45.6556872" lon="13.8281497"/>
 <node id="777411663" visible="true" version="1" changeset="5028742" timestamp="2010-06-19T23:22:07Z" user="damjang" uid="97922" lat="45.6583218" lon="13.8286540">
  <tag k="barrier" v="entrance"/>
 </node>
 <node id="777411665" visible="true" version="1" changeset="5028742" timestamp="2010-06-19T23:22:07Z" user="damjang" uid="97922" lat="45.6584913" lon="13.8276484"/>
 <node id="777411668" visible="true" version="1" changeset="5028742" timestamp="2010-06-19T23:22:07Z" user="damjang" uid="97922" lat="45.6589131" lon="13.8301676"/>
 <node id="777411765" visible="true" version="1" changeset="5028742" timestamp="2010-06-19T23:22:08Z" user="damjang" uid="97922" lat="45.6568369" lon="13.8280313"/>
 <node id="777411767" visible="true" version="1" changeset="5028742" timestamp="2010-06-19T23:22:11Z" user="damjang" uid="97922" lat="45.6584166" lon="13.8287220"/>
 <node id="777411769" visible="true" version="1" changeset="5028742" timestamp="2010-06-19T23:22:11Z" user="damjang" uid="97922" lat="45.6586781" lon="13.8296913"/>
 <node id="777411771" visible="true" version="1" changeset="5028742" timestamp="2010-06-19T23:22:11Z" user="damjang" uid="97922" lat="45.6586168" lon="13.8288870"/>
 <node id="777411773" visible="true" version="1" changeset="5028742" timestamp="2010-06-19T23:22:11Z" user="damjang" uid="97922" lat="45.6584031" lon="13.8281864"/>
 <node id="777411774" visible="true" version="1" changeset="5028742" timestamp="2010-06-19T23:22:11Z" user="damjang" uid="97922" lat="45.6586153" lon="13.8305120"/>
 <node id="777411776" visible="true" version="1" changeset="5028742" timestamp="2010-06-19T23:22:11Z" user="damjang" uid="97922" lat="45.6571780" lon="13.8274582"/>
 <node id="777411778" visible="true" version="1" changeset="5028742" timestamp="2010-06-19T23:22:11Z" user="damjang" uid="97922" lat="45.6579705" lon="13.8285126"/>
 <node id="777411780" visible="true" version="1" changeset="5028742" timestamp="2010-06-19T23:22:11Z" user="damjang" uid="97922" lat="45.6570800" lon="13.8300401"/>
 <node id="777411781" visible="true" version="1" changeset="5028742" timestamp="2010-06-19T23:22:11Z" user="damjang" uid="97922" lat="45.6588012" lon="13.8298658"/>
 <node id="777411783" visible="true" version="1" changeset="5028742" timestamp="2010-06-19T23:22:11Z" user="damjang" uid="97922" lat="45.6578028" lon="13.8276830"/>
 <node id="777411784" visible="true" version="1" changeset="5028742" timestamp="2010-06-19T23:22:11Z" user="damjang" uid="97922" lat="45.6577555" lon="13.8278372"/>
 <node id="777411785" visible="true" version="1" changeset="5028742" timestamp="2010-06-19T23:22:11Z" user="damjang" uid="97922" lat="45.6587626" lon="13.8281453"/>
 <node id="777411787" visible="true" version="1" changeset="5028742" timestamp="2010-06-19T23:22:11Z" user="damjang" uid="97922" lat="45.6581407" lon="13.8283011"/>
 <node id="777411789" visible="true" version="1" changeset="5028742" timestamp="2010-06-19T23:22:11Z" user="damjang" uid="97922" lat="45.6573164" lon="13.8306153"/>
 <node id="777411793" visible="true" version="1" changeset="5028742" timestamp="2010-06-19T23:22:11Z" user="damjang" uid="97922" lat="45.6578789" lon="13.8285940"/>
 <node id="777411794" visible="true" version="1" changeset="5028742" timestamp="2010-06-19T23:22:11Z" user="damjang" uid="97922" lat="45.6569263" lon="13.8283463"/>
 <node id="777411796" visible="true" version="1" changeset="5028742" timestamp="2010-06-19T23:22:11Z" user="damjang" uid="97922" lat="45.6578771" lon="13.8306041"/>
 <node id="777411798" visible="true" version="1" changeset="5028742" timestamp="2010-06-19T23:22:11Z" user="damjang" uid="97922" lat="45.6576580" lon="13.8293338"/>
 <node id="777411817" visible="true" version="1" changeset="5028742" timestamp="2010-06-19T23:22:12Z" user="damjang" uid="97922" lat="45.6553251" lon="13.8279135"/>
 <node id="777411819" visible="true" version="1" changeset="5028742" timestamp="2010-06-19T23:22:12Z" user="damjang" uid="97922" lat="45.6583431" lon="13.8276969"/>
 <node id="777411824" visible="true" version="1" changeset="5028742" timestamp="2010-06-19T23:22:12Z" user="damjang" uid="97922" lat="45.6576075" lon="13.8291561"/>
 <node id="777411825" visible="true" version="1" changeset="5028742" timestamp="2010-06-19T23:22:12Z" user="damjang" uid="97922" lat="45.6586312" lon="13.8295573"/>
 <node id="777411827" visible="true" version="1" changeset="5028742" timestamp="2010-06-19T23:22:12Z" user="damjang" uid="97922" lat="45.6564169" lon="13.8290545"/>
 <node id="777411829" visible="true" version="1" changeset="5028742" timestamp="2010-06-19T23:22:12Z" user="damjang" uid="97922" lat="45.6578237" lon="13.8303063"/>
 <node id="777411831" visible="true" version="1" changeset="5028742" timestamp="2010-06-19T23:22:12Z" user="damjang" uid="97922" lat="45.6557158" lon="13.8280370"/>
 <node id="777411832" visible="true" version="1" changeset="5028742" timestamp="2010-06-19T23:22:12Z" user="damjang" uid="97922" lat="45.6571741" lon="13.8291990"/>
 <node id="777411836" visible="true" version="1" changeset="5028742" timestamp="2010-06-19T23:22:12Z" user="damjang" uid="97922" lat="45.6585098" lon="13.8276837"/>
 <node id="777411839" visible="true" version="1" changeset="5028742" timestamp="2010-06-19T23:22:12Z" user="damjang" uid="97922" lat="45.6581731" lon="13.8275777"/>
 <node id="777411841" visible="true" version="1" changeset="5028742" timestamp="2010-06-19T23:22:12Z" user="damjang" uid="97922" lat="45.6572196" lon="13.8293036"/>
 <node id="777411843" visible="true" version="1" changeset="5028742" timestamp="2010-06-19T23:22:12Z" user="damjang" uid="97922" lat="45.6582585" lon="13.8282631"/>
 <node id="777411844" visible="true" version="1" changeset="5028742" timestamp="2010-06-19T23:22:12Z" user="damjang" uid="97922" lat="45.6575110" lon="13.8285653"/>
 <node id="777411846" visible="true" version="1" changeset="5028742" timestamp="2010-06-19T23:22:12Z" user="damjang" uid="97922" lat="45.6581042" lon="13.8276923">
  <tag k="barrier" v="entrance"/>
 </node>
 <node id="777411847" visible="true" version="1" changeset="5028742" timestamp="2010-06-19T23:22:12Z" user="damjang" uid="97922" lat="45.6570169" lon="13.8277260"/>
 <node id="777411850" visible="true" version="1" changeset="5028742" timestamp="2010-06-19T23:22:13Z" user="damjang" uid="97922" lat="45.6568604" lon="13.8283780"/>
 <node id="777411852" visible="true" version="1" changeset="5028742" timestamp="2010-06-19T23:22:13Z" user="damjang" uid="97922" lat="45.6582446" lon="13.8304734"/>
 <node id="777411854" visible="true" version="2" changeset="98323862" timestamp="2021-01-28T23:18:09Z" user="damjang" uid="97922" lat="45.6575376" lon="13.8306275"/>
 <node id="777411855" visible="true" version="1" changeset="5028742" timestamp="2010-06-19T23:22:13Z" user="damjang" uid="97922" lat="45.6587939" lon="13.8299240"/>
 <node id="777411857" visible="true" version="1" changeset="5028742" timestamp="2010-06-19T23:22:13Z" user="damjang" uid="97922" lat="45.6568435" lon="13.8305449"/>
 <node id="777411859" visible="true" version="1" changeset="5028742" timestamp="2010-06-19T23:22:13Z" user="damjang" uid="97922" lat="45.6579234" lon="13.8286870"/>
 <node id="777411862" visible="true" version="1" changeset="5028742" timestamp="2010-06-19T23:22:14Z" user="damjang" uid="97922" lat="45.6568719" lon="13.8280656"/>
 <node id="777411864" visible="true" version="1" changeset="5028742" timestamp="2010-06-19T23:22:14Z" user="damjang" uid="97922" lat="45.6568128" lon="13.8286803"/>
 <node id="777411866" visible="true" version="1" changeset="5028742" timestamp="2010-06-19T23:22:14Z" user="damjang" uid="97922" lat="45.6568412" lon="13.8290347"/>
 <node id="777411868" visible="true" version="1" changeset="5028742" timestamp="2010-06-19T23:22:14Z" user="damjang" uid="97922" lat="45.6577477" lon="13.8305372"/>
 <node id="777411869" visible="true" version="1" changeset="5028742" timestamp="2010-06-19T23:22:14Z" user="damjang" uid="97922" lat="45.6558848" lon="13.8284582"/>
 <node id="777411871" visible="true" version="1" changeset="5028742" timestamp="2010-06-19T23:22:14Z" user="damjang" uid="97922" lat="45.6571790" lon="13.8296788"/>
 <node id="777411873" visible="true" version="2" changeset="160905093" timestamp="2025-01-02T12:36:17Z" user="darthravem" uid="2415747" lat="45.6577053" lon="13.8289497">
  <tag k="amenity" v="bench"/>
  <tag k="backrest" v="yes"/>
  <tag k="check_date" v="2025-01-02"/>
 </node>
 <node id="777411875" visible="true" version="1" changeset="5028742" timestamp="2010-06-19T23:22:14Z" user="damjang" uid="97922" lat="45.6590046" lon="13.8295912"/>
 <node id="777411877" visible="true" version="1" changeset="5028742" timestamp="2010-06-19T23:22:14Z" user="damjang" uid="97922" lat="45.6574209" lon="13.8285211"/>
 <node id="777411879" visible="true" version="3" changeset="98324325" timestamp="2021-01-28T23:30:36Z" user="damjang" uid="97922" lat="45.6562324" lon="13.8300672"/>
 <node id="777411880" visible="true" version="1" changeset="5028742" timestamp="2010-06-19T23:22:14Z" user="damjang" uid="97922" lat="45.6582947" lon="13.8305767"/>
 <node id="777411882" visible="true" version="1" changeset="5028742" timestamp="2010-06-19T23:22:14Z" user="damjang" uid="97922" lat="45.6574703" lon="13.8301452"/>
 <node id="777411896" visible="true" version="1" changeset="5028742" timestamp="2010-06-19T23:22:15Z" user="damjang" uid="97922" lat="45.6579563" lon="13.8284837"/>
 <node id="777411898" visible="true" version="1" changeset="5028742" timestamp="2010-06-19T23:22:15Z" user="damjang" uid="97922" lat="45.6565368" lon="13.8292994"/>
 <node id="777411899" visible="true" version="1" changeset="5028742" timestamp="2010-06-19T23:22:15Z" user="damjang" uid="97922" lat="45.6578764" lon="13.8297504"/>
 <node id="777411901" visible="true" version="1" changeset="5028742" timestamp="2010-06-19T23:22:15Z" user="damjang" uid="97922" lat="45.6569901" lon="13.8284989"/>
 <node id="777411903" visible="true" version="1" changeset="5028742" timestamp="2010-06-19T23:22:15Z" user="damjang" uid="97922" lat="45.6576790" lon="13.8278696"/>
 <node id="777411905" visible="true" version="1" changeset="5028742" timestamp="2010-06-19T23:22:15Z" user="damjang" uid="97922" lat="45.6572217" lon="13.8301165"/>
 <node id="777411906" visible="true" version="1" changeset="5028742" timestamp="2010-06-19T23:22:15Z" user="damjang" uid="97922" lat="45.6587888" lon="13.8276269"/>
 <node id="777411908" visible="true" version="3" changeset="98324325" timestamp="2021-01-28T23:30:36Z" user="damjang" uid="97922" lat="45.6562563" lon="13.8299829"/>
 <node id="777411910" visible="true" version="1" changeset="5028742" timestamp="2010-06-19T23:22:15Z" user="damjang" uid="97922" lat="45.6577197" lon="13.8294750"/>
 <node id="777411911" visible="true" version="1" changeset="5028742" timestamp="2010-06-19T23:22:15Z" user="damjang" uid="97922" lat="45.6578868" lon="13.8280815"/>
 <node id="777411913" visible="true" version="1" changeset="5028742" timestamp="2010-06-19T23:22:15Z" user="damjang" uid="97922" lat="45.6565874" lon="13.8296200"/>
 <node id="777411917" visible="true" version="1" changeset="5028742" timestamp="2010-06-19T23:22:15Z" user="damjang" uid="97922" lat="45.6569548" lon="13.8276334"/>
 <node id="777411918" visible="true" version="1" changeset="5028742" timestamp="2010-06-19T23:22:15Z" user="damjang" uid="97922" lat="45.6580583" lon="13.8274489"/>
 <node id="777411920" visible="true" version="1" changeset="5028742" timestamp="2010-06-19T23:22:15Z" user="damjang" uid="97922" lat="45.6574034" lon="13.8290866"/>
 <node id="777411924" visible="true" version="1" changeset="5028742" timestamp="2010-06-19T23:22:15Z" user="damjang" uid="97922" lat="45.6592645" lon="13.8302909"/>
 <node id="777411925" visible="true" version="1" changeset="5028742" timestamp="2010-06-19T23:22:15Z" user="damjang" uid="97922" lat="45.6586677" lon="13.8297564"/>
 <node id="777411927" visible="true" version="1" changeset="5028742" timestamp="2010-06-19T23:22:15Z" user="damjang" uid="97922" lat="45.6587121" lon="13.8289965"/>
 <node id="777411929" visible="true" version="1" changeset="5028742" timestamp="2010-06-19T23:22:15Z" user="damjang" uid="97922" lat="45.6585490" lon="13.8282852"/>
 <node id="777411940" visible="true" version="1" changeset="5028742" timestamp="2010-06-19T23:22:16Z" user="damjang" uid="97922" lat="45.6589202" lon="13.8304215"/>
 <node id="777411942" visible="true" version="1" changeset="5028742" timestamp="2010-06-19T23:22:16Z" user="damjang" uid="97922" lat="45.6571753" lon="13.8274618"/>
 <node id="777411944" visible="true" version="1" changeset="5028742" timestamp="2010-06-19T23:22:16Z" user="damjang" uid="97922" lat="45.6579760" lon="13.8277120"/>
 <node id="777411947" visible="true" version="1" changeset="5028742" timestamp="2010-06-19T23:22:16Z" user="damjang" uid="97922" lat="45.6588886" lon="13.8299384"/>
 <node id="777411949" visible="true" version="1" changeset="5028742" timestamp="2010-06-19T23:22:16Z" user="damjang" uid="97922" lat="45.6556009" lon="13.8280812"/>
 <node id="777411951" visible="true" version="1" changeset="5028742" timestamp="2010-06-19T23:22:16Z" user="damjang" uid="97922" lat="45.6576735" lon="13.8276818"/>
 <node id="777411952" visible="true" version="1" changeset="5028742" timestamp="2010-06-19T23:22:16Z" user="damjang" uid="97922" lat="45.6589579" lon="13.8297259"/>
 <node id="777411954" visible="true" version="1" changeset="5028742" timestamp="2010-06-19T23:22:16Z" user="damjang" uid="97922" lat="45.6586116" lon="13.8282949"/>
 <node id="777411956" visible="true" version="1" changeset="5028742" timestamp="2010-06-19T23:22:16Z" user="damjang" uid="97922" lat="45.6588597" lon="13.8304289"/>
 <node id="777411958" visible="true" version="1" changeset="5028742" timestamp="2010-06-19T23:22:16Z" user="damjang" uid="97922" lat="45.6570105" lon="13.8292786"/>
 <node id="777411959" visible="true" version="1" changeset="5028742" timestamp="2010-06-19T23:22:16Z" user="damjang" uid="97922" lat="45.6564725" lon="13.8296087"/>
 <node id="777411961" visible="true" version="1" changeset="5028742" timestamp="2010-06-19T23:22:16Z" user="damjang" uid="97922" lat="45.6585251" lon="13.8285912"/>
 <node id="777411963" visible="true" version="1" changeset="5028742" timestamp="2010-06-19T23:22:16Z" user="damjang" uid="97922" lat="45.6575777" lon="13.8305339"/>
 <node id="777411965" visible="true" version="1" changeset="5028742" timestamp="2010-06-19T23:22:16Z" user="damjang" uid="97922" lat="45.6578119" lon="13.8291666"/>
 <node id="777411968" visible="true" version="2" changeset="20220396" timestamp="2014-01-26T23:25:14Z" user="Marco_T" uid="1227619" lat="45.6567862" lon="13.8277003"/>
 <node id="777411970" visible="true" version="1" changeset="5028742" timestamp="2010-06-19T23:22:16Z" user="damjang" uid="97922" lat="45.6583200" lon="13.8276826"/>
 <node id="777411972" visible="true" version="3" changeset="139244260" timestamp="2023-07-31T09:28:56Z" user="darthravem" uid="2415747" lat="45.6570250" lon="13.8298953">
  <tag k="check_date:crossing" v="2023-07-31"/>
  <tag k="crossing" v="uncontrolled"/>
  <tag k="crossing_ref" v="zebra"/>
  <tag k="highway" v="crossing"/>
  <tag k="tactile_paving" v="no"/>
 </node>
 <node id="777411983" visible="true" version="1" changeset="5028742" timestamp="2010-06-19T23:22:17Z" user="damjang" uid="97922" lat="45.6575576" lon="13.8291999"/>
 <node id="777411987" visible="true" version="1" changeset="5028742" timestamp="2010-06-19T23:22:17Z" user="damjang" uid="97922" lat="45.6573558" lon="13.8273748"/>
 <node id="777411989" visible="true" version="1" changeset="5028742" timestamp="2010-06-19T23:22:17Z" user="damjang" uid="97922" lat="45.6578536" lon="13.8303578"/>
 <node id="777411990" visible="true" version="1" changeset="5028742" timestamp="2010-06-19T23:22:17Z" user="damjang" uid="97922" lat="45.6555842" lon="13.8278833"/>
 <node id="777411993" visible="true" version="1" changeset="5028742" timestamp="2010-06-19T23:22:17Z" user="damjang" uid="97922" lat="45.6573661" lon="13.8300335"/>
 <node id="777411997" visible="true" version="1" changeset="5028742" timestamp="2010-06-19T23:22:17Z" user="damjang" uid="97922" lat="45.6585438" lon="13.8277261"/>
 <node id="777411999" visible="true" version="1" changeset="5028742" timestamp="2010-06-19T23:22:17Z" user="damjang" uid="97922" lat="45.6582270" lon="13.8301056"/>
 <node id="777412000" visible="true" version="1" changeset="5028742" timestamp="2010-06-19T23:22:17Z" user="damjang" uid="97922" lat="45.6578822" lon="13.8277254"/>
 <node id="777412002" visible="true" version="1" changeset="5028742" timestamp="2010-06-19T23:22:17Z" user="damjang" uid="97922" lat="45.6572518" lon="13.8293235"/>
 <node id="777412004" visible="true" version="1" changeset="5028742" timestamp="2010-06-19T23:22:17Z" user="damjang" uid="97922" lat="45.6581627" lon="13.8289868"/>
 <node id="777412006" visible="true" version="1" changeset="5028742" timestamp="2010-06-19T23:22:17Z" user="damjang" uid="97922" lat="45.6574453" lon="13.8281213"/>
 <node id="777412007" visible="true" version="1" changeset="5028742" timestamp="2010-06-19T23:22:17Z" user="damjang" uid="97922" lat="45.6580874" lon="13.8276086"/>
 <node id="777412009" visible="true" version="1" changeset="5028742" timestamp="2010-06-19T23:22:17Z" user="damjang" uid="97922" lat="45.6574315" lon="13.8278245"/>
 <node id="777412013" visible="true" version="1" changeset="5028742" timestamp="2010-06-19T23:22:17Z" user="damjang" uid="97922" lat="45.6568885" lon="13.8283919"/>
 <node id="777412015" visible="true" version="1" changeset="5028742" timestamp="2010-06-19T23:22:17Z" user="damjang" uid="97922" lat="45.6583327" lon="13.8304492"/>
 <node id="777412016" visible="true" version="1" changeset="5028742" timestamp="2010-06-19T23:22:17Z" user="damjang" uid="97922" lat="45.6580274" lon="13.8276294"/>
 <node id="777412018" visible="true" version="1" changeset="5028742" timestamp="2010-06-19T23:22:17Z" user="damjang" uid="97922" lat="45.6579218" lon="13.8300182"/>
 <node id="777412029" visible="true" version="1" changeset="5028742" timestamp="2010-06-19T23:22:18Z" user="damjang" uid="97922" lat="45.6576236" lon="13.8280974"/>
 <node id="777412033" visible="true" version="1" changeset="5028742" timestamp="2010-06-19T23:22:18Z" user="damjang" uid="97922" lat="45.6571813" lon="13.8290958"/>
 <node id="777412036" visible="true" version="1" changeset="5028742" timestamp="2010-06-19T23:22:18Z" user="damjang" uid="97922" lat="45.6568165" lon="13.8295701"/>
 <node id="777412038" visible="true" version="1" changeset="5028742" timestamp="2010-06-19T23:22:18Z" user="damjang" uid="97922" lat="45.6582522" lon="13.8303932"/>
 <node id="777412041" visible="true" version="1" changeset="5028742" timestamp="2010-06-19T23:22:18Z" user="damjang" uid="97922" lat="45.6556251" lon="13.8280312"/>
 <node id="777412043" visible="true" version="1" changeset="5028742" timestamp="2010-06-19T23:22:19Z" user="damjang" uid="97922" lat="45.6583218" lon="13.8301855"/>
 <node id="777412044" visible="true" version="5" changeset="148011390" timestamp="2024-02-28T12:27:07Z" user="darthravem" uid="2415747" lat="45.6572691" lon="13.8285996">
  <tag k="abi" v="02008"/>
  <tag k="cab" v="2239"/>
  <tag k="check_date" v="2024-02-28"/>
  <tag k="disused:shop" v="yes"/>
 </node>
 <node id="777412048" visible="true" version="1" changeset="5028742" timestamp="2010-06-19T23:22:19Z" user="damjang" uid="97922" lat="45.6590448" lon="13.8299628"/>
 <node id="777412050" visible="true" version="1" changeset="5028742" timestamp="2010-06-19T23:22:19Z" user="damjang" uid="97922" lat="45.6584560" lon="13.8274486"/>
 <node id="777412051" visible="true" version="3" changeset="98324325" timestamp="2021-01-28T23:30:36Z" user="damjang" uid="97922" lat="45.6562264" lon="13.8300711"/>
 <node id="777412053" visible="true" version="1" changeset="5028742" timestamp="2010-06-19T23:22:19Z" user="damjang" uid="97922" lat="45.6581398" lon="13.8306492"/>
 <node id="777412055" visible="true" version="1" changeset="5028742" timestamp="2010-06-19T23:22:19Z" user="damjang" uid="97922" lat="45.6578436" lon="13.8302505"/>
 <node id="777412057" visible="true" version="1" changeset="5028742" timestamp="2010-06-19T23:22:19Z" user="damjang" uid="97922" lat="45.6579460" lon="13.8288802"/>
 <node id="777412060" visible="true" version="1" changeset="5028742" timestamp="2010-06-19T23:22:19Z" user="damjang" uid="97922" lat="45.6579699" lon="13.8297690"/>
 <node id="777412062" visible="true" version="1" changeset="5028742" timestamp="2010-06-19T23:22:19Z" user="damjang" uid="97922" lat="45.6559975" lon="13.8284493"/>
 <node id="777412064" visible="true" version="1" changeset="5028742" timestamp="2010-06-19T23:22:19Z" user="damjang" uid="97922" lat="45.6571961" lon="13.8287081"/>
 <node id="777412068" visible="true" version="1" changeset="5028742" timestamp="2010-06-19T23:22:20Z" user="damjang" uid="97922" lat="45.6571083" lon="13.8299069">
  <tag k="traffic_calming" v="bump"/>
 </node>
 <node id="777412070" visible="true" version="2" changeset="86760155" timestamp="2020-06-17T08:11:14Z" user="Badojo" uid="8189075" lat="45.6586458" lon="13.8277053"/>
 <node id="777412072" visible="true" version="1" changeset="5028742" timestamp="2010-06-19T23:22:20Z" user="damjang" uid="97922" lat="45.6572238" lon="13.8301125"/>
 <node id="777412074" visible="true" version="1" changeset="5028742" timestamp="2010-06-19T23:22:20Z" user="damjang" uid="97922" lat="45.6586457" lon="13.8294325"/>
 <node id="777412075" visible="true" version="1" changeset="5028742" timestamp="2010-06-19T23:22:20Z" user="damjang" uid="97922" lat="45.6577949" lon="13.8296897"/>
 <node id="777412077" visible="true" version="1" changeset="5028742" timestamp="2010-06-19T23:22:20Z" user="damjang" uid="97922" lat="45.6562558" lon="13.8288277"/>
 <node id="777412080" visible="true" version="1" changeset="5028742" timestamp="2010-06-19T23:22:20Z" user="damjang" uid="97922" lat="45.6575014" lon="13.8274051"/>
 <node id="777412081" visible="true" version="1" changeset="5028742" timestamp="2010-06-19T23:22:20Z" user="damjang" uid="97922" lat="45.6569388" lon="13.8275539"/>
 <node id="777412083" visible="true" version="1" changeset="5028742" timestamp="2010-06-19T23:22:20Z" user="damjang" uid="97922" lat="45.6580029" lon="13.8274510"/>
 <node id="777412084" visible="true" version="1" changeset="5028742" timestamp="2010-06-19T23:22:20Z" user="damjang" uid="97922" lat="45.6588012" lon="13.8288400"/>
 <node id="777412085" visible="true" version="1" changeset="5028742" timestamp="2010-06-19T23:22:20Z" user="damjang" uid="97922" lat="45.6589861" lon="13.8304357"/>
 <node id="777412086" visible="true" version="1" changeset="5028742" timestamp="2010-06-19T23:22:20Z" user="damjang" uid="97922" lat="45.6586647" lon="13.8298180"/>
 <node id="777412087" visible="true" version="4" changeset="98324325" timestamp="2021-01-28T23:30:36Z" user="damjang" uid="97922" lat="45.6560961" lon="13.8305972">
  <tag k="direction" v="forward"/>
  <tag k="highway" v="stop"/>
 </node>
 <node id="777412088" visible="true" version="1" changeset="5028742" timestamp="2010-06-19T23:22:20Z" user="damjang" uid="97922" lat="45.6587116" lon="13.8282740"/>
 <node id="777412089" visible="true" version="1" changeset="5028742" timestamp="2010-06-19T23:22:20Z" user="damjang" uid="97922" lat="45.6587558" lon="13.8278789"/>
 <node id="777412090" visible="true" version="1" changeset="5028742" timestamp="2010-06-19T23:22:20Z" user="damjang" uid="97922" lat="45.6568909" lon="13.8280249"/>
 <node id="777412091" visible="true" version="1" changeset="5028742" timestamp="2010-06-19T23:22:20Z" user="damjang" uid="97922" lat="45.6580071" lon="13.8277015"/>
 <node id="777412092" visible="true" version="1" changeset="5028742" timestamp="2010-06-19T23:22:20Z" user="damjang" uid="97922" lat="45.6566065" lon="13.8291349"/>
 <node id="777412103" visible="true" version="1" changeset="5028742" timestamp="2010-06-19T23:22:21Z" user="damjang" uid="97922" lat="45.6583374" lon="13.8300868"/>
 <node id="777412105" visible="true" version="1" changeset="5028742" timestamp="2010-06-19T23:22:21Z" user="damjang" uid="97922" lat="45.6556325" lon="13.8280761"/>
 <node id="777412107" visible="true" version="1" changeset="5028742" timestamp="2010-06-19T23:22:21Z" user="damjang" uid="97922" lat="45.6573544" lon="13.8280608"/>
 <node id="777412109" visible="true" version="1" changeset="5028742" timestamp="2010-06-19T23:22:21Z" user="damjang" uid="97922" lat="45.6589887" lon="13.8300086"/>
 <node id="777412111" visible="true" version="1" changeset="5028742" timestamp="2010-06-19T23:22:21Z" user="damjang" uid="97922" lat="45.6586269" lon="13.8287996"/>
 <node id="777412113" visible="true" version="1" changeset="5028742" timestamp="2010-06-19T23:22:21Z" user="damjang" uid="97922" lat="45.6588337" lon="13.8304119"/>
 <node id="777412114" visible="true" version="1" changeset="5028742" timestamp="2010-06-19T23:22:21Z" user="damjang" uid="97922" lat="45.6569976" lon="13.8292878"/>
 <node id="777412116" visible="true" version="1" changeset="5028742" timestamp="2010-06-19T23:22:21Z" user="damjang" uid="97922" lat="45.6565386" lon="13.8296063"/>
 <node id="777412118" visible="true" version="1" changeset="5028742" timestamp="2010-06-19T23:22:21Z" user="damjang" uid="97922" lat="45.6577365" lon="13.8305897"/>
 <node id="777412120" visible="true" version="1" changeset="5028742" timestamp="2010-06-19T23:22:21Z" user="damjang" uid="97922" lat="45.6584297" lon="13.8282435"/>
 <node id="777412121" visible="true" version="1" changeset="5028742" timestamp="2010-06-19T23:22:21Z" user="damjang" uid="97922" lat="45.6586467" lon="13.8297026"/>
 <node id="777412127" visible="true" version="1" changeset="5028742" timestamp="2010-06-19T23:22:21Z" user="damjang" uid="97922" lat="45.6573482" lon="13.8301563"/>
 <node id="777412129" visible="true" version="2" changeset="139244258" timestamp="2023-07-31T09:30:23Z" user="darthravem" uid="2415747" lat="45.6567766" lon="13.8295546">
  <tag k="check_date:crossing" v="2023-07-31"/>
  <tag k="crossing" v="uncontrolled"/>
  <tag k="crossing_ref" v="zebra"/>
  <tag k="highway" v="crossing"/>
 </node>
 <node id="777412131" visible="true" version="5" changeset="100988543" timestamp="2021-03-14T13:07:46Z" user="alessandrocarmeli" uid="12294600" lat="45.6562822" lon="13.8298726"/>
 <node id="777412133" visible="true" version="1" changeset="5028742" timestamp="2010-06-19T23:22:21Z" user="damjang" uid="97922" lat="45.6572995" lon="13.8287400"/>
 <node id="777412137" visible="true" version="2" changeset="143935065" timestamp="2023-11-12T14:15:49Z" user="Badojo" uid="8189075" lat="45.6568239" lon="13.8288997"/>
 <node id="777412139" visible="true" version="1" changeset="5028742" timestamp="2010-06-19T23:22:21Z" user="damjang" uid="97922" lat="45.6553834" lon="13.8278288"/>
 <node id="777412390" visible="true" version="1" changeset="5028742" timestamp="2010-06-19T23:22:31Z" user="damjang" uid="97922" lat="45.6576143" lon="13.8297533"/>
 <node id="777412394" visible="true" version="1" changeset="5028742" timestamp="2010-06-19T23:22:31Z" user="damjang" uid="97922" lat="45.6587770" lon="13.8287295"/>
 <node id="777412396" visible="true" version="1" changeset="5028742" timestamp="2010-06-19T23:22:31Z" user="damjang" uid="97922" lat="45.6582118" lon="13.8300438"/>
 <node id="777412398" visible="true" version="1" changeset="5028742" timestamp="2010-06-19T23:22:31Z" user="damjang" uid="97922" lat="45.6583035" lon="13.8282134"/>
 <node id="777412400" visible="true" version="1" changeset="5028742" timestamp="2010-06-19T23:22:31Z" user="damjang" uid="97922" lat="45.6572880" lon="13.8292497"/>
 <node id="777412402" visible="true" version="1" changeset="5028742" timestamp="2010-06-19T23:22:31Z" user="damjang" uid="97922" lat="45.6587412" lon="13.8288776"/>
 <node id="777412403" visible="true" version="1" changeset="5028742" timestamp="2010-06-19T23:22:31Z" user="damjang" uid="97922" lat="45.6583285" lon="13.8283278"/>
 <node id="777412405" visible="true" version="1" changeset="5028742" timestamp="2010-06-19T23:22:31Z" user="damjang" uid="97922" lat="45.6561750" lon="13.8287131"/>
 <node id="777412407" visible="true" version="1" changeset="5028742" timestamp="2010-06-19T23:22:31Z" user="damjang" uid="97922" lat="45.6566601" lon="13.8294763"/>
 <node id="777412410" visible="true" version="1" changeset="5028742" timestamp="2010-06-19T23:22:31Z" user="damjang" uid="97922" lat="45.6564596" lon="13.8297589"/>
 <node id="777412412" visible="true" version="1" changeset="5028742" timestamp="2010-06-19T23:22:31Z" user="damjang" uid="97922" lat="45.6583089" lon="13.8306165"/>
 <node id="777412414" visible="true" version="1" changeset="5028742" timestamp="2010-06-19T23:22:31Z" user="damjang" uid="97922" lat="45.6577540" lon="13.8276256"/>
 <node id="777412416" visible="true" version="1" changeset="5028742" timestamp="2010-06-19T23:22:31Z" user="damjang" uid="97922" lat="45.6577743" lon="13.8277466"/>
 <node id="777412418" visible="true" version="1" changeset="5028742" timestamp="2010-06-19T23:22:31Z" user="damjang" uid="97922" lat="45.6572221" lon="13.8300627"/>
 <node id="777412419" visible="true" version="1" changeset="5028742" timestamp="2010-06-19T23:22:31Z" user="damjang" uid="97922" lat="45.6576412" lon="13.8286492"/>
 <node id="777412421" visible="true" version="1" changeset="5028742" timestamp="2010-06-19T23:22:31Z" user="damjang" uid="97922" lat="45.6582018" lon="13.8273869"/>
 <node id="777412435" visible="true" version="1" changeset="5028742" timestamp="2010-06-19T23:22:32Z" user="damjang" uid="97922" lat="45.6570092" lon="13.8291283"/>
 <node id="777412437" visible="true" version="2" changeset="93412611" timestamp="2020-11-02T10:29:35Z" user="damjang" uid="97922" lat="45.6568133" lon="13.8277061"/>
 <node id="777412718" visible="true" version="1" changeset="5028742" timestamp="2010-06-19T23:22:42Z" user="damjang" uid="97922" lat="45.6569713" lon="13.8297011"/>
 <node id="777412720" visible="true" version="1" changeset="5028742" timestamp="2010-06-19T23:22:42Z" user="damjang" uid="97922" lat="45.6579320" lon="13.8300757"/>
 <node id="777412722" visible="true" version="1" changeset="5028742" timestamp="2010-06-19T23:22:42Z" user="damjang" uid="97922" lat="45.6592073" lon="13.8300245"/>
 <node id="777412723" visible="true" version="1" changeset="5028742" timestamp="2010-06-19T23:22:42Z" user="damjang" uid="97922" lat="45.6576485" lon="13.8293758"/>
 <node id="777412725" visible="true" version="2" changeset="121790527" timestamp="2022-06-01T03:23:12Z" user="EvanE" uid="184969" lat="45.6572477" lon="13.8295889">
  <tag k="entrance" v="yes"/>
 </node>
 <node id="777412727" visible="true" version="1" changeset="5028742" timestamp="2010-06-19T23:22:42Z" user="damjang" uid="97922" lat="45.6591268" lon="13.8300776"/>
 <node id="777412731" visible="true" version="4" changeset="98324325" timestamp="2021-01-28T23:30:36Z" user="damjang" uid="97922" lat="45.6562460" lon="13.8298448"/>
 <node id="777412733" visible="true" version="1" changeset="5028742" timestamp="2010-06-19T23:22:42Z" user="damjang" uid="97922" lat="45.6574815" lon="13.8286017"/>
 <node id="777412734" visible="true" version="1" changeset="5028742" timestamp="2010-06-19T23:22:42Z" user="damjang" uid="97922" lat="45.6577143" lon="13.8298009"/>
 <node id="777412736" visible="true" version="1" changeset="5028742" timestamp="2010-06-19T23:22:42Z" user="damjang" uid="97922" lat="45.6587809" lon="13.8296251"/>
 <node id="777412738" visible="true" version="8" changeset="170031635" timestamp="2025-08-05T23:27:23Z" user="wildmaps" uid="4365159" lat="45.6566333" lon="13.8294659">
  <tag k="bench" v="yes"/>
  <tag k="bin" v="yes"/>
  <tag k="bus" v="yes"/>
  <tag k="highway" v="bus_stop"/>
  <tag k="name" v="Area di Ricerca"/>
  <tag k="network" v="Trieste Trasporti"/>
  <tag k="network:wikidata" v="Q3539115"/>
  <tag k="network:wikipedia" v="it:Trieste Trasporti"/>
  <tag k="old_operator" v="Trieste Trasporti"/>
  <tag k="operator" v="TPL FVG"/>
  <tag k="operator:wikidata" v="Q109614879"/>
  <tag k="operator:wikipedia" v="it:TPL FVG"/>
  <tag k="public_transport" v="platform"/>
  <tag k="shelter" v="yes"/>
 </node>
 <node id="777412740" visible="true" version="1" changeset="5028742" timestamp="2010-06-19T23:22:42Z" user="damjang" uid="97922" lat="45.6581258" lon="13.8299245"/>
 <node id="777412742" visible="true" version="1" changeset="5028742" timestamp="2010-06-19T23:22:42Z" user="damjang" uid="97922" lat="45.6557687" lon="13.8281506"/>
 <node id="777412744" visible="true" version="1" changeset="5028742" timestamp="2010-06-19T23:22:42Z" user="damjang" uid="97922" lat="45.6569809" lon="13.8291418"/>
 <node id="777412745" visible="true" version="1" changeset="5028742" timestamp="2010-06-19T23:22:42Z" user="damjang" uid="97922" lat="45.6578573" lon="13.8302709"/>
 <node id="777412747" visible="true" version="1" changeset="5028742" timestamp="2010-06-19T23:22:42Z" user="damjang" uid="97922" lat="45.6571839" lon="13.8300655"/>
 <node id="777412749" visible="true" version="1" changeset="5028742" timestamp="2010-06-19T23:22:42Z" user="damjang" uid="97922" lat="45.6589239" lon="13.8297603"/>
 <node id="777412751" visible="true" version="2" changeset="86760155" timestamp="2020-06-17T08:11:14Z" user="Badojo" uid="8189075" lat="45.6589655" lon="13.8301142"/>
 <node id="777412753" visible="true" version="1" changeset="5028742" timestamp="2010-06-19T23:22:43Z" user="damjang" uid="97922" lat="45.6572344" lon="13.8296022"/>
 <node id="777412764" visible="true" version="1" changeset="5028742" timestamp="2010-06-19T23:22:43Z" user="damjang" uid="97922" lat="45.6583034" lon="13.8297532"/>
 <node id="777412765" visible="true" version="3" changeset="15251260" timestamp="2013-03-04T20:34:56Z" user="Aris Milani" uid="1189125" lat="45.6581772" lon="13.8256087"/>
 <node id="777412769" visible="true" version="1" changeset="5028742" timestamp="2010-06-19T23:22:43Z" user="damjang" uid="97922" lat="45.6567957" lon="13.8279813"/>
 <node id="777412770" visible="true" version="1" changeset="5028742" timestamp="2010-06-19T23:22:43Z" user="damjang" uid="97922" lat="45.6536115" lon="13.8255814"/>
 <node id="777412772" visible="true" version="1" changeset="5028742" timestamp="2010-06-19T23:22:43Z" user="damjang" uid="97922" lat="45.6569192" lon="13.8294846"/>
 <node id="777412774" visible="true" version="1" changeset="5028742" timestamp="2010-06-19T23:22:43Z" user="damjang" uid="97922" lat="45.6588044" lon="13.8288342"/>
 <node id="777412776" visible="true" version="2" changeset="98323862" timestamp="2021-01-28T23:18:09Z" user="damjang" uid="97922" lat="45.6576024" lon="13.8306272"/>
 <node id="777412777" visible="true" version="1" changeset="5028742" timestamp="2010-06-19T23:22:43Z" user="damjang" uid="97922" lat="45.6587553" lon="13.8298557"/>
 <node id="777412779" visible="true" version="2" changeset="11859288" timestamp="2012-06-10T21:05:42Z" user="damjang" uid="97922" lat="45.6558162" lon="13.8292031"/>
 <node id="777412780" visible="true" version="1" changeset="5028742" timestamp="2010-06-19T23:22:43Z" user="damjang" uid="97922" lat="45.6581982" lon="13.8284103"/>
 <node id="777412782" visible="true" version="1" changeset="5028742" timestamp="2010-06-19T23:22:43Z" user="damjang" uid="97922" lat="45.6580701" lon="13.8272979"/>
 <node id="777412783" visible="true" version="1" changeset="5028742" timestamp="2010-06-19T23:22:43Z" user="damjang" uid="97922" lat="45.6570061" lon="13.8276638"/>
 <node id="777412785" visible="true" version="1" changeset="5028742" timestamp="2010-06-19T23:22:43Z" user="damjang" uid="97922" lat="45.6580553" lon="13.8296763"/>
 <node id="777412787" visible="true" version="1" changeset="5028742" timestamp="2010-06-19T23:22:44Z" user="damjang" uid="97922" lat="45.6566007" lon="13.8291635"/>
 <node id="777412789" visible="true" version="1" changeset="5028742" timestamp="2010-06-19T23:22:44Z" user="damjang" uid="97922" lat="45.6583094" lon="13.8303900"/>
 <node id="777412790" visible="true" version="1" changeset="5028742" timestamp="2010-06-19T23:22:44Z" user="damjang" uid="97922" lat="45.6559357" lon="13.8285234"/>
 <node id="777412794" visible="true" version="1" changeset="5028742" timestamp="2010-06-19T23:22:44Z" user="damjang" uid="97922" lat="45.6589959" lon="13.8295942"/>
 <node id="777412796" visible="true" version="1" changeset="5028742" timestamp="2010-06-19T23:22:44Z" user="damjang" uid="97922" lat="45.6570524" lon="13.8303585"/>
 <node id="777412814" visible="true" version="1" changeset="5028742" timestamp="2010-06-19T23:22:44Z" user="damjang" uid="97922" lat="45.6586821" lon="13.8304835"/>
 <node id="777412816" visible="true" version="1" changeset="5028742" timestamp="2010-06-19T23:22:44Z" user="damjang" uid="97922" lat="45.6569727" lon="13.8295878"/>
 <node id="777412818" visible="true" version="1" changeset="5028742" timestamp="2010-06-19T23:22:44Z" user="damjang" uid="97922" lat="45.6584223" lon="13.8282602"/>
 <node id="777412820" visible="true" version="2" changeset="98324325" timestamp="2021-01-28T23:30:36Z" user="damjang" uid="97922" lat="45.6560664" lon="13.8289906"/>
 <node id="777412821" visible="true" version="1" changeset="5028742" timestamp="2010-06-19T23:22:44Z" user="damjang" uid="97922" lat="45.6577489" lon="13.8297447"/>
 <node id="777412823" visible="true" version="1" changeset="5028742" timestamp="2010-06-19T23:22:44Z" user="damjang" uid="97922" lat="45.6570804" lon="13.8282640"/>
 <node id="777412825" visible="true" version="1" changeset="5028742" timestamp="2010-06-19T23:22:44Z" user="damjang" uid="97922" lat="45.6575524" lon="13.8277701"/>
 <node id="777412827" visible="true" version="1" changeset="5028742" timestamp="2010-06-19T23:22:44Z" user="damjang" uid="97922" lat="45.6585358" lon="13.8272907"/>
 <node id="777412828" visible="true" version="1" changeset="5028742" timestamp="2010-06-19T23:22:44Z" user="damjang" uid="97922" lat="45.6571136" lon="13.8298734"/>
 <node id="777412830" visible="true" version="5" changeset="100988543" timestamp="2021-03-14T13:07:46Z" user="alessandrocarmeli" uid="12294600" lat="45.6562621" lon="13.8298799"/>
 <node id="777412832" visible="true" version="1" changeset="5028742" timestamp="2010-06-19T23:22:44Z" user="damjang" uid="97922" lat="45.6573884" lon="13.8290952"/>
 <node id="777412834" visible="true" version="1" changeset="5028742" timestamp="2010-06-19T23:22:44Z" user="damjang" uid="97922" lat="45.6580068" lon="13.8291402"/>
 <node id="777412835" visible="true" version="1" changeset="5028742" timestamp="2010-06-19T23:22:44Z" user="damjang" uid="97922" lat="45.6563586" lon="13.8289838"/>
 <node id="777412837" visible="true" version="1" changeset="5028742" timestamp="2010-06-19T23:22:44Z" user="damjang" uid="97922" lat="45.6556849" lon="13.8281785"/>
 <node id="777412839" visible="true" version="1" changeset="5028742" timestamp="2010-06-19T23:22:45Z" user="damjang" uid="97922" lat="45.6568656" lon="13.8278465"/>
 <node id="777412840" visible="true" version="1" changeset="5028742" timestamp="2010-06-19T23:22:45Z" user="damjang" uid="97922" lat="45.6582502" lon="13.8286956"/>
 <node id="777412842" visible="true" version="1" changeset="5028742" timestamp="2010-06-19T23:22:45Z" user="damjang" uid="97922" lat="45.6588257" lon="13.8287420"/>
 <node id="777412844" visible="true" version="1" changeset="5028742" timestamp="2010-06-19T23:22:45Z" user="damjang" uid="97922" lat="45.6584316" lon="13.8301708"/>
 <node id="777412846" visible="true" version="1" changeset="5028742" timestamp="2010-06-19T23:22:45Z" user="damjang" uid="97922" lat="45.6590370" lon="13.8296450"/>
 <node id="777412847" visible="true" version="1" changeset="5028742" timestamp="2010-06-19T23:22:45Z" user="damjang" uid="97922" lat="45.6586729" lon="13.8296637"/>
 <node id="777412866" visible="true" version="1" changeset="5028742" timestamp="2010-06-19T23:22:45Z" user="damjang" uid="97922" lat="45.6583410" lon="13.8288736"/>
 <node id="777412868" visible="true" version="1" changeset="5028742" timestamp="2010-06-19T23:22:45Z" user="damjang" uid="97922" lat="45.6584258" lon="13.8281887"/>
 <node id="777412870" visible="true" version="1" changeset="5028742" timestamp="2010-06-19T23:22:45Z" user="damjang" uid="97922" lat="45.6560478" lon="13.8285619"/>
 <node id="777412872" visible="true" version="1" changeset="5028742" timestamp="2010-06-19T23:22:45Z" user="damjang" uid="97922" lat="45.6573389" lon="13.8274295"/>
 <node id="777412877" visible="true" version="1" changeset="5028742" timestamp="2010-06-19T23:22:45Z" user="damjang" uid="97922" lat="45.6589359" lon="13.8304757"/>
 <node id="777412879" visible="true" version="1" changeset="5028742" timestamp="2010-06-19T23:22:45Z" user="damjang" uid="97922" lat="45.6577419" lon="13.8278513"/>
 <node id="777412881" visible="true" version="1" changeset="5028742" timestamp="2010-06-19T23:22:45Z" user="damjang" uid="97922" lat="45.6576899" lon="13.8277992"/>
 <node id="777412882" visible="true" version="1" changeset="5028742" timestamp="2010-06-19T23:22:45Z" user="damjang" uid="97922" lat="45.6585209" lon="13.8275417"/>
 <node id="777412884" visible="true" version="1" changeset="5028742" timestamp="2010-06-19T23:22:45Z" user="damjang" uid="97922" lat="45.6585509" lon="13.8288500"/>
 <node id="777412890" visible="true" version="1" changeset="5028742" timestamp="2010-06-19T23:22:46Z" user="damjang" uid="97922" lat="45.6577646" lon="13.8289587"/>
 <node id="777412891" visible="true" version="1" changeset="5028742" timestamp="2010-06-19T23:22:46Z" user="damjang" uid="97922" lat="45.6569539" lon="13.8296478"/>
 <node id="777412893" visible="true" version="1" changeset="5028742" timestamp="2010-06-19T23:22:46Z" user="damjang" uid="97922" lat="45.6577782" lon="13.8306156"/>
 <node id="777412895" visible="true" version="1" changeset="5028742" timestamp="2010-06-19T23:22:46Z" user="damjang" uid="97922" lat="45.6580881" lon="13.8293423"/>
 <node id="777412897" visible="true" version="1" changeset="5028742" timestamp="2010-06-19T23:22:46Z" user="damjang" uid="97922" lat="45.6574700" lon="13.8277201"/>
 <node id="777412898" visible="true" version="1" changeset="5028742" timestamp="2010-06-19T23:22:46Z" user="damjang" uid="97922" lat="45.6567848" lon="13.8281539"/>
 <node id="777412900" visible="true" version="1" changeset="5028742" timestamp="2010-06-19T23:22:46Z" user="damjang" uid="97922" lat="45.6586034" lon="13.8280774"/>
 <node id="777412916" visible="true" version="1" changeset="5028742" timestamp="2010-06-19T23:22:47Z" user="damjang" uid="97922" lat="45.6588178" lon="13.8301091"/>
 <node id="777412920" visible="true" version="1" changeset="5028742" timestamp="2010-06-19T23:22:47Z" user="damjang" uid="97922" lat="45.6587761" lon="13.8296398"/>
 <node id="777412922" visible="true" version="1" changeset="5028742" timestamp="2010-06-19T23:22:47Z" user="damjang" uid="97922" lat="45.6564253" lon="13.8291104"/>
 <node id="777412923" visible="true" version="1" changeset="5028742" timestamp="2010-06-19T23:22:47Z" user="damjang" uid="97922" lat="45.6577722" lon="13.8302783"/>
 <node id="777412925" visible="true" version="1" changeset="5028742" timestamp="2010-06-19T23:22:47Z" user="damjang" uid="97922" lat="45.6556617" lon="13.8279586"/>
 <node id="777412927" visible="true" version="1" changeset="5028742" timestamp="2010-06-19T23:22:47Z" user="damjang" uid="97922" lat="45.6569753" lon="13.8292487"/>
 <node id="777412941" visible="true" version="1" changeset="5028742" timestamp="2010-06-19T23:22:47Z" user="damjang" uid="97922" lat="45.6580034" lon="13.8275300"/>
 <node id="777412943" visible="true" version="1" changeset="5028742" timestamp="2010-06-19T23:22:48Z" user="damjang" uid="97922" lat="45.6570813" lon="13.8299094"/>
 <node id="777412945" visible="true" version="1" changeset="5028742" timestamp="2010-06-19T23:22:48Z" user="damjang" uid="97922" lat="45.6589371" lon="13.8300480"/>
 <node id="777412947" visible="true" version="1" changeset="5028742" timestamp="2010-06-19T23:22:48Z" user="damjang" uid="97922" lat="45.6571895" lon="13.8293822"/>
 <node id="777412949" visible="true" version="1" changeset="5028742" timestamp="2010-06-19T23:22:48Z" user="damjang" uid="97922" lat="45.6583080" lon="13.8287909"/>
 <node id="777412951" visible="true" version="1" changeset="5028742" timestamp="2010-06-19T23:22:48Z" user="damjang" uid="97922" lat="45.6574192" lon="13.8281806"/>
 <node id="777412952" visible="true" version="1" changeset="5028742" timestamp="2010-06-19T23:22:48Z" user="damjang" uid="97922" lat="45.6581142" lon="13.8276576"/>
 <node id="777412954" visible="true" version="1" changeset="5028742" timestamp="2010-06-19T23:22:48Z" user="damjang" uid="97922" lat="45.6571624" lon="13.8275580"/>
 <node id="777412957" visible="true" version="1" changeset="5028742" timestamp="2010-06-19T23:22:48Z" user="damjang" uid="97922" lat="45.6568864" lon="13.8289187"/>
 <node id="777412959" visible="true" version="1" changeset="5028742" timestamp="2010-06-19T23:22:48Z" user="damjang" uid="97922" lat="45.6589534" lon="13.8296051"/>
 <node id="777412967" visible="true" version="1" changeset="5028742" timestamp="2010-06-19T23:22:49Z" user="damjang" uid="97922" lat="45.6580679" lon="13.8296184"/>
 <node id="777412968" visible="true" version="1" changeset="5028742" timestamp="2010-06-19T23:22:49Z" user="damjang" uid="97922" lat="45.6589278" lon="13.8303190"/>
 <node id="777412969" visible="true" version="1" changeset="5028742" timestamp="2010-06-19T23:22:49Z" user="damjang" uid="97922" lat="45.6580078" lon="13.8283898"/>
 <node id="777412970" visible="true" version="1" changeset="5028742" timestamp="2010-06-19T23:22:49Z" user="damjang" uid="97922" lat="45.6588683" lon="13.8287088"/>
 <node id="777412971" visible="true" version="1" changeset="5028742" timestamp="2010-06-19T23:22:49Z" user="damjang" uid="97922" lat="45.6570321" lon="13.8275935"/>
 <node id="777412972" visible="true" version="1" changeset="5028742" timestamp="2010-06-19T23:22:49Z" user="damjang" uid="97922" lat="45.6562589" lon="13.8288623"/>
 <node id="777412973" visible="true" version="1" changeset="5028742" timestamp="2010-06-19T23:22:49Z" user="damjang" uid="97922" lat="45.6568080" lon="13.8294489"/>
 <node id="777412974" visible="true" version="1" changeset="5028742" timestamp="2010-06-19T23:22:49Z" user="damjang" uid="97922" lat="45.6574014" lon="13.8302472"/>
 <node id="777412976" visible="true" version="1" changeset="5028742" timestamp="2010-06-19T23:22:49Z" user="damjang" uid="97922" lat="45.6559991" lon="13.8286029"/>
 <node id="777412977" visible="true" version="1" changeset="5028742" timestamp="2010-06-19T23:22:49Z" user="damjang" uid="97922" lat="45.6572937" lon="13.8299753"/>
 <node id="777412978" visible="true" version="1" changeset="5028742" timestamp="2010-06-19T23:22:49Z" user="damjang" uid="97922" lat="45.6573593" lon="13.8286061">
  <tag k="barrier" v="entrance"/>
 </node>
 <node id="777412980" visible="true" version="1" changeset="5028742" timestamp="2010-06-19T23:22:49Z" user="damjang" uid="97922" lat="45.6590220" lon="13.8297248"/>
 <node id="777412981" visible="true" version="1" changeset="5028742" timestamp="2010-06-19T23:22:50Z" user="damjang" uid="97922" lat="45.6576509" lon="13.8291836"/>
 <node id="777412982" visible="true" version="1" changeset="5028742" timestamp="2010-06-19T23:22:50Z" user="damjang" uid="97922" lat="45.6585104" lon="13.8305118"/>
 <node id="777412983" visible="true" version="1" changeset="5028742" timestamp="2010-06-19T23:22:50Z" user="damjang" uid="97922" lat="45.6570797" lon="13.8298166"/>
 <node id="777412984" visible="true" version="2" changeset="98324325" timestamp="2021-01-28T23:30:36Z" user="damjang" uid="97922" lat="45.6560380" lon="13.8289354"/>
 <node id="777412985" visible="true" version="1" changeset="5028742" timestamp="2010-06-19T23:22:50Z" user="damjang" uid="97922" lat="45.6580239" lon="13.8296488"/>
 <node id="777412986" visible="true" version="1" changeset="5028742" timestamp="2010-06-19T23:22:50Z" user="damjang" uid="97922" lat="45.6583072" lon="13.8285019"/>
 <node id="777412987" visible="true" version="1" changeset="5028742" timestamp="2010-06-19T23:22:50Z" user="damjang" uid="97922" lat="45.6569904" lon="13.8286440"/>
 <node id="777412988" visible="true" version="1" changeset="5028742" timestamp="2010-06-19T23:22:50Z" user="damjang" uid="97922" lat="45.6575251" lon="13.8274484"/>
 <node id="777412989" visible="true" version="1" changeset="5028742" timestamp="2010-06-19T23:22:50Z" user="damjang" uid="97922" lat="45.6573117" lon="13.8302178"/>
 <node id="777412990" visible="true" version="1" changeset="5028742" timestamp="2010-06-19T23:22:50Z" user="damjang" uid="97922" lat="45.6587532" lon="13.8274919"/>
 <node id="777412992" visible="true" version="1" changeset="5028742" timestamp="2010-06-19T23:22:50Z" user="damjang" uid="97922" lat="45.6578233" lon="13.8299103"/>
 <node id="777412993" visible="true" version="1" changeset="5028742" timestamp="2010-06-19T23:22:50Z" user="damjang" uid="97922" lat="45.6579941" lon="13.8291693"/>
 <node id="777412995" visible="true" version="1" changeset="5028742" timestamp="2010-06-19T23:22:51Z" user="damjang" uid="97922" lat="45.6565745" lon="13.8291814"/>
 <node id="777412996" visible="true" version="1" changeset="5028742" timestamp="2010-06-19T23:22:51Z" user="damjang" uid="97922" lat="45.6581467" lon="13.8273777"/>
 <node id="777412997" visible="true" version="1" changeset="5028742" timestamp="2010-06-19T23:22:51Z" user="damjang" uid="97922" lat="45.6570752" lon="13.8274744"/>
 <node id="777412998" visible="true" version="1" changeset="5028742" timestamp="2010-06-19T23:22:51Z" user="damjang" uid="97922" lat="45.6586232" lon="13.8278280"/>
 <node id="777412999" visible="true" version="1" changeset="5028742" timestamp="2010-06-19T23:22:51Z" user="damjang" uid="97922" lat="45.6538666" lon="13.8260602"/>
 <node id="777413000" visible="true" version="1" changeset="5028742" timestamp="2010-06-19T23:22:51Z" user="damjang" uid="97922" lat="45.6588869" lon="13.8302133"/>
 <node id="777413001" visible="true" version="1" changeset="5028742" timestamp="2010-06-19T23:22:51Z" user="damjang" uid="97922" lat="45.6586829" lon="13.8297394"/>
 <node id="777413002" visible="true" version="1" changeset="5028742" timestamp="2010-06-19T23:22:51Z" user="damjang" uid="97922" lat="45.6586684" lon="13.8296602"/>
 <node id="777413003" visible="true" version="1" changeset="5028742" timestamp="2010-06-19T23:22:51Z" user="damjang" uid="97922" lat="45.6587012" lon="13.8293315"/>
 <node id="777413004" visible="true" version="1" changeset="5028742" timestamp="2010-06-19T23:22:51Z" user="damjang" uid="97922" lat="45.6586459" lon="13.8282440"/>
 <node id="777413005" visible="true" version="1" changeset="5028742" timestamp="2010-06-19T23:22:51Z" user="damjang" uid="97922" lat="45.6588361" lon="13.8281358"/>
 <node id="777413006" visible="true" version="1" changeset="5028742" timestamp="2010-06-19T23:22:51Z" user="damjang" uid="97922" lat="45.6571785" lon="13.8274794"/>
 <node id="777413007" visible="true" version="1" changeset="5028742" timestamp="2010-06-19T23:22:51Z" user="damjang" uid="97922" lat="45.6579598" lon="13.8285022"/>
 <node id="777413008" visible="true" version="1" changeset="5028742" timestamp="2010-06-19T23:22:51Z" user="damjang" uid="97922" lat="45.6570682" lon="13.8300223"/>
 <node id="777413009" visible="true" version="1" changeset="5028742" timestamp="2010-06-19T23:22:51Z" user="damjang" uid="97922" lat="45.6581734" lon="13.8297652"/>
 <node id="777413010" visible="true" version="1" changeset="5028742" timestamp="2010-06-19T23:22:51Z" user="damjang" uid="97922" lat="45.6555399" lon="13.8280223"/>
 <node id="777413011" visible="true" version="1" changeset="5028742" timestamp="2010-06-19T23:22:51Z" user="damjang" uid="97922" lat="45.6578313" lon="13.8277036"/>
 <node id="777413012" visible="true" version="1" changeset="5028742" timestamp="2010-06-19T23:22:51Z" user="damjang" uid="97922" lat="45.6587253" lon="13.8287602"/>
 <node id="777413013" visible="true" version="1" changeset="5028742" timestamp="2010-06-19T23:22:51Z" user="damjang" uid="97922" lat="45.6590071" lon="13.8299720"/>
 <node id="777413014" visible="true" version="1" changeset="5028742" timestamp="2010-06-19T23:22:51Z" user="damjang" uid="97922" lat="45.6564416" lon="13.8298148"/>
 <node id="777413016" visible="true" version="1" changeset="5028742" timestamp="2010-06-19T23:22:51Z" user="damjang" uid="97922" lat="45.6578413" lon="13.8285443"/>
 <node id="777413017" visible="true" version="1" changeset="5028742" timestamp="2010-06-19T23:22:52Z" user="damjang" uid="97922" lat="45.6569306" lon="13.8289930"/>
 <node id="777413018" visible="true" version="1" changeset="5028742" timestamp="2010-06-19T23:22:52Z" user="damjang" uid="97922" lat="45.6577500" lon="13.8306137"/>
 <node id="777413020" visible="true" version="1" changeset="5028742" timestamp="2010-06-19T23:22:52Z" user="damjang" uid="97922" lat="45.6576619" lon="13.8292246"/>
 <node id="777413023" visible="true" version="1" changeset="5028742" timestamp="2010-06-19T23:22:52Z" user="damjang" uid="97922" lat="45.6570933" lon="13.8273664"/>
 <node id="777413027" visible="true" version="1" changeset="5028742" timestamp="2010-06-19T23:22:52Z" user="damjang" uid="97922" lat="45.6582331" lon="13.8276361"/>
 <node id="777413029" visible="true" version="1" changeset="5028742" timestamp="2010-06-19T23:22:52Z" user="damjang" uid="97922" lat="45.6569343" lon="13.8300499">
  <tag k="amenity" v="kindergarten"/>
  <tag k="name" v="Asilo nido Cuccioli della Scienza"/>
 </node>
 <node id="777413032" visible="true" version="1" changeset="5028742" timestamp="2010-06-19T23:22:52Z" user="damjang" uid="97922" lat="45.6574851" lon="13.8292734"/>
 <node id="777413034" visible="true" version="1" changeset="5028742" timestamp="2010-06-19T23:22:52Z" user="damjang" uid="97922" lat="45.6588472" lon="13.8296167"/>
 <node id="777413036" visible="true" version="1" changeset="5028742" timestamp="2010-06-19T23:22:52Z" user="damjang" uid="97922" lat="45.6583336" lon="13.8274935"/>
 <node id="777413039" visible="true" version="1" changeset="5028742" timestamp="2010-06-19T23:22:52Z" user="damjang" uid="97922" lat="45.6577770" lon="13.8304181"/>
 <node id="777413047" visible="true" version="1" changeset="5028742" timestamp="2010-06-19T23:22:52Z" user="damjang" uid="97922" lat="45.6553958" lon="13.8278016"/>
 <node id="777413048" visible="true" version="1" changeset="5028742" timestamp="2010-06-19T23:22:52Z" user="damjang" uid="97922" lat="45.6578110" lon="13.8303754"/>
 <node id="777413050" visible="true" version="1" changeset="5028742" timestamp="2010-06-19T23:22:52Z" user="damjang" uid="97922" lat="45.6587004" lon="13.8280272"/>
 <node id="777413052" visible="true" version="1" changeset="5028742" timestamp="2010-06-19T23:22:52Z" user="damjang" uid="97922" lat="45.6571282" lon="13.8301621"/>
 <node id="777413054" visible="true" version="1" changeset="5028742" timestamp="2010-06-19T23:22:52Z" user="damjang" uid="97922" lat="45.6584108" lon="13.8277131"/>
 <node id="777413056" visible="true" version="1" changeset="5028742" timestamp="2010-06-19T23:22:52Z" user="damjang" uid="97922" lat="45.6572142" lon="13.8293706"/>
 <node id="777413057" visible="true" version="1" changeset="5028742" timestamp="2010-06-19T23:22:53Z" user="damjang" uid="97922" lat="45.6584511" lon="13.8286247"/>
 <node id="777413059" visible="true" version="1" changeset="5028742" timestamp="2010-06-19T23:22:53Z" user="damjang" uid="97922" lat="45.6576159" lon="13.8280363"/>
 <node id="777413062" visible="true" version="1" changeset="5028742" timestamp="2010-06-19T23:22:53Z" user="damjang" uid="97922" lat="45.6574111" lon="13.8285964"/>
 <node id="777413064" visible="true" version="1" changeset="5028742" timestamp="2010-06-19T23:22:53Z" user="damjang" uid="97922" lat="45.6568395" lon="13.8289017"/>
 <node id="777413068" visible="true" version="1" changeset="5028742" timestamp="2010-06-19T23:22:53Z" user="damjang" uid="97922" lat="45.6578708" lon="13.8305818"/>
 <node id="777413069" visible="true" version="1" changeset="5028742" timestamp="2010-06-19T23:22:53Z" user="damjang" uid="97922" lat="45.6571390" lon="13.8274190"/>
 <node id="777413071" visible="true" version="1" changeset="5028742" timestamp="2010-06-19T23:22:53Z" user="damjang" uid="97922" lat="45.6578119" lon="13.8294734"/>
 <node id="777413075" visible="true" version="1" changeset="5028742" timestamp="2010-06-19T23:22:53Z" user="damjang" uid="97922" lat="45.6575523" lon="13.8284536"/>
 <node id="777413077" visible="true" version="1" changeset="5028742" timestamp="2010-06-19T23:22:53Z" user="damjang" uid="97922" lat="45.6587709" lon="13.8280374"/>
 <node id="777413078" visible="true" version="1" changeset="5028742" timestamp="2010-06-19T23:22:53Z" user="damjang" uid="97922" lat="45.6571278" lon="13.8291372"/>
 <node id="777413098" visible="true" version="1" changeset="5028742" timestamp="2010-06-19T23:22:54Z" user="damjang" uid="97922" lat="45.6565204" lon="13.8290424"/>
 <node id="777413100" visible="true" version="1" changeset="5028742" timestamp="2010-06-19T23:22:54Z" user="damjang" uid="97922" lat="45.6568807" lon="13.8291003"/>
 <node id="777413102" visible="true" version="1" changeset="5028742" timestamp="2010-06-19T23:22:54Z" user="damjang" uid="97922" lat="45.6576512" lon="13.8305109"/>
 <node id="777413104" visible="true" version="1" changeset="5028742" timestamp="2010-06-19T23:22:54Z" user="damjang" uid="97922" lat="45.6554576" lon="13.8279725"/>
 <node id="777413105" visible="true" version="1" changeset="5028742" timestamp="2010-06-19T23:22:54Z" user="damjang" uid="97922" lat="45.6573093" lon="13.8299616"/>
 <node id="777413107" visible="true" version="1" changeset="5028742" timestamp="2010-06-19T23:22:54Z" user="damjang" uid="97922" lat="45.6573991" lon="13.8280972">
  <tag k="barrier" v="bollard"/>
  <tag k="bicycle" v="yes"/>
  <tag k="foot" v="yes"/>
 </node>
 <node id="777413110" visible="true" version="1" changeset="5028742" timestamp="2010-06-19T23:22:54Z" user="damjang" uid="97922" lat="45.6590581" lon="13.8299673"/>
 <node id="777413111" visible="true" version="1" changeset="5028742" timestamp="2010-06-19T23:22:54Z" user="damjang" uid="97922" lat="45.6586009" lon="13.8276013"/>
 <node id="777413113" visible="true" version="4" changeset="98324325" timestamp="2021-01-28T23:30:36Z" user="damjang" uid="97922" lat="45.6563692" lon="13.8300146"/>
 <node id="777413115" visible="true" version="1" changeset="5028742" timestamp="2010-06-19T23:22:54Z" user="damjang" uid="97922" lat="45.6583569" lon="13.8305824"/>
 <node id="777413117" visible="true" version="1" changeset="5028742" timestamp="2010-06-19T23:22:54Z" user="damjang" uid="97922" lat="45.6574413" lon="13.8301825"/>
 <node id="777413119" visible="true" version="1" changeset="5028742" timestamp="2010-06-19T23:22:54Z" user="damjang" uid="97922" lat="45.6580572" lon="13.8285420"/>
 <node id="777413121" visible="true" version="1" changeset="5028742" timestamp="2010-06-19T23:22:54Z" user="damjang" uid="97922" lat="45.6565039" lon="13.8293125"/>
 <node id="777413122" visible="true" version="1" changeset="5028742" timestamp="2010-06-19T23:22:54Z" user="damjang" uid="97922" lat="45.6580269" lon="13.8296553"/>
 <node id="777413124" visible="true" version="1" changeset="5028742" timestamp="2010-06-19T23:22:54Z" user="damjang" uid="97922" lat="45.6559454" lon="13.8283730"/>
 <node id="777413126" visible="true" version="1" changeset="5028742" timestamp="2010-06-19T23:22:54Z" user="damjang" uid="97922" lat="45.6569807" lon="13.8292187"/>
 <node id="777413128" visible="true" version="1" changeset="5028742" timestamp="2010-06-19T23:22:54Z" user="damjang" uid="97922" lat="45.6578389" lon="13.8303364"/>
 <node id="777413130" visible="true" version="1" changeset="5028742" timestamp="2010-06-19T23:22:54Z" user="damjang" uid="97922" lat="45.6571846" lon="13.8300448"/>
 <node id="777413131" visible="true" version="1" changeset="5028742" timestamp="2010-06-19T23:22:54Z" user="damjang" uid="97922" lat="45.6592991" lon="13.8302402"/>
 <node id="777413133" visible="true" version="3" changeset="98324325" timestamp="2021-01-28T23:30:36Z" user="damjang" uid="97922" lat="45.6562650" lon="13.8299270"/>
 <node id="777413149" visible="true" version="1" changeset="5028742" timestamp="2010-06-19T23:22:55Z" user="damjang" uid="97922" lat="45.6574424" lon="13.8296955"/>
 <node id="777413150" visible="true" version="1" changeset="5028742" timestamp="2010-06-19T23:22:55Z" user="damjang" uid="97922" lat="45.6578466" lon="13.8282412"/>
 <node id="777413152" visible="true" version="2" changeset="98323862" timestamp="2021-01-28T23:18:09Z" user="damjang" uid="97922" lat="45.6576228" lon="13.8307255"/>
 <node id="777413154" visible="true" version="1" changeset="5028742" timestamp="2010-06-19T23:22:56Z" user="damjang" uid="97922" lat="45.6575071" lon="13.8274220"/>
 <node id="777413156" visible="true" version="2" changeset="93412611" timestamp="2020-11-02T10:29:35Z" user="damjang" uid="97922" lat="45.6568483" lon="13.8277340"/>
 <node id="777413158" visible="true" version="1" changeset="5028742" timestamp="2010-06-19T23:22:56Z" user="damjang" uid="97922" lat="45.6531972" lon="13.8253745"/>
 <node id="777413159" visible="true" version="1" changeset="5028742" timestamp="2010-06-19T23:22:56Z" user="damjang" uid="97922" lat="45.6575853" lon="13.8274859"/>
 <node id="777413161" visible="true" version="1" changeset="5028742" timestamp="2010-06-19T23:22:56Z" user="damjang" uid="97922" lat="45.6588975" lon="13.8300586"/>
 <node id="777413163" visible="true" version="1" changeset="5028742" timestamp="2010-06-19T23:22:56Z" user="damjang" uid="97922" lat="45.6592707" lon="13.8301719"/>
 <node id="777413165" visible="true" version="1" changeset="5028742" timestamp="2010-06-19T23:22:56Z" user="damjang" uid="97922" lat="45.6580750" lon="13.8294248"/>
 <node id="777413166" visible="true" version="1" changeset="5028742" timestamp="2010-06-19T23:22:56Z" user="damjang" uid="97922" lat="45.6591989" lon="13.8302166"/>
 <node id="777413168" visible="true" version="1" changeset="5028742" timestamp="2010-06-19T23:22:56Z" user="damjang" uid="97922" lat="45.6586655" lon="13.8280761"/>
 <node id="777413170" visible="true" version="1" changeset="5028742" timestamp="2010-06-19T23:22:56Z" user="damjang" uid="97922" lat="45.6584108" lon="13.8274135"/>
 <node id="777413172" visible="true" version="1" changeset="5028742" timestamp="2010-06-19T23:22:56Z" user="damjang" uid="97922" lat="45.6569275" lon="13.8278399"/>
 <node id="777413174" visible="true" version="1" changeset="5028742" timestamp="2010-06-19T23:22:56Z" user="damjang" uid="97922" lat="45.6580542" lon="13.8279596"/>
 <node id="777413175" visible="true" version="1" changeset="5028742" timestamp="2010-06-19T23:22:56Z" user="damjang" uid="97922" lat="45.6571763" lon="13.8301741"/>
 <node id="777413177" visible="true" version="1" changeset="5028742" timestamp="2010-06-19T23:22:56Z" user="damjang" uid="97922" lat="45.6588761" lon="13.8298490"/>
 <node id="777413179" visible="true" version="1" changeset="5028742" timestamp="2010-06-19T23:22:56Z" user="damjang" uid="97922" lat="45.6555366" lon="13.8280176"/>
 <node id="777413180" visible="true" version="1" changeset="5028742" timestamp="2010-06-19T23:22:56Z" user="damjang" uid="97922" lat="45.6578302" lon="13.8276835"/>
 <node id="777413182" visible="true" version="1" changeset="5028742" timestamp="2010-06-19T23:22:56Z" user="damjang" uid="97922" lat="45.6589603" lon="13.8299966"/>
 <node id="777413198" visible="true" version="1" changeset="5028742" timestamp="2010-06-19T23:22:57Z" user="damjang" uid="97922" lat="45.6577979" lon="13.8289377"/>
 <node id="777413199" visible="true" version="1" changeset="5028742" timestamp="2010-06-19T23:22:57Z" user="damjang" uid="97922" lat="45.6587617" lon="13.8304336"/>
 <node id="777413201" visible="true" version="1" changeset="5028742" timestamp="2010-06-19T23:22:57Z" user="damjang" uid="97922" lat="45.6569605" lon="13.8293618"/>
 <node id="777413203" visible="true" version="1" changeset="5028742" timestamp="2010-06-19T23:22:57Z" user="damjang" uid="97922" lat="45.6583980" lon="13.8285627"/>
 <node id="777413205" visible="true" version="1" changeset="5028742" timestamp="2010-06-19T23:22:57Z" user="damjang" uid="97922" lat="45.6564466" lon="13.8297436"/>
 <node id="777413207" visible="true" version="1" changeset="5028742" timestamp="2010-06-19T23:22:57Z" user="damjang" uid="97922" lat="45.6575752" lon="13.8305484"/>
 <node id="777413208" visible="true" version="1" changeset="5028742" timestamp="2010-06-19T23:22:57Z" user="damjang" uid="97922" lat="45.6576641" lon="13.8292344"/>
 <node id="777413210" visible="true" version="1" changeset="5028742" timestamp="2010-06-19T23:22:57Z" user="damjang" uid="97922" lat="45.6575399" lon="13.8277042"/>
 <node id="777413212" visible="true" version="1" changeset="5028742" timestamp="2010-06-19T23:22:57Z" user="damjang" uid="97922" lat="45.6573502" lon="13.8301728"/>
 <node id="777413216" visible="true" version="3" changeset="160905093" timestamp="2025-01-02T12:35:48Z" user="darthravem" uid="2415747" lat="45.6576841" lon="13.8284624">
  <tag k="amenity" v="bench"/>
  <tag k="backrest" v="yes"/>
  <tag k="check_date" v="2025-01-02"/>
  <tag k="surface" v="paved"/>
 </node>
 <node id="777413220" visible="true" version="1" changeset="5028742" timestamp="2010-06-19T23:22:57Z" user="damjang" uid="97922" lat="45.6574299" lon="13.8287366"/>
 <node id="777413221" visible="true" version="1" changeset="5028742" timestamp="2010-06-19T23:22:57Z" user="damjang" uid="97922" lat="45.6575542" lon="13.8286911"/>
 <node id="777413223" visible="true" version="1" changeset="5028742" timestamp="2010-06-19T23:22:57Z" user="damjang" uid="97922" lat="45.6570031" lon="13.8277024"/>
 <node id="777413225" visible="true" version="1" changeset="5028742" timestamp="2010-06-19T23:22:57Z" user="damjang" uid="97922" lat="45.6576949" lon="13.8303843"/>
 <node id="777413226" visible="true" version="1" changeset="5028742" timestamp="2010-06-19T23:22:57Z" user="damjang" uid="97922" lat="45.6554081" lon="13.8277800"/>
 <node id="777413228" visible="true" version="1" changeset="5028742" timestamp="2010-06-19T23:22:57Z" user="damjang" uid="97922" lat="45.6571606" lon="13.8301539">
  <tag k="barrier" v="gate"/>
 </node>
 <node id="777413232" visible="true" version="1" changeset="5028742" timestamp="2010-06-19T23:22:57Z" user="damjang" uid="97922" lat="45.6587969" lon="13.8287618"/>
 <node id="777413244" visible="true" version="1" changeset="5028742" timestamp="2010-06-19T23:22:58Z" user="damjang" uid="97922" lat="45.6582218" lon="13.8300026"/>
 <node id="777413245" visible="true" version="1" changeset="5028742" timestamp="2010-06-19T23:22:58Z" user="damjang" uid="97922" lat="45.6580507" lon="13.8276586"/>
 <node id="777413246" visible="true" version="1" changeset="5028742" timestamp="2010-06-19T23:22:58Z" user="damjang" uid="97922" lat="45.6572719" lon="13.8294030"/>
 <node id="777413247" visible="true" version="1" changeset="5028742" timestamp="2010-06-19T23:22:58Z" user="damjang" uid="97922" lat="45.6582459" lon="13.8289406"/>
 <node id="777413248" visible="true" version="1" changeset="5028742" timestamp="2010-06-19T23:22:58Z" user="damjang" uid="97922" lat="45.6576652" lon="13.8279597"/>
 <node id="777413249" visible="true" version="1" changeset="5028742" timestamp="2010-06-19T23:22:58Z" user="damjang" uid="97922" lat="45.6561255" lon="13.8286357"/>
 <node id="777413250" visible="true" version="1" changeset="5028742" timestamp="2010-06-19T23:22:58Z" user="damjang" uid="97922" lat="45.6572052" lon="13.8274688"/>
 <node id="777413252" visible="true" version="1" changeset="5028742" timestamp="2010-06-19T23:22:58Z" user="damjang" uid="97922" lat="45.6583362" lon="13.8304629"/>
 <node id="777413253" visible="true" version="1" changeset="5028742" timestamp="2010-06-19T23:22:58Z" user="damjang" uid="97922" lat="45.6567586" lon="13.8295947"/>
 <node id="777413263" visible="true" version="1" changeset="5028742" timestamp="2010-06-19T23:22:58Z" user="damjang" uid="97922" lat="45.6580238" lon="13.8276097"/>
 <node id="777413264" visible="true" version="1" changeset="5028742" timestamp="2010-06-19T23:22:58Z" user="damjang" uid="97922" lat="45.6578758" lon="13.8299998"/>
 <node id="777413266" visible="true" version="1" changeset="5028742" timestamp="2010-06-19T23:22:58Z" user="damjang" uid="97922" lat="45.6577268" lon="13.8306396"/>
 <node id="777413268" visible="true" version="1" changeset="5028742" timestamp="2010-06-19T23:22:58Z" user="damjang" uid="97922" lat="45.6578032" lon="13.8284103"/>
 <node id="777413271" visible="true" version="1" changeset="5028742" timestamp="2010-06-19T23:22:58Z" user="damjang" uid="97922" lat="45.6569858" lon="13.8291037"/>
 <node id="777413273" visible="true" version="1" changeset="5028742" timestamp="2010-06-19T23:22:58Z" user="damjang" uid="97922" lat="45.6563805" lon="13.8292857"/>
 <node id="777413275" visible="true" version="1" changeset="5028742" timestamp="2010-06-19T23:22:58Z" user="damjang" uid="97922" lat="45.6568077" lon="13.8295458"/>
 <node id="777413276" visible="true" version="1" changeset="5028742" timestamp="2010-06-19T23:22:58Z" user="damjang" uid="97922" lat="45.6582455" lon="13.8304115"/>
 <node id="777413278" visible="true" version="1" changeset="5028742" timestamp="2010-06-19T23:22:58Z" user="damjang" uid="97922" lat="45.6567877" lon="13.8277902"/>
 <node id="777413290" visible="true" version="1" changeset="5028742" timestamp="2010-06-19T23:22:59Z" user="damjang" uid="97922" lat="45.6574282" lon="13.8299535"/>
 <node id="777413295" visible="true" version="1" changeset="5028742" timestamp="2010-06-19T23:23:00Z" user="damjang" uid="97922" lat="45.6589902" lon="13.8301587"/>
 <node id="777413300" visible="true" version="1" changeset="5028742" timestamp="2010-06-19T23:23:00Z" user="damjang" uid="97922" lat="45.6582927" lon="13.8304277"/>
 <node id="777413301" visible="true" version="1" changeset="5028742" timestamp="2010-06-19T23:23:01Z" user="damjang" uid="97922" lat="45.6579893" lon="13.8288287"/>
 <node id="777413303" visible="true" version="1" changeset="5028742" timestamp="2010-06-19T23:23:01Z" user="damjang" uid="97922" lat="45.6577909" lon="13.8298478"/>
 <node id="777413304" visible="true" version="1" changeset="5028742" timestamp="2010-06-19T23:23:01Z" user="damjang" uid="97922" lat="45.6565756" lon="13.8294058"/>
 <node id="777413306" visible="true" version="1" changeset="5028742" timestamp="2010-06-19T23:23:01Z" user="damjang" uid="97922" lat="45.6580369" lon="13.8297061"/>
 <node id="777413308" visible="true" version="1" changeset="5028742" timestamp="2010-06-19T23:23:01Z" user="damjang" uid="97922" lat="45.6559238" lon="13.8283746"/>
 <node id="777413310" visible="true" version="1" changeset="5028742" timestamp="2010-06-19T23:23:01Z" user="damjang" uid="97922" lat="45.6569683" lon="13.8292276"/>
 <node id="777413311" visible="true" version="1" changeset="5028742" timestamp="2010-06-19T23:23:01Z" user="damjang" uid="97922" lat="45.6579230" lon="13.8303375"/>
 <node id="777413313" visible="true" version="1" changeset="5028742" timestamp="2010-06-19T23:23:01Z" user="damjang" uid="97922" lat="45.6589331" lon="13.8297328"/>
 <node id="777413315" visible="true" version="1" changeset="5028742" timestamp="2010-06-19T23:23:01Z" user="damjang" uid="97922" lat="45.6570767" lon="13.8299316"/>
 <node id="777413316" visible="true" version="1" changeset="5028742" timestamp="2010-06-19T23:23:01Z" user="damjang" uid="97922" lat="45.6586878" lon="13.8293669"/>
 <node id="777413318" visible="true" version="1" changeset="5028742" timestamp="2010-06-19T23:23:02Z" user="damjang" uid="97922" lat="45.6577582" lon="13.8297274"/>
 <node id="777413322" visible="true" version="1" changeset="5028742" timestamp="2010-06-19T23:23:02Z" user="damjang" uid="97922" lat="45.6566009" lon="13.8294233">
  <tag k="amenity" v="bench"/>
  <tag k="backrest" v="no"/>
 </node>
 <node id="777413325" visible="true" version="1" changeset="5028742" timestamp="2010-06-19T23:23:02Z" user="damjang" uid="97922" lat="45.6585758" lon="13.8281285"/>
 <node id="777413344" visible="true" version="1" changeset="5028742" timestamp="2010-06-19T23:23:03Z" user="damjang" uid="97922" lat="45.6573458" lon="13.8280351"/>
 <node id="777413350" visible="true" version="1" changeset="5028742" timestamp="2010-06-19T23:23:03Z" user="damjang" uid="97922" lat="45.6588292" lon="13.8288274"/>
 <node id="777413352" visible="true" version="1" changeset="5028742" timestamp="2010-06-19T23:23:03Z" user="damjang" uid="97922" lat="45.6591128" lon="13.8304796"/>
 <node id="777413353" visible="true" version="1" changeset="5028742" timestamp="2010-06-19T23:23:03Z" user="damjang" uid="97922" lat="45.6588636" lon="13.8297401"/>
 <node id="777413355" visible="true" version="3" changeset="115293384" timestamp="2021-12-23T11:15:30Z" user="Jonathan Asaf" uid="10828579" lat="45.6561533" lon="13.8308014"/>
 <node id="777413357" visible="true" version="1" changeset="5028742" timestamp="2010-06-19T23:23:03Z" user="damjang" uid="97922" lat="45.6586468" lon="13.8280236"/>
 <node id="777413359" visible="true" version="1" changeset="5028742" timestamp="2010-06-19T23:23:03Z" user="damjang" uid="97922" lat="45.6588807" lon="13.8286952"/>
 <node id="777413361" visible="true" version="1" changeset="5028742" timestamp="2010-06-19T23:23:03Z" user="damjang" uid="97922" lat="45.6570415" lon="13.8276075"/>
 <node id="777413362" visible="true" version="1" changeset="5028742" timestamp="2010-06-19T23:23:03Z" user="damjang" uid="97922" lat="45.6561213" lon="13.8287856"/>
 <node id="777413364" visible="true" version="1" changeset="5028742" timestamp="2010-06-19T23:23:03Z" user="damjang" uid="97922" lat="45.6566212" lon="13.8292735"/>
 <node id="777413366" visible="true" version="1" changeset="5028742" timestamp="2010-06-19T23:23:03Z" user="damjang" uid="97922" lat="45.6588049" lon="13.8300868"/>
 <node id="777413368" visible="true" version="1" changeset="5028742" timestamp="2010-06-19T23:23:03Z" user="damjang" uid="97922" lat="45.6555835" lon="13.8280196"/>
 <node id="777413370" visible="true" version="1" changeset="5028742" timestamp="2010-06-19T23:23:03Z" user="damjang" uid="97922" lat="45.6575041" lon="13.8279772"/>
 <node id="777413372" visible="true" version="1" changeset="5028742" timestamp="2010-06-19T23:23:03Z" user="damjang" uid="97922" lat="45.6589563" lon="13.8299880"/>
 <node id="777413373" visible="true" version="1" changeset="5028742" timestamp="2010-06-19T23:23:03Z" user="damjang" uid="97922" lat="45.6571871" lon="13.8289299"/>
 <node id="777413375" visible="true" version="1" changeset="5028742" timestamp="2010-06-19T23:23:03Z" user="damjang" uid="97922" lat="45.6586017" lon="13.8304770"/>
 <node id="777413377" visible="true" version="1" changeset="5028742" timestamp="2010-06-19T23:23:03Z" user="damjang" uid="97922" lat="45.6570507" lon="13.8297835"/>
 <node id="777413379" visible="true" version="1" changeset="5028742" timestamp="2010-06-19T23:23:03Z" user="damjang" uid="97922" lat="45.6582502" lon="13.8283455"/>
 <node id="777413395" visible="true" version="1" changeset="5028742" timestamp="2010-06-19T23:23:04Z" user="damjang" uid="97922" lat="45.6565293" lon="13.8296282"/>
 <node id="777413397" visible="true" version="1" changeset="5028742" timestamp="2010-06-19T23:23:04Z" user="damjang" uid="97922" lat="45.6576420" lon="13.8305628"/>
 <node id="777413399" visible="true" version="1" changeset="5028742" timestamp="2010-06-19T23:23:04Z" user="damjang" uid="97922" lat="45.6581503" lon="13.8293313"/>
 <node id="777413400" visible="true" version="1" changeset="5028742" timestamp="2010-06-19T23:23:04Z" user="damjang" uid="97922" lat="45.6575665" lon="13.8277120"/>
 <node id="777413402" visible="true" version="1" changeset="5028742" timestamp="2010-06-19T23:23:04Z" user="damjang" uid="97922" lat="45.6584420" lon="13.8272585"/>
 <node id="777413404" visible="true" version="1" changeset="5028742" timestamp="2010-06-19T23:23:04Z" user="damjang" uid="97922" lat="45.6571114" lon="13.8298512"/>
 <node id="777413410" visible="true" version="5" changeset="100988543" timestamp="2021-03-14T13:07:46Z" user="alessandrocarmeli" uid="12294600" lat="45.6562545" lon="13.8300475"/>
 <node id="777413411" visible="true" version="1" changeset="5028742" timestamp="2010-06-19T23:23:04Z" user="damjang" uid="97922" lat="45.6577350" lon="13.8290234"/>
 <node id="777413412" visible="true" version="1" changeset="5028742" timestamp="2010-06-19T23:23:04Z" user="damjang" uid="97922" lat="45.6573198" lon="13.8290112"/>
 <node id="777413414" visible="true" version="1" changeset="5028742" timestamp="2010-06-19T23:23:04Z" user="damjang" uid="97922" lat="45.6568516" lon="13.8281356"/>
 <node id="777413415" visible="true" version="1" changeset="5028742" timestamp="2010-06-19T23:23:04Z" user="damjang" uid="97922" lat="45.6554185" lon="13.8277738"/>
 <node id="777413417" visible="true" version="1" changeset="5028742" timestamp="2010-06-19T23:23:04Z" user="damjang" uid="97922" lat="45.6568688" lon="13.8281523"/>
 <node id="777413419" visible="true" version="1" changeset="5028742" timestamp="2010-06-19T23:23:04Z" user="damjang" uid="97922" lat="45.6581362" lon="13.8286634"/>
 <node id="777413420" visible="true" version="1" changeset="5028742" timestamp="2010-06-19T23:23:04Z" user="damjang" uid="97922" lat="45.6587522" lon="13.8281984"/>
 <node id="777413422" visible="true" version="1" changeset="5028742" timestamp="2010-06-19T23:23:04Z" user="damjang" uid="97922" lat="45.6583935" lon="13.8281408"/>
 <node id="777413424" visible="true" version="1" changeset="5028742" timestamp="2010-06-19T23:23:04Z" user="damjang" uid="97922" lat="45.6585008" lon="13.8303296"/>
 <node id="777413426" visible="true" version="1" changeset="5028742" timestamp="2010-06-19T23:23:04Z" user="damjang" uid="97922" lat="45.6574975" lon="13.8295210"/>
 <node id="777413427" visible="true" version="1" changeset="5028742" timestamp="2010-06-19T23:23:04Z" user="damjang" uid="97922" lat="45.6587591" lon="13.8290161"/>
 <node id="777413429" visible="true" version="1" changeset="5028742" timestamp="2010-06-19T23:23:04Z" user="damjang" uid="97922" lat="45.6579923" lon="13.8280948"/>
 <node id="777413431" visible="true" version="1" changeset="5028742" timestamp="2010-06-19T23:23:04Z" user="damjang" uid="97922" lat="45.6560316" lon="13.8285267"/>
 <node id="777413444" visible="true" version="1" changeset="5028742" timestamp="2010-06-19T23:23:05Z" user="damjang" uid="97922" lat="45.6573445" lon="13.8274130"/>
 <node id="777413447" visible="true" version="1" changeset="5028742" timestamp="2010-06-19T23:23:05Z" user="damjang" uid="97922" lat="45.6581878" lon="13.8299209"/>
 <node id="777413448" visible="true" version="1" changeset="5028742" timestamp="2010-06-19T23:23:05Z" user="damjang" uid="97922" lat="45.6578087" lon="13.8276183"/>
 <node id="777413449" visible="true" version="1" changeset="5028742" timestamp="2010-06-19T23:23:05Z" user="damjang" uid="97922" lat="45.6576571" lon="13.8276215"/>
 <node id="777413451" visible="true" version="1" changeset="5028742" timestamp="2010-06-19T23:23:05Z" user="damjang" uid="97922" lat="45.6578286" lon="13.8284131"/>
 <node id="777413452" visible="true" version="1" changeset="5028742" timestamp="2010-06-19T23:23:05Z" user="damjang" uid="97922" lat="45.6571854" lon="13.8302589"/>
 <node id="777413456" visible="true" version="1" changeset="5028742" timestamp="2010-06-19T23:23:05Z" user="damjang" uid="97922" lat="45.6576659" lon="13.8287115"/>
 <node id="777413458" visible="true" version="1" changeset="5028742" timestamp="2010-06-19T23:23:05Z" user="damjang" uid="97922" lat="45.6569669" lon="13.8290044"/>
 <node id="777413460" visible="true" version="1" changeset="5028742" timestamp="2010-06-19T23:23:05Z" user="damjang" uid="97922" lat="45.6581104" lon="13.8299797"/>
 <node id="777413462" visible="true" version="1" changeset="5028742" timestamp="2010-06-19T23:23:05Z" user="damjang" uid="97922" lat="45.6591473" lon="13.8299785"/>
 <node id="777413464" visible="true" version="1" changeset="5028742" timestamp="2010-06-19T23:23:05Z" user="damjang" uid="97922" lat="45.6577452" lon="13.8294152"/>
 <node id="777413466" visible="true" version="2" changeset="121790527" timestamp="2022-06-01T03:23:12Z" user="EvanE" uid="184969" lat="45.6570337" lon="13.8300495">
  <tag k="entrance" v="yes"/>
 </node>
 <node id="777413468" visible="true" version="1" changeset="5028742" timestamp="2010-06-19T23:23:05Z" user="damjang" uid="97922" lat="45.6589801" lon="13.8302173"/>
 <node id="777413470" visible="true" version="1" changeset="5028742" timestamp="2010-06-19T23:23:05Z" user="damjang" uid="97922" lat="45.6585387" lon="13.8279258"/>
 <node id="777413473" visible="true" version="1" changeset="5028742" timestamp="2010-06-19T23:23:05Z" user="damjang" uid="97922" lat="45.6584048" lon="13.8297737"/>
 <node id="777413487" visible="true" version="1" changeset="5028742" timestamp="2010-06-19T23:23:06Z" user="damjang" uid="97922" lat="45.6573570" lon="13.8292254"/>
 <node id="777413489" visible="true" version="1" changeset="5028742" timestamp="2010-06-19T23:23:06Z" user="damjang" uid="97922" lat="45.6587949" lon="13.8296706"/>
 <node id="777413491" visible="true" version="1" changeset="5028742" timestamp="2010-06-19T23:23:06Z" user="damjang" uid="97922" lat="45.6565982" lon="13.8295823"/>
 <node id="777413492" visible="true" version="1" changeset="5028742" timestamp="2010-06-19T23:23:06Z" user="damjang" uid="97922" lat="45.6580858" lon="13.8297516"/>
 <node id="777413494" visible="true" version="1" changeset="5028742" timestamp="2010-06-19T23:23:06Z" user="damjang" uid="97922" lat="45.6558179" lon="13.8281880"/>
 <node id="777413496" visible="true" version="1" changeset="5028742" timestamp="2010-06-19T23:23:06Z" user="damjang" uid="97922" lat="45.6570018" lon="13.8291851"/>
 <node id="777413497" visible="true" version="1" changeset="5028742" timestamp="2010-06-19T23:23:06Z" user="damjang" uid="97922" lat="45.6581689" lon="13.8300664"/>
 <node id="777413499" visible="true" version="1" changeset="5028742" timestamp="2010-06-19T23:23:06Z" user="damjang" uid="97922" lat="45.6581928" lon="13.8275412"/>
 <node id="777413503" visible="true" version="1" changeset="5028742" timestamp="2010-06-19T23:23:06Z" user="damjang" uid="97922" lat="45.6586659" lon="13.8281870"/>
 <node id="777413505" visible="true" version="1" changeset="5028742" timestamp="2010-06-19T23:23:06Z" user="damjang" uid="97922" lat="45.6571442" lon="13.8295548"/>
 <node id="777413507" visible="true" version="1" changeset="5028742" timestamp="2010-06-19T23:23:06Z" user="damjang" uid="97922" lat="45.6566031" lon="13.8293902"/>
 <node id="777413510" visible="true" version="1" changeset="5028742" timestamp="2010-06-19T23:23:06Z" user="damjang" uid="97922" lat="45.6586102" lon="13.8280988"/>
 <node id="777413512" visible="true" version="1" changeset="5028742" timestamp="2010-06-19T23:23:06Z" user="damjang" uid="97922" lat="45.6569481" lon="13.8282536"/>
 <node id="777413516" visible="true" version="1" changeset="5028742" timestamp="2010-06-19T23:23:06Z" user="damjang" uid="97922" lat="45.6568641" lon="13.8289387"/>
 <node id="777413518" visible="true" version="1" changeset="5028742" timestamp="2010-06-19T23:23:06Z" user="damjang" uid="97922" lat="45.6577802" lon="13.8306717"/>
 <node id="777413519" visible="true" version="1" changeset="5028742" timestamp="2010-06-19T23:23:06Z" user="damjang" uid="97922" lat="45.6589355" lon="13.8296337"/>
 <node id="777413522" visible="true" version="1" changeset="5028742" timestamp="2010-06-19T23:23:06Z" user="damjang" uid="97922" lat="45.6584080" lon="13.8296566"/>
 <node id="777413537" visible="true" version="3" changeset="98324325" timestamp="2021-01-28T23:30:36Z" user="damjang" uid="97922" lat="45.6547789" lon="13.8290230"/>
 <node id="777413538" visible="true" version="1" changeset="5028742" timestamp="2010-06-19T23:23:07Z" user="damjang" uid="97922" lat="45.6582365" lon="13.8285781"/>
 <node id="777413540" visible="true" version="1" changeset="5028742" timestamp="2010-06-19T23:23:07Z" user="damjang" uid="97922" lat="45.6587742" lon="13.8281145"/>
 <node id="777413542" visible="true" version="1" changeset="5028742" timestamp="2010-06-19T23:23:07Z" user="damjang" uid="97922" lat="45.6569762" lon="13.8276759"/>
 <node id="777413544" visible="true" version="1" changeset="5028742" timestamp="2010-06-19T23:23:07Z" user="damjang" uid="97922" lat="45.6564462" lon="13.8290529"/>
 <node id="777413546" visible="true" version="1" changeset="5028742" timestamp="2010-06-19T23:23:07Z" user="damjang" uid="97922" lat="45.6568875" lon="13.8293450"/>
 <node id="777413548" visible="true" version="1" changeset="5028742" timestamp="2010-06-19T23:23:07Z" user="damjang" uid="97922" lat="45.6574842" lon="13.8303786"/>
 <node id="777413552" visible="true" version="2" changeset="160905093" timestamp="2025-01-02T12:35:25Z" user="darthravem" uid="2415747" lat="45.6578362" lon="13.8283229">
  <tag k="amenity" v="bench"/>
  <tag k="backrest" v="yes"/>
  <tag k="check_date" v="2025-01-02"/>
 </node>
 <node id="777413554" visible="true" version="1" changeset="5028742" timestamp="2010-06-19T23:23:09Z" user="damjang" uid="97922" lat="45.6589016" lon="13.8288445"/>
 <node id="777413556" visible="true" version="1" changeset="5028742" timestamp="2010-06-19T23:23:09Z" user="damjang" uid="97922" lat="45.6572905" lon="13.8288081"/>
 <node id="777413558" visible="true" version="1" changeset="5028742" timestamp="2010-06-19T23:23:09Z" user="damjang" uid="97922" lat="45.6584378" lon="13.8305325"/>
 <node id="777413560" visible="true" version="1" changeset="5028742" timestamp="2010-06-19T23:23:09Z" user="damjang" uid="97922" lat="45.6572207" lon="13.8297937"/>
 <node id="777413563" visible="true" version="1" changeset="5028742" timestamp="2010-06-19T23:23:09Z" user="damjang" uid="97922" lat="45.6581738" lon="13.8284393"/>
 <node id="777413565" visible="true" version="1" changeset="5028742" timestamp="2010-06-19T23:23:09Z" user="damjang" uid="97922" lat="45.6577214" lon="13.8297704"/>
 <node id="777413567" visible="true" version="1" changeset="5028742" timestamp="2010-06-19T23:23:09Z" user="damjang" uid="97922" lat="45.6569641" lon="13.8284199"/>
 <node id="777413568" visible="true" version="1" changeset="5028742" timestamp="2010-06-19T23:23:09Z" user="damjang" uid="97922" lat="45.6575876" lon="13.8279053"/>
 <node id="777413570" visible="true" version="1" changeset="5028742" timestamp="2010-06-19T23:23:09Z" user="damjang" uid="97922" lat="45.6573102" lon="13.8302342"/>
 <node id="777413572" visible="true" version="1" changeset="5028742" timestamp="2010-06-19T23:23:09Z" user="damjang" uid="97922" lat="45.6583745" lon="13.8272952"/>
 <node id="777413589" visible="true" version="1" changeset="5028742" timestamp="2010-06-19T23:23:10Z" user="damjang" uid="97922" lat="45.6577085" lon="13.8297735"/>
 <node id="777413591" visible="true" version="1" changeset="5028742" timestamp="2010-06-19T23:23:10Z" user="damjang" uid="97922" lat="45.6577890" lon="13.8283614"/>
 <node id="777413593" visible="true" version="1" changeset="5028742" timestamp="2010-06-19T23:23:10Z" user="damjang" uid="97922" lat="45.6569752" lon="13.8296636"/>
 <node id="777413594" visible="true" version="1" changeset="5028742" timestamp="2010-06-19T23:23:10Z" user="damjang" uid="97922" lat="45.6556903" lon="13.8281566"/>
 <node id="777413596" visible="true" version="1" changeset="5028742" timestamp="2010-06-19T23:23:10Z" user="damjang" uid="97922" lat="45.6568403" lon="13.8279994"/>
 <node id="777413598" visible="true" version="1" changeset="5028742" timestamp="2010-06-19T23:23:10Z" user="damjang" uid="97922" lat="45.6584428" lon="13.8276034"/>
 <node id="777413600" visible="true" version="1" changeset="5028742" timestamp="2010-06-19T23:23:10Z" user="damjang" uid="97922" lat="45.6579955" lon="13.8289363"/>
 <node id="777413603" visible="true" version="1" changeset="5028742" timestamp="2010-06-19T23:23:10Z" user="damjang" uid="97922" lat="45.6589163" lon="13.8301543"/>
 <node id="777413605" visible="true" version="1" changeset="5028742" timestamp="2010-06-19T23:23:10Z" user="damjang" uid="97922" lat="45.6576200" lon="13.8292635"/>
 <node id="777413607" visible="true" version="1" changeset="5028742" timestamp="2010-06-19T23:23:10Z" user="damjang" uid="97922" lat="45.6586369" lon="13.8296675"/>
 <node id="777413609" visible="true" version="1" changeset="5028742" timestamp="2010-06-19T23:23:10Z" user="damjang" uid="97922" lat="45.6583769" lon="13.8288199"/>
 <node id="777413611" visible="true" version="1" changeset="5028742" timestamp="2010-06-19T23:23:10Z" user="damjang" uid="97922" lat="45.6584092" lon="13.8281850"/>
 <node id="777413613" visible="true" version="1" changeset="5028742" timestamp="2010-06-19T23:23:11Z" user="damjang" uid="97922" lat="45.6581133" lon="13.8306302"/>
 <node id="777413615" visible="true" version="1" changeset="5028742" timestamp="2010-06-19T23:23:11Z" user="damjang" uid="97922" lat="45.6573419" lon="13.8274093"/>
 <node id="777413616" visible="true" version="1" changeset="5028742" timestamp="2010-06-19T23:23:11Z" user="damjang" uid="97922" lat="45.6579786" lon="13.8278746"/>
 <node id="777413618" visible="true" version="1" changeset="5028742" timestamp="2010-06-19T23:23:11Z" user="damjang" uid="97922" lat="45.6571467" lon="13.8301331"/>
 <node id="777413620" visible="true" version="1" changeset="5028742" timestamp="2010-06-19T23:23:11Z" user="damjang" uid="97922" lat="45.6588086" lon="13.8298543"/>
 <node id="777413622" visible="true" version="1" changeset="5028742" timestamp="2010-06-19T23:23:11Z" user="damjang" uid="97922" lat="45.6578065" lon="13.8276836"/>
 <node id="777413624" visible="true" version="1" changeset="5028742" timestamp="2010-06-19T23:23:11Z" user="damjang" uid="97922" lat="45.6577624" lon="13.8280180"/>
 <node id="777413637" visible="true" version="1" changeset="5028742" timestamp="2010-06-19T23:23:12Z" user="damjang" uid="97922" lat="45.6587306" lon="13.8280253"/>
 <node id="777413639" visible="true" version="1" changeset="5028742" timestamp="2010-06-19T23:23:12Z" user="damjang" uid="97922" lat="45.6581760" lon="13.8282880"/>
 <node id="777413641" visible="true" version="1" changeset="5028742" timestamp="2010-06-19T23:23:12Z" user="damjang" uid="97922" lat="45.6573416" lon="13.8305739"/>
 <node id="777413645" visible="true" version="1" changeset="5028742" timestamp="2010-06-19T23:23:12Z" user="damjang" uid="97922" lat="45.6578949" lon="13.8286091"/>
 <node id="777413646" visible="true" version="1" changeset="5028742" timestamp="2010-06-19T23:23:12Z" user="damjang" uid="97922" lat="45.6569263" lon="13.8283314"/>
 <node id="777413647" visible="true" version="1" changeset="5028742" timestamp="2010-06-19T23:23:12Z" user="damjang" uid="97922" lat="45.6576397" lon="13.8305858"/>
 <node id="777413648" visible="true" version="1" changeset="5028742" timestamp="2010-06-19T23:23:12Z" user="damjang" uid="97922" lat="45.6577622" lon="13.8292829"/>
 <node id="777413650" visible="true" version="1" changeset="5028742" timestamp="2010-06-19T23:23:12Z" user="damjang" uid="97922" lat="45.6557160" lon="13.8282908"/>
 <node id="777413651" visible="true" version="1" changeset="5028742" timestamp="2010-06-19T23:23:12Z" user="damjang" uid="97922" lat="45.6585124" lon="13.8278820"/>
 <node id="777413653" visible="true" version="5" changeset="100988543" timestamp="2021-03-14T13:07:46Z" user="alessandrocarmeli" uid="12294600" lat="45.6564089" lon="13.8300700"/>
 <node id="777413654" visible="true" version="1" changeset="5028742" timestamp="2010-06-19T23:23:12Z" user="damjang" uid="97922" lat="45.6574836" lon="13.8286737"/>
 <node id="777413655" visible="true" version="1" changeset="5028742" timestamp="2010-06-19T23:23:12Z" user="damjang" uid="97922" lat="45.6586657" lon="13.8294379"/>
 <node id="777413656" visible="true" version="1" changeset="5028742" timestamp="2010-06-19T23:23:12Z" user="damjang" uid="97922" lat="45.6581466" lon="13.8273347"/>
 <node id="777413657" visible="true" version="1" changeset="5028742" timestamp="2010-06-19T23:23:12Z" user="damjang" uid="97922" lat="45.6578224" lon="13.8302962"/>
 <node id="777413658" visible="true" version="1" changeset="5028742" timestamp="2010-06-19T23:23:12Z" user="damjang" uid="97922" lat="45.6556905" lon="13.8280370"/>
 <node id="777413659" visible="true" version="1" changeset="5028742" timestamp="2010-06-19T23:23:12Z" user="damjang" uid="97922" lat="45.6571078" lon="13.8292276">
  <tag k="barrier" v="lift_gate"/>
  <tag k="bicycle" v="yes"/>
  <tag k="foot" v="yes"/>
 </node>
 <node id="777413677" visible="true" version="1" changeset="5028742" timestamp="2010-06-19T23:23:13Z" user="damjang" uid="97922" lat="45.6582436" lon="13.8275607"/>
 <node id="777413680" visible="true" version="1" changeset="5028742" timestamp="2010-06-19T23:23:13Z" user="damjang" uid="97922" lat="45.6580842" lon="13.8275662"/>
 <node id="777413682" visible="true" version="1" changeset="5028742" timestamp="2010-06-19T23:23:13Z" user="damjang" uid="97922" lat="45.6572061" lon="13.8292951"/>
 <node id="777413684" visible="true" version="1" changeset="5028742" timestamp="2010-06-19T23:23:13Z" user="damjang" uid="97922" lat="45.6582277" lon="13.8288205"/>
 <node id="777413686" visible="true" version="1" changeset="5028742" timestamp="2010-06-19T23:23:13Z" user="damjang" uid="97922" lat="45.6574217" lon="13.8282260"/>
 <node id="777413688" visible="true" version="1" changeset="5028742" timestamp="2010-06-19T23:23:13Z" user="damjang" uid="97922" lat="45.6580939" lon="13.8277154"/>
 <node id="777413689" visible="true" version="1" changeset="5028742" timestamp="2010-06-19T23:23:13Z" user="damjang" uid="97922" lat="45.6570498" lon="13.8276683"/>
 <node id="777413693" visible="true" version="1" changeset="5028742" timestamp="2010-06-19T23:23:13Z" user="damjang" uid="97922" lat="45.6568632" lon="13.8283720"/>
 <node id="777413695" visible="true" version="1" changeset="5028742" timestamp="2010-06-19T23:23:13Z" user="damjang" uid="97922" lat="45.6582472" lon="13.8304784"/>
 <node id="777413696" visible="true" version="2" changeset="116865558" timestamp="2022-02-01T12:03:52Z" user="TelespallaMel" uid="14979671" lat="45.6576100" lon="13.8282508">
  <tag k="amenity" v="bench"/>
  <tag k="backrest" v="yes"/>
  <tag k="check_date" v="2022-02-01"/>
 </node>
 <node id="777413698" visible="true" version="1" changeset="5028742" timestamp="2010-06-19T23:23:13Z" user="damjang" uid="97922" lat="45.6587313" lon="13.8300590"/>
 <node id="777413700" visible="true" version="3" changeset="98318905" timestamp="2021-01-28T20:30:10Z" user="damjang" uid="97922" lat="45.6569355" lon="13.8306155"/>
 <node id="777413702" visible="true" version="1" changeset="5028742" timestamp="2010-06-19T23:23:13Z" user="damjang" uid="97922" lat="45.6579198" lon="13.8286671"/>
 <node id="777413704" visible="true" version="1" changeset="5028742" timestamp="2010-06-19T23:23:13Z" user="damjang" uid="97922" lat="45.6587551" lon="13.8280468"/>
 <node id="777413705" visible="true" version="1" changeset="5028742" timestamp="2010-06-19T23:23:13Z" user="damjang" uid="97922" lat="45.6569499" lon="13.8277333"/>
 <node id="777413707" visible="true" version="1" changeset="5028742" timestamp="2010-06-19T23:23:13Z" user="damjang" uid="97922" lat="45.6565512" lon="13.8289848"/>
 <node id="777413709" visible="true" version="1" changeset="5028742" timestamp="2010-06-19T23:23:13Z" user="damjang" uid="97922" lat="45.6568238" lon="13.8290182"/>
 <node id="777413711" visible="true" version="1" changeset="5028742" timestamp="2010-06-19T23:23:13Z" user="damjang" uid="97922" lat="45.6577697" lon="13.8305386"/>
 <node id="777413727" visible="true" version="1" changeset="5028742" timestamp="2010-06-19T23:23:13Z" user="damjang" uid="97922" lat="45.6557476" lon="13.8285881"/>
 <node id="777413729" visible="true" version="1" changeset="5028742" timestamp="2010-06-19T23:23:14Z" user="damjang" uid="97922" lat="45.6572704" lon="13.8297395"/>
 <node id="777413731" visible="true" version="1" changeset="5028742" timestamp="2010-06-19T23:23:14Z" user="damjang" uid="97922" lat="45.6576008" lon="13.8281299">
  <tag k="amenity" v="bench"/>
  <tag k="backrest" v="yes"/>
 </node>
 <node id="777413804" visible="true" version="1" changeset="5028742" timestamp="2010-06-19T23:23:18Z" user="damjang" uid="97922" lat="45.6589929" lon="13.8295916"/>
 <node id="777413805" visible="true" version="1" changeset="5028742" timestamp="2010-06-19T23:23:18Z" user="damjang" uid="97922" lat="45.6573786" lon="13.8283564"/>
 <node id="777413807" visible="true" version="3" changeset="98324325" timestamp="2021-01-28T23:30:36Z" user="damjang" uid="97922" lat="45.6562942" lon="13.8300112"/>
 <node id="777413809" visible="true" version="1" changeset="5028742" timestamp="2010-06-19T23:23:18Z" user="damjang" uid="97922" lat="45.6582855" lon="13.8306060"/>
 <node id="777413818" visible="true" version="1" changeset="5028742" timestamp="2010-06-19T23:23:18Z" user="damjang" uid="97922" lat="45.6575760" lon="13.8299979"/>
 <node id="777413820" visible="true" version="1" changeset="5028742" timestamp="2010-06-19T23:23:19Z" user="damjang" uid="97922" lat="45.6579301" lon="13.8285631"/>
 <node id="777413824" visible="true" version="1" changeset="5028742" timestamp="2010-06-19T23:23:19Z" user="damjang" uid="97922" lat="45.6579544" lon="13.8297139"/>
 <node id="777413826" visible="true" version="1" changeset="5028742" timestamp="2010-06-19T23:23:19Z" user="damjang" uid="97922" lat="45.6569969" lon="13.8285353"/>
 <node id="777413827" visible="true" version="1" changeset="5028742" timestamp="2010-06-19T23:23:19Z" user="damjang" uid="97922" lat="45.6576688" lon="13.8278998"/>
 <node id="777413829" visible="true" version="1" changeset="5028742" timestamp="2010-06-19T23:23:19Z" user="damjang" uid="97922" lat="45.6587438" lon="13.8275822"/>
 <node id="777413831" visible="true" version="1" changeset="5028742" timestamp="2010-06-19T23:23:19Z" user="damjang" uid="97922" lat="45.6573075" lon="13.8302359"/>
 <node id="777413833" visible="true" version="3" changeset="98324325" timestamp="2021-01-28T23:30:36Z" user="damjang" uid="97922" lat="45.6562654" lon="13.8300006"/>
 <node id="777413834" visible="true" version="1" changeset="5028742" timestamp="2010-06-19T23:23:19Z" user="damjang" uid="97922" lat="45.6576757" lon="13.8280852"/>
 <node id="777413836" visible="true" version="1" changeset="5028742" timestamp="2010-06-19T23:23:19Z" user="damjang" uid="97922" lat="45.6577861" lon="13.8301271"/>
 <node id="777413838" visible="true" version="1" changeset="5028742" timestamp="2010-06-19T23:23:19Z" user="damjang" uid="97922" lat="45.6568545" lon="13.8304677"/>
 <node id="777413853" visible="true" version="1" changeset="5028742" timestamp="2010-06-19T23:23:20Z" user="damjang" uid="97922" lat="45.6569817" lon="13.8275864"/>
 <node id="777413856" visible="true" version="1" changeset="5028742" timestamp="2010-06-19T23:23:20Z" user="damjang" uid="97922" lat="45.6578572" lon="13.8282513"/>
 <node id="777413858" visible="true" version="1" changeset="5028742" timestamp="2010-06-19T23:23:20Z" user="damjang" uid="97922" lat="45.6584053" lon="13.8275719"/>
 <node id="777413859" visible="true" version="1" changeset="5028742" timestamp="2010-06-19T23:23:20Z" user="damjang" uid="97922" lat="45.6587778" lon="13.8301971"/>
 <node id="777413861" visible="true" version="1" changeset="5028742" timestamp="2010-06-19T23:23:20Z" user="damjang" uid="97922" lat="45.6592537" lon="13.8303342"/>
 <node id="777413863" visible="true" version="1" changeset="5028742" timestamp="2010-06-19T23:23:20Z" user="damjang" uid="97922" lat="45.6584124" lon="13.8296359"/>
 <node id="777413864" visible="true" version="2" changeset="86760155" timestamp="2020-06-17T08:11:14Z" user="Badojo" uid="8189075" lat="45.6589518" lon="13.8302858"/>
 <node id="777413866" visible="true" version="1" changeset="5028742" timestamp="2010-06-19T23:23:20Z" user="damjang" uid="97922" lat="45.6585567" lon="13.8282839"/>
 <node id="777413868" visible="true" version="1" changeset="5028742" timestamp="2010-06-19T23:23:20Z" user="damjang" uid="97922" lat="45.6592340" lon="13.8300231"/>
 <node id="777413869" visible="true" version="1" changeset="5028742" timestamp="2010-06-19T23:23:20Z" user="damjang" uid="97922" lat="45.6571741" lon="13.8274677"/>
 <node id="777413871" visible="true" version="1" changeset="5028742" timestamp="2010-06-19T23:23:20Z" user="damjang" uid="97922" lat="45.6580592" lon="13.8279488"/>
 <node id="777413875" visible="true" version="1" changeset="5028742" timestamp="2010-06-19T23:23:20Z" user="damjang" uid="97922" lat="45.6588867" lon="13.8299554"/>
 <node id="777413876" visible="true" version="1" changeset="5028742" timestamp="2010-06-19T23:23:20Z" user="damjang" uid="97922" lat="45.6555416" lon="13.8279934"/>
 <node id="777413878" visible="true" version="1" changeset="5028742" timestamp="2010-06-19T23:23:20Z" user="damjang" uid="97922" lat="45.6574778" lon="13.8279881"/>
 <node id="777413880" visible="true" version="1" changeset="5028742" timestamp="2010-06-19T23:23:20Z" user="damjang" uid="97922" lat="45.6589635" lon="13.8297300"/>
 <node id="777413882" visible="true" version="1" changeset="5028742" timestamp="2010-06-19T23:23:20Z" user="damjang" uid="97922" lat="45.6586792" lon="13.8287647"/>
 <node id="777413883" visible="true" version="1" changeset="5028742" timestamp="2010-06-19T23:23:20Z" user="damjang" uid="97922" lat="45.6573590" lon="13.8305212"/>
 <node id="777413887" visible="true" version="1" changeset="5028742" timestamp="2010-06-19T23:23:20Z" user="damjang" uid="97922" lat="45.6584378" lon="13.8286011"/>
 <node id="777413902" visible="true" version="1" changeset="5028742" timestamp="2010-06-19T23:23:21Z" user="damjang" uid="97922" lat="45.6564461" lon="13.8296501"/>
 <node id="777413903" visible="true" version="1" changeset="5028742" timestamp="2010-06-19T23:23:21Z" user="damjang" uid="97922" lat="45.6575799" lon="13.8305322"/>
 <node id="777413905" visible="true" version="1" changeset="5028742" timestamp="2010-06-19T23:23:21Z" user="damjang" uid="97922" lat="45.6577054" lon="13.8292437"/>
 <node id="777413910" visible="true" version="1" changeset="5028742" timestamp="2010-06-19T23:23:21Z" user="damjang" uid="97922" lat="45.6582987" lon="13.8276674"/>
 <node id="777413913" visible="true" version="5" changeset="100988543" timestamp="2021-03-14T13:07:46Z" user="alessandrocarmeli" uid="12294600" lat="45.6562225" lon="13.8299756"/>
 <node id="777413917" visible="true" version="1" changeset="5028742" timestamp="2010-06-19T23:23:21Z" user="damjang" uid="97922" lat="45.6576660" lon="13.8293045"/>
 <node id="777413919" visible="true" version="1" changeset="5028742" timestamp="2010-06-19T23:23:21Z" user="damjang" uid="97922" lat="45.6572828" lon="13.8273853"/>
 <node id="777413920" visible="true" version="1" changeset="5028742" timestamp="2010-06-19T23:23:21Z" user="damjang" uid="97922" lat="45.6574760" lon="13.8302079"/>
 <node id="777413922" visible="true" version="1" changeset="5028742" timestamp="2010-06-19T23:23:21Z" user="damjang" uid="97922" lat="45.6555830" lon="13.8278444"/>
 <node id="777413924" visible="true" version="1" changeset="5028742" timestamp="2010-06-19T23:23:21Z" user="damjang" uid="97922" lat="45.6574203" lon="13.8301119"/>
 <node id="777413927" visible="true" version="1" changeset="5028742" timestamp="2010-06-19T23:23:21Z" user="damjang" uid="97922" lat="45.6585909" lon="13.8277943"/>
 <node id="777413929" visible="true" version="1" changeset="5028742" timestamp="2010-06-19T23:23:21Z" user="damjang" uid="97922" lat="45.6583046" lon="13.8303872"/>
 <node id="777413931" visible="true" version="1" changeset="5028742" timestamp="2010-06-19T23:23:21Z" user="damjang" uid="97922" lat="45.6577495" lon="13.8277202"/>
 <node id="777413933" visible="true" version="1" changeset="5028742" timestamp="2010-06-19T23:23:21Z" user="damjang" uid="97922" lat="45.6572545" lon="13.8295300"/>
 <node id="777413934" visible="true" version="1" changeset="5028742" timestamp="2010-06-19T23:23:21Z" user="damjang" uid="97922" lat="45.6581659" lon="13.8288509"/>
 <node id="777414005" visible="true" version="1" changeset="5028742" timestamp="2010-06-19T23:23:22Z" user="damjang" uid="97922" lat="45.6577341" lon="13.8279574"/>
 <node id="777414007" visible="true" version="1" changeset="5028742" timestamp="2010-06-19T23:23:24Z" user="damjang" uid="97922" lat="45.6580959" lon="13.8276058"/>
 <node id="777414015" visible="true" version="1" changeset="5028742" timestamp="2010-06-19T23:23:24Z" user="damjang" uid="97922" lat="45.6575014" lon="13.8278464"/>
 <node id="777414019" visible="true" version="1" changeset="5028742" timestamp="2010-06-19T23:23:25Z" user="damjang" uid="97922" lat="45.6568675" lon="13.8283679"/>
 <node id="777414021" visible="true" version="1" changeset="5028742" timestamp="2010-06-19T23:23:25Z" user="damjang" uid="97922" lat="45.6583340" lon="13.8304449"/>
 <node id="777414023" visible="true" version="1" changeset="5028742" timestamp="2010-06-19T23:23:25Z" user="damjang" uid="97922" lat="45.6580197" lon="13.8276460"/>
 <node id="777414025" visible="true" version="1" changeset="5028742" timestamp="2010-06-19T23:23:25Z" user="damjang" uid="97922" lat="45.6579143" lon="13.8300328"/>
 <node id="777414028" visible="true" version="1" changeset="5028742" timestamp="2010-06-19T23:23:25Z" user="damjang" uid="97922" lat="45.6575894" lon="13.8281840"/>
 <node id="777414033" visible="true" version="1" changeset="5028742" timestamp="2010-06-19T23:23:25Z" user="damjang" uid="97922" lat="45.6571723" lon="13.8291111"/>
 <node id="777414036" visible="true" version="1" changeset="5028742" timestamp="2010-06-19T23:23:25Z" user="damjang" uid="97922" lat="45.6570175" lon="13.8298510"/>
 <node id="777414038" visible="true" version="1" changeset="5028742" timestamp="2010-06-19T23:23:25Z" user="damjang" uid="97922" lat="45.6582516" lon="13.8303864"/>
 <node id="777414040" visible="true" version="1" changeset="5028742" timestamp="2010-06-19T23:23:25Z" user="damjang" uid="97922" lat="45.6590288" lon="13.8305149"/>
 <node id="777414042" visible="true" version="1" changeset="5028742" timestamp="2010-06-19T23:23:25Z" user="damjang" uid="97922" lat="45.6583020" lon="13.8301360"/>
 <node id="777414043" visible="true" version="1" changeset="5028742" timestamp="2010-06-19T23:23:25Z" user="damjang" uid="97922" lat="45.6582414" lon="13.8297003">
  <tag k="barrier" v="entrance"/>
 </node>
 <node id="777414174" visible="true" version="1" changeset="5028742" timestamp="2010-06-19T23:23:30Z" user="damjang" uid="97922" lat="45.6590471" lon="13.8299680"/>
 <node id="777414176" visible="true" version="1" changeset="5028742" timestamp="2010-06-19T23:23:30Z" user="damjang" uid="97922" lat="45.6584660" lon="13.8274274"/>
 <node id="777414192" visible="true" version="3" changeset="98324325" timestamp="2021-01-28T23:30:36Z" user="damjang" uid="97922" lat="45.6562275" lon="13.8301321"/>
 <node id="777414195" visible="true" version="1" changeset="5028742" timestamp="2010-06-19T23:23:30Z" user="damjang" uid="97922" lat="45.6582579" lon="13.8305885"/>
 <node id="777414198" visible="true" version="1" changeset="5028742" timestamp="2010-06-19T23:23:30Z" user="damjang" uid="97922" lat="45.6575688" lon="13.8300110"/>
 <node id="777414200" visible="true" version="1" changeset="5028742" timestamp="2010-06-19T23:23:30Z" user="damjang" uid="97922" lat="45.6579513" lon="13.8288665"/>
 <node id="777414206" visible="true" version="1" changeset="5028742" timestamp="2010-06-19T23:23:30Z" user="damjang" uid="97922" lat="45.6580436" lon="13.8297300"/>
 <node id="777414209" visible="true" version="1" changeset="5028742" timestamp="2010-06-19T23:23:30Z" user="damjang" uid="97922" lat="45.6558716" lon="13.8283005"/>
 <node id="777414210" visible="true" version="1" changeset="5028742" timestamp="2010-06-19T23:23:30Z" user="damjang" uid="97922" lat="45.6569579" lon="13.8292113"/>
 <node id="777414213" visible="true" version="1" changeset="5028742" timestamp="2010-06-19T23:23:30Z" user="damjang" uid="97922" lat="45.6577729" lon="13.8303756"/>
 <node id="777414215" visible="true" version="1" changeset="5028742" timestamp="2010-06-19T23:23:30Z" user="damjang" uid="97922" lat="45.6572272" lon="13.8301099"/>
 <node id="777414218" visible="true" version="1" changeset="5028742" timestamp="2010-06-19T23:23:30Z" user="damjang" uid="97922" lat="45.6591341" lon="13.8298925"/>
 <node id="777414221" visible="true" version="1" changeset="5028742" timestamp="2010-06-19T23:23:31Z" user="damjang" uid="97922" lat="45.6586722" lon="13.8293920"/>
 <node id="777414223" visible="true" version="1" changeset="5028742" timestamp="2010-06-19T23:23:31Z" user="damjang" uid="97922" lat="45.6575083" lon="13.8295301"/>
 <node id="777414229" visible="true" version="1" changeset="5028742" timestamp="2010-06-19T23:23:31Z" user="damjang" uid="97922" lat="45.6561753" lon="13.8287512"/>
 <node id="777414233" visible="true" version="1" changeset="5028742" timestamp="2010-06-19T23:23:31Z" user="damjang" uid="97922" lat="45.6575010" lon="13.8274108"/>
 <node id="777414236" visible="true" version="1" changeset="5028742" timestamp="2010-06-19T23:23:31Z" user="damjang" uid="97922" lat="45.6569110" lon="13.8276008"/>
 <node id="777414240" visible="true" version="1" changeset="5028742" timestamp="2010-06-19T23:23:31Z" user="damjang" uid="97922" lat="45.6575948" lon="13.8274745"/>
 <node id="777414248" visible="true" version="1" changeset="5028742" timestamp="2010-06-19T23:23:31Z" user="damjang" uid="97922" lat="45.6587973" lon="13.8288758"/>
 <node id="777414281" visible="true" version="1" changeset="5028742" timestamp="2010-06-19T23:23:31Z" user="damjang" uid="97922" lat="45.6589568" lon="13.8303998"/>
 <node id="777414284" visible="true" version="1" changeset="5028742" timestamp="2010-06-19T23:23:31Z" user="damjang" uid="97922" lat="45.6586445" lon="13.8298216"/>
 <node id="777414287" visible="true" version="5" changeset="143935065" timestamp="2023-11-12T14:15:49Z" user="Badojo" uid="8189075" lat="45.6555452" lon="13.8297051"/>
 <node id="777414290" visible="true" version="1" changeset="5028742" timestamp="2010-06-19T23:23:31Z" user="damjang" uid="97922" lat="45.6585702" lon="13.8278593"/>
 <node id="777414292" visible="true" version="1" changeset="5028742" timestamp="2010-06-19T23:23:31Z" user="damjang" uid="97922" lat="45.6587525" lon="13.8278243"/>
 <node id="777414295" visible="true" version="1" changeset="5028742" timestamp="2010-06-19T23:23:32Z" user="damjang" uid="97922" lat="45.6568958" lon="13.8279820"/>
 <node id="777414298" visible="true" version="1" changeset="5028742" timestamp="2010-06-19T23:23:32Z" user="damjang" uid="97922" lat="45.6580463" lon="13.8276947"/>
 <node id="777414300" visible="true" version="1" changeset="5028742" timestamp="2010-06-19T23:23:32Z" user="damjang" uid="97922" lat="45.6563714" lon="13.8291857"/>
 <node id="777414303" visible="true" version="1" changeset="5028742" timestamp="2010-06-19T23:23:32Z" user="damjang" uid="97922" lat="45.6583548" lon="13.8300958"/>
 <node id="777414306" visible="true" version="1" changeset="5028742" timestamp="2010-06-19T23:23:32Z" user="damjang" uid="97922" lat="45.6556488" lon="13.8280958"/>
 <node id="777414309" visible="true" version="1" changeset="5028742" timestamp="2010-06-19T23:23:32Z" user="damjang" uid="97922" lat="45.6572611" lon="13.8280817"/>
 <node id="777414311" visible="true" version="1" changeset="5028742" timestamp="2010-06-19T23:23:32Z" user="damjang" uid="97922" lat="45.6588879" lon="13.8288413"/>
 <node id="777414314" visible="true" version="1" changeset="5028742" timestamp="2010-06-19T23:23:32Z" user="damjang" uid="97922" lat="45.6586207" lon="13.8287822"/>
 <node id="777414317" visible="true" version="1" changeset="5028742" timestamp="2010-06-19T23:23:32Z" user="damjang" uid="97922" lat="45.6588255" lon="13.8304394"/>
 <node id="777414320" visible="true" version="1" changeset="5028742" timestamp="2010-06-19T23:23:32Z" user="damjang" uid="97922" lat="45.6569855" lon="13.8292989"/>
 <node id="777414322" visible="true" version="1" changeset="5028742" timestamp="2010-06-19T23:23:32Z" user="damjang" uid="97922" lat="45.6585449" lon="13.8285445"/>
 <node id="777414325" visible="true" version="1" changeset="5028742" timestamp="2010-06-19T23:23:32Z" user="damjang" uid="97922" lat="45.6565377" lon="13.8295964"/>
 <node id="777414327" visible="true" version="1" changeset="5028742" timestamp="2010-06-19T23:23:32Z" user="damjang" uid="97922" lat="45.6577685" lon="13.8305919"/>
 <node id="777414329" visible="true" version="1" changeset="5028742" timestamp="2010-06-19T23:23:32Z" user="damjang" uid="97922" lat="45.6586509" lon="13.8297056"/>
 <node id="777414330" visible="true" version="1" changeset="5028742" timestamp="2010-06-19T23:23:32Z" user="damjang" uid="97922" lat="45.6576274" lon="13.8278025"/>
 <node id="777414340" visible="true" version="1" changeset="5028742" timestamp="2010-06-19T23:23:33Z" user="damjang" uid="97922" lat="45.6573504" lon="13.8301601"/>
 <node id="777414346" visible="true" version="4" changeset="160900934" timestamp="2025-01-02T10:40:57Z" user="darthravem" uid="2415747" lat="45.6571245" lon="13.8292204">
  <tag k="check_date:crossing" v="2023-07-31"/>
  <tag k="crossing" v="uncontrolled"/>
  <tag k="crossing_ref" v="zebra"/>
  <tag k="highway" v="crossing"/>
  <tag k="kerb" v="flush"/>
  <tag k="tactile_paving" v="no"/>
 </node>
 <node id="777414357" visible="true" version="1" changeset="5028742" timestamp="2010-06-19T23:23:33Z" user="damjang" uid="97922" lat="45.6581233" lon="13.8292714"/>
 <node id="777414360" visible="true" version="1" changeset="5028742" timestamp="2010-06-19T23:23:33Z" user="damjang" uid="97922" lat="45.6568808" lon="13.8290152"/>
 <node id="777414363" visible="true" version="1" changeset="5028742" timestamp="2010-06-19T23:23:33Z" user="damjang" uid="97922" lat="45.6560232" lon="13.8285122"/>
 <node id="777414365" visible="true" version="1" changeset="5028742" timestamp="2010-06-19T23:23:33Z" user="damjang" uid="97922" lat="45.6568803" lon="13.8281652"/>
 <node id="777414372" visible="true" version="1" changeset="5028742" timestamp="2010-06-19T23:23:33Z" user="damjang" uid="97922" lat="45.6587805" lon="13.8287467"/>
 <node id="777414374" visible="true" version="1" changeset="5028742" timestamp="2010-06-19T23:23:34Z" user="damjang" uid="97922" lat="45.6582106" lon="13.8300301"/>
 <node id="777414377" visible="true" version="1" changeset="5028742" timestamp="2010-06-19T23:23:34Z" user="damjang" uid="97922" lat="45.6580413" lon="13.8279878"/>
 <node id="777414379" visible="true" version="1" changeset="5028742" timestamp="2010-06-19T23:23:34Z" user="damjang" uid="97922" lat="45.6572288" lon="13.8292505"/>
 <node id="777414381" visible="true" version="1" changeset="5028742" timestamp="2010-06-19T23:23:34Z" user="damjang" uid="97922" lat="45.6587376" lon="13.8288724"/>
 <node id="777414398" visible="true" version="1" changeset="5028742" timestamp="2010-06-19T23:23:34Z" user="damjang" uid="97922" lat="45.6583845" lon="13.8282038"/>
 <node id="777414401" visible="true" version="1" changeset="5028742" timestamp="2010-06-19T23:23:34Z" user="damjang" uid="97922" lat="45.6561510" lon="13.8287132"/>
 <node id="777414403" visible="true" version="1" changeset="5028742" timestamp="2010-06-19T23:23:34Z" user="damjang" uid="97922" lat="45.6566265" lon="13.8294303"/>
 <node id="777414409" visible="true" version="1" changeset="5028742" timestamp="2010-06-19T23:23:34Z" user="damjang" uid="97922" lat="45.6567291" lon="13.8295910"/>
 <node id="777414429" visible="true" version="1" changeset="5028742" timestamp="2010-06-19T23:23:35Z" user="damjang" uid="97922" lat="45.6583369" lon="13.8304408"/>
 <node id="777414432" visible="true" version="1" changeset="5028742" timestamp="2010-06-19T23:23:35Z" user="damjang" uid="97922" lat="45.6577528" lon="13.8276311"/>
 <node id="777414435" visible="true" version="1" changeset="5028742" timestamp="2010-06-19T23:23:35Z" user="damjang" uid="97922" lat="45.6578071" lon="13.8277455"/>
 <node id="777414438" visible="true" version="1" changeset="5028742" timestamp="2010-06-19T23:23:35Z" user="damjang" uid="97922" lat="45.6589091" lon="13.8287684"/>
 <node id="777414440" visible="true" version="1" changeset="5028742" timestamp="2010-06-19T23:23:35Z" user="damjang" uid="97922" lat="45.6579537" lon="13.8284082"/>
 <node id="777414444" visible="true" version="1" changeset="5028742" timestamp="2010-06-19T23:23:35Z" user="damjang" uid="97922" lat="45.6569948" lon="13.8291185"/>
 <node id="777414448" visible="true" version="1" changeset="5028742" timestamp="2010-06-19T23:23:35Z" user="damjang" uid="97922" lat="45.6570244" lon="13.8298540"/>
 <node id="777414450" visible="true" version="1" changeset="5028742" timestamp="2010-06-19T23:23:35Z" user="damjang" uid="97922" lat="45.6578983" lon="13.8300283"/>
 <node id="777414452" visible="true" version="1" changeset="5028742" timestamp="2010-06-19T23:23:35Z" user="damjang" uid="97922" lat="45.6592253" lon="13.8300481"/>
 <node id="777414453" visible="true" version="1" changeset="5028742" timestamp="2010-06-19T23:23:35Z" user="damjang" uid="97922" lat="45.6576463" lon="13.8293697"/>
 <node id="777414455" visible="true" version="1" changeset="5028742" timestamp="2010-06-19T23:23:35Z" user="damjang" uid="97922" lat="45.6573985" lon="13.8276972">
  <tag k="barrier" v="entrance"/>
 </node>
 <node id="777414458" visible="true" version="1" changeset="5028742" timestamp="2010-06-19T23:23:35Z" user="damjang" uid="97922" lat="45.6590900" lon="13.8303816"/>
 <node id="777414462" visible="true" version="4" changeset="98324325" timestamp="2021-01-28T23:30:36Z" user="damjang" uid="97922" lat="45.6562271" lon="13.8298601"/>
 <node id="777414465" visible="true" version="1" changeset="5028742" timestamp="2010-06-19T23:23:35Z" user="damjang" uid="97922" lat="45.6576396" lon="13.8292093"/>
 <node id="777414466" visible="true" version="1" changeset="5028742" timestamp="2010-06-19T23:23:35Z" user="damjang" uid="97922" lat="45.6577825" lon="13.8298961"/>
 <node id="777414467" visible="true" version="1" changeset="5028742" timestamp="2010-06-19T23:23:36Z" user="damjang" uid="97922" lat="45.6587551" lon="13.8296444"/>
 <node id="777414468" visible="true" version="1" changeset="5028742" timestamp="2010-06-19T23:23:36Z" user="damjang" uid="97922" lat="45.6563223" lon="13.8289674"/>
 <node id="777414489" visible="true" version="1" changeset="5028742" timestamp="2010-06-19T23:23:36Z" user="damjang" uid="97922" lat="45.6580814" lon="13.8299473"/>
 <node id="777414492" visible="true" version="1" changeset="5028742" timestamp="2010-06-19T23:23:36Z" user="damjang" uid="97922" lat="45.6557668" lon="13.8281122"/>
 <node id="777414495" visible="true" version="1" changeset="5028742" timestamp="2010-06-19T23:23:36Z" user="damjang" uid="97922" lat="45.6570110" lon="13.8291599"/>
 <node id="777414497" visible="true" version="1" changeset="5028742" timestamp="2010-06-19T23:23:36Z" user="damjang" uid="97922" lat="45.6583041" lon="13.8297797"/>
 <node id="777414500" visible="true" version="1" changeset="5028742" timestamp="2010-06-19T23:23:36Z" user="damjang" uid="97922" lat="45.6589255" lon="13.8297534"/>
 <node id="777414502" visible="true" version="1" changeset="5028742" timestamp="2010-06-19T23:23:36Z" user="damjang" uid="97922" lat="45.6571800" lon="13.8300667"/>
 <node id="777414505" visible="true" version="1" changeset="5028742" timestamp="2010-06-19T23:23:36Z" user="damjang" uid="97922" lat="45.6587020" lon="13.8291688"/>
 <node id="777414507" visible="true" version="1" changeset="5028742" timestamp="2010-06-19T23:23:36Z" user="damjang" uid="97922" lat="45.6574916" lon="13.8295887"/>
 <node id="777414510" visible="true" version="1" changeset="5028742" timestamp="2010-06-19T23:23:36Z" user="damjang" uid="97922" lat="45.6582659" lon="13.8297311"/>
 <node id="777414512" visible="true" version="2" changeset="15251260" timestamp="2013-03-04T20:34:56Z" user="Aris Milani" uid="1189125" lat="45.6582863" lon="13.8265482"/>
 <node id="777414515" visible="true" version="1" changeset="5028742" timestamp="2010-06-19T23:23:36Z" user="damjang" uid="97922" lat="45.6584924" lon="13.8281397"/>
 <node id="777414518" visible="true" version="1" changeset="5028742" timestamp="2010-06-19T23:23:36Z" user="damjang" uid="97922" lat="45.6569345" lon="13.8279750"/>
 <node id="777414520" visible="true" version="1" changeset="5028742" timestamp="2010-06-19T23:23:36Z" user="damjang" uid="97922" lat="45.6536775" lon="13.8257075"/>
 <node id="777414524" visible="true" version="1" changeset="5028742" timestamp="2010-06-19T23:23:37Z" user="damjang" uid="97922" lat="45.6588100" lon="13.8288297"/>
 <node id="777414527" visible="true" version="2" changeset="98323862" timestamp="2021-01-28T23:18:09Z" user="damjang" uid="97922" lat="45.6575641" lon="13.8306068"/>
 <node id="777414529" visible="true" version="1" changeset="5028742" timestamp="2010-06-19T23:23:37Z" user="damjang" uid="97922" lat="45.6587491" lon="13.8299104"/>
 <node id="777414534" visible="true" version="1" changeset="5028742" timestamp="2010-06-19T23:23:37Z" user="damjang" uid="97922" lat="45.6581868" lon="13.8283260"/>
 <node id="777414537" visible="true" version="1" changeset="5028742" timestamp="2010-06-19T23:23:37Z" user="damjang" uid="97922" lat="45.6578828" lon="13.8273179"/>
 <node id="777414547" visible="true" version="1" changeset="5028742" timestamp="2010-06-19T23:23:39Z" user="damjang" uid="97922" lat="45.6570211" lon="13.8276392"/>
 <node id="777414548" visible="true" version="1" changeset="5028742" timestamp="2010-06-19T23:23:39Z" user="damjang" uid="97922" lat="45.6580363" lon="13.8296281"/>
 <node id="777414550" visible="true" version="1" changeset="5028742" timestamp="2010-06-19T23:23:39Z" user="damjang" uid="97922" lat="45.6565991" lon="13.8291959"/>
 <node id="777414552" visible="true" version="1" changeset="5028742" timestamp="2010-06-19T23:23:39Z" user="damjang" uid="97922" lat="45.6588156" lon="13.8301461"/>
 <node id="777414553" visible="true" version="1" changeset="5028742" timestamp="2010-06-19T23:23:39Z" user="damjang" uid="97922" lat="45.6556466" lon="13.8281642"/>
 <node id="777414555" visible="true" version="2" changeset="121790527" timestamp="2022-06-01T03:23:12Z" user="EvanE" uid="184969" lat="45.6574832" lon="13.8294730">
  <tag k="amenity" v="bench"/>
  <tag k="backrest" v="yes"/>
 </node>
 <node id="777414557" visible="true" version="1" changeset="5028742" timestamp="2010-06-19T23:23:39Z" user="damjang" uid="97922" lat="45.6590018" lon="13.8295939"/>
 <node id="777414559" visible="true" version="1" changeset="5028742" timestamp="2010-06-19T23:23:40Z" user="damjang" uid="97922" lat="45.6570033" lon="13.8289963"/>
 <node id="777414560" visible="true" version="1" changeset="5028742" timestamp="2010-06-19T23:23:40Z" user="damjang" uid="97922" lat="45.6586551" lon="13.8304671"/>
 <node id="777414562" visible="true" version="1" changeset="5028742" timestamp="2010-06-19T23:23:40Z" user="damjang" uid="97922" lat="45.6569859" lon="13.8296347"/>
 <node id="777414564" visible="true" version="1" changeset="5028742" timestamp="2010-06-19T23:23:40Z" user="damjang" uid="97922" lat="45.6584052" lon="13.8282458"/>
 <node id="777414565" visible="true" version="1" changeset="5028742" timestamp="2010-06-19T23:23:40Z" user="damjang" uid="97922" lat="45.6565349" lon="13.8295866"/>
 <node id="777414567" visible="true" version="1" changeset="5028742" timestamp="2010-06-19T23:23:40Z" user="damjang" uid="97922" lat="45.6577569" lon="13.8297411"/>
 <node id="777414569" visible="true" version="1" changeset="5028742" timestamp="2010-06-19T23:23:40Z" user="damjang" uid="97922" lat="45.6569992" lon="13.8282898"/>
 <node id="777414570" visible="true" version="1" changeset="5028742" timestamp="2010-06-19T23:23:40Z" user="damjang" uid="97922" lat="45.6576274" lon="13.8276595"/>
 <node id="777414572" visible="true" version="1" changeset="5028742" timestamp="2010-06-19T23:23:40Z" user="damjang" uid="97922" lat="45.6583864" lon="13.8274695"/>
 <node id="777414575" visible="true" version="1" changeset="5028742" timestamp="2010-06-19T23:23:40Z" user="damjang" uid="97922" lat="45.6571097" lon="13.8298684"/>
 <node id="777414578" visible="true" version="1" changeset="5028742" timestamp="2010-06-19T23:23:40Z" user="damjang" uid="97922" lat="45.6573620" lon="13.8291099"/>
 <node id="777414580" visible="true" version="1" changeset="5028742" timestamp="2010-06-19T23:23:40Z" user="damjang" uid="97922" lat="45.6580965" lon="13.8291993"/>
 <node id="777414586" visible="true" version="1" changeset="5028742" timestamp="2010-06-19T23:23:41Z" user="damjang" uid="97922" lat="45.6561811" lon="13.8288076"/>
 <node id="777414588" visible="true" version="1" changeset="5028742" timestamp="2010-06-19T23:23:41Z" user="damjang" uid="97922" lat="45.6556818" lon="13.8281803"/>
 <node id="777414589" visible="true" version="1" changeset="5028742" timestamp="2010-06-19T23:23:41Z" user="damjang" uid="97922" lat="45.6568807" lon="13.8278019"/>
 <node id="777414591" visible="true" version="1" changeset="5028742" timestamp="2010-06-19T23:23:41Z" user="damjang" uid="97922" lat="45.6588292" lon="13.8287299"/>
 <node id="777414593" visible="true" version="1" changeset="5028742" timestamp="2010-06-19T23:23:41Z" user="damjang" uid="97922" lat="45.6583529" lon="13.8294715"/>
 <node id="777414595" visible="true" version="1" changeset="5028742" timestamp="2010-06-19T23:23:41Z" user="damjang" uid="97922" lat="45.6584777" lon="13.8301946"/>
 <node id="777414596" visible="true" version="1" changeset="5028742" timestamp="2010-06-19T23:23:41Z" user="damjang" uid="97922" lat="45.6586555" lon="13.8288376"/>
 <node id="777414598" visible="true" version="1" changeset="5028742" timestamp="2010-06-19T23:23:41Z" user="damjang" uid="97922" lat="45.6586678" lon="13.8297066"/>
 <node id="777414600" visible="true" version="1" changeset="5028742" timestamp="2010-06-19T23:23:41Z" user="damjang" uid="97922" lat="45.6583352" lon="13.8288815"/>
 <node id="777414601" visible="true" version="1" changeset="5028742" timestamp="2010-06-19T23:23:41Z" user="damjang" uid="97922" lat="45.6585202" lon="13.8282761"/>
 <node id="777414603" visible="true" version="1" changeset="5028742" timestamp="2010-06-19T23:23:41Z" user="damjang" uid="97922" lat="45.6580924" lon="13.8306746"/>
 <node id="777414604" visible="true" version="1" changeset="5028742" timestamp="2010-06-19T23:23:41Z" user="damjang" uid="97922" lat="45.6572513" lon="13.8274255"/>
 <node id="777414609" visible="true" version="1" changeset="5028742" timestamp="2010-06-19T23:23:41Z" user="damjang" uid="97922" lat="45.6582314" lon="13.8299415"/>
 <node id="777414611" visible="true" version="1" changeset="5028742" timestamp="2010-06-19T23:23:41Z" user="damjang" uid="97922" lat="45.6578400" lon="13.8279744"/>
 <node id="777414613" visible="true" version="1" changeset="5028742" timestamp="2010-06-19T23:23:41Z" user="damjang" uid="97922" lat="45.6576938" lon="13.8278383"/>
 <node id="777414615" visible="true" version="1" changeset="5028742" timestamp="2010-06-19T23:23:41Z" user="damjang" uid="97922" lat="45.6584955" lon="13.8276169"/>
 <node id="777414617" visible="true" version="1" changeset="5028742" timestamp="2010-06-19T23:23:41Z" user="damjang" uid="97922" lat="45.6584041" lon="13.8287659"/>
 <node id="777414637" visible="true" version="1" changeset="5028742" timestamp="2010-06-19T23:23:42Z" user="damjang" uid="97922" lat="45.6577471" lon="13.8289424"/>
 <node id="777414639" visible="true" version="1" changeset="5028742" timestamp="2010-06-19T23:23:42Z" user="damjang" uid="97922" lat="45.6569342" lon="13.8295737"/>
 <node id="777414641" visible="true" version="1" changeset="5028742" timestamp="2010-06-19T23:23:42Z" user="damjang" uid="97922" lat="45.6579061" lon="13.8300137"/>
 <node id="777414643" visible="true" version="1" changeset="5028742" timestamp="2010-06-19T23:23:42Z" user="damjang" uid="97922" lat="45.6580670" lon="13.8293380"/>
 <node id="777414645" visible="true" version="1" changeset="5028742" timestamp="2010-06-19T23:23:42Z" user="damjang" uid="97922" lat="45.6574259" lon="13.8277422"/>
 <node id="777414648" visible="true" version="1" changeset="5028742" timestamp="2010-06-19T23:23:42Z" user="damjang" uid="97922" lat="45.6584068" lon="13.8277506"/>
 <node id="777414652" visible="true" version="1" changeset="5028742" timestamp="2010-06-19T23:23:43Z" user="damjang" uid="97922" lat="45.6589238" lon="13.8299739"/>
 <node id="777414655" visible="true" version="1" changeset="5028742" timestamp="2010-06-19T23:23:43Z" user="damjang" uid="97922" lat="45.6587766" lon="13.8296513"/>
 <node id="777414657" visible="true" version="1" changeset="5028742" timestamp="2010-06-19T23:23:43Z" user="damjang" uid="97922" lat="45.6562934" lon="13.8290080"/>
 <node id="777414659" visible="true" version="1" changeset="5028742" timestamp="2010-06-19T23:23:43Z" user="damjang" uid="97922" lat="45.6576826" lon="13.8301515"/>
 <node id="777414661" visible="true" version="1" changeset="5028742" timestamp="2010-06-19T23:23:43Z" user="damjang" uid="97922" lat="45.6556390" lon="13.8279602"/>
 <node id="777414662" visible="true" version="1" changeset="5028742" timestamp="2010-06-19T23:23:43Z" user="damjang" uid="97922" lat="45.6569458" lon="13.8292803"/>
 <node id="777414669" visible="true" version="1" changeset="5028742" timestamp="2010-06-19T23:23:43Z" user="damjang" uid="97922" lat="45.6575887" lon="13.8298013"/>
 <node id="777414671" visible="true" version="1" changeset="5028742" timestamp="2010-06-19T23:23:43Z" user="damjang" uid="97922" lat="45.6584158" lon="13.8276675"/>
 <node id="777414673" visible="true" version="1" changeset="5028742" timestamp="2010-06-19T23:23:43Z" user="damjang" uid="97922" lat="45.6570856" lon="13.8299104"/>
 <node id="777414674" visible="true" version="1" changeset="5028742" timestamp="2010-06-19T23:23:43Z" user="damjang" uid="97922" lat="45.6589302" lon="13.8300182"/>
 <node id="777414687" visible="true" version="1" changeset="5028742" timestamp="2010-06-19T23:23:44Z" user="damjang" uid="97922" lat="45.6571803" lon="13.8293159"/>
 <node id="777414690" visible="true" version="1" changeset="5028742" timestamp="2010-06-19T23:23:44Z" user="damjang" uid="97922" lat="45.6583058" lon="13.8297642"/>
 <node id="777414692" visible="true" version="1" changeset="5028742" timestamp="2010-06-19T23:23:45Z" user="damjang" uid="97922" lat="45.6574222" lon="13.8281656"/>
 <node id="777414693" visible="true" version="1" changeset="5028742" timestamp="2010-06-19T23:23:45Z" user="damjang" uid="97922" lat="45.6580946" lon="13.8276510"/>
 <node id="777414695" visible="true" version="1" changeset="5028742" timestamp="2010-06-19T23:23:45Z" user="damjang" uid="97922" lat="45.6572200" lon="13.8275187"/>
 <node id="777414699" visible="true" version="1" changeset="5028742" timestamp="2010-06-19T23:23:45Z" user="damjang" uid="97922" lat="45.6568826" lon="13.8289261"/>
 <node id="777414700" visible="true" version="1" changeset="5028742" timestamp="2010-06-19T23:23:45Z" user="damjang" uid="97922" lat="45.6589502" lon="13.8296148"/>
 <node id="777414702" visible="true" version="2" changeset="98323862" timestamp="2021-01-28T23:18:09Z" user="damjang" uid="97922" lat="45.6575580" lon="13.8306050"/>
 <node id="777414707" visible="true" version="1" changeset="5028742" timestamp="2010-06-19T23:23:45Z" user="damjang" uid="97922" lat="45.6587276" lon="13.8298773"/>
 <node id="777414708" visible="true" version="2" changeset="86760155" timestamp="2020-06-17T08:11:14Z" user="Badojo" uid="8189075" lat="45.6589454" lon="13.8301981"/>
 <node id="777414709" visible="true" version="1" changeset="5028742" timestamp="2010-06-19T23:23:46Z" user="damjang" uid="97922" lat="45.6577745" lon="13.8290681"/>
 <node id="777414711" visible="true" version="1" changeset="5028742" timestamp="2010-06-19T23:23:46Z" user="damjang" uid="97922" lat="45.6568921" lon="13.8279077"/>
 <node id="777414712" visible="true" version="1" changeset="5028742" timestamp="2010-06-19T23:23:46Z" user="damjang" uid="97922" lat="45.6563601" lon="13.8289567"/>
 <node id="777414713" visible="true" version="1" changeset="5028742" timestamp="2010-06-19T23:23:46Z" user="damjang" uid="97922" lat="45.6568333" lon="13.8294361"/>
 <node id="777414715" visible="true" version="1" changeset="5028742" timestamp="2010-06-19T23:23:46Z" user="damjang" uid="97922" lat="45.6574009" lon="13.8302570"/>
 <node id="777414716" visible="true" version="1" changeset="5028742" timestamp="2010-06-19T23:23:46Z" user="damjang" uid="97922" lat="45.6561155" lon="13.8287467"/>
 <node id="777414718" visible="true" version="1" changeset="5028742" timestamp="2010-06-19T23:23:46Z" user="damjang" uid="97922" lat="45.6573816" lon="13.8301144"/>
 <node id="777414720" visible="true" version="1" changeset="5028742" timestamp="2010-06-19T23:23:46Z" user="damjang" uid="97922" lat="45.6573309" lon="13.8283484">
  <tag k="barrier" v="entrance"/>
 </node>
 <node id="777414736" visible="true" version="1" changeset="5028742" timestamp="2010-06-19T23:23:46Z" user="damjang" uid="97922" lat="45.6590179" lon="13.8297241"/>
 <node id="777414739" visible="true" version="1" changeset="5028742" timestamp="2010-06-19T23:23:46Z" user="damjang" uid="97922" lat="45.6575532" lon="13.8287548"/>
 <node id="777414740" visible="true" version="3" changeset="98324325" timestamp="2021-01-28T23:30:36Z" user="damjang" uid="97922" lat="45.6563174" lon="13.8299407"/>
 <node id="777414743" visible="true" version="1" changeset="5028742" timestamp="2010-06-19T23:23:46Z" user="damjang" uid="97922" lat="45.6585006" lon="13.8305404"/>
 <node id="777414746" visible="true" version="1" changeset="5028742" timestamp="2010-06-19T23:23:47Z" user="damjang" uid="97922" lat="45.6570836" lon="13.8298107"/>
 <node id="777414749" visible="true" version="1" changeset="5028742" timestamp="2010-06-19T23:23:47Z" user="damjang" uid="97922" lat="45.6582451" lon="13.8286427"/>
 <node id="777414751" visible="true" version="2" changeset="98324325" timestamp="2021-01-28T23:30:36Z" user="damjang" uid="97922" lat="45.6560275" lon="13.8289528"/>
 <node id="777414753" visible="true" version="1" changeset="5028742" timestamp="2010-06-19T23:23:47Z" user="damjang" uid="97922" lat="45.6577684" lon="13.8297411"/>
 <node id="777414756" visible="true" version="1" changeset="5028742" timestamp="2010-06-19T23:23:47Z" user="damjang" uid="97922" lat="45.6569721" lon="13.8286874"/>
 <node id="777414757" visible="true" version="1" changeset="5028742" timestamp="2010-06-19T23:23:47Z" user="damjang" uid="97922" lat="45.6575274" lon="13.8274918"/>
 <node id="777414760" visible="true" version="1" changeset="5028742" timestamp="2010-06-19T23:23:47Z" user="damjang" uid="97922" lat="45.6572235" lon="13.8301319"/>
 <node id="777414762" visible="true" version="1" changeset="5028742" timestamp="2010-06-19T23:23:47Z" user="damjang" uid="97922" lat="45.6587345" lon="13.8274704"/>
 <node id="777414764" visible="true" version="5" changeset="100988543" timestamp="2021-03-14T13:07:46Z" user="alessandrocarmeli" uid="12294600" lat="45.6563537" lon="13.8299584"/>
 <node id="777414765" visible="true" version="1" changeset="5028742" timestamp="2010-06-19T23:23:47Z" user="damjang" uid="97922" lat="45.6576097" lon="13.8299103"/>
 <node id="777414767" visible="true" version="1" changeset="5028742" timestamp="2010-06-19T23:23:47Z" user="damjang" uid="97922" lat="45.6579203" lon="13.8291026"/>
 <node id="777414769" visible="true" version="1" changeset="5028742" timestamp="2010-06-19T23:23:47Z" user="damjang" uid="97922" lat="45.6559937" lon="13.8290744"/>
 <node id="777414771" visible="true" version="1" changeset="5028742" timestamp="2010-06-19T23:23:47Z" user="damjang" uid="97922" lat="45.6580841" lon="13.8273710"/>
 <node id="777414773" visible="true" version="1" changeset="5028742" timestamp="2010-06-19T23:23:47Z" user="damjang" uid="97922" lat="45.6570499" lon="13.8274226"/>
 <node id="777414774" visible="true" version="2" changeset="122962288" timestamp="2022-06-28T15:07:41Z" user="damjang" uid="97922" lat="45.6540207" lon="13.8263734"/>
 <node id="777414776" visible="true" version="1" changeset="5028742" timestamp="2010-06-19T23:23:48Z" user="damjang" uid="97922" lat="45.6582058" lon="13.8274696"/>
 <node id="777414799" visible="true" version="1" changeset="5028742" timestamp="2010-06-19T23:23:49Z" user="damjang" uid="97922" lat="45.6588940" lon="13.8302060"/>
 <node id="777414803" visible="true" version="1" changeset="5028742" timestamp="2010-06-19T23:23:49Z" user="damjang" uid="97922" lat="45.6577850" lon="13.8292374"/>
 <node id="777414807" visible="true" version="1" changeset="5028742" timestamp="2010-06-19T23:23:49Z" user="damjang" uid="97922" lat="45.6586612" lon="13.8296583"/>
 <node id="777414809" visible="true" version="1" changeset="5028742" timestamp="2010-06-19T23:23:49Z" user="damjang" uid="97922" lat="45.6583322" lon="13.8288901"/>
 <node id="777414813" visible="true" version="1" changeset="5028742" timestamp="2010-06-19T23:23:49Z" user="damjang" uid="97922" lat="45.6586488" lon="13.8282468"/>
 <node id="777414816" visible="true" version="1" changeset="5028742" timestamp="2010-06-19T23:23:49Z" user="damjang" uid="97922" lat="45.6588242" lon="13.8280841"/>
 <node id="777414820" visible="true" version="1" changeset="5028742" timestamp="2010-06-19T23:23:49Z" user="damjang" uid="97922" lat="45.6571818" lon="13.8274806"/>
 <node id="777414823" visible="true" version="1" changeset="5028742" timestamp="2010-06-19T23:23:49Z" user="damjang" uid="97922" lat="45.6578946" lon="13.8277798"/>
 <node id="777414826" visible="true" version="1" changeset="5028742" timestamp="2010-06-19T23:23:49Z" user="damjang" uid="97922" lat="45.6582509" lon="13.8297847"/>
 <node id="777414829" visible="true" version="1" changeset="5028742" timestamp="2010-06-19T23:23:49Z" user="damjang" uid="97922" lat="45.6556708" lon="13.8281725"/>
 <node id="777414831" visible="true" version="1" changeset="5028742" timestamp="2010-06-19T23:23:49Z" user="damjang" uid="97922" lat="45.6576719" lon="13.8277265"/>
 <node id="777414833" visible="true" version="1" changeset="5028742" timestamp="2010-06-19T23:23:49Z" user="damjang" uid="97922" lat="45.6590067" lon="13.8299800"/>
 <node id="777414834" visible="true" version="1" changeset="5028742" timestamp="2010-06-19T23:23:49Z" user="damjang" uid="97922" lat="45.6587150" lon="13.8287832"/>
 <node id="777414836" visible="true" version="1" changeset="5028742" timestamp="2010-06-19T23:23:49Z" user="damjang" uid="97922" lat="45.6589064" lon="13.8303856"/>
 <node id="777414839" visible="true" version="1" changeset="5028742" timestamp="2010-06-19T23:23:49Z" user="damjang" uid="97922" lat="45.6571549" lon="13.8292703"/>
 <node id="777414842" visible="true" version="1" changeset="5028742" timestamp="2010-06-19T23:23:49Z" user="damjang" uid="97922" lat="45.6578655" lon="13.8285673"/>
 <node id="777414844" visible="true" version="1" changeset="5028742" timestamp="2010-06-19T23:23:50Z" user="damjang" uid="97922" lat="45.6569279" lon="13.8289824"/>
 <node id="777414847" visible="true" version="1" changeset="5028742" timestamp="2010-06-19T23:23:50Z" user="damjang" uid="97922" lat="45.6577244" lon="13.8306105"/>
 <node id="777414850" visible="true" version="1" changeset="5028742" timestamp="2010-06-19T23:23:50Z" user="damjang" uid="97922" lat="45.6580566" lon="13.8293318"/>
 <node id="777414866" visible="true" version="1" changeset="5028742" timestamp="2010-06-19T23:23:50Z" user="damjang" uid="97922" lat="45.6568383" lon="13.8276480"/>
 <node id="777414868" visible="true" version="1" changeset="5028742" timestamp="2010-06-19T23:23:50Z" user="damjang" uid="97922" lat="45.6582088" lon="13.8276254"/>
 <node id="777414881" visible="true" version="1" changeset="5028742" timestamp="2010-06-19T23:23:51Z" user="damjang" uid="97922" lat="45.6575656" lon="13.8292316"/>
 <node id="777414882" visible="true" version="1" changeset="5028742" timestamp="2010-06-19T23:23:51Z" user="damjang" uid="97922" lat="45.6588084" lon="13.8296282"/>
 <node id="777414884" visible="true" version="1" changeset="5028742" timestamp="2010-06-19T23:23:51Z" user="damjang" uid="97922" lat="45.6580272" lon="13.8273356"/>
 <node id="777414886" visible="true" version="1" changeset="5028742" timestamp="2010-06-19T23:23:51Z" user="damjang" uid="97922" lat="45.6579424" lon="13.8303409"/>
 <node id="777414887" visible="true" version="1" changeset="5028742" timestamp="2010-06-19T23:23:51Z" user="damjang" uid="97922" lat="45.6553932" lon="13.8278677"/>
 <node id="777414889" visible="true" version="1" changeset="5028742" timestamp="2010-06-19T23:23:51Z" user="damjang" uid="97922" lat="45.6578346" lon="13.8302737"/>
 <node id="777414893" visible="true" version="1" changeset="5028742" timestamp="2010-06-19T23:23:51Z" user="damjang" uid="97922" lat="45.6587240" lon="13.8281037"/>
 <node id="777414894" visible="true" version="1" changeset="5028742" timestamp="2010-06-19T23:23:51Z" user="damjang" uid="97922" lat="45.6582858" lon="13.8300604"/>
 <node id="777414896" visible="true" version="1" changeset="5028742" timestamp="2010-06-19T23:23:51Z" user="damjang" uid="97922" lat="45.6583058" lon="13.8276322"/>
 <node id="777414898" visible="true" version="1" changeset="5028742" timestamp="2010-06-19T23:23:51Z" user="damjang" uid="97922" lat="45.6572223" lon="13.8293413"/>
 <node id="777414900" visible="true" version="1" changeset="5028742" timestamp="2010-06-19T23:23:51Z" user="damjang" uid="97922" lat="45.6584990" lon="13.8286079"/>
 <node id="777414902" visible="true" version="1" changeset="5028742" timestamp="2010-06-19T23:23:51Z" user="damjang" uid="97922" lat="45.6574253" lon="13.8281520"/>
 <node id="777414905" visible="true" version="1" changeset="5028742" timestamp="2010-06-19T23:23:51Z" user="damjang" uid="97922" lat="45.6573542" lon="13.8283714"/>
 <node id="777414912" visible="true" version="1" changeset="5028742" timestamp="2010-06-19T23:23:52Z" user="damjang" uid="97922" lat="45.6568853" lon="13.8283729"/>
 <node id="777414913" visible="true" version="1" changeset="5028742" timestamp="2010-06-19T23:23:52Z" user="damjang" uid="97922" lat="45.6582373" lon="13.8304702"/>
 <node id="777414914" visible="true" version="1" changeset="5028742" timestamp="2010-06-19T23:23:52Z" user="damjang" uid="97922" lat="45.6571917" lon="13.8273912"/>
 <node id="777414915" visible="true" version="1" changeset="5028742" timestamp="2010-06-19T23:23:52Z" user="damjang" uid="97922" lat="45.6587560" lon="13.8300641"/>
 <node id="777414916" visible="true" version="1" changeset="5028742" timestamp="2010-06-19T23:23:52Z" user="damjang" uid="97922" lat="45.6589556" lon="13.8294896"/>
 <node id="777414917" visible="true" version="1" changeset="5028742" timestamp="2010-06-19T23:23:52Z" user="damjang" uid="97922" lat="45.6575523" lon="13.8285542"/>
 <node id="777414918" visible="true" version="1" changeset="5028742" timestamp="2010-06-19T23:23:52Z" user="damjang" uid="97922" lat="45.6587913" lon="13.8281145"/>
 <node id="777414919" visible="true" version="1" changeset="5028742" timestamp="2010-06-19T23:23:52Z" user="damjang" uid="97922" lat="45.6571127" lon="13.8291397"/>
 <node id="777414921" visible="true" version="1" changeset="5028742" timestamp="2010-06-19T23:23:52Z" user="damjang" uid="97922" lat="45.6568707" lon="13.8290754"/>
 <node id="777414922" visible="true" version="1" changeset="5028742" timestamp="2010-06-19T23:23:52Z" user="damjang" uid="97922" lat="45.6576817" lon="13.8305217"/>
 <node id="777414923" visible="true" version="1" changeset="5028742" timestamp="2010-06-19T23:23:52Z" user="damjang" uid="97922" lat="45.6562355" lon="13.8288616"/>
 <node id="777414924" visible="true" version="1" changeset="5028742" timestamp="2010-06-19T23:23:52Z" user="damjang" uid="97922" lat="45.6572651" lon="13.8298507"/>
 <node id="777414925" visible="true" version="2" changeset="122720383" timestamp="2022-06-22T16:52:38Z" user="darthravem" uid="2415747" lat="45.6573063" lon="13.8288411">
  <tag k="amenity" v="bench"/>
  <tag k="backrest" v="yes"/>
  <tag k="check_date" v="2022-06-22"/>
 </node>
 <node id="777414926" visible="true" version="1" changeset="5028742" timestamp="2010-06-19T23:23:52Z" user="damjang" uid="97922" lat="45.6590606" lon="13.8299602"/>
 <node id="777414928" visible="true" version="4" changeset="98324325" timestamp="2021-01-28T23:30:36Z" user="damjang" uid="97922" lat="45.6564013" lon="13.8300281"/>
 <node id="777414929" visible="true" version="1" changeset="5028742" timestamp="2010-06-19T23:23:52Z" user="damjang" uid="97922" lat="45.6581869" lon="13.8306097"/>
 <node id="777414930" visible="true" version="1" changeset="5028742" timestamp="2010-06-19T23:23:52Z" user="damjang" uid="97922" lat="45.6576479" lon="13.8302933"/>
 <node id="777414932" visible="true" version="1" changeset="5028742" timestamp="2010-06-19T23:23:53Z" user="damjang" uid="97922" lat="45.6579744" lon="13.8284665"/>
 <node id="777414933" visible="true" version="1" changeset="5028742" timestamp="2010-06-19T23:23:54Z" user="damjang" uid="97922" lat="45.6565066" lon="13.8293160"/>
 <node id="777414934" visible="true" version="1" changeset="5028742" timestamp="2010-06-19T23:23:55Z" user="damjang" uid="97922" lat="45.6580274" lon="13.8296646"/>
 <node id="777414935" visible="true" version="1" changeset="5028742" timestamp="2010-06-19T23:23:55Z" user="damjang" uid="97922" lat="45.6560236" lon="13.8285272"/>
 <node id="777414936" visible="true" version="1" changeset="5028742" timestamp="2010-06-19T23:23:55Z" user="damjang" uid="97922" lat="45.6570643" lon="13.8287375"/>
 <node id="777414937" visible="true" version="1" changeset="5028742" timestamp="2010-06-19T23:23:55Z" user="damjang" uid="97922" lat="45.6581356" lon="13.8299663"/>
 <node id="777414938" visible="true" version="1" changeset="5028742" timestamp="2010-06-19T23:23:55Z" user="damjang" uid="97922" lat="45.6571869" lon="13.8300481"/>
 <node id="777414940" visible="true" version="1" changeset="5028742" timestamp="2010-06-19T23:23:55Z" user="damjang" uid="97922" lat="45.6592171" lon="13.8304668"/>
 <node id="777414942" visible="true" version="3" changeset="98324325" timestamp="2021-01-28T23:30:36Z" user="damjang" uid="97922" lat="45.6562579" lon="13.8299396"/>
 <node id="777414944" visible="true" version="1" changeset="5028742" timestamp="2010-06-19T23:23:55Z" user="damjang" uid="97922" lat="45.6575575" lon="13.8298104"/>
 <node id="777414946" visible="true" version="1" changeset="5028742" timestamp="2010-06-19T23:23:56Z" user="damjang" uid="97922" lat="45.6578915" lon="13.8282301"/>
 <node id="777414947" visible="true" version="1" changeset="5028742" timestamp="2010-06-19T23:23:56Z" user="damjang" uid="97922" lat="45.6567333" lon="13.8303376"/>
 <node id="777414949" visible="true" version="1" changeset="5028742" timestamp="2010-06-19T23:23:56Z" user="damjang" uid="97922" lat="45.6575102" lon="13.8274220"/>
 <node id="777414951" visible="true" version="1" changeset="5028742" timestamp="2010-06-19T23:23:56Z" user="damjang" uid="97922" lat="45.6568353" lon="13.8277887"/>
 <node id="777414952" visible="true" version="1" changeset="5028742" timestamp="2010-06-19T23:23:56Z" user="damjang" uid="97922" lat="45.6575866" lon="13.8274925"/>
 <node id="777414954" visible="true" version="1" changeset="5028742" timestamp="2010-06-19T23:23:56Z" user="damjang" uid="97922" lat="45.6532977" lon="13.8254096"/>
 <node id="777414957" visible="true" version="1" changeset="5028742" timestamp="2010-06-19T23:23:56Z" user="damjang" uid="97922" lat="45.6587952" lon="13.8288617"/>
 <node id="777414958" visible="true" version="1" changeset="5028742" timestamp="2010-06-19T23:23:56Z" user="damjang" uid="97922" lat="45.6592721" lon="13.8302159"/>
 <node id="777414960" visible="true" version="1" changeset="5028742" timestamp="2010-06-19T23:23:56Z" user="damjang" uid="97922" lat="45.6581544" lon="13.8294938"/>
 <node id="777414962" visible="true" version="2" changeset="86760155" timestamp="2020-06-17T08:11:14Z" user="Badojo" uid="8189075" lat="45.6592001" lon="13.8303496"/>
 <node id="777414974" visible="true" version="1" changeset="5028742" timestamp="2010-06-19T23:23:57Z" user="damjang" uid="97922" lat="45.6586504" lon="13.8282504"/>
 <node id="777414976" visible="true" version="1" changeset="5028742" timestamp="2010-06-19T23:23:57Z" user="damjang" uid="97922" lat="45.6583425" lon="13.8273680"/>
 <node id="777414977" visible="true" version="1" changeset="5028742" timestamp="2010-06-19T23:23:57Z" user="damjang" uid="97922" lat="45.6569444" lon="13.8277906"/>
 <node id="777414979" visible="true" version="1" changeset="5028742" timestamp="2010-06-19T23:23:57Z" user="damjang" uid="97922" lat="45.6579068" lon="13.8278271"/>
 <node id="777414981" visible="true" version="1" changeset="5028742" timestamp="2010-06-19T23:23:57Z" user="damjang" uid="97922" lat="45.6566528" lon="13.8290634"/>
 <node id="777414984" visible="true" version="1" changeset="5028742" timestamp="2010-06-19T23:23:57Z" user="damjang" uid="97922" lat="45.6588798" lon="13.8298597"/>
 <node id="777414985" visible="true" version="1" changeset="5028742" timestamp="2010-06-19T23:23:57Z" user="damjang" uid="97922" lat="45.6555358" lon="13.8280114"/>
 <node id="777414987" visible="true" version="1" changeset="5028742" timestamp="2010-06-19T23:23:57Z" user="damjang" uid="97922" lat="45.6578805" lon="13.8277025"/>
 <node id="777414988" visible="true" version="1" changeset="5028742" timestamp="2010-06-19T23:23:57Z" user="damjang" uid="97922" lat="45.6590035" lon="13.8299897"/>
 <node id="777414989" visible="true" version="1" changeset="5028742" timestamp="2010-06-19T23:23:57Z" user="damjang" uid="97922" lat="45.6578216" lon="13.8289582"/>
 <node id="777414990" visible="true" version="1" changeset="5028742" timestamp="2010-06-19T23:23:57Z" user="damjang" uid="97922" lat="45.6587531" lon="13.8304618"/>
 <node id="777414993" visible="true" version="1" changeset="5028742" timestamp="2010-06-19T23:23:57Z" user="damjang" uid="97922" lat="45.6569588" lon="13.8293846"/>
 <node id="777414995" visible="true" version="1" changeset="5028742" timestamp="2010-06-19T23:23:57Z" user="damjang" uid="97922" lat="45.6584732" lon="13.8283089"/>
 <node id="777414998" visible="true" version="2" changeset="98324325" timestamp="2021-01-28T23:30:36Z" user="damjang" uid="97922" lat="45.6563227" lon="13.8293548"/>
 <node id="777415000" visible="true" version="1" changeset="5028742" timestamp="2010-06-19T23:23:57Z" user="damjang" uid="97922" lat="45.6575747" lon="13.8305428"/>
 <node id="777415003" visible="true" version="1" changeset="5028742" timestamp="2010-06-19T23:23:57Z" user="damjang" uid="97922" lat="45.6576705" lon="13.8292412"/>
 <node id="777415008" visible="true" version="1" changeset="5028742" timestamp="2010-06-19T23:23:57Z" user="damjang" uid="97922" lat="45.6573478" lon="13.8301769"/>
 <node id="777415014" visible="true" version="1" changeset="5028742" timestamp="2010-06-19T23:23:57Z" user="damjang" uid="97922" lat="45.6575089" lon="13.8287068"/>
 <node id="777415049" visible="true" version="1" changeset="5028742" timestamp="2010-06-19T23:23:58Z" user="damjang" uid="97922" lat="45.6575119" lon="13.8286272"/>
 <node id="777415054" visible="true" version="1" changeset="5028742" timestamp="2010-06-19T23:23:58Z" user="damjang" uid="97922" lat="45.6570917" lon="13.8274923"/>
 <node id="777415057" visible="true" version="1" changeset="5028742" timestamp="2010-06-19T23:23:58Z" user="damjang" uid="97922" lat="45.6576371" lon="13.8304017"/>
 <node id="777415059" visible="true" version="1" changeset="5028742" timestamp="2010-06-19T23:23:58Z" user="damjang" uid="97922" lat="45.6553883" lon="13.8278671"/>
 <node id="777415063" visible="true" version="1" changeset="5028742" timestamp="2010-06-19T23:23:58Z" user="damjang" uid="97922" lat="45.6575989" lon="13.8299265"/>
 <node id="777415070" visible="true" version="1" changeset="5028742" timestamp="2010-06-19T23:23:58Z" user="damjang" uid="97922" lat="45.6588031" lon="13.8287621"/>
 <node id="777415073" visible="true" version="1" changeset="5028742" timestamp="2010-06-19T23:23:59Z" user="damjang" uid="97922" lat="45.6582298" lon="13.8299981"/>
 <node id="777415076" visible="true" version="1" changeset="5028742" timestamp="2010-06-19T23:23:59Z" user="damjang" uid="97922" lat="45.6580069" lon="13.8276784"/>
 <node id="777415079" visible="true" version="1" changeset="5028742" timestamp="2010-06-19T23:23:59Z" user="damjang" uid="97922" lat="45.6572390" lon="13.8295217"/>
 <node id="777415083" visible="true" version="1" changeset="5028742" timestamp="2010-06-19T23:23:59Z" user="damjang" uid="97922" lat="45.6582205" lon="13.8289504"/>
 <node id="777415085" visible="true" version="1" changeset="5028742" timestamp="2010-06-19T23:23:59Z" user="damjang" uid="97922" lat="45.6576912" lon="13.8279144"/>
 <node id="777415088" visible="true" version="1" changeset="5028742" timestamp="2010-06-19T23:23:59Z" user="damjang" uid="97922" lat="45.6561009" lon="13.8286365"/>
 <node id="777415091" visible="true" version="1" changeset="5028742" timestamp="2010-06-19T23:23:59Z" user="damjang" uid="97922" lat="45.6572225" lon="13.8274605"/>
 <node id="777415096" visible="true" version="1" changeset="5028742" timestamp="2010-06-19T23:23:59Z" user="damjang" uid="97922" lat="45.6567675" lon="13.8296023"/>
 <node id="777415100" visible="true" version="1" changeset="5028742" timestamp="2010-06-19T23:23:59Z" user="damjang" uid="97922" lat="45.6589134" lon="13.8302795"/>
 <node id="777415103" visible="true" version="1" changeset="5028742" timestamp="2010-06-19T23:23:59Z" user="damjang" uid="97922" lat="45.6580274" lon="13.8276163"/>
 <node id="777415123" visible="true" version="1" changeset="5028742" timestamp="2010-06-19T23:23:59Z" user="damjang" uid="97922" lat="45.6578719" lon="13.8299935"/>
 <node id="777415125" visible="true" version="1" changeset="5028742" timestamp="2010-06-19T23:23:59Z" user="damjang" uid="97922" lat="45.6576771" lon="13.8306283"/>
 <node id="777415128" visible="true" version="1" changeset="5028742" timestamp="2010-06-19T23:23:59Z" user="damjang" uid="97922" lat="45.6575504" lon="13.8286212"/>
 <node id="777415135" visible="true" version="1" changeset="5028742" timestamp="2010-06-19T23:24:00Z" user="damjang" uid="97922" lat="45.6569861" lon="13.8290964"/>
 <node id="777415137" visible="true" version="1" changeset="5028742" timestamp="2010-06-19T23:24:00Z" user="damjang" uid="97922" lat="45.6563907" lon="13.8292980"/>
 <node id="777415141" visible="true" version="1" changeset="5028742" timestamp="2010-06-19T23:24:00Z" user="damjang" uid="97922" lat="45.6570338" lon="13.8298300"/>
 <node id="777415144" visible="true" version="1" changeset="5028742" timestamp="2010-06-19T23:24:00Z" user="damjang" uid="97922" lat="45.6582483" lon="13.8304057"/>
 <node id="777415146" visible="true" version="1" changeset="5028742" timestamp="2010-06-19T23:24:00Z" user="damjang" uid="97922" lat="45.6555803" lon="13.8281257"/>
 <node id="777415149" visible="true" version="1" changeset="5028742" timestamp="2010-06-19T23:24:00Z" user="damjang" uid="97922" lat="45.6583017" lon="13.8297953"/>
 <node id="777415152" visible="true" version="1" changeset="5028742" timestamp="2010-06-19T23:24:00Z" user="damjang" uid="97922" lat="45.6578677" lon="13.8288712">
  <tag k="barrier" v="entrance"/>
 </node>
 <node id="777415156" visible="true" version="1" changeset="5028742" timestamp="2010-06-19T23:24:00Z" user="damjang" uid="97922" lat="45.6590281" lon="13.8297342"/>
 <node id="777415164" visible="true" version="1" changeset="5028742" timestamp="2010-06-19T23:24:00Z" user="damjang" uid="97922" lat="45.6583022" lon="13.8305048"/>
 <node id="777415166" visible="true" version="1" changeset="5028742" timestamp="2010-06-19T23:24:00Z" user="damjang" uid="97922" lat="45.6578070" lon="13.8298956"/>
 <node id="777415192" visible="true" version="1" changeset="5028742" timestamp="2010-06-19T23:24:00Z" user="damjang" uid="97922" lat="45.6587405" lon="13.8292876"/>
 <node id="777415194" visible="true" version="1" changeset="5028742" timestamp="2010-06-19T23:24:00Z" user="damjang" uid="97922" lat="45.6565788" lon="13.8294046"/>
 <node id="777415197" visible="true" version="1" changeset="5028742" timestamp="2010-06-19T23:24:00Z" user="damjang" uid="97922" lat="45.6581503" lon="13.8299128"/>
 <node id="777415200" visible="true" version="1" changeset="5028742" timestamp="2010-06-19T23:24:00Z" user="damjang" uid="97922" lat="45.6559215" lon="13.8283351"/>
 <node id="777415214" visible="true" version="1" changeset="5028742" timestamp="2010-06-19T23:24:01Z" user="damjang" uid="97922" lat="45.6569641" lon="13.8292281"/>
 <node id="777415217" visible="true" version="1" changeset="5028742" timestamp="2010-06-19T23:24:01Z" user="damjang" uid="97922" lat="45.6581353" lon="13.8300824"/>
 <node id="777415220" visible="true" version="1" changeset="5028742" timestamp="2010-06-19T23:24:02Z" user="damjang" uid="97922" lat="45.6589387" lon="13.8297282"/>
 <node id="777415223" visible="true" version="1" changeset="5028742" timestamp="2010-06-19T23:24:02Z" user="damjang" uid="97922" lat="45.6570737" lon="13.8299268"/>
 <node id="777415226" visible="true" version="1" changeset="5028742" timestamp="2010-06-19T23:24:02Z" user="damjang" uid="97922" lat="45.6577808" lon="13.8303256"/>
 <node id="777415228" visible="true" version="1" changeset="5028742" timestamp="2010-06-19T23:24:02Z" user="damjang" uid="97922" lat="45.6574523" lon="13.8297452"/>
 <node id="777415232" visible="true" version="1" changeset="5028742" timestamp="2010-06-19T23:24:02Z" user="damjang" uid="97922" lat="45.6560598" lon="13.8284833"/>
 <node id="777415238" visible="true" version="1" changeset="5028742" timestamp="2010-06-19T23:24:02Z" user="damjang" uid="97922" lat="45.6580472" lon="13.8273960"/>
 <node id="777415240" visible="true" version="1" changeset="5028742" timestamp="2010-06-19T23:24:02Z" user="damjang" uid="97922" lat="45.6568210" lon="13.8278320"/>
 <node id="777415250" visible="true" version="1" changeset="5028742" timestamp="2010-06-19T23:24:02Z" user="damjang" uid="97922" lat="45.6588348" lon="13.8288314"/>
 <node id="777415252" visible="true" version="1" changeset="5028742" timestamp="2010-06-19T23:24:03Z" user="damjang" uid="97922" lat="45.6590674" lon="13.8304810"/>
 <node id="777415255" visible="true" version="1" changeset="5028742" timestamp="2010-06-19T23:24:03Z" user="damjang" uid="97922" lat="45.6588609" lon="13.8297432"/>
 <node id="777415258" visible="true" version="4" changeset="115293384" timestamp="2021-12-23T11:15:30Z" user="Jonathan Asaf" uid="10828579" lat="45.6559316" lon="13.8306655"/>
 <node id="777415261" visible="true" version="1" changeset="5028742" timestamp="2010-06-19T23:24:03Z" user="damjang" uid="97922" lat="45.6586319" lon="13.8279812"/>
 <node id="777415263" visible="true" version="1" changeset="5028742" timestamp="2010-06-19T23:24:03Z" user="damjang" uid="97922" lat="45.6588810" lon="13.8287005"/>
 <node id="777415267" visible="true" version="1" changeset="5028742" timestamp="2010-06-19T23:24:03Z" user="damjang" uid="97922" lat="45.6570415" lon="13.8276018"/>
 <node id="777415270" visible="true" version="1" changeset="5028742" timestamp="2010-06-19T23:24:03Z" user="damjang" uid="97922" lat="45.6563714" lon="13.8289328"/>
 <node id="777415300" visible="true" version="1" changeset="5028742" timestamp="2010-06-19T23:24:04Z" user="damjang" uid="97922" lat="45.6567259" lon="13.8294173"/>
 <node id="777415304" visible="true" version="1" changeset="5028742" timestamp="2010-06-19T23:24:04Z" user="damjang" uid="97922" lat="45.6584118" lon="13.8303585"/>
 <node id="777415307" visible="true" version="1" changeset="5028742" timestamp="2010-06-19T23:24:04Z" user="damjang" uid="97922" lat="45.6556014" lon="13.8280387"/>
 <node id="777415309" visible="true" version="1" changeset="5028742" timestamp="2010-06-19T23:24:04Z" user="damjang" uid="97922" lat="45.6575083" lon="13.8279893"/>
 <node id="777415314" visible="true" version="1" changeset="5028742" timestamp="2010-06-19T23:24:04Z" user="damjang" uid="97922" lat="45.6588864" lon="13.8288541"/>
 <node id="777415319" visible="true" version="1" changeset="5028742" timestamp="2010-06-19T23:24:04Z" user="damjang" uid="97922" lat="45.6585887" lon="13.8304681"/>
 <node id="777415323" visible="true" version="1" changeset="5028742" timestamp="2010-06-19T23:24:04Z" user="damjang" uid="97922" lat="45.6570676" lon="13.8298103"/>
 <node id="777415328" visible="true" version="1" changeset="5028742" timestamp="2010-06-19T23:24:04Z" user="damjang" uid="97922" lat="45.6582377" lon="13.8283349"/>
 <node id="777415331" visible="true" version="2" changeset="98324325" timestamp="2021-01-28T23:30:36Z" user="damjang" uid="97922" lat="45.6562913" lon="13.8293015"/>
 <node id="777415336" visible="true" version="1" changeset="5028742" timestamp="2010-06-19T23:24:04Z" user="damjang" uid="97922" lat="45.6576701" lon="13.8305740"/>
 <node id="777415340" visible="true" version="1" changeset="5028742" timestamp="2010-06-19T23:24:04Z" user="damjang" uid="97922" lat="45.6581046" lon="13.8293419"/>
 <node id="777415343" visible="true" version="1" changeset="5028742" timestamp="2010-06-19T23:24:04Z" user="damjang" uid="97922" lat="45.6575805" lon="13.8277243"/>
 <node id="777415347" visible="true" version="1" changeset="5028742" timestamp="2010-06-19T23:24:04Z" user="damjang" uid="97922" lat="45.6571166" lon="13.8298493"/>
 <node id="777415354" visible="true" version="5" changeset="100988543" timestamp="2021-03-14T13:07:46Z" user="alessandrocarmeli" uid="12294600" lat="45.6563139" lon="13.8300531"/>
 <node id="777415357" visible="true" version="1" changeset="5028742" timestamp="2010-06-19T23:24:04Z" user="damjang" uid="97922" lat="45.6573035" lon="13.8289455"/>
 <node id="777415360" visible="true" version="1" changeset="5028742" timestamp="2010-06-19T23:24:04Z" user="damjang" uid="97922" lat="45.6580281" lon="13.8291620"/>
 <node id="777415363" visible="true" version="1" changeset="5028742" timestamp="2010-06-19T23:24:04Z" user="damjang" uid="97922" lat="45.6568470" lon="13.8282625"/>
 <node id="777415365" visible="true" version="1" changeset="5028742" timestamp="2010-06-19T23:24:05Z" user="damjang" uid="97922" lat="45.6554272" lon="13.8277710"/>
 <node id="777415388" visible="true" version="1" changeset="5028742" timestamp="2010-06-19T23:24:05Z" user="damjang" uid="97922" lat="45.6568688" lon="13.8281579"/>
 <node id="777415390" visible="true" version="1" changeset="5028742" timestamp="2010-06-19T23:24:05Z" user="damjang" uid="97922" lat="45.6587377" lon="13.8281284"/>
 <node id="777415397" visible="true" version="1" changeset="5028742" timestamp="2010-06-19T23:24:05Z" user="damjang" uid="97922" lat="45.6585052" lon="13.8303324"/>
 <node id="777415400" visible="true" version="1" changeset="5028742" timestamp="2010-06-19T23:24:05Z" user="damjang" uid="97922" lat="45.6583300" lon="13.8288046"/>
 <node id="777415404" visible="true" version="1" changeset="5028742" timestamp="2010-06-19T23:24:05Z" user="damjang" uid="97922" lat="45.6586788" lon="13.8296834"/>
 <node id="777415407" visible="true" version="1" changeset="5028742" timestamp="2010-06-19T23:24:05Z" user="damjang" uid="97922" lat="45.6587769" lon="13.8291410"/>
 <node id="777415410" visible="true" version="1" changeset="5028742" timestamp="2010-06-19T23:24:06Z" user="damjang" uid="97922" lat="45.6581865" lon="13.8282708"/>
 <node id="777415413" visible="true" version="1" changeset="5028742" timestamp="2010-06-19T23:24:06Z" user="damjang" uid="97922" lat="45.6560985" lon="13.8285976"/>
 <node id="777415416" visible="true" version="1" changeset="5028742" timestamp="2010-06-19T23:24:06Z" user="damjang" uid="97922" lat="45.6572538" lon="13.8274481"/>
 <node id="777415419" visible="true" version="1" changeset="5028742" timestamp="2010-06-19T23:24:06Z" user="damjang" uid="97922" lat="45.6569057" lon="13.8288424">
  <tag k="traffic_calming" v="bump"/>
 </node>
 <node id="777415423" visible="true" version="1" changeset="5028742" timestamp="2010-06-19T23:24:06Z" user="damjang" uid="97922" lat="45.6581810" lon="13.8299100"/>
 <node id="777415429" visible="true" version="1" changeset="5028742" timestamp="2010-06-19T23:24:06Z" user="damjang" uid="97922" lat="45.6577584" lon="13.8276208"/>
 <node id="777415430" visible="true" version="1" changeset="5028742" timestamp="2010-06-19T23:24:06Z" user="damjang" uid="97922" lat="45.6576969" lon="13.8276472"/>
 <node id="777415432" visible="true" version="1" changeset="5028742" timestamp="2010-06-19T23:24:06Z" user="damjang" uid="97922" lat="45.6578550" lon="13.8284187"/>
 <node id="777415434" visible="true" version="1" changeset="5028742" timestamp="2010-06-19T23:24:06Z" user="damjang" uid="97922" lat="45.6570407" lon="13.8299199"/>
 <node id="777415435" visible="true" version="1" changeset="5028742" timestamp="2010-06-19T23:24:06Z" user="damjang" uid="97922" lat="45.6570906" lon="13.8304112"/>
 <node id="777415439" visible="true" version="1" changeset="5028742" timestamp="2010-06-19T23:24:06Z" user="damjang" uid="97922" lat="45.6576765" lon="13.8286878"/>
 <node id="777415454" visible="true" version="1" changeset="5028742" timestamp="2010-06-19T23:24:06Z" user="damjang" uid="97922" lat="45.6569589" lon="13.8290094"/>
 <node id="777415456" visible="true" version="1" changeset="5028742" timestamp="2010-06-19T23:24:07Z" user="damjang" uid="97922" lat="45.6578556" lon="13.8306092"/>
 <node id="777415457" visible="true" version="1" changeset="5028742" timestamp="2010-06-19T23:24:07Z" user="damjang" uid="97922" lat="45.6591672" lon="13.8299873"/>
 <node id="777415459" visible="true" version="1" changeset="5028742" timestamp="2010-06-19T23:24:07Z" user="damjang" uid="97922" lat="45.6577340" lon="13.8294283"/>
 <node id="777415461" visible="true" version="2" changeset="121790527" timestamp="2022-06-01T03:23:12Z" user="EvanE" uid="184969" lat="45.6574355" lon="13.8292111">
  <tag k="entrance" v="yes"/>
 </node>
 <node id="777415463" visible="true" version="1" changeset="5028742" timestamp="2010-06-19T23:24:07Z" user="damjang" uid="97922" lat="45.6589877" lon="13.8302827"/>
 <node id="777415468" visible="true" version="1" changeset="5028742" timestamp="2010-06-19T23:24:07Z" user="damjang" uid="97922" lat="45.6587951" lon="13.8297104"/>
 <node id="777415469" visible="true" version="1" changeset="5028742" timestamp="2010-06-19T23:24:07Z" user="damjang" uid="97922" lat="45.6572288" lon="13.8291592"/>
 <node id="777415471" visible="true" version="1" changeset="5028742" timestamp="2010-06-19T23:24:07Z" user="damjang" uid="97922" lat="45.6588305" lon="13.8296583"/>
 <node id="777415472" visible="true" version="1" changeset="5028742" timestamp="2010-06-19T23:24:07Z" user="damjang" uid="97922" lat="45.6564253" lon="13.8291248"/>
 <node id="777415474" visible="true" version="1" changeset="5028742" timestamp="2010-06-19T23:24:07Z" user="damjang" uid="97922" lat="45.6580914" lon="13.8297641"/>
 <node id="777415476" visible="true" version="1" changeset="5028742" timestamp="2010-06-19T23:24:07Z" user="damjang" uid="97922" lat="45.6557933" lon="13.8281891"/>
 <node id="777415477" visible="true" version="1" changeset="5028742" timestamp="2010-06-19T23:24:07Z" user="damjang" uid="97922" lat="45.6569058" lon="13.8289718"/>
 <node id="777415479" visible="true" version="1" changeset="5028742" timestamp="2010-06-19T23:24:07Z" user="damjang" uid="97922" lat="45.6578485" lon="13.8302562"/>
 <node id="777415480" visible="true" version="1" changeset="5028742" timestamp="2010-06-19T23:24:07Z" user="damjang" uid="97922" lat="45.6589131" lon="13.8296286"/>
 <node id="777415484" visible="true" version="1" changeset="5028742" timestamp="2010-06-19T23:24:07Z" user="damjang" uid="97922" lat="45.6586174" lon="13.8280302"/>
 <node id="777415485" visible="true" version="1" changeset="5028742" timestamp="2010-06-19T23:24:07Z" user="damjang" uid="97922" lat="45.6571765" lon="13.8294346"/>
 <node id="777415499" visible="true" version="1" changeset="5028742" timestamp="2010-06-19T23:24:07Z" user="damjang" uid="97922" lat="45.6582903" lon="13.8282254"/>
 <node id="777415501" visible="true" version="2" changeset="5494099" timestamp="2010-08-14T20:03:05Z" user="Davide Prade" uid="12377" lat="45.6584649" lon="13.8271942"/>
 <node id="777415502" visible="true" version="1" changeset="5028742" timestamp="2010-06-19T23:24:07Z" user="damjang" uid="97922" lat="45.6586291" lon="13.8281567"/>
 <node id="777415504" visible="true" version="1" changeset="5028742" timestamp="2010-06-19T23:24:08Z" user="damjang" uid="97922" lat="45.6569245" lon="13.8281326"/>
 <node id="777415507" visible="true" version="1" changeset="5028742" timestamp="2010-06-19T23:24:08Z" user="damjang" uid="97922" lat="45.6568563" lon="13.8289369"/>
 <node id="777415509" visible="true" version="1" changeset="5028742" timestamp="2010-06-19T23:24:08Z" user="damjang" uid="97922" lat="45.6589283" lon="13.8296343"/>
 <node id="777415511" visible="true" version="2" changeset="98323862" timestamp="2021-01-28T23:18:09Z" user="damjang" uid="97922" lat="45.6575376" lon="13.8306441"/>
 <node id="777415514" visible="true" version="1" changeset="5028742" timestamp="2010-06-19T23:24:08Z" user="damjang" uid="97922" lat="45.6583816" lon="13.8298167"/>
 <node id="777415516" visible="true" version="6" changeset="143935065" timestamp="2023-11-12T14:15:49Z" user="Badojo" uid="8189075" lat="45.6544328" lon="13.8277196"/>
 <node id="777415517" visible="true" version="1" changeset="5028742" timestamp="2010-06-19T23:24:08Z" user="damjang" uid="97922" lat="45.6582209" lon="13.8285289"/>
 <node id="777415519" visible="true" version="1" changeset="5028742" timestamp="2010-06-19T23:24:08Z" user="damjang" uid="97922" lat="45.6588794" lon="13.8287054"/>
 <node id="777415521" visible="true" version="1" changeset="5028742" timestamp="2010-06-19T23:24:08Z" user="damjang" uid="97922" lat="45.6570402" lon="13.8275974"/>
 <node id="777415523" visible="true" version="1" changeset="5028742" timestamp="2010-06-19T23:24:08Z" user="damjang" uid="97922" lat="45.6564605" lon="13.8290590"/>
 <node id="777415524" visible="true" version="1" changeset="5028742" timestamp="2010-06-19T23:24:08Z" user="damjang" uid="97922" lat="45.6568928" lon="13.8293209"/>
 <node id="777415526" visible="true" version="1" changeset="5028742" timestamp="2010-06-19T23:24:08Z" user="damjang" uid="97922" lat="45.6575187" lon="13.8304165"/>
 <node id="777415530" visible="true" version="1" changeset="5028742" timestamp="2010-06-19T23:24:09Z" user="damjang" uid="97922" lat="45.6572118" lon="13.8296333"/>
 <node id="777415531" visible="true" version="1" changeset="5028742" timestamp="2010-06-19T23:24:09Z" user="damjang" uid="97922" lat="45.6575126" lon="13.8294645"/>
 <node id="777415533" visible="true" version="1" changeset="5028742" timestamp="2010-06-19T23:24:09Z" user="damjang" uid="97922" lat="45.6589911" lon="13.8295881"/>
 <node id="777415548" visible="true" version="1" changeset="5028742" timestamp="2010-06-19T23:24:10Z" user="damjang" uid="97922" lat="45.6572636" lon="13.8287573"/>
 <node id="777415549" visible="true" version="1" changeset="5028742" timestamp="2010-06-19T23:24:10Z" user="damjang" uid="97922" lat="45.6584283" lon="13.8305609"/>
 <node id="777415551" visible="true" version="1" changeset="5028742" timestamp="2010-06-19T23:24:10Z" user="damjang" uid="97922" lat="45.6573026" lon="13.8299973"/>
 <node id="777415554" visible="true" version="1" changeset="5028742" timestamp="2010-06-19T23:24:10Z" user="damjang" uid="97922" lat="45.6578005" lon="13.8295160"/>
 <node id="777415556" visible="true" version="1" changeset="5028742" timestamp="2010-06-19T23:24:10Z" user="damjang" uid="97922" lat="45.6581808" lon="13.8284239"/>
 <node id="777415557" visible="true" version="1" changeset="5028742" timestamp="2010-06-19T23:24:10Z" user="damjang" uid="97922" lat="45.6569630" lon="13.8283966"/>
 <node id="777415559" visible="true" version="1" changeset="5028742" timestamp="2010-06-19T23:24:10Z" user="damjang" uid="97922" lat="45.6576274" lon="13.8278819"/>
 <node id="777415561" visible="true" version="1" changeset="5028742" timestamp="2010-06-19T23:24:10Z" user="damjang" uid="97922" lat="45.6571205" lon="13.8298499"/>
 <node id="777415562" visible="true" version="1" changeset="5028742" timestamp="2010-06-19T23:24:10Z" user="damjang" uid="97922" lat="45.6583989" lon="13.8273765"/>
 <node id="777415564" visible="true" version="5" changeset="100988543" timestamp="2021-03-14T13:07:46Z" user="alessandrocarmeli" uid="12294600" lat="45.6562735" lon="13.8300583"/>
 <node id="777415566" visible="true" version="1" changeset="5028742" timestamp="2010-06-19T23:24:10Z" user="damjang" uid="97922" lat="45.6577812" lon="13.8296821"/>
 <node id="777415567" visible="true" version="1" changeset="5028742" timestamp="2010-06-19T23:24:10Z" user="damjang" uid="97922" lat="45.6578743" lon="13.8282676"/>
 <node id="777415569" visible="true" version="1" changeset="5028742" timestamp="2010-06-19T23:24:10Z" user="damjang" uid="97922" lat="45.6566317" lon="13.8290335"/>
 <node id="777415571" visible="true" version="1" changeset="5028742" timestamp="2010-06-19T23:24:10Z" user="damjang" uid="97922" lat="45.6556904" lon="13.8281639"/>
 <node id="777415572" visible="true" version="1" changeset="5028742" timestamp="2010-06-19T23:24:10Z" user="damjang" uid="97922" lat="45.6568479" lon="13.8279428"/>
 <node id="777415574" visible="true" version="1" changeset="5028742" timestamp="2010-06-19T23:24:10Z" user="damjang" uid="97922" lat="45.6580618" lon="13.8290859"/>
 <node id="777415576" visible="true" version="1" changeset="5028742" timestamp="2010-06-19T23:24:10Z" user="damjang" uid="97922" lat="45.6587197" lon="13.8280611"/>
 <node id="777415577" visible="true" version="1" changeset="5028742" timestamp="2010-06-19T23:24:10Z" user="damjang" uid="97922" lat="45.6589179" lon="13.8301401"/>
 <node id="777415579" visible="true" version="1" changeset="5028742" timestamp="2010-06-19T23:24:10Z" user="damjang" uid="97922" lat="45.6575012" lon="13.8293290"/>
 <node id="777415590" visible="true" version="1" changeset="5028742" timestamp="2010-06-19T23:24:11Z" user="damjang" uid="97922" lat="45.6584317" lon="13.8295260"/>
 <node id="777415592" visible="true" version="1" changeset="5028742" timestamp="2010-06-19T23:24:11Z" user="damjang" uid="97922" lat="45.6586980" lon="13.8289002"/>
 <node id="777415594" visible="true" version="1" changeset="5028742" timestamp="2010-06-19T23:24:11Z" user="damjang" uid="97922" lat="45.6584146" lon="13.8281850"/>
 <node id="777415595" visible="true" version="1" changeset="5028742" timestamp="2010-06-19T23:24:11Z" user="damjang" uid="97922" lat="45.6581031" lon="13.8306576"/>
 <node id="777415597" visible="true" version="1" changeset="5028742" timestamp="2010-06-19T23:24:11Z" user="damjang" uid="97922" lat="45.6573384" lon="13.8274071"/>
 <node id="777415599" visible="true" version="1" changeset="5028742" timestamp="2010-06-19T23:24:11Z" user="damjang" uid="97922" lat="45.6579781" lon="13.8288062"/>
 <node id="777415601" visible="true" version="1" changeset="5028742" timestamp="2010-06-19T23:24:11Z" user="damjang" uid="97922" lat="45.6588161" lon="13.8298472"/>
 <node id="777415602" visible="true" version="1" changeset="5028742" timestamp="2010-06-19T23:24:11Z" user="damjang" uid="97922" lat="45.6555817" lon="13.8280591"/>
 <node id="777415604" visible="true" version="1" changeset="5028742" timestamp="2010-06-19T23:24:11Z" user="damjang" uid="97922" lat="45.6576829" lon="13.8276818"/>
 <node id="777415605" visible="true" version="1" changeset="5028742" timestamp="2010-06-19T23:24:11Z" user="damjang" uid="97922" lat="45.6586402" lon="13.8278147"/>
 <node id="777415606" visible="true" version="1" changeset="5028742" timestamp="2010-06-19T23:24:11Z" user="damjang" uid="97922" lat="45.6582471" lon="13.8282543"/>
 <node id="777415607" visible="true" version="1" changeset="5028742" timestamp="2010-06-19T23:24:11Z" user="damjang" uid="97922" lat="45.6570167" lon="13.8304048"/>
 <node id="777415609" visible="true" version="1" changeset="5028742" timestamp="2010-06-19T23:24:11Z" user="damjang" uid="97922" lat="45.6585127" lon="13.8285810"/>
 <node id="777415610" visible="true" version="1" changeset="5028742" timestamp="2010-06-19T23:24:11Z" user="damjang" uid="97922" lat="45.6569293" lon="13.8283183"/>
 <node id="777415611" visible="true" version="1" changeset="5028742" timestamp="2010-06-19T23:24:11Z" user="damjang" uid="97922" lat="45.6576185" lon="13.8305757"/>
 <node id="777415612" visible="true" version="1" changeset="5028742" timestamp="2010-06-19T23:24:11Z" user="damjang" uid="97922" lat="45.6577873" lon="13.8291629"/>
 <node id="777415614" visible="true" version="1" changeset="5028742" timestamp="2010-06-19T23:24:11Z" user="damjang" uid="97922" lat="45.6564468" lon="13.8290358"/>
 <node id="777415620" visible="true" version="1" changeset="5028742" timestamp="2010-06-19T23:24:12Z" user="damjang" uid="97922" lat="45.6584818" lon="13.8278373"/>
 <node id="777415625" visible="true" version="1" changeset="5028742" timestamp="2010-06-19T23:24:12Z" user="damjang" uid="97922" lat="45.6574660" lon="13.8286827"/>
 <node id="777415626" visible="true" version="1" changeset="5028742" timestamp="2010-06-19T23:24:12Z" user="damjang" uid="97922" lat="45.6585678" lon="13.8296178"/>
 <node id="777415628" visible="true" version="1" changeset="5028742" timestamp="2010-06-19T23:24:12Z" user="damjang" uid="97922" lat="45.6573631" lon="13.8274553"/>
 <node id="777415630" visible="true" version="1" changeset="5028742" timestamp="2010-06-19T23:24:12Z" user="damjang" uid="97922" lat="45.6578442" lon="13.8303757"/>
 <node id="777415631" visible="true" version="1" changeset="5028742" timestamp="2010-06-19T23:24:12Z" user="damjang" uid="97922" lat="45.6556889" lon="13.8280002"/>
 <node id="777415633" visible="true" version="1" changeset="5028742" timestamp="2010-06-19T23:24:12Z" user="damjang" uid="97922" lat="45.6570215" lon="13.8292291"/>
 <node id="777415636" visible="true" version="1" changeset="5028742" timestamp="2010-06-19T23:24:12Z" user="damjang" uid="97922" lat="45.6582983" lon="13.8275845"/>
 <node id="777415640" visible="true" version="1" changeset="5028742" timestamp="2010-06-19T23:24:12Z" user="damjang" uid="97922" lat="45.6579988" lon="13.8275695"/>
 <node id="777415642" visible="true" version="1" changeset="5028742" timestamp="2010-06-19T23:24:12Z" user="damjang" uid="97922" lat="45.6572632" lon="13.8293306"/>
 <node id="777415643" visible="true" version="1" changeset="5028742" timestamp="2010-06-19T23:24:12Z" user="damjang" uid="97922" lat="45.6582398" lon="13.8288318"/>
 <node id="777415645" visible="true" version="1" changeset="5028742" timestamp="2010-06-19T23:24:12Z" user="damjang" uid="97922" lat="45.6574603" lon="13.8281132"/>
 <node id="777415647" visible="true" version="1" changeset="5028742" timestamp="2010-06-19T23:24:12Z" user="damjang" uid="97922" lat="45.6581814" lon="13.8276171"/>
 <node id="777415650" visible="true" version="1" changeset="5028742" timestamp="2010-06-19T23:24:12Z" user="damjang" uid="97922" lat="45.6570762" lon="13.8276390"/>
 <node id="777415653" visible="true" version="1" changeset="5028742" timestamp="2010-06-19T23:24:12Z" user="damjang" uid="97922" lat="45.6568501" lon="13.8289326"/>
 <node id="777415671" visible="true" version="1" changeset="5028742" timestamp="2010-06-19T23:24:13Z" user="damjang" uid="97922" lat="45.6582469" lon="13.8304857"/>
 <node id="777415673" visible="true" version="1" changeset="5028742" timestamp="2010-06-19T23:24:13Z" user="damjang" uid="97922" lat="45.6574992" lon="13.8283586">
  <tag k="amenity" v="bench"/>
  <tag k="backrest" v="yes"/>
 </node>
 <node id="777415675" visible="true" version="1" changeset="5028742" timestamp="2010-06-19T23:24:13Z" user="damjang" uid="97922" lat="45.6584146" lon="13.8302368"/>
 <node id="777415679" visible="true" version="1" changeset="5028742" timestamp="2010-06-19T23:24:13Z" user="damjang" uid="97922" lat="45.6579096" lon="13.8285650"/>
 <node id="777415683" visible="true" version="1" changeset="5028742" timestamp="2010-06-19T23:24:13Z" user="damjang" uid="97922" lat="45.6569322" lon="13.8277733"/>
 <node id="777415684" visible="true" version="1" changeset="5028742" timestamp="2010-06-19T23:24:13Z" user="damjang" uid="97922" lat="45.6564773" lon="13.8290615"/>
 <node id="777415686" visible="true" version="1" changeset="5028742" timestamp="2010-06-19T23:24:13Z" user="damjang" uid="97922" lat="45.6568023" lon="13.8290084"/>
 <node id="777415688" visible="true" version="1" changeset="5028742" timestamp="2010-06-19T23:24:13Z" user="damjang" uid="97922" lat="45.6577966" lon="13.8305394"/>
 <node id="777415690" visible="true" version="1" changeset="5028742" timestamp="2010-06-19T23:24:13Z" user="damjang" uid="97922" lat="45.6555793" lon="13.8279783"/>
 <node id="777415691" visible="true" version="1" changeset="5028742" timestamp="2010-06-19T23:24:13Z" user="damjang" uid="97922" lat="45.6573769" lon="13.8300029"/>
 <node id="777415693" visible="true" version="2" changeset="148011404" timestamp="2024-02-28T12:27:27Z" user="darthravem" uid="2415747" lat="45.6573320" lon="13.8285145">
  <tag k="amenity" v="cafe"/>
  <tag k="name" v="Bar AREA Science Park"/>
  <tag k="opening_hours" v="Mo-Fr 08:00-20:00"/>
 </node>
 <node id="777415695" visible="true" version="1" changeset="5028742" timestamp="2010-06-19T23:24:14Z" user="damjang" uid="97922" lat="45.6590271" lon="13.8297299"/>
 <node id="777415697" visible="true" version="1" changeset="5028742" timestamp="2010-06-19T23:24:14Z" user="damjang" uid="97922" lat="45.6573974" lon="13.8283465"/>
 <node id="777415699" visible="true" version="3" changeset="98324325" timestamp="2021-01-28T23:30:36Z" user="damjang" uid="97922" lat="45.6563096" lon="13.8300004"/>
 <node id="777415701" visible="true" version="1" changeset="5028742" timestamp="2010-06-19T23:24:14Z" user="damjang" uid="97922" lat="45.6584025" lon="13.8305434"/>
 <node id="777415702" visible="true" version="1" changeset="5028742" timestamp="2010-06-19T23:24:14Z" user="damjang" uid="97922" lat="45.6572212" lon="13.8292551"/>
 <node id="777415704" visible="true" version="1" changeset="5028742" timestamp="2010-06-19T23:24:14Z" user="damjang" uid="97922" lat="45.6578655" lon="13.8287012"/>
 <node id="777415722" visible="true" version="1" changeset="5028742" timestamp="2010-06-19T23:24:14Z" user="damjang" uid="97922" lat="45.6579059" lon="13.8297383"/>
 <node id="777415724" visible="true" version="1" changeset="5028742" timestamp="2010-06-19T23:24:14Z" user="damjang" uid="97922" lat="45.6559749" lon="13.8284498"/>
 <node id="777415726" visible="true" version="1" changeset="5028742" timestamp="2010-06-19T23:24:14Z" user="damjang" uid="97922" lat="45.6570203" lon="13.8291970"/>
 <node id="777415728" visible="true" version="1" changeset="5028742" timestamp="2010-06-19T23:24:14Z" user="damjang" uid="97922" lat="45.6576532" lon="13.8279266"/>
 <node id="777415730" visible="true" version="1" changeset="5028742" timestamp="2010-06-19T23:24:14Z" user="damjang" uid="97922" lat="45.6573033" lon="13.8302362"/>
 <node id="777415731" visible="true" version="1" changeset="5028742" timestamp="2010-06-19T23:24:14Z" user="damjang" uid="97922" lat="45.6587520" lon="13.8275625"/>
 <node id="777415733" visible="true" version="3" changeset="98324325" timestamp="2021-01-28T23:30:36Z" user="damjang" uid="97922" lat="45.6562764" lon="13.8300095"/>
 <node id="777415735" visible="true" version="1" changeset="5028742" timestamp="2010-06-19T23:24:14Z" user="damjang" uid="97922" lat="45.6576241" lon="13.8298916"/>
 <node id="777415737" visible="true" version="1" changeset="5028742" timestamp="2010-06-19T23:24:14Z" user="damjang" uid="97922" lat="45.6577825" lon="13.8281931"/>
 <node id="777415738" visible="true" version="1" changeset="5028742" timestamp="2010-06-19T23:24:15Z" user="damjang" uid="97922" lat="45.6564636" lon="13.8299599"/>
 <node id="777415742" visible="true" version="1" changeset="5028742" timestamp="2010-06-19T23:24:15Z" user="damjang" uid="97922" lat="45.6570146" lon="13.8275430"/>
 <node id="777415744" visible="true" version="1" changeset="5028742" timestamp="2010-06-19T23:24:15Z" user="damjang" uid="97922" lat="45.6583628" lon="13.8275419"/>
 <node id="777415745" visible="true" version="1" changeset="5028742" timestamp="2010-06-19T23:24:15Z" user="damjang" uid="97922" lat="45.6558174" lon="13.8283203"/>
 <node id="777415747" visible="true" version="1" changeset="5028742" timestamp="2010-06-19T23:24:15Z" user="damjang" uid="97922" lat="45.6589179" lon="13.8301255"/>
 <node id="777415749" visible="true" version="1" changeset="5028742" timestamp="2010-06-19T23:24:15Z" user="damjang" uid="97922" lat="45.6592348" lon="13.8303816"/>
 <node id="777415758" visible="true" version="1" changeset="5028742" timestamp="2010-06-19T23:24:15Z" user="damjang" uid="97922" lat="45.6586625" lon="13.8297800"/>
 <node id="777415761" visible="true" version="2" changeset="86760155" timestamp="2020-06-17T08:11:14Z" user="Badojo" uid="8189075" lat="45.6589522" lon="13.8301546"/>
 <node id="777415763" visible="true" version="1" changeset="5028742" timestamp="2010-06-19T23:24:16Z" user="damjang" uid="97922" lat="45.6587038" lon="13.8282248"/>
 <node id="777415765" visible="true" version="1" changeset="5028742" timestamp="2010-06-19T23:24:17Z" user="damjang" uid="97922" lat="45.6590939" lon="13.8299035"/>
 <node id="777415793" visible="true" version="1" changeset="5028742" timestamp="2010-06-19T23:24:18Z" user="damjang" uid="97922" lat="45.6571741" lon="13.8274725"/>
 <node id="777415795" visible="true" version="1" changeset="5028742" timestamp="2010-06-19T23:24:18Z" user="damjang" uid="97922" lat="45.6582975" lon="13.8281553"/>
 <node id="777415798" visible="true" version="1" changeset="5028742" timestamp="2010-06-19T23:24:18Z" user="damjang" uid="97922" lat="45.6588830" lon="13.8299741"/>
 <node id="777415800" visible="true" version="1" changeset="5028742" timestamp="2010-06-19T23:24:18Z" user="damjang" uid="97922" lat="45.6555471" lon="13.8279926"/>
 <node id="777415811" visible="true" version="1" changeset="5028742" timestamp="2010-06-19T23:24:18Z" user="damjang" uid="97922" lat="45.6570896" lon="13.8281748"/>
 <node id="777415813" visible="true" version="1" changeset="5028742" timestamp="2010-06-19T23:24:18Z" user="damjang" uid="97922" lat="45.6587248" lon="13.8287517"/>
 <node id="777415815" visible="true" version="1" changeset="5028742" timestamp="2010-06-19T23:24:18Z" user="damjang" uid="97922" lat="45.6589815" lon="13.8300092"/>
 <node id="777415817" visible="true" version="1" changeset="5028742" timestamp="2010-06-19T23:24:18Z" user="damjang" uid="97922" lat="45.6573616" lon="13.8304850"/>
 <node id="777415819" visible="true" version="1" changeset="5028742" timestamp="2010-06-19T23:24:18Z" user="damjang" uid="97922" lat="45.6570813" lon="13.8294991"/>
 <node id="777415821" visible="true" version="1" changeset="5028742" timestamp="2010-06-19T23:24:18Z" user="damjang" uid="97922" lat="45.6585055" lon="13.8285964"/>
 <node id="777415822" visible="true" version="1" changeset="5028742" timestamp="2010-06-19T23:24:18Z" user="damjang" uid="97922" lat="45.6564578" lon="13.8296655"/>
 <node id="777415825" visible="true" version="1" changeset="5028742" timestamp="2010-06-19T23:24:18Z" user="damjang" uid="97922" lat="45.6575830" lon="13.8305316"/>
 <node id="777415827" visible="true" version="1" changeset="5028742" timestamp="2010-06-19T23:24:18Z" user="damjang" uid="97922" lat="45.6577494" lon="13.8292215"/>
 <node id="777415831" visible="true" version="1" changeset="5028742" timestamp="2010-06-19T23:24:19Z" user="damjang" uid="97922" lat="45.6570108" lon="13.8274058"/>
 <node id="777415833" visible="true" version="1" changeset="5028742" timestamp="2010-06-19T23:24:19Z" user="damjang" uid="97922" lat="45.6582794" lon="13.8276576"/>
 <node id="777415838" visible="true" version="1" changeset="5028742" timestamp="2010-06-19T23:24:19Z" user="damjang" uid="97922" lat="45.6573536" lon="13.8287282"/>
 <node id="777415852" visible="true" version="1" changeset="5028742" timestamp="2010-06-19T23:24:20Z" user="damjang" uid="97922" lat="45.6577560" lon="13.8292620"/>
 <node id="777415854" visible="true" version="1" changeset="5028742" timestamp="2010-06-19T23:24:20Z" user="damjang" uid="97922" lat="45.6569615" lon="13.8276627"/>
 <node id="777415856" visible="true" version="1" changeset="5028742" timestamp="2010-06-19T23:24:20Z" user="damjang" uid="97922" lat="45.6575008" lon="13.8301702"/>
 <node id="777415858" visible="true" version="1" changeset="5028742" timestamp="2010-06-19T23:24:20Z" user="damjang" uid="97922" lat="45.6553853" lon="13.8278143"/>
 <node id="777415860" visible="true" version="1" changeset="5028742" timestamp="2010-06-19T23:24:20Z" user="damjang" uid="97922" lat="45.6575204" lon="13.8299435"/>
 <node id="777415863" visible="true" version="1" changeset="5028742" timestamp="2010-06-19T23:24:20Z" user="damjang" uid="97922" lat="45.6586382" lon="13.8278796"/>
 <node id="777415865" visible="true" version="1" changeset="5028742" timestamp="2010-06-19T23:24:20Z" user="damjang" uid="97922" lat="45.6583006" lon="13.8303797"/>
 <node id="777415866" visible="true" version="1" changeset="5028742" timestamp="2010-06-19T23:24:20Z" user="damjang" uid="97922" lat="45.6585712" lon="13.8282399"/>
 <node id="777415868" visible="true" version="1" changeset="5028742" timestamp="2010-06-19T23:24:20Z" user="damjang" uid="97922" lat="45.6573111" lon="13.8293227"/>
 <node id="777415870" visible="true" version="1" changeset="5028742" timestamp="2010-06-19T23:24:20Z" user="damjang" uid="97922" lat="45.6581972" lon="13.8288727"/>
 <node id="777415872" visible="true" version="1" changeset="5028742" timestamp="2010-06-19T23:24:20Z" user="damjang" uid="97922" lat="45.6577331" lon="13.8279674"/>
 <node id="777415873" visible="true" version="1" changeset="5028742" timestamp="2010-06-19T23:24:20Z" user="damjang" uid="97922" lat="45.6581374" lon="13.8276105"/>
 <node id="777415875" visible="true" version="1" changeset="5028742" timestamp="2010-06-19T23:24:20Z" user="damjang" uid="97922" lat="45.6574281" lon="13.8285480"/>
 <node id="777415879" visible="true" version="1" changeset="5028742" timestamp="2010-06-19T23:24:20Z" user="damjang" uid="97922" lat="45.6568726" lon="13.8283661"/>
 <node id="777415882" visible="true" version="1" changeset="5028742" timestamp="2010-06-19T23:24:20Z" user="damjang" uid="97922" lat="45.6582437" lon="13.8304926"/>
 <node id="777415883" visible="true" version="1" changeset="5028742" timestamp="2010-06-19T23:24:20Z" user="damjang" uid="97922" lat="45.6580136" lon="13.8276481"/>
 <node id="777415885" visible="true" version="1" changeset="5028742" timestamp="2010-06-19T23:24:20Z" user="damjang" uid="97922" lat="45.6579348" lon="13.8300621"/>
 <node id="777415887" visible="true" version="3" changeset="143935065" timestamp="2023-11-12T14:15:49Z" user="Badojo" uid="8189075" lat="45.6577448" lon="13.8305694"/>
 <node id="777415901" visible="true" version="1" changeset="5028742" timestamp="2010-06-19T23:24:21Z" user="damjang" uid="97922" lat="45.6576978" lon="13.8285779"/>
 <node id="777415906" visible="true" version="1" changeset="5028742" timestamp="2010-06-19T23:24:22Z" user="damjang" uid="97922" lat="45.6571592" lon="13.8291234"/>
 <node id="777415909" visible="true" version="1" changeset="5028742" timestamp="2010-06-19T23:24:22Z" user="damjang" uid="97922" lat="45.6567823" lon="13.8290046"/>
 <node id="777415911" visible="true" version="1" changeset="5028742" timestamp="2010-06-19T23:24:22Z" user="damjang" uid="97922" lat="45.6578528" lon="13.8302462"/>
 <node id="777415913" visible="true" version="1" changeset="5028742" timestamp="2010-06-19T23:24:22Z" user="damjang" uid="97922" lat="45.6590967" lon="13.8299311"/>
 <node id="777415915" visible="true" version="1" changeset="5028742" timestamp="2010-06-19T23:24:22Z" user="damjang" uid="97922" lat="45.6582101" lon="13.8302297"/>
 <node id="777415916" visible="true" version="1" changeset="5028742" timestamp="2010-06-19T23:24:22Z" user="damjang" uid="97922" lat="45.6578353" lon="13.8294703">
  <tag k="barrier" v="entrance"/>
 </node>
 <node id="777415917" visible="true" version="1" changeset="5028742" timestamp="2010-06-19T23:24:23Z" user="damjang" uid="97922" lat="45.6590843" lon="13.8300684"/>
 <node id="777415918" visible="true" version="1" changeset="5028742" timestamp="2010-06-19T23:24:23Z" user="damjang" uid="97922" lat="45.6585413" lon="13.8274991"/>
 <node id="777415919" visible="true" version="4" changeset="98324325" timestamp="2021-01-28T23:30:36Z" user="damjang" uid="97922" lat="45.6563814" lon="13.8299805"/>
 <node id="777415920" visible="true" version="1" changeset="5028742" timestamp="2010-06-19T23:24:23Z" user="damjang" uid="97922" lat="45.6582486" lon="13.8306169"/>
 <node id="777415921" visible="true" version="1" changeset="5028742" timestamp="2010-06-19T23:24:23Z" user="damjang" uid="97922" lat="45.6574906" lon="13.8301177"/>
 <node id="777415922" visible="true" version="1" changeset="5028742" timestamp="2010-06-19T23:24:23Z" user="damjang" uid="97922" lat="45.6579623" lon="13.8288407"/>
 <node id="777415924" visible="true" version="1" changeset="5028742" timestamp="2010-06-19T23:24:23Z" user="damjang" uid="97922" lat="45.6580569" lon="13.8297274"/>
 <node id="777415925" visible="true" version="1" changeset="5028742" timestamp="2010-06-19T23:24:23Z" user="damjang" uid="97922" lat="45.6558686" lon="13.8282610"/>
 <node id="777415926" visible="true" version="1" changeset="5028742" timestamp="2010-06-19T23:24:23Z" user="damjang" uid="97922" lat="45.6569658" lon="13.8291709"/>
 <node id="777415927" visible="true" version="1" changeset="5028742" timestamp="2010-06-19T23:24:23Z" user="damjang" uid="97922" lat="45.6578610" lon="13.8302938"/>
 <node id="777415953" visible="true" version="1" changeset="5028742" timestamp="2010-06-19T23:24:24Z" user="damjang" uid="97922" lat="45.6587676" lon="13.8273354"/>
 <node id="777415956" visible="true" version="1" changeset="5028742" timestamp="2010-06-19T23:24:24Z" user="damjang" uid="97922" lat="45.6572314" lon="13.8301097"/>
 <node id="777415958" visible="true" version="1" changeset="5028742" timestamp="2010-06-19T23:24:24Z" user="damjang" uid="97922" lat="45.6579338" lon="13.8287224"/>
 <node id="777415961" visible="true" version="1" changeset="5028742" timestamp="2010-06-19T23:24:24Z" user="damjang" uid="97922" lat="45.6577249" lon="13.8297506"/>
 <node id="777415963" visible="true" version="1" changeset="5028742" timestamp="2010-06-19T23:24:24Z" user="damjang" uid="97922" lat="45.6556128" lon="13.8277531">
  <tag k="barrier" v="gate"/>
 </node>
 <node id="777415970" visible="true" version="1" changeset="5028742" timestamp="2010-06-19T23:24:24Z" user="damjang" uid="97922" lat="45.6567922" lon="13.8280253"/>
 <node id="777415972" visible="true" version="1" changeset="5028742" timestamp="2010-06-19T23:24:24Z" user="damjang" uid="97922" lat="45.6531114" lon="13.8253990"/>
 <node id="777415973" visible="true" version="1" changeset="5028742" timestamp="2010-06-19T23:24:24Z" user="damjang" uid="97922" lat="45.6575894" lon="13.8274760"/>
 <node id="777415975" visible="true" version="1" changeset="5028742" timestamp="2010-06-19T23:24:24Z" user="damjang" uid="97922" lat="45.6589029" lon="13.8296126"/>
 <node id="777415977" visible="true" version="1" changeset="5028742" timestamp="2010-06-19T23:24:24Z" user="damjang" uid="97922" lat="45.6589388" lon="13.8303734"/>
 <node id="777415979" visible="true" version="1" changeset="5028742" timestamp="2010-06-19T23:24:24Z" user="damjang" uid="97922" lat="45.6584833" lon="13.8297352"/>
 <node id="777415981" visible="true" version="4" changeset="98324325" timestamp="2021-01-28T23:30:36Z" user="damjang" uid="97922" lat="45.6559567" lon="13.8301491"/>
 <node id="777415982" visible="true" version="1" changeset="5028742" timestamp="2010-06-19T23:24:24Z" user="damjang" uid="97922" lat="45.6585421" lon="13.8278146"/>
 <node id="777415984" visible="true" version="1" changeset="5028742" timestamp="2010-06-19T23:24:24Z" user="damjang" uid="97922" lat="45.6587538" lon="13.8277603"/>
 <node id="777415986" visible="true" version="1" changeset="5028742" timestamp="2010-06-19T23:24:24Z" user="damjang" uid="97922" lat="45.6569037" lon="13.8279371"/>
 <node id="777415988" visible="true" version="1" changeset="5028742" timestamp="2010-06-19T23:24:24Z" user="damjang" uid="97922" lat="45.6580812" lon="13.8276916"/>
 <node id="777415989" visible="true" version="1" changeset="5028742" timestamp="2010-06-19T23:24:24Z" user="damjang" uid="97922" lat="45.6563491" lon="13.8292385"/>
 <node id="777415991" visible="true" version="1" changeset="5028742" timestamp="2010-06-19T23:24:24Z" user="damjang" uid="97922" lat="45.6588755" lon="13.8299938"/>
 <node id="777416025" visible="true" version="1" changeset="5028742" timestamp="2010-06-19T23:24:25Z" user="damjang" uid="97922" lat="45.6556690" lon="13.8281225"/>
 <node id="777416027" visible="true" version="1" changeset="5028742" timestamp="2010-06-19T23:24:25Z" user="damjang" uid="97922" lat="45.6571048" lon="13.8282353"/>
 <node id="777416029" visible="true" version="1" changeset="5028742" timestamp="2010-06-19T23:24:25Z" user="damjang" uid="97922" lat="45.6588909" lon="13.8288384"/>
 <node id="777416031" visible="true" version="1" changeset="5028742" timestamp="2010-06-19T23:24:25Z" user="damjang" uid="97922" lat="45.6570229" lon="13.8303275"/>
 <node id="777416034" visible="true" version="1" changeset="5028742" timestamp="2010-06-19T23:24:26Z" user="damjang" uid="97922" lat="45.6587982" lon="13.8304217"/>
 <node id="777416035" visible="true" version="1" changeset="5028742" timestamp="2010-06-19T23:24:26Z" user="damjang" uid="97922" lat="45.6569734" lon="13.8293186"/>
 <node id="777416038" visible="true" version="1" changeset="5028742" timestamp="2010-06-19T23:24:26Z" user="damjang" uid="97922" lat="45.6564631" lon="13.8296649"/>
 <node id="777416041" visible="true" version="1" changeset="5028742" timestamp="2010-06-19T23:24:26Z" user="damjang" uid="97922" lat="45.6578005" lon="13.8305930"/>
 <node id="777416043" visible="true" version="1" changeset="5028742" timestamp="2010-06-19T23:24:26Z" user="damjang" uid="97922" lat="45.6585340" lon="13.8285335"/>
 <node id="777416046" visible="true" version="1" changeset="5028742" timestamp="2010-06-19T23:24:26Z" user="damjang" uid="97922" lat="45.6586564" lon="13.8297081"/>
 <node id="777416048" visible="true" version="1" changeset="5028742" timestamp="2010-06-19T23:24:26Z" user="damjang" uid="97922" lat="45.6576360" lon="13.8278260"/>
 <node id="777416050" visible="true" version="1" changeset="5028742" timestamp="2010-06-19T23:24:26Z" user="damjang" uid="97922" lat="45.6573518" lon="13.8301636"/>
 <node id="777416052" visible="true" version="1" changeset="5028742" timestamp="2010-06-19T23:24:26Z" user="damjang" uid="97922" lat="45.6585308" lon="13.8272845"/>
 <node id="777416057" visible="true" version="1" changeset="5028742" timestamp="2010-06-19T23:24:26Z" user="damjang" uid="97922" lat="45.6576402" lon="13.8280832">
  <tag k="amenity" v="bench"/>
  <tag k="backrest" v="yes"/>
 </node>
 <node id="777416062" visible="true" version="1" changeset="5028742" timestamp="2010-06-19T23:24:26Z" user="damjang" uid="97922" lat="45.6576715" lon="13.8293276"/>
 <node id="777416065" visible="true" version="1" changeset="5028742" timestamp="2010-06-19T23:24:26Z" user="damjang" uid="97922" lat="45.6555350" lon="13.8279974"/>
 <node id="777416066" visible="true" version="1" changeset="5028742" timestamp="2010-06-19T23:24:26Z" user="damjang" uid="97922" lat="45.6568144" lon="13.8289318"/>
 <node id="777416068" visible="true" version="1" changeset="5028742" timestamp="2010-06-19T23:24:26Z" user="damjang" uid="97922" lat="45.6568841" lon="13.8281627"/>
 <node id="777416091" visible="true" version="1" changeset="5028742" timestamp="2010-06-19T23:24:26Z" user="damjang" uid="97922" lat="45.6582372" lon="13.8287221"/>
 <node id="777416094" visible="true" version="1" changeset="5028742" timestamp="2010-06-19T23:24:27Z" user="damjang" uid="97922" lat="45.6587849" lon="13.8287537"/>
 <node id="777416095" visible="true" version="1" changeset="5028742" timestamp="2010-06-19T23:24:27Z" user="damjang" uid="97922" lat="45.6582122" lon="13.8300192"/>
 <node id="777416097" visible="true" version="1" changeset="5028742" timestamp="2010-06-19T23:24:27Z" user="damjang" uid="97922" lat="45.6585355" lon="13.8282415"/>
 <node id="777416099" visible="true" version="1" changeset="5028742" timestamp="2010-06-19T23:24:27Z" user="damjang" uid="97922" lat="45.6574372" lon="13.8293937"/>
 <node id="777416101" visible="true" version="1" changeset="5028742" timestamp="2010-06-19T23:24:27Z" user="damjang" uid="97922" lat="45.6587304" lon="13.8288657"/>
 <node id="777416102" visible="true" version="1" changeset="5028742" timestamp="2010-06-19T23:24:27Z" user="damjang" uid="97922" lat="45.6583887" lon="13.8281969"/>
 <node id="777416104" visible="true" version="1" changeset="5028742" timestamp="2010-06-19T23:24:27Z" user="damjang" uid="97922" lat="45.6560796" lon="13.8285115"/>
 <node id="777416106" visible="true" version="1" changeset="5028742" timestamp="2010-06-19T23:24:27Z" user="damjang" uid="97922" lat="45.6573420" lon="13.8274282"/>
 <node id="777416110" visible="true" version="1" changeset="5028742" timestamp="2010-06-19T23:24:27Z" user="damjang" uid="97922" lat="45.6567386" lon="13.8295895"/>
 <node id="777416111" visible="true" version="1" changeset="5028742" timestamp="2010-06-19T23:24:27Z" user="damjang" uid="97922" lat="45.6589041" lon="13.8302690"/>
 <node id="777416113" visible="true" version="1" changeset="5028742" timestamp="2010-06-19T23:24:27Z" user="damjang" uid="97922" lat="45.6577528" lon="13.8276357"/>
 <node id="777416115" visible="true" version="1" changeset="5028742" timestamp="2010-06-19T23:24:27Z" user="damjang" uid="97922" lat="45.6578297" lon="13.8279031"/>
 <node id="777416117" visible="true" version="1" changeset="5028742" timestamp="2010-06-19T23:24:27Z" user="damjang" uid="97922" lat="45.6580405" lon="13.8283587"/>
 <node id="777416118" visible="true" version="1" changeset="5028742" timestamp="2010-06-19T23:24:27Z" user="damjang" uid="97922" lat="45.6588553" lon="13.8287861"/>
 <node id="777416122" visible="true" version="1" changeset="5028742" timestamp="2010-06-19T23:24:27Z" user="damjang" uid="97922" lat="45.6569903" lon="13.8291145"/>
 <node id="777416124" visible="true" version="1" changeset="5028742" timestamp="2010-06-19T23:24:27Z" user="damjang" uid="97922" lat="45.6565722" lon="13.8295462"/>
 <node id="777416125" visible="true" version="1" changeset="5028742" timestamp="2010-06-19T23:24:27Z" user="damjang" uid="97922" lat="45.6570307" lon="13.8298503"/>
 <node id="777416138" visible="true" version="1" changeset="5028742" timestamp="2010-06-19T23:24:28Z" user="damjang" uid="97922" lat="45.6579528" lon="13.8303941"/>
 <node id="777416140" visible="true" version="1" changeset="5028742" timestamp="2010-06-19T23:24:28Z" user="damjang" uid="97922" lat="45.6592419" lon="13.8300806"/>
 <node id="777416142" visible="true" version="1" changeset="5028742" timestamp="2010-06-19T23:24:28Z" user="damjang" uid="97922" lat="45.6576455" lon="13.8293592"/>
 <node id="777416144" visible="true" version="1" changeset="5028742" timestamp="2010-06-19T23:24:28Z" user="damjang" uid="97922" lat="45.6577871" lon="13.8279682"/>
 <node id="777416146" visible="true" version="1" changeset="5028742" timestamp="2010-06-19T23:24:28Z" user="damjang" uid="97922" lat="45.6591304" lon="13.8303703"/>
 <node id="777416147" visible="true" version="1" changeset="5028742" timestamp="2010-06-19T23:24:28Z" user="damjang" uid="97922" lat="45.6585936" lon="13.8280460"/>
 <node id="777416149" visible="true" version="4" changeset="98324325" timestamp="2021-01-28T23:30:36Z" user="damjang" uid="97922" lat="45.6562136" lon="13.8298638"/>
 <node id="777416152" visible="true" version="1" changeset="5028742" timestamp="2010-06-19T23:24:28Z" user="damjang" uid="97922" lat="45.6578243" lon="13.8291119"/>
 <node id="777416154" visible="true" version="1" changeset="5028742" timestamp="2010-06-19T23:24:28Z" user="damjang" uid="97922" lat="45.6577881" lon="13.8298867"/>
 <node id="777416155" visible="true" version="1" changeset="5028742" timestamp="2010-06-19T23:24:28Z" user="damjang" uid="97922" lat="45.6587556" lon="13.8292915"/>
 <node id="777416159" visible="true" version="1" changeset="5028742" timestamp="2010-06-19T23:24:28Z" user="damjang" uid="97922" lat="45.6578013" lon="13.8303484"/>
 <node id="777416161" visible="true" version="1" changeset="5028742" timestamp="2010-06-19T23:24:28Z" user="damjang" uid="97922" lat="45.6557434" lon="13.8281133"/>
 <node id="777416163" visible="true" version="1" changeset="5028742" timestamp="2010-06-19T23:24:28Z" user="damjang" uid="97922" lat="45.6570331" lon="13.8291659"/>
 <node id="777416164" visible="true" version="1" changeset="5028742" timestamp="2010-06-19T23:24:28Z" user="damjang" uid="97922" lat="45.6583607" lon="13.8297855">
  <tag k="barrier" v="bollard"/>
  <tag k="bicycle" v="yes"/>
  <tag k="covered" v="yes"/>
  <tag k="foot" v="yes"/>
 </node>
 <node id="777416167" visible="true" version="1" changeset="5028742" timestamp="2010-06-19T23:24:28Z" user="damjang" uid="97922" lat="45.6580503" lon="13.8275258"/>
 <node id="777416169" visible="true" version="1" changeset="5028742" timestamp="2010-06-19T23:24:28Z" user="damjang" uid="97922" lat="45.6571759" lon="13.8300655"/>
 <node id="777416171" visible="true" version="1" changeset="5028742" timestamp="2010-06-19T23:24:28Z" user="damjang" uid="97922" lat="45.6586739" lon="13.8292895"/>
 <node id="777416172" visible="true" version="1" changeset="5028742" timestamp="2010-06-19T23:24:28Z" user="damjang" uid="97922" lat="45.6574717" lon="13.8295779"/>
 <node id="777416174" visible="true" version="2" changeset="15251260" timestamp="2013-03-04T20:34:56Z" user="Aris Milani" uid="1189125" lat="45.6582158" lon="13.8260579"/>
 <node id="777416188" visible="true" version="1" changeset="5028742" timestamp="2010-06-19T23:24:29Z" user="damjang" uid="97922" lat="45.6566135" lon="13.8296037"/>
 <node id="777416190" visible="true" version="1" changeset="5028742" timestamp="2010-06-19T23:24:29Z" user="damjang" uid="97922" lat="45.6585356" lon="13.8280339"/>
 <node id="777416192" visible="true" version="1" changeset="5028742" timestamp="2010-06-19T23:24:29Z" user="damjang" uid="97922" lat="45.6569507" lon="13.8279033"/>
 <node id="777416197" visible="true" version="1" changeset="5028742" timestamp="2010-06-19T23:24:29Z" user="damjang" uid="97922" lat="45.6588160" lon="13.8288268"/>
 <node id="777416199" visible="true" version="1" changeset="5028742" timestamp="2010-06-19T23:24:29Z" user="damjang" uid="97922" lat="45.6589228" lon="13.8303592"/>
 <node id="777416201" visible="true" version="1" changeset="5028742" timestamp="2010-06-19T23:24:29Z" user="damjang" uid="97922" lat="45.6584832" lon="13.8297600"/>
 <node id="777416203" visible="true" version="2" changeset="98324325" timestamp="2021-01-28T23:30:36Z" user="damjang" uid="97922" lat="45.6567466" lon="13.8304357"/>
 <node id="777416204" visible="true" version="2" changeset="160905093" timestamp="2025-01-02T12:35:05Z" user="darthravem" uid="2415747" lat="45.6579415" lon="13.8286763">
  <tag k="amenity" v="bench"/>
  <tag k="backrest" v="yes"/>
  <tag k="check_date" v="2025-01-02"/>
 </node>
 <node id="777416207" visible="true" version="1" changeset="5028742" timestamp="2010-06-19T23:24:29Z" user="damjang" uid="97922" lat="45.6588652" lon="13.8287054"/>
 <node id="777416210" visible="true" version="1" changeset="5028742" timestamp="2010-06-19T23:24:29Z" user="damjang" uid="97922" lat="45.6570296" lon="13.8275964"/>
 <node id="777416212" visible="true" version="1" changeset="5028742" timestamp="2010-06-19T23:24:29Z" user="damjang" uid="97922" lat="45.6577268" lon="13.8294517"/>
 <node id="777416214" visible="true" version="1" changeset="5028742" timestamp="2010-06-19T23:24:29Z" user="damjang" uid="97922" lat="45.6566028" lon="13.8292253"/>
 <node id="777416216" visible="true" version="1" changeset="5028742" timestamp="2010-06-19T23:24:30Z" user="damjang" uid="97922" lat="45.6584046" lon="13.8302779"/>
 <node id="777416218" visible="true" version="1" changeset="5028742" timestamp="2010-06-19T23:24:30Z" user="damjang" uid="97922" lat="45.6555942" lon="13.8280997"/>
 <node id="777416219" visible="true" version="2" changeset="160905093" timestamp="2025-01-02T12:36:50Z" user="darthravem" uid="2415747" lat="45.6574204" lon="13.8295973">
  <tag k="amenity" v="bench"/>
  <tag k="backrest" v="yes"/>
  <tag k="check_date" v="2025-01-02"/>
 </node>
 <node id="777416221" visible="true" version="1" changeset="5028742" timestamp="2010-06-19T23:24:30Z" user="damjang" uid="97922" lat="45.6590063" lon="13.8295875"/>
 <node id="777416223" visible="true" version="1" changeset="5028742" timestamp="2010-06-19T23:24:30Z" user="damjang" uid="97922" lat="45.6572115" lon="13.8287459"/>
 <node id="777416225" visible="true" version="1" changeset="5028742" timestamp="2010-06-19T23:24:30Z" user="damjang" uid="97922" lat="45.6586455" lon="13.8304953"/>
 <node id="777416239" visible="true" version="1" changeset="5028742" timestamp="2010-06-19T23:24:31Z" user="damjang" uid="97922" lat="45.6570036" lon="13.8296852"/>
 <node id="777416241" visible="true" version="1" changeset="5028742" timestamp="2010-06-19T23:24:31Z" user="damjang" uid="97922" lat="45.6583401" lon="13.8283933"/>
 <node id="777416243" visible="true" version="1" changeset="5028742" timestamp="2010-06-19T23:24:31Z" user="damjang" uid="97922" lat="45.6565304" lon="13.8295792"/>
 <node id="777416246" visible="true" version="1" changeset="5028742" timestamp="2010-06-19T23:24:31Z" user="damjang" uid="97922" lat="45.6584562" lon="13.8277029"/>
 <node id="777416247" visible="true" version="1" changeset="5028742" timestamp="2010-06-19T23:24:31Z" user="damjang" uid="97922" lat="45.6569830" lon="13.8283130"/>
 <node id="777416249" visible="true" version="1" changeset="5028742" timestamp="2010-06-19T23:24:31Z" user="damjang" uid="97922" lat="45.6576477" lon="13.8277288"/>
 <node id="777416252" visible="true" version="1" changeset="5028742" timestamp="2010-06-19T23:24:31Z" user="damjang" uid="97922" lat="45.6587032" lon="13.8277574"/>
 <node id="777416255" visible="true" version="1" changeset="5028742" timestamp="2010-06-19T23:24:31Z" user="damjang" uid="97922" lat="45.6573133" lon="13.8302210"/>
 <node id="777416257" visible="true" version="5" changeset="100988543" timestamp="2021-03-14T13:07:46Z" user="alessandrocarmeli" uid="12294600" lat="45.6562277" lon="13.8300040"/>
 <node id="777416259" visible="true" version="1" changeset="5028742" timestamp="2010-06-19T23:24:31Z" user="damjang" uid="97922" lat="45.6573490" lon="13.8291014"/>
 <node id="777416262" visible="true" version="1" changeset="5028742" timestamp="2010-06-19T23:24:31Z" user="damjang" uid="97922" lat="45.6581122" lon="13.8292219"/>
 <node id="777416264" visible="true" version="1" changeset="5028742" timestamp="2010-06-19T23:24:31Z" user="damjang" uid="97922" lat="45.6568466" lon="13.8289751"/>
 <node id="777416267" visible="true" version="1" changeset="5028742" timestamp="2010-06-19T23:24:31Z" user="damjang" uid="97922" lat="45.6556784" lon="13.8281794"/>
 <node id="777416269" visible="true" version="1" changeset="5028742" timestamp="2010-06-19T23:24:31Z" user="damjang" uid="97922" lat="45.6569018" lon="13.8277417"/>
 <node id="777416273" visible="true" version="1" changeset="5028742" timestamp="2010-06-19T23:24:31Z" user="damjang" uid="97922" lat="45.6578493" lon="13.8295467"/>
 <node id="777416277" visible="true" version="1" changeset="5028742" timestamp="2010-06-19T23:24:31Z" user="damjang" uid="97922" lat="45.6585742" lon="13.8277507"/>
 <node id="777416279" visible="true" version="1" changeset="5028742" timestamp="2010-06-19T23:24:31Z" user="damjang" uid="97922" lat="45.6584969" lon="13.8303159"/>
 <node id="777416282" visible="true" version="1" changeset="5028742" timestamp="2010-06-19T23:24:31Z" user="damjang" uid="97922" lat="45.6586059" lon="13.8288393"/>
 <node id="777416284" visible="true" version="1" changeset="5028742" timestamp="2010-06-19T23:24:31Z" user="damjang" uid="97922" lat="45.6586726" lon="13.8297031"/>
 <node id="777416286" visible="true" version="1" changeset="5028742" timestamp="2010-06-19T23:24:31Z" user="damjang" uid="97922" lat="45.6587227" lon="13.8288610"/>
 <node id="777416315" visible="true" version="1" changeset="5028742" timestamp="2010-06-19T23:24:32Z" user="damjang" uid="97922" lat="45.6585256" lon="13.8282797"/>
 <node id="777416317" visible="true" version="1" changeset="5028742" timestamp="2010-06-19T23:24:32Z" user="damjang" uid="97922" lat="45.6585765" lon="13.8305261"/>
 <node id="777416318" visible="true" version="1" changeset="5028742" timestamp="2010-06-19T23:24:32Z" user="damjang" uid="97922" lat="45.6572182" lon="13.8274388"/>
 <node id="777416320" visible="true" version="1" changeset="5028742" timestamp="2010-06-19T23:24:32Z" user="damjang" uid="97922" lat="45.6579591" lon="13.8285387"/>
 <node id="777416324" visible="true" version="1" changeset="5028742" timestamp="2010-06-19T23:24:32Z" user="damjang" uid="97922" lat="45.6582062" lon="13.8299352"/>
 <node id="777416325" visible="true" version="1" changeset="5028742" timestamp="2010-06-19T23:24:33Z" user="damjang" uid="97922" lat="45.6577542" lon="13.8276398"/>
 <node id="777416327" visible="true" version="1" changeset="5028742" timestamp="2010-06-19T23:24:33Z" user="damjang" uid="97922" lat="45.6577883" lon="13.8278640"/>
 <node id="777416333" visible="true" version="1" changeset="5028742" timestamp="2010-06-19T23:24:33Z" user="damjang" uid="97922" lat="45.6583501" lon="13.8274106"/>
 <node id="777416335" visible="true" version="1" changeset="5028742" timestamp="2010-06-19T23:24:33Z" user="damjang" uid="97922" lat="45.6583873" lon="13.8288254"/>
 <node id="777416338" visible="true" version="1" changeset="5028742" timestamp="2010-06-19T23:24:33Z" user="damjang" uid="97922" lat="45.6563849" lon="13.8298524"/>
 <node id="777416342" visible="true" version="1" changeset="5028742" timestamp="2010-06-19T23:24:33Z" user="damjang" uid="97922" lat="45.6577299" lon="13.8289253"/>
 <node id="777416344" visible="true" version="1" changeset="5028742" timestamp="2010-06-19T23:24:33Z" user="damjang" uid="97922" lat="45.6569265" lon="13.8295318"/>
 <node id="777416345" visible="true" version="1" changeset="5028742" timestamp="2010-06-19T23:24:33Z" user="damjang" uid="97922" lat="45.6578858" lon="13.8299868"/>
 <node id="777416347" visible="true" version="1" changeset="5028742" timestamp="2010-06-19T23:24:33Z" user="damjang" uid="97922" lat="45.6576480" lon="13.8293481"/>
 <node id="777416349" visible="true" version="1" changeset="5028742" timestamp="2010-06-19T23:24:33Z" user="damjang" uid="97922" lat="45.6574470" lon="13.8278204"/>
 <node id="777416352" visible="true" version="1" changeset="5028742" timestamp="2010-06-19T23:24:33Z" user="damjang" uid="97922" lat="45.6583862" lon="13.8277327"/>
 <node id="777416363" visible="true" version="1" changeset="5028742" timestamp="2010-06-19T23:24:34Z" user="damjang" uid="97922" lat="45.6589012" lon="13.8297891"/>
 <node id="777416366" visible="true" version="1" changeset="5028742" timestamp="2010-06-19T23:24:34Z" user="damjang" uid="97922" lat="45.6587799" lon="13.8296606"/>
 <node id="777416368" visible="true" version="1" changeset="5028742" timestamp="2010-06-19T23:24:34Z" user="damjang" uid="97922" lat="45.6563887" lon="13.8291468"/>
 <node id="777416370" visible="true" version="1" changeset="5028742" timestamp="2010-06-19T23:24:34Z" user="damjang" uid="97922" lat="45.6578205" lon="13.8303250"/>
 <node id="777416372" visible="true" version="1" changeset="5028742" timestamp="2010-06-19T23:24:34Z" user="damjang" uid="97922" lat="45.6556352" lon="13.8279212"/>
 <node id="777416374" visible="true" version="1" changeset="5028742" timestamp="2010-06-19T23:24:34Z" user="damjang" uid="97922" lat="45.6571626" lon="13.8296671"/>
 <node id="777416376" visible="true" version="1" changeset="5028742" timestamp="2010-06-19T23:24:34Z" user="damjang" uid="97922" lat="45.6575400" lon="13.8297262"/>
 <node id="777416378" visible="true" version="1" changeset="5028742" timestamp="2010-06-19T23:24:34Z" user="damjang" uid="97922" lat="45.6584404" lon="13.8276130"/>
 <node id="777416381" visible="true" version="1" changeset="5028742" timestamp="2010-06-19T23:24:34Z" user="damjang" uid="97922" lat="45.6588886" lon="13.8296863"/>
 <node id="777416383" visible="true" version="1" changeset="5028742" timestamp="2010-06-19T23:24:34Z" user="damjang" uid="97922" lat="45.6571617" lon="13.8293209"/>
 <node id="777416385" visible="true" version="1" changeset="5028742" timestamp="2010-06-19T23:24:34Z" user="damjang" uid="97922" lat="45.6582677" lon="13.8282391"/>
 <node id="777416387" visible="true" version="1" changeset="5028742" timestamp="2010-06-19T23:24:34Z" user="damjang" uid="97922" lat="45.6577482" lon="13.8291269"/>
 <node id="777416388" visible="true" version="1" changeset="5028742" timestamp="2010-06-19T23:24:34Z" user="damjang" uid="97922" lat="45.6580880" lon="13.8276425"/>
 <node id="777416390" visible="true" version="1" changeset="5028742" timestamp="2010-06-19T23:24:34Z" user="damjang" uid="97922" lat="45.6572593" lon="13.8275026"/>
 <node id="777416395" visible="true" version="1" changeset="5028742" timestamp="2010-06-19T23:24:34Z" user="damjang" uid="97922" lat="45.6568402" lon="13.8288872"/>
 <node id="777416397" visible="true" version="1" changeset="5028742" timestamp="2010-06-19T23:24:34Z" user="damjang" uid="97922" lat="45.6589458" lon="13.8296240"/>
 <node id="777416399" visible="true" version="2" changeset="98323862" timestamp="2021-01-28T23:18:09Z" user="damjang" uid="97922" lat="45.6575483" lon="13.8306081"/>
 <node id="777416407" visible="true" version="1" changeset="5028742" timestamp="2010-06-19T23:24:35Z" user="damjang" uid="97922" lat="45.6587248" lon="13.8299062"/>
 <node id="777416410" visible="true" version="1" changeset="5028742" timestamp="2010-06-19T23:24:35Z" user="damjang" uid="97922" lat="45.6576607" lon="13.8289000"/>
 <node id="777416414" visible="true" version="1" changeset="5028742" timestamp="2010-06-19T23:24:35Z" user="damjang" uid="97922" lat="45.6568840" lon="13.8279527"/>
 <node id="777416416" visible="true" version="1" changeset="5028742" timestamp="2010-06-19T23:24:35Z" user="damjang" uid="97922" lat="45.6565234" lon="13.8290307"/>
 <node id="777416418" visible="true" version="1" changeset="5028742" timestamp="2010-06-19T23:24:35Z" user="damjang" uid="97922" lat="45.6568544" lon="13.8294173"/>
 <node id="777416419" visible="true" version="1" changeset="5028742" timestamp="2010-06-19T23:24:35Z" user="damjang" uid="97922" lat="45.6574037" lon="13.8302676"/>
 <node id="777416423" visible="true" version="1" changeset="5028742" timestamp="2010-06-19T23:24:35Z" user="damjang" uid="97922" lat="45.6571833" lon="13.8295879"/>
 <node id="777416426" visible="true" version="1" changeset="5028742" timestamp="2010-06-19T23:24:35Z" user="damjang" uid="97922" lat="45.6578055" lon="13.8297358">
  <tag k="amenity" v="bench"/>
  <tag k="backrest" v="yes"/>
 </node>
 <node id="777416429" visible="true" version="1" changeset="5028742" timestamp="2010-06-19T23:24:35Z" user="damjang" uid="97922" lat="45.6590151" lon="13.8297266"/>
 <node id="777416431" visible="true" version="1" changeset="5028742" timestamp="2010-06-19T23:24:35Z" user="damjang" uid="97922" lat="45.6574909" lon="13.8285721"/>
 <node id="777416433" visible="true" version="3" changeset="98324325" timestamp="2021-01-28T23:30:36Z" user="damjang" uid="97922" lat="45.6562558" lon="13.8300909"/>
 <node id="777416434" visible="true" version="1" changeset="5028742" timestamp="2010-06-19T23:24:35Z" user="damjang" uid="97922" lat="45.6583311" lon="13.8305668"/>
 <node id="777416436" visible="true" version="1" changeset="5028742" timestamp="2010-06-19T23:24:35Z" user="damjang" uid="97922" lat="45.6574280" lon="13.8301662"/>
 <node id="777416438" visible="true" version="2" changeset="98324325" timestamp="2021-01-28T23:30:36Z" user="damjang" uid="97922" lat="45.6557679" lon="13.8286458"/>
 <node id="777416440" visible="true" version="1" changeset="5028742" timestamp="2010-06-19T23:24:36Z" user="damjang" uid="97922" lat="45.6577879" lon="13.8297490"/>
 <node id="777416443" visible="true" version="1" changeset="5028742" timestamp="2010-06-19T23:24:36Z" user="damjang" uid="97922" lat="45.6581470" lon="13.8285533"/>
 <node id="777416444" visible="true" version="1" changeset="5028742" timestamp="2010-06-19T23:24:36Z" user="damjang" uid="97922" lat="45.6569707" lon="13.8283481"/>
 <node id="777416464" visible="true" version="1" changeset="5028742" timestamp="2010-06-19T23:24:37Z" user="damjang" uid="97922" lat="45.6575493" lon="13.8275343"/>
 <node id="777416466" visible="true" version="1" changeset="5028742" timestamp="2010-06-19T23:24:37Z" user="damjang" uid="97922" lat="45.6587432" lon="13.8274507"/>
 <node id="777416467" visible="true" version="1" changeset="5028742" timestamp="2010-06-19T23:24:37Z" user="damjang" uid="97922" lat="45.6572215" lon="13.8301271"/>
 <node id="777416471" visible="true" version="1" changeset="5028742" timestamp="2010-06-19T23:24:37Z" user="damjang" uid="97922" lat="45.6575811" lon="13.8298621"/>
 <node id="777416473" visible="true" version="1" changeset="5028742" timestamp="2010-06-19T23:24:37Z" user="damjang" uid="97922" lat="45.6571709" lon="13.8295673"/>
 <node id="777416475" visible="true" version="1" changeset="5028742" timestamp="2010-06-19T23:24:37Z" user="damjang" uid="97922" lat="45.6560870" lon="13.8289265"/>
 <node id="777416476" visible="true" version="1" changeset="5028742" timestamp="2010-06-19T23:24:37Z" user="damjang" uid="97922" lat="45.6580457" lon="13.8273710"/>
 <node id="777416478" visible="true" version="1" changeset="5028742" timestamp="2010-06-19T23:24:37Z" user="damjang" uid="97922" lat="45.6570171" lon="13.8274551"/>
 <node id="777416480" visible="true" version="1" changeset="5028742" timestamp="2010-06-19T23:24:37Z" user="damjang" uid="97922" lat="45.6581518" lon="13.8274567"/>
 <node id="777416483" visible="true" version="1" changeset="5028742" timestamp="2010-06-19T23:24:37Z" user="damjang" uid="97922" lat="45.6588882" lon="13.8300595"/>
 <node id="777416485" visible="true" version="1" changeset="5028742" timestamp="2010-06-19T23:24:37Z" user="damjang" uid="97922" lat="45.6577642" lon="13.8292390"/>
 <node id="777416488" visible="true" version="1" changeset="5028742" timestamp="2010-06-19T23:24:37Z" user="damjang" uid="97922" lat="45.6586547" lon="13.8296592"/>
 <node id="777416490" visible="true" version="1" changeset="5028742" timestamp="2010-06-19T23:24:38Z" user="damjang" uid="97922" lat="45.6583243" lon="13.8288857"/>
 <node id="777416491" visible="true" version="1" changeset="5028742" timestamp="2010-06-19T23:24:38Z" user="damjang" uid="97922" lat="45.6585339" lon="13.8282830"/>
 <node id="777416493" visible="true" version="1" changeset="5028742" timestamp="2010-06-19T23:24:38Z" user="damjang" uid="97922" lat="45.6588078" lon="13.8280238"/>
 <node id="777416495" visible="true" version="1" changeset="5028742" timestamp="2010-06-19T23:24:38Z" user="damjang" uid="97922" lat="45.6579140" lon="13.8277379"/>
 <node id="777416497" visible="true" version="1" changeset="5028742" timestamp="2010-06-19T23:24:38Z" user="damjang" uid="97922" lat="45.6571853" lon="13.8274794"/>
 <node id="777416498" visible="true" version="1" changeset="5028742" timestamp="2010-06-19T23:24:38Z" user="damjang" uid="97922" lat="45.6573481" lon="13.8304155"/>
 <node id="777416512" visible="true" version="1" changeset="5028742" timestamp="2010-06-19T23:24:39Z" user="damjang" uid="97922" lat="45.6587992" lon="13.8298767"/>
 <node id="777416514" visible="true" version="1" changeset="5028742" timestamp="2010-06-19T23:24:39Z" user="damjang" uid="97922" lat="45.6556531" lon="13.8281484"/>
 <node id="777416516" visible="true" version="1" changeset="5028742" timestamp="2010-06-19T23:24:39Z" user="damjang" uid="97922" lat="45.6576594" lon="13.8276885"/>
 <node id="777416518" visible="true" version="1" changeset="5028742" timestamp="2010-06-19T23:24:39Z" user="damjang" uid="97922" lat="45.6589447" lon="13.8297254"/>
 <node id="777416519" visible="true" version="1" changeset="5028742" timestamp="2010-06-19T23:24:39Z" user="damjang" uid="97922" lat="45.6587074" lon="13.8287909"/>
 <node id="777416521" visible="true" version="1" changeset="5028742" timestamp="2010-06-19T23:24:39Z" user="damjang" uid="97922" lat="45.6588959" lon="13.8304176"/>
 <node id="777416523" visible="true" version="1" changeset="5028742" timestamp="2010-06-19T23:24:39Z" user="damjang" uid="97922" lat="45.6570372" lon="13.8292718"/>
 <node id="777416525" visible="true" version="1" changeset="5028742" timestamp="2010-06-19T23:24:39Z" user="damjang" uid="97922" lat="45.6584427" lon="13.8285902"/>
 <node id="777416527" visible="true" version="1" changeset="5028742" timestamp="2010-06-19T23:24:39Z" user="damjang" uid="97922" lat="45.6569276" lon="13.8289699"/>
 <node id="777416528" visible="true" version="1" changeset="5028742" timestamp="2010-06-19T23:24:39Z" user="damjang" uid="97922" lat="45.6577014" lon="13.8306060"/>
 <node id="777416530" visible="true" version="1" changeset="5028742" timestamp="2010-06-19T23:24:39Z" user="damjang" uid="97922" lat="45.6578670" lon="13.8291937"/>
 <node id="777416532" visible="true" version="1" changeset="5028742" timestamp="2010-06-19T23:24:39Z" user="damjang" uid="97922" lat="45.6574907" lon="13.8278014"/>
 <node id="777416534" visible="true" version="1" changeset="5028742" timestamp="2010-06-19T23:24:39Z" user="damjang" uid="97922" lat="45.6591400" lon="13.8299274"/>
 <node id="777416536" visible="true" version="2" changeset="139244258" timestamp="2023-07-31T09:30:21Z" user="darthravem" uid="2415747" lat="45.6569291" lon="13.8294542">
  <tag k="check_date:crossing" v="2023-07-31"/>
  <tag k="crossing" v="uncontrolled"/>
  <tag k="crossing_ref" v="zebra"/>
  <tag k="highway" v="crossing"/>
 </node>
 <node id="777416538" visible="true" version="1" changeset="5028742" timestamp="2010-06-19T23:24:39Z" user="damjang" uid="97922" lat="45.6580185" lon="13.8280379"/>
 <node id="777416542" visible="true" version="1" changeset="5028742" timestamp="2010-06-19T23:24:39Z" user="damjang" uid="97922" lat="45.6575556" lon="13.8290701"/>
 <node id="777416543" visible="true" version="1" changeset="5028742" timestamp="2010-06-19T23:24:39Z" user="damjang" uid="97922" lat="45.6586040" lon="13.8295395"/>
 <node id="777416545" visible="true" version="2" changeset="160900743" timestamp="2025-01-02T10:35:52Z" user="darthravem" uid="2415747" lat="45.6580330" lon="13.8274214"/>
 <node id="777416547" visible="true" version="1" changeset="5028742" timestamp="2010-06-19T23:24:39Z" user="damjang" uid="97922" lat="45.6579018" lon="13.8303336"/>
 <node id="777416563" visible="true" version="1" changeset="5028742" timestamp="2010-06-19T23:24:40Z" user="damjang" uid="97922" lat="45.6556110" lon="13.8279207"/>
 <node id="777416564" visible="true" version="1" changeset="5028742" timestamp="2010-06-19T23:24:40Z" user="damjang" uid="97922" lat="45.6571034" lon="13.8298212"/>
 <node id="777416568" visible="true" version="1" changeset="5028742" timestamp="2010-06-19T23:24:40Z" user="damjang" uid="97922" lat="45.6587401" lon="13.8281718"/>
 <node id="777416569" visible="true" version="1" changeset="5028742" timestamp="2010-06-19T23:24:40Z" user="damjang" uid="97922" lat="45.6582510" lon="13.8300438"/>
 <node id="777416571" visible="true" version="1" changeset="5028742" timestamp="2010-06-19T23:24:40Z" user="damjang" uid="97922" lat="45.6582400" lon="13.8276058"/>
 <node id="777416573" visible="true" version="1" changeset="5028742" timestamp="2010-06-19T23:24:40Z" user="damjang" uid="97922" lat="45.6572110" lon="13.8293313"/>
 <node id="777416575" visible="true" version="1" changeset="5028742" timestamp="2010-06-19T23:24:40Z" user="damjang" uid="97922" lat="45.6582644" lon="13.8288663"/>
 <node id="777416576" visible="true" version="1" changeset="5028742" timestamp="2010-06-19T23:24:40Z" user="damjang" uid="97922" lat="45.6574312" lon="13.8281407"/>
 <node id="777416580" visible="true" version="1" changeset="5028742" timestamp="2010-06-19T23:24:40Z" user="damjang" uid="97922" lat="45.6573384" lon="13.8283067"/>
 <node id="777416583" visible="true" version="1" changeset="5028742" timestamp="2010-06-19T23:24:40Z" user="damjang" uid="97922" lat="45.6568873" lon="13.8283777"/>
 <node id="777416585" visible="true" version="1" changeset="5028742" timestamp="2010-06-19T23:24:40Z" user="damjang" uid="97922" lat="45.6583335" lon="13.8304594"/>
 <node id="777416587" visible="true" version="1" changeset="5028742" timestamp="2010-06-19T23:24:40Z" user="damjang" uid="97922" lat="45.6572295" lon="13.8273780"/>
 <node id="777416588" visible="true" version="1" changeset="5028742" timestamp="2010-06-19T23:24:40Z" user="damjang" uid="97922" lat="45.6587544" lon="13.8300773"/>
 <node id="777416590" visible="true" version="1" changeset="5028742" timestamp="2010-06-19T23:24:40Z" user="damjang" uid="97922" lat="45.6593249" lon="13.8301034"/>
 <node id="777416592" visible="true" version="1" changeset="5028742" timestamp="2010-06-19T23:24:40Z" user="damjang" uid="97922" lat="45.6576195" lon="13.8288192"/>
 <node id="777416593" visible="true" version="1" changeset="5028742" timestamp="2010-06-19T23:24:40Z" user="damjang" uid="97922" lat="45.6588084" lon="13.8281983"/>
 <node id="777416595" visible="true" version="1" changeset="5028742" timestamp="2010-06-19T23:24:40Z" user="damjang" uid="97922" lat="45.6570572" lon="13.8291382"/>
 <node id="777416611" visible="true" version="1" changeset="5028742" timestamp="2010-06-19T23:24:41Z" user="damjang" uid="97922" lat="45.6568091" lon="13.8295543"/>
 <node id="777416613" visible="true" version="1" changeset="5028742" timestamp="2010-06-19T23:24:41Z" user="damjang" uid="97922" lat="45.6577136" lon="13.8305317"/>
 <node id="777416614" visible="true" version="1" changeset="5028742" timestamp="2010-06-19T23:24:41Z" user="damjang" uid="97922" lat="45.6557381" lon="13.8281836"/>
 <node id="777416616" visible="true" version="1" changeset="5028742" timestamp="2010-06-19T23:24:41Z" user="damjang" uid="97922" lat="45.6572482" lon="13.8298620"/>
 <node id="777416618" visible="true" version="2" changeset="122720383" timestamp="2022-06-22T16:52:36Z" user="darthravem" uid="2415747" lat="45.6573366" lon="13.8287688">
  <tag k="amenity" v="bench"/>
  <tag k="backrest" v="yes"/>
  <tag k="check_date" v="2022-06-22"/>
 </node>
 <node id="777416619" visible="true" version="1" changeset="5028742" timestamp="2010-06-19T23:24:41Z" user="damjang" uid="97922" lat="45.6590135" lon="13.8297303"/>
 <node id="777416621" visible="true" version="4" changeset="98324325" timestamp="2021-01-28T23:30:36Z" user="damjang" uid="97922" lat="45.6564058" lon="13.8300127"/>
 <node id="777416622" visible="true" version="1" changeset="5028742" timestamp="2010-06-19T23:24:41Z" user="damjang" uid="97922" lat="45.6581757" lon="13.8306389"/>
 <node id="777416623" visible="true" version="1" changeset="5028742" timestamp="2010-06-19T23:24:41Z" user="damjang" uid="97922" lat="45.6577720" lon="13.8301482"/>
 <node id="777416624" visible="true" version="1" changeset="5028742" timestamp="2010-06-19T23:24:41Z" user="damjang" uid="97922" lat="45.6580326" lon="13.8288692"/>
 <node id="777416625" visible="true" version="1" changeset="5028742" timestamp="2010-06-19T23:24:41Z" user="damjang" uid="97922" lat="45.6565098" lon="13.8293160"/>
 <node id="777416626" visible="true" version="1" changeset="5028742" timestamp="2010-06-19T23:24:41Z" user="damjang" uid="97922" lat="45.6580259" lon="13.8296732"/>
 <node id="777416627" visible="true" version="1" changeset="5028742" timestamp="2010-06-19T23:24:41Z" user="damjang" uid="97922" lat="45.6560225" lon="13.8284866"/>
 <node id="777416628" visible="true" version="1" changeset="5028742" timestamp="2010-06-19T23:24:41Z" user="damjang" uid="97922" lat="45.6571988" lon="13.8286904"/>
 <node id="777416629" visible="true" version="2" changeset="143935065" timestamp="2023-11-12T14:15:49Z" user="Badojo" uid="8189075" lat="45.6568288" lon="13.8288491">
  <tag k="traffic_calming" v="bump"/>
 </node>
 <node id="777416630" visible="true" version="1" changeset="5028742" timestamp="2010-06-19T23:24:41Z" user="damjang" uid="97922" lat="45.6592810" lon="13.8303650"/>
 <node id="777416631" visible="true" version="1" changeset="5028742" timestamp="2010-06-19T23:24:41Z" user="damjang" uid="97922" lat="45.6571879" lon="13.8300531"/>
 <node id="777416632" visible="true" version="1" changeset="5028742" timestamp="2010-06-19T23:24:41Z" user="damjang" uid="97922" lat="45.6586665" lon="13.8291485"/>
 <node id="777416643" visible="true" version="1" changeset="5028742" timestamp="2010-06-19T23:24:42Z" user="damjang" uid="97922" lat="45.6577696" lon="13.8297276"/>
 <node id="777416645" visible="true" version="1" changeset="5028742" timestamp="2010-06-19T23:24:42Z" user="damjang" uid="97922" lat="45.6579954" lon="13.8281925"/>
 <node id="777416646" visible="true" version="1" changeset="5028742" timestamp="2010-06-19T23:24:42Z" user="damjang" uid="97922" lat="45.6569844" lon="13.8305668"/>
 <node id="777416648" visible="true" version="1" changeset="5028742" timestamp="2010-06-19T23:24:42Z" user="damjang" uid="97922" lat="45.6575073" lon="13.8273988"/>
 <node id="777416650" visible="true" version="1" changeset="5028742" timestamp="2010-06-19T23:24:42Z" user="damjang" uid="97922" lat="45.6569910" lon="13.8274828"/>
 <node id="777416651" visible="true" version="1" changeset="5028742" timestamp="2010-06-19T23:24:42Z" user="damjang" uid="97922" lat="45.6534315" lon="13.8254407"/>
 <node id="777416653" visible="true" version="1" changeset="5028742" timestamp="2010-06-19T23:24:42Z" user="damjang" uid="97922" lat="45.6575894" lon="13.8274965"/>
 <node id="777416655" visible="true" version="1" changeset="5028742" timestamp="2010-06-19T23:24:42Z" user="damjang" uid="97922" lat="45.6587968" lon="13.8288548"/>
 <node id="777416657" visible="true" version="1" changeset="5028742" timestamp="2010-06-19T23:24:42Z" user="damjang" uid="97922" lat="45.6592697" lon="13.8302558"/>
 <node id="777416658" visible="true" version="1" changeset="5028742" timestamp="2010-06-19T23:24:42Z" user="damjang" uid="97922" lat="45.6581591" lon="13.8294697"/>
 <node id="777416660" visible="true" version="2" changeset="86760155" timestamp="2020-06-17T08:11:14Z" user="Badojo" uid="8189075" lat="45.6591239" lon="13.8304201"/>
 <node id="777416662" visible="true" version="1" changeset="5028742" timestamp="2010-06-19T23:24:42Z" user="damjang" uid="97922" lat="45.6586555" lon="13.8282807"/>
 <node id="777416664" visible="true" version="1" changeset="5028742" timestamp="2010-06-19T23:24:42Z" user="damjang" uid="97922" lat="45.6582708" lon="13.8273369"/>
 <node id="777416666" visible="true" version="1" changeset="5028742" timestamp="2010-06-19T23:24:42Z" user="damjang" uid="97922" lat="45.6569582" lon="13.8277566"/>
 <node id="777416669" visible="true" version="1" changeset="5028742" timestamp="2010-06-19T23:24:42Z" user="damjang" uid="97922" lat="45.6580995" lon="13.8299638"/>
 <node id="777416671" visible="true" version="1" changeset="5028742" timestamp="2010-06-19T23:24:43Z" user="damjang" uid="97922" lat="45.6566401" lon="13.8290739"/>
 <node id="777416672" visible="true" version="1" changeset="5028742" timestamp="2010-06-19T23:24:43Z" user="damjang" uid="97922" lat="45.6587949" lon="13.8300877"/>
 <node id="777416675" visible="true" version="1" changeset="5028742" timestamp="2010-06-19T23:24:43Z" user="damjang" uid="97922" lat="45.6555361" lon="13.8280045"/>
 <node id="777416676" visible="true" version="1" changeset="5028742" timestamp="2010-06-19T23:24:44Z" user="damjang" uid="97922" lat="45.6578805" lon="13.8276756"/>
 <node id="777416679" visible="true" version="1" changeset="5028742" timestamp="2010-06-19T23:24:44Z" user="damjang" uid="97922" lat="45.6589991" lon="13.8299989"/>
 <node id="777416700" visible="true" version="1" changeset="5028742" timestamp="2010-06-19T23:24:45Z" user="damjang" uid="97922" lat="45.6586717" lon="13.8287995"/>
 <node id="777416702" visible="true" version="1" changeset="5028742" timestamp="2010-06-19T23:24:45Z" user="damjang" uid="97922" lat="45.6587255" lon="13.8304449"/>
 <node id="777416705" visible="true" version="1" changeset="5028742" timestamp="2010-06-19T23:24:45Z" user="damjang" uid="97922" lat="45.6569647" lon="13.8294544"/>
 <node id="777416707" visible="true" version="1" changeset="5028742" timestamp="2010-06-19T23:24:45Z" user="damjang" uid="97922" lat="45.6584565" lon="13.8282932"/>
 <node id="777416710" visible="true" version="1" changeset="5028742" timestamp="2010-06-19T23:24:45Z" user="damjang" uid="97922" lat="45.6565336" lon="13.8296220"/>
 <node id="777416713" visible="true" version="1" changeset="5028742" timestamp="2010-06-19T23:24:45Z" user="damjang" uid="97922" lat="45.6575759" lon="13.8305374"/>
 <node id="777416716" visible="true" version="1" changeset="5028742" timestamp="2010-06-19T23:24:45Z" user="damjang" uid="97922" lat="45.6576783" lon="13.8292461"/>
 <node id="777416720" visible="true" version="1" changeset="5028742" timestamp="2010-06-19T23:24:45Z" user="damjang" uid="97922" lat="45.6573451" lon="13.8301797"/>
 <node id="777416726" visible="true" version="1" changeset="5028742" timestamp="2010-06-19T23:24:45Z" user="damjang" uid="97922" lat="45.6582745" lon="13.8281885"/>
 <node id="777416729" visible="true" version="5" changeset="100988543" timestamp="2021-03-14T13:07:46Z" user="alessandrocarmeli" uid="12294600" lat="45.6563221" lon="13.8298858"/>
 <node id="777416737" visible="true" version="1" changeset="5028742" timestamp="2010-06-19T23:24:46Z" user="damjang" uid="97922" lat="45.6571526" lon="13.8274408"/>
 <node id="777416740" visible="true" version="1" changeset="5028742" timestamp="2010-06-19T23:24:46Z" user="damjang" uid="97922" lat="45.6575829" lon="13.8302912"/>
 <node id="777416743" visible="true" version="1" changeset="5028742" timestamp="2010-06-19T23:24:46Z" user="damjang" uid="97922" lat="45.6553839" lon="13.8278562"/>
 <node id="777416746" visible="true" version="1" changeset="5028742" timestamp="2010-06-19T23:24:46Z" user="damjang" uid="97922" lat="45.6575541" lon="13.8298659"/>
 <node id="777416752" visible="true" version="1" changeset="5028742" timestamp="2010-06-19T23:24:46Z" user="damjang" uid="97922" lat="45.6588095" lon="13.8287607"/>
 <node id="777416780" visible="true" version="1" changeset="5028742" timestamp="2010-06-19T23:24:47Z" user="damjang" uid="97922" lat="45.6582372" lon="13.8299950"/>
 <node id="777416782" visible="true" version="1" changeset="5028742" timestamp="2010-06-19T23:24:47Z" user="damjang" uid="97922" lat="45.6583577" lon="13.8281722"/>
 <node id="777416785" visible="true" version="1" changeset="5028742" timestamp="2010-06-19T23:24:47Z" user="damjang" uid="97922" lat="45.6575379" lon="13.8293745"/>
 <node id="777416787" visible="true" version="1" changeset="5028742" timestamp="2010-06-19T23:24:47Z" user="damjang" uid="97922" lat="45.6581894" lon="13.8289646"/>
 <node id="777416789" visible="true" version="1" changeset="5028742" timestamp="2010-06-19T23:24:47Z" user="damjang" uid="97922" lat="45.6577261" lon="13.8279445"/>
 <node id="777416792" visible="true" version="1" changeset="5028742" timestamp="2010-06-19T23:24:47Z" user="damjang" uid="97922" lat="45.6566293" lon="13.8295193"/>
 <node id="777416795" visible="true" version="1" changeset="5028742" timestamp="2010-06-19T23:24:47Z" user="damjang" uid="97922" lat="45.6589124" lon="13.8302859"/>
 <node id="777416797" visible="true" version="1" changeset="5028742" timestamp="2010-06-19T23:24:47Z" user="damjang" uid="97922" lat="45.6567733" lon="13.8296113"/>
 <node id="777416798" visible="true" version="1" changeset="5028742" timestamp="2010-06-19T23:24:47Z" user="damjang" uid="97922" lat="45.6580284" lon="13.8276239"/>
 <node id="777416800" visible="true" version="1" changeset="5028742" timestamp="2010-06-19T23:24:47Z" user="damjang" uid="97922" lat="45.6578884" lon="13.8299704"/>
 <node id="777416803" visible="true" version="1" changeset="5028742" timestamp="2010-06-19T23:24:47Z" user="damjang" uid="97922" lat="45.6577905" lon="13.8306444"/>
 <node id="777416805" visible="true" version="1" changeset="5028742" timestamp="2010-06-19T23:24:47Z" user="damjang" uid="97922" lat="45.6575709" lon="13.8286883"/>
 <node id="777416810" visible="true" version="1" changeset="5028742" timestamp="2010-06-19T23:24:47Z" user="damjang" uid="97922" lat="45.6570050" lon="13.8290627"/>
 <node id="777416812" visible="true" version="1" changeset="5028742" timestamp="2010-06-19T23:24:47Z" user="damjang" uid="97922" lat="45.6564197" lon="13.8292514"/>
 <node id="777416815" visible="true" version="1" changeset="5028742" timestamp="2010-06-19T23:24:47Z" user="damjang" uid="97922" lat="45.6570121" lon="13.8297912"/>
 <node id="777416818" visible="true" version="1" changeset="5028742" timestamp="2010-06-19T23:24:47Z" user="damjang" uid="97922" lat="45.6578080" lon="13.8301462"/>
 <node id="777416821" visible="true" version="1" changeset="5028742" timestamp="2010-06-19T23:24:47Z" user="damjang" uid="97922" lat="45.6557473" lon="13.8285780"/>
 <node id="777416842" visible="true" version="1" changeset="5028742" timestamp="2010-06-19T23:24:48Z" user="damjang" uid="97922" lat="45.6583280" lon="13.8301842"/>
 <node id="777416845" visible="true" version="1" changeset="5028742" timestamp="2010-06-19T23:24:48Z" user="damjang" uid="97922" lat="45.6580342" lon="13.8291985">
  <tag k="barrier" v="entrance"/>
 </node>
 <node id="777416848" visible="true" version="1" changeset="5028742" timestamp="2010-06-19T23:24:48Z" user="damjang" uid="97922" lat="45.6591882" lon="13.8301569"/>
 <node id="777416856" visible="true" version="1" changeset="5028742" timestamp="2010-06-19T23:24:48Z" user="damjang" uid="97922" lat="45.6581758" lon="13.8299715"/>
 <node id="777416859" visible="true" version="1" changeset="5028742" timestamp="2010-06-19T23:24:48Z" user="damjang" uid="97922" lat="45.6575593" lon="13.8303101"/>
 <node id="777416862" visible="true" version="1" changeset="5028742" timestamp="2010-06-19T23:24:48Z" user="damjang" uid="97922" lat="45.6587976" lon="13.8296151"/>
 <node id="777416864" visible="true" version="1" changeset="5028742" timestamp="2010-06-19T23:24:48Z" user="damjang" uid="97922" lat="45.6565734" lon="13.8295072"/>
 <node id="777416866" visible="true" version="1" changeset="5028742" timestamp="2010-06-19T23:24:48Z" user="damjang" uid="97922" lat="45.6581029" lon="13.8297304"/>
 <node id="777416869" visible="true" version="1" changeset="5028742" timestamp="2010-06-19T23:24:48Z" user="damjang" uid="97922" lat="45.6558969" lon="13.8283384"/>
 <node id="777416872" visible="true" version="1" changeset="5028742" timestamp="2010-06-19T23:24:48Z" user="damjang" uid="97922" lat="45.6569603" lon="13.8292266"/>
 <node id="777416875" visible="true" version="1" changeset="5028742" timestamp="2010-06-19T23:24:48Z" user="damjang" uid="97922" lat="45.6580112" lon="13.8301460"/>
 <node id="777416878" visible="true" version="1" changeset="5028742" timestamp="2010-06-19T23:24:48Z" user="damjang" uid="97922" lat="45.6590019" lon="13.8299720"/>
 <node id="777416880" visible="true" version="1" changeset="5028742" timestamp="2010-06-19T23:24:48Z" user="damjang" uid="97922" lat="45.6570732" lon="13.8299198"/>
 <node id="777416883" visible="true" version="1" changeset="5028742" timestamp="2010-06-19T23:24:48Z" user="damjang" uid="97922" lat="45.6577656" lon="13.8303439"/>
 <node id="777416886" visible="true" version="1" changeset="5028742" timestamp="2010-06-19T23:24:48Z" user="damjang" uid="97922" lat="45.6575142" lon="13.8298376"/>
 <node id="777416890" visible="true" version="1" changeset="5028742" timestamp="2010-06-19T23:24:48Z" user="damjang" uid="97922" lat="45.6565729" lon="13.8292913"/>
 <node id="777416895" visible="true" version="1" changeset="5028742" timestamp="2010-06-19T23:24:48Z" user="damjang" uid="97922" lat="45.6580858" lon="13.8273951"/>
 <node id="777416910" visible="true" version="1" changeset="5028742" timestamp="2010-06-19T23:24:49Z" user="damjang" uid="97922" lat="45.6568100" lon="13.8278826"/>
 <node id="777416913" visible="true" version="1" changeset="5028742" timestamp="2010-06-19T23:24:49Z" user="damjang" uid="97922" lat="45.6534914" lon="13.8254622"/>
 <node id="777416918" visible="true" version="1" changeset="5028742" timestamp="2010-06-19T23:24:49Z" user="damjang" uid="97922" lat="45.6588408" lon="13.8288371"/>
 <node id="777416921" visible="true" version="1" changeset="5028742" timestamp="2010-06-19T23:24:49Z" user="damjang" uid="97922" lat="45.6577154" lon="13.8306704"/>
 <node id="777416924" visible="true" version="1" changeset="5028742" timestamp="2010-06-19T23:24:49Z" user="damjang" uid="97922" lat="45.6586630" lon="13.8297987"/>
 <node id="777416926" visible="true" version="6" changeset="115293384" timestamp="2021-12-23T11:15:30Z" user="Jonathan Asaf" uid="10828579" lat="45.6560026" lon="13.8306616"/>
 <node id="777416928" visible="true" version="1" changeset="5028742" timestamp="2010-06-19T23:24:49Z" user="damjang" uid="97922" lat="45.6586155" lon="13.8279454"/>
 <node id="777416931" visible="true" version="1" changeset="5028742" timestamp="2010-06-19T23:24:49Z" user="damjang" uid="97922" lat="45.6582002" lon="13.8273120"/>
 <node id="777416933" visible="true" version="1" changeset="5028742" timestamp="2010-06-19T23:24:49Z" user="damjang" uid="97922" lat="45.6569737" lon="13.8277220"/>
 <node id="777416936" visible="true" version="1" changeset="5028742" timestamp="2010-06-19T23:24:49Z" user="damjang" uid="97922" lat="45.6562532" lon="13.8288401"/>
 <node id="777416939" visible="true" version="1" changeset="5028742" timestamp="2010-06-19T23:24:49Z" user="damjang" uid="97922" lat="45.6567444" lon="13.8294346"/>
 <node id="777416941" visible="true" version="1" changeset="5028742" timestamp="2010-06-19T23:24:49Z" user="damjang" uid="97922" lat="45.6584082" lon="13.8303626"/>
 <node id="777416943" visible="true" version="1" changeset="5028742" timestamp="2010-06-19T23:24:49Z" user="damjang" uid="97922" lat="45.6556167" lon="13.8280573"/>
 <node id="777416946" visible="true" version="1" changeset="5028742" timestamp="2010-06-19T23:24:49Z" user="damjang" uid="97922" lat="45.6574817" lon="13.8280049"/>
 <node id="777416949" visible="true" version="1" changeset="5028742" timestamp="2010-06-19T23:24:49Z" user="damjang" uid="97922" lat="45.6588858" lon="13.8288498"/>
 <node id="777416954" visible="true" version="1" changeset="5028742" timestamp="2010-06-19T23:24:49Z" user="damjang" uid="97922" lat="45.6585735" lon="13.8305175"/>
 <node id="777416957" visible="true" version="1" changeset="5028742" timestamp="2010-06-19T23:24:49Z" user="damjang" uid="97922" lat="45.6570698" lon="13.8298135"/>
 <node id="777416959" visible="true" version="1" changeset="5028742" timestamp="2010-06-19T23:24:49Z" user="damjang" uid="97922" lat="45.6582160" lon="13.8283841"/>
 <node id="777416972" visible="true" version="2" changeset="98324325" timestamp="2021-01-28T23:30:36Z" user="damjang" uid="97922" lat="45.6562808" lon="13.8293189"/>
 <node id="777416974" visible="true" version="1" changeset="5028742" timestamp="2010-06-19T23:24:51Z" user="damjang" uid="97922" lat="45.6577304" lon="13.8297597"/>
 <node id="777416977" visible="true" version="1" changeset="5028742" timestamp="2010-06-19T23:24:51Z" user="damjang" uid="97922" lat="45.6584382" lon="13.8295795"/>
 <node id="777416980" visible="true" version="1" changeset="5028742" timestamp="2010-06-19T23:24:51Z" user="damjang" uid="97922" lat="45.6576079" lon="13.8277567"/>
 <node id="777416985" visible="true" version="1" changeset="5028742" timestamp="2010-06-19T23:24:51Z" user="damjang" uid="97922" lat="45.6573414" lon="13.8301800"/>
 <node id="777416987" visible="true" version="5" changeset="100988543" timestamp="2021-03-14T13:07:46Z" user="alessandrocarmeli" uid="12294600" lat="45.6563313" lon="13.8300375"/>
 <node id="777416990" visible="true" version="1" changeset="5028742" timestamp="2010-06-19T23:24:52Z" user="damjang" uid="97922" lat="45.6572921" lon="13.8289519"/>
 <node id="777416993" visible="true" version="1" changeset="5028742" timestamp="2010-06-19T23:24:52Z" user="damjang" uid="97922" lat="45.6580510" lon="13.8291269"/>
 <node id="777416995" visible="true" version="1" changeset="5028742" timestamp="2010-06-19T23:24:52Z" user="damjang" uid="97922" lat="45.6570213" lon="13.8297679"/>
 <node id="777416998" visible="true" version="1" changeset="5028742" timestamp="2010-06-19T23:24:52Z" user="damjang" uid="97922" lat="45.6554308" lon="13.8277710"/>
 <node id="777417000" visible="true" version="1" changeset="5028742" timestamp="2010-06-19T23:24:52Z" user="damjang" uid="97922" lat="45.6568713" lon="13.8281620"/>
 <node id="777417001" visible="true" version="1" changeset="5028742" timestamp="2010-06-19T23:24:52Z" user="damjang" uid="97922" lat="45.6588159" lon="13.8287581"/>
 <node id="777417003" visible="true" version="1" changeset="5028742" timestamp="2010-06-19T23:24:52Z" user="damjang" uid="97922" lat="45.6583452" lon="13.8285190"/>
 <node id="777417005" visible="true" version="1" changeset="5028742" timestamp="2010-06-19T23:24:52Z" user="damjang" uid="97922" lat="45.6586078" lon="13.8287133"/>
 <node id="777417007" visible="true" version="1" changeset="5028742" timestamp="2010-06-19T23:24:52Z" user="damjang" uid="97922" lat="45.6585100" lon="13.8303337"/>
 <node id="777417008" visible="true" version="1" changeset="5028742" timestamp="2010-06-19T23:24:52Z" user="damjang" uid="97922" lat="45.6586781" lon="13.8296760"/>
 <node id="777417011" visible="true" version="1" changeset="5028742" timestamp="2010-06-19T23:24:53Z" user="damjang" uid="97922" lat="45.6583702" lon="13.8288188"/>
 <node id="777417013" visible="true" version="1" changeset="5028742" timestamp="2010-06-19T23:24:53Z" user="damjang" uid="97922" lat="45.6582402" lon="13.8282472"/>
 <node id="777417017" visible="true" version="1" changeset="5028742" timestamp="2010-06-19T23:24:53Z" user="damjang" uid="97922" lat="45.6560748" lon="13.8285999"/>
 <node id="777417041" visible="true" version="1" changeset="5028742" timestamp="2010-06-19T23:24:53Z" user="damjang" uid="97922" lat="45.6572897" lon="13.8274378"/>
 <node id="777417044" visible="true" version="4" changeset="129015295" timestamp="2022-11-16T23:27:31Z" user="alessandrocarmeli" uid="12294600" lat="45.6542703" lon="13.8267287"/>
 <node id="777417059" visible="true" version="1" changeset="5028742" timestamp="2010-06-19T23:24:54Z" user="damjang" uid="97922" lat="45.6581730" lon="13.8298951"/>
 <node id="777417062" visible="true" version="1" changeset="5028742" timestamp="2010-06-19T23:24:54Z" user="damjang" uid="97922" lat="45.6578103" lon="13.8276825"/>
 <node id="777417065" visible="true" version="1" changeset="5028742" timestamp="2010-06-19T23:24:54Z" user="damjang" uid="97922" lat="45.6578019" lon="13.8279383"/>
 <node id="777417067" visible="true" version="1" changeset="5028742" timestamp="2010-06-19T23:24:54Z" user="damjang" uid="97922" lat="45.6571848" lon="13.8301202"/>
 <node id="777417070" visible="true" version="1" changeset="5028742" timestamp="2010-06-19T23:24:54Z" user="damjang" uid="97922" lat="45.6578748" lon="13.8284363"/>
 <node id="777417079" visible="true" version="1" changeset="5028742" timestamp="2010-06-19T23:24:54Z" user="damjang" uid="97922" lat="45.6576808" lon="13.8286529"/>
 <node id="777417082" visible="true" version="1" changeset="5028742" timestamp="2010-06-19T23:24:54Z" user="damjang" uid="97922" lat="45.6569498" lon="13.8290099"/>
 <node id="777417084" visible="true" version="1" changeset="5028742" timestamp="2010-06-19T23:24:54Z" user="damjang" uid="97922" lat="45.6578307" lon="13.8306133"/>
 <node id="777417087" visible="true" version="1" changeset="5028742" timestamp="2010-06-19T23:24:54Z" user="damjang" uid="97922" lat="45.6591889" lon="13.8300048"/>
 <node id="777417090" visible="true" version="1" changeset="5028742" timestamp="2010-06-19T23:24:54Z" user="damjang" uid="97922" lat="45.6577758" lon="13.8292825"/>
 <node id="777417093" visible="true" version="1" changeset="5028742" timestamp="2010-06-19T23:24:54Z" user="damjang" uid="97922" lat="45.6577197" lon="13.8296330">
  <tag k="barrier" v="entrance"/>
 </node>
 <node id="777417096" visible="true" version="1" changeset="5028742" timestamp="2010-06-19T23:24:54Z" user="damjang" uid="97922" lat="45.6590128" lon="13.8303367"/>
 <node id="777417103" visible="true" version="1" changeset="5028742" timestamp="2010-06-19T23:24:55Z" user="damjang" uid="97922" lat="45.6586967" lon="13.8295976"/>
 <node id="777417130" visible="true" version="1" changeset="5028742" timestamp="2010-06-19T23:24:55Z" user="damjang" uid="97922" lat="45.6572358" lon="13.8291330"/>
 <node id="777417132" visible="true" version="1" changeset="5028742" timestamp="2010-06-19T23:24:55Z" user="damjang" uid="97922" lat="45.6588364" lon="13.8296552"/>
 <node id="777417134" visible="true" version="1" changeset="5028742" timestamp="2010-06-19T23:24:55Z" user="damjang" uid="97922" lat="45.6559945" lon="13.8286408"/>
 <node id="777417135" visible="true" version="1" changeset="5028742" timestamp="2010-06-19T23:24:55Z" user="damjang" uid="97922" lat="45.6578192" lon="13.8302857"/>
 <node id="777417137" visible="true" version="1" changeset="5028742" timestamp="2010-06-19T23:24:55Z" user="damjang" uid="97922" lat="45.6557911" lon="13.8281512"/>
 <node id="777417139" visible="true" version="1" changeset="5028742" timestamp="2010-06-19T23:24:55Z" user="damjang" uid="97922" lat="45.6569502" lon="13.8291211"/>
 <node id="777417141" visible="true" version="1" changeset="5028742" timestamp="2010-06-19T23:24:55Z" user="damjang" uid="97922" lat="45.6578537" lon="13.8302584"/>
 <node id="777417142" visible="true" version="1" changeset="5028742" timestamp="2010-06-19T23:24:55Z" user="damjang" uid="97922" lat="45.6589071" lon="13.8296217"/>
 <node id="777417144" visible="true" version="1" changeset="5028742" timestamp="2010-06-19T23:24:55Z" user="damjang" uid="97922" lat="45.6570750" lon="13.8299140"/>
 <node id="777417146" visible="true" version="1" changeset="5028742" timestamp="2010-06-19T23:24:56Z" user="damjang" uid="97922" lat="45.6585839" lon="13.8279492"/>
 <node id="777417149" visible="true" version="1" changeset="5028742" timestamp="2010-06-19T23:24:56Z" user="damjang" uid="97922" lat="45.6571610" lon="13.8294225"/>
 <node id="777417152" visible="true" version="1" changeset="5028742" timestamp="2010-06-19T23:24:56Z" user="damjang" uid="97922" lat="45.6583514" lon="13.8282768"/>
 <node id="777417153" visible="true" version="1" changeset="5028742" timestamp="2010-06-19T23:24:56Z" user="damjang" uid="97922" lat="45.6574207" lon="13.8282113"/>
 <node id="777417156" visible="true" version="1" changeset="5028742" timestamp="2010-06-19T23:24:56Z" user="damjang" uid="97922" lat="45.6586265" lon="13.8281671"/>
 <node id="777417159" visible="true" version="1" changeset="5028742" timestamp="2010-06-19T23:24:56Z" user="damjang" uid="97922" lat="45.6569248" lon="13.8280967"/>
 <node id="777417166" visible="true" version="1" changeset="5028742" timestamp="2010-06-19T23:24:56Z" user="damjang" uid="97922" lat="45.6589207" lon="13.8296332"/>
 <node id="777417169" visible="true" version="2" changeset="98323862" timestamp="2021-01-28T23:18:09Z" user="damjang" uid="97922" lat="45.6575464" lon="13.8306597"/>
 <node id="777417171" visible="true" version="1" changeset="5028742" timestamp="2010-06-19T23:24:56Z" user="damjang" uid="97922" lat="45.6582612" lon="13.8297501"/>
 <node id="777417189" visible="true" version="5" changeset="143935065" timestamp="2023-11-12T14:15:49Z" user="Badojo" uid="8189075" lat="45.6571969" lon="13.8307324"/>
 <node id="777417192" visible="true" version="1" changeset="5028742" timestamp="2010-06-19T23:24:56Z" user="damjang" uid="97922" lat="45.6582069" lon="13.8284587"/>
 <node id="777417194" visible="true" version="1" changeset="5028742" timestamp="2010-06-19T23:24:56Z" user="damjang" uid="97922" lat="45.6588765" lon="13.8287090"/>
 <node id="777417197" visible="true" version="1" changeset="5028742" timestamp="2010-06-19T23:24:56Z" user="damjang" uid="97922" lat="45.6570381" lon="13.8275947"/>
 <node id="777417199" visible="true" version="1" changeset="5028742" timestamp="2010-06-19T23:24:56Z" user="damjang" uid="97922" lat="45.6562538" lon="13.8288503"/>
 <node id="777417201" visible="true" version="1" changeset="5028742" timestamp="2010-06-19T23:24:56Z" user="damjang" uid="97922" lat="45.6568959" lon="13.8292923"/>
 <node id="777417204" visible="true" version="1" changeset="5028742" timestamp="2010-06-19T23:24:56Z" user="damjang" uid="97922" lat="45.6575557" lon="13.8304501"/>
 <node id="777417206" visible="true" version="1" changeset="5028742" timestamp="2010-06-19T23:24:56Z" user="damjang" uid="97922" lat="45.6556738" lon="13.8285002"/>
 <node id="777417209" visible="true" version="1" changeset="5028742" timestamp="2010-06-19T23:24:56Z" user="damjang" uid="97922" lat="45.6572027" lon="13.8297258"/>
 <node id="777417211" visible="true" version="1" changeset="5028742" timestamp="2010-06-19T23:24:56Z" user="damjang" uid="97922" lat="45.6573873" lon="13.8287110">
  <tag k="barrier" v="entrance"/>
 </node>
 <node id="777417213" visible="true" version="1" changeset="5028742" timestamp="2010-06-19T23:24:56Z" user="damjang" uid="97922" lat="45.6590062" lon="13.8295781"/>
 <node id="777417214" visible="true" version="1" changeset="5028742" timestamp="2010-06-19T23:24:57Z" user="damjang" uid="97922" lat="45.6571612" lon="13.8288821"/>
 <node id="777417216" visible="true" version="1" changeset="5028742" timestamp="2010-06-19T23:24:57Z" user="damjang" uid="97922" lat="45.6585466" lon="13.8304995"/>
 <node id="777417218" visible="true" version="1" changeset="5028742" timestamp="2010-06-19T23:24:57Z" user="damjang" uid="97922" lat="45.6570731" lon="13.8298166"/>
 <node id="777417221" visible="true" version="1" changeset="5028742" timestamp="2010-06-19T23:24:57Z" user="damjang" uid="97922" lat="45.6578404" lon="13.8295416"/>
 <node id="777417223" visible="true" version="1" changeset="5028742" timestamp="2010-06-19T23:24:57Z" user="damjang" uid="97922" lat="45.6581467" lon="13.8283937"/>
 <node id="777417225" visible="true" version="1" changeset="5028742" timestamp="2010-06-19T23:24:57Z" user="damjang" uid="97922" lat="45.6570003" lon="13.8285696"/>
 <node id="777417227" visible="true" version="1" changeset="5028742" timestamp="2010-06-19T23:24:57Z" user="damjang" uid="97922" lat="45.6575930" lon="13.8277489"/>
 <node id="777417229" visible="true" version="1" changeset="5028742" timestamp="2010-06-19T23:24:57Z" user="damjang" uid="97922" lat="45.6571567" lon="13.8298943"/>
 <node id="777417237" visible="true" version="1" changeset="5028742" timestamp="2010-06-19T23:24:59Z" user="damjang" uid="97922" lat="45.6584170" lon="13.8273694"/>
 <node id="777417238" visible="true" version="3" changeset="98324325" timestamp="2021-01-28T23:30:36Z" user="damjang" uid="97922" lat="45.6563094" lon="13.8299265"/>
 <node id="777417240" visible="true" version="1" changeset="5028742" timestamp="2010-06-19T23:24:59Z" user="damjang" uid="97922" lat="45.6577055" lon="13.8296351"/>
 <node id="777417242" visible="true" version="1" changeset="5028742" timestamp="2010-06-19T23:24:59Z" user="damjang" uid="97922" lat="45.6579501" lon="13.8282867"/>
 <node id="777417244" visible="true" version="1" changeset="5028742" timestamp="2010-06-19T23:24:59Z" user="damjang" uid="97922" lat="45.6565902" lon="13.8290850"/>
 <node id="777417246" visible="true" version="1" changeset="5028742" timestamp="2010-06-19T23:24:59Z" user="damjang" uid="97922" lat="45.6556878" lon="13.8281741"/>
 <node id="777417248" visible="true" version="1" changeset="5028742" timestamp="2010-06-19T23:24:59Z" user="damjang" uid="97922" lat="45.6568538" lon="13.8279031"/>
 <node id="777417249" visible="true" version="1" changeset="5028742" timestamp="2010-06-19T23:24:59Z" user="damjang" uid="97922" lat="45.6586972" lon="13.8279917"/>
 <node id="777417251" visible="true" version="1" changeset="5028742" timestamp="2010-06-19T23:24:59Z" user="damjang" uid="97922" lat="45.6576001" lon="13.8300576"/>
 <node id="777417253" visible="true" version="1" changeset="5028742" timestamp="2010-06-19T23:24:59Z" user="damjang" uid="97922" lat="45.6588728" lon="13.8302230"/>
 <node id="777417255" visible="true" version="1" changeset="5028742" timestamp="2010-06-19T23:25:00Z" user="damjang" uid="97922" lat="45.6570129" lon="13.8290194"/>
 <node id="777417257" visible="true" version="1" changeset="5028742" timestamp="2010-06-19T23:25:00Z" user="damjang" uid="97922" lat="45.6577971" lon="13.8292643"/>
 <node id="777417259" visible="true" version="1" changeset="5028742" timestamp="2010-06-19T23:25:00Z" user="damjang" uid="97922" lat="45.6587424" lon="13.8288857"/>
 <node id="777417260" visible="true" version="1" changeset="5028742" timestamp="2010-06-19T23:25:00Z" user="damjang" uid="97922" lat="45.6585621" lon="13.8282816"/>
 <node id="777417263" visible="true" version="1" changeset="5028742" timestamp="2010-06-19T23:25:00Z" user="damjang" uid="97922" lat="45.6580348" lon="13.8306127"/>
 <node id="777417265" visible="true" version="1" changeset="5028742" timestamp="2010-06-19T23:25:00Z" user="damjang" uid="97922" lat="45.6573240" lon="13.8274082"/>
 <node id="777417268" visible="true" version="1" changeset="5028742" timestamp="2010-06-19T23:25:00Z" user="damjang" uid="97922" lat="45.6579415" lon="13.8285383"/>
 <node id="777417272" visible="true" version="1" changeset="5028742" timestamp="2010-06-19T23:25:00Z" user="damjang" uid="97922" lat="45.6588567" lon="13.8298356"/>
 <node id="777417276" visible="true" version="1" changeset="5028742" timestamp="2010-06-19T23:25:00Z" user="damjang" uid="97922" lat="45.6555667" lon="13.8280449"/>
 <node id="777417303" visible="true" version="1" changeset="5028742" timestamp="2010-06-19T23:25:01Z" user="damjang" uid="97922" lat="45.6576930" lon="13.8276852"/>
 <node id="777417305" visible="true" version="1" changeset="5028742" timestamp="2010-06-19T23:25:01Z" user="damjang" uid="97922" lat="45.6589695" lon="13.8297357"/>
 <node id="777417308" visible="true" version="1" changeset="5028742" timestamp="2010-06-19T23:25:01Z" user="damjang" uid="97922" lat="45.6585341" lon="13.8289078"/>
 <node id="777417312" visible="true" version="1" changeset="5028742" timestamp="2010-06-19T23:25:01Z" user="damjang" uid="97922" lat="45.6569927" lon="13.8303756"/>
 <node id="777417321" visible="true" version="1" changeset="5028742" timestamp="2010-06-19T23:25:01Z" user="damjang" uid="97922" lat="45.6576963" lon="13.8286200"/>
 <node id="777417324" visible="true" version="1" changeset="5028742" timestamp="2010-06-19T23:25:01Z" user="damjang" uid="97922" lat="45.6569377" lon="13.8283130"/>
 <node id="777417327" visible="true" version="1" changeset="5028742" timestamp="2010-06-19T23:25:01Z" user="damjang" uid="97922" lat="45.6576000" lon="13.8305661"/>
 <node id="777417330" visible="true" version="1" changeset="5028742" timestamp="2010-06-19T23:25:01Z" user="damjang" uid="97922" lat="45.6577692" lon="13.8291654"/>
 <node id="777417337" visible="true" version="1" changeset="5028742" timestamp="2010-06-19T23:25:01Z" user="damjang" uid="97922" lat="45.6568079" lon="13.8288541"/>
 <node id="777417346" visible="true" version="1" changeset="5028742" timestamp="2010-06-19T23:25:01Z" user="damjang" uid="97922" lat="45.6584493" lon="13.8277971"/>
 <node id="777417350" visible="true" version="1" changeset="5028742" timestamp="2010-06-19T23:25:01Z" user="damjang" uid="97922" lat="45.6586878" lon="13.8294021"/>
 <node id="777417353" visible="true" version="1" changeset="5028742" timestamp="2010-06-19T23:25:01Z" user="damjang" uid="97922" lat="45.6573635" lon="13.8291992"/>
 <node id="777417357" visible="true" version="1" changeset="5028742" timestamp="2010-06-19T23:25:01Z" user="damjang" uid="97922" lat="45.6586039" lon="13.8295855"/>
 <node id="777417361" visible="true" version="1" changeset="5028742" timestamp="2010-06-19T23:25:01Z" user="damjang" uid="97922" lat="45.6572985" lon="13.8274633"/>
 <node id="777417364" visible="true" version="1" changeset="5028742" timestamp="2010-06-19T23:25:01Z" user="damjang" uid="97922" lat="45.6578333" lon="13.8303913"/>
 <node id="777417370" visible="true" version="1" changeset="5028742" timestamp="2010-06-19T23:25:01Z" user="damjang" uid="97922" lat="45.6555607" lon="13.8278449"/>
 <node id="777417373" visible="true" version="1" changeset="5028742" timestamp="2010-06-19T23:25:02Z" user="damjang" uid="97922" lat="45.6576822" lon="13.8303241"/>
 <node id="777417407" visible="true" version="1" changeset="5028742" timestamp="2010-06-19T23:25:02Z" user="damjang" uid="97922" lat="45.6583442" lon="13.8276110"/>
 <node id="777417412" visible="true" version="1" changeset="5028742" timestamp="2010-06-19T23:25:02Z" user="damjang" uid="97922" lat="45.6576664" lon="13.8275843"/>
 <node id="777417414" visible="true" version="1" changeset="5028742" timestamp="2010-06-19T23:25:02Z" user="damjang" uid="97922" lat="45.6572546" lon="13.8293560"/>
 <node id="777417415" visible="true" version="1" changeset="5028742" timestamp="2010-06-19T23:25:02Z" user="damjang" uid="97922" lat="45.6582747" lon="13.8288601"/>
 <node id="777417417" visible="true" version="1" changeset="5028742" timestamp="2010-06-19T23:25:02Z" user="damjang" uid="97922" lat="45.6574481" lon="13.8281846"/>
 <node id="777417419" visible="true" version="1" changeset="5028742" timestamp="2010-06-19T23:25:03Z" user="damjang" uid="97922" lat="45.6581407" lon="13.8276661"/>
 <node id="777417421" visible="true" version="1" changeset="5028742" timestamp="2010-06-19T23:25:03Z" user="damjang" uid="97922" lat="45.6571236" lon="13.8275881"/>
 <node id="777417424" visible="true" version="1" changeset="5028742" timestamp="2010-06-19T23:25:03Z" user="damjang" uid="97922" lat="45.6568445" lon="13.8289252"/>
 <node id="777417427" visible="true" version="1" changeset="5028742" timestamp="2010-06-19T23:25:03Z" user="damjang" uid="97922" lat="45.6578240" lon="13.8305908"/>
 <node id="777417430" visible="true" version="1" changeset="5028742" timestamp="2010-06-19T23:25:03Z" user="damjang" uid="97922" lat="45.6585600" lon="13.8280892"/>
 <node id="777417432" visible="true" version="1" changeset="5028742" timestamp="2010-06-19T23:25:03Z" user="damjang" uid="97922" lat="45.6584698" lon="13.8302606"/>
 <node id="777417434" visible="true" version="3" changeset="51855798" timestamp="2017-09-08T18:13:45Z" user="KarmaCleaner" uid="6604853" lat="45.6589256" lon="13.8309884"/>
 <node id="777417437" visible="true" version="1" changeset="5028742" timestamp="2010-06-19T23:25:03Z" user="damjang" uid="97922" lat="45.6575704" lon="13.8282358"/>
 <node id="777417442" visible="true" version="1" changeset="5028742" timestamp="2010-06-19T23:25:03Z" user="damjang" uid="97922" lat="45.6564975" lon="13.8290584"/>
 <node id="777417445" visible="true" version="1" changeset="5028742" timestamp="2010-06-19T23:25:03Z" user="damjang" uid="97922" lat="45.6568959" lon="13.8292712"/>
 <node id="777417447" visible="true" version="1" changeset="5028742" timestamp="2010-06-19T23:25:03Z" user="damjang" uid="97922" lat="45.6578291" lon="13.8305353"/>
 <node id="777417472" visible="true" version="1" changeset="5028742" timestamp="2010-06-19T23:25:04Z" user="damjang" uid="97922" lat="45.6555364" lon="13.8279382"/>
 <node id="777417474" visible="true" version="1" changeset="5028742" timestamp="2010-06-19T23:25:04Z" user="damjang" uid="97922" lat="45.6569171" lon="13.8278159"/>
 <node id="777417477" visible="true" version="1" changeset="5028742" timestamp="2010-06-19T23:25:04Z" user="damjang" uid="97922" lat="45.6573793" lon="13.8300068"/>
 <node id="777417479" visible="true" version="1" changeset="5028742" timestamp="2010-06-19T23:25:04Z" user="damjang" uid="97922" lat="45.6575285" lon="13.8277654"/>
 <node id="777417482" visible="true" version="1" changeset="5028742" timestamp="2010-06-19T23:25:04Z" user="damjang" uid="97922" lat="45.6590504" lon="13.8299709"/>
 <node id="777417485" visible="true" version="1" changeset="5028742" timestamp="2010-06-19T23:25:04Z" user="damjang" uid="97922" lat="45.6573636" lon="13.8282929"/>
 <node id="777417486" visible="true" version="3" changeset="98324325" timestamp="2021-01-28T23:30:36Z" user="damjang" uid="97922" lat="45.6563184" lon="13.8299835"/>
 <node id="777417488" visible="true" version="1" changeset="5028742" timestamp="2010-06-19T23:25:04Z" user="damjang" uid="97922" lat="45.6583923" lon="13.8305725"/>
 <node id="777417490" visible="true" version="1" changeset="5028742" timestamp="2010-06-19T23:25:04Z" user="damjang" uid="97922" lat="45.6572153" lon="13.8292666"/>
 <node id="777417492" visible="true" version="1" changeset="5028742" timestamp="2010-06-19T23:25:04Z" user="damjang" uid="97922" lat="45.6581396" lon="13.8284096"/>
 <node id="777417494" visible="true" version="1" changeset="5028742" timestamp="2010-06-19T23:25:04Z" user="damjang" uid="97922" lat="45.6565427" lon="13.8293079"/>
 <node id="777417495" visible="true" version="1" changeset="5028742" timestamp="2010-06-19T23:25:04Z" user="damjang" uid="97922" lat="45.6579214" lon="13.8297933"/>
 <node id="777417497" visible="true" version="1" changeset="5028742" timestamp="2010-06-19T23:25:04Z" user="damjang" uid="97922" lat="45.6559718" lon="13.8284114"/>
 <node id="777417500" visible="true" version="1" changeset="5028742" timestamp="2010-06-19T23:25:04Z" user="damjang" uid="97922" lat="45.6570086" lon="13.8292030"/>
 <node id="777417503" visible="true" version="1" changeset="5028742" timestamp="2010-06-19T23:25:04Z" user="damjang" uid="97922" lat="45.6578261" lon="13.8303596"/>
 <node id="777417506" visible="true" version="1" changeset="5028742" timestamp="2010-06-19T23:25:04Z" user="damjang" uid="97922" lat="45.6573003" lon="13.8302342"/>
 <node id="777417507" visible="true" version="3" changeset="98324325" timestamp="2021-01-28T23:30:36Z" user="damjang" uid="97922" lat="45.6562956" lon="13.8299164"/>
 <node id="777417510" visible="true" version="1" changeset="5028742" timestamp="2010-06-19T23:25:04Z" user="damjang" uid="97922" lat="45.6587326" lon="13.8275419"/>
 <node id="777417513" visible="true" version="1" changeset="5028742" timestamp="2010-06-19T23:25:04Z" user="damjang" uid="97922" lat="45.6576899" lon="13.8296959"/>
 <node id="777417516" visible="true" version="1" changeset="5028742" timestamp="2010-06-19T23:25:04Z" user="damjang" uid="97922" lat="45.6577308" lon="13.8283034"/>
 <node id="777417530" visible="true" version="1" changeset="5028742" timestamp="2010-06-19T23:25:05Z" user="damjang" uid="97922" lat="45.6554006" lon="13.8277449"/>
 <node id="777417534" visible="true" version="1" changeset="5028742" timestamp="2010-06-19T23:25:08Z" user="damjang" uid="97922" lat="45.6575020" lon="13.8274168"/>
 <node id="777417535" visible="true" version="1" changeset="5028742" timestamp="2010-06-19T23:25:08Z" user="damjang" uid="97922" lat="45.6568900" lon="13.8276430"/>
 <node id="777417541" visible="true" version="1" changeset="5028742" timestamp="2010-06-19T23:25:08Z" user="damjang" uid="97922" lat="45.6583138" lon="13.8275133"/>
 <node id="777417544" visible="true" version="1" changeset="5028742" timestamp="2010-06-19T23:25:08Z" user="damjang" uid="97922" lat="45.6589112" lon="13.8300751"/>
 <node id="777417546" visible="true" version="1" changeset="5028742" timestamp="2010-06-19T23:25:08Z" user="damjang" uid="97922" lat="45.6592107" lon="13.8304174"/>
 <node id="777417549" visible="true" version="1" changeset="5028742" timestamp="2010-06-19T23:25:08Z" user="damjang" uid="97922" lat="45.6588594" lon="13.8297310"/>
 <node id="777417551" visible="true" version="1" changeset="5028742" timestamp="2010-06-19T23:25:08Z" user="damjang" uid="97922" lat="45.6554363" lon="13.8301731"/>
 <node id="777417553" visible="true" version="1" changeset="5028742" timestamp="2010-06-19T23:25:09Z" user="damjang" uid="97922" lat="45.6586921" lon="13.8281756"/>
 <node id="777417556" visible="true" version="1" changeset="5028742" timestamp="2010-06-19T23:25:09Z" user="damjang" uid="97922" lat="45.6588472" lon="13.8281961"/>
 <node id="777417559" visible="true" version="1" changeset="5028742" timestamp="2010-06-19T23:25:09Z" user="damjang" uid="97922" lat="45.6571757" lon="13.8274763"/>
 <node id="777417561" visible="true" version="1" changeset="5028742" timestamp="2010-06-19T23:25:09Z" user="damjang" uid="97922" lat="45.6577231" lon="13.8278637"/>
 <node id="777417566" visible="true" version="1" changeset="5028742" timestamp="2010-06-19T23:25:09Z" user="damjang" uid="97922" lat="45.6588630" lon="13.8298374"/>
 <node id="777417569" visible="true" version="1" changeset="5028742" timestamp="2010-06-19T23:25:09Z" user="damjang" uid="97922" lat="45.6555532" lon="13.8279937"/>
 <node id="777417570" visible="true" version="1" changeset="5028742" timestamp="2010-06-19T23:25:09Z" user="damjang" uid="97922" lat="45.6573294" lon="13.8281614"/>
 <node id="777417573" visible="true" version="1" changeset="5028742" timestamp="2010-06-19T23:25:09Z" user="damjang" uid="97922" lat="45.6589739" lon="13.8300080"/>
 <node id="777417576" visible="true" version="1" changeset="5028742" timestamp="2010-06-19T23:25:09Z" user="damjang" uid="97922" lat="45.6585920" lon="13.8286527"/>
 <node id="777417579" visible="true" version="1" changeset="5028742" timestamp="2010-06-19T23:25:09Z" user="damjang" uid="97922" lat="45.6589037" lon="13.8303476"/>
 <node id="777417596" visible="true" version="1" changeset="5028742" timestamp="2010-06-19T23:25:11Z" user="damjang" uid="97922" lat="45.6571213" lon="13.8295653"/>
 <node id="777417597" visible="true" version="1" changeset="5028742" timestamp="2010-06-19T23:25:11Z" user="damjang" uid="97922" lat="45.6585959" lon="13.8287804"/>
 <node id="777417600" visible="true" version="1" changeset="5028742" timestamp="2010-06-19T23:25:11Z" user="damjang" uid="97922" lat="45.6565563" lon="13.8295225"/>
 <node id="777417602" visible="true" version="1" changeset="5028742" timestamp="2010-06-19T23:25:11Z" user="damjang" uid="97922" lat="45.6575858" lon="13.8305326"/>
 <node id="777417605" visible="true" version="1" changeset="5028742" timestamp="2010-06-19T23:25:11Z" user="damjang" uid="97922" lat="45.6577643" lon="13.8292133"/>
 <node id="777417612" visible="true" version="1" changeset="5028742" timestamp="2010-06-19T23:25:11Z" user="damjang" uid="97922" lat="45.6582581" lon="13.8276469"/>
 <node id="777417620" visible="true" version="1" changeset="5028742" timestamp="2010-06-19T23:25:11Z" user="damjang" uid="97922" lat="45.6574196" lon="13.8286944"/>
 <node id="777417623" visible="true" version="1" changeset="5028742" timestamp="2010-06-19T23:25:11Z" user="damjang" uid="97922" lat="45.6586737" lon="13.8296321"/>
 <node id="777417626" visible="true" version="1" changeset="5028742" timestamp="2010-06-19T23:25:11Z" user="damjang" uid="97922" lat="45.6568756" lon="13.8278926"/>
 <node id="777417628" visible="true" version="1" changeset="5028742" timestamp="2010-06-19T23:25:11Z" user="damjang" uid="97922" lat="45.6574768" lon="13.8301358"/>
 <node id="777417630" visible="true" version="1" changeset="5028742" timestamp="2010-06-19T23:25:11Z" user="damjang" uid="97922" lat="45.6553901" lon="13.8278008"/>
 <node id="777417633" visible="true" version="1" changeset="5028742" timestamp="2010-06-19T23:25:11Z" user="damjang" uid="97922" lat="45.6574555" lon="13.8300525"/>
 <node id="777417639" visible="true" version="1" changeset="5028742" timestamp="2010-06-19T23:25:11Z" user="damjang" uid="97922" lat="45.6586725" lon="13.8279514"/>
 <node id="777417642" visible="true" version="1" changeset="5028742" timestamp="2010-06-19T23:25:11Z" user="damjang" uid="97922" lat="45.6582690" lon="13.8302601"/>
 <node id="777417644" visible="true" version="1" changeset="5028742" timestamp="2010-06-19T23:25:11Z" user="damjang" uid="97922" lat="45.6580588" lon="13.8275671"/>
 <node id="777417674" visible="true" version="1" changeset="5028742" timestamp="2010-06-19T23:25:12Z" user="damjang" uid="97922" lat="45.6572670" lon="13.8293668"/>
 <node id="777417676" visible="true" version="1" changeset="5028742" timestamp="2010-06-19T23:25:12Z" user="damjang" uid="97922" lat="45.6582162" lon="13.8288783"/>
 <node id="777417678" visible="true" version="1" changeset="5028742" timestamp="2010-06-19T23:25:12Z" user="damjang" uid="97922" lat="45.6577256" lon="13.8279817"/>
 <node id="777417679" visible="true" version="1" changeset="5028742" timestamp="2010-06-19T23:25:12Z" user="damjang" uid="97922" lat="45.6561500" lon="13.8286740"/>
 <node id="777417681" visible="true" version="1" changeset="5028742" timestamp="2010-06-19T23:25:13Z" user="damjang" uid="97922" lat="45.6565948" lon="13.8294733"/>
 <node id="777417684" visible="true" version="1" changeset="5028742" timestamp="2010-06-19T23:25:13Z" user="damjang" uid="97922" lat="45.6568779" lon="13.8283663"/>
 <node id="777417686" visible="true" version="1" changeset="5028742" timestamp="2010-06-19T23:25:13Z" user="damjang" uid="97922" lat="45.6583422" lon="13.8304639"/>
 <node id="777417688" visible="true" version="1" changeset="5028742" timestamp="2010-06-19T23:25:13Z" user="damjang" uid="97922" lat="45.6579962" lon="13.8276523"/>
 <node id="777417690" visible="true" version="1" changeset="5028742" timestamp="2010-06-19T23:25:13Z" user="damjang" uid="97922" lat="45.6579617" lon="13.8300474"/>
 <node id="777417693" visible="true" version="4" changeset="143935065" timestamp="2023-11-12T14:15:49Z" user="Badojo" uid="8189075" lat="45.6576111" lon="13.8305181"/>
 <node id="777417696" visible="true" version="1" changeset="5028742" timestamp="2010-06-19T23:25:13Z" user="damjang" uid="97922" lat="45.6578806" lon="13.8282033">
  <tag k="barrier" v="entrance"/>
 </node>
 <node id="777417700" visible="true" version="1" changeset="5028742" timestamp="2010-06-19T23:25:13Z" user="damjang" uid="97922" lat="45.6571454" lon="13.8291323"/>
 <node id="777417706" visible="true" version="1" changeset="5028742" timestamp="2010-06-19T23:25:13Z" user="damjang" uid="97922" lat="45.6569223" lon="13.8294948"/>
 <node id="777417709" visible="true" version="1" changeset="5028742" timestamp="2010-06-19T23:25:13Z" user="damjang" uid="97922" lat="45.6578577" lon="13.8305309"/>
 <node id="777417711" visible="true" version="1" changeset="5028742" timestamp="2010-06-19T23:25:13Z" user="damjang" uid="97922" lat="45.6591048" lon="13.8299501"/>
 <node id="777417712" visible="true" version="1" changeset="5028742" timestamp="2010-06-19T23:25:13Z" user="damjang" uid="97922" lat="45.6582286" lon="13.8302184"/>
 <node id="777417714" visible="true" version="1" changeset="5028742" timestamp="2010-06-19T23:25:13Z" user="damjang" uid="97922" lat="45.6578832" lon="13.8297940">
  <tag k="barrier" v="entrance"/>
 </node>
 <node id="777417742" visible="true" version="1" changeset="5028742" timestamp="2010-06-19T23:25:14Z" user="damjang" uid="97922" lat="45.6590496" lon="13.8300790"/>
 <node id="777417747" visible="true" version="4" changeset="98324325" timestamp="2021-01-28T23:30:36Z" user="damjang" uid="97922" lat="45.6563755" lon="13.8299858"/>
 <node id="777417750" visible="true" version="1" changeset="5028742" timestamp="2010-06-19T23:25:14Z" user="damjang" uid="97922" lat="45.6582219" lon="13.8305994"/>
 <node id="777417753" visible="true" version="1" changeset="5028742" timestamp="2010-06-19T23:25:14Z" user="damjang" uid="97922" lat="45.6576088" lon="13.8303441"/>
 <node id="777417756" visible="true" version="1" changeset="5028742" timestamp="2010-06-19T23:25:14Z" user="damjang" uid="97922" lat="45.6580498" lon="13.8286706"/>
 <node id="777417758" visible="true" version="1" changeset="5028742" timestamp="2010-06-19T23:25:14Z" user="damjang" uid="97922" lat="45.6565705" lon="13.8294019"/>
 <node id="777417759" visible="true" version="1" changeset="5028742" timestamp="2010-06-19T23:25:14Z" user="damjang" uid="97922" lat="45.6580638" lon="13.8297274"/>
 <node id="777417760" visible="true" version="1" changeset="5028742" timestamp="2010-06-19T23:25:14Z" user="damjang" uid="97922" lat="45.6558463" lon="13.8282632"/>
 <node id="777417761" visible="true" version="1" changeset="5028742" timestamp="2010-06-19T23:25:14Z" user="damjang" uid="97922" lat="45.6569696" lon="13.8291665"/>
 <node id="777417762" visible="true" version="1" changeset="5028742" timestamp="2010-06-19T23:25:14Z" user="damjang" uid="97922" lat="45.6578625" lon="13.8303160"/>
 <node id="777417763" visible="true" version="1" changeset="5028742" timestamp="2010-06-19T23:25:15Z" user="damjang" uid="97922" lat="45.6589271" lon="13.8297454"/>
 <node id="777417767" visible="true" version="1" changeset="5028742" timestamp="2010-06-19T23:25:15Z" user="damjang" uid="97922" lat="45.6572351" lon="13.8301130"/>
 <node id="777417768" visible="true" version="1" changeset="5028742" timestamp="2010-06-19T23:25:15Z" user="damjang" uid="97922" lat="45.6586552" lon="13.8294197"/>
 <node id="777417770" visible="true" version="1" changeset="5028742" timestamp="2010-06-19T23:25:15Z" user="damjang" uid="97922" lat="45.6577340" lon="13.8297390"/>
 <node id="777417772" visible="true" version="2" changeset="122720399" timestamp="2022-06-22T16:53:06Z" user="darthravem" uid="2415747" lat="45.6569730" lon="13.8290503">
  <tag k="barrier" v="bollard"/>
  <tag k="bicycle" v="yes"/>
  <tag k="bollard" v="removable"/>
  <tag k="foot" v="yes"/>
 </node>
 <node id="777417776" visible="true" version="4" changeset="144784953" timestamp="2023-12-05T09:54:04Z" user="darthravem" uid="2415747" lat="45.6584434" lon="13.8274715">
  <tag k="check_date:crossing" v="2023-12-05"/>
  <tag k="crossing" v="uncontrolled"/>
  <tag k="crossing_ref" v="zebra"/>
  <tag k="highway" v="crossing"/>
  <tag k="kerb" v="raised"/>
  <tag k="tactile_paving" v="no"/>
 </node>
 <node id="777417779" visible="true" version="1" changeset="5028742" timestamp="2010-06-19T23:25:16Z" user="damjang" uid="97922" lat="45.6570280" lon="13.8282864"/>
 <node id="777417786" visible="true" version="1" changeset="5028742" timestamp="2010-06-19T23:25:17Z" user="damjang" uid="97922" lat="45.6575869" lon="13.8274804"/>
 <node id="777417788" visible="true" version="1" changeset="5028742" timestamp="2010-06-19T23:25:17Z" user="damjang" uid="97922" lat="45.6589472" lon="13.8295872"/>
 <node id="777417789" visible="true" version="1" changeset="5028742" timestamp="2010-06-19T23:25:17Z" user="damjang" uid="97922" lat="45.6591842" lon="13.8304451"/>
 <node id="777417791" visible="true" version="1" changeset="5028742" timestamp="2010-06-19T23:25:17Z" user="damjang" uid="97922" lat="45.6588622" lon="13.8297322"/>
 <node id="777417793" visible="true" version="4" changeset="143935065" timestamp="2023-11-12T14:15:49Z" user="Badojo" uid="8189075" lat="45.6551301" lon="13.8291374"/>
 <node id="777417795" visible="true" version="1" changeset="5028742" timestamp="2010-06-19T23:25:17Z" user="damjang" uid="97922" lat="45.6585101" lon="13.8277688"/>
 <node id="777417796" visible="true" version="1" changeset="5028742" timestamp="2010-06-19T23:25:17Z" user="damjang" uid="97922" lat="45.6576871" lon="13.8273187"/>
 <node id="777417798" visible="true" version="1" changeset="5028742" timestamp="2010-06-19T23:25:17Z" user="damjang" uid="97922" lat="45.6570384" lon="13.8276153"/>
 <node id="777417801" visible="true" version="1" changeset="5028742" timestamp="2010-06-19T23:25:17Z" user="damjang" uid="97922" lat="45.6581760" lon="13.8276827"/>
 <node id="777417803" visible="true" version="1" changeset="5028742" timestamp="2010-06-19T23:25:17Z" user="damjang" uid="97922" lat="45.6563431" lon="13.8292306"/>
 <node id="777417805" visible="true" version="1" changeset="5028742" timestamp="2010-06-19T23:25:17Z" user="damjang" uid="97922" lat="45.6588686" lon="13.8300099"/>
 <node id="777417806" visible="true" version="1" changeset="5028742" timestamp="2010-06-19T23:25:17Z" user="damjang" uid="97922" lat="45.6556896" lon="13.8281690"/>
 <node id="777417808" visible="true" version="1" changeset="5028742" timestamp="2010-06-19T23:25:18Z" user="damjang" uid="97922" lat="45.6570999" lon="13.8282167"/>
 <node id="777417812" visible="true" version="1" changeset="5028742" timestamp="2010-06-19T23:25:18Z" user="damjang" uid="97922" lat="45.6588939" lon="13.8288375"/>
 <node id="777417814" visible="true" version="1" changeset="5028742" timestamp="2010-06-19T23:25:18Z" user="damjang" uid="97922" lat="45.6587891" lon="13.8304506"/>
 <node id="777417815" visible="true" version="1" changeset="5028742" timestamp="2010-06-19T23:25:18Z" user="damjang" uid="97922" lat="45.6569653" lon="13.8293408"/>
 <node id="777417817" visible="true" version="1" changeset="5028742" timestamp="2010-06-19T23:25:18Z" user="damjang" uid="97922" lat="45.6585440" lon="13.8285098"/>
 <node id="777417819" visible="true" version="1" changeset="5028742" timestamp="2010-06-19T23:25:18Z" user="damjang" uid="97922" lat="45.6564720" lon="13.8296637"/>
 <node id="777417821" visible="true" version="1" changeset="5028742" timestamp="2010-06-19T23:25:18Z" user="damjang" uid="97922" lat="45.6576045" lon="13.8305450"/>
 <node id="777417832" visible="true" version="1" changeset="5028742" timestamp="2010-06-19T23:25:19Z" user="damjang" uid="97922" lat="45.6586622" lon="13.8297086"/>
 <node id="777417833" visible="true" version="1" changeset="5028742" timestamp="2010-06-19T23:25:19Z" user="damjang" uid="97922" lat="45.6576399" lon="13.8278539"/>
 <node id="777417835" visible="true" version="1" changeset="5028742" timestamp="2010-06-19T23:25:19Z" user="damjang" uid="97922" lat="45.6585208" lon="13.8272451"/>
 <node id="777417837" visible="true" version="1" changeset="5028742" timestamp="2010-06-19T23:25:19Z" user="damjang" uid="97922" lat="45.6571080" lon="13.8298629"/>
 <node id="777417838" visible="true" version="1" changeset="5028742" timestamp="2010-06-19T23:25:19Z" user="damjang" uid="97922" lat="45.6577376" lon="13.8284962"/>
 <node id="777417842" visible="true" version="1" changeset="5028742" timestamp="2010-06-19T23:25:19Z" user="damjang" uid="97922" lat="45.6574129" lon="13.8292512"/>
 <node id="777417844" visible="true" version="1" changeset="5028742" timestamp="2010-06-19T23:25:19Z" user="damjang" uid="97922" lat="45.6579247" lon="13.8290930"/>
 <node id="777417845" visible="true" version="1" changeset="5028742" timestamp="2010-06-19T23:25:19Z" user="damjang" uid="97922" lat="45.6569264" lon="13.8279190"/>
 <node id="777417847" visible="true" version="1" changeset="5028742" timestamp="2010-06-19T23:25:19Z" user="damjang" uid="97922" lat="45.6557731" lon="13.8282924"/>
 <node id="777417849" visible="true" version="1" changeset="5028742" timestamp="2010-06-19T23:25:19Z" user="damjang" uid="97922" lat="45.6568867" lon="13.8281583"/>
 <node id="777417851" visible="true" version="1" changeset="5028742" timestamp="2010-06-19T23:25:19Z" user="damjang" uid="97922" lat="45.6582252" lon="13.8287121"/>
 <node id="777417852" visible="true" version="1" changeset="5028742" timestamp="2010-06-19T23:25:19Z" user="damjang" uid="97922" lat="45.6588282" lon="13.8287141"/>
 <node id="777417854" visible="true" version="1" changeset="5028742" timestamp="2010-06-19T23:25:19Z" user="damjang" uid="97922" lat="45.6582170" lon="13.8300101"/>
 <node id="777417857" visible="true" version="1" changeset="5028742" timestamp="2010-06-19T23:25:19Z" user="damjang" uid="97922" lat="45.6584512" lon="13.8281672"/>
 <node id="777417859" visible="true" version="1" changeset="5028742" timestamp="2010-06-19T23:25:19Z" user="damjang" uid="97922" lat="45.6573815" lon="13.8296044"/>
 <node id="777417860" visible="true" version="1" changeset="5028742" timestamp="2010-06-19T23:25:19Z" user="damjang" uid="97922" lat="45.6582373" lon="13.8288721"/>
 <node id="777417862" visible="true" version="1" changeset="5028742" timestamp="2010-06-19T23:25:19Z" user="damjang" uid="97922" lat="45.6583929" lon="13.8281928"/>
 <node id="777417864" visible="true" version="1" changeset="5028742" timestamp="2010-06-19T23:25:19Z" user="damjang" uid="97922" lat="45.6561889" lon="13.8286836"/>
 <node id="777417866" visible="true" version="1" changeset="5028742" timestamp="2010-06-19T23:25:19Z" user="damjang" uid="97922" lat="45.6573446" lon="13.8274245"/>
 <node id="777417873" visible="true" version="1" changeset="5028742" timestamp="2010-06-19T23:25:20Z" user="damjang" uid="97922" lat="45.6567496" lon="13.8295910"/>
 <node id="777417874" visible="true" version="1" changeset="5028742" timestamp="2010-06-19T23:25:20Z" user="damjang" uid="97922" lat="45.6589089" lon="13.8302694"/>
 <node id="777417876" visible="true" version="1" changeset="5028742" timestamp="2010-06-19T23:25:20Z" user="damjang" uid="97922" lat="45.6579771" lon="13.8276592"/>
 <node id="777417878" visible="true" version="1" changeset="5028742" timestamp="2010-06-19T23:25:20Z" user="damjang" uid="97922" lat="45.6575782" lon="13.8275745"/>
 <node id="777417880" visible="true" version="1" changeset="5028742" timestamp="2010-06-19T23:25:20Z" user="damjang" uid="97922" lat="45.6587803" lon="13.8279965"/>
 <node id="777417882" visible="true" version="1" changeset="5028742" timestamp="2010-06-19T23:25:20Z" user="damjang" uid="97922" lat="45.6580802" lon="13.8283313"/>
 <node id="777417887" visible="true" version="1" changeset="5028742" timestamp="2010-06-19T23:25:20Z" user="damjang" uid="97922" lat="45.6565851" lon="13.8295233"/>
 <node id="777417889" visible="true" version="1" changeset="5028742" timestamp="2010-06-19T23:25:20Z" user="damjang" uid="97922" lat="45.6570341" lon="13.8298439"/>
 <node id="777417890" visible="true" version="1" changeset="5028742" timestamp="2010-06-19T23:25:20Z" user="damjang" uid="97922" lat="45.6582167" lon="13.8302564"/>
 <node id="777417892" visible="true" version="1" changeset="5028742" timestamp="2010-06-19T23:25:20Z" user="damjang" uid="97922" lat="45.6592575" lon="13.8301185"/>
 <node id="777417894" visible="true" version="1" changeset="5028742" timestamp="2010-06-19T23:25:20Z" user="damjang" uid="97922" lat="45.6581643" lon="13.8299680"/>
 <node id="777417896" visible="true" version="1" changeset="5028742" timestamp="2010-06-19T23:25:20Z" user="damjang" uid="97922" lat="45.6577219" lon="13.8279016">
  <tag k="crossing" v="uncontrolled"/>
  <tag k="crossing_ref" v="zebra"/>
  <tag k="highway" v="crossing"/>
 </node>
 <node id="777417898" visible="true" version="1" changeset="5028742" timestamp="2010-06-19T23:25:20Z" user="damjang" uid="97922" lat="45.6591691" lon="13.8303325"/>
 <node id="777417900" visible="true" version="1" changeset="5028742" timestamp="2010-06-19T23:25:20Z" user="damjang" uid="97922" lat="45.6585831" lon="13.8280170"/>
 <node id="777417903" visible="true" version="1" changeset="5028742" timestamp="2010-06-19T23:25:20Z" user="damjang" uid="97922" lat="45.6580128" lon="13.8292517"/>
 <node id="777417905" visible="true" version="1" changeset="5028742" timestamp="2010-06-19T23:25:20Z" user="damjang" uid="97922" lat="45.6577982" lon="13.8298728"/>
 <node id="777417913" visible="true" version="1" changeset="5028742" timestamp="2010-06-19T23:25:21Z" user="damjang" uid="97922" lat="45.6587852" lon="13.8291936"/>
 <node id="777417916" visible="true" version="1" changeset="5028742" timestamp="2010-06-19T23:25:21Z" user="damjang" uid="97922" lat="45.6580715" lon="13.8297322"/>
 <node id="777417918" visible="true" version="1" changeset="5028742" timestamp="2010-06-19T23:25:21Z" user="damjang" uid="97922" lat="45.6557408" lon="13.8280743"/>
 <node id="777417920" visible="true" version="1" changeset="5028742" timestamp="2010-06-19T23:25:21Z" user="damjang" uid="97922" lat="45.6570615" lon="13.8291659">
  <tag k="barrier" v="lift_gate"/>
  <tag k="bicycle" v="yes"/>
  <tag k="foot" v="yes"/>
 </node>
 <node id="777417922" visible="true" version="1" changeset="5028742" timestamp="2010-06-19T23:25:21Z" user="damjang" uid="97922" lat="45.6581616" lon="13.8299151">
  <tag k="barrier" v="bollard"/>
  <tag k="bicycle" v="yes"/>
  <tag k="foot" v="yes"/>
 </node>
 <node id="777417924" visible="true" version="1" changeset="5028742" timestamp="2010-06-19T23:25:22Z" user="damjang" uid="97922" lat="45.6580932" lon="13.8275258"/>
 <node id="777417926" visible="true" version="1" changeset="5028742" timestamp="2010-06-19T23:25:22Z" user="damjang" uid="97922" lat="45.6570891" lon="13.8299135"/>
 <node id="777417928" visible="true" version="1" changeset="5028742" timestamp="2010-06-19T23:25:22Z" user="damjang" uid="97922" lat="45.6577425" lon="13.8303730"/>
 <node id="777417930" visible="true" version="1" changeset="5028742" timestamp="2010-06-19T23:25:22Z" user="damjang" uid="97922" lat="45.6574124" lon="13.8296496"/>
 <node id="777417931" visible="true" version="1" changeset="5028742" timestamp="2010-06-19T23:25:22Z" user="damjang" uid="97922" lat="45.6563936" lon="13.8292155"/>
 <node id="777417935" visible="true" version="1" changeset="5028742" timestamp="2010-06-19T23:25:22Z" user="damjang" uid="97922" lat="45.6581684" lon="13.8277011"/>
 <node id="777417937" visible="true" version="1" changeset="5028742" timestamp="2010-06-19T23:25:22Z" user="damjang" uid="97922" lat="45.6569695" lon="13.8278362"/>
 <node id="777417942" visible="true" version="1" changeset="5028742" timestamp="2010-06-19T23:25:22Z" user="damjang" uid="97922" lat="45.6568781" lon="13.8289335"/>
 <node id="777417943" visible="true" version="1" changeset="5028742" timestamp="2010-06-19T23:25:22Z" user="damjang" uid="97922" lat="45.6588220" lon="13.8288251"/>
 <node id="777417945" visible="true" version="1" changeset="5028742" timestamp="2010-06-19T23:25:22Z" user="damjang" uid="97922" lat="45.6578705" lon="13.8306622"/>
 <node id="777417947" visible="true" version="1" changeset="5028742" timestamp="2010-06-19T23:25:23Z" user="damjang" uid="97922" lat="45.6584610" lon="13.8297626"/>
 <node id="777417948" visible="true" version="5" changeset="143935065" timestamp="2023-11-12T14:15:49Z" user="Badojo" uid="8189075" lat="45.6547702" lon="13.8284624"/>
 <node id="777417962" visible="true" version="1" changeset="5028742" timestamp="2010-06-19T23:25:24Z" user="damjang" uid="97922" lat="45.6579951" lon="13.8287927"/>
 <node id="777417964" visible="true" version="1" changeset="5028742" timestamp="2010-06-19T23:25:24Z" user="damjang" uid="97922" lat="45.6588640" lon="13.8287005"/>
 <node id="777417966" visible="true" version="1" changeset="5028742" timestamp="2010-06-19T23:25:24Z" user="damjang" uid="97922" lat="45.6570162" lon="13.8276130"/>
 <node id="777417968" visible="true" version="1" changeset="5028742" timestamp="2010-06-19T23:25:24Z" user="damjang" uid="97922" lat="45.6564122" lon="13.8290214"/>
 <node id="777417969" visible="true" version="1" changeset="5028742" timestamp="2010-06-19T23:25:24Z" user="damjang" uid="97922" lat="45.6566091" lon="13.8292486"/>
 <node id="777417971" visible="true" version="1" changeset="5028742" timestamp="2010-06-19T23:25:24Z" user="damjang" uid="97922" lat="45.6584138" lon="13.8303448"/>
 <node id="777417973" visible="true" version="1" changeset="5028742" timestamp="2010-06-19T23:25:24Z" user="damjang" uid="97922" lat="45.6553719" lon="13.8277182"/>
 <node id="777417974" visible="true" version="2" changeset="139294723" timestamp="2023-08-01T11:10:16Z" user="darthravem" uid="2415747" lat="45.6590939" lon="13.8302243">
  <tag k="historic" v="memorial"/>
  <tag k="memorial" v="war_memorial"/>
  <tag k="name" v="Prua della nave Elettra"/>
 </node>
 <node id="777417977" visible="true" version="1" changeset="5028742" timestamp="2010-06-19T23:25:24Z" user="damjang" uid="97922" lat="45.6589989" lon="13.8295948"/>
 <node id="777417978" visible="true" version="1" changeset="5028742" timestamp="2010-06-19T23:25:24Z" user="damjang" uid="97922" lat="45.6571977" lon="13.8287228"/>
 <node id="777417979" visible="true" version="1" changeset="5028742" timestamp="2010-06-19T23:25:24Z" user="damjang" uid="97922" lat="45.6584749" lon="13.8305209"/>
 <node id="777417980" visible="true" version="1" changeset="5028742" timestamp="2010-06-19T23:25:24Z" user="damjang" uid="97922" lat="45.6570858" lon="13.8298016"/>
 <node id="777417981" visible="true" version="1" changeset="5028742" timestamp="2010-06-19T23:25:24Z" user="damjang" uid="97922" lat="45.6582610" lon="13.8283219"/>
 <node id="777417982" visible="true" version="1" changeset="5028742" timestamp="2010-06-19T23:25:24Z" user="damjang" uid="97922" lat="45.6565252" lon="13.8295733"/>
 <node id="777417983" visible="true" version="1" changeset="5028742" timestamp="2010-06-19T23:25:24Z" user="damjang" uid="97922" lat="45.6578384" lon="13.8297719"/>
 <node id="777417985" visible="true" version="1" changeset="5028742" timestamp="2010-06-19T23:25:24Z" user="damjang" uid="97922" lat="45.6573044" lon="13.8281732"/>
 <node id="777417986" visible="true" version="1" changeset="5028742" timestamp="2010-06-19T23:25:24Z" user="damjang" uid="97922" lat="45.6576641" lon="13.8277791"/>
 <node id="777417987" visible="true" version="1" changeset="5028742" timestamp="2010-06-19T23:25:24Z" user="damjang" uid="97922" lat="45.6573130" lon="13.8302263"/>
 <node id="777417989" visible="true" version="1" changeset="5028742" timestamp="2010-06-19T23:25:24Z" user="damjang" uid="97922" lat="45.6587976" lon="13.8277073"/>
 <node id="777417991" visible="true" version="5" changeset="100988543" timestamp="2021-03-14T13:07:46Z" user="alessandrocarmeli" uid="12294600" lat="45.6562387" lon="13.8300288"/>
 <node id="777418003" visible="true" version="1" changeset="5028742" timestamp="2010-06-19T23:25:25Z" user="damjang" uid="97922" lat="45.6573262" lon="13.8290076"/>
 <node id="777418005" visible="true" version="1" changeset="5028742" timestamp="2010-06-19T23:25:25Z" user="damjang" uid="97922" lat="45.6581036" lon="13.8292100"/>
 <node id="777418007" visible="true" version="1" changeset="5028742" timestamp="2010-06-19T23:25:25Z" user="damjang" uid="97922" lat="45.6569253" lon="13.8294007"/>
 <node id="777418009" visible="true" version="1" changeset="5028742" timestamp="2010-06-19T23:25:25Z" user="damjang" uid="97922" lat="45.6556743" lon="13.8281772"/>
 <node id="777418010" visible="true" version="1" changeset="5028742" timestamp="2010-06-19T23:25:25Z" user="damjang" uid="97922" lat="45.6569169" lon="13.8277068"/>
 <node id="777418012" visible="true" version="1" changeset="5028742" timestamp="2010-06-19T23:25:25Z" user="damjang" uid="97922" lat="45.6585383" lon="13.8277021"/>
 <node id="777418014" visible="true" version="1" changeset="5028742" timestamp="2010-06-19T23:25:25Z" user="damjang" uid="97922" lat="45.6578109" lon="13.8296839"/>
 <node id="777418016" visible="true" version="1" changeset="5028742" timestamp="2010-06-19T23:25:25Z" user="damjang" uid="97922" lat="45.6589000" lon="13.8301969"/>
 <node id="777418017" visible="true" version="1" changeset="5028742" timestamp="2010-06-19T23:25:25Z" user="damjang" uid="97922" lat="45.6585655" lon="13.8288178"/>
 <node id="777418019" visible="true" version="1" changeset="5028742" timestamp="2010-06-19T23:25:25Z" user="damjang" uid="97922" lat="45.6586753" lon="13.8296967"/>
 <node id="777418021" visible="true" version="1" changeset="5028742" timestamp="2010-06-19T23:25:25Z" user="damjang" uid="97922" lat="45.6587136" lon="13.8288602"/>
 <node id="777418023" visible="true" version="1" changeset="5028742" timestamp="2010-06-19T23:25:25Z" user="damjang" uid="97922" lat="45.6583986" lon="13.8281891"/>
 <node id="777418024" visible="true" version="1" changeset="5028742" timestamp="2010-06-19T23:25:25Z" user="damjang" uid="97922" lat="45.6586008" lon="13.8304903"/>
 <node id="777418026" visible="true" version="1" changeset="5028742" timestamp="2010-06-19T23:25:25Z" user="damjang" uid="97922" lat="45.6571813" lon="13.8274565"/>
 <node id="777418028" visible="true" version="1" changeset="5028742" timestamp="2010-06-19T23:25:25Z" user="damjang" uid="97922" lat="45.6579346" lon="13.8285322"/>
 <node id="777418031" visible="true" version="1" changeset="5028742" timestamp="2010-06-19T23:25:25Z" user="damjang" uid="97922" lat="45.6581994" lon="13.8299312"/>
 <node id="777418042" visible="true" version="1" changeset="5028742" timestamp="2010-06-19T23:25:26Z" user="damjang" uid="97922" lat="45.6577562" lon="13.8276422"/>
 <node id="777418044" visible="true" version="1" changeset="5028742" timestamp="2010-06-19T23:25:26Z" user="damjang" uid="97922" lat="45.6578633" lon="13.8277500"/>
 <node id="777418045" visible="true" version="1" changeset="5028742" timestamp="2010-06-19T23:25:26Z" user="damjang" uid="97922" lat="45.6588140" lon="13.8281191"/>
 <node id="777418060" visible="true" version="1" changeset="5028742" timestamp="2010-06-19T23:25:26Z" user="damjang" uid="97922" lat="45.6583909" lon="13.8287207"/>
 <node id="777418063" visible="true" version="1" changeset="5028742" timestamp="2010-06-19T23:25:27Z" user="damjang" uid="97922" lat="45.6572848" lon="13.8306401"/>
 <node id="777418066" visible="true" version="1" changeset="5028742" timestamp="2010-06-19T23:25:28Z" user="damjang" uid="97922" lat="45.6578865" lon="13.8285776"/>
 <node id="777418068" visible="true" version="1" changeset="5028742" timestamp="2010-06-19T23:25:28Z" user="damjang" uid="97922" lat="45.6572376" lon="13.8286858"/>
 <node id="777418070" visible="true" version="1" changeset="5028742" timestamp="2010-06-19T23:25:28Z" user="damjang" uid="97922" lat="45.6582400" lon="13.8304943"/>
 <node id="777418072" visible="true" version="1" changeset="5028742" timestamp="2010-06-19T23:25:28Z" user="damjang" uid="97922" lat="45.6576523" lon="13.8293425"/>
 <node id="777418073" visible="true" version="1" changeset="5028742" timestamp="2010-06-19T23:25:28Z" user="damjang" uid="97922" lat="45.6574983" lon="13.8276540">
  <tag k="crossing" v="uncontrolled"/>
  <tag k="crossing_ref" v="zebra"/>
  <tag k="highway" v="crossing"/>
 </node>
 <node id="777418077" visible="true" version="1" changeset="5028742" timestamp="2010-06-19T23:25:28Z" user="damjang" uid="97922" lat="45.6583644" lon="13.8277139"/>
 <node id="777418080" visible="true" version="1" changeset="5028742" timestamp="2010-06-19T23:25:28Z" user="damjang" uid="97922" lat="45.6575901" lon="13.8291663"/>
 <node id="777418081" visible="true" version="1" changeset="5028742" timestamp="2010-06-19T23:25:28Z" user="damjang" uid="97922" lat="45.6587863" lon="13.8296683"/>
 <node id="777418082" visible="true" version="1" changeset="5028742" timestamp="2010-06-19T23:25:28Z" user="damjang" uid="97922" lat="45.6564203" lon="13.8291019"/>
 <node id="777418083" visible="true" version="1" changeset="5028742" timestamp="2010-06-19T23:25:28Z" user="damjang" uid="97922" lat="45.6578237" lon="13.8303168"/>
 <node id="777418084" visible="true" version="1" changeset="5028742" timestamp="2010-06-19T23:25:29Z" user="damjang" uid="97922" lat="45.6557169" lon="13.8280765"/>
 <node id="777418085" visible="true" version="1" changeset="5028742" timestamp="2010-06-19T23:25:29Z" user="damjang" uid="97922" lat="45.6576023" lon="13.8296942"/>
 <node id="777418086" visible="true" version="1" changeset="5028742" timestamp="2010-06-19T23:25:29Z" user="damjang" uid="97922" lat="45.6584711" lon="13.8276419"/>
 <node id="777418105" visible="true" version="4" changeset="160900934" timestamp="2025-01-02T10:40:50Z" user="darthravem" uid="2415747" lat="45.6571141" lon="13.8291659">
  <tag k="check_date:crossing" v="2023-07-31"/>
  <tag k="crossing" v="uncontrolled"/>
  <tag k="crossing_ref" v="zebra"/>
  <tag k="highway" v="crossing"/>
  <tag k="kerb" v="flush"/>
  <tag k="tactile_paving" v="no"/>
 </node>
 <node id="777418108" visible="true" version="1" changeset="5028742" timestamp="2010-06-19T23:25:30Z" user="damjang" uid="97922" lat="45.6587593" lon="13.8288095"/>
 <node id="777418110" visible="true" version="1" changeset="5028742" timestamp="2010-06-19T23:25:30Z" user="damjang" uid="97922" lat="45.6571270" lon="13.8295449"/>
 <node id="777418112" visible="true" version="1" changeset="5028742" timestamp="2010-06-19T23:25:30Z" user="damjang" uid="97922" lat="45.6582801" lon="13.8282503"/>
 <node id="777418113" visible="true" version="1" changeset="5028742" timestamp="2010-06-19T23:25:30Z" user="damjang" uid="97922" lat="45.6576682" lon="13.8291758"/>
 <node id="777418115" visible="true" version="1" changeset="5028742" timestamp="2010-06-19T23:25:30Z" user="damjang" uid="97922" lat="45.6580834" lon="13.8276303"/>
 <node id="777418117" visible="true" version="1" changeset="5028742" timestamp="2010-06-19T23:25:30Z" user="damjang" uid="97922" lat="45.6573040" lon="13.8274895"/>
 <node id="777418121" visible="true" version="1" changeset="5028742" timestamp="2010-06-19T23:25:30Z" user="damjang" uid="97922" lat="45.6568594" lon="13.8283838"/>
 <node id="777418123" visible="true" version="1" changeset="5028742" timestamp="2010-06-19T23:25:30Z" user="damjang" uid="97922" lat="45.6582401" lon="13.8304702"/>
 <node id="777418124" visible="true" version="2" changeset="98323862" timestamp="2021-01-28T23:18:09Z" user="damjang" uid="97922" lat="45.6575420" lon="13.8306157"/>
 <node id="777418126" visible="true" version="1" changeset="5028742" timestamp="2010-06-19T23:25:30Z" user="damjang" uid="97922" lat="45.6583849" lon="13.8297912"/>
 <node id="777418130" visible="true" version="1" changeset="5028742" timestamp="2010-06-19T23:25:30Z" user="damjang" uid="97922" lat="45.6579476" lon="13.8287472"/>
 <node id="777418132" visible="true" version="1" changeset="5028742" timestamp="2010-06-19T23:25:30Z" user="damjang" uid="97922" lat="45.6581982" lon="13.8274108"/>
 <node id="777418133" visible="true" version="1" changeset="5028742" timestamp="2010-06-19T23:25:30Z" user="damjang" uid="97922" lat="45.6568771" lon="13.8280039"/>
 <node id="777418135" visible="true" version="1" changeset="5028742" timestamp="2010-06-19T23:25:30Z" user="damjang" uid="97922" lat="45.6565200" lon="13.8290000"/>
 <node id="777418137" visible="true" version="1" changeset="5028742" timestamp="2010-06-19T23:25:30Z" user="damjang" uid="97922" lat="45.6568570" lon="13.8290528"/>
 <node id="777418138" visible="true" version="1" changeset="5028742" timestamp="2010-06-19T23:25:31Z" user="damjang" uid="97922" lat="45.6574067" lon="13.8302735"/>
 <node id="777418153" visible="true" version="1" changeset="5028742" timestamp="2010-06-19T23:25:31Z" user="damjang" uid="97922" lat="45.6571477" lon="13.8296333"/>
 <node id="777418155" visible="true" version="1" changeset="5028742" timestamp="2010-06-19T23:25:31Z" user="damjang" uid="97922" lat="45.6582057" lon="13.8297949">
  <tag k="amenity" v="bench"/>
  <tag k="backrest" v="yes"/>
 </node>
 <node id="777418158" visible="true" version="1" changeset="5028742" timestamp="2010-06-19T23:25:31Z" user="damjang" uid="97922" lat="45.6590069" lon="13.8295827"/>
 <node id="777418160" visible="true" version="1" changeset="5028742" timestamp="2010-06-19T23:25:31Z" user="damjang" uid="97922" lat="45.6574053" lon="13.8282350"/>
 <node id="777418161" visible="true" version="3" changeset="98324325" timestamp="2021-01-28T23:30:37Z" user="damjang" uid="97922" lat="45.6562476" lon="13.8300799"/>
 <node id="777418163" visible="true" version="1" changeset="5028742" timestamp="2010-06-19T23:25:31Z" user="damjang" uid="97922" lat="45.6583207" lon="13.8305945"/>
 <node id="777418165" visible="true" version="1" changeset="5028742" timestamp="2010-06-19T23:25:31Z" user="damjang" uid="97922" lat="45.6574562" lon="13.8301276"/>
 <node id="777418167" visible="true" version="1" changeset="5028742" timestamp="2010-06-19T23:25:31Z" user="damjang" uid="97922" lat="45.6579635" lon="13.8284895"/>
 <node id="777418168" visible="true" version="2" changeset="98324325" timestamp="2021-01-28T23:30:37Z" user="damjang" uid="97922" lat="45.6557806" lon="13.8286259"/>
 <node id="777418170" visible="true" version="1" changeset="5028742" timestamp="2010-06-19T23:25:31Z" user="damjang" uid="97922" lat="45.6578008" lon="13.8297084"/>
 <node id="777418172" visible="true" version="1" changeset="5028742" timestamp="2010-06-19T23:25:31Z" user="damjang" uid="97922" lat="45.6569694" lon="13.8284437"/>
 <node id="777418174" visible="true" version="1" changeset="5028742" timestamp="2010-06-19T23:25:31Z" user="damjang" uid="97922" lat="45.6576758" lon="13.8278271"/>
 <node id="777418176" visible="true" version="1" changeset="5028742" timestamp="2010-06-19T23:25:31Z" user="damjang" uid="97922" lat="45.6572210" lon="13.8301213"/>
 <node id="777418177" visible="true" version="1" changeset="5028742" timestamp="2010-06-19T23:25:32Z" user="damjang" uid="97922" lat="45.6585464" lon="13.8272675"/>
 <node id="777418179" visible="true" version="3" changeset="98324325" timestamp="2021-01-28T23:30:37Z" user="damjang" uid="97922" lat="45.6562535" lon="13.8299605"/>
 <node id="777418182" visible="true" version="1" changeset="5028742" timestamp="2010-06-19T23:25:32Z" user="damjang" uid="97922" lat="45.6574129" lon="13.8299751"/>
 <node id="777418184" visible="true" version="1" changeset="5028742" timestamp="2010-06-19T23:25:32Z" user="damjang" uid="97922" lat="45.6562503" lon="13.8294297"/>
 <node id="777418185" visible="true" version="1" changeset="5028742" timestamp="2010-06-19T23:25:32Z" user="damjang" uid="97922" lat="45.6574961" lon="13.8297140"/>
 <node id="777418196" visible="true" version="1" changeset="5028742" timestamp="2010-06-19T23:25:32Z" user="damjang" uid="97922" lat="45.6569363" lon="13.8276659"/>
 <node id="777418198" visible="true" version="1" changeset="5028742" timestamp="2010-06-19T23:25:32Z" user="damjang" uid="97922" lat="45.6581028" lon="13.8274510"/>
 <node id="777418204" visible="true" version="1" changeset="5028742" timestamp="2010-06-19T23:25:32Z" user="damjang" uid="97922" lat="45.6576904" lon="13.8292704"/>
 <node id="777418205" visible="true" version="1" changeset="5028742" timestamp="2010-06-19T23:25:32Z" user="damjang" uid="97922" lat="45.6586488" lon="13.8296647"/>
 <node id="777418207" visible="true" version="1" changeset="5028742" timestamp="2010-06-19T23:25:32Z" user="damjang" uid="97922" lat="45.6587552" lon="13.8289840"/>
 <node id="777418208" visible="true" version="1" changeset="5028742" timestamp="2010-06-19T23:25:32Z" user="damjang" uid="97922" lat="45.6585413" lon="13.8282852"/>
 <node id="777418210" visible="true" version="1" changeset="5028742" timestamp="2010-06-19T23:25:33Z" user="damjang" uid="97922" lat="45.6587986" lon="13.8279927"/>
 <node id="777418212" visible="true" version="1" changeset="5028742" timestamp="2010-06-19T23:25:33Z" user="damjang" uid="97922" lat="45.6568878" lon="13.8281181"/>
 <node id="777418213" visible="true" version="1" changeset="5028742" timestamp="2010-06-19T23:25:33Z" user="damjang" uid="97922" lat="45.6579472" lon="13.8277212"/>
 <node id="777418215" visible="true" version="1" changeset="5028742" timestamp="2010-06-19T23:25:33Z" user="damjang" uid="97922" lat="45.6573558" lon="13.8304502"/>
 <node id="777418217" visible="true" version="1" changeset="5028742" timestamp="2010-06-19T23:25:33Z" user="damjang" uid="97922" lat="45.6588886" lon="13.8299160"/>
 <node id="777418218" visible="true" version="1" changeset="5028742" timestamp="2010-06-19T23:25:33Z" user="damjang" uid="97922" lat="45.6556313" lon="13.8281173"/>
 <node id="777418220" visible="true" version="1" changeset="5028742" timestamp="2010-06-19T23:25:33Z" user="damjang" uid="97922" lat="45.6576665" lon="13.8276841"/>
 <node id="777418222" visible="true" version="1" changeset="5028742" timestamp="2010-06-19T23:25:33Z" user="damjang" uid="97922" lat="45.6589507" lon="13.8297237"/>
 <node id="777418224" visible="true" version="1" changeset="5028742" timestamp="2010-06-19T23:25:33Z" user="damjang" uid="97922" lat="45.6585839" lon="13.8287173"/>
 <node id="777418225" visible="true" version="1" changeset="5028742" timestamp="2010-06-19T23:25:33Z" user="damjang" uid="97922" lat="45.6588702" lon="13.8304026"/>
 <node id="777418227" visible="true" version="1" changeset="5028742" timestamp="2010-06-19T23:25:33Z" user="damjang" uid="97922" lat="45.6570251" lon="13.8292736"/>
 <node id="777418229" visible="true" version="1" changeset="5028742" timestamp="2010-06-19T23:25:33Z" user="damjang" uid="97922" lat="45.6584531" lon="13.8285990"/>
 <node id="777418244" visible="true" version="2" changeset="98324325" timestamp="2021-01-28T23:30:37Z" user="damjang" uid="97922" lat="45.6563102" lon="13.8293736"/>
 <node id="777418245" visible="true" version="1" changeset="5028742" timestamp="2010-06-19T23:25:34Z" user="damjang" uid="97922" lat="45.6576684" lon="13.8305968"/>
 <node id="777418247" visible="true" version="1" changeset="5028742" timestamp="2010-06-19T23:25:34Z" user="damjang" uid="97922" lat="45.6578369" lon="13.8291746"/>
 <node id="777418253" visible="true" version="2" changeset="20900765" timestamp="2014-03-04T00:31:41Z" user="damjang" uid="97922" lat="45.6582353" lon="13.8285195">
  <tag k="amenity" v="bench"/>
  <tag k="backrest" v="yes"/>
  <tag k="surface" v="paved"/>
 </node>
 <node id="777418255" visible="true" version="3" changeset="139244260" timestamp="2023-07-31T09:28:59Z" user="darthravem" uid="2415747" lat="45.6570608" lon="13.8298363">
  <tag k="check_date:crossing" v="2023-07-31"/>
  <tag k="crossing" v="uncontrolled"/>
  <tag k="crossing_ref" v="zebra"/>
  <tag k="highway" v="crossing"/>
  <tag k="tactile_paving" v="no"/>
 </node>
 <node id="777418262" visible="true" version="1" changeset="5028742" timestamp="2010-06-19T23:25:34Z" user="damjang" uid="97922" lat="45.6575718" lon="13.8287465"/>
 <node id="777418263" visible="true" version="1" changeset="5028742" timestamp="2010-06-19T23:25:34Z" user="damjang" uid="97922" lat="45.6581448" lon="13.8274269"/>
 <node id="777418265" visible="true" version="1" changeset="5028742" timestamp="2010-06-19T23:25:34Z" user="damjang" uid="97922" lat="45.6578803" lon="13.8303377"/>
 <node id="777418267" visible="true" version="1" changeset="5028742" timestamp="2010-06-19T23:25:34Z" user="damjang" uid="97922" lat="45.6556095" lon="13.8278833"/>
 <node id="777418269" visible="true" version="2" changeset="121790527" timestamp="2022-06-01T03:23:12Z" user="EvanE" uid="184969" lat="45.6572615" lon="13.8297785"/>
 <node id="777418273" visible="true" version="1" changeset="5028742" timestamp="2010-06-19T23:25:34Z" user="damjang" uid="97922" lat="45.6587527" lon="13.8282414"/>
 <node id="777418274" visible="true" version="1" changeset="5028742" timestamp="2010-06-19T23:25:34Z" user="damjang" uid="97922" lat="45.6582378" lon="13.8301028"/>
 <node id="777418276" visible="true" version="1" changeset="5028742" timestamp="2010-06-19T23:25:34Z" user="damjang" uid="97922" lat="45.6579584" lon="13.8276933"/>
 <node id="777418279" visible="true" version="1" changeset="5028742" timestamp="2010-06-19T23:25:34Z" user="damjang" uid="97922" lat="45.6572605" lon="13.8292942"/>
 <node id="777418280" visible="true" version="1" changeset="5028742" timestamp="2010-06-19T23:25:34Z" user="damjang" uid="97922" lat="45.6582700" lon="13.8288651"/>
 <node id="777418286" visible="true" version="1" changeset="5028742" timestamp="2010-06-19T23:25:35Z" user="damjang" uid="97922" lat="45.6574386" lon="13.8281293"/>
 <node id="777418288" visible="true" version="1" changeset="5028742" timestamp="2010-06-19T23:25:35Z" user="damjang" uid="97922" lat="45.6580834" lon="13.8276171"/>
 <node id="777418289" visible="true" version="1" changeset="5028742" timestamp="2010-06-19T23:25:35Z" user="damjang" uid="97922" lat="45.6573434" lon="13.8274841"/>
 <node id="777418292" visible="true" version="1" changeset="5028742" timestamp="2010-06-19T23:25:35Z" user="damjang" uid="97922" lat="45.6568883" lon="13.8283841"/>
 <node id="777418302" visible="true" version="1" changeset="5028742" timestamp="2010-06-19T23:25:37Z" user="damjang" uid="97922" lat="45.6583323" lon="13.8304545"/>
 <node id="777418304" visible="true" version="1" changeset="5028742" timestamp="2010-06-19T23:25:37Z" user="damjang" uid="97922" lat="45.6570645" lon="13.8282700"/>
 <node id="777418306" visible="true" version="1" changeset="5028742" timestamp="2010-06-19T23:25:37Z" user="damjang" uid="97922" lat="45.6587304" lon="13.8300710"/>
 <node id="777418308" visible="true" version="1" changeset="5028742" timestamp="2010-06-19T23:25:37Z" user="damjang" uid="97922" lat="45.6589190" lon="13.8302294"/>
 <node id="777418309" visible="true" version="1" changeset="5028742" timestamp="2010-06-19T23:25:38Z" user="damjang" uid="97922" lat="45.6577086" lon="13.8279267"/>
 <node id="777418313" visible="true" version="1" changeset="5028742" timestamp="2010-06-19T23:25:38Z" user="damjang" uid="97922" lat="45.6570416" lon="13.8291387"/>
 <node id="777418316" visible="true" version="1" changeset="5028742" timestamp="2010-06-19T23:25:38Z" user="damjang" uid="97922" lat="45.6568128" lon="13.8295649"/>
 <node id="777418318" visible="true" version="1" changeset="5028742" timestamp="2010-06-19T23:25:38Z" user="damjang" uid="97922" lat="45.6582509" lon="13.8304002"/>
 <node id="777418320" visible="true" version="1" changeset="5028742" timestamp="2010-06-19T23:25:38Z" user="damjang" uid="97922" lat="45.6556790" lon="13.8280967"/>
 <node id="777418321" visible="true" version="1" changeset="5028742" timestamp="2010-06-19T23:25:38Z" user="damjang" uid="97922" lat="45.6572759" lon="13.8297281"/>
 <node id="777418323" visible="true" version="3" changeset="5356113" timestamp="2010-07-30T16:20:32Z" user="user_5359" uid="5359" lat="45.6571831" lon="13.8284359">
  <tag k="amenity" v="restaurant; cafeteria"/>
  <tag k="opening_hours" v="Mo-Fr 12:00-14:30"/>
 </node>
 <node id="777418326" visible="true" version="1" changeset="5028742" timestamp="2010-06-19T23:25:38Z" user="damjang" uid="97922" lat="45.6590128" lon="13.8297351"/>
 <node id="777418328" visible="true" version="1" changeset="5028742" timestamp="2010-06-19T23:25:38Z" user="damjang" uid="97922" lat="45.6585320" lon="13.8275215"/>
 <node id="777418346" visible="true" version="4" changeset="98324325" timestamp="2021-01-28T23:30:37Z" user="damjang" uid="97922" lat="45.6561710" lon="13.8296991"/>
 <node id="777418348" visible="true" version="1" changeset="5028742" timestamp="2010-06-19T23:25:39Z" user="damjang" uid="97922" lat="45.6581503" lon="13.8306199"/>
 <node id="777418350" visible="true" version="1" changeset="5028742" timestamp="2010-06-19T23:25:39Z" user="damjang" uid="97922" lat="45.6577970" lon="13.8301654"/>
 <node id="777418352" visible="true" version="1" changeset="5028742" timestamp="2010-06-19T23:25:39Z" user="damjang" uid="97922" lat="45.6580064" lon="13.8289302"/>
 <node id="777418356" visible="true" version="1" changeset="5028742" timestamp="2010-06-19T23:25:39Z" user="damjang" uid="97922" lat="45.6580219" lon="13.8296796"/>
 <node id="777418357" visible="true" version="1" changeset="5028742" timestamp="2010-06-19T23:25:39Z" user="damjang" uid="97922" lat="45.6560009" lon="13.8284877"/>
 <node id="777418359" visible="true" version="1" changeset="5028742" timestamp="2010-06-19T23:25:39Z" user="damjang" uid="97922" lat="45.6571735" lon="13.8286941"/>
 <node id="777418362" visible="true" version="1" changeset="5028742" timestamp="2010-06-19T23:25:39Z" user="damjang" uid="97922" lat="45.6569925" lon="13.8298508">
  <tag k="traffic_calming" v="bump"/>
 </node>
 <node id="777418365" visible="true" version="2" changeset="86760155" timestamp="2020-06-17T08:11:14Z" user="Badojo" uid="8189075" lat="45.6583994" lon="13.8274398"/>
 <node id="777418367" visible="true" version="1" changeset="5028742" timestamp="2010-06-19T23:25:39Z" user="damjang" uid="97922" lat="45.6571879" lon="13.8300582"/>
 <node id="777418369" visible="true" version="1" changeset="5028742" timestamp="2010-06-19T23:25:39Z" user="damjang" uid="97922" lat="45.6586604" lon="13.8292662"/>
 <node id="777418372" visible="true" version="1" changeset="5028742" timestamp="2010-06-19T23:25:39Z" user="damjang" uid="97922" lat="45.6577825" lon="13.8297336"/>
 <node id="777418375" visible="true" version="1" changeset="5028742" timestamp="2010-06-19T23:25:39Z" user="damjang" uid="97922" lat="45.6560696" lon="13.8284971"/>
 <node id="777418376" visible="true" version="1" changeset="5028742" timestamp="2010-06-19T23:25:39Z" user="damjang" uid="97922" lat="45.6571142" lon="13.8306245"/>
 <node id="777418378" visible="true" version="1" changeset="5028742" timestamp="2010-06-19T23:25:39Z" user="damjang" uid="97922" lat="45.6575043" lon="13.8274002"/>
 <node id="860274124" visible="true" version="3" changeset="105910756" timestamp="2021-06-06T10:15:33Z" user="alessandrocarmeli" uid="12294600" lat="45.6611745" lon="13.8303181"/>
 <node id="860300943" visible="true" version="1" changeset="5492281" timestamp="2010-08-14T16:28:02Z" user="Davide Prade" uid="12377" lat="45.6580964" lon="13.8254362"/>
 <node id="860300948" visible="true" version="2" changeset="15251260" timestamp="2013-03-04T20:34:56Z" user="Aris Milani" uid="1189125" lat="45.6553410" lon="13.8254879"/>
 <node id="860300951" visible="true" version="3" changeset="122962288" timestamp="2022-06-28T15:07:41Z" user="damjang" uid="97922" lat="45.6581739" lon="13.8254326"/>
 <node id="860300956" visible="true" version="3" changeset="122962288" timestamp="2022-06-28T15:07:41Z" user="damjang" uid="97922" lat="45.6559261" lon="13.8254508"/>
 <node id="860300969" visible="true" version="2" changeset="15251260" timestamp="2013-03-04T20:34:57Z" user="Aris Milani" uid="1189125" lat="45.6571570" lon="13.8254601"/>
 <node id="860300983" visible="true" version="3" changeset="122962288" timestamp="2022-06-28T15:07:41Z" user="damjang" uid="97922" lat="45.6566614" lon="13.8254695"/>
 <node id="860300995" visible="true" version="2" changeset="15251260" timestamp="2013-03-04T20:34:57Z" user="Aris Milani" uid="1189125" lat="45.6577299" lon="13.8254600"/>
 <node id="860542855" visible="true" version="1" changeset="5494099" timestamp="2010-08-14T20:02:34Z" user="Davide Prade" uid="12377" lat="45.6610466" lon="13.8264522"/>
 <node id="860542864" visible="true" version="1" changeset="5494099" timestamp="2010-08-14T20:02:34Z" user="Davide Prade" uid="12377" lat="45.6620156" lon="13.8256926"/>
 <node id="860542871" visible="true" version="1" changeset="5494099" timestamp="2010-08-14T20:02:34Z" user="Davide Prade" uid="12377" lat="45.6592626" lon="13.8273701"/>
 <node id="860542873" visible="true" version="1" changeset="5494099" timestamp="2010-08-14T20:02:34Z" user="Davide Prade" uid="12377" lat="45.6632119" lon="13.8248966"/>
 <node id="860542888" visible="true" version="1" changeset="5494099" timestamp="2010-08-14T20:02:36Z" user="Davide Prade" uid="12377" lat="45.6628785" lon="13.8250871"/>
 <node id="860542904" visible="true" version="1" changeset="5494099" timestamp="2010-08-14T20:02:37Z" user="Davide Prade" uid="12377" lat="45.6616328" lon="13.8260520"/>
 <node id="860542908" visible="true" version="1" changeset="5494099" timestamp="2010-08-14T20:02:37Z" user="Davide Prade" uid="12377" lat="45.6617928" lon="13.8259579"/>
 <node id="860542912" visible="true" version="1" changeset="5494099" timestamp="2010-08-14T20:02:37Z" user="Davide Prade" uid="12377" lat="45.6597232" lon="13.8271775"/>
 <node id="860542935" visible="true" version="1" changeset="5494099" timestamp="2010-08-14T20:02:39Z" user="Davide Prade" uid="12377" lat="45.6604858" lon="13.8268330"/>
 <node id="860542937" visible="true" version="1" changeset="5494099" timestamp="2010-08-14T20:02:39Z" user="Davide Prade" uid="12377" lat="45.6592832" lon="13.8276756"/>
 <node id="860542959" visible="true" version="1" changeset="5494099" timestamp="2010-08-14T20:02:41Z" user="Davide Prade" uid="12377" lat="45.6614055" lon="13.8262082"/>
 <node id="860542962" visible="true" version="1" changeset="5494099" timestamp="2010-08-14T20:02:41Z" user="Davide Prade" uid="12377" lat="45.6622998" lon="13.8254251"/>
 <node id="860542967" visible="true" version="1" changeset="5494099" timestamp="2010-08-14T20:02:41Z" user="Davide Prade" uid="12377" lat="45.6595527" lon="13.8272738"/>
 <node id="860542985" visible="true" version="1" changeset="5494099" timestamp="2010-08-14T20:02:42Z" user="Davide Prade" uid="12377" lat="45.6602705" lon="13.8269357"/>
 <node id="860542988" visible="true" version="1" changeset="5494099" timestamp="2010-08-14T20:02:43Z" user="Davide Prade" uid="12377" lat="45.6588895" lon="13.8276614"/>
 <node id="860543010" visible="true" version="1" changeset="5494099" timestamp="2010-08-14T20:02:44Z" user="Davide Prade" uid="12377" lat="45.6621637" lon="13.8255278"/>
 <node id="860543013" visible="true" version="1" changeset="5494099" timestamp="2010-08-14T20:02:44Z" user="Davide Prade" uid="12377" lat="45.6601778" lon="13.8269806"/>
 <node id="860543032" visible="true" version="1" changeset="5494099" timestamp="2010-08-14T20:02:46Z" user="Davide Prade" uid="12377" lat="45.6608268" lon="13.8266169"/>
 <node id="860543035" visible="true" version="1" changeset="5494099" timestamp="2010-08-14T20:02:46Z" user="Davide Prade" uid="12377" lat="45.6590484" lon="13.8276735"/>
 <node id="860543040" visible="true" version="1" changeset="5494099" timestamp="2010-08-14T20:02:46Z" user="Davide Prade" uid="12377" lat="45.6590682" lon="13.8273957"/>
 <node id="860543053" visible="true" version="1" changeset="5494099" timestamp="2010-08-14T20:02:47Z" user="Davide Prade" uid="12377" lat="45.6626886" lon="13.8251940"/>
 <node id="860543055" visible="true" version="1" changeset="5494099" timestamp="2010-08-14T20:02:47Z" user="Davide Prade" uid="12377" lat="45.6599355" lon="13.8270684"/>
 <node id="860543072" visible="true" version="1" changeset="5494099" timestamp="2010-08-14T20:02:48Z" user="Davide Prade" uid="12377" lat="45.6606758" lon="13.8267282"/>
 <node id="860543078" visible="true" version="2" changeset="28663100" timestamp="2015-02-06T22:25:47Z" user="Marco_T" uid="1227619" lat="45.6588592" lon="13.8274157"/>
 <node id="860543098" visible="true" version="1" changeset="5494099" timestamp="2010-08-14T20:02:49Z" user="Davide Prade" uid="12377" lat="45.6624792" lon="13.8253139"/>
 <node id="860543100" visible="true" version="1" changeset="5494099" timestamp="2010-08-14T20:02:49Z" user="Davide Prade" uid="12377" lat="45.6595524" lon="13.8276606"/>
 <node id="860543125" visible="true" version="1" changeset="5494099" timestamp="2010-08-14T20:02:50Z" user="Davide Prade" uid="12377" lat="45.6601670" lon="13.8276328"/>
 <node id="860543138" visible="true" version="1" changeset="5494099" timestamp="2010-08-14T20:02:51Z" user="Davide Prade" uid="12377" lat="45.6612186" lon="13.8263366"/>
 <node id="860543158" visible="true" version="1" changeset="5494099" timestamp="2010-08-14T20:02:51Z" user="Davide Prade" uid="12377" lat="45.6594286" lon="13.8273187"/>
 <node id="860543197" visible="true" version="1" changeset="5494099" timestamp="2010-08-14T20:02:53Z" user="Davide Prade" uid="12377" lat="45.6630893" lon="13.8249886"/>
 <node id="860543200" visible="true" version="1" changeset="5494099" timestamp="2010-08-14T20:02:53Z" user="Davide Prade" uid="12377" lat="45.6598365" lon="13.8276606"/>
 <node id="970666224" visible="true" version="3" changeset="115985720" timestamp="2022-01-10T15:14:03Z" user="Vaga Bond" uid="10229611" lat="45.6554446" lon="13.8169824"/>
 <node id="1039342152" visible="true" version="1" changeset="6668360" timestamp="2010-12-15T14:49:30Z" user="Davide Prade" uid="12377" lat="45.6459823" lon="13.8284320"/>
 <node id="1039342225" visible="true" version="2" changeset="83436055" timestamp="2020-04-12T18:32:51Z" user="Badojo" uid="8189075" lat="45.6425452" lon="13.8311735"/>
 <node id="1039342248" visible="true" version="1" changeset="6668360" timestamp="2010-12-15T14:49:34Z" user="Davide Prade" uid="12377" lat="45.6460283" lon="13.8273083"/>
 <node id="1039342268" visible="true" version="1" changeset="6668360" timestamp="2010-12-15T14:49:36Z" user="Davide Prade" uid="12377" lat="45.6445238" lon="13.8289421"/>
 <node id="1039342274" visible="true" version="1" changeset="6668360" timestamp="2010-12-15T14:49:36Z" user="Davide Prade" uid="12377" lat="45.6437204" lon="13.8300759"/>
 <node id="1039342296" visible="true" version="1" changeset="6668360" timestamp="2010-12-15T14:49:38Z" user="Davide Prade" uid="12377" lat="45.6461617" lon="13.8278627"/>
 <node id="1039342337" visible="true" version="1" changeset="6668360" timestamp="2010-12-15T14:49:40Z" user="Davide Prade" uid="12377" lat="45.6440291" lon="13.8292810"/>
 <node id="1039342347" visible="true" version="3" changeset="90610325" timestamp="2020-09-09T01:16:54Z" user="user_6400648" uid="6400648" lat="45.6433338" lon="13.8307853"/>
 <node id="1039342394" visible="true" version="2" changeset="83436055" timestamp="2020-04-12T18:32:51Z" user="Badojo" uid="8189075" lat="45.6417774" lon="13.8313473"/>
 <node id="1039342413" visible="true" version="2" changeset="106776891" timestamp="2021-06-22T12:29:19Z" user="alessandrocarmeli" uid="12294600" lat="45.6455908" lon="13.8286263"/>
 <node id="1039342426" visible="true" version="1" changeset="6668360" timestamp="2010-12-15T14:49:44Z" user="Davide Prade" uid="12377" lat="45.6434294" lon="13.8296004"/>
 <node id="1039342453" visible="true" version="1" changeset="6668360" timestamp="2010-12-15T14:49:47Z" user="Davide Prade" uid="12377" lat="45.6460456" lon="13.8270598"/>
 <node id="1039342469" visible="true" version="2" changeset="83436055" timestamp="2020-04-12T18:32:51Z" user="Badojo" uid="8189075" lat="45.6423726" lon="13.8305693"/>
 <node id="1039342470" visible="true" version="2" changeset="83436055" timestamp="2020-04-12T18:32:51Z" user="Badojo" uid="8189075" lat="45.6411301" lon="13.8322273"/>
 <node id="1039342493" visible="true" version="1" changeset="6668360" timestamp="2010-12-15T14:49:49Z" user="Davide Prade" uid="12377" lat="45.6450736" lon="13.8288829"/>
 <node id="1039342512" visible="true" version="1" changeset="6668360" timestamp="2010-12-15T14:49:50Z" user="Davide Prade" uid="12377" lat="45.6436997" lon="13.8299278"/>
 <node id="1039342574" visible="true" version="1" changeset="6668360" timestamp="2010-12-15T14:49:54Z" user="Davide Prade" uid="12377" lat="45.6460985" lon="13.8282626"/>
 <node id="1383501256" visible="true" version="2" changeset="84531163" timestamp="2020-05-02T17:43:36Z" user="user_6631989" uid="6631989" lat="45.6674333" lon="13.8030528"/>
 <node id="1383501260" visible="true" version="2" changeset="84531163" timestamp="2020-05-02T17:43:36Z" user="user_6631989" uid="6631989" lat="45.6675371" lon="13.8029946"/>
 <node id="1383516569" visible="true" version="2" changeset="83260365" timestamp="2020-04-08T14:50:58Z" user="user_10474167" uid="10474167" lat="45.6665376" lon="13.8032994"/>
 <node id="1383516588" visible="true" version="2" changeset="83260365" timestamp="2020-04-08T14:50:58Z" user="user_10474167" uid="10474167" lat="45.6670371" lon="13.8032932"/>
 <node id="1423981711" visible="true" version="1" changeset="9217257" timestamp="2011-09-05T12:29:26Z" user="Pierpa" uid="511139" lat="45.6556605" lon="13.8309318"/>
 <node id="1423981713" visible="true" version="1" changeset="9217257" timestamp="2011-09-05T12:29:26Z" user="Pierpa" uid="511139" lat="45.6559042" lon="13.8310927"/>
 <node id="1423981717" visible="true" version="1" changeset="9217257" timestamp="2011-09-05T12:29:26Z" user="Pierpa" uid="511139" lat="45.6557804" lon="13.8310391"/>
 <node id="1423981723" visible="true" version="2" changeset="118472621" timestamp="2022-03-14T14:34:12Z" user="Vaga Bond" uid="10229611" lat="45.6531422" lon="13.8316976"/>
 <node id="1423981772" visible="true" version="1" changeset="9217257" timestamp="2011-09-05T12:29:27Z" user="Pierpa" uid="511139" lat="45.6549218" lon="13.8311571"/>
 <node id="1423981787" visible="true" version="1" changeset="9217257" timestamp="2011-09-05T12:29:27Z" user="Pierpa" uid="511139" lat="45.6561217" lon="13.8311034"/>
 <node id="1423981865" visible="true" version="1" changeset="9217257" timestamp="2011-09-05T12:29:29Z" user="Pierpa" uid="511139" lat="45.6533319" lon="13.8315862"/>
 <node id="1423981924" visible="true" version="2" changeset="11072304" timestamp="2012-03-23T10:29:30Z" user="Davide Prade" uid="12377" lat="45.6543108" lon="13.8313054"/>
 <node id="1423981928" visible="true" version="1" changeset="9217257" timestamp="2011-09-05T12:29:30Z" user="Pierpa" uid="511139" lat="45.6545506" lon="13.8312483"/>
 <node id="1423981936" visible="true" version="1" changeset="9217257" timestamp="2011-09-05T12:29:30Z" user="Pierpa" uid="511139" lat="45.6537069" lon="13.8315862"/>
 <node id="1423981938" visible="true" version="3" changeset="98323862" timestamp="2021-01-28T23:18:09Z" user="damjang" uid="97922" lat="45.6569097" lon="13.8316868"/>
 <node id="1423981942" visible="true" version="1" changeset="9217257" timestamp="2011-09-05T12:29:31Z" user="Pierpa" uid="511139" lat="45.6568453" lon="13.8316667"/>
 <node id="1423981962" visible="true" version="1" changeset="9217257" timestamp="2011-09-05T12:29:31Z" user="Pierpa" uid="511139" lat="45.6527095" lon="13.8318330"/>
 <node id="1423981983" visible="true" version="1" changeset="9217257" timestamp="2011-09-05T12:29:31Z" user="Pierpa" uid="511139" lat="45.6530545" lon="13.8317901"/>
 <node id="1425029228" visible="true" version="3" changeset="111771455" timestamp="2021-09-27T14:17:52Z" user="alessandrocarmeli" uid="12294600" lat="45.6634855" lon="13.8056277"/>
 <node id="1425029238" visible="true" version="1" changeset="9225780" timestamp="2011-09-06T10:01:09Z" user="Davide Prade" uid="12377" lat="45.6636215" lon="13.8066869"/>
 <node id="1425029245" visible="true" version="1" changeset="9225780" timestamp="2011-09-06T10:01:09Z" user="Davide Prade" uid="12377" lat="45.6636911" lon="13.8058208"/>
 <node id="1425029255" visible="true" version="1" changeset="9225780" timestamp="2011-09-06T10:01:10Z" user="Davide Prade" uid="12377" lat="45.6637724" lon="13.8059383"/>
 <node id="1425029260" visible="true" version="1" changeset="9225780" timestamp="2011-09-06T10:01:10Z" user="Davide Prade" uid="12377" lat="45.6638224" lon="13.8059869"/>
 <node id="1425029263" visible="true" version="1" changeset="9225780" timestamp="2011-09-06T10:01:10Z" user="Davide Prade" uid="12377" lat="45.6638688" lon="13.8060073"/>
 <node id="1626854642" visible="true" version="2" changeset="32380070" timestamp="2015-07-03T06:41:05Z" user="geodreieck4711" uid="479256" lat="45.6572424" lon="13.8299442">
  <tag k="emergency" v="fire_hydrant"/>
  <tag k="ref" v="13"/>
 </node>
 <node id="1626854653" visible="true" version="4" changeset="139244465" timestamp="2023-07-31T09:28:15Z" user="darthravem" uid="2415747" lat="45.6575780" lon="13.8297226">
  <tag k="emergency" v="fire_hydrant"/>
  <tag k="fire_hydrant:position" v="parking_lot"/>
  <tag k="fire_hydrant:type" v="pillar"/>
  <tag k="ref" v="12"/>
 </node>
 <node id="1626854655" visible="true" version="4" changeset="160905112" timestamp="2025-01-02T12:36:07Z" user="darthravem" uid="2415747" lat="45.6576074" lon="13.8288415">
  <tag k="emergency" v="fire_hydrant"/>
  <tag k="fire_hydrant:position" v="green"/>
  <tag k="fire_hydrant:type" v="pillar"/>
  <tag k="ref" v="9"/>
 </node>
 <node id="1626854657" visible="true" version="4" changeset="139294760" timestamp="2023-08-01T11:13:24Z" user="darthravem" uid="2415747" lat="45.6576278" lon="13.8275003">
  <tag k="emergency" v="fire_hydrant"/>
  <tag k="fire_hydrant:position" v="green"/>
  <tag k="fire_hydrant:type" v="pillar"/>
 </node>
 <node id="1626854658" visible="true" version="2" changeset="32380070" timestamp="2015-07-03T06:41:06Z" user="geodreieck4711" uid="479256" lat="45.6576717" lon="13.8283457">
  <tag k="emergency" v="fire_hydrant"/>
  <tag k="ref" v="6"/>
 </node>
 <node id="1626854666" visible="true" version="4" changeset="160905112" timestamp="2025-01-02T12:35:32Z" user="darthravem" uid="2415747" lat="45.6577852" lon="13.8285251">
  <tag k="emergency" v="fire_hydrant"/>
  <tag k="fire_hydrant:position" v="green"/>
  <tag k="fire_hydrant:type" v="pillar"/>
  <tag k="ref" v="7"/>
 </node>
 <node id="1626854667" visible="true" version="4" changeset="160905112" timestamp="2025-01-02T12:35:09Z" user="darthravem" uid="2415747" lat="45.6579070" lon="13.8286249">
  <tag k="emergency" v="fire_hydrant"/>
  <tag k="fire_hydrant:position" v="green"/>
  <tag k="fire_hydrant:type" v="pillar"/>
 </node>
 <node id="1626854668" visible="true" version="2" changeset="32380070" timestamp="2015-07-03T06:41:06Z" user="geodreieck4711" uid="479256" lat="45.6579880" lon="13.8296433">
  <tag k="emergency" v="fire_hydrant"/>
  <tag k="ref" v="11"/>
 </node>
 <node id="1626854669" visible="true" version="4" changeset="160905112" timestamp="2025-01-02T12:34:51Z" user="darthravem" uid="2415747" lat="45.6580720" lon="13.8282689">
  <tag k="emergency" v="fire_hydrant"/>
  <tag k="fire_hydrant:position" v="green"/>
  <tag k="fire_hydrant:type" v="pillar"/>
  <tag k="ref" v="5"/>
 </node>
 <node id="1626854670" visible="true" version="4" changeset="160900769" timestamp="2025-01-02T10:36:22Z" user="darthravem" uid="2415747" lat="45.6581323" lon="13.8276309">
  <tag k="emergency" v="fire_hydrant"/>
  <tag k="fire_hydrant:position" v="green"/>
  <tag k="fire_hydrant:type" v="pillar"/>
  <tag k="ref" v="1"/>
 </node>
 <node id="1626854672" visible="true" version="2" changeset="32380070" timestamp="2015-07-03T06:41:06Z" user="geodreieck4711" uid="479256" lat="45.6582151" lon="13.8284400">
  <tag k="emergency" v="fire_hydrant"/>
  <tag k="ref" v="4"/>
 </node>
 <node id="1626854673" visible="true" version="4" changeset="144784917" timestamp="2023-12-05T09:52:29Z" user="darthravem" uid="2415747" lat="45.6585617" lon="13.8281477">
  <tag k="emergency" v="fire_hydrant"/>
  <tag k="fire_hydrant:position" v="green"/>
  <tag k="fire_hydrant:type" v="pillar"/>
  <tag k="ref" v="2"/>
 </node>
 <node id="1626854674" visible="true" version="2" changeset="32380070" timestamp="2015-07-03T06:41:06Z" user="geodreieck4711" uid="479256" lat="45.6586286" lon="13.8297713">
  <tag k="emergency" v="fire_hydrant"/>
  <tag k="ref" v="10"/>
 </node>
 <node id="1626854675" visible="true" version="4" changeset="139294760" timestamp="2023-08-01T11:11:06Z" user="darthravem" uid="2415747" lat="45.6586602" lon="13.8287263">
  <tag k="emergency" v="fire_hydrant"/>
  <tag k="fire_hydrant:position" v="green"/>
  <tag k="fire_hydrant:type" v="pillar"/>
  <tag k="ref" v="3"/>
 </node>
 <node id="1783056903" visible="true" version="5" changeset="143935065" timestamp="2023-11-12T14:15:49Z" user="Badojo" uid="8189075" lat="45.6540307" lon="13.8268672"/>
 <node id="1783056913" visible="true" version="2" changeset="98324325" timestamp="2021-01-28T23:30:37Z" user="damjang" uid="97922" lat="45.6546844" lon="13.8287784"/>
 <node id="1783057018" visible="true" version="3" changeset="115293384" timestamp="2021-12-23T11:15:30Z" user="Jonathan Asaf" uid="10828579" lat="45.6561084" lon="13.8305706"/>
 <node id="1783057021" visible="true" version="3" changeset="115293384" timestamp="2021-12-23T11:15:30Z" user="Jonathan Asaf" uid="10828579" lat="45.6561163" lon="13.8306472"/>
 <node id="1783057043" visible="true" version="3" changeset="51855798" timestamp="2017-09-08T18:12:31Z" user="KarmaCleaner" uid="6604853" lat="45.6565647" lon="13.8306128"/>
 <node id="1783057050" visible="true" version="2" changeset="98323862" timestamp="2021-01-28T23:18:09Z" user="damjang" uid="97922" lat="45.6566779" lon="13.8334281">
  <tag k="barrier" v="gate"/>
 </node>
 <node id="1783057056" visible="true" version="2" changeset="98323862" timestamp="2021-01-28T23:18:09Z" user="damjang" uid="97922" lat="45.6567372" lon="13.8332834">
  <tag k="barrier" v="gate"/>
 </node>
 <node id="1783057112" visible="true" version="2" changeset="98324325" timestamp="2021-01-28T23:30:37Z" user="damjang" uid="97922" lat="45.6575249" lon="13.8315464"/>
 <node id="1783057305" visible="true" version="3" changeset="51855798" timestamp="2017-09-08T18:13:39Z" user="KarmaCleaner" uid="6604853" lat="45.6578913" lon="13.8308429"/>
 <node id="1783057334" visible="true" version="2" changeset="98323862" timestamp="2021-01-28T23:18:09Z" user="damjang" uid="97922" lat="45.6579174" lon="13.8316045"/>
 <node id="1783057347" visible="true" version="3" changeset="51855798" timestamp="2017-09-08T18:15:01Z" user="KarmaCleaner" uid="6604853" lat="45.6580853" lon="13.8313784"/>
 <node id="1783057381" visible="true" version="3" changeset="51855798" timestamp="2017-09-08T18:14:59Z" user="KarmaCleaner" uid="6604853" lat="45.6582857" lon="13.8318046"/>
 <node id="1783057527" visible="true" version="3" changeset="51855798" timestamp="2017-09-08T18:12:29Z" user="KarmaCleaner" uid="6604853" lat="45.6588406" lon="13.8311368"/>
 <node id="1783057568" visible="true" version="3" changeset="51855798" timestamp="2017-09-08T18:14:56Z" user="KarmaCleaner" uid="6604853" lat="45.6589068" lon="13.8324726"/>
 <node id="1783057607" visible="true" version="2" changeset="83635218" timestamp="2020-04-16T08:29:04Z" user="user_10474167" uid="10474167" lat="45.6589974" lon="13.8318619"/>
 <node id="1783057654" visible="true" version="2" changeset="83635218" timestamp="2020-04-16T08:29:04Z" user="user_10474167" uid="10474167" lat="45.6590579" lon="13.8320036"/>
 <node id="1783057683" visible="true" version="4" changeset="98073126" timestamp="2021-01-24T20:09:55Z" user="alessandrocarmeli" uid="12294600" lat="45.6592058" lon="13.8309844"/>
 <node id="1783057857" visible="true" version="5" changeset="93304711" timestamp="2020-10-30T18:18:21Z" user="user_11740352" uid="11740352" lat="45.6596758" lon="13.8308690"/>
 <node id="1783057967" visible="true" version="3" changeset="51855798" timestamp="2017-09-08T18:13:35Z" user="KarmaCleaner" uid="6604853" lat="45.6603853" lon="13.8310928"/>
 <node id="1783058018" visible="true" version="1" changeset="11859288" timestamp="2012-06-10T20:58:40Z" user="damjang" uid="97922" lat="45.6608216" lon="13.8302386"/>
 <node id="1822714869" visible="true" version="1" changeset="12193811" timestamp="2012-07-12T09:27:08Z" user="Davide Prade" uid="12377" lat="45.6588765" lon="13.8300682"/>
 <node id="2186149705" visible="true" version="1" changeset="15251260" timestamp="2013-03-04T20:34:48Z" user="Aris Milani" uid="1189125" lat="45.6555080" lon="13.8254806"/>
 <node id="2186149707" visible="true" version="1" changeset="15251260" timestamp="2013-03-04T20:34:48Z" user="Aris Milani" uid="1189125" lat="45.6556902" lon="13.8254487"/>
 <node id="2186149711" visible="true" version="2" changeset="122962288" timestamp="2022-06-28T15:07:42Z" user="damjang" uid="97922" lat="45.6560895" lon="13.8254558"/>
 <node id="2186149714" visible="true" version="2" changeset="122962288" timestamp="2022-06-28T15:07:42Z" user="damjang" uid="97922" lat="45.6561948" lon="13.8254524"/>
 <node id="2186149719" visible="true" version="2" changeset="122962288" timestamp="2022-06-28T15:07:42Z" user="damjang" uid="97922" lat="45.6564039" lon="13.8254691"/>
 <node id="2186149736" visible="true" version="1" changeset="15251260" timestamp="2013-03-04T20:34:48Z" user="Aris Milani" uid="1189125" lat="45.6568558" lon="13.8254782"/>
 <node id="2186149742" visible="true" version="1" changeset="15251260" timestamp="2013-03-04T20:34:48Z" user="Aris Milani" uid="1189125" lat="45.6570223" lon="13.8254641"/>
 <node id="2186149752" visible="true" version="2" changeset="122962288" timestamp="2022-06-28T15:07:42Z" user="damjang" uid="97922" lat="45.6572289" lon="13.8254697"/>
 <node id="2186149756" visible="true" version="2" changeset="122962288" timestamp="2022-06-28T15:07:42Z" user="damjang" uid="97922" lat="45.6575798" lon="13.8254909"/>
 <node id="2186149774" visible="true" version="1" changeset="15251260" timestamp="2013-03-04T20:34:49Z" user="Aris Milani" uid="1189125" lat="45.6576826" lon="13.8262767"/>
 <node id="2186149779" visible="true" version="1" changeset="15251260" timestamp="2013-03-04T20:34:49Z" user="Aris Milani" uid="1189125" lat="45.6577585" lon="13.8268003"/>
 <node id="2186149785" visible="true" version="1" changeset="15251260" timestamp="2013-03-04T20:34:49Z" user="Aris Milani" uid="1189125" lat="45.6578269" lon="13.8272721"/>
 <node id="2186149809" visible="true" version="1" changeset="15251260" timestamp="2013-03-04T20:34:49Z" user="Aris Milani" uid="1189125" lat="45.6582360" lon="13.8262993"/>
 <node id="2509833806" visible="true" version="2" changeset="84559037" timestamp="2020-05-03T11:12:45Z" user="user_6631989" uid="6631989" lat="45.6627398" lon="13.8072764"/>
 <node id="2509833807" visible="true" version="1" changeset="18558802" timestamp="2013-10-26T22:32:12Z" user="Zeno Kugy" uid="1666292" lat="45.6646784" lon="13.8049784"/>
 <node id="2509833809" visible="true" version="1" changeset="18558802" timestamp="2013-10-26T22:32:12Z" user="Zeno Kugy" uid="1666292" lat="45.6650084" lon="13.8056006"/>
 <node id="2509833811" visible="true" version="2" changeset="111760893" timestamp="2021-09-27T10:25:07Z" user="alessandrocarmeli" uid="12294600" lat="45.6639793" lon="13.8050346"/>
 <node id="2509833823" visible="true" version="1" changeset="18558802" timestamp="2013-10-26T22:32:12Z" user="Zeno Kugy" uid="1666292" lat="45.6651812" lon="13.8055336"/>
 <node id="2511463630" visible="true" version="3" changeset="49086623" timestamp="2017-05-29T22:19:42Z" user="damjang" uid="97922" lat="45.6514290" lon="13.8310145"/>
 <node id="2511463639" visible="true" version="2" changeset="122962288" timestamp="2022-06-28T15:07:43Z" user="damjang" uid="97922" lat="45.6529419" lon="13.8254139"/>
 <node id="2511463649" visible="true" version="3" changeset="49086623" timestamp="2017-05-29T22:19:43Z" user="damjang" uid="97922" lat="45.6505650" lon="13.8358651"/>
 <node id="2512145823" visible="true" version="2" changeset="90610325" timestamp="2020-09-09T01:16:54Z" user="user_6400648" uid="6400648" lat="45.6481514" lon="13.8267881"/>
 <node id="2512145825" visible="true" version="1" changeset="18592619" timestamp="2013-10-28T21:47:01Z" user="Zeno Kugy" uid="1666292" lat="45.6491182" lon="13.8225177"/>
 <node id="2512145828" visible="true" version="1" changeset="18592619" timestamp="2013-10-28T21:47:01Z" user="Zeno Kugy" uid="1666292" lat="45.6435104" lon="13.8305152"/>
 <node id="2512145830" visible="true" version="2" changeset="106776891" timestamp="2021-06-22T12:29:19Z" user="alessandrocarmeli" uid="12294600" lat="45.6478097" lon="13.8243651"/>
 <node id="2512145835" visible="true" version="2" changeset="90610325" timestamp="2020-09-09T01:16:54Z" user="user_6400648" uid="6400648" lat="45.6494411" lon="13.8251974"/>
 <node id="2512145837" visible="true" version="2" changeset="90610325" timestamp="2020-09-09T01:16:54Z" user="user_6400648" uid="6400648" lat="45.6474309" lon="13.8275430"/>
 <node id="2512145840" visible="true" version="2" changeset="90610325" timestamp="2020-09-09T01:16:54Z" user="user_6400648" uid="6400648" lat="45.6444553" lon="13.8294236"/>
 <node id="2512145845" visible="true" version="1" changeset="18592619" timestamp="2013-10-28T21:47:01Z" user="Zeno Kugy" uid="1666292" lat="45.6460410" lon="13.8273612"/>
 <node id="2512145848" visible="true" version="2" changeset="106776891" timestamp="2021-06-22T12:29:19Z" user="alessandrocarmeli" uid="12294600" lat="45.6471873" lon="13.8253669"/>
 <node id="2512145859" visible="true" version="2" changeset="106776891" timestamp="2021-06-22T12:29:19Z" user="alessandrocarmeli" uid="12294600" lat="45.6461876" lon="13.8258798"/>
 <node id="2512145861" visible="true" version="2" changeset="106776891" timestamp="2021-06-22T12:29:19Z" user="alessandrocarmeli" uid="12294600" lat="45.6457143" lon="13.8262441"/>
 <node id="2512145862" visible="true" version="2" changeset="90610325" timestamp="2020-09-09T01:16:54Z" user="user_6400648" uid="6400648" lat="45.6465558" lon="13.8282009"/>
 <node id="2512145864" visible="true" version="2" changeset="90610325" timestamp="2020-09-09T01:16:54Z" user="user_6400648" uid="6400648" lat="45.6450958" lon="13.8290135"/>
 <node id="2512167830" visible="true" version="2" changeset="132489872" timestamp="2023-02-13T13:12:09Z" user="alessandrocarmeli" uid="12294600" lat="45.6670625" lon="13.8052155"/>
 <node id="2512541807" visible="true" version="1" changeset="18597177" timestamp="2013-10-29T08:32:47Z" user="Zeno Kugy" uid="1666292" lat="45.6344759" lon="13.8509360"/>
 <node id="2513268403" visible="true" version="2" changeset="98324480" timestamp="2021-01-28T23:35:42Z" user="damjang" uid="97922" lat="45.6603122" lon="13.8350346"/>
 <node id="2513276549" visible="true" version="1" changeset="18607390" timestamp="2013-10-29T20:27:55Z" user="Zeno Kugy" uid="1666292" lat="45.6556003" lon="13.8277294"/>
 <node id="2513277375" visible="true" version="1" changeset="18607390" timestamp="2013-10-29T20:28:32Z" user="Zeno Kugy" uid="1666292" lat="45.6543568" lon="13.8273830"/>
 <node id="2513277707" visible="true" version="2" changeset="90603072" timestamp="2020-09-08T19:15:12Z" user="user_6400648" uid="6400648" lat="45.6561356" lon="13.8298790"/>
 <node id="2513277711" visible="true" version="2" changeset="90603072" timestamp="2020-09-08T19:15:12Z" user="user_6400648" uid="6400648" lat="45.6560055" lon="13.8295783"/>
 <node id="2513282745" visible="true" version="2" changeset="90603072" timestamp="2020-09-08T19:15:12Z" user="user_6400648" uid="6400648" lat="45.6561287" lon="13.8302000"/>
 <node id="2513282747" visible="true" version="2" changeset="90603072" timestamp="2020-09-08T19:15:12Z" user="user_6400648" uid="6400648" lat="45.6546500" lon="13.8281194"/>
 <node id="2513282748" visible="true" version="2" changeset="90603072" timestamp="2020-09-08T19:15:12Z" user="user_6400648" uid="6400648" lat="45.6560787" lon="13.8301932"/>
 <node id="2513282749" visible="true" version="2" changeset="90603072" timestamp="2020-09-08T19:15:12Z" user="user_6400648" uid="6400648" lat="45.6551863" lon="13.8291238"/>
 <node id="2513284545" visible="true" version="1" changeset="18607390" timestamp="2013-10-29T20:35:57Z" user="Zeno Kugy" uid="1666292" lat="45.6618967" lon="13.8281401"/>
 <node id="2513320595" visible="true" version="2" changeset="111147577" timestamp="2021-09-13T14:00:07Z" user="alessandrocarmeli" uid="12294600" lat="45.6539441" lon="13.8170894"/>
 <node id="2513320597" visible="true" version="3" changeset="90553166" timestamp="2020-09-08T02:29:05Z" user="user_6400648" uid="6400648" lat="45.6554844" lon="13.8169757"/>
 <node id="2513320600" visible="true" version="2" changeset="111147577" timestamp="2021-09-13T14:00:07Z" user="alessandrocarmeli" uid="12294600" lat="45.6499333" lon="13.8214466"/>
 <node id="2513320604" visible="true" version="2" changeset="111147577" timestamp="2021-09-13T14:00:07Z" user="alessandrocarmeli" uid="12294600" lat="45.6520282" lon="13.8193026"/>
 <node id="2513320605" visible="true" version="2" changeset="111147577" timestamp="2021-09-13T14:00:07Z" user="alessandrocarmeli" uid="12294600" lat="45.6525008" lon="13.8187880"/>
 <node id="2513327524" visible="true" version="3" changeset="132489872" timestamp="2023-02-13T13:12:09Z" user="alessandrocarmeli" uid="12294600" lat="45.6571880" lon="13.8152085"/>
 <node id="2513327529" visible="true" version="2" changeset="90553166" timestamp="2020-09-08T02:29:05Z" user="user_6400648" uid="6400648" lat="45.6553831" lon="13.8155724"/>
 <node id="2794848673" visible="true" version="1" changeset="21732932" timestamp="2014-04-16T16:12:13Z" user="Zeno Kugy" uid="1666292" lat="45.6692035" lon="13.8074433"/>
 <node id="2794848677" visible="true" version="1" changeset="21732932" timestamp="2014-04-16T16:12:14Z" user="Zeno Kugy" uid="1666292" lat="45.6693946" lon="13.8070892"/>
 <node id="2794848681" visible="true" version="1" changeset="21732932" timestamp="2014-04-16T16:12:14Z" user="Zeno Kugy" uid="1666292" lat="45.6690611" lon="13.8073387"/>
 <node id="2794848684" visible="true" version="1" changeset="21732932" timestamp="2014-04-16T16:12:14Z" user="Zeno Kugy" uid="1666292" lat="45.6693434" lon="13.8070105"/>
 <node id="2794848686" visible="true" version="1" changeset="21732932" timestamp="2014-04-16T16:12:14Z" user="Zeno Kugy" uid="1666292" lat="45.6692298" lon="13.8070302"/>
 <node id="3633896078" visible="true" version="1" changeset="32403861" timestamp="2015-07-04T07:39:41Z" user="RAFVG import" uid="2658983" lat="45.6584137" lon="13.8284924">
  <tag k="addr:city" v="Trieste"/>
  <tag k="addr:housenumber" v="108"/>
  <tag k="addr:place" v="Padriciano / Padriče"/>
  <tag k="addr:postcode" v="34149"/>
 </node>
 <node id="3633896124" visible="true" version="1" changeset="32403861" timestamp="2015-07-04T07:39:45Z" user="RAFVG import" uid="2658983" lat="45.6580486" lon="13.8286010">
  <tag k="addr:city" v="Trieste"/>
  <tag k="addr:housenumber" v="109"/>
  <tag k="addr:place" v="Padriciano / Padriče"/>
  <tag k="addr:postcode" v="34149"/>
 </node>
 <node id="3633897223" visible="true" version="1" changeset="32403861" timestamp="2015-07-04T07:41:10Z" user="RAFVG import" uid="2658983" lat="45.6575184" lon="13.8302193">
  <tag k="addr:city" v="Trieste"/>
  <tag k="addr:housenumber" v="111"/>
  <tag k="addr:place" v="Padriciano / Padriče"/>
  <tag k="addr:postcode" v="34149"/>
 </node>
 <node id="3633898026" visible="true" version="1" changeset="32403861" timestamp="2015-07-04T07:41:40Z" user="RAFVG import" uid="2658983" lat="45.6569370" lon="13.8302125">
  <tag k="addr:city" v="Trieste"/>
  <tag k="addr:housenumber" v="119"/>
  <tag k="addr:place" v="Padriciano / Padriče"/>
  <tag k="addr:postcode" v="34149"/>
 </node>
 <node id="3633901589" visible="true" version="1" changeset="32403861" timestamp="2015-07-04T07:44:48Z" user="RAFVG import" uid="2658983" lat="45.6566571" lon="13.8285912">
  <tag k="addr:city" v="Trieste"/>
  <tag k="addr:housenumber" v="131"/>
  <tag k="addr:place" v="Padriciano / Padriče"/>
  <tag k="addr:postcode" v="34149"/>
 </node>
 <node id="3633903717" visible="true" version="1" changeset="32403861" timestamp="2015-07-04T07:45:12Z" user="RAFVG import" uid="2658983" lat="45.6566757" lon="13.8279610">
  <tag k="addr:city" v="Trieste"/>
  <tag k="addr:housenumber" v="137"/>
  <tag k="addr:place" v="Padriciano / Padriče"/>
  <tag k="addr:postcode" v="34149"/>
 </node>
 <node id="3633950243" visible="true" version="1" changeset="32403861" timestamp="2015-07-04T08:28:24Z" user="RAFVG import" uid="2658983" lat="45.6594214" lon="13.8306321">
  <tag k="addr:city" v="Trieste"/>
  <tag k="addr:housenumber" v="78"/>
  <tag k="addr:place" v="Padriciano / Padriče"/>
  <tag k="addr:postcode" v="34149"/>
 </node>
 <node id="3908027696" visible="true" version="2" changeset="162040884" timestamp="2025-02-02T10:57:32Z" user="mueschel" uid="616774" lat="45.6599618" lon="13.8295807">
  <tag k="man_made" v="mast"/>
  <tag k="operator" v="TIM; H3G"/>
  <tag k="ref" v="#5561 TIM; #5603 H3G"/>
 </node>
 <node id="3945412818" visible="true" version="1" changeset="36565628" timestamp="2016-01-14T08:47:10Z" user="spietsnaz" uid="2152895" lat="45.6561130" lon="13.8308769"/>
 <node id="3945412819" visible="true" version="1" changeset="36565628" timestamp="2016-01-14T08:47:10Z" user="spietsnaz" uid="2152895" lat="45.6560830" lon="13.8309037"/>
 <node id="3945412820" visible="true" version="1" changeset="36565628" timestamp="2016-01-14T08:47:10Z" user="spietsnaz" uid="2152895" lat="45.6560380" lon="13.8308715"/>
 <node id="3945412821" visible="true" version="1" changeset="36565628" timestamp="2016-01-14T08:47:10Z" user="spietsnaz" uid="2152895" lat="45.6559893" lon="13.8309574"/>
 <node id="3945412822" visible="true" version="1" changeset="36565628" timestamp="2016-01-14T08:47:10Z" user="spietsnaz" uid="2152895" lat="45.6559481" lon="13.8310164"/>
 <node id="3945412823" visible="true" version="1" changeset="36565628" timestamp="2016-01-14T08:47:10Z" user="spietsnaz" uid="2152895" lat="45.6558693" lon="13.8310003"/>
 <node id="3945412824" visible="true" version="1" changeset="36565628" timestamp="2016-01-14T08:47:10Z" user="spietsnaz" uid="2152895" lat="45.6557681" lon="13.8309466"/>
 <node id="3945412825" visible="true" version="1" changeset="36565628" timestamp="2016-01-14T08:47:10Z" user="spietsnaz" uid="2152895" lat="45.6556968" lon="13.8308930"/>
 <node id="3945412826" visible="true" version="1" changeset="36565628" timestamp="2016-01-14T08:47:10Z" user="spietsnaz" uid="2152895" lat="45.6556743" lon="13.8308072"/>
 <node id="3945412827" visible="true" version="1" changeset="36565628" timestamp="2016-01-14T08:47:10Z" user="spietsnaz" uid="2152895" lat="45.6556931" lon="13.8307052"/>
 <node id="3945412828" visible="true" version="1" changeset="36565628" timestamp="2016-01-14T08:47:10Z" user="spietsnaz" uid="2152895" lat="45.6557043" lon="13.8306194"/>
 <node id="3945412829" visible="true" version="1" changeset="36565628" timestamp="2016-01-14T08:47:10Z" user="spietsnaz" uid="2152895" lat="45.6556031" lon="13.8305067"/>
 <node id="3945412830" visible="true" version="1" changeset="36565628" timestamp="2016-01-14T08:47:10Z" user="spietsnaz" uid="2152895" lat="45.6554194" lon="13.8303458"/>
 <node id="3945412831" visible="true" version="1" changeset="36565628" timestamp="2016-01-14T08:47:10Z" user="spietsnaz" uid="2152895" lat="45.6552694" lon="13.8301634"/>
 <node id="3945412832" visible="true" version="1" changeset="36565628" timestamp="2016-01-14T08:47:10Z" user="spietsnaz" uid="2152895" lat="45.6551944" lon="13.8300293"/>
 <node id="3945412833" visible="true" version="1" changeset="36565628" timestamp="2016-01-14T08:47:10Z" user="spietsnaz" uid="2152895" lat="45.6550407" lon="13.8297665"/>
 <node id="3945416528" visible="true" version="3" changeset="98323862" timestamp="2021-01-28T23:18:10Z" user="damjang" uid="97922" lat="45.6594209" lon="13.8335243">
  <tag k="barrier" v="gate"/>
 </node>
 <node id="4878806862" visible="true" version="5" changeset="88352897" timestamp="2020-07-22T13:45:04Z" user="KarmaCleaner" uid="6604853" lat="45.6598056" lon="13.8311962"/>
 <node id="4936822225" visible="true" version="1" changeset="49834439" timestamp="2017-06-26T12:06:16Z" user="MiXeR" uid="75681" lat="45.6510375" lon="13.8392143"/>
 <node id="5731931454" visible="true" version="2" changeset="83436055" timestamp="2020-04-12T18:32:51Z" user="Badojo" uid="8189075" lat="45.6430295" lon="13.8310663"/>
 <node id="6378099489" visible="true" version="3" changeset="85022296" timestamp="2020-05-11T11:32:10Z" user="user_6631989" uid="6631989" lat="45.6593551" lon="13.8300857">
  <tag k="access" v="agricultural"/>
  <tag k="barrier" v="gate"/>
  <tag k="bicycle" v="no"/>
  <tag k="foot" v="no"/>
 </node>
 <node id="6557045657" visible="true" version="1" changeset="71392613" timestamp="2019-06-19T08:32:11Z" user="Cascafico" uid="361003" lat="45.6599500" lon="13.8295600">
  <tag k="communication:mobile_phone" v="yes"/>
  <tag k="man_made" v="tower"/>
  <tag k="operator" v="Iliad Italia"/>
  <tag k="ref" v="3137"/>
  <tag k="start_date" v="2019-05-31"/>
  <tag k="tower:type" v="communication"/>
 </node>
 <node id="6840901671" visible="true" version="2" changeset="154217719" timestamp="2024-07-21T12:42:34Z" user="alessandrocarmeli" uid="12294600" lat="45.6575155" lon="13.8281405">
  <tag k="amenity" v="charging_station"/>
  <tag k="authentication:app" v="yes"/>
  <tag k="authentication:rfid" v="yes"/>
  <tag k="capacity" v="2"/>
  <tag k="fee" v="yes"/>
  <tag k="motorcar" v="yes"/>
  <tag k="name" v="Area di Ricerca Emobitaly 2"/>
  <tag k="opening_hours" v="24/7"/>
  <tag k="operator" v="Emobitaly"/>
  <tag k="socket:type2" v="2"/>
  <tag k="socket:type2:output" v="22 kW"/>
 </node>
 <node id="6840901672" visible="true" version="2" changeset="154217719" timestamp="2024-07-21T12:42:34Z" user="alessandrocarmeli" uid="12294600" lat="45.6575638" lon="13.8281171">
  <tag k="amenity" v="charging_station"/>
  <tag k="authentication:app" v="yes"/>
  <tag k="authentication:rfid" v="yes"/>
  <tag k="capacity" v="2"/>
  <tag k="fee" v="yes"/>
  <tag k="motorcar" v="yes"/>
  <tag k="name" v="Area di Ricerca Emobitaly 1"/>
  <tag k="opening_hours" v="24/7"/>
  <tag k="operator" v="Emobitaly"/>
  <tag k="socket:type2" v="2"/>
  <tag k="socket:type2:output" v="22 kW"/>
 </node>
 <node id="6840901673" visible="true" version="2" changeset="154217719" timestamp="2024-07-21T12:42:34Z" user="alessandrocarmeli" uid="12294600" lat="45.6584584" lon="13.8301923">
  <tag k="amenity" v="charging_station"/>
  <tag k="authentication:app" v="yes"/>
  <tag k="authentication:rfid" v="yes"/>
  <tag k="brand" v="Enel X"/>
  <tag k="brand:wikidata" v="Q5376815"/>
  <tag k="capacity" v="3"/>
  <tag k="charging_station:output" v="93 kW"/>
  <tag k="fee" v="yes"/>
  <tag k="motorcar" v="yes"/>
  <tag k="name" v="Area di Ricerca Enel X"/>
  <tag k="opening_hours" v="24/7"/>
  <tag k="operator" v="Enel X"/>
  <tag k="operator:wikidata" v="Q5376815"/>
  <tag k="ref" v="18XM32T77B3W000088"/>
  <tag k="socket:chademo" v="1"/>
  <tag k="socket:chademo:output" v="50 kW"/>
  <tag k="socket:type2" v="1"/>
  <tag k="socket:type2_combo" v="1"/>
  <tag k="socket:type2_combo:output" v="50 kW"/>
  <tag k="socket:type2:output" v="43 kW"/>
  <tag k="website" v="https://www.enelx.com/"/>
 </node>
 <node id="6867965651" visible="true" version="3" changeset="100988543" timestamp="2021-03-14T13:07:46Z" user="alessandrocarmeli" uid="12294600" lat="45.6562446" lon="13.8298957"/>
 <node id="6867965652" visible="true" version="3" changeset="100988543" timestamp="2021-03-14T13:07:46Z" user="alessandrocarmeli" uid="12294600" lat="45.6563379" lon="13.8299049"/>
 <node id="6867965653" visible="true" version="3" changeset="100988543" timestamp="2021-03-14T13:07:46Z" user="alessandrocarmeli" uid="12294600" lat="45.6564975" lon="13.8301130"/>
 <node id="6867965654" visible="true" version="3" changeset="100988543" timestamp="2021-03-14T13:07:46Z" user="alessandrocarmeli" uid="12294600" lat="45.6563502" lon="13.8300553"/>
 <node id="6867977808" visible="true" version="2" changeset="98323862" timestamp="2021-01-28T23:18:10Z" user="damjang" uid="97922" lat="45.6579937" lon="13.8316281"/>
 <node id="7154333569" visible="true" version="1" changeset="79986224" timestamp="2020-01-23T15:55:14Z" user="Vaga Bond" uid="10229611" lat="45.6538337" lon="13.8307912"/>
 <node id="7154333570" visible="true" version="1" changeset="79986224" timestamp="2020-01-23T15:55:14Z" user="Vaga Bond" uid="10229611" lat="45.6538787" lon="13.8305579"/>
 <node id="7154333571" visible="true" version="1" changeset="79986224" timestamp="2020-01-23T15:55:14Z" user="Vaga Bond" uid="10229611" lat="45.6539162" lon="13.8304238"/>
 <node id="7154333572" visible="true" version="1" changeset="79986224" timestamp="2020-01-23T15:55:14Z" user="Vaga Bond" uid="10229611" lat="45.6539836" lon="13.8303272"/>
 <node id="7154333573" visible="true" version="1" changeset="79986224" timestamp="2020-01-23T15:55:14Z" user="Vaga Bond" uid="10229611" lat="45.6540155" lon="13.8302119"/>
 <node id="7154333574" visible="true" version="1" changeset="79986224" timestamp="2020-01-23T15:55:14Z" user="Vaga Bond" uid="10229611" lat="45.6541693" lon="13.8300295"/>
 <node id="7154333575" visible="true" version="1" changeset="79986224" timestamp="2020-01-23T15:55:14Z" user="Vaga Bond" uid="10229611" lat="45.6545292" lon="13.8295574"/>
 <node id="7154333576" visible="true" version="1" changeset="79986224" timestamp="2020-01-23T15:55:14Z" user="Vaga Bond" uid="10229611" lat="45.6547879" lon="13.8292865"/>
 <node id="7154333577" visible="true" version="1" changeset="79986224" timestamp="2020-01-23T15:55:14Z" user="Vaga Bond" uid="10229611" lat="45.6549173" lon="13.8295306"/>
 <node id="7154333578" visible="true" version="1" changeset="79986224" timestamp="2020-01-23T15:55:14Z" user="Vaga Bond" uid="10229611" lat="45.6546961" lon="13.8298498"/>
 <node id="7154333579" visible="true" version="1" changeset="79986224" timestamp="2020-01-23T15:55:14Z" user="Vaga Bond" uid="10229611" lat="45.6546248" lon="13.8300054"/>
 <node id="7154333580" visible="true" version="1" changeset="79986224" timestamp="2020-01-23T15:55:14Z" user="Vaga Bond" uid="10229611" lat="45.6544617" lon="13.8301556"/>
 <node id="7154333581" visible="true" version="1" changeset="79986224" timestamp="2020-01-23T15:55:14Z" user="Vaga Bond" uid="10229611" lat="45.6543399" lon="13.8302468"/>
 <node id="7154333582" visible="true" version="1" changeset="79986224" timestamp="2020-01-23T15:55:14Z" user="Vaga Bond" uid="10229611" lat="45.6542424" lon="13.8304372"/>
 <node id="7154333583" visible="true" version="1" changeset="79986224" timestamp="2020-01-23T15:55:14Z" user="Vaga Bond" uid="10229611" lat="45.6540718" lon="13.8306679"/>
 <node id="7154333584" visible="true" version="1" changeset="79986224" timestamp="2020-01-23T15:55:14Z" user="Vaga Bond" uid="10229611" lat="45.6541074" lon="13.8307027"/>
 <node id="7154353439" visible="true" version="3" changeset="98324325" timestamp="2021-01-28T23:30:37Z" user="damjang" uid="97922" lat="45.6569905" lon="13.8314389"/>
 <node id="7154353440" visible="true" version="2" changeset="98323862" timestamp="2021-01-28T23:18:10Z" user="damjang" uid="97922" lat="45.6569464" lon="13.8317488"/>
 <node id="7154353441" visible="true" version="2" changeset="98323862" timestamp="2021-01-28T23:18:10Z" user="damjang" uid="97922" lat="45.6570365" lon="13.8318265"/>
 <node id="7154353442" visible="true" version="2" changeset="98323862" timestamp="2021-01-28T23:18:10Z" user="damjang" uid="97922" lat="45.6571440" lon="13.8319034"/>
 <node id="7154353447" visible="true" version="2" changeset="98323862" timestamp="2021-01-28T23:18:10Z" user="damjang" uid="97922" lat="45.6570666" lon="13.8318484"/>
 <node id="7154353475" visible="true" version="1" changeset="79985977" timestamp="2020-01-23T15:50:31Z" user="Vaga Bond" uid="10229611" lat="45.6520925" lon="13.8317142"/>
 <node id="7154358687" visible="true" version="1" changeset="79985977" timestamp="2020-01-23T15:50:31Z" user="Vaga Bond" uid="10229611" lat="45.6518831" lon="13.8317021"/>
 <node id="7154370185" visible="true" version="1" changeset="79986224" timestamp="2020-01-23T15:55:14Z" user="Vaga Bond" uid="10229611" lat="45.6542368" lon="13.8305928"/>
 <node id="7154370186" visible="true" version="1" changeset="79986224" timestamp="2020-01-23T15:55:14Z" user="Vaga Bond" uid="10229611" lat="45.6542874" lon="13.8306813"/>
 <node id="7154370187" visible="true" version="1" changeset="79986224" timestamp="2020-01-23T15:55:14Z" user="Vaga Bond" uid="10229611" lat="45.6541261" lon="13.8308395"/>
 <node id="7154370188" visible="true" version="1" changeset="79986224" timestamp="2020-01-23T15:55:14Z" user="Vaga Bond" uid="10229611" lat="45.6539424" lon="13.8309227"/>
 <node id="7154370189" visible="true" version="1" changeset="79986224" timestamp="2020-01-23T15:55:14Z" user="Vaga Bond" uid="10229611" lat="45.6538618" lon="13.8309093"/>
 <node id="7154382272" visible="true" version="1" changeset="79986858" timestamp="2020-01-23T16:09:50Z" user="Vaga Bond" uid="10229611" lat="45.6526765" lon="13.8318267"/>
 <node id="7154398497" visible="true" version="1" changeset="79986858" timestamp="2020-01-23T16:09:50Z" user="Vaga Bond" uid="10229611" lat="45.6521860" lon="13.8281218"/>
 <node id="7154398499" visible="true" version="1" changeset="79986858" timestamp="2020-01-23T16:09:50Z" user="Vaga Bond" uid="10229611" lat="45.6516869" lon="13.8299904"/>
 <node id="7154398500" visible="true" version="1" changeset="79986858" timestamp="2020-01-23T16:09:50Z" user="Vaga Bond" uid="10229611" lat="45.6521380" lon="13.8301568"/>
 <node id="7154398501" visible="true" version="1" changeset="79986858" timestamp="2020-01-23T16:09:50Z" user="Vaga Bond" uid="10229611" lat="45.6517773" lon="13.8294423"/>
 <node id="7154398503" visible="true" version="1" changeset="79986858" timestamp="2020-01-23T16:09:50Z" user="Vaga Bond" uid="10229611" lat="45.6521102" lon="13.8282982"/>
 <node id="7154398504" visible="true" version="1" changeset="79986858" timestamp="2020-01-23T16:09:50Z" user="Vaga Bond" uid="10229611" lat="45.6524481" lon="13.8284850"/>
 <node id="7154398505" visible="true" version="1" changeset="79986858" timestamp="2020-01-23T16:09:50Z" user="Vaga Bond" uid="10229611" lat="45.6526619" lon="13.8281697"/>
 <node id="7154398506" visible="true" version="1" changeset="79986858" timestamp="2020-01-23T16:09:50Z" user="Vaga Bond" uid="10229611" lat="45.6527868" lon="13.8292053"/>
 <node id="7154398507" visible="true" version="1" changeset="79986858" timestamp="2020-01-23T16:09:50Z" user="Vaga Bond" uid="10229611" lat="45.6527505" lon="13.8290354"/>
 <node id="7211649827" visible="true" version="1" changeset="81009263" timestamp="2020-02-14T12:58:48Z" user="Alessandro Sgambati" uid="38061" lat="45.6632245" lon="13.8271189">
  <tag k="barrier" v="gate"/>
 </node>
 <node id="7266420014" visible="true" version="1" changeset="81825337" timestamp="2020-03-05T13:49:18Z" user="user_10474167" uid="10474167" lat="45.6664748" lon="13.8032140"/>
 <node id="7266420015" visible="true" version="2" changeset="87879132" timestamp="2020-07-12T14:03:13Z" user="user_10474167" uid="10474167" lat="45.6664618" lon="13.8031772"/>
 <node id="7318522288" visible="true" version="2" changeset="132489872" timestamp="2023-02-13T13:12:09Z" user="alessandrocarmeli" uid="12294600" lat="45.6581115" lon="13.8141256"/>
 <node id="7318522290" visible="true" version="1" changeset="82478410" timestamp="2020-03-22T09:57:07Z" user="user_10474167" uid="10474167" lat="45.6580173" lon="13.8144289"/>
 <node id="7380457972" visible="true" version="2" changeset="132489872" timestamp="2023-02-13T13:12:09Z" user="alessandrocarmeli" uid="12294600" lat="45.6670912" lon="13.8047622"/>
 <node id="7380457973" visible="true" version="2" changeset="132489872" timestamp="2023-02-13T13:12:09Z" user="alessandrocarmeli" uid="12294600" lat="45.6669613" lon="13.8048119"/>
 <node id="7380457974" visible="true" version="1" changeset="83260365" timestamp="2020-04-08T14:50:58Z" user="user_10474167" uid="10474167" lat="45.6666665" lon="13.8052434"/>
 <node id="7380457976" visible="true" version="1" changeset="83260365" timestamp="2020-04-08T14:50:58Z" user="user_10474167" uid="10474167" lat="45.6656244" lon="13.8060459"/>
 <node id="7380457977" visible="true" version="1" changeset="83260365" timestamp="2020-04-08T14:50:58Z" user="user_10474167" uid="10474167" lat="45.6655415" lon="13.8060239"/>
 <node id="7380457978" visible="true" version="1" changeset="83260365" timestamp="2020-04-08T14:50:58Z" user="user_10474167" uid="10474167" lat="45.6655709" lon="13.8059069"/>
 <node id="7380457979" visible="true" version="1" changeset="83260365" timestamp="2020-04-08T14:50:58Z" user="user_10474167" uid="10474167" lat="45.6658582" lon="13.8055435"/>
 <node id="7380457980" visible="true" version="1" changeset="83260365" timestamp="2020-04-08T14:50:58Z" user="user_10474167" uid="10474167" lat="45.6660595" lon="13.8050710"/>
 <node id="7380457981" visible="true" version="1" changeset="83260365" timestamp="2020-04-08T14:50:58Z" user="user_10474167" uid="10474167" lat="45.6660649" lon="13.8048474"/>
 <node id="7380457982" visible="true" version="1" changeset="83260365" timestamp="2020-04-08T14:50:58Z" user="user_10474167" uid="10474167" lat="45.6660250" lon="13.8047622"/>
 <node id="7380457983" visible="true" version="1" changeset="83260365" timestamp="2020-04-08T14:50:58Z" user="user_10474167" uid="10474167" lat="45.6659104" lon="13.8047438"/>
 <node id="7380457984" visible="true" version="1" changeset="83260365" timestamp="2020-04-08T14:50:58Z" user="user_10474167" uid="10474167" lat="45.6651130" lon="13.8054459"/>
 <node id="7380482785" visible="true" version="1" changeset="83260365" timestamp="2020-04-08T14:50:58Z" user="user_10474167" uid="10474167" lat="45.6650222" lon="13.8054237"/>
 <node id="7380482786" visible="true" version="1" changeset="83260365" timestamp="2020-04-08T14:50:58Z" user="user_10474167" uid="10474167" lat="45.6649591" lon="13.8052803"/>
 <node id="7380482787" visible="true" version="1" changeset="83260365" timestamp="2020-04-08T14:50:58Z" user="user_10474167" uid="10474167" lat="45.6650050" lon="13.8050975"/>
 <node id="7380482788" visible="true" version="1" changeset="83260365" timestamp="2020-04-08T14:50:58Z" user="user_10474167" uid="10474167" lat="45.6651009" lon="13.8050517"/>
 <node id="7380482789" visible="true" version="1" changeset="83260365" timestamp="2020-04-08T14:50:58Z" user="user_10474167" uid="10474167" lat="45.6653791" lon="13.8049870"/>
 <node id="7380482790" visible="true" version="1" changeset="83260365" timestamp="2020-04-08T14:50:58Z" user="user_10474167" uid="10474167" lat="45.6655621" lon="13.8048351"/>
 <node id="7380482791" visible="true" version="1" changeset="83260365" timestamp="2020-04-08T14:50:58Z" user="user_10474167" uid="10474167" lat="45.6658028" lon="13.8046904"/>
 <node id="7380482792" visible="true" version="1" changeset="83260365" timestamp="2020-04-08T14:50:58Z" user="user_10474167" uid="10474167" lat="45.6660151" lon="13.8044346"/>
 <node id="7380482793" visible="true" version="1" changeset="83260365" timestamp="2020-04-08T14:50:58Z" user="user_10474167" uid="10474167" lat="45.6661716" lon="13.8038394"/>
 <node id="7380482794" visible="true" version="1" changeset="83260365" timestamp="2020-04-08T14:50:58Z" user="user_10474167" uid="10474167" lat="45.6661490" lon="13.8034997"/>
 <node id="7380482795" visible="true" version="1" changeset="83260365" timestamp="2020-04-08T14:50:58Z" user="user_10474167" uid="10474167" lat="45.6661184" lon="13.8033331"/>
 <node id="7380482796" visible="true" version="1" changeset="83260365" timestamp="2020-04-08T14:50:58Z" user="user_10474167" uid="10474167" lat="45.6661471" lon="13.8033276"/>
 <node id="7380482797" visible="true" version="1" changeset="83260365" timestamp="2020-04-08T14:50:58Z" user="user_10474167" uid="10474167" lat="45.6661943" lon="13.8034201"/>
 <node id="7380482798" visible="true" version="1" changeset="83260365" timestamp="2020-04-08T14:50:58Z" user="user_10474167" uid="10474167" lat="45.6662177" lon="13.8034166"/>
 <node id="7380482799" visible="true" version="1" changeset="83260365" timestamp="2020-04-08T14:50:58Z" user="user_10474167" uid="10474167" lat="45.6662348" lon="13.8033941"/>
 <node id="7380482800" visible="true" version="1" changeset="83260365" timestamp="2020-04-08T14:50:58Z" user="user_10474167" uid="10474167" lat="45.6662246" lon="13.8033322"/>
 <node id="7380482801" visible="true" version="1" changeset="83260365" timestamp="2020-04-08T14:50:58Z" user="user_10474167" uid="10474167" lat="45.6662148" lon="13.8032855"/>
 <node id="7380482802" visible="true" version="1" changeset="83260365" timestamp="2020-04-08T14:50:58Z" user="user_10474167" uid="10474167" lat="45.6662787" lon="13.8032995"/>
 <node id="7380482804" visible="true" version="2" changeset="88050299" timestamp="2020-07-15T20:20:14Z" user="Profilo3: c0r0n4-V1ru5" uid="11354018" lat="45.6672369" lon="13.8033546"/>
 <node id="7380482805" visible="true" version="1" changeset="83260365" timestamp="2020-04-08T14:50:58Z" user="user_10474167" uid="10474167" lat="45.6670204" lon="13.8031952"/>
 <node id="7380482806" visible="true" version="1" changeset="83260365" timestamp="2020-04-08T14:50:58Z" user="user_10474167" uid="10474167" lat="45.6670223" lon="13.8032661"/>
 <node id="7380482807" visible="true" version="1" changeset="83260365" timestamp="2020-04-08T14:50:58Z" user="user_10474167" uid="10474167" lat="45.6670371" lon="13.8033934"/>
 <node id="7380482808" visible="true" version="1" changeset="83260365" timestamp="2020-04-08T14:50:58Z" user="user_10474167" uid="10474167" lat="45.6667180" lon="13.8033851"/>
 <node id="7380482809" visible="true" version="1" changeset="83260365" timestamp="2020-04-08T14:50:58Z" user="user_10474167" uid="10474167" lat="45.6665169" lon="13.8032514"/>
 <node id="7380482810" visible="true" version="1" changeset="83260365" timestamp="2020-04-08T14:50:58Z" user="user_10474167" uid="10474167" lat="45.6664986" lon="13.8032609"/>
 <node id="7395708117" visible="true" version="2" changeset="158296278" timestamp="2024-10-24T13:12:28Z" user="Armando Hasanbelliu" uid="20965715" lat="45.6405053" lon="13.8337587"/>
 <node id="7395708118" visible="true" version="2" changeset="158296278" timestamp="2024-10-24T13:12:28Z" user="Armando Hasanbelliu" uid="20965715" lat="45.6406467" lon="13.8335522"/>
 <node id="7395708119" visible="true" version="1" changeset="83436055" timestamp="2020-04-12T18:32:51Z" user="Badojo" uid="8189075" lat="45.6407886" lon="13.8333411"/>
 <node id="7395708120" visible="true" version="1" changeset="83436055" timestamp="2020-04-12T18:32:51Z" user="Badojo" uid="8189075" lat="45.6409312" lon="13.8331097"/>
 <node id="7395708121" visible="true" version="2" changeset="158296278" timestamp="2024-10-24T13:12:28Z" user="Armando Hasanbelliu" uid="20965715" lat="45.6410708" lon="13.8328928"/>
 <node id="7395708122" visible="true" version="2" changeset="158296278" timestamp="2024-10-24T13:12:28Z" user="Armando Hasanbelliu" uid="20965715" lat="45.6412625" lon="13.8326539"/>
 <node id="7395708123" visible="true" version="2" changeset="158296278" timestamp="2024-10-24T13:12:28Z" user="Armando Hasanbelliu" uid="20965715" lat="45.6402362" lon="13.8340840"/>
 <node id="7395708124" visible="true" version="2" changeset="158296278" timestamp="2024-10-24T13:12:28Z" user="Armando Hasanbelliu" uid="20965715" lat="45.6403974" lon="13.8339107"/>
 <node id="7395708125" visible="true" version="2" changeset="158296278" timestamp="2024-10-24T13:12:28Z" user="Armando Hasanbelliu" uid="20965715" lat="45.6415767" lon="13.8323369"/>
 <node id="7395708126" visible="true" version="1" changeset="83436055" timestamp="2020-04-12T18:32:51Z" user="Badojo" uid="8189075" lat="45.6418960" lon="13.8320425"/>
 <node id="7395708127" visible="true" version="1" changeset="83436055" timestamp="2020-04-12T18:32:51Z" user="Badojo" uid="8189075" lat="45.6421442" lon="13.8318085"/>
 <node id="7395708128" visible="true" version="1" changeset="83436055" timestamp="2020-04-12T18:32:51Z" user="Badojo" uid="8189075" lat="45.6423309" lon="13.8316756"/>
 <node id="7395708129" visible="true" version="1" changeset="83436055" timestamp="2020-04-12T18:32:51Z" user="Badojo" uid="8189075" lat="45.6425866" lon="13.8315229"/>
 <node id="7395708130" visible="true" version="1" changeset="83436055" timestamp="2020-04-12T18:32:51Z" user="Badojo" uid="8189075" lat="45.6428545" lon="13.8313316"/>
 <node id="7395708131" visible="true" version="1" changeset="83436055" timestamp="2020-04-12T18:32:51Z" user="Badojo" uid="8189075" lat="45.6430319" lon="13.8311790"/>
 <node id="7395708133" visible="true" version="2" changeset="158296278" timestamp="2024-10-24T13:12:28Z" user="Armando Hasanbelliu" uid="20965715" lat="45.6401513" lon="13.8340847"/>
 <node id="7395708134" visible="true" version="2" changeset="158296278" timestamp="2024-10-24T13:12:28Z" user="Armando Hasanbelliu" uid="20965715" lat="45.6401750" lon="13.8336282"/>
 <node id="7395708135" visible="true" version="2" changeset="158296278" timestamp="2024-10-24T13:12:28Z" user="Armando Hasanbelliu" uid="20965715" lat="45.6401008" lon="13.8338004"/>
 <node id="7395708136" visible="true" version="2" changeset="158296278" timestamp="2024-10-24T13:12:28Z" user="Armando Hasanbelliu" uid="20965715" lat="45.6401002" lon="13.8339225"/>
 <node id="7395708137" visible="true" version="2" changeset="158296278" timestamp="2024-10-24T13:12:28Z" user="Armando Hasanbelliu" uid="20965715" lat="45.6401172" lon="13.8340017"/>
 <node id="7402239303" visible="true" version="2" changeset="98323862" timestamp="2021-01-28T23:18:10Z" user="damjang" uid="97922" lat="45.6575966" lon="13.8316453"/>
 <node id="7402239304" visible="true" version="2" changeset="98323862" timestamp="2021-01-28T23:18:10Z" user="damjang" uid="97922" lat="45.6570088" lon="13.8315178"/>
 <node id="7402239305" visible="true" version="2" changeset="98323862" timestamp="2021-01-28T23:18:10Z" user="damjang" uid="97922" lat="45.6569288" lon="13.8315723"/>
 <node id="7402239306" visible="true" version="1" changeset="83539063" timestamp="2020-04-14T13:56:10Z" user="user_10474167" uid="10474167" lat="45.6541746" lon="13.8276824"/>
 <node id="7402239307" visible="true" version="1" changeset="83539063" timestamp="2020-04-14T13:56:10Z" user="user_10474167" uid="10474167" lat="45.6538185" lon="13.8268289"/>
 <node id="7402239308" visible="true" version="1" changeset="83539063" timestamp="2020-04-14T13:56:10Z" user="user_10474167" uid="10474167" lat="45.6533673" lon="13.8260604"/>
 <node id="7402239309" visible="true" version="1" changeset="83539063" timestamp="2020-04-14T13:56:10Z" user="user_10474167" uid="10474167" lat="45.6517786" lon="13.8295262"/>
 <node id="7402239311" visible="true" version="2" changeset="98323862" timestamp="2021-01-28T23:18:10Z" user="damjang" uid="97922" lat="45.6592275" lon="13.8329931"/>
 <node id="7402239312" visible="true" version="2" changeset="98323862" timestamp="2021-01-28T23:18:10Z" user="damjang" uid="97922" lat="45.6590948" lon="13.8328641"/>
 <node id="7402239313" visible="true" version="2" changeset="98323862" timestamp="2021-01-28T23:18:10Z" user="damjang" uid="97922" lat="45.6587138" lon="13.8328460"/>
 <node id="7402239314" visible="true" version="2" changeset="98323862" timestamp="2021-01-28T23:18:10Z" user="damjang" uid="97922" lat="45.6578585" lon="13.8335558"/>
 <node id="7402239315" visible="true" version="2" changeset="98323862" timestamp="2021-01-28T23:18:10Z" user="damjang" uid="97922" lat="45.6573736" lon="13.8340104"/>
 <node id="7402239316" visible="true" version="2" changeset="98323862" timestamp="2021-01-28T23:18:10Z" user="damjang" uid="97922" lat="45.6569522" lon="13.8340492"/>
 <node id="7402239317" visible="true" version="2" changeset="98323862" timestamp="2021-01-28T23:18:10Z" user="damjang" uid="97922" lat="45.6562270" lon="13.8346369"/>
 <node id="7402239318" visible="true" version="2" changeset="98323862" timestamp="2021-01-28T23:18:10Z" user="damjang" uid="97922" lat="45.6560210" lon="13.8341011"/>
 <node id="7402239319" visible="true" version="2" changeset="98323862" timestamp="2021-01-28T23:18:10Z" user="damjang" uid="97922" lat="45.6568513" lon="13.8333648"/>
 <node id="7402239320" visible="true" version="2" changeset="98323862" timestamp="2021-01-28T23:18:10Z" user="damjang" uid="97922" lat="45.6573723" lon="13.8327702"/>
 <node id="7402239321" visible="true" version="2" changeset="98323862" timestamp="2021-01-28T23:18:10Z" user="damjang" uid="97922" lat="45.6575677" lon="13.8322683"/>
 <node id="7402239322" visible="true" version="2" changeset="98323862" timestamp="2021-01-28T23:18:10Z" user="damjang" uid="97922" lat="45.6576845" lon="13.8318591"/>
 <node id="7402239323" visible="true" version="2" changeset="98323862" timestamp="2021-01-28T23:18:10Z" user="damjang" uid="97922" lat="45.6566600" lon="13.8335662"/>
 <node id="7410042143" visible="true" version="1" changeset="83635218" timestamp="2020-04-16T08:29:04Z" user="user_10474167" uid="10474167" lat="45.6604023" lon="13.8305861"/>
 <node id="7410042144" visible="true" version="1" changeset="83635218" timestamp="2020-04-16T08:29:04Z" user="user_10474167" uid="10474167" lat="45.6589552" lon="13.8317632"/>
 <node id="7410042145" visible="true" version="1" changeset="83635218" timestamp="2020-04-16T08:29:04Z" user="user_10474167" uid="10474167" lat="45.6590935" lon="13.8320870"/>
 <node id="7410042146" visible="true" version="1" changeset="83635218" timestamp="2020-04-16T08:29:04Z" user="user_10474167" uid="10474167" lat="45.6603757" lon="13.8310278"/>
 <node id="7410042147" visible="true" version="1" changeset="83635218" timestamp="2020-04-16T08:29:04Z" user="user_10474167" uid="10474167" lat="45.6597933" lon="13.8316513"/>
 <node id="7410042148" visible="true" version="1" changeset="83635218" timestamp="2020-04-16T08:29:04Z" user="user_10474167" uid="10474167" lat="45.6596327" lon="13.8318312"/>
 <node id="7410042149" visible="true" version="1" changeset="83635218" timestamp="2020-04-16T08:29:04Z" user="user_10474167" uid="10474167" lat="45.6594259" lon="13.8320310"/>
 <node id="7410042150" visible="true" version="1" changeset="83635218" timestamp="2020-04-16T08:29:04Z" user="user_10474167" uid="10474167" lat="45.6592500" lon="13.8321289"/>
 <node id="7410042151" visible="true" version="1" changeset="83635218" timestamp="2020-04-16T08:29:04Z" user="user_10474167" uid="10474167" lat="45.6591131" lon="13.8321569"/>
 <node id="7410042152" visible="true" version="1" changeset="83635218" timestamp="2020-04-16T08:29:04Z" user="user_10474167" uid="10474167" lat="45.6589985" lon="13.8321289"/>
 <node id="7410042153" visible="true" version="2" changeset="98323862" timestamp="2021-01-28T23:18:10Z" user="damjang" uid="97922" lat="45.6588803" lon="13.8320724"/>
 <node id="7410042154" visible="true" version="2" changeset="98323862" timestamp="2021-01-28T23:18:10Z" user="damjang" uid="97922" lat="45.6587769" lon="13.8320025"/>
 <node id="7410042155" visible="true" version="2" changeset="98323862" timestamp="2021-01-28T23:18:10Z" user="damjang" uid="97922" lat="45.6586214" lon="13.8318400"/>
 <node id="7410042156" visible="true" version="2" changeset="98323862" timestamp="2021-01-28T23:18:10Z" user="damjang" uid="97922" lat="45.6584054" lon="13.8315676"/>
 <node id="7410042157" visible="true" version="2" changeset="98323862" timestamp="2021-01-28T23:18:10Z" user="damjang" uid="97922" lat="45.6582266" lon="13.8313990"/>
 <node id="7410042158" visible="true" version="2" changeset="98323862" timestamp="2021-01-28T23:18:10Z" user="damjang" uid="97922" lat="45.6580810" lon="13.8313165"/>
 <node id="7410042159" visible="true" version="2" changeset="98323862" timestamp="2021-01-28T23:18:10Z" user="damjang" uid="97922" lat="45.6570655" lon="13.8309651"/>
 <node id="7410042160" visible="true" version="2" changeset="98324325" timestamp="2021-01-28T23:30:37Z" user="damjang" uid="97922" lat="45.6581441" lon="13.8312195"/>
 <node id="7410042161" visible="true" version="1" changeset="83635218" timestamp="2020-04-16T08:29:04Z" user="user_10474167" uid="10474167" lat="45.6585111" lon="13.8312276"/>
 <node id="7410042162" visible="true" version="1" changeset="83635218" timestamp="2020-04-16T08:29:04Z" user="user_10474167" uid="10474167" lat="45.6588952" lon="13.8311757"/>
 <node id="7410042163" visible="true" version="1" changeset="83635218" timestamp="2020-04-16T08:29:04Z" user="user_10474167" uid="10474167" lat="45.6592723" lon="13.8310698"/>
 <node id="7410042164" visible="true" version="1" changeset="83635218" timestamp="2020-04-16T08:29:04Z" user="user_10474167" uid="10474167" lat="45.6596466" lon="13.8309379"/>
 <node id="7410042165" visible="true" version="1" changeset="83635218" timestamp="2020-04-16T08:29:04Z" user="user_10474167" uid="10474167" lat="45.6599707" lon="13.8307820"/>
 <node id="7454790533" visible="true" version="1" changeset="84217200" timestamp="2020-04-27T19:24:53Z" user="user_10474167" uid="10474167" lat="45.6657098" lon="13.8061738"/>
 <node id="7454790534" visible="true" version="1" changeset="84217200" timestamp="2020-04-27T19:24:53Z" user="user_10474167" uid="10474167" lat="45.6666281" lon="13.8054207"/>
 <node id="7454790535" visible="true" version="2" changeset="132489872" timestamp="2023-02-13T13:12:09Z" user="alessandrocarmeli" uid="12294600" lat="45.6666604" lon="13.8056795"/>
 <node id="7456720967" visible="true" version="2" changeset="132489872" timestamp="2023-02-13T13:12:09Z" user="alessandrocarmeli" uid="12294600" lat="45.6576179" lon="13.8149836"/>
 <node id="7456720968" visible="true" version="1" changeset="84246588" timestamp="2020-04-28T07:50:40Z" user="user_10474167" uid="10474167" lat="45.6578043" lon="13.8149366"/>
 <node id="7456720969" visible="true" version="2" changeset="132489872" timestamp="2023-02-13T13:12:09Z" user="alessandrocarmeli" uid="12294600" lat="45.6578014" lon="13.8146356"/>
 <node id="7456720970" visible="true" version="2" changeset="132489872" timestamp="2023-02-13T13:12:09Z" user="alessandrocarmeli" uid="12294600" lat="45.6575440" lon="13.8146536"/>
 <node id="7474194940" visible="true" version="1" changeset="84531163" timestamp="2020-05-02T17:43:36Z" user="user_6631989" uid="6631989" lat="45.6673723" lon="13.8031542"/>
 <node id="7474194943" visible="true" version="1" changeset="84531163" timestamp="2020-05-02T17:43:36Z" user="user_6631989" uid="6631989" lat="45.6672700" lon="13.8032908"/>
 <node id="7474194944" visible="true" version="1" changeset="84531163" timestamp="2020-05-02T17:43:36Z" user="user_6631989" uid="6631989" lat="45.6673098" lon="13.8032106"/>
 <node id="7475712760" visible="true" version="2" changeset="111760893" timestamp="2021-09-27T10:25:07Z" user="alessandrocarmeli" uid="12294600" lat="45.6643969" lon="13.8049264"/>
 <node id="7475712761" visible="true" version="1" changeset="84559037" timestamp="2020-05-03T11:12:45Z" user="user_6631989" uid="6631989" lat="45.6637707" lon="13.8052695"/>
 <node id="7475712762" visible="true" version="2" changeset="111771455" timestamp="2021-09-27T14:17:52Z" user="alessandrocarmeli" uid="12294600" lat="45.6629124" lon="13.8063578"/>
 <node id="7475712763" visible="true" version="2" changeset="111771455" timestamp="2021-09-27T14:17:52Z" user="alessandrocarmeli" uid="12294600" lat="45.6630174" lon="13.8064789"/>
 <node id="7475712764" visible="true" version="2" changeset="111771455" timestamp="2021-09-27T14:17:52Z" user="alessandrocarmeli" uid="12294600" lat="45.6629636" lon="13.8066086"/>
 <node id="7475712765" visible="true" version="1" changeset="84559037" timestamp="2020-05-03T11:12:45Z" user="user_6631989" uid="6631989" lat="45.6631242" lon="13.8067893"/>
 <node id="7475712766" visible="true" version="2" changeset="111771455" timestamp="2021-09-27T14:17:52Z" user="alessandrocarmeli" uid="12294600" lat="45.6630274" lon="13.8068892"/>
 <node id="7475712767" visible="true" version="1" changeset="84559037" timestamp="2020-05-03T11:12:45Z" user="user_6631989" uid="6631989" lat="45.6628853" lon="13.8069666"/>
 <node id="7475712768" visible="true" version="1" changeset="84559037" timestamp="2020-05-03T11:12:45Z" user="user_6631989" uid="6631989" lat="45.6625506" lon="13.8071257"/>
 <node id="7475712769" visible="true" version="1" changeset="84559037" timestamp="2020-05-03T11:12:45Z" user="user_6631989" uid="6631989" lat="45.6621780" lon="13.8079480"/>
 <node id="7475712770" visible="true" version="1" changeset="84559037" timestamp="2020-05-03T11:12:45Z" user="user_6631989" uid="6631989" lat="45.6619760" lon="13.8083342"/>
 <node id="7475712771" visible="true" version="1" changeset="84559037" timestamp="2020-05-03T11:12:45Z" user="user_6631989" uid="6631989" lat="45.6618175" lon="13.8086232"/>
 <node id="7475712772" visible="true" version="1" changeset="84559037" timestamp="2020-05-03T11:12:45Z" user="user_6631989" uid="6631989" lat="45.6617008" lon="13.8088250"/>
 <node id="7475712773" visible="true" version="1" changeset="84559037" timestamp="2020-05-03T11:12:45Z" user="user_6631989" uid="6631989" lat="45.6613700" lon="13.8093757"/>
 <node id="7475712774" visible="true" version="1" changeset="84559037" timestamp="2020-05-03T11:12:45Z" user="user_6631989" uid="6631989" lat="45.6610339" lon="13.8099986"/>
 <node id="7475712775" visible="true" version="1" changeset="84559037" timestamp="2020-05-03T11:12:45Z" user="user_6631989" uid="6631989" lat="45.6610617" lon="13.8100659"/>
 <node id="7475712776" visible="true" version="1" changeset="84559037" timestamp="2020-05-03T11:12:45Z" user="user_6631989" uid="6631989" lat="45.6610339" lon="13.8101755"/>
 <node id="7475712777" visible="true" version="1" changeset="84559037" timestamp="2020-05-03T11:12:45Z" user="user_6631989" uid="6631989" lat="45.6609747" lon="13.8102777"/>
 <node id="7475712778" visible="true" version="1" changeset="84559037" timestamp="2020-05-03T11:12:45Z" user="user_6631989" uid="6631989" lat="45.6609729" lon="13.8104048"/>
 <node id="7475712779" visible="true" version="1" changeset="84559037" timestamp="2020-05-03T11:12:45Z" user="user_6631989" uid="6631989" lat="45.6609538" lon="13.8104396"/>
 <node id="7475712780" visible="true" version="1" changeset="84559037" timestamp="2020-05-03T11:12:45Z" user="user_6631989" uid="6631989" lat="45.6611088" lon="13.8108682"/>
 <node id="7475712781" visible="true" version="1" changeset="84559037" timestamp="2020-05-03T11:12:45Z" user="user_6631989" uid="6631989" lat="45.6609903" lon="13.8109878"/>
 <node id="7475712782" visible="true" version="1" changeset="84559037" timestamp="2020-05-03T11:12:45Z" user="user_6631989" uid="6631989" lat="45.6609433" lon="13.8110426"/>
 <node id="7475712783" visible="true" version="1" changeset="84559037" timestamp="2020-05-03T11:12:45Z" user="user_6631989" uid="6631989" lat="45.6607448" lon="13.8112370"/>
 <node id="7475712784" visible="true" version="1" changeset="84559037" timestamp="2020-05-03T11:12:45Z" user="user_6631989" uid="6631989" lat="45.6606960" lon="13.8113890"/>
 <node id="7475720785" visible="true" version="1" changeset="84559037" timestamp="2020-05-03T11:12:45Z" user="user_6631989" uid="6631989" lat="45.6606873" lon="13.8114637"/>
 <node id="7475720797" visible="true" version="1" changeset="84559037" timestamp="2020-05-03T11:12:45Z" user="user_6631989" uid="6631989" lat="45.6602646" lon="13.8116975"/>
 <node id="7475720798" visible="true" version="1" changeset="84559037" timestamp="2020-05-03T11:12:45Z" user="user_6631989" uid="6631989" lat="45.6602131" lon="13.8117712"/>
 <node id="7475720799" visible="true" version="1" changeset="84559037" timestamp="2020-05-03T11:12:45Z" user="user_6631989" uid="6631989" lat="45.6601828" lon="13.8117755"/>
 <node id="7475720800" visible="true" version="1" changeset="84559037" timestamp="2020-05-03T11:12:45Z" user="user_6631989" uid="6631989" lat="45.6601540" lon="13.8117582"/>
 <node id="7475720801" visible="true" version="1" changeset="84559037" timestamp="2020-05-03T11:12:45Z" user="user_6631989" uid="6631989" lat="45.6599014" lon="13.8120517"/>
 <node id="7475720802" visible="true" version="1" changeset="84559037" timestamp="2020-05-03T11:12:45Z" user="user_6631989" uid="6631989" lat="45.6595336" lon="13.8123010"/>
 <node id="7475720803" visible="true" version="1" changeset="84559037" timestamp="2020-05-03T11:12:45Z" user="user_6631989" uid="6631989" lat="45.6592510" lon="13.8124284"/>
 <node id="7475720804" visible="true" version="1" changeset="84559037" timestamp="2020-05-03T11:12:45Z" user="user_6631989" uid="6631989" lat="45.6590325" lon="13.8126161"/>
 <node id="7475720805" visible="true" version="1" changeset="84559037" timestamp="2020-05-03T11:12:45Z" user="user_6631989" uid="6631989" lat="45.6588787" lon="13.8128389"/>
 <node id="7475720806" visible="true" version="1" changeset="84559037" timestamp="2020-05-03T11:12:45Z" user="user_6631989" uid="6631989" lat="45.6582936" lon="13.8139160"/>
 <node id="7475720807" visible="true" version="1" changeset="84559037" timestamp="2020-05-03T11:12:45Z" user="user_6631989" uid="6631989" lat="45.6582217" lon="13.8140474"/>
 <node id="7475720808" visible="true" version="1" changeset="84559037" timestamp="2020-05-03T11:12:45Z" user="user_6631989" uid="6631989" lat="45.6581678" lon="13.8141046"/>
 <node id="7475720817" visible="true" version="1" changeset="84559037" timestamp="2020-05-03T11:12:45Z" user="user_6631989" uid="6631989" lat="45.6656128" lon="13.8051112"/>
 <node id="7475720818" visible="true" version="1" changeset="84559037" timestamp="2020-05-03T11:12:45Z" user="user_6631989" uid="6631989" lat="45.6657491" lon="13.8050034"/>
 <node id="7475720819" visible="true" version="1" changeset="84559037" timestamp="2020-05-03T11:12:45Z" user="user_6631989" uid="6631989" lat="45.6659222" lon="13.8048405"/>
 <node id="7475720820" visible="true" version="1" changeset="84559037" timestamp="2020-05-03T11:12:45Z" user="user_6631989" uid="6631989" lat="45.6659799" lon="13.8048336"/>
 <node id="7475720821" visible="true" version="1" changeset="84559037" timestamp="2020-05-03T11:12:45Z" user="user_6631989" uid="6631989" lat="45.6660088" lon="13.8049024"/>
 <node id="7475720822" visible="true" version="1" changeset="84559037" timestamp="2020-05-03T11:12:45Z" user="user_6631989" uid="6631989" lat="45.6660008" lon="13.8049713"/>
 <node id="7475720823" visible="true" version="1" changeset="84559037" timestamp="2020-05-03T11:12:45Z" user="user_6631989" uid="6631989" lat="45.6657607" lon="13.8055366"/>
 <node id="7475720824" visible="true" version="1" changeset="84559037" timestamp="2020-05-03T11:12:45Z" user="user_6631989" uid="6631989" lat="45.6654785" lon="13.8059022"/>
 <node id="7475720825" visible="true" version="1" changeset="84559037" timestamp="2020-05-03T11:12:45Z" user="user_6631989" uid="6631989" lat="45.6654611" lon="13.8059682"/>
 <node id="7475720826" visible="true" version="1" changeset="84559037" timestamp="2020-05-03T11:12:45Z" user="user_6631989" uid="6631989" lat="45.6654611" lon="13.8060314"/>
 <node id="7475720827" visible="true" version="1" changeset="84559037" timestamp="2020-05-03T11:12:45Z" user="user_6631989" uid="6631989" lat="45.6654725" lon="13.8061051"/>
 <node id="7475720828" visible="true" version="1" changeset="84559037" timestamp="2020-05-03T11:12:45Z" user="user_6631989" uid="6631989" lat="45.6655019" lon="13.8061491"/>
 <node id="7475720829" visible="true" version="1" changeset="84559037" timestamp="2020-05-03T11:12:45Z" user="user_6631989" uid="6631989" lat="45.6655627" lon="13.8061950"/>
 <node id="7475720830" visible="true" version="1" changeset="84559037" timestamp="2020-05-03T11:12:45Z" user="user_6631989" uid="6631989" lat="45.6656125" lon="13.8062015"/>
 <node id="7485845079" visible="true" version="1" changeset="84700819" timestamp="2020-05-05T14:12:38Z" user="user_6631989" uid="6631989" lat="45.6587985" lon="13.8309038"/>
 <node id="7485845080" visible="true" version="1" changeset="84700819" timestamp="2020-05-05T14:12:38Z" user="user_6631989" uid="6631989" lat="45.6593572" lon="13.8308902"/>
 <node id="7485845081" visible="true" version="1" changeset="84700819" timestamp="2020-05-05T14:12:38Z" user="user_6631989" uid="6631989" lat="45.6596715" lon="13.8307812"/>
 <node id="7485845082" visible="true" version="1" changeset="84700819" timestamp="2020-05-05T14:12:38Z" user="user_6631989" uid="6631989" lat="45.6602937" lon="13.8304951"/>
 <node id="7485845083" visible="true" version="1" changeset="84700819" timestamp="2020-05-05T14:12:38Z" user="user_6631989" uid="6631989" lat="45.6607793" lon="13.8301817"/>
 <node id="7485857139" visible="true" version="2" changeset="98324325" timestamp="2021-01-28T23:30:37Z" user="damjang" uid="97922" lat="45.6588750" lon="13.8310554"/>
 <node id="7485857140" visible="true" version="2" changeset="98324325" timestamp="2021-01-28T23:30:37Z" user="damjang" uid="97922" lat="45.6583821" lon="13.8310943"/>
 <node id="7485857141" visible="true" version="2" changeset="98324325" timestamp="2021-01-28T23:30:37Z" user="damjang" uid="97922" lat="45.6581051" lon="13.8310742"/>
 <node id="7485857142" visible="true" version="2" changeset="98324325" timestamp="2021-01-28T23:30:37Z" user="damjang" uid="97922" lat="45.6578248" lon="13.8310383"/>
 <node id="7485857143" visible="true" version="2" changeset="98324325" timestamp="2021-01-28T23:30:37Z" user="damjang" uid="97922" lat="45.6574422" lon="13.8309353"/>
 <node id="7485857144" visible="true" version="2" changeset="98324325" timestamp="2021-01-28T23:30:37Z" user="damjang" uid="97922" lat="45.6570753" lon="13.8308039"/>
 <node id="7485857145" visible="true" version="2" changeset="98324325" timestamp="2021-01-28T23:30:37Z" user="damjang" uid="97922" lat="45.6566417" lon="13.8305770"/>
 <node id="7485857146" visible="true" version="2" changeset="98324325" timestamp="2021-01-28T23:30:37Z" user="damjang" uid="97922" lat="45.6562340" lon="13.8302726"/>
 <node id="7485857147" visible="true" version="2" changeset="98324325" timestamp="2021-01-28T23:30:37Z" user="damjang" uid="97922" lat="45.6562812" lon="13.8301817"/>
 <node id="7485857148" visible="true" version="2" changeset="98324325" timestamp="2021-01-28T23:30:37Z" user="damjang" uid="97922" lat="45.6563501" lon="13.8301221"/>
 <node id="7485857149" visible="true" version="1" changeset="84700819" timestamp="2020-05-05T14:12:38Z" user="user_6631989" uid="6631989" lat="45.6564209" lon="13.8301294"/>
 <node id="7485857150" visible="true" version="2" changeset="98324325" timestamp="2021-01-28T23:30:37Z" user="damjang" uid="97922" lat="45.6565043" lon="13.8302146"/>
 <node id="7485857151" visible="true" version="1" changeset="84700819" timestamp="2020-05-05T14:12:38Z" user="user_6631989" uid="6631989" lat="45.6568456" lon="13.8306099"/>
 <node id="7485857152" visible="true" version="2" changeset="98324325" timestamp="2021-01-28T23:30:37Z" user="damjang" uid="97922" lat="45.6570611" lon="13.8307383"/>
 <node id="7485857153" visible="true" version="2" changeset="98324325" timestamp="2021-01-28T23:30:37Z" user="damjang" uid="97922" lat="45.6572229" lon="13.8307950"/>
 <node id="7485857154" visible="true" version="2" changeset="98324325" timestamp="2021-01-28T23:30:37Z" user="damjang" uid="97922" lat="45.6574826" lon="13.8307923"/>
 <node id="7485857155" visible="true" version="2" changeset="98324325" timestamp="2021-01-28T23:30:37Z" user="damjang" uid="97922" lat="45.6575763" lon="13.8308064"/>
 <node id="7485857156" visible="true" version="2" changeset="98324325" timestamp="2021-01-28T23:30:37Z" user="damjang" uid="97922" lat="45.6579285" lon="13.8308905"/>
 <node id="7485857160" visible="true" version="2" changeset="143935065" timestamp="2023-11-12T14:15:49Z" user="Badojo" uid="8189075" lat="45.6574243" lon="13.8305931"/>
 <node id="7485857161" visible="true" version="1" changeset="84700819" timestamp="2020-05-05T14:12:38Z" user="user_6631989" uid="6631989" lat="45.6577290" lon="13.8308045"/>
 <node id="7485857162" visible="true" version="1" changeset="84700819" timestamp="2020-05-05T14:12:38Z" user="user_6631989" uid="6631989" lat="45.6576065" lon="13.8307682"/>
 <node id="7485857163" visible="true" version="4" changeset="143935065" timestamp="2023-11-12T14:15:49Z" user="Badojo" uid="8189075" lat="45.6575108" lon="13.8307174">
  <tag k="direction" v="forward"/>
  <tag k="highway" v="stop"/>
 </node>
 <node id="7485857168" visible="true" version="4" changeset="143935065" timestamp="2023-11-12T14:15:49Z" user="Badojo" uid="8189075" lat="45.6573522" lon="13.8306955"/>
 <node id="7485857171" visible="true" version="4" changeset="143935065" timestamp="2023-11-12T14:15:49Z" user="Badojo" uid="8189075" lat="45.6573369" lon="13.8307691"/>
 <node id="7485857172" visible="true" version="4" changeset="143935065" timestamp="2023-11-12T14:15:49Z" user="Badojo" uid="8189075" lat="45.6573872" lon="13.8307625"/>
 <node id="7485857173" visible="true" version="4" changeset="143935065" timestamp="2023-11-12T14:15:49Z" user="Badojo" uid="8189075" lat="45.6574429" lon="13.8307305"/>
 <node id="7485857174" visible="true" version="3" changeset="143935065" timestamp="2023-11-12T14:15:49Z" user="Badojo" uid="8189075" lat="45.6574889" lon="13.8306335"/>
 <node id="7485857175" visible="true" version="3" changeset="143935065" timestamp="2023-11-12T14:15:49Z" user="Badojo" uid="8189075" lat="45.6575017" lon="13.8305716"/>
 <node id="7485857177" visible="true" version="2" changeset="98324325" timestamp="2021-01-28T23:30:37Z" user="damjang" uid="97922" lat="45.6561928" lon="13.8305488"/>
 <node id="7485857178" visible="true" version="1" changeset="84700819" timestamp="2020-05-05T14:12:38Z" user="user_6631989" uid="6631989" lat="45.6561939" lon="13.8306863"/>
 <node id="7485857179" visible="true" version="2" changeset="98324325" timestamp="2021-01-28T23:30:37Z" user="damjang" uid="97922" lat="45.6562947" lon="13.8308610"/>
 <node id="7485857180" visible="true" version="1" changeset="84700819" timestamp="2020-05-05T14:12:38Z" user="user_6631989" uid="6631989" lat="45.6566934" lon="13.8311989"/>
 <node id="7485857181" visible="true" version="1" changeset="84700819" timestamp="2020-05-05T14:12:38Z" user="user_6631989" uid="6631989" lat="45.6569223" lon="13.8313542"/>
 <node id="7485857182" visible="true" version="1" changeset="84700819" timestamp="2020-05-05T14:12:38Z" user="user_6631989" uid="6631989" lat="45.6570334" lon="13.8313916"/>
 <node id="7485857183" visible="true" version="1" changeset="84700819" timestamp="2020-05-05T14:12:38Z" user="user_6631989" uid="6631989" lat="45.6572269" lon="13.8314290"/>
 <node id="7485857184" visible="true" version="1" changeset="84700819" timestamp="2020-05-05T14:12:38Z" user="user_6631989" uid="6631989" lat="45.6577761" lon="13.8314814"/>
 <node id="7485857185" visible="true" version="1" changeset="84700819" timestamp="2020-05-05T14:12:38Z" user="user_6631989" uid="6631989" lat="45.6580533" lon="13.8315656"/>
 <node id="7485857186" visible="true" version="1" changeset="84700819" timestamp="2020-05-05T14:12:38Z" user="user_6631989" uid="6631989" lat="45.6582848" lon="13.8317022"/>
 <node id="7485857187" visible="true" version="1" changeset="84700819" timestamp="2020-05-05T14:12:38Z" user="user_6631989" uid="6631989" lat="45.6585241" lon="13.8319285"/>
 <node id="7485857188" visible="true" version="1" changeset="84700819" timestamp="2020-05-05T14:12:38Z" user="user_6631989" uid="6631989" lat="45.6589543" lon="13.8324318"/>
 <node id="7485857189" visible="true" version="1" changeset="84700819" timestamp="2020-05-05T14:12:38Z" user="user_6631989" uid="6631989" lat="45.6590942" lon="13.8324243"/>
 <node id="7485857190" visible="true" version="1" changeset="84700819" timestamp="2020-05-05T14:12:38Z" user="user_6631989" uid="6631989" lat="45.6592707" lon="13.8323551"/>
 <node id="7485857191" visible="true" version="1" changeset="84700819" timestamp="2020-05-05T14:12:38Z" user="user_6631989" uid="6631989" lat="45.6594014" lon="13.8322297"/>
 <node id="7485857192" visible="true" version="1" changeset="84700819" timestamp="2020-05-05T14:12:38Z" user="user_6631989" uid="6631989" lat="45.6597166" lon="13.8318593"/>
 <node id="7485857193" visible="true" version="1" changeset="84700819" timestamp="2020-05-05T14:12:38Z" user="user_6631989" uid="6631989" lat="45.6594289" lon="13.8321194"/>
 <node id="7485857194" visible="true" version="1" changeset="84700819" timestamp="2020-05-05T14:12:38Z" user="user_6631989" uid="6631989" lat="45.6592628" lon="13.8322223"/>
 <node id="7485857195" visible="true" version="1" changeset="84700819" timestamp="2020-05-05T14:12:38Z" user="user_6631989" uid="6631989" lat="45.6590942" lon="13.8322428"/>
 <node id="7485857196" visible="true" version="1" changeset="84700819" timestamp="2020-05-05T14:12:38Z" user="user_6631989" uid="6631989" lat="45.6588889" lon="13.8321961"/>
 <node id="7485857197" visible="true" version="1" changeset="84700819" timestamp="2020-05-05T14:12:38Z" user="user_6631989" uid="6631989" lat="45.6587738" lon="13.8321194"/>
 <node id="7485857198" visible="true" version="1" changeset="84700819" timestamp="2020-05-05T14:12:38Z" user="user_6631989" uid="6631989" lat="45.6586247" lon="13.8319753"/>
 <node id="7485857199" visible="true" version="1" changeset="84700819" timestamp="2020-05-05T14:12:38Z" user="user_6631989" uid="6631989" lat="45.6583711" lon="13.8316592"/>
 <node id="7485857200" visible="true" version="1" changeset="84700819" timestamp="2020-05-05T14:12:38Z" user="user_6631989" uid="6631989" lat="45.6582024" lon="13.8314983"/>
 <node id="7485857201" visible="true" version="1" changeset="84700819" timestamp="2020-05-05T14:12:38Z" user="user_6631989" uid="6631989" lat="45.6580206" lon="13.8313935"/>
 <node id="7485857202" visible="true" version="1" changeset="84700819" timestamp="2020-05-05T14:12:38Z" user="user_6631989" uid="6631989" lat="45.6571406" lon="13.8311110"/>
 <node id="7485857203" visible="true" version="1" changeset="84700819" timestamp="2020-05-05T14:12:38Z" user="user_6631989" uid="6631989" lat="45.6567340" lon="13.8309015"/>
 <node id="7485857204" visible="true" version="2" changeset="98324325" timestamp="2021-01-28T23:30:37Z" user="damjang" uid="97922" lat="45.6564648" lon="13.8307440"/>
 <node id="7506648007" visible="true" version="2" changeset="143935065" timestamp="2023-11-12T14:15:49Z" user="Badojo" uid="8189075" lat="45.6575909" lon="13.8305833"/>
 <node id="7628483113" visible="true" version="4" changeset="115293384" timestamp="2021-12-23T11:15:30Z" user="Jonathan Asaf" uid="10828579" lat="45.6561009" lon="13.8308227">
  <tag k="direction" v="forward"/>
  <tag k="highway" v="stop"/>
 </node>
 <node id="7628483114" visible="true" version="3" changeset="100988543" timestamp="2021-03-14T13:07:46Z" user="alessandrocarmeli" uid="12294600" lat="45.6562727" lon="13.8300958">
  <tag k="direction" v="forward"/>
  <tag k="highway" v="give_way"/>
 </node>
 <node id="7628483115" visible="true" version="3" changeset="100988543" timestamp="2021-03-14T13:07:46Z" user="alessandrocarmeli" uid="12294600" lat="45.6562018" lon="13.8298995">
  <tag k="direction" v="forward"/>
  <tag k="highway" v="give_way"/>
 </node>
 <node id="7628483116" visible="true" version="3" changeset="100988543" timestamp="2021-03-14T13:07:46Z" user="alessandrocarmeli" uid="12294600" lat="45.6563857" lon="13.8299445">
  <tag k="direction" v="forward"/>
  <tag k="highway" v="give_way"/>
 </node>
 <node id="7628483117" visible="true" version="3" changeset="143935065" timestamp="2023-11-12T14:15:49Z" user="Badojo" uid="8189075" lat="45.6572924" lon="13.8307631"/>
 <node id="7628483118" visible="true" version="2" changeset="143935065" timestamp="2023-11-12T14:15:49Z" user="Badojo" uid="8189075" lat="45.6573807" lon="13.8306607"/>
 <node id="7628483120" visible="true" version="3" changeset="143935065" timestamp="2023-11-12T14:15:49Z" user="Badojo" uid="8189075" lat="45.6573111" lon="13.8307155"/>
 <node id="7628483121" visible="true" version="3" changeset="143935065" timestamp="2023-11-12T14:15:49Z" user="Badojo" uid="8189075" lat="45.6574704" lon="13.8306911"/>
 <node id="7628483122" visible="true" version="1" changeset="86760155" timestamp="2020-06-17T08:11:14Z" user="Badojo" uid="8189075" lat="45.6591414" lon="13.8300304"/>
 <node id="7628483123" visible="true" version="1" changeset="86760155" timestamp="2020-06-17T08:11:14Z" user="Badojo" uid="8189075" lat="45.6590669" lon="13.8300180"/>
 <node id="7628483124" visible="true" version="1" changeset="86760155" timestamp="2020-06-17T08:11:14Z" user="Badojo" uid="8189075" lat="45.6592316" lon="13.8302278"/>
 <node id="7628483125" visible="true" version="5" changeset="170299230" timestamp="2025-08-11T15:18:03Z" user="alessandrocarmeli" uid="12294600" lat="45.6535620" lon="13.8261723"/>
 <node id="7707183381" visible="true" version="1" changeset="87879132" timestamp="2020-07-12T14:03:13Z" user="user_10474167" uid="10474167" lat="45.6665290" lon="13.8032795"/>
 <node id="7707200107" visible="true" version="1" changeset="87879132" timestamp="2020-07-12T14:03:13Z" user="user_10474167" uid="10474167" lat="45.6662995" lon="13.8032787"/>
 <node id="7885598292" visible="true" version="1" changeset="90553166" timestamp="2020-09-08T02:29:05Z" user="user_6400648" uid="6400648" lat="45.6554731" lon="13.8165921"/>
 <node id="7885598293" visible="true" version="1" changeset="90553166" timestamp="2020-09-08T02:29:05Z" user="user_6400648" uid="6400648" lat="45.6554055" lon="13.8163945"/>
 <node id="7885598294" visible="true" version="1" changeset="90553166" timestamp="2020-09-08T02:29:05Z" user="user_6400648" uid="6400648" lat="45.6552917" lon="13.8163165"/>
 <node id="7885598295" visible="true" version="1" changeset="90553166" timestamp="2020-09-08T02:29:05Z" user="user_6400648" uid="6400648" lat="45.6549573" lon="13.8164803"/>
 <node id="7885598296" visible="true" version="1" changeset="90553166" timestamp="2020-09-08T02:29:05Z" user="user_6400648" uid="6400648" lat="45.6567481" lon="13.8152896"/>
 <node id="7885598297" visible="true" version="1" changeset="90553166" timestamp="2020-09-08T02:29:05Z" user="user_6400648" uid="6400648" lat="45.6564133" lon="13.8153700"/>
 <node id="7885598298" visible="true" version="1" changeset="90553166" timestamp="2020-09-08T02:29:05Z" user="user_6400648" uid="6400648" lat="45.6563621" lon="13.8152397"/>
 <node id="7885598299" visible="true" version="1" changeset="90553166" timestamp="2020-09-08T02:29:05Z" user="user_6400648" uid="6400648" lat="45.6561467" lon="13.8154650"/>
 <node id="7885598300" visible="true" version="1" changeset="90553166" timestamp="2020-09-08T02:29:05Z" user="user_6400648" uid="6400648" lat="45.6561129" lon="13.8154450"/>
 <node id="7885598301" visible="true" version="1" changeset="90553166" timestamp="2020-09-08T02:29:05Z" user="user_6400648" uid="6400648" lat="45.6561532" lon="13.8153061"/>
 <node id="7885598302" visible="true" version="1" changeset="90553166" timestamp="2020-09-08T02:29:05Z" user="user_6400648" uid="6400648" lat="45.6561170" lon="13.8152758"/>
 <node id="7885598303" visible="true" version="1" changeset="90553166" timestamp="2020-09-08T02:29:05Z" user="user_6400648" uid="6400648" lat="45.6560188" lon="13.8154657"/>
 <node id="7885598304" visible="true" version="1" changeset="90553166" timestamp="2020-09-08T02:29:05Z" user="user_6400648" uid="6400648" lat="45.6559024" lon="13.8153217"/>
 <node id="7885598305" visible="true" version="1" changeset="90553166" timestamp="2020-09-08T02:29:05Z" user="user_6400648" uid="6400648" lat="45.6558936" lon="13.8152414"/>
 <node id="7885598306" visible="true" version="1" changeset="90553166" timestamp="2020-09-08T02:29:05Z" user="user_6400648" uid="6400648" lat="45.6560634" lon="13.8149545"/>
 <node id="7885598307" visible="true" version="1" changeset="90553166" timestamp="2020-09-08T02:29:05Z" user="user_6400648" uid="6400648" lat="45.6557653" lon="13.8151595"/>
 <node id="7885598308" visible="true" version="1" changeset="90553166" timestamp="2020-09-08T02:29:05Z" user="user_6400648" uid="6400648" lat="45.6558285" lon="13.8153958"/>
 <node id="7885598309" visible="true" version="1" changeset="90553166" timestamp="2020-09-08T02:29:05Z" user="user_6400648" uid="6400648" lat="45.6556572" lon="13.8155403"/>
 <node id="7885598310" visible="true" version="1" changeset="90553166" timestamp="2020-09-08T02:29:05Z" user="user_6400648" uid="6400648" lat="45.6553596" lon="13.8155203"/>
 <node id="7885598311" visible="true" version="1" changeset="90553166" timestamp="2020-09-08T02:29:05Z" user="user_6400648" uid="6400648" lat="45.6553147" lon="13.8155404"/>
 <node id="7885598312" visible="true" version="1" changeset="90553166" timestamp="2020-09-08T02:29:05Z" user="user_6400648" uid="6400648" lat="45.6552791" lon="13.8154919"/>
 <node id="7885598313" visible="true" version="1" changeset="90553166" timestamp="2020-09-08T02:29:05Z" user="user_6400648" uid="6400648" lat="45.6551443" lon="13.8156189"/>
 <node id="7885598314" visible="true" version="1" changeset="90553166" timestamp="2020-09-08T02:29:05Z" user="user_6400648" uid="6400648" lat="45.6552175" lon="13.8158395"/>
 <node id="7885598315" visible="true" version="1" changeset="90553166" timestamp="2020-09-08T02:29:05Z" user="user_6400648" uid="6400648" lat="45.6549495" lon="13.8160734"/>
 <node id="7885598316" visible="true" version="1" changeset="90553166" timestamp="2020-09-08T02:29:05Z" user="user_6400648" uid="6400648" lat="45.6548637" lon="13.8158272"/>
 <node id="7885598317" visible="true" version="1" changeset="90553166" timestamp="2020-09-08T02:29:05Z" user="user_6400648" uid="6400648" lat="45.6548092" lon="13.8158879"/>
 <node id="7885598318" visible="true" version="1" changeset="90553166" timestamp="2020-09-08T02:29:05Z" user="user_6400648" uid="6400648" lat="45.6548929" lon="13.8161591"/>
 <node id="7885598319" visible="true" version="1" changeset="90553166" timestamp="2020-09-08T02:29:05Z" user="user_6400648" uid="6400648" lat="45.6547834" lon="13.8162918"/>
 <node id="7885598320" visible="true" version="1" changeset="90553166" timestamp="2020-09-08T02:29:05Z" user="user_6400648" uid="6400648" lat="45.6549886" lon="13.8166008"/>
 <node id="7885598321" visible="true" version="1" changeset="90553166" timestamp="2020-09-08T02:29:05Z" user="user_6400648" uid="6400648" lat="45.6547646" lon="13.8165970"/>
 <node id="7885598322" visible="true" version="1" changeset="90553166" timestamp="2020-09-08T02:29:05Z" user="user_6400648" uid="6400648" lat="45.6545008" lon="13.8164528"/>
 <node id="7885598323" visible="true" version="1" changeset="90553166" timestamp="2020-09-08T02:29:05Z" user="user_6400648" uid="6400648" lat="45.6545155" lon="13.8165756"/>
 <node id="7885598324" visible="true" version="1" changeset="90553166" timestamp="2020-09-08T02:29:05Z" user="user_6400648" uid="6400648" lat="45.6542309" lon="13.8165479"/>
 <node id="7885598325" visible="true" version="1" changeset="90553166" timestamp="2020-09-08T02:29:05Z" user="user_6400648" uid="6400648" lat="45.6542660" lon="13.8166303"/>
 <node id="7885598326" visible="true" version="1" changeset="90553166" timestamp="2020-09-08T02:29:05Z" user="user_6400648" uid="6400648" lat="45.6540306" lon="13.8166381"/>
 <node id="7888066067" visible="true" version="1" changeset="90603072" timestamp="2020-09-08T19:15:12Z" user="user_6400648" uid="6400648" lat="45.6559099" lon="13.8307175"/>
 <node id="7888066068" visible="true" version="1" changeset="90603072" timestamp="2020-09-08T19:15:12Z" user="user_6400648" uid="6400648" lat="45.6557836" lon="13.8306247"/>
 <node id="7888066069" visible="true" version="1" changeset="90603072" timestamp="2020-09-08T19:15:12Z" user="user_6400648" uid="6400648" lat="45.6560811" lon="13.8304788"/>
 <node id="7888066070" visible="true" version="1" changeset="90603072" timestamp="2020-09-08T19:15:12Z" user="user_6400648" uid="6400648" lat="45.6560686" lon="13.8303149"/>
 <node id="7888066071" visible="true" version="1" changeset="90603072" timestamp="2020-09-08T19:15:12Z" user="user_6400648" uid="6400648" lat="45.6560421" lon="13.8305540"/>
 <node id="7888066072" visible="true" version="1" changeset="90603072" timestamp="2020-09-08T19:15:12Z" user="user_6400648" uid="6400648" lat="45.6560368" lon="13.8303959"/>
 <node id="7888066073" visible="true" version="1" changeset="90603072" timestamp="2020-09-08T19:15:12Z" user="user_6400648" uid="6400648" lat="45.6559904" lon="13.8305730"/>
 <node id="7888066074" visible="true" version="1" changeset="90603072" timestamp="2020-09-08T19:15:12Z" user="user_6400648" uid="6400648" lat="45.6559426" lon="13.8305582"/>
 <node id="7888066075" visible="true" version="1" changeset="90603072" timestamp="2020-09-08T19:15:12Z" user="user_6400648" uid="6400648" lat="45.6557458" lon="13.8303896"/>
 <node id="7888066076" visible="true" version="1" changeset="90603072" timestamp="2020-09-08T19:15:12Z" user="user_6400648" uid="6400648" lat="45.6555171" lon="13.8301810"/>
 <node id="7888066077" visible="true" version="1" changeset="90603072" timestamp="2020-09-08T19:15:12Z" user="user_6400648" uid="6400648" lat="45.6553303" lon="13.8299639"/>
 <node id="7888066078" visible="true" version="1" changeset="90603072" timestamp="2020-09-08T19:15:12Z" user="user_6400648" uid="6400648" lat="45.6551476" lon="13.8297051"/>
 <node id="7888066079" visible="true" version="1" changeset="90603072" timestamp="2020-09-08T19:15:12Z" user="user_6400648" uid="6400648" lat="45.6550193" lon="13.8294809"/>
 <node id="7888066080" visible="true" version="1" changeset="90603072" timestamp="2020-09-08T19:15:12Z" user="user_6400648" uid="6400648" lat="45.6548389" lon="13.8290662"/>
 <node id="7888066081" visible="true" version="1" changeset="90603072" timestamp="2020-09-08T19:15:12Z" user="user_6400648" uid="6400648" lat="45.6548285" lon="13.8290156"/>
 <node id="7888066082" visible="true" version="1" changeset="90603072" timestamp="2020-09-08T19:15:12Z" user="user_6400648" uid="6400648" lat="45.6548413" lon="13.8289943"/>
 <node id="7888066083" visible="true" version="1" changeset="90603072" timestamp="2020-09-08T19:15:12Z" user="user_6400648" uid="6400648" lat="45.6548736" lon="13.8289912"/>
 <node id="7888066084" visible="true" version="1" changeset="90603072" timestamp="2020-09-08T19:15:12Z" user="user_6400648" uid="6400648" lat="45.6549618" lon="13.8291604"/>
 <node id="7888078285" visible="true" version="1" changeset="90603072" timestamp="2020-09-08T19:15:12Z" user="user_6400648" uid="6400648" lat="45.6552064" lon="13.8295294"/>
 <node id="7888078286" visible="true" version="1" changeset="90603072" timestamp="2020-09-08T19:15:12Z" user="user_6400648" uid="6400648" lat="45.6554477" lon="13.8298361"/>
 <node id="7888078287" visible="true" version="1" changeset="90603072" timestamp="2020-09-08T19:15:12Z" user="user_6400648" uid="6400648" lat="45.6557343" lon="13.8301475"/>
 <node id="7888078288" visible="true" version="1" changeset="90603072" timestamp="2020-09-08T19:15:12Z" user="user_6400648" uid="6400648" lat="45.6557865" lon="13.8298805"/>
 <node id="7888078289" visible="true" version="1" changeset="90603072" timestamp="2020-09-08T19:15:12Z" user="user_6400648" uid="6400648" lat="45.6554681" lon="13.8295347"/>
 <node id="7888078290" visible="true" version="1" changeset="90603072" timestamp="2020-09-08T19:15:12Z" user="user_6400648" uid="6400648" lat="45.6548983" lon="13.8286229"/>
 <node id="7888078291" visible="true" version="1" changeset="90603072" timestamp="2020-09-08T19:15:12Z" user="user_6400648" uid="6400648" lat="45.6561548" lon="13.8300432"/>
 <node id="7888078292" visible="true" version="1" changeset="90603072" timestamp="2020-09-08T19:15:12Z" user="user_6400648" uid="6400648" lat="45.6560813" lon="13.8297306"/>
 <node id="7888078293" visible="true" version="1" changeset="90603072" timestamp="2020-09-08T19:15:12Z" user="user_6400648" uid="6400648" lat="45.6551152" lon="13.8281373"/>
 <node id="7888078294" visible="true" version="1" changeset="90603072" timestamp="2020-09-08T19:15:12Z" user="user_6400648" uid="6400648" lat="45.6552316" lon="13.8280031"/>
 <node id="7888078295" visible="true" version="1" changeset="90603072" timestamp="2020-09-08T19:15:12Z" user="user_6400648" uid="6400648" lat="45.6552760" lon="13.8278826"/>
 <node id="7888078296" visible="true" version="1" changeset="90603072" timestamp="2020-09-08T19:15:12Z" user="user_6400648" uid="6400648" lat="45.6552829" lon="13.8277008"/>
 <node id="7888078297" visible="true" version="1" changeset="90603072" timestamp="2020-09-08T19:15:12Z" user="user_6400648" uid="6400648" lat="45.6552484" lon="13.8275696"/>
 <node id="7888078298" visible="true" version="1" changeset="90603072" timestamp="2020-09-08T19:15:12Z" user="user_6400648" uid="6400648" lat="45.6551860" lon="13.8274792"/>
 <node id="7888078299" visible="true" version="1" changeset="90603072" timestamp="2020-09-08T19:15:12Z" user="user_6400648" uid="6400648" lat="45.6550481" lon="13.8273769"/>
 <node id="7888078300" visible="true" version="1" changeset="90603072" timestamp="2020-09-08T19:15:12Z" user="user_6400648" uid="6400648" lat="45.6548755" lon="13.8273013"/>
 <node id="7888078301" visible="true" version="1" changeset="90603072" timestamp="2020-09-08T19:15:12Z" user="user_6400648" uid="6400648" lat="45.6546749" lon="13.8271910"/>
 <node id="7888078302" visible="true" version="1" changeset="90603072" timestamp="2020-09-08T19:15:12Z" user="user_6400648" uid="6400648" lat="45.6545984" lon="13.8271771"/>
 <node id="7888078303" visible="true" version="1" changeset="90603072" timestamp="2020-09-08T19:15:12Z" user="user_6400648" uid="6400648" lat="45.6544750" lon="13.8269831"/>
 <node id="7888078304" visible="true" version="1" changeset="90603072" timestamp="2020-09-08T19:15:12Z" user="user_6400648" uid="6400648" lat="45.6547016" lon="13.8271102"/>
 <node id="7888078305" visible="true" version="1" changeset="90603072" timestamp="2020-09-08T19:15:12Z" user="user_6400648" uid="6400648" lat="45.6548931" lon="13.8272131"/>
 <node id="7888078306" visible="true" version="1" changeset="90603072" timestamp="2020-09-08T19:15:12Z" user="user_6400648" uid="6400648" lat="45.6551306" lon="13.8273562"/>
 <node id="7888078307" visible="true" version="1" changeset="90603072" timestamp="2020-09-08T19:15:12Z" user="user_6400648" uid="6400648" lat="45.6552601" lon="13.8274801"/>
 <node id="7888078308" visible="true" version="1" changeset="90603072" timestamp="2020-09-08T19:15:12Z" user="user_6400648" uid="6400648" lat="45.6553399" lon="13.8276200"/>
 <node id="7888078309" visible="true" version="1" changeset="90603072" timestamp="2020-09-08T19:15:12Z" user="user_6400648" uid="6400648" lat="45.6555717" lon="13.8281185"/>
 <node id="7888078327" visible="true" version="1" changeset="90603072" timestamp="2020-09-08T19:15:12Z" user="user_6400648" uid="6400648" lat="45.6530940" lon="13.8254196"/>
 <node id="7888556225" visible="true" version="1" changeset="90610325" timestamp="2020-09-09T01:16:54Z" user="user_6400648" uid="6400648" lat="45.6488326" lon="13.8259154"/>
 <node id="7888556226" visible="true" version="1" changeset="90610325" timestamp="2020-09-09T01:16:54Z" user="user_6400648" uid="6400648" lat="45.6477995" lon="13.8271802"/>
 <node id="7888556227" visible="true" version="1" changeset="90610325" timestamp="2020-09-09T01:16:54Z" user="user_6400648" uid="6400648" lat="45.6469453" lon="13.8279375"/>
 <node id="7888556228" visible="true" version="1" changeset="90610325" timestamp="2020-09-09T01:16:54Z" user="user_6400648" uid="6400648" lat="45.6441835" lon="13.8296597"/>
 <node id="7888556229" visible="true" version="1" changeset="90610325" timestamp="2020-09-09T01:16:54Z" user="user_6400648" uid="6400648" lat="45.6438583" lon="13.8300992"/>
 <node id="7888556230" visible="true" version="1" changeset="90610325" timestamp="2020-09-09T01:16:54Z" user="user_6400648" uid="6400648" lat="45.6432771" lon="13.8309090"/>
 <node id="8042989690" visible="true" version="1" changeset="92999348" timestamp="2020-10-24T20:27:56Z" user="user_11166885" uid="11166885" lat="45.6574422" lon="13.8141341"/>
 <node id="8042989691" visible="true" version="1" changeset="92999348" timestamp="2020-10-24T20:27:56Z" user="user_11166885" uid="11166885" lat="45.6575256" lon="13.8145654"/>
 <node id="8042989695" visible="true" version="1" changeset="92999348" timestamp="2020-10-24T20:27:56Z" user="user_11166885" uid="11166885" lat="45.6578837" lon="13.8142894"/>
 <node id="8074192222" visible="true" version="1" changeset="93412611" timestamp="2020-11-02T10:29:35Z" user="damjang" uid="97922" lat="45.6588535" lon="13.8273588"/>
 <node id="8074192223" visible="true" version="1" changeset="93412611" timestamp="2020-11-02T10:29:35Z" user="damjang" uid="97922" lat="45.6588254" lon="13.8272314"/>
 <node id="8074192224" visible="true" version="1" changeset="93412611" timestamp="2020-11-02T10:29:35Z" user="damjang" uid="97922" lat="45.6587738" lon="13.8271804"/>
 <node id="8074192225" visible="true" version="1" changeset="93412611" timestamp="2020-11-02T10:29:35Z" user="damjang" uid="97922" lat="45.6586538" lon="13.8271670"/>
 <node id="8074192226" visible="true" version="1" changeset="93412611" timestamp="2020-11-02T10:29:35Z" user="damjang" uid="97922" lat="45.6574446" lon="13.8273118"/>
 <node id="8074192227" visible="true" version="1" changeset="93412611" timestamp="2020-11-02T10:29:35Z" user="damjang" uid="97922" lat="45.6571184" lon="13.8273320"/>
 <node id="8074192228" visible="true" version="1" changeset="93412611" timestamp="2020-11-02T10:29:35Z" user="damjang" uid="97922" lat="45.6570163" lon="13.8273454"/>
 <node id="8074192229" visible="true" version="1" changeset="93412611" timestamp="2020-11-02T10:29:35Z" user="damjang" uid="97922" lat="45.6569328" lon="13.8274138"/>
 <node id="8074192230" visible="true" version="1" changeset="93412611" timestamp="2020-11-02T10:29:35Z" user="damjang" uid="97922" lat="45.6568663" lon="13.8274969"/>
 <node id="8090903733" visible="true" version="1" changeset="93709140" timestamp="2020-11-07T14:30:04Z" user="user_11166885" uid="11166885" lat="45.6664654" lon="13.8031083"/>
 <node id="8090903734" visible="true" version="1" changeset="93709140" timestamp="2020-11-07T14:30:04Z" user="user_11166885" uid="11166885" lat="45.6664621" lon="13.8030296"/>
 <node id="8090903735" visible="true" version="1" changeset="93709140" timestamp="2020-11-07T14:30:04Z" user="user_11166885" uid="11166885" lat="45.6664473" lon="13.8029566"/>
 <node id="8090903736" visible="true" version="1" changeset="93709140" timestamp="2020-11-07T14:30:04Z" user="user_11166885" uid="11166885" lat="45.6664248" lon="13.8029043"/>
 <node id="8090903737" visible="true" version="1" changeset="93709140" timestamp="2020-11-07T14:30:04Z" user="user_11166885" uid="11166885" lat="45.6663800" lon="13.8028246"/>
 <node id="8299445318" visible="true" version="2" changeset="143935065" timestamp="2023-11-12T14:15:49Z" user="Badojo" uid="8189075" lat="45.6575463" lon="13.8307439"/>
 <node id="8373536315" visible="true" version="1" changeset="98323862" timestamp="2021-01-28T23:18:09Z" user="damjang" uid="97922" lat="45.6587776" lon="13.8328117"/>
 <node id="8373536316" visible="true" version="1" changeset="98323862" timestamp="2021-01-28T23:18:09Z" user="damjang" uid="97922" lat="45.6586004" lon="13.8329190"/>
 <node id="8373543618" visible="true" version="1" changeset="98323862" timestamp="2021-01-28T23:18:08Z" user="damjang" uid="97922" lat="45.6579471" lon="13.8312587"/>
 <node id="8373543619" visible="true" version="1" changeset="98323862" timestamp="2021-01-28T23:18:08Z" user="damjang" uid="97922" lat="45.6576509" lon="13.8311461"/>
 <node id="8373543620" visible="true" version="1" changeset="98323862" timestamp="2021-01-28T23:18:08Z" user="damjang" uid="97922" lat="45.6577408" lon="13.8312024"/>
 <node id="8373543621" visible="true" version="1" changeset="98323862" timestamp="2021-01-28T23:18:08Z" user="damjang" uid="97922" lat="45.6573922" lon="13.8310710"/>
 <node id="8373543622" visible="true" version="1" changeset="98323862" timestamp="2021-01-28T23:18:08Z" user="damjang" uid="97922" lat="45.6573828" lon="13.8310951"/>
 <node id="8373543623" visible="true" version="1" changeset="98323862" timestamp="2021-01-28T23:18:08Z" user="damjang" uid="97922" lat="45.6561419" lon="13.8344160"/>
 <node id="8373543630" visible="true" version="1" changeset="98323862" timestamp="2021-01-28T23:18:08Z" user="damjang" uid="97922" lat="45.6560771" lon="13.8342449"/>
 <node id="8373543638" visible="true" version="1" changeset="98323862" timestamp="2021-01-28T23:18:08Z" user="damjang" uid="97922" lat="45.6573125" lon="13.8339409"/>
 <node id="8373543639" visible="true" version="1" changeset="98323862" timestamp="2021-01-28T23:18:08Z" user="damjang" uid="97922" lat="45.6575159" lon="13.8338578"/>
 <node id="8373543640" visible="true" version="1" changeset="98323862" timestamp="2021-01-28T23:18:08Z" user="damjang" uid="97922" lat="45.6575787" lon="13.8338189"/>
 <node id="8373543641" visible="true" version="1" changeset="98323862" timestamp="2021-01-28T23:18:08Z" user="damjang" uid="97922" lat="45.6576302" lon="13.8337679"/>
 <node id="8373543642" visible="true" version="1" changeset="98323862" timestamp="2021-01-28T23:18:08Z" user="damjang" uid="97922" lat="45.6576659" lon="13.8337035"/>
 <node id="8373551852" visible="true" version="1" changeset="98323862" timestamp="2021-01-28T23:18:08Z" user="damjang" uid="97922" lat="45.6573265" lon="13.8328332"/>
 <node id="8373551853" visible="true" version="1" changeset="98323862" timestamp="2021-01-28T23:18:08Z" user="damjang" uid="97922" lat="45.6570669" lon="13.8331497"/>
 <node id="8373551854" visible="true" version="1" changeset="98323862" timestamp="2021-01-28T23:18:08Z" user="damjang" uid="97922" lat="45.6575159" lon="13.8324094"/>
 <node id="8373551855" visible="true" version="1" changeset="98323862" timestamp="2021-01-28T23:18:08Z" user="damjang" uid="97922" lat="45.6574540" lon="13.8325475"/>
 <node id="8373551856" visible="true" version="1" changeset="98323862" timestamp="2021-01-28T23:18:08Z" user="damjang" uid="97922" lat="45.6576555" lon="13.8320446"/>
 <node id="8373551857" visible="true" version="1" changeset="98323862" timestamp="2021-01-28T23:18:08Z" user="damjang" uid="97922" lat="45.6576818" lon="13.8319427"/>
 <node id="8373551858" visible="true" version="1" changeset="98323862" timestamp="2021-01-28T23:18:08Z" user="damjang" uid="97922" lat="45.6576715" lon="13.8317831"/>
 <node id="8373551859" visible="true" version="1" changeset="98323862" timestamp="2021-01-28T23:18:08Z" user="damjang" uid="97922" lat="45.6576424" lon="13.8317080"/>
 <node id="8373551860" visible="true" version="1" changeset="98323862" timestamp="2021-01-28T23:18:08Z" user="damjang" uid="97922" lat="45.6575702" lon="13.8316248"/>
 <node id="8373551861" visible="true" version="1" changeset="98323862" timestamp="2021-01-28T23:18:08Z" user="damjang" uid="97922" lat="45.6575206" lon="13.8316128"/>
 <node id="8373551862" visible="true" version="1" changeset="98323862" timestamp="2021-01-28T23:18:08Z" user="damjang" uid="97922" lat="45.6571475" lon="13.8315645"/>
 <node id="8373551863" visible="true" version="1" changeset="98323862" timestamp="2021-01-28T23:18:08Z" user="damjang" uid="97922" lat="45.6573043" lon="13.8315892"/>
 <node id="8373551864" visible="true" version="1" changeset="98323862" timestamp="2021-01-28T23:18:08Z" user="damjang" uid="97922" lat="45.6569444" lon="13.8315796"/>
 <node id="8373551865" visible="true" version="1" changeset="98323862" timestamp="2021-01-28T23:18:08Z" user="damjang" uid="97922" lat="45.6569408" lon="13.8315165"/>
 <node id="8373551866" visible="true" version="1" changeset="98323862" timestamp="2021-01-28T23:18:08Z" user="damjang" uid="97922" lat="45.6569387" lon="13.8314978"/>
 <node id="8373551867" visible="true" version="1" changeset="98323862" timestamp="2021-01-28T23:18:08Z" user="damjang" uid="97922" lat="45.6569378" lon="13.8315360"/>
 <node id="8373551868" visible="true" version="1" changeset="98323862" timestamp="2021-01-28T23:18:08Z" user="damjang" uid="97922" lat="45.6568316" lon="13.8314384"/>
 <node id="8373551869" visible="true" version="1" changeset="98323862" timestamp="2021-01-28T23:18:08Z" user="damjang" uid="97922" lat="45.6567351" lon="13.8313754"/>
 <node id="8373551870" visible="true" version="1" changeset="98323862" timestamp="2021-01-28T23:18:08Z" user="damjang" uid="97922" lat="45.6569282" lon="13.8314867"/>
 <node id="8373551871" visible="true" version="1" changeset="98323862" timestamp="2021-01-28T23:18:08Z" user="damjang" uid="97922" lat="45.6569659" lon="13.8315896"/>
 <node id="8373551872" visible="true" version="1" changeset="98323862" timestamp="2021-01-28T23:18:08Z" user="damjang" uid="97922" lat="45.6569919" lon="13.8315283"/>
 <node id="8373554288" visible="true" version="1" changeset="98323862" timestamp="2021-01-28T23:18:08Z" user="damjang" uid="97922" lat="45.6576612" lon="13.8336848"/>
 <node id="8373554289" visible="true" version="1" changeset="98323862" timestamp="2021-01-28T23:18:08Z" user="damjang" uid="97922" lat="45.6576471" lon="13.8336915"/>
 <node id="8373554290" visible="true" version="1" changeset="98323862" timestamp="2021-01-28T23:18:08Z" user="damjang" uid="97922" lat="45.6573087" lon="13.8339610"/>
 <node id="8373554291" visible="true" version="1" changeset="98323862" timestamp="2021-01-28T23:18:08Z" user="damjang" uid="97922" lat="45.6573256" lon="13.8340294"/>
 <node id="8373554292" visible="true" version="1" changeset="98323862" timestamp="2021-01-28T23:18:08Z" user="damjang" uid="97922" lat="45.6573884" lon="13.8340174"/>
 <node id="8373554293" visible="true" version="1" changeset="98323862" timestamp="2021-01-28T23:18:08Z" user="damjang" uid="97922" lat="45.6574878" lon="13.8342494"/>
 <node id="8373554294" visible="true" version="1" changeset="98323862" timestamp="2021-01-28T23:18:08Z" user="damjang" uid="97922" lat="45.6576077" lon="13.8341287"/>
 <node id="8373554295" visible="true" version="1" changeset="98323862" timestamp="2021-01-28T23:18:08Z" user="damjang" uid="97922" lat="45.6575421" lon="13.8339704"/>
 <node id="8373554296" visible="true" version="1" changeset="98323862" timestamp="2021-01-28T23:18:08Z" user="damjang" uid="97922" lat="45.6571934" lon="13.8339208"/>
 <node id="8373554297" visible="true" version="1" changeset="98323862" timestamp="2021-01-28T23:18:08Z" user="damjang" uid="97922" lat="45.6570191" lon="13.8340066"/>
 <node id="8373554298" visible="true" version="1" changeset="98323862" timestamp="2021-01-28T23:18:08Z" user="damjang" uid="97922" lat="45.6567196" lon="13.8333549"/>
 <node id="8373554299" visible="true" version="1" changeset="98323862" timestamp="2021-01-28T23:18:08Z" user="damjang" uid="97922" lat="45.6567015" lon="13.8333780"/>
 <node id="8373554300" visible="true" version="1" changeset="98323862" timestamp="2021-01-28T23:18:08Z" user="damjang" uid="97922" lat="45.6566687" lon="13.8333978"/>
 <node id="8373554301" visible="true" version="1" changeset="98323862" timestamp="2021-01-28T23:18:08Z" user="damjang" uid="97922" lat="45.6566854" lon="13.8334621"/>
 <node id="8373554302" visible="true" version="1" changeset="98323862" timestamp="2021-01-28T23:18:08Z" user="damjang" uid="97922" lat="45.6567032" lon="13.8334635"/>
 <node id="8373554303" visible="true" version="1" changeset="98323862" timestamp="2021-01-28T23:18:08Z" user="damjang" uid="97922" lat="45.6567135" lon="13.8334809"/>
 <node id="8373554304" visible="true" version="1" changeset="98323862" timestamp="2021-01-28T23:18:08Z" user="damjang" uid="97922" lat="45.6567154" lon="13.8335064"/>
 <node id="8373554305" visible="true" version="1" changeset="98323862" timestamp="2021-01-28T23:18:08Z" user="damjang" uid="97922" lat="45.6566957" lon="13.8335305"/>
 <node id="8373554306" visible="true" version="1" changeset="98323862" timestamp="2021-01-28T23:18:08Z" user="damjang" uid="97922" lat="45.6567252" lon="13.8333227"/>
 <node id="8373554307" visible="true" version="1" changeset="98323862" timestamp="2021-01-28T23:18:08Z" user="damjang" uid="97922" lat="45.6567191" lon="13.8332999"/>
 <node id="8373554308" visible="true" version="1" changeset="98323862" timestamp="2021-01-28T23:18:08Z" user="damjang" uid="97922" lat="45.6568100" lon="13.8333696"/>
 <node id="8373554309" visible="true" version="1" changeset="98323862" timestamp="2021-01-28T23:18:08Z" user="damjang" uid="97922" lat="45.6567857" lon="13.8333388"/>
 <node id="8373554310" visible="true" version="1" changeset="98323862" timestamp="2021-01-28T23:18:08Z" user="damjang" uid="97922" lat="45.6567557" lon="13.8332690"/>
 <node id="8373554311" visible="true" version="1" changeset="98323862" timestamp="2021-01-28T23:18:08Z" user="damjang" uid="97922" lat="45.6568316" lon="13.8333736"/>
 <node id="8373554312" visible="true" version="1" changeset="98323862" timestamp="2021-01-28T23:18:08Z" user="damjang" uid="97922" lat="45.6569478" lon="13.8332744"/>
 <node id="8373560327" visible="true" version="1" changeset="98323862" timestamp="2021-01-28T23:18:09Z" user="damjang" uid="97922" lat="45.6600982" lon="13.8346235"/>
 <node id="8373560328" visible="true" version="1" changeset="98323862" timestamp="2021-01-28T23:18:09Z" user="damjang" uid="97922" lat="45.6595509" lon="13.8335748"/>
 <node id="8373560329" visible="true" version="1" changeset="98323862" timestamp="2021-01-28T23:18:09Z" user="damjang" uid="97922" lat="45.6594262" lon="13.8334943"/>
 <node id="8373560330" visible="true" version="1" changeset="98323862" timestamp="2021-01-28T23:18:09Z" user="damjang" uid="97922" lat="45.6598338" lon="13.8341163"/>
 <node id="8373560331" visible="true" version="1" changeset="98323862" timestamp="2021-01-28T23:18:09Z" user="damjang" uid="97922" lat="45.6594165" lon="13.8335704"/>
 <node id="8373560332" visible="true" version="1" changeset="98323862" timestamp="2021-01-28T23:18:09Z" user="damjang" uid="97922" lat="45.6594990" lon="13.8334968"/>
 <node id="8373560333" visible="true" version="1" changeset="98323862" timestamp="2021-01-28T23:18:09Z" user="damjang" uid="97922" lat="45.6593709" lon="13.8332167"/>
 <node id="8373560334" visible="true" version="1" changeset="98323862" timestamp="2021-01-28T23:18:09Z" user="damjang" uid="97922" lat="45.6595054" lon="13.8334734"/>
 <node id="8373560335" visible="true" version="1" changeset="98323862" timestamp="2021-01-28T23:18:09Z" user="damjang" uid="97922" lat="45.6591590" lon="13.8329163"/>
 <node id="8373560336" visible="true" version="1" changeset="98323862" timestamp="2021-01-28T23:18:09Z" user="damjang" uid="97922" lat="45.6590128" lon="13.8328157"/>
 <node id="8373560337" visible="true" version="1" changeset="98323862" timestamp="2021-01-28T23:18:09Z" user="damjang" uid="97922" lat="45.6589369" lon="13.8327956"/>
 <node id="8373560338" visible="true" version="1" changeset="98323862" timestamp="2021-01-28T23:18:09Z" user="damjang" uid="97922" lat="45.6588422" lon="13.8327929"/>
 <node id="8373560417" visible="true" version="1" changeset="98323862" timestamp="2021-01-28T23:18:09Z" user="damjang" uid="97922" lat="45.6585301" lon="13.8329700"/>
 <node id="8373560418" visible="true" version="1" changeset="98323862" timestamp="2021-01-28T23:18:09Z" user="damjang" uid="97922" lat="45.6578215" lon="13.8335828"/>
 <node id="8373560419" visible="true" version="1" changeset="98323862" timestamp="2021-01-28T23:18:09Z" user="damjang" uid="97922" lat="45.6577924" lon="13.8336217"/>
 <node id="8373560420" visible="true" version="1" changeset="98323862" timestamp="2021-01-28T23:18:09Z" user="damjang" uid="97922" lat="45.6577071" lon="13.8337786"/>
 <node id="8373560421" visible="true" version="1" changeset="98323862" timestamp="2021-01-28T23:18:09Z" user="damjang" uid="97922" lat="45.6576293" lon="13.8338926"/>
 <node id="8373560422" visible="true" version="1" changeset="98323862" timestamp="2021-01-28T23:18:09Z" user="damjang" uid="97922" lat="45.6575599" lon="13.8339543"/>
 <node id="8373576252" visible="true" version="1" changeset="98324325" timestamp="2021-01-28T23:30:35Z" user="damjang" uid="97922" lat="45.6561201" lon="13.8288005"/>
 <node id="8373576254" visible="true" version="2" changeset="100988543" timestamp="2021-03-14T13:07:46Z" user="alessandrocarmeli" uid="12294600" lat="45.6560568" lon="13.8295182"/>
 <node id="8373576255" visible="true" version="1" changeset="98324325" timestamp="2021-01-28T23:30:35Z" user="damjang" uid="97922" lat="45.6563760" lon="13.8300256"/>
 <node id="8373576256" visible="true" version="1" changeset="98324325" timestamp="2021-01-28T23:30:35Z" user="damjang" uid="97922" lat="45.6562176" lon="13.8301241"/>
 <node id="8373576257" visible="true" version="1" changeset="98324325" timestamp="2021-01-28T23:30:35Z" user="damjang" uid="97922" lat="45.6562593" lon="13.8298177"/>
 <node id="8373576258" visible="true" version="1" changeset="98324325" timestamp="2021-01-28T23:30:35Z" user="damjang" uid="97922" lat="45.6561628" lon="13.8297071"/>
 <node id="8373576259" visible="true" version="2" changeset="100988543" timestamp="2021-03-14T13:07:46Z" user="alessandrocarmeli" uid="12294600" lat="45.6563136" lon="13.8298431"/>
 <node id="8373576261" visible="true" version="2" changeset="100988543" timestamp="2021-03-14T13:07:46Z" user="alessandrocarmeli" uid="12294600" lat="45.6561729" lon="13.8302819"/>
 <node id="8373576264" visible="true" version="2" changeset="100988543" timestamp="2021-03-14T13:07:46Z" user="alessandrocarmeli" uid="12294600" lat="45.6561185" lon="13.8296628"/>
 <node id="8373576265" visible="true" version="2" changeset="100988543" timestamp="2021-03-14T13:07:46Z" user="alessandrocarmeli" uid="12294600" lat="45.6561670" lon="13.8297887"/>
 <node id="8373576266" visible="true" version="2" changeset="100988543" timestamp="2021-03-14T13:07:46Z" user="alessandrocarmeli" uid="12294600" lat="45.6562072" lon="13.8300921"/>
 <node id="8373576267" visible="true" version="1" changeset="98324325" timestamp="2021-01-28T23:30:35Z" user="damjang" uid="97922" lat="45.6562204" lon="13.8307558"/>
 <node id="8373576268" visible="true" version="1" changeset="98324325" timestamp="2021-01-28T23:30:35Z" user="damjang" uid="97922" lat="45.6561867" lon="13.8306110"/>
 <node id="8373576269" visible="true" version="1" changeset="98324325" timestamp="2021-01-28T23:30:35Z" user="damjang" uid="97922" lat="45.6573331" lon="13.8307840"/>
 <node id="8373576270" visible="true" version="1" changeset="98324325" timestamp="2021-01-28T23:30:35Z" user="damjang" uid="97922" lat="45.6569750" lon="13.8307022"/>
 <node id="8373576271" visible="true" version="1" changeset="98324325" timestamp="2021-01-28T23:30:35Z" user="damjang" uid="97922" lat="45.6567097" lon="13.8304688"/>
 <node id="8373576272" visible="true" version="1" changeset="98324325" timestamp="2021-01-28T23:30:35Z" user="damjang" uid="97922" lat="45.6563864" lon="13.8301161"/>
 <node id="8373576273" visible="true" version="1" changeset="98324325" timestamp="2021-01-28T23:30:35Z" user="damjang" uid="97922" lat="45.6563142" lon="13.8301416"/>
 <node id="8373576274" visible="true" version="1" changeset="98324325" timestamp="2021-01-28T23:30:35Z" user="damjang" uid="97922" lat="45.6568550" lon="13.8306981"/>
 <node id="8373576275" visible="true" version="1" changeset="98324325" timestamp="2021-01-28T23:30:35Z" user="damjang" uid="97922" lat="45.6571869" lon="13.8308403"/>
 <node id="8373576276" visible="true" version="1" changeset="98324325" timestamp="2021-01-28T23:30:35Z" user="damjang" uid="97922" lat="45.6585732" lon="13.8310857"/>
 <node id="8373583028" visible="true" version="1" changeset="98324325" timestamp="2021-01-28T23:30:36Z" user="damjang" uid="97922" lat="45.6588732" lon="13.8310307"/>
 <node id="8373583029" visible="true" version="1" changeset="98324325" timestamp="2021-01-28T23:30:36Z" user="damjang" uid="97922" lat="45.6585676" lon="13.8309851"/>
 <node id="8373583030" visible="true" version="1" changeset="98324325" timestamp="2021-01-28T23:30:36Z" user="damjang" uid="97922" lat="45.6577465" lon="13.8307679"/>
 <node id="8373583031" visible="true" version="1" changeset="98324325" timestamp="2021-01-28T23:30:36Z" user="damjang" uid="97922" lat="45.6567622" lon="13.8313184"/>
 <node id="8373583032" visible="true" version="4" changeset="170299230" timestamp="2025-08-11T15:18:03Z" user="alessandrocarmeli" uid="12294600" lat="45.6563117" lon="13.8309614"/>
 <node id="8373583034" visible="true" version="2" changeset="115293384" timestamp="2021-12-23T11:15:30Z" user="Jonathan Asaf" uid="10828579" lat="45.6560395" lon="13.8306472"/>
 <node id="8373583035" visible="true" version="1" changeset="98324325" timestamp="2021-01-28T23:30:36Z" user="damjang" uid="97922" lat="45.6560653" lon="13.8306271"/>
 <node id="8373583036" visible="true" version="2" changeset="143935065" timestamp="2023-11-12T14:15:49Z" user="Badojo" uid="8189075" lat="45.6543229" lon="13.8274681"/>
 <node id="8373583039" visible="true" version="3" changeset="170299230" timestamp="2025-08-11T15:18:03Z" user="alessandrocarmeli" uid="12294600" lat="45.6539330" lon="13.8267080"/>
 <node id="8517389717" visible="true" version="1" changeset="100988543" timestamp="2021-03-14T13:07:46Z" user="alessandrocarmeli" uid="12294600" lat="45.6562288" lon="13.8301729"/>
 <node id="8517389718" visible="true" version="1" changeset="100988543" timestamp="2021-03-14T13:07:46Z" user="alessandrocarmeli" uid="12294600" lat="45.6562314" lon="13.8299185"/>
 <node id="8517389719" visible="true" version="1" changeset="100988543" timestamp="2021-03-14T13:07:46Z" user="alessandrocarmeli" uid="12294600" lat="45.6561944" lon="13.8296636"/>
 <node id="8517389720" visible="true" version="1" changeset="100988543" timestamp="2021-03-14T13:07:46Z" user="alessandrocarmeli" uid="12294600" lat="45.6562562" lon="13.8297476"/>
 <node id="8517389721" visible="true" version="1" changeset="100988543" timestamp="2021-03-14T13:07:46Z" user="alessandrocarmeli" uid="12294600" lat="45.6564630" lon="13.8300520"/>
 <node id="8517389723" visible="true" version="1" changeset="100988543" timestamp="2021-03-14T13:07:46Z" user="alessandrocarmeli" uid="12294600" lat="45.6562940" lon="13.8300602"/>
 <node id="8517389724" visible="true" version="1" changeset="100988543" timestamp="2021-03-14T13:07:46Z" user="alessandrocarmeli" uid="12294600" lat="45.6563487" lon="13.8299298"/>
 <node id="8808650733" visible="true" version="1" changeset="105910756" timestamp="2021-06-06T10:15:33Z" user="alessandrocarmeli" uid="12294600" lat="45.6612843" lon="13.8299222"/>
 <node id="8856874431" visible="true" version="1" changeset="106776891" timestamp="2021-06-22T12:29:19Z" user="alessandrocarmeli" uid="12294600" lat="45.6489044" lon="13.8226823"/>
 <node id="8856874432" visible="true" version="1" changeset="106776891" timestamp="2021-06-22T12:29:19Z" user="alessandrocarmeli" uid="12294600" lat="45.6486676" lon="13.8229772"/>
 <node id="8856874433" visible="true" version="1" changeset="106776891" timestamp="2021-06-22T12:29:19Z" user="alessandrocarmeli" uid="12294600" lat="45.6485071" lon="13.8232750"/>
 <node id="8856874434" visible="true" version="1" changeset="106776891" timestamp="2021-06-22T12:29:19Z" user="alessandrocarmeli" uid="12294600" lat="45.6483210" lon="13.8235346"/>
 <node id="8856874435" visible="true" version="1" changeset="106776891" timestamp="2021-06-22T12:29:19Z" user="alessandrocarmeli" uid="12294600" lat="45.6481793" lon="13.8237320"/>
 <node id="8856874436" visible="true" version="1" changeset="106776891" timestamp="2021-06-22T12:29:19Z" user="alessandrocarmeli" uid="12294600" lat="45.6480971" lon="13.8238083"/>
 <node id="8856874437" visible="true" version="1" changeset="106776891" timestamp="2021-06-22T12:29:19Z" user="alessandrocarmeli" uid="12294600" lat="45.6479984" lon="13.8238963"/>
 <node id="8856874438" visible="true" version="1" changeset="106776891" timestamp="2021-06-22T12:29:19Z" user="alessandrocarmeli" uid="12294600" lat="45.6476155" lon="13.8247875"/>
 <node id="8856874439" visible="true" version="1" changeset="106776891" timestamp="2021-06-22T12:29:19Z" user="alessandrocarmeli" uid="12294600" lat="45.6474090" lon="13.8251174"/>
 <node id="8856874440" visible="true" version="1" changeset="106776891" timestamp="2021-06-22T12:29:19Z" user="alessandrocarmeli" uid="12294600" lat="45.6469357" lon="13.8255524"/>
 <node id="8856874441" visible="true" version="1" changeset="106776891" timestamp="2021-06-22T12:29:19Z" user="alessandrocarmeli" uid="12294600" lat="45.6465186" lon="13.8257156"/>
 <node id="8856874442" visible="true" version="1" changeset="106776891" timestamp="2021-06-22T12:29:19Z" user="alessandrocarmeli" uid="12294600" lat="45.6459500" lon="13.8260243"/>
 <node id="8856874447" visible="true" version="1" changeset="106776891" timestamp="2021-06-22T12:29:19Z" user="alessandrocarmeli" uid="12294600" lat="45.6437131" lon="13.8286726"/>
 <node id="8856874448" visible="true" version="1" changeset="106776891" timestamp="2021-06-22T12:29:19Z" user="alessandrocarmeli" uid="12294600" lat="45.6431871" lon="13.8294153"/>
 <node id="8856874453" visible="true" version="1" changeset="106776891" timestamp="2021-06-22T12:29:19Z" user="alessandrocarmeli" uid="12294600" lat="45.6490678" lon="13.8224600"/>
 <node id="9002480287" visible="true" version="1" changeset="109595967" timestamp="2021-08-12T22:17:34Z" user="alessandrocarmeli" uid="12294600" lat="45.6664709" lon="13.8054045"/>
 <node id="9004171795" visible="true" version="1" changeset="109625007" timestamp="2021-08-13T11:28:45Z" user="alessandrocarmeli" uid="12294600" lat="45.6663344" lon="13.8027283"/>
 <node id="9004171796" visible="true" version="1" changeset="109625007" timestamp="2021-08-13T11:28:45Z" user="alessandrocarmeli" uid="12294600" lat="45.6664009" lon="13.8026824"/>
 <node id="9004171797" visible="true" version="1" changeset="109625007" timestamp="2021-08-13T11:28:45Z" user="alessandrocarmeli" uid="12294600" lat="45.6663650" lon="13.8026001"/>
 <node id="9004171798" visible="true" version="1" changeset="109625007" timestamp="2021-08-13T11:28:45Z" user="alessandrocarmeli" uid="12294600" lat="45.6662948" lon="13.8024743"/>
 <node id="9004171799" visible="true" version="1" changeset="109625007" timestamp="2021-08-13T11:28:45Z" user="alessandrocarmeli" uid="12294600" lat="45.6662398" lon="13.8026345"/>
 <node id="9004171800" visible="true" version="1" changeset="109625007" timestamp="2021-08-13T11:28:45Z" user="alessandrocarmeli" uid="12294600" lat="45.6660180" lon="13.8025068"/>
 <node id="9004171801" visible="true" version="1" changeset="109625007" timestamp="2021-08-13T11:28:45Z" user="alessandrocarmeli" uid="12294600" lat="45.6659817" lon="13.8026123"/>
 <node id="9004171802" visible="true" version="1" changeset="109625007" timestamp="2021-08-13T11:28:45Z" user="alessandrocarmeli" uid="12294600" lat="45.6655946" lon="13.8022701"/>
 <node id="9004171803" visible="true" version="1" changeset="109625007" timestamp="2021-08-13T11:28:45Z" user="alessandrocarmeli" uid="12294600" lat="45.6656470" lon="13.8024197"/>
 <node id="9004171804" visible="true" version="1" changeset="109625007" timestamp="2021-08-13T11:28:45Z" user="alessandrocarmeli" uid="12294600" lat="45.6658776" lon="13.8027706"/>
 <node id="9004171805" visible="true" version="1" changeset="109625007" timestamp="2021-08-13T11:28:45Z" user="alessandrocarmeli" uid="12294600" lat="45.6659151" lon="13.8027313"/>
 <node id="9004171806" visible="true" version="1" changeset="109625007" timestamp="2021-08-13T11:28:45Z" user="alessandrocarmeli" uid="12294600" lat="45.6661061" lon="13.8032096"/>
 <node id="9004171807" visible="true" version="1" changeset="109625007" timestamp="2021-08-13T11:28:45Z" user="alessandrocarmeli" uid="12294600" lat="45.6661342" lon="13.8031883"/>
 <node id="9004171808" visible="true" version="1" changeset="109625007" timestamp="2021-08-13T11:28:45Z" user="alessandrocarmeli" uid="12294600" lat="45.6660421" lon="13.8028720"/>
 <node id="9004171809" visible="true" version="1" changeset="109625007" timestamp="2021-08-13T11:28:45Z" user="alessandrocarmeli" uid="12294600" lat="45.6660515" lon="13.8027965"/>
 <node id="9004171810" visible="true" version="1" changeset="109625007" timestamp="2021-08-13T11:28:45Z" user="alessandrocarmeli" uid="12294600" lat="45.6661844" lon="13.8026735"/>
 <node id="9004171811" visible="true" version="1" changeset="109625007" timestamp="2021-08-13T11:28:45Z" user="alessandrocarmeli" uid="12294600" lat="45.6663422" lon="13.8030635"/>
 <node id="9004171812" visible="true" version="1" changeset="109625007" timestamp="2021-08-13T11:28:45Z" user="alessandrocarmeli" uid="12294600" lat="45.6662625" lon="13.8031499"/>
 <node id="9088085572" visible="true" version="1" changeset="111147577" timestamp="2021-09-13T14:00:07Z" user="alessandrocarmeli" uid="12294600" lat="45.6550597" lon="13.8170494"/>
 <node id="9088085573" visible="true" version="1" changeset="111147577" timestamp="2021-09-13T14:00:07Z" user="alessandrocarmeli" uid="12294600" lat="45.6546766" lon="13.8170523"/>
 <node id="9088085574" visible="true" version="1" changeset="111147577" timestamp="2021-09-13T14:00:07Z" user="alessandrocarmeli" uid="12294600" lat="45.6544892" lon="13.8171117"/>
 <node id="9088085575" visible="true" version="1" changeset="111147577" timestamp="2021-09-13T14:00:07Z" user="alessandrocarmeli" uid="12294600" lat="45.6543022" lon="13.8172325"/>
 <node id="9088085576" visible="true" version="1" changeset="111147577" timestamp="2021-09-13T14:00:07Z" user="alessandrocarmeli" uid="12294600" lat="45.6542131" lon="13.8169637"/>
 <node id="9088085577" visible="true" version="1" changeset="111147577" timestamp="2021-09-13T14:00:07Z" user="alessandrocarmeli" uid="12294600" lat="45.6535638" lon="13.8173162"/>
 <node id="9088085578" visible="true" version="1" changeset="111147577" timestamp="2021-09-13T14:00:07Z" user="alessandrocarmeli" uid="12294600" lat="45.6533996" lon="13.8176400"/>
 <node id="9088085579" visible="true" version="1" changeset="111147577" timestamp="2021-09-13T14:00:07Z" user="alessandrocarmeli" uid="12294600" lat="45.6533303" lon="13.8174549"/>
 <node id="9088085580" visible="true" version="1" changeset="111147577" timestamp="2021-09-13T14:00:07Z" user="alessandrocarmeli" uid="12294600" lat="45.6531036" lon="13.8176757"/>
 <node id="9088085581" visible="true" version="1" changeset="111147577" timestamp="2021-09-13T14:00:07Z" user="alessandrocarmeli" uid="12294600" lat="45.6530737" lon="13.8179273"/>
 <node id="9088085582" visible="true" version="1" changeset="111147577" timestamp="2021-09-13T14:00:07Z" user="alessandrocarmeli" uid="12294600" lat="45.6529650" lon="13.8179372"/>
 <node id="9088085583" visible="true" version="1" changeset="111147577" timestamp="2021-09-13T14:00:07Z" user="alessandrocarmeli" uid="12294600" lat="45.6526258" lon="13.8183500"/>
 <node id="9088085584" visible="true" version="1" changeset="111147577" timestamp="2021-09-13T14:00:07Z" user="alessandrocarmeli" uid="12294600" lat="45.6525873" lon="13.8186636"/>
 <node id="9088085585" visible="true" version="1" changeset="111147577" timestamp="2021-09-13T14:00:07Z" user="alessandrocarmeli" uid="12294600" lat="45.6517006" lon="13.8197766"/>
 <node id="9088085586" visible="true" version="1" changeset="111147577" timestamp="2021-09-13T14:00:07Z" user="alessandrocarmeli" uid="12294600" lat="45.6514978" lon="13.8202080"/>
 <node id="9088085587" visible="true" version="1" changeset="111147577" timestamp="2021-09-13T14:00:07Z" user="alessandrocarmeli" uid="12294600" lat="45.6515248" lon="13.8203509"/>
 <node id="9088085588" visible="true" version="1" changeset="111147577" timestamp="2021-09-13T14:00:07Z" user="alessandrocarmeli" uid="12294600" lat="45.6514592" lon="13.8203803"/>
 <node id="9088085589" visible="true" version="1" changeset="111147577" timestamp="2021-09-13T14:00:07Z" user="alessandrocarmeli" uid="12294600" lat="45.6513908" lon="13.8202858"/>
 <node id="9088085590" visible="true" version="1" changeset="111147577" timestamp="2021-09-13T14:00:07Z" user="alessandrocarmeli" uid="12294600" lat="45.6513329" lon="13.8201974"/>
 <node id="9088085591" visible="true" version="1" changeset="111147577" timestamp="2021-09-13T14:00:07Z" user="alessandrocarmeli" uid="12294600" lat="45.6512815" lon="13.8202020"/>
 <node id="9088085592" visible="true" version="1" changeset="111147577" timestamp="2021-09-13T14:00:07Z" user="alessandrocarmeli" uid="12294600" lat="45.6511701" lon="13.8202691"/>
 <node id="9088085593" visible="true" version="1" changeset="111147577" timestamp="2021-09-13T14:00:07Z" user="alessandrocarmeli" uid="12294600" lat="45.6510901" lon="13.8203312"/>
 <node id="9088085594" visible="true" version="1" changeset="111147577" timestamp="2021-09-13T14:00:07Z" user="alessandrocarmeli" uid="12294600" lat="45.6510229" lon="13.8202683"/>
 <node id="9088085595" visible="true" version="1" changeset="111147577" timestamp="2021-09-13T14:00:07Z" user="alessandrocarmeli" uid="12294600" lat="45.6509182" lon="13.8200860"/>
 <node id="9088085596" visible="true" version="1" changeset="111147577" timestamp="2021-09-13T14:00:07Z" user="alessandrocarmeli" uid="12294600" lat="45.6506244" lon="13.8203450"/>
 <node id="9088085597" visible="true" version="1" changeset="111147577" timestamp="2021-09-13T14:00:07Z" user="alessandrocarmeli" uid="12294600" lat="45.6507057" lon="13.8205783"/>
 <node id="9088085598" visible="true" version="1" changeset="111147577" timestamp="2021-09-13T14:00:07Z" user="alessandrocarmeli" uid="12294600" lat="45.6502974" lon="13.8209747"/>
 <node id="9088085599" visible="true" version="1" changeset="111147577" timestamp="2021-09-13T14:00:07Z" user="alessandrocarmeli" uid="12294600" lat="45.6500863" lon="13.8211829"/>
 <node id="9088085600" visible="true" version="1" changeset="111147577" timestamp="2021-09-13T14:00:07Z" user="alessandrocarmeli" uid="12294600" lat="45.6497867" lon="13.8212692"/>
 <node id="9088085601" visible="true" version="1" changeset="111147577" timestamp="2021-09-13T14:00:07Z" user="alessandrocarmeli" uid="12294600" lat="45.6495960" lon="13.8215182"/>
 <node id="9088085602" visible="true" version="1" changeset="111147577" timestamp="2021-09-13T14:00:07Z" user="alessandrocarmeli" uid="12294600" lat="45.6500074" lon="13.8221125"/>
 <node id="9088085603" visible="true" version="1" changeset="111147577" timestamp="2021-09-13T14:00:07Z" user="alessandrocarmeli" uid="12294600" lat="45.6498940" lon="13.8223014"/>
 <node id="9088085604" visible="true" version="1" changeset="111147577" timestamp="2021-09-13T14:00:07Z" user="alessandrocarmeli" uid="12294600" lat="45.6497919" lon="13.8223952"/>
 <node id="9088085605" visible="true" version="1" changeset="111147577" timestamp="2021-09-13T14:00:07Z" user="alessandrocarmeli" uid="12294600" lat="45.6496512" lon="13.8223881"/>
 <node id="9088085606" visible="true" version="1" changeset="111147577" timestamp="2021-09-13T14:00:07Z" user="alessandrocarmeli" uid="12294600" lat="45.6495114" lon="13.8223245"/>
 <node id="9088085607" visible="true" version="1" changeset="111147577" timestamp="2021-09-13T14:00:07Z" user="alessandrocarmeli" uid="12294600" lat="45.6492638" lon="13.8223333"/>
 <node id="9088085608" visible="true" version="1" changeset="111147577" timestamp="2021-09-13T14:00:07Z" user="alessandrocarmeli" uid="12294600" lat="45.6492092" lon="13.8224536"/>
 <node id="9088085609" visible="true" version="1" changeset="111147577" timestamp="2021-09-13T14:00:07Z" user="alessandrocarmeli" uid="12294600" lat="45.6491956" lon="13.8225421"/>
 <node id="9088085610" visible="true" version="1" changeset="111147577" timestamp="2021-09-13T14:00:07Z" user="alessandrocarmeli" uid="12294600" lat="45.6536207" lon="13.8175080"/>
 <node id="9088085611" visible="true" version="1" changeset="111147577" timestamp="2021-09-13T14:00:07Z" user="alessandrocarmeli" uid="12294600" lat="45.6498267" lon="13.8248529"/>
 <node id="9088085612" visible="true" version="1" changeset="111147577" timestamp="2021-09-13T14:00:07Z" user="alessandrocarmeli" uid="12294600" lat="45.6500198" lon="13.8247031"/>
 <node id="9088085613" visible="true" version="1" changeset="111147577" timestamp="2021-09-13T14:00:07Z" user="alessandrocarmeli" uid="12294600" lat="45.6502282" lon="13.8245716"/>
 <node id="9088085614" visible="true" version="1" changeset="111147577" timestamp="2021-09-13T14:00:07Z" user="alessandrocarmeli" uid="12294600" lat="45.6508915" lon="13.8242096"/>
 <node id="9088085615" visible="true" version="1" changeset="111147577" timestamp="2021-09-13T14:00:07Z" user="alessandrocarmeli" uid="12294600" lat="45.6511935" lon="13.8240641"/>
 <node id="9088085616" visible="true" version="1" changeset="111147577" timestamp="2021-09-13T14:00:07Z" user="alessandrocarmeli" uid="12294600" lat="45.6514546" lon="13.8240312"/>
 <node id="9088085617" visible="true" version="1" changeset="111147577" timestamp="2021-09-13T14:00:07Z" user="alessandrocarmeli" uid="12294600" lat="45.6516741" lon="13.8240325"/>
 <node id="9088085618" visible="true" version="1" changeset="111147577" timestamp="2021-09-13T14:00:07Z" user="alessandrocarmeli" uid="12294600" lat="45.6518685" lon="13.8240784"/>
 <node id="9088085619" visible="true" version="1" changeset="111147577" timestamp="2021-09-13T14:00:07Z" user="alessandrocarmeli" uid="12294600" lat="45.6520737" lon="13.8241790"/>
 <node id="9088085620" visible="true" version="1" changeset="111147577" timestamp="2021-09-13T14:00:07Z" user="alessandrocarmeli" uid="12294600" lat="45.6522588" lon="13.8243368"/>
 <node id="9088085621" visible="true" version="1" changeset="111147577" timestamp="2021-09-13T14:00:07Z" user="alessandrocarmeli" uid="12294600" lat="45.6524848" lon="13.8245902"/>
 <node id="9126296964" visible="true" version="1" changeset="111760893" timestamp="2021-09-27T10:25:07Z" user="alessandrocarmeli" uid="12294600" lat="45.6641481" lon="13.8049542"/>
 <node id="9126882972" visible="true" version="1" changeset="111771455" timestamp="2021-09-27T14:17:52Z" user="alessandrocarmeli" uid="12294600" lat="45.6605288" lon="13.8112282"/>
 <node id="9126882973" visible="true" version="1" changeset="111771455" timestamp="2021-09-27T14:17:52Z" user="alessandrocarmeli" uid="12294600" lat="45.6605490" lon="13.8112290"/>
 <node id="9126882974" visible="true" version="1" changeset="111771455" timestamp="2021-09-27T14:17:52Z" user="alessandrocarmeli" uid="12294600" lat="45.6605497" lon="13.8112555"/>
 <node id="9126882975" visible="true" version="1" changeset="111771455" timestamp="2021-09-27T14:17:52Z" user="alessandrocarmeli" uid="12294600" lat="45.6604787" lon="13.8113635"/>
 <node id="9126882976" visible="true" version="1" changeset="111771455" timestamp="2021-09-27T14:17:52Z" user="alessandrocarmeli" uid="12294600" lat="45.6604576" lon="13.8114511"/>
 <node id="9126882977" visible="true" version="1" changeset="111771455" timestamp="2021-09-27T14:17:52Z" user="alessandrocarmeli" uid="12294600" lat="45.6604705" lon="13.8115687"/>
 <node id="9126882978" visible="true" version="1" changeset="111771455" timestamp="2021-09-27T14:17:52Z" user="alessandrocarmeli" uid="12294600" lat="45.6605000" lon="13.8116378"/>
 <node id="9126882979" visible="true" version="1" changeset="111771455" timestamp="2021-09-27T14:17:52Z" user="alessandrocarmeli" uid="12294600" lat="45.6605490" lon="13.8116459"/>
 <node id="9126882980" visible="true" version="1" changeset="111771455" timestamp="2021-09-27T14:17:52Z" user="alessandrocarmeli" uid="12294600" lat="45.6606046" lon="13.8116188"/>
 <node id="9126882981" visible="true" version="1" changeset="111771455" timestamp="2021-09-27T14:17:52Z" user="alessandrocarmeli" uid="12294600" lat="45.6606870" lon="13.8115209"/>
 <node id="9126882987" visible="true" version="1" changeset="111771455" timestamp="2021-09-27T14:17:52Z" user="alessandrocarmeli" uid="12294600" lat="45.6629419" lon="13.8068997"/>
 <node id="9138810167" visible="true" version="1" changeset="111981720" timestamp="2021-10-01T21:03:00Z" user="alessandrocarmeli" uid="12294600" lat="45.6493240" lon="13.8390530"/>
 <node id="9138810168" visible="true" version="1" changeset="111981720" timestamp="2021-10-01T21:03:00Z" user="alessandrocarmeli" uid="12294600" lat="45.6500279" lon="13.8392865"/>
 <node id="9324778982" visible="true" version="1" changeset="114749149" timestamp="2021-12-09T15:34:53Z" user="alessandrocarmeli" uid="12294600" lat="45.6619170" lon="13.8249790"/>
 <node id="9324778983" visible="true" version="1" changeset="114749149" timestamp="2021-12-09T15:34:53Z" user="alessandrocarmeli" uid="12294600" lat="45.6610668" lon="13.8254669"/>
 <node id="9324778984" visible="true" version="1" changeset="114749149" timestamp="2021-12-09T15:34:53Z" user="alessandrocarmeli" uid="12294600" lat="45.6603186" lon="13.8257749"/>
 <node id="9324778985" visible="true" version="1" changeset="114749149" timestamp="2021-12-09T15:34:53Z" user="alessandrocarmeli" uid="12294600" lat="45.6595914" lon="13.8261740"/>
 <node id="9324778986" visible="true" version="1" changeset="114749149" timestamp="2021-12-09T15:34:53Z" user="alessandrocarmeli" uid="12294600" lat="45.6591006" lon="13.8264014"/>
 <node id="9324778987" visible="true" version="1" changeset="114749149" timestamp="2021-12-09T15:34:53Z" user="alessandrocarmeli" uid="12294600" lat="45.6578834" lon="13.8257650"/>
 <node id="9324778988" visible="true" version="1" changeset="114749149" timestamp="2021-12-09T15:34:53Z" user="alessandrocarmeli" uid="12294600" lat="45.6567152" lon="13.8256792"/>
 <node id="9324778989" visible="true" version="1" changeset="114749149" timestamp="2021-12-09T15:34:53Z" user="alessandrocarmeli" uid="12294600" lat="45.6545308" lon="13.8254015"/>
 <node id="9324778990" visible="true" version="1" changeset="114749149" timestamp="2021-12-09T15:34:53Z" user="alessandrocarmeli" uid="12294600" lat="45.6540216" lon="13.8253617"/>
 <node id="9324778991" visible="true" version="1" changeset="114749149" timestamp="2021-12-09T15:34:53Z" user="alessandrocarmeli" uid="12294600" lat="45.6535516" lon="13.8250682"/>
 <node id="9324778992" visible="true" version="1" changeset="114749149" timestamp="2021-12-09T15:34:53Z" user="alessandrocarmeli" uid="12294600" lat="45.6532619" lon="13.8242388"/>
 <node id="9324778993" visible="true" version="1" changeset="114749149" timestamp="2021-12-09T15:34:53Z" user="alessandrocarmeli" uid="12294600" lat="45.6533162" lon="13.8235293"/>
 <node id="9324778994" visible="true" version="1" changeset="114749149" timestamp="2021-12-09T15:34:53Z" user="alessandrocarmeli" uid="12294600" lat="45.6536351" lon="13.8226246"/>
 <node id="9324778995" visible="true" version="1" changeset="114749149" timestamp="2021-12-09T15:34:53Z" user="alessandrocarmeli" uid="12294600" lat="45.6545713" lon="13.8217637"/>
 <node id="9324778996" visible="true" version="1" changeset="114749149" timestamp="2021-12-09T15:34:53Z" user="alessandrocarmeli" uid="12294600" lat="45.6562302" lon="13.8212709"/>
 <node id="9324778997" visible="true" version="1" changeset="114749149" timestamp="2021-12-09T15:34:53Z" user="alessandrocarmeli" uid="12294600" lat="45.6576835" lon="13.8210703"/>
 <node id="9324778998" visible="true" version="1" changeset="114749149" timestamp="2021-12-09T15:34:53Z" user="alessandrocarmeli" uid="12294600" lat="45.6583591" lon="13.8208540"/>
 <node id="9324778999" visible="true" version="1" changeset="114749149" timestamp="2021-12-09T15:34:53Z" user="alessandrocarmeli" uid="12294600" lat="45.6585983" lon="13.8219094"/>
 <node id="9324779000" visible="true" version="1" changeset="114749149" timestamp="2021-12-09T15:34:53Z" user="alessandrocarmeli" uid="12294600" lat="45.6592379" lon="13.8211562"/>
 <node id="9324779001" visible="true" version="1" changeset="114749149" timestamp="2021-12-09T15:34:53Z" user="alessandrocarmeli" uid="12294600" lat="45.6592872" lon="13.8203716"/>
 <node id="9324779002" visible="true" version="1" changeset="114749149" timestamp="2021-12-09T15:34:53Z" user="alessandrocarmeli" uid="12294600" lat="45.6585531" lon="13.8202834"/>
 <node id="9324779003" visible="true" version="1" changeset="114749149" timestamp="2021-12-09T15:34:53Z" user="alessandrocarmeli" uid="12294600" lat="45.6579403" lon="13.8192093"/>
 <node id="9324779004" visible="true" version="1" changeset="114749149" timestamp="2021-12-09T15:34:53Z" user="alessandrocarmeli" uid="12294600" lat="45.6591525" lon="13.8189814"/>
 <node id="9324779005" visible="true" version="1" changeset="114749149" timestamp="2021-12-09T15:34:53Z" user="alessandrocarmeli" uid="12294600" lat="45.6599132" lon="13.8190716"/>
 <node id="9324779006" visible="true" version="1" changeset="114749149" timestamp="2021-12-09T15:34:53Z" user="alessandrocarmeli" uid="12294600" lat="45.6601879" lon="13.8199272"/>
 <node id="9324779007" visible="true" version="1" changeset="114749149" timestamp="2021-12-09T15:34:53Z" user="alessandrocarmeli" uid="12294600" lat="45.6607608" lon="13.8193692"/>
 <node id="9324779008" visible="true" version="1" changeset="114749149" timestamp="2021-12-09T15:34:53Z" user="alessandrocarmeli" uid="12294600" lat="45.6612640" lon="13.8184371"/>
 <node id="9324779009" visible="true" version="1" changeset="114749149" timestamp="2021-12-09T15:34:53Z" user="alessandrocarmeli" uid="12294600" lat="45.6610553" lon="13.8173107"/>
 <node id="9324779010" visible="true" version="1" changeset="114749149" timestamp="2021-12-09T15:34:53Z" user="alessandrocarmeli" uid="12294600" lat="45.6603548" lon="13.8144320"/>
 <node id="9324779011" visible="true" version="1" changeset="114749149" timestamp="2021-12-09T15:34:53Z" user="alessandrocarmeli" uid="12294600" lat="45.6609105" lon="13.8149862"/>
 <node id="9324779012" visible="true" version="1" changeset="114749149" timestamp="2021-12-09T15:34:53Z" user="alessandrocarmeli" uid="12294600" lat="45.6612506" lon="13.8164461"/>
 <node id="9324779013" visible="true" version="1" changeset="114749149" timestamp="2021-12-09T15:34:53Z" user="alessandrocarmeli" uid="12294600" lat="45.6616969" lon="13.8172882"/>
 <node id="9324779014" visible="true" version="1" changeset="114749149" timestamp="2021-12-09T15:34:53Z" user="alessandrocarmeli" uid="12294600" lat="45.6620671" lon="13.8170185"/>
 <node id="9324779015" visible="true" version="1" changeset="114749149" timestamp="2021-12-09T15:34:53Z" user="alessandrocarmeli" uid="12294600" lat="45.6623185" lon="13.8163778"/>
 <node id="9324779016" visible="true" version="1" changeset="114749149" timestamp="2021-12-09T15:34:53Z" user="alessandrocarmeli" uid="12294600" lat="45.6629170" lon="13.8157178"/>
 <node id="9324844017" visible="true" version="1" changeset="114749149" timestamp="2021-12-09T15:34:53Z" user="alessandrocarmeli" uid="12294600" lat="45.6628732" lon="13.8153612"/>
 <node id="9324844018" visible="true" version="1" changeset="114749149" timestamp="2021-12-09T15:34:53Z" user="alessandrocarmeli" uid="12294600" lat="45.6620635" lon="13.8151106"/>
 <node id="9324844019" visible="true" version="1" changeset="114749149" timestamp="2021-12-09T15:34:53Z" user="alessandrocarmeli" uid="12294600" lat="45.6617842" lon="13.8157703"/>
 <node id="9324844020" visible="true" version="1" changeset="114749149" timestamp="2021-12-09T15:34:53Z" user="alessandrocarmeli" uid="12294600" lat="45.6614945" lon="13.8155101"/>
 <node id="9324844021" visible="true" version="1" changeset="114749149" timestamp="2021-12-09T15:34:53Z" user="alessandrocarmeli" uid="12294600" lat="45.6615001" lon="13.8145655"/>
 <node id="9324844022" visible="true" version="1" changeset="114749149" timestamp="2021-12-09T15:34:53Z" user="alessandrocarmeli" uid="12294600" lat="45.6617527" lon="13.8142137"/>
 <node id="9324844023" visible="true" version="1" changeset="114749149" timestamp="2021-12-09T15:34:53Z" user="alessandrocarmeli" uid="12294600" lat="45.6620681" lon="13.8132647"/>
 <node id="9324844024" visible="true" version="1" changeset="114749149" timestamp="2021-12-09T15:34:53Z" user="alessandrocarmeli" uid="12294600" lat="45.6628144" lon="13.8132331"/>
 <node id="9324844025" visible="true" version="1" changeset="114749149" timestamp="2021-12-09T15:34:53Z" user="alessandrocarmeli" uid="12294600" lat="45.6633833" lon="13.8136891"/>
 <node id="9324844026" visible="true" version="1" changeset="114749149" timestamp="2021-12-09T15:34:53Z" user="alessandrocarmeli" uid="12294600" lat="45.6636258" lon="13.8130385"/>
 <node id="9324844027" visible="true" version="1" changeset="114749149" timestamp="2021-12-09T15:34:53Z" user="alessandrocarmeli" uid="12294600" lat="45.6643694" lon="13.8110701"/>
 <node id="9324844028" visible="true" version="1" changeset="114749149" timestamp="2021-12-09T15:34:53Z" user="alessandrocarmeli" uid="12294600" lat="45.6653889" lon="13.8095519"/>
 <node id="9324844029" visible="true" version="1" changeset="114749149" timestamp="2021-12-09T15:34:53Z" user="alessandrocarmeli" uid="12294600" lat="45.6660084" lon="13.8100354"/>
 <node id="9324844030" visible="true" version="1" changeset="114749149" timestamp="2021-12-09T15:34:53Z" user="alessandrocarmeli" uid="12294600" lat="45.6668396" lon="13.8105122"/>
 <node id="9324844031" visible="true" version="1" changeset="114749149" timestamp="2021-12-09T15:34:53Z" user="alessandrocarmeli" uid="12294600" lat="45.6675136" lon="13.8101861"/>
 <node id="9324844032" visible="true" version="1" changeset="114749149" timestamp="2021-12-09T15:34:53Z" user="alessandrocarmeli" uid="12294600" lat="45.6682776" lon="13.8092081"/>
 <node id="9324844033" visible="true" version="1" changeset="114749149" timestamp="2021-12-09T15:34:53Z" user="alessandrocarmeli" uid="12294600" lat="45.6697123" lon="13.8061269"/>
 <node id="9324844034" visible="true" version="1" changeset="114749149" timestamp="2021-12-09T15:34:53Z" user="alessandrocarmeli" uid="12294600" lat="45.6702767" lon="13.8053130"/>
 <node id="9324844035" visible="true" version="1" changeset="114749149" timestamp="2021-12-09T15:34:53Z" user="alessandrocarmeli" uid="12294600" lat="45.6709959" lon="13.8046713"/>
 <node id="9324844036" visible="true" version="1" changeset="114749149" timestamp="2021-12-09T15:34:53Z" user="alessandrocarmeli" uid="12294600" lat="45.6713541" lon="13.8034703"/>
 <node id="9324844037" visible="true" version="1" changeset="114749149" timestamp="2021-12-09T15:34:53Z" user="alessandrocarmeli" uid="12294600" lat="45.6718705" lon="13.8008301"/>
 <node id="9324844038" visible="true" version="1" changeset="114749149" timestamp="2021-12-09T15:34:53Z" user="alessandrocarmeli" uid="12294600" lat="45.6719726" lon="13.8000306"/>
 <node id="9324844039" visible="true" version="1" changeset="114749149" timestamp="2021-12-09T15:34:53Z" user="alessandrocarmeli" uid="12294600" lat="45.6719142" lon="13.7996211"/>
 <node id="9324844040" visible="true" version="1" changeset="114749149" timestamp="2021-12-09T15:34:53Z" user="alessandrocarmeli" uid="12294600" lat="45.6728491" lon="13.7990260"/>
 <node id="9324844041" visible="true" version="1" changeset="114749149" timestamp="2021-12-09T15:34:53Z" user="alessandrocarmeli" uid="12294600" lat="45.6731825" lon="13.7980333"/>
 <node id="9324844042" visible="true" version="1" changeset="114749149" timestamp="2021-12-09T15:34:53Z" user="alessandrocarmeli" uid="12294600" lat="45.6733294" lon="13.7973351"/>
 <node id="9324844043" visible="true" version="1" changeset="114749149" timestamp="2021-12-09T15:34:53Z" user="alessandrocarmeli" uid="12294600" lat="45.6729792" lon="13.7973448"/>
 <node id="9324844044" visible="true" version="1" changeset="114749149" timestamp="2021-12-09T15:34:53Z" user="alessandrocarmeli" uid="12294600" lat="45.6725113" lon="13.7984862"/>
 <node id="9324844045" visible="true" version="1" changeset="114749149" timestamp="2021-12-09T15:34:53Z" user="alessandrocarmeli" uid="12294600" lat="45.6718281" lon="13.7989903"/>
 <node id="9324844046" visible="true" version="1" changeset="114749149" timestamp="2021-12-09T15:34:53Z" user="alessandrocarmeli" uid="12294600" lat="45.6712155" lon="13.8001127"/>
 <node id="9324844047" visible="true" version="1" changeset="114749149" timestamp="2021-12-09T15:34:53Z" user="alessandrocarmeli" uid="12294600" lat="45.6701957" lon="13.8014025"/>
 <node id="9324844048" visible="true" version="1" changeset="114749149" timestamp="2021-12-09T15:34:53Z" user="alessandrocarmeli" uid="12294600" lat="45.6702787" lon="13.8023253"/>
 <node id="9324844049" visible="true" version="1" changeset="114749149" timestamp="2021-12-09T15:34:53Z" user="alessandrocarmeli" uid="12294600" lat="45.6696641" lon="13.8039285"/>
 <node id="9324844050" visible="true" version="1" changeset="114749149" timestamp="2021-12-09T15:34:53Z" user="alessandrocarmeli" uid="12294600" lat="45.6692903" lon="13.8034707"/>
 <node id="9324844051" visible="true" version="1" changeset="114749149" timestamp="2021-12-09T15:34:53Z" user="alessandrocarmeli" uid="12294600" lat="45.6686898" lon="13.8047798"/>
 <node id="9324844052" visible="true" version="1" changeset="114749149" timestamp="2021-12-09T15:34:53Z" user="alessandrocarmeli" uid="12294600" lat="45.6682352" lon="13.8046159"/>
 <node id="9324844053" visible="true" version="1" changeset="114749149" timestamp="2021-12-09T15:34:53Z" user="alessandrocarmeli" uid="12294600" lat="45.6684420" lon="13.8038015"/>
 <node id="9324844054" visible="true" version="1" changeset="114749149" timestamp="2021-12-09T15:34:53Z" user="alessandrocarmeli" uid="12294600" lat="45.6689244" lon="13.8029499"/>
 <node id="9324844055" visible="true" version="1" changeset="114749149" timestamp="2021-12-09T15:34:53Z" user="alessandrocarmeli" uid="12294600" lat="45.6690702" lon="13.8021339"/>
 <node id="9324844056" visible="true" version="1" changeset="114749149" timestamp="2021-12-09T15:34:53Z" user="alessandrocarmeli" uid="12294600" lat="45.6690916" lon="13.8018673"/>
 <node id="9324844057" visible="true" version="1" changeset="114749149" timestamp="2021-12-09T15:34:53Z" user="alessandrocarmeli" uid="12294600" lat="45.6688827" lon="13.8019153"/>
 <node id="9324844058" visible="true" version="1" changeset="114749149" timestamp="2021-12-09T15:34:53Z" user="alessandrocarmeli" uid="12294600" lat="45.6687134" lon="13.8023194"/>
 <node id="9324844059" visible="true" version="1" changeset="114749149" timestamp="2021-12-09T15:34:53Z" user="alessandrocarmeli" uid="12294600" lat="45.6682293" lon="13.8027153"/>
 <node id="9324844060" visible="true" version="1" changeset="114749149" timestamp="2021-12-09T15:34:53Z" user="alessandrocarmeli" uid="12294600" lat="45.6679669" lon="13.8027039"/>
 <node id="9324844061" visible="true" version="1" changeset="114749149" timestamp="2021-12-09T15:34:53Z" user="alessandrocarmeli" uid="12294600" lat="45.6630467" lon="13.8242893"/>
 <node id="9324844062" visible="true" version="1" changeset="114749149" timestamp="2021-12-09T15:34:53Z" user="alessandrocarmeli" uid="12294600" lat="45.6634620" lon="13.8252600"/>
 <node id="9324844063" visible="true" version="1" changeset="114749149" timestamp="2021-12-09T15:34:53Z" user="alessandrocarmeli" uid="12294600" lat="45.6637005" lon="13.8268459"/>
 <node id="9324844064" visible="true" version="1" changeset="114749149" timestamp="2021-12-09T15:34:53Z" user="alessandrocarmeli" uid="12294600" lat="45.6606774" lon="13.8290730"/>
 <node id="9324844065" visible="true" version="1" changeset="114749149" timestamp="2021-12-09T15:34:53Z" user="alessandrocarmeli" uid="12294600" lat="45.6609674" lon="13.8300484"/>
 <node id="9324844099" visible="true" version="1" changeset="114749149" timestamp="2021-12-09T15:34:53Z" user="alessandrocarmeli" uid="12294600" lat="45.6607881" lon="13.8159793"/>
 <node id="9324844100" visible="true" version="1" changeset="114749149" timestamp="2021-12-09T15:34:53Z" user="alessandrocarmeli" uid="12294600" lat="45.6600871" lon="13.8146509"/>
 <node id="9360488275" visible="true" version="1" changeset="115293384" timestamp="2021-12-23T11:15:30Z" user="Jonathan Asaf" uid="10828579" lat="45.6559748" lon="13.8307115"/>
 <node id="9360488276" visible="true" version="1" changeset="115293384" timestamp="2021-12-23T11:15:30Z" user="Jonathan Asaf" uid="10828579" lat="45.6561454" lon="13.8308564"/>
 <node id="9360488277" visible="true" version="1" changeset="115293384" timestamp="2021-12-23T11:15:30Z" user="Jonathan Asaf" uid="10828579" lat="45.6560273" lon="13.8307585"/>
 <node id="9463308330" visible="true" version="1" changeset="116825416" timestamp="2022-01-31T14:06:53Z" user="Vaga Bond" uid="10229611" lat="45.6577099" lon="13.8337735"/>
 <node id="9570577639" visible="true" version="1" changeset="118358607" timestamp="2022-03-11T10:59:00Z" user="Vaga Bond" uid="10229611" lat="45.6641196" lon="13.8263587"/>
 <node id="9577876223" visible="true" version="1" changeset="118472621" timestamp="2022-03-14T14:34:12Z" user="Vaga Bond" uid="10229611" lat="45.6516586" lon="13.8317091"/>
 <node id="9577876240" visible="true" version="1" changeset="118472621" timestamp="2022-03-14T14:34:12Z" user="Vaga Bond" uid="10229611" lat="45.6536702" lon="13.8315862"/>
 <node id="9762718241" visible="true" version="2" changeset="143935065" timestamp="2023-11-12T14:15:49Z" user="Badojo" uid="8189075" lat="45.6574543" lon="13.8305460"/>
 <node id="9787112197" visible="true" version="1" changeset="121790527" timestamp="2022-06-01T03:23:12Z" user="EvanE" uid="184969" lat="45.6574790" lon="13.8294495"/>
 <node id="9853560915" visible="true" version="1" changeset="122962288" timestamp="2022-06-28T15:07:39Z" user="damjang" uid="97922" lat="45.6543332" lon="13.8268204"/>
 <node id="9853577018" visible="true" version="1" changeset="122962288" timestamp="2022-06-28T15:07:39Z" user="damjang" uid="97922" lat="45.6547809" lon="13.8261470"/>
 <node id="9857775863" visible="true" version="1" changeset="123038029" timestamp="2022-06-30T10:12:01Z" user="fabiotofy" uid="684800" lat="45.6573672" lon="13.8298150">
  <tag k="addr:city" v="Trieste"/>
  <tag k="addr:housenumber" v="99"/>
  <tag k="addr:place" v="Padriciano / Padriče"/>
  <tag k="addr:postcode" v="34149"/>
 </node>
 <node id="10123453018" visible="true" version="1" changeset="127950431" timestamp="2022-10-23T10:12:44Z" user="alessandrocarmeli" uid="12294600" lat="45.6594414" lon="13.8359886"/>
 <node id="10123453019" visible="true" version="1" changeset="127950431" timestamp="2022-10-23T10:12:44Z" user="alessandrocarmeli" uid="12294600" lat="45.6603120" lon="13.8366316"/>
 <node id="10123453020" visible="true" version="1" changeset="127950431" timestamp="2022-10-23T10:12:44Z" user="alessandrocarmeli" uid="12294600" lat="45.6602545" lon="13.8366790"/>
 <node id="10123453021" visible="true" version="1" changeset="127950431" timestamp="2022-10-23T10:12:44Z" user="alessandrocarmeli" uid="12294600" lat="45.6592901" lon="13.8359211"/>
 <node id="10123453022" visible="true" version="1" changeset="127950431" timestamp="2022-10-23T10:12:44Z" user="alessandrocarmeli" uid="12294600" lat="45.6590368" lon="13.8360509"/>
 <node id="10123453023" visible="true" version="1" changeset="127950431" timestamp="2022-10-23T10:12:44Z" user="alessandrocarmeli" uid="12294600" lat="45.6589462" lon="13.8361868"/>
 <node id="10123453024" visible="true" version="1" changeset="127950431" timestamp="2022-10-23T10:12:44Z" user="alessandrocarmeli" uid="12294600" lat="45.6595082" lon="13.8369183"/>
 <node id="10123453025" visible="true" version="1" changeset="127950431" timestamp="2022-10-23T10:12:44Z" user="alessandrocarmeli" uid="12294600" lat="45.6593433" lon="13.8370872"/>
 <node id="10123453026" visible="true" version="1" changeset="127950431" timestamp="2022-10-23T10:12:44Z" user="alessandrocarmeli" uid="12294600" lat="45.6590970" lon="13.8366883"/>
 <node id="10123453027" visible="true" version="1" changeset="127950431" timestamp="2022-10-23T10:12:44Z" user="alessandrocarmeli" uid="12294600" lat="45.6590013" lon="13.8367902"/>
 <node id="10123453028" visible="true" version="1" changeset="127950431" timestamp="2022-10-23T10:12:44Z" user="alessandrocarmeli" uid="12294600" lat="45.6589932" lon="13.8370960"/>
 <node id="10123453029" visible="true" version="1" changeset="127950431" timestamp="2022-10-23T10:12:44Z" user="alessandrocarmeli" uid="12294600" lat="45.6590237" lon="13.8372532"/>
 <node id="10123453030" visible="true" version="1" changeset="127950431" timestamp="2022-10-23T10:12:44Z" user="alessandrocarmeli" uid="12294600" lat="45.6591275" lon="13.8373319"/>
 <node id="10123453031" visible="true" version="1" changeset="127950431" timestamp="2022-10-23T10:12:44Z" user="alessandrocarmeli" uid="12294600" lat="45.6592456" lon="13.8376027"/>
 <node id="10123453032" visible="true" version="1" changeset="127950431" timestamp="2022-10-23T10:12:44Z" user="alessandrocarmeli" uid="12294600" lat="45.6591988" lon="13.8376930"/>
 <node id="10123453033" visible="true" version="1" changeset="127950431" timestamp="2022-10-23T10:12:44Z" user="alessandrocarmeli" uid="12294600" lat="45.6592741" lon="13.8377949"/>
 <node id="10123453034" visible="true" version="1" changeset="127950431" timestamp="2022-10-23T10:12:44Z" user="alessandrocarmeli" uid="12294600" lat="45.6589445" lon="13.8384925"/>
 <node id="10123453035" visible="true" version="1" changeset="127950431" timestamp="2022-10-23T10:12:44Z" user="alessandrocarmeli" uid="12294600" lat="45.6588816" lon="13.8384285"/>
 <node id="10123453036" visible="true" version="1" changeset="127950431" timestamp="2022-10-23T10:12:44Z" user="alessandrocarmeli" uid="12294600" lat="45.6588174" lon="13.8384198"/>
 <node id="10123453037" visible="true" version="1" changeset="127950431" timestamp="2022-10-23T10:12:44Z" user="alessandrocarmeli" uid="12294600" lat="45.6587678" lon="13.8384873"/>
 <node id="10123453038" visible="true" version="1" changeset="127950431" timestamp="2022-10-23T10:12:44Z" user="alessandrocarmeli" uid="12294600" lat="45.6587109" lon="13.8384960"/>
 <node id="10123453039" visible="true" version="1" changeset="127950431" timestamp="2022-10-23T10:12:44Z" user="alessandrocarmeli" uid="12294600" lat="45.6585560" lon="13.8382917"/>
 <node id="10123453040" visible="true" version="1" changeset="127950431" timestamp="2022-10-23T10:12:44Z" user="alessandrocarmeli" uid="12294600" lat="45.6585040" lon="13.8383782"/>
 <node id="10123453041" visible="true" version="1" changeset="127950431" timestamp="2022-10-23T10:12:44Z" user="alessandrocarmeli" uid="12294600" lat="45.6584132" lon="13.8382899"/>
 <node id="10123453042" visible="true" version="1" changeset="127950431" timestamp="2022-10-23T10:12:44Z" user="alessandrocarmeli" uid="12294600" lat="45.6583200" lon="13.8382605"/>
 <node id="10123453043" visible="true" version="1" changeset="127950431" timestamp="2022-10-23T10:12:44Z" user="alessandrocarmeli" uid="12294600" lat="45.6582910" lon="13.8382674"/>
 <node id="10123453044" visible="true" version="1" changeset="127950431" timestamp="2022-10-23T10:12:44Z" user="alessandrocarmeli" uid="12294600" lat="45.6581385" lon="13.8382501"/>
 <node id="10123453045" visible="true" version="1" changeset="127950431" timestamp="2022-10-23T10:12:44Z" user="alessandrocarmeli" uid="12294600" lat="45.6580707" lon="13.8381722"/>
 <node id="10123453046" visible="true" version="1" changeset="127950431" timestamp="2022-10-23T10:12:44Z" user="alessandrocarmeli" uid="12294600" lat="45.6579944" lon="13.8382172"/>
 <node id="10123453047" visible="true" version="1" changeset="127950431" timestamp="2022-10-23T10:12:44Z" user="alessandrocarmeli" uid="12294600" lat="45.6579872" lon="13.8383973"/>
 <node id="10123453048" visible="true" version="1" changeset="127950431" timestamp="2022-10-23T10:12:44Z" user="alessandrocarmeli" uid="12294600" lat="45.6580320" lon="13.8386795"/>
 <node id="10123453049" visible="true" version="1" changeset="127950431" timestamp="2022-10-23T10:12:44Z" user="alessandrocarmeli" uid="12294600" lat="45.6580186" lon="13.8387679"/>
 <node id="10123453050" visible="true" version="1" changeset="127950431" timestamp="2022-10-23T10:12:44Z" user="alessandrocarmeli" uid="12294600" lat="45.6579787" lon="13.8387765"/>
 <node id="10123453051" visible="true" version="1" changeset="127950431" timestamp="2022-10-23T10:12:44Z" user="alessandrocarmeli" uid="12294600" lat="45.6579727" lon="13.8386484"/>
 <node id="10123453052" visible="true" version="1" changeset="127950431" timestamp="2022-10-23T10:12:44Z" user="alessandrocarmeli" uid="12294600" lat="45.6579025" lon="13.8386276"/>
 <node id="10123453053" visible="true" version="1" changeset="127950431" timestamp="2022-10-23T10:12:44Z" user="alessandrocarmeli" uid="12294600" lat="45.6578080" lon="13.8386484"/>
 <node id="10123453054" visible="true" version="1" changeset="127950431" timestamp="2022-10-23T10:12:44Z" user="alessandrocarmeli" uid="12294600" lat="45.6577645" lon="13.8387124"/>
 <node id="10123453055" visible="true" version="1" changeset="127950431" timestamp="2022-10-23T10:12:44Z" user="alessandrocarmeli" uid="12294600" lat="45.6576761" lon="13.8387090"/>
 <node id="10123453056" visible="true" version="1" changeset="127950431" timestamp="2022-10-23T10:12:44Z" user="alessandrocarmeli" uid="12294600" lat="45.6575914" lon="13.8382172"/>
 <node id="10123453057" visible="true" version="1" changeset="127950431" timestamp="2022-10-23T10:12:44Z" user="alessandrocarmeli" uid="12294600" lat="45.6572852" lon="13.8384163"/>
 <node id="10123453058" visible="true" version="1" changeset="127950431" timestamp="2022-10-23T10:12:44Z" user="alessandrocarmeli" uid="12294600" lat="45.6573941" lon="13.8387748"/>
 <node id="10123453059" visible="true" version="1" changeset="127950431" timestamp="2022-10-23T10:12:44Z" user="alessandrocarmeli" uid="12294600" lat="45.6573009" lon="13.8388631"/>
 <node id="10123453060" visible="true" version="1" changeset="127950431" timestamp="2022-10-23T10:12:44Z" user="alessandrocarmeli" uid="12294600" lat="45.6572501" lon="13.8388995"/>
 <node id="10123453061" visible="true" version="1" changeset="127950431" timestamp="2022-10-23T10:12:44Z" user="alessandrocarmeli" uid="12294600" lat="45.6570274" lon="13.8389774"/>
 <node id="10123453062" visible="true" version="1" changeset="127950431" timestamp="2022-10-23T10:12:44Z" user="alessandrocarmeli" uid="12294600" lat="45.6568676" lon="13.8390865"/>
 <node id="10123453063" visible="true" version="1" changeset="127950431" timestamp="2022-10-23T10:12:44Z" user="alessandrocarmeli" uid="12294600" lat="45.6566074" lon="13.8393012"/>
 <node id="10123453064" visible="true" version="1" changeset="127950431" timestamp="2022-10-23T10:12:44Z" user="alessandrocarmeli" uid="12294600" lat="45.6564428" lon="13.8394242"/>
 <node id="10123453065" visible="true" version="1" changeset="127950431" timestamp="2022-10-23T10:12:44Z" user="alessandrocarmeli" uid="12294600" lat="45.6563532" lon="13.8394657"/>
 <node id="10123453066" visible="true" version="1" changeset="127950431" timestamp="2022-10-23T10:12:44Z" user="alessandrocarmeli" uid="12294600" lat="45.6563581" lon="13.8395661"/>
 <node id="10123453067" visible="true" version="1" changeset="127950431" timestamp="2022-10-23T10:12:44Z" user="alessandrocarmeli" uid="12294600" lat="45.6560397" lon="13.8396181"/>
 <node id="10123453068" visible="true" version="1" changeset="127950431" timestamp="2022-10-23T10:12:44Z" user="alessandrocarmeli" uid="12294600" lat="45.6559826" lon="13.8393329"/>
 <node id="10123453069" visible="true" version="1" changeset="127950431" timestamp="2022-10-23T10:12:44Z" user="alessandrocarmeli" uid="12294600" lat="45.6559789" lon="13.8392186"/>
 <node id="10123453070" visible="true" version="1" changeset="127950431" timestamp="2022-10-23T10:12:44Z" user="alessandrocarmeli" uid="12294600" lat="45.6561532" lon="13.8388446"/>
 <node id="10123453071" visible="true" version="1" changeset="127950431" timestamp="2022-10-23T10:12:44Z" user="alessandrocarmeli" uid="12294600" lat="45.6561000" lon="13.8387286"/>
 <node id="10123453072" visible="true" version="1" changeset="127950431" timestamp="2022-10-23T10:12:44Z" user="alessandrocarmeli" uid="12294600" lat="45.6559814" lon="13.8383476"/>
 <node id="10123453073" visible="true" version="1" changeset="127950431" timestamp="2022-10-23T10:12:44Z" user="alessandrocarmeli" uid="12294600" lat="45.6559027" lon="13.8384152"/>
 <node id="10123453074" visible="true" version="1" changeset="127950431" timestamp="2022-10-23T10:12:44Z" user="alessandrocarmeli" uid="12294600" lat="45.6558869" lon="13.8385554"/>
 <node id="10123453075" visible="true" version="1" changeset="127950431" timestamp="2022-10-23T10:12:44Z" user="alessandrocarmeli" uid="12294600" lat="45.6558071" lon="13.8386697"/>
 <node id="10123453076" visible="true" version="1" changeset="127950431" timestamp="2022-10-23T10:12:44Z" user="alessandrocarmeli" uid="12294600" lat="45.6554101" lon="13.8390870"/>
 <node id="10123453077" visible="true" version="1" changeset="127950431" timestamp="2022-10-23T10:12:44Z" user="alessandrocarmeli" uid="12294600" lat="45.6552527" lon="13.8392879"/>
 <node id="10123453078" visible="true" version="1" changeset="127950431" timestamp="2022-10-23T10:12:44Z" user="alessandrocarmeli" uid="12294600" lat="45.6553265" lon="13.8398039"/>
 <node id="10123453079" visible="true" version="1" changeset="127950431" timestamp="2022-10-23T10:12:44Z" user="alessandrocarmeli" uid="12294600" lat="45.6549150" lon="13.8398195"/>
 <node id="10123453080" visible="true" version="1" changeset="127950431" timestamp="2022-10-23T10:12:44Z" user="alessandrocarmeli" uid="12294600" lat="45.6547952" lon="13.8389866"/>
 <node id="10123453081" visible="true" version="1" changeset="127950431" timestamp="2022-10-23T10:12:44Z" user="alessandrocarmeli" uid="12294600" lat="45.6546233" lon="13.8389450"/>
 <node id="10123453082" visible="true" version="1" changeset="127950431" timestamp="2022-10-23T10:12:44Z" user="alessandrocarmeli" uid="12294600" lat="45.6544829" lon="13.8391754"/>
 <node id="10123453083" visible="true" version="1" changeset="127950431" timestamp="2022-10-23T10:12:44Z" user="alessandrocarmeli" uid="12294600" lat="45.6543256" lon="13.8391563"/>
 <node id="10123453084" visible="true" version="1" changeset="127950431" timestamp="2022-10-23T10:12:44Z" user="alessandrocarmeli" uid="12294600" lat="45.6543570" lon="13.8389347"/>
 <node id="10123453085" visible="true" version="1" changeset="127950431" timestamp="2022-10-23T10:12:44Z" user="alessandrocarmeli" uid="12294600" lat="45.6538595" lon="13.8387580"/>
 <node id="10123453086" visible="true" version="1" changeset="127950431" timestamp="2022-10-23T10:12:44Z" user="alessandrocarmeli" uid="12294600" lat="45.6537712" lon="13.8387217"/>
 <node id="10123453087" visible="true" version="1" changeset="127950431" timestamp="2022-10-23T10:12:44Z" user="alessandrocarmeli" uid="12294600" lat="45.6532287" lon="13.8383589"/>
 <node id="10123453088" visible="true" version="1" changeset="127950431" timestamp="2022-10-23T10:12:44Z" user="alessandrocarmeli" uid="12294600" lat="45.6531979" lon="13.8384594"/>
 <node id="10123453089" visible="true" version="1" changeset="127950431" timestamp="2022-10-23T10:12:44Z" user="alessandrocarmeli" uid="12294600" lat="45.6534136" lon="13.8385989"/>
 <node id="10123453090" visible="true" version="1" changeset="127950431" timestamp="2022-10-23T10:12:44Z" user="alessandrocarmeli" uid="12294600" lat="45.6536618" lon="13.8387336"/>
 <node id="10123453091" visible="true" version="1" changeset="127950431" timestamp="2022-10-23T10:12:44Z" user="alessandrocarmeli" uid="12294600" lat="45.6536224" lon="13.8387606"/>
 <node id="10123453092" visible="true" version="1" changeset="127950431" timestamp="2022-10-23T10:12:44Z" user="alessandrocarmeli" uid="12294600" lat="45.6534889" lon="13.8387189"/>
 <node id="10123453093" visible="true" version="1" changeset="127950431" timestamp="2022-10-23T10:12:44Z" user="alessandrocarmeli" uid="12294600" lat="45.6534392" lon="13.8388953"/>
 <node id="10123453094" visible="true" version="1" changeset="127950431" timestamp="2022-10-23T10:12:44Z" user="alessandrocarmeli" uid="12294600" lat="45.6532253" lon="13.8387826"/>
 <node id="10123453095" visible="true" version="1" changeset="127950431" timestamp="2022-10-23T10:12:44Z" user="alessandrocarmeli" uid="12294600" lat="45.6529000" lon="13.8385647"/>
 <node id="10123453096" visible="true" version="1" changeset="127950431" timestamp="2022-10-23T10:12:44Z" user="alessandrocarmeli" uid="12294600" lat="45.6527511" lon="13.8388806"/>
 <node id="10123453097" visible="true" version="1" changeset="127950431" timestamp="2022-10-23T10:12:44Z" user="alessandrocarmeli" uid="12294600" lat="45.6525885" lon="13.8391720"/>
 <node id="10123453098" visible="true" version="1" changeset="127950431" timestamp="2022-10-23T10:12:44Z" user="alessandrocarmeli" uid="12294600" lat="45.6523283" lon="13.8390275"/>
 <node id="10123453099" visible="true" version="1" changeset="127950431" timestamp="2022-10-23T10:12:44Z" user="alessandrocarmeli" uid="12294600" lat="45.6520510" lon="13.8389320"/>
 <node id="10123453100" visible="true" version="1" changeset="127950431" timestamp="2022-10-23T10:12:44Z" user="alessandrocarmeli" uid="12294600" lat="45.6518336" lon="13.8389344"/>
 <node id="10123453101" visible="true" version="1" changeset="127950431" timestamp="2022-10-23T10:12:44Z" user="alessandrocarmeli" uid="12294600" lat="45.6509793" lon="13.8390887"/>
 <node id="10123453102" visible="true" version="1" changeset="127950431" timestamp="2022-10-23T10:12:44Z" user="alessandrocarmeli" uid="12294600" lat="45.6505925" lon="13.8392283"/>
 <node id="10123453103" visible="true" version="1" changeset="127950431" timestamp="2022-10-23T10:12:44Z" user="alessandrocarmeli" uid="12294600" lat="45.6503134" lon="13.8393238"/>
 <node id="10123453104" visible="true" version="1" changeset="127950431" timestamp="2022-10-23T10:12:44Z" user="alessandrocarmeli" uid="12294600" lat="45.6501645" lon="13.8393214"/>
 <node id="10655085282" visible="true" version="1" changeset="132489872" timestamp="2023-02-13T13:12:09Z" user="alessandrocarmeli" uid="12294600" lat="45.6670285" lon="13.8047634"/>
 <node id="10655085283" visible="true" version="1" changeset="132489872" timestamp="2023-02-13T13:12:09Z" user="alessandrocarmeli" uid="12294600" lat="45.6671632" lon="13.8048976"/>
 <node id="10655085284" visible="true" version="1" changeset="132489872" timestamp="2023-02-13T13:12:09Z" user="alessandrocarmeli" uid="12294600" lat="45.6671578" lon="13.8050319"/>
 <node id="10655085285" visible="true" version="1" changeset="132489872" timestamp="2023-02-13T13:12:09Z" user="alessandrocarmeli" uid="12294600" lat="45.6669622" lon="13.8054072"/>
 <node id="10655085286" visible="true" version="1" changeset="132489872" timestamp="2023-02-13T13:12:09Z" user="alessandrocarmeli" uid="12294600" lat="45.6669600" lon="13.8055985"/>
 <node id="10655085338" visible="true" version="1" changeset="132489872" timestamp="2023-02-13T13:12:09Z" user="alessandrocarmeli" uid="12294600" lat="45.6571383" lon="13.8142522"/>
 <node id="10655085339" visible="true" version="1" changeset="132489872" timestamp="2023-02-13T13:12:09Z" user="alessandrocarmeli" uid="12294600" lat="45.6564922" lon="13.8146374"/>
 <node id="10655085343" visible="true" version="1" changeset="132489872" timestamp="2023-02-13T13:12:09Z" user="alessandrocarmeli" uid="12294600" lat="45.6570496" lon="13.8148158"/>
 <node id="10655085344" visible="true" version="1" changeset="132489872" timestamp="2023-02-13T13:12:09Z" user="alessandrocarmeli" uid="12294600" lat="45.6569924" lon="13.8144756"/>
 <node id="10655085345" visible="true" version="1" changeset="132489872" timestamp="2023-02-13T13:12:09Z" user="alessandrocarmeli" uid="12294600" lat="45.6572711" lon="13.8141752"/>
 <node id="11078371856" visible="true" version="1" changeset="139244207" timestamp="2023-07-31T09:26:08Z" user="darthravem" uid="2415747" lat="45.6577886" lon="13.8291307"/>
 <node id="11117057112" visible="true" version="1" changeset="139922502" timestamp="2023-08-15T15:53:59Z" user="the_real_shb" uid="19198184" lat="45.6548235" lon="13.8261182"/>
 <node id="11117057113" visible="true" version="1" changeset="139922502" timestamp="2023-08-15T15:53:59Z" user="the_real_shb" uid="19198184" lat="45.6554743" lon="13.8277131"/>
 <node id="11117057114" visible="true" version="1" changeset="139922502" timestamp="2023-08-15T15:53:59Z" user="the_real_shb" uid="19198184" lat="45.6551198" lon="13.8266894"/>
 <node id="11343495419" visible="true" version="1" changeset="143935065" timestamp="2023-11-12T14:15:49Z" user="Badojo" uid="8189075" lat="45.6574392" lon="13.8303518"/>
 <node id="11343495420" visible="true" version="1" changeset="143935065" timestamp="2023-11-12T14:15:49Z" user="Badojo" uid="8189075" lat="45.6573859" lon="13.8304982"/>
 <node id="11343495421" visible="true" version="1" changeset="143935065" timestamp="2023-11-12T14:15:49Z" user="Badojo" uid="8189075" lat="45.6575599" lon="13.8304959">
  <tag k="direction" v="forward"/>
  <tag k="highway" v="stop"/>
 </node>
 <node id="11343495422" visible="true" version="1" changeset="143935065" timestamp="2023-11-12T14:15:49Z" user="Badojo" uid="8189075" lat="45.6575498" lon="13.8305443"/>
 <node id="11343495423" visible="true" version="1" changeset="143935065" timestamp="2023-11-12T14:15:49Z" user="Badojo" uid="8189075" lat="45.6574720" lon="13.8304099"/>
 <node id="11343495424" visible="true" version="1" changeset="143935065" timestamp="2023-11-12T14:15:49Z" user="Badojo" uid="8189075" lat="45.6574008" lon="13.8303929">
  <tag k="direction" v="forward"/>
  <tag k="highway" v="stop"/>
 </node>
 <node id="11343495425" visible="true" version="1" changeset="143935065" timestamp="2023-11-12T14:15:49Z" user="Badojo" uid="8189075" lat="45.6574411" lon="13.8304370"/>
 <node id="11343495426" visible="true" version="1" changeset="143935065" timestamp="2023-11-12T14:15:49Z" user="Badojo" uid="8189075" lat="45.6574789" lon="13.8305154"/>
 <node id="11343495427" visible="true" version="1" changeset="143935065" timestamp="2023-11-12T14:15:49Z" user="Badojo" uid="8189075" lat="45.6574377" lon="13.8306802"/>
 <node id="11343495428" visible="true" version="1" changeset="143935065" timestamp="2023-11-12T14:15:49Z" user="Badojo" uid="8189075" lat="45.6574044" lon="13.8306766"/>
 <node id="11343495429" visible="true" version="1" changeset="143935065" timestamp="2023-11-12T14:15:49Z" user="Badojo" uid="8189075" lat="45.6573767" lon="13.8306842"/>
 <node id="11343495430" visible="true" version="1" changeset="143935065" timestamp="2023-11-12T14:15:49Z" user="Badojo" uid="8189075" lat="45.6574177" lon="13.8307502"/>
 <node id="11343495431" visible="true" version="1" changeset="143935065" timestamp="2023-11-12T14:15:49Z" user="Badojo" uid="8189075" lat="45.6572583" lon="13.8307288"/>
 <node id="11343495435" visible="true" version="1" changeset="143935065" timestamp="2023-11-12T14:15:49Z" user="Badojo" uid="8189075" lat="45.6568763" lon="13.8294563"/>
 <node id="11343495436" visible="true" version="1" changeset="143935065" timestamp="2023-11-12T14:15:49Z" user="Badojo" uid="8189075" lat="45.6569034" lon="13.8294316">
  <tag k="direction" v="forward"/>
  <tag k="highway" v="stop"/>
 </node>
 <node id="12285346320" visible="true" version="1" changeset="158296278" timestamp="2024-10-24T13:12:28Z" user="Armando Hasanbelliu" uid="20965715" lat="45.6411660" lon="13.8327663"/>
 <node id="12285346321" visible="true" version="1" changeset="158296278" timestamp="2024-10-24T13:12:28Z" user="Armando Hasanbelliu" uid="20965715" lat="45.6414216" lon="13.8324902"/>
 <node id="12285346323" visible="true" version="1" changeset="158296278" timestamp="2024-10-24T13:12:28Z" user="Armando Hasanbelliu" uid="20965715" lat="45.6405721" lon="13.8336629"/>
 <node id="12285346324" visible="true" version="1" changeset="158296278" timestamp="2024-10-24T13:12:28Z" user="Armando Hasanbelliu" uid="20965715" lat="45.6404491" lon="13.8338394"/>
 <node id="12285346325" visible="true" version="1" changeset="158296278" timestamp="2024-10-24T13:12:28Z" user="Armando Hasanbelliu" uid="20965715" lat="45.6403329" lon="13.8339840"/>
 <node id="12285346326" visible="true" version="1" changeset="158296278" timestamp="2024-10-24T13:12:28Z" user="Armando Hasanbelliu" uid="20965715" lat="45.6402827" lon="13.8340402"/>
 <node id="12285346327" visible="true" version="1" changeset="158296278" timestamp="2024-10-24T13:12:28Z" user="Armando Hasanbelliu" uid="20965715" lat="45.6402549" lon="13.8340655"/>
 <node id="12285346328" visible="true" version="1" changeset="158296278" timestamp="2024-10-24T13:12:28Z" user="Armando Hasanbelliu" uid="20965715" lat="45.6402210" lon="13.8340949"/>
 <node id="12285346329" visible="true" version="1" changeset="158296278" timestamp="2024-10-24T13:12:28Z" user="Armando Hasanbelliu" uid="20965715" lat="45.6402078" lon="13.8341029"/>
 <node id="12285346330" visible="true" version="1" changeset="158296278" timestamp="2024-10-24T13:12:28Z" user="Armando Hasanbelliu" uid="20965715" lat="45.6401923" lon="13.8341049"/>
 <node id="12285346331" visible="true" version="1" changeset="158296278" timestamp="2024-10-24T13:12:28Z" user="Armando Hasanbelliu" uid="20965715" lat="45.6402012" lon="13.8341041"/>
 <node id="12285346332" visible="true" version="1" changeset="158296278" timestamp="2024-10-24T13:12:28Z" user="Armando Hasanbelliu" uid="20965715" lat="45.6401717" lon="13.8340989"/>
 <node id="12285346333" visible="true" version="1" changeset="158296278" timestamp="2024-10-24T13:12:28Z" user="Armando Hasanbelliu" uid="20965715" lat="45.6401820" lon="13.8341031"/>
 <node id="12285346334" visible="true" version="1" changeset="158296278" timestamp="2024-10-24T13:12:28Z" user="Armando Hasanbelliu" uid="20965715" lat="45.6401620" lon="13.8340932"/>
 <node id="12285346335" visible="true" version="1" changeset="158296278" timestamp="2024-10-24T13:12:28Z" user="Armando Hasanbelliu" uid="20965715" lat="45.6401335" lon="13.8340573"/>
 <node id="12285346336" visible="true" version="1" changeset="158296278" timestamp="2024-10-24T13:12:28Z" user="Armando Hasanbelliu" uid="20965715" lat="45.6401414" lon="13.8340717"/>
 <node id="12285346337" visible="true" version="1" changeset="158296278" timestamp="2024-10-24T13:12:28Z" user="Armando Hasanbelliu" uid="20965715" lat="45.6401250" lon="13.8340309"/>
 <node id="12285346338" visible="true" version="1" changeset="158296278" timestamp="2024-10-24T13:12:28Z" user="Armando Hasanbelliu" uid="20965715" lat="45.6401290" lon="13.8340455"/>
 <node id="12285346339" visible="true" version="1" changeset="158296278" timestamp="2024-10-24T13:12:28Z" user="Armando Hasanbelliu" uid="20965715" lat="45.6401071" lon="13.8339614"/>
 <node id="12285346340" visible="true" version="1" changeset="158296278" timestamp="2024-10-24T13:12:28Z" user="Armando Hasanbelliu" uid="20965715" lat="45.6400965" lon="13.8338286"/>
 <node id="12285346341" visible="true" version="1" changeset="158296278" timestamp="2024-10-24T13:12:28Z" user="Armando Hasanbelliu" uid="20965715" lat="45.6400947" lon="13.8338613"/>
 <node id="12285346342" visible="true" version="1" changeset="158296278" timestamp="2024-10-24T13:12:28Z" user="Armando Hasanbelliu" uid="20965715" lat="45.6400973" lon="13.8338944"/>
 <node id="12285346343" visible="true" version="1" changeset="158296278" timestamp="2024-10-24T13:12:28Z" user="Armando Hasanbelliu" uid="20965715" lat="45.6401376" lon="13.8336968"/>
 <node id="12285346344" visible="true" version="1" changeset="158296278" timestamp="2024-10-24T13:12:28Z" user="Armando Hasanbelliu" uid="20965715" lat="45.6401172" lon="13.8337385"/>
 <node id="12285346345" visible="true" version="1" changeset="158296278" timestamp="2024-10-24T13:12:28Z" user="Armando Hasanbelliu" uid="20965715" lat="45.6401078" lon="13.8337707"/>
 <node id="12559924744" visible="true" version="1" changeset="162181759" timestamp="2025-02-05T20:24:39Z" user="Robygno77" uid="9288673" lat="45.6584661" lon="13.8191105"/>
 <node id="13063695917" visible="true" version="1" changeset="170299230" timestamp="2025-08-11T15:18:03Z" user="alessandrocarmeli" uid="12294600" lat="45.6537552" lon="13.8264356"/>
 <node id="13063695918" visible="true" version="1" changeset="170299230" timestamp="2025-08-11T15:18:03Z" user="alessandrocarmeli" uid="12294600" lat="45.6540485" lon="13.8271161"/>
 <node id="13063695919" visible="true" version="1" changeset="170299230" timestamp="2025-08-11T15:18:03Z" user="alessandrocarmeli" uid="12294600" lat="45.6538502" lon="13.8266972"/>
 <node id="13063695920" visible="true" version="1" changeset="170299230" timestamp="2025-08-11T15:18:03Z" user="alessandrocarmeli" uid="12294600" lat="45.6539999" lon="13.8270919"/>
 <node id="13063695921" visible="true" version="1" changeset="170299230" timestamp="2025-08-11T15:18:03Z" user="alessandrocarmeli" uid="12294600" lat="45.6538019" lon="13.8266585"/>
 <node id="13063695922" visible="true" version="1" changeset="170299230" timestamp="2025-08-11T15:18:03Z" user="alessandrocarmeli" uid="12294600" lat="45.6562238" lon="13.8299460"/>
 <node id="13063695923" visible="true" version="1" changeset="170299230" timestamp="2025-08-11T15:18:03Z" user="alessandrocarmeli" uid="12294600" lat="45.6562221" lon="13.8308823"/>
 <node id="13147004938" visible="true" version="2" changeset="178190828" timestamp="2026-02-06T14:35:54Z" user="wildmaps" uid="4365159" lat="45.6580932" lon="13.8291710">
  <tag k="name" v="ICGEB - Centro Internazionale per l'Ingegneria Genetica e Biotecnologie"/>
  <tag k="office" v="research"/>
  <tag k="phone" v="+39 040 37571"/>
  <tag k="website" v="https://www.icgeb.org"/>
 </node>
 <node id="13520009609" visible="true" version="1" changeset="178017142" timestamp="2026-02-02T17:30:39Z" user="mklanj" uid="9586245" lat="45.6667182" lon="13.8248690"/>
 <way id="5198178" visible="true" version="19" changeset="143935065" timestamp="2023-11-12T14:15:49Z" user="Badojo" uid="8189075">
  <nd ref="36263117"/>
  <nd ref="777418376"/>
  <nd ref="777416646"/>
  <nd ref="777413838"/>
  <nd ref="777414947"/>
  <nd ref="777415738"/>
  <nd ref="777416338"/>
  <nd ref="36263104"/>
  <nd ref="777410702"/>
  <nd ref="777416821"/>
  <nd ref="777410905"/>
  <nd ref="777413650"/>
  <nd ref="777415146"/>
  <nd ref="7888078309"/>
  <nd ref="777411817"/>
  <nd ref="777417973"/>
  <nd ref="2513276549"/>
  <nd ref="777415963"/>
  <nd ref="777410823"/>
  <nd ref="777415232"/>
  <nd ref="777418375"/>
  <nd ref="777416104"/>
  <nd ref="777417864"/>
  <nd ref="777411457"/>
  <nd ref="777411123"/>
  <nd ref="777412077"/>
  <nd ref="777415270"/>
  <nd ref="777415614"/>
  <nd ref="777418135"/>
  <nd ref="777413707"/>
  <nd ref="777417337"/>
  <nd ref="777411864"/>
  <nd ref="777412898"/>
  <nd ref="777413278"/>
  <nd ref="777412437"/>
  <nd ref="777414866"/>
  <nd ref="777411078"/>
  <nd ref="777415831"/>
  <nd ref="777413023"/>
  <nd ref="36263108"/>
  <nd ref="777417796"/>
  <nd ref="777411180"/>
  <nd ref="777415953"/>
  <nd ref="777410593"/>
  <nd ref="777414218"/>
  <nd ref="777416534"/>
  <nd ref="777413868"/>
  <nd ref="255823289"/>
  <nd ref="777413131"/>
  <nd ref="777416630"/>
  <nd ref="777414940"/>
  <nd ref="36263112"/>
  <nd ref="777414040"/>
  <nd ref="777412877"/>
  <nd ref="777412412"/>
  <nd ref="36263114"/>
  <nd ref="777413152"/>
  <nd ref="11343495420"/>
  <nd ref="36263117"/>
  <tag k="addr:city" v="Trieste"/>
  <tag k="addr:housenumber" v="99"/>
  <tag k="addr:place" v="Padriciano / Padriče"/>
  <tag k="addr:postcode" v="34149"/>
  <tag k="description:it" v="Parco Scientifico e Tecnologico multisettoriale di Trieste"/>
  <tag k="landuse" v="commercial"/>
  <tag k="name" v="AREA Science Park"/>
  <tag k="name:en" v="Area Science Park - Campus of Padriciano"/>
  <tag k="name:it" v="Area di ricerca - Campus di Padriciano"/>
  <tag k="name:sl" v="Raziskovalni center - Padriče"/>
  <tag k="phone" v="+39 040 375 5262"/>
  <tag k="website" v="https://www.areasciencepark.it"/>
  <tag k="wikidata" v="Q668385"/>
  <tag k="wikipedia" v="it:AREA Science Park"/>
 </way>
 <way id="9205647" visible="true" version="18" changeset="187987789" timestamp="2026-08-25T12:56:43Z" user="stefi96" uid="24462773">
  <nd ref="8373576261"/>
  <nd ref="8517389717"/>
  <nd ref="7628483114"/>
  <nd ref="777415354"/>
  <tag k="cycleway:right" v="no"/>
  <tag k="highway" v="secondary"/>
  <tag k="maxspeed" v="50"/>
  <tag k="noname" v="yes"/>
  <tag k="oneway" v="yes"/>
  <tag k="parking:both" v="no"/>
  <tag k="surface" v="asphalt"/>
 </way>
 <way id="9205648" visible="true" version="21" changeset="187987789" timestamp="2026-08-25T12:56:43Z" user="stefi96" uid="24462773">
  <nd ref="777413913"/>
  <nd ref="8373576266"/>
  <nd ref="8373576261"/>
  <tag k="cycleway:right" v="no"/>
  <tag k="highway" v="secondary"/>
  <tag k="maxspeed" v="50"/>
  <tag k="noname" v="yes"/>
  <tag k="oneway" v="yes"/>
  <tag k="parking:both" v="no"/>
  <tag k="surface" v="asphalt"/>
 </way>
 <way id="9206190" visible="true" version="28" changeset="188024357" timestamp="2026-08-26T06:11:06Z" user="stefi96" uid="24462773">
  <nd ref="7628483125"/>
  <nd ref="13063695921"/>
  <nd ref="13063695920"/>
  <nd ref="54681585"/>
  <nd ref="1783056913"/>
  <nd ref="777413537"/>
  <nd ref="54681586"/>
  <nd ref="54681588"/>
  <nd ref="777411211"/>
  <nd ref="54681591"/>
  <nd ref="777417551"/>
  <nd ref="54681599"/>
  <nd ref="777415258"/>
  <nd ref="777416926"/>
  <nd ref="8373583034"/>
  <nd ref="8373583035"/>
  <nd ref="777412087"/>
  <nd ref="1783057018"/>
  <nd ref="68697272"/>
  <tag k="cycleway:right" v="no"/>
  <tag k="highway" v="primary_link"/>
  <tag k="lanes" v="1"/>
  <tag k="maxspeed" v="50"/>
  <tag k="noname" v="yes"/>
  <tag k="oneway" v="yes"/>
  <tag k="parking:both" v="no"/>
  <tag k="surface" v="asphalt"/>
 </way>
 <way id="9342839" visible="true" version="29" changeset="188000895" timestamp="2026-08-25T16:50:40Z" user="gioc3" uid="23789110">
  <nd ref="70596173"/>
  <nd ref="8808650733"/>
  <nd ref="1783058018"/>
  <nd ref="59865843"/>
  <nd ref="29882604"/>
  <nd ref="70596183"/>
  <nd ref="1783057857"/>
  <nd ref="59865844"/>
  <nd ref="70596182"/>
  <nd ref="1783057527"/>
  <nd ref="29882605"/>
  <nd ref="305362611"/>
  <nd ref="29882606"/>
  <nd ref="305362612"/>
  <nd ref="305362613"/>
  <nd ref="29882639"/>
  <nd ref="1783057043"/>
  <nd ref="305362614"/>
  <nd ref="593491453"/>
  <tag k="bicycle" v="no"/>
  <tag k="foot" v="no"/>
  <tag k="highway" v="motorway_link"/>
  <tag k="lanes" v="1"/>
  <tag k="lit" v="no"/>
  <tag k="maxspeed" v="50"/>
  <tag k="old_ref" v="SS202"/>
  <tag k="oneway" v="yes"/>
  <tag k="operator" v="Anas"/>
  <tag k="ref" v="RA13"/>
  <tag k="surface" v="asphalt"/>
  <tag k="toll" v="no"/>
 </way>
 <way id="27810294" visible="true" version="30" changeset="188027913" timestamp="2026-08-26T07:45:33Z" user="stefi96" uid="24462773">
  <nd ref="68697272"/>
  <nd ref="1783057021"/>
  <nd ref="68697246"/>
  <nd ref="777413355"/>
  <nd ref="13063695923"/>
  <nd ref="8373583032"/>
  <nd ref="54681612"/>
  <nd ref="8373583031"/>
  <nd ref="54681617"/>
  <nd ref="7154353439"/>
  <nd ref="54681623"/>
  <nd ref="54681627"/>
  <nd ref="1783057112"/>
  <nd ref="54681631"/>
  <nd ref="313275193"/>
  <nd ref="1783057334"/>
  <nd ref="6867977808"/>
  <nd ref="54681635"/>
  <nd ref="1783057381"/>
  <nd ref="54681640"/>
  <nd ref="305362617"/>
  <nd ref="1783057568"/>
  <tag k="highway" v="secondary"/>
  <tag k="maxspeed" v="50"/>
  <tag k="noname" v="yes"/>
  <tag k="parking:both" v="no"/>
  <tag k="surface" v="asphalt"/>
 </way>
 <way id="36399232" visible="true" version="3" changeset="139244196" timestamp="2023-07-31T09:23:06Z" user="darthravem" uid="2415747">
  <nd ref="424480722"/>
  <nd ref="424480723"/>
  <nd ref="777415461"/>
  <nd ref="777411920"/>
  <nd ref="424480725"/>
  <nd ref="777411258"/>
  <nd ref="777415838"/>
  <nd ref="777417211"/>
  <nd ref="777417620"/>
  <nd ref="777413220"/>
  <nd ref="424480726"/>
  <nd ref="777416542"/>
  <nd ref="424480727"/>
  <nd ref="424480722"/>
  <tag k="building" v="office"/>
  <tag k="height" v="20 m"/>
  <tag k="it:fvg:ctrn:code" v="4AED"/>
  <tag k="it:fvg:ctrn:revision" v="1A0"/>
  <tag k="name" v="Edificio B"/>
  <tag k="ref" v="B"/>
 </way>
 <way id="36399233" visible="true" version="2" changeset="5028742" timestamp="2010-06-19T23:27:11Z" user="damjang" uid="97922">
  <nd ref="424480734"/>
  <nd ref="777415166"/>
  <nd ref="424480735"/>
  <nd ref="777414466"/>
  <nd ref="777416154"/>
  <nd ref="777417905"/>
  <nd ref="777413303"/>
  <nd ref="424480741"/>
  <nd ref="424480742"/>
  <nd ref="424480743"/>
  <nd ref="424480744"/>
  <nd ref="424480745"/>
  <nd ref="777417714"/>
  <nd ref="424480746"/>
  <nd ref="424480747"/>
  <nd ref="424480748"/>
  <nd ref="424480734"/>
  <tag k="building" v="yes"/>
  <tag k="height" v="8 m"/>
  <tag k="it:fvg:ctrn:code" v="4AED"/>
  <tag k="it:fvg:ctrn:revision" v="1A0"/>
  <tag k="name" v="Edificio GH"/>
  <tag k="ref" v="GH"/>
 </way>
 <way id="36399234" visible="true" version="2" changeset="5028742" timestamp="2010-06-19T23:27:37Z" user="damjang" uid="97922">
  <nd ref="424480765"/>
  <nd ref="777411910"/>
  <nd ref="777416212"/>
  <nd ref="777415459"/>
  <nd ref="424480766"/>
  <nd ref="777413464"/>
  <nd ref="424480767"/>
  <nd ref="424480768"/>
  <nd ref="424480769"/>
  <nd ref="424480770"/>
  <nd ref="777411517"/>
  <nd ref="424480771"/>
  <nd ref="777418126"/>
  <nd ref="777415514"/>
  <nd ref="424480772"/>
  <nd ref="424480757"/>
  <nd ref="777415149"/>
  <nd ref="777414497"/>
  <nd ref="777414690"/>
  <nd ref="777412764"/>
  <nd ref="424480758"/>
  <nd ref="777414043"/>
  <nd ref="777415916"/>
  <nd ref="424480759"/>
  <nd ref="777413071"/>
  <nd ref="777411307"/>
  <nd ref="777415554"/>
  <nd ref="424480760"/>
  <nd ref="424480765"/>
  <tag k="building" v="yes"/>
  <tag k="height" v="11 m"/>
  <tag k="it:fvg:ctrn:code" v="4AED"/>
  <tag k="it:fvg:ctrn:revision" v="1A0"/>
  <tag k="name" v="Edificio L2"/>
  <tag k="ref" v="L2"/>
 </way>
 <way id="36399235" visible="true" version="2" changeset="139244196" timestamp="2023-07-31T09:30:48Z" user="darthravem" uid="2415747">
  <nd ref="424480774"/>
  <nd ref="424480775"/>
  <nd ref="424480776"/>
  <nd ref="424480777"/>
  <nd ref="424480774"/>
  <tag k="building" v="semidetached_house"/>
  <tag k="height" v="5 m"/>
  <tag k="it:fvg:ctrn:code" v="4AED"/>
  <tag k="it:fvg:ctrn:revision" v="1A0"/>
 </way>
 <way id="36399236" visible="true" version="2" changeset="148011369" timestamp="2024-02-28T12:26:38Z" user="darthravem" uid="2415747">
  <nd ref="424480778"/>
  <nd ref="424480779"/>
  <nd ref="424480780"/>
  <nd ref="424480781"/>
  <nd ref="424480782"/>
  <nd ref="424480783"/>
  <nd ref="424480784"/>
  <nd ref="424480785"/>
  <nd ref="424480786"/>
  <nd ref="424480787"/>
  <nd ref="424480778"/>
  <tag k="building" v="semidetached_house"/>
  <tag k="height" v="3 m"/>
  <tag k="it:fvg:ctrn:code" v="4AED"/>
  <tag k="it:fvg:ctrn:revision" v="1A0"/>
 </way>
 <way id="36399237" visible="true" version="1" changeset="1559201" timestamp="2009-06-18T22:55:52Z" user="simone" uid="137">
  <nd ref="424480788"/>
  <nd ref="424480789"/>
  <nd ref="424480790"/>
  <nd ref="424480791"/>
  <nd ref="424480788"/>
  <tag k="building" v="yes"/>
  <tag k="height" v="3 m"/>
  <tag k="it:fvg:ctrn:code" v="4AED"/>
  <tag k="it:fvg:ctrn:revision" v="1A0"/>
 </way>
 <way id="36399238" visible="true" version="3" changeset="122720377" timestamp="2022-06-22T16:52:25Z" user="darthravem" uid="2415747">
  <nd ref="424480792"/>
  <nd ref="424480793"/>
  <nd ref="424480794"/>
  <nd ref="777410646"/>
  <nd ref="424480796"/>
  <nd ref="424480797"/>
  <nd ref="777416990"/>
  <nd ref="424480792"/>
  <tag k="building" v="service"/>
  <tag k="height" v="3 m"/>
  <tag k="it:fvg:ctrn:code" v="4AED"/>
  <tag k="it:fvg:ctrn:revision" v="1A0"/>
  <tag k="name" v="Deposito bombole"/>
  <tag k="ref" v="B1"/>
 </way>
 <way id="36399240" visible="true" version="3" changeset="9110623" timestamp="2011-08-24T09:25:22Z" user="Pierpa" uid="511139">
  <nd ref="424480802"/>
  <nd ref="777417696"/>
  <nd ref="424480803"/>
  <nd ref="777413150"/>
  <nd ref="424480804"/>
  <nd ref="424480805"/>
  <nd ref="424480806"/>
  <nd ref="424480807"/>
  <nd ref="424480808"/>
  <nd ref="424480809"/>
  <nd ref="424480810"/>
  <nd ref="424480811"/>
  <nd ref="424480812"/>
  <nd ref="424480813"/>
  <nd ref="424480802"/>
  <tag k="building" v="yes"/>
  <tag k="designation" v="Edifico E1"/>
  <tag k="height" v="12 m"/>
  <tag k="it:fvg:ctrn:code" v="4AED"/>
  <tag k="it:fvg:ctrn:revision" v="1A0"/>
  <tag k="name" v="Edificio E 1 (Foresteria)"/>
  <tag k="ref" v="E1"/>
 </way>
 <way id="36399241" visible="true" version="2" changeset="5028742" timestamp="2010-06-19T23:27:05Z" user="damjang" uid="97922">
  <nd ref="424480815"/>
  <nd ref="424480816"/>
  <nd ref="424480817"/>
  <nd ref="424480818"/>
  <nd ref="424480819"/>
  <nd ref="424480820"/>
  <nd ref="424480821"/>
  <nd ref="777413466"/>
  <nd ref="424480822"/>
  <nd ref="424480823"/>
  <nd ref="424480824"/>
  <nd ref="424480825"/>
  <nd ref="424480826"/>
  <nd ref="424480815"/>
  <tag k="building" v="yes"/>
  <tag k="height" v="9 m"/>
  <tag k="it:fvg:ctrn:code" v="4AED"/>
  <tag k="it:fvg:ctrn:revision" v="1A0"/>
  <tag k="name" v="Edificio P"/>
  <tag k="ref" v="P"/>
 </way>
 <way id="36400885" visible="true" version="2" changeset="5028742" timestamp="2010-06-19T23:27:35Z" user="damjang" uid="97922">
  <nd ref="424495149"/>
  <nd ref="777411519"/>
  <nd ref="424495150"/>
  <nd ref="424495151"/>
  <nd ref="777415921"/>
  <nd ref="777417633"/>
  <nd ref="424495152"/>
  <nd ref="424495153"/>
  <nd ref="424495155"/>
  <nd ref="424495170"/>
  <nd ref="777410744"/>
  <nd ref="777415860"/>
  <nd ref="777414198"/>
  <nd ref="777417251"/>
  <nd ref="424495149"/>
  <tag k="building" v="yes"/>
  <tag k="height" v="13 m"/>
  <tag k="it:fvg:ctrn:code" v="4AED"/>
  <tag k="it:fvg:ctrn:revision" v="1AM"/>
  <tag k="name" v="Edificio AM"/>
  <tag k="ref" v="AM"/>
 </way>
 <way id="36400886" visible="true" version="3" changeset="139294752" timestamp="2023-08-01T11:10:56Z" user="darthravem" uid="2415747">
  <nd ref="424495176"/>
  <nd ref="777410665"/>
  <nd ref="777413427"/>
  <nd ref="777415407"/>
  <nd ref="424495177"/>
  <nd ref="424495178"/>
  <nd ref="424495179"/>
  <nd ref="424495176"/>
  <tag k="building" v="office"/>
  <tag k="height" v="4 m"/>
  <tag k="it:fvg:ctrn:code" v="4AED"/>
  <tag k="it:fvg:ctrn:revision" v="1AN"/>
  <tag k="name" v="Deposito bombole"/>
  <tag k="ref" v="W1"/>
 </way>
 <way id="36400888" visible="true" version="3" changeset="148011369" timestamp="2024-02-28T12:28:03Z" user="darthravem" uid="2415747">
  <nd ref="424495312"/>
  <nd ref="777412978"/>
  <nd ref="777410977"/>
  <nd ref="777416628"/>
  <nd ref="424495313"/>
  <nd ref="777414936"/>
  <nd ref="424495316"/>
  <nd ref="424495317"/>
  <nd ref="424495318"/>
  <nd ref="424495319"/>
  <nd ref="424495320"/>
  <nd ref="424495321"/>
  <nd ref="424495322"/>
  <nd ref="424495323"/>
  <nd ref="424495324"/>
  <nd ref="424495325"/>
  <nd ref="424495326"/>
  <nd ref="424495327"/>
  <nd ref="424495328"/>
  <nd ref="424495329"/>
  <nd ref="424495330"/>
  <nd ref="777412823"/>
  <nd ref="424495331"/>
  <nd ref="777416027"/>
  <nd ref="424495332"/>
  <nd ref="777414720"/>
  <nd ref="424495312"/>
  <tag k="building" v="office"/>
  <tag k="height" v="7 m"/>
  <tag k="it:fvg:ctrn:code" v="4AED"/>
  <tag k="it:fvg:ctrn:revision" v="1AM"/>
  <tag k="name" v="Bar, Mensa, Centro congressi"/>
  <tag k="ref" v="C"/>
 </way>
 <way id="36400889" visible="true" version="3" changeset="116865019" timestamp="2022-02-01T11:50:07Z" user="TelespallaMel" uid="14979671">
  <nd ref="424495333"/>
  <nd ref="777416190"/>
  <nd ref="777414515"/>
  <nd ref="424495337"/>
  <nd ref="424495339"/>
  <nd ref="424495340"/>
  <nd ref="424495341"/>
  <nd ref="777415795"/>
  <nd ref="777411455"/>
  <nd ref="424495342"/>
  <nd ref="424495343"/>
  <nd ref="424495344"/>
  <nd ref="424495345"/>
  <nd ref="424495346"/>
  <nd ref="424495347"/>
  <nd ref="424495348"/>
  <nd ref="777413688"/>
  <nd ref="777411846"/>
  <nd ref="777411560"/>
  <nd ref="777417935"/>
  <nd ref="777417801"/>
  <nd ref="424495350"/>
  <nd ref="424495351"/>
  <nd ref="424495352"/>
  <nd ref="424495353"/>
  <nd ref="424495354"/>
  <nd ref="424495355"/>
  <nd ref="424495356"/>
  <nd ref="424495357"/>
  <nd ref="424495358"/>
  <nd ref="424495359"/>
  <nd ref="424495360"/>
  <nd ref="424495333"/>
  <tag k="building" v="office"/>
  <tag k="height" v="19 m"/>
  <tag k="it:fvg:ctrn:code" v="4AED"/>
  <tag k="it:fvg:ctrn:revision" v="1AN"/>
  <tag k="name" v="Edificio E3"/>
  <tag k="ref" v="E3"/>
 </way>
 <way id="36400890" visible="true" version="1" changeset="1559258" timestamp="2009-06-18T23:09:24Z" user="simone" uid="137">
  <nd ref="424495361"/>
  <nd ref="424495362"/>
  <nd ref="424495363"/>
  <nd ref="424495364"/>
  <nd ref="424495361"/>
  <tag k="building" v="yes"/>
  <tag k="height" v="4 m"/>
  <tag k="it:fvg:ctrn:code" v="4AED"/>
  <tag k="it:fvg:ctrn:revision" v="1AN"/>
 </way>
 <way id="36439877" visible="true" version="5" changeset="34525728" timestamp="2015-10-09T09:31:11Z" user="agnostico" uid="3084054">
  <nd ref="424950333"/>
  <nd ref="424950334"/>
  <nd ref="424950335"/>
  <nd ref="777416842"/>
  <nd ref="424950336"/>
  <nd ref="424950333"/>
  <tag k="building" v="yes"/>
  <tag k="height" v="9 m"/>
  <tag k="it:fvg:ctrn:code" v="4AEL"/>
  <tag k="it:fvg:ctrn:revision" v="1A0"/>
  <tag k="name" v="Edificio T"/>
  <tag k="power" v="substation"/>
  <tag k="ref" v="T"/>
  <tag k="substation" v="minor_distribution"/>
 </way>
 <way id="36458394" visible="true" version="1" changeset="1561692" timestamp="2009-06-19T07:56:28Z" user="simone" uid="137">
  <nd ref="425070417"/>
  <nd ref="425070418"/>
  <nd ref="425070419"/>
  <nd ref="425070420"/>
  <nd ref="425070417"/>
  <tag k="building" v="hut"/>
  <tag k="height" v="3 m"/>
  <tag k="it:fvg:ctrn:code" v="4ABA"/>
  <tag k="it:fvg:ctrn:revision" v="1AN"/>
 </way>
 <way id="36458395" visible="true" version="1" changeset="1561692" timestamp="2009-06-19T07:56:28Z" user="simone" uid="137">
  <nd ref="425070421"/>
  <nd ref="425070422"/>
  <nd ref="425070423"/>
  <nd ref="425070424"/>
  <nd ref="425070425"/>
  <nd ref="425070426"/>
  <nd ref="425070427"/>
  <nd ref="425070428"/>
  <nd ref="425070429"/>
  <nd ref="425070430"/>
  <nd ref="425070421"/>
  <tag k="building" v="hut"/>
  <tag k="height" v="2 m"/>
  <tag k="it:fvg:ctrn:code" v="4ABA"/>
  <tag k="it:fvg:ctrn:revision" v="1AN"/>
 </way>
 <way id="36458788" visible="true" version="1" changeset="1561707" timestamp="2009-06-19T07:58:48Z" user="simone" uid="137">
  <nd ref="425072404"/>
  <nd ref="425072405"/>
  <nd ref="425072406"/>
  <nd ref="425072407"/>
  <nd ref="425072404"/>
  <tag k="building" v="hut"/>
  <tag k="height" v="3 m"/>
  <tag k="it:fvg:ctrn:code" v="4ABA"/>
  <tag k="it:fvg:ctrn:revision" v="1A0"/>
 </way>
 <way id="37002135" visible="true" version="22" changeset="188000895" timestamp="2026-08-25T16:50:40Z" user="gioc3" uid="23789110">
  <nd ref="59865844"/>
  <nd ref="1783057683"/>
  <nd ref="777417434"/>
  <nd ref="430335863"/>
  <nd ref="1783057305"/>
  <nd ref="7485857161"/>
  <nd ref="7485857162"/>
  <nd ref="8299445318"/>
  <nd ref="7485857163"/>
  <nd ref="7628483121"/>
  <nd ref="11343495427"/>
  <nd ref="11343495428"/>
  <nd ref="11343495429"/>
  <nd ref="7485857168"/>
  <tag k="bicycle" v="no"/>
  <tag k="foot" v="no"/>
  <tag k="highway" v="motorway_link"/>
  <tag k="lanes" v="1"/>
  <tag k="lit" v="no"/>
  <tag k="maxspeed" v="40"/>
  <tag k="name" v="Raccordo Autostradale 13 Sistiana-Padriciano"/>
  <tag k="old_ref" v="SS202"/>
  <tag k="oneway" v="yes"/>
  <tag k="operator" v="Anas"/>
  <tag k="surface" v="asphalt"/>
  <tag k="toll" v="no"/>
 </way>
 <way id="37002136" visible="true" version="9" changeset="188027913" timestamp="2026-08-26T07:45:33Z" user="stefi96" uid="24462773">
  <nd ref="7628483124"/>
  <nd ref="430335867"/>
  <nd ref="737227704"/>
  <nd ref="430335869"/>
  <nd ref="7628483122"/>
  <nd ref="430335871"/>
  <nd ref="7628483123"/>
  <nd ref="430335872"/>
  <nd ref="430335874"/>
  <nd ref="777412751"/>
  <nd ref="777415761"/>
  <nd ref="777414708"/>
  <nd ref="777410945"/>
  <nd ref="777413864"/>
  <nd ref="430335875"/>
  <nd ref="430335877"/>
  <nd ref="777410589"/>
  <nd ref="430335878"/>
  <nd ref="777416660"/>
  <nd ref="430335880"/>
  <nd ref="777414962"/>
  <nd ref="430335882"/>
  <nd ref="7628483124"/>
  <tag k="highway" v="unclassified"/>
  <tag k="junction" v="roundabout"/>
  <tag k="lanes" v="1"/>
  <tag k="lit" v="yes"/>
  <tag k="parking:both" v="no"/>
  <tag k="surface" v="asphalt"/>
  <tag k="width" v="7"/>
 </way>
 <way id="37002138" visible="true" version="8" changeset="188027913" timestamp="2026-08-26T07:45:33Z" user="stefi96" uid="24462773">
  <nd ref="430335871"/>
  <nd ref="430335921"/>
  <nd ref="777412846"/>
  <nd ref="430335923"/>
  <nd ref="777414438"/>
  <nd ref="430335925"/>
  <nd ref="777418045"/>
  <nd ref="777417880"/>
  <nd ref="430335927"/>
  <nd ref="777410862"/>
  <nd ref="777412070"/>
  <tag k="highway" v="unclassified"/>
  <tag k="lanes" v="1"/>
  <tag k="lit" v="yes"/>
  <tag k="name" v="Padriciano"/>
  <tag k="oneway" v="yes"/>
  <tag k="parking:left" v="no"/>
  <tag k="parking:right" v="separate"/>
  <tag k="surface" v="asphalt"/>
  <tag k="width" v="5"/>
 </way>
 <way id="37002140" visible="true" version="13" changeset="188027913" timestamp="2026-08-26T07:45:33Z" user="stefi96" uid="24462773">
  <nd ref="430335887"/>
  <nd ref="11343495423"/>
  <nd ref="11343495419"/>
  <nd ref="430335889"/>
  <nd ref="777412418"/>
  <nd ref="777412068"/>
  <nd ref="430335891"/>
  <nd ref="777418255"/>
  <nd ref="777416995"/>
  <nd ref="777413593"/>
  <nd ref="777411660"/>
  <nd ref="777416536"/>
  <nd ref="777418007"/>
  <nd ref="430335893"/>
  <nd ref="430335895"/>
  <nd ref="777414360"/>
  <nd ref="777416264"/>
  <nd ref="430335941"/>
  <nd ref="777415569"/>
  <tag k="highway" v="unclassified"/>
  <tag k="lanes" v="1"/>
  <tag k="lit" v="yes"/>
  <tag k="maxspeed" v="40"/>
  <tag k="noname" v="yes"/>
  <tag k="oneway" v="yes"/>
  <tag k="parking:both" v="no"/>
  <tag k="surface" v="asphalt"/>
 </way>
 <way id="37002144" visible="true" version="6" changeset="122720472" timestamp="2022-06-22T16:54:55Z" user="darthravem" uid="2415747">
  <nd ref="430335985"/>
  <nd ref="777413727"/>
  <nd ref="777417206"/>
  <nd ref="430335986"/>
  <nd ref="430335988"/>
  <nd ref="777413205"/>
  <nd ref="777411236"/>
  <nd ref="777416188"/>
  <nd ref="777413491"/>
  <nd ref="777416124"/>
  <nd ref="777410697"/>
  <nd ref="777417600"/>
  <nd ref="430335990"/>
  <nd ref="777416812"/>
  <nd ref="777415137"/>
  <nd ref="777413273"/>
  <nd ref="430335992"/>
  <nd ref="777417931"/>
  <nd ref="430335994"/>
  <nd ref="777414300"/>
  <nd ref="8373576252"/>
  <nd ref="430335985"/>
  <tag k="access" v="yes"/>
  <tag k="amenity" v="parking"/>
  <tag k="fee" v="no"/>
  <tag k="parking" v="surface"/>
  <tag k="ref" v="P1"/>
 </way>
 <way id="37002292" visible="true" version="3" changeset="5028742" timestamp="2010-06-19T23:26:56Z" user="damjang" uid="97922">
  <nd ref="430335944"/>
  <nd ref="777411827"/>
  <nd ref="777412835"/>
  <nd ref="777414923"/>
  <nd ref="777414586"/>
  <nd ref="777414716"/>
  <nd ref="777412976"/>
  <nd ref="777412790"/>
  <nd ref="777411869"/>
  <tag k="highway" v="service"/>
  <tag k="lit" v="yes"/>
 </way>
 <way id="46422991" visible="true" version="18" changeset="188000895" timestamp="2026-08-25T16:50:40Z" user="gioc3" uid="23789110">
  <nd ref="593491447"/>
  <nd ref="68704849"/>
  <tag k="bicycle" v="no"/>
  <tag k="bridge" v="yes"/>
  <tag k="foot" v="no"/>
  <tag k="highway" v="motorway_link"/>
  <tag k="lanes" v="1"/>
  <tag k="layer" v="1"/>
  <tag k="lit" v="no"/>
  <tag k="name" v="Raccordo Autostradale 13 Sistiana-Padriciano"/>
  <tag k="old_ref" v="SS202"/>
  <tag k="oneway" v="yes"/>
  <tag k="operator" v="Anas"/>
  <tag k="ref" v="RA13"/>
  <tag k="surface" v="asphalt"/>
  <tag k="toll" v="no"/>
 </way>
 <way id="46422992" visible="true" version="20" changeset="188000895" timestamp="2026-08-25T16:50:40Z" user="gioc3" uid="23789110">
  <nd ref="593491453"/>
  <nd ref="593491459"/>
  <tag k="bicycle" v="no"/>
  <tag k="bridge" v="yes"/>
  <tag k="foot" v="no"/>
  <tag k="highway" v="motorway_link"/>
  <tag k="lanes" v="1"/>
  <tag k="layer" v="1"/>
  <tag k="lit" v="no"/>
  <tag k="name" v="Raccordo Autostradale 13 Sistiana-Padriciano"/>
  <tag k="old_ref" v="SS202"/>
  <tag k="oneway" v="yes"/>
  <tag k="operator" v="Anas"/>
  <tag k="ref" v="RA13"/>
  <tag k="surface" v="asphalt"/>
  <tag k="toll" v="no"/>
 </way>
 <way id="46422993" visible="true" version="28" changeset="170299230" timestamp="2025-08-11T15:18:03Z" user="alessandrocarmeli" uid="12294600">
  <nd ref="593491459"/>
  <nd ref="777415981"/>
  <nd ref="29882638"/>
  <nd ref="777414287"/>
  <nd ref="70596174"/>
  <nd ref="777417793"/>
  <nd ref="29882636"/>
  <nd ref="777411569"/>
  <nd ref="777417948"/>
  <nd ref="70596179"/>
  <nd ref="777415516"/>
  <nd ref="8373583036"/>
  <nd ref="29882634"/>
  <nd ref="1783056903"/>
  <nd ref="8373583039"/>
  <nd ref="13063695917"/>
  <nd ref="7628483125"/>
  <tag k="bicycle" v="no"/>
  <tag k="foot" v="no"/>
  <tag k="highway" v="motorway_link"/>
  <tag k="lanes" v="1"/>
  <tag k="lit" v="no"/>
  <tag k="maxspeed" v="50"/>
  <tag k="old_ref" v="SS202"/>
  <tag k="oneway" v="yes"/>
  <tag k="ref" v="RA13"/>
  <tag k="surface" v="asphalt"/>
  <tag k="toll" v="no"/>
 </way>
 <way id="59455107" visible="true" version="10" changeset="178017142" timestamp="2026-02-02T17:30:39Z" user="mklanj" uid="9586245">
  <nd ref="737227719"/>
  <nd ref="737227641"/>
  <nd ref="737227672"/>
  <nd ref="737227642"/>
  <nd ref="737227659"/>
  <nd ref="737227633"/>
  <nd ref="737227651"/>
  <nd ref="737227697"/>
  <nd ref="737227713"/>
  <nd ref="737227652"/>
  <nd ref="737227666"/>
  <nd ref="737227714"/>
  <nd ref="737227634"/>
  <nd ref="737227705"/>
  <nd ref="737227720"/>
  <nd ref="737227678"/>
  <nd ref="737227690"/>
  <nd ref="737227721"/>
  <nd ref="737227643"/>
  <nd ref="737227691"/>
  <nd ref="737227706"/>
  <nd ref="737227685"/>
  <nd ref="737227698"/>
  <nd ref="737227660"/>
  <nd ref="737227673"/>
  <nd ref="737227699"/>
  <nd ref="737227715"/>
  <nd ref="737227674"/>
  <nd ref="737227686"/>
  <nd ref="737227667"/>
  <nd ref="737227679"/>
  <nd ref="737227635"/>
  <nd ref="737227653"/>
  <nd ref="737227680"/>
  <nd ref="737227692"/>
  <nd ref="737227654"/>
  <nd ref="737227668"/>
  <nd ref="737227645"/>
  <nd ref="737227707"/>
  <nd ref="737227722"/>
  <nd ref="737227662"/>
  <nd ref="737227675"/>
  <nd ref="737227723"/>
  <nd ref="737227646"/>
  <nd ref="737227716"/>
  <nd ref="737227687"/>
  <nd ref="13520009609"/>
  <nd ref="737227700"/>
  <nd ref="737227637"/>
  <nd ref="737227655"/>
  <nd ref="737227701"/>
  <nd ref="737227717"/>
  <nd ref="737227693"/>
  <nd ref="737227708"/>
  <nd ref="737227669"/>
  <nd ref="737227681"/>
  <nd ref="737227709"/>
  <nd ref="737227725"/>
  <nd ref="737227682"/>
  <nd ref="737227694"/>
  <nd ref="737227676"/>
  <nd ref="737227688"/>
  <nd ref="737227647"/>
  <nd ref="737227663"/>
  <nd ref="737227689"/>
  <nd ref="737227702"/>
  <nd ref="737227664"/>
  <nd ref="737227677"/>
  <nd ref="9570577639"/>
  <nd ref="737227670"/>
  <nd ref="737227656"/>
  <nd ref="737227718"/>
  <nd ref="737227638"/>
  <nd ref="737227671"/>
  <nd ref="737227684"/>
  <nd ref="737227640"/>
  <nd ref="7211649827"/>
  <nd ref="737227657"/>
  <nd ref="2513284545"/>
  <nd ref="737227726"/>
  <nd ref="737227648"/>
  <nd ref="737227695"/>
  <nd ref="737227710"/>
  <nd ref="737227650"/>
  <nd ref="737227665"/>
  <nd ref="737227712"/>
  <nd ref="737227727"/>
  <nd ref="6378099489"/>
  <nd ref="777416590"/>
  <nd ref="777410641"/>
  <nd ref="777411208"/>
  <nd ref="430335867"/>
  <tag k="highway" v="track"/>
  <tag k="mtb:scale" v="1"/>
  <tag k="tracktype" v="grade2"/>
 </way>
 <way id="62001068" visible="true" version="10" changeset="73540090" timestamp="2019-08-20T13:28:58Z" user="Guidus" uid="417672">
  <nd ref="764053953"/>
  <nd ref="772977148"/>
  <nd ref="772978072"/>
  <nd ref="772978174"/>
  <nd ref="772977991"/>
  <nd ref="772977987"/>
  <nd ref="772977126"/>
  <nd ref="772977654"/>
  <nd ref="772978164"/>
  <nd ref="772978088"/>
  <nd ref="772977663"/>
  <nd ref="772978069"/>
  <nd ref="772977521"/>
  <nd ref="772977131"/>
  <nd ref="772978183"/>
  <nd ref="772978002"/>
  <nd ref="772977940"/>
  <nd ref="772978187"/>
  <nd ref="772977525"/>
  <nd ref="772978134"/>
  <nd ref="772978078"/>
  <nd ref="772977561"/>
  <nd ref="772978006"/>
  <nd ref="772977135"/>
  <nd ref="2512541807"/>
  <nd ref="772977120"/>
  <nd ref="772978048"/>
  <nd ref="772978139"/>
  <nd ref="772977945"/>
  <nd ref="772977614"/>
  <nd ref="772978153"/>
  <nd ref="772977142"/>
  <nd ref="772978083"/>
  <nd ref="772978068"/>
  <nd ref="772977153"/>
  <nd ref="772977974"/>
  <nd ref="772977125"/>
  <nd ref="772977122"/>
  <nd ref="772978065"/>
  <nd ref="772978141"/>
  <nd ref="772977953"/>
  <nd ref="4936822225"/>
  <nd ref="772977656"/>
  <nd ref="772978169"/>
  <nd ref="772977145"/>
  <nd ref="772978085"/>
  <nd ref="772978070"/>
  <nd ref="772977522"/>
  <nd ref="772977989"/>
  <nd ref="772977127"/>
  <nd ref="772978184"/>
  <nd ref="772978003"/>
  <nd ref="772978089"/>
  <nd ref="772977664"/>
  <nd ref="772977527"/>
  <tag k="name" v="Padriciano – Triest Siot"/>
  <tag k="power" v="line"/>
  <tag k="voltage" v="132000"/>
 </way>
 <way id="62251578" visible="true" version="3" changeset="121790527" timestamp="2022-06-01T03:23:12Z" user="EvanE" uid="184969">
  <nd ref="777416864"/>
  <nd ref="777410697"/>
  <nd ref="777417600"/>
  <nd ref="430335990"/>
  <nd ref="777416812"/>
  <nd ref="777415137"/>
  <nd ref="777413273"/>
  <nd ref="430335992"/>
  <nd ref="777411285"/>
  <nd ref="777417681"/>
  <nd ref="777416864"/>
  <tag k="leisure" v="garden"/>
 </way>
 <way id="62251579" visible="true" version="1" changeset="5028742" timestamp="2010-06-19T23:25:40Z" user="damjang" uid="97922">
  <nd ref="777417842"/>
  <nd ref="777413487"/>
  <nd ref="777415469"/>
  <tag k="barrier" v="retaining_wall"/>
 </way>
 <way id="62251580" visible="true" version="2" changeset="116872557" timestamp="2022-02-01T16:03:07Z" user="TelespallaMel" uid="14979671">
  <nd ref="424495196"/>
  <nd ref="424495197"/>
  <nd ref="424495198"/>
  <nd ref="424495199"/>
  <nd ref="777415152"/>
  <nd ref="424495200"/>
  <nd ref="777413198"/>
  <nd ref="424495201"/>
  <nd ref="777412890"/>
  <nd ref="424495202"/>
  <nd ref="424495203"/>
  <nd ref="424495204"/>
  <nd ref="424495205"/>
  <nd ref="777414637"/>
  <nd ref="777416342"/>
  <nd ref="777411510"/>
  <nd ref="777413456"/>
  <nd ref="777415439"/>
  <nd ref="424495209"/>
  <nd ref="424495210"/>
  <nd ref="424495211"/>
  <nd ref="777417079"/>
  <nd ref="424495212"/>
  <nd ref="424495213"/>
  <nd ref="424495214"/>
  <nd ref="424495215"/>
  <nd ref="424495216"/>
  <nd ref="777414842"/>
  <nd ref="424495217"/>
  <nd ref="777418066"/>
  <nd ref="424495218"/>
  <nd ref="777411793"/>
  <nd ref="777413645"/>
  <nd ref="424495221"/>
  <nd ref="424495222"/>
  <nd ref="424495223"/>
  <nd ref="777415922"/>
  <nd ref="424495224"/>
  <nd ref="424495225"/>
  <nd ref="777414200"/>
  <nd ref="424495226"/>
  <nd ref="424495227"/>
  <nd ref="777413600"/>
  <nd ref="424495196"/>
  <tag k="building" v="office"/>
  <tag k="height" v="19 m"/>
  <tag k="it:fvg:ctrn:code" v="4AED"/>
  <tag k="it:fvg:ctrn:revision" v="1AM"/>
  <tag k="name" v="Edificio F1"/>
  <tag k="ref" v="F1"/>
 </way>
 <way id="62251582" visible="true" version="3" changeset="111704620" timestamp="2021-09-26T01:00:10Z" user="frasty" uid="549825">
  <nd ref="777415758"/>
  <nd ref="777411925"/>
  <nd ref="777416658"/>
  <nd ref="777414960"/>
  <nd ref="777413863"/>
  <nd ref="777415758"/>
  <tag k="amenity" v="parking"/>
  <tag k="parking" v="street_side"/>
 </way>
 <way id="62251583" visible="true" version="3" changeset="111704620" timestamp="2021-09-26T01:00:10Z" user="frasty" uid="549825">
  <nd ref="777417978"/>
  <nd ref="777416223"/>
  <nd ref="777414559"/>
  <nd ref="777410981"/>
  <nd ref="777417978"/>
  <tag k="amenity" v="parking"/>
  <tag k="parking" v="street_side"/>
 </way>
 <way id="62251584" visible="true" version="2" changeset="127325615" timestamp="2022-10-10T22:20:13Z" user="Gorka115" uid="9458168">
  <nd ref="430335944"/>
  <nd ref="777410822"/>
  <tag k="highway" v="service"/>
  <tag k="lit" v="yes"/>
  <tag k="oneway" v="yes"/>
  <tag k="surface" v="asphalt"/>
 </way>
 <way id="62251586" visible="true" version="7" changeset="188027913" timestamp="2026-08-26T07:45:33Z" user="stefi96" uid="24462773">
  <nd ref="430335895"/>
  <nd ref="777415477"/>
  <nd ref="777415419"/>
  <nd ref="777410649"/>
  <nd ref="430335897"/>
  <nd ref="777411439"/>
  <nd ref="777417845"/>
  <nd ref="430335899"/>
  <nd ref="777413223"/>
  <nd ref="430335901"/>
  <nd ref="777411264"/>
  <nd ref="777411089"/>
  <nd ref="430335903"/>
  <nd ref="777417361"/>
  <nd ref="777415628"/>
  <nd ref="430335905"/>
  <nd ref="777412988"/>
  <nd ref="777416545"/>
  <nd ref="777418263"/>
  <nd ref="430335907"/>
  <nd ref="777413036"/>
  <nd ref="430335909"/>
  <nd ref="777414615"/>
  <nd ref="430335911"/>
  <nd ref="777415605"/>
  <nd ref="430335913"/>
  <nd ref="777413637"/>
  <nd ref="777411785"/>
  <nd ref="430335916"/>
  <nd ref="777416118"/>
  <nd ref="430335917"/>
  <nd ref="777414916"/>
  <nd ref="777410832"/>
  <nd ref="430335919"/>
  <nd ref="430335872"/>
  <tag k="highway" v="unclassified"/>
  <tag k="lanes" v="1"/>
  <tag k="lit" v="yes"/>
  <tag k="noname" v="yes"/>
  <tag k="oneway" v="yes"/>
  <tag k="parking:left" v="lane"/>
  <tag k="parking:left:orientation" v="diagonal"/>
  <tag k="parking:right" v="lane"/>
  <tag k="parking:right:orientation" v="perpendicular"/>
  <tag k="surface" v="asphalt"/>
  <tag k="width" v="4"/>
 </way>
 <way id="62251587" visible="true" version="3" changeset="111704620" timestamp="2021-09-26T01:00:10Z" user="frasty" uid="549825">
  <nd ref="777418274"/>
  <nd ref="777414042"/>
  <nd ref="777417642"/>
  <nd ref="777411274"/>
  <nd ref="424950335"/>
  <nd ref="777416842"/>
  <nd ref="777412043"/>
  <nd ref="777412103"/>
  <nd ref="777414894"/>
  <nd ref="777416569"/>
  <nd ref="777418274"/>
  <tag k="amenity" v="parking"/>
  <tag k="parking" v="street_side"/>
 </way>
 <way id="62251588" visible="true" version="1" changeset="5028742" timestamp="2010-06-19T23:25:42Z" user="damjang" uid="97922">
  <nd ref="777413075"/>
  <nd ref="777415673"/>
  <tag k="highway" v="footway"/>
  <tag k="lit" v="yes"/>
 </way>
 <way id="62251589" visible="true" version="2" changeset="7227622" timestamp="2011-02-08T15:24:29Z" user="Stefano Salvador" uid="86130">
  <nd ref="424495280"/>
  <nd ref="777412004"/>
  <nd ref="777416787"/>
  <nd ref="777415083"/>
  <nd ref="777413247"/>
  <nd ref="424495299"/>
  <nd ref="424495298"/>
  <nd ref="424495297"/>
  <nd ref="424495296"/>
  <nd ref="424495295"/>
  <nd ref="424495294"/>
  <nd ref="424495293"/>
  <nd ref="424495292"/>
  <nd ref="424495291"/>
  <nd ref="424495290"/>
  <nd ref="424495289"/>
  <nd ref="424495288"/>
  <nd ref="424495287"/>
  <nd ref="424495286"/>
  <nd ref="424495285"/>
  <nd ref="424495284"/>
  <nd ref="424495283"/>
  <nd ref="424495282"/>
  <nd ref="424495281"/>
  <nd ref="424495280"/>
  <tag k="leisure" v="garden"/>
 </way>
 <way id="62251590" visible="true" version="1" changeset="5028742" timestamp="2010-06-19T23:25:42Z" user="damjang" uid="97922">
  <nd ref="777413805"/>
  <nd ref="777414905"/>
  <nd ref="777413062"/>
  <nd ref="777411125"/>
  <nd ref="777415875"/>
  <nd ref="777411877"/>
  <nd ref="777413805"/>
  <tag k="landuse" v="grass"/>
 </way>
 <way id="62251591" visible="true" version="2" changeset="160905058" timestamp="2025-01-02T12:35:14Z" user="darthravem" uid="2415747">
  <nd ref="777417070"/>
  <nd ref="777410947"/>
  <nd ref="777415679"/>
  <nd ref="777413702"/>
  <nd ref="777411859"/>
  <nd ref="777415958"/>
  <nd ref="777418130"/>
  <nd ref="777417962"/>
  <tag k="highway" v="footway"/>
  <tag k="lit" v="yes"/>
  <tag k="surface" v="paving_stones"/>
 </way>
 <way id="62251592" visible="true" version="1" changeset="5028742" timestamp="2010-06-19T23:25:42Z" user="damjang" uid="97922">
  <nd ref="777415156"/>
  <nd ref="777414926"/>
  <nd ref="777413110"/>
  <nd ref="777411152"/>
  <nd ref="777417482"/>
  <nd ref="777414174"/>
  <nd ref="777412048"/>
  <nd ref="777418326"/>
  <nd ref="777416619"/>
  <nd ref="777416429"/>
  <nd ref="777414736"/>
  <nd ref="777412980"/>
  <nd ref="777410979"/>
  <nd ref="777415695"/>
  <nd ref="777415156"/>
  <tag k="landuse" v="grass"/>
 </way>
 <way id="62251593" visible="true" version="3" changeset="111704620" timestamp="2021-09-26T01:00:10Z" user="frasty" uid="549825">
  <nd ref="777411132"/>
  <nd ref="777413448"/>
  <nd ref="777417062"/>
  <nd ref="777413180"/>
  <nd ref="777413011"/>
  <nd ref="777414987"/>
  <nd ref="777416676"/>
  <nd ref="777411466"/>
  <nd ref="777411132"/>
  <tag k="amenity" v="parking"/>
  <tag k="parking" v="street_side"/>
 </way>
 <way id="62251594" visible="true" version="3" changeset="111704620" timestamp="2021-09-26T01:00:10Z" user="frasty" uid="549825">
  <nd ref="777412967"/>
  <nd ref="777410943"/>
  <nd ref="777417171"/>
  <nd ref="777414510"/>
  <nd ref="777412967"/>
  <tag k="amenity" v="parking"/>
  <tag k="parking" v="street_side"/>
 </way>
 <way id="62251595" visible="true" version="3" changeset="111704620" timestamp="2021-09-26T01:00:10Z" user="frasty" uid="549825">
  <nd ref="777414248"/>
  <nd ref="777411369"/>
  <nd ref="777417788"/>
  <nd ref="777410921"/>
  <nd ref="777414248"/>
  <tag k="amenity" v="parking"/>
  <tag k="name" v="P2"/>
  <tag k="parking" v="street_side"/>
  <tag k="ref" v="P2"/>
 </way>
 <way id="62251596" visible="true" version="3" changeset="121790527" timestamp="2022-06-01T03:23:12Z" user="EvanE" uid="184969">
  <nd ref="777411780"/>
  <nd ref="777413008"/>
  <nd ref="777411038"/>
  <nd ref="777410683"/>
  <nd ref="777416797"/>
  <nd ref="777415096"/>
  <nd ref="777413253"/>
  <nd ref="777417873"/>
  <nd ref="777416110"/>
  <nd ref="777414409"/>
  <nd ref="777412410"/>
  <nd ref="777413205"/>
  <nd ref="430335988"/>
  <nd ref="777413014"/>
  <nd ref="777416338"/>
  <nd ref="777415738"/>
  <nd ref="777414947"/>
  <nd ref="777413838"/>
  <nd ref="777416646"/>
  <nd ref="777418376"/>
  <nd ref="36263117"/>
  <nd ref="777418063"/>
  <nd ref="777411789"/>
  <nd ref="777413641"/>
  <nd ref="777413883"/>
  <nd ref="777415817"/>
  <nd ref="777418215"/>
  <nd ref="777416498"/>
  <nd ref="777413175"/>
  <nd ref="777411402"/>
  <nd ref="777411507"/>
  <nd ref="777412796"/>
  <nd ref="777416031"/>
  <nd ref="777413052"/>
  <nd ref="777411099"/>
  <nd ref="777413618"/>
  <nd ref="777411780"/>
  <tag k="leisure" v="garden"/>
 </way>
 <way id="62251598" visible="true" version="2" changeset="127537269" timestamp="2022-10-14T17:24:22Z" user="Gorka115" uid="9458168">
  <nd ref="777416746"/>
  <nd ref="777415063"/>
  <nd ref="777414889"/>
  <nd ref="777411178"/>
  <nd ref="777413128"/>
  <nd ref="777417503"/>
  <nd ref="777413048"/>
  <nd ref="777411094"/>
  <nd ref="777414213"/>
  <nd ref="777417373"/>
  <tag k="highway" v="service"/>
  <tag k="lit" v="yes"/>
  <tag k="surface" v="asphalt"/>
 </way>
 <way id="62251599" visible="true" version="3" changeset="111704620" timestamp="2021-09-26T01:00:10Z" user="frasty" uid="549825">
  <nd ref="777413818"/>
  <nd ref="777411167"/>
  <nd ref="777410907"/>
  <nd ref="777412923"/>
  <nd ref="777414659"/>
  <nd ref="777413818"/>
  <tag k="amenity" v="parking"/>
  <tag k="parking" v="street_side"/>
 </way>
 <way id="62251601" visible="true" version="3" changeset="111704620" timestamp="2021-09-26T01:00:10Z" user="frasty" uid="549825">
  <nd ref="777412920"/>
  <nd ref="777414467"/>
  <nd ref="777413003"/>
  <nd ref="777411029"/>
  <nd ref="777416862"/>
  <nd ref="777410728"/>
  <nd ref="777412736"/>
  <nd ref="777412920"/>
  <tag k="amenity" v="parking"/>
  <tag k="parking" v="street_side"/>
 </way>
 <way id="62251602" visible="true" version="1" changeset="5028742" timestamp="2010-06-19T23:25:45Z" user="damjang" uid="97922">
  <nd ref="777415123"/>
  <nd ref="777412992"/>
  <nd ref="777411003"/>
  <nd ref="777417690"/>
  <nd ref="777415885"/>
  <nd ref="777414025"/>
  <nd ref="777412018"/>
  <nd ref="777416800"/>
  <nd ref="777415123"/>
  <tag k="landuse" v="grass"/>
 </way>
 <way id="62251603" visible="true" version="3" changeset="111704620" timestamp="2021-09-26T01:00:10Z" user="frasty" uid="549825">
  <nd ref="777414314"/>
  <nd ref="777417597"/>
  <nd ref="777418224"/>
  <nd ref="777411229"/>
  <nd ref="777411961"/>
  <nd ref="777417576"/>
  <nd ref="777417005"/>
  <nd ref="777414314"/>
  <tag k="amenity" v="parking"/>
  <tag k="parking" v="street_side"/>
 </way>
 <way id="62251604" visible="true" version="1" changeset="5028742" timestamp="2010-06-19T23:25:45Z" user="damjang" uid="97922">
  <nd ref="777413704"/>
  <nd ref="777413540"/>
  <nd ref="777411572"/>
  <nd ref="777417964"/>
  <nd ref="777416207"/>
  <nd ref="777412970"/>
  <nd ref="777410948"/>
  <nd ref="777417194"/>
  <nd ref="777415519"/>
  <nd ref="777415263"/>
  <nd ref="777413359"/>
  <nd ref="777416593"/>
  <nd ref="777414918"/>
  <nd ref="777413077"/>
  <nd ref="777413704"/>
  <tag k="landuse" v="grass"/>
 </way>
 <way id="62251605" visible="true" version="16" changeset="188027855" timestamp="2026-08-26T07:44:04Z" user="stefi96" uid="24462773">
  <nd ref="777416729"/>
  <nd ref="8373576259"/>
  <nd ref="8517389720"/>
  <nd ref="8517389719"/>
  <nd ref="8373576254"/>
  <tag k="cycleway:right" v="no"/>
  <tag k="highway" v="primary_link"/>
  <tag k="maxspeed" v="50"/>
  <tag k="noname" v="yes"/>
  <tag k="oneway" v="yes"/>
  <tag k="parking:both" v="no"/>
  <tag k="surface" v="asphalt"/>
 </way>
 <way id="62251606" visible="true" version="2" changeset="7227622" timestamp="2011-02-08T15:24:55Z" user="Stefano Salvador" uid="86130">
  <nd ref="777411045"/>
  <nd ref="777417303"/>
  <nd ref="777415604"/>
  <nd ref="777411951"/>
  <nd ref="777418220"/>
  <nd ref="777416516"/>
  <nd ref="777414831"/>
  <nd ref="777411045"/>
  <tag k="leisure" v="garden"/>
 </way>
 <way id="62251610" visible="true" version="3" changeset="111704620" timestamp="2021-09-26T01:00:10Z" user="frasty" uid="549825">
  <nd ref="777413648"/>
  <nd ref="777415852"/>
  <nd ref="777413917"/>
  <nd ref="777416062"/>
  <nd ref="777413648"/>
  <tag k="amenity" v="parking"/>
  <tag k="parking" v="street_side"/>
 </way>
 <way id="62251611" visible="true" version="3" changeset="111704620" timestamp="2021-09-26T01:00:10Z" user="frasty" uid="549825">
  <nd ref="777415530"/>
  <nd ref="777411871"/>
  <nd ref="777418153"/>
  <nd ref="777416423"/>
  <nd ref="777415530"/>
  <tag k="amenity" v="parking"/>
  <tag k="parking" v="street_side"/>
 </way>
 <way id="62251612" visible="true" version="1" changeset="5028742" timestamp="2010-06-19T23:25:47Z" user="damjang" uid="97922">
  <nd ref="777413824"/>
  <nd ref="777418356"/>
  <nd ref="777416626"/>
  <nd ref="777414934"/>
  <nd ref="777413122"/>
  <nd ref="777412985"/>
  <nd ref="777410990"/>
  <nd ref="777416273"/>
  <nd ref="777417221"/>
  <nd ref="777415554"/>
  <nd ref="424480760"/>
  <nd ref="424480761"/>
  <nd ref="424480762"/>
  <nd ref="777418014"/>
  <nd ref="777415722"/>
  <nd ref="777413824"/>
  <tag k="landuse" v="grass"/>
 </way>
 <way id="62251613" visible="true" version="2" changeset="127325615" timestamp="2022-10-10T22:21:40Z" user="Gorka115" uid="9458168">
  <nd ref="777413104"/>
  <nd ref="777410783"/>
  <nd ref="777416218"/>
  <nd ref="777414553"/>
  <nd ref="777411869"/>
  <tag k="highway" v="service"/>
  <tag k="lit" v="yes"/>
  <tag k="oneway" v="yes"/>
  <tag k="surface" v="asphalt"/>
 </way>
 <way id="62251614" visible="true" version="2" changeset="98324325" timestamp="2021-01-28T23:30:37Z" user="damjang" uid="97922">
  <nd ref="777418346"/>
  <nd ref="8373576257"/>
  <nd ref="777410712"/>
  <nd ref="777412731"/>
  <nd ref="777414462"/>
  <nd ref="777416149"/>
  <nd ref="777411330"/>
  <nd ref="8373576258"/>
  <nd ref="777418346"/>
  <tag k="landuse" v="grass"/>
 </way>
 <way id="62251615" visible="true" version="2" changeset="139244196" timestamp="2023-07-31T09:28:31Z" user="darthravem" uid="2415747">
  <nd ref="424480735"/>
  <nd ref="424480736"/>
  <nd ref="424480737"/>
  <nd ref="424480738"/>
  <nd ref="777412734"/>
  <nd ref="777414466"/>
  <nd ref="424480735"/>
  <tag k="building" v="office"/>
  <tag k="height" v="8 m"/>
  <tag k="it:fvg:ctrn:code" v="4AED"/>
  <tag k="it:fvg:ctrn:revision" v="1A0"/>
  <tag k="name" v="Edificio G"/>
  <tag k="ref" v="G"/>
 </way>
 <way id="62251617" visible="true" version="2" changeset="7227622" timestamp="2011-02-08T15:24:26Z" user="Stefano Salvador" uid="86130">
  <nd ref="777415647"/>
  <nd ref="424495349"/>
  <nd ref="777417419"/>
  <nd ref="777412952"/>
  <nd ref="777414693"/>
  <nd ref="777416388"/>
  <nd ref="777418115"/>
  <nd ref="777418288"/>
  <nd ref="777412007"/>
  <nd ref="777414007"/>
  <nd ref="777415873"/>
  <nd ref="777415647"/>
  <tag k="leisure" v="garden"/>
 </way>
 <way id="62251620" visible="true" version="3" changeset="111704620" timestamp="2021-09-26T01:00:10Z" user="frasty" uid="549825">
  <nd ref="777411514"/>
  <nd ref="777417894"/>
  <nd ref="777417712"/>
  <nd ref="777415915"/>
  <nd ref="777413497"/>
  <nd ref="777411514"/>
  <tag k="amenity" v="parking"/>
  <tag k="parking" v="street_side"/>
 </way>
 <way id="62251621" visible="true" version="1" changeset="5028742" timestamp="2010-06-19T23:25:49Z" user="damjang" uid="97922">
  <nd ref="777417926"/>
  <nd ref="777414673"/>
  <nd ref="777412943"/>
  <nd ref="777410922"/>
  <nd ref="777417144"/>
  <nd ref="777416880"/>
  <nd ref="777415223"/>
  <nd ref="777413315"/>
  <nd ref="777411360"/>
  <nd ref="777416169"/>
  <nd ref="777414502"/>
  <nd ref="777412747"/>
  <nd ref="777410739"/>
  <nd ref="777418367"/>
  <nd ref="777416631"/>
  <nd ref="777414938"/>
  <nd ref="777413130"/>
  <nd ref="777417926"/>
  <tag k="landuse" v="grass"/>
 </way>
 <way id="62251622" visible="true" version="1" changeset="5028742" timestamp="2010-06-19T23:25:49Z" user="damjang" uid="97922">
  <nd ref="777412407"/>
  <nd ref="777414403"/>
  <nd ref="777417681"/>
  <nd ref="777416864"/>
  <nd ref="777417887"/>
  <nd ref="777410729"/>
  <nd ref="777416792"/>
  <nd ref="777412407"/>
  <tag k="building" v="yes"/>
 </way>
 <way id="62251623" visible="true" version="3" changeset="116872465" timestamp="2022-02-01T15:00:05Z" user="TelespallaMel" uid="14979671">
  <nd ref="777412751"/>
  <nd ref="777412945"/>
  <nd ref="777414674"/>
  <nd ref="777414652"/>
  <nd ref="777416363"/>
  <nd ref="777416381"/>
  <nd ref="777418108"/>
  <nd ref="777413503"/>
  <nd ref="777415484"/>
  <nd ref="777417146"/>
  <nd ref="777410924"/>
  <nd ref="777411101"/>
  <nd ref="777413054"/>
  <tag k="highway" v="service"/>
  <tag k="lit" v="yes"/>
  <tag k="oneway" v="no"/>
  <tag k="surface" v="asphalt"/>
 </way>
 <way id="62251624" visible="true" version="3" changeset="139244207" timestamp="2023-07-31T09:25:20Z" user="darthravem" uid="2415747">
  <nd ref="777411264"/>
  <nd ref="777415054"/>
  <tag k="highway" v="service"/>
  <tag k="lit" v="yes"/>
  <tag k="surface" v="asphalt"/>
 </way>
 <way id="62251625" visible="true" version="2" changeset="7227622" timestamp="2011-02-08T15:24:30Z" user="Stefano Salvador" uid="86130">
  <nd ref="777417890"/>
  <nd ref="777414038"/>
  <nd ref="777412038"/>
  <nd ref="777418318"/>
  <nd ref="777415144"/>
  <nd ref="777413276"/>
  <nd ref="777411320"/>
  <nd ref="777417709"/>
  <nd ref="777417447"/>
  <nd ref="777415688"/>
  <nd ref="777413711"/>
  <nd ref="777411868"/>
  <nd ref="777416613"/>
  <nd ref="777414922"/>
  <nd ref="777413102"/>
  <nd ref="777411145"/>
  <nd ref="777410972"/>
  <nd ref="777417204"/>
  <nd ref="777415526"/>
  <nd ref="777413548"/>
  <nd ref="777418138"/>
  <nd ref="777416419"/>
  <nd ref="777414715"/>
  <nd ref="777412974"/>
  <nd ref="777411262"/>
  <nd ref="777413117"/>
  <nd ref="777411882"/>
  <nd ref="777417628"/>
  <nd ref="777415856"/>
  <nd ref="777413920"/>
  <nd ref="777410651"/>
  <nd ref="777416740"/>
  <nd ref="777417753"/>
  <nd ref="777415057"/>
  <nd ref="777413225"/>
  <nd ref="777417928"/>
  <nd ref="777413039"/>
  <nd ref="777411091"/>
  <nd ref="777417364"/>
  <nd ref="777415630"/>
  <nd ref="777411989"/>
  <nd ref="777418265"/>
  <nd ref="777416547"/>
  <nd ref="777413311"/>
  <nd ref="777414886"/>
  <nd ref="777416138"/>
  <nd ref="777417890"/>
  <tag k="leisure" v="garden"/>
 </way>
 <way id="62251626" visible="true" version="2" changeset="98323862" timestamp="2021-01-28T23:18:11Z" user="damjang" uid="97922">
  <nd ref="777415765"/>
  <nd ref="777415913"/>
  <nd ref="777417711"/>
  <nd ref="777411322"/>
  <nd ref="777411515"/>
  <nd ref="777413462"/>
  <nd ref="777415457"/>
  <nd ref="777417087"/>
  <nd ref="777412722"/>
  <nd ref="777414452"/>
  <nd ref="777416140"/>
  <nd ref="777417892"/>
  <nd ref="777411208"/>
  <nd ref="777413163"/>
  <nd ref="777414958"/>
  <nd ref="777416657"/>
  <nd ref="777411924"/>
  <nd ref="777413861"/>
  <nd ref="777415749"/>
  <nd ref="777417546"/>
  <nd ref="777417789"/>
  <nd ref="777411370"/>
  <nd ref="777413352"/>
  <nd ref="777415252"/>
  <nd ref="777410586"/>
  <nd ref="777412085"/>
  <nd ref="777414281"/>
  <nd ref="777415977"/>
  <nd ref="777416199"/>
  <nd ref="777417579"/>
  <nd ref="777411940"/>
  <nd ref="777411774"/>
  <nd ref="777418024"/>
  <nd ref="777416317"/>
  <nd ref="777414603"/>
  <nd ref="777411033"/>
  <nd ref="777417945"/>
  <nd ref="777411567"/>
  <nd ref="777413518"/>
  <nd ref="777416921"/>
  <nd ref="777410759"/>
  <nd ref="777412776"/>
  <nd ref="777414527"/>
  <nd ref="777414702"/>
  <nd ref="777416399"/>
  <nd ref="777418124"/>
  <nd ref="777411854"/>
  <nd ref="777415511"/>
  <nd ref="777417169"/>
  <nd ref="777410941"/>
  <nd ref="777413152"/>
  <nd ref="36263114"/>
  <nd ref="777412412"/>
  <nd ref="777412877"/>
  <nd ref="777414040"/>
  <nd ref="36263112"/>
  <nd ref="777414940"/>
  <nd ref="777416630"/>
  <nd ref="777413131"/>
  <nd ref="255823289"/>
  <nd ref="777413868"/>
  <nd ref="777416534"/>
  <nd ref="777414218"/>
  <nd ref="777415765"/>
  <tag k="landuse" v="grass"/>
 </way>
 <way id="62251627" visible="true" version="2" changeset="188027913" timestamp="2026-08-26T07:45:33Z" user="stefi96" uid="24462773">
  <nd ref="777412075"/>
  <nd ref="777418372"/>
  <nd ref="777416643"/>
  <nd ref="777413318"/>
  <nd ref="777411362"/>
  <nd ref="777417770"/>
  <nd ref="777415961"/>
  <nd ref="777413589"/>
  <nd ref="777415735"/>
  <nd ref="777413836"/>
  <nd ref="424480737"/>
  <nd ref="424480738"/>
  <nd ref="777412734"/>
  <nd ref="777414466"/>
  <nd ref="777416154"/>
  <nd ref="424480740"/>
  <nd ref="424480739"/>
  <nd ref="777411641"/>
  <nd ref="777413565"/>
  <nd ref="777416974"/>
  <nd ref="777410799"/>
  <nd ref="777412821"/>
  <nd ref="777414567"/>
  <nd ref="777414753"/>
  <nd ref="777416440"/>
  <nd ref="777418170"/>
  <nd ref="777412075"/>
  <tag k="area" v="yes"/>
  <tag k="highway" v="pedestrian"/>
  <tag k="parking:both" v="no"/>
 </way>
 <way id="62251629" visible="true" version="2" changeset="7227622" timestamp="2011-02-08T15:24:06Z" user="Stefano Salvador" uid="86130">
  <nd ref="777414823"/>
  <nd ref="777416115"/>
  <nd ref="777416327"/>
  <nd ref="777411784"/>
  <nd ref="777412879"/>
  <nd ref="777410854"/>
  <nd ref="777411218"/>
  <nd ref="777414823"/>
  <tag k="leisure" v="garden"/>
 </way>
 <way id="62251630" visible="true" version="4" changeset="111704620" timestamp="2021-09-26T01:00:10Z" user="frasty" uid="549825">
  <nd ref="777415970"/>
  <nd ref="777412769"/>
  <nd ref="777410752"/>
  <nd ref="777416910"/>
  <nd ref="777415240"/>
  <nd ref="777414951"/>
  <nd ref="777413156"/>
  <nd ref="777411191"/>
  <nd ref="777417535"/>
  <nd ref="777414236"/>
  <nd ref="777412081"/>
  <nd ref="777410578"/>
  <nd ref="777416650"/>
  <nd ref="777416478"/>
  <nd ref="777414773"/>
  <nd ref="777412997"/>
  <nd ref="777411014"/>
  <nd ref="777415742"/>
  <nd ref="777413853"/>
  <nd ref="777411917"/>
  <nd ref="777418196"/>
  <nd ref="777418010"/>
  <nd ref="777416269"/>
  <nd ref="777414589"/>
  <nd ref="777412839"/>
  <nd ref="777417248"/>
  <nd ref="777415572"/>
  <nd ref="777413596"/>
  <nd ref="777411765"/>
  <nd ref="777415970"/>
  <tag k="amenity" v="parking"/>
  <tag k="parking" v="street_side"/>
 </way>
 <way id="62251631" visible="true" version="3" changeset="111704620" timestamp="2021-09-26T01:00:10Z" user="frasty" uid="549825">
  <nd ref="777415049"/>
  <nd ref="777411260"/>
  <nd ref="777411844"/>
  <nd ref="777413686"/>
  <nd ref="777418160"/>
  <nd ref="777416431"/>
  <nd ref="777415049"/>
  <tag k="amenity" v="parking"/>
  <tag k="parking" v="street_side"/>
 </way>
 <way id="62251632" visible="true" version="3" changeset="111704620" timestamp="2021-09-26T01:00:10Z" user="frasty" uid="549825">
  <nd ref="777412749"/>
  <nd ref="777413372"/>
  <nd ref="777416878"/>
  <nd ref="777410741"/>
  <nd ref="777412749"/>
  <tag k="amenity" v="parking"/>
  <tag k="parking" v="street_side"/>
 </way>
 <way id="62251633" visible="true" version="3" changeset="111704620" timestamp="2021-09-26T01:00:10Z" user="frasty" uid="549825">
  <nd ref="777418262"/>
  <nd ref="777414739"/>
  <nd ref="777412981"/>
  <nd ref="777418113"/>
  <nd ref="777418262"/>
  <tag k="amenity" v="parking"/>
  <tag k="parking" v="street_side"/>
 </way>
 <way id="62251634" visible="true" version="2" changeset="116865104" timestamp="2022-02-01T11:52:37Z" user="TelespallaMel" uid="14979671">
  <nd ref="777416118"/>
  <nd ref="777414438"/>
  <tag k="highway" v="service"/>
  <tag k="lit" v="yes"/>
  <tag k="surface" v="asphalt"/>
 </way>
 <way id="62251635" visible="true" version="3" changeset="111704620" timestamp="2021-09-26T01:00:10Z" user="frasty" uid="549825">
  <nd ref="777413149"/>
  <nd ref="777411185"/>
  <nd ref="777417513"/>
  <nd ref="777417240"/>
  <nd ref="777414223"/>
  <nd ref="777414507"/>
  <nd ref="777416172"/>
  <nd ref="777417930"/>
  <nd ref="777413149"/>
  <tag k="amenity" v="parking"/>
  <tag k="name" v="P5"/>
  <tag k="parking" v="street_side"/>
  <tag k="ref" v="P5"/>
 </way>
 <way id="62251636" visible="true" version="2" changeset="7227622" timestamp="2011-02-08T15:24:13Z" user="Stefano Salvador" uid="86130">
  <nd ref="777411274"/>
  <nd ref="777417642"/>
  <nd ref="777415865"/>
  <nd ref="777413929"/>
  <nd ref="777412789"/>
  <nd ref="777410782"/>
  <nd ref="777416941"/>
  <nd ref="777415304"/>
  <nd ref="777411578"/>
  <nd ref="777417971"/>
  <nd ref="777416216"/>
  <nd ref="777411274"/>
  <tag k="leisure" v="garden"/>
 </way>
 <way id="62251638" visible="true" version="5" changeset="148011352" timestamp="2024-02-28T12:26:43Z" user="darthravem" uid="2415747">
  <nd ref="777415963"/>
  <nd ref="777411968"/>
  <tag k="highway" v="track"/>
  <tag k="motor_vehicle" v="no"/>
  <tag k="surface" v="compacted"/>
  <tag k="survey:date" v="2019-08-07"/>
  <tag k="tracktype" v="grade2"/>
  <tag k="width" v="3"/>
 </way>
 <way id="62251639" visible="true" version="7" changeset="160905071" timestamp="2025-01-02T12:33:56Z" user="darthravem" uid="2415747">
  <nd ref="777413871"/>
  <nd ref="777413616"/>
  <tag k="handrail" v="yes"/>
  <tag k="highway" v="steps"/>
  <tag k="incline" v="up"/>
  <tag k="ramp" v="no"/>
  <tag k="step_count" v="24"/>
  <tag k="surface" v="paving_stones"/>
  <tag k="tactile_paving" v="no"/>
 </way>
 <way id="62251640" visible="true" version="3" changeset="111704620" timestamp="2021-09-26T01:00:10Z" user="frasty" uid="549825">
  <nd ref="777417149"/>
  <nd ref="777415485"/>
  <nd ref="777413505"/>
  <nd ref="777418110"/>
  <nd ref="777417149"/>
  <tag k="amenity" v="parking"/>
  <tag k="parking" v="street_side"/>
 </way>
 <way id="62251641" visible="true" version="1" changeset="5028742" timestamp="2010-06-19T23:25:53Z" user="damjang" uid="97922">
  <nd ref="777413460"/>
  <nd ref="777414937"/>
  <nd ref="777411514"/>
  <nd ref="777413497"/>
  <nd ref="777415217"/>
  <nd ref="777413460"/>
  <tag k="landuse" v="grass"/>
 </way>
 <way id="62251642" visible="true" version="1" changeset="5028742" timestamp="2010-06-19T23:25:53Z" user="damjang" uid="97922">
  <nd ref="777416848"/>
  <nd ref="777410708"/>
  <nd ref="777412727"/>
  <nd ref="777415917"/>
  <nd ref="777417742"/>
  <nd ref="777411327"/>
  <nd ref="777413295"/>
  <nd ref="777413468"/>
  <nd ref="777415463"/>
  <nd ref="777417096"/>
  <nd ref="777410893"/>
  <nd ref="777414458"/>
  <nd ref="777416146"/>
  <nd ref="777417898"/>
  <nd ref="777411521"/>
  <nd ref="777413166"/>
  <nd ref="777416848"/>
  <tag k="landuse" v="grass"/>
 </way>
 <way id="62251643" visible="true" version="1" changeset="5028742" timestamp="2010-06-19T23:25:54Z" user="damjang" uid="97922">
  <nd ref="424495197"/>
  <nd ref="777417844"/>
  <nd ref="777414767"/>
  <nd ref="777412993"/>
  <nd ref="777412834"/>
  <nd ref="777410820"/>
  <nd ref="424495192"/>
  <nd ref="777416993"/>
  <nd ref="424495197"/>
  <tag k="landuse" v="grass"/>
 </way>
 <way id="62251646" visible="true" version="1" changeset="5028742" timestamp="2010-06-19T23:25:54Z" user="damjang" uid="97922">
  <nd ref="777414489"/>
  <nd ref="777412740"/>
  <nd ref="777410731"/>
  <nd ref="777415474"/>
  <nd ref="777413492"/>
  <nd ref="777411529"/>
  <nd ref="777417916"/>
  <nd ref="777417759"/>
  <nd ref="777415924"/>
  <nd ref="777414206"/>
  <nd ref="777411173"/>
  <nd ref="777412060"/>
  <nd ref="424480747"/>
  <nd ref="424480748"/>
  <nd ref="424480749"/>
  <nd ref="424480750"/>
  <nd ref="424480751"/>
  <nd ref="777410706"/>
  <nd ref="777414489"/>
  <tag k="landuse" v="grass"/>
 </way>
 <way id="62251648" visible="true" version="3" changeset="111704620" timestamp="2021-09-26T01:00:10Z" user="frasty" uid="549825">
  <nd ref="777417579"/>
  <nd ref="777417263"/>
  <nd ref="777415595"/>
  <nd ref="777413613"/>
  <nd ref="777412053"/>
  <nd ref="777418348"/>
  <nd ref="777416622"/>
  <nd ref="777414929"/>
  <nd ref="777411332"/>
  <nd ref="777417750"/>
  <nd ref="777415920"/>
  <nd ref="777414195"/>
  <nd ref="777413809"/>
  <nd ref="777411880"/>
  <nd ref="777418163"/>
  <nd ref="777416434"/>
  <nd ref="777413115"/>
  <nd ref="777411165"/>
  <nd ref="777417488"/>
  <nd ref="777415701"/>
  <nd ref="777415549"/>
  <nd ref="777413558"/>
  <nd ref="777411619"/>
  <nd ref="777417979"/>
  <nd ref="777414743"/>
  <nd ref="777412982"/>
  <nd ref="777410983"/>
  <nd ref="777417216"/>
  <nd ref="777416954"/>
  <nd ref="777415319"/>
  <nd ref="777413375"/>
  <nd ref="777411404"/>
  <nd ref="777416225"/>
  <nd ref="777414560"/>
  <nd ref="777412814"/>
  <nd ref="777410792"/>
  <nd ref="777410608"/>
  <nd ref="777416702"/>
  <nd ref="777414990"/>
  <nd ref="777413199"/>
  <nd ref="777417814"/>
  <nd ref="777416034"/>
  <nd ref="777414317"/>
  <nd ref="777412113"/>
  <nd ref="777411956"/>
  <nd ref="777418225"/>
  <nd ref="777416521"/>
  <nd ref="777414836"/>
  <nd ref="777411230"/>
  <nd ref="777417579"/>
  <tag k="amenity" v="parking"/>
  <tag k="name" v="P4"/>
  <tag k="parking" v="street_side"/>
  <tag k="ref" v="P4"/>
 </way>
 <way id="62251649" visible="true" version="1" changeset="5028742" timestamp="2010-06-19T23:25:55Z" user="damjang" uid="97922">
  <nd ref="777416856"/>
  <nd ref="777410724"/>
  <nd ref="777410899"/>
  <nd ref="777412916"/>
  <nd ref="777414652"/>
  <tag k="highway" v="service"/>
  <tag k="lit" v="yes"/>
 </way>
 <way id="62251650" visible="true" version="7" changeset="139244196" timestamp="2023-07-31T09:27:44Z" user="darthravem" uid="2415747">
  <nd ref="424495155"/>
  <nd ref="424495158"/>
  <nd ref="777412753"/>
  <nd ref="424495159"/>
  <nd ref="777412725"/>
  <nd ref="424495160"/>
  <nd ref="424495161"/>
  <nd ref="424495162"/>
  <nd ref="424495163"/>
  <nd ref="424495164"/>
  <nd ref="424495165"/>
  <nd ref="424495166"/>
  <nd ref="424495167"/>
  <nd ref="424495168"/>
  <nd ref="424495169"/>
  <nd ref="424495170"/>
  <nd ref="424495155"/>
  <tag k="building" v="office"/>
  <tag k="height" v="13 m"/>
  <tag k="it:fvg:ctrn:code" v="4AED"/>
  <tag k="it:fvg:ctrn:revision" v="1AM"/>
  <tag k="name" v="Edificio A (Innovation Factory)"/>
  <tag k="ref" v="A"/>
 </way>
 <way id="62251652" visible="true" version="1" changeset="5028742" timestamp="2010-06-19T23:25:55Z" user="damjang" uid="97922">
  <nd ref="777416497"/>
  <nd ref="777414820"/>
  <nd ref="777413006"/>
  <nd ref="777417559"/>
  <nd ref="777415793"/>
  <nd ref="777413869"/>
  <nd ref="777411942"/>
  <nd ref="777411776"/>
  <nd ref="777418026"/>
  <nd ref="777416318"/>
  <nd ref="777414604"/>
  <nd ref="777411035"/>
  <nd ref="777417265"/>
  <nd ref="777415597"/>
  <nd ref="777413615"/>
  <nd ref="777413444"/>
  <nd ref="777411459"/>
  <nd ref="777417866"/>
  <nd ref="777416106"/>
  <nd ref="777412872"/>
  <nd ref="777410841"/>
  <nd ref="777417041"/>
  <nd ref="777415416"/>
  <nd ref="777415091"/>
  <nd ref="777413250"/>
  <nd ref="777416497"/>
  <tag k="landuse" v="grass"/>
 </way>
 <way id="62251653" visible="true" version="2" changeset="7227622" timestamp="2011-02-08T15:24:22Z" user="Stefano Salvador" uid="86130">
  <nd ref="777411661"/>
  <nd ref="777413594"/>
  <nd ref="777415571"/>
  <nd ref="777417806"/>
  <nd ref="777417246"/>
  <nd ref="777412837"/>
  <nd ref="777414588"/>
  <nd ref="777416267"/>
  <nd ref="777418009"/>
  <nd ref="777414829"/>
  <nd ref="777416514"/>
  <nd ref="777418218"/>
  <nd ref="777411949"/>
  <nd ref="777415602"/>
  <nd ref="777417276"/>
  <nd ref="777411043"/>
  <nd ref="777413010"/>
  <nd ref="777413179"/>
  <nd ref="777414985"/>
  <nd ref="777416675"/>
  <nd ref="777410601"/>
  <nd ref="777413876"/>
  <nd ref="777415800"/>
  <nd ref="777417569"/>
  <nd ref="777411224"/>
  <nd ref="777411397"/>
  <nd ref="777413368"/>
  <nd ref="777415307"/>
  <nd ref="777416943"/>
  <nd ref="777412105"/>
  <nd ref="777414306"/>
  <nd ref="777416025"/>
  <nd ref="777411661"/>
  <tag k="leisure" v="garden"/>
 </way>
 <way id="62251657" visible="true" version="3" changeset="111704620" timestamp="2021-09-26T01:00:10Z" user="frasty" uid="549825">
  <nd ref="777415590"/>
  <nd ref="777416977"/>
  <nd ref="777415340"/>
  <nd ref="777413399"/>
  <nd ref="777414593"/>
  <nd ref="777415590"/>
  <tag k="amenity" v="parking"/>
  <tag k="parking" v="street_side"/>
 </way>
 <way id="62251658" visible="true" version="3" changeset="111704620" timestamp="2021-09-26T01:00:10Z" user="frasty" uid="549825">
  <nd ref="777415697"/>
  <nd ref="777413805"/>
  <nd ref="777411877"/>
  <nd ref="777411618"/>
  <nd ref="777415697"/>
  <tag k="amenity" v="parking"/>
  <tag k="parking" v="street_side"/>
 </way>
 <way id="62251659" visible="true" version="1" changeset="5028742" timestamp="2010-06-19T23:25:56Z" user="damjang" uid="97922">
  <nd ref="777417706"/>
  <nd ref="777412772"/>
  <nd ref="777411318"/>
  <nd ref="777413275"/>
  <nd ref="777416611"/>
  <nd ref="777418316"/>
  <nd ref="777412036"/>
  <nd ref="777414036"/>
  <nd ref="777414448"/>
  <nd ref="777416125"/>
  <nd ref="777417889"/>
  <nd ref="777411512"/>
  <nd ref="777415141"/>
  <nd ref="777416815"/>
  <nd ref="777410699"/>
  <nd ref="777412718"/>
  <nd ref="777412891"/>
  <nd ref="777414639"/>
  <nd ref="777416344"/>
  <nd ref="777417706"/>
  <tag k="landuse" v="grass"/>
 </way>
 <way id="62251660" visible="true" version="1" changeset="5028742" timestamp="2010-06-19T23:25:56Z" user="damjang" uid="97922">
  <nd ref="777417238"/>
  <nd ref="777417507"/>
  <nd ref="777411184"/>
  <nd ref="777413133"/>
  <nd ref="777414942"/>
  <nd ref="777418179"/>
  <nd ref="777411908"/>
  <nd ref="777413833"/>
  <nd ref="777415733"/>
  <nd ref="777413807"/>
  <nd ref="777415699"/>
  <nd ref="777417486"/>
  <nd ref="777411164"/>
  <nd ref="777414740"/>
  <nd ref="777417238"/>
  <tag k="landuse" v="grass"/>
 </way>
 <way id="62251661" visible="true" version="1" changeset="5028742" timestamp="2010-06-19T23:25:56Z" user="damjang" uid="97922">
  <nd ref="777411903"/>
  <nd ref="777417896"/>
  <nd ref="777416144"/>
  <tag k="highway" v="service"/>
 </way>
 <way id="62251663" visible="true" version="1" changeset="5028742" timestamp="2010-06-19T23:25:57Z" user="damjang" uid="97922">
  <nd ref="777410685"/>
  <nd ref="777416795"/>
  <nd ref="777415100"/>
  <nd ref="777411464"/>
  <nd ref="777417874"/>
  <nd ref="777416111"/>
  <nd ref="777414429"/>
  <nd ref="777414021"/>
  <nd ref="777412015"/>
  <nd ref="777418302"/>
  <nd ref="777416585"/>
  <nd ref="777413252"/>
  <nd ref="777411304"/>
  <nd ref="777417686"/>
  <nd ref="777410685"/>
  <tag k="landuse" v="grass"/>
 </way>
 <way id="62251664" visible="true" version="2" changeset="7227622" timestamp="2011-02-08T15:24:07Z" user="Stefano Salvador" uid="86130">
  <nd ref="777411132"/>
  <nd ref="777411306"/>
  <nd ref="777413263"/>
  <nd ref="777415103"/>
  <nd ref="777416798"/>
  <nd ref="777412016"/>
  <nd ref="777414023"/>
  <nd ref="777415883"/>
  <nd ref="777417688"/>
  <nd ref="777417876"/>
  <nd ref="777411466"/>
  <nd ref="777411132"/>
  <tag k="leisure" v="garden"/>
 </way>
 <way id="62251665" visible="true" version="1" changeset="5028742" timestamp="2010-06-19T23:25:57Z" user="damjang" uid="97922">
  <nd ref="777416490"/>
  <nd ref="777417415"/>
  <nd ref="777418280"/>
  <nd ref="777416575"/>
  <nd ref="777411453"/>
  <nd ref="424495275"/>
  <tag k="barrier" v="retaining_wall"/>
 </way>
 <way id="62251666" visible="true" version="1" changeset="5028742" timestamp="2010-06-19T23:25:57Z" user="damjang" uid="97922">
  <nd ref="777417985"/>
  <nd ref="777416580"/>
  <nd ref="777417485"/>
  <nd ref="777417570"/>
  <nd ref="777417985"/>
  <tag k="landuse" v="grass"/>
 </way>
 <way id="62251668" visible="true" version="3" changeset="111704620" timestamp="2021-09-26T01:00:10Z" user="frasty" uid="549825">
  <nd ref="777415647"/>
  <nd ref="777414868"/>
  <nd ref="777413027"/>
  <nd ref="777417612"/>
  <nd ref="777415833"/>
  <nd ref="777413910"/>
  <nd ref="777411970"/>
  <nd ref="777411819"/>
  <nd ref="777418077"/>
  <nd ref="777416352"/>
  <nd ref="777414648"/>
  <nd ref="777411083"/>
  <nd ref="777417346"/>
  <nd ref="777415620"/>
  <nd ref="777413651"/>
  <nd ref="777413470"/>
  <nd ref="777411524"/>
  <nd ref="777417900"/>
  <nd ref="777416147"/>
  <nd ref="777412900"/>
  <nd ref="777413510"/>
  <nd ref="777413325"/>
  <nd ref="777417430"/>
  <nd ref="777416190"/>
  <nd ref="424495333"/>
  <nd ref="424495360"/>
  <nd ref="424495359"/>
  <nd ref="424495358"/>
  <nd ref="424495357"/>
  <nd ref="424495356"/>
  <nd ref="424495355"/>
  <nd ref="424495354"/>
  <nd ref="424495353"/>
  <nd ref="424495352"/>
  <nd ref="424495351"/>
  <nd ref="424495350"/>
  <nd ref="777417801"/>
  <nd ref="424495349"/>
  <nd ref="777415647"/>
  <tag k="amenity" v="parking"/>
  <tag k="name" v="P2"/>
  <tag k="parking" v="street_side"/>
  <tag k="ref" v="P2"/>
 </way>
 <way id="62251670" visible="true" version="10" changeset="188027913" timestamp="2026-08-26T07:45:33Z" user="stefi96" uid="24462773">
  <nd ref="777414708"/>
  <nd ref="777418308"/>
  <nd ref="430335956"/>
  <nd ref="777413300"/>
  <nd ref="430335958"/>
  <nd ref="430335959"/>
  <nd ref="777415887"/>
  <nd ref="430335961"/>
  <nd ref="777417693"/>
  <nd ref="11343495421"/>
  <nd ref="430335887"/>
  <tag k="highway" v="unclassified"/>
  <tag k="lanes" v="1"/>
  <tag k="lit" v="yes"/>
  <tag k="noname" v="yes"/>
  <tag k="oneway" v="yes"/>
  <tag k="parking:both" v="no"/>
  <tag k="surface" v="asphalt"/>
  <tag k="width" v="5"/>
 </way>
 <way id="62251671" visible="true" version="2" changeset="139244207" timestamp="2023-07-31T09:23:20Z" user="darthravem" uid="2415747">
  <nd ref="777412733"/>
  <nd ref="777415014"/>
  <nd ref="777414465"/>
  <nd ref="777413605"/>
  <tag k="highway" v="service"/>
  <tag k="lit" v="yes"/>
  <tag k="surface" v="asphalt"/>
 </way>
 <way id="62251672" visible="true" version="3" changeset="111704620" timestamp="2021-09-26T01:00:10Z" user="frasty" uid="549825">
  <nd ref="777411855"/>
  <nd ref="777414529"/>
  <nd ref="777412777"/>
  <nd ref="777411781"/>
  <nd ref="777416512"/>
  <nd ref="777411855"/>
  <tag k="amenity" v="parking"/>
  <tag k="parking" v="street_side"/>
 </way>
 <way id="62251673" visible="true" version="2" changeset="7227622" timestamp="2011-02-08T15:24:41Z" user="Stefano Salvador" uid="86130">
  <nd ref="777410921"/>
  <nd ref="777415975"/>
  <nd ref="777417142"/>
  <nd ref="777415480"/>
  <nd ref="777417166"/>
  <nd ref="777415509"/>
  <nd ref="777413519"/>
  <nd ref="777411565"/>
  <nd ref="777416397"/>
  <nd ref="777414700"/>
  <nd ref="777412959"/>
  <nd ref="777410939"/>
  <nd ref="777410757"/>
  <nd ref="777416918"/>
  <nd ref="777415250"/>
  <nd ref="777413350"/>
  <nd ref="777417943"/>
  <nd ref="777416197"/>
  <nd ref="777414524"/>
  <nd ref="777412774"/>
  <nd ref="777412084"/>
  <nd ref="777410584"/>
  <nd ref="777416655"/>
  <nd ref="777414957"/>
  <nd ref="777414248"/>
  <nd ref="777411369"/>
  <nd ref="777417788"/>
  <nd ref="777410921"/>
  <tag k="leisure" v="garden"/>
 </way>
 <way id="62251675" visible="true" version="2" changeset="7227622" timestamp="2011-02-08T15:24:59Z" user="Stefano Salvador" uid="86130">
  <nd ref="777413568"/>
  <nd ref="777411647"/>
  <nd ref="777411415"/>
  <nd ref="777417833"/>
  <nd ref="777416048"/>
  <nd ref="777414330"/>
  <nd ref="777410803"/>
  <nd ref="777416980"/>
  <nd ref="777415343"/>
  <nd ref="777413400"/>
  <nd ref="777413210"/>
  <nd ref="777412825"/>
  <nd ref="777417227"/>
  <nd ref="777415559"/>
  <nd ref="777413568"/>
  <tag k="leisure" v="garden"/>
 </way>
 <way id="62251678" visible="true" version="1" changeset="5028742" timestamp="2010-06-19T23:26:00Z" user="damjang" uid="97922">
  <nd ref="777413924"/>
  <nd ref="777411993"/>
  <nd ref="777418269"/>
  <tag k="highway" v="service"/>
  <tag k="lit" v="yes"/>
 </way>
 <way id="62251679" visible="true" version="3" changeset="111704620" timestamp="2021-09-26T01:00:10Z" user="frasty" uid="549825">
  <nd ref="777411882"/>
  <nd ref="777418165"/>
  <nd ref="777416436"/>
  <nd ref="777413117"/>
  <nd ref="777411882"/>
  <tag k="amenity" v="parking"/>
  <tag k="parking" v="street_side"/>
 </way>
 <way id="62251681" visible="true" version="4" changeset="127325615" timestamp="2022-10-10T22:20:10Z" user="Gorka115" uid="9458168">
  <nd ref="430335944"/>
  <nd ref="777417931"/>
  <nd ref="430335975"/>
  <nd ref="777418184"/>
  <tag k="highway" v="service"/>
  <tag k="lit" v="yes"/>
  <tag k="oneway" v="yes"/>
  <tag k="service" v="parking_aisle"/>
  <tag k="surface" v="asphalt"/>
 </way>
 <way id="62251683" visible="true" version="3" changeset="111704620" timestamp="2021-09-26T01:00:10Z" user="frasty" uid="549825">
  <nd ref="777417259"/>
  <nd ref="777418207"/>
  <nd ref="777411927"/>
  <nd ref="777415592"/>
  <nd ref="777417259"/>
  <tag k="amenity" v="parking"/>
  <tag k="name" v="P2"/>
  <tag k="parking" v="street_side"/>
  <tag k="ref" v="P2"/>
 </way>
 <way id="62251685" visible="true" version="3" changeset="111704620" timestamp="2021-09-26T01:00:10Z" user="frasty" uid="549825">
  <nd ref="777415735"/>
  <nd ref="777414765"/>
  <nd ref="777416623"/>
  <nd ref="777413836"/>
  <nd ref="777415735"/>
  <tag k="amenity" v="parking"/>
  <tag k="parking" v="street_side"/>
 </way>
 <way id="62251686" visible="true" version="2" changeset="160905058" timestamp="2025-01-02T12:34:40Z" user="darthravem" uid="2415747">
  <nd ref="777416726"/>
  <nd ref="777415606"/>
  <nd ref="777413639"/>
  <nd ref="777411787"/>
  <nd ref="777411471"/>
  <nd ref="777417882"/>
  <nd ref="777416117"/>
  <nd ref="777412969"/>
  <nd ref="777414440"/>
  <nd ref="777410861"/>
  <nd ref="777417070"/>
  <nd ref="777415432"/>
  <nd ref="777413451"/>
  <nd ref="777413268"/>
  <nd ref="777411311"/>
  <tag k="highway" v="footway"/>
  <tag k="lit" v="yes"/>
  <tag k="surface" v="paving_stones"/>
 </way>
 <way id="62251692" visible="true" version="11" changeset="187987789" timestamp="2026-08-25T12:56:43Z" user="stefi96" uid="24462773">
  <nd ref="777415354"/>
  <nd ref="6867965654"/>
  <nd ref="777413653"/>
  <nd ref="6867965653"/>
  <tag k="highway" v="unclassified"/>
  <tag k="maxspeed" v="50"/>
  <tag k="noname" v="yes"/>
  <tag k="oneway" v="yes"/>
  <tag k="parking:both" v="no"/>
  <tag k="surface" v="asphalt"/>
 </way>
 <way id="62251694" visible="true" version="3" changeset="111704620" timestamp="2021-09-26T01:00:10Z" user="frasty" uid="549825">
  <nd ref="777411045"/>
  <nd ref="777414831"/>
  <nd ref="777410859"/>
  <nd ref="777412881"/>
  <nd ref="777414613"/>
  <nd ref="777417561"/>
  <nd ref="777412879"/>
  <nd ref="777411784"/>
  <nd ref="777411045"/>
  <tag k="amenity" v="parking"/>
  <tag k="parking" v="street_side"/>
 </way>
 <way id="62251697" visible="true" version="3" changeset="111704620" timestamp="2021-09-26T01:00:10Z" user="frasty" uid="549825">
  <nd ref="777417353"/>
  <nd ref="777417130"/>
  <nd ref="777415469"/>
  <nd ref="777413487"/>
  <nd ref="777417353"/>
  <tag k="amenity" v="parking"/>
  <tag k="parking" v="street_side"/>
 </way>
 <way id="62251699" visible="true" version="3" changeset="116872557" timestamp="2022-02-01T15:03:13Z" user="TelespallaMel" uid="14979671">
  <nd ref="424495193"/>
  <nd ref="777415574"/>
  <nd ref="424495278"/>
  <nd ref="424495279"/>
  <nd ref="424495280"/>
  <nd ref="424495281"/>
  <nd ref="424495282"/>
  <nd ref="424495283"/>
  <nd ref="424495284"/>
  <nd ref="424495285"/>
  <nd ref="424495286"/>
  <nd ref="424495287"/>
  <nd ref="424495288"/>
  <nd ref="424495289"/>
  <nd ref="424495290"/>
  <nd ref="424495291"/>
  <nd ref="424495292"/>
  <nd ref="424495293"/>
  <nd ref="424495294"/>
  <nd ref="424495295"/>
  <nd ref="424495296"/>
  <nd ref="424495297"/>
  <nd ref="424495298"/>
  <nd ref="424495299"/>
  <nd ref="424495300"/>
  <nd ref="777416632"/>
  <nd ref="424495301"/>
  <nd ref="777418369"/>
  <nd ref="424495302"/>
  <nd ref="777416171"/>
  <nd ref="424495310"/>
  <nd ref="777413316"/>
  <nd ref="777411361"/>
  <nd ref="777414221"/>
  <nd ref="777417768"/>
  <nd ref="777412074"/>
  <nd ref="424495311"/>
  <nd ref="777416543"/>
  <nd ref="424495180"/>
  <nd ref="424495181"/>
  <nd ref="424495182"/>
  <nd ref="424495183"/>
  <nd ref="424495184"/>
  <nd ref="424495185"/>
  <nd ref="424495186"/>
  <nd ref="777414357"/>
  <nd ref="424495187"/>
  <nd ref="424495188"/>
  <nd ref="777416262"/>
  <nd ref="777418005"/>
  <nd ref="777414580"/>
  <nd ref="777411658"/>
  <nd ref="424495189"/>
  <nd ref="424495190"/>
  <nd ref="777416845"/>
  <nd ref="777415360"/>
  <nd ref="424495191"/>
  <nd ref="424495192"/>
  <nd ref="777416993"/>
  <nd ref="424495193"/>
  <tag k="building" v="office"/>
  <tag k="height" v="19 m"/>
  <tag k="it:fvg:ctrn:code" v="4AED"/>
  <tag k="it:fvg:ctrn:revision" v="1AM"/>
  <tag k="name" v="Edificio W (ICGEB)"/>
  <tag k="ref" v="W"/>
 </way>
 <way id="62251702" visible="true" version="3" changeset="111704620" timestamp="2021-09-26T01:00:10Z" user="frasty" uid="549825">
  <nd ref="424495198"/>
  <nd ref="777411437"/>
  <nd ref="777417844"/>
  <nd ref="424495197"/>
  <nd ref="424495198"/>
  <tag k="amenity" v="parking"/>
  <tag k="parking" v="street_side"/>
 </way>
 <way id="62251709" visible="true" version="2" changeset="127325615" timestamp="2022-10-10T22:20:31Z" user="Gorka115" uid="9458168">
  <nd ref="777412418"/>
  <nd ref="777417067"/>
  <tag k="highway" v="service"/>
  <tag k="lit" v="yes"/>
  <tag k="surface" v="asphalt"/>
 </way>
 <way id="62251710" visible="true" version="3" changeset="111704620" timestamp="2021-09-26T01:00:10Z" user="frasty" uid="549825">
  <nd ref="777412060"/>
  <nd ref="777417495"/>
  <nd ref="777415722"/>
  <nd ref="777413824"/>
  <nd ref="777412060"/>
  <tag k="amenity" v="parking"/>
  <tag k="parking" v="street_side"/>
 </way>
 <way id="62251711" visible="true" version="2" changeset="127325615" timestamp="2022-10-10T22:20:16Z" user="Gorka115" uid="9458168">
  <nd ref="777415569"/>
  <nd ref="430335944"/>
  <tag k="highway" v="service"/>
  <tag k="lit" v="yes"/>
  <tag k="oneway" v="yes"/>
  <tag k="surface" v="asphalt"/>
 </way>
 <way id="62251712" visible="true" version="13" changeset="187987789" timestamp="2026-08-25T12:56:43Z" user="stefi96" uid="24462773">
  <nd ref="6867965653"/>
  <nd ref="8517389721"/>
  <nd ref="7628483116"/>
  <nd ref="6867965652"/>
  <tag k="cycleway:right" v="no"/>
  <tag k="highway" v="unclassified"/>
  <tag k="maxspeed" v="50"/>
  <tag k="noname" v="yes"/>
  <tag k="oneway" v="yes"/>
  <tag k="parking:both" v="no"/>
  <tag k="surface" v="asphalt"/>
 </way>
 <way id="62251713" visible="true" version="3" changeset="9110623" timestamp="2011-08-24T09:26:57Z" user="Pierpa" uid="511139">
  <nd ref="424480772"/>
  <nd ref="424480773"/>
  <nd ref="424480754"/>
  <nd ref="777414915"/>
  <nd ref="777416588"/>
  <nd ref="777418306"/>
  <nd ref="777413698"/>
  <nd ref="424480755"/>
  <nd ref="424480756"/>
  <nd ref="424480757"/>
  <nd ref="424480772"/>
  <tag k="addr:housename" v="Edificio L3"/>
  <tag k="building" v="yes"/>
  <tag k="height" v="11 m"/>
  <tag k="it:fvg:ctrn:code" v="4AED"/>
  <tag k="it:fvg:ctrn:revision" v="1A0"/>
  <tag k="name" v="Edificio L3 (INFN)"/>
  <tag k="ref" v="L3"/>
 </way>
 <way id="62251714" visible="true" version="1" changeset="5028742" timestamp="2010-06-19T23:26:04Z" user="damjang" uid="97922">
  <nd ref="777410778"/>
  <nd ref="777414497"/>
  <tag k="highway" v="service"/>
  <tag k="lit" v="yes"/>
 </way>
 <way id="62251716" visible="true" version="2" changeset="7227622" timestamp="2011-02-08T15:24:26Z" user="Stefano Salvador" uid="86130">
  <nd ref="424495275"/>
  <nd ref="777411453"/>
  <nd ref="777417860"/>
  <nd ref="777417676"/>
  <nd ref="777415870"/>
  <nd ref="777413934"/>
  <nd ref="424495276"/>
  <nd ref="424495275"/>
  <tag k="leisure" v="garden"/>
 </way>
 <way id="62251718" visible="true" version="2" changeset="7227622" timestamp="2011-02-08T15:24:38Z" user="Stefano Salvador" uid="86130">
  <nd ref="777411634"/>
  <nd ref="777417980"/>
  <nd ref="777414746"/>
  <nd ref="777412983"/>
  <nd ref="777410985"/>
  <nd ref="777417218"/>
  <nd ref="777416957"/>
  <nd ref="777415323"/>
  <nd ref="777413377"/>
  <nd ref="777411406"/>
  <nd ref="777416239"/>
  <nd ref="777414562"/>
  <nd ref="777412816"/>
  <nd ref="777410794"/>
  <nd ref="777410610"/>
  <nd ref="777416705"/>
  <nd ref="777414993"/>
  <nd ref="777413201"/>
  <nd ref="777417815"/>
  <nd ref="777416035"/>
  <nd ref="777414320"/>
  <nd ref="777412114"/>
  <nd ref="777411958"/>
  <nd ref="777418227"/>
  <nd ref="777416523"/>
  <nd ref="777414839"/>
  <nd ref="777416383"/>
  <nd ref="777411232"/>
  <nd ref="777417149"/>
  <nd ref="777418110"/>
  <nd ref="777417596"/>
  <nd ref="777415819"/>
  <nd ref="777411634"/>
  <tag k="leisure" v="garden"/>
 </way>
 <way id="62251719" visible="true" version="3" changeset="111704664" timestamp="2021-09-26T01:03:44Z" user="frasty" uid="549825">
  <nd ref="777414468"/>
  <nd ref="777414657"/>
  <nd ref="777416368"/>
  <nd ref="777418082"/>
  <nd ref="777414468"/>
  <tag k="amenity" v="parking"/>
  <tag k="parking" v="street_side"/>
 </way>
 <way id="62251720" visible="true" version="3" changeset="111704620" timestamp="2021-09-26T01:00:10Z" user="frasty" uid="549825">
  <nd ref="777416632"/>
  <nd ref="777414505"/>
  <nd ref="777416171"/>
  <nd ref="424495302"/>
  <nd ref="777418369"/>
  <nd ref="424495301"/>
  <nd ref="777416632"/>
  <tag k="amenity" v="parking"/>
  <tag k="parking" v="street_side"/>
 </way>
 <way id="62251722" visible="true" version="2" changeset="188027913" timestamp="2026-08-26T07:45:33Z" user="stefi96" uid="24462773">
  <nd ref="777410919"/>
  <nd ref="777417141"/>
  <nd ref="777415479"/>
  <nd ref="777412055"/>
  <nd ref="777416623"/>
  <nd ref="777413836"/>
  <nd ref="424480737"/>
  <nd ref="777411325"/>
  <nd ref="777416818"/>
  <nd ref="777418350"/>
  <nd ref="777415911"/>
  <nd ref="777410701"/>
  <nd ref="424480729"/>
  <nd ref="424480728"/>
  <nd ref="424480753"/>
  <nd ref="777413460"/>
  <nd ref="777415217"/>
  <nd ref="777416875"/>
  <nd ref="777410737"/>
  <nd ref="777410919"/>
  <tag k="area" v="yes"/>
  <tag k="highway" v="pedestrian"/>
  <tag k="parking:both" v="no"/>
 </way>
 <way id="62251723" visible="true" version="3" changeset="127325615" timestamp="2022-10-10T22:20:02Z" user="Gorka115" uid="9458168">
  <nd ref="430335978"/>
  <nd ref="777410974"/>
  <tag k="highway" v="service"/>
  <tag k="lit" v="yes"/>
  <tag k="service" v="parking_aisle"/>
  <tag k="surface" v="asphalt"/>
 </way>
 <way id="62251724" visible="true" version="2" changeset="160905058" timestamp="2025-01-02T12:35:45Z" user="darthravem" uid="2415747">
  <nd ref="777417838"/>
  <nd ref="777413216"/>
  <tag k="highway" v="footway"/>
  <tag k="lit" v="yes"/>
  <tag k="surface" v="grass"/>
 </way>
 <way id="62251725" visible="true" version="3" changeset="111704620" timestamp="2021-09-26T01:00:10Z" user="frasty" uid="549825">
  <nd ref="777414823"/>
  <nd ref="777418044"/>
  <nd ref="777416327"/>
  <nd ref="777416115"/>
  <nd ref="777414823"/>
  <tag k="amenity" v="parking"/>
  <tag k="parking" v="street_side"/>
 </way>
 <way id="62251726" visible="true" version="2" changeset="139244207" timestamp="2023-07-31T09:28:19Z" user="darthravem" uid="2415747">
  <nd ref="777414669"/>
  <nd ref="777416376"/>
  <nd ref="777410655"/>
  <nd ref="777418085"/>
  <nd ref="777412390"/>
  <nd ref="777414669"/>
  <nd ref="777416746"/>
  <nd ref="777415860"/>
  <tag k="highway" v="service"/>
  <tag k="lit" v="yes"/>
  <tag k="surface" v="asphalt"/>
 </way>
 <way id="62251727" visible="true" version="3" changeset="111704620" timestamp="2021-09-26T01:00:10Z" user="frasty" uid="549825">
  <nd ref="777415645"/>
  <nd ref="777413059"/>
  <nd ref="777411121"/>
  <nd ref="777417417"/>
  <nd ref="777415645"/>
  <tag k="amenity" v="parking"/>
  <tag k="parking" v="street_side"/>
 </way>
 <way id="62251728" visible="true" version="3" changeset="116865019" timestamp="2022-02-01T11:51:57Z" user="TelespallaMel" uid="14979671">
  <nd ref="777418177"/>
  <nd ref="777416466"/>
  <nd ref="777414762"/>
  <nd ref="777412990"/>
  <nd ref="777417510"/>
  <nd ref="777415731"/>
  <nd ref="777413829"/>
  <nd ref="777411906"/>
  <nd ref="777411648"/>
  <nd ref="777417989"/>
  <nd ref="777411215"/>
  <nd ref="777416252"/>
  <nd ref="777412070"/>
  <nd ref="777414572"/>
  <nd ref="777418365"/>
  <nd ref="777413170"/>
  <nd ref="777410997"/>
  <nd ref="777417237"/>
  <nd ref="777415562"/>
  <nd ref="777413572"/>
  <nd ref="777413402"/>
  <nd ref="777411418"/>
  <nd ref="777417835"/>
  <nd ref="777416052"/>
  <nd ref="777412827"/>
  <nd ref="777418177"/>
  <tag k="building" v="office"/>
  <tag k="name" v="Edificio R3"/>
  <tag k="ref" v="R3"/>
 </way>
 <way id="62251730" visible="true" version="2" changeset="7227622" timestamp="2011-02-08T15:24:08Z" user="Stefano Salvador" uid="86130">
  <nd ref="777414882"/>
  <nd ref="777413034"/>
  <nd ref="777411087"/>
  <nd ref="777410902"/>
  <nd ref="777417132"/>
  <nd ref="777415471"/>
  <nd ref="777413489"/>
  <nd ref="777418081"/>
  <nd ref="777416366"/>
  <nd ref="777414655"/>
  <nd ref="777412920"/>
  <nd ref="777412736"/>
  <nd ref="777410728"/>
  <nd ref="777416862"/>
  <nd ref="777411029"/>
  <nd ref="777415192"/>
  <nd ref="777411527"/>
  <nd ref="777417913"/>
  <nd ref="777416155"/>
  <nd ref="777414882"/>
  <tag k="leisure" v="garden"/>
 </way>
 <way id="62251731" visible="true" version="1" changeset="5028742" timestamp="2010-06-19T23:26:09Z" user="damjang" uid="97922">
  <nd ref="777415579"/>
  <nd ref="777413605"/>
  <nd ref="777418204"/>
  <nd ref="777416485"/>
  <nd ref="777414803"/>
  <nd ref="777411532"/>
  <nd ref="777413001"/>
  <nd ref="777415468"/>
  <nd ref="777416381"/>
  <nd ref="777410832"/>
  <nd ref="777412846"/>
  <tag k="highway" v="service"/>
  <tag k="lit" v="yes"/>
 </way>
 <way id="62251732" visible="true" version="3" changeset="111704620" timestamp="2021-09-26T01:00:10Z" user="frasty" uid="549825">
  <nd ref="777411556"/>
  <nd ref="777418185"/>
  <nd ref="777414944"/>
  <nd ref="777416886"/>
  <nd ref="777415228"/>
  <nd ref="777411556"/>
  <tag k="amenity" v="parking"/>
  <tag k="name" v="P5"/>
  <tag k="parking" v="street_side"/>
  <tag k="ref" v="P5"/>
 </way>
 <way id="62251733" visible="true" version="3" changeset="111704620" timestamp="2021-09-26T01:00:10Z" user="frasty" uid="549825">
  <nd ref="777416662"/>
  <nd ref="777411954"/>
  <nd ref="777413882"/>
  <nd ref="777415813"/>
  <nd ref="777416662"/>
  <tag k="amenity" v="parking"/>
  <tag k="name" v="P2"/>
  <tag k="parking" v="street_side"/>
  <tag k="ref" v="P2"/>
 </way>
 <way id="62251734" visible="true" version="2" changeset="7227622" timestamp="2011-02-08T15:24:28Z" user="Stefano Salvador" uid="86130">
  <nd ref="777410937"/>
  <nd ref="777412957"/>
  <nd ref="777414699"/>
  <nd ref="777417942"/>
  <nd ref="777411564"/>
  <nd ref="777413516"/>
  <nd ref="777415507"/>
  <nd ref="777415653"/>
  <nd ref="777417424"/>
  <nd ref="777411128"/>
  <nd ref="777413064"/>
  <nd ref="777416395"/>
  <nd ref="777418121"/>
  <nd ref="777411850"/>
  <nd ref="777413693"/>
  <nd ref="777414019"/>
  <nd ref="777415879"/>
  <nd ref="777417684"/>
  <nd ref="777411302"/>
  <nd ref="777414912"/>
  <nd ref="777416583"/>
  <nd ref="777418292"/>
  <nd ref="777412013"/>
  <nd ref="777410937"/>
  <tag k="leisure" v="garden"/>
 </way>
 <way id="62251735" visible="true" version="3" changeset="160905058" timestamp="2025-01-02T12:36:43Z" user="darthravem" uid="2415747">
  <nd ref="9787112197"/>
  <nd ref="777415531"/>
  <tag k="highway" v="footway"/>
  <tag k="surface" v="grass"/>
 </way>
 <way id="62251736" visible="true" version="3" changeset="188027913" timestamp="2026-08-26T07:45:33Z" user="stefi96" uid="24462773">
  <nd ref="777411846"/>
  <nd ref="777415988"/>
  <nd ref="777414298"/>
  <nd ref="777412091"/>
  <nd ref="777411944"/>
  <nd ref="777418213"/>
  <nd ref="777416495"/>
  <nd ref="777414823"/>
  <nd ref="777411218"/>
  <nd ref="777410854"/>
  <nd ref="777412879"/>
  <nd ref="777417561"/>
  <nd ref="777417065"/>
  <nd ref="777414611"/>
  <nd ref="777411281"/>
  <nd ref="777414979"/>
  <nd ref="777413174"/>
  <nd ref="777413871"/>
  <nd ref="777411455"/>
  <nd ref="424495342"/>
  <nd ref="424495343"/>
  <nd ref="424495344"/>
  <nd ref="424495345"/>
  <nd ref="424495346"/>
  <nd ref="424495347"/>
  <nd ref="424495348"/>
  <nd ref="777413688"/>
  <nd ref="777411846"/>
  <tag k="area" v="yes"/>
  <tag k="highway" v="pedestrian"/>
  <tag k="parking:both" v="no"/>
  <tag k="surface" v="paving_stones"/>
 </way>
 <way id="62251737" visible="true" version="2" changeset="7227622" timestamp="2011-02-08T15:24:30Z" user="Stefano Salvador" uid="86130">
  <nd ref="777417214"/>
  <nd ref="777411526"/>
  <nd ref="777416810"/>
  <nd ref="777415135"/>
  <nd ref="777413271"/>
  <nd ref="777411315"/>
  <nd ref="777416122"/>
  <nd ref="777414444"/>
  <nd ref="777412435"/>
  <nd ref="777410695"/>
  <nd ref="777418313"/>
  <nd ref="777416595"/>
  <nd ref="777414919"/>
  <nd ref="777410901"/>
  <nd ref="777413078"/>
  <nd ref="777417700"/>
  <nd ref="777415906"/>
  <nd ref="777414033"/>
  <nd ref="777412033"/>
  <nd ref="777410818"/>
  <nd ref="424480796"/>
  <nd ref="424480797"/>
  <nd ref="777416990"/>
  <nd ref="777415357"/>
  <nd ref="777413412"/>
  <nd ref="777418003"/>
  <nd ref="777416259"/>
  <nd ref="777414578"/>
  <nd ref="777412832"/>
  <nd ref="777412133"/>
  <nd ref="777415548"/>
  <nd ref="777413556"/>
  <nd ref="777413373"/>
  <nd ref="777417214"/>
  <tag k="leisure" v="garden"/>
 </way>
 <way id="62251740" visible="true" version="1" changeset="5028742" timestamp="2010-06-19T23:26:11Z" user="damjang" uid="97922">
  <nd ref="777416473"/>
  <nd ref="777413505"/>
  <nd ref="777418110"/>
  <nd ref="777411232"/>
  <tag k="barrier" v="retaining_wall"/>
 </way>
 <way id="62251741" visible="true" version="3" changeset="111704620" timestamp="2021-09-26T01:00:10Z" user="frasty" uid="549825">
  <nd ref="777413560"/>
  <nd ref="777410976"/>
  <nd ref="777417209"/>
  <nd ref="777415561"/>
  <nd ref="777417229"/>
  <nd ref="777413560"/>
  <tag k="amenity" v="parking"/>
  <tag k="parking" v="street_side"/>
 </way>
 <way id="62251742" visible="true" version="1" changeset="5028742" timestamp="2010-06-19T23:26:11Z" user="damjang" uid="97922">
  <nd ref="424495174"/>
  <nd ref="777414659"/>
  <nd ref="777412923"/>
  <nd ref="777410907"/>
  <nd ref="777417135"/>
  <nd ref="777413657"/>
  <nd ref="777411829"/>
  <nd ref="777418083"/>
  <nd ref="777416370"/>
  <nd ref="777416159"/>
  <nd ref="777415226"/>
  <nd ref="777411334"/>
  <nd ref="424495174"/>
  <tag k="landuse" v="grass"/>
 </way>
 <way id="62251743" visible="true" version="2" changeset="7227622" timestamp="2011-02-08T15:24:18Z" user="Stefano Salvador" uid="86130">
  <nd ref="777414998"/>
  <nd ref="777418244"/>
  <nd ref="777411959"/>
  <nd ref="777413902"/>
  <nd ref="777415822"/>
  <nd ref="777416038"/>
  <nd ref="777417819"/>
  <nd ref="777411408"/>
  <nd ref="777413395"/>
  <nd ref="777416710"/>
  <nd ref="777410634"/>
  <nd ref="777412116"/>
  <nd ref="777414325"/>
  <nd ref="777414565"/>
  <nd ref="777416243"/>
  <nd ref="777417982"/>
  <nd ref="777411637"/>
  <nd ref="777414998"/>
  <tag k="leisure" v="garden"/>
 </way>
 <way id="62251744" visible="true" version="2" changeset="127325615" timestamp="2022-10-10T22:20:43Z" user="Gorka115" uid="9458168">
  <nd ref="777413300"/>
  <nd ref="777415164"/>
  <tag k="highway" v="service"/>
  <tag k="lit" v="yes"/>
  <tag k="surface" v="asphalt"/>
 </way>
 <way id="62251746" visible="true" version="10" changeset="148011362" timestamp="2024-02-28T12:26:26Z" user="darthravem" uid="2415747">
  <nd ref="777413156"/>
  <nd ref="777412437"/>
  <tag k="handrail" v="no"/>
  <tag k="highway" v="steps"/>
  <tag k="incline" v="up"/>
  <tag k="ramp" v="no"/>
  <tag k="step_count" v="6"/>
  <tag k="surface" v="wood"/>
  <tag k="tactile_paving" v="no"/>
 </way>
 <way id="62251747" visible="true" version="4" changeset="73104642" timestamp="2019-08-07T10:49:37Z" user="Alessandro Sgambati" uid="38061">
  <nd ref="777415501"/>
  <nd ref="777410748"/>
  <nd ref="777414512"/>
  <nd ref="2186149809"/>
  <nd ref="777416174"/>
  <nd ref="777412765"/>
  <nd ref="860300951"/>
  <nd ref="860300943"/>
  <nd ref="860300995"/>
  <nd ref="2186149756"/>
  <nd ref="2186149752"/>
  <nd ref="860300969"/>
  <nd ref="2186149742"/>
  <nd ref="2186149736"/>
  <nd ref="860300983"/>
  <nd ref="2186149719"/>
  <nd ref="2186149714"/>
  <nd ref="2186149711"/>
  <nd ref="860300956"/>
  <nd ref="2186149707"/>
  <nd ref="2186149705"/>
  <nd ref="860300948"/>
  <tag k="highway" v="track"/>
  <tag k="tracktype" v="grade3"/>
 </way>
 <way id="62251748" visible="true" version="2" changeset="116872557" timestamp="2022-02-01T15:03:02Z" user="TelespallaMel" uid="14979671">
  <nd ref="424495270"/>
  <nd ref="777417003"/>
  <nd ref="424495245"/>
  <nd ref="424495246"/>
  <nd ref="424495247"/>
  <nd ref="424495248"/>
  <nd ref="424495249"/>
  <nd ref="424495250"/>
  <nd ref="424495251"/>
  <nd ref="424495252"/>
  <nd ref="424495253"/>
  <nd ref="424495254"/>
  <nd ref="424495255"/>
  <nd ref="424495256"/>
  <nd ref="424495257"/>
  <nd ref="424495258"/>
  <nd ref="424495259"/>
  <nd ref="424495260"/>
  <nd ref="424495261"/>
  <nd ref="424495262"/>
  <nd ref="424495263"/>
  <nd ref="424495264"/>
  <nd ref="424495265"/>
  <nd ref="424495266"/>
  <nd ref="777418229"/>
  <nd ref="777416525"/>
  <nd ref="777413887"/>
  <nd ref="777413203"/>
  <nd ref="777411234"/>
  <nd ref="777411663"/>
  <nd ref="424495270"/>
  <tag k="building" v="office"/>
  <tag k="height" v="19 m"/>
  <tag k="it:fvg:ctrn:code" v="4AED"/>
  <tag k="it:fvg:ctrn:revision" v="1AM"/>
  <tag k="name" v="Edificio F3"/>
  <tag k="ref" v="F3"/>
 </way>
 <way id="62251750" visible="true" version="2" changeset="7227622" timestamp="2011-02-08T15:24:12Z" user="Stefano Salvador" uid="86130">
  <nd ref="777415590"/>
  <nd ref="777415626"/>
  <nd ref="777413607"/>
  <nd ref="777418205"/>
  <nd ref="777416488"/>
  <nd ref="777414807"/>
  <nd ref="777413002"/>
  <nd ref="777412847"/>
  <nd ref="777410834"/>
  <nd ref="777417008"/>
  <nd ref="777415404"/>
  <nd ref="777411769"/>
  <nd ref="777418019"/>
  <nd ref="777416284"/>
  <nd ref="777414598"/>
  <nd ref="777417832"/>
  <nd ref="777416046"/>
  <nd ref="777414329"/>
  <nd ref="777412121"/>
  <nd ref="777416977"/>
  <nd ref="777415590"/>
  <tag k="leisure" v="garden"/>
 </way>
 <way id="62251752" visible="true" version="2" changeset="7227622" timestamp="2011-02-08T15:24:29Z" user="Stefano Salvador" uid="86130">
  <nd ref="777418068"/>
  <nd ref="777417978"/>
  <nd ref="777410981"/>
  <nd ref="777413458"/>
  <nd ref="777415454"/>
  <nd ref="777417082"/>
  <nd ref="777410869"/>
  <nd ref="777411070"/>
  <nd ref="777413017"/>
  <nd ref="777414844"/>
  <nd ref="777416527"/>
  <nd ref="777411794"/>
  <nd ref="777413646"/>
  <nd ref="777415610"/>
  <nd ref="777417324"/>
  <nd ref="777410756"/>
  <nd ref="777418304"/>
  <nd ref="777417779"/>
  <nd ref="777414569"/>
  <nd ref="777416247"/>
  <nd ref="777416444"/>
  <nd ref="777411644"/>
  <nd ref="777415557"/>
  <nd ref="777413567"/>
  <nd ref="777418172"/>
  <nd ref="777410801"/>
  <nd ref="777411901"/>
  <nd ref="777413826"/>
  <nd ref="777417225"/>
  <nd ref="777410992"/>
  <nd ref="777412987"/>
  <nd ref="777414756"/>
  <nd ref="424495314"/>
  <nd ref="777418359"/>
  <nd ref="777412064"/>
  <nd ref="777418068"/>
  <tag k="leisure" v="garden"/>
 </way>
 <way id="62251753" visible="true" version="2" changeset="127325615" timestamp="2022-10-10T22:23:23Z" user="Gorka115" uid="9458168">
  <nd ref="777411468"/>
  <nd ref="777413449"/>
  <nd ref="777415430"/>
  <nd ref="777410689"/>
  <nd ref="777413931"/>
  <nd ref="777412416"/>
  <nd ref="777414435"/>
  <nd ref="777412000"/>
  <tag k="highway" v="service"/>
  <tag k="lit" v="yes"/>
  <tag k="surface" v="asphalt"/>
 </way>
 <way id="62251754" visible="true" version="2" changeset="127325615" timestamp="2022-10-10T22:23:26Z" user="Gorka115" uid="9458168">
  <nd ref="777412000"/>
  <nd ref="777418276"/>
  <nd ref="777415076"/>
  <nd ref="777413245"/>
  <nd ref="777411276"/>
  <nd ref="777417644"/>
  <tag k="highway" v="service"/>
  <tag k="lit" v="yes"/>
  <tag k="oneway" v="yes"/>
  <tag k="surface" v="asphalt"/>
 </way>
 <way id="62251755" visible="true" version="1" changeset="5028742" timestamp="2010-06-19T23:26:14Z" user="damjang" uid="97922">
  <nd ref="777414826"/>
  <nd ref="777413009"/>
  <nd ref="777411041"/>
  <nd ref="777410853"/>
  <nd ref="777417059"/>
  <nd ref="777415423"/>
  <nd ref="777413447"/>
  <nd ref="777418031"/>
  <nd ref="777416324"/>
  <nd ref="777414609"/>
  <nd ref="777414826"/>
  <tag k="landuse" v="grass"/>
 </way>
 <way id="62251756" visible="true" version="3" changeset="93412611" timestamp="2020-11-02T10:29:35Z" user="damjang" uid="97922">
  <nd ref="777411864"/>
  <nd ref="777411765"/>
  <nd ref="777415970"/>
  <nd ref="777412769"/>
  <nd ref="777410752"/>
  <nd ref="777416910"/>
  <nd ref="777415240"/>
  <nd ref="777414951"/>
  <nd ref="777413156"/>
  <nd ref="777411191"/>
  <nd ref="777417535"/>
  <nd ref="777414236"/>
  <nd ref="777412081"/>
  <nd ref="777410578"/>
  <nd ref="777416650"/>
  <nd ref="777416478"/>
  <nd ref="777414773"/>
  <nd ref="777412997"/>
  <nd ref="777413069"/>
  <nd ref="777414914"/>
  <nd ref="777416587"/>
  <nd ref="36263108"/>
  <nd ref="777413023"/>
  <nd ref="777415831"/>
  <nd ref="777411078"/>
  <nd ref="777414866"/>
  <nd ref="777412437"/>
  <nd ref="777413278"/>
  <nd ref="777412898"/>
  <nd ref="777411864"/>
  <tag k="leisure" v="garden"/>
 </way>
 <way id="62251757" visible="true" version="3" changeset="111704620" timestamp="2021-09-26T01:00:10Z" user="frasty" uid="549825">
  <nd ref="424495273"/>
  <nd ref="777415643"/>
  <nd ref="777413684"/>
  <nd ref="424495274"/>
  <nd ref="424495273"/>
  <tag k="amenity" v="parking"/>
  <tag k="parking" v="street_side"/>
 </way>
 <way id="62251759" visible="true" version="3" changeset="111704620" timestamp="2021-09-26T01:00:10Z" user="frasty" uid="549825">
  <nd ref="777413429"/>
  <nd ref="777415410"/>
  <nd ref="777417013"/>
  <nd ref="777416538"/>
  <nd ref="777413429"/>
  <tag k="amenity" v="parking"/>
  <tag k="parking" v="street_side"/>
 </way>
 <way id="62251760" visible="true" version="2" changeset="7227622" timestamp="2011-02-08T15:24:18Z" user="Stefano Salvador" uid="86130">
  <nd ref="777413372"/>
  <nd ref="777413182"/>
  <nd ref="777411227"/>
  <nd ref="777417573"/>
  <nd ref="777415815"/>
  <nd ref="777412109"/>
  <nd ref="777410605"/>
  <nd ref="777416679"/>
  <nd ref="777414988"/>
  <nd ref="777414833"/>
  <nd ref="777413013"/>
  <nd ref="777411047"/>
  <nd ref="777417305"/>
  <nd ref="777413880"/>
  <nd ref="777411952"/>
  <nd ref="777418222"/>
  <nd ref="777416518"/>
  <nd ref="777415220"/>
  <nd ref="777413313"/>
  <nd ref="777411358"/>
  <nd ref="777417763"/>
  <nd ref="777414500"/>
  <nd ref="777412749"/>
  <nd ref="777410741"/>
  <nd ref="777416878"/>
  <nd ref="777413372"/>
  <tag k="leisure" v="garden"/>
 </way>
 <way id="62251761" visible="true" version="2" changeset="160905058" timestamp="2025-01-02T12:35:38Z" user="darthravem" uid="2415747">
  <nd ref="777413856"/>
  <nd ref="777411311"/>
  <nd ref="777417838"/>
  <nd ref="777415901"/>
  <nd ref="777412419"/>
  <nd ref="777410692"/>
  <nd ref="777416805"/>
  <tag k="highway" v="footway"/>
  <tag k="lit" v="yes"/>
  <tag k="surface" v="paving_stones"/>
 </way>
 <way id="62251762" visible="true" version="2" changeset="127325615" timestamp="2022-10-10T22:20:46Z" user="Gorka115" uid="9458168">
  <nd ref="777410778"/>
  <nd ref="777417922"/>
  <nd ref="777410596"/>
  <nd ref="777416856"/>
  <nd ref="777413300"/>
  <tag k="highway" v="service"/>
  <tag k="lit" v="yes"/>
  <tag k="surface" v="asphalt"/>
 </way>
 <way id="62251763" visible="true" version="3" changeset="111704620" timestamp="2021-09-26T01:00:10Z" user="frasty" uid="549825">
  <nd ref="777418126"/>
  <nd ref="777415514"/>
  <nd ref="777416407"/>
  <nd ref="777414707"/>
  <nd ref="777418126"/>
  <tag k="amenity" v="parking"/>
  <tag k="parking" v="street_side"/>
 </way>
 <way id="62251764" visible="true" version="1" changeset="5028742" timestamp="2010-06-19T23:26:16Z" user="damjang" uid="97922">
  <nd ref="777410660"/>
  <nd ref="777416780"/>
  <nd ref="777415073"/>
  <nd ref="777413244"/>
  <nd ref="777417854"/>
  <nd ref="777416095"/>
  <nd ref="777414374"/>
  <nd ref="777412396"/>
  <nd ref="777411999"/>
  <nd ref="777418274"/>
  <nd ref="777416569"/>
  <nd ref="777414894"/>
  <nd ref="777410660"/>
  <tag k="landuse" v="grass"/>
 </way>
 <way id="62251767" visible="true" version="2" changeset="127325615" timestamp="2022-10-10T22:20:34Z" user="Gorka115" uid="9458168">
  <nd ref="777417633"/>
  <nd ref="777413924"/>
  <nd ref="430335889"/>
  <tag k="highway" v="service"/>
  <tag k="lit" v="yes"/>
  <tag k="surface" v="asphalt"/>
 </way>
 <way id="62251768" visible="true" version="3" changeset="111704620" timestamp="2021-09-26T01:00:10Z" user="frasty" uid="549825">
  <nd ref="777417490"/>
  <nd ref="777413682"/>
  <nd ref="777411841"/>
  <nd ref="777416573"/>
  <nd ref="777414898"/>
  <nd ref="777413056"/>
  <nd ref="777411103"/>
  <nd ref="777410926"/>
  <nd ref="777415079"/>
  <nd ref="777413246"/>
  <nd ref="777411278"/>
  <nd ref="777417674"/>
  <nd ref="777417414"/>
  <nd ref="777415642"/>
  <nd ref="777412002"/>
  <nd ref="777418279"/>
  <nd ref="777417490"/>
  <tag k="amenity" v="parking"/>
  <tag k="parking" v="street_side"/>
 </way>
 <way id="62251769" visible="true" version="2" changeset="7227622" timestamp="2011-02-08T15:24:56Z" user="Stefano Salvador" uid="86130">
  <nd ref="777413497"/>
  <nd ref="777415915"/>
  <nd ref="777417890"/>
  <nd ref="777416138"/>
  <nd ref="777414886"/>
  <nd ref="777413311"/>
  <nd ref="777416547"/>
  <nd ref="777418265"/>
  <nd ref="777411989"/>
  <nd ref="777411357"/>
  <nd ref="777417762"/>
  <nd ref="777415927"/>
  <nd ref="777412745"/>
  <nd ref="777417141"/>
  <nd ref="777410919"/>
  <nd ref="777410737"/>
  <nd ref="777416875"/>
  <nd ref="777415217"/>
  <nd ref="777413497"/>
  <tag k="area" v="yes"/>
  <tag k="surface" v="grass_paver"/>
 </way>
 <way id="62251770" visible="true" version="9" changeset="188027913" timestamp="2026-08-26T07:45:33Z" user="stefi96" uid="24462773">
  <nd ref="430335887"/>
  <nd ref="11343495422"/>
  <nd ref="7506648007"/>
  <nd ref="777411135"/>
  <nd ref="777415125"/>
  <nd ref="777413266"/>
  <nd ref="777416803"/>
  <nd ref="430335965"/>
  <nd ref="777410690"/>
  <nd ref="777415164"/>
  <nd ref="430335968"/>
  <nd ref="777412968"/>
  <nd ref="430335875"/>
  <tag k="hgv" v="no"/>
  <tag k="highway" v="unclassified"/>
  <tag k="lanes" v="1"/>
  <tag k="lit" v="yes"/>
  <tag k="noname" v="yes"/>
  <tag k="oneway" v="yes"/>
  <tag k="parking:left" v="no"/>
  <tag k="parking:right" v="separate"/>
  <tag k="surface" v="asphalt"/>
  <tag k="width" v="5"/>
 </way>
 <way id="62251772" visible="true" version="2" changeset="7227622" timestamp="2011-02-08T15:24:44Z" user="Stefano Salvador" uid="86130">
  <nd ref="777412402"/>
  <nd ref="777417259"/>
  <nd ref="777415592"/>
  <nd ref="777411927"/>
  <nd ref="777418207"/>
  <nd ref="777413427"/>
  <nd ref="777410665"/>
  <nd ref="424495176"/>
  <nd ref="424495179"/>
  <nd ref="424495178"/>
  <nd ref="777414809"/>
  <nd ref="777416490"/>
  <nd ref="777414600"/>
  <nd ref="777412866"/>
  <nd ref="777411279"/>
  <nd ref="777410836"/>
  <nd ref="777417011"/>
  <nd ref="777413609"/>
  <nd ref="777416335"/>
  <nd ref="777417308"/>
  <nd ref="777412884"/>
  <nd ref="777411771"/>
  <nd ref="777418021"/>
  <nd ref="777416286"/>
  <nd ref="777416101"/>
  <nd ref="777414381"/>
  <nd ref="777412402"/>
  <tag k="leisure" v="garden"/>
 </way>
 <way id="62251773" visible="true" version="3" changeset="111704620" timestamp="2021-09-26T01:00:10Z" user="frasty" uid="549825">
  <nd ref="777416279"/>
  <nd ref="777411134"/>
  <nd ref="777417432"/>
  <nd ref="777415675"/>
  <nd ref="777412844"/>
  <nd ref="777414595"/>
  <nd ref="777416279"/>
  <tag k="amenity" v="parking"/>
  <tag k="parking" v="street_side"/>
 </way>
 <way id="62251774" visible="true" version="3" changeset="111704620" timestamp="2021-09-26T01:00:10Z" user="frasty" uid="549825">
  <nd ref="777416335"/>
  <nd ref="777414617"/>
  <nd ref="777412884"/>
  <nd ref="777417308"/>
  <nd ref="777416335"/>
  <tag k="amenity" v="parking"/>
  <tag k="parking" v="street_side"/>
 </way>
 <way id="62251775" visible="true" version="3" changeset="111704620" timestamp="2021-09-26T01:00:10Z" user="frasty" uid="549825">
  <nd ref="777414218"/>
  <nd ref="777415765"/>
  <nd ref="777417556"/>
  <nd ref="777413005"/>
  <nd ref="777414816"/>
  <nd ref="777416493"/>
  <nd ref="777418210"/>
  <nd ref="777410593"/>
  <nd ref="777414218"/>
  <tag k="amenity" v="parking"/>
  <tag k="name" v="P3"/>
  <tag k="parking" v="street_side"/>
  <tag k="ref" v="P3"/>
 </way>
 <way id="62251777" visible="true" version="3" changeset="111704620" timestamp="2021-09-26T01:00:10Z" user="frasty" uid="549825">
  <nd ref="777417065"/>
  <nd ref="777416144"/>
  <nd ref="777413624"/>
  <nd ref="777411187"/>
  <nd ref="777414611"/>
  <nd ref="777417065"/>
  <tag k="amenity" v="parking"/>
  <tag k="parking" v="street_side"/>
 </way>
 <way id="62251778" visible="true" version="3" changeset="188027913" timestamp="2026-08-26T07:45:33Z" user="stefi96" uid="24462773">
  <nd ref="424480804"/>
  <nd ref="777413591"/>
  <nd ref="777417516"/>
  <nd ref="777415737"/>
  <nd ref="777413834"/>
  <nd ref="777417678"/>
  <nd ref="777413624"/>
  <nd ref="777411187"/>
  <nd ref="777414611"/>
  <nd ref="777411281"/>
  <nd ref="777411001"/>
  <nd ref="777411911"/>
  <nd ref="777416645"/>
  <nd ref="777417242"/>
  <nd ref="777414946"/>
  <nd ref="777415567"/>
  <nd ref="777413856"/>
  <nd ref="777413150"/>
  <nd ref="424480803"/>
  <nd ref="777417696"/>
  <nd ref="424480802"/>
  <nd ref="424480813"/>
  <nd ref="424480812"/>
  <nd ref="424480811"/>
  <nd ref="424480810"/>
  <nd ref="424480809"/>
  <nd ref="424480808"/>
  <nd ref="424480807"/>
  <nd ref="424480806"/>
  <nd ref="424480805"/>
  <nd ref="424480804"/>
  <tag k="area" v="yes"/>
  <tag k="highway" v="pedestrian"/>
  <tag k="parking:both" v="no"/>
 </way>
 <way id="62251779" visible="true" version="3" changeset="111704620" timestamp="2021-09-26T01:00:10Z" user="frasty" uid="549825">
  <nd ref="777411983"/>
  <nd ref="777414881"/>
  <nd ref="777413032"/>
  <nd ref="777411085"/>
  <nd ref="777411983"/>
  <tag k="amenity" v="parking"/>
  <tag k="parking" v="street_side"/>
 </way>
 <way id="62251780" visible="true" version="2" changeset="122720377" timestamp="2022-06-22T16:58:30Z" user="darthravem" uid="2415747">
  <nd ref="424495278"/>
  <nd ref="777415574"/>
  <nd ref="424495194"/>
  <nd ref="424495195"/>
  <nd ref="424495196"/>
  <nd ref="777413600"/>
  <nd ref="424495228"/>
  <nd ref="424495229"/>
  <nd ref="424495230"/>
  <nd ref="424495231"/>
  <nd ref="777413419"/>
  <nd ref="777411446"/>
  <nd ref="777417851"/>
  <nd ref="777416091"/>
  <nd ref="777412840"/>
  <nd ref="777410829"/>
  <nd ref="424495244"/>
  <nd ref="424495245"/>
  <nd ref="777417003"/>
  <nd ref="424495270"/>
  <nd ref="424495271"/>
  <nd ref="424495272"/>
  <nd ref="424495273"/>
  <nd ref="424495274"/>
  <nd ref="777413684"/>
  <nd ref="424495275"/>
  <nd ref="424495276"/>
  <nd ref="777413934"/>
  <nd ref="424495278"/>
  <tag k="building" v="office"/>
  <tag k="height" v="19 m"/>
  <tag k="it:fvg:ctrn:code" v="4AED"/>
  <tag k="it:fvg:ctrn:revision" v="1AM"/>
  <tag k="name" v="Edificio F"/>
  <tag k="ref" v="F"/>
 </way>
 <way id="62251781" visible="true" version="3" changeset="111704620" timestamp="2021-09-26T01:00:10Z" user="frasty" uid="549825">
  <nd ref="777417494"/>
  <nd ref="777416890"/>
  <nd ref="777413507"/>
  <nd ref="777415194"/>
  <nd ref="777413304"/>
  <nd ref="777411350"/>
  <nd ref="777417758"/>
  <nd ref="777417494"/>
  <tag k="amenity" v="parking"/>
  <tag k="capacity:bus" v="1"/>
  <tag k="parking" v="street_side"/>
 </way>
 <way id="62251782" visible="true" version="3" changeset="111704620" timestamp="2021-09-26T01:00:10Z" user="frasty" uid="549825">
  <nd ref="777415551"/>
  <nd ref="777414718"/>
  <nd ref="777414340"/>
  <nd ref="777412127"/>
  <nd ref="777410643"/>
  <nd ref="777415551"/>
  <tag k="amenity" v="parking"/>
  <tag k="parking" v="street_side"/>
 </way>
 <way id="62251783" visible="true" version="3" changeset="111704620" timestamp="2021-09-26T01:00:10Z" user="frasty" uid="549825">
  <nd ref="777414671"/>
  <nd ref="777416246"/>
  <nd ref="777411374"/>
  <nd ref="777417795"/>
  <nd ref="777415982"/>
  <nd ref="777414290"/>
  <nd ref="777410773"/>
  <nd ref="777416928"/>
  <nd ref="777415261"/>
  <nd ref="777413357"/>
  <nd ref="777413168"/>
  <nd ref="777411213"/>
  <nd ref="777417553"/>
  <nd ref="777415763"/>
  <nd ref="777412088"/>
  <nd ref="777412394"/>
  <nd ref="777410658"/>
  <nd ref="777418273"/>
  <nd ref="777416568"/>
  <nd ref="777414893"/>
  <nd ref="777413050"/>
  <nd ref="777417639"/>
  <nd ref="777415863"/>
  <nd ref="777413927"/>
  <nd ref="777411997"/>
  <nd ref="777411836"/>
  <nd ref="777418086"/>
  <nd ref="777416378"/>
  <nd ref="777414671"/>
  <tag k="amenity" v="parking"/>
  <tag k="name" v="P2"/>
  <tag k="parking" v="street_side"/>
  <tag k="ref" v="P2"/>
 </way>
 <way id="62251785" visible="true" version="2" changeset="98324325" timestamp="2021-01-28T23:30:37Z" user="damjang" uid="97922">
  <nd ref="777416433"/>
  <nd ref="777418161"/>
  <nd ref="777411879"/>
  <nd ref="777412051"/>
  <nd ref="8373576256"/>
  <nd ref="777414192"/>
  <nd ref="777416433"/>
  <tag k="landuse" v="grass"/>
 </way>
 <way id="62251786" visible="true" version="2" changeset="5032067" timestamp="2010-06-20T11:33:38Z" user="damjang" uid="97922">
  <nd ref="777411468"/>
  <nd ref="777417878"/>
  <nd ref="777416464"/>
  <nd ref="777414757"/>
  <nd ref="777412988"/>
  <tag k="highway" v="service"/>
  <tag k="lit" v="yes"/>
 </way>
 <way id="62251787" visible="true" version="2" changeset="127325615" timestamp="2022-10-10T22:24:00Z" user="Gorka115" uid="9458168">
  <nd ref="777411832"/>
  <nd ref="777411393"/>
  <nd ref="777415579"/>
  <nd ref="777416212"/>
  <tag k="highway" v="service"/>
  <tag k="lit" v="yes"/>
  <tag k="surface" v="asphalt"/>
 </way>
 <way id="62251789" visible="true" version="1" changeset="5028742" timestamp="2010-06-19T23:26:20Z" user="damjang" uid="97922">
  <nd ref="777415407"/>
  <nd ref="777411527"/>
  <nd ref="777415192"/>
  <nd ref="777411029"/>
  <nd ref="777416862"/>
  <tag k="barrier" v="retaining_wall"/>
 </way>
 <way id="62251790" visible="true" version="1" changeset="5028742" timestamp="2010-06-19T23:26:20Z" user="damjang" uid="97922">
  <nd ref="777413496"/>
  <nd ref="777411531"/>
  <nd ref="777411355"/>
  <nd ref="777417761"/>
  <nd ref="777415926"/>
  <nd ref="777414210"/>
  <nd ref="777410735"/>
  <nd ref="777416872"/>
  <nd ref="777415214"/>
  <nd ref="777413310"/>
  <nd ref="777413126"/>
  <nd ref="777411176"/>
  <nd ref="777417500"/>
  <nd ref="777415726"/>
  <nd ref="777413496"/>
  <tag k="landuse" v="grass"/>
 </way>
 <way id="62251791" visible="true" version="1" changeset="5028742" timestamp="2010-06-19T23:26:21Z" user="damjang" uid="97922">
  <nd ref="777417229"/>
  <nd ref="777415561"/>
  <nd ref="777415347"/>
  <nd ref="777413404"/>
  <nd ref="777411416"/>
  <nd ref="777417837"/>
  <nd ref="777414575"/>
  <nd ref="777412828"/>
  <nd ref="777410805"/>
  <nd ref="777416985"/>
  <nd ref="777416720"/>
  <nd ref="777415008"/>
  <nd ref="777413212"/>
  <nd ref="777411253"/>
  <nd ref="777416050"/>
  <nd ref="777414340"/>
  <nd ref="777412127"/>
  <nd ref="777410643"/>
  <nd ref="777415551"/>
  <nd ref="777412977"/>
  <nd ref="777416616"/>
  <nd ref="777413560"/>
  <nd ref="777417229"/>
  <tag k="landuse" v="grass"/>
 </way>
 <way id="62251792" visible="true" version="1" changeset="5028742" timestamp="2010-06-19T23:26:21Z" user="damjang" uid="97922">
  <nd ref="777412984"/>
  <nd ref="777414751"/>
  <nd ref="777416438"/>
  <nd ref="777418168"/>
  <nd ref="777412984"/>
  <tag k="landuse" v="grass"/>
 </way>
 <way id="62251793" visible="true" version="2" changeset="5032067" timestamp="2010-06-20T11:33:38Z" user="damjang" uid="97922">
  <nd ref="777416212"/>
  <nd ref="777411307"/>
  <tag k="covered" v="yes"/>
  <tag k="highway" v="service"/>
  <tag k="lit" v="yes"/>
 </way>
 <way id="62251795" visible="true" version="2" changeset="7227622" timestamp="2011-02-08T15:24:14Z" user="Stefano Salvador" uid="86130">
  <nd ref="777410582"/>
  <nd ref="777416653"/>
  <nd ref="777414952"/>
  <nd ref="777413159"/>
  <nd ref="777417786"/>
  <nd ref="777415973"/>
  <nd ref="777414240"/>
  <nd ref="777412083"/>
  <nd ref="777411918"/>
  <nd ref="777418198"/>
  <nd ref="777416480"/>
  <nd ref="777414776"/>
  <nd ref="777411193"/>
  <nd ref="777417541"/>
  <nd ref="777415744"/>
  <nd ref="777413858"/>
  <nd ref="777413598"/>
  <nd ref="777411665"/>
  <nd ref="777418012"/>
  <nd ref="777416277"/>
  <nd ref="777412998"/>
  <nd ref="777411016"/>
  <nd ref="777417249"/>
  <nd ref="777415576"/>
  <nd ref="777415390"/>
  <nd ref="777413420"/>
  <nd ref="777411444"/>
  <nd ref="777417852"/>
  <nd ref="777414591"/>
  <nd ref="777412842"/>
  <nd ref="777410827"/>
  <nd ref="777417001"/>
  <nd ref="777416752"/>
  <nd ref="777415070"/>
  <nd ref="777413232"/>
  <nd ref="777411272"/>
  <nd ref="777416094"/>
  <nd ref="777414372"/>
  <nd ref="777412394"/>
  <nd ref="777410658"/>
  <nd ref="777418273"/>
  <nd ref="777416568"/>
  <nd ref="777414893"/>
  <nd ref="777413050"/>
  <nd ref="777417639"/>
  <nd ref="777415863"/>
  <nd ref="777413927"/>
  <nd ref="777411997"/>
  <nd ref="777411836"/>
  <nd ref="777418086"/>
  <nd ref="777416378"/>
  <nd ref="777414671"/>
  <nd ref="777411098"/>
  <nd ref="777417407"/>
  <nd ref="777415636"/>
  <nd ref="777413677"/>
  <nd ref="777413499"/>
  <nd ref="777411534"/>
  <nd ref="777417924"/>
  <nd ref="777416167"/>
  <nd ref="777412941"/>
  <nd ref="777410582"/>
  <tag k="leisure" v="garden"/>
 </way>
 <way id="62251796" visible="true" version="1" changeset="5028742" timestamp="2010-06-19T23:26:22Z" user="damjang" uid="97922">
  <nd ref="777412976"/>
  <nd ref="777418375"/>
  <tag k="highway" v="service"/>
 </way>
 <way id="62251799" visible="true" version="3" changeset="111704620" timestamp="2021-09-26T01:00:10Z" user="frasty" uid="549825">
  <nd ref="777412825"/>
  <nd ref="777417227"/>
  <nd ref="777415559"/>
  <nd ref="777413568"/>
  <nd ref="777412825"/>
  <tag k="amenity" v="parking"/>
  <tag k="parking" v="street_side"/>
 </way>
 <way id="62251800" visible="true" version="2" changeset="127325615" timestamp="2022-10-10T22:19:47Z" user="Gorka115" uid="9458168">
  <nd ref="777417067"/>
  <nd ref="777413228"/>
  <nd ref="777411268"/>
  <tag k="highway" v="service"/>
  <tag k="lit" v="yes"/>
  <tag k="surface" v="asphalt"/>
 </way>
 <way id="62251802" visible="true" version="7" changeset="188027913" timestamp="2026-08-26T07:45:33Z" user="stefi96" uid="24462773">
  <nd ref="777418365"/>
  <nd ref="777416333"/>
  <nd ref="430335931"/>
  <nd ref="777413656"/>
  <nd ref="777414884"/>
  <nd ref="430335933"/>
  <nd ref="777411987"/>
  <nd ref="777413919"/>
  <nd ref="430335934"/>
  <nd ref="777416737"/>
  <nd ref="777415054"/>
  <nd ref="430335936"/>
  <nd ref="777415854"/>
  <nd ref="430335938"/>
  <nd ref="777417626"/>
  <nd ref="430335939"/>
  <nd ref="777413414"/>
  <nd ref="777415363"/>
  <nd ref="777416629"/>
  <nd ref="777412137"/>
  <nd ref="777416066"/>
  <nd ref="430335941"/>
  <tag k="highway" v="unclassified"/>
  <tag k="lanes" v="1"/>
  <tag k="lit" v="yes"/>
  <tag k="noname" v="yes"/>
  <tag k="oneway" v="yes"/>
  <tag k="parking:both" v="no"/>
  <tag k="source:width" v="ARCore"/>
  <tag k="surface" v="asphalt"/>
  <tag k="width" v="4"/>
 </way>
 <way id="62251803" visible="true" version="3" changeset="111704620" timestamp="2021-09-26T01:00:10Z" user="frasty" uid="549825">
  <nd ref="424495311"/>
  <nd ref="777412074"/>
  <nd ref="777413655"/>
  <nd ref="777411825"/>
  <nd ref="777416543"/>
  <nd ref="424495311"/>
  <tag k="amenity" v="parking"/>
  <tag k="parking" v="street_side"/>
 </way>
 <way id="62251804" visible="true" version="2" changeset="127325615" timestamp="2022-10-10T22:23:53Z" user="Gorka115" uid="9458168">
  <nd ref="777415400"/>
  <nd ref="777411767"/>
  <nd ref="777418017"/>
  <nd ref="777416282"/>
  <nd ref="777414596"/>
  <nd ref="777418108"/>
  <tag k="highway" v="service"/>
  <tag k="lit" v="yes"/>
  <tag k="surface" v="asphalt"/>
 </way>
 <way id="62251805" visible="true" version="3" changeset="111704620" timestamp="2021-09-26T01:00:10Z" user="frasty" uid="549825">
  <nd ref="777413589"/>
  <nd ref="777411655"/>
  <nd ref="777416471"/>
  <nd ref="777415735"/>
  <nd ref="777413589"/>
  <tag k="amenity" v="parking"/>
  <tag k="name" v="P5"/>
  <tag k="parking" v="street_side"/>
  <tag k="ref" v="P5"/>
 </way>
 <way id="62251806" visible="true" version="2" changeset="7227622" timestamp="2011-02-08T15:24:10Z" user="Stefano Salvador" uid="86130">
  <nd ref="777416662"/>
  <nd ref="777414974"/>
  <nd ref="777414813"/>
  <nd ref="777413004"/>
  <nd ref="777411031"/>
  <nd ref="777417260"/>
  <nd ref="777413866"/>
  <nd ref="777411929"/>
  <nd ref="777418208"/>
  <nd ref="777416491"/>
  <nd ref="777416315"/>
  <nd ref="777414601"/>
  <nd ref="777412868"/>
  <nd ref="777410838"/>
  <nd ref="777415594"/>
  <nd ref="777413611"/>
  <nd ref="777411773"/>
  <nd ref="777418023"/>
  <nd ref="777417862"/>
  <nd ref="777416102"/>
  <nd ref="777414398"/>
  <nd ref="777417152"/>
  <nd ref="777412403"/>
  <nd ref="777411843"/>
  <nd ref="777415606"/>
  <nd ref="777417013"/>
  <nd ref="777415410"/>
  <nd ref="777413429"/>
  <nd ref="777416538"/>
  <nd ref="777414377"/>
  <nd ref="777413174"/>
  <nd ref="777414979"/>
  <nd ref="777411281"/>
  <nd ref="777411001"/>
  <nd ref="777411911"/>
  <nd ref="777416645"/>
  <nd ref="777417242"/>
  <nd ref="777414946"/>
  <nd ref="777415567"/>
  <nd ref="777413856"/>
  <nd ref="777413150"/>
  <nd ref="424480804"/>
  <nd ref="777413591"/>
  <nd ref="777417516"/>
  <nd ref="777415737"/>
  <nd ref="777413834"/>
  <nd ref="777417678"/>
  <nd ref="777415872"/>
  <nd ref="777414005"/>
  <nd ref="777410667"/>
  <nd ref="777416789"/>
  <nd ref="777418309"/>
  <nd ref="777415085"/>
  <nd ref="777413248"/>
  <nd ref="777413059"/>
  <nd ref="777411121"/>
  <nd ref="777417417"/>
  <nd ref="777415645"/>
  <nd ref="777412006"/>
  <nd ref="777418286"/>
  <nd ref="777416576"/>
  <nd ref="777414902"/>
  <nd ref="777414692"/>
  <nd ref="777412951"/>
  <nd ref="777410929"/>
  <nd ref="777417153"/>
  <nd ref="777413686"/>
  <nd ref="777411844"/>
  <nd ref="777411260"/>
  <nd ref="777413221"/>
  <nd ref="777418262"/>
  <nd ref="777418113"/>
  <nd ref="777416387"/>
  <nd ref="777414709"/>
  <nd ref="777414989"/>
  <nd ref="777413198"/>
  <nd ref="424495201"/>
  <nd ref="777410868"/>
  <nd ref="424495202"/>
  <nd ref="424495203"/>
  <nd ref="424495204"/>
  <nd ref="424495205"/>
  <nd ref="424495206"/>
  <nd ref="424495207"/>
  <nd ref="424495208"/>
  <nd ref="424495209"/>
  <nd ref="424495210"/>
  <nd ref="424495211"/>
  <nd ref="777417079"/>
  <nd ref="777417321"/>
  <nd ref="777411055"/>
  <nd ref="777413016"/>
  <nd ref="777414842"/>
  <nd ref="424495217"/>
  <nd ref="777418066"/>
  <nd ref="424495218"/>
  <nd ref="424495220"/>
  <nd ref="777415704"/>
  <nd ref="777415599"/>
  <nd ref="777415922"/>
  <nd ref="424495224"/>
  <nd ref="424495225"/>
  <nd ref="777414200"/>
  <nd ref="777412057"/>
  <nd ref="777418352"/>
  <nd ref="777416624"/>
  <nd ref="777413301"/>
  <nd ref="777411335"/>
  <nd ref="777417756"/>
  <nd ref="777413820"/>
  <nd ref="777417268"/>
  <nd ref="777418028"/>
  <nd ref="777411896"/>
  <nd ref="777418167"/>
  <nd ref="777414932"/>
  <nd ref="777413119"/>
  <nd ref="777411169"/>
  <nd ref="777417492"/>
  <nd ref="777417223"/>
  <nd ref="777415556"/>
  <nd ref="777413563"/>
  <nd ref="777411640"/>
  <nd ref="777416443"/>
  <nd ref="777414749"/>
  <nd ref="777411571"/>
  <nd ref="777412986"/>
  <nd ref="777410986"/>
  <nd ref="777410795"/>
  <nd ref="777416959"/>
  <nd ref="777415328"/>
  <nd ref="777413379"/>
  <nd ref="777417981"/>
  <nd ref="777416241"/>
  <nd ref="777414564"/>
  <nd ref="777412818"/>
  <nd ref="777412120"/>
  <nd ref="777410617"/>
  <nd ref="777416707"/>
  <nd ref="777414995"/>
  <nd ref="777411411"/>
  <nd ref="777417817"/>
  <nd ref="777416043"/>
  <nd ref="777414322"/>
  <nd ref="777411961"/>
  <nd ref="777417576"/>
  <nd ref="777417005"/>
  <nd ref="777414314"/>
  <nd ref="777412111"/>
  <nd ref="777410607"/>
  <nd ref="777416700"/>
  <nd ref="777416519"/>
  <nd ref="777414834"/>
  <nd ref="777413012"/>
  <nd ref="777411049"/>
  <nd ref="777415813"/>
  <nd ref="777413882"/>
  <nd ref="777411954"/>
  <nd ref="777416662"/>
  <tag k="leisure" v="garden"/>
 </way>
 <way id="62251811" visible="true" version="1" changeset="5028742" timestamp="2010-06-19T23:26:26Z" user="damjang" uid="97922">
  <nd ref="424480734"/>
  <nd ref="424480748"/>
  <nd ref="424480749"/>
  <nd ref="424480750"/>
  <nd ref="424480751"/>
  <nd ref="777410706"/>
  <nd ref="777414489"/>
  <nd ref="424480752"/>
  <nd ref="424480753"/>
  <nd ref="424480728"/>
  <nd ref="424480729"/>
  <nd ref="424480730"/>
  <nd ref="424480731"/>
  <nd ref="424480732"/>
  <nd ref="424480733"/>
  <nd ref="424480734"/>
  <tag k="building" v="yes"/>
  <tag k="height" v="8 m"/>
  <tag k="it:fvg:ctrn:code" v="4AED"/>
  <tag k="it:fvg:ctrn:revision" v="1A0"/>
  <tag k="name" v="Edificio H"/>
  <tag k="ref" v="H"/>
 </way>
 <way id="62251813" visible="true" version="3" changeset="111704620" timestamp="2021-09-26T01:00:10Z" user="frasty" uid="549825">
  <nd ref="777416616"/>
  <nd ref="777414924"/>
  <nd ref="777413105"/>
  <nd ref="777412977"/>
  <nd ref="777416616"/>
  <tag k="amenity" v="parking"/>
  <tag k="parking" v="street_side"/>
 </way>
 <way id="62251814" visible="true" version="3" changeset="111704620" timestamp="2021-09-26T01:00:10Z" user="frasty" uid="549825">
  <nd ref="777414206"/>
  <nd ref="777413306"/>
  <nd ref="777411351"/>
  <nd ref="777411173"/>
  <nd ref="777414206"/>
  <tag k="amenity" v="parking"/>
  <tag k="parking" v="street_side"/>
 </way>
 <way id="62251815" visible="true" version="2" changeset="7227622" timestamp="2011-02-08T15:24:17Z" user="Stefano Salvador" uid="86130">
  <nd ref="777415331"/>
  <nd ref="777416972"/>
  <nd ref="777410797"/>
  <nd ref="777412820"/>
  <nd ref="777415331"/>
  <tag k="leisure" v="garden"/>
 </way>
 <way id="62251817" visible="true" version="2" changeset="139244196" timestamp="2023-07-31T09:27:40Z" user="darthravem" uid="2415747">
  <nd ref="424480765"/>
  <nd ref="424480760"/>
  <nd ref="424480761"/>
  <nd ref="424480762"/>
  <nd ref="777417093"/>
  <nd ref="424480763"/>
  <nd ref="424480764"/>
  <nd ref="424480765"/>
  <tag k="building" v="office"/>
  <tag k="height" v="11 m"/>
  <tag k="it:fvg:ctrn:code" v="4AED"/>
  <tag k="it:fvg:ctrn:revision" v="1A0"/>
  <tag k="name" v="Edificio L1"/>
  <tag k="ref" v="L1"/>
 </way>
 <way id="62251818" visible="true" version="2" changeset="7227622" timestamp="2011-02-08T15:24:19Z" user="Stefano Salvador" uid="86130">
  <nd ref="777417887"/>
  <nd ref="777416124"/>
  <nd ref="777413491"/>
  <nd ref="777410680"/>
  <nd ref="777416792"/>
  <nd ref="777410729"/>
  <nd ref="777417887"/>
  <tag k="leisure" v="garden"/>
 </way>
 <way id="62251819" visible="true" version="2" changeset="7227622" timestamp="2011-02-08T15:24:49Z" user="Stefano Salvador" uid="86130">
  <nd ref="777415232"/>
  <nd ref="777413431"/>
  <nd ref="777414935"/>
  <nd ref="777414363"/>
  <nd ref="777416627"/>
  <nd ref="777418357"/>
  <nd ref="777412062"/>
  <nd ref="777415724"/>
  <nd ref="777417497"/>
  <nd ref="777411175"/>
  <nd ref="777413124"/>
  <nd ref="777413308"/>
  <nd ref="777415200"/>
  <nd ref="777416869"/>
  <nd ref="777410733"/>
  <nd ref="777414209"/>
  <nd ref="777415925"/>
  <nd ref="777417760"/>
  <nd ref="777411353"/>
  <nd ref="777411530"/>
  <nd ref="777413494"/>
  <nd ref="777415476"/>
  <nd ref="777417137"/>
  <nd ref="777412742"/>
  <nd ref="777414492"/>
  <nd ref="777416161"/>
  <nd ref="777417918"/>
  <nd ref="777418084"/>
  <nd ref="777411831"/>
  <nd ref="777413658"/>
  <nd ref="777415631"/>
  <nd ref="777410908"/>
  <nd ref="777412925"/>
  <nd ref="777414661"/>
  <nd ref="777416372"/>
  <nd ref="777416563"/>
  <nd ref="777418267"/>
  <nd ref="777411990"/>
  <nd ref="777413922"/>
  <nd ref="777417370"/>
  <nd ref="777411092"/>
  <nd ref="777413047"/>
  <nd ref="777414887"/>
  <nd ref="777415059"/>
  <nd ref="777416743"/>
  <nd ref="777410653"/>
  <nd ref="777412139"/>
  <nd ref="777415858"/>
  <nd ref="777417630"/>
  <nd ref="777411266"/>
  <nd ref="777413226"/>
  <nd ref="777413415"/>
  <nd ref="777415365"/>
  <nd ref="777416998"/>
  <nd ref="777410823"/>
  <nd ref="777415232"/>
  <tag k="leisure" v="garden"/>
 </way>
 <way id="62251820" visible="true" version="1" changeset="5028742" timestamp="2010-06-19T23:26:30Z" user="damjang" uid="97922">
  <nd ref="777414497"/>
  <nd ref="777416164"/>
  <nd ref="424480771"/>
  <tag k="covered" v="yes"/>
  <tag k="highway" v="service"/>
  <tag k="lit" v="yes"/>
 </way>
 <way id="62251821" visible="true" version="5" changeset="127325615" timestamp="2022-10-10T22:20:06Z" user="Gorka115" uid="9458168">
  <nd ref="777411913"/>
  <nd ref="430335975"/>
  <nd ref="777416475"/>
  <nd ref="430335976"/>
  <nd ref="430335978"/>
  <nd ref="777414769"/>
  <nd ref="777418184"/>
  <nd ref="430335980"/>
  <nd ref="777411913"/>
  <tag k="highway" v="service"/>
  <tag k="lit" v="yes"/>
  <tag k="oneway" v="yes"/>
  <tag k="service" v="parking_aisle"/>
  <tag k="surface" v="asphalt"/>
 </way>
 <way id="62251822" visible="true" version="1" changeset="5028742" timestamp="2010-06-19T23:26:31Z" user="damjang" uid="97922">
  <nd ref="777410889"/>
  <nd ref="777417090"/>
  <nd ref="777413648"/>
  <nd ref="777416062"/>
  <nd ref="777411798"/>
  <nd ref="777418072"/>
  <nd ref="777416347"/>
  <nd ref="777416142"/>
  <nd ref="777414453"/>
  <nd ref="777412723"/>
  <nd ref="777410704"/>
  <nd ref="777415459"/>
  <nd ref="424480766"/>
  <nd ref="777413464"/>
  <nd ref="777410889"/>
  <tag k="landuse" v="grass"/>
 </way>
 <way id="62251823" visible="true" version="3" changeset="111704620" timestamp="2021-09-26T01:00:10Z" user="frasty" uid="549825">
  <nd ref="777417214"/>
  <nd ref="777415548"/>
  <nd ref="777413556"/>
  <nd ref="777413373"/>
  <nd ref="777417214"/>
  <tag k="amenity" v="parking"/>
  <tag k="parking" v="street_side"/>
 </way>
 <way id="62251824" visible="true" version="3" changeset="98324325" timestamp="2021-01-28T23:30:37Z" user="damjang" uid="97922">
  <nd ref="430335994"/>
  <nd ref="777415472"/>
  <nd ref="777412922"/>
  <nd ref="777418082"/>
  <nd ref="777416368"/>
  <nd ref="777414657"/>
  <nd ref="777414468"/>
  <nd ref="777413362"/>
  <nd ref="777417134"/>
  <nd ref="777410905"/>
  <nd ref="430335985"/>
  <nd ref="8373576252"/>
  <nd ref="777414300"/>
  <nd ref="777417803"/>
  <nd ref="777415989"/>
  <nd ref="430335994"/>
  <tag k="leisure" v="garden"/>
 </way>
 <way id="62251825" visible="true" version="2" changeset="116865104" timestamp="2022-02-01T11:52:26Z" user="TelespallaMel" uid="14979671">
  <nd ref="777413503"/>
  <nd ref="777415866"/>
  <nd ref="777416097"/>
  <nd ref="777417857"/>
  <nd ref="777411450"/>
  <nd ref="777413422"/>
  <nd ref="777416782"/>
  <nd ref="777410661"/>
  <nd ref="777412398"/>
  <nd ref="777416726"/>
  <nd ref="777414377"/>
  <tag k="highway" v="service"/>
  <tag k="lit" v="yes"/>
  <tag k="surface" v="asphalt"/>
 </way>
 <way id="62251826" visible="true" version="3" changeset="116872465" timestamp="2022-02-01T15:00:22Z" user="TelespallaMel" uid="14979671">
  <nd ref="430335933"/>
  <nd ref="430335905"/>
  <tag k="highway" v="service"/>
  <tag k="lit" v="yes"/>
  <tag k="surface" v="asphalt"/>
 </way>
 <way id="62251827" visible="true" version="1" changeset="5028742" timestamp="2010-06-19T23:26:31Z" user="damjang" uid="97922">
  <nd ref="424480736"/>
  <nd ref="777413264"/>
  <nd ref="777416345"/>
  <nd ref="777414641"/>
  <nd ref="777414450"/>
  <nd ref="777412720"/>
  <nd ref="424480730"/>
  <nd ref="424480729"/>
  <nd ref="777410701"/>
  <nd ref="777415911"/>
  <nd ref="777418350"/>
  <nd ref="777416818"/>
  <nd ref="777411325"/>
  <nd ref="424480737"/>
  <nd ref="424480736"/>
  <tag k="building" v="yes"/>
  <tag k="name" v="Edificio GHN"/>
  <tag k="ref" v="GHN"/>
 </way>
 <way id="62251828" visible="true" version="1" changeset="5028742" timestamp="2010-06-19T23:26:31Z" user="damjang" uid="97922">
  <nd ref="777417437"/>
  <nd ref="777413696"/>
  <tag k="highway" v="footway"/>
  <tag k="lit" v="yes"/>
 </way>
 <way id="62251829" visible="true" version="2" changeset="116865550" timestamp="2022-02-01T12:03:44Z" user="TelespallaMel" uid="14979671">
  <nd ref="777416805"/>
  <nd ref="777415128"/>
  <nd ref="777414917"/>
  <nd ref="777413075"/>
  <nd ref="777411137"/>
  <nd ref="777417437"/>
  <nd ref="777414028"/>
  <nd ref="777412029"/>
  <nd ref="777418309"/>
  <tag k="highway" v="footway"/>
  <tag k="lit" v="yes"/>
  <tag k="surface" v="paving_stones"/>
 </way>
 <way id="62251830" visible="true" version="3" changeset="111704620" timestamp="2021-09-26T01:00:10Z" user="frasty" uid="549825">
  <nd ref="777417152"/>
  <nd ref="777415499"/>
  <nd ref="777418112"/>
  <nd ref="777416385"/>
  <nd ref="777411843"/>
  <nd ref="777412403"/>
  <nd ref="777417152"/>
  <tag k="amenity" v="parking"/>
  <tag k="parking" v="street_side"/>
 </way>
 <way id="62251831" visible="true" version="6" changeset="139244196" timestamp="2023-07-31T09:25:14Z" user="darthravem" uid="2415747">
  <nd ref="777414015"/>
  <nd ref="777410603"/>
  <nd ref="777412009"/>
  <nd ref="777414455"/>
  <nd ref="777418289"/>
  <nd ref="777418117"/>
  <nd ref="777416390"/>
  <nd ref="777414695"/>
  <nd ref="777412954"/>
  <nd ref="777417421"/>
  <nd ref="777415650"/>
  <nd ref="777413689"/>
  <nd ref="777411847"/>
  <nd ref="777411561"/>
  <nd ref="777417937"/>
  <nd ref="777416192"/>
  <nd ref="777414518"/>
  <nd ref="777410933"/>
  <nd ref="777417159"/>
  <nd ref="777415504"/>
  <nd ref="777413512"/>
  <nd ref="777415811"/>
  <nd ref="777417808"/>
  <nd ref="777416027"/>
  <nd ref="424495332"/>
  <nd ref="777414309"/>
  <nd ref="777413344"/>
  <nd ref="777412107"/>
  <nd ref="777413878"/>
  <nd ref="777416946"/>
  <nd ref="777415309"/>
  <nd ref="777413370"/>
  <nd ref="424480714"/>
  <nd ref="777414015"/>
  <tag k="addr:housename" v="Edificio C1"/>
  <tag k="addr:street" v="Padriciano"/>
  <tag k="building" v="office"/>
  <tag k="name" v="Edificio C1 - Presidenza e Direzione"/>
  <tag k="ref" v="C1"/>
 </way>
 <way id="62251832" visible="true" version="3" changeset="111704664" timestamp="2021-09-26T01:03:44Z" user="frasty" uid="549825">
  <nd ref="777413111"/>
  <nd ref="777418328"/>
  <nd ref="777412050"/>
  <nd ref="777414176"/>
  <nd ref="777415918"/>
  <nd ref="777411154"/>
  <nd ref="777413111"/>
  <tag k="amenity" v="parking"/>
  <tag k="covered" v="yes"/>
  <tag k="parking" v="street_side"/>
 </way>
 <way id="62251833" visible="true" version="1" changeset="5028742" timestamp="2010-06-19T23:26:33Z" user="damjang" uid="97922">
  <nd ref="777418158"/>
  <nd ref="777417213"/>
  <nd ref="777413554"/>
  <nd ref="777411616"/>
  <nd ref="777411401"/>
  <nd ref="777417812"/>
  <nd ref="777416029"/>
  <nd ref="777414311"/>
  <nd ref="777410788"/>
  <nd ref="777416949"/>
  <nd ref="777415314"/>
  <nd ref="777415533"/>
  <nd ref="777413804"/>
  <nd ref="777412794"/>
  <nd ref="777417977"/>
  <nd ref="777414557"/>
  <nd ref="777411875"/>
  <nd ref="777416221"/>
  <nd ref="777418158"/>
  <tag k="landuse" v="grass"/>
 </way>
 <way id="62251835" visible="true" version="2" changeset="139244207" timestamp="2023-07-31T09:24:47Z" user="darthravem" uid="2415747">
  <nd ref="430335895"/>
  <nd ref="777417772"/>
  <nd ref="777417255"/>
  <nd ref="777411025"/>
  <nd ref="777412733"/>
  <tag k="highway" v="service"/>
  <tag k="lit" v="yes"/>
  <tag k="surface" v="asphalt"/>
 </way>
 <way id="62251836" visible="true" version="1" changeset="5028742" timestamp="2010-06-19T23:26:33Z" user="damjang" uid="97922">
  <nd ref="777410769"/>
  <nd ref="777415255"/>
  <nd ref="777413353"/>
  <nd ref="777411371"/>
  <nd ref="777417791"/>
  <nd ref="777417549"/>
  <nd ref="777415758"/>
  <nd ref="777413863"/>
  <nd ref="777413522"/>
  <nd ref="777416924"/>
  <nd ref="777410769"/>
  <tag k="landuse" v="grass"/>
 </way>
 <way id="62251837" visible="true" version="3" changeset="12193811" timestamp="2012-07-12T09:27:18Z" user="Davide Prade" uid="12377">
  <nd ref="777413859"/>
  <nd ref="777414552"/>
  <nd ref="1822714869"/>
  <nd ref="777416483"/>
  <nd ref="777413161"/>
  <nd ref="777411194"/>
  <nd ref="777417544"/>
  <nd ref="777415747"/>
  <nd ref="777415577"/>
  <nd ref="777413603"/>
  <nd ref="777411668"/>
  <nd ref="777418016"/>
  <nd ref="777414799"/>
  <nd ref="777413000"/>
  <nd ref="777411017"/>
  <nd ref="777417253"/>
  <nd ref="777417007"/>
  <nd ref="777415397"/>
  <nd ref="777413424"/>
  <nd ref="777411448"/>
  <nd ref="777416279"/>
  <nd ref="777414595"/>
  <nd ref="777412844"/>
  <nd ref="777410831"/>
  <nd ref="777413859"/>
  <tag k="leisure" v="garden"/>
 </way>
 <way id="62251839" visible="true" version="3" changeset="111704620" timestamp="2021-09-26T01:00:10Z" user="frasty" uid="549825">
  <nd ref="777416532"/>
  <nd ref="777416349"/>
  <nd ref="777414645"/>
  <nd ref="777412897"/>
  <nd ref="777416532"/>
  <tag k="amenity" v="parking"/>
  <tag k="parking" v="street_side"/>
 </way>
 <way id="62251840" visible="true" version="1" changeset="5028742" timestamp="2010-06-19T23:26:34Z" user="damjang" uid="97922">
  <nd ref="430335893"/>
  <nd ref="777414662"/>
  <nd ref="777412927"/>
  <nd ref="777410910"/>
  <nd ref="777415633"/>
  <nd ref="777413659"/>
  <nd ref="777414346"/>
  <nd ref="777411832"/>
  <tag k="highway" v="service"/>
  <tag k="lit" v="yes"/>
  <tag k="oneway" v="yes"/>
 </way>
 <way id="62251841" visible="true" version="1" changeset="5028742" timestamp="2010-06-19T23:26:34Z" user="damjang" uid="97922">
  <nd ref="777417490"/>
  <nd ref="777415702"/>
  <nd ref="777414379"/>
  <nd ref="777412400"/>
  <nd ref="777410663"/>
  <nd ref="777416785"/>
  <nd ref="777415531"/>
  <nd ref="777413426"/>
  <nd ref="777411452"/>
  <nd ref="777417859"/>
  <nd ref="777416099"/>
  <nd ref="777415868"/>
  <nd ref="777413933"/>
  <nd ref="777415079"/>
  <nd ref="777413246"/>
  <nd ref="777411278"/>
  <nd ref="777417674"/>
  <nd ref="777417414"/>
  <nd ref="777415642"/>
  <nd ref="777412002"/>
  <nd ref="777418279"/>
  <nd ref="777417490"/>
  <tag k="landuse" v="grass"/>
 </way>
 <way id="62251842" visible="true" version="1" changeset="5028742" timestamp="2010-06-19T23:26:35Z" user="damjang" uid="97922">
  <nd ref="424480771"/>
  <nd ref="777413473"/>
  <nd ref="777411525"/>
  <nd ref="777416363"/>
  <tag k="highway" v="service"/>
  <tag k="lit" v="yes"/>
 </way>
 <way id="62251846" visible="true" version="2" changeset="160905058" timestamp="2025-01-02T12:36:26Z" user="darthravem" uid="2415747">
  <nd ref="777416152"/>
  <nd ref="777414709"/>
  <nd ref="777413411"/>
  <nd ref="777416410"/>
  <nd ref="777416592"/>
  <nd ref="777416805"/>
  <tag k="highway" v="footway"/>
  <tag k="lit" v="yes"/>
  <tag k="surface" v="paving_stones"/>
 </way>
 <way id="62251847" visible="true" version="2" changeset="7227622" timestamp="2011-02-08T15:24:32Z" user="Stefano Salvador" uid="86130">
  <nd ref="777418210"/>
  <nd ref="777412089"/>
  <nd ref="777414292"/>
  <nd ref="777415984"/>
  <nd ref="777411215"/>
  <nd ref="777417989"/>
  <nd ref="777411648"/>
  <nd ref="777411906"/>
  <nd ref="777413829"/>
  <nd ref="777415731"/>
  <nd ref="777417510"/>
  <nd ref="777412990"/>
  <nd ref="777414762"/>
  <nd ref="777416466"/>
  <nd ref="777418177"/>
  <nd ref="777412827"/>
  <nd ref="777416052"/>
  <nd ref="777417835"/>
  <nd ref="777411418"/>
  <nd ref="777413402"/>
  <nd ref="777413572"/>
  <nd ref="777415562"/>
  <nd ref="777417237"/>
  <nd ref="777410997"/>
  <nd ref="777413170"/>
  <nd ref="777414976"/>
  <nd ref="777416664"/>
  <nd ref="777416931"/>
  <nd ref="777410774"/>
  <nd ref="777412782"/>
  <nd ref="777414537"/>
  <nd ref="777417796"/>
  <nd ref="777411180"/>
  <nd ref="777415953"/>
  <nd ref="777410593"/>
  <nd ref="777418210"/>
  <tag k="leisure" v="garden"/>
 </way>
 <way id="62251849" visible="true" version="2" changeset="127325615" timestamp="2022-10-10T22:23:49Z" user="Gorka115" uid="9458168">
  <nd ref="777415468"/>
  <nd ref="777417103"/>
  <nd ref="777417350"/>
  <tag k="highway" v="service"/>
  <tag k="lit" v="yes"/>
  <tag k="surface" v="asphalt"/>
 </way>
 <way id="62251851" visible="true" version="1" changeset="5028742" timestamp="2010-06-19T23:26:36Z" user="damjang" uid="97922">
  <nd ref="777418247"/>
  <nd ref="777416530"/>
  <nd ref="777414850"/>
  <nd ref="777414643"/>
  <nd ref="777412895"/>
  <nd ref="777415340"/>
  <nd ref="777413399"/>
  <nd ref="777414593"/>
  <tag k="barrier" v="retaining_wall"/>
 </way>
 <way id="62251854" visible="true" version="2" changeset="116872557" timestamp="2022-02-01T16:03:10Z" user="TelespallaMel" uid="14979671">
  <nd ref="424495244"/>
  <nd ref="777410829"/>
  <nd ref="777412840"/>
  <nd ref="777416091"/>
  <nd ref="777417851"/>
  <nd ref="777411446"/>
  <nd ref="777413419"/>
  <nd ref="424495231"/>
  <nd ref="424495232"/>
  <nd ref="424495233"/>
  <nd ref="424495234"/>
  <nd ref="777416320"/>
  <nd ref="777411036"/>
  <nd ref="777413007"/>
  <nd ref="777411778"/>
  <nd ref="424495235"/>
  <nd ref="424495236"/>
  <nd ref="424495237"/>
  <nd ref="424495238"/>
  <nd ref="424495239"/>
  <nd ref="424495240"/>
  <nd ref="424495241"/>
  <nd ref="424495242"/>
  <nd ref="424495243"/>
  <nd ref="424495244"/>
  <tag k="building" v="office"/>
  <tag k="height" v="19 m"/>
  <tag k="it:fvg:ctrn:code" v="4AED"/>
  <tag k="it:fvg:ctrn:revision" v="1AM"/>
  <tag k="name" v="Edificio F2"/>
  <tag k="ref" v="F2"/>
 </way>
 <way id="62251856" visible="true" version="3" changeset="111704664" timestamp="2021-09-26T01:03:44Z" user="frasty" uid="549825">
  <nd ref="777411171"/>
  <nd ref="777410746"/>
  <nd ref="777411898"/>
  <nd ref="777416625"/>
  <nd ref="777414933"/>
  <nd ref="777413121"/>
  <nd ref="777411171"/>
  <tag k="amenity" v="parking"/>
  <tag k="capacity:bus" v="1"/>
  <tag k="parking" v="street_side"/>
 </way>
 <way id="62251858" visible="true" version="3" changeset="111704620" timestamp="2021-09-26T01:00:10Z" user="frasty" uid="549825">
  <nd ref="777413165"/>
  <nd ref="777411209"/>
  <nd ref="777411027"/>
  <nd ref="777417257"/>
  <nd ref="777413165"/>
  <tag k="amenity" v="parking"/>
  <tag k="parking" v="street_side"/>
 </way>
 <way id="62251860" visible="true" version="1" changeset="5028742" timestamp="2010-06-19T23:26:37Z" user="damjang" uid="97922">
  <nd ref="777411899"/>
  <nd ref="777418170"/>
  <nd ref="777416440"/>
  <nd ref="777414753"/>
  <nd ref="777414567"/>
  <nd ref="777412821"/>
  <nd ref="777410799"/>
  <nd ref="777416974"/>
  <nd ref="777413565"/>
  <nd ref="777411641"/>
  <nd ref="424480739"/>
  <nd ref="424480740"/>
  <nd ref="777417983"/>
  <nd ref="777411899"/>
  <tag k="landuse" v="grass"/>
 </way>
 <way id="62251862" visible="true" version="7" changeset="187987789" timestamp="2026-08-25T12:56:43Z" user="stefi96" uid="24462773">
  <nd ref="430335946"/>
  <nd ref="11343495435"/>
  <nd ref="11343495436"/>
  <nd ref="777418007"/>
  <tag k="highway" v="unclassified"/>
  <tag k="lanes" v="1"/>
  <tag k="lit" v="yes"/>
  <tag k="noname" v="yes"/>
  <tag k="oneway" v="yes"/>
  <tag k="parking:both" v="no"/>
  <tag k="surface" v="asphalt"/>
 </way>
 <way id="62251864" visible="true" version="2" changeset="98324325" timestamp="2021-01-28T23:30:37Z" user="damjang" uid="97922">
  <nd ref="777415919"/>
  <nd ref="777417747"/>
  <nd ref="777413113"/>
  <nd ref="8373576255"/>
  <nd ref="777414928"/>
  <nd ref="777416621"/>
  <nd ref="777415919"/>
  <tag k="landuse" v="grass"/>
 </way>
 <way id="62251865" visible="true" version="2" changeset="5032067" timestamp="2010-06-20T11:33:37Z" user="damjang" uid="97922">
  <nd ref="430335905"/>
  <nd ref="777418073"/>
  <nd ref="777417479"/>
  <nd ref="777411151"/>
  <tag k="highway" v="service"/>
  <tag k="lit" v="yes"/>
  <tag k="oneway" v="yes"/>
 </way>
 <way id="62251866" visible="true" version="2" changeset="7227622" timestamp="2011-02-08T15:24:25Z" user="Stefano Salvador" uid="86130">
  <nd ref="777410600"/>
  <nd ref="777416672"/>
  <nd ref="777413366"/>
  <nd ref="777411396"/>
  <nd ref="777417805"/>
  <nd ref="777415991"/>
  <nd ref="777415798"/>
  <nd ref="777413875"/>
  <nd ref="777411947"/>
  <nd ref="777418217"/>
  <nd ref="777414984"/>
  <nd ref="777413177"/>
  <nd ref="777411222"/>
  <nd ref="777417566"/>
  <nd ref="777417272"/>
  <nd ref="777415601"/>
  <nd ref="777413620"/>
  <nd ref="777411781"/>
  <nd ref="777416512"/>
  <nd ref="777411855"/>
  <nd ref="777410600"/>
  <tag k="leisure" v="garden"/>
 </way>
 <way id="62251867" visible="true" version="3" changeset="111704620" timestamp="2021-09-26T01:00:10Z" user="frasty" uid="549825">
  <nd ref="777411279"/>
  <nd ref="777411104"/>
  <nd ref="777417415"/>
  <nd ref="777416490"/>
  <nd ref="777414600"/>
  <nd ref="777412866"/>
  <nd ref="777411279"/>
  <tag k="amenity" v="parking"/>
  <tag k="parking" v="street_side"/>
 </way>
 <way id="62251868" visible="true" version="1" changeset="5028742" timestamp="2010-06-19T23:26:38Z" user="damjang" uid="97922">
  <nd ref="777411832"/>
  <nd ref="777418105"/>
  <nd ref="777417920"/>
  <nd ref="777416163"/>
  <nd ref="777414495"/>
  <nd ref="777412744"/>
  <nd ref="777417139"/>
  <nd ref="430335895"/>
  <tag k="highway" v="service"/>
  <tag k="lit" v="yes"/>
  <tag k="oneway" v="yes"/>
 </way>
 <way id="62251869" visible="true" version="1" changeset="5028742" timestamp="2010-06-19T23:26:38Z" user="damjang" uid="97922">
  <nd ref="777413639"/>
  <nd ref="777414534"/>
  <nd ref="777412780"/>
  <nd ref="777417192"/>
  <nd ref="777415517"/>
  <nd ref="777413538"/>
  <nd ref="777411571"/>
  <tag k="highway" v="footway"/>
  <tag k="lit" v="yes"/>
  <tag k="surface" v="paved"/>
 </way>
 <way id="62251872" visible="true" version="2" changeset="7227622" timestamp="2011-02-08T15:24:38Z" user="Stefano Salvador" uid="86130">
  <nd ref="777413448"/>
  <nd ref="777415429"/>
  <nd ref="777410687"/>
  <nd ref="777412414"/>
  <nd ref="777414432"/>
  <nd ref="777416113"/>
  <nd ref="777416325"/>
  <nd ref="777418042"/>
  <nd ref="777411783"/>
  <nd ref="777413622"/>
  <nd ref="777417062"/>
  <nd ref="777413448"/>
  <tag k="leisure" v="garden"/>
 </way>
 <way id="62251876" visible="true" version="3" changeset="111704620" timestamp="2021-09-26T01:00:10Z" user="frasty" uid="549825">
  <nd ref="777416031"/>
  <nd ref="777412796"/>
  <nd ref="777411507"/>
  <nd ref="777413452"/>
  <nd ref="777415435"/>
  <nd ref="777411051"/>
  <nd ref="777415607"/>
  <nd ref="777417312"/>
  <nd ref="777416031"/>
  <tag k="amenity" v="parking"/>
  <tag k="parking" v="street_side"/>
 </way>
 <way id="62251877" visible="true" version="14" changeset="188027855" timestamp="2026-08-26T07:44:04Z" user="stefi96" uid="24462773">
  <nd ref="8373576254"/>
  <nd ref="777412779"/>
  <nd ref="68697343"/>
  <nd ref="68697346"/>
  <nd ref="68697355"/>
  <tag k="cutting" v="yes"/>
  <tag k="highway" v="primary_link"/>
  <tag k="maxspeed" v="50"/>
  <tag k="noname" v="yes"/>
  <tag k="parking:both" v="no"/>
  <tag k="surface" v="asphalt"/>
 </way>
 <way id="62251879" visible="true" version="2" changeset="5032067" timestamp="2010-06-20T11:33:36Z" user="damjang" uid="97922">
  <nd ref="777411151"/>
  <nd ref="777410994"/>
  <nd ref="777415728"/>
  <nd ref="777413827"/>
  <nd ref="777411903"/>
  <nd ref="777418174"/>
  <nd ref="777417986"/>
  <nd ref="777416249"/>
  <nd ref="777414570"/>
  <nd ref="777411468"/>
  <tag k="highway" v="service"/>
  <tag k="lit" v="yes"/>
 </way>
 <way id="62251881" visible="true" version="1" changeset="5028742" timestamp="2010-06-19T23:26:39Z" user="damjang" uid="97922">
  <nd ref="777415860"/>
  <nd ref="777417633"/>
  <tag k="covered" v="yes"/>
  <tag k="highway" v="service"/>
  <tag k="lit" v="yes"/>
 </way>
 <way id="62251883" visible="true" version="3" changeset="111704620" timestamp="2021-09-26T01:00:10Z" user="frasty" uid="549825">
  <nd ref="777411334"/>
  <nd ref="424495174"/>
  <nd ref="777416740"/>
  <nd ref="777417753"/>
  <nd ref="777415057"/>
  <nd ref="777413225"/>
  <nd ref="777414930"/>
  <nd ref="777410743"/>
  <nd ref="777411555"/>
  <nd ref="777416883"/>
  <nd ref="777415226"/>
  <nd ref="777411334"/>
  <tag k="amenity" v="parking"/>
  <tag k="parking" v="street_side"/>
 </way>
 <way id="62251885" visible="true" version="3" changeset="111704620" timestamp="2021-09-26T01:00:10Z" user="frasty" uid="549825">
  <nd ref="777413034"/>
  <nd ref="777414882"/>
  <nd ref="777416155"/>
  <nd ref="777417913"/>
  <nd ref="777413034"/>
  <tag k="amenity" v="parking"/>
  <tag k="name" v="P2"/>
  <tag k="parking" v="street_side"/>
  <tag k="ref" v="P2"/>
 </way>
 <way id="62251886" visible="true" version="2" changeset="116872465" timestamp="2022-02-01T14:59:57Z" user="TelespallaMel" uid="14979671">
  <nd ref="777418108"/>
  <nd ref="777416118"/>
  <tag k="highway" v="service"/>
  <tag k="lit" v="yes"/>
  <tag k="surface" v="asphalt"/>
 </way>
 <way id="62251887" visible="true" version="3" changeset="111704620" timestamp="2021-09-26T01:00:10Z" user="frasty" uid="549825">
  <nd ref="777412075"/>
  <nd ref="777415566"/>
  <nd ref="777416643"/>
  <nd ref="777418372"/>
  <nd ref="777412075"/>
  <tag k="amenity" v="parking"/>
  <tag k="parking" v="street_side"/>
 </way>
 <way id="62251888" visible="true" version="3" changeset="111704620" timestamp="2021-09-26T01:00:10Z" user="frasty" uid="549825">
  <nd ref="424495267"/>
  <nd ref="777418060"/>
  <nd ref="424495269"/>
  <nd ref="424495268"/>
  <nd ref="424495267"/>
  <tag k="amenity" v="parking"/>
  <tag k="parking" v="street_side"/>
 </way>
 <way id="62251889" visible="true" version="1" changeset="5028742" timestamp="2010-06-19T23:26:42Z" user="damjang" uid="97922">
  <nd ref="777412421"/>
  <nd ref="777412996"/>
  <nd ref="777414771"/>
  <nd ref="777416476"/>
  <nd ref="777416648"/>
  <nd ref="777418378"/>
  <nd ref="777412080"/>
  <nd ref="777414233"/>
  <nd ref="777417534"/>
  <nd ref="777411190"/>
  <nd ref="777413154"/>
  <nd ref="777414949"/>
  <nd ref="777415238"/>
  <nd ref="777416895"/>
  <nd ref="777410750"/>
  <nd ref="777418132"/>
  <nd ref="777412421"/>
  <tag k="landuse" v="grass"/>
 </way>
 <way id="62251890" visible="true" version="18" changeset="188027855" timestamp="2026-08-26T07:44:04Z" user="stefi96" uid="24462773">
  <nd ref="8373576254"/>
  <nd ref="8373576264"/>
  <nd ref="8373576265"/>
  <nd ref="7628483115"/>
  <nd ref="13063695922"/>
  <tag k="cycleway:right" v="no"/>
  <tag k="highway" v="primary_link"/>
  <tag k="maxspeed" v="50"/>
  <tag k="noname" v="yes"/>
  <tag k="oneway" v="yes"/>
  <tag k="parking:both" v="no"/>
  <tag k="surface" v="asphalt"/>
 </way>
 <way id="62251891" visible="true" version="1" changeset="5028742" timestamp="2010-06-19T23:26:42Z" user="damjang" uid="97922">
  <nd ref="777414831"/>
  <nd ref="777410859"/>
  <nd ref="777412881"/>
  <nd ref="777414613"/>
  <nd ref="777417561"/>
  <nd ref="777412879"/>
  <nd ref="777410854"/>
  <nd ref="777411218"/>
  <tag k="barrier" v="retaining_wall"/>
 </way>
 <way id="62251892" visible="true" version="2" changeset="188027913" timestamp="2026-08-26T07:45:33Z" user="stefi96" uid="24462773">
  <nd ref="424495265"/>
  <nd ref="777415821"/>
  <nd ref="777415609"/>
  <nd ref="777411961"/>
  <nd ref="777414322"/>
  <nd ref="777416043"/>
  <nd ref="777417817"/>
  <nd ref="777411411"/>
  <nd ref="777414995"/>
  <nd ref="777416707"/>
  <nd ref="777410617"/>
  <nd ref="777412120"/>
  <nd ref="777412818"/>
  <nd ref="777414564"/>
  <nd ref="777416241"/>
  <nd ref="777417981"/>
  <nd ref="777413379"/>
  <nd ref="777415328"/>
  <nd ref="777416959"/>
  <nd ref="777410795"/>
  <nd ref="777410986"/>
  <nd ref="777412986"/>
  <nd ref="777411571"/>
  <nd ref="777414749"/>
  <nd ref="777416443"/>
  <nd ref="777411640"/>
  <nd ref="777413563"/>
  <nd ref="777415556"/>
  <nd ref="777417223"/>
  <nd ref="777417492"/>
  <nd ref="777411169"/>
  <nd ref="777413119"/>
  <nd ref="777414932"/>
  <nd ref="777418167"/>
  <nd ref="777411896"/>
  <nd ref="777418028"/>
  <nd ref="777417268"/>
  <nd ref="777413820"/>
  <nd ref="777417756"/>
  <nd ref="777417962"/>
  <nd ref="777411335"/>
  <nd ref="777413301"/>
  <nd ref="777416624"/>
  <nd ref="777418352"/>
  <nd ref="777412057"/>
  <nd ref="777414200"/>
  <nd ref="424495226"/>
  <nd ref="424495227"/>
  <nd ref="777413600"/>
  <nd ref="424495228"/>
  <nd ref="424495229"/>
  <nd ref="424495230"/>
  <nd ref="424495231"/>
  <nd ref="424495232"/>
  <nd ref="424495233"/>
  <nd ref="424495234"/>
  <nd ref="777416320"/>
  <nd ref="777411036"/>
  <nd ref="777413007"/>
  <nd ref="777411778"/>
  <nd ref="424495235"/>
  <nd ref="424495236"/>
  <nd ref="424495237"/>
  <nd ref="424495238"/>
  <nd ref="424495239"/>
  <nd ref="424495240"/>
  <nd ref="424495241"/>
  <nd ref="424495242"/>
  <nd ref="424495243"/>
  <nd ref="424495244"/>
  <nd ref="424495245"/>
  <nd ref="424495246"/>
  <nd ref="424495247"/>
  <nd ref="424495248"/>
  <nd ref="424495249"/>
  <nd ref="424495250"/>
  <nd ref="424495251"/>
  <nd ref="424495252"/>
  <nd ref="424495253"/>
  <nd ref="424495254"/>
  <nd ref="424495255"/>
  <nd ref="424495256"/>
  <nd ref="424495257"/>
  <nd ref="424495258"/>
  <nd ref="424495259"/>
  <nd ref="424495260"/>
  <nd ref="424495261"/>
  <nd ref="424495262"/>
  <nd ref="424495263"/>
  <nd ref="424495264"/>
  <nd ref="424495265"/>
  <tag k="area" v="yes"/>
  <tag k="highway" v="pedestrian"/>
  <tag k="parking:both" v="no"/>
 </way>
 <way id="62251895" visible="true" version="3" changeset="111704620" timestamp="2021-09-26T01:00:10Z" user="frasty" uid="549825">
  <nd ref="777415625"/>
  <nd ref="777413654"/>
  <nd ref="777411824"/>
  <nd ref="777418080"/>
  <nd ref="777415625"/>
  <tag k="amenity" v="parking"/>
  <tag k="parking" v="street_side"/>
 </way>
 <way id="62251899" visible="true" version="3" changeset="111704620" timestamp="2021-09-26T01:00:10Z" user="frasty" uid="549825">
  <nd ref="777417980"/>
  <nd ref="777411634"/>
  <nd ref="777415819"/>
  <nd ref="777417596"/>
  <nd ref="777417980"/>
  <tag k="amenity" v="parking"/>
  <tag k="parking" v="street_side"/>
 </way>
 <way id="62251900" visible="true" version="3" changeset="111704620" timestamp="2021-09-26T01:00:10Z" user="frasty" uid="549825">
  <nd ref="777411529"/>
  <nd ref="777416866"/>
  <nd ref="777415197"/>
  <nd ref="777412740"/>
  <nd ref="777410731"/>
  <nd ref="777415474"/>
  <nd ref="777413492"/>
  <nd ref="777411529"/>
  <tag k="amenity" v="parking"/>
  <tag k="parking" v="street_side"/>
 </way>
 <way id="62251904" visible="true" version="1" changeset="5028742" timestamp="2010-06-19T23:26:44Z" user="damjang" uid="97922">
  <nd ref="777417251"/>
  <nd ref="777410726"/>
  <nd ref="777416859"/>
  <nd ref="424495148"/>
  <nd ref="424495149"/>
  <nd ref="777417251"/>
  <tag k="building" v="yes"/>
  <tag k="height" v="13 m"/>
  <tag k="it:fvg:ctrn:code" v="4AED"/>
  <tag k="it:fvg:ctrn:revision" v="1AM"/>
  <tag k="name" v="Edificio M"/>
  <tag k="ref" v="M"/>
 </way>
 <way id="62251905" visible="true" version="2" changeset="188027855" timestamp="2026-08-26T07:44:04Z" user="stefi96" uid="24462773">
  <nd ref="777418135"/>
  <nd ref="777416416"/>
  <nd ref="777413098"/>
  <nd ref="777411142"/>
  <nd ref="777417442"/>
  <nd ref="777415684"/>
  <nd ref="777415523"/>
  <nd ref="777413544"/>
  <nd ref="777411575"/>
  <nd ref="777417968"/>
  <nd ref="777414712"/>
  <nd ref="777412972"/>
  <nd ref="777410952"/>
  <nd ref="777417199"/>
  <nd ref="777416936"/>
  <nd ref="777412077"/>
  <nd ref="777415270"/>
  <nd ref="777415614"/>
  <nd ref="777418135"/>
  <tag k="area" v="yes"/>
  <tag k="highway" v="pedestrian"/>
  <tag k="parking:both" v="no"/>
 </way>
 <way id="62251907" visible="true" version="3" changeset="160900921" timestamp="2025-01-02T10:40:30Z" user="darthravem" uid="2415747">
  <nd ref="777414363"/>
  <nd ref="777414935"/>
  <nd ref="777413431"/>
  <nd ref="777415232"/>
  <nd ref="777418375"/>
  <nd ref="777416104"/>
  <nd ref="777412870"/>
  <nd ref="777410839"/>
  <nd ref="777417017"/>
  <nd ref="777415413"/>
  <nd ref="777415088"/>
  <nd ref="777413249"/>
  <nd ref="777411283"/>
  <nd ref="777417679"/>
  <nd ref="777414401"/>
  <nd ref="777412405"/>
  <nd ref="777414229"/>
  <nd ref="777410677"/>
  <nd ref="777417847"/>
  <nd ref="777411441"/>
  <nd ref="777417246"/>
  <nd ref="777410601"/>
  <nd ref="777416065"/>
  <nd ref="777414887"/>
  <nd ref="777413047"/>
  <nd ref="777411092"/>
  <nd ref="777417370"/>
  <nd ref="777413922"/>
  <nd ref="777411990"/>
  <nd ref="777418267"/>
  <nd ref="777416563"/>
  <nd ref="777416372"/>
  <nd ref="777414661"/>
  <nd ref="777412925"/>
  <nd ref="777410908"/>
  <nd ref="777415631"/>
  <nd ref="777413658"/>
  <nd ref="777411831"/>
  <nd ref="777418084"/>
  <nd ref="777417918"/>
  <nd ref="777416161"/>
  <nd ref="777414492"/>
  <nd ref="777412742"/>
  <nd ref="777417137"/>
  <nd ref="777415476"/>
  <nd ref="777413494"/>
  <nd ref="777411530"/>
  <nd ref="777411353"/>
  <nd ref="777417760"/>
  <nd ref="777415925"/>
  <nd ref="777414209"/>
  <nd ref="777410733"/>
  <nd ref="777416869"/>
  <nd ref="777415200"/>
  <nd ref="777413308"/>
  <nd ref="777413124"/>
  <nd ref="777411175"/>
  <nd ref="777417497"/>
  <nd ref="777415724"/>
  <nd ref="777412062"/>
  <nd ref="777418357"/>
  <nd ref="777416627"/>
  <nd ref="777414363"/>
  <tag k="access" v="yes"/>
  <tag k="amenity" v="parking"/>
  <tag k="fee" v="no"/>
  <tag k="parking" v="surface"/>
  <tag k="ref" v="P6"/>
 </way>
 <way id="62251909" visible="true" version="1" changeset="5028742" timestamp="2010-06-19T23:26:46Z" user="damjang" uid="97922">
  <nd ref="777411843"/>
  <nd ref="777412403"/>
  <nd ref="777417152"/>
  <nd ref="777414398"/>
  <nd ref="777416102"/>
  <nd ref="777417862"/>
  <nd ref="777418023"/>
  <nd ref="777411773"/>
  <nd ref="777413611"/>
  <nd ref="777415594"/>
  <nd ref="777410838"/>
  <nd ref="777412868"/>
  <nd ref="777414601"/>
  <nd ref="777416315"/>
  <nd ref="777416491"/>
  <nd ref="777418208"/>
  <nd ref="777411929"/>
  <nd ref="777413866"/>
  <nd ref="777417260"/>
  <nd ref="777411031"/>
  <tag k="barrier" v="retaining_wall"/>
 </way>
 <way id="62251910" visible="true" version="2" changeset="7227622" timestamp="2011-02-08T15:24:42Z" user="Stefano Salvador" uid="86130">
  <nd ref="777414229"/>
  <nd ref="777412405"/>
  <nd ref="777414401"/>
  <nd ref="777417679"/>
  <nd ref="777411283"/>
  <nd ref="777413249"/>
  <nd ref="777415088"/>
  <nd ref="777415413"/>
  <nd ref="777417017"/>
  <nd ref="777410839"/>
  <nd ref="777412870"/>
  <nd ref="777416104"/>
  <nd ref="777417864"/>
  <nd ref="777411457"/>
  <nd ref="777414229"/>
  <tag k="leisure" v="garden"/>
 </way>
 <way id="62251911" visible="true" version="1" changeset="5028742" timestamp="2010-06-19T23:26:46Z" user="damjang" uid="97922">
  <nd ref="777415340"/>
  <nd ref="777411413"/>
  <nd ref="777411239"/>
  <nd ref="777417605"/>
  <nd ref="777415827"/>
  <nd ref="777413905"/>
  <nd ref="777410637"/>
  <nd ref="777416716"/>
  <nd ref="777415003"/>
  <nd ref="777413208"/>
  <nd ref="777413020"/>
  <nd ref="777411074"/>
  <nd ref="777417330"/>
  <nd ref="777415612"/>
  <nd ref="777411965"/>
  <nd ref="777418247"/>
  <nd ref="777416530"/>
  <nd ref="777414850"/>
  <nd ref="777414643"/>
  <nd ref="777412895"/>
  <nd ref="777415340"/>
  <tag k="landuse" v="grass"/>
 </way>
 <way id="62251912" visible="true" version="1" changeset="5028742" timestamp="2010-06-19T23:26:46Z" user="damjang" uid="97922">
  <nd ref="777417767"/>
  <nd ref="777415956"/>
  <nd ref="777414215"/>
  <nd ref="777412072"/>
  <nd ref="777411905"/>
  <nd ref="777418176"/>
  <nd ref="777416467"/>
  <nd ref="777414760"/>
  <nd ref="777411182"/>
  <nd ref="777417506"/>
  <nd ref="777415730"/>
  <nd ref="777413831"/>
  <nd ref="777413570"/>
  <nd ref="777411650"/>
  <nd ref="777417987"/>
  <nd ref="777416255"/>
  <nd ref="777412989"/>
  <nd ref="777410996"/>
  <nd ref="777417767"/>
  <tag k="landuse" v="grass"/>
 </way>
 <way id="62251913" visible="true" version="2" changeset="7227622" timestamp="2011-02-08T15:24:45Z" user="Stefano Salvador" uid="86130">
  <nd ref="777411394"/>
  <nd ref="777414981"/>
  <nd ref="777416671"/>
  <nd ref="777410598"/>
  <nd ref="777412092"/>
  <nd ref="777412787"/>
  <nd ref="777414550"/>
  <nd ref="777416214"/>
  <nd ref="777417969"/>
  <nd ref="777413364"/>
  <nd ref="777415300"/>
  <nd ref="777416939"/>
  <nd ref="777410780"/>
  <nd ref="777410954"/>
  <nd ref="777412973"/>
  <nd ref="777414713"/>
  <nd ref="777416418"/>
  <nd ref="777411576"/>
  <nd ref="777413546"/>
  <nd ref="777415524"/>
  <nd ref="777417201"/>
  <nd ref="777417445"/>
  <nd ref="777411144"/>
  <nd ref="777413100"/>
  <nd ref="777414921"/>
  <nd ref="777418137"/>
  <nd ref="777411866"/>
  <nd ref="777413709"/>
  <nd ref="777415686"/>
  <nd ref="777415909"/>
  <nd ref="777411394"/>
  <tag k="leisure" v="garden"/>
 </way>
 <way id="62251914" visible="true" version="1" changeset="5028742" timestamp="2010-06-19T23:26:47Z" user="damjang" uid="97922">
  <nd ref="777411307"/>
  <nd ref="777414548"/>
  <nd ref="777412785"/>
  <nd ref="777410778"/>
  <tag k="highway" v="service"/>
  <tag k="lit" v="yes"/>
 </way>
 <way id="62251916" visible="true" version="3" changeset="116872465" timestamp="2022-02-01T15:01:42Z" user="TelespallaMel" uid="14979671">
  <nd ref="777410649"/>
  <nd ref="777415363"/>
  <tag k="highway" v="service"/>
  <tag k="lit" v="yes"/>
  <tag k="surface" v="asphalt"/>
 </way>
 <way id="62251917" visible="true" version="2" changeset="7227622" timestamp="2011-02-08T15:24:20Z" user="Stefano Salvador" uid="86130">
  <nd ref="777413510"/>
  <nd ref="777415502"/>
  <nd ref="777417156"/>
  <nd ref="777410931"/>
  <nd ref="777414515"/>
  <nd ref="777416190"/>
  <nd ref="777417430"/>
  <nd ref="777413325"/>
  <nd ref="777413510"/>
  <tag k="leisure" v="garden"/>
 </way>
 <way id="62251918" visible="true" version="1" changeset="5028742" timestamp="2010-06-19T23:26:47Z" user="damjang" uid="97922">
  <nd ref="777415882"/>
  <nd ref="777415671"/>
  <nd ref="777413695"/>
  <nd ref="777411852"/>
  <nd ref="777418123"/>
  <nd ref="777414913"/>
  <nd ref="777413068"/>
  <nd ref="777411130"/>
  <nd ref="777417427"/>
  <nd ref="777416041"/>
  <nd ref="777414327"/>
  <nd ref="777412118"/>
  <nd ref="777410636"/>
  <nd ref="777415336"/>
  <nd ref="777413397"/>
  <nd ref="777411410"/>
  <nd ref="777417821"/>
  <nd ref="777417602"/>
  <nd ref="777415825"/>
  <nd ref="777413903"/>
  <nd ref="777411963"/>
  <nd ref="777416713"/>
  <nd ref="777415000"/>
  <nd ref="777413207"/>
  <nd ref="777411237"/>
  <nd ref="777411071"/>
  <nd ref="777417327"/>
  <nd ref="777415611"/>
  <nd ref="777413647"/>
  <nd ref="777418245"/>
  <nd ref="777416528"/>
  <nd ref="777414847"/>
  <nd ref="777413018"/>
  <nd ref="777412893"/>
  <nd ref="777410886"/>
  <nd ref="777417084"/>
  <nd ref="777415456"/>
  <nd ref="777411796"/>
  <nd ref="777418070"/>
  <nd ref="777415882"/>
  <tag k="landuse" v="grass"/>
 </way>
 <way id="62251919" visible="true" version="2" changeset="127325615" timestamp="2022-10-10T22:21:38Z" user="Gorka115" uid="9458168">
  <nd ref="777411869"/>
  <nd ref="777415745"/>
  <nd ref="777416614"/>
  <nd ref="777418320"/>
  <nd ref="777412041"/>
  <nd ref="777415690"/>
  <nd ref="777417472"/>
  <nd ref="777411147"/>
  <nd ref="777413104"/>
  <tag k="highway" v="service"/>
  <tag k="lit" v="yes"/>
  <tag k="oneway" v="yes"/>
  <tag k="surface" v="asphalt"/>
 </way>
 <way id="62251922" visible="true" version="2" changeset="139244248" timestamp="2023-07-31T09:23:52Z" user="darthravem" uid="2415747">
  <nd ref="777416805"/>
  <nd ref="777413221"/>
  <nd ref="777415014"/>
  <tag k="highway" v="footway"/>
  <tag k="lit" v="yes"/>
  <tag k="surface" v="paving_stones"/>
 </way>
 <way id="62251923" visible="true" version="2" changeset="188027913" timestamp="2026-08-26T07:45:33Z" user="stefi96" uid="24462773">
  <nd ref="777415821"/>
  <nd ref="777414900"/>
  <nd ref="777413057"/>
  <nd ref="424495267"/>
  <nd ref="424495268"/>
  <nd ref="424495269"/>
  <nd ref="777412949"/>
  <nd ref="777410928"/>
  <nd ref="424495273"/>
  <nd ref="424495272"/>
  <nd ref="424495271"/>
  <nd ref="424495270"/>
  <nd ref="777411663"/>
  <nd ref="777411234"/>
  <nd ref="777413203"/>
  <nd ref="777413887"/>
  <nd ref="777416525"/>
  <nd ref="777418229"/>
  <nd ref="424495266"/>
  <nd ref="424495265"/>
  <nd ref="777415821"/>
  <tag k="area" v="yes"/>
  <tag k="highway" v="pedestrian"/>
  <tag k="parking:both" v="no"/>
 </way>
 <way id="62251924" visible="true" version="2" changeset="7227622" timestamp="2011-02-08T15:24:23Z" user="Stefano Salvador" uid="86130">
  <nd ref="777411443"/>
  <nd ref="777417849"/>
  <nd ref="777416068"/>
  <nd ref="777414365"/>
  <nd ref="777410825"/>
  <nd ref="777417000"/>
  <nd ref="777415388"/>
  <nd ref="777413417"/>
  <nd ref="777411862"/>
  <nd ref="777418133"/>
  <nd ref="777416414"/>
  <nd ref="777414711"/>
  <nd ref="777411140"/>
  <nd ref="777417474"/>
  <nd ref="777415683"/>
  <nd ref="777413705"/>
  <nd ref="777413542"/>
  <nd ref="777411574"/>
  <nd ref="777417966"/>
  <nd ref="777416210"/>
  <nd ref="777412971"/>
  <nd ref="777410950"/>
  <nd ref="777417197"/>
  <nd ref="777415521"/>
  <nd ref="777415267"/>
  <nd ref="777413361"/>
  <nd ref="777411391"/>
  <nd ref="777417798"/>
  <nd ref="777414547"/>
  <nd ref="777412783"/>
  <nd ref="777410776"/>
  <nd ref="777416933"/>
  <nd ref="777416666"/>
  <nd ref="777414977"/>
  <nd ref="777413172"/>
  <nd ref="777411217"/>
  <nd ref="777415986"/>
  <nd ref="777414295"/>
  <nd ref="777412090"/>
  <nd ref="777410594"/>
  <nd ref="777418212"/>
  <nd ref="777411443"/>
  <tag k="leisure" v="garden"/>
 </way>
 <way id="62251926" visible="true" version="8" changeset="188027913" timestamp="2026-08-26T07:45:33Z" user="stefi96" uid="24462773">
  <nd ref="777412070"/>
  <nd ref="430335928"/>
  <nd ref="777412882"/>
  <nd ref="777411365"/>
  <nd ref="777417776"/>
  <nd ref="777418365"/>
  <tag k="covered" v="yes"/>
  <tag k="highway" v="unclassified"/>
  <tag k="lanes" v="1"/>
  <tag k="lit" v="yes"/>
  <tag k="maxheight" v="default"/>
  <tag k="noname" v="yes"/>
  <tag k="oneway" v="yes"/>
  <tag k="parking:both" v="no"/>
  <tag k="surface" v="asphalt"/>
  <tag k="width" v="4"/>
 </way>
 <way id="62251927" visible="true" version="3" changeset="111704620" timestamp="2021-09-26T01:00:10Z" user="frasty" uid="549825">
  <nd ref="777418205"/>
  <nd ref="777417623"/>
  <nd ref="777417357"/>
  <nd ref="424495180"/>
  <nd ref="777415626"/>
  <nd ref="777413607"/>
  <nd ref="777418205"/>
  <tag k="amenity" v="parking"/>
  <tag k="parking" v="street_side"/>
 </way>
 <way id="62251928" visible="true" version="2" changeset="139244207" timestamp="2023-07-31T09:26:08Z" user="darthravem" uid="2415747">
  <nd ref="11078371856"/>
  <nd ref="777416152"/>
  <nd ref="777417903"/>
  <tag k="highway" v="service"/>
  <tag k="lit" v="yes"/>
 </way>
 <way id="62251929" visible="true" version="3" changeset="111704620" timestamp="2021-09-26T01:00:10Z" user="frasty" uid="549825">
  <nd ref="777410769"/>
  <nd ref="777416924"/>
  <nd ref="777413522"/>
  <nd ref="777411568"/>
  <nd ref="777417947"/>
  <nd ref="777416201"/>
  <nd ref="777415979"/>
  <nd ref="777414284"/>
  <nd ref="777412086"/>
  <nd ref="777410588"/>
  <nd ref="777410769"/>
  <tag k="amenity" v="parking"/>
  <tag k="parking" v="street_side"/>
 </way>
 <way id="62251930" visible="true" version="3" changeset="111704620" timestamp="2021-09-26T01:00:10Z" user="frasty" uid="549825">
  <nd ref="777414552"/>
  <nd ref="777410660"/>
  <nd ref="777414894"/>
  <nd ref="777412103"/>
  <nd ref="777414303"/>
  <nd ref="777410831"/>
  <nd ref="777413859"/>
  <nd ref="777414552"/>
  <tag k="amenity" v="parking"/>
  <tag k="parking" v="street_side"/>
 </way>
 <way id="62251933" visible="true" version="2" changeset="139244207" timestamp="2023-07-31T09:29:04Z" user="darthravem" uid="2415747">
  <nd ref="777416374"/>
  <nd ref="777416564"/>
  <nd ref="430335891"/>
  <nd ref="777415434"/>
  <tag k="highway" v="service"/>
  <tag k="lit" v="yes"/>
  <tag k="surface" v="asphalt"/>
 </way>
 <way id="62251934" visible="true" version="3" changeset="111704620" timestamp="2021-09-26T01:00:10Z" user="frasty" uid="549825">
  <nd ref="777416383"/>
  <nd ref="777414687"/>
  <nd ref="777412947"/>
  <nd ref="777411232"/>
  <nd ref="777416383"/>
  <tag k="amenity" v="parking"/>
  <tag k="parking" v="street_side"/>
 </way>
 <way id="62251935" visible="true" version="1" changeset="5028742" timestamp="2010-06-19T23:26:52Z" user="damjang" uid="97922">
  <nd ref="777410596"/>
  <nd ref="777416669"/>
  <tag k="highway" v="service"/>
  <tag k="lit" v="yes"/>
 </way>
 <way id="62251936" visible="true" version="3" changeset="127325615" timestamp="2022-10-10T22:20:04Z" user="Gorka115" uid="9458168">
  <nd ref="777416475"/>
  <nd ref="777414769"/>
  <tag k="highway" v="service"/>
  <tag k="lit" v="yes"/>
  <tag k="oneway" v="yes"/>
  <tag k="service" v="parking_aisle"/>
  <tag k="surface" v="asphalt"/>
 </way>
 <way id="62251937" visible="true" version="2" changeset="127325615" timestamp="2022-10-10T22:19:40Z" user="Gorka115" uid="9458168">
  <nd ref="430335889"/>
  <nd ref="430335948"/>
  <tag k="highway" v="service"/>
  <tag k="lit" v="yes"/>
  <tag k="surface" v="asphalt"/>
 </way>
 <way id="62251938" visible="true" version="1" changeset="5028742" timestamp="2010-06-19T23:26:52Z" user="damjang" uid="97922">
  <nd ref="777413290"/>
  <nd ref="777418182"/>
  <nd ref="777411324"/>
  <nd ref="777411149"/>
  <nd ref="777417477"/>
  <nd ref="777415691"/>
  <nd ref="777413729"/>
  <nd ref="777418321"/>
  <nd ref="777413290"/>
  <tag k="landuse" v="grass"/>
 </way>
 <way id="62251939" visible="true" version="1" changeset="5028742" timestamp="2010-06-19T23:26:52Z" user="damjang" uid="97922">
  <nd ref="777417696"/>
  <nd ref="777413856"/>
  <tag k="highway" v="footway"/>
  <tag k="lit" v="yes"/>
  <tag k="surface" v="paved"/>
 </way>
 <way id="62251941" visible="true" version="2" changeset="5032067" timestamp="2010-06-20T11:33:35Z" user="damjang" uid="97922">
  <nd ref="777412733"/>
  <nd ref="777411082"/>
  <nd ref="777413107"/>
  <nd ref="777411151"/>
  <tag k="highway" v="service"/>
  <tag k="lit" v="yes"/>
 </way>
 <way id="62251942" visible="true" version="1" changeset="5028742" timestamp="2010-06-19T23:26:56Z" user="damjang" uid="97922">
  <nd ref="777418014"/>
  <nd ref="777416273"/>
  <tag k="highway" v="steps"/>
  <tag k="surface" v="paved"/>
 </way>
 <way id="72485437" visible="true" version="4" changeset="149275480" timestamp="2024-03-28T15:37:53Z" user="the_real_shb" uid="19198184">
  <nd ref="860542873"/>
  <nd ref="860543197"/>
  <nd ref="860542888"/>
  <nd ref="860543053"/>
  <nd ref="860543098"/>
  <nd ref="860542962"/>
  <nd ref="860543010"/>
  <nd ref="860542864"/>
  <nd ref="860542908"/>
  <nd ref="860542904"/>
  <nd ref="860542959"/>
  <nd ref="860543138"/>
  <nd ref="860542855"/>
  <nd ref="860543032"/>
  <nd ref="860543072"/>
  <nd ref="860542935"/>
  <nd ref="860542985"/>
  <nd ref="860543013"/>
  <nd ref="860543055"/>
  <nd ref="860542912"/>
  <nd ref="860542967"/>
  <nd ref="860543158"/>
  <nd ref="860542871"/>
  <nd ref="860543040"/>
  <nd ref="860543078"/>
  <tag k="highway" v="track"/>
  <tag k="tracktype" v="grade2"/>
 </way>
 <way id="72485456" visible="true" version="1" changeset="5494099" timestamp="2010-08-14T20:03:00Z" user="Davide Prade" uid="12377">
  <nd ref="860542988"/>
  <nd ref="860543035"/>
  <nd ref="860542937"/>
  <nd ref="860543100"/>
  <nd ref="860543200"/>
  <nd ref="860543125"/>
  <tag k="highway" v="track"/>
  <tag k="tracktype" v="grade2"/>
 </way>
 <way id="196334449" visible="true" version="2" changeset="121336734" timestamp="2022-05-22T21:23:53Z" user="alessandrocarmeli" uid="12294600">
  <nd ref="777417530"/>
  <nd ref="777415963"/>
  <tag k="highway" v="track"/>
  <tag k="lit" v="yes"/>
  <tag k="tracktype" v="grade1"/>
 </way>
 <way id="208288538" visible="true" version="1" changeset="15251260" timestamp="2013-03-04T20:34:51Z" user="Aris Milani" uid="1189125">
  <nd ref="2186149785"/>
  <nd ref="2186149779"/>
  <nd ref="2186149774"/>
  <nd ref="2186149756"/>
  <tag k="access" v="yes"/>
  <tag k="highway" v="track"/>
  <tag k="motorcar" v="no"/>
  <tag k="motorcycle" v="no"/>
  <tag k="motor_vehicle" v="no"/>
  <tag k="surface" v="gravel"/>
 </way>
 <way id="240374788" visible="true" version="2" changeset="116872465" timestamp="2022-02-01T14:59:32Z" user="TelespallaMel" uid="14979671">
  <nd ref="777411468"/>
  <nd ref="777417412"/>
  <nd ref="777415640"/>
  <nd ref="777417644"/>
  <nd ref="777413680"/>
  <nd ref="777411839"/>
  <nd ref="777416571"/>
  <nd ref="777414896"/>
  <nd ref="777410591"/>
  <nd ref="777413054"/>
  <tag k="highway" v="service"/>
  <tag k="lit" v="yes"/>
  <tag k="oneway" v="yes"/>
  <tag k="surface" v="asphalt"/>
 </way>
 <way id="243971556" visible="true" version="4" changeset="139922502" timestamp="2023-08-15T15:53:59Z" user="the_real_shb" uid="19198184">
  <nd ref="9853577018"/>
  <nd ref="11117057112"/>
  <nd ref="11117057114"/>
  <nd ref="11117057113"/>
  <nd ref="2513276549"/>
  <nd ref="777415963"/>
  <nd ref="777410823"/>
  <tag k="barrier" v="fence"/>
  <tag k="fence_type" v="wire_mesh"/>
  <tag k="height" v="2"/>
  <tag k="material" v="metal"/>
 </way>
 <way id="243971589" visible="true" version="4" changeset="90603072" timestamp="2020-09-08T19:15:12Z" user="user_6400648" uid="6400648">
  <nd ref="7888066080"/>
  <nd ref="7888066079"/>
  <nd ref="7888066078"/>
  <nd ref="7888066077"/>
  <nd ref="7888066076"/>
  <nd ref="7888066075"/>
  <nd ref="7888066074"/>
  <nd ref="7888066073"/>
  <nd ref="7888066071"/>
  <nd ref="7888066069"/>
  <nd ref="2513282745"/>
  <nd ref="7888078291"/>
  <nd ref="2513277707"/>
  <nd ref="7888078292"/>
  <nd ref="2513277711"/>
  <nd ref="2513277375"/>
  <tag k="natural" v="cliff"/>
 </way>
 <way id="243972018" visible="true" version="2" changeset="90603072" timestamp="2020-09-08T19:15:12Z" user="user_6400648" uid="6400648">
  <nd ref="2513277375"/>
  <nd ref="2513282747"/>
  <nd ref="7888078290"/>
  <nd ref="2513282749"/>
  <nd ref="7888078289"/>
  <nd ref="7888078288"/>
  <nd ref="2513282748"/>
  <nd ref="7888066070"/>
  <nd ref="7888066072"/>
  <nd ref="7888078287"/>
  <nd ref="7888078286"/>
  <nd ref="7888078285"/>
  <nd ref="7888066084"/>
  <nd ref="7888066083"/>
  <nd ref="7888066082"/>
  <nd ref="7888066081"/>
  <nd ref="7888066080"/>
  <nd ref="7888066079"/>
  <nd ref="7888066078"/>
  <nd ref="7888066077"/>
  <nd ref="7888066076"/>
  <nd ref="7888066075"/>
  <nd ref="7888066074"/>
  <nd ref="7888066073"/>
  <nd ref="7888066071"/>
  <nd ref="7888066069"/>
  <nd ref="2513282745"/>
  <nd ref="7888078291"/>
  <nd ref="2513277707"/>
  <nd ref="7888078292"/>
  <nd ref="2513277711"/>
  <nd ref="2513277375"/>
  <tag k="natural" v="scrub"/>
 </way>
 <way id="307739754" visible="true" version="6" changeset="116504986" timestamp="2022-01-23T15:57:34Z" user="alessandrocarmeli" uid="12294600">
  <nd ref="772977527"/>
  <nd ref="772978136"/>
  <nd ref="772977132"/>
  <nd ref="772978075"/>
  <nd ref="772978008"/>
  <nd ref="772977137"/>
  <nd ref="772977941"/>
  <nd ref="772978188"/>
  <nd ref="772978140"/>
  <nd ref="772977946"/>
  <nd ref="772978079"/>
  <nd ref="772977570"/>
  <nd ref="772977143"/>
  <nd ref="772978084"/>
  <nd ref="772977121"/>
  <nd ref="772978061"/>
  <nd ref="772978029"/>
  <nd ref="772977140"/>
  <nd ref="772977944"/>
  <nd ref="772978191"/>
  <nd ref="772978144"/>
  <nd ref="772977954"/>
  <nd ref="772978081"/>
  <nd ref="772977581"/>
  <nd ref="772977147"/>
  <nd ref="772978086"/>
  <nd ref="772977123"/>
  <nd ref="772978066"/>
  <nd ref="772977990"/>
  <nd ref="772977128"/>
  <nd ref="772977661"/>
  <nd ref="772978170"/>
  <nd ref="772978090"/>
  <nd ref="772977665"/>
  <nd ref="772978071"/>
  <nd ref="772977523"/>
  <nd ref="772977133"/>
  <nd ref="772978076"/>
  <nd ref="772978185"/>
  <tag k="name" v="Padriciano - Rozzol"/>
  <tag k="power" v="line"/>
  <tag k="voltage" v="132000"/>
 </way>
 <way id="391336618" visible="true" version="1" changeset="36565628" timestamp="2016-01-14T08:47:11Z" user="spietsnaz" uid="2152895">
  <nd ref="3945412818"/>
  <nd ref="3945412819"/>
  <nd ref="3945412820"/>
  <nd ref="3945412821"/>
  <nd ref="3945412822"/>
  <nd ref="3945412823"/>
  <nd ref="3945412824"/>
  <nd ref="3945412825"/>
  <nd ref="3945412826"/>
  <nd ref="3945412827"/>
  <nd ref="3945412828"/>
  <nd ref="3945412829"/>
  <nd ref="3945412830"/>
  <nd ref="3945412831"/>
  <nd ref="3945412832"/>
  <nd ref="3945412833"/>
  <tag k="natural" v="cliff"/>
 </way>
 <way id="496153022" visible="true" version="20" changeset="188000895" timestamp="2026-08-25T16:50:40Z" user="gioc3" uid="23789110">
  <nd ref="4878806862"/>
  <nd ref="1783057607"/>
  <tag k="bicycle" v="no"/>
  <tag k="foot" v="no"/>
  <tag k="highway" v="motorway"/>
  <tag k="horse" v="no"/>
  <tag k="lanes" v="2"/>
  <tag k="lit" v="no"/>
  <tag k="maxspeed" v="100"/>
  <tag k="old_ref" v="NSA314"/>
  <tag k="oneway" v="yes"/>
  <tag k="operator" v="Anas"/>
  <tag k="ref" v="A"/>
  <tag k="surface" v="asphalt"/>
  <tag k="toll" v="no"/>
 </way>
 <way id="496153024" visible="true" version="20" changeset="188027855" timestamp="2026-08-26T07:44:04Z" user="stefi96" uid="24462773">
  <nd ref="777415258"/>
  <nd ref="9360488275"/>
  <nd ref="9360488277"/>
  <nd ref="7628483113"/>
  <nd ref="9360488276"/>
  <nd ref="8373583032"/>
  <tag k="cycleway:right" v="no"/>
  <tag k="highway" v="primary_link"/>
  <tag k="lanes" v="1"/>
  <tag k="lit" v="no"/>
  <tag k="maxspeed" v="50"/>
  <tag k="noname" v="yes"/>
  <tag k="oneway" v="yes"/>
  <tag k="parking:both" v="no"/>
  <tag k="surface" v="asphalt"/>
 </way>
 <way id="641622867" visible="true" version="21" changeset="188000895" timestamp="2026-08-25T16:50:40Z" user="gioc3" uid="23789110">
  <nd ref="70596173"/>
  <nd ref="4878806862"/>
  <tag k="bicycle" v="no"/>
  <tag k="foot" v="no"/>
  <tag k="highway" v="motorway"/>
  <tag k="horse" v="no"/>
  <tag k="lanes" v="2"/>
  <tag k="lit" v="no"/>
  <tag k="maxspeed" v="130"/>
  <tag k="name" v="Autostrada Sistiana-Rabuiese (tronco I)"/>
  <tag k="old_ref" v="NSA314"/>
  <tag k="oneway" v="yes"/>
  <tag k="operator" v="Anas"/>
  <tag k="ref" v="A"/>
  <tag k="source:maxspeed" v="IT:motorway"/>
  <tag k="surface" v="asphalt"/>
  <tag k="toll" v="no"/>
 </way>
 <way id="711653888" visible="true" version="3" changeset="148011352" timestamp="2024-02-28T12:26:16Z" user="darthravem" uid="2415747">
  <nd ref="777411968"/>
  <nd ref="777412437"/>
  <tag k="highway" v="track"/>
  <tag k="surface" v="compacted"/>
  <tag k="tracktype" v="grade3"/>
 </way>
 <way id="733373766" visible="true" version="16" changeset="170299230" timestamp="2025-08-11T15:18:03Z" user="alessandrocarmeli" uid="12294600">
  <nd ref="7628483125"/>
  <nd ref="13063695919"/>
  <nd ref="13063695918"/>
  <nd ref="68704805"/>
  <nd ref="68704809"/>
  <nd ref="68704813"/>
  <nd ref="68704817"/>
  <nd ref="68704821"/>
  <nd ref="68704828"/>
  <nd ref="68704835"/>
  <nd ref="68704836"/>
  <nd ref="68704840"/>
  <nd ref="68704844"/>
  <nd ref="593491447"/>
  <tag k="bicycle" v="no"/>
  <tag k="foot" v="no"/>
  <tag k="highway" v="motorway_link"/>
  <tag k="lanes" v="1"/>
  <tag k="lit" v="no"/>
  <tag k="maxspeed" v="50"/>
  <tag k="old_ref" v="SS202"/>
  <tag k="oneway" v="yes"/>
  <tag k="ref" v="RA13"/>
  <tag k="surface" v="asphalt"/>
  <tag k="toll" v="no"/>
 </way>
 <way id="766022239" visible="true" version="3" changeset="139908591" timestamp="2023-08-15T10:54:07Z" user="alessandrocarmeli" uid="12294600">
  <nd ref="7154353442"/>
  <nd ref="7154353447"/>
  <nd ref="7154353441"/>
  <nd ref="7154353440"/>
  <nd ref="1423981938"/>
  <nd ref="1423981942"/>
  <nd ref="1423981787"/>
  <nd ref="1423981713"/>
  <nd ref="1423981717"/>
  <nd ref="1423981711"/>
  <nd ref="1423981772"/>
  <nd ref="1423981928"/>
  <nd ref="1423981924"/>
  <nd ref="1423981936"/>
  <nd ref="9577876240"/>
  <nd ref="1423981865"/>
  <nd ref="1423981723"/>
  <nd ref="1423981983"/>
  <nd ref="1423981962"/>
  <nd ref="7154382272"/>
  <nd ref="7154353475"/>
  <nd ref="600790128"/>
  <nd ref="7154358687"/>
  <nd ref="600790130"/>
  <nd ref="600790131"/>
  <nd ref="9577876223"/>
  <nd ref="600790122"/>
  <nd ref="600790123"/>
  <nd ref="600790124"/>
  <tag k="bicycle" v="yes"/>
  <tag k="highway" v="track"/>
  <tag k="sac_scale" v="hiking"/>
  <tag k="surface" v="gravel"/>
  <tag k="tracktype" v="grade4"/>
 </way>
 <way id="791796803" visible="true" version="12" changeset="127950431" timestamp="2022-10-23T10:12:44Z" user="alessandrocarmeli" uid="12294600">
  <nd ref="9138810168"/>
  <nd ref="10123453104"/>
  <nd ref="10123453103"/>
  <nd ref="10123453102"/>
  <nd ref="10123453101"/>
  <nd ref="10123453100"/>
  <nd ref="10123453099"/>
  <nd ref="10123453098"/>
  <nd ref="10123453097"/>
  <nd ref="10123453096"/>
  <nd ref="10123453095"/>
  <nd ref="10123453094"/>
  <nd ref="10123453093"/>
  <nd ref="10123453092"/>
  <nd ref="10123453091"/>
  <nd ref="10123453090"/>
  <nd ref="10123453089"/>
  <nd ref="10123453088"/>
  <nd ref="10123453087"/>
  <nd ref="10123453086"/>
  <nd ref="10123453085"/>
  <nd ref="10123453084"/>
  <nd ref="10123453083"/>
  <nd ref="10123453082"/>
  <nd ref="10123453081"/>
  <nd ref="10123453080"/>
  <nd ref="10123453079"/>
  <nd ref="10123453078"/>
  <nd ref="10123453077"/>
  <nd ref="10123453076"/>
  <nd ref="10123453075"/>
  <nd ref="10123453074"/>
  <nd ref="10123453073"/>
  <nd ref="10123453072"/>
  <nd ref="10123453071"/>
  <nd ref="10123453070"/>
  <nd ref="10123453069"/>
  <nd ref="10123453068"/>
  <nd ref="10123453067"/>
  <nd ref="10123453066"/>
  <nd ref="10123453065"/>
  <nd ref="10123453064"/>
  <nd ref="10123453063"/>
  <nd ref="10123453062"/>
  <nd ref="10123453061"/>
  <nd ref="10123453060"/>
  <nd ref="10123453059"/>
  <nd ref="10123453058"/>
  <nd ref="10123453057"/>
  <nd ref="10123453056"/>
  <nd ref="10123453055"/>
  <nd ref="10123453054"/>
  <nd ref="10123453053"/>
  <nd ref="10123453052"/>
  <nd ref="10123453051"/>
  <nd ref="10123453050"/>
  <nd ref="10123453049"/>
  <nd ref="10123453048"/>
  <nd ref="10123453047"/>
  <nd ref="10123453046"/>
  <nd ref="10123453045"/>
  <nd ref="10123453044"/>
  <nd ref="10123453043"/>
  <nd ref="10123453042"/>
  <nd ref="10123453041"/>
  <nd ref="10123453040"/>
  <nd ref="10123453039"/>
  <nd ref="10123453038"/>
  <nd ref="10123453037"/>
  <nd ref="10123453036"/>
  <nd ref="10123453035"/>
  <nd ref="10123453034"/>
  <nd ref="10123453033"/>
  <nd ref="10123453032"/>
  <nd ref="10123453031"/>
  <nd ref="10123453030"/>
  <nd ref="10123453029"/>
  <nd ref="10123453028"/>
  <nd ref="10123453027"/>
  <nd ref="10123453026"/>
  <nd ref="10123453025"/>
  <nd ref="10123453024"/>
  <nd ref="10123453023"/>
  <nd ref="10123453022"/>
  <nd ref="10123453021"/>
  <nd ref="10123453020"/>
  <nd ref="10123453019"/>
  <nd ref="10123453018"/>
  <nd ref="2513268403"/>
  <nd ref="8373560327"/>
  <nd ref="8373560330"/>
  <nd ref="8373560328"/>
  <nd ref="8373560331"/>
  <nd ref="3945416528"/>
  <nd ref="8373560329"/>
  <nd ref="8373560332"/>
  <nd ref="8373560334"/>
  <nd ref="8373560333"/>
  <nd ref="7402239311"/>
  <nd ref="8373560335"/>
  <nd ref="7402239312"/>
  <nd ref="8373560336"/>
  <nd ref="8373560337"/>
  <nd ref="8373560338"/>
  <nd ref="8373536315"/>
  <nd ref="7402239313"/>
  <nd ref="8373536316"/>
  <nd ref="8373560417"/>
  <nd ref="7402239314"/>
  <nd ref="8373560418"/>
  <nd ref="8373560419"/>
  <nd ref="9463308330"/>
  <nd ref="8373560420"/>
  <nd ref="8373560421"/>
  <nd ref="8373560422"/>
  <nd ref="8373554295"/>
  <nd ref="8373554294"/>
  <nd ref="8373554293"/>
  <nd ref="8373554292"/>
  <nd ref="7402239315"/>
  <nd ref="8373554291"/>
  <nd ref="8373554290"/>
  <nd ref="8373543638"/>
  <nd ref="8373543639"/>
  <nd ref="8373543640"/>
  <nd ref="8373543641"/>
  <nd ref="8373543642"/>
  <nd ref="8373554288"/>
  <nd ref="8373554289"/>
  <nd ref="8373554296"/>
  <nd ref="8373554297"/>
  <nd ref="7402239316"/>
  <nd ref="7402239317"/>
  <nd ref="313274819"/>
  <nd ref="8373543623"/>
  <nd ref="8373543630"/>
  <nd ref="313275111"/>
  <nd ref="7402239318"/>
  <nd ref="7402239323"/>
  <nd ref="8373554305"/>
  <nd ref="8373554304"/>
  <nd ref="8373554303"/>
  <nd ref="8373554302"/>
  <nd ref="8373554301"/>
  <nd ref="1783057050"/>
  <nd ref="8373554300"/>
  <nd ref="8373554299"/>
  <nd ref="8373554298"/>
  <nd ref="8373554306"/>
  <nd ref="8373554307"/>
  <nd ref="1783057056"/>
  <nd ref="8373554310"/>
  <nd ref="8373554309"/>
  <nd ref="8373554308"/>
  <nd ref="8373554311"/>
  <nd ref="7402239319"/>
  <nd ref="8373554312"/>
  <nd ref="8373551853"/>
  <nd ref="8373551852"/>
  <nd ref="7402239320"/>
  <nd ref="8373551855"/>
  <nd ref="8373551854"/>
  <nd ref="7402239321"/>
  <nd ref="8373551856"/>
  <nd ref="8373551857"/>
  <nd ref="7402239322"/>
  <nd ref="8373551858"/>
  <nd ref="8373551859"/>
  <nd ref="7402239303"/>
  <nd ref="8373551860"/>
  <nd ref="8373551861"/>
  <nd ref="8373551863"/>
  <nd ref="8373551862"/>
  <nd ref="7402239304"/>
  <nd ref="8373551872"/>
  <nd ref="8373551871"/>
  <nd ref="8373551864"/>
  <nd ref="7402239305"/>
  <nd ref="8373551867"/>
  <nd ref="8373551865"/>
  <nd ref="8373551866"/>
  <nd ref="8373551870"/>
  <nd ref="8373551868"/>
  <nd ref="8373551869"/>
  <nd ref="3945412818"/>
  <nd ref="3945412819"/>
  <nd ref="3945412820"/>
  <nd ref="3945412821"/>
  <nd ref="3945412822"/>
  <nd ref="3945412823"/>
  <nd ref="3945412824"/>
  <nd ref="3945412825"/>
  <nd ref="3945412826"/>
  <nd ref="3945412827"/>
  <nd ref="3945412828"/>
  <nd ref="3945412829"/>
  <nd ref="3945412830"/>
  <nd ref="3945412831"/>
  <nd ref="3945412832"/>
  <nd ref="3945412833"/>
  <nd ref="7154333577"/>
  <nd ref="7154333578"/>
  <nd ref="7154333579"/>
  <nd ref="7154333580"/>
  <nd ref="7154333581"/>
  <nd ref="7154333582"/>
  <nd ref="7154333583"/>
  <nd ref="7154333584"/>
  <nd ref="7154370185"/>
  <nd ref="7154370186"/>
  <nd ref="7154370187"/>
  <nd ref="7154370188"/>
  <nd ref="7154370189"/>
  <nd ref="7154333569"/>
  <nd ref="7154333570"/>
  <nd ref="7154333571"/>
  <nd ref="7154333572"/>
  <nd ref="7154333573"/>
  <nd ref="7154333574"/>
  <nd ref="7154333575"/>
  <nd ref="7154333576"/>
  <nd ref="7402239306"/>
  <nd ref="7402239307"/>
  <nd ref="7402239308"/>
  <nd ref="2511463639"/>
  <nd ref="7154398497"/>
  <nd ref="7154398503"/>
  <nd ref="7154398504"/>
  <nd ref="7154398505"/>
  <nd ref="7154398507"/>
  <nd ref="7154398506"/>
  <nd ref="7154398500"/>
  <nd ref="7154398501"/>
  <nd ref="7402239309"/>
  <nd ref="7154398499"/>
  <nd ref="2511463630"/>
  <nd ref="2511463649"/>
  <nd ref="9138810167"/>
  <nd ref="9138810168"/>
  <tag k="name" v="Bosco Salzer / Gozd Salcer"/>
  <tag k="name:it" v="Bosco Salzer"/>
  <tag k="name:sl" v="Gozd Salcer"/>
  <tag k="natural" v="scrub"/>
 </way>
 <way id="792454011" visible="true" version="2" changeset="98323862" timestamp="2021-01-28T23:18:11Z" user="damjang" uid="97922">
  <nd ref="7410042143"/>
  <nd ref="7410042144"/>
  <nd ref="1783057607"/>
  <nd ref="1783057654"/>
  <nd ref="7410042145"/>
  <nd ref="7410042146"/>
  <nd ref="7410042147"/>
  <nd ref="7410042148"/>
  <nd ref="7410042149"/>
  <nd ref="7410042150"/>
  <nd ref="7410042151"/>
  <nd ref="7410042152"/>
  <nd ref="7410042153"/>
  <nd ref="7410042154"/>
  <nd ref="7410042155"/>
  <nd ref="7410042156"/>
  <nd ref="7410042157"/>
  <nd ref="7410042158"/>
  <nd ref="8373543618"/>
  <nd ref="8373543620"/>
  <nd ref="8373543622"/>
  <nd ref="7410042159"/>
  <nd ref="8373543621"/>
  <nd ref="8373543619"/>
  <nd ref="7410042160"/>
  <nd ref="7410042161"/>
  <nd ref="7410042162"/>
  <nd ref="7410042163"/>
  <nd ref="7410042164"/>
  <nd ref="7410042165"/>
  <nd ref="7410042143"/>
  <tag k="landuse" v="grass"/>
 </way>
 <way id="800419145" visible="true" version="21" changeset="162181759" timestamp="2025-02-05T20:24:39Z" user="Robygno77" uid="9288673">
  <nd ref="9324844100"/>
  <nd ref="9324779010"/>
  <nd ref="9324779011"/>
  <nd ref="9324779012"/>
  <nd ref="9324779013"/>
  <nd ref="9324779014"/>
  <nd ref="9324779015"/>
  <nd ref="9324779016"/>
  <nd ref="9324844017"/>
  <nd ref="9324844018"/>
  <nd ref="9324844019"/>
  <nd ref="9324844020"/>
  <nd ref="9324844021"/>
  <nd ref="9324844022"/>
  <nd ref="9324844023"/>
  <nd ref="9324844024"/>
  <nd ref="9324844025"/>
  <nd ref="9324844026"/>
  <nd ref="9324844027"/>
  <nd ref="9324844028"/>
  <nd ref="9324844029"/>
  <nd ref="9324844030"/>
  <nd ref="9324844031"/>
  <nd ref="9324844032"/>
  <nd ref="2794848673"/>
  <nd ref="2794848681"/>
  <nd ref="2794848686"/>
  <nd ref="2794848684"/>
  <nd ref="2794848677"/>
  <nd ref="9324844033"/>
  <nd ref="9324844034"/>
  <nd ref="9324844035"/>
  <nd ref="9324844036"/>
  <nd ref="9324844037"/>
  <nd ref="9324844038"/>
  <nd ref="9324844039"/>
  <nd ref="9324844040"/>
  <nd ref="9324844041"/>
  <nd ref="9324844042"/>
  <nd ref="9324844043"/>
  <nd ref="9324844044"/>
  <nd ref="9324844045"/>
  <nd ref="9324844046"/>
  <nd ref="9324844047"/>
  <nd ref="9324844048"/>
  <nd ref="9324844049"/>
  <nd ref="9324844050"/>
  <nd ref="9324844051"/>
  <nd ref="9324844052"/>
  <nd ref="9324844053"/>
  <nd ref="9324844054"/>
  <nd ref="9324844055"/>
  <nd ref="9324844056"/>
  <nd ref="9324844057"/>
  <nd ref="9324844058"/>
  <nd ref="9324844059"/>
  <nd ref="9324844060"/>
  <nd ref="1383501260"/>
  <nd ref="1383501256"/>
  <nd ref="7474194940"/>
  <nd ref="7474194944"/>
  <nd ref="7474194943"/>
  <nd ref="7380482804"/>
  <nd ref="7380482805"/>
  <nd ref="7380482806"/>
  <nd ref="1383516588"/>
  <nd ref="7380482807"/>
  <nd ref="7380482808"/>
  <nd ref="1383516569"/>
  <nd ref="7707183381"/>
  <nd ref="7380482809"/>
  <nd ref="7380482810"/>
  <nd ref="7266420014"/>
  <nd ref="7266420015"/>
  <nd ref="8090903733"/>
  <nd ref="8090903734"/>
  <nd ref="8090903735"/>
  <nd ref="8090903736"/>
  <nd ref="8090903737"/>
  <nd ref="9004171795"/>
  <nd ref="9004171796"/>
  <nd ref="9004171797"/>
  <nd ref="9004171798"/>
  <nd ref="9004171799"/>
  <nd ref="9004171800"/>
  <nd ref="9004171801"/>
  <nd ref="9004171802"/>
  <nd ref="9004171803"/>
  <nd ref="9004171804"/>
  <nd ref="9004171805"/>
  <nd ref="9004171806"/>
  <nd ref="9004171807"/>
  <nd ref="9004171808"/>
  <nd ref="9004171809"/>
  <nd ref="9004171810"/>
  <nd ref="9004171811"/>
  <nd ref="9004171812"/>
  <nd ref="7707200107"/>
  <nd ref="7380482802"/>
  <nd ref="7380482801"/>
  <nd ref="7380482800"/>
  <nd ref="7380482799"/>
  <nd ref="7380482798"/>
  <nd ref="7380482797"/>
  <nd ref="7380482796"/>
  <nd ref="7380482795"/>
  <nd ref="7380482794"/>
  <nd ref="7380482793"/>
  <nd ref="7380482792"/>
  <nd ref="7380482791"/>
  <nd ref="7380482790"/>
  <nd ref="7380482789"/>
  <nd ref="7380482788"/>
  <nd ref="7380482787"/>
  <nd ref="7380482786"/>
  <nd ref="7380482785"/>
  <nd ref="7380457984"/>
  <nd ref="7380457983"/>
  <nd ref="7380457982"/>
  <nd ref="7380457981"/>
  <nd ref="7380457980"/>
  <nd ref="7380457979"/>
  <nd ref="7380457978"/>
  <nd ref="7380457977"/>
  <nd ref="7380457976"/>
  <nd ref="9002480287"/>
  <nd ref="7380457974"/>
  <nd ref="7380457973"/>
  <nd ref="10655085282"/>
  <nd ref="7380457972"/>
  <nd ref="10655085283"/>
  <nd ref="10655085284"/>
  <nd ref="2512167830"/>
  <nd ref="10655085285"/>
  <nd ref="10655085286"/>
  <nd ref="7454790535"/>
  <nd ref="7454790534"/>
  <nd ref="7454790533"/>
  <nd ref="7475720830"/>
  <nd ref="7475720829"/>
  <nd ref="7475720828"/>
  <nd ref="7475720827"/>
  <nd ref="7475720826"/>
  <nd ref="7475720825"/>
  <nd ref="7475720824"/>
  <nd ref="7475720823"/>
  <nd ref="7475720822"/>
  <nd ref="7475720821"/>
  <nd ref="7475720820"/>
  <nd ref="7475720819"/>
  <nd ref="7475720818"/>
  <nd ref="7475720817"/>
  <nd ref="2509833823"/>
  <nd ref="2509833809"/>
  <nd ref="2509833807"/>
  <nd ref="7475712760"/>
  <nd ref="9126296964"/>
  <nd ref="2509833811"/>
  <nd ref="7475712761"/>
  <nd ref="1425029228"/>
  <nd ref="1425029245"/>
  <nd ref="1425029255"/>
  <nd ref="1425029260"/>
  <nd ref="1425029263"/>
  <nd ref="722178182"/>
  <nd ref="722178447"/>
  <nd ref="722178191"/>
  <nd ref="722178455"/>
  <nd ref="722178450"/>
  <nd ref="722178179"/>
  <nd ref="1425029238"/>
  <nd ref="722178184"/>
  <nd ref="722178173"/>
  <nd ref="7475712762"/>
  <nd ref="7475712763"/>
  <nd ref="7475712764"/>
  <nd ref="7475712765"/>
  <nd ref="7475712766"/>
  <nd ref="9126882987"/>
  <nd ref="7475712767"/>
  <nd ref="2509833806"/>
  <nd ref="7475712768"/>
  <nd ref="7475712769"/>
  <nd ref="7475712770"/>
  <nd ref="7475712771"/>
  <nd ref="7475712772"/>
  <nd ref="7475712773"/>
  <nd ref="7475712774"/>
  <nd ref="7475712775"/>
  <nd ref="7475712776"/>
  <nd ref="7475712777"/>
  <nd ref="7475712778"/>
  <nd ref="7475712779"/>
  <nd ref="7475712780"/>
  <nd ref="7475712781"/>
  <nd ref="7475712782"/>
  <nd ref="7475712783"/>
  <nd ref="7475712784"/>
  <nd ref="7475720785"/>
  <nd ref="9126882981"/>
  <nd ref="9126882980"/>
  <nd ref="9126882979"/>
  <nd ref="9126882978"/>
  <nd ref="9126882977"/>
  <nd ref="9126882976"/>
  <nd ref="9126882975"/>
  <nd ref="9126882974"/>
  <nd ref="9126882973"/>
  <nd ref="9126882972"/>
  <nd ref="7475720797"/>
  <nd ref="7475720798"/>
  <nd ref="7475720799"/>
  <nd ref="7475720800"/>
  <nd ref="7475720801"/>
  <nd ref="7475720802"/>
  <nd ref="7475720803"/>
  <nd ref="7475720804"/>
  <nd ref="7475720805"/>
  <nd ref="424486222"/>
  <nd ref="424486223"/>
  <nd ref="424486220"/>
  <nd ref="424486221"/>
  <nd ref="7475720806"/>
  <nd ref="7475720807"/>
  <nd ref="7475720808"/>
  <nd ref="7318522288"/>
  <nd ref="7318522290"/>
  <nd ref="8042989695"/>
  <nd ref="8042989691"/>
  <nd ref="8042989690"/>
  <nd ref="10655085345"/>
  <nd ref="10655085338"/>
  <nd ref="10655085339"/>
  <nd ref="10655085344"/>
  <nd ref="10655085343"/>
  <nd ref="7456720970"/>
  <nd ref="7456720969"/>
  <nd ref="7456720968"/>
  <nd ref="7456720967"/>
  <nd ref="2513327524"/>
  <nd ref="7885598296"/>
  <nd ref="7885598297"/>
  <nd ref="7885598298"/>
  <nd ref="7885598299"/>
  <nd ref="7885598300"/>
  <nd ref="7885598301"/>
  <nd ref="7885598302"/>
  <nd ref="7885598303"/>
  <nd ref="7885598304"/>
  <nd ref="7885598305"/>
  <nd ref="7885598306"/>
  <nd ref="7885598307"/>
  <nd ref="7885598308"/>
  <nd ref="7885598309"/>
  <nd ref="2513327529"/>
  <nd ref="7885598310"/>
  <nd ref="7885598311"/>
  <nd ref="7885598312"/>
  <nd ref="7885598313"/>
  <nd ref="7885598314"/>
  <nd ref="7885598315"/>
  <nd ref="7885598316"/>
  <nd ref="7885598317"/>
  <nd ref="7885598318"/>
  <nd ref="7885598319"/>
  <nd ref="7885598322"/>
  <nd ref="7885598324"/>
  <nd ref="7885598326"/>
  <nd ref="7885598325"/>
  <nd ref="7885598323"/>
  <nd ref="7885598321"/>
  <nd ref="7885598320"/>
  <nd ref="7885598295"/>
  <nd ref="7885598294"/>
  <nd ref="7885598293"/>
  <nd ref="7885598292"/>
  <nd ref="2513320597"/>
  <nd ref="970666224"/>
  <nd ref="9088085572"/>
  <nd ref="9088085573"/>
  <nd ref="9088085574"/>
  <nd ref="9088085575"/>
  <nd ref="9088085576"/>
  <nd ref="2513320595"/>
  <nd ref="9088085577"/>
  <nd ref="9088085610"/>
  <nd ref="9088085578"/>
  <nd ref="9088085579"/>
  <nd ref="9088085580"/>
  <nd ref="9088085581"/>
  <nd ref="9088085582"/>
  <nd ref="9088085583"/>
  <nd ref="9088085584"/>
  <nd ref="2513320605"/>
  <nd ref="2513320604"/>
  <nd ref="9088085585"/>
  <nd ref="9088085586"/>
  <nd ref="9088085587"/>
  <nd ref="9088085588"/>
  <nd ref="9088085589"/>
  <nd ref="9088085590"/>
  <nd ref="9088085591"/>
  <nd ref="9088085592"/>
  <nd ref="9088085593"/>
  <nd ref="9088085594"/>
  <nd ref="9088085595"/>
  <nd ref="9088085596"/>
  <nd ref="9088085597"/>
  <nd ref="9088085598"/>
  <nd ref="9088085599"/>
  <nd ref="2513320600"/>
  <nd ref="9088085600"/>
  <nd ref="9088085601"/>
  <nd ref="9088085602"/>
  <nd ref="9088085603"/>
  <nd ref="9088085604"/>
  <nd ref="9088085605"/>
  <nd ref="9088085606"/>
  <nd ref="9088085607"/>
  <nd ref="9088085608"/>
  <nd ref="9088085609"/>
  <nd ref="2512145825"/>
  <nd ref="8856874453"/>
  <nd ref="8856874431"/>
  <nd ref="8856874432"/>
  <nd ref="8856874433"/>
  <nd ref="8856874434"/>
  <nd ref="8856874435"/>
  <nd ref="8856874436"/>
  <nd ref="8856874437"/>
  <nd ref="2512145830"/>
  <nd ref="8856874438"/>
  <nd ref="8856874439"/>
  <nd ref="2512145848"/>
  <nd ref="8856874440"/>
  <nd ref="8856874441"/>
  <nd ref="2512145859"/>
  <nd ref="8856874442"/>
  <nd ref="2512145861"/>
  <nd ref="1039342453"/>
  <nd ref="1039342248"/>
  <nd ref="2512145845"/>
  <nd ref="1039342296"/>
  <nd ref="1039342574"/>
  <nd ref="1039342152"/>
  <nd ref="1039342413"/>
  <nd ref="1039342493"/>
  <nd ref="1039342268"/>
  <nd ref="1039342337"/>
  <nd ref="8856874447"/>
  <nd ref="8856874448"/>
  <nd ref="1039342426"/>
  <nd ref="1039342512"/>
  <nd ref="1039342274"/>
  <nd ref="2512145828"/>
  <nd ref="1039342347"/>
  <nd ref="5731931454"/>
  <nd ref="1039342225"/>
  <nd ref="1039342469"/>
  <nd ref="54686378"/>
  <nd ref="1039342394"/>
  <nd ref="54686368"/>
  <nd ref="1039342470"/>
  <nd ref="54686365"/>
  <nd ref="7395708134"/>
  <nd ref="12285346343"/>
  <nd ref="12285346344"/>
  <nd ref="12285346345"/>
  <nd ref="7395708135"/>
  <nd ref="12285346340"/>
  <nd ref="12285346341"/>
  <nd ref="12285346342"/>
  <nd ref="7395708136"/>
  <nd ref="12285346339"/>
  <nd ref="7395708137"/>
  <nd ref="12285346337"/>
  <nd ref="12285346338"/>
  <nd ref="12285346335"/>
  <nd ref="12285346336"/>
  <nd ref="7395708133"/>
  <nd ref="12285346334"/>
  <nd ref="12285346332"/>
  <nd ref="12285346333"/>
  <nd ref="12285346330"/>
  <nd ref="12285346331"/>
  <nd ref="12285346329"/>
  <nd ref="12285346328"/>
  <nd ref="7395708123"/>
  <nd ref="12285346327"/>
  <nd ref="12285346326"/>
  <nd ref="12285346325"/>
  <nd ref="7395708124"/>
  <nd ref="12285346324"/>
  <nd ref="7395708117"/>
  <nd ref="12285346323"/>
  <nd ref="7395708118"/>
  <nd ref="7395708119"/>
  <nd ref="7395708120"/>
  <nd ref="7395708121"/>
  <nd ref="12285346320"/>
  <nd ref="7395708122"/>
  <nd ref="12285346321"/>
  <nd ref="7395708125"/>
  <nd ref="7395708126"/>
  <nd ref="7395708127"/>
  <nd ref="7395708128"/>
  <nd ref="7395708129"/>
  <nd ref="7395708130"/>
  <nd ref="7395708131"/>
  <nd ref="7888556230"/>
  <nd ref="7888556229"/>
  <nd ref="7888556228"/>
  <nd ref="2512145840"/>
  <nd ref="2512145864"/>
  <nd ref="2512145862"/>
  <nd ref="7888556227"/>
  <nd ref="2512145837"/>
  <nd ref="7888556226"/>
  <nd ref="2512145823"/>
  <nd ref="7888556225"/>
  <nd ref="2512145835"/>
  <nd ref="9088085611"/>
  <nd ref="9088085612"/>
  <nd ref="9088085613"/>
  <nd ref="9088085614"/>
  <nd ref="9088085615"/>
  <nd ref="9088085616"/>
  <nd ref="9088085617"/>
  <nd ref="9088085618"/>
  <nd ref="9088085619"/>
  <nd ref="9088085620"/>
  <nd ref="9088085621"/>
  <nd ref="7888078327"/>
  <nd ref="777415972"/>
  <nd ref="777411192"/>
  <nd ref="777413158"/>
  <nd ref="777414954"/>
  <nd ref="777416651"/>
  <nd ref="777416913"/>
  <nd ref="777410753"/>
  <nd ref="777412770"/>
  <nd ref="777414520"/>
  <nd ref="777412999"/>
  <nd ref="777414774"/>
  <nd ref="777417044"/>
  <nd ref="9853560915"/>
  <nd ref="7888078303"/>
  <nd ref="7888078304"/>
  <nd ref="7888078305"/>
  <nd ref="7888078306"/>
  <nd ref="7888078307"/>
  <nd ref="7888078308"/>
  <nd ref="777417973"/>
  <nd ref="2513276549"/>
  <nd ref="777415963"/>
  <nd ref="777410823"/>
  <nd ref="777415232"/>
  <nd ref="777418375"/>
  <nd ref="777416104"/>
  <nd ref="777417864"/>
  <nd ref="777411457"/>
  <nd ref="777411123"/>
  <nd ref="777412077"/>
  <nd ref="777415270"/>
  <nd ref="777415614"/>
  <nd ref="777418135"/>
  <nd ref="777413707"/>
  <nd ref="777417337"/>
  <nd ref="777411864"/>
  <nd ref="777412898"/>
  <nd ref="777413278"/>
  <nd ref="777412437"/>
  <nd ref="777414866"/>
  <nd ref="777411078"/>
  <nd ref="777415831"/>
  <nd ref="777413023"/>
  <nd ref="36263108"/>
  <nd ref="777417796"/>
  <nd ref="777411180"/>
  <nd ref="777415953"/>
  <nd ref="777410593"/>
  <nd ref="777414218"/>
  <nd ref="777416534"/>
  <nd ref="777413868"/>
  <nd ref="255823289"/>
  <nd ref="777413131"/>
  <nd ref="777416630"/>
  <nd ref="777414940"/>
  <nd ref="36263112"/>
  <nd ref="777414040"/>
  <nd ref="777412877"/>
  <nd ref="777412412"/>
  <nd ref="36263114"/>
  <nd ref="777413152"/>
  <nd ref="8373583030"/>
  <nd ref="7485845079"/>
  <nd ref="7485845080"/>
  <nd ref="7485845081"/>
  <nd ref="7485845082"/>
  <nd ref="7485845083"/>
  <nd ref="9324844065"/>
  <nd ref="9324844064"/>
  <nd ref="9324844063"/>
  <nd ref="9324844062"/>
  <nd ref="9324844061"/>
  <nd ref="9324778982"/>
  <nd ref="9324778983"/>
  <nd ref="9324778984"/>
  <nd ref="9324778985"/>
  <nd ref="9324778986"/>
  <nd ref="9324778987"/>
  <nd ref="9324778988"/>
  <nd ref="9324778989"/>
  <nd ref="9324778990"/>
  <nd ref="9324778991"/>
  <nd ref="9324778992"/>
  <nd ref="9324778993"/>
  <nd ref="9324778994"/>
  <nd ref="9324778995"/>
  <nd ref="9324778996"/>
  <nd ref="9324778997"/>
  <nd ref="9324778998"/>
  <nd ref="9324778999"/>
  <nd ref="9324779000"/>
  <nd ref="9324779001"/>
  <nd ref="9324779002"/>
  <nd ref="9324779003"/>
  <nd ref="12559924744"/>
  <nd ref="9324779004"/>
  <nd ref="9324779005"/>
  <nd ref="9324779006"/>
  <nd ref="9324779007"/>
  <nd ref="9324779008"/>
  <nd ref="9324779009"/>
  <nd ref="9324844099"/>
  <nd ref="9324844100"/>
  <tag k="natural" v="scrub"/>
 </way>
 <way id="800419146" visible="true" version="2" changeset="98324325" timestamp="2021-01-28T23:30:37Z" user="damjang" uid="97922">
  <nd ref="7485857139"/>
  <nd ref="8373576276"/>
  <nd ref="7485857140"/>
  <nd ref="7485857141"/>
  <nd ref="7485857142"/>
  <nd ref="7485857143"/>
  <nd ref="8373576275"/>
  <nd ref="7485857144"/>
  <nd ref="8373576274"/>
  <nd ref="7485857145"/>
  <nd ref="7485857146"/>
  <nd ref="7485857147"/>
  <nd ref="8373576273"/>
  <nd ref="7485857148"/>
  <nd ref="8373576272"/>
  <nd ref="7485857149"/>
  <nd ref="7485857150"/>
  <nd ref="8373576271"/>
  <nd ref="7485857151"/>
  <nd ref="8373576270"/>
  <nd ref="7485857152"/>
  <nd ref="7485857153"/>
  <nd ref="8373576269"/>
  <nd ref="7485857154"/>
  <nd ref="7485857155"/>
  <nd ref="7485857156"/>
  <nd ref="8373583029"/>
  <nd ref="8373583028"/>
  <nd ref="7485857139"/>
  <tag k="landuse" v="grass"/>
 </way>
 <way id="800419147" visible="true" version="9" changeset="188027855" timestamp="2026-08-26T07:44:04Z" user="stefi96" uid="24462773">
  <nd ref="777417189"/>
  <nd ref="430335866"/>
  <nd ref="777413700"/>
  <nd ref="777411857"/>
  <nd ref="777416203"/>
  <nd ref="6867965653"/>
  <tag k="cutting" v="yes"/>
  <tag k="cycleway:both" v="no"/>
  <tag k="highway" v="unclassified"/>
  <tag k="lanes" v="2"/>
  <tag k="lit" v="no"/>
  <tag k="maxspeed" v="50"/>
  <tag k="noname" v="yes"/>
  <tag k="parking:both" v="no"/>
  <tag k="surface" v="asphalt"/>
 </way>
 <way id="800419150" visible="true" version="8" changeset="188027913" timestamp="2026-08-26T07:45:33Z" user="stefi96" uid="24462773">
  <nd ref="777417189"/>
  <nd ref="7628483117"/>
  <nd ref="7485857171"/>
  <nd ref="7485857172"/>
  <nd ref="11343495430"/>
  <nd ref="7485857173"/>
  <nd ref="7628483121"/>
  <nd ref="7485857174"/>
  <nd ref="7485857175"/>
  <nd ref="430335887"/>
  <tag k="highway" v="unclassified"/>
  <tag k="noname" v="yes"/>
  <tag k="oneway" v="yes"/>
  <tag k="parking:both" v="no"/>
  <tag k="surface" v="asphalt"/>
 </way>
 <way id="800419151" visible="true" version="2" changeset="98324325" timestamp="2021-01-28T23:30:37Z" user="damjang" uid="97922">
  <nd ref="7485857177"/>
  <nd ref="8373576268"/>
  <nd ref="7485857178"/>
  <nd ref="8373576267"/>
  <nd ref="7485857179"/>
  <nd ref="7485857180"/>
  <nd ref="7485857181"/>
  <nd ref="7485857182"/>
  <nd ref="7485857183"/>
  <nd ref="7485857184"/>
  <nd ref="7485857185"/>
  <nd ref="7485857186"/>
  <nd ref="7485857187"/>
  <nd ref="7485857188"/>
  <nd ref="7485857189"/>
  <nd ref="7485857190"/>
  <nd ref="7485857191"/>
  <nd ref="7485857192"/>
  <nd ref="7485857193"/>
  <nd ref="7485857194"/>
  <nd ref="7485857195"/>
  <nd ref="7485857196"/>
  <nd ref="7485857197"/>
  <nd ref="7485857198"/>
  <nd ref="7485857199"/>
  <nd ref="7485857200"/>
  <nd ref="7485857201"/>
  <nd ref="7485857202"/>
  <nd ref="7485857203"/>
  <nd ref="7485857204"/>
  <nd ref="7485857177"/>
  <tag k="landuse" v="grass"/>
 </way>
 <way id="845485304" visible="true" version="1" changeset="90603072" timestamp="2020-09-08T19:15:12Z" user="user_6400648" uid="6400648">
  <nd ref="3945412818"/>
  <nd ref="7888066067"/>
  <nd ref="7888066068"/>
  <nd ref="3945412828"/>
  <nd ref="3945412827"/>
  <nd ref="3945412826"/>
  <nd ref="3945412825"/>
  <nd ref="3945412824"/>
  <nd ref="3945412823"/>
  <nd ref="3945412822"/>
  <nd ref="3945412821"/>
  <nd ref="3945412820"/>
  <nd ref="3945412819"/>
  <nd ref="3945412818"/>
  <tag k="landuse" v="grass"/>
 </way>
 <way id="845485305" visible="true" version="1" changeset="90603072" timestamp="2020-09-08T19:15:12Z" user="user_6400648" uid="6400648">
  <nd ref="36263104"/>
  <nd ref="7888078293"/>
  <nd ref="7888078294"/>
  <nd ref="7888078295"/>
  <nd ref="7888078296"/>
  <nd ref="7888078297"/>
  <nd ref="7888078298"/>
  <nd ref="7888078299"/>
  <nd ref="7888078300"/>
  <nd ref="7888078301"/>
  <nd ref="7888078302"/>
  <nd ref="7888078303"/>
  <nd ref="7888078304"/>
  <nd ref="7888078305"/>
  <nd ref="7888078306"/>
  <nd ref="7888078307"/>
  <nd ref="7888078308"/>
  <nd ref="777417973"/>
  <nd ref="777411817"/>
  <nd ref="7888078309"/>
  <nd ref="777415146"/>
  <nd ref="777410905"/>
  <nd ref="777416821"/>
  <nd ref="777410702"/>
  <nd ref="36263104"/>
  <tag k="landuse" v="grass"/>
 </way>
 <way id="866238656" visible="true" version="1" changeset="93412611" timestamp="2020-11-02T10:29:35Z" user="damjang" uid="97922">
  <nd ref="777411968"/>
  <nd ref="8074192230"/>
  <nd ref="8074192229"/>
  <nd ref="8074192228"/>
  <nd ref="8074192227"/>
  <nd ref="8074192226"/>
  <nd ref="2186149785"/>
  <nd ref="777415501"/>
  <nd ref="8074192225"/>
  <nd ref="8074192224"/>
  <nd ref="8074192223"/>
  <nd ref="8074192222"/>
  <nd ref="860543078"/>
  <nd ref="860542988"/>
  <tag k="highway" v="track"/>
 </way>
 <way id="885827126" visible="true" version="12" changeset="188000895" timestamp="2026-08-25T16:50:40Z" user="gioc3" uid="23789110">
  <nd ref="68704849"/>
  <nd ref="68704854"/>
  <nd ref="68704856"/>
  <nd ref="68704860"/>
  <nd ref="68704867"/>
  <nd ref="68704872"/>
  <nd ref="68704877"/>
  <nd ref="68704878"/>
  <nd ref="68704883"/>
  <nd ref="1783057347"/>
  <nd ref="68704888"/>
  <nd ref="68704893"/>
  <nd ref="68704898"/>
  <nd ref="68704899"/>
  <nd ref="68704902"/>
  <nd ref="68704907"/>
  <nd ref="68704910"/>
  <nd ref="68704913"/>
  <nd ref="68704916"/>
  <nd ref="68704918"/>
  <nd ref="68704924"/>
  <nd ref="68704928"/>
  <nd ref="68704948"/>
  <nd ref="1783057967"/>
  <nd ref="68704952"/>
  <nd ref="68704960"/>
  <nd ref="860274124"/>
  <nd ref="246553526"/>
  <tag k="bicycle" v="no"/>
  <tag k="foot" v="no"/>
  <tag k="highway" v="motorway_link"/>
  <tag k="lanes" v="1"/>
  <tag k="lit" v="no"/>
  <tag k="maxspeed" v="50"/>
  <tag k="old_ref" v="SS202"/>
  <tag k="oneway" v="yes"/>
  <tag k="operator" v="Anas"/>
  <tag k="ref" v="RA13"/>
  <tag k="surface" v="asphalt"/>
  <tag k="toll" v="no"/>
 </way>
 <way id="986877234" visible="true" version="4" changeset="187987789" timestamp="2026-08-25T12:56:43Z" user="stefi96" uid="24462773">
  <nd ref="777413913"/>
  <nd ref="777416257"/>
  <nd ref="777417991"/>
  <nd ref="777413410"/>
  <nd ref="777415564"/>
  <nd ref="8517389723"/>
  <nd ref="777415354"/>
  <tag k="cycleway:right" v="no"/>
  <tag k="highway" v="secondary"/>
  <tag k="junction" v="roundabout"/>
  <tag k="maxspeed" v="50"/>
  <tag k="noname" v="yes"/>
  <tag k="parking:both" v="no"/>
  <tag k="surface" v="asphalt"/>
 </way>
 <way id="986877235" visible="true" version="4" changeset="187987789" timestamp="2026-08-25T12:56:43Z" user="stefi96" uid="24462773">
  <nd ref="777415354"/>
  <nd ref="777416987"/>
  <nd ref="777410817"/>
  <nd ref="777410999"/>
  <nd ref="777414764"/>
  <nd ref="8517389724"/>
  <nd ref="6867965652"/>
  <tag k="cycleway:right" v="no"/>
  <tag k="highway" v="secondary"/>
  <tag k="junction" v="roundabout"/>
  <tag k="maxspeed" v="50"/>
  <tag k="noname" v="yes"/>
  <tag k="parking:both" v="no"/>
  <tag k="surface" v="asphalt"/>
 </way>
 <way id="1033461673" visible="true" version="3" changeset="187987789" timestamp="2026-08-25T12:56:43Z" user="stefi96" uid="24462773">
  <nd ref="8373576261"/>
  <nd ref="68697272"/>
  <tag k="highway" v="secondary"/>
  <tag k="maxspeed" v="50"/>
  <tag k="noname" v="yes"/>
  <tag k="parking:both" v="no"/>
 </way>
 <way id="1065756650" visible="true" version="2" changeset="127537269" timestamp="2022-10-14T17:24:31Z" user="Gorka115" uid="9458168">
  <nd ref="777411913"/>
  <nd ref="777416188"/>
  <nd ref="777411557"/>
  <nd ref="430335946"/>
  <tag k="highway" v="service"/>
  <tag k="lit" v="yes"/>
  <tag k="service" v="parking_aisle"/>
  <tag k="surface" v="asphalt"/>
 </way>
 <way id="1065756651" visible="true" version="4" changeset="188027913" timestamp="2026-08-26T07:45:33Z" user="stefi96" uid="24462773">
  <nd ref="430335887"/>
  <nd ref="11343495426"/>
  <nd ref="9762718241"/>
  <nd ref="7485857160"/>
  <nd ref="7628483118"/>
  <nd ref="7485857168"/>
  <nd ref="7628483120"/>
  <nd ref="11343495431"/>
  <nd ref="777417189"/>
  <tag k="highway" v="unclassified"/>
  <tag k="lit" v="yes"/>
  <tag k="maxspeed" v="40"/>
  <tag k="noname" v="yes"/>
  <tag k="oneway" v="yes"/>
  <tag k="parking:both" v="no"/>
  <tag k="surface" v="asphalt"/>
 </way>
 <way id="1065756652" visible="true" version="5" changeset="188027855" timestamp="2026-08-26T07:44:04Z" user="stefi96" uid="24462773">
  <nd ref="777415569"/>
  <nd ref="777417244"/>
  <nd ref="777411004"/>
  <nd ref="777412995"/>
  <nd ref="777410822"/>
  <nd ref="430335946"/>
  <nd ref="777412129"/>
  <nd ref="777418362"/>
  <nd ref="777411972"/>
  <nd ref="777415434"/>
  <nd ref="777417067"/>
  <nd ref="430335948"/>
  <nd ref="11343495424"/>
  <nd ref="11343495425"/>
  <nd ref="430335887"/>
  <tag k="highway" v="unclassified"/>
  <tag k="lanes" v="1"/>
  <tag k="lit" v="yes"/>
  <tag k="maxspeed" v="40"/>
  <tag k="noname" v="yes"/>
  <tag k="oneway" v="yes"/>
  <tag k="parking:both" v="no"/>
  <tag k="surface" v="asphalt"/>
 </way>
 <way id="1137596944" visible="true" version="3" changeset="187987789" timestamp="2026-08-25T12:56:43Z" user="stefi96" uid="24462773">
  <nd ref="6867965652"/>
  <nd ref="777416729"/>
  <nd ref="777410644"/>
  <nd ref="777412131"/>
  <nd ref="777412830"/>
  <nd ref="6867965651"/>
  <nd ref="8517389718"/>
  <nd ref="13063695922"/>
  <nd ref="777413913"/>
  <tag k="cycleway:right" v="no"/>
  <tag k="highway" v="secondary"/>
  <tag k="junction" v="roundabout"/>
  <tag k="maxspeed" v="50"/>
  <tag k="noname" v="yes"/>
  <tag k="parking:both" v="no"/>
  <tag k="surface" v="asphalt"/>
 </way>
 <way id="1150721493" visible="true" version="2" changeset="148011349" timestamp="2024-02-28T12:26:09Z" user="darthravem" uid="2415747">
  <nd ref="777413156"/>
  <nd ref="430335938"/>
  <tag k="highway" v="footway"/>
  <tag k="surface" v="concrete"/>
 </way>
 <way id="1193510976" visible="true" version="2" changeset="139244207" timestamp="2023-07-31T09:26:11Z" user="darthravem" uid="2415747">
  <nd ref="777414465"/>
  <nd ref="11078371856"/>
  <tag k="highway" v="service"/>
  <tag k="lit" v="yes"/>
  <tag k="surface" v="asphalt"/>
 </way>
 <way id="1198255965" visible="true" version="1" changeset="139908591" timestamp="2023-08-15T10:54:07Z" user="alessandrocarmeli" uid="12294600">
  <nd ref="7154353439"/>
  <nd ref="8373551864"/>
  <nd ref="1423981938"/>
  <tag k="bicycle" v="yes"/>
  <tag k="highway" v="track"/>
  <tag k="sac_scale" v="hiking"/>
  <tag k="surface" v="gravel"/>
  <tag k="tracktype" v="grade4"/>
 </way>
 <relation id="1363359" visible="true" version="49" changeset="170299230" timestamp="2025-08-11T15:18:03Z" user="alessandrocarmeli" uid="12294600">
  <member type="node" ref="288962004" role=""/>
  <member type="node" ref="29882569" role=""/>
  <member type="node" ref="207698163" role=""/>
  <member type="node" ref="597361403" role=""/>
  <member type="node" ref="70486711" role=""/>
  <member type="node" ref="597361301" role=""/>
  <member type="node" ref="8821365613" role=""/>
  <member type="node" ref="246553519" role=""/>
  <member type="node" ref="29882599" role=""/>
  <member type="node" ref="70596173" role=""/>
  <member type="way" ref="650295126" role=""/>
  <member type="way" ref="1376147431" role=""/>
  <member type="way" ref="107254483" role=""/>
  <member type="way" ref="203141255" role=""/>
  <member type="way" ref="203141243" role=""/>
  <member type="way" ref="203141251" role=""/>
  <member type="way" ref="203141242" role=""/>
  <member type="way" ref="1258164950" role=""/>
  <member type="way" ref="22902284" role=""/>
  <member type="way" ref="191942216" role=""/>
  <member type="way" ref="46728607" role=""/>
  <member type="way" ref="1258164948" role=""/>
  <member type="way" ref="243872474" role=""/>
  <member type="way" ref="243872475" role=""/>
  <member type="way" ref="191942219" role=""/>
  <member type="way" ref="191942228" role=""/>
  <member type="way" ref="42941154" role=""/>
  <member type="way" ref="42941151" role=""/>
  <member type="way" ref="191942217" role=""/>
  <member type="way" ref="191942223" role=""/>
  <member type="way" ref="42941156" role=""/>
  <member type="way" ref="42941157" role=""/>
  <member type="way" ref="26200730" role=""/>
  <member type="way" ref="129307009" role=""/>
  <member type="way" ref="129307010" role=""/>
  <member type="way" ref="46931960" role=""/>
  <member type="way" ref="861140131" role=""/>
  <member type="way" ref="156185540" role=""/>
  <member type="way" ref="156185542" role=""/>
  <member type="way" ref="156185538" role=""/>
  <member type="way" ref="156185541" role=""/>
  <member type="way" ref="9342839" role=""/>
  <member type="way" ref="46422992" role=""/>
  <member type="way" ref="46422993" role=""/>
  <member type="way" ref="733373766" role=""/>
  <member type="way" ref="46422991" role=""/>
  <member type="way" ref="885827126" role=""/>
  <member type="way" ref="1164411025" role=""/>
  <member type="way" ref="496153023" role=""/>
  <member type="way" ref="156185537" role=""/>
  <member type="way" ref="156185535" role=""/>
  <member type="way" ref="156185539" role=""/>
  <member type="way" ref="156185536" role=""/>
  <member type="way" ref="1380859046" role=""/>
  <member type="way" ref="1380859045" role=""/>
  <member type="way" ref="1380859047" role=""/>
  <member type="way" ref="861140130" role=""/>
  <member type="way" ref="861140129" role=""/>
  <member type="way" ref="26200735" role=""/>
  <member type="way" ref="129307008" role=""/>
  <member type="way" ref="129307011" role=""/>
  <member type="way" ref="42941158" role=""/>
  <member type="way" ref="42941149" role=""/>
  <member type="way" ref="191942215" role=""/>
  <member type="way" ref="191942226" role=""/>
  <member type="way" ref="42941155" role=""/>
  <member type="way" ref="42941150" role=""/>
  <member type="way" ref="191942214" role=""/>
  <member type="way" ref="191942210" role=""/>
  <member type="way" ref="243872473" role=""/>
  <member type="way" ref="1245923673" role=""/>
  <member type="way" ref="243872472" role=""/>
  <member type="way" ref="46728669" role=""/>
  <member type="way" ref="191942221" role=""/>
  <member type="way" ref="1258164949" role=""/>
  <member type="way" ref="104915080" role=""/>
  <member type="way" ref="203141245" role=""/>
  <member type="way" ref="203141244" role=""/>
  <member type="way" ref="203141258" role=""/>
  <member type="way" ref="203141241" role=""/>
  <member type="way" ref="648880234" role=""/>
  <tag k="distance" v="21.411"/>
  <tag k="from" v="Svincolo A4 presso Sistiana"/>
  <tag k="name" v="Raccordo autostradale 13 Sistiana-Padriciano"/>
  <tag k="network" v="IT:A-road"/>
  <tag k="official_name" v="Raccordo autostradale 13 A4-Trieste"/>
  <tag k="operator" v="Anas"/>
  <tag k="ref" v="RA13"/>
  <tag k="route" v="road"/>
  <tag k="to" v="Svincolo di Padriciano con la S.S. n. 202 Dir"/>
  <tag k="type" v="route"/>
  <tag k="wikidata" v="Q2125139"/>
  <tag k="wikipedia" v="it:Raccordo autostradale 13"/>
 </relation>
 <relation id="1922078" visible="true" version="113" changeset="186984787" timestamp="2026-08-05T15:08:21Z" user="EmanueleAby" uid="23479882">
  <member type="relation" ref="14887413" role=""/>
  <member type="relation" ref="14887643" role=""/>
  <member type="relation" ref="14888409" role=""/>
  <member type="relation" ref="14888410" role=""/>
  <member type="relation" ref="14780203" role=""/>
  <member type="relation" ref="14780204" role=""/>
  <member type="relation" ref="13829453" role=""/>
  <member type="relation" ref="13829454" role=""/>
  <member type="relation" ref="14888524" role=""/>
  <member type="relation" ref="14888525" role=""/>
  <member type="relation" ref="14975326" role=""/>
  <member type="relation" ref="14975327" role=""/>
  <tag k="bus" v="yes"/>
  <tag k="name" v="Bus 51"/>
  <tag k="network" v="TPL FVG"/>
  <tag k="network:wikidata" v="Q109614879"/>
  <tag k="network:wikipedia" v="it:TPL FVG"/>
  <tag k="old_operator" v="Trieste Trasporti"/>
  <tag k="operator" v="TPL FVG"/>
  <tag k="operator:wikidata" v="Q109614879"/>
  <tag k="operator:wikipedia" v="it:TPL FVG"/>
  <tag k="ref" v="51"/>
  <tag k="route_master" v="bus"/>
  <tag k="type" v="route_master"/>
 </relation>
 <relation id="2587972" visible="true" version="3" changeset="51855798" timestamp="2017-09-08T18:17:14Z" user="KarmaCleaner" uid="6604853">
  <member type="way" ref="166888132" role="from"/>
  <member type="node" ref="1783057568" role="via"/>
  <member type="way" ref="27810294" role="to"/>
  <tag k="restriction" v="only_left_turn"/>
  <tag k="type" v="restriction"/>
 </relation>
 <relation id="2638882" visible="true" version="31" changeset="179148754" timestamp="2026-02-27T20:32:05Z" user="micheleOSM3" uid="3538539">
  <member type="way" ref="196335498" role=""/>
  <member type="way" ref="293180640" role=""/>
  <member type="way" ref="797528287" role=""/>
  <member type="way" ref="407979915" role=""/>
  <member type="way" ref="72233079" role=""/>
  <member type="way" ref="196335097" role=""/>
  <member type="way" ref="196335098" role=""/>
  <member type="way" ref="1482733697" role=""/>
  <member type="way" ref="92280129" role=""/>
  <member type="way" ref="1482733698" role=""/>
  <member type="way" ref="92280148" role=""/>
  <member type="way" ref="25023532" role=""/>
  <member type="way" ref="1482733696" role=""/>
  <member type="way" ref="83383569" role=""/>
  <member type="way" ref="83383567" role=""/>
  <member type="way" ref="166888044" role=""/>
  <member type="way" ref="26727147" role=""/>
  <member type="way" ref="196334447" role=""/>
  <member type="way" ref="62251903" role=""/>
  <member type="way" ref="62251613" role=""/>
  <member type="way" ref="37002292" role=""/>
  <member type="node" ref="6299339786" role="guidepost"/>
  <tag k="ascent" v="352"/>
  <tag k="cai_scale" v="T"/>
  <tag k="distance" v="4.7"/>
  <tag k="duration:forward" v="01:30"/>
  <tag k="from" v="Via Pindemonte"/>
  <tag k="lwn:name" v="Sentieri CAI FVG - Settore 0 Carso"/>
  <tag k="network" v="lwn"/>
  <tag k="operator" v="Club Alpino Italiano"/>
  <tag k="osmc:symbol" v="red:red:white_stripe:011:black"/>
  <tag k="ref" v="011"/>
  <tag k="roundtrip" v="no"/>
  <tag k="route" v="hiking"/>
  <tag k="source" v="survey:CAI"/>
  <tag k="symbol" v="011 on white red flag"/>
  <tag k="symbol:it" v="011 su bandierina bianca e rossa"/>
  <tag k="to" v="Area di Ricerca di Padriciano"/>
  <tag k="type" v="route"/>
  <tag k="via" v="Rotonda del Boschetto (Trieste) - Bosco Farneto - Sottolongera - Valico di Monte Spaccato (Area Science Park)"/>
  <tag k="website" v="https://www.cai-fvg.it/sentieri-cai-fvg/sentieri-cai-fvg-settore-0-carso/s0-011/"/>
 </relation>
 <relation id="6946412" visible="true" version="28" changeset="158063600" timestamp="2024-10-18T18:37:31Z" user="vojtechzaboril" uid="8971394">
  <member type="node" ref="70596173" role=""/>
  <member type="node" ref="7188152677" role=""/>
  <member type="node" ref="287599629" role=""/>
  <member type="node" ref="709171750" role=""/>
  <member type="node" ref="297637560" role=""/>
  <member type="node" ref="313521891" role=""/>
  <member type="node" ref="313289367" role=""/>
  <member type="way" ref="641622867" role=""/>
  <member type="way" ref="496153022" role=""/>
  <member type="way" ref="191942222" role=""/>
  <member type="way" ref="191942225" role=""/>
  <member type="way" ref="496153019" role=""/>
  <member type="way" ref="28535847" role=""/>
  <member type="way" ref="888254461" role=""/>
  <member type="way" ref="733371767" role=""/>
  <member type="way" ref="27810482" role=""/>
  <member type="way" ref="917970526" role=""/>
  <member type="way" ref="27810481" role=""/>
  <member type="way" ref="27810479" role=""/>
  <member type="way" ref="889234793" role=""/>
  <member type="way" ref="889234791" role=""/>
  <member type="way" ref="889234792" role=""/>
  <member type="way" ref="889234794" role=""/>
  <member type="way" ref="26281458" role=""/>
  <member type="way" ref="27810476" role=""/>
  <member type="way" ref="28535846" role=""/>
  <member type="way" ref="917970527" role=""/>
  <member type="way" ref="733371768" role=""/>
  <member type="way" ref="824535025" role=""/>
  <member type="way" ref="792447293" role=""/>
  <member type="way" ref="56701033" role=""/>
  <member type="way" ref="191942220" role=""/>
  <member type="way" ref="191942227" role=""/>
  <member type="way" ref="28520912" role=""/>
  <member type="way" ref="790393877" role=""/>
  <member type="way" ref="790393879" role=""/>
  <member type="way" ref="1246800696" role=""/>
  <member type="way" ref="231997210" role=""/>
  <member type="way" ref="191946557" role=""/>
  <member type="way" ref="28521232" role=""/>
  <member type="way" ref="28913765" role=""/>
  <member type="way" ref="191967153" role=""/>
  <member type="way" ref="832928880" role=""/>
  <member type="way" ref="980545326" role=""/>
  <member type="way" ref="832928883" role=""/>
  <member type="way" ref="148319235" role=""/>
  <member type="way" ref="148319231" role=""/>
  <member type="way" ref="832928878" role=""/>
  <member type="way" ref="1246811685" role=""/>
  <member type="way" ref="191967154" role=""/>
  <member type="way" ref="28521292" role=""/>
  <member type="way" ref="28521224" role=""/>
  <member type="way" ref="1246800695" role=""/>
  <member type="way" ref="191946556" role=""/>
  <member type="way" ref="28541163" role=""/>
  <member type="way" ref="790393876" role=""/>
  <member type="way" ref="231997211" role=""/>
  <member type="way" ref="28521159" role=""/>
  <member type="way" ref="790393880" role=""/>
  <member type="way" ref="1325472096" role=""/>
  <member type="way" ref="28541048" role=""/>
  <tag k="colour" v="green;blue"/>
  <tag k="distance" v="9.500"/>
  <tag k="distance_1" v="4.960"/>
  <tag k="distance_2" v="4.600"/>
  <tag k="name" v="Autostrada Sistiana-Rabuiese"/>
  <tag k="network" v="IT:A-road"/>
  <tag k="old_ref" v="NSA314;NSA326"/>
  <tag k="operator" v="Anas"/>
  <tag k="ref" v="A"/>
  <tag k="route" v="road"/>
  <tag k="type" v="route"/>
  <tag k="wikidata" v="Q19931999"/>
  <tag k="wikipedia" v="it:Autostrada Sistiana-Rabuiese"/>
 </relation>
 <relation id="11667476" visible="true" version="4" changeset="117140015" timestamp="2022-02-08T00:31:40Z" user="alessandrocarmeli" uid="12294600">
  <member type="relation" ref="1363359" role=""/>
  <member type="relation" ref="51053" role=""/>
  <member type="relation" ref="6946412" role=""/>
  <tag k="distance" v="49.253"/>
  <tag k="name" v="Grande Viabilità Triestina"/>
  <tag k="old_operator" v="ANAS"/>
  <tag k="operator" v="ANAS, Friuli Venezia Giulia Strade S.p.a."/>
  <tag k="ref" v="GVT"/>
  <tag k="route" v="road"/>
  <tag k="type" v="route"/>
  <tag k="wikidata" v="Q3775597"/>
  <tag k="wikipedia" v="it:Grande Viabilità Triestina"/>
 </relation>
 <relation id="13829286" visible="true" version="42" changeset="186951305" timestamp="2026-08-04T23:29:24Z" user="EmanueleAby" uid="23479882">
  <member type="node" ref="8710565149" role="stop"/>
  <member type="node" ref="8715082554" role="stop"/>
  <member type="node" ref="268201214" role="stop"/>
  <member type="node" ref="627851056" role="stop"/>
  <member type="node" ref="627851059" role="stop"/>
  <member type="node" ref="627851064" role="stop"/>
  <member type="node" ref="273840241" role="stop"/>
  <member type="node" ref="273840233" role="stop"/>
  <member type="node" ref="270561142" role="stop"/>
  <member type="node" ref="4956289578" role="stop"/>
  <member type="node" ref="8740485342" role="stop"/>
  <member type="node" ref="3213784548" role="stop"/>
  <member type="node" ref="9123044208" role="stop"/>
  <member type="node" ref="777412738" role="stop"/>
  <member type="node" ref="7033914619" role="stop"/>
  <member type="node" ref="9121923008" role="stop"/>
  <member type="node" ref="7033914617" role="stop"/>
  <member type="node" ref="7033914614" role="stop"/>
  <member type="node" ref="7033914612" role="stop"/>
  <member type="node" ref="7888141779" role="stop"/>
  <member type="node" ref="7033914601" role="stop"/>
  <member type="node" ref="913919366" role="stop"/>
  <member type="node" ref="913920054" role="stop"/>
  <member type="node" ref="5085947823" role="stop"/>
  <member type="node" ref="5028354115" role="stop"/>
  <member type="node" ref="9123044210" role="stop"/>
  <member type="node" ref="8676024156" role="stop"/>
  <member type="node" ref="7033914600" role="stop"/>
  <member type="node" ref="9122425634" role="stop"/>
  <member type="node" ref="8577834118" role="stop"/>
  <member type="node" ref="273840231" role="stop"/>
  <member type="node" ref="273840237" role="stop"/>
  <member type="node" ref="627851063" role="stop"/>
  <member type="node" ref="627851060" role="stop"/>
  <member type="node" ref="627851057" role="stop"/>
  <member type="node" ref="627851055" role="stop"/>
  <member type="node" ref="8710565149" role="stop"/>
  <member type="way" ref="958976388" role="route"/>
  <member type="way" ref="1010762238" role="route"/>
  <member type="way" ref="986739929" role="route"/>
  <member type="way" ref="283122389" role="route"/>
  <member type="way" ref="650295125" role="route"/>
  <member type="way" ref="878577519" role="route"/>
  <member type="way" ref="1039413278" role="route"/>
  <member type="way" ref="140112864" role="route"/>
  <member type="way" ref="737105150" role="route"/>
  <member type="way" ref="801363384" role="route"/>
  <member type="way" ref="737105154" role="route"/>
  <member type="way" ref="989051959" role="route"/>
  <member type="way" ref="983629095" role="route"/>
  <member type="way" ref="1450923582" role="route"/>
  <member type="way" ref="580939200" role="route"/>
  <member type="way" ref="1450923583" role="route"/>
  <member type="way" ref="1378084624" role="route"/>
  <member type="way" ref="580939202" role="route"/>
  <member type="way" ref="27700720" role="route"/>
  <member type="way" ref="70855474" role="route"/>
  <member type="way" ref="70855492" role="route"/>
  <member type="way" ref="747432838" role="route"/>
  <member type="way" ref="747432838" role="route"/>
  <member type="way" ref="70855492" role="route"/>
  <member type="way" ref="70855474" role="route"/>
  <member type="way" ref="27700720" role="route"/>
  <member type="way" ref="580939202" role="route"/>
  <member type="way" ref="42878790" role="route"/>
  <member type="way" ref="989693916" role="route"/>
  <member type="way" ref="139855103" role="route"/>
  <member type="way" ref="42878792" role="route"/>
  <member type="way" ref="997248464" role="route"/>
  <member type="way" ref="669576306" role="route"/>
  <member type="way" ref="191942208" role="route"/>
  <member type="way" ref="1069354106" role="route"/>
  <member type="way" ref="191942209" role="route"/>
  <member type="way" ref="733371759" role="route"/>
  <member type="way" ref="141929189" role="route"/>
  <member type="way" ref="1110915808" role="route"/>
  <member type="way" ref="1110915804" role="route"/>
  <member type="way" ref="850642327" role="route"/>
  <member type="way" ref="850642323" role="route"/>
  <member type="way" ref="200167817" role="route"/>
  <member type="way" ref="1062205066" role="route"/>
  <member type="way" ref="17545572" role="route"/>
  <member type="way" ref="230750083" role="route"/>
  <member type="way" ref="1328808827" role="route"/>
  <member type="way" ref="1328808826" role="route"/>
  <member type="way" ref="17545495" role="route"/>
  <member type="way" ref="1058304507" role="route"/>
  <member type="way" ref="721579063" role="route"/>
  <member type="way" ref="986877232" role="route"/>
  <member type="way" ref="1062747873" role="route"/>
  <member type="way" ref="26014408" role="route"/>
  <member type="way" ref="1113133768" role="route"/>
  <member type="way" ref="1113133769" role="route"/>
  <member type="way" ref="27128888" role="route"/>
  <member type="way" ref="1409666671" role="route"/>
  <member type="way" ref="799810927" role="route"/>
  <member type="way" ref="1306213167" role="route"/>
  <member type="way" ref="9667774" role="route"/>
  <member type="way" ref="1306213166" role="route"/>
  <member type="way" ref="9667770" role="route"/>
  <member type="way" ref="1253545374" role="route"/>
  <member type="way" ref="140364742" role="route"/>
  <member type="way" ref="140364742" role="route"/>
  <member type="way" ref="1253545374" role="route"/>
  <member type="way" ref="7918197" role="route"/>
  <member type="way" ref="9206188" role="route"/>
  <member type="way" ref="496153013" role="route"/>
  <member type="way" ref="975591306" role="route"/>
  <member type="way" ref="1482733696" role="route"/>
  <member type="way" ref="373654408" role="route"/>
  <member type="way" ref="199973883" role="route"/>
  <member type="way" ref="9194365" role="route"/>
  <member type="way" ref="58510746" role="route"/>
  <member type="way" ref="837598502" role="route"/>
  <member type="way" ref="525135562" role="route"/>
  <member type="way" ref="663634346" role="route"/>
  <member type="way" ref="523691350" role="route"/>
  <member type="way" ref="1019811937" role="route"/>
  <member type="way" ref="523691349" role="route"/>
  <member type="way" ref="70850511" role="route"/>
  <member type="way" ref="1436624886" role="route"/>
  <member type="way" ref="944032087" role="route"/>
  <member type="way" ref="9190107" role="route"/>
  <member type="way" ref="9188838" role="route"/>
  <member type="way" ref="70850522" role="route"/>
  <member type="way" ref="803427394" role="route"/>
  <member type="way" ref="803427393" role="route"/>
  <member type="way" ref="139853790" role="route"/>
  <member type="way" ref="87366113" role="route"/>
  <member type="way" ref="1450923587" role="route"/>
  <member type="way" ref="1122168044" role="route"/>
  <member type="way" ref="1122168045" role="route"/>
  <member type="way" ref="1450923586" role="route"/>
  <member type="way" ref="1450923585" role="route"/>
  <member type="way" ref="87366113" role="route"/>
  <member type="way" ref="1450923587" role="route"/>
  <member type="way" ref="1122168044" role="route"/>
  <member type="way" ref="1122168045" role="route"/>
  <member type="way" ref="1450923586" role="route"/>
  <member type="way" ref="1450923585" role="route"/>
  <member type="way" ref="87366197" role="route"/>
  <member type="way" ref="139853789" role="route"/>
  <member type="way" ref="803427392" role="route"/>
  <member type="way" ref="803427395" role="route"/>
  <member type="way" ref="9188838" role="route"/>
  <member type="way" ref="9190107" role="route"/>
  <member type="way" ref="944032087" role="route"/>
  <member type="way" ref="1436624886" role="route"/>
  <member type="way" ref="70850511" role="route"/>
  <member type="way" ref="523691349" role="route"/>
  <member type="way" ref="1019811937" role="route"/>
  <member type="way" ref="523691350" role="route"/>
  <member type="way" ref="663634346" role="route"/>
  <member type="way" ref="525135566" role="route"/>
  <member type="way" ref="70850524" role="route"/>
  <member type="way" ref="111506530" role="route"/>
  <member type="way" ref="199973883" role="route"/>
  <member type="way" ref="373654408" role="route"/>
  <member type="way" ref="1482733696" role="route"/>
  <member type="way" ref="975591306" role="route"/>
  <member type="way" ref="496153013" role="route"/>
  <member type="way" ref="9206190" role="route"/>
  <member type="way" ref="1033461673" role="route"/>
  <member type="way" ref="9205647" role="route"/>
  <member type="way" ref="62251692" role="route"/>
  <member type="way" ref="800419147" role="route"/>
  <member type="way" ref="800419150" role="route"/>
  <member type="way" ref="37002140" role="route"/>
  <member type="way" ref="1065756652" role="route"/>
  <member type="way" ref="1065756651" role="route"/>
  <member type="way" ref="800419147" role="route"/>
  <member type="way" ref="62251712" role="route"/>
  <member type="way" ref="1137596944" role="route"/>
  <member type="way" ref="9205648" role="route"/>
  <member type="way" ref="1033461673" role="route"/>
  <member type="way" ref="27810294" role="route"/>
  <member type="way" ref="141929207" role="route"/>
  <member type="way" ref="141929207" role="route"/>
  <member type="way" ref="26046926" role="route"/>
  <member type="way" ref="1328808822" role="route"/>
  <member type="way" ref="144209938" role="route"/>
  <tag k="bicycle" v="no"/>
  <tag k="from" v="Stazione ferroviaria"/>
  <tag k="name" v="Bus 51/: Stazione ferroviaria → circolare"/>
  <tag k="network" v="TPL FVG"/>
  <tag k="network:wikidata" v="Q109614879"/>
  <tag k="network:wikipedia" v="it:Trieste Trasporti"/>
  <tag k="old_operator" v="Trieste Trasporti"/>
  <tag k="operator" v="TPL FVG"/>
  <tag k="operator:wikidata" v="Q109614879"/>
  <tag k="operator:wikipedia" v="it:TPL FVG"/>
  <tag k="public_transport:version" v="1"/>
  <tag k="ref" v="51/"/>
  <tag k="route" v="bus"/>
  <tag k="to" v="Stazione ferroviaria"/>
  <tag k="type" v="route"/>
  <tag k="via" v="Area di Ricerca"/>
  <tag k="website" v="https://www.triestetrasporti.it;https://tplfvg.it/it/"/>
  <tag k="wheelchair" v="yes"/>
 </relation>
 <relation id="13829453" visible="true" version="46" changeset="186951305" timestamp="2026-08-04T23:29:24Z" user="EmanueleAby" uid="23479882">
  <member type="node" ref="8710565149" role="platform"/>
  <member type="node" ref="8715082554" role="platform"/>
  <member type="node" ref="797987413" role="platform"/>
  <member type="node" ref="268201214" role="platform"/>
  <member type="node" ref="627851056" role="platform"/>
  <member type="node" ref="627851059" role="platform"/>
  <member type="node" ref="627851064" role="platform"/>
  <member type="node" ref="273840241" role="platform"/>
  <member type="node" ref="273840233" role="platform"/>
  <member type="node" ref="270561142" role="platform"/>
  <member type="node" ref="4956289578" role="platform"/>
  <member type="node" ref="8740485342" role="platform"/>
  <member type="node" ref="3213784548" role="platform"/>
  <member type="node" ref="9123044208" role="platform"/>
  <member type="node" ref="9123044209" role="platform"/>
  <member type="node" ref="9121923007" role="platform"/>
  <member type="node" ref="9121923006" role="platform"/>
  <member type="node" ref="7033914602" role="platform"/>
  <member type="node" ref="7033914603" role="platform"/>
  <member type="node" ref="7033914613" role="platform"/>
  <member type="node" ref="7033914615" role="platform"/>
  <member type="node" ref="7033914616" role="platform"/>
  <member type="node" ref="7033914618" role="platform"/>
  <member type="node" ref="7033914620" role="platform"/>
  <member type="node" ref="777412738" role="platform"/>
  <member type="node" ref="7033914622" role="platform"/>
  <member type="node" ref="7033914623" role="platform"/>
  <member type="node" ref="7034490678" role="platform"/>
  <member type="node" ref="7034490680" role="platform"/>
  <member type="node" ref="7034490682" role="platform"/>
  <member type="node" ref="7034490683" role="platform"/>
  <member type="node" ref="7034494986" role="platform"/>
  <member type="node" ref="7034494988" role="platform"/>
  <member type="node" ref="7034494990" role="platform"/>
  <member type="node" ref="7034494991" role="platform"/>
  <member type="node" ref="7034494994" role="platform"/>
  <member type="node" ref="6990877965" role="platform"/>
  <member type="node" ref="7029958985" role="platform"/>
  <member type="node" ref="7029932284" role="platform"/>
  <member type="node" ref="7029932282" role="platform"/>
  <member type="node" ref="269693358" role="platform"/>
  <member type="way" ref="958976388" role=""/>
  <member type="way" ref="1010762238" role=""/>
  <member type="way" ref="986739929" role=""/>
  <member type="way" ref="283122389" role=""/>
  <member type="way" ref="650295125" role=""/>
  <member type="way" ref="878577519" role=""/>
  <member type="way" ref="1039413278" role=""/>
  <member type="way" ref="140112864" role=""/>
  <member type="way" ref="747432838" role=""/>
  <member type="way" ref="70855492" role=""/>
  <member type="way" ref="70855474" role=""/>
  <member type="way" ref="27700720" role=""/>
  <member type="way" ref="580939202" role=""/>
  <member type="way" ref="42878790" role=""/>
  <member type="way" ref="989693916" role=""/>
  <member type="way" ref="139855103" role=""/>
  <member type="way" ref="42878792" role=""/>
  <member type="way" ref="997248464" role=""/>
  <member type="way" ref="669576306" role=""/>
  <member type="way" ref="983629095" role=""/>
  <member type="way" ref="1450923582" role=""/>
  <member type="way" ref="1450923585" role=""/>
  <member type="way" ref="1450923586" role=""/>
  <member type="way" ref="1122168045" role=""/>
  <member type="way" ref="1122168044" role=""/>
  <member type="way" ref="1450923587" role=""/>
  <member type="way" ref="87366113" role=""/>
  <member type="way" ref="87366197" role=""/>
  <member type="way" ref="139853789" role=""/>
  <member type="way" ref="803427392" role=""/>
  <member type="way" ref="803427395" role=""/>
  <member type="way" ref="9188838" role=""/>
  <member type="way" ref="9190107" role=""/>
  <member type="way" ref="944032087" role=""/>
  <member type="way" ref="1436624886" role=""/>
  <member type="way" ref="70850511" role=""/>
  <member type="way" ref="523691349" role=""/>
  <member type="way" ref="1019811937" role=""/>
  <member type="way" ref="523691350" role=""/>
  <member type="way" ref="663634346" role=""/>
  <member type="way" ref="525135566" role=""/>
  <member type="way" ref="70850524" role=""/>
  <member type="way" ref="111506530" role=""/>
  <member type="way" ref="199973883" role=""/>
  <member type="way" ref="373654408" role=""/>
  <member type="way" ref="1482733696" role=""/>
  <member type="way" ref="975591306" role=""/>
  <member type="way" ref="496153013" role=""/>
  <member type="way" ref="140364742" role=""/>
  <member type="way" ref="1253545374" role=""/>
  <member type="way" ref="9667770" role=""/>
  <member type="way" ref="1306213166" role=""/>
  <member type="way" ref="9667774" role=""/>
  <member type="way" ref="1306213167" role=""/>
  <member type="way" ref="799810927" role=""/>
  <member type="way" ref="1409666671" role=""/>
  <member type="way" ref="1113133767" role=""/>
  <member type="way" ref="986877233" role=""/>
  <member type="way" ref="1062747873" role=""/>
  <member type="way" ref="986877232" role=""/>
  <member type="way" ref="721579063" role=""/>
  <member type="way" ref="1058304507" role=""/>
  <member type="way" ref="17545495" role=""/>
  <member type="way" ref="1328808826" role=""/>
  <member type="way" ref="1328808827" role=""/>
  <member type="way" ref="230750083" role=""/>
  <member type="way" ref="17545572" role=""/>
  <member type="way" ref="1062205066" role=""/>
  <member type="way" ref="200167817" role=""/>
  <member type="way" ref="850642323" role=""/>
  <member type="way" ref="850642327" role=""/>
  <member type="way" ref="1110915804" role=""/>
  <member type="way" ref="1110915808" role=""/>
  <member type="way" ref="141929189" role=""/>
  <member type="way" ref="1033461676" role=""/>
  <member type="way" ref="1033461675" role=""/>
  <member type="way" ref="191942209" role=""/>
  <member type="way" ref="1069354106" role=""/>
  <member type="way" ref="191942208" role=""/>
  <member type="way" ref="27810294" role=""/>
  <member type="way" ref="1033461673" role=""/>
  <member type="way" ref="9205647" role=""/>
  <member type="way" ref="62251692" role=""/>
  <member type="way" ref="800419147" role=""/>
  <member type="way" ref="800419150" role=""/>
  <member type="way" ref="37002140" role=""/>
  <member type="way" ref="1065756652" role=""/>
  <member type="way" ref="1065756651" role=""/>
  <member type="way" ref="800419147" role=""/>
  <member type="way" ref="62251712" role=""/>
  <member type="way" ref="1137596944" role=""/>
  <member type="way" ref="9205648" role=""/>
  <member type="way" ref="1033461673" role=""/>
  <member type="way" ref="27810294" role=""/>
  <member type="way" ref="191942208" role=""/>
  <member type="way" ref="1069354106" role=""/>
  <member type="way" ref="191942209" role=""/>
  <member type="way" ref="1033461675" role=""/>
  <member type="way" ref="1062765181" role=""/>
  <member type="way" ref="497711783" role=""/>
  <member type="way" ref="850642319" role=""/>
  <member type="way" ref="497711782" role=""/>
  <member type="way" ref="227993127" role=""/>
  <member type="way" ref="227993129" role=""/>
  <member type="way" ref="1065756653" role=""/>
  <member type="way" ref="200187238" role=""/>
  <member type="way" ref="819452096" role=""/>
  <member type="way" ref="1067661418" role=""/>
  <member type="way" ref="819452102" role=""/>
  <member type="way" ref="1062018256" role=""/>
  <member type="way" ref="819452108" role=""/>
  <member type="way" ref="202675170" role=""/>
  <member type="way" ref="27715816" role=""/>
  <member type="way" ref="1292427277" role=""/>
  <member type="way" ref="27715814" role=""/>
  <member type="way" ref="25599748" role=""/>
  <member type="way" ref="202675168" role=""/>
  <member type="way" ref="9331740" role=""/>
  <member type="way" ref="992502050" role=""/>
  <member type="way" ref="87344969" role=""/>
  <member type="way" ref="1028187024" role=""/>
  <tag k="bicycle" v="no"/>
  <tag k="from" v="Stazione ferroviaria"/>
  <tag k="name" v="Bus 51: Stazione ferroviaria → Area di Ricerca → Villa Carsia"/>
  <tag k="network" v="TPL FVG"/>
  <tag k="network:wikidata" v="Q109614879"/>
  <tag k="network:wikipedia" v="it:Trieste Trasporti"/>
  <tag k="old_operator" v="Trieste Trasporti"/>
  <tag k="operator" v="TPL FVG"/>
  <tag k="operator:wikidata" v="Q109614879"/>
  <tag k="operator:wikipedia" v="it:TPL FVG"/>
  <tag k="public_transport:version" v="1"/>
  <tag k="ref" v="51"/>
  <tag k="route" v="bus"/>
  <tag k="to" v="Villa Carsia"/>
  <tag k="type" v="route"/>
  <tag k="via" v="Area di Ricerca"/>
  <tag k="website" v="https://www.triestetrasporti.it;https://tplfvg.it/it/"/>
  <tag k="wheelchair" v="yes"/>
 </relation>
 <relation id="13829454" visible="true" version="45" changeset="186984787" timestamp="2026-08-05T15:08:21Z" user="EmanueleAby" uid="23479882">
  <member type="node" ref="269693358" role="platform"/>
  <member type="node" ref="7029932281" role="platform"/>
  <member type="node" ref="7029932283" role="platform"/>
  <member type="node" ref="7029958986" role="platform"/>
  <member type="node" ref="7034494996" role="platform"/>
  <member type="node" ref="7034494995" role="platform"/>
  <member type="node" ref="7034494993" role="platform"/>
  <member type="node" ref="7034494992" role="platform"/>
  <member type="node" ref="7034494989" role="platform"/>
  <member type="node" ref="7034494987" role="platform"/>
  <member type="node" ref="7034494985" role="platform"/>
  <member type="node" ref="7034490684" role="platform"/>
  <member type="node" ref="7034490681" role="platform"/>
  <member type="node" ref="7034490679" role="platform"/>
  <member type="node" ref="7034490677" role="platform"/>
  <member type="node" ref="7037001690" role="platform"/>
  <member type="node" ref="7033914621" role="platform"/>
  <member type="node" ref="777412738" role="platform"/>
  <member type="node" ref="7033914619" role="platform"/>
  <member type="node" ref="9121923008" role="platform"/>
  <member type="node" ref="7033914617" role="platform"/>
  <member type="node" ref="7033914614" role="platform"/>
  <member type="node" ref="7033914612" role="platform"/>
  <member type="node" ref="7888141779" role="platform"/>
  <member type="node" ref="7033914601" role="platform"/>
  <member type="node" ref="913919366" role="platform"/>
  <member type="node" ref="913920054" role="platform"/>
  <member type="node" ref="9123044210" role="platform"/>
  <member type="node" ref="8676024156" role="platform"/>
  <member type="node" ref="7033914600" role="platform"/>
  <member type="node" ref="9122425634" role="platform"/>
  <member type="node" ref="8577834118" role="platform"/>
  <member type="node" ref="273840231" role="platform"/>
  <member type="node" ref="273840237" role="platform"/>
  <member type="node" ref="627851063" role="platform"/>
  <member type="node" ref="627851060" role="platform"/>
  <member type="node" ref="627851057" role="platform"/>
  <member type="node" ref="627851055" role="platform"/>
  <member type="node" ref="8710565149" role="platform"/>
  <member type="way" ref="1028187023" role=""/>
  <member type="way" ref="1028195810" role=""/>
  <member type="way" ref="992502049" role=""/>
  <member type="way" ref="9331740" role=""/>
  <member type="way" ref="202675168" role=""/>
  <member type="way" ref="25599748" role=""/>
  <member type="way" ref="27715814" role=""/>
  <member type="way" ref="1292427277" role=""/>
  <member type="way" ref="27715816" role=""/>
  <member type="way" ref="202675170" role=""/>
  <member type="way" ref="819452109" role=""/>
  <member type="way" ref="819452100" role=""/>
  <member type="way" ref="819452101" role=""/>
  <member type="way" ref="622309930" role=""/>
  <member type="way" ref="819452095" role=""/>
  <member type="way" ref="1067661418" role=""/>
  <member type="way" ref="819452096" role=""/>
  <member type="way" ref="200187238" role=""/>
  <member type="way" ref="1065756653" role=""/>
  <member type="way" ref="227993129" role=""/>
  <member type="way" ref="227993127" role=""/>
  <member type="way" ref="497711782" role=""/>
  <member type="way" ref="850642319" role=""/>
  <member type="way" ref="497711783" role=""/>
  <member type="way" ref="733371758" role=""/>
  <member type="way" ref="191942209" role=""/>
  <member type="way" ref="1069354106" role=""/>
  <member type="way" ref="191942208" role=""/>
  <member type="way" ref="27810294" role=""/>
  <member type="way" ref="1033461673" role=""/>
  <member type="way" ref="9205647" role=""/>
  <member type="way" ref="62251692" role=""/>
  <member type="way" ref="800419147" role=""/>
  <member type="way" ref="800419150" role=""/>
  <member type="way" ref="37002140" role=""/>
  <member type="way" ref="1065756652" role=""/>
  <member type="way" ref="1065756651" role=""/>
  <member type="way" ref="800419147" role=""/>
  <member type="way" ref="62251712" role=""/>
  <member type="way" ref="1137596944" role=""/>
  <member type="way" ref="9205648" role=""/>
  <member type="way" ref="1033461673" role=""/>
  <member type="way" ref="27810294" role=""/>
  <member type="way" ref="191942208" role=""/>
  <member type="way" ref="1069354106" role=""/>
  <member type="way" ref="191942209" role=""/>
  <member type="way" ref="733371759" role=""/>
  <member type="way" ref="141929189" role=""/>
  <member type="way" ref="1110915808" role=""/>
  <member type="way" ref="1110915804" role=""/>
  <member type="way" ref="850642327" role=""/>
  <member type="way" ref="850642323" role=""/>
  <member type="way" ref="200167817" role=""/>
  <member type="way" ref="1062205066" role=""/>
  <member type="way" ref="17545572" role=""/>
  <member type="way" ref="230750083" role=""/>
  <member type="way" ref="1328808827" role=""/>
  <member type="way" ref="1328808826" role=""/>
  <member type="way" ref="17545495" role=""/>
  <member type="way" ref="1058304507" role=""/>
  <member type="way" ref="721579063" role=""/>
  <member type="way" ref="986877232" role=""/>
  <member type="way" ref="1062747873" role=""/>
  <member type="way" ref="986877233" role=""/>
  <member type="way" ref="1113133767" role=""/>
  <member type="way" ref="1409666671" role=""/>
  <member type="way" ref="799810927" role=""/>
  <member type="way" ref="1306213167" role=""/>
  <member type="way" ref="9667774" role=""/>
  <member type="way" ref="1306213166" role=""/>
  <member type="way" ref="9667770" role=""/>
  <member type="way" ref="1253545374" role=""/>
  <member type="way" ref="140364742" role=""/>
  <member type="way" ref="496153013" role=""/>
  <member type="way" ref="975591306" role=""/>
  <member type="way" ref="1482733696" role=""/>
  <member type="way" ref="373654408" role=""/>
  <member type="way" ref="199973883" role=""/>
  <member type="way" ref="9194365" role=""/>
  <member type="way" ref="58510746" role=""/>
  <member type="way" ref="837598502" role=""/>
  <member type="way" ref="525135562" role=""/>
  <member type="way" ref="663634346" role=""/>
  <member type="way" ref="523691350" role=""/>
  <member type="way" ref="1019811937" role=""/>
  <member type="way" ref="523691349" role=""/>
  <member type="way" ref="70850511" role=""/>
  <member type="way" ref="1436624886" role=""/>
  <member type="way" ref="944032087" role=""/>
  <member type="way" ref="9190107" role=""/>
  <member type="way" ref="9188838" role=""/>
  <member type="way" ref="70850522" role=""/>
  <member type="way" ref="803427394" role=""/>
  <member type="way" ref="803427393" role=""/>
  <member type="way" ref="139853790" role=""/>
  <member type="way" ref="87366113" role=""/>
  <member type="way" ref="1450923587" role=""/>
  <member type="way" ref="1122168044" role=""/>
  <member type="way" ref="1122168045" role=""/>
  <member type="way" ref="1450923586" role=""/>
  <member type="way" ref="1450923585" role=""/>
  <member type="way" ref="580939200" role=""/>
  <member type="way" ref="1450923583" role=""/>
  <member type="way" ref="1378084624" role=""/>
  <member type="way" ref="580939202" role=""/>
  <member type="way" ref="27700720" role=""/>
  <member type="way" ref="70855474" role=""/>
  <member type="way" ref="70855492" role=""/>
  <member type="way" ref="747432838" role=""/>
  <member type="way" ref="737105150" role=""/>
  <member type="way" ref="801363384" role=""/>
  <member type="way" ref="737105154" role=""/>
  <member type="way" ref="989051959" role=""/>
  <tag k="bicycle" v="no"/>
  <tag k="bus" v="yes"/>
  <tag k="from" v="Villa Carsia"/>
  <tag k="name" v="Bus 51: Villa Carsia → Area di Ricerca → Stazione ferroviaria"/>
  <tag k="network" v="TPL FVG"/>
  <tag k="network:wikidata" v="Q109614879"/>
  <tag k="network:wikipedia" v="it:TPL FVG"/>
  <tag k="old_operator" v="Trieste Trasporti"/>
  <tag k="operator" v="TPL FVG"/>
  <tag k="operator:wikidata" v="Q109614879"/>
  <tag k="operator:wikipedia" v="it:TPL FVG"/>
  <tag k="public_transport:version" v="2"/>
  <tag k="ref" v="51"/>
  <tag k="route" v="bus"/>
  <tag k="to" v="Stazione ferroviaria"/>
  <tag k="type" v="route"/>
  <tag k="via" v="Area di Ricerca"/>
  <tag k="website" v="https://www.triestetrasporti.it;https://tplfvg.it/it/"/>
  <tag k="wheelchair" v="yes"/>
 </relation>
 <relation id="18220698" visible="true" version="15" changeset="183085354" timestamp="2026-05-23T21:46:49Z" user="damjang" uid="97922">
  <member type="way" ref="958186189" role=""/>
  <member type="way" ref="784282432" role=""/>
  <member type="way" ref="1327086580" role=""/>
  <member type="way" ref="185370200" role=""/>
  <member type="way" ref="1328812086" role=""/>
  <member type="way" ref="1328812080" role=""/>
  <member type="way" ref="100614594" role=""/>
  <member type="way" ref="100614595" role=""/>
  <member type="way" ref="46687183" role=""/>
  <member type="way" ref="37391694" role=""/>
  <member type="way" ref="46687199" role=""/>
  <member type="way" ref="1328812081" role=""/>
  <member type="way" ref="386493321" role=""/>
  <member type="way" ref="386493340" role=""/>
  <member type="way" ref="230750073" role=""/>
  <member type="way" ref="157092334" role=""/>
  <member type="way" ref="157092329" role=""/>
  <member type="way" ref="50414251" role=""/>
  <member type="way" ref="37391722" role=""/>
  <member type="way" ref="896240189" role=""/>
  <member type="way" ref="986432013" role=""/>
  <member type="way" ref="30215324" role=""/>
  <member type="way" ref="1305134881" role=""/>
  <member type="way" ref="37565336" role=""/>
  <member type="way" ref="102223653" role=""/>
  <member type="way" ref="1182460071" role=""/>
  <member type="way" ref="1167708035" role=""/>
  <member type="way" ref="102223646" role=""/>
  <member type="way" ref="37565341" role=""/>
  <member type="way" ref="141509047" role=""/>
  <member type="way" ref="37568050" role=""/>
  <member type="way" ref="123122750" role=""/>
  <member type="way" ref="37565342" role=""/>
  <member type="way" ref="37565343" role=""/>
  <member type="way" ref="141919395" role=""/>
  <member type="way" ref="903709312" role=""/>
  <member type="way" ref="123122729" role=""/>
  <member type="way" ref="59405793" role=""/>
  <member type="way" ref="59405822" role=""/>
  <member type="way" ref="141509044" role=""/>
  <member type="way" ref="141509040" role=""/>
  <member type="way" ref="23897918" role=""/>
  <member type="way" ref="37568038" role=""/>
  <member type="way" ref="857755521" role=""/>
  <member type="way" ref="59405891" role=""/>
  <member type="way" ref="1328812084" role=""/>
  <member type="way" ref="634292217" role=""/>
  <member type="way" ref="634292219" role=""/>
  <member type="way" ref="141919397" role=""/>
  <member type="way" ref="59405825" role=""/>
  <member type="way" ref="202444977" role=""/>
  <member type="way" ref="202444976" role=""/>
  <member type="way" ref="997261362" role=""/>
  <member type="way" ref="997774597" role=""/>
  <member type="way" ref="100983259" role=""/>
  <member type="way" ref="161149101" role=""/>
  <member type="way" ref="202487596" role=""/>
  <member type="way" ref="100983254" role=""/>
  <member type="way" ref="202207394" role=""/>
  <member type="way" ref="27129739" role=""/>
  <member type="way" ref="59405623" role=""/>
  <member type="way" ref="59405646" role=""/>
  <member type="way" ref="497707097" role=""/>
  <member type="way" ref="607970672" role=""/>
  <member type="way" ref="161147030" role=""/>
  <member type="way" ref="1378888054" role=""/>
  <member type="way" ref="199513856" role=""/>
  <member type="way" ref="161147059" role=""/>
  <member type="way" ref="59405798" role=""/>
  <member type="way" ref="607970671" role=""/>
  <member type="way" ref="202207395" role=""/>
  <member type="way" ref="59405632" role=""/>
  <member type="way" ref="607970669" role=""/>
  <member type="way" ref="59405630" role=""/>
  <member type="way" ref="59405885" role=""/>
  <member type="way" ref="59405626" role=""/>
  <member type="way" ref="59405778" role=""/>
  <member type="way" ref="166888017" role=""/>
  <member type="way" ref="59405865" role=""/>
  <member type="way" ref="166888012" role=""/>
  <member type="way" ref="166888016" role=""/>
  <member type="way" ref="61904400" role=""/>
  <member type="way" ref="641521519" role=""/>
  <member type="way" ref="166888015" role=""/>
  <member type="way" ref="59405821" role=""/>
  <member type="way" ref="59405893" role=""/>
  <member type="way" ref="42941152" role=""/>
  <member type="way" ref="42941153" role=""/>
  <member type="way" ref="1520124078" role=""/>
  <member type="way" ref="59405656" role=""/>
  <member type="way" ref="141506944" role=""/>
  <member type="way" ref="139244372" role=""/>
  <member type="way" ref="139244377" role=""/>
  <member type="way" ref="1028195810" role=""/>
  <member type="way" ref="992502049" role=""/>
  <member type="way" ref="9331740" role=""/>
  <member type="way" ref="24824586" role=""/>
  <member type="way" ref="8164261" role=""/>
  <member type="way" ref="1328810537" role=""/>
  <member type="way" ref="50242729" role=""/>
  <member type="way" ref="1328810539" role=""/>
  <member type="way" ref="530492520" role=""/>
  <member type="way" ref="51370050" role=""/>
  <member type="way" ref="1033467105" role=""/>
  <member type="way" ref="243596321" role=""/>
  <member type="way" ref="836133623" role=""/>
  <member type="way" ref="51370051" role=""/>
  <member type="way" ref="875885804" role=""/>
  <member type="way" ref="836133622" role=""/>
  <member type="way" ref="41776313" role=""/>
  <member type="way" ref="226868075" role=""/>
  <member type="way" ref="72485428" role=""/>
  <member type="way" ref="945762132" role=""/>
  <member type="way" ref="62251584" role=""/>
  <member type="way" ref="62251711" role=""/>
  <member type="way" ref="37002140" role=""/>
  <member type="way" ref="1065756652" role=""/>
  <member type="way" ref="62251770" role=""/>
  <member type="way" ref="62251670" role=""/>
  <member type="way" ref="37002136" role=""/>
  <member type="way" ref="59455107" role=""/>
  <member type="way" ref="196334447" role=""/>
  <member type="way" ref="62251903" role=""/>
  <member type="way" ref="62251613" role=""/>
  <member type="way" ref="37002292" role=""/>
  <member type="way" ref="166888143" role=""/>
  <member type="way" ref="199223032" role=""/>
  <member type="way" ref="26727068" role=""/>
  <member type="way" ref="26727070" role=""/>
  <member type="way" ref="166888044" role=""/>
  <member type="way" ref="26727147" role=""/>
  <member type="way" ref="1040359150" role=""/>
  <member type="way" ref="1040359151" role=""/>
  <member type="way" ref="26727069" role=""/>
  <member type="way" ref="1040227125" role=""/>
  <member type="way" ref="1328808822" role=""/>
  <member type="way" ref="141929205" role=""/>
  <member type="way" ref="26727051" role=""/>
  <member type="way" ref="1409666673" role=""/>
  <member type="way" ref="47122554" role=""/>
  <member type="way" ref="883781932" role=""/>
  <member type="way" ref="26990534" role=""/>
  <member type="way" ref="800462475" role=""/>
  <member type="way" ref="200167815" role=""/>
  <member type="way" ref="71107121" role=""/>
  <member type="way" ref="1328808827" role=""/>
  <member type="way" ref="794490897" role=""/>
  <member type="way" ref="50296203" role=""/>
  <member type="way" ref="142534402" role=""/>
  <member type="way" ref="166817919" role=""/>
  <member type="way" ref="142534406" role=""/>
  <member type="way" ref="1225475696" role=""/>
  <member type="way" ref="58729815" role=""/>
  <member type="way" ref="1328808829" role=""/>
  <member type="way" ref="26990384" role=""/>
  <member type="way" ref="148985744" role=""/>
  <member type="way" ref="645727941" role=""/>
  <member type="way" ref="474480331" role=""/>
  <member type="way" ref="1039618947" role=""/>
  <member type="way" ref="32928115" role=""/>
  <member type="way" ref="166817938" role=""/>
  <member type="way" ref="32927999" role=""/>
  <member type="way" ref="148985795" role=""/>
  <member type="way" ref="1240406347" role=""/>
  <member type="way" ref="26726992" role=""/>
  <member type="way" ref="25473507" role=""/>
  <member type="way" ref="1225475693" role=""/>
  <member type="way" ref="162818717" role=""/>
  <member type="way" ref="32928110" role=""/>
  <member type="way" ref="1204739078" role=""/>
  <member type="way" ref="1204739077" role=""/>
  <member type="way" ref="32928200" role=""/>
  <member type="way" ref="32928205" role=""/>
  <member type="way" ref="32927937" role=""/>
  <member type="way" ref="32927940" role=""/>
  <member type="way" ref="162818718" role=""/>
  <member type="way" ref="1327086579" role=""/>
  <member type="way" ref="825140097" role=""/>
  <member type="way" ref="825140096" role=""/>
  <member type="way" ref="784282430" role=""/>
  <member type="way" ref="878402104" role=""/>
  <member type="way" ref="32927587" role=""/>
  <member type="way" ref="1096043536" role=""/>
  <member type="way" ref="1096043535" role=""/>
  <member type="way" ref="1041161135" role=""/>
  <member type="way" ref="150345146" role=""/>
  <member type="way" ref="1327086578" role=""/>
  <member type="way" ref="1327086577" role=""/>
  <member type="way" ref="1204739075" role=""/>
  <member type="way" ref="474480330" role=""/>
  <member type="way" ref="474480329" role=""/>
  <member type="way" ref="252422635" role=""/>
  <member type="way" ref="252422633" role=""/>
  <member type="way" ref="252422634" role=""/>
  <member type="way" ref="26726801" role=""/>
  <member type="way" ref="1313701582" role=""/>
  <member type="way" ref="156322001" role=""/>
  <member type="way" ref="156322000" role=""/>
  <member type="way" ref="1225469992" role=""/>
  <member type="way" ref="878402106" role=""/>
  <member type="way" ref="784282431" role=""/>
  <member type="way" ref="1039618946" role=""/>
  <member type="node" ref="436377808" role=""/>
  <member type="way" ref="48379847" role=""/>
  <member type="way" ref="48379859" role=""/>
  <member type="way" ref="37379693" role=""/>
  <member type="way" ref="958186188" role=""/>
  <member type="way" ref="474480333" role=""/>
  <member type="way" ref="1313771341" role=""/>
  <member type="way" ref="1313771340" role=""/>
  <member type="way" ref="26706223" role=""/>
  <member type="way" ref="32927766" role=""/>
  <member type="way" ref="48379839" role=""/>
  <member type="way" ref="797878057" role=""/>
  <tag k="name" v="Ciclovia Variante del Carso"/>
  <tag k="network" v="rcn"/>
  <tag k="ref" v="FVG2b"/>
  <tag k="route" v="bicycle"/>
  <tag k="source" v="https://www.regione.fvg.it/rafvg/cms/RAFVG/infrastrutture-lavori-pubblici/infrastrutture-logistica-trasporti/ciclovie/"/>
  <tag k="type" v="route"/>
 </relation>
</osm>
