openalex_id,title,authors_ordered,year,publication_year,publication_date,venue,venue_name,venue_type,publisher,publication_type,doi,url,primary_url,landing_page_url,openalex_url,arxiv_id,arxiv_url,has_arxiv_version,is_arxiv_preprint,in_scope,relevance_score,relevance_reason,exclusion_reason,preliminary_task,entry_type,is_survey,is_deepfake_related,is_image_editing_related,source_query,source_database,manual_review,notes
https://openalex.org/W4402915983,Raising the Bar of AI-generated Image Detection with CLIP,"[""Davide Cozzolino"", ""Giovanni Poggi"", ""Riccardo Corvi"", ""Matthias Nießner"", ""Luisa Verdoliva""]",2024,2024,2024-06-17,2024 IEEE/CVF Conference on Computer Vision and Pattern Recognition Workshops (CVPRW),2024 IEEE/CVF Conference on Computer Vision and Pattern Recognition Workshops (CVPRW),,,conference,10.1109/cvprw63382.2024.00439,https://doi.org/10.1109/cvprw63382.2024.00439,https://doi.org/10.1109/cvprw63382.2024.00439,https://doi.org/10.1109/cvprw63382.2024.00439,https://openalex.org/W4402915983,,,false,false,true,2,"Matched generation terms: AI-generated image, generated image; task terms: detection, detector.",,detection,method,false,false,false,AI-generated image detection | generated image detection,OpenAlex,true,Automatically extracted OpenAlex candidate; all metadata and preliminary labels require manual review.
https://openalex.org/W4388820663,AI-Generated Image Detection using a Cross-Attention Enhanced Dual-Stream Network,"[""Ziyi Xi"", ""Wenmin Huang"", ""Kangkang Wei"", ""Weiqi Luo"", ""Peijia Zheng""]",2023,2023,2023-10-31,2023 Asia Pacific Signal and Information Processing Association Annual Summit and Conference (APSIPA ASC),2023 Asia Pacific Signal and Information Processing Association Annual Summit and Conference (APSIPA ASC),,,conference,10.1109/apsipaasc58517.2023.10317126,https://doi.org/10.1109/apsipaasc58517.2023.10317126,https://doi.org/10.1109/apsipaasc58517.2023.10317126,https://doi.org/10.1109/apsipaasc58517.2023.10317126,https://openalex.org/W4388820663,,,false,false,true,2,"Matched generation terms: AI-generated image, generated image, text-to-image; task terms: detection.",,detection,method,false,false,false,AI-generated image detection | generated image detection,OpenAlex,true,Automatically extracted OpenAlex candidate; all metadata and preliminary labels require manual review.
https://openalex.org/W4390873235,DIRE for Diffusion-Generated Image Detection,"[""Zhendong Wang"", ""Jianmin Bao"", ""Wengang Zhou"", ""Weilun Wang"", ""Hezhen Hu"", ""Hong Chen"", ""Houqiang Li""]",2023,2023,2023-10-01,2023 IEEE/CVF International Conference on Computer Vision (ICCV),2023 IEEE/CVF International Conference on Computer Vision (ICCV),,,conference,10.1109/iccv51070.2023.02051,https://doi.org/10.1109/iccv51070.2023.02051,https://doi.org/10.1109/iccv51070.2023.02051,https://doi.org/10.1109/iccv51070.2023.02051,https://openalex.org/W4390873235,,,false,false,true,2,"Matched generation terms: generated image, diffusion-generated image, image generated by diffusion model; task terms: detection, detector, detect.",,detection,method,false,false,false,generated image detection | diffusion image detection | diffusion-generated image detection,OpenAlex,true,Automatically extracted OpenAlex candidate; all metadata and preliminary labels require manual review.
https://openalex.org/W2811414481,Detection of GAN-Generated Fake Images over Social Networks,"[""Francesco Marra"", ""Diego Gragnaniello"", ""Davide Cozzolino"", ""Luisa Verdoliva""]",2018,2018,2018-04-01,2018 IEEE Conference on Multimedia Information Processing and Retrieval (MIPR),2018 IEEE Conference on Multimedia Information Processing and Retrieval (MIPR),,,conference,10.1109/mipr.2018.00084,https://doi.org/10.1109/mipr.2018.00084,https://doi.org/10.1109/mipr.2018.00084,https://doi.org/10.1109/mipr.2018.00084,https://openalex.org/W2811414481,,,false,false,true,2,"Matched generation terms: fake image; task terms: detection, detector, detect.",,detection,method,false,false,false,GAN image detection | generated image detection | GAN-generated image detection | diffusion-generated image detection,OpenAlex,true,Automatically extracted OpenAlex candidate; all metadata and preliminary labels require manual review.
https://openalex.org/W4392453284,A siamese-based verification system for open-set architecture attribution of synthetic images,"[""Lydia Abady"", ""Jun Wang"", ""Benedetta Tondi"", ""Mauro Barni""]",2024,2024,2024-03-05,Pattern Recognition Letters,Pattern Recognition Letters,journal,Elsevier BV,journal,10.1016/j.patrec.2024.03.002,https://doi.org/10.1016/j.patrec.2024.03.002,https://doi.org/10.1016/j.patrec.2024.03.002,https://doi.org/10.1016/j.patrec.2024.03.002,https://openalex.org/W4392453284,,,false,false,true,2,Matched generation terms: synthetic image; task terms: attribution of generated images.,,source_attribution,method,false,false,false,synthetic image attribution,OpenAlex,true,Automatically extracted OpenAlex candidate; all metadata and preliminary labels require manual review.
https://openalex.org/W4200053273,Deepfake attribution: On the source identification of artificially generated images,"[""Brandon Khoo"", ""Raphaël C.‐W. Phan"", ""Chern Hong Lim""]",2021,2021,2021-12-03,Wiley Interdisciplinary Reviews Data Mining and Knowledge Discovery,Wiley Interdisciplinary Reviews Data Mining and Knowledge Discovery,journal,Wiley,journal,10.1002/widm.1438,https://doi.org/10.1002/widm.1438,https://doi.org/10.1002/widm.1438,https://doi.org/10.1002/widm.1438,https://openalex.org/W4200053273,,,false,false,true,2,"Matched generation terms: synthetic image, generated image; task terms: detection, detect, forensic, source identification.",,detection_and_source_attribution,method,false,true,false,source attribution generated images | generated image source attribution | synthetic image attribution | AI-generated image attribution | AI-generated image source attribution | synthetic image source attribution | source attribution of AI-generated images | forensic attribution of generated images | forensic detection of generated images | source attribution of synthetic images | source identification of generated images | detecting AI-generated images,OpenAlex,true,Automatically extracted OpenAlex candidate; all metadata and preliminary labels require manual review.
https://openalex.org/W4402753859,Forgery-aware Adaptive Transformer for Generalizable Synthetic Image Detection,"[""Huan Liu"", ""Zichang Tan"", ""Chuangchuang Tan"", ""Yunchao Wei"", ""Jingdong Wang"", ""Yao Zhao""]",2024,2024,2024-06-16,2024 IEEE/CVF Conference on Computer Vision and Pattern Recognition (CVPR),2024 IEEE/CVF Conference on Computer Vision and Pattern Recognition (CVPR),,,conference,10.1109/cvpr52733.2024.01024,https://doi.org/10.1109/cvpr52733.2024.01024,https://doi.org/10.1109/cvpr52733.2024.01024,https://doi.org/10.1109/cvpr52733.2024.01024,https://openalex.org/W4402753859,,,false,false,true,2,"Matched generation terms: synthetic image; task terms: detection, detector, detect.",,detection,method,false,false,false,synthetic image detection,OpenAlex,true,Automatically extracted OpenAlex candidate; all metadata and preliminary labels require manual review.
https://openalex.org/W4375869427,On The Detection of Synthetic Images Generated by Diffusion Models,"[""Riccardo Corvi"", ""Davide Cozzolino"", ""Giada Zingarini"", ""Giovanni Poggi"", ""Koki Nagano"", ""Luisa Verdoliva""]",2023,2023,2023-05-05,"ICASSP 2023 - 2023 IEEE International Conference on Acoustics, Speech and Signal Processing (ICASSP)","ICASSP 2023 - 2023 IEEE International Conference on Acoustics, Speech and Signal Processing (ICASSP)",,,conference,10.1109/icassp49357.2023.10095167,https://doi.org/10.1109/icassp49357.2023.10095167,https://doi.org/10.1109/icassp49357.2023.10095167,https://doi.org/10.1109/icassp49357.2023.10095167,https://openalex.org/W4375869427,,,false,false,true,2,"Matched generation terms: synthetic image, generated image, GAN-generated image, image generated by diffusion model; task terms: detection, detector, forensic.",,detection,method,false,false,false,synthetic image detection | generated image detection | diffusion image detection | GAN-generated image detection | diffusion-generated image detection | forensic detection of generated images,OpenAlex,true,Automatically extracted OpenAlex candidate; all metadata and preliminary labels require manual review.
https://openalex.org/W4404002774,Leveraging Representations from Intermediate Encoder-Blocks for Synthetic Image Detection,"[""Christos Koutlis"", ""Symeon Papadopoulos""]",2024,2024,2024-11-02,Lecture notes in computer science,Lecture notes in computer science,book series,Springer Science+Business Media,book,10.1007/978-3-031-73220-1_23,https://doi.org/10.1007/978-3-031-73220-1_23,https://doi.org/10.1007/978-3-031-73220-1_23,https://doi.org/10.1007/978-3-031-73220-1_23,https://openalex.org/W4404002774,,,false,false,true,2,Matched generation terms: synthetic image; task terms: detection.,,detection,method,false,false,false,synthetic image detection,OpenAlex,true,Automatically extracted OpenAlex candidate; all metadata and preliminary labels require manual review.
https://openalex.org/W4386590429,Artifact: A Large-Scale Dataset With Artificial And Factual Images For Generalizable And Robust Synthetic Image Detection,"[""Md Awsafur Rahman"", ""Bishmoy Paul"", ""Najibul Haque Sarker"", ""Zaber Ibn Abdul Hakim"", ""Shaikh Anowarul Fattah""]",2023,2023,2023-09-11,2023 IEEE International Conference on Image Processing (ICIP),2023 IEEE International Conference on Image Processing (ICIP),,,conference,10.1109/icip49359.2023.10222083,https://doi.org/10.1109/icip49359.2023.10222083,https://doi.org/10.1109/icip49359.2023.10222083,https://doi.org/10.1109/icip49359.2023.10222083,https://openalex.org/W4386590429,,,false,false,true,2,"Matched generation terms: synthetic image, fake image; task terms: detection, detector, detect.",,detection,dataset,false,false,false,synthetic image detection,OpenAlex,true,Automatically extracted OpenAlex candidate; all metadata and preliminary labels require manual review.
https://openalex.org/W4394597038,Deep Image Fingerprint: Towards Low Budget Synthetic Image Detection and Model Lineage Analysis,"[""Sergey Sinitsa"", ""Ohad Fried""]",2024,2024,2024-01-03,2024 IEEE/CVF Winter Conference on Applications of Computer Vision (WACV),2024 IEEE/CVF Winter Conference on Applications of Computer Vision (WACV),,,conference,10.1109/wacv57701.2024.00402,https://doi.org/10.1109/wacv57701.2024.00402,https://doi.org/10.1109/wacv57701.2024.00402,https://doi.org/10.1109/wacv57701.2024.00402,https://openalex.org/W4394597038,,,false,false,true,2,"Matched generation terms: synthetic image, generated image, text-to-image; task terms: detection, detect.",,detection,method,false,false,false,synthetic image detection,OpenAlex,true,Automatically extracted OpenAlex candidate; all metadata and preliminary labels require manual review.
https://openalex.org/W4406160881,Bi‐ <scp>LORA</scp> : A Vision‐Language Approach for Synthetic Image Detection,"[""Mamadou Keïta"", ""Wassim Hamidouche"", ""Hessen Bougueffa Eutamene"", ""Abdelmalik Taleb‐Ahmed"", ""David Camacho"", ""Abdenour Hadid""]",2025,2025,2025-01-08,Expert Systems,Expert Systems,journal,Wiley,journal,10.1111/exsy.13829,https://doi.org/10.1111/exsy.13829,https://doi.org/10.1111/exsy.13829,https://doi.org/10.1111/exsy.13829,https://openalex.org/W4406160881,,,false,false,true,2,"Matched generation terms: synthetic image, generated image; task terms: detection, detect.",,detection,method,false,false,false,synthetic image detection,OpenAlex,true,Automatically extracted OpenAlex candidate; all metadata and preliminary labels require manual review.
https://openalex.org/W4409149749,Improving Synthetic Image Detection Towards Generalization: An Image Transformation Perspective,"[""Ouxiang Li"", ""Jiayin Cai"", ""Yanbin Hao"", ""X.H. Jiang"", ""Yao Hu"", ""Fuli Feng""]",2025,2025,2025-04-04,Proceedings of the 31st ACM SIGKDD Conference on Knowledge Discovery and Data Mining V.1,Proceedings of the 31st ACM SIGKDD Conference on Knowledge Discovery and Data Mining V.1,,,conference,10.1145/3690624.3709392,https://doi.org/10.1145/3690624.3709392,https://doi.org/10.1145/3690624.3709392,https://doi.org/10.1145/3690624.3709392,https://openalex.org/W4409149749,,,false,false,true,2,"Matched generation terms: synthetic image; task terms: detection, detector.",,detection,method,false,false,false,synthetic image detection,OpenAlex,true,Automatically extracted OpenAlex candidate; all metadata and preliminary labels require manual review.
https://openalex.org/W3134971133,VIPPrint: Validating Synthetic Image Detection and Source Linking Methods on a Large Scale Dataset of Printed Documents,"[""Anselmo Ferreira"", ""Ehsan Nowroozi"", ""Mauro Barni""]",2021,2021,2021-03-08,Journal of Imaging,Journal of Imaging,journal,Multidisciplinary Digital Publishing Institute,journal,10.3390/jimaging7030050,https://doi.org/10.3390/jimaging7030050,https://doi.org/10.3390/jimaging7030050,https://doi.org/10.3390/jimaging7030050,https://openalex.org/W3134971133,,,false,false,true,2,"Matched generation terms: synthetic image; task terms: detection, forensic.",,detection,dataset,false,false,true,synthetic image detection | synthetic image source attribution | source attribution of synthetic images,OpenAlex,true,Automatically extracted OpenAlex candidate; all metadata and preliminary labels require manual review.
https://openalex.org/W4399261681,SIDBench: A Python framework for reliably assessing synthetic image detection methods,"[""Manos Schinas"", ""Symeon Papadopoulos""]",2024,2024,2024-06-01,3rd ACM International Workshop on Multimedia AI against Disinformation,3rd ACM International Workshop on Multimedia AI against Disinformation,repository,European Organization for Nuclear Research,journal,10.1145/3643491.3660277,https://doi.org/10.1145/3643491.3660277,https://doi.org/10.1145/3643491.3660277,https://doi.org/10.1145/3643491.3660277,https://openalex.org/W4399261681,2404.18552,https://arxiv.org/abs/2404.18552,true,true,true,2,Matched generation terms: synthetic image; task terms: detection.,,detection,benchmark,false,false,false,synthetic image detection,OpenAlex,true,Automatically extracted OpenAlex candidate; all metadata and preliminary labels require manual review.
https://openalex.org/W4378506811,Generalizable Synthetic Image Detection via Language-guided Contrastive Learning,"[""Haiwei Wu"", ""Jiantao Zhou"", ""Shile Zhang""]",2023,2023,2023-05-23,arXiv (Cornell University),arXiv (Cornell University),repository,Cornell University,preprint,10.48550/arxiv.2305.13800,http://arxiv.org/abs/2305.13800,http://arxiv.org/abs/2305.13800,http://arxiv.org/abs/2305.13800,https://openalex.org/W4378506811,2305.13800,https://arxiv.org/abs/2305.13800,true,true,true,2,"Matched generation terms: AI-generated image, synthetic image, generated image; task terms: detection, detect, forensic.",,detection,method,false,false,false,synthetic image detection,OpenAlex,true,Automatically extracted OpenAlex candidate; all metadata and preliminary labels require manual review.
https://openalex.org/W4413144629,Any-Resolution AI-Generated Image Detection by Spectral Learning,"[""Dimitrios Karageorgiou"", ""Symeon Papadopoulos"", ""Ioannis Kompatsiaris"", ""Efstratios Gavves""]",2025,2025,2025-06-10,2025 IEEE/CVF Conference on Computer Vision and Pattern Recognition (CVPR),2025 IEEE/CVF Conference on Computer Vision and Pattern Recognition (CVPR),,,conference,10.1109/cvpr52734.2025.01743,https://doi.org/10.1109/cvpr52734.2025.01743,https://doi.org/10.1109/cvpr52734.2025.01743,https://doi.org/10.1109/cvpr52734.2025.01743,https://openalex.org/W4413144629,,,false,false,true,2,"Matched generation terms: AI-generated image, generated image; task terms: detection.",,detection,method,false,false,false,AI-generated image detection | generated image detection,OpenAlex,true,Automatically extracted OpenAlex candidate; all metadata and preliminary labels require manual review.
https://openalex.org/W4392209962,Advancing AI-Generated Image Detection: Enhanced Accuracy through CNN and Vision Transformer Models with Explainable AI Insights,"[""Md. Zahid Hossain"", ""Farhad Uz Zaman"", ""Md Rakibul Islam""]",2023,2023,2023-12-13,2023 26th International Conference on Computer and Information Technology (ICCIT),2023 26th International Conference on Computer and Information Technology (ICCIT),,,conference,10.1109/iccit60459.2023.10440990,https://doi.org/10.1109/iccit60459.2023.10440990,https://doi.org/10.1109/iccit60459.2023.10440990,https://doi.org/10.1109/iccit60459.2023.10440990,https://openalex.org/W4392209962,,,false,false,true,2,"Matched generation terms: AI-generated image, synthetic image, generated image; task terms: detection, detect.",,detection,method,false,false,false,AI-generated image detection | generated image detection,OpenAlex,true,Automatically extracted OpenAlex candidate; all metadata and preliminary labels require manual review.
https://openalex.org/W4390189958,Online Detection of AI-Generated Images,"[""David C. Epstein"", ""Ishan Jain"", ""Oliver Wang"", ""Richard Zhang""]",2023,2023,2023-10-02,2023 IEEE/CVF International Conference on Computer Vision Workshops (ICCVW),2023 IEEE/CVF International Conference on Computer Vision Workshops (ICCVW),,,conference,10.1109/iccvw60793.2023.00045,https://doi.org/10.1109/iccvw60793.2023.00045,https://doi.org/10.1109/iccvw60793.2023.00045,https://doi.org/10.1109/iccvw60793.2023.00045,https://openalex.org/W4390189958,,,false,false,true,2,"Matched generation terms: AI-generated image, synthetic image, generated image; task terms: detection, detector.",,detection,method,false,false,true,AI-generated image detection | generated image detection,OpenAlex,true,Automatically extracted OpenAlex candidate; all metadata and preliminary labels require manual review.
https://openalex.org/W4396886753,Visual Veracity: Advancing AI-Generated Image Detection with Convolutional Neural Networks,"[""Achal Shankar Gupta"", ""Krishan Pratap Shreneter"", ""Smriti Sehgal""]",2024,2024,2024-03-14,"2024 11th International Conference on Reliability, Infocom Technologies and Optimization (Trends and Future Directions) (ICRITO)","2024 11th International Conference on Reliability, Infocom Technologies and Optimization (Trends and Future Directions) (ICRITO)",,,conference,10.1109/icrito61523.2024.10522113,https://doi.org/10.1109/icrito61523.2024.10522113,https://doi.org/10.1109/icrito61523.2024.10522113,https://doi.org/10.1109/icrito61523.2024.10522113,https://openalex.org/W4396886753,,,false,false,true,2,"Matched generation terms: AI-generated image, generated image; task terms: detection, forensic.",,detection,method,false,false,false,AI-generated image detection | generated image detection,OpenAlex,true,Automatically extracted OpenAlex candidate; all metadata and preliminary labels require manual review.
https://openalex.org/W4405845641,Exploring the Adversarial Robustness of CLIP for AI-generated Image Detection,"[""Vincenzo De Rosa"", ""Fabrizio Guillaro"", ""Giovanni Poggi"", ""Davide Cozzolino"", ""Luisa Verdoliva""]",2024,2024,2024-12-02,2024 IEEE International Workshop on Information Forensics and Security (WIFS),2024 IEEE International Workshop on Information Forensics and Security (WIFS),repository,European Organization for Nuclear Research,journal,10.1109/wifs61860.2024.10810719,https://doi.org/10.1109/wifs61860.2024.10810719,https://doi.org/10.1109/wifs61860.2024.10810719,https://doi.org/10.1109/wifs61860.2024.10810719,https://openalex.org/W4405845641,,,false,false,true,2,"Matched generation terms: AI-generated image, generated image; task terms: detection, detector, detect, forensic.",,detection,analysis,false,false,false,AI-generated image detection | generated image detection,OpenAlex,true,Automatically extracted OpenAlex candidate; all metadata and preliminary labels require manual review.
https://openalex.org/W4391557868,Enhancing Interpretability in AI-Generated Image Detection with Genetic Programming,"[""Mingqian Lin"", ""Lin Shang"", ""Xiaoying Gao""]",2023,2023,2023-12-04,2023 IEEE International Conference on Data Mining Workshops (ICDMW),2023 IEEE International Conference on Data Mining Workshops (ICDMW),,,conference,10.1109/icdmw60847.2023.00053,https://doi.org/10.1109/icdmw60847.2023.00053,https://doi.org/10.1109/icdmw60847.2023.00053,https://doi.org/10.1109/icdmw60847.2023.00053,https://openalex.org/W4391557868,,,false,false,true,2,"Matched generation terms: AI-generated image, generated image; task terms: detection, detector, detect, forensic.",,detection,method,false,false,false,AI-generated image detection | generated image detection,OpenAlex,true,Automatically extracted OpenAlex candidate; all metadata and preliminary labels require manual review.
https://openalex.org/W4405021796,FAMSeC: A Few-Shot-Sample-Based General AI-Generated Image Detection Method,"[""Juncong Xu"", ""Yang Yang"", ""Han Fang"", ""Honggu Liu"", ""Weiming Zhang""]",2024,2024,2024-12-04,IEEE Signal Processing Letters,IEEE Signal Processing Letters,journal,Institute of Electrical and Electronics Engineers,journal,10.1109/lsp.2024.3511421,https://doi.org/10.1109/lsp.2024.3511421,https://doi.org/10.1109/lsp.2024.3511421,https://doi.org/10.1109/lsp.2024.3511421,https://openalex.org/W4405021796,,,false,false,true,2,"Matched generation terms: AI-generated image, generated image, fake image; task terms: detection, detector.",,detection,method,false,false,false,AI-generated image detection | generated image detection,OpenAlex,true,Automatically extracted OpenAlex candidate; all metadata and preliminary labels require manual review.
https://openalex.org/W4393021531,A COMPARATIVE REVIEW OF AI-GENERATED IMAGE DETECTION ACROSS SOCIAL MEDIA PLATFORMS,"[""Anjuman Ara, Md Sajadul Alam, Kamrujjaman & Afia Farjana Mifa""]",2024,2024,2024-02-10,GLOBAL MAINSTREAM JOURNAL,GLOBAL MAINSTREAM JOURNAL,journal,,journal,10.62304/jieet.v3i01.77,https://doi.org/10.62304/jieet.v3i01.77,https://doi.org/10.62304/jieet.v3i01.77,https://doi.org/10.62304/jieet.v3i01.77,https://openalex.org/W4393021531,,,false,false,true,2,"Matched generation terms: AI-generated image, generated image; task terms: detection, detect.",,detection,survey,true,false,false,AI-generated image detection | generated image detection,OpenAlex,true,Automatically extracted OpenAlex candidate; all metadata and preliminary labels require manual review.
https://openalex.org/W4413145917,A Bias-Free Training Paradigm for More General AI-generated Image Detection,"[""Fabrizio Guillaro"", ""Giada Zingarini"", ""Ben Usman"", ""Avneesh Sud"", ""Davide Cozzolino"", ""Luisa Verdoliva""]",2025,2025,2025-06-10,2025 IEEE/CVF Conference on Computer Vision and Pattern Recognition (CVPR),2025 IEEE/CVF Conference on Computer Vision and Pattern Recognition (CVPR),,,conference,10.1109/cvpr52734.2025.01741,https://doi.org/10.1109/cvpr52734.2025.01741,https://doi.org/10.1109/cvpr52734.2025.01741,https://doi.org/10.1109/cvpr52734.2025.01741,https://openalex.org/W4413145917,,,false,false,true,2,"Matched generation terms: AI-generated image, generated image, fake image; task terms: detection, detector, detect, forensic.",,detection,method,false,false,false,AI-generated image detection | generated image detection,OpenAlex,true,Automatically extracted OpenAlex candidate; all metadata and preliminary labels require manual review.
https://openalex.org/W4409032835,Vision Transformer-Based Framework for AI-Generated Image Detection in Interior Design,"[""Hui Wang""]",2025,2025,2025-03-11,Informatica,Informatica,journal,Slovenian Society Informatika,journal,10.31449/inf.v49i16.7979,https://doi.org/10.31449/inf.v49i16.7979,https://doi.org/10.31449/inf.v49i16.7979,https://doi.org/10.31449/inf.v49i16.7979,https://openalex.org/W4409032835,,,false,false,true,2,"Matched generation terms: AI-generated image, generated image; task terms: detection, detect.",,detection,method,false,false,false,AI-generated image detection | generated image detection,OpenAlex,true,Automatically extracted OpenAlex candidate; all metadata and preliminary labels require manual review.
https://openalex.org/W4388927818,PatchCraft: Exploring Texture Patch for Efficient AI-generated Image Detection,"[""Nan Zhong"", ""Yiran Xu"", ""Li, Sheng"", ""Zhenxing Qian"", ""Xinpeng Zhang""]",2023,2023,2023-11-21,arXiv (Cornell University),arXiv (Cornell University),repository,Cornell University,preprint,10.48550/arxiv.2311.12397,http://arxiv.org/abs/2311.12397,http://arxiv.org/abs/2311.12397,http://arxiv.org/abs/2311.12397,https://openalex.org/W4388927818,2311.12397,https://arxiv.org/abs/2311.12397,true,true,true,2,"Matched generation terms: AI-generated image, generated image, fake image; task terms: detection, detector.",,detection,method,false,false,false,AI-generated image detection | generated image detection,OpenAlex,true,Automatically extracted OpenAlex candidate; all metadata and preliminary labels require manual review.
https://openalex.org/W4409368310,WildFake: A Large-Scale and Hierarchical Dataset for AI-Generated Images Detection,"[""Yan Hong"", ""Jianming Feng"", ""Haoxing Chen"", ""Jun Lan"", ""Huijia Zhu"", ""Weiqiang Wang"", ""Jianfu Zhang""]",2025,2025,2025-04-11,Proceedings of the AAAI Conference on Artificial Intelligence,Proceedings of the AAAI Conference on Artificial Intelligence,conference,Association for the Advancement of Artificial Intelligence,conference,10.1609/aaai.v39i4.32363,https://doi.org/10.1609/aaai.v39i4.32363,https://doi.org/10.1609/aaai.v39i4.32363,https://doi.org/10.1609/aaai.v39i4.32363,https://openalex.org/W4409368310,,,false,false,true,2,"Matched generation terms: AI-generated image, generated image, fake image, text-to-image; task terms: detection, detect.",,detection,dataset,false,false,false,AI-generated image detection | generated image detection,OpenAlex,true,Automatically extracted OpenAlex candidate; all metadata and preliminary labels require manual review.
https://openalex.org/W4400222289,A Sanity Check for AI-generated Image Detection,"[""Shilin Yan"", ""Ouxiang Li"", ""Jiayin Cai"", ""Yanbin Hao"", ""Xiaolong Jiang"", ""Yao Hu"", ""Weidi Xie""]",2024,2024,2024-06-27,arXiv (Cornell University),arXiv (Cornell University),repository,Cornell University,preprint,10.48550/arxiv.2406.19435,http://arxiv.org/abs/2406.19435,http://arxiv.org/abs/2406.19435,http://arxiv.org/abs/2406.19435,https://openalex.org/W4400222289,2406.19435,https://arxiv.org/abs/2406.19435,true,true,true,2,"Matched generation terms: AI-generated image, generated image; task terms: detection, detector, detect.",,detection,method,false,false,false,AI-generated image detection,OpenAlex,true,Automatically extracted OpenAlex candidate; all metadata and preliminary labels require manual review.
https://openalex.org/W4410228077,Enhanced CNN Architecture with Residual Blocks and Regularization for AI-Generated Image Detection,"[""Jayanti Rout"", ""Minati Mishra""]",2025,2025,2025-03-06,2025 IEEE International Conference on Interdisciplinary Approaches in Technology and Management for Social Innovation (IATMSI),2025 IEEE International Conference on Interdisciplinary Approaches in Technology and Management for Social Innovation (IATMSI),,,conference,10.1109/iatmsi64286.2025.10985062,https://doi.org/10.1109/iatmsi64286.2025.10985062,https://doi.org/10.1109/iatmsi64286.2025.10985062,https://doi.org/10.1109/iatmsi64286.2025.10985062,https://openalex.org/W4410228077,,,false,false,true,2,"Matched generation terms: AI-generated image, generated image, fake image, text-to-image; task terms: detection, detect.",,detection,method,false,true,false,AI-generated image detection,OpenAlex,true,Automatically extracted OpenAlex candidate; all metadata and preliminary labels require manual review.
https://openalex.org/W4389325598,Raising the Bar of AI-generated Image Detection with CLIP,"[""Davide Cozzolino"", ""Giovanni Poggi"", ""Riccardo Corvi"", ""Matthias Nießner"", ""Luisa Verdoliva""]",2023,2023,2023-11-30,arXiv (Cornell University),arXiv (Cornell University),repository,Cornell University,preprint,10.48550/arxiv.2312.00195,http://arxiv.org/abs/2312.00195,http://arxiv.org/abs/2312.00195,http://arxiv.org/abs/2312.00195,https://openalex.org/W4389325598,2312.00195,https://arxiv.org/abs/2312.00195,true,true,true,2,"Matched generation terms: AI-generated image, generated image; task terms: detection, detector.",,detection,method,false,false,false,AI-generated image detection,OpenAlex,true,Automatically extracted OpenAlex candidate; all metadata and preliminary labels require manual review.
https://openalex.org/W4407467920,Enhancing AI-Generated Image Detection with a Novel Approach and Comparative Analysis,"[""Stuart Weir"", ""Muhammad Shahbaz Khan"", ""Naghmeh Moradpoor"", ""Jawad Ahmad""]",2024,2024,2024-12-02,2024 17th International Conference on Security of Information and Networks (SIN),2024 17th International Conference on Security of Information and Networks (SIN),repository,Edinburgh Napier University,conference,10.1109/sin63213.2024.10871900,https://doi.org/10.1109/sin63213.2024.10871900,https://doi.org/10.1109/sin63213.2024.10871900,https://doi.org/10.1109/sin63213.2024.10871900,https://openalex.org/W4407467920,,,false,false,true,2,"Matched generation terms: AI-generated image, synthetic image, generated image, fake image; task terms: detection, detect.",,detection,method,false,true,false,AI-generated image detection,OpenAlex,true,Automatically extracted OpenAlex candidate; all metadata and preliminary labels require manual review.
https://openalex.org/W4402952411,Zero-Shot Detection of AI-Generated Images,"[""Davide Cozzolino"", ""Giovanni Poggi"", ""Matthias Nießner"", ""Luisa Verdoliva""]",2024,2024,2024-09-29,Lecture notes in computer science,Lecture notes in computer science,book series,Springer Science+Business Media,book,10.1007/978-3-031-72649-1_4,https://doi.org/10.1007/978-3-031-72649-1_4,https://doi.org/10.1007/978-3-031-72649-1_4,https://doi.org/10.1007/978-3-031-72649-1_4,https://openalex.org/W4402952411,,,false,false,true,2,"Matched generation terms: AI-generated image, generated image; task terms: detection.",,detection,method,false,false,false,AI-generated image detection,OpenAlex,true,Automatically extracted OpenAlex candidate; all metadata and preliminary labels require manual review.
https://openalex.org/W4391987733,WildFake: A Large-scale Challenging Dataset for AI-Generated Images Detection,"[""Hong, Yan"", ""Jianfu Zhang""]",2024,2024,2024-02-19,arXiv (Cornell University),arXiv (Cornell University),repository,Cornell University,preprint,10.48550/arxiv.2402.11843,http://arxiv.org/abs/2402.11843,http://arxiv.org/abs/2402.11843,http://arxiv.org/abs/2402.11843,https://openalex.org/W4391987733,2402.11843,https://arxiv.org/abs/2402.11843,true,true,true,2,"Matched generation terms: AI-generated image, generated image, fake image; task terms: detection, detector, detect.",,detection,dataset,false,false,false,AI-generated image detection,OpenAlex,true,Automatically extracted OpenAlex candidate; all metadata and preliminary labels require manual review.
https://openalex.org/W4391555851,A Single Simple Patch is All You Need for AI-generated Image Detection,"[""Jiaxuan Chen"", ""Jieteng Yao"", ""Li Niu""]",2024,2024,2024-02-02,arXiv (Cornell University),arXiv (Cornell University),repository,Cornell University,preprint,10.48550/arxiv.2402.01123,http://arxiv.org/abs/2402.01123,http://arxiv.org/abs/2402.01123,http://arxiv.org/abs/2402.01123,https://openalex.org/W4391555851,2402.01123,https://arxiv.org/abs/2402.01123,true,true,true,2,"Matched generation terms: AI-generated image, generated image, fake image; task terms: detection, detect.",,detection,method,false,false,false,AI-generated image detection,OpenAlex,true,Automatically extracted OpenAlex candidate; all metadata and preliminary labels require manual review.
https://openalex.org/W4414739373,Navigating the Challenges of AI-Generated Image Detection in the Wild: What Truly Matters?,"[""Despina Konstantinidou"", ""Dimitrios Karageorgiou"", ""Christos Koutlis"", ""Olga Papadopoulou"", ""Emmanouil Schinas"", ""Symeon Papadopoulos""]",2026,2026,2026-06-14,Proceedings of the 5th ACM International Workshop on Multimedia AI against Disinformation,Proceedings of the 5th ACM International Workshop on Multimedia AI against Disinformation,repository,Cornell University,preprint,10.1145/3810988.3812665,https://doi.org/10.1145/3810988.3812665,https://doi.org/10.1145/3810988.3812665,https://doi.org/10.1145/3810988.3812665,https://openalex.org/W4414739373,2507.10236,https://arxiv.org/abs/2507.10236,true,true,true,2,"Matched generation terms: AI-generated image, generated image; task terms: detection, detector.",,detection,analysis,false,false,false,AI-generated image detection,OpenAlex,true,Automatically extracted OpenAlex candidate; all metadata and preliminary labels require manual review.
https://openalex.org/W4411960917,RADAR: Reasoning AI-Generated Image Detection for Semantic Fakes,"[""Haochen Wang"", ""Xuhui Liu"", ""Ziqian Lu"", ""Cilin Yan"", ""Xiaolong Jiang"", ""Runqi Wang"", ""Efstratios Gavves""]",2025,2025,2025-07-02,Technologies,Technologies,journal,Multidisciplinary Digital Publishing Institute,journal,10.3390/technologies13070280,https://doi.org/10.3390/technologies13070280,https://doi.org/10.3390/technologies13070280,https://doi.org/10.3390/technologies13070280,https://openalex.org/W4411960917,,,false,false,true,2,"Matched generation terms: AI-generated image, generated image, generative image; task terms: detection, detect.",,detection,method,false,false,false,AI-generated image detection,OpenAlex,true,Automatically extracted OpenAlex candidate; all metadata and preliminary labels require manual review.
https://openalex.org/W4392457694,AI Generated Image Detection Using Neural Networks,"[""Mrs D. Suma""]",2024,2024,2024-03-05,INTERANTIONAL JOURNAL OF SCIENTIFIC RESEARCH IN ENGINEERING AND MANAGEMENT,INTERANTIONAL JOURNAL OF SCIENTIFIC RESEARCH IN ENGINEERING AND MANAGEMENT,journal,,journal,10.55041/ijsrem29037,https://doi.org/10.55041/ijsrem29037,https://doi.org/10.55041/ijsrem29037,https://doi.org/10.55041/ijsrem29037,https://openalex.org/W4392457694,,,false,false,true,2,"Matched generation terms: AI-generated image, generated image; task terms: detection.",,detection,method,false,false,false,AI-generated image detection,OpenAlex,true,Automatically extracted OpenAlex candidate; all metadata and preliminary labels require manual review.
https://openalex.org/W4413144713,Towards Universal AI-Generated Image Detection by Variational Information Bottleneck Network,"[""Haifeng Zhang"", ""Qun He"", ""Xiuli Bi"", ""Weisheng Li"", ""Бо Лю"", ""Bin Xiao""]",2025,2025,2025-06-10,2025 IEEE/CVF Conference on Computer Vision and Pattern Recognition (CVPR),2025 IEEE/CVF Conference on Computer Vision and Pattern Recognition (CVPR),,,conference,10.1109/cvpr52734.2025.02219,https://doi.org/10.1109/cvpr52734.2025.02219,https://doi.org/10.1109/cvpr52734.2025.02219,https://doi.org/10.1109/cvpr52734.2025.02219,https://openalex.org/W4413144713,,,false,false,true,2,"Matched generation terms: AI-generated image, generated image; task terms: detection.",,detection,method,false,false,false,AI-generated image detection,OpenAlex,true,Automatically extracted OpenAlex candidate; all metadata and preliminary labels require manual review.
https://openalex.org/W4402917177,AI-Generated Image Detection With Wasserstein Distance Compression and Dynamic Aggregation,"[""Zihang Lyu"", ""Jun Xiao"", ""Cong Zhang"", ""Kin‐Man Lam""]",2024,2024,2024-09-27,2024 IEEE International Conference on Image Processing (ICIP),2024 IEEE International Conference on Image Processing (ICIP),,,conference,10.1109/icip51287.2024.10648186,https://doi.org/10.1109/icip51287.2024.10648186,https://doi.org/10.1109/icip51287.2024.10648186,https://doi.org/10.1109/icip51287.2024.10648186,https://openalex.org/W4402917177,,,false,false,true,2,"Matched generation terms: AI-generated image, generated image; task terms: detection, detector, detect.",,detection,method,false,false,false,AI-generated image detection,OpenAlex,true,Automatically extracted OpenAlex candidate; all metadata and preliminary labels require manual review.
https://openalex.org/W4403792090,SemGIR: Semantic-Guided Image Regeneration Based Method for AI-generated Image Detection and Attribution,"[""Xiao Yu"", ""Kejiang Chen"", ""Kai Zeng"", ""Han Fang"", ""Zijin Yang"", ""Xiuwei Shang"", ""Yuang Qi"", ""Weiming Zhang"", ""Nenghai Yu""]",2024,2024,2024-10-26,Proceedings of the 32nd ACM International Conference on Multimedia,Proceedings of the 32nd ACM International Conference on Multimedia,,,conference,10.1145/3664647.3680776,https://doi.org/10.1145/3664647.3680776,https://doi.org/10.1145/3664647.3680776,https://doi.org/10.1145/3664647.3680776,https://openalex.org/W4403792090,,,false,false,true,2,"Matched generation terms: AI-generated image, generated image, text-to-image; task terms: detection.",,detection,method,false,false,false,AI-generated image detection | AI-generated image attribution,OpenAlex,true,Automatically extracted OpenAlex candidate; all metadata and preliminary labels require manual review.
https://openalex.org/W4402240806,Detection of AI-Generated Synthetic Images with a Lightweight CNN,"[""Adrian Lokner Lađević"", ""Tin Kramberger"", ""Renata Kramberger"", ""Dino Vlahek""]",2024,2024,2024-09-03,AI,AI,journal,Multidisciplinary Digital Publishing Institute,journal,10.3390/ai5030076,https://doi.org/10.3390/ai5030076,https://doi.org/10.3390/ai5030076,https://doi.org/10.3390/ai5030076,https://openalex.org/W4402240806,,,false,false,true,2,"Matched generation terms: AI-generated image, synthetic image, generated image, fake image; task terms: detection, detect.",,detection,method,false,false,true,AI-generated image detection,OpenAlex,true,Automatically extracted OpenAlex candidate; all metadata and preliminary labels require manual review.
https://openalex.org/W4416252067,AI-GenBench: A New Ongoing Benchmark for AI-Generated Image Detection,"[""Lorenzo Pellegrini"", ""Davide Cozzolino"", ""Serafino Pandolfini"", ""Davide Maltoni"", ""Matteo Ferrara"", ""Luisa Verdoliva"", ""Marco Prati"", ""Marco Ramilli""]",2025,2025,2025-06-30,2025 International Joint Conference on Neural Networks (IJCNN),2025 International Joint Conference on Neural Networks (IJCNN),repository,Istituto di Ematologia di Bologna,conference,10.1109/ijcnn64981.2025.11228377,https://doi.org/10.1109/ijcnn64981.2025.11228377,https://doi.org/10.1109/ijcnn64981.2025.11228377,https://doi.org/10.1109/ijcnn64981.2025.11228377,https://openalex.org/W4416252067,2504.20865,https://arxiv.org/abs/2504.20865,true,true,true,2,"Matched generation terms: AI-generated image, synthetic image, generated image; task terms: detection, detector, forensic.",,detection,benchmark,false,false,false,AI-generated image detection,OpenAlex,true,Automatically extracted OpenAlex candidate; all metadata and preliminary labels require manual review.
https://openalex.org/W4380558675,AI-Generated Image Detection using a Cross-Attention Enhanced Dual-Stream Network,"[""Ziyi Xi"", ""Wenmin Huang"", ""Kangkang Wei"", ""Weiqi Luo"", ""Peijia Zheng""]",2023,2023,2023-06-12,arXiv (Cornell University),arXiv (Cornell University),repository,Cornell University,preprint,10.48550/arxiv.2306.07005,http://arxiv.org/abs/2306.07005,http://arxiv.org/abs/2306.07005,http://arxiv.org/abs/2306.07005,https://openalex.org/W4380558675,2306.07005,https://arxiv.org/abs/2306.07005,true,true,true,2,"Matched generation terms: AI-generated image, generated image, text-to-image; task terms: detection.",,detection,method,false,false,false,AI-generated image detection,OpenAlex,true,Automatically extracted OpenAlex candidate; all metadata and preliminary labels require manual review.
https://openalex.org/W4409262730,Reducing the Content Bias for AI-generated Image Detection,"[""Seoyeon Gye"", ""Jaepil Ko"", ""Hyounguk Shon"", ""Minchan Kwon"", ""Junmo Kim""]",2025,2025,2025-02-26,2025 IEEE/CVF Winter Conference on Applications of Computer Vision (WACV),2025 IEEE/CVF Winter Conference on Applications of Computer Vision (WACV),,,conference,10.1109/wacv61041.2025.00049,https://doi.org/10.1109/wacv61041.2025.00049,https://doi.org/10.1109/wacv61041.2025.00049,https://doi.org/10.1109/wacv61041.2025.00049,https://openalex.org/W4409262730,,,false,false,true,2,"Matched generation terms: AI-generated image, generated image; task terms: detection.",,detection,method,false,false,false,AI-generated image detection,OpenAlex,true,Automatically extracted OpenAlex candidate; all metadata and preliminary labels require manual review.
https://openalex.org/W4415540724,MiraGe: Multimodal Discriminative Representation Learning for Generalizable AI-Generated Image Detection,"[""Kuo Shi"", ""Jie Lü"", ""Shanshan Ye"", ""Guangquan Zhang"", ""Zhen Fang""]",2025,2025,2025-10-25,Proceedings of the 33rd ACM International Conference on Multimedia,Proceedings of the 33rd ACM International Conference on Multimedia,,,conference,10.1145/3746027.3755142,https://doi.org/10.1145/3746027.3755142,https://doi.org/10.1145/3746027.3755142,https://doi.org/10.1145/3746027.3755142,https://openalex.org/W4415540724,,,false,false,true,2,"Matched generation terms: AI-generated image, generated image; task terms: detection, detector.",,detection,method,false,false,false,AI-generated image detection,OpenAlex,true,Automatically extracted OpenAlex candidate; all metadata and preliminary labels require manual review.
https://openalex.org/W4399252995,RIGID: A Training-free and Model-Agnostic Framework for Robust AI-Generated Image Detection,"[""Zhiyuan He"", ""Pin‐Yu Chen"", ""Tsung-Yi Ho""]",2024,2024,2024-05-30,arXiv (Cornell University),arXiv (Cornell University),repository,Cornell University,preprint,10.48550/arxiv.2405.20112,http://arxiv.org/abs/2405.20112,http://arxiv.org/abs/2405.20112,http://arxiv.org/abs/2405.20112,https://openalex.org/W4399252995,2405.20112,https://arxiv.org/abs/2405.20112,true,true,true,2,"Matched generation terms: AI-generated image, generated image; task terms: detection, detector.",,detection,method,false,true,false,AI-generated image detection,OpenAlex,true,Automatically extracted OpenAlex candidate; all metadata and preliminary labels require manual review.
https://openalex.org/W4409646637,Deepfake DEEPFAKE AND AI-GENERATED IMAGE DETECTION SYSTEM,"[""Iskand Wadhwa"", ""Yash Choudhary"", ""Prerna Chauhan"", ""Anjali Singh"", ""Sambit Sathua"", ""Shaffy Bains""]",2025,2025,2025-04-20,International Journal For Multidisciplinary Research,International Journal For Multidisciplinary Research,journal,,journal,10.36948/ijfmr.2025.v07i02.42245,https://doi.org/10.36948/ijfmr.2025.v07i02.42245,https://doi.org/10.36948/ijfmr.2025.v07i02.42245,https://doi.org/10.36948/ijfmr.2025.v07i02.42245,https://openalex.org/W4409646637,,,false,false,true,2,"Matched generation terms: AI-generated image, generated image; task terms: detection.",,detection,method,false,true,false,AI-generated image detection,OpenAlex,true,Automatically extracted OpenAlex candidate; all metadata and preliminary labels require manual review.
https://openalex.org/W4400624794,Artifact feature purification for cross-domain detection of AI-generated images,"[""Zheling Meng"", ""Bo Peng"", ""Jing Dong"", ""Tieniu Tan"", ""Haonan Cheng""]",2024,2024,2024-07-14,Computer Vision and Image Understanding,Computer Vision and Image Understanding,journal,Elsevier BV,journal,10.1016/j.cviu.2024.104078,https://doi.org/10.1016/j.cviu.2024.104078,https://doi.org/10.1016/j.cviu.2024.104078,https://doi.org/10.1016/j.cviu.2024.104078,https://openalex.org/W4400624794,,,false,false,true,2,"Matched generation terms: AI-generated image, generated image; task terms: detection.",,detection,method,false,false,false,AI-generated image detection,OpenAlex,true,Automatically extracted OpenAlex candidate; all metadata and preliminary labels require manual review.
https://openalex.org/W4404649743,AI-generated Image Detection: Passive or Watermark?,"[""Moyang Guo"", ""Yuepeng Hu"", ""Zhengyuan Jiang"", ""Zeyu Li"", ""Amir Sadovnik"", ""Arka Daw"", ""Neil Zhenqiang Gong""]",2024,2024,2024-11-20,arXiv (Cornell University),arXiv (Cornell University),repository,Cornell University,preprint,10.48550/arxiv.2411.13553,http://arxiv.org/abs/2411.13553,http://arxiv.org/abs/2411.13553,http://arxiv.org/abs/2411.13553,https://openalex.org/W4404649743,2411.13553,https://arxiv.org/abs/2411.13553,true,true,true,2,"Matched generation terms: AI-generated image, generated image, text-to-image; task terms: detection, detector, detect.",,detection,method,false,false,false,AI-generated image detection,OpenAlex,true,Automatically extracted OpenAlex candidate; all metadata and preliminary labels require manual review.
https://openalex.org/W4412810251,Unmasking AI-created visual content: a review of generated images and deepfake detection technologies,"[""Yupeng Zhang"", ""Zongwei Pang"", ""Shanyuan Huang"", ""Chengyou Wang"", ""Xiao Zhou""]",2025,2025,2025-07-31,Journal of King Saud University - Computer and Information Sciences,Journal of King Saud University - Computer and Information Sciences,journal,Elsevier BV,journal,10.1007/s44443-025-00154-8,https://doi.org/10.1007/s44443-025-00154-8,https://doi.org/10.1007/s44443-025-00154-8,https://doi.org/10.1007/s44443-025-00154-8,https://openalex.org/W4412810251,,,false,false,true,2,"Matched generation terms: AI-generated image, generated image; task terms: detection, detect.",,detection,survey,true,true,false,AI-generated image detection,OpenAlex,true,Automatically extracted OpenAlex candidate; all metadata and preliminary labels require manual review.
https://openalex.org/W7138473655,Zooming In on Fakes: A Novel Dataset for Localized AI-Generated Image Detection with Forgery Amplification Approach,"[""Lvpan Cai"", ""Haowei Wang"", ""Jiayi Ji"", ""Yanshu Zhoumen"", ""Shen Chen"", ""Taiping Yao"", ""Xiaoshuai Sun""]",2026,2026,2026-03-14,Proceedings of the AAAI Conference on Artificial Intelligence,Proceedings of the AAAI Conference on Artificial Intelligence,conference,Association for the Advancement of Artificial Intelligence,conference,10.1609/aaai.v40i4.37240,https://doi.org/10.1609/aaai.v40i4.37240,https://doi.org/10.1609/aaai.v40i4.37240,https://doi.org/10.1609/aaai.v40i4.37240,https://openalex.org/W7138473655,,,false,false,true,2,"Matched generation terms: AI-generated image, generated image; task terms: detection.",,detection,dataset,false,false,false,AI-generated image detection,OpenAlex,true,Automatically extracted OpenAlex candidate; all metadata and preliminary labels require manual review.
https://openalex.org/W4415025023,Multimodal Conditional Information Bottleneck for Generalizable AI-Generated Image Detection,"[""Haotian Qin"", ""Dongliang Chang"", ""Gao, Yueying"", ""Bofu Yu"", ""Lei Chen"", ""Zhanyu Ma""]",2025,2025,2025-05-21,ArXiv.org,ArXiv.org,repository,Cornell University,preprint,10.48550/arxiv.2505.15217,http://arxiv.org/abs/2505.15217,http://arxiv.org/abs/2505.15217,http://arxiv.org/abs/2505.15217,https://openalex.org/W4415025023,2505.15217,https://arxiv.org/abs/2505.15217,true,true,true,2,"Matched generation terms: AI-generated image, generated image, fake image; task terms: detection, detect.",,detection,method,false,false,false,AI-generated image detection,OpenAlex,true,Automatically extracted OpenAlex candidate; all metadata and preliminary labels require manual review.
https://openalex.org/W7160429386,Automated In-the-Wild Data Collection for Continual AI Generated Image Detection,"[""Thanasis Pantsios"", ""Dimitrios Karageorgiou"", ""Christos Koutlis"", ""George Karantaidis"", ""Olga Papadopoulou"", ""Symeon Papadopoulos""]",2026,2026,2026-06-14,Proceedings of the 5th ACM International Workshop on Multimedia AI against Disinformation,Proceedings of the 5th ACM International Workshop on Multimedia AI against Disinformation,repository,European Organization for Nuclear Research,conference,10.1145/3810988.3812662,https://doi.org/10.1145/3810988.3812662,https://doi.org/10.1145/3810988.3812662,https://doi.org/10.1145/3810988.3812662,https://openalex.org/W7160429386,2605.02567,https://arxiv.org/abs/2605.02567,true,true,true,2,"Matched generation terms: AI-generated image, generated image; task terms: detection, detector.",,detection,method,false,false,false,AI-generated image detection,OpenAlex,true,Automatically extracted OpenAlex candidate; all metadata and preliminary labels require manual review.
https://openalex.org/W4408954780,AI-Generated Image Detection Using Semantic Feature,"[""Hau-Ching Chen"", ""Yu-Pin Shen"", ""Yi-Hung Yeh"", ""Jiann-Liang Chen""]",2025,2025,2025-02-16,2025 27th International Conference on Advanced Communications Technology (ICACT),2025 27th International Conference on Advanced Communications Technology (ICACT),,,conference,10.23919/icact63878.2025.10936792,https://doi.org/10.23919/icact63878.2025.10936792,https://doi.org/10.23919/icact63878.2025.10936792,https://doi.org/10.23919/icact63878.2025.10936792,https://openalex.org/W4408954780,,,false,false,true,2,"Matched generation terms: AI-generated image, generated image, fake image; task terms: detection.",,detection,method,false,false,false,AI-generated image detection,OpenAlex,true,Automatically extracted OpenAlex candidate; all metadata and preliminary labels require manual review.
https://openalex.org/W4417172205,AI-GenBench: A New Ongoing Benchmark for AI-Generated Image Detection,"[""Lorenzo Pellegrini"", ""Davide Cozzolino"", ""Serafino Pandolfini"", ""Davide Maltoni"", ""Matteo Ferrara"", ""Luisa Verdoliva"", ""Marco Prati"", ""Marco Ramilli""]",2025,2025,2025-04-29,arXiv (Cornell University),arXiv (Cornell University),repository,Cornell University,preprint,10.48550/arxiv.2504.20865,https://doi.org/10.48550/arxiv.2504.20865,https://doi.org/10.48550/arxiv.2504.20865,https://doi.org/10.48550/arxiv.2504.20865,https://openalex.org/W4417172205,2504.20865,https://arxiv.org/abs/2504.20865,true,true,true,2,"Matched generation terms: AI-generated image, synthetic image, generated image; task terms: detection, detector, forensic.",,detection,benchmark,false,false,false,AI-generated image detection,OpenAlex,true,Automatically extracted OpenAlex candidate; all metadata and preliminary labels require manual review.
https://openalex.org/W4411979370,Combating Dataset Misalignment for Robust AI-Generated Image Detection in the Real World,"[""Hyejoo Choi"", ""Inho Jung"", ""Simon S. Woo""]",2025,2025,2025-07-03,Proceedings of the 4th Workshop on Security Implications of Deepfakes and Cheapfakes,Proceedings of the 4th Workshop on Security Implications of Deepfakes and Cheapfakes,,,conference,10.1145/3709022.3736541,https://doi.org/10.1145/3709022.3736541,https://doi.org/10.1145/3709022.3736541,https://doi.org/10.1145/3709022.3736541,https://openalex.org/W4411979370,,,false,false,true,2,"Matched generation terms: AI-generated image, generated image; task terms: detection, detector.",,detection,method,false,false,false,AI-generated image detection,OpenAlex,true,Automatically extracted OpenAlex candidate; all metadata and preliminary labels require manual review.
https://openalex.org/W4409362694,AI-Generated-Image Detection Using Deep Learning Techniques,"[""Dhruv Bhatada"", ""Nimesh Gujari"", ""Priyanka Pandey"", ""Yashvant Chhapwale"", ""Yogita Shelar""]",2025,2025,2025-04-11,International Journal of Advanced Research in Science Communication and Technology,International Journal of Advanced Research in Science Communication and Technology,journal,Shivkrupa Publication's,journal,10.48175/ijarsct-25140,https://doi.org/10.48175/ijarsct-25140,https://doi.org/10.48175/ijarsct-25140,https://doi.org/10.48175/ijarsct-25140,https://openalex.org/W4409362694,,,false,false,true,2,"Matched generation terms: AI-generated image, generated image, GAN-generated image; task terms: detection, detect.",,detection,method,false,false,false,AI-generated image detection,OpenAlex,true,Automatically extracted OpenAlex candidate; all metadata and preliminary labels require manual review.
https://openalex.org/W4401201872,Exploring the Adversarial Robustness of CLIP for AI-generated Image Detection,"[""Vincenzo De Rosa"", ""Fabrizio Guillaro"", ""Giovanni Poggi"", ""Davide Cozzolino"", ""Luisa Verdoliva""]",2024,2024,2024-07-28,arXiv (Cornell University),arXiv (Cornell University),repository,Cornell University,preprint,10.48550/arxiv.2407.19553,http://arxiv.org/abs/2407.19553,http://arxiv.org/abs/2407.19553,http://arxiv.org/abs/2407.19553,https://openalex.org/W4401201872,2407.19553,https://arxiv.org/abs/2407.19553,true,true,true,2,"Matched generation terms: AI-generated image, generated image; task terms: detection, detector, detect, forensic.",,detection,analysis,false,false,false,AI-generated image detection,OpenAlex,true,Automatically extracted OpenAlex candidate; all metadata and preliminary labels require manual review.
https://openalex.org/W7125513809,TriFusionNet: Multi-Branch Architecture for AI-Generated Image Detection,"[""Sujal Kumar"", ""Gaurav Singh"", ""Lotugada Jagan"", ""Sanjay Das"", ""Jayanti Rout"", ""Ashutosh Soni"", ""Surendra Kumar Nanda""]",2025,2025,2025-10-10,"2025 International Conference on Cognitive, Green and Ubiquitous Computing (IC-CGU)","2025 International Conference on Cognitive, Green and Ubiquitous Computing (IC-CGU)",,,conference,10.1109/ic-cgu67042.2025.11338102,https://doi.org/10.1109/ic-cgu67042.2025.11338102,https://doi.org/10.1109/ic-cgu67042.2025.11338102,https://doi.org/10.1109/ic-cgu67042.2025.11338102,https://openalex.org/W7125513809,,,false,false,true,2,"Matched generation terms: AI-generated image, generated image; task terms: detection.",,detection,method,false,false,false,AI-generated image detection,OpenAlex,true,Automatically extracted OpenAlex candidate; all metadata and preliminary labels require manual review.
https://openalex.org/W7160100074,LOTA: Bit-Planes Guided AI-Generated Image Detection,"[""H M Wang"", ""Renxi Cheng"", ""Yang Zhang"", ""Chaolei Han"", ""Jie Gui""]",2025,2025,2025-10-19,2025 IEEE/CVF International Conference on Computer Vision (ICCV),2025 IEEE/CVF International Conference on Computer Vision (ICCV),,,conference,10.1109/iccv51701.2025.01602,https://doi.org/10.1109/iccv51701.2025.01602,https://doi.org/10.1109/iccv51701.2025.01602,https://doi.org/10.1109/iccv51701.2025.01602,https://openalex.org/W7160100074,,,false,false,true,2,"Matched generation terms: AI-generated image, generated image; task terms: detection.",,detection,method,false,false,false,AI-generated image detection,OpenAlex,true,Automatically extracted OpenAlex candidate; all metadata and preliminary labels require manual review.
https://openalex.org/W4386075954,Learning on Gradients: Generalized Artifacts Representation for GAN-Generated Images Detection,"[""Chuangchuang Tan"", ""Yao Zhao"", ""Shikui Wei"", ""Guanghua Gu"", ""Yunchao Wei""]",2023,2023,2023-06-01,2023 IEEE/CVF Conference on Computer Vision and Pattern Recognition (CVPR),2023 IEEE/CVF Conference on Computer Vision and Pattern Recognition (CVPR),,,conference,10.1109/cvpr52729.2023.01165,https://doi.org/10.1109/cvpr52729.2023.01165,https://doi.org/10.1109/cvpr52729.2023.01165,https://doi.org/10.1109/cvpr52729.2023.01165,https://openalex.org/W4386075954,,,false,false,true,2,"Matched generation terms: generated image, fake image, GAN-generated image; task terms: detection, detector.",,detection,method,false,false,false,generated image detection | GAN image detection | GAN-generated image detection,OpenAlex,true,Automatically extracted OpenAlex candidate; all metadata and preliminary labels require manual review.
https://openalex.org/W3024207815,GAN-Generated Image Detection With Self-Attention Mechanism Against GAN Generator Defect,"[""Zhongjie Mi"", ""Xinghao Jiang"", ""Tanfeng Sun"", ""Ke Xu""]",2020,2020,2020-05-13,IEEE Journal of Selected Topics in Signal Processing,IEEE Journal of Selected Topics in Signal Processing,journal,Institute of Electrical and Electronics Engineers,journal,10.1109/jstsp.2020.2994523,https://doi.org/10.1109/jstsp.2020.2994523,https://doi.org/10.1109/jstsp.2020.2994523,https://doi.org/10.1109/jstsp.2020.2994523,https://openalex.org/W3024207815,,,false,false,true,2,"Matched generation terms: generated image, fake image, GAN-generated image; task terms: detection.",,detection,method,false,false,false,generated image detection | GAN image detection | GAN-generated image detection,OpenAlex,true,Automatically extracted OpenAlex candidate; all metadata and preliminary labels require manual review.
https://openalex.org/W4388858946,DE-FAKE: Detection and Attribution of Fake Images Generated by Text-to-Image Generation Models,"[""Zeyang Sha"", ""Zheng Li"", ""Ning Yu"", ""Yang Zhang""]",2023,2023,2023-11-15,Proceedings of the 2023 ACM SIGSAC Conference on Computer and Communications Security,Proceedings of the 2023 ACM SIGSAC Conference on Computer and Communications Security,,,conference,10.1145/3576915.3616588,https://doi.org/10.1145/3576915.3616588,https://doi.org/10.1145/3576915.3616588,https://doi.org/10.1145/3576915.3616588,https://openalex.org/W4388858946,,,false,false,true,2,"Matched generation terms: generated image, fake image, text-to-image; task terms: detection, detect, attribution of generated images.",,detection_and_source_attribution,method,false,false,false,generated image detection | source attribution generated images | generated image source attribution | diffusion-generated image detection,OpenAlex,true,Automatically extracted OpenAlex candidate; all metadata and preliminary labels require manual review.
https://openalex.org/W4313048095,Discovering Transferable Forensic Features for CNN-Generated Images Detection,"[""Keshigeyan Chandrasegaran"", ""Ngoc-Trung Tran"", ""Alexander Binder"", ""Ngai‐Man Cheung""]",2022,2022,2022-01-01,Lecture notes in computer science,Lecture notes in computer science,book series,Springer Science+Business Media,book,10.1007/978-3-031-19784-0_39,https://doi.org/10.1007/978-3-031-19784-0_39,https://doi.org/10.1007/978-3-031-19784-0_39,https://doi.org/10.1007/978-3-031-19784-0_39,https://openalex.org/W4313048095,,,false,false,true,2,"Matched generation terms: generated image; task terms: detection, forensic.",,detection,method,false,false,false,generated image detection | forensic detection of generated images,OpenAlex,true,Automatically extracted OpenAlex candidate; all metadata and preliminary labels require manual review.
https://openalex.org/W4402727598,LaRE<sup>2</sup>: Latent Reconstruction Error Based Method for Diffusion-Generated Image Detection,"[""Yunpeng Luo"", ""Junlong Du"", ""Ke Yan"", ""Shouhong Ding""]",2024,2024,2024-06-16,2024 IEEE/CVF Conference on Computer Vision and Pattern Recognition (CVPR),2024 IEEE/CVF Conference on Computer Vision and Pattern Recognition (CVPR),,,conference,10.1109/cvpr52733.2024.01609,https://doi.org/10.1109/cvpr52733.2024.01609,https://doi.org/10.1109/cvpr52733.2024.01609,https://doi.org/10.1109/cvpr52733.2024.01609,https://openalex.org/W4402727598,,,false,false,true,2,"Matched generation terms: generated image, diffusion-generated image; task terms: detection, detect.",,detection,method,false,false,false,generated image detection | diffusion-generated image detection,OpenAlex,true,Automatically extracted OpenAlex candidate; all metadata and preliminary labels require manual review.
https://openalex.org/W3010699567,Incremental learning for the detection and classification of GAN-generated images,"[""Marra, Francesco"", ""Saltori, Cristiano"", ""Boato, Giulia"", ""Luisa Verdoliva""]",2019,2019,2019-01-01,Institutional Research Information System (Università degli Studi di Trento),Institutional Research Information System (Università degli Studi di Trento),repository,University of Trento,journal,10.1109/wifs47025.2019.9035099,http://hdl.handle.net/11572/296754,http://hdl.handle.net/11572/296754,http://hdl.handle.net/11572/296754,https://openalex.org/W3010699567,,,false,false,true,2,"Matched generation terms: generated image, GAN-generated image; task terms: detection.",,detection,method,false,false,false,generated image detection | GAN image detection | GAN-generated image detection,OpenAlex,true,Automatically extracted OpenAlex candidate; all metadata and preliminary labels require manual review.
https://openalex.org/W4312710588,FingerprintNet: Synthesized Fingerprints for Generated Image Detection,"[""Yonghyun Jeong"", ""Doyeon Kim"", ""Youngmin Ro"", ""Pyounggeon Kim"", ""Jongwon Choi""]",2022,2022,2022-01-01,Lecture notes in computer science,Lecture notes in computer science,book series,Springer Science+Business Media,book,10.1007/978-3-031-19781-9_5,https://doi.org/10.1007/978-3-031-19781-9_5,https://doi.org/10.1007/978-3-031-19781-9_5,https://doi.org/10.1007/978-3-031-19781-9_5,https://openalex.org/W4312710588,,,false,false,true,2,Matched generation terms: generated image; task terms: detection.,,detection,method,false,false,false,generated image detection,OpenAlex,true,Automatically extracted OpenAlex candidate; all metadata and preliminary labels require manual review.
https://openalex.org/W4394935852,Generalized and robust model for GAN-generated image detection,"[""Surbhi Raj"", ""Jimson Mathew"", ""Arijit Mondal""]",2024,2024,2024-04-18,Pattern Recognition Letters,Pattern Recognition Letters,journal,Elsevier BV,journal,10.1016/j.patrec.2024.04.018,https://doi.org/10.1016/j.patrec.2024.04.018,https://doi.org/10.1016/j.patrec.2024.04.018,https://doi.org/10.1016/j.patrec.2024.04.018,https://openalex.org/W4394935852,,,false,false,true,2,"Matched generation terms: generated image, GAN-generated image; task terms: detection.",,detection,method,false,false,false,generated image detection | GAN image detection | GAN-generated image detection,OpenAlex,true,Automatically extracted OpenAlex candidate; all metadata and preliminary labels require manual review.
https://openalex.org/W4293518933,Improving GAN-Generated Image Detection Generalization Using Unsupervised Domain Adaptation,"[""Mingxu Zhang"", ""Hongxia Wang"", ""Peisong He"", ""Asad Malik"", ""Hanqing Liu""]",2022,2022,2022-07-18,2022 IEEE International Conference on Multimedia and Expo (ICME),2022 IEEE International Conference on Multimedia and Expo (ICME),conference,,conference,10.1109/icme52920.2022.9859763,https://doi.org/10.1109/icme52920.2022.9859763,https://doi.org/10.1109/icme52920.2022.9859763,https://doi.org/10.1109/icme52920.2022.9859763,https://openalex.org/W4293518933,,,false,false,true,2,"Matched generation terms: generated image, fake image, GAN-generated image, image generated by GAN; task terms: detection, detector.",,detection,method,false,false,false,generated image detection | GAN image detection | GAN-generated image detection,OpenAlex,true,Automatically extracted OpenAlex candidate; all metadata and preliminary labels require manual review.
https://openalex.org/W4367000238,Improving Synthetically Generated Image Detection in Cross-Concept Settings,"[""Pantelis Dogoulis"", ""Giorgos Kordopatis-Zilos"", ""Ioannis Kompatsiaris"", ""Symeon Papadopoulos""]",2023,2023,2023-06-01,Proceedings of the 2nd ACM International Workshop on Multimedia AI against Disinformation,Proceedings of the 2nd ACM International Workshop on Multimedia AI against Disinformation,repository,Cornell University,preprint,10.1145/3592572.3592846,https://doi.org/10.1145/3592572.3592846,https://doi.org/10.1145/3592572.3592846,https://doi.org/10.1145/3592572.3592846,https://openalex.org/W4367000238,2304.12053,https://arxiv.org/abs/2304.12053,true,true,true,2,"Matched generation terms: synthetic image, generated image; task terms: detection, detector.",,detection,method,false,false,false,generated image detection,OpenAlex,true,Automatically extracted OpenAlex candidate; all metadata and preliminary labels require manual review.
https://openalex.org/W4389370799,Synthbuster: Towards Detection of Diffusion Model Generated Images,"[""Quentin Bammey""]",2023,2023,2023-12-06,IEEE Open Journal of Signal Processing,IEEE Open Journal of Signal Processing,journal,Institute of Electrical and Electronics Engineers,journal,10.1109/ojsp.2023.3337714,https://doi.org/10.1109/ojsp.2023.3337714,https://doi.org/10.1109/ojsp.2023.3337714,https://doi.org/10.1109/ojsp.2023.3337714,https://openalex.org/W4389370799,,,false,false,true,2,"Matched generation terms: AI-generated image, synthetic image, generated image, fake image; task terms: detection, detect, forensic.",,detection,method,false,false,false,generated image detection | diffusion image detection | diffusion-generated image detection | forensic attribution of generated images | fake image detection generative AI | forensic detection of generated images | AI-generated image detection | detecting AI-generated images | detecting synthetic images | AI-generated image source attribution | source attribution of AI-generated images,OpenAlex,true,Automatically extracted OpenAlex candidate; all metadata and preliminary labels require manual review.
https://openalex.org/W4384268537,Exposing the Fake: Effective Diffusion-Generated Images Detection,"[""Ruipeng Ma"", ""Jinhao Duan"", ""Fei Kong"", ""Xiaoshuang Shi"", ""Kaidi Xu""]",2023,2023,2023-07-12,arXiv (Cornell University),arXiv (Cornell University),repository,Cornell University,preprint,10.48550/arxiv.2307.06272,http://arxiv.org/abs/2307.06272,http://arxiv.org/abs/2307.06272,http://arxiv.org/abs/2307.06272,https://openalex.org/W4384268537,2307.06272,https://arxiv.org/abs/2307.06272,true,true,true,2,"Matched generation terms: generated image, diffusion-generated image, text-to-image; task terms: detection, detect.",,detection,method,false,false,false,generated image detection | diffusion-generated image detection,OpenAlex,true,Automatically extracted OpenAlex candidate; all metadata and preliminary labels require manual review.
https://openalex.org/W2973074956,An Evaluation of Deep Learning-Based Computer Generated Image Detection Approaches,"[""Xuan Ni"", ""Linqiang Chen"", ""Lifeng Yuan"", ""Guohua Wu"", ""Ye Yao""]",2019,2019,2019-01-01,IEEE Access,IEEE Access,journal,Institute of Electrical and Electronics Engineers,journal,10.1109/access.2019.2940383,https://doi.org/10.1109/access.2019.2940383,https://doi.org/10.1109/access.2019.2940383,https://doi.org/10.1109/access.2019.2940383,https://openalex.org/W2973074956,,,false,false,true,2,Matched generation terms: generated image; task terms: detection.,,detection,analysis,false,false,false,generated image detection,OpenAlex,true,Automatically extracted OpenAlex candidate; all metadata and preliminary labels require manual review.
https://openalex.org/W3034196597,Face X-Ray for More General Face Forgery Detection,"[""Lingzhi Li"", ""Jianmin Bao"", ""Ting Zhang"", ""Hao Yang"", ""Dong Chen"", ""Fang Wen"", ""Baining Guo""]",2020,2020,2020-06-01,2020 IEEE/CVF Conference on Computer Vision and Pattern Recognition (CVPR),2020 IEEE/CVF Conference on Computer Vision and Pattern Recognition (CVPR),,,conference,10.1109/cvpr42600.2020.00505,https://doi.org/10.1109/cvpr42600.2020.00505,https://doi.org/10.1109/cvpr42600.2020.00505,https://doi.org/10.1109/cvpr42600.2020.00505,https://openalex.org/W3034196597,,,false,false,true,2,"Matched generation terms: fake image; task terms: detection, detect.",,detection,method,false,true,false,generated image detection | deepfake image detection,OpenAlex,true,Automatically extracted OpenAlex candidate; all metadata and preliminary labels require manual review.
https://openalex.org/W4410706528,Fake or JPEG? Revealing Common Biases in Generated Image Detection Datasets,"[""Patrick Grommelt"", ""Louis Weiss"", ""Franz‐Josef Pfreundt"", ""Janis Keuper""]",2025,2025,2025-01-01,Lecture notes in computer science,Lecture notes in computer science,book series,Springer Science+Business Media,book,10.1007/978-3-031-92089-9_6,https://doi.org/10.1007/978-3-031-92089-9_6,https://doi.org/10.1007/978-3-031-92089-9_6,https://doi.org/10.1007/978-3-031-92089-9_6,https://openalex.org/W4410706528,,,false,false,true,2,Matched generation terms: generated image; task terms: detection.,,detection,analysis,false,false,false,generated image detection,OpenAlex,true,Automatically extracted OpenAlex candidate; all metadata and preliminary labels require manual review.
https://openalex.org/W4206030296,Towards Universal GAN Image Detection,"[""Davide Cozzolino"", ""Diego Gragnaniello"", ""Giovanni Poggi"", ""Luisa Verdoliva""]",2021,2021,2021-12-05,2021 International Conference on Visual Communications and Image Processing (VCIP),2021 International Conference on Visual Communications and Image Processing (VCIP),conference,,conference,10.1109/vcip53242.2021.9675329,https://doi.org/10.1109/vcip53242.2021.9675329,https://doi.org/10.1109/vcip53242.2021.9675329,https://doi.org/10.1109/vcip53242.2021.9675329,https://openalex.org/W4206030296,,,false,false,true,2,"Matched generation terms: fake image; task terms: detection, detector, forensic.",,detection,method,false,false,false,GAN image detection,OpenAlex,true,Automatically extracted OpenAlex candidate; all metadata and preliminary labels require manual review.
https://openalex.org/W4392623241,Mastering Deepfake Detection: A Cutting-edge Approach to Distinguish GAN and Diffusion-model Images,"[""Luca Guarnera"", ""Oliver Giudice"", ""Sebastiano Battiato""]",2024,2024,2024-03-09,ACM Transactions on Multimedia Computing Communications and Applications,ACM Transactions on Multimedia Computing Communications and Applications,journal,Association for Computing Machinery,journal,10.1145/3652027,https://doi.org/10.1145/3652027,https://doi.org/10.1145/3652027,https://doi.org/10.1145/3652027,https://openalex.org/W4392623241,,,false,false,true,2,"Matched generation terms: fake image, image generated by GAN; task terms: detection, detect, forensic.",,detection,method,false,true,false,GAN image detection | GAN-generated image detection | deepfake image detection | fake image detection generative AI | forensic detection of generated images | diffusion-generated image detection | forensic attribution of generated images,OpenAlex,true,Automatically extracted OpenAlex candidate; all metadata and preliminary labels require manual review.
https://openalex.org/W3034795015,Global Texture Enhancement for Fake Face Detection in the Wild,"[""Zhengzhe Liu"", ""Xiaojuan Qi"", ""Philip H. S. Torr""]",2020,2020,2020-06-01,2020 IEEE/CVF Conference on Computer Vision and Pattern Recognition (CVPR),2020 IEEE/CVF Conference on Computer Vision and Pattern Recognition (CVPR),repository,University of Hong Kong,conference,10.1109/cvpr42600.2020.00808,https://doi.org/10.1109/cvpr42600.2020.00808,https://doi.org/10.1109/cvpr42600.2020.00808,https://doi.org/10.1109/cvpr42600.2020.00808,https://openalex.org/W3034795015,,,false,false,true,2,"Matched generation terms: fake image; task terms: detection, detect.",,detection,method,false,false,true,GAN image detection | GAN-generated image detection,OpenAlex,true,Automatically extracted OpenAlex candidate; all metadata and preliminary labels require manual review.
https://openalex.org/W3179128750,"Detection, Attribution and Localization of GAN Generated Images","[""Michael Goebel"", ""Lakshmanan Nataraj"", ""Tejaswi Nanjundaswamy"", ""Tajuddin Manhar Mohammed"", ""Shivkumar Chandrasekaran"", ""B.S. Manjunath""]",2021,2021,2021-01-18,Electronic Imaging,Electronic Imaging,journal,,journal,10.2352/issn.2470-1173.2021.4.mwsf-276,https://doi.org/10.2352/issn.2470-1173.2021.4.mwsf-276,https://doi.org/10.2352/issn.2470-1173.2021.4.mwsf-276,https://doi.org/10.2352/issn.2470-1173.2021.4.mwsf-276,https://openalex.org/W3179128750,,,false,false,true,2,"Matched generation terms: generated image, GAN-generated image; task terms: detection, detect, attribution of generated images.",,detection_and_source_attribution,method,false,false,true,GAN image detection | GAN-generated image detection,OpenAlex,true,Automatically extracted OpenAlex candidate; all metadata and preliminary labels require manual review.
https://openalex.org/W3166640306,Detection of GAN-Synthesized Image Based on Discrete Wavelet Transform,"[""Guihua Tang"", ""Lei Sun"", ""Xiuqing Mao"", ""Song Guo"", ""Hongmeng Zhang"", ""Xiaoqin Wang""]",2021,2021,2021-06-15,Security and Communication Networks,Security and Communication Networks,journal,Hindawi Publishing Corporation,journal,10.1155/2021/5511435,https://doi.org/10.1155/2021/5511435,https://doi.org/10.1155/2021/5511435,https://doi.org/10.1155/2021/5511435,https://openalex.org/W3166640306,,,false,false,true,2,"Matched generation terms: fake image; task terms: detection, detect.",,detection,method,false,false,false,GAN image detection,OpenAlex,true,Automatically extracted OpenAlex candidate; all metadata and preliminary labels require manual review.
https://openalex.org/W4381620941,Detection of GAN generated image using color gradient representation,"[""Yun Liu"", ""Zuliang Wan"", ""Xiaohua Yin"", ""Guanghui Yue"", ""Aiping Tan"", ""Zhi Zheng""]",2023,2023,2023-06-22,Journal of Visual Communication and Image Representation,Journal of Visual Communication and Image Representation,journal,Elsevier BV,journal,10.1016/j.jvcir.2023.103876,https://doi.org/10.1016/j.jvcir.2023.103876,https://doi.org/10.1016/j.jvcir.2023.103876,https://doi.org/10.1016/j.jvcir.2023.103876,https://openalex.org/W4381620941,,,false,false,true,2,"Matched generation terms: generated image, GAN-generated image; task terms: detection.",,detection,method,false,false,false,GAN image detection | GAN-generated image detection,OpenAlex,true,Automatically extracted OpenAlex candidate; all metadata and preliminary labels require manual review.
https://openalex.org/W2970868842,Deep Fake Image Detection Based on Pairwise Learning,"[""Chih–Chung Hsu"", ""Yi-Xiu Zhuang"", ""Chia‐Yen Lee""]",2020,2020,2020-01-03,Applied Sciences,Applied Sciences,journal,Multidisciplinary Digital Publishing Institute,journal,10.3390/app10010370,https://doi.org/10.3390/app10010370,https://doi.org/10.3390/app10010370,https://doi.org/10.3390/app10010370,https://openalex.org/W2970868842,,,false,false,true,2,"Matched generation terms: fake image, deepfake image; task terms: detection, detector, detect.",,detection,method,false,true,false,GAN image detection | GAN-generated image detection | fake image detection generative AI | forensic detection of generated images | AI-generated image detection,OpenAlex,true,Automatically extracted OpenAlex candidate; all metadata and preliminary labels require manual review.
https://openalex.org/W2975558816,Detecting GAN generated Fake Images using Co-occurrence Matrices,"[""Lakshmanan Nataraj"", ""Tajuddin Manhar Mohammed"", ""B.S. Manjunath"", ""Shivkumar Chandrasekaran"", ""Arjuna Flenner"", ""Jawadul H. Bappy"", ""Amit K. Roy–Chowdhury""]",2019,2019,2019-01-13,Electronic Imaging,Electronic Imaging,journal,,journal,10.2352/issn.2470-1173.2019.5.mwsf-532,https://doi.org/10.2352/issn.2470-1173.2019.5.mwsf-532,https://doi.org/10.2352/issn.2470-1173.2019.5.mwsf-532,https://doi.org/10.2352/issn.2470-1173.2019.5.mwsf-532,https://openalex.org/W2975558816,,,false,false,true,2,Matched generation terms: fake image; task terms: detect.,,detection,method,false,true,false,GAN image detection | GAN-generated image detection | forensic detection of generated images | detecting synthetic images | source identification of generated images,OpenAlex,true,Automatically extracted OpenAlex candidate; all metadata and preliminary labels require manual review.
https://openalex.org/W2978778164,Incremental learning for the detection and classification of GAN-generated images,"[""Francesco Marra"", ""Cristiano Saltori"", ""Giulia Boato"", ""Luisa Verdoliva""]",2019,2019,2019-12-01,2019 IEEE International Workshop on Information Forensics and Security (WIFS),2019 IEEE International Workshop on Information Forensics and Security (WIFS),repository,Cornell University,preprint,10.1109/wifs47025.2019.9035099,https://doi.org/10.1109/wifs47025.2019.9035099,https://doi.org/10.1109/wifs47025.2019.9035099,https://doi.org/10.1109/wifs47025.2019.9035099,https://openalex.org/W2978778164,1910.01568,https://arxiv.org/abs/1910.01568,true,true,true,2,"Matched generation terms: generated image, GAN-generated image; task terms: detection.",,detection,method,false,false,false,GAN image detection | GAN-generated image detection,OpenAlex,true,Automatically extracted OpenAlex candidate; all metadata and preliminary labels require manual review.
https://openalex.org/W4401108337,Level Up the Deepfake Detection: A Method to Effectively Discriminate Images Generated by GAN Architectures and Diffusion Models,"[""Luca Guarnera"", ""Oliver Giudice"", ""Sebastiano Battiato""]",2024,2024,2024-01-01,Lecture notes in networks and systems,Lecture notes in networks and systems,book series,Springer International Publishing,book,10.1007/978-3-031-66431-1_43,https://doi.org/10.1007/978-3-031-66431-1_43,https://doi.org/10.1007/978-3-031-66431-1_43,https://doi.org/10.1007/978-3-031-66431-1_43,https://openalex.org/W4401108337,,,false,false,true,2,Matched generation terms: image generated by GAN; task terms: detection.,,detection,method,false,true,false,GAN image detection | GAN-generated image detection | diffusion-generated image detection | deepfake image detection,OpenAlex,true,Automatically extracted OpenAlex candidate; all metadata and preliminary labels require manual review.
https://openalex.org/W3139320333,A Novel Neural Model based Framework for Detection of GAN Generated Fake Images,"[""Samaksh Agarwal"", ""Nancy Girdhar"", ""Himanshu Raghav""]",2021,2021,2021-01-28,"2021 11th International Conference on Cloud Computing, Data Science &amp; Engineering (Confluence)","2021 11th International Conference on Cloud Computing, Data Science &amp; Engineering (Confluence)",,,conference,10.1109/confluence51648.2021.9377150,https://doi.org/10.1109/confluence51648.2021.9377150,https://doi.org/10.1109/confluence51648.2021.9377150,https://doi.org/10.1109/confluence51648.2021.9377150,https://openalex.org/W3139320333,,,false,false,true,2,"Matched generation terms: fake image; task terms: detection, detect.",,detection,method,false,false,false,GAN image detection | GAN-generated image detection,OpenAlex,true,Automatically extracted OpenAlex candidate; all metadata and preliminary labels require manual review.
https://openalex.org/W4416252268,WILD: a new in-the-Wild Image Linkage Dataset for synthetic image attribution,"[""Pietro Bongini"", ""Sara Mandelli"", ""Andrea Montibeller"", ""Mirko Casu"", ""Orazio Pontorno"", ""Claudio Vittorio Ragaglia"", ""Luca Zanchetta"", ""Mattia Aquilina"", ""Taiba Majid Wani"", ""Luca Guarnera"", ""Benedetta Tondi"", ""Giulia Boato"", ""Paolo Bestagini"", ""Irene Amerini"", ""Francesco G. B. De Natale"", ""Sebastiano Battiato"", ""Mauro Barni""]",2025,2025,2025-06-30,2025 International Joint Conference on Neural Networks (IJCNN),2025 International Joint Conference on Neural Networks (IJCNN),repository,University of Trento,conference,10.1109/ijcnn64981.2025.11227289,https://doi.org/10.1109/ijcnn64981.2025.11227289,https://doi.org/10.1109/ijcnn64981.2025.11227289,https://doi.org/10.1109/ijcnn64981.2025.11227289,https://openalex.org/W4416252268,,,false,false,true,2,Matched generation terms: synthetic image; task terms: source attribution.,,source_attribution,dataset,false,false,false,synthetic image attribution,OpenAlex,true,Automatically extracted OpenAlex candidate; all metadata and preliminary labels require manual review.
https://openalex.org/W4412624408,BOSC: A Backdoor-Based Framework for Open Set Synthetic Image Attribution,"[""Jun Wang"", ""Benedetta Tondi"", ""Mauro Barni""]",2025,2025,2025-01-01,IEEE Transactions on Information Forensics and Security,IEEE Transactions on Information Forensics and Security,journal,Institute of Electrical and Electronics Engineers,journal,10.1109/tifs.2025.3592531,https://doi.org/10.1109/tifs.2025.3592531,https://doi.org/10.1109/tifs.2025.3592531,https://doi.org/10.1109/tifs.2025.3592531,https://openalex.org/W4412624408,,,false,false,true,2,"Matched generation terms: synthetic image; task terms: attribution of generated images, forensic.",,source_attribution,method,false,false,false,synthetic image attribution,OpenAlex,true,Automatically extracted OpenAlex candidate; all metadata and preliminary labels require manual review.
https://openalex.org/W4399261595,Whodunit: Detection and Attribution of Synthetic Images by Leveraging Model-specific Fingerprints,"[""Alexander Wißmann"", ""Steffen Zeiler"", ""Robert M. Nickel"", ""Dorothea Kolossa""]",2024,2024,2024-06-01,3rd ACM International Workshop on Multimedia AI against Disinformation,3rd ACM International Workshop on Multimedia AI against Disinformation,,,journal,10.1145/3643491.3660280,https://doi.org/10.1145/3643491.3660280,https://doi.org/10.1145/3643491.3660280,https://doi.org/10.1145/3643491.3660280,https://openalex.org/W4399261595,,,false,false,true,2,"Matched generation terms: synthetic image, text-to-image; task terms: detection, attribution of generated images.",,detection_and_source_attribution,method,false,false,false,synthetic image attribution | synthetic image source attribution | source attribution of synthetic images,OpenAlex,true,Automatically extracted OpenAlex candidate; all metadata and preliminary labels require manual review.
https://openalex.org/W4407408001,DeepGuard: Identification and Attribution of AI-Generated Synthetic Images,"[""Yasmine Namani"", ""Ikram Reghioua"", ""Gueltoum Bendiab"", ""Mohamed Aymen Labiod"", ""Stavros Shiaeles""]",2025,2025,2025-02-08,Electronics,Electronics,journal,Multidisciplinary Digital Publishing Institute,journal,10.3390/electronics14040665,https://doi.org/10.3390/electronics14040665,https://doi.org/10.3390/electronics14040665,https://doi.org/10.3390/electronics14040665,https://openalex.org/W4407408001,,,false,false,true,2,"Matched generation terms: synthetic image, fake image, text-to-image; task terms: detect, attribution of generated images, forensic.",,detection_and_source_attribution,method,false,false,false,synthetic image attribution | AI-generated image attribution | forensic attribution of generated images,OpenAlex,true,Automatically extracted OpenAlex candidate; all metadata and preliminary labels require manual review.
https://openalex.org/W4384919490,A Siamese-based Verification System for Open-set Architecture Attribution of Synthetic Images,"[""Lydia Abady"", ""Jun Wang"", ""Benedetta Tondi"", ""Mauro Barni""]",2023,2023,2023-07-19,arXiv (Cornell University),arXiv (Cornell University),repository,Cornell University,preprint,10.48550/arxiv.2307.09822,http://arxiv.org/abs/2307.09822,http://arxiv.org/abs/2307.09822,http://arxiv.org/abs/2307.09822,https://openalex.org/W4384919490,2307.09822,https://arxiv.org/abs/2307.09822,true,true,true,2,Matched generation terms: synthetic image; task terms: attribution of generated images.,,source_attribution,method,false,false,false,synthetic image attribution,OpenAlex,true,Automatically extracted OpenAlex candidate; all metadata and preliminary labels require manual review.
https://openalex.org/W4393972628,Synthetic Image Verification in the Era of Generative Artificial Intelligence: What Works and What Isn’t There yet,"[""Diangarti Bhalang Tariang"", ""Riccardo Corvi"", ""Davide Cozzolino"", ""Giovanni Poggi"", ""Koki Nagano"", ""Luisa Verdoliva""]",2024,2024,2024-04-05,IEEE Security & Privacy,IEEE Security & Privacy,journal,Institute of Electrical and Electronics Engineers,journal,10.1109/msec.2024.3376637,https://doi.org/10.1109/msec.2024.3376637,https://doi.org/10.1109/msec.2024.3376637,https://doi.org/10.1109/msec.2024.3376637,https://openalex.org/W4393972628,,,false,false,true,2,"Matched generation terms: synthetic image; task terms: detection, attribution of generated images.",,detection_and_source_attribution,method,false,false,false,synthetic image attribution,OpenAlex,true,Automatically extracted OpenAlex candidate; all metadata and preliminary labels require manual review.
https://openalex.org/W4385801341,EKILA: Synthetic Media Provenance and Attribution for Generative Art,"[""Kar Balan"", ""Shruti Agarwal"", ""Simon Jenni"", ""Andy Parsons"", ""Andrew Gilbert"", ""John Collomosse""]",2023,2023,2023-06-01,2023 IEEE/CVF Conference on Computer Vision and Pattern Recognition Workshops (CVPRW),2023 IEEE/CVF Conference on Computer Vision and Pattern Recognition Workshops (CVPRW),,,conference,10.1109/cvprw59228.2023.00098,https://doi.org/10.1109/cvprw59228.2023.00098,https://doi.org/10.1109/cvprw59228.2023.00098,https://doi.org/10.1109/cvprw59228.2023.00098,https://openalex.org/W4385801341,,,false,false,true,2,"Matched generation terms: AI-generated image, synthetic image, generated image; task terms: provenance.",,source_attribution,method,false,false,false,synthetic image attribution | generated image provenance,OpenAlex,true,Automatically extracted OpenAlex candidate; all metadata and preliminary labels require manual review.
https://openalex.org/W7133223677,Where Did I Come From? Origin Attribution of AI-Generated Images,"[""Chen Chen"", ""Lingjuan Lyu"", ""Shiqing Ma"", ""Zhenting Wang"", ""Yi Zeng""]",2023,2023,2023-01-01,Advances in Neural Information Processing Systems 36,Advances in Neural Information Processing Systems 36,,,journal,10.52202/075280-3256,https://doi.org/10.52202/075280-3256,https://doi.org/10.52202/075280-3256,https://doi.org/10.52202/075280-3256,https://openalex.org/W7133223677,,,false,false,true,2,"Matched generation terms: AI-generated image, generated image; task terms: attribution of generated images.",,source_attribution,method,false,false,false,AI-generated image attribution,OpenAlex,true,Automatically extracted OpenAlex candidate; all metadata and preliminary labels require manual review.
https://openalex.org/W3161417217,Towards Discovery and Attribution of Open-world GAN Generated Images,"[""Sharath Girish"", ""Saksham Suri"", ""Saketh Rambhatla"", ""Abhinav Shrivastava""]",2021,2021,2021-10-01,2021 IEEE/CVF International Conference on Computer Vision (ICCV),2021 IEEE/CVF International Conference on Computer Vision (ICCV),conference,,conference,10.1109/iccv48922.2021.01383,https://doi.org/10.1109/iccv48922.2021.01383,https://doi.org/10.1109/iccv48922.2021.01383,https://doi.org/10.1109/iccv48922.2021.01383,https://openalex.org/W3161417217,,,false,false,true,2,"Matched generation terms: generated image, GAN-generated image; task terms: detection, detector, forensic.",,detection,method,false,false,false,source attribution generated images | generated image source attribution | forensic attribution of generated images | GAN-generated image detection | forensic detection of generated images,OpenAlex,true,Automatically extracted OpenAlex candidate; all metadata and preliminary labels require manual review.
https://openalex.org/W4388656143,Universal Detection and Source Attribution of Diffusion Model Generated Images with High Generalization and Robustness,"[""Sanandita Das"", ""Debapriyo Dutta"", ""Tanusree Ghosh"", ""Ruchira Naskar""]",2023,2023,2023-01-01,Lecture notes in computer science,Lecture notes in computer science,book series,Springer Science+Business Media,book,10.1007/978-3-031-45170-6_45,https://doi.org/10.1007/978-3-031-45170-6_45,https://doi.org/10.1007/978-3-031-45170-6_45,https://doi.org/10.1007/978-3-031-45170-6_45,https://openalex.org/W4388656143,,,false,false,true,2,"Matched generation terms: generated image; task terms: detection, source attribution.",,detection_and_source_attribution,method,false,false,false,source attribution generated images | generated image source attribution,OpenAlex,true,Automatically extracted OpenAlex candidate; all metadata and preliminary labels require manual review.
https://openalex.org/W4221166157,Transferable Class-Modelling for Decentralized Source Attribution of GAN-Generated Images,"[""Brandon B. G. Khoo"", ""Chern Hong Lim"", ""Raphaël C.‐W. Phan""]",2022,2022,2022-03-18,arXiv (Cornell University),arXiv (Cornell University),repository,Cornell University,preprint,10.48550/arxiv.2203.09777,http://arxiv.org/abs/2203.09777,http://arxiv.org/abs/2203.09777,http://arxiv.org/abs/2203.09777,https://openalex.org/W4221166157,2203.09777,https://arxiv.org/abs/2203.09777,true,true,true,2,"Matched generation terms: synthetic image, generated image, GAN-generated image; task terms: detection, source attribution, attribution of generated images.",,detection_and_source_attribution,method,false,true,false,source attribution generated images | generated image source attribution,OpenAlex,true,Automatically extracted OpenAlex candidate; all metadata and preliminary labels require manual review.
https://openalex.org/W4385767391,Towards Robust Gan-Generated Image Detection: A Multi-View Completion Representation,"[""Chi Liu"", ""Tianqing Zhu"", ""Sheng Shen"", ""Wanlei Zhou""]",2023,2023,2023-08-01,Proceedings of the Thirty-Second International Joint Conference on Artificial Intelligence,Proceedings of the Thirty-Second International Joint Conference on Artificial Intelligence,,,conference,10.24963/ijcai.2023/52,https://doi.org/10.24963/ijcai.2023/52,https://doi.org/10.24963/ijcai.2023/52,https://doi.org/10.24963/ijcai.2023/52,https://openalex.org/W4385767391,,,false,false,true,2,"Matched generation terms: generated image, GAN-generated image; task terms: detection, detector, detect.",,detection,method,false,true,false,GAN-generated image detection | generated image detection,OpenAlex,true,Automatically extracted OpenAlex candidate; all metadata and preliminary labels require manual review.
https://openalex.org/W3034547531,T-GD: Transferable GAN-generated Images Detection Framework,"[""Hyeonseong Jeon"", ""Young Oh Bang"", ""Junyaup Kim"", ""Simon S. Woo""]",2020,2020,2020-08-10,arXiv (Cornell University),arXiv (Cornell University),repository,Cornell University,journal,10.48550/arxiv.2008.04115,http://arxiv.org/abs/2008.04115,http://arxiv.org/abs/2008.04115,http://arxiv.org/abs/2008.04115,https://openalex.org/W3034547531,2008.04115,https://arxiv.org/abs/2008.04115,true,true,true,2,"Matched generation terms: generated image, GAN-generated image; task terms: detection, detect.",,detection,method,false,false,false,GAN-generated image detection | generated image detection,OpenAlex,true,Automatically extracted OpenAlex candidate; all metadata and preliminary labels require manual review.
https://openalex.org/W4391306866,Leveraging Image Gradients for Robust GAN-Generated Image Detection in OSN context,"[""Tanusree Ghosh"", ""Ruchira Naskar""]",2023,2023,2023-12-04,2023 IEEE International Conference on Visual Communications and Image Processing (VCIP),2023 IEEE International Conference on Visual Communications and Image Processing (VCIP),,,conference,10.1109/vcip59821.2023.10402778,https://doi.org/10.1109/vcip59821.2023.10402778,https://doi.org/10.1109/vcip59821.2023.10402778,https://doi.org/10.1109/vcip59821.2023.10402778,https://openalex.org/W4391306866,,,false,false,true,2,"Matched generation terms: synthetic image, generated image, GAN-generated image; task terms: detection, detect.",,detection,method,false,false,false,GAN-generated image detection,OpenAlex,true,Automatically extracted OpenAlex candidate; all metadata and preliminary labels require manual review.
https://openalex.org/W3043994911,"Detection, Attribution and Localization of GAN Generated Images","[""Michael Goebel"", ""Lakshmanan Nataraj"", ""Tejaswi Nanjundaswamy"", ""Tajuddin Manhar Mohammed"", ""Shivkumar Chandrasekaran"", ""B.S. Manjunath""]",2020,2020,2020-07-20,arXiv (Cornell University),arXiv (Cornell University),repository,Cornell University,preprint,10.48550/arxiv.2007.10466,http://arxiv.org/abs/2007.10466,http://arxiv.org/abs/2007.10466,http://arxiv.org/abs/2007.10466,https://openalex.org/W3043994911,2007.10466,https://arxiv.org/abs/2007.10466,true,true,true,2,"Matched generation terms: generated image, GAN-generated image; task terms: detection, detect, attribution of generated images.",,detection_and_source_attribution,method,false,false,true,GAN-generated image detection | forensic attribution of generated images,OpenAlex,true,Automatically extracted OpenAlex candidate; all metadata and preliminary labels require manual review.
https://openalex.org/W4284895444,An Eyes-Based Siamese Neural Network for the Detection of GAN-Generated Face Images,"[""Jun Wang"", ""Benedetta Tondi"", ""Mauro Barni""]",2022,2022,2022-07-08,Frontiers in Signal Processing,Frontiers in Signal Processing,journal,Frontiers Media,journal,10.3389/frsip.2022.918725,https://doi.org/10.3389/frsip.2022.918725,https://doi.org/10.3389/frsip.2022.918725,https://doi.org/10.3389/frsip.2022.918725,https://openalex.org/W4284895444,,,false,false,true,2,"Matched generation terms: synthetic image, fake image; task terms: detection, detect.",,detection,method,false,false,false,GAN-generated image detection,OpenAlex,true,Automatically extracted OpenAlex candidate; all metadata and preliminary labels require manual review.
https://openalex.org/W4401325047,Evasion on general GAN-generated image detection by disentangled representation,"[""Patrick P. K. Chan"", ""Chuanxin Zhang"", ""Haitao Chen"", ""Jingwen Deng"", ""Xiao Meng"", ""Daniel Yeung""]",2024,2024,2024-08-05,Information Sciences,Information Sciences,journal,Elsevier BV,journal,10.1016/j.ins.2024.121267,https://doi.org/10.1016/j.ins.2024.121267,https://doi.org/10.1016/j.ins.2024.121267,https://doi.org/10.1016/j.ins.2024.121267,https://openalex.org/W4401325047,,,false,false,true,2,"Matched generation terms: generated image, GAN-generated image; task terms: detection.",,detection,method,false,false,false,GAN-generated image detection,OpenAlex,true,Automatically extracted OpenAlex candidate; all metadata and preliminary labels require manual review.
https://openalex.org/W4402352361,X-Transfer: A Transfer Learning-Based Framework for GAN-Generated Fake Image Detection,"[""Lei Zhang"", ""Hao Chen"", ""Shu Hu"", ""Bin Zhu"", ""Ching-Sheng Lin"", ""Xi Wu"", ""Jinrong Hu"", ""Xin Wang""]",2024,2024,2024-06-30,2024 International Joint Conference on Neural Networks (IJCNN),2024 International Joint Conference on Neural Networks (IJCNN),,,conference,10.1109/ijcnn60899.2024.10650566,https://doi.org/10.1109/ijcnn60899.2024.10650566,https://doi.org/10.1109/ijcnn60899.2024.10650566,https://doi.org/10.1109/ijcnn60899.2024.10650566,https://openalex.org/W4402352361,,,false,false,true,2,"Matched generation terms: generated image, fake image, GAN-generated image; task terms: detection.",,detection,method,false,false,false,GAN-generated image detection,OpenAlex,true,Automatically extracted OpenAlex candidate; all metadata and preliminary labels require manual review.
https://openalex.org/W4213417724,EasyDeep: An IoT Friendly Robust Detection Method for GAN Generated Deepfake Images in Social Media,"[""Alakananda Mitra"", ""Saraju P. Mohanty"", ""Peter Corcoran"", ""Elias Kougianos""]",2022,2022,2022-01-01,IFIP advances in information and communication technology,IFIP advances in information and communication technology,book series,Springer Science+Business Media,book,10.1007/978-3-030-96466-5_14,https://doi.org/10.1007/978-3-030-96466-5_14,https://doi.org/10.1007/978-3-030-96466-5_14,https://doi.org/10.1007/978-3-030-96466-5_14,https://openalex.org/W4213417724,,,false,false,true,2,Matched generation terms: deepfake image; task terms: detection.,,detection,method,false,true,false,GAN-generated image detection,OpenAlex,true,Automatically extracted OpenAlex candidate; all metadata and preliminary labels require manual review.
https://openalex.org/W3161986877,On the use of Benford's law to detect GAN-generated images,"[""Nicolò Bonettini"", ""Paolo Bestagini"", ""Simone Milani"", ""Stefano Tubaro""]",2020,2020,2020-01-01,Virtual Community of Pathological Anatomy (University of Castilla La Mancha),Virtual Community of Pathological Anatomy (University of Castilla La Mancha),repository,University of Castilla-La Mancha,journal,10.1109/icpr48806.2021.9412944,http://hdl.handle.net/11311/1183743,http://hdl.handle.net/11311/1183743,http://hdl.handle.net/11311/1183743,https://openalex.org/W3161986877,,,false,false,true,2,"Matched generation terms: generated image, GAN-generated image; task terms: detection, detect.",,detection,method,false,false,false,GAN-generated image detection,OpenAlex,true,Automatically extracted OpenAlex candidate; all metadata and preliminary labels require manual review.
https://openalex.org/W4409526923,A robust ensemble model for Deepfake detection of GAN-generated images on social media,"[""Preeti Sharma"", ""Manoj Kumar"", ""Hitesh Kumar Sharma""]",2025,2025,2025-04-17,Discover Computing,Discover Computing,journal,,journal,10.1007/s10791-025-09538-w,https://doi.org/10.1007/s10791-025-09538-w,https://doi.org/10.1007/s10791-025-09538-w,https://doi.org/10.1007/s10791-025-09538-w,https://openalex.org/W4409526923,,,false,false,true,2,"Matched generation terms: generated image, fake image, deepfake image, GAN-generated image; task terms: detection.",,detection,method,false,true,false,GAN-generated image detection,OpenAlex,true,Automatically extracted OpenAlex candidate; all metadata and preliminary labels require manual review.
https://openalex.org/W4409705469,Hierarchical Feature Fusion and Enhanced Attention Mechanism for Robust GAN-Generated Image Detection,"[""Weinan Zhang"", ""Sanshuai Cui"", ""Qi Zhang"", ""Biwei Chen"", ""Hui Zeng"", ""Qi Zhong""]",2025,2025,2025-04-23,Mathematics,Mathematics,journal,Multidisciplinary Digital Publishing Institute,journal,10.3390/math13091372,https://doi.org/10.3390/math13091372,https://doi.org/10.3390/math13091372,https://doi.org/10.3390/math13091372,https://openalex.org/W4409705469,,,false,false,true,2,"Matched generation terms: generated image, fake image, deepfake image, GAN-generated image; task terms: detection.",,detection,method,false,true,false,GAN-generated image detection,OpenAlex,true,Automatically extracted OpenAlex candidate; all metadata and preliminary labels require manual review.
https://openalex.org/W4327810824,DIRE for Diffusion-Generated Image Detection,"[""Zhendong Wang"", ""Jianmin Bao"", ""Wengang Zhou"", ""Weilun Wang"", ""Hezhen Hu"", ""Hong Chen"", ""Houqiang Li""]",2023,2023,2023-03-16,arXiv (Cornell University),arXiv (Cornell University),repository,Cornell University,preprint,10.48550/arxiv.2303.09295,http://arxiv.org/abs/2303.09295,http://arxiv.org/abs/2303.09295,http://arxiv.org/abs/2303.09295,https://openalex.org/W4327810824,2303.09295,https://arxiv.org/abs/2303.09295,true,true,true,2,"Matched generation terms: generated image, diffusion-generated image, image generated by diffusion model; task terms: detection, detector, detect.",,detection,method,false,false,false,diffusion-generated image detection | generated image detection,OpenAlex,true,Automatically extracted OpenAlex candidate; all metadata and preliminary labels require manual review.
https://openalex.org/W4410853187,Noise-Informed Diffusion-Generated Image Detection With Anomaly Attention,"[""Weinan Guan"", ""Wei Wang"", ""Bo Peng"", ""Ziwen He"", ""Jing Dong"", ""Haonan Cheng""]",2025,2025,2025-01-01,IEEE Transactions on Information Forensics and Security,IEEE Transactions on Information Forensics and Security,journal,Institute of Electrical and Electronics Engineers,journal,10.1109/tifs.2025.3573161,https://doi.org/10.1109/tifs.2025.3573161,https://doi.org/10.1109/tifs.2025.3573161,https://doi.org/10.1109/tifs.2025.3573161,https://openalex.org/W4410853187,,,false,false,true,2,"Matched generation terms: generated image, diffusion-generated image; task terms: detection.",,detection,method,false,false,false,diffusion-generated image detection,OpenAlex,true,Automatically extracted OpenAlex candidate; all metadata and preliminary labels require manual review.
https://openalex.org/W4400828592,Local frequency analysis for diffusion-generated image detection,"[""Weng Jing""]",2024,2024,2024-07-19,International Conference on Image Processing and Artificial Intelligence (ICIPAl 2024),International Conference on Image Processing and Artificial Intelligence (ICIPAl 2024),,,conference,10.1117/12.3035198,https://doi.org/10.1117/12.3035198,https://doi.org/10.1117/12.3035198,https://doi.org/10.1117/12.3035198,https://openalex.org/W4400828592,,,false,false,true,2,"Matched generation terms: generated image, diffusion-generated image; task terms: detection, detect.",,detection,method,false,true,false,diffusion-generated image detection,OpenAlex,true,Automatically extracted OpenAlex candidate; all metadata and preliminary labels require manual review.
https://openalex.org/W4308165186,On the detection of synthetic images generated by diffusion models,"[""Riccardo Corvi"", ""Davide Cozzolino"", ""Giada Zingarini"", ""Giovanni Poggi"", ""Koki Nagano"", ""Luisa Verdoliva""]",2022,2022,2022-11-01,arXiv (Cornell University),arXiv (Cornell University),repository,Cornell University,preprint,10.48550/arxiv.2211.00680,http://arxiv.org/abs/2211.00680,http://arxiv.org/abs/2211.00680,http://arxiv.org/abs/2211.00680,https://openalex.org/W4308165186,2211.00680,https://arxiv.org/abs/2211.00680,true,true,true,2,"Matched generation terms: synthetic image, generated image, GAN-generated image, image generated by diffusion model; task terms: detection, detector, forensic.",,detection,method,false,false,false,diffusion-generated image detection,OpenAlex,true,Automatically extracted OpenAlex candidate; all metadata and preliminary labels require manual review.
https://openalex.org/W4393284560,LaRE$^2$: Latent Reconstruction Error Based Method for Diffusion-Generated Image Detection,"[""Yunpeng Luo"", ""Junlong Du"", ""Ke Yan"", ""Shouhong Ding""]",2024,2024,2024-03-26,arXiv (Cornell University),arXiv (Cornell University),repository,Cornell University,preprint,10.48550/arxiv.2403.17465,http://arxiv.org/abs/2403.17465,http://arxiv.org/abs/2403.17465,http://arxiv.org/abs/2403.17465,https://openalex.org/W4393284560,2403.17465,https://arxiv.org/abs/2403.17465,true,true,true,2,"Matched generation terms: generated image, diffusion-generated image; task terms: detection, detect.",,detection,method,false,false,false,diffusion-generated image detection,OpenAlex,true,Automatically extracted OpenAlex candidate; all metadata and preliminary labels require manual review.
https://openalex.org/W4390872921,The Stable Signature: Rooting Watermarks in Latent Diffusion Models,"[""Pierre Fernandez"", ""Guillaume Couairon"", ""Hervé Jeǵou"", ""Matthijs Douze"", ""Teddy Furon""]",2023,2023,2023-10-01,2023 IEEE/CVF International Conference on Computer Vision (ICCV),2023 IEEE/CVF International Conference on Computer Vision (ICCV),,,conference,10.1109/iccv51070.2023.02053,https://doi.org/10.1109/iccv51070.2023.02053,https://doi.org/10.1109/iccv51070.2023.02053,https://doi.org/10.1109/iccv51070.2023.02053,https://openalex.org/W4390872921,,,false,false,true,2,"Matched generation terms: generated image, generative image; task terms: detection, detect.",,detection,method,false,false,false,diffusion-generated image detection,OpenAlex,true,Automatically extracted OpenAlex candidate; all metadata and preliminary labels require manual review.
https://openalex.org/W2971682216,Source Generator Attribution via Inversion,"[""Michael Albright"", ""Scott McCloskey""]",2019,2019,2019-01-01,arXiv (Cornell University),arXiv (Cornell University),repository,Cornell University,journal,,https://arxiv.org/pdf/1905.02259.pdf,https://arxiv.org/pdf/1905.02259.pdf,https://arxiv.org/pdf/1905.02259.pdf,https://openalex.org/W2971682216,1905.02259,https://arxiv.org/abs/1905.02259,true,true,true,2,"Matched generation terms: synthetic image; task terms: generator attribution with generated-image context, forensic.",,source_attribution,method,false,true,false,synthetic image source attribution | source attribution of synthetic images,OpenAlex,true,Automatically extracted OpenAlex candidate; all metadata and preliminary labels require manual review.
https://openalex.org/W2943961047,Source Generator Attribution via Inversion,"[""Michael Albright"", ""Scott McCloskey""]",2019,2019,2019-05-06,arXiv (Cornell University),arXiv (Cornell University),repository,Cornell University,preprint,10.48550/arxiv.1905.02259,http://arxiv.org/abs/1905.02259,http://arxiv.org/abs/1905.02259,http://arxiv.org/abs/1905.02259,https://openalex.org/W2943961047,1905.02259,https://arxiv.org/abs/1905.02259,true,true,true,2,"Matched generation terms: synthetic image; task terms: generator attribution with generated-image context, forensic.",,source_attribution,method,false,true,false,synthetic image source attribution | source attribution of synthetic images,OpenAlex,true,Automatically extracted OpenAlex candidate; all metadata and preliminary labels require manual review.
https://openalex.org/W4323022407,An Improved Dense CNN Architecture for Deepfake Image Detection,"[""Y. G. Patel"", ""Sudeep Tanwar"", ""Pronaya Bhattacharya"", ""Rajesh Gupta"", ""Turki Alsuwian"", ""Innocent E. Davidson"", ""Thokozile Mazibuko""]",2023,2023,2023-01-01,IEEE Access,IEEE Access,journal,Institute of Electrical and Electronics Engineers,journal,10.1109/access.2023.3251417,https://doi.org/10.1109/access.2023.3251417,https://doi.org/10.1109/access.2023.3251417,https://doi.org/10.1109/access.2023.3251417,https://openalex.org/W4323022407,,,false,false,true,2,"Matched generation terms: deepfake image; task terms: detection, detect.",,detection,method,false,true,false,synthetic image source attribution | forensic attribution of generated images | deepfake image detection | fake image detection generative AI | forensic detection of generated images | source attribution of synthetic images,OpenAlex,true,Automatically extracted OpenAlex candidate; all metadata and preliminary labels require manual review.
https://openalex.org/W4406858668,Source Attribution for Images Generated by Diffusion-Based Text-to-Image Models: Exploring the Forensics Approach,"[""Xinqi Jiang"", ""Jinyu Tian""]",2024,2024,2024-12-03,2024 Asia Pacific Signal and Information Processing Association Annual Summit and Conference (APSIPA ASC),2024 Asia Pacific Signal and Information Processing Association Annual Summit and Conference (APSIPA ASC),,,conference,10.1109/apsipaasc63619.2025.10849098,https://doi.org/10.1109/apsipaasc63619.2025.10849098,https://doi.org/10.1109/apsipaasc63619.2025.10849098,https://doi.org/10.1109/apsipaasc63619.2025.10849098,https://openalex.org/W4406858668,,,false,false,true,2,"Matched generation terms: generated image, text-to-image; task terms: source attribution, forensic, source identification.",,source_attribution,method,false,false,false,forensic attribution of generated images | generated image source attribution,OpenAlex,true,Automatically extracted OpenAlex candidate; all metadata and preliminary labels require manual review.
https://openalex.org/W4413145326,"Forensic Self-Descriptions Are All You Need for Zero-Shot Detection, Open-Set Source Attribution, and Clustering of AI-generated Images","[""Tai D. Nguyen"", ""Aref Azizpour"", ""Matthew C. Stamm""]",2025,2025,2025-06-10,2025 IEEE/CVF Conference on Computer Vision and Pattern Recognition (CVPR),2025 IEEE/CVF Conference on Computer Vision and Pattern Recognition (CVPR),,,conference,10.1109/cvpr52734.2025.00289,https://doi.org/10.1109/cvpr52734.2025.00289,https://doi.org/10.1109/cvpr52734.2025.00289,https://doi.org/10.1109/cvpr52734.2025.00289,https://openalex.org/W4413145326,,,false,false,true,2,"Matched generation terms: AI-generated image, synthetic image, generated image; task terms: detection, source attribution, forensic.",,detection_and_source_attribution,method,false,false,false,forensic attribution of generated images | AI-generated image source attribution | source attribution of AI-generated images,OpenAlex,true,Automatically extracted OpenAlex candidate; all metadata and preliminary labels require manual review.
https://openalex.org/W3169220064,Learning to Disentangle GAN Fingerprint for Fake Image Attribution,"[""Tianyun Yang"", ""Juan Cao"", ""Sheng, Qiang"", ""Lei Li"", ""Jiaqi Ji"", ""Xirong Li"", ""Sheng Tang""]",2021,2021,2021-06-16,arXiv (Cornell University),arXiv (Cornell University),repository,Cornell University,preprint,10.48550/arxiv.2106.08749,http://arxiv.org/abs/2106.08749,http://arxiv.org/abs/2106.08749,http://arxiv.org/abs/2106.08749,https://openalex.org/W3169220064,2106.08749,https://arxiv.org/abs/2106.08749,true,true,true,2,"Matched generation terms: generated image, fake image, GAN-generated image; task terms: detection, forensic.",,detection,method,false,false,false,forensic attribution of generated images,OpenAlex,true,Automatically extracted OpenAlex candidate; all metadata and preliminary labels require manual review.
https://openalex.org/W2972023908,No One Can Escape: A General Approach to Detect Tampered and Generated Image,"[""Kejun Zhang"", ""Liang Yu"", ""Jianyi Zhang"", ""Zhiqiang Wang"", ""Xinxin Li""]",2019,2019,2019-01-01,IEEE Access,IEEE Access,journal,Institute of Electrical and Electronics Engineers,journal,10.1109/access.2019.2939812,https://doi.org/10.1109/access.2019.2939812,https://doi.org/10.1109/access.2019.2939812,https://doi.org/10.1109/access.2019.2939812,https://openalex.org/W2972023908,,,false,false,true,2,"Matched generation terms: generated image, fake image, GAN-generated image; task terms: detection, detect, forensic.",,detection,method,false,false,false,forensic attribution of generated images,OpenAlex,true,Automatically extracted OpenAlex candidate; all metadata and preliminary labels require manual review.
https://openalex.org/W4297988790,A Novel Deep Learning Approach for Deepfake Image Detection,"[""Ali Raza"", ""Kashif Munir"", ""Mubarak Almutairi""]",2022,2022,2022-09-29,Applied Sciences,Applied Sciences,journal,Multidisciplinary Digital Publishing Institute,journal,10.3390/app12199820,https://doi.org/10.3390/app12199820,https://doi.org/10.3390/app12199820,https://doi.org/10.3390/app12199820,https://openalex.org/W4297988790,,,false,false,true,2,"Matched generation terms: deepfake image; task terms: detection, detect, forensic.",,detection,method,false,true,false,deepfake image detection | forensic detection of generated images,OpenAlex,true,Automatically extracted OpenAlex candidate; all metadata and preliminary labels require manual review.
https://openalex.org/W4402322120,Enhancing Sensing and Imaging Capabilities Through Surface Plasmon Resonance for Deepfake Image Detection,"[""R Maheshwari"", ""B. Paulchamy"", ""Binay Kumar Pandey"", ""Digvijay Pandey""]",2024,2024,2024-09-06,Plasmonics,Plasmonics,journal,Springer Science+Business Media,journal,10.1007/s11468-024-02492-1,https://doi.org/10.1007/s11468-024-02492-1,https://doi.org/10.1007/s11468-024-02492-1,https://doi.org/10.1007/s11468-024-02492-1,https://openalex.org/W4402322120,,,false,false,true,2,Matched generation terms: deepfake image; task terms: detection.,,detection,method,false,true,false,deepfake image detection,OpenAlex,true,Automatically extracted OpenAlex candidate; all metadata and preliminary labels require manual review.
https://openalex.org/W4200434941,[Retracted] Comparative Analysis of Deepfake Image Detection Method Using Convolutional Neural Network,"[""Hasin Shahed Shad"", ""Md Mashfiq Rizvee"", ""Nishat Tasnim Roza"", ""S. M. Ahsanul Hoq"", ""Mohammad Monirujjaman Khan"", ""Arjun Singh"", ""Atef Zaguia"", ""Sami Bourouis""]",2021,2021,2021-01-01,Computational Intelligence and Neuroscience,Computational Intelligence and Neuroscience,journal,Hindawi Publishing Corporation,journal,10.1155/2021/3111676,https://doi.org/10.1155/2021/3111676,https://doi.org/10.1155/2021/3111676,https://doi.org/10.1155/2021/3111676,https://openalex.org/W4200434941,,,false,false,true,2,"Matched generation terms: deepfake image; task terms: detection, detect.",,detection,method,false,true,false,deepfake image detection | forensic attribution of generated images,OpenAlex,true,Automatically extracted OpenAlex candidate; all metadata and preliminary labels require manual review.
https://openalex.org/W4395673009,A Hybrid CNN-LSTM Approach for Precision Deepfake Image Detection Based on Transfer Learning,"[""Omar Alfarouk Hadi Hasan Al-Dulaimi"", ""Sefer Kurnaz""]",2024,2024,2024-04-25,Electronics,Electronics,journal,Multidisciplinary Digital Publishing Institute,journal,10.3390/electronics13091662,https://doi.org/10.3390/electronics13091662,https://doi.org/10.3390/electronics13091662,https://doi.org/10.3390/electronics13091662,https://openalex.org/W4395673009,,,false,false,true,2,"Matched generation terms: deepfake image; task terms: detection, detect.",,detection,method,false,true,false,deepfake image detection,OpenAlex,true,Automatically extracted OpenAlex candidate; all metadata and preliminary labels require manual review.
https://openalex.org/W4285362588,Deepfake Image Detection using CNNs and Transfer Learning,"[""Niteesh Kumar"", ""Prashant Pranav"", ""Vishal Nirney"", ""V. Geetha""]",2021,2021,2021-09-23,"2021 International Conference on Computing, Communication and Green Engineering (CCGE)","2021 International Conference on Computing, Communication and Green Engineering (CCGE)",,,conference,10.1109/ccge50943.2021.9776410,https://doi.org/10.1109/ccge50943.2021.9776410,https://doi.org/10.1109/ccge50943.2021.9776410,https://doi.org/10.1109/ccge50943.2021.9776410,https://openalex.org/W4285362588,,,false,false,true,2,"Matched generation terms: deepfake image; task terms: detection, detect.",,detection,method,false,true,false,deepfake image detection,OpenAlex,true,Automatically extracted OpenAlex candidate; all metadata and preliminary labels require manual review.
https://openalex.org/W4283452332,Cross-Forgery Analysis of Vision Transformers and CNNs for Deepfake Image Detection,"[""Davide Alessandro Coccomini"", ""Roberto Caldelli"", ""Fabrizio Falchi"", ""Claudio Gennaro"", ""Giuseppe Amato""]",2022,2022,2022-06-24,Proceedings of the 1st International Workshop on Multimedia AI against Disinformation,Proceedings of the 1st International Workshop on Multimedia AI against Disinformation,repository,Cornell University,preprint,10.1145/3512732.3533582,https://doi.org/10.1145/3512732.3533582,https://doi.org/10.1145/3512732.3533582,https://doi.org/10.1145/3512732.3533582,https://openalex.org/W4283452332,2206.13829,https://arxiv.org/abs/2206.13829,true,true,true,2,Matched generation terms: deepfake image; task terms: detection.,,detection,method,false,true,true,deepfake image detection,OpenAlex,true,Automatically extracted OpenAlex candidate; all metadata and preliminary labels require manual review.
https://openalex.org/W4399978626,"Comparative Analysis of Deepfake Image Detection Method Using VGG16, VGG19 and ResNet50","[""Zahra Nazemi Ashani""]",2024,2024,2024-06-21,Journal of Advanced Research in Applied Sciences and Engineering Technology,Journal of Advanced Research in Applied Sciences and Engineering Technology,journal,Universiti Putra Malaysia,journal,10.37934/araset.47.1.1628,https://doi.org/10.37934/araset.47.1.1628,https://doi.org/10.37934/araset.47.1.1628,https://doi.org/10.37934/araset.47.1.1628,https://openalex.org/W4399978626,,,false,false,true,2,"Matched generation terms: deepfake image; task terms: detection, detect.",,detection,method,false,true,true,deepfake image detection,OpenAlex,true,Automatically extracted OpenAlex candidate; all metadata and preliminary labels require manual review.
https://openalex.org/W4402130168,Deepfake Image Detection Using Vision Transformer Models,"[""Bogdan Ghita"", ""Ievgeniia Kuzminykh"", ""Abubakar Usama"", ""Taimur Bakhshi"", ""Jims Marchang""]",2024,2024,2024-06-24,2024 IEEE International Black Sea Conference on Communications and Networking (BlackSeaCom),2024 IEEE International Black Sea Conference on Communications and Networking (BlackSeaCom),repository,Sheffield Hallam University,conference,10.1109/blackseacom61746.2024.10646310,https://doi.org/10.1109/blackseacom61746.2024.10646310,https://doi.org/10.1109/blackseacom61746.2024.10646310,https://doi.org/10.1109/blackseacom61746.2024.10646310,https://openalex.org/W4402130168,,,false,false,true,2,"Matched generation terms: deepfake image; task terms: detection, detect.",,detection,method,false,true,false,deepfake image detection,OpenAlex,true,Automatically extracted OpenAlex candidate; all metadata and preliminary labels require manual review.
https://openalex.org/W4402264364,An Analysis of Recent Advances in Deepfake Image Detection in an Evolving Threat Landscape,"[""Sifat Muhammad Abdullah"", ""Aravind Cheruvu"", ""Shravya Kanchi"", ""Taejoong Chung"", ""Peng Gao"", ""Murtuza Jadliwala"", ""Bimal Viswanath""]",2024,2024,2024-05-19,2024 IEEE Symposium on Security and Privacy (SP),2024 IEEE Symposium on Security and Privacy (SP),,,journal,10.1109/sp54263.2024.00194,https://doi.org/10.1109/sp54263.2024.00194,https://doi.org/10.1109/sp54263.2024.00194,https://doi.org/10.1109/sp54263.2024.00194,https://openalex.org/W4402264364,,,false,false,true,2,"Matched generation terms: synthetic image, deepfake image; task terms: detection, detector, detect.",,detection,method,false,true,false,deepfake image detection,OpenAlex,true,Automatically extracted OpenAlex candidate; all metadata and preliminary labels require manual review.
https://openalex.org/W4408018363,Deepfake Image Detection Using Yolov8,"[""Pranav Sathe"", ""Varad Sabane"", ""Chaitanya Undale"", ""Atharva Uttarkar"", ""Vaibhav Chavhan"", ""Nilesh P. Sable"", ""Anuradha Yenkikar""]",2024,2024,2024-12-13,2024 IEEE Pune Section International Conference (PuneCon),2024 IEEE Pune Section International Conference (PuneCon),,,conference,10.1109/punecon63413.2024.10895706,https://doi.org/10.1109/punecon63413.2024.10895706,https://doi.org/10.1109/punecon63413.2024.10895706,https://doi.org/10.1109/punecon63413.2024.10895706,https://openalex.org/W4408018363,,,false,false,true,2,"Matched generation terms: fake image, deepfake image; task terms: detection, detect.",,detection,method,false,true,false,deepfake image detection,OpenAlex,true,Automatically extracted OpenAlex candidate; all metadata and preliminary labels require manual review.
https://openalex.org/W4406611495,CNN-LSTM Model for Deepfake Image Detection,"[""Reena S. Satpute"", ""Chidozie Peter Onwe""]",2024,2024,2024-11-29,"2024 2nd DMIHER International Conference on Artificial Intelligence in Healthcare, Education and Industry (IDICAIEI)","2024 2nd DMIHER International Conference on Artificial Intelligence in Healthcare, Education and Industry (IDICAIEI)",,,conference,10.1109/idicaiei61867.2024.10842840,https://doi.org/10.1109/idicaiei61867.2024.10842840,https://doi.org/10.1109/idicaiei61867.2024.10842840,https://doi.org/10.1109/idicaiei61867.2024.10842840,https://openalex.org/W4406611495,,,false,false,true,2,"Matched generation terms: deepfake image; task terms: detection, detect.",,detection,method,false,true,true,deepfake image detection,OpenAlex,true,Automatically extracted OpenAlex candidate; all metadata and preliminary labels require manual review.
https://openalex.org/W4388851105,Deepfake detection using deep learning methods: A systematic and comprehensive review,"[""Arash Heidari"", ""Nima Jafari Navimipour"", ""Hasan Dağ"", ""Mehmet Ünal""]",2023,2023,2023-11-20,Wiley Interdisciplinary Reviews Data Mining and Knowledge Discovery,Wiley Interdisciplinary Reviews Data Mining and Knowledge Discovery,journal,Wiley,journal,10.1002/widm.1520,https://doi.org/10.1002/widm.1520,https://doi.org/10.1002/widm.1520,https://doi.org/10.1002/widm.1520,https://openalex.org/W4388851105,,,false,false,true,2,Matched generation terms: fake image; task terms: detection.,,detection,survey,true,true,false,deepfake image detection | fake image detection generative AI | forensic detection of generated images,OpenAlex,true,Automatically extracted OpenAlex candidate; all metadata and preliminary labels require manual review.
https://openalex.org/W3084142230,DeepFake Face Image Detection based on Improved VGG Convolutional Neural Network,"[""Xu Chang"", ""Jian Wu"", ""Tongfeng Yang"", ""Guorui Feng""]",2020,2020,2020-07-01,2020 39th Chinese Control Conference (CCC),2020 39th Chinese Control Conference (CCC),,,conference,10.23919/ccc50068.2020.9189596,https://doi.org/10.23919/ccc50068.2020.9189596,https://doi.org/10.23919/ccc50068.2020.9189596,https://doi.org/10.23919/ccc50068.2020.9189596,https://openalex.org/W3084142230,,,false,false,true,2,"Matched generation terms: fake image; task terms: detection, detector, detect.",,detection,method,false,true,false,deepfake image detection,OpenAlex,true,Automatically extracted OpenAlex candidate; all metadata and preliminary labels require manual review.
https://openalex.org/W3173581984,DeepFake Detection Based on Discrepancies Between Faces and Their Context,"[""Yuval Nirkin"", ""Lior Wolf"", ""Yosi Keller"", ""Tal Hassner""]",2021,2021,2021-06-29,IEEE Transactions on Pattern Analysis and Machine Intelligence,IEEE Transactions on Pattern Analysis and Machine Intelligence,journal,IEEE Computer Society,journal,10.1109/tpami.2021.3093446,https://doi.org/10.1109/tpami.2021.3093446,https://doi.org/10.1109/tpami.2021.3093446,https://doi.org/10.1109/tpami.2021.3093446,https://openalex.org/W3173581984,,,false,false,true,2,"Matched generation terms: fake image; task terms: detection, detect.",,detection,method,false,true,false,deepfake image detection,OpenAlex,true,Automatically extracted OpenAlex candidate; all metadata and preliminary labels require manual review.
https://openalex.org/W4410253117,DeepGuardNet: A Novel CNN Architecture for DeepFake Image Detection,"[""Arvanitis Theodoros N."", ""Philomina Simon""]",2025,2025,2025-01-01,Procedia Computer Science,Procedia Computer Science,journal,Elsevier BV,journal,10.1016/j.procs.2025.04.313,https://doi.org/10.1016/j.procs.2025.04.313,https://doi.org/10.1016/j.procs.2025.04.313,https://doi.org/10.1016/j.procs.2025.04.313,https://openalex.org/W4410253117,,,false,false,true,2,"Matched generation terms: fake image, deepfake image; task terms: detection, detect.",,detection,method,false,true,false,deepfake image detection,OpenAlex,true,Automatically extracted OpenAlex candidate; all metadata and preliminary labels require manual review.
https://openalex.org/W4394009764,DeepFake Image Detection,"[""Mrs. Prajwal S""]",2024,2024,2024-04-06,INTERANTIONAL JOURNAL OF SCIENTIFIC RESEARCH IN ENGINEERING AND MANAGEMENT,INTERANTIONAL JOURNAL OF SCIENTIFIC RESEARCH IN ENGINEERING AND MANAGEMENT,journal,,journal,10.55041/ijsrem30215,http://dx.doi.org/10.55041/ijsrem30215,http://dx.doi.org/10.55041/ijsrem30215,http://dx.doi.org/10.55041/ijsrem30215,https://openalex.org/W4394009764,,,false,false,true,2,"Matched generation terms: deepfake image; task terms: detection, forensic.",,detection,method,false,true,false,deepfake image detection,OpenAlex,true,Automatically extracted OpenAlex candidate; all metadata and preliminary labels require manual review.
https://openalex.org/W4408401076,Deepfake Image Detection Using ResNet50 Model,"[""Lee Kar Yee"", ""Isredza Rahmi A. Hamid"", ""Chuah ChaiWen"", ""Zubaile Abdullah"", ""Kuryati Kipli"", ""Cik Feresa Mohd Foozy""]",2024,2024,2024-11-06,2024 1st International Conference on Cyber Security and Computing (CyberComp),2024 1st International Conference on Cyber Security and Computing (CyberComp),,,conference,10.1109/cybercomp60759.2024.10913843,https://doi.org/10.1109/cybercomp60759.2024.10913843,https://doi.org/10.1109/cybercomp60759.2024.10913843,https://doi.org/10.1109/cybercomp60759.2024.10913843,https://openalex.org/W4408401076,,,false,false,true,2,"Matched generation terms: deepfake image; task terms: detection, detect.",,detection,method,false,true,false,deepfake image detection,OpenAlex,true,Automatically extracted OpenAlex candidate; all metadata and preliminary labels require manual review.
https://openalex.org/W4389633690,Deepfake Generation and Detection: Case Study and Challenges,"[""Y. G. Patel"", ""Sudeep Tanwar"", ""Rajesh Gupta"", ""Pronaya Bhattacharya"", ""Innocent E. Davidson"", ""Royi Nyameko"", ""Srinivas Aluvala"", ""Vrince Vimal""]",2023,2023,2023-01-01,IEEE Access,IEEE Access,journal,Institute of Electrical and Electronics Engineers,journal,10.1109/access.2023.3342107,https://doi.org/10.1109/access.2023.3342107,https://doi.org/10.1109/access.2023.3342107,https://doi.org/10.1109/access.2023.3342107,https://openalex.org/W4389633690,,,false,false,true,2,"Matched generation terms: fake image, deepfake image; task terms: detection, detect.",,detection,method,false,true,false,deepfake image detection | GAN-generated image detection | fake image detection generative AI,OpenAlex,true,Automatically extracted OpenAlex candidate; all metadata and preliminary labels require manual review.
https://openalex.org/W4402353496,DeepSight: Enhancing Deepfake Image Detection and Classification through Ensemble and Deep Learning Techniques,"[""T. Manju"", ""S. Kalarani""]",2024,2024,2024-07-03,2024 5th International Conference on Image Processing and Capsule Networks (ICIPCN),2024 5th International Conference on Image Processing and Capsule Networks (ICIPCN),,,conference,10.1109/icipcn63822.2024.00014,https://doi.org/10.1109/icipcn63822.2024.00014,https://doi.org/10.1109/icipcn63822.2024.00014,https://doi.org/10.1109/icipcn63822.2024.00014,https://openalex.org/W4402353496,,,false,false,true,2,"Matched generation terms: deepfake image; task terms: detection, detect.",,detection,method,false,true,false,deepfake image detection,OpenAlex,true,Automatically extracted OpenAlex candidate; all metadata and preliminary labels require manual review.
https://openalex.org/W4283712107,Analysis Survey on Deepfake detection and Recognition with Convolutional Neural Networks,"[""Saadaldeen Rashid Ahmed"", ""Emrullah Sonuç"", ""Mohammed Rashid Ahmed"", ""Adil Deniz Duru""]",2022,2022,2022-06-09,"2022 International Congress on Human-Computer Interaction, Optimization and Robotic Applications (HORA)","2022 International Congress on Human-Computer Interaction, Optimization and Robotic Applications (HORA)",conference,,conference,10.1109/hora55278.2022.9799858,https://doi.org/10.1109/hora55278.2022.9799858,https://doi.org/10.1109/hora55278.2022.9799858,https://doi.org/10.1109/hora55278.2022.9799858,https://openalex.org/W4283712107,,,false,false,true,2,"Matched generation terms: fake image; task terms: detection, detect.",,detection,survey,true,true,false,deepfake image detection,OpenAlex,true,Automatically extracted OpenAlex candidate; all metadata and preliminary labels require manual review.
https://openalex.org/W4408853348,Deepfake Image Detection with Transfer Learning Models,"[""Lutfi Emre Demir"", ""Yavuz Canbay""]",2025,2025,2025-03-26,Bitlis Eren Üniversitesi Fen Bilimleri Dergisi,Bitlis Eren Üniversitesi Fen Bilimleri Dergisi,journal,Istanbul University,journal,10.17798/bitlisfen.1610300,https://doi.org/10.17798/bitlisfen.1610300,https://doi.org/10.17798/bitlisfen.1610300,https://doi.org/10.17798/bitlisfen.1610300,https://openalex.org/W4408853348,,,false,false,true,2,"Matched generation terms: fake image, deepfake image; task terms: detection, detect.",,detection,method,false,true,false,deepfake image detection,OpenAlex,true,Automatically extracted OpenAlex candidate; all metadata and preliminary labels require manual review.
https://openalex.org/W3170631962,Wavelet-Packet Powered Deepfake Image Detection.,"[""Moritz Wolter"", ""Felix Blanke"", ""Charles Tapley Hoyt"", ""Jochen Garcke""]",2021,2021,2021-06-17,,,,,preprint,,https://openalex.org/W3170631962,https://openalex.org/W3170631962,,https://openalex.org/W3170631962,,,false,false,true,2,"Matched generation terms: generated image, deepfake image, GAN-generated image; task terms: detection, source identification.",,detection_and_source_attribution,method,false,true,false,deepfake image detection,OpenAlex,true,Automatically extracted OpenAlex candidate; all metadata and preliminary labels require manual review. Venue missing in source record; manual verification required.
https://openalex.org/W3128257465,Detection of Deepfake Images Created Using Generative Adversarial Networks: A Review,"[""K. Remya Revi"", ""Kamma Vidya"", ""M. Wilscy""]",2021,2021,2021-01-01,Transactions on computational science and computational intelligence,Transactions on computational science and computational intelligence,book series,Springer International Publishing,book,10.1007/978-3-030-49500-8_3,https://doi.org/10.1007/978-3-030-49500-8_3,https://doi.org/10.1007/978-3-030-49500-8_3,https://doi.org/10.1007/978-3-030-49500-8_3,https://openalex.org/W3128257465,,,false,false,true,2,Matched generation terms: deepfake image; task terms: detection.,,detection,survey,true,true,false,deepfake image detection,OpenAlex,true,Automatically extracted OpenAlex candidate; all metadata and preliminary labels require manual review.
https://openalex.org/W3045755384,Deep Learning for Deepfakes Creation and Detection: A Survey,"[""Thanh Thi Nguyen"", ""Minh Chau Nguyen"", ""Dung T. Nguyen"", ""Duc Thanh Nguyen"", ""Saeid Nahavandi""]",2020,2020,2020-01-01,Figshare,Figshare,repository,Figshare (United Kingdom),preprint,10.6084/m9.figshare.12731039.v1,http://export.arxiv.org/pdf/1909.11573,http://export.arxiv.org/pdf/1909.11573,http://export.arxiv.org/pdf/1909.11573,https://openalex.org/W3045755384,1909.11573,https://arxiv.org/abs/1909.11573,true,true,true,2,"Matched generation terms: fake image; task terms: detection, detect.",,detection,survey,true,true,false,deepfake image detection,OpenAlex,true,Automatically extracted OpenAlex candidate; all metadata and preliminary labels require manual review.
https://openalex.org/W4406867188,A Deepfake Image Detection Method Based on a Multi-Graph Attention Network,"[""Guorong Chen"", ""Chongling Du"", ""Yu Yuan"", ""Hong Hu"", ""Hongjun Duan"", ""Huazheng Zhu""]",2025,2025,2025-01-24,Electronics,Electronics,journal,Multidisciplinary Digital Publishing Institute,journal,10.3390/electronics14030482,https://doi.org/10.3390/electronics14030482,https://doi.org/10.3390/electronics14030482,https://doi.org/10.3390/electronics14030482,https://openalex.org/W4406867188,,,false,false,true,2,Matched generation terms: deepfake image; task terms: detection.,,detection,method,false,true,false,deepfake image detection,OpenAlex,true,Automatically extracted OpenAlex candidate; all metadata and preliminary labels require manual review.
https://openalex.org/W4413144523,"SIDA: Social Media Image Deepfake Detection, Localization and Explanation with Large Multimodal Model","[""Zhenglin Huang"", ""Jinwei Hu"", ""Xiangtai Li"", ""Yiwei He"", ""Xingyu Zhao"", ""Bei Peng"", ""Baoyuan Wu"", ""Xiaowei Huang"", ""Guangliang Cheng""]",2025,2025,2025-06-10,2025 IEEE/CVF Conference on Computer Vision and Pattern Recognition (CVPR),2025 IEEE/CVF Conference on Computer Vision and Pattern Recognition (CVPR),,,conference,10.1109/cvpr52734.2025.02685,https://doi.org/10.1109/cvpr52734.2025.02685,https://doi.org/10.1109/cvpr52734.2025.02685,https://doi.org/10.1109/cvpr52734.2025.02685,https://openalex.org/W4413144523,,,false,false,true,2,Matched generation terms: synthetic image; task terms: detection.,,detection,method,false,true,false,deepfake image detection,OpenAlex,true,Automatically extracted OpenAlex candidate; all metadata and preliminary labels require manual review.
https://openalex.org/W4389126945,Retracted: Comparative Analysis of Deepfake Image Detection Method Using Convolutional Neural Network,"[""Computational Intelligence and Neuroscience""]",2023,2023,2023-01-01,Computational Intelligence and Neuroscience,Computational Intelligence and Neuroscience,journal,Hindawi Publishing Corporation,retraction,10.1155/2023/9767530,https://doi.org/10.1155/2023/9767530,https://doi.org/10.1155/2023/9767530,https://doi.org/10.1155/2023/9767530,https://openalex.org/W4389126945,,,false,false,true,2,Matched generation terms: deepfake image; task terms: detection.,,detection,method,false,true,false,deepfake image detection,OpenAlex,true,Automatically extracted OpenAlex candidate; all metadata and preliminary labels require manual review.
https://openalex.org/W4413255768,"A Review on Deepfake Image Detection Approaches, Techniques and Methods","[""Jefferson Ng"", ""Muhammed Basheer Jasser"", ""Bayan Issa"", ""Samuel-Soma M. Ajibade"", ""Hui Na Chua""]",2025,2025,2025-06-27,2025 IEEE International Conference on Automatic Control and Intelligent Systems (I2CACIS),2025 IEEE International Conference on Automatic Control and Intelligent Systems (I2CACIS),,,conference,10.1109/i2cacis65476.2025.11100461,https://doi.org/10.1109/i2cacis65476.2025.11100461,https://doi.org/10.1109/i2cacis65476.2025.11100461,https://doi.org/10.1109/i2cacis65476.2025.11100461,https://openalex.org/W4413255768,,,false,false,true,2,Matched generation terms: deepfake image; task terms: detection.,,detection,survey,true,true,false,deepfake image detection,OpenAlex,true,Automatically extracted OpenAlex candidate; all metadata and preliminary labels require manual review.
https://openalex.org/W4409586875,Deepfake Image Detection Using Light-Weight Attention Integrated MobileNetV3 Model,"[""Talluri Harshitha"", ""Tanya Simhadri"", ""Thadakuluru Jaswanthi"", ""N. Rayvanth"", ""Rimjhim Padam Singh""]",2025,2025,2025-01-01,Lecture notes in computer science,Lecture notes in computer science,book series,Springer Science+Business Media,book,10.1007/978-3-031-84543-7_11,https://doi.org/10.1007/978-3-031-84543-7_11,https://doi.org/10.1007/978-3-031-84543-7_11,https://doi.org/10.1007/978-3-031-84543-7_11,https://openalex.org/W4409586875,,,false,false,true,2,Matched generation terms: deepfake image; task terms: detection.,,detection,method,false,true,false,deepfake image detection,OpenAlex,true,Automatically extracted OpenAlex candidate; all metadata and preliminary labels require manual review.
https://openalex.org/W4297477523,The Face Deepfake Detection Challenge,"[""Luca Guarnera"", ""Oliver Giudice"", ""Francesco Guarnera"", ""Alessandro Ortis"", ""Giovanni Puglisi"", ""A. Paratore"", ""Linh M. Q. Bui"", ""Marco Fontani"", ""Davide Alessandro Coccomini"", ""Roberto Caldelli"", ""Fabrizio Falchi"", ""Claudio Gennaro"", ""Nicola Messina"", ""Giuseppe Amato"", ""Gianpaolo Perelli"", ""Sara Concas"", ""Carlo Cuccu"", ""Giulia Orrù"", ""Gian Luca Marcialis"", ""Sebastiano Battiato""]",2022,2022,2022-09-28,Journal of Imaging,Journal of Imaging,journal,Multidisciplinary Digital Publishing Institute,journal,10.3390/jimaging8100263,https://doi.org/10.3390/jimaging8100263,https://doi.org/10.3390/jimaging8100263,https://doi.org/10.3390/jimaging8100263,https://openalex.org/W4297477523,,,false,false,true,2,"Matched generation terms: deepfake image; task terms: detection, detector.",,detection,method,false,true,false,deepfake image detection,OpenAlex,true,Automatically extracted OpenAlex candidate; all metadata and preliminary labels require manual review.
https://openalex.org/W4402716164,Rethinking the Up-Sampling Operations in CNN-Based Generative Network for Generalizable Deepfake Detection,"[""Chuangchuang Tan"", ""Huan Liu"", ""Yao Zhao"", ""Shikui Wei"", ""Guanghua Gu"", ""Ping Liu"", ""Yunchao Wei""]",2024,2024,2024-06-16,2024 IEEE/CVF Conference on Computer Vision and Pattern Recognition (CVPR),2024 IEEE/CVF Conference on Computer Vision and Pattern Recognition (CVPR),,,conference,10.1109/cvpr52733.2024.02657,https://doi.org/10.1109/cvpr52733.2024.02657,https://doi.org/10.1109/cvpr52733.2024.02657,https://doi.org/10.1109/cvpr52733.2024.02657,https://openalex.org/W4402716164,,,false,false,true,2,"Matched generation terms: synthetic image, image generated by GAN; task terms: detection.",,detection,method,false,true,false,deepfake image detection | GAN-generated image detection,OpenAlex,true,Automatically extracted OpenAlex candidate; all metadata and preliminary labels require manual review.
https://openalex.org/W4395686688,An Analysis of Recent Advances in Deepfake Image Detection in an Evolving Threat Landscape,"[""Sifat Muhammad Abdullah"", ""Aravind Cheruvu"", ""Shravya Kanchi"", ""Taejoong Chung"", ""Peng Gao"", ""Murtuza Jadliwala"", ""Bimal Viswanath""]",2024,2024,2024-04-24,arXiv (Cornell University),arXiv (Cornell University),repository,Cornell University,preprint,10.48550/arxiv.2404.16212,http://arxiv.org/abs/2404.16212,http://arxiv.org/abs/2404.16212,http://arxiv.org/abs/2404.16212,https://openalex.org/W4395686688,2404.16212,https://arxiv.org/abs/2404.16212,true,true,true,2,"Matched generation terms: synthetic image, deepfake image; task terms: detection, detector, detect.",,detection,method,false,true,false,deepfake image detection,OpenAlex,true,Automatically extracted OpenAlex candidate; all metadata and preliminary labels require manual review.
https://openalex.org/W4415539098,DFBench: Benchmarking Deepfake Image Detection Capability of Large Multimodal Models,"[""Jiarui Wang"", ""Huiyu Duan"", ""Juntong Wang"", ""Ziheng Jia"", ""Woo Yi Yang"", ""Xiaorong Zhu"", ""Yu Zhao"", ""Jiaying Qian"", ""Yuke Xing"", ""Guangtao Zhai"", ""Xiongkuo Min""]",2025,2025,2025-10-25,Proceedings of the 33rd ACM International Conference on Multimedia,Proceedings of the 33rd ACM International Conference on Multimedia,,,conference,10.1145/3746027.3758204,https://doi.org/10.1145/3746027.3758204,https://doi.org/10.1145/3746027.3758204,https://doi.org/10.1145/3746027.3758204,https://openalex.org/W4415539098,,,false,false,true,2,Matched generation terms: deepfake image; task terms: detection.,,detection,benchmark,false,true,false,deepfake image detection,OpenAlex,true,Automatically extracted OpenAlex candidate; all metadata and preliminary labels require manual review.
https://openalex.org/W4415428300,Multi-Perspective Frequency Domain Learning for Generalizable AI-Generated Image Detection,"[""Zili Xu"", ""Jianjie Luo"", ""Fuqiang Yu"", ""Zhenguo Yang""]",2025,2025,2025-10-21,Frontiers in artificial intelligence and applications,Frontiers in artificial intelligence and applications,journal,,book,10.3233/faia251048,https://doi.org/10.3233/faia251048,https://doi.org/10.3233/faia251048,https://doi.org/10.3233/faia251048,https://openalex.org/W4415428300,,,false,false,true,2,"Matched generation terms: AI-generated image, generated image; task terms: detection, detect.",,detection,method,false,false,false,AI-generated image detection,OpenAlex,true,Automatically extracted OpenAlex candidate; all metadata and preliminary labels require manual review.
https://openalex.org/W3010352349,A Survey of Deep Learning-Based Source Image Forensics,"[""Pengpeng Yang"", ""Daniele Baracchi"", ""Rongrong Ni"", ""Yao Zhao"", ""Fabrizio Argenti"", ""Alessandro Piva""]",2020,2020,2020-03-04,Journal of Imaging,Journal of Imaging,journal,Multidisciplinary Digital Publishing Institute,journal,10.3390/jimaging6030009,https://doi.org/10.3390/jimaging6030009,https://doi.org/10.3390/jimaging6030009,https://doi.org/10.3390/jimaging6030009,https://openalex.org/W3010352349,,,false,false,true,2,"Matched generation terms: generated image, GAN-generated image; task terms: detection, forensic.",,detection,survey,true,false,false,GAN-generated image detection | forensic detection of generated images | source identification of generated images | source verification of generated images,OpenAlex,true,Automatically extracted OpenAlex candidate; all metadata and preliminary labels require manual review.
https://openalex.org/W4380993529,GenImage: A Million-Scale Benchmark for Detecting AI-Generated Image,"[""Mingjian Zhu"", ""Hanting Chen"", ""Qiangyu Yan"", ""Xudong Huang"", ""Guanyu Lin"", ""Wei Li"", ""Zhijun Tu"", ""Hailin Hu"", ""Jie Hu"", ""Yunhe Wang""]",2023,2023,2023-06-14,arXiv (Cornell University),arXiv (Cornell University),repository,Cornell University,preprint,10.48550/arxiv.2306.08571,http://arxiv.org/abs/2306.08571,http://arxiv.org/abs/2306.08571,http://arxiv.org/abs/2306.08571,https://openalex.org/W4380993529,2306.08571,https://arxiv.org/abs/2306.08571,true,true,true,2,"Matched generation terms: AI-generated image, generated image, fake image; task terms: detection, detector, detect.",,detection,benchmark,false,false,false,detecting AI-generated images | fake image detection generative AI | AI-generated image source attribution | source attribution of AI-generated images | forensic attribution of generated images,OpenAlex,true,Automatically extracted OpenAlex candidate; all metadata and preliminary labels require manual review.
https://openalex.org/W4402170813,Detecting AI-generated images with CNN and Interpretation using Explainable AI,"[""Bharathi Mohan G"", ""R Prasanna Kumar"", ""Akilesh rao S"", ""Mandava Sukesh"", ""D M Abinandhini"", ""Y Jaikanth""]",2024,2024,2024-03-15,2024 IEEE International Conference on Contemporary Computing and Communications (InC4),2024 IEEE International Conference on Contemporary Computing and Communications (InC4),,,conference,10.1109/inc460750.2024.10649158,https://doi.org/10.1109/inc460750.2024.10649158,https://doi.org/10.1109/inc460750.2024.10649158,https://doi.org/10.1109/inc460750.2024.10649158,https://openalex.org/W4402170813,,,false,false,true,2,"Matched generation terms: AI-generated image, generated image; task terms: detect.",,detection,method,false,false,true,detecting AI-generated images,OpenAlex,true,Automatically extracted OpenAlex candidate; all metadata and preliminary labels require manual review.
https://openalex.org/W4386214843,A GAN-based Approach to Detect AI-Generated Images,"[""Galamo Monkam"", ""Weifeng Xu"", ""Jie Yan""]",2023,2023,2023-07-05,"2023 26th ACIS International Winter Conference on Software Engineering, Artificial Intelligence, Networking and Parallel/Distributed Computing (SNPD-Winter)","2023 26th ACIS International Winter Conference on Software Engineering, Artificial Intelligence, Networking and Parallel/Distributed Computing (SNPD-Winter)",,,conference,10.1109/snpd-winter57765.2023.10223798,https://doi.org/10.1109/snpd-winter57765.2023.10223798,https://doi.org/10.1109/snpd-winter57765.2023.10223798,https://doi.org/10.1109/snpd-winter57765.2023.10223798,https://openalex.org/W4386214843,,,false,false,true,2,"Matched generation terms: AI-generated image, generated image, fake image; task terms: detection, detect, forensic.",,detection,method,false,false,false,detecting AI-generated images,OpenAlex,true,Automatically extracted OpenAlex candidate; all metadata and preliminary labels require manual review.
https://openalex.org/W7133207051,GenImage: A Million-Scale Benchmark for Detecting AI-Generated Image,"[""Hanting Chen"", ""Hailin Hu"", ""Jie Hu"", ""Xudong Huang"", ""Wei Li"", ""Guanyu Lin"", ""Zhijun Tu"", ""Yunhe Wang"", ""Qiangyu Yan"", ""Mingjian Zhu""]",2023,2023,2023-01-01,Advances in Neural Information Processing Systems 36,Advances in Neural Information Processing Systems 36,,,journal,10.52202/075280-3398,https://doi.org/10.52202/075280-3398,https://doi.org/10.52202/075280-3398,https://doi.org/10.52202/075280-3398,https://openalex.org/W7133207051,,,false,false,true,2,"Matched generation terms: AI-generated image, generated image; task terms: detect.",,detection,benchmark,false,false,false,detecting AI-generated images,OpenAlex,true,Automatically extracted OpenAlex candidate; all metadata and preliminary labels require manual review.
https://openalex.org/W4411926716,Detecting AI-Generated Images Using a Hybrid ResNet-SE Attention Model,"[""Abhilash Reddy Gunukula"", ""Himel Das Gupta"", ""Victor S. Sheng""]",2025,2025,2025-07-02,Applied Sciences,Applied Sciences,journal,Multidisciplinary Digital Publishing Institute,journal,10.3390/app15137421,https://doi.org/10.3390/app15137421,https://doi.org/10.3390/app15137421,https://doi.org/10.3390/app15137421,https://openalex.org/W4411926716,,,false,false,true,2,"Matched generation terms: AI-generated image, generated image; task terms: detect, forensic.",,detection,method,false,false,false,detecting AI-generated images,OpenAlex,true,Automatically extracted OpenAlex candidate; all metadata and preliminary labels require manual review.
https://openalex.org/W4394891207,Detecting AI-Generated Images via CLIP,"[""Alexander Moskowitz"", ""Tyler Gaona"", ""Jacob Peterson""]",2024,2024,2024-04-17,Research Square,Research Square,repository,,preprint,10.21203/rs.3.rs-4259468/v1,https://doi.org/10.21203/rs.3.rs-4259468/v1,https://doi.org/10.21203/rs.3.rs-4259468/v1,https://doi.org/10.21203/rs.3.rs-4259468/v1,https://openalex.org/W4394891207,,,false,false,true,2,"Matched generation terms: AI-generated image, generated image; task terms: detect.",,detection,method,false,false,false,detecting AI-generated images,OpenAlex,true,Automatically extracted OpenAlex candidate; all metadata and preliminary labels require manual review.
https://openalex.org/W7125199518,Methods and trends in detecting AI-generated images: A comprehensive review,"[""Arpan Mahara"", ""Naphtali Rishe""]",2026,2026,2026-01-21,Computer Science Review,Computer Science Review,journal,Elsevier BV,journal,10.1016/j.cosrev.2026.100908,https://doi.org/10.1016/j.cosrev.2026.100908,https://doi.org/10.1016/j.cosrev.2026.100908,https://doi.org/10.1016/j.cosrev.2026.100908,https://openalex.org/W7125199518,,,false,false,true,2,"Matched generation terms: AI-generated image, synthetic image, generated image; task terms: detection, detect, forensic.",,detection,survey,true,true,false,detecting AI-generated images,OpenAlex,true,Automatically extracted OpenAlex candidate; all metadata and preliminary labels require manual review.
https://openalex.org/W4408352289,FairAdapter: Detecting AI-generated Images with Improved Fairness,"[""Feng Ding"", ""Jun Zhang"", ""Xinan He"", ""Jianfeng Xu""]",2025,2025,2025-03-12,"ICASSP 2025 - 2025 IEEE International Conference on Acoustics, Speech and Signal Processing (ICASSP)","ICASSP 2025 - 2025 IEEE International Conference on Acoustics, Speech and Signal Processing (ICASSP)",,,conference,10.1109/icassp49660.2025.10890705,https://doi.org/10.1109/icassp49660.2025.10890705,https://doi.org/10.1109/icassp49660.2025.10890705,https://doi.org/10.1109/icassp49660.2025.10890705,https://openalex.org/W4408352289,,,false,false,true,2,"Matched generation terms: AI-generated image, generated image; task terms: detection, detect, forensic.",,detection,method,false,false,false,detecting AI-generated images,OpenAlex,true,Automatically extracted OpenAlex candidate; all metadata and preliminary labels require manual review.
https://openalex.org/W4401287425,IPD-Net: Detecting AI-Generated Images via Inter-Patch Dependencies,"[""Jiahan Chen"", ""Mengtin Lo"", ""Hailiang Liao"", ""T.S. Huang""]",2024,2024,2024-01-01,International Journal of Advanced Computer Science and Applications,International Journal of Advanced Computer Science and Applications,journal,Science and Information Organization,journal,10.14569/ijacsa.2024.01507133,https://doi.org/10.14569/ijacsa.2024.01507133,https://doi.org/10.14569/ijacsa.2024.01507133,https://doi.org/10.14569/ijacsa.2024.01507133,https://openalex.org/W4401287425,,,false,false,true,2,"Matched generation terms: AI-generated image, generated image; task terms: detection, detector, detect.",,detection,method,false,false,false,detecting AI-generated images,OpenAlex,true,Automatically extracted OpenAlex candidate; all metadata and preliminary labels require manual review.
https://openalex.org/W4394867366,Detecting AI-Generated Images via CLIP,"[""Alexander Moskowitz"", ""Tyler Gaona"", ""Jessica Peterson""]",2024,2024,2024-04-12,arXiv (Cornell University),arXiv (Cornell University),repository,Cornell University,preprint,10.48550/arxiv.2404.08788,http://arxiv.org/abs/2404.08788,http://arxiv.org/abs/2404.08788,http://arxiv.org/abs/2404.08788,https://openalex.org/W4394867366,2404.08788,https://arxiv.org/abs/2404.08788,true,true,true,2,"Matched generation terms: AI-generated image, generated image; task terms: detection, detect.",,detection,method,false,false,false,detecting AI-generated images,OpenAlex,true,Automatically extracted OpenAlex candidate; all metadata and preliminary labels require manual review.
https://openalex.org/W4410120556,Harnessing The Power Of AI To Detect AI Generated Images,"[""Abhishek Pratap Singh"", ""Ritesh Rastogi"", ""M R Naveen Kumar""]",2025,2025,2025-01-01,SSRN Electronic Journal,SSRN Electronic Journal,repository,RELX Group (Netherlands),journal,10.2139/ssrn.5238890,https://doi.org/10.2139/ssrn.5238890,https://doi.org/10.2139/ssrn.5238890,https://doi.org/10.2139/ssrn.5238890,https://openalex.org/W4410120556,,,false,false,true,2,"Matched generation terms: AI-generated image, generated image; task terms: detect.",,detection,method,false,false,false,detecting AI-generated images,OpenAlex,true,Automatically extracted OpenAlex candidate; all metadata and preliminary labels require manual review.
https://openalex.org/W2912336782,FaceForensics++: Learning to Detect Manipulated Facial Images,"[""Andreas Rössler"", ""Davide Cozzolino"", ""Luisa Verdoliva"", ""Christian Rieß"", ""Justus Thies"", ""Matthias Nießner""]",2019,2019,2019-10-01,2019 IEEE/CVF International Conference on Computer Vision (ICCV),2019 IEEE/CVF International Conference on Computer Vision (ICCV),repository,Cornell University,preprint,10.1109/iccv.2019.00009,https://doi.org/10.1109/iccv.2019.00009,https://doi.org/10.1109/iccv.2019.00009,https://doi.org/10.1109/iccv.2019.00009,https://openalex.org/W2912336782,1901.08971,https://arxiv.org/abs/1901.08971,true,true,true,2,"Matched generation terms: synthetic image; task terms: detection, detector, detect.",,detection,method,false,true,true,detecting AI-generated images | detecting synthetic images | fake image detection generative AI | forensic detection of generated images | generated image provenance,OpenAlex,true,Automatically extracted OpenAlex candidate; all metadata and preliminary labels require manual review.
https://openalex.org/W4415418960,Multi-modal texture fusion network for detecting AI-generated images,"[""Haozheng Yu"", ""Bing Xu""]",2025,2025,2025-10-22,Frontiers in Artificial Intelligence,Frontiers in Artificial Intelligence,journal,Frontiers Media,journal,10.3389/frai.2025.1663292,https://doi.org/10.3389/frai.2025.1663292,https://doi.org/10.3389/frai.2025.1663292,https://doi.org/10.3389/frai.2025.1663292,https://openalex.org/W4415418960,,,false,false,true,2,"Matched generation terms: AI-generated image, synthetic image, generated image; task terms: detection, detect, forensic.",,detection,method,false,false,false,detecting AI-generated images,OpenAlex,true,Automatically extracted OpenAlex candidate; all metadata and preliminary labels require manual review.
https://openalex.org/W7118010096,DeeCLIP: A Robust and Generalizable Transformer-Based Framework for Detecting AI-Generated Images,"[""Mamadou Keïta"", ""Wassim Hamidouche"", ""Hessen Bougueffa Eutamene"", ""Abdelmalik Taleb-Ahmed"", ""Abdenour Hadid""]",2026,2026,2026-01-01,Lecture notes in computer science,Lecture notes in computer science,book series,Springer Science+Business Media,book,10.1007/978-3-032-07343-3_12,https://doi.org/10.1007/978-3-032-07343-3_12,https://doi.org/10.1007/978-3-032-07343-3_12,https://doi.org/10.1007/978-3-032-07343-3_12,https://openalex.org/W7118010096,,,false,false,true,2,"Matched generation terms: AI-generated image, generated image; task terms: detect.",,detection,method,false,false,false,detecting AI-generated images,OpenAlex,true,Automatically extracted OpenAlex candidate; all metadata and preliminary labels require manual review.
https://openalex.org/W4407129617,Detecting AI Generated Images Through Texture and Frequency Analysis of Patches,"[""Yuming Chen"", ""Maryam Yashtini""]",2024,2024,2024-11-01,"2024 4th International Conference on Artificial Intelligence, Virtual Reality and Visualization","2024 4th International Conference on Artificial Intelligence, Virtual Reality and Visualization",,,conference,10.1109/aivrv63595.2024.10860248,https://doi.org/10.1109/aivrv63595.2024.10860248,https://doi.org/10.1109/aivrv63595.2024.10860248,https://doi.org/10.1109/aivrv63595.2024.10860248,https://openalex.org/W4407129617,,,false,false,true,2,"Matched generation terms: AI-generated image, generated image; task terms: detector, detect.",,detection,method,false,false,false,detecting AI-generated images,OpenAlex,true,Automatically extracted OpenAlex candidate; all metadata and preliminary labels require manual review.
https://openalex.org/W4385656076,Digital Image Forensic Analyzer to Detect AI-generated Fake Images,"[""Galamo Monkam"", ""Jie Yan""]",2023,2023,2023-07-01,"2023 8th International Conference on Automation, Control and Robotics Engineering (CACRE)","2023 8th International Conference on Automation, Control and Robotics Engineering (CACRE)",,,conference,10.1109/cacre58689.2023.10208613,https://doi.org/10.1109/cacre58689.2023.10208613,https://doi.org/10.1109/cacre58689.2023.10208613,https://doi.org/10.1109/cacre58689.2023.10208613,https://openalex.org/W4385656076,,,false,false,true,2,"Matched generation terms: generated image, fake image; task terms: detect, forensic.",,detection,method,false,false,false,detecting AI-generated images,OpenAlex,true,Automatically extracted OpenAlex candidate; all metadata and preliminary labels require manual review.
https://openalex.org/W4415936841,Detecting AI-Generated Images via Diffusion Snap-Back Reconstruction: A Forensic Approach,"[""Mohd Ruhul Ameen"", ""Akif Islam""]",2026,2026,2026-04-16,"2026 IEEE 2nd International Conference on Quantum Photonics, Artificial Intelligence &amp;amp; Networking (QPAIN)","2026 IEEE 2nd International Conference on Quantum Photonics, Artificial Intelligence &amp;amp; Networking (QPAIN)",repository,Cornell University,conference,10.1109/qpain69676.2026.11545865,https://doi.org/10.1109/qpain69676.2026.11545865,https://doi.org/10.1109/qpain69676.2026.11545865,https://doi.org/10.1109/qpain69676.2026.11545865,https://openalex.org/W4415936841,2511.00352,https://arxiv.org/abs/2511.00352,true,true,true,2,"Matched generation terms: AI-generated image, generated image, text-to-image, generative image; task terms: detection, detector, detect, forensic.",,detection,method,false,true,false,detecting AI-generated images,OpenAlex,true,Automatically extracted OpenAlex candidate; all metadata and preliminary labels require manual review.
https://openalex.org/W4411172248,Detecting AI-Generated Images Using Facial Similarity and Feature Extraction for Digital Security,"[""Man-Ling Liao"", ""Jiann-Liang Chen"", ""Candra Ahmadi""]",2025,2025,2025-05-01,IT Professional,IT Professional,journal,IEEE Computer Society,journal,10.1109/mitp.2025.3561143,https://doi.org/10.1109/mitp.2025.3561143,https://doi.org/10.1109/mitp.2025.3561143,https://doi.org/10.1109/mitp.2025.3561143,https://openalex.org/W4411172248,,,false,false,true,2,"Matched generation terms: AI-generated image, generated image; task terms: detection, detect.",,detection,method,false,false,false,detecting AI-generated images,OpenAlex,true,Automatically extracted OpenAlex candidate; all metadata and preliminary labels require manual review.
https://openalex.org/W4413146215,Beyond Generation: A Diffusion-based Low-level Feature Extractor for Detecting AI-generated Images,"[""Nan Zhong"", ""Haoyu Chen"", ""Yiran Xu"", ""Zhenxing Qian"", ""Xinpeng Zhang""]",2025,2025,2025-06-10,2025 IEEE/CVF Conference on Computer Vision and Pattern Recognition (CVPR),2025 IEEE/CVF Conference on Computer Vision and Pattern Recognition (CVPR),,,conference,10.1109/cvpr52734.2025.00773,https://doi.org/10.1109/cvpr52734.2025.00773,https://doi.org/10.1109/cvpr52734.2025.00773,https://doi.org/10.1109/cvpr52734.2025.00773,https://openalex.org/W4413146215,,,false,false,true,2,"Matched generation terms: AI-generated image, generated image; task terms: detection, detector, detect.",,detection,method,false,false,false,detecting AI-generated images,OpenAlex,true,Automatically extracted OpenAlex candidate; all metadata and preliminary labels require manual review.
https://openalex.org/W4394571198,"Generative Visual AI in News Organizations: Challenges, Opportunities, Perceptions, and Policies","[""T.J. Thomson"", ""Ryan J. Thomas"", ""Phoebe Matich""]",2024,2024,2024-04-08,Digital Journalism,Digital Journalism,journal,Taylor & Francis,journal,10.1080/21670811.2024.2331769,https://doi.org/10.1080/21670811.2024.2331769,https://doi.org/10.1080/21670811.2024.2331769,https://doi.org/10.1080/21670811.2024.2331769,https://openalex.org/W4394571198,,,false,false,true,2,"Matched generation terms: AI-generated image, generated image, text-to-image; task terms: detect.",,detection,method,false,false,false,detecting AI-generated images | fake image detection generative AI,OpenAlex,true,Automatically extracted OpenAlex candidate; all metadata and preliminary labels require manual review.
https://openalex.org/W4406443479,Detecting AI-Generated Images Using Vision Transformers: A Robust Approach for Safeguarding Visual Media Integrity,"[""Nouar AlDahoul"", ""Yasir Zaki""]",2025,2025,2025-01-01,SSRN Electronic Journal,SSRN Electronic Journal,repository,RELX Group (Netherlands),preprint,10.2139/ssrn.5029893,https://doi.org/10.2139/ssrn.5029893,https://doi.org/10.2139/ssrn.5029893,https://doi.org/10.2139/ssrn.5029893,https://openalex.org/W4406443479,,,false,false,true,2,"Matched generation terms: AI-generated image, generated image; task terms: detect.",,detection,method,false,false,false,detecting AI-generated images,OpenAlex,true,Automatically extracted OpenAlex candidate; all metadata and preliminary labels require manual review.
https://openalex.org/W3135589907,Detecting soybean leaf disease from synthetic image using multi-feature fusion faster R-CNN,"[""Keke Zhang"", ""Qiufeng Wu"", ""Yiping Chen""]",2021,2021,2021-03-06,Computers and Electronics in Agriculture,Computers and Electronics in Agriculture,journal,Elsevier BV,journal,10.1016/j.compag.2021.106064,https://doi.org/10.1016/j.compag.2021.106064,https://doi.org/10.1016/j.compag.2021.106064,https://doi.org/10.1016/j.compag.2021.106064,https://openalex.org/W3135589907,,,false,false,true,2,Matched generation terms: synthetic image; task terms: detect.,,detection,method,false,false,false,detecting synthetic images,OpenAlex,true,Automatically extracted OpenAlex candidate; all metadata and preliminary labels require manual review.
https://openalex.org/W4400793389,A Performance Analysis to Detect Synthetic Images with Deep Learning-Based Image Classification,"[""Vinay Gautam"", ""Mukesh Joshi"", ""Raj Gaurang Tiwari"", ""Ambuj Kumar Agarwal"", ""Naresh Kumar Trivedi""]",2024,2024,2024-01-01,Lecture notes in networks and systems,Lecture notes in networks and systems,book series,Springer International Publishing,book,10.1007/978-981-97-3594-5_3,https://doi.org/10.1007/978-981-97-3594-5_3,https://doi.org/10.1007/978-981-97-3594-5_3,https://doi.org/10.1007/978-981-97-3594-5_3,https://openalex.org/W4400793389,,,false,false,true,2,Matched generation terms: synthetic image; task terms: detect.,,detection,analysis,false,false,false,detecting synthetic images,OpenAlex,true,Automatically extracted OpenAlex candidate; all metadata and preliminary labels require manual review.
https://openalex.org/W2766065312,Training Deep Neural Networks for Detecting Drinking Glasses Using Synthetic Images,"[""Abdul Jabbar"", ""Luke Farrawell"", ""Jake Fountain"", ""Stephan K. Chalup""]",2017,2017,2017-01-01,Lecture notes in computer science,Lecture notes in computer science,book series,Springer Science+Business Media,book,10.1007/978-3-319-70096-0_37,https://doi.org/10.1007/978-3-319-70096-0_37,https://doi.org/10.1007/978-3-319-70096-0_37,https://doi.org/10.1007/978-3-319-70096-0_37,https://openalex.org/W2766065312,,,false,false,true,2,Matched generation terms: synthetic image; task terms: detect.,,detection,method,false,false,false,detecting synthetic images,OpenAlex,true,Automatically extracted OpenAlex candidate; all metadata and preliminary labels require manual review.
https://openalex.org/W4284974950,AI-enabled image fraud in scientific publications,"[""Jinjin Gu"", ""Xinlei Wang"", ""Chenang Li"", ""Junhua Zhao"", ""Weijin Fu"", ""Gaoqi Liang"", ""Jing Qiu""]",2022,2022,2022-07-01,Patterns,Patterns,journal,Elsevier BV,journal,10.1016/j.patter.2022.100511,https://doi.org/10.1016/j.patter.2022.100511,https://doi.org/10.1016/j.patter.2022.100511,https://doi.org/10.1016/j.patter.2022.100511,https://openalex.org/W4284974950,,,false,false,true,2,"Matched generation terms: fake image; task terms: detection, forensic.",,detection,method,false,false,false,fake image detection generative AI | forensic detection of generated images | AI-generated image detection,OpenAlex,true,Automatically extracted OpenAlex candidate; all metadata and preliminary labels require manual review.
https://openalex.org/W4375955734,Deep fake detection and classification using error-level analysis and deep learning,"[""Rimsha Rafique"", ""Rahma Gantassi"", ""Rashid Amin"", ""Jaroslav Frnda"", ""Aida Mustapha"", ""Asma Hassan Alshehri""]",2023,2023,2023-05-08,Scientific Reports,Scientific Reports,journal,Nature Portfolio,journal,10.1038/s41598-023-34629-3,https://doi.org/10.1038/s41598-023-34629-3,https://doi.org/10.1038/s41598-023-34629-3,https://doi.org/10.1038/s41598-023-34629-3,https://openalex.org/W4375955734,,,false,false,true,2,"Matched generation terms: fake image, deepfake image; task terms: detection, detect.",,detection,method,false,true,false,fake image detection generative AI,OpenAlex,true,Automatically extracted OpenAlex candidate; all metadata and preliminary labels require manual review.
https://openalex.org/W4386590781,GLFF: Global and Local Feature Fusion for AI-Synthesized Image Detection,"[""Yan Ju"", ""Shan Jia"", ""Jialing Cai"", ""Haiying Guan"", ""Siwei Lyu""]",2023,2023,2023-09-11,IEEE Transactions on Multimedia,IEEE Transactions on Multimedia,journal,Institute of Electrical and Electronics Engineers,journal,10.1109/tmm.2023.3313503,https://doi.org/10.1109/tmm.2023.3313503,https://doi.org/10.1109/tmm.2023.3313503,https://doi.org/10.1109/tmm.2023.3313503,https://openalex.org/W4386590781,,,false,false,true,2,Matched generation terms: fake image; task terms: detection.,,detection,method,false,false,false,fake image detection generative AI,OpenAlex,true,Automatically extracted OpenAlex candidate; all metadata and preliminary labels require manual review.
https://openalex.org/W4402013517,Detection of real-time deep fakes and face forgery in video conferencing employing generative adversarial networks,"[""Sunil Kumar Sharma"", ""Abdullah M. Al‐Enizi"", ""Manoj Kumar"", ""Osama Alfarraj"", ""Majed Alowaidi""]",2024,2024,2024-08-29,Heliyon,Heliyon,journal,Elsevier BV,journal,10.1016/j.heliyon.2024.e37163,https://doi.org/10.1016/j.heliyon.2024.e37163,https://doi.org/10.1016/j.heliyon.2024.e37163,https://doi.org/10.1016/j.heliyon.2024.e37163,https://openalex.org/W4402013517,,,false,false,true,2,"Matched generation terms: synthetic image, generated image; task terms: detection, detect, forensic.",,detection,method,false,true,false,fake image detection generative AI,OpenAlex,true,Automatically extracted OpenAlex candidate; all metadata and preliminary labels require manual review.
https://openalex.org/W3138230904,Copy-Move Forgery Detection (CMFD) Using Deep Learning for Image and Video Forensics,"[""Yohanna Rodríguez-Ortega"", ""Dora M. Ballesteros"", ""Diego Renza""]",2021,2021,2021-03-20,Journal of Imaging,Journal of Imaging,journal,Multidisciplinary Digital Publishing Institute,journal,10.3390/jimaging7030059,https://doi.org/10.3390/jimaging7030059,https://doi.org/10.3390/jimaging7030059,https://doi.org/10.3390/jimaging7030059,https://openalex.org/W3138230904,,,false,false,true,2,"Matched generation terms: fake image; task terms: detection, forensic.",,detection,method,false,false,false,forensic detection of generated images,OpenAlex,true,Automatically extracted OpenAlex candidate; all metadata and preliminary labels require manual review.
https://openalex.org/W3140970613,Image Tampering Localization Using a Dense Fully Convolutional Network,"[""Peiyu Zhuang"", ""Haodong Li"", ""Shunquan Tan"", ""Bin Li"", ""Jiwu Huang""]",2021,2021,2021-01-01,IEEE Transactions on Information Forensics and Security,IEEE Transactions on Information Forensics and Security,journal,Institute of Electrical and Electronics Engineers,journal,10.1109/tifs.2021.3070444,https://doi.org/10.1109/tifs.2021.3070444,https://doi.org/10.1109/tifs.2021.3070444,https://doi.org/10.1109/tifs.2021.3070444,https://openalex.org/W3140970613,,,false,false,true,2,"Matched generation terms: generated image; task terms: detection, forensic.",,detection,method,false,false,true,forensic detection of generated images,OpenAlex,true,Automatically extracted OpenAlex candidate; all metadata and preliminary labels require manual review.
https://openalex.org/W4308234128,Fusing Global and Local Features for Generalized AI-Synthesized Image Detection,"[""Yan Ju"", ""Shan Jia"", ""Lipeng Ke"", ""Hongfei Xue"", ""Koki Nagano"", ""Siwei Lyu""]",2022,2022,2022-10-16,2022 IEEE International Conference on Image Processing (ICIP),2022 IEEE International Conference on Image Processing (ICIP),conference,,conference,10.1109/icip46576.2022.9897820,https://doi.org/10.1109/icip46576.2022.9897820,https://doi.org/10.1109/icip46576.2022.9897820,https://doi.org/10.1109/icip46576.2022.9897820,https://openalex.org/W4308234128,,,false,false,true,2,"Matched generation terms: synthetic image, generated image; task terms: detection, detector, detect, forensic.",,detection,method,false,true,false,forensic detection of generated images | AI-generated image detection | detecting AI-generated images,OpenAlex,true,Automatically extracted OpenAlex candidate; all metadata and preliminary labels require manual review.
https://openalex.org/W2921230249,Can Forensic Detectors Identify GAN Generated Images?,"[""Haodong Li"", ""Han Chen"", ""Bin Li"", ""Shunquan Tan""]",2018,2018,2018-11-01,2018 Asia-Pacific Signal and Information Processing Association Annual Summit and Conference (APSIPA ASC),2018 Asia-Pacific Signal and Information Processing Association Annual Summit and Conference (APSIPA ASC),,,conference,10.23919/apsipa.2018.8659461,https://doi.org/10.23919/apsipa.2018.8659461,https://doi.org/10.23919/apsipa.2018.8659461,https://doi.org/10.23919/apsipa.2018.8659461,https://openalex.org/W2921230249,,,false,false,true,2,"Matched generation terms: generated image, GAN-generated image; task terms: detection, detector, detect, forensic.",,detection,method,false,false,false,forensic detection of generated images,OpenAlex,true,Automatically extracted OpenAlex candidate; all metadata and preliminary labels require manual review.
https://openalex.org/W2979433881,Complement Face Forensic Detection and Localization with FacialLandmarks,"[""Kritaphat Songsri-in"", ""Stefanos Zafeiriou""]",2019,2019,2019-10-12,arXiv (Cornell University),arXiv (Cornell University),repository,Cornell University,preprint,10.48550/arxiv.1910.05455,http://arxiv.org/abs/1910.05455,http://arxiv.org/abs/1910.05455,http://arxiv.org/abs/1910.05455,https://openalex.org/W2979433881,1910.05455,https://arxiv.org/abs/1910.05455,true,true,true,2,"Matched generation terms: fake image; task terms: detection, forensic.",,detection,method,false,false,false,forensic detection of generated images,OpenAlex,true,Automatically extracted OpenAlex candidate; all metadata and preliminary labels require manual review.
https://openalex.org/W4385801432,AutoSplice: A Text-prompt Manipulated Image Dataset for Media Forensics,"[""Shan Jia"", ""Mingzhen Huang"", ""Zhou Zhou"", ""Yiguang Ju"", ""Jialing Cai"", ""Siwei Lyu""]",2023,2023,2023-06-01,2023 IEEE/CVF Conference on Computer Vision and Pattern Recognition Workshops (CVPRW),2023 IEEE/CVF Conference on Computer Vision and Pattern Recognition Workshops (CVPRW),,,conference,10.1109/cvprw59228.2023.00096,https://doi.org/10.1109/cvprw59228.2023.00096,https://doi.org/10.1109/cvprw59228.2023.00096,https://doi.org/10.1109/cvprw59228.2023.00096,https://openalex.org/W4385801432,,,false,false,true,2,"Matched generation terms: generated image; task terms: detection, detect, forensic.",,detection,dataset,false,false,true,forensic detection of generated images,OpenAlex,true,Automatically extracted OpenAlex candidate; all metadata and preliminary labels require manual review.
https://openalex.org/W4409262147,InvisMark: Invisible and Robust Watermarking for AI-generated Image Provenance,"[""Rui Xu"", ""Mengya Hu"", ""Deren Lei"", ""Yaxi Li"", ""David Lowe"", ""Alex Gorevski"", ""Mingyu Wang"", ""Emily S. C. Ching"", ""Alex Deng""]",2025,2025,2025-02-26,2025 IEEE/CVF Winter Conference on Applications of Computer Vision (WACV),2025 IEEE/CVF Winter Conference on Applications of Computer Vision (WACV),,,conference,10.1109/wacv61041.2025.00098,https://doi.org/10.1109/wacv61041.2025.00098,https://doi.org/10.1109/wacv61041.2025.00098,https://doi.org/10.1109/wacv61041.2025.00098,https://openalex.org/W4409262147,,,false,false,true,2,"Matched generation terms: AI-generated image, generated image; task terms: provenance.",,source_attribution,method,false,false,false,generated image provenance,OpenAlex,true,Automatically extracted OpenAlex candidate; all metadata and preliminary labels require manual review.
https://openalex.org/W4394862914,Towards Generated Image Provenance Analysis via Conceptual-Similar-Guided-SLIP Retrieval,"[""Xiaojie Xia"", ""Liuan Wang"", ""Jun Sun"", ""Akira Nakagawa""]",2024,2024,2024-01-01,IEEE Signal Processing Letters,IEEE Signal Processing Letters,journal,Institute of Electrical and Electronics Engineers,journal,10.1109/lsp.2024.3388958,https://doi.org/10.1109/lsp.2024.3388958,https://doi.org/10.1109/lsp.2024.3388958,https://doi.org/10.1109/lsp.2024.3388958,https://openalex.org/W4394862914,,,false,false,true,2,"Matched generation terms: synthetic image, generated image; task terms: provenance.",,source_attribution,method,false,false,false,generated image provenance,OpenAlex,true,Automatically extracted OpenAlex candidate; all metadata and preliminary labels require manual review.
https://openalex.org/W4396832416,From Provenance to Aberrations: Image Creator and Screen Reader User Perspectives on Alt Text for AI-Generated Images,"[""Maitraye Das"", ""Alexander J. Fiannaca"", ""Meredith Ringel Morris"", ""Shaun K. Kane"", ""Cynthia L. Bennett""]",2024,2024,2024-05-11,Proceedings of the CHI Conference on Human Factors in Computing Systems,Proceedings of the CHI Conference on Human Factors in Computing Systems,,,conference,10.1145/3613904.3642325,https://doi.org/10.1145/3613904.3642325,https://doi.org/10.1145/3613904.3642325,https://doi.org/10.1145/3613904.3642325,https://openalex.org/W4396832416,,,false,false,true,2,"Matched generation terms: AI-generated image, generated image; task terms: provenance.",,source_attribution,method,false,false,false,generated image provenance,OpenAlex,true,Automatically extracted OpenAlex candidate; all metadata and preliminary labels require manual review.
https://openalex.org/W4401607051,How spammers and scammers leverage AI-generated images on Facebook for audience growth,"[""Renée DiResta"", ""Josh A. Goldstein""]",2024,2024,2024-08-15,Harvard Kennedy School Misinformation Review,Harvard Kennedy School Misinformation Review,journal,,journal,10.37016/mr-2020-151,https://doi.org/10.37016/mr-2020-151,https://doi.org/10.37016/mr-2020-151,https://doi.org/10.37016/mr-2020-151,https://openalex.org/W4401607051,,,false,false,true,2,"Matched generation terms: AI-generated image, generated image; task terms: provenance.",,source_attribution,method,false,false,false,generated image provenance,OpenAlex,true,Automatically extracted OpenAlex candidate; all metadata and preliminary labels require manual review.
https://openalex.org/W4415797310,Breaking Semantic Artifacts for Generalized AI-generated Image Detection,"[""Xu Guo"", ""Chenhao Lin"", ""Shuai Liu"", ""Chao Shen"", ""Hang Wang"", ""Zhengyu Zhao"", ""Chende Zheng""]",2024,2024,2024-01-01,Advances in Neural Information Processing Systems 37,Advances in Neural Information Processing Systems 37,,,journal,10.52202/079017-1903,https://doi.org/10.52202/079017-1903,https://doi.org/10.52202/079017-1903,https://doi.org/10.52202/079017-1903,https://openalex.org/W4415797310,,,false,false,true,2,"Matched generation terms: AI-generated image, generated image; task terms: detection.",,detection,method,false,false,false,AI-generated image detection,OpenAlex,true,Automatically extracted OpenAlex candidate; all metadata and preliminary labels require manual review.
https://openalex.org/W4402524935,Detecting the Undetectable: Combining Kolmogorov-Arnold Networks and MLP for AI-Generated Image Detection,"[""Taharim Rahman Anon"", ""Jakaria Islam Emon""]",2024,2024,2024-08-18,arXiv (Cornell University),arXiv (Cornell University),repository,Cornell University,preprint,10.48550/arxiv.2408.09371,http://arxiv.org/abs/2408.09371,http://arxiv.org/abs/2408.09371,http://arxiv.org/abs/2408.09371,https://openalex.org/W4402524935,2408.09371,https://arxiv.org/abs/2408.09371,true,true,true,2,"Matched generation terms: AI-generated image, generated image; task terms: detection, detect.",,detection,method,false,false,false,AI-generated image detection,OpenAlex,true,Automatically extracted OpenAlex candidate; all metadata and preliminary labels require manual review.
https://openalex.org/W4413783451,MSAFNet: multi-scale self-adaptive feature fusion network for AI-generated image detection,"[""Liwei Yao"", ""Sen Niu"", ""Kaili Liao"", ""Guobing Zou"", ""Kefeng Li"", ""Tengbo Zhao""]",2025,2025,2025-08-28,Measurement Science and Technology,Measurement Science and Technology,journal,IOP Publishing,journal,10.1088/1361-6501/ae005c,https://doi.org/10.1088/1361-6501/ae005c,https://doi.org/10.1088/1361-6501/ae005c,https://doi.org/10.1088/1361-6501/ae005c,https://openalex.org/W4413783451,,,false,false,true,2,"Matched generation terms: AI-generated image, generated image; task terms: detection, detect.",,detection,method,false,false,false,AI-generated image detection,OpenAlex,true,Automatically extracted OpenAlex candidate; all metadata and preliminary labels require manual review.
https://openalex.org/W7128674854,"GReX-Bench: Benchmarking Generalization, Robustness, and Explainability in AI-Generated Image Detection","[""Nusrat Tasnim"", ""kutub Uddin"", ""Khalid Mahmood Malik""]",2026,2026,2026-02-12,Research Square,Research Square,repository,,preprint,10.21203/rs.3.rs-8633550/v1,https://doi.org/10.21203/rs.3.rs-8633550/v1,https://doi.org/10.21203/rs.3.rs-8633550/v1,https://doi.org/10.21203/rs.3.rs-8633550/v1,https://openalex.org/W7128674854,,,false,false,true,2,"Matched generation terms: AI-generated image, generated image; task terms: detection.",,detection,benchmark,false,false,false,AI-generated image detection,OpenAlex,true,Automatically extracted OpenAlex candidate; all metadata and preliminary labels require manual review.
https://openalex.org/W4405768297,A Bias-Free Training Paradigm for More General AI-generated Image Detection,"[""Fabrizio Guillaro"", ""Giada Zingarini"", ""Ben Usman"", ""Avneesh Sud"", ""Davide Cozzolino"", ""Luisa Verdoliva""]",2024,2024,2024-12-23,arXiv (Cornell University),arXiv (Cornell University),repository,Cornell University,preprint,10.48550/arxiv.2412.17671,http://arxiv.org/abs/2412.17671,http://arxiv.org/abs/2412.17671,http://arxiv.org/abs/2412.17671,https://openalex.org/W4405768297,2412.17671,https://arxiv.org/abs/2412.17671,true,true,true,2,"Matched generation terms: AI-generated image, generated image, fake image; task terms: detection, detector, detect, forensic.",,detection,method,false,false,false,AI-generated image detection,OpenAlex,true,Automatically extracted OpenAlex candidate; all metadata and preliminary labels require manual review.
https://openalex.org/W4388858443,Evading Watermark based Detection of AI-Generated Content,"[""Zhengyuan Jiang"", ""Jinghuai Zhang"", ""Neil Zhenqiang Gong""]",2023,2023,2023-11-15,Proceedings of the 2023 ACM SIGSAC Conference on Computer and Communications Security,Proceedings of the 2023 ACM SIGSAC Conference on Computer and Communications Security,,,conference,10.1145/3576915.3623189,https://doi.org/10.1145/3576915.3623189,https://doi.org/10.1145/3576915.3623189,https://doi.org/10.1145/3576915.3623189,https://openalex.org/W4388858443,,,false,false,true,2,"Matched generation terms: AI-generated image, generated image; task terms: detection, detect.",,detection,method,false,false,false,AI-generated image detection | detecting AI-generated images,OpenAlex,true,Automatically extracted OpenAlex candidate; all metadata and preliminary labels require manual review.
https://openalex.org/W4404988034,The Visual Counter Turing Test (VCT2): A Benchmark for Evaluating AI-Generated Image Detection and the Visual AI Index (VAI),"[""Nasrin Imanpour"", ""Borah, Abhilekh"", ""Shashwat Bajpai"", ""Subhankar Ghosh"", ""Sainath Reddy Sankepally"", ""Hasnat Abdullah"", ""Nishoak Kosaraju"", ""Shreyas Dixit"", ""Ashhar Aziz"", ""Shwetangshu Biswas"", ""Vinija Jain"", ""Aman Chadha"", ""Wang, Song"", ""Amit Sheth"", ""Amitava Das""]",2024,2024,2024-11-24,arXiv (Cornell University),arXiv (Cornell University),repository,Cornell University,preprint,10.48550/arxiv.2411.16754,http://arxiv.org/abs/2411.16754,http://arxiv.org/abs/2411.16754,http://arxiv.org/abs/2411.16754,https://openalex.org/W4404988034,2411.16754,https://arxiv.org/abs/2411.16754,true,true,true,2,"Matched generation terms: AI-generated image, generated image, text-to-image; task terms: detection, detect.",,detection,benchmark,false,false,false,AI-generated image detection,OpenAlex,true,Automatically extracted OpenAlex candidate; all metadata and preliminary labels require manual review.
https://openalex.org/W2347064614,Microscopy cell counting and detection with fully convolutional regression networks,"[""Weidi Xie"", ""J. Alison Noble"", ""Andrew Zisserman""]",2016,2016,2016-05-02,Computer Methods in Biomechanics and Biomedical Engineering Imaging & Visualization,Computer Methods in Biomechanics and Biomedical Engineering Imaging & Visualization,journal,Taylor & Francis,journal,10.1080/21681163.2016.1149104,https://doi.org/10.1080/21681163.2016.1149104,https://doi.org/10.1080/21681163.2016.1149104,https://doi.org/10.1080/21681163.2016.1149104,https://openalex.org/W2347064614,,,false,false,true,2,Matched generation terms: synthetic image; task terms: detection.,,detection,method,false,false,false,synthetic image detection,OpenAlex,true,Automatically extracted OpenAlex candidate; all metadata and preliminary labels require manual review.
https://openalex.org/W4312518338,Deep Learning applied to Road Accident Detection with Transfer Learning and Synthetic Images,"[""Tiago Tamagusko"", ""Matheus Gomes Correia"", ""Minh Anh Huynh"", ""Adelino Ferreira""]",2022,2022,2022-01-01,Transportation research procedia,Transportation research procedia,journal,Elsevier BV,journal,10.1016/j.trpro.2022.09.012,https://doi.org/10.1016/j.trpro.2022.09.012,https://doi.org/10.1016/j.trpro.2022.09.012,https://doi.org/10.1016/j.trpro.2022.09.012,https://openalex.org/W4312518338,,,false,false,true,2,"Matched generation terms: synthetic image; task terms: detection, detect.",,detection,method,false,false,false,synthetic image detection,OpenAlex,true,Automatically extracted OpenAlex candidate; all metadata and preliminary labels require manual review.
https://openalex.org/W2903907439,Cascade learning from adversarial synthetic images for accurate pupil detection,"[""Chao Gou"", ""Hui Zhang"", ""Kunfeng Wang"", ""Fei‐Yue Wang"", ""Qiang Ji""]",2018,2018,2018-12-18,Pattern Recognition,Pattern Recognition,journal,Elsevier BV,journal,10.1016/j.patcog.2018.12.014,https://doi.org/10.1016/j.patcog.2018.12.014,https://doi.org/10.1016/j.patcog.2018.12.014,https://doi.org/10.1016/j.patcog.2018.12.014,https://openalex.org/W2903907439,,,false,false,true,2,Matched generation terms: synthetic image; task terms: detection.,,detection,method,false,false,false,synthetic image detection,OpenAlex,true,Automatically extracted OpenAlex candidate; all metadata and preliminary labels require manual review.
https://openalex.org/W3044151627,CNN Detection of GAN-Generated Face Images based on Cross-Band Co-occurrences Analysis,"[""Mauro Barni"", ""Kassem Kallas"", ""Ehsan Nowroozi"", ""Benedetta Tondi""]",2020,2020,2020-12-06,2020 IEEE International Workshop on Information Forensics and Security (WIFS),2020 IEEE International Workshop on Information Forensics and Security (WIFS),repository,Cornell University,preprint,10.1109/wifs49906.2020.9360905,https://doi.org/10.1109/wifs49906.2020.9360905,https://doi.org/10.1109/wifs49906.2020.9360905,https://doi.org/10.1109/wifs49906.2020.9360905,https://openalex.org/W3044151627,2007.12909,https://arxiv.org/abs/2007.12909,true,true,true,2,Matched generation terms: synthetic image; task terms: detection.,,detection,method,false,false,false,GAN-generated image detection,OpenAlex,true,Automatically extracted OpenAlex candidate; all metadata and preliminary labels require manual review.
https://openalex.org/W4387559259,X-Transfer: A Transfer Learning-Based Framework for GAN-Generated Fake Image Detection,"[""Lei Zhang"", ""Hao Chen"", ""Shu Hu"", ""Bin Zhu"", ""Lin, Ching Sheng"", ""Xi Wu"", ""Jinrong Hu"", ""Xin Wang""]",2023,2023,2023-10-07,arXiv (Cornell University),arXiv (Cornell University),repository,Cornell University,preprint,10.48550/arxiv.2310.04639,http://arxiv.org/abs/2310.04639,http://arxiv.org/abs/2310.04639,http://arxiv.org/abs/2310.04639,https://openalex.org/W4387559259,2310.04639,https://arxiv.org/abs/2310.04639,true,true,true,2,"Matched generation terms: generated image, fake image, GAN-generated image; task terms: detection.",,detection,method,false,false,false,GAN-generated image detection,OpenAlex,true,Automatically extracted OpenAlex candidate; all metadata and preliminary labels require manual review.
https://openalex.org/W4313042219,Think Twice Before Detecting GAN-generated Fake Images from their Spectral Domain Imprints,"[""Chengdong Dong"", ""Ajay Kumar"", ""Eryun Liu""]",2022,2022,2022-06-01,2022 IEEE/CVF Conference on Computer Vision and Pattern Recognition (CVPR),2022 IEEE/CVF Conference on Computer Vision and Pattern Recognition (CVPR),conference,,conference,10.1109/cvpr52688.2022.00771,https://doi.org/10.1109/cvpr52688.2022.00771,https://doi.org/10.1109/cvpr52688.2022.00771,https://doi.org/10.1109/cvpr52688.2022.00771,https://openalex.org/W4313042219,,,false,false,true,2,"Matched generation terms: generated image, fake image, GAN-generated image; task terms: detection, detector, detect, forensic.",,detection,method,false,false,false,GAN-generated image detection | forensic detection of generated images,OpenAlex,true,Automatically extracted OpenAlex candidate; all metadata and preliminary labels require manual review.
https://openalex.org/W4392981221,GAN Generated Fake Human Face Image Detection,"[""Swati Shilaskar"", ""Mayur Talewar"", ""Soham Tak"", ""Sidhesh Goud""]",2024,2024,2024-01-24,"2024 International Conference on Intelligent and Innovative Technologies in Computing, Electrical and Electronics (IITCEE)","2024 International Conference on Intelligent and Innovative Technologies in Computing, Electrical and Electronics (IITCEE)",,,conference,10.1109/iitcee59897.2024.10467257,https://doi.org/10.1109/iitcee59897.2024.10467257,https://doi.org/10.1109/iitcee59897.2024.10467257,https://doi.org/10.1109/iitcee59897.2024.10467257,https://openalex.org/W4392981221,,,false,false,true,2,"Matched generation terms: fake image, deepfake image; task terms: detection, detect.",,detection,method,false,true,false,GAN-generated image detection,OpenAlex,true,Automatically extracted OpenAlex candidate; all metadata and preliminary labels require manual review.
https://openalex.org/W4285791495,Detecting Deepfake Images Using Deep Learning Techniques and Explainable AI Methods,"[""Wahidul Hasan Abir"", ""Faria Rahman Khanam"", ""Kazi Nabiul Alam"", ""Myriam Hadjouni"", ""Hela Elmannai"", ""Sami Bourouis"", ""Rajesh Dey"", ""Mohammad Monirujjaman Khan""]",2022,2022,2022-07-19,Intelligent Automation & Soft Computing,Intelligent Automation & Soft Computing,journal,Taylor & Francis,journal,10.32604/iasc.2023.029653,https://doi.org/10.32604/iasc.2023.029653,https://doi.org/10.32604/iasc.2023.029653,https://doi.org/10.32604/iasc.2023.029653,https://openalex.org/W4285791495,,,false,false,true,2,"Matched generation terms: deepfake image; task terms: detection, detect.",,detection,method,false,true,false,detecting AI-generated images,OpenAlex,true,Automatically extracted OpenAlex candidate; all metadata and preliminary labels require manual review.
https://openalex.org/W4407285822,"Deepfake Detection Using Deep Learning: A Unified Forensic Approach to Detect AI-Generated Images and Videos with Fusion of Eye, Nose, and Mouth Landmarks","[""Saud Sohail"", ""Syed Muhammad Sajjad"", ""Adeel Zafar"", ""Zafar Iqbal"", ""Zia Muhammad"", ""Muhammad Zafarullah Kazim""]",2025,2025,2025-02-07,Preprints.org,Preprints.org,repository,,preprint,10.20944/preprints202502.0552.v1,https://doi.org/10.20944/preprints202502.0552.v1,https://doi.org/10.20944/preprints202502.0552.v1,https://doi.org/10.20944/preprints202502.0552.v1,https://openalex.org/W4407285822,,,false,false,true,2,"Matched generation terms: AI-generated image, generated image; task terms: detection, detect, forensic.",,detection,method,false,true,false,detecting AI-generated images,OpenAlex,true,Automatically extracted OpenAlex candidate; all metadata and preliminary labels require manual review.
https://openalex.org/W4388666300,Generating Synthetic Training Images to Detect Split Defects in Stamped Components,"[""Aru Ranjan Singh"", ""Thomas Bashford‐Rogers"", ""Sumit Hazra"", ""Kurt Debattista""]",2023,2023,2023-11-14,IEEE Transactions on Industrial Informatics,IEEE Transactions on Industrial Informatics,journal,Institute of Electrical and Electronics Engineers,journal,10.1109/tii.2023.3329711,https://doi.org/10.1109/tii.2023.3329711,https://doi.org/10.1109/tii.2023.3329711,https://doi.org/10.1109/tii.2023.3329711,https://openalex.org/W4388666300,,,false,false,true,2,Matched generation terms: synthetic image; task terms: detect.,,detection,method,false,false,false,detecting synthetic images,OpenAlex,true,Automatically extracted OpenAlex candidate; all metadata and preliminary labels require manual review.
https://openalex.org/W4362684513,Detecting GAN-generated synthetic images using semantic inconsistencies,"[""Danial Samadi Vahdati"", ""Matthew C. Stamm""]",2023,2023,2023-01-16,Electronic Imaging,Electronic Imaging,journal,,journal,10.2352/ei.2023.35.4.mwsf-380,https://doi.org/10.2352/ei.2023.35.4.mwsf-380,https://doi.org/10.2352/ei.2023.35.4.mwsf-380,https://doi.org/10.2352/ei.2023.35.4.mwsf-380,https://openalex.org/W4362684513,,,false,false,true,2,"Matched generation terms: synthetic image, generated image, GAN-generated image; task terms: detection, detector, detect.",,detection,method,false,false,false,detecting synthetic images,OpenAlex,true,Automatically extracted OpenAlex candidate; all metadata and preliminary labels require manual review.
https://openalex.org/W4385815563,Intriguing properties of synthetic images: from generative adversarial networks to diffusion models,"[""Riccardo Corvi"", ""Davide Cozzolino"", ""Giovanni Poggi"", ""Koki Nagano"", ""Luisa Verdoliva""]",2023,2023,2023-06-01,2023 IEEE/CVF Conference on Computer Vision and Pattern Recognition Workshops (CVPRW),2023 IEEE/CVF Conference on Computer Vision and Pattern Recognition Workshops (CVPRW),,,conference,10.1109/cvprw59228.2023.00104,https://doi.org/10.1109/cvprw59228.2023.00104,https://doi.org/10.1109/cvprw59228.2023.00104,https://doi.org/10.1109/cvprw59228.2023.00104,https://openalex.org/W4385815563,,,false,false,true,2,"Matched generation terms: synthetic image, generated image, fake image; task terms: detect.",,detection,method,false,false,false,detecting synthetic images,OpenAlex,true,Automatically extracted OpenAlex candidate; all metadata and preliminary labels require manual review.
https://openalex.org/W4387377174,A Survey of Detection and Mitigation for Fake Images on Social Media Platforms,"[""Dilip Kumar Sharma"", ""Bhuvanesh Singh"", ""Saurabh Agarwal"", ""Lalit Garg"", ""Cheonshik Kim"", ""Ki‐Hyun Jung""]",2023,2023,2023-10-05,Applied Sciences,Applied Sciences,journal,Multidisciplinary Digital Publishing Institute,journal,10.3390/app131910980,https://doi.org/10.3390/app131910980,https://doi.org/10.3390/app131910980,https://doi.org/10.3390/app131910980,https://openalex.org/W4387377174,,,false,false,true,2,"Matched generation terms: fake image; task terms: detection, detect, forensic.",,detection,survey,true,false,false,fake image detection generative AI,OpenAlex,true,Automatically extracted OpenAlex candidate; all metadata and preliminary labels require manual review.
https://openalex.org/W4391110866,Multiclass AI-Generated Deepfake Face Detection Using Patch-Wise Deep Learning Model,"[""Muhammad Asad Arshed"", ""Shahzad Mumtaz"", ""Muhammad Ibrahim"", ""Christine Dewi"", ""Muhammad Tanveer"", ""Saeed Ahmad""]",2024,2024,2024-01-21,Computers,Computers,journal,Multidisciplinary Digital Publishing Institute,journal,10.3390/computers13010031,https://doi.org/10.3390/computers13010031,https://doi.org/10.3390/computers13010031,https://doi.org/10.3390/computers13010031,https://openalex.org/W4391110866,,,false,false,true,2,"Matched generation terms: deepfake image; task terms: detection, detect.",,detection,method,false,true,false,deepfake image detection,OpenAlex,true,Automatically extracted OpenAlex candidate; all metadata and preliminary labels require manual review.
https://openalex.org/W4381851764,Testing human ability to detect ‘deepfake’ images of human faces,"[""Sergi D. Bray"", ""Shane D. Johnson"", ""Bennett Kleinberg""]",2023,2023,2023-01-01,Journal of Cybersecurity,Journal of Cybersecurity,journal,Oxford University Press,journal,10.1093/cybsec/tyad011,https://doi.org/10.1093/cybsec/tyad011,https://doi.org/10.1093/cybsec/tyad011,https://doi.org/10.1093/cybsec/tyad011,https://openalex.org/W4381851764,,,false,false,true,2,"Matched generation terms: deepfake image; task terms: detection, detect.",,detection,analysis,false,true,false,deepfake image detection | forensic attribution of generated images,OpenAlex,true,Automatically extracted OpenAlex candidate; all metadata and preliminary labels require manual review.
https://openalex.org/W4412112598,Semantic-Aware Lightweight AI Model for Deepfake Image Detection in Online Retail Platforms,"[""Shin‐Hung Pan"", ""Akshat Gaurav"", ""Saoucène Mahfoudh"", ""Turki Althaqafi"", ""Wadee Alhalabi"", ""Ramakrishnan Raman"", ""Ching‐Hsien Hsu""]",2025,2025,2025-07-08,International Journal on Semantic Web and Information Systems,International Journal on Semantic Web and Information Systems,journal,IGI Global,journal,10.4018/ijswis.384517,https://doi.org/10.4018/ijswis.384517,https://doi.org/10.4018/ijswis.384517,https://doi.org/10.4018/ijswis.384517,https://openalex.org/W4412112598,,,false,false,true,2,"Matched generation terms: deepfake image; task terms: detection, detect.",,detection,method,false,true,false,deepfake image detection,OpenAlex,true,Automatically extracted OpenAlex candidate; all metadata and preliminary labels require manual review.
https://openalex.org/W4393217303,Enhancing Deepfake Detection With Diversified Self-Blending Images and Residuals,"[""Qingtong Liu"", ""Ziyu Xue"", ""Haitao Liu"", ""Jing Liu""]",2024,2024,2024-01-01,IEEE Access,IEEE Access,journal,Institute of Electrical and Electronics Engineers,journal,10.1109/access.2024.3382196,https://doi.org/10.1109/access.2024.3382196,https://doi.org/10.1109/access.2024.3382196,https://doi.org/10.1109/access.2024.3382196,https://openalex.org/W4393217303,,,false,false,true,2,"Matched generation terms: synthetic image; task terms: detection, detect.",,detection,method,false,true,false,deepfake image detection,OpenAlex,true,Automatically extracted OpenAlex candidate; all metadata and preliminary labels require manual review.
https://openalex.org/W4214857236,Detection of Deep-Morphed Deepfake Images to Make Robust Automatic Facial Recognition Systems,"[""Alakananda Mitra"", ""Saraju P. Mohanty"", ""Peter Corcoran"", ""Elias Kougianos""]",2021,2021,2021-12-01,2021 19th OITS International Conference on Information Technology (OCIT),2021 19th OITS International Conference on Information Technology (OCIT),,,conference,10.1109/ocit53463.2021.00039,https://doi.org/10.1109/ocit53463.2021.00039,https://doi.org/10.1109/ocit53463.2021.00039,https://doi.org/10.1109/ocit53463.2021.00039,https://openalex.org/W4214857236,,,false,false,true,2,Matched generation terms: deepfake image; task terms: detection.,,detection,method,false,true,false,deepfake image detection,OpenAlex,true,Automatically extracted OpenAlex candidate; all metadata and preliminary labels require manual review.
https://openalex.org/W4404943058,Diffusion Models as a Representation Learner for Deepfake Image Detection,"[""Rajjeshwar Ganguly"", ""Mamadou Dian Bah"", ""Mohamed Dahmane""]",2024,2024,2024-12-03,Lecture notes in computer science,Lecture notes in computer science,book series,Springer Science+Business Media,book,10.1007/978-3-031-78305-0_15,https://doi.org/10.1007/978-3-031-78305-0_15,https://doi.org/10.1007/978-3-031-78305-0_15,https://doi.org/10.1007/978-3-031-78305-0_15,https://openalex.org/W4404943058,,,false,false,true,2,Matched generation terms: deepfake image; task terms: detection.,,detection,method,false,true,false,deepfake image detection,OpenAlex,true,Automatically extracted OpenAlex candidate; all metadata and preliminary labels require manual review.
https://openalex.org/W4408874542,SMNDNet for Multiple Types of Deepfake Image Detection,"[""Qin Wang"", ""Xiaofeng Wang"", ""Jianghua Li"", ""Ruidong Han"", ""Zinian Liu"", ""Mingtao Guo""]",2025,2025,2025-01-01,"Computers, materials & continua/Computers, materials & continua (Print)","Computers, materials & continua/Computers, materials & continua (Print)",journal,,journal,10.32604/cmc.2025.063141,https://doi.org/10.32604/cmc.2025.063141,https://doi.org/10.32604/cmc.2025.063141,https://doi.org/10.32604/cmc.2025.063141,https://openalex.org/W4408874542,,,false,false,true,2,Matched generation terms: deepfake image; task terms: detection.,,detection,method,false,true,false,deepfake image detection,OpenAlex,true,Automatically extracted OpenAlex candidate; all metadata and preliminary labels require manual review.
https://openalex.org/W4367554082,DeepFake Detection Improvement for Images Based on a Proposed Method for Local Binary Pattern of the Multiple-Channel Color Space,[],2023,2023,2023-05-01,International journal of intelligent engineering and systems,International journal of intelligent engineering and systems,journal,Intelligent Networks and Systems Society,journal,10.22266/ijies2023.0630.07,https://doi.org/10.22266/ijies2023.0630.07,https://doi.org/10.22266/ijies2023.0630.07,https://doi.org/10.22266/ijies2023.0630.07,https://openalex.org/W4367554082,,,false,false,true,2,"Matched generation terms: deepfake image; task terms: detection, detect.",,detection,method,false,true,false,deepfake image detection,OpenAlex,true,Automatically extracted OpenAlex candidate; all metadata and preliminary labels require manual review.
https://openalex.org/W4409047068,A Novel Framework for Deepfake Image Detection Using Deep Learning Approach,"[""Ambika Jaiswal"", ""Aruna J. Chamatkar"", ""Akash Prakash Kharat"", ""Bhisham Sharma"", ""Imed Ben Dhaou"", ""Suhashini Awadhesh Chaurasia""]",2025,2025,2025-01-15,2025 22nd International Learning and Technology Conference (L&amp;amp;T),2025 22nd International Learning and Technology Conference (L&amp;amp;T),,,conference,10.1109/lt64002.2025.10940759,https://doi.org/10.1109/lt64002.2025.10940759,https://doi.org/10.1109/lt64002.2025.10940759,https://doi.org/10.1109/lt64002.2025.10940759,https://openalex.org/W4409047068,,,false,false,true,2,"Matched generation terms: deepfake image; task terms: detection, forensic.",,detection,method,false,true,false,deepfake image detection,OpenAlex,true,Automatically extracted OpenAlex candidate; all metadata and preliminary labels require manual review.
https://openalex.org/W4318559723,Revealing and Classification of Deepfakes Video's Images using a Customize Convolution Neural Network Model,"[""Usha Kosarkar"", ""Gopal Sarkarkar"", ""Shilpa Gedam""]",2023,2023,2023-01-01,Procedia Computer Science,Procedia Computer Science,journal,Elsevier BV,journal,10.1016/j.procs.2023.01.237,https://doi.org/10.1016/j.procs.2023.01.237,https://doi.org/10.1016/j.procs.2023.01.237,https://doi.org/10.1016/j.procs.2023.01.237,https://openalex.org/W4318559723,,,false,false,true,2,"Matched generation terms: fake image, deepfake image; task terms: detection.",,detection,method,false,true,false,deepfake image detection,OpenAlex,true,Automatically extracted OpenAlex candidate; all metadata and preliminary labels require manual review.
https://openalex.org/W4360766590,MaskGAN: A Facial Fusion Algorithm for Deepfake Image Detection,"[""Dazhuang Liu"", ""Zhen Yang"", ""Ru Zhang"", ""Jianyi Liu""]",2022,2022,2022-11-04,2022 International Conference on Computers and Artificial Intelligence Technologies (CAIT),2022 International Conference on Computers and Artificial Intelligence Technologies (CAIT),,,conference,10.1109/cait56099.2022.10072275,https://doi.org/10.1109/cait56099.2022.10072275,https://doi.org/10.1109/cait56099.2022.10072275,https://doi.org/10.1109/cait56099.2022.10072275,https://openalex.org/W4360766590,,,false,false,true,2,Matched generation terms: deepfake image; task terms: detection.,,detection,method,false,true,false,deepfake image detection,OpenAlex,true,Automatically extracted OpenAlex candidate; all metadata and preliminary labels require manual review.
https://openalex.org/W4221149434,FrePGAN: Robust Deepfake Detection Using Frequency-Level Perturbations,"[""Yonghyun Jeong"", ""Doyeon Kim"", ""Youngmin Ro"", ""Jongwon Choi""]",2022,2022,2022-06-28,Proceedings of the AAAI Conference on Artificial Intelligence,Proceedings of the AAAI Conference on Artificial Intelligence,conference,Association for the Advancement of Artificial Intelligence,conference,10.1609/aaai.v36i1.19990,https://doi.org/10.1609/aaai.v36i1.19990,https://doi.org/10.1609/aaai.v36i1.19990,https://doi.org/10.1609/aaai.v36i1.19990,https://openalex.org/W4221149434,,,false,false,true,2,"Matched generation terms: generated image; task terms: detection, detector, detect.",,detection,method,false,true,false,deepfake image detection,OpenAlex,true,Automatically extracted OpenAlex candidate; all metadata and preliminary labels require manual review.
https://openalex.org/W3172046373,Deepfakes Creation and Detection Using Deep Learning,"[""Hady A. Khalil"", ""Shady A. Maged""]",2021,2021,2021-05-26,"2021 International Mobile, Intelligent, and Ubiquitous Computing Conference (MIUCC)","2021 International Mobile, Intelligent, and Ubiquitous Computing Conference (MIUCC)",,,conference,10.1109/miucc52538.2021.9447642,https://doi.org/10.1109/miucc52538.2021.9447642,https://doi.org/10.1109/miucc52538.2021.9447642,https://doi.org/10.1109/miucc52538.2021.9447642,https://openalex.org/W3172046373,,,false,false,true,2,"Matched generation terms: fake image, deepfake image; task terms: detection, detect.",,detection,method,false,true,false,deepfake image detection,OpenAlex,true,Automatically extracted OpenAlex candidate; all metadata and preliminary labels require manual review.
https://openalex.org/W4410026772,Deepfake Image Detection Using Convolutional Neural Network,"[""Gouri Morankar"", ""Rahul Tripathi"", ""Shaili Dhanore"", ""Yash Tiwari""]",2025,2025,2025-01-01,Lecture notes in networks and systems,Lecture notes in networks and systems,book series,Springer International Publishing,book,10.1007/978-981-96-1981-8_5,https://doi.org/10.1007/978-981-96-1981-8_5,https://doi.org/10.1007/978-981-96-1981-8_5,https://doi.org/10.1007/978-981-96-1981-8_5,https://openalex.org/W4410026772,,,false,false,true,2,Matched generation terms: deepfake image; task terms: detection.,,detection,method,false,true,false,deepfake image detection,OpenAlex,true,Automatically extracted OpenAlex candidate; all metadata and preliminary labels require manual review.
https://openalex.org/W4407768917,Comparative Analysis of Custom CNN Architecture and MobileNet for Deepfake Image Detection,"[""Omar Khasro Akram"", ""Abdelrahman Mohamed"", ""Hager Magdy"", ""Mariam M. Abdellatif"", ""Sara Abdelghafar""]",2025,2025,2025-01-01,Lecture notes on data engineering and communications technologies,Lecture notes on data engineering and communications technologies,book series,Springer International Publishing,book,10.1007/978-3-031-81308-5_6,https://doi.org/10.1007/978-3-031-81308-5_6,https://doi.org/10.1007/978-3-031-81308-5_6,https://doi.org/10.1007/978-3-031-81308-5_6,https://openalex.org/W4407768917,,,false,false,true,2,Matched generation terms: deepfake image; task terms: detection.,,detection,method,false,true,false,deepfake image detection,OpenAlex,true,Automatically extracted OpenAlex candidate; all metadata and preliminary labels require manual review.
https://openalex.org/W4293169908,Discovering Transferable Forensic Features for CNN-generated Images Detection,"[""Keshigeyan Chandrasegaran"", ""Ngoc-Trung Tran"", ""Alexander Binder"", ""Ngai‐Man Cheung""]",2022,2022,2022-08-24,arXiv (Cornell University),arXiv (Cornell University),repository,Cornell University,preprint,10.48550/arxiv.2208.11342,http://arxiv.org/abs/2208.11342,http://arxiv.org/abs/2208.11342,http://arxiv.org/abs/2208.11342,https://openalex.org/W4293169908,2208.11342,https://arxiv.org/abs/2208.11342,true,true,true,2,"Matched generation terms: generated image; task terms: detection, detector, forensic.",,detection,method,false,false,false,forensic detection of generated images,OpenAlex,true,Automatically extracted OpenAlex candidate; all metadata and preliminary labels require manual review.
https://openalex.org/W3173631964,Detecting fake images by identifying potential texture difference,"[""Jiachen Yang"", ""Shuai Xiao"", ""Aiyun Li"", ""Guipeng Lan"", ""Huihui Wang""]",2021,2021,2021-06-25,Future Generation Computer Systems,Future Generation Computer Systems,journal,Elsevier BV,journal,10.1016/j.future.2021.06.043,https://doi.org/10.1016/j.future.2021.06.043,https://doi.org/10.1016/j.future.2021.06.043,https://doi.org/10.1016/j.future.2021.06.043,https://openalex.org/W3173631964,,,false,false,true,2,Matched generation terms: fake image; task terms: detect.,,detection,method,false,false,false,forensic detection of generated images,OpenAlex,true,Automatically extracted OpenAlex candidate; all metadata and preliminary labels require manual review.
https://openalex.org/W4377085653,On the Truth Claims of Deepfakes: Indexing Images and Semantic Forensics,[],2021,2021,2021-04-25,The Journal of Media Art Study and Theory,The Journal of Media Art Study and Theory,journal,,journal,10.59547/26911566.3.1.04,http://dx.doi.org/10.59547/26911566.3.1.04,http://dx.doi.org/10.59547/26911566.3.1.04,http://dx.doi.org/10.59547/26911566.3.1.04,https://openalex.org/W4377085653,,,false,false,true,2,Matched generation terms: synthetic image; task terms: forensic.,,uncertain,method,false,true,false,forensic attribution of generated images,OpenAlex,true,Automatically extracted OpenAlex candidate; all metadata and preliminary labels require manual review.
https://openalex.org/W4384297285,Does an emotional connection to art really require a human artist? Emotion and intentionality responses to AI- versus human-created art and impact on aesthetic experience,"[""Theresa Rahel Demmer"", ""Corinna Kühnapfel"", ""Joerg Fingerhut"", ""Matthew Pelowski""]",2023,2023,2023-07-14,Computers in Human Behavior,Computers in Human Behavior,journal,Elsevier BV,journal,10.1016/j.chb.2023.107875,https://doi.org/10.1016/j.chb.2023.107875,https://doi.org/10.1016/j.chb.2023.107875,https://doi.org/10.1016/j.chb.2023.107875,https://openalex.org/W4384297285,,,false,false,true,2,Matched generation terms: generated image; task terms: provenance.,,source_attribution,method,false,false,false,generated image provenance,OpenAlex,true,Automatically extracted OpenAlex candidate; all metadata and preliminary labels require manual review.
https://openalex.org/W2907295878,Do GANs Leave Artificial Fingerprints?,"[""Francesco Marra"", ""Diego Gragnaniello"", ""Luisa Verdoliva"", ""Giovanni Poggi""]",2019,2019,2019-03-01,2019 IEEE Conference on Multimedia Information Processing and Retrieval (MIPR),2019 IEEE Conference on Multimedia Information Processing and Retrieval (MIPR),conference,,conference,10.1109/mipr.2019.00103,https://doi.org/10.1109/mipr.2019.00103,https://doi.org/10.1109/mipr.2019.00103,https://doi.org/10.1109/mipr.2019.00103,https://openalex.org/W2907295878,,,false,false,true,2,"Matched generation terms: generated image, GAN-generated image; task terms: forensic, source identification.",,source_attribution,method,false,false,false,source identification of generated images,OpenAlex,true,Automatically extracted OpenAlex candidate; all metadata and preliminary labels require manual review.
