openalex_id,in_scope,author_openalex_id,author_name,author_position,author_order,institution_openalex_id,institution_name,city,country,country_code,ror_id,latitude,longitude,raw_affiliation_text,manual_review,notes
https://openalex.org/W4402915983,true,https://openalex.org/A5085769320,Davide Cozzolino,first,1,https://openalex.org/I4210117450,Federico II University Hospital,,,IT,02jr6tp70,,,University Federico II of Naples,true,"Automatically extracted OpenAlex authorship/affiliation candidate; verify the author, institution, and location manually."
https://openalex.org/W4402915983,true,https://openalex.org/A5081981044,Giovanni Poggi,middle,2,https://openalex.org/I4210117450,Federico II University Hospital,,,IT,02jr6tp70,,,University Federico II of Naples,true,"Automatically extracted OpenAlex authorship/affiliation candidate; verify the author, institution, and location manually."
https://openalex.org/W4402915983,true,https://openalex.org/A5048938490,Riccardo Corvi,middle,3,https://openalex.org/I4210117450,Federico II University Hospital,,,IT,02jr6tp70,,,University Federico II of Naples,true,"Automatically extracted OpenAlex authorship/affiliation candidate; verify the author, institution, and location manually."
https://openalex.org/W4402915983,true,https://openalex.org/A5088583491,Matthias Nießner,middle,4,https://openalex.org/I62916508,Technical University of Munich,,,DE,02kkvpp62,,,Technical University of Munich,true,"Automatically extracted OpenAlex authorship/affiliation candidate; verify the author, institution, and location manually."
https://openalex.org/W4402915983,true,https://openalex.org/A5080842029,Luisa Verdoliva,last,5,https://openalex.org/I4210117450,Federico II University Hospital,,,IT,02jr6tp70,,,University Federico II of Naples,true,"Automatically extracted OpenAlex authorship/affiliation candidate; verify the author, institution, and location manually."
https://openalex.org/W4388820663,true,https://openalex.org/A5064061658,Ziyi Xi,first,1,https://openalex.org/I157773358,Sun Yat-sen University,,,CN,0064kty71,,,"Sun Yat-sen University,GuangDong Province Key Laboratory of Information Security Technology,GuangZhou,China | GuangDong Province Key Laboratory of Information Security Technology, Sun Yat-sen University, GuangZhou, China",true,"Automatically extracted OpenAlex authorship/affiliation candidate; verify the author, institution, and location manually."
https://openalex.org/W4388820663,true,https://openalex.org/A5103170948,Wenmin Huang,middle,2,https://openalex.org/I157773358,Sun Yat-sen University,,,CN,0064kty71,,,"Sun Yat-sen University,GuangDong Province Key Laboratory of Information Security Technology,GuangZhou,China | GuangDong Province Key Laboratory of Information Security Technology, Sun Yat-sen University, GuangZhou, China",true,"Automatically extracted OpenAlex authorship/affiliation candidate; verify the author, institution, and location manually."
https://openalex.org/W4388820663,true,https://openalex.org/A5038676203,Kangkang Wei,middle,3,https://openalex.org/I157773358,Sun Yat-sen University,,,CN,0064kty71,,,"Sun Yat-sen University,GuangDong Province Key Laboratory of Information Security Technology,GuangZhou,China | GuangDong Province Key Laboratory of Information Security Technology, Sun Yat-sen University, GuangZhou, China",true,"Automatically extracted OpenAlex authorship/affiliation candidate; verify the author, institution, and location manually."
https://openalex.org/W4388820663,true,https://openalex.org/A5102785655,Weiqi Luo,middle,4,https://openalex.org/I157773358,Sun Yat-sen University,,,CN,0064kty71,,,"Sun Yat-sen University,GuangDong Province Key Laboratory of Information Security Technology,GuangZhou,China | GuangDong Province Key Laboratory of Information Security Technology, Sun Yat-sen University, GuangZhou, China",true,"Automatically extracted OpenAlex authorship/affiliation candidate; verify the author, institution, and location manually."
https://openalex.org/W4388820663,true,https://openalex.org/A5069998992,Peijia Zheng,last,5,https://openalex.org/I157773358,Sun Yat-sen University,,,CN,0064kty71,,,"Sun Yat-sen University,GuangDong Province Key Laboratory of Information Security Technology,GuangZhou,China | GuangDong Province Key Laboratory of Information Security Technology, Sun Yat-sen University, GuangZhou, China",true,"Automatically extracted OpenAlex authorship/affiliation candidate; verify the author, institution, and location manually."
https://openalex.org/W4390873235,true,https://openalex.org/A5100418321,Zhendong Wang,first,1,https://openalex.org/I126520041,University of Science and Technology of China,,,CN,04c4dkn09,,,"University of Science and Technology of China,CAS Key Laboratory of GIPAS,EEIS Department | EEIS Department, CAS Key Laboratory of GIPAS, University of Science and Technology of China",true,"Automatically extracted OpenAlex authorship/affiliation candidate; verify the author, institution, and location manually."
https://openalex.org/W4390873235,true,https://openalex.org/A5101369681,Jianmin Bao,middle,2,https://openalex.org/I4210113369,Microsoft Research Asia (China),,,CN,0300m5276,,,Microsoft Research Asia,true,"Automatically extracted OpenAlex authorship/affiliation candidate; verify the author, institution, and location manually."
https://openalex.org/W4390873235,true,https://openalex.org/A5046805800,Wengang Zhou,middle,3,https://openalex.org/I126520041,University of Science and Technology of China,,,CN,04c4dkn09,,,"University of Science and Technology of China,CAS Key Laboratory of GIPAS,EEIS Department | EEIS Department, CAS Key Laboratory of GIPAS, University of Science and Technology of China",true,"Automatically extracted OpenAlex authorship/affiliation candidate; verify the author, institution, and location manually."
https://openalex.org/W4390873235,true,https://openalex.org/A5046805800,Wengang Zhou,middle,3,https://openalex.org/I4210105595,Institute of Art,,,PL,017fyx225,,,"Institute of Artificial Intelligence, Hefei Comprehensive National Science Center",true,"Automatically extracted OpenAlex authorship/affiliation candidate; verify the author, institution, and location manually."
https://openalex.org/W4390873235,true,https://openalex.org/A5046805800,Wengang Zhou,middle,3,https://openalex.org/I4210137491,National Science Centre,,,PL,03ha2q922,,,"Institute of Artificial Intelligence, Hefei Comprehensive National Science Center",true,"Automatically extracted OpenAlex authorship/affiliation candidate; verify the author, institution, and location manually."
https://openalex.org/W4390873235,true,https://openalex.org/A5101417440,Weilun Wang,middle,4,https://openalex.org/I126520041,University of Science and Technology of China,,,CN,04c4dkn09,,,"University of Science and Technology of China,CAS Key Laboratory of GIPAS,EEIS Department | EEIS Department, CAS Key Laboratory of GIPAS, University of Science and Technology of China",true,"Automatically extracted OpenAlex authorship/affiliation candidate; verify the author, institution, and location manually."
https://openalex.org/W4390873235,true,https://openalex.org/A5035950233,Hezhen Hu,middle,5,https://openalex.org/I126520041,University of Science and Technology of China,,,CN,04c4dkn09,,,"University of Science and Technology of China,CAS Key Laboratory of GIPAS,EEIS Department | EEIS Department, CAS Key Laboratory of GIPAS, University of Science and Technology of China",true,"Automatically extracted OpenAlex authorship/affiliation candidate; verify the author, institution, and location manually."
https://openalex.org/W4390873235,true,https://openalex.org/A5100420451,Hong Chen,middle,6,,,,,,,,,Merchants Union Consumer Finance Company,true,"Automatically extracted OpenAlex authorship/affiliation candidate; verify the author, institution, and location manually. Structured institution missing; preserved raw affiliation text for manual resolution."
https://openalex.org/W4390873235,true,https://openalex.org/A5078141810,Houqiang Li,last,7,https://openalex.org/I126520041,University of Science and Technology of China,,,CN,04c4dkn09,,,"University of Science and Technology of China,CAS Key Laboratory of GIPAS,EEIS Department | EEIS Department, CAS Key Laboratory of GIPAS, University of Science and Technology of China",true,"Automatically extracted OpenAlex authorship/affiliation candidate; verify the author, institution, and location manually."
https://openalex.org/W4390873235,true,https://openalex.org/A5078141810,Houqiang Li,last,7,https://openalex.org/I4210105595,Institute of Art,,,PL,017fyx225,,,"Institute of Artificial Intelligence, Hefei Comprehensive National Science Center",true,"Automatically extracted OpenAlex authorship/affiliation candidate; verify the author, institution, and location manually."
https://openalex.org/W4390873235,true,https://openalex.org/A5078141810,Houqiang Li,last,7,https://openalex.org/I4210137491,National Science Centre,,,PL,03ha2q922,,,"Institute of Artificial Intelligence, Hefei Comprehensive National Science Center",true,"Automatically extracted OpenAlex authorship/affiliation candidate; verify the author, institution, and location manually."
https://openalex.org/W2811414481,true,https://openalex.org/A5038286261,Francesco Marra,first,1,https://openalex.org/I71267560,University of Naples Federico II,,,IT,05290cv24,,,"Dep. of Electrical Engineering and Information Technology, University Federico II of Naples, Naples, Italy",true,"Automatically extracted OpenAlex authorship/affiliation candidate; verify the author, institution, and location manually."
https://openalex.org/W2811414481,true,https://openalex.org/A5038476909,Diego Gragnaniello,middle,2,https://openalex.org/I71267560,University of Naples Federico II,,,IT,05290cv24,,,"Dep. of Electrical Engineering and Information Technology, University Federico II of Naples, Naples, Italy",true,"Automatically extracted OpenAlex authorship/affiliation candidate; verify the author, institution, and location manually."
https://openalex.org/W2811414481,true,https://openalex.org/A5085769320,Davide Cozzolino,middle,3,https://openalex.org/I71267560,University of Naples Federico II,,,IT,05290cv24,,,"Dep. of Electrical Engineering and Information Technology, University Federico II of Naples, Naples, Italy",true,"Automatically extracted OpenAlex authorship/affiliation candidate; verify the author, institution, and location manually."
https://openalex.org/W2811414481,true,https://openalex.org/A5080842029,Luisa Verdoliva,last,4,https://openalex.org/I71267560,University of Naples Federico II,,,IT,05290cv24,,,"Dep. of Electrical Engineering and Information Technology, University Federico II of Naples, Naples, Italy",true,"Automatically extracted OpenAlex authorship/affiliation candidate; verify the author, institution, and location manually."
https://openalex.org/W4392453284,true,https://openalex.org/A5009676491,Lydia Abady,first,1,https://openalex.org/I102064193,University of Siena,,,IT,01tevnk56,,,"Department of Information Engineering and Mathematics, University of Siena, Via Roma 56, 53100 Siena, Italy",true,"Automatically extracted OpenAlex authorship/affiliation candidate; verify the author, institution, and location manually."
https://openalex.org/W4392453284,true,https://openalex.org/A5100384783,Jun Wang,middle,2,https://openalex.org/I102064193,University of Siena,,,IT,01tevnk56,,,"Department of Information Engineering and Mathematics, University of Siena, Via Roma 56, 53100 Siena, Italy",true,"Automatically extracted OpenAlex authorship/affiliation candidate; verify the author, institution, and location manually."
https://openalex.org/W4392453284,true,https://openalex.org/A5026139768,Benedetta Tondi,middle,3,https://openalex.org/I102064193,University of Siena,,,IT,01tevnk56,,,"Department of Information Engineering and Mathematics, University of Siena, Via Roma 56, 53100 Siena, Italy",true,"Automatically extracted OpenAlex authorship/affiliation candidate; verify the author, institution, and location manually."
https://openalex.org/W4392453284,true,https://openalex.org/A5007836692,Mauro Barni,last,4,https://openalex.org/I102064193,University of Siena,,,IT,01tevnk56,,,"Department of Information Engineering and Mathematics, University of Siena, Via Roma 56, 53100 Siena, Italy",true,"Automatically extracted OpenAlex authorship/affiliation candidate; verify the author, institution, and location manually."
https://openalex.org/W4200053273,true,https://openalex.org/A5081217968,Brandon Khoo,first,1,https://openalex.org/I11662577,Monash University Malaysia,,,MY,00yncr324,,,"School of IT Monash University, Malaysia campus Subang Jaya Malaysia | School of IT, Monash University, Malaysia campus, Subang Jaya, Malaysia",true,"Automatically extracted OpenAlex authorship/affiliation candidate; verify the author, institution, and location manually."
https://openalex.org/W4200053273,true,https://openalex.org/A5066166428,Raphaël C.‐W. Phan,middle,2,https://openalex.org/I11662577,Monash University Malaysia,,,MY,00yncr324,,,"School of IT Monash University, Malaysia campus Subang Jaya Malaysia | School of IT, Monash University, Malaysia campus, Subang Jaya, Malaysia",true,"Automatically extracted OpenAlex authorship/affiliation candidate; verify the author, institution, and location manually."
https://openalex.org/W4200053273,true,https://openalex.org/A5066166428,Raphaël C.‐W. Phan,middle,2,https://openalex.org/I56590836,Monash University,,,AU,02bfwt286,,,"Department of Software Systems &amp; Cybersecurity, Faculty of IT Monash University Melbourne Victoria Australia | Department of Software Systems & Cybersecurity, Faculty of IT, Monash University, Melbourne, Victoria, Australia",true,"Automatically extracted OpenAlex authorship/affiliation candidate; verify the author, institution, and location manually."
https://openalex.org/W4200053273,true,https://openalex.org/A5031567819,Chern Hong Lim,last,3,https://openalex.org/I11662577,Monash University Malaysia,,,MY,00yncr324,,,"School of IT Monash University, Malaysia campus Subang Jaya Malaysia | School of IT, Monash University, Malaysia campus, Subang Jaya, Malaysia",true,"Automatically extracted OpenAlex authorship/affiliation candidate; verify the author, institution, and location manually."
https://openalex.org/W4402753859,true,https://openalex.org/A5065679852,Huan Liu,first,1,https://openalex.org/I21193070,Beijing Jiaotong University,,,CN,01yj56c84,,,"Institute of Information Science, Beijing Jiaotong University",true,"Automatically extracted OpenAlex authorship/affiliation candidate; verify the author, institution, and location manually."
https://openalex.org/W4402753859,true,https://openalex.org/A5040257967,Zichang Tan,middle,2,https://openalex.org/I98301712,Baidu (China),,,CN,03vs3wt56,,,Baidu VIS,true,"Automatically extracted OpenAlex authorship/affiliation candidate; verify the author, institution, and location manually."
https://openalex.org/W4402753859,true,https://openalex.org/A5078290333,Chuangchuang Tan,middle,3,https://openalex.org/I21193070,Beijing Jiaotong University,,,CN,01yj56c84,,,"Institute of Information Science, Beijing Jiaotong University",true,"Automatically extracted OpenAlex authorship/affiliation candidate; verify the author, institution, and location manually."
https://openalex.org/W4402753859,true,https://openalex.org/A5087043856,Yunchao Wei,middle,4,https://openalex.org/I21193070,Beijing Jiaotong University,,,CN,01yj56c84,,,"Institute of Information Science, Beijing Jiaotong University",true,"Automatically extracted OpenAlex authorship/affiliation candidate; verify the author, institution, and location manually."
https://openalex.org/W4402753859,true,https://openalex.org/A5075880303,Jingdong Wang,middle,5,https://openalex.org/I98301712,Baidu (China),,,CN,03vs3wt56,,,Baidu VIS,true,"Automatically extracted OpenAlex authorship/affiliation candidate; verify the author, institution, and location manually."
https://openalex.org/W4402753859,true,https://openalex.org/A5110382448,Yao Zhao,last,6,https://openalex.org/I21193070,Beijing Jiaotong University,,,CN,01yj56c84,,,"Institute of Information Science, Beijing Jiaotong University",true,"Automatically extracted OpenAlex authorship/affiliation candidate; verify the author, institution, and location manually."
https://openalex.org/W4375869427,true,https://openalex.org/A5048938490,Riccardo Corvi,first,1,https://openalex.org/I4210117450,Federico II University Hospital,,,IT,02jr6tp70,,,"University Federico II of Naples,Italy | University Federico II of Naples, Italy",true,"Automatically extracted OpenAlex authorship/affiliation candidate; verify the author, institution, and location manually."
https://openalex.org/W4375869427,true,https://openalex.org/A5085769320,Davide Cozzolino,middle,2,https://openalex.org/I4210117450,Federico II University Hospital,,,IT,02jr6tp70,,,"University Federico II of Naples,Italy | University Federico II of Naples, Italy",true,"Automatically extracted OpenAlex authorship/affiliation candidate; verify the author, institution, and location manually."
https://openalex.org/W4375869427,true,https://openalex.org/A5078732355,Giada Zingarini,middle,3,https://openalex.org/I4210117450,Federico II University Hospital,,,IT,02jr6tp70,,,"University Federico II of Naples,Italy | University Federico II of Naples, Italy",true,"Automatically extracted OpenAlex authorship/affiliation candidate; verify the author, institution, and location manually."
https://openalex.org/W4375869427,true,https://openalex.org/A5081981044,Giovanni Poggi,middle,4,https://openalex.org/I4210117450,Federico II University Hospital,,,IT,02jr6tp70,,,"University Federico II of Naples,Italy | University Federico II of Naples, Italy",true,"Automatically extracted OpenAlex authorship/affiliation candidate; verify the author, institution, and location manually."
https://openalex.org/W4375869427,true,https://openalex.org/A5026964301,Koki Nagano,middle,5,,,,,,,,,NVIDIA,true,"Automatically extracted OpenAlex authorship/affiliation candidate; verify the author, institution, and location manually. Structured institution missing; preserved raw affiliation text for manual resolution."
https://openalex.org/W4375869427,true,https://openalex.org/A5080842029,Luisa Verdoliva,last,6,https://openalex.org/I4210117450,Federico II University Hospital,,,IT,02jr6tp70,,,"University Federico II of Naples,Italy | University Federico II of Naples, Italy",true,"Automatically extracted OpenAlex authorship/affiliation candidate; verify the author, institution, and location manually."
https://openalex.org/W4404002774,true,https://openalex.org/A5024874767,Christos Koutlis,first,1,https://openalex.org/I4210093649,Information Technologies Institute,,,GR,0069akp70,,,"Information Technologies Institute @ CERTH, Thessaloniki, Greece",true,"Automatically extracted OpenAlex authorship/affiliation candidate; verify the author, institution, and location manually."
https://openalex.org/W4404002774,true,https://openalex.org/A5024874767,Christos Koutlis,first,1,https://openalex.org/I4210134249,Centre for Research and Technology Hellas,,,GR,03bndpq63,,,"Information Technologies Institute @ CERTH, Thessaloniki, Greece",true,"Automatically extracted OpenAlex authorship/affiliation candidate; verify the author, institution, and location manually."
https://openalex.org/W4404002774,true,https://openalex.org/A5013616365,Symeon Papadopoulos,last,2,https://openalex.org/I4210093649,Information Technologies Institute,,,GR,0069akp70,,,"Information Technologies Institute @ CERTH, Thessaloniki, Greece",true,"Automatically extracted OpenAlex authorship/affiliation candidate; verify the author, institution, and location manually."
https://openalex.org/W4404002774,true,https://openalex.org/A5013616365,Symeon Papadopoulos,last,2,https://openalex.org/I4210134249,Centre for Research and Technology Hellas,,,GR,03bndpq63,,,"Information Technologies Institute @ CERTH, Thessaloniki, Greece",true,"Automatically extracted OpenAlex authorship/affiliation candidate; verify the author, institution, and location manually."
https://openalex.org/W4386590429,true,https://openalex.org/A5027792367,Md Awsafur Rahman,first,1,https://openalex.org/I183697816,Bangladesh University of Engineering and Technology,,,BD,05a1qpv97,,,"BUET,Dept. of EEE,Bangladesh | Dept. of EEE, BUET, Bangladesh",true,"Automatically extracted OpenAlex authorship/affiliation candidate; verify the author, institution, and location manually."
https://openalex.org/W4386590429,true,https://openalex.org/A5070147835,Bishmoy Paul,middle,2,https://openalex.org/I183697816,Bangladesh University of Engineering and Technology,,,BD,05a1qpv97,,,"BUET,Dept. of EEE,Bangladesh | Dept. of EEE, BUET, Bangladesh",true,"Automatically extracted OpenAlex authorship/affiliation candidate; verify the author, institution, and location manually."
https://openalex.org/W4386590429,true,https://openalex.org/A5038530616,Najibul Haque Sarker,middle,3,https://openalex.org/I183697816,Bangladesh University of Engineering and Technology,,,BD,05a1qpv97,,,"BUET,Dept. of CSE,Bangladesh | Dept. of CSE, BUET, Bangladesh",true,"Automatically extracted OpenAlex authorship/affiliation candidate; verify the author, institution, and location manually."
https://openalex.org/W4386590429,true,https://openalex.org/A5081902603,Zaber Ibn Abdul Hakim,middle,4,https://openalex.org/I183697816,Bangladesh University of Engineering and Technology,,,BD,05a1qpv97,,,"BUET,Dept. of CSE,Bangladesh | Dept. of CSE, BUET, Bangladesh",true,"Automatically extracted OpenAlex authorship/affiliation candidate; verify the author, institution, and location manually."
https://openalex.org/W4386590429,true,https://openalex.org/A5074606314,Shaikh Anowarul Fattah,last,5,https://openalex.org/I183697816,Bangladesh University of Engineering and Technology,,,BD,05a1qpv97,,,"BUET,Dept. of EEE,Bangladesh | Dept. of EEE, BUET, Bangladesh",true,"Automatically extracted OpenAlex authorship/affiliation candidate; verify the author, institution, and location manually."
https://openalex.org/W4394597038,true,https://openalex.org/A5008737387,Sergey Sinitsa,first,1,https://openalex.org/I2801151526,Brandman University,,,US,013922990,,,Reichman University,true,"Automatically extracted OpenAlex authorship/affiliation candidate; verify the author, institution, and location manually."
https://openalex.org/W4394597038,true,https://openalex.org/A5021513418,Ohad Fried,last,2,https://openalex.org/I2801151526,Brandman University,,,US,013922990,,,Reichman University,true,"Automatically extracted OpenAlex authorship/affiliation candidate; verify the author, institution, and location manually."
https://openalex.org/W4406160881,true,https://openalex.org/A5031314564,Mamadou Keïta,first,1,https://openalex.org/I4210123471,Institut d'électronique de microélectronique et de nanotechnologie,,,FR,02q4res37,,,Laboratory of IEMN Université Polytechnique Hauts‐de‐France Valenciennes France,true,"Automatically extracted OpenAlex authorship/affiliation candidate; verify the author, institution, and location manually."
https://openalex.org/W4406160881,true,https://openalex.org/A5031314564,Mamadou Keïta,first,1,https://openalex.org/I70348806,Université Polytechnique Hauts-de-France,,,FR,02ezch769,,,Laboratory of IEMN Université Polytechnique Hauts‐de‐France Valenciennes France,true,"Automatically extracted OpenAlex authorship/affiliation candidate; verify the author, institution, and location manually."
https://openalex.org/W4406160881,true,https://openalex.org/A5114039161,Wassim Hamidouche,middle,2,https://openalex.org/I176601375,Khalifa University of Science and Technology,,,AE,05hffr360,,,"Khalifa University Abu Dhabi UAE | Khalifa University, Abu Dhabi, UAE",true,"Automatically extracted OpenAlex authorship/affiliation candidate; verify the author, institution, and location manually."
https://openalex.org/W4406160881,true,https://openalex.org/A5094583687,Hessen Bougueffa Eutamene,middle,3,https://openalex.org/I4210123471,Institut d'électronique de microélectronique et de nanotechnologie,,,FR,02q4res37,,,Laboratory of IEMN Université Polytechnique Hauts‐de‐France Valenciennes France,true,"Automatically extracted OpenAlex authorship/affiliation candidate; verify the author, institution, and location manually."
https://openalex.org/W4406160881,true,https://openalex.org/A5094583687,Hessen Bougueffa Eutamene,middle,3,https://openalex.org/I70348806,Université Polytechnique Hauts-de-France,,,FR,02ezch769,,,Laboratory of IEMN Université Polytechnique Hauts‐de‐France Valenciennes France,true,"Automatically extracted OpenAlex authorship/affiliation candidate; verify the author, institution, and location manually."
https://openalex.org/W4406160881,true,https://openalex.org/A5088214859,Abdelmalik Taleb‐Ahmed,middle,4,https://openalex.org/I4210123471,Institut d'électronique de microélectronique et de nanotechnologie,,,FR,02q4res37,,,Laboratory of IEMN Université Polytechnique Hauts‐de‐France Valenciennes France,true,"Automatically extracted OpenAlex authorship/affiliation candidate; verify the author, institution, and location manually."
https://openalex.org/W4406160881,true,https://openalex.org/A5088214859,Abdelmalik Taleb‐Ahmed,middle,4,https://openalex.org/I70348806,Université Polytechnique Hauts-de-France,,,FR,02ezch769,,,Laboratory of IEMN Université Polytechnique Hauts‐de‐France Valenciennes France,true,"Automatically extracted OpenAlex authorship/affiliation candidate; verify the author, institution, and location manually."
https://openalex.org/W4406160881,true,https://openalex.org/A5025314362,David Camacho,middle,5,https://openalex.org/I88060688,Universidad Politécnica de Madrid,,,ES,03n6nwv02,,,"Technical University of Madrid Madrid Spain | Technical University of Madrid, Madrid, Spain",true,"Automatically extracted OpenAlex authorship/affiliation candidate; verify the author, institution, and location manually."
https://openalex.org/W4406160881,true,https://openalex.org/A5013928164,Abdenour Hadid,last,6,https://openalex.org/I4210141120,Sorbonne University Abu Dhabi,,,AE,03e1ymy32,,,"Sorbonne Center for Artificial Intelligence Sorbonne University Abu Dhabi UAE | Sorbonne Center for Artificial Intelligence, Sorbonne University, Abu Dhabi, UAE",true,"Automatically extracted OpenAlex authorship/affiliation candidate; verify the author, institution, and location manually."
https://openalex.org/W4409149749,true,https://openalex.org/A5067586474,Ouxiang Li,first,1,https://openalex.org/I126520041,University of Science and Technology of China,,,CN,04c4dkn09,,,"University of Science and Technology of China, Hefei, Anhui, China",true,"Automatically extracted OpenAlex authorship/affiliation candidate; verify the author, institution, and location manually."
https://openalex.org/W4409149749,true,,Jiayin Cai,middle,2,,,,,,,,,"Xiaohongshu Inc., Beijing, China",true,"Automatically extracted OpenAlex authorship/affiliation candidate; verify the author, institution, and location manually. Structured institution missing; preserved raw affiliation text for manual resolution. OpenAlex author ID missing."
https://openalex.org/W4409149749,true,https://openalex.org/A5043525989,Yanbin Hao,middle,3,https://openalex.org/I126520041,University of Science and Technology of China,,,CN,04c4dkn09,,,"University of Science and Technology of China, Hefei, Anhui, China",true,"Automatically extracted OpenAlex authorship/affiliation candidate; verify the author, institution, and location manually."
https://openalex.org/W4409149749,true,https://openalex.org/A5109617826,X.H. Jiang,middle,4,,,,,,,,,"Xiaohongshu Inc., Beijing, China",true,"Automatically extracted OpenAlex authorship/affiliation candidate; verify the author, institution, and location manually. Structured institution missing; preserved raw affiliation text for manual resolution."
https://openalex.org/W4409149749,true,https://openalex.org/A5107062676,Yao Hu,middle,5,,,,,,,,,"Xiaohongshu Inc., Beijing, China",true,"Automatically extracted OpenAlex authorship/affiliation candidate; verify the author, institution, and location manually. Structured institution missing; preserved raw affiliation text for manual resolution."
https://openalex.org/W4409149749,true,https://openalex.org/A5051925942,Fuli Feng,last,6,https://openalex.org/I126520041,University of Science and Technology of China,,,CN,04c4dkn09,,,"University of Science and Technology of China, Hefei, Anhui, China",true,"Automatically extracted OpenAlex authorship/affiliation candidate; verify the author, institution, and location manually."
https://openalex.org/W3134971133,true,https://openalex.org/A5067506984,Anselmo Ferreira,first,1,https://openalex.org/I102064193,University of Siena,,,IT,01tevnk56,,,"Department of Information Engineering and Mathematics, University of Siena, 53100 Siena, SI, Italy",true,"Automatically extracted OpenAlex authorship/affiliation candidate; verify the author, institution, and location manually."
https://openalex.org/W3134971133,true,https://openalex.org/A5014302355,Ehsan Nowroozi,middle,2,https://openalex.org/I102064193,University of Siena,,,IT,01tevnk56,,,"Department of Information Engineering and Mathematics, University of Siena, 53100 Siena, SI, Italy",true,"Automatically extracted OpenAlex authorship/affiliation candidate; verify the author, institution, and location manually."
https://openalex.org/W3134971133,true,https://openalex.org/A5007836692,Mauro Barni,last,3,https://openalex.org/I102064193,University of Siena,,,IT,01tevnk56,,,"Department of Information Engineering and Mathematics, University of Siena, 53100 Siena, SI, Italy",true,"Automatically extracted OpenAlex authorship/affiliation candidate; verify the author, institution, and location manually."
https://openalex.org/W4399261681,true,https://openalex.org/A5018362055,Manos Schinas,first,1,https://openalex.org/I4210093649,Information Technologies Institute,,,GR,0069akp70,,,"Information Technologies Institute - Centre of Research and Technology - Hellas, Greece",true,"Automatically extracted OpenAlex authorship/affiliation candidate; verify the author, institution, and location manually."
https://openalex.org/W4399261681,true,https://openalex.org/A5013616365,Symeon Papadopoulos,last,2,https://openalex.org/I4210093649,Information Technologies Institute,,,GR,0069akp70,,,"Information Technologies Institute - Centre of Research and Technology - Hellas, Greece",true,"Automatically extracted OpenAlex authorship/affiliation candidate; verify the author, institution, and location manually."
https://openalex.org/W4378506811,true,https://openalex.org/A5059249444,Haiwei Wu,first,1,,,,,,,,,,true,"Automatically extracted OpenAlex authorship/affiliation candidate; verify the author, institution, and location manually. No affiliation information provided by OpenAlex for this authorship."
https://openalex.org/W4378506811,true,https://openalex.org/A5037979193,Jiantao Zhou,middle,2,,,,,,,,,,true,"Automatically extracted OpenAlex authorship/affiliation candidate; verify the author, institution, and location manually. No affiliation information provided by OpenAlex for this authorship."
https://openalex.org/W4378506811,true,https://openalex.org/A5053628330,Shile Zhang,last,3,,,,,,,,,,true,"Automatically extracted OpenAlex authorship/affiliation candidate; verify the author, institution, and location manually. No affiliation information provided by OpenAlex for this authorship."
https://openalex.org/W4413144629,true,https://openalex.org/A5018338482,Dimitrios Karageorgiou,first,1,https://openalex.org/I4210093649,Information Technologies Institute,,,GR,0069akp70,,,"CERTH,Information Technologies Institute,Greece",true,"Automatically extracted OpenAlex authorship/affiliation candidate; verify the author, institution, and location manually."
https://openalex.org/W4413144629,true,https://openalex.org/A5018338482,Dimitrios Karageorgiou,first,1,https://openalex.org/I4210134249,Centre for Research and Technology Hellas,,,GR,03bndpq63,,,"CERTH,Information Technologies Institute,Greece",true,"Automatically extracted OpenAlex authorship/affiliation candidate; verify the author, institution, and location manually."
https://openalex.org/W4413144629,true,https://openalex.org/A5013616365,Symeon Papadopoulos,middle,2,https://openalex.org/I4210093649,Information Technologies Institute,,,GR,0069akp70,,,"CERTH,Information Technologies Institute,Greece",true,"Automatically extracted OpenAlex authorship/affiliation candidate; verify the author, institution, and location manually."
https://openalex.org/W4413144629,true,https://openalex.org/A5013616365,Symeon Papadopoulos,middle,2,https://openalex.org/I4210134249,Centre for Research and Technology Hellas,,,GR,03bndpq63,,,"CERTH,Information Technologies Institute,Greece",true,"Automatically extracted OpenAlex authorship/affiliation candidate; verify the author, institution, and location manually."
https://openalex.org/W4413144629,true,https://openalex.org/A5084122016,Ioannis Kompatsiaris,middle,3,https://openalex.org/I4210093649,Information Technologies Institute,,,GR,0069akp70,,,"CERTH,Information Technologies Institute,Greece",true,"Automatically extracted OpenAlex authorship/affiliation candidate; verify the author, institution, and location manually."
https://openalex.org/W4413144629,true,https://openalex.org/A5084122016,Ioannis Kompatsiaris,middle,3,https://openalex.org/I4210134249,Centre for Research and Technology Hellas,,,GR,03bndpq63,,,"CERTH,Information Technologies Institute,Greece",true,"Automatically extracted OpenAlex authorship/affiliation candidate; verify the author, institution, and location manually."
https://openalex.org/W4413144629,true,https://openalex.org/A5002625178,Efstratios Gavves,last,4,https://openalex.org/I887064364,University of Amsterdam,,,NL,04dkp9463,,,"University of Amsterdam,The Netherlands",true,"Automatically extracted OpenAlex authorship/affiliation candidate; verify the author, institution, and location manually."
https://openalex.org/W4392209962,true,https://openalex.org/A5104249914,Md. Zahid Hossain,first,1,https://openalex.org/I135564639,Ahsanullah University of Science and Technology,,,BD,04wfbp123,,,"Ahsanullah University of Science and Technology,Department of CSE,Dhaka,Bangladesh,1208",true,"Automatically extracted OpenAlex authorship/affiliation candidate; verify the author, institution, and location manually."
https://openalex.org/W4392209962,true,https://openalex.org/A5032715075,Farhad Uz Zaman,middle,2,https://openalex.org/I4210090971,Southeast University,,,BD,00cf0ab87,,,"Southeast University,Department of CSE,Dhaka,Bangladesh,1208",true,"Automatically extracted OpenAlex authorship/affiliation candidate; verify the author, institution, and location manually."
https://openalex.org/W4392209962,true,https://openalex.org/A5100710128,Md Rakibul Islam,last,3,https://openalex.org/I135564639,Ahsanullah University of Science and Technology,,,BD,04wfbp123,,,"Ahsanullah University of Science and Technology,Department of CSE,Dhaka,Bangladesh,1208",true,"Automatically extracted OpenAlex authorship/affiliation candidate; verify the author, institution, and location manually."
https://openalex.org/W4390189958,true,https://openalex.org/A5113030790,David C. Epstein,first,1,https://openalex.org/I1306409833,Adobe Systems (United States),,,US,059tvcg64,,,Adobe Inc,true,"Automatically extracted OpenAlex authorship/affiliation candidate; verify the author, institution, and location manually."
https://openalex.org/W4390189958,true,https://openalex.org/A5103278280,Ishan Jain,middle,2,https://openalex.org/I1306409833,Adobe Systems (United States),,,US,059tvcg64,,,Adobe Inc,true,"Automatically extracted OpenAlex authorship/affiliation candidate; verify the author, institution, and location manually."
https://openalex.org/W4390189958,true,https://openalex.org/A5101910386,Oliver Wang,middle,3,https://openalex.org/I1306409833,Adobe Systems (United States),,,US,059tvcg64,,,Adobe Inc,true,"Automatically extracted OpenAlex authorship/affiliation candidate; verify the author, institution, and location manually."
https://openalex.org/W4390189958,true,https://openalex.org/A5101616527,Richard Zhang,last,4,https://openalex.org/I1306409833,Adobe Systems (United States),,,US,059tvcg64,,,Adobe Inc,true,"Automatically extracted OpenAlex authorship/affiliation candidate; verify the author, institution, and location manually."
https://openalex.org/W4396886753,true,https://openalex.org/A5049150427,Achal Shankar Gupta,first,1,https://openalex.org/I191972202,Amity University,,,IN,02n9z0v62,,,"ASET Amity University,Dept. of CSE,Noida,Uttar Pradesh,India | Dept. of CSE, ASET Amity University, Noida, Uttar Pradesh, India",true,"Automatically extracted OpenAlex authorship/affiliation candidate; verify the author, institution, and location manually."
https://openalex.org/W4396886753,true,https://openalex.org/A5098401784,Krishan Pratap Shreneter,middle,2,https://openalex.org/I191972202,Amity University,,,IN,02n9z0v62,,,"ASET Amity University,Dept. of CSE,Noida,Uttar Pradesh,India | Dept. of CSE, ASET Amity University, Noida, Uttar Pradesh, India",true,"Automatically extracted OpenAlex authorship/affiliation candidate; verify the author, institution, and location manually."
https://openalex.org/W4396886753,true,https://openalex.org/A5073732407,Smriti Sehgal,last,3,https://openalex.org/I191972202,Amity University,,,IN,02n9z0v62,,,"ASET Amity University,Dept. of CSE,Noida,Uttar Pradesh,India | Dept. of CSE, ASET Amity University, Noida, Uttar Pradesh, India",true,"Automatically extracted OpenAlex authorship/affiliation candidate; verify the author, institution, and location manually."
https://openalex.org/W4405845641,true,https://openalex.org/A5058301344,Vincenzo De Rosa,first,1,https://openalex.org/I4210117450,Federico II University Hospital,,,IT,02jr6tp70,,,"University Federico II of Naples,Italy",true,"Automatically extracted OpenAlex authorship/affiliation candidate; verify the author, institution, and location manually."
https://openalex.org/W4405845641,true,https://openalex.org/A5070058618,Fabrizio Guillaro,middle,2,https://openalex.org/I4210117450,Federico II University Hospital,,,IT,02jr6tp70,,,"University Federico II of Naples,Italy",true,"Automatically extracted OpenAlex authorship/affiliation candidate; verify the author, institution, and location manually."
https://openalex.org/W4405845641,true,https://openalex.org/A5081981044,Giovanni Poggi,middle,3,https://openalex.org/I4210117450,Federico II University Hospital,,,IT,02jr6tp70,,,"University Federico II of Naples,Italy",true,"Automatically extracted OpenAlex authorship/affiliation candidate; verify the author, institution, and location manually."
https://openalex.org/W4405845641,true,https://openalex.org/A5085769320,Davide Cozzolino,middle,4,https://openalex.org/I4210117450,Federico II University Hospital,,,IT,02jr6tp70,,,"University Federico II of Naples,Italy",true,"Automatically extracted OpenAlex authorship/affiliation candidate; verify the author, institution, and location manually."
https://openalex.org/W4405845641,true,https://openalex.org/A5080842029,Luisa Verdoliva,last,5,https://openalex.org/I4210117450,Federico II University Hospital,,,IT,02jr6tp70,,,"University Federico II of Naples,Italy",true,"Automatically extracted OpenAlex authorship/affiliation candidate; verify the author, institution, and location manually."
https://openalex.org/W4391557868,true,https://openalex.org/A5027313081,Mingqian Lin,first,1,https://openalex.org/I36399199,Nanjing University of Science and Technology,,,CN,00xp9wg62,,,"Nanjing University,Department of Computer Science and Technology,Nanjing,China | Department of Computer Science and Technology, Nanjing University, Nanjing, China",true,"Automatically extracted OpenAlex authorship/affiliation candidate; verify the author, institution, and location manually."
https://openalex.org/W4391557868,true,https://openalex.org/A5063402368,Lin Shang,middle,2,https://openalex.org/I36399199,Nanjing University of Science and Technology,,,CN,00xp9wg62,,,"Nanjing University,Department of Computer Science and Technology,Nanjing,China | Department of Computer Science and Technology, Nanjing University, Nanjing, China",true,"Automatically extracted OpenAlex authorship/affiliation candidate; verify the author, institution, and location manually."
https://openalex.org/W4391557868,true,https://openalex.org/A5068382420,Xiaoying Gao,last,3,https://openalex.org/I41156924,Victoria University of Wellington,,,NZ,0040r6f76,,,"Victoria University of Wellington,School of Engineering and Computer Science,Wellington,New Zealand | School of Engineering and Computer Science, Victoria University of Wellington, Wellington, New Zealand",true,"Automatically extracted OpenAlex authorship/affiliation candidate; verify the author, institution, and location manually."
https://openalex.org/W4405021796,true,,Juncong Xu,first,1,https://openalex.org/I143868143,Anhui University,,,CN,05th6yx34,,,"Anhui University, Hefei, China",true,"Automatically extracted OpenAlex authorship/affiliation candidate; verify the author, institution, and location manually. OpenAlex author ID missing."
https://openalex.org/W4405021796,true,https://openalex.org/A5100397733,Yang Yang,middle,2,https://openalex.org/I143868143,Anhui University,,,CN,05th6yx34,,,"Anhui University, Hefei, China",true,"Automatically extracted OpenAlex authorship/affiliation candidate; verify the author, institution, and location manually."
https://openalex.org/W4405021796,true,,Han Fang,middle,3,https://openalex.org/I165932596,National University of Singapore,,,SG,01tgyzw49,,,"National University of Singapore, Singapore",true,"Automatically extracted OpenAlex authorship/affiliation candidate; verify the author, institution, and location manually. OpenAlex author ID missing."
https://openalex.org/W4405021796,true,https://openalex.org/A5019725487,Honggu Liu,middle,4,https://openalex.org/I126520041,University of Science and Technology of China,,,CN,04c4dkn09,,,"University of Science and Technology of China, Hefei, China",true,"Automatically extracted OpenAlex authorship/affiliation candidate; verify the author, institution, and location manually."
https://openalex.org/W4405021796,true,,Weiming Zhang,last,5,https://openalex.org/I126520041,University of Science and Technology of China,,,CN,04c4dkn09,,,"University of Science and Technology of China, Hefei, China",true,"Automatically extracted OpenAlex authorship/affiliation candidate; verify the author, institution, and location manually. OpenAlex author ID missing."
https://openalex.org/W4393021531,true,,"Anjuman Ara, Md Sajadul Alam, Kamrujjaman & Afia Farjana Mifa",first,1,https://openalex.org/I177898655,Lamar University,,,US,008ms5s18,,,"College of Business, Beaumont, Texas, USA",true,"Automatically extracted OpenAlex authorship/affiliation candidate; verify the author, institution, and location manually. OpenAlex author ID missing."
https://openalex.org/W4413145917,true,https://openalex.org/A5070058618,Fabrizio Guillaro,first,1,https://openalex.org/I4210117450,Federico II University Hospital,,,IT,02jr6tp70,,,University Federico II of Naples,true,"Automatically extracted OpenAlex authorship/affiliation candidate; verify the author, institution, and location manually."
https://openalex.org/W4413145917,true,https://openalex.org/A5078732355,Giada Zingarini,middle,2,https://openalex.org/I4210117450,Federico II University Hospital,,,IT,02jr6tp70,,,University Federico II of Naples,true,"Automatically extracted OpenAlex authorship/affiliation candidate; verify the author, institution, and location manually."
https://openalex.org/W4413145917,true,https://openalex.org/A5018660075,Ben Usman,middle,3,https://openalex.org/I1291425158,Google (United States),,,US,00njsd438,,,Google DeepMind,true,"Automatically extracted OpenAlex authorship/affiliation candidate; verify the author, institution, and location manually."
https://openalex.org/W4413145917,true,https://openalex.org/A5018660075,Ben Usman,middle,3,https://openalex.org/I4210090411,Google DeepMind (United Kingdom),,,GB,00971b260,,,Google DeepMind,true,"Automatically extracted OpenAlex authorship/affiliation candidate; verify the author, institution, and location manually."
https://openalex.org/W4413145917,true,https://openalex.org/A5111938444,Avneesh Sud,middle,4,https://openalex.org/I1291425158,Google (United States),,,US,00njsd438,,,Google DeepMind,true,"Automatically extracted OpenAlex authorship/affiliation candidate; verify the author, institution, and location manually."
https://openalex.org/W4413145917,true,https://openalex.org/A5111938444,Avneesh Sud,middle,4,https://openalex.org/I4210090411,Google DeepMind (United Kingdom),,,GB,00971b260,,,Google DeepMind,true,"Automatically extracted OpenAlex authorship/affiliation candidate; verify the author, institution, and location manually."
https://openalex.org/W4413145917,true,https://openalex.org/A5085769320,Davide Cozzolino,middle,5,https://openalex.org/I4210117450,Federico II University Hospital,,,IT,02jr6tp70,,,University Federico II of Naples,true,"Automatically extracted OpenAlex authorship/affiliation candidate; verify the author, institution, and location manually."
https://openalex.org/W4413145917,true,https://openalex.org/A5080842029,Luisa Verdoliva,last,6,https://openalex.org/I4210117450,Federico II University Hospital,,,IT,02jr6tp70,,,University Federico II of Naples,true,"Automatically extracted OpenAlex authorship/affiliation candidate; verify the author, institution, and location manually."
https://openalex.org/W4409032835,true,https://openalex.org/A5100731006,Hui Wang,first,1,https://openalex.org/I4210114245,Anhui Business College,,,CN,02d0cgn19,,,"AnHui Business and Technology College , Hefei City , AnHui Province , 230041 , China",true,"Automatically extracted OpenAlex authorship/affiliation candidate; verify the author, institution, and location manually."
https://openalex.org/W4388927818,true,https://openalex.org/A5060167465,Nan Zhong,first,1,,,,,,,,,,true,"Automatically extracted OpenAlex authorship/affiliation candidate; verify the author, institution, and location manually. No affiliation information provided by OpenAlex for this authorship."
https://openalex.org/W4388927818,true,https://openalex.org/A5101270212,Yiran Xu,middle,2,,,,,,,,,,true,"Automatically extracted OpenAlex authorship/affiliation candidate; verify the author, institution, and location manually. No affiliation information provided by OpenAlex for this authorship."
https://openalex.org/W4388927818,true,,"Li, Sheng",middle,3,,,,,,,,,,true,"Automatically extracted OpenAlex authorship/affiliation candidate; verify the author, institution, and location manually. No affiliation information provided by OpenAlex for this authorship. OpenAlex author ID missing."
https://openalex.org/W4388927818,true,https://openalex.org/A5054324316,Zhenxing Qian,middle,4,,,,,,,,,,true,"Automatically extracted OpenAlex authorship/affiliation candidate; verify the author, institution, and location manually. No affiliation information provided by OpenAlex for this authorship."
https://openalex.org/W4388927818,true,https://openalex.org/A5101889360,Xinpeng Zhang,last,5,,,,,,,,,,true,"Automatically extracted OpenAlex authorship/affiliation candidate; verify the author, institution, and location manually. No affiliation information provided by OpenAlex for this authorship."
https://openalex.org/W4409368310,true,,Yan Hong,first,1,,,,,,,,,Ant Group,true,"Automatically extracted OpenAlex authorship/affiliation candidate; verify the author, institution, and location manually. Structured institution missing; preserved raw affiliation text for manual resolution. OpenAlex author ID missing."
https://openalex.org/W4409368310,true,https://openalex.org/A5003323399,Jianming Feng,middle,2,,,,,,,,,Ant Group,true,"Automatically extracted OpenAlex authorship/affiliation candidate; verify the author, institution, and location manually. Structured institution missing; preserved raw affiliation text for manual resolution."
https://openalex.org/W4409368310,true,https://openalex.org/A5045279290,Haoxing Chen,middle,3,,,,,,,,,Ant Group,true,"Automatically extracted OpenAlex authorship/affiliation candidate; verify the author, institution, and location manually. Structured institution missing; preserved raw affiliation text for manual resolution."
https://openalex.org/W4409368310,true,https://openalex.org/A5057844830,Jun Lan,middle,4,,,,,,,,,Ant Group,true,"Automatically extracted OpenAlex authorship/affiliation candidate; verify the author, institution, and location manually. Structured institution missing; preserved raw affiliation text for manual resolution."
https://openalex.org/W4409368310,true,https://openalex.org/A5110390049,Huijia Zhu,middle,5,,,,,,,,,Ant Group,true,"Automatically extracted OpenAlex authorship/affiliation candidate; verify the author, institution, and location manually. Structured institution missing; preserved raw affiliation text for manual resolution."
https://openalex.org/W4409368310,true,https://openalex.org/A5100721601,Weiqiang Wang,middle,6,,,,,,,,,Ant Group,true,"Automatically extracted OpenAlex authorship/affiliation candidate; verify the author, institution, and location manually. Structured institution missing; preserved raw affiliation text for manual resolution."
https://openalex.org/W4409368310,true,https://openalex.org/A5100395004,Jianfu Zhang,last,7,https://openalex.org/I183067930,Shanghai Jiao Tong University,,,CN,0220qvk04,,,Shanghai Jiaotong University,true,"Automatically extracted OpenAlex authorship/affiliation candidate; verify the author, institution, and location manually."
https://openalex.org/W4400222289,true,https://openalex.org/A5101782494,Shilin Yan,first,1,,,,,,,,,,true,"Automatically extracted OpenAlex authorship/affiliation candidate; verify the author, institution, and location manually. No affiliation information provided by OpenAlex for this authorship."
https://openalex.org/W4400222289,true,https://openalex.org/A5067586474,Ouxiang Li,middle,2,,,,,,,,,,true,"Automatically extracted OpenAlex authorship/affiliation candidate; verify the author, institution, and location manually. No affiliation information provided by OpenAlex for this authorship."
https://openalex.org/W4400222289,true,https://openalex.org/A5066854056,Jiayin Cai,middle,3,,,,,,,,,,true,"Automatically extracted OpenAlex authorship/affiliation candidate; verify the author, institution, and location manually. No affiliation information provided by OpenAlex for this authorship."
https://openalex.org/W4400222289,true,https://openalex.org/A5043525989,Yanbin Hao,middle,4,,,,,,,,,,true,"Automatically extracted OpenAlex authorship/affiliation candidate; verify the author, institution, and location manually. No affiliation information provided by OpenAlex for this authorship."
https://openalex.org/W4400222289,true,https://openalex.org/A5103125047,Xiaolong Jiang,middle,5,,,,,,,,,,true,"Automatically extracted OpenAlex authorship/affiliation candidate; verify the author, institution, and location manually. No affiliation information provided by OpenAlex for this authorship."
https://openalex.org/W4400222289,true,https://openalex.org/A5107062676,Yao Hu,middle,6,,,,,,,,,,true,"Automatically extracted OpenAlex authorship/affiliation candidate; verify the author, institution, and location manually. No affiliation information provided by OpenAlex for this authorship."
https://openalex.org/W4400222289,true,https://openalex.org/A5076097168,Weidi Xie,last,7,,,,,,,,,,true,"Automatically extracted OpenAlex authorship/affiliation candidate; verify the author, institution, and location manually. No affiliation information provided by OpenAlex for this authorship."
https://openalex.org/W4410228077,true,https://openalex.org/A5050063267,Jayanti Rout,first,1,https://openalex.org/I108526665,Fakir Mohan University,,,IN,00g0n6t22,,,"Fakir Mohan University,P.G. Department of Computer Science,Balasore,Odisha,India",true,"Automatically extracted OpenAlex authorship/affiliation candidate; verify the author, institution, and location manually."
https://openalex.org/W4410228077,true,https://openalex.org/A5038098448,Minati Mishra,last,2,https://openalex.org/I108526665,Fakir Mohan University,,,IN,00g0n6t22,,,"Fakir Mohan University,P.G. Department of Computer Science,Balasore,Odisha,India",true,"Automatically extracted OpenAlex authorship/affiliation candidate; verify the author, institution, and location manually."
https://openalex.org/W4389325598,true,https://openalex.org/A5085769320,Davide Cozzolino,first,1,,,,,,,,,,true,"Automatically extracted OpenAlex authorship/affiliation candidate; verify the author, institution, and location manually. No affiliation information provided by OpenAlex for this authorship."
https://openalex.org/W4389325598,true,https://openalex.org/A5081981044,Giovanni Poggi,middle,2,,,,,,,,,,true,"Automatically extracted OpenAlex authorship/affiliation candidate; verify the author, institution, and location manually. No affiliation information provided by OpenAlex for this authorship."
https://openalex.org/W4389325598,true,https://openalex.org/A5048938490,Riccardo Corvi,middle,3,,,,,,,,,,true,"Automatically extracted OpenAlex authorship/affiliation candidate; verify the author, institution, and location manually. No affiliation information provided by OpenAlex for this authorship."
https://openalex.org/W4389325598,true,https://openalex.org/A5088583491,Matthias Nießner,middle,4,,,,,,,,,,true,"Automatically extracted OpenAlex authorship/affiliation candidate; verify the author, institution, and location manually. No affiliation information provided by OpenAlex for this authorship."
https://openalex.org/W4389325598,true,https://openalex.org/A5080842029,Luisa Verdoliva,last,5,,,,,,,,,,true,"Automatically extracted OpenAlex authorship/affiliation candidate; verify the author, institution, and location manually. No affiliation information provided by OpenAlex for this authorship."
https://openalex.org/W4407467920,true,https://openalex.org/A5020334802,Stuart Weir,first,1,https://openalex.org/I251738,Edinburgh Napier University,,,GB,03zjvnn91,,,"School of Computing, Engineering and the Built Environment, Edinburgh Napier University,Edinburgh,UK",true,"Automatically extracted OpenAlex authorship/affiliation candidate; verify the author, institution, and location manually."
https://openalex.org/W4407467920,true,https://openalex.org/A5005946268,Muhammad Shahbaz Khan,middle,2,https://openalex.org/I251738,Edinburgh Napier University,,,GB,03zjvnn91,,,"School of Computing, Engineering and the Built Environment, Edinburgh Napier University,Edinburgh,UK",true,"Automatically extracted OpenAlex authorship/affiliation candidate; verify the author, institution, and location manually."
https://openalex.org/W4407467920,true,https://openalex.org/A5082362331,Naghmeh Moradpoor,middle,3,https://openalex.org/I251738,Edinburgh Napier University,,,GB,03zjvnn91,,,"School of Computing, Engineering and the Built Environment, Edinburgh Napier University,Edinburgh,UK",true,"Automatically extracted OpenAlex authorship/affiliation candidate; verify the author, institution, and location manually."
https://openalex.org/W4407467920,true,https://openalex.org/A5100754273,Jawad Ahmad,last,4,https://openalex.org/I138564716,Prince Mohammad bin Fahd University,,,SA,03d64na34,,,"Prince Mohammad Bin Fahd University,Cybersecurity Center,Alkhobar,Saudi Arabia",true,"Automatically extracted OpenAlex authorship/affiliation candidate; verify the author, institution, and location manually."
https://openalex.org/W4402952411,true,https://openalex.org/A5085769320,Davide Cozzolino,first,1,https://openalex.org/I4210117450,Federico II University Hospital,,,IT,02jr6tp70,,,"University Federico II of Naples, 80125, Naples, Italy",true,"Automatically extracted OpenAlex authorship/affiliation candidate; verify the author, institution, and location manually."
https://openalex.org/W4402952411,true,https://openalex.org/A5085769320,Davide Cozzolino,first,1,https://openalex.org/I71267560,University of Naples Federico II,,,IT,05290cv24,,,"University Federico II of Naples, 80125, Naples, Italy",true,"Automatically extracted OpenAlex authorship/affiliation candidate; verify the author, institution, and location manually."
https://openalex.org/W4402952411,true,https://openalex.org/A5081981044,Giovanni Poggi,middle,2,https://openalex.org/I4210117450,Federico II University Hospital,,,IT,02jr6tp70,,,"University Federico II of Naples, 80125, Naples, Italy",true,"Automatically extracted OpenAlex authorship/affiliation candidate; verify the author, institution, and location manually."
https://openalex.org/W4402952411,true,https://openalex.org/A5081981044,Giovanni Poggi,middle,2,https://openalex.org/I71267560,University of Naples Federico II,,,IT,05290cv24,,,"University Federico II of Naples, 80125, Naples, Italy",true,"Automatically extracted OpenAlex authorship/affiliation candidate; verify the author, institution, and location manually."
https://openalex.org/W4402952411,true,https://openalex.org/A5088583491,Matthias Nießner,middle,3,https://openalex.org/I62916508,Technical University of Munich,,,DE,02kkvpp62,,,"Technical University of Munich, 85748, Garching, Germany",true,"Automatically extracted OpenAlex authorship/affiliation candidate; verify the author, institution, and location manually."
https://openalex.org/W4402952411,true,https://openalex.org/A5080842029,Luisa Verdoliva,last,4,https://openalex.org/I4210117450,Federico II University Hospital,,,IT,02jr6tp70,,,"University Federico II of Naples, 80125, Naples, Italy",true,"Automatically extracted OpenAlex authorship/affiliation candidate; verify the author, institution, and location manually."
https://openalex.org/W4402952411,true,https://openalex.org/A5080842029,Luisa Verdoliva,last,4,https://openalex.org/I62916508,Technical University of Munich,,,DE,02kkvpp62,,,"Technical University of Munich, 85748, Garching, Germany",true,"Automatically extracted OpenAlex authorship/affiliation candidate; verify the author, institution, and location manually."
https://openalex.org/W4402952411,true,https://openalex.org/A5080842029,Luisa Verdoliva,last,4,https://openalex.org/I71267560,University of Naples Federico II,,,IT,05290cv24,,,"University Federico II of Naples, 80125, Naples, Italy",true,"Automatically extracted OpenAlex authorship/affiliation candidate; verify the author, institution, and location manually."
https://openalex.org/W4391987733,true,,"Hong, Yan",first,1,,,,,,,,,,true,"Automatically extracted OpenAlex authorship/affiliation candidate; verify the author, institution, and location manually. No affiliation information provided by OpenAlex for this authorship. OpenAlex author ID missing."
https://openalex.org/W4391987733,true,https://openalex.org/A5100395004,Jianfu Zhang,last,2,,,,,,,,,,true,"Automatically extracted OpenAlex authorship/affiliation candidate; verify the author, institution, and location manually. No affiliation information provided by OpenAlex for this authorship."
https://openalex.org/W4391555851,true,https://openalex.org/A5100736964,Jiaxuan Chen,first,1,,,,,,,,,,true,"Automatically extracted OpenAlex authorship/affiliation candidate; verify the author, institution, and location manually. No affiliation information provided by OpenAlex for this authorship."
https://openalex.org/W4391555851,true,https://openalex.org/A5023261983,Jieteng Yao,middle,2,,,,,,,,,,true,"Automatically extracted OpenAlex authorship/affiliation candidate; verify the author, institution, and location manually. No affiliation information provided by OpenAlex for this authorship."
https://openalex.org/W4391555851,true,https://openalex.org/A5101807427,Li Niu,last,3,,,,,,,,,,true,"Automatically extracted OpenAlex authorship/affiliation candidate; verify the author, institution, and location manually. No affiliation information provided by OpenAlex for this authorship."
https://openalex.org/W4414739373,true,https://openalex.org/A5107619632,Despina Konstantinidou,first,1,https://openalex.org/I4210093649,Information Technologies Institute,,,GR,0069akp70,,,"Information Technologies Institute - Centre for Research and Technology Hellas, Thessaloniki, n/a, Greece",true,"Automatically extracted OpenAlex authorship/affiliation candidate; verify the author, institution, and location manually."
https://openalex.org/W4414739373,true,https://openalex.org/A5018338482,Dimitrios Karageorgiou,middle,2,https://openalex.org/I4210093649,Information Technologies Institute,,,GR,0069akp70,,,"Information Technologies Institute - Centre for Research and Technology Hellas, Thessaloniki, n/a, Greece",true,"Automatically extracted OpenAlex authorship/affiliation candidate; verify the author, institution, and location manually."
https://openalex.org/W4414739373,true,https://openalex.org/A5024874767,Christos Koutlis,middle,3,https://openalex.org/I4210093649,Information Technologies Institute,,,GR,0069akp70,,,"Information Technologies Institute - Centre for Research and Technology Hellas, Thessaloniki, n/a, Greece",true,"Automatically extracted OpenAlex authorship/affiliation candidate; verify the author, institution, and location manually."
https://openalex.org/W4414739373,true,https://openalex.org/A5006469266,Olga Papadopoulou,middle,4,https://openalex.org/I4210093649,Information Technologies Institute,,,GR,0069akp70,,,"Information Technologies Institute - Centre for Research and Technology Hellas, Thessaloniki, n/a, Greece",true,"Automatically extracted OpenAlex authorship/affiliation candidate; verify the author, institution, and location manually."
https://openalex.org/W4414739373,true,https://openalex.org/A5063698709,Emmanouil Schinas,middle,5,https://openalex.org/I4210093649,Information Technologies Institute,,,GR,0069akp70,,,"Information Technologies Institute - Centre for Research and Technology Hellas, Thessaloniki, n/a, Greece",true,"Automatically extracted OpenAlex authorship/affiliation candidate; verify the author, institution, and location manually."
https://openalex.org/W4414739373,true,https://openalex.org/A5101490684,Symeon Papadopoulos,last,6,https://openalex.org/I4210093649,Information Technologies Institute,,,GR,0069akp70,,,"Information Technologies Institute - Centre for Research and Technology Hellas, Thessaloniki, n/a, Greece",true,"Automatically extracted OpenAlex authorship/affiliation candidate; verify the author, institution, and location manually."
https://openalex.org/W4411960917,true,https://openalex.org/A5100645299,Haochen Wang,first,1,,,,,,,,,"Informatics Institute, University van Amsterdam, 1098 XH Amsterdam, The Netherlands",true,"Automatically extracted OpenAlex authorship/affiliation candidate; verify the author, institution, and location manually. Structured institution missing; preserved raw affiliation text for manual resolution."
https://openalex.org/W4411960917,true,https://openalex.org/A5100666704,Xuhui Liu,middle,2,https://openalex.org/I82880672,Beihang University,,,CN,00wk2mp56,,,"School of Automation Science and Electrical Engineering, Beihang University, Beijing 100191, China",true,"Automatically extracted OpenAlex authorship/affiliation candidate; verify the author, institution, and location manually."
https://openalex.org/W4411960917,true,https://openalex.org/A5050544619,Ziqian Lu,middle,3,https://openalex.org/I1328775524,Zhejiang Sci-Tech University,,,CN,03893we55,,,"School of Computer Science and Technology (School of Artificial Intelligence), Zhejiang Sci-Tech University, Hangzhou 310018, China",true,"Automatically extracted OpenAlex authorship/affiliation candidate; verify the author, institution, and location manually."
https://openalex.org/W4411960917,true,https://openalex.org/A5035332982,Cilin Yan,middle,4,https://openalex.org/I82880672,Beihang University,,,CN,00wk2mp56,,,"School of Automation Science and Electrical Engineering, Beihang University, Beijing 100191, China",true,"Automatically extracted OpenAlex authorship/affiliation candidate; verify the author, institution, and location manually."
https://openalex.org/W4411960917,true,https://openalex.org/A5103125047,Xiaolong Jiang,middle,5,,,,,,,,,"Xiaohongshu Inc., Beijing 100029, China",true,"Automatically extracted OpenAlex authorship/affiliation candidate; verify the author, institution, and location manually. Structured institution missing; preserved raw affiliation text for manual resolution."
https://openalex.org/W4411960917,true,https://openalex.org/A5108319006,Runqi Wang,middle,6,https://openalex.org/I21193070,Beijing Jiaotong University,,,CN,01yj56c84,,,"School of Computer Science & Technology, Beijing Jiaotong University, Beijing 100091, China",true,"Automatically extracted OpenAlex authorship/affiliation candidate; verify the author, institution, and location manually."
https://openalex.org/W4411960917,true,https://openalex.org/A5002625178,Efstratios Gavves,last,7,,,,,,,,,"Informatics Institute, University van Amsterdam, 1098 XH Amsterdam, The Netherlands",true,"Automatically extracted OpenAlex authorship/affiliation candidate; verify the author, institution, and location manually. Structured institution missing; preserved raw affiliation text for manual resolution."
https://openalex.org/W4392457694,true,https://openalex.org/A5108905923,Mrs D. Suma,first,1,https://openalex.org/I145286018,SRM Institute of Science and Technology,,,IN,050113w36,,,"Students , Department Of Computer Science & Engineering, Dhanekula Institute Of Engineering And Technology, Ganguru, India",true,"Automatically extracted OpenAlex authorship/affiliation candidate; verify the author, institution, and location manually."
https://openalex.org/W4413144713,true,https://openalex.org/A5100399695,Haifeng Zhang,first,1,https://openalex.org/I10535382,Chongqing University of Posts and Telecommunications,,,CN,03dgaqz26,,,Chongqing University of Posts and Telecommunications,true,"Automatically extracted OpenAlex authorship/affiliation candidate; verify the author, institution, and location manually."
https://openalex.org/W4413144713,true,https://openalex.org/A5017799345,Qun He,middle,2,https://openalex.org/I10535382,Chongqing University of Posts and Telecommunications,,,CN,03dgaqz26,,,Chongqing University of Posts and Telecommunications,true,"Automatically extracted OpenAlex authorship/affiliation candidate; verify the author, institution, and location manually."
https://openalex.org/W4413144713,true,https://openalex.org/A5070419363,Xiuli Bi,middle,3,https://openalex.org/I10535382,Chongqing University of Posts and Telecommunications,,,CN,03dgaqz26,,,Chongqing University of Posts and Telecommunications,true,"Automatically extracted OpenAlex authorship/affiliation candidate; verify the author, institution, and location manually."
https://openalex.org/W4413144713,true,https://openalex.org/A5058194445,Weisheng Li,middle,4,https://openalex.org/I10535382,Chongqing University of Posts and Telecommunications,,,CN,03dgaqz26,,,Chongqing University of Posts and Telecommunications,true,"Automatically extracted OpenAlex authorship/affiliation candidate; verify the author, institution, and location manually."
https://openalex.org/W4413144713,true,https://openalex.org/A5115587783,Бо Лю,middle,5,https://openalex.org/I10535382,Chongqing University of Posts and Telecommunications,,,CN,03dgaqz26,,,Chongqing University of Posts and Telecommunications,true,"Automatically extracted OpenAlex authorship/affiliation candidate; verify the author, institution, and location manually."
https://openalex.org/W4413144713,true,https://openalex.org/A5101980045,Bin Xiao,last,6,https://openalex.org/I10535382,Chongqing University of Posts and Telecommunications,,,CN,03dgaqz26,,,Chongqing University of Posts and Telecommunications,true,"Automatically extracted OpenAlex authorship/affiliation candidate; verify the author, institution, and location manually."
https://openalex.org/W4402917177,true,https://openalex.org/A5041233147,Zihang Lyu,first,1,https://openalex.org/I14243506,Hong Kong Polytechnic University,,,HK,0030zas98,,,"The Hong Kong Polytechnic University,Department of Electrical and Electronic Engineering,Kowloon,Hong Kong",true,"Automatically extracted OpenAlex authorship/affiliation candidate; verify the author, institution, and location manually."
https://openalex.org/W4402917177,true,https://openalex.org/A5012943082,Jun Xiao,middle,2,https://openalex.org/I14243506,Hong Kong Polytechnic University,,,HK,0030zas98,,,"The Hong Kong Polytechnic University,Department of Electrical and Electronic Engineering,Kowloon,Hong Kong",true,"Automatically extracted OpenAlex authorship/affiliation candidate; verify the author, institution, and location manually."
https://openalex.org/W4402917177,true,https://openalex.org/A5101776528,Cong Zhang,middle,3,https://openalex.org/I14243506,Hong Kong Polytechnic University,,,HK,0030zas98,,,"The Hong Kong Polytechnic University,Department of Electrical and Electronic Engineering,Kowloon,Hong Kong",true,"Automatically extracted OpenAlex authorship/affiliation candidate; verify the author, institution, and location manually."
https://openalex.org/W4402917177,true,https://openalex.org/A5019678322,Kin‐Man Lam,last,4,https://openalex.org/I14243506,Hong Kong Polytechnic University,,,HK,0030zas98,,,"The Hong Kong Polytechnic University,Department of Electrical and Electronic Engineering,Kowloon,Hong Kong",true,"Automatically extracted OpenAlex authorship/affiliation candidate; verify the author, institution, and location manually."
https://openalex.org/W4403792090,true,,Xiao Yu,first,1,https://openalex.org/I126520041,University of Science and Technology of China,,,CN,04c4dkn09,,,"University of Science and Technology of China, Hefei, Anhui, China",true,"Automatically extracted OpenAlex authorship/affiliation candidate; verify the author, institution, and location manually. OpenAlex author ID missing."
https://openalex.org/W4403792090,true,https://openalex.org/A5045121980,Kejiang Chen,middle,2,https://openalex.org/I126520041,University of Science and Technology of China,,,CN,04c4dkn09,,,"University of Science and Technology of China, Hefei, Anhui, China",true,"Automatically extracted OpenAlex authorship/affiliation candidate; verify the author, institution, and location manually."
https://openalex.org/W4403792090,true,https://openalex.org/A5080049509,Kai Zeng,middle,3,https://openalex.org/I126520041,University of Science and Technology of China,,,CN,04c4dkn09,,,"University of Science and Technology of China, Hefei, Anhui, China",true,"Automatically extracted OpenAlex authorship/affiliation candidate; verify the author, institution, and location manually."
https://openalex.org/W4403792090,true,https://openalex.org/A5032465074,Han Fang,middle,4,https://openalex.org/I165932596,National University of Singapore,,,SG,01tgyzw49,,,"National University of Singapore, Singapore, Singapore",true,"Automatically extracted OpenAlex authorship/affiliation candidate; verify the author, institution, and location manually."
https://openalex.org/W4403792090,true,https://openalex.org/A5041948230,Zijin Yang,middle,5,https://openalex.org/I126520041,University of Science and Technology of China,,,CN,04c4dkn09,,,"University of Science and Technology of China, Hefei, Anhui, China",true,"Automatically extracted OpenAlex authorship/affiliation candidate; verify the author, institution, and location manually."
https://openalex.org/W4403792090,true,https://openalex.org/A5038253295,Xiuwei Shang,middle,6,https://openalex.org/I126520041,University of Science and Technology of China,,,CN,04c4dkn09,,,"University of Science and Technology of China, Hefei, Anhui, China",true,"Automatically extracted OpenAlex authorship/affiliation candidate; verify the author, institution, and location manually."
https://openalex.org/W4403792090,true,https://openalex.org/A5102636466,Yuang Qi,middle,7,https://openalex.org/I126520041,University of Science and Technology of China,,,CN,04c4dkn09,,,"University of Science and Technology of China, Hefei, Anhui, China",true,"Automatically extracted OpenAlex authorship/affiliation candidate; verify the author, institution, and location manually."
https://openalex.org/W4403792090,true,https://openalex.org/A5067689180,Weiming Zhang,middle,8,https://openalex.org/I126520041,University of Science and Technology of China,,,CN,04c4dkn09,,,"University of Science and Technology of China, Hefei, Anhui, China",true,"Automatically extracted OpenAlex authorship/affiliation candidate; verify the author, institution, and location manually."
https://openalex.org/W4403792090,true,https://openalex.org/A5064573190,Nenghai Yu,last,9,https://openalex.org/I126520041,University of Science and Technology of China,,,CN,04c4dkn09,,,"University of Science and Technology of China, Hefei, Anhui, China",true,"Automatically extracted OpenAlex authorship/affiliation candidate; verify the author, institution, and location manually."
https://openalex.org/W4402240806,true,https://openalex.org/A5106994848,Adrian Lokner Lađević,first,1,https://openalex.org/I4210103466,University of Applied Health Sciences,,,HR,019yxat94,,,"Department of Information Technology and Computing, Zagreb University of Applied Sciences, Vrbik 8, 10000 Zagreb, Croatia",true,"Automatically extracted OpenAlex authorship/affiliation candidate; verify the author, institution, and location manually."
https://openalex.org/W4402240806,true,https://openalex.org/A5004329160,Tin Kramberger,middle,2,https://openalex.org/I4210103466,University of Applied Health Sciences,,,HR,019yxat94,,,"Department of Information Technology and Computing, Zagreb University of Applied Sciences, Vrbik 8, 10000 Zagreb, Croatia",true,"Automatically extracted OpenAlex authorship/affiliation candidate; verify the author, institution, and location manually."
https://openalex.org/W4402240806,true,https://openalex.org/A5001740726,Renata Kramberger,middle,3,https://openalex.org/I4210103466,University of Applied Health Sciences,,,HR,019yxat94,,,"Department of Information Technology and Computing, Zagreb University of Applied Sciences, Vrbik 8, 10000 Zagreb, Croatia",true,"Automatically extracted OpenAlex authorship/affiliation candidate; verify the author, institution, and location manually."
https://openalex.org/W4402240806,true,https://openalex.org/A5073880797,Dino Vlahek,last,4,https://openalex.org/I37696226,University of Maribor,,,SI,01d5jce07,,,"Faculty of Electrical Engineering and Computer Science, University of Maribor, Koroška Cesta 46, 2000 Maribor, Slovenia",true,"Automatically extracted OpenAlex authorship/affiliation candidate; verify the author, institution, and location manually."
https://openalex.org/W4416252067,true,https://openalex.org/A5055536268,Lorenzo Pellegrini,first,1,https://openalex.org/I9360294,University of Bologna,,,IT,01111rn36,,,"Universit&#x00E0; di Bologna,Dipartimento di Informatica - Scienza e Ingegneria (DISI),Cesena,Italy",true,"Automatically extracted OpenAlex authorship/affiliation candidate; verify the author, institution, and location manually."
https://openalex.org/W4416252067,true,https://openalex.org/A5085769320,Davide Cozzolino,middle,2,https://openalex.org/I4210104655,Ingegneria dei Trasporti (Italy),,,IT,01fp7rv25,,,"Universit&#x00E0; Degli Studi di Napoli Federico II,Dipartimento di Ingegneria Elettrica e Delle Tecnologie Dell&#x2019;Informazione (DIETI),Naples,Italy",true,"Automatically extracted OpenAlex authorship/affiliation candidate; verify the author, institution, and location manually."
https://openalex.org/W4416252067,true,https://openalex.org/A5085769320,Davide Cozzolino,middle,2,https://openalex.org/I71267560,University of Naples Federico II,,,IT,05290cv24,,,"Universit&#x00E0; Degli Studi di Napoli Federico II,Dipartimento di Ingegneria Elettrica e Delle Tecnologie Dell&#x2019;Informazione (DIETI),Naples,Italy",true,"Automatically extracted OpenAlex authorship/affiliation candidate; verify the author, institution, and location manually."
https://openalex.org/W4416252067,true,https://openalex.org/A5120549650,Serafino Pandolfini,middle,3,https://openalex.org/I9360294,University of Bologna,,,IT,01111rn36,,,"Universit&#x00E0; di Bologna,Dipartimento di Informatica - Scienza e Ingegneria (DISI),Cesena,Italy",true,"Automatically extracted OpenAlex authorship/affiliation candidate; verify the author, institution, and location manually."
https://openalex.org/W4416252067,true,https://openalex.org/A5027196976,Davide Maltoni,middle,4,https://openalex.org/I9360294,University of Bologna,,,IT,01111rn36,,,"Universit&#x00E0; di Bologna,Dipartimento di Informatica - Scienza e Ingegneria (DISI),Cesena,Italy",true,"Automatically extracted OpenAlex authorship/affiliation candidate; verify the author, institution, and location manually."
https://openalex.org/W4416252067,true,https://openalex.org/A5010414428,Matteo Ferrara,middle,5,https://openalex.org/I9360294,University of Bologna,,,IT,01111rn36,,,"Universit&#x00E0; di Bologna,Dipartimento di Informatica - Scienza e Ingegneria (DISI),Cesena,Italy",true,"Automatically extracted OpenAlex authorship/affiliation candidate; verify the author, institution, and location manually."
https://openalex.org/W4416252067,true,https://openalex.org/A5080842029,Luisa Verdoliva,middle,6,https://openalex.org/I4210104655,Ingegneria dei Trasporti (Italy),,,IT,01fp7rv25,,,"Universit&#x00E0; Degli Studi di Napoli Federico II,Dipartimento di Ingegneria Elettrica e Delle Tecnologie Dell&#x2019;Informazione (DIETI),Naples,Italy",true,"Automatically extracted OpenAlex authorship/affiliation candidate; verify the author, institution, and location manually."
https://openalex.org/W4416252067,true,https://openalex.org/A5080842029,Luisa Verdoliva,middle,6,https://openalex.org/I71267560,University of Naples Federico II,,,IT,05290cv24,,,"Universit&#x00E0; Degli Studi di Napoli Federico II,Dipartimento di Ingegneria Elettrica e Delle Tecnologie Dell&#x2019;Informazione (DIETI),Naples,Italy",true,"Automatically extracted OpenAlex authorship/affiliation candidate; verify the author, institution, and location manually."
https://openalex.org/W4416252067,true,https://openalex.org/A5041292673,Marco Prati,middle,7,https://openalex.org/I4210139705,Ingegneria dei Sistemi (Italy),,,IT,03spsm219,,,"IdentifAI,Italy",true,"Automatically extracted OpenAlex authorship/affiliation candidate; verify the author, institution, and location manually."
https://openalex.org/W4416252067,true,https://openalex.org/A5061396883,Marco Ramilli,last,8,https://openalex.org/I4210139705,Ingegneria dei Sistemi (Italy),,,IT,03spsm219,,,"IdentifAI,Italy",true,"Automatically extracted OpenAlex authorship/affiliation candidate; verify the author, institution, and location manually."
https://openalex.org/W4380558675,true,https://openalex.org/A5064061658,Ziyi Xi,first,1,,,,,,,,,,true,"Automatically extracted OpenAlex authorship/affiliation candidate; verify the author, institution, and location manually. No affiliation information provided by OpenAlex for this authorship."
https://openalex.org/W4380558675,true,https://openalex.org/A5103170948,Wenmin Huang,middle,2,,,,,,,,,,true,"Automatically extracted OpenAlex authorship/affiliation candidate; verify the author, institution, and location manually. No affiliation information provided by OpenAlex for this authorship."
https://openalex.org/W4380558675,true,https://openalex.org/A5038676203,Kangkang Wei,middle,3,,,,,,,,,,true,"Automatically extracted OpenAlex authorship/affiliation candidate; verify the author, institution, and location manually. No affiliation information provided by OpenAlex for this authorship."
https://openalex.org/W4380558675,true,https://openalex.org/A5102785655,Weiqi Luo,middle,4,,,,,,,,,,true,"Automatically extracted OpenAlex authorship/affiliation candidate; verify the author, institution, and location manually. No affiliation information provided by OpenAlex for this authorship."
https://openalex.org/W4380558675,true,https://openalex.org/A5069998992,Peijia Zheng,last,5,,,,,,,,,,true,"Automatically extracted OpenAlex authorship/affiliation candidate; verify the author, institution, and location manually. No affiliation information provided by OpenAlex for this authorship."
https://openalex.org/W4409262730,true,https://openalex.org/A5114401493,Seoyeon Gye,first,1,https://openalex.org/I157485424,Korea Advanced Institute of Science and Technology,,,KR,05apxxy63,,,"School of Electrical Engineering, KAIST,South Korea",true,"Automatically extracted OpenAlex authorship/affiliation candidate; verify the author, institution, and location manually."
https://openalex.org/W4409262730,true,https://openalex.org/A5101566090,Jaepil Ko,middle,2,https://openalex.org/I157485424,Korea Advanced Institute of Science and Technology,,,KR,05apxxy63,,,"School of Electrical Engineering, KAIST,South Korea",true,"Automatically extracted OpenAlex authorship/affiliation candidate; verify the author, institution, and location manually."
https://openalex.org/W4409262730,true,https://openalex.org/A5033951605,Hyounguk Shon,middle,3,https://openalex.org/I157485424,Korea Advanced Institute of Science and Technology,,,KR,05apxxy63,,,"School of Electrical Engineering, KAIST,South Korea",true,"Automatically extracted OpenAlex authorship/affiliation candidate; verify the author, institution, and location manually."
https://openalex.org/W4409262730,true,https://openalex.org/A5112924032,Minchan Kwon,middle,4,https://openalex.org/I157485424,Korea Advanced Institute of Science and Technology,,,KR,05apxxy63,,,"School of Electrical Engineering, KAIST,South Korea",true,"Automatically extracted OpenAlex authorship/affiliation candidate; verify the author, institution, and location manually."
https://openalex.org/W4409262730,true,https://openalex.org/A5100606266,Junmo Kim,last,5,https://openalex.org/I157485424,Korea Advanced Institute of Science and Technology,,,KR,05apxxy63,,,"School of Electrical Engineering, KAIST,South Korea",true,"Automatically extracted OpenAlex authorship/affiliation candidate; verify the author, institution, and location manually."
https://openalex.org/W4415540724,true,https://openalex.org/A5107808169,Kuo Shi,first,1,https://openalex.org/I114017466,University of Technology Sydney,,,AU,03f0f6041,,,"University of Technology Sydney, Ultimo, NSW, Australia",true,"Automatically extracted OpenAlex authorship/affiliation candidate; verify the author, institution, and location manually."
https://openalex.org/W4415540724,true,https://openalex.org/A5100675577,Jie Lü,middle,2,https://openalex.org/I114017466,University of Technology Sydney,,,AU,03f0f6041,,,"University of Technology Sydney, Ultimo, NSW, Australia",true,"Automatically extracted OpenAlex authorship/affiliation candidate; verify the author, institution, and location manually."
https://openalex.org/W4415540724,true,https://openalex.org/A5056384174,Shanshan Ye,middle,3,https://openalex.org/I114017466,University of Technology Sydney,,,AU,03f0f6041,,,"University of Technology Sydney, Ultimo, NSW, Australia",true,"Automatically extracted OpenAlex authorship/affiliation candidate; verify the author, institution, and location manually."
https://openalex.org/W4415540724,true,https://openalex.org/A5062192039,Guangquan Zhang,middle,4,https://openalex.org/I114017466,University of Technology Sydney,,,AU,03f0f6041,,,"University of Technology Sydney, Ultimo, NSW, Australia",true,"Automatically extracted OpenAlex authorship/affiliation candidate; verify the author, institution, and location manually."
https://openalex.org/W4415540724,true,https://openalex.org/A5087852871,Zhen Fang,last,5,https://openalex.org/I114017466,University of Technology Sydney,,,AU,03f0f6041,,,"University of Technology Sydney, Ultimo, NSW, Australia",true,"Automatically extracted OpenAlex authorship/affiliation candidate; verify the author, institution, and location manually."
https://openalex.org/W4399252995,true,https://openalex.org/A5027441055,Zhiyuan He,first,1,,,,,,,,,,true,"Automatically extracted OpenAlex authorship/affiliation candidate; verify the author, institution, and location manually. No affiliation information provided by OpenAlex for this authorship."
https://openalex.org/W4399252995,true,https://openalex.org/A5050344371,Pin‐Yu Chen,middle,2,,,,,,,,,,true,"Automatically extracted OpenAlex authorship/affiliation candidate; verify the author, institution, and location manually. No affiliation information provided by OpenAlex for this authorship."
https://openalex.org/W4399252995,true,https://openalex.org/A5062800747,Tsung-Yi Ho,last,3,,,,,,,,,,true,"Automatically extracted OpenAlex authorship/affiliation candidate; verify the author, institution, and location manually. No affiliation information provided by OpenAlex for this authorship."
https://openalex.org/W4409646637,true,https://openalex.org/A5117237681,Iskand Wadhwa,first,1,,,,,,,,,,true,"Automatically extracted OpenAlex authorship/affiliation candidate; verify the author, institution, and location manually. No affiliation information provided by OpenAlex for this authorship."
https://openalex.org/W4409646637,true,https://openalex.org/A5070805283,Yash Choudhary,middle,2,,,,,,,,,,true,"Automatically extracted OpenAlex authorship/affiliation candidate; verify the author, institution, and location manually. No affiliation information provided by OpenAlex for this authorship."
https://openalex.org/W4409646637,true,https://openalex.org/A5111335781,Prerna Chauhan,middle,3,,,,,,,,,,true,"Automatically extracted OpenAlex authorship/affiliation candidate; verify the author, institution, and location manually. No affiliation information provided by OpenAlex for this authorship."
https://openalex.org/W4409646637,true,https://openalex.org/A5067554184,Anjali Singh,middle,4,,,,,,,,,,true,"Automatically extracted OpenAlex authorship/affiliation candidate; verify the author, institution, and location manually. No affiliation information provided by OpenAlex for this authorship."
https://openalex.org/W4409646637,true,https://openalex.org/A5117237682,Sambit Sathua,middle,5,,,,,,,,,,true,"Automatically extracted OpenAlex authorship/affiliation candidate; verify the author, institution, and location manually. No affiliation information provided by OpenAlex for this authorship."
https://openalex.org/W4409646637,true,,Shaffy Bains,last,6,,,,,,,,,,true,"Automatically extracted OpenAlex authorship/affiliation candidate; verify the author, institution, and location manually. No affiliation information provided by OpenAlex for this authorship. OpenAlex author ID missing."
https://openalex.org/W4400624794,true,https://openalex.org/A5069595745,Zheling Meng,first,1,https://openalex.org/I19820366,Chinese Academy of Sciences,,,CN,034t30j35,,,"State Key Laboratory of Multimodal Artificial Intelligence Systems, Institute of Automation, Chinese Academy of Sciences, Beijing, 100190, China",true,"Automatically extracted OpenAlex authorship/affiliation candidate; verify the author, institution, and location manually."
https://openalex.org/W4400624794,true,https://openalex.org/A5069595745,Zheling Meng,first,1,https://openalex.org/I4210112150,Institute of Automation,,,CN,022c3hy66,,,"New Laboratory of Pattern Recognition (NLPR), Institute of Automation, Chinese Academy of Sciences, Beijing 100190, China | State Key Laboratory of Multimodal Artificial Intelligence Systems, Institute of Automation, Chinese Academy of Sciences, Beijing, 100190, China",true,"Automatically extracted OpenAlex authorship/affiliation candidate; verify the author, institution, and location manually."
https://openalex.org/W4400624794,true,https://openalex.org/A5069595745,Zheling Meng,first,1,https://openalex.org/I4210165038,University of Chinese Academy of Sciences,,,CN,05qbk4x57,,,"School of Artificial Intelligence, University of Chinese Academy of Sciences, Beijing, 100049, China",true,"Automatically extracted OpenAlex authorship/affiliation candidate; verify the author, institution, and location manually."
https://openalex.org/W4400624794,true,https://openalex.org/A5042160852,Bo Peng,middle,2,https://openalex.org/I4210112150,Institute of Automation,,,CN,022c3hy66,,,"New Laboratory of Pattern Recognition (NLPR), Institute of Automation, Chinese Academy of Sciences, Beijing 100190, China",true,"Automatically extracted OpenAlex authorship/affiliation candidate; verify the author, institution, and location manually."
https://openalex.org/W4400624794,true,https://openalex.org/A5101739941,Jing Dong,middle,3,https://openalex.org/I19820366,Chinese Academy of Sciences,,,CN,034t30j35,,,"State Key Laboratory of Multimodal Artificial Intelligence Systems, Institute of Automation, Chinese Academy of Sciences, Beijing, 100190, China",true,"Automatically extracted OpenAlex authorship/affiliation candidate; verify the author, institution, and location manually."
https://openalex.org/W4400624794,true,https://openalex.org/A5101739941,Jing Dong,middle,3,https://openalex.org/I4210112150,Institute of Automation,,,CN,022c3hy66,,,"New Laboratory of Pattern Recognition (NLPR), Institute of Automation, Chinese Academy of Sciences, Beijing 100190, China | State Key Laboratory of Multimodal Artificial Intelligence Systems, Institute of Automation, Chinese Academy of Sciences, Beijing, 100190, China",true,"Automatically extracted OpenAlex authorship/affiliation candidate; verify the author, institution, and location manually."
https://openalex.org/W4400624794,true,https://openalex.org/A5101739941,Jing Dong,middle,3,https://openalex.org/I4210165038,University of Chinese Academy of Sciences,,,CN,05qbk4x57,,,"School of Artificial Intelligence, University of Chinese Academy of Sciences, Beijing, 100049, China",true,"Automatically extracted OpenAlex authorship/affiliation candidate; verify the author, institution, and location manually."
https://openalex.org/W4400624794,true,https://openalex.org/A5111885963,Tieniu Tan,middle,4,https://openalex.org/I19820366,Chinese Academy of Sciences,,,CN,034t30j35,,,"State Key Laboratory of Multimodal Artificial Intelligence Systems, Institute of Automation, Chinese Academy of Sciences, Beijing, 100190, China",true,"Automatically extracted OpenAlex authorship/affiliation candidate; verify the author, institution, and location manually."
https://openalex.org/W4400624794,true,https://openalex.org/A5111885963,Tieniu Tan,middle,4,https://openalex.org/I4210112150,Institute of Automation,,,CN,022c3hy66,,,"New Laboratory of Pattern Recognition (NLPR), Institute of Automation, Chinese Academy of Sciences, Beijing 100190, China | State Key Laboratory of Multimodal Artificial Intelligence Systems, Institute of Automation, Chinese Academy of Sciences, Beijing, 100190, China",true,"Automatically extracted OpenAlex authorship/affiliation candidate; verify the author, institution, and location manually."
https://openalex.org/W4400624794,true,https://openalex.org/A5111885963,Tieniu Tan,middle,4,https://openalex.org/I4210165038,University of Chinese Academy of Sciences,,,CN,05qbk4x57,,,"School of Artificial Intelligence, University of Chinese Academy of Sciences, Beijing, 100049, China",true,"Automatically extracted OpenAlex authorship/affiliation candidate; verify the author, institution, and location manually."
https://openalex.org/W4400624794,true,https://openalex.org/A5065017752,Haonan Cheng,last,5,https://openalex.org/I75689368,Communication University of China,,,CN,04facbs33,,,"State Key Laboratory of Media Convergence and Communication, Communication University of China, Beijing 100024, China",true,"Automatically extracted OpenAlex authorship/affiliation candidate; verify the author, institution, and location manually."
https://openalex.org/W4404649743,true,https://openalex.org/A5113172410,Moyang Guo,first,1,,,,,,,,,,true,"Automatically extracted OpenAlex authorship/affiliation candidate; verify the author, institution, and location manually. No affiliation information provided by OpenAlex for this authorship."
https://openalex.org/W4404649743,true,https://openalex.org/A5112622363,Yuepeng Hu,middle,2,,,,,,,,,,true,"Automatically extracted OpenAlex authorship/affiliation candidate; verify the author, institution, and location manually. No affiliation information provided by OpenAlex for this authorship."
https://openalex.org/W4404649743,true,https://openalex.org/A5048196908,Zhengyuan Jiang,middle,3,,,,,,,,,,true,"Automatically extracted OpenAlex authorship/affiliation candidate; verify the author, institution, and location manually. No affiliation information provided by OpenAlex for this authorship."
https://openalex.org/W4404649743,true,https://openalex.org/A5100455070,Zeyu Li,middle,4,,,,,,,,,,true,"Automatically extracted OpenAlex authorship/affiliation candidate; verify the author, institution, and location manually. No affiliation information provided by OpenAlex for this authorship."
https://openalex.org/W4404649743,true,https://openalex.org/A5088544434,Amir Sadovnik,middle,5,,,,,,,,,,true,"Automatically extracted OpenAlex authorship/affiliation candidate; verify the author, institution, and location manually. No affiliation information provided by OpenAlex for this authorship."
https://openalex.org/W4404649743,true,https://openalex.org/A5076598286,Arka Daw,middle,6,,,,,,,,,,true,"Automatically extracted OpenAlex authorship/affiliation candidate; verify the author, institution, and location manually. No affiliation information provided by OpenAlex for this authorship."
https://openalex.org/W4404649743,true,https://openalex.org/A5009102659,Neil Zhenqiang Gong,last,7,,,,,,,,,,true,"Automatically extracted OpenAlex authorship/affiliation candidate; verify the author, institution, and location manually. No affiliation information provided by OpenAlex for this authorship."
https://openalex.org/W4412810251,true,https://openalex.org/A5100434298,Yupeng Zhang,first,1,https://openalex.org/I154099455,Shandong University,,,CN,0207yh398,,,"School of Mechanical, Electrical and Information Engineering, Shandong University, Weihai, 264209, China",true,"Automatically extracted OpenAlex authorship/affiliation candidate; verify the author, institution, and location manually."
https://openalex.org/W4412810251,true,,Zongwei Pang,middle,2,https://openalex.org/I154099455,Shandong University,,,CN,0207yh398,,,"School of Mechanical, Electrical and Information Engineering, Shandong University, Weihai, 264209, China",true,"Automatically extracted OpenAlex authorship/affiliation candidate; verify the author, institution, and location manually. OpenAlex author ID missing."
https://openalex.org/W4412810251,true,,Shanyuan Huang,middle,3,https://openalex.org/I154099455,Shandong University,,,CN,0207yh398,,,"School of Mechanical, Electrical and Information Engineering, Shandong University, Weihai, 264209, China",true,"Automatically extracted OpenAlex authorship/affiliation candidate; verify the author, institution, and location manually. OpenAlex author ID missing."
https://openalex.org/W4412810251,true,https://openalex.org/A5015144801,Chengyou Wang,middle,4,https://openalex.org/I154099455,Shandong University,,,CN,0207yh398,,,"School of Mechanical, Electrical and Information Engineering, Shandong University, Weihai, 264209, China",true,"Automatically extracted OpenAlex authorship/affiliation candidate; verify the author, institution, and location manually."
https://openalex.org/W4412810251,true,https://openalex.org/A5015144801,Chengyou Wang,middle,4,https://openalex.org/I34949971,University of Jinan,,,CN,02mjz6f26,,,"Shandong Key Laboratory of Intelligent Communication and Sensing-Computing Integration, Shandong University, Jinan, 250061, China",true,"Automatically extracted OpenAlex authorship/affiliation candidate; verify the author, institution, and location manually."
https://openalex.org/W4412810251,true,https://openalex.org/A5015144801,Chengyou Wang,middle,4,https://openalex.org/I4210153682,Intelligent Health (United Kingdom),,,GB,0576zak10,,,"Shandong Key Laboratory of Intelligent Electronic Packaging Testing and Application, Weihai, 264209, China",true,"Automatically extracted OpenAlex authorship/affiliation candidate; verify the author, institution, and location manually."
https://openalex.org/W4412810251,true,https://openalex.org/A5015144801,Chengyou Wang,middle,4,https://openalex.org/I4210158823,Weihai Science and Technology Bureau,,,CN,05mx4xx46,,,"Shandong University–Weihai Research Institute of Industrial Technology, Weihai, 264209, China",true,"Automatically extracted OpenAlex authorship/affiliation candidate; verify the author, institution, and location manually."
https://openalex.org/W4412810251,true,https://openalex.org/A5036693904,Xiao Zhou,last,5,https://openalex.org/I154099455,Shandong University,,,CN,0207yh398,,,"School of Mechanical, Electrical and Information Engineering, Shandong University, Weihai, 264209, China",true,"Automatically extracted OpenAlex authorship/affiliation candidate; verify the author, institution, and location manually."
https://openalex.org/W4412810251,true,https://openalex.org/A5036693904,Xiao Zhou,last,5,https://openalex.org/I34949971,University of Jinan,,,CN,02mjz6f26,,,"Shandong Key Laboratory of Intelligent Communication and Sensing-Computing Integration, Shandong University, Jinan, 250061, China",true,"Automatically extracted OpenAlex authorship/affiliation candidate; verify the author, institution, and location manually."
https://openalex.org/W4412810251,true,https://openalex.org/A5036693904,Xiao Zhou,last,5,https://openalex.org/I4210153682,Intelligent Health (United Kingdom),,,GB,0576zak10,,,"Shandong Key Laboratory of Intelligent Electronic Packaging Testing and Application, Weihai, 264209, China",true,"Automatically extracted OpenAlex authorship/affiliation candidate; verify the author, institution, and location manually."
https://openalex.org/W4412810251,true,https://openalex.org/A5036693904,Xiao Zhou,last,5,https://openalex.org/I4210158823,Weihai Science and Technology Bureau,,,CN,05mx4xx46,,,"Shandong University–Weihai Research Institute of Industrial Technology, Weihai, 264209, China",true,"Automatically extracted OpenAlex authorship/affiliation candidate; verify the author, institution, and location manually."
https://openalex.org/W7138473655,true,https://openalex.org/A5129689433,Lvpan Cai,first,1,,,,,,,,,,true,"Automatically extracted OpenAlex authorship/affiliation candidate; verify the author, institution, and location manually. No affiliation information provided by OpenAlex for this authorship."
https://openalex.org/W7138473655,true,https://openalex.org/A5129652384,Haowei Wang,middle,2,,,,,,,,,,true,"Automatically extracted OpenAlex authorship/affiliation candidate; verify the author, institution, and location manually. No affiliation information provided by OpenAlex for this authorship."
https://openalex.org/W7138473655,true,https://openalex.org/A5129680659,Jiayi Ji,middle,3,,,,,,,,,,true,"Automatically extracted OpenAlex authorship/affiliation candidate; verify the author, institution, and location manually. No affiliation information provided by OpenAlex for this authorship."
https://openalex.org/W7138473655,true,https://openalex.org/A5129707187,Yanshu Zhoumen,middle,4,,,,,,,,,,true,"Automatically extracted OpenAlex authorship/affiliation candidate; verify the author, institution, and location manually. No affiliation information provided by OpenAlex for this authorship."
https://openalex.org/W7138473655,true,https://openalex.org/A5129654730,Shen Chen,middle,5,,,,,,,,,,true,"Automatically extracted OpenAlex authorship/affiliation candidate; verify the author, institution, and location manually. No affiliation information provided by OpenAlex for this authorship."
https://openalex.org/W7138473655,true,https://openalex.org/A5129735328,Taiping Yao,middle,6,,,,,,,,,,true,"Automatically extracted OpenAlex authorship/affiliation candidate; verify the author, institution, and location manually. No affiliation information provided by OpenAlex for this authorship."
https://openalex.org/W7138473655,true,https://openalex.org/A5129695782,Xiaoshuai Sun,last,7,,,,,,,,,,true,"Automatically extracted OpenAlex authorship/affiliation candidate; verify the author, institution, and location manually. No affiliation information provided by OpenAlex for this authorship."
https://openalex.org/W4415025023,true,https://openalex.org/A5061266281,Haotian Qin,first,1,,,,,,,,,,true,"Automatically extracted OpenAlex authorship/affiliation candidate; verify the author, institution, and location manually. No affiliation information provided by OpenAlex for this authorship."
https://openalex.org/W4415025023,true,https://openalex.org/A5007417490,Dongliang Chang,middle,2,,,,,,,,,,true,"Automatically extracted OpenAlex authorship/affiliation candidate; verify the author, institution, and location manually. No affiliation information provided by OpenAlex for this authorship."
https://openalex.org/W4415025023,true,,"Gao, Yueying",middle,3,,,,,,,,,,true,"Automatically extracted OpenAlex authorship/affiliation candidate; verify the author, institution, and location manually. No affiliation information provided by OpenAlex for this authorship. OpenAlex author ID missing."
https://openalex.org/W4415025023,true,https://openalex.org/A5003672141,Bofu Yu,middle,4,,,,,,,,,,true,"Automatically extracted OpenAlex authorship/affiliation candidate; verify the author, institution, and location manually. No affiliation information provided by OpenAlex for this authorship."
https://openalex.org/W4415025023,true,https://openalex.org/A5018804522,Lei Chen,middle,5,,,,,,,,,,true,"Automatically extracted OpenAlex authorship/affiliation candidate; verify the author, institution, and location manually. No affiliation information provided by OpenAlex for this authorship."
https://openalex.org/W4415025023,true,https://openalex.org/A5039812471,Zhanyu Ma,last,6,,,,,,,,,,true,"Automatically extracted OpenAlex authorship/affiliation candidate; verify the author, institution, and location manually. No affiliation information provided by OpenAlex for this authorship."
https://openalex.org/W7160429386,true,https://openalex.org/A5135523426,Thanasis Pantsios,first,1,https://openalex.org/I4210093649,Information Technologies Institute,,,GR,0069akp70,,,"CERTH-ITI, Thessaloniki, n/a, Greece",true,"Automatically extracted OpenAlex authorship/affiliation candidate; verify the author, institution, and location manually."
https://openalex.org/W7160429386,true,https://openalex.org/A5135508789,Dimitrios Karageorgiou,middle,2,https://openalex.org/I4210093649,Information Technologies Institute,,,GR,0069akp70,,,"CERTH-ITI, Thessaloniki, n/a, Greece",true,"Automatically extracted OpenAlex authorship/affiliation candidate; verify the author, institution, and location manually."
https://openalex.org/W7160429386,true,https://openalex.org/A5024874767,Christos Koutlis,middle,3,https://openalex.org/I4210093649,Information Technologies Institute,,,GR,0069akp70,,,"CERTH-ITI, Thessaloniki, n/a, Greece",true,"Automatically extracted OpenAlex authorship/affiliation candidate; verify the author, institution, and location manually."
https://openalex.org/W7160429386,true,https://openalex.org/A5135367133,George Karantaidis,middle,4,https://openalex.org/I4210093649,Information Technologies Institute,,,GR,0069akp70,,,"CERTH-ITI, Thessaloniki, n/a, Greece",true,"Automatically extracted OpenAlex authorship/affiliation candidate; verify the author, institution, and location manually."
https://openalex.org/W7160429386,true,https://openalex.org/A5135399848,Olga Papadopoulou,middle,5,https://openalex.org/I4210093649,Information Technologies Institute,,,GR,0069akp70,,,"CERTH-ITI, Thessaloniki, n/a, Greece",true,"Automatically extracted OpenAlex authorship/affiliation candidate; verify the author, institution, and location manually."
https://openalex.org/W7160429386,true,https://openalex.org/A5135512811,Symeon Papadopoulos,last,6,https://openalex.org/I4210093649,Information Technologies Institute,,,GR,0069akp70,,,"CERTH-ITI, Thessaloniki, n/a, Greece",true,"Automatically extracted OpenAlex authorship/affiliation candidate; verify the author, institution, and location manually."
https://openalex.org/W4408954780,true,https://openalex.org/A5111104293,Hau-Ching Chen,first,1,https://openalex.org/I154864474,National Taiwan University of Science and Technology,,,TW,00q09pe49,,,"National Taiwan University of Science and Technology,Department of Electrical Engineering,Taipei,Taiwan",true,"Automatically extracted OpenAlex authorship/affiliation candidate; verify the author, institution, and location manually."
https://openalex.org/W4408954780,true,,Yu-Pin Shen,middle,2,https://openalex.org/I154864474,National Taiwan University of Science and Technology,,,TW,00q09pe49,,,"National Taiwan University of Science and Technology,Department of Electrical Engineering,Taipei,Taiwan",true,"Automatically extracted OpenAlex authorship/affiliation candidate; verify the author, institution, and location manually. OpenAlex author ID missing."
https://openalex.org/W4408954780,true,https://openalex.org/A5108311630,Yi-Hung Yeh,middle,3,https://openalex.org/I154864474,National Taiwan University of Science and Technology,,,TW,00q09pe49,,,"National Taiwan University of Science and Technology,Department of Electrical Engineering,Taipei,Taiwan",true,"Automatically extracted OpenAlex authorship/affiliation candidate; verify the author, institution, and location manually."
https://openalex.org/W4408954780,true,https://openalex.org/A5111273356,Jiann-Liang Chen,last,4,https://openalex.org/I154864474,National Taiwan University of Science and Technology,,,TW,00q09pe49,,,"National Taiwan University of Science and Technology,Department of Electrical Engineering,Taipei,Taiwan",true,"Automatically extracted OpenAlex authorship/affiliation candidate; verify the author, institution, and location manually."
https://openalex.org/W4417172205,true,https://openalex.org/A5055536268,Lorenzo Pellegrini,first,1,,,,,,,,,,true,"Automatically extracted OpenAlex authorship/affiliation candidate; verify the author, institution, and location manually. No affiliation information provided by OpenAlex for this authorship."
https://openalex.org/W4417172205,true,https://openalex.org/A5085769320,Davide Cozzolino,middle,2,,,,,,,,,,true,"Automatically extracted OpenAlex authorship/affiliation candidate; verify the author, institution, and location manually. No affiliation information provided by OpenAlex for this authorship."
https://openalex.org/W4417172205,true,https://openalex.org/A5120549650,Serafino Pandolfini,middle,3,,,,,,,,,,true,"Automatically extracted OpenAlex authorship/affiliation candidate; verify the author, institution, and location manually. No affiliation information provided by OpenAlex for this authorship."
https://openalex.org/W4417172205,true,https://openalex.org/A5027196976,Davide Maltoni,middle,4,,,,,,,,,,true,"Automatically extracted OpenAlex authorship/affiliation candidate; verify the author, institution, and location manually. No affiliation information provided by OpenAlex for this authorship."
https://openalex.org/W4417172205,true,https://openalex.org/A5010414428,Matteo Ferrara,middle,5,,,,,,,,,,true,"Automatically extracted OpenAlex authorship/affiliation candidate; verify the author, institution, and location manually. No affiliation information provided by OpenAlex for this authorship."
https://openalex.org/W4417172205,true,https://openalex.org/A5080842029,Luisa Verdoliva,middle,6,,,,,,,,,,true,"Automatically extracted OpenAlex authorship/affiliation candidate; verify the author, institution, and location manually. No affiliation information provided by OpenAlex for this authorship."
https://openalex.org/W4417172205,true,https://openalex.org/A5041292673,Marco Prati,middle,7,,,,,,,,,,true,"Automatically extracted OpenAlex authorship/affiliation candidate; verify the author, institution, and location manually. No affiliation information provided by OpenAlex for this authorship."
https://openalex.org/W4417172205,true,https://openalex.org/A5061396883,Marco Ramilli,last,8,,,,,,,,,,true,"Automatically extracted OpenAlex authorship/affiliation candidate; verify the author, institution, and location manually. No affiliation information provided by OpenAlex for this authorship."
https://openalex.org/W4411979370,true,https://openalex.org/A5062153230,Hyejoo Choi,first,1,https://openalex.org/I848706,Sungkyunkwan University,,,KR,04q78tk20,,,"Department of Artificial Intelligence, Sungkyunkwan University, South Korea",true,"Automatically extracted OpenAlex authorship/affiliation candidate; verify the author, institution, and location manually."
https://openalex.org/W4411979370,true,https://openalex.org/A5108961022,Inho Jung,middle,2,https://openalex.org/I848706,Sungkyunkwan University,,,KR,04q78tk20,,,"Department of Computer Science and Engineering, Sungkyunkwan University, South Korea",true,"Automatically extracted OpenAlex authorship/affiliation candidate; verify the author, institution, and location manually."
https://openalex.org/W4411979370,true,https://openalex.org/A5033106393,Simon S. Woo,last,3,https://openalex.org/I848706,Sungkyunkwan University,,,KR,04q78tk20,,,"Department of Computer Science and Engineering, Sungkyunkwan University, South Korea",true,"Automatically extracted OpenAlex authorship/affiliation candidate; verify the author, institution, and location manually."
https://openalex.org/W4409362694,true,https://openalex.org/A5117111309,Dhruv Bhatada,first,1,https://openalex.org/I169877490,University of Mumbai,,,IN,032hdk172,,,"Atharva College of Engineering, Mumbai University, India",true,"Automatically extracted OpenAlex authorship/affiliation candidate; verify the author, institution, and location manually."
https://openalex.org/W4409362694,true,https://openalex.org/A5117111310,Nimesh Gujari,middle,2,https://openalex.org/I169877490,University of Mumbai,,,IN,032hdk172,,,"Atharva College of Engineering, Mumbai University, India",true,"Automatically extracted OpenAlex authorship/affiliation candidate; verify the author, institution, and location manually."
https://openalex.org/W4409362694,true,,Priyanka Pandey,middle,3,https://openalex.org/I169877490,University of Mumbai,,,IN,032hdk172,,,"Atharva College of Engineering, Mumbai University, India",true,"Automatically extracted OpenAlex authorship/affiliation candidate; verify the author, institution, and location manually. OpenAlex author ID missing."
https://openalex.org/W4409362694,true,https://openalex.org/A5117111311,Yashvant Chhapwale,middle,4,https://openalex.org/I169877490,University of Mumbai,,,IN,032hdk172,,,"Atharva College of Engineering, Mumbai University, India",true,"Automatically extracted OpenAlex authorship/affiliation candidate; verify the author, institution, and location manually."
https://openalex.org/W4409362694,true,https://openalex.org/A5047402016,Yogita Shelar,last,5,https://openalex.org/I169877490,University of Mumbai,,,IN,032hdk172,,,"Atharva College of Engineering, Mumbai University, India",true,"Automatically extracted OpenAlex authorship/affiliation candidate; verify the author, institution, and location manually."
https://openalex.org/W4401201872,true,https://openalex.org/A5058301344,Vincenzo De Rosa,first,1,,,,,,,,,,true,"Automatically extracted OpenAlex authorship/affiliation candidate; verify the author, institution, and location manually. No affiliation information provided by OpenAlex for this authorship."
https://openalex.org/W4401201872,true,https://openalex.org/A5070058618,Fabrizio Guillaro,middle,2,,,,,,,,,,true,"Automatically extracted OpenAlex authorship/affiliation candidate; verify the author, institution, and location manually. No affiliation information provided by OpenAlex for this authorship."
https://openalex.org/W4401201872,true,https://openalex.org/A5081981044,Giovanni Poggi,middle,3,,,,,,,,,,true,"Automatically extracted OpenAlex authorship/affiliation candidate; verify the author, institution, and location manually. No affiliation information provided by OpenAlex for this authorship."
https://openalex.org/W4401201872,true,https://openalex.org/A5085769320,Davide Cozzolino,middle,4,,,,,,,,,,true,"Automatically extracted OpenAlex authorship/affiliation candidate; verify the author, institution, and location manually. No affiliation information provided by OpenAlex for this authorship."
https://openalex.org/W4401201872,true,https://openalex.org/A5080842029,Luisa Verdoliva,last,5,,,,,,,,,,true,"Automatically extracted OpenAlex authorship/affiliation candidate; verify the author, institution, and location manually. No affiliation information provided by OpenAlex for this authorship."
https://openalex.org/W7125513809,true,https://openalex.org/A5112908716,Sujal Kumar,first,1,https://openalex.org/I904090387,Global University,,,LB,04frhb927,,,"C. V. Raman Global University,Department of CSE,Bhubaneswar,Odisha,India",true,"Automatically extracted OpenAlex authorship/affiliation candidate; verify the author, institution, and location manually."
https://openalex.org/W7125513809,true,https://openalex.org/A5101854413,Gaurav Singh,middle,2,https://openalex.org/I904090387,Global University,,,LB,04frhb927,,,"C. V. Raman Global University,Department of CSE,Bhubaneswar,Odisha,India",true,"Automatically extracted OpenAlex authorship/affiliation candidate; verify the author, institution, and location manually."
https://openalex.org/W7125513809,true,https://openalex.org/A5120200436,Lotugada Jagan,middle,3,https://openalex.org/I904090387,Global University,,,LB,04frhb927,,,"C. V. Raman Global University,Department of CSE,Bhubaneswar,Odisha,India",true,"Automatically extracted OpenAlex authorship/affiliation candidate; verify the author, institution, and location manually."
https://openalex.org/W7125513809,true,https://openalex.org/A5123705700,Sanjay Das,middle,4,https://openalex.org/I904090387,Global University,,,LB,04frhb927,,,"C. V. Raman Global University,Department of CSE,Bhubaneswar,Odisha,India",true,"Automatically extracted OpenAlex authorship/affiliation candidate; verify the author, institution, and location manually."
https://openalex.org/W7125513809,true,https://openalex.org/A5050063267,Jayanti Rout,middle,5,https://openalex.org/I904090387,Global University,,,LB,04frhb927,,,"C. V. Raman Global University,Department of CSE,Bhubaneswar,Odisha,India",true,"Automatically extracted OpenAlex authorship/affiliation candidate; verify the author, institution, and location manually."
https://openalex.org/W7125513809,true,https://openalex.org/A5086090236,Ashutosh Soni,middle,6,https://openalex.org/I904090387,Global University,,,LB,04frhb927,,,"C. V. Raman Global University,Department of CSE,Bhubaneswar,Odisha,India",true,"Automatically extracted OpenAlex authorship/affiliation candidate; verify the author, institution, and location manually."
https://openalex.org/W7125513809,true,https://openalex.org/A5080927887,Surendra Kumar Nanda,last,7,https://openalex.org/I904090387,Global University,,,LB,04frhb927,,,"C. V. Raman Global University,Department of CSE,Bhubaneswar,Odisha,India",true,"Automatically extracted OpenAlex authorship/affiliation candidate; verify the author, institution, and location manually."
https://openalex.org/W7160100074,true,https://openalex.org/A5082279954,H M Wang,first,1,https://openalex.org/I76569877,Southeast University,,,CN,04ct4d772,,,"School of Computer Science and Engineering, Southeast University,Nanjing,China,210096",true,"Automatically extracted OpenAlex authorship/affiliation candidate; verify the author, institution, and location manually."
https://openalex.org/W7160100074,true,https://openalex.org/A5135232421,Renxi Cheng,middle,2,https://openalex.org/I76569877,Southeast University,,,CN,04ct4d772,,,"School of Cyber Science and Engineering, Southeast University,Nanjing,China,210096",true,"Automatically extracted OpenAlex authorship/affiliation candidate; verify the author, institution, and location manually."
https://openalex.org/W7160100074,true,https://openalex.org/A5135152068,Yang Zhang,middle,3,https://openalex.org/I180726961,Shenzhen University,,,CN,01vy4gh70,,,"School of Computer Science and Software Engineering, Shenzhen University,Shenzhen,China,518060",true,"Automatically extracted OpenAlex authorship/affiliation candidate; verify the author, institution, and location manually."
https://openalex.org/W7160100074,true,https://openalex.org/A5135146329,Chaolei Han,middle,4,https://openalex.org/I76569877,Southeast University,,,CN,04ct4d772,,,"School of Cyber Science and Engineering, Southeast University,Nanjing,China,210096",true,"Automatically extracted OpenAlex authorship/affiliation candidate; verify the author, institution, and location manually."
https://openalex.org/W7160100074,true,https://openalex.org/A5135175258,Jie Gui,last,5,https://openalex.org/I76569877,Southeast University,,,CN,04ct4d772,,,"School of Cyber Science and Engineering, Southeast University,Nanjing,China,210096",true,"Automatically extracted OpenAlex authorship/affiliation candidate; verify the author, institution, and location manually."
https://openalex.org/W4386075954,true,https://openalex.org/A5078290333,Chuangchuang Tan,first,1,https://openalex.org/I21193070,Beijing Jiaotong University,,,CN,01yj56c84,,,"Beijing Jiaotong University,Institute of Information Science | Institute of Information Science, Beijing Jiaotong University",true,"Automatically extracted OpenAlex authorship/affiliation candidate; verify the author, institution, and location manually."
https://openalex.org/W4386075954,true,https://openalex.org/A5100362745,Yao Zhao,middle,2,https://openalex.org/I21193070,Beijing Jiaotong University,,,CN,01yj56c84,,,"Beijing Jiaotong University,Institute of Information Science | Institute of Information Science, Beijing Jiaotong University",true,"Automatically extracted OpenAlex authorship/affiliation candidate; verify the author, institution, and location manually."
https://openalex.org/W4386075954,true,https://openalex.org/A5006854141,Shikui Wei,middle,3,https://openalex.org/I21193070,Beijing Jiaotong University,,,CN,01yj56c84,,,"Beijing Jiaotong University,Institute of Information Science | Institute of Information Science, Beijing Jiaotong University",true,"Automatically extracted OpenAlex authorship/affiliation candidate; verify the author, institution, and location manually."
https://openalex.org/W4386075954,true,https://openalex.org/A5080706260,Guanghua Gu,middle,4,https://openalex.org/I39333907,Yanshan University,,,CN,02txfnf15,,,"School of Information Science and Engineering, Yanshan University",true,"Automatically extracted OpenAlex authorship/affiliation candidate; verify the author, institution, and location manually."
https://openalex.org/W4386075954,true,https://openalex.org/A5080706260,Guanghua Gu,middle,4,https://openalex.org/I4210121626,Signal Processing (United States),,,US,021gzyw51,,,Hebei Key Laboratory of Information Transmission and Signal Processing,true,"Automatically extracted OpenAlex authorship/affiliation candidate; verify the author, institution, and location manually."
https://openalex.org/W4386075954,true,https://openalex.org/A5087043856,Yunchao Wei,last,5,https://openalex.org/I21193070,Beijing Jiaotong University,,,CN,01yj56c84,,,"Beijing Jiaotong University,Institute of Information Science | Institute of Information Science, Beijing Jiaotong University",true,"Automatically extracted OpenAlex authorship/affiliation candidate; verify the author, institution, and location manually."
https://openalex.org/W3024207815,true,https://openalex.org/A5029249760,Zhongjie Mi,first,1,https://openalex.org/I183067930,Shanghai Jiao Tong University,,,CN,0220qvk04,,,"National Engineering Lab on Information Content Analysis Techniques, School of Electronic Information and Electrical Engineering, Shanghai Jiao Tong University, Shanghai, China",true,"Automatically extracted OpenAlex authorship/affiliation candidate; verify the author, institution, and location manually."
https://openalex.org/W3024207815,true,https://openalex.org/A5046412453,Xinghao Jiang,middle,2,https://openalex.org/I183067930,Shanghai Jiao Tong University,,,CN,0220qvk04,,,"National Engineering Lab on Information Content Analysis Techniques, School of Electronic Information and Electrical Engineering, Shanghai Jiao Tong University, Shanghai, China",true,"Automatically extracted OpenAlex authorship/affiliation candidate; verify the author, institution, and location manually."
https://openalex.org/W3024207815,true,https://openalex.org/A5057999830,Tanfeng Sun,middle,3,https://openalex.org/I183067930,Shanghai Jiao Tong University,,,CN,0220qvk04,,,"National Engineering Lab on Information Content Analysis Techniques, School of Electronic Information and Electrical Engineering, Shanghai Jiao Tong University, Shanghai, China",true,"Automatically extracted OpenAlex authorship/affiliation candidate; verify the author, institution, and location manually."
https://openalex.org/W3024207815,true,https://openalex.org/A5100755854,Ke Xu,last,4,https://openalex.org/I183067930,Shanghai Jiao Tong University,,,CN,0220qvk04,,,"National Engineering Lab on Information Content Analysis Techniques, School of Electronic Information and Electrical Engineering, Shanghai Jiao Tong University, Shanghai, China",true,"Automatically extracted OpenAlex authorship/affiliation candidate; verify the author, institution, and location manually."
https://openalex.org/W4388858946,true,https://openalex.org/A5061607514,Zeyang Sha,first,1,https://openalex.org/I4210128801,Helmholtz Center for Information Security,,,DE,02njgxr09,,,"CISPA Helmholtz Center for Information Security, Saarbrücken, Germany",true,"Automatically extracted OpenAlex authorship/affiliation candidate; verify the author, institution, and location manually."
https://openalex.org/W4388858946,true,https://openalex.org/A5101809231,Zheng Li,middle,2,https://openalex.org/I4210128801,Helmholtz Center for Information Security,,,DE,02njgxr09,,,"CISPA Helmholtz Center for Information Security, Saarbrücken, Germany",true,"Automatically extracted OpenAlex authorship/affiliation candidate; verify the author, institution, and location manually."
https://openalex.org/W4388858946,true,https://openalex.org/A5101424754,Ning Yu,middle,3,https://openalex.org/I4210155268,Salesforce (United States),,,US,057315g56,,,"Salesforce Research, Palo Alto, CA, USA",true,"Automatically extracted OpenAlex authorship/affiliation candidate; verify the author, institution, and location manually."
https://openalex.org/W4388858946,true,https://openalex.org/A5030605497,Yang Zhang,last,4,https://openalex.org/I4210128801,Helmholtz Center for Information Security,,,DE,02njgxr09,,,"CISPA Helmholtz Center for Information Security, Saarbrücken, Germany",true,"Automatically extracted OpenAlex authorship/affiliation candidate; verify the author, institution, and location manually."
https://openalex.org/W4313048095,true,https://openalex.org/A5070592728,Keshigeyan Chandrasegaran,first,1,https://openalex.org/I152815399,Singapore University of Technology and Design,,,SG,05j6fvn87,,,"Singapore University of Technology and Design (SUTD), Singapore, Singapore",true,"Automatically extracted OpenAlex authorship/affiliation candidate; verify the author, institution, and location manually."
https://openalex.org/W4313048095,true,https://openalex.org/A5023196037,Ngoc-Trung Tran,middle,2,https://openalex.org/I152815399,Singapore University of Technology and Design,,,SG,05j6fvn87,,,"Singapore University of Technology and Design (SUTD), Singapore, Singapore",true,"Automatically extracted OpenAlex authorship/affiliation candidate; verify the author, institution, and location manually."
https://openalex.org/W4313048095,true,https://openalex.org/A5072460783,Alexander Binder,middle,3,https://openalex.org/I168639165,Singapore Institute of Technology,,,SG,01v2c2791,,,"Singapore Institute of Technology (SIT), Singapore, Singapore",true,"Automatically extracted OpenAlex authorship/affiliation candidate; verify the author, institution, and location manually."
https://openalex.org/W4313048095,true,https://openalex.org/A5072460783,Alexander Binder,middle,3,https://openalex.org/I4210105262,Unge aksjonærer,,,NO,00tajj279,,,"University of Oslo (UIO), Oslo, Norway",true,"Automatically extracted OpenAlex authorship/affiliation candidate; verify the author, institution, and location manually."
https://openalex.org/W4313048095,true,https://openalex.org/A5072460783,Alexander Binder,middle,3,https://openalex.org/I184942183,University of Oslo,,,NO,01xtthb56,,,"University of Oslo (UIO), Oslo, Norway",true,"Automatically extracted OpenAlex authorship/affiliation candidate; verify the author, institution, and location manually."
https://openalex.org/W4313048095,true,https://openalex.org/A5057453537,Ngai‐Man Cheung,last,4,https://openalex.org/I152815399,Singapore University of Technology and Design,,,SG,05j6fvn87,,,"Singapore University of Technology and Design (SUTD), Singapore, Singapore",true,"Automatically extracted OpenAlex authorship/affiliation candidate; verify the author, institution, and location manually."
https://openalex.org/W4402727598,true,https://openalex.org/A5005841637,Yunpeng Luo,first,1,https://openalex.org/I2250653659,Tencent (China),,,CN,00hhjss72,,,Tencent YouTu Lab,true,"Automatically extracted OpenAlex authorship/affiliation candidate; verify the author, institution, and location manually."
https://openalex.org/W4402727598,true,https://openalex.org/A5065572304,Junlong Du,middle,2,https://openalex.org/I2250653659,Tencent (China),,,CN,00hhjss72,,,Tencent YouTu Lab,true,"Automatically extracted OpenAlex authorship/affiliation candidate; verify the author, institution, and location manually."
https://openalex.org/W4402727598,true,https://openalex.org/A5101967245,Ke Yan,middle,3,https://openalex.org/I2250653659,Tencent (China),,,CN,00hhjss72,,,Tencent YouTu Lab,true,"Automatically extracted OpenAlex authorship/affiliation candidate; verify the author, institution, and location manually."
https://openalex.org/W4402727598,true,https://openalex.org/A5108989188,Shouhong Ding,last,4,https://openalex.org/I2250653659,Tencent (China),,,CN,00hhjss72,,,Tencent YouTu Lab,true,"Automatically extracted OpenAlex authorship/affiliation candidate; verify the author, institution, and location manually."
https://openalex.org/W3010699567,true,,"Marra, Francesco",first,1,https://openalex.org/I4210117450,Federico II University Hospital,,,IT,02jr6tp70,,,"University Federico II of Naples, Italy",true,"Automatically extracted OpenAlex authorship/affiliation candidate; verify the author, institution, and location manually. OpenAlex author ID missing."
https://openalex.org/W3010699567,true,,"Saltori, Cristiano",middle,2,https://openalex.org/I193223587,University of Trento,,,IT,05trd4x28,,,"University of Trento, Italy",true,"Automatically extracted OpenAlex authorship/affiliation candidate; verify the author, institution, and location manually. OpenAlex author ID missing."
https://openalex.org/W3010699567,true,,"Boato, Giulia",middle,3,https://openalex.org/I193223587,University of Trento,,,IT,05trd4x28,,,"University of Trento, Italy",true,"Automatically extracted OpenAlex authorship/affiliation candidate; verify the author, institution, and location manually. OpenAlex author ID missing."
https://openalex.org/W3010699567,true,https://openalex.org/A5080842029,Luisa Verdoliva,last,4,https://openalex.org/I4210117450,Federico II University Hospital,,,IT,02jr6tp70,,,"University Federico II of Naples, Italy",true,"Automatically extracted OpenAlex authorship/affiliation candidate; verify the author, institution, and location manually."
https://openalex.org/W4312710588,true,https://openalex.org/A5003196471,Yonghyun Jeong,first,1,https://openalex.org/I60922564,Naver (South Korea),,,KR,04nzrnx83,,,"Clova, NAVER, Seongnam-si, South Korea",true,"Automatically extracted OpenAlex authorship/affiliation candidate; verify the author, institution, and location manually."
https://openalex.org/W4312710588,true,https://openalex.org/A5100652838,Doyeon Kim,middle,2,,,,,,,,,"LINE Plus, Seongnam-si, South Korea",true,"Automatically extracted OpenAlex authorship/affiliation candidate; verify the author, institution, and location manually. Structured institution missing; preserved raw affiliation text for manual resolution."
https://openalex.org/W4312710588,true,https://openalex.org/A5078628073,Youngmin Ro,middle,3,https://openalex.org/I124633538,University of Seoul,,,KR,05en5nh73,,,"Department of Artificial Intelligence, University of Seoul, Seoul, Korea",true,"Automatically extracted OpenAlex authorship/affiliation candidate; verify the author, institution, and location manually."
https://openalex.org/W4312710588,true,https://openalex.org/A5012345993,Pyounggeon Kim,middle,4,https://openalex.org/I2250650973,Samsung (South Korea),,,KR,04w3jy968,,,"Samsung SDS, Seongnam-si, South Korea",true,"Automatically extracted OpenAlex authorship/affiliation candidate; verify the author, institution, and location manually."
https://openalex.org/W4312710588,true,https://openalex.org/A5012345993,Pyounggeon Kim,middle,4,https://openalex.org/I4210088807,Samsung Pharm (South Korea),,,KR,003eds368,,,"Samsung SDS, Seongnam-si, South Korea",true,"Automatically extracted OpenAlex authorship/affiliation candidate; verify the author, institution, and location manually."
https://openalex.org/W4312710588,true,https://openalex.org/A5012345993,Pyounggeon Kim,middle,4,https://openalex.org/I67900169,Chung-Ang University,,,KR,01r024a98,,,"Department of Advanced Imaging, Chung-Ang University, Seoul, Korea",true,"Automatically extracted OpenAlex authorship/affiliation candidate; verify the author, institution, and location manually."
https://openalex.org/W4312710588,true,https://openalex.org/A5006852919,Jongwon Choi,last,5,https://openalex.org/I67900169,Chung-Ang University,,,KR,01r024a98,,,"Department of Advanced Imaging, Chung-Ang University, Seoul, Korea",true,"Automatically extracted OpenAlex authorship/affiliation candidate; verify the author, institution, and location manually."
https://openalex.org/W4394935852,true,https://openalex.org/A5070324338,Surbhi Raj,first,1,https://openalex.org/I132153292,Indian Institute of Technology Patna,,,IN,01ft5vz71,,,"Indian Institute of Technology Patna, India",true,"Automatically extracted OpenAlex authorship/affiliation candidate; verify the author, institution, and location manually."
https://openalex.org/W4394935852,true,https://openalex.org/A5081683515,Jimson Mathew,middle,2,https://openalex.org/I132153292,Indian Institute of Technology Patna,,,IN,01ft5vz71,,,"Indian Institute of Technology Patna, India",true,"Automatically extracted OpenAlex authorship/affiliation candidate; verify the author, institution, and location manually."
https://openalex.org/W4394935852,true,https://openalex.org/A5101597015,Arijit Mondal,last,3,https://openalex.org/I132153292,Indian Institute of Technology Patna,,,IN,01ft5vz71,,,"Indian Institute of Technology Patna, India",true,"Automatically extracted OpenAlex authorship/affiliation candidate; verify the author, institution, and location manually."
https://openalex.org/W4293518933,true,https://openalex.org/A5101810713,Mingxu Zhang,first,1,https://openalex.org/I24185976,Sichuan University,,,CN,011ashp19,,,"School of Cyber Science and Engineering, Sichuan University,Chengdu,China | School of Cyber Science and Engineering, Sichuan University, Chengdu, China",true,"Automatically extracted OpenAlex authorship/affiliation candidate; verify the author, institution, and location manually."
https://openalex.org/W4293518933,true,https://openalex.org/A5100373271,Hongxia Wang,middle,2,https://openalex.org/I24185976,Sichuan University,,,CN,011ashp19,,,"School of Cyber Science and Engineering, Sichuan University,Chengdu,China | School of Cyber Science and Engineering, Sichuan University, Chengdu, China",true,"Automatically extracted OpenAlex authorship/affiliation candidate; verify the author, institution, and location manually."
https://openalex.org/W4293518933,true,https://openalex.org/A5032866454,Peisong He,middle,3,https://openalex.org/I24185976,Sichuan University,,,CN,011ashp19,,,"School of Cyber Science and Engineering, Sichuan University,Chengdu,China | School of Cyber Science and Engineering, Sichuan University, Chengdu, China",true,"Automatically extracted OpenAlex authorship/affiliation candidate; verify the author, institution, and location manually."
https://openalex.org/W4293518933,true,https://openalex.org/A5004124220,Asad Malik,middle,4,https://openalex.org/I171210897,Aligarh Muslim University,,,IN,03kw9gc02,,,"Aligarh Muslim University,Department of Computer Science,Aligarh,India | Department of Computer Science, Aligarh Muslim University, Aligarh, India",true,"Automatically extracted OpenAlex authorship/affiliation candidate; verify the author, institution, and location manually."
https://openalex.org/W4293518933,true,https://openalex.org/A5103325940,Hanqing Liu,last,5,https://openalex.org/I24185976,Sichuan University,,,CN,011ashp19,,,"School of Cyber Science and Engineering, Sichuan University,Chengdu,China | School of Cyber Science and Engineering, Sichuan University, Chengdu, China",true,"Automatically extracted OpenAlex authorship/affiliation candidate; verify the author, institution, and location manually."
https://openalex.org/W4367000238,true,https://openalex.org/A5009016208,Pantelis Dogoulis,first,1,https://openalex.org/I4210093649,Information Technologies Institute,,,GR,0069akp70,,,"Information Technologies Institute CERTH, Greece",true,"Automatically extracted OpenAlex authorship/affiliation candidate; verify the author, institution, and location manually."
https://openalex.org/W4367000238,true,https://openalex.org/A5009016208,Pantelis Dogoulis,first,1,https://openalex.org/I4210134249,Centre for Research and Technology Hellas,,,GR,03bndpq63,,,"Information Technologies Institute CERTH, Greece",true,"Automatically extracted OpenAlex authorship/affiliation candidate; verify the author, institution, and location manually."
https://openalex.org/W4367000238,true,https://openalex.org/A5086670028,Giorgos Kordopatis-Zilos,middle,2,https://openalex.org/I4210093649,Information Technologies Institute,,,GR,0069akp70,,,"Czech Technical University in Prague, Czech Republic and Information Technologies Institute CERTH, Greece",true,"Automatically extracted OpenAlex authorship/affiliation candidate; verify the author, institution, and location manually."
https://openalex.org/W4367000238,true,https://openalex.org/A5086670028,Giorgos Kordopatis-Zilos,middle,2,https://openalex.org/I4210134249,Centre for Research and Technology Hellas,,,GR,03bndpq63,,,"Czech Technical University in Prague, Czech Republic and Information Technologies Institute CERTH, Greece",true,"Automatically extracted OpenAlex authorship/affiliation candidate; verify the author, institution, and location manually."
https://openalex.org/W4367000238,true,https://openalex.org/A5086670028,Giorgos Kordopatis-Zilos,middle,2,https://openalex.org/I44504214,Czech Technical University in Prague,,,CZ,03kqpb082,,,"Czech Technical University in Prague, Czech Republic and Information Technologies Institute CERTH, Greece",true,"Automatically extracted OpenAlex authorship/affiliation candidate; verify the author, institution, and location manually."
https://openalex.org/W4367000238,true,https://openalex.org/A5084122016,Ioannis Kompatsiaris,middle,3,https://openalex.org/I4210093649,Information Technologies Institute,,,GR,0069akp70,,,"Information Technologies Institute CERTH, Greece",true,"Automatically extracted OpenAlex authorship/affiliation candidate; verify the author, institution, and location manually."
https://openalex.org/W4367000238,true,https://openalex.org/A5084122016,Ioannis Kompatsiaris,middle,3,https://openalex.org/I4210134249,Centre for Research and Technology Hellas,,,GR,03bndpq63,,,"Information Technologies Institute CERTH, Greece",true,"Automatically extracted OpenAlex authorship/affiliation candidate; verify the author, institution, and location manually."
https://openalex.org/W4367000238,true,https://openalex.org/A5013616365,Symeon Papadopoulos,last,4,https://openalex.org/I4210093649,Information Technologies Institute,,,GR,0069akp70,,,"Information Technologies Institute CERTH, Greece",true,"Automatically extracted OpenAlex authorship/affiliation candidate; verify the author, institution, and location manually."
https://openalex.org/W4367000238,true,https://openalex.org/A5013616365,Symeon Papadopoulos,last,4,https://openalex.org/I4210134249,Centre for Research and Technology Hellas,,,GR,03bndpq63,,,"Information Technologies Institute CERTH, Greece",true,"Automatically extracted OpenAlex authorship/affiliation candidate; verify the author, institution, and location manually."
https://openalex.org/W4389370799,true,https://openalex.org/A5072035151,Quentin Bammey,first,1,https://openalex.org/I1294671590,Centre National de la Recherche Scientifique,,,FR,02feahw73,,,"Universit&#x00E9; Paris-Saclay, ENS Paris-Saclay, CNRS, Centre Borelli, Gif-sur-Yvette, France",true,"Automatically extracted OpenAlex authorship/affiliation candidate; verify the author, institution, and location manually."
https://openalex.org/W4389370799,true,https://openalex.org/A5072035151,Quentin Bammey,first,1,https://openalex.org/I277688954,Université Paris-Saclay,,,FR,03xjwb503,,,"Universit&#x00E9; Paris-Saclay, ENS Paris-Saclay, CNRS, Centre Borelli, Gif-sur-Yvette, France",true,"Automatically extracted OpenAlex authorship/affiliation candidate; verify the author, institution, and location manually."
https://openalex.org/W4384268537,true,https://openalex.org/A5017480901,Ruipeng Ma,first,1,,,,,,,,,,true,"Automatically extracted OpenAlex authorship/affiliation candidate; verify the author, institution, and location manually. No affiliation information provided by OpenAlex for this authorship."
https://openalex.org/W4384268537,true,https://openalex.org/A5073311852,Jinhao Duan,middle,2,,,,,,,,,,true,"Automatically extracted OpenAlex authorship/affiliation candidate; verify the author, institution, and location manually. No affiliation information provided by OpenAlex for this authorship."
https://openalex.org/W4384268537,true,https://openalex.org/A5101865461,Fei Kong,middle,3,,,,,,,,,,true,"Automatically extracted OpenAlex authorship/affiliation candidate; verify the author, institution, and location manually. No affiliation information provided by OpenAlex for this authorship."
https://openalex.org/W4384268537,true,https://openalex.org/A5069008709,Xiaoshuang Shi,middle,4,,,,,,,,,,true,"Automatically extracted OpenAlex authorship/affiliation candidate; verify the author, institution, and location manually. No affiliation information provided by OpenAlex for this authorship."
https://openalex.org/W4384268537,true,https://openalex.org/A5102775611,Kaidi Xu,last,5,,,,,,,,,,true,"Automatically extracted OpenAlex authorship/affiliation candidate; verify the author, institution, and location manually. No affiliation information provided by OpenAlex for this authorship."
https://openalex.org/W2973074956,true,https://openalex.org/A5029401291,Xuan Ni,first,1,https://openalex.org/I50760025,Hangzhou Dianzi University,,,CN,0576gt767,,,"School of Cyberspace, Hangzhou Dianzi University, Hangzhou, China",true,"Automatically extracted OpenAlex authorship/affiliation candidate; verify the author, institution, and location manually."
https://openalex.org/W2973074956,true,https://openalex.org/A5008797609,Linqiang Chen,middle,2,https://openalex.org/I50760025,Hangzhou Dianzi University,,,CN,0576gt767,,,"School of Cyberspace, Hangzhou Dianzi University, Hangzhou, China",true,"Automatically extracted OpenAlex authorship/affiliation candidate; verify the author, institution, and location manually."
https://openalex.org/W2973074956,true,https://openalex.org/A5077436281,Lifeng Yuan,middle,3,https://openalex.org/I50760025,Hangzhou Dianzi University,,,CN,0576gt767,,,"School of Cyberspace, Hangzhou Dianzi University, Hangzhou, China",true,"Automatically extracted OpenAlex authorship/affiliation candidate; verify the author, institution, and location manually."
https://openalex.org/W2973074956,true,https://openalex.org/A5082195875,Guohua Wu,middle,4,https://openalex.org/I50760025,Hangzhou Dianzi University,,,CN,0576gt767,,,"School of Cyberspace, Hangzhou Dianzi University, Hangzhou, China",true,"Automatically extracted OpenAlex authorship/affiliation candidate; verify the author, institution, and location manually."
https://openalex.org/W2973074956,true,https://openalex.org/A5014862300,Ye Yao,last,5,https://openalex.org/I50760025,Hangzhou Dianzi University,,,CN,0576gt767,,,"School of Cyberspace, Hangzhou Dianzi University, Hangzhou, China",true,"Automatically extracted OpenAlex authorship/affiliation candidate; verify the author, institution, and location manually."
https://openalex.org/W3034196597,true,https://openalex.org/A5100718438,Lingzhi Li,first,1,https://openalex.org/I20231570,Peking University,,,CN,02v51f717,,,Peking University,true,"Automatically extracted OpenAlex authorship/affiliation candidate; verify the author, institution, and location manually."
https://openalex.org/W3034196597,true,https://openalex.org/A5074566006,Jianmin Bao,middle,2,https://openalex.org/I4210113369,Microsoft Research Asia (China),,,CN,0300m5276,,,Microsoft Research Asia,true,"Automatically extracted OpenAlex authorship/affiliation candidate; verify the author, institution, and location manually."
https://openalex.org/W3034196597,true,https://openalex.org/A5102854541,Ting Zhang,middle,3,https://openalex.org/I4210113369,Microsoft Research Asia (China),,,CN,0300m5276,,,Microsoft Research Asia,true,"Automatically extracted OpenAlex authorship/affiliation candidate; verify the author, institution, and location manually."
https://openalex.org/W3034196597,true,https://openalex.org/A5101861496,Hao Yang,middle,4,https://openalex.org/I4210113369,Microsoft Research Asia (China),,,CN,0300m5276,,,Microsoft Research Asia,true,"Automatically extracted OpenAlex authorship/affiliation candidate; verify the author, institution, and location manually."
https://openalex.org/W3034196597,true,https://openalex.org/A5101487157,Dong Chen,middle,5,https://openalex.org/I4210113369,Microsoft Research Asia (China),,,CN,0300m5276,,,Microsoft Research Asia,true,"Automatically extracted OpenAlex authorship/affiliation candidate; verify the author, institution, and location manually."
https://openalex.org/W3034196597,true,https://openalex.org/A5070617771,Fang Wen,middle,6,https://openalex.org/I4210113369,Microsoft Research Asia (China),,,CN,0300m5276,,,Microsoft Research Asia,true,"Automatically extracted OpenAlex authorship/affiliation candidate; verify the author, institution, and location manually."
https://openalex.org/W3034196597,true,https://openalex.org/A5101666011,Baining Guo,last,7,https://openalex.org/I4210113369,Microsoft Research Asia (China),,,CN,0300m5276,,,Microsoft Research Asia,true,"Automatically extracted OpenAlex authorship/affiliation candidate; verify the author, institution, and location manually."
https://openalex.org/W4410706528,true,https://openalex.org/A5094282392,Patrick Grommelt,first,1,https://openalex.org/I3019415892,Fraunhofer Institute for Industrial Mathematics,,,DE,019hjw009,,,"Competence Center High Performance Computing, Fraunhofer ITWM, Kaiserslautern, Germany",true,"Automatically extracted OpenAlex authorship/affiliation candidate; verify the author, institution, and location manually."
https://openalex.org/W4410706528,true,https://openalex.org/A5094282392,Patrick Grommelt,first,1,https://openalex.org/I4210150545,Supply Chain Competence Center (Germany),,,DE,04rbcv404,,,"Competence Center High Performance Computing, Fraunhofer ITWM, Kaiserslautern, Germany",true,"Automatically extracted OpenAlex authorship/affiliation candidate; verify the author, institution, and location manually."
https://openalex.org/W4410706528,true,https://openalex.org/A5094282392,Patrick Grommelt,first,1,https://openalex.org/I913140155,Offenburg University of Applied Sciences,,,DE,03zh5eq96,,,"Institute of Machine Learning and Analysis (IMLA), Offenburg University, Offenburg, Germany",true,"Automatically extracted OpenAlex authorship/affiliation candidate; verify the author, institution, and location manually."
https://openalex.org/W4410706528,true,https://openalex.org/A5109696721,Louis Weiss,middle,2,https://openalex.org/I3019415892,Fraunhofer Institute for Industrial Mathematics,,,DE,019hjw009,,,"Competence Center High Performance Computing, Fraunhofer ITWM, Kaiserslautern, Germany",true,"Automatically extracted OpenAlex authorship/affiliation candidate; verify the author, institution, and location manually."
https://openalex.org/W4410706528,true,https://openalex.org/A5109696721,Louis Weiss,middle,2,https://openalex.org/I4210150545,Supply Chain Competence Center (Germany),,,DE,04rbcv404,,,"Competence Center High Performance Computing, Fraunhofer ITWM, Kaiserslautern, Germany",true,"Automatically extracted OpenAlex authorship/affiliation candidate; verify the author, institution, and location manually."
https://openalex.org/W4410706528,true,https://openalex.org/A5109696721,Louis Weiss,middle,2,https://openalex.org/I913140155,Offenburg University of Applied Sciences,,,DE,03zh5eq96,,,"Institute of Machine Learning and Analysis (IMLA), Offenburg University, Offenburg, Germany",true,"Automatically extracted OpenAlex authorship/affiliation candidate; verify the author, institution, and location manually."
https://openalex.org/W4410706528,true,https://openalex.org/A5011407203,Franz‐Josef Pfreundt,middle,3,https://openalex.org/I3019415892,Fraunhofer Institute for Industrial Mathematics,,,DE,019hjw009,,,"Competence Center High Performance Computing, Fraunhofer ITWM, Kaiserslautern, Germany",true,"Automatically extracted OpenAlex authorship/affiliation candidate; verify the author, institution, and location manually."
https://openalex.org/W4410706528,true,https://openalex.org/A5011407203,Franz‐Josef Pfreundt,middle,3,https://openalex.org/I4210150545,Supply Chain Competence Center (Germany),,,DE,04rbcv404,,,"Competence Center High Performance Computing, Fraunhofer ITWM, Kaiserslautern, Germany",true,"Automatically extracted OpenAlex authorship/affiliation candidate; verify the author, institution, and location manually."
https://openalex.org/W4410706528,true,https://openalex.org/A5083785142,Janis Keuper,last,4,https://openalex.org/I177802217,University of Mannheim,,,DE,031bsb921,,,"University of Mannheim, Mannheim, Germany",true,"Automatically extracted OpenAlex authorship/affiliation candidate; verify the author, institution, and location manually."
https://openalex.org/W4410706528,true,https://openalex.org/A5083785142,Janis Keuper,last,4,https://openalex.org/I913140155,Offenburg University of Applied Sciences,,,DE,03zh5eq96,,,"Institute of Machine Learning and Analysis (IMLA), Offenburg University, Offenburg, Germany",true,"Automatically extracted OpenAlex authorship/affiliation candidate; verify the author, institution, and location manually."
https://openalex.org/W4206030296,true,https://openalex.org/A5085769320,Davide Cozzolino,first,1,https://openalex.org/I4210117450,Federico II University Hospital,,,IT,02jr6tp70,,,"University Federico II of Naples,Italy | University Federico II of Naples, Italy",true,"Automatically extracted OpenAlex authorship/affiliation candidate; verify the author, institution, and location manually."
https://openalex.org/W4206030296,true,https://openalex.org/A5038476909,Diego Gragnaniello,middle,2,https://openalex.org/I4210117450,Federico II University Hospital,,,IT,02jr6tp70,,,"University Federico II of Naples,Italy | University Federico II of Naples, Italy",true,"Automatically extracted OpenAlex authorship/affiliation candidate; verify the author, institution, and location manually."
https://openalex.org/W4206030296,true,https://openalex.org/A5081981044,Giovanni Poggi,middle,3,https://openalex.org/I4210117450,Federico II University Hospital,,,IT,02jr6tp70,,,"University Federico II of Naples,Italy | University Federico II of Naples, Italy",true,"Automatically extracted OpenAlex authorship/affiliation candidate; verify the author, institution, and location manually."
https://openalex.org/W4206030296,true,https://openalex.org/A5080842029,Luisa Verdoliva,last,4,https://openalex.org/I4210117450,Federico II University Hospital,,,IT,02jr6tp70,,,"University Federico II of Naples,Italy | University Federico II of Naples, Italy",true,"Automatically extracted OpenAlex authorship/affiliation candidate; verify the author, institution, and location manually."
https://openalex.org/W4392623241,true,https://openalex.org/A5060702304,Luca Guarnera,first,1,https://openalex.org/I39063666,University of Catania,,,IT,03a64bh57,,,"Department of Mathematics and Computer Science, University of Catania, Catania, Italy",true,"Automatically extracted OpenAlex authorship/affiliation candidate; verify the author, institution, and location manually."
https://openalex.org/W4392623241,true,https://openalex.org/A5014104390,Oliver Giudice,middle,2,https://openalex.org/I103737770,Bank of Italy,,,IT,03v2nbx43,,,"Banca d'Italia, Roma, Italy | Banca D'Italia, Applied Research Team, IT dept., Rome, Italy",true,"Automatically extracted OpenAlex authorship/affiliation candidate; verify the author, institution, and location manually."
https://openalex.org/W4392623241,true,https://openalex.org/A5042746008,Sebastiano Battiato,last,3,https://openalex.org/I39063666,University of Catania,,,IT,03a64bh57,,,"Department of Mathematics and Computer Science, University of Catania, Catania, Italy",true,"Automatically extracted OpenAlex authorship/affiliation candidate; verify the author, institution, and location manually."
https://openalex.org/W3034795015,true,https://openalex.org/A5014239420,Zhengzhe Liu,first,1,https://openalex.org/I40120149,University of Oxford,,,GB,052gg0110,,,University of Oxford,true,"Automatically extracted OpenAlex authorship/affiliation candidate; verify the author, institution, and location manually."
https://openalex.org/W3034795015,true,https://openalex.org/A5102498323,Xiaojuan Qi,middle,2,https://openalex.org/I40120149,University of Oxford,,,GB,052gg0110,,,University of Oxford,true,"Automatically extracted OpenAlex authorship/affiliation candidate; verify the author, institution, and location manually."
https://openalex.org/W3034795015,true,https://openalex.org/A5102498323,Xiaojuan Qi,middle,2,https://openalex.org/I889458895,University of Hong Kong,,,HK,02zhqgq86,,,The University of Hong Kong,true,"Automatically extracted OpenAlex authorship/affiliation candidate; verify the author, institution, and location manually."
https://openalex.org/W3034795015,true,https://openalex.org/A5042899882,Philip H. S. Torr,last,3,https://openalex.org/I40120149,University of Oxford,,,GB,052gg0110,,,University of Oxford,true,"Automatically extracted OpenAlex authorship/affiliation candidate; verify the author, institution, and location manually."
https://openalex.org/W3179128750,true,https://openalex.org/A5110832532,Michael Goebel,first,1,https://openalex.org/I154570441,"University of California, Santa Barbara",,,US,02t274463,,,"University of California Santa Barbara, California",true,"Automatically extracted OpenAlex authorship/affiliation candidate; verify the author, institution, and location manually."
https://openalex.org/W3179128750,true,https://openalex.org/A5110832532,Michael Goebel,first,1,https://openalex.org/I4210123064,Mayachitra (United States),,,US,02pvba079,,,"Mayachitra, Inc. Santa Barbara, California | Mayachitra, Inc",true,"Automatically extracted OpenAlex authorship/affiliation candidate; verify the author, institution, and location manually."
https://openalex.org/W3179128750,true,https://openalex.org/A5042091237,Lakshmanan Nataraj,middle,2,https://openalex.org/I154570441,"University of California, Santa Barbara",,,US,02t274463,,,"University of California Santa Barbara, California",true,"Automatically extracted OpenAlex authorship/affiliation candidate; verify the author, institution, and location manually."
https://openalex.org/W3179128750,true,https://openalex.org/A5042091237,Lakshmanan Nataraj,middle,2,https://openalex.org/I4210123064,Mayachitra (United States),,,US,02pvba079,,,"Mayachitra, Inc. Santa Barbara, California | Mayachitra, Inc",true,"Automatically extracted OpenAlex authorship/affiliation candidate; verify the author, institution, and location manually."
https://openalex.org/W3179128750,true,https://openalex.org/A5076005202,Tejaswi Nanjundaswamy,middle,3,https://openalex.org/I154570441,"University of California, Santa Barbara",,,US,02t274463,,,"University of California Santa Barbara, California",true,"Automatically extracted OpenAlex authorship/affiliation candidate; verify the author, institution, and location manually."
https://openalex.org/W3179128750,true,https://openalex.org/A5076005202,Tejaswi Nanjundaswamy,middle,3,https://openalex.org/I4210123064,Mayachitra (United States),,,US,02pvba079,,,"Mayachitra, Inc. Santa Barbara, California | Mayachitra, Inc",true,"Automatically extracted OpenAlex authorship/affiliation candidate; verify the author, institution, and location manually."
https://openalex.org/W3179128750,true,https://openalex.org/A5108745743,Tajuddin Manhar Mohammed,middle,4,https://openalex.org/I154570441,"University of California, Santa Barbara",,,US,02t274463,,,"University of California Santa Barbara, California",true,"Automatically extracted OpenAlex authorship/affiliation candidate; verify the author, institution, and location manually."
https://openalex.org/W3179128750,true,https://openalex.org/A5108745743,Tajuddin Manhar Mohammed,middle,4,https://openalex.org/I4210123064,Mayachitra (United States),,,US,02pvba079,,,"Mayachitra, Inc. Santa Barbara, California | Mayachitra, Inc",true,"Automatically extracted OpenAlex authorship/affiliation candidate; verify the author, institution, and location manually."
https://openalex.org/W3179128750,true,https://openalex.org/A5009022144,Shivkumar Chandrasekaran,middle,5,https://openalex.org/I154570441,"University of California, Santa Barbara",,,US,02t274463,,,"University of California Santa Barbara, California",true,"Automatically extracted OpenAlex authorship/affiliation candidate; verify the author, institution, and location manually."
https://openalex.org/W3179128750,true,https://openalex.org/A5009022144,Shivkumar Chandrasekaran,middle,5,https://openalex.org/I4210123064,Mayachitra (United States),,,US,02pvba079,,,"Mayachitra, Inc | Mayachitra, Inc. Santa Barbara, California",true,"Automatically extracted OpenAlex authorship/affiliation candidate; verify the author, institution, and location manually."
https://openalex.org/W3179128750,true,https://openalex.org/A5071938464,B.S. Manjunath,last,6,https://openalex.org/I154570441,"University of California, Santa Barbara",,,US,02t274463,,,"University of California Santa Barbara, California",true,"Automatically extracted OpenAlex authorship/affiliation candidate; verify the author, institution, and location manually."
https://openalex.org/W3179128750,true,https://openalex.org/A5071938464,B.S. Manjunath,last,6,https://openalex.org/I4210123064,Mayachitra (United States),,,US,02pvba079,,,"Mayachitra, Inc | Mayachitra, Inc. Santa Barbara, California",true,"Automatically extracted OpenAlex authorship/affiliation candidate; verify the author, institution, and location manually."
https://openalex.org/W3166640306,true,,Guihua Tang,first,1,https://openalex.org/I169689159,PLA Information Engineering University,,,CN,00mm1qk40,,,"Information Engineering University, Zhengzhou 450001, China",true,"Automatically extracted OpenAlex authorship/affiliation candidate; verify the author, institution, and location manually. OpenAlex author ID missing."
https://openalex.org/W3166640306,true,https://openalex.org/A5100777482,Lei Sun,middle,2,https://openalex.org/I169689159,PLA Information Engineering University,,,CN,00mm1qk40,,,"Information Engineering University, Zhengzhou 450001, China",true,"Automatically extracted OpenAlex authorship/affiliation candidate; verify the author, institution, and location manually."
https://openalex.org/W3166640306,true,https://openalex.org/A5049423121,Xiuqing Mao,middle,3,https://openalex.org/I169689159,PLA Information Engineering University,,,CN,00mm1qk40,,,"Information Engineering University, Zhengzhou 450001, China",true,"Automatically extracted OpenAlex authorship/affiliation candidate; verify the author, institution, and location manually."
https://openalex.org/W3166640306,true,https://openalex.org/A5101637698,Song Guo,middle,4,https://openalex.org/I169689159,PLA Information Engineering University,,,CN,00mm1qk40,,,"Information Engineering University, Zhengzhou 450001, China",true,"Automatically extracted OpenAlex authorship/affiliation candidate; verify the author, institution, and location manually."
https://openalex.org/W3166640306,true,https://openalex.org/A5068293303,Hongmeng Zhang,middle,5,https://openalex.org/I169689159,PLA Information Engineering University,,,CN,00mm1qk40,,,"Information Engineering University, Zhengzhou 450001, China",true,"Automatically extracted OpenAlex authorship/affiliation candidate; verify the author, institution, and location manually."
https://openalex.org/W3166640306,true,https://openalex.org/A5100403898,Xiaoqin Wang,last,6,https://openalex.org/I169689159,PLA Information Engineering University,,,CN,00mm1qk40,,,"Information Engineering University, Zhengzhou 450001, China",true,"Automatically extracted OpenAlex authorship/affiliation candidate; verify the author, institution, and location manually."
https://openalex.org/W4381620941,true,https://openalex.org/A5100657455,Yun Liu,first,1,https://openalex.org/I118803816,Liaoning University,,,CN,03xpwj629,,,"College of Information, Liaoning University, Shenyang 110036, China",true,"Automatically extracted OpenAlex authorship/affiliation candidate; verify the author, institution, and location manually."
https://openalex.org/W4381620941,true,https://openalex.org/A5006857671,Zuliang Wan,middle,2,https://openalex.org/I118803816,Liaoning University,,,CN,03xpwj629,,,"College of Information, Liaoning University, Shenyang 110036, China",true,"Automatically extracted OpenAlex authorship/affiliation candidate; verify the author, institution, and location manually."
https://openalex.org/W4381620941,true,https://openalex.org/A5021839629,Xiaohua Yin,middle,3,https://openalex.org/I118803816,Liaoning University,,,CN,03xpwj629,,,"College of Information, Liaoning University, Shenyang 110036, China",true,"Automatically extracted OpenAlex authorship/affiliation candidate; verify the author, institution, and location manually."
https://openalex.org/W4381620941,true,https://openalex.org/A5030883042,Guanghui Yue,middle,4,https://openalex.org/I4210145292,Shenzhen University Health Science Center,,,CN,04yjbr930,,,"School of Biomedical Engineering, Health Science Center, Shenzhen University, Shenzhen 518000, China",true,"Automatically extracted OpenAlex authorship/affiliation candidate; verify the author, institution, and location manually."
https://openalex.org/W4381620941,true,https://openalex.org/A5059033429,Aiping Tan,middle,5,https://openalex.org/I118803816,Liaoning University,,,CN,03xpwj629,,,"College of Information, Liaoning University, Shenyang 110036, China",true,"Automatically extracted OpenAlex authorship/affiliation candidate; verify the author, institution, and location manually."
https://openalex.org/W4381620941,true,https://openalex.org/A5101893088,Zhi Zheng,last,6,https://openalex.org/I21193070,Beijing Jiaotong University,,,CN,01yj56c84,,,"Department of Electronic and Information Engineering, Beijing Jiaotong University, Beijing 100000, China",true,"Automatically extracted OpenAlex authorship/affiliation candidate; verify the author, institution, and location manually."
https://openalex.org/W2970868842,true,https://openalex.org/A5007305393,Chih–Chung Hsu,first,1,https://openalex.org/I16566446,National Pingtung University of Science and Technology,,,TW,01y6ccj36,,,"Department of Management Information System, National Pingtung University of Science and Technology, 1, Shuefu Road, Neipu, Pingtung 91201, Taiwan",true,"Automatically extracted OpenAlex authorship/affiliation candidate; verify the author, institution, and location manually."
https://openalex.org/W2970868842,true,https://openalex.org/A5109434558,Yi-Xiu Zhuang,middle,2,https://openalex.org/I16566446,National Pingtung University of Science and Technology,,,TW,01y6ccj36,,,"Department of Management Information System, National Pingtung University of Science and Technology, 1, Shuefu Road, Neipu, Pingtung 91201, Taiwan",true,"Automatically extracted OpenAlex authorship/affiliation candidate; verify the author, institution, and location manually."
https://openalex.org/W2970868842,true,https://openalex.org/A5102842962,Chia‐Yen Lee,last,3,https://openalex.org/I125934054,National United University,,,TW,04twccc71,,,"Department of Electrical Engineering, National United University, 2, Lienda, Miaoli 36063, Taiwan",true,"Automatically extracted OpenAlex authorship/affiliation candidate; verify the author, institution, and location manually."
https://openalex.org/W2975558816,true,https://openalex.org/A5042091237,Lakshmanan Nataraj,first,1,https://openalex.org/I103635307,"University of California, Riverside",,,US,03nawhv43,,,"University of California, Riverside, California, USA",true,"Automatically extracted OpenAlex authorship/affiliation candidate; verify the author, institution, and location manually."
https://openalex.org/W2975558816,true,https://openalex.org/A5042091237,Lakshmanan Nataraj,first,1,https://openalex.org/I2802749333,Naval Air Warfare Center Weapons Division,,,US,03cap2a49,,,"Arjuna Flenner; Naval Air Warfare Center Weapons Division, China Lake, California, USA",true,"Automatically extracted OpenAlex authorship/affiliation candidate; verify the author, institution, and location manually."
https://openalex.org/W2975558816,true,https://openalex.org/A5042091237,Lakshmanan Nataraj,first,1,https://openalex.org/I4210123064,Mayachitra (United States),,,US,02pvba079,,,"Mayachitra Inc., Santa Barbara, California, USA",true,"Automatically extracted OpenAlex authorship/affiliation candidate; verify the author, institution, and location manually."
https://openalex.org/W2975558816,true,https://openalex.org/A5108745743,Tajuddin Manhar Mohammed,middle,2,https://openalex.org/I103635307,"University of California, Riverside",,,US,03nawhv43,,,"University of California, Riverside, California, USA",true,"Automatically extracted OpenAlex authorship/affiliation candidate; verify the author, institution, and location manually."
https://openalex.org/W2975558816,true,https://openalex.org/A5108745743,Tajuddin Manhar Mohammed,middle,2,https://openalex.org/I2802749333,Naval Air Warfare Center Weapons Division,,,US,03cap2a49,,,"Arjuna Flenner; Naval Air Warfare Center Weapons Division, China Lake, California, USA",true,"Automatically extracted OpenAlex authorship/affiliation candidate; verify the author, institution, and location manually."
https://openalex.org/W2975558816,true,https://openalex.org/A5108745743,Tajuddin Manhar Mohammed,middle,2,https://openalex.org/I4210123064,Mayachitra (United States),,,US,02pvba079,,,"Mayachitra Inc., Santa Barbara, California, USA",true,"Automatically extracted OpenAlex authorship/affiliation candidate; verify the author, institution, and location manually."
https://openalex.org/W2975558816,true,https://openalex.org/A5071938464,B.S. Manjunath,middle,3,https://openalex.org/I103635307,"University of California, Riverside",,,US,03nawhv43,,,"University of California, Riverside, California, USA",true,"Automatically extracted OpenAlex authorship/affiliation candidate; verify the author, institution, and location manually."
https://openalex.org/W2975558816,true,https://openalex.org/A5071938464,B.S. Manjunath,middle,3,https://openalex.org/I2802749333,Naval Air Warfare Center Weapons Division,,,US,03cap2a49,,,"Arjuna Flenner; Naval Air Warfare Center Weapons Division, China Lake, California, USA",true,"Automatically extracted OpenAlex authorship/affiliation candidate; verify the author, institution, and location manually."
https://openalex.org/W2975558816,true,https://openalex.org/A5071938464,B.S. Manjunath,middle,3,https://openalex.org/I4210123064,Mayachitra (United States),,,US,02pvba079,,,"Mayachitra Inc., Santa Barbara, California, USA",true,"Automatically extracted OpenAlex authorship/affiliation candidate; verify the author, institution, and location manually."
https://openalex.org/W2975558816,true,https://openalex.org/A5009022144,Shivkumar Chandrasekaran,middle,4,https://openalex.org/I103635307,"University of California, Riverside",,,US,03nawhv43,,,"University of California, Riverside, California, USA",true,"Automatically extracted OpenAlex authorship/affiliation candidate; verify the author, institution, and location manually."
https://openalex.org/W2975558816,true,https://openalex.org/A5009022144,Shivkumar Chandrasekaran,middle,4,https://openalex.org/I2802749333,Naval Air Warfare Center Weapons Division,,,US,03cap2a49,,,"Arjuna Flenner; Naval Air Warfare Center Weapons Division, China Lake, California, USA",true,"Automatically extracted OpenAlex authorship/affiliation candidate; verify the author, institution, and location manually."
https://openalex.org/W2975558816,true,https://openalex.org/A5009022144,Shivkumar Chandrasekaran,middle,4,https://openalex.org/I4210123064,Mayachitra (United States),,,US,02pvba079,,,"Mayachitra Inc., Santa Barbara, California, USA",true,"Automatically extracted OpenAlex authorship/affiliation candidate; verify the author, institution, and location manually."
https://openalex.org/W2975558816,true,https://openalex.org/A5006315010,Arjuna Flenner,middle,5,,,,,,,,,,true,"Automatically extracted OpenAlex authorship/affiliation candidate; verify the author, institution, and location manually. No affiliation information provided by OpenAlex for this authorship."
https://openalex.org/W2975558816,true,https://openalex.org/A5083174228,Jawadul H. Bappy,middle,6,https://openalex.org/I103635307,"University of California, Riverside",,,US,03nawhv43,,,"University of California, Riverside, California, USA",true,"Automatically extracted OpenAlex authorship/affiliation candidate; verify the author, institution, and location manually."
https://openalex.org/W2975558816,true,https://openalex.org/A5083174228,Jawadul H. Bappy,middle,6,https://openalex.org/I2802749333,Naval Air Warfare Center Weapons Division,,,US,03cap2a49,,,"Arjuna Flenner; Naval Air Warfare Center Weapons Division, China Lake, California, USA",true,"Automatically extracted OpenAlex authorship/affiliation candidate; verify the author, institution, and location manually."
https://openalex.org/W2975558816,true,https://openalex.org/A5083174228,Jawadul H. Bappy,middle,6,https://openalex.org/I4210123064,Mayachitra (United States),,,US,02pvba079,,,"Mayachitra Inc., Santa Barbara, California, USA",true,"Automatically extracted OpenAlex authorship/affiliation candidate; verify the author, institution, and location manually."
https://openalex.org/W2975558816,true,https://openalex.org/A5004732580,Amit K. Roy–Chowdhury,last,7,,,,,,,,,,true,"Automatically extracted OpenAlex authorship/affiliation candidate; verify the author, institution, and location manually. No affiliation information provided by OpenAlex for this authorship."
https://openalex.org/W2978778164,true,https://openalex.org/A5038286261,Francesco Marra,first,1,https://openalex.org/I4210117450,Federico II University Hospital,,,IT,02jr6tp70,,,"University Federico II of Naples, Italy | University Federico II of Naples,Italy",true,"Automatically extracted OpenAlex authorship/affiliation candidate; verify the author, institution, and location manually."
https://openalex.org/W2978778164,true,https://openalex.org/A5079316363,Cristiano Saltori,middle,2,https://openalex.org/I193223587,University of Trento,,,IT,05trd4x28,,,"University of Trento, Italy",true,"Automatically extracted OpenAlex authorship/affiliation candidate; verify the author, institution, and location manually."
https://openalex.org/W2978778164,true,https://openalex.org/A5028899632,Giulia Boato,middle,3,https://openalex.org/I193223587,University of Trento,,,IT,05trd4x28,,,"University of Trento, Italy",true,"Automatically extracted OpenAlex authorship/affiliation candidate; verify the author, institution, and location manually."
https://openalex.org/W2978778164,true,https://openalex.org/A5080842029,Luisa Verdoliva,last,4,https://openalex.org/I4210117450,Federico II University Hospital,,,IT,02jr6tp70,,,"University Federico II of Naples, Italy | University Federico II of Naples,Italy",true,"Automatically extracted OpenAlex authorship/affiliation candidate; verify the author, institution, and location manually."
https://openalex.org/W4401108337,true,https://openalex.org/A5060702304,Luca Guarnera,first,1,https://openalex.org/I39063666,University of Catania,,,IT,03a64bh57,,,"Department of Mathematics and Computer Science, University of Catania, Catania, Italy",true,"Automatically extracted OpenAlex authorship/affiliation candidate; verify the author, institution, and location manually."
https://openalex.org/W4401108337,true,https://openalex.org/A5014104390,Oliver Giudice,middle,2,https://openalex.org/I103737770,Bank of Italy,,,IT,03v2nbx43,,,"Banca D’Italia, Applied Research Team, IT Department, Rome, Italy",true,"Automatically extracted OpenAlex authorship/affiliation candidate; verify the author, institution, and location manually."
https://openalex.org/W4401108337,true,https://openalex.org/A5042746008,Sebastiano Battiato,last,3,https://openalex.org/I39063666,University of Catania,,,IT,03a64bh57,,,"Department of Mathematics and Computer Science, University of Catania, Catania, Italy",true,"Automatically extracted OpenAlex authorship/affiliation candidate; verify the author, institution, and location manually."
https://openalex.org/W3139320333,true,https://openalex.org/A5039149817,Samaksh Agarwal,first,1,https://openalex.org/I191972202,Amity University,,,IN,02n9z0v62,,,"Amity University, Noida, UP, India",true,"Automatically extracted OpenAlex authorship/affiliation candidate; verify the author, institution, and location manually."
https://openalex.org/W3139320333,true,https://openalex.org/A5088364254,Nancy Girdhar,middle,2,https://openalex.org/I191972202,Amity University,,,IN,02n9z0v62,,,"Amity University, Noida, UP, India",true,"Automatically extracted OpenAlex authorship/affiliation candidate; verify the author, institution, and location manually."
https://openalex.org/W3139320333,true,https://openalex.org/A5077035977,Himanshu Raghav,last,3,https://openalex.org/I191972202,Amity University,,,IN,02n9z0v62,,,"Amity University, Noida, UP, India",true,"Automatically extracted OpenAlex authorship/affiliation candidate; verify the author, institution, and location manually."
https://openalex.org/W4416252268,true,https://openalex.org/A5103137030,Pietro Bongini,first,1,https://openalex.org/I102064193,University of Siena,,,IT,01tevnk56,,,"University of Siena,Department of Information Engineering an Mathematics,Italy",true,"Automatically extracted OpenAlex authorship/affiliation candidate; verify the author, institution, and location manually."
https://openalex.org/W4416252268,true,https://openalex.org/A5043644234,Sara Mandelli,middle,2,https://openalex.org/I93860229,Politecnico di Milano,,,IT,01nffqt88,,,"Politecnico di Milano,Department of Electronics, Informatics, and Bioengineering,Italy",true,"Automatically extracted OpenAlex authorship/affiliation candidate; verify the author, institution, and location manually."
https://openalex.org/W4416252268,true,https://openalex.org/A5065331865,Andrea Montibeller,middle,3,https://openalex.org/I193223587,University of Trento,,,IT,05trd4x28,,,"University of Trento,Department of Information Engineering and Computer Science,Italy",true,"Automatically extracted OpenAlex authorship/affiliation candidate; verify the author, institution, and location manually."
https://openalex.org/W4416252268,true,https://openalex.org/A5083466950,Mirko Casu,middle,4,https://openalex.org/I39063666,University of Catania,,,IT,03a64bh57,,,"University of Catania,Department of Mathematics and Computer Science,Italy",true,"Automatically extracted OpenAlex authorship/affiliation candidate; verify the author, institution, and location manually."
https://openalex.org/W4416252268,true,https://openalex.org/A5093875947,Orazio Pontorno,middle,5,https://openalex.org/I39063666,University of Catania,,,IT,03a64bh57,,,"University of Catania,Department of Mathematics and Computer Science,Italy",true,"Automatically extracted OpenAlex authorship/affiliation candidate; verify the author, institution, and location manually."
https://openalex.org/W4416252268,true,https://openalex.org/A5094246358,Claudio Vittorio Ragaglia,middle,6,https://openalex.org/I39063666,University of Catania,,,IT,03a64bh57,,,"University of Catania,Department of Mathematics and Computer Science,Italy",true,"Automatically extracted OpenAlex authorship/affiliation candidate; verify the author, institution, and location manually."
https://openalex.org/W4416252268,true,https://openalex.org/A5120025463,Luca Zanchetta,middle,7,https://openalex.org/I861853513,Sapienza University of Rome,,,IT,02be6w209,,,"Sapienza University of Rome,Departement of Computer, Control and Management Engineering,Italy",true,"Automatically extracted OpenAlex authorship/affiliation candidate; verify the author, institution, and location manually."
https://openalex.org/W4416252268,true,https://openalex.org/A5120354561,Mattia Aquilina,middle,8,https://openalex.org/I861853513,Sapienza University of Rome,,,IT,02be6w209,,,"Sapienza University of Rome,Departement of Computer, Control and Management Engineering,Italy",true,"Automatically extracted OpenAlex authorship/affiliation candidate; verify the author, institution, and location manually."
https://openalex.org/W4416252268,true,https://openalex.org/A5018100486,Taiba Majid Wani,middle,9,https://openalex.org/I861853513,Sapienza University of Rome,,,IT,02be6w209,,,"Sapienza University of Rome,Departement of Computer, Control and Management Engineering,Italy",true,"Automatically extracted OpenAlex authorship/affiliation candidate; verify the author, institution, and location manually."
https://openalex.org/W4416252268,true,https://openalex.org/A5060702304,Luca Guarnera,middle,10,https://openalex.org/I39063666,University of Catania,,,IT,03a64bh57,,,"University of Catania,Department of Mathematics and Computer Science,Italy",true,"Automatically extracted OpenAlex authorship/affiliation candidate; verify the author, institution, and location manually."
https://openalex.org/W4416252268,true,https://openalex.org/A5026139768,Benedetta Tondi,middle,11,https://openalex.org/I102064193,University of Siena,,,IT,01tevnk56,,,"University of Siena,Department of Information Engineering an Mathematics,Italy",true,"Automatically extracted OpenAlex authorship/affiliation candidate; verify the author, institution, and location manually."
https://openalex.org/W4416252268,true,https://openalex.org/A5028899632,Giulia Boato,middle,12,https://openalex.org/I193223587,University of Trento,,,IT,05trd4x28,,,"University of Trento,Department of Information Engineering and Computer Science,Italy",true,"Automatically extracted OpenAlex authorship/affiliation candidate; verify the author, institution, and location manually."
https://openalex.org/W4416252268,true,https://openalex.org/A5051370303,Paolo Bestagini,middle,13,https://openalex.org/I93860229,Politecnico di Milano,,,IT,01nffqt88,,,"Politecnico di Milano,Department of Electronics, Informatics, and Bioengineering,Italy",true,"Automatically extracted OpenAlex authorship/affiliation candidate; verify the author, institution, and location manually."
https://openalex.org/W4416252268,true,https://openalex.org/A5030121038,Irene Amerini,middle,14,https://openalex.org/I861853513,Sapienza University of Rome,,,IT,02be6w209,,,"Sapienza University of Rome,Departement of Computer, Control and Management Engineering,Italy",true,"Automatically extracted OpenAlex authorship/affiliation candidate; verify the author, institution, and location manually."
https://openalex.org/W4416252268,true,https://openalex.org/A5068660181,Francesco G. B. De Natale,middle,15,https://openalex.org/I193223587,University of Trento,,,IT,05trd4x28,,,"University of Trento,Department of Information Engineering and Computer Science,Italy",true,"Automatically extracted OpenAlex authorship/affiliation candidate; verify the author, institution, and location manually."
https://openalex.org/W4416252268,true,https://openalex.org/A5042746008,Sebastiano Battiato,middle,16,https://openalex.org/I39063666,University of Catania,,,IT,03a64bh57,,,"University of Catania,Department of Mathematics and Computer Science,Italy",true,"Automatically extracted OpenAlex authorship/affiliation candidate; verify the author, institution, and location manually."
https://openalex.org/W4416252268,true,https://openalex.org/A5007836692,Mauro Barni,last,17,https://openalex.org/I102064193,University of Siena,,,IT,01tevnk56,,,"University of Siena,Department of Information Engineering an Mathematics,Italy",true,"Automatically extracted OpenAlex authorship/affiliation candidate; verify the author, institution, and location manually."
https://openalex.org/W4412624408,true,https://openalex.org/A5100384683,Jun Wang,first,1,https://openalex.org/I102064193,University of Siena,,,IT,01tevnk56,,,"Department of Information Engineering and Mathematics, University of Siena, Siena, Italy",true,"Automatically extracted OpenAlex authorship/affiliation candidate; verify the author, institution, and location manually."
https://openalex.org/W4412624408,true,https://openalex.org/A5026139768,Benedetta Tondi,middle,2,https://openalex.org/I102064193,University of Siena,,,IT,01tevnk56,,,"Department of Information Engineering and Mathematics, University of Siena, Siena, Italy",true,"Automatically extracted OpenAlex authorship/affiliation candidate; verify the author, institution, and location manually."
https://openalex.org/W4412624408,true,https://openalex.org/A5007836692,Mauro Barni,last,3,https://openalex.org/I102064193,University of Siena,,,IT,01tevnk56,,,"Department of Information Engineering and Mathematics, University of Siena, Siena, Italy",true,"Automatically extracted OpenAlex authorship/affiliation candidate; verify the author, institution, and location manually."
https://openalex.org/W4399261595,true,https://openalex.org/A5098974715,Alexander Wißmann,first,1,https://openalex.org/I4577782,Technische Universität Berlin,,,DE,03v4gjf40,,,"Technische Universität Berlin, Germany",true,"Automatically extracted OpenAlex authorship/affiliation candidate; verify the author, institution, and location manually."
https://openalex.org/W4399261595,true,https://openalex.org/A5046724251,Steffen Zeiler,middle,2,https://openalex.org/I4577782,Technische Universität Berlin,,,DE,03v4gjf40,,,"Technische Universität Berlin, Germany",true,"Automatically extracted OpenAlex authorship/affiliation candidate; verify the author, institution, and location manually."
https://openalex.org/W4399261595,true,https://openalex.org/A5075524022,Robert M. Nickel,middle,3,https://openalex.org/I131221577,Bucknell University,,,US,00fc1qt65,,,"Bucknell University, United States",true,"Automatically extracted OpenAlex authorship/affiliation candidate; verify the author, institution, and location manually."
https://openalex.org/W4399261595,true,https://openalex.org/A5007017640,Dorothea Kolossa,last,4,https://openalex.org/I4577782,Technische Universität Berlin,,,DE,03v4gjf40,,,"Technische Universität Berlin, Germany",true,"Automatically extracted OpenAlex authorship/affiliation candidate; verify the author, institution, and location manually."
https://openalex.org/W4407408001,true,https://openalex.org/A5116242714,Yasmine Namani,first,1,https://openalex.org/I125485651,University Frères Mentouri Constantine 1,,,DZ,017wv6808,,,"Department of Electronics, University of Frères Mentouri, Constantine 25000, Algeria",true,"Automatically extracted OpenAlex authorship/affiliation candidate; verify the author, institution, and location manually."
https://openalex.org/W4407408001,true,https://openalex.org/A5116242715,Ikram Reghioua,middle,2,https://openalex.org/I125485651,University Frères Mentouri Constantine 1,,,DZ,017wv6808,,,"Department of Electronics, University of Frères Mentouri, Constantine 25000, Algeria",true,"Automatically extracted OpenAlex authorship/affiliation candidate; verify the author, institution, and location manually."
https://openalex.org/W4407408001,true,https://openalex.org/A5045223903,Gueltoum Bendiab,middle,3,https://openalex.org/I125485651,University Frères Mentouri Constantine 1,,,DZ,017wv6808,,,"Department of Electronics, University of Frères Mentouri, Constantine 25000, Algeria",true,"Automatically extracted OpenAlex authorship/affiliation candidate; verify the author, institution, and location manually."
https://openalex.org/W4407408001,true,https://openalex.org/A5064549634,Mohamed Aymen Labiod,middle,4,https://openalex.org/I197681013,Université Paris-Est Créteil,,,FR,05ggc9x40,,,"Departement of Networks & Telecommunications (N&T) IUT CV, University of Paris-Est Creteil, LISSI, TincNET (CIR), F-94400 Vitry-sur-Seine, France",true,"Automatically extracted OpenAlex authorship/affiliation candidate; verify the author, institution, and location manually."
https://openalex.org/W4407408001,true,https://openalex.org/A5064549634,Mohamed Aymen Labiod,middle,4,https://openalex.org/I2800365227,Paris-Est Sup,,,FR,0268ecp52,,,"Departement of Networks & Telecommunications (N&T) IUT CV, University of Paris-Est Creteil, LISSI, TincNET (CIR), F-94400 Vitry-sur-Seine, France",true,"Automatically extracted OpenAlex authorship/affiliation candidate; verify the author, institution, and location manually."
https://openalex.org/W4407408001,true,https://openalex.org/A5004375212,Stavros Shiaeles,last,5,https://openalex.org/I63072094,University of Portsmouth,,,GB,03ykbk197,,,"Cyber Security Group, PAIDS Research Centre, School of Computing, University of Portsmouth, Portsmouth PO1 2UP, UK",true,"Automatically extracted OpenAlex authorship/affiliation candidate; verify the author, institution, and location manually."
https://openalex.org/W4384919490,true,https://openalex.org/A5009676491,Lydia Abady,first,1,,,,,,,,,,true,"Automatically extracted OpenAlex authorship/affiliation candidate; verify the author, institution, and location manually. No affiliation information provided by OpenAlex for this authorship."
https://openalex.org/W4384919490,true,https://openalex.org/A5110195480,Jun Wang,middle,2,,,,,,,,,,true,"Automatically extracted OpenAlex authorship/affiliation candidate; verify the author, institution, and location manually. No affiliation information provided by OpenAlex for this authorship."
https://openalex.org/W4384919490,true,https://openalex.org/A5026139768,Benedetta Tondi,middle,3,,,,,,,,,,true,"Automatically extracted OpenAlex authorship/affiliation candidate; verify the author, institution, and location manually. No affiliation information provided by OpenAlex for this authorship."
https://openalex.org/W4384919490,true,https://openalex.org/A5007836692,Mauro Barni,last,4,,,,,,,,,,true,"Automatically extracted OpenAlex authorship/affiliation candidate; verify the author, institution, and location manually. No affiliation information provided by OpenAlex for this authorship."
https://openalex.org/W4393972628,true,https://openalex.org/A5063864963,Diangarti Bhalang Tariang,first,1,https://openalex.org/I71267560,University of Naples Federico II,,,IT,05290cv24,,,"Department of Electrical Engineering and Information Technology, University Federico II of Naples, Naples, Italy",true,"Automatically extracted OpenAlex authorship/affiliation candidate; verify the author, institution, and location manually."
https://openalex.org/W4393972628,true,https://openalex.org/A5048938490,Riccardo Corvi,middle,2,https://openalex.org/I71267560,University of Naples Federico II,,,IT,05290cv24,,,"Department of Electrical Engineering and Information Technology, University Federico II of Naples, Naples, Italy",true,"Automatically extracted OpenAlex authorship/affiliation candidate; verify the author, institution, and location manually."
https://openalex.org/W4393972628,true,https://openalex.org/A5085769320,Davide Cozzolino,middle,3,https://openalex.org/I71267560,University of Naples Federico II,,,IT,05290cv24,,,"Department of Electrical Engineering and Information Technology, University Federico II of Naples, Naples, Italy",true,"Automatically extracted OpenAlex authorship/affiliation candidate; verify the author, institution, and location manually."
https://openalex.org/W4393972628,true,https://openalex.org/A5081981044,Giovanni Poggi,middle,4,https://openalex.org/I71267560,University of Naples Federico II,,,IT,05290cv24,,,"Department of Electrical Engineering and Information Technology, University Federico II of Naples, Naples, Italy",true,"Automatically extracted OpenAlex authorship/affiliation candidate; verify the author, institution, and location manually."
https://openalex.org/W4393972628,true,https://openalex.org/A5026964301,Koki Nagano,middle,5,https://openalex.org/I4210127875,Nvidia (United States),,,US,03jdj4y14,,,"NVIDIA Research, Santa Clara, CA, USA",true,"Automatically extracted OpenAlex authorship/affiliation candidate; verify the author, institution, and location manually."
https://openalex.org/W4393972628,true,https://openalex.org/A5080842029,Luisa Verdoliva,last,6,https://openalex.org/I71267560,University of Naples Federico II,,,IT,05290cv24,,,"Department of Electrical Engineering and Information Technology, University Federico II of Naples, Naples, Italy",true,"Automatically extracted OpenAlex authorship/affiliation candidate; verify the author, institution, and location manually."
https://openalex.org/W4385801341,true,https://openalex.org/A5035791524,Kar Balan,first,1,https://openalex.org/I28290843,University of Surrey,,,GB,00ks66431,,,University of Surrey,true,"Automatically extracted OpenAlex authorship/affiliation candidate; verify the author, institution, and location manually."
https://openalex.org/W4385801341,true,https://openalex.org/A5060360019,Shruti Agarwal,middle,2,https://openalex.org/I1306409833,Adobe Systems (United States),,,US,059tvcg64,,,Adobe Inc,true,"Automatically extracted OpenAlex authorship/affiliation candidate; verify the author, institution, and location manually."
https://openalex.org/W4385801341,true,https://openalex.org/A5009470526,Simon Jenni,middle,3,https://openalex.org/I1306409833,Adobe Systems (United States),,,US,059tvcg64,,,Adobe Inc,true,"Automatically extracted OpenAlex authorship/affiliation candidate; verify the author, institution, and location manually."
https://openalex.org/W4385801341,true,,Andy Parsons,middle,4,https://openalex.org/I1306409833,Adobe Systems (United States),,,US,059tvcg64,,,Adobe Inc,true,"Automatically extracted OpenAlex authorship/affiliation candidate; verify the author, institution, and location manually. OpenAlex author ID missing."
https://openalex.org/W4385801341,true,https://openalex.org/A5004326290,Andrew Gilbert,middle,5,https://openalex.org/I28290843,University of Surrey,,,GB,00ks66431,,,University of Surrey,true,"Automatically extracted OpenAlex authorship/affiliation candidate; verify the author, institution, and location manually."
https://openalex.org/W4385801341,true,https://openalex.org/A5024767797,John Collomosse,last,6,https://openalex.org/I1306409833,Adobe Systems (United States),,,US,059tvcg64,,,Adobe Inc,true,"Automatically extracted OpenAlex authorship/affiliation candidate; verify the author, institution, and location manually."
https://openalex.org/W4385801341,true,https://openalex.org/A5024767797,John Collomosse,last,6,https://openalex.org/I28290843,University of Surrey,,,GB,00ks66431,,,University of Surrey,true,"Automatically extracted OpenAlex authorship/affiliation candidate; verify the author, institution, and location manually."
https://openalex.org/W7133223677,true,https://openalex.org/A5127781963,Chen Chen,first,1,,,,,,,,,,true,"Automatically extracted OpenAlex authorship/affiliation candidate; verify the author, institution, and location manually. No affiliation information provided by OpenAlex for this authorship."
https://openalex.org/W7133223677,true,https://openalex.org/A5127785344,Lingjuan Lyu,middle,2,,,,,,,,,,true,"Automatically extracted OpenAlex authorship/affiliation candidate; verify the author, institution, and location manually. No affiliation information provided by OpenAlex for this authorship."
https://openalex.org/W7133223677,true,https://openalex.org/A5127798692,Shiqing Ma,middle,3,,,,,,,,,,true,"Automatically extracted OpenAlex authorship/affiliation candidate; verify the author, institution, and location manually. No affiliation information provided by OpenAlex for this authorship."
https://openalex.org/W7133223677,true,https://openalex.org/A5123008209,Zhenting Wang,middle,4,,,,,,,,,,true,"Automatically extracted OpenAlex authorship/affiliation candidate; verify the author, institution, and location manually. No affiliation information provided by OpenAlex for this authorship."
https://openalex.org/W7133223677,true,https://openalex.org/A5127858755,Yi Zeng,last,5,,,,,,,,,,true,"Automatically extracted OpenAlex authorship/affiliation candidate; verify the author, institution, and location manually. No affiliation information provided by OpenAlex for this authorship."
https://openalex.org/W3161417217,true,https://openalex.org/A5033227351,Sharath Girish,first,1,https://openalex.org/I66946132,"University of Maryland, College Park",,,US,047s2c258,,,"University of Maryland,College Park | University of Maryland, College Park",true,"Automatically extracted OpenAlex authorship/affiliation candidate; verify the author, institution, and location manually."
https://openalex.org/W3161417217,true,https://openalex.org/A5038235276,Saksham Suri,middle,2,https://openalex.org/I66946132,"University of Maryland, College Park",,,US,047s2c258,,,"University of Maryland,College Park | University of Maryland, College Park",true,"Automatically extracted OpenAlex authorship/affiliation candidate; verify the author, institution, and location manually."
https://openalex.org/W3161417217,true,https://openalex.org/A5013437665,Saketh Rambhatla,middle,3,https://openalex.org/I66946132,"University of Maryland, College Park",,,US,047s2c258,,,"University of Maryland,College Park | University of Maryland, College Park",true,"Automatically extracted OpenAlex authorship/affiliation candidate; verify the author, institution, and location manually."
https://openalex.org/W3161417217,true,https://openalex.org/A5101614443,Abhinav Shrivastava,last,4,https://openalex.org/I66946132,"University of Maryland, College Park",,,US,047s2c258,,,"University of Maryland,College Park | University of Maryland, College Park",true,"Automatically extracted OpenAlex authorship/affiliation candidate; verify the author, institution, and location manually."
https://openalex.org/W4388656143,true,https://openalex.org/A5058566242,Sanandita Das,first,1,https://openalex.org/I98365261,"Indian Institute of Engineering Science and Technology, Shibpur",,,IN,02ytfzr55,,,"Department of Information Technology, Indian Institute of Engineering, Science and Technology, Shibpur, Howrah, 711103, India",true,"Automatically extracted OpenAlex authorship/affiliation candidate; verify the author, institution, and location manually."
https://openalex.org/W4388656143,true,https://openalex.org/A5007062820,Debapriyo Dutta,middle,2,https://openalex.org/I98365261,"Indian Institute of Engineering Science and Technology, Shibpur",,,IN,02ytfzr55,,,"Department of Information Technology, Indian Institute of Engineering, Science and Technology, Shibpur, Howrah, 711103, India",true,"Automatically extracted OpenAlex authorship/affiliation candidate; verify the author, institution, and location manually."
https://openalex.org/W4388656143,true,https://openalex.org/A5102899582,Tanusree Ghosh,middle,3,https://openalex.org/I98365261,"Indian Institute of Engineering Science and Technology, Shibpur",,,IN,02ytfzr55,,,"Department of Information Technology, Indian Institute of Engineering, Science and Technology, Shibpur, Howrah, 711103, India",true,"Automatically extracted OpenAlex authorship/affiliation candidate; verify the author, institution, and location manually."
https://openalex.org/W4388656143,true,https://openalex.org/A5031248267,Ruchira Naskar,last,4,https://openalex.org/I98365261,"Indian Institute of Engineering Science and Technology, Shibpur",,,IN,02ytfzr55,,,"Department of Information Technology, Indian Institute of Engineering, Science and Technology, Shibpur, Howrah, 711103, India",true,"Automatically extracted OpenAlex authorship/affiliation candidate; verify the author, institution, and location manually."
https://openalex.org/W4221166157,true,https://openalex.org/A5090003639,Brandon B. G. Khoo,first,1,,,,,,,,,,true,"Automatically extracted OpenAlex authorship/affiliation candidate; verify the author, institution, and location manually. No affiliation information provided by OpenAlex for this authorship."
https://openalex.org/W4221166157,true,https://openalex.org/A5031567819,Chern Hong Lim,middle,2,,,,,,,,,,true,"Automatically extracted OpenAlex authorship/affiliation candidate; verify the author, institution, and location manually. No affiliation information provided by OpenAlex for this authorship."
https://openalex.org/W4221166157,true,https://openalex.org/A5066166428,Raphaël C.‐W. Phan,last,3,,,,,,,,,,true,"Automatically extracted OpenAlex authorship/affiliation candidate; verify the author, institution, and location manually. No affiliation information provided by OpenAlex for this authorship."
https://openalex.org/W4385767391,true,https://openalex.org/A5100705183,Chi Liu,first,1,https://openalex.org/I114017466,University of Technology Sydney,,,AU,03f0f6041,,,"University of Technology Sydney | School of Computer Science, University of Technology Sydney, Australia",true,"Automatically extracted OpenAlex authorship/affiliation candidate; verify the author, institution, and location manually."
https://openalex.org/W4385767391,true,https://openalex.org/A5036801346,Tianqing Zhu,middle,2,https://openalex.org/I114017466,University of Technology Sydney,,,AU,03f0f6041,,,"University of Technology Sydney | School of Computer Science, University of Technology Sydney, Australia",true,"Automatically extracted OpenAlex authorship/affiliation candidate; verify the author, institution, and location manually."
https://openalex.org/W4385767391,true,https://openalex.org/A5100784815,Sheng Shen,middle,3,https://openalex.org/I129604602,The University of Sydney,,,AU,0384j8v12,,,"The University of Sydney | School of Electrical and Information Engineering, The University of Sydney, Australia",true,"Automatically extracted OpenAlex authorship/affiliation candidate; verify the author, institution, and location manually."
https://openalex.org/W4385767391,true,https://openalex.org/A5051406984,Wanlei Zhou,last,4,https://openalex.org/I6469544,City University of Macau,,,MO,04gpd4q15,,,"City University of Macau | City University of Macau, Macao SAR, China",true,"Automatically extracted OpenAlex authorship/affiliation candidate; verify the author, institution, and location manually."
https://openalex.org/W3034547531,true,https://openalex.org/A5075941941,Hyeonseong Jeon,first,1,https://openalex.org/I848706,Sungkyunkwan University,,,KR,04q78tk20,,,SungKyunKwan University,true,"Automatically extracted OpenAlex authorship/affiliation candidate; verify the author, institution, and location manually."
https://openalex.org/W3034547531,true,https://openalex.org/A5058959594,Young Oh Bang,middle,2,https://openalex.org/I848706,Sungkyunkwan University,,,KR,04q78tk20,,,SungKyunKwan University,true,"Automatically extracted OpenAlex authorship/affiliation candidate; verify the author, institution, and location manually."
https://openalex.org/W3034547531,true,https://openalex.org/A5059820058,Junyaup Kim,middle,3,https://openalex.org/I848706,Sungkyunkwan University,,,KR,04q78tk20,,,SungKyunKwan University,true,"Automatically extracted OpenAlex authorship/affiliation candidate; verify the author, institution, and location manually."
https://openalex.org/W3034547531,true,https://openalex.org/A5033106393,Simon S. Woo,last,4,,,,,,,,,SKKU,true,"Automatically extracted OpenAlex authorship/affiliation candidate; verify the author, institution, and location manually. Structured institution missing; preserved raw affiliation text for manual resolution."
https://openalex.org/W4391306866,true,https://openalex.org/A5102899582,Tanusree Ghosh,first,1,https://openalex.org/I4210134084,Institute of Engineering Science,,,RU,03zeyg902,,,"Indian Institute of Engineering Science and Technology,Department of Information Technology | Department of Information Technology, Indian Institute of Engineering Science and Technology",true,"Automatically extracted OpenAlex authorship/affiliation candidate; verify the author, institution, and location manually."
https://openalex.org/W4391306866,true,https://openalex.org/A5102899582,Tanusree Ghosh,first,1,https://openalex.org/I64295750,Indian Institute of Technology Indore,,,IN,01hhf7w52,,,"Indian Institute of Engineering Science and Technology,Department of Information Technology",true,"Automatically extracted OpenAlex authorship/affiliation candidate; verify the author, institution, and location manually."
https://openalex.org/W4391306866,true,https://openalex.org/A5013208803,Ruchira Naskar,last,2,https://openalex.org/I4210134084,Institute of Engineering Science,,,RU,03zeyg902,,,"Indian Institute of Engineering Science and Technology,Department of Information Technology | Department of Information Technology, Indian Institute of Engineering Science and Technology",true,"Automatically extracted OpenAlex authorship/affiliation candidate; verify the author, institution, and location manually."
https://openalex.org/W4391306866,true,https://openalex.org/A5013208803,Ruchira Naskar,last,2,https://openalex.org/I64295750,Indian Institute of Technology Indore,,,IN,01hhf7w52,,,"Indian Institute of Engineering Science and Technology,Department of Information Technology",true,"Automatically extracted OpenAlex authorship/affiliation candidate; verify the author, institution, and location manually."
https://openalex.org/W3043994911,true,https://openalex.org/A5110832532,Michael Goebel,first,1,https://openalex.org/I154570441,"University of California, Santa Barbara",,,US,02t274463,,,University of California Santa Barbara,true,"Automatically extracted OpenAlex authorship/affiliation candidate; verify the author, institution, and location manually."
https://openalex.org/W3043994911,true,https://openalex.org/A5042091237,Lakshmanan Nataraj,middle,2,,,,,,,,,,true,"Automatically extracted OpenAlex authorship/affiliation candidate; verify the author, institution, and location manually. No affiliation information provided by OpenAlex for this authorship."
https://openalex.org/W3043994911,true,https://openalex.org/A5076005202,Tejaswi Nanjundaswamy,middle,3,,,,,,,,,,true,"Automatically extracted OpenAlex authorship/affiliation candidate; verify the author, institution, and location manually. No affiliation information provided by OpenAlex for this authorship."
https://openalex.org/W3043994911,true,https://openalex.org/A5108745743,Tajuddin Manhar Mohammed,middle,4,,,,,,,,,,true,"Automatically extracted OpenAlex authorship/affiliation candidate; verify the author, institution, and location manually. No affiliation information provided by OpenAlex for this authorship."
https://openalex.org/W3043994911,true,https://openalex.org/A5009022144,Shivkumar Chandrasekaran,middle,5,,,,,,,,,,true,"Automatically extracted OpenAlex authorship/affiliation candidate; verify the author, institution, and location manually. No affiliation information provided by OpenAlex for this authorship."
https://openalex.org/W3043994911,true,https://openalex.org/A5071938464,B.S. Manjunath,last,6,,,,,,,,,,true,"Automatically extracted OpenAlex authorship/affiliation candidate; verify the author, institution, and location manually. No affiliation information provided by OpenAlex for this authorship."
https://openalex.org/W4284895444,true,https://openalex.org/A5100712167,Jun Wang,first,1,https://openalex.org/I102064193,University of Siena,,,IT,01tevnk56,,,"Department of Information Engineering and Mathematics, University of Siena, Siena, Italy",true,"Automatically extracted OpenAlex authorship/affiliation candidate; verify the author, institution, and location manually."
https://openalex.org/W4284895444,true,https://openalex.org/A5026139768,Benedetta Tondi,middle,2,https://openalex.org/I102064193,University of Siena,,,IT,01tevnk56,,,"Department of Information Engineering and Mathematics, University of Siena, Siena, Italy",true,"Automatically extracted OpenAlex authorship/affiliation candidate; verify the author, institution, and location manually."
https://openalex.org/W4284895444,true,https://openalex.org/A5007836692,Mauro Barni,last,3,https://openalex.org/I102064193,University of Siena,,,IT,01tevnk56,,,"Department of Information Engineering and Mathematics, University of Siena, Siena, Italy",true,"Automatically extracted OpenAlex authorship/affiliation candidate; verify the author, institution, and location manually."
https://openalex.org/W4401325047,true,https://openalex.org/A5031854980,Patrick P. K. Chan,first,1,https://openalex.org/I90610280,South China University of Technology,,,CN,0530pts50,,,"Shien-Ming Wu School of Intelligent Engineering, South China University of Technology, Guangzhou, 511442, China",true,"Automatically extracted OpenAlex authorship/affiliation candidate; verify the author, institution, and location manually."
https://openalex.org/W4401325047,true,,Chuanxin Zhang,middle,2,https://openalex.org/I90610280,South China University of Technology,,,CN,0530pts50,,,"School of Computer Science and Engineering, South China University of Technology, Guangzhou, 510006, China",true,"Automatically extracted OpenAlex authorship/affiliation candidate; verify the author, institution, and location manually. OpenAlex author ID missing."
https://openalex.org/W4401325047,true,https://openalex.org/A5100737751,Haitao Chen,middle,3,https://openalex.org/I90610280,South China University of Technology,,,CN,0530pts50,,,"School of Future Technology, South China University of Technology, Guangzhou, 511442, China | Shien-Ming Wu School of Intelligent Engineering, South China University of Technology, Guangzhou, 511442, China",true,"Automatically extracted OpenAlex authorship/affiliation candidate; verify the author, institution, and location manually."
https://openalex.org/W4401325047,true,https://openalex.org/A5102000816,Jingwen Deng,middle,4,https://openalex.org/I90610280,South China University of Technology,,,CN,0530pts50,,,"School of Future Technology, South China University of Technology, Guangzhou, 511442, China | Shien-Ming Wu School of Intelligent Engineering, South China University of Technology, Guangzhou, 511442, China",true,"Automatically extracted OpenAlex authorship/affiliation candidate; verify the author, institution, and location manually."
https://openalex.org/W4401325047,true,https://openalex.org/A5113986218,Xiao Meng,middle,5,,,,,,,,,"Huya Inc, Guangzhou, 510006, China",true,"Automatically extracted OpenAlex authorship/affiliation candidate; verify the author, institution, and location manually. Structured institution missing; preserved raw affiliation text for manual resolution."
https://openalex.org/W4401325047,true,https://openalex.org/A5105788983,Daniel Yeung,last,6,,,,,,,,,"Hong Kong, China",true,"Automatically extracted OpenAlex authorship/affiliation candidate; verify the author, institution, and location manually. Structured institution missing; preserved raw affiliation text for manual resolution."
https://openalex.org/W4402352361,true,https://openalex.org/A5040721382,Lei Zhang,first,1,https://openalex.org/I24201400,Chengdu University of Information Technology,,,CN,01yxwrh59,,,"Chengdu University of Information Technology,Chengdu,China",true,"Automatically extracted OpenAlex authorship/affiliation candidate; verify the author, institution, and location manually."
https://openalex.org/W4402352361,true,https://openalex.org/A5100353673,Hao Chen,middle,2,https://openalex.org/I24201400,Chengdu University of Information Technology,,,CN,01yxwrh59,,,"Chengdu University of Information Technology,Chengdu,China",true,"Automatically extracted OpenAlex authorship/affiliation candidate; verify the author, institution, and location manually."
https://openalex.org/W4402352361,true,https://openalex.org/A5100687829,Shu Hu,middle,3,https://openalex.org/I135191193,University of Indianapolis,,,US,052133d12,,,"Purdue University,Indianapolis,USA",true,"Automatically extracted OpenAlex authorship/affiliation candidate; verify the author, institution, and location manually."
https://openalex.org/W4402352361,true,https://openalex.org/A5100687829,Shu Hu,middle,3,https://openalex.org/I55769427,Indiana University – Purdue University Indianapolis,,,US,05gxnyn08,,,"Purdue University,Indianapolis,USA",true,"Automatically extracted OpenAlex authorship/affiliation candidate; verify the author, institution, and location manually."
https://openalex.org/W4402352361,true,https://openalex.org/A5101958227,Bin Zhu,middle,4,https://openalex.org/I4210113369,Microsoft Research Asia (China),,,CN,0300m5276,,,Microsoft Research Asia,true,"Automatically extracted OpenAlex authorship/affiliation candidate; verify the author, institution, and location manually."
https://openalex.org/W4402352361,true,https://openalex.org/A5088556494,Ching-Sheng Lin,middle,5,https://openalex.org/I169090423,Tunghai University,,,TW,00zhvdn11,,,"Tunghai University,Taichung,Taiwan",true,"Automatically extracted OpenAlex authorship/affiliation candidate; verify the author, institution, and location manually."
https://openalex.org/W4402352361,true,https://openalex.org/A5102902731,Xi Wu,middle,6,https://openalex.org/I24201400,Chengdu University of Information Technology,,,CN,01yxwrh59,,,"Chengdu University of Information Technology,Chengdu,China",true,"Automatically extracted OpenAlex authorship/affiliation candidate; verify the author, institution, and location manually."
https://openalex.org/W4402352361,true,https://openalex.org/A5114029187,Jinrong Hu,middle,7,https://openalex.org/I24201400,Chengdu University of Information Technology,,,CN,01yxwrh59,,,"Chengdu University of Information Technology,Chengdu,China",true,"Automatically extracted OpenAlex authorship/affiliation candidate; verify the author, institution, and location manually."
https://openalex.org/W4402352361,true,https://openalex.org/A5100328001,Xin Wang,last,8,https://openalex.org/I392282,"University at Albany, State University of New York",,,US,012zs8222,,,"University at Albany,SUNY,NY,USA",true,"Automatically extracted OpenAlex authorship/affiliation candidate; verify the author, institution, and location manually."
https://openalex.org/W4213417724,true,https://openalex.org/A5043994365,Alakananda Mitra,first,1,https://openalex.org/I123534392,University of North Texas,,,US,00v97ad02,,,"Department of Computer Science and Engineering, University of North Texas, Denton, USA",true,"Automatically extracted OpenAlex authorship/affiliation candidate; verify the author, institution, and location manually."
https://openalex.org/W4213417724,true,https://openalex.org/A5070359867,Saraju P. Mohanty,middle,2,https://openalex.org/I123534392,University of North Texas,,,US,00v97ad02,,,"Department of Computer Science and Engineering, University of North Texas, Denton, USA",true,"Automatically extracted OpenAlex authorship/affiliation candidate; verify the author, institution, and location manually."
https://openalex.org/W4213417724,true,https://openalex.org/A5066217549,Peter Corcoran,middle,3,https://openalex.org/I188760350,Ollscoil na Gaillimhe – University of Galway,,,IE,03bea9k73,,,"School of Engineering and Informatics, National University of Ireland, Galway, Ireland",true,"Automatically extracted OpenAlex authorship/affiliation candidate; verify the author, institution, and location manually."
https://openalex.org/W4213417724,true,https://openalex.org/A5062843590,Elias Kougianos,last,4,https://openalex.org/I123534392,University of North Texas,,,US,00v97ad02,,,"Department of Electrical Engineering, University of North Texas, Denton, USA",true,"Automatically extracted OpenAlex authorship/affiliation candidate; verify the author, institution, and location manually."
https://openalex.org/W3161986877,true,https://openalex.org/A5046125100,Nicolò Bonettini,first,1,https://openalex.org/I93860229,Politecnico di Milano,,,IT,01nffqt88,,,"Politecnico di Milano, Milano, Italy",true,"Automatically extracted OpenAlex authorship/affiliation candidate; verify the author, institution, and location manually."
https://openalex.org/W3161986877,true,https://openalex.org/A5051370303,Paolo Bestagini,middle,2,https://openalex.org/I93860229,Politecnico di Milano,,,IT,01nffqt88,,,"Politecnico di Milano, Milano, Italy",true,"Automatically extracted OpenAlex authorship/affiliation candidate; verify the author, institution, and location manually."
https://openalex.org/W3161986877,true,https://openalex.org/A5023878224,Simone Milani,middle,3,https://openalex.org/I138689650,University of Padua,,,IT,00240q980,,,"University of Padova, Padova, Italy",true,"Automatically extracted OpenAlex authorship/affiliation candidate; verify the author, institution, and location manually."
https://openalex.org/W3161986877,true,https://openalex.org/A5005378965,Stefano Tubaro,last,4,https://openalex.org/I93860229,Politecnico di Milano,,,IT,01nffqt88,,,"Politecnico di Milano, Milano, Italy",true,"Automatically extracted OpenAlex authorship/affiliation candidate; verify the author, institution, and location manually."
https://openalex.org/W4409526923,true,https://openalex.org/A5101415738,Preeti Sharma,first,1,https://openalex.org/I933318745,Dehradun Institute of Technology University,,,IN,01v5k4d73,,,"School of Computing, DIT University, Dehradun, 248009, India",true,"Automatically extracted OpenAlex authorship/affiliation candidate; verify the author, institution, and location manually."
https://openalex.org/W4409526923,true,https://openalex.org/A5100763147,Manoj Kumar,middle,2,https://openalex.org/I55990551,University of Wollongong in Dubai,,,AE,0447ajy94,,,"School of Computer Science, FEIS, University of Wollongong in Dubai, Dubai Knowledge Park, Dubai, UAE",true,"Automatically extracted OpenAlex authorship/affiliation candidate; verify the author, institution, and location manually."
https://openalex.org/W4409526923,true,https://openalex.org/A5100763147,Manoj Kumar,middle,2,https://openalex.org/I91633459,Middle East University,,,JO,059bgad73,,,"MEU Research Unit, Middle East University, Amman, 11831, Jordan",true,"Automatically extracted OpenAlex authorship/affiliation candidate; verify the author, institution, and location manually."
https://openalex.org/W4409526923,true,https://openalex.org/A5002716826,Hitesh Kumar Sharma,last,3,https://openalex.org/I5847235,University of Petroleum and Energy Studies,,,IN,04q2jes40,,,"School of Computer Science, University of Petroleum and Energy Studies (UPES), Dehradun, 248007, India",true,"Automatically extracted OpenAlex authorship/affiliation candidate; verify the author, institution, and location manually."
https://openalex.org/W4409705469,true,https://openalex.org/A5090720315,Weinan Zhang,first,1,https://openalex.org/I6469544,City University of Macau,,,MO,04gpd4q15,,,"Faculty of Data Science, City University of Macau, Macau SAR, China",true,"Automatically extracted OpenAlex authorship/affiliation candidate; verify the author, institution, and location manually."
https://openalex.org/W4409705469,true,https://openalex.org/A5015462564,Sanshuai Cui,middle,2,https://openalex.org/I6469544,City University of Macau,,,MO,04gpd4q15,,,"Faculty of Data Science, City University of Macau, Macau SAR, China",true,"Automatically extracted OpenAlex authorship/affiliation candidate; verify the author, institution, and location manually."
https://openalex.org/W4409705469,true,https://openalex.org/A5100360264,Qi Zhang,middle,3,https://openalex.org/I6469544,City University of Macau,,,MO,04gpd4q15,,,"Faculty of Data Science, City University of Macau, Macau SAR, China",true,"Automatically extracted OpenAlex authorship/affiliation candidate; verify the author, institution, and location manually."
https://openalex.org/W4409705469,true,https://openalex.org/A5059970501,Biwei Chen,middle,4,https://openalex.org/I25254941,Beijing Normal University,,,CN,022k4wk35,,,"Belt and Road School, Beijing Normal University at Zhuhai, Zhuhai 519088, China",true,"Automatically extracted OpenAlex authorship/affiliation candidate; verify the author, institution, and location manually."
https://openalex.org/W4409705469,true,https://openalex.org/A5021251327,Hui Zeng,middle,5,https://openalex.org/I1297991670,Southwest University of Science and Technology,,,CN,04d996474,,,"School of Computer Science and Technology, Southwest University of Science and Technology, Mianyang 621010, China",true,"Automatically extracted OpenAlex authorship/affiliation candidate; verify the author, institution, and location manually."
https://openalex.org/W4409705469,true,https://openalex.org/A5007677966,Qi Zhong,last,6,https://openalex.org/I6469544,City University of Macau,,,MO,04gpd4q15,,,"Faculty of Data Science, City University of Macau, Macau SAR, China",true,"Automatically extracted OpenAlex authorship/affiliation candidate; verify the author, institution, and location manually."
https://openalex.org/W4327810824,true,https://openalex.org/A5100418321,Zhendong Wang,first,1,,,,,,,,,,true,"Automatically extracted OpenAlex authorship/affiliation candidate; verify the author, institution, and location manually. No affiliation information provided by OpenAlex for this authorship."
https://openalex.org/W4327810824,true,https://openalex.org/A5101369681,Jianmin Bao,middle,2,,,,,,,,,,true,"Automatically extracted OpenAlex authorship/affiliation candidate; verify the author, institution, and location manually. No affiliation information provided by OpenAlex for this authorship."
https://openalex.org/W4327810824,true,https://openalex.org/A5046805800,Wengang Zhou,middle,3,,,,,,,,,,true,"Automatically extracted OpenAlex authorship/affiliation candidate; verify the author, institution, and location manually. No affiliation information provided by OpenAlex for this authorship."
https://openalex.org/W4327810824,true,https://openalex.org/A5101417440,Weilun Wang,middle,4,,,,,,,,,,true,"Automatically extracted OpenAlex authorship/affiliation candidate; verify the author, institution, and location manually. No affiliation information provided by OpenAlex for this authorship."
https://openalex.org/W4327810824,true,https://openalex.org/A5035950233,Hezhen Hu,middle,5,,,,,,,,,,true,"Automatically extracted OpenAlex authorship/affiliation candidate; verify the author, institution, and location manually. No affiliation information provided by OpenAlex for this authorship."
https://openalex.org/W4327810824,true,https://openalex.org/A5100420451,Hong Chen,middle,6,,,,,,,,,,true,"Automatically extracted OpenAlex authorship/affiliation candidate; verify the author, institution, and location manually. No affiliation information provided by OpenAlex for this authorship."
https://openalex.org/W4327810824,true,https://openalex.org/A5078141810,Houqiang Li,last,7,,,,,,,,,,true,"Automatically extracted OpenAlex authorship/affiliation candidate; verify the author, institution, and location manually. No affiliation information provided by OpenAlex for this authorship."
https://openalex.org/W4410853187,true,https://openalex.org/A5055116095,Weinan Guan,first,1,https://openalex.org/I4210100255,Beijing Academy of Artificial Intelligence,,,CN,016a74861,,,"School of Artificial Intelligence, University of Chinese Academy of Sciences, Beijing, China",true,"Automatically extracted OpenAlex authorship/affiliation candidate; verify the author, institution, and location manually."
https://openalex.org/W4410853187,true,https://openalex.org/A5055116095,Weinan Guan,first,1,https://openalex.org/I4210165038,University of Chinese Academy of Sciences,,,CN,05qbk4x57,,,"School of Artificial Intelligence, University of Chinese Academy of Sciences, Beijing, China",true,"Automatically extracted OpenAlex authorship/affiliation candidate; verify the author, institution, and location manually."
https://openalex.org/W4410853187,true,https://openalex.org/A5100757829,Wei Wang,middle,2,https://openalex.org/I19820366,Chinese Academy of Sciences,,,CN,034t30j35,,,"New Laboratory of Pattern Recognition (NLPR), Institute of Automation, Chinese Academy of Sciences (CASIA), Beijing, China | Institute of Automation, New Laboratory of Pattern Recognition (NLPR), Chinese Academy of Sciences (CASIA), Beijing, China",true,"Automatically extracted OpenAlex authorship/affiliation candidate; verify the author, institution, and location manually."
https://openalex.org/W4410853187,true,https://openalex.org/A5100757829,Wei Wang,middle,2,https://openalex.org/I4210112150,Institute of Automation,,,CN,022c3hy66,,,"New Laboratory of Pattern Recognition (NLPR), Institute of Automation, Chinese Academy of Sciences (CASIA), Beijing, China | Institute of Automation, New Laboratory of Pattern Recognition (NLPR), Chinese Academy of Sciences (CASIA), Beijing, China",true,"Automatically extracted OpenAlex authorship/affiliation candidate; verify the author, institution, and location manually."
https://openalex.org/W4410853187,true,https://openalex.org/A5042160852,Bo Peng,middle,3,https://openalex.org/I19820366,Chinese Academy of Sciences,,,CN,034t30j35,,,"New Laboratory of Pattern Recognition (NLPR), Institute of Automation, Chinese Academy of Sciences (CASIA), Beijing, China | Institute of Automation, New Laboratory of Pattern Recognition (NLPR), Chinese Academy of Sciences (CASIA), Beijing, China",true,"Automatically extracted OpenAlex authorship/affiliation candidate; verify the author, institution, and location manually."
https://openalex.org/W4410853187,true,https://openalex.org/A5042160852,Bo Peng,middle,3,https://openalex.org/I4210112150,Institute of Automation,,,CN,022c3hy66,,,"New Laboratory of Pattern Recognition (NLPR), Institute of Automation, Chinese Academy of Sciences (CASIA), Beijing, China | Institute of Automation, New Laboratory of Pattern Recognition (NLPR), Chinese Academy of Sciences (CASIA), Beijing, China",true,"Automatically extracted OpenAlex authorship/affiliation candidate; verify the author, institution, and location manually."
https://openalex.org/W4410853187,true,https://openalex.org/A5053180123,Ziwen He,middle,4,https://openalex.org/I200845125,Nanjing University of Information Science and Technology,,,CN,02y0rxk19,,,"Engineering Research Center of Digital Forensics, Ministry of Education, Nanjing University of Information Science and Technology, Nanjing, China | Nanjing University of Information Science and Technology, China",true,"Automatically extracted OpenAlex authorship/affiliation candidate; verify the author, institution, and location manually."
https://openalex.org/W4410853187,true,https://openalex.org/A5017743261,Jing Dong,middle,5,https://openalex.org/I19820366,Chinese Academy of Sciences,,,CN,034t30j35,,,"New Laboratory of Pattern Recognition (NLPR), Institute of Automation, Chinese Academy of Sciences (CASIA), Beijing, China | Institute of Automation, New Laboratory of Pattern Recognition (NLPR), Chinese Academy of Sciences (CASIA), Beijing, China",true,"Automatically extracted OpenAlex authorship/affiliation candidate; verify the author, institution, and location manually."
https://openalex.org/W4410853187,true,https://openalex.org/A5017743261,Jing Dong,middle,5,https://openalex.org/I4210112150,Institute of Automation,,,CN,022c3hy66,,,"New Laboratory of Pattern Recognition (NLPR), Institute of Automation, Chinese Academy of Sciences (CASIA), Beijing, China | Institute of Automation, New Laboratory of Pattern Recognition (NLPR), Chinese Academy of Sciences (CASIA), Beijing, China",true,"Automatically extracted OpenAlex authorship/affiliation candidate; verify the author, institution, and location manually."
https://openalex.org/W4410853187,true,https://openalex.org/A5065017752,Haonan Cheng,last,6,https://openalex.org/I75689368,Communication University of China,,,CN,04facbs33,,,"State Key Laboratory of Media Convergence and Communication, Communication University of China, Beijing, China",true,"Automatically extracted OpenAlex authorship/affiliation candidate; verify the author, institution, and location manually."
https://openalex.org/W4400828592,true,https://openalex.org/A5002432477,Weng Jing,first,1,https://openalex.org/I9842412,Nanjing University of Aeronautics and Astronautics,,,CN,01scyh794,,,Nanjing University of Aeronautics and Astronautics (NUAA) (China),true,"Automatically extracted OpenAlex authorship/affiliation candidate; verify the author, institution, and location manually."
https://openalex.org/W4308165186,true,https://openalex.org/A5048938490,Riccardo Corvi,first,1,,,,,,,,,,true,"Automatically extracted OpenAlex authorship/affiliation candidate; verify the author, institution, and location manually. No affiliation information provided by OpenAlex for this authorship."
https://openalex.org/W4308165186,true,https://openalex.org/A5085769320,Davide Cozzolino,middle,2,,,,,,,,,,true,"Automatically extracted OpenAlex authorship/affiliation candidate; verify the author, institution, and location manually. No affiliation information provided by OpenAlex for this authorship."
https://openalex.org/W4308165186,true,https://openalex.org/A5078732355,Giada Zingarini,middle,3,,,,,,,,,,true,"Automatically extracted OpenAlex authorship/affiliation candidate; verify the author, institution, and location manually. No affiliation information provided by OpenAlex for this authorship."
https://openalex.org/W4308165186,true,https://openalex.org/A5081981044,Giovanni Poggi,middle,4,,,,,,,,,,true,"Automatically extracted OpenAlex authorship/affiliation candidate; verify the author, institution, and location manually. No affiliation information provided by OpenAlex for this authorship."
https://openalex.org/W4308165186,true,https://openalex.org/A5026964301,Koki Nagano,middle,5,,,,,,,,,,true,"Automatically extracted OpenAlex authorship/affiliation candidate; verify the author, institution, and location manually. No affiliation information provided by OpenAlex for this authorship."
https://openalex.org/W4308165186,true,https://openalex.org/A5080842029,Luisa Verdoliva,last,6,,,,,,,,,,true,"Automatically extracted OpenAlex authorship/affiliation candidate; verify the author, institution, and location manually. No affiliation information provided by OpenAlex for this authorship."
https://openalex.org/W4393284560,true,https://openalex.org/A5005841637,Yunpeng Luo,first,1,,,,,,,,,,true,"Automatically extracted OpenAlex authorship/affiliation candidate; verify the author, institution, and location manually. No affiliation information provided by OpenAlex for this authorship."
https://openalex.org/W4393284560,true,https://openalex.org/A5065572304,Junlong Du,middle,2,,,,,,,,,,true,"Automatically extracted OpenAlex authorship/affiliation candidate; verify the author, institution, and location manually. No affiliation information provided by OpenAlex for this authorship."
https://openalex.org/W4393284560,true,https://openalex.org/A5101967246,Ke Yan,middle,3,,,,,,,,,,true,"Automatically extracted OpenAlex authorship/affiliation candidate; verify the author, institution, and location manually. No affiliation information provided by OpenAlex for this authorship."
https://openalex.org/W4393284560,true,https://openalex.org/A5086397952,Shouhong Ding,last,4,,,,,,,,,,true,"Automatically extracted OpenAlex authorship/affiliation candidate; verify the author, institution, and location manually. No affiliation information provided by OpenAlex for this authorship."
https://openalex.org/W4390872921,true,https://openalex.org/A5088495817,Pierre Fernandez,first,1,,,,,,,,,Meta AI,true,"Automatically extracted OpenAlex authorship/affiliation candidate; verify the author, institution, and location manually. Structured institution missing; preserved raw affiliation text for manual resolution."
https://openalex.org/W4390872921,true,https://openalex.org/A5065858250,Guillaume Couairon,middle,2,https://openalex.org/I39804081,Sorbonne Université,,,FR,02en5vm52,,,Sorbonne University,true,"Automatically extracted OpenAlex authorship/affiliation candidate; verify the author, institution, and location manually."
https://openalex.org/W4390872921,true,https://openalex.org/A5111802678,Hervé Jeǵou,middle,3,,,,,,,,,Meta AI,true,"Automatically extracted OpenAlex authorship/affiliation candidate; verify the author, institution, and location manually. Structured institution missing; preserved raw affiliation text for manual resolution."
https://openalex.org/W4390872921,true,https://openalex.org/A5053822883,Matthijs Douze,middle,4,,,,,,,,,Meta AI,true,"Automatically extracted OpenAlex authorship/affiliation candidate; verify the author, institution, and location manually. Structured institution missing; preserved raw affiliation text for manual resolution."
https://openalex.org/W4390872921,true,https://openalex.org/A5062906790,Teddy Furon,last,5,https://openalex.org/I1326498283,Institut national de recherche en sciences et technologies du numérique,,,FR,02kvxyf05,,,Centre Inria de l&#x2019;Universit&#x00E9; de Rennes,true,"Automatically extracted OpenAlex authorship/affiliation candidate; verify the author, institution, and location manually."
https://openalex.org/W2971682216,true,https://openalex.org/A5049429852,Michael Albright,first,1,https://openalex.org/I82514191,Honeywell (United States),,,US,02t71h845,,,"Honeywell (United States), Charlotte, United States",true,"Automatically extracted OpenAlex authorship/affiliation candidate; verify the author, institution, and location manually."
https://openalex.org/W2971682216,true,https://openalex.org/A5031665162,Scott McCloskey,last,2,https://openalex.org/I82514191,Honeywell (United States),,,US,02t71h845,,,"Honeywell (United States), Charlotte, United States",true,"Automatically extracted OpenAlex authorship/affiliation candidate; verify the author, institution, and location manually."
https://openalex.org/W2943961047,true,https://openalex.org/A5049429852,Michael Albright,first,1,,,,,,,,,,true,"Automatically extracted OpenAlex authorship/affiliation candidate; verify the author, institution, and location manually. No affiliation information provided by OpenAlex for this authorship."
https://openalex.org/W2943961047,true,https://openalex.org/A5031665162,Scott McCloskey,last,2,https://openalex.org/I82514191,Honeywell (United States),,,US,02t71h845,,,Honeywell,true,"Automatically extracted OpenAlex authorship/affiliation candidate; verify the author, institution, and location manually."
https://openalex.org/W4323022407,true,https://openalex.org/A5012674375,Y. G. Patel,first,1,https://openalex.org/I165831266,Nirma University,,,IN,05qkq7x38,,,"Department of Computer Science and Engineering, Institute of Technology, Nirma University, Ahmedabad, Gujarat, India",true,"Automatically extracted OpenAlex authorship/affiliation candidate; verify the author, institution, and location manually."
https://openalex.org/W4323022407,true,https://openalex.org/A5089077811,Sudeep Tanwar,middle,2,https://openalex.org/I165831266,Nirma University,,,IN,05qkq7x38,,,"Department of Computer Science and Engineering, Institute of Technology, Nirma University, Ahmedabad, Gujarat, India",true,"Automatically extracted OpenAlex authorship/affiliation candidate; verify the author, institution, and location manually."
https://openalex.org/W4323022407,true,https://openalex.org/A5053527968,Pronaya Bhattacharya,middle,3,,,,,,,,,"Department of Computer Science and Engineering, Amity School of Engineering and Technology, Amity University, Kolkata, India",true,"Automatically extracted OpenAlex authorship/affiliation candidate; verify the author, institution, and location manually. Structured institution missing; preserved raw affiliation text for manual resolution."
https://openalex.org/W4323022407,true,https://openalex.org/A5058080028,Rajesh Gupta,middle,4,https://openalex.org/I165831266,Nirma University,,,IN,05qkq7x38,,,"Department of Computer Science and Engineering, Institute of Technology, Nirma University, Ahmedabad, Gujarat, India",true,"Automatically extracted OpenAlex authorship/affiliation candidate; verify the author, institution, and location manually."
https://openalex.org/W4323022407,true,https://openalex.org/A5069986608,Turki Alsuwian,middle,5,https://openalex.org/I47164929,Najran University,,,SA,05edw4a90,,,"Electrical Engineering Department, College of Engineering, Najran University, Najran, Saudi Arabia | Electrical Engineering Department, College of Engineering, Najran University, Najran, Kingdom of Saudi Arabia",true,"Automatically extracted OpenAlex authorship/affiliation candidate; verify the author, institution, and location manually."
https://openalex.org/W4323022407,true,https://openalex.org/A5079249544,Innocent E. Davidson,middle,6,https://openalex.org/I159253421,Cape Peninsula University of Technology,,,ZA,056e9h402,,,"Department of Electrical, Electronic and Computer Engineering, Cape Peninsula University of Technology, Bellville, South Africa",true,"Automatically extracted OpenAlex authorship/affiliation candidate; verify the author, institution, and location manually."
https://openalex.org/W4323022407,true,https://openalex.org/A5073204673,Thokozile Mazibuko,last,7,https://openalex.org/I177181097,Durban University of Technology,,,ZA,0303y7a51,,,"Department of Electrical Power Engineering, Durban University of Technology, Durban, South Africa",true,"Automatically extracted OpenAlex authorship/affiliation candidate; verify the author, institution, and location manually."
https://openalex.org/W4406858668,true,https://openalex.org/A5074958556,Xinqi Jiang,first,1,https://openalex.org/I111950717,Macau University of Science and Technology,,,MO,03jqs2n27,,,"Macau University of Science and Technology,Macau",true,"Automatically extracted OpenAlex authorship/affiliation candidate; verify the author, institution, and location manually."
https://openalex.org/W4406858668,true,https://openalex.org/A5101902782,Jinyu Tian,last,2,https://openalex.org/I111950717,Macau University of Science and Technology,,,MO,03jqs2n27,,,"Macau University of Science and Technology,Macau",true,"Automatically extracted OpenAlex authorship/affiliation candidate; verify the author, institution, and location manually."
https://openalex.org/W4413145326,true,https://openalex.org/A5101878546,Tai D. Nguyen,first,1,https://openalex.org/I72816309,Drexel University,,,US,04bdffz58,,,"Drexel University,Philadelphia,PA,USA",true,"Automatically extracted OpenAlex authorship/affiliation candidate; verify the author, institution, and location manually."
https://openalex.org/W4413145326,true,https://openalex.org/A5095767205,Aref Azizpour,middle,2,https://openalex.org/I72816309,Drexel University,,,US,04bdffz58,,,"Drexel University,Philadelphia,PA,USA",true,"Automatically extracted OpenAlex authorship/affiliation candidate; verify the author, institution, and location manually."
https://openalex.org/W4413145326,true,https://openalex.org/A5023433042,Matthew C. Stamm,last,3,https://openalex.org/I72816309,Drexel University,,,US,04bdffz58,,,"Drexel University,Philadelphia,PA,USA",true,"Automatically extracted OpenAlex authorship/affiliation candidate; verify the author, institution, and location manually."
https://openalex.org/W3169220064,true,https://openalex.org/A5070397890,Tianyun Yang,first,1,,,,,,,,,,true,"Automatically extracted OpenAlex authorship/affiliation candidate; verify the author, institution, and location manually. No affiliation information provided by OpenAlex for this authorship."
https://openalex.org/W3169220064,true,https://openalex.org/A5056924576,Juan Cao,middle,2,,,,,,,,,,true,"Automatically extracted OpenAlex authorship/affiliation candidate; verify the author, institution, and location manually. No affiliation information provided by OpenAlex for this authorship."
https://openalex.org/W3169220064,true,,"Sheng, Qiang",middle,3,,,,,,,,,,true,"Automatically extracted OpenAlex authorship/affiliation candidate; verify the author, institution, and location manually. No affiliation information provided by OpenAlex for this authorship. OpenAlex author ID missing."
https://openalex.org/W3169220064,true,https://openalex.org/A5100440407,Lei Li,middle,4,,,,,,,,,,true,"Automatically extracted OpenAlex authorship/affiliation candidate; verify the author, institution, and location manually. No affiliation information provided by OpenAlex for this authorship."
https://openalex.org/W3169220064,true,https://openalex.org/A5071195738,Jiaqi Ji,middle,5,,,,,,,,,,true,"Automatically extracted OpenAlex authorship/affiliation candidate; verify the author, institution, and location manually. No affiliation information provided by OpenAlex for this authorship."
https://openalex.org/W3169220064,true,https://openalex.org/A5060270456,Xirong Li,middle,6,,,,,,,,,,true,"Automatically extracted OpenAlex authorship/affiliation candidate; verify the author, institution, and location manually. No affiliation information provided by OpenAlex for this authorship."
https://openalex.org/W3169220064,true,https://openalex.org/A5056776177,Sheng Tang,last,7,,,,,,,,,,true,"Automatically extracted OpenAlex authorship/affiliation candidate; verify the author, institution, and location manually. No affiliation information provided by OpenAlex for this authorship."
https://openalex.org/W2972023908,true,https://openalex.org/A5101577175,Kejun Zhang,first,1,https://openalex.org/I149594827,Xidian University,,,CN,05s92vm98,,,"Xidian University, Xi’an, China | Xidian University, Xi'an, China",true,"Automatically extracted OpenAlex authorship/affiliation candidate; verify the author, institution, and location manually."
https://openalex.org/W2972023908,true,https://openalex.org/A5101814743,Liang Yu,middle,2,https://openalex.org/I149594827,Xidian University,,,CN,05s92vm98,,,"Xidian University, Xi’an, China | Xidian University, Xi'an, China",true,"Automatically extracted OpenAlex authorship/affiliation candidate; verify the author, institution, and location manually."
https://openalex.org/W2972023908,true,https://openalex.org/A5101609539,Jianyi Zhang,middle,3,https://openalex.org/I202334528,Beijing Electronic Science and Technology Institute,,,CN,01xdzh226,,,"Beijing Electronic Science and Technology Institute, Beijing, China",true,"Automatically extracted OpenAlex authorship/affiliation candidate; verify the author, institution, and location manually."
https://openalex.org/W2972023908,true,https://openalex.org/A5100404719,Zhiqiang Wang,middle,4,,,,,,,,,"The State Information Center, Beijing, China",true,"Automatically extracted OpenAlex authorship/affiliation candidate; verify the author, institution, and location manually. Structured institution missing; preserved raw affiliation text for manual resolution."
https://openalex.org/W2972023908,true,https://openalex.org/A5100342845,Xinxin Li,last,5,https://openalex.org/I149594827,Xidian University,,,CN,05s92vm98,,,"Xidian University, Xi’an, China | Xidian University, Xi'an, China",true,"Automatically extracted OpenAlex authorship/affiliation candidate; verify the author, institution, and location manually."
https://openalex.org/W4297988790,true,https://openalex.org/A5085489082,Ali Raza,first,1,https://openalex.org/I4210102737,Khwaja Fareed University of Engineering and Information Technology,,,PK,0161dyt30,,,"Institute of Computer Science, Khwaja Fareed University of Engineering and Information Technology, Rahim Yar Khan 64200, Pakistan",true,"Automatically extracted OpenAlex authorship/affiliation candidate; verify the author, institution, and location manually."
https://openalex.org/W4297988790,true,https://openalex.org/A5039561400,Kashif Munir,middle,2,https://openalex.org/I4210102737,Khwaja Fareed University of Engineering and Information Technology,,,PK,0161dyt30,,,"Institute of Information Technology, Khawaja Fareed University of Engineering & IT, Rahim Yar Khan 64200, Pakistan",true,"Automatically extracted OpenAlex authorship/affiliation candidate; verify the author, institution, and location manually."
https://openalex.org/W4297988790,true,https://openalex.org/A5050698984,Mubarak Almutairi,last,3,https://openalex.org/I4210112337,University of Hafr Al-Batin,,,SA,021jt1927,,,"College of Computer Science and Engineering, University of Hafr Al Batin, Hafr Alabtin 31991, Saudi Arabia",true,"Automatically extracted OpenAlex authorship/affiliation candidate; verify the author, institution, and location manually."
https://openalex.org/W4402322120,true,https://openalex.org/A5111343960,R Maheshwari,first,1,https://openalex.org/I43663321,Hindustan Institute of Technology and Science,,,IN,037tgdn13,,,"Research Scholar, Hindusthan Institute of Technology, Coimbatore, India",true,"Automatically extracted OpenAlex authorship/affiliation candidate; verify the author, institution, and location manually."
https://openalex.org/W4402322120,true,https://openalex.org/A5103115869,B. Paulchamy,middle,2,https://openalex.org/I43663321,Hindustan Institute of Technology and Science,,,IN,037tgdn13,,,"Department of Electronics and Communication Engineering, Hindusthan Institute of Technology, Coimbatore, India",true,"Automatically extracted OpenAlex authorship/affiliation candidate; verify the author, institution, and location manually."
https://openalex.org/W4402322120,true,https://openalex.org/A5055726807,Binay Kumar Pandey,middle,3,https://openalex.org/I252758333,Govind Ballabh Pant University of Agriculture and Technology,,,IN,02msjvh03,,,"Department of Information Technology, College of Technology, Govind Ballabh Pant University of Agriculture and Technology Pantnagar, Udham Singh Nagar, Uttarakhand, India",true,"Automatically extracted OpenAlex authorship/affiliation candidate; verify the author, institution, and location manually."
https://openalex.org/W4402322120,true,https://openalex.org/A5047971894,Digvijay Pandey,last,4,,,,,,,,,"Department of Technical Education, Kanpur, Uttar Pradesh, India",true,"Automatically extracted OpenAlex authorship/affiliation candidate; verify the author, institution, and location manually. Structured institution missing; preserved raw affiliation text for manual resolution."
https://openalex.org/W4200434941,true,https://openalex.org/A5010239946,Hasin Shahed Shad,first,1,https://openalex.org/I157386601,North South University,,,BD,05wdbfp45,,,"Department of Electrical and Computer Engineering, North South University, Dhaka 1229, Bangladesh | Department of Electrical and Computer Engineering, North South University, Dhaka 1229",true,"Automatically extracted OpenAlex authorship/affiliation candidate; verify the author, institution, and location manually."
https://openalex.org/W4200434941,true,https://openalex.org/A5051280144,Md Mashfiq Rizvee,middle,2,https://openalex.org/I157386601,North South University,,,BD,05wdbfp45,,,"Department of Electrical and Computer Engineering, North South University, Dhaka 1229, Bangladesh | Department of Electrical and Computer Engineering, North South University, Dhaka 1229",true,"Automatically extracted OpenAlex authorship/affiliation candidate; verify the author, institution, and location manually."
https://openalex.org/W4200434941,true,https://openalex.org/A5035709454,Nishat Tasnim Roza,middle,3,https://openalex.org/I157386601,North South University,,,BD,05wdbfp45,,,"Department of Electrical and Computer Engineering, North South University, Dhaka 1229, Bangladesh | Department of Electrical and Computer Engineering, North South University, Dhaka 1229",true,"Automatically extracted OpenAlex authorship/affiliation candidate; verify the author, institution, and location manually."
https://openalex.org/W4200434941,true,https://openalex.org/A5072381104,S. M. Ahsanul Hoq,middle,4,https://openalex.org/I157386601,North South University,,,BD,05wdbfp45,,,"Department of Electrical and Computer Engineering, North South University, Dhaka 1229, Bangladesh | Department of Electrical and Computer Engineering, North South University, Dhaka 1229",true,"Automatically extracted OpenAlex authorship/affiliation candidate; verify the author, institution, and location manually."
https://openalex.org/W4200434941,true,https://openalex.org/A5028344189,Mohammad Monirujjaman Khan,middle,5,https://openalex.org/I157386601,North South University,,,BD,05wdbfp45,,,"Department of Electrical and Computer Engineering, North South University, Dhaka 1229, Bangladesh | Department of Electrical and Computer Engineering, North South University, Dhaka 1229",true,"Automatically extracted OpenAlex authorship/affiliation candidate; verify the author, institution, and location manually."
https://openalex.org/W4200434941,true,https://openalex.org/A5103135009,Arjun Singh,middle,6,https://openalex.org/I73779912,Manipal University Jaipur,,,IN,040h76494,,,"School of Computing and IT, Manipal University Jaipur, Jaipur, Rajasthan, India | School of Computing and IT, Manipal University Jaipur, Jaipur, Rajasthan",true,"Automatically extracted OpenAlex authorship/affiliation candidate; verify the author, institution, and location manually."
https://openalex.org/W4200434941,true,https://openalex.org/A5012608509,Atef Zaguia,middle,7,https://openalex.org/I179331831,Taif University,,,SA,014g1a453,,,"Department of Computer Science, College of Computers and Information Technology, Taif University, Taif 21944, Saudi Arabia | Department of Computer Science, College of Computers and Information Technology, Taif University, Taif 21944",true,"Automatically extracted OpenAlex authorship/affiliation candidate; verify the author, institution, and location manually."
https://openalex.org/W4200434941,true,https://openalex.org/A5024097894,Sami Bourouis,last,8,https://openalex.org/I179331831,Taif University,,,SA,014g1a453,,,"Department of Information Technology, College of Computers and Information Technology, Taif University, P.O. Box 11099, Taif 21944, Saudi Arabia | Department of Information Technology, College of Computers and Information Technology, Taif University, P.O. Box 11099, Taif 21944",true,"Automatically extracted OpenAlex authorship/affiliation candidate; verify the author, institution, and location manually."
https://openalex.org/W4395673009,true,https://openalex.org/A5095906619,Omar Alfarouk Hadi Hasan Al-Dulaimi,first,1,https://openalex.org/I4210115078,Middle Technical University,,,IQ,02fvkg758,,,"Electrical Engineering Technical College, Middle Technical University, Baghdad 10001, Iraq",true,"Automatically extracted OpenAlex authorship/affiliation candidate; verify the author, institution, and location manually."
https://openalex.org/W4395673009,true,https://openalex.org/A5095906619,Omar Alfarouk Hadi Hasan Al-Dulaimi,first,1,https://openalex.org/I42317466,Altınbaş University,,,TR,0145w8333,,,"Department of Electrical & Computer Engineering, Graduate School of Science and Engineering, Altinbas University, Istanbul 34218, Turkey",true,"Automatically extracted OpenAlex authorship/affiliation candidate; verify the author, institution, and location manually."
https://openalex.org/W4395673009,true,https://openalex.org/A5014434509,Sefer Kurnaz,last,2,https://openalex.org/I42317466,Altınbaş University,,,TR,0145w8333,,,"Department of Electrical & Computer Engineering, Graduate School of Science and Engineering, Altinbas University, Istanbul 34218, Turkey",true,"Automatically extracted OpenAlex authorship/affiliation candidate; verify the author, institution, and location manually."
https://openalex.org/W4285362588,true,https://openalex.org/A5044276817,Niteesh Kumar,first,1,https://openalex.org/I11880225,National Institute of Technology Karnataka,,,IN,01hz4v948,,,"NITK Surathkal,Dept. of IT,Karnataka,India",true,"Automatically extracted OpenAlex authorship/affiliation candidate; verify the author, institution, and location manually."
https://openalex.org/W4285362588,true,https://openalex.org/A5029155610,Prashant Pranav,middle,2,https://openalex.org/I11880225,National Institute of Technology Karnataka,,,IN,01hz4v948,,,"NITK Surathkal,Dept. of IT,Karnataka,India",true,"Automatically extracted OpenAlex authorship/affiliation candidate; verify the author, institution, and location manually."
https://openalex.org/W4285362588,true,https://openalex.org/A5052978444,Vishal Nirney,middle,3,https://openalex.org/I11880225,National Institute of Technology Karnataka,,,IN,01hz4v948,,,"NITK Surathkal,Dept. of IT,Karnataka,India",true,"Automatically extracted OpenAlex authorship/affiliation candidate; verify the author, institution, and location manually."
https://openalex.org/W4285362588,true,https://openalex.org/A5100649597,V. Geetha,last,4,https://openalex.org/I11880225,National Institute of Technology Karnataka,,,IN,01hz4v948,,,"NITK Surathkal,Dept. of IT,Karnataka,India",true,"Automatically extracted OpenAlex authorship/affiliation candidate; verify the author, institution, and location manually."
https://openalex.org/W4283452332,true,https://openalex.org/A5036992475,Davide Alessandro Coccomini,first,1,https://openalex.org/I122991210,"Istituto di Scienza e Tecnologie dell'Informazione ""Alessandro Faedo""",,,IT,05kacka20,,,"Inst. of Information Science and Technologies ""A. Faedo"", Consiglio Nazionale delle Ricerche, Pisa, Italy",true,"Automatically extracted OpenAlex authorship/affiliation candidate; verify the author, institution, and location manually."
https://openalex.org/W4283452332,true,https://openalex.org/A5036992475,Davide Alessandro Coccomini,first,1,https://openalex.org/I4210155236,National Research Council,,,IT,04zaypm56,,,"Inst. of Information Science and Technologies ""A. Faedo"", Consiglio Nazionale delle Ricerche, Pisa, Italy",true,"Automatically extracted OpenAlex authorship/affiliation candidate; verify the author, institution, and location manually."
https://openalex.org/W4283452332,true,https://openalex.org/A5038570344,Roberto Caldelli,middle,2,https://openalex.org/I4210099310,Consorzio Nazionale Interuniversitario per le Telecomunicazioni,,,IT,0182a5n39,,,"National Inter-University Consortium for Telecommunications (CNIT), Florence, Italy",true,"Automatically extracted OpenAlex authorship/affiliation candidate; verify the author, institution, and location manually."
https://openalex.org/W4283452332,true,https://openalex.org/A5047189288,Fabrizio Falchi,middle,3,https://openalex.org/I122991210,"Istituto di Scienza e Tecnologie dell'Informazione ""Alessandro Faedo""",,,IT,05kacka20,,,"Inst. of Information Science and Technologies ""A. Faedo"", Consiglio Nazionale delle Ricerche, Pisa, Italy",true,"Automatically extracted OpenAlex authorship/affiliation candidate; verify the author, institution, and location manually."
https://openalex.org/W4283452332,true,https://openalex.org/A5047189288,Fabrizio Falchi,middle,3,https://openalex.org/I4210155236,National Research Council,,,IT,04zaypm56,,,"Inst. of Information Science and Technologies ""A. Faedo"", Consiglio Nazionale delle Ricerche, Pisa, Italy",true,"Automatically extracted OpenAlex authorship/affiliation candidate; verify the author, institution, and location manually."
https://openalex.org/W4283452332,true,https://openalex.org/A5072879702,Claudio Gennaro,middle,4,https://openalex.org/I122991210,"Istituto di Scienza e Tecnologie dell'Informazione ""Alessandro Faedo""",,,IT,05kacka20,,,"Inst. of Information Science and Technologies ""A. Faedo"", Consiglio Nazionale delle Ricerche, Pisa, Italy",true,"Automatically extracted OpenAlex authorship/affiliation candidate; verify the author, institution, and location manually."
https://openalex.org/W4283452332,true,https://openalex.org/A5072879702,Claudio Gennaro,middle,4,https://openalex.org/I4210155236,National Research Council,,,IT,04zaypm56,,,"Inst. of Information Science and Technologies ""A. Faedo"", Consiglio Nazionale delle Ricerche, Pisa, Italy",true,"Automatically extracted OpenAlex authorship/affiliation candidate; verify the author, institution, and location manually."
https://openalex.org/W4283452332,true,https://openalex.org/A5072396889,Giuseppe Amato,last,5,https://openalex.org/I122991210,"Istituto di Scienza e Tecnologie dell'Informazione ""Alessandro Faedo""",,,IT,05kacka20,,,"Inst. of Information Science and Technologies ""A. Faedo"", Consiglio Nazionale delle Ricerche, Pisa, Italy",true,"Automatically extracted OpenAlex authorship/affiliation candidate; verify the author, institution, and location manually."
https://openalex.org/W4283452332,true,https://openalex.org/A5072396889,Giuseppe Amato,last,5,https://openalex.org/I4210155236,National Research Council,,,IT,04zaypm56,,,"Inst. of Information Science and Technologies ""A. Faedo"", Consiglio Nazionale delle Ricerche, Pisa, Italy",true,"Automatically extracted OpenAlex authorship/affiliation candidate; verify the author, institution, and location manually."
https://openalex.org/W4399978626,true,https://openalex.org/A5050224075,Zahra Nazemi Ashani,first,1,https://openalex.org/I130343225,Universiti Putra Malaysia,,,MY,02e91jd64,,,"Institute for Mathematical Research, Universiti Putra Malaysia, Jalan Universiti 1, 43400 Serdang, Selangor, Malaysia",true,"Automatically extracted OpenAlex authorship/affiliation candidate; verify the author, institution, and location manually."
https://openalex.org/W4402130168,true,https://openalex.org/A5044709278,Bogdan Ghita,first,1,https://openalex.org/I183935753,King's College London,,,GB,0220mzb33,,,"Ievgeniia Kuzminykh King's College London London, UK",true,"Automatically extracted OpenAlex authorship/affiliation candidate; verify the author, institution, and location manually."
https://openalex.org/W4402130168,true,https://openalex.org/A5044709278,Bogdan Ghita,first,1,https://openalex.org/I71422933,Sheffield Hallam University,,,GB,019wt1929,,,"Sheffield Hallam University Sheffield, UK",true,"Automatically extracted OpenAlex authorship/affiliation candidate; verify the author, institution, and location manually."
https://openalex.org/W4402130168,true,https://openalex.org/A5044709278,Bogdan Ghita,first,1,https://openalex.org/I84027002,Leeds Beckett University,,,GB,02xsh5r57,,,"Leeds Beckett University Leeds, UK",true,"Automatically extracted OpenAlex authorship/affiliation candidate; verify the author, institution, and location manually."
https://openalex.org/W4402130168,true,https://openalex.org/A5044709278,Bogdan Ghita,first,1,https://openalex.org/I897542642,University of Plymouth,,,GB,008n7pv89,,,"University of Plymouth,Plymouth,UK | University of Plymouth Plymouth, UK",true,"Automatically extracted OpenAlex authorship/affiliation candidate; verify the author, institution, and location manually."
https://openalex.org/W4402130168,true,https://openalex.org/A5010458580,Ievgeniia Kuzminykh,middle,2,https://openalex.org/I183935753,King's College London,,,GB,0220mzb33,,,"King&#x0027;s College London,London,UK",true,"Automatically extracted OpenAlex authorship/affiliation candidate; verify the author, institution, and location manually."
https://openalex.org/W4402130168,true,https://openalex.org/A5106931890,Abubakar Usama,middle,3,https://openalex.org/I183935753,King's College London,,,GB,0220mzb33,,,"Ievgeniia Kuzminykh King's College London London, UK",true,"Automatically extracted OpenAlex authorship/affiliation candidate; verify the author, institution, and location manually."
https://openalex.org/W4402130168,true,https://openalex.org/A5106931890,Abubakar Usama,middle,3,https://openalex.org/I71422933,Sheffield Hallam University,,,GB,019wt1929,,,"Sheffield Hallam University Sheffield, UK",true,"Automatically extracted OpenAlex authorship/affiliation candidate; verify the author, institution, and location manually."
https://openalex.org/W4402130168,true,https://openalex.org/A5106931890,Abubakar Usama,middle,3,https://openalex.org/I84027002,Leeds Beckett University,,,GB,02xsh5r57,,,"Leeds Beckett University Leeds, UK",true,"Automatically extracted OpenAlex authorship/affiliation candidate; verify the author, institution, and location manually."
https://openalex.org/W4402130168,true,https://openalex.org/A5106931890,Abubakar Usama,middle,3,https://openalex.org/I897542642,University of Plymouth,,,GB,008n7pv89,,,"University of Plymouth,Plymouth,UK | University of Plymouth Plymouth, UK",true,"Automatically extracted OpenAlex authorship/affiliation candidate; verify the author, institution, and location manually."
https://openalex.org/W4402130168,true,https://openalex.org/A5079692899,Taimur Bakhshi,middle,4,https://openalex.org/I183935753,King's College London,,,GB,0220mzb33,,,"Ievgeniia Kuzminykh King's College London London, UK",true,"Automatically extracted OpenAlex authorship/affiliation candidate; verify the author, institution, and location manually."
https://openalex.org/W4402130168,true,https://openalex.org/A5079692899,Taimur Bakhshi,middle,4,https://openalex.org/I71422933,Sheffield Hallam University,,,GB,019wt1929,,,"Sheffield Hallam University Sheffield, UK",true,"Automatically extracted OpenAlex authorship/affiliation candidate; verify the author, institution, and location manually."
https://openalex.org/W4402130168,true,https://openalex.org/A5079692899,Taimur Bakhshi,middle,4,https://openalex.org/I84027002,Leeds Beckett University,,,GB,02xsh5r57,,,"Leeds Beckett University,Leeds,UK | Leeds Beckett University Leeds, UK",true,"Automatically extracted OpenAlex authorship/affiliation candidate; verify the author, institution, and location manually."
https://openalex.org/W4402130168,true,https://openalex.org/A5079692899,Taimur Bakhshi,middle,4,https://openalex.org/I897542642,University of Plymouth,,,GB,008n7pv89,,,"University of Plymouth Plymouth, UK",true,"Automatically extracted OpenAlex authorship/affiliation candidate; verify the author, institution, and location manually."
https://openalex.org/W4402130168,true,https://openalex.org/A5047607833,Jims Marchang,last,5,https://openalex.org/I183935753,King's College London,,,GB,0220mzb33,,,"Ievgeniia Kuzminykh King's College London London, UK",true,"Automatically extracted OpenAlex authorship/affiliation candidate; verify the author, institution, and location manually."
https://openalex.org/W4402130168,true,https://openalex.org/A5047607833,Jims Marchang,last,5,https://openalex.org/I71422933,Sheffield Hallam University,,,GB,019wt1929,,,"Sheffield Hallam University,Sheffield,UK | Sheffield Hallam University Sheffield, UK",true,"Automatically extracted OpenAlex authorship/affiliation candidate; verify the author, institution, and location manually."
https://openalex.org/W4402130168,true,https://openalex.org/A5047607833,Jims Marchang,last,5,https://openalex.org/I84027002,Leeds Beckett University,,,GB,02xsh5r57,,,"Leeds Beckett University Leeds, UK",true,"Automatically extracted OpenAlex authorship/affiliation candidate; verify the author, institution, and location manually."
https://openalex.org/W4402130168,true,https://openalex.org/A5047607833,Jims Marchang,last,5,https://openalex.org/I897542642,University of Plymouth,,,GB,008n7pv89,,,"University of Plymouth Plymouth, UK",true,"Automatically extracted OpenAlex authorship/affiliation candidate; verify the author, institution, and location manually."
https://openalex.org/W4402264364,true,https://openalex.org/A5080038295,Sifat Muhammad Abdullah,first,1,https://openalex.org/I859038795,Virginia Tech,,,US,02smfhw86,,,Virginia Tech,true,"Automatically extracted OpenAlex authorship/affiliation candidate; verify the author, institution, and location manually."
https://openalex.org/W4402264364,true,https://openalex.org/A5041581395,Aravind Cheruvu,middle,2,https://openalex.org/I859038795,Virginia Tech,,,US,02smfhw86,,,Virginia Tech,true,"Automatically extracted OpenAlex authorship/affiliation candidate; verify the author, institution, and location manually."
https://openalex.org/W4402264364,true,https://openalex.org/A5076866329,Shravya Kanchi,middle,3,https://openalex.org/I859038795,Virginia Tech,,,US,02smfhw86,,,Virginia Tech,true,"Automatically extracted OpenAlex authorship/affiliation candidate; verify the author, institution, and location manually."
https://openalex.org/W4402264364,true,https://openalex.org/A5101705523,Taejoong Chung,middle,4,https://openalex.org/I859038795,Virginia Tech,,,US,02smfhw86,,,Virginia Tech,true,"Automatically extracted OpenAlex authorship/affiliation candidate; verify the author, institution, and location manually."
https://openalex.org/W4402264364,true,https://openalex.org/A5051836631,Peng Gao,middle,5,https://openalex.org/I859038795,Virginia Tech,,,US,02smfhw86,,,Virginia Tech,true,"Automatically extracted OpenAlex authorship/affiliation candidate; verify the author, institution, and location manually."
https://openalex.org/W4402264364,true,https://openalex.org/A5012114492,Murtuza Jadliwala,middle,6,https://openalex.org/I859038795,Virginia Tech,,,US,02smfhw86,,,Virginia Tech,true,"Automatically extracted OpenAlex authorship/affiliation candidate; verify the author, institution, and location manually."
https://openalex.org/W4402264364,true,https://openalex.org/A5022718146,Bimal Viswanath,last,7,https://openalex.org/I859038795,Virginia Tech,,,US,02smfhw86,,,Virginia Tech,true,"Automatically extracted OpenAlex authorship/affiliation candidate; verify the author, institution, and location manually."
https://openalex.org/W4408018363,true,,Pranav Sathe,first,1,https://openalex.org/I188963388,International Institute of Information Technology,,,IN,02dernx73,,,"Vishwakarma Institute of Information Technology,Department of CSE &#x2013; Artificial Intelligence,Pune,India",true,"Automatically extracted OpenAlex authorship/affiliation candidate; verify the author, institution, and location manually. OpenAlex author ID missing."
https://openalex.org/W4408018363,true,https://openalex.org/A5116448065,Varad Sabane,middle,2,https://openalex.org/I188963388,International Institute of Information Technology,,,IN,02dernx73,,,"Vishwakarma Institute of Information Technology,Department of CSE &#x2013; Artificial Intelligence,Pune,India",true,"Automatically extracted OpenAlex authorship/affiliation candidate; verify the author, institution, and location manually."
https://openalex.org/W4408018363,true,https://openalex.org/A5116448066,Chaitanya Undale,middle,3,https://openalex.org/I188963388,International Institute of Information Technology,,,IN,02dernx73,,,"Vishwakarma Institute of Information Technology,Department of CSE &#x2013; Artificial Intelligence,Pune,India",true,"Automatically extracted OpenAlex authorship/affiliation candidate; verify the author, institution, and location manually."
https://openalex.org/W4408018363,true,https://openalex.org/A5116448067,Atharva Uttarkar,middle,4,https://openalex.org/I188963388,International Institute of Information Technology,,,IN,02dernx73,,,"Vishwakarma Institute of Information Technology,Department of CSE &#x2013; Artificial Intelligence,Pune,India",true,"Automatically extracted OpenAlex authorship/affiliation candidate; verify the author, institution, and location manually."
https://openalex.org/W4408018363,true,https://openalex.org/A5116448068,Vaibhav Chavhan,middle,5,https://openalex.org/I188963388,International Institute of Information Technology,,,IN,02dernx73,,,"Vishwakarma Institute of Information Technology,Department of CSE &#x2013; Artificial Intelligence,Pune,India",true,"Automatically extracted OpenAlex authorship/affiliation candidate; verify the author, institution, and location manually."
https://openalex.org/W4408018363,true,https://openalex.org/A5018002262,Nilesh P. Sable,middle,6,https://openalex.org/I188963388,International Institute of Information Technology,,,IN,02dernx73,,,"Vishwakarma Institute of Information Technology,Department of CSE &#x2013; Artificial Intelligence,Pune,India",true,"Automatically extracted OpenAlex authorship/affiliation candidate; verify the author, institution, and location manually."
https://openalex.org/W4408018363,true,https://openalex.org/A5083563373,Anuradha Yenkikar,last,7,https://openalex.org/I188963388,International Institute of Information Technology,,,IN,02dernx73,,,"Vishwakarma Institute of Information Technology,Department of CSE &#x2013; Artificial Intelligence,Pune,India",true,"Automatically extracted OpenAlex authorship/affiliation candidate; verify the author, institution, and location manually."
https://openalex.org/W4406611495,true,https://openalex.org/A5091785888,Reena S. Satpute,first,1,https://openalex.org/I4210132416,Allied Services,,,US,02trh1t47,,,"DMIHER,School of Allied Sciences,Sawangi (M)",true,"Automatically extracted OpenAlex authorship/affiliation candidate; verify the author, institution, and location manually."
https://openalex.org/W4406611495,true,https://openalex.org/A5115947072,Chidozie Peter Onwe,last,2,https://openalex.org/I189917405,Dominican University,,,US,01qww1p93,,,"Dominican University,Department of Computer Science,Ibadan,Nigeria",true,"Automatically extracted OpenAlex authorship/affiliation candidate; verify the author, institution, and location manually."
https://openalex.org/W4388851105,true,https://openalex.org/A5086695777,Arash Heidari,first,1,https://openalex.org/I25010766,Haliç University,,,TR,022xhck05,,,Department of Software Engineering Haliç University Istanbul Turkey,true,"Automatically extracted OpenAlex authorship/affiliation candidate; verify the author, institution, and location manually."
https://openalex.org/W4388851105,true,https://openalex.org/A5007907571,Nima Jafari Navimipour,middle,2,https://openalex.org/I132286405,Kadir Has University,,,TR,03zzckc47,,,"Department of Computer Engineering Kadir Has Universitesi Istanbul Turkey | Department of Computer Engineering, Kadir Has Universitesi, Istanbul, Turkey",true,"Automatically extracted OpenAlex authorship/affiliation candidate; verify the author, institution, and location manually."
https://openalex.org/W4388851105,true,https://openalex.org/A5007907571,Nima Jafari Navimipour,middle,2,https://openalex.org/I75357094,National Yunlin University of Science and Technology,,,TW,04qkq2m54,,,"Future Technology Research Center National Yunlin University of Science and Technology Douliou Taiwan | Future Technology Research Center, National Yunlin University of Science and Technology, Douliou, Taiwan",true,"Automatically extracted OpenAlex authorship/affiliation candidate; verify the author, institution, and location manually."
https://openalex.org/W4388851105,true,https://openalex.org/A5033033910,Hasan Dağ,middle,3,https://openalex.org/I132286405,Kadir Has University,,,TR,03zzckc47,,,"Management Information Systems Kadir Has Universitesi Istanbul Turkey | Management Information Systems, Kadir Has Universitesi, Istanbul, Turkey",true,"Automatically extracted OpenAlex authorship/affiliation candidate; verify the author, institution, and location manually."
https://openalex.org/W4388851105,true,https://openalex.org/A5000387573,Mehmet Ünal,last,4,https://openalex.org/I282159120,İstanbul Nişantaşı Üniversitesi,,,TR,04tah3159,,,"Department of Computer Engineering Nisantasi Universitesi Istanbul Turkey | Department of Computer Engineering, Nisantasi Universitesi, Istanbul, Turkey",true,"Automatically extracted OpenAlex authorship/affiliation candidate; verify the author, institution, and location manually."
https://openalex.org/W3084142230,true,https://openalex.org/A5103673106,Xu Chang,first,1,https://openalex.org/I4210102264,Shandong University of Political Science and Law,,,CN,01b2j5886,,,"School of Cyber Security, Shandong University of Political Science and Law, Jinan",true,"Automatically extracted OpenAlex authorship/affiliation candidate; verify the author, institution, and location manually."
https://openalex.org/W3084142230,true,https://openalex.org/A5036062376,Jian Wu,middle,2,https://openalex.org/I4210102264,Shandong University of Political Science and Law,,,CN,01b2j5886,,,"School of Cyber Security, Shandong University of Political Science and Law, Jinan",true,"Automatically extracted OpenAlex authorship/affiliation candidate; verify the author, institution, and location manually."
https://openalex.org/W3084142230,true,https://openalex.org/A5110709466,Tongfeng Yang,middle,3,https://openalex.org/I4210102264,Shandong University of Political Science and Law,,,CN,01b2j5886,,,"School of Cyber Security, Shandong University of Political Science and Law, Jinan",true,"Automatically extracted OpenAlex authorship/affiliation candidate; verify the author, institution, and location manually."
https://openalex.org/W3084142230,true,https://openalex.org/A5101089610,Guorui Feng,last,4,https://openalex.org/I4210102264,Shandong University of Political Science and Law,,,CN,01b2j5886,,,"School of Cyber Security, Shandong University of Political Science and Law, Jinan",true,"Automatically extracted OpenAlex authorship/affiliation candidate; verify the author, institution, and location manually."
https://openalex.org/W3173581984,true,https://openalex.org/A5077963452,Yuval Nirkin,first,1,https://openalex.org/I13955877,Bar-Ilan University,,,IL,03kgsv495,,,"Faculty of Engineering, Bar Ilan University, Ramat Gan, Israel",true,"Automatically extracted OpenAlex authorship/affiliation candidate; verify the author, institution, and location manually."
https://openalex.org/W3173581984,true,https://openalex.org/A5078102229,Lior Wolf,middle,2,https://openalex.org/I16391192,Tel Aviv University,,,IL,04mhzgx49,,,"Tel Aviv University, Tel Aviv, Israel",true,"Automatically extracted OpenAlex authorship/affiliation candidate; verify the author, institution, and location manually."
https://openalex.org/W3173581984,true,https://openalex.org/A5031057283,Yosi Keller,middle,3,https://openalex.org/I13955877,Bar-Ilan University,,,IL,03kgsv495,,,"Faculty of Engineering, Bar Ilan University, Ramat Gan, Israel",true,"Automatically extracted OpenAlex authorship/affiliation candidate; verify the author, institution, and location manually."
https://openalex.org/W3173581984,true,https://openalex.org/A5075765401,Tal Hassner,last,4,https://openalex.org/I4210099336,Menlo School,,,US,01240pn49,,,"Facebook AI, Menlo Park, CA, USA",true,"Automatically extracted OpenAlex authorship/affiliation candidate; verify the author, institution, and location manually."
https://openalex.org/W3173581984,true,https://openalex.org/A5075765401,Tal Hassner,last,4,https://openalex.org/I4210114444,Meta (United States),,,US,01zbnvs85,,,"Facebook AI, Menlo Park, CA, USA",true,"Automatically extracted OpenAlex authorship/affiliation candidate; verify the author, institution, and location manually."
https://openalex.org/W4410253117,true,https://openalex.org/A5110529548,Arvanitis Theodoros N.,first,1,https://openalex.org/I158338959,University of Kerala,,,IN,05tqa9940,,,"Department of Computer Science, University of Kerala, Kariavattom, Thiruvananthapuram, Kerala, India",true,"Automatically extracted OpenAlex authorship/affiliation candidate; verify the author, institution, and location manually."
https://openalex.org/W4410253117,true,https://openalex.org/A5055051277,Philomina Simon,last,2,https://openalex.org/I158338959,University of Kerala,,,IN,05tqa9940,,,"Department of Computer Science, University of Kerala, Kariavattom, Thiruvananthapuram, Kerala, India",true,"Automatically extracted OpenAlex authorship/affiliation candidate; verify the author, institution, and location manually."
https://openalex.org/W4394009764,true,https://openalex.org/A5108915665,Mrs. Prajwal S,first,1,https://openalex.org/I4387153387,AISSMS Institute of Information Technology,,,,01bg3pz19,,,"Department of Computer Engineering AISSMS Institute of Information Technology, Pune",true,"Automatically extracted OpenAlex authorship/affiliation candidate; verify the author, institution, and location manually."
https://openalex.org/W4408401076,true,https://openalex.org/A5027806216,Lee Kar Yee,first,1,https://openalex.org/I930072361,Tun Hussein Onn University of Malaysia,,,MY,01c5wha71,,,"Universiti Tun Hussein Onn Malaysia,Department of Information Security &#x0026; Web Technology,Johor,Malaysia",true,"Automatically extracted OpenAlex authorship/affiliation candidate; verify the author, institution, and location manually."
https://openalex.org/W4408401076,true,https://openalex.org/A5027031799,Isredza Rahmi A. Hamid,middle,2,https://openalex.org/I930072361,Tun Hussein Onn University of Malaysia,,,MY,01c5wha71,,,"Universiti Tun Hussein Onn Malaysia,Department of Information Security &#x0026; Web Technology,Johor,Malaysia",true,"Automatically extracted OpenAlex authorship/affiliation candidate; verify the author, institution, and location manually."
https://openalex.org/W4408401076,true,https://openalex.org/A5116608177,Chuah ChaiWen,middle,3,,,,,,,,,"Guangdong University of Science &#x0026; Technology,Dongguan,China",true,"Automatically extracted OpenAlex authorship/affiliation candidate; verify the author, institution, and location manually. Structured institution missing; preserved raw affiliation text for manual resolution."
https://openalex.org/W4408401076,true,https://openalex.org/A5016203256,Zubaile Abdullah,middle,4,https://openalex.org/I930072361,Tun Hussein Onn University of Malaysia,,,MY,01c5wha71,,,"Universiti Tun Hussein Onn Malaysia,Department of Information Security &#x0026; Web Technology,Johor,Malaysia",true,"Automatically extracted OpenAlex authorship/affiliation candidate; verify the author, institution, and location manually."
https://openalex.org/W4408401076,true,https://openalex.org/A5066128140,Kuryati Kipli,middle,5,https://openalex.org/I41461413,Universiti Malaysia Sarawak,,,MY,05b307002,,,"Universiti Malaysia Sarawak,Department of Electrical and Electronic Engineering,Sarawak,Malaysia",true,"Automatically extracted OpenAlex authorship/affiliation candidate; verify the author, institution, and location manually."
https://openalex.org/W4408401076,true,https://openalex.org/A5042265520,Cik Feresa Mohd Foozy,last,6,https://openalex.org/I930072361,Tun Hussein Onn University of Malaysia,,,MY,01c5wha71,,,"Universiti Tun Hussein Onn Malaysia,Department of Information Security &#x0026; Web Technology,Johor,Malaysia",true,"Automatically extracted OpenAlex authorship/affiliation candidate; verify the author, institution, and location manually."
https://openalex.org/W4389633690,true,https://openalex.org/A5012674375,Y. G. Patel,first,1,https://openalex.org/I165831266,Nirma University,,,IN,05qkq7x38,,,"Department of Computer Science and Engineering, Institute of Technology, Nirma University, Ahmedabad, Gujarat, India",true,"Automatically extracted OpenAlex authorship/affiliation candidate; verify the author, institution, and location manually."
https://openalex.org/W4389633690,true,https://openalex.org/A5089077811,Sudeep Tanwar,middle,2,https://openalex.org/I165831266,Nirma University,,,IN,05qkq7x38,,,"Department of Computer Science and Engineering, Institute of Technology, Nirma University, Ahmedabad, Gujarat, India",true,"Automatically extracted OpenAlex authorship/affiliation candidate; verify the author, institution, and location manually."
https://openalex.org/W4389633690,true,https://openalex.org/A5058080028,Rajesh Gupta,middle,3,https://openalex.org/I165831266,Nirma University,,,IN,05qkq7x38,,,"Department of Computer Science and Engineering, Institute of Technology, Nirma University, Ahmedabad, Gujarat, India",true,"Automatically extracted OpenAlex authorship/affiliation candidate; verify the author, institution, and location manually."
https://openalex.org/W4389633690,true,https://openalex.org/A5053527968,Pronaya Bhattacharya,middle,4,,,,,,,,,"Department of Computer Science and Engineering, Amity School of Engineering and Technology, Amity University, Kolkata, India",true,"Automatically extracted OpenAlex authorship/affiliation candidate; verify the author, institution, and location manually. Structured institution missing; preserved raw affiliation text for manual resolution."
https://openalex.org/W4389633690,true,https://openalex.org/A5079249544,Innocent E. Davidson,middle,5,https://openalex.org/I159253421,Cape Peninsula University of Technology,,,ZA,056e9h402,,,"Department of Electrical, Electronic and Computer Engineering, African Space Innovation Center, Cape Peninsula University of Technology, Bellville, South Africa | Dept. of Electrical, Electronic and Computer Engineering, African Space Innovation Center / French-South African, Institute of Technology, Cape Peninsula University of Technology, Bellville, South Africa",true,"Automatically extracted OpenAlex authorship/affiliation candidate; verify the author, institution, and location manually."
https://openalex.org/W4389633690,true,https://openalex.org/A5093476319,Royi Nyameko,middle,6,https://openalex.org/I159253421,Cape Peninsula University of Technology,,,ZA,056e9h402,,,"Department of Electrical, Electronic and Computer Engineering, African Space Innovation Center, Cape Peninsula University of Technology, Bellville, South Africa | Dept. of Electrical, Electronic and Computer Engineering, African Space Innovation Center / French-South African, Institute of Technology, Cape Peninsula University of Technology, Bellville, South Africa",true,"Automatically extracted OpenAlex authorship/affiliation candidate; verify the author, institution, and location manually."
https://openalex.org/W4389633690,true,https://openalex.org/A5048718686,Srinivas Aluvala,middle,7,,,,,,,,,"Department of Computer Science and Artificial Intelligence, SR University, Warangal, Telangana, India",true,"Automatically extracted OpenAlex authorship/affiliation candidate; verify the author, institution, and location manually. Structured institution missing; preserved raw affiliation text for manual resolution."
https://openalex.org/W4389633690,true,https://openalex.org/A5058856424,Vrince Vimal,last,8,https://openalex.org/I60054993,Graphic Era University,,,IN,03wqgqd89,,,"Department of Computer Science and Engineering, Graphic Era Hill University, Dehradun, India | Graphic Era Hill University Dehradun and Graphic Era Deemed to be University, Dehradun, Uttarakhand, India",true,"Automatically extracted OpenAlex authorship/affiliation candidate; verify the author, institution, and location manually."
https://openalex.org/W4402353496,true,https://openalex.org/A5033859989,T. Manju,first,1,https://openalex.org/I4210101093,St. Joseph's Institute of Technology,,,IN,012npkr10,,,"St. Joseph&#x2019;s Institute of Technology,Information Technology,Chennai,Tamil Nadu",true,"Automatically extracted OpenAlex authorship/affiliation candidate; verify the author, institution, and location manually."
https://openalex.org/W4402353496,true,https://openalex.org/A5099093978,S. Kalarani,last,2,https://openalex.org/I4210109528,PSG INSTITUTE OF TECHNOLOGY AND APPLIED RESEARCH,,,IN,01sa9ng67,,,"PSG Institute of Technology and Applied Research,Department of Computer Science and Engineering,Coimbatore,Tamil Nadu",true,"Automatically extracted OpenAlex authorship/affiliation candidate; verify the author, institution, and location manually."
https://openalex.org/W4283712107,true,https://openalex.org/A5018696781,Saadaldeen Rashid Ahmed,first,1,https://openalex.org/I173761726,Karabük University,,,TR,04wy7gp54,,,"Karabuk University,Computer Engineering,Karabuk,Turkey | Computer Engineering, Karabuk University, Karabuk, Turkey",true,"Automatically extracted OpenAlex authorship/affiliation candidate; verify the author, institution, and location manually."
https://openalex.org/W4283712107,true,https://openalex.org/A5042043447,Emrullah Sonuç,middle,2,https://openalex.org/I173761726,Karabük University,,,TR,04wy7gp54,,,"Karabuk University,Computer Engineering,Karabuk,Turkey | Computer Engineering, Karabuk University, Karabuk, Turkey",true,"Automatically extracted OpenAlex authorship/affiliation candidate; verify the author, institution, and location manually."
https://openalex.org/W4283712107,true,https://openalex.org/A5018093102,Mohammed Rashid Ahmed,middle,3,https://openalex.org/I173761726,Karabük University,,,TR,04wy7gp54,,,"Karabuk University,Computer Engineering,Karabuk,Turkey | Computer Engineering, Karabuk University, Karabuk, Turkey",true,"Automatically extracted OpenAlex authorship/affiliation candidate; verify the author, institution, and location manually."
https://openalex.org/W4283712107,true,https://openalex.org/A5068421444,Adil Deniz Duru,last,4,https://openalex.org/I74897591,Marmara University,,,TR,02kswqa67,,,"Marmara University,Physical Education and Sports,Istanbul,Turkey | Physical Education and Sports, Marmara University, Istanbul, Turkey",true,"Automatically extracted OpenAlex authorship/affiliation candidate; verify the author, institution, and location manually."
https://openalex.org/W4408853348,true,https://openalex.org/A5116802770,Lutfi Emre Demir,first,1,https://openalex.org/I46017,Kahramanmaraş Sütçü İmam University,,,TR,03gn5cg19,,,KAHRAMANMARAS SUTCU IMAM UNIVERSITY,true,"Automatically extracted OpenAlex authorship/affiliation candidate; verify the author, institution, and location manually."
https://openalex.org/W4408853348,true,https://openalex.org/A5074509228,Yavuz Canbay,last,2,https://openalex.org/I46017,Kahramanmaraş Sütçü İmam University,,,TR,03gn5cg19,,,"Kahramanmaraş Sütçü İmam Üniversitesi, Mühendislik ve Mimarlık Fakültesi, Bilgisayar Mühendisliği Bölümü",true,"Automatically extracted OpenAlex authorship/affiliation candidate; verify the author, institution, and location manually."
https://openalex.org/W3170631962,true,https://openalex.org/A5029156019,Moritz Wolter,first,1,,,,,,,,,,true,"Automatically extracted OpenAlex authorship/affiliation candidate; verify the author, institution, and location manually. No affiliation information provided by OpenAlex for this authorship."
https://openalex.org/W3170631962,true,https://openalex.org/A5002790877,Felix Blanke,middle,2,https://openalex.org/I4923324,Fraunhofer-Gesellschaft,,,DE,05hkkdn48,,,Fraunhofer Society,true,"Automatically extracted OpenAlex authorship/affiliation candidate; verify the author, institution, and location manually."
https://openalex.org/W3170631962,true,https://openalex.org/A5065488553,Charles Tapley Hoyt,middle,3,,,,,,,,,,true,"Automatically extracted OpenAlex authorship/affiliation candidate; verify the author, institution, and location manually. No affiliation information provided by OpenAlex for this authorship."
https://openalex.org/W3170631962,true,https://openalex.org/A5068763843,Jochen Garcke,last,4,https://openalex.org/I135140700,University of Bonn,,,DE,041nas322,,,University of Bonn > > > >,true,"Automatically extracted OpenAlex authorship/affiliation candidate; verify the author, institution, and location manually."
https://openalex.org/W3128257465,true,https://openalex.org/A5063383154,K. Remya Revi,first,1,https://openalex.org/I3129367976,APJ Abdul Kalam Technological University,,,IN,04yn30r61,,,"Saintgits College of Engineering, APJ Abdul Kalam Technological University, Thiruvananthapuram, Kerala, India",true,"Automatically extracted OpenAlex authorship/affiliation candidate; verify the author, institution, and location manually."
https://openalex.org/W3128257465,true,https://openalex.org/A5103953466,Kamma Vidya,middle,2,https://openalex.org/I3129367976,APJ Abdul Kalam Technological University,,,IN,04yn30r61,,,"Saintgits College of Engineering, APJ Abdul Kalam Technological University, Thiruvananthapuram, Kerala, India",true,"Automatically extracted OpenAlex authorship/affiliation candidate; verify the author, institution, and location manually."
https://openalex.org/W3128257465,true,https://openalex.org/A5089737329,M. Wilscy,last,3,https://openalex.org/I3129367976,APJ Abdul Kalam Technological University,,,IN,04yn30r61,,,"Saintgits College of Engineering, APJ Abdul Kalam Technological University, Thiruvananthapuram, Kerala, India",true,"Automatically extracted OpenAlex authorship/affiliation candidate; verify the author, institution, and location manually."
https://openalex.org/W3045755384,true,https://openalex.org/A5085593383,Thanh Thi Nguyen,first,1,https://openalex.org/I149704539,Deakin University,,,AU,02czsnj07,,,Deakin University,true,"Automatically extracted OpenAlex authorship/affiliation candidate; verify the author, institution, and location manually."
https://openalex.org/W3045755384,true,https://openalex.org/A5067202112,Minh Chau Nguyen,middle,2,,,,,,,,,,true,"Automatically extracted OpenAlex authorship/affiliation candidate; verify the author, institution, and location manually. No affiliation information provided by OpenAlex for this authorship."
https://openalex.org/W3045755384,true,https://openalex.org/A5100690911,Dung T. Nguyen,middle,3,,,,,,,,,,true,"Automatically extracted OpenAlex authorship/affiliation candidate; verify the author, institution, and location manually. No affiliation information provided by OpenAlex for this authorship."
https://openalex.org/W3045755384,true,https://openalex.org/A5024634557,Duc Thanh Nguyen,middle,4,,,,,,,,,,true,"Automatically extracted OpenAlex authorship/affiliation candidate; verify the author, institution, and location manually. No affiliation information provided by OpenAlex for this authorship."
https://openalex.org/W3045755384,true,https://openalex.org/A5015293969,Saeid Nahavandi,last,5,,,,,,,,,,true,"Automatically extracted OpenAlex authorship/affiliation candidate; verify the author, institution, and location manually. No affiliation information provided by OpenAlex for this authorship."
https://openalex.org/W4406867188,true,https://openalex.org/A5101543487,Guorong Chen,first,1,https://openalex.org/I168337820,Chongqing University of Science and Technology,,,CN,03n3v6d52,,,"School of Intelligent Technology and Engineering, Chongqing University of Science and Technology, No. 20, Daxuecheng East Road, Shapingba District, Chongqing 401331, China",true,"Automatically extracted OpenAlex authorship/affiliation candidate; verify the author, institution, and location manually."
https://openalex.org/W4406867188,true,https://openalex.org/A5112943483,Chongling Du,middle,2,https://openalex.org/I168337820,Chongqing University of Science and Technology,,,CN,03n3v6d52,,,"School of Intelligent Technology and Engineering, Chongqing University of Science and Technology, No. 20, Daxuecheng East Road, Shapingba District, Chongqing 401331, China",true,"Automatically extracted OpenAlex authorship/affiliation candidate; verify the author, institution, and location manually."
https://openalex.org/W4406867188,true,https://openalex.org/A5101559700,Yu Yuan,middle,3,https://openalex.org/I168337820,Chongqing University of Science and Technology,,,CN,03n3v6d52,,,"School of Intelligent Technology and Engineering, Chongqing University of Science and Technology, No. 20, Daxuecheng East Road, Shapingba District, Chongqing 401331, China",true,"Automatically extracted OpenAlex authorship/affiliation candidate; verify the author, institution, and location manually."
https://openalex.org/W4406867188,true,https://openalex.org/A5050748116,Hong Hu,middle,4,https://openalex.org/I168337820,Chongqing University of Science and Technology,,,CN,03n3v6d52,,,"School of Intelligent Technology and Engineering, Chongqing University of Science and Technology, No. 20, Daxuecheng East Road, Shapingba District, Chongqing 401331, China",true,"Automatically extracted OpenAlex authorship/affiliation candidate; verify the author, institution, and location manually."
https://openalex.org/W4406867188,true,https://openalex.org/A5058435746,Hongjun Duan,middle,5,https://openalex.org/I168337820,Chongqing University of Science and Technology,,,CN,03n3v6d52,,,"School of Intelligent Technology and Engineering, Chongqing University of Science and Technology, No. 20, Daxuecheng East Road, Shapingba District, Chongqing 401331, China",true,"Automatically extracted OpenAlex authorship/affiliation candidate; verify the author, institution, and location manually."
https://openalex.org/W4406867188,true,https://openalex.org/A5063471224,Huazheng Zhu,last,6,https://openalex.org/I168337820,Chongqing University of Science and Technology,,,CN,03n3v6d52,,,"School of Intelligent Technology and Engineering, Chongqing University of Science and Technology, No. 20, Daxuecheng East Road, Shapingba District, Chongqing 401331, China",true,"Automatically extracted OpenAlex authorship/affiliation candidate; verify the author, institution, and location manually."
https://openalex.org/W4413144523,true,https://openalex.org/A5111756734,Zhenglin Huang,first,1,https://openalex.org/I146655781,University of Liverpool,,,GB,04xs57h96,,,"University of Liverpool,UK",true,"Automatically extracted OpenAlex authorship/affiliation candidate; verify the author, institution, and location manually."
https://openalex.org/W4413144523,true,https://openalex.org/A5101242822,Jinwei Hu,middle,2,https://openalex.org/I146655781,University of Liverpool,,,GB,04xs57h96,,,"University of Liverpool,UK",true,"Automatically extracted OpenAlex authorship/affiliation candidate; verify the author, institution, and location manually."
https://openalex.org/W4413144523,true,https://openalex.org/A5089900108,Xiangtai Li,middle,3,https://openalex.org/I172675005,Nanyang Technological University,,,SG,02e7b5302,,,"Nanyang Technological University,SG",true,"Automatically extracted OpenAlex authorship/affiliation candidate; verify the author, institution, and location manually."
https://openalex.org/W4413144523,true,https://openalex.org/A5100461965,Yiwei He,middle,4,https://openalex.org/I146655781,University of Liverpool,,,GB,04xs57h96,,,"University of Liverpool,UK",true,"Automatically extracted OpenAlex authorship/affiliation candidate; verify the author, institution, and location manually."
https://openalex.org/W4413144523,true,https://openalex.org/A5037909738,Xingyu Zhao,middle,5,https://openalex.org/I39555362,University of Warwick,,,GB,01a77tt86,,,"University of Warwick,WMG",true,"Automatically extracted OpenAlex authorship/affiliation candidate; verify the author, institution, and location manually."
https://openalex.org/W4413144523,true,https://openalex.org/A5101481832,Bei Peng,middle,6,https://openalex.org/I146655781,University of Liverpool,,,GB,04xs57h96,,,"University of Liverpool,UK",true,"Automatically extracted OpenAlex authorship/affiliation candidate; verify the author, institution, and location manually."
https://openalex.org/W4413144523,true,https://openalex.org/A5068027800,Baoyuan Wu,middle,7,https://openalex.org/I4210116924,"Chinese University of Hong Kong, Shenzhen",,,CN,02d5ks197,,,"The Chinese University of Hong Kong,Shenzhen,China",true,"Automatically extracted OpenAlex authorship/affiliation candidate; verify the author, institution, and location manually."
https://openalex.org/W4413144523,true,https://openalex.org/A5083538605,Xiaowei Huang,middle,8,https://openalex.org/I146655781,University of Liverpool,,,GB,04xs57h96,,,"University of Liverpool,UK",true,"Automatically extracted OpenAlex authorship/affiliation candidate; verify the author, institution, and location manually."
https://openalex.org/W4413144523,true,https://openalex.org/A5102994667,Guangliang Cheng,last,9,https://openalex.org/I146655781,University of Liverpool,,,GB,04xs57h96,,,"University of Liverpool,UK",true,"Automatically extracted OpenAlex authorship/affiliation candidate; verify the author, institution, and location manually."
https://openalex.org/W4389126945,true,https://openalex.org/A5026926043,Computational Intelligence and Neuroscience,first,1,,,,,,,,,,true,"Automatically extracted OpenAlex authorship/affiliation candidate; verify the author, institution, and location manually. No affiliation information provided by OpenAlex for this authorship."
https://openalex.org/W4413255768,true,https://openalex.org/A5110477778,Jefferson Ng,first,1,https://openalex.org/I84339108,Sunway University,,,MY,04mjt7f73,,,"Sunway University, No. 5, Jalan Universiti,School of Computing and Artificial Intelligence, Faculty of Engineering and Technology,Bandar Sunway,Selangor Darul Ehsan,Malaysia,47500",true,"Automatically extracted OpenAlex authorship/affiliation candidate; verify the author, institution, and location manually."
https://openalex.org/W4413255768,true,https://openalex.org/A5048174707,Muhammed Basheer Jasser,middle,2,https://openalex.org/I84339108,Sunway University,,,MY,04mjt7f73,,,"Sunway University, No. 5, Jalan Universiti,School of Computing and Artificial Intelligence, Faculty of Engineering and Technology,Bandar Sunway,Selangor Darul Ehsan,Malaysia,47500",true,"Automatically extracted OpenAlex authorship/affiliation candidate; verify the author, institution, and location manually."
https://openalex.org/W4413255768,true,https://openalex.org/A5036454021,Bayan Issa,middle,3,https://openalex.org/I107575416,University of Aleppo,,,SY,03mzvxz96,,,"University of Aleppo,Faculty of Informatics Engineering,Syria",true,"Automatically extracted OpenAlex authorship/affiliation candidate; verify the author, institution, and location manually."
https://openalex.org/W4413255768,true,https://openalex.org/A5011588852,Samuel-Soma M. Ajibade,middle,4,https://openalex.org/I84339108,Sunway University,,,MY,04mjt7f73,,,"Sunway University, No. 5, Jalan Universiti,School of Computing and Artificial Intelligence, Faculty of Engineering and Technology,Bandar Sunway,Selangor Darul Ehsan,Malaysia,47500",true,"Automatically extracted OpenAlex authorship/affiliation candidate; verify the author, institution, and location manually."
https://openalex.org/W4413255768,true,https://openalex.org/A5042896398,Hui Na Chua,last,5,https://openalex.org/I84339108,Sunway University,,,MY,04mjt7f73,,,"Sunway University, No. 5, Jalan Universiti,School of Computing and Artificial Intelligence, Faculty of Engineering and Technology,Bandar Sunway,Selangor Darul Ehsan,Malaysia,47500",true,"Automatically extracted OpenAlex authorship/affiliation candidate; verify the author, institution, and location manually."
https://openalex.org/W4409586875,true,https://openalex.org/A5080771415,Talluri Harshitha,first,1,https://openalex.org/I81556334,Amrita Vishwa Vidyapeetham,,,IN,03am10p12,,,"Department of Computer Science and Engineering, Amrita School of Computing, Bengaluru, Amrita Vishwa Vidyapeetham, Bengaluru, India",true,"Automatically extracted OpenAlex authorship/affiliation candidate; verify the author, institution, and location manually."
https://openalex.org/W4409586875,true,https://openalex.org/A5117208888,Tanya Simhadri,middle,2,https://openalex.org/I81556334,Amrita Vishwa Vidyapeetham,,,IN,03am10p12,,,"Department of Computer Science and Engineering, Amrita School of Computing, Bengaluru, Amrita Vishwa Vidyapeetham, Bengaluru, India",true,"Automatically extracted OpenAlex authorship/affiliation candidate; verify the author, institution, and location manually."
https://openalex.org/W4409586875,true,https://openalex.org/A5117208889,Thadakuluru Jaswanthi,middle,3,https://openalex.org/I81556334,Amrita Vishwa Vidyapeetham,,,IN,03am10p12,,,"Department of Computer Science and Engineering, Amrita School of Computing, Bengaluru, Amrita Vishwa Vidyapeetham, Bengaluru, India",true,"Automatically extracted OpenAlex authorship/affiliation candidate; verify the author, institution, and location manually."
https://openalex.org/W4409586875,true,https://openalex.org/A5106548838,N. Rayvanth,middle,4,https://openalex.org/I81556334,Amrita Vishwa Vidyapeetham,,,IN,03am10p12,,,"Department of Computer Science and Engineering, Amrita School of Computing, Bengaluru, Amrita Vishwa Vidyapeetham, Bengaluru, India",true,"Automatically extracted OpenAlex authorship/affiliation candidate; verify the author, institution, and location manually."
https://openalex.org/W4409586875,true,https://openalex.org/A5012776688,Rimjhim Padam Singh,last,5,https://openalex.org/I81556334,Amrita Vishwa Vidyapeetham,,,IN,03am10p12,,,"Department of Computer Science and Engineering, Amrita School of Computing, Bengaluru, Amrita Vishwa Vidyapeetham, Bengaluru, India",true,"Automatically extracted OpenAlex authorship/affiliation candidate; verify the author, institution, and location manually."
https://openalex.org/W4297477523,true,https://openalex.org/A5060702304,Luca Guarnera,first,1,https://openalex.org/I39063666,University of Catania,,,IT,03a64bh57,,,"Department of Mathematics and Computer Science, University of Catania, 95125 Catania, Italy",true,"Automatically extracted OpenAlex authorship/affiliation candidate; verify the author, institution, and location manually."
https://openalex.org/W4297477523,true,https://openalex.org/A5014104390,Oliver Giudice,middle,2,https://openalex.org/I103737770,Bank of Italy,,,IT,03v2nbx43,,,"Applied Research Team, IT Department, Banca d’Italia, 00044 Rome, Italy | Applied Research Team, IT Department, Banca d'Italia, 00044 Rome, Italy",true,"Automatically extracted OpenAlex authorship/affiliation candidate; verify the author, institution, and location manually."
https://openalex.org/W4297477523,true,https://openalex.org/A5076442017,Francesco Guarnera,middle,3,https://openalex.org/I39063666,University of Catania,,,IT,03a64bh57,,,"Department of Mathematics and Computer Science, University of Catania, 95125 Catania, Italy",true,"Automatically extracted OpenAlex authorship/affiliation candidate; verify the author, institution, and location manually."
https://openalex.org/W4297477523,true,https://openalex.org/A5076307306,Alessandro Ortis,middle,4,https://openalex.org/I39063666,University of Catania,,,IT,03a64bh57,,,"Department of Mathematics and Computer Science, University of Catania, 95125 Catania, Italy",true,"Automatically extracted OpenAlex authorship/affiliation candidate; verify the author, institution, and location manually."
https://openalex.org/W4297477523,true,https://openalex.org/A5045468852,Giovanni Puglisi,middle,5,https://openalex.org/I172446870,University of Cagliari,,,IT,003109y17,,,"Department of Mathematics and Computer Science, University of Cagliari, 09124 Cagliari, Italy",true,"Automatically extracted OpenAlex authorship/affiliation candidate; verify the author, institution, and location manually."
https://openalex.org/W4297477523,true,https://openalex.org/A5085010487,A. Paratore,middle,6,,,,,,,,,"iCTLab s.r.l., 95125 Catania, Italy",true,"Automatically extracted OpenAlex authorship/affiliation candidate; verify the author, institution, and location manually. Structured institution missing; preserved raw affiliation text for manual resolution."
https://openalex.org/W4297477523,true,https://openalex.org/A5083171102,Linh M. Q. Bui,middle,7,,,,,,,,,"Amped Software, 34149 Trieste, Italy",true,"Automatically extracted OpenAlex authorship/affiliation candidate; verify the author, institution, and location manually. Structured institution missing; preserved raw affiliation text for manual resolution."
https://openalex.org/W4297477523,true,https://openalex.org/A5005922407,Marco Fontani,middle,8,,,,,,,,,"Amped Software, 34149 Trieste, Italy",true,"Automatically extracted OpenAlex authorship/affiliation candidate; verify the author, institution, and location manually. Structured institution missing; preserved raw affiliation text for manual resolution."
https://openalex.org/W4297477523,true,https://openalex.org/A5036992475,Davide Alessandro Coccomini,middle,9,https://openalex.org/I122991210,"Istituto di Scienza e Tecnologie dell'Informazione ""Alessandro Faedo""",,,IT,05kacka20,,,"ISTI-CNR, via G. Moruzzi 1, 56124 Pisa, Italy",true,"Automatically extracted OpenAlex authorship/affiliation candidate; verify the author, institution, and location manually."
https://openalex.org/W4297477523,true,https://openalex.org/A5038570344,Roberto Caldelli,middle,10,https://openalex.org/I4210099310,Consorzio Nazionale Interuniversitario per le Telecomunicazioni,,,IT,0182a5n39,,,"National Inter-University Consortium for Telecommunications (CNIT), 43124 Parma, Italy",true,"Automatically extracted OpenAlex authorship/affiliation candidate; verify the author, institution, and location manually."
https://openalex.org/W4297477523,true,https://openalex.org/A5038570344,Roberto Caldelli,middle,10,https://openalex.org/I4210132817,Mercatorum University,,,IT,03znjxt55,,,"Faculty of Economics, Universitas Mercatorum, 00186 Rome, Italy",true,"Automatically extracted OpenAlex authorship/affiliation candidate; verify the author, institution, and location manually."
https://openalex.org/W4297477523,true,https://openalex.org/A5047189288,Fabrizio Falchi,middle,11,https://openalex.org/I122991210,"Istituto di Scienza e Tecnologie dell'Informazione ""Alessandro Faedo""",,,IT,05kacka20,,,"ISTI-CNR, via G. Moruzzi 1, 56124 Pisa, Italy",true,"Automatically extracted OpenAlex authorship/affiliation candidate; verify the author, institution, and location manually."
https://openalex.org/W4297477523,true,https://openalex.org/A5072879702,Claudio Gennaro,middle,12,https://openalex.org/I122991210,"Istituto di Scienza e Tecnologie dell'Informazione ""Alessandro Faedo""",,,IT,05kacka20,,,"ISTI-CNR, via G. Moruzzi 1, 56124 Pisa, Italy",true,"Automatically extracted OpenAlex authorship/affiliation candidate; verify the author, institution, and location manually."
https://openalex.org/W4297477523,true,https://openalex.org/A5007125882,Nicola Messina,middle,13,https://openalex.org/I122991210,"Istituto di Scienza e Tecnologie dell'Informazione ""Alessandro Faedo""",,,IT,05kacka20,,,"ISTI-CNR, via G. Moruzzi 1, 56124 Pisa, Italy",true,"Automatically extracted OpenAlex authorship/affiliation candidate; verify the author, institution, and location manually."
https://openalex.org/W4297477523,true,https://openalex.org/A5072396889,Giuseppe Amato,middle,14,https://openalex.org/I122991210,"Istituto di Scienza e Tecnologie dell'Informazione ""Alessandro Faedo""",,,IT,05kacka20,,,"ISTI-CNR, via G. Moruzzi 1, 56124 Pisa, Italy",true,"Automatically extracted OpenAlex authorship/affiliation candidate; verify the author, institution, and location manually."
https://openalex.org/W4297477523,true,https://openalex.org/A5004934869,Gianpaolo Perelli,middle,15,https://openalex.org/I172446870,University of Cagliari,,,IT,003109y17,,,"Department of Electrical and Electronic Engineering (DIEE), University of Cagliari, 09123 Cagliari, Italy",true,"Automatically extracted OpenAlex authorship/affiliation candidate; verify the author, institution, and location manually."
https://openalex.org/W4297477523,true,https://openalex.org/A5079374252,Sara Concas,middle,16,https://openalex.org/I172446870,University of Cagliari,,,IT,003109y17,,,"Department of Electrical and Electronic Engineering (DIEE), University of Cagliari, 09123 Cagliari, Italy",true,"Automatically extracted OpenAlex authorship/affiliation candidate; verify the author, institution, and location manually."
https://openalex.org/W4297477523,true,https://openalex.org/A5067396848,Carlo Cuccu,middle,17,https://openalex.org/I172446870,University of Cagliari,,,IT,003109y17,,,"Department of Electrical and Electronic Engineering (DIEE), University of Cagliari, 09123 Cagliari, Italy",true,"Automatically extracted OpenAlex authorship/affiliation candidate; verify the author, institution, and location manually."
https://openalex.org/W4297477523,true,https://openalex.org/A5046601560,Giulia Orrù,middle,18,https://openalex.org/I172446870,University of Cagliari,,,IT,003109y17,,,"Department of Electrical and Electronic Engineering (DIEE), University of Cagliari, 09123 Cagliari, Italy",true,"Automatically extracted OpenAlex authorship/affiliation candidate; verify the author, institution, and location manually."
https://openalex.org/W4297477523,true,https://openalex.org/A5002366419,Gian Luca Marcialis,middle,19,https://openalex.org/I172446870,University of Cagliari,,,IT,003109y17,,,"Department of Electrical and Electronic Engineering (DIEE), University of Cagliari, 09123 Cagliari, Italy",true,"Automatically extracted OpenAlex authorship/affiliation candidate; verify the author, institution, and location manually."
https://openalex.org/W4297477523,true,https://openalex.org/A5042746008,Sebastiano Battiato,last,20,https://openalex.org/I39063666,University of Catania,,,IT,03a64bh57,,,"Department of Mathematics and Computer Science, University of Catania, 95125 Catania, Italy",true,"Automatically extracted OpenAlex authorship/affiliation candidate; verify the author, institution, and location manually."
https://openalex.org/W4402716164,true,https://openalex.org/A5078290333,Chuangchuang Tan,first,1,https://openalex.org/I21193070,Beijing Jiaotong University,,,CN,01yj56c84,,,"Institute of Information Science, Beijing Jiaotong University",true,"Automatically extracted OpenAlex authorship/affiliation candidate; verify the author, institution, and location manually."
https://openalex.org/W4402716164,true,https://openalex.org/A5065679852,Huan Liu,middle,2,https://openalex.org/I21193070,Beijing Jiaotong University,,,CN,01yj56c84,,,"Institute of Information Science, Beijing Jiaotong University",true,"Automatically extracted OpenAlex authorship/affiliation candidate; verify the author, institution, and location manually."
https://openalex.org/W4402716164,true,https://openalex.org/A5110382448,Yao Zhao,middle,3,https://openalex.org/I21193070,Beijing Jiaotong University,,,CN,01yj56c84,,,"Institute of Information Science, Beijing Jiaotong University",true,"Automatically extracted OpenAlex authorship/affiliation candidate; verify the author, institution, and location manually."
https://openalex.org/W4402716164,true,https://openalex.org/A5006854141,Shikui Wei,middle,4,https://openalex.org/I21193070,Beijing Jiaotong University,,,CN,01yj56c84,,,"Institute of Information Science, Beijing Jiaotong University",true,"Automatically extracted OpenAlex authorship/affiliation candidate; verify the author, institution, and location manually."
https://openalex.org/W4402716164,true,https://openalex.org/A5080706260,Guanghua Gu,middle,5,https://openalex.org/I39333907,Yanshan University,,,CN,02txfnf15,,,"School of Information Science and Engineering, Yanshan University",true,"Automatically extracted OpenAlex authorship/affiliation candidate; verify the author, institution, and location manually."
https://openalex.org/W4402716164,true,https://openalex.org/A5100646646,Ping Liu,middle,6,https://openalex.org/I134113660,"University of Nevada, Reno",,,US,01keh0577,,,"University of Nevada,CSE department,Reno,USA",true,"Automatically extracted OpenAlex authorship/affiliation candidate; verify the author, institution, and location manually."
https://openalex.org/W4402716164,true,https://openalex.org/A5087043856,Yunchao Wei,last,7,https://openalex.org/I21193070,Beijing Jiaotong University,,,CN,01yj56c84,,,"Institute of Information Science, Beijing Jiaotong University",true,"Automatically extracted OpenAlex authorship/affiliation candidate; verify the author, institution, and location manually."
https://openalex.org/W4395686688,true,https://openalex.org/A5080038295,Sifat Muhammad Abdullah,first,1,,,,,,,,,,true,"Automatically extracted OpenAlex authorship/affiliation candidate; verify the author, institution, and location manually. No affiliation information provided by OpenAlex for this authorship."
https://openalex.org/W4395686688,true,https://openalex.org/A5041581395,Aravind Cheruvu,middle,2,,,,,,,,,,true,"Automatically extracted OpenAlex authorship/affiliation candidate; verify the author, institution, and location manually. No affiliation information provided by OpenAlex for this authorship."
https://openalex.org/W4395686688,true,https://openalex.org/A5076866329,Shravya Kanchi,middle,3,,,,,,,,,,true,"Automatically extracted OpenAlex authorship/affiliation candidate; verify the author, institution, and location manually. No affiliation information provided by OpenAlex for this authorship."
https://openalex.org/W4395686688,true,https://openalex.org/A5101705523,Taejoong Chung,middle,4,,,,,,,,,,true,"Automatically extracted OpenAlex authorship/affiliation candidate; verify the author, institution, and location manually. No affiliation information provided by OpenAlex for this authorship."
https://openalex.org/W4395686688,true,https://openalex.org/A5051836631,Peng Gao,middle,5,,,,,,,,,,true,"Automatically extracted OpenAlex authorship/affiliation candidate; verify the author, institution, and location manually. No affiliation information provided by OpenAlex for this authorship."
https://openalex.org/W4395686688,true,https://openalex.org/A5012114492,Murtuza Jadliwala,middle,6,,,,,,,,,,true,"Automatically extracted OpenAlex authorship/affiliation candidate; verify the author, institution, and location manually. No affiliation information provided by OpenAlex for this authorship."
https://openalex.org/W4395686688,true,https://openalex.org/A5022718146,Bimal Viswanath,last,7,,,,,,,,,,true,"Automatically extracted OpenAlex authorship/affiliation candidate; verify the author, institution, and location manually. No affiliation information provided by OpenAlex for this authorship."
https://openalex.org/W4415539098,true,https://openalex.org/A5115594995,Jiarui Wang,first,1,https://openalex.org/I183067930,Shanghai Jiao Tong University,,,CN,0220qvk04,,,"Shanghai Jiao Tong University, Shanghai, China",true,"Automatically extracted OpenAlex authorship/affiliation candidate; verify the author, institution, and location manually."
https://openalex.org/W4415539098,true,https://openalex.org/A5015291775,Huiyu Duan,middle,2,https://openalex.org/I183067930,Shanghai Jiao Tong University,,,CN,0220qvk04,,,"Shanghai Jiao Tong University, Shanghai, China",true,"Automatically extracted OpenAlex authorship/affiliation candidate; verify the author, institution, and location manually."
https://openalex.org/W4415539098,true,https://openalex.org/A5110935260,Juntong Wang,middle,3,https://openalex.org/I183067930,Shanghai Jiao Tong University,,,CN,0220qvk04,,,"Shanghai Jiao Tong University, Shanghai, China",true,"Automatically extracted OpenAlex authorship/affiliation candidate; verify the author, institution, and location manually."
https://openalex.org/W4415539098,true,https://openalex.org/A5075029034,Ziheng Jia,middle,4,https://openalex.org/I183067930,Shanghai Jiao Tong University,,,CN,0220qvk04,,,"Shanghai Jiao Tong University, Shanghai, China",true,"Automatically extracted OpenAlex authorship/affiliation candidate; verify the author, institution, and location manually."
https://openalex.org/W4415539098,true,,Woo Yi Yang,middle,5,https://openalex.org/I183067930,Shanghai Jiao Tong University,,,CN,0220qvk04,,,"Shanghai Jiao Tong University, Shanghai, China",true,"Automatically extracted OpenAlex authorship/affiliation candidate; verify the author, institution, and location manually. OpenAlex author ID missing."
https://openalex.org/W4415539098,true,https://openalex.org/A5102861796,Xiaorong Zhu,middle,6,https://openalex.org/I183067930,Shanghai Jiao Tong University,,,CN,0220qvk04,,,"Shanghai Jiao Tong University, Shanghai, China",true,"Automatically extracted OpenAlex authorship/affiliation candidate; verify the author, institution, and location manually."
https://openalex.org/W4415539098,true,,Yu Zhao,middle,7,https://openalex.org/I183067930,Shanghai Jiao Tong University,,,CN,0220qvk04,,,"Shanghai Jiao Tong University, Shanghai, China",true,"Automatically extracted OpenAlex authorship/affiliation candidate; verify the author, institution, and location manually. OpenAlex author ID missing."
https://openalex.org/W4415539098,true,https://openalex.org/A5036738962,Jiaying Qian,middle,8,https://openalex.org/I183067930,Shanghai Jiao Tong University,,,CN,0220qvk04,,,"Shanghai Jiao Tong University, Shanghai, China",true,"Automatically extracted OpenAlex authorship/affiliation candidate; verify the author, institution, and location manually."
https://openalex.org/W4415539098,true,https://openalex.org/A5113402572,Yuke Xing,middle,9,https://openalex.org/I183067930,Shanghai Jiao Tong University,,,CN,0220qvk04,,,"Shanghai Jiao Tong University, Shanghai, China",true,"Automatically extracted OpenAlex authorship/affiliation candidate; verify the author, institution, and location manually."
https://openalex.org/W4415539098,true,https://openalex.org/A5064168853,Guangtao Zhai,middle,10,https://openalex.org/I183067930,Shanghai Jiao Tong University,,,CN,0220qvk04,,,"Shanghai Jiao Tong University, Shanghai, China",true,"Automatically extracted OpenAlex authorship/affiliation candidate; verify the author, institution, and location manually."
https://openalex.org/W4415539098,true,https://openalex.org/A5043405654,Xiongkuo Min,last,11,https://openalex.org/I183067930,Shanghai Jiao Tong University,,,CN,0220qvk04,,,"Shanghai Jiao Tong University, Shanghai, China",true,"Automatically extracted OpenAlex authorship/affiliation candidate; verify the author, institution, and location manually."
https://openalex.org/W4415428300,true,https://openalex.org/A5005988569,Zili Xu,first,1,https://openalex.org/I139024713,Guangdong University of Technology,,,CN,04azbjn80,,,Guangdong University of Technology,true,"Automatically extracted OpenAlex authorship/affiliation candidate; verify the author, institution, and location manually."
https://openalex.org/W4415428300,true,https://openalex.org/A5007558888,Jianjie Luo,middle,2,https://openalex.org/I139024713,Guangdong University of Technology,,,CN,04azbjn80,,,Guangdong University of Technology,true,"Automatically extracted OpenAlex authorship/affiliation candidate; verify the author, institution, and location manually."
https://openalex.org/W4415428300,true,https://openalex.org/A5100295271,Fuqiang Yu,middle,3,https://openalex.org/I152269853,Qilu University of Technology,,,CN,04hyzq608,,,"Key Laboratory of Computing Power Network and Information Security, Ministry of Education, Qilu University of Technology (Shandong Academy of Sciences)",true,"Automatically extracted OpenAlex authorship/affiliation candidate; verify the author, institution, and location manually."
https://openalex.org/W4415428300,true,https://openalex.org/A5102760381,Zhenguo Yang,last,4,https://openalex.org/I139024713,Guangdong University of Technology,,,CN,04azbjn80,,,Guangdong University of Technology,true,"Automatically extracted OpenAlex authorship/affiliation candidate; verify the author, institution, and location manually."
https://openalex.org/W3010352349,true,https://openalex.org/A5102823241,Pengpeng Yang,first,1,https://openalex.org/I21193070,Beijing Jiaotong University,,,CN,01yj56c84,,,"Beijing Key Laboratory of Advanced Information Science and Network Technology, Beijing Jiaotong University, Beijing 100044, China | Institute of Information Science, Beijing Jiaotong University, Beijing 100044, China",true,"Automatically extracted OpenAlex authorship/affiliation candidate; verify the author, institution, and location manually."
https://openalex.org/W3010352349,true,https://openalex.org/A5011507764,Daniele Baracchi,middle,2,https://openalex.org/I45084792,University of Florence,,,IT,04jr1s763,,,"Department of Information Engineering, University of Florence, Via di S. Marta, 3, 50139 Florence, Italy",true,"Automatically extracted OpenAlex authorship/affiliation candidate; verify the author, institution, and location manually."
https://openalex.org/W3010352349,true,https://openalex.org/A5007154515,Rongrong Ni,middle,3,https://openalex.org/I21193070,Beijing Jiaotong University,,,CN,01yj56c84,,,"Beijing Key Laboratory of Advanced Information Science and Network Technology, Beijing Jiaotong University, Beijing 100044, China | Institute of Information Science, Beijing Jiaotong University, Beijing 100044, China",true,"Automatically extracted OpenAlex authorship/affiliation candidate; verify the author, institution, and location manually."
https://openalex.org/W3010352349,true,https://openalex.org/A5100362745,Yao Zhao,middle,4,https://openalex.org/I21193070,Beijing Jiaotong University,,,CN,01yj56c84,,,"Beijing Key Laboratory of Advanced Information Science and Network Technology, Beijing Jiaotong University, Beijing 100044, China | Institute of Information Science, Beijing Jiaotong University, Beijing 100044, China",true,"Automatically extracted OpenAlex authorship/affiliation candidate; verify the author, institution, and location manually."
https://openalex.org/W3010352349,true,https://openalex.org/A5002471041,Fabrizio Argenti,middle,5,https://openalex.org/I45084792,University of Florence,,,IT,04jr1s763,,,"Department of Information Engineering, University of Florence, Via di S. Marta, 3, 50139 Florence, Italy",true,"Automatically extracted OpenAlex authorship/affiliation candidate; verify the author, institution, and location manually."
https://openalex.org/W3010352349,true,https://openalex.org/A5007423585,Alessandro Piva,last,6,https://openalex.org/I45084792,University of Florence,,,IT,04jr1s763,,,"Department of Information Engineering, University of Florence, Via di S. Marta, 3, 50139 Florence, Italy",true,"Automatically extracted OpenAlex authorship/affiliation candidate; verify the author, institution, and location manually."
https://openalex.org/W4380993529,true,https://openalex.org/A5114182119,Mingjian Zhu,first,1,,,,,,,,,,true,"Automatically extracted OpenAlex authorship/affiliation candidate; verify the author, institution, and location manually. No affiliation information provided by OpenAlex for this authorship."
https://openalex.org/W4380993529,true,https://openalex.org/A5081216284,Hanting Chen,middle,2,,,,,,,,,,true,"Automatically extracted OpenAlex authorship/affiliation candidate; verify the author, institution, and location manually. No affiliation information provided by OpenAlex for this authorship."
https://openalex.org/W4380993529,true,https://openalex.org/A5014522749,Qiangyu Yan,middle,3,,,,,,,,,,true,"Automatically extracted OpenAlex authorship/affiliation candidate; verify the author, institution, and location manually. No affiliation information provided by OpenAlex for this authorship."
https://openalex.org/W4380993529,true,https://openalex.org/A5080825168,Xudong Huang,middle,4,,,,,,,,,,true,"Automatically extracted OpenAlex authorship/affiliation candidate; verify the author, institution, and location manually. No affiliation information provided by OpenAlex for this authorship."
https://openalex.org/W4380993529,true,https://openalex.org/A5067290556,Guanyu Lin,middle,5,,,,,,,,,,true,"Automatically extracted OpenAlex authorship/affiliation candidate; verify the author, institution, and location manually. No affiliation information provided by OpenAlex for this authorship."
https://openalex.org/W4380993529,true,https://openalex.org/A5100318189,Wei Li,middle,6,,,,,,,,,,true,"Automatically extracted OpenAlex authorship/affiliation candidate; verify the author, institution, and location manually. No affiliation information provided by OpenAlex for this authorship."
https://openalex.org/W4380993529,true,https://openalex.org/A5108866310,Zhijun Tu,middle,7,,,,,,,,,,true,"Automatically extracted OpenAlex authorship/affiliation candidate; verify the author, institution, and location manually. No affiliation information provided by OpenAlex for this authorship."
https://openalex.org/W4380993529,true,https://openalex.org/A5060005219,Hailin Hu,middle,8,,,,,,,,,,true,"Automatically extracted OpenAlex authorship/affiliation candidate; verify the author, institution, and location manually. No affiliation information provided by OpenAlex for this authorship."
https://openalex.org/W4380993529,true,https://openalex.org/A5104107845,Jie Hu,middle,9,,,,,,,,,,true,"Automatically extracted OpenAlex authorship/affiliation candidate; verify the author, institution, and location manually. No affiliation information provided by OpenAlex for this authorship."
https://openalex.org/W4380993529,true,https://openalex.org/A5111208120,Yunhe Wang,last,10,,,,,,,,,,true,"Automatically extracted OpenAlex authorship/affiliation candidate; verify the author, institution, and location manually. No affiliation information provided by OpenAlex for this authorship."
https://openalex.org/W4402170813,true,https://openalex.org/A5002643721,Bharathi Mohan G,first,1,https://openalex.org/I81556334,Amrita Vishwa Vidyapeetham,,,IN,03am10p12,,,"Amrita School of Computing Amrita Vishwa Vidyapeetham,Department of Computer Science and Engineering,Chennai,India",true,"Automatically extracted OpenAlex authorship/affiliation candidate; verify the author, institution, and location manually."
https://openalex.org/W4402170813,true,https://openalex.org/A5111727218,R Prasanna Kumar,middle,2,https://openalex.org/I81556334,Amrita Vishwa Vidyapeetham,,,IN,03am10p12,,,"Amrita School of Computing Amrita Vishwa Vidyapeetham,Department of Computer Science and Engineering,Chennai,India",true,"Automatically extracted OpenAlex authorship/affiliation candidate; verify the author, institution, and location manually."
https://openalex.org/W4402170813,true,https://openalex.org/A5113364727,Akilesh rao S,middle,3,https://openalex.org/I81556334,Amrita Vishwa Vidyapeetham,,,IN,03am10p12,,,"Amrita School of Computing Amrita Vishwa Vidyapeetham,Department of Computer Science and Engineering,Chennai,India",true,"Automatically extracted OpenAlex authorship/affiliation candidate; verify the author, institution, and location manually."
https://openalex.org/W4402170813,true,https://openalex.org/A5022221397,Mandava Sukesh,middle,4,https://openalex.org/I81556334,Amrita Vishwa Vidyapeetham,,,IN,03am10p12,,,"Amrita School of Computing Amrita Vishwa Vidyapeetham,Department of Computer Science and Engineering,Chennai,India",true,"Automatically extracted OpenAlex authorship/affiliation candidate; verify the author, institution, and location manually."
https://openalex.org/W4402170813,true,https://openalex.org/A5099586512,D M Abinandhini,middle,5,https://openalex.org/I81556334,Amrita Vishwa Vidyapeetham,,,IN,03am10p12,,,"Amrita School of Computing Amrita Vishwa Vidyapeetham,Department of Computer Science and Engineering,Chennai,India",true,"Automatically extracted OpenAlex authorship/affiliation candidate; verify the author, institution, and location manually."
https://openalex.org/W4402170813,true,https://openalex.org/A5093503866,Y Jaikanth,last,6,https://openalex.org/I81556334,Amrita Vishwa Vidyapeetham,,,IN,03am10p12,,,"Amrita School of Computing Amrita Vishwa Vidyapeetham,Department of Computer Science and Engineering,Chennai,India",true,"Automatically extracted OpenAlex authorship/affiliation candidate; verify the author, institution, and location manually."
https://openalex.org/W4386214843,true,https://openalex.org/A5030203638,Galamo Monkam,first,1,https://openalex.org/I324100,Bowie State University,,,US,0567w8j84,,,"Bowie State University,Department of Computer Science,Bowie,USA | Department of Computer Science, Bowie State University, Bowie, USA",true,"Automatically extracted OpenAlex authorship/affiliation candidate; verify the author, institution, and location manually."
https://openalex.org/W4386214843,true,https://openalex.org/A5031477814,Weifeng Xu,middle,2,https://openalex.org/I6059380,University of Baltimore,,,US,024gw2733,,,"School of Criminal Justice, University of Baltimore,Baltimore,USA | School of Criminal Justice, University of Baltimore, Baltimore, USA",true,"Automatically extracted OpenAlex authorship/affiliation candidate; verify the author, institution, and location manually."
https://openalex.org/W4386214843,true,https://openalex.org/A5101437836,Jie Yan,last,3,https://openalex.org/I324100,Bowie State University,,,US,0567w8j84,,,"Bowie State University,Department of Computer Science,Bowie,USA | Department of Computer Science, Bowie State University, Bowie, USA",true,"Automatically extracted OpenAlex authorship/affiliation candidate; verify the author, institution, and location manually."
https://openalex.org/W7133207051,true,https://openalex.org/A5122270409,Hanting Chen,first,1,,,,,,,,,,true,"Automatically extracted OpenAlex authorship/affiliation candidate; verify the author, institution, and location manually. No affiliation information provided by OpenAlex for this authorship."
https://openalex.org/W7133207051,true,https://openalex.org/A5122757499,Hailin Hu,middle,2,,,,,,,,,,true,"Automatically extracted OpenAlex authorship/affiliation candidate; verify the author, institution, and location manually. No affiliation information provided by OpenAlex for this authorship."
https://openalex.org/W7133207051,true,https://openalex.org/A5127791129,Jie Hu,middle,3,,,,,,,,,,true,"Automatically extracted OpenAlex authorship/affiliation candidate; verify the author, institution, and location manually. No affiliation information provided by OpenAlex for this authorship."
https://openalex.org/W7133207051,true,https://openalex.org/A5127794027,Xudong Huang,middle,4,,,,,,,,,,true,"Automatically extracted OpenAlex authorship/affiliation candidate; verify the author, institution, and location manually. No affiliation information provided by OpenAlex for this authorship."
https://openalex.org/W7133207051,true,https://openalex.org/A5127827942,Wei Li,middle,5,,,,,,,,,,true,"Automatically extracted OpenAlex authorship/affiliation candidate; verify the author, institution, and location manually. No affiliation information provided by OpenAlex for this authorship."
https://openalex.org/W7133207051,true,https://openalex.org/A5067290556,Guanyu Lin,middle,6,,,,,,,,,,true,"Automatically extracted OpenAlex authorship/affiliation candidate; verify the author, institution, and location manually. No affiliation information provided by OpenAlex for this authorship."
https://openalex.org/W7133207051,true,https://openalex.org/A5127833500,Zhijun Tu,middle,7,,,,,,,,,,true,"Automatically extracted OpenAlex authorship/affiliation candidate; verify the author, institution, and location manually. No affiliation information provided by OpenAlex for this authorship."
https://openalex.org/W7133207051,true,https://openalex.org/A5127863330,Yunhe Wang,middle,8,,,,,,,,,,true,"Automatically extracted OpenAlex authorship/affiliation candidate; verify the author, institution, and location manually. No affiliation information provided by OpenAlex for this authorship."
https://openalex.org/W7133207051,true,https://openalex.org/A5014522749,Qiangyu Yan,middle,9,,,,,,,,,,true,"Automatically extracted OpenAlex authorship/affiliation candidate; verify the author, institution, and location manually. No affiliation information provided by OpenAlex for this authorship."
https://openalex.org/W7133207051,true,https://openalex.org/A5114182119,Mingjian Zhu,last,10,,,,,,,,,,true,"Automatically extracted OpenAlex authorship/affiliation candidate; verify the author, institution, and location manually. No affiliation information provided by OpenAlex for this authorship."
https://openalex.org/W4411926716,true,https://openalex.org/A5118783755,Abhilash Reddy Gunukula,first,1,https://openalex.org/I12315562,Texas Tech University,,,US,0405mnx93,,,"Department of Computer Science, Texas Tech University, Lubbock, TX 79409, USA",true,"Automatically extracted OpenAlex authorship/affiliation candidate; verify the author, institution, and location manually."
https://openalex.org/W4411926716,true,https://openalex.org/A5065562365,Himel Das Gupta,middle,2,https://openalex.org/I13115107,Louisiana State University of Alexandria,,,US,043z25g17,,,"Department of Mathematics and Computer Science, Louisiana State University of Alexandria, Alexandria, LA 71302, USA",true,"Automatically extracted OpenAlex authorship/affiliation candidate; verify the author, institution, and location manually."
https://openalex.org/W4411926716,true,https://openalex.org/A5051706630,Victor S. Sheng,last,3,https://openalex.org/I12315562,Texas Tech University,,,US,0405mnx93,,,"Department of Computer Science, Texas Tech University, Lubbock, TX 79409, USA",true,"Automatically extracted OpenAlex authorship/affiliation candidate; verify the author, institution, and location manually."
https://openalex.org/W4394891207,true,https://openalex.org/A5054926603,Alexander Moskowitz,first,1,https://openalex.org/I196817621,Carnegie Institution for Science,,,US,04jr01610,,,"VISIMO, 520 East Main Street, Carnegie, 15106, PA, USA",true,"Automatically extracted OpenAlex authorship/affiliation candidate; verify the author, institution, and location manually."
https://openalex.org/W4394891207,true,https://openalex.org/A5095740155,Tyler Gaona,middle,2,https://openalex.org/I196817621,Carnegie Institution for Science,,,US,04jr01610,,,"VISIMO, 520 East Main Street, Carnegie, 15106, PA, USA",true,"Automatically extracted OpenAlex authorship/affiliation candidate; verify the author, institution, and location manually."
https://openalex.org/W4394891207,true,https://openalex.org/A5041712486,Jacob Peterson,last,3,https://openalex.org/I4210121945,Haemonetics (United States),,,US,02vxa5545,,,"Haemonetics Corporation | Haemonetics Corporation, 125 Summer Street, Boston, 02110, MA, USA",true,"Automatically extracted OpenAlex authorship/affiliation candidate; verify the author, institution, and location manually."
https://openalex.org/W7125199518,true,https://openalex.org/A5092375312,Arpan Mahara,first,1,https://openalex.org/I19700959,Florida International University,,,US,02gz6gg07,,,"Knight Foundation School of Computing and Information Sciences, Florida International University, Miami, Florida, USA",true,"Automatically extracted OpenAlex authorship/affiliation candidate; verify the author, institution, and location manually."
https://openalex.org/W7125199518,true,https://openalex.org/A5090787101,Naphtali Rishe,last,2,https://openalex.org/I19700959,Florida International University,,,US,02gz6gg07,,,"Knight Foundation School of Computing and Information Sciences, Florida International University, Miami, Florida, USA",true,"Automatically extracted OpenAlex authorship/affiliation candidate; verify the author, institution, and location manually."
https://openalex.org/W4408352289,true,https://openalex.org/A5100717860,Feng Ding,first,1,https://openalex.org/I141649914,Nanchang University,,,CN,042v6xz23,,,NanChang University,true,"Automatically extracted OpenAlex authorship/affiliation candidate; verify the author, institution, and location manually."
https://openalex.org/W4408352289,true,https://openalex.org/A5100433246,Jun Zhang,middle,2,https://openalex.org/I141649914,Nanchang University,,,CN,042v6xz23,,,NanChang University,true,"Automatically extracted OpenAlex authorship/affiliation candidate; verify the author, institution, and location manually."
https://openalex.org/W4408352289,true,https://openalex.org/A5113398301,Xinan He,middle,3,https://openalex.org/I141649914,Nanchang University,,,CN,042v6xz23,,,NanChang University,true,"Automatically extracted OpenAlex authorship/affiliation candidate; verify the author, institution, and location manually."
https://openalex.org/W4408352289,true,https://openalex.org/A5101652522,Jianfeng Xu,last,4,https://openalex.org/I141649914,Nanchang University,,,CN,042v6xz23,,,NanChang University,true,"Automatically extracted OpenAlex authorship/affiliation candidate; verify the author, institution, and location manually."
https://openalex.org/W4401287425,true,https://openalex.org/A5044928604,Jiahan Chen,first,1,https://openalex.org/I159948400,Jinan University,,,CN,02xe5ns62,,,"College of Cyber Security, Jinan University, Guangzhou, China",true,"Automatically extracted OpenAlex authorship/affiliation candidate; verify the author, institution, and location manually."
https://openalex.org/W4401287425,true,https://openalex.org/A5109758225,Mengtin Lo,middle,2,https://openalex.org/I159948400,Jinan University,,,CN,02xe5ns62,,,"College of Cyber Security, Jinan University, Guangzhou, China",true,"Automatically extracted OpenAlex authorship/affiliation candidate; verify the author, institution, and location manually."
https://openalex.org/W4401287425,true,https://openalex.org/A5108964924,Hailiang Liao,middle,3,https://openalex.org/I27462735,Yulin Normal University,,,CN,00445hv47,,,"School of Physics and Telecommunications Engineering, Yulin Normal University, Yulin, China",true,"Automatically extracted OpenAlex authorship/affiliation candidate; verify the author, institution, and location manually."
https://openalex.org/W4401287425,true,https://openalex.org/A5101457343,T.S. Huang,last,4,https://openalex.org/I159948400,Jinan University,,,CN,02xe5ns62,,,"College of Cyber Security, Jinan University, Guangzhou, China",true,"Automatically extracted OpenAlex authorship/affiliation candidate; verify the author, institution, and location manually."
https://openalex.org/W4394867366,true,https://openalex.org/A5054926603,Alexander Moskowitz,first,1,,,,,,,,,,true,"Automatically extracted OpenAlex authorship/affiliation candidate; verify the author, institution, and location manually. No affiliation information provided by OpenAlex for this authorship."
https://openalex.org/W4394867366,true,https://openalex.org/A5095740155,Tyler Gaona,middle,2,,,,,,,,,,true,"Automatically extracted OpenAlex authorship/affiliation candidate; verify the author, institution, and location manually. No affiliation information provided by OpenAlex for this authorship."
https://openalex.org/W4394867366,true,https://openalex.org/A5058836952,Jessica Peterson,last,3,,,,,,,,,,true,"Automatically extracted OpenAlex authorship/affiliation candidate; verify the author, institution, and location manually. No affiliation information provided by OpenAlex for this authorship."
https://openalex.org/W4410120556,true,https://openalex.org/A5014161323,Abhishek Pratap Singh,first,1,https://openalex.org/I4210129773,Institute of Engineering,,,NP,03ny67e60,,,"Noida Institute of Engineering and Technology, Greater Noida",true,"Automatically extracted OpenAlex authorship/affiliation candidate; verify the author, institution, and location manually."
https://openalex.org/W4410120556,true,https://openalex.org/A5055075005,Ritesh Rastogi,middle,2,https://openalex.org/I4210129773,Institute of Engineering,,,NP,03ny67e60,,,"Noida Institute of Engineering and Technology, Greater Noida",true,"Automatically extracted OpenAlex authorship/affiliation candidate; verify the author, institution, and location manually."
https://openalex.org/W4410120556,true,https://openalex.org/A5060571748,M R Naveen Kumar,last,3,https://openalex.org/I4210129773,Institute of Engineering,,,NP,03ny67e60,,,"Noida Institute of Engineering and Technology, Greater Noida",true,"Automatically extracted OpenAlex authorship/affiliation candidate; verify the author, institution, and location manually."
https://openalex.org/W2912336782,true,https://openalex.org/A5019043605,Andreas Rössler,first,1,https://openalex.org/I62916508,Technical University of Munich,,,DE,02kkvpp62,,,Technical University of Munich,true,"Automatically extracted OpenAlex authorship/affiliation candidate; verify the author, institution, and location manually."
https://openalex.org/W2912336782,true,https://openalex.org/A5085769320,Davide Cozzolino,middle,2,https://openalex.org/I4210117450,Federico II University Hospital,,,IT,02jr6tp70,,,University Federico II of Naples,true,"Automatically extracted OpenAlex authorship/affiliation candidate; verify the author, institution, and location manually."
https://openalex.org/W2912336782,true,https://openalex.org/A5080842029,Luisa Verdoliva,middle,3,https://openalex.org/I4210117450,Federico II University Hospital,,,IT,02jr6tp70,,,University Federico II of Naples,true,"Automatically extracted OpenAlex authorship/affiliation candidate; verify the author, institution, and location manually."
https://openalex.org/W2912336782,true,https://openalex.org/A5049250339,Christian Rieß,middle,4,https://openalex.org/I181369854,Friedrich-Alexander-Universität Erlangen-Nürnberg,,,DE,00f7hpc57,,,University of Erlangen-Nuremberg,true,"Automatically extracted OpenAlex authorship/affiliation candidate; verify the author, institution, and location manually."
https://openalex.org/W2912336782,true,https://openalex.org/A5036392768,Justus Thies,middle,5,https://openalex.org/I62916508,Technical University of Munich,,,DE,02kkvpp62,,,Technical University of Munich,true,"Automatically extracted OpenAlex authorship/affiliation candidate; verify the author, institution, and location manually."
https://openalex.org/W2912336782,true,https://openalex.org/A5088583491,Matthias Nießner,last,6,https://openalex.org/I62916508,Technical University of Munich,,,DE,02kkvpp62,,,Technical University of Munich,true,"Automatically extracted OpenAlex authorship/affiliation candidate; verify the author, institution, and location manually."
https://openalex.org/W4415418960,true,https://openalex.org/A5031650149,Haozheng Yu,first,1,https://openalex.org/I141649914,Nanchang University,,,CN,042v6xz23,,,"School of Public Policy and Administration, Nanchang University, Nanchang, China",true,"Automatically extracted OpenAlex authorship/affiliation candidate; verify the author, institution, and location manually."
https://openalex.org/W4415418960,true,https://openalex.org/A5003333136,Bing Xu,last,2,https://openalex.org/I141649914,Nanchang University,,,CN,042v6xz23,,,"School of Public Policy and Administration, Nanchang University, Nanchang, China",true,"Automatically extracted OpenAlex authorship/affiliation candidate; verify the author, institution, and location manually."
https://openalex.org/W7118010096,true,https://openalex.org/A5031314564,Mamadou Keïta,first,1,https://openalex.org/I4210123471,Institut d'électronique de microélectronique et de nanotechnologie,,,FR,02q4res37,,,"Laboratory of IEMN, University Polytechnique Hauts-de-France, Valenciennes, France",true,"Automatically extracted OpenAlex authorship/affiliation candidate; verify the author, institution, and location manually."
https://openalex.org/W7118010096,true,https://openalex.org/A5031314564,Mamadou Keïta,first,1,https://openalex.org/I70348806,Université Polytechnique Hauts-de-France,,,FR,02ezch769,,,"Laboratory of IEMN, University Polytechnique Hauts-de-France, Valenciennes, France",true,"Automatically extracted OpenAlex authorship/affiliation candidate; verify the author, institution, and location manually."
https://openalex.org/W7118010096,true,https://openalex.org/A5121805411,Wassim Hamidouche,middle,2,https://openalex.org/I176601375,Khalifa University of Science and Technology,,,AE,05hffr360,,,"Khalifa University, Abu Dhabi, UAE",true,"Automatically extracted OpenAlex authorship/affiliation candidate; verify the author, institution, and location manually."
https://openalex.org/W7118010096,true,https://openalex.org/A5094583687,Hessen Bougueffa Eutamene,middle,3,https://openalex.org/I4210123471,Institut d'électronique de microélectronique et de nanotechnologie,,,FR,02q4res37,,,"Laboratory of IEMN, University Polytechnique Hauts-de-France, Valenciennes, France",true,"Automatically extracted OpenAlex authorship/affiliation candidate; verify the author, institution, and location manually."
https://openalex.org/W7118010096,true,https://openalex.org/A5094583687,Hessen Bougueffa Eutamene,middle,3,https://openalex.org/I70348806,Université Polytechnique Hauts-de-France,,,FR,02ezch769,,,"Laboratory of IEMN, University Polytechnique Hauts-de-France, Valenciennes, France",true,"Automatically extracted OpenAlex authorship/affiliation candidate; verify the author, institution, and location manually."
https://openalex.org/W7118010096,true,https://openalex.org/A5121798950,Abdelmalik Taleb-Ahmed,middle,4,https://openalex.org/I4210123471,Institut d'électronique de microélectronique et de nanotechnologie,,,FR,02q4res37,,,"Laboratory of IEMN, University Polytechnique Hauts-de-France, Valenciennes, France",true,"Automatically extracted OpenAlex authorship/affiliation candidate; verify the author, institution, and location manually."
https://openalex.org/W7118010096,true,https://openalex.org/A5121798950,Abdelmalik Taleb-Ahmed,middle,4,https://openalex.org/I70348806,Université Polytechnique Hauts-de-France,,,FR,02ezch769,,,"Laboratory of IEMN, University Polytechnique Hauts-de-France, Valenciennes, France",true,"Automatically extracted OpenAlex authorship/affiliation candidate; verify the author, institution, and location manually."
https://openalex.org/W7118010096,true,https://openalex.org/A5013928164,Abdenour Hadid,last,5,https://openalex.org/I4210141120,Sorbonne University Abu Dhabi,,,AE,03e1ymy32,,,"Sorbonne Center for Artificial Intelligence, Sorbonne University, Abu Dhabi, UAE",true,"Automatically extracted OpenAlex authorship/affiliation candidate; verify the author, institution, and location manually."
https://openalex.org/W4407129617,true,https://openalex.org/A5074609428,Yuming Chen,first,1,,,,,,,,,"Basis International School Naning,Nanjing,China",true,"Automatically extracted OpenAlex authorship/affiliation candidate; verify the author, institution, and location manually. Structured institution missing; preserved raw affiliation text for manual resolution."
https://openalex.org/W4407129617,true,https://openalex.org/A5049836483,Maryam Yashtini,last,2,https://openalex.org/I184565670,Georgetown University,,,US,05vzafd60,,,"Georgetown University,Department of Mathematics and Statistics,Washington DC,USA",true,"Automatically extracted OpenAlex authorship/affiliation candidate; verify the author, institution, and location manually."
https://openalex.org/W4385656076,true,https://openalex.org/A5030203638,Galamo Monkam,first,1,https://openalex.org/I324100,Bowie State University,,,US,0567w8j84,,,"Bowie State University,Department of Computer Science,Bowie,USA | Department of Computer Science, Bowie State University, Bowie, USA",true,"Automatically extracted OpenAlex authorship/affiliation candidate; verify the author, institution, and location manually."
https://openalex.org/W4385656076,true,https://openalex.org/A5101437836,Jie Yan,last,2,https://openalex.org/I324100,Bowie State University,,,US,0567w8j84,,,"Bowie State University,Department of Computer Science,Bowie,USA | Department of Computer Science, Bowie State University, Bowie, USA",true,"Automatically extracted OpenAlex authorship/affiliation candidate; verify the author, institution, and location manually."
https://openalex.org/W4415936841,true,https://openalex.org/A5072932207,Mohd Ruhul Ameen,first,1,https://openalex.org/I902853133,University of Rajshahi,,,BD,05nnyr510,,,"University of Rajshahi,Department of Computer Science and Engineering,Rajshahi,Bangladesh",true,"Automatically extracted OpenAlex authorship/affiliation candidate; verify the author, institution, and location manually."
https://openalex.org/W4415936841,true,https://openalex.org/A5063245603,Akif Islam,last,2,https://openalex.org/I902853133,University of Rajshahi,,,BD,05nnyr510,,,"University of Rajshahi,Department of Computer Science and Engineering,Rajshahi,Bangladesh",true,"Automatically extracted OpenAlex authorship/affiliation candidate; verify the author, institution, and location manually."
https://openalex.org/W4411172248,true,https://openalex.org/A5069173178,Man-Ling Liao,first,1,https://openalex.org/I154864474,National Taiwan University of Science and Technology,,,TW,00q09pe49,,,"National Taiwan University of Science and Technology, Taipei City, Taiwan",true,"Automatically extracted OpenAlex authorship/affiliation candidate; verify the author, institution, and location manually."
https://openalex.org/W4411172248,true,https://openalex.org/A5091813828,Jiann-Liang Chen,middle,2,https://openalex.org/I154864474,National Taiwan University of Science and Technology,,,TW,00q09pe49,,,"National Taiwan University of Science and Technology, Taipei City, Taiwan",true,"Automatically extracted OpenAlex authorship/affiliation candidate; verify the author, institution, and location manually."
https://openalex.org/W4411172248,true,https://openalex.org/A5001584575,Candra Ahmadi,last,3,https://openalex.org/I154864474,National Taiwan University of Science and Technology,,,TW,00q09pe49,,,"National Taiwan University of Science and Technology, Taipei City, Taiwan",true,"Automatically extracted OpenAlex authorship/affiliation candidate; verify the author, institution, and location manually."
https://openalex.org/W4413146215,true,https://openalex.org/A5060167465,Nan Zhong,first,1,https://openalex.org/I168719708,City University of Hong Kong,,,HK,03q8dnn23,,,City University of Hong Kong,true,"Automatically extracted OpenAlex authorship/affiliation candidate; verify the author, institution, and location manually."
https://openalex.org/W4413146215,true,https://openalex.org/A5100763970,Haoyu Chen,middle,2,https://openalex.org/I168719708,City University of Hong Kong,,,HK,03q8dnn23,,,City University of Hong Kong,true,"Automatically extracted OpenAlex authorship/affiliation candidate; verify the author, institution, and location manually."
https://openalex.org/W4413146215,true,https://openalex.org/A5101270212,Yiran Xu,middle,3,https://openalex.org/I24943067,Fudan University,,,CN,013q1eq08,,,Fudan University,true,"Automatically extracted OpenAlex authorship/affiliation candidate; verify the author, institution, and location manually."
https://openalex.org/W4413146215,true,https://openalex.org/A5054324316,Zhenxing Qian,middle,4,https://openalex.org/I24943067,Fudan University,,,CN,013q1eq08,,,Fudan University,true,"Automatically extracted OpenAlex authorship/affiliation candidate; verify the author, institution, and location manually."
https://openalex.org/W4413146215,true,https://openalex.org/A5101889360,Xinpeng Zhang,last,5,https://openalex.org/I24943067,Fudan University,,,CN,013q1eq08,,,Fudan University,true,"Automatically extracted OpenAlex authorship/affiliation candidate; verify the author, institution, and location manually."
https://openalex.org/W4394571198,true,https://openalex.org/A5049555369,T.J. Thomson,first,1,https://openalex.org/I4210095297,MIT University,,,MK,00v140q16,,,"School of Media and Communication, RMIT University",true,"Automatically extracted OpenAlex authorship/affiliation candidate; verify the author, institution, and location manually."
https://openalex.org/W4394571198,true,https://openalex.org/A5049555369,T.J. Thomson,first,1,https://openalex.org/I82951845,RMIT University,,,AU,04ttjf776,,,"School of Media and Communication, RMIT University | School of Media and Communication, RMIT University, Melbourne, Australia",true,"Automatically extracted OpenAlex authorship/affiliation candidate; verify the author, institution, and location manually."
https://openalex.org/W4394571198,true,https://openalex.org/A5056182545,Ryan J. Thomas,middle,2,https://openalex.org/I72951846,Washington State University,,,US,05dk0ce17,,,"The Edward R. Murrow College of Communication, Washington State University | The Edward R. Murrow College of Communication, Washington State University, Pullman, WA, USA",true,"Automatically extracted OpenAlex authorship/affiliation candidate; verify the author, institution, and location manually."
https://openalex.org/W4394571198,true,https://openalex.org/A5057437504,Phoebe Matich,last,3,https://openalex.org/I160993911,Queensland University of Technology,,,AU,03pnv4752,,,"School of Communication, Queensland University of Technology | School of Communication, Queensland University of Technology, Brisbane, Australia",true,"Automatically extracted OpenAlex authorship/affiliation candidate; verify the author, institution, and location manually."
https://openalex.org/W4406443479,true,https://openalex.org/A5037300629,Nouar AlDahoul,first,1,https://openalex.org/I57206974,New York University,,,US,0190ak572,,,New York University,true,"Automatically extracted OpenAlex authorship/affiliation candidate; verify the author, institution, and location manually."
https://openalex.org/W4406443479,true,https://openalex.org/A5018129441,Yasir Zaki,last,2,https://openalex.org/I57206974,New York University,,,US,0190ak572,,,New York University,true,"Automatically extracted OpenAlex authorship/affiliation candidate; verify the author, institution, and location manually."
https://openalex.org/W3135589907,true,https://openalex.org/A5100781981,Keke Zhang,first,1,https://openalex.org/I169572211,Northeast Agricultural University,,,CN,0515nd386,,,"College of Engineering, Northeast Agricultural University, Harbin 150030, China",true,"Automatically extracted OpenAlex authorship/affiliation candidate; verify the author, institution, and location manually."
https://openalex.org/W3135589907,true,https://openalex.org/A5019211546,Qiufeng Wu,middle,2,https://openalex.org/I169572211,Northeast Agricultural University,,,CN,0515nd386,,,"College of Arts and Sciences, Northeast Agricultural University, Harbin 150030, China",true,"Automatically extracted OpenAlex authorship/affiliation candidate; verify the author, institution, and location manually."
https://openalex.org/W3135589907,true,https://openalex.org/A5100374688,Yiping Chen,last,3,https://openalex.org/I169572211,Northeast Agricultural University,,,CN,0515nd386,,,"College of Engineering, Northeast Agricultural University, Harbin 150030, China",true,"Automatically extracted OpenAlex authorship/affiliation candidate; verify the author, institution, and location manually."
https://openalex.org/W4400793389,true,https://openalex.org/A5039439727,Vinay Gautam,first,1,https://openalex.org/I74319210,Chitkara University,,,IN,057d6z539,,,"Chitkara University Institute of Engineering and Technology, Chitkara University, Punjab, India",true,"Automatically extracted OpenAlex authorship/affiliation candidate; verify the author, institution, and location manually."
https://openalex.org/W4400793389,true,https://openalex.org/A5089771655,Mukesh Joshi,middle,2,https://openalex.org/I60054993,Graphic Era University,,,IN,03wqgqd89,,,"School of Computing, Graphic Era Hill University, Bhimtal Campus, Dehradun, UK, India",true,"Automatically extracted OpenAlex authorship/affiliation candidate; verify the author, institution, and location manually."
https://openalex.org/W4400793389,true,https://openalex.org/A5077884214,Raj Gaurang Tiwari,middle,3,https://openalex.org/I74319210,Chitkara University,,,IN,057d6z539,,,"Chitkara University Institute of Engineering and Technology, Chitkara University, Punjab, India",true,"Automatically extracted OpenAlex authorship/affiliation candidate; verify the author, institution, and location manually."
https://openalex.org/W4400793389,true,https://openalex.org/A5064904219,Ambuj Kumar Agarwal,middle,4,https://openalex.org/I74885063,Sharda University,,,IN,03b6ffh07,,,"Department of Computer Science and Engineering, School of Engineering and Technology, Sharda University, Greater Noida, India",true,"Automatically extracted OpenAlex authorship/affiliation candidate; verify the author, institution, and location manually."
https://openalex.org/W4400793389,true,https://openalex.org/A5091652013,Naresh Kumar Trivedi,last,5,https://openalex.org/I74319210,Chitkara University,,,IN,057d6z539,,,"Chitkara University Institute of Engineering and Technology, Chitkara University, Punjab, India",true,"Automatically extracted OpenAlex authorship/affiliation candidate; verify the author, institution, and location manually."
https://openalex.org/W2766065312,true,https://openalex.org/A5101728852,Abdul Jabbar,first,1,https://openalex.org/I78757542,University of Newcastle Australia,,,AU,00eae9z71,,,"School of Electrical Engineering and Computing, The University of Newcastle, Callaghan, NSW, 2308, Australia",true,"Automatically extracted OpenAlex authorship/affiliation candidate; verify the author, institution, and location manually."
https://openalex.org/W2766065312,true,https://openalex.org/A5071363243,Luke Farrawell,middle,2,https://openalex.org/I78757542,University of Newcastle Australia,,,AU,00eae9z71,,,"School of Electrical Engineering and Computing, The University of Newcastle, Callaghan, NSW, 2308, Australia",true,"Automatically extracted OpenAlex authorship/affiliation candidate; verify the author, institution, and location manually."
https://openalex.org/W2766065312,true,https://openalex.org/A5029336920,Jake Fountain,middle,3,https://openalex.org/I78757542,University of Newcastle Australia,,,AU,00eae9z71,,,"School of Electrical Engineering and Computing, The University of Newcastle, Callaghan, NSW, 2308, Australia",true,"Automatically extracted OpenAlex authorship/affiliation candidate; verify the author, institution, and location manually."
https://openalex.org/W2766065312,true,https://openalex.org/A5054614441,Stephan K. Chalup,last,4,https://openalex.org/I78757542,University of Newcastle Australia,,,AU,00eae9z71,,,"School of Electrical Engineering and Computing, The University of Newcastle, Callaghan, NSW, 2308, Australia",true,"Automatically extracted OpenAlex authorship/affiliation candidate; verify the author, institution, and location manually."
https://openalex.org/W4284974950,true,https://openalex.org/A5078100073,Jinjin Gu,first,1,https://openalex.org/I129604602,The University of Sydney,,,AU,0384j8v12,,,"School of Electrical and Information Engineering, University of Sydney, Sydney, NSW, Australia",true,"Automatically extracted OpenAlex authorship/affiliation candidate; verify the author, institution, and location manually."
https://openalex.org/W4284974950,true,https://openalex.org/A5100722140,Xinlei Wang,middle,2,https://openalex.org/I129604602,The University of Sydney,,,AU,0384j8v12,,,"School of Electrical and Information Engineering, University of Sydney, Sydney, NSW, Australia",true,"Automatically extracted OpenAlex authorship/affiliation candidate; verify the author, institution, and location manually."
https://openalex.org/W4284974950,true,https://openalex.org/A5017189030,Chenang Li,middle,3,https://openalex.org/I4210116924,"Chinese University of Hong Kong, Shenzhen",,,CN,02d5ks197,,,"School of Science and Engineering, The Chinese University of Hong Kong, Shenzhen, China",true,"Automatically extracted OpenAlex authorship/affiliation candidate; verify the author, institution, and location manually."
https://openalex.org/W4284974950,true,https://openalex.org/A5065487554,Junhua Zhao,middle,4,https://openalex.org/I4210104064,Shenzhen Academy of Robotics,,,CN,01h027j09,,,"Shenzhen Institute of Artificial Intelligence and Robotics for Society (AIRS), Shenzhen, China",true,"Automatically extracted OpenAlex authorship/affiliation candidate; verify the author, institution, and location manually."
https://openalex.org/W4284974950,true,https://openalex.org/A5065487554,Junhua Zhao,middle,4,https://openalex.org/I4210116924,"Chinese University of Hong Kong, Shenzhen",,,CN,02d5ks197,,,"School of Science and Engineering, The Chinese University of Hong Kong, Shenzhen, China",true,"Automatically extracted OpenAlex authorship/affiliation candidate; verify the author, institution, and location manually."
https://openalex.org/W4284974950,true,https://openalex.org/A5006518425,Weijin Fu,middle,5,https://openalex.org/I160354086,Guangxi Medical University,,,CN,03dveyr97,,,"Department of Urology, The First Affiliated Hospital of Guangxi Medical University, Guangxi, China",true,"Automatically extracted OpenAlex authorship/affiliation candidate; verify the author, institution, and location manually."
https://openalex.org/W4284974950,true,https://openalex.org/A5006518425,Weijin Fu,middle,5,https://openalex.org/I4210126060,First Affiliated Hospital of GuangXi Medical University,,,CN,030sc3x20,,,"Department of Urology, The First Affiliated Hospital of Guangxi Medical University, Guangxi, China",true,"Automatically extracted OpenAlex authorship/affiliation candidate; verify the author, institution, and location manually."
https://openalex.org/W4284974950,true,https://openalex.org/A5090253720,Gaoqi Liang,middle,6,https://openalex.org/I4210116924,"Chinese University of Hong Kong, Shenzhen",,,CN,02d5ks197,,,"School of Science and Engineering, The Chinese University of Hong Kong, Shenzhen, China",true,"Automatically extracted OpenAlex authorship/affiliation candidate; verify the author, institution, and location manually."
https://openalex.org/W4284974950,true,https://openalex.org/A5040046000,Jing Qiu,last,7,https://openalex.org/I129604602,The University of Sydney,,,AU,0384j8v12,,,"School of Electrical and Information Engineering, University of Sydney, Sydney, NSW, Australia",true,"Automatically extracted OpenAlex authorship/affiliation candidate; verify the author, institution, and location manually."
https://openalex.org/W4375955734,true,https://openalex.org/A5017290664,Rimsha Rafique,first,1,https://openalex.org/I173207729,University of Engineering and Technology Taxila,,,PK,03v00ka07,,,"Department of Computer Science, University of Engineering and Technology, Taxila, Pakistan, 47050",true,"Automatically extracted OpenAlex authorship/affiliation candidate; verify the author, institution, and location manually."
https://openalex.org/W4375955734,true,https://openalex.org/A5052882555,Rahma Gantassi,middle,2,https://openalex.org/I111277659,Chonnam National University,,,KR,05kzjxq56,,,"Department of Electrical Engineering, Chonnam National University, Gwangju, 61186, South Korea",true,"Automatically extracted OpenAlex authorship/affiliation candidate; verify the author, institution, and location manually."
https://openalex.org/W4375955734,true,https://openalex.org/A5007077685,Rashid Amin,middle,3,https://openalex.org/I110083240,Karnatak University,,,IN,05ajnv358,,,"Department of Computer Science, University of Chakwal, Chakwal, 48800, Pakistan. Rashid.sdn1@gmail.com",true,"Automatically extracted OpenAlex authorship/affiliation candidate; verify the author, institution, and location manually."
https://openalex.org/W4375955734,true,https://openalex.org/A5007077685,Rashid Amin,middle,3,https://openalex.org/I173207729,University of Engineering and Technology Taxila,,,PK,03v00ka07,,,"Department of Computer Science, University of Engineering and Technology, Taxila, Pakistan, 47050. Rashid.sdn1@gmail.com",true,"Automatically extracted OpenAlex authorship/affiliation candidate; verify the author, institution, and location manually."
https://openalex.org/W4375955734,true,https://openalex.org/A5041673632,Jaroslav Frnda,middle,4,https://openalex.org/I142208455,VSB - Technical University of Ostrava,,,CZ,05x8mcb75,,,"Department of Telecommunications, Faculty of Electrical Engineering and Computer Science, VSB Technical University of Ostrava, 70800, Ostrava, Czech Republic",true,"Automatically extracted OpenAlex authorship/affiliation candidate; verify the author, institution, and location manually."
https://openalex.org/W4375955734,true,https://openalex.org/A5041673632,Jaroslav Frnda,middle,4,https://openalex.org/I3122011922,University of Žilina,,,SK,031wwwj55,,,"Department of Quantitative Methods and Economic Informatics, Faculty of Operation and Economics of Transport and Communications, University of Zilina, 01026, Zilina, Slovakia",true,"Automatically extracted OpenAlex authorship/affiliation candidate; verify the author, institution, and location manually."
https://openalex.org/W4375955734,true,https://openalex.org/A5032045434,Aida Mustapha,middle,5,https://openalex.org/I930072361,Tun Hussein Onn University of Malaysia,,,MY,01c5wha71,,,"Faculty of Applied Sciences and Technology, Universiti Tun Hussein Onn Malaysia, KM1 Jalan Pagoh, 84600, Pagoh, Johor, Malaysia",true,"Automatically extracted OpenAlex authorship/affiliation candidate; verify the author, institution, and location manually."
https://openalex.org/W4375955734,true,https://openalex.org/A5068442192,Asma Hassan Alshehri,last,6,https://openalex.org/I206935292,Shaqra University,,,SA,05hawb687,,,"Durma College of Science and Humanities, Shaqra University, Shaqra, 11961, Saudi Arabia",true,"Automatically extracted OpenAlex authorship/affiliation candidate; verify the author, institution, and location manually."
https://openalex.org/W4386590781,true,https://openalex.org/A5011930662,Yan Ju,first,1,https://openalex.org/I1327163397,State University of New York,,,US,01q1z8k08,,,"State University of New York, NY, USA",true,"Automatically extracted OpenAlex authorship/affiliation candidate; verify the author, institution, and location manually."
https://openalex.org/W4386590781,true,https://openalex.org/A5011930662,Yan Ju,first,1,https://openalex.org/I63190737,"University at Buffalo, State University of New York",,,US,01y64my43,,,"Department of Computer Science and Engineering, State University of New York at Buffalo, Buffalo, NY, USA",true,"Automatically extracted OpenAlex authorship/affiliation candidate; verify the author, institution, and location manually."
https://openalex.org/W4386590781,true,https://openalex.org/A5087763075,Shan Jia,middle,2,https://openalex.org/I1327163397,State University of New York,,,US,01q1z8k08,,,"State University of New York, NY, USA",true,"Automatically extracted OpenAlex authorship/affiliation candidate; verify the author, institution, and location manually."
https://openalex.org/W4386590781,true,https://openalex.org/A5087763075,Shan Jia,middle,2,https://openalex.org/I63190737,"University at Buffalo, State University of New York",,,US,01y64my43,,,"Department of Computer Science and Engineering, State University of New York at Buffalo, Buffalo, NY, USA",true,"Automatically extracted OpenAlex authorship/affiliation candidate; verify the author, institution, and location manually."
https://openalex.org/W4386590781,true,https://openalex.org/A5076784980,Jialing Cai,middle,3,https://openalex.org/I1327163397,State University of New York,,,US,01q1z8k08,,,"State University of New York, NY, USA",true,"Automatically extracted OpenAlex authorship/affiliation candidate; verify the author, institution, and location manually."
https://openalex.org/W4386590781,true,https://openalex.org/A5076784980,Jialing Cai,middle,3,https://openalex.org/I63190737,"University at Buffalo, State University of New York",,,US,01y64my43,,,"Department of Computer Science and Engineering, State University of New York at Buffalo, Buffalo, NY, USA",true,"Automatically extracted OpenAlex authorship/affiliation candidate; verify the author, institution, and location manually."
https://openalex.org/W4386590781,true,https://openalex.org/A5101425285,Haiying Guan,middle,4,https://openalex.org/I1321296531,National Institute of Standards and Technology,,,US,05xpvk416,,,"National Institute of Standards and Technology, Gaithersburg, MD, USA | National Institute of Standards and Technology (NIST), Gaithersburg, MD, USA",true,"Automatically extracted OpenAlex authorship/affiliation candidate; verify the author, institution, and location manually."
https://openalex.org/W4386590781,true,https://openalex.org/A5023752172,Siwei Lyu,last,5,https://openalex.org/I1327163397,State University of New York,,,US,01q1z8k08,,,"State University of New York, NY, USA",true,"Automatically extracted OpenAlex authorship/affiliation candidate; verify the author, institution, and location manually."
https://openalex.org/W4386590781,true,https://openalex.org/A5023752172,Siwei Lyu,last,5,https://openalex.org/I63190737,"University at Buffalo, State University of New York",,,US,01y64my43,,,"Department of Computer Science and Engineering, State University of New York at Buffalo, Buffalo, NY, USA",true,"Automatically extracted OpenAlex authorship/affiliation candidate; verify the author, institution, and location manually."
https://openalex.org/W4402013517,true,https://openalex.org/A5049689320,Sunil Kumar Sharma,first,1,https://openalex.org/I195631090,Majmaah University,,,SA,01mcrnj60,,,"Department of Information System, College of Computer and Information Sciences, Majmaah University, Majmaah, 11952, Saudi Arabia",true,"Automatically extracted OpenAlex authorship/affiliation candidate; verify the author, institution, and location manually."
https://openalex.org/W4402013517,true,https://openalex.org/A5041902960,Abdullah M. Al‐Enizi,middle,2,https://openalex.org/I195631090,Majmaah University,,,SA,01mcrnj60,,,"Department of Information Technology, College of Computer and Information Sciences, Majmaah University, Majmaah, 11952, Saudi Arabia",true,"Automatically extracted OpenAlex authorship/affiliation candidate; verify the author, institution, and location manually."
https://openalex.org/W4402013517,true,https://openalex.org/A5101849944,Manoj Kumar,middle,3,https://openalex.org/I55990551,University of Wollongong in Dubai,,,AE,0447ajy94,,,"School of Computer Science, University of Wollongong in Dubai, Dubai Knowledge Park, Dubai, United Arab Emirates",true,"Automatically extracted OpenAlex authorship/affiliation candidate; verify the author, institution, and location manually."
https://openalex.org/W4402013517,true,https://openalex.org/A5101849944,Manoj Kumar,middle,3,https://openalex.org/I91633459,Middle East University,,,JO,059bgad73,,,"MEU Research Unit, Middle East University, Amman, 11831, Jordan",true,"Automatically extracted OpenAlex authorship/affiliation candidate; verify the author, institution, and location manually."
https://openalex.org/W4402013517,true,https://openalex.org/A5035125196,Osama Alfarraj,middle,4,https://openalex.org/I28022161,King Saud University,,,SA,02f81g417,,,"Computer Science Department, Community College, King Saud University, Riyadh, 11437, Saudi Arabia",true,"Automatically extracted OpenAlex authorship/affiliation candidate; verify the author, institution, and location manually."
https://openalex.org/W4402013517,true,https://openalex.org/A5077500560,Majed Alowaidi,last,5,https://openalex.org/I195631090,Majmaah University,,,SA,01mcrnj60,,,"Department of Information Technology, College of Computer and Information Sciences, Majmaah University, Majmaah, 11952, Saudi Arabia",true,"Automatically extracted OpenAlex authorship/affiliation candidate; verify the author, institution, and location manually."
https://openalex.org/W3138230904,true,https://openalex.org/A5011835889,Yohanna Rodríguez-Ortega,first,1,https://openalex.org/I41047195,Military University Nueva Granada,,,CO,05n0gsn30,,,"Faculty of Engineering, Universidad Militar Nueva Granada, Bogotá 110111, Colombia",true,"Automatically extracted OpenAlex authorship/affiliation candidate; verify the author, institution, and location manually."
https://openalex.org/W3138230904,true,https://openalex.org/A5013165355,Dora M. Ballesteros,middle,2,https://openalex.org/I41047195,Military University Nueva Granada,,,CO,05n0gsn30,,,"Faculty of Engineering, Universidad Militar Nueva Granada, Bogotá 110111, Colombia",true,"Automatically extracted OpenAlex authorship/affiliation candidate; verify the author, institution, and location manually."
https://openalex.org/W3138230904,true,https://openalex.org/A5090860642,Diego Renza,last,3,https://openalex.org/I41047195,Military University Nueva Granada,,,CO,05n0gsn30,,,"Faculty of Engineering, Universidad Militar Nueva Granada, Bogotá 110111, Colombia",true,"Automatically extracted OpenAlex authorship/affiliation candidate; verify the author, institution, and location manually."
https://openalex.org/W3140970613,true,https://openalex.org/A5019162032,Peiyu Zhuang,first,1,https://openalex.org/I180726961,Shenzhen University,,,CN,01vy4gh70,,,"Guangdong Key Laboratory of Intelligent Information Processing, Shenzhen University, Shenzhen, China | Shenzhen Key Laboratory of Media Security, Shenzhen University, Shenzhen, China",true,"Automatically extracted OpenAlex authorship/affiliation candidate; verify the author, institution, and location manually."
https://openalex.org/W3140970613,true,https://openalex.org/A5019162032,Peiyu Zhuang,first,1,https://openalex.org/I4210104064,Shenzhen Academy of Robotics,,,CN,01h027j09,,,"Shenzhen Institute of Artificial Intelligence and Robotics for Society, Shenzhen, China",true,"Automatically extracted OpenAlex authorship/affiliation candidate; verify the author, institution, and location manually."
https://openalex.org/W3140970613,true,https://openalex.org/A5022939417,Haodong Li,middle,2,https://openalex.org/I180726961,Shenzhen University,,,CN,01vy4gh70,,,"Guangdong Key Laboratory of Intelligent Information Processing, Shenzhen University, Shenzhen, China | Shenzhen Key Laboratory of Media Security, Shenzhen University, Shenzhen, China",true,"Automatically extracted OpenAlex authorship/affiliation candidate; verify the author, institution, and location manually."
https://openalex.org/W3140970613,true,https://openalex.org/A5022939417,Haodong Li,middle,2,https://openalex.org/I4210104064,Shenzhen Academy of Robotics,,,CN,01h027j09,,,"Shenzhen Institute of Artificial Intelligence and Robotics for Society, Shenzhen, China",true,"Automatically extracted OpenAlex authorship/affiliation candidate; verify the author, institution, and location manually."
https://openalex.org/W3140970613,true,https://openalex.org/A5023503629,Shunquan Tan,middle,3,https://openalex.org/I180726961,Shenzhen University,,,CN,01vy4gh70,,,"Guangdong Key Laboratory of Intelligent Information Processing, Shenzhen University, Shenzhen, China | Shenzhen Key Laboratory of Media Security, Shenzhen University, Shenzhen, China",true,"Automatically extracted OpenAlex authorship/affiliation candidate; verify the author, institution, and location manually."
https://openalex.org/W3140970613,true,https://openalex.org/A5023503629,Shunquan Tan,middle,3,https://openalex.org/I4210104064,Shenzhen Academy of Robotics,,,CN,01h027j09,,,"Shenzhen Institute of Artificial Intelligence and Robotics for Society, Shenzhen, China",true,"Automatically extracted OpenAlex authorship/affiliation candidate; verify the author, institution, and location manually."
https://openalex.org/W3140970613,true,https://openalex.org/A5100365163,Bin Li,middle,4,https://openalex.org/I180726961,Shenzhen University,,,CN,01vy4gh70,,,"Guangdong Key Laboratory of Intelligent Information Processing, Shenzhen University, Shenzhen, China | Shenzhen Key Laboratory of Media Security, Shenzhen University, Shenzhen, China",true,"Automatically extracted OpenAlex authorship/affiliation candidate; verify the author, institution, and location manually."
https://openalex.org/W3140970613,true,https://openalex.org/A5100365163,Bin Li,middle,4,https://openalex.org/I4210104064,Shenzhen Academy of Robotics,,,CN,01h027j09,,,"Shenzhen Institute of Artificial Intelligence and Robotics for Society, Shenzhen, China",true,"Automatically extracted OpenAlex authorship/affiliation candidate; verify the author, institution, and location manually."
https://openalex.org/W3140970613,true,https://openalex.org/A5047964483,Jiwu Huang,last,5,https://openalex.org/I180726961,Shenzhen University,,,CN,01vy4gh70,,,"Guangdong Key Laboratory of Intelligent Information Processing, Shenzhen University, Shenzhen, China | Shenzhen Key Laboratory of Media Security, Shenzhen University, Shenzhen, China",true,"Automatically extracted OpenAlex authorship/affiliation candidate; verify the author, institution, and location manually."
https://openalex.org/W3140970613,true,https://openalex.org/A5047964483,Jiwu Huang,last,5,https://openalex.org/I4210104064,Shenzhen Academy of Robotics,,,CN,01h027j09,,,"Shenzhen Institute of Artificial Intelligence and Robotics for Society, Shenzhen, China",true,"Automatically extracted OpenAlex authorship/affiliation candidate; verify the author, institution, and location manually."
https://openalex.org/W4308234128,true,https://openalex.org/A5100946431,Yan Ju,first,1,https://openalex.org/I63190737,"University at Buffalo, State University of New York",,,US,01y64my43,,,"University at Buffalo, State University of New York",true,"Automatically extracted OpenAlex authorship/affiliation candidate; verify the author, institution, and location manually."
https://openalex.org/W4308234128,true,https://openalex.org/A5078610157,Shan Jia,middle,2,https://openalex.org/I63190737,"University at Buffalo, State University of New York",,,US,01y64my43,,,"University at Buffalo, State University of New York",true,"Automatically extracted OpenAlex authorship/affiliation candidate; verify the author, institution, and location manually."
https://openalex.org/W4308234128,true,https://openalex.org/A5055054335,Lipeng Ke,middle,3,https://openalex.org/I63190737,"University at Buffalo, State University of New York",,,US,01y64my43,,,"University at Buffalo, State University of New York",true,"Automatically extracted OpenAlex authorship/affiliation candidate; verify the author, institution, and location manually."
https://openalex.org/W4308234128,true,https://openalex.org/A5014632942,Hongfei Xue,middle,4,https://openalex.org/I63190737,"University at Buffalo, State University of New York",,,US,01y64my43,,,"University at Buffalo, State University of New York",true,"Automatically extracted OpenAlex authorship/affiliation candidate; verify the author, institution, and location manually."
https://openalex.org/W4308234128,true,https://openalex.org/A5026964301,Koki Nagano,middle,5,,,,,,,,,NVIDIA,true,"Automatically extracted OpenAlex authorship/affiliation candidate; verify the author, institution, and location manually. Structured institution missing; preserved raw affiliation text for manual resolution."
https://openalex.org/W4308234128,true,https://openalex.org/A5023752172,Siwei Lyu,last,6,https://openalex.org/I63190737,"University at Buffalo, State University of New York",,,US,01y64my43,,,"University at Buffalo, State University of New York",true,"Automatically extracted OpenAlex authorship/affiliation candidate; verify the author, institution, and location manually."
https://openalex.org/W2921230249,true,https://openalex.org/A5022939417,Haodong Li,first,1,https://openalex.org/I180726961,Shenzhen University,,,CN,01vy4gh70,,,"Guangdong Key Laboratory of Intelligent Information Processing, Shenzhen University, Shenzhen, China",true,"Automatically extracted OpenAlex authorship/affiliation candidate; verify the author, institution, and location manually."
https://openalex.org/W2921230249,true,https://openalex.org/A5100325120,Han Chen,middle,2,https://openalex.org/I180726961,Shenzhen University,,,CN,01vy4gh70,,,"Guangdong Key Laboratory of Intelligent Information Processing, Shenzhen University, Shenzhen, China",true,"Automatically extracted OpenAlex authorship/affiliation candidate; verify the author, institution, and location manually."
https://openalex.org/W2921230249,true,https://openalex.org/A5100365163,Bin Li,middle,3,https://openalex.org/I180726961,Shenzhen University,,,CN,01vy4gh70,,,"Guangdong Key Laboratory of Intelligent Information Processing, Shenzhen University, Shenzhen, China",true,"Automatically extracted OpenAlex authorship/affiliation candidate; verify the author, institution, and location manually."
https://openalex.org/W2921230249,true,https://openalex.org/A5023503629,Shunquan Tan,last,4,https://openalex.org/I180726961,Shenzhen University,,,CN,01vy4gh70,,,"College of Computer Science and Software Engineering, Shenzhen University, Shenzhen, China",true,"Automatically extracted OpenAlex authorship/affiliation candidate; verify the author, institution, and location manually."
https://openalex.org/W2979433881,true,https://openalex.org/A5038024618,Kritaphat Songsri-in,first,1,,,,,,,,,,true,"Automatically extracted OpenAlex authorship/affiliation candidate; verify the author, institution, and location manually. No affiliation information provided by OpenAlex for this authorship."
https://openalex.org/W2979433881,true,https://openalex.org/A5080553022,Stefanos Zafeiriou,last,2,https://openalex.org/I47508984,Imperial College London,,,GB,041kmwe10,,,Imperial College London,true,"Automatically extracted OpenAlex authorship/affiliation candidate; verify the author, institution, and location manually."
https://openalex.org/W4385801432,true,https://openalex.org/A5101219268,Shan Jia,first,1,https://openalex.org/I57206974,New York University,,,US,0190ak572,,,"State University of New York,University at Buffalo,NY,USA",true,"Automatically extracted OpenAlex authorship/affiliation candidate; verify the author, institution, and location manually."
https://openalex.org/W4385801432,true,https://openalex.org/A5101219268,Shan Jia,first,1,https://openalex.org/I63190737,"University at Buffalo, State University of New York",,,US,01y64my43,,,"State University of New York,University at Buffalo,NY,USA | University at Buffalo, State University of New York, NY, USA",true,"Automatically extracted OpenAlex authorship/affiliation candidate; verify the author, institution, and location manually."
https://openalex.org/W4385801432,true,https://openalex.org/A5075889934,Mingzhen Huang,middle,2,https://openalex.org/I57206974,New York University,,,US,0190ak572,,,"State University of New York,University at Buffalo,NY,USA",true,"Automatically extracted OpenAlex authorship/affiliation candidate; verify the author, institution, and location manually."
https://openalex.org/W4385801432,true,https://openalex.org/A5075889934,Mingzhen Huang,middle,2,https://openalex.org/I63190737,"University at Buffalo, State University of New York",,,US,01y64my43,,,"State University of New York,University at Buffalo,NY,USA | University at Buffalo, State University of New York, NY, USA",true,"Automatically extracted OpenAlex authorship/affiliation candidate; verify the author, institution, and location manually."
https://openalex.org/W4385801432,true,https://openalex.org/A5100359942,Zhou Zhou,middle,3,https://openalex.org/I57206974,New York University,,,US,0190ak572,,,"State University of New York,University at Buffalo,NY,USA",true,"Automatically extracted OpenAlex authorship/affiliation candidate; verify the author, institution, and location manually."
https://openalex.org/W4385801432,true,https://openalex.org/A5100359942,Zhou Zhou,middle,3,https://openalex.org/I63190737,"University at Buffalo, State University of New York",,,US,01y64my43,,,"State University of New York,University at Buffalo,NY,USA | University at Buffalo, State University of New York, NY, USA",true,"Automatically extracted OpenAlex authorship/affiliation candidate; verify the author, institution, and location manually."
https://openalex.org/W4385801432,true,https://openalex.org/A5081250081,Yiguang Ju,middle,4,https://openalex.org/I57206974,New York University,,,US,0190ak572,,,"State University of New York,University at Buffalo,NY,USA",true,"Automatically extracted OpenAlex authorship/affiliation candidate; verify the author, institution, and location manually."
https://openalex.org/W4385801432,true,https://openalex.org/A5081250081,Yiguang Ju,middle,4,https://openalex.org/I63190737,"University at Buffalo, State University of New York",,,US,01y64my43,,,"State University of New York,University at Buffalo,NY,USA | University at Buffalo, State University of New York, NY, USA",true,"Automatically extracted OpenAlex authorship/affiliation candidate; verify the author, institution, and location manually."
https://openalex.org/W4385801432,true,https://openalex.org/A5076784980,Jialing Cai,middle,5,https://openalex.org/I57206974,New York University,,,US,0190ak572,,,"State University of New York,University at Buffalo,NY,USA",true,"Automatically extracted OpenAlex authorship/affiliation candidate; verify the author, institution, and location manually."
https://openalex.org/W4385801432,true,https://openalex.org/A5076784980,Jialing Cai,middle,5,https://openalex.org/I63190737,"University at Buffalo, State University of New York",,,US,01y64my43,,,"State University of New York,University at Buffalo,NY,USA | University at Buffalo, State University of New York, NY, USA",true,"Automatically extracted OpenAlex authorship/affiliation candidate; verify the author, institution, and location manually."
https://openalex.org/W4385801432,true,https://openalex.org/A5023752172,Siwei Lyu,last,6,https://openalex.org/I57206974,New York University,,,US,0190ak572,,,"State University of New York,University at Buffalo,NY,USA",true,"Automatically extracted OpenAlex authorship/affiliation candidate; verify the author, institution, and location manually."
https://openalex.org/W4385801432,true,https://openalex.org/A5023752172,Siwei Lyu,last,6,https://openalex.org/I63190737,"University at Buffalo, State University of New York",,,US,01y64my43,,,"State University of New York,University at Buffalo,NY,USA | University at Buffalo, State University of New York, NY, USA",true,"Automatically extracted OpenAlex authorship/affiliation candidate; verify the author, institution, and location manually."
https://openalex.org/W4409262147,true,https://openalex.org/A5065213828,Rui Xu,first,1,https://openalex.org/I1290206253,Microsoft (United States),,,US,00d0nc645,,,Microsoft Responsible AI,true,"Automatically extracted OpenAlex authorship/affiliation candidate; verify the author, institution, and location manually."
https://openalex.org/W4409262147,true,https://openalex.org/A5110751728,Mengya Hu,middle,2,https://openalex.org/I1290206253,Microsoft (United States),,,US,00d0nc645,,,Microsoft Responsible AI,true,"Automatically extracted OpenAlex authorship/affiliation candidate; verify the author, institution, and location manually."
https://openalex.org/W4409262147,true,https://openalex.org/A5087270153,Deren Lei,middle,3,https://openalex.org/I1290206253,Microsoft (United States),,,US,00d0nc645,,,Microsoft Responsible AI,true,"Automatically extracted OpenAlex authorship/affiliation candidate; verify the author, institution, and location manually."
https://openalex.org/W4409262147,true,https://openalex.org/A5007192803,Yaxi Li,middle,4,https://openalex.org/I1290206253,Microsoft (United States),,,US,00d0nc645,,,Microsoft Responsible AI,true,"Automatically extracted OpenAlex authorship/affiliation candidate; verify the author, institution, and location manually."
https://openalex.org/W4409262147,true,https://openalex.org/A5055202003,David Lowe,middle,5,https://openalex.org/I1290206253,Microsoft (United States),,,US,00d0nc645,,,Microsoft Responsible AI,true,"Automatically extracted OpenAlex authorship/affiliation candidate; verify the author, institution, and location manually."
https://openalex.org/W4409262147,true,https://openalex.org/A5114658411,Alex Gorevski,middle,6,https://openalex.org/I1290206253,Microsoft (United States),,,US,00d0nc645,,,Microsoft Responsible AI,true,"Automatically extracted OpenAlex authorship/affiliation candidate; verify the author, institution, and location manually."
https://openalex.org/W4409262147,true,https://openalex.org/A5100350109,Mingyu Wang,middle,7,https://openalex.org/I1290206253,Microsoft (United States),,,US,00d0nc645,,,Microsoft Responsible AI,true,"Automatically extracted OpenAlex authorship/affiliation candidate; verify the author, institution, and location manually."
https://openalex.org/W4409262147,true,https://openalex.org/A5042495385,Emily S. C. Ching,middle,8,https://openalex.org/I1290206253,Microsoft (United States),,,US,00d0nc645,,,Microsoft Responsible AI,true,"Automatically extracted OpenAlex authorship/affiliation candidate; verify the author, institution, and location manually."
https://openalex.org/W4409262147,true,https://openalex.org/A5075519075,Alex Deng,last,9,https://openalex.org/I1290206253,Microsoft (United States),,,US,00d0nc645,,,Microsoft Responsible AI,true,"Automatically extracted OpenAlex authorship/affiliation candidate; verify the author, institution, and location manually."
https://openalex.org/W4394862914,true,https://openalex.org/A5082680996,Xiaojie Xia,first,1,https://openalex.org/I4210159607,Fujitsu (China),,,CN,04w4yzw62,,,"Fujitsu R&amp;D Cente Company, Ltd., Beijing, China",true,"Automatically extracted OpenAlex authorship/affiliation candidate; verify the author, institution, and location manually."
https://openalex.org/W4394862914,true,https://openalex.org/A5022387250,Liuan Wang,middle,2,https://openalex.org/I4210159607,Fujitsu (China),,,CN,04w4yzw62,,,"Fujitsu R&amp;D Cente Company, Ltd., Beijing, China",true,"Automatically extracted OpenAlex authorship/affiliation candidate; verify the author, institution, and location manually."
https://openalex.org/W4394862914,true,https://openalex.org/A5100327195,Jun Sun,middle,3,https://openalex.org/I4210159607,Fujitsu (China),,,CN,04w4yzw62,,,"Fujitsu R&amp;D Cente Company, Ltd., Beijing, China",true,"Automatically extracted OpenAlex authorship/affiliation candidate; verify the author, institution, and location manually."
https://openalex.org/W4394862914,true,https://openalex.org/A5059844018,Akira Nakagawa,last,4,https://openalex.org/I2252096349,Fujitsu (Japan),,,JP,038e2g226,,,"Fujitsu Research, Kawasaki, Japan",true,"Automatically extracted OpenAlex authorship/affiliation candidate; verify the author, institution, and location manually."
https://openalex.org/W4396832416,true,https://openalex.org/A5051546452,Maitraye Das,first,1,https://openalex.org/I12912129,Northeastern University,,,US,04t5xt781,,,"Northeastern University, United States",true,"Automatically extracted OpenAlex authorship/affiliation candidate; verify the author, institution, and location manually."
https://openalex.org/W4396832416,true,https://openalex.org/A5081074062,Alexander J. Fiannaca,middle,2,https://openalex.org/I1291425158,Google (United States),,,US,00njsd438,,,"Google, United States",true,"Automatically extracted OpenAlex authorship/affiliation candidate; verify the author, institution, and location manually."
https://openalex.org/W4396832416,true,https://openalex.org/A5062285844,Meredith Ringel Morris,middle,3,https://openalex.org/I1291425158,Google (United States),,,US,00njsd438,,,"Google DeepMind, United States",true,"Automatically extracted OpenAlex authorship/affiliation candidate; verify the author, institution, and location manually."
https://openalex.org/W4396832416,true,https://openalex.org/A5086948505,Shaun K. Kane,middle,4,https://openalex.org/I1291425158,Google (United States),,,US,00njsd438,,,"Google Research, United States",true,"Automatically extracted OpenAlex authorship/affiliation candidate; verify the author, institution, and location manually."
https://openalex.org/W4396832416,true,https://openalex.org/A5001257603,Cynthia L. Bennett,last,5,https://openalex.org/I1291425158,Google (United States),,,US,00njsd438,,,"Google, United States",true,"Automatically extracted OpenAlex authorship/affiliation candidate; verify the author, institution, and location manually."
https://openalex.org/W4401607051,true,https://openalex.org/A5067816317,Renée DiResta,first,1,https://openalex.org/I97018004,Stanford University,,,US,00f54p054,,,"Stanford Internet Observatory, Stanford University, USA | ) Stanford Internet Observatory, Stanford University, USA,",true,"Automatically extracted OpenAlex authorship/affiliation candidate; verify the author, institution, and location manually."
https://openalex.org/W4401607051,true,https://openalex.org/A5087223073,Josh A. Goldstein,last,2,https://openalex.org/I184565670,Georgetown University,,,US,05vzafd60,,,"Center for Security and Emerging Technology, Georgetown University, USA | ) Center for Security and Emerging Technology, Georgetown University, USA",true,"Automatically extracted OpenAlex authorship/affiliation candidate; verify the author, institution, and location manually."
https://openalex.org/W4401607051,true,https://openalex.org/A5087223073,Josh A. Goldstein,last,2,https://openalex.org/I4210145449,Center for Security and Emerging Technology,,,US,045qf3j54,,,"Center for Security and Emerging Technology, Georgetown University, USA | ) Center for Security and Emerging Technology, Georgetown University, USA",true,"Automatically extracted OpenAlex authorship/affiliation candidate; verify the author, institution, and location manually."
https://openalex.org/W4415797310,true,https://openalex.org/A5102956835,Xu Guo,first,1,,,,,,,,,,true,"Automatically extracted OpenAlex authorship/affiliation candidate; verify the author, institution, and location manually. No affiliation information provided by OpenAlex for this authorship."
https://openalex.org/W4415797310,true,https://openalex.org/A5046723920,Chenhao Lin,middle,2,,,,,,,,,,true,"Automatically extracted OpenAlex authorship/affiliation candidate; verify the author, institution, and location manually. No affiliation information provided by OpenAlex for this authorship."
https://openalex.org/W4415797310,true,https://openalex.org/A5090788114,Shuai Liu,middle,3,,,,,,,,,,true,"Automatically extracted OpenAlex authorship/affiliation candidate; verify the author, institution, and location manually. No affiliation information provided by OpenAlex for this authorship."
https://openalex.org/W4415797310,true,https://openalex.org/A5080444407,Chao Shen,middle,4,,,,,,,,,,true,"Automatically extracted OpenAlex authorship/affiliation candidate; verify the author, institution, and location manually. No affiliation information provided by OpenAlex for this authorship."
https://openalex.org/W4415797310,true,https://openalex.org/A5100459505,Hang Wang,middle,5,,,,,,,,,,true,"Automatically extracted OpenAlex authorship/affiliation candidate; verify the author, institution, and location manually. No affiliation information provided by OpenAlex for this authorship."
https://openalex.org/W4415797310,true,https://openalex.org/A5058084433,Zhengyu Zhao,middle,6,,,,,,,,,,true,"Automatically extracted OpenAlex authorship/affiliation candidate; verify the author, institution, and location manually. No affiliation information provided by OpenAlex for this authorship."
https://openalex.org/W4415797310,true,,Chende Zheng,last,7,,,,,,,,,,true,"Automatically extracted OpenAlex authorship/affiliation candidate; verify the author, institution, and location manually. No affiliation information provided by OpenAlex for this authorship. OpenAlex author ID missing."
https://openalex.org/W4402524935,true,https://openalex.org/A5107186549,Taharim Rahman Anon,first,1,,,,,,,,,,true,"Automatically extracted OpenAlex authorship/affiliation candidate; verify the author, institution, and location manually. No affiliation information provided by OpenAlex for this authorship."
https://openalex.org/W4402524935,true,https://openalex.org/A5001934918,Jakaria Islam Emon,last,2,,,,,,,,,,true,"Automatically extracted OpenAlex authorship/affiliation candidate; verify the author, institution, and location manually. No affiliation information provided by OpenAlex for this authorship."
https://openalex.org/W4413783451,true,,Liwei Yao,first,1,https://openalex.org/I135905480,Shanghai Polytechnic University,,,CN,02as5yg64,,,"The School of Computer and Information Engineering, Institute for Artificial Intelligence, Shanghai Polytechnic University, Shanghai 201209, People’s Republic of China",true,"Automatically extracted OpenAlex authorship/affiliation candidate; verify the author, institution, and location manually. OpenAlex author ID missing."
https://openalex.org/W4413783451,true,https://openalex.org/A5070420759,Sen Niu,middle,2,https://openalex.org/I135905480,Shanghai Polytechnic University,,,CN,02as5yg64,,,"The School of Computer and Information Engineering, Institute for Artificial Intelligence, Shanghai Polytechnic University, Shanghai 201209, People’s Republic of China",true,"Automatically extracted OpenAlex authorship/affiliation candidate; verify the author, institution, and location manually."
https://openalex.org/W4413783451,true,https://openalex.org/A5012432753,Kaili Liao,middle,3,https://openalex.org/I135905480,Shanghai Polytechnic University,,,CN,02as5yg64,,,"The School of Computer and Information Engineering, Institute for Artificial Intelligence, Shanghai Polytechnic University, Shanghai 201209, People’s Republic of China",true,"Automatically extracted OpenAlex authorship/affiliation candidate; verify the author, institution, and location manually."
https://openalex.org/W4413783451,true,https://openalex.org/A5025230449,Guobing Zou,middle,4,https://openalex.org/I113940042,Shanghai University,,,CN,006teas31,,,"The school of Computer Engineering and Science, Shanghai University, Shanghai 200444, People’s Republic of China",true,"Automatically extracted OpenAlex authorship/affiliation candidate; verify the author, institution, and location manually."
https://openalex.org/W4413783451,true,https://openalex.org/A5025230449,Guobing Zou,middle,4,https://openalex.org/I141962983,Shanghai University of Engineering Science,,,CN,0557b9y08,,,"The school of Computer Engineering and Science, Shanghai University, Shanghai 200444, People’s Republic of China",true,"Automatically extracted OpenAlex authorship/affiliation candidate; verify the author, institution, and location manually."
https://openalex.org/W4413783451,true,https://openalex.org/A5101629006,Kefeng Li,middle,5,https://openalex.org/I135905480,Shanghai Polytechnic University,,,CN,02as5yg64,,,"The School of Computer and Information Engineering, Institute for Artificial Intelligence, Shanghai Polytechnic University, Shanghai 201209, People’s Republic of China",true,"Automatically extracted OpenAlex authorship/affiliation candidate; verify the author, institution, and location manually."
https://openalex.org/W4413783451,true,,Tengbo Zhao,last,6,https://openalex.org/I135905480,Shanghai Polytechnic University,,,CN,02as5yg64,,,"The School of Computer and Information Engineering, Institute for Artificial Intelligence, Shanghai Polytechnic University, Shanghai 201209, People’s Republic of China",true,"Automatically extracted OpenAlex authorship/affiliation candidate; verify the author, institution, and location manually. OpenAlex author ID missing."
https://openalex.org/W7128674854,true,https://openalex.org/A5125774803,Nusrat Tasnim,first,1,https://openalex.org/I24456540,Korea Aerospace University,,,KR,05jmm0651,,,Korea Aerospace University,true,"Automatically extracted OpenAlex authorship/affiliation candidate; verify the author, institution, and location manually."
https://openalex.org/W7128674854,true,https://openalex.org/A5125751112,kutub Uddin,middle,2,https://openalex.org/I4210092198,University of Michigan–Flint,,,US,01c3xc117,,,University of Michigan–Flint,true,"Automatically extracted OpenAlex authorship/affiliation candidate; verify the author, institution, and location manually."
https://openalex.org/W7128674854,true,https://openalex.org/A5024102795,Khalid Mahmood Malik,last,3,https://openalex.org/I4210092198,University of Michigan–Flint,,,US,01c3xc117,,,University of Michigan–Flint,true,"Automatically extracted OpenAlex authorship/affiliation candidate; verify the author, institution, and location manually."
https://openalex.org/W4405768297,true,https://openalex.org/A5070058618,Fabrizio Guillaro,first,1,,,,,,,,,,true,"Automatically extracted OpenAlex authorship/affiliation candidate; verify the author, institution, and location manually. No affiliation information provided by OpenAlex for this authorship."
https://openalex.org/W4405768297,true,https://openalex.org/A5078732355,Giada Zingarini,middle,2,,,,,,,,,,true,"Automatically extracted OpenAlex authorship/affiliation candidate; verify the author, institution, and location manually. No affiliation information provided by OpenAlex for this authorship."
https://openalex.org/W4405768297,true,https://openalex.org/A5018660075,Ben Usman,middle,3,,,,,,,,,,true,"Automatically extracted OpenAlex authorship/affiliation candidate; verify the author, institution, and location manually. No affiliation information provided by OpenAlex for this authorship."
https://openalex.org/W4405768297,true,https://openalex.org/A5111938444,Avneesh Sud,middle,4,,,,,,,,,,true,"Automatically extracted OpenAlex authorship/affiliation candidate; verify the author, institution, and location manually. No affiliation information provided by OpenAlex for this authorship."
https://openalex.org/W4405768297,true,https://openalex.org/A5085769320,Davide Cozzolino,middle,5,,,,,,,,,,true,"Automatically extracted OpenAlex authorship/affiliation candidate; verify the author, institution, and location manually. No affiliation information provided by OpenAlex for this authorship."
https://openalex.org/W4405768297,true,https://openalex.org/A5080842029,Luisa Verdoliva,last,6,,,,,,,,,,true,"Automatically extracted OpenAlex authorship/affiliation candidate; verify the author, institution, and location manually. No affiliation information provided by OpenAlex for this authorship."
https://openalex.org/W4388858443,true,https://openalex.org/A5048196908,Zhengyuan Jiang,first,1,https://openalex.org/I170897317,Duke University,,,US,00py81415,,,"Duke University, Durham, NC, USA",true,"Automatically extracted OpenAlex authorship/affiliation candidate; verify the author, institution, and location manually."
https://openalex.org/W4388858443,true,https://openalex.org/A5074110725,Jinghuai Zhang,middle,2,https://openalex.org/I170897317,Duke University,,,US,00py81415,,,"Duke University, Durham, NC, USA",true,"Automatically extracted OpenAlex authorship/affiliation candidate; verify the author, institution, and location manually."
https://openalex.org/W4388858443,true,https://openalex.org/A5009102659,Neil Zhenqiang Gong,last,3,https://openalex.org/I170897317,Duke University,,,US,00py81415,,,"Duke University, Durham, NC, USA",true,"Automatically extracted OpenAlex authorship/affiliation candidate; verify the author, institution, and location manually."
https://openalex.org/W4404988034,true,https://openalex.org/A5056733281,Nasrin Imanpour,first,1,,,,,,,,,,true,"Automatically extracted OpenAlex authorship/affiliation candidate; verify the author, institution, and location manually. No affiliation information provided by OpenAlex for this authorship."
https://openalex.org/W4404988034,true,,"Borah, Abhilekh",middle,2,,,,,,,,,,true,"Automatically extracted OpenAlex authorship/affiliation candidate; verify the author, institution, and location manually. No affiliation information provided by OpenAlex for this authorship. OpenAlex author ID missing."
https://openalex.org/W4404988034,true,https://openalex.org/A5052912589,Shashwat Bajpai,middle,3,,,,,,,,,,true,"Automatically extracted OpenAlex authorship/affiliation candidate; verify the author, institution, and location manually. No affiliation information provided by OpenAlex for this authorship."
https://openalex.org/W4404988034,true,https://openalex.org/A5088628484,Subhankar Ghosh,middle,4,,,,,,,,,,true,"Automatically extracted OpenAlex authorship/affiliation candidate; verify the author, institution, and location manually. No affiliation information provided by OpenAlex for this authorship."
https://openalex.org/W4404988034,true,https://openalex.org/A5028083265,Sainath Reddy Sankepally,middle,5,,,,,,,,,,true,"Automatically extracted OpenAlex authorship/affiliation candidate; verify the author, institution, and location manually. No affiliation information provided by OpenAlex for this authorship."
https://openalex.org/W4404988034,true,https://openalex.org/A5009080427,Hasnat Abdullah,middle,6,,,,,,,,,,true,"Automatically extracted OpenAlex authorship/affiliation candidate; verify the author, institution, and location manually. No affiliation information provided by OpenAlex for this authorship."
https://openalex.org/W4404988034,true,https://openalex.org/A5073066705,Nishoak Kosaraju,middle,7,,,,,,,,,,true,"Automatically extracted OpenAlex authorship/affiliation candidate; verify the author, institution, and location manually. No affiliation information provided by OpenAlex for this authorship."
https://openalex.org/W4404988034,true,https://openalex.org/A5113053925,Shreyas Dixit,middle,8,,,,,,,,,,true,"Automatically extracted OpenAlex authorship/affiliation candidate; verify the author, institution, and location manually. No affiliation information provided by OpenAlex for this authorship."
https://openalex.org/W4404988034,true,https://openalex.org/A5108994121,Ashhar Aziz,middle,9,,,,,,,,,,true,"Automatically extracted OpenAlex authorship/affiliation candidate; verify the author, institution, and location manually. No affiliation information provided by OpenAlex for this authorship."
https://openalex.org/W4404988034,true,https://openalex.org/A5041034322,Shwetangshu Biswas,middle,10,,,,,,,,,,true,"Automatically extracted OpenAlex authorship/affiliation candidate; verify the author, institution, and location manually. No affiliation information provided by OpenAlex for this authorship."
https://openalex.org/W4404988034,true,https://openalex.org/A5076595090,Vinija Jain,middle,11,,,,,,,,,,true,"Automatically extracted OpenAlex authorship/affiliation candidate; verify the author, institution, and location manually. No affiliation information provided by OpenAlex for this authorship."
https://openalex.org/W4404988034,true,https://openalex.org/A5047032131,Aman Chadha,middle,12,,,,,,,,,,true,"Automatically extracted OpenAlex authorship/affiliation candidate; verify the author, institution, and location manually. No affiliation information provided by OpenAlex for this authorship."
https://openalex.org/W4404988034,true,,"Wang, Song",middle,13,,,,,,,,,,true,"Automatically extracted OpenAlex authorship/affiliation candidate; verify the author, institution, and location manually. No affiliation information provided by OpenAlex for this authorship. OpenAlex author ID missing."
https://openalex.org/W4404988034,true,https://openalex.org/A5028772801,Amit Sheth,middle,14,,,,,,,,,,true,"Automatically extracted OpenAlex authorship/affiliation candidate; verify the author, institution, and location manually. No affiliation information provided by OpenAlex for this authorship."
https://openalex.org/W4404988034,true,https://openalex.org/A5017391319,Amitava Das,last,15,,,,,,,,,,true,"Automatically extracted OpenAlex authorship/affiliation candidate; verify the author, institution, and location manually. No affiliation information provided by OpenAlex for this authorship."
https://openalex.org/W2347064614,true,https://openalex.org/A5076097168,Weidi Xie,first,1,https://openalex.org/I40120149,University of Oxford,,,GB,052gg0110,,,"Department of Engineering Science, University of Oxford, Oxford, UK",true,"Automatically extracted OpenAlex authorship/affiliation candidate; verify the author, institution, and location manually."
https://openalex.org/W2347064614,true,https://openalex.org/A5077728082,J. Alison Noble,middle,2,https://openalex.org/I40120149,University of Oxford,,,GB,052gg0110,,,"Department of Engineering Science, University of Oxford, Oxford, UK",true,"Automatically extracted OpenAlex authorship/affiliation candidate; verify the author, institution, and location manually."
https://openalex.org/W2347064614,true,https://openalex.org/A5057678172,Andrew Zisserman,last,3,https://openalex.org/I40120149,University of Oxford,,,GB,052gg0110,,,"Department of Engineering Science, University of Oxford, Oxford, UK",true,"Automatically extracted OpenAlex authorship/affiliation candidate; verify the author, institution, and location manually."
https://openalex.org/W4312518338,true,https://openalex.org/A5042664643,Tiago Tamagusko,first,1,https://openalex.org/I76903346,University of Coimbra,,,PT,04z8k9a98,,,"Univ Coimbra, CITTA - Research Centre for Territory, Transports and Environment, Department of Civil Engineering, Coimbra, Portugal",true,"Automatically extracted OpenAlex authorship/affiliation candidate; verify the author, institution, and location manually."
https://openalex.org/W4312518338,true,https://openalex.org/A5059520622,Matheus Gomes Correia,middle,2,https://openalex.org/I76903346,University of Coimbra,,,PT,04z8k9a98,,,"Univ Coimbra, CITTA - Research Centre for Territory, Transports and Environment, Department of Civil Engineering, Coimbra, Portugal",true,"Automatically extracted OpenAlex authorship/affiliation candidate; verify the author, institution, and location manually."
https://openalex.org/W4312518338,true,https://openalex.org/A5013509571,Minh Anh Huynh,middle,3,https://openalex.org/I177969490,University of Southern Denmark,,,DK,03yrrjy16,,,"University of Southern Denmark, Faculty of Engineering, Sønderborg, Denmark",true,"Automatically extracted OpenAlex authorship/affiliation candidate; verify the author, institution, and location manually."
https://openalex.org/W4312518338,true,https://openalex.org/A5001096103,Adelino Ferreira,last,4,https://openalex.org/I76903346,University of Coimbra,,,PT,04z8k9a98,,,"Univ Coimbra, CITTA - Research Centre for Territory, Transports and Environment, Department of Civil Engineering, Coimbra, Portugal",true,"Automatically extracted OpenAlex authorship/affiliation candidate; verify the author, institution, and location manually."
https://openalex.org/W2903907439,true,https://openalex.org/A5042895349,Chao Gou,first,1,https://openalex.org/I19820366,Chinese Academy of Sciences,,,CN,034t30j35,,,"Institute of Automation, Chinese Academy of Sciences, Beijing 100190, China",true,"Automatically extracted OpenAlex authorship/affiliation candidate; verify the author, institution, and location manually."
https://openalex.org/W2903907439,true,https://openalex.org/A5042895349,Chao Gou,first,1,https://openalex.org/I4210094879,Shandong Institute of Automation,,,CN,00qdtba35,,,"Institute of Automation, Chinese Academy of Sciences, Beijing 100190, China",true,"Automatically extracted OpenAlex authorship/affiliation candidate; verify the author, institution, and location manually."
https://openalex.org/W2903907439,true,https://openalex.org/A5042895349,Chao Gou,first,1,https://openalex.org/I4210112270,Qingdao Academy of Intelligent Industries,,,CN,02a0rnh86,,,"Qingdao Academy of Intelligent Industries, Qingdao 266109, China",true,"Automatically extracted OpenAlex authorship/affiliation candidate; verify the author, institution, and location manually."
https://openalex.org/W2903907439,true,https://openalex.org/A5100323320,Hui Zhang,middle,2,https://openalex.org/I19820366,Chinese Academy of Sciences,,,CN,034t30j35,,,"Institute of Automation, Chinese Academy of Sciences, Beijing 100190, China",true,"Automatically extracted OpenAlex authorship/affiliation candidate; verify the author, institution, and location manually."
https://openalex.org/W2903907439,true,https://openalex.org/A5100323320,Hui Zhang,middle,2,https://openalex.org/I4210094879,Shandong Institute of Automation,,,CN,00qdtba35,,,"Institute of Automation, Chinese Academy of Sciences, Beijing 100190, China",true,"Automatically extracted OpenAlex authorship/affiliation candidate; verify the author, institution, and location manually."
https://openalex.org/W2903907439,true,https://openalex.org/A5029944675,Kunfeng Wang,middle,3,https://openalex.org/I19820366,Chinese Academy of Sciences,,,CN,034t30j35,,,"Institute of Automation, Chinese Academy of Sciences, Beijing 100190, China",true,"Automatically extracted OpenAlex authorship/affiliation candidate; verify the author, institution, and location manually."
https://openalex.org/W2903907439,true,https://openalex.org/A5029944675,Kunfeng Wang,middle,3,https://openalex.org/I4210094879,Shandong Institute of Automation,,,CN,00qdtba35,,,"Institute of Automation, Chinese Academy of Sciences, Beijing 100190, China",true,"Automatically extracted OpenAlex authorship/affiliation candidate; verify the author, institution, and location manually."
https://openalex.org/W2903907439,true,https://openalex.org/A5029944675,Kunfeng Wang,middle,3,https://openalex.org/I4210112270,Qingdao Academy of Intelligent Industries,,,CN,02a0rnh86,,,"Qingdao Academy of Intelligent Industries, Qingdao 266109, China",true,"Automatically extracted OpenAlex authorship/affiliation candidate; verify the author, institution, and location manually."
https://openalex.org/W2903907439,true,https://openalex.org/A5113600509,Fei‐Yue Wang,middle,4,https://openalex.org/I19820366,Chinese Academy of Sciences,,,CN,034t30j35,,,"Institute of Automation, Chinese Academy of Sciences, Beijing 100190, China",true,"Automatically extracted OpenAlex authorship/affiliation candidate; verify the author, institution, and location manually."
https://openalex.org/W2903907439,true,https://openalex.org/A5113600509,Fei‐Yue Wang,middle,4,https://openalex.org/I4210094879,Shandong Institute of Automation,,,CN,00qdtba35,,,"Institute of Automation, Chinese Academy of Sciences, Beijing 100190, China",true,"Automatically extracted OpenAlex authorship/affiliation candidate; verify the author, institution, and location manually."
https://openalex.org/W2903907439,true,https://openalex.org/A5113600509,Fei‐Yue Wang,middle,4,https://openalex.org/I4210112270,Qingdao Academy of Intelligent Industries,,,CN,02a0rnh86,,,"Qingdao Academy of Intelligent Industries, Qingdao 266109, China",true,"Automatically extracted OpenAlex authorship/affiliation candidate; verify the author, institution, and location manually."
https://openalex.org/W2903907439,true,https://openalex.org/A5076346273,Qiang Ji,last,5,https://openalex.org/I165799507,Rensselaer Polytechnic Institute,,,US,01rtyzb94,,,"Rensselaer Polytechnic Institute, Troy, NY 12180, USA",true,"Automatically extracted OpenAlex authorship/affiliation candidate; verify the author, institution, and location manually."
https://openalex.org/W3044151627,true,https://openalex.org/A5007836692,Mauro Barni,first,1,https://openalex.org/I102064193,University of Siena,,,IT,01tevnk56,,,"Department of Information Engineering, University of Siena, Siena, ITALY | University of Siena",true,"Automatically extracted OpenAlex authorship/affiliation candidate; verify the author, institution, and location manually."
https://openalex.org/W3044151627,true,https://openalex.org/A5046279472,Kassem Kallas,middle,2,https://openalex.org/I102064193,University of Siena,,,IT,01tevnk56,,,"Department of Information Engineering, University of Siena, Siena, ITALY | University of Siena,Department of Information Engineering,Siena,ITALY,53100",true,"Automatically extracted OpenAlex authorship/affiliation candidate; verify the author, institution, and location manually."
https://openalex.org/W3044151627,true,https://openalex.org/A5014302355,Ehsan Nowroozi,middle,3,https://openalex.org/I102064193,University of Siena,,,IT,01tevnk56,,,"Department of Information Engineering, University of Siena, Siena, ITALY | University of Siena,Department of Information Engineering,Siena,ITALY,53100",true,"Automatically extracted OpenAlex authorship/affiliation candidate; verify the author, institution, and location manually."
https://openalex.org/W3044151627,true,https://openalex.org/A5026139768,Benedetta Tondi,last,4,https://openalex.org/I102064193,University of Siena,,,IT,01tevnk56,,,"Department of Information Engineering, University of Siena, Siena, ITALY | University of Siena,Department of Information Engineering,Siena,ITALY,53100",true,"Automatically extracted OpenAlex authorship/affiliation candidate; verify the author, institution, and location manually."
https://openalex.org/W4387559259,true,https://openalex.org/A5106578837,Lei Zhang,first,1,,,,,,,,,,true,"Automatically extracted OpenAlex authorship/affiliation candidate; verify the author, institution, and location manually. No affiliation information provided by OpenAlex for this authorship."
https://openalex.org/W4387559259,true,https://openalex.org/A5100353596,Hao Chen,middle,2,,,,,,,,,,true,"Automatically extracted OpenAlex authorship/affiliation candidate; verify the author, institution, and location manually. No affiliation information provided by OpenAlex for this authorship."
https://openalex.org/W4387559259,true,https://openalex.org/A5100687829,Shu Hu,middle,3,,,,,,,,,,true,"Automatically extracted OpenAlex authorship/affiliation candidate; verify the author, institution, and location manually. No affiliation information provided by OpenAlex for this authorship."
https://openalex.org/W4387559259,true,https://openalex.org/A5100619754,Bin Zhu,middle,4,,,,,,,,,,true,"Automatically extracted OpenAlex authorship/affiliation candidate; verify the author, institution, and location manually. No affiliation information provided by OpenAlex for this authorship."
https://openalex.org/W4387559259,true,,"Lin, Ching Sheng",middle,5,,,,,,,,,,true,"Automatically extracted OpenAlex authorship/affiliation candidate; verify the author, institution, and location manually. No affiliation information provided by OpenAlex for this authorship. OpenAlex author ID missing."
https://openalex.org/W4387559259,true,https://openalex.org/A5109208071,Xi Wu,middle,6,,,,,,,,,,true,"Automatically extracted OpenAlex authorship/affiliation candidate; verify the author, institution, and location manually. No affiliation information provided by OpenAlex for this authorship."
https://openalex.org/W4387559259,true,https://openalex.org/A5028521210,Jinrong Hu,middle,7,,,,,,,,,,true,"Automatically extracted OpenAlex authorship/affiliation candidate; verify the author, institution, and location manually. No affiliation information provided by OpenAlex for this authorship."
https://openalex.org/W4387559259,true,https://openalex.org/A5101536737,Xin Wang,last,8,,,,,,,,,,true,"Automatically extracted OpenAlex authorship/affiliation candidate; verify the author, institution, and location manually. No affiliation information provided by OpenAlex for this authorship."
https://openalex.org/W4313042219,true,,Chengdong Dong,first,1,https://openalex.org/I14243506,Hong Kong Polytechnic University,,,HK,0030zas98,,,"The Hong Kong Polytechnic University,Department of Computing,Hong Kong | Department of Computing, The Hong Kong Polytechnic University, Hong Kong",true,"Automatically extracted OpenAlex authorship/affiliation candidate; verify the author, institution, and location manually. OpenAlex author ID missing."
https://openalex.org/W4313042219,true,https://openalex.org/A5051203367,Ajay Kumar,middle,2,https://openalex.org/I14243506,Hong Kong Polytechnic University,,,HK,0030zas98,,,"The Hong Kong Polytechnic University,Department of Computing,Hong Kong | Department of Computing, The Hong Kong Polytechnic University, Hong Kong",true,"Automatically extracted OpenAlex authorship/affiliation candidate; verify the author, institution, and location manually."
https://openalex.org/W4313042219,true,https://openalex.org/A5045424247,Eryun Liu,last,3,https://openalex.org/I76130692,Zhejiang University,,,CN,00a2xv884,,,"College of Information Science and Electronic Engineering, Zhejiang University",true,"Automatically extracted OpenAlex authorship/affiliation candidate; verify the author, institution, and location manually."
https://openalex.org/W4392981221,true,https://openalex.org/A5016927172,Swati Shilaskar,first,1,,,,,,,,,"Vishwakarma Institute of Technology,Department of Electronics and Telecommunication Engineering,Pune,India | Department of Electronics and Telecommunication Engineering, Vishwakarma Institute of Technology, Pune, India",true,"Automatically extracted OpenAlex authorship/affiliation candidate; verify the author, institution, and location manually. Structured institution missing; preserved raw affiliation text for manual resolution."
https://openalex.org/W4392981221,true,https://openalex.org/A5092016258,Mayur Talewar,middle,2,,,,,,,,,"Vishwakarma Institute of Technology,Department of Electronics and Telecommunication Engineering,Pune,India | Department of Electronics and Telecommunication Engineering, Vishwakarma Institute of Technology, Pune, India",true,"Automatically extracted OpenAlex authorship/affiliation candidate; verify the author, institution, and location manually. Structured institution missing; preserved raw affiliation text for manual resolution."
https://openalex.org/W4392981221,true,https://openalex.org/A5111131747,Soham Tak,middle,3,,,,,,,,,"Vishwakarma Institute of Technology,Department of Electronics and Telecommunication Engineering,Pune,India | Department of Electronics and Telecommunication Engineering, Vishwakarma Institute of Technology, Pune, India",true,"Automatically extracted OpenAlex authorship/affiliation candidate; verify the author, institution, and location manually. Structured institution missing; preserved raw affiliation text for manual resolution."
https://openalex.org/W4392981221,true,https://openalex.org/A5094198597,Sidhesh Goud,last,4,,,,,,,,,"Vishwakarma Institute of Technology,Department of Electronics and Telecommunication Engineering,Pune,India | Department of Electronics and Telecommunication Engineering, Vishwakarma Institute of Technology, Pune, India",true,"Automatically extracted OpenAlex authorship/affiliation candidate; verify the author, institution, and location manually. Structured institution missing; preserved raw affiliation text for manual resolution."
https://openalex.org/W4285791495,true,https://openalex.org/A5049783217,Wahidul Hasan Abir,first,1,https://openalex.org/I157386601,North South University,,,BD,05wdbfp45,,,"Department of Electrical and Computer Engineering, North South University, Bashundhara, Dhaka, 1229, Bangladesh",true,"Automatically extracted OpenAlex authorship/affiliation candidate; verify the author, institution, and location manually."
https://openalex.org/W4285791495,true,https://openalex.org/A5085096643,Faria Rahman Khanam,middle,2,https://openalex.org/I157386601,North South University,,,BD,05wdbfp45,,,"Department of Electrical and Computer Engineering, North South University, Bashundhara, Dhaka, 1229, Bangladesh",true,"Automatically extracted OpenAlex authorship/affiliation candidate; verify the author, institution, and location manually."
https://openalex.org/W4285791495,true,https://openalex.org/A5003329153,Kazi Nabiul Alam,middle,3,https://openalex.org/I157386601,North South University,,,BD,05wdbfp45,,,"Department of Electrical and Computer Engineering, North South University, Bashundhara, Dhaka, 1229, Bangladesh",true,"Automatically extracted OpenAlex authorship/affiliation candidate; verify the author, institution, and location manually."
https://openalex.org/W4285791495,true,https://openalex.org/A5049690302,Myriam Hadjouni,middle,4,https://openalex.org/I106778892,Princess Nourah bint Abdulrahman University,,,SA,05b0cyh02,,,"Department of Computer Sciences, College of Computer and Information Sciences, Princess Nourah bint Abdulrahman University, P.O. Box 84428, Riyadh, 11671, Saudi Arabia",true,"Automatically extracted OpenAlex authorship/affiliation candidate; verify the author, institution, and location manually."
https://openalex.org/W4285791495,true,https://openalex.org/A5076083494,Hela Elmannai,middle,5,https://openalex.org/I106778892,Princess Nourah bint Abdulrahman University,,,SA,05b0cyh02,,,"Department of Information Technology, College of Computer and Information Sciences, Princess Nourah bint Abdulrahman University, P.O. Box 84428, Riyadh, 11671, Saudi Arabia",true,"Automatically extracted OpenAlex authorship/affiliation candidate; verify the author, institution, and location manually."
https://openalex.org/W4285791495,true,https://openalex.org/A5024097894,Sami Bourouis,middle,6,https://openalex.org/I179331831,Taif University,,,SA,014g1a453,,,"Department of Information Technology, College of Computers and Information Technology, Taif University, Taif, 21944, Saudi Arabia",true,"Automatically extracted OpenAlex authorship/affiliation candidate; verify the author, institution, and location manually."
https://openalex.org/W4285791495,true,https://openalex.org/A5047481210,Rajesh Dey,middle,7,https://openalex.org/I4210094618,CT Group Of Institutions,,,IN,00m02ap37,,,"Department of Electronics and Communication Engineering, Brainware Group of Institutions-SDET, Barasat, Kolkata, 700124, West Bengal, India",true,"Automatically extracted OpenAlex authorship/affiliation candidate; verify the author, institution, and location manually."
https://openalex.org/W4285791495,true,https://openalex.org/A5028344189,Mohammad Monirujjaman Khan,last,8,https://openalex.org/I157386601,North South University,,,BD,05wdbfp45,,,"Department of Electrical and Computer Engineering, North South University, Bashundhara, Dhaka, 1229, Bangladesh",true,"Automatically extracted OpenAlex authorship/affiliation candidate; verify the author, institution, and location manually."
https://openalex.org/W4407285822,true,,Saud Sohail,first,1,,,,,,,,,,true,"Automatically extracted OpenAlex authorship/affiliation candidate; verify the author, institution, and location manually. No affiliation information provided by OpenAlex for this authorship. OpenAlex author ID missing."
https://openalex.org/W4407285822,true,https://openalex.org/A5027117724,Syed Muhammad Sajjad,middle,2,,,,,,,,,,true,"Automatically extracted OpenAlex authorship/affiliation candidate; verify the author, institution, and location manually. No affiliation information provided by OpenAlex for this authorship."
https://openalex.org/W4407285822,true,https://openalex.org/A5103136849,Adeel Zafar,middle,3,,,,,,,,,,true,"Automatically extracted OpenAlex authorship/affiliation candidate; verify the author, institution, and location manually. No affiliation information provided by OpenAlex for this authorship."
https://openalex.org/W4407285822,true,https://openalex.org/A5101586869,Zafar Iqbal,middle,4,,,,,,,,,,true,"Automatically extracted OpenAlex authorship/affiliation candidate; verify the author, institution, and location manually. No affiliation information provided by OpenAlex for this authorship."
https://openalex.org/W4407285822,true,https://openalex.org/A5101510048,Zia Muhammad,middle,5,,,,,,,,,,true,"Automatically extracted OpenAlex authorship/affiliation candidate; verify the author, institution, and location manually. No affiliation information provided by OpenAlex for this authorship."
https://openalex.org/W4407285822,true,https://openalex.org/A5014586272,Muhammad Zafarullah Kazim,last,6,,,,,,,,,,true,"Automatically extracted OpenAlex authorship/affiliation candidate; verify the author, institution, and location manually. No affiliation information provided by OpenAlex for this authorship."
https://openalex.org/W4388666300,true,https://openalex.org/A5011567438,Aru Ranjan Singh,first,1,https://openalex.org/I39555362,University of Warwick,,,GB,01a77tt86,,,"Visualisation Lab, Warwick Manufacturing Group, University of Warwick, Coventry, U.K",true,"Automatically extracted OpenAlex authorship/affiliation candidate; verify the author, institution, and location manually."
https://openalex.org/W4388666300,true,https://openalex.org/A5019694462,Thomas Bashford‐Rogers,middle,2,https://openalex.org/I39555362,University of Warwick,,,GB,01a77tt86,,,"Visualisation Lab, Warwick Manufacturing Group, University of Warwick, Coventry, U.K",true,"Automatically extracted OpenAlex authorship/affiliation candidate; verify the author, institution, and location manually."
https://openalex.org/W4388666300,true,https://openalex.org/A5072807421,Sumit Hazra,middle,3,https://openalex.org/I39555362,University of Warwick,,,GB,01a77tt86,,,"Visualisation Lab, Warwick Manufacturing Group, University of Warwick, Coventry, U.K",true,"Automatically extracted OpenAlex authorship/affiliation candidate; verify the author, institution, and location manually."
https://openalex.org/W4388666300,true,https://openalex.org/A5087052285,Kurt Debattista,last,4,https://openalex.org/I39555362,University of Warwick,,,GB,01a77tt86,,,"Visualisation Lab, Warwick Manufacturing Group, University of Warwick, Coventry, U.K",true,"Automatically extracted OpenAlex authorship/affiliation candidate; verify the author, institution, and location manually."
https://openalex.org/W4362684513,true,https://openalex.org/A5074818800,Danial Samadi Vahdati,first,1,,,,,,,,,,true,"Automatically extracted OpenAlex authorship/affiliation candidate; verify the author, institution, and location manually. No affiliation information provided by OpenAlex for this authorship."
https://openalex.org/W4362684513,true,https://openalex.org/A5023433042,Matthew C. Stamm,last,2,,,,,,,,,,true,"Automatically extracted OpenAlex authorship/affiliation candidate; verify the author, institution, and location manually. No affiliation information provided by OpenAlex for this authorship."
https://openalex.org/W4385815563,true,https://openalex.org/A5048938490,Riccardo Corvi,first,1,https://openalex.org/I4210117450,Federico II University Hospital,,,IT,02jr6tp70,,,University Federico II of Naples,true,"Automatically extracted OpenAlex authorship/affiliation candidate; verify the author, institution, and location manually."
https://openalex.org/W4385815563,true,https://openalex.org/A5085769320,Davide Cozzolino,middle,2,https://openalex.org/I4210117450,Federico II University Hospital,,,IT,02jr6tp70,,,University Federico II of Naples,true,"Automatically extracted OpenAlex authorship/affiliation candidate; verify the author, institution, and location manually."
https://openalex.org/W4385815563,true,https://openalex.org/A5081981044,Giovanni Poggi,middle,3,https://openalex.org/I4210117450,Federico II University Hospital,,,IT,02jr6tp70,,,University Federico II of Naples,true,"Automatically extracted OpenAlex authorship/affiliation candidate; verify the author, institution, and location manually."
https://openalex.org/W4385815563,true,https://openalex.org/A5026964301,Koki Nagano,middle,4,,,,,,,,,NVIDIA,true,"Automatically extracted OpenAlex authorship/affiliation candidate; verify the author, institution, and location manually. Structured institution missing; preserved raw affiliation text for manual resolution."
https://openalex.org/W4385815563,true,https://openalex.org/A5080842029,Luisa Verdoliva,last,5,https://openalex.org/I4210117450,Federico II University Hospital,,,IT,02jr6tp70,,,University Federico II of Naples,true,"Automatically extracted OpenAlex authorship/affiliation candidate; verify the author, institution, and location manually."
https://openalex.org/W4387377174,true,https://openalex.org/A5082191286,Dilip Kumar Sharma,first,1,https://openalex.org/I82571370,GLA University,,,IN,05fnxgv12,,,"Department of Computer Engineering and Application, GLA University, Mathura 281406, India",true,"Automatically extracted OpenAlex authorship/affiliation candidate; verify the author, institution, and location manually."
https://openalex.org/W4387377174,true,https://openalex.org/A5090752335,Bhuvanesh Singh,middle,2,https://openalex.org/I161515732,University of St. Thomas - Minnesota,,,US,05vfxvp80,,,"Graduate Software Programs, University of St. Thomas, St. Paul, MN 55105, USA",true,"Automatically extracted OpenAlex authorship/affiliation candidate; verify the author, institution, and location manually."
https://openalex.org/W4387377174,true,https://openalex.org/A5089058934,Saurabh Agarwal,middle,3,https://openalex.org/I113018520,Gyeongguk National University,,,KR,04wd10e19,,,"Department of Software Convergence, Andong National University, Andong-si 36729, Republic of Korea",true,"Automatically extracted OpenAlex authorship/affiliation candidate; verify the author, institution, and location manually."
https://openalex.org/W4387377174,true,https://openalex.org/A5089058934,Saurabh Agarwal,middle,3,https://openalex.org/I191972202,Amity University,,,IN,02n9z0v62,,,"Department of Computer Science and Engineering, Amity School of Engineering Technology, Amity University Uttar Pradesh, Noida 201313, India",true,"Automatically extracted OpenAlex authorship/affiliation candidate; verify the author, institution, and location manually."
https://openalex.org/W4387377174,true,https://openalex.org/A5056654254,Lalit Garg,middle,4,https://openalex.org/I197854408,University of Malta,,,MT,03a62bv60,,,"Computer Information Systems, Faculty of Information & Communication Technology, University of Malta, 2080 Msida, Malta",true,"Automatically extracted OpenAlex authorship/affiliation candidate; verify the author, institution, and location manually."
https://openalex.org/W4387377174,true,https://openalex.org/A5042267416,Cheonshik Kim,middle,5,https://openalex.org/I28777354,Sejong University,,,KR,00aft1q37,,,"Department of Computer Engineering, Sejong University, Seoul 05006, Republic of Korea",true,"Automatically extracted OpenAlex authorship/affiliation candidate; verify the author, institution, and location manually."
https://openalex.org/W4387377174,true,https://openalex.org/A5050172238,Ki‐Hyun Jung,last,6,https://openalex.org/I113018520,Gyeongguk National University,,,KR,04wd10e19,,,"Department of Software Convergence, Andong National University, Andong-si 36729, Republic of Korea",true,"Automatically extracted OpenAlex authorship/affiliation candidate; verify the author, institution, and location manually."
https://openalex.org/W4391110866,true,https://openalex.org/A5064926342,Muhammad Asad Arshed,first,1,https://openalex.org/I87482320,University of Management and Technology,,,PK,0095xcq10,,,"School of Systems and Technology, University of Management and Technology, Lahore 54770, Pakistan",true,"Automatically extracted OpenAlex authorship/affiliation candidate; verify the author, institution, and location manually."
https://openalex.org/W4391110866,true,https://openalex.org/A5028514360,Shahzad Mumtaz,middle,2,https://openalex.org/I174731842,Islamia University of Bahawalpur,,,PK,002rc4w13,,,"Faculty of Computing, The Islamia University of Bahawalpur, Bahawalpur 63100, Pakistan",true,"Automatically extracted OpenAlex authorship/affiliation candidate; verify the author, institution, and location manually."
https://openalex.org/W4391110866,true,https://openalex.org/A5016275117,Muhammad Ibrahim,middle,3,https://openalex.org/I174731842,Islamia University of Bahawalpur,,,PK,002rc4w13,,,"Faculty of Computing, The Islamia University of Bahawalpur, Bahawalpur 63100, Pakistan",true,"Automatically extracted OpenAlex authorship/affiliation candidate; verify the author, institution, and location manually."
https://openalex.org/W4391110866,true,https://openalex.org/A5078312887,Christine Dewi,middle,4,https://openalex.org/I157219812,Satya Wacana Christian University,,,ID,009nnre75,,,"Department of Information Technology, Satya Wacana Christian University, Salatiga 50715, Indonesia",true,"Automatically extracted OpenAlex authorship/affiliation candidate; verify the author, institution, and location manually."
https://openalex.org/W4391110866,true,https://openalex.org/A5040138369,Muhammad Tanveer,middle,5,https://openalex.org/I87482320,University of Management and Technology,,,PK,0095xcq10,,,"School of Systems and Technology, University of Management and Technology, Lahore 54770, Pakistan",true,"Automatically extracted OpenAlex authorship/affiliation candidate; verify the author, institution, and location manually."
https://openalex.org/W4391110866,true,https://openalex.org/A5113219172,Saeed Ahmad,last,6,https://openalex.org/I187531555,Lund University,,,SE,012a77v79,,,"Department of Experimental Medical Science, Biomedical Center (BMC), Lund University, 22184 Lund, Sweden",true,"Automatically extracted OpenAlex authorship/affiliation candidate; verify the author, institution, and location manually."
https://openalex.org/W4391110866,true,https://openalex.org/A5113219172,Saeed Ahmad,last,6,https://openalex.org/I87482320,University of Management and Technology,,,PK,0095xcq10,,,"School of Systems and Technology, University of Management and Technology, Lahore 54770, Pakistan",true,"Automatically extracted OpenAlex authorship/affiliation candidate; verify the author, institution, and location manually."
https://openalex.org/W4381851764,true,https://openalex.org/A5079570372,Sergi D. Bray,first,1,https://openalex.org/I45129253,University College London,,,GB,02jx3x895,,,"Department of Security and Crime Science, University College London (UCL) , London, WC1H 9EZ , UK",true,"Automatically extracted OpenAlex authorship/affiliation candidate; verify the author, institution, and location manually."
https://openalex.org/W4381851764,true,https://openalex.org/A5085424492,Shane D. Johnson,middle,2,https://openalex.org/I45129253,University College London,,,GB,02jx3x895,,,"Department of Security and Crime Science, University College London (UCL) , London, WC1H 9EZ , UK",true,"Automatically extracted OpenAlex authorship/affiliation candidate; verify the author, institution, and location manually."
https://openalex.org/W4381851764,true,https://openalex.org/A5019368074,Bennett Kleinberg,last,3,https://openalex.org/I193700539,Tilburg University,,,NL,04b8v1s79,,,"Department of Methodology, University of Tilburg , 5000 LE Tilburg , The Netherlands",true,"Automatically extracted OpenAlex authorship/affiliation candidate; verify the author, institution, and location manually."
https://openalex.org/W4412112598,true,https://openalex.org/A5009704269,Shin‐Hung Pan,first,1,https://openalex.org/I126145234,Chaoyang University of Technology,,,TW,04xwksx09,,,"Department of Information Management, Chaoyang University of Technology, Taiwan",true,"Automatically extracted OpenAlex authorship/affiliation candidate; verify the author, institution, and location manually."
https://openalex.org/W4412112598,true,https://openalex.org/A5042846465,Akshat Gaurav,middle,2,https://openalex.org/I4210147267,Ronin Institute,,,US,04awze035,,,"Ronin Institute, USA & Center for Interdisciplinary Research, University of Petroleum and Energy Studies, Dehradun, India",true,"Automatically extracted OpenAlex authorship/affiliation candidate; verify the author, institution, and location manually."
https://openalex.org/W4412112598,true,https://openalex.org/A5042846465,Akshat Gaurav,middle,2,https://openalex.org/I5847235,University of Petroleum and Energy Studies,,,IN,04q2jes40,,,"Ronin Institute, USA & Center for Interdisciplinary Research, University of Petroleum and Energy Studies, Dehradun, India",true,"Automatically extracted OpenAlex authorship/affiliation candidate; verify the author, institution, and location manually."
https://openalex.org/W4412112598,true,https://openalex.org/A5004582265,Saoucène Mahfoudh,middle,3,https://openalex.org/I3132564352,Dar Al-Hekma University,,,SA,01g0jya04,,,"School of Engineering, Computing, and Design, Dar Al-Hekma University, Jeddah, Saudi Arabia",true,"Automatically extracted OpenAlex authorship/affiliation candidate; verify the author, institution, and location manually."
https://openalex.org/W4412112598,true,https://openalex.org/A5059472913,Turki Althaqafi,middle,4,https://openalex.org/I3132564352,Dar Al-Hekma University,,,SA,01g0jya04,,,"Computer Science Department, School of Engineering, Computing and Design, Dar Al-Hekma University, Jeddah, Saudi Arabia",true,"Automatically extracted OpenAlex authorship/affiliation candidate; verify the author, institution, and location manually."
https://openalex.org/W4412112598,true,https://openalex.org/A5058545850,Wadee Alhalabi,middle,5,https://openalex.org/I185163786,King Abdulaziz University,,,SA,02ma4wv74,,,"Immersive Virtual Reality Research Group, Department of Computer Science, King Abdulaziz University, Jeddah, Saudi Arabia & Computer Science Department, School of Engineering, Computing, and Design, Dar Al-Hekma University, Jeddah, Saudi Arabia",true,"Automatically extracted OpenAlex authorship/affiliation candidate; verify the author, institution, and location manually."
https://openalex.org/W4412112598,true,https://openalex.org/A5058545850,Wadee Alhalabi,middle,5,https://openalex.org/I3132564352,Dar Al-Hekma University,,,SA,01g0jya04,,,"Immersive Virtual Reality Research Group, Department of Computer Science, King Abdulaziz University, Jeddah, Saudi Arabia & Computer Science Department, School of Engineering, Computing, and Design, Dar Al-Hekma University, Jeddah, Saudi Arabia",true,"Automatically extracted OpenAlex authorship/affiliation candidate; verify the author, institution, and location manually."
https://openalex.org/W4412112598,true,https://openalex.org/A5066033007,Ramakrishnan Raman,middle,6,https://openalex.org/I244572783,Symbiosis International University,,,IN,005r2ww51,,,"Symbiosis International University, Pune, India",true,"Automatically extracted OpenAlex authorship/affiliation candidate; verify the author, institution, and location manually."
https://openalex.org/W4412112598,true,https://openalex.org/A5091598011,Ching‐Hsien Hsu,last,7,https://openalex.org/I143578492,Asia University,,,TW,038a1tp19,,,"Department of Computer Science and Information Engineering, Asia University, Taiwan",true,"Automatically extracted OpenAlex authorship/affiliation candidate; verify the author, institution, and location manually."
https://openalex.org/W4393217303,true,https://openalex.org/A5055970606,Qingtong Liu,first,1,https://openalex.org/I4210111085,Academy of Broadcasting Science,,,CN,01z4nez64,,,"Academy of Broadcasting Science, NRTA, Beijing, China",true,"Automatically extracted OpenAlex authorship/affiliation candidate; verify the author, institution, and location manually."
https://openalex.org/W4393217303,true,https://openalex.org/A5078021087,Ziyu Xue,middle,2,https://openalex.org/I4210111085,Academy of Broadcasting Science,,,CN,01z4nez64,,,"Academy of Broadcasting Science, NRTA, Beijing, China",true,"Automatically extracted OpenAlex authorship/affiliation candidate; verify the author, institution, and location manually."
https://openalex.org/W4393217303,true,https://openalex.org/A5107003332,Haitao Liu,middle,3,https://openalex.org/I4210111085,Academy of Broadcasting Science,,,CN,01z4nez64,,,"Academy of Broadcasting Science, NRTA, Beijing, China",true,"Automatically extracted OpenAlex authorship/affiliation candidate; verify the author, institution, and location manually."
https://openalex.org/W4393217303,true,https://openalex.org/A5107006087,Jing Liu,last,4,,,,,,,,,"Beijing IrisKing Company Ltd., Beijing, China",true,"Automatically extracted OpenAlex authorship/affiliation candidate; verify the author, institution, and location manually. Structured institution missing; preserved raw affiliation text for manual resolution."
https://openalex.org/W4214857236,true,https://openalex.org/A5043994365,Alakananda Mitra,first,1,https://openalex.org/I123534392,University of North Texas,,,US,00v97ad02,,,"University of North Texas,Dept. of Computer Science and Engineering,USA",true,"Automatically extracted OpenAlex authorship/affiliation candidate; verify the author, institution, and location manually."
https://openalex.org/W4214857236,true,https://openalex.org/A5070359867,Saraju P. Mohanty,middle,2,https://openalex.org/I123534392,University of North Texas,,,US,00v97ad02,,,"University of North Texas,Dept. of Computer Science and Engineering,USA",true,"Automatically extracted OpenAlex authorship/affiliation candidate; verify the author, institution, and location manually."
https://openalex.org/W4214857236,true,https://openalex.org/A5066217549,Peter Corcoran,middle,3,https://openalex.org/I181231927,National University of Ireland,,,IE,00shsf120,,,"National University of Ireland,School of Engineering and Informatics,Galway,Ireland",true,"Automatically extracted OpenAlex authorship/affiliation candidate; verify the author, institution, and location manually."
https://openalex.org/W4214857236,true,https://openalex.org/A5066217549,Peter Corcoran,middle,3,https://openalex.org/I188760350,Ollscoil na Gaillimhe – University of Galway,,,IE,03bea9k73,,,"School of Engineering and Informatics, National University of Ireland, Galway, Ireland",true,"Automatically extracted OpenAlex authorship/affiliation candidate; verify the author, institution, and location manually."
https://openalex.org/W4214857236,true,https://openalex.org/A5062843590,Elias Kougianos,last,4,https://openalex.org/I123534392,University of North Texas,,,US,00v97ad02,,,"University of North Texas,Dept. of Electrical Engineering,USA",true,"Automatically extracted OpenAlex authorship/affiliation candidate; verify the author, institution, and location manually."
https://openalex.org/W4404943058,true,https://openalex.org/A5032745066,Rajjeshwar Ganguly,first,1,https://openalex.org/I4210111842,Computer Research Institute of Montréal,,,CA,0279d5115,,,"Computer Research Institute of Montreal (CRIM), Montreal, Canada",true,"Automatically extracted OpenAlex authorship/affiliation candidate; verify the author, institution, and location manually."
https://openalex.org/W4404943058,true,https://openalex.org/A5049138414,Mamadou Dian Bah,middle,2,https://openalex.org/I4210111842,Computer Research Institute of Montréal,,,CA,0279d5115,,,"Computer Research Institute of Montreal (CRIM), Montreal, Canada",true,"Automatically extracted OpenAlex authorship/affiliation candidate; verify the author, institution, and location manually."
https://openalex.org/W4404943058,true,https://openalex.org/A5041988598,Mohamed Dahmane,last,3,https://openalex.org/I4210111842,Computer Research Institute of Montréal,,,CA,0279d5115,,,"Computer Research Institute of Montreal (CRIM), Montreal, Canada",true,"Automatically extracted OpenAlex authorship/affiliation candidate; verify the author, institution, and location manually."
https://openalex.org/W4408874542,true,https://openalex.org/A5114181161,Qin Wang,first,1,,,,,,,,,,true,"Automatically extracted OpenAlex authorship/affiliation candidate; verify the author, institution, and location manually. No affiliation information provided by OpenAlex for this authorship."
https://openalex.org/W4408874542,true,https://openalex.org/A5100333249,Xiaofeng Wang,middle,2,,,,,,,,,,true,"Automatically extracted OpenAlex authorship/affiliation candidate; verify the author, institution, and location manually. No affiliation information provided by OpenAlex for this authorship."
https://openalex.org/W4408874542,true,https://openalex.org/A5061510789,Jianghua Li,middle,3,,,,,,,,,,true,"Automatically extracted OpenAlex authorship/affiliation candidate; verify the author, institution, and location manually. No affiliation information provided by OpenAlex for this authorship."
https://openalex.org/W4408874542,true,https://openalex.org/A5076278720,Ruidong Han,middle,4,,,,,,,,,,true,"Automatically extracted OpenAlex authorship/affiliation candidate; verify the author, institution, and location manually. No affiliation information provided by OpenAlex for this authorship."
https://openalex.org/W4408874542,true,https://openalex.org/A5025763233,Zinian Liu,middle,5,,,,,,,,,,true,"Automatically extracted OpenAlex authorship/affiliation candidate; verify the author, institution, and location manually. No affiliation information provided by OpenAlex for this authorship."
https://openalex.org/W4408874542,true,https://openalex.org/A5042723243,Mingtao Guo,last,6,,,,,,,,,,true,"Automatically extracted OpenAlex authorship/affiliation candidate; verify the author, institution, and location manually. No affiliation information provided by OpenAlex for this authorship."
https://openalex.org/W4409047068,true,https://openalex.org/A5108995044,Ambika Jaiswal,first,1,https://openalex.org/I150513749,Sant Gadge Baba Amravati University,,,IN,05s8p6g93,,,"Sant Gadge Baba Amravati University,P.G. Department of Computer Science,Amravati,Maharashtra,India",true,"Automatically extracted OpenAlex authorship/affiliation candidate; verify the author, institution, and location manually."
https://openalex.org/W4409047068,true,https://openalex.org/A5080864436,Aruna J. Chamatkar,middle,2,,,,,,,,,"Kamala Nehru College,Nagpur,Maharashtra,India",true,"Automatically extracted OpenAlex authorship/affiliation candidate; verify the author, institution, and location manually. Structured institution missing; preserved raw affiliation text for manual resolution."
https://openalex.org/W4409047068,true,,Akash Prakash Kharat,middle,3,https://openalex.org/I4210127890,Saraswati Dental College and Hospital,,,IN,02r2tq059,,,"Saraswati College, Shegaon,Department of Computer Science,Shegaon,India",true,"Automatically extracted OpenAlex authorship/affiliation candidate; verify the author, institution, and location manually. OpenAlex author ID missing."
https://openalex.org/W4409047068,true,https://openalex.org/A5057555412,Bhisham Sharma,middle,4,https://openalex.org/I74319210,Chitkara University,,,IN,057d6z539,,,"Chitkara University,Centre of Research Impact and Outcome,Rajpura,Punjab,India,140401",true,"Automatically extracted OpenAlex authorship/affiliation candidate; verify the author, institution, and location manually."
https://openalex.org/W4409047068,true,https://openalex.org/A5062361489,Imed Ben Dhaou,middle,5,https://openalex.org/I3132564352,Dar Al-Hekma University,,,SA,01g0jya04,,,"Hekma School of Engineering Computing,Department of Computer Science,Jeddah,Saudi Arabia",true,"Automatically extracted OpenAlex authorship/affiliation candidate; verify the author, institution, and location manually."
https://openalex.org/W4409047068,true,https://openalex.org/A5040305247,Suhashini Awadhesh Chaurasia,last,6,https://openalex.org/I133978751,Rashtrasant Tukadoji Maharaj Nagpur University,,,IN,04esgv207,,,"RTM Nagpur University,Department of Computer Science,Nagpur",true,"Automatically extracted OpenAlex authorship/affiliation candidate; verify the author, institution, and location manually."
https://openalex.org/W4318559723,true,https://openalex.org/A5072642727,Usha Kosarkar,first,1,,,,,,,,,"Department of Science and Technology, GHRIET, Nagpur, India",true,"Automatically extracted OpenAlex authorship/affiliation candidate; verify the author, institution, and location manually. Structured institution missing; preserved raw affiliation text for manual resolution."
https://openalex.org/W4318559723,true,https://openalex.org/A5112738124,Gopal Sarkarkar,middle,2,https://openalex.org/I4210146358,Raisoni Group of Institutions,,,IN,03dp11s58,,,"Department of Artificial Intelligence, G H Raisoni College of Engineering, Nagpur, India",true,"Automatically extracted OpenAlex authorship/affiliation candidate; verify the author, institution, and location manually."
https://openalex.org/W4318559723,true,https://openalex.org/A5065802882,Shilpa Gedam,last,3,https://openalex.org/I141641110,Shivaji University,,,IN,01bsn4x02,,,"Department of Computer Science, Shivaji Science College, Nagpur, India",true,"Automatically extracted OpenAlex authorship/affiliation candidate; verify the author, institution, and location manually."
https://openalex.org/W4360766590,true,https://openalex.org/A5046760448,Dazhuang Liu,first,1,https://openalex.org/I139759216,Beijing University of Posts and Telecommunications,,,CN,04w9fbh59,,,"School of Cyberspace Security, Beijing University of Posts and Telecommunications,Beijing,China | School of Cyberspace Security, Beijing University of Posts and Telecommunications, Beijing, China",true,"Automatically extracted OpenAlex authorship/affiliation candidate; verify the author, institution, and location manually."
https://openalex.org/W4360766590,true,https://openalex.org/A5077813610,Zhen Yang,middle,2,https://openalex.org/I139759216,Beijing University of Posts and Telecommunications,,,CN,04w9fbh59,,,"School of Cyberspace Security, Beijing University of Posts and Telecommunications,Beijing,China | School of Cyberspace Security, Beijing University of Posts and Telecommunications, Beijing, China",true,"Automatically extracted OpenAlex authorship/affiliation candidate; verify the author, institution, and location manually."
https://openalex.org/W4360766590,true,https://openalex.org/A5100750679,Ru Zhang,middle,3,https://openalex.org/I139759216,Beijing University of Posts and Telecommunications,,,CN,04w9fbh59,,,"School of Cyberspace Security, Beijing University of Posts and Telecommunications,Beijing,China | School of Cyberspace Security, Beijing University of Posts and Telecommunications, Beijing, China",true,"Automatically extracted OpenAlex authorship/affiliation candidate; verify the author, institution, and location manually."
https://openalex.org/W4360766590,true,https://openalex.org/A5100738078,Jianyi Liu,last,4,https://openalex.org/I139759216,Beijing University of Posts and Telecommunications,,,CN,04w9fbh59,,,"School of Cyberspace Security, Beijing University of Posts and Telecommunications,Beijing,China | School of Cyberspace Security, Beijing University of Posts and Telecommunications, Beijing, China",true,"Automatically extracted OpenAlex authorship/affiliation candidate; verify the author, institution, and location manually."
https://openalex.org/W4221149434,true,https://openalex.org/A5003196471,Yonghyun Jeong,first,1,https://openalex.org/I2250650973,Samsung (South Korea),,,KR,04w3jy968,,,"Samsung SDS, Seoul, Korea NAVER, Seoul, Korea",true,"Automatically extracted OpenAlex authorship/affiliation candidate; verify the author, institution, and location manually."
https://openalex.org/W4221149434,true,https://openalex.org/A5003196471,Yonghyun Jeong,first,1,https://openalex.org/I4387155180,Samsung SDS (South Korea),,,KR,0476bn305,,,"Samsung SDS, Seoul, Korea NAVER, Seoul, Korea",true,"Automatically extracted OpenAlex authorship/affiliation candidate; verify the author, institution, and location manually."
https://openalex.org/W4221149434,true,https://openalex.org/A5100652838,Doyeon Kim,middle,2,https://openalex.org/I2250650973,Samsung (South Korea),,,KR,04w3jy968,,,"Samsung SDS, Seoul, Korea",true,"Automatically extracted OpenAlex authorship/affiliation candidate; verify the author, institution, and location manually."
https://openalex.org/W4221149434,true,https://openalex.org/A5100652838,Doyeon Kim,middle,2,https://openalex.org/I4387155180,Samsung SDS (South Korea),,,KR,0476bn305,,,"Samsung SDS, Seoul, Korea",true,"Automatically extracted OpenAlex authorship/affiliation candidate; verify the author, institution, and location manually."
https://openalex.org/W4221149434,true,https://openalex.org/A5078628073,Youngmin Ro,middle,3,https://openalex.org/I124633538,University of Seoul,,,KR,05en5nh73,,,"Samsung SDS, Seoul, Korea University of Seoul, Seoul, Korea",true,"Automatically extracted OpenAlex authorship/affiliation candidate; verify the author, institution, and location manually."
https://openalex.org/W4221149434,true,https://openalex.org/A5078628073,Youngmin Ro,middle,3,https://openalex.org/I197347611,Korea University,,,KR,047dqcg40,,,"Samsung SDS, Seoul, Korea University of Seoul, Seoul, Korea",true,"Automatically extracted OpenAlex authorship/affiliation candidate; verify the author, institution, and location manually."
https://openalex.org/W4221149434,true,https://openalex.org/A5078628073,Youngmin Ro,middle,3,https://openalex.org/I2250650973,Samsung (South Korea),,,KR,04w3jy968,,,"Samsung SDS, Seoul, Korea University of Seoul, Seoul, Korea",true,"Automatically extracted OpenAlex authorship/affiliation candidate; verify the author, institution, and location manually."
https://openalex.org/W4221149434,true,https://openalex.org/A5086373443,Jongwon Choi,last,4,https://openalex.org/I67900169,Chung-Ang University,,,KR,01r024a98,,,"Chung-Ang University, Seoul, Korea",true,"Automatically extracted OpenAlex authorship/affiliation candidate; verify the author, institution, and location manually."
https://openalex.org/W3172046373,true,https://openalex.org/A5014005604,Hady A. Khalil,first,1,https://openalex.org/I107720978,Ain Shams University,,,EG,00cb9w016,,,"Ain Shams University, Cairo, Egypt",true,"Automatically extracted OpenAlex authorship/affiliation candidate; verify the author, institution, and location manually."
https://openalex.org/W3172046373,true,https://openalex.org/A5054286317,Shady A. Maged,last,2,https://openalex.org/I107720978,Ain Shams University,,,EG,00cb9w016,,,"Ain Shams University, Cairo, Egypt",true,"Automatically extracted OpenAlex authorship/affiliation candidate; verify the author, institution, and location manually."
https://openalex.org/W4410026772,true,https://openalex.org/A5012929310,Gouri Morankar,first,1,https://openalex.org/I1296725772,University of Engineering & Management,,,IN,02decng19,,,"Department of Electronics Engineering, Shri Ramdeobaba College of Engineering & Management, Nagpur, Maharashtra, India",true,"Automatically extracted OpenAlex authorship/affiliation candidate; verify the author, institution, and location manually."
https://openalex.org/W4410026772,true,https://openalex.org/A5002554406,Rahul Tripathi,middle,2,https://openalex.org/I1296725772,University of Engineering & Management,,,IN,02decng19,,,"Department of Electronics Engineering, Shri Ramdeobaba College of Engineering & Management, Nagpur, Maharashtra, India",true,"Automatically extracted OpenAlex authorship/affiliation candidate; verify the author, institution, and location manually."
https://openalex.org/W4410026772,true,https://openalex.org/A5117411135,Shaili Dhanore,middle,3,https://openalex.org/I1296725772,University of Engineering & Management,,,IN,02decng19,,,"Department of Electronics Engineering, Shri Ramdeobaba College of Engineering & Management, Nagpur, Maharashtra, India",true,"Automatically extracted OpenAlex authorship/affiliation candidate; verify the author, institution, and location manually."
https://openalex.org/W4410026772,true,https://openalex.org/A5104111024,Yash Tiwari,last,4,https://openalex.org/I1296725772,University of Engineering & Management,,,IN,02decng19,,,"Department of Electronics Engineering, Shri Ramdeobaba College of Engineering & Management, Nagpur, Maharashtra, India",true,"Automatically extracted OpenAlex authorship/affiliation candidate; verify the author, institution, and location manually."
https://openalex.org/W4407768917,true,https://openalex.org/A5011709845,Omar Khasro Akram,first,1,https://openalex.org/I4210122785,Canadian International College,,,EG,03374t109,,,"School of Computer Science, Canadian International College (CIC), Cairo, Egypt",true,"Automatically extracted OpenAlex authorship/affiliation candidate; verify the author, institution, and location manually."
https://openalex.org/W4407768917,true,https://openalex.org/A5101170706,Abdelrahman Mohamed,middle,2,https://openalex.org/I4210122785,Canadian International College,,,EG,03374t109,,,"School of Computer Science, Canadian International College (CIC), Cairo, Egypt",true,"Automatically extracted OpenAlex authorship/affiliation candidate; verify the author, institution, and location manually."
https://openalex.org/W4407768917,true,https://openalex.org/A5009041895,Hager Magdy,middle,3,https://openalex.org/I4210122785,Canadian International College,,,EG,03374t109,,,"School of Computer Science, Canadian International College (CIC), Cairo, Egypt",true,"Automatically extracted OpenAlex authorship/affiliation candidate; verify the author, institution, and location manually."
https://openalex.org/W4407768917,true,https://openalex.org/A5101328730,Mariam M. Abdellatif,middle,4,https://openalex.org/I184834183,Al-Azhar University,,,EG,05fnp1145,,,"Mathematics Department, Faculty of Science, Al-Azhar University (Girls), Cairo, Egypt",true,"Automatically extracted OpenAlex authorship/affiliation candidate; verify the author, institution, and location manually."
https://openalex.org/W4407768917,true,https://openalex.org/A5101328730,Mariam M. Abdellatif,middle,4,https://openalex.org/I4210122785,Canadian International College,,,EG,03374t109,,,"School of Computer Science, Canadian International College (CIC), Cairo, Egypt",true,"Automatically extracted OpenAlex authorship/affiliation candidate; verify the author, institution, and location manually."
https://openalex.org/W4407768917,true,https://openalex.org/A5042934127,Sara Abdelghafar,last,5,https://openalex.org/I4210122785,Canadian International College,,,EG,03374t109,,,"School of Computer Science, Canadian International College (CIC), Cairo, Egypt",true,"Automatically extracted OpenAlex authorship/affiliation candidate; verify the author, institution, and location manually."
https://openalex.org/W4407768917,true,https://openalex.org/A5042934127,Sara Abdelghafar,last,5,https://openalex.org/I4210134598,Scientific Research Group in Egypt,,,EG,03rahtg67,,,"Scientific Research School of Egypt (SRSEG), Cairo, Egypt",true,"Automatically extracted OpenAlex authorship/affiliation candidate; verify the author, institution, and location manually."
https://openalex.org/W4293169908,true,https://openalex.org/A5070592728,Keshigeyan Chandrasegaran,first,1,,,,,,,,,,true,"Automatically extracted OpenAlex authorship/affiliation candidate; verify the author, institution, and location manually. No affiliation information provided by OpenAlex for this authorship."
https://openalex.org/W4293169908,true,https://openalex.org/A5023196037,Ngoc-Trung Tran,middle,2,,,,,,,,,,true,"Automatically extracted OpenAlex authorship/affiliation candidate; verify the author, institution, and location manually. No affiliation information provided by OpenAlex for this authorship."
https://openalex.org/W4293169908,true,https://openalex.org/A5072460783,Alexander Binder,middle,3,,,,,,,,,,true,"Automatically extracted OpenAlex authorship/affiliation candidate; verify the author, institution, and location manually. No affiliation information provided by OpenAlex for this authorship."
https://openalex.org/W4293169908,true,https://openalex.org/A5057453537,Ngai‐Man Cheung,last,4,,,,,,,,,,true,"Automatically extracted OpenAlex authorship/affiliation candidate; verify the author, institution, and location manually. No affiliation information provided by OpenAlex for this authorship."
https://openalex.org/W3173631964,true,https://openalex.org/A5066144350,Jiachen Yang,first,1,https://openalex.org/I162868743,Tianjin University,,,CN,012tb2g32,,,"School of Electrical and Information Engineering, Tianjin University, Tianjin, PR China",true,"Automatically extracted OpenAlex authorship/affiliation candidate; verify the author, institution, and location manually."
https://openalex.org/W3173631964,true,https://openalex.org/A5002735305,Shuai Xiao,middle,2,https://openalex.org/I162868743,Tianjin University,,,CN,012tb2g32,,,"School of Electrical and Information Engineering, Tianjin University, Tianjin, PR China",true,"Automatically extracted OpenAlex authorship/affiliation candidate; verify the author, institution, and location manually."
https://openalex.org/W3173631964,true,https://openalex.org/A5051200729,Aiyun Li,middle,3,https://openalex.org/I162868743,Tianjin University,,,CN,012tb2g32,,,"School of Electrical and Information Engineering, Tianjin University, Tianjin, PR China",true,"Automatically extracted OpenAlex authorship/affiliation candidate; verify the author, institution, and location manually."
https://openalex.org/W3173631964,true,https://openalex.org/A5021683249,Guipeng Lan,middle,4,https://openalex.org/I162868743,Tianjin University,,,CN,012tb2g32,,,"School of Electrical and Information Engineering, Tianjin University, Tianjin, PR China",true,"Automatically extracted OpenAlex authorship/affiliation candidate; verify the author, institution, and location manually."
https://openalex.org/W3173631964,true,https://openalex.org/A5100371075,Huihui Wang,last,5,https://openalex.org/I36075867,Jacksonville University,,,US,050rkhq40,,,"Department of Engineering Jacksonville University, Jacksonville, FL, USA | Department of Engineering, Jacksonville University, Jacksonville, FL, USA",true,"Automatically extracted OpenAlex authorship/affiliation candidate; verify the author, institution, and location manually."
https://openalex.org/W4384297285,true,https://openalex.org/A5092469306,Theresa Rahel Demmer,first,1,https://openalex.org/I129774422,University of Vienna,,,AT,03prydq77,,,"University of Vienna, Faculty of Psychology, Vienna, Austria",true,"Automatically extracted OpenAlex authorship/affiliation candidate; verify the author, institution, and location manually."
https://openalex.org/W4384297285,true,https://openalex.org/A5051523502,Corinna Kühnapfel,middle,2,https://openalex.org/I129774422,University of Vienna,,,AT,03prydq77,,,"University of Vienna, Faculty of Psychology, Vienna, Austria",true,"Automatically extracted OpenAlex authorship/affiliation candidate; verify the author, institution, and location manually."
https://openalex.org/W4384297285,true,https://openalex.org/A5047374678,Joerg Fingerhut,middle,3,https://openalex.org/I39343248,Humboldt-Universität zu Berlin,,,DE,01hcx6992,,,"Humboldt-Universität zu Berlin, Berlin School of Mind & Brain, Department of Philosophy, Berlin, Germany",true,"Automatically extracted OpenAlex authorship/affiliation candidate; verify the author, institution, and location manually."
https://openalex.org/W4384297285,true,https://openalex.org/A5009974853,Matthew Pelowski,last,4,https://openalex.org/I129774422,University of Vienna,,,AT,03prydq77,,,"University of Vienna, Faculty of Psychology, Vienna, Austria",true,"Automatically extracted OpenAlex authorship/affiliation candidate; verify the author, institution, and location manually."
https://openalex.org/W2907295878,true,https://openalex.org/A5038286261,Francesco Marra,first,1,https://openalex.org/I71267560,University of Naples Federico II,,,IT,05290cv24,,,"Dep. of Electrical Engineering and Information Technology, University Federico II of Naples, Naples, Italy",true,"Automatically extracted OpenAlex authorship/affiliation candidate; verify the author, institution, and location manually."
https://openalex.org/W2907295878,true,https://openalex.org/A5038476909,Diego Gragnaniello,middle,2,https://openalex.org/I71267560,University of Naples Federico II,,,IT,05290cv24,,,"Dep. of Electrical Engineering and Information Technology, University Federico II of Naples, Naples, Italy",true,"Automatically extracted OpenAlex authorship/affiliation candidate; verify the author, institution, and location manually."
https://openalex.org/W2907295878,true,https://openalex.org/A5080842029,Luisa Verdoliva,middle,3,https://openalex.org/I71267560,University of Naples Federico II,,,IT,05290cv24,,,"Dep. of Electrical Engineering and Information Technology, University Federico II of Naples, Naples, Italy",true,"Automatically extracted OpenAlex authorship/affiliation candidate; verify the author, institution, and location manually."
https://openalex.org/W2907295878,true,https://openalex.org/A5081981044,Giovanni Poggi,last,4,https://openalex.org/I71267560,University of Naples Federico II,,,IT,05290cv24,,,"Dep. of Electrical Engineering and Information Technology, University Federico II of Naples, Naples, Italy",true,"Automatically extracted OpenAlex authorship/affiliation candidate; verify the author, institution, and location manually."
