source,record_id,paper_id,year,original_title,canonical_title,changed
data/curated/papers.csv,curated:07ee620b8169b67b900f,curated:07ee620b8169b67b900f,2021,Does a GAN leave distinct model-specific fingerprints?,Does a GAN Leave Distinct Model-Specific Fingerprints?,true
data/curated/papers.csv,curated:853c7e2ae5f343438dd5,curated:853c7e2ae5f343438dd5,2022,Did You Use My GAN to Generate Fake? Post-hoc Attribution of GAN Generated Images via Latent Recovery,Did You Use My GAN to Generate Fake? Post-Hoc Attribution of GAN Generated Images via Latent Recovery,true
data/curated/papers.csv,curated:34fdf09ae334914a2723,curated:34fdf09ae334914a2723,2024,ManiFPT: Defining and Analyzing Fingerprints of Generative Models,ManiFPT: Defining and Analyzing Fingerprints of Generative Models,false
data/curated/papers.csv,curated:e058b4e851ac44180d82,curated:e058b4e851ac44180d82,2024,Tiny Autoencoders are Effective Few-Shot Generative Model Detectors,Tiny Autoencoders Are Effective Few-Shot Generative Model Detectors,true
data/curated/papers.csv,curated:8bc69db49ef4b9db3cd6,curated:8bc69db49ef4b9db3cd6,2025,Are CLIP Features All You Need for Universal Synthetic Image Origin Attribution?,Are CLIP Features All You Need for Universal Synthetic Image Origin Attribution?,false
data/curated/papers.csv,curated:ce200a9a7aa3dee36fc7,curated:ce200a9a7aa3dee36fc7,2024,FIDAVL: Fake Image Detection and Attribution Using Vision-Language Model,FIDAVL: Fake Image Detection and Attribution Using Vision-Language Model,false
data/curated/papers.csv,curated:66ea5be66b23f7db046a,curated:66ea5be66b23f7db046a,2026,人工智能生成图像检测技术综述,人工智能生成图像检测技术综述,false
data/curated/papers.csv,curated:b65aca5f04f1f41ad725,curated:b65aca5f04f1f41ad725,2024,How to Trace Latent Generative Model Generated Images without Artificial Watermark?,How to Trace Latent Generative Model Generated Images Without Artificial Watermark?,true
data/curated/papers.csv,curated:62b0a9ae8be24d9f02e0,curated:62b0a9ae8be24d9f02e0,2023,Single-Model Attribution of Generative Models Through Final-Layer Inversion,Single-Model Attribution of Generative Models Through Final-Layer Inversion,false
data/curated/papers.csv,curated:af47c4b83dfd43175a4a,curated:af47c4b83dfd43175a4a,2020,Attributing and Detecting Fake Images Generated by Known GANs,Attributing and Detecting Fake Images Generated by Known GANs,false
data/curated/papers.csv,curated:98c0322e2f8dd41d3e9e,curated:98c0322e2f8dd41d3e9e,2024,Which Model Generated This Image? A Model-Agnostic Approach for Origin Attribution,Which Model Generated This Image? A Model-Agnostic Approach for Origin Attribution,false
data/curated/papers.csv,curated:0849228c52c5759845c2,curated:0849228c52c5759845c2,2025,FreqCross: A Multi-Modal Frequency-Spatial Fusion Network for Robust Detection of Stable Diffusion 3.5 Generated Images,FreqCross: A Multi-Modal Frequency-Spatial Fusion Network for Robust Detection of Stable Diffusion 3.5 Generated Images,false
data/curated/papers.csv,curated:87ef976b546206fde199,curated:87ef976b546206fde199,2024,"DistilDIRE: A Small, Fast, Cheap and Lightweight Diffusion Synthesized Deepfake Detection","DistilDIRE: A Small, Fast, Cheap and Lightweight Diffusion Synthesized Deepfake Detection",false
data/curated/papers.csv,curated:b286f4a33839eed35258,curated:b286f4a33839eed35258,2024,Shadows Don't Lie and Lines Can't Bend! Generative Models Don't know Projective Geometry…for Now,Shadows Don't Lie and Lines Can't Bend! Generative Models Don't Know Projective Geometry…for Now,true
data/curated/papers.csv,curated:1eef07ebb6bd7e596f61,curated:1eef07ebb6bd7e596f61,2024,FakeInversion: Learning to Detect Images from Unseen Text-to-Image Models by Inverting Stable Diffusion,FakeInversion: Learning to Detect Images from Unseen Text-to-Image Models by Inverting Stable Diffusion,false
data/curated/papers.csv,curated:a0abee05e50398d03f2f,curated:a0abee05e50398d03f2f,2024,AEROBLADE: Training-Free Detection of Latent Diffusion Images Using Autoencoder Reconstruction Error,AEROBLADE: Training-Free Detection of Latent Diffusion Images Using Autoencoder Reconstruction Error,false
data/curated/papers.csv,curated:f523af1f7fe7b16fda75,curated:f523af1f7fe7b16fda75,2024,MaskSim: Detection of synthetic images by masked spectrum similarity analysis,MaskSim: Detection of Synthetic Images by Masked Spectrum Similarity Analysis,true
data/curated/papers.csv,curated:25c76f83f95efc6207a4,curated:25c76f83f95efc6207a4,2024,Faster Than Lies: Real-time Deepfake Detection using Binary Neural Networks,Faster Than Lies: Real-Time Deepfake Detection Using Binary Neural Networks,true
data/curated/papers.csv,curated:f7cba2387b8a4131cc7b,curated:f7cba2387b8a4131cc7b,2024,Frequency-Aware Deepfake Detection: Improving Generalizability through Frequency Space Domain Learning,Frequency-Aware Deepfake Detection: Improving Generalizability Through Frequency Space Domain Learning,true
data/curated/papers.csv,curated:096573f365e37679c445,curated:096573f365e37679c445,2024,Contrasting Deepfakes Diffusion via Contrastive Learning and Global-Local Similarities,Contrasting Deepfakes Diffusion via Contrastive Learning and Global-Local Similarities,false
data/curated/papers.csv,curated:a6f370defb21b2e07381,curated:a6f370defb21b2e07381,2024,Your Diffusion Model is an Implicit Synthetic Image Detector,Your Diffusion Model Is an Implicit Synthetic Image Detector,true
data/curated/papers.csv,curated:a87d86d7032f5a751004,curated:a87d86d7032f5a751004,2024,ZeroFake: Zero-Shot Detection of Fake Images Generated and Edited by Text-to-Image Generation Models,ZeroFake: Zero-Shot Detection of Fake Images Generated and Edited by Text-to-Image Generation Models,false
data/curated/papers.csv,curated:d740749676417c725798,curated:d740749676417c725798,2024,D4: Detection of Adversarial Diffusion Deepfakes Using Disjoint Ensembles,D4: Detection of Adversarial Diffusion Deepfakes Using Disjoint Ensembles,false
data/curated/papers.csv,curated:253c210194ac9348f9e6,curated:253c210194ac9348f9e6,2024,CLIPping the Deception: Adapting Vision-Language Models for Universal Deepfake Detection,CLIPping the Deception: Adapting Vision-Language Models for Universal Deepfake Detection,false
data/curated/papers.csv,curated:c9485f4d5346304272f2,curated:c9485f4d5346304272f2,2024,Frequency Masking for Universal Deepfake Detection,Frequency Masking for Universal Deepfake Detection,false
data/curated/papers.csv,curated:8603d8942c241dd876ed,curated:8603d8942c241dd876ed,2024,On the Exploitation of DCT-Traces in the Generative-AI Domain,On the Exploitation of DCT-Traces in the Generative-AI Domain,false
data/curated/papers.csv,curated:19c7b91816312d2877c9,curated:19c7b91816312d2877c9,2024,Did You Note My Palette? Unveiling Synthetic Images Through Color Statistics,Did You Note My Palette? Unveiling Synthetic Images Through Color Statistics,false
data/curated/papers.csv,curated:ef5f9b419eef35c5c255,curated:ef5f9b419eef35c5c255,2025,Where's the liability in the Generative Era? Recovery-based Black-Box Detection of AI-Generated Content,Where's the Liability in the Generative Era? Recovery-Based Black-Box Detection of AI-Generated Content,true
data/curated/papers.csv,curated:c6bfe8f5199d1d8beb29,curated:c6bfe8f5199d1d8beb29,2025,Adaptive Test-Time Semantic Debiasing for AI-Generated Image Detection,Adaptive Test-Time Semantic Debiasing for AI-Generated Image Detection,false
data/curated/papers.csv,curated:47b576be1ed7e2a6bfed,curated:47b576be1ed7e2a6bfed,2025,"Fully AI-Generated Image Detection: Definition, Recent Advances and Challenges","Fully AI-Generated Image Detection: Definition, Recent Advances and Challenges",false
data/curated/papers.csv,curated:3110ea827546b2fd78ff,curated:3110ea827546b2fd78ff,2026,"Your AI-Generated Image Detector Can Secretly Achieve SOTA Accuracy, If Calibrated","Your AI-Generated Image Detector Can Secretly Achieve SOTA Accuracy, If Calibrated",false
data/curated/papers.csv,curated:1f9d168cc6c4c445a231,curated:1f9d168cc6c4c445a231,2025,Orthogonal Subspace Decomposition for Generalizable AI-Generated Image Detection,Orthogonal Subspace Decomposition for Generalizable AI-Generated Image Detection,false
data/curated/papers.csv,curated:d040be3d1fb83a51311e,curated:d040be3d1fb83a51311e,2025,Stay-Positive: A Case for Ignoring Real Image Features in Fake Image Detection,Stay-Positive: A Case for Ignoring Real Image Features in Fake Image Detection,false
data/curated/papers.csv,curated:e688194977fa7bbf7db3,curated:e688194977fa7bbf7db3,2025,LAID: Lightweight AI-Generated Image Detection in Spatial and Spectral Domains,LAID: Lightweight AI-Generated Image Detection in Spatial and Spectral Domains,false
data/curated/papers.csv,curated:6ca781a0d606a5d5db64,curated:6ca781a0d606a5d5db64,2025,REVEAL: A Retrieval-Augmented Generation Approach for Contextual Identification of Synthetic Visual Content,REVEAL: A Retrieval-Augmented Generation Approach for Contextual Identification of Synthetic Visual Content,false
data/curated/papers.csv,curated:1332f5c35b9ac943f349,curated:1332f5c35b9ac943f349,2025,FLODA: Harnessing Vision-Language Models for Deepfake Assessment,FLODA: Harnessing Vision-Language Models for Deepfake Assessment,false
data/curated/papers.csv,curated:f3e1319a5e27319578cd,curated:f3e1319a5e27319578cd,2026,A Survey on Deep-Learning-Based Techniques for Detecting AI-Generated Synthetic Images,A Survey on Deep-Learning-Based Techniques for Detecting AI-Generated Synthetic Images,false
data/curated/papers.csv,curated:fe98b5f37967f5a51b86,curated:fe98b5f37967f5a51b86,2025,Simple Detection of AI-Generated Images based on Noise Correlation,Simple Detection of AI-Generated Images Based on Noise Correlation,true
data/curated/papers.csv,curated:b7664c48f91262cfe091,curated:b7664c48f91262cfe091,2024,StealthDiffusion: Towards Evading Diffusion Forensic Detection through Diffusion Model,StealthDiffusion: Towards Evading Diffusion Forensic Detection Through Diffusion Model,true
data/curated/papers.csv,curated:82a6421311c4d39076d9,curated:82a6421311c4d39076d9,2025,Sanitizing Diffusion-Generated Images via Fingerprint Removal and Adversarial Perturbation for Forensic Evasion,Sanitizing Diffusion-Generated Images via Fingerprint Removal and Adversarial Perturbation for Forensic Evasion,false
data/curated/papers.csv,curated:0b2081f70faaf81278dc,curated:0b2081f70faaf81278dc,2024,Organic or Diffused: Can We Distinguish Human Art from AI-generated Images?,Organic or Diffused: Can We Distinguish Human Art from AI-Generated Images?,true
data/curated/papers.csv,curated:b1977dc0fcca329719f0,curated:b1977dc0fcca329719f0,2024,Towards the Detection of Diffusion Model Deepfakes,Towards the Detection of Diffusion Model Deepfakes,false
data/curated/papers.csv,curated:c420495aae5c20e0ea2a,curated:c420495aae5c20e0ea2a,2026,FANB-Net: Frequency-Awared Attention and Noise-Injected Boosting for AI-Generated Image Detection,FANB-Net: Frequency-Awared Attention and Noise-Injected Boosting for AI-Generated Image Detection,false
data/curated/papers.csv,curated:8116d19627b92530b580,curated:8116d19627b92530b580,2026,EvoGuard: An Extensible Agentic RL-based Framework for Practical and Evolving AI-Generated Image Detection,EvoGuard: An Extensible Agentic RL-Based Framework for Practical and Evolving AI-Generated Image Detection,true
data/curated/papers.csv,curated:cf55e35fcf11e09fdd12,curated:cf55e35fcf11e09fdd12,2026,Locate-Then-Examine: Grounded Region Reasoning Improves Detection of AI-Generated Images,Locate-Then-Examine: Grounded Region Reasoning Improves Detection of AI-Generated Images,false
data/curated/papers.csv,curated:be2900947b322f9eb905,curated:be2900947b322f9eb905,2025,OmniDFA: A Unified Framework for Open Set Synthesis Image Detection and Few-Shot Attribution,OmniDFA: A Unified Framework for Open Set Synthesis Image Detection and Few-Shot Attribution,false
data/curated/papers.csv,curated:8e9658fa727094695be8,curated:8e9658fa727094695be8,2026,MIRAGE: Towards AI-Generated Image Detection in the Wild,MIRAGE: Towards AI-Generated Image Detection in the Wild,false
data/curated/papers.csv,curated:44a70bf5f21b5457102b,curated:44a70bf5f21b5457102b,2025,RealHD: A High-Quality Dataset for Robust Detection of State-of-the-Art AI-Generated Images,RealHD: A High-Quality Dataset for Robust Detection of State-of-the-Art AI-Generated Images,false
data/curated/papers.csv,curated:79adf19ca6991c1d85f8,curated:79adf19ca6991c1d85f8,2025,RAID: A Dataset for Testing the Adversarial Robustness of AI-Generated Image Detectors,RAID: A Dataset for Testing the Adversarial Robustness of AI-Generated Image Detectors,false
data/curated/papers.csv,curated:074bb9a77ee85d50090c,curated:074bb9a77ee85d50090c,2025,Aperture: a patch-aware framework for joint forgery detection and localization,Aperture: A Patch-Aware Framework for Joint Forgery Detection and Localization,true
data/curated/papers.csv,curated:f76424b401abe0c0fd0c,curated:f76424b401abe0c0fd0c,2024,ImagiNet: A Multi-Content Benchmark for Synthetic Image Detection,ImagiNet: A Multi-Content Benchmark for Synthetic Image Detection,false
data/curated/papers.csv,curated:4d91354cd919a64a2259,curated:4d91354cd919a64a2259,2025,Few-Shot Learner Generalizes Across AI-Generated Image Detection,Few-Shot Learner Generalizes Across AI-Generated Image Detection,false
data/curated/papers.csv,curated:3c3cd6143ece4045b378,curated:3c3cd6143ece4045b378,2025,Generalized Design Choices for Deepfake Detectors,Generalized Design Choices for Deepfake Detectors,false
data/curated/papers.csv,curated:e256ad6b672c3cf433ba,curated:e256ad6b672c3cf433ba,2025,Bridging the Gap Between Ideal and Real-World Evaluation: Benchmarking AI-Generated Image Detection in Challenging Scenarios,Bridging the Gap Between Ideal and Real-World Evaluation: Benchmarking AI-Generated Image Detection in Challenging Scenarios,false
data/curated/papers.csv,curated:61baa52cd3bc07215faf,curated:61baa52cd3bc07215faf,2026,Diffusion Epistemic Uncertainty with Asymmetric Learning for Diffusion-Generated Image Detection,Diffusion Epistemic Uncertainty with Asymmetric Learning for Diffusion-Generated Image Detection,false
data/curated/papers.csv,curated:35aae1e2c9d673ab1a97,curated:35aae1e2c9d673ab1a97,2026,Source Attribution of AI-Generated Images: a Principled Survey,Source Attribution of AI-Generated Images: A Principled Survey,true
data/curated/papers.csv,curated:ee47e898ad64ec14b709,curated:ee47e898ad64ec14b709,2025,Training-free Source Attribution of AI-generated Images via Resynthesis,Training-Free Source Attribution of AI-Generated Images via Resynthesis,true
data/curated/papers.csv,curated:3bd79627ad7e70a28a97,curated:3bd79627ad7e70a28a97,2025,D$^3$: Scaling Up Deepfake Detection by Learning from Discrepancy,D$^3$: Scaling Up Deepfake Detection by Learning from Discrepancy,false
data/curated/papers.csv,curated:a1eea412716e4d045da6,curated:a1eea412716e4d045da6,2026,Source Attribution of AI-Generated Images in Data Scarcity Conditions via Training-Free Resynthesis,Source Attribution of AI-Generated Images in Data Scarcity Conditions via Training-Free Resynthesis,false
data/curated/papers.csv,curated:5a91cc922c8a3c4c3d0c,curated:5a91cc922c8a3c4c3d0c,2023,Open Set Synthetic Image Source Attribution,Open Set Synthetic Image Source Attribution,false
data/curated/papers.csv,curated:3864d12fe8df7b9cb19c,curated:3864d12fe8df7b9cb19c,2024,Detecting computer-generated images by using only real images,Detecting Computer-Generated Images by Using Only Real Images,true
data/curated/papers.csv,curated:31a4d429d7c5750bd778,curated:31a4d429d7c5750bd778,2025,Spot the Fake: Large Multimodal Model-Based Synthetic Image Detection with Artifact Explanation,Spot the Fake: Large Multimodal Model-Based Synthetic Image Detection with Artifact Explanation,false
data/curated/papers.csv,curated:c6bb6e1e0a4d4eb372b5,curated:c6bb6e1e0a4d4eb372b5,2023,Seeing is not always believing: Benchmarking Human and Model Perception of AI-Generated Images,Seeing Is Not Always Believing: Benchmarking Human and Model Perception of AI-Generated Images,true
data/curated/papers.csv,curated:0b34eeaa2b4f5b0a7b3b,curated:0b34eeaa2b4f5b0a7b3b,2025,Aligned Datasets Improve Detection of Latent Diffusion-Generated Images,Aligned Datasets Improve Detection of Latent Diffusion-Generated Images,false
data/curated/papers.csv,curated:f158c57190bcd2c8405c,curated:f158c57190bcd2c8405c,2025,Is Artificial Intelligence Generated Image Detection a Solved Problem?,Is Artificial Intelligence Generated Image Detection a Solved Problem?,false
data/curated/papers.csv,curated:211ea83fa8d41c8ec810,curated:211ea83fa8d41c8ec810,2026,AI-generated image detection algorithm based on classical-quantum hybrid neural network,AI-Generated Image Detection Algorithm Based on Classical-Quantum Hybrid Neural Network,true
data/curated/papers.csv,curated:29878fee09624b7d105d,curated:29878fee09624b7d105d,2026,Self-Supervised AI-Generated Image Detection: A Camera Metadata Perspective,Self-Supervised AI-Generated Image Detection: A Camera Metadata Perspective,false
data/curated/papers.csv,curated:29642e43aa51fece46f7,curated:29642e43aa51fece46f7,2026,Beyond Semantic Features: Pixel-level Mapping for Generalized AI-Generated Image Detection,Beyond Semantic Features: Pixel-Level Mapping for Generalized AI-Generated Image Detection,true
data/curated/papers.csv,curated:911d693997183535a4ac,curated:911d693997183535a4ac,2025,Towards Explainable Fake Image Detection with Multi-Modal Large Language Models,Towards Explainable Fake Image Detection with Multi-Modal Large Language Models,false
data/curated/papers.csv,curated:8bdbf72555619e7893d3,curated:8bdbf72555619e7893d3,2025,Beyond Known Fakes: Generalized Detection of AI-Generated Images via Post-hoc Distribution Alignment,Beyond Known Fakes: Generalized Detection of AI-Generated Images via Post-Hoc Distribution Alignment,true
data/curated/papers.csv,curated:fe2c4c4c423cdd91d6d3,curated:fe2c4c4c423cdd91d6d3,2024,Understanding and Improving Training-Free AI-Generated Image Detections with Vision Foundation Models,Understanding and Improving Training-Free AI-Generated Image Detections with Vision Foundation Models,false
data/curated/papers.csv,curated:d9f9207830bec1da388f,curated:d9f9207830bec1da388f,2024,Towards More Accurate Fake Detection on Images Generated from Advanced Generative and Neural Rendering Models,Towards More Accurate Fake Detection on Images Generated from Advanced Generative and Neural Rendering Models,false
data/curated/papers.csv,curated:fa317ff4ccce609227c0,curated:fa317ff4ccce609227c0,2024,Improving Interpretability and Robustness for the Detection of AI-Generated Images,Improving Interpretability and Robustness for the Detection of AI-Generated Images,false
data/curated/papers.csv,curated:9a84f4f666bcdda92186,curated:9a84f4f666bcdda92186,2024,Mixture of Low-rank Experts for Transferable AI-Generated Image Detection,Mixture of Low-Rank Experts for Transferable AI-Generated Image Detection,true
data/curated/papers.csv,curated:40db3b79c5d83b80e5a4,curated:40db3b79c5d83b80e5a4,2024,Fake-GPT: Detecting Fake Image via Large Language Model,Fake-GPT: Detecting Fake Image via Large Language Model,false
data/curated/papers.csv,curated:0f774e5d7c63020bdc50,curated:0f774e5d7c63020bdc50,2026,Privacy-preserving and zero-shot detection strategies for multimodal AI-generated content,Privacy-Preserving and Zero-Shot Detection Strategies for Multimodal AI-Generated Content,true
data/curated/papers.csv,curated:67a6b7828afaed59e1c0,curated:67a6b7828afaed59e1c0,2026,Transformer Based on Multi-Domain Feature Fusion for AI-Generated Image Detection,Transformer Based on Multi-Domain Feature Fusion for AI-Generated Image Detection,false
data/curated/papers.csv,curated:772bb625ccc3e45e8481,curated:772bb625ccc3e45e8481,2025,Prompt-Engineered Detection of AI-Generated Images,Prompt-Engineered Detection of AI-Generated Images,false
data/curated/papers.csv,curated:f105a82454d369e100b9,curated:f105a82454d369e100b9,2026,General and Domain-Specific Zero-shot Detection of Generated Images via Conditional Likelihood,General and Domain-Specific Zero-Shot Detection of Generated Images via Conditional Likelihood,true
data/curated/papers.csv,curated:3fcd3bc4dd2c9d8c3b80,curated:3fcd3bc4dd2c9d8c3b80,2026,Layer Consistency Matters: Elegant Latent Transition Discrepancy for Generalizable Synthetic Image Detection,Layer Consistency Matters: Elegant Latent Transition Discrepancy for Generalizable Synthetic Image Detection,false
data/curated/papers.csv,curated:5fde2c559e029508e0c3,curated:5fde2c559e029508e0c3,2025,Human vs. AI: A Novel Benchmark and a Comparative Study on the Detection\n of Generated Images and the Impact of Prompts,Human vs. AI: A Novel Benchmark and a Comparative Study on the Detection\n of Generated Images and the Impact of Prompts,false
data/curated/papers.csv,curated:cda6067db322246e8195,curated:cda6067db322246e8195,2025,No Detector to Rule Them All,No Detector to Rule Them All,false
data/curated/papers.csv,curated:d59bffe554500b241a3e,curated:d59bffe554500b241a3e,2026,ImageAttributionBench: How Far Are We from Generalizable Attribution?,ImageAttributionBench: How Far Are We from Generalizable Attribution?,false
data/curated/papers.csv,curated:d3e19d8cb61eb0e7d620,curated:d3e19d8cb61eb0e7d620,2026,Attribution as Retrieval: Model-Agnostic AI-Generated Image Attribution,Attribution as Retrieval: Model-Agnostic AI-Generated Image Attribution,false
data/curated/papers.csv,curated:5f105b70c28ce5beeb0b,curated:5f105b70c28ce5beeb0b,2025,Autonomous and Self-Adapting System for Synthetic Media Detection and Attribution,Autonomous and Self-Adapting System for Synthetic Media Detection and Attribution,false
data/curated/papers.csv,curated:1d944c47839b3890a623,curated:1d944c47839b3890a623,2024,Are handcrafted filters helpful for attributing AI-generated images?,Are Handcrafted Filters Helpful for Attributing AI-Generated Images?,true
data/curated/papers.csv,curated:56cb44d373ab183b7df9,curated:56cb44d373ab183b7df9,2024,On the Use of Mixup Augmentation for Synthetic Image Attribution in the Wild,On the Use of Mixup Augmentation for Synthetic Image Attribution in the Wild,false
data/curated/papers.csv,curated:2117831292318de4cf18,curated:2117831292318de4cf18,2024,Explainable Artifacts for Synthetic Western Blot Source Attribution,Explainable Artifacts for Synthetic Western Blot Source Attribution,false
data/curated/papers.csv,curated:78e64e4829587c072681,curated:78e64e4829587c072681,2025,Attribution of AI-Generated Images Across Multiple Models: a Benchmark,Attribution of AI-Generated Images Across Multiple Models: A Benchmark,true
data/curated/papers.csv,curated:8c85a92b00aa321fbe8c,curated:8c85a92b00aa321fbe8c,2024,Source Attribution for Images Generated by Diffusion-Based Text-to-Image Models: Exploring the Forensics Approach,Source Attribution for Images Generated by Diffusion-Based Text-to-Image Models: Exploring the Forensics Approach,false
data/curated/papers.csv,curated:2c278dcd079ea27d0f73,curated:2c278dcd079ea27d0f73,2025,MAID: Model Attribution via Inverse Diffusion,MAID: Model Attribution via Inverse Diffusion,false
data/curated/papers.csv,curated:1ec62a78a4e0372bc0d9,curated:1ec62a78a4e0372bc0d9,2025,ReTD: Reconstruction-Based Traceability Detection for Generated Images,ReTD: Reconstruction-Based Traceability Detection for Generated Images,false
data/curated/papers.csv,curated:1c590f67c931d712bb78,curated:1c590f67c931d712bb78,2025,An Efficient Frequency Domain Based Attribution and Detection Network,An Efficient Frequency Domain Based Attribution and Detection Network,false
data/curated/papers.csv,curated:3e94d8fc69e41aade2cc,curated:3e94d8fc69e41aade2cc,2025,D <sup>3</sup> QE: Learning Discrete Distribution Discrepancy-Aware Quantization Error for Autoregressive-Generated Image Detection,D <sup>3</sup> QE: Learning Discrete Distribution Discrepancy-Aware Quantization Error for Autoregressive-Generated Image Detection,false
data/curated/papers.csv,curated:16646ad4b7b77cde2ad8,curated:16646ad4b7b77cde2ad8,2026,One for All: Synthesis-Free Fingerprint Learning for Attribution of In-the-Wild Synthetic Images,One for All: Synthesis-Free Fingerprint Learning for Attribution of In-the-Wild Synthetic Images,false
data/curated/papers.csv,curated:246f07c81b9f91e527eb,curated:246f07c81b9f91e527eb,2026,IncreFA: Breaking the Static Wall of Generative Model Attribution,IncreFA: Breaking the Static Wall of Generative Model Attribution,false
data/curated/papers.csv,curated:170f07b3d7020611e566,curated:170f07b3d7020611e566,2019,Attributing Fake Images to GANs: Learning and Analyzing GAN Fingerprints,Attributing Fake Images to GANs: Learning and Analyzing GAN Fingerprints,false
data/curated/papers.csv,curated:fb05dfbc95518f6fb1db,curated:fb05dfbc95518f6fb1db,2019,Source Generator Attribution via Inversion,Source Generator Attribution via Inversion,false
data/curated/papers.csv,curated:dcf7aae2c8590b07aff3,curated:dcf7aae2c8590b07aff3,2020,Leveraging Frequency Analysis for Deep Fake Image Recognition,Leveraging Frequency Analysis for Deep Fake Image Recognition,false
data/curated/papers.csv,curated:baa48a1bff3effa2e915,curated:baa48a1bff3effa2e915,2023,Universal Detection and Source Attribution of Diffusion Model Generated Images with High Generalization and Robustness,Universal Detection and Source Attribution of Diffusion Model Generated Images with High Generalization and Robustness,false
data/curated/papers.csv,curated:625ba11125534aedd39d,curated:625ba11125534aedd39d,2022,RepMix: Representation Mixing for Robust Attribution of Synthesized Images,RepMix: Representation Mixing for Robust Attribution of Synthesized Images,false
data/curated/papers.csv,curated:1ef55e4fc03eb4880beb,curated:1ef55e4fc03eb4880beb,2023,Towards Universal Fake Image Detectors that Generalize Across Generative Models,Towards Universal Fake Image Detectors That Generalize Across Generative Models,true
data/curated/papers.csv,curated:2465f28a94bb45bec499,curated:2465f28a94bb45bec499,2025,Aigi-Holmes: Towards Explainable and Generalizable AI-Generated Image Detection via Multimodal Large Language Models,AIGI-Holmes: Towards Explainable and Generalizable AI-Generated Image Detection via Multimodal Large Language Models,true
data/curated/papers.csv,curated:f40ecaaf5d0212852b79,curated:f40ecaaf5d0212852b79,2025,Dual Data Alignment Makes AI-Generated Image Detector Easier Generalizable,Dual Data Alignment Makes AI-Generated Image Detector Easier Generalizable,false
data/curated/papers.csv,curated:98bed92571e23d5df139,curated:98bed92571e23d5df139,2026,AI-Generated Image Detection: Challenges and Recent Advances,AI-Generated Image Detection: Challenges and Recent Advances,false
data/curated/papers.csv,curated:27b6ffdee837c7f997f5,curated:27b6ffdee837c7f997f5,2026,AEDR: Training-Free AI-Generated Image Attribution via Autoencoder Double-Reconstruction,AEDR: Training-Free AI-Generated Image Attribution via Autoencoder Double-Reconstruction,false
data/curated/papers.csv,curated:f6ad15b01df18aadfe1a,curated:f6ad15b01df18aadfe1a,2026,PRADA: Probability-Ratio-Based Attribution and Detection of Autoregressive-Generated Images,PRADA: Probability-Ratio-Based Attribution and Detection of Autoregressive-Generated Images,false
data/curated/papers.csv,curated:d4a9b3a3cef9bfbd0e32,curated:d4a9b3a3cef9bfbd0e32,2026,Detecting AI-Generated Content on Social Media with Multi-modal Language Models,Detecting AI-Generated Content on Social Media with Multi-Modal Language Models,true
data/curated/papers.csv,curated:ba0669dd843c9defd483,curated:ba0669dd843c9defd483,2026,Comparative Study of Adversarial Training and Randomized Smoothing for Robust AI-Generated Image Attribution,Comparative Study of Adversarial Training and Randomized Smoothing for Robust AI-Generated Image Attribution,false
data/curated/papers.csv,curated:bb388762c1cb4bd3bf4a,curated:bb388762c1cb4bd3bf4a,2026,Quality-Aware Calibration for AI-Generated Image Detection in the Wild,Quality-Aware Calibration for AI-Generated Image Detection in the Wild,false
data/curated/papers.csv,curated:589870527983af575480,curated:589870527983af575480,2026,The Deployment Gap in AI Media Detection: Platform-Aware and Visually Constrained Adversarial Evaluation,The Deployment Gap in AI Media Detection: Platform-Aware and Visually Constrained Adversarial Evaluation,false
data/curated/papers.csv,curated:f7906cb987975444e893,curated:f7906cb987975444e893,2026,Boosting Robust AIGI Detection with LoRA-based Pairwise Training,Boosting Robust AIGI Detection with LoRA-Based Pairwise Training,true
data/curated/papers.csv,curated:efceafb2be2246aa120b,curated:efceafb2be2246aa120b,2025,Weakly‐Aligned Region‐Language Transformer for Real‐Time Artistic Content Detection in SAGIN,Weakly‐Aligned Region‐Language Transformer for Real‐Time Artistic Content Detection in SAGIN,false
data/curated/papers.csv,curated:8ffdbd0ba264927d1c3a,curated:8ffdbd0ba264927d1c3a,2025,Robust Fake Image Detection via Incremental Training of Siamese Neural Networks,Robust Fake Image Detection via Incremental Training of Siamese Neural Networks,false
data/curated/papers.csv,curated:08aa2b51bb36247bdda3,curated:08aa2b51bb36247bdda3,2026,RealNet: Efficient and Unsupervised Detection of AI-Generated Images via Real-Only Representation Learning,RealNet: Efficient and Unsupervised Detection of AI-Generated Images via Real-Only Representation Learning,false
data/curated/papers.csv,curated:45cb3642fd138c136139,curated:45cb3642fd138c136139,2026,Decision-Driven Orthogonal Learning with Complementary Feature Mining for Robust Synthetic Image Detection,Decision-Driven Orthogonal Learning with Complementary Feature Mining for Robust Synthetic Image Detection,false
data/curated/papers.csv,curated:6a5bef99dcdc1ad4ba28,curated:6a5bef99dcdc1ad4ba28,2026,DySy-Det: A Synergistic Framework with Dynamic Reconstruction-Path Consistency for AI-Generated Image Detection,DySy-Det: A Synergistic Framework with Dynamic Reconstruction-Path Consistency for AI-Generated Image Detection,false
data/curated/papers.csv,curated:dbbb2e6ee311ee6198c3,curated:dbbb2e6ee311ee6198c3,2026,FIND: A Simple Yet Effective Baseline for Diffusion-Generated Image Detection,FIND: A Simple yet Effective Baseline for Diffusion-Generated Image Detection,true
data/curated/papers.csv,curated:89f7a674fe872806006b,curated:89f7a674fe872806006b,2025,ODDN: Addressing Unpaired Data Challenges in Open-World Deepfake Detection on Online Social Networks,ODDN: Addressing Unpaired Data Challenges in Open-World Deepfake Detection on Online Social Networks,false
data/curated/papers.csv,curated:8cb907bc9003c61325f8,curated:8cb907bc9003c61325f8,2024,E3: Ensemble of Expert Embedders for Adapting Synthetic Image Detectors to New Generators Using Limited Data,E3: Ensemble of Expert Embedders for Adapting Synthetic Image Detectors to New Generators Using Limited Data,false
data/curated/papers.csv,curated:aa6672aa3ab0a0709e32,curated:aa6672aa3ab0a0709e32,2025,Diffusion Epistemic Uncertainty with Asymmetric Learning for Diffusion-Generated Image Detection,Diffusion Epistemic Uncertainty with Asymmetric Learning for Diffusion-Generated Image Detection,false
data/curated/papers.csv,curated:0526c3529dda4446a0d7,curated:0526c3529dda4446a0d7,2026,Background-Noise-Driven Detection of Diffusion-Generated Images,Background-Noise-Driven Detection of Diffusion-Generated Images,false
data/curated/papers.csv,curated:885c512e1e964d2ec61f,curated:885c512e1e964d2ec61f,2026,CLIP-ADA: CLIP-Guided Artifact-Invariant Generalizable Synthetic Image Detection,CLIP-ADA: CLIP-Guided Artifact-Invariant Generalizable Synthetic Image Detection,false
data/curated/papers.csv,curated:c495f498c11dab35ecbc,curated:c495f498c11dab35ecbc,2026,FALCON-Net: Feature Aggregation of Local Patterns for AI-Generated Image Detection,FALCON-Net: Feature Aggregation of Local Patterns for AI-Generated Image Detection,false
data/curated/papers.csv,curated:8705551f18f94daa53d4,curated:8705551f18f94daa53d4,2026,ERASE: Bypassing Collaborative Detection of AI Counterfeit via Comprehensive Artifacts Elimination,ERASE: Bypassing Collaborative Detection of AI Counterfeit via Comprehensive Artifacts Elimination,false
data/curated/papers.csv,curated:4c6404676fc92cb9e8eb,curated:4c6404676fc92cb9e8eb,2026,Black-Box Adaptation for Deepfake Detection via Local Relation Guided AUC Optimization,Black-Box Adaptation for Deepfake Detection via Local Relation Guided AUC Optimization,false
data/curated/papers.csv,curated:837a8a0ceb9d8f86d02a,curated:837a8a0ceb9d8f86d02a,2026,ArtGate: Injecting Fake Artifact Features into CLIP for AI-Generated Image Detection,ArtGate: Injecting Fake Artifact Features Into CLIP for AI-Generated Image Detection,true
data/curated/papers.csv,curated:167b4dd09fa505470bce,curated:167b4dd09fa505470bce,2026,NSFF: Noise and semantic features fusion for AI-generated image detection,NSFF: Noise and Semantic Features Fusion for AI-Generated Image Detection,true
data/curated/papers.csv,curated:316fc03d348baa637bb4,curated:316fc03d348baa637bb4,2026,Geometric-semantic dual-adaptation for generalizable AI-generated image detection,Geometric-Semantic Dual-Adaptation for Generalizable AI-Generated Image Detection,true
data/curated/papers.csv,curated:1bf124f8f57f00dddd01,curated:1bf124f8f57f00dddd01,2026,Automated In-the-Wild Data Collection for Continual AI Generated Image Detection,Automated In-the-Wild Data Collection for Continual AI Generated Image Detection,false
data/curated/papers.csv,curated:0d918782407e05ade5bd,curated:0d918782407e05ade5bd,2026,Unified Detection of Synthetic and Manipulated Images via Dual-Stream Artifact Fusion,Unified Detection of Synthetic and Manipulated Images via Dual-Stream Artifact Fusion,false
data/curated/papers.csv,curated:46773aac10dade5fbd50,curated:46773aac10dade5fbd50,2026,Explainability-Driven Analysis of AI-Generated Image Detectors: Insights into Generalization and Failure Modes,Explainability-Driven Analysis of AI-Generated Image Detectors: Insights Into Generalization and Failure Modes,true
data/curated/papers.csv,curated:0895eb11a7610f3973da,curated:0895eb11a7610f3973da,2026,Cover-Source Mismatch in Deepfake Detection: A Systematic Study,Cover-Source Mismatch in Deepfake Detection: A Systematic Study,false
data/curated/papers.csv,curated:6f55b599c4d1588c62f7,curated:6f55b599c4d1588c62f7,2026,DTBF: Combining Local Statistical Artifacts and Concept Alignment for Synthetic Image Detection,DTBF: Combining Local Statistical Artifacts and Concept Alignment for Synthetic Image Detection,false
data/curated/papers.csv,curated:b08c8cdd637cf7f65d18,curated:b08c8cdd637cf7f65d18,2026,AI-Generated Image Detection Based on the Most Suspicious Patch,AI-Generated Image Detection Based on the Most Suspicious Patch,false
data/curated/papers.csv,curated:9ae6e4e3816daa7e1650,curated:9ae6e4e3816daa7e1650,2026,ForgeryMoE: Mixture of Experts for Image Forgery Detection under JPEG Compression,ForgeryMoE: Mixture of Experts for Image Forgery Detection Under JPEG Compression,true
data/curated/papers.csv,curated:559269bd486bc1da5115,curated:559269bd486bc1da5115,2025,Comparative Analysis of Custom CNN Architecture and MobileNet for Deepfake Image Detection,Comparative Analysis of Custom CNN Architecture and MobileNet for Deepfake Image Detection,false
data/curated/papers.csv,curated:988373de555945528142,curated:988373de555945528142,2024,"Comparative Analysis of Deepfake Image Detection Method Using VGG16, VGG19 and ResNet50","Comparative Analysis of Deepfake Image Detection Method Using VGG16, VGG19 and ResNet50",false
data/curated/papers.csv,curated:9a95c96ee1d20e56c56d,curated:9a95c96ee1d20e56c56d,2026,Spatial flatness-curvature mask driven generalized detection of synthetic images,Spatial Flatness-Curvature Mask Driven Generalized Detection of Synthetic Images,true
data/curated/papers.csv,curated:161b6d5ca391d238f7e9,curated:161b6d5ca391d238f7e9,2025,Detecting Origin Attribution for Text-to-Image Diffusion Models,Detecting Origin Attribution for Text-to-Image Diffusion Models,false
data/curated/papers.csv,curated:c87f234ea256991903e1,curated:c87f234ea256991903e1,2026,Dissect and Prune: Enhancing Robustness in AI-Generated Image Detection,Dissect and Prune: Enhancing Robustness in AI-Generated Image Detection,false
data/curated/papers.csv,curated:078ade9edabe304013a7,curated:078ade9edabe304013a7,2026,ForensicConcept: Transferable Forensic Concepts for AIGI Detection,ForensicConcept: Transferable Forensic Concepts for AIGI Detection,false
data/curated/papers.csv,curated:7ed4e932c4dac57d0136,curated:7ed4e932c4dac57d0136,2026,DGS-Net: Distillation-Guided Gradient Surgery for CLIP Fine-Tuning in AI-Generated Image Detection,DGS-Net: Distillation-Guided Gradient Surgery for CLIP Fine-Tuning in AI-Generated Image Detection,false
data/curated/papers.csv,curated:d6fe2666a64b0c70ff6b,curated:d6fe2666a64b0c70ff6b,2026,GenShield: Unified Detection and Artifact Correction for AI-Generated Images,GenShield: Unified Detection and Artifact Correction for AI-Generated Images,false
data/curated/papers.csv,curated:a570863c3a6ac227b56c,curated:a570863c3a6ac227b56c,2026,PGC: Peak-Guided Calibration for Generalizable AI-Generated Image Detection,PGC: Peak-Guided Calibration for Generalizable AI-Generated Image Detection,false
data/curated/papers.csv,curated:f380c0d31081fc59f1eb,curated:f380c0d31081fc59f1eb,2026,FiSeR: Fine-Grained Source Representations for Cross-Domain AI Image Detection,FiSeR: Fine-Grained Source Representations for Cross-Domain AI Image Detection,false
data/curated/papers.csv,curated:75cbd31c9946c7eb7977,curated:75cbd31c9946c7eb7977,2026,"""That's another doom I haven't thought about"": A User Study on AI Labels as a Safeguard Against Image-Based Misinformation","""That's Another Doom I Haven't Thought About"": A User Study on AI Labels as a Safeguard Against Image-Based Misinformation",true
data/curated/papers.csv,curated:2938e895376a45baceec,curated:2938e895376a45baceec,2025,SAGNet: Decoupling Semantic-Agnostic Artifacts From Limited Training Data for Robust Generalization in Deepfake Detection,SAGNet: Decoupling Semantic-Agnostic Artifacts from Limited Training Data for Robust Generalization in Deepfake Detection,true
data/curated/papers.csv,curated:517a2cc4ca3690f3fc44,curated:517a2cc4ca3690f3fc44,2024,A Performance Analysis to Detect Synthetic Images with Deep Learning-Based Image Classification,A Performance Analysis to Detect Synthetic Images with Deep Learning-Based Image Classification,false
data/curated/papers.csv,curated:e9594b5466110ca009aa,curated:e9594b5466110ca009aa,2026,Toward Generalizable AI-Generated Image Detection with a New Realistic Dataset: Performance Evaluation and Improvement,Toward Generalizable AI-Generated Image Detection with a New Realistic Dataset: Performance Evaluation and Improvement,false
data/curated/papers.csv,curated:8ebf01a335c20fdc902d,curated:8ebf01a335c20fdc902d,2026,Fake Detection Based on Balanced Attention and Information Guidance for Collaborative Image Processing Tasks,Fake Detection Based on Balanced Attention and Information Guidance for Collaborative Image Processing Tasks,false
data/curated/papers.csv,curated:b31395a72552920109fa,curated:b31395a72552920109fa,2026,The PRISM benchmark: PhotoRealistic Image Synthesis and Manipulation to detect generated images,The PRISM Benchmark: PhotoRealistic Image Synthesis and Manipulation to Detect Generated Images,true
data/curated/papers.csv,curated:ab6b43e21ae47dadafe0,curated:ab6b43e21ae47dadafe0,2026,Dual Frequency Branch Framework With Reconstructed Sliding Windows Attention for AI-Generated Image Detection,Dual Frequency Branch Framework with Reconstructed Sliding Windows Attention for AI-Generated Image Detection,true
data/curated/papers.csv,curated:038a578e520799c8671e,curated:038a578e520799c8671e,2026,Toward Generalizable Forgery Detection and Reasoning,Toward Generalizable Forgery Detection and Reasoning,false
data/curated/papers.csv,curated:75b4ab2d95e995615ae2,curated:75b4ab2d95e995615ae2,2026,Quality-Guided Forgery Adapter for Generalizable AIGC Image Detection,Quality-Guided Forgery Adapter for Generalizable AIGC Image Detection,false
data/curated/papers.csv,curated:d0eec7c4fce8929c295a,curated:d0eec7c4fce8929c295a,2026,Diffusion-Driven Forgery Detection: Distilling Latent Features for Generalized Image Forensics,Diffusion-Driven Forgery Detection: Distilling Latent Features for Generalized Image Forensics,false
data/curated/papers.csv,curated:d8df0e4505f5d38ebb28,curated:d8df0e4505f5d38ebb28,2026,Lightweight Image Forgery Detection via Tucker Decomposition for Efficient Edge Deployment,Lightweight Image Forgery Detection via Tucker Decomposition for Efficient Edge Deployment,false
data/curated/papers.csv,curated:70f6d63927384365006f,curated:70f6d63927384365006f,2026,High-Resolution Contrastive Framework for Generalizable AI-Generated Image Detection,High-Resolution Contrastive Framework for Generalizable AI-Generated Image Detection,false
data/curated/papers.csv,curated:03f893b9484ea2d09c22,curated:03f893b9484ea2d09c22,2026,Universal Denoising Patterns for Diffusion Image Detection,Universal Denoising Patterns for Diffusion Image Detection,false
data/curated/papers.csv,curated:567ec9e4515f2e4a20ca,curated:567ec9e4515f2e4a20ca,2026,RADI: A Retrieval-Augmented Dynamic In-Context Learning Framework for AIGC Image Detection,RADI: A Retrieval-Augmented Dynamic In-Context Learning Framework for AIGC Image Detection,false
data/curated/papers.csv,curated:5ceb080eeeacfdf0cb8f,curated:5ceb080eeeacfdf0cb8f,2026,M <sup>2</sup> EA: Multi-VAE Manifold Envelope Alignment for Challenging AI-Generated Image Detection,M <sup>2</sup> EA: Multi-VAE Manifold Envelope Alignment for Challenging AI-Generated Image Detection,false
data/curated/papers.csv,curated:e2c0dacc159564e9e575,curated:e2c0dacc159564e9e575,2026,Gamma: Generalizable Ai-Generated Image Detection Via Multi-Task and Manipulation-Augmented Supervision,Gamma: Generalizable AI-Generated Image Detection via Multi-Task and Manipulation-Augmented Supervision,true
data/curated/papers.csv,curated:dc9126cc128e1b228717,curated:dc9126cc128e1b228717,2025,Transfer Learning of Real Image Features with Soft Contrastive Loss for Fake Image Detection,Transfer Learning of Real Image Features with Soft Contrastive Loss for Fake Image Detection,false
data/curated/papers.csv,curated:613af6288792f6ece505,curated:613af6288792f6ece505,2025,The Visual Counter Turing Test (VCT2): A Benchmark for Evaluating AI-Generated Image Detection and the Visual AI Index (VAI),The Visual Counter Turing Test (VCT2): A Benchmark for Evaluating AI-Generated Image Detection and the Visual AI Index (VAI),false
data/curated/papers.csv,curated:828a87e68db4c3541e80,curated:828a87e68db4c3541e80,2025,MLEP: Multi-granularity Local Entropy Patterns for Generalized AI-generated Image Detection,MLEP: Multi-Granularity Local Entropy Patterns for Generalized AI-Generated Image Detection,true
data/curated/papers.csv,curated:4c10e64c5b8f09c7333e,curated:4c10e64c5b8f09c7333e,2025,Manifold Induced Biases for Zero-shot and Few-shot Detection of Generated Images,Manifold Induced Biases for Zero-Shot and Few-Shot Detection of Generated Images,true
data/curated/papers.csv,curated:9b7e6c57a9f75e06fddf,curated:9b7e6c57a9f75e06fddf,2026,CLIP-SegFusion: An Attention-Guided Feature Fusion Framework for Multi-Level Detection on AI-Generated Artworks,CLIP-SegFusion: An Attention-Guided Feature Fusion Framework for Multi-Level Detection on AI-Generated Artworks,false
data/curated/papers.csv,curated:084e01a1a2191cb4c86a,curated:084e01a1a2191cb4c86a,2025,LOKI: A Comprehensive Synthetic Data Detection Benchmark using Large Multimodal Models,LOKI: A Comprehensive Synthetic Data Detection Benchmark Using Large Multimodal Models,true
data/curated/papers.csv,curated:4a7bded8c311ed9c0540,curated:4a7bded8c311ed9c0540,2025,Forensic-MoE: Exploring Comprehensive Synthetic Image Detection Traces With Mixture of Experts,Forensic-MoE: Exploring Comprehensive Synthetic Image Detection Traces with Mixture of Experts,true
data/curated/papers.csv,curated:0fb6a9c0db904eae726d,curated:0fb6a9c0db904eae726d,2025,Generalizable Synthetic Image Detection via Language-guided Contrastive Learning,Generalizable Synthetic Image Detection via Language-Guided Contrastive Learning,true
data/curated/papers.csv,curated:31c548f5aa68f9075659,curated:31c548f5aa68f9075659,2026,CausalCLIP: Causally-Informed Feature Disentanglement and Filtering for Generalizable Detection of Generated Images,CausalCLIP: Causally-Informed Feature Disentanglement and Filtering for Generalizable Detection of Generated Images,false
data/curated/papers.csv,curated:7b767faa09af80414296,curated:7b767faa09af80414296,2026,Leveraging Failed Samples: A Few-Shot and Training-Free Framework for Generalized Deepfake Detection,Leveraging Failed Samples: A Few-Shot and Training-Free Framework for Generalized Deepfake Detection,false
data/curated/papers.csv,curated:cdbafbabadfbb462102a,curated:cdbafbabadfbb462102a,2026,Aggregating Diverse Cue Experts for AI-Generated Image Detection,Aggregating Diverse Cue Experts for AI-Generated Image Detection,false
data/curated/papers.csv,curated:64635535d7b7b6a12a32,curated:64635535d7b7b6a12a32,2026,Unveiling Perceptual Artifacts: A Fine-Grained Benchmark for Interpretable AI-Generated Image Detection,Unveiling Perceptual Artifacts: A Fine-Grained Benchmark for Interpretable AI-Generated Image Detection,false
data/curated/papers.csv,curated:49cc18f090b2488dda2d,curated:49cc18f090b2488dda2d,2026,Beyond Binary Classification: A Semi-supervised Approach to Generalized AI-generated Image Detection,Beyond Binary Classification: A Semi-Supervised Approach to Generalized AI-Generated Image Detection,true
data/curated/papers.csv,curated:b2b738978609f5704f00,curated:b2b738978609f5704f00,2026,HSIC Bottleneck for Cross-Generator and Domain-Incremental Synthetic Image Detection,HSIC Bottleneck for Cross-Generator and Domain-Incremental Synthetic Image Detection,false
data/curated/papers.csv,curated:37949b937d2159b47e73,curated:37949b937d2159b47e73,2025,Spatial-Temporal Forgery Trace Based Forgery Image Identification,Spatial-Temporal Forgery Trace Based Forgery Image Identification,false
data/curated/papers.csv,curated:506d44d3feea2627dd42,curated:506d44d3feea2627dd42,2026,No Pixel Left Behind: A Detail-Preserving Architecture for Robust High-Resolution AI-Generated Image Detection,No Pixel Left Behind: A Detail-Preserving Architecture for Robust High-Resolution AI-Generated Image Detection,false
data/curated/papers.csv,curated:6c2f591bf6fda3abecbb,curated:6c2f591bf6fda3abecbb,2026,Reasoning-Aware AIGC Detection via Alignment and Reinforcement,Reasoning-Aware AIGC Detection via Alignment and Reinforcement,false
data/curated/papers.csv,curated:411724cd949b78c1af6a,curated:411724cd949b78c1af6a,2026,FakeXplain: AI-Generated Image Detection via Human-Aligned Grounded Reasoning,FakeXplain: AI-Generated Image Detection via Human-Aligned Grounded Reasoning,false
data/curated/papers.csv,curated:3c8696103d9d5e608281,curated:3c8696103d9d5e608281,2024,DRCT: Diffusion Reconstruction Contrastive Training towards Universal Detection of Diffusion Generated Images,DRCT: Diffusion Reconstruction Contrastive Training Towards Universal Detection of Diffusion Generated Images,true
data/curated/papers.csv,curated:386ccd052b812587c286,curated:386ccd052b812587c286,2026,"All Patches Matter, More Patches Better: Enhance AI-Generated Image Detection via Panoptic Patch Learning","All Patches Matter, More Patches Better: Enhance AI-Generated Image Detection via Panoptic Patch Learning",false
data/curated/papers.csv,curated:7693a9c0107feaf90e10,curated:7693a9c0107feaf90e10,2025,Are High-Quality AI-Generated Images More Difficult for Models to Detect?,Are High-Quality AI-Generated Images More Difficult for Models to Detect?,false
data/curated/papers.csv,curated:95953a73a0e2e1f14ccb,curated:95953a73a0e2e1f14ccb,2025,PiD: Generalized AI-Generated Images Detection with Pixelwise Decomposition Residuals,PiD: Generalized AI-Generated Images Detection with Pixelwise Decomposition Residuals,false
data/curated/papers.csv,curated:6976641cbfe602a7e617,curated:6976641cbfe602a7e617,2026,Forensic Detection of Generated MRI Imagery Using Autoregressive Modeling and Frequency Analysis,Forensic Detection of Generated MRI Imagery Using Autoregressive Modeling and Frequency Analysis,false
data/curated/papers.csv,curated:3c22ad3ac0639bf3d2b5,curated:3c22ad3ac0639bf3d2b5,2026,Multiscale Spatial Frequency-Aware Transformer and Saturation Analysis for Universal Deepfake Detection,Multiscale Spatial Frequency-Aware Transformer and Saturation Analysis for Universal Deepfake Detection,false
data/curated/papers.csv,curated:7287cadbc4b8408fd16b,curated:7287cadbc4b8408fd16b,2026,Breaking Manifold Continuity: Vector Quantized Modeling for Real-Centric Deepfake Detection,Breaking Manifold Continuity: Vector Quantized Modeling for Real-Centric Deepfake Detection,false
data/curated/papers.csv,curated:b45849aa3f89cc8b64ef,curated:b45849aa3f89cc8b64ef,2026,Position: We need to re-think the concept of “real” images.,Position: We Need to Re-Think the Concept of “Real” Images.,true
data/curated/papers.csv,curated:c84b04cb8e921be753db,curated:c84b04cb8e921be753db,2026,Representation and Reference Selection in Training-Free Synthetic Image Attribution,Representation and Reference Selection in Training-Free Synthetic Image Attribution,false
data/curated/papers.csv,curated:beb92721c8ba0d0c4231,curated:beb92721c8ba0d0c4231,2026,Scaling Up AI-Generated Image Detection with Generator-Aware Prototypes,Scaling Up AI-Generated Image Detection with Generator-Aware Prototypes,false
data/curated/papers.csv,curated:40ffd016e03ca4604fa8,curated:40ffd016e03ca4604fa8,2025,Model Synthesis for Zero-Shot Model Attribution,Model Synthesis for Zero-Shot Model Attribution,false
data/curated/papers.csv,curated:830febb52786dbaebbb5,curated:830febb52786dbaebbb5,2020,T-GD: Transferable GAN-generated Images Detection Framework,T-GD: Transferable GAN-Generated Images Detection Framework,true
data/curated/papers.csv,curated:14272073fa5bc0e301b5,curated:14272073fa5bc0e301b5,2025,LEGION: Learning to Ground and Explain for Synthetic Image Detection,LEGION: Learning to Ground and Explain for Synthetic Image Detection,false
data/curated/papers.csv,curated:dd05c4a609d902da8c1d,curated:dd05c4a609d902da8c1d,2025,FerretNet: Efficient Synthetic Image Detection via Local Pixel Dependencies,FerretNet: Efficient Synthetic Image Detection via Local Pixel Dependencies,false
data/curated/papers.csv,curated:41a934ce12ecfd2f17e9,curated:41a934ce12ecfd2f17e9,2026,EXACT: An Explainable Adaptive SemantiC-Trace framework for AI-generated image forensics,EXACT: An Explainable Adaptive SemantiC-Trace Framework for AI-Generated Image Forensics,true
data/curated/papers.csv,curated:9d722dfb4a3418d86063,curated:9d722dfb4a3418d86063,2026,Beyond Resizing: A Distribution-Aligned Framework for Robust AI-Generated Image Detection,Beyond Resizing: A Distribution-Aligned Framework for Robust AI-Generated Image Detection,false
data/curated/papers.csv,curated:9fdc78cdcf22cdbf4776,curated:9fdc78cdcf22cdbf4776,2026,Radial Residual Frequency: A Semantically Aligned Benchmark and Spectral Detector for AI-Generated Images,Radial Residual Frequency: A Semantically Aligned Benchmark and Spectral Detector for AI-Generated Images,false
data/curated/papers.csv,curated:2b5013b99aa5e4de2621,curated:2b5013b99aa5e4de2621,2026,All patches are not equal: Focusing on a single exposed patch for AI-generated image detection,All Patches Are Not Equal: Focusing on a Single Exposed Patch for AI-Generated Image Detection,true
data/curated/papers.csv,curated:a3fb37f39cb20a95e3bf,curated:a3fb37f39cb20a95e3bf,2026,Can model attribution bridge AI's accountability gap in safety-critical domains?,Can Model Attribution Bridge AI's Accountability Gap in Safety-Critical Domains?,true
data/curated/papers.csv,curated:aeb3a6e4747e1a1b3181,curated:aeb3a6e4747e1a1b3181,2026,Dual-stream framework for real/fake classification and source attribution of AI-generated images using spatial and frequency features,Dual-Stream Framework for Real/Fake Classification and Source Attribution of AI-Generated Images Using Spatial and Frequency Features,true
data/curated/papers.csv,curated:5888bece56862fbbfc43,curated:5888bece56862fbbfc43,2026,DADP: a discrepancy-aware dual-path network for AI-generated image detection,DADP: A Discrepancy-Aware Dual-Path Network for AI-Generated Image Detection,true
data/curated/papers.csv,curated:d1195175f50833c90a64,curated:d1195175f50833c90a64,2026,ADRD: Detecting diffusion-generated images via adversarial perturbation induced reconstruction discrepancy,ADRD: Detecting Diffusion-Generated Images via Adversarial Perturbation Induced Reconstruction Discrepancy,true
data/curated/papers.csv,curated:543d02cab0479b0d19ad,curated:543d02cab0479b0d19ad,2026,"Multi-Domain Feature Fusion: Leveraging Color, Noise, and Spatial Features for AI-generated Image Detection","Multi-Domain Feature Fusion: Leveraging Color, Noise, and Spatial Features for AI-Generated Image Detection",true
data/curated/papers.csv,curated:52edb9369ffaae37bd81,curated:52edb9369ffaae37bd81,2026,Dual-Tree Complex Wavelet Driven Hierarchical Spatial-Frequency Fusion Learning for Robust Deepfake Detection,Dual-Tree Complex Wavelet Driven Hierarchical Spatial-Frequency Fusion Learning for Robust Deepfake Detection,false
data/curated/papers.csv,curated:db62aa9b0b1aab0c9f7a,curated:db62aa9b0b1aab0c9f7a,2026,Artifact-Aware Explainable Deepfake Detection via Fake-Only High-Frequency Alignment Supervision,Artifact-Aware Explainable Deepfake Detection via Fake-Only High-Frequency Alignment Supervision,false
data/curated/papers.csv,curated:3e707a16418405139945,curated:3e707a16418405139945,2025,Towards Generalizable AI-Generated Image Detection via Image-Adaptive Prompt Learning,Towards Generalizable AI-Generated Image Detection via Image-Adaptive Prompt Learning,false
data/curated/papers.csv,curated:d973c571c1fafe6fb25f,curated:d973c571c1fafe6fb25f,2026,Deepfake-Agent: Aggregating Semantic Forgery Clues for Generalizable Detection,Deepfake-Agent: Aggregating Semantic Forgery Clues for Generalizable Detection,false
data/curated/papers.csv,curated:3ea88dc6c3224d22d416,curated:3ea88dc6c3224d22d416,2026,IoT-Oriented Security for Small Sensor Systems Using DnCNN Denoising and Multimodal Feature Fusion for Image Forgery Detection,IoT-Oriented Security for Small Sensor Systems Using DnCNN Denoising and Multimodal Feature Fusion for Image Forgery Detection,false
data/curated/papers.csv,curated:88b63de59a0eabcd1b02,curated:88b63de59a0eabcd1b02,2026,Incremental Learning for AI-Generated Image Detection,Incremental Learning for AI-Generated Image Detection,false
data/curated/papers.csv,curated:7677a61ea68774dc5023,curated:7677a61ea68774dc5023,2026,Source Attribution of AI-Generated Image via Orthogonal Subspace Mixture-of-Experts,Source Attribution of AI-Generated Image via Orthogonal Subspace Mixture-of-Experts,false
data/curated/papers.csv,curated:0a803e244a205b05642b,curated:0a803e244a205b05642b,2026,Leveraging DINOv3 with Adapters for Fine-Grained Generative Image Detection,Leveraging DINOv3 with Adapters for Fine-Grained Generative Image Detection,false
data/curated/papers.csv,curated:98044fc98e006607991c,curated:98044fc98e006607991c,2026,Semantic Artifact Logit Fusion for Generalizable AI-Generated Image Detection,Semantic Artifact Logit Fusion for Generalizable AI-Generated Image Detection,false
data/curated/papers.csv,curated:4ad04c01ae2850d5cc34,curated:4ad04c01ae2850d5cc34,2026,MoFAIR: Self-improving Post-training for Robust and Explainable AIGC Forensics with Lightweight Reward Distillation,MoFAIR: Self-Improving Post-Training for Robust and Explainable AIGC Forensics with Lightweight Reward Distillation,true
data/curated/papers.csv,curated:dd5b85612778b9021f4e,curated:dd5b85612778b9021f4e,2026,CCMA-CLIP: Concept-Guided Cross-Modal Adaptation for Robust AI-Generated Image Detection,CCMA-CLIP: Concept-Guided Cross-Modal Adaptation for Robust AI-Generated Image Detection,false
data/curated/papers.csv,curated:268336295435cfbbbd5d,curated:268336295435cfbbbd5d,2026,Learning a Semantic Similarity Orthogonal Space for Model‐Level <scp>AI</scp> ‐Generated Image Source Attribution,Learning a Semantic Similarity Orthogonal Space for Model‐Level <scp>AI</scp> ‐Generated Image Source Attribution,false
data/curated/papers.csv,curated:672e9600fc8b6ead6ab1,curated:672e9600fc8b6ead6ab1,2026,Beyond Causal Models: Multi-Scale Linear Local Attention for AI-Generated Image Detection,Beyond Causal Models: Multi-Scale Linear Local Attention for AI-Generated Image Detection,false
data/curated/papers.csv,curated:748ed5e2cf27aea70f6a,curated:748ed5e2cf27aea70f6a,2026,Frequency-Aware Robustness Analysis of Deepfake Detection Models,Frequency-Aware Robustness Analysis of Deepfake Detection Models,false
data/curated/papers.csv,curated:611c1fc878b1f9737a04,curated:611c1fc878b1f9737a04,2026,Universal Deepfake Detection via Low-Rank Adaptation of Vision-Language Models,Universal Deepfake Detection via Low-Rank Adaptation of Vision-Language Models,false
data/curated/papers.csv,curated:b75682820c5af85396c1,curated:b75682820c5af85396c1,2024,Semi-Truths: A Large-Scale Dataset of AI-Augmented Images for Evaluating Robustness of AI-Generated Image detectors,Semi-Truths: A Large-Scale Dataset of AI-Augmented Images for Evaluating Robustness of AI-Generated Image Detectors,true
data/curated/papers.csv,curated:cb237bfcbc395a031757,curated:cb237bfcbc395a031757,2024,A COMPARATIVE REVIEW OF AI-GENERATED IMAGE DETECTION ACROSS SOCIAL MEDIA PLATFORMS,A COMPARATIVE REVIEW OF AI-GENERATED IMAGE DETECTION ACROSS SOCIAL MEDIA PLATFORMS,false
data/curated/papers.csv,curated:239572598dfae08d563b,curated:239572598dfae08d563b,2026,DeeCLIP: A Robust and Generalizable Transformer-Based Framework for Detecting AI-Generated Images,DeeCLIP: A Robust and Generalizable Transformer-Based Framework for Detecting AI-Generated Images,false
data/curated/papers.csv,curated:f9eac1aa13a606c6ec88,curated:f9eac1aa13a606c6ec88,2025,A Sanity Check for AI-generated Image Detection,A Sanity Check for AI-Generated Image Detection,true
data/curated/papers.csv,curated:af017ea331a2238112d7,curated:af017ea331a2238112d7,2026,Light2Lie: Detecting Deepfake Images Using Physical Reflectance Laws,Light2Lie: Detecting Deepfake Images Using Physical Reflectance Laws,false
data/curated/papers.csv,curated:1a8e996ef9ce73efc0ef,curated:1a8e996ef9ce73efc0ef,2026,AI-Generated Image Homology Detection,AI-Generated Image Homology Detection,false
data/curated/papers.csv,curated:a99dc95e4b7a85bd938f,curated:a99dc95e4b7a85bd938f,2023,TWIGMA: A dataset of AI-Generated Images with Metadata From Twitter,TWIGMA: A Dataset of AI-Generated Images with Metadata from Twitter,true
data/curated/papers.csv,curated:3312da81174f7d411081,curated:3312da81174f7d411081,2025,Evolution of Detection Performance Throughout the Online Lifespan of Synthetic Images,Evolution of Detection Performance Throughout the Online Lifespan of Synthetic Images,false
data/curated/papers.csv,curated:c3041d4480f5780e7492,curated:c3041d4480f5780e7492,2024,Parents and Children: Distinguishing Multimodal Deepfakes from Natural Images,Parents and Children: Distinguishing Multimodal Deepfakes from Natural Images,false
data/curated/papers.csv,curated:7e4d63017f1419256211,curated:7e4d63017f1419256211,2024,Real-Time Deepfake Detection in the Real-World,Real-Time Deepfake Detection in the Real-World,false
data/curated/papers.csv,curated:946d44174eaedb61b7ef,curated:946d44174eaedb61b7ef,2025,FakeBench: Probing Explainable Fake Image Detection via Large Multimodal Models,FakeBench: Probing Explainable Fake Image Detection via Large Multimodal Models,false
data/curated/papers.csv,curated:4b3b8e9895b44de7c752,curated:4b3b8e9895b44de7c752,2025,OpenSDI: Spotting Diffusion-Generated Images in the Open World,OpenSDI: Spotting Diffusion-Generated Images in the Open World,false
data/curated/papers.csv,curated:718ce9e82d185c331bdf,curated:718ce9e82d185c331bdf,2025,AntifakePrompt: Prompt-Tuned Vision-Language Models are Fake Image Detectors,AntifakePrompt: Prompt-Tuned Vision-Language Models Are Fake Image Detectors,true
data/curated/papers.csv,curated:960c6a53879767054f0c,curated:960c6a53879767054f0c,2024,SIDBench: A Python framework for reliably assessing synthetic image detection methods,SIDBench: A Python Framework for Reliably Assessing Synthetic Image Detection Methods,true
data/curated/papers.csv,curated:c45f9027e90830e4c9b6,curated:c45f9027e90830e4c9b6,2025,Improving Synthetic Image Detection Towards Generalization: An Image Transformation Perspective,Improving Synthetic Image Detection Towards Generalization: An Image Transformation Perspective,false
data/curated/papers.csv,curated:983a33a1268421bbfc71,curated:983a33a1268421bbfc71,2026,Dual-branch AIGC image detection leveraging integrated semantic and frequency-domain features,Dual-Branch AIGC Image Detection Leveraging Integrated Semantic and Frequency-Domain Features,true
data/curated/papers.csv,curated:e8b546496836adcf6c1a,curated:e8b546496836adcf6c1a,2026,Learning Generalizable Visual Representations for AI-Generated Image Detection,Learning Generalizable Visual Representations for AI-Generated Image Detection,false
data/curated/papers.csv,curated:4cabfafef8c066c51924,curated:4cabfafef8c066c51924,2026,Synthetic image detection method integrating neural ordinary differential equations and spatial attention transformer,Synthetic Image Detection Method Integrating Neural Ordinary Differential Equations and Spatial Attention Transformer,true
data/curated/papers.csv,curated:86507b243a7d58c76b2c,curated:86507b243a7d58c76b2c,2026,Deep-synthesized image detection via multi-domain feature fusion and explainable AI guided color model selection,Deep-Synthesized Image Detection via Multi-Domain Feature Fusion and Explainable AI Guided Color Model Selection,true
data/curated/papers.csv,curated:3b0a1942ac6f2c351f34,curated:3b0a1942ac6f2c351f34,2026,PhyTrace: Tracing Physical Inconsistency in AI-Generated Images via ISP Emulation,PhyTrace: Tracing Physical Inconsistency in AI-Generated Images via ISP Emulation,false
data/curated/papers.csv,curated:6cd82b939e5653a2c7ab,curated:6cd82b939e5653a2c7ab,2025,Towards Extensible Detection of AI-Generated Images via Content-Agnostic Adapter-Based Category-Aware Incremental Learning,Towards Extensible Detection of AI-Generated Images via Content-Agnostic Adapter-Based Category-Aware Incremental Learning,false
data/curated/papers.csv,curated:9ec7092e57766741468f,curated:9ec7092e57766741468f,2026,Generalizable and Adaptive Continual Learning Framework for AI-Generated Image Detection,Generalizable and Adaptive Continual Learning Framework for AI-Generated Image Detection,false
data/curated/papers.csv,curated:762982679d91cd198a41,curated:762982679d91cd198a41,2025,Forensics-Bench: A Comprehensive Forgery Detection Benchmark Suite for Large Vision Language Models,Forensics-Bench: A Comprehensive Forgery Detection Benchmark Suite for Large Vision Language Models,false
data/curated/papers.csv,curated:4b406d0cf578db643214,curated:4b406d0cf578db643214,2026,RIGID: A Training-free and Model-Agnostic Framework for Robust AI-Generated Image Detection,RIGID: A Training-Free and Model-Agnostic Framework for Robust AI-Generated Image Detection,true
data/curated/papers.csv,curated:95b3298d7dafadbed65d,curated:95b3298d7dafadbed65d,2025,CatAID: Category-Guided AI-Generated Image Detection via Vision-Language Model Adaptation,CatAID: Category-Guided AI-Generated Image Detection via Vision-Language Model Adaptation,false
data/curated/papers.csv,curated:aa742a2409569b68d2c4,curated:aa742a2409569b68d2c4,2025,CO-SPY: Combining Semantic and Pixel Features to Detect Synthetic Images by AI,CO-SPY: Combining Semantic and Pixel Features to Detect Synthetic Images by AI,false
data/curated/papers.csv,curated:425eb6ebf5e06a7836a8,curated:425eb6ebf5e06a7836a8,2025,Composite Data Augmentations for Synthetic Image Detection Against Real-World Perturbations,Composite Data Augmentations for Synthetic Image Detection Against Real-World Perturbations,false
data/curated/papers.csv,curated:87bc93471ce8bb561091,curated:87bc93471ce8bb561091,2025,ExDA: Towards Universal Detection and Plug-and-Play Attribution of AI-Generated Ex-Regulatory Images,ExDA: Towards Universal Detection and Plug-and-Play Attribution of AI-Generated Ex-Regulatory Images,false
data/curated/papers.csv,curated:b8119cd227de03702d48,curated:b8119cd227de03702d48,2025,FIRE: Robust Detection of Diffusion-Generated Images via Frequency-Guided Reconstruction Error,FIRE: Robust Detection of Diffusion-Generated Images via Frequency-Guided Reconstruction Error,false
data/curated/papers.csv,curated:7a95c7ca9cc95727e1b9,curated:7a95c7ca9cc95727e1b9,2025,ForgeLens: Data-Efficient Forgery Focus for Generalizable Forgery Image Detection,ForgeLens: Data-Efficient Forgery Focus for Generalizable Forgery Image Detection,false
data/curated/papers.csv,curated:507b9cb16991da1629f8,curated:507b9cb16991da1629f8,2025,HFMF: Hierarchical Fusion Meets Multi-Stream Models for Deepfake Detection,HFMF: Hierarchical Fusion Meets Multi-Stream Models for Deepfake Detection,false
data/curated/papers.csv,curated:b2fccf1dd66cc2d64374,curated:b2fccf1dd66cc2d64374,2025,Secret Lies in Color: Enhancing AI-Generated Images Detection with Color Distribution Analysis,Secret Lies in Color: Enhancing AI-Generated Images Detection with Color Distribution Analysis,false
data/curated/papers.csv,curated:64a8313baef7cf1657c5,curated:64a8313baef7cf1657c5,2025,Semantic Discrepancy-Aware Detector for Image Forgery Identification,Semantic Discrepancy-Aware Detector for Image Forgery Identification,false
data/curated/papers.csv,curated:a76d568cfe5c26b07933,curated:a76d568cfe5c26b07933,2025,Spatial-Temporal Reconstruction Error for AIGC-based Forgery Image Detection,Spatial-Temporal Reconstruction Error for AIGC-Based Forgery Image Detection,true
data/curated/papers.csv,curated:56e9e085bbe0342dab35,curated:56e9e085bbe0342dab35,2025,TextureCrop: Enhancing Synthetic Image Detection Through Texture-Based Cropping,TextureCrop: Enhancing Synthetic Image Detection Through Texture-Based Cropping,false
data/curated/papers.csv,curated:dd0bc291fb8e25284208,curated:dd0bc291fb8e25284208,2022,Wavelet-Packet Powered Deepfake Image Detection,Wavelet-Packet Powered Deepfake Image Detection,false
data/curated/papers.csv,curated:89c6548802e6878c18c8,curated:89c6548802e6878c18c8,2026,Forensic Invariant Learning for Synthetic Image Detection: Bridging Benford's Law and Topological Analysis with Machine Learning Ensembles,Forensic Invariant Learning for Synthetic Image Detection: Bridging Benford's Law and Topological Analysis with Machine Learning Ensembles,false
data/curated/papers.csv,curated:1398fe67015092fb543d,curated:1398fe67015092fb543d,2026,Deepfake detection on low-resolution images using optimized Ensemble Learning,Deepfake Detection on Low-Resolution Images Using Optimized Ensemble Learning,true
data/curated/papers.csv,curated:ed5f779be1e71edddcee,curated:ed5f779be1e71edddcee,2026,Forging the Unknown: Open-Set Deepfake Attribution via Adaptive Fingerprint Learning,Forging the Unknown: Open-Set Deepfake Attribution via Adaptive Fingerprint Learning,false
data/curated/papers.csv,curated:b4940a39cbd4a3117473,curated:b4940a39cbd4a3117473,2026,Cross-Domain Synthetic Image Detection via Few-Shot Adaptation,Cross-Domain Synthetic Image Detection via Few-Shot Adaptation,false
data/curated/papers.csv,curated:8ae025d8756e0ff472b0,curated:8ae025d8756e0ff472b0,2025,DFBench: Benchmarking Deepfake Image Detection Capability of Large Multimodal Models,DFBench: Benchmarking Deepfake Image Detection Capability of Large Multimodal Models,false
data/curated/papers.csv,curated:7e8fbc2874cf4cebfcc9,curated:7e8fbc2874cf4cebfcc9,2025,Fake or JPEG? Revealing Common Biases in Generated Image Detection Datasets,Fake or JPEG? Revealing Common Biases in Generated Image Detection Datasets,false
data/curated/papers.csv,curated:90ac5206f85eaebc7203,curated:90ac5206f85eaebc7203,2025,WILD: a new in-the-Wild Image Linkage Dataset for synthetic image attribution,WILD: A New In-the-Wild Image Linkage Dataset for Synthetic Image Attribution,true
data/curated/papers.csv,curated:3587b5b40ea4c5a8afa8,curated:3587b5b40ea4c5a8afa8,2022,Deepfake Network Architecture Attribution,Deepfake Network Architecture Attribution,false
data/curated/papers.csv,curated:297bed46b62fdf89c9ab,curated:297bed46b62fdf89c9ab,2023,Progressive Open Space Expansion for Open-Set Model Attribution,Progressive Open Space Expansion for Open-Set Model Attribution,false
data/curated/papers.csv,curated:9c21b43f9681feb53a21,curated:9c21b43f9681feb53a21,2023,GenImage: A Million-Scale Benchmark for Detecting AI-Generated Image,GenImage: A Million-Scale Benchmark for Detecting AI-Generated Image,false
data/curated/papers.csv,curated:0b6c1b00c1b39838db42,curated:0b6c1b00c1b39838db42,2026,DNA: Dual-Stage Native Attribution for Generated Image Source Tracing,DNA: Dual-Stage Native Attribution for Generated Image Source Tracing,false
data/curated/papers.csv,curated:198223005280daa8979e,curated:198223005280daa8979e,2025,DRAGON: A Large-Scale Dataset of Realistic Images Generated by Diffusion Models,DRAGON: A Large-Scale Dataset of Realistic Images Generated by Diffusion Models,false
data/curated/papers.csv,curated:61211bdca508937e8a4f,curated:61211bdca508937e8a4f,2025,WildFake: A Large-Scale and Hierarchical Dataset for AI-Generated Images Detection,WildFake: A Large-Scale and Hierarchical Dataset for AI-Generated Images Detection,false
data/curated/papers.csv,curated:307e0f132bd89ed90298,curated:307e0f132bd89ed90298,2025,Community Forensics: Using Thousands of Generators to Train Fake Image Detectors,Community Forensics: Using Thousands of Generators to Train Fake Image Detectors,false
data/curated/papers.csv,curated:ffa24185c2c870a44bde,curated:ffa24185c2c870a44bde,2025,OpenFake: An Open Dataset and Platform Toward Real-World Deepfake Detection,OpenFake: An Open Dataset and Platform Toward Real-World Deepfake Detection,false
data/curated/papers.csv,curated:34d0af5286cad283526f,curated:34d0af5286cad283526f,2024,A Siamese-Based Verification System for Open-Set Architecture Attribution of Synthetic Images,A Siamese-Based Verification System for Open-Set Architecture Attribution of Synthetic Images,false
data/curated/papers.csv,curated:14ed0d4ac86e7938e5cb,curated:14ed0d4ac86e7938e5cb,2020,CNN-Generated Images Are Surprisingly Easy to Spot… for Now,CNN-Generated Images Are Surprisingly Easy to Spot… for Now,false
data/curated/papers.csv,curated:f3aa81928c76cd4b3903,curated:f3aa81928c76cd4b3903,2026,GenSyn10: A Multi-Generative AI Dataset for Benchmarking Image Classification,GenSyn10: A Multi-Generative AI Dataset for Benchmarking Image Classification,false
data/curated/papers.csv,curated:aaf9b7c69d384a3c3140,curated:aaf9b7c69d384a3c3140,2023,Synthbuster: Towards Detection of Diffusion Model Generated Images,Synthbuster: Towards Detection of Diffusion Model Generated Images,false
web/data/public_preview_papers.json,curated:75cbd31c9946c7eb7977,curated:75cbd31c9946c7eb7977,2026,"""That's another doom I haven't thought about"": A User Study on AI Labels as a Safeguard Against Image-Based Misinformation","""That's Another Doom I Haven't Thought About"": A User Study on AI Labels as a Safeguard Against Image-Based Misinformation",true
web/data/public_preview_papers.json,curated:f3e1319a5e27319578cd,curated:f3e1319a5e27319578cd,2026,A Survey on Deep-Learning-Based Techniques for Detecting AI-Generated Synthetic Images,A Survey on Deep-Learning-Based Techniques for Detecting AI-Generated Synthetic Images,false
web/data/public_preview_papers.json,https://openalex.org/W7155245437,,2026,Adaptive Forensic Feature Refinement via Intrinsic Importance Perception,Adaptive Forensic Feature Refinement via Intrinsic Importance Perception,false
web/data/public_preview_papers.json,curated:d1195175f50833c90a64,curated:d1195175f50833c90a64,2026,ADRD: Detecting diffusion-generated images via adversarial perturbation induced reconstruction discrepancy,ADRD: Detecting Diffusion-Generated Images via Adversarial Perturbation Induced Reconstruction Discrepancy,true
web/data/public_preview_papers.json,https://doi.org/10.1109/tifs.2026.3657841,,2026,Adversarial Diffusion Model: Generating High-Quality and Undetectable Images From Scratch,Adversarial Diffusion Model: Generating High-Quality and Undetectable Images from Scratch,true
web/data/public_preview_papers.json,curated:27b6ffdee837c7f997f5,curated:27b6ffdee837c7f997f5,2026,AEDR: Training-Free AI-Generated Image Attribution via Autoencoder Double-Reconstruction,AEDR: Training-Free AI-Generated Image Attribution via Autoencoder Double-Reconstruction,false
web/data/public_preview_papers.json,curated:cdbafbabadfbb462102a,curated:cdbafbabadfbb462102a,2026,Aggregating Diverse Cue Experts for AI-Generated Image Detection,Aggregating Diverse Cue Experts for AI-Generated Image Detection,false
web/data/public_preview_papers.json,curated:211ea83fa8d41c8ec810,curated:211ea83fa8d41c8ec810,2026,AI-generated image detection algorithm based on classical-quantum hybrid neural network,AI-Generated Image Detection Algorithm Based on Classical-Quantum Hybrid Neural Network,true
web/data/public_preview_papers.json,curated:b08c8cdd637cf7f65d18,curated:b08c8cdd637cf7f65d18,2026,AI-Generated Image Detection Based on the Most Suspicious Patch,AI-Generated Image Detection Based on the Most Suspicious Patch,false
web/data/public_preview_papers.json,curated:98bed92571e23d5df139,curated:98bed92571e23d5df139,2026,AI-Generated Image Detection: Challenges and Recent Advances,AI-Generated Image Detection: Challenges and Recent Advances,false
web/data/public_preview_papers.json,curated:1a8e996ef9ce73efc0ef,curated:1a8e996ef9ce73efc0ef,2026,AI-Generated Image Homology Detection,AI-Generated Image Homology Detection,false
web/data/public_preview_papers.json,curated:2b5013b99aa5e4de2621,curated:2b5013b99aa5e4de2621,2026,All patches are not equal: Focusing on a single exposed patch for AI-generated image detection,All Patches Are Not Equal: Focusing on a Single Exposed Patch for AI-Generated Image Detection,true
web/data/public_preview_papers.json,curated:386ccd052b812587c286,curated:386ccd052b812587c286,2026,"All Patches Matter, More Patches Better: Enhance AI-Generated Image Detection via Panoptic Patch Learning","All Patches Matter, More Patches Better: Enhance AI-Generated Image Detection via Panoptic Patch Learning",false
web/data/public_preview_papers.json,curated:837a8a0ceb9d8f86d02a,curated:837a8a0ceb9d8f86d02a,2026,ArtGate: Injecting Fake Artifact Features into CLIP for AI-Generated Image Detection,ArtGate: Injecting Fake Artifact Features Into CLIP for AI-Generated Image Detection,true
web/data/public_preview_papers.json,curated:db62aa9b0b1aab0c9f7a,curated:db62aa9b0b1aab0c9f7a,2026,Artifact-Aware Explainable Deepfake Detection via Fake-Only High-Frequency Alignment Supervision,Artifact-Aware Explainable Deepfake Detection via Fake-Only High-Frequency Alignment Supervision,false
web/data/public_preview_papers.json,curated:d3e19d8cb61eb0e7d620,curated:d3e19d8cb61eb0e7d620,2026,Attribution as Retrieval: Model-Agnostic AI-Generated Image Attribution,Attribution as Retrieval: Model-Agnostic AI-Generated Image Attribution,false
web/data/public_preview_papers.json,curated:1bf124f8f57f00dddd01,curated:1bf124f8f57f00dddd01,2026,Automated In-the-Wild Data Collection for Continual AI Generated Image Detection,Automated In-the-Wild Data Collection for Continual AI Generated Image Detection,false
web/data/public_preview_papers.json,curated:0526c3529dda4446a0d7,curated:0526c3529dda4446a0d7,2026,Background-Noise-Driven Detection of Diffusion-Generated Images,Background-Noise-Driven Detection of Diffusion-Generated Images,false
web/data/public_preview_papers.json,curated:49cc18f090b2488dda2d,curated:49cc18f090b2488dda2d,2026,Beyond Binary Classification: A Semi-supervised Approach to Generalized AI-generated Image Detection,Beyond Binary Classification: A Semi-Supervised Approach to Generalized AI-Generated Image Detection,true
web/data/public_preview_papers.json,curated:672e9600fc8b6ead6ab1,curated:672e9600fc8b6ead6ab1,2026,Beyond Causal Models: Multi-Scale Linear Local Attention for AI-Generated Image Detection,Beyond Causal Models: Multi-Scale Linear Local Attention for AI-Generated Image Detection,false
web/data/public_preview_papers.json,curated:9d722dfb4a3418d86063,curated:9d722dfb4a3418d86063,2026,Beyond Resizing: A Distribution-Aligned Framework for Robust AI-Generated Image Detection,Beyond Resizing: A Distribution-Aligned Framework for Robust AI-Generated Image Detection,false
web/data/public_preview_papers.json,curated:29642e43aa51fece46f7,curated:29642e43aa51fece46f7,2026,Beyond Semantic Features: Pixel-level Mapping for Generalized AI-Generated Image Detection,Beyond Semantic Features: Pixel-Level Mapping for Generalized AI-Generated Image Detection,true
web/data/public_preview_papers.json,curated:4c6404676fc92cb9e8eb,curated:4c6404676fc92cb9e8eb,2026,Black-Box Adaptation for Deepfake Detection via Local Relation Guided AUC Optimization,Black-Box Adaptation for Deepfake Detection via Local Relation Guided AUC Optimization,false
web/data/public_preview_papers.json,curated:f7906cb987975444e893,curated:f7906cb987975444e893,2026,Boosting Robust AIGI Detection with LoRA-based Pairwise Training,Boosting Robust AIGI Detection with LoRA-Based Pairwise Training,true
web/data/public_preview_papers.json,curated:7287cadbc4b8408fd16b,curated:7287cadbc4b8408fd16b,2026,Breaking Manifold Continuity: Vector Quantized Modeling for Real-Centric Deepfake Detection,Breaking Manifold Continuity: Vector Quantized Modeling for Real-Centric Deepfake Detection,false
web/data/public_preview_papers.json,curated:a3fb37f39cb20a95e3bf,curated:a3fb37f39cb20a95e3bf,2026,Can model attribution bridge AI's accountability gap in safety-critical domains?,Can Model Attribution Bridge AI's Accountability Gap in Safety-Critical Domains?,true
web/data/public_preview_papers.json,curated:31c548f5aa68f9075659,curated:31c548f5aa68f9075659,2026,CausalCLIP: Causally-Informed Feature Disentanglement and Filtering for Generalizable Detection of Generated Images,CausalCLIP: Causally-Informed Feature Disentanglement and Filtering for Generalizable Detection of Generated Images,false
web/data/public_preview_papers.json,curated:dd5b85612778b9021f4e,curated:dd5b85612778b9021f4e,2026,CCMA-CLIP: Concept-Guided Cross-Modal Adaptation for Robust AI-Generated Image Detection,CCMA-CLIP: Concept-Guided Cross-Modal Adaptation for Robust AI-Generated Image Detection,false
web/data/public_preview_papers.json,curated:885c512e1e964d2ec61f,curated:885c512e1e964d2ec61f,2026,CLIP-ADA: CLIP-Guided Artifact-Invariant Generalizable Synthetic Image Detection,CLIP-ADA: CLIP-Guided Artifact-Invariant Generalizable Synthetic Image Detection,false
web/data/public_preview_papers.json,curated:9b7e6c57a9f75e06fddf,curated:9b7e6c57a9f75e06fddf,2026,CLIP-SegFusion: An Attention-Guided Feature Fusion Framework for Multi-Level Detection on AI-Generated Artworks,CLIP-SegFusion: An Attention-Guided Feature Fusion Framework for Multi-Level Detection on AI-Generated Artworks,false
web/data/public_preview_papers.json,curated:ba0669dd843c9defd483,curated:ba0669dd843c9defd483,2026,Comparative Study of Adversarial Training and Randomized Smoothing for Robust AI-Generated Image Attribution,Comparative Study of Adversarial Training and Randomized Smoothing for Robust AI-Generated Image Attribution,false
web/data/public_preview_papers.json,curated:0895eb11a7610f3973da,curated:0895eb11a7610f3973da,2026,Cover-Source Mismatch in Deepfake Detection: A Systematic Study,Cover-Source Mismatch in Deepfake Detection: A Systematic Study,false
web/data/public_preview_papers.json,curated:b4940a39cbd4a3117473,curated:b4940a39cbd4a3117473,2026,Cross-Domain Synthetic Image Detection via Few-Shot Adaptation,Cross-Domain Synthetic Image Detection via Few-Shot Adaptation,false
web/data/public_preview_papers.json,https://openalex.org/W7133363592,,2026,CTForensics: A Comprehensive Dataset and Method for AI-Generated CT Image Detection,CTForensics: A Comprehensive Dataset and Method for AI-Generated CT Image Detection,false
web/data/public_preview_papers.json,curated:5888bece56862fbbfc43,curated:5888bece56862fbbfc43,2026,DADP: a discrepancy-aware dual-path network for AI-generated image detection,DADP: A Discrepancy-Aware Dual-Path Network for AI-Generated Image Detection,true
web/data/public_preview_papers.json,https://doi.org/10.1109/tcsvt.2026.3656696,,2026,DCNet: Learning Similarity and Spatial Complementary Features for Generalized AI-Generated Image Detection,DCNet: Learning Similarity and Spatial Complementary Features for Generalized AI-Generated Image Detection,false
web/data/public_preview_papers.json,curated:45cb3642fd138c136139,curated:45cb3642fd138c136139,2026,Decision-Driven Orthogonal Learning with Complementary Feature Mining for Robust Synthetic Image Detection,Decision-Driven Orthogonal Learning with Complementary Feature Mining for Robust Synthetic Image Detection,false
web/data/public_preview_papers.json,curated:239572598dfae08d563b,curated:239572598dfae08d563b,2026,DeeCLIP: A Robust and Generalizable Transformer-Based Framework for Detecting AI-Generated Images,DeeCLIP: A Robust and Generalizable Transformer-Based Framework for Detecting AI-Generated Images,false
web/data/public_preview_papers.json,curated:86507b243a7d58c76b2c,curated:86507b243a7d58c76b2c,2026,Deep-synthesized image detection via multi-domain feature fusion and explainable AI guided color model selection,Deep-Synthesized Image Detection via Multi-Domain Feature Fusion and Explainable AI Guided Color Model Selection,true
web/data/public_preview_papers.json,curated:1398fe67015092fb543d,curated:1398fe67015092fb543d,2026,Deepfake detection on low-resolution images using optimized Ensemble Learning,Deepfake Detection on Low-Resolution Images Using Optimized Ensemble Learning,true
web/data/public_preview_papers.json,curated:d973c571c1fafe6fb25f,curated:d973c571c1fafe6fb25f,2026,Deepfake-Agent: Aggregating Semantic Forgery Clues for Generalizable Detection,Deepfake-Agent: Aggregating Semantic Forgery Clues for Generalizable Detection,false
web/data/public_preview_papers.json,curated:d4a9b3a3cef9bfbd0e32,curated:d4a9b3a3cef9bfbd0e32,2026,Detecting AI-Generated Content on Social Media with Multi-modal Language Models,Detecting AI-Generated Content on Social Media with Multi-Modal Language Models,true
web/data/public_preview_papers.json,10.1109/qpain69676.2026.11545865,,2026,Detecting AI-Generated Images via Diffusion Snap-Back Reconstruction: A Forensic Approach,Detecting AI-Generated Images via Diffusion Snap-Back Reconstruction: A Forensic Approach,false
web/data/public_preview_papers.json,curated:7ed4e932c4dac57d0136,curated:7ed4e932c4dac57d0136,2026,DGS-Net: Distillation-Guided Gradient Surgery for CLIP Fine-Tuning in AI-Generated Image Detection,DGS-Net: Distillation-Guided Gradient Surgery for CLIP Fine-Tuning in AI-Generated Image Detection,false
web/data/public_preview_papers.json,curated:d0eec7c4fce8929c295a,curated:d0eec7c4fce8929c295a,2026,Diffusion-Driven Forgery Detection: Distilling Latent Features for Generalized Image Forensics,Diffusion-Driven Forgery Detection: Distilling Latent Features for Generalized Image Forensics,false
web/data/public_preview_papers.json,curated:c87f234ea256991903e1,curated:c87f234ea256991903e1,2026,Dissect and Prune: Enhancing Robustness in AI-Generated Image Detection,Dissect and Prune: Enhancing Robustness in AI-Generated Image Detection,false
web/data/public_preview_papers.json,curated:0b6c1b00c1b39838db42,curated:0b6c1b00c1b39838db42,2026,DNA: Dual-Stage Native Attribution for Generated Image Source Tracing,DNA: Dual-Stage Native Attribution for Generated Image Source Tracing,false
web/data/public_preview_papers.json,curated:6f55b599c4d1588c62f7,curated:6f55b599c4d1588c62f7,2026,DTBF: Combining Local Statistical Artifacts and Concept Alignment for Synthetic Image Detection,DTBF: Combining Local Statistical Artifacts and Concept Alignment for Synthetic Image Detection,false
web/data/public_preview_papers.json,curated:ab6b43e21ae47dadafe0,curated:ab6b43e21ae47dadafe0,2026,Dual Frequency Branch Framework With Reconstructed Sliding Windows Attention for AI-Generated Image Detection,Dual Frequency Branch Framework with Reconstructed Sliding Windows Attention for AI-Generated Image Detection,true
web/data/public_preview_papers.json,curated:983a33a1268421bbfc71,curated:983a33a1268421bbfc71,2026,Dual-branch AIGC image detection leveraging integrated semantic and frequency-domain features,Dual-Branch AIGC Image Detection Leveraging Integrated Semantic and Frequency-Domain Features,true
web/data/public_preview_papers.json,curated:aeb3a6e4747e1a1b3181,curated:aeb3a6e4747e1a1b3181,2026,Dual-stream framework for real/fake classification and source attribution of AI-generated images using spatial and frequency features,Dual-Stream Framework for Real/Fake Classification and Source Attribution of AI-Generated Images Using Spatial and Frequency Features,true
web/data/public_preview_papers.json,curated:52edb9369ffaae37bd81,curated:52edb9369ffaae37bd81,2026,Dual-Tree Complex Wavelet Driven Hierarchical Spatial-Frequency Fusion Learning for Robust Deepfake Detection,Dual-Tree Complex Wavelet Driven Hierarchical Spatial-Frequency Fusion Learning for Robust Deepfake Detection,false
web/data/public_preview_papers.json,curated:6a5bef99dcdc1ad4ba28,curated:6a5bef99dcdc1ad4ba28,2026,DySy-Det: A Synergistic Framework with Dynamic Reconstruction-Path Consistency for AI-Generated Image Detection,DySy-Det: A Synergistic Framework with Dynamic Reconstruction-Path Consistency for AI-Generated Image Detection,false
web/data/public_preview_papers.json,curated:8705551f18f94daa53d4,curated:8705551f18f94daa53d4,2026,ERASE: Bypassing Collaborative Detection of AI Counterfeit via Comprehensive Artifacts Elimination,ERASE: Bypassing Collaborative Detection of AI Counterfeit via Comprehensive Artifacts Elimination,false
web/data/public_preview_papers.json,curated:8116d19627b92530b580,curated:8116d19627b92530b580,2026,EvoGuard: An Extensible Agentic RL-based Framework for Practical and Evolving AI-Generated Image Detection,EvoGuard: An Extensible Agentic RL-Based Framework for Practical and Evolving AI-Generated Image Detection,true
web/data/public_preview_papers.json,curated:41a934ce12ecfd2f17e9,curated:41a934ce12ecfd2f17e9,2026,EXACT: An Explainable Adaptive SemantiC-Trace framework for AI-generated image forensics,EXACT: An Explainable Adaptive SemantiC-Trace Framework for AI-Generated Image Forensics,true
web/data/public_preview_papers.json,curated:46773aac10dade5fbd50,curated:46773aac10dade5fbd50,2026,Explainability-Driven Analysis of AI-Generated Image Detectors: Insights into Generalization and Failure Modes,Explainability-Driven Analysis of AI-Generated Image Detectors: Insights Into Generalization and Failure Modes,true
web/data/public_preview_papers.json,https://doi.org/10.1609/aaai.v40i13.38060,,2026,Explainable Synthetic Image Detection Through Diffusion Timestep Ensembling,Explainable Synthetic Image Detection Through Diffusion Timestep Ensembling,false
web/data/public_preview_papers.json,curated:8ebf01a335c20fdc902d,curated:8ebf01a335c20fdc902d,2026,Fake Detection Based on Balanced Attention and Information Guidance for Collaborative Image Processing Tasks,Fake Detection Based on Balanced Attention and Information Guidance for Collaborative Image Processing Tasks,false
web/data/public_preview_papers.json,curated:411724cd949b78c1af6a,curated:411724cd949b78c1af6a,2026,FakeXplain: AI-Generated Image Detection via Human-Aligned Grounded Reasoning,FakeXplain: AI-Generated Image Detection via Human-Aligned Grounded Reasoning,false
web/data/public_preview_papers.json,curated:c495f498c11dab35ecbc,curated:c495f498c11dab35ecbc,2026,FALCON-Net: Feature Aggregation of Local Patterns for AI-Generated Image Detection,FALCON-Net: Feature Aggregation of Local Patterns for AI-Generated Image Detection,false
web/data/public_preview_papers.json,curated:c420495aae5c20e0ea2a,curated:c420495aae5c20e0ea2a,2026,FANB-Net: Frequency-Awared Attention and Noise-Injected Boosting for AI-Generated Image Detection,FANB-Net: Frequency-Awared Attention and Noise-Injected Boosting for AI-Generated Image Detection,false
web/data/public_preview_papers.json,curated:dbbb2e6ee311ee6198c3,curated:dbbb2e6ee311ee6198c3,2026,FIND: A Simple Yet Effective Baseline for Diffusion-Generated Image Detection,FIND: A Simple yet Effective Baseline for Diffusion-Generated Image Detection,true
web/data/public_preview_papers.json,curated:f380c0d31081fc59f1eb,curated:f380c0d31081fc59f1eb,2026,FiSeR: Fine-Grained Source Representations for Cross-Domain AI Image Detection,FiSeR: Fine-Grained Source Representations for Cross-Domain AI Image Detection,false
web/data/public_preview_papers.json,curated:6976641cbfe602a7e617,curated:6976641cbfe602a7e617,2026,Forensic Detection of Generated MRI Imagery Using Autoregressive Modeling and Frequency Analysis,Forensic Detection of Generated MRI Imagery Using Autoregressive Modeling and Frequency Analysis,false
web/data/public_preview_papers.json,curated:89c6548802e6878c18c8,curated:89c6548802e6878c18c8,2026,Forensic Invariant Learning for Synthetic Image Detection: Bridging Benford's Law and Topological Analysis with Machine Learning Ensembles,Forensic Invariant Learning for Synthetic Image Detection: Bridging Benford's Law and Topological Analysis with Machine Learning Ensembles,false
web/data/public_preview_papers.json,curated:078ade9edabe304013a7,curated:078ade9edabe304013a7,2026,ForensicConcept: Transferable Forensic Concepts for AIGI Detection,ForensicConcept: Transferable Forensic Concepts for AIGI Detection,false
web/data/public_preview_papers.json,curated:9ae6e4e3816daa7e1650,curated:9ae6e4e3816daa7e1650,2026,ForgeryMoE: Mixture of Experts for Image Forgery Detection under JPEG Compression,ForgeryMoE: Mixture of Experts for Image Forgery Detection Under JPEG Compression,true
web/data/public_preview_papers.json,curated:ed5f779be1e71edddcee,curated:ed5f779be1e71edddcee,2026,Forging the Unknown: Open-Set Deepfake Attribution via Adaptive Fingerprint Learning,Forging the Unknown: Open-Set Deepfake Attribution via Adaptive Fingerprint Learning,false
web/data/public_preview_papers.json,curated:748ed5e2cf27aea70f6a,curated:748ed5e2cf27aea70f6a,2026,Frequency-Aware Robustness Analysis of Deepfake Detection Models,Frequency-Aware Robustness Analysis of Deepfake Detection Models,false
web/data/public_preview_papers.json,curated:e2c0dacc159564e9e575,curated:e2c0dacc159564e9e575,2026,Gamma: Generalizable Ai-Generated Image Detection Via Multi-Task and Manipulation-Augmented Supervision,Gamma: Generalizable AI-Generated Image Detection via Multi-Task and Manipulation-Augmented Supervision,true
web/data/public_preview_papers.json,curated:f105a82454d369e100b9,curated:f105a82454d369e100b9,2026,General and Domain-Specific Zero-shot Detection of Generated Images via Conditional Likelihood,General and Domain-Specific Zero-Shot Detection of Generated Images via Conditional Likelihood,true
web/data/public_preview_papers.json,curated:9ec7092e57766741468f,curated:9ec7092e57766741468f,2026,Generalizable and Adaptive Continual Learning Framework for AI-Generated Image Detection,Generalizable and Adaptive Continual Learning Framework for AI-Generated Image Detection,false
web/data/public_preview_papers.json,curated:d6fe2666a64b0c70ff6b,curated:d6fe2666a64b0c70ff6b,2026,GenShield: Unified Detection and Artifact Correction for AI-Generated Images,GenShield: Unified Detection and Artifact Correction for AI-Generated Images,false
web/data/public_preview_papers.json,curated:f3aa81928c76cd4b3903,curated:f3aa81928c76cd4b3903,2026,GenSyn10: A Multi-Generative AI Dataset for Benchmarking Image Classification,GenSyn10: A Multi-Generative AI Dataset for Benchmarking Image Classification,false
web/data/public_preview_papers.json,curated:316fc03d348baa637bb4,curated:316fc03d348baa637bb4,2026,Geometric-semantic dual-adaptation for generalizable AI-generated image detection,Geometric-Semantic Dual-Adaptation for Generalizable AI-Generated Image Detection,true
web/data/public_preview_papers.json,10.21203/rs.3.rs-8633550/v1,,2026,"GReX-Bench: Benchmarking Generalization, Robustness, and Explainability in AI-Generated Image Detection","GReX-Bench: Benchmarking Generalization, Robustness, and Explainability in AI-Generated Image Detection",false
web/data/public_preview_papers.json,curated:70f6d63927384365006f,curated:70f6d63927384365006f,2026,High-Resolution Contrastive Framework for Generalizable AI-Generated Image Detection,High-Resolution Contrastive Framework for Generalizable AI-Generated Image Detection,false
web/data/public_preview_papers.json,https://doi.org/10.1016/j.patrec.2026.04.016,,2026,HRR: Hierarchical retrospection refinement for generated image detection,HRR: Hierarchical Retrospection Refinement for Generated Image Detection,true
web/data/public_preview_papers.json,curated:b2b738978609f5704f00,curated:b2b738978609f5704f00,2026,HSIC Bottleneck for Cross-Generator and Domain-Incremental Synthetic Image Detection,HSIC Bottleneck for Cross-Generator and Domain-Incremental Synthetic Image Detection,false
web/data/public_preview_papers.json,curated:d59bffe554500b241a3e,curated:d59bffe554500b241a3e,2026,ImageAttributionBench: How Far Are We from Generalizable Attribution?,ImageAttributionBench: How Far Are We from Generalizable Attribution?,false
web/data/public_preview_papers.json,curated:246f07c81b9f91e527eb,curated:246f07c81b9f91e527eb,2026,IncreFA: Breaking the Static Wall of Generative Model Attribution,IncreFA: Breaking the Static Wall of Generative Model Attribution,false
web/data/public_preview_papers.json,curated:88b63de59a0eabcd1b02,curated:88b63de59a0eabcd1b02,2026,Incremental Learning for AI-Generated Image Detection,Incremental Learning for AI-Generated Image Detection,false
web/data/public_preview_papers.json,10.1016/j.fsisyn.2026.100704,,2026,"Interpol review of detection of AI-generated image and video deepfakes, 2022-2025","Interpol Review of Detection of AI-Generated Image and Video Deepfakes, 2022-2025",true
web/data/public_preview_papers.json,curated:3ea88dc6c3224d22d416,curated:3ea88dc6c3224d22d416,2026,IoT-Oriented Security for Small Sensor Systems Using DnCNN Denoising and Multimodal Feature Fusion for Image Forgery Detection,IoT-Oriented Security for Small Sensor Systems Using DnCNN Denoising and Multimodal Feature Fusion for Image Forgery Detection,false
web/data/public_preview_papers.json,curated:3fcd3bc4dd2c9d8c3b80,curated:3fcd3bc4dd2c9d8c3b80,2026,Layer Consistency Matters: Elegant Latent Transition Discrepancy for Generalizable Synthetic Image Detection,Layer Consistency Matters: Elegant Latent Transition Discrepancy for Generalizable Synthetic Image Detection,false
web/data/public_preview_papers.json,curated:268336295435cfbbbd5d,curated:268336295435cfbbbd5d,2026,Learning a Semantic Similarity Orthogonal Space for Model‐Level <scp>AI</scp> ‐Generated Image Source Attribution,Learning a Semantic Similarity Orthogonal Space for Model‐Level <scp>AI</scp> ‐Generated Image Source Attribution,false
web/data/public_preview_papers.json,curated:e8b546496836adcf6c1a,curated:e8b546496836adcf6c1a,2026,Learning Generalizable Visual Representations for AI-Generated Image Detection,Learning Generalizable Visual Representations for AI-Generated Image Detection,false
web/data/public_preview_papers.json,curated:0a803e244a205b05642b,curated:0a803e244a205b05642b,2026,Leveraging DINOv3 with Adapters for Fine-Grained Generative Image Detection,Leveraging DINOv3 with Adapters for Fine-Grained Generative Image Detection,false
web/data/public_preview_papers.json,curated:7b767faa09af80414296,curated:7b767faa09af80414296,2026,Leveraging Failed Samples: A Few-Shot and Training-Free Framework for Generalized Deepfake Detection,Leveraging Failed Samples: A Few-Shot and Training-Free Framework for Generalized Deepfake Detection,false
web/data/public_preview_papers.json,curated:af017ea331a2238112d7,curated:af017ea331a2238112d7,2026,Light2Lie: Detecting Deepfake Images Using Physical Reflectance Laws,Light2Lie: Detecting Deepfake Images Using Physical Reflectance Laws,false
web/data/public_preview_papers.json,curated:d8df0e4505f5d38ebb28,curated:d8df0e4505f5d38ebb28,2026,Lightweight Image Forgery Detection via Tucker Decomposition for Efficient Edge Deployment,Lightweight Image Forgery Detection via Tucker Decomposition for Efficient Edge Deployment,false
web/data/public_preview_papers.json,curated:cf55e35fcf11e09fdd12,curated:cf55e35fcf11e09fdd12,2026,Locate-Then-Examine: Grounded Region Reasoning Improves Detection of AI-Generated Images,Locate-Then-Examine: Grounded Region Reasoning Improves Detection of AI-Generated Images,false
web/data/public_preview_papers.json,curated:5ceb080eeeacfdf0cb8f,curated:5ceb080eeeacfdf0cb8f,2026,M <sup>2</sup> EA: Multi-VAE Manifold Envelope Alignment for Challenging AI-Generated Image Detection,M <sup>2</sup> EA: Multi-VAE Manifold Envelope Alignment for Challenging AI-Generated Image Detection,false
web/data/public_preview_papers.json,10.1016/j.cosrev.2026.100908,,2026,Methods and trends in detecting AI-generated images: A comprehensive review,Methods and Trends in Detecting AI-Generated Images: A Comprehensive Review,true
web/data/public_preview_papers.json,curated:8e9658fa727094695be8,curated:8e9658fa727094695be8,2026,MIRAGE: Towards AI-Generated Image Detection in the Wild,MIRAGE: Towards AI-Generated Image Detection in the Wild,false
web/data/public_preview_papers.json,curated:4ad04c01ae2850d5cc34,curated:4ad04c01ae2850d5cc34,2026,MoFAIR: Self-improving Post-training for Robust and Explainable AIGC Forensics with Lightweight Reward Distillation,MoFAIR: Self-Improving Post-Training for Robust and Explainable AIGC Forensics with Lightweight Reward Distillation,true
web/data/public_preview_papers.json,curated:543d02cab0479b0d19ad,curated:543d02cab0479b0d19ad,2026,"Multi-Domain Feature Fusion: Leveraging Color, Noise, and Spatial Features for AI-generated Image Detection","Multi-Domain Feature Fusion: Leveraging Color, Noise, and Spatial Features for AI-Generated Image Detection",true
web/data/public_preview_papers.json,curated:3c22ad3ac0639bf3d2b5,curated:3c22ad3ac0639bf3d2b5,2026,Multiscale Spatial Frequency-Aware Transformer and Saturation Analysis for Universal Deepfake Detection,Multiscale Spatial Frequency-Aware Transformer and Saturation Analysis for Universal Deepfake Detection,false
web/data/public_preview_papers.json,10.1145/3810988.3812665,,2026,Navigating the Challenges of AI-Generated Image Detection in the Wild: What Truly Matters?,Navigating the Challenges of AI-Generated Image Detection in the Wild: What Truly Matters?,false
web/data/public_preview_papers.json,curated:506d44d3feea2627dd42,curated:506d44d3feea2627dd42,2026,No Pixel Left Behind: A Detail-Preserving Architecture for Robust High-Resolution AI-Generated Image Detection,No Pixel Left Behind: A Detail-Preserving Architecture for Robust High-Resolution AI-Generated Image Detection,false
web/data/public_preview_papers.json,curated:167b4dd09fa505470bce,curated:167b4dd09fa505470bce,2026,NSFF: Noise and semantic features fusion for AI-generated image detection,NSFF: Noise and Semantic Features Fusion for AI-Generated Image Detection,true
web/data/public_preview_papers.json,curated:16646ad4b7b77cde2ad8,curated:16646ad4b7b77cde2ad8,2026,One for All: Synthesis-Free Fingerprint Learning for Attribution of In-the-Wild Synthetic Images,One for All: Synthesis-Free Fingerprint Learning for Attribution of In-the-Wild Synthetic Images,false
web/data/public_preview_papers.json,https://doi.org/10.1109/tpami.2026.3664388,,2026,Penny-Wise and Pound-Foolish in AI-Generated Image Detection,Penny-Wise and Pound-Foolish in AI-Generated Image Detection,false
web/data/public_preview_papers.json,curated:a570863c3a6ac227b56c,curated:a570863c3a6ac227b56c,2026,PGC: Peak-Guided Calibration for Generalizable AI-Generated Image Detection,PGC: Peak-Guided Calibration for Generalizable AI-Generated Image Detection,false
web/data/public_preview_papers.json,curated:3b0a1942ac6f2c351f34,curated:3b0a1942ac6f2c351f34,2026,PhyTrace: Tracing Physical Inconsistency in AI-Generated Images via ISP Emulation,PhyTrace: Tracing Physical Inconsistency in AI-Generated Images via ISP Emulation,false
web/data/public_preview_papers.json,curated:b45849aa3f89cc8b64ef,curated:b45849aa3f89cc8b64ef,2026,Position: We need to re-think the concept of “real” images.,Position: We Need to Re-Think the Concept of “Real” Images.,true
web/data/public_preview_papers.json,curated:f6ad15b01df18aadfe1a,curated:f6ad15b01df18aadfe1a,2026,PRADA: Probability-Ratio-Based Attribution and Detection of Autoregressive-Generated Images,PRADA: Probability-Ratio-Based Attribution and Detection of Autoregressive-Generated Images,false
web/data/public_preview_papers.json,curated:0f774e5d7c63020bdc50,curated:0f774e5d7c63020bdc50,2026,Privacy-preserving and zero-shot detection strategies for multimodal AI-generated content,Privacy-Preserving and Zero-Shot Detection Strategies for Multimodal AI-Generated Content,true
web/data/public_preview_papers.json,curated:bb388762c1cb4bd3bf4a,curated:bb388762c1cb4bd3bf4a,2026,Quality-Aware Calibration for AI-Generated Image Detection in the Wild,Quality-Aware Calibration for AI-Generated Image Detection in the Wild,false
web/data/public_preview_papers.json,curated:75b4ab2d95e995615ae2,curated:75b4ab2d95e995615ae2,2026,Quality-Guided Forgery Adapter for Generalizable AIGC Image Detection,Quality-Guided Forgery Adapter for Generalizable AIGC Image Detection,false
web/data/public_preview_papers.json,curated:567ec9e4515f2e4a20ca,curated:567ec9e4515f2e4a20ca,2026,RADI: A Retrieval-Augmented Dynamic In-Context Learning Framework for AIGC Image Detection,RADI: A Retrieval-Augmented Dynamic In-Context Learning Framework for AIGC Image Detection,false
web/data/public_preview_papers.json,curated:9fdc78cdcf22cdbf4776,curated:9fdc78cdcf22cdbf4776,2026,Radial Residual Frequency: A Semantically Aligned Benchmark and Spectral Detector for AI-Generated Images,Radial Residual Frequency: A Semantically Aligned Benchmark and Spectral Detector for AI-Generated Images,false
web/data/public_preview_papers.json,curated:08aa2b51bb36247bdda3,curated:08aa2b51bb36247bdda3,2026,RealNet: Efficient and Unsupervised Detection of AI-Generated Images via Real-Only Representation Learning,RealNet: Efficient and Unsupervised Detection of AI-Generated Images via Real-Only Representation Learning,false
web/data/public_preview_papers.json,curated:6c2f591bf6fda3abecbb,curated:6c2f591bf6fda3abecbb,2026,Reasoning-Aware AIGC Detection via Alignment and Reinforcement,Reasoning-Aware AIGC Detection via Alignment and Reinforcement,false
web/data/public_preview_papers.json,curated:c84b04cb8e921be753db,curated:c84b04cb8e921be753db,2026,Representation and Reference Selection in Training-Free Synthetic Image Attribution,Representation and Reference Selection in Training-Free Synthetic Image Attribution,false
web/data/public_preview_papers.json,curated:4b406d0cf578db643214,curated:4b406d0cf578db643214,2026,RIGID: A Training-free and Model-Agnostic Framework for Robust AI-Generated Image Detection,RIGID: A Training-Free and Model-Agnostic Framework for Robust AI-Generated Image Detection,true
web/data/public_preview_papers.json,curated:beb92721c8ba0d0c4231,curated:beb92721c8ba0d0c4231,2026,Scaling Up AI-Generated Image Detection with Generator-Aware Prototypes,Scaling Up AI-Generated Image Detection with Generator-Aware Prototypes,false
web/data/public_preview_papers.json,curated:29878fee09624b7d105d,curated:29878fee09624b7d105d,2026,Self-Supervised AI-Generated Image Detection: A Camera Metadata Perspective,Self-Supervised AI-Generated Image Detection: A Camera Metadata Perspective,false
web/data/public_preview_papers.json,curated:98044fc98e006607991c,curated:98044fc98e006607991c,2026,Semantic Artifact Logit Fusion for Generalizable AI-Generated Image Detection,Semantic Artifact Logit Fusion for Generalizable AI-Generated Image Detection,false
web/data/public_preview_papers.json,https://doi.org/10.1109/tmm.2026.3668513,,2026,Semantic Distribution and Authenticity Discrepancy Alignment for AI-Generated Image Detection,Semantic Distribution and Authenticity Discrepancy Alignment for AI-Generated Image Detection,false
web/data/public_preview_papers.json,curated:7677a61ea68774dc5023,curated:7677a61ea68774dc5023,2026,Source Attribution of AI-Generated Image via Orthogonal Subspace Mixture-of-Experts,Source Attribution of AI-Generated Image via Orthogonal Subspace Mixture-of-Experts,false
web/data/public_preview_papers.json,curated:a1eea412716e4d045da6,curated:a1eea412716e4d045da6,2026,Source Attribution of AI-Generated Images in Data Scarcity Conditions via Training-Free Resynthesis,Source Attribution of AI-Generated Images in Data Scarcity Conditions via Training-Free Resynthesis,false
web/data/public_preview_papers.json,curated:35aae1e2c9d673ab1a97,curated:35aae1e2c9d673ab1a97,2026,Source Attribution of AI-Generated Images: a Principled Survey,Source Attribution of AI-Generated Images: A Principled Survey,true
web/data/public_preview_papers.json,curated:9a95c96ee1d20e56c56d,curated:9a95c96ee1d20e56c56d,2026,Spatial flatness-curvature mask driven generalized detection of synthetic images,Spatial Flatness-Curvature Mask Driven Generalized Detection of Synthetic Images,true
web/data/public_preview_papers.json,https://doi.org/10.1609/aaai.v40i8.37568,,2026,SynerDetect: Hierarchical Synergistic Learning for Generalizable AI-Generated Image Detection,SynerDetect: Hierarchical Synergistic Learning for Generalizable AI-Generated Image Detection,false
web/data/public_preview_papers.json,curated:4cabfafef8c066c51924,curated:4cabfafef8c066c51924,2026,Synthetic image detection method integrating neural ordinary differential equations and spatial attention transformer,Synthetic Image Detection Method Integrating Neural Ordinary Differential Equations and Spatial Attention Transformer,true
web/data/public_preview_papers.json,curated:589870527983af575480,curated:589870527983af575480,2026,The Deployment Gap in AI Media Detection: Platform-Aware and Visually Constrained Adversarial Evaluation,The Deployment Gap in AI Media Detection: Platform-Aware and Visually Constrained Adversarial Evaluation,false
web/data/public_preview_papers.json,curated:b31395a72552920109fa,curated:b31395a72552920109fa,2026,The PRISM benchmark: PhotoRealistic Image Synthesis and Manipulation to detect generated images,The PRISM Benchmark: PhotoRealistic Image Synthesis and Manipulation to Detect Generated Images,true
web/data/public_preview_papers.json,curated:e9594b5466110ca009aa,curated:e9594b5466110ca009aa,2026,Toward Generalizable AI-Generated Image Detection with a New Realistic Dataset: Performance Evaluation and Improvement,Toward Generalizable AI-Generated Image Detection with a New Realistic Dataset: Performance Evaluation and Improvement,false
web/data/public_preview_papers.json,curated:038a578e520799c8671e,curated:038a578e520799c8671e,2026,Toward Generalizable Forgery Detection and Reasoning,Toward Generalizable Forgery Detection and Reasoning,false
web/data/public_preview_papers.json,10.1109/lsp.2026.3658434,,2026,Transferable Dual-Domain Feature Importance Attack Against AI-Generated Image Detector,Transferable Dual-Domain Feature Importance Attack Against AI-Generated Image Detector,false
web/data/public_preview_papers.json,curated:67a6b7828afaed59e1c0,curated:67a6b7828afaed59e1c0,2026,Transformer Based on Multi-Domain Feature Fusion for AI-Generated Image Detection,Transformer Based on Multi-Domain Feature Fusion for AI-Generated Image Detection,false
web/data/public_preview_papers.json,curated:0d918782407e05ade5bd,curated:0d918782407e05ade5bd,2026,Unified Detection of Synthetic and Manipulated Images via Dual-Stream Artifact Fusion,Unified Detection of Synthetic and Manipulated Images via Dual-Stream Artifact Fusion,false
web/data/public_preview_papers.json,curated:611c1fc878b1f9737a04,curated:611c1fc878b1f9737a04,2026,Universal Deepfake Detection via Low-Rank Adaptation of Vision-Language Models,Universal Deepfake Detection via Low-Rank Adaptation of Vision-Language Models,false
web/data/public_preview_papers.json,curated:03f893b9484ea2d09c22,curated:03f893b9484ea2d09c22,2026,Universal Denoising Patterns for Diffusion Image Detection,Universal Denoising Patterns for Diffusion Image Detection,false
web/data/public_preview_papers.json,curated:64635535d7b7b6a12a32,curated:64635535d7b7b6a12a32,2026,Unveiling Perceptual Artifacts: A Fine-Grained Benchmark for Interpretable AI-Generated Image Detection,Unveiling Perceptual Artifacts: A Fine-Grained Benchmark for Interpretable AI-Generated Image Detection,false
web/data/public_preview_papers.json,10.1109/ccwc67433.2026.11393845,,2026,What is Real Anymore? A Solution to Detect Hyper Realistic AI-Generated Imagery,What Is Real Anymore? A Solution to Detect Hyper Realistic AI-Generated Imagery,true
web/data/public_preview_papers.json,curated:3110ea827546b2fd78ff,curated:3110ea827546b2fd78ff,2026,"Your AI-Generated Image Detector Can Secretly Achieve SOTA Accuracy, If Calibrated","Your AI-Generated Image Detector Can Secretly Achieve SOTA Accuracy, If Calibrated",false
web/data/public_preview_papers.json,10.1609/aaai.v40i4.37240,,2026,Zooming In on Fakes: A Novel Dataset for Localized AI-Generated Image Detection with Forgery Amplification Approach,Zooming in on Fakes: A Novel Dataset for Localized AI-Generated Image Detection with Forgery Amplification Approach,true
web/data/public_preview_papers.json,curated:66ea5be66b23f7db046a,curated:66ea5be66b23f7db046a,2026,人工智能生成图像检测技术综述,人工智能生成图像检测技术综述,false
web/data/public_preview_papers.json,10.1109/cvpr52734.2025.01741,,2025,A Bias-Free Training Paradigm for More General AI-generated Image Detection,A Bias-Free Training Paradigm for More General AI-Generated Image Detection,true
web/data/public_preview_papers.json,10.3390/electronics14030482,,2025,A Deepfake Image Detection Method Based on a Multi-Graph Attention Network,A Deepfake Image Detection Method Based on a Multi-Graph Attention Network,false
web/data/public_preview_papers.json,10.1109/lt64002.2025.10940759,,2025,A Novel Framework for Deepfake Image Detection Using Deep Learning Approach,A Novel Framework for Deepfake Image Detection Using Deep Learning Approach,false
web/data/public_preview_papers.json,10.1109/i2cacis65476.2025.11100461,,2025,"A Review on Deepfake Image Detection Approaches, Techniques and Methods","A Review on Deepfake Image Detection Approaches, Techniques and Methods",false
web/data/public_preview_papers.json,10.1007/s10791-025-09538-w,,2025,A robust ensemble model for Deepfake detection of GAN-generated images on social media,A Robust Ensemble Model for Deepfake Detection of GAN-Generated Images on Social Media,true
web/data/public_preview_papers.json,curated:f9eac1aa13a606c6ec88,curated:f9eac1aa13a606c6ec88,2025,A Sanity Check for AI-generated Image Detection,A Sanity Check for AI-Generated Image Detection,true
web/data/public_preview_papers.json,curated:c6bfe8f5199d1d8beb29,curated:c6bfe8f5199d1d8beb29,2025,Adaptive Test-Time Semantic Debiasing for AI-Generated Image Detection,Adaptive Test-Time Semantic Debiasing for AI-Generated Image Detection,false
web/data/public_preview_papers.json,https://openalex.org/W7117078863,,2025,AdaptPrompt: Parameter-Efficient Adaptation of VLMs for Generalizable Deepfake Detection,AdaptPrompt: Parameter-Efficient Adaptation of VLMs for Generalizable Deepfake Detection,false
web/data/public_preview_papers.json,10.1109/ijcnn64981.2025.11228377,,2025,AI-GenBench: A New Ongoing Benchmark for AI-Generated Image Detection,AI-GenBench: A New Ongoing Benchmark for AI-Generated Image Detection,false
web/data/public_preview_papers.json,10.23919/icact63878.2025.10936792,,2025,AI-Generated Image Detection Using Semantic Feature,AI-Generated Image Detection Using Semantic Feature,false
web/data/public_preview_papers.json,10.48175/ijarsct-25140,,2025,AI-Generated-Image Detection Using Deep Learning Techniques,AI-Generated-Image Detection Using Deep Learning Techniques,false
web/data/public_preview_papers.json,curated:2465f28a94bb45bec499,curated:2465f28a94bb45bec499,2025,Aigi-Holmes: Towards Explainable and Generalizable AI-Generated Image Detection via Multimodal Large Language Models,AIGI-Holmes: Towards Explainable and Generalizable AI-Generated Image Detection via Multimodal Large Language Models,true
web/data/public_preview_papers.json,curated:0b34eeaa2b4f5b0a7b3b,curated:0b34eeaa2b4f5b0a7b3b,2025,Aligned Datasets Improve Detection of Latent Diffusion-Generated Images,Aligned Datasets Improve Detection of Latent Diffusion-Generated Images,false
web/data/public_preview_papers.json,curated:1c590f67c931d712bb78,curated:1c590f67c931d712bb78,2025,An Efficient Frequency Domain Based Attribution and Detection Network,An Efficient Frequency Domain Based Attribution and Detection Network,false
web/data/public_preview_papers.json,curated:718ce9e82d185c331bdf,curated:718ce9e82d185c331bdf,2025,AntifakePrompt: Prompt-Tuned Vision-Language Models are Fake Image Detectors,AntifakePrompt: Prompt-Tuned Vision-Language Models Are Fake Image Detectors,true
web/data/public_preview_papers.json,10.1109/cvpr52734.2025.01743,,2025,Any-Resolution AI-Generated Image Detection by Spectral Learning,Any-Resolution AI-Generated Image Detection by Spectral Learning,false
web/data/public_preview_papers.json,curated:074bb9a77ee85d50090c,curated:074bb9a77ee85d50090c,2025,Aperture: a patch-aware framework for joint forgery detection and localization,Aperture: A Patch-Aware Framework for Joint Forgery Detection and Localization,true
web/data/public_preview_papers.json,curated:8bc69db49ef4b9db3cd6,curated:8bc69db49ef4b9db3cd6,2025,Are CLIP Features All You Need for Universal Synthetic Image Origin Attribution?,Are CLIP Features All You Need for Universal Synthetic Image Origin Attribution?,false
web/data/public_preview_papers.json,curated:7693a9c0107feaf90e10,curated:7693a9c0107feaf90e10,2025,Are High-Quality AI-Generated Images More Difficult for Models to Detect?,Are High-Quality AI-Generated Images More Difficult for Models to Detect?,false
web/data/public_preview_papers.json,10.1145/3709022.3736544,,2025,Art or Artifact? Segmenting AI-Generated Images for Deeper Detection,Art or Artifact? Segmenting AI-Generated Images for Deeper Detection,false
web/data/public_preview_papers.json,curated:78e64e4829587c072681,curated:78e64e4829587c072681,2025,Attribution of AI-Generated Images Across Multiple Models: a Benchmark,Attribution of AI-Generated Images Across Multiple Models: A Benchmark,true
web/data/public_preview_papers.json,curated:5f105b70c28ce5beeb0b,curated:5f105b70c28ce5beeb0b,2025,Autonomous and Self-Adapting System for Synthetic Media Detection and Attribution,Autonomous and Self-Adapting System for Synthetic Media Detection and Attribution,false
web/data/public_preview_papers.json,10.1109/cvpr52734.2025.00773,,2025,Beyond Generation: A Diffusion-based Low-level Feature Extractor for Detecting AI-generated Images,Beyond Generation: A Diffusion-Based Low-Level Feature Extractor for Detecting AI-Generated Images,true
web/data/public_preview_papers.json,curated:8bdbf72555619e7893d3,curated:8bdbf72555619e7893d3,2025,Beyond Known Fakes: Generalized Detection of AI-Generated Images via Post-hoc Distribution Alignment,Beyond Known Fakes: Generalized Detection of AI-Generated Images via Post-Hoc Distribution Alignment,true
web/data/public_preview_papers.json,10.1111/exsy.13829,,2025,Bi‐ <scp>LORA</scp> : A Vision‐Language Approach for Synthetic Image Detection,Bi‐ <scp>LORA</scp> : A Vision‐Language Approach for Synthetic Image Detection,false
web/data/public_preview_papers.json,10.1109/tifs.2025.3592531,,2025,BOSC: A Backdoor-Based Framework for Open Set Synthetic Image Attribution,BOSC: A Backdoor-Based Framework for Open Set Synthetic Image Attribution,false
web/data/public_preview_papers.json,curated:e256ad6b672c3cf433ba,curated:e256ad6b672c3cf433ba,2025,Bridging the Gap Between Ideal and Real-World Evaluation: Benchmarking AI-Generated Image Detection in Challenging Scenarios,Bridging the Gap Between Ideal and Real-World Evaluation: Benchmarking AI-Generated Image Detection in Challenging Scenarios,false
web/data/public_preview_papers.json,https://doi.org/10.1609/aaai.v39i7.32772,,2025,C2P-CLIP: Injecting Category Common Prompt in CLIP to Enhance Generalization in Deepfake Detection,C2P-CLIP: Injecting Category Common Prompt in CLIP to Enhance Generalization in Deepfake Detection,false
web/data/public_preview_papers.json,10.1145/3733102.3733138,,2025,Can GPT tell us why these images are synthesized? Empowering Multimodal Large Language Models for Forensics,Can GPT Tell Us Why These Images Are Synthesized? Empowering Multimodal Large Language Models for Forensics,true
web/data/public_preview_papers.json,curated:95b3298d7dafadbed65d,curated:95b3298d7dafadbed65d,2025,CatAID: Category-Guided AI-Generated Image Detection via Vision-Language Model Adaptation,CatAID: Category-Guided AI-Generated Image Detection via Vision-Language Model Adaptation,false
web/data/public_preview_papers.json,curated:aa742a2409569b68d2c4,curated:aa742a2409569b68d2c4,2025,CO-SPY: Combining Semantic and Pixel Features to Detect Synthetic Images by AI,CO-SPY: Combining Semantic and Pixel Features to Detect Synthetic Images by AI,false
web/data/public_preview_papers.json,https://doi.org/10.48550/arxiv.2512.16300,,2025,Code-in-the-Loop Forensics: Agentic Tool Use for Image Forgery Detection,Code-in-the-Loop Forensics: Agentic Tool Use for Image Forgery Detection,false
web/data/public_preview_papers.json,10.1145/3709022.3736541,,2025,Combating Dataset Misalignment for Robust AI-Generated Image Detection in the Real World,Combating Dataset Misalignment for Robust AI-Generated Image Detection in the Real World,false
web/data/public_preview_papers.json,curated:307e0f132bd89ed90298,curated:307e0f132bd89ed90298,2025,Community Forensics: Using Thousands of Generators to Train Fake Image Detectors,Community Forensics: Using Thousands of Generators to Train Fake Image Detectors,false
web/data/public_preview_papers.json,curated:559269bd486bc1da5115,curated:559269bd486bc1da5115,2025,Comparative Analysis of Custom CNN Architecture and MobileNet for Deepfake Image Detection,Comparative Analysis of Custom CNN Architecture and MobileNet for Deepfake Image Detection,false
web/data/public_preview_papers.json,curated:425eb6ebf5e06a7836a8,curated:425eb6ebf5e06a7836a8,2025,Composite Data Augmentations for Synthetic Image Detection Against Real-World Perturbations,Composite Data Augmentations for Synthetic Image Detection Against Real-World Perturbations,false
web/data/public_preview_papers.json,curated:3e94d8fc69e41aade2cc,curated:3e94d8fc69e41aade2cc,2025,D <sup>3</sup> QE: Learning Discrete Distribution Discrepancy-Aware Quantization Error for Autoregressive-Generated Image Detection,D <sup>3</sup> QE: Learning Discrete Distribution Discrepancy-Aware Quantization Error for Autoregressive-Generated Image Detection,false
web/data/public_preview_papers.json,curated:3bd79627ad7e70a28a97,curated:3bd79627ad7e70a28a97,2025,D$^3$: Scaling Up Deepfake Detection by Learning from Discrepancy,D$^3$: Scaling Up Deepfake Detection by Learning from Discrepancy,false
web/data/public_preview_papers.json,10.1007/978-981-96-1981-8_5,,2025,Deepfake Image Detection Using Convolutional Neural Network,Deepfake Image Detection Using Convolutional Neural Network,false
web/data/public_preview_papers.json,10.1007/978-3-031-84543-7_11,,2025,Deepfake Image Detection Using Light-Weight Attention Integrated MobileNetV3 Model,Deepfake Image Detection Using Light-Weight Attention Integrated MobileNetV3 Model,false
web/data/public_preview_papers.json,10.17798/bitlisfen.1610300,,2025,Deepfake Image Detection with Transfer Learning Models,Deepfake Image Detection with Transfer Learning Models,false
web/data/public_preview_papers.json,10.3390/electronics14040665,,2025,DeepGuard: Identification and Attribution of AI-Generated Synthetic Images,DeepGuard: Identification and Attribution of AI-Generated Synthetic Images,false
web/data/public_preview_papers.json,10.1016/j.procs.2025.04.313,,2025,DeepGuardNet: A Novel CNN Architecture for DeepFake Image Detection,DeepGuardNet: A Novel CNN Architecture for DeepFake Image Detection,false
web/data/public_preview_papers.json,10.3390/app15137421,,2025,Detecting AI-Generated Images Using a Hybrid ResNet-SE Attention Model,Detecting AI-Generated Images Using a Hybrid ResNet-SE Attention Model,false
web/data/public_preview_papers.json,10.1109/mitp.2025.3561143,,2025,Detecting AI-Generated Images Using Facial Similarity and Feature Extraction for Digital Security,Detecting AI-Generated Images Using Facial Similarity and Feature Extraction for Digital Security,false
web/data/public_preview_papers.json,10.2139/ssrn.5029893,,2025,Detecting AI-Generated Images Using Vision Transformers: A Robust Approach for Safeguarding Visual Media Integrity,Detecting AI-Generated Images Using Vision Transformers: A Robust Approach for Safeguarding Visual Media Integrity,false
web/data/public_preview_papers.json,curated:161b6d5ca391d238f7e9,curated:161b6d5ca391d238f7e9,2025,Detecting Origin Attribution for Text-to-Image Diffusion Models,Detecting Origin Attribution for Text-to-Image Diffusion Models,false
web/data/public_preview_papers.json,curated:8ae025d8756e0ff472b0,curated:8ae025d8756e0ff472b0,2025,DFBench: Benchmarking Deepfake Image Detection Capability of Large Multimodal Models,DFBench: Benchmarking Deepfake Image Detection Capability of Large Multimodal Models,false
web/data/public_preview_papers.json,curated:aa6672aa3ab0a0709e32,curated:aa6672aa3ab0a0709e32,2025,Diffusion Epistemic Uncertainty with Asymmetric Learning for Diffusion-Generated Image Detection,Diffusion Epistemic Uncertainty with Asymmetric Learning for Diffusion-Generated Image Detection,false
web/data/public_preview_papers.json,curated:198223005280daa8979e,curated:198223005280daa8979e,2025,DRAGON: A Large-Scale Dataset of Realistic Images Generated by Diffusion Models,DRAGON: A Large-Scale Dataset of Realistic Images Generated by Diffusion Models,false
web/data/public_preview_papers.json,curated:f40ecaaf5d0212852b79,curated:f40ecaaf5d0212852b79,2025,Dual Data Alignment Makes AI-Generated Image Detector Easier Generalizable,Dual Data Alignment Makes AI-Generated Image Detector Easier Generalizable,false
web/data/public_preview_papers.json,https://doi.org/10.1016/j.patrec.2025.12.001,,2025,E2GenF: Universal AIGC image detection based on edge enhanced generalizable features,E2GenF: Universal AIGC Image Detection Based on Edge Enhanced Generalizable Features,true
web/data/public_preview_papers.json,10.1109/iatmsi64286.2025.10985062,,2025,Enhanced CNN Architecture with Residual Blocks and Regularization for AI-Generated Image Detection,Enhanced CNN Architecture with Residual Blocks and Regularization for AI-Generated Image Detection,false
web/data/public_preview_papers.json,10.1109/wacvw65960.2025.00087,,2025,Enhancing Synthetic Generated-Images Detection through Post-Hoc Calibration,Enhancing Synthetic Generated-Images Detection Through Post-Hoc Calibration,true
web/data/public_preview_papers.json,curated:3312da81174f7d411081,curated:3312da81174f7d411081,2025,Evolution of Detection Performance Throughout the Online Lifespan of Synthetic Images,Evolution of Detection Performance Throughout the Online Lifespan of Synthetic Images,false
web/data/public_preview_papers.json,curated:87bc93471ce8bb561091,curated:87bc93471ce8bb561091,2025,ExDA: Towards Universal Detection and Plug-and-Play Attribution of AI-Generated Ex-Regulatory Images,ExDA: Towards Universal Detection and Plug-and-Play Attribution of AI-Generated Ex-Regulatory Images,false
web/data/public_preview_papers.json,10.1109/icassp49660.2025.10890705,,2025,FairAdapter: Detecting AI-generated Images with Improved Fairness,FairAdapter: Detecting AI-Generated Images with Improved Fairness,true
web/data/public_preview_papers.json,curated:7e8fbc2874cf4cebfcc9,curated:7e8fbc2874cf4cebfcc9,2025,Fake or JPEG? Revealing Common Biases in Generated Image Detection Datasets,Fake or JPEG? Revealing Common Biases in Generated Image Detection Datasets,false
web/data/public_preview_papers.json,curated:946d44174eaedb61b7ef,curated:946d44174eaedb61b7ef,2025,FakeBench: Probing Explainable Fake Image Detection via Large Multimodal Models,FakeBench: Probing Explainable Fake Image Detection via Large Multimodal Models,false
web/data/public_preview_papers.json,https://doi.org/10.48550/arxiv.2503.24267,,2025,FakeScope: Large Multimodal Expert Model for Transparent AI-Generated Image Forensics,FakeScope: Large Multimodal Expert Model for Transparent AI-Generated Image Forensics,false
web/data/public_preview_papers.json,curated:dd05c4a609d902da8c1d,curated:dd05c4a609d902da8c1d,2025,FerretNet: Efficient Synthetic Image Detection via Local Pixel Dependencies,FerretNet: Efficient Synthetic Image Detection via Local Pixel Dependencies,false
web/data/public_preview_papers.json,https://doi.org/10.48550/arxiv.2503.08148,,2025,Few-Shot Class-Incremental Model Attribution Using Learnable Representation From CLIP-ViT Features,Few-Shot Class-Incremental Model Attribution Using Learnable Representation from CLIP-ViT Features,true
web/data/public_preview_papers.json,curated:4d91354cd919a64a2259,curated:4d91354cd919a64a2259,2025,Few-Shot Learner Generalizes Across AI-Generated Image Detection,Few-Shot Learner Generalizes Across AI-Generated Image Detection,false
web/data/public_preview_papers.json,curated:b8119cd227de03702d48,curated:b8119cd227de03702d48,2025,FIRE: Robust Detection of Diffusion-Generated Images via Frequency-Guided Reconstruction Error,FIRE: Robust Detection of Diffusion-Generated Images via Frequency-Guided Reconstruction Error,false
web/data/public_preview_papers.json,10.48550/arxiv.2512.21512,,2025,Fixed-Threshold Evaluation of a Hybrid CNN-ViT for AI-Generated Image Detection Across Photos and Art,Fixed-Threshold Evaluation of a Hybrid CNN-ViT for AI-Generated Image Detection Across Photos and Art,false
web/data/public_preview_papers.json,curated:1332f5c35b9ac943f349,curated:1332f5c35b9ac943f349,2025,FLODA: Harnessing Vision-Language Models for Deepfake Assessment,FLODA: Harnessing Vision-Language Models for Deepfake Assessment,false
web/data/public_preview_papers.json,10.48550/arxiv.2505.23192,,2025,Fooling the Watchers: Breaking AIGC Detectors via Semantic Prompt Attacks,Fooling the Watchers: Breaking AIGC Detectors via Semantic Prompt Attacks,false
web/data/public_preview_papers.json,10.1109/cvpr52734.2025.00289,,2025,"Forensic Self-Descriptions Are All You Need for Zero-Shot Detection, Open-Set Source Attribution, and Clustering of AI-generated Images","Forensic Self-Descriptions Are All You Need for Zero-Shot Detection, Open-Set Source Attribution, and Clustering of AI-Generated Images",true
web/data/public_preview_papers.json,curated:4a7bded8c311ed9c0540,curated:4a7bded8c311ed9c0540,2025,Forensic-MoE: Exploring Comprehensive Synthetic Image Detection Traces With Mixture of Experts,Forensic-MoE: Exploring Comprehensive Synthetic Image Detection Traces with Mixture of Experts,true
web/data/public_preview_papers.json,10.48550/arxiv.2505.11003,,2025,ForensicHub: A Unified Benchmark &amp; Codebase for All-Domain Fake Image Detection and Localization,ForensicHub: A Unified Benchmark &amp; Codebase for All-Domain Fake Image Detection and Localization,false
web/data/public_preview_papers.json,curated:762982679d91cd198a41,curated:762982679d91cd198a41,2025,Forensics-Bench: A Comprehensive Forgery Detection Benchmark Suite for Large Vision Language Models,Forensics-Bench: A Comprehensive Forgery Detection Benchmark Suite for Large Vision Language Models,false
web/data/public_preview_papers.json,curated:7a95c7ca9cc95727e1b9,curated:7a95c7ca9cc95727e1b9,2025,ForgeLens: Data-Efficient Forgery Focus for Generalizable Forgery Image Detection,ForgeLens: Data-Efficient Forgery Focus for Generalizable Forgery Image Detection,false
web/data/public_preview_papers.json,curated:0849228c52c5759845c2,curated:0849228c52c5759845c2,2025,FreqCross: A Multi-Modal Frequency-Spatial Fusion Network for Robust Detection of Stable Diffusion 3.5 Generated Images,FreqCross: A Multi-Modal Frequency-Spatial Fusion Network for Robust Detection of Stable Diffusion 3.5 Generated Images,false
web/data/public_preview_papers.json,https://doi.org/10.48550/arxiv.2511.00181,,2025,From Evidence to Verdict: An Agent-Based Forensic Framework for AI-Generated Image Detection,From Evidence to Verdict: An Agent-Based Forensic Framework for AI-Generated Image Detection,false
web/data/public_preview_papers.json,curated:47b576be1ed7e2a6bfed,curated:47b576be1ed7e2a6bfed,2025,"Fully AI-Generated Image Detection: Definition, Recent Advances and Challenges","Fully AI-Generated Image Detection: Definition, Recent Advances and Challenges",false
web/data/public_preview_papers.json,https://doi.org/10.1016/j.knosys.2025.113806,,2025,GCS-Net: A universal AI-generated visual content detection method based on CLIP,GCS-Net: A Universal AI-Generated Visual Content Detection Method Based on CLIP,true
web/data/public_preview_papers.json,https://doi.org/10.48550/arxiv.2503.08484,,2025,Generalizable AI-Generated Image Detection Based on Fractal Self-Similarity in the Spectrum,Generalizable AI-Generated Image Detection Based on Fractal Self-Similarity in the Spectrum,false
web/data/public_preview_papers.json,curated:0fb6a9c0db904eae726d,curated:0fb6a9c0db904eae726d,2025,Generalizable Synthetic Image Detection via Language-guided Contrastive Learning,Generalizable Synthetic Image Detection via Language-Guided Contrastive Learning,true
web/data/public_preview_papers.json,curated:3c3cd6143ece4045b378,curated:3c3cd6143ece4045b378,2025,Generalized Design Choices for Deepfake Detectors,Generalized Design Choices for Deepfake Detectors,false
web/data/public_preview_papers.json,https://doi.org/10.1016/j.neucom.2025.132482,,2025,Harnessing attention for cropping and fusion in CLIP-based AIGC detection,Harnessing Attention for Cropping and Fusion in CLIP-Based AIGC Detection,true
web/data/public_preview_papers.json,10.2139/ssrn.5238890,,2025,Harnessing The Power Of AI To Detect AI Generated Images,Harnessing the Power of AI to Detect AI Generated Images,true
web/data/public_preview_papers.json,curated:507b9cb16991da1629f8,curated:507b9cb16991da1629f8,2025,HFMF: Hierarchical Fusion Meets Multi-Stream Models for Deepfake Detection,HFMF: Hierarchical Fusion Meets Multi-Stream Models for Deepfake Detection,false
web/data/public_preview_papers.json,10.3390/math13091372,,2025,Hierarchical Feature Fusion and Enhanced Attention Mechanism for Robust GAN-Generated Image Detection,Hierarchical Feature Fusion and Enhanced Attention Mechanism for Robust GAN-Generated Image Detection,false
web/data/public_preview_papers.json,curated:5fde2c559e029508e0c3,curated:5fde2c559e029508e0c3,2025,Human vs. AI: A Novel Benchmark and a Comparative Study on the Detection\n of Generated Images and the Impact of Prompts,Human vs. AI: A Novel Benchmark and a Comparative Study on the Detection\n of Generated Images and the Impact of Prompts,false
web/data/public_preview_papers.json,curated:c45f9027e90830e4c9b6,curated:c45f9027e90830e4c9b6,2025,Improving Synthetic Image Detection Towards Generalization: An Image Transformation Perspective,Improving Synthetic Image Detection Towards Generalization: An Image Transformation Perspective,false
web/data/public_preview_papers.json,10.1109/wacv61041.2025.00098,,2025,InvisMark: Invisible and Robust Watermarking for AI-generated Image Provenance,InvisMark: Invisible and Robust Watermarking for AI-Generated Image Provenance,true
web/data/public_preview_papers.json,curated:f158c57190bcd2c8405c,curated:f158c57190bcd2c8405c,2025,Is Artificial Intelligence Generated Image Detection a Solved Problem?,Is Artificial Intelligence Generated Image Detection a Solved Problem?,false
web/data/public_preview_papers.json,curated:e688194977fa7bbf7db3,curated:e688194977fa7bbf7db3,2025,LAID: Lightweight AI-Generated Image Detection in Spatial and Spectral Domains,LAID: Lightweight AI-Generated Image Detection in Spatial and Spectral Domains,false
web/data/public_preview_papers.json,https://doi.org/10.48550/arxiv.2507.03054,,2025,LATTE: Latent Trajectory Embedding for Diffusion-Generated Image Detection,LATTE: Latent Trajectory Embedding for Diffusion-Generated Image Detection,false
web/data/public_preview_papers.json,curated:14272073fa5bc0e301b5,curated:14272073fa5bc0e301b5,2025,LEGION: Learning to Ground and Explain for Synthetic Image Detection,LEGION: Learning to Ground and Explain for Synthetic Image Detection,false
web/data/public_preview_papers.json,curated:084e01a1a2191cb4c86a,curated:084e01a1a2191cb4c86a,2025,LOKI: A Comprehensive Synthetic Data Detection Benchmark using Large Multimodal Models,LOKI: A Comprehensive Synthetic Data Detection Benchmark Using Large Multimodal Models,true
web/data/public_preview_papers.json,https://doi.org/10.48550/arxiv.2504.08149,,2025,LoRAX: LoRA eXpandable Networks for Continual Synthetic Image Attribution,LoRAX: LoRA eXpandable Networks for Continual Synthetic Image Attribution,false
web/data/public_preview_papers.json,10.1109/iccv51701.2025.01602,,2025,LOTA: Bit-Planes Guided AI-Generated Image Detection,LOTA: Bit-Planes Guided AI-Generated Image Detection,false
web/data/public_preview_papers.json,curated:2c278dcd079ea27d0f73,curated:2c278dcd079ea27d0f73,2025,MAID: Model Attribution via Inverse Diffusion,MAID: Model Attribution via Inverse Diffusion,false
web/data/public_preview_papers.json,curated:4c10e64c5b8f09c7333e,curated:4c10e64c5b8f09c7333e,2025,Manifold Induced Biases for Zero-shot and Few-shot Detection of Generated Images,Manifold Induced Biases for Zero-Shot and Few-Shot Detection of Generated Images,true
web/data/public_preview_papers.json,10.1145/3746027.3755142,,2025,MiraGe: Multimodal Discriminative Representation Learning for Generalizable AI-Generated Image Detection,MiraGe: Multimodal Discriminative Representation Learning for Generalizable AI-Generated Image Detection,false
web/data/public_preview_papers.json,10.48550/arxiv.2510.03840,,2025,Mirage: Unveiling Hidden Artifacts in Synthetic Images with Large Vision-Language Models,Mirage: Unveiling Hidden Artifacts in Synthetic Images with Large Vision-Language Models,false
web/data/public_preview_papers.json,curated:828a87e68db4c3541e80,curated:828a87e68db4c3541e80,2025,MLEP: Multi-granularity Local Entropy Patterns for Generalized AI-generated Image Detection,MLEP: Multi-Granularity Local Entropy Patterns for Generalized AI-Generated Image Detection,true
web/data/public_preview_papers.json,curated:40ffd016e03ca4604fa8,curated:40ffd016e03ca4604fa8,2025,Model Synthesis for Zero-Shot Model Attribution,Model Synthesis for Zero-Shot Model Attribution,false
web/data/public_preview_papers.json,10.1088/1361-6501/ae005c,,2025,MSAFNet: multi-scale self-adaptive feature fusion network for AI-generated image detection,MSAFNet: Multi-Scale Self-Adaptive Feature Fusion Network for AI-Generated Image Detection,true
web/data/public_preview_papers.json,10.3389/frai.2025.1663292,,2025,Multi-modal texture fusion network for detecting AI-generated images,Multi-Modal Texture Fusion Network for Detecting AI-Generated Images,true
web/data/public_preview_papers.json,10.3233/faia251048,,2025,Multi-Perspective Frequency Domain Learning for Generalizable AI-Generated Image Detection,Multi-Perspective Frequency Domain Learning for Generalizable AI-Generated Image Detection,false
web/data/public_preview_papers.json,curated:cda6067db322246e8195,curated:cda6067db322246e8195,2025,No Detector to Rule Them All,No Detector to Rule Them All,false
web/data/public_preview_papers.json,10.1109/tifs.2025.3573161,,2025,Noise-Informed Diffusion-Generated Image Detection With Anomaly Attention,Noise-Informed Diffusion-Generated Image Detection with Anomaly Attention,true
web/data/public_preview_papers.json,curated:89f7a674fe872806006b,curated:89f7a674fe872806006b,2025,ODDN: Addressing Unpaired Data Challenges in Open-World Deepfake Detection on Online Social Networks,ODDN: Addressing Unpaired Data Challenges in Open-World Deepfake Detection on Online Social Networks,false
web/data/public_preview_papers.json,curated:be2900947b322f9eb905,curated:be2900947b322f9eb905,2025,OmniDFA: A Unified Framework for Open Set Synthesis Image Detection and Few-Shot Attribution,OmniDFA: A Unified Framework for Open Set Synthesis Image Detection and Few-Shot Attribution,false
web/data/public_preview_papers.json,curated:ffa24185c2c870a44bde,curated:ffa24185c2c870a44bde,2025,OpenFake: An Open Dataset and Platform Toward Real-World Deepfake Detection,OpenFake: An Open Dataset and Platform Toward Real-World Deepfake Detection,false
web/data/public_preview_papers.json,curated:4b3b8e9895b44de7c752,curated:4b3b8e9895b44de7c752,2025,OpenSDI: Spotting Diffusion-Generated Images in the Open World,OpenSDI: Spotting Diffusion-Generated Images in the Open World,false
web/data/public_preview_papers.json,https://doi.org/10.1109/jiot.2025.3531053,,2025,Optimized Frequency Collaborative Strategy Drives AI Image Detection,Optimized Frequency Collaborative Strategy Drives AI Image Detection,false
web/data/public_preview_papers.json,curated:1f9d168cc6c4c445a231,curated:1f9d168cc6c4c445a231,2025,Orthogonal Subspace Decomposition for Generalizable AI-Generated Image Detection,Orthogonal Subspace Decomposition for Generalizable AI-Generated Image Detection,false
web/data/public_preview_papers.json,curated:95953a73a0e2e1f14ccb,curated:95953a73a0e2e1f14ccb,2025,PiD: Generalized AI-Generated Images Detection with Pixelwise Decomposition Residuals,PiD: Generalized AI-Generated Images Detection with Pixelwise Decomposition Residuals,false
web/data/public_preview_papers.json,curated:772bb625ccc3e45e8481,curated:772bb625ccc3e45e8481,2025,Prompt-Engineered Detection of AI-Generated Images,Prompt-Engineered Detection of AI-Generated Images,false
web/data/public_preview_papers.json,10.3390/technologies13070280,,2025,RADAR: Reasoning AI-Generated Image Detection for Semantic Fakes,RADAR: Reasoning AI-Generated Image Detection for Semantic Fakes,false
web/data/public_preview_papers.json,curated:44a70bf5f21b5457102b,curated:44a70bf5f21b5457102b,2025,RealHD: A High-Quality Dataset for Robust Detection of State-of-the-Art AI-Generated Images,RealHD: A High-Quality Dataset for Robust Detection of State-of-the-Art AI-Generated Images,false
web/data/public_preview_papers.json,10.1109/wacv61041.2025.00049,,2025,Reducing the Content Bias for AI-generated Image Detection,Reducing the Content Bias for AI-Generated Image Detection,true
web/data/public_preview_papers.json,curated:1ec62a78a4e0372bc0d9,curated:1ec62a78a4e0372bc0d9,2025,ReTD: Reconstruction-Based Traceability Detection for Generated Images,ReTD: Reconstruction-Based Traceability Detection for Generated Images,false
web/data/public_preview_papers.json,curated:6ca781a0d606a5d5db64,curated:6ca781a0d606a5d5db64,2025,REVEAL: A Retrieval-Augmented Generation Approach for Contextual Identification of Synthetic Visual Content,REVEAL: A Retrieval-Augmented Generation Approach for Contextual Identification of Synthetic Visual Content,false
web/data/public_preview_papers.json,https://doi.org/10.1007/978-981-95-3001-4_12,,2025,Robust AI-Synthesized Image Detection via Multi-feature Frequency-Aware Learning,Robust AI-Synthesized Image Detection via Multi-Feature Frequency-Aware Learning,true
web/data/public_preview_papers.json,curated:8ffdbd0ba264927d1c3a,curated:8ffdbd0ba264927d1c3a,2025,Robust Fake Image Detection via Incremental Training of Siamese Neural Networks,Robust Fake Image Detection via Incremental Training of Siamese Neural Networks,false
web/data/public_preview_papers.json,curated:2938e895376a45baceec,curated:2938e895376a45baceec,2025,SAGNet: Decoupling Semantic-Agnostic Artifacts From Limited Training Data for Robust Generalization in Deepfake Detection,SAGNet: Decoupling Semantic-Agnostic Artifacts from Limited Training Data for Robust Generalization in Deepfake Detection,true
web/data/public_preview_papers.json,curated:82a6421311c4d39076d9,curated:82a6421311c4d39076d9,2025,Sanitizing Diffusion-Generated Images via Fingerprint Removal and Adversarial Perturbation for Forensic Evasion,Sanitizing Diffusion-Generated Images via Fingerprint Removal and Adversarial Perturbation for Forensic Evasion,false
web/data/public_preview_papers.json,curated:b2fccf1dd66cc2d64374,curated:b2fccf1dd66cc2d64374,2025,Secret Lies in Color: Enhancing AI-Generated Images Detection with Color Distribution Analysis,Secret Lies in Color: Enhancing AI-Generated Images Detection with Color Distribution Analysis,false
web/data/public_preview_papers.json,curated:64a8313baef7cf1657c5,curated:64a8313baef7cf1657c5,2025,Semantic Discrepancy-Aware Detector for Image Forgery Identification,Semantic Discrepancy-Aware Detector for Image Forgery Identification,false
web/data/public_preview_papers.json,10.4018/ijswis.384517,,2025,Semantic-Aware Lightweight AI Model for Deepfake Image Detection in Online Retail Platforms,Semantic-Aware Lightweight AI Model for Deepfake Image Detection in Online Retail Platforms,false
web/data/public_preview_papers.json,10.1109/cvpr52734.2025.02685,,2025,"SIDA: Social Media Image Deepfake Detection, Localization and Explanation with Large Multimodal Model","SIDA: Social Media Image Deepfake Detection, Localization and Explanation with Large Multimodal Model",false
web/data/public_preview_papers.json,curated:fe98b5f37967f5a51b86,curated:fe98b5f37967f5a51b86,2025,Simple Detection of AI-Generated Images based on Noise Correlation,Simple Detection of AI-Generated Images Based on Noise Correlation,true
web/data/public_preview_papers.json,10.32604/cmc.2025.063141,,2025,SMNDNet for Multiple Types of Deepfake Image Detection,SMNDNet for Multiple Types of Deepfake Image Detection,false
web/data/public_preview_papers.json,curated:37949b937d2159b47e73,curated:37949b937d2159b47e73,2025,Spatial-Temporal Forgery Trace Based Forgery Image Identification,Spatial-Temporal Forgery Trace Based Forgery Image Identification,false
web/data/public_preview_papers.json,curated:a76d568cfe5c26b07933,curated:a76d568cfe5c26b07933,2025,Spatial-Temporal Reconstruction Error for AIGC-based Forgery Image Detection,Spatial-Temporal Reconstruction Error for AIGC-Based Forgery Image Detection,true
web/data/public_preview_papers.json,curated:31a4d429d7c5750bd778,curated:31a4d429d7c5750bd778,2025,Spot the Fake: Large Multimodal Model-Based Synthetic Image Detection with Artifact Explanation,Spot the Fake: Large Multimodal Model-Based Synthetic Image Detection with Artifact Explanation,false
web/data/public_preview_papers.json,curated:d040be3d1fb83a51311e,curated:d040be3d1fb83a51311e,2025,Stay-Positive: A Case for Ignoring Real Image Features in Fake Image Detection,Stay-Positive: A Case for Ignoring Real Image Features in Fake Image Detection,false
web/data/public_preview_papers.json,curated:56e9e085bbe0342dab35,curated:56e9e085bbe0342dab35,2025,TextureCrop: Enhancing Synthetic Image Detection Through Texture-Based Cropping,TextureCrop: Enhancing Synthetic Image Detection Through Texture-Based Cropping,false
web/data/public_preview_papers.json,curated:613af6288792f6ece505,curated:613af6288792f6ece505,2025,The Visual Counter Turing Test (VCT2): A Benchmark for Evaluating AI-Generated Image Detection and the Visual AI Index (VAI),The Visual Counter Turing Test (VCT2): A Benchmark for Evaluating AI-Generated Image Detection and the Visual AI Index (VAI),false
web/data/public_preview_papers.json,curated:911d693997183535a4ac,curated:911d693997183535a4ac,2025,Towards Explainable Fake Image Detection with Multi-Modal Large Language Models,Towards Explainable Fake Image Detection with Multi-Modal Large Language Models,false
web/data/public_preview_papers.json,curated:6cd82b939e5653a2c7ab,curated:6cd82b939e5653a2c7ab,2025,Towards Extensible Detection of AI-Generated Images via Content-Agnostic Adapter-Based Category-Aware Incremental Learning,Towards Extensible Detection of AI-Generated Images via Content-Agnostic Adapter-Based Category-Aware Incremental Learning,false
web/data/public_preview_papers.json,curated:3e707a16418405139945,curated:3e707a16418405139945,2025,Towards Generalizable AI-Generated Image Detection via Image-Adaptive Prompt Learning,Towards Generalizable AI-Generated Image Detection via Image-Adaptive Prompt Learning,false
web/data/public_preview_papers.json,10.1109/cvpr52734.2025.02219,,2025,Towards Universal AI-Generated Image Detection by Variational Information Bottleneck Network,Towards Universal AI-Generated Image Detection by Variational Information Bottleneck Network,false
web/data/public_preview_papers.json,curated:ee47e898ad64ec14b709,curated:ee47e898ad64ec14b709,2025,Training-free Source Attribution of AI-generated Images via Resynthesis,Training-Free Source Attribution of AI-Generated Images via Resynthesis,true
web/data/public_preview_papers.json,curated:dc9126cc128e1b228717,curated:dc9126cc128e1b228717,2025,Transfer Learning of Real Image Features with Soft Contrastive Loss for Fake Image Detection,Transfer Learning of Real Image Features with Soft Contrastive Loss for Fake Image Detection,false
web/data/public_preview_papers.json,10.1109/ic-cgu67042.2025.11338102,,2025,TriFusionNet: Multi-Branch Architecture for AI-Generated Image Detection,TriFusionNet: Multi-Branch Architecture for AI-Generated Image Detection,false
web/data/public_preview_papers.json,10.1007/s44443-025-00154-8,,2025,Unmasking AI-created visual content: a review of generated images and deepfake detection technologies,Unmasking AI-Created Visual Content: A Review of Generated Images and Deepfake Detection Technologies,true
web/data/public_preview_papers.json,10.31449/inf.v49i16.7979,,2025,Vision Transformer-Based Framework for AI-Generated Image Detection in Interior Design,Vision Transformer-Based Framework for AI-Generated Image Detection in Interior Design,false
web/data/public_preview_papers.json,curated:efceafb2be2246aa120b,curated:efceafb2be2246aa120b,2025,Weakly‐Aligned Region‐Language Transformer for Real‐Time Artistic Content Detection in SAGIN,Weakly‐Aligned Region‐Language Transformer for Real‐Time Artistic Content Detection in SAGIN,false
web/data/public_preview_papers.json,curated:ef5f9b419eef35c5c255,curated:ef5f9b419eef35c5c255,2025,Where's the liability in the Generative Era? Recovery-based Black-Box Detection of AI-Generated Content,Where's the Liability in the Generative Era? Recovery-Based Black-Box Detection of AI-Generated Content,true
web/data/public_preview_papers.json,curated:90ac5206f85eaebc7203,curated:90ac5206f85eaebc7203,2025,WILD: a new in-the-Wild Image Linkage Dataset for synthetic image attribution,WILD: A New In-the-Wild Image Linkage Dataset for Synthetic Image Attribution,true
web/data/public_preview_papers.json,curated:61211bdca508937e8a4f,curated:61211bdca508937e8a4f,2025,WildFake: A Large-Scale and Hierarchical Dataset for AI-Generated Images Detection,WildFake: A Large-Scale and Hierarchical Dataset for AI-Generated Images Detection,false
web/data/public_preview_papers.json,curated:cb237bfcbc395a031757,curated:cb237bfcbc395a031757,2024,A COMPARATIVE REVIEW OF AI-GENERATED IMAGE DETECTION ACROSS SOCIAL MEDIA PLATFORMS,A COMPARATIVE REVIEW OF AI-GENERATED IMAGE DETECTION ACROSS SOCIAL MEDIA PLATFORMS,false
web/data/public_preview_papers.json,10.1016/j.patrec.2024.03.025,,2024,A guided-based approach for deepfake detection: RGB-depth integration via features fusion,A Guided-Based Approach for Deepfake Detection: RGB-Depth Integration via Features Fusion,true
web/data/public_preview_papers.json,10.3390/electronics13091662,,2024,A Hybrid CNN-LSTM Approach for Precision Deepfake Image Detection Based on Transfer Learning,A Hybrid CNN-LSTM Approach for Precision Deepfake Image Detection Based on Transfer Learning,false
web/data/public_preview_papers.json,curated:517a2cc4ca3690f3fc44,curated:517a2cc4ca3690f3fc44,2024,A Performance Analysis to Detect Synthetic Images with Deep Learning-Based Image Classification,A Performance Analysis to Detect Synthetic Images with Deep Learning-Based Image Classification,false
web/data/public_preview_papers.json,curated:34d0af5286cad283526f,curated:34d0af5286cad283526f,2024,A Siamese-Based Verification System for Open-Set Architecture Attribution of Synthetic Images,A Siamese-Based Verification System for Open-Set Architecture Attribution of Synthetic Images,false
web/data/public_preview_papers.json,10.48550/arxiv.2402.01123,,2024,A Single Simple Patch is All You Need for AI-generated Image Detection,A Single Simple Patch Is All You Need for AI-Generated Image Detection,true
web/data/public_preview_papers.json,10.48550/arxiv.2407.10575,,2024,"A Survey of Defenses Against AI-Generated Visual Media: Detection,Disruption, and Authentication","A Survey of Defenses Against AI-Generated Visual Media: Detection,Disruption, and Authentication",false
web/data/public_preview_papers.json,10.1145/3702250.3702296,,2024,Addressing Diffusion Model Based Counter-Forensic Image Manipulation for Synthetic Image Detection,Addressing Diffusion Model Based Counter-Forensic Image Manipulation for Synthetic Image Detection,false
web/data/public_preview_papers.json,10.1109/access.2024.3522759,,2024,Advanced Detection of AI-Generated Images Through Vision Transformers,Advanced Detection of AI-Generated Images Through Vision Transformers,false
web/data/public_preview_papers.json,curated:a0abee05e50398d03f2f,curated:a0abee05e50398d03f2f,2024,AEROBLADE: Training-Free Detection of Latent Diffusion Images Using Autoencoder Reconstruction Error,AEROBLADE: Training-Free Detection of Latent Diffusion Images Using Autoencoder Reconstruction Error,false
web/data/public_preview_papers.json,10.55041/ijsrem29037,,2024,AI Generated Image Detection Using Neural Networks,AI Generated Image Detection Using Neural Networks,false
web/data/public_preview_papers.json,10.1109/icip51287.2024.10648186,,2024,AI-Generated Image Detection With Wasserstein Distance Compression and Dynamic Aggregation,AI-Generated Image Detection with Wasserstein Distance Compression and Dynamic Aggregation,true
web/data/public_preview_papers.json,10.48550/arxiv.2411.13553,,2024,AI-generated Image Detection: Passive or Watermark?,AI-Generated Image Detection: Passive or Watermark?,true
web/data/public_preview_papers.json,10.1109/sp54263.2024.00194,,2024,An Analysis of Recent Advances in Deepfake Image Detection in an Evolving Threat Landscape,An Analysis of Recent Advances in Deepfake Image Detection in an Evolving Threat Landscape,false
web/data/public_preview_papers.json,curated:1d944c47839b3890a623,curated:1d944c47839b3890a623,2024,Are handcrafted filters helpful for attributing AI-generated images?,Are Handcrafted Filters Helpful for Attributing AI-Generated Images?,true
web/data/public_preview_papers.json,10.1016/j.cviu.2024.104078,,2024,Artifact feature purification for cross-domain detection of AI-generated images,Artifact Feature Purification for Cross-Domain Detection of AI-Generated Images,true
web/data/public_preview_papers.json,10.52202/079017-1903,,2024,Breaking Semantic Artifacts for Generalized AI-generated Image Detection,Breaking Semantic Artifacts for Generalized AI-Generated Image Detection,true
web/data/public_preview_papers.json,10.1109/access.2024.3356122,,2024,CIFAKE: Image Classification and Explainable Identification of AI-Generated Synthetic Images,CIFAKE: Image Classification and Explainable Identification of AI-Generated Synthetic Images,false
web/data/public_preview_papers.json,curated:253c210194ac9348f9e6,curated:253c210194ac9348f9e6,2024,CLIPping the Deception: Adapting Vision-Language Models for Universal Deepfake Detection,CLIPping the Deception: Adapting Vision-Language Models for Universal Deepfake Detection,false
web/data/public_preview_papers.json,10.1109/idicaiei61867.2024.10842840,,2024,CNN-LSTM Model for Deepfake Image Detection,CNN-LSTM Model for Deepfake Image Detection,false
web/data/public_preview_papers.json,curated:988373de555945528142,curated:988373de555945528142,2024,"Comparative Analysis of Deepfake Image Detection Method Using VGG16, VGG19 and ResNet50","Comparative Analysis of Deepfake Image Detection Method Using VGG16, VGG19 and ResNet50",false
web/data/public_preview_papers.json,curated:096573f365e37679c445,curated:096573f365e37679c445,2024,Contrasting Deepfakes Diffusion via Contrastive Learning and Global-Local Similarities,Contrasting Deepfakes Diffusion via Contrastive Learning and Global-Local Similarities,false
web/data/public_preview_papers.json,curated:d740749676417c725798,curated:d740749676417c725798,2024,D4: Detection of Adversarial Diffusion Deepfakes Using Disjoint Ensembles,D4: Detection of Adversarial Diffusion Deepfakes Using Disjoint Ensembles,false
web/data/public_preview_papers.json,10.48550/arxiv.2403.06803,,2024,Data-Independent Operator: A Training-Free Artifact Representation Extractor for Generalizable Deepfake Detection,Data-Independent Operator: A Training-Free Artifact Representation Extractor for Generalizable Deepfake Detection,false
web/data/public_preview_papers.json,10.1109/wacv57701.2024.00402,,2024,Deep Image Fingerprint: Towards Low Budget Synthetic Image Detection and Model Lineage Analysis,Deep Image Fingerprint: Towards Low Budget Synthetic Image Detection and Model Lineage Analysis,false
web/data/public_preview_papers.json,10.48550/arxiv.2403.13479,,2024,Deepfake Detection without Deepfakes: Generalization via Synthetic Frequency Patterns Injection,Deepfake Detection Without Deepfakes: Generalization via Synthetic Frequency Patterns Injection,true
web/data/public_preview_papers.json,10.55041/ijsrem30215,,2024,DeepFake Image Detection,DeepFake Image Detection,false
web/data/public_preview_papers.json,10.1109/cybercomp60759.2024.10913843,,2024,Deepfake Image Detection Using ResNet50 Model,Deepfake Image Detection Using ResNet50 Model,false
web/data/public_preview_papers.json,10.1109/blackseacom61746.2024.10646310,,2024,Deepfake Image Detection Using Vision Transformer Models,Deepfake Image Detection Using Vision Transformer Models,false
web/data/public_preview_papers.json,10.1109/punecon63413.2024.10895706,,2024,Deepfake Image Detection Using Yolov8,Deepfake Image Detection Using Yolov8,false
web/data/public_preview_papers.json,10.1109/icipcn63822.2024.00014,,2024,DeepSight: Enhancing Deepfake Image Detection and Classification through Ensemble and Deep Learning Techniques,DeepSight: Enhancing Deepfake Image Detection and Classification Through Ensemble and Deep Learning Techniques,true
web/data/public_preview_papers.json,10.1109/aivrv63595.2024.10860248,,2024,Detecting AI Generated Images Through Texture and Frequency Analysis of Patches,Detecting AI Generated Images Through Texture and Frequency Analysis of Patches,false
web/data/public_preview_papers.json,10.21203/rs.3.rs-4259468/v1,,2024,Detecting AI-Generated Images via CLIP,Detecting AI-Generated Images via CLIP,false
web/data/public_preview_papers.json,10.1109/inc460750.2024.10649158,,2024,Detecting AI-generated images with CNN and Interpretation using Explainable AI,Detecting AI-Generated Images with CNN and Interpretation Using Explainable AI,true
web/data/public_preview_papers.json,10.1016/j.inffus.2024.102578,,2024,Detecting Artificial Intelligence-Generated images via deep trace representations and interactive feature fusion,Detecting Artificial Intelligence-Generated Images via Deep Trace Representations and Interactive Feature Fusion,true
web/data/public_preview_papers.json,curated:3864d12fe8df7b9cb19c,curated:3864d12fe8df7b9cb19c,2024,Detecting computer-generated images by using only real images,Detecting Computer-Generated Images by Using Only Real Images,true
web/data/public_preview_papers.json,10.36227/techrxiv.170723324.44685515/v1,,2024,Detecting Multimedia Generated by Large AI Models: A Survey,Detecting Multimedia Generated by Large AI Models: A Survey,false
web/data/public_preview_papers.json,10.48550/arxiv.2408.09371,,2024,Detecting the Undetectable: Combining Kolmogorov-Arnold Networks and MLP for AI-Generated Image Detection,Detecting the Undetectable: Combining Kolmogorov-Arnold Networks and MLP for AI-Generated Image Detection,false
web/data/public_preview_papers.json,10.3390/ai5030076,,2024,Detection of AI-Generated Synthetic Images with a Lightweight CNN,Detection of AI-Generated Synthetic Images with a Lightweight CNN,false
web/data/public_preview_papers.json,10.1016/j.heliyon.2024.e37163,,2024,Detection of real-time deep fakes and face forgery in video conferencing employing generative adversarial networks,Detection of Real-Time Deep Fakes and Face Forgery in Video Conferencing Employing Generative Adversarial Networks,true
web/data/public_preview_papers.json,10.48550/arxiv.2406.13688,,2024,Development of a Dual-Input Neural Model for Detecting AI-Generated Imagery,Development of a Dual-Input Neural Model for Detecting AI-Generated Imagery,false
web/data/public_preview_papers.json,curated:19c7b91816312d2877c9,curated:19c7b91816312d2877c9,2024,Did You Note My Palette? Unveiling Synthetic Images Through Color Statistics,Did You Note My Palette? Unveiling Synthetic Images Through Color Statistics,false
web/data/public_preview_papers.json,10.1007/978-3-031-78305-0_15,,2024,Diffusion Models as a Representation Learner for Deepfake Image Detection,Diffusion Models as a Representation Learner for Deepfake Image Detection,false
web/data/public_preview_papers.json,curated:87ef976b546206fde199,curated:87ef976b546206fde199,2024,"DistilDIRE: A Small, Fast, Cheap and Lightweight Diffusion Synthesized Deepfake Detection","DistilDIRE: A Small, Fast, Cheap and Lightweight Diffusion Synthesized Deepfake Detection",false
web/data/public_preview_papers.json,curated:3c8696103d9d5e608281,curated:3c8696103d9d5e608281,2024,DRCT: Diffusion Reconstruction Contrastive Training towards Universal Detection of Diffusion Generated Images,DRCT: Diffusion Reconstruction Contrastive Training Towards Universal Detection of Diffusion Generated Images,true
web/data/public_preview_papers.json,curated:8cb907bc9003c61325f8,curated:8cb907bc9003c61325f8,2024,E3: Ensemble of Expert Embedders for Adapting Synthetic Image Detectors to New Generators Using Limited Data,E3: Ensemble of Expert Embedders for Adapting Synthetic Image Detectors to New Generators Using Limited Data,false
web/data/public_preview_papers.json,10.1109/sin63213.2024.10871900,,2024,Enhancing AI-Generated Image Detection with a Novel Approach and Comparative Analysis,Enhancing AI-Generated Image Detection with a Novel Approach and Comparative Analysis,false
web/data/public_preview_papers.json,10.1109/access.2024.3382196,,2024,Enhancing Deepfake Detection With Diversified Self-Blending Images and Residuals,Enhancing Deepfake Detection with Diversified Self-Blending Images and Residuals,true
web/data/public_preview_papers.json,10.1007/s11468-024-02492-1,,2024,Enhancing Sensing and Imaging Capabilities Through Surface Plasmon Resonance for Deepfake Image Detection,Enhancing Sensing and Imaging Capabilities Through Surface Plasmon Resonance for Deepfake Image Detection,false
web/data/public_preview_papers.json,10.1109/mvip62238.2024.10491148,,2024,Enhancing the Generalization of Synthetic Image Detection Models through the Exploration of Features in Deep Detection Models,Enhancing the Generalization of Synthetic Image Detection Models Through the Exploration of Features in Deep Detection Models,true
web/data/public_preview_papers.json,10.1016/j.ins.2024.121267,,2024,Evasion on general GAN-generated image detection by disentangled representation,Evasion on General GAN-Generated Image Detection by Disentangled Representation,true
web/data/public_preview_papers.json,curated:2117831292318de4cf18,curated:2117831292318de4cf18,2024,Explainable Artifacts for Synthetic Western Blot Source Attribution,Explainable Artifacts for Synthetic Western Blot Source Attribution,false
web/data/public_preview_papers.json,10.1109/wifs61860.2024.10810719,,2024,Exploring the Adversarial Robustness of CLIP for AI-generated Image Detection,Exploring the Adversarial Robustness of CLIP for AI-Generated Image Detection,true
web/data/public_preview_papers.json,curated:40db3b79c5d83b80e5a4,curated:40db3b79c5d83b80e5a4,2024,Fake-GPT: Detecting Fake Image via Large Language Model,Fake-GPT: Detecting Fake Image via Large Language Model,false
web/data/public_preview_papers.json,curated:1eef07ebb6bd7e596f61,curated:1eef07ebb6bd7e596f61,2024,FakeInversion: Learning to Detect Images from Unseen Text-to-Image Models by Inverting Stable Diffusion,FakeInversion: Learning to Detect Images from Unseen Text-to-Image Models by Inverting Stable Diffusion,false
web/data/public_preview_papers.json,10.1109/lsp.2024.3511421,,2024,FAMSeC: A Few-Shot-Sample-Based General AI-Generated Image Detection Method,FAMSeC: A Few-Shot-Sample-Based General AI-Generated Image Detection Method,false
web/data/public_preview_papers.json,curated:25c76f83f95efc6207a4,curated:25c76f83f95efc6207a4,2024,Faster Than Lies: Real-time Deepfake Detection using Binary Neural Networks,Faster Than Lies: Real-Time Deepfake Detection Using Binary Neural Networks,true
web/data/public_preview_papers.json,curated:ce200a9a7aa3dee36fc7,curated:ce200a9a7aa3dee36fc7,2024,FIDAVL: Fake Image Detection and Attribution Using Vision-Language Model,FIDAVL: Fake Image Detection and Attribution Using Vision-Language Model,false
web/data/public_preview_papers.json,10.1109/cvpr52733.2024.01024,,2024,Forgery-aware Adaptive Transformer for Generalizable Synthetic Image Detection,Forgery-Aware Adaptive Transformer for Generalizable Synthetic Image Detection,true
web/data/public_preview_papers.json,curated:c9485f4d5346304272f2,curated:c9485f4d5346304272f2,2024,Frequency Masking for Universal Deepfake Detection,Frequency Masking for Universal Deepfake Detection,false
web/data/public_preview_papers.json,curated:f7cba2387b8a4131cc7b,curated:f7cba2387b8a4131cc7b,2024,Frequency-Aware Deepfake Detection: Improving Generalizability through Frequency Space Domain Learning,Frequency-Aware Deepfake Detection: Improving Generalizability Through Frequency Space Domain Learning,true
web/data/public_preview_papers.json,10.1109/iitcee59897.2024.10467257,,2024,GAN Generated Fake Human Face Image Detection,GAN Generated Fake Human Face Image Detection,false
web/data/public_preview_papers.json,10.1016/j.patrec.2024.04.018,,2024,Generalized and robust model for GAN-generated image detection,Generalized and Robust Model for GAN-Generated Image Detection,true
web/data/public_preview_papers.json,10.1080/21670811.2024.2331769,,2024,"Generative Visual AI in News Organizations: Challenges, Opportunities, Perceptions, and Policies","Generative Visual AI in News Organizations: Challenges, Opportunities, Perceptions, and Policies",false
web/data/public_preview_papers.json,10.48550/arxiv.2404.02726,,2024,Harnessing the Power of Large Vision Language Models for Synthetic Image Detection,Harnessing the Power of Large Vision Language Models for Synthetic Image Detection,false
web/data/public_preview_papers.json,https://doi.org/10.1007/s00530-024-01626-z,,2024,High-resolution network-based multi-feature fusion for generalized forgery detection,High-Resolution Network-Based Multi-Feature Fusion for Generalized Forgery Detection,true
web/data/public_preview_papers.json,10.37016/mr-2020-151,,2024,How spammers and scammers leverage AI-generated images on Facebook for audience growth,How Spammers and Scammers Leverage AI-Generated Images on Facebook for Audience Growth,true
web/data/public_preview_papers.json,curated:b65aca5f04f1f41ad725,curated:b65aca5f04f1f41ad725,2024,How to Trace Latent Generative Model Generated Images without Artificial Watermark?,How to Trace Latent Generative Model Generated Images Without Artificial Watermark?,true
web/data/public_preview_papers.json,curated:f76424b401abe0c0fd0c,curated:f76424b401abe0c0fd0c,2024,ImagiNet: A Multi-Content Benchmark for Synthetic Image Detection,ImagiNet: A Multi-Content Benchmark for Synthetic Image Detection,false
web/data/public_preview_papers.json,curated:fa317ff4ccce609227c0,curated:fa317ff4ccce609227c0,2024,Improving Interpretability and Robustness for the Detection of AI-Generated Images,Improving Interpretability and Robustness for the Detection of AI-Generated Images,false
web/data/public_preview_papers.json,10.14569/ijacsa.2024.01507133,,2024,IPD-Net: Detecting AI-Generated Images via Inter-Patch Dependencies,IPD-Net: Detecting AI-Generated Images via Inter-Patch Dependencies,false
web/data/public_preview_papers.json,10.1109/cvpr52733.2024.01609,,2024,LaRE<sup>2</sup>: Latent Reconstruction Error Based Method for Diffusion-Generated Image Detection,LaRE<sup>2</sup>: Latent Reconstruction Error Based Method for Diffusion-Generated Image Detection,false
web/data/public_preview_papers.json,10.1007/978-3-031-66431-1_43,,2024,Level Up the Deepfake Detection: A Method to Effectively Discriminate Images Generated by GAN Architectures and Diffusion Models,Level Up the Deepfake Detection: A Method to Effectively Discriminate Images Generated by GAN Architectures and Diffusion Models,false
web/data/public_preview_papers.json,10.1007/978-3-031-73220-1_23,,2024,Leveraging Representations from Intermediate Encoder-Blocks for Synthetic Image Detection,Leveraging Representations from Intermediate Encoder-Blocks for Synthetic Image Detection,false
web/data/public_preview_papers.json,10.1117/12.3035198,,2024,Local frequency analysis for diffusion-generated image detection,Local Frequency Analysis for Diffusion-Generated Image Detection,true
web/data/public_preview_papers.json,curated:34fdf09ae334914a2723,curated:34fdf09ae334914a2723,2024,ManiFPT: Defining and Analyzing Fingerprints of Generative Models,ManiFPT: Defining and Analyzing Fingerprints of Generative Models,false
web/data/public_preview_papers.json,curated:f523af1f7fe7b16fda75,curated:f523af1f7fe7b16fda75,2024,MaskSim: Detection of synthetic images by masked spectrum similarity analysis,MaskSim: Detection of Synthetic Images by Masked Spectrum Similarity Analysis,true
web/data/public_preview_papers.json,10.1145/3652027,,2024,Mastering Deepfake Detection: A Cutting-edge Approach to Distinguish GAN and Diffusion-model Images,Mastering Deepfake Detection: A Cutting-Edge Approach to Distinguish GAN and Diffusion-Model Images,true
web/data/public_preview_papers.json,10.1016/j.eswa.2024.123368,,2024,MDTL-NET: Computer-generated image detection based on multi-scale deep texture learning,MDTL-NET: Computer-Generated Image Detection Based on Multi-Scale Deep Texture Learning,true
web/data/public_preview_papers.json,curated:9a84f4f666bcdda92186,curated:9a84f4f666bcdda92186,2024,Mixture of Low-rank Experts for Transferable AI-Generated Image Detection,Mixture of Low-Rank Experts for Transferable AI-Generated Image Detection,true
web/data/public_preview_papers.json,10.1109/access.2024.3393842,,2024,MMGANGuard: A Robust Approach for Detecting Fake Images Generated by GANs Using Multi-Model Techniques,MMGANGuard: A Robust Approach for Detecting Fake Images Generated by GANs Using Multi-Model Techniques,false
web/data/public_preview_papers.json,10.3390/computers13010031,,2024,Multiclass AI-Generated Deepfake Face Detection Using Patch-Wise Deep Learning Model,Multiclass AI-Generated Deepfake Face Detection Using Patch-Wise Deep Learning Model,false
web/data/public_preview_papers.json,curated:8603d8942c241dd876ed,curated:8603d8942c241dd876ed,2024,On the Exploitation of DCT-Traces in the Generative-AI Domain,On the Exploitation of DCT-Traces in the Generative-AI Domain,false
web/data/public_preview_papers.json,curated:56cb44d373ab183b7df9,curated:56cb44d373ab183b7df9,2024,On the Use of Mixup Augmentation for Synthetic Image Attribution in the Wild,On the Use of Mixup Augmentation for Synthetic Image Attribution in the Wild,false
web/data/public_preview_papers.json,curated:0b2081f70faaf81278dc,curated:0b2081f70faaf81278dc,2024,Organic or Diffused: Can We Distinguish Human Art from AI-generated Images?,Organic or Diffused: Can We Distinguish Human Art from AI-Generated Images?,true
web/data/public_preview_papers.json,curated:c3041d4480f5780e7492,curated:c3041d4480f5780e7492,2024,Parents and Children: Distinguishing Multimodal Deepfakes from Natural Images,Parents and Children: Distinguishing Multimodal Deepfakes from Natural Images,false
web/data/public_preview_papers.json,10.1109/cvprw63382.2024.00439,,2024,Raising the Bar of AI-generated Image Detection with CLIP,Raising the Bar of AI-Generated Image Detection with CLIP,true
web/data/public_preview_papers.json,10.1109/cvpr52733.2024.02657,,2024,Rethinking the Up-Sampling Operations in CNN-Based Generative Network for Generalizable Deepfake Detection,Rethinking the Up-Sampling Operations in CNN-Based Generative Network for Generalizable Deepfake Detection,false
web/data/public_preview_papers.json,10.1109/avss61716.2024.10672612,,2024,Robust CLIP-Based Detector for Exposing Diffusion Model-Generated Images,Robust CLIP-Based Detector for Exposing Diffusion Model-Generated Images,false
web/data/public_preview_papers.json,10.1145/3664647.3680776,,2024,SemGIR: Semantic-Guided Image Regeneration Based Method for AI-generated Image Detection and Attribution,SemGIR: Semantic-Guided Image Regeneration Based Method for AI-Generated Image Detection and Attribution,true
web/data/public_preview_papers.json,curated:b75682820c5af85396c1,curated:b75682820c5af85396c1,2024,Semi-Truths: A Large-Scale Dataset of AI-Augmented Images for Evaluating Robustness of AI-Generated Image detectors,Semi-Truths: A Large-Scale Dataset of AI-Augmented Images for Evaluating Robustness of AI-Generated Image Detectors,true
web/data/public_preview_papers.json,curated:b286f4a33839eed35258,curated:b286f4a33839eed35258,2024,Shadows Don't Lie and Lines Can't Bend! Generative Models Don't know Projective Geometry…for Now,Shadows Don't Lie and Lines Can't Bend! Generative Models Don't Know Projective Geometry…for Now,true
web/data/public_preview_papers.json,curated:960c6a53879767054f0c,curated:960c6a53879767054f0c,2024,SIDBench: A Python framework for reliably assessing synthetic image detection methods,SIDBench: A Python Framework for Reliably Assessing Synthetic Image Detection Methods,true
web/data/public_preview_papers.json,curated:8c85a92b00aa321fbe8c,curated:8c85a92b00aa321fbe8c,2024,Source Attribution for Images Generated by Diffusion-Based Text-to-Image Models: Exploring the Forensics Approach,Source Attribution for Images Generated by Diffusion-Based Text-to-Image Models: Exploring the Forensics Approach,false
web/data/public_preview_papers.json,curated:b7664c48f91262cfe091,curated:b7664c48f91262cfe091,2024,StealthDiffusion: Towards Evading Diffusion Forensic Detection through Diffusion Model,StealthDiffusion: Towards Evading Diffusion Forensic Detection Through Diffusion Model,true
web/data/public_preview_papers.json,10.1109/msec.2024.3376637,,2024,Synthetic Image Verification in the Era of Generative Artificial Intelligence: What Works and What Isn’t There yet,Synthetic Image Verification in the Era of Generative Artificial Intelligence: What Works and What Isn’t There Yet,true
web/data/public_preview_papers.json,10.48550/arxiv.2412.06727,,2024,Take Fake as Real: Realistic-like Robust Black-box Adversarial Attack to Evade AIGC Detection,Take Fake as Real: Realistic-Like Robust Black-Box Adversarial Attack to Evade AIGC Detection,true
web/data/public_preview_papers.json,10.48550/arxiv.2405.18071,,2024,Text Modality Oriented Image Feature Extraction for Detecting Diffusion-based DeepFake,Text Modality Oriented Image Feature Extraction for Detecting Diffusion-Based DeepFake,true
web/data/public_preview_papers.json,curated:e058b4e851ac44180d82,curated:e058b4e851ac44180d82,2024,Tiny Autoencoders are Effective Few-Shot Generative Model Detectors,Tiny Autoencoders Are Effective Few-Shot Generative Model Detectors,true
web/data/public_preview_papers.json,10.1109/lsp.2024.3388958,,2024,Towards Generated Image Provenance Analysis via Conceptual-Similar-Guided-SLIP Retrieval,Towards Generated Image Provenance Analysis via Conceptual-Similar-Guided-SLIP Retrieval,false
web/data/public_preview_papers.json,curated:d9f9207830bec1da388f,curated:d9f9207830bec1da388f,2024,Towards More Accurate Fake Detection on Images Generated from Advanced Generative and Neural Rendering Models,Towards More Accurate Fake Detection on Images Generated from Advanced Generative and Neural Rendering Models,false
web/data/public_preview_papers.json,curated:b1977dc0fcca329719f0,curated:b1977dc0fcca329719f0,2024,Towards the Detection of Diffusion Model Deepfakes,Towards the Detection of Diffusion Model Deepfakes,false
web/data/public_preview_papers.json,curated:fe2c4c4c423cdd91d6d3,curated:fe2c4c4c423cdd91d6d3,2024,Understanding and Improving Training-Free AI-Generated Image Detections with Vision Foundation Models,Understanding and Improving Training-Free AI-Generated Image Detections with Vision Foundation Models,false
web/data/public_preview_papers.json,10.1109/tcsvt.2024.3383833,,2024,Unsupervised Generative Fake Image Detector,Unsupervised Generative Fake Image Detector,false
web/data/public_preview_papers.json,10.1109/icrito61523.2024.10522113,,2024,Visual Veracity: Advancing AI-Generated Image Detection with Convolutional Neural Networks,Visual Veracity: Advancing AI-Generated Image Detection with Convolutional Neural Networks,false
web/data/public_preview_papers.json,curated:98c0322e2f8dd41d3e9e,curated:98c0322e2f8dd41d3e9e,2024,Which Model Generated This Image? A Model-Agnostic Approach for Origin Attribution,Which Model Generated This Image? A Model-Agnostic Approach for Origin Attribution,false
web/data/public_preview_papers.json,10.1145/3643491.3660280,,2024,Whodunit: Detection and Attribution of Synthetic Images by Leveraging Model-specific Fingerprints,Whodunit: Detection and Attribution of Synthetic Images by Leveraging Model-Specific Fingerprints,true
web/data/public_preview_papers.json,10.1109/ijcnn60899.2024.10650566,,2024,X-Transfer: A Transfer Learning-Based Framework for GAN-Generated Fake Image Detection,X-Transfer: A Transfer Learning-Based Framework for GAN-Generated Fake Image Detection,false
web/data/public_preview_papers.json,curated:a6f370defb21b2e07381,curated:a6f370defb21b2e07381,2024,Your Diffusion Model is an Implicit Synthetic Image Detector,Your Diffusion Model Is an Implicit Synthetic Image Detector,true
web/data/public_preview_papers.json,10.1007/978-3-031-72649-1_4,,2024,Zero-Shot Detection of AI-Generated Images,Zero-Shot Detection of AI-Generated Images,false
web/data/public_preview_papers.json,curated:a87d86d7032f5a751004,curated:a87d86d7032f5a751004,2024,ZeroFake: Zero-Shot Detection of Fake Images Generated and Edited by Text-to-Image Generation Models,ZeroFake: Zero-Shot Detection of Fake Images Generated and Edited by Text-to-Image Generation Models,false
web/data/public_preview_papers.json,10.1109/snpd-winter57765.2023.10223798,,2023,A GAN-based Approach to Detect AI-Generated Images,A GAN-Based Approach to Detect AI-Generated Images,true
web/data/public_preview_papers.json,10.3390/app131910980,,2023,A Survey of Detection and Mitigation for Fake Images on Social Media Platforms,A Survey of Detection and Mitigation for Fake Images on Social Media Platforms,false
web/data/public_preview_papers.json,10.1109/iccit60459.2023.10440990,,2023,Advancing AI-Generated Image Detection: Enhanced Accuracy through CNN and Vision Transformer Models with Explainable AI Insights,Advancing AI-Generated Image Detection: Enhanced Accuracy Through CNN and Vision Transformer Models with Explainable AI Insights,true
web/data/public_preview_papers.json,10.1109/apsipaasc58517.2023.10317126,,2023,AI-Generated Image Detection using a Cross-Attention Enhanced Dual-Stream Network,AI-Generated Image Detection Using a Cross-Attention Enhanced Dual-Stream Network,true
web/data/public_preview_papers.json,10.1109/access.2023.3251417,,2023,An Improved Dense CNN Architecture for Deepfake Image Detection,An Improved Dense CNN Architecture for Deepfake Image Detection,false
web/data/public_preview_papers.json,10.1109/icip49359.2023.10222083,,2023,Artifact: A Large-Scale Dataset With Artificial And Factual Images For Generalizable And Robust Synthetic Image Detection,Artifact: A Large-Scale Dataset with Artificial and Factual Images for Generalizable and Robust Synthetic Image Detection,true
web/data/public_preview_papers.json,10.48550/arxiv.2302.14475,,2023,Benchmarking Deepart Detection,Benchmarking Deepart Detection,false
web/data/public_preview_papers.json,10.1109/tcds.2023.3274450,,2023,CSC-Net: Cross-Color Spatial Co-Occurrence Matrix Network for Detecting Synthesized Fake Images,CSC-Net: Cross-Color Spatial Co-Occurrence Matrix Network for Detecting Synthesized Fake Images,false
web/data/public_preview_papers.json,10.1145/3576915.3616588,,2023,DE-FAKE: Detection and Attribution of Fake Images Generated by Text-to-Image Generation Models,DE-FAKE: Detection and Attribution of Fake Images Generated by Text-to-Image Generation Models,false
web/data/public_preview_papers.json,10.1038/s41598-023-34629-3,,2023,Deep fake detection and classification using error-level analysis and deep learning,Deep Fake Detection and Classification Using Error-Level Analysis and Deep Learning,true
web/data/public_preview_papers.json,10.48550/arxiv.2312.10407,,2023,DeepArt: A Benchmark to Advance Fidelity Research in AI-Generated Content,DeepArt: A Benchmark to Advance Fidelity Research in AI-Generated Content,false
web/data/public_preview_papers.json,10.22266/ijies2023.0630.07,,2023,DeepFake Detection Improvement for Images Based on a Proposed Method for Local Binary Pattern of the Multiple-Channel Color Space,DeepFake Detection Improvement for Images Based on a Proposed Method for Local Binary Pattern of the Multiple-Channel Color Space,false
web/data/public_preview_papers.json,10.1002/widm.1520,,2023,Deepfake detection using deep learning methods: A systematic and comprehensive review,Deepfake Detection Using Deep Learning Methods: A Systematic and Comprehensive Review,true
web/data/public_preview_papers.json,10.1109/access.2023.3342107,,2023,Deepfake Generation and Detection: Case Study and Challenges,Deepfake Generation and Detection: Case Study and Challenges,false
web/data/public_preview_papers.json,10.2352/ei.2023.35.4.mwsf-380,,2023,Detecting GAN-generated synthetic images using semantic inconsistencies,Detecting GAN-Generated Synthetic Images Using Semantic Inconsistencies,true
web/data/public_preview_papers.json,10.1109/iccvw60793.2023.00051,,2023,Detecting Images Generated by Deep Diffusion Models using their Local Intrinsic Dimensionality,Detecting Images Generated by Deep Diffusion Models Using Their Local Intrinsic Dimensionality,true
web/data/public_preview_papers.json,10.1016/j.jvcir.2023.103876,,2023,Detection of GAN generated image using color gradient representation,Detection of GAN Generated Image Using Color Gradient Representation,true
web/data/public_preview_papers.json,10.48550/arxiv.2312.02625,,2023,Diffusion Noise Feature: Accurate and Fast Generated Image Detection,Diffusion Noise Feature: Accurate and Fast Generated Image Detection,false
web/data/public_preview_papers.json,10.1109/cacre58689.2023.10208613,,2023,Digital Image Forensic Analyzer to Detect AI-generated Fake Images,Digital Image Forensic Analyzer to Detect AI-Generated Fake Images,true
web/data/public_preview_papers.json,10.1109/iccv51070.2023.02051,,2023,DIRE for Diffusion-Generated Image Detection,DIRE for Diffusion-Generated Image Detection,false
web/data/public_preview_papers.json,10.1016/j.chb.2023.107875,,2023,Does an emotional connection to art really require a human artist? Emotion and intentionality responses to AI- versus human-created art and impact on aesthetic experience,Does an Emotional Connection to Art Really Require a Human Artist? Emotion and Intentionality Responses to AI- Versus Human-Created Art and Impact on Aesthetic Experience,true
web/data/public_preview_papers.json,10.1109/cvprw59228.2023.00098,,2023,EKILA: Synthetic Media Provenance and Attribution for Generative Art,EKILA: Synthetic Media Provenance and Attribution for Generative Art,false
web/data/public_preview_papers.json,10.1109/icdmw60847.2023.00053,,2023,Enhancing Interpretability in AI-Generated Image Detection with Genetic Programming,Enhancing Interpretability in AI-Generated Image Detection with Genetic Programming,false
web/data/public_preview_papers.json,10.1145/3576915.3623189,,2023,Evading Watermark based Detection of AI-Generated Content,Evading Watermark Based Detection of AI-Generated Content,true
web/data/public_preview_papers.json,10.1016/j.patrec.2023.10.021,,2023,Exposing fake images generated by text-to-image diffusion models,Exposing Fake Images Generated by Text-to-Image Diffusion Models,true
web/data/public_preview_papers.json,10.48550/arxiv.2307.06272,,2023,Exposing the Fake: Effective Diffusion-Generated Images Detection,Exposing the Fake: Effective Diffusion-Generated Images Detection,false
web/data/public_preview_papers.json,10.48550/arxiv.2312.08880,,2023,GenDet: Towards Good Generalizations for AI-Generated Image Detection,GenDet: Towards Good Generalizations for AI-Generated Image Detection,false
web/data/public_preview_papers.json,10.1109/tii.2023.3329711,,2023,Generating Synthetic Training Images to Detect Split Defects in Stamped Components,Generating Synthetic Training Images to Detect Split Defects in Stamped Components,false
web/data/public_preview_papers.json,curated:9c21b43f9681feb53a21,curated:9c21b43f9681feb53a21,2023,GenImage: A Million-Scale Benchmark for Detecting AI-Generated Image,GenImage: A Million-Scale Benchmark for Detecting AI-Generated Image,false
web/data/public_preview_papers.json,10.1109/tmm.2023.3313503,,2023,GLFF: Global and Local Feature Fusion for AI-Synthesized Image Detection,GLFF: Global and Local Feature Fusion for AI-Synthesized Image Detection,false
web/data/public_preview_papers.json,10.1145/3592572.3592846,,2023,Improving Synthetically Generated Image Detection in Cross-Concept Settings,Improving Synthetically Generated Image Detection in Cross-Concept Settings,false
web/data/public_preview_papers.json,10.1109/cvprw59228.2023.00104,,2023,Intriguing properties of synthetic images: from generative adversarial networks to diffusion models,Intriguing Properties of Synthetic Images: From Generative Adversarial Networks to Diffusion Models,true
web/data/public_preview_papers.json,10.1109/cvpr52729.2023.01165,,2023,Learning on Gradients: Generalized Artifacts Representation for GAN-Generated Images Detection,Learning on Gradients: Generalized Artifacts Representation for GAN-Generated Images Detection,false
web/data/public_preview_papers.json,10.1109/vcip59821.2023.10402778,,2023,Leveraging Image Gradients for Robust GAN-Generated Image Detection in OSN context,Leveraging Image Gradients for Robust GAN-Generated Image Detection in OSN Context,true
web/data/public_preview_papers.json,10.1109/icassp49357.2023.10095167,,2023,On The Detection of Synthetic Images Generated by Diffusion Models,On the Detection of Synthetic Images Generated by Diffusion Models,true
web/data/public_preview_papers.json,10.1109/iccvw60793.2023.00045,,2023,Online Detection of AI-Generated Images,Online Detection of AI-Generated Images,false
web/data/public_preview_papers.json,10.1109/cvprw59228.2023.00102,,2023,Open Set Classification of GAN-based Image Manipulations via a ViT-based Hybrid Architecture,Open Set Classification of GAN-Based Image Manipulations via a ViT-Based Hybrid Architecture,true
web/data/public_preview_papers.json,curated:5a91cc922c8a3c4c3d0c,curated:5a91cc922c8a3c4c3d0c,2023,Open Set Synthetic Image Source Attribution,Open Set Synthetic Image Source Attribution,false
web/data/public_preview_papers.json,10.48550/arxiv.2311.12397,,2023,PatchCraft: Exploring Texture Patch for Efficient AI-generated Image Detection,PatchCraft: Exploring Texture Patch for Efficient AI-Generated Image Detection,true
web/data/public_preview_papers.json,curated:297bed46b62fdf89c9ab,curated:297bed46b62fdf89c9ab,2023,Progressive Open Space Expansion for Open-Set Model Attribution,Progressive Open Space Expansion for Open-Set Model Attribution,false
web/data/public_preview_papers.json,10.1016/j.procs.2023.01.237,,2023,Revealing and Classification of Deepfakes Video's Images using a Customize Convolution Neural Network Model,Revealing and Classification of Deepfakes Video's Images Using a Customize Convolution Neural Network Model,true
web/data/public_preview_papers.json,curated:c6bb6e1e0a4d4eb372b5,curated:c6bb6e1e0a4d4eb372b5,2023,Seeing is not always believing: Benchmarking Human and Model Perception of AI-Generated Images,Seeing Is Not Always Believing: Benchmarking Human and Model Perception of AI-Generated Images,true
web/data/public_preview_papers.json,curated:62b0a9ae8be24d9f02e0,curated:62b0a9ae8be24d9f02e0,2023,Single-Model Attribution of Generative Models Through Final-Layer Inversion,Single-Model Attribution of Generative Models Through Final-Layer Inversion,false
web/data/public_preview_papers.json,curated:aaf9b7c69d384a3c3140,curated:aaf9b7c69d384a3c3140,2023,Synthbuster: Towards Detection of Diffusion Model Generated Images,Synthbuster: Towards Detection of Diffusion Model Generated Images,false
web/data/public_preview_papers.json,10.1093/cybsec/tyad011,,2023,Testing human ability to detect ‘deepfake’ images of human faces,Testing Human Ability to Detect ‘Deepfake’ Images of Human Faces,true
web/data/public_preview_papers.json,10.24963/ijcai.2023/52,,2023,Towards Robust Gan-Generated Image Detection: A Multi-View Completion Representation,Towards Robust GAN-Generated Image Detection: A Multi-View Completion Representation,true
web/data/public_preview_papers.json,curated:1ef55e4fc03eb4880beb,curated:1ef55e4fc03eb4880beb,2023,Towards Universal Fake Image Detectors that Generalize Across Generative Models,Towards Universal Fake Image Detectors That Generalize Across Generative Models,true
web/data/public_preview_papers.json,curated:a99dc95e4b7a85bd938f,curated:a99dc95e4b7a85bd938f,2023,TWIGMA: A dataset of AI-Generated Images with Metadata From Twitter,TWIGMA: A Dataset of AI-Generated Images with Metadata from Twitter,true
web/data/public_preview_papers.json,curated:baa48a1bff3effa2e915,curated:baa48a1bff3effa2e915,2023,Universal Detection and Source Attribution of Diffusion Model Generated Images with High Generalization and Robustness,Universal Detection and Source Attribution of Diffusion Model Generated Images with High Generalization and Robustness,false
web/data/public_preview_papers.json,10.52202/075280-3256,,2023,Where Did I Come From? Origin Attribution of AI-Generated Images,Where Did I Come From? Origin Attribution of AI-Generated Images,false
web/data/public_preview_papers.json,10.3390/app12199820,,2022,A Novel Deep Learning Approach for Deepfake Image Detection,A Novel Deep Learning Approach for Deepfake Image Detection,false
web/data/public_preview_papers.json,10.1016/j.patter.2022.100511,,2022,AI-enabled image fraud in scientific publications,AI-Enabled Image Fraud in Scientific Publications,true
web/data/public_preview_papers.json,10.3389/frsip.2022.918725,,2022,An Eyes-Based Siamese Neural Network for the Detection of GAN-Generated Face Images,An Eyes-Based Siamese Neural Network for the Detection of GAN-Generated Face Images,false
web/data/public_preview_papers.json,10.1109/hora55278.2022.9799858,,2022,Analysis Survey on Deepfake detection and Recognition with Convolutional Neural Networks,Analysis Survey on Deepfake Detection and Recognition with Convolutional Neural Networks,true
web/data/public_preview_papers.json,10.1109/wacv51458.2022.00293,,2022,BiHPF: Bilateral High-Pass Filters for Robust Deepfake Detection,BiHPF: Bilateral High-Pass Filters for Robust Deepfake Detection,false
web/data/public_preview_papers.json,10.1145/3512732.3533582,,2022,Cross-Forgery Analysis of Vision Transformers and CNNs for Deepfake Image Detection,Cross-Forgery Analysis of Vision Transformers and CNNs for Deepfake Image Detection,false
web/data/public_preview_papers.json,10.1016/j.trpro.2022.09.012,,2022,Deep Learning applied to Road Accident Detection with Transfer Learning and Synthetic Images,Deep Learning Applied to Road Accident Detection with Transfer Learning and Synthetic Images,true
web/data/public_preview_papers.json,curated:3587b5b40ea4c5a8afa8,curated:3587b5b40ea4c5a8afa8,2022,Deepfake Network Architecture Attribution,Deepfake Network Architecture Attribution,false
web/data/public_preview_papers.json,10.32604/iasc.2023.029653,,2022,Detecting Deepfake Images Using Deep Learning Techniques and Explainable AI Methods,Detecting Deepfake Images Using Deep Learning Techniques and Explainable AI Methods,false
web/data/public_preview_papers.json,10.1007/978-3-031-19781-9_6,,2022,Detecting Generated Images by Real Images,Detecting Generated Images by Real Images,false
web/data/public_preview_papers.json,curated:853c7e2ae5f343438dd5,curated:853c7e2ae5f343438dd5,2022,Did You Use My GAN to Generate Fake? Post-hoc Attribution of GAN Generated Images via Latent Recovery,Did You Use My GAN to Generate Fake? Post-Hoc Attribution of GAN Generated Images via Latent Recovery,true
web/data/public_preview_papers.json,10.1007/978-3-031-19784-0_39,,2022,Discovering Transferable Forensic Features for CNN-Generated Images Detection,Discovering Transferable Forensic Features for CNN-Generated Images Detection,false
web/data/public_preview_papers.json,10.1007/978-3-030-96466-5_14,,2022,EasyDeep: An IoT Friendly Robust Detection Method for GAN Generated Deepfake Images in Social Media,EasyDeep: An IoT Friendly Robust Detection Method for GAN Generated Deepfake Images in Social Media,false
web/data/public_preview_papers.json,10.1007/978-3-031-19781-9_5,,2022,FingerprintNet: Synthesized Fingerprints for Generated Image Detection,FingerprintNet: Synthesized Fingerprints for Generated Image Detection,false
web/data/public_preview_papers.json,10.1609/aaai.v36i1.19990,,2022,FrePGAN: Robust Deepfake Detection Using Frequency-Level Perturbations,FrePGAN: Robust Deepfake Detection Using Frequency-Level Perturbations,false
web/data/public_preview_papers.json,10.1109/icip46576.2022.9897820,,2022,Fusing Global and Local Features for Generalized AI-Synthesized Image Detection,Fusing Global and Local Features for Generalized AI-Synthesized Image Detection,false
web/data/public_preview_papers.json,10.1109/icme52920.2022.9859763,,2022,Improving GAN-Generated Image Detection Generalization Using Unsupervised Domain Adaptation,Improving GAN-Generated Image Detection Generalization Using Unsupervised Domain Adaptation,false
web/data/public_preview_papers.json,10.1109/cait56099.2022.10072275,,2022,MaskGAN: A Facial Fusion Algorithm for Deepfake Image Detection,MaskGAN: A Facial Fusion Algorithm for Deepfake Image Detection,false
web/data/public_preview_papers.json,curated:625ba11125534aedd39d,curated:625ba11125534aedd39d,2022,RepMix: Representation Mixing for Robust Attribution of Synthesized Images,RepMix: Representation Mixing for Robust Attribution of Synthesized Images,false
web/data/public_preview_papers.json,10.3390/jimaging8100263,,2022,The Face Deepfake Detection Challenge,The Face Deepfake Detection Challenge,false
web/data/public_preview_papers.json,10.1109/cvpr52688.2022.00771,,2022,Think Twice Before Detecting GAN-generated Fake Images from their Spectral Domain Imprints,Think Twice Before Detecting GAN-Generated Fake Images from Their Spectral Domain Imprints,true
web/data/public_preview_papers.json,10.48550/arxiv.2203.09777,,2022,Transferable Class-Modelling for Decentralized Source Attribution of GAN-Generated Images,Transferable Class-Modelling for Decentralized Source Attribution of GAN-Generated Images,false
web/data/public_preview_papers.json,10.1109/cvpr46437.2021.00712,,2021,A Closer Look at Fourier Spectrum Discrepancies for CNN-generated Images Detection,A Closer Look at Fourier Spectrum Discrepancies for CNN-Generated Images Detection,true
web/data/public_preview_papers.json,10.1109/confluence51648.2021.9377150,,2021,A Novel Neural Model based Framework for Detection of GAN Generated Fake Images,A Novel Neural Model Based Framework for Detection of GAN Generated Fake Images,true
web/data/public_preview_papers.json,10.1109/icme51207.2021.9428429,,2021,Are GAN Generated Images Easy to Detect? A Critical Analysis of the State-Of-The-Art,Are GAN Generated Images Easy to Detect? A Critical Analysis of the State-of-the-Art,true
web/data/public_preview_papers.json,10.24963/ijcai.2021/349,,2021,Beyond the Spectrum: Detecting Deepfakes via Re-Synthesis,Beyond the Spectrum: Detecting Deepfakes via Re-Synthesis,false
web/data/public_preview_papers.json,10.3390/jimaging7030059,,2021,Copy-Move Forgery Detection (CMFD) Using Deep Learning for Image and Video Forensics,Copy-Move Forgery Detection (CMFD) Using Deep Learning for Image and Video Forensics,false
web/data/public_preview_papers.json,10.1002/widm.1438,,2021,Deepfake attribution: On the source identification of artificially generated images,Deepfake Attribution: On the Source Identification of Artificially Generated Images,true
web/data/public_preview_papers.json,10.1109/tpami.2021.3093446,,2021,DeepFake Detection Based on Discrepancies Between Faces and Their Context,DeepFake Detection Based on Discrepancies Between Faces and Their Context,false
web/data/public_preview_papers.json,10.1109/ccge50943.2021.9776410,,2021,Deepfake Image Detection using CNNs and Transfer Learning,Deepfake Image Detection Using CNNs and Transfer Learning,true
web/data/public_preview_papers.json,10.1109/miucc52538.2021.9447642,,2021,Deepfakes Creation and Detection Using Deep Learning,Deepfakes Creation and Detection Using Deep Learning,false
web/data/public_preview_papers.json,10.1016/j.future.2021.06.043,,2021,Detecting fake images by identifying potential texture difference,Detecting Fake Images by Identifying Potential Texture Difference,true
web/data/public_preview_papers.json,10.1016/j.compag.2021.106064,,2021,Detecting soybean leaf disease from synthetic image using multi-feature fusion faster R-CNN,Detecting Soybean Leaf Disease from Synthetic Image Using Multi-Feature Fusion Faster R-CNN,true
web/data/public_preview_papers.json,10.1109/ocit53463.2021.00039,,2021,Detection of Deep-Morphed Deepfake Images to Make Robust Automatic Facial Recognition Systems,Detection of Deep-Morphed Deepfake Images to Make Robust Automatic Facial Recognition Systems,false
web/data/public_preview_papers.json,10.1007/978-3-030-49500-8_3,,2021,Detection of Deepfake Images Created Using Generative Adversarial Networks: A Review,Detection of Deepfake Images Created Using Generative Adversarial Networks: A Review,false
web/data/public_preview_papers.json,10.1109/lsp.2021.3130525,,2021,Detection of GAN-Generated Images by Estimating Artifact Similarity,Detection of GAN-Generated Images by Estimating Artifact Similarity,false
web/data/public_preview_papers.json,10.1155/2021/5511435,,2021,Detection of GAN-Synthesized Image Based on Discrete Wavelet Transform,Detection of GAN-Synthesized Image Based on Discrete Wavelet Transform,false
web/data/public_preview_papers.json,10.2352/issn.2470-1173.2021.4.mwsf-276,,2021,"Detection, Attribution and Localization of GAN Generated Images","Detection, Attribution and Localization of GAN Generated Images",false
web/data/public_preview_papers.json,curated:07ee620b8169b67b900f,curated:07ee620b8169b67b900f,2021,Does a GAN leave distinct model-specific fingerprints?,Does a GAN Leave Distinct Model-Specific Fingerprints?,true
web/data/public_preview_papers.json,10.1109/tifs.2021.3070444,,2021,Image Tampering Localization Using a Dense Fully Convolutional Network,Image Tampering Localization Using a Dense Fully Convolutional Network,false
web/data/public_preview_papers.json,10.48550/arxiv.2106.08749,,2021,Learning to Disentangle GAN Fingerprint for Fake Image Attribution,Learning to Disentangle GAN Fingerprint for Fake Image Attribution,false
web/data/public_preview_papers.json,10.1109/iccv48922.2021.01383,,2021,Towards Discovery and Attribution of Open-world GAN Generated Images,Towards Discovery and Attribution of Open-World GAN Generated Images,true
web/data/public_preview_papers.json,10.1109/vcip53242.2021.9675329,,2021,Towards Universal GAN Image Detection,Towards Universal GAN Image Detection,false
web/data/public_preview_papers.json,10.3390/jimaging7030050,,2021,VIPPrint: Validating Synthetic Image Detection and Source Linking Methods on a Large Scale Dataset of Printed Documents,VIPPrint: Validating Synthetic Image Detection and Source Linking Methods on a Large Scale Dataset of Printed Documents,false
web/data/public_preview_papers.json,10.3390/jimaging6030009,,2020,A Survey of Deep Learning-Based Source Image Forensics,A Survey of Deep Learning-Based Source Image Forensics,false
web/data/public_preview_papers.json,curated:af47c4b83dfd43175a4a,curated:af47c4b83dfd43175a4a,2020,Attributing and Detecting Fake Images Generated by Known GANs,Attributing and Detecting Fake Images Generated by Known GANs,false
web/data/public_preview_papers.json,10.1109/wifs49906.2020.9360905,,2020,CNN Detection of GAN-Generated Face Images based on Cross-Band Co-occurrences Analysis,CNN Detection of GAN-Generated Face Images Based on Cross-Band Co-Occurrences Analysis,true
web/data/public_preview_papers.json,curated:14ed0d4ac86e7938e5cb,curated:14ed0d4ac86e7938e5cb,2020,CNN-Generated Images Are Surprisingly Easy to Spot… for Now,CNN-Generated Images Are Surprisingly Easy to Spot… for Now,false
web/data/public_preview_papers.json,10.3390/app10010370,,2020,Deep Fake Image Detection Based on Pairwise Learning,Deep Fake Image Detection Based on Pairwise Learning,false
web/data/public_preview_papers.json,10.6084/m9.figshare.12731039.v1,,2020,Deep Learning for Deepfakes Creation and Detection: A Survey,Deep Learning for Deepfakes Creation and Detection: A Survey,false
web/data/public_preview_papers.json,10.23919/ccc50068.2020.9189596,,2020,DeepFake Face Image Detection based on Improved VGG Convolutional Neural Network,DeepFake Face Image Detection Based on Improved VGG Convolutional Neural Network,true
web/data/public_preview_papers.json,10.1109/cvpr42600.2020.00505,,2020,Face X-Ray for More General Face Forgery Detection,Face X-Ray for More General Face Forgery Detection,false
web/data/public_preview_papers.json,10.1109/jstsp.2020.2994523,,2020,GAN-Generated Image Detection With Self-Attention Mechanism Against GAN Generator Defect,GAN-Generated Image Detection with Self-Attention Mechanism Against GAN Generator Defect,true
web/data/public_preview_papers.json,10.1109/cvpr42600.2020.00808,,2020,Global Texture Enhancement for Fake Face Detection in the Wild,Global Texture Enhancement for Fake Face Detection in the Wild,false
web/data/public_preview_papers.json,curated:dcf7aae2c8590b07aff3,curated:dcf7aae2c8590b07aff3,2020,Leveraging Frequency Analysis for Deep Fake Image Recognition,Leveraging Frequency Analysis for Deep Fake Image Recognition,false
web/data/public_preview_papers.json,10.48550/arxiv.2008.09194,,2020,On Attribution of Deepfakes,On Attribution of Deepfakes,false
web/data/public_preview_papers.json,10.1109/icpr48806.2021.9412944,,2020,On the use of Benford's law to detect GAN-generated images,On the Use of Benford's Law to Detect GAN-Generated Images,true
web/data/public_preview_papers.json,curated:830febb52786dbaebbb5,curated:830febb52786dbaebbb5,2020,T-GD: Transferable GAN-generated Images Detection Framework,T-GD: Transferable GAN-Generated Images Detection Framework,true
web/data/public_preview_papers.json,10.1109/cvpr42600.2020.00791,,2020,Watch your Up-Convolution: CNN Based Generative Deep Neural Networks are Failing to Reproduce Spectral Distributions,Watch Your Up-Convolution: CNN Based Generative Deep Neural Networks Are Failing to Reproduce Spectral Distributions,true
web/data/public_preview_papers.json,10.1109/access.2019.2940383,,2019,An Evaluation of Deep Learning-Based Computer Generated Image Detection Approaches,An Evaluation of Deep Learning-Based Computer Generated Image Detection Approaches,false
web/data/public_preview_papers.json,curated:170f07b3d7020611e566,curated:170f07b3d7020611e566,2019,Attributing Fake Images to GANs: Learning and Analyzing GAN Fingerprints,Attributing Fake Images to GANs: Learning and Analyzing GAN Fingerprints,false
web/data/public_preview_papers.json,10.48550/arxiv.1910.05455,,2019,Complement Face Forensic Detection and Localization with FacialLandmarks,Complement Face Forensic Detection and Localization with FacialLandmarks,false
web/data/public_preview_papers.json,10.1109/wifs47025.2019.9035107,,2019,Detecting and Simulating Artifacts in GAN Fake Images,Detecting and Simulating Artifacts in GAN Fake Images,false
web/data/public_preview_papers.json,10.2352/issn.2470-1173.2019.5.mwsf-532,,2019,Detecting GAN generated Fake Images using Co-occurrence Matrices,Detecting GAN Generated Fake Images Using Co-Occurrence Matrices,true
web/data/public_preview_papers.json,10.1109/mipr.2019.00103,,2019,Do GANs Leave Artificial Fingerprints?,Do GANs Leave Artificial Fingerprints?,false
web/data/public_preview_papers.json,10.48550/arxiv.1911.06465,,2019,Fourier Spectrum Discrepancies in Deep Network Generated Images,Fourier Spectrum Discrepancies in Deep Network Generated Images,false
web/data/public_preview_papers.json,10.1109/wifs47025.2019.9035099,,2019,Incremental learning for the detection and classification of GAN-generated images,Incremental Learning for the Detection and Classification of GAN-Generated Images,true
web/data/public_preview_papers.json,10.1109/access.2019.2939812,,2019,No One Can Escape: A General Approach to Detect Tampered and Generated Image,No One Can Escape: A General Approach to Detect Tampered and Generated Image,false
web/data/public_preview_papers.json,10.48550/arxiv.1912.11082,,2019,Scalable Fine-grained Generated Image Classification Based on Deep Metric Learning,Scalable Fine-Grained Generated Image Classification Based on Deep Metric Learning,true
web/data/public_preview_papers.json,curated:fb05dfbc95518f6fb1db,curated:fb05dfbc95518f6fb1db,2019,Source Generator Attribution via Inversion,Source Generator Attribution via Inversion,false
web/data/public_preview_papers.json,10.23919/apsipa.2018.8659461,,2018,Can Forensic Detectors Identify GAN Generated Images?,Can Forensic Detectors Identify GAN Generated Images?,false
web/data/public_preview_papers.json,10.1016/j.patcog.2018.12.014,,2018,Cascade learning from adversarial synthetic images for accurate pupil detection,Cascade Learning from Adversarial Synthetic Images for Accurate Pupil Detection,true
web/data/public_preview_papers.json,10.1109/mipr.2018.00084,,2018,Detection of GAN-Generated Fake Images over Social Networks,Detection of GAN-Generated Fake Images Over Social Networks,true
web/data/public_preview_papers.json,10.1007/978-3-319-70096-0_37,,2017,Training Deep Neural Networks for Detecting Drinking Glasses Using Synthetic Images,Training Deep Neural Networks for Detecting Drinking Glasses Using Synthetic Images,false
web/data/public_preview_map_data.json,openalex-candidate-a624a94a1ddf8ad5,,2023,AI-Generated Image Detection using a Cross-Attention Enhanced Dual-Stream Network,AI-Generated Image Detection Using a Cross-Attention Enhanced Dual-Stream Network,true
web/data/public_preview_map_data.json,openalex-candidate-b69bceedb57dd905,,2018,Detection of GAN-Generated Fake Images over Social Networks,Detection of GAN-Generated Fake Images Over Social Networks,true
web/data/public_preview_map_data.json,openalex-candidate-0ce2e65cf2709571,,2021,Deepfake attribution: On the source identification of artificially generated images,Deepfake Attribution: On the Source Identification of Artificially Generated Images,true
web/data/public_preview_map_data.json,openalex-candidate-0f8b05576bdf630c,,2024,Forgery-aware Adaptive Transformer for Generalizable Synthetic Image Detection,Forgery-Aware Adaptive Transformer for Generalizable Synthetic Image Detection,true
web/data/public_preview_map_data.json,openalex-candidate-4be0623e58aa0b48,,2024,Leveraging Representations from Intermediate Encoder-Blocks for Synthetic Image Detection,Leveraging Representations from Intermediate Encoder-Blocks for Synthetic Image Detection,false
web/data/public_preview_map_data.json,openalex-candidate-092e325c304cb91a,,2023,Artifact: A Large-Scale Dataset With Artificial And Factual Images For Generalizable And Robust Synthetic Image Detection,Artifact: A Large-Scale Dataset with Artificial and Factual Images for Generalizable and Robust Synthetic Image Detection,true
web/data/public_preview_map_data.json,openalex-candidate-7b3ee1269dc26bab,,2024,Deep Image Fingerprint: Towards Low Budget Synthetic Image Detection and Model Lineage Analysis,Deep Image Fingerprint: Towards Low Budget Synthetic Image Detection and Model Lineage Analysis,false
web/data/public_preview_map_data.json,openalex-candidate-b334f8cb1f002833,,2025,Any-Resolution AI-Generated Image Detection by Spectral Learning,Any-Resolution AI-Generated Image Detection by Spectral Learning,false
web/data/public_preview_map_data.json,openalex-candidate-142c87540f1f3377,,2023,Online Detection of AI-Generated Images,Online Detection of AI-Generated Images,false
web/data/public_preview_map_data.json,openalex-candidate-40ef5921f63544ce,,2023,Enhancing Interpretability in AI-Generated Image Detection with Genetic Programming,Enhancing Interpretability in AI-Generated Image Detection with Genetic Programming,false
web/data/public_preview_map_data.json,openalex-candidate-effaeb44a0c69bcf,,2024,FAMSeC: A Few-Shot-Sample-Based General AI-Generated Image Detection Method,FAMSeC: A Few-Shot-Sample-Based General AI-Generated Image Detection Method,false
web/data/public_preview_map_data.json,openalex-candidate-4be5a92b0d6bac1d,,2025,Towards Universal AI-Generated Image Detection by Variational Information Bottleneck Network,Towards Universal AI-Generated Image Detection by Variational Information Bottleneck Network,false
web/data/public_preview_map_data.json,openalex-candidate-3c6dd66ebd95e8ce,,2024,AI-Generated Image Detection With Wasserstein Distance Compression and Dynamic Aggregation,AI-Generated Image Detection with Wasserstein Distance Compression and Dynamic Aggregation,true
web/data/public_preview_map_data.json,openalex-candidate-f12243428bc3f187,,2024,SemGIR: Semantic-Guided Image Regeneration Based Method for AI-generated Image Detection and Attribution,SemGIR: Semantic-Guided Image Regeneration Based Method for AI-Generated Image Detection and Attribution,true
web/data/public_preview_map_data.json,openalex-candidate-fc5131d81ebcc2ea,,2025,Reducing the Content Bias for AI-generated Image Detection,Reducing the Content Bias for AI-Generated Image Detection,true
web/data/public_preview_map_data.json,openalex-candidate-f249744469ce8af9,,2025,Combating Dataset Misalignment for Robust AI-Generated Image Detection in the Real World,Combating Dataset Misalignment for Robust AI-Generated Image Detection in the Real World,false
web/data/public_preview_map_data.json,openalex-candidate-99c1174636b22ee5,,2025,LOTA: Bit-Planes Guided AI-Generated Image Detection,LOTA: Bit-Planes Guided AI-Generated Image Detection,false
web/data/public_preview_map_data.json,openalex-candidate-5637761af341919f,,2023,Learning on Gradients: Generalized Artifacts Representation for GAN-Generated Images Detection,Learning on Gradients: Generalized Artifacts Representation for GAN-Generated Images Detection,false
web/data/public_preview_map_data.json,openalex-candidate-4d85d9428615c772,,2020,GAN-Generated Image Detection With Self-Attention Mechanism Against GAN Generator Defect,GAN-Generated Image Detection with Self-Attention Mechanism Against GAN Generator Defect,true
web/data/public_preview_map_data.json,openalex-candidate-f322e509be974b4c,,2022,Discovering Transferable Forensic Features for CNN-Generated Images Detection,Discovering Transferable Forensic Features for CNN-Generated Images Detection,false
web/data/public_preview_map_data.json,openalex-candidate-28c479752f087a8f,,2022,FingerprintNet: Synthesized Fingerprints for Generated Image Detection,FingerprintNet: Synthesized Fingerprints for Generated Image Detection,false
web/data/public_preview_map_data.json,openalex-candidate-547284691522bea3,,2023,Improving Synthetically Generated Image Detection in Cross-Concept Settings,Improving Synthetically Generated Image Detection in Cross-Concept Settings,false
web/data/public_preview_map_data.json,openalex-candidate-354b2df30db70d7a,curated:aaf9b7c69d384a3c3140,2023,Synthbuster: Towards Detection of Diffusion Model Generated Images,Synthbuster: Towards Detection of Diffusion Model Generated Images,false
web/data/public_preview_map_data.json,openalex-candidate-f246837e9667c99f,,2024,Mastering Deepfake Detection: A Cutting-edge Approach to Distinguish GAN and Diffusion-model Images,Mastering Deepfake Detection: A Cutting-Edge Approach to Distinguish GAN and Diffusion-Model Images,true
web/data/public_preview_map_data.json,openalex-candidate-100ab0f0615a88f7,,2021,"Detection, Attribution and Localization of GAN Generated Images","Detection, Attribution and Localization of GAN Generated Images",false
web/data/public_preview_map_data.json,openalex-candidate-caa31efc8b17ed4c,,2019,Detecting GAN generated Fake Images using Co-occurrence Matrices,Detecting GAN Generated Fake Images Using Co-Occurrence Matrices,true
web/data/public_preview_map_data.json,openalex-candidate-4a7b1d05ae0733bb,,2025,BOSC: A Backdoor-Based Framework for Open Set Synthetic Image Attribution,BOSC: A Backdoor-Based Framework for Open Set Synthetic Image Attribution,false
web/data/public_preview_map_data.json,openalex-candidate-7475855309540adb,,2024,Whodunit: Detection and Attribution of Synthetic Images by Leveraging Model-specific Fingerprints,Whodunit: Detection and Attribution of Synthetic Images by Leveraging Model-Specific Fingerprints,true
web/data/public_preview_map_data.json,openalex-candidate-2f645976e2469741,,2025,DeepGuard: Identification and Attribution of AI-Generated Synthetic Images,DeepGuard: Identification and Attribution of AI-Generated Synthetic Images,false
web/data/public_preview_map_data.json,openalex-candidate-28a9f94551b04647,,2024,Synthetic Image Verification in the Era of Generative Artificial Intelligence: What Works and What Isn’t There yet,Synthetic Image Verification in the Era of Generative Artificial Intelligence: What Works and What Isn’t There Yet,true
web/data/public_preview_map_data.json,openalex-candidate-4b6ac6ac0f91cc08,,2021,Towards Discovery and Attribution of Open-world GAN Generated Images,Towards Discovery and Attribution of Open-World GAN Generated Images,true
web/data/public_preview_map_data.json,openalex-candidate-bd9331fb3033fb64,,2024,X-Transfer: A Transfer Learning-Based Framework for GAN-Generated Fake Image Detection,X-Transfer: A Transfer Learning-Based Framework for GAN-Generated Fake Image Detection,false
web/data/public_preview_map_data.json,openalex-candidate-f52da0b36f577327,,2020,On the use of Benford's law to detect GAN-generated images,On the Use of Benford's Law to Detect GAN-Generated Images,true
web/data/public_preview_map_data.json,openalex-candidate-c5480385a0a73552,curated:fb05dfbc95518f6fb1db,2019,Source Generator Attribution via Inversion,Source Generator Attribution via Inversion,false
web/data/public_preview_map_data.json,openalex-candidate-e4026cdf2131f55a,,2025,"Forensic Self-Descriptions Are All You Need for Zero-Shot Detection, Open-Set Source Attribution, and Clustering of AI-generated Images","Forensic Self-Descriptions Are All You Need for Zero-Shot Detection, Open-Set Source Attribution, and Clustering of AI-Generated Images",true
web/data/public_preview_map_data.json,openalex-candidate-5e1e13bc0aa8a697,,2025,A Deepfake Image Detection Method Based on a Multi-Graph Attention Network,A Deepfake Image Detection Method Based on a Multi-Graph Attention Network,false
web/data/public_preview_map_data.json,openalex-candidate-37b3f843307b9428,,2025,"SIDA: Social Media Image Deepfake Detection, Localization and Explanation with Large Multimodal Model","SIDA: Social Media Image Deepfake Detection, Localization and Explanation with Large Multimodal Model",false
web/data/public_preview_map_data.json,openalex-candidate-9680f90578d2576f,,2024,Rethinking the Up-Sampling Operations in CNN-Based Generative Network for Generalizable Deepfake Detection,Rethinking the Up-Sampling Operations in CNN-Based Generative Network for Generalizable Deepfake Detection,false
web/data/public_preview_map_data.json,openalex-candidate-c2adfac50c08e5f8,,2025,DFBench: Benchmarking Deepfake Image Detection Capability of Large Multimodal Models,DFBench: Benchmarking Deepfake Image Detection Capability of Large Multimodal Models,false
web/data/public_preview_map_data.json,openalex-candidate-c0bb1e92f74d43e7,,2025,Multi-Perspective Frequency Domain Learning for Generalizable AI-Generated Image Detection,Multi-Perspective Frequency Domain Learning for Generalizable AI-Generated Image Detection,false
web/data/public_preview_map_data.json,openalex-candidate-766ab7ae30df4fc6,,2024,Detecting AI-Generated Images via CLIP,Detecting AI-Generated Images via CLIP,false
web/data/public_preview_map_data.json,openalex-candidate-e71fa11dd5726f17,,2025,FairAdapter: Detecting AI-generated Images with Improved Fairness,FairAdapter: Detecting AI-Generated Images with Improved Fairness,true
web/data/public_preview_map_data.json,openalex-candidate-9305feb3e3c889ed,,2024,IPD-Net: Detecting AI-Generated Images via Inter-Patch Dependencies,IPD-Net: Detecting AI-Generated Images via Inter-Patch Dependencies,false
web/data/public_preview_map_data.json,openalex-candidate-4874f9884d293a5a,,2025,Beyond Generation: A Diffusion-based Low-level Feature Extractor for Detecting AI-generated Images,Beyond Generation: A Diffusion-Based Low-Level Feature Extractor for Detecting AI-Generated Images,true
web/data/public_preview_map_data.json,openalex-candidate-86a7337fd0b4b02a,,2023,GLFF: Global and Local Feature Fusion for AI-Synthesized Image Detection,GLFF: Global and Local Feature Fusion for AI-Synthesized Image Detection,false
web/data/public_preview_map_data.json,openalex-candidate-02cda89459c7c545,,2022,Fusing Global and Local Features for Generalized AI-Synthesized Image Detection,Fusing Global and Local Features for Generalized AI-Synthesized Image Detection,false
web/data/public_preview_map_data.json,openalex-candidate-5a76dfbe62ae2091,,2026,"GReX-Bench: Benchmarking Generalization, Robustness, and Explainability in AI-Generated Image Detection","GReX-Bench: Benchmarking Generalization, Robustness, and Explainability in AI-Generated Image Detection",false
web/data/public_preview_map_data.json,openalex-candidate-94b109fa3d056b2c,,2022,Think Twice Before Detecting GAN-generated Fake Images from their Spectral Domain Imprints,Think Twice Before Detecting GAN-Generated Fake Images from Their Spectral Domain Imprints,true
web/data/public_preview_map_data.json,openalex-candidate-da252bb4c235f7e5,,2019,Do GANs Leave Artificial Fingerprints?,Do GANs Leave Artificial Fingerprints?,false
web/data/public_preview_map_data.json,openalex-candidate-dfc1e75a26875a47,curated:0fb6a9c0db904eae726d,2025,Generalizable Synthetic Image Detection via Language-guided Contrastive Learning,Generalizable Synthetic Image Detection via Language-Guided Contrastive Learning,true
web/data/public_preview_map_data.json,openalex-candidate-b484db8cbb954995,,2023,Exposing the Fake: Effective Diffusion-Generated Images Detection,Exposing the Fake: Effective Diffusion-Generated Images Detection,false
web/data/public_preview_map_data.json,openalex-candidate-356e4638ae6e9901,,2024,Breaking Semantic Artifacts for Generalized AI-generated Image Detection,Breaking Semantic Artifacts for Generalized AI-Generated Image Detection,true
web/data/public_preview_map_data.json,openalex-candidate-09d45f2a778956e5,,2023,PatchCraft: Exploring Texture Patch for Efficient AI-generated Image Detection,PatchCraft: Exploring Texture Patch for Efficient AI-Generated Image Detection,true
web/data/public_preview_map_data.json,openalex-candidate-bf0da50bb96c8736,curated:4b406d0cf578db643214,2026,RIGID: A Training-free and Model-Agnostic Framework for Robust AI-Generated Image Detection,RIGID: A Training-Free and Model-Agnostic Framework for Robust AI-Generated Image Detection,true
web/data/public_preview_map_data.json,openalex-candidate-c90610cc95299818,,2024,AI-generated Image Detection: Passive or Watermark?,AI-Generated Image Detection: Passive or Watermark?,true
web/data/public_preview_map_data.json,openalex-candidate-12c6b08226c44733,,2023,Open Set Classification of GAN-based Image Manipulations via a ViT-based Hybrid Architecture,Open Set Classification of GAN-Based Image Manipulations via a ViT-Based Hybrid Architecture,true
web/data/public_preview_map_data.json,openalex-candidate-51b82c918c7e867b,,2019,Detecting and Simulating Artifacts in GAN Fake Images,Detecting and Simulating Artifacts in GAN Fake Images,false
web/data/public_preview_map_data.json,openalex-candidate-8653f73a606c9570,,2020,Watch your Up-Convolution: CNN Based Generative Deep Neural Networks are Failing to Reproduce Spectral Distributions,Watch Your Up-Convolution: CNN Based Generative Deep Neural Networks Are Failing to Reproduce Spectral Distributions,true
web/data/public_preview_map_data.json,openalex-candidate-ced4670d6f25ee48,,2019,Fourier Spectrum Discrepancies in Deep Network Generated Images,Fourier Spectrum Discrepancies in Deep Network Generated Images,false
web/data/public_preview_map_data.json,openalex-candidate-2f748826e528c7c4,,2021,Beyond the Spectrum: Detecting Deepfakes via Re-Synthesis,Beyond the Spectrum: Detecting Deepfakes via Re-Synthesis,false
web/data/public_preview_map_data.json,openalex-candidate-39db27838e50b6bb,,2022,Detecting Generated Images by Real Images,Detecting Generated Images by Real Images,false
web/data/public_preview_map_data.json,openalex-candidate-34ad5f2c322e90c0,,2022,BiHPF: Bilateral High-Pass Filters for Robust Deepfake Detection,BiHPF: Bilateral High-Pass Filters for Robust Deepfake Detection,false
web/data/public_preview_map_data.json,openalex-candidate-68a7fb8fb05ec09c,curated:1ef55e4fc03eb4880beb,2023,Towards Universal Fake Image Detectors that Generalize Across Generative Models,Towards Universal Fake Image Detectors That Generalize Across Generative Models,true
web/data/public_preview_map_data.json,openalex-candidate-aa40e42eb21b2b46,,2023,Detecting Images Generated by Deep Diffusion Models using their Local Intrinsic Dimensionality,Detecting Images Generated by Deep Diffusion Models Using Their Local Intrinsic Dimensionality,true
web/data/public_preview_map_data.json,openalex-candidate-dbdc880272c6e95d,,2023,Exposing fake images generated by text-to-image diffusion models,Exposing Fake Images Generated by Text-to-Image Diffusion Models,true
web/data/public_preview_map_data.json,openalex-candidate-da5def77a678fdcb,,2024,Unsupervised Generative Fake Image Detector,Unsupervised Generative Fake Image Detector,false
web/data/public_preview_map_data.json,openalex-candidate-f7888db659be7a0c,,2023,CSC-Net: Cross-Color Spatial Co-Occurrence Matrix Network for Detecting Synthesized Fake Images,CSC-Net: Cross-Color Spatial Co-Occurrence Matrix Network for Detecting Synthesized Fake Images,false
web/data/public_preview_map_data.json,openalex-candidate-7b63e7be5c15dd38,,2024,MMGANGuard: A Robust Approach for Detecting Fake Images Generated by GANs Using Multi-Model Techniques,MMGANGuard: A Robust Approach for Detecting Fake Images Generated by GANs Using Multi-Model Techniques,false
web/data/public_preview_map_data.json,openalex-candidate-5a35202878d6f0bd,,2024,MDTL-NET: Computer-generated image detection based on multi-scale deep texture learning,MDTL-NET: Computer-Generated Image Detection Based on Multi-Scale Deep Texture Learning,true
web/data/public_preview_map_data.json,openalex-candidate-9293a5f0cc0e9ecc,,2024,Enhancing the Generalization of Synthetic Image Detection Models through the Exploration of Features in Deep Detection Models,Enhancing the Generalization of Synthetic Image Detection Models Through the Exploration of Features in Deep Detection Models,true
web/data/public_preview_map_data.json,openalex-candidate-756b159fb6692693,,2024,A guided-based approach for deepfake detection: RGB-depth integration via features fusion,A Guided-Based Approach for Deepfake Detection: RGB-Depth Integration via Features Fusion,true
web/data/public_preview_map_data.json,openalex-candidate-19b046a4317999d4,,2024,Addressing Diffusion Model Based Counter-Forensic Image Manipulation for Synthetic Image Detection,Addressing Diffusion Model Based Counter-Forensic Image Manipulation for Synthetic Image Detection,false
web/data/public_preview_map_data.json,openalex-candidate-ae9d56afde26fce3,,2024,Robust CLIP-Based Detector for Exposing Diffusion Model-Generated Images,Robust CLIP-Based Detector for Exposing Diffusion Model-Generated Images,false
web/data/public_preview_map_data.json,openalex-candidate-339e1d1ce1424d2f,,2021,A Closer Look at Fourier Spectrum Discrepancies for CNN-generated Images Detection,A Closer Look at Fourier Spectrum Discrepancies for CNN-Generated Images Detection,true
web/data/public_preview_map_data.json,openalex-candidate-dae59ecf24556992,curated:a99dc95e4b7a85bd938f,2023,TWIGMA: A dataset of AI-Generated Images with Metadata From Twitter,TWIGMA: A Dataset of AI-Generated Images with Metadata from Twitter,true
web/data/public_preview_map_data.json,openalex-candidate-03a22903db314223,curated:161b6d5ca391d238f7e9,2025,Detecting Origin Attribution for Text-to-Image Diffusion Models,Detecting Origin Attribution for Text-to-Image Diffusion Models,false
web/data/public_preview_map_data.json,openalex-candidate-b54520cabc3f0606,,2026,Transferable Dual-Domain Feature Importance Attack Against AI-Generated Image Detector,Transferable Dual-Domain Feature Importance Attack Against AI-Generated Image Detector,false
web/data/public_preview_map_data.json,openalex-candidate-6774627fefbe0027,,2026,"Interpol review of detection of AI-generated image and video deepfakes, 2022-2025","Interpol Review of Detection of AI-Generated Image and Video Deepfakes, 2022-2025",true
web/data/public_preview_map_data.json,openalex-candidate-4fc5d76c4c1dde8a,,2025,Can GPT tell us why these images are synthesized? Empowering Multimodal Large Language Models for Forensics,Can GPT Tell Us Why These Images Are Synthesized? Empowering Multimodal Large Language Models for Forensics,true
web/data/public_preview_map_data.json,openalex-candidate-2e8e2dd596764da4,,2025,Enhancing Synthetic Generated-Images Detection through Post-Hoc Calibration,Enhancing Synthetic Generated-Images Detection Through Post-Hoc Calibration,true
web/data/public_preview_map_data.json,openalex-candidate-36c5c60d14ab8d83,curated:3312da81174f7d411081,2025,Evolution of Detection Performance Throughout the Online Lifespan of Synthetic Images,Evolution of Detection Performance Throughout the Online Lifespan of Synthetic Images,false
web/data/public_preview_map_data.json,openalex-candidate-8437dbea171cd8fe,,2026,SynerDetect: Hierarchical Synergistic Learning for Generalizable AI-Generated Image Detection,SynerDetect: Hierarchical Synergistic Learning for Generalizable AI-Generated Image Detection,false
web/data/public_preview_map_data.json,openalex-candidate-359309458c5d064b,,2026,Penny-Wise and Pound-Foolish in AI-Generated Image Detection,Penny-Wise and Pound-Foolish in AI-Generated Image Detection,false
web/data/public_preview_map_data.json,openalex-candidate-3f0d23530876f4bc,,2026,DCNet: Learning Similarity and Spatial Complementary Features for Generalized AI-Generated Image Detection,DCNet: Learning Similarity and Spatial Complementary Features for Generalized AI-Generated Image Detection,false
web/data/public_preview_map_data.json,openalex-candidate-d1f49c6a260404d3,,2026,Semantic Distribution and Authenticity Discrepancy Alignment for AI-Generated Image Detection,Semantic Distribution and Authenticity Discrepancy Alignment for AI-Generated Image Detection,false
web/data/public_preview_map_data.json,openalex-candidate-bfc89b0b63bcdc26,,2026,Adversarial Diffusion Model: Generating High-Quality and Undetectable Images From Scratch,Adversarial Diffusion Model: Generating High-Quality and Undetectable Images from Scratch,true
web/data/public_preview_map_data.json,openalex-candidate-19e6026830ef9ce2,,2025,Harnessing attention for cropping and fusion in CLIP-based AIGC detection,Harnessing Attention for Cropping and Fusion in CLIP-Based AIGC Detection,true
web/data/public_preview_map_data.json,openalex-candidate-a84334d84ada41ec,,2025,E2GenF: Universal AIGC image detection based on edge enhanced generalizable features,E2GenF: Universal AIGC Image Detection Based on Edge Enhanced Generalizable Features,true
web/data/public_preview_map_data.json,openalex-candidate-ebe60fc6abbab654,curated:89c6548802e6878c18c8,2026,Forensic Invariant Learning for Synthetic Image Detection: Bridging Benford's Law and Topological Analysis with Machine Learning Ensembles,Forensic Invariant Learning for Synthetic Image Detection: Bridging Benford's Law and Topological Analysis with Machine Learning Ensembles,false
web/data/public_preview_map_data.json,openalex-candidate-aa0d52041ecd0c07,curated:1ec62a78a4e0372bc0d9,2025,ReTD: Reconstruction-Based Traceability Detection for Generated Images,ReTD: Reconstruction-Based Traceability Detection for Generated Images,false
web/data/public_preview_map_data.json,openalex-candidate-ad9158b1e1eef7b7,,2025,C2P-CLIP: Injecting Category Common Prompt in CLIP to Enhance Generalization in Deepfake Detection,C2P-CLIP: Injecting Category Common Prompt in CLIP to Enhance Generalization in Deepfake Detection,false
web/data/public_preview_map_data.json,openalex-candidate-10e227bebd064499,curated:2465f28a94bb45bec499,2025,Aigi-Holmes: Towards Explainable and Generalizable AI-Generated Image Detection via Multimodal Large Language Models,AIGI-Holmes: Towards Explainable and Generalizable AI-Generated Image Detection via Multimodal Large Language Models,true
web/data/public_preview_map_data.json,openalex-candidate-f0876f99ba262471,curated:aa6672aa3ab0a0709e32,2025,Diffusion Epistemic Uncertainty with Asymmetric Learning for Diffusion-Generated Image Detection,Diffusion Epistemic Uncertainty with Asymmetric Learning for Diffusion-Generated Image Detection,false
web/data/public_preview_map_data.json,openalex-candidate-569a3f42d9595894,curated:2938e895376a45baceec,2025,SAGNet: Decoupling Semantic-Agnostic Artifacts From Limited Training Data for Robust Generalization in Deepfake Detection,SAGNet: Decoupling Semantic-Agnostic Artifacts from Limited Training Data for Robust Generalization in Deepfake Detection,true
web/data/public_preview_map_data.json,openalex-candidate-ab2d4388df28f9ee,,2025,GCS-Net: A universal AI-generated visual content detection method based on CLIP,GCS-Net: A Universal AI-Generated Visual Content Detection Method Based on CLIP,true
web/data/public_preview_map_data.json,openalex-candidate-2df36b8005f053b0,,2024,High-resolution network-based multi-feature fusion for generalized forgery detection,High-Resolution Network-Based Multi-Feature Fusion for Generalized Forgery Detection,true
web/data/public_preview_map_data.json,openalex-candidate-58cf26d1f7ef3e1d,,2025,Optimized Frequency Collaborative Strategy Drives AI Image Detection,Optimized Frequency Collaborative Strategy Drives AI Image Detection,false
web/data/public_preview_map_data.json,openalex-candidate-642350cef5fc2cbd,,2026,HRR: Hierarchical retrospection refinement for generated image detection,HRR: Hierarchical Retrospection Refinement for Generated Image Detection,true
web/data/public_preview_map_data.json,openalex-candidate-14d8de2dca116799,,2025,Robust AI-Synthesized Image Detection via Multi-feature Frequency-Aware Learning,Robust AI-Synthesized Image Detection via Multi-Feature Frequency-Aware Learning,true
web/data/public_preview_map_data.json,openalex-candidate-5e2bbf104c5cbbcd,,2026,Explainable Synthetic Image Detection Through Diffusion Timestep Ensembling,Explainable Synthetic Image Detection Through Diffusion Timestep Ensembling,false
web/data/public_preview_map_data.json,openalex-candidate-f1871d83e946c8df,,2021,VIPPrint: Validating Synthetic Image Detection and Source Linking Methods on a Large Scale Dataset of Printed Documents,VIPPrint: Validating Synthetic Image Detection and Source Linking Methods on a Large Scale Dataset of Printed Documents,false
web/data/public_preview_map_data.json,openalex-candidate-49b714a0d2ace2d9,,2023,Advancing AI-Generated Image Detection: Enhanced Accuracy through CNN and Vision Transformer Models with Explainable AI Insights,Advancing AI-Generated Image Detection: Enhanced Accuracy Through CNN and Vision Transformer Models with Explainable AI Insights,true
web/data/public_preview_map_data.json,openalex-candidate-c6ff57a34a3508da,,2024,Visual Veracity: Advancing AI-Generated Image Detection with Convolutional Neural Networks,Visual Veracity: Advancing AI-Generated Image Detection with Convolutional Neural Networks,false
web/data/public_preview_map_data.json,openalex-candidate-61e8c7a4beeaf70f,,2025,Vision Transformer-Based Framework for AI-Generated Image Detection in Interior Design,Vision Transformer-Based Framework for AI-Generated Image Detection in Interior Design,false
web/data/public_preview_map_data.json,openalex-candidate-b8f744c03d90efe4,,2025,Enhanced CNN Architecture with Residual Blocks and Regularization for AI-Generated Image Detection,Enhanced CNN Architecture with Residual Blocks and Regularization for AI-Generated Image Detection,false
web/data/public_preview_map_data.json,openalex-candidate-db8ca03b3a24be66,,2024,Enhancing AI-Generated Image Detection with a Novel Approach and Comparative Analysis,Enhancing AI-Generated Image Detection with a Novel Approach and Comparative Analysis,false
web/data/public_preview_map_data.json,openalex-candidate-0b0a78795f8cb9e8,,2026,Navigating the Challenges of AI-Generated Image Detection in the Wild: What Truly Matters?,Navigating the Challenges of AI-Generated Image Detection in the Wild: What Truly Matters?,false
web/data/public_preview_map_data.json,openalex-candidate-afa2318312b6fb7d,,2025,RADAR: Reasoning AI-Generated Image Detection for Semantic Fakes,RADAR: Reasoning AI-Generated Image Detection for Semantic Fakes,false
web/data/public_preview_map_data.json,openalex-candidate-83a1772ee2b21f35,,2024,AI Generated Image Detection Using Neural Networks,AI Generated Image Detection Using Neural Networks,false
web/data/public_preview_map_data.json,openalex-candidate-bdb92a06f5a8d3b1,,2024,Detection of AI-Generated Synthetic Images with a Lightweight CNN,Detection of AI-Generated Synthetic Images with a Lightweight CNN,false
web/data/public_preview_map_data.json,openalex-candidate-c82a6dfba35ea940,,2025,MiraGe: Multimodal Discriminative Representation Learning for Generalizable AI-Generated Image Detection,MiraGe: Multimodal Discriminative Representation Learning for Generalizable AI-Generated Image Detection,false
web/data/public_preview_map_data.json,openalex-candidate-33aab9bc300cb2a9,,2025,Unmasking AI-created visual content: a review of generated images and deepfake detection technologies,Unmasking AI-Created Visual Content: A Review of Generated Images and Deepfake Detection Technologies,true
web/data/public_preview_map_data.json,openalex-candidate-9ad497d0003f0a74,curated:1bf124f8f57f00dddd01,2026,Automated In-the-Wild Data Collection for Continual AI Generated Image Detection,Automated In-the-Wild Data Collection for Continual AI Generated Image Detection,false
web/data/public_preview_map_data.json,openalex-candidate-1d5d97bb5a4063e3,,2025,AI-Generated Image Detection Using Semantic Feature,AI-Generated Image Detection Using Semantic Feature,false
web/data/public_preview_map_data.json,openalex-candidate-baca9b4488de1450,,2025,AI-Generated-Image Detection Using Deep Learning Techniques,AI-Generated-Image Detection Using Deep Learning Techniques,false
web/data/public_preview_map_data.json,openalex-candidate-fc4fa6f88d98ebc1,,2025,TriFusionNet: Multi-Branch Architecture for AI-Generated Image Detection,TriFusionNet: Multi-Branch Architecture for AI-Generated Image Detection,false
web/data/public_preview_map_data.json,openalex-candidate-cd3d607d3383c10d,,2024,Generalized and robust model for GAN-generated image detection,Generalized and Robust Model for GAN-Generated Image Detection,true
web/data/public_preview_map_data.json,openalex-candidate-babd792ceb7e60b4,,2022,Improving GAN-Generated Image Detection Generalization Using Unsupervised Domain Adaptation,Improving GAN-Generated Image Detection Generalization Using Unsupervised Domain Adaptation,false
web/data/public_preview_map_data.json,openalex-candidate-e3bcd36fc6d08ae3,,2019,An Evaluation of Deep Learning-Based Computer Generated Image Detection Approaches,An Evaluation of Deep Learning-Based Computer Generated Image Detection Approaches,false
web/data/public_preview_map_data.json,openalex-candidate-4721b39481fcb001,,2020,Face X-Ray for More General Face Forgery Detection,Face X-Ray for More General Face Forgery Detection,false
web/data/public_preview_map_data.json,openalex-candidate-24ea2954149636fe,,2020,Global Texture Enhancement for Fake Face Detection in the Wild,Global Texture Enhancement for Fake Face Detection in the Wild,false
web/data/public_preview_map_data.json,openalex-candidate-69bbfcf4b51cae06,,2021,Detection of GAN-Synthesized Image Based on Discrete Wavelet Transform,Detection of GAN-Synthesized Image Based on Discrete Wavelet Transform,false
web/data/public_preview_map_data.json,openalex-candidate-08a75c51d3ee6ea9,,2023,Detection of GAN generated image using color gradient representation,Detection of GAN Generated Image Using Color Gradient Representation,true
web/data/public_preview_map_data.json,openalex-candidate-8291f9c42d450446,,2020,Deep Fake Image Detection Based on Pairwise Learning,Deep Fake Image Detection Based on Pairwise Learning,false
web/data/public_preview_map_data.json,openalex-candidate-b8f14ac612fe1840,,2024,Level Up the Deepfake Detection: A Method to Effectively Discriminate Images Generated by GAN Architectures and Diffusion Models,Level Up the Deepfake Detection: A Method to Effectively Discriminate Images Generated by GAN Architectures and Diffusion Models,false
web/data/public_preview_map_data.json,openalex-candidate-5f1ad09a9b2ede2a,,2021,A Novel Neural Model based Framework for Detection of GAN Generated Fake Images,A Novel Neural Model Based Framework for Detection of GAN Generated Fake Images,true
web/data/public_preview_map_data.json,openalex-candidate-fa5705b0160c4208,,2023,EKILA: Synthetic Media Provenance and Attribution for Generative Art,EKILA: Synthetic Media Provenance and Attribution for Generative Art,false
web/data/public_preview_map_data.json,openalex-candidate-0ce307f3c3775d59,curated:baa48a1bff3effa2e915,2023,Universal Detection and Source Attribution of Diffusion Model Generated Images with High Generalization and Robustness,Universal Detection and Source Attribution of Diffusion Model Generated Images with High Generalization and Robustness,false
web/data/public_preview_map_data.json,openalex-candidate-0a4360e3c8a8e9ca,,2023,Towards Robust Gan-Generated Image Detection: A Multi-View Completion Representation,Towards Robust GAN-Generated Image Detection: A Multi-View Completion Representation,true
web/data/public_preview_map_data.json,openalex-candidate-8fc504e5278645dd,,2023,Leveraging Image Gradients for Robust GAN-Generated Image Detection in OSN context,Leveraging Image Gradients for Robust GAN-Generated Image Detection in OSN Context,true
web/data/public_preview_map_data.json,openalex-candidate-2565005efeafcfdb,,2024,Evasion on general GAN-generated image detection by disentangled representation,Evasion on General GAN-Generated Image Detection by Disentangled Representation,true
web/data/public_preview_map_data.json,openalex-candidate-8f1f64353b10e2c1,,2022,EasyDeep: An IoT Friendly Robust Detection Method for GAN Generated Deepfake Images in Social Media,EasyDeep: An IoT Friendly Robust Detection Method for GAN Generated Deepfake Images in Social Media,false
web/data/public_preview_map_data.json,openalex-candidate-47fd466670fb7e93,,2025,A robust ensemble model for Deepfake detection of GAN-generated images on social media,A Robust Ensemble Model for Deepfake Detection of GAN-Generated Images on Social Media,true
web/data/public_preview_map_data.json,openalex-candidate-2c858b1ec28e4046,,2025,Hierarchical Feature Fusion and Enhanced Attention Mechanism for Robust GAN-Generated Image Detection,Hierarchical Feature Fusion and Enhanced Attention Mechanism for Robust GAN-Generated Image Detection,false
web/data/public_preview_map_data.json,openalex-candidate-0074c2b5abab83e0,,2024,Local frequency analysis for diffusion-generated image detection,Local Frequency Analysis for Diffusion-Generated Image Detection,true
web/data/public_preview_map_data.json,openalex-candidate-886764607be8b170,,2023,An Improved Dense CNN Architecture for Deepfake Image Detection,An Improved Dense CNN Architecture for Deepfake Image Detection,false
web/data/public_preview_map_data.json,openalex-candidate-784eb9e77a1620c1,curated:8c85a92b00aa321fbe8c,2024,Source Attribution for Images Generated by Diffusion-Based Text-to-Image Models: Exploring the Forensics Approach,Source Attribution for Images Generated by Diffusion-Based Text-to-Image Models: Exploring the Forensics Approach,false
web/data/public_preview_map_data.json,openalex-candidate-e9a20775567ea77d,,2022,A Novel Deep Learning Approach for Deepfake Image Detection,A Novel Deep Learning Approach for Deepfake Image Detection,false
web/data/public_preview_map_data.json,openalex-candidate-1fd561e71398dbc2,,2024,Enhancing Sensing and Imaging Capabilities Through Surface Plasmon Resonance for Deepfake Image Detection,Enhancing Sensing and Imaging Capabilities Through Surface Plasmon Resonance for Deepfake Image Detection,false
web/data/public_preview_map_data.json,openalex-candidate-f3c0d451e9fd3593,,2024,A Hybrid CNN-LSTM Approach for Precision Deepfake Image Detection Based on Transfer Learning,A Hybrid CNN-LSTM Approach for Precision Deepfake Image Detection Based on Transfer Learning,false
web/data/public_preview_map_data.json,openalex-candidate-016976281356fa19,,2021,Deepfake Image Detection using CNNs and Transfer Learning,Deepfake Image Detection Using CNNs and Transfer Learning,true
web/data/public_preview_map_data.json,openalex-candidate-87cc2bba277c01da,,2022,Cross-Forgery Analysis of Vision Transformers and CNNs for Deepfake Image Detection,Cross-Forgery Analysis of Vision Transformers and CNNs for Deepfake Image Detection,false
web/data/public_preview_map_data.json,openalex-candidate-11e5a7da09b44a60,curated:988373de555945528142,2024,"Comparative Analysis of Deepfake Image Detection Method Using VGG16, VGG19 and ResNet50","Comparative Analysis of Deepfake Image Detection Method Using VGG16, VGG19 and ResNet50",false
web/data/public_preview_map_data.json,openalex-candidate-7b6d7a277bb42792,,2024,Deepfake Image Detection Using Vision Transformer Models,Deepfake Image Detection Using Vision Transformer Models,false
web/data/public_preview_map_data.json,openalex-candidate-6ca8b84afba88a39,,2024,An Analysis of Recent Advances in Deepfake Image Detection in an Evolving Threat Landscape,An Analysis of Recent Advances in Deepfake Image Detection in an Evolving Threat Landscape,false
web/data/public_preview_map_data.json,openalex-candidate-c8d650fe57b38abe,,2024,Deepfake Image Detection Using Yolov8,Deepfake Image Detection Using Yolov8,false
web/data/public_preview_map_data.json,openalex-candidate-7aba85845dc96642,,2024,CNN-LSTM Model for Deepfake Image Detection,CNN-LSTM Model for Deepfake Image Detection,false
web/data/public_preview_map_data.json,openalex-candidate-81344d4c33cfafac,,2023,Deepfake detection using deep learning methods: A systematic and comprehensive review,Deepfake Detection Using Deep Learning Methods: A Systematic and Comprehensive Review,true
web/data/public_preview_map_data.json,openalex-candidate-08a12fbf30cbef5e,,2020,DeepFake Face Image Detection based on Improved VGG Convolutional Neural Network,DeepFake Face Image Detection Based on Improved VGG Convolutional Neural Network,true
web/data/public_preview_map_data.json,openalex-candidate-496f8af84d8f7ba1,,2021,DeepFake Detection Based on Discrepancies Between Faces and Their Context,DeepFake Detection Based on Discrepancies Between Faces and Their Context,false
web/data/public_preview_map_data.json,openalex-candidate-21fd7924e3e45f8f,,2025,DeepGuardNet: A Novel CNN Architecture for DeepFake Image Detection,DeepGuardNet: A Novel CNN Architecture for DeepFake Image Detection,false
web/data/public_preview_map_data.json,openalex-candidate-21583637d904d186,,2024,DeepFake Image Detection,DeepFake Image Detection,false
web/data/public_preview_map_data.json,openalex-candidate-d9971879d4c713c4,,2024,Deepfake Image Detection Using ResNet50 Model,Deepfake Image Detection Using ResNet50 Model,false
web/data/public_preview_map_data.json,openalex-candidate-3c8e7f442c9df50a,,2023,Deepfake Generation and Detection: Case Study and Challenges,Deepfake Generation and Detection: Case Study and Challenges,false
web/data/public_preview_map_data.json,openalex-candidate-b939f43225e47c12,,2024,DeepSight: Enhancing Deepfake Image Detection and Classification through Ensemble and Deep Learning Techniques,DeepSight: Enhancing Deepfake Image Detection and Classification Through Ensemble and Deep Learning Techniques,true
web/data/public_preview_map_data.json,openalex-candidate-13f3fcf108a53586,,2022,Analysis Survey on Deepfake detection and Recognition with Convolutional Neural Networks,Analysis Survey on Deepfake Detection and Recognition with Convolutional Neural Networks,true
web/data/public_preview_map_data.json,openalex-candidate-7a48ee8e04844a11,,2025,Deepfake Image Detection with Transfer Learning Models,Deepfake Image Detection with Transfer Learning Models,false
web/data/public_preview_map_data.json,openalex-candidate-34b247a20f8c86d1,,2021,Detection of Deepfake Images Created Using Generative Adversarial Networks: A Review,Detection of Deepfake Images Created Using Generative Adversarial Networks: A Review,false
web/data/public_preview_map_data.json,openalex-candidate-14e827a8f114b494,,2020,Deep Learning for Deepfakes Creation and Detection: A Survey,Deep Learning for Deepfakes Creation and Detection: A Survey,false
web/data/public_preview_map_data.json,openalex-candidate-9dee0049b8e13b3b,,2025,"A Review on Deepfake Image Detection Approaches, Techniques and Methods","A Review on Deepfake Image Detection Approaches, Techniques and Methods",false
web/data/public_preview_map_data.json,openalex-candidate-b95f1113154c4bf6,,2025,Deepfake Image Detection Using Light-Weight Attention Integrated MobileNetV3 Model,Deepfake Image Detection Using Light-Weight Attention Integrated MobileNetV3 Model,false
web/data/public_preview_map_data.json,openalex-candidate-4af98b11304df384,,2022,The Face Deepfake Detection Challenge,The Face Deepfake Detection Challenge,false
web/data/public_preview_map_data.json,openalex-candidate-6c4a7020ea7f1127,,2020,A Survey of Deep Learning-Based Source Image Forensics,A Survey of Deep Learning-Based Source Image Forensics,false
web/data/public_preview_map_data.json,openalex-candidate-07161afd1a02cdd8,,2024,Detecting AI-generated images with CNN and Interpretation using Explainable AI,Detecting AI-Generated Images with CNN and Interpretation Using Explainable AI,true
web/data/public_preview_map_data.json,openalex-candidate-d3d909e786f03b05,,2023,A GAN-based Approach to Detect AI-Generated Images,A GAN-Based Approach to Detect AI-Generated Images,true
web/data/public_preview_map_data.json,openalex-candidate-8b9f7c9971cca5ca,,2025,Detecting AI-Generated Images Using a Hybrid ResNet-SE Attention Model,Detecting AI-Generated Images Using a Hybrid ResNet-SE Attention Model,false
web/data/public_preview_map_data.json,openalex-candidate-f757bcf648119785,,2026,Methods and trends in detecting AI-generated images: A comprehensive review,Methods and Trends in Detecting AI-Generated Images: A Comprehensive Review,true
web/data/public_preview_map_data.json,openalex-candidate-76c8f3b5a1dc8cf8,,2025,Harnessing The Power Of AI To Detect AI Generated Images,Harnessing the Power of AI to Detect AI Generated Images,true
web/data/public_preview_map_data.json,openalex-candidate-0a255bfe4e986b15,,2025,Multi-modal texture fusion network for detecting AI-generated images,Multi-Modal Texture Fusion Network for Detecting AI-Generated Images,true
web/data/public_preview_map_data.json,openalex-candidate-f712bed30940192a,,2023,Digital Image Forensic Analyzer to Detect AI-generated Fake Images,Digital Image Forensic Analyzer to Detect AI-Generated Fake Images,true
web/data/public_preview_map_data.json,openalex-candidate-cbc58fbd28140e67,,2026,Detecting AI-Generated Images via Diffusion Snap-Back Reconstruction: A Forensic Approach,Detecting AI-Generated Images via Diffusion Snap-Back Reconstruction: A Forensic Approach,false
web/data/public_preview_map_data.json,openalex-candidate-075272ce660a3502,,2025,Detecting AI-Generated Images Using Facial Similarity and Feature Extraction for Digital Security,Detecting AI-Generated Images Using Facial Similarity and Feature Extraction for Digital Security,false
web/data/public_preview_map_data.json,openalex-candidate-8993491c152dc4dd,,2024,"Generative Visual AI in News Organizations: Challenges, Opportunities, Perceptions, and Policies","Generative Visual AI in News Organizations: Challenges, Opportunities, Perceptions, and Policies",false
web/data/public_preview_map_data.json,openalex-candidate-90be03b7b67a6fce,,2025,Detecting AI-Generated Images Using Vision Transformers: A Robust Approach for Safeguarding Visual Media Integrity,Detecting AI-Generated Images Using Vision Transformers: A Robust Approach for Safeguarding Visual Media Integrity,false
web/data/public_preview_map_data.json,openalex-candidate-e7f65cf54291a0ae,,2021,Detecting soybean leaf disease from synthetic image using multi-feature fusion faster R-CNN,Detecting Soybean Leaf Disease from Synthetic Image Using Multi-Feature Fusion Faster R-CNN,true
web/data/public_preview_map_data.json,openalex-candidate-c369f3370b218388,curated:517a2cc4ca3690f3fc44,2024,A Performance Analysis to Detect Synthetic Images with Deep Learning-Based Image Classification,A Performance Analysis to Detect Synthetic Images with Deep Learning-Based Image Classification,false
web/data/public_preview_map_data.json,openalex-candidate-c6a3aad67947571f,,2017,Training Deep Neural Networks for Detecting Drinking Glasses Using Synthetic Images,Training Deep Neural Networks for Detecting Drinking Glasses Using Synthetic Images,false
web/data/public_preview_map_data.json,openalex-candidate-2447b7995dc24cf8,,2022,AI-enabled image fraud in scientific publications,AI-Enabled Image Fraud in Scientific Publications,true
web/data/public_preview_map_data.json,openalex-candidate-86675331db32c5f1,,2023,Deep fake detection and classification using error-level analysis and deep learning,Deep Fake Detection and Classification Using Error-Level Analysis and Deep Learning,true
web/data/public_preview_map_data.json,openalex-candidate-19e5b0f67b548ef3,,2024,Detection of real-time deep fakes and face forgery in video conferencing employing generative adversarial networks,Detection of Real-Time Deep Fakes and Face Forgery in Video Conferencing Employing Generative Adversarial Networks,true
web/data/public_preview_map_data.json,openalex-candidate-a0192d2b1d27b76b,,2021,Copy-Move Forgery Detection (CMFD) Using Deep Learning for Image and Video Forensics,Copy-Move Forgery Detection (CMFD) Using Deep Learning for Image and Video Forensics,false
web/data/public_preview_map_data.json,openalex-candidate-e7d1518cdffdcc4f,,2021,Image Tampering Localization Using a Dense Fully Convolutional Network,Image Tampering Localization Using a Dense Fully Convolutional Network,false
web/data/public_preview_map_data.json,openalex-candidate-ccfb357c456d598e,,2018,Can Forensic Detectors Identify GAN Generated Images?,Can Forensic Detectors Identify GAN Generated Images?,false
web/data/public_preview_map_data.json,openalex-candidate-234cf625b61ab06b,,2019,Complement Face Forensic Detection and Localization with FacialLandmarks,Complement Face Forensic Detection and Localization with FacialLandmarks,false
web/data/public_preview_map_data.json,openalex-candidate-c760ef41ec513cd4,,2025,InvisMark: Invisible and Robust Watermarking for AI-generated Image Provenance,InvisMark: Invisible and Robust Watermarking for AI-Generated Image Provenance,true
web/data/public_preview_map_data.json,openalex-candidate-9eddccef9fa8ff84,,2024,Towards Generated Image Provenance Analysis via Conceptual-Similar-Guided-SLIP Retrieval,Towards Generated Image Provenance Analysis via Conceptual-Similar-Guided-SLIP Retrieval,false
web/data/public_preview_map_data.json,openalex-candidate-d894d9b1f0c21081,,2024,How spammers and scammers leverage AI-generated images on Facebook for audience growth,How Spammers and Scammers Leverage AI-Generated Images on Facebook for Audience Growth,true
web/data/public_preview_map_data.json,openalex-candidate-bba54ac717c0f054,,2023,Evading Watermark based Detection of AI-Generated Content,Evading Watermark Based Detection of AI-Generated Content,true
web/data/public_preview_map_data.json,openalex-candidate-81685857ecba6955,,2022,Deep Learning applied to Road Accident Detection with Transfer Learning and Synthetic Images,Deep Learning Applied to Road Accident Detection with Transfer Learning and Synthetic Images,true
web/data/public_preview_map_data.json,openalex-candidate-930efaeec50672fc,,2020,CNN Detection of GAN-Generated Face Images based on Cross-Band Co-occurrences Analysis,CNN Detection of GAN-Generated Face Images Based on Cross-Band Co-Occurrences Analysis,true
web/data/public_preview_map_data.json,openalex-candidate-43452eaaa4889a59,,2022,Detecting Deepfake Images Using Deep Learning Techniques and Explainable AI Methods,Detecting Deepfake Images Using Deep Learning Techniques and Explainable AI Methods,false
web/data/public_preview_map_data.json,openalex-candidate-80894cca69e5623d,,2023,Generating Synthetic Training Images to Detect Split Defects in Stamped Components,Generating Synthetic Training Images to Detect Split Defects in Stamped Components,false
web/data/public_preview_map_data.json,openalex-candidate-8ebee933bf60aee2,,2023,A Survey of Detection and Mitigation for Fake Images on Social Media Platforms,A Survey of Detection and Mitigation for Fake Images on Social Media Platforms,false
web/data/public_preview_map_data.json,openalex-candidate-4f35dcaacefe0b91,,2024,Multiclass AI-Generated Deepfake Face Detection Using Patch-Wise Deep Learning Model,Multiclass AI-Generated Deepfake Face Detection Using Patch-Wise Deep Learning Model,false
web/data/public_preview_map_data.json,openalex-candidate-67b264ce4407af1b,,2023,Testing human ability to detect ‘deepfake’ images of human faces,Testing Human Ability to Detect ‘Deepfake’ Images of Human Faces,true
web/data/public_preview_map_data.json,openalex-candidate-a5570e7df74771fc,,2025,Semantic-Aware Lightweight AI Model for Deepfake Image Detection in Online Retail Platforms,Semantic-Aware Lightweight AI Model for Deepfake Image Detection in Online Retail Platforms,false
web/data/public_preview_map_data.json,openalex-candidate-70bfab7fabd44eef,,2024,Enhancing Deepfake Detection With Diversified Self-Blending Images and Residuals,Enhancing Deepfake Detection with Diversified Self-Blending Images and Residuals,true
web/data/public_preview_map_data.json,openalex-candidate-95dd4612a3d3c4a5,,2021,Detection of Deep-Morphed Deepfake Images to Make Robust Automatic Facial Recognition Systems,Detection of Deep-Morphed Deepfake Images to Make Robust Automatic Facial Recognition Systems,false
web/data/public_preview_map_data.json,openalex-candidate-0ea11c8fa9b8246c,,2024,Diffusion Models as a Representation Learner for Deepfake Image Detection,Diffusion Models as a Representation Learner for Deepfake Image Detection,false
web/data/public_preview_map_data.json,openalex-candidate-fb756db3ea8826f2,,2025,A Novel Framework for Deepfake Image Detection Using Deep Learning Approach,A Novel Framework for Deepfake Image Detection Using Deep Learning Approach,false
web/data/public_preview_map_data.json,openalex-candidate-9d464393c46b1f6c,,2023,Revealing and Classification of Deepfakes Video's Images using a Customize Convolution Neural Network Model,Revealing and Classification of Deepfakes Video's Images Using a Customize Convolution Neural Network Model,true
web/data/public_preview_map_data.json,openalex-candidate-dfe789a6e8f90ff2,,2022,MaskGAN: A Facial Fusion Algorithm for Deepfake Image Detection,MaskGAN: A Facial Fusion Algorithm for Deepfake Image Detection,false
web/data/public_preview_map_data.json,openalex-candidate-280be49d0d57ed5d,,2022,FrePGAN: Robust Deepfake Detection Using Frequency-Level Perturbations,FrePGAN: Robust Deepfake Detection Using Frequency-Level Perturbations,false
web/data/public_preview_map_data.json,openalex-candidate-8834a4e1306ca3f5,,2021,Deepfakes Creation and Detection Using Deep Learning,Deepfakes Creation and Detection Using Deep Learning,false
web/data/public_preview_map_data.json,openalex-candidate-c48325391c4c055f,,2025,Deepfake Image Detection Using Convolutional Neural Network,Deepfake Image Detection Using Convolutional Neural Network,false
web/data/public_preview_map_data.json,openalex-candidate-0e1ff6e19ef6e0e5,curated:559269bd486bc1da5115,2025,Comparative Analysis of Custom CNN Architecture and MobileNet for Deepfake Image Detection,Comparative Analysis of Custom CNN Architecture and MobileNet for Deepfake Image Detection,false
web/data/public_preview_map_data.json,openalex-candidate-40f7afce141b8c16,,2021,Detecting fake images by identifying potential texture difference,Detecting Fake Images by Identifying Potential Texture Difference,true
web/data/public_preview_map_data.json,openalex-candidate-958fd2e703f32e9f,,2023,Does an emotional connection to art really require a human artist? Emotion and intentionality responses to AI- versus human-created art and impact on aesthetic experience,Does an Emotional Connection to Art Really Require a Human Artist? Emotion and Intentionality Responses to AI- Versus Human-Created Art and Impact on Aesthetic Experience,true
web/data/public_preview_map_data.json,openalex-candidate-0732653094055e02,,2024,Detecting Artificial Intelligence-Generated images via deep trace representations and interactive feature fusion,Detecting Artificial Intelligence-Generated Images via Deep Trace Representations and Interactive Feature Fusion,true
web/data/public_preview_map_data.json,openalex-candidate-61bba714507e2aef,,2026,What is Real Anymore? A Solution to Detect Hyper Realistic AI-Generated Imagery,What Is Real Anymore? A Solution to Detect Hyper Realistic AI-Generated Imagery,true
web/data/public_preview_map_data.json,openalex-candidate-d7c069043e94318b,,2025,Art or Artifact? Segmenting AI-Generated Images for Deeper Detection,Art or Artifact? Segmenting AI-Generated Images for Deeper Detection,false
web/data/public_preview_map_data.json,openalex-candidate-ffc5d929530a3f5f,curated:af017ea331a2238112d7,2026,Light2Lie: Detecting Deepfake Images Using Physical Reflectance Laws,Light2Lie: Detecting Deepfake Images Using Physical Reflectance Laws,false
web/data/public_preview_map_data.json,openalex-candidate-d2a030d99b35b5f8,curated:75cbd31c9946c7eb7977,2026,"""That's another doom I haven't thought about"": A User Study on AI Labels as a Safeguard Against Image-Based Misinformation","""That's Another Doom I Haven't Thought About"": A User Study on AI Labels as a Safeguard Against Image-Based Misinformation",true
web/data/public_preview_map_data.json,openalex-candidate-54ed0ed2bf2c48e6,curated:038a578e520799c8671e,2026,Toward Generalizable Forgery Detection and Reasoning,Toward Generalizable Forgery Detection and Reasoning,false
web/data/public_preview_map_data.json,openalex-candidate-99e15d52b1295c7d,,2022,Discovering Transferable Forensic Features for CNN-Generated Images Detection,Discovering Transferable Forensic Features for CNN-Generated Images Detection,false
web/data/public_preview_map_data.json,openalex-candidate-fbde6235f0aade1e,,2022,Discovering Transferable Forensic Features for CNN-Generated Images Detection,Discovering Transferable Forensic Features for CNN-Generated Images Detection,false
web/data/public_preview_map_data.json,openalex-candidate-c8821f9ed9929309,,2021,Deepfake attribution: On the source identification of artificially generated images,Deepfake Attribution: On the Source Identification of Artificially Generated Images,true
web/data/public_preview_map_data.json,openalex-candidate-b5cfea36fba8c5a3,,2024,Forgery-aware Adaptive Transformer for Generalizable Synthetic Image Detection,Forgery-Aware Adaptive Transformer for Generalizable Synthetic Image Detection,true
web/data/public_preview_map_data.json,openalex-candidate-002030b898ad230d,,2025,Any-Resolution AI-Generated Image Detection by Spectral Learning,Any-Resolution AI-Generated Image Detection by Spectral Learning,false
web/data/public_preview_map_data.json,openalex-candidate-8184e8d6c25ab182,,2023,Enhancing Interpretability in AI-Generated Image Detection with Genetic Programming,Enhancing Interpretability in AI-Generated Image Detection with Genetic Programming,false
web/data/public_preview_map_data.json,openalex-candidate-fc0bbc58d534da6c,,2024,FAMSeC: A Few-Shot-Sample-Based General AI-Generated Image Detection Method,FAMSeC: A Few-Shot-Sample-Based General AI-Generated Image Detection Method,false
web/data/public_preview_map_data.json,openalex-candidate-ec5c6d4b4bd50a12,,2024,FAMSeC: A Few-Shot-Sample-Based General AI-Generated Image Detection Method,FAMSeC: A Few-Shot-Sample-Based General AI-Generated Image Detection Method,false
web/data/public_preview_map_data.json,openalex-candidate-e2dcc6a3d1106c30,,2024,SemGIR: Semantic-Guided Image Regeneration Based Method for AI-generated Image Detection and Attribution,SemGIR: Semantic-Guided Image Regeneration Based Method for AI-Generated Image Detection and Attribution,true
web/data/public_preview_map_data.json,openalex-candidate-31b1ecc640b5520d,,2025,LOTA: Bit-Planes Guided AI-Generated Image Detection,LOTA: Bit-Planes Guided AI-Generated Image Detection,false
web/data/public_preview_map_data.json,openalex-candidate-6c97d94bbf28c6c7,,2023,Learning on Gradients: Generalized Artifacts Representation for GAN-Generated Images Detection,Learning on Gradients: Generalized Artifacts Representation for GAN-Generated Images Detection,false
web/data/public_preview_map_data.json,openalex-candidate-44aed4e6b1e0cb4e,,2023,Learning on Gradients: Generalized Artifacts Representation for GAN-Generated Images Detection,Learning on Gradients: Generalized Artifacts Representation for GAN-Generated Images Detection,false
web/data/public_preview_map_data.json,openalex-candidate-c12aedb83c12d14b,,2022,FingerprintNet: Synthesized Fingerprints for Generated Image Detection,FingerprintNet: Synthesized Fingerprints for Generated Image Detection,false
web/data/public_preview_map_data.json,openalex-candidate-056f38b65f9480dc,,2022,FingerprintNet: Synthesized Fingerprints for Generated Image Detection,FingerprintNet: Synthesized Fingerprints for Generated Image Detection,false
web/data/public_preview_map_data.json,openalex-candidate-c0799b0dc0132d95,,2022,FingerprintNet: Synthesized Fingerprints for Generated Image Detection,FingerprintNet: Synthesized Fingerprints for Generated Image Detection,false
web/data/public_preview_map_data.json,openalex-candidate-f14f0331980a259f,,2022,FingerprintNet: Synthesized Fingerprints for Generated Image Detection,FingerprintNet: Synthesized Fingerprints for Generated Image Detection,false
web/data/public_preview_map_data.json,openalex-candidate-1fae5e5716e13069,,2023,Improving Synthetically Generated Image Detection in Cross-Concept Settings,Improving Synthetically Generated Image Detection in Cross-Concept Settings,false
web/data/public_preview_map_data.json,openalex-candidate-5b5020beddd5903e,curated:aaf9b7c69d384a3c3140,2023,Synthbuster: Towards Detection of Diffusion Model Generated Images,Synthbuster: Towards Detection of Diffusion Model Generated Images,false
web/data/public_preview_map_data.json,openalex-candidate-e758fb43d15deb3d,,2024,Mastering Deepfake Detection: A Cutting-edge Approach to Distinguish GAN and Diffusion-model Images,Mastering Deepfake Detection: A Cutting-Edge Approach to Distinguish GAN and Diffusion-Model Images,true
web/data/public_preview_map_data.json,openalex-candidate-348dac7c89f8e435,,2021,"Detection, Attribution and Localization of GAN Generated Images","Detection, Attribution and Localization of GAN Generated Images",false
web/data/public_preview_map_data.json,openalex-candidate-6578771f00603038,,2019,Detecting GAN generated Fake Images using Co-occurrence Matrices,Detecting GAN Generated Fake Images Using Co-Occurrence Matrices,true
web/data/public_preview_map_data.json,openalex-candidate-14bf78af6523caf2,,2019,Detecting GAN generated Fake Images using Co-occurrence Matrices,Detecting GAN Generated Fake Images Using Co-Occurrence Matrices,true
web/data/public_preview_map_data.json,openalex-candidate-8a383f169b58b062,curated:90ac5206f85eaebc7203,2025,WILD: a new in-the-Wild Image Linkage Dataset for synthetic image attribution,WILD: A New In-the-Wild Image Linkage Dataset for Synthetic Image Attribution,true
web/data/public_preview_map_data.json,openalex-candidate-7f8fea4480691e71,,2024,Whodunit: Detection and Attribution of Synthetic Images by Leveraging Model-specific Fingerprints,Whodunit: Detection and Attribution of Synthetic Images by Leveraging Model-Specific Fingerprints,true
web/data/public_preview_map_data.json,openalex-candidate-8a3feda43927f387,,2025,DeepGuard: Identification and Attribution of AI-Generated Synthetic Images,DeepGuard: Identification and Attribution of AI-Generated Synthetic Images,false
web/data/public_preview_map_data.json,openalex-candidate-357117c58029fe9f,,2025,DeepGuard: Identification and Attribution of AI-Generated Synthetic Images,DeepGuard: Identification and Attribution of AI-Generated Synthetic Images,false
web/data/public_preview_map_data.json,openalex-candidate-5919e6776cc99cd0,,2025,DeepGuard: Identification and Attribution of AI-Generated Synthetic Images,DeepGuard: Identification and Attribution of AI-Generated Synthetic Images,false
web/data/public_preview_map_data.json,openalex-candidate-02b9787e1bd10e3e,,2024,Synthetic Image Verification in the Era of Generative Artificial Intelligence: What Works and What Isn’t There yet,Synthetic Image Verification in the Era of Generative Artificial Intelligence: What Works and What Isn’t There Yet,true
web/data/public_preview_map_data.json,openalex-candidate-5f94a6db9721589c,,2024,X-Transfer: A Transfer Learning-Based Framework for GAN-Generated Fake Image Detection,X-Transfer: A Transfer Learning-Based Framework for GAN-Generated Fake Image Detection,false
web/data/public_preview_map_data.json,openalex-candidate-feb6e4f71d395ad6,,2024,X-Transfer: A Transfer Learning-Based Framework for GAN-Generated Fake Image Detection,X-Transfer: A Transfer Learning-Based Framework for GAN-Generated Fake Image Detection,false
web/data/public_preview_map_data.json,openalex-candidate-12439151c2db1e70,,2024,X-Transfer: A Transfer Learning-Based Framework for GAN-Generated Fake Image Detection,X-Transfer: A Transfer Learning-Based Framework for GAN-Generated Fake Image Detection,false
web/data/public_preview_map_data.json,openalex-candidate-e1f46b03c6236cee,,2024,X-Transfer: A Transfer Learning-Based Framework for GAN-Generated Fake Image Detection,X-Transfer: A Transfer Learning-Based Framework for GAN-Generated Fake Image Detection,false
web/data/public_preview_map_data.json,openalex-candidate-c57e70ef9b3dfa00,,2020,On the use of Benford's law to detect GAN-generated images,On the Use of Benford's Law to Detect GAN-Generated Images,true
web/data/public_preview_map_data.json,openalex-candidate-8c8092be8ddb7768,,2025,"SIDA: Social Media Image Deepfake Detection, Localization and Explanation with Large Multimodal Model","SIDA: Social Media Image Deepfake Detection, Localization and Explanation with Large Multimodal Model",false
web/data/public_preview_map_data.json,openalex-candidate-a45a1e59695e956e,,2025,"SIDA: Social Media Image Deepfake Detection, Localization and Explanation with Large Multimodal Model","SIDA: Social Media Image Deepfake Detection, Localization and Explanation with Large Multimodal Model",false
web/data/public_preview_map_data.json,openalex-candidate-75340af8d0f607f4,,2025,"SIDA: Social Media Image Deepfake Detection, Localization and Explanation with Large Multimodal Model","SIDA: Social Media Image Deepfake Detection, Localization and Explanation with Large Multimodal Model",false
web/data/public_preview_map_data.json,openalex-candidate-c4070d34120a6a39,,2024,Rethinking the Up-Sampling Operations in CNN-Based Generative Network for Generalizable Deepfake Detection,Rethinking the Up-Sampling Operations in CNN-Based Generative Network for Generalizable Deepfake Detection,false
web/data/public_preview_map_data.json,openalex-candidate-c2628c734934c7d9,,2024,Rethinking the Up-Sampling Operations in CNN-Based Generative Network for Generalizable Deepfake Detection,Rethinking the Up-Sampling Operations in CNN-Based Generative Network for Generalizable Deepfake Detection,false
web/data/public_preview_map_data.json,openalex-candidate-dd5630f5ebd3a43e,,2025,Multi-Perspective Frequency Domain Learning for Generalizable AI-Generated Image Detection,Multi-Perspective Frequency Domain Learning for Generalizable AI-Generated Image Detection,false
web/data/public_preview_map_data.json,openalex-candidate-a3244a642cee4349,,2024,Detecting AI-Generated Images via CLIP,Detecting AI-Generated Images via CLIP,false
web/data/public_preview_map_data.json,openalex-candidate-4154e8b5bcb32660,,2024,IPD-Net: Detecting AI-Generated Images via Inter-Patch Dependencies,IPD-Net: Detecting AI-Generated Images via Inter-Patch Dependencies,false
web/data/public_preview_map_data.json,openalex-candidate-94a7cd09aa745104,,2025,Beyond Generation: A Diffusion-based Low-level Feature Extractor for Detecting AI-generated Images,Beyond Generation: A Diffusion-Based Low-Level Feature Extractor for Detecting AI-Generated Images,true
web/data/public_preview_map_data.json,openalex-candidate-cfb4081aab34b481,,2023,GLFF: Global and Local Feature Fusion for AI-Synthesized Image Detection,GLFF: Global and Local Feature Fusion for AI-Synthesized Image Detection,false
web/data/public_preview_map_data.json,openalex-candidate-95a18fcdd31b9010,,2023,GLFF: Global and Local Feature Fusion for AI-Synthesized Image Detection,GLFF: Global and Local Feature Fusion for AI-Synthesized Image Detection,false
web/data/public_preview_map_data.json,openalex-candidate-dcc5b05d3f986a90,,2026,"GReX-Bench: Benchmarking Generalization, Robustness, and Explainability in AI-Generated Image Detection","GReX-Bench: Benchmarking Generalization, Robustness, and Explainability in AI-Generated Image Detection",false
web/data/public_preview_map_data.json,openalex-candidate-21deb90758ffc0f9,,2022,Think Twice Before Detecting GAN-generated Fake Images from their Spectral Domain Imprints,Think Twice Before Detecting GAN-Generated Fake Images from Their Spectral Domain Imprints,true
web/data/public_preview_map_data.json,openalex-candidate-04d03b396c4bb29f,,2026,Penny-Wise and Pound-Foolish in AI-Generated Image Detection,Penny-Wise and Pound-Foolish in AI-Generated Image Detection,false
web/data/public_preview_map_data.json,openalex-candidate-c37d12b87daf2551,,2026,Penny-Wise and Pound-Foolish in AI-Generated Image Detection,Penny-Wise and Pound-Foolish in AI-Generated Image Detection,false
web/data/public_preview_map_data.json,openalex-candidate-99f3fd1d2669f905,,2026,DCNet: Learning Similarity and Spatial Complementary Features for Generalized AI-Generated Image Detection,DCNet: Learning Similarity and Spatial Complementary Features for Generalized AI-Generated Image Detection,false
web/data/public_preview_map_data.json,openalex-candidate-9c67950484968b8b,,2026,DCNet: Learning Similarity and Spatial Complementary Features for Generalized AI-Generated Image Detection,DCNet: Learning Similarity and Spatial Complementary Features for Generalized AI-Generated Image Detection,false
web/data/public_preview_map_data.json,openalex-candidate-919d3c2bcfbdb403,,2026,Semantic Distribution and Authenticity Discrepancy Alignment for AI-Generated Image Detection,Semantic Distribution and Authenticity Discrepancy Alignment for AI-Generated Image Detection,false
web/data/public_preview_map_data.json,openalex-candidate-6c5a75ed23ddbadc,,2026,Semantic Distribution and Authenticity Discrepancy Alignment for AI-Generated Image Detection,Semantic Distribution and Authenticity Discrepancy Alignment for AI-Generated Image Detection,false
web/data/public_preview_map_data.json,openalex-candidate-5918fb9e10c6e4b8,,2026,Semantic Distribution and Authenticity Discrepancy Alignment for AI-Generated Image Detection,Semantic Distribution and Authenticity Discrepancy Alignment for AI-Generated Image Detection,false
web/data/public_preview_map_data.json,openalex-candidate-bc2429c5c07a5755,,2025,E2GenF: Universal AIGC image detection based on edge enhanced generalizable features,E2GenF: Universal AIGC Image Detection Based on Edge Enhanced Generalizable Features,true
web/data/public_preview_map_data.json,openalex-candidate-b8c048d2bb06f247,curated:89c6548802e6878c18c8,2026,Forensic Invariant Learning for Synthetic Image Detection: Bridging Benford's Law and Topological Analysis with Machine Learning Ensembles,Forensic Invariant Learning for Synthetic Image Detection: Bridging Benford's Law and Topological Analysis with Machine Learning Ensembles,false
web/data/public_preview_map_data.json,openalex-candidate-a2ce78bcd5bb38d6,,2025,C2P-CLIP: Injecting Category Common Prompt in CLIP to Enhance Generalization in Deepfake Detection,C2P-CLIP: Injecting Category Common Prompt in CLIP to Enhance Generalization in Deepfake Detection,false
web/data/public_preview_map_data.json,openalex-candidate-e7076d34d18cd4c5,,2025,C2P-CLIP: Injecting Category Common Prompt in CLIP to Enhance Generalization in Deepfake Detection,C2P-CLIP: Injecting Category Common Prompt in CLIP to Enhance Generalization in Deepfake Detection,false
web/data/public_preview_map_data.json,openalex-candidate-eeca6a851cd66fb5,curated:2465f28a94bb45bec499,2025,Aigi-Holmes: Towards Explainable and Generalizable AI-Generated Image Detection via Multimodal Large Language Models,AIGI-Holmes: Towards Explainable and Generalizable AI-Generated Image Detection via Multimodal Large Language Models,true
web/data/public_preview_map_data.json,openalex-candidate-ac875fc3866340eb,curated:aa6672aa3ab0a0709e32,2025,Diffusion Epistemic Uncertainty with Asymmetric Learning for Diffusion-Generated Image Detection,Diffusion Epistemic Uncertainty with Asymmetric Learning for Diffusion-Generated Image Detection,false
web/data/public_preview_map_data.json,openalex-candidate-b592fe539708d9a4,curated:aa6672aa3ab0a0709e32,2025,Diffusion Epistemic Uncertainty with Asymmetric Learning for Diffusion-Generated Image Detection,Diffusion Epistemic Uncertainty with Asymmetric Learning for Diffusion-Generated Image Detection,false
web/data/public_preview_map_data.json,openalex-candidate-b991d5dd58baf382,,2025,Optimized Frequency Collaborative Strategy Drives AI Image Detection,Optimized Frequency Collaborative Strategy Drives AI Image Detection,false
web/data/public_preview_map_data.json,openalex-candidate-98ffdb4796e3ac34,,2025,Optimized Frequency Collaborative Strategy Drives AI Image Detection,Optimized Frequency Collaborative Strategy Drives AI Image Detection,false
web/data/public_preview_map_data.json,openalex-candidate-ad4931172a3a8b10,,2026,HRR: Hierarchical retrospection refinement for generated image detection,HRR: Hierarchical Retrospection Refinement for Generated Image Detection,true
web/data/public_preview_map_data.json,openalex-candidate-39b4e03faec6a6f1,,2026,HRR: Hierarchical retrospection refinement for generated image detection,HRR: Hierarchical Retrospection Refinement for Generated Image Detection,true
web/data/public_preview_map_data.json,openalex-candidate-7d20ed781c0382f5,,2026,HRR: Hierarchical retrospection refinement for generated image detection,HRR: Hierarchical Retrospection Refinement for Generated Image Detection,true
web/data/public_preview_map_data.json,openalex-candidate-334212e8d15b7352,,2026,HRR: Hierarchical retrospection refinement for generated image detection,HRR: Hierarchical Retrospection Refinement for Generated Image Detection,true
web/data/public_preview_map_data.json,openalex-candidate-69b6cc25d8a5670e,,2025,Robust AI-Synthesized Image Detection via Multi-feature Frequency-Aware Learning,Robust AI-Synthesized Image Detection via Multi-Feature Frequency-Aware Learning,true
web/data/public_preview_map_data.json,openalex-candidate-4509b84439624582,,2025,Robust AI-Synthesized Image Detection via Multi-feature Frequency-Aware Learning,Robust AI-Synthesized Image Detection via Multi-Feature Frequency-Aware Learning,true
web/data/public_preview_map_data.json,openalex-candidate-c6b33fd930b71a45,,2025,Robust AI-Synthesized Image Detection via Multi-feature Frequency-Aware Learning,Robust AI-Synthesized Image Detection via Multi-Feature Frequency-Aware Learning,true
web/data/public_preview_map_data.json,openalex-candidate-d58759107c8e4179,,2025,Robust AI-Synthesized Image Detection via Multi-feature Frequency-Aware Learning,Robust AI-Synthesized Image Detection via Multi-Feature Frequency-Aware Learning,true
web/data/public_preview_map_data.json,openalex-candidate-a476e2ac4895a63d,,2026,Explainable Synthetic Image Detection Through Diffusion Timestep Ensembling,Explainable Synthetic Image Detection Through Diffusion Timestep Ensembling,false
web/data/public_preview_map_data.json,openalex-candidate-d5b1b2876e40ea95,,2020,Watch your Up-Convolution: CNN Based Generative Deep Neural Networks are Failing to Reproduce Spectral Distributions,Watch Your Up-Convolution: CNN Based Generative Deep Neural Networks Are Failing to Reproduce Spectral Distributions,true
web/data/public_preview_map_data.json,openalex-candidate-86a1fb2c93aaf3d2,,2020,Watch your Up-Convolution: CNN Based Generative Deep Neural Networks are Failing to Reproduce Spectral Distributions,Watch Your Up-Convolution: CNN Based Generative Deep Neural Networks Are Failing to Reproduce Spectral Distributions,true
web/data/public_preview_map_data.json,openalex-candidate-26212c5f9ae7c528,,2020,Watch your Up-Convolution: CNN Based Generative Deep Neural Networks are Failing to Reproduce Spectral Distributions,Watch Your Up-Convolution: CNN Based Generative Deep Neural Networks Are Failing to Reproduce Spectral Distributions,true
web/data/public_preview_map_data.json,openalex-candidate-e2c5539234db7f18,,2019,Fourier Spectrum Discrepancies in Deep Network Generated Images,Fourier Spectrum Discrepancies in Deep Network Generated Images,false
web/data/public_preview_map_data.json,openalex-candidate-bbd1468e148a21a0,,2021,Beyond the Spectrum: Detecting Deepfakes via Re-Synthesis,Beyond the Spectrum: Detecting Deepfakes via Re-Synthesis,false
web/data/public_preview_map_data.json,openalex-candidate-997b7cada0cd13b8,,2022,BiHPF: Bilateral High-Pass Filters for Robust Deepfake Detection,BiHPF: Bilateral High-Pass Filters for Robust Deepfake Detection,false
web/data/public_preview_map_data.json,openalex-candidate-d4d6a97b6ac2d044,,2022,BiHPF: Bilateral High-Pass Filters for Robust Deepfake Detection,BiHPF: Bilateral High-Pass Filters for Robust Deepfake Detection,false
web/data/public_preview_map_data.json,openalex-candidate-861d4997903e301b,,2023,Detecting Images Generated by Deep Diffusion Models using their Local Intrinsic Dimensionality,Detecting Images Generated by Deep Diffusion Models Using Their Local Intrinsic Dimensionality,true
web/data/public_preview_map_data.json,openalex-candidate-2b7ef5cab0f79dbf,,2023,Exposing fake images generated by text-to-image diffusion models,Exposing Fake Images Generated by Text-to-Image Diffusion Models,true
web/data/public_preview_map_data.json,openalex-candidate-f4461dd110d286dd,,2023,Exposing fake images generated by text-to-image diffusion models,Exposing Fake Images Generated by Text-to-Image Diffusion Models,true
web/data/public_preview_map_data.json,openalex-candidate-ae35df129a4a0210,,2023,Exposing fake images generated by text-to-image diffusion models,Exposing Fake Images Generated by Text-to-Image Diffusion Models,true
web/data/public_preview_map_data.json,openalex-candidate-f8db40a7c441cf96,,2024,Unsupervised Generative Fake Image Detector,Unsupervised Generative Fake Image Detector,false
web/data/public_preview_map_data.json,openalex-candidate-6fc370d5df6774bc,,2023,CSC-Net: Cross-Color Spatial Co-Occurrence Matrix Network for Detecting Synthesized Fake Images,CSC-Net: Cross-Color Spatial Co-Occurrence Matrix Network for Detecting Synthesized Fake Images,false
web/data/public_preview_map_data.json,openalex-candidate-2d981a019350f6f7,,2023,CSC-Net: Cross-Color Spatial Co-Occurrence Matrix Network for Detecting Synthesized Fake Images,CSC-Net: Cross-Color Spatial Co-Occurrence Matrix Network for Detecting Synthesized Fake Images,false
web/data/public_preview_map_data.json,openalex-candidate-d08a59071a5ce658,,2023,CSC-Net: Cross-Color Spatial Co-Occurrence Matrix Network for Detecting Synthesized Fake Images,CSC-Net: Cross-Color Spatial Co-Occurrence Matrix Network for Detecting Synthesized Fake Images,false
web/data/public_preview_map_data.json,openalex-candidate-f14a062d1d09f540,,2023,CSC-Net: Cross-Color Spatial Co-Occurrence Matrix Network for Detecting Synthesized Fake Images,CSC-Net: Cross-Color Spatial Co-Occurrence Matrix Network for Detecting Synthesized Fake Images,false
web/data/public_preview_map_data.json,openalex-candidate-f7c71d6638e67c20,,2024,MMGANGuard: A Robust Approach for Detecting Fake Images Generated by GANs Using Multi-Model Techniques,MMGANGuard: A Robust Approach for Detecting Fake Images Generated by GANs Using Multi-Model Techniques,false
web/data/public_preview_map_data.json,openalex-candidate-d57eaa91b9cb67b6,,2024,MDTL-NET: Computer-generated image detection based on multi-scale deep texture learning,MDTL-NET: Computer-Generated Image Detection Based on Multi-Scale Deep Texture Learning,true
web/data/public_preview_map_data.json,openalex-candidate-a661437e33b89fb1,,2024,MDTL-NET: Computer-generated image detection based on multi-scale deep texture learning,MDTL-NET: Computer-Generated Image Detection Based on Multi-Scale Deep Texture Learning,true
web/data/public_preview_map_data.json,openalex-candidate-5728035d66086141,,2024,Enhancing the Generalization of Synthetic Image Detection Models through the Exploration of Features in Deep Detection Models,Enhancing the Generalization of Synthetic Image Detection Models Through the Exploration of Features in Deep Detection Models,true
web/data/public_preview_map_data.json,openalex-candidate-666900f99f017750,,2024,Addressing Diffusion Model Based Counter-Forensic Image Manipulation for Synthetic Image Detection,Addressing Diffusion Model Based Counter-Forensic Image Manipulation for Synthetic Image Detection,false
web/data/public_preview_map_data.json,openalex-candidate-3990eb28063ab061,,2024,Robust CLIP-Based Detector for Exposing Diffusion Model-Generated Images,Robust CLIP-Based Detector for Exposing Diffusion Model-Generated Images,false
web/data/public_preview_map_data.json,openalex-candidate-33bb474f87de8a22,,2024,Robust CLIP-Based Detector for Exposing Diffusion Model-Generated Images,Robust CLIP-Based Detector for Exposing Diffusion Model-Generated Images,false
web/data/public_preview_map_data.json,openalex-candidate-b4304b45ac765fdf,,2024,Robust CLIP-Based Detector for Exposing Diffusion Model-Generated Images,Robust CLIP-Based Detector for Exposing Diffusion Model-Generated Images,false
web/data/public_preview_map_data.json,openalex-candidate-298eb945a853dac9,curated:161b6d5ca391d238f7e9,2025,Detecting Origin Attribution for Text-to-Image Diffusion Models,Detecting Origin Attribution for Text-to-Image Diffusion Models,false
web/data/public_preview_map_data.json,openalex-candidate-a20cac84f264662f,,2026,Transferable Dual-Domain Feature Importance Attack Against AI-Generated Image Detector,Transferable Dual-Domain Feature Importance Attack Against AI-Generated Image Detector,false
web/data/public_preview_map_data.json,openalex-candidate-cf5bd2ffade56baa,,2026,Transferable Dual-Domain Feature Importance Attack Against AI-Generated Image Detector,Transferable Dual-Domain Feature Importance Attack Against AI-Generated Image Detector,false
web/data/public_preview_map_data.json,openalex-candidate-1a6f30e7dd9ff362,,2026,Transferable Dual-Domain Feature Importance Attack Against AI-Generated Image Detector,Transferable Dual-Domain Feature Importance Attack Against AI-Generated Image Detector,false
web/data/public_preview_map_data.json,openalex-candidate-d3c0cf398940df01,,2026,"Interpol review of detection of AI-generated image and video deepfakes, 2022-2025","Interpol Review of Detection of AI-Generated Image and Video Deepfakes, 2022-2025",true
web/data/public_preview_map_data.json,openalex-candidate-f57f044665c3dfed,,2025,Can GPT tell us why these images are synthesized? Empowering Multimodal Large Language Models for Forensics,Can GPT Tell Us Why These Images Are Synthesized? Empowering Multimodal Large Language Models for Forensics,true
web/data/public_preview_map_data.json,openalex-candidate-946b2b9eadfa8d46,curated:3312da81174f7d411081,2025,Evolution of Detection Performance Throughout the Online Lifespan of Synthetic Images,Evolution of Detection Performance Throughout the Online Lifespan of Synthetic Images,false
web/data/public_preview_map_data.json,openalex-candidate-f130bd2750a3091a,curated:3312da81174f7d411081,2025,Evolution of Detection Performance Throughout the Online Lifespan of Synthetic Images,Evolution of Detection Performance Throughout the Online Lifespan of Synthetic Images,false
web/data/public_preview_map_data.json,openalex-candidate-ab5caf38c08b1f42,curated:3312da81174f7d411081,2025,Evolution of Detection Performance Throughout the Online Lifespan of Synthetic Images,Evolution of Detection Performance Throughout the Online Lifespan of Synthetic Images,false
web/data/public_preview_map_data.json,openalex-candidate-ec4a1e74d34806d1,curated:3312da81174f7d411081,2025,Evolution of Detection Performance Throughout the Online Lifespan of Synthetic Images,Evolution of Detection Performance Throughout the Online Lifespan of Synthetic Images,false
web/data/public_preview_map_data.json,openalex-candidate-572136c0bb6aae21,,2024,AI-generated Image Detection: Passive or Watermark?,AI-Generated Image Detection: Passive or Watermark?,true
web/data/public_preview_map_data.json,openalex-candidate-bce02eac6d61641a,,2024,"Generative Visual AI in News Organizations: Challenges, Opportunities, Perceptions, and Policies","Generative Visual AI in News Organizations: Challenges, Opportunities, Perceptions, and Policies",false
web/data/public_preview_map_data.json,openalex-candidate-bcb28ccaa218761d,,2024,"Generative Visual AI in News Organizations: Challenges, Opportunities, Perceptions, and Policies","Generative Visual AI in News Organizations: Challenges, Opportunities, Perceptions, and Policies",false
web/data/public_preview_map_data.json,openalex-candidate-bc20da838ae663dc,,2023,Advancing AI-Generated Image Detection: Enhanced Accuracy through CNN and Vision Transformer Models with Explainable AI Insights,Advancing AI-Generated Image Detection: Enhanced Accuracy Through CNN and Vision Transformer Models with Explainable AI Insights,true
web/data/public_preview_map_data.json,openalex-candidate-eeae372930ca9513,,2024,Enhancing AI-Generated Image Detection with a Novel Approach and Comparative Analysis,Enhancing AI-Generated Image Detection with a Novel Approach and Comparative Analysis,false
web/data/public_preview_map_data.json,openalex-candidate-cccfe16cfe34782f,,2025,RADAR: Reasoning AI-Generated Image Detection for Semantic Fakes,RADAR: Reasoning AI-Generated Image Detection for Semantic Fakes,false
web/data/public_preview_map_data.json,openalex-candidate-8c39bead1e1fb316,,2025,RADAR: Reasoning AI-Generated Image Detection for Semantic Fakes,RADAR: Reasoning AI-Generated Image Detection for Semantic Fakes,false
web/data/public_preview_map_data.json,openalex-candidate-482fb37a8ecd16a1,,2024,Detection of AI-Generated Synthetic Images with a Lightweight CNN,Detection of AI-Generated Synthetic Images with a Lightweight CNN,false
web/data/public_preview_map_data.json,openalex-candidate-be3ac053f6804c6b,,2025,Unmasking AI-created visual content: a review of generated images and deepfake detection technologies,Unmasking AI-Created Visual Content: A Review of Generated Images and Deepfake Detection Technologies,true
web/data/public_preview_map_data.json,openalex-candidate-54e26d73488b4bdb,,2025,Unmasking AI-created visual content: a review of generated images and deepfake detection technologies,Unmasking AI-Created Visual Content: A Review of Generated Images and Deepfake Detection Technologies,true
web/data/public_preview_map_data.json,openalex-candidate-3c0da3e30138ac7b,,2025,Unmasking AI-created visual content: a review of generated images and deepfake detection technologies,Unmasking AI-Created Visual Content: A Review of Generated Images and Deepfake Detection Technologies,true
web/data/public_preview_map_data.json,openalex-candidate-bba6aa1b79ced3d8,,2022,Improving GAN-Generated Image Detection Generalization Using Unsupervised Domain Adaptation,Improving GAN-Generated Image Detection Generalization Using Unsupervised Domain Adaptation,false
web/data/public_preview_map_data.json,openalex-candidate-dcab10a1108a9e99,,2020,Face X-Ray for More General Face Forgery Detection,Face X-Ray for More General Face Forgery Detection,false
web/data/public_preview_map_data.json,openalex-candidate-2c681d7ea022a55b,,2020,Global Texture Enhancement for Fake Face Detection in the Wild,Global Texture Enhancement for Fake Face Detection in the Wild,false
web/data/public_preview_map_data.json,openalex-candidate-bff6a6d4616494e7,,2023,Detection of GAN generated image using color gradient representation,Detection of GAN Generated Image Using Color Gradient Representation,true
web/data/public_preview_map_data.json,openalex-candidate-14079d664c9c9e44,,2023,Detection of GAN generated image using color gradient representation,Detection of GAN Generated Image Using Color Gradient Representation,true
web/data/public_preview_map_data.json,openalex-candidate-c41c5656c0a6fb9e,,2020,Deep Fake Image Detection Based on Pairwise Learning,Deep Fake Image Detection Based on Pairwise Learning,false
web/data/public_preview_map_data.json,openalex-candidate-b348f1ba71286b2d,,2024,Level Up the Deepfake Detection: A Method to Effectively Discriminate Images Generated by GAN Architectures and Diffusion Models,Level Up the Deepfake Detection: A Method to Effectively Discriminate Images Generated by GAN Architectures and Diffusion Models,false
web/data/public_preview_map_data.json,openalex-candidate-a42c8671c9c8a56e,,2023,EKILA: Synthetic Media Provenance and Attribution for Generative Art,EKILA: Synthetic Media Provenance and Attribution for Generative Art,false
web/data/public_preview_map_data.json,openalex-candidate-9b6532641c89eb79,,2023,Towards Robust Gan-Generated Image Detection: A Multi-View Completion Representation,Towards Robust GAN-Generated Image Detection: A Multi-View Completion Representation,true
web/data/public_preview_map_data.json,openalex-candidate-13011a3f91ea64b2,,2023,Towards Robust Gan-Generated Image Detection: A Multi-View Completion Representation,Towards Robust GAN-Generated Image Detection: A Multi-View Completion Representation,true
web/data/public_preview_map_data.json,openalex-candidate-32122aade684dedc,,2022,EasyDeep: An IoT Friendly Robust Detection Method for GAN Generated Deepfake Images in Social Media,EasyDeep: An IoT Friendly Robust Detection Method for GAN Generated Deepfake Images in Social Media,false
web/data/public_preview_map_data.json,openalex-candidate-e1a3d746bce7db32,,2025,A robust ensemble model for Deepfake detection of GAN-generated images on social media,A Robust Ensemble Model for Deepfake Detection of GAN-Generated Images on Social Media,true
web/data/public_preview_map_data.json,openalex-candidate-65f35751900b810b,,2025,A robust ensemble model for Deepfake detection of GAN-generated images on social media,A Robust Ensemble Model for Deepfake Detection of GAN-Generated Images on Social Media,true
web/data/public_preview_map_data.json,openalex-candidate-74cc0e7c684a3447,,2025,A robust ensemble model for Deepfake detection of GAN-generated images on social media,A Robust Ensemble Model for Deepfake Detection of GAN-Generated Images on Social Media,true
web/data/public_preview_map_data.json,openalex-candidate-c59bc6f0746f6b07,,2025,Hierarchical Feature Fusion and Enhanced Attention Mechanism for Robust GAN-Generated Image Detection,Hierarchical Feature Fusion and Enhanced Attention Mechanism for Robust GAN-Generated Image Detection,false
web/data/public_preview_map_data.json,openalex-candidate-ee8fc75f39acd5c4,,2025,Hierarchical Feature Fusion and Enhanced Attention Mechanism for Robust GAN-Generated Image Detection,Hierarchical Feature Fusion and Enhanced Attention Mechanism for Robust GAN-Generated Image Detection,false
web/data/public_preview_map_data.json,openalex-candidate-5c2c35cdefc46ab1,,2023,An Improved Dense CNN Architecture for Deepfake Image Detection,An Improved Dense CNN Architecture for Deepfake Image Detection,false
web/data/public_preview_map_data.json,openalex-candidate-015ab6868efacb67,,2023,An Improved Dense CNN Architecture for Deepfake Image Detection,An Improved Dense CNN Architecture for Deepfake Image Detection,false
web/data/public_preview_map_data.json,openalex-candidate-003f6fc9df5ca098,,2023,An Improved Dense CNN Architecture for Deepfake Image Detection,An Improved Dense CNN Architecture for Deepfake Image Detection,false
web/data/public_preview_map_data.json,openalex-candidate-57c641c72cbed0c6,,2019,No One Can Escape: A General Approach to Detect Tampered and Generated Image,No One Can Escape: A General Approach to Detect Tampered and Generated Image,false
web/data/public_preview_map_data.json,openalex-candidate-a146af3880e4564c,,2022,A Novel Deep Learning Approach for Deepfake Image Detection,A Novel Deep Learning Approach for Deepfake Image Detection,false
web/data/public_preview_map_data.json,openalex-candidate-a788338a49db85f7,,2024,Enhancing Sensing and Imaging Capabilities Through Surface Plasmon Resonance for Deepfake Image Detection,Enhancing Sensing and Imaging Capabilities Through Surface Plasmon Resonance for Deepfake Image Detection,false
web/data/public_preview_map_data.json,openalex-candidate-1e18ec1e55cf6455,,2024,A Hybrid CNN-LSTM Approach for Precision Deepfake Image Detection Based on Transfer Learning,A Hybrid CNN-LSTM Approach for Precision Deepfake Image Detection Based on Transfer Learning,false
web/data/public_preview_map_data.json,openalex-candidate-af8d34909397c536,,2022,Cross-Forgery Analysis of Vision Transformers and CNNs for Deepfake Image Detection,Cross-Forgery Analysis of Vision Transformers and CNNs for Deepfake Image Detection,false
web/data/public_preview_map_data.json,openalex-candidate-140074f81fd37625,,2022,Cross-Forgery Analysis of Vision Transformers and CNNs for Deepfake Image Detection,Cross-Forgery Analysis of Vision Transformers and CNNs for Deepfake Image Detection,false
web/data/public_preview_map_data.json,openalex-candidate-315f51cdf5ce47b9,,2024,Deepfake Image Detection Using Vision Transformer Models,Deepfake Image Detection Using Vision Transformer Models,false
web/data/public_preview_map_data.json,openalex-candidate-238a6a633af86163,,2024,Deepfake Image Detection Using Vision Transformer Models,Deepfake Image Detection Using Vision Transformer Models,false
web/data/public_preview_map_data.json,openalex-candidate-d4c67813687148d8,,2024,Deepfake Image Detection Using Vision Transformer Models,Deepfake Image Detection Using Vision Transformer Models,false
web/data/public_preview_map_data.json,openalex-candidate-8bde8db1d6dcc1e3,,2024,CNN-LSTM Model for Deepfake Image Detection,CNN-LSTM Model for Deepfake Image Detection,false
web/data/public_preview_map_data.json,openalex-candidate-4ef90e11d0dd5781,,2023,Deepfake detection using deep learning methods: A systematic and comprehensive review,Deepfake Detection Using Deep Learning Methods: A Systematic and Comprehensive Review,true
web/data/public_preview_map_data.json,openalex-candidate-5334b1ba82065612,,2023,Deepfake detection using deep learning methods: A systematic and comprehensive review,Deepfake Detection Using Deep Learning Methods: A Systematic and Comprehensive Review,true
web/data/public_preview_map_data.json,openalex-candidate-5192a0999287af11,,2023,Deepfake detection using deep learning methods: A systematic and comprehensive review,Deepfake Detection Using Deep Learning Methods: A Systematic and Comprehensive Review,true
web/data/public_preview_map_data.json,openalex-candidate-19ace1a685415c13,,2021,DeepFake Detection Based on Discrepancies Between Faces and Their Context,DeepFake Detection Based on Discrepancies Between Faces and Their Context,false
web/data/public_preview_map_data.json,openalex-candidate-efd0e09507b315a0,,2021,DeepFake Detection Based on Discrepancies Between Faces and Their Context,DeepFake Detection Based on Discrepancies Between Faces and Their Context,false
web/data/public_preview_map_data.json,openalex-candidate-7e287d21dc98ae40,,2021,DeepFake Detection Based on Discrepancies Between Faces and Their Context,DeepFake Detection Based on Discrepancies Between Faces and Their Context,false
web/data/public_preview_map_data.json,openalex-candidate-3928831a0f9af4c1,,2024,Deepfake Image Detection Using ResNet50 Model,Deepfake Image Detection Using ResNet50 Model,false
web/data/public_preview_map_data.json,openalex-candidate-33da3e99053965ae,,2023,Deepfake Generation and Detection: Case Study and Challenges,Deepfake Generation and Detection: Case Study and Challenges,false
web/data/public_preview_map_data.json,openalex-candidate-672d7369961304e7,,2023,Deepfake Generation and Detection: Case Study and Challenges,Deepfake Generation and Detection: Case Study and Challenges,false
web/data/public_preview_map_data.json,openalex-candidate-c166a9ba443e7499,,2024,DeepSight: Enhancing Deepfake Image Detection and Classification through Ensemble and Deep Learning Techniques,DeepSight: Enhancing Deepfake Image Detection and Classification Through Ensemble and Deep Learning Techniques,true
web/data/public_preview_map_data.json,openalex-candidate-bc7b651d1bc3ae54,,2022,Analysis Survey on Deepfake detection and Recognition with Convolutional Neural Networks,Analysis Survey on Deepfake Detection and Recognition with Convolutional Neural Networks,true
web/data/public_preview_map_data.json,openalex-candidate-a8feb69aefc9c6fd,,2025,"A Review on Deepfake Image Detection Approaches, Techniques and Methods","A Review on Deepfake Image Detection Approaches, Techniques and Methods",false
web/data/public_preview_map_data.json,openalex-candidate-0c6f9f375cdaaeac,,2022,The Face Deepfake Detection Challenge,The Face Deepfake Detection Challenge,false
web/data/public_preview_map_data.json,openalex-candidate-8ee64ce30752e98d,,2022,The Face Deepfake Detection Challenge,The Face Deepfake Detection Challenge,false
web/data/public_preview_map_data.json,openalex-candidate-02c708038e63e90a,,2022,The Face Deepfake Detection Challenge,The Face Deepfake Detection Challenge,false
web/data/public_preview_map_data.json,openalex-candidate-3ac5e73ac8788500,,2022,The Face Deepfake Detection Challenge,The Face Deepfake Detection Challenge,false
web/data/public_preview_map_data.json,openalex-candidate-3f1acfe5c643beb4,,2022,The Face Deepfake Detection Challenge,The Face Deepfake Detection Challenge,false
web/data/public_preview_map_data.json,openalex-candidate-616eb4af71b31854,,2020,A Survey of Deep Learning-Based Source Image Forensics,A Survey of Deep Learning-Based Source Image Forensics,false
web/data/public_preview_map_data.json,openalex-candidate-404ea54206eab3b9,,2023,A GAN-based Approach to Detect AI-Generated Images,A GAN-Based Approach to Detect AI-Generated Images,true
web/data/public_preview_map_data.json,openalex-candidate-bf4eb748efd8b7a6,,2025,Detecting AI-Generated Images Using a Hybrid ResNet-SE Attention Model,Detecting AI-Generated Images Using a Hybrid ResNet-SE Attention Model,false
web/data/public_preview_map_data.json,openalex-candidate-5c686d838987f6e7,curated:517a2cc4ca3690f3fc44,2024,A Performance Analysis to Detect Synthetic Images with Deep Learning-Based Image Classification,A Performance Analysis to Detect Synthetic Images with Deep Learning-Based Image Classification,false
web/data/public_preview_map_data.json,openalex-candidate-e2aaf77bcadb78bb,curated:517a2cc4ca3690f3fc44,2024,A Performance Analysis to Detect Synthetic Images with Deep Learning-Based Image Classification,A Performance Analysis to Detect Synthetic Images with Deep Learning-Based Image Classification,false
web/data/public_preview_map_data.json,openalex-candidate-9cdef067613b984f,,2022,AI-enabled image fraud in scientific publications,AI-Enabled Image Fraud in Scientific Publications,true
web/data/public_preview_map_data.json,openalex-candidate-b92bed5c60b55c69,,2022,AI-enabled image fraud in scientific publications,AI-Enabled Image Fraud in Scientific Publications,true
web/data/public_preview_map_data.json,openalex-candidate-d28d93ee09defe06,,2022,AI-enabled image fraud in scientific publications,AI-Enabled Image Fraud in Scientific Publications,true
web/data/public_preview_map_data.json,openalex-candidate-d3778a47fb99be46,,2022,AI-enabled image fraud in scientific publications,AI-Enabled Image Fraud in Scientific Publications,true
web/data/public_preview_map_data.json,openalex-candidate-77f5cb230ea0b098,,2023,Deep fake detection and classification using error-level analysis and deep learning,Deep Fake Detection and Classification Using Error-Level Analysis and Deep Learning,true
web/data/public_preview_map_data.json,openalex-candidate-6cfd2ee27aa1a55a,,2023,Deep fake detection and classification using error-level analysis and deep learning,Deep Fake Detection and Classification Using Error-Level Analysis and Deep Learning,true
web/data/public_preview_map_data.json,openalex-candidate-0635ea68cebc902c,,2023,Deep fake detection and classification using error-level analysis and deep learning,Deep Fake Detection and Classification Using Error-Level Analysis and Deep Learning,true
web/data/public_preview_map_data.json,openalex-candidate-846c617a36749858,,2023,Deep fake detection and classification using error-level analysis and deep learning,Deep Fake Detection and Classification Using Error-Level Analysis and Deep Learning,true
web/data/public_preview_map_data.json,openalex-candidate-f0bf7546e3e0d006,,2023,Deep fake detection and classification using error-level analysis and deep learning,Deep Fake Detection and Classification Using Error-Level Analysis and Deep Learning,true
web/data/public_preview_map_data.json,openalex-candidate-023725f2b78a316f,,2023,Deep fake detection and classification using error-level analysis and deep learning,Deep Fake Detection and Classification Using Error-Level Analysis and Deep Learning,true
web/data/public_preview_map_data.json,openalex-candidate-2c4a1bb4a235068e,,2024,Detection of real-time deep fakes and face forgery in video conferencing employing generative adversarial networks,Detection of Real-Time Deep Fakes and Face Forgery in Video Conferencing Employing Generative Adversarial Networks,true
web/data/public_preview_map_data.json,openalex-candidate-60a0b9d952808977,,2024,Detection of real-time deep fakes and face forgery in video conferencing employing generative adversarial networks,Detection of Real-Time Deep Fakes and Face Forgery in Video Conferencing Employing Generative Adversarial Networks,true
web/data/public_preview_map_data.json,openalex-candidate-8fb0228e91cd65b6,,2024,Detection of real-time deep fakes and face forgery in video conferencing employing generative adversarial networks,Detection of Real-Time Deep Fakes and Face Forgery in Video Conferencing Employing Generative Adversarial Networks,true
web/data/public_preview_map_data.json,openalex-candidate-44f2e87e16c0c81c,,2021,Image Tampering Localization Using a Dense Fully Convolutional Network,Image Tampering Localization Using a Dense Fully Convolutional Network,false
web/data/public_preview_map_data.json,openalex-candidate-0376a6399f02eb49,,2024,Towards Generated Image Provenance Analysis via Conceptual-Similar-Guided-SLIP Retrieval,Towards Generated Image Provenance Analysis via Conceptual-Similar-Guided-SLIP Retrieval,false
web/data/public_preview_map_data.json,openalex-candidate-b4213068c0eb5a2d,,2024,How spammers and scammers leverage AI-generated images on Facebook for audience growth,How Spammers and Scammers Leverage AI-Generated Images on Facebook for Audience Growth,true
web/data/public_preview_map_data.json,openalex-candidate-e91cb85c6d8bd2e8,,2024,How spammers and scammers leverage AI-generated images on Facebook for audience growth,How Spammers and Scammers Leverage AI-Generated Images on Facebook for Audience Growth,true
web/data/public_preview_map_data.json,openalex-candidate-a0538efb5ffe3edf,,2022,Deep Learning applied to Road Accident Detection with Transfer Learning and Synthetic Images,Deep Learning Applied to Road Accident Detection with Transfer Learning and Synthetic Images,true
web/data/public_preview_map_data.json,openalex-candidate-23aa35ca138c5a4b,,2022,Detecting Deepfake Images Using Deep Learning Techniques and Explainable AI Methods,Detecting Deepfake Images Using Deep Learning Techniques and Explainable AI Methods,false
web/data/public_preview_map_data.json,openalex-candidate-d80c2022cdf52159,,2022,Detecting Deepfake Images Using Deep Learning Techniques and Explainable AI Methods,Detecting Deepfake Images Using Deep Learning Techniques and Explainable AI Methods,false
web/data/public_preview_map_data.json,openalex-candidate-60530167de8d6d54,,2022,Detecting Deepfake Images Using Deep Learning Techniques and Explainable AI Methods,Detecting Deepfake Images Using Deep Learning Techniques and Explainable AI Methods,false
web/data/public_preview_map_data.json,openalex-candidate-bbddf6756bd9ca04,,2023,A Survey of Detection and Mitigation for Fake Images on Social Media Platforms,A Survey of Detection and Mitigation for Fake Images on Social Media Platforms,false
web/data/public_preview_map_data.json,openalex-candidate-1c4ba672433d33f4,,2023,A Survey of Detection and Mitigation for Fake Images on Social Media Platforms,A Survey of Detection and Mitigation for Fake Images on Social Media Platforms,false
web/data/public_preview_map_data.json,openalex-candidate-320c92df99da6849,,2023,A Survey of Detection and Mitigation for Fake Images on Social Media Platforms,A Survey of Detection and Mitigation for Fake Images on Social Media Platforms,false
web/data/public_preview_map_data.json,openalex-candidate-2a45341c4b05cf59,,2023,A Survey of Detection and Mitigation for Fake Images on Social Media Platforms,A Survey of Detection and Mitigation for Fake Images on Social Media Platforms,false
web/data/public_preview_map_data.json,openalex-candidate-9eed9c33634ee07b,,2023,A Survey of Detection and Mitigation for Fake Images on Social Media Platforms,A Survey of Detection and Mitigation for Fake Images on Social Media Platforms,false
web/data/public_preview_map_data.json,openalex-candidate-a3d960e71d6b6a96,,2024,Multiclass AI-Generated Deepfake Face Detection Using Patch-Wise Deep Learning Model,Multiclass AI-Generated Deepfake Face Detection Using Patch-Wise Deep Learning Model,false
web/data/public_preview_map_data.json,openalex-candidate-1407e618722f17c3,,2024,Multiclass AI-Generated Deepfake Face Detection Using Patch-Wise Deep Learning Model,Multiclass AI-Generated Deepfake Face Detection Using Patch-Wise Deep Learning Model,false
web/data/public_preview_map_data.json,openalex-candidate-f39ef61e09c8cc86,,2024,Multiclass AI-Generated Deepfake Face Detection Using Patch-Wise Deep Learning Model,Multiclass AI-Generated Deepfake Face Detection Using Patch-Wise Deep Learning Model,false
web/data/public_preview_map_data.json,openalex-candidate-8106b0800fb980fb,,2023,Testing human ability to detect ‘deepfake’ images of human faces,Testing Human Ability to Detect ‘Deepfake’ Images of Human Faces,true
web/data/public_preview_map_data.json,openalex-candidate-fe326109e11a00ef,,2025,Semantic-Aware Lightweight AI Model for Deepfake Image Detection in Online Retail Platforms,Semantic-Aware Lightweight AI Model for Deepfake Image Detection in Online Retail Platforms,false
web/data/public_preview_map_data.json,openalex-candidate-a5842f7ba5772ef2,,2025,Semantic-Aware Lightweight AI Model for Deepfake Image Detection in Online Retail Platforms,Semantic-Aware Lightweight AI Model for Deepfake Image Detection in Online Retail Platforms,false
web/data/public_preview_map_data.json,openalex-candidate-8fdb4e1151f19225,,2025,Semantic-Aware Lightweight AI Model for Deepfake Image Detection in Online Retail Platforms,Semantic-Aware Lightweight AI Model for Deepfake Image Detection in Online Retail Platforms,false
web/data/public_preview_map_data.json,openalex-candidate-16ab37e30b173ff6,,2025,Semantic-Aware Lightweight AI Model for Deepfake Image Detection in Online Retail Platforms,Semantic-Aware Lightweight AI Model for Deepfake Image Detection in Online Retail Platforms,false
web/data/public_preview_map_data.json,openalex-candidate-52e72cab8495c07d,,2025,Semantic-Aware Lightweight AI Model for Deepfake Image Detection in Online Retail Platforms,Semantic-Aware Lightweight AI Model for Deepfake Image Detection in Online Retail Platforms,false
web/data/public_preview_map_data.json,openalex-candidate-a39e1db87a47ec7d,,2021,Detection of Deep-Morphed Deepfake Images to Make Robust Automatic Facial Recognition Systems,Detection of Deep-Morphed Deepfake Images to Make Robust Automatic Facial Recognition Systems,false
web/data/public_preview_map_data.json,openalex-candidate-b01709e0c8c315bb,,2021,Detection of Deep-Morphed Deepfake Images to Make Robust Automatic Facial Recognition Systems,Detection of Deep-Morphed Deepfake Images to Make Robust Automatic Facial Recognition Systems,false
web/data/public_preview_map_data.json,openalex-candidate-863b55211ce20749,,2025,A Novel Framework for Deepfake Image Detection Using Deep Learning Approach,A Novel Framework for Deepfake Image Detection Using Deep Learning Approach,false
web/data/public_preview_map_data.json,openalex-candidate-318748fa24f827cd,,2025,A Novel Framework for Deepfake Image Detection Using Deep Learning Approach,A Novel Framework for Deepfake Image Detection Using Deep Learning Approach,false
web/data/public_preview_map_data.json,openalex-candidate-067263b6e3be8784,,2025,A Novel Framework for Deepfake Image Detection Using Deep Learning Approach,A Novel Framework for Deepfake Image Detection Using Deep Learning Approach,false
web/data/public_preview_map_data.json,openalex-candidate-e27a7b53041289fd,,2025,A Novel Framework for Deepfake Image Detection Using Deep Learning Approach,A Novel Framework for Deepfake Image Detection Using Deep Learning Approach,false
web/data/public_preview_map_data.json,openalex-candidate-8575d2f055919018,,2023,Revealing and Classification of Deepfakes Video's Images using a Customize Convolution Neural Network Model,Revealing and Classification of Deepfakes Video's Images Using a Customize Convolution Neural Network Model,true
web/data/public_preview_map_data.json,openalex-candidate-36ca25967ed28297,,2022,FrePGAN: Robust Deepfake Detection Using Frequency-Level Perturbations,FrePGAN: Robust Deepfake Detection Using Frequency-Level Perturbations,false
web/data/public_preview_map_data.json,openalex-candidate-ced83657f4903cb5,,2022,FrePGAN: Robust Deepfake Detection Using Frequency-Level Perturbations,FrePGAN: Robust Deepfake Detection Using Frequency-Level Perturbations,false
web/data/public_preview_map_data.json,openalex-candidate-be09932e98f435a5,,2022,FrePGAN: Robust Deepfake Detection Using Frequency-Level Perturbations,FrePGAN: Robust Deepfake Detection Using Frequency-Level Perturbations,false
web/data/public_preview_map_data.json,openalex-candidate-ac741c1116a22f4e,,2022,FrePGAN: Robust Deepfake Detection Using Frequency-Level Perturbations,FrePGAN: Robust Deepfake Detection Using Frequency-Level Perturbations,false
web/data/public_preview_map_data.json,openalex-candidate-4bf64dd4b4280c69,curated:559269bd486bc1da5115,2025,Comparative Analysis of Custom CNN Architecture and MobileNet for Deepfake Image Detection,Comparative Analysis of Custom CNN Architecture and MobileNet for Deepfake Image Detection,false
web/data/public_preview_map_data.json,openalex-candidate-e7bb261846216fae,curated:559269bd486bc1da5115,2025,Comparative Analysis of Custom CNN Architecture and MobileNet for Deepfake Image Detection,Comparative Analysis of Custom CNN Architecture and MobileNet for Deepfake Image Detection,false
web/data/public_preview_map_data.json,openalex-candidate-3e480a9491263f6e,,2021,Detecting fake images by identifying potential texture difference,Detecting Fake Images by Identifying Potential Texture Difference,true
web/data/public_preview_map_data.json,openalex-candidate-28380f88a8fa53d6,,2023,Does an emotional connection to art really require a human artist? Emotion and intentionality responses to AI- versus human-created art and impact on aesthetic experience,Does an Emotional Connection to Art Really Require a Human Artist? Emotion and Intentionality Responses to AI- Versus Human-Created Art and Impact on Aesthetic Experience,true
web/data/public_preview_map_data.json,openalex-candidate-ff2c575fbe73b2dd,curated:75cbd31c9946c7eb7977,2026,"""That's another doom I haven't thought about"": A User Study on AI Labels as a Safeguard Against Image-Based Misinformation","""That's Another Doom I Haven't Thought About"": A User Study on AI Labels as a Safeguard Against Image-Based Misinformation",true
web/data/public_preview_map_data.json,openalex-candidate-2d8466e77a874e50,curated:75cbd31c9946c7eb7977,2026,"""That's another doom I haven't thought about"": A User Study on AI Labels as a Safeguard Against Image-Based Misinformation","""That's Another Doom I Haven't Thought About"": A User Study on AI Labels as a Safeguard Against Image-Based Misinformation",true
web/data/public_preview_map_data.json,openalex-candidate-ee0060dfde947124,curated:75cbd31c9946c7eb7977,2026,"""That's another doom I haven't thought about"": A User Study on AI Labels as a Safeguard Against Image-Based Misinformation","""That's Another Doom I Haven't Thought About"": A User Study on AI Labels as a Safeguard Against Image-Based Misinformation",true
web/data/public_preview_map_data.json,openalex-candidate-01f34db1cddbd93f,curated:75cbd31c9946c7eb7977,2026,"""That's another doom I haven't thought about"": A User Study on AI Labels as a Safeguard Against Image-Based Misinformation","""That's Another Doom I Haven't Thought About"": A User Study on AI Labels as a Safeguard Against Image-Based Misinformation",true
web/data/public_preview_map_data.json,openalex-candidate-6dc2b82fbc957b1e,curated:038a578e520799c8671e,2026,Toward Generalizable Forgery Detection and Reasoning,Toward Generalizable Forgery Detection and Reasoning,false
web/data/public_preview_map_data.json,openalex-candidate-2b475dc8c8dde0d4,,2024,Detecting Artificial Intelligence-Generated images via deep trace representations and interactive feature fusion,Detecting Artificial Intelligence-Generated Images via Deep Trace Representations and Interactive Feature Fusion,true
web/data/public_preview_map_data.json,openalex-candidate-66be57c590f92be1,,2024,Detecting Artificial Intelligence-Generated images via deep trace representations and interactive feature fusion,Detecting Artificial Intelligence-Generated Images via Deep Trace Representations and Interactive Feature Fusion,true
web/data/public_preview_map_data.json,curated-map:af83a7022d551570f56c,curated:f3e1319a5e27319578cd,2026,A Survey on Deep-Learning-Based Techniques for Detecting AI-Generated Synthetic Images,A Survey on Deep-Learning-Based Techniques for Detecting AI-Generated Synthetic Images,false
web/data/public_preview_map_data.json,curated-map:3f53d3e9341a1ed006c3,curated:3110ea827546b2fd78ff,2026,"Your AI-Generated Image Detector Can Secretly Achieve SOTA Accuracy, If Calibrated","Your AI-Generated Image Detector Can Secretly Achieve SOTA Accuracy, If Calibrated",false
web/data/public_preview_map_data.json,curated-map:f80819c4fb2af1c2fc96,curated:3110ea827546b2fd78ff,2026,"Your AI-Generated Image Detector Can Secretly Achieve SOTA Accuracy, If Calibrated","Your AI-Generated Image Detector Can Secretly Achieve SOTA Accuracy, If Calibrated",false
web/data/public_preview_map_data.json,curated-map:d2a116d635cef5acc288,curated:66ea5be66b23f7db046a,2026,人工智能生成图像检测技术综述,人工智能生成图像检测技术综述,false
web/data/public_preview_map_data.json,curated-map:5c099af144a9f6b6b234,curated:c6bfe8f5199d1d8beb29,2025,Adaptive Test-Time Semantic Debiasing for AI-Generated Image Detection,Adaptive Test-Time Semantic Debiasing for AI-Generated Image Detection,false
web/data/public_preview_map_data.json,curated-map:44229f2cf573ad44149f,curated:c6bfe8f5199d1d8beb29,2025,Adaptive Test-Time Semantic Debiasing for AI-Generated Image Detection,Adaptive Test-Time Semantic Debiasing for AI-Generated Image Detection,false
web/data/public_preview_map_data.json,curated-map:f6d5bb64e0fc54d9281e,curated:8bc69db49ef4b9db3cd6,2025,Are CLIP Features All You Need for Universal Synthetic Image Origin Attribution?,Are CLIP Features All You Need for Universal Synthetic Image Origin Attribution?,false
web/data/public_preview_map_data.json,curated-map:b68ca104ab9165a46bf7,curated:8bc69db49ef4b9db3cd6,2025,Are CLIP Features All You Need for Universal Synthetic Image Origin Attribution?,Are CLIP Features All You Need for Universal Synthetic Image Origin Attribution?,false
web/data/public_preview_map_data.json,curated-map:56673fd74fd1d1e96f51,curated:8bc69db49ef4b9db3cd6,2025,Are CLIP Features All You Need for Universal Synthetic Image Origin Attribution?,Are CLIP Features All You Need for Universal Synthetic Image Origin Attribution?,false
web/data/public_preview_map_data.json,curated-map:26f32abc1c8d21b161be,curated:1332f5c35b9ac943f349,2025,FLODA: Harnessing Vision-Language Models for Deepfake Assessment,FLODA: Harnessing Vision-Language Models for Deepfake Assessment,false
web/data/public_preview_map_data.json,curated-map:ac242c76014bf1482da6,curated:1332f5c35b9ac943f349,2025,FLODA: Harnessing Vision-Language Models for Deepfake Assessment,FLODA: Harnessing Vision-Language Models for Deepfake Assessment,false
web/data/public_preview_map_data.json,curated-map:93fd13c5c391586ba67d,curated:1332f5c35b9ac943f349,2025,FLODA: Harnessing Vision-Language Models for Deepfake Assessment,FLODA: Harnessing Vision-Language Models for Deepfake Assessment,false
web/data/public_preview_map_data.json,curated-map:c1f66b25020362a972ae,curated:1332f5c35b9ac943f349,2025,FLODA: Harnessing Vision-Language Models for Deepfake Assessment,FLODA: Harnessing Vision-Language Models for Deepfake Assessment,false
web/data/public_preview_map_data.json,curated-map:b5fb7c87902573598b69,curated:0849228c52c5759845c2,2025,FreqCross: A Multi-Modal Frequency-Spatial Fusion Network for Robust Detection of Stable Diffusion 3.5 Generated Images,FreqCross: A Multi-Modal Frequency-Spatial Fusion Network for Robust Detection of Stable Diffusion 3.5 Generated Images,false
web/data/public_preview_map_data.json,curated-map:f38594b91487e71d9dae,curated:47b576be1ed7e2a6bfed,2025,"Fully AI-Generated Image Detection: Definition, Recent Advances and Challenges","Fully AI-Generated Image Detection: Definition, Recent Advances and Challenges",false
web/data/public_preview_map_data.json,curated-map:c02a4d6e175e87e223d6,curated:47b576be1ed7e2a6bfed,2025,"Fully AI-Generated Image Detection: Definition, Recent Advances and Challenges","Fully AI-Generated Image Detection: Definition, Recent Advances and Challenges",false
web/data/public_preview_map_data.json,curated-map:3c709b95be252d40086d,curated:47b576be1ed7e2a6bfed,2025,"Fully AI-Generated Image Detection: Definition, Recent Advances and Challenges","Fully AI-Generated Image Detection: Definition, Recent Advances and Challenges",false
web/data/public_preview_map_data.json,curated-map:c9f7d686cfe5fe526a81,curated:e688194977fa7bbf7db3,2025,LAID: Lightweight AI-Generated Image Detection in Spatial and Spectral Domains,LAID: Lightweight AI-Generated Image Detection in Spatial and Spectral Domains,false
web/data/public_preview_map_data.json,curated-map:df76519156a591a42f8f,curated:6ca781a0d606a5d5db64,2025,REVEAL: A Retrieval-Augmented Generation Approach for Contextual Identification of Synthetic Visual Content,REVEAL: A Retrieval-Augmented Generation Approach for Contextual Identification of Synthetic Visual Content,false
web/data/public_preview_map_data.json,curated-map:404c2bc8b9fc2a1dd925,curated:6ca781a0d606a5d5db64,2025,REVEAL: A Retrieval-Augmented Generation Approach for Contextual Identification of Synthetic Visual Content,REVEAL: A Retrieval-Augmented Generation Approach for Contextual Identification of Synthetic Visual Content,false
web/data/public_preview_map_data.json,curated-map:855a6c4b5fddae6e97d1,curated:6ca781a0d606a5d5db64,2025,REVEAL: A Retrieval-Augmented Generation Approach for Contextual Identification of Synthetic Visual Content,REVEAL: A Retrieval-Augmented Generation Approach for Contextual Identification of Synthetic Visual Content,false
web/data/public_preview_map_data.json,curated-map:34970fefaf9f848c6bed,curated:fe98b5f37967f5a51b86,2025,Simple Detection of AI-Generated Images based on Noise Correlation,Simple Detection of AI-Generated Images Based on Noise Correlation,true
web/data/public_preview_map_data.json,curated-map:08ec4dbffcbfe0af24c2,curated:fe98b5f37967f5a51b86,2025,Simple Detection of AI-Generated Images based on Noise Correlation,Simple Detection of AI-Generated Images Based on Noise Correlation,true
web/data/public_preview_map_data.json,curated-map:1253099dae009c03dc59,curated:fe98b5f37967f5a51b86,2025,Simple Detection of AI-Generated Images based on Noise Correlation,Simple Detection of AI-Generated Images Based on Noise Correlation,true
web/data/public_preview_map_data.json,curated-map:5f6b5e00d5835f701721,curated:d040be3d1fb83a51311e,2025,Stay-Positive: A Case for Ignoring Real Image Features in Fake Image Detection,Stay-Positive: A Case for Ignoring Real Image Features in Fake Image Detection,false
web/data/public_preview_map_data.json,curated-map:4a4369b1be34ec9bafc5,curated:ef5f9b419eef35c5c255,2025,Where's the liability in the Generative Era? Recovery-based Black-Box Detection of AI-Generated Content,Where's the Liability in the Generative Era? Recovery-Based Black-Box Detection of AI-Generated Content,true
web/data/public_preview_map_data.json,curated-map:689c8899f6aa00546920,curated:ef5f9b419eef35c5c255,2025,Where's the liability in the Generative Era? Recovery-based Black-Box Detection of AI-Generated Content,Where's the Liability in the Generative Era? Recovery-Based Black-Box Detection of AI-Generated Content,true
web/data/public_preview_map_data.json,curated-map:d7ae8457effe3dad75c6,curated:ef5f9b419eef35c5c255,2025,Where's the liability in the Generative Era? Recovery-based Black-Box Detection of AI-Generated Content,Where's the Liability in the Generative Era? Recovery-Based Black-Box Detection of AI-Generated Content,true
web/data/public_preview_map_data.json,curated-map:cf394a158813bae0dc98,curated:a6f370defb21b2e07381,2024,Your Diffusion Model is an Implicit Synthetic Image Detector,Your Diffusion Model Is an Implicit Synthetic Image Detector,true
web/data/public_preview_map_data.json,curated-map:b7697d9eeef6b1581d40,curated:a0abee05e50398d03f2f,2024,AEROBLADE: Training-Free Detection of Latent Diffusion Images Using Autoencoder Reconstruction Error,AEROBLADE: Training-Free Detection of Latent Diffusion Images Using Autoencoder Reconstruction Error,false
web/data/public_preview_map_data.json,curated-map:f553f48c2bc3f6f9925a,curated:253c210194ac9348f9e6,2024,CLIPping the Deception: Adapting Vision-Language Models for Universal Deepfake Detection,CLIPping the Deception: Adapting Vision-Language Models for Universal Deepfake Detection,false
web/data/public_preview_map_data.json,curated-map:e78a2dbe2edadc948fc7,curated:096573f365e37679c445,2024,Contrasting Deepfakes Diffusion via Contrastive Learning and Global-Local Similarities,Contrasting Deepfakes Diffusion via Contrastive Learning and Global-Local Similarities,false
web/data/public_preview_map_data.json,curated-map:f9085c88cc508ad5edb7,curated:096573f365e37679c445,2024,Contrasting Deepfakes Diffusion via Contrastive Learning and Global-Local Similarities,Contrasting Deepfakes Diffusion via Contrastive Learning and Global-Local Similarities,false
web/data/public_preview_map_data.json,curated-map:a23a89e51c4cdf62f09a,curated:096573f365e37679c445,2024,Contrasting Deepfakes Diffusion via Contrastive Learning and Global-Local Similarities,Contrasting Deepfakes Diffusion via Contrastive Learning and Global-Local Similarities,false
web/data/public_preview_map_data.json,curated-map:b020bec112abfdc7f845,curated:d740749676417c725798,2024,D4: Detection of Adversarial Diffusion Deepfakes Using Disjoint Ensembles,D4: Detection of Adversarial Diffusion Deepfakes Using Disjoint Ensembles,false
web/data/public_preview_map_data.json,curated-map:c0f651d6e27ca965e3ec,curated:d740749676417c725798,2024,D4: Detection of Adversarial Diffusion Deepfakes Using Disjoint Ensembles,D4: Detection of Adversarial Diffusion Deepfakes Using Disjoint Ensembles,false
web/data/public_preview_map_data.json,curated-map:ca27e713b4099020e422,curated:19c7b91816312d2877c9,2024,Did You Note My Palette? Unveiling Synthetic Images Through Color Statistics,Did You Note My Palette? Unveiling Synthetic Images Through Color Statistics,false
web/data/public_preview_map_data.json,curated-map:01a82e06536e4e4b04f6,curated:19c7b91816312d2877c9,2024,Did You Note My Palette? Unveiling Synthetic Images Through Color Statistics,Did You Note My Palette? Unveiling Synthetic Images Through Color Statistics,false
web/data/public_preview_map_data.json,curated-map:c84b8d19bd23ccd93b6a,curated:87ef976b546206fde199,2024,"DistilDIRE: A Small, Fast, Cheap and Lightweight Diffusion Synthesized Deepfake Detection","DistilDIRE: A Small, Fast, Cheap and Lightweight Diffusion Synthesized Deepfake Detection",false
web/data/public_preview_map_data.json,curated-map:24eedf113451f6ea672a,curated:87ef976b546206fde199,2024,"DistilDIRE: A Small, Fast, Cheap and Lightweight Diffusion Synthesized Deepfake Detection","DistilDIRE: A Small, Fast, Cheap and Lightweight Diffusion Synthesized Deepfake Detection",false
web/data/public_preview_map_data.json,curated-map:de7ca20dbc45b231228f,curated:87ef976b546206fde199,2024,"DistilDIRE: A Small, Fast, Cheap and Lightweight Diffusion Synthesized Deepfake Detection","DistilDIRE: A Small, Fast, Cheap and Lightweight Diffusion Synthesized Deepfake Detection",false
web/data/public_preview_map_data.json,curated-map:f38ca6404e858a630264,curated:87ef976b546206fde199,2024,"DistilDIRE: A Small, Fast, Cheap and Lightweight Diffusion Synthesized Deepfake Detection","DistilDIRE: A Small, Fast, Cheap and Lightweight Diffusion Synthesized Deepfake Detection",false
web/data/public_preview_map_data.json,curated-map:fb04c70446816af0d5d9,curated:1eef07ebb6bd7e596f61,2024,FakeInversion: Learning to Detect Images from Unseen Text-to-Image Models by Inverting Stable Diffusion,FakeInversion: Learning to Detect Images from Unseen Text-to-Image Models by Inverting Stable Diffusion,false
web/data/public_preview_map_data.json,curated-map:cc7719d9264e44cafc17,curated:1eef07ebb6bd7e596f61,2024,FakeInversion: Learning to Detect Images from Unseen Text-to-Image Models by Inverting Stable Diffusion,FakeInversion: Learning to Detect Images from Unseen Text-to-Image Models by Inverting Stable Diffusion,false
web/data/public_preview_map_data.json,curated-map:260407f306aebee2e42a,curated:25c76f83f95efc6207a4,2024,Faster Than Lies: Real-time Deepfake Detection using Binary Neural Networks,Faster Than Lies: Real-Time Deepfake Detection Using Binary Neural Networks,true
web/data/public_preview_map_data.json,curated-map:a72480b76a1d0e53fd7c,curated:ce200a9a7aa3dee36fc7,2024,FIDAVL: Fake Image Detection and Attribution Using Vision-Language Model,FIDAVL: Fake Image Detection and Attribution Using Vision-Language Model,false
web/data/public_preview_map_data.json,curated-map:643dcb861dfe750234d2,curated:ce200a9a7aa3dee36fc7,2024,FIDAVL: Fake Image Detection and Attribution Using Vision-Language Model,FIDAVL: Fake Image Detection and Attribution Using Vision-Language Model,false
web/data/public_preview_map_data.json,curated-map:357deb2ef22d38da2a17,curated:ce200a9a7aa3dee36fc7,2024,FIDAVL: Fake Image Detection and Attribution Using Vision-Language Model,FIDAVL: Fake Image Detection and Attribution Using Vision-Language Model,false
web/data/public_preview_map_data.json,curated-map:9a264429d9d6fe9f88f5,curated:c9485f4d5346304272f2,2024,Frequency Masking for Universal Deepfake Detection,Frequency Masking for Universal Deepfake Detection,false
web/data/public_preview_map_data.json,curated-map:b35eb3894c432cfc5ee6,curated:f7cba2387b8a4131cc7b,2024,Frequency-Aware Deepfake Detection: Improving Generalizability through Frequency Space Domain Learning,Frequency-Aware Deepfake Detection: Improving Generalizability Through Frequency Space Domain Learning,true
web/data/public_preview_map_data.json,curated-map:df2c8056762bb803e0ee,curated:f7cba2387b8a4131cc7b,2024,Frequency-Aware Deepfake Detection: Improving Generalizability through Frequency Space Domain Learning,Frequency-Aware Deepfake Detection: Improving Generalizability Through Frequency Space Domain Learning,true
web/data/public_preview_map_data.json,curated-map:332ece0212a1f5638ae1,curated:f7cba2387b8a4131cc7b,2024,Frequency-Aware Deepfake Detection: Improving Generalizability through Frequency Space Domain Learning,Frequency-Aware Deepfake Detection: Improving Generalizability Through Frequency Space Domain Learning,true
web/data/public_preview_map_data.json,curated-map:e3e698df2c60f9257b72,curated:b65aca5f04f1f41ad725,2024,How to Trace Latent Generative Model Generated Images without Artificial Watermark?,How to Trace Latent Generative Model Generated Images Without Artificial Watermark?,true
web/data/public_preview_map_data.json,curated-map:023778d324fa2872f03b,curated:b65aca5f04f1f41ad725,2024,How to Trace Latent Generative Model Generated Images without Artificial Watermark?,How to Trace Latent Generative Model Generated Images Without Artificial Watermark?,true
web/data/public_preview_map_data.json,curated-map:f512391bb44765cb44f9,curated:b65aca5f04f1f41ad725,2024,How to Trace Latent Generative Model Generated Images without Artificial Watermark?,How to Trace Latent Generative Model Generated Images Without Artificial Watermark?,true
web/data/public_preview_map_data.json,curated-map:592377478476673177b7,curated:34fdf09ae334914a2723,2024,ManiFPT: Defining and Analyzing Fingerprints of Generative Models,ManiFPT: Defining and Analyzing Fingerprints of Generative Models,false
web/data/public_preview_map_data.json,curated-map:9ea209ce67c34ae9c430,curated:34fdf09ae334914a2723,2024,ManiFPT: Defining and Analyzing Fingerprints of Generative Models,ManiFPT: Defining and Analyzing Fingerprints of Generative Models,false
web/data/public_preview_map_data.json,curated-map:e2dd74aa3296c0f3510d,curated:34fdf09ae334914a2723,2024,ManiFPT: Defining and Analyzing Fingerprints of Generative Models,ManiFPT: Defining and Analyzing Fingerprints of Generative Models,false
web/data/public_preview_map_data.json,curated-map:36143b47be0dda65ef88,curated:f523af1f7fe7b16fda75,2024,MaskSim: Detection of synthetic images by masked spectrum similarity analysis,MaskSim: Detection of Synthetic Images by Masked Spectrum Similarity Analysis,true
web/data/public_preview_map_data.json,curated-map:0b1587ed81023dc50b10,curated:f523af1f7fe7b16fda75,2024,MaskSim: Detection of synthetic images by masked spectrum similarity analysis,MaskSim: Detection of Synthetic Images by Masked Spectrum Similarity Analysis,true
web/data/public_preview_map_data.json,curated-map:770b1ee0379df1e4b073,curated:f523af1f7fe7b16fda75,2024,MaskSim: Detection of synthetic images by masked spectrum similarity analysis,MaskSim: Detection of Synthetic Images by Masked Spectrum Similarity Analysis,true
web/data/public_preview_map_data.json,curated-map:30d9fa78419fea0e6766,curated:8603d8942c241dd876ed,2024,On the Exploitation of DCT-Traces in the Generative-AI Domain,On the Exploitation of DCT-Traces in the Generative-AI Domain,false
web/data/public_preview_map_data.json,curated-map:a1affc963366afe082ca,curated:0b2081f70faaf81278dc,2024,Organic or Diffused: Can We Distinguish Human Art from AI-generated Images?,Organic or Diffused: Can We Distinguish Human Art from AI-Generated Images?,true
web/data/public_preview_map_data.json,curated-map:b40d3f7647598a98a1a5,curated:1f9d168cc6c4c445a231,2025,Orthogonal Subspace Decomposition for Generalizable AI-Generated Image Detection,Orthogonal Subspace Decomposition for Generalizable AI-Generated Image Detection,false
web/data/public_preview_map_data.json,curated-map:ad85d592b0fc7058e0cc,curated:1f9d168cc6c4c445a231,2025,Orthogonal Subspace Decomposition for Generalizable AI-Generated Image Detection,Orthogonal Subspace Decomposition for Generalizable AI-Generated Image Detection,false
web/data/public_preview_map_data.json,curated-map:ad8ea64fd2389aa22057,curated:1f9d168cc6c4c445a231,2025,Orthogonal Subspace Decomposition for Generalizable AI-Generated Image Detection,Orthogonal Subspace Decomposition for Generalizable AI-Generated Image Detection,false
web/data/public_preview_map_data.json,curated-map:0a0fdc5a8a3277b59027,curated:b286f4a33839eed35258,2024,Shadows Don't Lie and Lines Can't Bend! Generative Models Don't know Projective Geometry…for Now,Shadows Don't Lie and Lines Can't Bend! Generative Models Don't Know Projective Geometry…for Now,true
web/data/public_preview_map_data.json,curated-map:74fa58d8d6ebd6f0c84f,curated:b286f4a33839eed35258,2024,Shadows Don't Lie and Lines Can't Bend! Generative Models Don't know Projective Geometry…for Now,Shadows Don't Lie and Lines Can't Bend! Generative Models Don't Know Projective Geometry…for Now,true
web/data/public_preview_map_data.json,curated-map:44d04408ebfffce2ca15,curated:b7664c48f91262cfe091,2024,StealthDiffusion: Towards Evading Diffusion Forensic Detection through Diffusion Model,StealthDiffusion: Towards Evading Diffusion Forensic Detection Through Diffusion Model,true
web/data/public_preview_map_data.json,curated-map:8d6749202fbb746a7528,curated:e058b4e851ac44180d82,2024,Tiny Autoencoders are Effective Few-Shot Generative Model Detectors,Tiny Autoencoders Are Effective Few-Shot Generative Model Detectors,true
web/data/public_preview_map_data.json,curated-map:7eb6a019bf3f0f4fce56,curated:b1977dc0fcca329719f0,2024,Towards the Detection of Diffusion Model Deepfakes,Towards the Detection of Diffusion Model Deepfakes,false
web/data/public_preview_map_data.json,curated-map:c339f8bd4ffbcaada177,curated:b1977dc0fcca329719f0,2024,Towards the Detection of Diffusion Model Deepfakes,Towards the Detection of Diffusion Model Deepfakes,false
web/data/public_preview_map_data.json,curated-map:fffea904e9dfd8f6a855,curated:98c0322e2f8dd41d3e9e,2024,Which Model Generated This Image? A Model-Agnostic Approach for Origin Attribution,Which Model Generated This Image? A Model-Agnostic Approach for Origin Attribution,false
web/data/public_preview_map_data.json,curated-map:c6cf8cb3274cd2fee313,curated:98c0322e2f8dd41d3e9e,2024,Which Model Generated This Image? A Model-Agnostic Approach for Origin Attribution,Which Model Generated This Image? A Model-Agnostic Approach for Origin Attribution,false
web/data/public_preview_map_data.json,curated-map:0db3fc2c9c185641d5e8,curated:a87d86d7032f5a751004,2024,ZeroFake: Zero-Shot Detection of Fake Images Generated and Edited by Text-to-Image Generation Models,ZeroFake: Zero-Shot Detection of Fake Images Generated and Edited by Text-to-Image Generation Models,false
web/data/public_preview_map_data.json,curated-map:0b53e1c19e3148c1dadb,,2023,DeepFake Detection Improvement for Images Based on a Proposed Method for Local Binary Pattern of the Multiple-Channel Color Space,DeepFake Detection Improvement for Images Based on a Proposed Method for Local Binary Pattern of the Multiple-Channel Color Space,false
web/data/public_preview_map_data.json,curated-map:48b136851c92e0a9c612,,2023,DeepFake Detection Improvement for Images Based on a Proposed Method for Local Binary Pattern of the Multiple-Channel Color Space,DeepFake Detection Improvement for Images Based on a Proposed Method for Local Binary Pattern of the Multiple-Channel Color Space,false
web/data/public_preview_map_data.json,curated-map:9ac2481f8a8c5be7bcf4,curated:62b0a9ae8be24d9f02e0,2023,Single-Model Attribution of Generative Models Through Final-Layer Inversion,Single-Model Attribution of Generative Models Through Final-Layer Inversion,false
web/data/public_preview_map_data.json,curated-map:6ac0fddfea36a65d744d,curated:62b0a9ae8be24d9f02e0,2023,Single-Model Attribution of Generative Models Through Final-Layer Inversion,Single-Model Attribution of Generative Models Through Final-Layer Inversion,false
web/data/public_preview_map_data.json,curated-map:a982d668c7503ff7494d,curated:853c7e2ae5f343438dd5,2022,Did You Use My GAN to Generate Fake? Post-hoc Attribution of GAN Generated Images via Latent Recovery,Did You Use My GAN to Generate Fake? Post-Hoc Attribution of GAN Generated Images via Latent Recovery,true
web/data/public_preview_map_data.json,curated-map:86d9bacb89211ca36ec9,curated:853c7e2ae5f343438dd5,2022,Did You Use My GAN to Generate Fake? Post-hoc Attribution of GAN Generated Images via Latent Recovery,Did You Use My GAN to Generate Fake? Post-Hoc Attribution of GAN Generated Images via Latent Recovery,true
web/data/public_preview_map_data.json,curated-map:319fdde1a1ac93153f76,curated:07ee620b8169b67b900f,2021,Does a GAN leave distinct model-specific fingerprints?,Does a GAN Leave Distinct Model-Specific Fingerprints?,true
web/data/public_preview_map_data.json,curated-map:f5ea1c7c2d0cbd15646e,curated:af47c4b83dfd43175a4a,2020,Attributing and Detecting Fake Images Generated by Known GANs,Attributing and Detecting Fake Images Generated by Known GANs,false
web/data/public_preview_map_data.json,curated-map:6a12411dab0a59d5c765,curated:82a6421311c4d39076d9,2025,Sanitizing Diffusion-Generated Images via Fingerprint Removal and Adversarial Perturbation for Forensic Evasion,Sanitizing Diffusion-Generated Images via Fingerprint Removal and Adversarial Perturbation for Forensic Evasion,false
web/data/public_preview_map_data.json,curated-map:f2767236e688e9533541,curated:35aae1e2c9d673ab1a97,2026,Source Attribution of AI-Generated Images: a Principled Survey,Source Attribution of AI-Generated Images: A Principled Survey,true
web/data/public_preview_map_data.json,curated-map:f1a9f9de258e084e9459,curated:35aae1e2c9d673ab1a97,2026,Source Attribution of AI-Generated Images: a Principled Survey,Source Attribution of AI-Generated Images: A Principled Survey,true
web/data/public_preview_map_data.json,curated-map:50f74c19027299f130d1,curated:ee47e898ad64ec14b709,2025,Training-free Source Attribution of AI-generated Images via Resynthesis,Training-Free Source Attribution of AI-Generated Images via Resynthesis,true
web/data/public_preview_map_data.json,curated-map:728fa4fe9778f164e348,curated:ee47e898ad64ec14b709,2025,Training-free Source Attribution of AI-generated Images via Resynthesis,Training-Free Source Attribution of AI-Generated Images via Resynthesis,true
web/data/public_preview_map_data.json,curated-map:155c819961acc0739c2f,curated:e256ad6b672c3cf433ba,2025,Bridging the Gap Between Ideal and Real-World Evaluation: Benchmarking AI-Generated Image Detection in Challenging Scenarios,Bridging the Gap Between Ideal and Real-World Evaluation: Benchmarking AI-Generated Image Detection in Challenging Scenarios,false
web/data/public_preview_map_data.json,curated-map:fbb2b0f3c888fb95db43,curated:e256ad6b672c3cf433ba,2025,Bridging the Gap Between Ideal and Real-World Evaluation: Benchmarking AI-Generated Image Detection in Challenging Scenarios,Bridging the Gap Between Ideal and Real-World Evaluation: Benchmarking AI-Generated Image Detection in Challenging Scenarios,false
web/data/public_preview_map_data.json,curated-map:3782bf1ee8cca0a40fa6,curated:e256ad6b672c3cf433ba,2025,Bridging the Gap Between Ideal and Real-World Evaluation: Benchmarking AI-Generated Image Detection in Challenging Scenarios,Bridging the Gap Between Ideal and Real-World Evaluation: Benchmarking AI-Generated Image Detection in Challenging Scenarios,false
web/data/public_preview_map_data.json,curated-map:b2c5c8b880251ed02515,curated:e256ad6b672c3cf433ba,2025,Bridging the Gap Between Ideal and Real-World Evaluation: Benchmarking AI-Generated Image Detection in Challenging Scenarios,Bridging the Gap Between Ideal and Real-World Evaluation: Benchmarking AI-Generated Image Detection in Challenging Scenarios,false
web/data/public_preview_map_data.json,curated-map:4a89e3a5313ab3aef181,curated:e256ad6b672c3cf433ba,2025,Bridging the Gap Between Ideal and Real-World Evaluation: Benchmarking AI-Generated Image Detection in Challenging Scenarios,Bridging the Gap Between Ideal and Real-World Evaluation: Benchmarking AI-Generated Image Detection in Challenging Scenarios,false
web/data/public_preview_map_data.json,curated-map:9dfe91eed53137a6c093,,2024,"A Survey of Defenses Against AI-Generated Visual Media: Detection,Disruption, and Authentication","A Survey of Defenses Against AI-Generated Visual Media: Detection,Disruption, and Authentication",false
web/data/public_preview_map_data.json,curated-map:81103833566d51c52b15,,2024,"A Survey of Defenses Against AI-Generated Visual Media: Detection,Disruption, and Authentication","A Survey of Defenses Against AI-Generated Visual Media: Detection,Disruption, and Authentication",false
web/data/public_preview_map_data.json,curated-map:e07a8799bf8c1f22b73c,,2024,"A Survey of Defenses Against AI-Generated Visual Media: Detection,Disruption, and Authentication","A Survey of Defenses Against AI-Generated Visual Media: Detection,Disruption, and Authentication",false
web/data/public_preview_map_data.json,curated-map:af32adbe2f150b914795,,2026,Adaptive Forensic Feature Refinement via Intrinsic Importance Perception,Adaptive Forensic Feature Refinement via Intrinsic Importance Perception,false
web/data/public_preview_map_data.json,curated-map:fa2c26b9fb70d11a094e,,2026,Adaptive Forensic Feature Refinement via Intrinsic Importance Perception,Adaptive Forensic Feature Refinement via Intrinsic Importance Perception,false
web/data/public_preview_map_data.json,curated-map:5d7f1c30c7ba7cfe9b50,,2026,Adaptive Forensic Feature Refinement via Intrinsic Importance Perception,Adaptive Forensic Feature Refinement via Intrinsic Importance Perception,false
web/data/public_preview_map_data.json,curated-map:a0e2c8aaef5e580013f7,,2025,AdaptPrompt: Parameter-Efficient Adaptation of VLMs for Generalizable Deepfake Detection,AdaptPrompt: Parameter-Efficient Adaptation of VLMs for Generalizable Deepfake Detection,false
web/data/public_preview_map_data.json,curated-map:2bdcc1ec8e3cb94e239b,,2025,AdaptPrompt: Parameter-Efficient Adaptation of VLMs for Generalizable Deepfake Detection,AdaptPrompt: Parameter-Efficient Adaptation of VLMs for Generalizable Deepfake Detection,false
web/data/public_preview_map_data.json,curated-map:1cc4455d3a5770356f72,,2025,AdaptPrompt: Parameter-Efficient Adaptation of VLMs for Generalizable Deepfake Detection,AdaptPrompt: Parameter-Efficient Adaptation of VLMs for Generalizable Deepfake Detection,false
web/data/public_preview_map_data.json,curated-map:6fbd8fac591b653d9c92,curated:718ce9e82d185c331bdf,2025,AntifakePrompt: Prompt-Tuned Vision-Language Models are Fake Image Detectors,AntifakePrompt: Prompt-Tuned Vision-Language Models Are Fake Image Detectors,true
web/data/public_preview_map_data.json,curated-map:cb081d4746522155c079,curated:718ce9e82d185c331bdf,2025,AntifakePrompt: Prompt-Tuned Vision-Language Models are Fake Image Detectors,AntifakePrompt: Prompt-Tuned Vision-Language Models Are Fake Image Detectors,true
web/data/public_preview_map_data.json,curated-map:a1678b84152a1d4ce60a,curated:074bb9a77ee85d50090c,2025,Aperture: a patch-aware framework for joint forgery detection and localization,Aperture: A Patch-Aware Framework for Joint Forgery Detection and Localization,true
web/data/public_preview_map_data.json,curated-map:94bf8f591000fca0a68c,curated:074bb9a77ee85d50090c,2025,Aperture: a patch-aware framework for joint forgery detection and localization,Aperture: A Patch-Aware Framework for Joint Forgery Detection and Localization,true
web/data/public_preview_map_data.json,curated-map:4f8a76ad3731c27dfa0d,curated:074bb9a77ee85d50090c,2025,Aperture: a patch-aware framework for joint forgery detection and localization,Aperture: A Patch-Aware Framework for Joint Forgery Detection and Localization,true
web/data/public_preview_map_data.json,curated-map:4afee02ac9880c6d5aef,curated:074bb9a77ee85d50090c,2025,Aperture: a patch-aware framework for joint forgery detection and localization,Aperture: A Patch-Aware Framework for Joint Forgery Detection and Localization,true
web/data/public_preview_map_data.json,curated-map:74a8401f46c75d0b3de2,curated:074bb9a77ee85d50090c,2025,Aperture: a patch-aware framework for joint forgery detection and localization,Aperture: A Patch-Aware Framework for Joint Forgery Detection and Localization,true
web/data/public_preview_map_data.json,curated-map:8cd5a057f32bab3061d3,curated:5f105b70c28ce5beeb0b,2025,Autonomous and Self-Adapting System for Synthetic Media Detection and Attribution,Autonomous and Self-Adapting System for Synthetic Media Detection and Attribution,false
web/data/public_preview_map_data.json,curated-map:ae2dc63508fcb613969f,,2023,Benchmarking Deepart Detection,Benchmarking Deepart Detection,false
web/data/public_preview_map_data.json,curated-map:5bb85725f878bc480812,,2023,Benchmarking Deepart Detection,Benchmarking Deepart Detection,false
web/data/public_preview_map_data.json,curated-map:2fb86958dba908b69d6a,,2023,Benchmarking Deepart Detection,Benchmarking Deepart Detection,false
web/data/public_preview_map_data.json,curated-map:69a07fe1a7abda7cc270,,2023,Benchmarking Deepart Detection,Benchmarking Deepart Detection,false
web/data/public_preview_map_data.json,curated-map:a8d2efa3fe0d29ee0b5a,,2023,Benchmarking Deepart Detection,Benchmarking Deepart Detection,false
web/data/public_preview_map_data.json,curated-map:938e81a48e9530c851d8,,2025,Code-in-the-Loop Forensics: Agentic Tool Use for Image Forgery Detection,Code-in-the-Loop Forensics: Agentic Tool Use for Image Forgery Detection,false
web/data/public_preview_map_data.json,curated-map:4b79c43b9046c9e24260,,2025,Code-in-the-Loop Forensics: Agentic Tool Use for Image Forgery Detection,Code-in-the-Loop Forensics: Agentic Tool Use for Image Forgery Detection,false
web/data/public_preview_map_data.json,curated-map:f4e9456467df32e96061,,2025,Code-in-the-Loop Forensics: Agentic Tool Use for Image Forgery Detection,Code-in-the-Loop Forensics: Agentic Tool Use for Image Forgery Detection,false
web/data/public_preview_map_data.json,curated-map:23776e41e28ddf702f74,,2026,CTForensics: A Comprehensive Dataset and Method for AI-Generated CT Image Detection,CTForensics: A Comprehensive Dataset and Method for AI-Generated CT Image Detection,false
web/data/public_preview_map_data.json,curated-map:7a0230589ff154a90fbe,,2026,CTForensics: A Comprehensive Dataset and Method for AI-Generated CT Image Detection,CTForensics: A Comprehensive Dataset and Method for AI-Generated CT Image Detection,false
web/data/public_preview_map_data.json,curated-map:4efadfdc09dbe4f1d820,,2026,CTForensics: A Comprehensive Dataset and Method for AI-Generated CT Image Detection,CTForensics: A Comprehensive Dataset and Method for AI-Generated CT Image Detection,false
web/data/public_preview_map_data.json,curated-map:a439ab8f0c9cd5ec63bb,,2026,CTForensics: A Comprehensive Dataset and Method for AI-Generated CT Image Detection,CTForensics: A Comprehensive Dataset and Method for AI-Generated CT Image Detection,false
web/data/public_preview_map_data.json,curated-map:280a31606d6aee628e74,curated:3bd79627ad7e70a28a97,2025,D$^3$: Scaling Up Deepfake Detection by Learning from Discrepancy,D$^3$: Scaling Up Deepfake Detection by Learning from Discrepancy,false
web/data/public_preview_map_data.json,curated-map:077c87118b826249e9a5,curated:3bd79627ad7e70a28a97,2025,D$^3$: Scaling Up Deepfake Detection by Learning from Discrepancy,D$^3$: Scaling Up Deepfake Detection by Learning from Discrepancy,false
web/data/public_preview_map_data.json,curated-map:e75b66f9c58938c47fe6,,2024,Data-Independent Operator: A Training-Free Artifact Representation Extractor for Generalizable Deepfake Detection,Data-Independent Operator: A Training-Free Artifact Representation Extractor for Generalizable Deepfake Detection,false
web/data/public_preview_map_data.json,curated-map:9e60143c5ea97be8de4f,,2024,Data-Independent Operator: A Training-Free Artifact Representation Extractor for Generalizable Deepfake Detection,Data-Independent Operator: A Training-Free Artifact Representation Extractor for Generalizable Deepfake Detection,false
web/data/public_preview_map_data.json,curated-map:aafe03f2536923c6d196,,2024,Data-Independent Operator: A Training-Free Artifact Representation Extractor for Generalizable Deepfake Detection,Data-Independent Operator: A Training-Free Artifact Representation Extractor for Generalizable Deepfake Detection,false
web/data/public_preview_map_data.json,curated-map:addf22001c187a06e962,,2023,DeepArt: A Benchmark to Advance Fidelity Research in AI-Generated Content,DeepArt: A Benchmark to Advance Fidelity Research in AI-Generated Content,false
web/data/public_preview_map_data.json,curated-map:6edf92cdf064648c8804,,2023,DeepArt: A Benchmark to Advance Fidelity Research in AI-Generated Content,DeepArt: A Benchmark to Advance Fidelity Research in AI-Generated Content,false
web/data/public_preview_map_data.json,curated-map:323f89c9f4a35e868942,,2023,DeepArt: A Benchmark to Advance Fidelity Research in AI-Generated Content,DeepArt: A Benchmark to Advance Fidelity Research in AI-Generated Content,false
web/data/public_preview_map_data.json,curated-map:f36a29c80f3b4a13d6ba,,2024,Deepfake Detection without Deepfakes: Generalization via Synthetic Frequency Patterns Injection,Deepfake Detection Without Deepfakes: Generalization via Synthetic Frequency Patterns Injection,true
web/data/public_preview_map_data.json,curated-map:6af23bcdc512df57c0e3,,2024,Deepfake Detection without Deepfakes: Generalization via Synthetic Frequency Patterns Injection,Deepfake Detection Without Deepfakes: Generalization via Synthetic Frequency Patterns Injection,true
web/data/public_preview_map_data.json,curated-map:2b1b72c218f9f1e2edfb,,2024,Deepfake Detection without Deepfakes: Generalization via Synthetic Frequency Patterns Injection,Deepfake Detection Without Deepfakes: Generalization via Synthetic Frequency Patterns Injection,true
web/data/public_preview_map_data.json,curated-map:95fc42c329c7e32f6f9e,,2024,Deepfake Detection without Deepfakes: Generalization via Synthetic Frequency Patterns Injection,Deepfake Detection Without Deepfakes: Generalization via Synthetic Frequency Patterns Injection,true
web/data/public_preview_map_data.json,curated-map:4de7c3c59486949a2d24,,2023,Detecting GAN-generated synthetic images using semantic inconsistencies,Detecting GAN-Generated Synthetic Images Using Semantic Inconsistencies,true
web/data/public_preview_map_data.json,curated-map:0a4da318ed2366cabafe,,2024,Detecting Multimedia Generated by Large AI Models: A Survey,Detecting Multimedia Generated by Large AI Models: A Survey,false
web/data/public_preview_map_data.json,curated-map:09c39c9cc223780d2163,,2024,Detecting Multimedia Generated by Large AI Models: A Survey,Detecting Multimedia Generated by Large AI Models: A Survey,false
web/data/public_preview_map_data.json,curated-map:a1652a23fbd979975255,,2024,Detecting Multimedia Generated by Large AI Models: A Survey,Detecting Multimedia Generated by Large AI Models: A Survey,false
web/data/public_preview_map_data.json,curated-map:456f03c179a4b55a721f,,2024,Detecting Multimedia Generated by Large AI Models: A Survey,Detecting Multimedia Generated by Large AI Models: A Survey,false
web/data/public_preview_map_data.json,curated-map:340e86a93668e1bc01e3,,2024,Detecting Multimedia Generated by Large AI Models: A Survey,Detecting Multimedia Generated by Large AI Models: A Survey,false
web/data/public_preview_map_data.json,curated-map:73110cb8f443b07e892e,,2024,Detecting the Undetectable: Combining Kolmogorov-Arnold Networks and MLP for AI-Generated Image Detection,Detecting the Undetectable: Combining Kolmogorov-Arnold Networks and MLP for AI-Generated Image Detection,false
web/data/public_preview_map_data.json,curated-map:d73c2f8e32c347af0620,,2024,Detecting the Undetectable: Combining Kolmogorov-Arnold Networks and MLP for AI-Generated Image Detection,Detecting the Undetectable: Combining Kolmogorov-Arnold Networks and MLP for AI-Generated Image Detection,false
web/data/public_preview_map_data.json,curated-map:889b937f546820163681,,2024,Development of a Dual-Input Neural Model for Detecting AI-Generated Imagery,Development of a Dual-Input Neural Model for Detecting AI-Generated Imagery,false
web/data/public_preview_map_data.json,curated-map:37023e0bef53373444a2,,2023,Diffusion Noise Feature: Accurate and Fast Generated Image Detection,Diffusion Noise Feature: Accurate and Fast Generated Image Detection,false
web/data/public_preview_map_data.json,curated-map:0d7769791e1edabea46f,curated:8116d19627b92530b580,2026,EvoGuard: An Extensible Agentic RL-based Framework for Practical and Evolving AI-Generated Image Detection,EvoGuard: An Extensible Agentic RL-Based Framework for Practical and Evolving AI-Generated Image Detection,true
web/data/public_preview_map_data.json,curated-map:b9c370276a6b796c63ad,curated:8116d19627b92530b580,2026,EvoGuard: An Extensible Agentic RL-based Framework for Practical and Evolving AI-Generated Image Detection,EvoGuard: An Extensible Agentic RL-Based Framework for Practical and Evolving AI-Generated Image Detection,true
web/data/public_preview_map_data.json,curated-map:46027a15f3fe7e9e95ff,curated:946d44174eaedb61b7ef,2025,FakeBench: Probing Explainable Fake Image Detection via Large Multimodal Models,FakeBench: Probing Explainable Fake Image Detection via Large Multimodal Models,false
web/data/public_preview_map_data.json,curated-map:0255d7ef7e87768c37d9,curated:946d44174eaedb61b7ef,2025,FakeBench: Probing Explainable Fake Image Detection via Large Multimodal Models,FakeBench: Probing Explainable Fake Image Detection via Large Multimodal Models,false
web/data/public_preview_map_data.json,curated-map:301e8f6d16fa5893c129,curated:946d44174eaedb61b7ef,2025,FakeBench: Probing Explainable Fake Image Detection via Large Multimodal Models,FakeBench: Probing Explainable Fake Image Detection via Large Multimodal Models,false
web/data/public_preview_map_data.json,curated-map:2f4cb1aa1b9b49d8d337,curated:946d44174eaedb61b7ef,2025,FakeBench: Probing Explainable Fake Image Detection via Large Multimodal Models,FakeBench: Probing Explainable Fake Image Detection via Large Multimodal Models,false
web/data/public_preview_map_data.json,curated-map:261600b77edb12226e53,,2025,FakeScope: Large Multimodal Expert Model for Transparent AI-Generated Image Forensics,FakeScope: Large Multimodal Expert Model for Transparent AI-Generated Image Forensics,false
web/data/public_preview_map_data.json,curated-map:0a558efa4d6308136670,,2025,FakeScope: Large Multimodal Expert Model for Transparent AI-Generated Image Forensics,FakeScope: Large Multimodal Expert Model for Transparent AI-Generated Image Forensics,false
web/data/public_preview_map_data.json,curated-map:4e16f781d242bd1f3f97,,2025,FakeScope: Large Multimodal Expert Model for Transparent AI-Generated Image Forensics,FakeScope: Large Multimodal Expert Model for Transparent AI-Generated Image Forensics,false
web/data/public_preview_map_data.json,curated-map:e34a03e5accb5a53168f,,2025,FakeScope: Large Multimodal Expert Model for Transparent AI-Generated Image Forensics,FakeScope: Large Multimodal Expert Model for Transparent AI-Generated Image Forensics,false
web/data/public_preview_map_data.json,curated-map:d34bbd6303b06e2a54d6,,2025,FakeScope: Large Multimodal Expert Model for Transparent AI-Generated Image Forensics,FakeScope: Large Multimodal Expert Model for Transparent AI-Generated Image Forensics,false
web/data/public_preview_map_data.json,curated-map:4ef4d24a9eaba2b011b9,curated:c420495aae5c20e0ea2a,2026,FANB-Net: Frequency-Awared Attention and Noise-Injected Boosting for AI-Generated Image Detection,FANB-Net: Frequency-Awared Attention and Noise-Injected Boosting for AI-Generated Image Detection,false
web/data/public_preview_map_data.json,curated-map:6757095997183bff6085,curated:c420495aae5c20e0ea2a,2026,FANB-Net: Frequency-Awared Attention and Noise-Injected Boosting for AI-Generated Image Detection,FANB-Net: Frequency-Awared Attention and Noise-Injected Boosting for AI-Generated Image Detection,false
web/data/public_preview_map_data.json,curated-map:f93c95109233c01d9875,curated:dd05c4a609d902da8c1d,2025,FerretNet: Efficient Synthetic Image Detection via Local Pixel Dependencies,FerretNet: Efficient Synthetic Image Detection via Local Pixel Dependencies,false
web/data/public_preview_map_data.json,curated-map:27f63b49aff048d68270,,2025,Few-Shot Class-Incremental Model Attribution Using Learnable Representation From CLIP-ViT Features,Few-Shot Class-Incremental Model Attribution Using Learnable Representation from CLIP-ViT Features,true
web/data/public_preview_map_data.json,curated-map:0bd82edf02d77ef1f952,curated:4d91354cd919a64a2259,2025,Few-Shot Learner Generalizes Across AI-Generated Image Detection,Few-Shot Learner Generalizes Across AI-Generated Image Detection,false
web/data/public_preview_map_data.json,curated-map:4f316c8aec2a98beb602,curated:4d91354cd919a64a2259,2025,Few-Shot Learner Generalizes Across AI-Generated Image Detection,Few-Shot Learner Generalizes Across AI-Generated Image Detection,false
web/data/public_preview_map_data.json,curated-map:6eed9bc88cd141e0eb6a,curated:4d91354cd919a64a2259,2025,Few-Shot Learner Generalizes Across AI-Generated Image Detection,Few-Shot Learner Generalizes Across AI-Generated Image Detection,false
web/data/public_preview_map_data.json,curated-map:d5f1421814ed5a4df0b2,curated:4d91354cd919a64a2259,2025,Few-Shot Learner Generalizes Across AI-Generated Image Detection,Few-Shot Learner Generalizes Across AI-Generated Image Detection,false
web/data/public_preview_map_data.json,curated-map:65d639a397e11e444043,,2025,Fixed-Threshold Evaluation of a Hybrid CNN-ViT for AI-Generated Image Detection Across Photos and Art,Fixed-Threshold Evaluation of a Hybrid CNN-ViT for AI-Generated Image Detection Across Photos and Art,false
web/data/public_preview_map_data.json,curated-map:65f1f60db9635a78af1c,,2025,Fixed-Threshold Evaluation of a Hybrid CNN-ViT for AI-Generated Image Detection Across Photos and Art,Fixed-Threshold Evaluation of a Hybrid CNN-ViT for AI-Generated Image Detection Across Photos and Art,false
web/data/public_preview_map_data.json,curated-map:743574add8440a4bd2db,,2025,Fooling the Watchers: Breaking AIGC Detectors via Semantic Prompt Attacks,Fooling the Watchers: Breaking AIGC Detectors via Semantic Prompt Attacks,false
web/data/public_preview_map_data.json,curated-map:36b254b969fc4952c152,,2025,Fooling the Watchers: Breaking AIGC Detectors via Semantic Prompt Attacks,Fooling the Watchers: Breaking AIGC Detectors via Semantic Prompt Attacks,false
web/data/public_preview_map_data.json,curated-map:e19ad3c3739079010a07,,2025,ForensicHub: A Unified Benchmark &amp; Codebase for All-Domain Fake Image Detection and Localization,ForensicHub: A Unified Benchmark &amp; Codebase for All-Domain Fake Image Detection and Localization,false
web/data/public_preview_map_data.json,curated-map:f2983afcfbc7e8efb2fb,,2025,ForensicHub: A Unified Benchmark &amp; Codebase for All-Domain Fake Image Detection and Localization,ForensicHub: A Unified Benchmark &amp; Codebase for All-Domain Fake Image Detection and Localization,false
web/data/public_preview_map_data.json,curated-map:2872bec3f4dd3044ce05,,2025,ForensicHub: A Unified Benchmark &amp; Codebase for All-Domain Fake Image Detection and Localization,ForensicHub: A Unified Benchmark &amp; Codebase for All-Domain Fake Image Detection and Localization,false
web/data/public_preview_map_data.json,curated-map:5a9a1fdd3e4a9c2edc63,,2025,ForensicHub: A Unified Benchmark &amp; Codebase for All-Domain Fake Image Detection and Localization,ForensicHub: A Unified Benchmark &amp; Codebase for All-Domain Fake Image Detection and Localization,false
web/data/public_preview_map_data.json,curated-map:9ab0cde5a121c1dde5a1,,2025,ForensicHub: A Unified Benchmark &amp; Codebase for All-Domain Fake Image Detection and Localization,ForensicHub: A Unified Benchmark &amp; Codebase for All-Domain Fake Image Detection and Localization,false
web/data/public_preview_map_data.json,curated-map:f4130212aaffdaf5ccaa,,2025,From Evidence to Verdict: An Agent-Based Forensic Framework for AI-Generated Image Detection,From Evidence to Verdict: An Agent-Based Forensic Framework for AI-Generated Image Detection,false
web/data/public_preview_map_data.json,curated-map:160d3b0a9cbab3b325cd,,2023,GenDet: Towards Good Generalizations for AI-Generated Image Detection,GenDet: Towards Good Generalizations for AI-Generated Image Detection,false
web/data/public_preview_map_data.json,curated-map:e063f71419c02a4ccb15,,2025,Generalizable AI-Generated Image Detection Based on Fractal Self-Similarity in the Spectrum,Generalizable AI-Generated Image Detection Based on Fractal Self-Similarity in the Spectrum,false
web/data/public_preview_map_data.json,curated-map:51276b13d79aa1c9659b,,2025,Generalizable AI-Generated Image Detection Based on Fractal Self-Similarity in the Spectrum,Generalizable AI-Generated Image Detection Based on Fractal Self-Similarity in the Spectrum,false
web/data/public_preview_map_data.json,curated-map:9b8f94c9bb39d5a792db,curated:3c3cd6143ece4045b378,2025,Generalized Design Choices for Deepfake Detectors,Generalized Design Choices for Deepfake Detectors,false
web/data/public_preview_map_data.json,curated-map:14a6a84e6f4b7348ed8b,curated:3c3cd6143ece4045b378,2025,Generalized Design Choices for Deepfake Detectors,Generalized Design Choices for Deepfake Detectors,false
web/data/public_preview_map_data.json,curated-map:cd8bf4c7e6936bf2b473,curated:830febb52786dbaebbb5,2020,T-GD: Transferable GAN-generated Images Detection Framework,T-GD: Transferable GAN-Generated Images Detection Framework,true
web/data/public_preview_map_data.json,curated-map:db3b88a4a6171b2598ed,,2024,Take Fake as Real: Realistic-like Robust Black-box Adversarial Attack to Evade AIGC Detection,Take Fake as Real: Realistic-Like Robust Black-Box Adversarial Attack to Evade AIGC Detection,true
web/data/public_preview_map_data.json,curated-map:4bd2eac12113b2d2eaf5,curated:170f07b3d7020611e566,2019,Attributing Fake Images to GANs: Learning and Analyzing GAN Fingerprints,Attributing Fake Images to GANs: Learning and Analyzing GAN Fingerprints,false
web/data/public_preview_map_data.json,curated-map:e87c562e2e110da866db,curated:170f07b3d7020611e566,2019,Attributing Fake Images to GANs: Learning and Analyzing GAN Fingerprints,Attributing Fake Images to GANs: Learning and Analyzing GAN Fingerprints,false
web/data/public_preview_map_data.json,curated-map:708311d07d73d8c8f7a1,curated:170f07b3d7020611e566,2019,Attributing Fake Images to GANs: Learning and Analyzing GAN Fingerprints,Attributing Fake Images to GANs: Learning and Analyzing GAN Fingerprints,false
web/data/public_preview_map_data.json,curated-map:eff3fef5f1ad37842cd2,curated:3587b5b40ea4c5a8afa8,2022,Deepfake Network Architecture Attribution,Deepfake Network Architecture Attribution,false
web/data/public_preview_map_data.json,curated-map:5c85f65dbdfb79ba97a1,curated:3587b5b40ea4c5a8afa8,2022,Deepfake Network Architecture Attribution,Deepfake Network Architecture Attribution,false
web/data/public_preview_map_data.json,curated-map:c52d198e93fe367d39f0,curated:3587b5b40ea4c5a8afa8,2022,Deepfake Network Architecture Attribution,Deepfake Network Architecture Attribution,false
web/data/public_preview_map_data.json,curated-map:6e759fa589d6287066a9,,2024,CIFAKE: Image Classification and Explainable Identification of AI-Generated Synthetic Images,CIFAKE: Image Classification and Explainable Identification of AI-Generated Synthetic Images,false
web/data/public_preview_map_data.json,curated-map:70da3cee78f030b2e004,curated:625ba11125534aedd39d,2022,RepMix: Representation Mixing for Robust Attribution of Synthesized Images,RepMix: Representation Mixing for Robust Attribution of Synthesized Images,false
web/data/public_preview_map_data.json,curated-map:01eb2fee1cf6f2427858,curated:625ba11125534aedd39d,2022,RepMix: Representation Mixing for Robust Attribution of Synthesized Images,RepMix: Representation Mixing for Robust Attribution of Synthesized Images,false
web/data/public_preview_map_data.json,curated-map:14d522a88f732754b225,curated:625ba11125534aedd39d,2022,RepMix: Representation Mixing for Robust Attribution of Synthesized Images,RepMix: Representation Mixing for Robust Attribution of Synthesized Images,false
web/data/public_preview_map_data.json,curated-map:b3655a5104d506deb734,curated:40ffd016e03ca4604fa8,2025,Model Synthesis for Zero-Shot Model Attribution,Model Synthesis for Zero-Shot Model Attribution,false
web/data/public_preview_map_data.json,curated-map:2eab488c4d405a206d68,curated:40ffd016e03ca4604fa8,2025,Model Synthesis for Zero-Shot Model Attribution,Model Synthesis for Zero-Shot Model Attribution,false
web/data/public_preview_map_data.json,curated-map:2e49827da3e113e267d3,curated:be2900947b322f9eb905,2025,OmniDFA: A Unified Framework for Open Set Synthesis Image Detection and Few-Shot Attribution,OmniDFA: A Unified Framework for Open Set Synthesis Image Detection and Few-Shot Attribution,false
web/data/public_preview_map_data.json,curated-map:a5a069381a26af286334,curated:be2900947b322f9eb905,2025,OmniDFA: A Unified Framework for Open Set Synthesis Image Detection and Few-Shot Attribution,OmniDFA: A Unified Framework for Open Set Synthesis Image Detection and Few-Shot Attribution,false
web/data/public_preview_map_data.json,curated-map:796ce709570eef12d644,curated:be2900947b322f9eb905,2025,OmniDFA: A Unified Framework for Open Set Synthesis Image Detection and Few-Shot Attribution,OmniDFA: A Unified Framework for Open Set Synthesis Image Detection and Few-Shot Attribution,false
web/data/public_preview_map_data.json,curated-map:e2f89591c1dad0fbd52e,curated:be2900947b322f9eb905,2025,OmniDFA: A Unified Framework for Open Set Synthesis Image Detection and Few-Shot Attribution,OmniDFA: A Unified Framework for Open Set Synthesis Image Detection and Few-Shot Attribution,false
web/data/public_preview_map_data.json,curated-map:a618876f229faa46df9f,curated:be2900947b322f9eb905,2025,OmniDFA: A Unified Framework for Open Set Synthesis Image Detection and Few-Shot Attribution,OmniDFA: A Unified Framework for Open Set Synthesis Image Detection and Few-Shot Attribution,false
web/data/public_preview_map_data.json,curated-map:c3c20cf0d253833f1658,curated:be2900947b322f9eb905,2025,OmniDFA: A Unified Framework for Open Set Synthesis Image Detection and Few-Shot Attribution,OmniDFA: A Unified Framework for Open Set Synthesis Image Detection and Few-Shot Attribution,false
web/data/public_preview_map_data.json,curated-map:350a9bccf31d4dc80c78,,2022,Transferable Class-Modelling for Decentralized Source Attribution of GAN-Generated Images,Transferable Class-Modelling for Decentralized Source Attribution of GAN-Generated Images,false
web/data/public_preview_map_data.json,curated-map:b3edee3b6ee971cb4de2,,2022,Transferable Class-Modelling for Decentralized Source Attribution of GAN-Generated Images,Transferable Class-Modelling for Decentralized Source Attribution of GAN-Generated Images,false
web/data/public_preview_map_data.json,curated-map:ecec50020d05754bb906,,2020,On Attribution of Deepfakes,On Attribution of Deepfakes,false
web/data/public_preview_map_data.json,curated-map:693a767b05f713c86d6a,,2020,On Attribution of Deepfakes,On Attribution of Deepfakes,false
web/data/public_preview_map_data.json,curated-map:d377aa702f3a2de33ef6,,2020,On Attribution of Deepfakes,On Attribution of Deepfakes,false
web/data/public_preview_map_data.json,curated-map:0f6716f87e1ff6d5ad6e,,2025,LoRAX: LoRA eXpandable Networks for Continual Synthetic Image Attribution,LoRAX: LoRA eXpandable Networks for Continual Synthetic Image Attribution,false
web/data/public_preview_map_data.json,curated-map:24f09e9c1e63b8598218,,2025,LoRAX: LoRA eXpandable Networks for Continual Synthetic Image Attribution,LoRAX: LoRA eXpandable Networks for Continual Synthetic Image Attribution,false
web/data/public_preview_map_data.json,curated-map:530a33ea83773ea8ae13,,2019,Scalable Fine-grained Generated Image Classification Based on Deep Metric Learning,Scalable Fine-Grained Generated Image Classification Based on Deep Metric Learning,true
web/data/public_preview_map_data.json,curated-map:810b5f0ea05820fc82de,,2025,A Bias-Free Training Paradigm for More General AI-generated Image Detection,A Bias-Free Training Paradigm for More General AI-Generated Image Detection,true
web/data/public_preview_map_data.json,curated-map:a6e272207ed44cb268c0,,2024,Exploring the Adversarial Robustness of CLIP for AI-generated Image Detection,Exploring the Adversarial Robustness of CLIP for AI-Generated Image Detection,true
web/data/public_preview_map_data.json,curated-map:8e28815f388565e80008,,2024,Raising the Bar of AI-generated Image Detection with CLIP,Raising the Bar of AI-Generated Image Detection with CLIP,true
web/data/public_preview_map_data.json,curated-map:078429e217110a8fc170,,2024,Zero-Shot Detection of AI-Generated Images,Zero-Shot Detection of AI-Generated Images,false
web/data/public_preview_map_data.json,curated-map:d59341f6b19cbc2f295e,,2023,Intriguing properties of synthetic images: from generative adversarial networks to diffusion models,Intriguing Properties of Synthetic Images: From Generative Adversarial Networks to Diffusion Models,true
web/data/public_preview_map_data.json,curated-map:be9cd1cb5f20ba78ccd7,,2023,On The Detection of Synthetic Images Generated by Diffusion Models,On the Detection of Synthetic Images Generated by Diffusion Models,true
web/data/public_preview_map_data.json,curated-map:8ffe51cf2a36d4e7c36f,,2021,Are GAN Generated Images Easy to Detect? A Critical Analysis of the State-Of-The-Art,Are GAN Generated Images Easy to Detect? A Critical Analysis of the State-of-the-Art,true
web/data/public_preview_map_data.json,curated-map:5f23f2f3b46a28cbaf06,,2021,Towards Universal GAN Image Detection,Towards Universal GAN Image Detection,false
web/data/public_preview_map_data.json,curated-map:42193cc907031d3f56b8,,2024,Zero-Shot Detection of AI-Generated Images,Zero-Shot Detection of AI-Generated Images,false
web/data/public_preview_map_data.json,curated-map:8baf797a8dd178cb7ec9,curated:a1eea412716e4d045da6,2026,Source Attribution of AI-Generated Images in Data Scarcity Conditions via Training-Free Resynthesis,Source Attribution of AI-Generated Images in Data Scarcity Conditions via Training-Free Resynthesis,false
web/data/public_preview_map_data.json,curated-map:600ca562488806572f1c,curated:a1eea412716e4d045da6,2026,Source Attribution of AI-Generated Images in Data Scarcity Conditions via Training-Free Resynthesis,Source Attribution of AI-Generated Images in Data Scarcity Conditions via Training-Free Resynthesis,false
web/data/public_preview_map_data.json,curated-map:19b96600b5ea01367433,curated:5a91cc922c8a3c4c3d0c,2023,Open Set Synthetic Image Source Attribution,Open Set Synthetic Image Source Attribution,false
web/data/public_preview_map_data.json,curated-map:534140359a6cc4be5074,curated:3864d12fe8df7b9cb19c,2024,Detecting computer-generated images by using only real images,Detecting Computer-Generated Images by Using Only Real Images,true
web/data/public_preview_map_data.json,curated-map:680326d56b52227cd509,curated:3864d12fe8df7b9cb19c,2024,Detecting computer-generated images by using only real images,Detecting Computer-Generated Images by Using Only Real Images,true
web/data/public_preview_map_data.json,curated-map:f081ce50d613fe8d726a,curated:3864d12fe8df7b9cb19c,2024,Detecting computer-generated images by using only real images,Detecting Computer-Generated Images by Using Only Real Images,true
web/data/public_preview_map_data.json,curated-map:37d81b119e07a3217092,curated:f9eac1aa13a606c6ec88,2025,A Sanity Check for AI-generated Image Detection,A Sanity Check for AI-Generated Image Detection,true
web/data/public_preview_map_data.json,curated-map:c7a626a134c655a54fa3,curated:f9eac1aa13a606c6ec88,2025,A Sanity Check for AI-generated Image Detection,A Sanity Check for AI-Generated Image Detection,true
web/data/public_preview_map_data.json,curated-map:78bf930e1646f6414b0d,curated:f9eac1aa13a606c6ec88,2025,A Sanity Check for AI-generated Image Detection,A Sanity Check for AI-Generated Image Detection,true
web/data/public_preview_map_data.json,curated-map:1a62ec12f272eca68c6d,curated:8e9658fa727094695be8,2026,MIRAGE: Towards AI-Generated Image Detection in the Wild,MIRAGE: Towards AI-Generated Image Detection in the Wild,false
web/data/public_preview_map_data.json,curated-map:0713be9315733f1b789d,,2025,SMNDNet for Multiple Types of Deepfake Image Detection,SMNDNet for Multiple Types of Deepfake Image Detection,false
web/data/public_preview_map_data.json,curated-map:a5c02dd2f6dcd725aaef,,2025,SMNDNet for Multiple Types of Deepfake Image Detection,SMNDNet for Multiple Types of Deepfake Image Detection,false
web/data/public_preview_map_data.json,curated-map:b500428e3ca95abccf86,curated:31a4d429d7c5750bd778,2025,Spot the Fake: Large Multimodal Model-Based Synthetic Image Detection with Artifact Explanation,Spot the Fake: Large Multimodal Model-Based Synthetic Image Detection with Artifact Explanation,false
web/data/public_preview_map_data.json,curated-map:b3db80bfe7fc5c7612ea,curated:31a4d429d7c5750bd778,2025,Spot the Fake: Large Multimodal Model-Based Synthetic Image Detection with Artifact Explanation,Spot the Fake: Large Multimodal Model-Based Synthetic Image Detection with Artifact Explanation,false
web/data/public_preview_map_data.json,curated-map:72ca44fdcfab0e7daaa3,curated:31a4d429d7c5750bd778,2025,Spot the Fake: Large Multimodal Model-Based Synthetic Image Detection with Artifact Explanation,Spot the Fake: Large Multimodal Model-Based Synthetic Image Detection with Artifact Explanation,false
web/data/public_preview_map_data.json,curated-map:1288c570f5472735d594,curated:31a4d429d7c5750bd778,2025,Spot the Fake: Large Multimodal Model-Based Synthetic Image Detection with Artifact Explanation,Spot the Fake: Large Multimodal Model-Based Synthetic Image Detection with Artifact Explanation,false
web/data/public_preview_map_data.json,curated-map:75f73cc24a8dcdec4005,curated:31a4d429d7c5750bd778,2025,Spot the Fake: Large Multimodal Model-Based Synthetic Image Detection with Artifact Explanation,Spot the Fake: Large Multimodal Model-Based Synthetic Image Detection with Artifact Explanation,false
web/data/public_preview_map_data.json,curated-map:7447cc868f9b72a56691,,2021,Learning to Disentangle GAN Fingerprint for Fake Image Attribution,Learning to Disentangle GAN Fingerprint for Fake Image Attribution,false
web/data/public_preview_map_data.json,curated-map:f62c1ae323eb49bb5ba8,,2021,Learning to Disentangle GAN Fingerprint for Fake Image Attribution,Learning to Disentangle GAN Fingerprint for Fake Image Attribution,false
web/data/public_preview_map_data.json,curated-map:fdffa3e861a30a709f8b,,2021,Learning to Disentangle GAN Fingerprint for Fake Image Attribution,Learning to Disentangle GAN Fingerprint for Fake Image Attribution,false
web/data/public_preview_map_data.json,curated-map:705fd6b59384c04b37e0,,2024,Harnessing the Power of Large Vision Language Models for Synthetic Image Detection,Harnessing the Power of Large Vision Language Models for Synthetic Image Detection,false
web/data/public_preview_map_data.json,curated-map:5d451ea1cbdc00de0d67,,2024,Harnessing the Power of Large Vision Language Models for Synthetic Image Detection,Harnessing the Power of Large Vision Language Models for Synthetic Image Detection,false
web/data/public_preview_map_data.json,curated-map:a9649d5fa5a3e6eb9034,,2024,Harnessing the Power of Large Vision Language Models for Synthetic Image Detection,Harnessing the Power of Large Vision Language Models for Synthetic Image Detection,false
web/data/public_preview_map_data.json,curated-map:1f185ec05fcd6246e633,,2023,Where Did I Come From? Origin Attribution of AI-Generated Images,Where Did I Come From? Origin Attribution of AI-Generated Images,false
web/data/public_preview_map_data.json,curated-map:70215bbdf75835555e4a,,2023,Where Did I Come From? Origin Attribution of AI-Generated Images,Where Did I Come From? Origin Attribution of AI-Generated Images,false
web/data/public_preview_map_data.json,curated-map:3103a4a0e878a09f8199,,2023,Where Did I Come From? Origin Attribution of AI-Generated Images,Where Did I Come From? Origin Attribution of AI-Generated Images,false
web/data/public_preview_map_data.json,curated-map:d4ff67b7bf26ba353392,,2023,Where Did I Come From? Origin Attribution of AI-Generated Images,Where Did I Come From? Origin Attribution of AI-Generated Images,false
web/data/public_preview_map_data.json,curated-map:9ae439bef34f49c8b9de,curated:9c21b43f9681feb53a21,2023,GenImage: A Million-Scale Benchmark for Detecting AI-Generated Image,GenImage: A Million-Scale Benchmark for Detecting AI-Generated Image,false
web/data/public_preview_map_data.json,curated-map:60235e6b9530dd260d31,curated:c6bb6e1e0a4d4eb372b5,2023,Seeing is not always believing: Benchmarking Human and Model Perception of AI-Generated Images,Seeing Is Not Always Believing: Benchmarking Human and Model Perception of AI-Generated Images,true
web/data/public_preview_map_data.json,curated-map:44de545e5b427251c24d,curated:c6bb6e1e0a4d4eb372b5,2023,Seeing is not always believing: Benchmarking Human and Model Perception of AI-Generated Images,Seeing Is Not Always Believing: Benchmarking Human and Model Perception of AI-Generated Images,true
web/data/public_preview_map_data.json,curated-map:b036b8193f43cc9bc66f,curated:c6bb6e1e0a4d4eb372b5,2023,Seeing is not always believing: Benchmarking Human and Model Perception of AI-Generated Images,Seeing Is Not Always Believing: Benchmarking Human and Model Perception of AI-Generated Images,true
web/data/public_preview_map_data.json,curated-map:8fddafd3ab58852d10ce,curated:c6bb6e1e0a4d4eb372b5,2023,Seeing is not always believing: Benchmarking Human and Model Perception of AI-Generated Images,Seeing Is Not Always Believing: Benchmarking Human and Model Perception of AI-Generated Images,true
web/data/public_preview_map_data.json,curated-map:7e5f55a74943169bbb7e,,2024,Text Modality Oriented Image Feature Extraction for Detecting Diffusion-based DeepFake,Text Modality Oriented Image Feature Extraction for Detecting Diffusion-Based DeepFake,true
web/data/public_preview_map_data.json,curated-map:d93125c71bfdf4225f79,,2024,Text Modality Oriented Image Feature Extraction for Detecting Diffusion-based DeepFake,Text Modality Oriented Image Feature Extraction for Detecting Diffusion-Based DeepFake,true
web/data/public_preview_map_data.json,curated-map:00a745a929f771bff5d8,,2024,Text Modality Oriented Image Feature Extraction for Detecting Diffusion-based DeepFake,Text Modality Oriented Image Feature Extraction for Detecting Diffusion-Based DeepFake,true
web/data/public_preview_map_data.json,curated-map:a5c24e1c9fbb17d414d9,,2024,Text Modality Oriented Image Feature Extraction for Detecting Diffusion-based DeepFake,Text Modality Oriented Image Feature Extraction for Detecting Diffusion-Based DeepFake,true
web/data/public_preview_map_data.json,curated-map:125de359c91f5c914b20,,2024,Text Modality Oriented Image Feature Extraction for Detecting Diffusion-based DeepFake,Text Modality Oriented Image Feature Extraction for Detecting Diffusion-Based DeepFake,true
web/data/public_preview_map_data.json,curated-map:a472c20888df1a513783,,2025,Mirage: Unveiling Hidden Artifacts in Synthetic Images with Large Vision-Language Models,Mirage: Unveiling Hidden Artifacts in Synthetic Images with Large Vision-Language Models,false
web/data/public_preview_map_data.json,curated-map:79b8d562f06a47ef6fa9,curated:0b34eeaa2b4f5b0a7b3b,2025,Aligned Datasets Improve Detection of Latent Diffusion-Generated Images,Aligned Datasets Improve Detection of Latent Diffusion-Generated Images,false
web/data/public_preview_map_data.json,curated-map:2d48011e4528c6967e3f,curated:f158c57190bcd2c8405c,2025,Is Artificial Intelligence Generated Image Detection a Solved Problem?,Is Artificial Intelligence Generated Image Detection a Solved Problem?,false
web/data/public_preview_map_data.json,curated-map:cc87f90b306a4a6a1244,curated:f158c57190bcd2c8405c,2025,Is Artificial Intelligence Generated Image Detection a Solved Problem?,Is Artificial Intelligence Generated Image Detection a Solved Problem?,false
web/data/public_preview_map_data.json,curated-map:84fd3b91f7ebcf092baa,curated:211ea83fa8d41c8ec810,2026,AI-generated image detection algorithm based on classical-quantum hybrid neural network,AI-Generated Image Detection Algorithm Based on Classical-Quantum Hybrid Neural Network,true
web/data/public_preview_map_data.json,curated-map:4f49ee160008dc23897a,curated:29878fee09624b7d105d,2026,Self-Supervised AI-Generated Image Detection: A Camera Metadata Perspective,Self-Supervised AI-Generated Image Detection: A Camera Metadata Perspective,false
web/data/public_preview_map_data.json,curated-map:3883066c7a3e5fdf2b90,curated:29878fee09624b7d105d,2026,Self-Supervised AI-Generated Image Detection: A Camera Metadata Perspective,Self-Supervised AI-Generated Image Detection: A Camera Metadata Perspective,false
web/data/public_preview_map_data.json,curated-map:977d93652e5be60bbb85,curated:29642e43aa51fece46f7,2026,Beyond Semantic Features: Pixel-level Mapping for Generalized AI-Generated Image Detection,Beyond Semantic Features: Pixel-Level Mapping for Generalized AI-Generated Image Detection,true
web/data/public_preview_map_data.json,curated-map:f368024ee3dce8fc38dd,curated:911d693997183535a4ac,2025,Towards Explainable Fake Image Detection with Multi-Modal Large Language Models,Towards Explainable Fake Image Detection with Multi-Modal Large Language Models,false
web/data/public_preview_map_data.json,curated-map:d22477b66b22ce1242ba,curated:911d693997183535a4ac,2025,Towards Explainable Fake Image Detection with Multi-Modal Large Language Models,Towards Explainable Fake Image Detection with Multi-Modal Large Language Models,false
web/data/public_preview_map_data.json,curated-map:2028c984bebe6c263d8a,curated:8bdbf72555619e7893d3,2025,Beyond Known Fakes: Generalized Detection of AI-Generated Images via Post-hoc Distribution Alignment,Beyond Known Fakes: Generalized Detection of AI-Generated Images via Post-Hoc Distribution Alignment,true
web/data/public_preview_map_data.json,curated-map:054de3d7e054e4f660e5,curated:fe2c4c4c423cdd91d6d3,2024,Understanding and Improving Training-Free AI-Generated Image Detections with Vision Foundation Models,Understanding and Improving Training-Free AI-Generated Image Detections with Vision Foundation Models,false
web/data/public_preview_map_data.json,curated-map:1cb1a2b392c7d17c0316,curated:fe2c4c4c423cdd91d6d3,2024,Understanding and Improving Training-Free AI-Generated Image Detections with Vision Foundation Models,Understanding and Improving Training-Free AI-Generated Image Detections with Vision Foundation Models,false
web/data/public_preview_map_data.json,curated-map:f00e847e392d74c73bff,curated:d9f9207830bec1da388f,2024,Towards More Accurate Fake Detection on Images Generated from Advanced Generative and Neural Rendering Models,Towards More Accurate Fake Detection on Images Generated from Advanced Generative and Neural Rendering Models,false
web/data/public_preview_map_data.json,curated-map:d36c2a6fa4b5594aa831,curated:d9f9207830bec1da388f,2024,Towards More Accurate Fake Detection on Images Generated from Advanced Generative and Neural Rendering Models,Towards More Accurate Fake Detection on Images Generated from Advanced Generative and Neural Rendering Models,false
web/data/public_preview_map_data.json,curated-map:cf4ac45a6ed48433650d,curated:fa317ff4ccce609227c0,2024,Improving Interpretability and Robustness for the Detection of AI-Generated Images,Improving Interpretability and Robustness for the Detection of AI-Generated Images,false
web/data/public_preview_map_data.json,curated-map:e1259bf5446cc462b62f,curated:fa317ff4ccce609227c0,2024,Improving Interpretability and Robustness for the Detection of AI-Generated Images,Improving Interpretability and Robustness for the Detection of AI-Generated Images,false
web/data/public_preview_map_data.json,curated-map:f9881ef62e6e05fc2212,curated:fa317ff4ccce609227c0,2024,Improving Interpretability and Robustness for the Detection of AI-Generated Images,Improving Interpretability and Robustness for the Detection of AI-Generated Images,false
web/data/public_preview_map_data.json,curated-map:a507e58d1ff90e24d201,curated:fa317ff4ccce609227c0,2024,Improving Interpretability and Robustness for the Detection of AI-Generated Images,Improving Interpretability and Robustness for the Detection of AI-Generated Images,false
web/data/public_preview_map_data.json,curated-map:0774cfa3c74e2b8be424,curated:fa317ff4ccce609227c0,2024,Improving Interpretability and Robustness for the Detection of AI-Generated Images,Improving Interpretability and Robustness for the Detection of AI-Generated Images,false
web/data/public_preview_map_data.json,curated-map:59488d1df40666403dbc,curated:fa317ff4ccce609227c0,2024,Improving Interpretability and Robustness for the Detection of AI-Generated Images,Improving Interpretability and Robustness for the Detection of AI-Generated Images,false
web/data/public_preview_map_data.json,curated-map:7c68932abd49d297011e,curated:fa317ff4ccce609227c0,2024,Improving Interpretability and Robustness for the Detection of AI-Generated Images,Improving Interpretability and Robustness for the Detection of AI-Generated Images,false
web/data/public_preview_map_data.json,curated-map:33533adca2256e62a213,curated:fa317ff4ccce609227c0,2024,Improving Interpretability and Robustness for the Detection of AI-Generated Images,Improving Interpretability and Robustness for the Detection of AI-Generated Images,false
web/data/public_preview_map_data.json,curated-map:dfcb6cdcfccf9314cfc1,curated:9a84f4f666bcdda92186,2024,Mixture of Low-rank Experts for Transferable AI-Generated Image Detection,Mixture of Low-Rank Experts for Transferable AI-Generated Image Detection,true
web/data/public_preview_map_data.json,curated-map:c3a7f88757e9aa5a7a9d,curated:40db3b79c5d83b80e5a4,2024,Fake-GPT: Detecting Fake Image via Large Language Model,Fake-GPT: Detecting Fake Image via Large Language Model,false
web/data/public_preview_map_data.json,curated-map:d64ca1175c896c89fb74,curated:40db3b79c5d83b80e5a4,2024,Fake-GPT: Detecting Fake Image via Large Language Model,Fake-GPT: Detecting Fake Image via Large Language Model,false
web/data/public_preview_map_data.json,curated-map:3112cab6ff5803aea772,curated:0f774e5d7c63020bdc50,2026,Privacy-preserving and zero-shot detection strategies for multimodal AI-generated content,Privacy-Preserving and Zero-Shot Detection Strategies for Multimodal AI-Generated Content,true
web/data/public_preview_map_data.json,curated-map:0d11b89bc26cd8d5c098,curated:67a6b7828afaed59e1c0,2026,Transformer Based on Multi-Domain Feature Fusion for AI-Generated Image Detection,Transformer Based on Multi-Domain Feature Fusion for AI-Generated Image Detection,false
web/data/public_preview_map_data.json,curated-map:dffb6b48963b4ba515c9,curated:f105a82454d369e100b9,2026,General and Domain-Specific Zero-shot Detection of Generated Images via Conditional Likelihood,General and Domain-Specific Zero-Shot Detection of Generated Images via Conditional Likelihood,true
web/data/public_preview_map_data.json,curated-map:0331e6395d0363b75d91,curated:f105a82454d369e100b9,2026,General and Domain-Specific Zero-shot Detection of Generated Images via Conditional Likelihood,General and Domain-Specific Zero-Shot Detection of Generated Images via Conditional Likelihood,true
web/data/public_preview_map_data.json,curated-map:2d872af177b7cfcf43f4,curated:fa317ff4ccce609227c0,2024,Improving Interpretability and Robustness for the Detection of AI-Generated Images,Improving Interpretability and Robustness for the Detection of AI-Generated Images,false
web/data/public_preview_map_data.json,curated-map:9c9285972e6f3c15d50f,curated:34d0af5286cad283526f,2024,A siamese-based verification system for open-set architecture attribution of synthetic images,A Siamese-Based Verification System for Open-Set Architecture Attribution of Synthetic Images,true
web/data/public_preview_map_data.json,curated-map:3bf352c3e7f0d711b6f2,curated:f76424b401abe0c0fd0c,2024,ImagiNet: A Multi-Content Benchmark for Synthetic Image Detection,ImagiNet: A Multi-Content Benchmark for Synthetic Image Detection,false
web/data/public_preview_map_data.json,curated-map:1f9f2fd01ee4b0e47a25,curated:f76424b401abe0c0fd0c,2024,ImagiNet: A Multi-Content Benchmark for Synthetic Image Detection,ImagiNet: A Multi-Content Benchmark for Synthetic Image Detection,false
web/data/public_preview_map_data.json,curated-map:76c92fa8ec58ab4917aa,,2025,LATTE: Latent Trajectory Embedding for Diffusion-Generated Image Detection,LATTE: Latent Trajectory Embedding for Diffusion-Generated Image Detection,false
web/data/public_preview_map_data.json,curated-map:27af250278f97ba8df8b,,2025,LATTE: Latent Trajectory Embedding for Diffusion-Generated Image Detection,LATTE: Latent Trajectory Embedding for Diffusion-Generated Image Detection,false
web/data/public_preview_map_data.json,curated-map:358a00f5abdf30489d92,curated:3fcd3bc4dd2c9d8c3b80,2026,Layer Consistency Matters: Elegant Latent Transition Discrepancy for Generalizable Synthetic Image Detection,Layer Consistency Matters: Elegant Latent Transition Discrepancy for Generalizable Synthetic Image Detection,false
web/data/public_preview_map_data.json,curated-map:ae52303faffd82e06493,,2021,Detection of GAN-Generated Images by Estimating Artifact Similarity,Detection of GAN-Generated Images by Estimating Artifact Similarity,false
web/data/public_preview_map_data.json,curated-map:7fdf80995d60cd19b2f6,,2021,Detection of GAN-Generated Images by Estimating Artifact Similarity,Detection of GAN-Generated Images by Estimating Artifact Similarity,false
web/data/public_preview_map_data.json,curated-map:ee61887497501b8654ea,curated:cda6067db322246e8195,2025,No Detector to Rule Them All,No Detector to Rule Them All,false
web/data/public_preview_map_data.json,curated-map:e716d3cee50663b0d239,curated:cda6067db322246e8195,2025,No Detector to Rule Them All,No Detector to Rule Them All,false
web/data/public_preview_map_data.json,curated-map:a44d68a88bac640a86a7,curated:d3e19d8cb61eb0e7d620,2026,Attribution as Retrieval: Model-Agnostic AI-Generated Image Attribution,Attribution as Retrieval: Model-Agnostic AI-Generated Image Attribution,false
web/data/public_preview_map_data.json,curated-map:678762ed374560c6b97a,curated:d3e19d8cb61eb0e7d620,2026,Attribution as Retrieval: Model-Agnostic AI-Generated Image Attribution,Attribution as Retrieval: Model-Agnostic AI-Generated Image Attribution,false
web/data/public_preview_map_data.json,curated-map:163dcaeca67143244e67,curated:d59bffe554500b241a3e,2026,ImageAttributionBench: How Far Are We from Generalizable Attribution?,ImageAttributionBench: How Far Are We from Generalizable Attribution?,false
web/data/public_preview_map_data.json,curated-map:55611ec24a09890d8eb9,curated:d59bffe554500b241a3e,2026,ImageAttributionBench: How Far Are We from Generalizable Attribution?,ImageAttributionBench: How Far Are We from Generalizable Attribution?,false
web/data/public_preview_map_data.json,curated-map:799da8d97b30641fac1c,curated:1d944c47839b3890a623,2024,Are handcrafted filters helpful for attributing AI-generated images?,Are Handcrafted Filters Helpful for Attributing AI-Generated Images?,true
web/data/public_preview_map_data.json,curated-map:4418d6161c2e149ef140,curated:1d944c47839b3890a623,2024,Are handcrafted filters helpful for attributing AI-generated images?,Are Handcrafted Filters Helpful for Attributing AI-Generated Images?,true
web/data/public_preview_map_data.json,curated-map:fe797bc509dfcb3bae5a,curated:56cb44d373ab183b7df9,2024,On the Use of Mixup Augmentation for Synthetic Image Attribution in the Wild,On the Use of Mixup Augmentation for Synthetic Image Attribution in the Wild,false
web/data/public_preview_map_data.json,curated-map:80fcfd15e6325e0b599f,curated:78e64e4829587c072681,2025,Attribution of AI-Generated Images Across Multiple Models: a Benchmark,Attribution of AI-Generated Images Across Multiple Models: A Benchmark,true
web/data/public_preview_map_data.json,curated-map:5a90b193c38d96d7f255,curated:2c278dcd079ea27d0f73,2025,MAID: Model Attribution via Inverse Diffusion,MAID: Model Attribution via Inverse Diffusion,false
web/data/public_preview_map_data.json,curated-map:f32379448daaa3963652,curated:2c278dcd079ea27d0f73,2025,MAID: Model Attribution via Inverse Diffusion,MAID: Model Attribution via Inverse Diffusion,false
web/data/public_preview_map_data.json,curated-map:7e97d14ef5a5be8cc5c5,curated:2c278dcd079ea27d0f73,2025,MAID: Model Attribution via Inverse Diffusion,MAID: Model Attribution via Inverse Diffusion,false
web/data/public_preview_map_data.json,curated-map:e158b3e3e6eb763bf62c,curated:2c278dcd079ea27d0f73,2025,MAID: Model Attribution via Inverse Diffusion,MAID: Model Attribution via Inverse Diffusion,false
web/data/public_preview_map_data.json,curated-map:35531bc57afe21754129,curated:1c590f67c931d712bb78,2025,An Efficient Frequency Domain Based Attribution and Detection Network,An Efficient Frequency Domain Based Attribution and Detection Network,false
web/data/public_preview_map_data.json,curated-map:5c663c7d02262a42832f,curated:3e94d8fc69e41aade2cc,2025,D <sup>3</sup> QE: Learning Discrete Distribution Discrepancy-Aware Quantization Error for Autoregressive-Generated Image Detection,D <sup>3</sup> QE: Learning Discrete Distribution Discrepancy-Aware Quantization Error for Autoregressive-Generated Image Detection,false
web/data/public_preview_map_data.json,curated-map:91f6ac3656f836c163dd,curated:16646ad4b7b77cde2ad8,2026,One for All: Synthesis-Free Fingerprint Learning for Attribution of In-the-Wild Synthetic Images,One for All: Synthesis-Free Fingerprint Learning for Attribution of In-the-Wild Synthetic Images,false
web/data/public_preview_map_data.json,curated-map:3ce36c0cd8191514054d,curated:16646ad4b7b77cde2ad8,2026,One for All: Synthesis-Free Fingerprint Learning for Attribution of In-the-Wild Synthetic Images,One for All: Synthesis-Free Fingerprint Learning for Attribution of In-the-Wild Synthetic Images,false
web/data/public_preview_map_data.json,curated-map:bb4428203e32f12ae109,curated:16646ad4b7b77cde2ad8,2026,One for All: Synthesis-Free Fingerprint Learning for Attribution of In-the-Wild Synthetic Images,One for All: Synthesis-Free Fingerprint Learning for Attribution of In-the-Wild Synthetic Images,false
web/data/public_preview_map_data.json,curated-map:99c483f4534f81a0e3a5,curated:ba0669dd843c9defd483,2026,Comparative Study of Adversarial Training and Randomized Smoothing for Robust AI-Generated Image Attribution,Comparative Study of Adversarial Training and Randomized Smoothing for Robust AI-Generated Image Attribution,false
web/data/public_preview_map_data.json,curated-map:7a5e9ada25a262f8a463,curated:8ffdbd0ba264927d1c3a,2025,Robust Fake Image Detection via Incremental Training of Siamese Neural Networks,Robust Fake Image Detection via Incremental Training of Siamese Neural Networks,false
web/data/public_preview_map_data.json,curated-map:89b0665431b862971b78,curated:08aa2b51bb36247bdda3,2026,RealNet: Efficient and Unsupervised Detection of AI-Generated Images via Real-Only Representation Learning,RealNet: Efficient and Unsupervised Detection of AI-Generated Images via Real-Only Representation Learning,false
web/data/public_preview_map_data.json,curated-map:c1d9b9e7c48c69aa3738,curated:08aa2b51bb36247bdda3,2026,RealNet: Efficient and Unsupervised Detection of AI-Generated Images via Real-Only Representation Learning,RealNet: Efficient and Unsupervised Detection of AI-Generated Images via Real-Only Representation Learning,false
web/data/public_preview_map_data.json,curated-map:37016a663e093da1d8cc,curated:08aa2b51bb36247bdda3,2026,RealNet: Efficient and Unsupervised Detection of AI-Generated Images via Real-Only Representation Learning,RealNet: Efficient and Unsupervised Detection of AI-Generated Images via Real-Only Representation Learning,false
web/data/public_preview_map_data.json,curated-map:6f69b4ee8e8b3c81044c,curated:45cb3642fd138c136139,2026,Decision-Driven Orthogonal Learning with Complementary Feature Mining for Robust Synthetic Image Detection,Decision-Driven Orthogonal Learning with Complementary Feature Mining for Robust Synthetic Image Detection,false
web/data/public_preview_map_data.json,curated-map:fe1fd291cbfbd9bd75ff,curated:45cb3642fd138c136139,2026,Decision-Driven Orthogonal Learning with Complementary Feature Mining for Robust Synthetic Image Detection,Decision-Driven Orthogonal Learning with Complementary Feature Mining for Robust Synthetic Image Detection,false
web/data/public_preview_map_data.json,curated-map:534fd5edd11dea95403e,curated:45cb3642fd138c136139,2026,Decision-Driven Orthogonal Learning with Complementary Feature Mining for Robust Synthetic Image Detection,Decision-Driven Orthogonal Learning with Complementary Feature Mining for Robust Synthetic Image Detection,false
web/data/public_preview_map_data.json,curated-map:2fef51897793a1be2d1e,curated:6a5bef99dcdc1ad4ba28,2026,DySy-Det: A Synergistic Framework with Dynamic Reconstruction-Path Consistency for AI-Generated Image Detection,DySy-Det: A Synergistic Framework with Dynamic Reconstruction-Path Consistency for AI-Generated Image Detection,false
web/data/public_preview_map_data.json,curated-map:ff38a80c7aca0f9bd00b,curated:89f7a674fe872806006b,2025,ODDN: Addressing Unpaired Data Challenges in Open-World Deepfake Detection on Online Social Networks,ODDN: Addressing Unpaired Data Challenges in Open-World Deepfake Detection on Online Social Networks,false
web/data/public_preview_map_data.json,curated-map:08ec95a5ce0697931cdc,curated:8cb907bc9003c61325f8,2024,E3: Ensemble of Expert Embedders for Adapting Synthetic Image Detectors to New Generators Using Limited Data,E3: Ensemble of Expert Embedders for Adapting Synthetic Image Detectors to New Generators Using Limited Data,false
web/data/public_preview_map_data.json,curated-map:4fe6e83d41aeabd9f6c6,curated:0526c3529dda4446a0d7,2026,Background-Noise-Driven Detection of Diffusion-Generated Images,Background-Noise-Driven Detection of Diffusion-Generated Images,false
web/data/public_preview_map_data.json,curated-map:6b02a59de9e21b5e37a4,curated:0526c3529dda4446a0d7,2026,Background-Noise-Driven Detection of Diffusion-Generated Images,Background-Noise-Driven Detection of Diffusion-Generated Images,false
web/data/public_preview_map_data.json,curated-map:6503266feb762b47efd2,curated:885c512e1e964d2ec61f,2026,CLIP-ADA: CLIP-Guided Artifact-Invariant Generalizable Synthetic Image Detection,CLIP-ADA: CLIP-Guided Artifact-Invariant Generalizable Synthetic Image Detection,false
web/data/public_preview_map_data.json,curated-map:e18832904e2d940b702b,curated:885c512e1e964d2ec61f,2026,CLIP-ADA: CLIP-Guided Artifact-Invariant Generalizable Synthetic Image Detection,CLIP-ADA: CLIP-Guided Artifact-Invariant Generalizable Synthetic Image Detection,false
web/data/public_preview_map_data.json,curated-map:ea3046ff94c4b4dbfa88,curated:8705551f18f94daa53d4,2026,ERASE: Bypassing Collaborative Detection of AI Counterfeit via Comprehensive Artifacts Elimination,ERASE: Bypassing Collaborative Detection of AI Counterfeit via Comprehensive Artifacts Elimination,false
web/data/public_preview_map_data.json,curated-map:3d370b3e5f07c4cd9f97,curated:8705551f18f94daa53d4,2026,ERASE: Bypassing Collaborative Detection of AI Counterfeit via Comprehensive Artifacts Elimination,ERASE: Bypassing Collaborative Detection of AI Counterfeit via Comprehensive Artifacts Elimination,false
web/data/public_preview_map_data.json,curated-map:cd8be5dbef9e1e30b029,curated:8705551f18f94daa53d4,2026,ERASE: Bypassing Collaborative Detection of AI Counterfeit via Comprehensive Artifacts Elimination,ERASE: Bypassing Collaborative Detection of AI Counterfeit via Comprehensive Artifacts Elimination,false
web/data/public_preview_map_data.json,curated-map:af88256ec36bd03b6fc1,curated:4c6404676fc92cb9e8eb,2026,Black-Box Adaptation for Deepfake Detection via Local Relation Guided AUC Optimization,Black-Box Adaptation for Deepfake Detection via Local Relation Guided AUC Optimization,false
web/data/public_preview_map_data.json,curated-map:d4da8f59099235a19513,curated:4c6404676fc92cb9e8eb,2026,Black-Box Adaptation for Deepfake Detection via Local Relation Guided AUC Optimization,Black-Box Adaptation for Deepfake Detection via Local Relation Guided AUC Optimization,false
web/data/public_preview_map_data.json,curated-map:739214564e33e3776bc2,curated:837a8a0ceb9d8f86d02a,2026,ArtGate: Injecting Fake Artifact Features into CLIP for AI-Generated Image Detection,ArtGate: Injecting Fake Artifact Features Into CLIP for AI-Generated Image Detection,true
web/data/public_preview_map_data.json,curated-map:a6466073c7e5c260cfd8,curated:837a8a0ceb9d8f86d02a,2026,ArtGate: Injecting Fake Artifact Features into CLIP for AI-Generated Image Detection,ArtGate: Injecting Fake Artifact Features Into CLIP for AI-Generated Image Detection,true
web/data/public_preview_map_data.json,curated-map:eaa7c1f01e12da654686,curated:46773aac10dade5fbd50,2026,Explainability-Driven Analysis of AI-Generated Image Detectors: Insights into Generalization and Failure Modes,Explainability-Driven Analysis of AI-Generated Image Detectors: Insights Into Generalization and Failure Modes,true
web/data/public_preview_map_data.json,curated-map:3396e0b051ee6305e42a,curated:46773aac10dade5fbd50,2026,Explainability-Driven Analysis of AI-Generated Image Detectors: Insights into Generalization and Failure Modes,Explainability-Driven Analysis of AI-Generated Image Detectors: Insights Into Generalization and Failure Modes,true
web/data/public_preview_map_data.json,curated-map:3b452470caf73cc72e35,curated:46773aac10dade5fbd50,2026,Explainability-Driven Analysis of AI-Generated Image Detectors: Insights into Generalization and Failure Modes,Explainability-Driven Analysis of AI-Generated Image Detectors: Insights Into Generalization and Failure Modes,true
web/data/public_preview_map_data.json,curated-map:74c26aee13f890cf21df,curated:6f55b599c4d1588c62f7,2026,DTBF: Combining Local Statistical Artifacts and Concept Alignment for Synthetic Image Detection,DTBF: Combining Local Statistical Artifacts and Concept Alignment for Synthetic Image Detection,false
web/data/public_preview_map_data.json,curated-map:f6c69888d1e622e9524a,curated:6f55b599c4d1588c62f7,2026,DTBF: Combining Local Statistical Artifacts and Concept Alignment for Synthetic Image Detection,DTBF: Combining Local Statistical Artifacts and Concept Alignment for Synthetic Image Detection,false
web/data/public_preview_map_data.json,curated-map:f5223ef9e16ae0efc19b,curated:6f55b599c4d1588c62f7,2026,DTBF: Combining Local Statistical Artifacts and Concept Alignment for Synthetic Image Detection,DTBF: Combining Local Statistical Artifacts and Concept Alignment for Synthetic Image Detection,false
web/data/public_preview_map_data.json,curated-map:8ebb45e886216151c21c,curated:6f55b599c4d1588c62f7,2026,DTBF: Combining Local Statistical Artifacts and Concept Alignment for Synthetic Image Detection,DTBF: Combining Local Statistical Artifacts and Concept Alignment for Synthetic Image Detection,false
web/data/public_preview_map_data.json,curated-map:cd5c913e2c02e0d1aac2,curated:b08c8cdd637cf7f65d18,2026,AI-Generated Image Detection Based on the Most Suspicious Patch,AI-Generated Image Detection Based on the Most Suspicious Patch,false
web/data/public_preview_map_data.json,curated-map:62488cc41995092c83f7,curated:b08c8cdd637cf7f65d18,2026,AI-Generated Image Detection Based on the Most Suspicious Patch,AI-Generated Image Detection Based on the Most Suspicious Patch,false
web/data/public_preview_map_data.json,curated-map:0a8ec18df21422540440,curated:9ae6e4e3816daa7e1650,2026,ForgeryMoE: Mixture of Experts for Image Forgery Detection under JPEG Compression,ForgeryMoE: Mixture of Experts for Image Forgery Detection Under JPEG Compression,true
web/data/public_preview_map_data.json,curated-map:5b505bb4640b0a09e180,curated:9ae6e4e3816daa7e1650,2026,ForgeryMoE: Mixture of Experts for Image Forgery Detection under JPEG Compression,ForgeryMoE: Mixture of Experts for Image Forgery Detection Under JPEG Compression,true
web/data/public_preview_map_data.json,curated-map:6e4cf232baf206918252,curated:9ae6e4e3816daa7e1650,2026,ForgeryMoE: Mixture of Experts for Image Forgery Detection under JPEG Compression,ForgeryMoE: Mixture of Experts for Image Forgery Detection Under JPEG Compression,true
web/data/public_preview_map_data.json,curated-map:f8ac2a3924bcd3d76035,curated:c87f234ea256991903e1,2026,Dissect and Prune: Enhancing Robustness in AI-Generated Image Detection,Dissect and Prune: Enhancing Robustness in AI-Generated Image Detection,false
web/data/public_preview_map_data.json,curated-map:ab8c6ba0928a17db8f70,curated:c87f234ea256991903e1,2026,Dissect and Prune: Enhancing Robustness in AI-Generated Image Detection,Dissect and Prune: Enhancing Robustness in AI-Generated Image Detection,false
web/data/public_preview_map_data.json,curated-map:59f3ddc04094007fbb0e,curated:7ed4e932c4dac57d0136,2026,DGS-Net: Distillation-Guided Gradient Surgery for CLIP Fine-Tuning in AI-Generated Image Detection,DGS-Net: Distillation-Guided Gradient Surgery for CLIP Fine-Tuning in AI-Generated Image Detection,false
web/data/public_preview_map_data.json,curated-map:355f3560cc2b4310e08c,curated:7ed4e932c4dac57d0136,2026,DGS-Net: Distillation-Guided Gradient Surgery for CLIP Fine-Tuning in AI-Generated Image Detection,DGS-Net: Distillation-Guided Gradient Surgery for CLIP Fine-Tuning in AI-Generated Image Detection,false
web/data/public_preview_map_data.json,curated-map:b3599d79de9afb0a5a4e,curated:246f07c81b9f91e527eb,2026,IncreFA: Breaking the Static Wall of Generative Model Attribution,IncreFA: Breaking the Static Wall of Generative Model Attribution,false
web/data/public_preview_map_data.json,curated-map:ba90c13367412fcded8d,curated:246f07c81b9f91e527eb,2026,IncreFA: Breaking the Static Wall of Generative Model Attribution,IncreFA: Breaking the Static Wall of Generative Model Attribution,false
web/data/public_preview_map_data.json,curated-map:77d9ba1680f2d3636f13,curated:a570863c3a6ac227b56c,2026,PGC: Peak-Guided Calibration for Generalizable AI-Generated Image Detection,PGC: Peak-Guided Calibration for Generalizable AI-Generated Image Detection,false
web/data/public_preview_map_data.json,curated-map:3acce8d83033800d429e,curated:a570863c3a6ac227b56c,2026,PGC: Peak-Guided Calibration for Generalizable AI-Generated Image Detection,PGC: Peak-Guided Calibration for Generalizable AI-Generated Image Detection,false
web/data/public_preview_map_data.json,curated-map:15500f092e7922607b10,curated:a570863c3a6ac227b56c,2026,PGC: Peak-Guided Calibration for Generalizable AI-Generated Image Detection,PGC: Peak-Guided Calibration for Generalizable AI-Generated Image Detection,false
web/data/public_preview_map_data.json,curated-map:de7584fd257d61b1f156,curated:e9594b5466110ca009aa,2026,Toward Generalizable AI-Generated Image Detection with a New Realistic Dataset: Performance Evaluation and Improvement,Toward Generalizable AI-Generated Image Detection with a New Realistic Dataset: Performance Evaluation and Improvement,false
web/data/public_preview_map_data.json,curated-map:78ce6fea89202302a716,curated:e9594b5466110ca009aa,2026,Toward Generalizable AI-Generated Image Detection with a New Realistic Dataset: Performance Evaluation and Improvement,Toward Generalizable AI-Generated Image Detection with a New Realistic Dataset: Performance Evaluation and Improvement,false
web/data/public_preview_map_data.json,curated-map:e523482cd71821c3e1e1,curated:b31395a72552920109fa,2026,The PRISM benchmark: PhotoRealistic Image Synthesis and Manipulation to detect generated images,The PRISM Benchmark: PhotoRealistic Image Synthesis and Manipulation to Detect Generated Images,true
web/data/public_preview_map_data.json,curated-map:49093334257f119f54a0,curated:ab6b43e21ae47dadafe0,2026,Dual Frequency Branch Framework With Reconstructed Sliding Windows Attention for AI-Generated Image Detection,Dual Frequency Branch Framework with Reconstructed Sliding Windows Attention for AI-Generated Image Detection,true
web/data/public_preview_map_data.json,curated-map:54474e2498396f34db82,curated:75b4ab2d95e995615ae2,2026,Quality-Guided Forgery Adapter for Generalizable AIGC Image Detection,Quality-Guided Forgery Adapter for Generalizable AIGC Image Detection,false
web/data/public_preview_map_data.json,curated-map:e65a1da338e9031fbd81,curated:75b4ab2d95e995615ae2,2026,Quality-Guided Forgery Adapter for Generalizable AIGC Image Detection,Quality-Guided Forgery Adapter for Generalizable AIGC Image Detection,false
web/data/public_preview_map_data.json,curated-map:f9df3d786613ed15608a,curated:27b6ffdee837c7f997f5,2026,AEDR: Training-Free AI-Generated Image Attribution via Autoencoder Double-Reconstruction,AEDR: Training-Free AI-Generated Image Attribution via Autoencoder Double-Reconstruction,false
web/data/public_preview_map_data.json,curated-map:c72628f680f80befacec,curated:27b6ffdee837c7f997f5,2026,AEDR: Training-Free AI-Generated Image Attribution via Autoencoder Double-Reconstruction,AEDR: Training-Free AI-Generated Image Attribution via Autoencoder Double-Reconstruction,false
web/data/public_preview_map_data.json,curated-map:dde274193da1c0814177,curated:98bed92571e23d5df139,2026,AI-Generated Image Detection: Challenges and Recent Advances,AI-Generated Image Detection: Challenges and Recent Advances,false
web/data/public_preview_map_data.json,curated-map:5c81d0cf1e05f580d116,curated:98bed92571e23d5df139,2026,AI-Generated Image Detection: Challenges and Recent Advances,AI-Generated Image Detection: Challenges and Recent Advances,false
web/data/public_preview_map_data.json,curated-map:07aa6f6e341892e44704,curated:f7906cb987975444e893,2026,Boosting Robust AIGI Detection with LoRA-based Pairwise Training,Boosting Robust AIGI Detection with LoRA-Based Pairwise Training,true
web/data/public_preview_map_data.json,curated-map:fff6c71255265e70b2b1,curated:f7906cb987975444e893,2026,Boosting Robust AIGI Detection with LoRA-based Pairwise Training,Boosting Robust AIGI Detection with LoRA-Based Pairwise Training,true
web/data/public_preview_map_data.json,curated-map:21a972c61fbd8694d0db,curated:d4a9b3a3cef9bfbd0e32,2026,Detecting AI-Generated Content on Social Media with Multi-modal Language Models,Detecting AI-Generated Content on Social Media with Multi-Modal Language Models,true
web/data/public_preview_map_data.json,curated-map:70133409218b9491eafb,curated:d4a9b3a3cef9bfbd0e32,2026,Detecting AI-Generated Content on Social Media with Multi-modal Language Models,Detecting AI-Generated Content on Social Media with Multi-Modal Language Models,true
web/data/public_preview_map_data.json,curated-map:7b60bb8ea3cdcc967c8a,curated:f40ecaaf5d0212852b79,2025,Dual Data Alignment Makes AI-Generated Image Detector Easier Generalizable,Dual Data Alignment Makes AI-Generated Image Detector Easier Generalizable,false
web/data/public_preview_map_data.json,curated-map:c8a2bc3f6e0a90254e3a,curated:f40ecaaf5d0212852b79,2025,Dual Data Alignment Makes AI-Generated Image Detector Easier Generalizable,Dual Data Alignment Makes AI-Generated Image Detector Easier Generalizable,false
web/data/public_preview_map_data.json,curated-map:223cda1945f777ca0375,curated:f40ecaaf5d0212852b79,2025,Dual Data Alignment Makes AI-Generated Image Detector Easier Generalizable,Dual Data Alignment Makes AI-Generated Image Detector Easier Generalizable,false
web/data/public_preview_map_data.json,curated-map:617d31111e94065ed9c3,curated:f40ecaaf5d0212852b79,2025,Dual Data Alignment Makes AI-Generated Image Detector Easier Generalizable,Dual Data Alignment Makes AI-Generated Image Detector Easier Generalizable,false
web/data/public_preview_map_data.json,curated-map:4438ea4c585784d458d4,curated:f40ecaaf5d0212852b79,2025,Dual Data Alignment Makes AI-Generated Image Detector Easier Generalizable,Dual Data Alignment Makes AI-Generated Image Detector Easier Generalizable,false
web/data/public_preview_map_data.json,curated-map:88fe24bec2bcfae435b7,curated:f40ecaaf5d0212852b79,2025,Dual Data Alignment Makes AI-Generated Image Detector Easier Generalizable,Dual Data Alignment Makes AI-Generated Image Detector Easier Generalizable,false
web/data/public_preview_map_data.json,curated-map:b1323bc92395cb285a27,curated:dbbb2e6ee311ee6198c3,2026,FIND: A Simple Yet Effective Baseline for Diffusion-Generated Image Detection,FIND: A Simple yet Effective Baseline for Diffusion-Generated Image Detection,true
web/data/public_preview_map_data.json,curated-map:248527158f416140ab77,curated:dbbb2e6ee311ee6198c3,2026,FIND: A Simple Yet Effective Baseline for Diffusion-Generated Image Detection,FIND: A Simple yet Effective Baseline for Diffusion-Generated Image Detection,true
web/data/public_preview_map_data.json,curated-map:b069e871387a06549a74,curated:dbbb2e6ee311ee6198c3,2026,FIND: A Simple Yet Effective Baseline for Diffusion-Generated Image Detection,FIND: A Simple yet Effective Baseline for Diffusion-Generated Image Detection,true
web/data/public_preview_map_data.json,curated-map:e6e8f0f81553cdd574f5,curated:dbbb2e6ee311ee6198c3,2026,FIND: A Simple Yet Effective Baseline for Diffusion-Generated Image Detection,FIND: A Simple yet Effective Baseline for Diffusion-Generated Image Detection,true
web/data/public_preview_map_data.json,curated-map:e3b03bd5eeea327daedf,curated:70f6d63927384365006f,2026,High-Resolution Contrastive Framework for Generalizable AI-Generated Image Detection,High-Resolution Contrastive Framework for Generalizable AI-Generated Image Detection,false
web/data/public_preview_map_data.json,curated-map:2ba234d2d1e421974ba2,curated:03f893b9484ea2d09c22,2026,Universal Denoising Patterns for Diffusion Image Detection,Universal Denoising Patterns for Diffusion Image Detection,false
web/data/public_preview_map_data.json,curated-map:0db4ec5eafd735f1abf3,curated:567ec9e4515f2e4a20ca,2026,RADI: A Retrieval-Augmented Dynamic In-Context Learning Framework for AIGC Image Detection,RADI: A Retrieval-Augmented Dynamic In-Context Learning Framework for AIGC Image Detection,false
web/data/public_preview_map_data.json,curated-map:9fd1c4525693e3f1b937,curated:5ceb080eeeacfdf0cb8f,2026,M <sup>2</sup> EA: Multi-VAE Manifold Envelope Alignment for Challenging AI-Generated Image Detection,M <sup>2</sup> EA: Multi-VAE Manifold Envelope Alignment for Challenging AI-Generated Image Detection,false
web/data/public_preview_map_data.json,curated-map:712b5f05aae9fe6b9551,curated:5ceb080eeeacfdf0cb8f,2026,M <sup>2</sup> EA: Multi-VAE Manifold Envelope Alignment for Challenging AI-Generated Image Detection,M <sup>2</sup> EA: Multi-VAE Manifold Envelope Alignment for Challenging AI-Generated Image Detection,false
web/data/public_preview_map_data.json,curated-map:0386caa0053187e100dc,curated:e2c0dacc159564e9e575,2026,Gamma: Generalizable Ai-Generated Image Detection Via Multi-Task and Manipulation-Augmented Supervision,Gamma: Generalizable AI-Generated Image Detection via Multi-Task and Manipulation-Augmented Supervision,true
web/data/public_preview_map_data.json,curated-map:c6ee5b9dab9c0f08e89e,curated:e2c0dacc159564e9e575,2026,Gamma: Generalizable Ai-Generated Image Detection Via Multi-Task and Manipulation-Augmented Supervision,Gamma: Generalizable AI-Generated Image Detection via Multi-Task and Manipulation-Augmented Supervision,true
web/data/public_preview_map_data.json,curated-map:d70609aae0719f29d9d2,,2026,Zooming In on Fakes: A Novel Dataset for Localized AI-Generated Image Detection with Forgery Amplification Approach,Zooming in on Fakes: A Novel Dataset for Localized AI-Generated Image Detection with Forgery Amplification Approach,true
web/data/public_preview_map_data.json,curated-map:b275b201a12ceec70435,,2026,Zooming In on Fakes: A Novel Dataset for Localized AI-Generated Image Detection with Forgery Amplification Approach,Zooming in on Fakes: A Novel Dataset for Localized AI-Generated Image Detection with Forgery Amplification Approach,true
web/data/public_preview_map_data.json,curated-map:4ed13fbf854562fceb05,curated:dc9126cc128e1b228717,2025,Transfer Learning of Real Image Features with Soft Contrastive Loss for Fake Image Detection,Transfer Learning of Real Image Features with Soft Contrastive Loss for Fake Image Detection,false
web/data/public_preview_map_data.json,curated-map:ab423567808d02cc3837,curated:dc9126cc128e1b228717,2025,Transfer Learning of Real Image Features with Soft Contrastive Loss for Fake Image Detection,Transfer Learning of Real Image Features with Soft Contrastive Loss for Fake Image Detection,false
web/data/public_preview_map_data.json,curated-map:817c271fc99325414f32,curated:dc9126cc128e1b228717,2025,Transfer Learning of Real Image Features with Soft Contrastive Loss for Fake Image Detection,Transfer Learning of Real Image Features with Soft Contrastive Loss for Fake Image Detection,false
web/data/public_preview_map_data.json,curated-map:88573245c5df4e1538d3,curated:613af6288792f6ece505,2025,The Visual Counter Turing Test (VCT2): A Benchmark for Evaluating AI-Generated Image Detection and the Visual AI Index (VAI),The Visual Counter Turing Test (VCT2): A Benchmark for Evaluating AI-Generated Image Detection and the Visual AI Index (VAI),false
web/data/public_preview_map_data.json,curated-map:75f173565e194c4b5680,curated:613af6288792f6ece505,2025,The Visual Counter Turing Test (VCT2): A Benchmark for Evaluating AI-Generated Image Detection and the Visual AI Index (VAI),The Visual Counter Turing Test (VCT2): A Benchmark for Evaluating AI-Generated Image Detection and the Visual AI Index (VAI),false
web/data/public_preview_map_data.json,curated-map:284ada1d25a20fc8c48b,curated:613af6288792f6ece505,2025,The Visual Counter Turing Test (VCT2): A Benchmark for Evaluating AI-Generated Image Detection and the Visual AI Index (VAI),The Visual Counter Turing Test (VCT2): A Benchmark for Evaluating AI-Generated Image Detection and the Visual AI Index (VAI),false
web/data/public_preview_map_data.json,curated-map:a8bb328c8c4d934175a5,curated:613af6288792f6ece505,2025,The Visual Counter Turing Test (VCT2): A Benchmark for Evaluating AI-Generated Image Detection and the Visual AI Index (VAI),The Visual Counter Turing Test (VCT2): A Benchmark for Evaluating AI-Generated Image Detection and the Visual AI Index (VAI),false
web/data/public_preview_map_data.json,curated-map:4f2b2fb2dfb5fab0d959,curated:613af6288792f6ece505,2025,The Visual Counter Turing Test (VCT2): A Benchmark for Evaluating AI-Generated Image Detection and the Visual AI Index (VAI),The Visual Counter Turing Test (VCT2): A Benchmark for Evaluating AI-Generated Image Detection and the Visual AI Index (VAI),false
web/data/public_preview_map_data.json,curated-map:47d7b272bcf78539bf3f,curated:613af6288792f6ece505,2025,The Visual Counter Turing Test (VCT2): A Benchmark for Evaluating AI-Generated Image Detection and the Visual AI Index (VAI),The Visual Counter Turing Test (VCT2): A Benchmark for Evaluating AI-Generated Image Detection and the Visual AI Index (VAI),false
web/data/public_preview_map_data.json,curated-map:cd31646b4d2e1562915d,curated:613af6288792f6ece505,2025,The Visual Counter Turing Test (VCT2): A Benchmark for Evaluating AI-Generated Image Detection and the Visual AI Index (VAI),The Visual Counter Turing Test (VCT2): A Benchmark for Evaluating AI-Generated Image Detection and the Visual AI Index (VAI),false
web/data/public_preview_map_data.json,curated-map:71a4fe01c782364ccf5e,curated:613af6288792f6ece505,2025,The Visual Counter Turing Test (VCT2): A Benchmark for Evaluating AI-Generated Image Detection and the Visual AI Index (VAI),The Visual Counter Turing Test (VCT2): A Benchmark for Evaluating AI-Generated Image Detection and the Visual AI Index (VAI),false
web/data/public_preview_map_data.json,curated-map:98164e975be676b22a69,curated:613af6288792f6ece505,2025,The Visual Counter Turing Test (VCT2): A Benchmark for Evaluating AI-Generated Image Detection and the Visual AI Index (VAI),The Visual Counter Turing Test (VCT2): A Benchmark for Evaluating AI-Generated Image Detection and the Visual AI Index (VAI),false
web/data/public_preview_map_data.json,curated-map:4b6c86977fef3f6c4468,curated:613af6288792f6ece505,2025,The Visual Counter Turing Test (VCT2): A Benchmark for Evaluating AI-Generated Image Detection and the Visual AI Index (VAI),The Visual Counter Turing Test (VCT2): A Benchmark for Evaluating AI-Generated Image Detection and the Visual AI Index (VAI),false
web/data/public_preview_map_data.json,curated-map:1579df3c3e1818b6a6d7,curated:613af6288792f6ece505,2025,The Visual Counter Turing Test (VCT2): A Benchmark for Evaluating AI-Generated Image Detection and the Visual AI Index (VAI),The Visual Counter Turing Test (VCT2): A Benchmark for Evaluating AI-Generated Image Detection and the Visual AI Index (VAI),false
web/data/public_preview_map_data.json,curated-map:4b076a8d28e269fb0692,curated:613af6288792f6ece505,2025,The Visual Counter Turing Test (VCT2): A Benchmark for Evaluating AI-Generated Image Detection and the Visual AI Index (VAI),The Visual Counter Turing Test (VCT2): A Benchmark for Evaluating AI-Generated Image Detection and the Visual AI Index (VAI),false
web/data/public_preview_map_data.json,curated-map:1ac6113f8cc8b1507c62,curated:613af6288792f6ece505,2025,The Visual Counter Turing Test (VCT2): A Benchmark for Evaluating AI-Generated Image Detection and the Visual AI Index (VAI),The Visual Counter Turing Test (VCT2): A Benchmark for Evaluating AI-Generated Image Detection and the Visual AI Index (VAI),false
web/data/public_preview_map_data.json,curated-map:04c84a81868e76f35577,curated:613af6288792f6ece505,2025,The Visual Counter Turing Test (VCT2): A Benchmark for Evaluating AI-Generated Image Detection and the Visual AI Index (VAI),The Visual Counter Turing Test (VCT2): A Benchmark for Evaluating AI-Generated Image Detection and the Visual AI Index (VAI),false
web/data/public_preview_map_data.json,curated-map:49abf557defbdeb8e0cb,curated:613af6288792f6ece505,2025,The Visual Counter Turing Test (VCT2): A Benchmark for Evaluating AI-Generated Image Detection and the Visual AI Index (VAI),The Visual Counter Turing Test (VCT2): A Benchmark for Evaluating AI-Generated Image Detection and the Visual AI Index (VAI),false
web/data/public_preview_map_data.json,curated-map:33dc8742b3e217fd1660,curated:44a70bf5f21b5457102b,2025,RealHD: A High-Quality Dataset for Robust Detection of State-of-the-Art AI-Generated Images,RealHD: A High-Quality Dataset for Robust Detection of State-of-the-Art AI-Generated Images,false
web/data/public_preview_map_data.json,curated-map:ebe3a551eba0e7d87ee1,curated:44a70bf5f21b5457102b,2025,RealHD: A High-Quality Dataset for Robust Detection of State-of-the-Art AI-Generated Images,RealHD: A High-Quality Dataset for Robust Detection of State-of-the-Art AI-Generated Images,false
web/data/public_preview_map_data.json,curated-map:36a912bc3ea347d315cf,curated:44a70bf5f21b5457102b,2025,RealHD: A High-Quality Dataset for Robust Detection of State-of-the-Art AI-Generated Images,RealHD: A High-Quality Dataset for Robust Detection of State-of-the-Art AI-Generated Images,false
web/data/public_preview_map_data.json,curated-map:51060dcab6a1a4e4eb17,curated:bb388762c1cb4bd3bf4a,2026,Quality-Aware Calibration for AI-Generated Image Detection in the Wild,Quality-Aware Calibration for AI-Generated Image Detection in the Wild,false
web/data/public_preview_map_data.json,curated-map:ae2c418470fe41273b5b,curated:828a87e68db4c3541e80,2025,MLEP: Multi-granularity Local Entropy Patterns for Generalized AI-generated Image Detection,MLEP: Multi-Granularity Local Entropy Patterns for Generalized AI-Generated Image Detection,true
web/data/public_preview_map_data.json,curated-map:ecf6100e9e5b0ace07be,curated:4c10e64c5b8f09c7333e,2025,Manifold Induced Biases for Zero-shot and Few-shot Detection of Generated Images,Manifold Induced Biases for Zero-Shot and Few-Shot Detection of Generated Images,true
web/data/public_preview_map_data.json,curated-map:95de2953845529b98110,curated:4c10e64c5b8f09c7333e,2025,Manifold Induced Biases for Zero-shot and Few-shot Detection of Generated Images,Manifold Induced Biases for Zero-Shot and Few-Shot Detection of Generated Images,true
web/data/public_preview_map_data.json,curated-map:a72c4c7c715716167881,curated:4c10e64c5b8f09c7333e,2025,Manifold Induced Biases for Zero-shot and Few-shot Detection of Generated Images,Manifold Induced Biases for Zero-Shot and Few-Shot Detection of Generated Images,true
web/data/public_preview_map_data.json,curated-map:f2b93b84e651b5bf0e9a,curated:cf55e35fcf11e09fdd12,2026,Locate-Then-Examine: Grounded Region Reasoning Improves Detection of AI-Generated Images,Locate-Then-Examine: Grounded Region Reasoning Improves Detection of AI-Generated Images,false
web/data/public_preview_map_data.json,curated-map:dfc3759348396ae52e3d,curated:cf55e35fcf11e09fdd12,2026,Locate-Then-Examine: Grounded Region Reasoning Improves Detection of AI-Generated Images,Locate-Then-Examine: Grounded Region Reasoning Improves Detection of AI-Generated Images,false
web/data/public_preview_map_data.json,curated-map:868b23b2eb7c8b0a93c6,curated:f6ad15b01df18aadfe1a,2026,PRADA: Probability-Ratio-Based Attribution and Detection of Autoregressive-Generated Images,PRADA: Probability-Ratio-Based Attribution and Detection of Autoregressive-Generated Images,false
web/data/public_preview_map_data.json,curated-map:8e1f33d73348f4dedf6d,curated:d6fe2666a64b0c70ff6b,2026,GenShield: Unified Detection and Artifact Correction for AI-Generated Images,GenShield: Unified Detection and Artifact Correction for AI-Generated Images,false
web/data/public_preview_map_data.json,curated-map:29ccabaf36001f42e68a,curated:d6fe2666a64b0c70ff6b,2026,GenShield: Unified Detection and Artifact Correction for AI-Generated Images,GenShield: Unified Detection and Artifact Correction for AI-Generated Images,false
web/data/public_preview_map_data.json,curated-map:06ae9530f064ad04c3aa,curated:078ade9edabe304013a7,2026,ForensicConcept: Transferable Forensic Concepts for AIGI Detection,ForensicConcept: Transferable Forensic Concepts for AIGI Detection,false
web/data/public_preview_map_data.json,curated-map:56edf894dbe1206f8e14,curated:078ade9edabe304013a7,2026,ForensicConcept: Transferable Forensic Concepts for AIGI Detection,ForensicConcept: Transferable Forensic Concepts for AIGI Detection,false
web/data/public_preview_map_data.json,curated-map:5deaa7906fbfe711d4d9,curated:f380c0d31081fc59f1eb,2026,FiSeR: Fine-Grained Source Representations for Cross-Domain AI Image Detection,FiSeR: Fine-Grained Source Representations for Cross-Domain AI Image Detection,false
web/data/public_preview_map_data.json,curated-map:a19fd39e3dd2807fac29,curated:f380c0d31081fc59f1eb,2026,FiSeR: Fine-Grained Source Representations for Cross-Domain AI Image Detection,FiSeR: Fine-Grained Source Representations for Cross-Domain AI Image Detection,false
web/data/public_preview_map_data.json,curated-map:13796f791714f565057e,curated:f380c0d31081fc59f1eb,2026,FiSeR: Fine-Grained Source Representations for Cross-Domain AI Image Detection,FiSeR: Fine-Grained Source Representations for Cross-Domain AI Image Detection,false
web/data/public_preview_map_data.json,curated-map:7179a41d79bd1d5153c0,curated:9b7e6c57a9f75e06fddf,2026,CLIP-SegFusion: An Attention-Guided Feature Fusion Framework for Multi-Level Detection on AI-Generated Artworks,CLIP-SegFusion: An Attention-Guided Feature Fusion Framework for Multi-Level Detection on AI-Generated Artworks,false
web/data/public_preview_map_data.json,curated-map:05b312275af4afdf8f1e,curated:9b7e6c57a9f75e06fddf,2026,CLIP-SegFusion: An Attention-Guided Feature Fusion Framework for Multi-Level Detection on AI-Generated Artworks,CLIP-SegFusion: An Attention-Guided Feature Fusion Framework for Multi-Level Detection on AI-Generated Artworks,false
web/data/public_preview_map_data.json,curated-map:59a942df16eb5c26b2ca,curated:4a7bded8c311ed9c0540,2025,Forensic-MoE: Exploring Comprehensive Synthetic Image Detection Traces With Mixture of Experts,Forensic-MoE: Exploring Comprehensive Synthetic Image Detection Traces with Mixture of Experts,true
web/data/public_preview_map_data.json,curated-map:3df3cd63a2e202407522,curated:31c548f5aa68f9075659,2026,CausalCLIP: Causally-Informed Feature Disentanglement and Filtering for Generalizable Detection of Generated Images,CausalCLIP: Causally-Informed Feature Disentanglement and Filtering for Generalizable Detection of Generated Images,false
web/data/public_preview_map_data.json,curated-map:e5ab82c5f3277cea8444,curated:cdbafbabadfbb462102a,2026,Aggregating Diverse Cue Experts for AI-Generated Image Detection,Aggregating Diverse Cue Experts for AI-Generated Image Detection,false
web/data/public_preview_map_data.json,curated-map:1995be53f70c0ce22864,curated:49cc18f090b2488dda2d,2026,Beyond Binary Classification: A Semi-supervised Approach to Generalized AI-generated Image Detection,Beyond Binary Classification: A Semi-Supervised Approach to Generalized AI-Generated Image Detection,true
web/data/public_preview_map_data.json,curated-map:dccfd0c9904264aa2c6c,curated:49cc18f090b2488dda2d,2026,Beyond Binary Classification: A Semi-supervised Approach to Generalized AI-generated Image Detection,Beyond Binary Classification: A Semi-Supervised Approach to Generalized AI-Generated Image Detection,true
web/data/public_preview_map_data.json,curated-map:eb2bfaed602ee9fe714a,curated:49cc18f090b2488dda2d,2026,Beyond Binary Classification: A Semi-supervised Approach to Generalized AI-generated Image Detection,Beyond Binary Classification: A Semi-Supervised Approach to Generalized AI-Generated Image Detection,true
web/data/public_preview_map_data.json,curated-map:48b07a736df4c9e50acc,curated:37949b937d2159b47e73,2025,Spatial-Temporal Forgery Trace Based Forgery Image Identification,Spatial-Temporal Forgery Trace Based Forgery Image Identification,false
web/data/public_preview_map_data.json,curated-map:3c63584bffd3ae00d16d,curated:37949b937d2159b47e73,2025,Spatial-Temporal Forgery Trace Based Forgery Image Identification,Spatial-Temporal Forgery Trace Based Forgery Image Identification,false
web/data/public_preview_map_data.json,curated-map:1638937516f62327ff9d,curated:45cb3642fd138c136139,2026,Decision-Driven Orthogonal Learning with Complementary Feature Mining for Robust Synthetic Image Detection,Decision-Driven Orthogonal Learning with Complementary Feature Mining for Robust Synthetic Image Detection,false
web/data/public_preview_map_data.json,curated-map:fdba22716ea74d619844,curated:6976641cbfe602a7e617,2026,Forensic Detection of Generated MRI Imagery Using Autoregressive Modeling and Frequency Analysis,Forensic Detection of Generated MRI Imagery Using Autoregressive Modeling and Frequency Analysis,false
web/data/public_preview_map_data.json,curated-map:3ee7aaa87f1aa61b9cf4,curated:c84b04cb8e921be753db,2026,Representation and Reference Selection in Training-Free Synthetic Image Attribution,Representation and Reference Selection in Training-Free Synthetic Image Attribution,false
web/data/public_preview_map_data.json,curated-map:14fde14555ab903cb5b2,curated:c84b04cb8e921be753db,2026,Representation and Reference Selection in Training-Free Synthetic Image Attribution,Representation and Reference Selection in Training-Free Synthetic Image Attribution,false
web/data/public_preview_map_data.json,curated-map:13b16bb12759eb0cf6e9,curated:297bed46b62fdf89c9ab,2023,Progressive Open Space Expansion for Open-Set Model Attribution,Progressive Open Space Expansion for Open-Set Model Attribution,false
web/data/public_preview_map_data.json,curated-map:02edc5ac09191537cbc0,curated:297bed46b62fdf89c9ab,2023,Progressive Open Space Expansion for Open-Set Model Attribution,Progressive Open Space Expansion for Open-Set Model Attribution,false
web/data/public_preview_map_data.json,curated-map:e24b2adbc6ddc898f211,curated:297bed46b62fdf89c9ab,2023,Progressive Open Space Expansion for Open-Set Model Attribution,Progressive Open Space Expansion for Open-Set Model Attribution,false
web/data/public_preview_map_data.json,curated-map:3da5beaa0b9878cbe888,,2018,Cascade learning from adversarial synthetic images for accurate pupil detection,Cascade Learning from Adversarial Synthetic Images for Accurate Pupil Detection,true
web/data/public_preview_map_data.json,curated-map:3dbe39038882cc150506,,2018,Cascade learning from adversarial synthetic images for accurate pupil detection,Cascade Learning from Adversarial Synthetic Images for Accurate Pupil Detection,true
web/data/public_preview_map_data.json,curated-map:c139e2514af719484d0f,,2018,Cascade learning from adversarial synthetic images for accurate pupil detection,Cascade Learning from Adversarial Synthetic Images for Accurate Pupil Detection,true
web/data/public_preview_map_data.json,curated-map:197ae280b6a89ac89527,,2024,Artifact feature purification for cross-domain detection of AI-generated images,Artifact Feature Purification for Cross-Domain Detection of AI-Generated Images,true
web/data/public_preview_map_data.json,curated-map:7cbd1ffa0266117b87c3,,2024,Artifact feature purification for cross-domain detection of AI-generated images,Artifact Feature Purification for Cross-Domain Detection of AI-Generated Images,true
web/data/public_preview_map_data.json,curated-map:608121eda3ea8b5dbdbb,,2024,Artifact feature purification for cross-domain detection of AI-generated images,Artifact Feature Purification for Cross-Domain Detection of AI-Generated Images,true
web/data/public_preview_map_data.json,curated-map:7c7ed809e14ae5d2ae56,,2025,Noise-Informed Diffusion-Generated Image Detection With Anomaly Attention,Noise-Informed Diffusion-Generated Image Detection with Anomaly Attention,true
web/data/public_preview_map_data.json,curated-map:9bb3b19dac48bb8b0f01,,2025,Noise-Informed Diffusion-Generated Image Detection With Anomaly Attention,Noise-Informed Diffusion-Generated Image Detection with Anomaly Attention,true
web/data/public_preview_map_data.json,curated-map:2ec91fe8d0309ce159e0,,2025,Noise-Informed Diffusion-Generated Image Detection With Anomaly Attention,Noise-Informed Diffusion-Generated Image Detection with Anomaly Attention,true
web/data/public_preview_map_data.json,curated-map:96147321a5cb3c17d46e,,2025,Noise-Informed Diffusion-Generated Image Detection With Anomaly Attention,Noise-Informed Diffusion-Generated Image Detection with Anomaly Attention,true
web/data/public_preview_map_data.json,curated-map:3bc5cedc88fe11c713c1,curated:7693a9c0107feaf90e10,2025,Are High-Quality AI-Generated Images More Difficult for Models to Detect?,Are High-Quality AI-Generated Images More Difficult for Models to Detect?,false
web/data/public_preview_map_data.json,curated-map:1c1cdbbff1f7f304f500,curated:7693a9c0107feaf90e10,2025,Are High-Quality AI-Generated Images More Difficult for Models to Detect?,Are High-Quality AI-Generated Images More Difficult for Models to Detect?,false
web/data/public_preview_map_data.json,curated-map:230f513777fc7d99a6a3,curated:7693a9c0107feaf90e10,2025,Are High-Quality AI-Generated Images More Difficult for Models to Detect?,Are High-Quality AI-Generated Images More Difficult for Models to Detect?,false
web/data/public_preview_map_data.json,curated-map:01aa072186a0b2bd9de3,curated:7693a9c0107feaf90e10,2025,Are High-Quality AI-Generated Images More Difficult for Models to Detect?,Are High-Quality AI-Generated Images More Difficult for Models to Detect?,false
web/data/public_preview_map_data.json,curated-map:0c7353d183b13967a552,curated:3c8696103d9d5e608281,2024,DRCT: Diffusion Reconstruction Contrastive Training towards Universal Detection of Diffusion Generated Images,DRCT: Diffusion Reconstruction Contrastive Training Towards Universal Detection of Diffusion Generated Images,true
web/data/public_preview_map_data.json,curated-map:c6e58bd23ce98176e5d7,curated:3c8696103d9d5e608281,2024,DRCT: Diffusion Reconstruction Contrastive Training towards Universal Detection of Diffusion Generated Images,DRCT: Diffusion Reconstruction Contrastive Training Towards Universal Detection of Diffusion Generated Images,true
web/data/public_preview_map_data.json,curated-map:b0e7196f91fd7b600b4e,curated:386ccd052b812587c286,2026,"All Patches Matter, More Patches Better: Enhance AI-Generated Image Detection via Panoptic Patch Learning","All Patches Matter, More Patches Better: Enhance AI-Generated Image Detection via Panoptic Patch Learning",false
web/data/public_preview_map_data.json,curated-map:ce2f799d68dd23e30e35,curated:386ccd052b812587c286,2026,"All Patches Matter, More Patches Better: Enhance AI-Generated Image Detection via Panoptic Patch Learning","All Patches Matter, More Patches Better: Enhance AI-Generated Image Detection via Panoptic Patch Learning",false
web/data/public_preview_map_data.json,curated-map:bafc865e2ff53befe5da,curated:386ccd052b812587c286,2026,"All Patches Matter, More Patches Better: Enhance AI-Generated Image Detection via Panoptic Patch Learning","All Patches Matter, More Patches Better: Enhance AI-Generated Image Detection via Panoptic Patch Learning",false
web/data/public_preview_map_data.json,curated-map:b40919f36d4744a232b4,curated:386ccd052b812587c286,2026,"All Patches Matter, More Patches Better: Enhance AI-Generated Image Detection via Panoptic Patch Learning","All Patches Matter, More Patches Better: Enhance AI-Generated Image Detection via Panoptic Patch Learning",false
web/data/public_preview_map_data.json,curated-map:dd450714c416a11ae7b0,curated:411724cd949b78c1af6a,2026,FakeXplain: AI-Generated Image Detection via Human-Aligned Grounded Reasoning,FakeXplain: AI-Generated Image Detection via Human-Aligned Grounded Reasoning,false
web/data/public_preview_map_data.json,curated-map:33e82391d6e0f3fd5c73,curated:411724cd949b78c1af6a,2026,FakeXplain: AI-Generated Image Detection via Human-Aligned Grounded Reasoning,FakeXplain: AI-Generated Image Detection via Human-Aligned Grounded Reasoning,false
web/data/public_preview_map_data.json,curated-map:64d9fa027e2c993e6e69,curated:7287cadbc4b8408fd16b,2026,Breaking Manifold Continuity: Vector Quantized Modeling for Real-Centric Deepfake Detection,Breaking Manifold Continuity: Vector Quantized Modeling for Real-Centric Deepfake Detection,false
web/data/public_preview_map_data.json,curated-map:e75192dc3a9e32d29540,curated:7287cadbc4b8408fd16b,2026,Breaking Manifold Continuity: Vector Quantized Modeling for Real-Centric Deepfake Detection,Breaking Manifold Continuity: Vector Quantized Modeling for Real-Centric Deepfake Detection,false
web/data/public_preview_map_data.json,curated-map:425575ad3a5263a29893,curated:b2b738978609f5704f00,2026,HSIC Bottleneck for Cross-Generator and Domain-Incremental Synthetic Image Detection,HSIC Bottleneck for Cross-Generator and Domain-Incremental Synthetic Image Detection,false
web/data/public_preview_map_data.json,curated-map:007ea3d1fe3d00b2c7f9,curated:b2b738978609f5704f00,2026,HSIC Bottleneck for Cross-Generator and Domain-Incremental Synthetic Image Detection,HSIC Bottleneck for Cross-Generator and Domain-Incremental Synthetic Image Detection,false
web/data/public_preview_map_data.json,curated-map:cb4dac4457049b6800cd,curated:b2b738978609f5704f00,2026,HSIC Bottleneck for Cross-Generator and Domain-Incremental Synthetic Image Detection,HSIC Bottleneck for Cross-Generator and Domain-Incremental Synthetic Image Detection,false
web/data/public_preview_map_data.json,curated-map:bceeae8dd1a5e8ae72ec,curated:7b767faa09af80414296,2026,Leveraging Failed Samples: A Few-Shot and Training-Free Framework for Generalized Deepfake Detection,Leveraging Failed Samples: A Few-Shot and Training-Free Framework for Generalized Deepfake Detection,false
web/data/public_preview_map_data.json,curated-map:207a3274fc7689a9e4a7,curated:7b767faa09af80414296,2026,Leveraging Failed Samples: A Few-Shot and Training-Free Framework for Generalized Deepfake Detection,Leveraging Failed Samples: A Few-Shot and Training-Free Framework for Generalized Deepfake Detection,false
web/data/public_preview_map_data.json,curated-map:81d77bf385b2377e0909,curated:7b767faa09af80414296,2026,Leveraging Failed Samples: A Few-Shot and Training-Free Framework for Generalized Deepfake Detection,Leveraging Failed Samples: A Few-Shot and Training-Free Framework for Generalized Deepfake Detection,false
web/data/public_preview_map_data.json,curated-map:470ea563ce44ca5e85ab,curated:084e01a1a2191cb4c86a,2025,LOKI: A Comprehensive Synthetic Data Detection Benchmark using Large Multimodal Models,LOKI: A Comprehensive Synthetic Data Detection Benchmark Using Large Multimodal Models,true
web/data/public_preview_map_data.json,curated-map:074f00a5abdbb28b0fe7,curated:084e01a1a2191cb4c86a,2025,LOKI: A Comprehensive Synthetic Data Detection Benchmark using Large Multimodal Models,LOKI: A Comprehensive Synthetic Data Detection Benchmark Using Large Multimodal Models,true
web/data/public_preview_map_data.json,curated-map:cde66dfb3453d96bd36c,curated:084e01a1a2191cb4c86a,2025,LOKI: A Comprehensive Synthetic Data Detection Benchmark using Large Multimodal Models,LOKI: A Comprehensive Synthetic Data Detection Benchmark Using Large Multimodal Models,true
web/data/public_preview_map_data.json,curated-map:13d10ab6643024e21606,curated:084e01a1a2191cb4c86a,2025,LOKI: A Comprehensive Synthetic Data Detection Benchmark using Large Multimodal Models,LOKI: A Comprehensive Synthetic Data Detection Benchmark Using Large Multimodal Models,true
web/data/public_preview_map_data.json,curated-map:79b777dd5872d2396df3,curated:084e01a1a2191cb4c86a,2025,LOKI: A Comprehensive Synthetic Data Detection Benchmark using Large Multimodal Models,LOKI: A Comprehensive Synthetic Data Detection Benchmark Using Large Multimodal Models,true
web/data/public_preview_map_data.json,curated-map:f4cdba169a8e5860cf4a,curated:64635535d7b7b6a12a32,2026,Unveiling Perceptual Artifacts: A Fine-Grained Benchmark for Interpretable AI-Generated Image Detection,Unveiling Perceptual Artifacts: A Fine-Grained Benchmark for Interpretable AI-Generated Image Detection,false
web/data/public_preview_map_data.json,curated-map:d0755a3b18bdd8699939,curated:64635535d7b7b6a12a32,2026,Unveiling Perceptual Artifacts: A Fine-Grained Benchmark for Interpretable AI-Generated Image Detection,Unveiling Perceptual Artifacts: A Fine-Grained Benchmark for Interpretable AI-Generated Image Detection,false
web/data/public_preview_map_data.json,curated-map:11eef25315e43b617a42,curated:64635535d7b7b6a12a32,2026,Unveiling Perceptual Artifacts: A Fine-Grained Benchmark for Interpretable AI-Generated Image Detection,Unveiling Perceptual Artifacts: A Fine-Grained Benchmark for Interpretable AI-Generated Image Detection,false
web/data/public_preview_map_data.json,curated-map:c86d3e0b9d220b006721,curated:64635535d7b7b6a12a32,2026,Unveiling Perceptual Artifacts: A Fine-Grained Benchmark for Interpretable AI-Generated Image Detection,Unveiling Perceptual Artifacts: A Fine-Grained Benchmark for Interpretable AI-Generated Image Detection,false
web/data/public_preview_map_data.json,curated-map:28418df44b7755f53b11,curated:64635535d7b7b6a12a32,2026,Unveiling Perceptual Artifacts: A Fine-Grained Benchmark for Interpretable AI-Generated Image Detection,Unveiling Perceptual Artifacts: A Fine-Grained Benchmark for Interpretable AI-Generated Image Detection,false
web/data/public_preview_map_data.json,curated-map:a126b72004e95b7a6e30,curated:beb92721c8ba0d0c4231,2026,Scaling Up AI-Generated Image Detection with Generator-Aware Prototypes,Scaling Up AI-Generated Image Detection with Generator-Aware Prototypes,false
web/data/public_preview_map_data.json,curated-map:8cdc27cf9915e1bbfec0,curated:beb92721c8ba0d0c4231,2026,Scaling Up AI-Generated Image Detection with Generator-Aware Prototypes,Scaling Up AI-Generated Image Detection with Generator-Aware Prototypes,false
web/data/public_preview_map_data.json,curated-map:3fc772df5d9ef9abf907,curated:beb92721c8ba0d0c4231,2026,Scaling Up AI-Generated Image Detection with Generator-Aware Prototypes,Scaling Up AI-Generated Image Detection with Generator-Aware Prototypes,false
web/data/public_preview_map_data.json,curated-map:ed73fd701aa0461d1189,curated:6c2f591bf6fda3abecbb,2026,Reasoning-Aware AIGC Detection via Alignment and Reinforcement,Reasoning-Aware AIGC Detection via Alignment and Reinforcement,false
web/data/public_preview_map_data.json,curated-map:c4bb05a66e4a9f25121b,curated:6c2f591bf6fda3abecbb,2026,Reasoning-Aware AIGC Detection via Alignment and Reinforcement,Reasoning-Aware AIGC Detection via Alignment and Reinforcement,false
web/data/public_preview_map_data.json,curated-map:b31f15133930859ac92c,curated:6c2f591bf6fda3abecbb,2026,Reasoning-Aware AIGC Detection via Alignment and Reinforcement,Reasoning-Aware AIGC Detection via Alignment and Reinforcement,false
web/data/public_preview_map_data.json,curated-map:d092a32853ca22612106,curated:b45849aa3f89cc8b64ef,2026,Position: We need to re-think the concept of “real” images.,Position: We Need to Re-Think the Concept of “Real” Images.,true
web/data/public_preview_map_data.json,curated-map:4c14954901289091786b,curated:b45849aa3f89cc8b64ef,2026,Position: We need to re-think the concept of “real” images.,Position: We Need to Re-Think the Concept of “Real” Images.,true
web/data/public_preview_map_data.json,curated-map:557f754bba184f1c97c2,curated:b45849aa3f89cc8b64ef,2026,Position: We need to re-think the concept of “real” images.,Position: We Need to Re-Think the Concept of “Real” Images.,true
web/data/public_preview_map_data.json,curated-map:159eb37f8c78012d0a90,curated:95953a73a0e2e1f14ccb,2025,PiD: Generalized AI-Generated Images Detection with Pixelwise Decomposition Residuals,PiD: Generalized AI-Generated Images Detection with Pixelwise Decomposition Residuals,false
web/data/public_preview_map_data.json,curated-map:36d302520cb45e47010b,curated:95953a73a0e2e1f14ccb,2025,PiD: Generalized AI-Generated Images Detection with Pixelwise Decomposition Residuals,PiD: Generalized AI-Generated Images Detection with Pixelwise Decomposition Residuals,false
web/data/public_preview_map_data.json,curated-map:97e067c92c9cb0934b75,curated:506d44d3feea2627dd42,2026,No Pixel Left Behind: A Detail-Preserving Architecture for Robust High-Resolution AI-Generated Image Detection,No Pixel Left Behind: A Detail-Preserving Architecture for Robust High-Resolution AI-Generated Image Detection,false
web/data/public_preview_map_data.json,curated-map:c14e369f212ef70b864f,curated:3c22ad3ac0639bf3d2b5,2026,Multiscale Spatial Frequency-Aware Transformer and Saturation Analysis for Universal Deepfake Detection,Multiscale Spatial Frequency-Aware Transformer and Saturation Analysis for Universal Deepfake Detection,false
web/data/public_preview_map_data.json,curated-map:753455de0925b79a3d41,curated:3c22ad3ac0639bf3d2b5,2026,Multiscale Spatial Frequency-Aware Transformer and Saturation Analysis for Universal Deepfake Detection,Multiscale Spatial Frequency-Aware Transformer and Saturation Analysis for Universal Deepfake Detection,false
web/data/public_preview_map_data.json,curated-map:ab70bdbbb39adeabfccf,curated:3c22ad3ac0639bf3d2b5,2026,Multiscale Spatial Frequency-Aware Transformer and Saturation Analysis for Universal Deepfake Detection,Multiscale Spatial Frequency-Aware Transformer and Saturation Analysis for Universal Deepfake Detection,false
web/data/public_preview_map_data.json,curated-map:3137eef080ab1e944ff5,curated:3c22ad3ac0639bf3d2b5,2026,Multiscale Spatial Frequency-Aware Transformer and Saturation Analysis for Universal Deepfake Detection,Multiscale Spatial Frequency-Aware Transformer and Saturation Analysis for Universal Deepfake Detection,false
web/data/public_preview_map_data.json,curated-map:84db02ed363288b0ce42,curated:3c22ad3ac0639bf3d2b5,2026,Multiscale Spatial Frequency-Aware Transformer and Saturation Analysis for Universal Deepfake Detection,Multiscale Spatial Frequency-Aware Transformer and Saturation Analysis for Universal Deepfake Detection,false
web/data/public_preview_map_data.json,curated-map:619e6430d43e0d7f0def,,2024,Advanced Detection of AI-Generated Images Through Vision Transformers,Advanced Detection of AI-Generated Images Through Vision Transformers,false
web/data/public_preview_map_data.json,curated-map:f2b6559883e58eb7cf82,curated:a76d568cfe5c26b07933,2025,Spatial-Temporal Reconstruction Error for AIGC-based Forgery Image Detection,Spatial-Temporal Reconstruction Error for AIGC-Based Forgery Image Detection,true
web/data/public_preview_map_data.json,curated-map:6567b7127990a7f504e5,curated:a76d568cfe5c26b07933,2025,Spatial-Temporal Reconstruction Error for AIGC-based Forgery Image Detection,Spatial-Temporal Reconstruction Error for AIGC-Based Forgery Image Detection,true
web/data/public_preview_map_data.json,curated-map:58871cc8d3dc762d1cc8,curated:a76d568cfe5c26b07933,2025,Spatial-Temporal Reconstruction Error for AIGC-based Forgery Image Detection,Spatial-Temporal Reconstruction Error for AIGC-Based Forgery Image Detection,true
web/data/public_preview_map_data.json,curated-map:f876dafa7865b9c43650,curated:a76d568cfe5c26b07933,2025,Spatial-Temporal Reconstruction Error for AIGC-based Forgery Image Detection,Spatial-Temporal Reconstruction Error for AIGC-Based Forgery Image Detection,true
web/data/public_preview_map_data.json,curated-map:dae136d2648d08211196,,2024,GAN Generated Fake Human Face Image Detection,GAN Generated Fake Human Face Image Detection,false
web/data/public_preview_map_data.json,curated-map:902bcd27dab3491397d1,,2023,DIRE for Diffusion-Generated Image Detection,DIRE for Diffusion-Generated Image Detection,false
web/data/public_preview_map_data.json,curated-map:9f616cceddc5bd32738a,,2023,DIRE for Diffusion-Generated Image Detection,DIRE for Diffusion-Generated Image Detection,false
web/data/public_preview_map_data.json,curated-map:6848a3eced13eb37bc74,,2023,DIRE for Diffusion-Generated Image Detection,DIRE for Diffusion-Generated Image Detection,false
web/data/public_preview_map_data.json,curated-map:294a003550c1cab4a469,,2023,DIRE for Diffusion-Generated Image Detection,DIRE for Diffusion-Generated Image Detection,false
web/data/public_preview_map_data.json,curated-map:b2036c17a6f00c089727,curated:dcf7aae2c8590b07aff3,2020,Leveraging Frequency Analysis for Deep Fake Image Recognition,Leveraging Frequency Analysis for Deep Fake Image Recognition,false
web/data/public_preview_map_data.json,curated-map:3762372466d2dcdeef6f,,2024,Raising the Bar of AI-generated Image Detection with CLIP,Raising the Bar of AI-Generated Image Detection with CLIP,true
web/data/public_preview_map_data.json,curated-map:004e4d4f117479548dfb,,2024,A Single Simple Patch is All You Need for AI-generated Image Detection,A Single Simple Patch Is All You Need for AI-Generated Image Detection,true
web/data/public_preview_map_data.json,curated-map:bd518d60f33024cc855c,,2024,A Single Simple Patch is All You Need for AI-generated Image Detection,A Single Simple Patch Is All You Need for AI-Generated Image Detection,true
web/data/public_preview_map_data.json,curated-map:b63e2fdabefa55dd0b4a,,2024,Detecting AI Generated Images Through Texture and Frequency Analysis of Patches,Detecting AI Generated Images Through Texture and Frequency Analysis of Patches,false
web/data/public_preview_map_data.json,curated-map:ac033a86c43605fc5ad5,,2024,Detecting AI Generated Images Through Texture and Frequency Analysis of Patches,Detecting AI Generated Images Through Texture and Frequency Analysis of Patches,false
web/data/public_preview_map_data.json,curated-map:86fb4a9fe750af1c6643,curated:14272073fa5bc0e301b5,2025,LEGION: Learning to Ground and Explain for Synthetic Image Detection,LEGION: Learning to Ground and Explain for Synthetic Image Detection,false
web/data/public_preview_map_data.json,curated-map:d55630d3cc47161d2c34,curated:14272073fa5bc0e301b5,2025,LEGION: Learning to Ground and Explain for Synthetic Image Detection,LEGION: Learning to Ground and Explain for Synthetic Image Detection,false
web/data/public_preview_map_data.json,curated-map:912cf0a23575d2108ca1,curated:14272073fa5bc0e301b5,2025,LEGION: Learning to Ground and Explain for Synthetic Image Detection,LEGION: Learning to Ground and Explain for Synthetic Image Detection,false
web/data/public_preview_map_data.json,curated-map:a26b7ae4792820810053,curated:14272073fa5bc0e301b5,2025,LEGION: Learning to Ground and Explain for Synthetic Image Detection,LEGION: Learning to Ground and Explain for Synthetic Image Detection,false
web/data/public_preview_map_data.json,curated-map:822f133645493389405c,curated:14272073fa5bc0e301b5,2025,LEGION: Learning to Ground and Explain for Synthetic Image Detection,LEGION: Learning to Ground and Explain for Synthetic Image Detection,false
web/data/public_preview_map_data.json,curated-map:8a0b93aa3af7b12ed95b,curated:41a934ce12ecfd2f17e9,2026,EXACT: An Explainable Adaptive SemantiC-Trace framework for AI-generated image forensics,EXACT: An Explainable Adaptive SemantiC-Trace Framework for AI-Generated Image Forensics,true
web/data/public_preview_map_data.json,curated-map:d74c441d72279208e3a6,curated:9d722dfb4a3418d86063,2026,Beyond Resizing: A Distribution-Aligned Framework for Robust AI-Generated Image Detection,Beyond Resizing: A Distribution-Aligned Framework for Robust AI-Generated Image Detection,false
web/data/public_preview_map_data.json,curated-map:0994dabbce212fed30f4,curated:9d722dfb4a3418d86063,2026,Beyond Resizing: A Distribution-Aligned Framework for Robust AI-Generated Image Detection,Beyond Resizing: A Distribution-Aligned Framework for Robust AI-Generated Image Detection,false
web/data/public_preview_map_data.json,curated-map:4b69581553e938137c25,curated:9d722dfb4a3418d86063,2026,Beyond Resizing: A Distribution-Aligned Framework for Robust AI-Generated Image Detection,Beyond Resizing: A Distribution-Aligned Framework for Robust AI-Generated Image Detection,false
web/data/public_preview_map_data.json,curated-map:23bb34f2044eb9436794,curated:9fdc78cdcf22cdbf4776,2026,Radial Residual Frequency: A Semantically Aligned Benchmark and Spectral Detector for AI-Generated Images,Radial Residual Frequency: A Semantically Aligned Benchmark and Spectral Detector for AI-Generated Images,false
web/data/public_preview_map_data.json,curated-map:792a6c65fb804217e72e,curated:9fdc78cdcf22cdbf4776,2026,Radial Residual Frequency: A Semantically Aligned Benchmark and Spectral Detector for AI-Generated Images,Radial Residual Frequency: A Semantically Aligned Benchmark and Spectral Detector for AI-Generated Images,false
web/data/public_preview_map_data.json,curated-map:3b5ad707a0809f762a4f,curated:2b5013b99aa5e4de2621,2026,All patches are not equal: Focusing on a single exposed patch for AI-generated image detection,All Patches Are Not Equal: Focusing on a Single Exposed Patch for AI-Generated Image Detection,true
web/data/public_preview_map_data.json,curated-map:b41f74bb83aece8206e6,curated:2b5013b99aa5e4de2621,2026,All patches are not equal: Focusing on a single exposed patch for AI-generated image detection,All Patches Are Not Equal: Focusing on a Single Exposed Patch for AI-Generated Image Detection,true
web/data/public_preview_map_data.json,curated-map:b54a2ff7ab5277868956,,2025,MSAFNet: multi-scale self-adaptive feature fusion network for AI-generated image detection,MSAFNet: Multi-Scale Self-Adaptive Feature Fusion Network for AI-Generated Image Detection,true
web/data/public_preview_map_data.json,curated-map:9bcd0f3f8dfaf3f34073,,2025,MSAFNet: multi-scale self-adaptive feature fusion network for AI-generated image detection,MSAFNet: Multi-Scale Self-Adaptive Feature Fusion Network for AI-Generated Image Detection,true
web/data/public_preview_map_data.json,curated-map:bc0c8b76a568fffed3da,curated:a3fb37f39cb20a95e3bf,2026,Can model attribution bridge AI's accountability gap in safety-critical domains?,Can Model Attribution Bridge AI's Accountability Gap in Safety-Critical Domains?,true
web/data/public_preview_map_data.json,curated-map:5b87d02042cdfcdfc6f0,curated:aeb3a6e4747e1a1b3181,2026,Dual-stream framework for real/fake classification and source attribution of AI-generated images using spatial and frequency features,Dual-Stream Framework for Real/Fake Classification and Source Attribution of AI-Generated Images Using Spatial and Frequency Features,true
web/data/public_preview_map_data.json,curated-map:5d2a91940ed322932407,curated:aeb3a6e4747e1a1b3181,2026,Dual-stream framework for real/fake classification and source attribution of AI-generated images using spatial and frequency features,Dual-Stream Framework for Real/Fake Classification and Source Attribution of AI-Generated Images Using Spatial and Frequency Features,true
web/data/public_preview_map_data.json,curated-map:5ba04ee2e06575d3df7a,curated:5888bece56862fbbfc43,2026,DADP: a discrepancy-aware dual-path network for AI-generated image detection,DADP: A Discrepancy-Aware Dual-Path Network for AI-Generated Image Detection,true
web/data/public_preview_map_data.json,curated-map:c87d02aeb31d179c2aca,curated:3ea88dc6c3224d22d416,2026,IoT-Oriented Security for Small Sensor Systems Using DnCNN Denoising and Multimodal Feature Fusion for Image Forgery Detection,IoT-Oriented Security for Small Sensor Systems Using DnCNN Denoising and Multimodal Feature Fusion for Image Forgery Detection,false
web/data/public_preview_map_data.json,curated-map:179bafa4f7b29c58c4fe,curated:3ea88dc6c3224d22d416,2026,IoT-Oriented Security for Small Sensor Systems Using DnCNN Denoising and Multimodal Feature Fusion for Image Forgery Detection,IoT-Oriented Security for Small Sensor Systems Using DnCNN Denoising and Multimodal Feature Fusion for Image Forgery Detection,false
web/data/public_preview_map_data.json,curated-map:aa0dbea1b2b68472cba5,curated:3ea88dc6c3224d22d416,2026,IoT-Oriented Security for Small Sensor Systems Using DnCNN Denoising and Multimodal Feature Fusion for Image Forgery Detection,IoT-Oriented Security for Small Sensor Systems Using DnCNN Denoising and Multimodal Feature Fusion for Image Forgery Detection,false
web/data/public_preview_map_data.json,curated-map:bd0a20db19e939a9d3ce,curated:d1195175f50833c90a64,2026,ADRD: Detecting diffusion-generated images via adversarial perturbation induced reconstruction discrepancy,ADRD: Detecting Diffusion-Generated Images via Adversarial Perturbation Induced Reconstruction Discrepancy,true
web/data/public_preview_map_data.json,curated-map:d986cc5fb7c1710c0486,curated:d1195175f50833c90a64,2026,ADRD: Detecting diffusion-generated images via adversarial perturbation induced reconstruction discrepancy,ADRD: Detecting Diffusion-Generated Images via Adversarial Perturbation Induced Reconstruction Discrepancy,true
web/data/public_preview_map_data.json,curated-map:c80eeaeb702fb7be19ca,curated:d1195175f50833c90a64,2026,ADRD: Detecting diffusion-generated images via adversarial perturbation induced reconstruction discrepancy,ADRD: Detecting Diffusion-Generated Images via Adversarial Perturbation Induced Reconstruction Discrepancy,true
web/data/public_preview_map_data.json,curated-map:d7d015bc5629cefd7bee,curated:543d02cab0479b0d19ad,2026,"Multi-Domain Feature Fusion: Leveraging Color, Noise, and Spatial Features for AI-generated Image Detection","Multi-Domain Feature Fusion: Leveraging Color, Noise, and Spatial Features for AI-Generated Image Detection",true
web/data/public_preview_map_data.json,curated-map:b24faf532e5af1045b74,curated:543d02cab0479b0d19ad,2026,"Multi-Domain Feature Fusion: Leveraging Color, Noise, and Spatial Features for AI-generated Image Detection","Multi-Domain Feature Fusion: Leveraging Color, Noise, and Spatial Features for AI-Generated Image Detection",true
web/data/public_preview_map_data.json,curated-map:72dea18ba8f9284057b2,curated:52edb9369ffaae37bd81,2026,Dual-Tree Complex Wavelet Driven Hierarchical Spatial-Frequency Fusion Learning for Robust Deepfake Detection,Dual-Tree Complex Wavelet Driven Hierarchical Spatial-Frequency Fusion Learning for Robust Deepfake Detection,false
web/data/public_preview_map_data.json,curated-map:3e161a792deeb277a1c3,curated:db62aa9b0b1aab0c9f7a,2026,Artifact-Aware Explainable Deepfake Detection via Fake-Only High-Frequency Alignment Supervision,Artifact-Aware Explainable Deepfake Detection via Fake-Only High-Frequency Alignment Supervision,false
web/data/public_preview_map_data.json,curated-map:92c02070bcfa3c989fb4,curated:3e707a16418405139945,2025,Towards Generalizable AI-Generated Image Detection via Image-Adaptive Prompt Learning,Towards Generalizable AI-Generated Image Detection via Image-Adaptive Prompt Learning,false
web/data/public_preview_map_data.json,curated-map:40c3f3c4b32e8d35e9fe,curated:3e707a16418405139945,2025,Towards Generalizable AI-Generated Image Detection via Image-Adaptive Prompt Learning,Towards Generalizable AI-Generated Image Detection via Image-Adaptive Prompt Learning,false
web/data/public_preview_map_data.json,curated-map:e7197525a18a0106572b,curated:3e707a16418405139945,2025,Towards Generalizable AI-Generated Image Detection via Image-Adaptive Prompt Learning,Towards Generalizable AI-Generated Image Detection via Image-Adaptive Prompt Learning,false
web/data/public_preview_map_data.json,curated-map:e1a86d4bdd222958c804,curated:3e707a16418405139945,2025,Towards Generalizable AI-Generated Image Detection via Image-Adaptive Prompt Learning,Towards Generalizable AI-Generated Image Detection via Image-Adaptive Prompt Learning,false
web/data/public_preview_map_data.json,curated-map:f11433cd2f1362f7e101,curated:3e707a16418405139945,2025,Towards Generalizable AI-Generated Image Detection via Image-Adaptive Prompt Learning,Towards Generalizable AI-Generated Image Detection via Image-Adaptive Prompt Learning,false
web/data/public_preview_map_data.json,curated-map:85b19a3094523b502411,curated:d973c571c1fafe6fb25f,2026,Deepfake-Agent: Aggregating Semantic Forgery Clues for Generalizable Detection,Deepfake-Agent: Aggregating Semantic Forgery Clues for Generalizable Detection,false
web/data/public_preview_map_data.json,curated-map:e16561b78301698b6aff,curated:d973c571c1fafe6fb25f,2026,Deepfake-Agent: Aggregating Semantic Forgery Clues for Generalizable Detection,Deepfake-Agent: Aggregating Semantic Forgery Clues for Generalizable Detection,false
web/data/public_preview_map_data.json,curated-map:4ce380e568970eea4e8f,curated:88b63de59a0eabcd1b02,2026,Incremental Learning for AI-Generated Image Detection,Incremental Learning for AI-Generated Image Detection,false
web/data/public_preview_map_data.json,curated-map:c7c6a292eeeed78a1f31,curated:88b63de59a0eabcd1b02,2026,Incremental Learning for AI-Generated Image Detection,Incremental Learning for AI-Generated Image Detection,false
web/data/public_preview_map_data.json,curated-map:86d0f0fd71c626948922,curated:7677a61ea68774dc5023,2026,Source Attribution of AI-Generated Image via Orthogonal Subspace Mixture-of-Experts,Source Attribution of AI-Generated Image via Orthogonal Subspace Mixture-of-Experts,false
web/data/public_preview_map_data.json,curated-map:47b4bbf75171f443201b,curated:0a803e244a205b05642b,2026,Leveraging DINOv3 with Adapters for Fine-Grained Generative Image Detection,Leveraging DINOv3 with Adapters for Fine-Grained Generative Image Detection,false
web/data/public_preview_map_data.json,curated-map:226d461a5e84430cd844,curated:98044fc98e006607991c,2026,Semantic Artifact Logit Fusion for Generalizable AI-Generated Image Detection,Semantic Artifact Logit Fusion for Generalizable AI-Generated Image Detection,false
web/data/public_preview_map_data.json,curated-map:9b43d3fb3525f059d231,curated:4ad04c01ae2850d5cc34,2026,MoFAIR: Self-improving Post-training for Robust and Explainable AIGC Forensics with Lightweight Reward Distillation,MoFAIR: Self-Improving Post-Training for Robust and Explainable AIGC Forensics with Lightweight Reward Distillation,true
web/data/public_preview_map_data.json,curated-map:e06067c499a3bad028cd,curated:4ad04c01ae2850d5cc34,2026,MoFAIR: Self-improving Post-training for Robust and Explainable AIGC Forensics with Lightweight Reward Distillation,MoFAIR: Self-Improving Post-Training for Robust and Explainable AIGC Forensics with Lightweight Reward Distillation,true
web/data/public_preview_map_data.json,curated-map:92126900d9e371dda577,curated:4ad04c01ae2850d5cc34,2026,MoFAIR: Self-improving Post-training for Robust and Explainable AIGC Forensics with Lightweight Reward Distillation,MoFAIR: Self-Improving Post-Training for Robust and Explainable AIGC Forensics with Lightweight Reward Distillation,true
web/data/public_preview_map_data.json,curated-map:97211b8b79c57e481be5,curated:dd5b85612778b9021f4e,2026,CCMA-CLIP: Concept-Guided Cross-Modal Adaptation for Robust AI-Generated Image Detection,CCMA-CLIP: Concept-Guided Cross-Modal Adaptation for Robust AI-Generated Image Detection,false
web/data/public_preview_map_data.json,curated-map:f627c483f1eab8ca24d8,curated:dd5b85612778b9021f4e,2026,CCMA-CLIP: Concept-Guided Cross-Modal Adaptation for Robust AI-Generated Image Detection,CCMA-CLIP: Concept-Guided Cross-Modal Adaptation for Robust AI-Generated Image Detection,false
web/data/public_preview_map_data.json,curated-map:6b9205c0d95b9309ac9f,curated:268336295435cfbbbd5d,2026,Learning a Semantic Similarity Orthogonal Space for Model‐Level <scp>AI</scp> ‐Generated Image Source Attribution,Learning a Semantic Similarity Orthogonal Space for Model‐Level <scp>AI</scp> ‐Generated Image Source Attribution,false
web/data/public_preview_map_data.json,curated-map:80e2429152027b05128f,curated:268336295435cfbbbd5d,2026,Learning a Semantic Similarity Orthogonal Space for Model‐Level <scp>AI</scp> ‐Generated Image Source Attribution,Learning a Semantic Similarity Orthogonal Space for Model‐Level <scp>AI</scp> ‐Generated Image Source Attribution,false
web/data/public_preview_map_data.json,curated-map:1056931e94882375ec39,curated:268336295435cfbbbd5d,2026,Learning a Semantic Similarity Orthogonal Space for Model‐Level <scp>AI</scp> ‐Generated Image Source Attribution,Learning a Semantic Similarity Orthogonal Space for Model‐Level <scp>AI</scp> ‐Generated Image Source Attribution,false
web/data/public_preview_map_data.json,curated-map:542392760791fc01b447,curated:672e9600fc8b6ead6ab1,2026,Beyond Causal Models: Multi-Scale Linear Local Attention for AI-Generated Image Detection,Beyond Causal Models: Multi-Scale Linear Local Attention for AI-Generated Image Detection,false
web/data/public_preview_map_data.json,curated-map:f118837dcf00b9ace5ae,curated:672e9600fc8b6ead6ab1,2026,Beyond Causal Models: Multi-Scale Linear Local Attention for AI-Generated Image Detection,Beyond Causal Models: Multi-Scale Linear Local Attention for AI-Generated Image Detection,false
web/data/public_preview_map_data.json,curated-map:02ec194f74b518ca6857,curated:672e9600fc8b6ead6ab1,2026,Beyond Causal Models: Multi-Scale Linear Local Attention for AI-Generated Image Detection,Beyond Causal Models: Multi-Scale Linear Local Attention for AI-Generated Image Detection,false
web/data/public_preview_map_data.json,curated-map:df1cd302802d06a9590d,curated:672e9600fc8b6ead6ab1,2026,Beyond Causal Models: Multi-Scale Linear Local Attention for AI-Generated Image Detection,Beyond Causal Models: Multi-Scale Linear Local Attention for AI-Generated Image Detection,false
web/data/public_preview_map_data.json,curated-map:a4facaf7464db09efa46,curated:672e9600fc8b6ead6ab1,2026,Beyond Causal Models: Multi-Scale Linear Local Attention for AI-Generated Image Detection,Beyond Causal Models: Multi-Scale Linear Local Attention for AI-Generated Image Detection,false
web/data/public_preview_map_data.json,curated-map:ae2ec3fada18e1ae3fdc,curated:748ed5e2cf27aea70f6a,2026,Frequency-Aware Robustness Analysis of Deepfake Detection Models,Frequency-Aware Robustness Analysis of Deepfake Detection Models,false
web/data/public_preview_map_data.json,curated-map:5d4ac4f679d156776f83,curated:611c1fc878b1f9737a04,2026,Universal Deepfake Detection via Low-Rank Adaptation of Vision-Language Models,Universal Deepfake Detection via Low-Rank Adaptation of Vision-Language Models,false
web/data/public_preview_map_data.json,curated-map:53e168738a728bf7e3a6,curated:b75682820c5af85396c1,2024,Semi-Truths: A Large-Scale Dataset of AI-Augmented Images for Evaluating Robustness of AI-Generated Image detectors,Semi-Truths: A Large-Scale Dataset of AI-Augmented Images for Evaluating Robustness of AI-Generated Image Detectors,true
web/data/public_preview_map_data.json,curated-map:364bd3200e0c271a10eb,curated:b75682820c5af85396c1,2024,Semi-Truths: A Large-Scale Dataset of AI-Augmented Images for Evaluating Robustness of AI-Generated Image detectors,Semi-Truths: A Large-Scale Dataset of AI-Augmented Images for Evaluating Robustness of AI-Generated Image Detectors,true
web/data/public_preview_map_data.json,curated-map:98cbebdb2832e62c8ed6,curated:cb237bfcbc395a031757,2024,A COMPARATIVE REVIEW OF AI-GENERATED IMAGE DETECTION ACROSS SOCIAL MEDIA PLATFORMS,A COMPARATIVE REVIEW OF AI-GENERATED IMAGE DETECTION ACROSS SOCIAL MEDIA PLATFORMS,false
web/data/public_preview_map_data.json,curated-map:ca92b5a8ef1f1999f015,curated:239572598dfae08d563b,2026,DeeCLIP: A Robust and Generalizable Transformer-Based Framework for Detecting AI-Generated Images,DeeCLIP: A Robust and Generalizable Transformer-Based Framework for Detecting AI-Generated Images,false
web/data/public_preview_map_data.json,curated-map:49c7ba4322c0938adbce,curated:239572598dfae08d563b,2026,DeeCLIP: A Robust and Generalizable Transformer-Based Framework for Detecting AI-Generated Images,DeeCLIP: A Robust and Generalizable Transformer-Based Framework for Detecting AI-Generated Images,false
web/data/public_preview_map_data.json,curated-map:809dc7f0427b7590d6a1,curated:239572598dfae08d563b,2026,DeeCLIP: A Robust and Generalizable Transformer-Based Framework for Detecting AI-Generated Images,DeeCLIP: A Robust and Generalizable Transformer-Based Framework for Detecting AI-Generated Images,false
web/data/public_preview_map_data.json,curated-map:081329fb2643179c6b30,,2025,Bi‐ <scp>LORA</scp> : A Vision‐Language Approach for Synthetic Image Detection,Bi‐ <scp>LORA</scp> : A Vision‐Language Approach for Synthetic Image Detection,false
web/data/public_preview_map_data.json,curated-map:a52e7cd4f22fddcb2355,,2025,Bi‐ <scp>LORA</scp> : A Vision‐Language Approach for Synthetic Image Detection,Bi‐ <scp>LORA</scp> : A Vision‐Language Approach for Synthetic Image Detection,false
web/data/public_preview_map_data.json,curated-map:376da386d4525aca7927,,2025,Bi‐ <scp>LORA</scp> : A Vision‐Language Approach for Synthetic Image Detection,Bi‐ <scp>LORA</scp> : A Vision‐Language Approach for Synthetic Image Detection,false
web/data/public_preview_map_data.json,curated-map:7675ab2b909af92f4dab,,2025,Bi‐ <scp>LORA</scp> : A Vision‐Language Approach for Synthetic Image Detection,Bi‐ <scp>LORA</scp> : A Vision‐Language Approach for Synthetic Image Detection,false
web/data/public_preview_map_data.json,curated-map:1fb4d588a1b45e4bb498,curated:1a8e996ef9ce73efc0ef,2026,AI-Generated Image Homology Detection,AI-Generated Image Homology Detection,false
web/data/public_preview_map_data.json,curated-map:39fccc69e3d4ee146e32,curated:1a8e996ef9ce73efc0ef,2026,AI-Generated Image Homology Detection,AI-Generated Image Homology Detection,false
web/data/public_preview_map_data.json,curated-map:840a3a329ad624246f19,curated:1a8e996ef9ce73efc0ef,2026,AI-Generated Image Homology Detection,AI-Generated Image Homology Detection,false
web/data/public_preview_map_data.json,curated-map:b86d87a319f70fb632da,curated:1a8e996ef9ce73efc0ef,2026,AI-Generated Image Homology Detection,AI-Generated Image Homology Detection,false
web/data/public_preview_map_data.json,curated-map:0a1322059ef29e75f166,curated:1a8e996ef9ce73efc0ef,2026,AI-Generated Image Homology Detection,AI-Generated Image Homology Detection,false
web/data/public_preview_map_data.json,curated-map:72f2f80bbebe7efbcc30,curated:6f55b599c4d1588c62f7,2026,DTBF: Combining Local Statistical Artifacts and Concept Alignment for Synthetic Image Detection,DTBF: Combining Local Statistical Artifacts and Concept Alignment for Synthetic Image Detection,false
web/data/public_preview_map_data.json,curated-map:599347da75f10cc60ae1,curated:4b3b8e9895b44de7c752,2025,OpenSDI: Spotting Diffusion-Generated Images in the Open World,OpenSDI: Spotting Diffusion-Generated Images in the Open World,false
web/data/public_preview_map_data.json,curated-map:d555a50bd6eb7ab5292d,curated:4b3b8e9895b44de7c752,2025,OpenSDI: Spotting Diffusion-Generated Images in the Open World,OpenSDI: Spotting Diffusion-Generated Images in the Open World,false
web/data/public_preview_map_data.json,curated-map:e79e540a59e6380a5eea,curated:4b3b8e9895b44de7c752,2025,OpenSDI: Spotting Diffusion-Generated Images in the Open World,OpenSDI: Spotting Diffusion-Generated Images in the Open World,false
web/data/public_preview_map_data.json,curated-map:2cd9b10c8f0d338d9ea3,,2025,AI-GenBench: A New Ongoing Benchmark for AI-Generated Image Detection,AI-GenBench: A New Ongoing Benchmark for AI-Generated Image Detection,false
web/data/public_preview_map_data.json,curated-map:0d0b30ed83b1a476b531,,2025,AI-GenBench: A New Ongoing Benchmark for AI-Generated Image Detection,AI-GenBench: A New Ongoing Benchmark for AI-Generated Image Detection,false
web/data/public_preview_map_data.json,curated-map:eee4c42fe604ede34ef2,,2025,AI-GenBench: A New Ongoing Benchmark for AI-Generated Image Detection,AI-GenBench: A New Ongoing Benchmark for AI-Generated Image Detection,false
web/data/public_preview_map_data.json,curated-map:9ba7c07fa0ddc0609aad,curated:c45f9027e90830e4c9b6,2025,Improving Synthetic Image Detection Towards Generalization: An Image Transformation Perspective,Improving Synthetic Image Detection Towards Generalization: An Image Transformation Perspective,false
web/data/public_preview_map_data.json,curated-map:2f7267c7186b8a72e203,curated:c45f9027e90830e4c9b6,2025,Improving Synthetic Image Detection Towards Generalization: An Image Transformation Perspective,Improving Synthetic Image Detection Towards Generalization: An Image Transformation Perspective,false
web/data/public_preview_map_data.json,curated-map:a22cf657f0314c55534a,curated:983a33a1268421bbfc71,2026,Dual-branch AIGC image detection leveraging integrated semantic and frequency-domain features,Dual-Branch AIGC Image Detection Leveraging Integrated Semantic and Frequency-Domain Features,true
web/data/public_preview_map_data.json,curated-map:7e04f6a6e5c7522da55c,curated:983a33a1268421bbfc71,2026,Dual-branch AIGC image detection leveraging integrated semantic and frequency-domain features,Dual-Branch AIGC Image Detection Leveraging Integrated Semantic and Frequency-Domain Features,true
web/data/public_preview_map_data.json,curated-map:da2f34844360c3d03bc0,curated:e8b546496836adcf6c1a,2026,Learning Generalizable Visual Representations for AI-Generated Image Detection,Learning Generalizable Visual Representations for AI-Generated Image Detection,false
web/data/public_preview_map_data.json,curated-map:bb2d9010cf1ef59aed04,curated:4cabfafef8c066c51924,2026,Synthetic image detection method integrating neural ordinary differential equations and spatial attention transformer,Synthetic Image Detection Method Integrating Neural Ordinary Differential Equations and Spatial Attention Transformer,true
web/data/public_preview_map_data.json,curated-map:3ae8bdc523d022c4cbb4,curated:4cabfafef8c066c51924,2026,Synthetic image detection method integrating neural ordinary differential equations and spatial attention transformer,Synthetic Image Detection Method Integrating Neural Ordinary Differential Equations and Spatial Attention Transformer,true
web/data/public_preview_map_data.json,curated-map:16d07680c09327a6471c,curated:86507b243a7d58c76b2c,2026,Deep-synthesized image detection via multi-domain feature fusion and explainable AI guided color model selection,Deep-Synthesized Image Detection via Multi-Domain Feature Fusion and Explainable AI Guided Color Model Selection,true
web/data/public_preview_map_data.json,curated-map:ec84a2e1b13ad653aedf,curated:3b0a1942ac6f2c351f34,2026,PhyTrace: Tracing Physical Inconsistency in AI-Generated Images via ISP Emulation,PhyTrace: Tracing Physical Inconsistency in AI-Generated Images via ISP Emulation,false
web/data/public_preview_map_data.json,curated-map:757d324f4c94795ade5d,curated:3b0a1942ac6f2c351f34,2026,PhyTrace: Tracing Physical Inconsistency in AI-Generated Images via ISP Emulation,PhyTrace: Tracing Physical Inconsistency in AI-Generated Images via ISP Emulation,false
web/data/public_preview_map_data.json,curated-map:74e6d2c78691b5b11239,curated:3b0a1942ac6f2c351f34,2026,PhyTrace: Tracing Physical Inconsistency in AI-Generated Images via ISP Emulation,PhyTrace: Tracing Physical Inconsistency in AI-Generated Images via ISP Emulation,false
web/data/public_preview_map_data.json,curated-map:505ade08a40f6d568e9a,curated:3b0a1942ac6f2c351f34,2026,PhyTrace: Tracing Physical Inconsistency in AI-Generated Images via ISP Emulation,PhyTrace: Tracing Physical Inconsistency in AI-Generated Images via ISP Emulation,false
web/data/public_preview_map_data.json,curated-map:b6465e67b6a352f5201c,curated:6cd82b939e5653a2c7ab,2025,Towards Extensible Detection of AI-Generated Images via Content-Agnostic Adapter-Based Category-Aware Incremental Learning,Towards Extensible Detection of AI-Generated Images via Content-Agnostic Adapter-Based Category-Aware Incremental Learning,false
web/data/public_preview_map_data.json,curated-map:beb1f890260eec2cf676,curated:6cd82b939e5653a2c7ab,2025,Towards Extensible Detection of AI-Generated Images via Content-Agnostic Adapter-Based Category-Aware Incremental Learning,Towards Extensible Detection of AI-Generated Images via Content-Agnostic Adapter-Based Category-Aware Incremental Learning,false
web/data/public_preview_map_data.json,curated-map:edf98590a5c7bb245360,curated:6cd82b939e5653a2c7ab,2025,Towards Extensible Detection of AI-Generated Images via Content-Agnostic Adapter-Based Category-Aware Incremental Learning,Towards Extensible Detection of AI-Generated Images via Content-Agnostic Adapter-Based Category-Aware Incremental Learning,false
web/data/public_preview_map_data.json,curated-map:c8504e20f89aa75cb8e6,curated:6cd82b939e5653a2c7ab,2025,Towards Extensible Detection of AI-Generated Images via Content-Agnostic Adapter-Based Category-Aware Incremental Learning,Towards Extensible Detection of AI-Generated Images via Content-Agnostic Adapter-Based Category-Aware Incremental Learning,false
web/data/public_preview_map_data.json,curated-map:7feb196b8fb9462ddd16,curated:9ec7092e57766741468f,2026,Generalizable and Adaptive Continual Learning Framework for AI-Generated Image Detection,Generalizable and Adaptive Continual Learning Framework for AI-Generated Image Detection,false
web/data/public_preview_map_data.json,curated-map:9aeb9fed2366821e6081,curated:9ec7092e57766741468f,2026,Generalizable and Adaptive Continual Learning Framework for AI-Generated Image Detection,Generalizable and Adaptive Continual Learning Framework for AI-Generated Image Detection,false
web/data/public_preview_map_data.json,curated-map:907998c2db92210999e9,curated:762982679d91cd198a41,2025,Forensics-Bench: A Comprehensive Forgery Detection Benchmark Suite for Large Vision Language Models,Forensics-Bench: A Comprehensive Forgery Detection Benchmark Suite for Large Vision Language Models,false
web/data/public_preview_map_data.json,curated-map:3134f1544f1299e93198,curated:762982679d91cd198a41,2025,Forensics-Bench: A Comprehensive Forgery Detection Benchmark Suite for Large Vision Language Models,Forensics-Bench: A Comprehensive Forgery Detection Benchmark Suite for Large Vision Language Models,false
web/data/public_preview_map_data.json,curated-map:7d4e3c7519946d9264a5,curated:762982679d91cd198a41,2025,Forensics-Bench: A Comprehensive Forgery Detection Benchmark Suite for Large Vision Language Models,Forensics-Bench: A Comprehensive Forgery Detection Benchmark Suite for Large Vision Language Models,false
web/data/public_preview_map_data.json,curated-map:e0f8a67d1384af6149d6,curated:762982679d91cd198a41,2025,Forensics-Bench: A Comprehensive Forgery Detection Benchmark Suite for Large Vision Language Models,Forensics-Bench: A Comprehensive Forgery Detection Benchmark Suite for Large Vision Language Models,false
web/data/public_preview_map_data.json,curated-map:9ee06192a9a3a3308543,curated:762982679d91cd198a41,2025,Forensics-Bench: A Comprehensive Forgery Detection Benchmark Suite for Large Vision Language Models,Forensics-Bench: A Comprehensive Forgery Detection Benchmark Suite for Large Vision Language Models,false
web/data/public_preview_map_data.json,curated-map:4d0dcbd6e81fd1d3bc53,curated:762982679d91cd198a41,2025,Forensics-Bench: A Comprehensive Forgery Detection Benchmark Suite for Large Vision Language Models,Forensics-Bench: A Comprehensive Forgery Detection Benchmark Suite for Large Vision Language Models,false
web/data/public_preview_map_data.json,curated-map:a13da23042bc1f7f0a37,curated:762982679d91cd198a41,2025,Forensics-Bench: A Comprehensive Forgery Detection Benchmark Suite for Large Vision Language Models,Forensics-Bench: A Comprehensive Forgery Detection Benchmark Suite for Large Vision Language Models,false
web/data/public_preview_map_data.json,curated-map:075ca050b3a60cf3cdd5,curated:762982679d91cd198a41,2025,Forensics-Bench: A Comprehensive Forgery Detection Benchmark Suite for Large Vision Language Models,Forensics-Bench: A Comprehensive Forgery Detection Benchmark Suite for Large Vision Language Models,false
web/data/public_preview_map_data.json,curated-map:aca7e6fad3862e69a4cb,curated:95b3298d7dafadbed65d,2025,CatAID: Category-Guided AI-Generated Image Detection via Vision-Language Model Adaptation,CatAID: Category-Guided AI-Generated Image Detection via Vision-Language Model Adaptation,false
web/data/public_preview_map_data.json,curated-map:ff03ae3f6aab250e53d0,curated:95b3298d7dafadbed65d,2025,CatAID: Category-Guided AI-Generated Image Detection via Vision-Language Model Adaptation,CatAID: Category-Guided AI-Generated Image Detection via Vision-Language Model Adaptation,false
web/data/public_preview_map_data.json,curated-map:1325ed5d729338a27968,curated:aa742a2409569b68d2c4,2025,CO-SPY: Combining Semantic and Pixel Features to Detect Synthetic Images by AI,CO-SPY: Combining Semantic and Pixel Features to Detect Synthetic Images by AI,false
web/data/public_preview_map_data.json,curated-map:40ca86b211b68219c4e0,curated:aa742a2409569b68d2c4,2025,CO-SPY: Combining Semantic and Pixel Features to Detect Synthetic Images by AI,CO-SPY: Combining Semantic and Pixel Features to Detect Synthetic Images by AI,false
web/data/public_preview_map_data.json,curated-map:9c88c47f7e40a5d1e6d9,curated:aa742a2409569b68d2c4,2025,CO-SPY: Combining Semantic and Pixel Features to Detect Synthetic Images by AI,CO-SPY: Combining Semantic and Pixel Features to Detect Synthetic Images by AI,false
web/data/public_preview_map_data.json,curated-map:2f15dfbdcc1b094535b3,curated:425eb6ebf5e06a7836a8,2025,Composite Data Augmentations for Synthetic Image Detection Against Real-World Perturbations,Composite Data Augmentations for Synthetic Image Detection Against Real-World Perturbations,false
web/data/public_preview_map_data.json,curated-map:15781327fc4706193ece,curated:425eb6ebf5e06a7836a8,2025,Composite Data Augmentations for Synthetic Image Detection Against Real-World Perturbations,Composite Data Augmentations for Synthetic Image Detection Against Real-World Perturbations,false
web/data/public_preview_map_data.json,curated-map:165972b84f6873e61bbf,curated:87bc93471ce8bb561091,2025,ExDA: Towards Universal Detection and Plug-and-Play Attribution of AI-Generated Ex-Regulatory Images,ExDA: Towards Universal Detection and Plug-and-Play Attribution of AI-Generated Ex-Regulatory Images,false
web/data/public_preview_map_data.json,curated-map:214eb703183d6c8e2f11,curated:b8119cd227de03702d48,2025,FIRE: Robust Detection of Diffusion-Generated Images via Frequency-Guided Reconstruction Error,FIRE: Robust Detection of Diffusion-Generated Images via Frequency-Guided Reconstruction Error,false
web/data/public_preview_map_data.json,curated-map:76c3aa09ce29a53f623f,curated:7a95c7ca9cc95727e1b9,2025,ForgeLens: Data-Efficient Forgery Focus for Generalizable Forgery Image Detection,ForgeLens: Data-Efficient Forgery Focus for Generalizable Forgery Image Detection,false
web/data/public_preview_map_data.json,curated-map:385ccd5a2bb9f027043d,curated:507b9cb16991da1629f8,2025,HFMF: Hierarchical Fusion Meets Multi-Stream Models for Deepfake Detection,HFMF: Hierarchical Fusion Meets Multi-Stream Models for Deepfake Detection,false
web/data/public_preview_map_data.json,curated-map:321d19a31e3322d9c2be,curated:b2fccf1dd66cc2d64374,2025,Secret Lies in Color: Enhancing AI-Generated Images Detection with Color Distribution Analysis,Secret Lies in Color: Enhancing AI-Generated Images Detection with Color Distribution Analysis,false
web/data/public_preview_map_data.json,curated-map:7f391c121375703203bf,curated:b2fccf1dd66cc2d64374,2025,Secret Lies in Color: Enhancing AI-Generated Images Detection with Color Distribution Analysis,Secret Lies in Color: Enhancing AI-Generated Images Detection with Color Distribution Analysis,false
web/data/public_preview_map_data.json,curated-map:2f28db747616e436569d,curated:64a8313baef7cf1657c5,2025,Semantic Discrepancy-Aware Detector for Image Forgery Identification,Semantic Discrepancy-Aware Detector for Image Forgery Identification,false
web/data/public_preview_map_data.json,curated-map:8a132d54204a428b946b,curated:56e9e085bbe0342dab35,2025,TextureCrop: Enhancing Synthetic Image Detection Through Texture-Based Cropping,TextureCrop: Enhancing Synthetic Image Detection Through Texture-Based Cropping,false
web/data/public_preview_map_data.json,curated-map:9573041af1a35fc6dc1d,curated:8705551f18f94daa53d4,2026,ERASE: Bypassing Collaborative Detection of AI Counterfeit via Comprehensive Artifacts Elimination,ERASE: Bypassing Collaborative Detection of AI Counterfeit via Comprehensive Artifacts Elimination,false
web/data/public_preview_map_data.json,curated-map:5703d3adaddfcb775877,,2022,An Eyes-Based Siamese Neural Network for the Detection of GAN-Generated Face Images,An Eyes-Based Siamese Neural Network for the Detection of GAN-Generated Face Images,false
web/data/public_preview_map_data.json,curated-map:caeae1d7abc633869c17,,2023,DE-FAKE: Detection and Attribution of Fake Images Generated by Text-to-Image Generation Models,DE-FAKE: Detection and Attribution of Fake Images Generated by Text-to-Image Generation Models,false
web/data/public_preview_map_data.json,curated-map:444813b32d557ff02cd1,,2023,DE-FAKE: Detection and Attribution of Fake Images Generated by Text-to-Image Generation Models,DE-FAKE: Detection and Attribution of Fake Images Generated by Text-to-Image Generation Models,false
web/data/public_preview_map_data.json,openalex-candidate-0815adbdf541f48b,,2024,LaRE<sup>2</sup>: Latent Reconstruction Error Based Method for Diffusion-Generated Image Detection,LaRE<sup>2</sup>: Latent Reconstruction Error Based Method for Diffusion-Generated Image Detection,false
web/data/public_preview_map_data.json,curated-map:50a40cc29f65b184046c,,2019,Incremental learning for the detection and classification of GAN-generated images,Incremental Learning for the Detection and Classification of GAN-Generated Images,true
web/data/public_preview_map_data.json,curated-map:81316c28123bfd36d843,,2019,Incremental learning for the detection and classification of GAN-generated images,Incremental Learning for the Detection and Classification of GAN-Generated Images,true
web/data/public_preview_map_data.json,openalex-candidate-42640e9490a9cc59,,2021,"Detection, Attribution and Localization of GAN Generated Images","Detection, Attribution and Localization of GAN Generated Images",false
web/data/public_preview_map_data.json,curated-map:769091317bfaecfe46e1,curated:89c6548802e6878c18c8,2026,Forensic Invariant Learning for Synthetic Image Detection: Bridging Benford's Law and Topological Analysis with Machine Learning Ensembles,Forensic Invariant Learning for Synthetic Image Detection: Bridging Benford's Law and Topological Analysis with Machine Learning Ensembles,false
web/data/public_preview_map_data.json,curated-map:fcf5dfc1ba989c404013,curated:89c6548802e6878c18c8,2026,Forensic Invariant Learning for Synthetic Image Detection: Bridging Benford's Law and Topological Analysis with Machine Learning Ensembles,Forensic Invariant Learning for Synthetic Image Detection: Bridging Benford's Law and Topological Analysis with Machine Learning Ensembles,false
web/data/public_preview_map_data.json,curated-map:d72b0f9cca089dcad5b3,,2019,No One Can Escape: A General Approach to Detect Tampered and Generated Image,No One Can Escape: A General Approach to Detect Tampered and Generated Image,false
web/data/public_preview_map_data.json,curated-map:f62a4c9b6c4004476853,,2019,No One Can Escape: A General Approach to Detect Tampered and Generated Image,No One Can Escape: A General Approach to Detect Tampered and Generated Image,false
web/data/public_preview_map_data.json,curated-map:27595db3cb3936c49221,curated:1398fe67015092fb543d,2026,Deepfake detection on low-resolution images using optimized Ensemble Learning,Deepfake Detection on Low-Resolution Images Using Optimized Ensemble Learning,true
web/data/public_preview_map_data.json,curated-map:1f8e95ef0530b556b75a,curated:1398fe67015092fb543d,2026,Deepfake detection on low-resolution images using optimized Ensemble Learning,Deepfake Detection on Low-Resolution Images Using Optimized Ensemble Learning,true
web/data/public_preview_map_data.json,curated-map:38f6d6bd452fd5ec8a0b,curated:ed5f779be1e71edddcee,2026,Forging the Unknown: Open-Set Deepfake Attribution via Adaptive Fingerprint Learning,Forging the Unknown: Open-Set Deepfake Attribution via Adaptive Fingerprint Learning,false
web/data/public_preview_map_data.json,curated-map:3eb56f5bbc82036b06f2,curated:ed5f779be1e71edddcee,2026,Forging the Unknown: Open-Set Deepfake Attribution via Adaptive Fingerprint Learning,Forging the Unknown: Open-Set Deepfake Attribution via Adaptive Fingerprint Learning,false
web/data/public_preview_map_data.json,curated-map:a0016f419d2a38667551,curated:ed5f779be1e71edddcee,2026,Forging the Unknown: Open-Set Deepfake Attribution via Adaptive Fingerprint Learning,Forging the Unknown: Open-Set Deepfake Attribution via Adaptive Fingerprint Learning,false
web/data/public_preview_map_data.json,curated-map:75b287f51f16396cb624,curated:b4940a39cbd4a3117473,2026,Cross-Domain Synthetic Image Detection via Few-Shot Adaptation,Cross-Domain Synthetic Image Detection via Few-Shot Adaptation,false
web/data/public_preview_map_data.json,curated-map:f13ef3b8fbf65de2e8cb,,2025,A Bias-Free Training Paradigm for More General AI-generated Image Detection,A Bias-Free Training Paradigm for More General AI-Generated Image Detection,true
web/data/public_preview_map_data.json,curated-map:dbc7a42010f5c2a08cee,curated:8ae025d8756e0ff472b0,2025,DFBench: Benchmarking Deepfake Image Detection Capability of Large Multimodal Models,DFBench: Benchmarking Deepfake Image Detection Capability of Large Multimodal Models,false
web/data/public_preview_map_data.json,curated-map:15e17c961ea332b72127,curated:90ac5206f85eaebc7203,2025,WILD: a new in-the-Wild Image Linkage Dataset for synthetic image attribution,WILD: A New In-the-Wild Image Linkage Dataset for Synthetic Image Attribution,true
web/data/public_preview_map_data.json,curated-map:32c444826f4402ee9d26,curated:90ac5206f85eaebc7203,2025,WILD: a new in-the-Wild Image Linkage Dataset for synthetic image attribution,WILD: A New In-the-Wild Image Linkage Dataset for Synthetic Image Attribution,true
web/data/public_preview_map_data.json,curated-map:3195a9a2a9cd48fa7f6b,curated:90ac5206f85eaebc7203,2025,WILD: a new in-the-Wild Image Linkage Dataset for synthetic image attribution,WILD: A New In-the-Wild Image Linkage Dataset for Synthetic Image Attribution,true
web/data/public_preview_map_data.json,curated-map:78614f3f0e949ff8fdac,curated:90ac5206f85eaebc7203,2025,WILD: a new in-the-Wild Image Linkage Dataset for synthetic image attribution,WILD: A New In-the-Wild Image Linkage Dataset for Synthetic Image Attribution,true
web/data/public_preview_map_data.json,curated-map:6059cc239c1d0f9b2720,curated:7e8fbc2874cf4cebfcc9,2025,Fake or JPEG? Revealing Common Biases in Generated Image Detection Datasets,Fake or JPEG? Revealing Common Biases in Generated Image Detection Datasets,false
web/data/public_preview_map_data.json,curated-map:4f1292442b02cbd910bf,curated:7e8fbc2874cf4cebfcc9,2025,Fake or JPEG? Revealing Common Biases in Generated Image Detection Datasets,Fake or JPEG? Revealing Common Biases in Generated Image Detection Datasets,false
web/data/public_preview_map_data.json,curated-map:3126d005b9dc09c590f9,curated:61211bdca508937e8a4f,2025,WildFake: A Large-Scale and Hierarchical Dataset for AI-Generated Images Detection,WildFake: A Large-Scale and Hierarchical Dataset for AI-Generated Images Detection,false
web/data/public_preview_map_data.json,curated-map:c14282770c1aebfb995e,curated:61211bdca508937e8a4f,2025,WildFake: A Large-Scale and Hierarchical Dataset for AI-Generated Images Detection,WildFake: A Large-Scale and Hierarchical Dataset for AI-Generated Images Detection,false
web/data/public_preview_map_data.json,curated-map:079359bcfd5bbf1b0968,,2019,No One Can Escape: A General Approach to Detect Tampered and Generated Image,No One Can Escape: A General Approach to Detect Tampered and Generated Image,false
web/data/public_preview_map_data.json,curated-map:29bebd28eddeb3073ebb,,2023,Artifact: A Large-Scale Dataset With Artificial And Factual Images For Generalizable And Robust Synthetic Image Detection,Artifact: A Large-Scale Dataset with Artificial and Factual Images for Generalizable and Robust Synthetic Image Detection,true
web/data/public_preview_map_data.json,curated-map:9fd07bb52f056c3e3b30,curated:90ac5206f85eaebc7203,2025,WILD: a new in-the-Wild Image Linkage Dataset for synthetic image attribution,WILD: A New In-the-Wild Image Linkage Dataset for Synthetic Image Attribution,true
web/data/public_preview_map_data.json,curated-map:93803f6517399c89198a,curated:7e8fbc2874cf4cebfcc9,2025,Fake or JPEG? Revealing Common Biases in Generated Image Detection Datasets,Fake or JPEG? Revealing Common Biases in Generated Image Detection Datasets,false
web/data/public_preview_map_data.json,curated-map:ec73f431802d0934e805,curated:0b6c1b00c1b39838db42,2026,DNA: Dual-Stage Native Attribution for Generated Image Source Tracing,DNA: Dual-Stage Native Attribution for Generated Image Source Tracing,false
web/data/public_preview_map_data.json,curated-map:601bfe88b53552240e72,curated:0b6c1b00c1b39838db42,2026,DNA: Dual-Stage Native Attribution for Generated Image Source Tracing,DNA: Dual-Stage Native Attribution for Generated Image Source Tracing,false
web/data/public_preview_map_data.json,curated-map:9f75c7247bbdcda054ee,curated:198223005280daa8979e,2025,DRAGON: A Large-Scale Dataset of Realistic Images Generated by Diffusion Models,DRAGON: A Large-Scale Dataset of Realistic Images Generated by Diffusion Models,false
web/data/public_preview_map_data.json,curated-map:0b2846597515da693d2a,curated:198223005280daa8979e,2025,DRAGON: A Large-Scale Dataset of Realistic Images Generated by Diffusion Models,DRAGON: A Large-Scale Dataset of Realistic Images Generated by Diffusion Models,false
web/data/public_preview_map_data.json,curated-map:974352335e3aeee1efcb,curated:98bed92571e23d5df139,2026,AI-Generated Image Detection: Challenges and Recent Advances,AI-Generated Image Detection: Challenges and Recent Advances,false
web/data/public_preview_map_data.json,curated-map:8c8ae50d70107c3bb13d,curated:98bed92571e23d5df139,2026,AI-Generated Image Detection: Challenges and Recent Advances,AI-Generated Image Detection: Challenges and Recent Advances,false
web/data/public_preview_map_data.json,curated-map:34a747efb45f18db029f,curated:307e0f132bd89ed90298,2025,Community Forensics: Using Thousands of Generators to Train Fake Image Detectors,Community Forensics: Using Thousands of Generators to Train Fake Image Detectors,false
web/data/public_preview_map_data.json,curated-map:53aa059253091ee03587,curated:ffa24185c2c870a44bde,2025,OpenFake: An Open Dataset and Platform Toward Real-World Deepfake Detection,OpenFake: An Open Dataset and Platform Toward Real-World Deepfake Detection,false
web/data/public_preview_map_data.json,curated-map:2e53a3baae135b850aa0,curated:ffa24185c2c870a44bde,2025,OpenFake: An Open Dataset and Platform Toward Real-World Deepfake Detection,OpenFake: An Open Dataset and Platform Toward Real-World Deepfake Detection,false
web/data/public_preview_map_data.json,curated-map:3b524f6b85ff09b8756b,curated:ffa24185c2c870a44bde,2025,OpenFake: An Open Dataset and Platform Toward Real-World Deepfake Detection,OpenFake: An Open Dataset and Platform Toward Real-World Deepfake Detection,false
web/data/public_preview_map_data.json,curated-map:b694da997ffcdfd72099,curated:ffa24185c2c870a44bde,2025,OpenFake: An Open Dataset and Platform Toward Real-World Deepfake Detection,OpenFake: An Open Dataset and Platform Toward Real-World Deepfake Detection,false
web/data/public_preview_map_data.json,curated-map:7772a4788c79b53356d3,curated:14ed0d4ac86e7938e5cb,2020,CNN-Generated Images Are Surprisingly Easy to Spot… for Now,CNN-Generated Images Are Surprisingly Easy to Spot… for Now,false
web/data/public_preview_map_data.json,curated-map:044d725ae3cf37c9e04b,curated:14ed0d4ac86e7938e5cb,2020,CNN-Generated Images Are Surprisingly Easy to Spot… for Now,CNN-Generated Images Are Surprisingly Easy to Spot… for Now,false
web/data/public_preview_map_data.json,curated-map:4f127899406070b25fb5,curated:14ed0d4ac86e7938e5cb,2020,CNN-Generated Images Are Surprisingly Easy to Spot… for Now,CNN-Generated Images Are Surprisingly Easy to Spot… for Now,false
web/data/public_preview_map_data.json,curated-map:b6e0f565a309d996d6d7,curated:f3aa81928c76cd4b3903,2026,GenSyn10: A Multi-Generative AI Dataset for Benchmarking Image Classification,GenSyn10: A Multi-Generative AI Dataset for Benchmarking Image Classification,false
web/data/public_preview_map_data.json,curated-map:5fefc04a54ddfefc3df7,curated:c3041d4480f5780e7492,2024,Parents and Children: Distinguishing Multimodal Deepfakes from Natural Images,Parents and Children: Distinguishing Multimodal Deepfakes from Natural Images,false
web/data/public_preview_map_data.json,curated-map:717bffe474b392b1813f,curated:c3041d4480f5780e7492,2024,Parents and Children: Distinguishing Multimodal Deepfakes from Natural Images,Parents and Children: Distinguishing Multimodal Deepfakes from Natural Images,false
web/data/public_preview_map_data.json,curated-map:54bec60cf74ea60538e1,curated:c3041d4480f5780e7492,2024,Parents and Children: Distinguishing Multimodal Deepfakes from Natural Images,Parents and Children: Distinguishing Multimodal Deepfakes from Natural Images,false
web/data/public_preview_map_data.json,curated-map:53a38cd0d3cd83d2f147,curated:c3041d4480f5780e7492,2024,Parents and Children: Distinguishing Multimodal Deepfakes from Natural Images,Parents and Children: Distinguishing Multimodal Deepfakes from Natural Images,false
