file,field_path,role,value
data/curated/papers.csv,[4].venue_track,source_paper_track,workshops
data/curated/papers.csv,[4].raw_venue,provenance,2024 European Conference on Computer Vision (ECCV) Workshops
data/curated/papers.csv,[9].raw_venue,provenance,2020 IEEE Security and Privacy Workshops (SPW)
data/curated/papers.csv,[12].venue_track,source_paper_track,workshops
data/curated/papers.csv,[20].venue_track,source_paper_track,workshops
data/curated/papers.csv,[20].raw_venue,provenance,2024 European Conference on Computer Vision (ECCV) Workshops
data/curated/papers.csv,[26].venue,canonical_venue,ACM Workshop on Information Hiding and Multimedia Security
data/curated/papers.csv,[26].venue_name,canonical_venue,ACM Workshop on Information Hiding and Multimedia Security
data/curated/papers.csv,[26].raw_venue,provenance,ACM Workshop on Information Hiding and Multimedia Security
data/curated/papers.csv,[28].venue_track,source_paper_track,workshops
data/curated/papers.csv,[55].venue,canonical_venue,IEEE International Workshop on Information Forensics and Security
data/curated/papers.csv,[55].venue_name,canonical_venue,IEEE International Workshop on Information Forensics and Security
data/curated/papers.csv,[55].venue_track,source_paper_track,workshops
data/curated/papers.csv,[55].raw_venue,provenance,IEEE International Workshop on Information Forensics and Security (WIFS)
data/curated/papers.csv,[79].venue_track,source_paper_track,workshops
data/curated/papers.csv,[79].raw_venue,provenance,Proceedings of the 1stWorkshop on GenAI Content Detection (GenAIDetect)
data/curated/papers.csv,[80].venue_track,source_paper_track,workshops
data/curated/papers.csv,[85].venue,canonical_venue,IEEE International Workshop on Information Forensics and Security
data/curated/papers.csv,[85].venue_name,canonical_venue,IEEE International Workshop on Information Forensics and Security
data/curated/papers.csv,[85].venue_track,source_paper_track,workshops
data/curated/papers.csv,[85].raw_venue,provenance,2024 IEEE International Workshop on Information Forensics and Security (WIFS)
data/curated/papers.csv,[86].venue,canonical_venue,IEEE International Workshop on Information Forensics and Security
data/curated/papers.csv,[86].venue_name,canonical_venue,IEEE International Workshop on Information Forensics and Security
data/curated/papers.csv,[86].venue_track,source_paper_track,workshops
data/curated/papers.csv,[86].raw_venue,provenance,2024 IEEE International Workshop on Information Forensics and Security (WIFS)
data/curated/papers.csv,[87].venue,canonical_venue,Image Analysis and Processing - ICIAP 2025 Workshops: 23rd International Conference
data/curated/papers.csv,[87].raw_venue,provenance,Image Analysis and Processing - ICIAP 2025 Workshops: 23rd International Conference
data/curated/papers.csv,[96].venue_track,source_paper_track,workshops
data/curated/papers.csv,[96].raw_venue,provenance,2019 IEEE/CVF Conference on Computer Vision and Pattern Recognition (CVPR) Workshops
data/curated/papers.csv,[107].venue,canonical_venue,ACM Workshop on Information Hiding and Multimedia Security
data/curated/papers.csv,[107].venue_name,canonical_venue,ACM Workshop on Information Hiding and Multimedia Security
data/curated/papers.csv,[107].venue_track,source_paper_track,workshops
data/curated/papers.csv,[107].raw_venue,provenance,2026 ACM Workshop on Information Hiding and Multimedia Security (IH&MMSec)
data/curated/papers.csv,[108].venue_track,source_paper_track,workshops
data/curated/papers.csv,[108].raw_venue,provenance,2026 IEEE/CVF Conference on Computer Vision and Pattern Recognition (CVPR) Workshops
data/curated/papers.csv,[109].venue_track,source_paper_track,workshops
data/curated/papers.csv,[109].raw_venue,provenance,2026 IEEE/CVF Conference on Computer Vision and Pattern Recognition (CVPR) Workshops
data/curated/papers.csv,[110].venue_track,source_paper_track,workshops
data/curated/papers.csv,[110].raw_venue,provenance,2026 IEEE/CVF Conference on Computer Vision and Pattern Recognition (CVPR) Workshops
data/curated/papers.csv,[118].venue_track,source_paper_track,workshops
data/curated/papers.csv,[118].raw_venue,provenance,2024 IEEE/CVF Conference on Computer Vision and Pattern Recognition (CVPR) Workshops
data/curated/papers.csv,[128].venue,canonical_venue,ACM International Workshop on Multimedia AI against Disinformation
data/curated/papers.csv,[128].venue_name,canonical_venue,ACM International Workshop on Multimedia AI against Disinformation
data/curated/papers.csv,[128].venue_track,source_paper_track,workshops
data/curated/papers.csv,[128].raw_venue,provenance,Proceedings of the 5th ACM International Workshop on Multimedia AI against Disinformation (MAD)
data/curated/papers.csv,[129].venue,canonical_venue,ACM International Workshop on Multimedia AI against Disinformation
data/curated/papers.csv,[129].venue_name,canonical_venue,ACM International Workshop on Multimedia AI against Disinformation
data/curated/papers.csv,[129].venue_track,source_paper_track,workshops
data/curated/papers.csv,[129].raw_venue,provenance,Proceedings of the 5th ACM International Workshop on Multimedia AI against Disinformation (MAD)
data/curated/papers.csv,[131].venue,canonical_venue,ACM Workshop on Information Hiding and Multimedia Security
data/curated/papers.csv,[131].venue_name,canonical_venue,ACM Workshop on Information Hiding and Multimedia Security
data/curated/papers.csv,[131].venue_track,source_paper_track,workshops
data/curated/papers.csv,[131].raw_venue,provenance,Proceedings of the 2026 ACM Workshop on Information Hiding and Multimedia Security (IH&MMSec)
data/curated/papers.csv,[183].venue_track,source_paper_track,workshops
data/curated/papers.csv,[183].raw_venue,provenance,2026 IEEE/CVF Winter Conference on Applications of Computer Vision (WACV) Workshop
data/curated/papers.csv,[195].venue_id,canonical_id,venue:siggraph:posters
data/curated/papers.csv,[224].venue_track,source_paper_track,workshops
data/curated/papers.csv,[230].venue,canonical_venue,ACM International Workshop on Multimedia AI against Disinformation
data/curated/papers.csv,[230].venue_name,canonical_venue,ACM International Workshop on Multimedia AI against Disinformation
data/curated/papers.csv,[230].venue_track,source_paper_track,workshops
data/curated/papers.csv,[230].raw_venue,provenance,3rd ACM International Workshop on Multimedia AI against Disinformation
data/curated/papers.csv,[241].venue_track,source_paper_track,Workshop
data/curated/papers.csv,[241].raw_venue,provenance,2025 IEEE/CVF International Conference on Computer Vision Workshops (ICCVW)
data/curated/papers.csv,[247].venue_track,source_paper_track,workshops
data/curated/papers.csv,[251].venue_track,source_paper_track,workshops
data/curated/papers.csv,[258].venue_track,source_paper_track,workshops
data/curated/papers.csv,[259].venue_track,source_paper_track,workshops
data/curated/papers.csv,[278].venue,canonical_venue,Workshop on Security Implications of Deepfakes and Cheapfakes
data/curated/papers.csv,[278].venue_id,canonical_id,venue:workshop-on-security-implications-of-deepfakes-and-cheapfakes
data/curated/papers.csv,[278].venue_name,canonical_venue,Workshop on Security Implications of Deepfakes and Cheapfakes
data/curated/papers.csv,[278].raw_venue,provenance,Proceedings of the 4th Workshop on Security Implications of Deepfakes and Cheapfakes
data/curated/papers.csv,[289].venue_track,source_paper_track,workshops
data/curated/papers.csv,[296].venue_track,source_paper_track,workshops
data/curated/papers.csv,[320].venue,canonical_venue,IEEE European Symposium on Security and Privacy Workshops
data/curated/papers.csv,[320].raw_venue,provenance,IEEE European Symposium on Security and Privacy Workshops
data/curated/papers.csv,[321].venue_track,source_paper_track,workshops
data/curated/papers.csv,[323].venue_track,source_paper_track,workshops
data/curated/papers.csv,[344].venue_track,source_paper_track,Workshop
data/curated/papers.csv,[344].raw_venue,provenance,Proceedings of the IEEE/CVF Conference on Computer Vision and Pattern Recognition (CVPR) Workshops; SAFE (Synthetic & Adversarial ForEnsics)
data/curated/papers.csv,[345].venue_track,source_paper_track,Workshop
data/curated/papers.csv,[345].raw_venue,provenance,Proceedings of the IEEE/CVF Conference on Computer Vision and Pattern Recognition (CVPR) Workshops; NTIRE (New Trends in Image Restoration and Enhancement)
data/curated/venue_aliases.csv,[2].alias,source_alias,IEEE/CVF Conference on Computer Vision and Pattern Recognition (CVPR) Workshops
data/curated/venue_aliases.csv,[2].venue_track,source_paper_track,workshops
data/curated/venue_aliases.csv,[3].alias,source_alias,IEEE/CVF Conference on Computer Vision and Pattern Recognition Workshops
data/curated/venue_aliases.csv,[3].venue_track,source_paper_track,workshops
data/curated/venue_aliases.csv,[4].alias,source_alias,IEEE/CVF Conference on Computer Vision and Pattern Recognition Workshops (CVPRW)
data/curated/venue_aliases.csv,[4].venue_track,source_paper_track,workshops
data/curated/venue_aliases.csv,[8].alias,source_alias,IEEE/CVF Winter Conference on Applications of Computer Vision (WACV) Workshops
data/curated/venue_aliases.csv,[8].venue_track,source_paper_track,workshops
data/curated/venue_aliases.csv,[9].alias,source_alias,IEEE/CVF Winter Conference on Applications of Computer Vision (WACV) Workshop
data/curated/venue_aliases.csv,[9].venue_track,source_paper_track,workshops
data/curated/venue_aliases.csv,[10].alias,source_alias,IEEE/CVF Winter Conference on Applications of Computer Vision Workshops (WACVW)
data/curated/venue_aliases.csv,[10].venue_track,source_paper_track,workshops
data/curated/venue_aliases.csv,[11].alias,source_alias,IEEE/CVF Winter Conference on Applications of Computer Vision Workshop (WACVW)
data/curated/venue_aliases.csv,[11].venue_track,source_paper_track,workshops
data/curated/venue_aliases.csv,[12].alias,source_alias,IEEE/CVF Winter Conference on Applications of Computer Vision (WACVW) Workshops
data/curated/venue_aliases.csv,[12].venue_track,source_paper_track,workshops
data/curated/venue_aliases.csv,[13].alias,source_alias,IEEE/CVF Winter Conference on Applications of Computer Vision (WACVW) Workshop
data/curated/venue_aliases.csv,[13].venue_track,source_paper_track,workshops
data/curated/venue_aliases.csv,[25].venue_id,canonical_id,venue:lncs
data/curated/venue_aliases.csv,[25].venue_acronym,canonical_acronym,LNCS
data/curated/venue_aliases.csv,[28].alias,source_alias,ACM Workshop on Information Hiding and Multimedia Security (IH&MMSec)
data/curated/venue_aliases.csv,[28].venue_name,canonical_venue,ACM Workshop on Information Hiding and Multimedia Security
data/curated/venue_aliases.csv,[28].venue_track,source_paper_track,workshops
data/curated/venue_aliases.csv,[29].alias,source_alias,ACM Workshop on Information Hiding and Multimedia Security
data/curated/venue_aliases.csv,[29].venue_name,canonical_venue,ACM Workshop on Information Hiding and Multimedia Security
data/curated/venue_aliases.csv,[29].venue_track,source_paper_track,workshops
data/curated/venue_aliases.csv,[32].alias,source_alias,IEEE/CVF International Conference on Computer Vision Workshops (ICCVW)
data/curated/venue_aliases.csv,[32].venue_track,source_paper_track,workshops
data/curated/venue_aliases.csv,[47].alias,source_alias,IEEE International Workshop on Information Forensics and Security (WIFS)
data/curated/venue_aliases.csv,[47].venue_name,canonical_venue,IEEE International Workshop on Information Forensics and Security
data/curated/venue_aliases.csv,[47].venue_track,source_paper_track,workshops
data/curated/venue_aliases.csv,[48].alias,source_alias,IEEE International Workshop on Information Forensics and Security
data/curated/venue_aliases.csv,[48].venue_name,canonical_venue,IEEE International Workshop on Information Forensics and Security
data/curated/venue_aliases.csv,[48].venue_track,source_paper_track,workshops
data/curated/venue_aliases.csv,[51].alias,source_alias,ACM International Workshop on Multimedia AI against Disinformation (MAD)
data/curated/venue_aliases.csv,[51].venue_name,canonical_venue,ACM International Workshop on Multimedia AI against Disinformation
data/curated/venue_aliases.csv,[51].venue_track,source_paper_track,workshops
data/curated/venue_aliases.csv,[52].alias,source_alias,ACM International Workshop on Multimedia AI against Disinformation
data/curated/venue_aliases.csv,[52].venue_name,canonical_venue,ACM International Workshop on Multimedia AI against Disinformation
data/curated/venue_aliases.csv,[52].venue_track,source_paper_track,workshops
data/curated/venue_aliases.csv,[73].alias,source_alias,European Conference on Computer Vision (ECCV) Workshops
data/curated/venue_aliases.csv,[73].venue_track,source_paper_track,workshops
data/curated/venue_aliases.csv,[109].venue_id,canonical_id,venue:siggraph:posters
data/curated/venue_aliases.csv,[110].venue_id,canonical_id,venue:siggraph:posters
data/curated/venue_aliases.csv,[131].alias,source_alias,Workshop on Security Implications of Deepfakes and Cheapfakes
data/curated/venue_aliases.csv,[131].venue_id,canonical_id,venue:workshop-on-security-implications-of-deepfakes-and-cheapfakes
data/curated/venue_aliases.csv,[131].venue_name,canonical_venue,Workshop on Security Implications of Deepfakes and Cheapfakes
data/manual/missing_author_mappings_report.csv,[33].venue,canonical_venue,Workshop on Security Implications of Deepfakes and Cheapfakes
data/manual/missing_author_mappings_report.csv,[40].venue,canonical_venue,ACM Workshop on Information Hiding and Multimedia Security
data/manual/missing_author_mappings_report.csv,[44].venue,canonical_venue,Workshop on Security Implications of Deepfakes and Cheapfakes
data/manual/missing_author_mappings_report.csv,[128].venue,canonical_venue,ACM Workshop on Information Hiding and Multimedia Security
data/manual/missing_author_mappings_report.csv,[133].venue,canonical_venue,IEEE International Workshop on Information Forensics and Security
data/manual/missing_author_mappings_report.csv,[161].venue,canonical_venue,ACM International Workshop on Multimedia AI against Disinformation
data/manual/missing_author_mappings_report.csv,[166].venue,canonical_venue,IEEE International Workshop on Information Forensics and Security
data/manual/missing_author_mappings_report.csv,[171].venue,canonical_venue,ACM International Workshop on Multimedia AI against Disinformation
data/manual/missing_author_mappings_report.csv,[187].venue,canonical_venue,ACM International Workshop on Multimedia AI against Disinformation
data/manual/missing_author_mappings_report.csv,[217].venue,canonical_venue,IEEE International Workshop on Information Forensics and Security
data/manual/missing_author_mappings_report.csv,[220].venue,canonical_venue,IEEE International Workshop on Information Forensics and Security
data/manual/missing_author_mappings_report.csv,[241].venue,canonical_venue,ACM International Workshop on Multimedia AI against Disinformation
data/manual/missing_author_mappings_report.csv,[257].venue,canonical_venue,ACM Workshop on Information Hiding and Multimedia Security
data/manual/missing_author_mappings_report.csv,[258].venue,canonical_venue,ACM Workshop on Information Hiding and Multimedia Security
data/manual/missing_author_mappings_report.csv,[337].venue,canonical_venue,ACM International Workshop on Multimedia AI against Disinformation
data/manual/missing_author_mappings_report.csv,[382].venue,canonical_venue,ACM International Workshop on Multimedia AI against Disinformation
data/manual/missing_author_mappings_report.csv,[387].venue,canonical_venue,IEEE Annual Computing and Communication Workshop and Conference
data/manual/missing_author_mappings_report.csv,[452].venue,canonical_venue,IEEE International Workshop on Information Forensics and Security
data/manual/missing_author_mappings_report.csv,[480].venue,canonical_venue,IEEE International Workshop on Information Forensics and Security
data/manual/missing_author_mappings_report.csv,[492].venue,canonical_venue,IEEE International Workshop on Information Forensics and Security
data/manual/missing_author_mappings_report.csv,[562].venue,canonical_venue,IEEE International Workshop on Information Forensics and Security
data/manual/paper_arxiv_links.csv,[3].venue,canonical_venue,2024 IEEE/CVF Conference on Computer Vision and Pattern Recognition Workshops (CVPRW)
data/manual/paper_arxiv_links.csv,[95].venue,canonical_venue,3rd ACM International Workshop on Multimedia AI against Disinformation
data/manual/paper_arxiv_links.csv,[102].venue,canonical_venue,Proceedings of the 2024 ACM Workshop on Information Hiding and Multimedia Security
data/manual/paper_arxiv_links.csv,[124].venue,canonical_venue,2023 IEEE/CVF International Conference on Computer Vision Workshops (ICCVW)
data/manual/paper_arxiv_links.csv,[126].venue,canonical_venue,2024 IEEE International Workshop on Information Forensics and Security (WIFS)
data/manual/paper_arxiv_links.csv,[127].venue,canonical_venue,2023 IEEE International Conference on Data Mining Workshops (ICDMW)
data/manual/paper_arxiv_links.csv,[159].venue,canonical_venue,Proceedings of the 5th ACM International Workshop on Multimedia AI against Disinformation
data/manual/paper_arxiv_links.csv,[193].venue,canonical_venue,Proceedings of the 5th ACM International Workshop on Multimedia AI against Disinformation
data/manual/paper_arxiv_links.csv,[206].venue,canonical_venue,Proceedings of the Fifth International Workshop on Natural Language Processing for Social Media
data/manual/paper_arxiv_links.csv,[207].venue,canonical_venue,Proceedings of the 4th Workshop on Security Implications of Deepfakes and Cheapfakes
data/manual/paper_arxiv_links.csv,[243].venue,canonical_venue,2018 IEEE International Workshop on Information Forensics and Security (WIFS)
data/manual/paper_arxiv_links.csv,[247].venue,canonical_venue,Proceedings of the 2nd ACM International Workshop on Multimedia AI against Disinformation
data/manual/paper_arxiv_links.csv,[436].venue,canonical_venue,2019 IEEE International Workshop on Information Forensics and Security (WIFS)
data/manual/paper_arxiv_links.csv,[453].venue,canonical_venue,3rd ACM International Workshop on Multimedia AI against Disinformation
data/manual/paper_arxiv_links.csv,[525].venue,canonical_venue,2023 IEEE/CVF Conference on Computer Vision and Pattern Recognition Workshops (CVPRW)
data/manual/paper_arxiv_links.csv,[588].venue,canonical_venue,2024 IEEE/CVF Conference on Computer Vision and Pattern Recognition Workshops (CVPRW)
data/manual/paper_arxiv_links.csv,[702].venue,canonical_venue,Proceedings of the Workshop on Linking Natural Language Processing and Biology Towards Deeper Biological Literature Analysis - BioNLP '06
data/manual/paper_arxiv_links.csv,[786].venue,canonical_venue,2020 8th International Workshop on Biometrics and Forensics (IWBF)
data/manual/paper_arxiv_links.csv,[878].venue,canonical_venue,2023 IEEE/CVF Conference on Computer Vision and Pattern Recognition Workshops (CVPRW)
data/manual/paper_arxiv_links.csv,[999].venue,canonical_venue,Proceedings of the 1st International Workshop on Multimedia AI against Disinformation
data/manual/paper_arxiv_links.csv,[1046].venue,canonical_venue,2020 IEEE/CVF Conference on Computer Vision and Pattern Recognition Workshops (CVPRW)
data/manual/paper_arxiv_links.csv,[1059].venue,canonical_venue,2021 IEEE/CVF International Conference on Computer Vision Workshops (ICCVW)
data/manual/paper_arxiv_links.csv,[1066].venue,canonical_venue,2021 IEEE/CVF Conference on Computer Vision and Pattern Recognition Workshops (CVPRW)
data/manual/paper_arxiv_links.csv,[1074].venue,canonical_venue,Proceedings of the 1st Workshop on Security Implications of Deepfakes and Cheapfakes
data/manual/paper_arxiv_links.csv,[1182].venue,canonical_venue,2015 IEEE International Workshop on Information Forensics and Security (WIFS)
data/manual/paper_arxiv_links.csv,[1258].venue,canonical_venue,Proceedings of the 9th workshop on Multimedia &amp; security - MM&amp;Sec '07
data/manual/paper_arxiv_links.csv,[1318].venue,canonical_venue,2023 IEEE/CVF Conference on Computer Vision and Pattern Recognition Workshops (CVPRW)
data/manual/paper_arxiv_links.csv,[1374].venue,canonical_venue,2017 IEEE Workshop on Information Forensics and Security (WIFS)
data/manual/paper_arxiv_links.csv,[1512].venue,canonical_venue,Proceedings of the Fourth Workshop on Vision and Language
data/manual/paper_arxiv_links.csv,[1683].venue,canonical_venue,2020 IEEE International Workshop on Information Forensics and Security (WIFS)
data/manual/paper_arxiv_links.csv,[1695].venue,canonical_venue,2018 IEEE Security and Privacy Workshops (SPW)
data/manual/paper_arxiv_links.csv,[1800].venue,canonical_venue,2023 IEEE/CVF Conference on Computer Vision and Pattern Recognition Workshops (CVPRW)
data/manual/paper_arxiv_links.csv,[2106].venue,canonical_venue,Proceedings of the Workshop on Human-In-the-Loop Data Analytics
data/manual/paper_arxiv_links.csv,[2285].venue,canonical_venue,2023 IEEE/CVF Conference on Computer Vision and Pattern Recognition Workshops (CVPRW)
data/manual/paper_arxiv_links.csv,[2286].venue,canonical_venue,2019 IEEE International Workshop on Information Forensics and Security (WIFS)
data/manual/paper_arxiv_links.csv,[2294].venue,canonical_venue,2023 IEEE/CVF International Conference on Computer Vision Workshops (ICCVW)
data/manual/paper_arxiv_links.csv,[2329].venue,canonical_venue,2026 IEEE 16th Annual Computing and Communication Workshop and Conference (CCWC)
data/manual/paper_arxiv_links.csv,[2331].venue,canonical_venue,Proceedings of the 4th Workshop on Security Implications of Deepfakes and Cheapfakes
data/manual/paper_arxiv_links.csv,[2332].venue,canonical_venue,Proceedings of the ACM Workshop on Information Hiding and Multimedia Security
data/manual/paper_arxiv_links.csv,[2334].venue,canonical_venue,2025 IEEE/CVF Winter Conference on Applications of Computer Vision Workshops (WACVW)
data/manual/paper_preview_without_map_location.csv,[94].venue,canonical_venue,2023 IEEE/CVF Conference on Computer Vision and Pattern Recognition Workshops (CVPRW)
data/manual/paper_preview_without_map_location.csv,[104].venue,canonical_venue,2023 IEEE/CVF Conference on Computer Vision and Pattern Recognition Workshops (CVPRW)
data/manual/paper_preview_without_map_location.csv,[124].venue,canonical_venue,Proceedings of the 1st International Workshop on Multimedia AI against Disinformation
data/manual/paper_preview_without_map_location.csv,[152].venue,canonical_venue,2020 IEEE International Workshop on Information Forensics and Security (WIFS)
data/processed/author_affiliation_review.csv,[38].venue,canonical_venue,Workshop on Security Implications of Deepfakes and Cheapfakes
data/processed/author_affiliation_review.csv,[45].venue,canonical_venue,ACM Workshop on Information Hiding and Multimedia Security
data/processed/author_affiliation_review.csv,[49].venue,canonical_venue,Workshop on Security Implications of Deepfakes and Cheapfakes
data/processed/author_affiliation_review.csv,[135].venue,canonical_venue,ACM Workshop on Information Hiding and Multimedia Security
data/processed/author_affiliation_review.csv,[140].venue,canonical_venue,IEEE International Workshop on Information Forensics and Security
data/processed/author_affiliation_review.csv,[168].venue,canonical_venue,ACM International Workshop on Multimedia AI against Disinformation
data/processed/author_affiliation_review.csv,[178].venue,canonical_venue,ACM International Workshop on Multimedia AI against Disinformation
data/processed/author_affiliation_review.csv,[195].venue,canonical_venue,ACM International Workshop on Multimedia AI against Disinformation
data/processed/author_affiliation_review.csv,[224].venue,canonical_venue,IEEE International Workshop on Information Forensics and Security
data/processed/author_affiliation_review.csv,[227].venue,canonical_venue,IEEE International Workshop on Information Forensics and Security
data/processed/author_affiliation_review.csv,[245].venue,canonical_venue,ACM International Workshop on Multimedia AI against Disinformation
data/processed/author_affiliation_review.csv,[259].venue,canonical_venue,ACM Workshop on Information Hiding and Multimedia Security
data/processed/author_affiliation_review.csv,[260].venue,canonical_venue,ACM Workshop on Information Hiding and Multimedia Security
data/processed/author_affiliation_review.csv,[326].venue,canonical_venue,ACM International Workshop on Multimedia AI against Disinformation
data/processed/author_affiliation_review.csv,[362].venue,canonical_venue,ACM International Workshop on Multimedia AI against Disinformation
data/processed/author_affiliation_review.csv,[366].venue,canonical_venue,IEEE 16th Annual Computing and Communication Workshop and Conference
data/processed/author_affiliation_review.csv,[377].venue,canonical_venue,Image Analysis and Processing - ICIAP 2025 Workshops: 23rd International Conference
data/processed/author_affiliation_review.csv,[424].venue,canonical_venue,IEEE International Workshop on Information Forensics and Security
data/processed/author_affiliation_review.csv,[452].venue,canonical_venue,IEEE International Workshop on Information Forensics and Security
data/processed/author_affiliation_review.csv,[463].venue,canonical_venue,IEEE International Workshop on Information Forensics and Security
data/processed/author_affiliation_review.csv,[486].venue,canonical_venue,2023 IEEE International Conference on Data Mining Workshops (ICDMW)
data/processed/author_affiliation_review.csv,[505].venue,canonical_venue,Proceedings of the 1st International Workshop on Multimedia AI against Disinformation
data/processed/author_affiliation_review.csv,[531].venue,canonical_venue,2020 IEEE Security and Privacy Workshops (SPW)
data/processed/author_affiliation_review.csv,[532].venue,canonical_venue,IEEE International Workshop on Information Forensics and Security
data/processed/canonical_venues.json,[0].aliases[2],source_alias,IEEE/CVF Conference on Computer Vision and Pattern Recognition (CVPR) Workshops
data/processed/canonical_venues.json,[0].aliases[3],source_alias,IEEE/CVF Conference on Computer Vision and Pattern Recognition Workshops
data/processed/canonical_venues.json,[0].aliases[4],source_alias,IEEE/CVF Conference on Computer Vision and Pattern Recognition Workshops (CVPRW)
data/processed/canonical_venues.json,[0].aliases[6],source_alias,CVPRW
data/processed/canonical_venues.json,[0].aliases[9],source_alias,2024 IEEE/CVF Conference on Computer Vision and Pattern Recognition Workshops (CVPRW)
data/processed/canonical_venues.json,[1].aliases[2],source_alias,IEEE/CVF Winter Conference on Applications of Computer Vision (WACV) Workshops
data/processed/canonical_venues.json,[1].aliases[3],source_alias,IEEE/CVF Winter Conference on Applications of Computer Vision (WACV) Workshop
data/processed/canonical_venues.json,[1].aliases[4],source_alias,IEEE/CVF Winter Conference on Applications of Computer Vision Workshops (WACVW)
data/processed/canonical_venues.json,[1].aliases[5],source_alias,IEEE/CVF Winter Conference on Applications of Computer Vision Workshop (WACVW)
data/processed/canonical_venues.json,[1].aliases[6],source_alias,IEEE/CVF Winter Conference on Applications of Computer Vision (WACVW) Workshops
data/processed/canonical_venues.json,[1].aliases[7],source_alias,IEEE/CVF Winter Conference on Applications of Computer Vision (WACVW) Workshop
data/processed/canonical_venues.json,[1].aliases[8],source_alias,WACVW
data/processed/canonical_venues.json,[8].venue_id,canonical_id,venue:lncs
data/processed/canonical_venues.json,[8].venue_acronym,canonical_acronym,LNCS
data/processed/canonical_venues.json,[10].venue_name,canonical_venue,ACM Workshop on Information Hiding and Multimedia Security
data/processed/canonical_venues.json,[10].aliases[0],source_alias,ACM Workshop on Information Hiding and Multimedia Security (IH&MMSec)
data/processed/canonical_venues.json,[10].aliases[1],source_alias,ACM Workshop on Information Hiding and Multimedia Security
data/processed/canonical_venues.json,[11].aliases[2],source_alias,IEEE/CVF International Conference on Computer Vision Workshops (ICCVW)
data/processed/canonical_venues.json,[11].aliases[3],source_alias,ICCVW
data/processed/canonical_venues.json,[11].aliases[4],source_alias,ICCV Workshops
data/processed/canonical_venues.json,[14].venue_name,canonical_venue,IEEE International Workshop on Information Forensics and Security
data/processed/canonical_venues.json,[14].aliases[0],source_alias,IEEE International Workshop on Information Forensics and Security (WIFS)
data/processed/canonical_venues.json,[14].aliases[1],source_alias,IEEE International Workshop on Information Forensics and Security
data/processed/canonical_venues.json,[14].aliases[3],source_alias,2020 IEEE International Workshop on Information Forensics and Security (WIFS)
data/processed/canonical_venues.json,[14].aliases[4],source_alias,2024 IEEE International Workshop on Information Forensics and Security (WIFS)
data/processed/canonical_venues.json,[14].aliases[5],source_alias,2019 IEEE International Workshop on Information Forensics and Security (WIFS)
data/processed/canonical_venues.json,[16].aliases[3],source_alias,"Proceedings of the 1st on Deepfake Forensics Workshop: Detection, Attribution, Recognition, and Adversarial Challenges in the Era of AI-Generated Media"
data/processed/canonical_venues.json,[17].venue_name,canonical_venue,ACM International Workshop on Multimedia AI against Disinformation
data/processed/canonical_venues.json,[17].aliases[0],source_alias,ACM International Workshop on Multimedia AI against Disinformation (MAD)
data/processed/canonical_venues.json,[17].aliases[1],source_alias,ACM International Workshop on Multimedia AI against Disinformation
data/processed/canonical_venues.json,[17].aliases[2],source_alias,Proceedings of the 1st International Workshop on Multimedia AI against Disinformation
data/processed/canonical_venues.json,[26].aliases[2],source_alias,European Conference on Computer Vision (ECCV) Workshops
data/processed/canonical_venues.json,[26].aliases[3],source_alias,Computer Vision – ECCV 2024 Workshops
data/processed/canonical_venues.json,[66].venue_id,canonical_id,venue:workshop-on-security-implications-of-deepfakes-and-cheapfakes
data/processed/canonical_venues.json,[66].venue_name,canonical_venue,Workshop on Security Implications of Deepfakes and Cheapfakes
data/processed/canonical_venues.json,[66].aliases[0],source_alias,Workshop on Security Implications of Deepfakes and Cheapfakes
data/processed/canonical_venues.json,[92].aliases[2],source_alias,2020 IEEE Security and Privacy Workshops (SPW)
data/processed/canonical_venues.json,[92].aliases[3],source_alias,SPW
data/processed/canonical_venues.json,[92].aliases[6],source_alias,IEEE Security and Privacy Workshops
data/processed/canonical_venues.json,[93].aliases[1],source_alias,IEEE European Symposium on Security and Privacy Workshops
data/processed/canonical_venues.json,[93].aliases[2],source_alias,2026 IEEE European Symposium on Security and Privacy Workshops (EuroS&PW)
data/processed/canonical_venues.json,[93].aliases[3],source_alias,EuroS&PW
data/processed/canonical_venues.json,[94].aliases[1],source_alias,2023 IEEE International Conference on Data Mining Workshops (ICDMW)
data/processed/canonical_venues.json,[94].aliases[2],source_alias,ICDMW
data/processed/canonical_venues.json,[95].venue_id,canonical_id,venue:ieee-annual-computing-and-communication-workshop-and-conference
data/processed/canonical_venues.json,[95].venue_name,canonical_venue,IEEE Annual Computing and Communication Workshop and Conference
data/processed/canonical_venues.json,[95].aliases[0],source_alias,IEEE Annual Computing and Communication Workshop and Conference
data/processed/canonical_venues.json,[95].aliases[2],source_alias,2026 IEEE 16th Annual Computing and Communication Workshop and Conference (CCWC)
data/processed/canonical_venues.json,[195].aliases[1],source_alias,Image Analysis and Processing - ICIAP 2025 Workshops: 23rd International Conference
data/processed/full_source_completeness_audit.csv,[8].venue,canonical_venue,IEEE Annual Computing and Communication Workshop and Conference
data/processed/full_source_completeness_audit.csv,[12].venue,canonical_venue,Workshop on Security Implications of Deepfakes and Cheapfakes
data/processed/full_source_completeness_audit.csv,[14].venue,canonical_venue,ACM Workshop on Information Hiding and Multimedia Security
data/processed/full_source_completeness_audit.csv,[65].venue,canonical_venue,IEEE International Workshop on Information Forensics and Security
data/processed/missing_author_mappings_report.csv,[37].venue,canonical_venue,Workshop on Security Implications of Deepfakes and Cheapfakes
data/processed/missing_author_mappings_report.csv,[44].venue,canonical_venue,ACM Workshop on Information Hiding and Multimedia Security
data/processed/missing_author_mappings_report.csv,[48].venue,canonical_venue,Workshop on Security Implications of Deepfakes and Cheapfakes
data/processed/missing_author_mappings_report.csv,[132].venue,canonical_venue,ACM Workshop on Information Hiding and Multimedia Security
data/processed/missing_author_mappings_report.csv,[137].venue,canonical_venue,IEEE International Workshop on Information Forensics and Security
data/processed/missing_author_mappings_report.csv,[165].venue,canonical_venue,ACM International Workshop on Multimedia AI against Disinformation
data/processed/missing_author_mappings_report.csv,[170].venue,canonical_venue,IEEE International Workshop on Information Forensics and Security
data/processed/missing_author_mappings_report.csv,[175].venue,canonical_venue,ACM International Workshop on Multimedia AI against Disinformation
data/processed/missing_author_mappings_report.csv,[191].venue,canonical_venue,ACM International Workshop on Multimedia AI against Disinformation
data/processed/missing_author_mappings_report.csv,[221].venue,canonical_venue,IEEE International Workshop on Information Forensics and Security
data/processed/missing_author_mappings_report.csv,[224].venue,canonical_venue,IEEE International Workshop on Information Forensics and Security
data/processed/missing_author_mappings_report.csv,[245].venue,canonical_venue,ACM International Workshop on Multimedia AI against Disinformation
data/processed/missing_author_mappings_report.csv,[261].venue,canonical_venue,ACM Workshop on Information Hiding and Multimedia Security
data/processed/missing_author_mappings_report.csv,[262].venue,canonical_venue,ACM Workshop on Information Hiding and Multimedia Security
data/processed/missing_author_mappings_report.csv,[341].venue,canonical_venue,ACM International Workshop on Multimedia AI against Disinformation
data/processed/missing_author_mappings_report.csv,[386].venue,canonical_venue,ACM International Workshop on Multimedia AI against Disinformation
data/processed/missing_author_mappings_report.csv,[391].venue,canonical_venue,IEEE Annual Computing and Communication Workshop and Conference
data/processed/missing_author_mappings_report.csv,[460].venue,canonical_venue,IEEE International Workshop on Information Forensics and Security
data/processed/missing_author_mappings_report.csv,[488].venue,canonical_venue,IEEE International Workshop on Information Forensics and Security
data/processed/missing_author_mappings_report.csv,[500].venue,canonical_venue,IEEE International Workshop on Information Forensics and Security
data/processed/missing_author_mappings_report.csv,[570].venue,canonical_venue,IEEE International Workshop on Information Forensics and Security
data/processed/openalex_candidate_papers.before_top50_import.csv,[3].venue,canonical_venue,2024 IEEE/CVF Conference on Computer Vision and Pattern Recognition Workshops (CVPRW)
data/processed/openalex_candidate_papers.before_top50_import.csv,[3].venue_name,canonical_venue,2024 IEEE/CVF Conference on Computer Vision and Pattern Recognition Workshops (CVPRW)
data/processed/openalex_candidate_papers.before_top50_import.csv,[95].venue,canonical_venue,3rd ACM International Workshop on Multimedia AI against Disinformation
data/processed/openalex_candidate_papers.before_top50_import.csv,[95].venue_name,canonical_venue,3rd ACM International Workshop on Multimedia AI against Disinformation
data/processed/openalex_candidate_papers.before_top50_import.csv,[102].venue,canonical_venue,Proceedings of the 2024 ACM Workshop on Information Hiding and Multimedia Security
data/processed/openalex_candidate_papers.before_top50_import.csv,[102].venue_name,canonical_venue,Proceedings of the 2024 ACM Workshop on Information Hiding and Multimedia Security
data/processed/openalex_candidate_papers.before_top50_import.csv,[124].venue,canonical_venue,2023 IEEE/CVF International Conference on Computer Vision Workshops (ICCVW)
data/processed/openalex_candidate_papers.before_top50_import.csv,[124].venue_name,canonical_venue,2023 IEEE/CVF International Conference on Computer Vision Workshops (ICCVW)
data/processed/openalex_candidate_papers.before_top50_import.csv,[126].venue,canonical_venue,2024 IEEE International Workshop on Information Forensics and Security (WIFS)
data/processed/openalex_candidate_papers.before_top50_import.csv,[126].venue_name,canonical_venue,2024 IEEE International Workshop on Information Forensics and Security (WIFS)
data/processed/openalex_candidate_papers.before_top50_import.csv,[127].venue,canonical_venue,2023 IEEE International Conference on Data Mining Workshops (ICDMW)
data/processed/openalex_candidate_papers.before_top50_import.csv,[127].venue_name,canonical_venue,2023 IEEE International Conference on Data Mining Workshops (ICDMW)
data/processed/openalex_candidate_papers.before_top50_import.csv,[159].venue,canonical_venue,Proceedings of the 5th ACM International Workshop on Multimedia AI against Disinformation
data/processed/openalex_candidate_papers.before_top50_import.csv,[159].venue_name,canonical_venue,Proceedings of the 5th ACM International Workshop on Multimedia AI against Disinformation
data/processed/openalex_candidate_papers.before_top50_import.csv,[193].venue,canonical_venue,Proceedings of the 5th ACM International Workshop on Multimedia AI against Disinformation
data/processed/openalex_candidate_papers.before_top50_import.csv,[193].venue_name,canonical_venue,Proceedings of the 5th ACM International Workshop on Multimedia AI against Disinformation
data/processed/openalex_candidate_papers.before_top50_import.csv,[206].venue,canonical_venue,Proceedings of the Fifth International Workshop on Natural Language Processing for Social Media
data/processed/openalex_candidate_papers.before_top50_import.csv,[206].venue_name,canonical_venue,Proceedings of the Fifth International Workshop on Natural Language Processing for Social Media
data/processed/openalex_candidate_papers.before_top50_import.csv,[207].venue,canonical_venue,Proceedings of the 4th Workshop on Security Implications of Deepfakes and Cheapfakes
data/processed/openalex_candidate_papers.before_top50_import.csv,[207].venue_name,canonical_venue,Proceedings of the 4th Workshop on Security Implications of Deepfakes and Cheapfakes
data/processed/openalex_candidate_papers.before_top50_import.csv,[243].venue,canonical_venue,2018 IEEE International Workshop on Information Forensics and Security (WIFS)
data/processed/openalex_candidate_papers.before_top50_import.csv,[243].venue_name,canonical_venue,2018 IEEE International Workshop on Information Forensics and Security (WIFS)
data/processed/openalex_candidate_papers.before_top50_import.csv,[247].venue,canonical_venue,Proceedings of the 2nd ACM International Workshop on Multimedia AI against Disinformation
data/processed/openalex_candidate_papers.before_top50_import.csv,[247].venue_name,canonical_venue,Proceedings of the 2nd ACM International Workshop on Multimedia AI against Disinformation
data/processed/openalex_candidate_papers.before_top50_import.csv,[436].venue,canonical_venue,2019 IEEE International Workshop on Information Forensics and Security (WIFS)
data/processed/openalex_candidate_papers.before_top50_import.csv,[436].venue_name,canonical_venue,2019 IEEE International Workshop on Information Forensics and Security (WIFS)
data/processed/openalex_candidate_papers.before_top50_import.csv,[453].venue,canonical_venue,3rd ACM International Workshop on Multimedia AI against Disinformation
data/processed/openalex_candidate_papers.before_top50_import.csv,[453].venue_name,canonical_venue,3rd ACM International Workshop on Multimedia AI against Disinformation
data/processed/openalex_candidate_papers.before_top50_import.csv,[525].venue,canonical_venue,2023 IEEE/CVF Conference on Computer Vision and Pattern Recognition Workshops (CVPRW)
data/processed/openalex_candidate_papers.before_top50_import.csv,[525].venue_name,canonical_venue,2023 IEEE/CVF Conference on Computer Vision and Pattern Recognition Workshops (CVPRW)
data/processed/openalex_candidate_papers.before_top50_import.csv,[588].venue,canonical_venue,2024 IEEE/CVF Conference on Computer Vision and Pattern Recognition Workshops (CVPRW)
data/processed/openalex_candidate_papers.before_top50_import.csv,[588].venue_name,canonical_venue,2024 IEEE/CVF Conference on Computer Vision and Pattern Recognition Workshops (CVPRW)
data/processed/openalex_candidate_papers.before_top50_import.csv,[702].venue,canonical_venue,Proceedings of the Workshop on Linking Natural Language Processing and Biology Towards Deeper Biological Literature Analysis - BioNLP '06
data/processed/openalex_candidate_papers.before_top50_import.csv,[702].venue_name,canonical_venue,Proceedings of the Workshop on Linking Natural Language Processing and Biology Towards Deeper Biological Literature Analysis - BioNLP '06
data/processed/openalex_candidate_papers.before_top50_import.csv,[786].venue,canonical_venue,2020 8th International Workshop on Biometrics and Forensics (IWBF)
data/processed/openalex_candidate_papers.before_top50_import.csv,[786].venue_name,canonical_venue,2020 8th International Workshop on Biometrics and Forensics (IWBF)
data/processed/openalex_candidate_papers.before_top50_import.csv,[878].venue,canonical_venue,2023 IEEE/CVF Conference on Computer Vision and Pattern Recognition Workshops (CVPRW)
data/processed/openalex_candidate_papers.before_top50_import.csv,[878].venue_name,canonical_venue,2023 IEEE/CVF Conference on Computer Vision and Pattern Recognition Workshops (CVPRW)
data/processed/openalex_candidate_papers.before_top50_import.csv,[999].venue,canonical_venue,Proceedings of the 1st International Workshop on Multimedia AI against Disinformation
data/processed/openalex_candidate_papers.before_top50_import.csv,[999].venue_name,canonical_venue,Proceedings of the 1st International Workshop on Multimedia AI against Disinformation
data/processed/openalex_candidate_papers.before_top50_import.csv,[1046].venue,canonical_venue,2020 IEEE/CVF Conference on Computer Vision and Pattern Recognition Workshops (CVPRW)
data/processed/openalex_candidate_papers.before_top50_import.csv,[1046].venue_name,canonical_venue,2020 IEEE/CVF Conference on Computer Vision and Pattern Recognition Workshops (CVPRW)
data/processed/openalex_candidate_papers.before_top50_import.csv,[1059].venue,canonical_venue,2021 IEEE/CVF International Conference on Computer Vision Workshops (ICCVW)
data/processed/openalex_candidate_papers.before_top50_import.csv,[1059].venue_name,canonical_venue,2021 IEEE/CVF International Conference on Computer Vision Workshops (ICCVW)
data/processed/openalex_candidate_papers.before_top50_import.csv,[1066].venue,canonical_venue,2021 IEEE/CVF Conference on Computer Vision and Pattern Recognition Workshops (CVPRW)
data/processed/openalex_candidate_papers.before_top50_import.csv,[1066].venue_name,canonical_venue,2021 IEEE/CVF Conference on Computer Vision and Pattern Recognition Workshops (CVPRW)
data/processed/openalex_candidate_papers.before_top50_import.csv,[1074].venue,canonical_venue,Proceedings of the 1st Workshop on Security Implications of Deepfakes and Cheapfakes
data/processed/openalex_candidate_papers.before_top50_import.csv,[1074].venue_name,canonical_venue,Proceedings of the 1st Workshop on Security Implications of Deepfakes and Cheapfakes
data/processed/openalex_candidate_papers.before_top50_import.csv,[1182].venue,canonical_venue,2015 IEEE International Workshop on Information Forensics and Security (WIFS)
data/processed/openalex_candidate_papers.before_top50_import.csv,[1182].venue_name,canonical_venue,2015 IEEE International Workshop on Information Forensics and Security (WIFS)
data/processed/openalex_candidate_papers.before_top50_import.csv,[1258].venue,canonical_venue,Proceedings of the 9th workshop on Multimedia &amp; security - MM&amp;Sec '07
data/processed/openalex_candidate_papers.before_top50_import.csv,[1258].venue_name,canonical_venue,Proceedings of the 9th workshop on Multimedia &amp; security - MM&amp;Sec '07
data/processed/openalex_candidate_papers.before_top50_import.csv,[1318].venue,canonical_venue,2023 IEEE/CVF Conference on Computer Vision and Pattern Recognition Workshops (CVPRW)
data/processed/openalex_candidate_papers.before_top50_import.csv,[1318].venue_name,canonical_venue,2023 IEEE/CVF Conference on Computer Vision and Pattern Recognition Workshops (CVPRW)
data/processed/openalex_candidate_papers.before_top50_import.csv,[1374].venue,canonical_venue,2017 IEEE Workshop on Information Forensics and Security (WIFS)
data/processed/openalex_candidate_papers.before_top50_import.csv,[1374].venue_name,canonical_venue,2017 IEEE Workshop on Information Forensics and Security (WIFS)
data/processed/openalex_candidate_papers.before_top50_import.csv,[1512].venue,canonical_venue,Proceedings of the Fourth Workshop on Vision and Language
data/processed/openalex_candidate_papers.before_top50_import.csv,[1512].venue_name,canonical_venue,Proceedings of the Fourth Workshop on Vision and Language
data/processed/openalex_candidate_papers.before_top50_import.csv,[1683].venue,canonical_venue,2020 IEEE International Workshop on Information Forensics and Security (WIFS)
data/processed/openalex_candidate_papers.before_top50_import.csv,[1683].venue_name,canonical_venue,2020 IEEE International Workshop on Information Forensics and Security (WIFS)
data/processed/openalex_candidate_papers.before_top50_import.csv,[1695].venue,canonical_venue,2018 IEEE Security and Privacy Workshops (SPW)
data/processed/openalex_candidate_papers.before_top50_import.csv,[1695].venue_name,canonical_venue,2018 IEEE Security and Privacy Workshops (SPW)
data/processed/openalex_candidate_papers.before_top50_import.csv,[1800].venue,canonical_venue,2023 IEEE/CVF Conference on Computer Vision and Pattern Recognition Workshops (CVPRW)
data/processed/openalex_candidate_papers.before_top50_import.csv,[1800].venue_name,canonical_venue,2023 IEEE/CVF Conference on Computer Vision and Pattern Recognition Workshops (CVPRW)
data/processed/openalex_candidate_papers.before_top50_import.csv,[2106].venue,canonical_venue,Proceedings of the Workshop on Human-In-the-Loop Data Analytics
data/processed/openalex_candidate_papers.before_top50_import.csv,[2106].venue_name,canonical_venue,Proceedings of the Workshop on Human-In-the-Loop Data Analytics
data/processed/openalex_candidate_papers.csv,[3].venue,canonical_venue,2024 IEEE/CVF Conference on Computer Vision and Pattern Recognition Workshops (CVPRW)
data/processed/openalex_candidate_papers.csv,[3].venue_name,canonical_venue,2024 IEEE/CVF Conference on Computer Vision and Pattern Recognition Workshops (CVPRW)
data/processed/openalex_candidate_papers.csv,[95].venue,canonical_venue,3rd ACM International Workshop on Multimedia AI against Disinformation
data/processed/openalex_candidate_papers.csv,[95].venue_name,canonical_venue,3rd ACM International Workshop on Multimedia AI against Disinformation
data/processed/openalex_candidate_papers.csv,[102].venue,canonical_venue,Proceedings of the 2024 ACM Workshop on Information Hiding and Multimedia Security
data/processed/openalex_candidate_papers.csv,[102].venue_name,canonical_venue,Proceedings of the 2024 ACM Workshop on Information Hiding and Multimedia Security
data/processed/openalex_candidate_papers.csv,[124].venue,canonical_venue,2023 IEEE/CVF International Conference on Computer Vision Workshops (ICCVW)
data/processed/openalex_candidate_papers.csv,[124].venue_name,canonical_venue,2023 IEEE/CVF International Conference on Computer Vision Workshops (ICCVW)
data/processed/openalex_candidate_papers.csv,[126].venue,canonical_venue,2024 IEEE International Workshop on Information Forensics and Security (WIFS)
data/processed/openalex_candidate_papers.csv,[126].venue_name,canonical_venue,2024 IEEE International Workshop on Information Forensics and Security (WIFS)
data/processed/openalex_candidate_papers.csv,[127].venue,canonical_venue,2023 IEEE International Conference on Data Mining Workshops (ICDMW)
data/processed/openalex_candidate_papers.csv,[127].venue_name,canonical_venue,2023 IEEE International Conference on Data Mining Workshops (ICDMW)
data/processed/openalex_candidate_papers.csv,[159].venue,canonical_venue,Proceedings of the 5th ACM International Workshop on Multimedia AI against Disinformation
data/processed/openalex_candidate_papers.csv,[159].venue_name,canonical_venue,Proceedings of the 5th ACM International Workshop on Multimedia AI against Disinformation
data/processed/openalex_candidate_papers.csv,[193].venue,canonical_venue,Proceedings of the 5th ACM International Workshop on Multimedia AI against Disinformation
data/processed/openalex_candidate_papers.csv,[193].venue_name,canonical_venue,Proceedings of the 5th ACM International Workshop on Multimedia AI against Disinformation
data/processed/openalex_candidate_papers.csv,[206].venue,canonical_venue,Proceedings of the Fifth International Workshop on Natural Language Processing for Social Media
data/processed/openalex_candidate_papers.csv,[206].venue_name,canonical_venue,Proceedings of the Fifth International Workshop on Natural Language Processing for Social Media
data/processed/openalex_candidate_papers.csv,[207].venue,canonical_venue,Proceedings of the 4th Workshop on Security Implications of Deepfakes and Cheapfakes
data/processed/openalex_candidate_papers.csv,[207].venue_name,canonical_venue,Proceedings of the 4th Workshop on Security Implications of Deepfakes and Cheapfakes
data/processed/openalex_candidate_papers.csv,[243].venue,canonical_venue,2018 IEEE International Workshop on Information Forensics and Security (WIFS)
data/processed/openalex_candidate_papers.csv,[243].venue_name,canonical_venue,2018 IEEE International Workshop on Information Forensics and Security (WIFS)
data/processed/openalex_candidate_papers.csv,[247].venue,canonical_venue,Proceedings of the 2nd ACM International Workshop on Multimedia AI against Disinformation
data/processed/openalex_candidate_papers.csv,[247].venue_name,canonical_venue,Proceedings of the 2nd ACM International Workshop on Multimedia AI against Disinformation
data/processed/openalex_candidate_papers.csv,[436].venue,canonical_venue,2019 IEEE International Workshop on Information Forensics and Security (WIFS)
data/processed/openalex_candidate_papers.csv,[436].venue_name,canonical_venue,2019 IEEE International Workshop on Information Forensics and Security (WIFS)
data/processed/openalex_candidate_papers.csv,[453].venue,canonical_venue,3rd ACM International Workshop on Multimedia AI against Disinformation
data/processed/openalex_candidate_papers.csv,[453].venue_name,canonical_venue,3rd ACM International Workshop on Multimedia AI against Disinformation
data/processed/openalex_candidate_papers.csv,[525].venue,canonical_venue,2023 IEEE/CVF Conference on Computer Vision and Pattern Recognition Workshops (CVPRW)
data/processed/openalex_candidate_papers.csv,[525].venue_name,canonical_venue,2023 IEEE/CVF Conference on Computer Vision and Pattern Recognition Workshops (CVPRW)
data/processed/openalex_candidate_papers.csv,[588].venue,canonical_venue,2024 IEEE/CVF Conference on Computer Vision and Pattern Recognition Workshops (CVPRW)
data/processed/openalex_candidate_papers.csv,[588].venue_name,canonical_venue,2024 IEEE/CVF Conference on Computer Vision and Pattern Recognition Workshops (CVPRW)
data/processed/openalex_candidate_papers.csv,[702].venue,canonical_venue,Proceedings of the Workshop on Linking Natural Language Processing and Biology Towards Deeper Biological Literature Analysis - BioNLP '06
data/processed/openalex_candidate_papers.csv,[702].venue_name,canonical_venue,Proceedings of the Workshop on Linking Natural Language Processing and Biology Towards Deeper Biological Literature Analysis - BioNLP '06
data/processed/openalex_candidate_papers.csv,[786].venue,canonical_venue,2020 8th International Workshop on Biometrics and Forensics (IWBF)
data/processed/openalex_candidate_papers.csv,[786].venue_name,canonical_venue,2020 8th International Workshop on Biometrics and Forensics (IWBF)
data/processed/openalex_candidate_papers.csv,[878].venue,canonical_venue,2023 IEEE/CVF Conference on Computer Vision and Pattern Recognition Workshops (CVPRW)
data/processed/openalex_candidate_papers.csv,[878].venue_name,canonical_venue,2023 IEEE/CVF Conference on Computer Vision and Pattern Recognition Workshops (CVPRW)
data/processed/openalex_candidate_papers.csv,[999].venue,canonical_venue,Proceedings of the 1st International Workshop on Multimedia AI against Disinformation
data/processed/openalex_candidate_papers.csv,[999].venue_name,canonical_venue,Proceedings of the 1st International Workshop on Multimedia AI against Disinformation
data/processed/openalex_candidate_papers.csv,[1046].venue,canonical_venue,2020 IEEE/CVF Conference on Computer Vision and Pattern Recognition Workshops (CVPRW)
data/processed/openalex_candidate_papers.csv,[1046].venue_name,canonical_venue,2020 IEEE/CVF Conference on Computer Vision and Pattern Recognition Workshops (CVPRW)
data/processed/openalex_candidate_papers.csv,[1059].venue,canonical_venue,2021 IEEE/CVF International Conference on Computer Vision Workshops (ICCVW)
data/processed/openalex_candidate_papers.csv,[1059].venue_name,canonical_venue,2021 IEEE/CVF International Conference on Computer Vision Workshops (ICCVW)
data/processed/openalex_candidate_papers.csv,[1066].venue,canonical_venue,2021 IEEE/CVF Conference on Computer Vision and Pattern Recognition Workshops (CVPRW)
data/processed/openalex_candidate_papers.csv,[1066].venue_name,canonical_venue,2021 IEEE/CVF Conference on Computer Vision and Pattern Recognition Workshops (CVPRW)
data/processed/openalex_candidate_papers.csv,[1074].venue,canonical_venue,Proceedings of the 1st Workshop on Security Implications of Deepfakes and Cheapfakes
data/processed/openalex_candidate_papers.csv,[1074].venue_name,canonical_venue,Proceedings of the 1st Workshop on Security Implications of Deepfakes and Cheapfakes
data/processed/openalex_candidate_papers.csv,[1182].venue,canonical_venue,2015 IEEE International Workshop on Information Forensics and Security (WIFS)
data/processed/openalex_candidate_papers.csv,[1182].venue_name,canonical_venue,2015 IEEE International Workshop on Information Forensics and Security (WIFS)
data/processed/openalex_candidate_papers.csv,[1258].venue,canonical_venue,Proceedings of the 9th workshop on Multimedia &amp; security - MM&amp;Sec '07
data/processed/openalex_candidate_papers.csv,[1258].venue_name,canonical_venue,Proceedings of the 9th workshop on Multimedia &amp; security - MM&amp;Sec '07
data/processed/openalex_candidate_papers.csv,[1318].venue,canonical_venue,2023 IEEE/CVF Conference on Computer Vision and Pattern Recognition Workshops (CVPRW)
data/processed/openalex_candidate_papers.csv,[1318].venue_name,canonical_venue,2023 IEEE/CVF Conference on Computer Vision and Pattern Recognition Workshops (CVPRW)
data/processed/openalex_candidate_papers.csv,[1374].venue,canonical_venue,2017 IEEE Workshop on Information Forensics and Security (WIFS)
data/processed/openalex_candidate_papers.csv,[1374].venue_name,canonical_venue,2017 IEEE Workshop on Information Forensics and Security (WIFS)
data/processed/openalex_candidate_papers.csv,[1512].venue,canonical_venue,Proceedings of the Fourth Workshop on Vision and Language
data/processed/openalex_candidate_papers.csv,[1512].venue_name,canonical_venue,Proceedings of the Fourth Workshop on Vision and Language
data/processed/openalex_candidate_papers.csv,[1683].venue,canonical_venue,2020 IEEE International Workshop on Information Forensics and Security (WIFS)
data/processed/openalex_candidate_papers.csv,[1683].venue_name,canonical_venue,2020 IEEE International Workshop on Information Forensics and Security (WIFS)
data/processed/openalex_candidate_papers.csv,[1695].venue,canonical_venue,2018 IEEE Security and Privacy Workshops (SPW)
data/processed/openalex_candidate_papers.csv,[1695].venue_name,canonical_venue,2018 IEEE Security and Privacy Workshops (SPW)
data/processed/openalex_candidate_papers.csv,[1800].venue,canonical_venue,2023 IEEE/CVF Conference on Computer Vision and Pattern Recognition Workshops (CVPRW)
data/processed/openalex_candidate_papers.csv,[1800].venue_name,canonical_venue,2023 IEEE/CVF Conference on Computer Vision and Pattern Recognition Workshops (CVPRW)
data/processed/openalex_candidate_papers.csv,[2106].venue,canonical_venue,Proceedings of the Workshop on Human-In-the-Loop Data Analytics
data/processed/openalex_candidate_papers.csv,[2106].venue_name,canonical_venue,Proceedings of the Workshop on Human-In-the-Loop Data Analytics
data/processed/openalex_candidate_papers_in_scope.before_top50_import.csv,[0].venue,canonical_venue,2024 IEEE/CVF Conference on Computer Vision and Pattern Recognition Workshops (CVPRW)
data/processed/openalex_candidate_papers_in_scope.before_top50_import.csv,[0].venue_name,canonical_venue,2024 IEEE/CVF Conference on Computer Vision and Pattern Recognition Workshops (CVPRW)
data/processed/openalex_candidate_papers_in_scope.before_top50_import.csv,[14].venue,canonical_venue,3rd ACM International Workshop on Multimedia AI against Disinformation
data/processed/openalex_candidate_papers_in_scope.before_top50_import.csv,[14].venue_name,canonical_venue,3rd ACM International Workshop on Multimedia AI against Disinformation
data/processed/openalex_candidate_papers_in_scope.before_top50_import.csv,[18].venue,canonical_venue,2023 IEEE/CVF International Conference on Computer Vision Workshops (ICCVW)
data/processed/openalex_candidate_papers_in_scope.before_top50_import.csv,[18].venue_name,canonical_venue,2023 IEEE/CVF International Conference on Computer Vision Workshops (ICCVW)
data/processed/openalex_candidate_papers_in_scope.before_top50_import.csv,[20].venue,canonical_venue,2024 IEEE International Workshop on Information Forensics and Security (WIFS)
data/processed/openalex_candidate_papers_in_scope.before_top50_import.csv,[20].venue_name,canonical_venue,2024 IEEE International Workshop on Information Forensics and Security (WIFS)
data/processed/openalex_candidate_papers_in_scope.before_top50_import.csv,[21].venue,canonical_venue,2023 IEEE International Conference on Data Mining Workshops (ICDMW)
data/processed/openalex_candidate_papers_in_scope.before_top50_import.csv,[21].venue_name,canonical_venue,2023 IEEE International Conference on Data Mining Workshops (ICDMW)
data/processed/openalex_candidate_papers_in_scope.before_top50_import.csv,[35].venue,canonical_venue,Proceedings of the 5th ACM International Workshop on Multimedia AI against Disinformation
data/processed/openalex_candidate_papers_in_scope.before_top50_import.csv,[35].venue_name,canonical_venue,Proceedings of the 5th ACM International Workshop on Multimedia AI against Disinformation
data/processed/openalex_candidate_papers_in_scope.before_top50_import.csv,[53].venue,canonical_venue,Proceedings of the 5th ACM International Workshop on Multimedia AI against Disinformation
data/processed/openalex_candidate_papers_in_scope.before_top50_import.csv,[53].venue_name,canonical_venue,Proceedings of the 5th ACM International Workshop on Multimedia AI against Disinformation
data/processed/openalex_candidate_papers_in_scope.before_top50_import.csv,[56].venue,canonical_venue,Proceedings of the 4th Workshop on Security Implications of Deepfakes and Cheapfakes
data/processed/openalex_candidate_papers_in_scope.before_top50_import.csv,[56].venue_name,canonical_venue,Proceedings of the 4th Workshop on Security Implications of Deepfakes and Cheapfakes
data/processed/openalex_candidate_papers_in_scope.before_top50_import.csv,[70].venue,canonical_venue,Proceedings of the 2nd ACM International Workshop on Multimedia AI against Disinformation
data/processed/openalex_candidate_papers_in_scope.before_top50_import.csv,[70].venue_name,canonical_venue,Proceedings of the 2nd ACM International Workshop on Multimedia AI against Disinformation
data/processed/openalex_candidate_papers_in_scope.before_top50_import.csv,[84].venue,canonical_venue,2019 IEEE International Workshop on Information Forensics and Security (WIFS)
data/processed/openalex_candidate_papers_in_scope.before_top50_import.csv,[84].venue_name,canonical_venue,2019 IEEE International Workshop on Information Forensics and Security (WIFS)
data/processed/openalex_candidate_papers_in_scope.before_top50_import.csv,[89].venue,canonical_venue,3rd ACM International Workshop on Multimedia AI against Disinformation
data/processed/openalex_candidate_papers_in_scope.before_top50_import.csv,[89].venue_name,canonical_venue,3rd ACM International Workshop on Multimedia AI against Disinformation
data/processed/openalex_candidate_papers_in_scope.before_top50_import.csv,[93].venue,canonical_venue,2023 IEEE/CVF Conference on Computer Vision and Pattern Recognition Workshops (CVPRW)
data/processed/openalex_candidate_papers_in_scope.before_top50_import.csv,[93].venue_name,canonical_venue,2023 IEEE/CVF Conference on Computer Vision and Pattern Recognition Workshops (CVPRW)
data/processed/openalex_candidate_papers_in_scope.before_top50_import.csv,[127].venue,canonical_venue,Proceedings of the 1st International Workshop on Multimedia AI against Disinformation
data/processed/openalex_candidate_papers_in_scope.before_top50_import.csv,[127].venue_name,canonical_venue,Proceedings of the 1st International Workshop on Multimedia AI against Disinformation
data/processed/openalex_candidate_papers_in_scope.before_top50_import.csv,[190].venue,canonical_venue,2023 IEEE/CVF Conference on Computer Vision and Pattern Recognition Workshops (CVPRW)
data/processed/openalex_candidate_papers_in_scope.before_top50_import.csv,[190].venue_name,canonical_venue,2023 IEEE/CVF Conference on Computer Vision and Pattern Recognition Workshops (CVPRW)
data/processed/openalex_candidate_papers_in_scope.before_top50_import.csv,[205].venue,canonical_venue,2020 IEEE International Workshop on Information Forensics and Security (WIFS)
data/processed/openalex_candidate_papers_in_scope.before_top50_import.csv,[205].venue_name,canonical_venue,2020 IEEE International Workshop on Information Forensics and Security (WIFS)
data/processed/openalex_candidate_papers_in_scope.before_top50_import.csv,[213].venue,canonical_venue,2023 IEEE/CVF Conference on Computer Vision and Pattern Recognition Workshops (CVPRW)
data/processed/openalex_candidate_papers_in_scope.before_top50_import.csv,[213].venue_name,canonical_venue,2023 IEEE/CVF Conference on Computer Vision and Pattern Recognition Workshops (CVPRW)
data/processed/openalex_candidate_papers_in_scope.csv,[0].venue,canonical_venue,2024 IEEE/CVF Conference on Computer Vision and Pattern Recognition Workshops (CVPRW)
data/processed/openalex_candidate_papers_in_scope.csv,[0].venue_name,canonical_venue,2024 IEEE/CVF Conference on Computer Vision and Pattern Recognition Workshops (CVPRW)
data/processed/openalex_candidate_papers_in_scope.csv,[14].venue,canonical_venue,3rd ACM International Workshop on Multimedia AI against Disinformation
data/processed/openalex_candidate_papers_in_scope.csv,[14].venue_name,canonical_venue,3rd ACM International Workshop on Multimedia AI against Disinformation
data/processed/openalex_candidate_papers_in_scope.csv,[18].venue,canonical_venue,2023 IEEE/CVF International Conference on Computer Vision Workshops (ICCVW)
data/processed/openalex_candidate_papers_in_scope.csv,[18].venue_name,canonical_venue,2023 IEEE/CVF International Conference on Computer Vision Workshops (ICCVW)
data/processed/openalex_candidate_papers_in_scope.csv,[20].venue,canonical_venue,2024 IEEE International Workshop on Information Forensics and Security (WIFS)
data/processed/openalex_candidate_papers_in_scope.csv,[20].venue_name,canonical_venue,2024 IEEE International Workshop on Information Forensics and Security (WIFS)
data/processed/openalex_candidate_papers_in_scope.csv,[21].venue,canonical_venue,2023 IEEE International Conference on Data Mining Workshops (ICDMW)
data/processed/openalex_candidate_papers_in_scope.csv,[21].venue_name,canonical_venue,2023 IEEE International Conference on Data Mining Workshops (ICDMW)
data/processed/openalex_candidate_papers_in_scope.csv,[35].venue,canonical_venue,Proceedings of the 5th ACM International Workshop on Multimedia AI against Disinformation
data/processed/openalex_candidate_papers_in_scope.csv,[35].venue_name,canonical_venue,Proceedings of the 5th ACM International Workshop on Multimedia AI against Disinformation
data/processed/openalex_candidate_papers_in_scope.csv,[53].venue,canonical_venue,Proceedings of the 5th ACM International Workshop on Multimedia AI against Disinformation
data/processed/openalex_candidate_papers_in_scope.csv,[53].venue_name,canonical_venue,Proceedings of the 5th ACM International Workshop on Multimedia AI against Disinformation
data/processed/openalex_candidate_papers_in_scope.csv,[56].venue,canonical_venue,Proceedings of the 4th Workshop on Security Implications of Deepfakes and Cheapfakes
data/processed/openalex_candidate_papers_in_scope.csv,[56].venue_name,canonical_venue,Proceedings of the 4th Workshop on Security Implications of Deepfakes and Cheapfakes
data/processed/openalex_candidate_papers_in_scope.csv,[70].venue,canonical_venue,Proceedings of the 2nd ACM International Workshop on Multimedia AI against Disinformation
data/processed/openalex_candidate_papers_in_scope.csv,[70].venue_name,canonical_venue,Proceedings of the 2nd ACM International Workshop on Multimedia AI against Disinformation
data/processed/openalex_candidate_papers_in_scope.csv,[84].venue,canonical_venue,2019 IEEE International Workshop on Information Forensics and Security (WIFS)
data/processed/openalex_candidate_papers_in_scope.csv,[84].venue_name,canonical_venue,2019 IEEE International Workshop on Information Forensics and Security (WIFS)
data/processed/openalex_candidate_papers_in_scope.csv,[89].venue,canonical_venue,3rd ACM International Workshop on Multimedia AI against Disinformation
data/processed/openalex_candidate_papers_in_scope.csv,[89].venue_name,canonical_venue,3rd ACM International Workshop on Multimedia AI against Disinformation
data/processed/openalex_candidate_papers_in_scope.csv,[93].venue,canonical_venue,2023 IEEE/CVF Conference on Computer Vision and Pattern Recognition Workshops (CVPRW)
data/processed/openalex_candidate_papers_in_scope.csv,[93].venue_name,canonical_venue,2023 IEEE/CVF Conference on Computer Vision and Pattern Recognition Workshops (CVPRW)
data/processed/openalex_candidate_papers_in_scope.csv,[127].venue,canonical_venue,Proceedings of the 1st International Workshop on Multimedia AI against Disinformation
data/processed/openalex_candidate_papers_in_scope.csv,[127].venue_name,canonical_venue,Proceedings of the 1st International Workshop on Multimedia AI against Disinformation
data/processed/openalex_candidate_papers_in_scope.csv,[190].venue,canonical_venue,2023 IEEE/CVF Conference on Computer Vision and Pattern Recognition Workshops (CVPRW)
data/processed/openalex_candidate_papers_in_scope.csv,[190].venue_name,canonical_venue,2023 IEEE/CVF Conference on Computer Vision and Pattern Recognition Workshops (CVPRW)
data/processed/openalex_candidate_papers_in_scope.csv,[205].venue,canonical_venue,2020 IEEE International Workshop on Information Forensics and Security (WIFS)
data/processed/openalex_candidate_papers_in_scope.csv,[205].venue_name,canonical_venue,2020 IEEE International Workshop on Information Forensics and Security (WIFS)
data/processed/openalex_candidate_papers_in_scope.csv,[213].venue,canonical_venue,2023 IEEE/CVF Conference on Computer Vision and Pattern Recognition Workshops (CVPRW)
data/processed/openalex_candidate_papers_in_scope.csv,[213].venue_name,canonical_venue,2023 IEEE/CVF Conference on Computer Vision and Pattern Recognition Workshops (CVPRW)
data/processed/requested_eccv_ijcai_2026-08-29_author_review.csv,[43].venue,canonical_venue,Workshop on Security Implications of Deepfakes and Cheapfakes
data/processed/requested_eccv_ijcai_2026-08-29_author_review.csv,[50].venue,canonical_venue,ACM Workshop on Information Hiding and Multimedia Security
data/processed/requested_eccv_ijcai_2026-08-29_author_review.csv,[54].venue,canonical_venue,Workshop on Security Implications of Deepfakes and Cheapfakes
data/processed/requested_eccv_ijcai_2026-08-29_author_review.csv,[138].venue,canonical_venue,ACM Workshop on Information Hiding and Multimedia Security
data/processed/requested_eccv_ijcai_2026-08-29_author_review.csv,[142].venue,canonical_venue,IEEE International Workshop on Information Forensics and Security
data/processed/requested_eccv_ijcai_2026-08-29_author_review.csv,[170].venue,canonical_venue,ACM International Workshop on Multimedia AI against Disinformation
data/processed/requested_eccv_ijcai_2026-08-29_author_review.csv,[175].venue,canonical_venue,IEEE International Workshop on Information Forensics and Security
data/processed/requested_eccv_ijcai_2026-08-29_author_review.csv,[180].venue,canonical_venue,ACM International Workshop on Multimedia AI against Disinformation
data/processed/requested_eccv_ijcai_2026-08-29_author_review.csv,[196].venue,canonical_venue,ACM International Workshop on Multimedia AI against Disinformation
data/processed/requested_eccv_ijcai_2026-08-29_author_review.csv,[226].venue,canonical_venue,IEEE International Workshop on Information Forensics and Security
data/processed/requested_eccv_ijcai_2026-08-29_author_review.csv,[229].venue,canonical_venue,IEEE International Workshop on Information Forensics and Security
data/processed/requested_eccv_ijcai_2026-08-29_author_review.csv,[247].venue,canonical_venue,ACM International Workshop on Multimedia AI against Disinformation
data/processed/requested_eccv_ijcai_2026-08-29_author_review.csv,[262].venue,canonical_venue,ACM Workshop on Information Hiding and Multimedia Security
data/processed/requested_eccv_ijcai_2026-08-29_author_review.csv,[263].venue,canonical_venue,ACM Workshop on Information Hiding and Multimedia Security
data/processed/requested_eccv_ijcai_2026-08-29_author_review.csv,[338].venue,canonical_venue,ACM International Workshop on Multimedia AI against Disinformation
data/processed/requested_eccv_ijcai_2026-08-29_author_review.csv,[380].venue,canonical_venue,ACM International Workshop on Multimedia AI against Disinformation
data/processed/requested_eccv_ijcai_2026-08-29_author_review.csv,[385].venue,canonical_venue,IEEE Annual Computing and Communication Workshop and Conference
data/processed/requested_eccv_ijcai_2026-08-29_author_review.csv,[447].venue,canonical_venue,IEEE International Workshop on Information Forensics and Security
data/processed/requested_eccv_ijcai_2026-08-29_author_review.csv,[474].venue,canonical_venue,IEEE International Workshop on Information Forensics and Security
data/processed/requested_eccv_ijcai_2026-08-29_author_review.csv,[486].venue,canonical_venue,IEEE International Workshop on Information Forensics and Security
data/processed/requested_eccv_ijcai_2026-08-29_author_review.csv,[555].venue,canonical_venue,IEEE International Workshop on Information Forensics and Security
data/processed/requested_papers_2026-08-29.json,records[0].paper.venue_track,paper_track,Workshop
data/processed/requested_papers_2026-08-29.json,records[0].paper.raw_venue,provenance,Proceedings of the IEEE/CVF Conference on Computer Vision and Pattern Recognition (CVPR) Workshops; SAFE (Synthetic & Adversarial ForEnsics)
data/processed/requested_papers_2026-08-29.json,records[1].paper.venue_track,paper_track,Workshop
data/processed/requested_papers_2026-08-29.json,records[1].paper.raw_venue,provenance,Proceedings of the IEEE/CVF Conference on Computer Vision and Pattern Recognition (CVPR) Workshops; NTIRE (New Trends in Image Restoration and Enhancement)
data/processed/requested_papers_2026-08-29_author_review.csv,[43].venue,canonical_venue,Workshop on Security Implications of Deepfakes and Cheapfakes
data/processed/requested_papers_2026-08-29_author_review.csv,[50].venue,canonical_venue,ACM Workshop on Information Hiding and Multimedia Security
data/processed/requested_papers_2026-08-29_author_review.csv,[54].venue,canonical_venue,Workshop on Security Implications of Deepfakes and Cheapfakes
data/processed/requested_papers_2026-08-29_author_review.csv,[138].venue,canonical_venue,ACM Workshop on Information Hiding and Multimedia Security
data/processed/requested_papers_2026-08-29_author_review.csv,[142].venue,canonical_venue,IEEE International Workshop on Information Forensics and Security
data/processed/requested_papers_2026-08-29_author_review.csv,[170].venue,canonical_venue,ACM International Workshop on Multimedia AI against Disinformation
data/processed/requested_papers_2026-08-29_author_review.csv,[175].venue,canonical_venue,IEEE International Workshop on Information Forensics and Security
data/processed/requested_papers_2026-08-29_author_review.csv,[180].venue,canonical_venue,ACM International Workshop on Multimedia AI against Disinformation
data/processed/requested_papers_2026-08-29_author_review.csv,[196].venue,canonical_venue,ACM International Workshop on Multimedia AI against Disinformation
data/processed/requested_papers_2026-08-29_author_review.csv,[226].venue,canonical_venue,IEEE International Workshop on Information Forensics and Security
data/processed/requested_papers_2026-08-29_author_review.csv,[229].venue,canonical_venue,IEEE International Workshop on Information Forensics and Security
data/processed/requested_papers_2026-08-29_author_review.csv,[247].venue,canonical_venue,ACM International Workshop on Multimedia AI against Disinformation
data/processed/requested_papers_2026-08-29_author_review.csv,[262].venue,canonical_venue,ACM Workshop on Information Hiding and Multimedia Security
data/processed/requested_papers_2026-08-29_author_review.csv,[263].venue,canonical_venue,ACM Workshop on Information Hiding and Multimedia Security
data/processed/requested_papers_2026-08-29_author_review.csv,[335].venue,canonical_venue,ACM International Workshop on Multimedia AI against Disinformation
data/processed/requested_papers_2026-08-29_author_review.csv,[373].venue,canonical_venue,ACM International Workshop on Multimedia AI against Disinformation
data/processed/requested_papers_2026-08-29_author_review.csv,[378].venue,canonical_venue,IEEE Annual Computing and Communication Workshop and Conference
data/processed/requested_papers_2026-08-29_author_review.csv,[439].venue,canonical_venue,IEEE International Workshop on Information Forensics and Security
data/processed/requested_papers_2026-08-29_author_review.csv,[466].venue,canonical_venue,IEEE International Workshop on Information Forensics and Security
data/processed/requested_papers_2026-08-29_author_review.csv,[478].venue,canonical_venue,IEEE International Workshop on Information Forensics and Security
data/processed/requested_papers_2026-08-29_author_review.csv,[547].venue,canonical_venue,IEEE International Workshop on Information Forensics and Security
data/processed/requested_seven_papers_2026-08-29.json,records[0].paper.raw_venue,provenance,"SOICT 2025; Springer CCIS 2916, Part V"
data/processed/venue_audit_baseline.json,[3].venue_aliases[2],historical_source_alias,IEEE/CVF Conference on Computer Vision and Pattern Recognition (CVPR) Workshops
data/processed/venue_audit_baseline.json,[3].venue_aliases[3],historical_source_alias,IEEE/CVF Conference on Computer Vision and Pattern Recognition Workshops
data/processed/venue_audit_baseline.json,[3].venue_aliases[4],historical_source_alias,IEEE/CVF Conference on Computer Vision and Pattern Recognition Workshops (CVPRW)
data/processed/venue_audit_baseline.json,[4].venue_aliases[2],historical_source_alias,IEEE/CVF Conference on Computer Vision and Pattern Recognition (CVPR) Workshops
data/processed/venue_audit_baseline.json,[4].venue_aliases[3],historical_source_alias,IEEE/CVF Conference on Computer Vision and Pattern Recognition Workshops
data/processed/venue_audit_baseline.json,[4].venue_aliases[4],historical_source_alias,IEEE/CVF Conference on Computer Vision and Pattern Recognition Workshops (CVPRW)
data/processed/venue_audit_baseline.json,[7].venue_aliases[2],historical_source_alias,IEEE/CVF Conference on Computer Vision and Pattern Recognition (CVPR) Workshops
data/processed/venue_audit_baseline.json,[7].venue_aliases[3],historical_source_alias,IEEE/CVF Conference on Computer Vision and Pattern Recognition Workshops
data/processed/venue_audit_baseline.json,[7].venue_aliases[4],historical_source_alias,IEEE/CVF Conference on Computer Vision and Pattern Recognition Workshops (CVPRW)
data/processed/venue_audit_baseline.json,[26].venue_track,historical_paper_track,workshops
data/processed/venue_audit_baseline.json,[26].venue_aliases[2],historical_source_alias,IEEE/CVF International Conference on Computer Vision Workshops (ICCVW)
data/processed/venue_audit_baseline.json,[26].curated_record.venue_track,historical_paper_track,workshops
data/processed/venue_audit_baseline.json,[34].venue_aliases[2],historical_source_alias,IEEE/CVF Conference on Computer Vision and Pattern Recognition (CVPR) Workshops
data/processed/venue_audit_baseline.json,[34].venue_aliases[3],historical_source_alias,IEEE/CVF Conference on Computer Vision and Pattern Recognition Workshops
data/processed/venue_audit_baseline.json,[34].venue_aliases[4],historical_source_alias,IEEE/CVF Conference on Computer Vision and Pattern Recognition Workshops (CVPRW)
data/processed/venue_audit_baseline.json,[38].venue_track,historical_paper_track,workshops
data/processed/venue_audit_baseline.json,[38].curated_record.venue_track,historical_paper_track,workshops
data/processed/venue_audit_baseline.json,[48].venue_aliases[2],historical_source_alias,IEEE/CVF International Conference on Computer Vision Workshops (ICCVW)
data/processed/venue_audit_baseline.json,[59].venue_aliases[2],historical_source_alias,IEEE/CVF Conference on Computer Vision and Pattern Recognition (CVPR) Workshops
data/processed/venue_audit_baseline.json,[59].venue_aliases[3],historical_source_alias,IEEE/CVF Conference on Computer Vision and Pattern Recognition Workshops
data/processed/venue_audit_baseline.json,[59].venue_aliases[4],historical_source_alias,IEEE/CVF Conference on Computer Vision and Pattern Recognition Workshops (CVPRW)
data/processed/venue_audit_baseline.json,[61].venue_track,historical_paper_track,workshops
data/processed/venue_audit_baseline.json,[61].raw_venue,historical_provenance,2024 European Conference on Computer Vision (ECCV) Workshops
data/processed/venue_audit_baseline.json,[61].venue_aliases[2],historical_source_alias,European Conference on Computer Vision (ECCV) Workshops
data/processed/venue_audit_baseline.json,[61].curated_record.venue_track,historical_paper_track,workshops
data/processed/venue_audit_baseline.json,[61].curated_record.raw_venue,historical_provenance,2024 European Conference on Computer Vision (ECCV) Workshops
data/processed/venue_audit_baseline.json,[65].venue,historical_canonical_venue,Workshop on Security Implications of Deepfakes and Cheapfakes
data/processed/venue_audit_baseline.json,[65].raw_venue,historical_provenance,Proceedings of the 4th Workshop on Security Implications of Deepfakes and Cheapfakes
data/processed/venue_audit_baseline.json,[65].venue_id,historical_canonical_id,venue:workshop-on-security-implications-of-deepfakes-and-cheapfakes
data/processed/venue_audit_baseline.json,[65].venue_name,historical_canonical_venue,Workshop on Security Implications of Deepfakes and Cheapfakes
data/processed/venue_audit_baseline.json,[65].venue_track,historical_paper_track,workshops
data/processed/venue_audit_baseline.json,[65].venue_aliases[0],historical_source_alias,Workshop on Security Implications of Deepfakes and Cheapfakes
data/processed/venue_audit_baseline.json,[70].raw_venue,historical_provenance,2020 IEEE Security and Privacy Workshops (SPW)
data/processed/venue_audit_baseline.json,[70].curated_record.raw_venue,historical_provenance,2020 IEEE Security and Privacy Workshops (SPW)
data/processed/venue_audit_baseline.json,[71].venue_aliases[2],historical_source_alias,IEEE/CVF International Conference on Computer Vision Workshops (ICCVW)
data/processed/venue_audit_baseline.json,[72].venue_aliases[2],historical_source_alias,IEEE/CVF Conference on Computer Vision and Pattern Recognition (CVPR) Workshops
data/processed/venue_audit_baseline.json,[72].venue_aliases[3],historical_source_alias,IEEE/CVF Conference on Computer Vision and Pattern Recognition Workshops
data/processed/venue_audit_baseline.json,[72].venue_aliases[4],historical_source_alias,IEEE/CVF Conference on Computer Vision and Pattern Recognition Workshops (CVPRW)
data/processed/venue_audit_baseline.json,[73].venue,historical_canonical_venue,Image Analysis and Processing - ICIAP 2025 Workshops: 23rd International Conference
data/processed/venue_audit_baseline.json,[73].raw_venue,historical_provenance,Image Analysis and Processing - ICIAP 2025 Workshops: 23rd International Conference
data/processed/venue_audit_baseline.json,[73].curated_record.venue,historical_canonical_venue,Image Analysis and Processing - ICIAP 2025 Workshops: 23rd International Conference
data/processed/venue_audit_baseline.json,[73].curated_record.raw_venue,historical_provenance,Image Analysis and Processing - ICIAP 2025 Workshops: 23rd International Conference
data/processed/venue_audit_baseline.json,[74].venue,historical_canonical_venue,ACM International Workshop on Multimedia AI against Disinformation
data/processed/venue_audit_baseline.json,[74].venue_name,historical_canonical_venue,ACM International Workshop on Multimedia AI against Disinformation
data/processed/venue_audit_baseline.json,[74].venue_track,historical_paper_track,workshops
data/processed/venue_audit_baseline.json,[74].raw_venue,historical_provenance,Proceedings of the 5th ACM International Workshop on Multimedia AI against Disinformation (MAD)
data/processed/venue_audit_baseline.json,[74].venue_aliases[0],historical_source_alias,ACM International Workshop on Multimedia AI against Disinformation (MAD)
data/processed/venue_audit_baseline.json,[74].venue_aliases[1],historical_source_alias,ACM International Workshop on Multimedia AI against Disinformation
data/processed/venue_audit_baseline.json,[74].curated_record.venue,historical_canonical_venue,ACM International Workshop on Multimedia AI against Disinformation
data/processed/venue_audit_baseline.json,[74].curated_record.venue_name,historical_canonical_venue,ACM International Workshop on Multimedia AI against Disinformation
data/processed/venue_audit_baseline.json,[74].curated_record.venue_track,historical_paper_track,workshops
data/processed/venue_audit_baseline.json,[74].curated_record.raw_venue,historical_provenance,Proceedings of the 5th ACM International Workshop on Multimedia AI against Disinformation (MAD)
data/processed/venue_audit_baseline.json,[79].venue_aliases[2],historical_source_alias,European Conference on Computer Vision (ECCV) Workshops
data/processed/venue_audit_baseline.json,[82].venue_aliases[2],historical_source_alias,IEEE/CVF Conference on Computer Vision and Pattern Recognition (CVPR) Workshops
data/processed/venue_audit_baseline.json,[82].venue_aliases[3],historical_source_alias,IEEE/CVF Conference on Computer Vision and Pattern Recognition Workshops
data/processed/venue_audit_baseline.json,[82].venue_aliases[4],historical_source_alias,IEEE/CVF Conference on Computer Vision and Pattern Recognition Workshops (CVPRW)
data/processed/venue_audit_baseline.json,[87].venue_aliases[2],historical_source_alias,IEEE/CVF Winter Conference on Applications of Computer Vision (WACV) Workshops
data/processed/venue_audit_baseline.json,[87].venue_aliases[3],historical_source_alias,IEEE/CVF Winter Conference on Applications of Computer Vision (WACV) Workshop
data/processed/venue_audit_baseline.json,[87].venue_aliases[4],historical_source_alias,IEEE/CVF Winter Conference on Applications of Computer Vision Workshops (WACVW)
data/processed/venue_audit_baseline.json,[87].venue_aliases[5],historical_source_alias,IEEE/CVF Winter Conference on Applications of Computer Vision Workshop (WACVW)
data/processed/venue_audit_baseline.json,[87].venue_aliases[6],historical_source_alias,IEEE/CVF Winter Conference on Applications of Computer Vision (WACVW) Workshops
data/processed/venue_audit_baseline.json,[87].venue_aliases[7],historical_source_alias,IEEE/CVF Winter Conference on Applications of Computer Vision (WACVW) Workshop
data/processed/venue_audit_baseline.json,[90].venue_track,historical_paper_track,workshops
data/processed/venue_audit_baseline.json,[90].raw_venue,historical_provenance,2026 IEEE/CVF Conference on Computer Vision and Pattern Recognition (CVPR) Workshops
data/processed/venue_audit_baseline.json,[90].venue_aliases[2],historical_source_alias,IEEE/CVF Conference on Computer Vision and Pattern Recognition (CVPR) Workshops
data/processed/venue_audit_baseline.json,[90].venue_aliases[3],historical_source_alias,IEEE/CVF Conference on Computer Vision and Pattern Recognition Workshops
data/processed/venue_audit_baseline.json,[90].venue_aliases[4],historical_source_alias,IEEE/CVF Conference on Computer Vision and Pattern Recognition Workshops (CVPRW)
data/processed/venue_audit_baseline.json,[90].curated_record.venue_track,historical_paper_track,workshops
data/processed/venue_audit_baseline.json,[90].curated_record.raw_venue,historical_provenance,2026 IEEE/CVF Conference on Computer Vision and Pattern Recognition (CVPR) Workshops
data/processed/venue_audit_baseline.json,[94].venue_aliases[2],historical_source_alias,IEEE/CVF International Conference on Computer Vision Workshops (ICCVW)
data/processed/venue_audit_baseline.json,[97].venue,historical_canonical_venue,ACM Workshop on Information Hiding and Multimedia Security
data/processed/venue_audit_baseline.json,[97].venue_name,historical_canonical_venue,ACM Workshop on Information Hiding and Multimedia Security
data/processed/venue_audit_baseline.json,[97].venue_track,historical_paper_track,workshops
data/processed/venue_audit_baseline.json,[97].raw_venue,historical_provenance,Proceedings of the ACM Workshop on Information Hiding and Multimedia Security
data/processed/venue_audit_baseline.json,[97].venue_aliases[0],historical_source_alias,ACM Workshop on Information Hiding and Multimedia Security (IH&MMSec)
data/processed/venue_audit_baseline.json,[97].venue_aliases[1],historical_source_alias,ACM Workshop on Information Hiding and Multimedia Security
data/processed/venue_audit_baseline.json,[100].venue_aliases[2],historical_source_alias,IEEE/CVF International Conference on Computer Vision Workshops (ICCVW)
data/processed/venue_audit_baseline.json,[107].venue,historical_canonical_venue,IEEE International Workshop on Information Forensics and Security
data/processed/venue_audit_baseline.json,[107].venue_name,historical_canonical_venue,IEEE International Workshop on Information Forensics and Security
data/processed/venue_audit_baseline.json,[107].venue_track,historical_paper_track,workshops
data/processed/venue_audit_baseline.json,[107].raw_venue,historical_provenance,2020 IEEE International Workshop on Information Forensics and Security (WIFS)
data/processed/venue_audit_baseline.json,[107].venue_aliases[0],historical_source_alias,IEEE International Workshop on Information Forensics and Security (WIFS)
data/processed/venue_audit_baseline.json,[107].venue_aliases[1],historical_source_alias,IEEE International Workshop on Information Forensics and Security
data/processed/venue_audit_baseline.json,[108].venue_aliases[2],historical_source_alias,IEEE/CVF Conference on Computer Vision and Pattern Recognition (CVPR) Workshops
data/processed/venue_audit_baseline.json,[108].venue_aliases[3],historical_source_alias,IEEE/CVF Conference on Computer Vision and Pattern Recognition Workshops
data/processed/venue_audit_baseline.json,[108].venue_aliases[4],historical_source_alias,IEEE/CVF Conference on Computer Vision and Pattern Recognition Workshops (CVPRW)
data/processed/venue_audit_baseline.json,[110].venue_aliases[2],historical_source_alias,IEEE/CVF Conference on Computer Vision and Pattern Recognition (CVPR) Workshops
data/processed/venue_audit_baseline.json,[110].venue_aliases[3],historical_source_alias,IEEE/CVF Conference on Computer Vision and Pattern Recognition Workshops
data/processed/venue_audit_baseline.json,[110].venue_aliases[4],historical_source_alias,IEEE/CVF Conference on Computer Vision and Pattern Recognition Workshops (CVPRW)
data/processed/venue_audit_baseline.json,[112].venue,historical_canonical_venue,Workshop on Security Implications of Deepfakes and Cheapfakes
data/processed/venue_audit_baseline.json,[112].venue_name,historical_canonical_venue,Workshop on Security Implications of Deepfakes and Cheapfakes
data/processed/venue_audit_baseline.json,[112].venue_id,historical_canonical_id,venue:workshop-on-security-implications-of-deepfakes-and-cheapfakes
data/processed/venue_audit_baseline.json,[112].raw_venue,historical_provenance,Proceedings of the 4th Workshop on Security Implications of Deepfakes and Cheapfakes
data/processed/venue_audit_baseline.json,[112].venue_aliases[0],historical_source_alias,Workshop on Security Implications of Deepfakes and Cheapfakes
data/processed/venue_audit_baseline.json,[112].curated_record.venue,historical_canonical_venue,Workshop on Security Implications of Deepfakes and Cheapfakes
data/processed/venue_audit_baseline.json,[112].curated_record.venue_id,historical_canonical_id,venue:workshop-on-security-implications-of-deepfakes-and-cheapfakes
data/processed/venue_audit_baseline.json,[112].curated_record.venue_name,historical_canonical_venue,Workshop on Security Implications of Deepfakes and Cheapfakes
data/processed/venue_audit_baseline.json,[112].curated_record.raw_venue,historical_provenance,Proceedings of the 4th Workshop on Security Implications of Deepfakes and Cheapfakes
data/processed/venue_audit_baseline.json,[113].venue_aliases[2],historical_source_alias,IEEE/CVF Conference on Computer Vision and Pattern Recognition (CVPR) Workshops
data/processed/venue_audit_baseline.json,[113].venue_aliases[3],historical_source_alias,IEEE/CVF Conference on Computer Vision and Pattern Recognition Workshops
data/processed/venue_audit_baseline.json,[113].venue_aliases[4],historical_source_alias,IEEE/CVF Conference on Computer Vision and Pattern Recognition Workshops (CVPRW)
data/processed/venue_audit_baseline.json,[116].venue,historical_canonical_venue,ACM Workshop on Information Hiding and Multimedia Security
data/processed/venue_audit_baseline.json,[116].venue_name,historical_canonical_venue,ACM Workshop on Information Hiding and Multimedia Security
data/processed/venue_audit_baseline.json,[116].venue_track,historical_paper_track,workshops
data/processed/venue_audit_baseline.json,[116].raw_venue,historical_provenance,2026 ACM Workshop on Information Hiding and Multimedia Security (IH&MMSec)
data/processed/venue_audit_baseline.json,[116].venue_aliases[0],historical_source_alias,ACM Workshop on Information Hiding and Multimedia Security (IH&MMSec)
data/processed/venue_audit_baseline.json,[116].venue_aliases[1],historical_source_alias,ACM Workshop on Information Hiding and Multimedia Security
data/processed/venue_audit_baseline.json,[116].curated_record.venue,historical_canonical_venue,ACM Workshop on Information Hiding and Multimedia Security
data/processed/venue_audit_baseline.json,[116].curated_record.venue_name,historical_canonical_venue,ACM Workshop on Information Hiding and Multimedia Security
data/processed/venue_audit_baseline.json,[116].curated_record.venue_track,historical_paper_track,workshops
data/processed/venue_audit_baseline.json,[116].curated_record.raw_venue,historical_provenance,2026 ACM Workshop on Information Hiding and Multimedia Security (IH&MMSec)
data/processed/venue_audit_baseline.json,[119].venue_aliases[2],historical_source_alias,European Conference on Computer Vision (ECCV) Workshops
data/processed/venue_audit_baseline.json,[121].venue,historical_canonical_venue,ACM Workshop on Information Hiding and Multimedia Security
data/processed/venue_audit_baseline.json,[121].venue_name,historical_canonical_venue,ACM Workshop on Information Hiding and Multimedia Security
data/processed/venue_audit_baseline.json,[121].venue_track,historical_paper_track,workshops
data/processed/venue_audit_baseline.json,[121].raw_venue,historical_provenance,Proceedings of the 2026 ACM Workshop on Information Hiding and Multimedia Security (IH&MMSec)
data/processed/venue_audit_baseline.json,[121].venue_aliases[0],historical_source_alias,ACM Workshop on Information Hiding and Multimedia Security (IH&MMSec)
data/processed/venue_audit_baseline.json,[121].venue_aliases[1],historical_source_alias,ACM Workshop on Information Hiding and Multimedia Security
data/processed/venue_audit_baseline.json,[121].curated_record.venue,historical_canonical_venue,ACM Workshop on Information Hiding and Multimedia Security
data/processed/venue_audit_baseline.json,[121].curated_record.venue_name,historical_canonical_venue,ACM Workshop on Information Hiding and Multimedia Security
data/processed/venue_audit_baseline.json,[121].curated_record.venue_track,historical_paper_track,workshops
data/processed/venue_audit_baseline.json,[121].curated_record.raw_venue,historical_provenance,Proceedings of the 2026 ACM Workshop on Information Hiding and Multimedia Security (IH&MMSec)
data/processed/venue_audit_baseline.json,[123].venue,historical_canonical_venue,Proceedings of the 1st International Workshop on Multimedia AI against Disinformation
data/processed/venue_audit_baseline.json,[123].raw_venue,historical_provenance,Proceedings of the 1st International Workshop on Multimedia AI against Disinformation
data/processed/venue_audit_baseline.json,[124].venue_aliases[2],historical_source_alias,IEEE/CVF Conference on Computer Vision and Pattern Recognition (CVPR) Workshops
data/processed/venue_audit_baseline.json,[124].venue_aliases[3],historical_source_alias,IEEE/CVF Conference on Computer Vision and Pattern Recognition Workshops
data/processed/venue_audit_baseline.json,[124].venue_aliases[4],historical_source_alias,IEEE/CVF Conference on Computer Vision and Pattern Recognition Workshops (CVPRW)
data/processed/venue_audit_baseline.json,[127].venue_aliases[2],historical_source_alias,IEEE/CVF International Conference on Computer Vision Workshops (ICCVW)
data/processed/venue_audit_baseline.json,[128].venue_aliases[2],historical_source_alias,IEEE/CVF Conference on Computer Vision and Pattern Recognition (CVPR) Workshops
data/processed/venue_audit_baseline.json,[128].venue_aliases[3],historical_source_alias,IEEE/CVF Conference on Computer Vision and Pattern Recognition Workshops
data/processed/venue_audit_baseline.json,[128].venue_aliases[4],historical_source_alias,IEEE/CVF Conference on Computer Vision and Pattern Recognition Workshops (CVPRW)
data/processed/venue_audit_baseline.json,[129].venue_aliases[2],historical_source_alias,IEEE/CVF Winter Conference on Applications of Computer Vision (WACV) Workshops
data/processed/venue_audit_baseline.json,[129].venue_aliases[3],historical_source_alias,IEEE/CVF Winter Conference on Applications of Computer Vision (WACV) Workshop
data/processed/venue_audit_baseline.json,[129].venue_aliases[4],historical_source_alias,IEEE/CVF Winter Conference on Applications of Computer Vision Workshops (WACVW)
data/processed/venue_audit_baseline.json,[129].venue_aliases[5],historical_source_alias,IEEE/CVF Winter Conference on Applications of Computer Vision Workshop (WACVW)
data/processed/venue_audit_baseline.json,[129].venue_aliases[6],historical_source_alias,IEEE/CVF Winter Conference on Applications of Computer Vision (WACVW) Workshops
data/processed/venue_audit_baseline.json,[129].venue_aliases[7],historical_source_alias,IEEE/CVF Winter Conference on Applications of Computer Vision (WACVW) Workshop
data/processed/venue_audit_baseline.json,[138].venue_aliases[2],historical_source_alias,IEEE/CVF Winter Conference on Applications of Computer Vision (WACV) Workshops
data/processed/venue_audit_baseline.json,[138].venue_aliases[3],historical_source_alias,IEEE/CVF Winter Conference on Applications of Computer Vision (WACV) Workshop
data/processed/venue_audit_baseline.json,[138].venue_aliases[4],historical_source_alias,IEEE/CVF Winter Conference on Applications of Computer Vision Workshops (WACVW)
data/processed/venue_audit_baseline.json,[138].venue_aliases[5],historical_source_alias,IEEE/CVF Winter Conference on Applications of Computer Vision Workshop (WACVW)
data/processed/venue_audit_baseline.json,[138].venue_aliases[6],historical_source_alias,IEEE/CVF Winter Conference on Applications of Computer Vision (WACVW) Workshops
data/processed/venue_audit_baseline.json,[138].venue_aliases[7],historical_source_alias,IEEE/CVF Winter Conference on Applications of Computer Vision (WACVW) Workshop
data/processed/venue_audit_baseline.json,[162].venue_aliases[2],historical_source_alias,IEEE/CVF Conference on Computer Vision and Pattern Recognition (CVPR) Workshops
data/processed/venue_audit_baseline.json,[162].venue_aliases[3],historical_source_alias,IEEE/CVF Conference on Computer Vision and Pattern Recognition Workshops
data/processed/venue_audit_baseline.json,[162].venue_aliases[4],historical_source_alias,IEEE/CVF Conference on Computer Vision and Pattern Recognition Workshops (CVPRW)
data/processed/venue_audit_baseline.json,[176].venue,historical_canonical_venue,IEEE International Workshop on Information Forensics and Security
data/processed/venue_audit_baseline.json,[176].venue_name,historical_canonical_venue,IEEE International Workshop on Information Forensics and Security
data/processed/venue_audit_baseline.json,[176].venue_track,historical_paper_track,workshops
data/processed/venue_audit_baseline.json,[176].raw_venue,historical_provenance,2019 IEEE International Workshop on Information Forensics and Security (WIFS)
data/processed/venue_audit_baseline.json,[176].venue_aliases[0],historical_source_alias,IEEE International Workshop on Information Forensics and Security (WIFS)
data/processed/venue_audit_baseline.json,[176].venue_aliases[1],historical_source_alias,IEEE International Workshop on Information Forensics and Security
data/processed/venue_audit_baseline.json,[183].venue_aliases[2],historical_source_alias,European Conference on Computer Vision (ECCV) Workshops
data/processed/venue_audit_baseline.json,[184].venue_track,historical_paper_track,workshops
data/processed/venue_audit_baseline.json,[184].raw_venue,historical_provenance,2023 IEEE/CVF International Conference on Computer Vision Workshops (ICCVW)
data/processed/venue_audit_baseline.json,[184].venue_aliases[2],historical_source_alias,IEEE/CVF International Conference on Computer Vision Workshops (ICCVW)
data/processed/venue_audit_baseline.json,[186].venue_aliases[2],historical_source_alias,IEEE/CVF Winter Conference on Applications of Computer Vision (WACV) Workshops
data/processed/venue_audit_baseline.json,[186].venue_aliases[3],historical_source_alias,IEEE/CVF Winter Conference on Applications of Computer Vision (WACV) Workshop
data/processed/venue_audit_baseline.json,[186].venue_aliases[4],historical_source_alias,IEEE/CVF Winter Conference on Applications of Computer Vision Workshops (WACVW)
data/processed/venue_audit_baseline.json,[186].venue_aliases[5],historical_source_alias,IEEE/CVF Winter Conference on Applications of Computer Vision Workshop (WACVW)
data/processed/venue_audit_baseline.json,[186].venue_aliases[6],historical_source_alias,IEEE/CVF Winter Conference on Applications of Computer Vision (WACVW) Workshops
data/processed/venue_audit_baseline.json,[186].venue_aliases[7],historical_source_alias,IEEE/CVF Winter Conference on Applications of Computer Vision (WACVW) Workshop
data/processed/venue_audit_baseline.json,[201].venue,historical_canonical_venue,ACM Workshop on Information Hiding and Multimedia Security
data/processed/venue_audit_baseline.json,[201].venue_name,historical_canonical_venue,ACM Workshop on Information Hiding and Multimedia Security
data/processed/venue_audit_baseline.json,[201].raw_venue,historical_provenance,ACM Workshop on Information Hiding and Multimedia Security
data/processed/venue_audit_baseline.json,[201].venue_aliases[0],historical_source_alias,ACM Workshop on Information Hiding and Multimedia Security (IH&MMSec)
data/processed/venue_audit_baseline.json,[201].venue_aliases[1],historical_source_alias,ACM Workshop on Information Hiding and Multimedia Security
data/processed/venue_audit_baseline.json,[201].curated_record.venue,historical_canonical_venue,ACM Workshop on Information Hiding and Multimedia Security
data/processed/venue_audit_baseline.json,[201].curated_record.venue_name,historical_canonical_venue,ACM Workshop on Information Hiding and Multimedia Security
data/processed/venue_audit_baseline.json,[201].curated_record.raw_venue,historical_provenance,ACM Workshop on Information Hiding and Multimedia Security
data/processed/venue_audit_baseline.json,[203].venue_aliases[2],historical_source_alias,IEEE/CVF International Conference on Computer Vision Workshops (ICCVW)
data/processed/venue_audit_baseline.json,[209].venue_aliases[2],historical_source_alias,IEEE/CVF International Conference on Computer Vision Workshops (ICCVW)
data/processed/venue_audit_baseline.json,[210].venue_aliases[2],historical_source_alias,European Conference on Computer Vision (ECCV) Workshops
data/processed/venue_audit_baseline.json,[212].venue_track,historical_paper_track,workshops
data/processed/venue_audit_baseline.json,[212].curated_record.venue_track,historical_paper_track,workshops
data/processed/venue_audit_baseline.json,[226].venue_aliases[2],historical_source_alias,European Conference on Computer Vision (ECCV) Workshops
data/processed/venue_audit_baseline.json,[229].venue_track,historical_paper_track,workshops
data/processed/venue_audit_baseline.json,[229].raw_venue,historical_provenance,2024 IEEE/CVF Conference on Computer Vision and Pattern Recognition (CVPR) Workshops
data/processed/venue_audit_baseline.json,[229].venue_aliases[2],historical_source_alias,IEEE/CVF Conference on Computer Vision and Pattern Recognition (CVPR) Workshops
data/processed/venue_audit_baseline.json,[229].venue_aliases[3],historical_source_alias,IEEE/CVF Conference on Computer Vision and Pattern Recognition Workshops
data/processed/venue_audit_baseline.json,[229].venue_aliases[4],historical_source_alias,IEEE/CVF Conference on Computer Vision and Pattern Recognition Workshops (CVPRW)
data/processed/venue_audit_baseline.json,[229].curated_record.venue_track,historical_paper_track,workshops
data/processed/venue_audit_baseline.json,[229].curated_record.raw_venue,historical_provenance,2024 IEEE/CVF Conference on Computer Vision and Pattern Recognition (CVPR) Workshops
data/processed/venue_audit_baseline.json,[232].venue_track,historical_paper_track,workshops
data/processed/venue_audit_baseline.json,[232].raw_venue,historical_provenance,2023 IEEE/CVF Conference on Computer Vision and Pattern Recognition Workshops (CVPRW)
data/processed/venue_audit_baseline.json,[232].venue_aliases[2],historical_source_alias,IEEE/CVF Conference on Computer Vision and Pattern Recognition (CVPR) Workshops
data/processed/venue_audit_baseline.json,[232].venue_aliases[3],historical_source_alias,IEEE/CVF Conference on Computer Vision and Pattern Recognition Workshops
data/processed/venue_audit_baseline.json,[232].venue_aliases[4],historical_source_alias,IEEE/CVF Conference on Computer Vision and Pattern Recognition Workshops (CVPRW)
data/processed/venue_audit_baseline.json,[236].venue,historical_canonical_venue,2023 IEEE International Conference on Data Mining Workshops (ICDMW)
data/processed/venue_audit_baseline.json,[236].raw_venue,historical_provenance,2023 IEEE International Conference on Data Mining Workshops (ICDMW)
data/processed/venue_audit_baseline.json,[238].venue_track,historical_paper_track,workshops
data/processed/venue_audit_baseline.json,[238].raw_venue,historical_provenance,2025 IEEE/CVF Winter Conference on Applications of Computer Vision Workshops (WACVW)
data/processed/venue_audit_baseline.json,[238].venue_aliases[2],historical_source_alias,IEEE/CVF Winter Conference on Applications of Computer Vision (WACV) Workshops
data/processed/venue_audit_baseline.json,[238].venue_aliases[3],historical_source_alias,IEEE/CVF Winter Conference on Applications of Computer Vision (WACV) Workshop
data/processed/venue_audit_baseline.json,[238].venue_aliases[4],historical_source_alias,IEEE/CVF Winter Conference on Applications of Computer Vision Workshops (WACVW)
data/processed/venue_audit_baseline.json,[238].venue_aliases[5],historical_source_alias,IEEE/CVF Winter Conference on Applications of Computer Vision Workshop (WACVW)
data/processed/venue_audit_baseline.json,[238].venue_aliases[6],historical_source_alias,IEEE/CVF Winter Conference on Applications of Computer Vision (WACVW) Workshops
data/processed/venue_audit_baseline.json,[238].venue_aliases[7],historical_source_alias,IEEE/CVF Winter Conference on Applications of Computer Vision (WACVW) Workshop
data/processed/venue_audit_baseline.json,[244].venue_track,historical_paper_track,workshops
data/processed/venue_audit_baseline.json,[244].venue_aliases[2],historical_source_alias,European Conference on Computer Vision (ECCV) Workshops
data/processed/venue_audit_baseline.json,[244].curated_record.venue_track,historical_paper_track,workshops
data/processed/venue_audit_baseline.json,[248].venue,historical_canonical_venue,IEEE International Workshop on Information Forensics and Security
data/processed/venue_audit_baseline.json,[248].venue_name,historical_canonical_venue,IEEE International Workshop on Information Forensics and Security
data/processed/venue_audit_baseline.json,[248].venue_track,historical_paper_track,workshops
data/processed/venue_audit_baseline.json,[248].raw_venue,historical_provenance,2024 IEEE International Workshop on Information Forensics and Security (WIFS)
data/processed/venue_audit_baseline.json,[248].venue_aliases[0],historical_source_alias,IEEE International Workshop on Information Forensics and Security (WIFS)
data/processed/venue_audit_baseline.json,[248].venue_aliases[1],historical_source_alias,IEEE International Workshop on Information Forensics and Security
data/processed/venue_audit_baseline.json,[248].curated_record.venue,historical_canonical_venue,IEEE International Workshop on Information Forensics and Security
data/processed/venue_audit_baseline.json,[248].curated_record.venue_name,historical_canonical_venue,IEEE International Workshop on Information Forensics and Security
data/processed/venue_audit_baseline.json,[248].curated_record.venue_track,historical_paper_track,workshops
data/processed/venue_audit_baseline.json,[248].curated_record.raw_venue,historical_provenance,2024 IEEE International Workshop on Information Forensics and Security (WIFS)
data/processed/venue_audit_baseline.json,[250].venue,historical_canonical_venue,IEEE International Workshop on Information Forensics and Security
data/processed/venue_audit_baseline.json,[250].venue_name,historical_canonical_venue,IEEE International Workshop on Information Forensics and Security
data/processed/venue_audit_baseline.json,[250].venue_track,historical_paper_track,workshops
data/processed/venue_audit_baseline.json,[250].raw_venue,historical_provenance,2024 IEEE International Workshop on Information Forensics and Security (WIFS)
data/processed/venue_audit_baseline.json,[250].venue_aliases[0],historical_source_alias,IEEE International Workshop on Information Forensics and Security (WIFS)
data/processed/venue_audit_baseline.json,[250].venue_aliases[1],historical_source_alias,IEEE International Workshop on Information Forensics and Security
data/processed/venue_audit_baseline.json,[253].venue_aliases[2],historical_source_alias,IEEE/CVF Conference on Computer Vision and Pattern Recognition (CVPR) Workshops
data/processed/venue_audit_baseline.json,[253].venue_aliases[3],historical_source_alias,IEEE/CVF Conference on Computer Vision and Pattern Recognition Workshops
data/processed/venue_audit_baseline.json,[253].venue_aliases[4],historical_source_alias,IEEE/CVF Conference on Computer Vision and Pattern Recognition Workshops (CVPRW)
data/processed/venue_audit_baseline.json,[257].venue_track,historical_paper_track,workshops
data/processed/venue_audit_baseline.json,[257].venue_aliases[2],historical_source_alias,European Conference on Computer Vision (ECCV) Workshops
data/processed/venue_audit_baseline.json,[257].curated_record.venue_track,historical_paper_track,workshops
data/processed/venue_audit_baseline.json,[260].venue_aliases[2],historical_source_alias,IEEE/CVF Conference on Computer Vision and Pattern Recognition (CVPR) Workshops
data/processed/venue_audit_baseline.json,[260].venue_aliases[3],historical_source_alias,IEEE/CVF Conference on Computer Vision and Pattern Recognition Workshops
data/processed/venue_audit_baseline.json,[260].venue_aliases[4],historical_source_alias,IEEE/CVF Conference on Computer Vision and Pattern Recognition Workshops (CVPRW)
data/processed/venue_audit_baseline.json,[271].venue_aliases[2],historical_source_alias,European Conference on Computer Vision (ECCV) Workshops
data/processed/venue_audit_baseline.json,[274].venue_aliases[2],historical_source_alias,European Conference on Computer Vision (ECCV) Workshops
data/processed/venue_audit_baseline.json,[275].venue_aliases[2],historical_source_alias,IEEE/CVF Conference on Computer Vision and Pattern Recognition (CVPR) Workshops
data/processed/venue_audit_baseline.json,[275].venue_aliases[3],historical_source_alias,IEEE/CVF Conference on Computer Vision and Pattern Recognition Workshops
data/processed/venue_audit_baseline.json,[275].venue_aliases[4],historical_source_alias,IEEE/CVF Conference on Computer Vision and Pattern Recognition Workshops (CVPRW)
data/processed/venue_audit_baseline.json,[280].venue_track,historical_paper_track,workshops
data/processed/venue_audit_baseline.json,[280].raw_venue,historical_provenance,2026 IEEE/CVF Winter Conference on Applications of Computer Vision (WACV) Workshop
data/processed/venue_audit_baseline.json,[280].venue_aliases[2],historical_source_alias,IEEE/CVF Winter Conference on Applications of Computer Vision (WACV) Workshops
data/processed/venue_audit_baseline.json,[280].venue_aliases[3],historical_source_alias,IEEE/CVF Winter Conference on Applications of Computer Vision (WACV) Workshop
data/processed/venue_audit_baseline.json,[280].venue_aliases[4],historical_source_alias,IEEE/CVF Winter Conference on Applications of Computer Vision Workshops (WACVW)
data/processed/venue_audit_baseline.json,[280].venue_aliases[5],historical_source_alias,IEEE/CVF Winter Conference on Applications of Computer Vision Workshop (WACVW)
data/processed/venue_audit_baseline.json,[280].venue_aliases[6],historical_source_alias,IEEE/CVF Winter Conference on Applications of Computer Vision (WACVW) Workshops
data/processed/venue_audit_baseline.json,[280].venue_aliases[7],historical_source_alias,IEEE/CVF Winter Conference on Applications of Computer Vision (WACVW) Workshop
data/processed/venue_audit_baseline.json,[280].curated_record.venue_track,historical_paper_track,workshops
data/processed/venue_audit_baseline.json,[280].curated_record.raw_venue,historical_provenance,2026 IEEE/CVF Winter Conference on Applications of Computer Vision (WACV) Workshop
data/processed/venue_audit_baseline.json,[282].venue_aliases[2],historical_source_alias,IEEE/CVF Conference on Computer Vision and Pattern Recognition (CVPR) Workshops
data/processed/venue_audit_baseline.json,[282].venue_aliases[3],historical_source_alias,IEEE/CVF Conference on Computer Vision and Pattern Recognition Workshops
data/processed/venue_audit_baseline.json,[282].venue_aliases[4],historical_source_alias,IEEE/CVF Conference on Computer Vision and Pattern Recognition Workshops (CVPRW)
data/processed/venue_audit_baseline.json,[283].venue_aliases[2],historical_source_alias,IEEE/CVF International Conference on Computer Vision Workshops (ICCVW)
data/processed/venue_audit_baseline.json,[286].venue_aliases[2],historical_source_alias,IEEE/CVF Conference on Computer Vision and Pattern Recognition (CVPR) Workshops
data/processed/venue_audit_baseline.json,[286].venue_aliases[3],historical_source_alias,IEEE/CVF Conference on Computer Vision and Pattern Recognition Workshops
data/processed/venue_audit_baseline.json,[286].venue_aliases[4],historical_source_alias,IEEE/CVF Conference on Computer Vision and Pattern Recognition Workshops (CVPRW)
data/processed/venue_audit_baseline.json,[287].venue_aliases[2],historical_source_alias,IEEE/CVF International Conference on Computer Vision Workshops (ICCVW)
data/processed/venue_audit_baseline.json,[288].venue_aliases[2],historical_source_alias,IEEE/CVF Conference on Computer Vision and Pattern Recognition (CVPR) Workshops
data/processed/venue_audit_baseline.json,[288].venue_aliases[3],historical_source_alias,IEEE/CVF Conference on Computer Vision and Pattern Recognition Workshops
data/processed/venue_audit_baseline.json,[288].venue_aliases[4],historical_source_alias,IEEE/CVF Conference on Computer Vision and Pattern Recognition Workshops (CVPRW)
data/processed/venue_audit_baseline.json,[306].venue_aliases[2],historical_source_alias,IEEE/CVF Winter Conference on Applications of Computer Vision (WACV) Workshops
data/processed/venue_audit_baseline.json,[306].venue_aliases[3],historical_source_alias,IEEE/CVF Winter Conference on Applications of Computer Vision (WACV) Workshop
data/processed/venue_audit_baseline.json,[306].venue_aliases[4],historical_source_alias,IEEE/CVF Winter Conference on Applications of Computer Vision Workshops (WACVW)
data/processed/venue_audit_baseline.json,[306].venue_aliases[5],historical_source_alias,IEEE/CVF Winter Conference on Applications of Computer Vision Workshop (WACVW)
data/processed/venue_audit_baseline.json,[306].venue_aliases[6],historical_source_alias,IEEE/CVF Winter Conference on Applications of Computer Vision (WACVW) Workshops
data/processed/venue_audit_baseline.json,[306].venue_aliases[7],historical_source_alias,IEEE/CVF Winter Conference on Applications of Computer Vision (WACVW) Workshop
data/processed/venue_audit_baseline.json,[319].venue_aliases[2],historical_source_alias,IEEE/CVF Conference on Computer Vision and Pattern Recognition (CVPR) Workshops
data/processed/venue_audit_baseline.json,[319].venue_aliases[3],historical_source_alias,IEEE/CVF Conference on Computer Vision and Pattern Recognition Workshops
data/processed/venue_audit_baseline.json,[319].venue_aliases[4],historical_source_alias,IEEE/CVF Conference on Computer Vision and Pattern Recognition Workshops (CVPRW)
data/processed/venue_audit_baseline.json,[325].venue_track,historical_paper_track,workshops
data/processed/venue_audit_baseline.json,[325].venue_aliases[2],historical_source_alias,IEEE/CVF Winter Conference on Applications of Computer Vision (WACV) Workshops
data/processed/venue_audit_baseline.json,[325].venue_aliases[3],historical_source_alias,IEEE/CVF Winter Conference on Applications of Computer Vision (WACV) Workshop
data/processed/venue_audit_baseline.json,[325].venue_aliases[4],historical_source_alias,IEEE/CVF Winter Conference on Applications of Computer Vision Workshops (WACVW)
data/processed/venue_audit_baseline.json,[325].venue_aliases[5],historical_source_alias,IEEE/CVF Winter Conference on Applications of Computer Vision Workshop (WACVW)
data/processed/venue_audit_baseline.json,[325].venue_aliases[6],historical_source_alias,IEEE/CVF Winter Conference on Applications of Computer Vision (WACVW) Workshops
data/processed/venue_audit_baseline.json,[325].venue_aliases[7],historical_source_alias,IEEE/CVF Winter Conference on Applications of Computer Vision (WACVW) Workshop
data/processed/venue_audit_baseline.json,[325].curated_record.venue_track,historical_paper_track,workshops
data/processed/venue_audit_baseline.json,[334].raw_venue,historical_provenance,Proceedings of the 1stWorkshop on GenAI Content Detection (GenAIDetect)
data/processed/venue_audit_baseline.json,[334].venue_track,historical_paper_track,workshops
data/processed/venue_audit_baseline.json,[334].curated_record.venue_track,historical_paper_track,workshops
data/processed/venue_audit_baseline.json,[334].curated_record.raw_venue,historical_provenance,Proceedings of the 1stWorkshop on GenAI Content Detection (GenAIDetect)
data/processed/venue_audit_baseline.json,[341].venue,historical_canonical_venue,ACM International Workshop on Multimedia AI against Disinformation
data/processed/venue_audit_baseline.json,[341].venue_name,historical_canonical_venue,ACM International Workshop on Multimedia AI against Disinformation
data/processed/venue_audit_baseline.json,[341].venue_track,historical_paper_track,workshops
data/processed/venue_audit_baseline.json,[341].raw_venue,historical_provenance,Proceedings of the 2nd ACM International Workshop on Multimedia AI against Disinformation
data/processed/venue_audit_baseline.json,[341].venue_aliases[0],historical_source_alias,ACM International Workshop on Multimedia AI against Disinformation (MAD)
data/processed/venue_audit_baseline.json,[341].venue_aliases[1],historical_source_alias,ACM International Workshop on Multimedia AI against Disinformation
data/processed/venue_audit_baseline.json,[342].venue_aliases[2],historical_source_alias,IEEE/CVF Conference on Computer Vision and Pattern Recognition (CVPR) Workshops
data/processed/venue_audit_baseline.json,[342].venue_aliases[3],historical_source_alias,IEEE/CVF Conference on Computer Vision and Pattern Recognition Workshops
data/processed/venue_audit_baseline.json,[342].venue_aliases[4],historical_source_alias,IEEE/CVF Conference on Computer Vision and Pattern Recognition Workshops (CVPRW)
data/processed/venue_audit_baseline.json,[344].venue,historical_canonical_venue,IEEE International Workshop on Information Forensics and Security
data/processed/venue_audit_baseline.json,[344].venue_name,historical_canonical_venue,IEEE International Workshop on Information Forensics and Security
data/processed/venue_audit_baseline.json,[344].venue_track,historical_paper_track,workshops
data/processed/venue_audit_baseline.json,[344].raw_venue,historical_provenance,2019 IEEE International Workshop on Information Forensics and Security (WIFS)
data/processed/venue_audit_baseline.json,[344].venue_aliases[0],historical_source_alias,IEEE International Workshop on Information Forensics and Security (WIFS)
data/processed/venue_audit_baseline.json,[344].venue_aliases[1],historical_source_alias,IEEE International Workshop on Information Forensics and Security
data/processed/venue_audit_baseline.json,[346].venue_aliases[2],historical_source_alias,IEEE/CVF Conference on Computer Vision and Pattern Recognition (CVPR) Workshops
data/processed/venue_audit_baseline.json,[346].venue_aliases[3],historical_source_alias,IEEE/CVF Conference on Computer Vision and Pattern Recognition Workshops
data/processed/venue_audit_baseline.json,[346].venue_aliases[4],historical_source_alias,IEEE/CVF Conference on Computer Vision and Pattern Recognition Workshops (CVPRW)
data/processed/venue_audit_baseline.json,[353].venue_aliases[2],historical_source_alias,IEEE/CVF Conference on Computer Vision and Pattern Recognition (CVPR) Workshops
data/processed/venue_audit_baseline.json,[353].venue_aliases[3],historical_source_alias,IEEE/CVF Conference on Computer Vision and Pattern Recognition Workshops
data/processed/venue_audit_baseline.json,[353].venue_aliases[4],historical_source_alias,IEEE/CVF Conference on Computer Vision and Pattern Recognition Workshops (CVPRW)
data/processed/venue_audit_baseline.json,[355].venue_aliases[2],historical_source_alias,IEEE/CVF Conference on Computer Vision and Pattern Recognition (CVPR) Workshops
data/processed/venue_audit_baseline.json,[355].venue_aliases[3],historical_source_alias,IEEE/CVF Conference on Computer Vision and Pattern Recognition Workshops
data/processed/venue_audit_baseline.json,[355].venue_aliases[4],historical_source_alias,IEEE/CVF Conference on Computer Vision and Pattern Recognition Workshops (CVPRW)
data/processed/venue_audit_baseline.json,[359].venue_aliases[2],historical_source_alias,IEEE/CVF Conference on Computer Vision and Pattern Recognition (CVPR) Workshops
data/processed/venue_audit_baseline.json,[359].venue_aliases[3],historical_source_alias,IEEE/CVF Conference on Computer Vision and Pattern Recognition Workshops
data/processed/venue_audit_baseline.json,[359].venue_aliases[4],historical_source_alias,IEEE/CVF Conference on Computer Vision and Pattern Recognition Workshops (CVPRW)
data/processed/venue_audit_baseline.json,[361].venue_aliases[2],historical_source_alias,IEEE/CVF International Conference on Computer Vision Workshops (ICCVW)
data/processed/venue_audit_baseline.json,[367].venue_aliases[2],historical_source_alias,European Conference on Computer Vision (ECCV) Workshops
data/processed/venue_audit_baseline.json,[372].venue_aliases[2],historical_source_alias,IEEE/CVF Conference on Computer Vision and Pattern Recognition (CVPR) Workshops
data/processed/venue_audit_baseline.json,[372].venue_aliases[3],historical_source_alias,IEEE/CVF Conference on Computer Vision and Pattern Recognition Workshops
data/processed/venue_audit_baseline.json,[372].venue_aliases[4],historical_source_alias,IEEE/CVF Conference on Computer Vision and Pattern Recognition Workshops (CVPRW)
data/processed/venue_audit_baseline.json,[375].venue_aliases[2],historical_source_alias,IEEE/CVF International Conference on Computer Vision Workshops (ICCVW)
data/processed/venue_audit_baseline.json,[379].venue_aliases[2],historical_source_alias,IEEE/CVF Conference on Computer Vision and Pattern Recognition (CVPR) Workshops
data/processed/venue_audit_baseline.json,[379].venue_aliases[3],historical_source_alias,IEEE/CVF Conference on Computer Vision and Pattern Recognition Workshops
data/processed/venue_audit_baseline.json,[379].venue_aliases[4],historical_source_alias,IEEE/CVF Conference on Computer Vision and Pattern Recognition Workshops (CVPRW)
data/processed/venue_audit_baseline.json,[402].venue,historical_canonical_venue,ACM International Workshop on Multimedia AI against Disinformation
data/processed/venue_audit_baseline.json,[402].venue_name,historical_canonical_venue,ACM International Workshop on Multimedia AI against Disinformation
data/processed/venue_audit_baseline.json,[402].venue_track,historical_paper_track,workshops
data/processed/venue_audit_baseline.json,[402].raw_venue,historical_provenance,Proceedings of the 5th ACM International Workshop on Multimedia AI against Disinformation
data/processed/venue_audit_baseline.json,[402].venue_aliases[0],historical_source_alias,ACM International Workshop on Multimedia AI against Disinformation (MAD)
data/processed/venue_audit_baseline.json,[402].venue_aliases[1],historical_source_alias,ACM International Workshop on Multimedia AI against Disinformation
data/processed/venue_audit_baseline.json,[403].venue_track,historical_paper_track,workshops
data/processed/venue_audit_baseline.json,[403].curated_record.venue_track,historical_paper_track,workshops
data/processed/venue_audit_baseline.json,[409].venue_aliases[2],historical_source_alias,IEEE/CVF Conference on Computer Vision and Pattern Recognition (CVPR) Workshops
data/processed/venue_audit_baseline.json,[409].venue_aliases[3],historical_source_alias,IEEE/CVF Conference on Computer Vision and Pattern Recognition Workshops
data/processed/venue_audit_baseline.json,[409].venue_aliases[4],historical_source_alias,IEEE/CVF Conference on Computer Vision and Pattern Recognition Workshops (CVPRW)
data/processed/venue_audit_baseline.json,[415].venue,historical_canonical_venue,IEEE International Workshop on Information Forensics and Security
data/processed/venue_audit_baseline.json,[415].venue_name,historical_canonical_venue,IEEE International Workshop on Information Forensics and Security
data/processed/venue_audit_baseline.json,[415].venue_track,historical_paper_track,workshops
data/processed/venue_audit_baseline.json,[415].raw_venue,historical_provenance,2024 IEEE International Workshop on Information Forensics and Security (WIFS)
data/processed/venue_audit_baseline.json,[415].venue_aliases[0],historical_source_alias,IEEE International Workshop on Information Forensics and Security (WIFS)
data/processed/venue_audit_baseline.json,[415].venue_aliases[1],historical_source_alias,IEEE International Workshop on Information Forensics and Security
data/processed/venue_audit_baseline.json,[415].curated_record.venue,historical_canonical_venue,IEEE International Workshop on Information Forensics and Security
data/processed/venue_audit_baseline.json,[415].curated_record.venue_name,historical_canonical_venue,IEEE International Workshop on Information Forensics and Security
data/processed/venue_audit_baseline.json,[415].curated_record.venue_track,historical_paper_track,workshops
data/processed/venue_audit_baseline.json,[415].curated_record.raw_venue,historical_provenance,2024 IEEE International Workshop on Information Forensics and Security (WIFS)
data/processed/venue_audit_baseline.json,[417].venue_track,historical_paper_track,workshops
data/processed/venue_audit_baseline.json,[417].raw_venue,historical_provenance,2023 IEEE/CVF International Conference on Computer Vision Workshops (ICCVW)
data/processed/venue_audit_baseline.json,[417].venue_aliases[2],historical_source_alias,IEEE/CVF International Conference on Computer Vision Workshops (ICCVW)
data/processed/venue_audit_baseline.json,[418].venue_track,historical_paper_track,workshops
data/processed/venue_audit_baseline.json,[418].raw_venue,historical_provenance,2023 IEEE/CVF Conference on Computer Vision and Pattern Recognition Workshops (CVPRW)
data/processed/venue_audit_baseline.json,[418].venue_aliases[2],historical_source_alias,IEEE/CVF Conference on Computer Vision and Pattern Recognition (CVPR) Workshops
data/processed/venue_audit_baseline.json,[418].venue_aliases[3],historical_source_alias,IEEE/CVF Conference on Computer Vision and Pattern Recognition Workshops
data/processed/venue_audit_baseline.json,[418].venue_aliases[4],historical_source_alias,IEEE/CVF Conference on Computer Vision and Pattern Recognition Workshops (CVPRW)
data/processed/venue_audit_baseline.json,[421].venue_aliases[2],historical_source_alias,IEEE/CVF Conference on Computer Vision and Pattern Recognition (CVPR) Workshops
data/processed/venue_audit_baseline.json,[421].venue_aliases[3],historical_source_alias,IEEE/CVF Conference on Computer Vision and Pattern Recognition Workshops
data/processed/venue_audit_baseline.json,[421].venue_aliases[4],historical_source_alias,IEEE/CVF Conference on Computer Vision and Pattern Recognition Workshops (CVPRW)
data/processed/venue_audit_baseline.json,[432].venue_aliases[2],historical_source_alias,IEEE/CVF Conference on Computer Vision and Pattern Recognition (CVPR) Workshops
data/processed/venue_audit_baseline.json,[432].venue_aliases[3],historical_source_alias,IEEE/CVF Conference on Computer Vision and Pattern Recognition Workshops
data/processed/venue_audit_baseline.json,[432].venue_aliases[4],historical_source_alias,IEEE/CVF Conference on Computer Vision and Pattern Recognition Workshops (CVPRW)
data/processed/venue_audit_baseline.json,[434].venue_aliases[2],historical_source_alias,IEEE/CVF Conference on Computer Vision and Pattern Recognition (CVPR) Workshops
data/processed/venue_audit_baseline.json,[434].venue_aliases[3],historical_source_alias,IEEE/CVF Conference on Computer Vision and Pattern Recognition Workshops
data/processed/venue_audit_baseline.json,[434].venue_aliases[4],historical_source_alias,IEEE/CVF Conference on Computer Vision and Pattern Recognition Workshops (CVPRW)
data/processed/venue_audit_baseline.json,[436].venue_aliases[2],historical_source_alias,IEEE/CVF Conference on Computer Vision and Pattern Recognition (CVPR) Workshops
data/processed/venue_audit_baseline.json,[436].venue_aliases[3],historical_source_alias,IEEE/CVF Conference on Computer Vision and Pattern Recognition Workshops
data/processed/venue_audit_baseline.json,[436].venue_aliases[4],historical_source_alias,IEEE/CVF Conference on Computer Vision and Pattern Recognition Workshops (CVPRW)
data/processed/venue_audit_baseline.json,[439].venue_track,historical_paper_track,workshops
data/processed/venue_audit_baseline.json,[439].raw_venue,historical_provenance,2026 IEEE/CVF Conference on Computer Vision and Pattern Recognition (CVPR) Workshops
data/processed/venue_audit_baseline.json,[439].venue_aliases[2],historical_source_alias,IEEE/CVF Conference on Computer Vision and Pattern Recognition (CVPR) Workshops
data/processed/venue_audit_baseline.json,[439].venue_aliases[3],historical_source_alias,IEEE/CVF Conference on Computer Vision and Pattern Recognition Workshops
data/processed/venue_audit_baseline.json,[439].venue_aliases[4],historical_source_alias,IEEE/CVF Conference on Computer Vision and Pattern Recognition Workshops (CVPRW)
data/processed/venue_audit_baseline.json,[439].curated_record.venue_track,historical_paper_track,workshops
data/processed/venue_audit_baseline.json,[439].curated_record.raw_venue,historical_provenance,2026 IEEE/CVF Conference on Computer Vision and Pattern Recognition (CVPR) Workshops
data/processed/venue_audit_baseline.json,[443].venue_id,historical_canonical_id,venue:siggraph:posters
data/processed/venue_audit_baseline.json,[443].curated_record.venue_id,historical_canonical_id,venue:siggraph:posters
data/processed/venue_audit_baseline.json,[445].venue_track,historical_paper_track,workshops
data/processed/venue_audit_baseline.json,[445].raw_venue,historical_provenance,2024 IEEE/CVF Conference on Computer Vision and Pattern Recognition Workshops (CVPRW)
data/processed/venue_audit_baseline.json,[445].venue_aliases[2],historical_source_alias,IEEE/CVF Conference on Computer Vision and Pattern Recognition (CVPR) Workshops
data/processed/venue_audit_baseline.json,[445].venue_aliases[3],historical_source_alias,IEEE/CVF Conference on Computer Vision and Pattern Recognition Workshops
data/processed/venue_audit_baseline.json,[445].venue_aliases[4],historical_source_alias,IEEE/CVF Conference on Computer Vision and Pattern Recognition Workshops (CVPRW)
data/processed/venue_audit_baseline.json,[451].venue_aliases[2],historical_source_alias,IEEE/CVF Winter Conference on Applications of Computer Vision (WACV) Workshops
data/processed/venue_audit_baseline.json,[451].venue_aliases[3],historical_source_alias,IEEE/CVF Winter Conference on Applications of Computer Vision (WACV) Workshop
data/processed/venue_audit_baseline.json,[451].venue_aliases[4],historical_source_alias,IEEE/CVF Winter Conference on Applications of Computer Vision Workshops (WACVW)
data/processed/venue_audit_baseline.json,[451].venue_aliases[5],historical_source_alias,IEEE/CVF Winter Conference on Applications of Computer Vision Workshop (WACVW)
data/processed/venue_audit_baseline.json,[451].venue_aliases[6],historical_source_alias,IEEE/CVF Winter Conference on Applications of Computer Vision (WACVW) Workshops
data/processed/venue_audit_baseline.json,[451].venue_aliases[7],historical_source_alias,IEEE/CVF Winter Conference on Applications of Computer Vision (WACVW) Workshop
data/processed/venue_audit_baseline.json,[452].venue_aliases[2],historical_source_alias,European Conference on Computer Vision (ECCV) Workshops
data/processed/venue_audit_baseline.json,[455].venue_aliases[2],historical_source_alias,IEEE/CVF Conference on Computer Vision and Pattern Recognition (CVPR) Workshops
data/processed/venue_audit_baseline.json,[455].venue_aliases[3],historical_source_alias,IEEE/CVF Conference on Computer Vision and Pattern Recognition Workshops
data/processed/venue_audit_baseline.json,[455].venue_aliases[4],historical_source_alias,IEEE/CVF Conference on Computer Vision and Pattern Recognition Workshops (CVPRW)
data/processed/venue_audit_baseline.json,[462].venue_track,historical_paper_track,workshops
data/processed/venue_audit_baseline.json,[462].curated_record.venue_track,historical_paper_track,workshops
data/processed/venue_audit_baseline.json,[468].venue_aliases[2],historical_source_alias,IEEE/CVF Conference on Computer Vision and Pattern Recognition (CVPR) Workshops
data/processed/venue_audit_baseline.json,[468].venue_aliases[3],historical_source_alias,IEEE/CVF Conference on Computer Vision and Pattern Recognition Workshops
data/processed/venue_audit_baseline.json,[468].venue_aliases[4],historical_source_alias,IEEE/CVF Conference on Computer Vision and Pattern Recognition Workshops (CVPRW)
data/processed/venue_audit_baseline.json,[469].venue_aliases[2],historical_source_alias,IEEE/CVF Conference on Computer Vision and Pattern Recognition (CVPR) Workshops
data/processed/venue_audit_baseline.json,[469].venue_aliases[3],historical_source_alias,IEEE/CVF Conference on Computer Vision and Pattern Recognition Workshops
data/processed/venue_audit_baseline.json,[469].venue_aliases[4],historical_source_alias,IEEE/CVF Conference on Computer Vision and Pattern Recognition Workshops (CVPRW)
data/processed/venue_audit_baseline.json,[473].venue_aliases[2],historical_source_alias,IEEE/CVF International Conference on Computer Vision Workshops (ICCVW)
data/processed/venue_audit_baseline.json,[479].venue_aliases[2],historical_source_alias,IEEE/CVF Conference on Computer Vision and Pattern Recognition (CVPR) Workshops
data/processed/venue_audit_baseline.json,[479].venue_aliases[3],historical_source_alias,IEEE/CVF Conference on Computer Vision and Pattern Recognition Workshops
data/processed/venue_audit_baseline.json,[479].venue_aliases[4],historical_source_alias,IEEE/CVF Conference on Computer Vision and Pattern Recognition Workshops (CVPRW)
data/processed/venue_audit_baseline.json,[480].venue_aliases[2],historical_source_alias,IEEE/CVF Conference on Computer Vision and Pattern Recognition (CVPR) Workshops
data/processed/venue_audit_baseline.json,[480].venue_aliases[3],historical_source_alias,IEEE/CVF Conference on Computer Vision and Pattern Recognition Workshops
data/processed/venue_audit_baseline.json,[480].venue_aliases[4],historical_source_alias,IEEE/CVF Conference on Computer Vision and Pattern Recognition Workshops (CVPRW)
data/processed/venue_audit_baseline.json,[481].venue,historical_canonical_venue,ACM International Workshop on Multimedia AI against Disinformation
data/processed/venue_audit_baseline.json,[481].venue_name,historical_canonical_venue,ACM International Workshop on Multimedia AI against Disinformation
data/processed/venue_audit_baseline.json,[481].venue_track,historical_paper_track,workshops
data/processed/venue_audit_baseline.json,[481].raw_venue,historical_provenance,3rd ACM International Workshop on Multimedia AI against Disinformation
data/processed/venue_audit_baseline.json,[481].venue_aliases[0],historical_source_alias,ACM International Workshop on Multimedia AI against Disinformation (MAD)
data/processed/venue_audit_baseline.json,[481].venue_aliases[1],historical_source_alias,ACM International Workshop on Multimedia AI against Disinformation
data/processed/venue_audit_baseline.json,[481].curated_record.venue,historical_canonical_venue,ACM International Workshop on Multimedia AI against Disinformation
data/processed/venue_audit_baseline.json,[481].curated_record.venue_name,historical_canonical_venue,ACM International Workshop on Multimedia AI against Disinformation
data/processed/venue_audit_baseline.json,[481].curated_record.venue_track,historical_paper_track,workshops
data/processed/venue_audit_baseline.json,[481].curated_record.raw_venue,historical_provenance,3rd ACM International Workshop on Multimedia AI against Disinformation
data/processed/venue_audit_baseline.json,[482].venue_aliases[2],historical_source_alias,IEEE/CVF Conference on Computer Vision and Pattern Recognition (CVPR) Workshops
data/processed/venue_audit_baseline.json,[482].venue_aliases[3],historical_source_alias,IEEE/CVF Conference on Computer Vision and Pattern Recognition Workshops
data/processed/venue_audit_baseline.json,[482].venue_aliases[4],historical_source_alias,IEEE/CVF Conference on Computer Vision and Pattern Recognition Workshops (CVPRW)
data/processed/venue_audit_baseline.json,[490].venue_track,historical_paper_track,workshops
data/processed/venue_audit_baseline.json,[490].raw_venue,historical_provenance,2019 IEEE/CVF Conference on Computer Vision and Pattern Recognition (CVPR) Workshops
data/processed/venue_audit_baseline.json,[490].venue_aliases[2],historical_source_alias,IEEE/CVF Conference on Computer Vision and Pattern Recognition (CVPR) Workshops
data/processed/venue_audit_baseline.json,[490].venue_aliases[3],historical_source_alias,IEEE/CVF Conference on Computer Vision and Pattern Recognition Workshops
data/processed/venue_audit_baseline.json,[490].venue_aliases[4],historical_source_alias,IEEE/CVF Conference on Computer Vision and Pattern Recognition Workshops (CVPRW)
data/processed/venue_audit_baseline.json,[490].curated_record.venue_track,historical_paper_track,workshops
data/processed/venue_audit_baseline.json,[490].curated_record.raw_venue,historical_provenance,2019 IEEE/CVF Conference on Computer Vision and Pattern Recognition (CVPR) Workshops
data/processed/venue_audit_baseline.json,[493].venue_aliases[2],historical_source_alias,IEEE/CVF International Conference on Computer Vision Workshops (ICCVW)
data/processed/venue_audit_baseline.json,[505].venue_track,historical_paper_track,workshops
data/processed/venue_audit_baseline.json,[505].venue_aliases[2],historical_source_alias,IEEE/CVF Conference on Computer Vision and Pattern Recognition (CVPR) Workshops
data/processed/venue_audit_baseline.json,[505].venue_aliases[3],historical_source_alias,IEEE/CVF Conference on Computer Vision and Pattern Recognition Workshops
data/processed/venue_audit_baseline.json,[505].venue_aliases[4],historical_source_alias,IEEE/CVF Conference on Computer Vision and Pattern Recognition Workshops (CVPRW)
data/processed/venue_audit_baseline.json,[505].curated_record.venue_track,historical_paper_track,workshops
data/processed/venue_audit_baseline.json,[508].venue_track,historical_paper_track,workshops
data/processed/venue_audit_baseline.json,[508].venue_aliases[2],historical_source_alias,IEEE/CVF Winter Conference on Applications of Computer Vision (WACV) Workshops
data/processed/venue_audit_baseline.json,[508].venue_aliases[3],historical_source_alias,IEEE/CVF Winter Conference on Applications of Computer Vision (WACV) Workshop
data/processed/venue_audit_baseline.json,[508].venue_aliases[4],historical_source_alias,IEEE/CVF Winter Conference on Applications of Computer Vision Workshops (WACVW)
data/processed/venue_audit_baseline.json,[508].venue_aliases[5],historical_source_alias,IEEE/CVF Winter Conference on Applications of Computer Vision Workshop (WACVW)
data/processed/venue_audit_baseline.json,[508].venue_aliases[6],historical_source_alias,IEEE/CVF Winter Conference on Applications of Computer Vision (WACVW) Workshops
data/processed/venue_audit_baseline.json,[508].venue_aliases[7],historical_source_alias,IEEE/CVF Winter Conference on Applications of Computer Vision (WACVW) Workshop
data/processed/venue_audit_baseline.json,[508].curated_record.venue_track,historical_paper_track,workshops
data/processed/venue_audit_baseline.json,[509].venue_track,historical_paper_track,workshops
data/processed/venue_audit_baseline.json,[509].raw_venue,historical_provenance,2026 IEEE/CVF Conference on Computer Vision and Pattern Recognition (CVPR) Workshops
data/processed/venue_audit_baseline.json,[509].venue_aliases[2],historical_source_alias,IEEE/CVF Conference on Computer Vision and Pattern Recognition (CVPR) Workshops
data/processed/venue_audit_baseline.json,[509].venue_aliases[3],historical_source_alias,IEEE/CVF Conference on Computer Vision and Pattern Recognition Workshops
data/processed/venue_audit_baseline.json,[509].venue_aliases[4],historical_source_alias,IEEE/CVF Conference on Computer Vision and Pattern Recognition Workshops (CVPRW)
data/processed/venue_audit_baseline.json,[509].curated_record.venue_track,historical_paper_track,workshops
data/processed/venue_audit_baseline.json,[509].curated_record.raw_venue,historical_provenance,2026 IEEE/CVF Conference on Computer Vision and Pattern Recognition (CVPR) Workshops
data/processed/venue_audit_baseline.json,[515].venue_aliases[2],historical_source_alias,IEEE/CVF Conference on Computer Vision and Pattern Recognition (CVPR) Workshops
data/processed/venue_audit_baseline.json,[515].venue_aliases[3],historical_source_alias,IEEE/CVF Conference on Computer Vision and Pattern Recognition Workshops
data/processed/venue_audit_baseline.json,[515].venue_aliases[4],historical_source_alias,IEEE/CVF Conference on Computer Vision and Pattern Recognition Workshops (CVPRW)
data/processed/venue_audit_baseline.json,[519].venue_aliases[2],historical_source_alias,IEEE/CVF International Conference on Computer Vision Workshops (ICCVW)
data/processed/venue_audit_baseline.json,[521].venue,historical_canonical_venue,IEEE European Symposium on Security and Privacy Workshops
data/processed/venue_audit_baseline.json,[521].raw_venue,historical_provenance,IEEE European Symposium on Security and Privacy Workshops
data/processed/venue_audit_baseline.json,[521].curated_record.venue,historical_canonical_venue,IEEE European Symposium on Security and Privacy Workshops
data/processed/venue_audit_baseline.json,[521].curated_record.raw_venue,historical_provenance,IEEE European Symposium on Security and Privacy Workshops
data/processed/venue_audit_baseline.json,[529].venue_aliases[2],historical_source_alias,IEEE/CVF Conference on Computer Vision and Pattern Recognition (CVPR) Workshops
data/processed/venue_audit_baseline.json,[529].venue_aliases[3],historical_source_alias,IEEE/CVF Conference on Computer Vision and Pattern Recognition Workshops
data/processed/venue_audit_baseline.json,[529].venue_aliases[4],historical_source_alias,IEEE/CVF Conference on Computer Vision and Pattern Recognition Workshops (CVPRW)
data/processed/venue_audit_baseline.json,[530].venue_aliases[2],historical_source_alias,IEEE/CVF Conference on Computer Vision and Pattern Recognition (CVPR) Workshops
data/processed/venue_audit_baseline.json,[530].venue_aliases[3],historical_source_alias,IEEE/CVF Conference on Computer Vision and Pattern Recognition Workshops
data/processed/venue_audit_baseline.json,[530].venue_aliases[4],historical_source_alias,IEEE/CVF Conference on Computer Vision and Pattern Recognition Workshops (CVPRW)
data/processed/venue_audit_baseline.json,[534].venue,historical_canonical_venue,IEEE International Workshop on Information Forensics and Security
data/processed/venue_audit_baseline.json,[534].venue_name,historical_canonical_venue,IEEE International Workshop on Information Forensics and Security
data/processed/venue_audit_baseline.json,[534].venue_track,historical_paper_track,workshops
data/processed/venue_audit_baseline.json,[534].raw_venue,historical_provenance,IEEE International Workshop on Information Forensics and Security (WIFS)
data/processed/venue_audit_baseline.json,[534].venue_aliases[0],historical_source_alias,IEEE International Workshop on Information Forensics and Security (WIFS)
data/processed/venue_audit_baseline.json,[534].venue_aliases[1],historical_source_alias,IEEE International Workshop on Information Forensics and Security
data/processed/venue_audit_baseline.json,[534].curated_record.venue,historical_canonical_venue,IEEE International Workshop on Information Forensics and Security
data/processed/venue_audit_baseline.json,[534].curated_record.venue_name,historical_canonical_venue,IEEE International Workshop on Information Forensics and Security
data/processed/venue_audit_baseline.json,[534].curated_record.venue_track,historical_paper_track,workshops
data/processed/venue_audit_baseline.json,[534].curated_record.raw_venue,historical_provenance,IEEE International Workshop on Information Forensics and Security (WIFS)
data/processed/venue_audit_baseline.json,[539].venue_track,historical_paper_track,workshops
data/processed/venue_audit_baseline.json,[539].venue_aliases[2],historical_source_alias,IEEE/CVF Conference on Computer Vision and Pattern Recognition (CVPR) Workshops
data/processed/venue_audit_baseline.json,[539].venue_aliases[3],historical_source_alias,IEEE/CVF Conference on Computer Vision and Pattern Recognition Workshops
data/processed/venue_audit_baseline.json,[539].venue_aliases[4],historical_source_alias,IEEE/CVF Conference on Computer Vision and Pattern Recognition Workshops (CVPRW)
data/processed/venue_audit_baseline.json,[539].curated_record.venue_track,historical_paper_track,workshops
data/processed/venue_audit_baseline.json,[544].venue,historical_canonical_venue,ACM International Workshop on Multimedia AI against Disinformation
data/processed/venue_audit_baseline.json,[544].venue_name,historical_canonical_venue,ACM International Workshop on Multimedia AI against Disinformation
data/processed/venue_audit_baseline.json,[544].venue_track,historical_paper_track,workshops
data/processed/venue_audit_baseline.json,[544].raw_venue,historical_provenance,Proceedings of the 5th ACM International Workshop on Multimedia AI against Disinformation (MAD)
data/processed/venue_audit_baseline.json,[544].venue_aliases[0],historical_source_alias,ACM International Workshop on Multimedia AI against Disinformation (MAD)
data/processed/venue_audit_baseline.json,[544].venue_aliases[1],historical_source_alias,ACM International Workshop on Multimedia AI against Disinformation
data/processed/venue_audit_baseline.json,[544].curated_record.venue,historical_canonical_venue,ACM International Workshop on Multimedia AI against Disinformation
data/processed/venue_audit_baseline.json,[544].curated_record.venue_name,historical_canonical_venue,ACM International Workshop on Multimedia AI against Disinformation
data/processed/venue_audit_baseline.json,[544].curated_record.venue_track,historical_paper_track,workshops
data/processed/venue_audit_baseline.json,[544].curated_record.raw_venue,historical_provenance,Proceedings of the 5th ACM International Workshop on Multimedia AI against Disinformation (MAD)
data/processed/venue_audit_baseline.json,[557].venue,historical_canonical_venue,2026 IEEE 16th Annual Computing and Communication Workshop and Conference (CCWC)
data/processed/venue_audit_baseline.json,[557].raw_venue,historical_provenance,2026 IEEE 16th Annual Computing and Communication Workshop and Conference (CCWC)
data/processed/venue_audit_baseline.json,[559].venue_aliases[2],historical_source_alias,IEEE/CVF Conference on Computer Vision and Pattern Recognition (CVPR) Workshops
data/processed/venue_audit_baseline.json,[559].venue_aliases[3],historical_source_alias,IEEE/CVF Conference on Computer Vision and Pattern Recognition Workshops
data/processed/venue_audit_baseline.json,[559].venue_aliases[4],historical_source_alias,IEEE/CVF Conference on Computer Vision and Pattern Recognition Workshops (CVPRW)
data/processed/venue_audit_baseline.json,[560].venue_aliases[2],historical_source_alias,European Conference on Computer Vision (ECCV) Workshops
data/processed/venue_audit_baseline.json,[561].venue,historical_canonical_venue,ACM International Workshop on Multimedia AI against Disinformation
data/processed/venue_audit_baseline.json,[561].venue_name,historical_canonical_venue,ACM International Workshop on Multimedia AI against Disinformation
data/processed/venue_audit_baseline.json,[561].venue_track,historical_paper_track,workshops
data/processed/venue_audit_baseline.json,[561].raw_venue,historical_provenance,3rd ACM International Workshop on Multimedia AI against Disinformation
data/processed/venue_audit_baseline.json,[561].venue_aliases[0],historical_source_alias,ACM International Workshop on Multimedia AI against Disinformation (MAD)
data/processed/venue_audit_baseline.json,[561].venue_aliases[1],historical_source_alias,ACM International Workshop on Multimedia AI against Disinformation
data/processed/venue_audit_baseline.json,[562].venue_track,historical_paper_track,workshops
data/processed/venue_audit_baseline.json,[562].curated_record.venue_track,historical_paper_track,workshops
data/processed/venue_audit_baseline.json,[566].venue_track,historical_paper_track,workshops
data/processed/venue_audit_baseline.json,[566].raw_venue,historical_provenance,2024 European Conference on Computer Vision (ECCV) Workshops
data/processed/venue_audit_baseline.json,[566].venue_aliases[2],historical_source_alias,European Conference on Computer Vision (ECCV) Workshops
data/processed/venue_audit_baseline.json,[566].curated_record.venue_track,historical_paper_track,workshops
data/processed/venue_audit_baseline.json,[566].curated_record.raw_venue,historical_provenance,2024 European Conference on Computer Vision (ECCV) Workshops
data/processed/venue_audit_baseline.json,[567].venue_aliases[2],historical_source_alias,IEEE/CVF Conference on Computer Vision and Pattern Recognition (CVPR) Workshops
data/processed/venue_audit_baseline.json,[567].venue_aliases[3],historical_source_alias,IEEE/CVF Conference on Computer Vision and Pattern Recognition Workshops
data/processed/venue_audit_baseline.json,[567].venue_aliases[4],historical_source_alias,IEEE/CVF Conference on Computer Vision and Pattern Recognition Workshops (CVPRW)
data/processed/venue_audit_baseline.json,[568].venue_aliases[2],historical_source_alias,European Conference on Computer Vision (ECCV) Workshops
data/processed/venue_metadata_sync_audit.json,dangling_records[0].venue_id,canonical_id,venue:1stworkshop-on-genai-content-detection:main
data/processed/venue_metadata_sync_audit.json,dangling_records[1].venue_id,canonical_id,venue:advances-in-neural-information-processing-systems:main
data/processed/venue_metadata_sync_audit.json,dangling_records[2].venue_id,canonical_id,venue:computer-vision-and-pattern-recognition:main
data/processed/venue_metadata_sync_audit.json,dangling_records[3].venue_id,canonical_id,venue:conference32nd-british-machine-vision-conference-bmvc-2021:main
data/processed/venue_metadata_sync_audit.json,dangling_records[10].venue_id,canonical_id,venue:ieee-international-conference-on-pattern-recognition-machine-vision-and-artificial-intelligence:main
data/processed/venue_metadata_sync_audit.json,dangling_records[14].venue_id,canonical_id,venue:ieee-security-and-privacy:workshops
data/processed/venue_metadata_sync_audit.json,dangling_records[19].venue_id,canonical_id,venue:image-analysis-and-processing-iciap-2025-workshops-23rd-international-conference:workshops
data/processed/venue_metadata_sync_audit.json,dangling_records[21].venue_id,canonical_id,venue:international-conference-on-advanced-information-networking-and-applications:main
data/processed/venue_metadata_sync_audit.json,dangling_records[22].venue_id,canonical_id,venue:international-conference-on-computer-supported-cooperative-work-in-design:main
data/processed/venue_metadata_sync_audit.json,dangling_records[23].venue_id,canonical_id,venue:international-conference-on-computing-power-and-communication-technologies:main
data/processed/venue_metadata_sync_audit.json,dangling_records[24].venue_id,canonical_id,venue:international-conference-on-intelligent-computing:main
data/processed/venue_metadata_sync_audit.json,dangling_records[25].venue_id,canonical_id,venue:international-conference-on-intelligent-computing:main
data/processed/venue_metadata_sync_audit.json,dangling_records[26].venue_id,canonical_id,venue:international-conference-on-intelligent-computing:main
data/processed/venue_metadata_sync_audit.json,dangling_records[27].venue_id,canonical_id,venue:international-conference-on-intelligent-computing:main
data/processed/venue_metadata_sync_audit.json,dangling_records[28].venue_id,canonical_id,venue:international-conference-on-intelligent-computing:main
data/processed/venue_metadata_sync_audit.json,dangling_records[29].venue_id,canonical_id,venue:international-conference-on-intelligent-computing:main
data/processed/venue_metadata_sync_audit.json,dangling_records[30].venue_id,canonical_id,venue:international-conference-on-multimedia-modeling:main
data/processed/venue_metadata_sync_audit.json,dangling_records[31].venue_id,canonical_id,venue:international-conference-on-pattern-recognition:main
data/processed/venue_metadata_sync_audit.json,dangling_records[32].venue_id,canonical_id,venue:international-symposium-on-cyberspace-safety-and-security:main
data/processed/venue_metadata_sync_audit.json,dangling_records[40].venue_id,canonical_id,venue:pacific-asia-conference-on-knowledge-discovery-and-data-mining:main
data/processed/venue_metadata_sync_audit.json,dangling_records[42].venue_id,canonical_id,venue:pattern-recognition-and-computer-vision-7th-chinese-conference:main
data/processed/venue_metadata_sync_audit.json,venues[23].canonical.venue_name,canonical_venue,ACM Workshop on Information Hiding and Multimedia Security
data/processed/venue_metadata_sync_audit.json,venues[33].canonical.venue_name,canonical_venue,ACM International Workshop on Multimedia AI against Disinformation
data/processed/venue_metadata_sync_audit.json,venues[40].venue_id,canonical_id,venue:siggraph:posters
data/processed/venue_metadata_sync_audit.json,venues[42].canonical.venue_name,canonical_venue,IEEE International Workshop on Information Forensics and Security
data/processed/venue_migration_report.json,audit[2].raw_venue,historical_provenance,2019 IEEE/CVF Conference on Computer Vision and Pattern Recognition (CVPR) Workshops
data/processed/venue_migration_report.json,audit[2].venue_track,historical_paper_track,workshops
data/processed/venue_migration_report.json,audit[4].raw_venue,historical_provenance,2020 IEEE Security and Privacy Workshops (SPW)
data/processed/venue_migration_report.json,audit[4].venue_acronym,historical_canonical_acronym,SPW
data/processed/venue_migration_report.json,audit[4].venue_track,historical_paper_track,workshops
data/processed/venue_migration_report.json,audit[8].raw_venue,historical_provenance,2024 European Conference on Computer Vision (ECCV) Workshops
data/processed/venue_migration_report.json,audit[8].venue_track,historical_paper_track,workshops
data/processed/venue_migration_report.json,audit[9].raw_venue,historical_provenance,2024 IEEE International Workshop on Information Forensics and Security (WIFS)
data/processed/venue_migration_report.json,audit[9].venue_name,historical_canonical_venue,IEEE International Workshop on Information Forensics and Security
data/processed/venue_migration_report.json,audit[9].venue_track,historical_paper_track,workshops
data/processed/venue_migration_report.json,audit[11].raw_venue,historical_provenance,2024 IEEE/CVF Conference on Computer Vision and Pattern Recognition (CVPR) Workshops
data/processed/venue_migration_report.json,audit[11].venue_track,historical_paper_track,workshops
data/processed/venue_migration_report.json,audit[17].raw_venue,historical_provenance,2026 ACM Workshop on Information Hiding and Multimedia Security (IH&MMSec)
data/processed/venue_migration_report.json,audit[17].venue_name,historical_canonical_venue,ACM Workshop on Information Hiding and Multimedia Security
data/processed/venue_migration_report.json,audit[17].venue_track,historical_paper_track,workshops
data/processed/venue_migration_report.json,audit[20].raw_venue,historical_provenance,2026 IEEE/CVF Conference on Computer Vision and Pattern Recognition (CVPR) Workshops
data/processed/venue_migration_report.json,audit[20].venue_track,historical_paper_track,workshops
data/processed/venue_migration_report.json,audit[22].raw_venue,historical_provenance,2026 IEEE/CVF Winter Conference on Applications of Computer Vision (WACV) Workshop
data/processed/venue_migration_report.json,audit[22].venue_track,historical_paper_track,workshops
data/processed/venue_migration_report.json,audit[39].raw_venue,historical_provenance,IEEE International Workshop on Information Forensics and Security (WIFS)
data/processed/venue_migration_report.json,audit[39].venue_name,historical_canonical_venue,IEEE International Workshop on Information Forensics and Security
data/processed/venue_migration_report.json,audit[39].venue_track,historical_paper_track,workshops
data/processed/venue_migration_report.json,audit[52].raw_venue,historical_provenance,Image Analysis and Processing - ICIAP 2025 Workshops: 23rd International Conference
data/processed/venue_migration_report.json,audit[52].venue_name,historical_canonical_venue,Image Analysis and Processing - ICIAP 2025 Workshops: 23rd International Conference
data/processed/venue_migration_report.json,audit[52].venue_track,historical_paper_track,workshops
data/processed/venue_migration_report.json,audit[66].venue_acronym,historical_canonical_acronym,LNCS
data/processed/venue_migration_report.json,audit[74].raw_venue,historical_provenance,Proceedings of the 1stWorkshop on GenAI Content Detection (GenAIDetect)
data/processed/venue_migration_report.json,audit[74].venue_name,historical_canonical_venue,1stWorkshop on GenAI Content Detection
data/processed/venue_migration_report.json,audit[75].raw_venue,historical_provenance,Proceedings of the 2026 ACM Workshop on Information Hiding and Multimedia Security (IH&MMSec)
data/processed/venue_migration_report.json,audit[75].venue_name,historical_canonical_venue,ACM Workshop on Information Hiding and Multimedia Security
data/processed/venue_migration_report.json,audit[75].venue_track,historical_paper_track,workshops
data/processed/venue_migration_report.json,audit[83].raw_venue,historical_provenance,Proceedings of the 5th ACM International Workshop on Multimedia AI against Disinformation (MAD)
data/processed/venue_migration_report.json,audit[83].venue_name,historical_canonical_venue,ACM International Workshop on Multimedia AI against Disinformation
data/processed/venue_migration_report.json,audit[83].venue_track,historical_paper_track,workshops
data/processed/venue_migration_report.json,largest_duplicate_groups_merged[0].venue_id,historical_canonical_id,venue:arxiv:main
data/processed/venue_migration_report.json,largest_duplicate_groups_merged[1].venue_id,historical_canonical_id,venue:icml:main
data/processed/venue_migration_report.json,largest_duplicate_groups_merged[2].venue_id,historical_canonical_id,venue:cvpr:main
data/processed/venue_migration_report.json,largest_duplicate_groups_merged[3].venue_id,historical_canonical_id,venue:iclr:main
data/processed/venue_migration_report.json,largest_duplicate_groups_merged[4].venue_id,historical_canonical_id,venue:iccv:main
data/processed/venue_migration_report.json,largest_duplicate_groups_merged[5].venue_id,historical_canonical_id,venue:cvpr:workshops
data/processed/venue_migration_report.json,largest_duplicate_groups_merged[6].venue_id,historical_canonical_id,venue:neurips:main
data/processed/venue_migration_report.json,largest_duplicate_groups_merged[7].venue_id,historical_canonical_id,venue:acm-mm:main
data/processed/venue_migration_report.json,largest_duplicate_groups_merged[8].venue_id,historical_canonical_id,venue:wifs:main
data/processed/venue_migration_report.json,largest_duplicate_groups_merged[9].venue_id,historical_canonical_id,venue:icmr:main
data/processed/venue_migration_report.json,largest_duplicate_groups_merged[10].venue_id,historical_canonical_id,venue:ih-mmsec:main
data/processed/venue_migration_report.json,largest_duplicate_groups_merged[11].venue_id,historical_canonical_id,venue:wacv:main
data/processed/venue_migration_report.json,inventory_scan.curated_before.malformed_embedded_whitespace[0].venue_id,historical_canonical_id,venue:international-conference-on-machine-vision:main
data/processed/venue_migration_report.json,inventory_scan.curated_before.missing_established_acronym_candidates[0].venue_id,historical_canonical_id,venue:conference32nd-british-machine-vision-conference-bmvc-2021:main
data/processed/venue_migration_report.json,inventory_scan.curated_before.missing_established_acronym_candidates[1].venue_id,historical_canonical_id,venue:ieee-access:main
data/processed/venue_migration_report.json,inventory_scan.curated_before.missing_established_acronym_candidates[2].venue_id,historical_canonical_id,venue:international-conference-on-multimedia-modeling:main
data/processed/venue_migration_report.json,inventory_scan.curated_before.missing_established_acronym_candidates[3].venue_id,historical_canonical_id,venue:ieee-open-journal-of-signal-processing:main
data/processed/venue_migration_report.json,inventory_scan.curated_before.missing_established_acronym_candidates[4].venue_id,historical_canonical_id,venue:international-conference-on-machine-vision:main
data/processed/venue_migration_report.json,inventory_scan.curated_before.missing_established_acronym_candidates[5].venue_id,historical_canonical_id,venue:pattern-recognition-and-computer-vision-7th-chinese-conference:main
data/processed/venue_migration_report.json,inventory_scan.curated_before.missing_established_acronym_candidates[6].venue_id,historical_canonical_id,venue:image-analysis-and-processing-iciap-2025-workshops-23rd-international-conference:workshops
data/processed/venue_migration_report.json,inventory_scan.curated_before.missing_established_acronym_candidates[6].venue_name,historical_canonical_venue,Image Analysis and Processing - ICIAP 2025 Workshops: 23rd International Conference
data/processed/venue_migration_report.json,inventory_scan.curated_before.missing_established_acronym_candidates[6].track,historical_paper_track,workshops
data/processed/venue_migration_report.json,inventory_scan.curated_before.missing_established_acronym_candidates[7].venue_id,historical_canonical_id,venue:ieee-access:main
data/processed/venue_migration_report.json,inventory_scan.curated_before.missing_established_acronym_candidates[8].venue_id,historical_canonical_id,venue:ieee-transactions-on-dependable-and-secure-computing:main
data/processed/venue_migration_report.json,inventory_scan.curated_before.missing_established_acronym_candidates[9].venue_id,historical_canonical_id,venue:ieee-internet-of-things-journal:main
data/processed/venue_migration_report.json,inventory_scan.curated_before.missing_established_acronym_candidates[10].venue_id,historical_canonical_id,venue:neural-networks:main
data/processed/venue_migration_report.json,inventory_scan.curated_before.missing_established_acronym_candidates[11].venue_id,historical_canonical_id,venue:ieee-multimedia:main
data/processed/venue_migration_report.json,inventory_scan.curated_before.missing_established_acronym_candidates[12].venue_id,historical_canonical_id,venue:computer-vision-and-image-understanding:main
data/processed/venue_migration_report.json,inventory_scan.curated_before.missing_established_acronym_candidates[13].venue_id,historical_canonical_id,venue:ieee-transactions-on-image-processing:main
data/processed/venue_migration_report.json,inventory_scan.curated_before.missing_established_acronym_candidates[14].venue_id,historical_canonical_id,venue:ieee-tai:main
data/processed/venue_migration_report.json,inventory_scan.curated_before.missing_established_acronym_candidates[15].venue_id,historical_canonical_id,venue:international-joint-conference-on-natural-language-processing-and-the-4th-conference-of-the-asia-pacific-chapter-of-the-association-for-computational-linguistics:main
data/processed/venue_migration_report.json,inventory_scan.curated_before.missing_established_acronym_candidates[16].venue_id,historical_canonical_id,venue:ieee-tai:main
data/processed/venue_migration_report.json,inventory_scan.curated_before.missing_established_acronym_candidates[17].venue_id,historical_canonical_id,venue:ieee-transactions-on-cybernetics:main
data/processed/venue_migration_report.json,inventory_scan.curated_after.malformed_embedded_whitespace[0].venue_id,historical_canonical_id,venue:international-conference-on-machine-vision:main
data/processed/venue_migration_report.json,inventory_scan.curated_after.missing_established_acronym_candidates[0].venue_id,historical_canonical_id,venue:conference32nd-british-machine-vision-conference-bmvc-2021:main
data/processed/venue_migration_report.json,inventory_scan.curated_after.missing_established_acronym_candidates[1].venue_id,historical_canonical_id,venue:ieee-access:main
data/processed/venue_migration_report.json,inventory_scan.curated_after.missing_established_acronym_candidates[2].venue_id,historical_canonical_id,venue:international-conference-on-multimedia-modeling:main
data/processed/venue_migration_report.json,inventory_scan.curated_after.missing_established_acronym_candidates[3].venue_id,historical_canonical_id,venue:ieee-open-journal-of-signal-processing:main
data/processed/venue_migration_report.json,inventory_scan.curated_after.missing_established_acronym_candidates[4].venue_id,historical_canonical_id,venue:international-conference-on-machine-vision:main
data/processed/venue_migration_report.json,inventory_scan.curated_after.missing_established_acronym_candidates[5].venue_id,historical_canonical_id,venue:pattern-recognition-and-computer-vision-7th-chinese-conference:main
data/processed/venue_migration_report.json,inventory_scan.curated_after.missing_established_acronym_candidates[6].venue_id,historical_canonical_id,venue:image-analysis-and-processing-iciap-2025-workshops-23rd-international-conference:workshops
data/processed/venue_migration_report.json,inventory_scan.curated_after.missing_established_acronym_candidates[6].venue_name,historical_canonical_venue,Image Analysis and Processing - ICIAP 2025 Workshops: 23rd International Conference
data/processed/venue_migration_report.json,inventory_scan.curated_after.missing_established_acronym_candidates[6].track,historical_paper_track,workshops
data/processed/venue_migration_report.json,inventory_scan.curated_after.missing_established_acronym_candidates[7].venue_id,historical_canonical_id,venue:ieee-access:main
data/processed/venue_migration_report.json,inventory_scan.curated_after.missing_established_acronym_candidates[8].venue_id,historical_canonical_id,venue:ieee-transactions-on-dependable-and-secure-computing:main
data/processed/venue_migration_report.json,inventory_scan.curated_after.missing_established_acronym_candidates[9].venue_id,historical_canonical_id,venue:ieee-internet-of-things-journal:main
data/processed/venue_migration_report.json,inventory_scan.curated_after.missing_established_acronym_candidates[10].venue_id,historical_canonical_id,venue:neural-networks:main
data/processed/venue_migration_report.json,inventory_scan.curated_after.missing_established_acronym_candidates[11].venue_id,historical_canonical_id,venue:ieee-multimedia:main
data/processed/venue_migration_report.json,inventory_scan.curated_after.missing_established_acronym_candidates[12].venue_id,historical_canonical_id,venue:computer-vision-and-image-understanding:main
data/processed/venue_migration_report.json,inventory_scan.curated_after.missing_established_acronym_candidates[13].venue_id,historical_canonical_id,venue:ieee-transactions-on-image-processing:main
data/processed/venue_migration_report.json,inventory_scan.curated_after.missing_established_acronym_candidates[14].venue_id,historical_canonical_id,venue:ieee-tai:main
data/processed/venue_migration_report.json,inventory_scan.curated_after.missing_established_acronym_candidates[15].venue_id,historical_canonical_id,venue:international-joint-conference-on-natural-language-processing-and-the-4th-conference-of-the-asia-pacific-chapter-of-the-association-for-computational-linguistics:main
data/processed/venue_migration_report.json,inventory_scan.curated_after.missing_established_acronym_candidates[16].venue_id,historical_canonical_id,venue:ieee-tai:main
data/processed/venue_migration_report.json,inventory_scan.curated_after.missing_established_acronym_candidates[17].venue_id,historical_canonical_id,venue:ieee-transactions-on-cybernetics:main
data/processed/venue_migration_report.json,inventory_scan.alias_registry.malformed_embedded_whitespace[0].venue_id,historical_canonical_id,venue:international-conference-on-machine-vision:main
data/processed/venue_normalized_papers.csv,[10].venue_track,paper_track,Workshop
data/processed/venue_normalized_papers.csv,[10].raw_venue,provenance,Proceedings of the IEEE/CVF Conference on Computer Vision and Pattern Recognition (CVPR) Workshops; SAFE (Synthetic & Adversarial ForEnsics)
data/processed/venue_normalized_papers.csv,[27].venue_track,paper_track,Workshop
data/processed/venue_normalized_papers.csv,[39].venue_track,paper_track,Workshop
data/processed/venue_normalized_papers.csv,[64].venue_track,paper_track,Workshop
data/processed/venue_normalized_papers.csv,[64].raw_venue,provenance,2024 European Conference on Computer Vision (ECCV) Workshops
data/processed/venue_normalized_papers.csv,[68].venue,canonical_venue,Workshop on Security Implications of Deepfakes and Cheapfakes
data/processed/venue_normalized_papers.csv,[68].venue_id,canonical_id,venue:workshop-on-security-implications-of-deepfakes-and-cheapfakes
data/processed/venue_normalized_papers.csv,[68].venue_name,canonical_venue,Workshop on Security Implications of Deepfakes and Cheapfakes
data/processed/venue_normalized_papers.csv,[68].venue_track,paper_track,Workshop
data/processed/venue_normalized_papers.csv,[68].raw_venue,provenance,Proceedings of the 4th Workshop on Security Implications of Deepfakes and Cheapfakes
data/processed/venue_normalized_papers.csv,[73].venue_track,paper_track,Workshop
data/processed/venue_normalized_papers.csv,[73].raw_venue,provenance,2020 IEEE Security and Privacy Workshops (SPW)
data/processed/venue_normalized_papers.csv,[76].venue_track,paper_track,Workshop
data/processed/venue_normalized_papers.csv,[76].raw_venue,provenance,Image Analysis and Processing - ICIAP 2025 Workshops: 23rd International Conference
data/processed/venue_normalized_papers.csv,[77].venue,canonical_venue,ACM International Workshop on Multimedia AI against Disinformation
data/processed/venue_normalized_papers.csv,[77].venue_name,canonical_venue,ACM International Workshop on Multimedia AI against Disinformation
data/processed/venue_normalized_papers.csv,[77].venue_track,paper_track,Workshop
data/processed/venue_normalized_papers.csv,[77].raw_venue,provenance,Proceedings of the 5th ACM International Workshop on Multimedia AI against Disinformation (MAD)
data/processed/venue_normalized_papers.csv,[82].venue_track,paper_track,Workshop
data/processed/venue_normalized_papers.csv,[82].raw_venue,provenance,Proceedings of the IEEE/CVF Conference on Computer Vision and Pattern Recognition (CVPR) Workshops; NTIRE (New Trends in Image Restoration and Enhancement)
data/processed/venue_normalized_papers.csv,[93].venue_track,paper_track,Workshop
data/processed/venue_normalized_papers.csv,[93].raw_venue,provenance,2026 IEEE/CVF Conference on Computer Vision and Pattern Recognition (CVPR) Workshops
data/processed/venue_normalized_papers.csv,[101].venue,canonical_venue,ACM Workshop on Information Hiding and Multimedia Security
data/processed/venue_normalized_papers.csv,[101].venue_name,canonical_venue,ACM Workshop on Information Hiding and Multimedia Security
data/processed/venue_normalized_papers.csv,[101].venue_track,paper_track,Workshop
data/processed/venue_normalized_papers.csv,[101].raw_venue,provenance,Proceedings of the ACM Workshop on Information Hiding and Multimedia Security
data/processed/venue_normalized_papers.csv,[104].venue_track,paper_track,Workshop
data/processed/venue_normalized_papers.csv,[104].raw_venue,provenance,2025 IEEE/CVF International Conference on Computer Vision Workshops (ICCVW)
data/processed/venue_normalized_papers.csv,[111].venue,canonical_venue,IEEE International Workshop on Information Forensics and Security
data/processed/venue_normalized_papers.csv,[111].venue_name,canonical_venue,IEEE International Workshop on Information Forensics and Security
data/processed/venue_normalized_papers.csv,[111].venue_track,paper_track,Workshop
data/processed/venue_normalized_papers.csv,[111].raw_venue,provenance,2020 IEEE International Workshop on Information Forensics and Security (WIFS)
data/processed/venue_normalized_papers.csv,[117].venue,canonical_venue,Workshop on Security Implications of Deepfakes and Cheapfakes
data/processed/venue_normalized_papers.csv,[117].venue_id,canonical_id,venue:workshop-on-security-implications-of-deepfakes-and-cheapfakes
data/processed/venue_normalized_papers.csv,[117].venue_name,canonical_venue,Workshop on Security Implications of Deepfakes and Cheapfakes
data/processed/venue_normalized_papers.csv,[117].raw_venue,provenance,Proceedings of the 4th Workshop on Security Implications of Deepfakes and Cheapfakes
data/processed/venue_normalized_papers.csv,[121].venue,canonical_venue,ACM Workshop on Information Hiding and Multimedia Security
data/processed/venue_normalized_papers.csv,[121].venue_name,canonical_venue,ACM Workshop on Information Hiding and Multimedia Security
data/processed/venue_normalized_papers.csv,[121].venue_track,paper_track,Workshop
data/processed/venue_normalized_papers.csv,[121].raw_venue,provenance,2026 ACM Workshop on Information Hiding and Multimedia Security (IH&MMSec)
data/processed/venue_normalized_papers.csv,[126].venue,canonical_venue,ACM Workshop on Information Hiding and Multimedia Security
data/processed/venue_normalized_papers.csv,[126].venue_name,canonical_venue,ACM Workshop on Information Hiding and Multimedia Security
data/processed/venue_normalized_papers.csv,[126].venue_track,paper_track,Workshop
data/processed/venue_normalized_papers.csv,[126].raw_venue,provenance,Proceedings of the 2026 ACM Workshop on Information Hiding and Multimedia Security (IH&MMSec)
data/processed/venue_normalized_papers.csv,[128].venue_track,paper_track,Workshop
data/processed/venue_normalized_papers.csv,[128].raw_venue,provenance,Proceedings of the 1st International Workshop on Multimedia AI against Disinformation
data/processed/venue_normalized_papers.csv,[180].venue,canonical_venue,IEEE International Workshop on Information Forensics and Security
data/processed/venue_normalized_papers.csv,[180].venue_name,canonical_venue,IEEE International Workshop on Information Forensics and Security
data/processed/venue_normalized_papers.csv,[180].venue_track,paper_track,Workshop
data/processed/venue_normalized_papers.csv,[180].raw_venue,provenance,2019 IEEE International Workshop on Information Forensics and Security (WIFS)
data/processed/venue_normalized_papers.csv,[190].venue_track,paper_track,Workshop
data/processed/venue_normalized_papers.csv,[190].raw_venue,provenance,2023 IEEE/CVF International Conference on Computer Vision Workshops (ICCVW)
data/processed/venue_normalized_papers.csv,[208].venue,canonical_venue,ACM Workshop on Information Hiding and Multimedia Security
data/processed/venue_normalized_papers.csv,[208].venue_name,canonical_venue,ACM Workshop on Information Hiding and Multimedia Security
data/processed/venue_normalized_papers.csv,[208].raw_venue,provenance,ACM Workshop on Information Hiding and Multimedia Security
data/processed/venue_normalized_papers.csv,[219].venue_track,paper_track,Workshop
data/processed/venue_normalized_papers.csv,[237].venue_track,paper_track,Workshop
data/processed/venue_normalized_papers.csv,[237].raw_venue,provenance,2024 IEEE/CVF Conference on Computer Vision and Pattern Recognition (CVPR) Workshops
data/processed/venue_normalized_papers.csv,[241].venue_track,paper_track,Workshop
data/processed/venue_normalized_papers.csv,[241].raw_venue,provenance,2023 IEEE/CVF Conference on Computer Vision and Pattern Recognition Workshops (CVPRW)
data/processed/venue_normalized_papers.csv,[246].venue_track,paper_track,Workshop
data/processed/venue_normalized_papers.csv,[246].raw_venue,provenance,2023 IEEE International Conference on Data Mining Workshops (ICDMW)
data/processed/venue_normalized_papers.csv,[248].venue_track,paper_track,Workshop
data/processed/venue_normalized_papers.csv,[248].raw_venue,provenance,2025 IEEE/CVF Winter Conference on Applications of Computer Vision Workshops (WACVW)
data/processed/venue_normalized_papers.csv,[255].venue_track,paper_track,Workshop
data/processed/venue_normalized_papers.csv,[259].venue,canonical_venue,IEEE International Workshop on Information Forensics and Security
data/processed/venue_normalized_papers.csv,[259].venue_name,canonical_venue,IEEE International Workshop on Information Forensics and Security
data/processed/venue_normalized_papers.csv,[259].venue_track,paper_track,Workshop
data/processed/venue_normalized_papers.csv,[259].raw_venue,provenance,2024 IEEE International Workshop on Information Forensics and Security (WIFS)
data/processed/venue_normalized_papers.csv,[262].venue,canonical_venue,IEEE International Workshop on Information Forensics and Security
data/processed/venue_normalized_papers.csv,[262].venue_name,canonical_venue,IEEE International Workshop on Information Forensics and Security
data/processed/venue_normalized_papers.csv,[262].raw_venue,provenance,2024 IEEE International Workshop on Information Forensics and Security (WIFS)
data/processed/venue_normalized_papers.csv,[269].venue_track,paper_track,Workshop
data/processed/venue_normalized_papers.csv,[279].venue_track,paper_track,Workshop
data/processed/venue_normalized_papers.csv,[294].venue_track,paper_track,Workshop
data/processed/venue_normalized_papers.csv,[294].raw_venue,provenance,2026 IEEE/CVF Winter Conference on Applications of Computer Vision (WACV) Workshop
data/processed/venue_normalized_papers.csv,[339].venue_track,paper_track,Workshop
data/processed/venue_normalized_papers.csv,[349].venue_track,paper_track,Workshop
data/processed/venue_normalized_papers.csv,[349].raw_venue,provenance,Proceedings of the 1stWorkshop on GenAI Content Detection (GenAIDetect)
data/processed/venue_normalized_papers.csv,[356].venue,canonical_venue,ACM International Workshop on Multimedia AI against Disinformation
data/processed/venue_normalized_papers.csv,[356].venue_name,canonical_venue,ACM International Workshop on Multimedia AI against Disinformation
data/processed/venue_normalized_papers.csv,[356].venue_track,paper_track,Workshop
data/processed/venue_normalized_papers.csv,[356].raw_venue,provenance,Proceedings of the 2nd ACM International Workshop on Multimedia AI against Disinformation
data/processed/venue_normalized_papers.csv,[359].venue,canonical_venue,IEEE International Workshop on Information Forensics and Security
data/processed/venue_normalized_papers.csv,[359].venue_name,canonical_venue,IEEE International Workshop on Information Forensics and Security
data/processed/venue_normalized_papers.csv,[359].venue_track,paper_track,Workshop
data/processed/venue_normalized_papers.csv,[359].raw_venue,provenance,2019 IEEE International Workshop on Information Forensics and Security (WIFS)
data/processed/venue_normalized_papers.csv,[386].venue_track,paper_track,Workshop
data/processed/venue_normalized_papers.csv,[395].venue_track,paper_track,Workshop
data/processed/venue_normalized_papers.csv,[414].venue,canonical_venue,ACM International Workshop on Multimedia AI against Disinformation
data/processed/venue_normalized_papers.csv,[414].venue_name,canonical_venue,ACM International Workshop on Multimedia AI against Disinformation
data/processed/venue_normalized_papers.csv,[414].venue_track,paper_track,Workshop
data/processed/venue_normalized_papers.csv,[414].raw_venue,provenance,Proceedings of the 5th ACM International Workshop on Multimedia AI against Disinformation
data/processed/venue_normalized_papers.csv,[415].venue_track,paper_track,Workshop
data/processed/venue_normalized_papers.csv,[426].venue,canonical_venue,IEEE International Workshop on Information Forensics and Security
data/processed/venue_normalized_papers.csv,[426].venue_name,canonical_venue,IEEE International Workshop on Information Forensics and Security
data/processed/venue_normalized_papers.csv,[426].venue_track,paper_track,Workshop
data/processed/venue_normalized_papers.csv,[426].raw_venue,provenance,2024 IEEE International Workshop on Information Forensics and Security (WIFS)
data/processed/venue_normalized_papers.csv,[428].venue_track,paper_track,Workshop
data/processed/venue_normalized_papers.csv,[428].raw_venue,provenance,2023 IEEE/CVF International Conference on Computer Vision Workshops (ICCVW)
data/processed/venue_normalized_papers.csv,[429].venue_track,paper_track,Workshop
data/processed/venue_normalized_papers.csv,[429].raw_venue,provenance,2023 IEEE/CVF Conference on Computer Vision and Pattern Recognition Workshops (CVPRW)
data/processed/venue_normalized_papers.csv,[451].venue_track,paper_track,Workshop
data/processed/venue_normalized_papers.csv,[451].raw_venue,provenance,2026 IEEE/CVF Conference on Computer Vision and Pattern Recognition (CVPR) Workshops
data/processed/venue_normalized_papers.csv,[457].venue_track,paper_track,Workshop
data/processed/venue_normalized_papers.csv,[457].raw_venue,provenance,2024 IEEE/CVF Conference on Computer Vision and Pattern Recognition Workshops (CVPRW)
data/processed/venue_normalized_papers.csv,[468].venue_track,paper_track,Workshop
data/processed/venue_normalized_papers.csv,[475].venue_track,paper_track,Workshop
data/processed/venue_normalized_papers.csv,[495].venue,canonical_venue,ACM International Workshop on Multimedia AI against Disinformation
data/processed/venue_normalized_papers.csv,[495].venue_name,canonical_venue,ACM International Workshop on Multimedia AI against Disinformation
data/processed/venue_normalized_papers.csv,[495].venue_track,paper_track,Workshop
data/processed/venue_normalized_papers.csv,[495].raw_venue,provenance,3rd ACM International Workshop on Multimedia AI against Disinformation
data/processed/venue_normalized_papers.csv,[504].venue_track,paper_track,Workshop
data/processed/venue_normalized_papers.csv,[504].raw_venue,provenance,2019 IEEE/CVF Conference on Computer Vision and Pattern Recognition (CVPR) Workshops
data/processed/venue_normalized_papers.csv,[519].venue_track,paper_track,Workshop
data/processed/venue_normalized_papers.csv,[522].venue_track,paper_track,Workshop
data/processed/venue_normalized_papers.csv,[523].venue_track,paper_track,Workshop
data/processed/venue_normalized_papers.csv,[523].raw_venue,provenance,2026 IEEE/CVF Conference on Computer Vision and Pattern Recognition (CVPR) Workshops
data/processed/venue_normalized_papers.csv,[529].venue,canonical_venue,IEEE International Workshop on Information Forensics and Security
data/processed/venue_normalized_papers.csv,[529].venue_name,canonical_venue,IEEE International Workshop on Information Forensics and Security
data/processed/venue_normalized_papers.csv,[529].venue_track,paper_track,Workshop
data/processed/venue_normalized_papers.csv,[534].venue_track,paper_track,Workshop
data/processed/venue_normalized_papers.csv,[534].raw_venue,provenance,IEEE European Symposium on Security and Privacy Workshops
data/processed/venue_normalized_papers.csv,[547].venue,canonical_venue,IEEE International Workshop on Information Forensics and Security
data/processed/venue_normalized_papers.csv,[547].venue_name,canonical_venue,IEEE International Workshop on Information Forensics and Security
data/processed/venue_normalized_papers.csv,[547].venue_track,paper_track,Workshop
data/processed/venue_normalized_papers.csv,[547].raw_venue,provenance,IEEE International Workshop on Information Forensics and Security (WIFS)
data/processed/venue_normalized_papers.csv,[552].venue_track,paper_track,Workshop
data/processed/venue_normalized_papers.csv,[558].venue,canonical_venue,ACM International Workshop on Multimedia AI against Disinformation
data/processed/venue_normalized_papers.csv,[558].venue_name,canonical_venue,ACM International Workshop on Multimedia AI against Disinformation
data/processed/venue_normalized_papers.csv,[558].venue_track,paper_track,Workshop
data/processed/venue_normalized_papers.csv,[558].raw_venue,provenance,Proceedings of the 5th ACM International Workshop on Multimedia AI against Disinformation (MAD)
data/processed/venue_normalized_papers.csv,[572].venue,canonical_venue,IEEE Annual Computing and Communication Workshop and Conference
data/processed/venue_normalized_papers.csv,[572].venue_id,canonical_id,venue:ieee-annual-computing-and-communication-workshop-and-conference
data/processed/venue_normalized_papers.csv,[572].venue_name,canonical_venue,IEEE Annual Computing and Communication Workshop and Conference
data/processed/venue_normalized_papers.csv,[572].venue_track,paper_track,Workshop
data/processed/venue_normalized_papers.csv,[572].raw_venue,provenance,2026 IEEE 16th Annual Computing and Communication Workshop and Conference (CCWC)
data/processed/venue_normalized_papers.csv,[576].venue,canonical_venue,ACM International Workshop on Multimedia AI against Disinformation
data/processed/venue_normalized_papers.csv,[576].venue_name,canonical_venue,ACM International Workshop on Multimedia AI against Disinformation
data/processed/venue_normalized_papers.csv,[576].raw_venue,provenance,3rd ACM International Workshop on Multimedia AI against Disinformation
data/processed/venue_normalized_papers.csv,[577].venue_track,paper_track,Workshop
data/processed/venue_normalized_papers.csv,[581].venue_track,paper_track,Workshop
data/processed/venue_normalized_papers.csv,[581].raw_venue,provenance,2024 European Conference on Computer Vision (ECCV) Workshops
data/processed/venue_normalized_papers.json,records[10].venue_track,paper_track,Workshop
data/processed/venue_normalized_papers.json,records[10].raw_venue,provenance,Proceedings of the IEEE/CVF Conference on Computer Vision and Pattern Recognition (CVPR) Workshops; SAFE (Synthetic & Adversarial ForEnsics)
data/processed/venue_normalized_papers.json,records[27].venue_track,paper_track,Workshop
data/processed/venue_normalized_papers.json,records[39].venue_track,paper_track,Workshop
data/processed/venue_normalized_papers.json,records[64].venue_track,paper_track,Workshop
data/processed/venue_normalized_papers.json,records[64].raw_venue,provenance,2024 European Conference on Computer Vision (ECCV) Workshops
data/processed/venue_normalized_papers.json,records[68].venue,canonical_venue,Workshop on Security Implications of Deepfakes and Cheapfakes
data/processed/venue_normalized_papers.json,records[68].venue_id,canonical_id,venue:workshop-on-security-implications-of-deepfakes-and-cheapfakes
data/processed/venue_normalized_papers.json,records[68].venue_name,canonical_venue,Workshop on Security Implications of Deepfakes and Cheapfakes
data/processed/venue_normalized_papers.json,records[68].venue_track,paper_track,Workshop
data/processed/venue_normalized_papers.json,records[68].raw_venue,provenance,Proceedings of the 4th Workshop on Security Implications of Deepfakes and Cheapfakes
data/processed/venue_normalized_papers.json,records[73].venue_track,paper_track,Workshop
data/processed/venue_normalized_papers.json,records[73].raw_venue,provenance,2020 IEEE Security and Privacy Workshops (SPW)
data/processed/venue_normalized_papers.json,records[76].venue_track,paper_track,Workshop
data/processed/venue_normalized_papers.json,records[76].raw_venue,provenance,Image Analysis and Processing - ICIAP 2025 Workshops: 23rd International Conference
data/processed/venue_normalized_papers.json,records[77].venue,canonical_venue,ACM International Workshop on Multimedia AI against Disinformation
data/processed/venue_normalized_papers.json,records[77].venue_name,canonical_venue,ACM International Workshop on Multimedia AI against Disinformation
data/processed/venue_normalized_papers.json,records[77].venue_track,paper_track,Workshop
data/processed/venue_normalized_papers.json,records[77].raw_venue,provenance,Proceedings of the 5th ACM International Workshop on Multimedia AI against Disinformation (MAD)
data/processed/venue_normalized_papers.json,records[82].venue_track,paper_track,Workshop
data/processed/venue_normalized_papers.json,records[82].raw_venue,provenance,Proceedings of the IEEE/CVF Conference on Computer Vision and Pattern Recognition (CVPR) Workshops; NTIRE (New Trends in Image Restoration and Enhancement)
data/processed/venue_normalized_papers.json,records[93].venue_track,paper_track,Workshop
data/processed/venue_normalized_papers.json,records[93].raw_venue,provenance,2026 IEEE/CVF Conference on Computer Vision and Pattern Recognition (CVPR) Workshops
data/processed/venue_normalized_papers.json,records[101].venue,canonical_venue,ACM Workshop on Information Hiding and Multimedia Security
data/processed/venue_normalized_papers.json,records[101].venue_name,canonical_venue,ACM Workshop on Information Hiding and Multimedia Security
data/processed/venue_normalized_papers.json,records[101].venue_track,paper_track,Workshop
data/processed/venue_normalized_papers.json,records[101].raw_venue,provenance,Proceedings of the ACM Workshop on Information Hiding and Multimedia Security
data/processed/venue_normalized_papers.json,records[104].venue_track,paper_track,Workshop
data/processed/venue_normalized_papers.json,records[104].raw_venue,provenance,2025 IEEE/CVF International Conference on Computer Vision Workshops (ICCVW)
data/processed/venue_normalized_papers.json,records[111].venue,canonical_venue,IEEE International Workshop on Information Forensics and Security
data/processed/venue_normalized_papers.json,records[111].venue_name,canonical_venue,IEEE International Workshop on Information Forensics and Security
data/processed/venue_normalized_papers.json,records[111].venue_track,paper_track,Workshop
data/processed/venue_normalized_papers.json,records[111].raw_venue,provenance,2020 IEEE International Workshop on Information Forensics and Security (WIFS)
data/processed/venue_normalized_papers.json,records[117].venue,canonical_venue,Workshop on Security Implications of Deepfakes and Cheapfakes
data/processed/venue_normalized_papers.json,records[117].venue_id,canonical_id,venue:workshop-on-security-implications-of-deepfakes-and-cheapfakes
data/processed/venue_normalized_papers.json,records[117].venue_name,canonical_venue,Workshop on Security Implications of Deepfakes and Cheapfakes
data/processed/venue_normalized_papers.json,records[117].raw_venue,provenance,Proceedings of the 4th Workshop on Security Implications of Deepfakes and Cheapfakes
data/processed/venue_normalized_papers.json,records[121].venue,canonical_venue,ACM Workshop on Information Hiding and Multimedia Security
data/processed/venue_normalized_papers.json,records[121].venue_name,canonical_venue,ACM Workshop on Information Hiding and Multimedia Security
data/processed/venue_normalized_papers.json,records[121].venue_track,paper_track,Workshop
data/processed/venue_normalized_papers.json,records[121].raw_venue,provenance,2026 ACM Workshop on Information Hiding and Multimedia Security (IH&MMSec)
data/processed/venue_normalized_papers.json,records[126].venue,canonical_venue,ACM Workshop on Information Hiding and Multimedia Security
data/processed/venue_normalized_papers.json,records[126].venue_name,canonical_venue,ACM Workshop on Information Hiding and Multimedia Security
data/processed/venue_normalized_papers.json,records[126].venue_track,paper_track,Workshop
data/processed/venue_normalized_papers.json,records[126].raw_venue,provenance,Proceedings of the 2026 ACM Workshop on Information Hiding and Multimedia Security (IH&MMSec)
data/processed/venue_normalized_papers.json,records[128].venue_track,paper_track,Workshop
data/processed/venue_normalized_papers.json,records[128].raw_venue,provenance,Proceedings of the 1st International Workshop on Multimedia AI against Disinformation
data/processed/venue_normalized_papers.json,records[180].venue,canonical_venue,IEEE International Workshop on Information Forensics and Security
data/processed/venue_normalized_papers.json,records[180].venue_name,canonical_venue,IEEE International Workshop on Information Forensics and Security
data/processed/venue_normalized_papers.json,records[180].venue_track,paper_track,Workshop
data/processed/venue_normalized_papers.json,records[180].raw_venue,provenance,2019 IEEE International Workshop on Information Forensics and Security (WIFS)
data/processed/venue_normalized_papers.json,records[190].venue_track,paper_track,Workshop
data/processed/venue_normalized_papers.json,records[190].raw_venue,provenance,2023 IEEE/CVF International Conference on Computer Vision Workshops (ICCVW)
data/processed/venue_normalized_papers.json,records[208].venue,canonical_venue,ACM Workshop on Information Hiding and Multimedia Security
data/processed/venue_normalized_papers.json,records[208].venue_name,canonical_venue,ACM Workshop on Information Hiding and Multimedia Security
data/processed/venue_normalized_papers.json,records[208].raw_venue,provenance,ACM Workshop on Information Hiding and Multimedia Security
data/processed/venue_normalized_papers.json,records[219].venue_track,paper_track,Workshop
data/processed/venue_normalized_papers.json,records[237].venue_track,paper_track,Workshop
data/processed/venue_normalized_papers.json,records[237].raw_venue,provenance,2024 IEEE/CVF Conference on Computer Vision and Pattern Recognition (CVPR) Workshops
data/processed/venue_normalized_papers.json,records[241].venue_track,paper_track,Workshop
data/processed/venue_normalized_papers.json,records[241].raw_venue,provenance,2023 IEEE/CVF Conference on Computer Vision and Pattern Recognition Workshops (CVPRW)
data/processed/venue_normalized_papers.json,records[246].venue_track,paper_track,Workshop
data/processed/venue_normalized_papers.json,records[246].raw_venue,provenance,2023 IEEE International Conference on Data Mining Workshops (ICDMW)
data/processed/venue_normalized_papers.json,records[248].venue_track,paper_track,Workshop
data/processed/venue_normalized_papers.json,records[248].raw_venue,provenance,2025 IEEE/CVF Winter Conference on Applications of Computer Vision Workshops (WACVW)
data/processed/venue_normalized_papers.json,records[255].venue_track,paper_track,Workshop
data/processed/venue_normalized_papers.json,records[259].venue,canonical_venue,IEEE International Workshop on Information Forensics and Security
data/processed/venue_normalized_papers.json,records[259].venue_name,canonical_venue,IEEE International Workshop on Information Forensics and Security
data/processed/venue_normalized_papers.json,records[259].venue_track,paper_track,Workshop
data/processed/venue_normalized_papers.json,records[259].raw_venue,provenance,2024 IEEE International Workshop on Information Forensics and Security (WIFS)
data/processed/venue_normalized_papers.json,records[262].venue,canonical_venue,IEEE International Workshop on Information Forensics and Security
data/processed/venue_normalized_papers.json,records[262].venue_name,canonical_venue,IEEE International Workshop on Information Forensics and Security
data/processed/venue_normalized_papers.json,records[262].raw_venue,provenance,2024 IEEE International Workshop on Information Forensics and Security (WIFS)
data/processed/venue_normalized_papers.json,records[269].venue_track,paper_track,Workshop
data/processed/venue_normalized_papers.json,records[279].venue_track,paper_track,Workshop
data/processed/venue_normalized_papers.json,records[294].venue_track,paper_track,Workshop
data/processed/venue_normalized_papers.json,records[294].raw_venue,provenance,2026 IEEE/CVF Winter Conference on Applications of Computer Vision (WACV) Workshop
data/processed/venue_normalized_papers.json,records[339].venue_track,paper_track,Workshop
data/processed/venue_normalized_papers.json,records[349].venue_track,paper_track,Workshop
data/processed/venue_normalized_papers.json,records[349].raw_venue,provenance,Proceedings of the 1stWorkshop on GenAI Content Detection (GenAIDetect)
data/processed/venue_normalized_papers.json,records[356].venue,canonical_venue,ACM International Workshop on Multimedia AI against Disinformation
data/processed/venue_normalized_papers.json,records[356].venue_name,canonical_venue,ACM International Workshop on Multimedia AI against Disinformation
data/processed/venue_normalized_papers.json,records[356].venue_track,paper_track,Workshop
data/processed/venue_normalized_papers.json,records[356].raw_venue,provenance,Proceedings of the 2nd ACM International Workshop on Multimedia AI against Disinformation
data/processed/venue_normalized_papers.json,records[359].venue,canonical_venue,IEEE International Workshop on Information Forensics and Security
data/processed/venue_normalized_papers.json,records[359].venue_name,canonical_venue,IEEE International Workshop on Information Forensics and Security
data/processed/venue_normalized_papers.json,records[359].venue_track,paper_track,Workshop
data/processed/venue_normalized_papers.json,records[359].raw_venue,provenance,2019 IEEE International Workshop on Information Forensics and Security (WIFS)
data/processed/venue_normalized_papers.json,records[386].venue_track,paper_track,Workshop
data/processed/venue_normalized_papers.json,records[395].venue_track,paper_track,Workshop
data/processed/venue_normalized_papers.json,records[414].venue,canonical_venue,ACM International Workshop on Multimedia AI against Disinformation
data/processed/venue_normalized_papers.json,records[414].venue_name,canonical_venue,ACM International Workshop on Multimedia AI against Disinformation
data/processed/venue_normalized_papers.json,records[414].venue_track,paper_track,Workshop
data/processed/venue_normalized_papers.json,records[414].raw_venue,provenance,Proceedings of the 5th ACM International Workshop on Multimedia AI against Disinformation
data/processed/venue_normalized_papers.json,records[415].venue_track,paper_track,Workshop
data/processed/venue_normalized_papers.json,records[426].venue,canonical_venue,IEEE International Workshop on Information Forensics and Security
data/processed/venue_normalized_papers.json,records[426].venue_name,canonical_venue,IEEE International Workshop on Information Forensics and Security
data/processed/venue_normalized_papers.json,records[426].venue_track,paper_track,Workshop
data/processed/venue_normalized_papers.json,records[426].raw_venue,provenance,2024 IEEE International Workshop on Information Forensics and Security (WIFS)
data/processed/venue_normalized_papers.json,records[428].venue_track,paper_track,Workshop
data/processed/venue_normalized_papers.json,records[428].raw_venue,provenance,2023 IEEE/CVF International Conference on Computer Vision Workshops (ICCVW)
data/processed/venue_normalized_papers.json,records[429].venue_track,paper_track,Workshop
data/processed/venue_normalized_papers.json,records[429].raw_venue,provenance,2023 IEEE/CVF Conference on Computer Vision and Pattern Recognition Workshops (CVPRW)
data/processed/venue_normalized_papers.json,records[451].venue_track,paper_track,Workshop
data/processed/venue_normalized_papers.json,records[451].raw_venue,provenance,2026 IEEE/CVF Conference on Computer Vision and Pattern Recognition (CVPR) Workshops
data/processed/venue_normalized_papers.json,records[457].venue_track,paper_track,Workshop
data/processed/venue_normalized_papers.json,records[457].raw_venue,provenance,2024 IEEE/CVF Conference on Computer Vision and Pattern Recognition Workshops (CVPRW)
data/processed/venue_normalized_papers.json,records[468].venue_track,paper_track,Workshop
data/processed/venue_normalized_papers.json,records[475].venue_track,paper_track,Workshop
data/processed/venue_normalized_papers.json,records[495].venue,canonical_venue,ACM International Workshop on Multimedia AI against Disinformation
data/processed/venue_normalized_papers.json,records[495].venue_name,canonical_venue,ACM International Workshop on Multimedia AI against Disinformation
data/processed/venue_normalized_papers.json,records[495].venue_track,paper_track,Workshop
data/processed/venue_normalized_papers.json,records[495].raw_venue,provenance,3rd ACM International Workshop on Multimedia AI against Disinformation
data/processed/venue_normalized_papers.json,records[504].venue_track,paper_track,Workshop
data/processed/venue_normalized_papers.json,records[504].raw_venue,provenance,2019 IEEE/CVF Conference on Computer Vision and Pattern Recognition (CVPR) Workshops
data/processed/venue_normalized_papers.json,records[519].venue_track,paper_track,Workshop
data/processed/venue_normalized_papers.json,records[522].venue_track,paper_track,Workshop
data/processed/venue_normalized_papers.json,records[523].venue_track,paper_track,Workshop
data/processed/venue_normalized_papers.json,records[523].raw_venue,provenance,2026 IEEE/CVF Conference on Computer Vision and Pattern Recognition (CVPR) Workshops
data/processed/venue_normalized_papers.json,records[529].venue,canonical_venue,IEEE International Workshop on Information Forensics and Security
data/processed/venue_normalized_papers.json,records[529].venue_name,canonical_venue,IEEE International Workshop on Information Forensics and Security
data/processed/venue_normalized_papers.json,records[529].venue_track,paper_track,Workshop
data/processed/venue_normalized_papers.json,records[534].venue_track,paper_track,Workshop
data/processed/venue_normalized_papers.json,records[534].raw_venue,provenance,IEEE European Symposium on Security and Privacy Workshops
data/processed/venue_normalized_papers.json,records[547].venue,canonical_venue,IEEE International Workshop on Information Forensics and Security
data/processed/venue_normalized_papers.json,records[547].venue_name,canonical_venue,IEEE International Workshop on Information Forensics and Security
data/processed/venue_normalized_papers.json,records[547].venue_track,paper_track,Workshop
data/processed/venue_normalized_papers.json,records[547].raw_venue,provenance,IEEE International Workshop on Information Forensics and Security (WIFS)
data/processed/venue_normalized_papers.json,records[552].venue_track,paper_track,Workshop
data/processed/venue_normalized_papers.json,records[558].venue,canonical_venue,ACM International Workshop on Multimedia AI against Disinformation
data/processed/venue_normalized_papers.json,records[558].venue_name,canonical_venue,ACM International Workshop on Multimedia AI against Disinformation
data/processed/venue_normalized_papers.json,records[558].venue_track,paper_track,Workshop
data/processed/venue_normalized_papers.json,records[558].raw_venue,provenance,Proceedings of the 5th ACM International Workshop on Multimedia AI against Disinformation (MAD)
data/processed/venue_normalized_papers.json,records[572].venue,canonical_venue,IEEE Annual Computing and Communication Workshop and Conference
data/processed/venue_normalized_papers.json,records[572].venue_id,canonical_id,venue:ieee-annual-computing-and-communication-workshop-and-conference
data/processed/venue_normalized_papers.json,records[572].venue_name,canonical_venue,IEEE Annual Computing and Communication Workshop and Conference
data/processed/venue_normalized_papers.json,records[572].venue_track,paper_track,Workshop
data/processed/venue_normalized_papers.json,records[572].raw_venue,provenance,2026 IEEE 16th Annual Computing and Communication Workshop and Conference (CCWC)
data/processed/venue_normalized_papers.json,records[576].venue,canonical_venue,ACM International Workshop on Multimedia AI against Disinformation
data/processed/venue_normalized_papers.json,records[576].venue_name,canonical_venue,ACM International Workshop on Multimedia AI against Disinformation
data/processed/venue_normalized_papers.json,records[576].raw_venue,provenance,3rd ACM International Workshop on Multimedia AI against Disinformation
data/processed/venue_normalized_papers.json,records[577].venue_track,paper_track,Workshop
data/processed/venue_normalized_papers.json,records[581].venue_track,paper_track,Workshop
data/processed/venue_normalized_papers.json,records[581].raw_venue,provenance,2024 European Conference on Computer Vision (ECCV) Workshops
data/processed/venue_paper_evidence.json,papers[0].name,canonical_venue,ACM International Workshop on Multimedia AI against Disinformation
data/processed/venue_paper_evidence.json,papers[0].prior_effective_venue.venue_track,paper_track,Workshop
data/processed/venue_paper_evidence.json,papers[8].track,paper_track,Workshop
data/processed/venue_paper_evidence.json,papers[11].track,paper_track,Workshop
data/processed/venue_paper_evidence.json,papers[11].aliases[0],source_alias,Computer Vision – ECCV 2024 Workshops
data/processed/venue_paper_evidence.json,papers[12].track,paper_track,Workshop
data/processed/venue_paper_evidence.json,papers[12].aliases[0],source_alias,Computer Vision – ECCV 2024 Workshops
data/processed/venue_paper_evidence.json,papers[14].track,paper_track,Workshop
data/processed/venue_paper_evidence.json,papers[14].aliases[0],source_alias,Image Analysis and Processing - ICIAP 2025 Workshops: 23rd International Conference
data/raw/requested_papers_2026-08-29/02-crossref-search.json,message.items[1].event.name,source_event,2024 IEEE/CVF Conference on Computer Vision and Pattern Recognition Workshops (CVPRW)
data/raw/requested_papers_2026-08-29/02-crossref-search.json,message.items[1].container-title[0],container_title,2024 IEEE/CVF Conference on Computer Vision and Pattern Recognition Workshops (CVPRW)
data/raw/requested_seven_papers_2026-08-29/frse_crossref_query.json,message.items[1].event.name,source_event,"2024 International Conference on Communication, Control, and Intelligent Systems (CCIS)"
data/raw/requested_seven_papers_2026-08-29/frse_crossref_query.json,message.items[1].container-title[0],container_title,"2024 International Conference on Communication, Control, and Intelligent Systems (CCIS)"
data/raw/venue_audit_crossref/065b6c83aa7e9483b2cd.json,response.message.event.name,source_event,2020 IEEE Security and Privacy Workshops (SPW)
data/raw/venue_audit_crossref/065b6c83aa7e9483b2cd.json,response.message.container-title[0],container_title,2020 IEEE Security and Privacy Workshops (SPW)
data/raw/venue_audit_crossref/068ce9761c48043f45b0.json,response.message.container-title[1],container_title,Image Analysis and Processing - ICIAP 2025 Workshops
data/raw/venue_audit_crossref/216dfca2adc5d26e3d65.json,response.message.event.name,source_event,2020 IEEE International Workshop on Information Forensics and Security (WIFS)
data/raw/venue_audit_crossref/216dfca2adc5d26e3d65.json,response.message.container-title[0],container_title,2020 IEEE International Workshop on Information Forensics and Security (WIFS)
data/raw/venue_audit_crossref/6311e7cbc3af0abc0a9e.json,response.message.event.name,source_event,2026 IEEE 16th Annual Computing and Communication Workshop and Conference (CCWC)
data/raw/venue_audit_crossref/6311e7cbc3af0abc0a9e.json,response.message.container-title[0],container_title,2026 IEEE 16th Annual Computing and Communication Workshop and Conference (CCWC)
data/raw/venue_audit_crossref/6723f758b3bec200b5d7.json,response.message.event.name,source_event,2024 IEEE International Workshop on Information Forensics and Security (WIFS)
data/raw/venue_audit_crossref/6723f758b3bec200b5d7.json,response.message.container-title[0],container_title,2024 IEEE International Workshop on Information Forensics and Security (WIFS)
data/raw/venue_audit_crossref/6bc638d27d72b552d36e.json,response.message.event.name,source_event,2024 IEEE/CVF Conference on Computer Vision and Pattern Recognition Workshops (CVPRW)
data/raw/venue_audit_crossref/6bc638d27d72b552d36e.json,response.message.container-title[0],container_title,2024 IEEE/CVF Conference on Computer Vision and Pattern Recognition Workshops (CVPRW)
data/raw/venue_audit_crossref/83496437aa53971c260a.json,response.message.container-title[0],container_title,Proceedings of the 1st International Workshop on Multimedia AI against Disinformation
data/raw/venue_audit_crossref/9e2e012a13000c9e10ec.json,response.message.event.name,source_event,2026 IEEE European Symposium on Security and Privacy Workshops (EuroS&PW)
data/raw/venue_audit_crossref/9e2e012a13000c9e10ec.json,response.message.container-title[0],container_title,2026 IEEE European Symposium on Security and Privacy Workshops (EuroS&amp;PW)
data/raw/venue_audit_crossref/a5cea43cb79c1c3273ca.json,response.message.event.name,source_event,2019 IEEE International Workshop on Information Forensics and Security (WIFS)
data/raw/venue_audit_crossref/a5cea43cb79c1c3273ca.json,response.message.container-title[0],container_title,2019 IEEE International Workshop on Information Forensics and Security (WIFS)
data/raw/venue_audit_crossref/b3e2506cad74ece5878f.json,response.message.event.name,source_event,2024 IEEE/CVF Conference on Computer Vision and Pattern Recognition Workshops (CVPRW)
data/raw/venue_audit_crossref/b3e2506cad74ece5878f.json,response.message.container-title[0],container_title,2024 IEEE/CVF Conference on Computer Vision and Pattern Recognition Workshops (CVPRW)
data/raw/venue_audit_crossref/bbd4a1d007ca6eda9951.json,response.message.container-title[0],container_title,"Proceedings of the 1st on Deepfake Forensics Workshop: Detection, Attribution, Recognition, and Adversarial Challenges in the Era of AI-Generated Media"
data/raw/venue_audit_crossref/df2e2e5315ba6b12ee82.json,response.message.event.name,source_event,2023 IEEE International Conference on Data Mining Workshops (ICDMW)
data/raw/venue_audit_crossref/df2e2e5315ba6b12ee82.json,response.message.container-title[0],container_title,2023 IEEE International Conference on Data Mining Workshops (ICDMW)
web/data/openalex_candidate_map_data.json,records[0].venue,canonical_venue,2024 IEEE/CVF Conference on Computer Vision and Pattern Recognition Workshops (CVPRW)
web/data/openalex_candidate_map_data.json,records[0].venue_name,canonical_venue,2024 IEEE/CVF Conference on Computer Vision and Pattern Recognition Workshops (CVPRW)
web/data/openalex_candidate_map_data.json,records[1].venue,canonical_venue,2024 IEEE/CVF Conference on Computer Vision and Pattern Recognition Workshops (CVPRW)
web/data/openalex_candidate_map_data.json,records[1].venue_name,canonical_venue,2024 IEEE/CVF Conference on Computer Vision and Pattern Recognition Workshops (CVPRW)
web/data/openalex_candidate_map_data.json,records[25].venue,canonical_venue,3rd ACM International Workshop on Multimedia AI against Disinformation
web/data/openalex_candidate_map_data.json,records[25].venue_name,canonical_venue,3rd ACM International Workshop on Multimedia AI against Disinformation
web/data/openalex_candidate_map_data.json,records[31].venue,canonical_venue,2023 IEEE/CVF International Conference on Computer Vision Workshops (ICCVW)
web/data/openalex_candidate_map_data.json,records[31].venue_name,canonical_venue,2023 IEEE/CVF International Conference on Computer Vision Workshops (ICCVW)
web/data/openalex_candidate_map_data.json,records[33].venue,canonical_venue,2024 IEEE International Workshop on Information Forensics and Security (WIFS)
web/data/openalex_candidate_map_data.json,records[33].venue_name,canonical_venue,2024 IEEE International Workshop on Information Forensics and Security (WIFS)
web/data/openalex_candidate_map_data.json,records[34].venue,canonical_venue,2023 IEEE International Conference on Data Mining Workshops (ICDMW)
web/data/openalex_candidate_map_data.json,records[34].venue_name,canonical_venue,2023 IEEE International Conference on Data Mining Workshops (ICDMW)
web/data/openalex_candidate_map_data.json,records[35].venue,canonical_venue,2023 IEEE International Conference on Data Mining Workshops (ICDMW)
web/data/openalex_candidate_map_data.json,records[35].venue_name,canonical_venue,2023 IEEE International Conference on Data Mining Workshops (ICDMW)
web/data/openalex_candidate_map_data.json,records[52].venue,canonical_venue,Proceedings of the 5th ACM International Workshop on Multimedia AI against Disinformation
web/data/openalex_candidate_map_data.json,records[52].venue_name,canonical_venue,Proceedings of the 5th ACM International Workshop on Multimedia AI against Disinformation
web/data/openalex_candidate_map_data.json,records[77].venue,canonical_venue,Proceedings of the 5th ACM International Workshop on Multimedia AI against Disinformation
web/data/openalex_candidate_map_data.json,records[77].venue_name,canonical_venue,Proceedings of the 5th ACM International Workshop on Multimedia AI against Disinformation
web/data/openalex_candidate_map_data.json,records[79].venue,canonical_venue,Proceedings of the 4th Workshop on Security Implications of Deepfakes and Cheapfakes
web/data/openalex_candidate_map_data.json,records[79].venue_name,canonical_venue,Proceedings of the 4th Workshop on Security Implications of Deepfakes and Cheapfakes
web/data/openalex_candidate_map_data.json,records[104].venue,canonical_venue,Proceedings of the 2nd ACM International Workshop on Multimedia AI against Disinformation
web/data/openalex_candidate_map_data.json,records[104].venue_name,canonical_venue,Proceedings of the 2nd ACM International Workshop on Multimedia AI against Disinformation
web/data/openalex_candidate_map_data.json,records[105].venue,canonical_venue,Proceedings of the 2nd ACM International Workshop on Multimedia AI against Disinformation
web/data/openalex_candidate_map_data.json,records[105].venue_name,canonical_venue,Proceedings of the 2nd ACM International Workshop on Multimedia AI against Disinformation
web/data/openalex_candidate_map_data.json,records[106].venue,canonical_venue,Proceedings of the 2nd ACM International Workshop on Multimedia AI against Disinformation
web/data/openalex_candidate_map_data.json,records[106].venue_name,canonical_venue,Proceedings of the 2nd ACM International Workshop on Multimedia AI against Disinformation
web/data/openalex_candidate_map_data.json,records[132].venue,canonical_venue,2019 IEEE International Workshop on Information Forensics and Security (WIFS)
web/data/openalex_candidate_map_data.json,records[132].venue_name,canonical_venue,2019 IEEE International Workshop on Information Forensics and Security (WIFS)
web/data/openalex_candidate_map_data.json,records[133].venue,canonical_venue,2019 IEEE International Workshop on Information Forensics and Security (WIFS)
web/data/openalex_candidate_map_data.json,records[133].venue_name,canonical_venue,2019 IEEE International Workshop on Information Forensics and Security (WIFS)
web/data/openalex_candidate_map_data.json,records[143].venue,canonical_venue,3rd ACM International Workshop on Multimedia AI against Disinformation
web/data/openalex_candidate_map_data.json,records[143].venue_name,canonical_venue,3rd ACM International Workshop on Multimedia AI against Disinformation
web/data/openalex_candidate_map_data.json,records[144].venue,canonical_venue,3rd ACM International Workshop on Multimedia AI against Disinformation
web/data/openalex_candidate_map_data.json,records[144].venue_name,canonical_venue,3rd ACM International Workshop on Multimedia AI against Disinformation
web/data/openalex_candidate_map_data.json,records[151].venue,canonical_venue,2023 IEEE/CVF Conference on Computer Vision and Pattern Recognition Workshops (CVPRW)
web/data/openalex_candidate_map_data.json,records[151].venue_name,canonical_venue,2023 IEEE/CVF Conference on Computer Vision and Pattern Recognition Workshops (CVPRW)
web/data/openalex_candidate_map_data.json,records[152].venue,canonical_venue,2023 IEEE/CVF Conference on Computer Vision and Pattern Recognition Workshops (CVPRW)
web/data/openalex_candidate_map_data.json,records[152].venue_name,canonical_venue,2023 IEEE/CVF Conference on Computer Vision and Pattern Recognition Workshops (CVPRW)
web/data/openalex_candidate_map_data.json,records[209].venue,canonical_venue,Proceedings of the 1st International Workshop on Multimedia AI against Disinformation
web/data/openalex_candidate_map_data.json,records[209].venue_name,canonical_venue,Proceedings of the 1st International Workshop on Multimedia AI against Disinformation
web/data/openalex_candidate_map_data.json,records[210].venue,canonical_venue,Proceedings of the 1st International Workshop on Multimedia AI against Disinformation
web/data/openalex_candidate_map_data.json,records[210].venue_name,canonical_venue,Proceedings of the 1st International Workshop on Multimedia AI against Disinformation
web/data/openalex_candidate_map_data.json,records[211].venue,canonical_venue,Proceedings of the 1st International Workshop on Multimedia AI against Disinformation
web/data/openalex_candidate_map_data.json,records[211].venue_name,canonical_venue,Proceedings of the 1st International Workshop on Multimedia AI against Disinformation
web/data/openalex_candidate_map_data.json,records[328].venue,canonical_venue,2023 IEEE/CVF Conference on Computer Vision and Pattern Recognition Workshops (CVPRW)
web/data/openalex_candidate_map_data.json,records[328].venue_name,canonical_venue,2023 IEEE/CVF Conference on Computer Vision and Pattern Recognition Workshops (CVPRW)
web/data/openalex_candidate_map_data.json,records[329].venue,canonical_venue,2023 IEEE/CVF Conference on Computer Vision and Pattern Recognition Workshops (CVPRW)
web/data/openalex_candidate_map_data.json,records[329].venue_name,canonical_venue,2023 IEEE/CVF Conference on Computer Vision and Pattern Recognition Workshops (CVPRW)
web/data/openalex_candidate_map_data.json,records[351].venue,canonical_venue,2020 IEEE International Workshop on Information Forensics and Security (WIFS)
web/data/openalex_candidate_map_data.json,records[351].venue_name,canonical_venue,2020 IEEE International Workshop on Information Forensics and Security (WIFS)
web/data/openalex_candidate_map_data.json,records[359].venue,canonical_venue,2023 IEEE/CVF Conference on Computer Vision and Pattern Recognition Workshops (CVPRW)
web/data/openalex_candidate_map_data.json,records[359].venue_name,canonical_venue,2023 IEEE/CVF Conference on Computer Vision and Pattern Recognition Workshops (CVPRW)
web/data/public_preview_map_data.json,records[3].venue_aliases[2],source_alias,IEEE/CVF Conference on Computer Vision and Pattern Recognition (CVPR) Workshops
web/data/public_preview_map_data.json,records[3].venue_aliases[3],source_alias,IEEE/CVF Conference on Computer Vision and Pattern Recognition Workshops
web/data/public_preview_map_data.json,records[3].venue_aliases[4],source_alias,IEEE/CVF Conference on Computer Vision and Pattern Recognition Workshops (CVPRW)
web/data/public_preview_map_data.json,records[3].venue_aliases[6],source_alias,CVPRW
web/data/public_preview_map_data.json,records[3].venue_aliases[9],source_alias,2024 IEEE/CVF Conference on Computer Vision and Pattern Recognition Workshops (CVPRW)
web/data/public_preview_map_data.json,records[4].venue_aliases[2],source_alias,IEEE/CVF Conference on Computer Vision and Pattern Recognition (CVPR) Workshops
web/data/public_preview_map_data.json,records[4].venue_aliases[3],source_alias,IEEE/CVF Conference on Computer Vision and Pattern Recognition Workshops
web/data/public_preview_map_data.json,records[4].venue_aliases[4],source_alias,IEEE/CVF Conference on Computer Vision and Pattern Recognition Workshops (CVPRW)
web/data/public_preview_map_data.json,records[4].venue_aliases[6],source_alias,CVPRW
web/data/public_preview_map_data.json,records[4].venue_aliases[9],source_alias,2024 IEEE/CVF Conference on Computer Vision and Pattern Recognition Workshops (CVPRW)
web/data/public_preview_map_data.json,records[5].venue_track,paper_track,Workshop
web/data/public_preview_map_data.json,records[5].venue_aliases[2],source_alias,IEEE/CVF International Conference on Computer Vision Workshops (ICCVW)
web/data/public_preview_map_data.json,records[5].venue_aliases[3],source_alias,ICCVW
web/data/public_preview_map_data.json,records[5].venue_aliases[4],source_alias,ICCV Workshops
web/data/public_preview_map_data.json,records[5].raw_venue,provenance,2023 IEEE/CVF International Conference on Computer Vision Workshops (ICCVW)
web/data/public_preview_map_data.json,records[6].venue_track,paper_track,Workshop
web/data/public_preview_map_data.json,records[6].venue_aliases[1],source_alias,2023 IEEE International Conference on Data Mining Workshops (ICDMW)
web/data/public_preview_map_data.json,records[6].venue_aliases[2],source_alias,ICDMW
web/data/public_preview_map_data.json,records[6].raw_venue,provenance,2023 IEEE International Conference on Data Mining Workshops (ICDMW)
web/data/public_preview_map_data.json,records[9].venue_aliases[3],source_alias,"Proceedings of the 1st on Deepfake Forensics Workshop: Detection, Attribution, Recognition, and Adversarial Challenges in the Era of AI-Generated Media"
web/data/public_preview_map_data.json,records[10].venue_aliases[2],source_alias,IEEE/CVF Winter Conference on Applications of Computer Vision (WACV) Workshops
web/data/public_preview_map_data.json,records[10].venue_aliases[3],source_alias,IEEE/CVF Winter Conference on Applications of Computer Vision (WACV) Workshop
web/data/public_preview_map_data.json,records[10].venue_aliases[4],source_alias,IEEE/CVF Winter Conference on Applications of Computer Vision Workshops (WACVW)
web/data/public_preview_map_data.json,records[10].venue_aliases[5],source_alias,IEEE/CVF Winter Conference on Applications of Computer Vision Workshop (WACVW)
web/data/public_preview_map_data.json,records[10].venue_aliases[6],source_alias,IEEE/CVF Winter Conference on Applications of Computer Vision (WACVW) Workshops
web/data/public_preview_map_data.json,records[10].venue_aliases[7],source_alias,IEEE/CVF Winter Conference on Applications of Computer Vision (WACVW) Workshop
web/data/public_preview_map_data.json,records[10].venue_aliases[8],source_alias,WACVW
web/data/public_preview_map_data.json,records[11].venue_aliases[2],source_alias,IEEE/CVF Conference on Computer Vision and Pattern Recognition (CVPR) Workshops
web/data/public_preview_map_data.json,records[11].venue_aliases[3],source_alias,IEEE/CVF Conference on Computer Vision and Pattern Recognition Workshops
web/data/public_preview_map_data.json,records[11].venue_aliases[4],source_alias,IEEE/CVF Conference on Computer Vision and Pattern Recognition Workshops (CVPRW)
web/data/public_preview_map_data.json,records[11].venue_aliases[6],source_alias,CVPRW
web/data/public_preview_map_data.json,records[11].venue_aliases[9],source_alias,2024 IEEE/CVF Conference on Computer Vision and Pattern Recognition Workshops (CVPRW)
web/data/public_preview_map_data.json,records[13].venue,canonical_venue,ACM International Workshop on Multimedia AI against Disinformation
web/data/public_preview_map_data.json,records[13].venue_name,canonical_venue,ACM International Workshop on Multimedia AI against Disinformation
web/data/public_preview_map_data.json,records[13].venue_track,paper_track,Workshop
web/data/public_preview_map_data.json,records[13].venue_aliases[0],source_alias,ACM International Workshop on Multimedia AI against Disinformation (MAD)
web/data/public_preview_map_data.json,records[13].venue_aliases[1],source_alias,ACM International Workshop on Multimedia AI against Disinformation
web/data/public_preview_map_data.json,records[13].venue_aliases[2],source_alias,Proceedings of the 1st International Workshop on Multimedia AI against Disinformation
web/data/public_preview_map_data.json,records[13].raw_venue,provenance,Proceedings of the 2nd ACM International Workshop on Multimedia AI against Disinformation
web/data/public_preview_map_data.json,records[18].venue,canonical_venue,ACM International Workshop on Multimedia AI against Disinformation
web/data/public_preview_map_data.json,records[18].venue_name,canonical_venue,ACM International Workshop on Multimedia AI against Disinformation
web/data/public_preview_map_data.json,records[18].venue_aliases[0],source_alias,ACM International Workshop on Multimedia AI against Disinformation (MAD)
web/data/public_preview_map_data.json,records[18].venue_aliases[1],source_alias,ACM International Workshop on Multimedia AI against Disinformation
web/data/public_preview_map_data.json,records[18].venue_aliases[2],source_alias,Proceedings of the 1st International Workshop on Multimedia AI against Disinformation
web/data/public_preview_map_data.json,records[18].raw_venue,provenance,3rd ACM International Workshop on Multimedia AI against Disinformation
web/data/public_preview_map_data.json,records[21].venue_aliases[2],source_alias,IEEE/CVF International Conference on Computer Vision Workshops (ICCVW)
web/data/public_preview_map_data.json,records[21].venue_aliases[3],source_alias,ICCVW
web/data/public_preview_map_data.json,records[21].venue_aliases[4],source_alias,ICCV Workshops
web/data/public_preview_map_data.json,records[24].venue_track,paper_track,Workshop
web/data/public_preview_map_data.json,records[24].raw_venue,provenance,2019 IEEE/CVF Conference on Computer Vision and Pattern Recognition (CVPR) Workshops
web/data/public_preview_map_data.json,records[24].venue_aliases[2],source_alias,IEEE/CVF Conference on Computer Vision and Pattern Recognition (CVPR) Workshops
web/data/public_preview_map_data.json,records[24].venue_aliases[3],source_alias,IEEE/CVF Conference on Computer Vision and Pattern Recognition Workshops
web/data/public_preview_map_data.json,records[24].venue_aliases[4],source_alias,IEEE/CVF Conference on Computer Vision and Pattern Recognition Workshops (CVPRW)
web/data/public_preview_map_data.json,records[24].venue_aliases[6],source_alias,CVPRW
web/data/public_preview_map_data.json,records[24].venue_aliases[9],source_alias,2024 IEEE/CVF Conference on Computer Vision and Pattern Recognition Workshops (CVPRW)
web/data/public_preview_map_data.json,records[25].venue_aliases[2],source_alias,IEEE/CVF Conference on Computer Vision and Pattern Recognition (CVPR) Workshops
web/data/public_preview_map_data.json,records[25].venue_aliases[3],source_alias,IEEE/CVF Conference on Computer Vision and Pattern Recognition Workshops
web/data/public_preview_map_data.json,records[25].venue_aliases[4],source_alias,IEEE/CVF Conference on Computer Vision and Pattern Recognition Workshops (CVPRW)
web/data/public_preview_map_data.json,records[25].venue_aliases[6],source_alias,CVPRW
web/data/public_preview_map_data.json,records[25].venue_aliases[9],source_alias,2024 IEEE/CVF Conference on Computer Vision and Pattern Recognition Workshops (CVPRW)
web/data/public_preview_map_data.json,records[26].venue_aliases[2],source_alias,IEEE/CVF Conference on Computer Vision and Pattern Recognition (CVPR) Workshops
web/data/public_preview_map_data.json,records[26].venue_aliases[3],source_alias,IEEE/CVF Conference on Computer Vision and Pattern Recognition Workshops
web/data/public_preview_map_data.json,records[26].venue_aliases[4],source_alias,IEEE/CVF Conference on Computer Vision and Pattern Recognition Workshops (CVPRW)
web/data/public_preview_map_data.json,records[26].venue_aliases[6],source_alias,CVPRW
web/data/public_preview_map_data.json,records[26].venue_aliases[9],source_alias,2024 IEEE/CVF Conference on Computer Vision and Pattern Recognition Workshops (CVPRW)
web/data/public_preview_map_data.json,records[27].venue_aliases[2],source_alias,IEEE/CVF Conference on Computer Vision and Pattern Recognition (CVPR) Workshops
web/data/public_preview_map_data.json,records[27].venue_aliases[3],source_alias,IEEE/CVF Conference on Computer Vision and Pattern Recognition Workshops
web/data/public_preview_map_data.json,records[27].venue_aliases[4],source_alias,IEEE/CVF Conference on Computer Vision and Pattern Recognition Workshops (CVPRW)
web/data/public_preview_map_data.json,records[27].venue_aliases[6],source_alias,CVPRW
web/data/public_preview_map_data.json,records[27].venue_aliases[9],source_alias,2024 IEEE/CVF Conference on Computer Vision and Pattern Recognition Workshops (CVPRW)
web/data/public_preview_map_data.json,records[31].venue_aliases[2],source_alias,IEEE/CVF Conference on Computer Vision and Pattern Recognition (CVPR) Workshops
web/data/public_preview_map_data.json,records[31].venue_aliases[3],source_alias,IEEE/CVF Conference on Computer Vision and Pattern Recognition Workshops
web/data/public_preview_map_data.json,records[31].venue_aliases[4],source_alias,IEEE/CVF Conference on Computer Vision and Pattern Recognition Workshops (CVPRW)
web/data/public_preview_map_data.json,records[31].venue_aliases[6],source_alias,CVPRW
web/data/public_preview_map_data.json,records[31].venue_aliases[9],source_alias,2024 IEEE/CVF Conference on Computer Vision and Pattern Recognition Workshops (CVPRW)
web/data/public_preview_map_data.json,records[34].venue_aliases[2],source_alias,IEEE/CVF Conference on Computer Vision and Pattern Recognition (CVPR) Workshops
web/data/public_preview_map_data.json,records[34].venue_aliases[3],source_alias,IEEE/CVF Conference on Computer Vision and Pattern Recognition Workshops
web/data/public_preview_map_data.json,records[34].venue_aliases[4],source_alias,IEEE/CVF Conference on Computer Vision and Pattern Recognition Workshops (CVPRW)
web/data/public_preview_map_data.json,records[34].venue_aliases[6],source_alias,CVPRW
web/data/public_preview_map_data.json,records[34].venue_aliases[9],source_alias,2024 IEEE/CVF Conference on Computer Vision and Pattern Recognition Workshops (CVPRW)
web/data/public_preview_map_data.json,records[39].venue_track,paper_track,Workshop
web/data/public_preview_map_data.json,records[39].raw_venue,provenance,2023 IEEE/CVF Conference on Computer Vision and Pattern Recognition Workshops (CVPRW)
web/data/public_preview_map_data.json,records[39].venue_aliases[2],source_alias,IEEE/CVF Conference on Computer Vision and Pattern Recognition (CVPR) Workshops
web/data/public_preview_map_data.json,records[39].venue_aliases[3],source_alias,IEEE/CVF Conference on Computer Vision and Pattern Recognition Workshops
web/data/public_preview_map_data.json,records[39].venue_aliases[4],source_alias,IEEE/CVF Conference on Computer Vision and Pattern Recognition Workshops (CVPRW)
web/data/public_preview_map_data.json,records[39].venue_aliases[6],source_alias,CVPRW
web/data/public_preview_map_data.json,records[39].venue_aliases[9],source_alias,2024 IEEE/CVF Conference on Computer Vision and Pattern Recognition Workshops (CVPRW)
web/data/public_preview_map_data.json,records[40].venue,canonical_venue,IEEE International Workshop on Information Forensics and Security
web/data/public_preview_map_data.json,records[40].venue_name,canonical_venue,IEEE International Workshop on Information Forensics and Security
web/data/public_preview_map_data.json,records[40].venue_track,paper_track,Workshop
web/data/public_preview_map_data.json,records[40].raw_venue,provenance,2019 IEEE International Workshop on Information Forensics and Security (WIFS)
web/data/public_preview_map_data.json,records[40].venue_aliases[0],source_alias,IEEE International Workshop on Information Forensics and Security (WIFS)
web/data/public_preview_map_data.json,records[40].venue_aliases[1],source_alias,IEEE International Workshop on Information Forensics and Security
web/data/public_preview_map_data.json,records[40].venue_aliases[3],source_alias,2020 IEEE International Workshop on Information Forensics and Security (WIFS)
web/data/public_preview_map_data.json,records[40].venue_aliases[4],source_alias,2024 IEEE International Workshop on Information Forensics and Security (WIFS)
web/data/public_preview_map_data.json,records[40].venue_aliases[5],source_alias,2019 IEEE International Workshop on Information Forensics and Security (WIFS)
web/data/public_preview_map_data.json,records[41].venue_aliases[2],source_alias,IEEE/CVF Conference on Computer Vision and Pattern Recognition (CVPR) Workshops
web/data/public_preview_map_data.json,records[41].venue_aliases[3],source_alias,IEEE/CVF Conference on Computer Vision and Pattern Recognition Workshops
web/data/public_preview_map_data.json,records[41].venue_aliases[4],source_alias,IEEE/CVF Conference on Computer Vision and Pattern Recognition Workshops (CVPRW)
web/data/public_preview_map_data.json,records[41].venue_aliases[6],source_alias,CVPRW
web/data/public_preview_map_data.json,records[41].venue_aliases[9],source_alias,2024 IEEE/CVF Conference on Computer Vision and Pattern Recognition Workshops (CVPRW)
web/data/public_preview_map_data.json,records[43].venue_aliases[2],source_alias,IEEE/CVF Winter Conference on Applications of Computer Vision (WACV) Workshops
web/data/public_preview_map_data.json,records[43].venue_aliases[3],source_alias,IEEE/CVF Winter Conference on Applications of Computer Vision (WACV) Workshop
web/data/public_preview_map_data.json,records[43].venue_aliases[4],source_alias,IEEE/CVF Winter Conference on Applications of Computer Vision Workshops (WACVW)
web/data/public_preview_map_data.json,records[43].venue_aliases[5],source_alias,IEEE/CVF Winter Conference on Applications of Computer Vision Workshop (WACVW)
web/data/public_preview_map_data.json,records[43].venue_aliases[6],source_alias,IEEE/CVF Winter Conference on Applications of Computer Vision (WACVW) Workshops
web/data/public_preview_map_data.json,records[43].venue_aliases[7],source_alias,IEEE/CVF Winter Conference on Applications of Computer Vision (WACVW) Workshop
web/data/public_preview_map_data.json,records[43].venue_aliases[8],source_alias,WACVW
web/data/public_preview_map_data.json,records[44].venue_track,paper_track,Workshop
web/data/public_preview_map_data.json,records[44].raw_venue,provenance,2023 IEEE/CVF International Conference on Computer Vision Workshops (ICCVW)
web/data/public_preview_map_data.json,records[44].venue_aliases[2],source_alias,IEEE/CVF International Conference on Computer Vision Workshops (ICCVW)
web/data/public_preview_map_data.json,records[44].venue_aliases[3],source_alias,ICCVW
web/data/public_preview_map_data.json,records[44].venue_aliases[4],source_alias,ICCV Workshops
web/data/public_preview_map_data.json,records[53].venue_aliases[2],source_alias,IEEE/CVF Conference on Computer Vision and Pattern Recognition (CVPR) Workshops
web/data/public_preview_map_data.json,records[53].venue_aliases[3],source_alias,IEEE/CVF Conference on Computer Vision and Pattern Recognition Workshops
web/data/public_preview_map_data.json,records[53].venue_aliases[4],source_alias,IEEE/CVF Conference on Computer Vision and Pattern Recognition Workshops (CVPRW)
web/data/public_preview_map_data.json,records[53].venue_aliases[6],source_alias,CVPRW
web/data/public_preview_map_data.json,records[53].venue_aliases[9],source_alias,2024 IEEE/CVF Conference on Computer Vision and Pattern Recognition Workshops (CVPRW)
web/data/public_preview_map_data.json,records[55].venue_aliases[2],source_alias,IEEE/CVF Winter Conference on Applications of Computer Vision (WACV) Workshops
web/data/public_preview_map_data.json,records[55].venue_aliases[3],source_alias,IEEE/CVF Winter Conference on Applications of Computer Vision (WACV) Workshop
web/data/public_preview_map_data.json,records[55].venue_aliases[4],source_alias,IEEE/CVF Winter Conference on Applications of Computer Vision Workshops (WACVW)
web/data/public_preview_map_data.json,records[55].venue_aliases[5],source_alias,IEEE/CVF Winter Conference on Applications of Computer Vision Workshop (WACVW)
web/data/public_preview_map_data.json,records[55].venue_aliases[6],source_alias,IEEE/CVF Winter Conference on Applications of Computer Vision (WACVW) Workshops
web/data/public_preview_map_data.json,records[55].venue_aliases[7],source_alias,IEEE/CVF Winter Conference on Applications of Computer Vision (WACVW) Workshop
web/data/public_preview_map_data.json,records[55].venue_aliases[8],source_alias,WACVW
web/data/public_preview_map_data.json,records[58].venue,canonical_venue,ACM Workshop on Information Hiding and Multimedia Security
web/data/public_preview_map_data.json,records[58].venue_name,canonical_venue,ACM Workshop on Information Hiding and Multimedia Security
web/data/public_preview_map_data.json,records[58].venue_track,paper_track,Workshop
web/data/public_preview_map_data.json,records[58].raw_venue,provenance,Proceedings of the ACM Workshop on Information Hiding and Multimedia Security
web/data/public_preview_map_data.json,records[58].venue_aliases[0],source_alias,ACM Workshop on Information Hiding and Multimedia Security (IH&MMSec)
web/data/public_preview_map_data.json,records[58].venue_aliases[1],source_alias,ACM Workshop on Information Hiding and Multimedia Security
web/data/public_preview_map_data.json,records[59].venue_track,paper_track,Workshop
web/data/public_preview_map_data.json,records[59].raw_venue,provenance,2025 IEEE/CVF Winter Conference on Applications of Computer Vision Workshops (WACVW)
web/data/public_preview_map_data.json,records[59].venue_aliases[2],source_alias,IEEE/CVF Winter Conference on Applications of Computer Vision (WACV) Workshops
web/data/public_preview_map_data.json,records[59].venue_aliases[3],source_alias,IEEE/CVF Winter Conference on Applications of Computer Vision (WACV) Workshop
web/data/public_preview_map_data.json,records[59].venue_aliases[4],source_alias,IEEE/CVF Winter Conference on Applications of Computer Vision Workshops (WACVW)
web/data/public_preview_map_data.json,records[59].venue_aliases[5],source_alias,IEEE/CVF Winter Conference on Applications of Computer Vision Workshop (WACVW)
web/data/public_preview_map_data.json,records[59].venue_aliases[6],source_alias,IEEE/CVF Winter Conference on Applications of Computer Vision (WACVW) Workshops
web/data/public_preview_map_data.json,records[59].venue_aliases[7],source_alias,IEEE/CVF Winter Conference on Applications of Computer Vision (WACVW) Workshop
web/data/public_preview_map_data.json,records[59].venue_aliases[8],source_alias,WACVW
web/data/public_preview_map_data.json,records[79].venue,canonical_venue,ACM International Workshop on Multimedia AI against Disinformation
web/data/public_preview_map_data.json,records[79].venue_name,canonical_venue,ACM International Workshop on Multimedia AI against Disinformation
web/data/public_preview_map_data.json,records[79].venue_track,paper_track,Workshop
web/data/public_preview_map_data.json,records[79].venue_aliases[0],source_alias,ACM International Workshop on Multimedia AI against Disinformation (MAD)
web/data/public_preview_map_data.json,records[79].venue_aliases[1],source_alias,ACM International Workshop on Multimedia AI against Disinformation
web/data/public_preview_map_data.json,records[79].venue_aliases[2],source_alias,Proceedings of the 1st International Workshop on Multimedia AI against Disinformation
web/data/public_preview_map_data.json,records[79].raw_venue,provenance,Proceedings of the 5th ACM International Workshop on Multimedia AI against Disinformation
web/data/public_preview_map_data.json,records[82].venue_aliases[3],source_alias,"Proceedings of the 1st on Deepfake Forensics Workshop: Detection, Attribution, Recognition, and Adversarial Challenges in the Era of AI-Generated Media"
web/data/public_preview_map_data.json,records[89].venue_aliases[2],source_alias,IEEE/CVF Conference on Computer Vision and Pattern Recognition (CVPR) Workshops
web/data/public_preview_map_data.json,records[89].venue_aliases[3],source_alias,IEEE/CVF Conference on Computer Vision and Pattern Recognition Workshops
web/data/public_preview_map_data.json,records[89].venue_aliases[4],source_alias,IEEE/CVF Conference on Computer Vision and Pattern Recognition Workshops (CVPRW)
web/data/public_preview_map_data.json,records[89].venue_aliases[6],source_alias,CVPRW
web/data/public_preview_map_data.json,records[89].venue_aliases[9],source_alias,2024 IEEE/CVF Conference on Computer Vision and Pattern Recognition Workshops (CVPRW)
web/data/public_preview_map_data.json,records[90].venue_aliases[2],source_alias,IEEE/CVF Conference on Computer Vision and Pattern Recognition (CVPR) Workshops
web/data/public_preview_map_data.json,records[90].venue_aliases[3],source_alias,IEEE/CVF Conference on Computer Vision and Pattern Recognition Workshops
web/data/public_preview_map_data.json,records[90].venue_aliases[4],source_alias,IEEE/CVF Conference on Computer Vision and Pattern Recognition Workshops (CVPRW)
web/data/public_preview_map_data.json,records[90].venue_aliases[6],source_alias,CVPRW
web/data/public_preview_map_data.json,records[90].venue_aliases[9],source_alias,2024 IEEE/CVF Conference on Computer Vision and Pattern Recognition Workshops (CVPRW)
web/data/public_preview_map_data.json,records[95].venue_track,paper_track,Workshop
web/data/public_preview_map_data.json,records[95].venue_aliases[2],source_alias,IEEE/CVF Conference on Computer Vision and Pattern Recognition (CVPR) Workshops
web/data/public_preview_map_data.json,records[95].venue_aliases[3],source_alias,IEEE/CVF Conference on Computer Vision and Pattern Recognition Workshops
web/data/public_preview_map_data.json,records[95].venue_aliases[4],source_alias,IEEE/CVF Conference on Computer Vision and Pattern Recognition Workshops (CVPRW)
web/data/public_preview_map_data.json,records[95].venue_aliases[6],source_alias,CVPRW
web/data/public_preview_map_data.json,records[95].venue_aliases[9],source_alias,2024 IEEE/CVF Conference on Computer Vision and Pattern Recognition Workshops (CVPRW)
web/data/public_preview_map_data.json,records[95].raw_venue,provenance,2023 IEEE/CVF Conference on Computer Vision and Pattern Recognition Workshops (CVPRW)
web/data/public_preview_map_data.json,records[106].venue_track,paper_track,Workshop
web/data/public_preview_map_data.json,records[106].raw_venue,provenance,Proceedings of the 1st International Workshop on Multimedia AI against Disinformation
web/data/public_preview_map_data.json,records[109].venue_aliases[2],source_alias,2020 IEEE Security and Privacy Workshops (SPW)
web/data/public_preview_map_data.json,records[109].venue_aliases[3],source_alias,SPW
web/data/public_preview_map_data.json,records[109].venue_aliases[6],source_alias,IEEE Security and Privacy Workshops
web/data/public_preview_map_data.json,records[144].venue,canonical_venue,IEEE International Workshop on Information Forensics and Security
web/data/public_preview_map_data.json,records[144].venue_name,canonical_venue,IEEE International Workshop on Information Forensics and Security
web/data/public_preview_map_data.json,records[144].venue_track,paper_track,Workshop
web/data/public_preview_map_data.json,records[144].venue_aliases[0],source_alias,IEEE International Workshop on Information Forensics and Security (WIFS)
web/data/public_preview_map_data.json,records[144].venue_aliases[1],source_alias,IEEE International Workshop on Information Forensics and Security
web/data/public_preview_map_data.json,records[144].venue_aliases[3],source_alias,2020 IEEE International Workshop on Information Forensics and Security (WIFS)
web/data/public_preview_map_data.json,records[144].venue_aliases[4],source_alias,2024 IEEE International Workshop on Information Forensics and Security (WIFS)
web/data/public_preview_map_data.json,records[144].venue_aliases[5],source_alias,2019 IEEE International Workshop on Information Forensics and Security (WIFS)
web/data/public_preview_map_data.json,records[144].raw_venue,provenance,2020 IEEE International Workshop on Information Forensics and Security (WIFS)
web/data/public_preview_map_data.json,records[159].venue,canonical_venue,IEEE Annual Computing and Communication Workshop and Conference
web/data/public_preview_map_data.json,records[159].venue_id,canonical_id,venue:ieee-annual-computing-and-communication-workshop-and-conference
web/data/public_preview_map_data.json,records[159].venue_name,canonical_venue,IEEE Annual Computing and Communication Workshop and Conference
web/data/public_preview_map_data.json,records[159].venue_track,paper_track,Workshop
web/data/public_preview_map_data.json,records[159].raw_venue,provenance,2026 IEEE 16th Annual Computing and Communication Workshop and Conference (CCWC)
web/data/public_preview_map_data.json,records[159].venue_aliases[0],source_alias,IEEE Annual Computing and Communication Workshop and Conference
web/data/public_preview_map_data.json,records[159].venue_aliases[2],source_alias,2026 IEEE 16th Annual Computing and Communication Workshop and Conference (CCWC)
web/data/public_preview_map_data.json,records[160].venue,canonical_venue,Workshop on Security Implications of Deepfakes and Cheapfakes
web/data/public_preview_map_data.json,records[160].venue_id,canonical_id,venue:workshop-on-security-implications-of-deepfakes-and-cheapfakes
web/data/public_preview_map_data.json,records[160].venue_name,canonical_venue,Workshop on Security Implications of Deepfakes and Cheapfakes
web/data/public_preview_map_data.json,records[160].venue_track,paper_track,Workshop
web/data/public_preview_map_data.json,records[160].raw_venue,provenance,Proceedings of the 4th Workshop on Security Implications of Deepfakes and Cheapfakes
web/data/public_preview_map_data.json,records[160].venue_aliases[0],source_alias,Workshop on Security Implications of Deepfakes and Cheapfakes
web/data/public_preview_map_data.json,records[165].venue_aliases[2],source_alias,IEEE/CVF Conference on Computer Vision and Pattern Recognition (CVPR) Workshops
web/data/public_preview_map_data.json,records[165].venue_aliases[3],source_alias,IEEE/CVF Conference on Computer Vision and Pattern Recognition Workshops
web/data/public_preview_map_data.json,records[165].venue_aliases[4],source_alias,IEEE/CVF Conference on Computer Vision and Pattern Recognition Workshops (CVPRW)
web/data/public_preview_map_data.json,records[165].venue_aliases[6],source_alias,CVPRW
web/data/public_preview_map_data.json,records[165].venue_aliases[9],source_alias,2024 IEEE/CVF Conference on Computer Vision and Pattern Recognition Workshops (CVPRW)
web/data/public_preview_map_data.json,records[166].venue_aliases[2],source_alias,IEEE/CVF Conference on Computer Vision and Pattern Recognition (CVPR) Workshops
web/data/public_preview_map_data.json,records[166].venue_aliases[3],source_alias,IEEE/CVF Conference on Computer Vision and Pattern Recognition Workshops
web/data/public_preview_map_data.json,records[166].venue_aliases[4],source_alias,IEEE/CVF Conference on Computer Vision and Pattern Recognition Workshops (CVPRW)
web/data/public_preview_map_data.json,records[166].venue_aliases[6],source_alias,CVPRW
web/data/public_preview_map_data.json,records[166].venue_aliases[9],source_alias,2024 IEEE/CVF Conference on Computer Vision and Pattern Recognition Workshops (CVPRW)
web/data/public_preview_map_data.json,records[167].venue_track,paper_track,Workshop
web/data/public_preview_map_data.json,records[167].venue_aliases[1],source_alias,2023 IEEE International Conference on Data Mining Workshops (ICDMW)
web/data/public_preview_map_data.json,records[167].venue_aliases[2],source_alias,ICDMW
web/data/public_preview_map_data.json,records[167].raw_venue,provenance,2023 IEEE International Conference on Data Mining Workshops (ICDMW)
web/data/public_preview_map_data.json,records[170].venue_aliases[3],source_alias,"Proceedings of the 1st on Deepfake Forensics Workshop: Detection, Attribution, Recognition, and Adversarial Challenges in the Era of AI-Generated Media"
web/data/public_preview_map_data.json,records[171].venue_aliases[2],source_alias,IEEE/CVF Conference on Computer Vision and Pattern Recognition (CVPR) Workshops
web/data/public_preview_map_data.json,records[171].venue_aliases[3],source_alias,IEEE/CVF Conference on Computer Vision and Pattern Recognition Workshops
web/data/public_preview_map_data.json,records[171].venue_aliases[4],source_alias,IEEE/CVF Conference on Computer Vision and Pattern Recognition Workshops (CVPRW)
web/data/public_preview_map_data.json,records[171].venue_aliases[6],source_alias,CVPRW
web/data/public_preview_map_data.json,records[171].venue_aliases[9],source_alias,2024 IEEE/CVF Conference on Computer Vision and Pattern Recognition Workshops (CVPRW)
web/data/public_preview_map_data.json,records[172].venue_aliases[2],source_alias,IEEE/CVF Conference on Computer Vision and Pattern Recognition (CVPR) Workshops
web/data/public_preview_map_data.json,records[172].venue_aliases[3],source_alias,IEEE/CVF Conference on Computer Vision and Pattern Recognition Workshops
web/data/public_preview_map_data.json,records[172].venue_aliases[4],source_alias,IEEE/CVF Conference on Computer Vision and Pattern Recognition Workshops (CVPRW)
web/data/public_preview_map_data.json,records[172].venue_aliases[6],source_alias,CVPRW
web/data/public_preview_map_data.json,records[172].venue_aliases[9],source_alias,2024 IEEE/CVF Conference on Computer Vision and Pattern Recognition Workshops (CVPRW)
web/data/public_preview_map_data.json,records[173].venue,canonical_venue,ACM International Workshop on Multimedia AI against Disinformation
web/data/public_preview_map_data.json,records[173].venue_name,canonical_venue,ACM International Workshop on Multimedia AI against Disinformation
web/data/public_preview_map_data.json,records[173].venue_track,paper_track,Workshop
web/data/public_preview_map_data.json,records[173].venue_aliases[0],source_alias,ACM International Workshop on Multimedia AI against Disinformation (MAD)
web/data/public_preview_map_data.json,records[173].venue_aliases[1],source_alias,ACM International Workshop on Multimedia AI against Disinformation
web/data/public_preview_map_data.json,records[173].venue_aliases[2],source_alias,Proceedings of the 1st International Workshop on Multimedia AI against Disinformation
web/data/public_preview_map_data.json,records[173].raw_venue,provenance,Proceedings of the 2nd ACM International Workshop on Multimedia AI against Disinformation
web/data/public_preview_map_data.json,records[177].venue,canonical_venue,ACM International Workshop on Multimedia AI against Disinformation
web/data/public_preview_map_data.json,records[177].venue_name,canonical_venue,ACM International Workshop on Multimedia AI against Disinformation
web/data/public_preview_map_data.json,records[177].venue_aliases[0],source_alias,ACM International Workshop on Multimedia AI against Disinformation (MAD)
web/data/public_preview_map_data.json,records[177].venue_aliases[1],source_alias,ACM International Workshop on Multimedia AI against Disinformation
web/data/public_preview_map_data.json,records[177].venue_aliases[2],source_alias,Proceedings of the 1st International Workshop on Multimedia AI against Disinformation
web/data/public_preview_map_data.json,records[177].raw_venue,provenance,3rd ACM International Workshop on Multimedia AI against Disinformation
web/data/public_preview_map_data.json,records[187].venue_aliases[2],source_alias,IEEE/CVF Conference on Computer Vision and Pattern Recognition (CVPR) Workshops
web/data/public_preview_map_data.json,records[187].venue_aliases[3],source_alias,IEEE/CVF Conference on Computer Vision and Pattern Recognition Workshops
web/data/public_preview_map_data.json,records[187].venue_aliases[4],source_alias,IEEE/CVF Conference on Computer Vision and Pattern Recognition Workshops (CVPRW)
web/data/public_preview_map_data.json,records[187].venue_aliases[6],source_alias,CVPRW
web/data/public_preview_map_data.json,records[187].venue_aliases[9],source_alias,2024 IEEE/CVF Conference on Computer Vision and Pattern Recognition Workshops (CVPRW)
web/data/public_preview_map_data.json,records[188].venue_aliases[2],source_alias,IEEE/CVF Conference on Computer Vision and Pattern Recognition (CVPR) Workshops
web/data/public_preview_map_data.json,records[188].venue_aliases[3],source_alias,IEEE/CVF Conference on Computer Vision and Pattern Recognition Workshops
web/data/public_preview_map_data.json,records[188].venue_aliases[4],source_alias,IEEE/CVF Conference on Computer Vision and Pattern Recognition Workshops (CVPRW)
web/data/public_preview_map_data.json,records[188].venue_aliases[6],source_alias,CVPRW
web/data/public_preview_map_data.json,records[188].venue_aliases[9],source_alias,2024 IEEE/CVF Conference on Computer Vision and Pattern Recognition Workshops (CVPRW)
web/data/public_preview_map_data.json,records[189].venue_aliases[2],source_alias,IEEE/CVF Conference on Computer Vision and Pattern Recognition (CVPR) Workshops
web/data/public_preview_map_data.json,records[189].venue_aliases[3],source_alias,IEEE/CVF Conference on Computer Vision and Pattern Recognition Workshops
web/data/public_preview_map_data.json,records[189].venue_aliases[4],source_alias,IEEE/CVF Conference on Computer Vision and Pattern Recognition Workshops (CVPRW)
web/data/public_preview_map_data.json,records[189].venue_aliases[6],source_alias,CVPRW
web/data/public_preview_map_data.json,records[189].venue_aliases[9],source_alias,2024 IEEE/CVF Conference on Computer Vision and Pattern Recognition Workshops (CVPRW)
web/data/public_preview_map_data.json,records[190].venue_aliases[2],source_alias,IEEE/CVF Conference on Computer Vision and Pattern Recognition (CVPR) Workshops
web/data/public_preview_map_data.json,records[190].venue_aliases[3],source_alias,IEEE/CVF Conference on Computer Vision and Pattern Recognition Workshops
web/data/public_preview_map_data.json,records[190].venue_aliases[4],source_alias,IEEE/CVF Conference on Computer Vision and Pattern Recognition Workshops (CVPRW)
web/data/public_preview_map_data.json,records[190].venue_aliases[6],source_alias,CVPRW
web/data/public_preview_map_data.json,records[190].venue_aliases[9],source_alias,2024 IEEE/CVF Conference on Computer Vision and Pattern Recognition Workshops (CVPRW)
web/data/public_preview_map_data.json,records[191].venue_aliases[2],source_alias,IEEE/CVF Conference on Computer Vision and Pattern Recognition (CVPR) Workshops
web/data/public_preview_map_data.json,records[191].venue_aliases[3],source_alias,IEEE/CVF Conference on Computer Vision and Pattern Recognition Workshops
web/data/public_preview_map_data.json,records[191].venue_aliases[4],source_alias,IEEE/CVF Conference on Computer Vision and Pattern Recognition Workshops (CVPRW)
web/data/public_preview_map_data.json,records[191].venue_aliases[6],source_alias,CVPRW
web/data/public_preview_map_data.json,records[191].venue_aliases[9],source_alias,2024 IEEE/CVF Conference on Computer Vision and Pattern Recognition Workshops (CVPRW)
web/data/public_preview_map_data.json,records[194].venue_aliases[2],source_alias,IEEE/CVF Conference on Computer Vision and Pattern Recognition (CVPR) Workshops
web/data/public_preview_map_data.json,records[194].venue_aliases[3],source_alias,IEEE/CVF Conference on Computer Vision and Pattern Recognition Workshops
web/data/public_preview_map_data.json,records[194].venue_aliases[4],source_alias,IEEE/CVF Conference on Computer Vision and Pattern Recognition Workshops (CVPRW)
web/data/public_preview_map_data.json,records[194].venue_aliases[6],source_alias,CVPRW
web/data/public_preview_map_data.json,records[194].venue_aliases[9],source_alias,2024 IEEE/CVF Conference on Computer Vision and Pattern Recognition Workshops (CVPRW)
web/data/public_preview_map_data.json,records[198].venue_aliases[2],source_alias,IEEE/CVF Conference on Computer Vision and Pattern Recognition (CVPR) Workshops
web/data/public_preview_map_data.json,records[198].venue_aliases[3],source_alias,IEEE/CVF Conference on Computer Vision and Pattern Recognition Workshops
web/data/public_preview_map_data.json,records[198].venue_aliases[4],source_alias,IEEE/CVF Conference on Computer Vision and Pattern Recognition Workshops (CVPRW)
web/data/public_preview_map_data.json,records[198].venue_aliases[6],source_alias,CVPRW
web/data/public_preview_map_data.json,records[198].venue_aliases[9],source_alias,2024 IEEE/CVF Conference on Computer Vision and Pattern Recognition Workshops (CVPRW)
web/data/public_preview_map_data.json,records[216].venue_aliases[2],source_alias,IEEE/CVF Conference on Computer Vision and Pattern Recognition (CVPR) Workshops
web/data/public_preview_map_data.json,records[216].venue_aliases[3],source_alias,IEEE/CVF Conference on Computer Vision and Pattern Recognition Workshops
web/data/public_preview_map_data.json,records[216].venue_aliases[4],source_alias,IEEE/CVF Conference on Computer Vision and Pattern Recognition Workshops (CVPRW)
web/data/public_preview_map_data.json,records[216].venue_aliases[6],source_alias,CVPRW
web/data/public_preview_map_data.json,records[216].venue_aliases[9],source_alias,2024 IEEE/CVF Conference on Computer Vision and Pattern Recognition Workshops (CVPRW)
web/data/public_preview_map_data.json,records[217].venue_aliases[2],source_alias,IEEE/CVF Conference on Computer Vision and Pattern Recognition (CVPR) Workshops
web/data/public_preview_map_data.json,records[217].venue_aliases[3],source_alias,IEEE/CVF Conference on Computer Vision and Pattern Recognition Workshops
web/data/public_preview_map_data.json,records[217].venue_aliases[4],source_alias,IEEE/CVF Conference on Computer Vision and Pattern Recognition Workshops (CVPRW)
web/data/public_preview_map_data.json,records[217].venue_aliases[6],source_alias,CVPRW
web/data/public_preview_map_data.json,records[217].venue_aliases[9],source_alias,2024 IEEE/CVF Conference on Computer Vision and Pattern Recognition Workshops (CVPRW)
web/data/public_preview_map_data.json,records[218].venue_aliases[2],source_alias,IEEE/CVF Conference on Computer Vision and Pattern Recognition (CVPR) Workshops
web/data/public_preview_map_data.json,records[218].venue_aliases[3],source_alias,IEEE/CVF Conference on Computer Vision and Pattern Recognition Workshops
web/data/public_preview_map_data.json,records[218].venue_aliases[4],source_alias,IEEE/CVF Conference on Computer Vision and Pattern Recognition Workshops (CVPRW)
web/data/public_preview_map_data.json,records[218].venue_aliases[6],source_alias,CVPRW
web/data/public_preview_map_data.json,records[218].venue_aliases[9],source_alias,2024 IEEE/CVF Conference on Computer Vision and Pattern Recognition Workshops (CVPRW)
web/data/public_preview_map_data.json,records[220].venue_aliases[2],source_alias,IEEE/CVF Winter Conference on Applications of Computer Vision (WACV) Workshops
web/data/public_preview_map_data.json,records[220].venue_aliases[3],source_alias,IEEE/CVF Winter Conference on Applications of Computer Vision (WACV) Workshop
web/data/public_preview_map_data.json,records[220].venue_aliases[4],source_alias,IEEE/CVF Winter Conference on Applications of Computer Vision Workshops (WACVW)
web/data/public_preview_map_data.json,records[220].venue_aliases[5],source_alias,IEEE/CVF Winter Conference on Applications of Computer Vision Workshop (WACVW)
web/data/public_preview_map_data.json,records[220].venue_aliases[6],source_alias,IEEE/CVF Winter Conference on Applications of Computer Vision (WACVW) Workshops
web/data/public_preview_map_data.json,records[220].venue_aliases[7],source_alias,IEEE/CVF Winter Conference on Applications of Computer Vision (WACVW) Workshop
web/data/public_preview_map_data.json,records[220].venue_aliases[8],source_alias,WACVW
web/data/public_preview_map_data.json,records[221].venue_aliases[2],source_alias,IEEE/CVF Winter Conference on Applications of Computer Vision (WACV) Workshops
web/data/public_preview_map_data.json,records[221].venue_aliases[3],source_alias,IEEE/CVF Winter Conference on Applications of Computer Vision (WACV) Workshop
web/data/public_preview_map_data.json,records[221].venue_aliases[4],source_alias,IEEE/CVF Winter Conference on Applications of Computer Vision Workshops (WACVW)
web/data/public_preview_map_data.json,records[221].venue_aliases[5],source_alias,IEEE/CVF Winter Conference on Applications of Computer Vision Workshop (WACVW)
web/data/public_preview_map_data.json,records[221].venue_aliases[6],source_alias,IEEE/CVF Winter Conference on Applications of Computer Vision (WACVW) Workshops
web/data/public_preview_map_data.json,records[221].venue_aliases[7],source_alias,IEEE/CVF Winter Conference on Applications of Computer Vision (WACVW) Workshop
web/data/public_preview_map_data.json,records[221].venue_aliases[8],source_alias,WACVW
web/data/public_preview_map_data.json,records[222].venue_track,paper_track,Workshop
web/data/public_preview_map_data.json,records[222].raw_venue,provenance,2023 IEEE/CVF International Conference on Computer Vision Workshops (ICCVW)
web/data/public_preview_map_data.json,records[222].venue_aliases[2],source_alias,IEEE/CVF International Conference on Computer Vision Workshops (ICCVW)
web/data/public_preview_map_data.json,records[222].venue_aliases[3],source_alias,ICCVW
web/data/public_preview_map_data.json,records[222].venue_aliases[4],source_alias,ICCV Workshops
web/data/public_preview_map_data.json,records[238].venue_aliases[2],source_alias,IEEE/CVF Winter Conference on Applications of Computer Vision (WACV) Workshops
web/data/public_preview_map_data.json,records[238].venue_aliases[3],source_alias,IEEE/CVF Winter Conference on Applications of Computer Vision (WACV) Workshop
web/data/public_preview_map_data.json,records[238].venue_aliases[4],source_alias,IEEE/CVF Winter Conference on Applications of Computer Vision Workshops (WACVW)
web/data/public_preview_map_data.json,records[238].venue_aliases[5],source_alias,IEEE/CVF Winter Conference on Applications of Computer Vision Workshop (WACVW)
web/data/public_preview_map_data.json,records[238].venue_aliases[6],source_alias,IEEE/CVF Winter Conference on Applications of Computer Vision (WACVW) Workshops
web/data/public_preview_map_data.json,records[238].venue_aliases[7],source_alias,IEEE/CVF Winter Conference on Applications of Computer Vision (WACVW) Workshop
web/data/public_preview_map_data.json,records[238].venue_aliases[8],source_alias,WACVW
web/data/public_preview_map_data.json,records[243].venue,canonical_venue,ACM Workshop on Information Hiding and Multimedia Security
web/data/public_preview_map_data.json,records[243].venue_name,canonical_venue,ACM Workshop on Information Hiding and Multimedia Security
web/data/public_preview_map_data.json,records[243].venue_track,paper_track,Workshop
web/data/public_preview_map_data.json,records[243].raw_venue,provenance,Proceedings of the ACM Workshop on Information Hiding and Multimedia Security
web/data/public_preview_map_data.json,records[243].venue_aliases[0],source_alias,ACM Workshop on Information Hiding and Multimedia Security (IH&MMSec)
web/data/public_preview_map_data.json,records[243].venue_aliases[1],source_alias,ACM Workshop on Information Hiding and Multimedia Security
web/data/public_preview_map_data.json,records[251].venue_aliases[2],source_alias,IEEE/CVF Conference on Computer Vision and Pattern Recognition (CVPR) Workshops
web/data/public_preview_map_data.json,records[251].venue_aliases[3],source_alias,IEEE/CVF Conference on Computer Vision and Pattern Recognition Workshops
web/data/public_preview_map_data.json,records[251].venue_aliases[4],source_alias,IEEE/CVF Conference on Computer Vision and Pattern Recognition Workshops (CVPRW)
web/data/public_preview_map_data.json,records[251].venue_aliases[6],source_alias,CVPRW
web/data/public_preview_map_data.json,records[251].venue_aliases[9],source_alias,2024 IEEE/CVF Conference on Computer Vision and Pattern Recognition Workshops (CVPRW)
web/data/public_preview_map_data.json,records[252].venue_aliases[2],source_alias,IEEE/CVF Conference on Computer Vision and Pattern Recognition (CVPR) Workshops
web/data/public_preview_map_data.json,records[252].venue_aliases[3],source_alias,IEEE/CVF Conference on Computer Vision and Pattern Recognition Workshops
web/data/public_preview_map_data.json,records[252].venue_aliases[4],source_alias,IEEE/CVF Conference on Computer Vision and Pattern Recognition Workshops (CVPRW)
web/data/public_preview_map_data.json,records[252].venue_aliases[6],source_alias,CVPRW
web/data/public_preview_map_data.json,records[252].venue_aliases[9],source_alias,2024 IEEE/CVF Conference on Computer Vision and Pattern Recognition Workshops (CVPRW)
web/data/public_preview_map_data.json,records[256].venue_track,paper_track,Workshop
web/data/public_preview_map_data.json,records[256].venue_aliases[2],source_alias,IEEE/CVF Conference on Computer Vision and Pattern Recognition (CVPR) Workshops
web/data/public_preview_map_data.json,records[256].venue_aliases[3],source_alias,IEEE/CVF Conference on Computer Vision and Pattern Recognition Workshops
web/data/public_preview_map_data.json,records[256].venue_aliases[4],source_alias,IEEE/CVF Conference on Computer Vision and Pattern Recognition Workshops (CVPRW)
web/data/public_preview_map_data.json,records[256].venue_aliases[6],source_alias,CVPRW
web/data/public_preview_map_data.json,records[256].venue_aliases[9],source_alias,2024 IEEE/CVF Conference on Computer Vision and Pattern Recognition Workshops (CVPRW)
web/data/public_preview_map_data.json,records[256].raw_venue,provenance,2023 IEEE/CVF Conference on Computer Vision and Pattern Recognition Workshops (CVPRW)
web/data/public_preview_map_data.json,records[266].venue_track,paper_track,Workshop
web/data/public_preview_map_data.json,records[266].raw_venue,provenance,Proceedings of the 1st International Workshop on Multimedia AI against Disinformation
web/data/public_preview_map_data.json,records[267].venue_track,paper_track,Workshop
web/data/public_preview_map_data.json,records[267].raw_venue,provenance,Proceedings of the 1st International Workshop on Multimedia AI against Disinformation
web/data/public_preview_map_data.json,records[341].venue_track,paper_track,Workshop
web/data/public_preview_map_data.json,records[341].venue_aliases[2],source_alias,IEEE/CVF International Conference on Computer Vision Workshops (ICCVW)
web/data/public_preview_map_data.json,records[341].venue_aliases[3],source_alias,ICCVW
web/data/public_preview_map_data.json,records[341].venue_aliases[4],source_alias,ICCV Workshops
web/data/public_preview_map_data.json,records[342].venue_track,paper_track,Workshop
web/data/public_preview_map_data.json,records[342].venue_aliases[2],source_alias,IEEE/CVF International Conference on Computer Vision Workshops (ICCVW)
web/data/public_preview_map_data.json,records[342].venue_aliases[3],source_alias,ICCVW
web/data/public_preview_map_data.json,records[342].venue_aliases[4],source_alias,ICCV Workshops
web/data/public_preview_map_data.json,records[343].venue_track,paper_track,Workshop
web/data/public_preview_map_data.json,records[343].raw_venue,provenance,2024 European Conference on Computer Vision (ECCV) Workshops
web/data/public_preview_map_data.json,records[343].venue_aliases[2],source_alias,European Conference on Computer Vision (ECCV) Workshops
web/data/public_preview_map_data.json,records[343].venue_aliases[3],source_alias,Computer Vision – ECCV 2024 Workshops
web/data/public_preview_map_data.json,records[344].venue_track,paper_track,Workshop
web/data/public_preview_map_data.json,records[344].raw_venue,provenance,2024 European Conference on Computer Vision (ECCV) Workshops
web/data/public_preview_map_data.json,records[344].venue_aliases[2],source_alias,European Conference on Computer Vision (ECCV) Workshops
web/data/public_preview_map_data.json,records[344].venue_aliases[3],source_alias,Computer Vision – ECCV 2024 Workshops
web/data/public_preview_map_data.json,records[345].venue_track,paper_track,Workshop
web/data/public_preview_map_data.json,records[345].raw_venue,provenance,2024 European Conference on Computer Vision (ECCV) Workshops
web/data/public_preview_map_data.json,records[345].venue_aliases[2],source_alias,European Conference on Computer Vision (ECCV) Workshops
web/data/public_preview_map_data.json,records[345].venue_aliases[3],source_alias,Computer Vision – ECCV 2024 Workshops
web/data/public_preview_map_data.json,records[355].venue_track,paper_track,Workshop
web/data/public_preview_map_data.json,records[355].venue_aliases[3],source_alias,"Proceedings of the 1st on Deepfake Forensics Workshop: Detection, Attribution, Recognition, and Adversarial Challenges in the Era of AI-Generated Media"
web/data/public_preview_map_data.json,records[356].venue_track,paper_track,Workshop
web/data/public_preview_map_data.json,records[356].venue_aliases[3],source_alias,"Proceedings of the 1st on Deepfake Forensics Workshop: Detection, Attribution, Recognition, and Adversarial Challenges in the Era of AI-Generated Media"
web/data/public_preview_map_data.json,records[357].venue_track,paper_track,Workshop
web/data/public_preview_map_data.json,records[357].venue_aliases[3],source_alias,"Proceedings of the 1st on Deepfake Forensics Workshop: Detection, Attribution, Recognition, and Adversarial Challenges in the Era of AI-Generated Media"
web/data/public_preview_map_data.json,records[362].venue_aliases[2],source_alias,IEEE/CVF Conference on Computer Vision and Pattern Recognition (CVPR) Workshops
web/data/public_preview_map_data.json,records[362].venue_aliases[3],source_alias,IEEE/CVF Conference on Computer Vision and Pattern Recognition Workshops
web/data/public_preview_map_data.json,records[362].venue_aliases[4],source_alias,IEEE/CVF Conference on Computer Vision and Pattern Recognition Workshops (CVPRW)
web/data/public_preview_map_data.json,records[362].venue_aliases[6],source_alias,CVPRW
web/data/public_preview_map_data.json,records[362].venue_aliases[9],source_alias,2024 IEEE/CVF Conference on Computer Vision and Pattern Recognition Workshops (CVPRW)
web/data/public_preview_map_data.json,records[363].venue_aliases[2],source_alias,IEEE/CVF Conference on Computer Vision and Pattern Recognition (CVPR) Workshops
web/data/public_preview_map_data.json,records[363].venue_aliases[3],source_alias,IEEE/CVF Conference on Computer Vision and Pattern Recognition Workshops
web/data/public_preview_map_data.json,records[363].venue_aliases[4],source_alias,IEEE/CVF Conference on Computer Vision and Pattern Recognition Workshops (CVPRW)
web/data/public_preview_map_data.json,records[363].venue_aliases[6],source_alias,CVPRW
web/data/public_preview_map_data.json,records[363].venue_aliases[9],source_alias,2024 IEEE/CVF Conference on Computer Vision and Pattern Recognition Workshops (CVPRW)
web/data/public_preview_map_data.json,records[364].venue_aliases[2],source_alias,IEEE/CVF Conference on Computer Vision and Pattern Recognition (CVPR) Workshops
web/data/public_preview_map_data.json,records[364].venue_aliases[3],source_alias,IEEE/CVF Conference on Computer Vision and Pattern Recognition Workshops
web/data/public_preview_map_data.json,records[364].venue_aliases[4],source_alias,IEEE/CVF Conference on Computer Vision and Pattern Recognition Workshops (CVPRW)
web/data/public_preview_map_data.json,records[364].venue_aliases[6],source_alias,CVPRW
web/data/public_preview_map_data.json,records[364].venue_aliases[9],source_alias,2024 IEEE/CVF Conference on Computer Vision and Pattern Recognition Workshops (CVPRW)
web/data/public_preview_map_data.json,records[365].venue_track,paper_track,Workshop
web/data/public_preview_map_data.json,records[365].raw_venue,provenance,2024 European Conference on Computer Vision (ECCV) Workshops
web/data/public_preview_map_data.json,records[365].venue_aliases[2],source_alias,European Conference on Computer Vision (ECCV) Workshops
web/data/public_preview_map_data.json,records[365].venue_aliases[3],source_alias,Computer Vision – ECCV 2024 Workshops
web/data/public_preview_map_data.json,records[366].venue_aliases[2],source_alias,IEEE/CVF Conference on Computer Vision and Pattern Recognition (CVPR) Workshops
web/data/public_preview_map_data.json,records[366].venue_aliases[3],source_alias,IEEE/CVF Conference on Computer Vision and Pattern Recognition Workshops
web/data/public_preview_map_data.json,records[366].venue_aliases[4],source_alias,IEEE/CVF Conference on Computer Vision and Pattern Recognition Workshops (CVPRW)
web/data/public_preview_map_data.json,records[366].venue_aliases[6],source_alias,CVPRW
web/data/public_preview_map_data.json,records[366].venue_aliases[9],source_alias,2024 IEEE/CVF Conference on Computer Vision and Pattern Recognition Workshops (CVPRW)
web/data/public_preview_map_data.json,records[368].venue_aliases[2],source_alias,European Conference on Computer Vision (ECCV) Workshops
web/data/public_preview_map_data.json,records[368].venue_aliases[3],source_alias,Computer Vision – ECCV 2024 Workshops
web/data/public_preview_map_data.json,records[369].venue_aliases[2],source_alias,European Conference on Computer Vision (ECCV) Workshops
web/data/public_preview_map_data.json,records[369].venue_aliases[3],source_alias,Computer Vision – ECCV 2024 Workshops
web/data/public_preview_map_data.json,records[370].venue_aliases[2],source_alias,European Conference on Computer Vision (ECCV) Workshops
web/data/public_preview_map_data.json,records[370].venue_aliases[3],source_alias,Computer Vision – ECCV 2024 Workshops
web/data/public_preview_map_data.json,records[371].venue_aliases[2],source_alias,IEEE/CVF Winter Conference on Applications of Computer Vision (WACV) Workshops
web/data/public_preview_map_data.json,records[371].venue_aliases[3],source_alias,IEEE/CVF Winter Conference on Applications of Computer Vision (WACV) Workshop
web/data/public_preview_map_data.json,records[371].venue_aliases[4],source_alias,IEEE/CVF Winter Conference on Applications of Computer Vision Workshops (WACVW)
web/data/public_preview_map_data.json,records[371].venue_aliases[5],source_alias,IEEE/CVF Winter Conference on Applications of Computer Vision Workshop (WACVW)
web/data/public_preview_map_data.json,records[371].venue_aliases[6],source_alias,IEEE/CVF Winter Conference on Applications of Computer Vision (WACVW) Workshops
web/data/public_preview_map_data.json,records[371].venue_aliases[7],source_alias,IEEE/CVF Winter Conference on Applications of Computer Vision (WACVW) Workshop
web/data/public_preview_map_data.json,records[371].venue_aliases[8],source_alias,WACVW
web/data/public_preview_map_data.json,records[372].venue_aliases[2],source_alias,IEEE/CVF Winter Conference on Applications of Computer Vision (WACV) Workshops
web/data/public_preview_map_data.json,records[372].venue_aliases[3],source_alias,IEEE/CVF Winter Conference on Applications of Computer Vision (WACV) Workshop
web/data/public_preview_map_data.json,records[372].venue_aliases[4],source_alias,IEEE/CVF Winter Conference on Applications of Computer Vision Workshops (WACVW)
web/data/public_preview_map_data.json,records[372].venue_aliases[5],source_alias,IEEE/CVF Winter Conference on Applications of Computer Vision Workshop (WACVW)
web/data/public_preview_map_data.json,records[372].venue_aliases[6],source_alias,IEEE/CVF Winter Conference on Applications of Computer Vision (WACVW) Workshops
web/data/public_preview_map_data.json,records[372].venue_aliases[7],source_alias,IEEE/CVF Winter Conference on Applications of Computer Vision (WACVW) Workshop
web/data/public_preview_map_data.json,records[372].venue_aliases[8],source_alias,WACVW
web/data/public_preview_map_data.json,records[373].venue,canonical_venue,ACM Workshop on Information Hiding and Multimedia Security
web/data/public_preview_map_data.json,records[373].venue_name,canonical_venue,ACM Workshop on Information Hiding and Multimedia Security
web/data/public_preview_map_data.json,records[373].raw_venue,provenance,ACM Workshop on Information Hiding and Multimedia Security
web/data/public_preview_map_data.json,records[373].venue_aliases[0],source_alias,ACM Workshop on Information Hiding and Multimedia Security (IH&MMSec)
web/data/public_preview_map_data.json,records[373].venue_aliases[1],source_alias,ACM Workshop on Information Hiding and Multimedia Security
web/data/public_preview_map_data.json,records[374].venue,canonical_venue,ACM Workshop on Information Hiding and Multimedia Security
web/data/public_preview_map_data.json,records[374].venue_name,canonical_venue,ACM Workshop on Information Hiding and Multimedia Security
web/data/public_preview_map_data.json,records[374].raw_venue,provenance,ACM Workshop on Information Hiding and Multimedia Security
web/data/public_preview_map_data.json,records[374].venue_aliases[0],source_alias,ACM Workshop on Information Hiding and Multimedia Security (IH&MMSec)
web/data/public_preview_map_data.json,records[374].venue_aliases[1],source_alias,ACM Workshop on Information Hiding and Multimedia Security
web/data/public_preview_map_data.json,records[375].venue_track,paper_track,Workshop
web/data/public_preview_map_data.json,records[376].venue_track,paper_track,Workshop
web/data/public_preview_map_data.json,records[377].venue_track,paper_track,Workshop
web/data/public_preview_map_data.json,records[378].venue_aliases[2],source_alias,IEEE/CVF Conference on Computer Vision and Pattern Recognition (CVPR) Workshops
web/data/public_preview_map_data.json,records[378].venue_aliases[3],source_alias,IEEE/CVF Conference on Computer Vision and Pattern Recognition Workshops
web/data/public_preview_map_data.json,records[378].venue_aliases[4],source_alias,IEEE/CVF Conference on Computer Vision and Pattern Recognition Workshops (CVPRW)
web/data/public_preview_map_data.json,records[378].venue_aliases[6],source_alias,CVPRW
web/data/public_preview_map_data.json,records[378].venue_aliases[9],source_alias,2024 IEEE/CVF Conference on Computer Vision and Pattern Recognition Workshops (CVPRW)
web/data/public_preview_map_data.json,records[379].venue_aliases[2],source_alias,IEEE/CVF Conference on Computer Vision and Pattern Recognition (CVPR) Workshops
web/data/public_preview_map_data.json,records[379].venue_aliases[3],source_alias,IEEE/CVF Conference on Computer Vision and Pattern Recognition Workshops
web/data/public_preview_map_data.json,records[379].venue_aliases[4],source_alias,IEEE/CVF Conference on Computer Vision and Pattern Recognition Workshops (CVPRW)
web/data/public_preview_map_data.json,records[379].venue_aliases[6],source_alias,CVPRW
web/data/public_preview_map_data.json,records[379].venue_aliases[9],source_alias,2024 IEEE/CVF Conference on Computer Vision and Pattern Recognition Workshops (CVPRW)
web/data/public_preview_map_data.json,records[380].venue_track,paper_track,Workshop
web/data/public_preview_map_data.json,records[380].venue_aliases[2],source_alias,IEEE/CVF Conference on Computer Vision and Pattern Recognition (CVPR) Workshops
web/data/public_preview_map_data.json,records[380].venue_aliases[3],source_alias,IEEE/CVF Conference on Computer Vision and Pattern Recognition Workshops
web/data/public_preview_map_data.json,records[380].venue_aliases[4],source_alias,IEEE/CVF Conference on Computer Vision and Pattern Recognition Workshops (CVPRW)
web/data/public_preview_map_data.json,records[380].venue_aliases[6],source_alias,CVPRW
web/data/public_preview_map_data.json,records[380].venue_aliases[9],source_alias,2024 IEEE/CVF Conference on Computer Vision and Pattern Recognition Workshops (CVPRW)
web/data/public_preview_map_data.json,records[391].venue_aliases[2],source_alias,IEEE/CVF Conference on Computer Vision and Pattern Recognition (CVPR) Workshops
web/data/public_preview_map_data.json,records[391].venue_aliases[3],source_alias,IEEE/CVF Conference on Computer Vision and Pattern Recognition Workshops
web/data/public_preview_map_data.json,records[391].venue_aliases[4],source_alias,IEEE/CVF Conference on Computer Vision and Pattern Recognition Workshops (CVPRW)
web/data/public_preview_map_data.json,records[391].venue_aliases[6],source_alias,CVPRW
web/data/public_preview_map_data.json,records[391].venue_aliases[9],source_alias,2024 IEEE/CVF Conference on Computer Vision and Pattern Recognition Workshops (CVPRW)
web/data/public_preview_map_data.json,records[392].venue_aliases[2],source_alias,IEEE/CVF Conference on Computer Vision and Pattern Recognition (CVPR) Workshops
web/data/public_preview_map_data.json,records[392].venue_aliases[3],source_alias,IEEE/CVF Conference on Computer Vision and Pattern Recognition Workshops
web/data/public_preview_map_data.json,records[392].venue_aliases[4],source_alias,IEEE/CVF Conference on Computer Vision and Pattern Recognition Workshops (CVPRW)
web/data/public_preview_map_data.json,records[392].venue_aliases[6],source_alias,CVPRW
web/data/public_preview_map_data.json,records[392].venue_aliases[9],source_alias,2024 IEEE/CVF Conference on Computer Vision and Pattern Recognition Workshops (CVPRW)
web/data/public_preview_map_data.json,records[393].venue_aliases[2],source_alias,IEEE/CVF Conference on Computer Vision and Pattern Recognition (CVPR) Workshops
web/data/public_preview_map_data.json,records[393].venue_aliases[3],source_alias,IEEE/CVF Conference on Computer Vision and Pattern Recognition Workshops
web/data/public_preview_map_data.json,records[393].venue_aliases[4],source_alias,IEEE/CVF Conference on Computer Vision and Pattern Recognition Workshops (CVPRW)
web/data/public_preview_map_data.json,records[393].venue_aliases[6],source_alias,CVPRW
web/data/public_preview_map_data.json,records[393].venue_aliases[9],source_alias,2024 IEEE/CVF Conference on Computer Vision and Pattern Recognition Workshops (CVPRW)
web/data/public_preview_map_data.json,records[394].venue_track,paper_track,Workshop
web/data/public_preview_map_data.json,records[394].venue_aliases[2],source_alias,IEEE/CVF Conference on Computer Vision and Pattern Recognition (CVPR) Workshops
web/data/public_preview_map_data.json,records[394].venue_aliases[3],source_alias,IEEE/CVF Conference on Computer Vision and Pattern Recognition Workshops
web/data/public_preview_map_data.json,records[394].venue_aliases[4],source_alias,IEEE/CVF Conference on Computer Vision and Pattern Recognition Workshops (CVPRW)
web/data/public_preview_map_data.json,records[394].venue_aliases[6],source_alias,CVPRW
web/data/public_preview_map_data.json,records[394].venue_aliases[9],source_alias,2024 IEEE/CVF Conference on Computer Vision and Pattern Recognition Workshops (CVPRW)
web/data/public_preview_map_data.json,records[395].venue_track,paper_track,Workshop
web/data/public_preview_map_data.json,records[395].venue_aliases[2],source_alias,IEEE/CVF Conference on Computer Vision and Pattern Recognition (CVPR) Workshops
web/data/public_preview_map_data.json,records[395].venue_aliases[3],source_alias,IEEE/CVF Conference on Computer Vision and Pattern Recognition Workshops
web/data/public_preview_map_data.json,records[395].venue_aliases[4],source_alias,IEEE/CVF Conference on Computer Vision and Pattern Recognition Workshops (CVPRW)
web/data/public_preview_map_data.json,records[395].venue_aliases[6],source_alias,CVPRW
web/data/public_preview_map_data.json,records[395].venue_aliases[9],source_alias,2024 IEEE/CVF Conference on Computer Vision and Pattern Recognition Workshops (CVPRW)
web/data/public_preview_map_data.json,records[396].venue_track,paper_track,Workshop
web/data/public_preview_map_data.json,records[396].venue_aliases[2],source_alias,IEEE/CVF Conference on Computer Vision and Pattern Recognition (CVPR) Workshops
web/data/public_preview_map_data.json,records[396].venue_aliases[3],source_alias,IEEE/CVF Conference on Computer Vision and Pattern Recognition Workshops
web/data/public_preview_map_data.json,records[396].venue_aliases[4],source_alias,IEEE/CVF Conference on Computer Vision and Pattern Recognition Workshops (CVPRW)
web/data/public_preview_map_data.json,records[396].venue_aliases[6],source_alias,CVPRW
web/data/public_preview_map_data.json,records[396].venue_aliases[9],source_alias,2024 IEEE/CVF Conference on Computer Vision and Pattern Recognition Workshops (CVPRW)
web/data/public_preview_map_data.json,records[402].venue_aliases[2],source_alias,IEEE/CVF Conference on Computer Vision and Pattern Recognition (CVPR) Workshops
web/data/public_preview_map_data.json,records[402].venue_aliases[3],source_alias,IEEE/CVF Conference on Computer Vision and Pattern Recognition Workshops
web/data/public_preview_map_data.json,records[402].venue_aliases[4],source_alias,IEEE/CVF Conference on Computer Vision and Pattern Recognition Workshops (CVPRW)
web/data/public_preview_map_data.json,records[402].venue_aliases[6],source_alias,CVPRW
web/data/public_preview_map_data.json,records[402].venue_aliases[9],source_alias,2024 IEEE/CVF Conference on Computer Vision and Pattern Recognition Workshops (CVPRW)
web/data/public_preview_map_data.json,records[403].venue_aliases[2],source_alias,IEEE/CVF Conference on Computer Vision and Pattern Recognition (CVPR) Workshops
web/data/public_preview_map_data.json,records[403].venue_aliases[3],source_alias,IEEE/CVF Conference on Computer Vision and Pattern Recognition Workshops
web/data/public_preview_map_data.json,records[403].venue_aliases[4],source_alias,IEEE/CVF Conference on Computer Vision and Pattern Recognition Workshops (CVPRW)
web/data/public_preview_map_data.json,records[403].venue_aliases[6],source_alias,CVPRW
web/data/public_preview_map_data.json,records[403].venue_aliases[9],source_alias,2024 IEEE/CVF Conference on Computer Vision and Pattern Recognition Workshops (CVPRW)
web/data/public_preview_map_data.json,records[404].venue_aliases[3],source_alias,"Proceedings of the 1st on Deepfake Forensics Workshop: Detection, Attribution, Recognition, and Adversarial Challenges in the Era of AI-Generated Media"
web/data/public_preview_map_data.json,records[405].venue,canonical_venue,IEEE International Workshop on Information Forensics and Security
web/data/public_preview_map_data.json,records[405].venue_name,canonical_venue,IEEE International Workshop on Information Forensics and Security
web/data/public_preview_map_data.json,records[405].venue_track,paper_track,Workshop
web/data/public_preview_map_data.json,records[405].venue_aliases[0],source_alias,IEEE International Workshop on Information Forensics and Security (WIFS)
web/data/public_preview_map_data.json,records[405].venue_aliases[1],source_alias,IEEE International Workshop on Information Forensics and Security
web/data/public_preview_map_data.json,records[405].venue_aliases[3],source_alias,2020 IEEE International Workshop on Information Forensics and Security (WIFS)
web/data/public_preview_map_data.json,records[405].venue_aliases[4],source_alias,2024 IEEE International Workshop on Information Forensics and Security (WIFS)
web/data/public_preview_map_data.json,records[405].venue_aliases[5],source_alias,2019 IEEE International Workshop on Information Forensics and Security (WIFS)
web/data/public_preview_map_data.json,records[408].venue_aliases[2],source_alias,European Conference on Computer Vision (ECCV) Workshops
web/data/public_preview_map_data.json,records[408].venue_aliases[3],source_alias,Computer Vision – ECCV 2024 Workshops
web/data/public_preview_map_data.json,records[409].venue_aliases[2],source_alias,European Conference on Computer Vision (ECCV) Workshops
web/data/public_preview_map_data.json,records[409].venue_aliases[3],source_alias,Computer Vision – ECCV 2024 Workshops
web/data/public_preview_map_data.json,records[418].venue_track,paper_track,Workshop
web/data/public_preview_map_data.json,records[418].raw_venue,provenance,2020 IEEE Security and Privacy Workshops (SPW)
web/data/public_preview_map_data.json,records[418].venue_aliases[2],source_alias,2020 IEEE Security and Privacy Workshops (SPW)
web/data/public_preview_map_data.json,records[418].venue_aliases[3],source_alias,SPW
web/data/public_preview_map_data.json,records[418].venue_aliases[6],source_alias,IEEE Security and Privacy Workshops
web/data/public_preview_map_data.json,records[422].venue,canonical_venue,IEEE International Workshop on Information Forensics and Security
web/data/public_preview_map_data.json,records[422].venue_name,canonical_venue,IEEE International Workshop on Information Forensics and Security
web/data/public_preview_map_data.json,records[422].venue_track,paper_track,Workshop
web/data/public_preview_map_data.json,records[422].raw_venue,provenance,IEEE International Workshop on Information Forensics and Security (WIFS)
web/data/public_preview_map_data.json,records[422].venue_aliases[0],source_alias,IEEE International Workshop on Information Forensics and Security (WIFS)
web/data/public_preview_map_data.json,records[422].venue_aliases[1],source_alias,IEEE International Workshop on Information Forensics and Security
web/data/public_preview_map_data.json,records[422].venue_aliases[3],source_alias,2020 IEEE International Workshop on Information Forensics and Security (WIFS)
web/data/public_preview_map_data.json,records[422].venue_aliases[4],source_alias,2024 IEEE International Workshop on Information Forensics and Security (WIFS)
web/data/public_preview_map_data.json,records[422].venue_aliases[5],source_alias,2019 IEEE International Workshop on Information Forensics and Security (WIFS)
web/data/public_preview_map_data.json,records[423].venue,canonical_venue,IEEE International Workshop on Information Forensics and Security
web/data/public_preview_map_data.json,records[423].venue_name,canonical_venue,IEEE International Workshop on Information Forensics and Security
web/data/public_preview_map_data.json,records[423].venue_track,paper_track,Workshop
web/data/public_preview_map_data.json,records[423].raw_venue,provenance,IEEE International Workshop on Information Forensics and Security (WIFS)
web/data/public_preview_map_data.json,records[423].venue_aliases[0],source_alias,IEEE International Workshop on Information Forensics and Security (WIFS)
web/data/public_preview_map_data.json,records[423].venue_aliases[1],source_alias,IEEE International Workshop on Information Forensics and Security
web/data/public_preview_map_data.json,records[423].venue_aliases[3],source_alias,2020 IEEE International Workshop on Information Forensics and Security (WIFS)
web/data/public_preview_map_data.json,records[423].venue_aliases[4],source_alias,2024 IEEE International Workshop on Information Forensics and Security (WIFS)
web/data/public_preview_map_data.json,records[423].venue_aliases[5],source_alias,2019 IEEE International Workshop on Information Forensics and Security (WIFS)
web/data/public_preview_map_data.json,records[424].venue_aliases[2],source_alias,IEEE/CVF International Conference on Computer Vision Workshops (ICCVW)
web/data/public_preview_map_data.json,records[424].venue_aliases[3],source_alias,ICCVW
web/data/public_preview_map_data.json,records[424].venue_aliases[4],source_alias,ICCV Workshops
web/data/public_preview_map_data.json,records[425].venue_aliases[2],source_alias,IEEE/CVF International Conference on Computer Vision Workshops (ICCVW)
web/data/public_preview_map_data.json,records[425].venue_aliases[3],source_alias,ICCVW
web/data/public_preview_map_data.json,records[425].venue_aliases[4],source_alias,ICCV Workshops
web/data/public_preview_map_data.json,records[426].venue_aliases[2],source_alias,IEEE/CVF International Conference on Computer Vision Workshops (ICCVW)
web/data/public_preview_map_data.json,records[426].venue_aliases[3],source_alias,ICCVW
web/data/public_preview_map_data.json,records[426].venue_aliases[4],source_alias,ICCV Workshops
web/data/public_preview_map_data.json,records[427].venue_aliases[2],source_alias,IEEE/CVF International Conference on Computer Vision Workshops (ICCVW)
web/data/public_preview_map_data.json,records[427].venue_aliases[3],source_alias,ICCVW
web/data/public_preview_map_data.json,records[427].venue_aliases[4],source_alias,ICCV Workshops
web/data/public_preview_map_data.json,records[428].venue_aliases[2],source_alias,IEEE/CVF International Conference on Computer Vision Workshops (ICCVW)
web/data/public_preview_map_data.json,records[428].venue_aliases[3],source_alias,ICCVW
web/data/public_preview_map_data.json,records[428].venue_aliases[4],source_alias,ICCV Workshops
web/data/public_preview_map_data.json,records[457].venue_aliases[2],source_alias,IEEE/CVF Conference on Computer Vision and Pattern Recognition (CVPR) Workshops
web/data/public_preview_map_data.json,records[457].venue_aliases[3],source_alias,IEEE/CVF Conference on Computer Vision and Pattern Recognition Workshops
web/data/public_preview_map_data.json,records[457].venue_aliases[4],source_alias,IEEE/CVF Conference on Computer Vision and Pattern Recognition Workshops (CVPRW)
web/data/public_preview_map_data.json,records[457].venue_aliases[6],source_alias,CVPRW
web/data/public_preview_map_data.json,records[457].venue_aliases[9],source_alias,2024 IEEE/CVF Conference on Computer Vision and Pattern Recognition Workshops (CVPRW)
web/data/public_preview_map_data.json,records[458].venue_aliases[2],source_alias,IEEE/CVF Conference on Computer Vision and Pattern Recognition (CVPR) Workshops
web/data/public_preview_map_data.json,records[458].venue_aliases[3],source_alias,IEEE/CVF Conference on Computer Vision and Pattern Recognition Workshops
web/data/public_preview_map_data.json,records[458].venue_aliases[4],source_alias,IEEE/CVF Conference on Computer Vision and Pattern Recognition Workshops (CVPRW)
web/data/public_preview_map_data.json,records[458].venue_aliases[6],source_alias,CVPRW
web/data/public_preview_map_data.json,records[458].venue_aliases[9],source_alias,2024 IEEE/CVF Conference on Computer Vision and Pattern Recognition Workshops (CVPRW)
web/data/public_preview_map_data.json,records[514].venue_aliases[2],source_alias,IEEE/CVF International Conference on Computer Vision Workshops (ICCVW)
web/data/public_preview_map_data.json,records[514].venue_aliases[3],source_alias,ICCVW
web/data/public_preview_map_data.json,records[514].venue_aliases[4],source_alias,ICCV Workshops
web/data/public_preview_map_data.json,records[515].venue_aliases[2],source_alias,IEEE/CVF International Conference on Computer Vision Workshops (ICCVW)
web/data/public_preview_map_data.json,records[515].venue_aliases[3],source_alias,ICCVW
web/data/public_preview_map_data.json,records[515].venue_aliases[4],source_alias,ICCV Workshops
web/data/public_preview_map_data.json,records[516].venue_aliases[2],source_alias,IEEE/CVF International Conference on Computer Vision Workshops (ICCVW)
web/data/public_preview_map_data.json,records[516].venue_aliases[3],source_alias,ICCVW
web/data/public_preview_map_data.json,records[516].venue_aliases[4],source_alias,ICCV Workshops
web/data/public_preview_map_data.json,records[521].venue_aliases[2],source_alias,European Conference on Computer Vision (ECCV) Workshops
web/data/public_preview_map_data.json,records[521].venue_aliases[3],source_alias,Computer Vision – ECCV 2024 Workshops
web/data/public_preview_map_data.json,records[522].venue_aliases[2],source_alias,European Conference on Computer Vision (ECCV) Workshops
web/data/public_preview_map_data.json,records[522].venue_aliases[3],source_alias,Computer Vision – ECCV 2024 Workshops
web/data/public_preview_map_data.json,records[523].venue_aliases[2],source_alias,European Conference on Computer Vision (ECCV) Workshops
web/data/public_preview_map_data.json,records[523].venue_aliases[3],source_alias,Computer Vision – ECCV 2024 Workshops
web/data/public_preview_map_data.json,records[525].venue_aliases[2],source_alias,European Conference on Computer Vision (ECCV) Workshops
web/data/public_preview_map_data.json,records[525].venue_aliases[3],source_alias,Computer Vision – ECCV 2024 Workshops
web/data/public_preview_map_data.json,records[526].venue_aliases[2],source_alias,European Conference on Computer Vision (ECCV) Workshops
web/data/public_preview_map_data.json,records[526].venue_aliases[3],source_alias,Computer Vision – ECCV 2024 Workshops
web/data/public_preview_map_data.json,records[527].venue_aliases[2],source_alias,European Conference on Computer Vision (ECCV) Workshops
web/data/public_preview_map_data.json,records[527].venue_aliases[3],source_alias,Computer Vision – ECCV 2024 Workshops
web/data/public_preview_map_data.json,records[528].venue_aliases[2],source_alias,European Conference on Computer Vision (ECCV) Workshops
web/data/public_preview_map_data.json,records[528].venue_aliases[3],source_alias,Computer Vision – ECCV 2024 Workshops
web/data/public_preview_map_data.json,records[529].venue_aliases[2],source_alias,European Conference on Computer Vision (ECCV) Workshops
web/data/public_preview_map_data.json,records[529].venue_aliases[3],source_alias,Computer Vision – ECCV 2024 Workshops
web/data/public_preview_map_data.json,records[530].venue_aliases[2],source_alias,European Conference on Computer Vision (ECCV) Workshops
web/data/public_preview_map_data.json,records[530].venue_aliases[3],source_alias,Computer Vision – ECCV 2024 Workshops
web/data/public_preview_map_data.json,records[536].venue_track,paper_track,Workshop
web/data/public_preview_map_data.json,records[537].venue_track,paper_track,Workshop
web/data/public_preview_map_data.json,records[539].venue_aliases[2],source_alias,IEEE/CVF Conference on Computer Vision and Pattern Recognition (CVPR) Workshops
web/data/public_preview_map_data.json,records[539].venue_aliases[3],source_alias,IEEE/CVF Conference on Computer Vision and Pattern Recognition Workshops
web/data/public_preview_map_data.json,records[539].venue_aliases[4],source_alias,IEEE/CVF Conference on Computer Vision and Pattern Recognition Workshops (CVPRW)
web/data/public_preview_map_data.json,records[539].venue_aliases[6],source_alias,CVPRW
web/data/public_preview_map_data.json,records[539].venue_aliases[9],source_alias,2024 IEEE/CVF Conference on Computer Vision and Pattern Recognition Workshops (CVPRW)
web/data/public_preview_map_data.json,records[540].venue,canonical_venue,IEEE International Workshop on Information Forensics and Security
web/data/public_preview_map_data.json,records[540].venue_name,canonical_venue,IEEE International Workshop on Information Forensics and Security
web/data/public_preview_map_data.json,records[540].raw_venue,provenance,2024 IEEE International Workshop on Information Forensics and Security (WIFS)
web/data/public_preview_map_data.json,records[540].venue_aliases[0],source_alias,IEEE International Workshop on Information Forensics and Security (WIFS)
web/data/public_preview_map_data.json,records[540].venue_aliases[1],source_alias,IEEE International Workshop on Information Forensics and Security
web/data/public_preview_map_data.json,records[540].venue_aliases[3],source_alias,2020 IEEE International Workshop on Information Forensics and Security (WIFS)
web/data/public_preview_map_data.json,records[540].venue_aliases[4],source_alias,2024 IEEE International Workshop on Information Forensics and Security (WIFS)
web/data/public_preview_map_data.json,records[540].venue_aliases[5],source_alias,2019 IEEE International Workshop on Information Forensics and Security (WIFS)
web/data/public_preview_map_data.json,records[541].venue_track,paper_track,Workshop
web/data/public_preview_map_data.json,records[541].raw_venue,provenance,2024 IEEE/CVF Conference on Computer Vision and Pattern Recognition Workshops (CVPRW)
web/data/public_preview_map_data.json,records[541].venue_aliases[2],source_alias,IEEE/CVF Conference on Computer Vision and Pattern Recognition (CVPR) Workshops
web/data/public_preview_map_data.json,records[541].venue_aliases[3],source_alias,IEEE/CVF Conference on Computer Vision and Pattern Recognition Workshops
web/data/public_preview_map_data.json,records[541].venue_aliases[4],source_alias,IEEE/CVF Conference on Computer Vision and Pattern Recognition Workshops (CVPRW)
web/data/public_preview_map_data.json,records[541].venue_aliases[6],source_alias,CVPRW
web/data/public_preview_map_data.json,records[541].venue_aliases[9],source_alias,2024 IEEE/CVF Conference on Computer Vision and Pattern Recognition Workshops (CVPRW)
web/data/public_preview_map_data.json,records[542].venue_aliases[2],source_alias,European Conference on Computer Vision (ECCV) Workshops
web/data/public_preview_map_data.json,records[542].venue_aliases[3],source_alias,Computer Vision – ECCV 2024 Workshops
web/data/public_preview_map_data.json,records[543].venue_aliases[2],source_alias,IEEE/CVF Conference on Computer Vision and Pattern Recognition (CVPR) Workshops
web/data/public_preview_map_data.json,records[543].venue_aliases[3],source_alias,IEEE/CVF Conference on Computer Vision and Pattern Recognition Workshops
web/data/public_preview_map_data.json,records[543].venue_aliases[4],source_alias,IEEE/CVF Conference on Computer Vision and Pattern Recognition Workshops (CVPRW)
web/data/public_preview_map_data.json,records[543].venue_aliases[6],source_alias,CVPRW
web/data/public_preview_map_data.json,records[543].venue_aliases[9],source_alias,2024 IEEE/CVF Conference on Computer Vision and Pattern Recognition Workshops (CVPRW)
web/data/public_preview_map_data.json,records[547].venue_aliases[2],source_alias,European Conference on Computer Vision (ECCV) Workshops
web/data/public_preview_map_data.json,records[547].venue_aliases[3],source_alias,Computer Vision – ECCV 2024 Workshops
web/data/public_preview_map_data.json,records[591].venue_aliases[3],source_alias,"Proceedings of the 1st on Deepfake Forensics Workshop: Detection, Attribution, Recognition, and Adversarial Challenges in the Era of AI-Generated Media"
web/data/public_preview_map_data.json,records[592].venue_aliases[3],source_alias,"Proceedings of the 1st on Deepfake Forensics Workshop: Detection, Attribution, Recognition, and Adversarial Challenges in the Era of AI-Generated Media"
web/data/public_preview_map_data.json,records[611].venue_aliases[2],source_alias,IEEE/CVF Winter Conference on Applications of Computer Vision (WACV) Workshops
web/data/public_preview_map_data.json,records[611].venue_aliases[3],source_alias,IEEE/CVF Winter Conference on Applications of Computer Vision (WACV) Workshop
web/data/public_preview_map_data.json,records[611].venue_aliases[4],source_alias,IEEE/CVF Winter Conference on Applications of Computer Vision Workshops (WACVW)
web/data/public_preview_map_data.json,records[611].venue_aliases[5],source_alias,IEEE/CVF Winter Conference on Applications of Computer Vision Workshop (WACVW)
web/data/public_preview_map_data.json,records[611].venue_aliases[6],source_alias,IEEE/CVF Winter Conference on Applications of Computer Vision (WACVW) Workshops
web/data/public_preview_map_data.json,records[611].venue_aliases[7],source_alias,IEEE/CVF Winter Conference on Applications of Computer Vision (WACVW) Workshop
web/data/public_preview_map_data.json,records[611].venue_aliases[8],source_alias,WACVW
web/data/public_preview_map_data.json,records[612].venue_aliases[2],source_alias,IEEE/CVF Winter Conference on Applications of Computer Vision (WACV) Workshops
web/data/public_preview_map_data.json,records[612].venue_aliases[3],source_alias,IEEE/CVF Winter Conference on Applications of Computer Vision (WACV) Workshop
web/data/public_preview_map_data.json,records[612].venue_aliases[4],source_alias,IEEE/CVF Winter Conference on Applications of Computer Vision Workshops (WACVW)
web/data/public_preview_map_data.json,records[612].venue_aliases[5],source_alias,IEEE/CVF Winter Conference on Applications of Computer Vision Workshop (WACVW)
web/data/public_preview_map_data.json,records[612].venue_aliases[6],source_alias,IEEE/CVF Winter Conference on Applications of Computer Vision (WACVW) Workshops
web/data/public_preview_map_data.json,records[612].venue_aliases[7],source_alias,IEEE/CVF Winter Conference on Applications of Computer Vision (WACVW) Workshop
web/data/public_preview_map_data.json,records[612].venue_aliases[8],source_alias,WACVW
web/data/public_preview_map_data.json,records[619].venue_aliases[2],source_alias,IEEE/CVF Conference on Computer Vision and Pattern Recognition (CVPR) Workshops
web/data/public_preview_map_data.json,records[619].venue_aliases[3],source_alias,IEEE/CVF Conference on Computer Vision and Pattern Recognition Workshops
web/data/public_preview_map_data.json,records[619].venue_aliases[4],source_alias,IEEE/CVF Conference on Computer Vision and Pattern Recognition Workshops (CVPRW)
web/data/public_preview_map_data.json,records[619].venue_aliases[6],source_alias,CVPRW
web/data/public_preview_map_data.json,records[619].venue_aliases[9],source_alias,2024 IEEE/CVF Conference on Computer Vision and Pattern Recognition Workshops (CVPRW)
web/data/public_preview_map_data.json,records[622].venue_track,paper_track,Workshop
web/data/public_preview_map_data.json,records[622].venue_aliases[3],source_alias,"Proceedings of the 1st on Deepfake Forensics Workshop: Detection, Attribution, Recognition, and Adversarial Challenges in the Era of AI-Generated Media"
web/data/public_preview_map_data.json,records[623].venue_track,paper_track,Workshop
web/data/public_preview_map_data.json,records[623].venue_aliases[3],source_alias,"Proceedings of the 1st on Deepfake Forensics Workshop: Detection, Attribution, Recognition, and Adversarial Challenges in the Era of AI-Generated Media"
web/data/public_preview_map_data.json,records[624].venue_aliases[2],source_alias,IEEE/CVF Conference on Computer Vision and Pattern Recognition (CVPR) Workshops
web/data/public_preview_map_data.json,records[624].venue_aliases[3],source_alias,IEEE/CVF Conference on Computer Vision and Pattern Recognition Workshops
web/data/public_preview_map_data.json,records[624].venue_aliases[4],source_alias,IEEE/CVF Conference on Computer Vision and Pattern Recognition Workshops (CVPRW)
web/data/public_preview_map_data.json,records[624].venue_aliases[6],source_alias,CVPRW
web/data/public_preview_map_data.json,records[624].venue_aliases[9],source_alias,2024 IEEE/CVF Conference on Computer Vision and Pattern Recognition Workshops (CVPRW)
web/data/public_preview_map_data.json,records[625].venue_aliases[2],source_alias,IEEE/CVF Conference on Computer Vision and Pattern Recognition (CVPR) Workshops
web/data/public_preview_map_data.json,records[625].venue_aliases[3],source_alias,IEEE/CVF Conference on Computer Vision and Pattern Recognition Workshops
web/data/public_preview_map_data.json,records[625].venue_aliases[4],source_alias,IEEE/CVF Conference on Computer Vision and Pattern Recognition Workshops (CVPRW)
web/data/public_preview_map_data.json,records[625].venue_aliases[6],source_alias,CVPRW
web/data/public_preview_map_data.json,records[625].venue_aliases[9],source_alias,2024 IEEE/CVF Conference on Computer Vision and Pattern Recognition Workshops (CVPRW)
web/data/public_preview_map_data.json,records[628].venue_aliases[3],source_alias,"Proceedings of the 1st on Deepfake Forensics Workshop: Detection, Attribution, Recognition, and Adversarial Challenges in the Era of AI-Generated Media"
web/data/public_preview_map_data.json,records[629].venue_aliases[3],source_alias,"Proceedings of the 1st on Deepfake Forensics Workshop: Detection, Attribution, Recognition, and Adversarial Challenges in the Era of AI-Generated Media"
web/data/public_preview_map_data.json,records[630].venue,canonical_venue,IEEE International Workshop on Information Forensics and Security
web/data/public_preview_map_data.json,records[630].venue_name,canonical_venue,IEEE International Workshop on Information Forensics and Security
web/data/public_preview_map_data.json,records[630].venue_track,paper_track,Workshop
web/data/public_preview_map_data.json,records[630].raw_venue,provenance,2024 IEEE International Workshop on Information Forensics and Security (WIFS)
web/data/public_preview_map_data.json,records[630].venue_aliases[0],source_alias,IEEE International Workshop on Information Forensics and Security (WIFS)
web/data/public_preview_map_data.json,records[630].venue_aliases[1],source_alias,IEEE International Workshop on Information Forensics and Security
web/data/public_preview_map_data.json,records[630].venue_aliases[3],source_alias,2020 IEEE International Workshop on Information Forensics and Security (WIFS)
web/data/public_preview_map_data.json,records[630].venue_aliases[4],source_alias,2024 IEEE International Workshop on Information Forensics and Security (WIFS)
web/data/public_preview_map_data.json,records[630].venue_aliases[5],source_alias,2019 IEEE International Workshop on Information Forensics and Security (WIFS)
web/data/public_preview_map_data.json,records[631].venue_track,paper_track,Workshop
web/data/public_preview_map_data.json,records[631].raw_venue,provenance,Image Analysis and Processing - ICIAP 2025 Workshops: 23rd International Conference
web/data/public_preview_map_data.json,records[631].venue_aliases[1],source_alias,Image Analysis and Processing - ICIAP 2025 Workshops: 23rd International Conference
web/data/public_preview_map_data.json,records[637].venue_aliases[2],source_alias,IEEE/CVF International Conference on Computer Vision Workshops (ICCVW)
web/data/public_preview_map_data.json,records[637].venue_aliases[3],source_alias,ICCVW
web/data/public_preview_map_data.json,records[637].venue_aliases[4],source_alias,ICCV Workshops
web/data/public_preview_map_data.json,records[641].venue,canonical_venue,ACM Workshop on Information Hiding and Multimedia Security
web/data/public_preview_map_data.json,records[641].venue_name,canonical_venue,ACM Workshop on Information Hiding and Multimedia Security
web/data/public_preview_map_data.json,records[641].venue_track,paper_track,Workshop
web/data/public_preview_map_data.json,records[641].raw_venue,provenance,2026 ACM Workshop on Information Hiding and Multimedia Security (IH&MMSec)
web/data/public_preview_map_data.json,records[641].venue_aliases[0],source_alias,ACM Workshop on Information Hiding and Multimedia Security (IH&MMSec)
web/data/public_preview_map_data.json,records[641].venue_aliases[1],source_alias,ACM Workshop on Information Hiding and Multimedia Security
web/data/public_preview_map_data.json,records[650].venue_track,paper_track,Workshop
web/data/public_preview_map_data.json,records[650].raw_venue,provenance,2024 IEEE/CVF Conference on Computer Vision and Pattern Recognition (CVPR) Workshops
web/data/public_preview_map_data.json,records[650].venue_aliases[2],source_alias,IEEE/CVF Conference on Computer Vision and Pattern Recognition (CVPR) Workshops
web/data/public_preview_map_data.json,records[650].venue_aliases[3],source_alias,IEEE/CVF Conference on Computer Vision and Pattern Recognition Workshops
web/data/public_preview_map_data.json,records[650].venue_aliases[4],source_alias,IEEE/CVF Conference on Computer Vision and Pattern Recognition Workshops (CVPRW)
web/data/public_preview_map_data.json,records[650].venue_aliases[6],source_alias,CVPRW
web/data/public_preview_map_data.json,records[650].venue_aliases[9],source_alias,2024 IEEE/CVF Conference on Computer Vision and Pattern Recognition Workshops (CVPRW)
web/data/public_preview_map_data.json,records[675].venue_aliases[2],source_alias,IEEE/CVF Conference on Computer Vision and Pattern Recognition (CVPR) Workshops
web/data/public_preview_map_data.json,records[675].venue_aliases[3],source_alias,IEEE/CVF Conference on Computer Vision and Pattern Recognition Workshops
web/data/public_preview_map_data.json,records[675].venue_aliases[4],source_alias,IEEE/CVF Conference on Computer Vision and Pattern Recognition Workshops (CVPRW)
web/data/public_preview_map_data.json,records[675].venue_aliases[6],source_alias,CVPRW
web/data/public_preview_map_data.json,records[675].venue_aliases[9],source_alias,2024 IEEE/CVF Conference on Computer Vision and Pattern Recognition Workshops (CVPRW)
web/data/public_preview_map_data.json,records[676].venue_aliases[2],source_alias,IEEE/CVF Conference on Computer Vision and Pattern Recognition (CVPR) Workshops
web/data/public_preview_map_data.json,records[676].venue_aliases[3],source_alias,IEEE/CVF Conference on Computer Vision and Pattern Recognition Workshops
web/data/public_preview_map_data.json,records[676].venue_aliases[4],source_alias,IEEE/CVF Conference on Computer Vision and Pattern Recognition Workshops (CVPRW)
web/data/public_preview_map_data.json,records[676].venue_aliases[6],source_alias,CVPRW
web/data/public_preview_map_data.json,records[676].venue_aliases[9],source_alias,2024 IEEE/CVF Conference on Computer Vision and Pattern Recognition Workshops (CVPRW)
web/data/public_preview_map_data.json,records[690].venue_track,paper_track,Workshop
web/data/public_preview_map_data.json,records[690].raw_venue,provenance,2026 IEEE/CVF Conference on Computer Vision and Pattern Recognition (CVPR) Workshops
web/data/public_preview_map_data.json,records[690].venue_aliases[2],source_alias,IEEE/CVF Conference on Computer Vision and Pattern Recognition (CVPR) Workshops
web/data/public_preview_map_data.json,records[690].venue_aliases[3],source_alias,IEEE/CVF Conference on Computer Vision and Pattern Recognition Workshops
web/data/public_preview_map_data.json,records[690].venue_aliases[4],source_alias,IEEE/CVF Conference on Computer Vision and Pattern Recognition Workshops (CVPRW)
web/data/public_preview_map_data.json,records[690].venue_aliases[6],source_alias,CVPRW
web/data/public_preview_map_data.json,records[690].venue_aliases[9],source_alias,2024 IEEE/CVF Conference on Computer Vision and Pattern Recognition Workshops (CVPRW)
web/data/public_preview_map_data.json,records[691].venue_track,paper_track,Workshop
web/data/public_preview_map_data.json,records[691].raw_venue,provenance,2026 IEEE/CVF Conference on Computer Vision and Pattern Recognition (CVPR) Workshops
web/data/public_preview_map_data.json,records[691].venue_aliases[2],source_alias,IEEE/CVF Conference on Computer Vision and Pattern Recognition (CVPR) Workshops
web/data/public_preview_map_data.json,records[691].venue_aliases[3],source_alias,IEEE/CVF Conference on Computer Vision and Pattern Recognition Workshops
web/data/public_preview_map_data.json,records[691].venue_aliases[4],source_alias,IEEE/CVF Conference on Computer Vision and Pattern Recognition Workshops (CVPRW)
web/data/public_preview_map_data.json,records[691].venue_aliases[6],source_alias,CVPRW
web/data/public_preview_map_data.json,records[691].venue_aliases[9],source_alias,2024 IEEE/CVF Conference on Computer Vision and Pattern Recognition Workshops (CVPRW)
web/data/public_preview_map_data.json,records[729].venue_aliases[3],source_alias,"Proceedings of the 1st on Deepfake Forensics Workshop: Detection, Attribution, Recognition, and Adversarial Challenges in the Era of AI-Generated Media"
web/data/public_preview_map_data.json,records[730].venue_aliases[3],source_alias,"Proceedings of the 1st on Deepfake Forensics Workshop: Detection, Attribution, Recognition, and Adversarial Challenges in the Era of AI-Generated Media"
web/data/public_preview_map_data.json,records[731].venue_aliases[3],source_alias,"Proceedings of the 1st on Deepfake Forensics Workshop: Detection, Attribution, Recognition, and Adversarial Challenges in the Era of AI-Generated Media"
web/data/public_preview_map_data.json,records[732].venue_track,paper_track,Workshop
web/data/public_preview_map_data.json,records[732].raw_venue,provenance,2026 IEEE/CVF Conference on Computer Vision and Pattern Recognition (CVPR) Workshops
web/data/public_preview_map_data.json,records[732].venue_aliases[2],source_alias,IEEE/CVF Conference on Computer Vision and Pattern Recognition (CVPR) Workshops
web/data/public_preview_map_data.json,records[732].venue_aliases[3],source_alias,IEEE/CVF Conference on Computer Vision and Pattern Recognition Workshops
web/data/public_preview_map_data.json,records[732].venue_aliases[4],source_alias,IEEE/CVF Conference on Computer Vision and Pattern Recognition Workshops (CVPRW)
web/data/public_preview_map_data.json,records[732].venue_aliases[6],source_alias,CVPRW
web/data/public_preview_map_data.json,records[732].venue_aliases[9],source_alias,2024 IEEE/CVF Conference on Computer Vision and Pattern Recognition Workshops (CVPRW)
web/data/public_preview_map_data.json,records[737].venue_aliases[2],source_alias,IEEE/CVF Conference on Computer Vision and Pattern Recognition (CVPR) Workshops
web/data/public_preview_map_data.json,records[737].venue_aliases[3],source_alias,IEEE/CVF Conference on Computer Vision and Pattern Recognition Workshops
web/data/public_preview_map_data.json,records[737].venue_aliases[4],source_alias,IEEE/CVF Conference on Computer Vision and Pattern Recognition Workshops (CVPRW)
web/data/public_preview_map_data.json,records[737].venue_aliases[6],source_alias,CVPRW
web/data/public_preview_map_data.json,records[737].venue_aliases[9],source_alias,2024 IEEE/CVF Conference on Computer Vision and Pattern Recognition Workshops (CVPRW)
web/data/public_preview_map_data.json,records[738].venue_aliases[2],source_alias,IEEE/CVF Conference on Computer Vision and Pattern Recognition (CVPR) Workshops
web/data/public_preview_map_data.json,records[738].venue_aliases[3],source_alias,IEEE/CVF Conference on Computer Vision and Pattern Recognition Workshops
web/data/public_preview_map_data.json,records[738].venue_aliases[4],source_alias,IEEE/CVF Conference on Computer Vision and Pattern Recognition Workshops (CVPRW)
web/data/public_preview_map_data.json,records[738].venue_aliases[6],source_alias,CVPRW
web/data/public_preview_map_data.json,records[738].venue_aliases[9],source_alias,2024 IEEE/CVF Conference on Computer Vision and Pattern Recognition Workshops (CVPRW)
web/data/public_preview_map_data.json,records[739].venue_aliases[2],source_alias,IEEE/CVF Conference on Computer Vision and Pattern Recognition (CVPR) Workshops
web/data/public_preview_map_data.json,records[739].venue_aliases[3],source_alias,IEEE/CVF Conference on Computer Vision and Pattern Recognition Workshops
web/data/public_preview_map_data.json,records[739].venue_aliases[4],source_alias,IEEE/CVF Conference on Computer Vision and Pattern Recognition Workshops (CVPRW)
web/data/public_preview_map_data.json,records[739].venue_aliases[6],source_alias,CVPRW
web/data/public_preview_map_data.json,records[739].venue_aliases[9],source_alias,2024 IEEE/CVF Conference on Computer Vision and Pattern Recognition Workshops (CVPRW)
web/data/public_preview_map_data.json,records[749].venue_aliases[2],source_alias,IEEE/CVF International Conference on Computer Vision Workshops (ICCVW)
web/data/public_preview_map_data.json,records[749].venue_aliases[3],source_alias,ICCVW
web/data/public_preview_map_data.json,records[749].venue_aliases[4],source_alias,ICCV Workshops
web/data/public_preview_map_data.json,records[755].venue_aliases[2],source_alias,IEEE/CVF International Conference on Computer Vision Workshops (ICCVW)
web/data/public_preview_map_data.json,records[755].venue_aliases[3],source_alias,ICCVW
web/data/public_preview_map_data.json,records[755].venue_aliases[4],source_alias,ICCV Workshops
web/data/public_preview_map_data.json,records[756].venue_aliases[2],source_alias,IEEE/CVF International Conference on Computer Vision Workshops (ICCVW)
web/data/public_preview_map_data.json,records[756].venue_aliases[3],source_alias,ICCVW
web/data/public_preview_map_data.json,records[756].venue_aliases[4],source_alias,ICCV Workshops
web/data/public_preview_map_data.json,records[758].venue_track,paper_track,Workshop
web/data/public_preview_map_data.json,records[758].raw_venue,provenance,2026 IEEE/CVF Winter Conference on Applications of Computer Vision (WACV) Workshop
web/data/public_preview_map_data.json,records[758].venue_aliases[2],source_alias,IEEE/CVF Winter Conference on Applications of Computer Vision (WACV) Workshops
web/data/public_preview_map_data.json,records[758].venue_aliases[3],source_alias,IEEE/CVF Winter Conference on Applications of Computer Vision (WACV) Workshop
web/data/public_preview_map_data.json,records[758].venue_aliases[4],source_alias,IEEE/CVF Winter Conference on Applications of Computer Vision Workshops (WACVW)
web/data/public_preview_map_data.json,records[758].venue_aliases[5],source_alias,IEEE/CVF Winter Conference on Applications of Computer Vision Workshop (WACVW)
web/data/public_preview_map_data.json,records[758].venue_aliases[6],source_alias,IEEE/CVF Winter Conference on Applications of Computer Vision (WACVW) Workshops
web/data/public_preview_map_data.json,records[758].venue_aliases[7],source_alias,IEEE/CVF Winter Conference on Applications of Computer Vision (WACVW) Workshop
web/data/public_preview_map_data.json,records[758].venue_aliases[8],source_alias,WACVW
web/data/public_preview_map_data.json,records[761].venue_aliases[2],source_alias,IEEE/CVF Conference on Computer Vision and Pattern Recognition (CVPR) Workshops
web/data/public_preview_map_data.json,records[761].venue_aliases[3],source_alias,IEEE/CVF Conference on Computer Vision and Pattern Recognition Workshops
web/data/public_preview_map_data.json,records[761].venue_aliases[4],source_alias,IEEE/CVF Conference on Computer Vision and Pattern Recognition Workshops (CVPRW)
web/data/public_preview_map_data.json,records[761].venue_aliases[6],source_alias,CVPRW
web/data/public_preview_map_data.json,records[761].venue_aliases[9],source_alias,2024 IEEE/CVF Conference on Computer Vision and Pattern Recognition Workshops (CVPRW)
web/data/public_preview_map_data.json,records[762].venue_aliases[2],source_alias,IEEE/CVF Conference on Computer Vision and Pattern Recognition (CVPR) Workshops
web/data/public_preview_map_data.json,records[762].venue_aliases[3],source_alias,IEEE/CVF Conference on Computer Vision and Pattern Recognition Workshops
web/data/public_preview_map_data.json,records[762].venue_aliases[4],source_alias,IEEE/CVF Conference on Computer Vision and Pattern Recognition Workshops (CVPRW)
web/data/public_preview_map_data.json,records[762].venue_aliases[6],source_alias,CVPRW
web/data/public_preview_map_data.json,records[762].venue_aliases[9],source_alias,2024 IEEE/CVF Conference on Computer Vision and Pattern Recognition Workshops (CVPRW)
web/data/public_preview_map_data.json,records[763].venue_aliases[2],source_alias,IEEE/CVF Conference on Computer Vision and Pattern Recognition (CVPR) Workshops
web/data/public_preview_map_data.json,records[763].venue_aliases[3],source_alias,IEEE/CVF Conference on Computer Vision and Pattern Recognition Workshops
web/data/public_preview_map_data.json,records[763].venue_aliases[4],source_alias,IEEE/CVF Conference on Computer Vision and Pattern Recognition Workshops (CVPRW)
web/data/public_preview_map_data.json,records[763].venue_aliases[6],source_alias,CVPRW
web/data/public_preview_map_data.json,records[763].venue_aliases[9],source_alias,2024 IEEE/CVF Conference on Computer Vision and Pattern Recognition Workshops (CVPRW)
web/data/public_preview_map_data.json,records[802].venue_aliases[2],source_alias,IEEE/CVF Conference on Computer Vision and Pattern Recognition (CVPR) Workshops
web/data/public_preview_map_data.json,records[802].venue_aliases[3],source_alias,IEEE/CVF Conference on Computer Vision and Pattern Recognition Workshops
web/data/public_preview_map_data.json,records[802].venue_aliases[4],source_alias,IEEE/CVF Conference on Computer Vision and Pattern Recognition Workshops (CVPRW)
web/data/public_preview_map_data.json,records[802].venue_aliases[6],source_alias,CVPRW
web/data/public_preview_map_data.json,records[802].venue_aliases[9],source_alias,2024 IEEE/CVF Conference on Computer Vision and Pattern Recognition Workshops (CVPRW)
web/data/public_preview_map_data.json,records[803].venue_aliases[2],source_alias,IEEE/CVF Conference on Computer Vision and Pattern Recognition (CVPR) Workshops
web/data/public_preview_map_data.json,records[803].venue_aliases[3],source_alias,IEEE/CVF Conference on Computer Vision and Pattern Recognition Workshops
web/data/public_preview_map_data.json,records[803].venue_aliases[4],source_alias,IEEE/CVF Conference on Computer Vision and Pattern Recognition Workshops (CVPRW)
web/data/public_preview_map_data.json,records[803].venue_aliases[6],source_alias,CVPRW
web/data/public_preview_map_data.json,records[803].venue_aliases[9],source_alias,2024 IEEE/CVF Conference on Computer Vision and Pattern Recognition Workshops (CVPRW)
web/data/public_preview_map_data.json,records[804].venue_aliases[2],source_alias,IEEE/CVF Conference on Computer Vision and Pattern Recognition (CVPR) Workshops
web/data/public_preview_map_data.json,records[804].venue_aliases[3],source_alias,IEEE/CVF Conference on Computer Vision and Pattern Recognition Workshops
web/data/public_preview_map_data.json,records[804].venue_aliases[4],source_alias,IEEE/CVF Conference on Computer Vision and Pattern Recognition Workshops (CVPRW)
web/data/public_preview_map_data.json,records[804].venue_aliases[6],source_alias,CVPRW
web/data/public_preview_map_data.json,records[804].venue_aliases[9],source_alias,2024 IEEE/CVF Conference on Computer Vision and Pattern Recognition Workshops (CVPRW)
web/data/public_preview_map_data.json,records[825].venue_aliases[2],source_alias,IEEE/CVF International Conference on Computer Vision Workshops (ICCVW)
web/data/public_preview_map_data.json,records[825].venue_aliases[3],source_alias,ICCVW
web/data/public_preview_map_data.json,records[825].venue_aliases[4],source_alias,ICCV Workshops
web/data/public_preview_map_data.json,records[826].venue_aliases[2],source_alias,IEEE/CVF International Conference on Computer Vision Workshops (ICCVW)
web/data/public_preview_map_data.json,records[826].venue_aliases[3],source_alias,ICCVW
web/data/public_preview_map_data.json,records[826].venue_aliases[4],source_alias,ICCV Workshops
web/data/public_preview_map_data.json,records[827].venue_aliases[2],source_alias,IEEE/CVF International Conference on Computer Vision Workshops (ICCVW)
web/data/public_preview_map_data.json,records[827].venue_aliases[3],source_alias,ICCVW
web/data/public_preview_map_data.json,records[827].venue_aliases[4],source_alias,ICCV Workshops
web/data/public_preview_map_data.json,records[828].venue_aliases[2],source_alias,IEEE/CVF International Conference on Computer Vision Workshops (ICCVW)
web/data/public_preview_map_data.json,records[828].venue_aliases[3],source_alias,ICCVW
web/data/public_preview_map_data.json,records[828].venue_aliases[4],source_alias,ICCV Workshops
web/data/public_preview_map_data.json,records[830].venue_track,paper_track,Workshop
web/data/public_preview_map_data.json,records[830].raw_venue,provenance,2024 IEEE/CVF Conference on Computer Vision and Pattern Recognition Workshops (CVPRW)
web/data/public_preview_map_data.json,records[830].venue_aliases[2],source_alias,IEEE/CVF Conference on Computer Vision and Pattern Recognition (CVPR) Workshops
web/data/public_preview_map_data.json,records[830].venue_aliases[3],source_alias,IEEE/CVF Conference on Computer Vision and Pattern Recognition Workshops
web/data/public_preview_map_data.json,records[830].venue_aliases[4],source_alias,IEEE/CVF Conference on Computer Vision and Pattern Recognition Workshops (CVPRW)
web/data/public_preview_map_data.json,records[830].venue_aliases[6],source_alias,CVPRW
web/data/public_preview_map_data.json,records[830].venue_aliases[9],source_alias,2024 IEEE/CVF Conference on Computer Vision and Pattern Recognition Workshops (CVPRW)
web/data/public_preview_map_data.json,records[835].venue_aliases[2],source_alias,IEEE/CVF International Conference on Computer Vision Workshops (ICCVW)
web/data/public_preview_map_data.json,records[835].venue_aliases[3],source_alias,ICCVW
web/data/public_preview_map_data.json,records[835].venue_aliases[4],source_alias,ICCV Workshops
web/data/public_preview_map_data.json,records[836].venue_aliases[2],source_alias,IEEE/CVF International Conference on Computer Vision Workshops (ICCVW)
web/data/public_preview_map_data.json,records[836].venue_aliases[3],source_alias,ICCVW
web/data/public_preview_map_data.json,records[836].venue_aliases[4],source_alias,ICCV Workshops
web/data/public_preview_map_data.json,records[837].venue_aliases[2],source_alias,IEEE/CVF International Conference on Computer Vision Workshops (ICCVW)
web/data/public_preview_map_data.json,records[837].venue_aliases[3],source_alias,ICCVW
web/data/public_preview_map_data.json,records[837].venue_aliases[4],source_alias,ICCV Workshops
web/data/public_preview_map_data.json,records[838].venue_aliases[2],source_alias,IEEE/CVF International Conference on Computer Vision Workshops (ICCVW)
web/data/public_preview_map_data.json,records[838].venue_aliases[3],source_alias,ICCVW
web/data/public_preview_map_data.json,records[838].venue_aliases[4],source_alias,ICCV Workshops
web/data/public_preview_map_data.json,records[839].venue_aliases[2],source_alias,IEEE/CVF International Conference on Computer Vision Workshops (ICCVW)
web/data/public_preview_map_data.json,records[839].venue_aliases[3],source_alias,ICCVW
web/data/public_preview_map_data.json,records[839].venue_aliases[4],source_alias,ICCV Workshops
web/data/public_preview_map_data.json,records[869].venue_aliases[2],source_alias,IEEE/CVF Conference on Computer Vision and Pattern Recognition (CVPR) Workshops
web/data/public_preview_map_data.json,records[869].venue_aliases[3],source_alias,IEEE/CVF Conference on Computer Vision and Pattern Recognition Workshops
web/data/public_preview_map_data.json,records[869].venue_aliases[4],source_alias,IEEE/CVF Conference on Computer Vision and Pattern Recognition Workshops (CVPRW)
web/data/public_preview_map_data.json,records[869].venue_aliases[6],source_alias,CVPRW
web/data/public_preview_map_data.json,records[869].venue_aliases[9],source_alias,2024 IEEE/CVF Conference on Computer Vision and Pattern Recognition Workshops (CVPRW)
web/data/public_preview_map_data.json,records[870].venue_aliases[2],source_alias,IEEE/CVF Conference on Computer Vision and Pattern Recognition (CVPR) Workshops
web/data/public_preview_map_data.json,records[870].venue_aliases[3],source_alias,IEEE/CVF Conference on Computer Vision and Pattern Recognition Workshops
web/data/public_preview_map_data.json,records[870].venue_aliases[4],source_alias,IEEE/CVF Conference on Computer Vision and Pattern Recognition Workshops (CVPRW)
web/data/public_preview_map_data.json,records[870].venue_aliases[6],source_alias,CVPRW
web/data/public_preview_map_data.json,records[870].venue_aliases[9],source_alias,2024 IEEE/CVF Conference on Computer Vision and Pattern Recognition Workshops (CVPRW)
web/data/public_preview_map_data.json,records[907].venue_aliases[2],source_alias,IEEE/CVF Conference on Computer Vision and Pattern Recognition (CVPR) Workshops
web/data/public_preview_map_data.json,records[907].venue_aliases[3],source_alias,IEEE/CVF Conference on Computer Vision and Pattern Recognition Workshops
web/data/public_preview_map_data.json,records[907].venue_aliases[4],source_alias,IEEE/CVF Conference on Computer Vision and Pattern Recognition Workshops (CVPRW)
web/data/public_preview_map_data.json,records[907].venue_aliases[6],source_alias,CVPRW
web/data/public_preview_map_data.json,records[907].venue_aliases[9],source_alias,2024 IEEE/CVF Conference on Computer Vision and Pattern Recognition Workshops (CVPRW)
web/data/public_preview_map_data.json,records[908].venue_aliases[2],source_alias,IEEE/CVF Conference on Computer Vision and Pattern Recognition (CVPR) Workshops
web/data/public_preview_map_data.json,records[908].venue_aliases[3],source_alias,IEEE/CVF Conference on Computer Vision and Pattern Recognition Workshops
web/data/public_preview_map_data.json,records[908].venue_aliases[4],source_alias,IEEE/CVF Conference on Computer Vision and Pattern Recognition Workshops (CVPRW)
web/data/public_preview_map_data.json,records[908].venue_aliases[6],source_alias,CVPRW
web/data/public_preview_map_data.json,records[908].venue_aliases[9],source_alias,2024 IEEE/CVF Conference on Computer Vision and Pattern Recognition Workshops (CVPRW)
web/data/public_preview_map_data.json,records[909].venue_aliases[2],source_alias,IEEE/CVF Conference on Computer Vision and Pattern Recognition (CVPR) Workshops
web/data/public_preview_map_data.json,records[909].venue_aliases[3],source_alias,IEEE/CVF Conference on Computer Vision and Pattern Recognition Workshops
web/data/public_preview_map_data.json,records[909].venue_aliases[4],source_alias,IEEE/CVF Conference on Computer Vision and Pattern Recognition Workshops (CVPRW)
web/data/public_preview_map_data.json,records[909].venue_aliases[6],source_alias,CVPRW
web/data/public_preview_map_data.json,records[909].venue_aliases[9],source_alias,2024 IEEE/CVF Conference on Computer Vision and Pattern Recognition Workshops (CVPRW)
web/data/public_preview_map_data.json,records[910].venue_track,paper_track,Workshop
web/data/public_preview_map_data.json,records[911].venue_track,paper_track,Workshop
web/data/public_preview_map_data.json,records[912].venue_track,paper_track,Workshop
web/data/public_preview_map_data.json,records[931].venue_aliases[2],source_alias,IEEE/CVF Conference on Computer Vision and Pattern Recognition (CVPR) Workshops
web/data/public_preview_map_data.json,records[931].venue_aliases[3],source_alias,IEEE/CVF Conference on Computer Vision and Pattern Recognition Workshops
web/data/public_preview_map_data.json,records[931].venue_aliases[4],source_alias,IEEE/CVF Conference on Computer Vision and Pattern Recognition Workshops (CVPRW)
web/data/public_preview_map_data.json,records[931].venue_aliases[6],source_alias,CVPRW
web/data/public_preview_map_data.json,records[931].venue_aliases[9],source_alias,2024 IEEE/CVF Conference on Computer Vision and Pattern Recognition Workshops (CVPRW)
web/data/public_preview_map_data.json,records[932].venue_aliases[2],source_alias,IEEE/CVF Conference on Computer Vision and Pattern Recognition (CVPR) Workshops
web/data/public_preview_map_data.json,records[932].venue_aliases[3],source_alias,IEEE/CVF Conference on Computer Vision and Pattern Recognition Workshops
web/data/public_preview_map_data.json,records[932].venue_aliases[4],source_alias,IEEE/CVF Conference on Computer Vision and Pattern Recognition Workshops (CVPRW)
web/data/public_preview_map_data.json,records[932].venue_aliases[6],source_alias,CVPRW
web/data/public_preview_map_data.json,records[932].venue_aliases[9],source_alias,2024 IEEE/CVF Conference on Computer Vision and Pattern Recognition Workshops (CVPRW)
web/data/public_preview_map_data.json,records[933].venue_aliases[2],source_alias,IEEE/CVF Conference on Computer Vision and Pattern Recognition (CVPR) Workshops
web/data/public_preview_map_data.json,records[933].venue_aliases[3],source_alias,IEEE/CVF Conference on Computer Vision and Pattern Recognition Workshops
web/data/public_preview_map_data.json,records[933].venue_aliases[4],source_alias,IEEE/CVF Conference on Computer Vision and Pattern Recognition Workshops (CVPRW)
web/data/public_preview_map_data.json,records[933].venue_aliases[6],source_alias,CVPRW
web/data/public_preview_map_data.json,records[933].venue_aliases[9],source_alias,2024 IEEE/CVF Conference on Computer Vision and Pattern Recognition Workshops (CVPRW)
web/data/public_preview_map_data.json,records[934].venue_aliases[2],source_alias,IEEE/CVF Conference on Computer Vision and Pattern Recognition (CVPR) Workshops
web/data/public_preview_map_data.json,records[934].venue_aliases[3],source_alias,IEEE/CVF Conference on Computer Vision and Pattern Recognition Workshops
web/data/public_preview_map_data.json,records[934].venue_aliases[4],source_alias,IEEE/CVF Conference on Computer Vision and Pattern Recognition Workshops (CVPRW)
web/data/public_preview_map_data.json,records[934].venue_aliases[6],source_alias,CVPRW
web/data/public_preview_map_data.json,records[934].venue_aliases[9],source_alias,2024 IEEE/CVF Conference on Computer Vision and Pattern Recognition Workshops (CVPRW)
web/data/public_preview_map_data.json,records[935].venue_aliases[2],source_alias,IEEE/CVF Conference on Computer Vision and Pattern Recognition (CVPR) Workshops
web/data/public_preview_map_data.json,records[935].venue_aliases[3],source_alias,IEEE/CVF Conference on Computer Vision and Pattern Recognition Workshops
web/data/public_preview_map_data.json,records[935].venue_aliases[4],source_alias,IEEE/CVF Conference on Computer Vision and Pattern Recognition Workshops (CVPRW)
web/data/public_preview_map_data.json,records[935].venue_aliases[6],source_alias,CVPRW
web/data/public_preview_map_data.json,records[935].venue_aliases[9],source_alias,2024 IEEE/CVF Conference on Computer Vision and Pattern Recognition Workshops (CVPRW)
web/data/public_preview_map_data.json,records[936].venue_aliases[2],source_alias,IEEE/CVF Conference on Computer Vision and Pattern Recognition (CVPR) Workshops
web/data/public_preview_map_data.json,records[936].venue_aliases[3],source_alias,IEEE/CVF Conference on Computer Vision and Pattern Recognition Workshops
web/data/public_preview_map_data.json,records[936].venue_aliases[4],source_alias,IEEE/CVF Conference on Computer Vision and Pattern Recognition Workshops (CVPRW)
web/data/public_preview_map_data.json,records[936].venue_aliases[6],source_alias,CVPRW
web/data/public_preview_map_data.json,records[936].venue_aliases[9],source_alias,2024 IEEE/CVF Conference on Computer Vision and Pattern Recognition Workshops (CVPRW)
web/data/public_preview_map_data.json,records[937].venue_aliases[2],source_alias,IEEE/CVF Conference on Computer Vision and Pattern Recognition (CVPR) Workshops
web/data/public_preview_map_data.json,records[937].venue_aliases[3],source_alias,IEEE/CVF Conference on Computer Vision and Pattern Recognition Workshops
web/data/public_preview_map_data.json,records[937].venue_aliases[4],source_alias,IEEE/CVF Conference on Computer Vision and Pattern Recognition Workshops (CVPRW)
web/data/public_preview_map_data.json,records[937].venue_aliases[6],source_alias,CVPRW
web/data/public_preview_map_data.json,records[937].venue_aliases[9],source_alias,2024 IEEE/CVF Conference on Computer Vision and Pattern Recognition Workshops (CVPRW)
web/data/public_preview_map_data.json,records[938].venue_aliases[2],source_alias,IEEE/CVF Conference on Computer Vision and Pattern Recognition (CVPR) Workshops
web/data/public_preview_map_data.json,records[938].venue_aliases[3],source_alias,IEEE/CVF Conference on Computer Vision and Pattern Recognition Workshops
web/data/public_preview_map_data.json,records[938].venue_aliases[4],source_alias,IEEE/CVF Conference on Computer Vision and Pattern Recognition Workshops (CVPRW)
web/data/public_preview_map_data.json,records[938].venue_aliases[6],source_alias,CVPRW
web/data/public_preview_map_data.json,records[938].venue_aliases[9],source_alias,2024 IEEE/CVF Conference on Computer Vision and Pattern Recognition Workshops (CVPRW)
web/data/public_preview_map_data.json,records[939].venue_track,paper_track,Workshop
web/data/public_preview_map_data.json,records[939].raw_venue,provenance,2025 IEEE/CVF International Conference on Computer Vision Workshops (ICCVW)
web/data/public_preview_map_data.json,records[939].venue_aliases[2],source_alias,IEEE/CVF International Conference on Computer Vision Workshops (ICCVW)
web/data/public_preview_map_data.json,records[939].venue_aliases[3],source_alias,ICCVW
web/data/public_preview_map_data.json,records[939].venue_aliases[4],source_alias,ICCV Workshops
web/data/public_preview_map_data.json,records[940].venue_track,paper_track,Workshop
web/data/public_preview_map_data.json,records[940].raw_venue,provenance,2025 IEEE/CVF International Conference on Computer Vision Workshops (ICCVW)
web/data/public_preview_map_data.json,records[940].venue_aliases[2],source_alias,IEEE/CVF International Conference on Computer Vision Workshops (ICCVW)
web/data/public_preview_map_data.json,records[940].venue_aliases[3],source_alias,ICCVW
web/data/public_preview_map_data.json,records[940].venue_aliases[4],source_alias,ICCV Workshops
web/data/public_preview_map_data.json,records[941].venue_aliases[2],source_alias,IEEE/CVF Conference on Computer Vision and Pattern Recognition (CVPR) Workshops
web/data/public_preview_map_data.json,records[941].venue_aliases[3],source_alias,IEEE/CVF Conference on Computer Vision and Pattern Recognition Workshops
web/data/public_preview_map_data.json,records[941].venue_aliases[4],source_alias,IEEE/CVF Conference on Computer Vision and Pattern Recognition Workshops (CVPRW)
web/data/public_preview_map_data.json,records[941].venue_aliases[6],source_alias,CVPRW
web/data/public_preview_map_data.json,records[941].venue_aliases[9],source_alias,2024 IEEE/CVF Conference on Computer Vision and Pattern Recognition Workshops (CVPRW)
web/data/public_preview_map_data.json,records[942].venue_aliases[2],source_alias,IEEE/CVF Conference on Computer Vision and Pattern Recognition (CVPR) Workshops
web/data/public_preview_map_data.json,records[942].venue_aliases[3],source_alias,IEEE/CVF Conference on Computer Vision and Pattern Recognition Workshops
web/data/public_preview_map_data.json,records[942].venue_aliases[4],source_alias,IEEE/CVF Conference on Computer Vision and Pattern Recognition Workshops (CVPRW)
web/data/public_preview_map_data.json,records[942].venue_aliases[6],source_alias,CVPRW
web/data/public_preview_map_data.json,records[942].venue_aliases[9],source_alias,2024 IEEE/CVF Conference on Computer Vision and Pattern Recognition Workshops (CVPRW)
web/data/public_preview_map_data.json,records[943].venue_aliases[2],source_alias,IEEE/CVF Conference on Computer Vision and Pattern Recognition (CVPR) Workshops
web/data/public_preview_map_data.json,records[943].venue_aliases[3],source_alias,IEEE/CVF Conference on Computer Vision and Pattern Recognition Workshops
web/data/public_preview_map_data.json,records[943].venue_aliases[4],source_alias,IEEE/CVF Conference on Computer Vision and Pattern Recognition Workshops (CVPRW)
web/data/public_preview_map_data.json,records[943].venue_aliases[6],source_alias,CVPRW
web/data/public_preview_map_data.json,records[943].venue_aliases[9],source_alias,2024 IEEE/CVF Conference on Computer Vision and Pattern Recognition Workshops (CVPRW)
web/data/public_preview_map_data.json,records[946].venue_aliases[3],source_alias,"Proceedings of the 1st on Deepfake Forensics Workshop: Detection, Attribution, Recognition, and Adversarial Challenges in the Era of AI-Generated Media"
web/data/public_preview_map_data.json,records[947].venue_aliases[2],source_alias,IEEE/CVF Conference on Computer Vision and Pattern Recognition (CVPR) Workshops
web/data/public_preview_map_data.json,records[947].venue_aliases[3],source_alias,IEEE/CVF Conference on Computer Vision and Pattern Recognition Workshops
web/data/public_preview_map_data.json,records[947].venue_aliases[4],source_alias,IEEE/CVF Conference on Computer Vision and Pattern Recognition Workshops (CVPRW)
web/data/public_preview_map_data.json,records[947].venue_aliases[6],source_alias,CVPRW
web/data/public_preview_map_data.json,records[947].venue_aliases[9],source_alias,2024 IEEE/CVF Conference on Computer Vision and Pattern Recognition Workshops (CVPRW)
web/data/public_preview_map_data.json,records[948].venue_aliases[2],source_alias,IEEE/CVF International Conference on Computer Vision Workshops (ICCVW)
web/data/public_preview_map_data.json,records[948].venue_aliases[3],source_alias,ICCVW
web/data/public_preview_map_data.json,records[948].venue_aliases[4],source_alias,ICCV Workshops
web/data/public_preview_map_data.json,records[949].venue_track,paper_track,Workshop
web/data/public_preview_map_data.json,records[949].venue_aliases[2],source_alias,IEEE/CVF Winter Conference on Applications of Computer Vision (WACV) Workshops
web/data/public_preview_map_data.json,records[949].venue_aliases[3],source_alias,IEEE/CVF Winter Conference on Applications of Computer Vision (WACV) Workshop
web/data/public_preview_map_data.json,records[949].venue_aliases[4],source_alias,IEEE/CVF Winter Conference on Applications of Computer Vision Workshops (WACVW)
web/data/public_preview_map_data.json,records[949].venue_aliases[5],source_alias,IEEE/CVF Winter Conference on Applications of Computer Vision Workshop (WACVW)
web/data/public_preview_map_data.json,records[949].venue_aliases[6],source_alias,IEEE/CVF Winter Conference on Applications of Computer Vision (WACVW) Workshops
web/data/public_preview_map_data.json,records[949].venue_aliases[7],source_alias,IEEE/CVF Winter Conference on Applications of Computer Vision (WACVW) Workshop
web/data/public_preview_map_data.json,records[949].venue_aliases[8],source_alias,WACVW
web/data/public_preview_map_data.json,records[950].venue_aliases[2],source_alias,IEEE/CVF Conference on Computer Vision and Pattern Recognition (CVPR) Workshops
web/data/public_preview_map_data.json,records[950].venue_aliases[3],source_alias,IEEE/CVF Conference on Computer Vision and Pattern Recognition Workshops
web/data/public_preview_map_data.json,records[950].venue_aliases[4],source_alias,IEEE/CVF Conference on Computer Vision and Pattern Recognition Workshops (CVPRW)
web/data/public_preview_map_data.json,records[950].venue_aliases[6],source_alias,CVPRW
web/data/public_preview_map_data.json,records[950].venue_aliases[9],source_alias,2024 IEEE/CVF Conference on Computer Vision and Pattern Recognition Workshops (CVPRW)
web/data/public_preview_map_data.json,records[951].venue_aliases[2],source_alias,IEEE/CVF International Conference on Computer Vision Workshops (ICCVW)
web/data/public_preview_map_data.json,records[951].venue_aliases[3],source_alias,ICCVW
web/data/public_preview_map_data.json,records[951].venue_aliases[4],source_alias,ICCV Workshops
web/data/public_preview_map_data.json,records[952].venue_track,paper_track,Workshop
web/data/public_preview_map_data.json,records[952].venue_aliases[2],source_alias,IEEE/CVF Winter Conference on Applications of Computer Vision (WACV) Workshops
web/data/public_preview_map_data.json,records[952].venue_aliases[3],source_alias,IEEE/CVF Winter Conference on Applications of Computer Vision (WACV) Workshop
web/data/public_preview_map_data.json,records[952].venue_aliases[4],source_alias,IEEE/CVF Winter Conference on Applications of Computer Vision Workshops (WACVW)
web/data/public_preview_map_data.json,records[952].venue_aliases[5],source_alias,IEEE/CVF Winter Conference on Applications of Computer Vision Workshop (WACVW)
web/data/public_preview_map_data.json,records[952].venue_aliases[6],source_alias,IEEE/CVF Winter Conference on Applications of Computer Vision (WACVW) Workshops
web/data/public_preview_map_data.json,records[952].venue_aliases[7],source_alias,IEEE/CVF Winter Conference on Applications of Computer Vision (WACVW) Workshop
web/data/public_preview_map_data.json,records[952].venue_aliases[8],source_alias,WACVW
web/data/public_preview_map_data.json,records[957].venue,canonical_venue,IEEE International Workshop on Information Forensics and Security
web/data/public_preview_map_data.json,records[957].venue_name,canonical_venue,IEEE International Workshop on Information Forensics and Security
web/data/public_preview_map_data.json,records[957].venue_track,paper_track,Workshop
web/data/public_preview_map_data.json,records[957].raw_venue,provenance,2019 IEEE International Workshop on Information Forensics and Security (WIFS)
web/data/public_preview_map_data.json,records[957].venue_aliases[0],source_alias,IEEE International Workshop on Information Forensics and Security (WIFS)
web/data/public_preview_map_data.json,records[957].venue_aliases[1],source_alias,IEEE International Workshop on Information Forensics and Security
web/data/public_preview_map_data.json,records[957].venue_aliases[3],source_alias,2020 IEEE International Workshop on Information Forensics and Security (WIFS)
web/data/public_preview_map_data.json,records[957].venue_aliases[4],source_alias,2024 IEEE International Workshop on Information Forensics and Security (WIFS)
web/data/public_preview_map_data.json,records[957].venue_aliases[5],source_alias,2019 IEEE International Workshop on Information Forensics and Security (WIFS)
web/data/public_preview_map_data.json,records[958].venue,canonical_venue,IEEE International Workshop on Information Forensics and Security
web/data/public_preview_map_data.json,records[958].venue_name,canonical_venue,IEEE International Workshop on Information Forensics and Security
web/data/public_preview_map_data.json,records[958].venue_track,paper_track,Workshop
web/data/public_preview_map_data.json,records[958].raw_venue,provenance,2019 IEEE International Workshop on Information Forensics and Security (WIFS)
web/data/public_preview_map_data.json,records[958].venue_aliases[0],source_alias,IEEE International Workshop on Information Forensics and Security (WIFS)
web/data/public_preview_map_data.json,records[958].venue_aliases[1],source_alias,IEEE International Workshop on Information Forensics and Security
web/data/public_preview_map_data.json,records[958].venue_aliases[3],source_alias,2020 IEEE International Workshop on Information Forensics and Security (WIFS)
web/data/public_preview_map_data.json,records[958].venue_aliases[4],source_alias,2024 IEEE International Workshop on Information Forensics and Security (WIFS)
web/data/public_preview_map_data.json,records[958].venue_aliases[5],source_alias,2019 IEEE International Workshop on Information Forensics and Security (WIFS)
web/data/public_preview_map_data.json,records[970].venue_aliases[2],source_alias,IEEE/CVF Conference on Computer Vision and Pattern Recognition (CVPR) Workshops
web/data/public_preview_map_data.json,records[970].venue_aliases[3],source_alias,IEEE/CVF Conference on Computer Vision and Pattern Recognition Workshops
web/data/public_preview_map_data.json,records[970].venue_aliases[4],source_alias,IEEE/CVF Conference on Computer Vision and Pattern Recognition Workshops (CVPRW)
web/data/public_preview_map_data.json,records[970].venue_aliases[6],source_alias,CVPRW
web/data/public_preview_map_data.json,records[970].venue_aliases[9],source_alias,2024 IEEE/CVF Conference on Computer Vision and Pattern Recognition Workshops (CVPRW)
web/data/public_preview_map_data.json,records[971].venue_track,paper_track,Workshop
web/data/public_preview_map_data.json,records[972].venue_track,paper_track,Workshop
web/data/public_preview_map_data.json,records[973].venue_track,paper_track,Workshop
web/data/public_preview_map_data.json,records[974].venue_track,paper_track,Workshop
web/data/public_preview_map_data.json,records[975].venue_track,paper_track,Workshop
web/data/public_preview_map_data.json,records[975].venue_aliases[2],source_alias,European Conference on Computer Vision (ECCV) Workshops
web/data/public_preview_map_data.json,records[975].venue_aliases[3],source_alias,Computer Vision – ECCV 2024 Workshops
web/data/public_preview_map_data.json,records[976].venue_track,paper_track,Workshop
web/data/public_preview_map_data.json,records[976].venue_aliases[2],source_alias,European Conference on Computer Vision (ECCV) Workshops
web/data/public_preview_map_data.json,records[976].venue_aliases[3],source_alias,Computer Vision – ECCV 2024 Workshops
web/data/public_preview_map_data.json,records[981].venue_track,paper_track,Workshop
web/data/public_preview_map_data.json,records[982].venue_track,paper_track,Workshop
web/data/public_preview_map_data.json,records[982].venue_aliases[2],source_alias,European Conference on Computer Vision (ECCV) Workshops
web/data/public_preview_map_data.json,records[982].venue_aliases[3],source_alias,Computer Vision – ECCV 2024 Workshops
web/data/public_preview_map_data.json,records[989].venue_aliases[2],source_alias,IEEE/CVF Conference on Computer Vision and Pattern Recognition (CVPR) Workshops
web/data/public_preview_map_data.json,records[989].venue_aliases[3],source_alias,IEEE/CVF Conference on Computer Vision and Pattern Recognition Workshops
web/data/public_preview_map_data.json,records[989].venue_aliases[4],source_alias,IEEE/CVF Conference on Computer Vision and Pattern Recognition Workshops (CVPRW)
web/data/public_preview_map_data.json,records[989].venue_aliases[6],source_alias,CVPRW
web/data/public_preview_map_data.json,records[989].venue_aliases[9],source_alias,2024 IEEE/CVF Conference on Computer Vision and Pattern Recognition Workshops (CVPRW)
web/data/public_preview_map_data.json,records[994].venue_aliases[2],source_alias,IEEE/CVF Conference on Computer Vision and Pattern Recognition (CVPR) Workshops
web/data/public_preview_map_data.json,records[994].venue_aliases[3],source_alias,IEEE/CVF Conference on Computer Vision and Pattern Recognition Workshops
web/data/public_preview_map_data.json,records[994].venue_aliases[4],source_alias,IEEE/CVF Conference on Computer Vision and Pattern Recognition Workshops (CVPRW)
web/data/public_preview_map_data.json,records[994].venue_aliases[6],source_alias,CVPRW
web/data/public_preview_map_data.json,records[994].venue_aliases[9],source_alias,2024 IEEE/CVF Conference on Computer Vision and Pattern Recognition Workshops (CVPRW)
web/data/public_preview_map_data.json,records[995].venue_aliases[2],source_alias,IEEE/CVF Conference on Computer Vision and Pattern Recognition (CVPR) Workshops
web/data/public_preview_map_data.json,records[995].venue_aliases[3],source_alias,IEEE/CVF Conference on Computer Vision and Pattern Recognition Workshops
web/data/public_preview_map_data.json,records[995].venue_aliases[4],source_alias,IEEE/CVF Conference on Computer Vision and Pattern Recognition Workshops (CVPRW)
web/data/public_preview_map_data.json,records[995].venue_aliases[6],source_alias,CVPRW
web/data/public_preview_map_data.json,records[995].venue_aliases[9],source_alias,2024 IEEE/CVF Conference on Computer Vision and Pattern Recognition Workshops (CVPRW)
web/data/public_preview_map_data.json,records[996].venue_aliases[2],source_alias,IEEE/CVF Conference on Computer Vision and Pattern Recognition (CVPR) Workshops
web/data/public_preview_map_data.json,records[996].venue_aliases[3],source_alias,IEEE/CVF Conference on Computer Vision and Pattern Recognition Workshops
web/data/public_preview_map_data.json,records[996].venue_aliases[4],source_alias,IEEE/CVF Conference on Computer Vision and Pattern Recognition Workshops (CVPRW)
web/data/public_preview_map_data.json,records[996].venue_aliases[6],source_alias,CVPRW
web/data/public_preview_map_data.json,records[996].venue_aliases[9],source_alias,2024 IEEE/CVF Conference on Computer Vision and Pattern Recognition Workshops (CVPRW)
web/data/public_preview_map_data.json,records[1003].venue_track,paper_track,Workshop
web/data/public_preview_map_data.json,records[1003].venue_aliases[2],source_alias,European Conference on Computer Vision (ECCV) Workshops
web/data/public_preview_map_data.json,records[1003].venue_aliases[3],source_alias,Computer Vision – ECCV 2024 Workshops
web/data/public_preview_map_data.json,records[1004].venue_track,paper_track,Workshop
web/data/public_preview_map_data.json,records[1004].venue_aliases[2],source_alias,European Conference on Computer Vision (ECCV) Workshops
web/data/public_preview_map_data.json,records[1004].venue_aliases[3],source_alias,Computer Vision – ECCV 2024 Workshops
web/data/public_preview_map_data.json,records[1008].venue_aliases[2],source_alias,IEEE/CVF Conference on Computer Vision and Pattern Recognition (CVPR) Workshops
web/data/public_preview_map_data.json,records[1008].venue_aliases[3],source_alias,IEEE/CVF Conference on Computer Vision and Pattern Recognition Workshops
web/data/public_preview_map_data.json,records[1008].venue_aliases[4],source_alias,IEEE/CVF Conference on Computer Vision and Pattern Recognition Workshops (CVPRW)
web/data/public_preview_map_data.json,records[1008].venue_aliases[6],source_alias,CVPRW
web/data/public_preview_map_data.json,records[1008].venue_aliases[9],source_alias,2024 IEEE/CVF Conference on Computer Vision and Pattern Recognition Workshops (CVPRW)
web/data/public_preview_map_data.json,records[1009].venue,canonical_venue,Workshop on Security Implications of Deepfakes and Cheapfakes
web/data/public_preview_map_data.json,records[1009].venue_name,canonical_venue,Workshop on Security Implications of Deepfakes and Cheapfakes
web/data/public_preview_map_data.json,records[1009].venue_id,canonical_id,venue:workshop-on-security-implications-of-deepfakes-and-cheapfakes
web/data/public_preview_map_data.json,records[1009].raw_venue,provenance,Proceedings of the 4th Workshop on Security Implications of Deepfakes and Cheapfakes
web/data/public_preview_map_data.json,records[1009].venue_aliases[0],source_alias,Workshop on Security Implications of Deepfakes and Cheapfakes
web/data/public_preview_map_data.json,records[1010].venue_track,paper_track,Workshop
web/data/public_preview_map_data.json,records[1010].raw_venue,provenance,Proceedings of the 1stWorkshop on GenAI Content Detection (GenAIDetect)
web/data/public_preview_map_data.json,records[1013].venue_aliases[2],source_alias,IEEE/CVF Winter Conference on Applications of Computer Vision (WACV) Workshops
web/data/public_preview_map_data.json,records[1013].venue_aliases[3],source_alias,IEEE/CVF Winter Conference on Applications of Computer Vision (WACV) Workshop
web/data/public_preview_map_data.json,records[1013].venue_aliases[4],source_alias,IEEE/CVF Winter Conference on Applications of Computer Vision Workshops (WACVW)
web/data/public_preview_map_data.json,records[1013].venue_aliases[5],source_alias,IEEE/CVF Winter Conference on Applications of Computer Vision Workshop (WACVW)
web/data/public_preview_map_data.json,records[1013].venue_aliases[6],source_alias,IEEE/CVF Winter Conference on Applications of Computer Vision (WACVW) Workshops
web/data/public_preview_map_data.json,records[1013].venue_aliases[7],source_alias,IEEE/CVF Winter Conference on Applications of Computer Vision (WACVW) Workshop
web/data/public_preview_map_data.json,records[1013].venue_aliases[8],source_alias,WACVW
web/data/public_preview_map_data.json,records[1014].venue_track,paper_track,Workshop
web/data/public_preview_map_data.json,records[1014].venue_aliases[2],source_alias,European Conference on Computer Vision (ECCV) Workshops
web/data/public_preview_map_data.json,records[1014].venue_aliases[3],source_alias,Computer Vision – ECCV 2024 Workshops
web/data/public_preview_map_data.json,records[1015].venue_track,paper_track,Workshop
web/data/public_preview_map_data.json,records[1015].venue_aliases[2],source_alias,European Conference on Computer Vision (ECCV) Workshops
web/data/public_preview_map_data.json,records[1015].venue_aliases[3],source_alias,Computer Vision – ECCV 2024 Workshops
web/data/public_preview_map_data.json,records[1016].venue_track,paper_track,Workshop
web/data/public_preview_map_data.json,records[1016].venue_aliases[2],source_alias,European Conference on Computer Vision (ECCV) Workshops
web/data/public_preview_map_data.json,records[1016].venue_aliases[3],source_alias,Computer Vision – ECCV 2024 Workshops
web/data/public_preview_map_data.json,records[1019].venue_aliases[2],source_alias,European Conference on Computer Vision (ECCV) Workshops
web/data/public_preview_map_data.json,records[1019].venue_aliases[3],source_alias,Computer Vision – ECCV 2024 Workshops
web/data/public_preview_map_data.json,records[1020].venue_aliases[2],source_alias,European Conference on Computer Vision (ECCV) Workshops
web/data/public_preview_map_data.json,records[1020].venue_aliases[3],source_alias,Computer Vision – ECCV 2024 Workshops
web/data/public_preview_map_data.json,records[1021].venue_aliases[2],source_alias,European Conference on Computer Vision (ECCV) Workshops
web/data/public_preview_map_data.json,records[1021].venue_aliases[3],source_alias,Computer Vision – ECCV 2024 Workshops
web/data/public_preview_map_data.json,records[1022].venue_aliases[2],source_alias,European Conference on Computer Vision (ECCV) Workshops
web/data/public_preview_map_data.json,records[1022].venue_aliases[3],source_alias,Computer Vision – ECCV 2024 Workshops
web/data/public_preview_map_data.json,records[1023].venue_aliases[2],source_alias,European Conference on Computer Vision (ECCV) Workshops
web/data/public_preview_map_data.json,records[1023].venue_aliases[3],source_alias,Computer Vision – ECCV 2024 Workshops
web/data/public_preview_map_data.json,records[1025].venue_aliases[2],source_alias,European Conference on Computer Vision (ECCV) Workshops
web/data/public_preview_map_data.json,records[1025].venue_aliases[3],source_alias,Computer Vision – ECCV 2024 Workshops
web/data/public_preview_map_data.json,records[1046].venue_track,paper_track,Workshop
web/data/public_preview_map_data.json,records[1046].venue_aliases[2],source_alias,IEEE/CVF Conference on Computer Vision and Pattern Recognition (CVPR) Workshops
web/data/public_preview_map_data.json,records[1046].venue_aliases[3],source_alias,IEEE/CVF Conference on Computer Vision and Pattern Recognition Workshops
web/data/public_preview_map_data.json,records[1046].venue_aliases[4],source_alias,IEEE/CVF Conference on Computer Vision and Pattern Recognition Workshops (CVPRW)
web/data/public_preview_map_data.json,records[1046].venue_aliases[6],source_alias,CVPRW
web/data/public_preview_map_data.json,records[1046].venue_aliases[9],source_alias,2024 IEEE/CVF Conference on Computer Vision and Pattern Recognition Workshops (CVPRW)
web/data/public_preview_map_data.json,records[1047].venue_aliases[2],source_alias,IEEE/CVF Conference on Computer Vision and Pattern Recognition (CVPR) Workshops
web/data/public_preview_map_data.json,records[1047].venue_aliases[3],source_alias,IEEE/CVF Conference on Computer Vision and Pattern Recognition Workshops
web/data/public_preview_map_data.json,records[1047].venue_aliases[4],source_alias,IEEE/CVF Conference on Computer Vision and Pattern Recognition Workshops (CVPRW)
web/data/public_preview_map_data.json,records[1047].venue_aliases[6],source_alias,CVPRW
web/data/public_preview_map_data.json,records[1047].venue_aliases[9],source_alias,2024 IEEE/CVF Conference on Computer Vision and Pattern Recognition Workshops (CVPRW)
web/data/public_preview_map_data.json,records[1048].venue_aliases[2],source_alias,IEEE/CVF Conference on Computer Vision and Pattern Recognition (CVPR) Workshops
web/data/public_preview_map_data.json,records[1048].venue_aliases[3],source_alias,IEEE/CVF Conference on Computer Vision and Pattern Recognition Workshops
web/data/public_preview_map_data.json,records[1048].venue_aliases[4],source_alias,IEEE/CVF Conference on Computer Vision and Pattern Recognition Workshops (CVPRW)
web/data/public_preview_map_data.json,records[1048].venue_aliases[6],source_alias,CVPRW
web/data/public_preview_map_data.json,records[1048].venue_aliases[9],source_alias,2024 IEEE/CVF Conference on Computer Vision and Pattern Recognition Workshops (CVPRW)
web/data/public_preview_map_data.json,records[1049].venue_aliases[2],source_alias,IEEE/CVF Conference on Computer Vision and Pattern Recognition (CVPR) Workshops
web/data/public_preview_map_data.json,records[1049].venue_aliases[3],source_alias,IEEE/CVF Conference on Computer Vision and Pattern Recognition Workshops
web/data/public_preview_map_data.json,records[1049].venue_aliases[4],source_alias,IEEE/CVF Conference on Computer Vision and Pattern Recognition Workshops (CVPRW)
web/data/public_preview_map_data.json,records[1049].venue_aliases[6],source_alias,CVPRW
web/data/public_preview_map_data.json,records[1049].venue_aliases[9],source_alias,2024 IEEE/CVF Conference on Computer Vision and Pattern Recognition Workshops (CVPRW)
web/data/public_preview_map_data.json,records[1053].venue_aliases[2],source_alias,European Conference on Computer Vision (ECCV) Workshops
web/data/public_preview_map_data.json,records[1053].venue_aliases[3],source_alias,Computer Vision – ECCV 2024 Workshops
web/data/public_preview_map_data.json,records[1054].venue_aliases[2],source_alias,European Conference on Computer Vision (ECCV) Workshops
web/data/public_preview_map_data.json,records[1054].venue_aliases[3],source_alias,Computer Vision – ECCV 2024 Workshops
web/data/public_preview_map_data.json,records[1055].venue_aliases[2],source_alias,European Conference on Computer Vision (ECCV) Workshops
web/data/public_preview_map_data.json,records[1055].venue_aliases[3],source_alias,Computer Vision – ECCV 2024 Workshops
web/data/public_preview_map_data.json,records[1056].venue_aliases[2],source_alias,European Conference on Computer Vision (ECCV) Workshops
web/data/public_preview_map_data.json,records[1056].venue_aliases[3],source_alias,Computer Vision – ECCV 2024 Workshops
web/data/public_preview_map_data.json,records[1057].venue_aliases[2],source_alias,European Conference on Computer Vision (ECCV) Workshops
web/data/public_preview_map_data.json,records[1057].venue_aliases[3],source_alias,Computer Vision – ECCV 2024 Workshops
web/data/public_preview_map_data.json,records[1058].venue_aliases[2],source_alias,European Conference on Computer Vision (ECCV) Workshops
web/data/public_preview_map_data.json,records[1058].venue_aliases[3],source_alias,Computer Vision – ECCV 2024 Workshops
web/data/public_preview_map_data.json,records[1059].venue_aliases[2],source_alias,European Conference on Computer Vision (ECCV) Workshops
web/data/public_preview_map_data.json,records[1059].venue_aliases[3],source_alias,Computer Vision – ECCV 2024 Workshops
web/data/public_preview_map_data.json,records[1060].venue_aliases[2],source_alias,European Conference on Computer Vision (ECCV) Workshops
web/data/public_preview_map_data.json,records[1060].venue_aliases[3],source_alias,Computer Vision – ECCV 2024 Workshops
web/data/public_preview_map_data.json,records[1061].venue_aliases[2],source_alias,European Conference on Computer Vision (ECCV) Workshops
web/data/public_preview_map_data.json,records[1061].venue_aliases[3],source_alias,Computer Vision – ECCV 2024 Workshops
web/data/public_preview_map_data.json,records[1062].venue_aliases[2],source_alias,European Conference on Computer Vision (ECCV) Workshops
web/data/public_preview_map_data.json,records[1062].venue_aliases[3],source_alias,Computer Vision – ECCV 2024 Workshops
web/data/public_preview_map_data.json,records[1063].venue_aliases[2],source_alias,European Conference on Computer Vision (ECCV) Workshops
web/data/public_preview_map_data.json,records[1063].venue_aliases[3],source_alias,Computer Vision – ECCV 2024 Workshops
web/data/public_preview_map_data.json,records[1066].venue_aliases[2],source_alias,European Conference on Computer Vision (ECCV) Workshops
web/data/public_preview_map_data.json,records[1066].venue_aliases[3],source_alias,Computer Vision – ECCV 2024 Workshops
web/data/public_preview_map_data.json,records[1067].venue_aliases[2],source_alias,European Conference on Computer Vision (ECCV) Workshops
web/data/public_preview_map_data.json,records[1067].venue_aliases[3],source_alias,Computer Vision – ECCV 2024 Workshops
web/data/public_preview_map_data.json,records[1068].venue_aliases[2],source_alias,IEEE/CVF Conference on Computer Vision and Pattern Recognition (CVPR) Workshops
web/data/public_preview_map_data.json,records[1068].venue_aliases[3],source_alias,IEEE/CVF Conference on Computer Vision and Pattern Recognition Workshops
web/data/public_preview_map_data.json,records[1068].venue_aliases[4],source_alias,IEEE/CVF Conference on Computer Vision and Pattern Recognition Workshops (CVPRW)
web/data/public_preview_map_data.json,records[1068].venue_aliases[6],source_alias,CVPRW
web/data/public_preview_map_data.json,records[1068].venue_aliases[9],source_alias,2024 IEEE/CVF Conference on Computer Vision and Pattern Recognition Workshops (CVPRW)
web/data/public_preview_map_data.json,records[1097].venue_aliases[2],source_alias,IEEE/CVF Conference on Computer Vision and Pattern Recognition (CVPR) Workshops
web/data/public_preview_map_data.json,records[1097].venue_aliases[3],source_alias,IEEE/CVF Conference on Computer Vision and Pattern Recognition Workshops
web/data/public_preview_map_data.json,records[1097].venue_aliases[4],source_alias,IEEE/CVF Conference on Computer Vision and Pattern Recognition Workshops (CVPRW)
web/data/public_preview_map_data.json,records[1097].venue_aliases[6],source_alias,CVPRW
web/data/public_preview_map_data.json,records[1097].venue_aliases[9],source_alias,2024 IEEE/CVF Conference on Computer Vision and Pattern Recognition Workshops (CVPRW)
web/data/public_preview_map_data.json,records[1098].venue_aliases[2],source_alias,IEEE/CVF Conference on Computer Vision and Pattern Recognition (CVPR) Workshops
web/data/public_preview_map_data.json,records[1098].venue_aliases[3],source_alias,IEEE/CVF Conference on Computer Vision and Pattern Recognition Workshops
web/data/public_preview_map_data.json,records[1098].venue_aliases[4],source_alias,IEEE/CVF Conference on Computer Vision and Pattern Recognition Workshops (CVPRW)
web/data/public_preview_map_data.json,records[1098].venue_aliases[6],source_alias,CVPRW
web/data/public_preview_map_data.json,records[1098].venue_aliases[9],source_alias,2024 IEEE/CVF Conference on Computer Vision and Pattern Recognition Workshops (CVPRW)
web/data/public_preview_map_data.json,records[1104].venue_aliases[2],source_alias,IEEE/CVF International Conference on Computer Vision Workshops (ICCVW)
web/data/public_preview_map_data.json,records[1104].venue_aliases[3],source_alias,ICCVW
web/data/public_preview_map_data.json,records[1104].venue_aliases[4],source_alias,ICCV Workshops
web/data/public_preview_map_data.json,records[1105].venue_aliases[2],source_alias,IEEE/CVF International Conference on Computer Vision Workshops (ICCVW)
web/data/public_preview_map_data.json,records[1105].venue_aliases[3],source_alias,ICCVW
web/data/public_preview_map_data.json,records[1105].venue_aliases[4],source_alias,ICCV Workshops
web/data/public_preview_map_data.json,records[1106].venue_aliases[2],source_alias,IEEE/CVF International Conference on Computer Vision Workshops (ICCVW)
web/data/public_preview_map_data.json,records[1106].venue_aliases[3],source_alias,ICCVW
web/data/public_preview_map_data.json,records[1106].venue_aliases[4],source_alias,ICCV Workshops
web/data/public_preview_map_data.json,records[1107].venue_aliases[2],source_alias,IEEE/CVF International Conference on Computer Vision Workshops (ICCVW)
web/data/public_preview_map_data.json,records[1107].venue_aliases[3],source_alias,ICCVW
web/data/public_preview_map_data.json,records[1107].venue_aliases[4],source_alias,ICCV Workshops
web/data/public_preview_map_data.json,records[1108].venue_aliases[2],source_alias,IEEE/CVF International Conference on Computer Vision Workshops (ICCVW)
web/data/public_preview_map_data.json,records[1108].venue_aliases[3],source_alias,ICCVW
web/data/public_preview_map_data.json,records[1108].venue_aliases[4],source_alias,ICCV Workshops
web/data/public_preview_map_data.json,records[1109].venue,canonical_venue,ACM International Workshop on Multimedia AI against Disinformation
web/data/public_preview_map_data.json,records[1109].venue_name,canonical_venue,ACM International Workshop on Multimedia AI against Disinformation
web/data/public_preview_map_data.json,records[1109].venue_track,paper_track,Workshop
web/data/public_preview_map_data.json,records[1109].raw_venue,provenance,3rd ACM International Workshop on Multimedia AI against Disinformation
web/data/public_preview_map_data.json,records[1109].venue_aliases[0],source_alias,ACM International Workshop on Multimedia AI against Disinformation (MAD)
web/data/public_preview_map_data.json,records[1109].venue_aliases[1],source_alias,ACM International Workshop on Multimedia AI against Disinformation
web/data/public_preview_map_data.json,records[1109].venue_aliases[2],source_alias,Proceedings of the 1st International Workshop on Multimedia AI against Disinformation
web/data/public_preview_map_data.json,records[1112].venue,canonical_venue,ACM International Workshop on Multimedia AI against Disinformation
web/data/public_preview_map_data.json,records[1112].venue_name,canonical_venue,ACM International Workshop on Multimedia AI against Disinformation
web/data/public_preview_map_data.json,records[1112].venue_track,paper_track,Workshop
web/data/public_preview_map_data.json,records[1112].raw_venue,provenance,Proceedings of the 5th ACM International Workshop on Multimedia AI against Disinformation (MAD)
web/data/public_preview_map_data.json,records[1112].venue_aliases[0],source_alias,ACM International Workshop on Multimedia AI against Disinformation (MAD)
web/data/public_preview_map_data.json,records[1112].venue_aliases[1],source_alias,ACM International Workshop on Multimedia AI against Disinformation
web/data/public_preview_map_data.json,records[1112].venue_aliases[2],source_alias,Proceedings of the 1st International Workshop on Multimedia AI against Disinformation
web/data/public_preview_map_data.json,records[1113].venue_aliases[2],source_alias,IEEE/CVF Conference on Computer Vision and Pattern Recognition (CVPR) Workshops
web/data/public_preview_map_data.json,records[1113].venue_aliases[3],source_alias,IEEE/CVF Conference on Computer Vision and Pattern Recognition Workshops
web/data/public_preview_map_data.json,records[1113].venue_aliases[4],source_alias,IEEE/CVF Conference on Computer Vision and Pattern Recognition Workshops (CVPRW)
web/data/public_preview_map_data.json,records[1113].venue_aliases[6],source_alias,CVPRW
web/data/public_preview_map_data.json,records[1113].venue_aliases[9],source_alias,2024 IEEE/CVF Conference on Computer Vision and Pattern Recognition Workshops (CVPRW)
web/data/public_preview_map_data.json,records[1114].venue_aliases[2],source_alias,IEEE/CVF Conference on Computer Vision and Pattern Recognition (CVPR) Workshops
web/data/public_preview_map_data.json,records[1114].venue_aliases[3],source_alias,IEEE/CVF Conference on Computer Vision and Pattern Recognition Workshops
web/data/public_preview_map_data.json,records[1114].venue_aliases[4],source_alias,IEEE/CVF Conference on Computer Vision and Pattern Recognition Workshops (CVPRW)
web/data/public_preview_map_data.json,records[1114].venue_aliases[6],source_alias,CVPRW
web/data/public_preview_map_data.json,records[1114].venue_aliases[9],source_alias,2024 IEEE/CVF Conference on Computer Vision and Pattern Recognition Workshops (CVPRW)
web/data/public_preview_map_data.json,records[1116].venue_aliases[2],source_alias,IEEE/CVF Conference on Computer Vision and Pattern Recognition (CVPR) Workshops
web/data/public_preview_map_data.json,records[1116].venue_aliases[3],source_alias,IEEE/CVF Conference on Computer Vision and Pattern Recognition Workshops
web/data/public_preview_map_data.json,records[1116].venue_aliases[4],source_alias,IEEE/CVF Conference on Computer Vision and Pattern Recognition Workshops (CVPRW)
web/data/public_preview_map_data.json,records[1116].venue_aliases[6],source_alias,CVPRW
web/data/public_preview_map_data.json,records[1116].venue_aliases[9],source_alias,2024 IEEE/CVF Conference on Computer Vision and Pattern Recognition Workshops (CVPRW)
web/data/public_preview_map_data.json,records[1117].venue_aliases[2],source_alias,IEEE/CVF Conference on Computer Vision and Pattern Recognition (CVPR) Workshops
web/data/public_preview_map_data.json,records[1117].venue_aliases[3],source_alias,IEEE/CVF Conference on Computer Vision and Pattern Recognition Workshops
web/data/public_preview_map_data.json,records[1117].venue_aliases[4],source_alias,IEEE/CVF Conference on Computer Vision and Pattern Recognition Workshops (CVPRW)
web/data/public_preview_map_data.json,records[1117].venue_aliases[6],source_alias,CVPRW
web/data/public_preview_map_data.json,records[1117].venue_aliases[9],source_alias,2024 IEEE/CVF Conference on Computer Vision and Pattern Recognition Workshops (CVPRW)
web/data/public_preview_map_data.json,records[1120].venue_aliases[2],source_alias,IEEE/CVF Conference on Computer Vision and Pattern Recognition (CVPR) Workshops
web/data/public_preview_map_data.json,records[1120].venue_aliases[3],source_alias,IEEE/CVF Conference on Computer Vision and Pattern Recognition Workshops
web/data/public_preview_map_data.json,records[1120].venue_aliases[4],source_alias,IEEE/CVF Conference on Computer Vision and Pattern Recognition Workshops (CVPRW)
web/data/public_preview_map_data.json,records[1120].venue_aliases[6],source_alias,CVPRW
web/data/public_preview_map_data.json,records[1120].venue_aliases[9],source_alias,2024 IEEE/CVF Conference on Computer Vision and Pattern Recognition Workshops (CVPRW)
web/data/public_preview_map_data.json,records[1121].venue_aliases[2],source_alias,IEEE/CVF Conference on Computer Vision and Pattern Recognition (CVPR) Workshops
web/data/public_preview_map_data.json,records[1121].venue_aliases[3],source_alias,IEEE/CVF Conference on Computer Vision and Pattern Recognition Workshops
web/data/public_preview_map_data.json,records[1121].venue_aliases[4],source_alias,IEEE/CVF Conference on Computer Vision and Pattern Recognition Workshops (CVPRW)
web/data/public_preview_map_data.json,records[1121].venue_aliases[6],source_alias,CVPRW
web/data/public_preview_map_data.json,records[1121].venue_aliases[9],source_alias,2024 IEEE/CVF Conference on Computer Vision and Pattern Recognition Workshops (CVPRW)
web/data/public_preview_map_data.json,records[1122].venue_aliases[2],source_alias,IEEE/CVF Conference on Computer Vision and Pattern Recognition (CVPR) Workshops
web/data/public_preview_map_data.json,records[1122].venue_aliases[3],source_alias,IEEE/CVF Conference on Computer Vision and Pattern Recognition Workshops
web/data/public_preview_map_data.json,records[1122].venue_aliases[4],source_alias,IEEE/CVF Conference on Computer Vision and Pattern Recognition Workshops (CVPRW)
web/data/public_preview_map_data.json,records[1122].venue_aliases[6],source_alias,CVPRW
web/data/public_preview_map_data.json,records[1122].venue_aliases[9],source_alias,2024 IEEE/CVF Conference on Computer Vision and Pattern Recognition Workshops (CVPRW)
web/data/public_preview_map_data.json,records[1123].venue_aliases[2],source_alias,IEEE/CVF Conference on Computer Vision and Pattern Recognition (CVPR) Workshops
web/data/public_preview_map_data.json,records[1123].venue_aliases[3],source_alias,IEEE/CVF Conference on Computer Vision and Pattern Recognition Workshops
web/data/public_preview_map_data.json,records[1123].venue_aliases[4],source_alias,IEEE/CVF Conference on Computer Vision and Pattern Recognition Workshops (CVPRW)
web/data/public_preview_map_data.json,records[1123].venue_aliases[6],source_alias,CVPRW
web/data/public_preview_map_data.json,records[1123].venue_aliases[9],source_alias,2024 IEEE/CVF Conference on Computer Vision and Pattern Recognition Workshops (CVPRW)
web/data/public_preview_map_data.json,records[1124].venue_aliases[2],source_alias,IEEE/CVF Conference on Computer Vision and Pattern Recognition (CVPR) Workshops
web/data/public_preview_map_data.json,records[1124].venue_aliases[3],source_alias,IEEE/CVF Conference on Computer Vision and Pattern Recognition Workshops
web/data/public_preview_map_data.json,records[1124].venue_aliases[4],source_alias,IEEE/CVF Conference on Computer Vision and Pattern Recognition Workshops (CVPRW)
web/data/public_preview_map_data.json,records[1124].venue_aliases[6],source_alias,CVPRW
web/data/public_preview_map_data.json,records[1124].venue_aliases[9],source_alias,2024 IEEE/CVF Conference on Computer Vision and Pattern Recognition Workshops (CVPRW)
web/data/public_preview_map_data.json,records[1125].venue_track,paper_track,Workshop
web/data/public_preview_map_data.json,records[1125].venue_aliases[2],source_alias,IEEE/CVF Conference on Computer Vision and Pattern Recognition (CVPR) Workshops
web/data/public_preview_map_data.json,records[1125].venue_aliases[3],source_alias,IEEE/CVF Conference on Computer Vision and Pattern Recognition Workshops
web/data/public_preview_map_data.json,records[1125].venue_aliases[4],source_alias,IEEE/CVF Conference on Computer Vision and Pattern Recognition Workshops (CVPRW)
web/data/public_preview_map_data.json,records[1125].venue_aliases[6],source_alias,CVPRW
web/data/public_preview_map_data.json,records[1125].venue_aliases[9],source_alias,2024 IEEE/CVF Conference on Computer Vision and Pattern Recognition Workshops (CVPRW)
web/data/public_preview_map_data.json,records[1126].venue_track,paper_track,Workshop
web/data/public_preview_map_data.json,records[1126].venue_aliases[2],source_alias,IEEE/CVF Conference on Computer Vision and Pattern Recognition (CVPR) Workshops
web/data/public_preview_map_data.json,records[1126].venue_aliases[3],source_alias,IEEE/CVF Conference on Computer Vision and Pattern Recognition Workshops
web/data/public_preview_map_data.json,records[1126].venue_aliases[4],source_alias,IEEE/CVF Conference on Computer Vision and Pattern Recognition Workshops (CVPRW)
web/data/public_preview_map_data.json,records[1126].venue_aliases[6],source_alias,CVPRW
web/data/public_preview_map_data.json,records[1126].venue_aliases[9],source_alias,2024 IEEE/CVF Conference on Computer Vision and Pattern Recognition Workshops (CVPRW)
web/data/public_preview_map_data.json,records[1127].venue_track,paper_track,Workshop
web/data/public_preview_map_data.json,records[1127].venue_aliases[2],source_alias,IEEE/CVF Conference on Computer Vision and Pattern Recognition (CVPR) Workshops
web/data/public_preview_map_data.json,records[1127].venue_aliases[3],source_alias,IEEE/CVF Conference on Computer Vision and Pattern Recognition Workshops
web/data/public_preview_map_data.json,records[1127].venue_aliases[4],source_alias,IEEE/CVF Conference on Computer Vision and Pattern Recognition Workshops (CVPRW)
web/data/public_preview_map_data.json,records[1127].venue_aliases[6],source_alias,CVPRW
web/data/public_preview_map_data.json,records[1127].venue_aliases[9],source_alias,2024 IEEE/CVF Conference on Computer Vision and Pattern Recognition Workshops (CVPRW)
web/data/public_preview_map_data.json,records[1128].venue_track,paper_track,Workshop
web/data/public_preview_map_data.json,records[1128].venue_aliases[2],source_alias,IEEE/CVF Conference on Computer Vision and Pattern Recognition (CVPR) Workshops
web/data/public_preview_map_data.json,records[1128].venue_aliases[3],source_alias,IEEE/CVF Conference on Computer Vision and Pattern Recognition Workshops
web/data/public_preview_map_data.json,records[1128].venue_aliases[4],source_alias,IEEE/CVF Conference on Computer Vision and Pattern Recognition Workshops (CVPRW)
web/data/public_preview_map_data.json,records[1128].venue_aliases[6],source_alias,CVPRW
web/data/public_preview_map_data.json,records[1128].venue_aliases[9],source_alias,2024 IEEE/CVF Conference on Computer Vision and Pattern Recognition Workshops (CVPRW)
web/data/public_preview_map_data.json,records[1131].venue_track,paper_track,Workshop
web/data/public_preview_map_data.json,records[1131].raw_venue,provenance,2026 IEEE/CVF Conference on Computer Vision and Pattern Recognition (CVPR) Workshops
web/data/public_preview_map_data.json,records[1131].venue_aliases[2],source_alias,IEEE/CVF Conference on Computer Vision and Pattern Recognition (CVPR) Workshops
web/data/public_preview_map_data.json,records[1131].venue_aliases[3],source_alias,IEEE/CVF Conference on Computer Vision and Pattern Recognition Workshops
web/data/public_preview_map_data.json,records[1131].venue_aliases[4],source_alias,IEEE/CVF Conference on Computer Vision and Pattern Recognition Workshops (CVPRW)
web/data/public_preview_map_data.json,records[1131].venue_aliases[6],source_alias,CVPRW
web/data/public_preview_map_data.json,records[1131].venue_aliases[9],source_alias,2024 IEEE/CVF Conference on Computer Vision and Pattern Recognition Workshops (CVPRW)
web/data/public_preview_map_data.json,records[1132].venue_track,paper_track,Workshop
web/data/public_preview_map_data.json,records[1132].raw_venue,provenance,2026 IEEE/CVF Conference on Computer Vision and Pattern Recognition (CVPR) Workshops
web/data/public_preview_map_data.json,records[1132].venue_aliases[2],source_alias,IEEE/CVF Conference on Computer Vision and Pattern Recognition (CVPR) Workshops
web/data/public_preview_map_data.json,records[1132].venue_aliases[3],source_alias,IEEE/CVF Conference on Computer Vision and Pattern Recognition Workshops
web/data/public_preview_map_data.json,records[1132].venue_aliases[4],source_alias,IEEE/CVF Conference on Computer Vision and Pattern Recognition Workshops (CVPRW)
web/data/public_preview_map_data.json,records[1132].venue_aliases[6],source_alias,CVPRW
web/data/public_preview_map_data.json,records[1132].venue_aliases[9],source_alias,2024 IEEE/CVF Conference on Computer Vision and Pattern Recognition Workshops (CVPRW)
web/data/public_preview_map_data.json,records[1133].venue_track,paper_track,Workshop
web/data/public_preview_map_data.json,records[1133].raw_venue,provenance,2026 IEEE/CVF Conference on Computer Vision and Pattern Recognition (CVPR) Workshops
web/data/public_preview_map_data.json,records[1133].venue_aliases[2],source_alias,IEEE/CVF Conference on Computer Vision and Pattern Recognition (CVPR) Workshops
web/data/public_preview_map_data.json,records[1133].venue_aliases[3],source_alias,IEEE/CVF Conference on Computer Vision and Pattern Recognition Workshops
web/data/public_preview_map_data.json,records[1133].venue_aliases[4],source_alias,IEEE/CVF Conference on Computer Vision and Pattern Recognition Workshops (CVPRW)
web/data/public_preview_map_data.json,records[1133].venue_aliases[6],source_alias,CVPRW
web/data/public_preview_map_data.json,records[1133].venue_aliases[9],source_alias,2024 IEEE/CVF Conference on Computer Vision and Pattern Recognition Workshops (CVPRW)
web/data/public_preview_map_data.json,records[1143].venue,canonical_venue,ACM Workshop on Information Hiding and Multimedia Security
web/data/public_preview_map_data.json,records[1143].venue_name,canonical_venue,ACM Workshop on Information Hiding and Multimedia Security
web/data/public_preview_map_data.json,records[1143].venue_track,paper_track,Workshop
web/data/public_preview_map_data.json,records[1143].raw_venue,provenance,Proceedings of the 2026 ACM Workshop on Information Hiding and Multimedia Security (IH&MMSec)
web/data/public_preview_map_data.json,records[1143].venue_aliases[0],source_alias,ACM Workshop on Information Hiding and Multimedia Security (IH&MMSec)
web/data/public_preview_map_data.json,records[1143].venue_aliases[1],source_alias,ACM Workshop on Information Hiding and Multimedia Security
web/data/public_preview_map_data.json,records[1174].venue_aliases[2],source_alias,IEEE/CVF Conference on Computer Vision and Pattern Recognition (CVPR) Workshops
web/data/public_preview_map_data.json,records[1174].venue_aliases[3],source_alias,IEEE/CVF Conference on Computer Vision and Pattern Recognition Workshops
web/data/public_preview_map_data.json,records[1174].venue_aliases[4],source_alias,IEEE/CVF Conference on Computer Vision and Pattern Recognition Workshops (CVPRW)
web/data/public_preview_map_data.json,records[1174].venue_aliases[6],source_alias,CVPRW
web/data/public_preview_map_data.json,records[1174].venue_aliases[9],source_alias,2024 IEEE/CVF Conference on Computer Vision and Pattern Recognition Workshops (CVPRW)
web/data/public_preview_map_data.json,records[1208].venue_aliases[2],source_alias,IEEE/CVF Conference on Computer Vision and Pattern Recognition (CVPR) Workshops
web/data/public_preview_map_data.json,records[1208].venue_aliases[3],source_alias,IEEE/CVF Conference on Computer Vision and Pattern Recognition Workshops
web/data/public_preview_map_data.json,records[1208].venue_aliases[4],source_alias,IEEE/CVF Conference on Computer Vision and Pattern Recognition Workshops (CVPRW)
web/data/public_preview_map_data.json,records[1208].venue_aliases[6],source_alias,CVPRW
web/data/public_preview_map_data.json,records[1208].venue_aliases[9],source_alias,2024 IEEE/CVF Conference on Computer Vision and Pattern Recognition Workshops (CVPRW)
web/data/public_preview_map_data.json,records[1210].venue_aliases[3],source_alias,"Proceedings of the 1st on Deepfake Forensics Workshop: Detection, Attribution, Recognition, and Adversarial Challenges in the Era of AI-Generated Media"
web/data/public_preview_map_data.json,records[1211].venue_track,paper_track,Workshop
web/data/public_preview_map_data.json,records[1211].raw_venue,provenance,Proceedings of the IEEE/CVF Conference on Computer Vision and Pattern Recognition (CVPR) Workshops; NTIRE (New Trends in Image Restoration and Enhancement)
web/data/public_preview_map_data.json,records[1211].venue_aliases[2],source_alias,IEEE/CVF Conference on Computer Vision and Pattern Recognition (CVPR) Workshops
web/data/public_preview_map_data.json,records[1211].venue_aliases[3],source_alias,IEEE/CVF Conference on Computer Vision and Pattern Recognition Workshops
web/data/public_preview_map_data.json,records[1211].venue_aliases[4],source_alias,IEEE/CVF Conference on Computer Vision and Pattern Recognition Workshops (CVPRW)
web/data/public_preview_map_data.json,records[1211].venue_aliases[6],source_alias,CVPRW
web/data/public_preview_map_data.json,records[1211].venue_aliases[9],source_alias,2024 IEEE/CVF Conference on Computer Vision and Pattern Recognition Workshops (CVPRW)
web/data/public_preview_map_data.json,records[1212].venue_track,paper_track,Workshop
web/data/public_preview_map_data.json,records[1212].raw_venue,provenance,Proceedings of the IEEE/CVF Conference on Computer Vision and Pattern Recognition (CVPR) Workshops; NTIRE (New Trends in Image Restoration and Enhancement)
web/data/public_preview_map_data.json,records[1212].venue_aliases[2],source_alias,IEEE/CVF Conference on Computer Vision and Pattern Recognition (CVPR) Workshops
web/data/public_preview_map_data.json,records[1212].venue_aliases[3],source_alias,IEEE/CVF Conference on Computer Vision and Pattern Recognition Workshops
web/data/public_preview_map_data.json,records[1212].venue_aliases[4],source_alias,IEEE/CVF Conference on Computer Vision and Pattern Recognition Workshops (CVPRW)
web/data/public_preview_map_data.json,records[1212].venue_aliases[6],source_alias,CVPRW
web/data/public_preview_map_data.json,records[1212].venue_aliases[9],source_alias,2024 IEEE/CVF Conference on Computer Vision and Pattern Recognition Workshops (CVPRW)
web/data/public_preview_map_data.json,records[1213].venue_track,paper_track,Workshop
web/data/public_preview_map_data.json,records[1213].raw_venue,provenance,Proceedings of the IEEE/CVF Conference on Computer Vision and Pattern Recognition (CVPR) Workshops; NTIRE (New Trends in Image Restoration and Enhancement)
web/data/public_preview_map_data.json,records[1213].venue_aliases[2],source_alias,IEEE/CVF Conference on Computer Vision and Pattern Recognition (CVPR) Workshops
web/data/public_preview_map_data.json,records[1213].venue_aliases[3],source_alias,IEEE/CVF Conference on Computer Vision and Pattern Recognition Workshops
web/data/public_preview_map_data.json,records[1213].venue_aliases[4],source_alias,IEEE/CVF Conference on Computer Vision and Pattern Recognition Workshops (CVPRW)
web/data/public_preview_map_data.json,records[1213].venue_aliases[6],source_alias,CVPRW
web/data/public_preview_map_data.json,records[1213].venue_aliases[9],source_alias,2024 IEEE/CVF Conference on Computer Vision and Pattern Recognition Workshops (CVPRW)
web/data/public_preview_map_data.json,records[1214].venue_track,paper_track,Workshop
web/data/public_preview_map_data.json,records[1214].raw_venue,provenance,Proceedings of the IEEE/CVF Conference on Computer Vision and Pattern Recognition (CVPR) Workshops; NTIRE (New Trends in Image Restoration and Enhancement)
web/data/public_preview_map_data.json,records[1214].venue_aliases[2],source_alias,IEEE/CVF Conference on Computer Vision and Pattern Recognition (CVPR) Workshops
web/data/public_preview_map_data.json,records[1214].venue_aliases[3],source_alias,IEEE/CVF Conference on Computer Vision and Pattern Recognition Workshops
web/data/public_preview_map_data.json,records[1214].venue_aliases[4],source_alias,IEEE/CVF Conference on Computer Vision and Pattern Recognition Workshops (CVPRW)
web/data/public_preview_map_data.json,records[1214].venue_aliases[6],source_alias,CVPRW
web/data/public_preview_map_data.json,records[1214].venue_aliases[9],source_alias,2024 IEEE/CVF Conference on Computer Vision and Pattern Recognition Workshops (CVPRW)
web/data/public_preview_map_data.json,records[1215].venue_aliases[2],source_alias,IEEE/CVF Conference on Computer Vision and Pattern Recognition (CVPR) Workshops
web/data/public_preview_map_data.json,records[1215].venue_aliases[3],source_alias,IEEE/CVF Conference on Computer Vision and Pattern Recognition Workshops
web/data/public_preview_map_data.json,records[1215].venue_aliases[4],source_alias,IEEE/CVF Conference on Computer Vision and Pattern Recognition Workshops (CVPRW)
web/data/public_preview_map_data.json,records[1215].venue_aliases[6],source_alias,CVPRW
web/data/public_preview_map_data.json,records[1215].venue_aliases[9],source_alias,2024 IEEE/CVF Conference on Computer Vision and Pattern Recognition Workshops (CVPRW)
web/data/public_preview_map_data.json,records[1217].venue_aliases[2],source_alias,IEEE/CVF Conference on Computer Vision and Pattern Recognition (CVPR) Workshops
web/data/public_preview_map_data.json,records[1217].venue_aliases[3],source_alias,IEEE/CVF Conference on Computer Vision and Pattern Recognition Workshops
web/data/public_preview_map_data.json,records[1217].venue_aliases[4],source_alias,IEEE/CVF Conference on Computer Vision and Pattern Recognition Workshops (CVPRW)
web/data/public_preview_map_data.json,records[1217].venue_aliases[6],source_alias,CVPRW
web/data/public_preview_map_data.json,records[1217].venue_aliases[9],source_alias,2024 IEEE/CVF Conference on Computer Vision and Pattern Recognition Workshops (CVPRW)
web/data/public_preview_map_data.json,records[1218].venue_aliases[2],source_alias,IEEE/CVF Conference on Computer Vision and Pattern Recognition (CVPR) Workshops
web/data/public_preview_map_data.json,records[1218].venue_aliases[3],source_alias,IEEE/CVF Conference on Computer Vision and Pattern Recognition Workshops
web/data/public_preview_map_data.json,records[1218].venue_aliases[4],source_alias,IEEE/CVF Conference on Computer Vision and Pattern Recognition Workshops (CVPRW)
web/data/public_preview_map_data.json,records[1218].venue_aliases[6],source_alias,CVPRW
web/data/public_preview_map_data.json,records[1218].venue_aliases[9],source_alias,2024 IEEE/CVF Conference on Computer Vision and Pattern Recognition Workshops (CVPRW)
web/data/public_preview_map_data.json,records[1219].venue_aliases[2],source_alias,IEEE/CVF Conference on Computer Vision and Pattern Recognition (CVPR) Workshops
web/data/public_preview_map_data.json,records[1219].venue_aliases[3],source_alias,IEEE/CVF Conference on Computer Vision and Pattern Recognition Workshops
web/data/public_preview_map_data.json,records[1219].venue_aliases[4],source_alias,IEEE/CVF Conference on Computer Vision and Pattern Recognition Workshops (CVPRW)
web/data/public_preview_map_data.json,records[1219].venue_aliases[6],source_alias,CVPRW
web/data/public_preview_map_data.json,records[1219].venue_aliases[9],source_alias,2024 IEEE/CVF Conference on Computer Vision and Pattern Recognition Workshops (CVPRW)
web/data/public_preview_map_data.json,records[1220].venue_aliases[2],source_alias,IEEE/CVF Conference on Computer Vision and Pattern Recognition (CVPR) Workshops
web/data/public_preview_map_data.json,records[1220].venue_aliases[3],source_alias,IEEE/CVF Conference on Computer Vision and Pattern Recognition Workshops
web/data/public_preview_map_data.json,records[1220].venue_aliases[4],source_alias,IEEE/CVF Conference on Computer Vision and Pattern Recognition Workshops (CVPRW)
web/data/public_preview_map_data.json,records[1220].venue_aliases[6],source_alias,CVPRW
web/data/public_preview_map_data.json,records[1220].venue_aliases[9],source_alias,2024 IEEE/CVF Conference on Computer Vision and Pattern Recognition Workshops (CVPRW)
web/data/public_preview_map_data.json,records[1221].venue_aliases[2],source_alias,IEEE/CVF Conference on Computer Vision and Pattern Recognition (CVPR) Workshops
web/data/public_preview_map_data.json,records[1221].venue_aliases[3],source_alias,IEEE/CVF Conference on Computer Vision and Pattern Recognition Workshops
web/data/public_preview_map_data.json,records[1221].venue_aliases[4],source_alias,IEEE/CVF Conference on Computer Vision and Pattern Recognition Workshops (CVPRW)
web/data/public_preview_map_data.json,records[1221].venue_aliases[6],source_alias,CVPRW
web/data/public_preview_map_data.json,records[1221].venue_aliases[9],source_alias,2024 IEEE/CVF Conference on Computer Vision and Pattern Recognition Workshops (CVPRW)
web/data/public_preview_map_data.json,records[1222].venue_aliases[2],source_alias,IEEE/CVF Conference on Computer Vision and Pattern Recognition (CVPR) Workshops
web/data/public_preview_map_data.json,records[1222].venue_aliases[3],source_alias,IEEE/CVF Conference on Computer Vision and Pattern Recognition Workshops
web/data/public_preview_map_data.json,records[1222].venue_aliases[4],source_alias,IEEE/CVF Conference on Computer Vision and Pattern Recognition Workshops (CVPRW)
web/data/public_preview_map_data.json,records[1222].venue_aliases[6],source_alias,CVPRW
web/data/public_preview_map_data.json,records[1222].venue_aliases[9],source_alias,2024 IEEE/CVF Conference on Computer Vision and Pattern Recognition Workshops (CVPRW)
web/data/public_preview_map_data.json,records[1223].venue_aliases[2],source_alias,IEEE/CVF Conference on Computer Vision and Pattern Recognition (CVPR) Workshops
web/data/public_preview_map_data.json,records[1223].venue_aliases[3],source_alias,IEEE/CVF Conference on Computer Vision and Pattern Recognition Workshops
web/data/public_preview_map_data.json,records[1223].venue_aliases[4],source_alias,IEEE/CVF Conference on Computer Vision and Pattern Recognition Workshops (CVPRW)
web/data/public_preview_map_data.json,records[1223].venue_aliases[6],source_alias,CVPRW
web/data/public_preview_map_data.json,records[1223].venue_aliases[9],source_alias,2024 IEEE/CVF Conference on Computer Vision and Pattern Recognition Workshops (CVPRW)
web/data/public_preview_map_data.json,records[1224].venue_aliases[2],source_alias,IEEE/CVF Conference on Computer Vision and Pattern Recognition (CVPR) Workshops
web/data/public_preview_map_data.json,records[1224].venue_aliases[3],source_alias,IEEE/CVF Conference on Computer Vision and Pattern Recognition Workshops
web/data/public_preview_map_data.json,records[1224].venue_aliases[4],source_alias,IEEE/CVF Conference on Computer Vision and Pattern Recognition Workshops (CVPRW)
web/data/public_preview_map_data.json,records[1224].venue_aliases[6],source_alias,CVPRW
web/data/public_preview_map_data.json,records[1224].venue_aliases[9],source_alias,2024 IEEE/CVF Conference on Computer Vision and Pattern Recognition Workshops (CVPRW)
web/data/public_preview_map_data.json,records[1225].venue_aliases[2],source_alias,IEEE/CVF Conference on Computer Vision and Pattern Recognition (CVPR) Workshops
web/data/public_preview_map_data.json,records[1225].venue_aliases[3],source_alias,IEEE/CVF Conference on Computer Vision and Pattern Recognition Workshops
web/data/public_preview_map_data.json,records[1225].venue_aliases[4],source_alias,IEEE/CVF Conference on Computer Vision and Pattern Recognition Workshops (CVPRW)
web/data/public_preview_map_data.json,records[1225].venue_aliases[6],source_alias,CVPRW
web/data/public_preview_map_data.json,records[1225].venue_aliases[9],source_alias,2024 IEEE/CVF Conference on Computer Vision and Pattern Recognition Workshops (CVPRW)
web/data/public_preview_map_data.json,records[1226].venue_aliases[2],source_alias,IEEE/CVF Conference on Computer Vision and Pattern Recognition (CVPR) Workshops
web/data/public_preview_map_data.json,records[1226].venue_aliases[3],source_alias,IEEE/CVF Conference on Computer Vision and Pattern Recognition Workshops
web/data/public_preview_map_data.json,records[1226].venue_aliases[4],source_alias,IEEE/CVF Conference on Computer Vision and Pattern Recognition Workshops (CVPRW)
web/data/public_preview_map_data.json,records[1226].venue_aliases[6],source_alias,CVPRW
web/data/public_preview_map_data.json,records[1226].venue_aliases[9],source_alias,2024 IEEE/CVF Conference on Computer Vision and Pattern Recognition Workshops (CVPRW)
web/data/public_preview_map_data.json,records[1227].venue_aliases[2],source_alias,IEEE/CVF Conference on Computer Vision and Pattern Recognition (CVPR) Workshops
web/data/public_preview_map_data.json,records[1227].venue_aliases[3],source_alias,IEEE/CVF Conference on Computer Vision and Pattern Recognition Workshops
web/data/public_preview_map_data.json,records[1227].venue_aliases[4],source_alias,IEEE/CVF Conference on Computer Vision and Pattern Recognition Workshops (CVPRW)
web/data/public_preview_map_data.json,records[1227].venue_aliases[6],source_alias,CVPRW
web/data/public_preview_map_data.json,records[1227].venue_aliases[9],source_alias,2024 IEEE/CVF Conference on Computer Vision and Pattern Recognition Workshops (CVPRW)
web/data/public_preview_map_data.json,records[1228].venue_aliases[2],source_alias,IEEE/CVF Conference on Computer Vision and Pattern Recognition (CVPR) Workshops
web/data/public_preview_map_data.json,records[1228].venue_aliases[3],source_alias,IEEE/CVF Conference on Computer Vision and Pattern Recognition Workshops
web/data/public_preview_map_data.json,records[1228].venue_aliases[4],source_alias,IEEE/CVF Conference on Computer Vision and Pattern Recognition Workshops (CVPRW)
web/data/public_preview_map_data.json,records[1228].venue_aliases[6],source_alias,CVPRW
web/data/public_preview_map_data.json,records[1228].venue_aliases[9],source_alias,2024 IEEE/CVF Conference on Computer Vision and Pattern Recognition Workshops (CVPRW)
web/data/public_preview_map_data.json,records[1229].venue_aliases[2],source_alias,IEEE/CVF Conference on Computer Vision and Pattern Recognition (CVPR) Workshops
web/data/public_preview_map_data.json,records[1229].venue_aliases[3],source_alias,IEEE/CVF Conference on Computer Vision and Pattern Recognition Workshops
web/data/public_preview_map_data.json,records[1229].venue_aliases[4],source_alias,IEEE/CVF Conference on Computer Vision and Pattern Recognition Workshops (CVPRW)
web/data/public_preview_map_data.json,records[1229].venue_aliases[6],source_alias,CVPRW
web/data/public_preview_map_data.json,records[1229].venue_aliases[9],source_alias,2024 IEEE/CVF Conference on Computer Vision and Pattern Recognition Workshops (CVPRW)
web/data/public_preview_map_data.json,records[1230].venue_aliases[2],source_alias,IEEE/CVF Conference on Computer Vision and Pattern Recognition (CVPR) Workshops
web/data/public_preview_map_data.json,records[1230].venue_aliases[3],source_alias,IEEE/CVF Conference on Computer Vision and Pattern Recognition Workshops
web/data/public_preview_map_data.json,records[1230].venue_aliases[4],source_alias,IEEE/CVF Conference on Computer Vision and Pattern Recognition Workshops (CVPRW)
web/data/public_preview_map_data.json,records[1230].venue_aliases[6],source_alias,CVPRW
web/data/public_preview_map_data.json,records[1230].venue_aliases[9],source_alias,2024 IEEE/CVF Conference on Computer Vision and Pattern Recognition Workshops (CVPRW)
web/data/public_preview_map_data.json,records[1231].venue_aliases[2],source_alias,European Conference on Computer Vision (ECCV) Workshops
web/data/public_preview_map_data.json,records[1231].venue_aliases[3],source_alias,Computer Vision – ECCV 2024 Workshops
web/data/public_preview_map_data.json,records[1232].venue_aliases[2],source_alias,European Conference on Computer Vision (ECCV) Workshops
web/data/public_preview_map_data.json,records[1232].venue_aliases[3],source_alias,Computer Vision – ECCV 2024 Workshops
web/data/public_preview_map_data.json,records[1235].venue_aliases[2],source_alias,European Conference on Computer Vision (ECCV) Workshops
web/data/public_preview_map_data.json,records[1235].venue_aliases[3],source_alias,Computer Vision – ECCV 2024 Workshops
web/data/public_preview_map_data.json,records[1236].venue_aliases[2],source_alias,European Conference on Computer Vision (ECCV) Workshops
web/data/public_preview_map_data.json,records[1236].venue_aliases[3],source_alias,Computer Vision – ECCV 2024 Workshops
web/data/public_preview_map_data.json,records[1237].venue_aliases[2],source_alias,European Conference on Computer Vision (ECCV) Workshops
web/data/public_preview_map_data.json,records[1237].venue_aliases[3],source_alias,Computer Vision – ECCV 2024 Workshops
web/data/public_preview_map_data.json,records[1249].venue_aliases[3],source_alias,"Proceedings of the 1st on Deepfake Forensics Workshop: Detection, Attribution, Recognition, and Adversarial Challenges in the Era of AI-Generated Media"
web/data/public_preview_map_data.json,records[1250].venue_aliases[3],source_alias,"Proceedings of the 1st on Deepfake Forensics Workshop: Detection, Attribution, Recognition, and Adversarial Challenges in the Era of AI-Generated Media"
web/data/public_preview_map_data.json,records[1254].venue_track,paper_track,Workshop
web/data/public_preview_map_data.json,records[1254].venue_aliases[2],source_alias,European Conference on Computer Vision (ECCV) Workshops
web/data/public_preview_map_data.json,records[1254].venue_aliases[3],source_alias,Computer Vision – ECCV 2024 Workshops
web/data/public_preview_map_data.json,records[1256].venue_track,paper_track,Workshop
web/data/public_preview_map_data.json,records[1256].raw_venue,provenance,Proceedings of the IEEE/CVF Conference on Computer Vision and Pattern Recognition (CVPR) Workshops; SAFE (Synthetic & Adversarial ForEnsics)
web/data/public_preview_map_data.json,records[1256].venue_aliases[2],source_alias,IEEE/CVF Conference on Computer Vision and Pattern Recognition (CVPR) Workshops
web/data/public_preview_map_data.json,records[1256].venue_aliases[3],source_alias,IEEE/CVF Conference on Computer Vision and Pattern Recognition Workshops
web/data/public_preview_map_data.json,records[1256].venue_aliases[4],source_alias,IEEE/CVF Conference on Computer Vision and Pattern Recognition Workshops (CVPRW)
web/data/public_preview_map_data.json,records[1256].venue_aliases[6],source_alias,CVPRW
web/data/public_preview_map_data.json,records[1256].venue_aliases[9],source_alias,2024 IEEE/CVF Conference on Computer Vision and Pattern Recognition Workshops (CVPRW)
web/data/public_preview_map_data.json,records[1257].venue_aliases[2],source_alias,IEEE/CVF Conference on Computer Vision and Pattern Recognition (CVPR) Workshops
web/data/public_preview_map_data.json,records[1257].venue_aliases[3],source_alias,IEEE/CVF Conference on Computer Vision and Pattern Recognition Workshops
web/data/public_preview_map_data.json,records[1257].venue_aliases[4],source_alias,IEEE/CVF Conference on Computer Vision and Pattern Recognition Workshops (CVPRW)
web/data/public_preview_map_data.json,records[1257].venue_aliases[6],source_alias,CVPRW
web/data/public_preview_map_data.json,records[1257].venue_aliases[9],source_alias,2024 IEEE/CVF Conference on Computer Vision and Pattern Recognition Workshops (CVPRW)
web/data/public_preview_map_data.json,records[1258].venue_aliases[2],source_alias,European Conference on Computer Vision (ECCV) Workshops
web/data/public_preview_map_data.json,records[1258].venue_aliases[3],source_alias,Computer Vision – ECCV 2024 Workshops
web/data/public_preview_map_data.json,records[1275].venue_track,paper_track,Workshop
web/data/public_preview_map_data.json,records[1275].raw_venue,provenance,Proceedings of the IEEE/CVF Conference on Computer Vision and Pattern Recognition (CVPR) Workshops; SAFE (Synthetic & Adversarial ForEnsics)
web/data/public_preview_map_data.json,records[1275].venue_aliases[2],source_alias,IEEE/CVF Conference on Computer Vision and Pattern Recognition (CVPR) Workshops
web/data/public_preview_map_data.json,records[1275].venue_aliases[3],source_alias,IEEE/CVF Conference on Computer Vision and Pattern Recognition Workshops
web/data/public_preview_map_data.json,records[1275].venue_aliases[4],source_alias,IEEE/CVF Conference on Computer Vision and Pattern Recognition Workshops (CVPRW)
web/data/public_preview_map_data.json,records[1275].venue_aliases[6],source_alias,CVPRW
web/data/public_preview_map_data.json,records[1275].venue_aliases[9],source_alias,2024 IEEE/CVF Conference on Computer Vision and Pattern Recognition Workshops (CVPRW)
web/data/public_preview_map_data.json,records[1276].venue_track,paper_track,Workshop
web/data/public_preview_map_data.json,records[1276].raw_venue,provenance,Proceedings of the IEEE/CVF Conference on Computer Vision and Pattern Recognition (CVPR) Workshops; SAFE (Synthetic & Adversarial ForEnsics)
web/data/public_preview_map_data.json,records[1276].venue_aliases[2],source_alias,IEEE/CVF Conference on Computer Vision and Pattern Recognition (CVPR) Workshops
web/data/public_preview_map_data.json,records[1276].venue_aliases[3],source_alias,IEEE/CVF Conference on Computer Vision and Pattern Recognition Workshops
web/data/public_preview_map_data.json,records[1276].venue_aliases[4],source_alias,IEEE/CVF Conference on Computer Vision and Pattern Recognition Workshops (CVPRW)
web/data/public_preview_map_data.json,records[1276].venue_aliases[6],source_alias,CVPRW
web/data/public_preview_map_data.json,records[1276].venue_aliases[9],source_alias,2024 IEEE/CVF Conference on Computer Vision and Pattern Recognition Workshops (CVPRW)
web/data/public_preview_map_data.json,records[1278].venue_aliases[2],source_alias,IEEE/CVF Conference on Computer Vision and Pattern Recognition (CVPR) Workshops
web/data/public_preview_map_data.json,records[1278].venue_aliases[3],source_alias,IEEE/CVF Conference on Computer Vision and Pattern Recognition Workshops
web/data/public_preview_map_data.json,records[1278].venue_aliases[4],source_alias,IEEE/CVF Conference on Computer Vision and Pattern Recognition Workshops (CVPRW)
web/data/public_preview_map_data.json,records[1278].venue_aliases[6],source_alias,CVPRW
web/data/public_preview_map_data.json,records[1278].venue_aliases[9],source_alias,2024 IEEE/CVF Conference on Computer Vision and Pattern Recognition Workshops (CVPRW)
web/data/public_preview_map_data.json,records[1279].venue_aliases[2],source_alias,European Conference on Computer Vision (ECCV) Workshops
web/data/public_preview_map_data.json,records[1279].venue_aliases[3],source_alias,Computer Vision – ECCV 2024 Workshops
web/data/public_preview_map_data.json,records[1281].venue_aliases[3],source_alias,"Proceedings of the 1st on Deepfake Forensics Workshop: Detection, Attribution, Recognition, and Adversarial Challenges in the Era of AI-Generated Media"
web/data/public_preview_map_data.json,records[1290].venue_aliases[2],source_alias,IEEE/CVF Conference on Computer Vision and Pattern Recognition (CVPR) Workshops
web/data/public_preview_map_data.json,records[1290].venue_aliases[3],source_alias,IEEE/CVF Conference on Computer Vision and Pattern Recognition Workshops
web/data/public_preview_map_data.json,records[1290].venue_aliases[4],source_alias,IEEE/CVF Conference on Computer Vision and Pattern Recognition Workshops (CVPRW)
web/data/public_preview_map_data.json,records[1290].venue_aliases[6],source_alias,CVPRW
web/data/public_preview_map_data.json,records[1290].venue_aliases[9],source_alias,2024 IEEE/CVF Conference on Computer Vision and Pattern Recognition Workshops (CVPRW)
web/data/public_preview_map_data.json,records[1291].venue_aliases[2],source_alias,IEEE/CVF Conference on Computer Vision and Pattern Recognition (CVPR) Workshops
web/data/public_preview_map_data.json,records[1291].venue_aliases[3],source_alias,IEEE/CVF Conference on Computer Vision and Pattern Recognition Workshops
web/data/public_preview_map_data.json,records[1291].venue_aliases[4],source_alias,IEEE/CVF Conference on Computer Vision and Pattern Recognition Workshops (CVPRW)
web/data/public_preview_map_data.json,records[1291].venue_aliases[6],source_alias,CVPRW
web/data/public_preview_map_data.json,records[1291].venue_aliases[9],source_alias,2024 IEEE/CVF Conference on Computer Vision and Pattern Recognition Workshops (CVPRW)
web/data/public_preview_map_data.json,records[1292].venue_track,paper_track,Workshop
web/data/public_preview_map_data.json,records[1312].venue_aliases[3],source_alias,"Proceedings of the 1st on Deepfake Forensics Workshop: Detection, Attribution, Recognition, and Adversarial Challenges in the Era of AI-Generated Media"
web/data/public_preview_map_data.json,records[1313].venue_aliases[3],source_alias,"Proceedings of the 1st on Deepfake Forensics Workshop: Detection, Attribution, Recognition, and Adversarial Challenges in the Era of AI-Generated Media"
web/data/public_preview_map_data.json,records[1314].venue_aliases[3],source_alias,"Proceedings of the 1st on Deepfake Forensics Workshop: Detection, Attribution, Recognition, and Adversarial Challenges in the Era of AI-Generated Media"
web/data/public_preview_map_data.json,records[1315].venue_aliases[3],source_alias,"Proceedings of the 1st on Deepfake Forensics Workshop: Detection, Attribution, Recognition, and Adversarial Challenges in the Era of AI-Generated Media"
web/data/public_preview_map_data.json,records[1316].venue_aliases[3],source_alias,"Proceedings of the 1st on Deepfake Forensics Workshop: Detection, Attribution, Recognition, and Adversarial Challenges in the Era of AI-Generated Media"
web/data/public_preview_map_data.json,records[1317].venue_aliases[2],source_alias,IEEE/CVF Conference on Computer Vision and Pattern Recognition (CVPR) Workshops
web/data/public_preview_map_data.json,records[1317].venue_aliases[3],source_alias,IEEE/CVF Conference on Computer Vision and Pattern Recognition Workshops
web/data/public_preview_map_data.json,records[1317].venue_aliases[4],source_alias,IEEE/CVF Conference on Computer Vision and Pattern Recognition Workshops (CVPRW)
web/data/public_preview_map_data.json,records[1317].venue_aliases[6],source_alias,CVPRW
web/data/public_preview_map_data.json,records[1317].venue_aliases[9],source_alias,2024 IEEE/CVF Conference on Computer Vision and Pattern Recognition Workshops (CVPRW)
web/data/public_preview_map_data.json,records[1318].venue_aliases[2],source_alias,IEEE/CVF Conference on Computer Vision and Pattern Recognition (CVPR) Workshops
web/data/public_preview_map_data.json,records[1318].venue_aliases[3],source_alias,IEEE/CVF Conference on Computer Vision and Pattern Recognition Workshops
web/data/public_preview_map_data.json,records[1318].venue_aliases[4],source_alias,IEEE/CVF Conference on Computer Vision and Pattern Recognition Workshops (CVPRW)
web/data/public_preview_map_data.json,records[1318].venue_aliases[6],source_alias,CVPRW
web/data/public_preview_map_data.json,records[1318].venue_aliases[9],source_alias,2024 IEEE/CVF Conference on Computer Vision and Pattern Recognition Workshops (CVPRW)
web/data/public_preview_map_data.json,records[1319].venue_aliases[2],source_alias,IEEE/CVF International Conference on Computer Vision Workshops (ICCVW)
web/data/public_preview_map_data.json,records[1319].venue_aliases[3],source_alias,ICCVW
web/data/public_preview_map_data.json,records[1319].venue_aliases[4],source_alias,ICCV Workshops
web/data/public_preview_map_data.json,records[1320].venue_aliases[2],source_alias,IEEE/CVF International Conference on Computer Vision Workshops (ICCVW)
web/data/public_preview_map_data.json,records[1320].venue_aliases[3],source_alias,ICCVW
web/data/public_preview_map_data.json,records[1320].venue_aliases[4],source_alias,ICCV Workshops
web/data/public_preview_papers.json,records[2].venue_aliases[2],source_alias,IEEE/CVF Conference on Computer Vision and Pattern Recognition (CVPR) Workshops
web/data/public_preview_papers.json,records[2].venue_aliases[3],source_alias,IEEE/CVF Conference on Computer Vision and Pattern Recognition Workshops
web/data/public_preview_papers.json,records[2].venue_aliases[4],source_alias,IEEE/CVF Conference on Computer Vision and Pattern Recognition Workshops (CVPRW)
web/data/public_preview_papers.json,records[2].venue_aliases[6],source_alias,CVPRW
web/data/public_preview_papers.json,records[2].venue_aliases[9],source_alias,2024 IEEE/CVF Conference on Computer Vision and Pattern Recognition Workshops (CVPRW)
web/data/public_preview_papers.json,records[3].venue_aliases[2],source_alias,IEEE/CVF Conference on Computer Vision and Pattern Recognition (CVPR) Workshops
web/data/public_preview_papers.json,records[3].venue_aliases[3],source_alias,IEEE/CVF Conference on Computer Vision and Pattern Recognition Workshops
web/data/public_preview_papers.json,records[3].venue_aliases[4],source_alias,IEEE/CVF Conference on Computer Vision and Pattern Recognition Workshops (CVPRW)
web/data/public_preview_papers.json,records[3].venue_aliases[6],source_alias,CVPRW
web/data/public_preview_papers.json,records[3].venue_aliases[9],source_alias,2024 IEEE/CVF Conference on Computer Vision and Pattern Recognition Workshops (CVPRW)
web/data/public_preview_papers.json,records[4].venue_track,paper_track,Workshop
web/data/public_preview_papers.json,records[4].raw_venue,provenance,Proceedings of the IEEE/CVF Conference on Computer Vision and Pattern Recognition (CVPR) Workshops; SAFE (Synthetic & Adversarial ForEnsics)
web/data/public_preview_papers.json,records[4].venue_aliases[2],source_alias,IEEE/CVF Conference on Computer Vision and Pattern Recognition (CVPR) Workshops
web/data/public_preview_papers.json,records[4].venue_aliases[3],source_alias,IEEE/CVF Conference on Computer Vision and Pattern Recognition Workshops
web/data/public_preview_papers.json,records[4].venue_aliases[4],source_alias,IEEE/CVF Conference on Computer Vision and Pattern Recognition Workshops (CVPRW)
web/data/public_preview_papers.json,records[4].venue_aliases[6],source_alias,CVPRW
web/data/public_preview_papers.json,records[4].venue_aliases[9],source_alias,2024 IEEE/CVF Conference on Computer Vision and Pattern Recognition Workshops (CVPRW)
web/data/public_preview_papers.json,records[18].venue_aliases[3],source_alias,"Proceedings of the 1st on Deepfake Forensics Workshop: Detection, Attribution, Recognition, and Adversarial Challenges in the Era of AI-Generated Media"
web/data/public_preview_papers.json,records[21].venue_aliases[2],source_alias,IEEE/CVF Conference on Computer Vision and Pattern Recognition (CVPR) Workshops
web/data/public_preview_papers.json,records[21].venue_aliases[3],source_alias,IEEE/CVF Conference on Computer Vision and Pattern Recognition Workshops
web/data/public_preview_papers.json,records[21].venue_aliases[4],source_alias,IEEE/CVF Conference on Computer Vision and Pattern Recognition Workshops (CVPRW)
web/data/public_preview_papers.json,records[21].venue_aliases[6],source_alias,CVPRW
web/data/public_preview_papers.json,records[21].venue_aliases[9],source_alias,2024 IEEE/CVF Conference on Computer Vision and Pattern Recognition Workshops (CVPRW)
web/data/public_preview_papers.json,records[22].venue,canonical_venue,ACM International Workshop on Multimedia AI against Disinformation
web/data/public_preview_papers.json,records[22].venue_name,canonical_venue,ACM International Workshop on Multimedia AI against Disinformation
web/data/public_preview_papers.json,records[22].venue_track,paper_track,Workshop
web/data/public_preview_papers.json,records[22].raw_venue,provenance,Proceedings of the 5th ACM International Workshop on Multimedia AI against Disinformation (MAD)
web/data/public_preview_papers.json,records[22].venue_aliases[0],source_alias,ACM International Workshop on Multimedia AI against Disinformation (MAD)
web/data/public_preview_papers.json,records[22].venue_aliases[1],source_alias,ACM International Workshop on Multimedia AI against Disinformation
web/data/public_preview_papers.json,records[22].venue_aliases[2],source_alias,Proceedings of the 1st International Workshop on Multimedia AI against Disinformation
web/data/public_preview_papers.json,records[24].venue_aliases[2],source_alias,European Conference on Computer Vision (ECCV) Workshops
web/data/public_preview_papers.json,records[24].venue_aliases[3],source_alias,Computer Vision – ECCV 2024 Workshops
web/data/public_preview_papers.json,records[25].venue_track,paper_track,Workshop
web/data/public_preview_papers.json,records[25].raw_venue,provenance,Proceedings of the IEEE/CVF Conference on Computer Vision and Pattern Recognition (CVPR) Workshops; NTIRE (New Trends in Image Restoration and Enhancement)
web/data/public_preview_papers.json,records[25].venue_aliases[2],source_alias,IEEE/CVF Conference on Computer Vision and Pattern Recognition (CVPR) Workshops
web/data/public_preview_papers.json,records[25].venue_aliases[3],source_alias,IEEE/CVF Conference on Computer Vision and Pattern Recognition Workshops
web/data/public_preview_papers.json,records[25].venue_aliases[4],source_alias,IEEE/CVF Conference on Computer Vision and Pattern Recognition Workshops (CVPRW)
web/data/public_preview_papers.json,records[25].venue_aliases[6],source_alias,CVPRW
web/data/public_preview_papers.json,records[25].venue_aliases[9],source_alias,2024 IEEE/CVF Conference on Computer Vision and Pattern Recognition Workshops (CVPRW)
web/data/public_preview_papers.json,records[30].venue_track,paper_track,Workshop
web/data/public_preview_papers.json,records[30].raw_venue,provenance,2026 IEEE/CVF Conference on Computer Vision and Pattern Recognition (CVPR) Workshops
web/data/public_preview_papers.json,records[30].venue_aliases[2],source_alias,IEEE/CVF Conference on Computer Vision and Pattern Recognition (CVPR) Workshops
web/data/public_preview_papers.json,records[30].venue_aliases[3],source_alias,IEEE/CVF Conference on Computer Vision and Pattern Recognition Workshops
web/data/public_preview_papers.json,records[30].venue_aliases[4],source_alias,IEEE/CVF Conference on Computer Vision and Pattern Recognition Workshops (CVPRW)
web/data/public_preview_papers.json,records[30].venue_aliases[6],source_alias,CVPRW
web/data/public_preview_papers.json,records[30].venue_aliases[9],source_alias,2024 IEEE/CVF Conference on Computer Vision and Pattern Recognition Workshops (CVPRW)
web/data/public_preview_papers.json,records[38].venue,canonical_venue,ACM Workshop on Information Hiding and Multimedia Security
web/data/public_preview_papers.json,records[38].venue_name,canonical_venue,ACM Workshop on Information Hiding and Multimedia Security
web/data/public_preview_papers.json,records[38].venue_track,paper_track,Workshop
web/data/public_preview_papers.json,records[38].raw_venue,provenance,2026 ACM Workshop on Information Hiding and Multimedia Security (IH&MMSec)
web/data/public_preview_papers.json,records[38].venue_aliases[0],source_alias,ACM Workshop on Information Hiding and Multimedia Security (IH&MMSec)
web/data/public_preview_papers.json,records[38].venue_aliases[1],source_alias,ACM Workshop on Information Hiding and Multimedia Security
web/data/public_preview_papers.json,records[39].venue,canonical_venue,ACM Workshop on Information Hiding and Multimedia Security
web/data/public_preview_papers.json,records[39].venue_name,canonical_venue,ACM Workshop on Information Hiding and Multimedia Security
web/data/public_preview_papers.json,records[39].venue_track,paper_track,Workshop
web/data/public_preview_papers.json,records[39].raw_venue,provenance,Proceedings of the 2026 ACM Workshop on Information Hiding and Multimedia Security (IH&MMSec)
web/data/public_preview_papers.json,records[39].venue_aliases[0],source_alias,ACM Workshop on Information Hiding and Multimedia Security (IH&MMSec)
web/data/public_preview_papers.json,records[39].venue_aliases[1],source_alias,ACM Workshop on Information Hiding and Multimedia Security
web/data/public_preview_papers.json,records[41].venue_aliases[2],source_alias,IEEE/CVF Conference on Computer Vision and Pattern Recognition (CVPR) Workshops
web/data/public_preview_papers.json,records[41].venue_aliases[3],source_alias,IEEE/CVF Conference on Computer Vision and Pattern Recognition Workshops
web/data/public_preview_papers.json,records[41].venue_aliases[4],source_alias,IEEE/CVF Conference on Computer Vision and Pattern Recognition Workshops (CVPRW)
web/data/public_preview_papers.json,records[41].venue_aliases[6],source_alias,CVPRW
web/data/public_preview_papers.json,records[41].venue_aliases[9],source_alias,2024 IEEE/CVF Conference on Computer Vision and Pattern Recognition Workshops (CVPRW)
web/data/public_preview_papers.json,records[49].venue_aliases[2],source_alias,IEEE/CVF Conference on Computer Vision and Pattern Recognition (CVPR) Workshops
web/data/public_preview_papers.json,records[49].venue_aliases[3],source_alias,IEEE/CVF Conference on Computer Vision and Pattern Recognition Workshops
web/data/public_preview_papers.json,records[49].venue_aliases[4],source_alias,IEEE/CVF Conference on Computer Vision and Pattern Recognition Workshops (CVPRW)
web/data/public_preview_papers.json,records[49].venue_aliases[6],source_alias,CVPRW
web/data/public_preview_papers.json,records[49].venue_aliases[9],source_alias,2024 IEEE/CVF Conference on Computer Vision and Pattern Recognition Workshops (CVPRW)
web/data/public_preview_papers.json,records[52].venue_aliases[2],source_alias,IEEE/CVF Conference on Computer Vision and Pattern Recognition (CVPR) Workshops
web/data/public_preview_papers.json,records[52].venue_aliases[3],source_alias,IEEE/CVF Conference on Computer Vision and Pattern Recognition Workshops
web/data/public_preview_papers.json,records[52].venue_aliases[4],source_alias,IEEE/CVF Conference on Computer Vision and Pattern Recognition Workshops (CVPRW)
web/data/public_preview_papers.json,records[52].venue_aliases[6],source_alias,CVPRW
web/data/public_preview_papers.json,records[52].venue_aliases[9],source_alias,2024 IEEE/CVF Conference on Computer Vision and Pattern Recognition Workshops (CVPRW)
web/data/public_preview_papers.json,records[56].venue_aliases[2],source_alias,IEEE/CVF Conference on Computer Vision and Pattern Recognition (CVPR) Workshops
web/data/public_preview_papers.json,records[56].venue_aliases[3],source_alias,IEEE/CVF Conference on Computer Vision and Pattern Recognition Workshops
web/data/public_preview_papers.json,records[56].venue_aliases[4],source_alias,IEEE/CVF Conference on Computer Vision and Pattern Recognition Workshops (CVPRW)
web/data/public_preview_papers.json,records[56].venue_aliases[6],source_alias,CVPRW
web/data/public_preview_papers.json,records[56].venue_aliases[9],source_alias,2024 IEEE/CVF Conference on Computer Vision and Pattern Recognition Workshops (CVPRW)
web/data/public_preview_papers.json,records[64].venue_aliases[2],source_alias,European Conference on Computer Vision (ECCV) Workshops
web/data/public_preview_papers.json,records[64].venue_aliases[3],source_alias,Computer Vision – ECCV 2024 Workshops
web/data/public_preview_papers.json,records[66].venue_aliases[2],source_alias,IEEE/CVF Conference on Computer Vision and Pattern Recognition (CVPR) Workshops
web/data/public_preview_papers.json,records[66].venue_aliases[3],source_alias,IEEE/CVF Conference on Computer Vision and Pattern Recognition Workshops
web/data/public_preview_papers.json,records[66].venue_aliases[4],source_alias,IEEE/CVF Conference on Computer Vision and Pattern Recognition Workshops (CVPRW)
web/data/public_preview_papers.json,records[66].venue_aliases[6],source_alias,CVPRW
web/data/public_preview_papers.json,records[66].venue_aliases[9],source_alias,2024 IEEE/CVF Conference on Computer Vision and Pattern Recognition Workshops (CVPRW)
web/data/public_preview_papers.json,records[68].venue_aliases[2],source_alias,IEEE/CVF Conference on Computer Vision and Pattern Recognition (CVPR) Workshops
web/data/public_preview_papers.json,records[68].venue_aliases[3],source_alias,IEEE/CVF Conference on Computer Vision and Pattern Recognition Workshops
web/data/public_preview_papers.json,records[68].venue_aliases[4],source_alias,IEEE/CVF Conference on Computer Vision and Pattern Recognition Workshops (CVPRW)
web/data/public_preview_papers.json,records[68].venue_aliases[6],source_alias,CVPRW
web/data/public_preview_papers.json,records[68].venue_aliases[9],source_alias,2024 IEEE/CVF Conference on Computer Vision and Pattern Recognition Workshops (CVPRW)
web/data/public_preview_papers.json,records[74].venue_aliases[2],source_alias,IEEE/CVF Conference on Computer Vision and Pattern Recognition (CVPR) Workshops
web/data/public_preview_papers.json,records[74].venue_aliases[3],source_alias,IEEE/CVF Conference on Computer Vision and Pattern Recognition Workshops
web/data/public_preview_papers.json,records[74].venue_aliases[4],source_alias,IEEE/CVF Conference on Computer Vision and Pattern Recognition Workshops (CVPRW)
web/data/public_preview_papers.json,records[74].venue_aliases[6],source_alias,CVPRW
web/data/public_preview_papers.json,records[74].venue_aliases[9],source_alias,2024 IEEE/CVF Conference on Computer Vision and Pattern Recognition Workshops (CVPRW)
web/data/public_preview_papers.json,records[75].venue_aliases[2],source_alias,European Conference on Computer Vision (ECCV) Workshops
web/data/public_preview_papers.json,records[75].venue_aliases[3],source_alias,Computer Vision – ECCV 2024 Workshops
web/data/public_preview_papers.json,records[82].venue_aliases[2],source_alias,European Conference on Computer Vision (ECCV) Workshops
web/data/public_preview_papers.json,records[82].venue_aliases[3],source_alias,Computer Vision – ECCV 2024 Workshops
web/data/public_preview_papers.json,records[85].venue_aliases[2],source_alias,IEEE/CVF Conference on Computer Vision and Pattern Recognition (CVPR) Workshops
web/data/public_preview_papers.json,records[85].venue_aliases[3],source_alias,IEEE/CVF Conference on Computer Vision and Pattern Recognition Workshops
web/data/public_preview_papers.json,records[85].venue_aliases[4],source_alias,IEEE/CVF Conference on Computer Vision and Pattern Recognition Workshops (CVPRW)
web/data/public_preview_papers.json,records[85].venue_aliases[6],source_alias,CVPRW
web/data/public_preview_papers.json,records[85].venue_aliases[9],source_alias,2024 IEEE/CVF Conference on Computer Vision and Pattern Recognition Workshops (CVPRW)
web/data/public_preview_papers.json,records[86].venue_track,paper_track,Workshop
web/data/public_preview_papers.json,records[86].raw_venue,provenance,2026 IEEE/CVF Winter Conference on Applications of Computer Vision (WACV) Workshop
web/data/public_preview_papers.json,records[86].venue_aliases[2],source_alias,IEEE/CVF Winter Conference on Applications of Computer Vision (WACV) Workshops
web/data/public_preview_papers.json,records[86].venue_aliases[3],source_alias,IEEE/CVF Winter Conference on Applications of Computer Vision (WACV) Workshop
web/data/public_preview_papers.json,records[86].venue_aliases[4],source_alias,IEEE/CVF Winter Conference on Applications of Computer Vision Workshops (WACVW)
web/data/public_preview_papers.json,records[86].venue_aliases[5],source_alias,IEEE/CVF Winter Conference on Applications of Computer Vision Workshop (WACVW)
web/data/public_preview_papers.json,records[86].venue_aliases[6],source_alias,IEEE/CVF Winter Conference on Applications of Computer Vision (WACVW) Workshops
web/data/public_preview_papers.json,records[86].venue_aliases[7],source_alias,IEEE/CVF Winter Conference on Applications of Computer Vision (WACVW) Workshop
web/data/public_preview_papers.json,records[86].venue_aliases[8],source_alias,WACVW
web/data/public_preview_papers.json,records[93].venue_aliases[2],source_alias,IEEE/CVF Winter Conference on Applications of Computer Vision (WACV) Workshops
web/data/public_preview_papers.json,records[93].venue_aliases[3],source_alias,IEEE/CVF Winter Conference on Applications of Computer Vision (WACV) Workshop
web/data/public_preview_papers.json,records[93].venue_aliases[4],source_alias,IEEE/CVF Winter Conference on Applications of Computer Vision Workshops (WACVW)
web/data/public_preview_papers.json,records[93].venue_aliases[5],source_alias,IEEE/CVF Winter Conference on Applications of Computer Vision Workshop (WACVW)
web/data/public_preview_papers.json,records[93].venue_aliases[6],source_alias,IEEE/CVF Winter Conference on Applications of Computer Vision (WACVW) Workshops
web/data/public_preview_papers.json,records[93].venue_aliases[7],source_alias,IEEE/CVF Winter Conference on Applications of Computer Vision (WACVW) Workshop
web/data/public_preview_papers.json,records[93].venue_aliases[8],source_alias,WACVW
web/data/public_preview_papers.json,records[105].venue_aliases[2],source_alias,IEEE/CVF Conference on Computer Vision and Pattern Recognition (CVPR) Workshops
web/data/public_preview_papers.json,records[105].venue_aliases[3],source_alias,IEEE/CVF Conference on Computer Vision and Pattern Recognition Workshops
web/data/public_preview_papers.json,records[105].venue_aliases[4],source_alias,IEEE/CVF Conference on Computer Vision and Pattern Recognition Workshops (CVPRW)
web/data/public_preview_papers.json,records[105].venue_aliases[6],source_alias,CVPRW
web/data/public_preview_papers.json,records[105].venue_aliases[9],source_alias,2024 IEEE/CVF Conference on Computer Vision and Pattern Recognition Workshops (CVPRW)
web/data/public_preview_papers.json,records[109].venue_aliases[2],source_alias,IEEE/CVF Conference on Computer Vision and Pattern Recognition (CVPR) Workshops
web/data/public_preview_papers.json,records[109].venue_aliases[3],source_alias,IEEE/CVF Conference on Computer Vision and Pattern Recognition Workshops
web/data/public_preview_papers.json,records[109].venue_aliases[4],source_alias,IEEE/CVF Conference on Computer Vision and Pattern Recognition Workshops (CVPRW)
web/data/public_preview_papers.json,records[109].venue_aliases[6],source_alias,CVPRW
web/data/public_preview_papers.json,records[109].venue_aliases[9],source_alias,2024 IEEE/CVF Conference on Computer Vision and Pattern Recognition Workshops (CVPRW)
web/data/public_preview_papers.json,records[117].venue_aliases[2],source_alias,IEEE/CVF Conference on Computer Vision and Pattern Recognition (CVPR) Workshops
web/data/public_preview_papers.json,records[117].venue_aliases[3],source_alias,IEEE/CVF Conference on Computer Vision and Pattern Recognition Workshops
web/data/public_preview_papers.json,records[117].venue_aliases[4],source_alias,IEEE/CVF Conference on Computer Vision and Pattern Recognition Workshops (CVPRW)
web/data/public_preview_papers.json,records[117].venue_aliases[6],source_alias,CVPRW
web/data/public_preview_papers.json,records[117].venue_aliases[9],source_alias,2024 IEEE/CVF Conference on Computer Vision and Pattern Recognition Workshops (CVPRW)
web/data/public_preview_papers.json,records[118].venue_aliases[2],source_alias,European Conference on Computer Vision (ECCV) Workshops
web/data/public_preview_papers.json,records[118].venue_aliases[3],source_alias,Computer Vision – ECCV 2024 Workshops
web/data/public_preview_papers.json,records[127].venue,canonical_venue,ACM International Workshop on Multimedia AI against Disinformation
web/data/public_preview_papers.json,records[127].venue_name,canonical_venue,ACM International Workshop on Multimedia AI against Disinformation
web/data/public_preview_papers.json,records[127].venue_track,paper_track,Workshop
web/data/public_preview_papers.json,records[127].venue_aliases[0],source_alias,ACM International Workshop on Multimedia AI against Disinformation (MAD)
web/data/public_preview_papers.json,records[127].venue_aliases[1],source_alias,ACM International Workshop on Multimedia AI against Disinformation
web/data/public_preview_papers.json,records[127].venue_aliases[2],source_alias,Proceedings of the 1st International Workshop on Multimedia AI against Disinformation
web/data/public_preview_papers.json,records[127].raw_venue,provenance,Proceedings of the 5th ACM International Workshop on Multimedia AI against Disinformation
web/data/public_preview_papers.json,records[130].venue_aliases[2],source_alias,IEEE/CVF Conference on Computer Vision and Pattern Recognition (CVPR) Workshops
web/data/public_preview_papers.json,records[130].venue_aliases[3],source_alias,IEEE/CVF Conference on Computer Vision and Pattern Recognition Workshops
web/data/public_preview_papers.json,records[130].venue_aliases[4],source_alias,IEEE/CVF Conference on Computer Vision and Pattern Recognition Workshops (CVPRW)
web/data/public_preview_papers.json,records[130].venue_aliases[6],source_alias,CVPRW
web/data/public_preview_papers.json,records[130].venue_aliases[9],source_alias,2024 IEEE/CVF Conference on Computer Vision and Pattern Recognition Workshops (CVPRW)
web/data/public_preview_papers.json,records[135].venue_aliases[2],source_alias,IEEE/CVF Conference on Computer Vision and Pattern Recognition (CVPR) Workshops
web/data/public_preview_papers.json,records[135].venue_aliases[3],source_alias,IEEE/CVF Conference on Computer Vision and Pattern Recognition Workshops
web/data/public_preview_papers.json,records[135].venue_aliases[4],source_alias,IEEE/CVF Conference on Computer Vision and Pattern Recognition Workshops (CVPRW)
web/data/public_preview_papers.json,records[135].venue_aliases[6],source_alias,CVPRW
web/data/public_preview_papers.json,records[135].venue_aliases[9],source_alias,2024 IEEE/CVF Conference on Computer Vision and Pattern Recognition Workshops (CVPRW)
web/data/public_preview_papers.json,records[137].venue_aliases[2],source_alias,IEEE/CVF Conference on Computer Vision and Pattern Recognition (CVPR) Workshops
web/data/public_preview_papers.json,records[137].venue_aliases[3],source_alias,IEEE/CVF Conference on Computer Vision and Pattern Recognition Workshops
web/data/public_preview_papers.json,records[137].venue_aliases[4],source_alias,IEEE/CVF Conference on Computer Vision and Pattern Recognition Workshops (CVPRW)
web/data/public_preview_papers.json,records[137].venue_aliases[6],source_alias,CVPRW
web/data/public_preview_papers.json,records[137].venue_aliases[9],source_alias,2024 IEEE/CVF Conference on Computer Vision and Pattern Recognition Workshops (CVPRW)
web/data/public_preview_papers.json,records[138].venue_aliases[2],source_alias,IEEE/CVF Conference on Computer Vision and Pattern Recognition (CVPR) Workshops
web/data/public_preview_papers.json,records[138].venue_aliases[3],source_alias,IEEE/CVF Conference on Computer Vision and Pattern Recognition Workshops
web/data/public_preview_papers.json,records[138].venue_aliases[4],source_alias,IEEE/CVF Conference on Computer Vision and Pattern Recognition Workshops (CVPRW)
web/data/public_preview_papers.json,records[138].venue_aliases[6],source_alias,CVPRW
web/data/public_preview_papers.json,records[138].venue_aliases[9],source_alias,2024 IEEE/CVF Conference on Computer Vision and Pattern Recognition Workshops (CVPRW)
web/data/public_preview_papers.json,records[139].venue_aliases[2],source_alias,European Conference on Computer Vision (ECCV) Workshops
web/data/public_preview_papers.json,records[139].venue_aliases[3],source_alias,Computer Vision – ECCV 2024 Workshops
web/data/public_preview_papers.json,records[142].venue_track,paper_track,Workshop
web/data/public_preview_papers.json,records[142].raw_venue,provenance,2026 IEEE/CVF Conference on Computer Vision and Pattern Recognition (CVPR) Workshops
web/data/public_preview_papers.json,records[142].venue_aliases[2],source_alias,IEEE/CVF Conference on Computer Vision and Pattern Recognition (CVPR) Workshops
web/data/public_preview_papers.json,records[142].venue_aliases[3],source_alias,IEEE/CVF Conference on Computer Vision and Pattern Recognition Workshops
web/data/public_preview_papers.json,records[142].venue_aliases[4],source_alias,IEEE/CVF Conference on Computer Vision and Pattern Recognition Workshops (CVPRW)
web/data/public_preview_papers.json,records[142].venue_aliases[6],source_alias,CVPRW
web/data/public_preview_papers.json,records[142].venue_aliases[9],source_alias,2024 IEEE/CVF Conference on Computer Vision and Pattern Recognition Workshops (CVPRW)
web/data/public_preview_papers.json,records[146].venue_aliases[2],source_alias,IEEE/CVF Conference on Computer Vision and Pattern Recognition (CVPR) Workshops
web/data/public_preview_papers.json,records[146].venue_aliases[3],source_alias,IEEE/CVF Conference on Computer Vision and Pattern Recognition Workshops
web/data/public_preview_papers.json,records[146].venue_aliases[4],source_alias,IEEE/CVF Conference on Computer Vision and Pattern Recognition Workshops (CVPRW)
web/data/public_preview_papers.json,records[146].venue_aliases[6],source_alias,CVPRW
web/data/public_preview_papers.json,records[146].venue_aliases[9],source_alias,2024 IEEE/CVF Conference on Computer Vision and Pattern Recognition Workshops (CVPRW)
web/data/public_preview_papers.json,records[150].venue_aliases[2],source_alias,European Conference on Computer Vision (ECCV) Workshops
web/data/public_preview_papers.json,records[150].venue_aliases[3],source_alias,Computer Vision – ECCV 2024 Workshops
web/data/public_preview_papers.json,records[153].venue_aliases[2],source_alias,IEEE/CVF Conference on Computer Vision and Pattern Recognition (CVPR) Workshops
web/data/public_preview_papers.json,records[153].venue_aliases[3],source_alias,IEEE/CVF Conference on Computer Vision and Pattern Recognition Workshops
web/data/public_preview_papers.json,records[153].venue_aliases[4],source_alias,IEEE/CVF Conference on Computer Vision and Pattern Recognition Workshops (CVPRW)
web/data/public_preview_papers.json,records[153].venue_aliases[6],source_alias,CVPRW
web/data/public_preview_papers.json,records[153].venue_aliases[9],source_alias,2024 IEEE/CVF Conference on Computer Vision and Pattern Recognition Workshops (CVPRW)
web/data/public_preview_papers.json,records[154].venue_aliases[2],source_alias,IEEE/CVF Conference on Computer Vision and Pattern Recognition (CVPR) Workshops
web/data/public_preview_papers.json,records[154].venue_aliases[3],source_alias,IEEE/CVF Conference on Computer Vision and Pattern Recognition Workshops
web/data/public_preview_papers.json,records[154].venue_aliases[4],source_alias,IEEE/CVF Conference on Computer Vision and Pattern Recognition Workshops (CVPRW)
web/data/public_preview_papers.json,records[154].venue_aliases[6],source_alias,CVPRW
web/data/public_preview_papers.json,records[154].venue_aliases[9],source_alias,2024 IEEE/CVF Conference on Computer Vision and Pattern Recognition Workshops (CVPRW)
web/data/public_preview_papers.json,records[159].venue_aliases[2],source_alias,IEEE/CVF Conference on Computer Vision and Pattern Recognition (CVPR) Workshops
web/data/public_preview_papers.json,records[159].venue_aliases[3],source_alias,IEEE/CVF Conference on Computer Vision and Pattern Recognition Workshops
web/data/public_preview_papers.json,records[159].venue_aliases[4],source_alias,IEEE/CVF Conference on Computer Vision and Pattern Recognition Workshops (CVPRW)
web/data/public_preview_papers.json,records[159].venue_aliases[6],source_alias,CVPRW
web/data/public_preview_papers.json,records[159].venue_aliases[9],source_alias,2024 IEEE/CVF Conference on Computer Vision and Pattern Recognition Workshops (CVPRW)
web/data/public_preview_papers.json,records[168].venue_track,paper_track,Workshop
web/data/public_preview_papers.json,records[168].venue_aliases[2],source_alias,IEEE/CVF Conference on Computer Vision and Pattern Recognition (CVPR) Workshops
web/data/public_preview_papers.json,records[168].venue_aliases[3],source_alias,IEEE/CVF Conference on Computer Vision and Pattern Recognition Workshops
web/data/public_preview_papers.json,records[168].venue_aliases[4],source_alias,IEEE/CVF Conference on Computer Vision and Pattern Recognition Workshops (CVPRW)
web/data/public_preview_papers.json,records[168].venue_aliases[6],source_alias,CVPRW
web/data/public_preview_papers.json,records[168].venue_aliases[9],source_alias,2024 IEEE/CVF Conference on Computer Vision and Pattern Recognition Workshops (CVPRW)
web/data/public_preview_papers.json,records[169].venue_track,paper_track,Workshop
web/data/public_preview_papers.json,records[169].raw_venue,provenance,2026 IEEE/CVF Conference on Computer Vision and Pattern Recognition (CVPR) Workshops
web/data/public_preview_papers.json,records[169].venue_aliases[2],source_alias,IEEE/CVF Conference on Computer Vision and Pattern Recognition (CVPR) Workshops
web/data/public_preview_papers.json,records[169].venue_aliases[3],source_alias,IEEE/CVF Conference on Computer Vision and Pattern Recognition Workshops
web/data/public_preview_papers.json,records[169].venue_aliases[4],source_alias,IEEE/CVF Conference on Computer Vision and Pattern Recognition Workshops (CVPRW)
web/data/public_preview_papers.json,records[169].venue_aliases[6],source_alias,CVPRW
web/data/public_preview_papers.json,records[169].venue_aliases[9],source_alias,2024 IEEE/CVF Conference on Computer Vision and Pattern Recognition Workshops (CVPRW)
web/data/public_preview_papers.json,records[176].venue_track,paper_track,Workshop
web/data/public_preview_papers.json,records[176].venue_aliases[2],source_alias,IEEE/CVF Conference on Computer Vision and Pattern Recognition (CVPR) Workshops
web/data/public_preview_papers.json,records[176].venue_aliases[3],source_alias,IEEE/CVF Conference on Computer Vision and Pattern Recognition Workshops
web/data/public_preview_papers.json,records[176].venue_aliases[4],source_alias,IEEE/CVF Conference on Computer Vision and Pattern Recognition Workshops (CVPRW)
web/data/public_preview_papers.json,records[176].venue_aliases[6],source_alias,CVPRW
web/data/public_preview_papers.json,records[176].venue_aliases[9],source_alias,2024 IEEE/CVF Conference on Computer Vision and Pattern Recognition Workshops (CVPRW)
web/data/public_preview_papers.json,records[177].venue_aliases[2],source_alias,European Conference on Computer Vision (ECCV) Workshops
web/data/public_preview_papers.json,records[177].venue_aliases[3],source_alias,Computer Vision – ECCV 2024 Workshops
web/data/public_preview_papers.json,records[179].venue,canonical_venue,ACM International Workshop on Multimedia AI against Disinformation
web/data/public_preview_papers.json,records[179].venue_name,canonical_venue,ACM International Workshop on Multimedia AI against Disinformation
web/data/public_preview_papers.json,records[179].venue_track,paper_track,Workshop
web/data/public_preview_papers.json,records[179].raw_venue,provenance,Proceedings of the 5th ACM International Workshop on Multimedia AI against Disinformation (MAD)
web/data/public_preview_papers.json,records[179].venue_aliases[0],source_alias,ACM International Workshop on Multimedia AI against Disinformation (MAD)
web/data/public_preview_papers.json,records[179].venue_aliases[1],source_alias,ACM International Workshop on Multimedia AI against Disinformation
web/data/public_preview_papers.json,records[179].venue_aliases[2],source_alias,Proceedings of the 1st International Workshop on Multimedia AI against Disinformation
web/data/public_preview_papers.json,records[180].venue_aliases[2],source_alias,IEEE/CVF Conference on Computer Vision and Pattern Recognition (CVPR) Workshops
web/data/public_preview_papers.json,records[180].venue_aliases[3],source_alias,IEEE/CVF Conference on Computer Vision and Pattern Recognition Workshops
web/data/public_preview_papers.json,records[180].venue_aliases[4],source_alias,IEEE/CVF Conference on Computer Vision and Pattern Recognition Workshops (CVPRW)
web/data/public_preview_papers.json,records[180].venue_aliases[6],source_alias,CVPRW
web/data/public_preview_papers.json,records[180].venue_aliases[9],source_alias,2024 IEEE/CVF Conference on Computer Vision and Pattern Recognition Workshops (CVPRW)
web/data/public_preview_papers.json,records[184].venue,canonical_venue,IEEE Annual Computing and Communication Workshop and Conference
web/data/public_preview_papers.json,records[184].raw_venue,provenance,2026 IEEE 16th Annual Computing and Communication Workshop and Conference (CCWC)
web/data/public_preview_papers.json,records[184].venue_id,canonical_id,venue:ieee-annual-computing-and-communication-workshop-and-conference
web/data/public_preview_papers.json,records[184].venue_name,canonical_venue,IEEE Annual Computing and Communication Workshop and Conference
web/data/public_preview_papers.json,records[184].venue_track,paper_track,Workshop
web/data/public_preview_papers.json,records[184].venue_aliases[0],source_alias,IEEE Annual Computing and Communication Workshop and Conference
web/data/public_preview_papers.json,records[184].venue_aliases[2],source_alias,2026 IEEE 16th Annual Computing and Communication Workshop and Conference (CCWC)
web/data/public_preview_papers.json,records[186].venue_aliases[2],source_alias,IEEE/CVF Conference on Computer Vision and Pattern Recognition (CVPR) Workshops
web/data/public_preview_papers.json,records[186].venue_aliases[3],source_alias,IEEE/CVF Conference on Computer Vision and Pattern Recognition Workshops
web/data/public_preview_papers.json,records[186].venue_aliases[4],source_alias,IEEE/CVF Conference on Computer Vision and Pattern Recognition Workshops (CVPRW)
web/data/public_preview_papers.json,records[186].venue_aliases[6],source_alias,CVPRW
web/data/public_preview_papers.json,records[186].venue_aliases[9],source_alias,2024 IEEE/CVF Conference on Computer Vision and Pattern Recognition Workshops (CVPRW)
web/data/public_preview_papers.json,records[189].venue_aliases[2],source_alias,IEEE/CVF Conference on Computer Vision and Pattern Recognition (CVPR) Workshops
web/data/public_preview_papers.json,records[189].venue_aliases[3],source_alias,IEEE/CVF Conference on Computer Vision and Pattern Recognition Workshops
web/data/public_preview_papers.json,records[189].venue_aliases[4],source_alias,IEEE/CVF Conference on Computer Vision and Pattern Recognition Workshops (CVPRW)
web/data/public_preview_papers.json,records[189].venue_aliases[6],source_alias,CVPRW
web/data/public_preview_papers.json,records[189].venue_aliases[9],source_alias,2024 IEEE/CVF Conference on Computer Vision and Pattern Recognition Workshops (CVPRW)
web/data/public_preview_papers.json,records[197].venue_track,paper_track,Workshop
web/data/public_preview_papers.json,records[197].venue_aliases[2],source_alias,IEEE/CVF International Conference on Computer Vision Workshops (ICCVW)
web/data/public_preview_papers.json,records[197].venue_aliases[3],source_alias,ICCVW
web/data/public_preview_papers.json,records[197].venue_aliases[4],source_alias,ICCV Workshops
web/data/public_preview_papers.json,records[199].venue_track,paper_track,Workshop
web/data/public_preview_papers.json,records[202].venue_aliases[2],source_alias,IEEE/CVF International Conference on Computer Vision Workshops (ICCVW)
web/data/public_preview_papers.json,records[202].venue_aliases[3],source_alias,ICCVW
web/data/public_preview_papers.json,records[202].venue_aliases[4],source_alias,ICCV Workshops
web/data/public_preview_papers.json,records[206].venue_aliases[2],source_alias,IEEE/CVF Conference on Computer Vision and Pattern Recognition (CVPR) Workshops
web/data/public_preview_papers.json,records[206].venue_aliases[3],source_alias,IEEE/CVF Conference on Computer Vision and Pattern Recognition Workshops
web/data/public_preview_papers.json,records[206].venue_aliases[4],source_alias,IEEE/CVF Conference on Computer Vision and Pattern Recognition Workshops (CVPRW)
web/data/public_preview_papers.json,records[206].venue_aliases[6],source_alias,CVPRW
web/data/public_preview_papers.json,records[206].venue_aliases[9],source_alias,2024 IEEE/CVF Conference on Computer Vision and Pattern Recognition Workshops (CVPRW)
web/data/public_preview_papers.json,records[209].venue,canonical_venue,Workshop on Security Implications of Deepfakes and Cheapfakes
web/data/public_preview_papers.json,records[209].raw_venue,provenance,Proceedings of the 4th Workshop on Security Implications of Deepfakes and Cheapfakes
web/data/public_preview_papers.json,records[209].venue_id,canonical_id,venue:workshop-on-security-implications-of-deepfakes-and-cheapfakes
web/data/public_preview_papers.json,records[209].venue_name,canonical_venue,Workshop on Security Implications of Deepfakes and Cheapfakes
web/data/public_preview_papers.json,records[209].venue_track,paper_track,Workshop
web/data/public_preview_papers.json,records[209].venue_aliases[0],source_alias,Workshop on Security Implications of Deepfakes and Cheapfakes
web/data/public_preview_papers.json,records[210].raw_venue,provenance,Image Analysis and Processing - ICIAP 2025 Workshops: 23rd International Conference
web/data/public_preview_papers.json,records[210].venue_track,paper_track,Workshop
web/data/public_preview_papers.json,records[210].venue_aliases[1],source_alias,Image Analysis and Processing - ICIAP 2025 Workshops: 23rd International Conference
web/data/public_preview_papers.json,records[212].venue_aliases[2],source_alias,IEEE/CVF Conference on Computer Vision and Pattern Recognition (CVPR) Workshops
web/data/public_preview_papers.json,records[212].venue_aliases[3],source_alias,IEEE/CVF Conference on Computer Vision and Pattern Recognition Workshops
web/data/public_preview_papers.json,records[212].venue_aliases[4],source_alias,IEEE/CVF Conference on Computer Vision and Pattern Recognition Workshops (CVPRW)
web/data/public_preview_papers.json,records[212].venue_aliases[6],source_alias,CVPRW
web/data/public_preview_papers.json,records[212].venue_aliases[9],source_alias,2024 IEEE/CVF Conference on Computer Vision and Pattern Recognition Workshops (CVPRW)
web/data/public_preview_papers.json,records[217].venue_aliases[2],source_alias,IEEE/CVF International Conference on Computer Vision Workshops (ICCVW)
web/data/public_preview_papers.json,records[217].venue_aliases[3],source_alias,ICCVW
web/data/public_preview_papers.json,records[217].venue_aliases[4],source_alias,ICCV Workshops
web/data/public_preview_papers.json,records[219].venue,canonical_venue,ACM Workshop on Information Hiding and Multimedia Security
web/data/public_preview_papers.json,records[219].venue_name,canonical_venue,ACM Workshop on Information Hiding and Multimedia Security
web/data/public_preview_papers.json,records[219].venue_track,paper_track,Workshop
web/data/public_preview_papers.json,records[219].raw_venue,provenance,Proceedings of the ACM Workshop on Information Hiding and Multimedia Security
web/data/public_preview_papers.json,records[219].venue_aliases[0],source_alias,ACM Workshop on Information Hiding and Multimedia Security (IH&MMSec)
web/data/public_preview_papers.json,records[219].venue_aliases[1],source_alias,ACM Workshop on Information Hiding and Multimedia Security
web/data/public_preview_papers.json,records[220].venue_track,paper_track,Workshop
web/data/public_preview_papers.json,records[220].raw_venue,provenance,2025 IEEE/CVF International Conference on Computer Vision Workshops (ICCVW)
web/data/public_preview_papers.json,records[220].venue_aliases[2],source_alias,IEEE/CVF International Conference on Computer Vision Workshops (ICCVW)
web/data/public_preview_papers.json,records[220].venue_aliases[3],source_alias,ICCVW
web/data/public_preview_papers.json,records[220].venue_aliases[4],source_alias,ICCV Workshops
web/data/public_preview_papers.json,records[221].venue_aliases[2],source_alias,IEEE/CVF Conference on Computer Vision and Pattern Recognition (CVPR) Workshops
web/data/public_preview_papers.json,records[221].venue_aliases[3],source_alias,IEEE/CVF Conference on Computer Vision and Pattern Recognition Workshops
web/data/public_preview_papers.json,records[221].venue_aliases[4],source_alias,IEEE/CVF Conference on Computer Vision and Pattern Recognition Workshops (CVPRW)
web/data/public_preview_papers.json,records[221].venue_aliases[6],source_alias,CVPRW
web/data/public_preview_papers.json,records[221].venue_aliases[9],source_alias,2024 IEEE/CVF Conference on Computer Vision and Pattern Recognition Workshops (CVPRW)
web/data/public_preview_papers.json,records[223].venue,canonical_venue,Workshop on Security Implications of Deepfakes and Cheapfakes
web/data/public_preview_papers.json,records[223].venue_name,canonical_venue,Workshop on Security Implications of Deepfakes and Cheapfakes
web/data/public_preview_papers.json,records[223].venue_id,canonical_id,venue:workshop-on-security-implications-of-deepfakes-and-cheapfakes
web/data/public_preview_papers.json,records[223].raw_venue,provenance,Proceedings of the 4th Workshop on Security Implications of Deepfakes and Cheapfakes
web/data/public_preview_papers.json,records[223].venue_aliases[0],source_alias,Workshop on Security Implications of Deepfakes and Cheapfakes
web/data/public_preview_papers.json,records[224].venue_aliases[2],source_alias,IEEE/CVF Conference on Computer Vision and Pattern Recognition (CVPR) Workshops
web/data/public_preview_papers.json,records[224].venue_aliases[3],source_alias,IEEE/CVF Conference on Computer Vision and Pattern Recognition Workshops
web/data/public_preview_papers.json,records[224].venue_aliases[4],source_alias,IEEE/CVF Conference on Computer Vision and Pattern Recognition Workshops (CVPRW)
web/data/public_preview_papers.json,records[224].venue_aliases[6],source_alias,CVPRW
web/data/public_preview_papers.json,records[224].venue_aliases[9],source_alias,2024 IEEE/CVF Conference on Computer Vision and Pattern Recognition Workshops (CVPRW)
web/data/public_preview_papers.json,records[227].venue_aliases[2],source_alias,IEEE/CVF International Conference on Computer Vision Workshops (ICCVW)
web/data/public_preview_papers.json,records[227].venue_aliases[3],source_alias,ICCVW
web/data/public_preview_papers.json,records[227].venue_aliases[4],source_alias,ICCV Workshops
web/data/public_preview_papers.json,records[228].venue_aliases[2],source_alias,IEEE/CVF Conference on Computer Vision and Pattern Recognition (CVPR) Workshops
web/data/public_preview_papers.json,records[228].venue_aliases[3],source_alias,IEEE/CVF Conference on Computer Vision and Pattern Recognition Workshops
web/data/public_preview_papers.json,records[228].venue_aliases[4],source_alias,IEEE/CVF Conference on Computer Vision and Pattern Recognition Workshops (CVPRW)
web/data/public_preview_papers.json,records[228].venue_aliases[6],source_alias,CVPRW
web/data/public_preview_papers.json,records[228].venue_aliases[9],source_alias,2024 IEEE/CVF Conference on Computer Vision and Pattern Recognition Workshops (CVPRW)
web/data/public_preview_papers.json,records[239].venue_aliases[2],source_alias,IEEE/CVF Winter Conference on Applications of Computer Vision (WACV) Workshops
web/data/public_preview_papers.json,records[239].venue_aliases[3],source_alias,IEEE/CVF Winter Conference on Applications of Computer Vision (WACV) Workshop
web/data/public_preview_papers.json,records[239].venue_aliases[4],source_alias,IEEE/CVF Winter Conference on Applications of Computer Vision Workshops (WACVW)
web/data/public_preview_papers.json,records[239].venue_aliases[5],source_alias,IEEE/CVF Winter Conference on Applications of Computer Vision Workshop (WACVW)
web/data/public_preview_papers.json,records[239].venue_aliases[6],source_alias,IEEE/CVF Winter Conference on Applications of Computer Vision (WACVW) Workshops
web/data/public_preview_papers.json,records[239].venue_aliases[7],source_alias,IEEE/CVF Winter Conference on Applications of Computer Vision (WACVW) Workshop
web/data/public_preview_papers.json,records[239].venue_aliases[8],source_alias,WACVW
web/data/public_preview_papers.json,records[240].venue_aliases[3],source_alias,"Proceedings of the 1st on Deepfake Forensics Workshop: Detection, Attribution, Recognition, and Adversarial Challenges in the Era of AI-Generated Media"
web/data/public_preview_papers.json,records[241].venue_aliases[3],source_alias,"Proceedings of the 1st on Deepfake Forensics Workshop: Detection, Attribution, Recognition, and Adversarial Challenges in the Era of AI-Generated Media"
web/data/public_preview_papers.json,records[242].venue_aliases[2],source_alias,IEEE/CVF International Conference on Computer Vision Workshops (ICCVW)
web/data/public_preview_papers.json,records[242].venue_aliases[3],source_alias,ICCVW
web/data/public_preview_papers.json,records[242].venue_aliases[4],source_alias,ICCV Workshops
web/data/public_preview_papers.json,records[249].venue_track,paper_track,Workshop
web/data/public_preview_papers.json,records[249].raw_venue,provenance,2025 IEEE/CVF Winter Conference on Applications of Computer Vision Workshops (WACVW)
web/data/public_preview_papers.json,records[249].venue_aliases[2],source_alias,IEEE/CVF Winter Conference on Applications of Computer Vision (WACV) Workshops
web/data/public_preview_papers.json,records[249].venue_aliases[3],source_alias,IEEE/CVF Winter Conference on Applications of Computer Vision (WACV) Workshop
web/data/public_preview_papers.json,records[249].venue_aliases[4],source_alias,IEEE/CVF Winter Conference on Applications of Computer Vision Workshops (WACVW)
web/data/public_preview_papers.json,records[249].venue_aliases[5],source_alias,IEEE/CVF Winter Conference on Applications of Computer Vision Workshop (WACVW)
web/data/public_preview_papers.json,records[249].venue_aliases[6],source_alias,IEEE/CVF Winter Conference on Applications of Computer Vision (WACVW) Workshops
web/data/public_preview_papers.json,records[249].venue_aliases[7],source_alias,IEEE/CVF Winter Conference on Applications of Computer Vision (WACVW) Workshop
web/data/public_preview_papers.json,records[249].venue_aliases[8],source_alias,WACVW
web/data/public_preview_papers.json,records[251].venue_aliases[3],source_alias,"Proceedings of the 1st on Deepfake Forensics Workshop: Detection, Attribution, Recognition, and Adversarial Challenges in the Era of AI-Generated Media"
web/data/public_preview_papers.json,records[258].venue_aliases[2],source_alias,IEEE/CVF Conference on Computer Vision and Pattern Recognition (CVPR) Workshops
web/data/public_preview_papers.json,records[258].venue_aliases[3],source_alias,IEEE/CVF Conference on Computer Vision and Pattern Recognition Workshops
web/data/public_preview_papers.json,records[258].venue_aliases[4],source_alias,IEEE/CVF Conference on Computer Vision and Pattern Recognition Workshops (CVPRW)
web/data/public_preview_papers.json,records[258].venue_aliases[6],source_alias,CVPRW
web/data/public_preview_papers.json,records[258].venue_aliases[9],source_alias,2024 IEEE/CVF Conference on Computer Vision and Pattern Recognition Workshops (CVPRW)
web/data/public_preview_papers.json,records[262].venue_aliases[2],source_alias,IEEE/CVF Conference on Computer Vision and Pattern Recognition (CVPR) Workshops
web/data/public_preview_papers.json,records[262].venue_aliases[3],source_alias,IEEE/CVF Conference on Computer Vision and Pattern Recognition Workshops
web/data/public_preview_papers.json,records[262].venue_aliases[4],source_alias,IEEE/CVF Conference on Computer Vision and Pattern Recognition Workshops (CVPRW)
web/data/public_preview_papers.json,records[262].venue_aliases[6],source_alias,CVPRW
web/data/public_preview_papers.json,records[262].venue_aliases[9],source_alias,2024 IEEE/CVF Conference on Computer Vision and Pattern Recognition Workshops (CVPRW)
web/data/public_preview_papers.json,records[263].venue_aliases[2],source_alias,IEEE/CVF International Conference on Computer Vision Workshops (ICCVW)
web/data/public_preview_papers.json,records[263].venue_aliases[3],source_alias,ICCVW
web/data/public_preview_papers.json,records[263].venue_aliases[4],source_alias,ICCV Workshops
web/data/public_preview_papers.json,records[265].venue_aliases[2],source_alias,IEEE/CVF Conference on Computer Vision and Pattern Recognition (CVPR) Workshops
web/data/public_preview_papers.json,records[265].venue_aliases[3],source_alias,IEEE/CVF Conference on Computer Vision and Pattern Recognition Workshops
web/data/public_preview_papers.json,records[265].venue_aliases[4],source_alias,IEEE/CVF Conference on Computer Vision and Pattern Recognition Workshops (CVPRW)
web/data/public_preview_papers.json,records[265].venue_aliases[6],source_alias,CVPRW
web/data/public_preview_papers.json,records[265].venue_aliases[9],source_alias,2024 IEEE/CVF Conference on Computer Vision and Pattern Recognition Workshops (CVPRW)
web/data/public_preview_papers.json,records[267].venue_aliases[2],source_alias,IEEE/CVF International Conference on Computer Vision Workshops (ICCVW)
web/data/public_preview_papers.json,records[267].venue_aliases[3],source_alias,ICCVW
web/data/public_preview_papers.json,records[267].venue_aliases[4],source_alias,ICCV Workshops
web/data/public_preview_papers.json,records[269].venue_aliases[3],source_alias,"Proceedings of the 1st on Deepfake Forensics Workshop: Detection, Attribution, Recognition, and Adversarial Challenges in the Era of AI-Generated Media"
web/data/public_preview_papers.json,records[278].venue_track,paper_track,Workshop
web/data/public_preview_papers.json,records[278].venue_aliases[2],source_alias,IEEE/CVF Winter Conference on Applications of Computer Vision (WACV) Workshops
web/data/public_preview_papers.json,records[278].venue_aliases[3],source_alias,IEEE/CVF Winter Conference on Applications of Computer Vision (WACV) Workshop
web/data/public_preview_papers.json,records[278].venue_aliases[4],source_alias,IEEE/CVF Winter Conference on Applications of Computer Vision Workshops (WACVW)
web/data/public_preview_papers.json,records[278].venue_aliases[5],source_alias,IEEE/CVF Winter Conference on Applications of Computer Vision Workshop (WACVW)
web/data/public_preview_papers.json,records[278].venue_aliases[6],source_alias,IEEE/CVF Winter Conference on Applications of Computer Vision (WACVW) Workshops
web/data/public_preview_papers.json,records[278].venue_aliases[7],source_alias,IEEE/CVF Winter Conference on Applications of Computer Vision (WACVW) Workshop
web/data/public_preview_papers.json,records[278].venue_aliases[8],source_alias,WACVW
web/data/public_preview_papers.json,records[280].raw_venue,provenance,Proceedings of the 1stWorkshop on GenAI Content Detection (GenAIDetect)
web/data/public_preview_papers.json,records[280].venue_track,paper_track,Workshop
web/data/public_preview_papers.json,records[285].venue_aliases[2],source_alias,IEEE/CVF International Conference on Computer Vision Workshops (ICCVW)
web/data/public_preview_papers.json,records[285].venue_aliases[3],source_alias,ICCVW
web/data/public_preview_papers.json,records[285].venue_aliases[4],source_alias,ICCV Workshops
web/data/public_preview_papers.json,records[287].venue_aliases[2],source_alias,IEEE/CVF International Conference on Computer Vision Workshops (ICCVW)
web/data/public_preview_papers.json,records[287].venue_aliases[3],source_alias,ICCVW
web/data/public_preview_papers.json,records[287].venue_aliases[4],source_alias,ICCV Workshops
web/data/public_preview_papers.json,records[290].venue_aliases[3],source_alias,"Proceedings of the 1st on Deepfake Forensics Workshop: Detection, Attribution, Recognition, and Adversarial Challenges in the Era of AI-Generated Media"
web/data/public_preview_papers.json,records[297].venue_track,paper_track,Workshop
web/data/public_preview_papers.json,records[297].venue_aliases[3],source_alias,"Proceedings of the 1st on Deepfake Forensics Workshop: Detection, Attribution, Recognition, and Adversarial Challenges in the Era of AI-Generated Media"
web/data/public_preview_papers.json,records[301].venue_aliases[2],source_alias,IEEE/CVF Conference on Computer Vision and Pattern Recognition (CVPR) Workshops
web/data/public_preview_papers.json,records[301].venue_aliases[3],source_alias,IEEE/CVF Conference on Computer Vision and Pattern Recognition Workshops
web/data/public_preview_papers.json,records[301].venue_aliases[4],source_alias,IEEE/CVF Conference on Computer Vision and Pattern Recognition Workshops (CVPRW)
web/data/public_preview_papers.json,records[301].venue_aliases[6],source_alias,CVPRW
web/data/public_preview_papers.json,records[301].venue_aliases[9],source_alias,2024 IEEE/CVF Conference on Computer Vision and Pattern Recognition Workshops (CVPRW)
web/data/public_preview_papers.json,records[308].venue_aliases[3],source_alias,"Proceedings of the 1st on Deepfake Forensics Workshop: Detection, Attribution, Recognition, and Adversarial Challenges in the Era of AI-Generated Media"
web/data/public_preview_papers.json,records[309].venue_aliases[2],source_alias,IEEE/CVF Winter Conference on Applications of Computer Vision (WACV) Workshops
web/data/public_preview_papers.json,records[309].venue_aliases[3],source_alias,IEEE/CVF Winter Conference on Applications of Computer Vision (WACV) Workshop
web/data/public_preview_papers.json,records[309].venue_aliases[4],source_alias,IEEE/CVF Winter Conference on Applications of Computer Vision Workshops (WACVW)
web/data/public_preview_papers.json,records[309].venue_aliases[5],source_alias,IEEE/CVF Winter Conference on Applications of Computer Vision Workshop (WACVW)
web/data/public_preview_papers.json,records[309].venue_aliases[6],source_alias,IEEE/CVF Winter Conference on Applications of Computer Vision (WACVW) Workshops
web/data/public_preview_papers.json,records[309].venue_aliases[7],source_alias,IEEE/CVF Winter Conference on Applications of Computer Vision (WACVW) Workshop
web/data/public_preview_papers.json,records[309].venue_aliases[8],source_alias,WACVW
web/data/public_preview_papers.json,records[311].venue_track,paper_track,Workshop
web/data/public_preview_papers.json,records[311].venue_aliases[3],source_alias,"Proceedings of the 1st on Deepfake Forensics Workshop: Detection, Attribution, Recognition, and Adversarial Challenges in the Era of AI-Generated Media"
web/data/public_preview_papers.json,records[317].venue_aliases[2],source_alias,IEEE/CVF Conference on Computer Vision and Pattern Recognition (CVPR) Workshops
web/data/public_preview_papers.json,records[317].venue_aliases[3],source_alias,IEEE/CVF Conference on Computer Vision and Pattern Recognition Workshops
web/data/public_preview_papers.json,records[317].venue_aliases[4],source_alias,IEEE/CVF Conference on Computer Vision and Pattern Recognition Workshops (CVPRW)
web/data/public_preview_papers.json,records[317].venue_aliases[6],source_alias,CVPRW
web/data/public_preview_papers.json,records[317].venue_aliases[9],source_alias,2024 IEEE/CVF Conference on Computer Vision and Pattern Recognition Workshops (CVPRW)
web/data/public_preview_papers.json,records[318].venue_aliases[2],source_alias,IEEE/CVF International Conference on Computer Vision Workshops (ICCVW)
web/data/public_preview_papers.json,records[318].venue_aliases[3],source_alias,ICCVW
web/data/public_preview_papers.json,records[318].venue_aliases[4],source_alias,ICCV Workshops
web/data/public_preview_papers.json,records[320].venue_aliases[2],source_alias,IEEE/CVF Conference on Computer Vision and Pattern Recognition (CVPR) Workshops
web/data/public_preview_papers.json,records[320].venue_aliases[3],source_alias,IEEE/CVF Conference on Computer Vision and Pattern Recognition Workshops
web/data/public_preview_papers.json,records[320].venue_aliases[4],source_alias,IEEE/CVF Conference on Computer Vision and Pattern Recognition Workshops (CVPRW)
web/data/public_preview_papers.json,records[320].venue_aliases[6],source_alias,CVPRW
web/data/public_preview_papers.json,records[320].venue_aliases[9],source_alias,2024 IEEE/CVF Conference on Computer Vision and Pattern Recognition Workshops (CVPRW)
web/data/public_preview_papers.json,records[323].venue_aliases[2],source_alias,IEEE/CVF International Conference on Computer Vision Workshops (ICCVW)
web/data/public_preview_papers.json,records[323].venue_aliases[3],source_alias,ICCVW
web/data/public_preview_papers.json,records[323].venue_aliases[4],source_alias,ICCV Workshops
web/data/public_preview_papers.json,records[327].venue_track,paper_track,Workshop
web/data/public_preview_papers.json,records[327].venue_aliases[2],source_alias,IEEE/CVF Winter Conference on Applications of Computer Vision (WACV) Workshops
web/data/public_preview_papers.json,records[327].venue_aliases[3],source_alias,IEEE/CVF Winter Conference on Applications of Computer Vision (WACV) Workshop
web/data/public_preview_papers.json,records[327].venue_aliases[4],source_alias,IEEE/CVF Winter Conference on Applications of Computer Vision Workshops (WACVW)
web/data/public_preview_papers.json,records[327].venue_aliases[5],source_alias,IEEE/CVF Winter Conference on Applications of Computer Vision Workshop (WACVW)
web/data/public_preview_papers.json,records[327].venue_aliases[6],source_alias,IEEE/CVF Winter Conference on Applications of Computer Vision (WACVW) Workshops
web/data/public_preview_papers.json,records[327].venue_aliases[7],source_alias,IEEE/CVF Winter Conference on Applications of Computer Vision (WACVW) Workshop
web/data/public_preview_papers.json,records[327].venue_aliases[8],source_alias,WACVW
web/data/public_preview_papers.json,records[329].venue_aliases[3],source_alias,"Proceedings of the 1st on Deepfake Forensics Workshop: Detection, Attribution, Recognition, and Adversarial Challenges in the Era of AI-Generated Media"
web/data/public_preview_papers.json,records[333].venue_aliases[3],source_alias,"Proceedings of the 1st on Deepfake Forensics Workshop: Detection, Attribution, Recognition, and Adversarial Challenges in the Era of AI-Generated Media"
web/data/public_preview_papers.json,records[334].venue_aliases[2],source_alias,IEEE/CVF Conference on Computer Vision and Pattern Recognition (CVPR) Workshops
web/data/public_preview_papers.json,records[334].venue_aliases[3],source_alias,IEEE/CVF Conference on Computer Vision and Pattern Recognition Workshops
web/data/public_preview_papers.json,records[334].venue_aliases[4],source_alias,IEEE/CVF Conference on Computer Vision and Pattern Recognition Workshops (CVPRW)
web/data/public_preview_papers.json,records[334].venue_aliases[6],source_alias,CVPRW
web/data/public_preview_papers.json,records[334].venue_aliases[9],source_alias,2024 IEEE/CVF Conference on Computer Vision and Pattern Recognition Workshops (CVPRW)
web/data/public_preview_papers.json,records[336].venue,canonical_venue,IEEE International Workshop on Information Forensics and Security
web/data/public_preview_papers.json,records[336].venue_name,canonical_venue,IEEE International Workshop on Information Forensics and Security
web/data/public_preview_papers.json,records[336].venue_track,paper_track,Workshop
web/data/public_preview_papers.json,records[336].raw_venue,provenance,IEEE International Workshop on Information Forensics and Security (WIFS)
web/data/public_preview_papers.json,records[336].venue_aliases[0],source_alias,IEEE International Workshop on Information Forensics and Security (WIFS)
web/data/public_preview_papers.json,records[336].venue_aliases[1],source_alias,IEEE International Workshop on Information Forensics and Security
web/data/public_preview_papers.json,records[336].venue_aliases[3],source_alias,2020 IEEE International Workshop on Information Forensics and Security (WIFS)
web/data/public_preview_papers.json,records[336].venue_aliases[4],source_alias,2024 IEEE International Workshop on Information Forensics and Security (WIFS)
web/data/public_preview_papers.json,records[336].venue_aliases[5],source_alias,2019 IEEE International Workshop on Information Forensics and Security (WIFS)
web/data/public_preview_papers.json,records[342].venue_aliases[2],source_alias,IEEE/CVF Conference on Computer Vision and Pattern Recognition (CVPR) Workshops
web/data/public_preview_papers.json,records[342].venue_aliases[3],source_alias,IEEE/CVF Conference on Computer Vision and Pattern Recognition Workshops
web/data/public_preview_papers.json,records[342].venue_aliases[4],source_alias,IEEE/CVF Conference on Computer Vision and Pattern Recognition Workshops (CVPRW)
web/data/public_preview_papers.json,records[342].venue_aliases[6],source_alias,CVPRW
web/data/public_preview_papers.json,records[342].venue_aliases[9],source_alias,2024 IEEE/CVF Conference on Computer Vision and Pattern Recognition Workshops (CVPRW)
web/data/public_preview_papers.json,records[343].venue_track,paper_track,Workshop
web/data/public_preview_papers.json,records[353].venue_aliases[2],source_alias,IEEE/CVF Conference on Computer Vision and Pattern Recognition (CVPR) Workshops
web/data/public_preview_papers.json,records[353].venue_aliases[3],source_alias,IEEE/CVF Conference on Computer Vision and Pattern Recognition Workshops
web/data/public_preview_papers.json,records[353].venue_aliases[4],source_alias,IEEE/CVF Conference on Computer Vision and Pattern Recognition Workshops (CVPRW)
web/data/public_preview_papers.json,records[353].venue_aliases[6],source_alias,CVPRW
web/data/public_preview_papers.json,records[353].venue_aliases[9],source_alias,2024 IEEE/CVF Conference on Computer Vision and Pattern Recognition Workshops (CVPRW)
web/data/public_preview_papers.json,records[357].venue_aliases[2],source_alias,2020 IEEE Security and Privacy Workshops (SPW)
web/data/public_preview_papers.json,records[357].venue_aliases[3],source_alias,SPW
web/data/public_preview_papers.json,records[357].venue_aliases[6],source_alias,IEEE Security and Privacy Workshops
web/data/public_preview_papers.json,records[358].venue_track,paper_track,Workshop
web/data/public_preview_papers.json,records[358].raw_venue,provenance,2024 European Conference on Computer Vision (ECCV) Workshops
web/data/public_preview_papers.json,records[358].venue_aliases[2],source_alias,European Conference on Computer Vision (ECCV) Workshops
web/data/public_preview_papers.json,records[358].venue_aliases[3],source_alias,Computer Vision – ECCV 2024 Workshops
web/data/public_preview_papers.json,records[359].venue_aliases[3],source_alias,"Proceedings of the 1st on Deepfake Forensics Workshop: Detection, Attribution, Recognition, and Adversarial Challenges in the Era of AI-Generated Media"
web/data/public_preview_papers.json,records[366].venue_aliases[2],source_alias,European Conference on Computer Vision (ECCV) Workshops
web/data/public_preview_papers.json,records[366].venue_aliases[3],source_alias,Computer Vision – ECCV 2024 Workshops
web/data/public_preview_papers.json,records[367].venue_aliases[2],source_alias,IEEE/CVF Winter Conference on Applications of Computer Vision (WACV) Workshops
web/data/public_preview_papers.json,records[367].venue_aliases[3],source_alias,IEEE/CVF Winter Conference on Applications of Computer Vision (WACV) Workshop
web/data/public_preview_papers.json,records[367].venue_aliases[4],source_alias,IEEE/CVF Winter Conference on Applications of Computer Vision Workshops (WACVW)
web/data/public_preview_papers.json,records[367].venue_aliases[5],source_alias,IEEE/CVF Winter Conference on Applications of Computer Vision Workshop (WACVW)
web/data/public_preview_papers.json,records[367].venue_aliases[6],source_alias,IEEE/CVF Winter Conference on Applications of Computer Vision (WACVW) Workshops
web/data/public_preview_papers.json,records[367].venue_aliases[7],source_alias,IEEE/CVF Winter Conference on Applications of Computer Vision (WACVW) Workshop
web/data/public_preview_papers.json,records[367].venue_aliases[8],source_alias,WACVW
web/data/public_preview_papers.json,records[369].venue_aliases[2],source_alias,IEEE/CVF Winter Conference on Applications of Computer Vision (WACV) Workshops
web/data/public_preview_papers.json,records[369].venue_aliases[3],source_alias,IEEE/CVF Winter Conference on Applications of Computer Vision (WACV) Workshop
web/data/public_preview_papers.json,records[369].venue_aliases[4],source_alias,IEEE/CVF Winter Conference on Applications of Computer Vision Workshops (WACVW)
web/data/public_preview_papers.json,records[369].venue_aliases[5],source_alias,IEEE/CVF Winter Conference on Applications of Computer Vision Workshop (WACVW)
web/data/public_preview_papers.json,records[369].venue_aliases[6],source_alias,IEEE/CVF Winter Conference on Applications of Computer Vision (WACVW) Workshops
web/data/public_preview_papers.json,records[369].venue_aliases[7],source_alias,IEEE/CVF Winter Conference on Applications of Computer Vision (WACVW) Workshop
web/data/public_preview_papers.json,records[369].venue_aliases[8],source_alias,WACVW
web/data/public_preview_papers.json,records[386].venue,canonical_venue,ACM Workshop on Information Hiding and Multimedia Security
web/data/public_preview_papers.json,records[386].venue_name,canonical_venue,ACM Workshop on Information Hiding and Multimedia Security
web/data/public_preview_papers.json,records[386].raw_venue,provenance,ACM Workshop on Information Hiding and Multimedia Security
web/data/public_preview_papers.json,records[386].venue_aliases[0],source_alias,ACM Workshop on Information Hiding and Multimedia Security (IH&MMSec)
web/data/public_preview_papers.json,records[386].venue_aliases[1],source_alias,ACM Workshop on Information Hiding and Multimedia Security
web/data/public_preview_papers.json,records[388].venue_track,paper_track,Workshop
web/data/public_preview_papers.json,records[390].venue_track,paper_track,Workshop
web/data/public_preview_papers.json,records[390].raw_venue,provenance,2024 IEEE/CVF Conference on Computer Vision and Pattern Recognition (CVPR) Workshops
web/data/public_preview_papers.json,records[390].venue_aliases[2],source_alias,IEEE/CVF Conference on Computer Vision and Pattern Recognition (CVPR) Workshops
web/data/public_preview_papers.json,records[390].venue_aliases[3],source_alias,IEEE/CVF Conference on Computer Vision and Pattern Recognition Workshops
web/data/public_preview_papers.json,records[390].venue_aliases[4],source_alias,IEEE/CVF Conference on Computer Vision and Pattern Recognition Workshops (CVPRW)
web/data/public_preview_papers.json,records[390].venue_aliases[6],source_alias,CVPRW
web/data/public_preview_papers.json,records[390].venue_aliases[9],source_alias,2024 IEEE/CVF Conference on Computer Vision and Pattern Recognition Workshops (CVPRW)
web/data/public_preview_papers.json,records[395].venue_track,paper_track,Workshop
web/data/public_preview_papers.json,records[395].venue_aliases[2],source_alias,European Conference on Computer Vision (ECCV) Workshops
web/data/public_preview_papers.json,records[395].venue_aliases[3],source_alias,Computer Vision – ECCV 2024 Workshops
web/data/public_preview_papers.json,records[396].venue,canonical_venue,IEEE International Workshop on Information Forensics and Security
web/data/public_preview_papers.json,records[396].venue_name,canonical_venue,IEEE International Workshop on Information Forensics and Security
web/data/public_preview_papers.json,records[396].venue_track,paper_track,Workshop
web/data/public_preview_papers.json,records[396].raw_venue,provenance,2024 IEEE International Workshop on Information Forensics and Security (WIFS)
web/data/public_preview_papers.json,records[396].venue_aliases[0],source_alias,IEEE International Workshop on Information Forensics and Security (WIFS)
web/data/public_preview_papers.json,records[396].venue_aliases[1],source_alias,IEEE International Workshop on Information Forensics and Security
web/data/public_preview_papers.json,records[396].venue_aliases[3],source_alias,2020 IEEE International Workshop on Information Forensics and Security (WIFS)
web/data/public_preview_papers.json,records[396].venue_aliases[4],source_alias,2024 IEEE International Workshop on Information Forensics and Security (WIFS)
web/data/public_preview_papers.json,records[396].venue_aliases[5],source_alias,2019 IEEE International Workshop on Information Forensics and Security (WIFS)
web/data/public_preview_papers.json,records[397].venue,canonical_venue,IEEE International Workshop on Information Forensics and Security
web/data/public_preview_papers.json,records[397].venue_name,canonical_venue,IEEE International Workshop on Information Forensics and Security
web/data/public_preview_papers.json,records[397].venue_aliases[0],source_alias,IEEE International Workshop on Information Forensics and Security (WIFS)
web/data/public_preview_papers.json,records[397].venue_aliases[1],source_alias,IEEE International Workshop on Information Forensics and Security
web/data/public_preview_papers.json,records[397].venue_aliases[3],source_alias,2020 IEEE International Workshop on Information Forensics and Security (WIFS)
web/data/public_preview_papers.json,records[397].venue_aliases[4],source_alias,2024 IEEE International Workshop on Information Forensics and Security (WIFS)
web/data/public_preview_papers.json,records[397].venue_aliases[5],source_alias,2019 IEEE International Workshop on Information Forensics and Security (WIFS)
web/data/public_preview_papers.json,records[397].raw_venue,provenance,2024 IEEE International Workshop on Information Forensics and Security (WIFS)
web/data/public_preview_papers.json,records[398].venue_track,paper_track,Workshop
web/data/public_preview_papers.json,records[398].venue_aliases[2],source_alias,European Conference on Computer Vision (ECCV) Workshops
web/data/public_preview_papers.json,records[398].venue_aliases[3],source_alias,Computer Vision – ECCV 2024 Workshops
web/data/public_preview_papers.json,records[400].venue_aliases[2],source_alias,IEEE/CVF Conference on Computer Vision and Pattern Recognition (CVPR) Workshops
web/data/public_preview_papers.json,records[400].venue_aliases[3],source_alias,IEEE/CVF Conference on Computer Vision and Pattern Recognition Workshops
web/data/public_preview_papers.json,records[400].venue_aliases[4],source_alias,IEEE/CVF Conference on Computer Vision and Pattern Recognition Workshops (CVPRW)
web/data/public_preview_papers.json,records[400].venue_aliases[6],source_alias,CVPRW
web/data/public_preview_papers.json,records[400].venue_aliases[9],source_alias,2024 IEEE/CVF Conference on Computer Vision and Pattern Recognition Workshops (CVPRW)
web/data/public_preview_papers.json,records[402].venue_track,paper_track,Workshop
web/data/public_preview_papers.json,records[402].venue_aliases[2],source_alias,IEEE/CVF Conference on Computer Vision and Pattern Recognition (CVPR) Workshops
web/data/public_preview_papers.json,records[402].venue_aliases[3],source_alias,IEEE/CVF Conference on Computer Vision and Pattern Recognition Workshops
web/data/public_preview_papers.json,records[402].venue_aliases[4],source_alias,IEEE/CVF Conference on Computer Vision and Pattern Recognition Workshops (CVPRW)
web/data/public_preview_papers.json,records[402].venue_aliases[6],source_alias,CVPRW
web/data/public_preview_papers.json,records[402].venue_aliases[9],source_alias,2024 IEEE/CVF Conference on Computer Vision and Pattern Recognition Workshops (CVPRW)
web/data/public_preview_papers.json,records[404].venue_aliases[2],source_alias,IEEE/CVF Conference on Computer Vision and Pattern Recognition (CVPR) Workshops
web/data/public_preview_papers.json,records[404].venue_aliases[3],source_alias,IEEE/CVF Conference on Computer Vision and Pattern Recognition Workshops
web/data/public_preview_papers.json,records[404].venue_aliases[4],source_alias,IEEE/CVF Conference on Computer Vision and Pattern Recognition Workshops (CVPRW)
web/data/public_preview_papers.json,records[404].venue_aliases[6],source_alias,CVPRW
web/data/public_preview_papers.json,records[404].venue_aliases[9],source_alias,2024 IEEE/CVF Conference on Computer Vision and Pattern Recognition Workshops (CVPRW)
web/data/public_preview_papers.json,records[417].venue_aliases[2],source_alias,IEEE/CVF Conference on Computer Vision and Pattern Recognition (CVPR) Workshops
web/data/public_preview_papers.json,records[417].venue_aliases[3],source_alias,IEEE/CVF Conference on Computer Vision and Pattern Recognition Workshops
web/data/public_preview_papers.json,records[417].venue_aliases[4],source_alias,IEEE/CVF Conference on Computer Vision and Pattern Recognition Workshops (CVPRW)
web/data/public_preview_papers.json,records[417].venue_aliases[6],source_alias,CVPRW
web/data/public_preview_papers.json,records[417].venue_aliases[9],source_alias,2024 IEEE/CVF Conference on Computer Vision and Pattern Recognition Workshops (CVPRW)
web/data/public_preview_papers.json,records[419].venue_aliases[2],source_alias,European Conference on Computer Vision (ECCV) Workshops
web/data/public_preview_papers.json,records[419].venue_aliases[3],source_alias,Computer Vision – ECCV 2024 Workshops
web/data/public_preview_papers.json,records[421].venue_track,paper_track,Workshop
web/data/public_preview_papers.json,records[422].venue_aliases[2],source_alias,IEEE/CVF Conference on Computer Vision and Pattern Recognition (CVPR) Workshops
web/data/public_preview_papers.json,records[422].venue_aliases[3],source_alias,IEEE/CVF Conference on Computer Vision and Pattern Recognition Workshops
web/data/public_preview_papers.json,records[422].venue_aliases[4],source_alias,IEEE/CVF Conference on Computer Vision and Pattern Recognition Workshops (CVPRW)
web/data/public_preview_papers.json,records[422].venue_aliases[6],source_alias,CVPRW
web/data/public_preview_papers.json,records[422].venue_aliases[9],source_alias,2024 IEEE/CVF Conference on Computer Vision and Pattern Recognition Workshops (CVPRW)
web/data/public_preview_papers.json,records[423].venue_track,paper_track,Workshop
web/data/public_preview_papers.json,records[423].venue_aliases[2],source_alias,IEEE/CVF Conference on Computer Vision and Pattern Recognition (CVPR) Workshops
web/data/public_preview_papers.json,records[423].venue_aliases[3],source_alias,IEEE/CVF Conference on Computer Vision and Pattern Recognition Workshops
web/data/public_preview_papers.json,records[423].venue_aliases[4],source_alias,IEEE/CVF Conference on Computer Vision and Pattern Recognition Workshops (CVPRW)
web/data/public_preview_papers.json,records[423].venue_aliases[6],source_alias,CVPRW
web/data/public_preview_papers.json,records[423].venue_aliases[9],source_alias,2024 IEEE/CVF Conference on Computer Vision and Pattern Recognition Workshops (CVPRW)
web/data/public_preview_papers.json,records[430].venue,canonical_venue,IEEE International Workshop on Information Forensics and Security
web/data/public_preview_papers.json,records[430].venue_name,canonical_venue,IEEE International Workshop on Information Forensics and Security
web/data/public_preview_papers.json,records[430].venue_track,paper_track,Workshop
web/data/public_preview_papers.json,records[430].raw_venue,provenance,2024 IEEE International Workshop on Information Forensics and Security (WIFS)
web/data/public_preview_papers.json,records[430].venue_aliases[0],source_alias,IEEE International Workshop on Information Forensics and Security (WIFS)
web/data/public_preview_papers.json,records[430].venue_aliases[1],source_alias,IEEE International Workshop on Information Forensics and Security
web/data/public_preview_papers.json,records[430].venue_aliases[3],source_alias,2020 IEEE International Workshop on Information Forensics and Security (WIFS)
web/data/public_preview_papers.json,records[430].venue_aliases[4],source_alias,2024 IEEE International Workshop on Information Forensics and Security (WIFS)
web/data/public_preview_papers.json,records[430].venue_aliases[5],source_alias,2019 IEEE International Workshop on Information Forensics and Security (WIFS)
web/data/public_preview_papers.json,records[433].venue_track,paper_track,Workshop
web/data/public_preview_papers.json,records[433].venue_aliases[2],source_alias,IEEE/CVF Conference on Computer Vision and Pattern Recognition (CVPR) Workshops
web/data/public_preview_papers.json,records[433].venue_aliases[3],source_alias,IEEE/CVF Conference on Computer Vision and Pattern Recognition Workshops
web/data/public_preview_papers.json,records[433].venue_aliases[4],source_alias,IEEE/CVF Conference on Computer Vision and Pattern Recognition Workshops (CVPRW)
web/data/public_preview_papers.json,records[433].venue_aliases[6],source_alias,CVPRW
web/data/public_preview_papers.json,records[433].venue_aliases[9],source_alias,2024 IEEE/CVF Conference on Computer Vision and Pattern Recognition Workshops (CVPRW)
web/data/public_preview_papers.json,records[433].raw_venue,provenance,2024 IEEE/CVF Conference on Computer Vision and Pattern Recognition Workshops (CVPRW)
web/data/public_preview_papers.json,records[435].venue_aliases[2],source_alias,IEEE/CVF Conference on Computer Vision and Pattern Recognition (CVPR) Workshops
web/data/public_preview_papers.json,records[435].venue_aliases[3],source_alias,IEEE/CVF Conference on Computer Vision and Pattern Recognition Workshops
web/data/public_preview_papers.json,records[435].venue_aliases[4],source_alias,IEEE/CVF Conference on Computer Vision and Pattern Recognition Workshops (CVPRW)
web/data/public_preview_papers.json,records[435].venue_aliases[6],source_alias,CVPRW
web/data/public_preview_papers.json,records[435].venue_aliases[9],source_alias,2024 IEEE/CVF Conference on Computer Vision and Pattern Recognition Workshops (CVPRW)
web/data/public_preview_papers.json,records[437].venue_aliases[3],source_alias,"Proceedings of the 1st on Deepfake Forensics Workshop: Detection, Attribution, Recognition, and Adversarial Challenges in the Era of AI-Generated Media"
web/data/public_preview_papers.json,records[439].venue_aliases[2],source_alias,IEEE/CVF Conference on Computer Vision and Pattern Recognition (CVPR) Workshops
web/data/public_preview_papers.json,records[439].venue_aliases[3],source_alias,IEEE/CVF Conference on Computer Vision and Pattern Recognition Workshops
web/data/public_preview_papers.json,records[439].venue_aliases[4],source_alias,IEEE/CVF Conference on Computer Vision and Pattern Recognition Workshops (CVPRW)
web/data/public_preview_papers.json,records[439].venue_aliases[6],source_alias,CVPRW
web/data/public_preview_papers.json,records[439].venue_aliases[9],source_alias,2024 IEEE/CVF Conference on Computer Vision and Pattern Recognition Workshops (CVPRW)
web/data/public_preview_papers.json,records[440].venue,canonical_venue,ACM International Workshop on Multimedia AI against Disinformation
web/data/public_preview_papers.json,records[440].venue_name,canonical_venue,ACM International Workshop on Multimedia AI against Disinformation
web/data/public_preview_papers.json,records[440].venue_track,paper_track,Workshop
web/data/public_preview_papers.json,records[440].raw_venue,provenance,3rd ACM International Workshop on Multimedia AI against Disinformation
web/data/public_preview_papers.json,records[440].venue_aliases[0],source_alias,ACM International Workshop on Multimedia AI against Disinformation (MAD)
web/data/public_preview_papers.json,records[440].venue_aliases[1],source_alias,ACM International Workshop on Multimedia AI against Disinformation
web/data/public_preview_papers.json,records[440].venue_aliases[2],source_alias,Proceedings of the 1st International Workshop on Multimedia AI against Disinformation
web/data/public_preview_papers.json,records[442].venue_aliases[3],source_alias,"Proceedings of the 1st on Deepfake Forensics Workshop: Detection, Attribution, Recognition, and Adversarial Challenges in the Era of AI-Generated Media"
web/data/public_preview_papers.json,records[446].venue,canonical_venue,IEEE International Workshop on Information Forensics and Security
web/data/public_preview_papers.json,records[446].venue_name,canonical_venue,IEEE International Workshop on Information Forensics and Security
web/data/public_preview_papers.json,records[446].venue_track,paper_track,Workshop
web/data/public_preview_papers.json,records[446].venue_aliases[0],source_alias,IEEE International Workshop on Information Forensics and Security (WIFS)
web/data/public_preview_papers.json,records[446].venue_aliases[1],source_alias,IEEE International Workshop on Information Forensics and Security
web/data/public_preview_papers.json,records[446].venue_aliases[3],source_alias,2020 IEEE International Workshop on Information Forensics and Security (WIFS)
web/data/public_preview_papers.json,records[446].venue_aliases[4],source_alias,2024 IEEE International Workshop on Information Forensics and Security (WIFS)
web/data/public_preview_papers.json,records[446].venue_aliases[5],source_alias,2019 IEEE International Workshop on Information Forensics and Security (WIFS)
web/data/public_preview_papers.json,records[453].venue_aliases[2],source_alias,European Conference on Computer Vision (ECCV) Workshops
web/data/public_preview_papers.json,records[453].venue_aliases[3],source_alias,Computer Vision – ECCV 2024 Workshops
web/data/public_preview_papers.json,records[454].venue,canonical_venue,ACM International Workshop on Multimedia AI against Disinformation
web/data/public_preview_papers.json,records[454].venue_name,canonical_venue,ACM International Workshop on Multimedia AI against Disinformation
web/data/public_preview_papers.json,records[454].venue_aliases[0],source_alias,ACM International Workshop on Multimedia AI against Disinformation (MAD)
web/data/public_preview_papers.json,records[454].venue_aliases[1],source_alias,ACM International Workshop on Multimedia AI against Disinformation
web/data/public_preview_papers.json,records[454].venue_aliases[2],source_alias,Proceedings of the 1st International Workshop on Multimedia AI against Disinformation
web/data/public_preview_papers.json,records[454].raw_venue,provenance,3rd ACM International Workshop on Multimedia AI against Disinformation
web/data/public_preview_papers.json,records[456].venue_track,paper_track,Workshop
web/data/public_preview_papers.json,records[456].raw_venue,provenance,2024 European Conference on Computer Vision (ECCV) Workshops
web/data/public_preview_papers.json,records[456].venue_aliases[2],source_alias,European Conference on Computer Vision (ECCV) Workshops
web/data/public_preview_papers.json,records[456].venue_aliases[3],source_alias,Computer Vision – ECCV 2024 Workshops
web/data/public_preview_papers.json,records[457].venue_aliases[2],source_alias,European Conference on Computer Vision (ECCV) Workshops
web/data/public_preview_papers.json,records[457].venue_aliases[3],source_alias,Computer Vision – ECCV 2024 Workshops
web/data/public_preview_papers.json,records[474].venue_track,paper_track,Workshop
web/data/public_preview_papers.json,records[474].raw_venue,provenance,2023 IEEE/CVF International Conference on Computer Vision Workshops (ICCVW)
web/data/public_preview_papers.json,records[474].venue_aliases[2],source_alias,IEEE/CVF International Conference on Computer Vision Workshops (ICCVW)
web/data/public_preview_papers.json,records[474].venue_aliases[3],source_alias,ICCVW
web/data/public_preview_papers.json,records[474].venue_aliases[4],source_alias,ICCV Workshops
web/data/public_preview_papers.json,records[478].venue_aliases[2],source_alias,IEEE/CVF International Conference on Computer Vision Workshops (ICCVW)
web/data/public_preview_papers.json,records[478].venue_aliases[3],source_alias,ICCVW
web/data/public_preview_papers.json,records[478].venue_aliases[4],source_alias,ICCV Workshops
web/data/public_preview_papers.json,records[480].venue_track,paper_track,Workshop
web/data/public_preview_papers.json,records[480].venue_aliases[2],source_alias,IEEE/CVF Conference on Computer Vision and Pattern Recognition (CVPR) Workshops
web/data/public_preview_papers.json,records[480].venue_aliases[3],source_alias,IEEE/CVF Conference on Computer Vision and Pattern Recognition Workshops
web/data/public_preview_papers.json,records[480].venue_aliases[4],source_alias,IEEE/CVF Conference on Computer Vision and Pattern Recognition Workshops (CVPRW)
web/data/public_preview_papers.json,records[480].venue_aliases[6],source_alias,CVPRW
web/data/public_preview_papers.json,records[480].venue_aliases[9],source_alias,2024 IEEE/CVF Conference on Computer Vision and Pattern Recognition Workshops (CVPRW)
web/data/public_preview_papers.json,records[480].raw_venue,provenance,2023 IEEE/CVF Conference on Computer Vision and Pattern Recognition Workshops (CVPRW)
web/data/public_preview_papers.json,records[481].venue_track,paper_track,Workshop
web/data/public_preview_papers.json,records[481].venue_aliases[1],source_alias,2023 IEEE International Conference on Data Mining Workshops (ICDMW)
web/data/public_preview_papers.json,records[481].venue_aliases[2],source_alias,ICDMW
web/data/public_preview_papers.json,records[481].raw_venue,provenance,2023 IEEE International Conference on Data Mining Workshops (ICDMW)
web/data/public_preview_papers.json,records[489].venue,canonical_venue,ACM International Workshop on Multimedia AI against Disinformation
web/data/public_preview_papers.json,records[489].venue_name,canonical_venue,ACM International Workshop on Multimedia AI against Disinformation
web/data/public_preview_papers.json,records[489].venue_track,paper_track,Workshop
web/data/public_preview_papers.json,records[489].venue_aliases[0],source_alias,ACM International Workshop on Multimedia AI against Disinformation (MAD)
web/data/public_preview_papers.json,records[489].venue_aliases[1],source_alias,ACM International Workshop on Multimedia AI against Disinformation
web/data/public_preview_papers.json,records[489].venue_aliases[2],source_alias,Proceedings of the 1st International Workshop on Multimedia AI against Disinformation
web/data/public_preview_papers.json,records[489].raw_venue,provenance,Proceedings of the 2nd ACM International Workshop on Multimedia AI against Disinformation
web/data/public_preview_papers.json,records[490].venue_aliases[2],source_alias,IEEE/CVF Conference on Computer Vision and Pattern Recognition (CVPR) Workshops
web/data/public_preview_papers.json,records[490].venue_aliases[3],source_alias,IEEE/CVF Conference on Computer Vision and Pattern Recognition Workshops
web/data/public_preview_papers.json,records[490].venue_aliases[4],source_alias,IEEE/CVF Conference on Computer Vision and Pattern Recognition Workshops (CVPRW)
web/data/public_preview_papers.json,records[490].venue_aliases[6],source_alias,CVPRW
web/data/public_preview_papers.json,records[490].venue_aliases[9],source_alias,2024 IEEE/CVF Conference on Computer Vision and Pattern Recognition Workshops (CVPRW)
web/data/public_preview_papers.json,records[491].venue_aliases[2],source_alias,IEEE/CVF Conference on Computer Vision and Pattern Recognition (CVPR) Workshops
web/data/public_preview_papers.json,records[491].venue_aliases[3],source_alias,IEEE/CVF Conference on Computer Vision and Pattern Recognition Workshops
web/data/public_preview_papers.json,records[491].venue_aliases[4],source_alias,IEEE/CVF Conference on Computer Vision and Pattern Recognition Workshops (CVPRW)
web/data/public_preview_papers.json,records[491].venue_aliases[6],source_alias,CVPRW
web/data/public_preview_papers.json,records[491].venue_aliases[9],source_alias,2024 IEEE/CVF Conference on Computer Vision and Pattern Recognition Workshops (CVPRW)
web/data/public_preview_papers.json,records[494].venue_track,paper_track,Workshop
web/data/public_preview_papers.json,records[494].venue_aliases[2],source_alias,IEEE/CVF International Conference on Computer Vision Workshops (ICCVW)
web/data/public_preview_papers.json,records[494].venue_aliases[3],source_alias,ICCVW
web/data/public_preview_papers.json,records[494].venue_aliases[4],source_alias,ICCV Workshops
web/data/public_preview_papers.json,records[494].raw_venue,provenance,2023 IEEE/CVF International Conference on Computer Vision Workshops (ICCVW)
web/data/public_preview_papers.json,records[495].venue_track,paper_track,Workshop
web/data/public_preview_papers.json,records[495].raw_venue,provenance,2023 IEEE/CVF Conference on Computer Vision and Pattern Recognition Workshops (CVPRW)
web/data/public_preview_papers.json,records[495].venue_aliases[2],source_alias,IEEE/CVF Conference on Computer Vision and Pattern Recognition (CVPR) Workshops
web/data/public_preview_papers.json,records[495].venue_aliases[3],source_alias,IEEE/CVF Conference on Computer Vision and Pattern Recognition Workshops
web/data/public_preview_papers.json,records[495].venue_aliases[4],source_alias,IEEE/CVF Conference on Computer Vision and Pattern Recognition Workshops (CVPRW)
web/data/public_preview_papers.json,records[495].venue_aliases[6],source_alias,CVPRW
web/data/public_preview_papers.json,records[495].venue_aliases[9],source_alias,2024 IEEE/CVF Conference on Computer Vision and Pattern Recognition Workshops (CVPRW)
web/data/public_preview_papers.json,records[498].venue_aliases[2],source_alias,IEEE/CVF Conference on Computer Vision and Pattern Recognition (CVPR) Workshops
web/data/public_preview_papers.json,records[498].venue_aliases[3],source_alias,IEEE/CVF Conference on Computer Vision and Pattern Recognition Workshops
web/data/public_preview_papers.json,records[498].venue_aliases[4],source_alias,IEEE/CVF Conference on Computer Vision and Pattern Recognition Workshops (CVPRW)
web/data/public_preview_papers.json,records[498].venue_aliases[6],source_alias,CVPRW
web/data/public_preview_papers.json,records[498].venue_aliases[9],source_alias,2024 IEEE/CVF Conference on Computer Vision and Pattern Recognition Workshops (CVPRW)
web/data/public_preview_papers.json,records[505].venue_aliases[2],source_alias,IEEE/CVF Conference on Computer Vision and Pattern Recognition (CVPR) Workshops
web/data/public_preview_papers.json,records[505].venue_aliases[3],source_alias,IEEE/CVF Conference on Computer Vision and Pattern Recognition Workshops
web/data/public_preview_papers.json,records[505].venue_aliases[4],source_alias,IEEE/CVF Conference on Computer Vision and Pattern Recognition Workshops (CVPRW)
web/data/public_preview_papers.json,records[505].venue_aliases[6],source_alias,CVPRW
web/data/public_preview_papers.json,records[505].venue_aliases[9],source_alias,2024 IEEE/CVF Conference on Computer Vision and Pattern Recognition Workshops (CVPRW)
web/data/public_preview_papers.json,records[513].venue_aliases[2],source_alias,IEEE/CVF Winter Conference on Applications of Computer Vision (WACV) Workshops
web/data/public_preview_papers.json,records[513].venue_aliases[3],source_alias,IEEE/CVF Winter Conference on Applications of Computer Vision (WACV) Workshop
web/data/public_preview_papers.json,records[513].venue_aliases[4],source_alias,IEEE/CVF Winter Conference on Applications of Computer Vision Workshops (WACVW)
web/data/public_preview_papers.json,records[513].venue_aliases[5],source_alias,IEEE/CVF Winter Conference on Applications of Computer Vision Workshop (WACVW)
web/data/public_preview_papers.json,records[513].venue_aliases[6],source_alias,IEEE/CVF Winter Conference on Applications of Computer Vision (WACVW) Workshops
web/data/public_preview_papers.json,records[513].venue_aliases[7],source_alias,IEEE/CVF Winter Conference on Applications of Computer Vision (WACVW) Workshop
web/data/public_preview_papers.json,records[513].venue_aliases[8],source_alias,WACVW
web/data/public_preview_papers.json,records[514].venue_track,paper_track,Workshop
web/data/public_preview_papers.json,records[514].raw_venue,provenance,Proceedings of the 1st International Workshop on Multimedia AI against Disinformation
web/data/public_preview_papers.json,records[519].venue_aliases[2],source_alias,European Conference on Computer Vision (ECCV) Workshops
web/data/public_preview_papers.json,records[519].venue_aliases[3],source_alias,Computer Vision – ECCV 2024 Workshops
web/data/public_preview_papers.json,records[521].venue_aliases[2],source_alias,European Conference on Computer Vision (ECCV) Workshops
web/data/public_preview_papers.json,records[521].venue_aliases[3],source_alias,Computer Vision – ECCV 2024 Workshops
web/data/public_preview_papers.json,records[522].venue_aliases[2],source_alias,European Conference on Computer Vision (ECCV) Workshops
web/data/public_preview_papers.json,records[522].venue_aliases[3],source_alias,Computer Vision – ECCV 2024 Workshops
web/data/public_preview_papers.json,records[527].venue_aliases[2],source_alias,European Conference on Computer Vision (ECCV) Workshops
web/data/public_preview_papers.json,records[527].venue_aliases[3],source_alias,Computer Vision – ECCV 2024 Workshops
web/data/public_preview_papers.json,records[529].venue_aliases[2],source_alias,IEEE/CVF Conference on Computer Vision and Pattern Recognition (CVPR) Workshops
web/data/public_preview_papers.json,records[529].venue_aliases[3],source_alias,IEEE/CVF Conference on Computer Vision and Pattern Recognition Workshops
web/data/public_preview_papers.json,records[529].venue_aliases[4],source_alias,IEEE/CVF Conference on Computer Vision and Pattern Recognition Workshops (CVPRW)
web/data/public_preview_papers.json,records[529].venue_aliases[6],source_alias,CVPRW
web/data/public_preview_papers.json,records[529].venue_aliases[9],source_alias,2024 IEEE/CVF Conference on Computer Vision and Pattern Recognition Workshops (CVPRW)
web/data/public_preview_papers.json,records[531].venue_aliases[2],source_alias,IEEE/CVF Conference on Computer Vision and Pattern Recognition (CVPR) Workshops
web/data/public_preview_papers.json,records[531].venue_aliases[3],source_alias,IEEE/CVF Conference on Computer Vision and Pattern Recognition Workshops
web/data/public_preview_papers.json,records[531].venue_aliases[4],source_alias,IEEE/CVF Conference on Computer Vision and Pattern Recognition Workshops (CVPRW)
web/data/public_preview_papers.json,records[531].venue_aliases[6],source_alias,CVPRW
web/data/public_preview_papers.json,records[531].venue_aliases[9],source_alias,2024 IEEE/CVF Conference on Computer Vision and Pattern Recognition Workshops (CVPRW)
web/data/public_preview_papers.json,records[551].venue_aliases[2],source_alias,IEEE/CVF International Conference on Computer Vision Workshops (ICCVW)
web/data/public_preview_papers.json,records[551].venue_aliases[3],source_alias,ICCVW
web/data/public_preview_papers.json,records[551].venue_aliases[4],source_alias,ICCV Workshops
web/data/public_preview_papers.json,records[555].raw_venue,provenance,2020 IEEE Security and Privacy Workshops (SPW)
web/data/public_preview_papers.json,records[555].venue_track,paper_track,Workshop
web/data/public_preview_papers.json,records[555].venue_aliases[2],source_alias,2020 IEEE Security and Privacy Workshops (SPW)
web/data/public_preview_papers.json,records[555].venue_aliases[3],source_alias,SPW
web/data/public_preview_papers.json,records[555].venue_aliases[6],source_alias,IEEE Security and Privacy Workshops
web/data/public_preview_papers.json,records[556].venue,canonical_venue,IEEE International Workshop on Information Forensics and Security
web/data/public_preview_papers.json,records[556].venue_name,canonical_venue,IEEE International Workshop on Information Forensics and Security
web/data/public_preview_papers.json,records[556].venue_track,paper_track,Workshop
web/data/public_preview_papers.json,records[556].venue_aliases[0],source_alias,IEEE International Workshop on Information Forensics and Security (WIFS)
web/data/public_preview_papers.json,records[556].venue_aliases[1],source_alias,IEEE International Workshop on Information Forensics and Security
web/data/public_preview_papers.json,records[556].venue_aliases[3],source_alias,2020 IEEE International Workshop on Information Forensics and Security (WIFS)
web/data/public_preview_papers.json,records[556].venue_aliases[4],source_alias,2024 IEEE International Workshop on Information Forensics and Security (WIFS)
web/data/public_preview_papers.json,records[556].venue_aliases[5],source_alias,2019 IEEE International Workshop on Information Forensics and Security (WIFS)
web/data/public_preview_papers.json,records[556].raw_venue,provenance,2020 IEEE International Workshop on Information Forensics and Security (WIFS)
web/data/public_preview_papers.json,records[557].venue_aliases[2],source_alias,IEEE/CVF Conference on Computer Vision and Pattern Recognition (CVPR) Workshops
web/data/public_preview_papers.json,records[557].venue_aliases[3],source_alias,IEEE/CVF Conference on Computer Vision and Pattern Recognition Workshops
web/data/public_preview_papers.json,records[557].venue_aliases[4],source_alias,IEEE/CVF Conference on Computer Vision and Pattern Recognition Workshops (CVPRW)
web/data/public_preview_papers.json,records[557].venue_aliases[6],source_alias,CVPRW
web/data/public_preview_papers.json,records[557].venue_aliases[9],source_alias,2024 IEEE/CVF Conference on Computer Vision and Pattern Recognition Workshops (CVPRW)
web/data/public_preview_papers.json,records[560].venue_aliases[2],source_alias,IEEE/CVF Conference on Computer Vision and Pattern Recognition (CVPR) Workshops
web/data/public_preview_papers.json,records[560].venue_aliases[3],source_alias,IEEE/CVF Conference on Computer Vision and Pattern Recognition Workshops
web/data/public_preview_papers.json,records[560].venue_aliases[4],source_alias,IEEE/CVF Conference on Computer Vision and Pattern Recognition Workshops (CVPRW)
web/data/public_preview_papers.json,records[560].venue_aliases[6],source_alias,CVPRW
web/data/public_preview_papers.json,records[560].venue_aliases[9],source_alias,2024 IEEE/CVF Conference on Computer Vision and Pattern Recognition Workshops (CVPRW)
web/data/public_preview_papers.json,records[563].venue_aliases[2],source_alias,IEEE/CVF Conference on Computer Vision and Pattern Recognition (CVPR) Workshops
web/data/public_preview_papers.json,records[563].venue_aliases[3],source_alias,IEEE/CVF Conference on Computer Vision and Pattern Recognition Workshops
web/data/public_preview_papers.json,records[563].venue_aliases[4],source_alias,IEEE/CVF Conference on Computer Vision and Pattern Recognition Workshops (CVPRW)
web/data/public_preview_papers.json,records[563].venue_aliases[6],source_alias,CVPRW
web/data/public_preview_papers.json,records[563].venue_aliases[9],source_alias,2024 IEEE/CVF Conference on Computer Vision and Pattern Recognition Workshops (CVPRW)
web/data/public_preview_papers.json,records[568].venue_aliases[2],source_alias,IEEE/CVF Conference on Computer Vision and Pattern Recognition (CVPR) Workshops
web/data/public_preview_papers.json,records[568].venue_aliases[3],source_alias,IEEE/CVF Conference on Computer Vision and Pattern Recognition Workshops
web/data/public_preview_papers.json,records[568].venue_aliases[4],source_alias,IEEE/CVF Conference on Computer Vision and Pattern Recognition Workshops (CVPRW)
web/data/public_preview_papers.json,records[568].venue_aliases[6],source_alias,CVPRW
web/data/public_preview_papers.json,records[568].venue_aliases[9],source_alias,2024 IEEE/CVF Conference on Computer Vision and Pattern Recognition Workshops (CVPRW)
web/data/public_preview_papers.json,records[570].venue_aliases[2],source_alias,IEEE/CVF International Conference on Computer Vision Workshops (ICCVW)
web/data/public_preview_papers.json,records[570].venue_aliases[3],source_alias,ICCVW
web/data/public_preview_papers.json,records[570].venue_aliases[4],source_alias,ICCV Workshops
web/data/public_preview_papers.json,records[572].venue,canonical_venue,IEEE International Workshop on Information Forensics and Security
web/data/public_preview_papers.json,records[572].venue_name,canonical_venue,IEEE International Workshop on Information Forensics and Security
web/data/public_preview_papers.json,records[572].venue_track,paper_track,Workshop
web/data/public_preview_papers.json,records[572].raw_venue,provenance,2019 IEEE International Workshop on Information Forensics and Security (WIFS)
web/data/public_preview_papers.json,records[572].venue_aliases[0],source_alias,IEEE International Workshop on Information Forensics and Security (WIFS)
web/data/public_preview_papers.json,records[572].venue_aliases[1],source_alias,IEEE International Workshop on Information Forensics and Security
web/data/public_preview_papers.json,records[572].venue_aliases[3],source_alias,2020 IEEE International Workshop on Information Forensics and Security (WIFS)
web/data/public_preview_papers.json,records[572].venue_aliases[4],source_alias,2024 IEEE International Workshop on Information Forensics and Security (WIFS)
web/data/public_preview_papers.json,records[572].venue_aliases[5],source_alias,2019 IEEE International Workshop on Information Forensics and Security (WIFS)
web/data/public_preview_papers.json,records[575].venue,canonical_venue,IEEE International Workshop on Information Forensics and Security
web/data/public_preview_papers.json,records[575].venue_name,canonical_venue,IEEE International Workshop on Information Forensics and Security
web/data/public_preview_papers.json,records[575].venue_track,paper_track,Workshop
web/data/public_preview_papers.json,records[575].venue_aliases[0],source_alias,IEEE International Workshop on Information Forensics and Security (WIFS)
web/data/public_preview_papers.json,records[575].venue_aliases[1],source_alias,IEEE International Workshop on Information Forensics and Security
web/data/public_preview_papers.json,records[575].venue_aliases[3],source_alias,2020 IEEE International Workshop on Information Forensics and Security (WIFS)
web/data/public_preview_papers.json,records[575].venue_aliases[4],source_alias,2024 IEEE International Workshop on Information Forensics and Security (WIFS)
web/data/public_preview_papers.json,records[575].venue_aliases[5],source_alias,2019 IEEE International Workshop on Information Forensics and Security (WIFS)
web/data/public_preview_papers.json,records[575].raw_venue,provenance,2019 IEEE International Workshop on Information Forensics and Security (WIFS)
web/data/public_preview_papers.json,records[578].venue_track,paper_track,Workshop
web/data/public_preview_papers.json,records[578].raw_venue,provenance,2019 IEEE/CVF Conference on Computer Vision and Pattern Recognition (CVPR) Workshops
web/data/public_preview_papers.json,records[578].venue_aliases[2],source_alias,IEEE/CVF Conference on Computer Vision and Pattern Recognition (CVPR) Workshops
web/data/public_preview_papers.json,records[578].venue_aliases[3],source_alias,IEEE/CVF Conference on Computer Vision and Pattern Recognition Workshops
web/data/public_preview_papers.json,records[578].venue_aliases[4],source_alias,IEEE/CVF Conference on Computer Vision and Pattern Recognition Workshops (CVPRW)
web/data/public_preview_papers.json,records[578].venue_aliases[6],source_alias,CVPRW
web/data/public_preview_papers.json,records[578].venue_aliases[9],source_alias,2024 IEEE/CVF Conference on Computer Vision and Pattern Recognition Workshops (CVPRW)
