source_diagnostic_row_id,candidate_identity,paper_id,title,year,doi,arxiv_id,openalex_id,resolved_authoritative_identity,normalized_title_identity,identity_match_method,strong_identifiers_agree,source_record_sha256,identity_resolution_status,current_taxonomy,legacy_category,primary_source,decisive_datasets_tasks,face_only_flag,video_temporal_flag,media_scope_status,mechanism,broader_synthetic_image_evidence,final_audit_status,confidence,recommended_next_action,exact_evidence_needed,rationale,corpus_action
legacy-scope:7ca66997ac008fed,curated:3ea88dc6c3224d22d416,curated:3ea88dc6c3224d22d416,IoT-Oriented Security for Small Sensor Systems Using DnCNN Denoising and Multimodal Feature Fusion for Image Forgery Detection,2026,10.3390/s26041172,,W7128586659,curated:3ea88dc6c3224d22d416,title-year:iot oriented security for small sensor systems using dncnn denoising and multimodal feature fusion for image forgery detection|2026,paper_id,true,4a91285f2d2b0fbc8de5d6ae78eace569dc8cccf89b1efc54463b2c2861465a9,INTERNAL_ID_RESOLVED,Forensic Task=detection | Image Scope=traditional_manipulation | Research Type=method,classical_manipulation,https://pmc.ncbi.nlm.nih.gov/articles/PMC12944014/,"Sections 3.1 and 6.1 and Table 2 evaluate CASIA 2.0 for conventional splicing, copy-move, and compositing detection/localization; Section 6.2 identifies GenImage and diffusion-era evaluation only as future work.",not_applicable,no,temporal cues required=no; video-level evaluation=no; frames sampled=no; independent still-image inference=yes; non-face synthetic images evaluated=no (classical manipulations only),"Passive classical image-manipulation detection and localization from denoising, noise-residual, texture, and structural cues.",No substantive modern generative-image experiment is reported; GenImage and diffusion evaluation are future work only.,LEGACY_SCOPE_DRIFT_HIGH_CONFIDENCE,high,MOVE_TO_EXCLUDED_ARCHIVE,,"The evaluated contribution is classical-only image manipulation forensics, so it conflicts with the current narrowed synthetic-image scope while remaining a legitimate legacy inclusion under the earlier policy.",NONE_AUDIT_ONLY
legacy-scope:60f4053725c90d51,doi:10.3390/jimaging7030059,,Copy-Move Forgery Detection (CMFD) Using Deep Learning for Image and Video Forensics,2021,10.3390/jimaging7030059,,W3138230904,doi:10.3390/jimaging7030059,title-year:copy move forgery detection cmfd using deep learning for image and video forensics|2021,doi,true,2fc97c891bc512952454472d7bff805968766f757b12bb17ace39b57cb34339f,IDENTITY_RESOLVABLE_BY_STRONG_ID,Forensic Task=detection | Image Scope=traditional_manipulation | Research Type=method,classical_manipulation,https://pmc.ncbi.nlm.nih.gov/articles/PMC8321314/,Section 3 and Tables 3-5 evaluate eight open-access classical copy-move datasets; Sections 4.1 and 6 define and assess only copy-move forgery detection.,not_applicable,no,temporal cues required=no; video-level evaluation=no; frames sampled=no; independent still-image inference=yes; non-face synthetic images evaluated=no (classical manipulations only),Passive classical copy-move forgery detection with custom and transfer-learning convolutional models.,"No fully generated, diffusion-edited, or other modern generative-image benchmark is evaluated.",LEGACY_SCOPE_DRIFT_HIGH_CONFIDENCE,high,MOVE_TO_EXCLUDED_ARCHIVE,,"The paper's experiments are limited to classical copy-move manipulation, which is outside the current narrowed scope.",NONE_AUDIT_ONLY
legacy-scope:ca0df7d97a4cb873,curated:074bb9a77ee85d50090c,curated:074bb9a77ee85d50090c,Aperture: A Patch-Aware Framework for Joint Forgery Detection and Localization,2025,10.1007/s44336-025-00027-8,,W4417449415,curated:074bb9a77ee85d50090c,title-year:aperture a patch aware framework for joint forgery detection and localization|2025,paper_id,true,fd8fb304c369923a542e7d2a03667441200935dd86b59928c3af60738c521886,INTERNAL_ID_RESOLVED,Forensic Task=detection;localization | Image Scope=deepfake | Research Type=method,pure_deepfake,https://link.springer.com/article/10.1007/s44336-025-00027-8,"Training/localization use the DDL collection of roughly 1.5 million single-face and multi-face tampering images across 61 facial-manipulation techniques; detection tests use face-deepfake benchmarks such as FaceForensics++, Celeb-DF, and DeeperForensics.",yes,yes,temporal cues required=no; video-level evaluation=no (frame/image level); frames sampled=yes; independent still-image inference=yes (face images only); non-face synthetic images evaluated=no,Patch-aware local/global classification plus query-guided segmentation and pseudo-label test-time adaptation.,None. The dataset construction and external benchmarks are facial manipulation/deepfake data.,LEGACY_SCOPE_DRIFT_HIGH_CONFIDENCE,high,MOVE_TO_EXCLUDED_ARCHIVE,,Joint detection/localization does not broaden the corpus scope when every decisive benchmark is facial forgery.,NONE_AUDIT_ONLY
legacy-scope:725f1087b6eb89da,curated:27627323cfb3f8a48640,curated:27627323cfb3f8a48640,Revisiting Deepfake Detection: BCNet for Robust Generalization Beyond Semantic Dependence,2026,,,,curated:27627323cfb3f8a48640,title-year:revisiting deepfake detection bcnet for robust generalization beyond semantic dependence|2026,paper_id,true,c0ac5efbed6786592f4531c33c16199fba90f4d9a7bc0414a25c16f04a6d94c6,INTERNAL_ID_RESOLVED,Forensic Task=detection | Image Scope=deepfake | Research Type=method,pure_deepfake,https://github.com/zwhyyyy/BCNet,"The official implementation trains/tests AI-generated still-image detection across non-face content categories and unseen generators, with examples including car/cat imagery and test generators such as DALL-E 3, FLUX.1-dev, Stable Diffusion, and StyleGAN3.",no,no,temporal cues required=no; video-level evaluation=no; frames sampled=no; independent still-image inference=yes; non-face synthetic images evaluated=yes,A general AI-generated-image detector designed to reduce reliance on semantic content and retain generator-artifact cues.,"Yes. Non-face, general-content still images from multiple GAN and text-to-image families are separate evaluated conditions.",LEGACY_KEEP_IN_SCOPE,high,NO_ACTION,,The paper's use of the word deepfake is broader than facial deepfakes; its actual experiments directly cover general synthetic still images.,NONE_AUDIT_ONLY
legacy-scope:0374bc2985bb3fe1,curated:3bb1fe2e65312512ed32,curated:3bb1fe2e65312512ed32,Pixels Don't Lie (but Your Detector Might): Bootstrapping MLLM-as-a-Judge for Trustworthy Deepfake Detection and Reasoning Supervision,2026,,2602.19715,W7131411544,curated:3bb1fe2e65312512ed32,title-year:pixels don t lie but your detector might bootstrapping mllm as a judge for trustworthy deepfake detection and reasoning supervision|2026,paper_id,true,957e7a9b075d3709fc97f766af3cd1e155637cfc6a0fb5e4b3df07301b0fcf5a,INTERNAL_ID_RESOLVED,Forensic Task=detection | Image Scope=deepfake | Research Type=method;dataset;benchmark,pure_deepfake,https://openaccess.thecvf.com/content/CVPR2026/html/Kuckreja_Pixels_Dont_Lie_But_Your_Detector_Might_Bootstrapping_MLLM-as-a-Judge_for_CVPR_2026_paper.html ; https://github.com/KjAeRsTuIsK/DeepfakeJudge,"DeepfakeJudge-Detect contains 2,000 still images: 1,000 OpenImages-V7 real images, 500 text-to-image fakes from Gemini/SeedDream, and 500 generatively edited images from Gemini, FLUX Kontext Max, and Qwen-Edit. DeepfakeJudge-Reason separately evaluates detection/reasoning and localization-grounded explanations.",no,no,temporal cues required=no; video-level evaluation=no; frames sampled=no; independent still-image inference=yes; non-face synthetic images evaluated=yes,An MLLM judge bootstrapped with generator-evaluator feedback scores the fidelity of deepfake decisions and natural-language visual reasoning.,Yes. Fully generated and generatively edited general OpenImages-style still content are substantive benchmark partitions.,LEGACY_KEEP_IN_SCOPE,high,NO_ACTION,,The contribution directly evaluates broad AIGI and generative editing rather than only faces or video.,NONE_AUDIT_ONLY
legacy-scope:e6b4da3440dfa49b,curated:40db3b79c5d83b80e5a4,curated:40db3b79c5d83b80e5a4,Fake-GPT: Detecting Fake Image via Large Language Model,2024,10.1007/978-981-97-8685-5_9,,W4404007821,curated:40db3b79c5d83b80e5a4,title-year:fake gpt detecting fake image via large language model|2024,paper_id,true,fc3c6b8822f2c2ed10371f1fa2c13b95be941bcb4442171e1a186fceb73fa617,INTERNAL_ID_RESOLVED,Forensic Task=detection | Image Scope=deepfake | Research Type=method,pure_deepfake,https://link.springer.com/chapter/10.1007/978-981-97-8685-5_9,"The reported generalization protocol trains on ProGAN imagery and tests GAN families including StyleGAN, StyleGAN2, BigGAN, CycleGAN, StarGAN, GauGAN, and DeepFake, with real-image sources spanning LSUN, ImageNet, CelebA/CelebA-HQ, and COCO; diffusion-generated sets are also evaluated.",no,no,temporal cues required=no; video-level evaluation=no; frames sampled=no; independent still-image inference=yes; non-face synthetic images evaluated=yes,RGB pixels are serialized as token sequences and a Qwen-7B model is adapted with LoRA for real/fake image classification.,Yes. LSUN/ImageNet/COCO content and BigGAN/CycleGAN/GauGAN/diffusion tests extend beyond facial imagery.,LEGACY_KEEP_IN_SCOPE,medium,NO_ACTION,,The generator and source-domain experiments constitute broad still-image AIGI detection even though the paper uses 'deepfake' terminology.,NONE_AUDIT_ONLY
legacy-scope:fd887ba0010a8c9e,curated:4363b7a97f75f90ad22c,curated:4363b7a97f75f90ad22c,A Swin Transformer and CLIP-Based Framework for Generalized DeepFake Detection,2025,10.1007/978-981-95-6825-3_10,,W7203828369,curated:4363b7a97f75f90ad22c,title-year:a swin transformer and clip based framework for generalized deepfake detection|2025,paper_id,true,b0c45f58a6010561235d7eb240483640322fc2a0309189a219937312c7c84f96,INTERNAL_ID_RESOLVED,Forensic Task=detection | Image Scope=deepfake | Research Type=method,pure_deepfake,https://doi.org/10.1007/978-981-95-6825-3_10,"A publisher-accessible primary experiments section was not available. Index snippets report nine unseen GAN models and an Ojha diffusion-image benchmark, but the exact image domains and table definitions could not be verified from the primary paper.",unclear,unclear,temporal-cue requirement=unclear; video-level evaluation=unclear; frame sampling=unclear; independent still-image inference=unclear; non-face synthetic-image evaluation=unclear,Swin Transformer and CLIP feature fusion for cross-generator fake-image classification.,Plausible but not primary-verified; the indexed summary suggests GAN and diffusion still-image experiments that may include general imagery.,LEGACY_SCOPE_DRIFT_NEEDS_REVIEW,low,FURTHER_PRIMARY_REVIEW,"Inspect the primary experimental dataset table and sample descriptions: do the nine GAN tests and the Ojha diffusion benchmark contain independently scored non-face general still images, and what metrics are reported for them?",Thin publisher metadata cannot safely distinguish a broad AIGI detector from a face-only detector; removal would risk a false exclusion.,NONE_AUDIT_ONLY
legacy-scope:a101f4a38ccc4854,curated:4b5ef3aeb56177a90939,curated:4b5ef3aeb56177a90939,On Attribution of Deepfakes,2020,10.48550/arxiv.2008.09194,2008.09194,W3134567460,curated:4b5ef3aeb56177a90939,title-year:on attribution of deepfakes|2020,paper_id,true,bef48c4ad76ff9a0e9b62b2c1d2d1ef952bdc710477efdd53601010682c9aedb,INTERNAL_ID_RESOLVED,Forensic Task=source_attribution | Image Scope=deepfake | Research Type=method,pure_deepfake,https://arxiv.org/abs/2008.09194,"The attribution experiment uses 6,000 centered 1024x1024 human-face images, 2,000 each from ProgressiveGAN, StyleGAN, and StyleGAN2, and performs seed/source reconstruction and attribution.",yes,no,temporal cues required=no; video-level evaluation=no; frames sampled=no; independent still-image inference=yes (face images only); non-face synthetic images evaluated=no,GAN inversion/reconstruction is used to attribute a generated face to its source model and latent seed.,None. The primary paper explicitly describes all evaluated samples as human faces.,LEGACY_SCOPE_DRIFT_HIGH_CONFIDENCE,high,MOVE_TO_EXCLUDED_ARCHIVE,,Source attribution is in scope as a task only when it extends beyond a face-only benchmark; this paper does not.,NONE_AUDIT_ONLY
legacy-scope:7a53f01643e8b3be,curated:52edb9369ffaae37bd81,curated:52edb9369ffaae37bd81,Dual-Tree Complex Wavelet Driven Hierarchical Spatial-Frequency Fusion Learning for Robust Deepfake Detection,2026,10.1109/tdsc.2026.3712721,,W7168127486,curated:52edb9369ffaae37bd81,title-year:dual tree complex wavelet driven hierarchical spatial frequency fusion learning for robust deepfake detection|2026,paper_id,true,9452e220558c25a961ae3434d14f237a954d2ffe2144d17d68696be94d789f5e,INTERNAL_ID_RESOLVED,Forensic Task=detection | Image Scope=fully_generated;deepfake | Research Type=method,pure_deepfake,https://doi.org/10.1109/tdsc.2026.3712721,"The primary abstract discloses cross-dataset AUROC on Celeb-DFv2 and DFDC, both facial-video deepfake benchmarks, but refers generically to additional benchmark datasets without naming their domains.",unclear,unclear,temporal-cue requirement=unclear; video-level evaluation=unclear; frame sampling=unclear; independent still-image inference=unclear; non-face synthetic-image evaluation=unclear,Hierarchical spatial-frequency fusion and dual-tree complex-wavelet directional subband modeling for deepfake classification.,"Not established. The named evaluations are face/video only, while the complete dataset list is unavailable.",LEGACY_SCOPE_DRIFT_NEEDS_REVIEW,medium,FURTHER_PRIMARY_REVIEW,"Do the full primary dataset and results tables contain any independently scored benchmark with non-face fully generated or generatively edited still images, and what are all train/test benchmarks?","The named evidence points to face/video drift, but the abstract is insufficient to rule out a substantive broader experiment.",NONE_AUDIT_ONLY
legacy-scope:b9a4d61d09a4aa17,curated:551ca154b757ec651c0e,curated:551ca154b757ec651c0e,Beyond the Spectrum: Detecting Deepfakes via Re-Synthesis,2021,10.24963/ijcai.2021/349,,W3187526215,curated:551ca154b757ec651c0e,title-year:beyond the spectrum detecting deepfakes via re synthesis|2021,paper_id,true,a85ab166a349f2098b88770dabc1a6cb8e8f5412f1c681cccdea7c054fd2d36b,INTERNAL_ID_RESOLVED,Forensic Task=detection | Image Scope=deepfake | Research Type=method,pure_deepfake,https://www.ijcai.org/proceedings/2021/349,"Detection experiments cover real CelebA-HQ, FFHQ, and LSUN imagery and generated outputs from ProGAN, StyleGAN, StyleGAN2, StarGAN2, with re-synthesis networks trained on both face and LSUN scene domains.",no,no,temporal cues required=no; video-level evaluation=no; frames sampled=no; independent still-image inference=yes; non-face synthetic images evaluated=yes,"Images are re-synthesized by super-resolution, denoising, or colorization networks; discrepancies and residual artifacts drive real/fake classification.",Yes. LSUN scene imagery supplies an independently evaluated non-face domain in addition to face datasets.,LEGACY_KEEP_IN_SCOPE,high,NO_ACTION,,The evaluated task is general GAN-generated still-image detection across face and scene domains.,NONE_AUDIT_ONLY
legacy-scope:43cf16270ab723d9,curated:559269bd486bc1da5115,curated:559269bd486bc1da5115,Comparative Analysis of Custom CNN Architecture and MobileNet for Deepfake Image Detection,2025,10.1007/978-3-031-81308-5_6,,W4407768917,curated:559269bd486bc1da5115,title-year:comparative analysis of custom cnn architecture and mobilenet for deepfake image detection|2025,paper_id,true,2700ac217fa4e1d1fba6707e621090f31d25fa3fe2c3c2aebaf25095d0ce243a,INTERNAL_ID_RESOLVED,Forensic Task=detection | Image Scope=deepfake | Research Type=analysis_study,pure_deepfake,https://link.springer.com/chapter/10.1007/978-3-031-81308-5_6,"The primary abstract reports binary detection on CIFAKE: 120,000 images split evenly between CIFAR-10 real images and Stable-Diffusion-generated synthetic counterparts, with custom CNN and MobileNetV2 comparisons.",no,no,temporal cues required=no; video-level evaluation=no; frames sampled=no; independent still-image inference=yes; non-face synthetic images evaluated=yes,Custom CNN and transfer-learned MobileNetV2 classifiers distinguish real from AI-generated still images.,Yes. CIFAKE contains diverse CIFAR-10 object/scene classes rather than a face-only corpus.,LEGACY_KEEP_IN_SCOPE,high,NO_ACTION,,This is directly a broad synthetic still-image detection experiment despite its deepfake label.,NONE_AUDIT_ONLY
legacy-scope:863263d3e63a83a1,curated:611c1fc878b1f9737a04,curated:611c1fc878b1f9737a04,Universal Deepfake Detection via Low-Rank Adaptation of Vision-Language Models,2026,10.1007/978-981-92-3429-5_47,,W7169672328,curated:611c1fc878b1f9737a04,title-year:universal deepfake detection via low rank adaptation of vision language models|2026,paper_id,true,544a878b3c1b1c4446c81302ed94463afdc7c7664a55415542451e1a777416a4,INTERNAL_ID_RESOLVED,Forensic Task=detection | Image Scope=deepfake | Research Type=method,pure_deepfake,https://link.springer.com/chapter/10.1007/978-981-92-3429-5_47,"The primary abstract reports mAP/accuracy, robustness, and scale ablations but does not name the training or evaluation datasets, generator families, or image domains.",unclear,unclear,temporal-cue requirement=unclear; video-level evaluation=unclear; frame sampling=unclear; independent still-image inference=unclear; non-face synthetic-image evaluation=unclear,LoRA is inserted into both visual and text encoders of a vision-language model and optimized with contrastive loss.,Not established from accessible primary material.,LEGACY_SCOPE_DRIFT_NEEDS_REVIEW,low,FURTHER_PRIMARY_REVIEW,Does the primary experimental dataset table and generator list show that the reported mAP includes independently evaluated non-face general AIGI rather than only facial deepfakes?,The word 'universal' and broad references do not establish experimental scope without named primary datasets.,NONE_AUDIT_ONLY
legacy-scope:015d4e251687425a,curated:6a0913decc4e81abddb3,curated:6a0913decc4e81abddb3,Diffusion Models as a Representation Learner for Deepfake Image Detection,2024,10.1007/978-3-031-78305-0_15,,W4404943058,curated:6a0913decc4e81abddb3,title-year:diffusion models as a representation learner for deepfake image detection|2024,paper_id,true,05294995880c451b687cf1d3b4e2bfb45f42391551c2a2ee9fabec605e348cd8,INTERNAL_ID_RESOLVED,Forensic Task=detection;source_attribution | Image Scope=deepfake | Research Type=method,pure_deepfake,https://link.springer.com/chapter/10.1007/978-3-031-78305-0_15,"The primary proceedings experiment reports classification on FaceForensics++ using DDIM reconstructions, latent inversion, and high-frequency features.",yes,yes,temporal cues required=no; video-level evaluation=no (frame/image level); frames sampled=yes; independent still-image inference=yes (face images only); non-face synthetic images evaluated=no,A diffusion model is used as a representation/reconstruction learner to expose artifacts for downstream deepfake classification.,None. Diffusion is the analysis mechanism; diffusion-generated general images are not a separate detection benchmark.,LEGACY_SCOPE_DRIFT_HIGH_CONFIDENCE,high,MOVE_TO_EXCLUDED_ARCHIVE,,Using a diffusion model internally does not broaden a face-manipulation-only evaluation into synthetic-image detection.,NONE_AUDIT_ONLY
legacy-scope:ba8d655a1feb5623,curated:6e6c7c4645ed4af43a61,curated:6e6c7c4645ed4af43a61,Enhancing Sensing and Imaging Capabilities Through Surface Plasmon Resonance for Deepfake Image Detection,2025,10.1007/s11468-024-02492-1,,W4402322120,curated:6e6c7c4645ed4af43a61,title-year:enhancing sensing and imaging capabilities through surface plasmon resonance for deepfake image detection|2025,paper_id,true,701198d497e5ee6a2a0a6e398203909f3a261c11248f8f568ce0edf72d41978e,INTERNAL_ID_RESOLVED,Forensic Task=detection | Image Scope=deepfake | Research Type=method,pure_deepfake,https://link.springer.com/article/10.1007/s11468-024-02492-1,"The primary abstract reports greater than 95% accuracy from a gold-nanoparticle SPR spectroscopic setup but does not identify the images, dataset, generation/manipulation methods, sample counts, or train/test protocol.",unclear,unclear,temporal-cue requirement=unclear; video-level evaluation=unclear; frame sampling=unclear; independent still-image inference=unclear; non-face synthetic-image evaluation=unclear,A physical surface-plasmon-resonance sensing setup is claimed to detect minute alterations in image content through spectral shifts.,Not established; the primary preview gives no auditable image-domain or generator evidence.,LEGACY_SCOPE_DRIFT_NEEDS_REVIEW,low,FURTHER_PRIMARY_REVIEW,"Inspect the full primary methods, dataset/sample table, and results: what exact authentic and fake images were physically measured, were any non-face AIGI or generative edits independently evaluated, and how were splits and labels defined?",A reported accuracy without identifiable data cannot support either retention or confident exclusion.,NONE_AUDIT_ONLY
legacy-scope:f2f3149d6bc874b4,curated:7287cadbc4b8408fd16b,curated:7287cadbc4b8408fd16b,Breaking Manifold Continuity: Vector Quantized Modeling for Real-Centric Deepfake Detection,2026,,,,curated:7287cadbc4b8408fd16b,title-year:breaking manifold continuity vector quantized modeling for real centric deepfake detection|2026,paper_id,true,ad95e6c6a4fde75065c30359502ff8aaed067ba92d41c61eb7b6780a4d565f60,INTERNAL_ID_RESOLVED,Forensic Task=detection | Image Scope=deepfake | Research Type=method,pure_deepfake,https://openreview.net/attachment?id=WrlqkXYYCx&name=pdf,"The accessible primary abstract states only that experiments use 'diverse datasets'; the OpenReview primary PDF was unavailable for inspection, so dataset names, domains, and generator-level results remain unverified.",unclear,unclear,temporal-cue requirement=unclear; video-level evaluation=unclear; frame sampling=unclear; independent still-image inference=unclear; non-face synthetic-image evaluation=unclear,A CLIP vision encoder is constrained with a vector-quantized real-image codebook and adaptive tangent-space projection for open-set fake detection.,Plausible but not primary-verified.,LEGACY_SCOPE_DRIFT_NEEDS_REVIEW,low,FURTHER_PRIMARY_REVIEW,"Which training/testing datasets and image categories appear in the primary experiments table, and are there separate quantitative results on non-face general GAN/diffusion still images?","The method language is compatible with broad AIGI detection, but the abstract alone cannot establish the decisive experimental scope.",NONE_AUDIT_ONLY
legacy-scope:ab8bfc2a7b1cc65c,curated:80e6fc4ce64c001a2b3d,curated:80e6fc4ce64c001a2b3d,An Improved Dense CNN Architecture for Deepfake Image Detection,2023,10.1109/access.2023.3251417,,W4323022407,curated:80e6fc4ce64c001a2b3d,title-year:an improved dense cnn architecture for deepfake image detection|2023,paper_id,true,9c6112d2519ac8f631bf5dd68993ee2bae762665dd2a51234b574344f28fee05,INTERNAL_ID_RESOLVED,Forensic Task=detection | Image Scope=deepfake | Research Type=method,pure_deepfake,https://digitalknowledge.cput.ac.za/bitstream/11189/9712/1/Improved_Dense_CNN_Architecture.pdf,"The full paper uses real CelebA/FFHQ faces and fake faces from GDWCT, AttGAN, StarGAN, StyleGAN, and StyleGAN2; external testing extracts/crops faces from Celeb-DF video.",yes,yes,temporal cues required=no; video-level evaluation=no (frame/image level); frames sampled=yes; independent still-image inference=yes (face images only); non-face synthetic images evaluated=no,A densely connected CNN performs real/fake classification on aligned facial images.,None. Every real and synthetic source in the experimental section is facial.,LEGACY_SCOPE_DRIFT_HIGH_CONFIDENCE,high,MOVE_TO_EXCLUDED_ARCHIVE,,Multiple generators do not make the evaluation broad when all generated content is faces.,NONE_AUDIT_ONLY
legacy-scope:5dfa5c4b6551bb2e,curated:8227355571a6d402e4f8,curated:8227355571a6d402e4f8,SpectraGuard: Provably-Private Deepfake Detection with Learnable Frequency-Domain Differential Privacy,2026,10.1109/tcsvt.2026.3724270,,W7203624959,curated:8227355571a6d402e4f8,title-year:spectraguard provably private deepfake detection with learnable frequency domain differential privacy|2026,paper_id,true,9cd4bf7363afd601f32b7109fff7d415f9e786c8850bdf6dede3a77cf5e83775,INTERNAL_ID_RESOLVED,Forensic Task=detection | Image Scope=deepfake | Research Type=method,pure_deepfake,https://doi.org/10.1109/tcsvt.2026.3724270,"Detection/privacy experiments use FaceForensics++ and Celeb-DF, including reconstruction attacks against protected facial inputs.",yes,yes,temporal cues required=no; video-level evaluation=no (frame/image level); frames sampled=yes; independent still-image inference=yes (face images only); non-face synthetic images evaluated=no,DEConv preprocessing and block-DCT differential privacy suppress identity-revealing facial information while retaining forgery cues.,None. Both decisive benchmarks and the privacy threat model are explicitly face-based.,LEGACY_SCOPE_DRIFT_HIGH_CONFIDENCE,high,MOVE_TO_EXCLUDED_ARCHIVE,,"This is privacy-preserving face-deepfake detection, with no broader still-image AIGI evaluation.",NONE_AUDIT_ONLY
legacy-scope:fce1b89df653e197,curated:89f7a674fe872806006b,curated:89f7a674fe872806006b,ODDN: Addressing Unpaired Data Challenges in Open-World Deepfake Detection on Online Social Networks,2025,10.1609/aaai.v39i1.32063,2410.18687,W4409346532,curated:89f7a674fe872806006b,title-year:oddn addressing unpaired data challenges in open world deepfake detection on online social networks|2025,paper_id,true,449ae78f9aa30423b9982501399789b9c8e429f12e4e76c899ac06919e146324,INTERNAL_ID_RESOLVED,Forensic Task=detection | Image Scope=deepfake | Research Type=method,pure_deepfake,https://ojs.aaai.org/index.php/AAAI/article/view/32063,"The primary experiments train on ForenSynths object categories and evaluate 17 generated-image datasets/families, including InfoGAN, BEGAN, CramerGAN, MMDGAN, RelGAN, S3GAN, SNGAN, STGGAN, ProGAN, StyleGAN/2, BigGAN, CycleGAN, StarGAN, GauGAN, and DeepFake under social-network compression.",no,no,temporal cues required=no; video-level evaluation=no; frames sampled=no; independent still-image inference=yes; non-face synthetic images evaluated=yes,Open-world data aggregation learns from paired/unpaired raw and compressed images; compression-discard gradient correction reduces sensitivity to OSN processing.,"Yes. Chair, horse, car, cat, and other general object categories are quantitatively evaluated across many GAN families.",LEGACY_KEEP_IN_SCOPE,high,NO_ACTION,,The paper is a broad synthetic still-image detector despite calling the task open-world deepfake detection.,NONE_AUDIT_ONLY
legacy-scope:143f645e100e3556,curated:988373de555945528142,curated:988373de555945528142,"Comparative Analysis of Deepfake Image Detection Method Using VGG16, VGG19 and ResNet50",2024,10.37934/araset.47.1.1628,,W4399978626,curated:988373de555945528142,title-year:comparative analysis of deepfake image detection method using vgg16 vgg19 and resnet50|2024,paper_id,true,ee4f8ce83ed35cb47cb8f9be779daa33b9ce4ea3fba9b512fb3299ed39ca394e,INTERNAL_ID_RESOLVED,Forensic Task=detection | Image Scope=deepfake | Research Type=analysis_study,pure_deepfake,https://doi.org/10.37934/araset.47.1.1628,"The study classifies 1,200 images, split between 600 real images and 600 FaceApp-manipulated face images, using VGG16, VGG19, and ResNet50.",yes,no,temporal cues required=no; video-level evaluation=no; frames sampled=no; independent still-image inference=yes (face images only); non-face synthetic images evaluated=no,Transfer-learned CNN classifiers detect FaceApp facial manipulation.,None. The sole fake source is a face-editing application and the samples are faces.,LEGACY_SCOPE_DRIFT_HIGH_CONFIDENCE,high,MOVE_TO_EXCLUDED_ARCHIVE,,This is a small face-manipulation classifier without a broader generative-image test.,NONE_AUDIT_ONLY
legacy-scope:ecebb768fa65e8ac,curated:9c8645e0bddeeff2ed4b,curated:9c8645e0bddeeff2ed4b,Deepfake Image Detection Using ResNet50 Model,2024,10.1109/cybercomp60759.2024.10913843,,W4408401076,curated:9c8645e0bddeeff2ed4b,title-year:deepfake image detection using resnet50 model|2024,paper_id,true,bc10a496d1a5863957014a834925df37043b7e16d2c5646db60adbb0dae27b59,INTERNAL_ID_RESOLVED,Forensic Task=detection | Image Scope=deepfake | Research Type=method,pure_deepfake,https://doi.org/10.1109/cybercomp60759.2024.10913843,"The primary abstract names DeepFakeFace and Deepfake Processed, with 4,000 images per dataset and ResNet50/Gaussian-blur experiments, but does not disclose the underlying image domains or manipulation/generator composition.",unclear,unclear,temporal-cue requirement=unclear; video-level evaluation=unclear; frame sampling=unclear; independent still-image inference=unclear; non-face synthetic-image evaluation=unclear,Gaussian-blur preprocessing with ResNet50 binary classification.,Not established from the accessible primary abstract; the dataset names suggest face imagery but are not sufficient proof of exclusive scope.,LEGACY_SCOPE_DRIFT_NEEDS_REVIEW,medium,FURTHER_PRIMARY_REVIEW,"Inspect the primary dataset section and sample figures for both DeepFakeFace and Deepfake Processed: are all images faces, and is any non-face fully generated or generatively edited still-image subset reported separately?","A face-only interpretation is likely, but the primary abstract does not establish dataset composition strongly enough for irreversible classification.",NONE_AUDIT_ONLY
legacy-scope:1c348c1c58f5af27,curated:a0c532923fe10a4ee7c0,curated:a0c532923fe10a4ee7c0,Enhancing Deepfake Detection with Diversified Self-Blending Images and Residuals,2024,10.1109/access.2024.3382196,,W4393217303,curated:a0c532923fe10a4ee7c0,title-year:enhancing deepfake detection with diversified self blending images and residuals|2024,paper_id,true,8ab008500c698c2f96f4693dfe0cbee5060c81da85e33522be7b9593e6b1d57c,INTERNAL_ID_RESOLVED,Forensic Task=detection | Image Scope=fully_generated;deepfake | Research Type=method,pure_deepfake,https://doi.org/10.1109/access.2024.3382196,"Training uses diversified self-blended facial images; cross-dataset tests train on FaceForensics++ and evaluate FaceForensics++ HQ/LQ, Celeb-DF, and WildDeepfake.",yes,yes,temporal cues required=no; video-level evaluation=no (frame/image level); frames sampled=yes; independent still-image inference=yes (face images only); non-face synthetic images evaluated=no,"Facial color/frequency conversion, mask deformation, self-blending, and residual supervision expose face-forgery artifacts.",None. All completed experiments are facial manipulation/deepfake benchmarks.,LEGACY_SCOPE_DRIFT_HIGH_CONFIDENCE,high,MOVE_TO_EXCLUDED_ARCHIVE,,"Synthetic self-blending is training augmentation for face-deepfake detection, not broader synthetic-image evaluation.",NONE_AUDIT_ONLY
legacy-scope:ad8ef79dc360b3b0,curated:b388bfe1b5785775a436,curated:b388bfe1b5785775a436,Deepfake Image Detection Using Light-Weight Attention Integrated MobileNetV3 Model,2025,10.1007/978-3-031-84543-7_11,,W4409586875,curated:b388bfe1b5785775a436,title-year:deepfake image detection using light weight attention integrated mobilenetv3 model|2025,paper_id,true,0a2aa11c73f668f81d3f2a47497275aecdc409379c476b3c75b69c1290fc2baf,INTERNAL_ID_RESOLVED,Forensic Task=detection | Image Scope=deepfake | Research Type=method,pure_deepfake,https://link.springer.com/chapter/10.1007/978-3-031-84543-7_11,"The publisher abstract compares MobileNetV3 with XceptionNet, InceptionV3, EfficientNetB0, and InceptionResNet and reports an F-score of 98.46%, but names no dataset or image domain.",unclear,unclear,temporal-cue requirement=unclear; video-level evaluation=unclear; frame sampling=unclear; independent still-image inference=unclear; non-face synthetic-image evaluation=unclear,Self-attention-enhanced MobileNetV3 for lightweight real-time fake-image classification.,Not established from accessible primary evidence.,LEGACY_SCOPE_DRIFT_NEEDS_REVIEW,low,FURTHER_PRIMARY_REVIEW,"What dataset and manipulation/generator sources appear in the full primary results, are the samples all faces, and does any non-face AIGI subset have a separate result?",Architecture and score alone do not determine whether the contribution is face-only or broad synthetic-image detection.,NONE_AUDIT_ONLY
legacy-scope:cb06e9cd78b60faa,curated:bbe4e9e8c5b41e467a76,curated:bbe4e9e8c5b41e467a76,The Face Deepfake Detection Challenge,2022,10.3390/jimaging8100263,,W4297477523,curated:bbe4e9e8c5b41e467a76,title-year:the face deepfake detection challenge|2022,paper_id,true,c3cc02409b56a17a0202c0aa32afaed9a04f50682d253fd7b8077cb3ca49dfcf,INTERNAL_ID_RESOLVED,Forensic Task=detection | Image Scope=deepfake | Research Type=method,pure_deepfake,https://www.mdpi.com/2313-433X/8/10/263,"Challenge tasks are face-deepfake detection and source-face reconstruction. Real data come from CelebA and FFHQ; fake faces come from StarGAN, StarGAN-v2, StyleGAN, StyleGAN2, AttGAN, and GDWCT, with additional face crops from DFDC/FaceForensics++ in participant development.",yes,yes,temporal cues required=no; video-level evaluation=no (frame/image level); frames sampled=yes; independent still-image inference=yes (face images only); non-face synthetic images evaluated=no,"Challenge benchmark and comparative evaluation of face classification/reconstruction systems, primarily EfficientNet-family detectors.",None. The challenge is explicitly restricted to face images and facial generators/manipulations.,LEGACY_SCOPE_DRIFT_HIGH_CONFIDENCE,high,MOVE_TO_EXCLUDED_ARCHIVE,,The paper's entire contribution is a face-deepfake benchmark.,NONE_AUDIT_ONLY
legacy-scope:d36ad097fa369e7a,curated:c071c25bc2957d78569b,curated:c071c25bc2957d78569b,Deep Learning for Deepfakes Creation and Detection: A Survey,2022,10.1016/j.cviu.2022.103525,1909.11573,W3045755384,curated:c071c25bc2957d78569b,title-year:deep learning for deepfakes creation and detection a survey|2022,paper_id,true,17ca36cf4d85ac3b4b35c0a8d5107c2b89c69165d4955e60170ea9e8f1b87dea,INTERNAL_ID_RESOLVED,Forensic Task=detection | Image Scope=deepfake | Research Type=survey,pure_deepfake,https://arxiv.org/abs/1909.11573,"The survey organizes image and video deepfake creation/detection around face synthesis, identity replacement, reenactment, facial attributes/artifacts, and face/video benchmarks such as FaceForensics++, Celeb-DF, DFDC, UADFV, and DeepfakeTIMIT.",yes,yes,temporal cues required=not applicable (review); video-level literature covered=yes; frames sampled=not applicable; independent face-image literature covered=yes; non-face synthetic-image contribution=no,"Survey/taxonomy of deepfake creation and detection methods, divided mainly into image-frame and temporal/video approaches.",No substantive broader still-image AIGI review contribution is separated from the face/deepfake literature.,LEGACY_SCOPE_DRIFT_HIGH_CONFIDENCE,high,MOVE_TO_EXCLUDED_ARCHIVE,,"Although surveys may remain when they cover the corpus scope, this review surveys facial deepfakes and video rather than general synthetic still-image detection/attribution.",NONE_AUDIT_ONLY
legacy-scope:145b6457ee2d2926,curated:cd18fc45f8a86a30aaf6,curated:cd18fc45f8a86a30aaf6,Complement Face Forensic Detection and Localization with FacialLandmarks,2019,10.48550/arxiv.1910.05455,1910.05455,W2979433881,curated:cd18fc45f8a86a30aaf6,title-year:complement face forensic detection and localization with faciallandmarks|2019,paper_id,true,42a9c0650e45e42d81034530d1837f424cf592ce175702d76488946527bd0869,INTERNAL_ID_RESOLVED,Forensic Task=detection;localization | Image Scope=fully_generated;generative_editing;deepfake | Research Type=method,pure_deepfake,https://arxiv.org/abs/1910.05455,"The proposed 1.3-million-image dataset uses CelebA/FFHQ real faces, DCGAN/LSGAN/BEGAN/WGAN-GP/ProGAN/StyleGAN generated faces, and StarGAN/SEFCGAN edited faces; external tests use FaceForensics++.",yes,yes,temporal cues required=no; video-level evaluation=no (frame/image level); frames sampled=yes; independent still-image inference=yes (face images only); non-face synthetic images evaluated=no,An Xception-based dual classification/localization network incorporates facial-landmark maps and pixel masks.,None. Fully generated and edited samples are explicitly all facial images.,LEGACY_SCOPE_DRIFT_HIGH_CONFIDENCE,high,MOVE_TO_EXCLUDED_ARCHIVE,,"Generative editing and full synthesis are present, but only in a face-restricted benchmark, which the narrowed policy treats as drift.",NONE_AUDIT_ONLY
legacy-scope:7b5140bb6ac94532,curated:ce21a7aa219b08d1b81a,curated:ce21a7aa219b08d1b81a,Beyond Backbones: Degradation-Aware Prototype Fusion for Robust Deepfake Detection,2026,,,,curated:ce21a7aa219b08d1b81a,title-year:beyond backbones degradation aware prototype fusion for robust deepfake detection|2026,paper_id,true,6b65a0a8518aecc8ec770b65f459a61de0e8e6bbad9dc84b3fa58d1892c25c25,INTERNAL_ID_RESOLVED,Forensic Task=detection | Image Scope=deepfake | Research Type=method,pure_deepfake,https://openaccess.thecvf.com/content/CVPR2026W/NTIRE/papers/Negi_Beyond_Backbones_Degradation-Aware_Prototype_Fusion_for_Robust_Deepfake_Detection_CVPRW_2026_paper.pdf,"The method is trained/evaluated on the NTIRE 2026 Robust Deepfake Detection face-forgery benchmark, with 26 image degradations and AUC as the principal metric.",yes,no,temporal cues required=no; video-level evaluation=no; frames sampled=no; independent still-image inference=yes (face images only); non-face synthetic images evaluated=no,Degradation-conditioned fusion of LoRA-adapted CLIP and DINOv3 branches with generator-aware prototypes and anomaly-aware local pooling.,None. The challenge paper explicitly frames and evaluates generative face synthesis/face forgery.,LEGACY_SCOPE_DRIFT_HIGH_CONFIDENCE,high,MOVE_TO_EXCLUDED_ARCHIVE,,Robustness to degradations does not broaden the underlying face-forgery task.,NONE_AUDIT_ONLY
legacy-scope:b8f7381c6eab87dd,curated:d8df0e4505f5d38ebb28,curated:d8df0e4505f5d38ebb28,Lightweight Image Forgery Detection via Tucker Decomposition for Efficient Edge Deployment,2026,10.1109/tai.2026.3703792,,W7164849447,curated:d8df0e4505f5d38ebb28,title-year:lightweight image forgery detection via tucker decomposition for efficient edge deployment|2026,paper_id,true,f1f3ab99fceea4df3f4f116085fe675097f3a3b701651832059044370f9d5cb3,INTERNAL_ID_RESOLVED,Forensic Task=detection | Image Scope=deepfake | Research Type=method,pure_deepfake,https://doi.org/10.1109/tai.2026.3703792,"The primary abstract says three detectors are compressed and tested across 24 forgery datasets, but it does not name those datasets, their content domains, or the per-dataset results.",unclear,unclear,temporal-cue requirement=unclear; video-level evaluation=unclear; frame sampling=unclear; independent still-image inference=unclear; non-face synthetic-image evaluation=unclear,"Unified Tucker decomposition compresses image-, frequency-, and pretrained-model-based forgery detectors for edge deployment.",Not established from accessible primary material; the count of 24 datasets alone does not distinguish general AIGI from collections of face-deepfake benchmarks.,LEGACY_SCOPE_DRIFT_NEEDS_REVIEW,low,FURTHER_PRIMARY_REVIEW,"What are all 24 datasets and three base detectors in the primary tables, and do they include separate quantitative results on non-face GAN/diffusion/general synthetic still imagery?",The breadth claim is promising but too underspecified to support either retention or exclusion.,NONE_AUDIT_ONLY
legacy-scope:0ce6ee0ce95b968f,curated:db62aa9b0b1aab0c9f7a,curated:db62aa9b0b1aab0c9f7a,Artifact-Aware Explainable Deepfake Detection via Fake-Only High-Frequency Alignment Supervision,2026,10.1109/ic2pct68894.2026.11584299,,W7167698944,curated:db62aa9b0b1aab0c9f7a,title-year:artifact aware explainable deepfake detection via fake only high frequency alignment supervision|2026,paper_id,true,eb986eaa8dcd110735d5076f08db41188685bf040face02d1ea22dee5d49ac8c,INTERNAL_ID_RESOLVED,Forensic Task=detection | Image Scope=deepfake | Research Type=method,pure_deepfake,https://doi.org/10.1109/ic2pct68894.2026.11584299,"The primary abstract reports EfficientNet-B0 detection, Grad-CAM/FFT alignment, a 0.262 alignment gap, and 99.96% validation accuracy, but gives no dataset name or image composition; diverse cross-domain and video tests are only future work.",unclear,unclear,temporal-cue requirement=unclear; video-level evaluation=unclear; frame sampling=unclear; independent still-image inference=unclear; non-face synthetic-image evaluation=unclear,Fake-only high-frequency alignment loss encourages CNN attention maps to overlap FFT-derived forensic artifact regions.,Not established; no completed broad dataset is named.,LEGACY_SCOPE_DRIFT_NEEDS_REVIEW,low,FURTHER_PRIMARY_REVIEW,"What is the validation corpus in the primary dataset/method section, is it face-only, which generator/edit types are included, and was any non-face general AIGI subset actually evaluated rather than proposed as future work?",The current primary evidence supports a detector result but does not reveal the content scope.,NONE_AUDIT_ONLY
legacy-scope:ea143e664cd505a2,curated:f898cd2f736babc824dc,curated:f898cd2f736babc824dc,HiDD-Net: A Hierarchical Dual-Domain Distillation Network for Efficient Deepfake Detection,2026,10.1117/12.3119955,,W7203837282,curated:f898cd2f736babc824dc,title-year:hidd net a hierarchical dual domain distillation network for efficient deepfake detection|2026,paper_id,true,4e49e6221d40caa2a5fb9a1feb57751bf265f2e3c429bf91263f8e958d49ac82,INTERNAL_ID_RESOLVED,Forensic Task=detection | Image Scope=deepfake | Research Type=method,pure_deepfake,https://doi.org/10.1117/12.3119955,"No primary abstract, experimental table, or accessible paper text identifies the datasets or image domains.",unclear,unclear,temporal-cue requirement=unclear; video-level evaluation=unclear; frame sampling=unclear; independent still-image inference=unclear; non-face synthetic-image evaluation=unclear,"Title-level evidence suggests hierarchical spatial/frequency distillation for an efficient deepfake detector, but the primary implementation details could not be audited.",Unknown.,LEGACY_SCOPE_DRIFT_NEEDS_REVIEW,low,FURTHER_PRIMARY_REVIEW,"What train/test datasets, generator/manipulation types, and media types are in the SPIE primary paper, and are separate results reported for any non-face generated or edited still-image benchmark?",There is insufficient primary experimental evidence for any reliable scope decision.,NONE_AUDIT_ONLY
legacy-scope:4c4eee8e29fa0cfd,curated:fc87c72c7e8c831652ea,curated:fc87c72c7e8c831652ea,LADLE-MM: Limited Annotation Based Detector with Learned Ensembles for Multimodal Misinformation,2025,,2512.20257,W7117248393,curated:fc87c72c7e8c831652ea,title-year:ladle mm limited annotation based detector with learned ensembles for multimodal misinformation|2025,paper_id,true,53df06f552e88255849cf84ab98c59ffbd5d940a58bb59e3e08d9bd9e902e1db,INTERNAL_ID_RESOLVED,Forensic Task=detection | Image Scope=deepfake | Research Type=method,pure_deepfake,https://arxiv.org/abs/2512.20257,DGM4 binary/multi-label experiments classify pristine/tampered image-text pairs with visual labels Face Swap and Face Attribute plus Text Swap and Text Attribute; VERITE tests open-set multimodal misinformation/out-of-context consistency rather than synthetic-image authenticity.,yes,no,temporal cues required=no; video-level evaluation=no; frames sampled=no; independent still-image inference=yes (face images only); non-face synthetic images evaluated=no,"ViT, DeBERTa, and frozen BLIP branches are fused with learned model-soup initialization for multimodal misinformation classification.","None. DGM4's synthetic visual operations are face-only, while VERITE's broader images are evaluated for image-text misinformation, not synthetic-image detection or attribution.",LEGACY_SCOPE_DRIFT_HIGH_CONFIDENCE,high,MOVE_TO_EXCLUDED_ARCHIVE,,"The paper is valuable multimodal misinformation work, but its synthetic-image component is face manipulation only and its broader task is outside this corpus.",NONE_AUDIT_ONLY
legacy-scope:30206ca15355ab3a,curated:fe42bad5f72f9f6858c5,curated:fe42bad5f72f9f6858c5,Omni-Fake: Benchmarking Unified Multimodal Social Media Deepfake Detection,2026,,2605.01638,W7160245451,curated:fe42bad5f72f9f6858c5,title-year:omni fake benchmarking unified multimodal social media deepfake detection|2026,paper_id,true,d8d0205f06ecb70a1c447cf0c18b43cf4ab8d1ef6660bc8e70c6f1d8b1a64682,INTERNAL_ID_RESOLVED,Forensic Task=detection | Image Scope=deepfake | Research Type=method;dataset;benchmark,pure_deepfake,https://openaccess.thecvf.com/content/CVPR2026/papers/Li_Omni-Fake_Benchmarking_Unified_Multimodal_Social_Media_Deepfake_Detection_CVPR_2026_paper.pdf,"The image modality alone contains hundreds of thousands of real, fully synthetic, and tampered still images in Omni-Fake-Set plus a held-out Omni-Fake-OOD image benchmark; detection, localization, explanation, and OOD generalization are quantitatively evaluated.",no,mixed_independent_still,qualifying image branch requires no temporal cues; separate video-level branch=yes; qualifying image branch samples no video frames; independent still-image inference=yes; non-face synthetic images evaluated=yes,"A unified multimodal dataset and reinforcement-learning-driven detector produce authenticity labels, localization, and explanations across image, audio, video, and talking-head modalities.","Yes. The image split includes broad scene/object content with fully synthetic and partial-edit labels, independently evaluated from the audio/video modalities.",LEGACY_KEEP_IN_SCOPE,high,NO_ACTION,,"A multimodal paper remains in scope because it contains a large, substantive, independently evaluated broad still-image AIGI contribution.",NONE_AUDIT_ONLY
legacy-scope:4497b2be6b8a4c6e,doi:10.1002/widm.1520,,Deepfake detection using deep learning methods: A systematic and comprehensive review,2023,10.1002/widm.1520,,W4388851105,doi:10.1002/widm.1520,title-year:deepfake detection using deep learning methods a systematic and comprehensive review|2023,doi,true,6b4d58956dfb3a8a87ca17a4696a8b164dd260d0f409379f91cde0049f322b94,IDENTITY_RESOLVABLE_BY_STRONG_ID,Forensic Task=detection | Image Scope=deepfake | Research Type=survey,pure_deepfake,https://wires.onlinelibrary.wiley.com/doi/10.1002/widm.1520,"The systematic review categorizes deepfake detection into image, video, audio, and hybrid media, with its visual evidence centered on facial synthesis/manipulation, face replacement/reenactment, and established face/video deepfake datasets; it reports that video dominates the included literature.",yes,yes,temporal cues required=not applicable (review); video-level literature covered=yes; frames sampled=not applicable; independent face-image literature covered=yes; non-face synthetic-image contribution=no,Systematic literature review and taxonomy of deep-learning deepfake detectors.,No separately developed review contribution on general non-face synthetic still-image detection or attribution is established.,LEGACY_SCOPE_DRIFT_HIGH_CONFIDENCE,high,MOVE_TO_EXCLUDED_ARCHIVE,,Survey status does not override scope: this review treats facial and audiovisual deepfakes rather than the broader synthetic still-image field.,NONE_AUDIT_ONLY
legacy-scope:f6c219ac83395ccd,doi:10.1016/j.future.2021.06.043,,Detecting fake images by identifying potential texture difference,2021,10.1016/j.future.2021.06.043,,W3173631964,doi:10.1016/j.future.2021.06.043,title-year:detecting fake images by identifying potential texture difference|2021,doi,true,20246d8fa6e05a4e9638fcd0e8623393c916d6993a34e313047658f67e119453,IDENTITY_RESOLVABLE_BY_STRONG_ID,Forensic Task=detection | Image Scope=deepfake | Research Type=method,pure_deepfake,https://www.sciencedirect.com/science/article/pii/S0167739X21002387,The primary paper defines Deepfake as face manipulation/replacement and evaluates ResNet18 classification after saliency-guided texture enhancement on real and fake face images.,yes,no,temporal cues required=no; video-level evaluation=no; frames sampled=no; independent still-image inference=yes (face images only); non-face synthetic images evaluated=no,Image saliency and guided filtering amplify facial texture differences before ResNet18 real/fake classification.,"None. The methods, contributions, and experiments repeatedly specify face texture and fake face images.",LEGACY_SCOPE_DRIFT_HIGH_CONFIDENCE,high,MOVE_TO_EXCLUDED_ARCHIVE,,This is a face-texture deepfake detector without an independent general-image benchmark.,NONE_AUDIT_ONLY
legacy-scope:9784a55454033939,doi:10.1016/j.heliyon.2024.e37163,,Detection of real-time deep fakes and face forgery in video conferencing employing generative adversarial networks,2024,10.1016/j.heliyon.2024.e37163,,W4402013517,doi:10.1016/j.heliyon.2024.e37163,title-year:detection of real time deep fakes and face forgery in video conferencing employing generative adversarial networks|2024,doi,true,be5cfbabbfce37b0f0e97f1f2075406d1f4f3f34e12c842f4369980b5e984e0f,IDENTITY_RESOLVABLE_BY_STRONG_ID,Forensic Task=detection | Image Scope=fully_generated;deepfake | Research Type=method,pure_deepfake,https://pmc.ncbi.nlm.nih.gov/articles/PMC11407936/,The full open primary article trains on CelebA-HQ faces and FaceForensics++ video frames for real-time video-conferencing face-forgery detection.,yes,yes,temporal cues required=no; video-level application/evaluation=yes; frames sampled=yes; independent still-image benchmark=no; non-face synthetic images evaluated=no,A compact ensemble of discriminators with a deep conditional GAN operates on frames extracted from video-conference streams.,"None. CelebA-HQ and FaceForensics++ are facial, and the operational task is video conferencing.",LEGACY_SCOPE_DRIFT_HIGH_CONFIDENCE,high,MOVE_TO_EXCLUDED_ARCHIVE,,Frame extraction from video does not create a broad still-image contribution when all evaluated content is faces.,NONE_AUDIT_ONLY
legacy-scope:0bdb64f38f067480,doi:10.1016/j.patrec.2024.03.025,,A Guided-Based Approach for Deepfake Detection: RGB-Depth Integration via Features Fusion,2024,10.1016/j.patrec.2024.03.025,,W4393375171,doi:10.1016/j.patrec.2024.03.025,title-year:a guided based approach for deepfake detection rgb depth integration via features fusion|2024,doi,true,16646f4ea48c6fe35a4935afc0a24b150727d26a88501bc914e316aeb1c4cfe3,IDENTITY_RESOLVABLE_BY_STRONG_ID,Forensic Task=detection | Image Scope=deepfake | Research Type=method,pure_deepfake,https://iris.uniroma1.it/retrieve/5690f691-9dd1-40bc-855e-01d0b3edbf04/Leporoni_A-guided-based_2024.pdf,"The full primary paper crops subject faces and evaluates on FaceForensics++ videos covering DeepFakes, Face2Face, FaceSwap, and NeuralTextures facial manipulations, including adversarial-robustness tests.",yes,yes,temporal cues required=no; video-level evaluation=no (frame/image level); frames sampled=yes; independent still-image inference=yes (face images only); non-face synthetic images evaluated=no,Separate MobileNetV2 RGB and monocular-depth branches are fused with RGB-guided attention for face-deepfake classification.,None. The sole benchmark and all manipulation classes are facial.,LEGACY_SCOPE_DRIFT_HIGH_CONFIDENCE,high,MOVE_TO_EXCLUDED_ARCHIVE,,The depth cue is evaluated only for face manipulations extracted from video.,NONE_AUDIT_ONLY
legacy-scope:277a516c2010172d,doi:10.1016/j.procs.2023.01.237,,Revealing and Classification of Deepfakes Video's Images using a Customize Convolution Neural Network Model,2023,10.1016/j.procs.2023.01.237,,W4318559723,doi:10.1016/j.procs.2023.01.237,title-year:revealing and classification of deepfakes video s images using a customize convolution neural network model|2023,doi,true,62bc8a2be7f51b4af2eca3c5d274398025fea4470a402bd4317916152a90519a,IDENTITY_RESOLVABLE_BY_STRONG_ID,Forensic Task=detection | Image Scope=deepfake | Research Type=method,pure_deepfake,https://doi.org/10.1016/j.procs.2023.01.237,"Kaggle deepfake-video frames; the workflow extracts faces, preprocesses face crops, and compares a custom CNN with CNN/MLP-CNN classifiers.",yes,yes,temporal cues required=no; video-level evaluation=no (frame/image level); frames sampled=yes; independent still-image inference=yes (face images only); non-face synthetic images evaluated=no,Passive frame-level classification after face extraction from deepfake videos.,None. The evaluated images are face crops extracted from face-swap/deepfake video.,LEGACY_SCOPE_DRIFT_HIGH_CONFIDENCE,high,MOVE_TO_EXCLUDED_ARCHIVE,,The primary experiment is a face-swap/video-frame detector with no independent broader synthetic-image benchmark.,NONE_AUDIT_ONLY
legacy-scope:0ca18c34446e4a8f,doi:10.1016/j.procs.2025.04.313,,DeepGuardNet: A Novel CNN Architecture for DeepFake Image Detection,2025,10.1016/j.procs.2025.04.313,,W4410253117,doi:10.1016/j.procs.2025.04.313,title-year:deepguardnet a novel cnn architecture for deepfake image detection|2025,doi,true,c17a2d8e02b42a734952cdde0136bfaf267fc269d065cf8ebd1dbacd2a941d50,IDENTITY_RESOLVABLE_BY_STRONG_ID,Forensic Task=detection | Image Scope=deepfake | Research Type=method,pure_deepfake,https://doi.org/10.1016/j.procs.2025.04.313,Celeb-DF is the reported experimental dataset; DeepGuardNet is evaluated as a real-versus-deepfake face classifier.,yes,yes,temporal cues required=no; video-level evaluation=no (frame/image level); frames sampled=yes; independent still-image inference=yes (face images only); non-face synthetic images evaluated=no,Passive depthwise-separable CNN detection of facial deepfakes.,None. The decisive benchmark is Celeb-DF and no broader general-content AIGI evaluation is reported.,LEGACY_SCOPE_DRIFT_HIGH_CONFIDENCE,high,MOVE_TO_EXCLUDED_ARCHIVE,,The contribution is limited to facial deepfake recognition under the current narrowed policy.,NONE_AUDIT_ONLY
legacy-scope:9b3826a209a24e44,doi:10.1038/s41598-023-34629-3,,Deep fake detection and classification using error-level analysis and deep learning,2023,10.1038/s41598-023-34629-3,,W4375955734,doi:10.1038/s41598-023-34629-3,title-year:deep fake detection and classification using error level analysis and deep learning|2023,doi,true,05b8a9452a3c61ac8f6c75f2682bbde33b9f87ddcc845321121990341144ff81,IDENTITY_RESOLVABLE_BY_STRONG_ID,Forensic Task=detection | Image Scope=deepfake | Research Type=method,pure_deepfake,https://doi.org/10.1038/s41598-023-34629-3,The primary experiment uses the Yonsei real/fake human-face image collection; ELA-derived images feed CNN feature extractors and SVM/KNN classifiers.,yes,no,temporal cues required=no; video-level evaluation=no; frames sampled=no; independent still-image inference=yes (face images only); non-face synthetic images evaluated=no,Passive error-level analysis plus learned face-image classification.,None. The reviewed experimental images are real and deepfake human faces.,LEGACY_SCOPE_DRIFT_HIGH_CONFIDENCE,high,MOVE_TO_EXCLUDED_ARCHIVE,,"The paper evaluates only face imagery, so it is legacy scope drift rather than a general synthetic-image detector.",NONE_AUDIT_ONLY
legacy-scope:f0d09adbd20ca66d,doi:10.1093/cybsec/tyad011,,Testing human ability to detect ‘deepfake’ images of human faces,2023,10.1093/cybsec/tyad011,2212.05056,W4381851764,doi:10.1093/cybsec/tyad011,title-year:testing human ability to detect deepfake images of human faces|2023,doi,true,96c883f15e1853677def2db2b8151a255afad9bac7b87617f0341cb13c58cf45,IDENTITY_RESOLVABLE_BY_STRONG_ID,Forensic Task=detection | Image Scope=deepfake | Research Type=survey,pure_deepfake,https://doi.org/10.1093/cybsec/tyad011,"The human-subject study uses 50 StyleGAN2/FFHQ-generated human faces and 50 real FFHQ faces, sampling 20 images per participant.",yes,no,temporal cues required=no; video-level evaluation=no; frames sampled=no; independent still-image inference=yes (face images only); non-face synthetic images evaluated=no,Human visual detection of fully generated face images.,"None. Although the faces are fully generated, every evaluated image is a human face from FFHQ/StyleGAN2.",LEGACY_SCOPE_DRIFT_HIGH_CONFIDENCE,high,MOVE_TO_EXCLUDED_ARCHIVE,,The study is exclusively about human recognition of generated faces and has no broader still-image forensic task.,NONE_AUDIT_ONLY
legacy-scope:186ca6c3b9fabf56,doi:10.1109/blackseacom61746.2024.10646310,,Deepfake Image Detection Using Vision Transformer Models,2024,10.1109/blackseacom61746.2024.10646310,,W4402130168,doi:10.1109/blackseacom61746.2024.10646310,title-year:deepfake image detection using vision transformer models|2024,doi,true,9f43f8bb2428662acf2e229bb24c69319596663fd75a67e09b0b1a8dcc023c38,IDENTITY_RESOLVABLE_BY_STRONG_ID,Forensic Task=detection | Image Scope=deepfake | Research Type=method;dataset;survey,pure_deepfake,https://doi.org/10.1109/blackseacom61746.2024.10646310,"A 40,000-image Kaggle real/deepfake collection is used to train and test the Vision Transformer; the reviewed dataset is a face-deepfake image collection.",yes,no,temporal cues required=no; video-level evaluation=no; frames sampled=no; independent still-image inference=yes (face images only); non-face synthetic images evaluated=no,Passive ViT binary classification of deepfake face images.,None. No independently evaluated non-face synthetic-image subset is reported.,LEGACY_SCOPE_DRIFT_HIGH_CONFIDENCE,high,MOVE_TO_EXCLUDED_ARCHIVE,,The experimental endpoint remains face-deepfake detection despite the generic wording of the title.,NONE_AUDIT_ONLY
legacy-scope:9a9217705c167d12,doi:10.1109/cait56099.2022.10072275,,MaskGAN: A Facial Fusion Algorithm for Deepfake Image Detection,2022,10.1109/cait56099.2022.10072275,,W4360766590,doi:10.1109/cait56099.2022.10072275,title-year:maskgan a facial fusion algorithm for deepfake image detection|2022,doi,true,a21923ff500e379162c8308535b7c1588ac1a937db01ce285e79c2150b420836,IDENTITY_RESOLVABLE_BY_STRONG_ID,Forensic Task=detection | Image Scope=deepfake | Research Type=method;dataset,pure_deepfake,https://doi.org/10.1109/cait56099.2022.10072275,MaskGAN generates face-swapping images with fusion masks; those face swaps train an improved DeepLabV3+ detector for known and unknown face-tampering methods.,yes,no,temporal cues required=no; video-level evaluation=no; frames sampled=no; independent still-image inference=yes (face images only); non-face synthetic images evaluated=no,Facial fusion generation followed by passive face-swap detection/localization.,"None. Generation, labels, and evaluation are confined to facial fusion and face swapping.",LEGACY_SCOPE_DRIFT_HIGH_CONFIDENCE,high,MOVE_TO_EXCLUDED_ARCHIVE,,"The paper's generalization claim is across face-tampering methods, not across broader synthetic-image content.",NONE_AUDIT_ONLY
legacy-scope:24defc7578a522ae,doi:10.1109/ccge50943.2021.9776410,,Deepfake Image Detection using CNNs and Transfer Learning,2021,10.1109/ccge50943.2021.9776410,,W4285362588,doi:10.1109/ccge50943.2021.9776410,title-year:deepfake image detection using cnns and transfer learning|2021,doi,true,f65e8a6d8d38a6601ab7b0631f868cc5b3de8869ec7855a3d43965111e38548a,IDENTITY_RESOLVABLE_BY_STRONG_ID,Forensic Task=detection | Image Scope=deepfake | Research Type=method,pure_deepfake,https://doi.org/10.1109/ccge50943.2021.9776410,"The accessible primary abstract describes a custom CNN and transfer-learning approach but does not name the datasets, generators, or manipulation classes used in the experiments.",unclear,unclear,temporal-cue requirement=unclear; video-level evaluation=unclear; frame sampling=unclear; independent still-image inference=unclear; non-face synthetic-image evaluation=unclear,Passive CNN/transfer-learning deepfake image classification; benchmark scope is unverified.,No primary experimental detail available in the preserved evidence establishes either face-only or broader synthetic-image coverage.,LEGACY_SCOPE_DRIFT_NEEDS_REVIEW,low,FURTHER_PRIMARY_REVIEW,"Which named datasets, generators, and manipulation classes are evaluated in the primary paper, and do they include a substantive non-face synthetic-image task?","The preserved primary evidence does not expose the experimental dataset section, so the face-only versus broader scope boundary cannot be resolved.",NONE_AUDIT_ONLY
legacy-scope:861eb0929689b136,doi:10.1109/cvpr42600.2020.00505,,Face X-Ray for More General Face Forgery Detection,2020,10.1109/cvpr42600.2020.00505,1912.13458,W3034196597,doi:10.1109/cvpr42600.2020.00505,title-year:face x ray for more general face forgery detection|2020,doi,true,bdcea0f7068244da19a88f8d2ebe77e94a7c87f96fd02b052bede2c9c67148d6,IDENTITY_RESOLVABLE_BY_STRONG_ID,Forensic Task=detection | Image Scope=deepfake | Research Type=method,pure_deepfake,https://openaccess.thecvf.com/content_CVPR_2020/html/Li_Face_X-Ray_for_More_General_Face_Forgery_Detection_CVPR_2020_paper.html,Face X-Ray is evaluated on face-forgery benchmarks and unseen facial manipulation methods; its target is the blending boundary created when an altered face is composited into a face image.,yes,yes,temporal cues required=no; video-level evaluation=no (frame/image level); frames sampled=yes; independent still-image inference=yes (face images only); non-face synthetic images evaluated=no,Passive face-forgery detection from facial blending-boundary traces.,None. The method and all decisive evaluations concern facial manipulation.,LEGACY_SCOPE_DRIFT_HIGH_CONFIDENCE,high,MOVE_TO_EXCLUDED_ARCHIVE,,Generalization to unseen face-forgery methods does not establish a broader synthetic-image contribution.,NONE_AUDIT_ONLY
legacy-scope:ea606fbd75dcbcc2,doi:10.1109/cvpr42600.2020.00808,,Global Texture Enhancement for Fake Face Detection in the Wild,2020,10.1109/cvpr42600.2020.00808,2002.00133,W3034795015,doi:10.1109/cvpr42600.2020.00808,title-year:global texture enhancement for fake face detection in the wild|2020,doi,true,d4405a951e16611f02eecf55af35cb2cbf3075632dcc68e38d2c3fcd53f1650c,IDENTITY_RESOLVABLE_BY_STRONG_ID,Forensic Task=detection | Image Scope=deepfake | Research Type=method;analysis_study,pure_deepfake,https://openaccess.thecvf.com/content_CVPR_2020/html/Liu_Global_Texture_Enhancement_for_Fake_Face_Detection_in_the_Wild_CVPR_2020_paper.html,"Table 8 separately evaluates 10,000 natural ImageNet images against 10,000 BigGAN-generated ImageNet images and reports 80.29% accuracy, in addition to the paper's face experiments.",no,no,temporal cues required=no; video-level evaluation=no; frames sampled=no; independent still-image inference=yes; non-face synthetic images evaluated=yes,"Passive global-texture detection using Gram-matrix statistics, tested for robustness to editing and unseen generators.",Yes. The independent fake-natural-image experiment demonstrates synthetic-image detection beyond facial imagery.,LEGACY_KEEP_IN_SCOPE,high,NO_ACTION,,"The title emphasizes faces, but the evaluated contribution includes a substantive non-face synthetic-image condition, satisfying the narrowed scope.",NONE_AUDIT_ONLY
legacy-scope:68d8ea66fddeb548,doi:10.1109/hora55278.2022.9799858,,Analysis Survey on Deepfake detection and Recognition with Convolutional Neural Networks,2022,10.1109/hora55278.2022.9799858,,W4283712107,doi:10.1109/hora55278.2022.9799858,title-year:analysis survey on deepfake detection and recognition with convolutional neural networks|2022,doi,true,291b9d1885a6e9b426829fdb483426209aff80da3823c6c0ed2ebacdca5d2e48,IDENTITY_RESOLVABLE_BY_STRONG_ID,Forensic Task=detection | Image Scope=deepfake | Research Type=method;survey,pure_deepfake,https://doi.org/10.1109/hora55278.2022.9799858,"The primary survey reviews CNN-based image/video deepfake generation and detection methods, with its technical scope organized around facial/identity deepfakes rather than general AIGI benchmarks.",yes,yes,temporal cues required=not applicable (review); video-level literature covered=yes; frames sampled=not applicable; independent face-image literature covered=yes; non-face synthetic-image contribution=no,Survey of passive facial deepfake recognition methods.,None. The review does not contribute an independent broader synthetic-image forensic evaluation or benchmark.,LEGACY_SCOPE_DRIFT_HIGH_CONFIDENCE,high,MOVE_TO_EXCLUDED_ARCHIVE,,Its surveyed contribution is bounded to deepfake/face media and does not independently cover the map's narrowed general-image scope.,NONE_AUDIT_ONLY
legacy-scope:1dde73b90a301ca4,doi:10.1109/i2cacis65476.2025.11100461,,"A Review on Deepfake Image Detection Approaches, Techniques and Methods",2025,10.1109/i2cacis65476.2025.11100461,,W4413255768,doi:10.1109/i2cacis65476.2025.11100461,title-year:a review on deepfake image detection approaches techniques and methods|2025,doi,true,5e20df8ca3e773197144d35c7951bc8518c986c7cce9b901176054216d7692ae,IDENTITY_RESOLVABLE_BY_STRONG_ID,Forensic Task=detection | Image Scope=deepfake | Research Type=method;survey,pure_deepfake,https://doi.org/10.1109/i2cacis65476.2025.11100461,"The accessible primary review abstract reports a taxonomy of deepfake-image approaches and internet case studies, but the preserved source does not expose the included-study table or dataset coverage needed to establish broader AIGI scope.",unclear,unclear,temporal-cue requirement=unclear; video-level evaluation=unclear; frame sampling=unclear; independent still-image inference=unclear; non-face synthetic-image evaluation=unclear,Literature review/taxonomy of deepfake image detection; exact empirical coverage is unavailable.,Unverified. The abstract alone does not show whether the review substantively covers general synthetic images outside facial deepfakes.,LEGACY_SCOPE_DRIFT_NEEDS_REVIEW,low,FURTHER_PRIMARY_REVIEW,"Which included primary studies and named datasets define the review's empirical scope, and is broader non-face synthetic-image detection covered substantively rather than mentioned incidentally?",The accessible primary material is insufficient to distinguish a pure deepfake review from a broader synthetic-image forensic review.,NONE_AUDIT_ONLY
legacy-scope:2749db4d301cb968,doi:10.1109/icipcn63822.2024.00014,,DeepSight: Enhancing Deepfake Image Detection and Classification through Ensemble and Deep Learning Techniques,2024,10.1109/icipcn63822.2024.00014,,W4402353496,doi:10.1109/icipcn63822.2024.00014,title-year:deepsight enhancing deepfake image detection and classification through ensemble and deep learning techniques|2024,doi,true,629eb2698b9775f439104b61ee3ee9b061bf5b45a69c2eff3447305b54d1c9a2,IDENTITY_RESOLVABLE_BY_STRONG_ID,Forensic Task=detection | Image Scope=deepfake | Research Type=method;benchmark,pure_deepfake,https://doi.org/10.1109/icipcn63822.2024.00014,"The accessible primary abstract says DeepSight is evaluated on benchmark datasets and across deepfake generation techniques, but it does not name the datasets or disclose whether their content is face-only.",unclear,unclear,temporal-cue requirement=unclear; video-level evaluation=unclear; frame sampling=unclear; independent still-image inference=unclear; non-face synthetic-image evaluation=unclear,"Passive ensemble classification using CNN features with Random Forest, KNN, and XGBoost.",Unverified. No preserved primary table or dataset section establishes an independent broader synthetic-image evaluation.,LEGACY_SCOPE_DRIFT_NEEDS_REVIEW,low,FURTHER_PRIMARY_REVIEW,"Which named benchmark datasets and generation methods are used in DeepSight's experiments, and do any independently evaluate non-face fully generated or generatively edited images?",Generic references to benchmark datasets and generation techniques cannot settle the narrowed-scope question.,NONE_AUDIT_ONLY
legacy-scope:20a66649d219939e,doi:10.1109/idicaiei61867.2024.10842840,,CNN-LSTM Model for Deepfake Image Detection,2024,10.1109/idicaiei61867.2024.10842840,,W4406611495,doi:10.1109/idicaiei61867.2024.10842840,title-year:cnn lstm model for deepfake image detection|2024,doi,true,bf261c21ea74a0a8490f786ff4beb53f8d4c1f5b0dcc619c31da858af2d6be00,IDENTITY_RESOLVABLE_BY_STRONG_ID,Forensic Task=detection | Image Scope=deepfake | Research Type=method,pure_deepfake,https://doi.org/10.1109/idicaiei61867.2024.10842840,The primary evaluation uses FaceForensics++ and Celeb-DF video frames; the CNN extracts spatial face features and the LSTM models temporal/frame context.,yes,yes,temporal cues required=yes; video-level evaluation=yes; frames sampled=yes; independent still-image inference=no; non-face synthetic images evaluated=no,Passive spatiotemporal classification of face-deepfake video frames.,None. Both named benchmarks are facial deepfake datasets and there is no broader image benchmark.,LEGACY_SCOPE_DRIFT_HIGH_CONFIDENCE,high,MOVE_TO_EXCLUDED_ARCHIVE,,"The image samples are frames from face-deepfake videos, so the contribution remains pure face/video forensics.",NONE_AUDIT_ONLY
legacy-scope:a2da2426af6c553b,doi:10.1109/iitcee59897.2024.10467257,,GAN Generated Fake Human Face Image Detection,2024,10.1109/iitcee59897.2024.10467257,,W4392981221,doi:10.1109/iitcee59897.2024.10467257,title-year:gan generated fake human face image detection|2024,doi,true,2fef1b797627605aefb96469bcd25bcc9be89b442aae436aedc4ad96fe54669d,IDENTITY_RESOLVABLE_BY_STRONG_ID,Forensic Task=detection | Image Scope=deepfake | Research Type=method,pure_deepfake,https://doi.org/10.1109/iitcee59897.2024.10467257,The experiment detects StyleGAN3-generated fake human faces against real human-face images and reports binary face-image accuracy.,yes,no,temporal cues required=no; video-level evaluation=no; frames sampled=no; independent still-image inference=yes (face images only); non-face synthetic images evaluated=no,Passive CNN detection of fully generated GAN faces.,"None. The target domain is explicitly human faces, with no non-face synthetic-image evaluation.",LEGACY_SCOPE_DRIFT_HIGH_CONFIDENCE,high,MOVE_TO_EXCLUDED_ARCHIVE,,Fully generated faces alone remain pure face forensics under the current narrowed policy.,NONE_AUDIT_ONLY
legacy-scope:f3c4f0cce294baca,doi:10.1109/lt64002.2025.10940759,,A Novel Framework for Deepfake Image Detection Using Deep Learning Approach,2025,10.1109/lt64002.2025.10940759,,W4409047068,doi:10.1109/lt64002.2025.10940759,title-year:a novel framework for deepfake image detection using deep learning approach|2025,doi,true,336d8751c8be3e6317a943207b9f7e408f5e9903443eb4b08abb86d2fb02e643,IDENTITY_RESOLVABLE_BY_STRONG_ID,Forensic Task=detection | Image Scope=deepfake | Research Type=method,pure_deepfake,https://doi.org/10.1109/lt64002.2025.10940759,"The accessible primary abstract reports a CNN+VGG16 framework and an unnamed 'deepfake dataset' with accuracy/precision, but it does not identify the dataset or manipulation classes.",unclear,unclear,temporal-cue requirement=unclear; video-level evaluation=unclear; frame sampling=unclear; independent still-image inference=unclear; non-face synthetic-image evaluation=unclear,Passive CNN/VGG16 deepfake classification; benchmark scope is unverified.,No preserved primary experimental evidence establishes broader non-face AIGI coverage.,LEGACY_SCOPE_DRIFT_NEEDS_REVIEW,low,FURTHER_PRIMARY_REVIEW,"What is the exact deepfake dataset used by the CNN/VGG16 framework, what content and manipulation classes does it contain, and is any broader synthetic-image subset independently evaluated?","Without the named dataset and experimental composition, the paper cannot be classified confidently as face-only or broader synthetic-image forensics.",NONE_AUDIT_ONLY
legacy-scope:de5ee58371a7e75d,doi:10.1109/miucc52538.2021.9447642,,Deepfakes Creation and Detection Using Deep Learning,2021,10.1109/miucc52538.2021.9447642,,W3172046373,doi:10.1109/miucc52538.2021.9447642,title-year:deepfakes creation and detection using deep learning|2021,doi,true,9cbe25168096836e78e2b5c7398c2d3a6742d7eec90d85b1db6519749c2595cd,IDENTITY_RESOLVABLE_BY_STRONG_ID,Forensic Task=detection | Image Scope=deepfake | Research Type=method,pure_deepfake,https://doi.org/10.1109/miucc52538.2021.9447642,"The accessible primary abstract discusses creating and detecting deepfakes with deep learning and proposes image enhancement, but names no dataset, generator suite, or evaluation protocol.",unclear,unclear,temporal-cue requirement=unclear; video-level evaluation=unclear; frame sampling=unclear; independent still-image inference=unclear; non-face synthetic-image evaluation=unclear,"Deepfake creation, enhancement, and passive detection; experimental scope is unavailable.",Unverified. The preserved source does not establish either a substantive broader synthetic-image task or a face-only benchmark.,LEGACY_SCOPE_DRIFT_NEEDS_REVIEW,low,FURTHER_PRIMARY_REVIEW,"Which named datasets, generation/manipulation methods, and detection experiments are reported in the full primary paper, and do they include independently evaluated non-face synthetic images?",The abstract-level primary evidence is too sparse to resolve the current scope boundary.,NONE_AUDIT_ONLY
legacy-scope:23eecb82cc096840,doi:10.1109/ocit53463.2021.00039,,Detection of Deep-Morphed Deepfake Images to Make Robust Automatic Facial Recognition Systems,2021,10.1109/ocit53463.2021.00039,,W4214857236,doi:10.1109/ocit53463.2021.00039,title-year:detection of deep morphed deepfake images to make robust automatic facial recognition systems|2021,doi,true,32e7c2af80babd407f32e1acaac48e8f08fdaa3cb1863878e749b83ee2f2bb73,IDENTITY_RESOLVABLE_BY_STRONG_ID,Forensic Task=detection | Image Scope=deepfake | Research Type=method,pure_deepfake,https://doi.org/10.1109/ocit53463.2021.00039,DeepfakeTIMIT-HQ is the reported benchmark for detecting deep-morphed attacks against automatic facial-recognition systems.,yes,no,temporal cues required=no; video-level evaluation=no; frames sampled=no; independent still-image inference=yes (face images only); non-face synthetic images evaluated=no,Passive CNN detection of deep-morphed face images for biometric security.,None. The sole decisive task is facial morph/deepfake attack detection.,LEGACY_SCOPE_DRIFT_HIGH_CONFIDENCE,high,MOVE_TO_EXCLUDED_ARCHIVE,,"The contribution is a face-biometric attack detector, not broader synthetic-image forensics.",NONE_AUDIT_ONLY
legacy-scope:a83d1feff1eb9401,doi:10.1109/punecon63413.2024.10895706,,Deepfake Image Detection Using Yolov8,2024,10.1109/punecon63413.2024.10895706,,W4408018363,doi:10.1109/punecon63413.2024.10895706,title-year:deepfake image detection using yolov8|2024,doi,true,056e40ff3efc0816a8c6b717d316c53d8cb36724f064fc20c47b94c0bc87d36e,IDENTITY_RESOLVABLE_BY_STRONG_ID,Forensic Task=detection | Image Scope=deepfake | Research Type=method;dataset,pure_deepfake,https://doi.org/10.1109/punecon63413.2024.10895706,"The primary study evaluates YOLOv8, CNN, CNN-LSTM, and ResNet on a 190,402-image real/fake human-face collection.",yes,no,temporal cues required=no; video-level evaluation=no; frames sampled=no; independent still-image inference=yes (face images only); non-face synthetic images evaluated=no,Passive binary face-deepfake image classification.,None. The evaluated corpus consists of real and synthetic human faces.,LEGACY_SCOPE_DRIFT_HIGH_CONFIDENCE,high,MOVE_TO_EXCLUDED_ARCHIVE,,The large sample count does not broaden the task beyond face-only deepfake detection.,NONE_AUDIT_ONLY
legacy-scope:270564a641ffdfd5,doi:10.1109/tpami.2021.3093446,,DeepFake Detection Based on Discrepancies Between Faces and Their Context,2021,10.1109/tpami.2021.3093446,,W3173581984,doi:10.1109/tpami.2021.3093446,title-year:deepfake detection based on discrepancies between faces and their context|2021,doi,true,54f94445e95228bac7501fda17388fa72f1ec2380ef5346d1449f467f9562112,IDENTITY_RESOLVABLE_BY_STRONG_ID,Forensic Task=detection | Image Scope=deepfake | Research Type=method;benchmark;analysis_study,pure_deepfake,https://doi.org/10.1109/tpami.2021.3093446,FaceForensics++ and Celeb-DF-v2 are the principal benchmarks for detecting face swaps and identity manipulation from discrepancies between a face and its hair/ears/neck context.,yes,yes,temporal cues required=no; video-level evaluation=no (frame/image level); frames sampled=yes; independent still-image inference=yes (face images only); non-face synthetic images evaluated=no,Passive face-versus-context identity-consistency detection.,None. Both the task definition and benchmarks are facial identity manipulations.,LEGACY_SCOPE_DRIFT_HIGH_CONFIDENCE,high,MOVE_TO_EXCLUDED_ARCHIVE,,The detector is explicitly designed for face swapping and other identity manipulations.,NONE_AUDIT_ONLY
legacy-scope:effd4448fbf13bb7,doi:10.1109/wacv51458.2022.00293,,BiHPF: Bilateral High-Pass Filters for Robust Deepfake Detection,2022,10.1109/wacv51458.2022.00293,2109.00911,W3196551054,doi:10.1109/wacv51458.2022.00293,title-year:bihpf bilateral high pass filters for robust deepfake detection|2022,doi,true,e4616eff3aed1d981e2d588416e3bac690f5e937e53102338d67740aeb30946f,IDENTITY_RESOLVABLE_BY_STRONG_ID,Forensic Task=detection | Image Scope=deepfake | Research Type=method,pure_deepfake,https://openaccess.thecvf.com/content/WACV2022/html/Jeong_BiHPF_Bilateral_High-Pass_Filters_for_Robust_Deepfake_Detection_WACV_2022_paper.html,"Section 5.1 and Tables 2-5 evaluate LSUN/ImageNet real images and ProGAN, StyleGAN, StyleGAN2, BigGAN, CycleGAN, and StarGAN fakes across non-face categories including horse, car, cat, and church.",no,no,temporal cues required=no; video-level evaluation=no; frames sampled=no; independent still-image inference=yes; non-face synthetic images evaluated=yes,Passive bilateral high-pass filtering to emphasize generator artifacts and improve robustness/generalization.,Yes. The independently reported general GAN-image condition extends the forensic task beyond face-only deepfakes.,LEGACY_KEEP_IN_SCOPE,high,NO_ACTION,,"The broader synthetic-image experiment is substantive, so the paper remains within the narrowed corpus despite its deepfake title.",NONE_AUDIT_ONLY
legacy-scope:ae4abf12f0ef82ae,doi:10.1109/wifs49906.2020.9360905,,CNN Detection of GAN-Generated Face Images based on Cross-Band Co-occurrences Analysis,2020,10.1109/wifs49906.2020.9360905,2007.12909,W3044151627,doi:10.1109/wifs49906.2020.9360905,title-year:cnn detection of gan generated face images based on cross band co occurrences analysis|2020,doi,true,74f0fbf3ed62d4392561aa6feb9bfa32ffda44908747ca22f2f481b0bbc9feff,IDENTITY_RESOLVABLE_BY_STRONG_ID,Forensic Task=detection | Image Scope=fully_generated | Research Type=method,pure_deepfake,https://doi.org/10.1109/wifs49906.2020.9360905,"The primary experiments distinguish GAN-generated from natural face images using spatial and cross-band co-occurrence features and test robustness to geometric, filtering, and contrast post-processing.",yes,no,temporal cues required=no; video-level evaluation=no; frames sampled=no; independent still-image inference=yes (face images only); non-face synthetic images evaluated=no,Passive spectral cross-band co-occurrence classification of GAN faces.,None. The method is specifically developed and evaluated for synthetic face images.,LEGACY_SCOPE_DRIFT_HIGH_CONFIDENCE,high,MOVE_TO_EXCLUDED_ARCHIVE,,Robustness testing does not create a broader synthetic-image contribution when the evaluated domain remains faces.,NONE_AUDIT_ONLY
legacy-scope:cf0b9862bcf2af14,doi:10.1145/3512732.3533582,,Cross-Forgery Analysis of Vision Transformers and CNNs for Deepfake Image Detection,2022,10.1145/3512732.3533582,2206.13829,W4283452332,doi:10.1145/3512732.3533582,title-year:cross forgery analysis of vision transformers and cnns for deepfake image detection|2022,doi,true,472b3c23d89cc4830f6a2b1f3ee6b7fee9e89f12aa67046474440d13526bdb5a,IDENTITY_RESOLVABLE_BY_STRONG_ID,Forensic Task=detection | Image Scope=deepfake | Research Type=method;analysis_study,pure_deepfake,https://doi.org/10.1145/3512732.3533582,Cross-forgery experiments use ForgeryNet and compare a Vision Transformer with EfficientNetV2 across face-forgery methods.,yes,yes,temporal cues required=no; video-level evaluation=no (frame/image level); frames sampled=yes; independent still-image inference=yes (face images only); non-face synthetic images evaluated=no,Passive generalization analysis across facial forgery generation methods.,None. ForgeryNet's evaluated task in this paper is face/deepfake manipulation.,LEGACY_SCOPE_DRIFT_HIGH_CONFIDENCE,high,MOVE_TO_EXCLUDED_ARCHIVE,,Cross-method generalization is confined to facial forgery and therefore conflicts with the narrowed scope.,NONE_AUDIT_ONLY
legacy-scope:bb66b1f68aea2abd,doi:10.1609/aaai.v39i7.32772,,C2P-CLIP: Injecting Category Common Prompt in CLIP to Enhance Generalization in Deepfake Detection,2025,10.1609/aaai.v39i7.32772,2408.09647,W4409367167,doi:10.1609/aaai.v39i7.32772,title-year:c2p clip injecting category common prompt in clip to enhance generalization in deepfake detection|2025,doi,true,4d0a4f12ecb58f828dc7240a9cc59c2d96d17a36994d968225ddcb508c14f508,IDENTITY_RESOLVABLE_BY_STRONG_ID,Forensic Task=detection | Image Scope=deepfake | Research Type=method,pure_deepfake,https://ojs.aaai.org/index.php/AAAI/article/view/32772,"The primary evaluation spans 20 generation models in the generalizable synthetic-image detection protocol, covering multiple GAN, diffusion, and other image-generator families rather than a face-only benchmark.",no,no,temporal cues required=no; video-level evaluation=no; frames sampled=no; independent still-image inference=yes; non-face synthetic images evaluated=yes,Passive CLIP prompt-learning detector with a category-common prompt for cross-generator generalization.,Yes. Broad general-content synthetic images from 20 generators are independently evaluated.,LEGACY_KEEP_IN_SCOPE,high,NO_ACTION,,"The experimental scope is general AI-generated still images, so the deepfake label does not indicate pure face forensics.",NONE_AUDIT_ONLY
legacy-scope:d0d99c022d0a2dcd,doi:10.17798/bitlisfen.1610300,,Deepfake Image Detection with Transfer Learning Models,2025,10.17798/bitlisfen.1610300,,W4408853348,doi:10.17798/bitlisfen.1610300,title-year:deepfake image detection with transfer learning models|2025,doi,true,00dbcb40acea7329a4c3cef8c662254e8336fb4e0b0674bc75aefa6ca9908f8a,IDENTITY_RESOLVABLE_BY_STRONG_ID,Forensic Task=detection | Image Scope=deepfake | Research Type=method;dataset,pure_deepfake,https://doi.org/10.17798/bitlisfen.1610300,"The primary study evaluates seven transfer-learning backbones on a 190,000-image public real/fake human-face dataset.",yes,no,temporal cues required=no; video-level evaluation=no; frames sampled=no; independent still-image inference=yes (face images only); non-face synthetic images evaluated=no,Passive transfer-learning classification of real versus deepfake face images.,None. The dataset's image content is human faces.,LEGACY_SCOPE_DRIFT_HIGH_CONFIDENCE,high,MOVE_TO_EXCLUDED_ARCHIVE,,The reported real/fake dataset is face-only and provides no independent broader synthetic-image task.,NONE_AUDIT_ONLY
legacy-scope:71dbb37584c9e313,doi:10.22266/ijies2023.0630.07,,DeepFake Detection Improvement for Images Based on a Proposed Method for Local Binary Pattern of the Multiple-Channel Color Space,2023,10.22266/ijies2023.0630.07,,W4367554082,doi:10.22266/ijies2023.0630.07,title-year:deepfake detection improvement for images based on a proposed method for local binary pattern of the multiple channel color space|2023,doi,true,cd01a7cce3875476ebb3f12c221f81e57b570c72dfefcfa43a1f337aac353c5e,IDENTITY_RESOLVABLE_BY_STRONG_ID,Forensic Task=detection | Image Scope=deepfake | Research Type=method;dataset;benchmark,pure_deepfake,https://doi.org/10.22266/ijies2023.0630.07,The primary experiment uses FFHQ/face-deepfake imagery and evaluates the IR-CLBP-MC color-space representation for still-image deepfake detection.,yes,no,temporal cues required=no; video-level evaluation=no; frames sampled=no; independent still-image inference=yes (face images only); non-face synthetic images evaluated=no,Passive handcrafted local-binary-pattern re-representation plus face-image classification.,None. The decisive benchmark and task are confined to generated/manipulated faces.,LEGACY_SCOPE_DRIFT_HIGH_CONFIDENCE,high,MOVE_TO_EXCLUDED_ARCHIVE,,The still-image modality does not change the fact that the evaluated content is face-only.,NONE_AUDIT_ONLY
legacy-scope:5aec59a4683356e6,doi:10.23919/ccc50068.2020.9189596,,DeepFake Face Image Detection based on Improved VGG Convolutional Neural Network,2020,10.23919/ccc50068.2020.9189596,,W3084142230,doi:10.23919/ccc50068.2020.9189596,title-year:deepfake face image detection based on improved vgg convolutional neural network|2020,doi,true,aea3e6804b04800dc423cb34bed9427584c864f5d62b7b23c7f043175a4f206d,IDENTITY_RESOLVABLE_BY_STRONG_ID,Forensic Task=detection | Image Scope=deepfake | Research Type=method,pure_deepfake,https://doi.org/10.23919/ccc50068.2020.9189596,Celeb-DF is the reported experimental dataset; NA-VGG uses SRM noise filtering and augmentation to classify forged face images.,yes,yes,temporal cues required=no; video-level evaluation=no (frame/image level); frames sampled=yes; independent still-image inference=yes (face images only); non-face synthetic images evaluated=no,Passive noise-residual CNN detection of face deepfakes.,None. Celeb-DF is the sole decisive face-forgery benchmark.,LEGACY_SCOPE_DRIFT_HIGH_CONFIDENCE,high,MOVE_TO_EXCLUDED_ARCHIVE,,The experiment is limited to facial deepfakes and lacks broader synthetic-image evaluation.,NONE_AUDIT_ONLY
legacy-scope:da3f581ab9d9ba20,doi:10.32604/cmc.2025.063141,,SMNDNet for Multiple Types of Deepfake Image Detection,2025,10.32604/cmc.2025.063141,,W4408874542,doi:10.32604/cmc.2025.063141,title-year:smndnet for multiple types of deepfake image detection|2025,doi,true,ba045289bfe893f0bcc72e247458ab21249207c90581068d84a81d9ef9364e11,IDENTITY_RESOLVABLE_BY_STRONG_ID,Forensic Task=detection | Image Scope=deepfake | Research Type=method,pure_deepfake,https://doi.org/10.32604/cmc.2025.063141,"The primary taxonomy and experiments cover entire-face synthesis, identity-swap face forgery, expression-swap face forgery, and attribute-manipulated face forgery (EFSF, ISFF, ESFF, and AMFF).",yes,no,temporal cues required=no; video-level evaluation=no; frames sampled=no; independent still-image inference=yes (face images only); non-face synthetic images evaluated=no,Passive multi-class/multi-type detection of facial deepfakes.,None. All four evaluated forgery types are facial synthesis or manipulation.,LEGACY_SCOPE_DRIFT_HIGH_CONFIDENCE,high,MOVE_TO_EXCLUDED_ARCHIVE,,Multiple deepfake types do not broaden the paper beyond pure face forensics.,NONE_AUDIT_ONLY
legacy-scope:65d49b8f6f22d1f7,doi:10.32604/iasc.2023.029653,,Detecting Deepfake Images Using Deep Learning Techniques and Explainable AI Methods,2022,10.32604/iasc.2023.029653,,W4285791495,doi:10.32604/iasc.2023.029653,title-year:detecting deepfake images using deep learning techniques and explainable ai methods|2022,doi,true,adb816596bfbd69e43cac8def47d18e2f3b04bbc7898e9a42a2c25265aa7f8bf,IDENTITY_RESOLVABLE_BY_STRONG_ID,Forensic Task=detection | Image Scope=deepfake | Research Type=method,pure_deepfake,https://doi.org/10.32604/iasc.2023.029653,The primary contribution applies deep classifiers and XAI explanations to deepfake face images; the reviewed task definition is replacement of one person's likeness in pictures/video.,yes,no,temporal cues required=no; video-level evaluation=no; frames sampled=no; independent still-image inference=yes (face images only); non-face synthetic images evaluated=no,Passive face-deepfake classification with post-hoc explainability.,None. No independent general-content synthetic-image benchmark is reported.,LEGACY_SCOPE_DRIFT_HIGH_CONFIDENCE,high,MOVE_TO_EXCLUDED_ARCHIVE,,Explainability is applied to a face-only deepfake detector and does not establish broader scope.,NONE_AUDIT_ONLY
legacy-scope:af2a08147bd2603f,doi:10.3389/frsip.2022.918725,,An Eyes-Based Siamese Neural Network for the Detection of GAN-Generated Face Images,2022,10.3389/frsip.2022.918725,,W4284895444,doi:10.3389/frsip.2022.918725,title-year:an eyes based siamese neural network for the detection of gan generated face images|2022,doi,true,28170f37a9f25dbddecb83d98e4540e7eeb463ba3f9d64fcdefd4a60b04bcc45,IDENTITY_RESOLVABLE_BY_STRONG_ID,Forensic Task=detection;source_attribution | Image Scope=fully_generated | Research Type=method,pure_deepfake,https://www.frontiersin.org/journals/signal-processing/articles/10.3389/frsip.2022.918725/full,"Primary experiments compare real and GAN-generated faces under matched/unmatched generator conditions and post-processing, using inter-eye pairs as the forensic signal.",yes,no,temporal cues required=no; video-level evaluation=no; frames sampled=no; independent still-image inference=yes (face images only); non-face synthetic images evaluated=no,Passive Siamese similarity analysis of eye-region inconsistencies in generated faces.,None. Every evaluated sample and feature is tied to human faces.,LEGACY_SCOPE_DRIFT_HIGH_CONFIDENCE,high,MOVE_TO_EXCLUDED_ARCHIVE,,The generator-generalization study remains strictly face-only.,NONE_AUDIT_ONLY
legacy-scope:5ae4d625f74abc75,doi:10.3390/app12199820,,A Novel Deep Learning Approach for Deepfake Image Detection,2022,10.3390/app12199820,,W4297988790,doi:10.3390/app12199820,title-year:a novel deep learning approach for deepfake image detection|2022,doi,true,97ad7bd1cf6b36a56b5f737b9e142eba34b1d3aac6160124dfe3e1f0ee96e415,IDENTITY_RESOLVABLE_BY_STRONG_ID,Forensic Task=detection | Image Scope=deepfake | Research Type=method,pure_deepfake,https://www.mdpi.com/2076-3417/12/19/9820,"The reported dataset contains real and fake faces; the proposed VGG16/CNN Deepfake Predictor is compared with Xception, NASNet, MobileNet, and VGG16 transfer models.",yes,no,temporal cues required=no; video-level evaluation=no; frames sampled=no; independent still-image inference=yes (face images only); non-face synthetic images evaluated=no,Passive face-deepfake binary classification.,None. The experimental corpus is explicitly a real/fake face dataset.,LEGACY_SCOPE_DRIFT_HIGH_CONFIDENCE,high,MOVE_TO_EXCLUDED_ARCHIVE,,The paper has no broader synthetic-image benchmark beyond human faces.,NONE_AUDIT_ONLY
legacy-scope:41e1f91813f2b432,doi:10.3390/computers13010031,,Multiclass AI-Generated Deepfake Face Detection Using Patch-Wise Deep Learning Model,2024,10.3390/computers13010031,,W4391110866,doi:10.3390/computers13010031,title-year:multiclass ai generated deepfake face detection using patch wise deep learning model|2024,doi,true,7799bbcffe8ec56169597917f0bcf53b99c576d2f461fe902df807f5919ac0c3,IDENTITY_RESOLVABLE_BY_STRONG_ID,Forensic Task=detection | Image Scope=deepfake | Research Type=method,pure_deepfake,https://www.mdpi.com/2073-431X/13/1/31,"The multiclass dataset separates real human faces, StyleGAN2-generated faces, and Stable-Diffusion-generated faces for patch-wise ViT/CNN comparison.",yes,no,temporal cues required=no; video-level evaluation=no; frames sampled=no; independent still-image inference=yes (face images only); non-face synthetic images evaluated=no,Passive multiclass detection/source-family classification of generated face images.,"None. Stable Diffusion is present, but the evaluated content remains exclusively faces.",LEGACY_SCOPE_DRIFT_HIGH_CONFIDENCE,high,MOVE_TO_EXCLUDED_ARCHIVE,,Mentioning and evaluating diffusion does not establish general-image scope when all classes are face images.,NONE_AUDIT_ONLY
legacy-scope:cda389087332bb74,doi:10.3390/electronics13091662,,A Hybrid CNN-LSTM Approach for Precision Deepfake Image Detection Based on Transfer Learning,2024,10.3390/electronics13091662,,W4395673009,doi:10.3390/electronics13091662,title-year:a hybrid cnn lstm approach for precision deepfake image detection based on transfer learning|2024,doi,true,5d84af49e86a03fef0cee558708e51bd1a7f5b2fc504b2db8d33f58caa74abc6,IDENTITY_RESOLVABLE_BY_STRONG_ID,Forensic Task=detection | Image Scope=deepfake | Research Type=method,pure_deepfake,https://www.mdpi.com/2079-9292/13/9/1662,DFDC and Ciplab are the named open-source benchmarks; the CNN-LSTM combines spatial face cues with temporal context for deepfake recognition.,yes,yes,temporal cues required=yes; video-level evaluation=yes; frames sampled=yes; independent still-image inference=no; non-face synthetic images evaluated=no,Passive spatiotemporal face-deepfake detection.,None. Both decisive datasets and the stated target are fake faces/deepfake media.,LEGACY_SCOPE_DRIFT_HIGH_CONFIDENCE,high,MOVE_TO_EXCLUDED_ARCHIVE,,The method is a facial/video deepfake system without a broader still-image experiment.,NONE_AUDIT_ONLY
legacy-scope:4144c82fa9cad6fa,doi:10.4018/ijswis.384517,,Semantic-Aware Lightweight AI Model for Deepfake Image Detection in Online Retail Platforms,2025,10.4018/ijswis.384517,,W4412112598,doi:10.4018/ijswis.384517,title-year:semantic aware lightweight ai model for deepfake image detection in online retail platforms|2025,doi,true,1940b520de49ea18152fe5087c22de68f2bd62fb86821b4c3bc89db914dd5799,IDENTITY_RESOLVABLE_BY_STRONG_ID,Forensic Task=detection | Image Scope=deepfake | Research Type=method,pure_deepfake,https://doi.org/10.4018/ijswis.384517,The primary study uses the public Karki real/fake collection; the preserved dataset description establishes that its samples are human faces.,yes,no,temporal cues required=no; video-level evaluation=no; frames sampled=no; independent still-image inference=yes (face images only); non-face synthetic images evaluated=no,Passive lightweight ShuffleNet plus semantic-knowledge-graph classification of face deepfakes.,None. The e-commerce framing does not add a non-face synthetic-image benchmark.,LEGACY_SCOPE_DRIFT_HIGH_CONFIDENCE,high,MOVE_TO_EXCLUDED_ARCHIVE,,The actual evaluated data are face-only despite the generic online-retail application framing.,NONE_AUDIT_ONLY
legacy-scope:d31705d4d0a87125,doi:10.48550/arxiv.2403.06803,,Data-Independent Operator: A Training-Free Artifact Representation Extractor for Generalizable Deepfake Detection,2024,10.48550/arxiv.2403.06803,2403.06803,W4392737360,doi:10.48550/arxiv.2403.06803,title-year:data independent operator a training free artifact representation extractor for generalizable deepfake detection|2024,doi,true,4708fc1ac22034b3e8b8dae999953fc4a156d0c6345b46afa832cbeafc934ab0,IDENTITY_RESOLVABLE_BY_STRONG_ID,Forensic Task=detection | Image Scope=deepfake | Research Type=method,pure_deepfake,https://arxiv.org/abs/2403.06803,"Primary tables evaluate the training-free Data-Independent Operator across 33 generator models/families, including GAN, diffusion, and commercial text-to-image systems such as DALL-E and Midjourney.",no,no,temporal cues required=no; video-level evaluation=no; frames sampled=no; independent still-image inference=yes; non-face synthetic images evaluated=yes,Passive data-independent artifact representation extraction for cross-generator detection.,"Yes. The evaluated images span broad non-face, general-content synthetic imagery and many generator families.",LEGACY_KEEP_IN_SCOPE,high,NO_ACTION,,"The method directly addresses general AI-generated-image detection, so it remains in scope.",NONE_AUDIT_ONLY
legacy-scope:776f3780673b2a20,doi:10.48550/arxiv.2403.13479,,Deepfake Detection Without Deepfakes: Generalization via Synthetic Frequency Patterns Injection,2024,10.48550/arxiv.2403.13479,2403.13479,W4393063559,doi:10.48550/arxiv.2403.13479,title-year:deepfake detection without deepfakes generalization via synthetic frequency patterns injection|2024,doi,true,4c1e63ccc899f9b69a7cda1c30a3362702eb8ab190e09e6fa96b4ea60ab65d36,IDENTITY_RESOLVABLE_BY_STRONG_ID,Forensic Task=detection | Image Scope=deepfake | Research Type=method,pure_deepfake,https://arxiv.org/abs/2403.13479,"The primary evaluation covers 25 generation methods spanning GAN, diffusion, and commercial image generators; synthetic frequency patterns are injected during detector training without requiring generated training images.",no,no,temporal cues required=no; video-level evaluation=no; frames sampled=no; independent still-image inference=yes; non-face synthetic images evaluated=yes,Passive general synthetic-image detection learned through frequency-pattern injection.,Yes. Broad multi-generator still-image testing is the central evaluation.,LEGACY_KEEP_IN_SCOPE,high,NO_ACTION,,"The paper is a general synthetic-image detector, not a pure face-deepfake detector.",NONE_AUDIT_ONLY
legacy-scope:25c0ef1c1735c8cc,doi:10.48550/arxiv.2405.18071,,Text Modality Oriented Image Feature Extraction for Detecting Diffusion-Based DeepFake,2024,10.48550/arxiv.2405.18071,2405.18071,W4399151866,doi:10.48550/arxiv.2405.18071,title-year:text modality oriented image feature extraction for detecting diffusion based deepfake|2024,doi,true,7457d84c8fea6389a27113d61f8bf80ba3ed3e5672369a1027060e56f93f48a6,IDENTITY_RESOLVABLE_BY_STRONG_ID,Forensic Task=detection | Image Scope=deepfake | Research Type=method,pure_deepfake,https://arxiv.org/abs/2405.18071,The primary experimental section evaluates TOFE across ten diffusion-generation types in a general diffusion-image detection protocol.,no,no,temporal cues required=no; video-level evaluation=no; frames sampled=no; independent still-image inference=yes; non-face synthetic images evaluated=yes,Passive text-oriented image-feature extraction for diffusion-generated image detection.,Yes. The evaluated diffusion imagery is a substantive general synthetic-image task rather than a face-only condition.,LEGACY_KEEP_IN_SCOPE,high,NO_ACTION,,Detection across ten diffusion types falls squarely within the narrowed synthetic-image scope.,NONE_AUDIT_ONLY
legacy-scope:604a7c0e2901b37e,doi:10.55041/ijsrem30215,,DeepFake Image Detection,2024,10.55041/ijsrem30215,,W4394009764,doi:10.55041/ijsrem30215,title-year:deepfake image detection|2024,doi,true,fb328eaeadd174c91f0014421c5e0d87fd0789973e9d1414194a9f45c5b54ece,IDENTITY_RESOLVABLE_BY_STRONG_ID,Forensic Task=detection | Image Scope=deepfake | Research Type=method,pure_deepfake,https://doi.org/10.55041/ijsrem30215,"The accessible primary abstract describes a comparison of ResNet, InceptionV3, and DenseNet for deepfake image and face-forgery detection, but it does not name the experimental datasets or establish the evaluated manipulation classes.",unclear,unclear,temporal-cue requirement=unclear; video-level evaluation=unclear; frame sampling=unclear; independent still-image inference=unclear; non-face synthetic-image evaluation=unclear,Passive CNN-based deepfake image detection; the benchmark's face-only or broader scope remains unverified.,No accessible primary dataset or experimental section establishes independent evaluation of broader fully generated or generatively edited images.,LEGACY_SCOPE_DRIFT_NEEDS_REVIEW,low,FURTHER_PRIMARY_REVIEW,"Which named datasets and manipulation classes are used in the primary experiments, and do they substantively include broader fully generated or generatively edited images beyond face-only deepfakes?","The title, taxonomy, keywords, and abstract cannot determine whether the evaluated images are face-only or broader synthetic imagery without the primary experimental details.",NONE_AUDIT_ONLY
legacy-scope:78b3fae500162b24,title-sha256:a829f1665d646a9ae989,,AdaptPrompt: Parameter-Efficient Adaptation of VLMs for Generalizable Deepfake Detection,2025,,2512.17730,W7117078863,arxiv:2512.17730,title-year:adaptprompt parameter efficient adaptation of vlms for generalizable deepfake detection|2025,openalex_id,true,d9792920f2e9ee1110d1341cc11c75922a63a89a7cc89c25b2a47245897ae038,IDENTITY_RESOLVABLE_BY_STRONG_ID,Forensic Task=detection | Image Scope=deepfake | Research Type=method;dataset,pure_deepfake,https://arxiv.org/abs/2512.17730,"The experimental dataset section introduces the balanced 200,000-image Diff-Gen corpus, including 100,000 diffusion-generated images across 20 LSUN categories, and the evaluation tables test generalization across 25 GAN, diffusion, and commercial generators.",no,no,temporal cues required=no; video-level evaluation=no; frames sampled=no; independent still-image inference=yes; non-face synthetic images evaluated=yes,Passive general synthetic-image detection using parameter-efficient visual-language-model prompt adaptation.,"Substantive independent experiments cover diverse non-face object and scene categories and multiple GAN, diffusion, and commercial image generators.",LEGACY_KEEP_IN_SCOPE,high,NO_ACTION,,The primary experiments directly evaluate broad AI-generated imagery rather than a face-only or video-only deepfake task.,NONE_AUDIT_ONLY
legacy-scope:f0a5a517aa8432cb,doi:10.1109/cvprw59228.2023.00098,,EKILA: Synthetic Media Provenance and Attribution for Generative Art,2023,10.1109/cvprw59228.2023.00098,2304.04639,W4385801341,doi:10.1109/cvprw59228.2023.00098,title-year:ekila synthetic media provenance and attribution for generative art|2023,doi,true,b5678abab28e1d41a50d17036edb38fa4a349a9cf98e4a7c83b071eb9a0a10a5,IDENTITY_RESOLVABLE_BY_STRONG_ID,Forensic Task=source_attribution | Image Scope=fully_generated | Research Type=method,watermark_provenance,https://openaccess.thecvf.com/content/CVPR2023W/WMF/html/Balan_EKILA_Synthetic_Media_Provenance_and_Attribution_for_Generative_Art_CVPRW_2023_paper.html,"Sections 4.1-4.3 and Table 1 evaluate passive query-to-training-image attribution with a 10-million-image LAION corpus plus 40 latent-diffusion queries and a 1-million-image IPF-Stock corpus plus 60 latent-diffusion queries using R@1, R@5, R@10, and mAP; Section 4.4 separately evaluates DreamBooth attribution.",not_applicable,no,temporal cues required=no; video-level evaluation=no; frames sampled=no; independent still-image inference=yes; non-face synthetic images evaluated=yes,"Passive visual attribution from naturally occurring image similarity traces, combined with a separable C2PA/NFT provenance and rights framework.","The paper contains a substantive, independently evaluated passive synthetic-image attribution contribution despite its additional active-provenance infrastructure.",LEGACY_KEEP_IN_SCOPE,high,NO_ACTION,,Its passive image-to-training-source attribution experiments satisfy the current source-attribution scope independently of the C2PA and tokenized-rights components.,NONE_AUDIT_ONLY
legacy-scope:7b1100dc7ccc5af4,doi:10.1145/3576915.3623189,,Evading Watermark based Detection of AI-Generated Content,2023,10.1145/3576915.3623189,2305.03807,W4388858443,doi:10.1145/3576915.3623189,title-year:evading watermark based detection of ai generated content|2023,doi,true,90d1716a910e098bf1e80f3bd369e56105a6f88cb51de453867cd386081c2068,IDENTITY_RESOLVABLE_BY_STRONG_ID,Forensic Task=detection | Image Scope=fully_generated | Research Type=analysis_study,watermark_provenance,https://arxiv.org/abs/2305.03807,"Section 7 trains and attacks HiDDeN and UDH embedded-bit watermark systems on COCO, ImageNet, and Conceptual Captions and evaluates a Stable Diffusion system carrying an intentionally embedded 136-bit watermark.",not_applicable,no,temporal cues required=no; video-level evaluation=no; frames sampled=no; independent still-image inference=yes; non-face synthetic images evaluated=yes,Active watermark detection and watermark-evasion analysis against intentionally embedded signals.,The experiments do not establish an independent passive detector based on naturally occurring generator traces.,LEGACY_SCOPE_DRIFT_HIGH_CONFIDENCE,high,MOVE_TO_EXCLUDED_ARCHIVE,,"The contribution studies evasion of active watermark-based detection, which falls outside the current passive synthetic-image forensic scope.",NONE_AUDIT_ONLY
legacy-scope:b6956f2920444bc4,doi:10.48550/arxiv.2411.13553,,AI-generated Image Detection: Passive or Watermark?,2024,10.48550/arxiv.2411.13553,2411.13553,W4404649743,doi:10.48550/arxiv.2411.13553,title-year:ai generated image detection passive or watermark|2024,doi,true,506451ae0ccc874aad59348db8a97ff42e56076c61885570caf3dee6ef583647,IDENTITY_RESOLVABLE_BY_STRONG_ID,Forensic Task=detection | Image Scope=fully_generated | Research Type=benchmark,watermark_provenance,https://arxiv.org/abs/2411.13553,"Table 1 and Sections 4-6 benchmark Stable Diffusion 2.1, DALL-E 3, DeepFloyd IF, and Hunyuan-DiT imagery and independently report five passive detectors under cross-dataset evaluation, common perturbations, and adversarial perturbations.",not_applicable,no,temporal cues required=no; video-level evaluation=no; frames sampled=no; independent still-image inference=yes; non-face synthetic images evaluated=yes,Comparative benchmark of passive synthetic-image detectors and active watermark detectors.,"The five passive detectors receive substantive independent evaluation on four fully generated-image datasets, separate from the watermark systems.",LEGACY_KEEP_IN_SCOPE,high,NO_ACTION,,The independently evaluated passive-forensics branch directly satisfies the current synthetic-image detection scope even though the benchmark also evaluates watermark systems.,NONE_AUDIT_ONLY
