priority_rank,mapping_status,priority,triage_status,suggested_action,public_impact,current_mapping_state,known_canonical_institutions,existing_mapping_authors,suggested_author_matches,raw_affiliation_evidence,paper_id,title,year,venue,is_key_paper,is_curated_paper,total_authors,mapped_authors,missing_authors,missing_author_names,marker_count,doi,arxiv_id,openalex_id,url
1,zero,high,likely_auto_fixable,Review existing mapping author names against paper authors,paper details; map markers blocked,confirmed,Centre for Research and Technology Hellas (CERTH),Manos Schinas; Symeon Papadopoulos,Manos Schinas → Manos Schinas | Symeon Papadopoulos → Symeon Papadopoulos,"Information Technologies Institute @ CERTH Thessaloniki, Greece",curated:960c6a53879767054f0c,SIDBench: A Python Framework for Reliably Assessing Synthetic Image Detection Methods,2024,ACM International Workshop on Multimedia AI against Disinformation,true,true,2,0,2,Manos Schinas; Symeon Papadopoulos,0,10.1145/3643491.3660277,2404.18552,W4399261681,https://doi.org/10.1145/3643491.3660277
2,partial,normal,needs_manual_review,Find affiliation evidence and add a mapping,paper details; marker coverage may be incomplete,missing,,,,,openalex:W7137976262,SynerDetect: Hierarchical Synergistic Learning for Generalizable AI-Generated Image Detection,2026,AAAI Conference on Artificial Intelligence,true,false,9,1,8,Shuaibo Li; Yijun Yang; Zhaohu Xing; Hongqiu Wang; Pengfei Hao; Xingyu Li; Zekai Liu; Lei Zhu,1,https://doi.org/10.1609/aaai.v40i8.37568,,W7137976262,https://doi.org/10.1609/aaai.v40i8.37568
3,partial,normal,likely_auto_fixable,Review existing mapping author names against paper authors,paper details; marker coverage may be incomplete,confirmed,The Hong Kong University of Science and Technology | The University of Hong Kong | Beijing University of Technology | Beijing Normal University | Beijing University of Posts and Telecommunications | The Hong Kong University of Science and Technology (Guangzhou) | Anqing Normal University,Shuaibo Li | Liang Zhang; Wei Ma | Jianwei Guo | Shibiao Xu | Zhijie Qiu | Hongbin Zha,Liang Zhang → Liang Zhang | Wei Ma → Wei Ma | Zhijie Qiu → Zhijie Qiu | Hongbin Zha → Hongbin Zha,"College of Computer Science, Beijing University of Technology The Hong Kong University of Science and Technology (Guangzhou) | College of Computer Science, Beijing University of Technology | School of Artificial Intelligence, Beijing Normal University | School of Artificial Intelligence, Beijing University of Posts and Telecommunications | The Hong Kong University of Science and Technology (Guangzhou) | Anqing Normal University School of IST, Peking University",curated:08aa2b51bb36247bdda3,RealNet: Efficient and Unsupervised Detection of AI-Generated Images via Real-Only Representation Learning,2026,AAAI Conference on Artificial Intelligence,false,true,7,3,4,Liang Zhang; Wei Ma; Zhijie Qiu; Hongbin Zha,3,10.1609/aaai.v40i45.41234,,W7139096423,https://doi.org/10.1609/aaai.v40i45.41234
4,partial,normal,likely_auto_fixable,Review existing mapping author names against paper authors,paper details; marker coverage may be incomplete,confirmed,University of Science and Technology of China | Peptidream (Japan),Yurui Qian; Yan Chen | Qi Cai; Yingwei Pan; Ting Yao; Tao Mei,Qi Cai → Qi Cai | Yingwei Pan → Yingwei Pan | Ting Yao → Ting Yao | Tao Mei → Tao Mei,University of Science and Technology of China | HiDream.ai,curated:03f893b9484ea2d09c22,Universal Denoising Patterns for Diffusion Image Detection,2026,"IEEE International Conference on Acoustics, Speech and Signal Processing",false,true,6,2,4,Qi Cai; Yingwei Pan; Ting Yao; Tao Mei,1,10.1109/icassp55912.2026.11462468,,W7155094400,https://doi.org/10.1109/icassp55912.2026.11462468
5,partial,normal,needs_manual_review,Find affiliation evidence and add a mapping,paper details; marker coverage may be incomplete,missing,,,,,openalex:W3045755384,Deep Learning for Deepfakes Creation and Detection: A Survey,2020,Figshare,false,false,5,1,4,Minh Chau Nguyen; Dung T. Nguyen; Duc Thanh Nguyen; Saeid Nahavandi,1,10.6084/m9.figshare.12731039.v1,1909.11573,W3045755384,https://doi.org/10.6084/m9.figshare.12731039.v1
6,partial,normal,needs_manual_review,Find affiliation evidence and add a mapping,paper details; marker coverage may be incomplete,missing,,,,,openalex:W4411960917,RADAR: Reasoning AI-Generated Image Detection for Semantic Fakes,2025,Technologies,false,false,7,4,3,Haochen Wang; Xiaolong Jiang; Efstratios Gavves,3,10.3390/technologies13070280,,W4411960917,https://doi.org/10.3390/technologies13070280
7,partial,normal,needs_manual_review,Find affiliation evidence and add a mapping,paper details; marker coverage may be incomplete,missing,,,,,openalex:W4297477523,The Face Deepfake Detection Challenge,2022,Journal of Imaging,false,false,20,17,3,A. Paratore; Linh M. Q. Bui; Marco Fontani,6,10.3390/jimaging8100263,,W4297477523,https://doi.org/10.3390/jimaging8100263
8,partial,normal,likely_auto_fixable,Review existing mapping author names against paper authors,paper details; marker coverage may be incomplete,confirmed,"China Telecom Cloud Technology Co., Ltd. | Institute of Automation, Chinese Academy of Sciences | University of Chinese Academy of Sciences | Peking University",Yuming Fan; Dongming Yang | Jiguang Zhang | Bang Yang; Yuexian Zou,Yuming Fan → Yuming Fan | Dongming Yang → Dongming Yang,"China Telecom Cloud Technology Co., Ltd, Beijing, China | Institute of Automation, Chinese Academy of Sciences; School of Artificial Intelligence, University of Chinese Academy of Sciences, Beijing, China | School of Artificial Intelligence, University of Chinese Academy of Sciences, Beijing, China | Institute of Automation, Chinese Academy of Sciences | Peking University, Beijing, China",curated:40db3b79c5d83b80e5a4,Fake-GPT: Detecting Fake Image via Large Language Model,2024,Pattern Recognition and Computer Vision: 7th Chinese Conference,true,true,5,3,2,Yuming Fan; Dongming Yang,2,10.1007/978-981-97-8685-5_9,,W4404007821,https://doi.org/10.1007/978-981-97-8685-5_9
9,partial,normal,needs_manual_review,Find affiliation evidence and add a mapping,paper details; marker coverage may be incomplete,missing,,,,,openalex:W2975558816,Detecting GAN generated Fake Images using Co-occurrence Matrices,2019,Electronic Imaging,true,false,7,5,2,Arjuna Flenner; Amit K. Roy–Chowdhury,3,10.2352/issn.2470-1173.2019.5.mwsf-532,1903.06836,W2975558816,https://doi.org/10.2352/issn.2470-1173.2019.5.mwsf-532
10,partial,normal,likely_auto_fixable,Review existing mapping author names against paper authors,paper details; marker coverage may be incomplete,confirmed,Guizhou Normal University | Xi'an Jiaotong University | Harbin Institute of Technology,Jiaming Li; Weihua Ou | Deyu Meng | Yang Xu,Jiaming Li → Jiaming Li | Weihua Ou → Weihua Ou,"School of Big Data and Computer Science, Guizhou Normal University, Guiyang, China | School of Mathematics and Statistics and Ministry of Education Key Laboratory of Intelligent Networks and Network Security, Xi&#x2019;an Jiaotong University, Xi&#x2019;an, China | School of Computer Science and Technology, Harbin Institute of Technology, Shenzhen, China",curated:0526c3529dda4446a0d7,Background-Noise-Driven Detection of Diffusion-Generated Images,2026,IEEE Signal Processing Letters,false,true,4,2,2,Jiaming Li; Weihua Ou,2,10.1109/lsp.2026.3678476,,W7143319968,https://doi.org/10.1109/lsp.2026.3678476
11,partial,normal,likely_auto_fixable,Review existing mapping author names against paper authors,paper details; marker coverage may be incomplete,confirmed,"Scam AI | Duke University | University of California, Berkeley | University of North Carolina at Chapel Hill | Washington University in St. Louis",Simiao Ren; Kidus Zewde; Hatsanai Tiangratanakul; Tsang Ng | Yuchen Zhou; Xingyu Shen | Tommy Duong; George Huang | Jiayu Xue | En Wei,Hatsanai (Neo) Tiangratanakul → Hatsanai Tiangratanakul,Scam AI,curated:9637c6ae3ad013926898,How Well Are Open Sourced AI-Generated Image Detection Models Out-of-the-Box: A Comprehensive Benchmark Study,2026,arXiv,false,true,10,8,2,Hatsanai (Neo) Tiangratanakul; Tsang (Dennis) Ng,5,,2602.07814,W7128556178,https://openalex.org/W7128556178
12,partial,normal,likely_auto_fixable,Review existing mapping author names against paper authors,paper details; marker coverage may be incomplete,confirmed,"University of Liverpool | University of Exeter | The Chinese University of Hong Kong, Shenzhen | Nanyang Technological University",Tianxiao Li; Zhengqin Huang; Haiquan Wen; Yiwei He; Xinze Li; Bingyu Zhu; Wuhui Duan; Congang Chen; Yi Dong; Guangliang Cheng | Zeyu Fu | Baoyuan Wu | Xiangtai Li,Zhenglin Huang → Zhengqin Huang,"University of Liverpool | University of Exeter | The Chinese University of Hong Kong, Shenzhen | Nanyang Technological University",curated:fe42bad5f72f9f6858c5,Omni-Fake: Benchmarking Unified Multimodal Social Media Deepfake Detection,2026,IEEE/CVF Conference on Computer Vision and Pattern Recognition,false,true,13,11,2,Zhenglin Huang; Jason Li,4,,2605.01638,W7160245451,https://openalex.org/W7160245451
13,partial,normal,needs_manual_review,Find affiliation evidence and add a mapping,paper details; marker coverage may be incomplete,missing,,,,,openalex:W4401325047,Evasion on general GAN-generated image detection by disentangled representation,2024,Information Sciences,false,false,6,4,2,Xiao Meng; Daniel Yeung,1,10.1016/j.ins.2024.121267,,W4401325047,https://doi.org/10.1016/j.ins.2024.121267
14,partial,normal,needs_manual_review,Find affiliation evidence and add a mapping,paper details; marker coverage may be incomplete,missing,,,,,openalex:W4389633690,Deepfake Generation and Detection: Case Study and Challenges,2023,IEEE Access,false,false,8,6,2,Pronaya Bhattacharya; Srinivas Aluvala,3,10.1109/access.2023.3342107,,W4389633690,https://doi.org/10.1109/access.2023.3342107
15,partial,normal,needs_manual_review,Find affiliation evidence and add a mapping,paper details; marker coverage may be incomplete,missing,,,,,openalex:W4384268537,Exposing the Fake: Effective Diffusion-Generated Images Detection,2023,arXiv,false,false,5,3,2,Jinhao Duan; Kaidi Xu,1,10.48550/arxiv.2307.06272,2307.06272,W4384268537,https://openalex.org/W4384268537
16,partial,normal,likely_auto_fixable,Review existing mapping author names against paper authors,paper details; marker coverage may be incomplete,confirmed,"City University of Hong Kong | Fudan University | The Chinese University of Hong Kong, Shenzhen",Nan Zhong; Mian Zou; Kede Ma | Yiran Xu; Zhenxing Qian; Xinpeng Zhang | Baoyuan Wu,Baoyuan Wu → Baoyuan Wu,"Nan Zhong and Mian Zou are with the Department of Computer Science, City University of Hong Kong, Kowloon, Hong Kong. Kede Ma is with the Department of Computer Science and the Shenzhen Research Institute, City University of Hong Kong, Kowloon, Hong Kong. | Yiran Xu, Zhenxing Qian, and Xinpeng Zhang are with the Department of Computer Science, Fudan University, Shanghai 200433, China. | School of Artificial Intelligence, Chinese University of Hong Kong, Shenzhen, Guangdong, China | Department of Computer Science and the Shenzhen Research Institute, City University of Hong Kong, Kowloon, Hong Kong",curated:29878fee09624b7d105d,Self-Supervised AI-Generated Image Detection: A Camera Metadata Perspective,2026,IEEE Transactions on Pattern Analysis and Machine Intelligence,true,true,7,6,1,Baoyuan Wu,2,10.1109/tpami.2026.3654274,2512.05651,W7124134169,https://doi.org/10.1109/tpami.2026.3654274
17,partial,normal,needs_manual_review,Verify missing authors against existing mappings or add evidence,paper details; marker coverage may be incomplete,confirmed,"University at Buffalo, State University of New York | Institute of Information Engineering, Chinese Academy of Sciences",Yu Cai; Siwei Lyu | Jiahe Tian; Xiaomeng Fu; Jiao Dai; Jizhong Han,,"Institute of Information Engineering, Chinese Academy of Sciences, China",curated:c6bfe8f5199d1d8beb29,Adaptive Test-Time Semantic Debiasing for AI-Generated Image Detection,2025,IEEE/CVF International Conference on Computer Vision,true,true,6,5,1,Xiaoqin Fu,2,10.1109/iccvw69036.2025.00165,,W7131078162,https://doi.org/10.1109/iccvw69036.2025.00165
18,partial,normal,likely_auto_fixable,Review existing mapping author names against paper authors,paper details; marker coverage may be incomplete,confirmed,Sichuan University | Ant Group | The Hong Kong University of Science and Technology | South China University of Technology | University of Macao,Bo Du; Xuekang Zhu; Kaiwen Feng; Zhe Yang | Xuekang Zhu; Chenfan Qu; Jian Liu; Jizhe Zhou | Xiaochen Ma | Chenfan Qu | Chi-Man Pun,Ji-Zhe Zhou → Jizhe Zhou,HKUST,curated:4c4e9ffacf08b5eb2355,ForensicHub: A Unified Benchmark & Codebase for All-Domain Fake Image Detection and Localization,2025,Advances in Neural Information Processing Systems,true,true,10,9,1,Ji-Zhe Zhou,5,10.52202/085713-2167,2505.11003,W4417093490,https://doi.org/10.52202/085713-2167
19,partial,normal,needs_manual_review,Find affiliation evidence and add a mapping,paper details; marker coverage may be incomplete,missing,,,,,openalex:W4405945632,Addressing Diffusion Model Based Counter-Forensic Image Manipulation for Synthetic Image Detection,2024,Indian Conference on Computer Vision Graphics and Image Processing,true,false,4,3,1,Chandra Sekhar Seelamantula,2,10.1145/3702250.3702296,,W4405945632,https://doi.org/10.1145/3702250.3702296
20,partial,normal,needs_manual_review,Verify missing authors against existing mappings or add evidence,paper details; marker coverage may be incomplete,confirmed,"Purdue University | Nanchang University | Amazon Prime Video | University at Albany, SUNY | University of Naples Federico II",Li Lin; Neeraj Gupta; Shu Hu | Yue Zhang; Feng Ding | Chun-Hao Liu | Xin Wang; Xin Li | Luisa Verdoliva,,"Department of Computer and Information Technology, Purdue University, West Lafayette, IN 47907, USA | School of Software, Nanchang University, Nanchang, Jiangxi, 330031, China | Amazon Prime Video, Sunnyvale, CA, 94089, USA | Department of Epidemiology and Biostatistics, School of Public Health, and Department of Computer Science, College of Nanotechnology, Science, and Engineering, University at Albany, SUNY, Albany, NY 12222, USA | Department of Electrical Engineering and Information Technology, University Federico II of Naples, Naples 80125, Italy",openalex:W4391563741,Detecting Multimedia Generated by Large AI Models: A Survey,2024,"Authorea, Inc.",true,false,10,9,1,Hainan Ren,5,10.36227/techrxiv.170723324.44685515/v1,2402.00045,W4391563741,https://doi.org/10.36227/techrxiv.170723324.44685515/v1
21,partial,normal,likely_auto_fixable,Review existing mapping author names against paper authors,paper details; marker coverage may be incomplete,confirmed,Polytechnic University of Hauts-de-France | Technology Innovation Institute | Sorbonne University Abu Dhabi,Mamadou Keita; Hassen Bougueffa; Abdelmalik Taleb-Ahmed | Wassim Hamidouche | Adenour Hadid,Abdenour Hadid → Adenour Hadid,"2 Technology Innovation Institute P.O.Box: 9639, Masdar City, Abu Dhabi, UAE | 3 Sorbonne Center for Artificial Intelligence, Sorbonne University Abu Dhabi, UAE",openalex:W4393968982,Harnessing the Power of Large Vision Language Models for Synthetic Image Detection,2024,arXiv,true,false,5,4,1,Abdenour Hadid,3,10.48550/arxiv.2404.02726,2404.02726,W4393968982,https://openalex.org/W4393968982
22,partial,normal,needs_manual_review,Find affiliation evidence and add a mapping,paper details; marker coverage may be incomplete,missing,,,,,openalex:W4308234128,Fusing Global and Local Features for Generalized AI-Synthesized Image Detection,2022,IEEE International Conference on Image Processing,true,false,6,5,1,Koki Nagano,1,10.1109/icip46576.2022.9897820,2203.13964,W4308234128,https://doi.org/10.1109/icip46576.2022.9897820
23,partial,normal,needs_manual_review,Find affiliation evidence and add a mapping,paper details; marker coverage may be incomplete,missing,,,,,openalex:W3187526215,Beyond the Spectrum: Detecting Deepfakes via Re-Synthesis,2021,Thirtieth International Joint Conference on Artificial Intelligence,true,false,4,3,1,Ning Yu,2,10.24963/ijcai.2021/349,,W3187526215,https://doi.org/10.24963/ijcai.2021/349
24,partial,normal,likely_auto_fixable,Review existing mapping author names against paper authors,paper details; marker coverage may be incomplete,confirmed,Beijing University of Posts and Telecommunications | Beihang University | Huawei Technologies (China),Xiaotian Si; Linghui Li; Liwei Zhang; 郭子铎; Kaiguo Yuan | Bingyu Li | Qi Tian,Qi Tian → Qi Tian,"Key Laboratory of Trustworthy Distributed Computing and Service, Ministry of Education, Beijing University of Posts and Telecommunications, Beijing, China | School of Cyber Science and Technology, Beihang University, Beijing, China | Huawei, Shenzhen, China",curated:4c6404676fc92cb9e8eb,Black-Box Adaptation for Deepfake Detection via Local Relation Guided AUC Optimization,2026,IEEE Internet of Things Journal,false,true,7,6,1,Qi Tian,2,10.1109/jiot.2026.3686234,,W7155048878,https://doi.org/10.1109/jiot.2026.3686234
25,partial,normal,needs_manual_review,Confirm pending curated mapping evidence,paper details; map markers blocked,pending,Xinjiang University | Incheon National University,Yi-Xiang Wang; Qian Luo | Jeon Gwanggil,,"Xinjiang University,School of Computer Science and Technology | Incheon National University,College of Information Technology,Incheon,Korea,22012",curated:8ebf01a335c20fdc902d,Fake Detection Based on Balanced Attention and Information Guidance for Collaborative Image Processing Tasks,2026,2026 29th International Conference on Computer Supported Cooperative Work in Design (CSCWD),false,true,3,2,1,Jia Wang,0,10.1109/cscwd68734.2026.11582378,,W7167478990,https://doi.org/10.1109/cscwd68734.2026.11582378
26,partial,normal,needs_manual_review,Confirm pending curated mapping evidence,paper details; map markers blocked,pending,Chinese People's Armed Police Force Engineering University | PLA Information Engineering University,J C Li; Zhang Minqing; Siyuan Huang; Pei Feng; Lang Liu | Xin Li,,"College of Cryptography Engineering, Engineering University of the People’s Armed Police (PAP), Xi’an, China | College of Data and Target Engineering, Information Engineering University, Zhengzhou, 450001, China",curated:316fc03d348baa637bb4,Geometric-Semantic Dual-Adaptation for Generalizable AI-Generated Image Detection,2026,Neurocomputing,false,true,6,5,1,Jiaye Li,0,10.1016/j.neucom.2026.134418,,W7167700528,https://doi.org/10.1016/j.neucom.2026.134418
27,partial,normal,needs_manual_review,Verify missing authors against existing mappings or add evidence,paper details; marker coverage may be incomplete,confirmed,Beijing University of Posts and Telecommunications | Tsinghua University,Haotian Qin; Dongliang Chang; Yueying Gao; Zhanyu Ma | Lei Chen,,"School of Artificial Intelligence, Beijing University of Posts and Telecommunications, China | Tsinghua University, China",curated:246f07c81b9f91e527eb,IncreFA: Breaking the Static Wall of Generative Model Attribution,2026,IEEE/CVF Conference on Computer Vision and Pattern Recognition,false,true,6,5,1,Yuexuan Tan,2,,2604.17736,W7155451413,https://openaccess.thecvf.com/content/CVPR2026/papers/Qin_IncreFA_Breaking_the_Static_Wall_of_Generative_Model_Attribution_CVPR_2026_paper.pdf
28,partial,normal,likely_auto_fixable,Review existing mapping author names against paper authors,paper details; marker coverage may be incomplete,confirmed,"Institute of Automation, Chinese Academy of Sciences | Southwest University | Tsinghua University",R X Liu; Boyi Sun; Houxin He | Yi Han | Yuxuan Zhou; Yan Wang,Yi Han → Yi Han,"Institute of Automation, Chinese Academy of Sciences | Southwest University | Tsinghua University",curated:5ceb080eeeacfdf0cb8f,M <sup>2</sup> EA: Multi-VAE Manifold Envelope Alignment for Challenging AI-Generated Image Detection,2026,"IEEE International Conference on Acoustics, Speech and Signal Processing",false,true,6,5,1,Yi Han,2,10.1109/icassp55912.2026.11463215,,W7155065598,https://doi.org/10.1109/icassp55912.2026.11463215
29,partial,normal,needs_manual_review,Find affiliation evidence and add a mapping,paper details; marker coverage may be incomplete,missing,,,,,curated:4b406d0cf578db643214,RIGID: A Training-Free and Model-Agnostic Framework for Robust AI-Generated Image Detection,2026,Transactions on Machine Learning Research,false,true,3,2,1,Pin‐Yu Chen,1,10.48550/arxiv.2405.20112,2405.20112,W4399252995,https://openreview.net/pdf?id=NBkBI2Zjlm
30,partial,normal,needs_manual_review,Verify missing authors against existing mappings or add evidence,paper details; marker coverage may be incomplete,confirmed,A*STAR | Xidian University,Muli Yang; Gabriel James Goenawan; Huaiyuan Qin; Fen Fang; Ying Sun; Joo-Hwee Lim; Hongyuan Zhu | Chenghao Xu; Yanhua Yang,,,curated:3110ea827546b2fd78ff,"Your AI-Generated Image Detector Can Secretly Achieve SOTA Accuracy, If Calibrated",2026,AAAI Conference on Artificial Intelligence,false,true,10,9,1,Henan Wang,2,10.1609/aaai.v40i14.38146,,W7138134961,https://doi.org/10.1609/aaai.v40i14.38146
31,partial,normal,needs_manual_review,Find affiliation evidence and add a mapping,paper details; marker coverage may be incomplete,missing,,,,,openalex:W4409047068,A Novel Framework for Deepfake Image Detection Using Deep Learning Approach,2025,2025 22nd International Learning and Technology Conference (L&T),false,false,6,5,1,Aruna J. Chamatkar,5,10.1109/lt64002.2025.10940759,,W4409047068,https://doi.org/10.1109/lt64002.2025.10940759
32,partial,normal,needs_manual_review,Verify missing authors against existing mappings or add evidence,paper details; marker coverage may be incomplete,confirmed,Shandong University,Li Wang; Wenyu Chen; Xiangtao Meng; Zheng Li; Shanqing Guo,,"School of Cyber Science and Technology, Shandong University; State Key Laboratory of Cryptography and Digital Economy Security, Shandong University; Shandong Key Laboratory of Artificial Intelligence Security, Shandong University",curated:8bdbf72555619e7893d3,Beyond Known Fakes: Generalized Detection of AI-Generated Images via Post-Hoc Distribution Alignment,2025,arXiv,false,true,5,4,1,Li Ping Wang,1,10.48550/arxiv.2502.10803,2502.10803,W4407684102,https://openalex.org/W4407684102
33,partial,normal,needs_manual_review,Find affiliation evidence and add a mapping,paper details; marker coverage may be incomplete,missing,,,,,openalex:W4408401076,Deepfake Image Detection Using ResNet50 Model,2024,2024 1st International Conference on Cyber Security and Computing (CyberComp),false,false,6,5,1,Chuah ChaiWen,2,10.1109/cybercomp60759.2024.10913843,,W4408401076,https://doi.org/10.1109/cybercomp60759.2024.10913843
34,partial,normal,needs_manual_review,Find affiliation evidence and add a mapping,paper details; marker coverage may be incomplete,missing,,,,,openalex:W4393217303,Enhancing Deepfake Detection With Diversified Self-Blending Images and Residuals,2024,IEEE Access,false,false,4,3,1,Jing Liu,1,10.1109/access.2024.3382196,,W4393217303,https://doi.org/10.1109/access.2024.3382196
35,partial,normal,needs_manual_review,Find affiliation evidence and add a mapping,paper details; marker coverage may be incomplete,missing,,,,,openalex:W4402322120,Enhancing Sensing and Imaging Capabilities Through Surface Plasmon Resonance for Deepfake Image Detection,2024,Plasmonics,false,false,4,3,1,Digvijay Pandey,2,10.1007/s11468-024-02492-1,,W4402322120,https://doi.org/10.1007/s11468-024-02492-1
36,partial,normal,needs_manual_review,Verify missing authors against existing mappings or add evidence,paper details; marker coverage may be incomplete,confirmed,University of Chicago,Anna Yoo Jeong Ha; Josephine Passananti; Ronik Bhaskar; Shawn Shan; Haitao Zheng; Ben Y. Zhao,,"University of Chicago, Chicago, IL, USA",curated:0b2081f70faaf81278dc,Organic or Diffused: Can We Distinguish Human Art from AI-Generated Images?,2024,ACM SIGSAC Conference on Computer and Communications Security,false,true,7,6,1,Reid Southen,1,10.1145/3658644.3670306,,W4405181141,https://doi.org/10.1145/3658644.3670306
37,partial,normal,needs_manual_review,Find affiliation evidence and add a mapping,paper details; marker coverage may be incomplete,missing,,,,,openalex:W4323022407,An Improved Dense CNN Architecture for Deepfake Image Detection,2023,IEEE Access,false,false,7,6,1,Pronaya Bhattacharya,4,10.1109/access.2023.3251417,,W4323022407,https://doi.org/10.1109/access.2023.3251417
38,partial,normal,needs_manual_review,Verify missing authors against existing mappings or add evidence,paper details; marker coverage may be incomplete,confirmed,University of Naples Federico II,Riccardo Corvi; Davide Cozzolino; Giovanni Poggi; Luisa Verdoliva,,University Federico II of Naples,openalex:W4385815563,Intriguing properties of synthetic images: from generative adversarial networks to diffusion models,2023,IEEE/CVF Conference on Computer Vision and Pattern Recognition,false,false,5,4,1,Koki Nagano,1,10.1109/cvprw59228.2023.00104,2304.06408,W4385815563,https://doi.org/10.1109/cvprw59228.2023.00104
39,partial,normal,needs_manual_review,Find affiliation evidence and add a mapping,paper details; marker coverage may be incomplete,missing,,,,,openalex:W4318559723,Revealing and Classification of Deepfakes Video's Images using a Customize Convolution Neural Network Model,2023,Procedia Computer Science,false,false,3,2,1,Usha Kosarkar,2,10.1016/j.procs.2023.01.237,,W4318559723,https://doi.org/10.1016/j.procs.2023.01.237
40,partial,normal,needs_manual_review,Verify missing authors against existing mappings or add evidence,paper details; marker coverage may be incomplete,confirmed,University of Toronto | Vector Institute | University of Cambridge,Baiwu Zhang; Jin Peng Zhou; Ilia Shumailov; Nicolas Papernot | Ilia Shumailov,,"University of Toronto and Vector Institute | University of Toronto and Vector Institute / University of Toronto, Vector Institute and University of Cambridge | University of Toronto, Vector Institute and University of Cambridge",openalex:W3134567460,On Attribution of Deepfakes,2020,arXiv,false,false,5,4,1,Jin Zhou,3,10.48550/arxiv.2008.09194,2008.09194,W3134567460,https://openalex.org/W3134567460
41,partial,normal,needs_manual_review,Find affiliation evidence and add a mapping,paper details; marker coverage may be incomplete,missing,,,,,openalex:W2979433881,Complement Face Forensic Detection and Localization with FacialLandmarks,2019,arXiv,false,false,2,1,1,Kritaphat Songsri-in,1,10.48550/arxiv.1910.05455,1910.05455,W2979433881,https://openalex.org/W2979433881
42,complete,,complete,No mapping action needed,none,confirmed,Zhejiang University | Alibaba Inc | Zhejiang University of Technology,Jiazhen Yang; Kejia Chen; Zunlei Feng; Bingde Hu; Yang Gao | Junjun Zheng; Xiangheng Kong | Jie Lei,,"Zhejiang University, Hangzhou, China | Alibaba Inc, Hangzhou, China | Zhejiang University of Technology, Hangzhou, China",openalex:W7155245437,Adaptive Forensic Feature Refinement via Intrinsic Importance Perception,2026,arXiv,true,false,9,9,0,,3,,2604.16879,W7155245437,https://openalex.org/W7155245437
43,complete,,complete,No mapping action needed,none,missing,,,,,openalex:W7125828141,Adversarial Diffusion Model: Generating High-Quality and Undetectable Images from Scratch,2026,IEEE Transactions on Information Forensics and Security,true,false,4,4,0,,1,https://doi.org/10.1109/tifs.2026.3657841,,W7125828141,https://doi.org/10.1109/tifs.2026.3657841
44,complete,,complete,No mapping action needed,none,confirmed,"Anhui University | National University of Singapore | University of Science and Technology of China | Institute of Artificial Intelligence, Hefei Comprehensive National Science Center | Origin Quantum Computing Technology (Hefei) Co., Ltd.",Juncong Xu; Yang Yang; Lei Qu | Han Fang | Kejiang Chen; Weiming Zhang; Lei Qu; Guoping Guo | Juncong Xu; Yang Yang; Zhaoyun Chen | Menghan Dou,,"Institute of Artificial Intelligence, Hefei Comprehensive National Science Center, Hefei, 230088, China | School of Electronic and Information Engineering, Anhui University, Hefei, 230039, China | Hefei National Laboratory, University of Science and Technology of China, Hefei, 230026, China | School of Computing, National University of Singapore, Singapore, 119077, Singapore | 4 Anhui Province Key Laboratory of Digital Security, University of Science and Technology of China, Hefei 230026, China 5 Laboratory of Quantum Information, School of Physics, University of Science and Technology of China, Hefei 230026, China 7 Hefei National Laboratory, University of Science and Technology of China, Hefei 230026, China | Institute of Artificial Intelligence, Hefei Comprehensive National Science Center, Hefei, 230088, China | 6 Origin Quantum Computing Co., Ltd, Hefei 230026, China",curated:211ea83fa8d41c8ec810,AI-Generated Image Detection Algorithm Based on Classical-Quantum Hybrid Neural Network,2026,Science China Information Sciences,true,true,9,9,0,,5,10.1007/s11432-024-4475-4,,W7123358516,https://doi.org/10.1007/s11432-024-4475-4
45,complete,,complete,No mapping action needed,none,confirmed,"Zhejiang University | Tencent Youtu Lab | Peking University | WeChat Pay, Tencent",Zheng Yang; Xinghe Fu; Zequn Qin; Xi Li | Ruoxin Chen; Keyue Zhang; Shuang Wu; Taiping Yao; Shouhong Ding | Zhiyuan Yan | Xiujun Shu,,"College of Computer Science and Technology, Zhejiang University | Youtu Lab, Tencent | Peking University | WeChat Pay, Tencent | School of Software Technology, Zhejiang University",curated:386ccd052b812587c286,"All Patches Matter, More Patches Better: Enhance AI-Generated Image Detection via Panoptic Patch Learning",2026,International Conference on Learning Representations,true,true,11,11,0,,4,,2504.01396,,https://openreview.net/pdf?id=ob7PJs8kPU
46,complete,,complete,No mapping action needed,none,confirmed,"University of Chinese Academy of Sciences | Institute of Automation, Chinese Academy of Sciences | HKISI, Chinese Academy of Sciences | Sangfor Technologies Inc.",Yiheng Li; Guoqing Xu; Yichun Yeh; Yang Yang; Zhen Lei | Zhen Lei | Zichang Tan,,"School of Artificial Intelligence, University of Chinese Academy of Sciences | MAIS, Institute of Automation, Chinese Academy of Sciences | CAIR, Hong Kong Institute of Science & Innovation, Chinese Academy of Sciences",curated:a05de778283ed84d3f90,CTForensics: A Comprehensive Dataset and Method for AI-Generated CT Image Detection,2026,arXiv,true,true,6,6,0,,4,,2603.01878,W7133363592,https://openalex.org/W7133363592
47,complete,,complete,No mapping action needed,none,missing,,,,,openalex:W7125581744,DCNet: Learning Similarity and Spatial Complementary Features for Generalized AI-Generated Image Detection,2026,IEEE Transactions on Circuits and Systems for Video Technology,true,false,4,4,0,,3,https://doi.org/10.1109/tcsvt.2026.3656696,,W7125581744,https://doi.org/10.1109/tcsvt.2026.3656696
48,complete,,complete,No mapping action needed,none,confirmed,Florida International University,Arpan Mahara; Naphtali Rishe; Malek Adjouadi,,"Florida International University, Miami, FL 33199, USA",curated:6976641cbfe602a7e617,Forensic Detection of Generated MRI Imagery Using Autoregressive Modeling and Frequency Analysis,2026,IEEE/CVF Winter Conference on Applications of Computer Vision,true,true,3,3,0,,1,,,,https://openaccess.thecvf.com/content/WACV2026W/SAFE-2026/papers/Mahara_Forensic_Detection_of_Generated_MRI_Imagery_Using_Autoregressive_Modeling_and_WACVW_2026_paper.pdf
49,complete,,complete,No mapping action needed,none,confirmed,Comilla University | Jahangirnagar University,Md Abu Sayeb Rayhan; Ajoy Shutra Dhar | Hustagna Hiya,,"Department of Computer Science and Engineering, Comilla University, Cumilla, Bangladesh | Institute of Information Technology, Jahangirnagar University, Dhaka, Bangladesh",curated:89c6548802e6878c18c8,Forensic Invariant Learning for Synthetic Image Detection: Bridging Benford's Law and Topological Analysis with Machine Learning Ensembles,2026,"IEEE 2nd International Conference on Quantum Photonics, Artificial Intelligence & Networking",true,true,3,3,0,,4,https://doi.org/10.1109/qpain69676.2026.11546484,,W7164298589,https://doi.org/10.1109/qpain69676.2026.11546484
50,complete,,complete,No mapping action needed,none,confirmed,Technion – Israel Institute of Technology | Fujitsu Research of Europe,Roy Betser; Guy Gilboa | Roy Betser; Omer Hofman; Roman Vainshtein,,Technion - Israel Institute of Technology | Fujitsu Research of Europe,curated:f105a82454d369e100b9,General and Domain-Specific Zero-Shot Detection of Generated Images via Conditional Likelihood,2026,IEEE/CVF Winter Conference on Applications of Computer Vision,true,true,4,4,0,,2,10.1109/wacv61042.2026.00754,2512.05590,W4417143023,https://doi.org/10.1109/wacv61042.2026.00754
51,complete,,complete,No mapping action needed,none,missing,,,,,openalex:W7128674854,"GReX-Bench: Benchmarking Generalization, Robustness, and Explainability in AI-Generated Image Detection",2026,Research Square,true,false,3,3,0,,2,10.21203/rs.3.rs-8633550/v1,,W7128674854,https://doi.org/10.21203/rs.3.rs-8633550/v1
52,complete,,complete,No mapping action needed,none,missing,,,,,openalex:W7164742316,"Interpol Review of Detection of AI-Generated Image and Video Deepfakes, 2022-2025",2026,Forensic Science International Synergy,true,false,4,4,0,,2,10.1016/j.fsisyn.2026.100704,,W7164742316,https://doi.org/10.1016/j.fsisyn.2026.100704
53,complete,,complete,No mapping action needed,none,confirmed,Government Sadiq College Women University | Nanfang College Guangzhou | Gachon University,Nimra Nasir; Syeda Sitara Waseem | Muhammad Bilal | Syed Rizwan Hassan,,"Department of Computer Science & IT, The Govt. Sadiq College Women University, Bahawalpur 63100, Pakistan | School of Engineering, Nanfang College Guangzhou, Guangzhou 510970, China | Department of Computer Engineering, Gachon University, Seongnam-si 13120, Republic of Korea",curated:3ea88dc6c3224d22d416,IoT-Oriented Security for Small Sensor Systems Using DnCNN Denoising and Multimodal Feature Fusion for Image Forgery Detection,2026,Sensors,true,true,4,4,0,,3,https://doi.org/10.3390/s26041172,,W7128586659,https://doi.org/10.3390/s26041172
54,complete,,complete,No mapping action needed,none,confirmed,Hefei University of Technology,Yawen Yang; Feng Li; Shuqi Kong; Yunfeng Diao; Xinjian Gao; Zenglin Shi; Meng Wang,,,curated:3fcd3bc4dd2c9d8c3b80,Layer Consistency Matters: Elegant Latent Transition Discrepancy for Generalizable Synthetic Image Detection,2026,IEEE/CVF Conference on Computer Vision and Pattern Recognition,true,true,7,7,0,,1,https://doi.org/10.48550/arxiv.2603.10598,2603.10598,W7135092069,https://openaccess.thecvf.com/content/CVPR2026/papers/Yang_Layer_Consistency_Matters_Elegant_Latent_Transition_Discrepancy_for_Generalizable_Synthetic_CVPR_2026_paper.pdf
55,complete,,complete,No mapping action needed,none,missing,,,,,openalex:W7128818896,Penny-Wise and Pound-Foolish in AI-Generated Image Detection,2026,IEEE Transactions on Pattern Analysis and Machine Intelligence,true,false,5,5,0,,3,https://doi.org/10.1109/tpami.2026.3664388,,W7128818896,https://doi.org/10.1109/tpami.2026.3664388
56,complete,,complete,No mapping action needed,none,confirmed,Wanjiang University of Technology,Liting Zhang; Peng Xiong; Jintao Wang,,"School of Computer & Artificial Intelligence, Wanjiang University of Technology, Ma’anshan, 243000, Anhui, China",curated:0f774e5d7c63020bdc50,Privacy-Preserving and Zero-Shot Detection Strategies for Multimodal AI-Generated Content,2026,Neurocomputing,true,true,3,3,0,,1,10.1016/j.neucom.2026.133229,,W7133555253,https://doi.org/10.1016/j.neucom.2026.133229
57,complete,,complete,No mapping action needed,none,missing,,,,,openalex:W7131898118,Semantic Distribution and Authenticity Discrepancy Alignment for AI-Generated Image Detection,2026,IEEE Transactions on Multimedia,true,false,5,5,0,,4,https://doi.org/10.1109/tmm.2026.3668513,,W7131898118,https://doi.org/10.1109/tmm.2026.3668513
58,complete,,complete,No mapping action needed,none,missing,,,,,openalex:W7125951995,Transferable Dual-Domain Feature Importance Attack Against AI-Generated Image Detector,2026,IEEE Signal Processing Letters,true,false,5,5,0,,4,10.1109/lsp.2026.3658434,,W7125951995,https://doi.org/10.1109/lsp.2026.3658434
59,complete,,complete,No mapping action needed,none,confirmed,Gachon University,Qiaoyue Man; Young-Im Cho,,"Department of Computer Engineering, Gachon University, 1342 Seongnamdaero, Sujeong-gu, Seongnam-si 13120, Republic of Korea",curated:67a6b7828afaed59e1c0,Transformer Based on Multi-Domain Feature Fusion for AI-Generated Image Detection,2026,Electronics,true,true,2,2,0,,1,10.3390/electronics15030716,,W7128159442,https://doi.org/10.3390/electronics15030716
60,complete,,complete,No mapping action needed,none,confirmed,University of Naples Federico II | Google DeepMind,Fabrizio Guillaro; Giada Zingarini; Davide Cozzolino; Luisa Verdoliva | Ben Usman; Avneesh Sud,,University Federico II of Naples | Google DeepMind,openalex:W4413145917,A Bias-Free Training Paradigm for More General AI-generated Image Detection,2025,IEEE/CVF Conference on Computer Vision and Pattern Recognition,true,false,6,6,0,,2,10.1109/cvpr52734.2025.01741,2412.17671,W4413145917,https://doi.org/10.1109/cvpr52734.2025.01741
61,complete,,complete,No mapping action needed,none,missing,,,,,openalex:W4406867188,A Deepfake Image Detection Method Based on a Multi-Graph Attention Network,2025,Electronics,true,false,6,6,0,,1,10.3390/electronics14030482,,W4406867188,https://doi.org/10.3390/electronics14030482
62,complete,,complete,No mapping action needed,none,confirmed,Xiaohongshu Inc. | University of Science and Technology of China | Shanghai Jiao Tong University,Shilin Yan; Jiayin Cai; Xiaolong Jiang; Yao Hu | Ouxiang Li; Yanbin Hao | Weidi Xie,,,curated:f9eac1aa13a606c6ec88,A Sanity Check for AI-Generated Image Detection,2025,International Conference on Learning Representations,true,true,7,7,0,,3,10.48550/arxiv.2406.19435,2406.19435,W4400222289,https://proceedings.iclr.cc/paper_files/paper/2025/file/b0303773962ea1b5394c3a83cc7dd066-Paper-Conference.pdf
63,complete,,complete,No mapping action needed,none,confirmed,University of Waterloo | Mohamed bin Zayed University of Artificial Intelligence | University of Bergen,Yichen Jiang; Fakhri Karray | Mohammed Talha Alam | Sohail Ahmed Khan; Duc-Tien Dang-Nguyen,,"University of Waterloo, Canada | MBZUAI, UAE | University of Bergen, Norway",openalex:W7117078863,AdaptPrompt: Parameter-Efficient Adaptation of VLMs for Generalizable Deepfake Detection,2025,arXiv,true,false,5,5,0,,3,,2512.17730,W7117078863,https://openalex.org/W7117078863
64,complete,,complete,No mapping action needed,none,confirmed,University of Bologna | University of Naples Federico II | IdentifAI,Lorenzo Pellegrini; Serafino Pandolfini; Davide Maltoni; Matteo Ferrara | Davide Cozzolino; Luisa Verdoliva | Marco Prati; Marco Ramilli,,"Dipartimento di Informatica - Scienza e Ingegneria (DISI) Universita di Bologna, Cesena, Italy | Dipartimento di Ingegneria Elettrica e delle Tecnologie dell’Informazione (DIETI) Universita degli Studi di Napoli Federico II, Naples, Italy | IdentifAI, Italy",curated:c9c2682178c0f22b648f,AI-GenBench: A New Ongoing Benchmark for AI-Generated Image Detection,2025,International Joint Conference on Neural Networks,true,true,8,8,0,,3,10.1109/ijcnn64981.2025.11228377,2504.20865,W4416252067,https://doi.org/10.1109/ijcnn64981.2025.11228377
65,complete,,complete,No mapping action needed,none,confirmed,Xiamen University | Tencent Youtu Lab,Ziyin Zhou; Ke Sun; Jiayi Ji; Xiaoshuai Sun; Rongrong Ji | Yunpeng Luo; Yuanchen Wu; Ke Yan; Shouhong Ding; Yunsheng Wu,,"Key Laboratory of Multimedia Trusted Perception and Efficient Computing, Ministry of Education of China, Xiamen University | Tencent YouTu Lab",curated:2465f28a94bb45bec499,AIGI-Holmes: Towards Explainable and Generalizable AI-Generated Image Detection via Multimodal Large Language Models,2025,IEEE/CVF International Conference on Computer Vision,true,true,10,10,0,,2,https://doi.org/10.1109/iccv51701.2025.01742,2507.02664,W4415343382,https://doi.org/10.1109/iccv51701.2025.01742
66,complete,,complete,No mapping action needed,none,confirmed,University of Wisconsin-Madison,Anirudh Sundara Rajan; Utkarsh Ojha; Jedidiah Schloesser; Yong Jae Lee,,All listed authors are affiliated with University of Wisconsin-Madison.,curated:0b34eeaa2b4f5b0a7b3b,Aligned Datasets Improve Detection of Latent Diffusion-Generated Images,2025,International Conference on Learning Representations,true,true,4,4,0,,1,10.48550/arxiv.2410.11835,2410.11835,W4403575374,https://proceedings.iclr.cc/paper_files/paper/2025/file/9ead108421b202494d01b5060d12aa34-Paper-Conference.pdf
67,complete,,complete,No mapping action needed,none,confirmed,National Yang Ming Chiao Tung University | Netflix Eyeline Studios,Chen Yeh; You-Ming Chang; Wei-Chen Chiu | Ning Yu,,,curated:718ce9e82d185c331bdf,AntifakePrompt: Prompt-Tuned Vision-Language Models Are Fake Image Detectors,2025,International Conference on Learning Representations,true,true,4,4,0,,2,10.48550/arxiv.2310.17419,2310.17419,W4387994353,https://openreview.net/pdf?id=TvSkPlDTVw
68,complete,,complete,No mapping action needed,none,missing,,,,,openalex:W4413144629,Any-Resolution AI-Generated Image Detection by Spectral Learning,2025,IEEE/CVF Conference on Computer Vision and Pattern Recognition,true,false,4,4,0,,2,10.1109/cvpr52734.2025.01743,2411.19417,W4413144629,https://doi.org/10.1109/cvpr52734.2025.01743
69,complete,,complete,No mapping action needed,none,confirmed,Sun Yat-sen University | Xi'an Jiaotong University | Tsinghua University | Peng Cheng Laboratory,Yao Xiao; Binbin Yang; Weiyan Chen; Zijie Cao; Ziyi Dong; Liang Lin; Pengxu Wei | Jiahao Chen; Wei Ke | Xiangyang Ji | Liang Lin; Pengxu Wei,,"School of Computer Science and Engineering, Sun Yat-sen University, Guangzhou, China | School of Software Engineering, Xi’an Jiaotong University, Xi’an, China | Department of Automation, Tsinghua University, Beijing, China | Peng Cheng Laboratory, Shenzhen, China",curated:7693a9c0107feaf90e10,Are High-Quality AI-Generated Images More Difficult for Models to Detect?,2025,International Conference on Machine Learning,true,true,10,10,0,,4,,,,https://openreview.net/pdf?id=sKYdVKE1tS
70,complete,,complete,No mapping action needed,none,missing,,,,,openalex:W4411979039,Art or Artifact? Segmenting AI-Generated Images for Deeper Detection,2025,Workshop on Security Implications of Deepfakes and Cheapfakes,true,false,3,3,0,,1,10.1145/3709022.3736544,,W4411979039,https://doi.org/10.1145/3709022.3736544
71,complete,,complete,No mapping action needed,none,confirmed,Drexel University,Aref Azizpour; Tai D. Nguyen; Matthew C. Stamm,,"Drexel University, Philadelphia, PA, USA",curated:5f105b70c28ce5beeb0b,Autonomous and Self-Adapting System for Synthetic Media Detection and Attribution,2025,arXiv,true,true,3,3,0,,1,10.48550/arxiv.2504.03615,2504.03615,W4415980694,https://openalex.org/W4415980694
72,complete,,complete,No mapping action needed,none,missing,,,,,openalex:W4413146215,Beyond Generation: A Diffusion-based Low-level Feature Extractor for Detecting AI-generated Images,2025,IEEE/CVF Conference on Computer Vision and Pattern Recognition,true,false,5,5,0,,2,10.1109/cvpr52734.2025.00773,,W4413146215,https://doi.org/10.1109/cvpr52734.2025.00773
73,complete,,complete,No mapping action needed,none,confirmed,Polytechnic University of Hauts-de-France | Khalifa University | Technical University of Madrid | Sorbonne University Abu Dhabi,Mamadou Keïta; Hessen Bougueffa Eutamene; Abdelmalik Taleb‐Ahmed | Wassim Hamidouche | David Camacho | Abdenour Hadid,,"Laboratory of IEMN, University Polytechnique Hauts-de-France, Valenciennes, France | Khalifa University, Abu Dhabi, UAE | Technical University of Madrid, Madrid, Spain | Sorbonne University, Abu Dhabi, UAE",openalex:W4406160881,Bi‐ <scp>LORA</scp> : A Vision‐Language Approach for Synthetic Image Detection,2025,Expert Systems,true,false,6,6,0,,4,10.1111/exsy.13829,2404.01959,W4406160881,https://doi.org/10.1111/exsy.13829
74,complete,,complete,No mapping action needed,none,missing,,,,,openalex:W4412624408,BOSC: A Backdoor-Based Framework for Open Set Synthetic Image Attribution,2025,IEEE Transactions on Information Forensics and Security,true,false,3,3,0,,1,10.1109/tifs.2025.3592531,2405.11491,W4412624408,https://doi.org/10.1109/tifs.2025.3592531
75,complete,,complete,No mapping action needed,none,confirmed,Beijing Normal University | University of Chinese Academy of Sciences | Fudan University | Central University of Finance and Economics | Tsinghua University,Chunxiao Li; Boming Miao | Xiaoxiao Wang | Meiling Li | Peng Sun | Yunjian Zhang; Xiangyang Ji; Yao Zhu,,"Beijing Normal University, Beijing, China | University of Chinese Academy of Sciences, Beijing, China | Fudan University, Shanghai, China | Central University of Finance and Economics, Beijing, China | Tsinghua University, Beijing, China",curated:e256ad6b672c3cf433ba,Bridging the Gap Between Ideal and Real-World Evaluation: Benchmarking AI-Generated Image Detection in Challenging Scenarios,2025,IEEE/CVF International Conference on Computer Vision,true,true,8,8,0,,5,10.1109/iccv51701.2025.01895,2509.09172,W4417071442,https://doi.org/10.1109/iccv51701.2025.01895
76,complete,,complete,No mapping action needed,none,missing,,,,,openalex:W4409367167,C2P-CLIP: Injecting Category Common Prompt in CLIP to Enhance Generalization in Deepfake Detection,2025,AAAI Conference on Artificial Intelligence,true,false,7,7,0,,3,https://doi.org/10.1609/aaai.v39i7.32772,,W4409367167,https://doi.org/10.1609/aaai.v39i7.32772
77,complete,,complete,No mapping action needed,none,missing,,,,,openalex:W4411378016,Can GPT Tell Us Why These Images Are Synthesized? Empowering Multimodal Large Language Models for Forensics,2025,ACM Workshop on Information Hiding and Multimedia Security,true,false,4,4,0,,2,10.1145/3733102.3733138,,W4411378016,https://doi.org/10.1145/3733102.3733138
78,complete,,complete,No mapping action needed,none,confirmed,"University at Buffalo, State University of New York | Institute of Information Engineering, Chinese Academy of Sciences",Yu Cai; Shan Jia; Siwei Lyu | Jiahe Tian; Jiao Dai; Jizhong Han,,"State University of New York at Buffalo, USA | Institute of Information Engineering, Chinese Academy of Sciences, China",curated:95b3298d7dafadbed65d,CatAID: Category-Guided AI-Generated Image Detection via Vision-Language Model Adaptation,2025,IEEE/CVF International Conference on Computer Vision,true,true,6,6,0,,2,https://doi.org/10.1109/iccvw69036.2025.00166,,W7131117798,https://doi.org/10.1109/iccvw69036.2025.00166
79,complete,,complete,No mapping action needed,none,confirmed,Purdue University | Sony AI | Rutgers University,Siyuan Cheng; Xiangyu Zhang | Lingjuan Lyu; Vikash Sehwag | Zhenting Wang,,Sony Corporation (United States),curated:aa742a2409569b68d2c4,CO-SPY: Combining Semantic and Pixel Features to Detect Synthetic Images by AI,2025,IEEE/CVF Conference on Computer Vision and Pattern Recognition,true,true,5,5,0,,3,https://doi.org/10.1109/cvpr52734.2025.01256,,W4413146055,https://doi.org/10.1109/cvpr52734.2025.01256
80,complete,,complete,No mapping action needed,none,confirmed,University of Science and Technology of China | Shanghai Innovation Institute | Shanghai Artificial Intelligence Laboratory,Fanrui Zhang; Qiang Zhang; Sizhuo Zhou; Yifan Chang; Jiawei Liu | Fanrui Zhang; Sizhuo Zhou; Jianwen Sun; Jiaxin Ai; Yukang Feng; Yujie Zhang; Wenjie Li; Zizhen Li; Yifan Chang; Kaipeng Zhang | Chuanhao Li; Kaipeng Zhang,,"University of Science and Technology of China, China | Shanghai Innovation Institute, China | Shanghai Artificial Intelligence Laboratory, China",openalex:W4417529984,Code-in-the-Loop Forensics: Agentic Tool Use for Image Forgery Detection,2025,arXiv,true,false,13,13,0,,3,https://doi.org/10.48550/arxiv.2512.16300,2512.16300,W4417529984,https://openalex.org/W4417529984
81,complete,,complete,No mapping action needed,none,confirmed,Sungkyunkwan University,Hyeongjun Choi; Inho Jung; Simon S. Woo,,"Department of Artificial Intelligence, Sungkyunkwan University, South Korea",curated:cba231098f84685520e8,Combating Dataset Misalignment for Robust AI-Generated Image Detection in the Real World,2025,Workshop on Security Implications of Deepfakes and Cheapfakes,true,true,3,3,0,,2,10.1145/3709022.3736541,,W4411979370,https://doi.org/10.1145/3709022.3736541
82,complete,,complete,No mapping action needed,none,confirmed,University of Michigan,Jeongsoo Park; Andrew Owens,,University of Michigan,curated:307e0f132bd89ed90298,Community Forensics: Using Thousands of Generators to Train Fake Image Detectors,2025,IEEE/CVF Conference on Computer Vision and Pattern Recognition,true,true,2,2,0,,1,10.1109/cvpr52734.2025.00772,,W4413155783,https://doi.org/10.1109/cvpr52734.2025.00772
83,complete,,complete,No mapping action needed,none,confirmed,Aristotle University of Thessaloniki | Centre for Research and Technology Hellas (CERTH),Efthymia Amarantidou; Panagiotis C. Petrantonakis | Christos Koutlis; Symeon Papadopoulos,,,curated:425eb6ebf5e06a7836a8,Composite Data Augmentations for Synthetic Image Detection Against Real-World Perturbations,2025,European Signal Processing Conference,true,true,4,4,0,,2,https://doi.org/10.23919/eusipco63237.2025.11226549,,W4417052422,https://doi.org/10.23919/eusipco63237.2025.11226549
84,complete,,complete,No mapping action needed,none,confirmed,Wuhan University | Princeton University,Yongqi Yang; Zhihao Qian; Yu Wu | Ye Zhu; Olga Russakovsky,,"School of Computer Science, Wuhan University | Department of Computer Science, Princeton University",curated:3bd79627ad7e70a28a97,D$^3$: Scaling Up Deepfake Detection by Learning from Discrepancy,2025,IEEE/CVF Conference on Computer Vision and Pattern Recognition,true,true,5,5,0,,2,10.1109/CVPR52734.2025.02221,2404.04584,W4394653966,https://doi.org/10.1109/cvpr52734.2025.02221
85,complete,,complete,No mapping action needed,none,missing,,,,,openalex:W4407408001,DeepGuard: Identification and Attribution of AI-Generated Synthetic Images,2025,Electronics,true,false,5,5,0,,4,10.3390/electronics14040665,,W4407408001,https://doi.org/10.3390/electronics14040665
86,complete,,complete,No mapping action needed,none,missing,,,,,curated:161b6d5ca391d238f7e9,Detecting Origin Attribution for Text-to-Image Diffusion Models,2025,IEEE/CVF Winter Conference on Applications of Computer Vision,true,true,3,3,0,,2,10.1109/wacv61041.2025.00850,2403.19653,W4409262697,https://doi.org/10.1109/wacv61041.2025.00850
87,complete,,complete,No mapping action needed,none,confirmed,Shanghai Jiao Tong University,Jiarui Wangl; Huiyu Duan; Juntong Wang; Ziheng Jia; Woo Yi Yang; Xiaorong Zhu; Yu Zhao; Jiaying Qian; Yuke Xing; Guangtao Zhai; Xiongkuo Min,,"Shanghai Jiao Tong University Shanghai, China",curated:8ae025d8756e0ff472b0,DFBench: Benchmarking Deepfake Image Detection Capability of Large Multimodal Models,2025,ACM International Conference on Multimedia,true,true,11,11,0,,2,10.1145/3746027.3758204,2506.03007,W4415539098,https://doi.org/10.1145/3746027.3758204
88,complete,,complete,No mapping action needed,none,missing,,,,,curated:aa6672aa3ab0a0709e32,Diffusion Epistemic Uncertainty with Asymmetric Learning for Diffusion-Generated Image Detection,2025,IEEE/CVF International Conference on Computer Vision,true,true,3,3,0,,3,https://doi.org/10.1109/iccv51701.2025.01588,2601.14625,W7160128830,https://doi.org/10.1109/iccv51701.2025.01588
89,complete,,complete,No mapping action needed,none,missing,,,,,openalex:W4409917780,Enhancing Synthetic Generated-Images Detection Through Post-Hoc Calibration,2025,IEEE/CVF Winter Conference on Applications of Computer Vision,true,false,3,3,0,,1,10.1109/wacvw65960.2025.00087,,W4409917780,https://doi.org/10.1109/wacvw65960.2025.00087
90,complete,,complete,No mapping action needed,none,confirmed,Shanghai Jiao Tong University,Wenpeng Mu; Zheng Li; Qiang Xu; Xinghao Jiang; Tanfeng Sun,,,curated:87bc93471ce8bb561091,ExDA: Towards Universal Detection and Plug-and-Play Attribution of AI-Generated Ex-Regulatory Images,2025,ACM International Conference on Multimedia,true,true,5,5,0,,1,https://doi.org/10.1145/3746027.3755434,,W4415538223,https://doi.org/10.1145/3746027.3755434
91,complete,,complete,No mapping action needed,none,missing,,,,,openalex:W4408352289,FairAdapter: Detecting AI-generated Images with Improved Fairness,2025,"IEEE International Conference on Acoustics, Speech and Signal Processing",true,false,4,4,0,,1,10.1109/icassp49660.2025.10890705,2411.14755,W4408352289,https://doi.org/10.1109/icassp49660.2025.10890705
92,complete,,complete,No mapping action needed,none,confirmed,City University of Hong Kong | Chang'an University | Sun Yat-sen University | Nanyang Technological University | University of Campinas,Yixuan Li; Yu Tian; Shiqi Wang | Yipo Huang | Wei Lu | Weisi Lin | Anderson Rocha,,"College of Computing, City University of Hong Kong, Hong Kong SAR | School of Data Science and Artificial Intelligence, Chang’an University, Xi’an 710064, China | School of Computer Science and Engineering, Ministry of Education Key Laboratory of Information Technology, Guangdong Province Key Laboratory of Information Security Technology, Sun Yat-sen University, Guangzhou 510006, China | College of Computing and Data Science, Nanyang Technological University, Singapore | Artificial Intelligence Lab (Recod.ai), University of Campinas, Campinas 13084-851, Brazil",openalex:W4417056138,FakeScope: Large Multimodal Expert Model for Transparent AI-Generated Image Forensics,2025,arXiv,true,false,7,7,0,,5,https://doi.org/10.48550/arxiv.2503.24267,2503.24267,W4417056138,https://openalex.org/W4417056138
93,complete,,complete,No mapping action needed,none,confirmed,Jinan University,Shuqiao Liang; Jian Liu; Renzhang Chen; Quanlong Guan,,Jinan University,curated:dd05c4a609d902da8c1d,FerretNet: Efficient Synthetic Image Detection via Local Pixel Dependencies,2025,Advances in Neural Information Processing Systems,true,true,4,4,0,,1,https://doi.org/10.48550/arxiv.2509.20890,2509.20890,W4414789480,https://proceedings.neurips.cc/paper_files/paper/2025/file/3bfcc45018b4156b92197db47e9742bd-Paper-Conference.pdf
94,complete,,complete,No mapping action needed,none,confirmed,Sungkyunkwan University,Hanbyul Lee; Juneho Yi,,"Department of Artificial Intelligence, Sungkyunkwan University; Department of Electrical and Computer Engineering, Sungkyunkwan University",openalex:W4414577086,Few-Shot Class-Incremental Model Attribution Using Learnable Representation from CLIP-ViT Features,2025,arXiv,true,false,2,2,0,,1,https://doi.org/10.48550/arxiv.2503.08148,2503.08148,W4414577086,https://openalex.org/W4414577086
95,complete,,complete,No mapping action needed,none,confirmed,"Institute of Automation, Chinese Academy of Sciences | Beijing Academy of Artificial Intelligence | University of Chinese Academy of Sciences | Harbin Institute of Technology, Shenzhen",Shiyu Wu; Jing Liu | Shiyu Wu; Yequan Wang | Jing Li,,"Institute of Automation, Chinese Academy of Sciences, Beijing, China | Beijing Academy of Artificial Intelligence, Beijing, China | University of Chinese Academy of Sciences, Beijing, China | Harbin Institute of Technology, Shenzhen, China",curated:4d91354cd919a64a2259,Few-Shot Learner Generalizes Across AI-Generated Image Detection,2025,International Conference on Machine Learning,true,true,4,4,0,,4,10.48550/arxiv.2501.08763,2501.08763,W4406484960,https://openreview.net/pdf?id=uvU29AfoNT
96,complete,,complete,No mapping action needed,none,confirmed,Beijing University of Posts and Telecommunications,Beilin Chu; Xuan Xu; Xin Wang; Yufei Zhang; Weike You; Linna Zhou,,"School of CyberSpace Security, Beijing University of Posts and Telecommunications",curated:b8119cd227de03702d48,FIRE: Robust Detection of Diffusion-Generated Images via Frequency-Guided Reconstruction Error,2025,IEEE/CVF Conference on Computer Vision and Pattern Recognition,true,true,6,6,0,,1,https://doi.org/10.1109/cvpr52734.2025.01197,,W4413145084,https://doi.org/10.1109/cvpr52734.2025.01197
97,complete,,complete,No mapping action needed,none,confirmed,Indian Institute of Technology Kharagpur | Chittagong University of Engineering and Technology,Md Ashik Khan | Arafat Alam Jion,,"Department of Computer Science and Engineering, Indian Institute of Technology Kharagpur, India",openalex:W7117537373,Fixed-Threshold Evaluation of a Hybrid CNN-ViT for AI-Generated Image Detection Across Photos and Art,2025,arXiv,true,false,2,2,0,,2,10.48550/arxiv.2512.21512,2512.21512,W7117537373,https://doi.org/10.48550/arxiv.2512.21512
98,complete,,complete,No mapping action needed,none,confirmed,Aarhus University | China University of Mining and Technology,Run Hao | Peng Ying,,"School of Computer Science and Technology, China University of Mining and Technology, Xuzhou, China; Mine Digitization Engineering Research Center of the Ministry of Education, China University of Mining and Technology, Xuzhou, China",openalex:W4416610205,Fooling the Watchers: Breaking AIGC Detectors via Semantic Prompt Attacks,2025,arXiv,true,false,2,2,0,,2,10.48550/arxiv.2505.23192,2505.23192,W4416610205,https://openalex.org/W4416610205
99,complete,,complete,No mapping action needed,none,missing,,,,,openalex:W4413145326,"Forensic Self-Descriptions Are All You Need for Zero-Shot Detection, Open-Set Source Attribution, and Clustering of AI-generated Images",2025,IEEE/CVF Conference on Computer Vision and Pattern Recognition,true,false,3,3,0,,1,10.1109/cvpr52734.2025.00289,2503.21003,W4413145326,https://doi.org/10.1109/cvpr52734.2025.00289
100,complete,,complete,No mapping action needed,none,confirmed,The University of Hong Kong | HKU Shanghai Intelligent Computing Research Center | Shanghai Artificial Intelligence Laboratory | Zhejiang Laboratory | Hangzhou Institute for Advanced Study | Zhejiang University | Alibaba Group | MEGVII Technology,Jin Wang; Ping Luo | Ping Luo | Wenqi Shao | Chenghui Lv; Xian Li; Kelu Yao; Chao Li | Chenghui Lv | Xian Li | Shichao Dong | Huadong Li,,"Hangzhou Institute for Advanced Study, University of Chinese Academy of Sciences | Alibaba, Beijing, China",curated:762982679d91cd198a41,Forensics-Bench: A Comprehensive Forgery Detection Benchmark Suite for Large Vision Language Models,2025,IEEE/CVF Conference on Computer Vision and Pattern Recognition,true,true,9,9,0,,8,https://doi.org/10.1109/cvpr52734.2025.00400,,W4413156425,https://doi.org/10.1109/cvpr52734.2025.00400
101,complete,,complete,No mapping action needed,none,confirmed,Henan University,Yingjian Chen; Lei Zhang; Yakun Niu,,"Henan Key Laboratory of Big Data Analysis and Processing, School of Computer and Information Engineering, Henan University",curated:7a95c7ca9cc95727e1b9,ForgeLens: Data-Efficient Forgery Focus for Generalizable Forgery Image Detection,2025,IEEE/CVF International Conference on Computer Vision,true,true,3,3,0,,1,https://doi.org/10.1109/iccv51701.2025.01510,,W7160017581,https://doi.org/10.1109/iccv51701.2025.01510
102,complete,,complete,No mapping action needed,none,confirmed,CISPA Helmholtz Center for Information Security,Mengfei Liang; Yiting Qu; Yukun Jiang; Michael Backes; Yang Zhang,,,openalex:W4415935817,From Evidence to Verdict: An Agent-Based Forensic Framework for AI-Generated Image Detection,2025,arXiv,true,false,5,5,0,,1,https://doi.org/10.48550/arxiv.2511.00181,2511.00181,W4415935817,https://openalex.org/W4415935817
103,complete,,complete,No mapping action needed,none,missing,,,,,openalex:W4410487490,GCS-Net: A Universal AI-Generated Visual Content Detection Method Based on CLIP,2025,Knowledge-Based Systems,true,false,5,5,0,,1,https://doi.org/10.1016/j.knosys.2025.113806,,W4410487490,https://doi.org/10.1016/j.knosys.2025.113806
104,complete,,complete,No mapping action needed,none,confirmed,Beihang University | Hebei University of Technology,Shengpeng Xiao; Yuanfang Guo; Heqi Peng; Zeming Liu; Yunhong Wang | Liang Yang,,Beihang University,openalex:W4414578321,Generalizable AI-Generated Image Detection Based on Fractal Self-Similarity in the Spectrum,2025,arXiv,true,false,6,6,0,,2,https://doi.org/10.48550/arxiv.2503.08484,2503.08484,W4414578321,https://openalex.org/W4414578321
105,complete,,complete,No mapping action needed,none,confirmed,University of Bologna | IdentifAI,Lorenzo Pellegrini; Serafino Pandolfini; Davide Maltoni; Matteo Ferrara | Marco Prati; Marco Ramilli,,"Department of Computer Science and Engineering (DISI), University of Bologna, Italy | IdentifAI, Italy",curated:3c3cd6143ece4045b378,Generalized Design Choices for Deepfake Detectors,2025,arXiv,true,true,6,6,0,,2,10.48550/arxiv.2511.21507,2511.21507,W4416790887,https://openalex.org/W4416790887
106,complete,,complete,No mapping action needed,none,confirmed,Texas A&M University,Anant Mehta; Bryant McArthur; Nagarjuna Kolloju; Zhengzhong Tu,,,curated:507b9cb16991da1629f8,HFMF: Hierarchical Fusion Meets Multi-Stream Models for Deepfake Detection,2025,IEEE/CVF Winter Conference on Applications of Computer Vision,true,true,4,4,0,,1,https://doi.org/10.1109/wacvw65960.2025.00082,,W4409917519,https://doi.org/10.1109/wacvw65960.2025.00082
107,complete,,complete,No mapping action needed,none,confirmed,University of Science and Technology of China | Xiaohongshu Inc.,Ouxiang Li; Yanbin Hao; Fuli Feng | Jiayin Cai; Xiaolong Jiang; Yao Hu,,"University of Science and Technology of China, Hefei, Anhui, China | Xiaohongshu Inc., Beijing, China",curated:c45f9027e90830e4c9b6,Improving Synthetic Image Detection Towards Generalization: An Image Transformation Perspective,2025,ACM SIGKDD Conference on Knowledge Discovery and Data Mining,true,true,6,6,0,,2,10.1145/3690624.3709392,2408.06741,W4409149749,https://doi.org/10.1145/3690624.3709392
108,complete,,complete,No mapping action needed,none,confirmed,Nanjing University of Information Science and Technology | University of Siena,Ziqiang Li; Jiazhen Yan; Ziwen He; Weiwei Jiang; Lizhi Xiong; Zhangjie Fu | Kai Zeng,,"1 School of Computer Science, Nanjing University of Information Science and Technology | 2 University of Siena, Siena, Italy",curated:f158c57190bcd2c8405c,Is Artificial Intelligence Generated Image Detection a Solved Problem?,2025,Advances in Neural Information Processing Systems,true,true,7,7,0,,2,10.48550/arxiv.2505.12335,2505.12335,W4417300571,https://nips.cc/media/neurips-2025/Slides/121688.pdf
109,complete,,complete,No mapping action needed,none,confirmed,University of Amsterdam | Netherlands Forensic Institute,Ana Vasilcoiu; Ivona Najdenkoska; Zeno Geradts; Marcel Worring | Ivona Najdenkoska; Zeno Geradts,,Netherlands Forensic Institute (NFI),openalex:W4415343792,LATTE: Latent Trajectory Embedding for Diffusion-Generated Image Detection,2025,arXiv,true,false,4,4,0,,2,https://doi.org/10.48550/arxiv.2507.03054,2507.03054,W4415343792,https://openalex.org/W4415343792
110,complete,,complete,No mapping action needed,none,confirmed,Shanghai Jiao Tong University | Shanghai Artificial Intelligence Laboratory | Beihang University | Sun Yat-sen University | SenseTime,Hengrui Kang; Zichen Wen; Linfeng Zhang | Hengrui Kang; Siwei Wen; Zichen Wen; Junyan Ye; Weijia Li; Peilin Feng; Baichuan Zhou; Bin Wang; Dahua Lin; Conghui He | Siwei Wen; Peilin Feng | Junyan Ye; Weijia Li | Dahua Lin; Conghui He,,Shanghai Jiao Tong University | Shanghai Artificial Intelligence Laboratory | Beihang University | Sun Yat-Sen University | SenseTime Research,curated:14272073fa5bc0e301b5,LEGION: Learning to Ground and Explain for Synthetic Image Detection,2025,IEEE/CVF International Conference on Computer Vision,true,true,11,11,0,,5,https://doi.org/10.1109/iccv51701.2025.01760,2503.15264,W4414903171,https://doi.org/10.1109/iccv51701.2025.01760
111,complete,,complete,No mapping action needed,none,confirmed,MIT Lincoln Laboratory | Yale University,Danielle Sullivan-Pao; Pooya Khorrami | Nicole Tian,,"MIT Lincoln Laboratory, Lexington MA, USA | Yale University, New Haven CT, USA",openalex:W4414827699,LoRAX: LoRA eXpandable Networks for Continual Synthetic Image Attribution,2025,arXiv,true,false,3,3,0,,2,https://doi.org/10.48550/arxiv.2504.08149,2504.08149,W4414827699,https://openalex.org/W4414827699
112,complete,,complete,No mapping action needed,none,missing,,,,,openalex:W7160100074,LOTA: Bit-Planes Guided AI-Generated Image Detection,2025,IEEE/CVF International Conference on Computer Vision,true,false,5,5,0,,2,10.1109/iccv51701.2025.01602,2510.14230,W7160100074,https://doi.org/10.1109/iccv51701.2025.01602
113,complete,,complete,No mapping action needed,none,confirmed,Fujitsu Research of Europe | Fujitsu Limited | Technion - Israel Institute of Technology,Jonathan Brokman; Amit Giloni; Omer Hofman; Roman Vainshtein | Hisashi Kojima | Jonathan Brokman; Guy Gilboa,,Fujitsu Research of Europe | Fujitsu Limited | Technion - Israel Institute of Technology,curated:4c10e64c5b8f09c7333e,Manifold Induced Biases for Zero-Shot and Few-Shot Detection of Generated Images,2025,International Conference on Learning Representations,true,true,6,6,0,,3,10.48550/arxiv.2504.15470,2504.15470,W4414631013,https://openalex.org/W4414631013
114,complete,,complete,No mapping action needed,none,confirmed,Indian Institute of Technology Roorkee,Pranav Sharma; Shivank Garg; Durga Toshniwal,,"Indian Institute of Technology Roorkee, Roorkee, India",openalex:W4414970554,Mirage: Unveiling Hidden Artifacts in Synthetic Images with Large Vision-Language Models,2025,arXiv,true,false,3,3,0,,1,10.48550/arxiv.2510.03840,2510.03840,W4414970554,https://openalex.org/W4414970554
115,complete,,complete,No mapping action needed,none,confirmed,"Institute of Computing Technology, Chinese Academy of Sciences | University of Sydney",Tianyun Yang; Juan Cao; Danding Wang | Chang Xu,,"Institute of Computing Technology, Chinese Academy of Sciences, Beijing, China | School of Computer Science, Faculty of Engineering, University of Sydney, Australia",curated:40ffd016e03ca4604fa8,Model Synthesis for Zero-Shot Model Attribution,2025,IEEE Transactions on Multimedia,true,true,4,4,0,,2,10.1109/tmm.2025.3607778,2307.15977,W4385473656,https://doi.org/10.1109/tmm.2025.3607778
116,complete,,complete,No mapping action needed,none,confirmed,Guangdong University of Technology | Qilu University of Technology,Zili Xu; Jianjie Luo; Zhenguo Yang | Fuqiang Yu,,"Guangdong University of Technology | Key Laboratory of Computing Power Network and Information Security, Ministry of Education, Qilu University of Technology (Shandong Academy of Sciences)",curated:22c0f35b356c01cbd122,Multi-Perspective Frequency Domain Learning for Generalizable AI-Generated Image Detection,2025,European Conference on Artificial Intelligence,true,true,4,4,0,,3,10.3233/faia251048,,W4415428300,https://doi.org/10.3233/faia251048
117,complete,,complete,No mapping action needed,none,confirmed,Center for Artificial Intelligence (CENTAI) | Polytechnic Institute of Turin,Alan Perotti; Mirko Zaffaroni | Marco Nurisso,,"CENTAI Institute, Turin, Italy, IT | Polytechnic Institute of Turin, Turin, Italy, IT",curated:cda6067db322246e8195,No Detector to Rule Them All,2025,ACM International Conference on Multimedia,true,true,3,3,0,,2,10.1145/3746265.3759659,,W4414945373,https://doi.org/10.1145/3746265.3759659
118,complete,,complete,No mapping action needed,none,confirmed,Xi'an Jiaotong University | University of Southampton | Harbin Institute of Technology,Yabin Wang | Zhiwu Huang | Xiaopeng Hong,,Xi’an Jiaotong University | University of Southampton | Harbin Institute of Technology,curated:4b3b8e9895b44de7c752,OpenSDI: Spotting Diffusion-Generated Images in the Open World,2025,IEEE/CVF Conference on Computer Vision and Pattern Recognition,true,true,3,3,0,,3,10.1109/cvpr52734.2025.00405,,W4413145584,https://doi.org/10.1109/cvpr52734.2025.00405
119,complete,,complete,No mapping action needed,none,missing,,,,,openalex:W4406657393,Optimized Frequency Collaborative Strategy Drives AI Image Detection,2025,IEEE Internet of Things Journal,true,false,4,4,0,,3,https://doi.org/10.1109/jiot.2025.3531053,,W4406657393,https://doi.org/10.1109/jiot.2025.3531053
120,complete,,complete,No mapping action needed,none,confirmed,"Peking University Shenzhen Graduate School | Tencent Youtu Lab | The Chinese University of Hong Kong, Shenzhen",Zhiyuan Yan; Peng Jin; Chengchun Liu; Li Yuan | Zhiyuan Yan; Jiangming Wang; Ke-Yue Zhang; Shen Chen; Taiping Yao; Shouhong Ding | Baoyuan Wu,,Peking University Shenzhen Graduate School,curated:1f9d168cc6c4c445a231,Orthogonal Subspace Decomposition for Generalizable AI-Generated Image Detection,2025,International Conference on Machine Learning,true,true,10,10,0,,3,10.48550/arxiv.2411.15633,2411.15633,W4404986693,https://openreview.net/pdf?id=GFpjO8S8Po
121,complete,,complete,No mapping action needed,none,confirmed,Zhejiang University | Tencent Youtu Lab,Xinghe Fu; Zheng Yang; Xi Li | Zhiyuan Yan; Taiping Yao; Yandan Zhao; Shouhong Ding,,"College of Computer Science and Technology, Zhejiang University, Hangzhou, China | Youtu Lab, Tencent, Shanghai, China",curated:95953a73a0e2e1f14ccb,PiD: Generalized AI-Generated Images Detection with Pixelwise Decomposition Residuals,2025,International Conference on Machine Learning,true,true,7,7,0,,2,,,,https://openreview.net/pdf?id=gye2zYytx6
122,complete,,complete,No mapping action needed,none,confirmed,University of Cagliari | Ruhr University Bochum | University of Modena and Reggio Emilia | University of Pisa | Sapienza University of Rome | National Interuniversity Consortium for Informatics (CINI),Hicham Eddoubi; Angelo Sotgiu; Maura Pintor; Battista Biggio | Jonas Ricker; Asja Fischer | Federico Cocchi; Marcella Cornia; Lorenzo Baraldi; Rita Cucchiara | Federico Cocchi; Lorenzo Baraldi | Hicham Eddoubi | Angelo Sotgiu; Maura Pintor; Battista Biggio,,"University of Cagliari, Italy | Ruhr University Bochum, Germany | University of Modena and Reggio Emilia, Italy | University of Pisa, Italy | Sapienza University of Rome, Italy | CINI, Italy",curated:79adf19ca6991c1d85f8,RAID: A Dataset for Testing the Adversarial Robustness of AI-Generated Image Detectors,2025,arXiv,true,true,10,10,0,,6,10.48550/arxiv.2506.03988,2506.03988,W4417114708,https://openalex.org/W4417114708
123,complete,,complete,No mapping action needed,none,confirmed,"Zhejiang University of Technology | Binjiang Institute of Artificial Intelligence, | Intel Corporation",Hanzhe Yu; Jintao Rong; Qi Xuan; Chen Ma | Qi Xuan; Chen Ma | Yun Ye,,"Institute of Cyberspace Security, Zhejiang University of Technology Hangzhou, China College of Information Engineering, Zhejiang University of Technology Hangzhou, China | Binjiang Institute of Artificial Intelligence, ZJUT Hangzhou, China | Intel Corporation Beijing, China",curated:44a70bf5f21b5457102b,RealHD: A High-Quality Dataset for Robust Detection of State-of-the-Art AI-Generated Images,2025,ACM International Conference on Multimedia,true,true,5,5,0,,3,10.1145/3746027.3755207,2602.10546,W7128721813,https://doi.org/10.1145/3746027.3755207
124,complete,,complete,No mapping action needed,none,missing,,,,,openalex:W4409262730,Reducing the Content Bias for AI-generated Image Detection,2025,IEEE/CVF Winter Conference on Applications of Computer Vision,true,false,5,5,0,,1,10.1109/wacv61041.2025.00049,2502.17105,W4409262730,https://doi.org/10.1109/wacv61041.2025.00049
125,complete,,complete,No mapping action needed,none,missing,,,,,curated:1ec62a78a4e0372bc0d9,ReTD: Reconstruction-Based Traceability Detection for Generated Images,2025,"IEEE International Conference on Acoustics, Speech and Signal Processing",true,true,6,6,0,,1,https://doi.org/10.1109/icassp49660.2025.10890492,,W4408356108,https://doi.org/10.1109/icassp49660.2025.10890492
126,complete,,complete,No mapping action needed,none,confirmed,Polytechnic University of Hauts-de-France | Khalifa University | Sorbonne University Abu Dhabi,Mamadou Keita; Hessen B. Eutamene; Abdelmalik Taleb-Ahmed | Wassim Hamidouche | Abdenour Hadid,,"Laboratory of IEMN, Polytechnic University of Hauts-de-France, Valenciennes, France | Khalifa University, Abu Dhabi, UAE | Sorbonne Center for Artificial Intelligence, Sorbonne University, Abu Dhabi, UAE",curated:6ca781a0d606a5d5db64,REVEAL: A Retrieval-Augmented Generation Approach for Contextual Identification of Synthetic Visual Content,2025,HAL (Le Centre pour la Communication Scientifique Directe),true,true,5,5,0,,3,10.1145/3746265.3759667,,W4414945274,https://doi.org/10.1145/3746265.3759667
127,complete,,complete,No mapping action needed,none,confirmed,City University of Macau | Torrens University Australia | Qilu University of Technology | Wuhan Institute of Technology,Hongfei Cai; Chi Liu; Peng Gui | Sheng Shen; Peng Gui | Youyang Qu; Peng Gui,,"Faculty of Data Science, City University of Macau, Macao SAR, China | Design and Creative Technology Vertical, Torrens University Australia, NSW, Australia | Shandong Provincial Key Laboratory of Computer Networks, Ministry of Education, Shandong Computer Science Center, Qilu University of Technology (Shandong Academy of Sciences), Jinan, China | School of Computer Science and Engineering, Wuhan Institute of Technology, Wuhan, China",curated:71ff0674850f84bf8df7,Robust AI-Synthesized Image Detection via Multi-Feature Frequency-Aware Learning,2025,"International Conference on Knowledge Science, Engineering and Management",true,true,5,5,0,,8,https://doi.org/10.1007/978-981-95-3001-4_12,,W4416260579,https://doi.org/10.1007/978-981-95-3001-4_12
128,complete,,complete,No mapping action needed,none,missing,,,,,curated:2938e895376a45baceec,SAGNet: Decoupling Semantic-Agnostic Artifacts from Limited Training Data for Robust Generalization in Deepfake Detection,2025,IEEE Transactions on Information Forensics and Security,true,true,5,5,0,,1,https://doi.org/10.1109/tifs.2025.3581726,,W4411484192,https://doi.org/10.1109/tifs.2025.3581726
129,complete,,complete,No mapping action needed,none,confirmed,Tamkang University,Meng-Luen Wu; Cheng-Pin Cheng,,"Department of Computer Science and Information Engineering, Tamkang University, New Taipei City 251301, Taiwan",curated:82a6421311c4d39076d9,Sanitizing Diffusion-Generated Images via Fingerprint Removal and Adversarial Perturbation for Forensic Evasion,2025,IEEE Access,true,true,2,2,0,,1,10.1109/access.2025.3597641,,W4413213177,https://doi.org/10.1109/access.2025.3597641
130,complete,,complete,No mapping action needed,none,confirmed,WeChat AI | Peking University,Zexi Jia; Chuanwei Huang; Yeshuang Zhu; Xiaoyue Duan; Yuan Zhiqiang; Ying Deng; Jiapei Zhang; Jinchao Zhang; Jie Zhou | Hongyan Fei,,"WeChat AI, Tencent Inc, China | Institute for Artificial Intelligence, Peking University",curated:b2fccf1dd66cc2d64374,Secret Lies in Color: Enhancing AI-Generated Images Detection with Color Distribution Analysis,2025,IEEE/CVF Conference on Computer Vision and Pattern Recognition,true,true,10,10,0,,2,https://doi.org/10.1109/cvpr52734.2025.01255,,W4413146372,https://doi.org/10.1109/cvpr52734.2025.01255
131,complete,,complete,No mapping action needed,none,confirmed,Nanjing University of Science and Technology,Ziye Wang; Minghang Yu; Chunyan Xu; Zhen Cui,,"Nanjing University of Science and Technology, Nanjing, China",curated:64a8313baef7cf1657c5,Semantic Discrepancy-Aware Detector for Image Forgery Identification,2025,IEEE/CVF International Conference on Computer Vision,true,true,4,4,0,,1,https://doi.org/10.1109/iccv51701.2025.01709,2508.12341,W4414487140,https://doi.org/10.1109/iccv51701.2025.01709
132,complete,,complete,No mapping action needed,none,missing,,,,,openalex:W4413144523,"SIDA: Social Media Image Deepfake Detection, Localization and Explanation with Large Multimodal Model",2025,IEEE/CVF Conference on Computer Vision and Pattern Recognition,true,false,9,9,0,,4,10.1109/cvpr52734.2025.02685,2412.04292,W4413144523,https://doi.org/10.1109/cvpr52734.2025.02685
133,complete,,complete,No mapping action needed,none,confirmed,Zhejiang University | Alibaba Group | Zhejiang University of Technology | Hangzhou High-Tech Zone (Binjiang) Institute of Blockchain and Data Security,Chengji Shen; Kaixuan Chen; Mingli Song; Zunlei Feng | Zhenjiang Liu | Jie Lei,,"State Key Laboratory of Blockchain and Data Security, Zhejiang University | Idlefish Network Technology, Alibaba Group | College of Computer Science and Technology, Zhejiang University of Technology | Hangzhou High-Tech Zone (Binjiang) Institute of Blockchain and Data Security",curated:a76d568cfe5c26b07933,Spatial-Temporal Reconstruction Error for AIGC-Based Forgery Image Detection,2025,"IEEE International Conference on Acoustics, Speech and Signal Processing",true,true,6,6,0,,4,https://doi.org/10.1109/icassp49660.2025.10890455,,W4408355373,https://doi.org/10.1109/icassp49660.2025.10890455
134,complete,,complete,No mapping action needed,none,confirmed,"Shanghai Artificial Intelligence Laboratory | Sun Yat-sen University | Beihang University | Shanghai Jiao Tong University | The Chinese University of Hong Kong, Shenzhen",Siwei Wen; Junyan Ye; Peilin Feng; Hengrui Kang; Zichen Wen; Jiang Wu; Conghui He; Weijia Li | Junyan Ye; Weijia Li | Siwei Wen; Wenjun Wu | Hengrui Kang; Zichen Wen | Yize Chen,,"1 Shanghai Artificial Intelligence Laboratory | 2 Sun Yat-Sen University | 3 Beijing Advanced Innovation Center for Future Blockchain and Privacy Computing, Beihang University | 4 Shanghai Jiao Tong University | 5 The Chinese University of Hong Kong, Shenzhen",curated:31a4d429d7c5750bd778,Spot the Fake: Large Multimodal Model-Based Synthetic Image Detection with Artifact Explanation,2025,Advances in Neural Information Processing Systems,true,true,10,10,0,,5,10.48550/arxiv.2503.14905,2503.14905,W4414902235,https://openreview.net/pdf?id=xLFYd1owiP
135,complete,,complete,No mapping action needed,none,confirmed,University of Wisconsin-Madison,Anirudh Sundara Rajan; Yong Jae Lee,,,curated:d040be3d1fb83a51311e,Stay-Positive: A Case for Ignoring Real Image Features in Fake Image Detection,2025,International Conference on Machine Learning,true,true,2,2,0,,1,10.48550/arxiv.2502.07778,2502.07778,W4407425880,https://openreview.net/pdf?id=VNLmfMJi3w
136,complete,,complete,No mapping action needed,none,confirmed,Centre for Research and Technology Hellas (CERTH),Despina Konstantinidou; Christos Koutlis; Symeon Papadopoulos,,"CERTH - ITI Thessaloniki, Greece",curated:56e9e085bbe0342dab35,TextureCrop: Enhancing Synthetic Image Detection Through Texture-Based Cropping,2025,IEEE/CVF Winter Conference on Applications of Computer Vision,true,true,3,3,0,,1,https://doi.org/10.1109/wacvw65960.2025.00160,,W4409917584,https://doi.org/10.1109/wacvw65960.2025.00160
137,complete,,complete,No mapping action needed,none,confirmed,Shanghai Jiao Tong University | Ant Group,Yikun Ji; Jiahui Zhan; Liqing Zhang; Jianfu Zhang | Yan Hong; Haoxing Chen; Jun Lan; Huijia Zhu; Weiqiang Wang,,"Shanghai Jiao Tong University, Shanghai, China | Ant Group, Hangzhou, China",curated:911d693997183535a4ac,Towards Explainable Fake Image Detection with Multi-Modal Large Language Models,2025,ACM International Conference on Multimedia,true,true,9,9,0,,2,10.1145/3746027.3755421,2504.14245,W4415536758,https://doi.org/10.1145/3746027.3755421
138,complete,,complete,No mapping action needed,none,missing,,,,,openalex:W4413144713,Towards Universal AI-Generated Image Detection by Variational Information Bottleneck Network,2025,IEEE/CVF Conference on Computer Vision and Pattern Recognition,true,false,6,6,0,,1,10.1109/cvpr52734.2025.02219,,W4413144713,https://doi.org/10.1109/cvpr52734.2025.02219
139,complete,,complete,No mapping action needed,none,confirmed,Wuhan University | Nanyang Technological University | NSFOCUS,Ziyou Liang; Weifeng Liu; Run Wang; Mengjie Wu; Yuyang Zhang; Lina Wang | Boheng Li | Xinyi Yang,,Wuhan University | Nanyang Technological University | NSFOCUS Technologies Group,curated:dc9126cc128e1b228717,Transfer Learning of Real Image Features with Soft Contrastive Loss for Fake Image Detection,2025,AAAI Conference on Artificial Intelligence,true,true,8,8,0,,3,10.1609/aaai.v39i25.34826,2403.16513,W4393213376,https://doi.org/10.1609/aaai.v39i25.34826
140,complete,,complete,No mapping action needed,none,confirmed,"University of Wisconsin–Madison | University of California, Berkeley | NEC Laboratories America",Haoyue Bai | Yiyou Sun | Wei Cheng; Haifeng Chen,,"University of Wisconsin–Madison | University of California, Berkeley | NEC Laboratories America",curated:ef5f9b419eef35c5c255,Where's the Liability in the Generative Era? Recovery-Based Black-Box Detection of AI-Generated Content,2025,IEEE/CVF Conference on Computer Vision and Pattern Recognition,true,true,4,4,0,,3,10.1109/cvpr52734.2025.02684,2505.01008,W4414769856,https://doi.org/10.1109/cvpr52734.2025.02684
141,complete,,complete,No mapping action needed,none,confirmed,University of Siena | Polytechnic University of Milan | University of Trento | University of Catania | Sapienza University of Rome,Pietro Bongini; Benedetta Tondi; Mauro Barni | Sara Mandelli; Paolo Bestagini | Andrea Montibeller; Giulia Boato; Francesco De Natale | Mirko Casu; Orazio Pontorno; Claudio Vittorio Ragaglia; Luca Guarnera; Sebastiano Battiato | Luca Zanchetta; Mattia Aquilina; Taiba Majid Wani; Irene Amerini,,"Department of Information Engineering and Mathematics, University of Siena, Italy | Department of Electronics, Informatics, and Bioengineering, Politecnico di Milano, Italy | Department of Information Engineering and Computer Science, University of Trento, Italy | Department of Mathematics and Computer Science, University of Catania, Italy | Department of Computer, Control and Management Engineering, Sapienza University of Rome, Italy",curated:90ac5206f85eaebc7203,WILD: A New In-the-Wild Image Linkage Dataset for Synthetic Image Attribution,2025,International Joint Conference on Neural Networks,true,true,17,17,0,,6,10.1109/ijcnn64981.2025.11227289,2504.19595,W4416252268,https://doi.org/10.1109/ijcnn64981.2025.11227289
142,complete,,complete,No mapping action needed,none,missing,,,,,openalex:W4393375171,A Guided-Based Approach for Deepfake Detection: RGB-Depth Integration via Features Fusion,2024,Pattern Recognition Letters,true,false,4,4,0,,1,10.1016/j.patrec.2024.03.025,,W4393375171,https://doi.org/10.1016/j.patrec.2024.03.025
143,complete,,complete,No mapping action needed,none,confirmed,University of Siena,Lydia Abady; Jun Wang; Benedetta Tondi; Mauro Barni,,University of Siena,curated:34d0af5286cad283526f,A Siamese-Based Verification System for Open-Set Architecture Attribution of Synthetic Images,2024,Pattern Recognition Letters,true,true,4,4,0,,1,10.1016/j.patrec.2024.03.002,2307.09822,W4392453284,https://doi.org/10.1016/j.patrec.2024.03.002
144,complete,,complete,No mapping action needed,none,confirmed,Nanjing University of Aeronautics and Astronautics | Shanghai Jiao Tong University,Jiaxuan Chen | Jieteng Yao; Li Niu,,,openalex:W4391555851,A Single Simple Patch is All You Need for AI-generated Image Detection,2024,arXiv,true,false,3,3,0,,2,10.48550/arxiv.2402.01123,2402.01123,W4391555851,https://openalex.org/W4391555851
145,complete,,complete,No mapping action needed,none,confirmed,Xi'an Jiaotong University | The Hong Kong Polytechnic University | Wuhan University,Jingyi Deng; Chenhao Lin; Zhengyu Zhao; Shuai Liu; Chao Shen | Zhe Peng | Qian Wang,,"School of Cyber Science and Engineering, Xi’an Jiaotong University, Xi’an, China; Research Center of Frontier Science and Technology, Xi’an Jiaotong University, Xi’an, China; School of Software Engineering, Xi’an Jiaotong University, Xi’an, China | Department of Industrial and Systems Engineering, The Hong Kong Polytechnic University, Hong Kong, Hong Kong | School of Cyber Science and Engineering, Wuhan University, Wuhan, China",openalex:W4400716502,"A Survey of Defenses Against AI-Generated Visual Media: Detection,Disruption, and Authentication",2024,arXiv,true,false,7,7,0,,3,10.48550/arxiv.2407.10575,2407.10575,W4400716502,https://openalex.org/W4400716502
146,complete,,complete,No mapping action needed,none,confirmed,Everest English Boarding Secondary School,Darshan Lamichhane,,"Everest English Boarding Secondary School, Butwal 32907, Nepal",openalex:W4405778887,Advanced Detection of AI-Generated Images Through Vision Transformers,2024,IEEE Access,true,false,1,1,0,,1,10.1109/access.2024.3522759,,W4405778887,https://doi.org/10.1109/access.2024.3522759
147,complete,,complete,No mapping action needed,none,confirmed,Ruhr University Bochum,Jonas Ricker; Denis Lukovnikov; Asja Fischer,,,curated:a0abee05e50398d03f2f,AEROBLADE: Training-Free Detection of Latent Diffusion Images Using Autoencoder Reconstruction Error,2024,IEEE/CVF Conference on Computer Vision and Pattern Recognition,true,true,3,3,0,,1,10.1109/cvpr52733.2024.00872,,W4402716434,https://doi.org/10.1109/cvpr52733.2024.00872
148,complete,,complete,No mapping action needed,none,missing,,,,,openalex:W4402917177,AI-Generated Image Detection With Wasserstein Distance Compression and Dynamic Aggregation,2024,IEEE International Conference on Image Processing,true,false,4,4,0,,1,10.1109/icip51287.2024.10648186,,W4402917177,https://doi.org/10.1109/icip51287.2024.10648186
149,complete,,complete,No mapping action needed,none,missing,,,,,openalex:W4404649743,AI-generated Image Detection: Passive or Watermark?,2024,arXiv,true,false,7,7,0,,2,10.48550/arxiv.2411.13553,2411.13553,W4404649743,https://openalex.org/W4404649743
150,complete,,complete,No mapping action needed,none,confirmed,"University of Florence | City, University of London | Queen Mary University of London",Dario Cioni; Lorenzo Seidenari | Christos Tzelepis | Dario Cioni; Ioannis Patras,,"University of Florence | City, University of London | Queen Mary, University of London",curated:8bc69db49ef4b9db3cd6,Are CLIP Features All You Need for Universal Synthetic Image Origin Attribution?,2024,European Conference on Computer Vision,true,true,4,4,0,,3,10.1007/978-3-031-92648-8_22,2408.09153,W4410889859,https://doi.org/10.1007/978-3-031-92648-8_22
151,complete,,complete,No mapping action needed,none,confirmed,"Institute of Automation, Chinese Academy of Sciences | University of Chinese Academy of Sciences | Communication University of China",Zheling Meng; Bo Peng; Jing Dong; Tieniu Tan | Zheling Meng; Jing Dong; Tieniu Tan | Haonan Cheng,,"New Laboratory of Pattern Recognition (NLPR), Institute of Automation, Chinese Academy of Sciences, Beijing 100190, China State Key Laboratory of Multimodal Artificial Intelligence Systems, Institute of Automation, Chinese Academy of Sciences, Beijing, 100190, China | School of Artificial Intelligence, University of Chinese Academy of Sciences, Beijing, 100049, China | State Key Laboratory of Media Convergence and Communication, Communication University of China, Beijing 100024, China",openalex:W4400624794,Artifact feature purification for cross-domain detection of AI-generated images,2024,Computer Vision and Image Understanding,true,false,5,5,0,,3,10.1016/j.cviu.2024.104078,2403.11172,W4400624794,https://doi.org/10.1016/j.cviu.2024.104078
152,complete,,complete,No mapping action needed,none,missing,,,,,openalex:W4415797310,Breaking Semantic Artifacts for Generalized AI-generated Image Detection,2024,Advances in Neural Information Processing Systems,true,false,7,7,0,,1,10.52202/079017-1903,,W4415797310,https://doi.org/10.52202/079017-1903
153,complete,,complete,No mapping action needed,none,confirmed,Nottingham Trent University,Jordan J. Bird; Ahmad Lotfi,,"Department of Computer Science, Nottingham Trent University, Nottingham, U.K.",curated:b698cb82df706d1a8c95,CIFAKE: Image Classification and Explainable Identification of AI-Generated Synthetic Images,2024,IEEE Access,true,true,2,2,0,,1,10.1109/access.2024.3356122,2303.14126,W4391019749,https://doi.org/10.1109/access.2024.3356122
154,complete,,complete,No mapping action needed,none,confirmed,University of Bergen,Sohail Ahmed Khan; Duc-Tien Dang-Nguyen,,,curated:253c210194ac9348f9e6,CLIPping the Deception: Adapting Vision-Language Models for Universal Deepfake Detection,2024,ACM International Conference on Multimedia Retrieval,true,true,2,2,0,,1,10.1145/3652583.3658035,,W4399418483,https://doi.org/10.1145/3652583.3658035
155,complete,,complete,No mapping action needed,none,confirmed,University of Modena and Reggio Emilia | University of Pisa | Leonardo S.p.A.,Federico Cocchi; Marcella Cornia; Lorenzo Baraldi; Rita Cucchiara | Lorenzo Baraldi; Federico Cocchi | Alessandro Nicolosi,,"University of Modena and Reggio Emilia, Modena, Italy | University of Pisa, Pisa, Italy | Leonardo S.p.A., Rome, Italy",curated:096573f365e37679c445,Contrasting Deepfakes Diffusion via Contrastive Learning and Global-Local Similarities,2024,European Conference on Computer Vision,true,true,5,5,0,,3,10.1007/978-3-031-73036-8_12,,W4404545428,https://doi.org/10.1007/978-3-031-73036-8_12
156,complete,,complete,No mapping action needed,none,confirmed,University of Wisconsin–Madison | University of Michigan,Ashish Hooda; Kassem Fawaz; Somesh Jha | Neal Mangaokar; Ryan Feng; Atul Prakash,,,curated:d740749676417c725798,D4: Detection of Adversarial Diffusion Deepfakes Using Disjoint Ensembles,2024,IEEE/CVF Winter Conference on Applications of Computer Vision,true,true,6,6,0,,2,10.1109/wacv57701.2024.00377,,W4394592995,https://doi.org/10.1109/wacv57701.2024.00377
157,complete,,complete,No mapping action needed,none,confirmed,"Beijing Jiaotong University | University of Nevada, Reno | The Chinese University of Hong Kong, Shenzhen",Chuangchuang Tan; RenShuai Tao; Huan Liu; Yao Zhao; Yunchao Wei | Ping Liu | Baoyuan Wu,,"Institute of Information Science, Beijing Jiaotong University, China; Beijing Key Laboratory of Advanced Information Science and Network Technology, China | CSE department, University of Nevada, Reno, USA | School of Data Science, The Chinese University of Hong Kong, Shenzhen (CUHK-Shenzhen), China",openalex:W4392737360,Data-Independent Operator: A Training-Free Artifact Representation Extractor for Generalizable Deepfake Detection,2024,arXiv,true,false,7,7,0,,3,10.48550/arxiv.2403.06803,2403.06803,W4392737360,https://openalex.org/W4392737360
158,complete,,complete,No mapping action needed,none,confirmed,Reichman University,Sergey Sinitsa; Ohad Fried,,Reichman University,curated:04932cb03f767948ddf4,Deep Image Fingerprint: Towards Low Budget Synthetic Image Detection and Model Lineage Analysis,2024,IEEE/CVF Winter Conference on Applications of Computer Vision,true,true,2,2,0,,1,10.1109/wacv57701.2024.00402,2303.10762,W4394597038,https://doi.org/10.1109/wacv57701.2024.00402
159,complete,,complete,No mapping action needed,none,confirmed,ISTI-CNR | CNIT | Universitas Mercatorum | NVIDIA AI Technology Center Italy,Davide Alessandro Coccomini; Claudio Gennaro; Giuseppe Amato; Fabrizio Falchi | Roberto Caldelli | Giuseppe Fiameni,,"Istituto di Scienza e Tecnologie dell'Informazione ""A. Faedo"", Consiglio Nazionale delle Ricerche, Pisa, Italy | CNIT, Florence, Italy | Universitas Mercatorum, Rome, Italy | NVIDIA AI Technology Center, Italy",openalex:W4393063559,Deepfake Detection Without Deepfakes: Generalization via Synthetic Frequency Patterns Injection,2024,arXiv,true,false,6,6,0,,4,10.48550/arxiv.2403.13479,2403.13479,W4393063559,https://openalex.org/W4393063559
160,complete,,complete,No mapping action needed,none,confirmed,BASIS International School Nanjing | Georgetown University,Yuming Chen | Maryam Yashtini,,"Basis International School Naning | Department of Mathematics and Statistics, Georgetown University, Washington DC, USA",openalex:W4407129617,Detecting AI Generated Images Through Texture and Frequency Analysis of Patches,2024,"2024 4th International Conference on Artificial Intelligence, Virtual Reality and Visualization",true,false,2,2,0,,2,10.1109/aivrv63595.2024.10860248,,W4407129617,https://doi.org/10.1109/aivrv63595.2024.10860248
161,complete,,complete,No mapping action needed,none,missing,,,,,openalex:W4394891207,Detecting AI-Generated Images via CLIP,2024,Research Square,true,false,3,3,0,,2,10.21203/rs.3.rs-4259468/v1,2404.08788,W4394891207,https://doi.org/10.21203/rs.3.rs-4259468/v1
162,complete,,complete,No mapping action needed,none,confirmed,Université Grenoble Alpes | French National Centre for Scientific Research | Grenoble INP,Ji Li; Kai Wang,,"Univ. Grenoble Alpes, CNRS, GIPSA-lab (France) | GIPSA-ACTIV - GIPSA - Apprentissage, Classification, Traitement d'Images et de Vidéos (GIPSA-lab, 11 rue des Mathématiques, Grenoble Campus BP46, F-38402 SAINT MARTIN D'HERES CEDEX - France) | Univ. Grenoble Alpes, CNRS, Grenoble INP, GIPSA-lab, 38000 Grenoble, France",curated:3864d12fe8df7b9cb19c,Detecting Computer-Generated Images by Using Only Real Images,2024,International Conference on Machine Vision,true,true,2,2,0,,3,10.1117/12.3055092,,W4403972496,https://doi.org/10.1117/12.3055092
163,complete,,complete,No mapping action needed,none,confirmed,University of Waterloo,Jonathan Gallagher; William Pugsley,,,openalex:W4399911107,Development of a Dual-Input Neural Model for Detecting AI-Generated Imagery,2024,arXiv,true,false,2,2,0,,1,10.48550/arxiv.2406.13688,2406.13688,W4399911107,https://openalex.org/W4399911107
164,complete,,complete,No mapping action needed,none,confirmed,Friedrich-Alexander-Universität Erlangen-Nürnberg | University of Naples Federico II,Lea Uhlenbrock; Denise Moussa; Christian Rieß | Davide Cozzolino; Luisa Verdoliva,,"Friedrich-Alexander University Erlangen-Nürnberg, Erlangen, Germany | Università degli Studi di Napoli Federico II, Naples, Italy",curated:19c7b91816312d2877c9,Did You Note My Palette? Unveiling Synthetic Images Through Color Statistics,2024,ACM Workshop on Information Hiding and Multimedia Security,true,true,5,5,0,,2,10.1145/3658664.3659652,,W4399556631,https://doi.org/10.1145/3658664.3659652
165,complete,,complete,No mapping action needed,none,confirmed,"Yonsei University, Sinchon Campus | Purdue University | Miraflow | TrueMedia.org",Yewon Lim; Changyeon Lee | Yewon Lim; Changyeon Lee; Aerin Kim | Aerin Kim; Oren Etzioni,,"Department of Computer Science and Engineering, Yonsei University, Seoul, Republic of Korea | Computer and Information Technology, Purdue University, West Lafayette, IN, United States | Miraflow, Kirkland, WA, United States | TrueMedia.org, Seattle, WA, United States",curated:87ef976b546206fde199,"DistilDIRE: A Small, Fast, Cheap and Lightweight Diffusion Synthesized Deepfake Detection",2024,International Conference on Machine Learning,true,true,4,4,0,,4,10.48550/arxiv.2406.00856,2406.00856,W4399399328,https://openreview.net/pdf?id=OiPHxdXei1
166,complete,,complete,No mapping action needed,none,confirmed,Alibaba Group | Shenzhen Campus of Sun Yat-sen University,Baoying Chen; Jishen Zeng; Rui Yang | Jianquan Yang,,"Alibaba Group | School of Cyber Science and Technology, Shenzhen Campus of Sun Yat-sen University, Shenzhen, China",curated:3c8696103d9d5e608281,DRCT: Diffusion Reconstruction Contrastive Training Towards Universal Detection of Diffusion Generated Images,2024,International Conference on Machine Learning,true,true,4,4,0,,2,,,,https://openreview.net/pdf?id=oRLwyayrh1
167,complete,,complete,No mapping action needed,none,missing,,,,,openalex:W4394624427,Enhancing the Generalization of Synthetic Image Detection Models Through the Exploration of Features in Deep Detection Models,2024,Iranian/3rd International Machine Vision and Image Processing Conference,true,false,3,3,0,,2,10.1109/mvip62238.2024.10491148,,W4394624427,https://doi.org/10.1109/mvip62238.2024.10491148
168,complete,,complete,No mapping action needed,none,confirmed,Centre for Research and Technology Hellas (CERTH) | French National Centre for Scientific Research | Paris-Saclay University | Centre Borelli | Agence France-Presse | ENS Paris-Saclay,Dimitrios Karageorgiou; Symeon Papadopoulos | Quentin Bammey | Valentin Porcellini; Bertrand Goupil; Denis Teyssou,,"Information Technologies Institute, CERTH, Greece | CNRS | Université Paris-Saclay, ENS Paris-Saclay | Centre Borelli | Agence France-Presse, France | Université Paris-Saclay, ENS Paris-Saclay, CNRS, Centre Borelli, France",curated:3312da81174f7d411081,Evolution of Detection Performance Throughout the Online Lifespan of Synthetic Images,2024,European Conference on Computer Vision,true,true,6,6,0,,9,10.1007/978-3-031-92648-8_24,,W4410888267,https://doi.org/10.1007/978-3-031-92648-8_24
169,complete,,complete,No mapping action needed,none,confirmed,University of Naples Federico II,Vincenzo De Rosa; Fabrizio Guillaro; Giovanni Poggi; Davide Cozzolino; Luisa Verdoliva,,"University Federico II of Naples, Italy",openalex:W4405845641,Exploring the Adversarial Robustness of CLIP for AI-generated Image Detection,2024,IEEE International Workshop on Information Forensics and Security,true,false,5,5,0,,1,10.1109/wifs61860.2024.10810719,2407.19553,W4405845641,https://doi.org/10.1109/wifs61860.2024.10810719
170,complete,,complete,No mapping action needed,none,confirmed,Fraunhofer Institute for Industrial Mathematics ITWM | Offenburg University of Applied Sciences | University of Mannheim,Patrick Grommelt; Louis Weiss; Franz-Josef Pfreundt | Patrick Grommelt; Louis Weiss; Janis Keuper | Janis Keuper,,"Competence Center High Performance Computing, Fraunhofer ITWM, Kaiserslautern, Germany | Institute of Machine Learning and Analysis (IMLA), Offenburg University, Offenburg, Germany | University of Mannheim, Mannheim, Germany",curated:7e8fbc2874cf4cebfcc9,Fake or JPEG? Revealing Common Biases in Generated Image Detection Datasets,2024,European Conference on Computer Vision,true,true,4,4,0,,3,10.1007/978-3-031-92089-9_6,2403.17608,W4410706528,https://doi.org/10.1007/978-3-031-92089-9_6
171,complete,,complete,No mapping action needed,none,confirmed,Massachusetts Institute of Technology | Google Research,George Cazenavette | Avneesh Sud; Thomas Leung; Ben Usman,,Massachusetts Institute of Technology | Google Research,curated:1eef07ebb6bd7e596f61,FakeInversion: Learning to Detect Images from Unseen Text-to-Image Models by Inverting Stable Diffusion,2024,IEEE/CVF Conference on Computer Vision and Pattern Recognition,true,true,4,4,0,,2,10.1109/cvpr52733.2024.01023,2406.08603,W4402726899,https://doi.org/10.1109/cvpr52733.2024.01023
172,complete,,complete,No mapping action needed,none,missing,,,,,openalex:W4405021796,FAMSeC: A Few-Shot-Sample-Based General AI-Generated Image Detection Method,2024,IEEE Signal Processing Letters,true,false,5,5,0,,3,10.1109/lsp.2024.3511421,2410.13156,W4405021796,https://doi.org/10.1109/lsp.2024.3511421
173,complete,,complete,No mapping action needed,none,confirmed,Sapienza University of Rome,Romeo Lanzino; Federico Fontana; Anxhelo Diko; Marco Raoul Marini; Luigi Cinque,,"Department of Computer Science, Sapienza University of Rome, Via Salaria 113, 00198 Rome, Italy",curated:25c76f83f95efc6207a4,Faster Than Lies: Real-Time Deepfake Detection Using Binary Neural Networks,2024,IRIS Research product catalog (Sapienza University of Rome),true,true,5,5,0,,1,10.1109/cvprw63382.2024.00381,,W4402916679,https://doi.org/10.1109/cvprw63382.2024.00381
174,complete,,complete,No mapping action needed,none,confirmed,Polytechnic University of Hauts-de-France | University of Rennes | Sorbonne University Abu Dhabi,Mamadou Keita; Hessen Bougueffa Eutamene; Abdelmalik Taleb-Ahmed | Wassim Hamidouche | Abdenour Hadid,,"Laboratory of IEMN, Univ. Polytechnique Hauts-de-France, Valenciennes, France | Univ. Rennes, INSA Rennes, CNRS, IETR - UMR 6164, Rennes, France | Sorbonne Center for Artificial Intelligence, Sorbonne University Abu Dhabi, Abu Dhabi, UAE",curated:ce200a9a7aa3dee36fc7,FIDAVL: Fake Image Detection and Attribution Using Vision-Language Model,2024,27th International Conference on Pattern Recognition (ICPR),true,true,5,5,0,,3,10.1007/978-3-031-78305-0_11,2409.03109,W4404943083,https://doi.org/10.1007/978-3-031-78305-0_11
175,complete,,complete,No mapping action needed,none,missing,,,,,openalex:W4402753859,Forgery-aware Adaptive Transformer for Generalizable Synthetic Image Detection,2024,IEEE/CVF Conference on Computer Vision and Pattern Recognition,true,false,6,6,0,,2,10.1109/cvpr52733.2024.01024,2312.16649,W4402753859,https://doi.org/10.1109/cvpr52733.2024.01024
176,complete,,complete,No mapping action needed,none,confirmed,Singapore University of Technology and Design,Chandler Timm Doloriel; Ngai-Man Cheung,,,curated:c9485f4d5346304272f2,Frequency Masking for Universal Deepfake Detection,2024,"IEEE International Conference on Acoustics, Speech and Signal Processing",true,true,2,2,0,,1,10.1109/icassp48485.2024.10446290,2401.06506,W4392904043,https://doi.org/10.1109/icassp48485.2024.10446290
177,complete,,complete,No mapping action needed,none,missing,,,,,openalex:W4405895672,High-Resolution Network-Based Multi-Feature Fusion for Generalized Forgery Detection,2024,Multimedia Systems,true,false,5,5,0,,1,https://doi.org/10.1007/s00530-024-01626-z,,W4405895672,https://doi.org/10.1007/s00530-024-01626-z
178,complete,,complete,No mapping action needed,none,confirmed,Rutgers University | Sony AI | University of Massachusetts Amherst,Zhenting Wang; Dimitris N. Metaxas | Vikash Sehwag; Chen Chen; Lingjuan Lyu | Shiqing Ma,,Rutgers University | Sony Ai | University of Massachusetts at Amherst,curated:b65aca5f04f1f41ad725,How to Trace Latent Generative Model Generated Images Without Artificial Watermark?,2024,International Conference on Machine Learning,true,true,6,6,0,,3,10.48550/arxiv.2405.13360,2405.13360,W4398795245,https://openreview.net/pdf?id=TwZ2sY6eJj
179,complete,,complete,No mapping action needed,none,confirmed,Queen Mary University of London | AI Foundation and Algorithm Lab | HSE University | Noeon Research | Skolkovo Institute of Science and Technology | CNRS | St. Petersburg Department of the Steklov Institute of Mathematics | University College London | Paris Cité University,Tatiana Gaintseva; Greg Slabaugh | Laida Kushnareva; Irina Piontkovskaya | German Magai | Serguei Barannikov | Sergey Nikolenko | Martin Benning,,"Digital Environment Research Institute, Queen Mary University of London, UK | AI Foundation and Algorithm Lab, Russia | HSE University, Russia | Noeon Research, Japan | Skolkovo Institute of Science and Technology, Russia | CNRS, Université Paris Cité, France | St. Petersburg Department of the Steklov Institute of Mathematics, Russia | Department of Computer Science, University College London, UK",curated:fa317ff4ccce609227c0,Improving Interpretability and Robustness for the Detection of AI-Generated Images,2024,arXiv,true,true,8,8,0,,9,10.48550/arxiv.2406.15035,2406.15035,W4399991031,https://openalex.org/W4399991031
180,complete,,complete,No mapping action needed,none,missing,,,,,openalex:W4401287425,IPD-Net: Detecting AI-Generated Images via Inter-Patch Dependencies,2024,International Journal of Advanced Computer Science and Applications,true,false,4,4,0,,2,10.14569/ijacsa.2024.01507133,,W4401287425,https://doi.org/10.14569/ijacsa.2024.01507133
181,complete,,complete,No mapping action needed,none,confirmed,Centre for Research and Technology Hellas (CERTH),Christos Koutlis; Symeon Papadopoulos,,"CERTH-ITI Thessaloniki, Greece",curated:f4dc0d6926d1f0237453,Leveraging Representations from Intermediate Encoder-Blocks for Synthetic Image Detection,2024,European Conference on Computer Vision,true,true,2,2,0,,1,10.1007/978-3-031-73220-1_23,2402.19091,W4404002774,https://doi.org/10.1007/978-3-031-73220-1_23
182,complete,,complete,No mapping action needed,none,confirmed,University of Southern California | USC Information Sciences Institute | Clemson University,Hae Jin Song; Mahyar Khayatkhoei | Wael AbdAlmageed,,University of Southern California,curated:34fdf09ae334914a2723,ManiFPT: Defining and Analyzing Fingerprints of Generative Models,2024,IEEE/CVF Conference on Computer Vision and Pattern Recognition,true,true,3,3,0,,3,10.1109/cvpr52733.2024.01026,2402.10401,W4402702998,https://doi.org/10.1109/cvpr52733.2024.01026
183,complete,,complete,No mapping action needed,none,confirmed,Paris-Saclay University | Institute for Pure and Applied Mathematics (IMPA) | City University of Hong Kong,Yanhao Li; Quentin Bammey; Tina Nikoukhah; Miguel Colom; Rafael Grompone von Gioi | Marina Gardella | Jean-Michel Morel,,"Université Paris-Saclay, ENS Paris-Saclay, CNRS, Centre Borelli, Gif-sur-Yvette, 91190 France | Instituto de Matemática Pura e Aplicada, Rio de Janeiro, Brazil (IMPA) | City University of Hong Kong, Department of Mathematics, Kowloon, Hong Kong",curated:f523af1f7fe7b16fda75,MaskSim: Detection of Synthetic Images by Masked Spectrum Similarity Analysis,2024,Zenodo,true,true,7,7,0,,3,10.1109/cvprw63382.2024.00390,,W4402916521,https://doi.org/10.1109/cvprw63382.2024.00390
184,complete,,complete,No mapping action needed,none,missing,,,,,openalex:W4392623241,Mastering Deepfake Detection: A Cutting-edge Approach to Distinguish GAN and Diffusion-model Images,2024,"ACM Transactions on Multimedia Computing, Communications, and Applications",true,false,3,3,0,,2,10.1145/3652027,,W4392623241,https://doi.org/10.1145/3652027
185,complete,,complete,No mapping action needed,none,missing,,,,,openalex:W4391433395,MDTL-NET: Computer-Generated Image Detection Based on Multi-Scale Deep Texture Learning,2024,Expert Systems with Applications,true,false,6,6,0,,3,10.1016/j.eswa.2024.123368,,W4391433395,https://doi.org/10.1016/j.eswa.2024.123368
186,complete,,complete,No mapping action needed,none,confirmed,Shanghai Jiao Tong University,Zihan Liu; Hanyi Wang; Yaoyu Kang; Shilin Wang,,,curated:9a84f4f666bcdda92186,Mixture of Low-Rank Experts for Transferable AI-Generated Image Detection,2024,arXiv,true,true,4,4,0,,1,10.48550/arxiv.2404.04883,2404.04883,W4394664218,https://openalex.org/W4394664218
187,complete,,complete,No mapping action needed,none,missing,,,,,openalex:W4395447483,MMGANGuard: A Robust Approach for Detecting Fake Images Generated by GANs Using Multi-Model Techniques,2024,IEEE Access,true,false,5,5,0,,2,10.1109/access.2024.3393842,,W4395447483,https://doi.org/10.1109/access.2024.3393842
188,complete,,complete,No mapping action needed,none,confirmed,University of Catania,Orazio Pontorno; Luca Guarnera; Sebastiano Battiato,,,curated:8603d8942c241dd876ed,On the Exploitation of DCT-Traces in the Generative-AI Domain,2024,IEEE International Conference on Image Processing,true,true,3,3,0,,1,10.1109/icip51287.2024.10648013,,W4402915445,https://doi.org/10.1109/icip51287.2024.10648013
189,complete,,complete,No mapping action needed,none,confirmed,University of Modena and Reggio Emilia | University of Pisa | University of Florence | Institute of Informatics and Telematics of the National Research Council of Italy,Roberto Amoroso; Davide Morelli; Marcella Cornia; Lorenzo Baraldi; Rita Cucchiara | Davide Morelli | Alberto Del Bimbo | Rita Cucchiara,,"University of Modena and Reggio Emilia, Modena, Italy | University of Pisa, Pisa, Italy | University of Florence, Florence, Italy | IIT-CNR, Pisa, Italy",curated:c3041d4480f5780e7492,Parents and Children: Distinguishing Multimodal Deepfakes from Natural Images,2024,"ACM Transactions on Multimedia Computing, Communications, and Applications",true,true,6,6,0,,4,10.1145/3665497,,W4398184526,https://doi.org/10.1145/3665497
190,complete,,complete,No mapping action needed,none,confirmed,University of Naples Federico II | Technical University of Munich,Davide Cozzolino; Giovanni Poggi; Riccardo Corvi; Luisa Verdoliva | Matthias Nießner; Luisa Verdoliva,,University Federico II of Naples | Technical University of Munich,openalex:W4402915983,Raising the Bar of AI-generated Image Detection with CLIP,2024,IEEE/CVF Conference on Computer Vision and Pattern Recognition,true,false,5,5,0,,2,10.1109/cvprw63382.2024.00439,2312.00195,W4402915983,https://doi.org/10.1109/cvprw63382.2024.00439
191,complete,,complete,No mapping action needed,none,confirmed,The Hebrew University of Jerusalem,Bar Cavia; Eliahu Horwitz; Tal Reiss; Yedid Hoshen,,"School of Computer Science and Engineering, The Hebrew University of Jerusalem, Israel",curated:7e4d63017f1419256211,Real-Time Deepfake Detection in the Real-World,2024,arXiv,true,true,4,4,0,,1,10.48550/arxiv.2406.09398,2406.09398,W4399695946,https://openalex.org/W4399695946
192,complete,,complete,No mapping action needed,none,missing,,,,,openalex:W4402716164,Rethinking the Up-Sampling Operations in CNN-Based Generative Network for Generalizable Deepfake Detection,2024,IEEE/CVF Conference on Computer Vision and Pattern Recognition,true,false,7,7,0,,3,10.1109/cvpr52733.2024.02657,2312.10461,W4402716164,https://doi.org/10.1109/cvpr52733.2024.02657
193,complete,,complete,No mapping action needed,none,missing,,,,,openalex:W4403792090,SemGIR: Semantic-Guided Image Regeneration Based Method for AI-generated Image Detection and Attribution,2024,ACM International Conference on Multimedia,true,false,9,9,0,,2,10.1145/3664647.3680776,,W4403792090,https://doi.org/10.1145/3664647.3680776
194,complete,,complete,No mapping action needed,none,confirmed,University of Illinois Urbana-Champaign | Toyota Technological Institute at Chicago,Ayush Sarkar; Hanlin Mai; Amitabh Mahapatra; Svetlana Lazebnik; David Forsyth | Anand Bhattad,,,curated:b286f4a33839eed35258,Shadows Don't Lie and Lines Can't Bend! Generative Models Don't Know Projective Geometry…for Now,2024,IEEE/CVF Conference on Computer Vision and Pattern Recognition,true,true,6,6,0,,2,10.1109/cvpr52733.2024.02658,,W4402754249,https://doi.org/10.1109/cvpr52733.2024.02658
195,complete,,complete,No mapping action needed,none,confirmed,Xiamen University,Ziyin Zhou; Ke Sun; Zhongxi Chen; Huafeng Kuang; Xiaoshuai Sun; Rongrong Ji,,"Key Laboratory of Multimedia Trusted Perception and Efficient Computing, Ministry of Education of China, Xiamen University, Xiamen, Fujian, China",curated:b7664c48f91262cfe091,StealthDiffusion: Towards Evading Diffusion Forensic Detection Through Diffusion Model,2024,ACM International Conference on Multimedia,true,true,6,6,0,,1,10.1145/3664647.3681535,,W4403780693,https://doi.org/10.1145/3664647.3681535
196,complete,,complete,No mapping action needed,none,missing,,,,,openalex:W4393972628,Synthetic Image Verification in the Era of Generative Artificial Intelligence: What Works and What Isn’t There yet,2024,IEEE Security & Privacy,true,false,6,6,0,,2,10.1109/msec.2024.3376637,,W4393972628,https://doi.org/10.1109/msec.2024.3376637
197,complete,,complete,No mapping action needed,none,confirmed,Wuhan University,Caiyun Xie; Dengpan Ye; Yunming Zhang; Long Tang; Yunna Lv; Jiacheng Deng; Jiawei Song,,"Key Laboratory of Aerospace Information Security and Trusted Computing, Ministry of Education, School of Cyber Science and Engineering, Wuhan University, China, 430072",openalex:W4405254427,Take Fake as Real: Realistic-Like Robust Black-Box Adversarial Attack to Evade AIGC Detection,2024,arXiv,true,false,7,7,0,,1,10.48550/arxiv.2412.06727,2412.06727,W4405254427,https://openalex.org/W4405254427
198,complete,,complete,No mapping action needed,none,confirmed,"East China Normal University | Nanyang Technological University | Agency for Science, Technology and Research | New York University | Wuhan University",Di Yang; Geguang Pu | Yihao Huang; Xiaojun Jia; Yang Liu | Qing Guo | Felix Juefei-Xu | Run Wang,,"2 Nanyang Technological University, Singapore | 3 CFAR and IHPC, Agency for Science, Technology and Research (A*STAR), Singapore",openalex:W4399151866,Text Modality Oriented Image Feature Extraction for Detecting Diffusion-Based DeepFake,2024,arXiv,true,false,8,8,0,,5,10.48550/arxiv.2405.18071,2405.18071,W4399151866,https://openalex.org/W4399151866
199,complete,,complete,No mapping action needed,none,confirmed,University of Florence,Luca Bindini; Giulia Bertazzini; Daniele Baracchi; Dasara Shullani; Paolo Frasconi; Alessandro Piva,,"Department of Information Engineering, University of Florence, Italy",curated:e058b4e851ac44180d82,Tiny Autoencoders Are Effective Few-Shot Generative Model Detectors,2024,Florence Research (University of Florence),true,true,6,6,0,,1,10.1109/wifs61860.2024.10810686,,W4405846636,https://doi.org/10.1109/wifs61860.2024.10810686
200,complete,,complete,No mapping action needed,none,confirmed,Carnegie Mellon University | The Hong Kong Polytechnic University,Chengdong Dong; Vijayakumar Bhagavatula | Chengdong Dong; Zhenyu Zhou; Ajay Kumar,,"Department of Electrical and Computer Engineering, Carnegie Mellon University | Department of Data Science and Artificial Intelligence, The Hong Kong Polytechnic University",curated:d9f9207830bec1da388f,Towards More Accurate Fake Detection on Images Generated from Advanced Generative and Neural Rendering Models,2024,arXiv,true,true,4,4,0,,2,10.48550/arxiv.2411.08642,2411.08642,W4404407873,https://openalex.org/W4404407873
201,complete,,complete,No mapping action needed,none,confirmed,IBM Thomas J. Watson Research Center | National Taiwan University,Chung-Ting Tsai; Ching-Yun Ko; I-Hsin Chung; Pin-Yu Chen | Chung-Ting Tsai; Yu-Chiang Frank Wang,,IBM Thomas J. Watson Research Center,curated:fe2c4c4c423cdd91d6d3,Understanding and Improving Training-Free AI-Generated Image Detections with Vision Foundation Models,2024,arXiv,true,true,5,5,0,,2,10.48550/arxiv.2411.19117,2411.19117,W4405030035,https://openalex.org/W4405030035
202,complete,,complete,No mapping action needed,none,missing,,,,,openalex:W4393379633,Unsupervised Generative Fake Image Detector,2024,IEEE Transactions on Circuits and Systems for Video Technology,true,false,4,4,0,,2,10.1109/tcsvt.2024.3383833,,W4393379633,https://doi.org/10.1109/tcsvt.2024.3383833
203,complete,,complete,No mapping action needed,none,confirmed,University of Oxford | Nanyang Technological University,Fengyuan Liu; Haochen Luo; Philip Torr; Jindong Gu | Yiming Li,,"University of Oxford, Oxford OX1 3PJ, United Kingdom | Nanyang Technological University, Singapore 639798, Singapore",curated:98c0322e2f8dd41d3e9e,Which Model Generated This Image? A Model-Agnostic Approach for Origin Attribution,2024,European Conference on Computer Vision,true,true,5,5,0,,2,10.1007/978-3-031-73033-7_16,,W4403906547,https://doi.org/10.1007/978-3-031-73033-7_16
204,complete,,complete,No mapping action needed,none,missing,,,,,openalex:W4399261595,Whodunit: Detection and Attribution of Synthetic Images by Leveraging Model-specific Fingerprints,2024,ACM International Workshop on Multimedia AI against Disinformation,true,false,4,4,0,,2,10.1145/3643491.3660280,,W4399261595,https://doi.org/10.1145/3643491.3660280
205,complete,,complete,No mapping action needed,none,missing,,,,,openalex:W4402352361,X-Transfer: A Transfer Learning-Based Framework for GAN-Generated Fake Image Detection,2024,International Joint Conference on Neural Networks,true,false,8,8,0,,5,10.1109/ijcnn60899.2024.10650566,2310.04639,W4402352361,https://doi.org/10.1109/ijcnn60899.2024.10650566
206,complete,,complete,No mapping action needed,none,confirmed,École Polytechnique,Xi Wang; Vicky Kalogeiton,,"LIX, CNRS, École Polytechnique, IP Paris, Paris, France",curated:a6f370defb21b2e07381,Your Diffusion Model Is an Implicit Synthetic Image Detector,2024,European Conference on Computer Vision,true,true,2,2,0,,1,10.1007/978-3-031-92648-8_25,,W4403147633,https://doi.org/10.1007/978-3-031-92648-8_25
207,complete,,complete,No mapping action needed,none,confirmed,University of Naples Federico II | Technical University of Munich,Davide Cozzolino; Giovanni Poggi; Luisa Verdoliva | Matthias Nießner; Luisa Verdoliva,,"University Federico II of Naples, 80125, Naples, Italy | Technical University of Munich, 85748, Garching, Germany",curated:b4ea75d79604aba80b50,Zero-Shot Detection of AI-Generated Images,2024,European Conference on Computer Vision,true,true,4,4,0,,2,10.1007/978-3-031-72649-1_4,2409.15875,W4402952411,https://doi.org/10.1007/978-3-031-72649-1_4
208,complete,,complete,No mapping action needed,none,confirmed,CISPA Helmholtz Center for Information Security,Zeyang Sha; Yicong Tan; Mingjie Li; Michael Backes; Yang Zhang,,"CISPA Helmholtz Center for Information Security, Saarbrücken, Germany",curated:a87d86d7032f5a751004,ZeroFake: Zero-Shot Detection of Fake Images Generated and Edited by Text-to-Image Generation Models,2024,Figshare,true,true,5,5,0,,1,10.1145/3658644.3690297,,W4405183175,https://doi.org/10.1145/3658644.3690297
209,complete,,complete,No mapping action needed,none,missing,,,,,openalex:W4388820663,AI-Generated Image Detection using a Cross-Attention Enhanced Dual-Stream Network,2023,Asia Pacific Signal and Information Processing Association Annual Summit and Conference,true,false,5,5,0,,1,10.1109/apsipaasc58517.2023.10317126,2306.07005,W4388820663,https://doi.org/10.1109/apsipaasc58517.2023.10317126
210,complete,,complete,No mapping action needed,none,confirmed,Bangladesh University of Engineering and Technology,Md Awsafur Rahman; Bishmoy Paul; Najibul Haque Sarker; Zaber Ibn Abdul Hakim; Shaikh Anowarul Fattah,,"Dept. of EEE, BUET, Bangladesh",openalex:W4386590429,Artifact: A Large-Scale Dataset With Artificial And Factual Images For Generalizable And Robust Synthetic Image Detection,2023,IEEE International Conference on Image Processing,true,false,5,5,0,,2,10.1109/icip49359.2023.10222083,2302.11970,W4386590429,https://doi.org/10.1109/icip49359.2023.10222083
211,complete,,complete,No mapping action needed,none,confirmed,Xi'an Jiaotong University | Singapore Management University | University of Southampton | Harbin Institute of Technology | Pengcheng Laboratory,Yabin Wang; Xiaopeng Hong | Yabin Wang; Zhiwu Huang | Zhiwu Huang | Xiaopeng Hong,,"Xi’an Jiaotong University, P. R. China | Singapore Management University, Singapore | University of Southampton, United Kingdom | Harbin Institute of Technology, P. R. China | Pengcheng Laboratory, P. R. China",openalex:W4322760013,Benchmarking Deepart Detection,2023,arXiv,true,false,3,3,0,,5,10.48550/arxiv.2302.14475,2302.14475,W4322760013,https://openalex.org/W4322760013
212,complete,,complete,No mapping action needed,none,confirmed,CISPA Helmholtz Center for Information Security | Salesforce Research,Zeyang Sha; Zheng Li; Yang Zhang | Ning Yu,,"CISPA Helmholtz Center for Information Security, Saarbrücken, Germany | Salesforce Research, Palo Alto, CA, USA",openalex:W4388858946,DE-FAKE: Detection and Attribution of Fake Images Generated by Text-to-Image Generation Models,2023,ACM SIGSAC Conference on Computer and Communications Security,true,false,4,4,0,,2,10.1145/3576915.3616588,2210.06998,W4388858946,https://doi.org/10.1145/3576915.3616588
213,complete,,complete,No mapping action needed,none,confirmed,Chongqing University of Posts and Telecommunications | University of Alabama at Birmingham | Alipurduar Government Engineering and Management College,Wentao Wang; Xuanyao Huang | Tianyang Wang | Swalpa Kumar Roy,,"School of Automation, Chongqing University of Posts and Telecommunications, Chongqing, 400065, Chongqing, China | Department of Computer Science, University of Alabama at Birmingham, Birmingham, 35294, AL, USA | Department of Computer Science and Engineering, Alipurduar Government Engineering and Management College, Alipurduar, 736206, West Bengal, India",curated:e952f6b86662d0a4372a,DeepArt: A Benchmark to Advance Fidelity Research in AI-Generated Content,2023,arXiv,true,true,4,4,0,,3,10.48550/arxiv.2312.10407,2312.10407,W4389983109,https://openalex.org/W4389983109
214,complete,,complete,No mapping action needed,none,missing,,,,,openalex:W4390191016,Detecting Images Generated by Deep Diffusion Models Using Their Local Intrinsic Dimensionality,2023,IEEE/CVF International Conference on Computer Vision,true,false,3,3,0,,2,10.1109/iccvw60793.2023.00051,,W4390191016,https://doi.org/10.1109/iccvw60793.2023.00051
215,complete,,complete,No mapping action needed,none,confirmed,Zhejiang University,Yichi Zhang; Xiaogang Xu,,,openalex:W4389421609,Diffusion Noise Feature: Accurate and Fast Generated Image Detection,2023,arXiv,true,false,2,2,0,,1,10.48550/arxiv.2312.02625,2312.02625,W4389421609,https://openalex.org/W4389421609
216,complete,,complete,No mapping action needed,none,confirmed,"University of Science and Technology of China | Microsoft Research Asia | Institute of Artificial Intelligence, Hefei Comprehensive National Science Center | Merchants Union Consumer Finance Company",Zhendong Wang; Wengang Zhou; Weilun Wang; Hezhen Hu; Houqiang Li | Jianmin Bao | Wengang Zhou; Houqiang Li | Hong Chen,,"CAS Key Laboratory of GIPAS, EEIS Department, University of Science and Technology of China | Microsoft Research Asia | Institute of Artificial Intelligence, Hefei Comprehensive National Science Center | Merchants Union Consumer Finance Company",curated:5d3c6fda5b268e0153ec,DIRE for Diffusion-Generated Image Detection,2023,IEEE/CVF International Conference on Computer Vision,true,true,7,7,0,,4,10.1109/iccv51070.2023.02051,2303.09295,W4390873235,https://doi.org/10.1109/iccv51070.2023.02051
217,complete,,complete,No mapping action needed,none,missing,,,,,openalex:W4388002730,Exposing Fake Images Generated by Text-to-Image Diffusion Models,2023,Pattern Recognition Letters,true,false,6,6,0,,4,10.1016/j.patrec.2023.10.021,,W4388002730,https://doi.org/10.1016/j.patrec.2023.10.021
218,complete,,complete,No mapping action needed,none,confirmed,Huawei Noah's Ark Lab,Mingjian Zhu; Hanting Chen; Mouxiao Huang; Wei Li; Hailin Hu; Jie Hu; Yunhe Wang,,,openalex:W4389820666,GenDet: Towards Good Generalizations for AI-Generated Image Detection,2023,arXiv,true,false,7,7,0,,1,10.48550/arxiv.2312.08880,2312.08880,W4389820666,https://openalex.org/W4389820666
219,complete,,complete,No mapping action needed,none,confirmed,Huawei Noah's Ark Lab,Mingjian Zhu; Hanting Chen; Qiangyu Yan; Xudong Huang; Guanyu Lin; Wei Li; Zhijun Tu; Hailin Hu; Jie Hu; Yunhe Wang,,,curated:9c21b43f9681feb53a21,GenImage: A Million-Scale Benchmark for Detecting AI-Generated Image,2023,Advances in Neural Information Processing Systems,true,true,10,10,0,,1,10.52202/075280-3398,2306.08571,W7133207051,https://doi.org/10.52202/075280-3398
220,complete,,complete,No mapping action needed,none,missing,,,,,openalex:W4386590781,GLFF: Global and Local Feature Fusion for AI-Synthesized Image Detection,2023,IEEE Transactions on Multimedia,true,false,5,5,0,,3,10.1109/tmm.2023.3313503,2211.08615,W4386590781,https://doi.org/10.1109/tmm.2023.3313503
221,complete,,complete,No mapping action needed,none,missing,,,,,openalex:W4367000238,Improving Synthetically Generated Image Detection in Cross-Concept Settings,2023,ACM International Workshop on Multimedia AI against Disinformation,true,false,4,4,0,,2,10.1145/3592572.3592846,2304.12053,W4367000238,https://doi.org/10.1145/3592572.3592846
222,complete,,complete,No mapping action needed,none,missing,,,,,openalex:W4386075954,Learning on Gradients: Generalized Artifacts Representation for GAN-Generated Images Detection,2023,IEEE/CVF Conference on Computer Vision and Pattern Recognition,true,false,5,5,0,,3,10.1109/cvpr52729.2023.01165,,W4386075954,https://doi.org/10.1109/cvpr52729.2023.01165
223,complete,,complete,No mapping action needed,none,missing,,,,,openalex:W4385800597,Open Set Classification of GAN-Based Image Manipulations via a ViT-Based Hybrid Architecture,2023,IEEE/CVF Conference on Computer Vision and Pattern Recognition,true,false,4,4,0,,1,10.1109/cvprw59228.2023.00102,,W4385800597,https://doi.org/10.1109/cvprw59228.2023.00102
224,complete,,complete,No mapping action needed,none,confirmed,Drexel University,Shengbang Fang; Tai D. Nguyen; Matthew C. Stamm,,"ECE Department, Drexel University, Philadelphia, PA, USA",curated:5a91cc922c8a3c4c3d0c,Open Set Synthetic Image Source Attribution,2023,arXiv,true,true,3,3,0,,1,10.48550/arxiv.2308.11557,2308.11557,W4386114393,https://openalex.org/W4386114393
225,complete,,complete,No mapping action needed,none,confirmed,"Institute of Computing Technology, Chinese Academy of Sciences | University of Chinese Academy of Sciences | Zhejiang Lab",Tianyun Yang; Danding Wang; Fan Tang; Xinying Zhao; Juan Cao; Sheng Tang | Tianyun Yang; Danding Wang; Fan Tang; Xinying Zhao; Juan Cao | Sheng Tang,,"Institute of Computing Technology, Chinese Academy of Sciences, Beijing, China | University of Chinese Academy of Sciences, Beijing, China | Research Institute of Intelligent Computing, Zhejiang Lab, Hangzhou, China",curated:297bed46b62fdf89c9ab,Progressive Open Space Expansion for Open-Set Model Attribution,2023,IEEE/CVF Conference on Computer Vision and Pattern Recognition,true,true,6,6,0,,3,10.1109/cvpr52729.2023.01522,,W4386075764,https://doi.org/10.1109/cvpr52729.2023.01522
226,complete,,complete,No mapping action needed,none,missing,,,,,curated:aaf9b7c69d384a3c3140,Synthbuster: Towards Detection of Diffusion Model Generated Images,2023,IEEE Open Journal of Signal Processing,true,true,1,1,0,,2,10.1109/ojsp.2023.3337714,,W4389370799,https://doi.org/10.1109/ojsp.2023.3337714
227,complete,,complete,No mapping action needed,none,confirmed,University of Wisconsin-Madison,Utkarsh Ojha; Yuheng Li; Yong Jae Lee,,University of Wisconsin-Madison,curated:1ef55e4fc03eb4880beb,Towards Universal Fake Image Detectors That Generalize Across Generative Models,2023,IEEE/CVF Conference on Computer Vision and Pattern Recognition,true,true,3,3,0,,1,10.1109/cvpr52729.2023.02345,2302.10174,W4386071953,https://doi.org/10.1109/cvpr52729.2023.02345
228,complete,,complete,No mapping action needed,none,confirmed,Rutgers University | Sony AI | Virginia Tech | University of Massachusetts Amherst,Zhenting Wang | Chen Chen; Lingjuan Lyu | Yi Zeng | Shiqing Ma,,Rutgers University | Sony AI,openalex:W7133223677,Where Did I Come From? Origin Attribution of AI-Generated Images,2023,Advances in Neural Information Processing Systems,true,false,5,5,0,,4,10.52202/075280-3256,,W7133223677,https://doi.org/10.52202/075280-3256
229,complete,,complete,No mapping action needed,none,missing,,,,,openalex:W3196551054,BiHPF: Bilateral High-Pass Filters for Robust Deepfake Detection,2022,IEEE/CVF Winter Conference on Applications of Computer Vision,true,false,6,6,0,,3,10.1109/wacv51458.2022.00293,,W3196551054,https://doi.org/10.1109/wacv51458.2022.00293
230,complete,,complete,No mapping action needed,none,confirmed,"Institute of Computing Technology, Chinese Academy of Sciences | University of Chinese Academy of Sciences | Renmin University of China",Tianyun Yang; Ziyao Huang; Juan Cao; Lei Li | Xirong Li,,"Institute of Computing Technology, Chinese Academy of Sciences; University of Chinese Academy of Sciences | Renmin University of China",curated:3587b5b40ea4c5a8afa8,Deepfake Network Architecture Attribution,2022,AAAI Conference on Artificial Intelligence,true,true,5,5,0,,3,10.1609/aaai.v36i4.20391,2202.13843,W4283811667,https://doi.org/10.1609/aaai.v36i4.20391
231,complete,,complete,No mapping action needed,none,confirmed,Singapore University of Technology and Design | Singapore Institute of Technology | University of Oslo,Keshigeyan Chandrasegaran; Ngoc-Trung Tran; Ngai-Man Cheung | Alexander Binder,,"Singapore University of Technology and Design (SUTD), Singapore, Singapore | Singapore Institute of Technology (SIT), Singapore, Singapore | University of Oslo (UIO), Oslo, Norway",curated:a415ec5cd284c6887636,Discovering Transferable Forensic Features for CNN-Generated Images Detection,2022,European Conference on Computer Vision,true,true,4,4,0,,5,10.1007/978-3-031-19784-0_39,2208.11342,W4313048095,https://doi.org/10.1007/978-3-031-19784-0_39
232,complete,,complete,No mapping action needed,none,confirmed,NAVER | LINE Plus | University of Seoul | Chung-Ang University | Samsung SDS,Yonghyun Jeong | Doyeon Kim | Youngmin Ro | Pyounggeon Kim; Jongwon Choi | Pyounggeon Kim,,"Clova, NAVER, Seongnam-si, South Korea | LINE Plus, Seongnam-si, South Korea | Department of Artificial Intelligence, University of Seoul, Seoul, Korea | Department of Advanced Imaging, Chung-Ang University, Seoul, Korea | Samsung SDS, Seongnam-si, South Korea",curated:1b08aef98983549221b1,FingerprintNet: Synthesized Fingerprints for Generated Image Detection,2022,European Conference on Computer Vision,true,true,5,5,0,,7,10.1007/978-3-031-19781-9_5,,W4312710588,https://doi.org/10.1007/978-3-031-19781-9_5
233,complete,,complete,No mapping action needed,none,confirmed,University of Surrey | Salesforce Research | Adobe Research,Tu Bui; John Collomosse | Ning Yu | John Collomosse,,"University of Surrey, Guildford, UK | Salesforce Research, Palo Alto, USA | Adobe Research, San Jose, USA",curated:625ba11125534aedd39d,RepMix: Representation Mixing for Robust Attribution of Synthesized Images,2022,European Conference on Computer Vision,true,true,3,3,0,,3,10.1007/978-3-031-19781-9_9,2207.02063,W4284702842,https://doi.org/10.1007/978-3-031-19781-9_9
234,complete,,complete,No mapping action needed,none,missing,,,,,openalex:W4313042219,Think Twice Before Detecting GAN-generated Fake Images from their Spectral Domain Imprints,2022,IEEE/CVF Conference on Computer Vision and Pattern Recognition,true,false,3,3,0,,2,10.1109/cvpr52688.2022.00771,,W4313042219,https://doi.org/10.1109/cvpr52688.2022.00771
235,complete,,complete,No mapping action needed,none,missing,,,,,openalex:W3147384726,A Closer Look at Fourier Spectrum Discrepancies for CNN-Generated Images Detection,2021,IEEE/CVF Conference on Computer Vision and Pattern Recognition,true,false,3,3,0,,1,10.1109/cvpr46437.2021.00712,2103.17195,W3147384726,https://doi.org/10.1109/cvpr46437.2021.00712
236,complete,,complete,No mapping action needed,none,missing,,,,,openalex:W4200053273,Deepfake attribution: On the source identification of artificially generated images,2021,Wiley Interdisciplinary Reviews Data Mining and Knowledge Discovery,true,false,3,3,0,,2,10.1002/widm.1438,,W4200053273,https://doi.org/10.1002/widm.1438
237,complete,,complete,No mapping action needed,none,confirmed,Sichuan University | City University of Hong Kong,Weichuang Li; Peisong He; Hongxia Wang; Ruimei Zhang | Haoliang Li,,"School of Cyber Science and Engineering, Sichuan University, Chengdu 610065, China | Department of Electrical Engineering, City University of Hong Kong, Hong Kong, China",openalex:W3217278836,Detection of GAN-Generated Images by Estimating Artifact Similarity,2021,IEEE Signal Processing Letters,true,false,5,5,0,,2,10.1109/lsp.2021.3130525,,W3217278836,https://doi.org/10.1109/lsp.2021.3130525
238,complete,,complete,No mapping action needed,none,missing,,,,,openalex:W3179128750,"Detection, Attribution and Localization of GAN Generated Images",2021,Electronic Imaging,true,false,6,6,0,,3,10.2352/issn.2470-1173.2021.4.mwsf-276,2007.10466,W3179128750,https://doi.org/10.2352/issn.2470-1173.2021.4.mwsf-276
239,complete,,complete,No mapping action needed,none,confirmed,Arizona State University,Yuzhen Ding; Nupur Thakur; Baoxin Li,,"Ira A. Fulton Schools of Engineering, Arizona State University, 699 S Mill Ave, Tempe, AZ 85281",curated:07ee620b8169b67b900f,Does a GAN Leave Distinct Model-Specific Fingerprints?,2021,"Conference32nd British Machine Vision Conference, BMVC 2021",true,true,3,3,0,,1,10.5244/c.35.53,,W4411245244,https://doi.org/10.5244/c.35.53
240,complete,,complete,No mapping action needed,none,confirmed,"Institute of Computing Technology, Chinese Academy of Sciences | University of Chinese Academy of Sciences | Renmin University of China",Tianyun Yang; Juan Cao; Qiang Sheng; Lei Li; Sheng Tang | Jiaqi Ji; Xirong Li,,"1 Institute of Computing Technology, Chinese Academy of Sciences, Beijing, China | 2 University of Chinese Academy of Sciences, Beijing, China | 3 Renmin University of China",openalex:W3169220064,Learning to Disentangle GAN Fingerprint for Fake Image Attribution,2021,arXiv,true,false,7,7,0,,3,10.48550/arxiv.2106.08749,2106.08749,W3169220064,https://openalex.org/W3169220064
241,complete,,complete,No mapping action needed,none,missing,,,,,openalex:W3161417217,Towards Discovery and Attribution of Open-world GAN Generated Images,2021,IEEE/CVF International Conference on Computer Vision,true,false,4,4,0,,1,10.1109/iccv48922.2021.01383,2105.04580,W3161417217,https://doi.org/10.1109/iccv48922.2021.01383
242,complete,,complete,No mapping action needed,none,confirmed,"University of California, Berkeley | Adobe Research | University of Michigan",Sheng-Yu Wang; Andrew Owens; Alexei A. Efros | Oliver Wang; Richard Zhang | Andrew Owens,,,curated:14ed0d4ac86e7938e5cb,CNN-Generated Images Are Surprisingly Easy to Spot… for Now,2020,IEEE/CVF Conference on Computer Vision and Pattern Recognition,true,true,5,5,0,,3,10.1109/cvpr42600.2020.00872,,W3034577585,https://doi.org/10.1109/cvpr42600.2020.00872
243,complete,,complete,No mapping action needed,none,missing,,,,,openalex:W3024207815,GAN-Generated Image Detection With Self-Attention Mechanism Against GAN Generator Defect,2020,IEEE Journal of Selected Topics in Signal Processing,true,false,4,4,0,,1,10.1109/jstsp.2020.2994523,,W3024207815,https://doi.org/10.1109/jstsp.2020.2994523
244,complete,,complete,No mapping action needed,none,missing,,,,,openalex:W3161986877,On the use of Benford's law to detect GAN-generated images,2020,Virtual Community of Pathological Anatomy (University of Castilla La Mancha),true,false,4,4,0,,2,10.1109/icpr48806.2021.9412944,2004.07682,W3161986877,https://doi.org/10.1109/icpr48806.2021.9412944
245,complete,,complete,No mapping action needed,none,confirmed,Sungkyunkwan University,Hyeonseong Jeon; Young Oh Bang; Junyaup Kim; Simon S. Woo,,"Department of Artificial Intelligence, Sungkyunkwan University, Suwon, S. Korea; Computer Science and Engineering Department, Sungkyunkwan University, Suwon, S. Korea; Department of Applied Data Science, Sungkyunkwan University, Suwon, S. Korea",curated:830febb52786dbaebbb5,T-GD: Transferable GAN-Generated Images Detection Framework,2020,International Conference on Machine Learning,true,true,4,4,0,,1,10.5555/3524938.3525379,2008.04115,W3034547531,https://doi.org/10.5555/3524938.3525379
246,complete,,complete,No mapping action needed,none,missing,,,,,openalex:W3034864980,Watch Your Up-Convolution: CNN Based Generative Deep Neural Networks Are Failing to Reproduce Spectral Distributions,2020,Opus-HSO (Offenburg University of Applied Sciences),true,false,3,3,0,,4,10.1109/cvpr42600.2020.00791,,W3034864980,https://doi.org/10.1109/cvpr42600.2020.00791
247,complete,,complete,No mapping action needed,none,confirmed,University of Maryland | Max Planck Institute for Informatics | CISPA Helmholtz Center for Information Security,Ning Yu; Larry Davis | Ning Yu | Mario Fritz,,"University of Maryland, College Park | Max Planck Institute for Informatics, Saarland Informatics Campus, Germany | CISPA Helmholtz Center for Information Security, Saarland Informatics Campus, Germany",curated:170f07b3d7020611e566,Attributing Fake Images to GANs: Learning and Analyzing GAN Fingerprints,2019,IEEE/CVF International Conference on Computer Vision,true,true,3,3,0,,3,10.1109/iccv.2019.00765,1811.08180,W2991318208,https://doi.org/10.1109/iccv.2019.00765
248,complete,,complete,No mapping action needed,none,missing,,,,,openalex:W3012472557,Detecting and Simulating Artifacts in GAN Fake Images,2019,IEEE International Workshop on Information Forensics and Security,true,false,3,3,0,,1,10.1109/wifs47025.2019.9035107,,W3012472557,https://doi.org/10.1109/wifs47025.2019.9035107
249,complete,,complete,No mapping action needed,none,missing,,,,,openalex:W2907295878,Do GANs Leave Artificial Fingerprints?,2019,2019 IEEE Conference on Multimedia Information Processing and Retrieval (MIPR),true,false,4,4,0,,1,10.1109/mipr.2019.00103,1812.11842,W2907295878,https://doi.org/10.1109/mipr.2019.00103
250,complete,,complete,No mapping action needed,none,confirmed,University of Naples Federico II | University of Trento,Francesco Marra; Luisa Verdoliva | Cristiano Saltori; Giulia Boato,,,openalex:W2978778164,Incremental learning for the detection and classification of GAN-generated images,2019,IEEE International Workshop on Information Forensics and Security,true,false,4,4,0,,2,10.1109/wifs47025.2019.9035099,1910.01568,W2978778164,https://doi.org/10.1109/wifs47025.2019.9035099
251,complete,,complete,No mapping action needed,none,confirmed,"Institute of Automation, Chinese Academy of Sciences",Xinsheng Xuan; Bo Peng; Wei Wang; Jing Dong,,"Center for Research on Intelligent Perception and Computing (CRIPAC), National Laboratory of Pattern Recognition (NLPR), Institute of Automation, Chinese Academy of Sciences (CASIA)",openalex:W2997633607,Scalable Fine-Grained Generated Image Classification Based on Deep Metric Learning,2019,arXiv,true,false,4,4,0,,1,10.48550/arxiv.1912.11082,1912.11082,W2997633607,https://openalex.org/W2997633607
252,complete,,complete,No mapping action needed,none,missing,,,,,curated:fb05dfbc95518f6fb1db,Source Generator Attribution via Inversion,2019,IEEE/CVF Conference on Computer Vision and Pattern Recognition,true,true,2,2,0,,1,,1905.02259,W2971682216,https://openalex.org/W2971682216
253,complete,,complete,No mapping action needed,none,missing,,,,,openalex:W2811414481,Detection of GAN-Generated Fake Images over Social Networks,2018,2018 IEEE Conference on Multimedia Information Processing and Retrieval (MIPR),true,false,4,4,0,,1,10.1109/mipr.2018.00084,,W2811414481,https://doi.org/10.1109/mipr.2018.00084
254,complete,,complete,No mapping action needed,none,missing,,,,,curated:75cbd31c9946c7eb7977,"""That's Another Doom I Haven't Thought About"": A User Study on AI Labels as a Safeguard Against Image-Based Misinformation",2026,CHI Conference on Human Factors in Computing Systems,false,true,9,9,0,,5,https://doi.org/10.1145/3772318.3791006,2505.22845,W4416604008,https://doi.org/10.1145/3772318.3791006
255,complete,,complete,No mapping action needed,none,confirmed,Novosibirsk State Technical University,Egor Antonyants; Anna Aletdinova; Alexander Leontiev; Vitalii Zaozernov,,"Automated Control Systems Department, Novosibirsk State Technical University, Novosibirsk, Russia",curated:2e30b7cfd7b0c6f427f1,A Comparative Study of Classification Methods for Real and AI-Generated Images with Frequency Feature Analysis,2026,International Conference of Young Professionals in Electron Devices and Materials,false,true,4,4,0,,1,10.1109/edm69524.2026.11632103,,W7202290304,https://doi.org/10.1109/edm69524.2026.11632103
256,complete,,complete,No mapping action needed,none,confirmed,Complutense University of Madrid,Staycy Guevara; Ana Lucila Sandoval Orozco; Luis Javier García Villalba,,"Group of Analysis, Security and Systems (GASS), Department of Software Engineering and Artificial Intelligence (DISIA), Faculty of Computer Science and Engineering, Office 431,Universidad Complutense de Madrid (UCM), Calle Profesor José García Santesmases, 9, Ciudad Universitaria, 28040 Madrid, Spain",curated:f3e1319a5e27319578cd,A Survey on Deep-Learning-Based Techniques for Detecting AI-Generated Synthetic Images,2026,First Summer School on Artificial Intelligence in Cybersecurity,false,true,3,3,0,,1,10.3390/engproc2026123032,,W7128592463,https://doi.org/10.3390/engproc2026123032
257,complete,,complete,No mapping action needed,none,confirmed,Jiaxing Vocational Technical College | Jiaxing Municipal Public Security Bureau | Binjiang Institute of Zhejiang University,Yi Zhou; Xiangwei Hu; Mei Sun; Shuangxi Chen | Jun Tong | Changting Lin,,"School of Internet, Jiaxing Vocational and Technical College, Jiaxing, Zhejiang, China | Jiaxing Municipal Public Security Bureau, Jiaxing, Zhejiang, China | Binjiang Institute of Zhejiang University, Hangzhou, Zhejiang, China",curated:d1195175f50833c90a64,ADRD: Detecting Diffusion-Generated Images via Adversarial Perturbation Induced Reconstruction Discrepancy,2026,PLoS ONE,false,true,6,6,0,,3,10.1371/journal.pone.0350655,,W7168285345,https://doi.org/10.1371/journal.pone.0350655
258,complete,,complete,No mapping action needed,none,confirmed,University of Science and Technology of China | Hefei University of Technology,Chao Wang; Zijin Yang; Weiming Zhang; Kejiang Chen | Yaofei Wang,,"Anhui Province Key Laboratory of Digital Security, University of Science and Technology of China",curated:27b6ffdee837c7f997f5,AEDR: Training-Free AI-Generated Image Attribution via Autoencoder Double-Reconstruction,2026,AAAI Conference on Artificial Intelligence,false,true,5,5,0,,2,10.1609/aaai.v40i12.37930,2507.18988,W7138264983,https://doi.org/10.1609/aaai.v40i12.37930
259,complete,,complete,No mapping action needed,none,confirmed,National University of Singapore,Lei Tan; Shuwei Li; Mohan S. Kankanhalli; Robby T. Tan,,National University of Singapore | National University of Singapore ASUS Intelligent Cloud Services (AICS),curated:cdbafbabadfbb462102a,Aggregating Diverse Cue Experts for AI-Generated Image Detection,2026,AAAI Conference on Artificial Intelligence,false,true,4,4,0,,1,10.1609/aaai.v40i11.37890,2601.08790,W7137954683,https://doi.org/10.1609/aaai.v40i11.37890
260,complete,,complete,No mapping action needed,none,confirmed,Tianjin University of Science and Technology | Nankai University,Hang Gao | Mengting Hu; Tiegang Gao,,"College of Artificial Intelligence, Tianjin University of Science and Technology, Tianjin, 300457, China | College of Software, Nankai University, Tianjin, 300350, China",curated:b08c8cdd637cf7f65d18,AI-Generated Image Detection Based on the Most Suspicious Patch,2026,Pacific-Asia Conference on Knowledge Discovery and Data Mining (PAKDD),false,true,3,3,0,,2,10.1007/978-981-92-1947-6_34,,W7165747150,https://doi.org/10.1007/978-981-92-1947-6_34
261,complete,,complete,No mapping action needed,none,confirmed,Centre for Research and Technology Hellas (CERTH) | University of Naples Federico II | Swiss federal Institute of Technology in Lausanne | Télécom Paris,Christos Koutlis; Despina Konstantinidou; Manos Schinas; Dimitrios Karageorgiou; Symeon Papadopoulos | Riccardo Corvi; Davide Cozzolino; Luisa Verdoliva | Quentin Bammey,,"Information Technologies Institute, Centre for Research and Technology Hellas (CERTH), Thessaloniki, Greece | University of Naples Federico II (UNINA), Naples, Italy | Ecole Polytechnique Federale de Lausanne (EPFL), Lausanne, Switzerland | LTCI, Télécom Paris, Institut Polytechnique de Paris, Palaiseau, France",curated:98bed92571e23d5df139,AI-Generated Image Detection: Challenges and Recent Advances,2026,,false,true,9,9,0,,4,10.1007/978-3-032-11782-3_6,,W7159927480,https://doi.org/10.1007/978-3-032-11782-3_6
262,complete,,complete,No mapping action needed,none,confirmed,Tianjin University of Science and Technology | People's Public Security University of China | Renmin University of China | Shanghai Customs University | Nankai University,Hang Gao | Rui Ba | Kaiye Yu | Han Xing | Mengting Hu,,"College of Artificial Intelligence, Tianjin University of Science and Technology, Tianjin, 300457, China | School of National Security, People’s Public Security University of China, Beijing, China | School of Smart Governance, Renmin University of China, Suzhou, 215123, China | Suzhou Key Laboratory of Artificial Intelligence and Social Governance Technologies, International College (Suzhou Research Institute), Renmin University of China, Suzhou, 215123, China | Customs and Public Administration College, Shanghai Customs University, 201204, Shanghai, China | College of Software, Nankai University, Tianjin, 300350, China",curated:1a8e996ef9ce73efc0ef,AI-Generated Image Homology Detection,2026,"International Conference on Knowledge Science, Engineering and Management",false,true,5,5,0,,5,10.1007/978-981-92-2856-0_1,,W7168026910,https://doi.org/10.1007/978-981-92-2856-0_1
263,complete,,complete,No mapping action needed,none,confirmed,"Shanghai Polytechnic University | Institute of Automation, Chinese Academy of Sciences",Liwei Yao; Sen Niu; Xiaomei Feng; Bofeng Zhang; Kefeng Li | Ruiqi Liu,,"The School of Computer and Information Engineering, Institute for Artificial Intelligence, Shanghai Polytechnic University, Shanghai 201209, China | Institute of Automation, Chinese Academy of Sciences, China",curated:2b5013b99aa5e4de2621,All Patches Are Not Equal: Focusing on a Single Exposed Patch for AI-Generated Image Detection,2026,Information Processing & Management,false,true,6,6,0,,2,10.1016/j.ipm.2026.105058,,W7168427015,https://doi.org/10.1016/j.ipm.2026.105058
264,complete,,complete,No mapping action needed,none,confirmed,Harbin Institute of Technology | Nanchang University,Zheming Fan; Guopu Zhu; Long Sun; H ZHANG; Ligang Wu | Feng Ding,,"School of Cyberspace Science, Harbin Institute of Technology, Harbin, China | Department of Control Science and Engineering, Harbin Institute of Technology, Harbin, China | School of Software, Nanchang University, Nanchang, China",curated:837a8a0ceb9d8f86d02a,ArtGate: Injecting Fake Artifact Features Into CLIP for AI-Generated Image Detection,2026,IEEE Transactions on Multimedia,false,true,6,6,0,,2,10.1109/tmm.2026.3694528,,W7161736397,https://doi.org/10.1109/tmm.2026.3694528
265,complete,,complete,No mapping action needed,none,confirmed,Bennett University,Aditya Dev Mishra; Koushiki Das; Suman Mahapatra; Mayank Sisodia,,"School of Computer Science Engineering & Technology, Bennett University, Greater Noida, India",curated:db62aa9b0b1aab0c9f7a,Artifact-Aware Explainable Deepfake Detection via Fake-Only High-Frequency Alignment Supervision,2026,"International Conference on Computing, Power, and Communication Technologies (IC2PCT)",false,true,4,4,0,,1,10.1109/ic2pct68894.2026.11584299,,W7167698944,https://doi.org/10.1109/ic2pct68894.2026.11584299
266,complete,,complete,No mapping action needed,none,confirmed,Southeast University | Purple Mountain Laboratories,Hongsong Wang; Renxi Cheng; Chaolei Han; Jie Gui | Jie Gui,,"School of Computer Science and Engineering, Southeast University, Nanjing 210096, China; Key Laboratory of New Generation Artificial Intelligence Technology and Its Interdisciplinary Applications (Southeast University), Ministry of Education, China; School of Cyber Science and Engineering, Southeast University, Nanjing 210096, China; Engineering Research Center of Blockchain Application, Supervision And Management (Southeast University), Ministry of Education, China | Purple Mountain Laboratories, Nanjing 210000, China",curated:d3e19d8cb61eb0e7d620,Attribution as Retrieval: Model-Agnostic AI-Generated Image Attribution,2026,IEEE/CVF Conference on Computer Vision and Pattern Recognition,false,true,4,4,0,,2,10.48550/arxiv.2603.10583,2603.10583,W7135031331,https://openaccess.thecvf.com/content/CVPR2026/papers/Wang_Attribution_as_Retrieval_Model-Agnostic_AI-Generated_Image_Attribution_CVPR_2026_paper.pdf
267,complete,,complete,No mapping action needed,none,missing,,,,,curated:1bf124f8f57f00dddd01,Automated In-the-Wild Data Collection for Continual AI Generated Image Detection,2026,ACM International Workshop on Multimedia AI against Disinformation,false,true,6,6,0,,1,10.1145/3810988.3812662,2605.02567,W7160429386,https://doi.org/10.1145/3810988.3812662
268,complete,,complete,No mapping action needed,none,confirmed,"Institute of Automation, Chinese Academy of Sciences | University of Chinese Academy of Sciences | Southwest University | Shanghai Second Polytechnic University | Peking University | The University of Sydney | Tsinghua University",Ruiqi Liu; Zhengbo Zhang; Zhijin Chen; Boyi Sun; Lubin Weng; Jing Dong; Shu Wu | Ruiqi Liu | Yi Han | Liwei Yao | Zhiyuan Yan | Jialiang Shen | Yan Wang,,"Institute of Automation, Chinese Academy of Sciences | School of Advanced Interdisciplinary Sciences, University of Chinese Academy of Sciences | Southwest University | Shanghai Second Polytechnic University | Peking University | The University of Sydney | Tsinghua University",curated:aa7dceb70828cdd6ad39,Beyond Artifacts: Real-Centric Envelope Modeling for Reliable AI-Generated Image Detection,2026,European Conference on Computer Vision,false,true,12,12,0,,7,,2512.20937,W7117340004,https://openalex.org/W7117340004
269,complete,,complete,No mapping action needed,none,confirmed,"University College Dublin | Trinity College Dublin | University of Science, Viet Nam National University Ho Chi Minh City",Hong-Hanh Nguyen-Le; Nhien-An Le-Khac | Van-Tuan Tran | Thuc D. Nguyen,,"School of Computer Science, University College Dublin, Ireland | School of Computer Science and Statistics, Trinity College Dublin, Ireland | Department of Knowledge Engineering, University of Science, VNU-HCMC, Vietnam",curated:49cc18f090b2488dda2d,Beyond Binary Classification: A Semi-Supervised Approach to Generalized AI-Generated Image Detection,2026,AAAI Conference on Artificial Intelligence,false,true,4,4,0,,3,10.1609/aaai.v40i42.40886,2511.19499,W7138418035,https://doi.org/10.1609/aaai.v40i42.40886
270,complete,,complete,No mapping action needed,none,confirmed,Beijing University of Civil Engineering and Architecture | Nanchang University | University of International Relations | Shenzhen University | Beijing Jiaotong University,Xiaolong Liu | Mengyao Xiao | Haorui Wu | Qi Chang | Xiaolong Li; Yao Zhao,,"School of Intelligence Science and Technology, Beijing University of Civil Engineering and Architecture, Beijing, China | School of Software, Nanchang University, Nanchang, China | School of Cyber Science and Engineering, University of International Relations, Beijing, China | Guangdong Provincial Key Laboratory of Intelligent Information Processing, and Shenzhen Key Laboratory of Media Security, Shenzhen University, Shenzhen, China | Institute of Information Science, Beijing Jiaotong University, Beijing, China",curated:672e9600fc8b6ead6ab1,Beyond Causal Models: Multi-Scale Linear Local Attention for AI-Generated Image Detection,2026,IEEE Signal Processing Letters,false,true,6,6,0,,5,10.1109/lsp.2026.3714736,,W7169604787,https://doi.org/10.1109/lsp.2026.3714736
271,complete,,complete,No mapping action needed,none,confirmed,Yunnan University of Finance and Economics | Jiangnan University | Kunming University of Science and Technology,Mingjie Tang; Zhiming Song; Xinyu Ou | Jianian Ding | Xinyu Ou,,"School of Information, Yunnan University of Finance and Economics, Kunming, China | Yunnan Key Laboratory of Service Computing, Yunnan University of Finance and Economics, Kunming, China | Yunnan Provincial Key Laboratory of Artificial Intelligence, Kunming University of Science and Technology, Kunming, China | School of Artificial Intelligence and Computer Science (School of Software), Jiangnan University, Wuxi, China",curated:9d722dfb4a3418d86063,Beyond Resizing: A Distribution-Aligned Framework for Robust AI-Generated Image Detection,2026,International Conference on Intelligent Computing (ICIC),false,true,4,4,0,,3,10.1007/978-981-92-3420-2_35,,W7168408228,https://doi.org/10.1007/978-981-92-3420-2_35
272,complete,,complete,No mapping action needed,none,confirmed,"Institute of Computing Technology, Chinese Academy of Sciences | University of Chinese Academy of Sciences",Chenming Zhou; Jiaan Wang; Yu Li; Lei Li; Juan Cao; Sheng Tang,,"Institute of Computing Technology, Chinese Academy of Sciences, Beijing, China University of Chinese Academy of Sciences, Beijing, China",curated:29642e43aa51fece46f7,Beyond Semantic Features: Pixel-Level Mapping for Generalized AI-Generated Image Detection,2026,AAAI Conference on Artificial Intelligence,false,true,6,6,0,,1,10.1609/aaai.v40i42.40927,,W7139104673,https://doi.org/10.1609/aaai.v40i42.40927
273,complete,,complete,No mapping action needed,none,confirmed,"Institute of Artificial Intelligence (TeleAI), China Telecom | Xidian University",Ruiyang Xia; Qi Zhang; Yaowen Xu; Zhaofan Zou; Hao Sun; Zhongjiang He; Xuelong Li | Ruiyang Xia,,"Institute of Artificial Intelligence (TeleAI), China Telecom | Xidian University",curated:f7906cb987975444e893,Boosting Robust AIGI Detection with LoRA-Based Pairwise Training,2026,IEEE/CVF Conference on Computer Vision and Pattern Recognition,false,true,7,7,0,,2,10.48550/arxiv.2604.12307,2604.12307,W7154447485,https://openaccess.thecvf.com/content/CVPR2026W/NTIRE/papers/Xia_Boosting_Robust_AIGI_Detection_with_Lora-based_Pairwise_Training_CVPRW_2026_paper.pdf
274,complete,,complete,No mapping action needed,none,confirmed,Shanghai Jiao Tong University | Tencent Youtu Lab,Changshuo Wang; Ran Yi; Lizhuang Ma | Changshuo Wang; Jiangming Wang; Ke-Yue Zhang; Taiping Yao; Shouhong Ding,,"Shanghai Jiao Tong University, Shanghai, China | Tencent Youtu Lab, Shanghai, China",curated:7287cadbc4b8408fd16b,Breaking Manifold Continuity: Vector Quantized Modeling for Real-Centric Deepfake Detection,2026,International Conference on Machine Learning,false,true,7,7,0,,2,,,,https://openreview.net/attachment?id=WrlqkXYYCx&name=pdf
275,complete,,complete,No mapping action needed,none,confirmed,University of Edinburgh,Marc Juárez,,"Schoolof Informatics,The UniversityofEdinburgh,Edinburgh, UK",curated:a3fb37f39cb20a95e3bf,Can Model Attribution Bridge AI's Accountability Gap in Safety-Critical Domains?,2026,Philosophical Transactions of the Royal Society A Mathematical Physical and Engineering Sciences,false,true,1,1,0,,1,10.1098/rsta.2025.0117,,W7169086594,https://doi.org/10.1098/rsta.2025.0117
276,complete,,complete,No mapping action needed,none,confirmed,Chongqing University of Posts and Telecommunications,Bo Liu; Qin Qiao; Qinghui He,,"Chongqing Key Laboratory of Image Cognition, Chongqing University of Posts and Telecommunications, Chongqing, China School of Artificial Intelligence | Chongqing Key Laboratory of Image Cognition, Chongqing University of Posts and Telecommunications, Chongqing, China School of Computer Science and Technology",curated:31c548f5aa68f9075659,CausalCLIP: Causally-Informed Feature Disentanglement and Filtering for Generalizable Detection of Generated Images,2026,AAAI Conference on Artificial Intelligence,false,true,3,3,0,,1,10.1609/aaai.v40i9.37642,2512.13285,W7138324636,https://doi.org/10.1609/aaai.v40i9.37642
277,complete,,complete,No mapping action needed,none,confirmed,Tianjin University of Technology | Beijing Jiaotong University,Kang An; Chen Dong; Jiahao Pang | Tenglong Gao,,"School of Computer Science and Engineering, Tianjin University of Technology, Tianjin, 300380, China | School of Computer Science and Technology, Beijing Jiaotong University, Beijing, 100044, China",curated:dd5b85612778b9021f4e,CCMA-CLIP: Concept-Guided Cross-Modal Adaptation for Robust AI-Generated Image Detection,2026,International Conference on Intelligent Computing (ICIC),false,true,4,4,0,,2,10.1007/978-981-92-3531-5_9,,W7169669595,https://doi.org/10.1007/978-981-92-3531-5_9
278,complete,,complete,No mapping action needed,none,confirmed,Xi'an Jiaotong University | Wuhan University,Jingyi Deng; Chong Zhang; Chenken Xu; Chenhao Lin; Zhengyu Zhao; Shuai Liu; Chao Shen | Qian Wang,,"Faculty of Electronic and Information Engineering, Xi&#x2019;an Jiaotong University, Xi&#x2019;an, China | School of Cyber Science and Engineering, Wuhan University, Wuhan, China",curated:885c512e1e964d2ec61f,CLIP-ADA: CLIP-Guided Artifact-Invariant Generalizable Synthetic Image Detection,2026,IEEE Transactions on Information Forensics and Security,false,true,8,8,0,,2,10.1109/tifs.2026.3676657,,W7140133167,https://doi.org/10.1109/tifs.2026.3676657
279,complete,,complete,No mapping action needed,none,confirmed,Sungkyunkwan University | Jaume I University,Yuqian Zheng; Hyeongjin Ahn; Eunil Park; Juyeob Lee | Eunil Park,,"Sungkyunkwan University, Seoul, Republic of Korea | Jaume I University, Castellon, Spain",curated:9b7e6c57a9f75e06fddf,CLIP-SegFusion: An Attention-Guided Feature Fusion Framework for Multi-Level Detection on AI-Generated Artworks,2026,ACM International Conference on Multimedia Retrieval,false,true,4,4,0,,2,10.1145/3805622.3810639,,W7164834461,https://doi.org/10.1145/3805622.3810639
280,complete,,complete,No mapping action needed,none,confirmed,University of Siena,Kai Zeng; Niccolò Pancino; Nasrin Malekzadeh Goradel; Mauro Barni; Benedetta Tondi,,"Department of Information engineering and mathematics, University of Siena, Siena, Italy",curated:ba0669dd843c9defd483,Comparative Study of Adversarial Training and Randomized Smoothing for Robust AI-Generated Image Attribution,2026,ACM Workshop on Information Hiding and Multimedia Security,false,true,5,5,0,,1,10.1145/3785353.3815073,,W7164888959,https://doi.org/10.1145/3785353.3815073
281,complete,,complete,No mapping action needed,none,pending,Czech Technical University in Prague,Jan Franců; Milan Papež; Tomáš Pevný,,"Faculty of Electrical Engineering, Czech Technical University, Prague, Czech Republic",curated:0895eb11a7610f3973da,Cover-Source Mismatch in Deepfake Detection: A Systematic Study,2026,ACM Workshop on Information Hiding and Multimedia Security,false,true,3,3,0,,0,10.1145/3785353.3815097,,W7164884130,https://doi.org/10.1145/3785353.3815097
282,complete,,complete,No mapping action needed,none,confirmed,Indian Institute of Technology Mandi,Parul Chaudhary; Arnav Bhavsar,,"School of Computing and Electrical Engineering, Indian Institute of Technology Mandi, Mandi, India",curated:b4940a39cbd4a3117473,Cross-Domain Synthetic Image Detection via Few-Shot Adaptation,2026,International Conference on Pattern Recognition,false,true,2,2,0,,1,10.1007/978-3-032-31933-3_5,,W7172102928,https://doi.org/10.1007/978-3-032-31933-3_5
283,complete,,complete,No mapping action needed,none,confirmed,Shanghai University of Electric Power,Lin Ma; Hongjiao Li,,"Faculty of Artificial Intelligence, Shanghai University of Electric Power, Shanghai, 201306, China",curated:5888bece56862fbbfc43,DADP: A Discrepancy-Aware Dual-Path Network for AI-Generated Image Detection,2026,Multimedia Systems,false,true,2,2,0,,1,10.1007/s00530-026-02435-2,,W7167913394,https://doi.org/10.1007/s00530-026-02435-2
284,complete,,complete,No mapping action needed,none,confirmed,Sun Yat-sen University | China Electronics Technology Group Corporation | Zhejiang University | Shenzhen Campus of Sun Yat-sen University,Kai Li | Linchao Zhang; Siying Zhu | Kai Li; Wenqi Ren | Wei Wang; Wenqi Ren,,"School of Computer Science and Engineering, Sun Yat-sen University | Information Science Academy，China Electronics Technology Group Corporation | The State KeyLaboratory of Blockchain and Data Security, Zhejiang University | School of Cyber Science and Technology, Shenzhen Campus of Sun Yat-sen University",curated:45cb3642fd138c136139,Decision-Driven Orthogonal Learning with Complementary Feature Mining for Robust Synthetic Image Detection,2026,AAAI Conference on Artificial Intelligence,false,true,5,5,0,,4,10.1609/aaai.v40i8.37553,,W7137819524,https://doi.org/10.1609/aaai.v40i8.37553
285,complete,,complete,No mapping action needed,none,confirmed,Polytechnic University of Hauts-de-France | Khalifa University | Sorbonne University Abu Dhabi,Mamadou Keita; Hessen Bougueffa Eutamene; Abdelmalik Taleb-Ahmed | Wassim Hamidouche | Abdenour Hadid,,"Laboratory of IEMN, University Polytechnique Hauts-de-France, Valenciennes, France | Khalifa University, Abu Dhabi, UAE | Sorbonne Center for Artificial Intelligence, Sorbonne University, Abu Dhabi, UAE",curated:239572598dfae08d563b,DeeCLIP: A Robust and Generalizable Transformer-Based Framework for Detecting AI-Generated Images,2026,International Conference on Advanced Concepts for Intelligent Vision Systems,false,true,5,5,0,,3,10.1007/978-3-032-07343-3_12,2504.19876,W7118010096,https://doi.org/10.1007/978-3-032-07343-3_12
286,complete,,complete,No mapping action needed,none,confirmed,"Indian Institute of Engineering Science and Technology, Shibpur",Priyaranjan Misra; Ruchira Naskar,,"Department of Information Technology, Indian Instituteof Engineering Science and Technology, Shibpur, 711103, India",curated:86507b243a7d58c76b2c,Deep-Synthesized Image Detection via Multi-Domain Feature Fusion and Explainable AI Guided Color Model Selection,2026,Computer Vision and Image Understanding,false,true,2,2,0,,1,10.1016/j.cviu.2026.104881,,W7170425343,https://doi.org/10.1016/j.cviu.2026.104881
287,complete,,complete,No mapping action needed,none,confirmed,Can Tho University of Technology | Can Tho University,Linh Thuy Thi Pham; Dang Duy Huynh | Linh Thuy Thi Pham; Cu Vinh Loc; Hai Thanh Nguyen,,"Can Tho University of Technology, Can Tho, Vietnam | Can Tho University, Can Tho, Vietnam",curated:1398fe67015092fb543d,Deepfake Detection on Low-Resolution Images Using Optimized Ensemble Learning,2026,Neural Computing and Applications,false,true,4,4,0,,2,10.1007/s00521-026-12359-7,,W7172437004,https://doi.org/10.1007/s00521-026-12359-7
288,complete,,complete,No mapping action needed,none,confirmed,Michigan State University | University of North Carolina at Chapel Hill,Xiao Guo; Xiaoming Liu | Yue Zhang; Mohit Bansal; Xiaoming Liu,,Michigan State University | University of North Carolina at Chapel Hill,curated:d973c571c1fafe6fb25f,Deepfake-Agent: Aggregating Semantic Forgery Clues for Generalizable Detection,2026,IEEE/CVF Conference on Computer Vision and Pattern Recognition,false,true,4,4,0,,2,,,,https://openaccess.thecvf.com/content/CVPR2026F/papers/Guo_Deepfake-Agent_Aggregating_Semantic_Forgery_Clues_for_Generalizable_Detection_CVPRF_2026_paper.pdf
289,complete,,complete,No mapping action needed,none,confirmed,Carnegie Mellon University | Meta,Chenyang Yang | Shen Yan; Yibo Yang; Litao Hu; Yuchen Liu; Yuan Zeng; Hanchao Yu; Yinan Zhu; Sumedha Singla; Brian Vanover; Huijun Qian; Zihao Wang; Fujun Liu; Aashu Singh; Jianyu Wang; Xuewen Zhang,,Carnegie Mellon University | Meta,curated:d4a9b3a3cef9bfbd0e32,Detecting AI-Generated Content on Social Media with Multi-Modal Language Models,2026,Annual Meeting of the Association for Computational Linguistics,false,true,16,16,0,,2,10.18653/v1/2026.acl-industry.15,2606.11200,W7166864343,https://doi.org/10.18653/v1/2026.acl-industry.15
290,complete,,complete,No mapping action needed,none,missing,,,,,openalex:W4415936841,Detecting AI-Generated Images via Diffusion Snap-Back Reconstruction: A Forensic Approach,2026,"IEEE 2nd International Conference on Quantum Photonics, Artificial Intelligence & Networking",false,false,2,2,0,,1,10.1109/qpain69676.2026.11545865,2511.00352,W4415936841,https://doi.org/10.1109/qpain69676.2026.11545865
291,complete,,complete,No mapping action needed,none,confirmed,Nanjing University of Information Science and Technology | University of Macau,Jiazhen Yan; Ziqiang Li; Boyu Wang; Ziwen He; Zhangjie Fu | Fan Wang,,"School of Computer Science, Nanjing University of Information Science and Technology | University of Macau",curated:7ed4e932c4dac57d0136,DGS-Net: Distillation-Guided Gradient Surgery for CLIP Fine-Tuning in AI-Generated Image Detection,2026,International Conference on Machine Learning,false,true,6,6,0,,2,10.48550/arxiv.2511.13108,2511.13108,W4416361369,https://openalex.org/W4416361369
292,complete,,complete,No mapping action needed,none,pending,Shanghai University of Engineering Science,Kaiwen Qian; Yutao Xu; Yifan Xu; Yuchun Fang,,"School of Computer Engineering and Science, Shanghai University, Shanghai, China",curated:d0eec7c4fce8929c295a,Diffusion-Driven Forgery Detection: Distilling Latent Features for Generalized Image Forensics,2026,IEEE Signal Processing Letters,false,true,4,4,0,,0,10.1109/lsp.2026.3687792,,W7155779262,https://doi.org/10.1109/lsp.2026.3687792
293,complete,,complete,No mapping action needed,none,confirmed,Korea AI Safety Institute (AISI) | Sungkyunkwan University,Dahye Kim; Jaehyun Choi; Hyun Seok Seong; Seongho Kim; Donghun Lee; Sungwon Yi; Jang-Ho Choi | Hyun Seok Seong,,"Korea AI Safety Institute (AISI), ETRI, Seongnam, South Korea | Department of Artificial Intelligence, Sungkyunkwan University, Suwon, South Korea",curated:c87f234ea256991903e1,Dissect and Prune: Enhancing Robustness in AI-Generated Image Detection,2026,International Conference on Machine Learning,false,true,7,7,0,,2,10.48550/arxiv.2606.10309,2606.10309,W7164168158,https://doi.org/10.48550/arxiv.2606.10309
294,complete,,complete,No mapping action needed,none,confirmed,University of Science and Technology of China | Hefei University of Technology,Chao Wang; Kejiang Chen; Zijin Yang; Yuang Qi; Weiming Zhang; Nenghai Yu | Yaofei Wang,,"University of Science and Technology of China, Hefei, China Yaofei Wang is with Hefei University of Technology, Hefei, China. | Hefei University of Technology, Hefei, China.",curated:0b6c1b00c1b39838db42,DNA: Dual-Stage Native Attribution for Generated Image Source Tracing,2026,arXiv,false,true,7,7,0,,2,,2607.13685,W7168591575,https://doi.org/10.48550/arxiv.2607.13685
295,complete,,complete,No mapping action needed,none,confirmed,Fujian University of Technology | Beijing Institute of Graphic Communication | Hunan University | Swinburne University of Technology | Changsha Medical University,Shaowei Weng; Rui Li | Lifang Yu | Gaobo Yang | Pei‐Wei Tsai | Shaowei Weng,,"Fujian Provincial Key Laboratory of Big Data Mining and Applications, Fujian University of Technology, Fuzhou, China | School of Computer Science and Mathematics, Fujian University of Technology, Fuzhou, China | Department of Information Engineering, Beijing Institute of Graphic Communication, Beijing, China | School of Computer, Hunan University, Changsha, China | Department of Computing Technologies, Swinburne University of Technology, Melbourne VIC, Australia | School of Information Engineering, Changsha Medical University, Changsha, China",curated:6f55b599c4d1588c62f7,DTBF: Combining Local Statistical Artifacts and Concept Alignment for Synthetic Image Detection,2026,IEEE Signal Processing Letters,false,true,5,5,0,,5,10.1109/lsp.2026.3710437,,W7167493723,https://doi.org/10.1109/lsp.2026.3710437
296,complete,,complete,No mapping action needed,none,confirmed,Nanjing University of Information Science and Technology,Jiazhen Yan; Ziqiang Li; Fan Wang; Ziwen He; Zhangjie Fu,,"Engineering Research Center of Digital Forensics, Ministry of Education, Nanjing University of Information Science and Technology, Nanjing, China",curated:ab6b43e21ae47dadafe0,Dual Frequency Branch Framework with Reconstructed Sliding Windows Attention for AI-Generated Image Detection,2026,IEEE Transactions on Information Forensics and Security,false,true,5,5,0,,1,10.1109/tifs.2026.3664000,2501.15253,W7128716584,https://doi.org/10.1109/tifs.2026.3664000
297,complete,,complete,No mapping action needed,none,confirmed,Guangdong University of Technology | Guangdong Technion-Israel Institute of Technology,Junyi Li; Yingzhang Liang; Wujian Ye; Peng Wang; Guohao Zhang; Yijun Liu | Teng Lei,,"School of Integrated Circuits, Guangdong University of Technology, Guangzhou, 510006, Guangdong, China | Technion-Israel Institute of Technology, Shantou, 515041, Guangdong, China",curated:983a33a1268421bbfc71,Dual-Branch AIGC Image Detection Leveraging Integrated Semantic and Frequency-Domain Features,2026,Computer Vision and Image Understanding,false,true,7,7,0,,2,10.1016/j.cviu.2026.104893,,W7172206884,https://doi.org/10.1016/j.cviu.2026.104893
298,complete,,complete,No mapping action needed,none,confirmed,Can Tho University | Can Tho University of Technology,Linh Thuy Thi Pham; Cu Vinh Loc; Hai Thanh Nguyen | Linh Thuy Thi Pham; Truong Nhat Tran,,"College of Information and Communication Technology, Can Tho University, Can Tho, Vietnam | Faculty of Information Technology, Can Tho University of Technology, Can Tho, Vietnam",curated:aeb3a6e4747e1a1b3181,Dual-Stream Framework for Real/Fake Classification and Source Attribution of AI-Generated Images Using Spatial and Frequency Features,2026,Pattern Analysis and Applications,false,true,4,4,0,,2,10.1007/s10044-026-01719-7,,W7168264311,https://doi.org/10.1007/s10044-026-01719-7
299,complete,,complete,No mapping action needed,none,confirmed,Hefei University of Technology,Rui Sun; Yifan Zhang; Xiaolu Yu; M Li; Jun Gao,,"Key Laboratory of Knowledge Engineering with Big Data (Ministry of Education), School of Computer and Information, Anhui Province Key Laboratory of Industry Safety and Emergency Technology, Hefei University of Technology, Hefei, China",curated:52edb9369ffaae37bd81,Dual-Tree Complex Wavelet Driven Hierarchical Spatial-Frequency Fusion Learning for Robust Deepfake Detection,2026,IEEE Transactions on Dependable and Secure Computing,false,true,5,5,0,,1,10.1109/tdsc.2026.3712721,,W7168127486,https://doi.org/10.1109/tdsc.2026.3712721
300,complete,,complete,No mapping action needed,none,confirmed,Mannheim University of Applied Sciences,Ahmed Abdullah; Nikolas Ebert; Oliver Wasenmüller,,"Mannheim University of Applied Sciences, Mannheim, Germany",curated:20975a1b80c227684804,DualSight: Learning to Disentangle Artifact and Semantic Features for Detection of Diffusion-Generated Images,2026,International Conference on Pattern Recognition,false,true,3,3,0,,1,10.1007/978-3-032-31335-5_18,,W7172283793,https://doi.org/10.1007/978-3-032-31335-5_18
301,complete,,complete,No mapping action needed,none,confirmed,Indian Institute of Science | Hugging Face,Shyam Marjit; Dheeraj Baiju; Anuj Shikarkhane; Akhil Sakthieswaran; Anirban Chakraborty | Sayak Paul,,Indian Institute of Science | Hugging Face,curated:667ce5c1fb4da14bbb19,DynEval: Holistic Evaluations of T2I Generative Models in the Wild,2026,European Conference on Computer Vision,false,true,6,6,0,,2,,2607.11199,W7168241537,https://doi.org/10.48550/arxiv.2607.11199
302,complete,,complete,No mapping action needed,none,confirmed,Zhejiang University | George Mason University | Hangzhou High-Tech Zone (Binjiang) Institute of Blockchain and Data Security,Fanli Jin; Feng Lin; Gaojian Wang; Tong Wu | Zhisheng Yan,,"State Key Laboratory of Blockchain and Data Security, Zhejiang University Hangzhou High-Tech Zone (Binjiang) Institute of Blockchain and Data Security | Department of Information Sciences and Technology, George Mason University",curated:6a5bef99dcdc1ad4ba28,DySy-Det: A Synergistic Framework with Dynamic Reconstruction-Path Consistency for AI-Generated Image Detection,2026,AAAI Conference on Artificial Intelligence,false,true,5,5,0,,3,10.1609/aaai.v40i42.40868,,W7139090785,https://doi.org/10.1609/aaai.v40i42.40868
303,complete,,complete,No mapping action needed,none,confirmed,"Hebei University | China Mobile Communications Group Beijing Co., Ltd.",Xiaoqian Chen; Enting Guo | Yue Yu; Hongya Wang; Jiameng Zhang,,"Hebei University | China Mobile Communications Group Beijing Co., Ltd.",curated:634d12d4ee0e1b3d8064,Efficient AI-Generated Image Detection via Confidence-Aware Cascading,2026,International Conference on Big Data Science and Engineering,false,true,5,5,0,,2,10.1109/icbdse70225.2026.11635577,,W7202124844,https://doi.org/10.1109/icbdse70225.2026.11635577
304,complete,,complete,No mapping action needed,none,confirmed,Nanyang Technological University | University of Oregon | Boston University | Shandong University,Peizhuo Lv | Yingjiu Li | Shengzhi Zhang | Qianyun Yang; Yuxuan Chen; Zhiwei Chen; Zixu Li; Yupeng Hu,,"School of Cyber Science and Technology, National Graduate School for Elite Engineers, Shandong University, Qingdao, China | School of Cyber Science and Technology, Shandong University, Qingdao, China | Nanyang Technological University, Singapore | University of Oregon, Eugene, OR, USA | Boston University MET College, Boston, MA, USA | School of Software, Shandong University, Jinan, China | Qianyun Yang, School of Cyber Science and Technology, National Graduate School for Elite Engineers, Shandong University, Qingdao, China Yuxuan Chen, School of Cyber Science and Technology, Shandong University, Qingdao, China Zhiwei Chen, School of Software, Shandong University, Jinan, China Zixu Li, School of Software, Shandong University, Jinan, China Yupeng Hu, School of Software, Shandong University, Jinan, China",curated:8705551f18f94daa53d4,ERASE: Bypassing Collaborative Detection of AI Counterfeit via Comprehensive Artifacts Elimination,2026,IEEE Transactions on Dependable and Secure Computing,false,true,8,8,0,,4,10.1109/tdsc.2026.3677794,,W7140557520,https://doi.org/10.1109/tdsc.2026.3677794
305,complete,,complete,No mapping action needed,none,confirmed,The University of Tokyo | National Institute of Informatics,Chenyang Zhu; Isao Echizen | Chenyang Zhu; Maorong Wang; Jun Liu; Ching-Chun Chang; Isao Echizen,,"The University of Tokyo, Tokyo, Japan | National Institute of Informatics, Tokyo, Japan",curated:8116d19627b92530b580,EvoGuard: An Extensible Agentic RL-Based Framework for Practical and Evolving AI-Generated Image Detection,2026,arXiv,false,true,5,5,0,,2,,2603.17343,W7139144211,https://openalex.org/W7139144211
306,complete,,complete,No mapping action needed,none,confirmed,Liaoning Normal University,Hui Shi; Mingyang Liu; Chengcheng Gong,,"School of Computer Science and Artificial Intelligence, Liaoning Normal University, Dalian 116029, China",curated:41a934ce12ecfd2f17e9,EXACT: An Explainable Adaptive SemantiC-Trace Framework for AI-Generated Image Forensics,2026,Computer Vision and Image Understanding,false,true,3,3,0,,1,10.1016/j.cviu.2026.104871,,W7169504023,https://doi.org/10.1016/j.cviu.2026.104871
307,complete,,complete,No mapping action needed,none,confirmed,University of Salerno | Pegaso University | Link Campus University,Andrea Abate; Carmen Bisogni; Lucia Cimmino; Matteo Polsinelli | Lucia Cimmino | Chiara Pero,,"Department of Computer Science, University of Salerno, Via Giovanni Paolo II, 132, 84084, Fisciano, Italy | Department of Information Science and Technology, Pegaso University, Centro Direzionale Isola F2, 80143, Naples, Italy | Department of Management and Innovation Systems, University of Salerno, 84084, Fisciano, Italy | Department of Computer Science, University of Salerno, Via Giovanni Paolo II, 132, 84084, Fisciano, Italy | Department of Information Science and Technology, Pegaso University, Centro Direzionale Isola F2, 80143, Naples, Italy | Department of Human Sciences, Link Campus University, 00165, Rome, Italy",curated:46773aac10dade5fbd50,Explainability-Driven Analysis of AI-Generated Image Detectors: Insights Into Generalization and Failure Modes,2026,International Conference on Advanced Information Networking and Applications (AINA),false,true,5,5,0,,3,10.1007/978-3-032-23347-9_28,,W7166838909,https://doi.org/10.1007/978-3-032-23347-9_28
308,complete,,complete,No mapping action needed,none,missing,,,,,openalex:W7138458380,Explainable Synthetic Image Detection Through Diffusion Timestep Ensembling,2026,AAAI Conference on Artificial Intelligence,false,false,10,10,0,,2,https://doi.org/10.1609/aaai.v40i13.38060,,W7138458380,https://doi.org/10.1609/aaai.v40i13.38060
309,complete,,complete,No mapping action needed,none,confirmed,Shanghai Jiao Tong University | Ant Group,Yikun Ji; Qi Fan; Liqing Zhang; Jianfu Zhang | Yikun Ji; Yan Hong; Jun Lan; Huijia Zhu; Weiqiang Wang,,Shanghai Jiao Tong University | Ant Group,curated:411724cd949b78c1af6a,FakeXplain: AI-Generated Image Detection via Human-Aligned Grounded Reasoning,2026,International Conference on Learning Representations,false,true,8,8,0,,2,,,,https://openreview.net/pdf?id=UcpTOa8OnG
310,complete,,complete,No mapping action needed,none,pending,Changsha University of Science and Technology | Shenzhen MSU-BIT University | Hunan University of Science and Technology | Hunan University,Dengyong Zhang; Miao Hu; Jiaxin Chen; Yun Song | Changsheng Chen | Jin Wang; Xiangling Ding | Gaobo Yang; Xin Liao,,"School of Computer Science and Technology, Changsha University of Science and Technology, Changsha, China | Faculty of Engineering, Shenzhen MSU-BIT University, Shenzhen, China | School of Computer and Science and Engineering, Hunan University of Science and Technology, Xiangtan, China | College of Computer Science and Electronic Engineering, Hunan University, Changsha, China",curated:c495f498c11dab35ecbc,FALCON-Net: Feature Aggregation of Local Patterns for AI-Generated Image Detection,2026,IEEE Transactions on Information Forensics and Security,false,true,9,9,0,,0,10.1109/tifs.2026.3683286,,W7154125740,https://doi.org/10.1109/tifs.2026.3683286
311,complete,,complete,No mapping action needed,none,confirmed,Guangdong University of Technology | Hong Kong Metropolitan University,Jiacai Guo; Zili Xu; Jianjie Luo; Zhenguo Yang | Lap-Kei Lee; Fu Lee Wang,,"Guangdong University of Technology, Guangzhou, China | Hong Kong Metropolitan University, Hong Kong SAR, China",curated:c420495aae5c20e0ea2a,FANB-Net: Frequency-Awared Attention and Noise-Injected Boosting for AI-Generated Image Detection,2026,32nd International Conference on Multimedia Modeling,false,true,6,6,0,,2,10.1007/978-981-95-6960-1_26,,W7127900552,https://doi.org/10.1007/978-981-95-6960-1_26
312,complete,,complete,No mapping action needed,none,confirmed,Nanjing University of Science and Technology | University of Chinese Academy of Sciences,Bo He; Huanglei Yang; Zhichao Lian | Zhichao Lian,,"Nanjing University of Science and Technology, Nanjing, 210094, China | University of Chinese Academy of Sciences, Nanjing, 211135, China",curated:0ce4661dd62d1a9f8e89,FESA-CLIP: Frequency-Enhanced Semantic-Agnostic Decoupling for Generalizable AI-Generated Image Detection,2026,International Conference on Pattern Recognition,false,true,3,3,0,,2,10.1007/978-3-032-31397-3_32,,W7172378517,https://doi.org/10.1007/978-3-032-31397-3_32
313,complete,,complete,No mapping action needed,none,confirmed,"Institute of Automation, Chinese Academy of Sciences | Beijing Academy of Artificial Intelligence | University of Chinese Academy of Sciences | Tsinghua Shenzhen International Graduate School | Harbin Institute of Technology, Shenzhen | Peking University",Shiyu Wu; Jing Liu | Shiyu Wu; Yequan Wang | Shuyan Li | Jing Li | Yequan Wang,,"Institute of Automation, Chinese Academy of Sciences, Beijing, China | Beijing Academy of Artificial Intelligence, Beijing, China | University of Chinese Academy of Sciences, Beijing, China | Tsinghua Shenzhen International Graduate School, Tsinghua University, Shenzhen | Harbin Institute of Technology, Shenzhen, China | Peking University, Beijing, China",curated:be2900947b322f9eb905,Few-Shot Synthetic Image Attribution: Identifying Unseen Generators with Limited Samples,2026,European Conference on Computer Vision,false,true,5,5,0,,6,10.48550/arxiv.2509.25682,2509.25682,W4415338199,https://openalex.org/W4415338199
314,complete,,complete,No mapping action needed,none,confirmed,Xiamen University | Northeastern University | Tongji University | National University of Singapore,Jie Li; Jiayi Ji | Yingying Feng | Chi Xie | Jie Hu; Lei Tan; Jiayi Ji,,Xiamen University | Northeastern University | Tongji University | National University of Singapore,curated:dbbb2e6ee311ee6198c3,FIND: A Simple yet Effective Baseline for Diffusion-Generated Image Detection,2026,AAAI Conference on Artificial Intelligence,false,true,6,6,0,,4,10.1609/aaai.v40i8.37547,2603.14220,W7138448571,https://doi.org/10.1609/aaai.v40i8.37547
315,complete,,complete,No mapping action needed,none,confirmed,"Institute of Automation, Chinese Academy of Sciences | University of Chinese Academy of Sciences | Institute of Computing Technology, Chinese Academy of Sciences",Shan Zhang; Mingming Zhang; Lei Ma | Shan Zhang; Lei Ma; Yongxin He; Huiwen Tian | Yongxin He; Huiwen Tian,,"The Key Laboratory of Cognition and Decision Intelligence for Complex Systems, Institute of Automation, Chinese Academy of Sciences | School of Artificial Intelligence, University of Chinese Academy of Sciences | Key Lab of Intelligent Information Processing, Institute of Computing Technology, Chinese Academy of Sciences",curated:f380c0d31081fc59f1eb,FiSeR: Fine-Grained Source Representations for Cross-Domain AI Image Detection,2026,International Conference on Machine Learning,false,true,5,5,0,,3,10.48550/arxiv.2606.00606,2606.00606,W7163168192,https://doi.org/10.48550/arxiv.2606.00606
316,complete,,complete,No mapping action needed,none,confirmed,Xiamen University | Sino-Russian Research Center for Digital Economy,Menyanshu Zhou; Ziyin Zhou; Ke Sun; Yunpeng Luo; Jiayi Ji; Xiaoshuai Sun; Rongrong Ji | Xiaoshuai Sun,,"Key Laboratory of Multimedia Trusted Perception and Efficient Computing, Ministry of Education of China, School of Informatics, Xiamen University, Xiamen 361005, P.R. China | Sino-Russian Research Center for Digital Economy",curated:078ade9edabe304013a7,ForensicConcept: Transferable Forensic Concepts for AIGI Detection,2026,International Conference on Machine Learning,false,true,7,7,0,,2,10.48550/arxiv.2606.07034,2606.07034,W7163898036,https://doi.org/10.48550/arxiv.2606.07034
317,complete,,complete,No mapping action needed,none,confirmed,Beijing University of Posts and Telecommunications | Beijing Normal University | Beijing Academy of Artificial Intelligence,Dan Wu; Kang Yang; Min Ren; Zhaofeng He | Saihui Hou | Jian Zhao,,"Beijing University of Posts and Telecommunications, beijing, China | Beijing Normal University, beijing, China | Institute of Artificial Intelligence, beijing, China",curated:9ae6e4e3816daa7e1650,ForgeryMoE: Mixture of Experts for Image Forgery Detection Under JPEG Compression,2026,ACM International Conference on Multimedia Retrieval,false,true,6,6,0,,3,10.1145/3805622.3810810,,W7164804110,https://doi.org/10.1145/3805622.3810810
318,complete,,complete,No mapping action needed,none,confirmed,Peking University | Xiangtan University | Xiaomi Corporation,Yizhi Fang; Boxuan Han; Jingwen Wang; Siyu Peng; Xiarun Chen; Weiping Wen | Xiandang Luo | Sai Cheng,,"Peking University, Beijing, 100871, China | Xiangtan University, Xiangtan, 411100, China | Xiaomi Corporation, Beijing, 100871, China",curated:ed5f779be1e71edddcee,Forging the Unknown: Open-Set Deepfake Attribution via Adaptive Fingerprint Learning,2026,International Conference on Pattern Recognition,false,true,8,8,0,,3,10.1007/978-3-032-31663-9_45,,W7172125459,https://doi.org/10.1007/978-3-032-31663-9_45
319,complete,,complete,No mapping action needed,none,confirmed,University of New South Wales,Haoyang Xu,,"School of Computer Science and Engineering, University of New South Wales (UNSW), Sydney, NSW, Australia",curated:748ed5e2cf27aea70f6a,Frequency-Aware Robustness Analysis of Deepfake Detection Models,2026,Journal on artificial intelligence,false,true,1,1,0,,1,10.32604/jai.2026.078014,,W7143520843,https://doi.org/10.32604/jai.2026.078014
320,complete,,complete,No mapping action needed,none,confirmed,Shanghai Jiao Tong University | Ant Group,Haozhen Yan; S. Lang; Jiahui Zhan; Yikun Ji; Yujie Gao; Jianfu Zhang | Yan Hong; Huijia Zhu; Jun Lan,,Shanghai Jiao Tong University | Ant Group,curated:e2c0dacc159564e9e575,Gamma: Generalizable AI-Generated Image Detection via Multi-Task and Manipulation-Augmented Supervision,2026,"IEEE International Conference on Acoustics, Speech and Signal Processing",false,true,9,9,0,,2,10.1109/icassp55912.2026.11460946,2509.10250,W7155034883,https://doi.org/10.1109/icassp55912.2026.11460946
321,complete,,complete,No mapping action needed,none,confirmed,Shanghai Jiao Tong University | Ant Group,Hanyi Wang; Yaoyu Kang; Zhuosheng Zhang; Shilin Wang | Jun Lan; Huijia Zhu; Weiqiang Wang,,"School of Computer Science, Shanghai Jiao Tong University, Shanghai, China | Antgroup, Hangzhou, China",curated:9ec7092e57766741468f,Generalizable and Adaptive Continual Learning Framework for AI-Generated Image Detection,2026,IEEE Transactions on Multimedia,false,true,7,7,0,,2,10.1109/tmm.2026.3651067,2601.05580,W7118208389,https://doi.org/10.1109/tmm.2026.3651067
322,complete,,complete,No mapping action needed,none,confirmed,Peking University | Tencent Youtu Lab,Zhipei Xu; Xuanyu Zhang; Qing Huang; Jian Zhang | Zhipei Xu; Youmin Xu; Shen Chen; Taiping Yao; Shouhong Ding,,"School of Electronic and Computer Engineering, Peking University | Tencent Youtu Lab",curated:d6fe2666a64b0c70ff6b,GenShield: Unified Detection and Artifact Correction for AI-Generated Images,2026,International Conference on Machine Learning,false,true,8,8,0,,2,10.48550/arxiv.2605.16122,2605.16122,W7161576865,https://doi.org/10.48550/arxiv.2605.16122
323,complete,,complete,No mapping action needed,none,confirmed,The University of Western Australia,Md Faraz Kabir Khan; Saeed Anwar; Ghulam Mubashar Hassan,,"Department of Computer Science and Software Engineering The University of Western Australia Perth, WA 6009",curated:f3aa81928c76cd4b3903,GenSyn10: A Multi-Generative AI Dataset for Benchmarking Image Classification,2026,arXiv,false,true,3,3,0,,1,,2607.16283,W7169872909,https://doi.org/10.48550/arxiv.2607.16283
324,complete,,complete,No mapping action needed,none,confirmed,Northwestern Polytechnical University,Wenfei Wei; Dongpeng Hou; Shu Yin; H P Wang; Chao Gao; Xianghua Li; Yang Liu,,"Optics and Electronics Northwestern Polytechnical University,School of Artificial Intelligence,Xi&#x2019;an,China | Northwestern Polytechnical University,School of Mechanical Engineering,Xi&#x2019;an,China | Northwestern Polytechnical University,School of Computer Science,Xi&#x2019;an,China | Northwestern Polytechnical University,School of Cybersecurity,Xi&#x2019;an,China",curated:70f6d63927384365006f,High-Resolution Contrastive Framework for Generalizable AI-Generated Image Detection,2026,"IEEE International Conference on Acoustics, Speech and Signal Processing",false,true,7,7,0,,1,10.1109/icassp55912.2026.11461655,,W7155044587,https://doi.org/10.1109/icassp55912.2026.11461655
325,complete,,complete,No mapping action needed,none,missing,,,,,openalex:W4415187215,HRR: Hierarchical Retrospection Refinement for Generated Image Detection,2026,Pattern Recognition Letters,false,false,5,5,0,,5,https://doi.org/10.1016/j.patrec.2026.04.016,2502.17862,W4415187215,https://doi.org/10.1016/j.patrec.2026.04.016
326,complete,,complete,No mapping action needed,none,confirmed,National Taiwan University | National Tsing Hua University | Academia Sinica,Chin-Chia Yang; Yung-Yu Chuang | Hwann-Tzong Chen | Chin-Chia Yang; Tyng-Luh Liu,,"Department of Computer Science, National Taiwan University, Taiwan; AI Center of Research Excellence (AI-CoRE), National Taiwan University, Taiwan | Department of Computer Science, National Tsing Hua University, Taiwan | Institute of Information Science, Academia Sinica, Taiwan",curated:b2b738978609f5704f00,HSIC Bottleneck for Cross-Generator and Domain-Incremental Synthetic Image Detection,2026,International Conference on Learning Representations,false,true,4,4,0,,3,,,W7111483085,https://openreview.net/pdf?id=msLnKDvhBx
327,complete,,complete,No mapping action needed,none,confirmed,"Fudan University | University of California, Berkeley",Tingshu Mou; Chao Gong; Jingjing Chen; Xingjun Ma | Zhipeng Wei,,,curated:d59bffe554500b241a3e,ImageAttributionBench: How Far Are We from Generalizable Attribution?,2026,arXiv,false,true,5,5,0,,2,10.48550/arxiv.2605.12967,2605.12967,W7161132651,https://doi.org/10.48550/arxiv.2605.12967
328,complete,,complete,No mapping action needed,none,confirmed,"Fudan University | CEC GienTech Technology Co., Ltd.",Zihao Cai; Xue Song; Xinghan Li; Bo Li; Jingjing Chen | Haijun Shan,,"Fudan University | CEC GienTech Technology Co.,Ltd., Shanghai, China",curated:88b63de59a0eabcd1b02,Incremental Learning for AI-Generated Image Detection,2026,IEEE Transactions on Multimedia,false,true,6,6,0,,2,10.1109/tmm.2026.3716041,,W7170070315,https://doi.org/10.1109/tmm.2026.3716041
329,complete,,complete,No mapping action needed,none,confirmed,"Macau University of Science and Technology | DeepFuture Technology (Hengqin, Guangdong) Co., Ltd. | Macao Polytechnic University",Yuchu Lin; Xinqi Jiang; Jinyu Tian | Yuchu Lin | Wei Wang,,"DeepFuture Technology (Hengqin, Guangdong) Co., Ltd. Hengqin Guangdong China | Faculty of Innovation Engineering Macau University of Science and Technology Macao SAR China | Engineering Research Centre of Applied Technology on Machine Translation and Artificial Intelligence, Macao Polytechnic University Macao SAR China",curated:268336295435cfbbbd5d,Learning a Semantic Similarity Orthogonal Space for Model‐Level <scp>AI</scp> ‐Generated Image Source Attribution,2026,Expert Systems,false,true,4,4,0,,3,10.1111/exsy.70359,,W7169545837,https://doi.org/10.1111/exsy.70359
330,complete,,complete,No mapping action needed,none,confirmed,General Directorate of Education in Al-Qadisiyah Governorate,Roaa Ghanim; Nibras Hmaizah,,"General Directorate of Education in Al-Qadisiyah Govemorate, Diwaniyah, Iraq",curated:e8b546496836adcf6c1a,Learning Generalizable Visual Representations for AI-Generated Image Detection,2026,Al-Noor Journal of Engineering Management and Computer Science,false,true,2,2,0,,1,10.71229/4kj12980,,W7171777762,https://doi.org/10.71229/4kj12980
331,complete,,complete,No mapping action needed,none,confirmed,Jiangnan University,Hanxiang Zheng; Jiaying Lin; Haoyu Yang,,"School of Artificial Intelligence and Computer Science, Jiangnan University, Wuxi, 21422, Jiangsu, China",curated:0a803e244a205b05642b,Leveraging DINOv3 with Adapters for Fine-Grained Generative Image Detection,2026,International Conference on Intelligent Computing (ICIC),false,true,3,3,0,,1,10.1007/978-981-92-3450-9_29,,W7169800360,https://doi.org/10.1007/978-981-92-3450-9_29
332,complete,,complete,No mapping action needed,none,confirmed,"Beijing Jiaotong University | Institute of Automation, Chinese Academy of Sciences | Wuhan University",Shibo Yao; Renshuai Tao; Chunjie Zhang | Xiaolong Zheng | Chao Liang,,,curated:7b767faa09af80414296,Leveraging Failed Samples: A Few-Shot and Training-Free Framework for Generalized Deepfake Detection,2026,AAAI Conference on Artificial Intelligence,false,true,5,5,0,,3,10.1609/aaai.v40i33.39998,2508.09475,W7138200288,https://doi.org/10.1609/aaai.v40i33.39998
333,complete,,complete,No mapping action needed,none,missing,,,,,curated:af017ea331a2238112d7,Light2Lie: Detecting Deepfake Images Using Physical Reflectance Laws,2026,Network and Distributed System Security Symposium,false,true,4,4,0,,1,https://doi.org/10.14722/ndss.2026.230923,,W7160998329,https://doi.org/10.14722/ndss.2026.230923
334,complete,,complete,No mapping action needed,none,confirmed,Tongji University | Shanghai Jiao Tong University,Yuefan Li; Xiao Zhang; Huiyuan Wang; Haoran Cui | Yuefan Li; Xiao Zhang; Huiyuan Wang; Haoran Cui; Yishuai Zhu,,"ShanghaiJiao Tong University | ShanghaiJiao Tong University | Shanghai Jiao Tong University Global College, Shanghai Jiao Tong University",curated:854ae0d692bd69098142,Lightweight Detection of AIGI Based on Multi-Feature Fusion and Phased Optimization,2026,International Conference on Computer Vision and Deep Learning,false,true,5,5,0,,1,10.1109/dlcv69906.2026.11635629,,W7201833279,https://doi.org/10.1109/dlcv69906.2026.11635629
335,complete,,complete,No mapping action needed,none,pending,Huazhong University of Science and Technology | Artificial Intelligence in Medicine (Canada),Yongling Huang; L Yang; Xianjun Deng; Shuilong Wang | Debin Liu,,"Hubei Key Laboratory of Distributed System Security, Hubei Engineering Research Center on Big Data Security, School of Cyber Science and Engineering, Huazhong University of Science and Technology, Wuhan, China | School of Cyber Science and Engineering, Huazhong University of Science and Technology, Wuhan, China | School of Computer and Artificial Intelligence, Zhengzhou University, Zhenzhou, China",curated:d8df0e4505f5d38ebb28,Lightweight Image Forgery Detection via Tucker Decomposition for Efficient Edge Deployment,2026,IEEE Transactions on Artificial Intelligence,false,true,5,5,0,,0,10.1109/tai.2026.3703792,,W7164849447,https://doi.org/10.1109/tai.2026.3703792
336,complete,,complete,No mapping action needed,none,confirmed,Shanghai Jiao Tong University | Ant Group,Yikun Ji; Bowen Deng; Liqing Zhang; Jianfu Zhang | Yikun Ji; Yan Hong; Jun Lan; Huijia Zhu; Weiqiang Wang,,Shanghai Jiao Tong University | Ant Group,curated:cf55e35fcf11e09fdd12,Locate-Then-Examine: Grounded Region Reasoning Improves Detection of AI-Generated Images,2026,IEEE/CVF Conference on Computer Vision and Pattern Recognition,false,true,8,8,0,,2,10.48550/arxiv.2510.04225,2510.04225,W4416374043,https://openaccess.thecvf.com/content/CVPR2026/papers/Ji_Locate-Then-Examine_Grounded_Region_Reasoning_Improves_Detection_of_AI-Generated_Images_CVPR_2026_paper.pdf
337,complete,,complete,No mapping action needed,none,missing,,,,,openalex:W7125199518,Methods and trends in detecting AI-generated images: A comprehensive review,2026,Computer Science Review,false,false,2,2,0,,1,10.1016/j.cosrev.2026.100908,2502.15176,W7125199518,https://doi.org/10.1016/j.cosrev.2026.100908
338,complete,,complete,No mapping action needed,none,confirmed,Alibaba Inc,Oucheng Huang; Manxi Lin; Jiexiang Tan; Xiaoxiong Du; Yang Qiu; Junjun Zheng; Xiangheng Kong; Yuning Jiang; Bo Zheng,,Taobao & Tmall Group of Alibaba,curated:8e9658fa727094695be8,MIRAGE: Towards AI-Generated Image Detection in the Wild,2026,AAAI Conference on Artificial Intelligence,false,true,9,9,0,,1,10.1609/aaai.v40i7.37421,,W7137943215,https://doi.org/10.1609/aaai.v40i7.37421
339,complete,,complete,No mapping action needed,none,confirmed,"Academy of Broadcasting Science | Communication University of China | Institute of Information Engineering, Chinese Academy of Sciences",Qingtong Liu; Ziyu Xue | Qingtong Liu; Xinyao Zhao; Weiguo Lin; Junjun Si; Zehua Ji | Haichao Shi,,"Academy of Broadcasting Science, NRTA, Beijing, China | Communication University of China, Beijing, China | Institute of Information Engineering, Chinese Academy of Sciences, Beijing, China",curated:4ad04c01ae2850d5cc34,MoFAIR: Self-Improving Post-Training for Robust and Explainable AIGC Forensics with Lightweight Reward Distillation,2026,International Conference on Intelligent Computing (ICIC),false,true,7,7,0,,3,10.1007/978-981-92-3429-5_44,,W7169677405,https://doi.org/10.1007/978-981-92-3429-5_44
340,complete,,complete,No mapping action needed,none,confirmed,University of Shanghai for Science and Technology | Fudan University,Jialei Zhu; Heng Yao; Chuan Qin | Xinpeng Zhang,,"School of Optical-Electrical and Computer Engineering, University of Shanghai for Science and Technology, Shanghai, China | School of Computer Science, Fudan University, Shanghai, China",curated:543d02cab0479b0d19ad,"Multi-Domain Feature Fusion: Leveraging Color, Noise, and Spatial Features for AI-Generated Image Detection",2026,IEEE Transactions on Multimedia,false,true,4,4,0,,2,10.1109/tmm.2026.3712634,,W7168163527,https://doi.org/10.1109/tmm.2026.3712634
341,complete,,complete,No mapping action needed,none,confirmed,North China University of Technology | Guizhou University,Ying Guo; Hao Chen; Siqi Feng; Jie Liu; Wei Song | Qi Wang,,"Beijing Key Laboratory of Key Technologies for AI+ Domain Applications, The School of Information Science, North China University of Technology, Beijing, 100144, China | The State Key Laboratory of Public Big Data, Guizhou University, Guiyang, 550025, China",curated:d795eb349b504332031e,Multi-Modal Adapter for AI-Generated Image Detection,2026,Computer Vision and Image Understanding,false,true,6,6,0,,2,10.1016/j.cviu.2026.104900,,W7202173857,https://doi.org/10.1016/j.cviu.2026.104900
342,complete,,complete,No mapping action needed,none,confirmed,"Nanjing University of Science and Technology | Beijing University of Technology | Institute of Automation, Chinese Academy of Sciences | Princess Nourah bint Abdulrahman University | Nottingham Trent University",Kaiwen Xu; Yichao Zhou; Yang Xu | Xiyuan Hu | Chen Chen | Hadeel Alsolai | Shahid Mumtaz,,"School of Computer Science and Engineering, Nanjing University of Science and Technology, Nanjing 210094, China | College of Computer Sciences, Beijing University of Technology, Beijing 100124, China | State Key Laboratory of Multimodal Artificial Intelligence Systems, Institute of Automation, Chinese Academy of Sciences, Beijing 100190, China | Department of Information Systems, College of Computer and Information Sciences, Princess Nourah bint Abdulrahman University, P.O. Box 84428, Riyadh 11671, Saudi Arabia | Department of Computer Sciences, Nottingham Trent University, NG1 4FQ Nottingham, U.K.",curated:3c22ad3ac0639bf3d2b5,Multiscale Spatial Frequency-Aware Transformer and Saturation Analysis for Universal Deepfake Detection,2026,IEEE Transactions on Cybernetics,false,true,7,7,0,,5,10.1109/TCYB.2026.3690601,,,https://doi.org/10.1109/tcyb.2026.3690601
343,complete,,complete,No mapping action needed,none,missing,,,,,openalex:W4414739373,Navigating the Challenges of AI-Generated Image Detection in the Wild: What Truly Matters?,2026,ACM International Workshop on Multimedia AI against Disinformation,false,false,6,6,0,,1,10.1145/3810988.3812665,2507.10236,W4414739373,https://doi.org/10.1145/3810988.3812665
344,complete,,complete,No mapping action needed,none,confirmed,Zhejiang University,Lianrui Mu; Haoji Hu; Xingze Zou; Jianhong Bai; Jiaqi Hu,,,curated:506d44d3feea2627dd42,No Pixel Left Behind: A Detail-Preserving Architecture for Robust High-Resolution AI-Generated Image Detection,2026,International Conference on Learning Representations,false,true,5,5,0,,1,,2508.17346,,https://openreview.net/pdf?id=9QQ3Kc2hj6
345,complete,,complete,No mapping action needed,none,pending,Inner Mongolia University of Technology | Kochi University of Technology,Haoran Yang; Ruiqiang Ma; Gang Wang | Jien Kato,,"College of Intelligent Science and Technology, Inner Mongolia University of Technology, Hohhot, 010080, Inner Mongolia, China | College of Intelligent Science and Technology, Inner Mongolia University of Technology, Hohhot, 010080, Inner Mongolia, China. Electronic address: marq@imut.edu.cn | School of Data and Innovation, Kochi Univertisy of Technology, Kami, 782-8502, Kochi, Japan",curated:167b4dd09fa505470bce,NSFF: Noise and Semantic Features Fusion for AI-Generated Image Detection,2026,Neural Networks,false,true,4,4,0,,0,10.1016/j.neunet.2026.109130,,W7161630969,https://doi.org/10.1016/j.neunet.2026.109130
346,complete,,complete,No mapping action needed,none,confirmed,University of Florence | Sun Yat-sen University | Jinan University,Jianwei Fei; Dasara Shullani; Daniele Baracchi; Alessandro Piva | Yunshu Dai | Peipeng Yu; Zhihua Xia,,University of Florence | Sun Yat-sen University | Jinan University,curated:16646ad4b7b77cde2ad8,One for All: Synthesis-Free Fingerprint Learning for Attribution of In-the-Wild Synthetic Images,2026,AAAI Conference on Artificial Intelligence,false,true,7,7,0,,3,10.1609/aaai.v40i42.40851,,W7138936966,https://doi.org/10.1609/aaai.v40i42.40851
347,complete,,complete,No mapping action needed,none,confirmed,Jinan University | University of Florence | Guangdong University of Technology,Xiaoyu Zhou; Peipeng Yu; Chong Cheng; Zhihua Xia | Jianwei Fei | Jingchang Xie,,"College of Cyber Security, Jinan University, Guangzhou, China | Department of Information Engineering, University of Florence, Florence, Italy | School of Integrated Circuits, Guangdong University of Technology, Guangzhou, China",curated:a570863c3a6ac227b56c,PGC: Peak-Guided Calibration for Generalizable AI-Generated Image Detection,2026,International Conference on Machine Learning,false,true,6,6,0,,3,10.48550/arxiv.2605.21207,2605.21207,W7162011903,https://doi.org/10.48550/arxiv.2605.21207
348,complete,,complete,No mapping action needed,none,confirmed,Wuhan University | Peking University | National University of Singapore | Singapore Management University,Shilei Zhao; Zheng Wang | Wenxuan Liu | Danni Xu | Joey Tianyi Zhou,,Wuhan University | Peking University | National University of Singapore | Singapore Management University,curated:3b0a1942ac6f2c351f34,PhyTrace: Tracing Physical Inconsistency in AI-Generated Images via ISP Emulation,2026,IEEE Transactions on Image Processing,false,true,5,5,0,,4,10.1109/tip.2026.3709453,,W7170493105,https://doi.org/10.1109/tip.2026.3709453
349,complete,,complete,No mapping action needed,none,confirmed,Mohamed bin Zayed University of Artificial Intelligence | Monash University,Kartik Kuckreja; Muhammad Haris Khan | Parul Gupta; Abhinav Dhall,,MBZUAI | Monash University,curated:3bb1fe2e65312512ed32,Pixels Don't Lie (but Your Detector Might): Bootstrapping MLLM-as-a-Judge for Trustworthy Deepfake Detection and Reasoning Supervision,2026,IEEE/CVF Conference on Computer Vision and Pattern Recognition,false,true,4,4,0,,2,,2602.19715,W7131411544,https://openaccess.thecvf.com/content/CVPR2026/papers/Kuckreja_Pixels_Dont_Lie_But_Your_Detector_Might_Bootstrapping_MLLM-as-a-Judge_for_CVPR_2026_paper.pdf
350,complete,,complete,No mapping action needed,none,confirmed,Offenburg University of Applied Sciences | University of Mannheim | Max Planck Institute for Informatics,Janis Keuper | Janis Keuper; Margret Keuper | Margret Keuper,,"IMLA, Offenburg University, Germany | University of Mannheim, Germany | Max Planck Institute for Informatics, Saarland Informatics Campus",curated:b45849aa3f89cc8b64ef,Position: We Need to Re-Think the Concept of “Real” Images.,2026,International Conference on Machine Learning,false,true,2,2,0,,3,,,,https://openreview.net/pdf?id=RQYtI1SbSx
351,complete,,complete,No mapping action needed,none,confirmed,Ruhr University Bochum,Simon Damm; Jonas Ricker; Henning Petzka; Asja Fischer,,Ruhr University Bochum,curated:f6ad15b01df18aadfe1a,PRADA: Probability-Ratio-Based Attribution and Detection of Autoregressive-Generated Images,2026,IEEE/CVF Conference on Computer Vision and Pattern Recognition,false,true,4,4,0,,1,10.48550/arxiv.2511.20068,2511.20068,W4417082429,https://openaccess.thecvf.com/content/CVPR2026F/papers/Damm_PRADA_Probability-Ratio-Based_Attribution_and_Detection_of_Autoregressive-Generated_Images_CVPRF_2026_paper.pdf
352,complete,,complete,No mapping action needed,none,confirmed,University of Naples Federico II,Fabrizio Guillaro; Vincenzo De Rosa; Davide Cozzolino; Luisa Verdoliva,,University Federico II of Naples,curated:bb388762c1cb4bd3bf4a,Quality-Aware Calibration for AI-Generated Image Detection in the Wild,2026,IEEE/CVF Conference on Computer Vision and Pattern Recognition,false,true,4,4,0,,1,10.48550/arxiv.2604.15027,2604.15027,W7154747266,https://openaccess.thecvf.com/content/CVPR2026W/APAI/papers/Guillaro_Quality-Aware_Calibration_for_AI-Generated_Image_Detection_in_the_Wild_CVPRW_2026_paper.pdf
353,complete,,complete,No mapping action needed,none,confirmed,Great Bay University | Shandong Normal University | University of Macau | University of Science and Technology of China,Jun Wang; Zitong Yu; Chaomeng Chen | Lingchen Gu; Wenbo Wan | Jiantao Zhou | Weiming Zhang,,"School of Computing and Information Technology and the Great Bay Institute for Advanced Study (GBIAS), Great Bay University, Dongguan, China | School of Information Science and Engineering, Shandong Normal University, Jinan, China | Department of Computer and Information Science, State Key Laboratory of Internet of Things for Smart City, University of Macau, Taipa, Macau, China | School of Cyber Science and Technology, University of Science and Technology of China, Hefei, Anhui, China",curated:75b4ab2d95e995615ae2,Quality-Guided Forgery Adapter for Generalizable AIGC Image Detection,2026,IEEE Transactions on Information Forensics and Security,false,true,7,7,0,,4,10.1109/tifs.2026.3698571,,W7163057035,https://doi.org/10.1109/tifs.2026.3698571
354,complete,,complete,No mapping action needed,none,confirmed,Beijing University of Posts and Telecommunications,Tengwei Bi; Ruiji Ma; Ying Huang; Yihan Wang; Jie Liu; Xicheng Zhang,,Beijing University of Posts and Telecommunications,curated:567ec9e4515f2e4a20ca,RADI: A Retrieval-Augmented Dynamic In-Context Learning Framework for AIGC Image Detection,2026,"IEEE International Conference on Acoustics, Speech and Signal Processing",false,true,6,6,0,,1,10.1109/icassp55912.2026.11462412,,W7155089945,https://doi.org/10.1109/icassp55912.2026.11462412
355,complete,,complete,No mapping action needed,none,confirmed,"University of California, Berkeley | University of Charleston",Guang Yang; Fengchen Liu | Qian Zhang,,"University of California, Berkeley, Berkeley, USA | University of Charleston, Charleston, USA",curated:9fdc78cdcf22cdbf4776,Radial Residual Frequency: A Semantically Aligned Benchmark and Spectral Detector for AI-Generated Images,2026,ACM SIGGRAPH,false,true,3,3,0,,2,10.1145/3799825.3818777,,W7168404802,https://doi.org/10.1145/3799825.3818777
356,complete,,complete,No mapping action needed,none,confirmed,Renmin University of China | Duke University | Microsoft Research Asia,Zhao Wang; Zhicheng Dou | Max Xiong | Jianxun Lian,,"Gaoling School of Artificial Intelligence, Renmin University of China",curated:6c2f591bf6fda3abecbb,Reasoning-Aware AIGC Detection via Alignment and Reinforcement,2026,Annual Meeting of the Association for Computational Linguistics,false,true,4,4,0,,3,10.18653/v1/2026.findings-acl.1043,2604.19172,W7166812826,https://doi.org/10.18653/v1/2026.findings-acl.1043
357,complete,,complete,No mapping action needed,none,confirmed,Fudan University | University of Siena,Meiling Li | Pietro Bongini; Benedetta Tondi; Mauro Barni,,,curated:c84b04cb8e921be753db,Representation and Reference Selection in Training-Free Synthetic Image Attribution,2026,arXiv,false,true,4,4,0,,2,10.48550/arXiv.2607.12052,2607.12052,,https://arxiv.org/abs/2607.12052
358,complete,,complete,No mapping action needed,none,confirmed,San Jose State University,Shivank Singh Thakur; Meien Li; Mark Stamp,,"Department of Computer Science, San Jose State University",curated:91645e26cfd2c499fbcc,Robustness of AI-Art Detectors Under Generator Shift,2026,arXiv,false,true,3,3,0,,1,10.31979/etd.tyr2-z2ce,2608.11643,W7171930512,https://doi.org/10.31979/etd.tyr2-z2ce
359,complete,,complete,No mapping action needed,none,confirmed,"Institute of Automation, Chinese Academy of Sciences | Beijing Jiaotong University | University of Chinese Academy of Sciences",Ziheng Qin; Yuheng Ji; Yuxuan Tian; Yuyang Liu; Xiaolong Zheng | Ziheng Qin; Renshuai Tao | Ziheng Qin; Yuheng Ji; Yuxuan Tian; Yuyang Liu; Yipu Wang; Xiaolong Zheng,,"Institute of Information Science, Beijing Jiaotong University | School of Artificial Intelligence, University of Chinese Academy of Sciences; School of Advanced Interdisciplinary Sciences, University of Chinese Academy of Sciences",curated:beb92721c8ba0d0c4231,Scaling Up AI-Generated Image Detection with Generator-Aware Prototypes,2026,IEEE/CVF Conference on Computer Vision and Pattern Recognition,false,true,7,7,0,,3,10.48550/arxiv.2512.12982,2512.12982,W4417453606,https://openaccess.thecvf.com/content/CVPR2026/papers/Qin_Scaling_Up_AI-Generated_Image_Detection_with_Generator-Aware_Prototypes_CVPR_2026_paper.pdf
360,complete,,complete,No mapping action needed,none,confirmed,Jiangnan University,Jianian Ding; Jiaming Xu,,"Jiangnan University, Wuxi, China",curated:98044fc98e006607991c,Semantic Artifact Logit Fusion for Generalizable AI-Generated Image Detection,2026,International Conference on Intelligent Computing (ICIC),false,true,2,2,0,,1,10.1007/978-981-92-3423-3_39,,W7169655029,https://doi.org/10.1007/978-981-92-3423-3_39
361,complete,,complete,No mapping action needed,none,confirmed,Beijing Jiaotong University | Microsoft Research Asia | Shenzhen University,Chuangchuang Tan; Renshuai Tao; Yunchao Wei; Yao Zhao | Chuangchuang Tan; Xiang Ming; Jinglu Wang; Yan Lu | Bin Li,,"Institute of Information Science, Beijing Jiaotong University | Microsoft Research Asia | Shenzhen University",curated:368fa53bc0f254e0eb1a,Semantic Visual Anomaly Detection and Reasoning in AI-Generated Images,2026,International Conference on Learning Representations,false,true,8,8,0,,3,,2510.10231,,https://openreview.net/pdf?id=0iN4UKZwgn
362,complete,,complete,No mapping action needed,none,confirmed,Shenzhen University,Qiutong Huang; Zhenyu Wu; Haojie Liu; Yuanman Li; Xia Li,,Shenzhen University,curated:7677a61ea68774dc5023,Source Attribution of AI-Generated Image via Orthogonal Subspace Mixture-of-Experts,2026,"IEEE International Conference on Pattern Recognition, Machine Vision and Artificial Intelligence (PRMVAI)",false,true,5,5,0,,1,10.1109/prmvai70103.2026.11605668,,W7169832192,https://doi.org/10.1109/prmvai70103.2026.11605668
363,complete,,complete,No mapping action needed,none,confirmed,University of Siena | Fudan University,Pietro Bongini; Andrea Costanzo; Benedetta Tondi; Mauro Barni | Meiling Li,,"Department of Information Engineering and Mathematics, University of Siena, Siena, Italy | College of Computer Science and Artificial Intelligence, Fudan University, Shanghai, China",curated:a1eea412716e4d045da6,Source Attribution of AI-Generated Images in Data Scarcity Conditions via Training-Free Resynthesis,2026,IEEE Open Journal of Signal Processing,false,true,5,5,0,,2,10.1109/ojsp.2026.3710125,,W7167258238,https://doi.org/10.1109/ojsp.2026.3710125
364,complete,,complete,No mapping action needed,none,confirmed,Fudan University | University of Siena,Meiling Li; Zhenxing Qian; Xinpeng Zhang | Benedetta Tondi; Pietro Bongini; Mauro Barni,,"College of Computer Science and Artificial Intelligence, Fudan University, Songhu Road 2005, Shanghai, 200438, China. | Department of Information Engineering and Mathematics, University of Siena, Via Roma 56, Siena, 53100, Italy.",curated:35aae1e2c9d673ab1a97,Source Attribution of AI-Generated Images: A Principled Survey,2026,Zenodo,false,true,6,6,0,,2,10.5281/zenodo.20814592,,W7165659096,https://doi.org/10.5281/zenodo.20814592
365,complete,,complete,No mapping action needed,none,pending,"Indian Institute of Engineering Science and Technology, Shibpur",Tanusree Ghosh; Ruchira Naskar,,"Department of Information Technology, Indian Institute of Engineering Science and Technology, Shibpur, India",curated:9a95c96ee1d20e56c56d,Spatial Flatness-Curvature Mask Driven Generalized Detection of Synthetic Images,2026,Pattern Recognition Letters,false,true,2,2,0,,0,10.1016/j.patrec.2026.04.022,,W7155528736,https://doi.org/10.1016/j.patrec.2026.04.022
366,complete,,complete,No mapping action needed,none,confirmed,Great Bay University | Shandong Normal University | University of Macau | University of Science and Technology of China,Jun Wang; Jian Zou; Zitong Yu; Shuo Ye | Wenbo Wan; Lingchen Gu | Jiantao Zhou | Weiming Zhang,,Great Bay University | Shandong Normal University | University of Macau | University of Science and Technology of China,curated:8640d27a91b903de7754,Suspicious Frequency Amplified Hybrid Framework for Generalizable AIGC Image Detection,2026,IEEE Transactions on Information Forensics and Security,false,true,8,8,0,,4,10.1109/tifs.2026.3723118,,W7202305352,https://doi.org/10.1109/tifs.2026.3723118
367,complete,,complete,No mapping action needed,none,confirmed,Guizhou Police College | Guizhou Minzu University,Qian Zhang | Tao Yang; Qian Zhang; Bin Hu; Haiyan Jin; Lian Zhu,,"Department of Computer Science, Guizhou Police College, Guiyang 550000, Chin | Key Laboratory of Pattern Recognition and Intelligent Systems of Guizhou, Guizhou Minzu University, Guiyang, 550025, China | School of Data Science and Information Engineering, Guizhou Minzu University, Guiyang, 550025, China | Department of Computer Science, Guizhou Police College, Guiyang, 550000, China",curated:4cabfafef8c066c51924,Synthetic Image Detection Method Integrating Neural Ordinary Differential Equations and Spatial Attention Transformer,2026,The Journal of Supercomputing,false,true,5,5,0,,2,10.1007/s11227-026-08734-9,,W7171740585,https://doi.org/10.1007/s11227-026-08734-9
368,complete,,complete,No mapping action needed,none,confirmed,Mannheim University of Applied Sciences,Ahmed Abdullah; Nikolas Ebert; Oliver Wasenmuller,,"Mannheim University of Applied Sciences, Germany",curated:98977aa8b726ead071fe,TAP Into the Patch Tokens: Leveraging Vision Foundation Model Features for AI-Generated Image Detection,2026,IEEE/CVF Conference on Computer Vision and Pattern Recognition,false,true,3,3,0,,1,,2604.26772,W7158481166,https://openaccess.thecvf.com/content/CVPR2026W/SAFE/papers/Abdullah_TAP_into_the_Patch_Tokens_Leveraging_Vision_Foundation_Model_Features_CVPRW_2026_paper.pdf
369,complete,,complete,No mapping action needed,none,pending,Hand and Upper Limb Clinic | Indiana Hand to Shoulder Center,Aishwarya Budhkar; Trishita Dhara; Siddhesh Sheth,,Indiana University Upper Hand,curated:589870527983af575480,The Deployment Gap in AI Media Detection: Platform-Aware and Visually Constrained Adversarial Evaluation,2026,IEEE/CVF Conference on Computer Vision and Pattern Recognition,false,true,3,3,0,,0,,2604.09706,W7154539686,https://openaccess.thecvf.com/content/CVPR2026W/AIMS/papers/Budhkar_The_Deployment_Gap_in_AI_Media_Detection_Platform-Aware_and_Visually_CVPRW_2026_paper.pdf
370,complete,,complete,No mapping action needed,none,confirmed,Microsoft | Northwestern University | WITNESS | Bar-Ilan University,Thomas Roca; Pengce Wang; Kevin White; Juan Lavista Ferres | Marco Postiglione; Chongyang Gao; Isabel Gortner; V. S. Subrahmanian | Zuzanna Wojciak; Mahsa Alimardani; Shirin Anlen; Sam Gregory | Sarit Kraus,,"Microsoft AI for Good, Redmond, WA, 98052, USA | Northwestern University, Evanston, IL, USA | WITNESS, New York, NY, 10003, USA | Bar-Ilan University, Ramat Gan, 52900, Israel",curated:1e9d05beedcfeea67d34,The Microsoft-Northwestern-WITNESS Benchmark for Deepfake Detection,2026,IEEE Intelligent Systems,false,true,13,13,0,,4,10.1109/mis.2026.3668398,,W7153135439,https://doi.org/10.1109/mis.2026.3668398
371,complete,,complete,No mapping action needed,none,confirmed,University of Bologna,Filippo Bartolucci; Samuele Salti; Giuseppe Lisanti,,"Alma Mater Studiorum, University of Bologna, Bologna, Italy | University of Bologna, Department of Computer Science and Engineering, Italy",curated:b31395a72552920109fa,The PRISM Benchmark: PhotoRealistic Image Synthesis and Manipulation to Detect Generated Images,2026,Computer Vision and Image Understanding,false,true,3,3,0,,1,10.1016/j.cviu.2026.104826,,W7163407289,https://doi.org/10.1016/j.cviu.2026.104826
372,complete,,complete,No mapping action needed,none,confirmed,Grenoble INP | French National Centre for Scientific Research | GIPSA-Lab | Université Grenoble Alpes,Thai Ngoc Toan Truong; Ji Li; Kai Wang,,"GIPSA-lab, Univ. Grenoble Alpes, CNRS, Grenoble INP, Grenoble, France",curated:e9594b5466110ca009aa,Toward Generalizable AI-Generated Image Detection with a New Realistic Dataset: Performance Evaluation and Improvement,2026,IEEE Multimedia,false,true,3,3,0,,2,10.1109/mmul.2026.3710370,,W7167505904,https://doi.org/10.1109/mmul.2026.3710370
373,complete,,complete,No mapping action needed,none,missing,,,,,curated:038a578e520799c8671e,Toward Generalizable Forgery Detection and Reasoning,2026,IEEE Transactions on Image Processing,false,true,8,8,0,,2,https://doi.org/10.1109/tip.2026.3673967,2503.21210,W7140634248,https://doi.org/10.1109/tip.2026.3673967
374,complete,,complete,No mapping action needed,none,confirmed,University of Naples Federico II,Davide Cozzolino; Giovanni Poggi; Luisa Verdoliva,,"University Federico II of Naples, 80125 Naples, Italy",curated:dab7806aa2ff9f95d58d,Understanding Why Foundation Models Work for Diffusion-Generated Image Detection,2026,arXiv,false,true,3,3,0,,1,,2608.12155,W7202354130,https://openalex.org/W7202354130
375,complete,,complete,No mapping action needed,none,pending,Vietnam National University Ho Chi Minh City,Thinh-Phat Vo; Daniel Mai; Minh–Triet Tran; Trong-Le Do,,"University of Science, VNU-HCM, Ho Chi Minh, Vietnam and Viet Nam National University, Ho Chi Minh City, Vietnam | University of Science, VNU-HCM, Ho Chi Minh, Vietnam and Viet Nam National University, Ho Chi Minh, Vietnam",curated:0d918782407e05ade5bd,Unified Detection of Synthetic and Manipulated Images via Dual-Stream Artifact Fusion,2026,ACM International Workshop on Multimedia AI against Disinformation,false,true,4,4,0,,0,10.1145/3810988.3812660,,W7164758918,https://doi.org/10.1145/3810988.3812660
376,complete,,complete,No mapping action needed,none,confirmed,Jiangnan University,Peitao Wang; Yujie Cao; Wancheng He; Hongwei Liu; Haohan Ding,,"School of Artificial Intelligence and Computer Science, Jiangnan University, Wuxi, China",curated:611c1fc878b1f9737a04,Universal Deepfake Detection via Low-Rank Adaptation of Vision-Language Models,2026,International Conference on Intelligent Computing (ICIC),false,true,5,5,0,,1,10.1007/978-981-92-3429-5_47,,W7169672328,https://doi.org/10.1007/978-981-92-3429-5_47
377,complete,,complete,No mapping action needed,none,confirmed,Sun Yat-sen University | Peng Cheng Laboratory | Xi'an Jiaotong University | Australian National University | Tsinghua University,Yao Xiao; Weiyan Chen; Zijie Cao; Binbin Yang; Ziyi Dong; Pengxu Wei; Liang Lin | Pengxu Wei; Liang Lin | Jiahao Chen; Wei Ke | Weijian Deng | Xiangyang Ji,,,curated:64635535d7b7b6a12a32,Unveiling Perceptual Artifacts: A Fine-Grained Benchmark for Interpretable AI-Generated Image Detection,2026,International Conference on Learning Representations,false,true,11,11,0,,5,,2601.19430,W7126001367,https://openalex.org/W7126001367
378,complete,,complete,No mapping action needed,none,missing,,,,,openalex:W7131430408,What Is Real Anymore? A Solution to Detect Hyper Realistic AI-Generated Imagery,2026,IEEE 16th Annual Computing and Communication Workshop and Conference,false,false,5,5,0,,1,10.1109/ccwc67433.2026.11393845,,W7131430408,https://doi.org/10.1109/ccwc67433.2026.11393845
379,complete,,complete,No mapping action needed,none,confirmed,Xiamen University | Tencent Youtu Lab,Lvpan Cai; Jiayi Ji; Yanshu Zhoumen; Xiaoshuai Sun | Haowei Wang; Shen Chen; Taiping Yao,,,openalex:W7138473655,Zooming In on Fakes: A Novel Dataset for Localized AI-Generated Image Detection with Forgery Amplification Approach,2026,AAAI Conference on Artificial Intelligence,false,false,7,7,0,,2,10.1609/aaai.v40i4.37240,2504.11922,W7138473655,https://doi.org/10.1609/aaai.v40i4.37240
380,complete,,complete,No mapping action needed,none,confirmed,Fudan University,Meiling Li; Zhenxing Qian; Xinpeng Zhang,,"College of Computer Science and Artificial Intelligence, Fudan University Shanghai",curated:66ea5be66b23f7db046a,人工智能生成图像检测技术综述,2026,Journal of Image and Graphics,false,true,3,3,0,,1,10.11834/jig.250053,,W7124700339,https://doi.org/10.11834/jig.250053
381,complete,,complete,No mapping action needed,none,missing,,,,,openalex:W4413255768,"A Review on Deepfake Image Detection Approaches, Techniques and Methods",2025,2025 IEEE International Conference on Automatic Control and Intelligent Systems (I2CACIS),false,false,5,5,0,,2,10.1109/i2cacis65476.2025.11100461,,W4413255768,https://doi.org/10.1109/i2cacis65476.2025.11100461
382,complete,,complete,No mapping action needed,none,missing,,,,,openalex:W4409526923,A robust ensemble model for Deepfake detection of GAN-generated images on social media,2025,Discover Computing,false,false,3,3,0,,4,10.1007/s10791-025-09538-w,,W4409526923,https://doi.org/10.1007/s10791-025-09538-w
383,complete,,complete,No mapping action needed,none,missing,,,,,openalex:W4408954780,AI-Generated Image Detection Using Semantic Feature,2025,2025 27th International Conference on Advanced Communications Technology (ICACT),false,false,4,4,0,,1,10.23919/icact63878.2025.10936792,,W4408954780,https://doi.org/10.23919/icact63878.2025.10936792
384,complete,,complete,No mapping action needed,none,missing,,,,,openalex:W4409362694,AI-Generated-Image Detection Using Deep Learning Techniques,2025,International Journal of Advanced Research in Science Communication and Technology,false,false,5,5,0,,1,10.48175/ijarsct-25140,,W4409362694,https://doi.org/10.48175/ijarsct-25140
385,complete,,complete,No mapping action needed,none,confirmed,The University of British Columbia,Junbin Zhang; Yixiao Wang; Hamid Reza Tohidypour; Panos Nasiopoulos,,"Department of Electrical and Computer Engineering, The University of British Columbia, Vancouver, BC, Canada | Department of Electrical an Computer Engineering, University of British Columbia, Vancouver, BC, Canada",curated:1c590f67c931d712bb78,An Efficient Frequency Domain Based Attribution and Detection Network,2025,IEEE Access,false,true,4,4,0,,1,10.1109/access.2025.3534829,,W4406857602,https://doi.org/10.1109/access.2025.3534829
386,complete,,complete,No mapping action needed,none,confirmed,"Institute of Artificial Intelligence (TeleAI), China Telecom | Beijing University of Posts and Telecommunications | Northwestern Polytechnical University | Southeast University | Lanzhou University",Anwen Yang; Jian Zhao; Yuchen Yuan; Tianle Zhang; Lei Jin; Chi Zhang | Anwen Yang; Jiaming Chu; Zhaofeng He | Jian Zhao | Yuchu Jiang; Xu Yang | Xin Zhang,,"Institute of Artificial Intelligence (TeleAI), China Telecom, Beijing, China | Beijing University of Posts and Telecommunications, Beijing, China | Northwestern Polytechnical University, Shaanxi, China | Southeast University, Jiangsu, China | Lanzhou University, Lanzhou, China",curated:074bb9a77ee85d50090c,Aperture: A Patch-Aware Framework for Joint Forgery Detection and Localization,2025,Vicinagearth.,false,true,11,11,0,,5,10.1007/s44336-025-00027-8,,W4417449415,https://doi.org/10.1007/s44336-025-00027-8
387,complete,,complete,No mapping action needed,none,confirmed,University of Palermo,Giuseppe Mazzola; Liliana Lo Presti; Marco La Cascia,,"Dipartimento di Ingegneria, Università degli Studi di Palermo, 90128, Palermo, Italy",curated:78e64e4829587c072681,Attribution of AI-Generated Images Across Multiple Models: A Benchmark,2025,Image Analysis and Processing - ICIAP 2025 Workshops: 23rd International Conference,false,true,3,3,0,,1,10.1007/978-3-032-11381-8_32,,W7122619085,https://doi.org/10.1007/978-3-032-11381-8_32
388,complete,,complete,No mapping action needed,none,missing,,,,,curated:559269bd486bc1da5115,Comparative Analysis of Custom CNN Architecture and MobileNet for Deepfake Image Detection,2025,International Conference on Advanced Intelligent Systems and Informatics,false,true,5,5,0,,3,10.1007/978-3-031-81308-5_6,,W4407768917,https://doi.org/10.1007/978-3-031-81308-5_6
389,complete,,complete,No mapping action needed,none,confirmed,Tsinghua University,Yanran Zhang; Bingyao Yu; Yu Zheng; Wenzhao Zheng; Yueqi Duan; L Chen; Jie Zhou; Jiwen Lu,,"Tsinghua University,Department of Automation,China | Tsinghua University,Department of Electronic Engineering,China",curated:3e94d8fc69e41aade2cc,D <sup>3</sup> QE: Learning Discrete Distribution Discrepancy-Aware Quantization Error for Autoregressive-Generated Image Detection,2025,IEEE/CVF International Conference on Computer Vision,false,true,8,8,0,,1,10.1109/iccv51701.2025.01512,2510.05891,W7160175092,https://doi.org/10.1109/iccv51701.2025.01512
390,complete,,complete,No mapping action needed,none,confirmed,Amrita Vishwa Vidyapeetham,Talluri Harshitha; Tanya Simhadri; Thadakuluru Jaswanthi; N. Rayvanth; Rimjhim Padam Singh,,"Department of Computer Science and Engineering, Amrita School of Computing, Bengaluru, Amrita Vishwa Vidyapeetham, Bengaluru, India",curated:b388bfe1b5785775a436,Deepfake Image Detection Using Light-Weight Attention Integrated MobileNetV3 Model,2025,International Conference on Applied Algorithms,false,true,5,5,0,,2,10.1007/978-3-031-84543-7_11,,W4409586875,https://doi.org/10.1007/978-3-031-84543-7_11
391,complete,,complete,No mapping action needed,none,missing,,,,,openalex:W4408853348,Deepfake Image Detection with Transfer Learning Models,2025,Bitlis Eren Üniversitesi Fen Bilimleri Dergisi,false,false,2,2,0,,1,10.17798/bitlisfen.1610300,,W4408853348,https://doi.org/10.17798/bitlisfen.1610300
392,complete,,complete,No mapping action needed,none,missing,,,,,openalex:W4410253117,DeepGuardNet: A Novel CNN Architecture for DeepFake Image Detection,2025,Procedia Computer Science,false,false,2,2,0,,1,10.1016/j.procs.2025.04.313,,W4410253117,https://doi.org/10.1016/j.procs.2025.04.313
393,complete,,complete,No mapping action needed,none,confirmed,San Jose State University,Meien Li; Mark Stamp,,San Jose State University,curated:6299036e9d8ac85a9880,Detecting AI-Generated Artwork,2025,arXiv,false,true,2,2,0,,1,,2504.07078,W4417248787,https://openalex.org/W4417248787
394,complete,,complete,No mapping action needed,none,missing,,,,,openalex:W4411926716,Detecting AI-Generated Images Using a Hybrid ResNet-SE Attention Model,2025,Applied Sciences,false,false,3,3,0,,2,10.3390/app15137421,,W4411926716,https://doi.org/10.3390/app15137421
395,complete,,complete,No mapping action needed,none,missing,,,,,openalex:W4411172248,Detecting AI-Generated Images Using Facial Similarity and Feature Extraction for Digital Security,2025,IT Professional,false,false,3,3,0,,1,10.1109/mitp.2025.3561143,,W4411172248,https://doi.org/10.1109/mitp.2025.3561143
396,complete,,complete,No mapping action needed,none,missing,,,,,openalex:W4406443479,Detecting AI-Generated Images Using Vision Transformers: A Robust Approach for Safeguarding Visual Media Integrity,2025,SSRN Electronic Journal,false,false,2,2,0,,1,10.2139/ssrn.5029893,,W4406443479,https://doi.org/10.2139/ssrn.5029893
397,complete,,complete,No mapping action needed,none,confirmed,University of Florence | National Institute of Informatics,Giulia Bertazzini; Daniele Baracchi; Dasara Shullani; Alessandro Piva | Isao Echizen,,"Department of Information Engineering University of Florence | National Institute of Informatics Tokyo, Japan",curated:198223005280daa8979e,DRAGON: A Large-Scale Dataset of Realistic Images Generated by Diffusion Models,2025,arXiv,false,true,5,5,0,,2,,2505.11257,W4417093975,https://openalex.org/W4417093975
398,complete,,complete,No mapping action needed,none,confirmed,Tencent Youtu Lab | East China University of Science and Technology | Peking University | Renmin University of China | Shenzhen University | The Hong Kong University of Science and Technology,Ruoxin Chen; Keyue Zhang; Shuang Wu; Taiping Yao; Shouhong Ding | Junwei Xi; Xu Chen | Zhiyuan Yan | Jingyi Xie | Lei Xu | Isabel Guan,,Tecent YouTu Lab | East China University of Science and Technology | Peking University | Renmin University of China | Shenzhen University | Hong Kong University of Science and Technology,curated:f40ecaaf5d0212852b79,Dual Data Alignment Makes AI-Generated Image Detector Easier Generalizable,2025,Advances in Neural Information Processing Systems,false,true,11,11,0,,6,10.48550/arxiv.2505.14359,2505.14359,W4416562145,https://openreview.net/pdf?id=C39ShJwtD5
399,complete,,complete,No mapping action needed,none,missing,,,,,openalex:W4417166521,E2GenF: Universal AIGC Image Detection Based on Edge Enhanced Generalizable Features,2025,Pattern Recognition Letters,false,false,6,6,0,,2,https://doi.org/10.1016/j.patrec.2025.12.001,,W4417166521,https://doi.org/10.1016/j.patrec.2025.12.001
400,complete,,complete,No mapping action needed,none,missing,,,,,openalex:W4410228077,Enhanced CNN Architecture with Residual Blocks and Regularization for AI-Generated Image Detection,2025,2025 IEEE International Conference on Interdisciplinary Approaches in Technology and Management for Social Innovation (IATMSI),false,false,2,2,0,,1,10.1109/iatmsi64286.2025.10985062,,W4410228077,https://doi.org/10.1109/iatmsi64286.2025.10985062
401,complete,,complete,No mapping action needed,none,confirmed,City University of Hong Kong | Drexel University | University of Campinas | Nanyang Technological University,Yixuan Li; Xuelin Liu; Shiqi Wang | Xiaoyang Wang | Anderson Rocha | Bu Sung Lee; Weisi Lin,,"Department of Computer Science, City University of Hong Kong, Hong Kong | College of Computing and Informatics, Drexel University, USA | Artificial Intelligence Lab (Recod.ai), University of Campinas, Campinas 13084-851, Brazil | College of Computing and Data Science, Nanyang Technological University, Singapore",curated:946d44174eaedb61b7ef,FakeBench: Probing Explainable Fake Image Detection via Large Multimodal Models,2025,IEEE Transactions on Information Forensics and Security,false,true,7,7,0,,4,10.1109/tifs.2025.3597211,2404.13306,W4395064829,https://doi.org/10.1109/tifs.2025.3597211
402,complete,,complete,No mapping action needed,none,confirmed,"Yonsei University, International Campus | Hanyang University | Yonsei University, Sinchon Campus | University of Toronto",Seunghyeon Park | Youngho Bae | Gunhui Han | Alexander W. Olson,,"School of Integrated Technology, Yonsei University, Incheon, Republic of Korea | Department of Data Science, Hanyang University, Seoul, Republic of Korea | Department of Mechanical Engineering, Yonsei University, Seoul, Republic of Korea | Centre for Analytics and Artificial Intelligence Engineering, University of Toronto, Toronto, Canada",curated:1332f5c35b9ac943f349,FLODA: Harnessing Vision-Language Models for Deepfake Assessment,2025,IEEE International Conference on Consumer Electronics,false,true,4,4,0,,4,10.1109/icce63647.2025.10929816,,W4408861326,https://doi.org/10.1109/icce63647.2025.10929816
403,complete,,complete,No mapping action needed,none,confirmed,University of Science and Technology of China,Mingqi Fang; Z Li; L J Yu; Quanwei Yang; Hongtao Xie; Yongdong Zhang,,University of Science and Technology of China,curated:4a7bded8c311ed9c0540,Forensic-MoE: Exploring Comprehensive Synthetic Image Detection Traces with Mixture of Experts,2025,IEEE/CVF International Conference on Computer Vision,false,true,6,6,0,,1,10.1109/iccv51701.2025.01651,,W7160024684,https://doi.org/10.1109/iccv51701.2025.01651
404,complete,,complete,No mapping action needed,none,confirmed,"University of California, Berkeley",Guang Yang,,,curated:0849228c52c5759845c2,FreqCross: A Multi-Modal Frequency-Spatial Fusion Network for Robust Detection of Stable Diffusion 3.5 Generated Images,2025,arXiv,false,true,1,1,0,,1,10.48550/arxiv.2507.02995,2507.02995,W4415162360,https://openalex.org/W4415162360
405,complete,,complete,No mapping action needed,none,confirmed,"Zhejiang University | Hangzhou High-Tech Zone (Binjiang) Institute of Blockchain and Data Security | University at Buffalo, State University of New York",Qijie Xu; Can Wang; Jiawei Chen | Siwei Lyu; Defang Chen,,"State Key Laboratory of Blockchain and Data Security, Zhejiang University, Hangzhou, China | Hangzhou High-Tech Zone (Binjiang) Institute of Blockchain and Data Security, Hangzhou, China | Institute for Artificial Intelligence and Data Science, University at Buffalo, State University of New York, Buffalo, USA",curated:47b576be1ed7e2a6bfed,"Fully AI-Generated Image Detection: Definition, Recent Advances and Challenges",2025,arXiv,false,true,5,5,0,,3,10.48550/arxiv.2502.19716,2502.19716,W4416149370,https://openalex.org/W4416149370
406,complete,,complete,No mapping action needed,none,confirmed,University of Electronic Science and Technology of China | University of Macau | Macao Polytechnic University,Haiwei Wu | Jiantao Zhou | Shile Zhang,,"School of Computer Science and Engineering, University of Electronic Science and Technology of China, Chengdu, China | State Key Laboratory of Internet of Things for Smart City, and also with the Department of Computer and Information Science, Faculty of Science and Technology, University of Macau, Macau, China | Faculty of Applied Sciences, Macao Polytechnic University, Macau, China",curated:0fb6a9c0db904eae726d,Generalizable Synthetic Image Detection via Language-Guided Contrastive Learning,2025,IEEE Transactions on Artificial Intelligence,false,true,3,3,0,,4,10.1109/tai.2025.3641104,2305.13800,W4378506811,https://doi.org/10.1109/tai.2025.3641104
407,complete,,complete,No mapping action needed,none,missing,,,,,openalex:W4417526972,Harnessing Attention for Cropping and Fusion in CLIP-Based AIGC Detection,2025,Neurocomputing,false,false,4,4,0,,1,https://doi.org/10.1016/j.neucom.2025.132482,,W4417526972,https://doi.org/10.1016/j.neucom.2025.132482
408,complete,,complete,No mapping action needed,none,missing,,,,,openalex:W4410120556,Harnessing The Power Of AI To Detect AI Generated Images,2025,SSRN Electronic Journal,false,false,3,3,0,,1,10.2139/ssrn.5238890,,W4410120556,https://doi.org/10.2139/ssrn.5238890
409,complete,,complete,No mapping action needed,none,missing,,,,,openalex:W4409705469,Hierarchical Feature Fusion and Enhanced Attention Mechanism for Robust GAN-Generated Image Detection,2025,Mathematics,false,false,6,6,0,,3,10.3390/math13091372,,W4409705469,https://doi.org/10.3390/math13091372
410,complete,,complete,No mapping action needed,none,confirmed,Stuttgart Media University,Philipp Moeßner; Heike Adel,,"Hochschule der Medien Stuttgart , Germany",curated:5fde2c559e029508e0c3,Human vs. AI: A Novel Benchmark and a Comparative Study on the Detection\n of Generated Images and the Impact of Prompts,2025,International Conference on Computational Linguistics,false,true,2,2,0,,1,10.48550/arxiv.2412.09715,2412.09715,W4405432911,https://openalex.org/W4405432911
411,complete,,complete,No mapping action needed,none,confirmed,Queen's University,Nicholas Chivaran; Jianbing Ni,,"Department of Electrical and Computer Engineering, Queen's University, Kingston, ON, Canada",curated:e688194977fa7bbf7db3,LAID: Lightweight AI-Generated Image Detection in Spatial and Spectral Domains,2025,"Annual International Conference on Privacy, Security, and Trust",false,true,2,2,0,,1,10.1109/pst65910.2025.11268874,,W4416961862,https://doi.org/10.1109/pst65910.2025.11268874
412,complete,,complete,No mapping action needed,none,confirmed,"Sun Yat-sen University | Shanghai AI Laboratory | SenseTime | The Chinese University of Hong Kong, Shenzhen | The Hong Kong University of Science and Technology",Junyan Ye; Zilong Huang; Jun He; Zihao Wang; Yiping Chen; Weijia Li | Junyan Ye; Baichuan Zhou; Junan Zhang; Tianyi Bai; Hengrui Kang; Honglin Lin; Zhizheng Wu; Dahua Lin; Conghui He | Conghui He | Tong Wu; Dahua Lin | Tianyi Bai | Junan Zhang; Zhizheng Wu,,"SenseTime Research | The Chinese University of Hong Kong | The Hong Kong University of Science and Technology | SDS, SRIBD, The Chinese University of Hong Kong, Shenzhen",curated:084e01a1a2191cb4c86a,LOKI: A Comprehensive Synthetic Data Detection Benchmark Using Large Multimodal Models,2025,International Conference on Learning Representations,false,true,15,15,0,,5,10.48550/arxiv.2410.09732,2410.09732,W4403570063,https://openreview.net/pdf?id=z8sxoCYgmd
413,complete,,complete,No mapping action needed,none,confirmed,Beijing University of Posts and Telecommunications | The University of Hong Kong | National University of Singapore | Commonwealth Scientific and Industrial Research Organisation,Luyu Zhu; Jiayu Yao; Chenxi Li; Luwen Zhao; Jie Hao | Kai Ye | Yuxin Cao | Derui Wang,,"Beijing University of Posts and Telecommunications,China | The University of Hong Kong,Hong Kong SAR | The University of Hong Kong, Hong Kong, SAR | National University of Singapore,Singapore | CSIRO's Data61, Australia | CSIRO&#x2019;s Data61,Australia",curated:2c278dcd079ea27d0f73,MAID: Model Attribution via Inverse Diffusion,2025,"IEEE International Conference on Acoustics, Speech and Signal Processing",false,true,8,8,0,,4,10.1109/icassp49660.2025.10888869,,W4408354801,https://doi.org/10.1109/icassp49660.2025.10888869
414,complete,,complete,No mapping action needed,none,missing,,,,,openalex:W4415540724,MiraGe: Multimodal Discriminative Representation Learning for Generalizable AI-Generated Image Detection,2025,ACM International Conference on Multimedia,false,false,5,5,0,,1,10.1145/3746027.3755142,2508.01525,W4415540724,https://doi.org/10.1145/3746027.3755142
415,complete,,complete,No mapping action needed,none,confirmed,Chongqing University of Posts and Telecommunications,Lin Yuan; Xiaowan Li; Yan Zhang; Jiawei Zhang; Hongbo Li; Xinbo Gao,,"Chongqing Key Laboratory of Image Cognition, Chongqing University of Posts and Telecommunications, Chongqing 400065, China",curated:828a87e68db4c3541e80,MLEP: Multi-Granularity Local Entropy Patterns for Generalized AI-Generated Image Detection,2025,Advances in Neural Information Processing Systems,false,true,6,6,0,,1,https://doi.org/10.48550/arxiv.2504.13726,2504.13726,W4415320094,https://proceedings.neurips.cc/paper_files/paper/2025/file/63db94e06ce85dde10871c99dd39ad98-Paper-Conference.pdf
416,complete,,complete,No mapping action needed,none,confirmed,Shanghai Polytechnic University | Shanghai University,Liwei Yao; Sen Niu; Kaili Liao; Kefeng Li; Tengbo Zhao | Guobing Zou,,"The School of Computer and Information Engineering, Institute for Artificial Intelligence, Shanghai Polytechnic University, Shanghai 201209, People’s Republic of China | The school of Computer Engineering and Science, Shanghai University, Shanghai 200444, People’s Republic of China",openalex:W4413783451,MSAFNet: multi-scale self-adaptive feature fusion network for AI-generated image detection,2025,Measurement Science and Technology,false,false,6,6,0,,2,10.1088/1361-6501/ae005c,,W4413783451,https://doi.org/10.1088/1361-6501/ae005c
417,complete,,complete,No mapping action needed,none,missing,,,,,openalex:W4415418960,Multi-modal texture fusion network for detecting AI-generated images,2025,Frontiers in Artificial Intelligence,false,false,2,2,0,,1,10.3389/frai.2025.1663292,,W4415418960,https://doi.org/10.3389/frai.2025.1663292
418,complete,,complete,No mapping action needed,none,confirmed,"University of Chinese Academy of Sciences | Institute of Automation, Chinese Academy of Sciences | Nanjing University of Information Science and Technology | Communication University of China",Weinan Guan | Weinan Guan; Wei Wang; Bo Peng; Jing Dong | Ziwen He | Haonan Cheng,,"Weinan Guan is with the School of Artificial Intelligence, University of Chinese Academy of Sciences, Beijing 100049, China. | Weinan Guan is also with the New Laboratory of Pattern Recognition (NLPR), Institute of Automation, Chinese Academy of Sciences (CASIA), Beijing 100190, China. Wei Wang, Bo Peng, and Jing Dong are with the New Laboratory of Pattern Recognition (NLPR), Institute of Automation, Chinese Academy of Sciences (CASIA), Beijing 100190, China. | Ziwen He is with the Engineering Research Center of Digital Forensics, Ministry of Education, Nanjing University of Information Science and Technology, Nanjing, Jiangsu 210044, China. | Haonan Cheng is with the State Key Laboratory of Media Convergence and Communication, Communication University of China, Beijing 100024, China.",openalex:W4410853187,Noise-Informed Diffusion-Generated Image Detection With Anomaly Attention,2025,IEEE Transactions on Information Forensics and Security,false,false,6,6,0,,4,10.1109/tifs.2025.3573161,2506.16743,W4410853187,https://doi.org/10.1109/tifs.2025.3573161
419,complete,,complete,No mapping action needed,none,confirmed,Beijing Jiaotong University,Renshuai Tao; M. Le; C. Kenneth Tan; Huan Liu; Haotong Qin; Yao Zhao,,"Institute of Information Science, Beijing Jiaotong University Visual Intellgence +X International Cooperation Joint Laboratory of MOE | Institute of Information Science, Beijing Jiaotong University Center for Project-Based Learning (PBL) D-ITET, ETH Zürich, Switzerland",curated:89f7a674fe872806006b,ODDN: Addressing Unpaired Data Challenges in Open-World Deepfake Detection on Online Social Networks,2025,AAAI Conference on Artificial Intelligence,false,true,6,6,0,,1,10.1609/aaai.v39i1.32063,2410.18687,W4409346532,https://doi.org/10.1609/aaai.v39i1.32063
420,complete,,complete,No mapping action needed,none,confirmed,McGill University | Mila - Quebec Artificial Intelligence Institute | Université de Montréal | IVADO,Victor Livernoche; Zachary Yang; Reihaneh Rabbany | Victor Livernoche; Akshatha Arodi; Andreea Musulan; Zachary Yang; Adam Salvail; Gaétan Marceau Caron; Jean-François Godbout; Reihaneh Rabbany | Andreea Musulan; Jean-François Godbout | Andreea Musulan,,McGill University | Mila - Quebec Artificial Intelligence Institute | Université de Montréal | IVADO,curated:ffa24185c2c870a44bde,OpenFake: An Open Dataset and Platform Toward Real-World Deepfake Detection,2025,arXiv,false,true,8,8,0,,4,,2509.09495,W4414975347,https://openalex.org/W4414975347
421,complete,,complete,No mapping action needed,none,confirmed,Pegaso Telematic University,Rita Ferrara; Leonardo Galteri,,Pegaso Telematic University,curated:772bb625ccc3e45e8481,Prompt-Engineered Detection of AI-Generated Images,2025,"International Conference on New Trends in Intelligent Software Methodologies, Tools and Techniques",false,true,2,2,0,,1,10.3233/faia250538,,W4414266830,https://doi.org/10.3233/faia250538
422,complete,,complete,No mapping action needed,none,confirmed,University of Salerno,Aniello Castiglione; Lucia Cimmino; Michele Nappi; Matteo Polsinelli; Carlo Sorrentino,,"Department of Management and Innovation Systems, University of Salerno, 84084, Fisciano, Italy | Department of Computer Science, University of Salerno, 84084, Fisciano, Italy",curated:8ffdbd0ba264927d1c3a,Robust Fake Image Detection via Incremental Training of Siamese Neural Networks,2025,International Symposium on Cyberspace Safety and Security (CSS),false,true,5,5,0,,1,10.1007/978-981-95-3551-4_23,,W7118011364,https://doi.org/10.1007/978-981-95-3551-4_23
423,complete,,complete,No mapping action needed,none,missing,,,,,openalex:W4412112598,Semantic-Aware Lightweight AI Model for Deepfake Image Detection in Online Retail Platforms,2025,International Journal on Semantic Web and Information Systems,false,false,7,7,0,,6,10.4018/ijswis.384517,,W4412112598,https://doi.org/10.4018/ijswis.384517
424,complete,,complete,No mapping action needed,none,confirmed,"University of Technology of Troyes | Center for Data-Driven Science and AI, Tohoku University, Sendai, Japan | University of Lille",Antoine Mallet; Arthur Méreur; Rémi Cogranne | Minoru Kuribayashi | Patrick Bas,,"Computer Science and Digital Society Lab, University of Technology of Troyes, Troyes, France; University of Technology of Troyes, Troyes, France | Center for Data-Driven Science and AI, Tohoku University, Sendai, Japan | UMR 9189 CRIStAL, Univ. Lille, CNRS, Centrale Lille, Lille, France",curated:fe98b5f37967f5a51b86,Simple Detection of AI-Generated Images Based on Noise Correlation,2025,International conference on Advanced Machine Learning and Data Science,false,true,5,5,0,,3,10.1109/amlds63918.2025.11159445,,W4414231579,https://doi.org/10.1109/amlds63918.2025.11159445
425,complete,,complete,No mapping action needed,none,confirmed,Xi'an University of Technology | Sichuan University,Qin Wang; Xiaofeng Wang; Jianghua Li; Ruidong Han; Zinian Liu | Mingtao Guo,,"1 Department of Computer Science and Engineering, Xi’an University of Technology, Xi’an, 710048, China 2 Department of Mathematics, Xi’an University of Technology, Xi’an, 710054, China | 3 The National Key Laboratory of Fundamental Science on Synthetic Vision, Sichuan University, Chengdu, 610065, China",openalex:W4408874542,SMNDNet for Multiple Types of Deepfake Image Detection,2025,"Computers, materials & continua/Computers, materials & continua (Print)",false,false,6,6,0,,2,10.32604/cmc.2025.063141,,W4408874542,https://doi.org/10.32604/cmc.2025.063141
426,complete,,complete,No mapping action needed,none,confirmed,Zhejiang University | Zhejiang University of Technology,Yuxing Wang; Zunlei Feng; Yi-Xiang Wang; Hengrui Lou; Binjia Zhou; Mingli Song; Yijun Bei | Jie Lei,,"Zhejiang University,State Key Laboratory of Blockchain and Data Security | College of Computer Science, Zhejiang University of Technology",curated:37949b937d2159b47e73,Spatial-Temporal Forgery Trace Based Forgery Image Identification,2025,IEEE/CVF International Conference on Computer Vision,false,true,8,8,0,,2,10.1109/iccv51701.2025.01585,,W7160181767,https://doi.org/10.1109/iccv51701.2025.01585
427,complete,,complete,No mapping action needed,none,confirmed,"University of South Carolina | Manipal University Jaipur | BITS Pilani, Hyderabad | Xpectrum AI | International Institute of Information Technology, Naya Raipur | Texas A&M University | Carnegie Mellon University | Vishwakarma Institute of Information Technology | IIIT Delhi | National Institute of Technology Silchar | Amazon AI | Stanford University | Amazon GenAI | Shenzhen University of Advanced Technology | BITS Pilani, Goa",Nasrin Imanpour; Amit Sheth | Abhilekh Borah | Shashwat Bajpai | Subhankar Ghosh | Sainath Reddy Sankepally | Hasnat Abdullah | Nishoak Kosaraju | Shreyas Dixit | Ashhar Aziz | Shwetangshu Biswas | Vinija Jain | Aman Chadha | Song Wang | Amitava Das,,"University of South Carolina | Manipal University Jaipur | BITS Pilani, Hyderabad | Xpectrum AI, USA | International Institute of Information Technology, India IIIT-Naya Raipur inferred from the LinkedIn profile of the author | Texas A&M University, USA | Carnegie Mellon University, USA | Vishwakarma Institute of Information Technology, India | IIIT Delhi, India | National Institute of Technology, Silchar, India | Amazon AI, USA | Stanford University, USA | Amazon GenAI, USA | 4Shenzhen University of Advanced Technology, China | 5BITS Pilani, Goa, India",curated:613af6288792f6ece505,The Visual Counter Turing Test (VCT2): A Benchmark for Evaluating AI-Generated Image Detection and the Visual AI Index (VAI),2025,International Joint Conference on Natural Language Processing and the Conference of the Asia-Pacific Chapter of the Association for Computational Linguistics,false,true,15,15,0,,15,10.18653/v1/2025.ijcnlp-long.100,2411.16754,W4404988034,https://doi.org/10.18653/v1/2025.ijcnlp-long.100
428,complete,,complete,No mapping action needed,none,confirmed,Sichuan University | City University of Hong Kong | Beijing Jiaotong University | Shanghai Jiao Tong University,Shuai Tang; Peisong He | Haoliang Li | Wei Wang; Yao Zhao | Xinghao Jiang,,"School of Cyber Science and Engineering, Sichuan University, Chengdu, China | Department of Electrical Engineering, City University of Hong Kong, Hong Kong, China | School of Computer and Information Technology, Beijing Jiaotong University, Beijing, China | School of Electronic Information and Electrical Engineering, Shanghai Jiao Tong University, Shanghai, China",curated:6cd82b939e5653a2c7ab,Towards Extensible Detection of AI-Generated Images via Content-Agnostic Adapter-Based Category-Aware Incremental Learning,2025,IEEE Transactions on Information Forensics and Security,false,true,6,6,0,,4,10.1109/tifs.2025.3546845,,W4408048856,https://doi.org/10.1109/tifs.2025.3546845
429,complete,,complete,No mapping action needed,none,confirmed,"University of Chinese Academy of Sciences | Institute of Automation, Chinese Academy of Sciences | HKISI, Chinese Academy of Sciences | Sangfor Technologies Inc. | Macau University of Science and Technology",Yiheng Li; Guoqing Xu; Zhen Lei; Yang Yang | Zhen Lei | Zichang Tan; Xu Zhou,,"School of Artificial Intelligence, University of Chinese Academy of Sciences | MAIS, Institute of Automation, Chinese Academy of Sciences | CAIR, HKISI, Chinese Academy of Sciences Centre for Artificial Intelligence and Robotics, Hong Kong Institute of Science & Innovation, Chinese Academy of Sciences | Sangfor Technologies Inc. | SCSE, FIE, M.U.S.T.",curated:3e707a16418405139945,Towards Generalizable AI-Generated Image Detection via Image-Adaptive Prompt Learning,2025,Computer Vision and Pattern Recognition,false,true,6,6,0,,5,10.48550/arxiv.2508.01603,2508.01603,W4415330533,https://openaccess.thecvf.com/content/CVPR2026/papers/Li_Towards_Generalizable_AI-Generated_Image_Detection_via_Image-Adaptive_Prompt_Learning_CVPR_2026_paper.pdf
430,complete,,complete,No mapping action needed,none,confirmed,"University of Science and Technology of China | Zhejiang University | The Hong Kong University of Science and Technology | Harbin Institute of Technology, Shenzhen | Hebei Institute of Communications",Qianshu Cai; Xinmei Tian | Chao Wu | Yonggang Zhang | Jun Yu,,"University of Science and Technology of China | Zhejiang University | The Hong Kong University of Science and Technology | The School of Intelligence Science and Engineering, Harbin Institute of Technology, Shenzhen | School of Artificial Intelligence, Hebei Institute of Communications",curated:0b5e852ad2faa5d89eb5,Towards Generalizable Detector for Generated Image,2025,Advances in Neural Information Processing Systems,false,true,5,5,0,,5,10.52202/085713-3168,,W7197024658,https://doi.org/10.52202/085713-3168
431,complete,,complete,No mapping action needed,none,confirmed,University of Siena | IMT School for Advanced Studies Lucca,Pietro Bongini; Valentina Molinari; Andrea Costanzo; Benedetta Tondi; Mauro Barni | Valentina Molinari,,"University of Siena, Department of Information Engineering and Mathematics, Italy | IMT School, Lucca, Italy",curated:ee47e898ad64ec14b709,Training-Free Source Attribution of AI-Generated Images via Resynthesis,2025,IEEE International Workshop on Information Forensics and Security,false,true,5,5,0,,2,10.1109/wifs66636.2025.00028,,W7148430317,https://doi.org/10.1109/wifs66636.2025.00028
432,complete,,complete,No mapping action needed,none,missing,,,,,openalex:W7125513809,TriFusionNet: Multi-Branch Architecture for AI-Generated Image Detection,2025,"2025 International Conference on Cognitive, Green and Ubiquitous Computing (IC-CGU)",false,false,7,7,0,,1,10.1109/ic-cgu67042.2025.11338102,,W7125513809,https://doi.org/10.1109/ic-cgu67042.2025.11338102
433,complete,,complete,No mapping action needed,none,missing,,,,,openalex:W4412810251,Unmasking AI-created visual content: a review of generated images and deepfake detection technologies,2025,Journal of King Saud University - Computer and Information Sciences,false,false,5,5,0,,4,10.1007/s44443-025-00154-8,,W4412810251,https://doi.org/10.1007/s44443-025-00154-8
434,complete,,complete,No mapping action needed,none,missing,,,,,openalex:W4409032835,Vision Transformer-Based Framework for AI-Generated Image Detection in Interior Design,2025,Informatica,false,false,1,1,0,,1,10.31449/inf.v49i16.7979,,W4409032835,https://doi.org/10.31449/inf.v49i16.7979
435,complete,,complete,No mapping action needed,none,pending,"Jilin Vocational College of Industry and Technology | Birla Institute of Technology, Mesra",Jiayue Yu | Sudip Kumar Sahana,,Jilin Engineering Vocational College Siping China | Department of Computer Science &amp; Engineering Birla Institute of Technology Mesra India,curated:efceafb2be2246aa120b,Weakly‐Aligned Region‐Language Transformer for Real‐Time Artistic Content Detection in SAGIN,2025,Transactions on Emerging Telecommunications Technologies,false,true,2,2,0,,0,10.1002/ett.70335,,W7117628628,https://doi.org/10.1002/ett.70335
436,complete,,complete,No mapping action needed,none,confirmed,Ant Group | Shanghai Jiao Tong University,Yan Hong; Jianming Feng; Haoxing Chen; Jun Lan; Huijia Zhu; Weiqiang Wang | Jianfu Zhang,,Ant Group | Shanghai Jiaotong University,curated:61211bdca508937e8a4f,WildFake: A Large-Scale and Hierarchical Dataset for AI-Generated Images Detection,2025,AAAI Conference on Artificial Intelligence,false,true,7,7,0,,2,10.1609/aaai.v39i4.32363,2402.11843,W4409368310,https://doi.org/10.1609/aaai.v39i4.32363
437,complete,,complete,No mapping action needed,none,confirmed,Lamar University,Anjuman Ara; Md Sajadul Alam; Kamrujjaman; Afia Farjana Mifa,,"College of Business, Beaumont, Texas, USA.",curated:cb237bfcbc395a031757,A COMPARATIVE REVIEW OF AI-GENERATED IMAGE DETECTION ACROSS SOCIAL MEDIA PLATFORMS,2024,"Global Mainstream Journal of Innovation, Engineering & Emerging Technology",false,true,4,4,0,,1,10.62304/jieet.v3i01.77,,W4393021531,https://doi.org/10.62304/jieet.v3i01.77
438,complete,,complete,No mapping action needed,none,missing,,,,,openalex:W4395673009,A Hybrid CNN-LSTM Approach for Precision Deepfake Image Detection Based on Transfer Learning,2024,Electronics,false,false,2,2,0,,2,10.3390/electronics13091662,,W4395673009,https://doi.org/10.3390/electronics13091662
439,complete,,complete,No mapping action needed,none,missing,,,,,curated:517a2cc4ca3690f3fc44,A Performance Analysis to Detect Synthetic Images with Deep Learning-Based Image Classification,2024,International Conference on Cyber Intelligence and Information Retrieval,false,true,5,5,0,,3,10.1007/978-981-97-3594-5_3,,W4400793389,https://doi.org/10.1007/978-981-97-3594-5_3
440,complete,,complete,No mapping action needed,none,missing,,,,,openalex:W4392457694,AI Generated Image Detection Using Neural Networks,2024,INTERANTIONAL JOURNAL OF SCIENTIFIC RESEARCH IN ENGINEERING AND MANAGEMENT,false,false,1,1,0,,1,10.55041/ijsrem29037,,W4392457694,https://doi.org/10.55041/ijsrem29037
441,complete,,complete,No mapping action needed,none,missing,,,,,openalex:W4402264364,An Analysis of Recent Advances in Deepfake Image Detection in an Evolving Threat Landscape,2024,2024 IEEE Symposium on Security and Privacy (SP),false,false,7,7,0,,1,10.1109/sp54263.2024.00194,2404.16212,W4402264364,https://doi.org/10.1109/sp54263.2024.00194
442,complete,,complete,No mapping action needed,none,confirmed,Fudan University | University of Agder,Jialiang Li; Haoyue Wang; Sheng Li; Zhenxing Qian; Xinpeng Zhang | Athanasios V. Vasilakos,,"Fudan University, Shanghai, China | University of Adger, Grimstad, Norway",curated:1d944c47839b3890a623,Are Handcrafted Filters Helpful for Attributing AI-Generated Images?,2024,ACM International Conference on Multimedia,false,true,6,6,0,,2,10.1145/3664647.3680945,2407.14570,W4403791664,https://doi.org/10.1145/3664647.3680945
443,complete,,complete,No mapping action needed,none,missing,,,,,openalex:W4406611495,CNN-LSTM Model for Deepfake Image Detection,2024,"2024 2nd DMIHER International Conference on Artificial Intelligence in Healthcare, Education and Industry (IDICAIEI)",false,false,2,2,0,,2,10.1109/idicaiei61867.2024.10842840,,W4406611495,https://doi.org/10.1109/idicaiei61867.2024.10842840
444,complete,,complete,No mapping action needed,none,missing,,,,,curated:988373de555945528142,"Comparative Analysis of Deepfake Image Detection Method Using VGG16, VGG19 and ResNet50",2024,Journal of Advanced Research in Applied Sciences and Engineering Technology,false,true,1,1,0,,1,10.37934/araset.47.1.1628,,W4399978626,https://doi.org/10.37934/araset.47.1.1628
445,complete,,complete,No mapping action needed,none,missing,,,,,openalex:W4394009764,DeepFake Image Detection,2024,INTERANTIONAL JOURNAL OF SCIENTIFIC RESEARCH IN ENGINEERING AND MANAGEMENT,false,false,1,1,0,,1,10.55041/ijsrem30215,,W4394009764,https://doi.org/10.55041/ijsrem30215
446,complete,,complete,No mapping action needed,none,missing,,,,,openalex:W4402130168,Deepfake Image Detection Using Vision Transformer Models,2024,IEEE International Black Sea Conference on Communications and Networking,false,false,5,5,0,,4,10.1109/blackseacom61746.2024.10646310,,W4402130168,https://doi.org/10.1109/blackseacom61746.2024.10646310
447,complete,,complete,No mapping action needed,none,missing,,,,,openalex:W4408018363,Deepfake Image Detection Using Yolov8,2024,2024 IEEE Pune Section International Conference (PuneCon),false,false,7,7,0,,1,10.1109/punecon63413.2024.10895706,,W4408018363,https://doi.org/10.1109/punecon63413.2024.10895706
448,complete,,complete,No mapping action needed,none,missing,,,,,openalex:W4402353496,DeepSight: Enhancing Deepfake Image Detection and Classification through Ensemble and Deep Learning Techniques,2024,2024 5th International Conference on Image Processing and Capsule Networks (ICIPCN),false,false,2,2,0,,2,10.1109/icipcn63822.2024.00014,,W4402353496,https://doi.org/10.1109/icipcn63822.2024.00014
449,complete,,complete,No mapping action needed,none,missing,,,,,openalex:W4402170813,Detecting AI-generated images with CNN and Interpretation using Explainable AI,2024,2024 IEEE International Conference on Contemporary Computing and Communications (InC4),false,false,6,6,0,,1,10.1109/inc460750.2024.10649158,,W4402170813,https://doi.org/10.1109/inc460750.2024.10649158
450,complete,,complete,No mapping action needed,none,missing,,,,,openalex:W4400616829,Detecting Artificial Intelligence-Generated Images via Deep Trace Representations and Interactive Feature Fusion,2024,Information Fusion,false,false,6,6,0,,3,10.1016/j.inffus.2024.102578,,W4400616829,https://doi.org/10.1016/j.inffus.2024.102578
451,complete,,complete,No mapping action needed,none,confirmed,Barisal Information Technology College | American International University-Bangladesh,Taharim Rahman Anon | Jakaria Islam Emon,,"Barisal Information Technology College (BITC), Barisal, Bangladesh | American International University Bangladesh (AIUB), Dhaka, Bangladesh",openalex:W4402524935,Detecting the Undetectable: Combining Kolmogorov-Arnold Networks and MLP for AI-Generated Image Detection,2024,arXiv,false,false,2,2,0,,2,10.48550/arxiv.2408.09371,2408.09371,W4402524935,https://openalex.org/W4402524935
452,complete,,complete,No mapping action needed,none,missing,,,,,openalex:W4402240806,Detection of AI-Generated Synthetic Images with a Lightweight CNN,2024,AI,false,false,4,4,0,,2,10.3390/ai5030076,,W4402240806,https://doi.org/10.3390/ai5030076
453,complete,,complete,No mapping action needed,none,missing,,,,,openalex:W4402013517,Detection of real-time deep fakes and face forgery in video conferencing employing generative adversarial networks,2024,Heliyon,false,false,5,5,0,,4,10.1016/j.heliyon.2024.e37163,,W4402013517,https://doi.org/10.1016/j.heliyon.2024.e37163
454,complete,,complete,No mapping action needed,none,confirmed,Computer Research Institute of Montreal (CRIM),Rajjeshwar Ganguly; Mamadou Dian Bah; Mohamed Dahmane,,"Computer Research Institute of Montreal (CRIM), Montreal, Canada",curated:6a0913decc4e81abddb3,Diffusion Models as a Representation Learner for Deepfake Image Detection,2024,International Conference on Pattern Recognition,false,true,3,3,0,,1,10.1007/978-3-031-78305-0_15,,W4404943058,https://doi.org/10.1007/978-3-031-78305-0_15
455,complete,,complete,No mapping action needed,none,confirmed,Drexel University,Aref Azizpour; Tai D. Nguyen; Manil Shrestha; Kaidi Xu; Edward Kim; Matthew C. Stamm,,"Drexel University,Philadelphia,PA,USA",curated:8cb907bc9003c61325f8,E3: Ensemble of Expert Embedders for Adapting Synthetic Image Detectors to New Generators Using Limited Data,2024,IEEE/CVF Conference on Computer Vision and Pattern Recognition,false,true,6,6,0,,1,10.1109/cvprw63382.2024.00437,2404.08814,W4402916163,https://doi.org/10.1109/cvprw63382.2024.00437
456,complete,,complete,No mapping action needed,none,missing,,,,,openalex:W4407467920,Enhancing AI-Generated Image Detection with a Novel Approach and Comparative Analysis,2024,International Conference on Security of Information and Networks,false,false,4,4,0,,2,10.1109/sin63213.2024.10871900,,W4407467920,https://doi.org/10.1109/sin63213.2024.10871900
457,complete,,complete,No mapping action needed,none,pending,University of Campinas | Politecnico di Milano | Loyola University Chicago | Purdue University West Lafayette,João Phillipe Cardenuto; Anderson Rocha | Sara Mandelli; Paolo Bestagini | Daniel Moreira | Edward J. Delp,,"Recod.ai, Institute of Computing, Universidade Estadual de Campinas (UNICAMP),Artificial Intelligence Lab.,Campinas,SP,Brazil | Politecnico di Milano,Dipartimento di Elettronica, Informazione e Bioingegneria,Milan,Italy,20133 | Loyola University Chicago,Department of Computer Science,Chicago,IL,USA | Purdue University,School of Electrical and Computer Engineering,West Lafayette,IN,USA",curated:2117831292318de4cf18,Explainable Artifacts for Synthetic Western Blot Source Attribution,2024,IEEE International Workshop on Information Forensics and Security,false,true,6,6,0,,0,10.1109/wifs61860.2024.10810680,2409.18881,W4405845437,https://doi.org/10.1109/wifs61860.2024.10810680
458,complete,,complete,No mapping action needed,none,confirmed,Beijing Jiaotong University | Yanshan University | A*STAR,Chuangchuang Tan; Yao Zhao; Shikui Wei; Yunchao Wei | Guanghua Gu | Ping Liu,,"Institute of Information Science, Beijing Jiaotong University, China; Beijing Key Laboratory of Advanced Information Science and Network Technology | School of Information Science and Engineering, Yanshan University, China; Hebei Key Laboratory of Information Transmission and Signal Processing | Center for Frontier AI Research, Institute of High Performance Computing (IHPC), A*STAR, Singapore",curated:f7cba2387b8a4131cc7b,Frequency-Aware Deepfake Detection: Improving Generalizability Through Frequency Space Domain Learning,2024,AAAI Conference on Artificial Intelligence,false,true,6,6,0,,3,10.1609/aaai.v38i5.28310,,W4393154086,https://doi.org/10.1609/aaai.v38i5.28310
459,complete,,complete,No mapping action needed,none,confirmed,Vishwakarma Institute of Technology,Swati Shilaskar; Mayur Talewar; Soham Tak; Sidhesh Goud,,"Department of Electronics and Telecommunication Engineering, Vishwakarma Institute of Technology, Pune, India",openalex:W4392981221,GAN Generated Fake Human Face Image Detection,2024,"2024 International Conference on Intelligent and Innovative Technologies in Computing, Electrical and Electronics (IITCEE)",false,false,4,4,0,,1,10.1109/iitcee59897.2024.10467257,,W4392981221,https://doi.org/10.1109/iitcee59897.2024.10467257
460,complete,,complete,No mapping action needed,none,missing,,,,,openalex:W4394935852,Generalized and robust model for GAN-generated image detection,2024,Pattern Recognition Letters,false,false,3,3,0,,1,10.1016/j.patrec.2024.04.018,,W4394935852,https://doi.org/10.1016/j.patrec.2024.04.018
461,complete,,complete,No mapping action needed,none,missing,,,,,openalex:W4394571198,"Generative Visual AI in News Organizations: Challenges, Opportunities, Perceptions, and Policies",2024,Digital Journalism,false,false,3,3,0,,3,10.1080/21670811.2024.2331769,,W4394571198,https://doi.org/10.1080/21670811.2024.2331769
462,complete,,complete,No mapping action needed,none,missing,,,,,openalex:W4401607051,How spammers and scammers leverage AI-generated images on Facebook for audience growth,2024,Harvard Kennedy School Misinformation Review,false,false,2,2,0,,3,10.37016/mr-2020-151,2403.12838,W4401607051,https://doi.org/10.37016/mr-2020-151
463,complete,,complete,No mapping action needed,none,confirmed,"INSAIT, Sofia University ""St. Kliment Ohridski"" | Stanford University",Delyan Boychev | Radostin Cholakov,,"INSAIT, Sofia University ""St. Kliment Ohridski"" | Stanford University",curated:f76424b401abe0c0fd0c,ImagiNet: A Multi-Content Benchmark for Synthetic Image Detection,2024,arXiv,false,true,2,2,0,,2,10.48550/arxiv.2407.20020,2407.20020,W4402963808,https://openalex.org/W4402963808
464,complete,,complete,No mapping action needed,none,missing,,,,,openalex:W4402727598,LaRE<sup>2</sup>: Latent Reconstruction Error Based Method for Diffusion-Generated Image Detection,2024,IEEE/CVF Conference on Computer Vision and Pattern Recognition,false,false,4,4,0,,1,10.1109/cvpr52733.2024.01609,2403.17465,W4402727598,https://doi.org/10.1109/cvpr52733.2024.01609
465,complete,,complete,No mapping action needed,none,confirmed,University of Catania | Bank of Italy,Luca Guarnera; Sebastiano Battiato | Oliver Giudice,,"Department of Mathematics and Computer Science, University of Catania, Catania, Italy | Banca D’Italia, Applied Research Team, IT Department, Rome, Italy",curated:56afa39191eba5bf8797,Level Up the Deepfake Detection: A Method to Effectively Discriminate Images Generated by GAN Architectures and Diffusion Models,2024,Intelligent Systems Conference,false,true,3,3,0,,3,10.1007/978-3-031-66431-1_43,2303.00608,W4401108337,https://doi.org/10.1007/978-3-031-66431-1_43
466,complete,,complete,No mapping action needed,none,missing,,,,,openalex:W4400828592,Local frequency analysis for diffusion-generated image detection,2024,International Conference on Image Processing and Artificial Intelligence (ICIPAl 2024),false,false,1,1,0,,1,10.1117/12.3035198,,W4400828592,https://doi.org/10.1117/12.3035198
467,complete,,complete,No mapping action needed,none,missing,,,,,openalex:W4391110866,Multiclass AI-Generated Deepfake Face Detection Using Patch-Wise Deep Learning Model,2024,Computers,false,false,6,6,0,,4,10.3390/computers13010031,,W4391110866,https://doi.org/10.3390/computers13010031
468,complete,,complete,No mapping action needed,none,confirmed,University of Siena,Jun Wang; Benedetta Tondi; Mauro Barni,,"University of Siena,Siena,Italy",curated:56cb44d373ab183b7df9,On the Use of Mixup Augmentation for Synthetic Image Attribution in the Wild,2024,IEEE International Workshop on Information Forensics and Security,false,true,3,3,0,,1,10.1109/wifs61860.2024.10810696,,W4405846649,https://doi.org/10.1109/wifs61860.2024.10810696
469,complete,,complete,No mapping action needed,none,missing,,,,,openalex:W4402594796,Robust CLIP-Based Detector for Exposing Diffusion Model-Generated Images,2024,IEEE International Conference on Advanced Video and Signal Based Surveillance,false,false,5,5,0,,4,10.1109/avss61716.2024.10672612,,W4402594796,https://doi.org/10.1109/avss61716.2024.10672612
470,complete,,complete,No mapping action needed,none,confirmed,Georgia Institute of Technology | Stanford University,Anisha Pal; Julia Kruk; Mansi Phute; Manognya Bhattaram; Duen Horng Chau; Judy Hoffman | Diyi Yang,,,curated:b75682820c5af85396c1,Semi-Truths: A Large-Scale Dataset of AI-Augmented Images for Evaluating Robustness of AI-Generated Image Detectors,2024,Advances in Neural Information Processing Systems,false,true,7,7,0,,2,10.52202/079017-3748,,W4415795498,https://doi.org/10.52202/079017-3748
471,complete,,complete,No mapping action needed,none,missing,,,,,curated:8c85a92b00aa321fbe8c,Source Attribution for Images Generated by Diffusion-Based Text-to-Image Models: Exploring the Forensics Approach,2024,Asia Pacific Signal and Information Processing Association Annual Summit and Conference,false,true,2,2,0,,1,10.1109/apsipaasc63619.2025.10849098,,W4406858668,https://doi.org/10.1109/apsipaasc63619.2025.10849098
472,complete,,complete,No mapping action needed,none,missing,,,,,openalex:W4394862914,Towards Generated Image Provenance Analysis via Conceptual-Similar-Guided-SLIP Retrieval,2024,IEEE Signal Processing Letters,false,false,4,4,0,,2,10.1109/lsp.2024.3388958,,W4394862914,https://doi.org/10.1109/lsp.2024.3388958
473,complete,,complete,No mapping action needed,none,confirmed,Ruhr University Bochum | CISPA Helmholtz Center for Information Security,Jonas Ricker; Simon Damm; Asja Fischer | Thorsten Holz,,"Ruhr University Bochum, Bochum, Germany | CISPA Helmholtz Center for Information Security, Saarbrücken, Germany",curated:b1977dc0fcca329719f0,Towards the Detection of Diffusion Model Deepfakes,2024,International Conference on Computer Vision Theory and Applications,false,true,4,4,0,,2,10.5220/0012422000003660,,W4392402304,https://doi.org/10.5220/0012422000003660
474,complete,,complete,No mapping action needed,none,missing,,,,,openalex:W4396886753,Visual Veracity: Advancing AI-Generated Image Detection with Convolutional Neural Networks,2024,"2024 11th International Conference on Reliability, Infocom Technologies and Optimization (Trends and Future Directions) (ICRITO)",false,false,3,3,0,,1,10.1109/icrito61523.2024.10522113,,W4396886753,https://doi.org/10.1109/icrito61523.2024.10522113
475,complete,,complete,No mapping action needed,none,missing,,,,,openalex:W4386214843,A GAN-based Approach to Detect AI-Generated Images,2023,"2023 26th ACIS International Winter Conference on Software Engineering, Artificial Intelligence, Networking and Parallel/Distributed Computing (SNPD-Winter)",false,false,3,3,0,,2,10.1109/snpd-winter57765.2023.10223798,,W4386214843,https://doi.org/10.1109/snpd-winter57765.2023.10223798
476,complete,,complete,No mapping action needed,none,missing,,,,,openalex:W4387377174,A Survey of Detection and Mitigation for Fake Images on Social Media Platforms,2023,Applied Sciences,false,false,6,6,0,,6,10.3390/app131910980,,W4387377174,https://doi.org/10.3390/app131910980
477,complete,,complete,No mapping action needed,none,missing,,,,,openalex:W4392209962,Advancing AI-Generated Image Detection: Enhanced Accuracy through CNN and Vision Transformer Models with Explainable AI Insights,2023,2023 26th International Conference on Computer and Information Technology (ICCIT),false,false,3,3,0,,2,10.1109/iccit60459.2023.10440990,,W4392209962,https://doi.org/10.1109/iccit60459.2023.10440990
478,complete,,complete,No mapping action needed,none,missing,,,,,openalex:W4376461282,CSC-Net: Cross-Color Spatial Co-Occurrence Matrix Network for Detecting Synthesized Fake Images,2023,IEEE Transactions on Cognitive and Developmental Systems,false,false,7,7,0,,5,10.1109/tcds.2023.3274450,,W4376461282,https://doi.org/10.1109/tcds.2023.3274450
479,complete,,complete,No mapping action needed,none,missing,,,,,openalex:W4375955734,Deep fake detection and classification using error-level analysis and deep learning,2023,Scientific Reports,false,false,6,6,0,,7,10.1038/s41598-023-34629-3,,W4375955734,https://doi.org/10.1038/s41598-023-34629-3
480,complete,,complete,No mapping action needed,none,confirmed,Informatics Institute for Postgraduate Studies | University of Baghdad,Mohammed Thajeel Abdullah | Nada Hussein M. Ali,,"Informatics Institute for Postgraduate Studies, Iraqi Commission for Computer and Informatics, Baghdad, Iraq | Department of Computer Science, University of Baghdad, Baghdad, Iraq",openalex:W4367554082,DeepFake Detection Improvement for Images Based on a Proposed Method for Local Binary Pattern of the Multiple-Channel Color Space,2023,International journal of intelligent engineering and systems,false,false,2,2,0,,2,10.22266/ijies2023.0630.07,,W4367554082,https://doi.org/10.22266/ijies2023.0630.07
481,complete,,complete,No mapping action needed,none,missing,,,,,openalex:W4388851105,Deepfake detection using deep learning methods: A systematic and comprehensive review,2023,Wiley Interdisciplinary Reviews Data Mining and Knowledge Discovery,false,false,4,4,0,,4,10.1002/widm.1520,,W4388851105,https://doi.org/10.1002/widm.1520
482,complete,,complete,No mapping action needed,none,confirmed,Drexel University,Danial Samadi Vahdati; Matthew C. Stamm,,"Drexel University, USA",openalex:W4362684513,Detecting GAN-generated synthetic images using semantic inconsistencies,2023,Electronic Imaging,false,false,2,2,0,,1,10.2352/ei.2023.35.4.mwsf-380,,W4362684513,https://doi.org/10.2352/ei.2023.35.4.mwsf-380
483,complete,,complete,No mapping action needed,none,missing,,,,,openalex:W4381620941,Detection of GAN generated image using color gradient representation,2023,Journal of Visual Communication and Image Representation,false,false,6,6,0,,3,10.1016/j.jvcir.2023.103876,,W4381620941,https://doi.org/10.1016/j.jvcir.2023.103876
484,complete,,complete,No mapping action needed,none,confirmed,Georgia Institute of Technology,Zijie J. Wang; Evan Montoya; David Munechika; Haoyang Yang; Benjamin Hoover; Duen Horng Chau,,"College of Computing, Georgia Tech",curated:763f1f0571f4bc4c6459,DiffusionDB: A Large-Scale Prompt Gallery Dataset for Text-to-Image Generative Models,2023,Annual Meeting of the Association for Computational Linguistics,false,true,6,6,0,,1,10.18653/v1/2023.acl-long.51,2210.14896,W4385570204,https://doi.org/10.18653/v1/2023.acl-long.51
485,complete,,complete,No mapping action needed,none,missing,,,,,openalex:W4385656076,Digital Image Forensic Analyzer to Detect AI-generated Fake Images,2023,"2023 8th International Conference on Automation, Control and Robotics Engineering (CACRE)",false,false,2,2,0,,1,10.1109/cacre58689.2023.10208613,,W4385656076,https://doi.org/10.1109/cacre58689.2023.10208613
486,complete,,complete,No mapping action needed,none,missing,,,,,openalex:W4384297285,Does an emotional connection to art really require a human artist? Emotion and intentionality responses to AI- versus human-created art and impact on aesthetic experience,2023,Computers in Human Behavior,false,false,4,4,0,,2,10.1016/j.chb.2023.107875,,W4384297285,https://doi.org/10.1016/j.chb.2023.107875
487,complete,,complete,No mapping action needed,none,missing,,,,,openalex:W4385801341,EKILA: Synthetic Media Provenance and Attribution for Generative Art,2023,IEEE/CVF Conference on Computer Vision and Pattern Recognition,false,false,6,6,0,,2,10.1109/cvprw59228.2023.00098,2304.04639,W4385801341,https://doi.org/10.1109/cvprw59228.2023.00098
488,complete,,complete,No mapping action needed,none,missing,,,,,openalex:W4391557868,Enhancing Interpretability in AI-Generated Image Detection with Genetic Programming,2023,2023 IEEE International Conference on Data Mining Workshops (ICDMW),false,false,3,3,0,,2,10.1109/icdmw60847.2023.00053,,W4391557868,https://doi.org/10.1109/icdmw60847.2023.00053
489,complete,,complete,No mapping action needed,none,missing,,,,,openalex:W4388858443,Evading Watermark based Detection of AI-Generated Content,2023,ACM SIGSAC Conference on Computer and Communications Security,false,false,3,3,0,,1,10.1145/3576915.3623189,2305.03807,W4388858443,https://doi.org/10.1145/3576915.3623189
490,complete,,complete,No mapping action needed,none,missing,,,,,openalex:W4388666300,Generating Synthetic Training Images to Detect Split Defects in Stamped Components,2023,IEEE Transactions on Industrial Informatics,false,false,4,4,0,,1,10.1109/tii.2023.3329711,,W4388666300,https://doi.org/10.1109/tii.2023.3329711
491,complete,,complete,No mapping action needed,none,missing,,,,,openalex:W4391306866,Leveraging Image Gradients for Robust GAN-Generated Image Detection in OSN context,2023,2023 IEEE International Conference on Visual Communications and Image Processing (VCIP),false,false,2,2,0,,1,10.1109/vcip59821.2023.10402778,,W4391306866,https://doi.org/10.1109/vcip59821.2023.10402778
492,complete,,complete,No mapping action needed,none,confirmed,University of Naples Federico II | NVIDIA,Riccardo Corvi; Davide Cozzolino; Giada Zingarini; Giovanni Poggi; Luisa Verdoliva | Koki Nagano,,"University Federico II of Naples, Italy | NVIDIA",curated:a35e111d52c6ad788ef7,On the Detection of Synthetic Images Generated by Diffusion Models,2023,"IEEE International Conference on Acoustics, Speech and Signal Processing",false,true,6,6,0,,2,10.1109/icassp49357.2023.10095167,2211.00680,W4375869427,https://doi.org/10.1109/icassp49357.2023.10095167
493,complete,,complete,No mapping action needed,none,missing,,,,,openalex:W4390189958,Online Detection of AI-Generated Images,2023,IEEE/CVF International Conference on Computer Vision,false,false,4,4,0,,1,10.1109/iccvw60793.2023.00045,2310.15150,W4390189958,https://doi.org/10.1109/iccvw60793.2023.00045
494,complete,,complete,No mapping action needed,none,missing,,,,,openalex:W4388927818,PatchCraft: Exploring Texture Patch for Efficient AI-generated Image Detection,2023,arXiv,false,false,5,5,0,,1,10.48550/arxiv.2311.12397,2311.12397,W4388927818,https://openalex.org/W4388927818
495,complete,,complete,No mapping action needed,none,confirmed,Shanghai Jiao Tong University | Shanghai Artificial Intelligence Laboratory | The University of Sydney | The University of Hong Kong,Zeyu Lu | Zeyu Lu; Di Huang; Lei Bai; Jingjing Qu; Wanli Ouyang | Di Huang | Chengyue Wu; Xihui Liu,,,curated:c6bb6e1e0a4d4eb372b5,Seeing Is Not Always Believing: Benchmarking Human and Model Perception of AI-Generated Images,2023,Advances in Neural Information Processing Systems,false,true,7,7,0,,4,10.52202/075280-1105,2304.13023,W4367061162,https://doi.org/10.52202/075280-1105
496,complete,,complete,No mapping action needed,none,confirmed,Ruhr University Bochum | University of Hamburg,Mike Laszkiewicz; Jonas Ricker; Asja Fischer | Johannes Lederer,,,curated:62b0a9ae8be24d9f02e0,Single-Model Attribution of Generative Models Through Final-Layer Inversion,2023,International Conference on Machine Learning,false,true,4,4,0,,2,10.48550/arxiv.2306.06210,2306.06210,W4380551225,https://openreview.net/pdf?id=Hs9GcILuZN
497,complete,,complete,No mapping action needed,none,missing,,,,,openalex:W4381851764,Testing human ability to detect ‘deepfake’ images of human faces,2023,Journal of Cybersecurity,false,false,3,3,0,,2,10.1093/cybsec/tyad011,2212.05056,W4381851764,https://doi.org/10.1093/cybsec/tyad011
498,complete,,complete,No mapping action needed,none,missing,,,,,openalex:W4385767391,Towards Robust Gan-Generated Image Detection: A Multi-View Completion Representation,2023,International Joint Conference on Artificial Intelligence,false,false,4,4,0,,3,10.24963/ijcai.2023/52,2306.01364,W4385767391,https://doi.org/10.24963/ijcai.2023/52
499,complete,,complete,No mapping action needed,none,missing,,,,,curated:a99dc95e4b7a85bd938f,TWIGMA: A Dataset of AI-Generated Images with Metadata from Twitter,2023,Advances in Neural Information Processing Systems,false,true,2,2,0,,1,10.52202/075280-1642,,W4393610334,https://doi.org/10.52202/075280-1642
500,complete,,complete,No mapping action needed,none,missing,,,,,curated:baa48a1bff3effa2e915,Universal Detection and Source Attribution of Diffusion Model Generated Images with High Generalization and Robustness,2023,International Conference on Pattern Recognition and Machine Intelligence,false,true,4,4,0,,1,10.1007/978-3-031-45170-6_45,,W4388656143,https://doi.org/10.1007/978-3-031-45170-6_45
501,complete,,complete,No mapping action needed,none,missing,,,,,openalex:W4297988790,A Novel Deep Learning Approach for Deepfake Image Detection,2022,Applied Sciences,false,false,3,3,0,,2,10.3390/app12199820,,W4297988790,https://doi.org/10.3390/app12199820
502,complete,,complete,No mapping action needed,none,missing,,,,,openalex:W4284974950,AI-enabled image fraud in scientific publications,2022,Patterns,false,false,7,7,0,,5,10.1016/j.patter.2022.100511,,W4284974950,https://doi.org/10.1016/j.patter.2022.100511
503,complete,,complete,No mapping action needed,none,confirmed,University of Siena,Jun Wang; Benedetta Tondi; Mauro Barni,,Resolved from authoritative candidate institution metadata.,openalex:W4284895444,An Eyes-Based Siamese Neural Network for the Detection of GAN-Generated Face Images,2022,Frontiers in Signal Processing,false,false,3,3,0,,1,10.3389/frsip.2022.918725,,W4284895444,https://doi.org/10.3389/frsip.2022.918725
504,complete,,complete,No mapping action needed,none,missing,,,,,openalex:W4283712107,Analysis Survey on Deepfake detection and Recognition with Convolutional Neural Networks,2022,"2022 International Congress on Human-Computer Interaction, Optimization and Robotic Applications (HORA)",false,false,4,4,0,,2,10.1109/hora55278.2022.9799858,,W4283712107,https://doi.org/10.1109/hora55278.2022.9799858
505,complete,,complete,No mapping action needed,none,missing,,,,,openalex:W4283452332,Cross-Forgery Analysis of Vision Transformers and CNNs for Deepfake Image Detection,2022,Proceedings of the 1st International Workshop on Multimedia AI against Disinformation,false,false,5,5,0,,3,10.1145/3512732.3533582,2206.13829,W4283452332,https://doi.org/10.1145/3512732.3533582
506,complete,,complete,No mapping action needed,none,missing,,,,,openalex:W4312518338,Deep Learning applied to Road Accident Detection with Transfer Learning and Synthetic Images,2022,Transportation research procedia,false,false,4,4,0,,2,10.1016/j.trpro.2022.09.012,,W4312518338,https://doi.org/10.1016/j.trpro.2022.09.012
507,complete,,complete,No mapping action needed,none,missing,,,,,openalex:W4285791495,Detecting Deepfake Images Using Deep Learning Techniques and Explainable AI Methods,2022,Intelligent Automation & Soft Computing,false,false,8,8,0,,4,10.32604/iasc.2023.029653,,W4285791495,https://doi.org/10.32604/iasc.2023.029653
508,complete,,complete,No mapping action needed,none,confirmed,Chongqing University of Posts and Telecommunications,Bo Liu; Fan Yang; Xiuli Bi; Bin Xiao; Weisheng Li; Xinbo Gao,,"Chongqing University of Posts and Telecommunications, Chongqing, China",curated:2488ec329f6e0d99d28f,Detecting Generated Images by Real Images,2022,European Conference on Computer Vision,false,true,6,6,0,,1,10.1007/978-3-031-19781-9_6,,W4313189772,https://doi.org/10.1007/978-3-031-19781-9_6
509,complete,,complete,No mapping action needed,none,confirmed,University of Tsukuba | RIKEN Center for Advanced Intelligence Project,Syou Hirofumi; Kazuto Fukuchi; Youhei Akimoto; Jun Sakuma | Jun Sakuma,,"Department of Computer Science / Faculty of Engineering, Information and Systems, University of Tsukuba, Tsukuba, Japan | Faculty of Engineering, Information and Systems, University of Tsukuba / RIKEN AIP, Tsukuba, Japan",curated:853c7e2ae5f343438dd5,Did You Use My GAN to Generate Fake? Post-Hoc Attribution of GAN Generated Images via Latent Recovery,2022,International Joint Conference on Neural Networks,false,true,4,4,0,,2,10.1109/ijcnn55064.2022.9892704,,W4312387978,https://doi.org/10.1109/ijcnn55064.2022.9892704
510,complete,,complete,No mapping action needed,none,missing,,,,,openalex:W4221149434,FrePGAN: Robust Deepfake Detection Using Frequency-Level Perturbations,2022,AAAI Conference on Artificial Intelligence,false,false,4,4,0,,5,10.1609/aaai.v36i1.19990,2202.03347,W4221149434,https://doi.org/10.1609/aaai.v36i1.19990
511,complete,,complete,No mapping action needed,none,missing,,,,,openalex:W4293518933,Improving GAN-Generated Image Detection Generalization Using Unsupervised Domain Adaptation,2022,IEEE International Conference on Multimedia and Expo,false,false,5,5,0,,2,10.1109/icme52920.2022.9859763,,W4293518933,https://doi.org/10.1109/icme52920.2022.9859763
512,complete,,complete,No mapping action needed,none,missing,,,,,openalex:W4360766590,MaskGAN: A Facial Fusion Algorithm for Deepfake Image Detection,2022,2022 International Conference on Computers and Artificial Intelligence Technologies (CAIT),false,false,4,4,0,,1,10.1109/cait56099.2022.10072275,,W4360766590,https://doi.org/10.1109/cait56099.2022.10072275
513,complete,,complete,No mapping action needed,none,confirmed,Monash University Malaysia | Monash University,Brandon B. G. Khoo; Chern Hong Lim | Raphaël C.-W. Phan,,"School of Information Technology, Monash University Malaysia | Faculty of Information Technology, Monash University",openalex:W4221166157,Transferable Class-Modelling for Decentralized Source Attribution of GAN-Generated Images,2022,arXiv,false,false,3,3,0,,2,10.48550/arxiv.2203.09777,2203.09777,W4221166157,https://openalex.org/W4221166157
514,complete,,complete,No mapping action needed,none,missing,,,,,openalex:W3139320333,A Novel Neural Model based Framework for Detection of GAN Generated Fake Images,2021,"2021 11th International Conference on Cloud Computing, Data Science & Engineering (Confluence)",false,false,3,3,0,,1,10.1109/confluence51648.2021.9377150,,W3139320333,https://doi.org/10.1109/confluence51648.2021.9377150
515,complete,,complete,No mapping action needed,none,confirmed,University of Naples Federico II,Diego Gragnaniello; Davide Cozzolino; Francesco Marra; Giovanni Poggi; Luisa Verdoliva,,University Federico II of Naples,openalex:W3149674875,Are GAN Generated Images Easy to Detect? A Critical Analysis of the State-of-the-Art,2021,IEEE International Conference on Multimedia and Expo,false,false,5,5,0,,1,10.1109/icme51207.2021.9428429,2104.02617,W3149674875,https://doi.org/10.1109/icme51207.2021.9428429
516,complete,,complete,No mapping action needed,none,missing,,,,,openalex:W3138230904,Copy-Move Forgery Detection (CMFD) Using Deep Learning for Image and Video Forensics,2021,Journal of Imaging,false,false,3,3,0,,1,10.3390/jimaging7030059,,W3138230904,https://doi.org/10.3390/jimaging7030059
517,complete,,complete,No mapping action needed,none,missing,,,,,openalex:W3173581984,DeepFake Detection Based on Discrepancies Between Faces and Their Context,2021,IEEE Transactions on Pattern Analysis and Machine Intelligence,false,false,4,4,0,,4,10.1109/tpami.2021.3093446,,W3173581984,https://doi.org/10.1109/tpami.2021.3093446
518,complete,,complete,No mapping action needed,none,missing,,,,,openalex:W4285362588,Deepfake Image Detection using CNNs and Transfer Learning,2021,"2021 International Conference on Computing, Communication and Green Engineering (CCGE)",false,false,4,4,0,,1,10.1109/ccge50943.2021.9776410,,W4285362588,https://doi.org/10.1109/ccge50943.2021.9776410
519,complete,,complete,No mapping action needed,none,missing,,,,,openalex:W3172046373,Deepfakes Creation and Detection Using Deep Learning,2021,"2021 International Mobile, Intelligent, and Ubiquitous Computing Conference (MIUCC)",false,false,2,2,0,,1,10.1109/miucc52538.2021.9447642,,W3172046373,https://doi.org/10.1109/miucc52538.2021.9447642
520,complete,,complete,No mapping action needed,none,missing,,,,,openalex:W3173631964,Detecting fake images by identifying potential texture difference,2021,Future Generation Computer Systems,false,false,5,5,0,,2,10.1016/j.future.2021.06.043,,W3173631964,https://doi.org/10.1016/j.future.2021.06.043
521,complete,,complete,No mapping action needed,none,missing,,,,,openalex:W3135589907,Detecting soybean leaf disease from synthetic image using multi-feature fusion faster R-CNN,2021,Computers and Electronics in Agriculture,false,false,3,3,0,,1,10.1016/j.compag.2021.106064,,W3135589907,https://doi.org/10.1016/j.compag.2021.106064
522,complete,,complete,No mapping action needed,none,missing,,,,,openalex:W4214857236,Detection of Deep-Morphed Deepfake Images to Make Robust Automatic Facial Recognition Systems,2021,2021 19th OITS International Conference on Information Technology (OCIT),false,false,4,4,0,,3,10.1109/ocit53463.2021.00039,,W4214857236,https://doi.org/10.1109/ocit53463.2021.00039
523,complete,,complete,No mapping action needed,none,confirmed,Saintgits College of Engineering,K. Remya Revi; K. R. Vidya; M. Wilscy,,"Saintgits College of Engineering, APJ Abdul Kalam Technological University, Thiruvananthapuram, Kerala, India",curated:ae869fc6a6dea782923d,Detection of Deepfake Images Created Using Generative Adversarial Networks: A Review,2021,Transactions on Computational Science and Computational Intelligence,false,true,3,3,0,,2,10.1007/978-3-030-49500-8_3,,W3128257465,https://doi.org/10.1007/978-3-030-49500-8_3
524,complete,,complete,No mapping action needed,none,missing,,,,,openalex:W3166640306,Detection of GAN-Synthesized Image Based on Discrete Wavelet Transform,2021,Security and Communication Networks,false,false,6,6,0,,1,10.1155/2021/5511435,,W3166640306,https://doi.org/10.1155/2021/5511435
525,complete,,complete,No mapping action needed,none,confirmed,University of North Texas | National University of Ireland,Alakananda Mitra; Saraju P. Mohanty; Elias Kougianos | Peter Corcoran,,"Department of Computer Science and Engineering, University of North Texas, Denton, USA Department of Electrical Engineering, University of North Texas, Denton, USA | School of Engineering and Informatics, National University of Ireland, Galway, Ireland",curated:29dd14e7af2f68df1b1e,EasyDeep: An IoT Friendly Robust Detection Method for GAN Generated Deepfake Images in Social Media,2021,IFIP International Internet of Things Conference,false,true,4,4,0,,3,10.1007/978-3-030-96466-5_14,,W4213417724,https://doi.org/10.1007/978-3-030-96466-5_14
526,complete,,complete,No mapping action needed,none,missing,,,,,openalex:W3140970613,Image Tampering Localization Using a Dense Fully Convolutional Network,2021,IEEE Transactions on Information Forensics and Security,false,false,5,5,0,,2,10.1109/tifs.2021.3070444,,W3140970613,https://doi.org/10.1109/tifs.2021.3070444
527,complete,,complete,No mapping action needed,none,confirmed,University of Naples Federico II,Davide Cozzolino; Diego Gragnaniello; Giovanni Poggi; Luisa Verdoliva,,"University Federico II of Naples, Italy",openalex:W4206030296,Towards Universal GAN Image Detection,2021,2021 International Conference on Visual Communications and Image Processing (VCIP),false,false,4,4,0,,1,10.1109/vcip53242.2021.9675329,2112.12606,W4206030296,https://doi.org/10.1109/vcip53242.2021.9675329
528,complete,,complete,No mapping action needed,none,missing,,,,,openalex:W3134971133,VIPPrint: Validating Synthetic Image Detection and Source Linking Methods on a Large Scale Dataset of Printed Documents,2021,Journal of Imaging,false,false,3,3,0,,1,10.3390/jimaging7030050,,W3134971133,https://doi.org/10.3390/jimaging7030050
529,complete,,complete,No mapping action needed,none,missing,,,,,openalex:W3010352349,A Survey of Deep Learning-Based Source Image Forensics,2020,Journal of Imaging,false,false,6,6,0,,2,10.3390/jimaging6030009,,W3010352349,https://doi.org/10.3390/jimaging6030009
530,complete,,complete,No mapping action needed,none,confirmed,University of Texas at Dallas,Matthew Joslin; Shuang Hao,,,curated:af47c4b83dfd43175a4a,Attributing and Detecting Fake Images Generated by Known GANs,2020,2020 IEEE Security and Privacy Workshops (SPW),false,true,2,2,0,,1,10.1109/spw50608.2020.00019,,W3117441857,https://doi.org/10.1109/spw50608.2020.00019
531,complete,,complete,No mapping action needed,none,missing,,,,,openalex:W3044151627,CNN Detection of GAN-Generated Face Images based on Cross-Band Co-occurrences Analysis,2020,IEEE International Workshop on Information Forensics and Security,false,false,4,4,0,,1,10.1109/wifs49906.2020.9360905,2007.12909,W3044151627,https://doi.org/10.1109/wifs49906.2020.9360905
532,complete,,complete,No mapping action needed,none,missing,,,,,openalex:W2970868842,Deep Fake Image Detection Based on Pairwise Learning,2020,Applied Sciences,false,false,3,3,0,,2,10.3390/app10010370,,W2970868842,https://doi.org/10.3390/app10010370
533,complete,,complete,No mapping action needed,none,missing,,,,,openalex:W3084142230,DeepFake Face Image Detection based on Improved VGG Convolutional Neural Network,2020,2020 39th Chinese Control Conference (CCC),false,false,4,4,0,,1,10.23919/ccc50068.2020.9189596,,W3084142230,https://doi.org/10.23919/ccc50068.2020.9189596
534,complete,,complete,No mapping action needed,none,missing,,,,,openalex:W3034196597,Face X-Ray for More General Face Forgery Detection,2020,IEEE/CVF Conference on Computer Vision and Pattern Recognition,false,false,7,7,0,,2,10.1109/cvpr42600.2020.00505,1912.13458,W3034196597,https://doi.org/10.1109/cvpr42600.2020.00505
535,complete,,complete,No mapping action needed,none,missing,,,,,openalex:W3034795015,Global Texture Enhancement for Fake Face Detection in the Wild,2020,IEEE/CVF Conference on Computer Vision and Pattern Recognition,false,false,3,3,0,,2,10.1109/cvpr42600.2020.00808,2002.00133,W3034795015,https://doi.org/10.1109/cvpr42600.2020.00808
536,complete,,complete,No mapping action needed,none,confirmed,Ruhr University Bochum,Joel Frank; Thorsten Eisenhofer; Lea Schönherr; Asja Fischer; Dorothea Kolossa; Thorsten Holz,,"Ruhr-Universität Bochum, Horst Görtz Institute for IT Security, Bochum, Germany",curated:dcf7aae2c8590b07aff3,Leveraging Frequency Analysis for Deep Fake Image Recognition,2020,International Conference on Machine Learning,false,true,6,6,0,,1,10.48550/arxiv.2003.08685,2003.08685,W3012033723,https://proceedings.mlr.press/v119/frank20a/frank20a.pdf
537,complete,,complete,No mapping action needed,none,missing,,,,,openalex:W2973074956,An Evaluation of Deep Learning-Based Computer Generated Image Detection Approaches,2019,IEEE Access,false,false,5,5,0,,1,10.1109/access.2019.2940383,,W2973074956,https://doi.org/10.1109/access.2019.2940383
538,complete,,complete,No mapping action needed,none,missing,,,,,openalex:W2985484909,Fourier Spectrum Discrepancies in Deep Network Generated Images,2019,arXiv,false,false,3,3,0,,2,10.48550/arxiv.1911.06465,1911.06465,W2985484909,https://openalex.org/W2985484909
539,complete,,complete,No mapping action needed,none,confirmed,Xidian University | Beijing Electronic Science and Technology Institute | The State Information Center,Kejun Zhang; Liang Yu; Xinxin Li | Jianyi Zhang | Zhiqiang Wang,,"Xidian University, Xi’an, China | Beijing Electronic Science and Technology Institute, Beijing, China | The State Information Center, Beijing, China",openalex:W2972023908,No One Can Escape: A General Approach to Detect Tampered and Generated Image,2019,IEEE Access,false,false,5,5,0,,4,10.1109/access.2019.2939812,,W2972023908,https://doi.org/10.1109/access.2019.2939812
540,complete,,complete,No mapping action needed,none,missing,,,,,openalex:W2921230249,Can Forensic Detectors Identify GAN Generated Images?,2018,Asia Pacific Signal and Information Processing Association Annual Summit and Conference,false,false,4,4,0,,1,10.23919/apsipa.2018.8659461,,W2921230249,https://doi.org/10.23919/apsipa.2018.8659461
541,complete,,complete,No mapping action needed,none,confirmed,"Institute of Automation, Chinese Academy of Sciences | Rensselaer Polytechnic Institute | Qingdao Academy of Intelligent Industries",Chao Gou; Hui Zhang; Kunfeng Wang; Fei-Yue Wang | Qiang Ji | Chao Gou; Kunfeng Wang; Fei-Yue Wang,,"nstitute of Automation, Chinese Academy of Sciences, Beijing 100190, China | Rensselaer Polytechnic Institute, Troy, NY 12180, USA | Qingdao Academy of Intelligent Industries, Qingdao 266109, China",openalex:W2903907439,Cascade learning from adversarial synthetic images for accurate pupil detection,2018,Pattern Recognition,false,false,5,5,0,,3,10.1016/j.patcog.2018.12.014,,W2903907439,https://doi.org/10.1016/j.patcog.2018.12.014
