<?xml version="1.0" encoding="UTF-8"?>
<osm version="0.6" generator="openstreetmap-cgimap 2.1.0 (1715051 spike-08.openstreetmap.org)" copyright="OpenStreetMap and contributors" attribution="http://www.openstreetmap.org/copyright" license="http://opendatacommons.org/licenses/odbl/1-0/">
 <bounds minlat="23.0000000" minlon="113.3260000" maxlat="23.0018000" maxlon="113.3276000"/>
 <node id="2956329566" visible="true" version="1" changeset="24052978" timestamp="2014-07-09T21:03:11Z" user="MarsmanRom" uid="44514" lat="23.0040313" lon="113.3249992"/>
 <node id="2956329567" visible="true" version="1" changeset="24052978" timestamp="2014-07-09T21:03:11Z" user="MarsmanRom" uid="44514" lat="23.0033913" lon="113.3244156"/>
 <node id="2956329568" visible="true" version="5" changeset="181970118" timestamp="2026-04-29T05:39:30Z" user="Skiptottos" uid="23459631" lat="22.9999546" lon="113.3247914"/>
 <node id="2956329569" visible="true" version="1" changeset="24052978" timestamp="2014-07-09T21:03:11Z" user="MarsmanRom" uid="44514" lat="23.0064083" lon="113.3269637"/>
 <node id="2956329570" visible="true" version="1" changeset="24052978" timestamp="2014-07-09T21:03:11Z" user="MarsmanRom" uid="44514" lat="23.0061812" lon="113.3250593"/>
 <node id="2956329571" visible="true" version="5" changeset="181970118" timestamp="2026-04-29T05:39:30Z" user="Skiptottos" uid="23459631" lat="22.9994598" lon="113.3237765"/>
 <node id="2956329572" visible="true" version="1" changeset="24052978" timestamp="2014-07-09T21:03:11Z" user="MarsmanRom" uid="44514" lat="23.0009006" lon="113.3199245"/>
 <node id="2956329579" visible="true" version="2" changeset="56315308" timestamp="2018-02-13T07:22:44Z" user="fdulezi" uid="2214848" lat="22.9986734" lon="113.3223146"/>
 <node id="2956329581" visible="true" version="4" changeset="103480520" timestamp="2021-04-23T12:01:09Z" user="Fnkok" uid="13101682" lat="22.9985182" lon="113.3231799"/>
 <node id="2956329586" visible="true" version="2" changeset="172270856" timestamp="2025-09-22T01:32:40Z" user="rene78" uid="257555" lat="23.0046745" lon="113.3283808"/>
 <node id="2956329589" visible="true" version="1" changeset="24052978" timestamp="2014-07-09T21:03:12Z" user="MarsmanRom" uid="44514" lat="23.0051985" lon="113.3277094"/>
 <node id="2956329596" visible="true" version="3" changeset="172270856" timestamp="2025-09-22T01:32:40Z" user="rene78" uid="257555" lat="23.0005969" lon="113.3256472"/>
 <node id="2956329598" visible="true" version="3" changeset="56454109" timestamp="2018-02-18T03:55:19Z" user="fdulezi" uid="2214848" lat="22.9988216" lon="113.3221858"/>
 <node id="2956329599" visible="true" version="1" changeset="24052978" timestamp="2014-07-09T21:03:12Z" user="MarsmanRom" uid="44514" lat="23.0024561" lon="113.3239103"/>
 <node id="2956329602" visible="true" version="3" changeset="56454109" timestamp="2018-02-18T03:55:19Z" user="fdulezi" uid="2214848" lat="22.9987919" lon="113.3217729"/>
 <node id="2956329605" visible="true" version="1" changeset="24052978" timestamp="2014-07-09T21:03:12Z" user="MarsmanRom" uid="44514" lat="22.9997076" lon="113.3208965"/>
 <node id="2956329607" visible="true" version="2" changeset="172270856" timestamp="2025-09-22T01:32:40Z" user="rene78" uid="257555" lat="23.0034382" lon="113.3278126"/>
 <node id="2956329608" visible="true" version="1" changeset="24052978" timestamp="2014-07-09T21:03:12Z" user="MarsmanRom" uid="44514" lat="23.0048282" lon="113.3253061"/>
 <node id="2956329613" visible="true" version="2" changeset="56319106" timestamp="2018-02-13T09:58:50Z" user="fdulezi" uid="2214848" lat="22.9991601" lon="113.3214189"/>
 <node id="2956329615" visible="true" version="1" changeset="24052978" timestamp="2014-07-09T21:03:12Z" user="MarsmanRom" uid="44514" lat="22.9998706" lon="113.3207034"/>
 <node id="2956329617" visible="true" version="2" changeset="172270856" timestamp="2025-09-22T01:32:40Z" user="rene78" uid="257555" lat="23.0011125" lon="113.3262487"/>
 <node id="2956329620" visible="true" version="3" changeset="172270856" timestamp="2025-09-22T01:32:40Z" user="rene78" uid="257555" lat="23.0043478" lon="113.3281561"/>
 <node id="2956329623" visible="true" version="1" changeset="24052978" timestamp="2014-07-09T21:03:12Z" user="MarsmanRom" uid="44514" lat="23.0022605" lon="113.3229457"/>
 <node id="2956329624" visible="true" version="1" changeset="24052978" timestamp="2014-07-09T21:03:12Z" user="MarsmanRom" uid="44514" lat="23.0067717" lon="113.3257342"/>
 <node id="2956329625" visible="true" version="1" changeset="24052978" timestamp="2014-07-09T21:03:12Z" user="MarsmanRom" uid="44514" lat="23.0044065" lon="113.3253909"/>
 <node id="2956329626" visible="true" version="2" changeset="56315308" timestamp="2018-02-13T07:22:44Z" user="fdulezi" uid="2214848" lat="23.0013598" lon="113.3208686"/>
 <node id="2956329627" visible="true" version="1" changeset="24052978" timestamp="2014-07-09T21:03:12Z" user="MarsmanRom" uid="44514" lat="23.0065693" lon="113.3253157"/>
 <node id="2956329628" visible="true" version="1" changeset="24052978" timestamp="2014-07-09T21:03:12Z" user="MarsmanRom" uid="44514" lat="23.0004217" lon="113.3201766"/>
 <node id="2956329629" visible="true" version="1" changeset="24052978" timestamp="2014-07-09T21:03:12Z" user="MarsmanRom" uid="44514" lat="23.0017648" lon="113.3221239"/>
 <node id="2956329835" visible="true" version="1" changeset="24052978" timestamp="2014-07-09T21:03:12Z" user="MarsmanRom" uid="44514" lat="23.0007278" lon="113.3199031"/>
 <node id="2956329845" visible="true" version="1" changeset="24052978" timestamp="2014-07-09T21:03:13Z" user="MarsmanRom" uid="44514" lat="23.0036115" lon="113.3246345"/>
 <node id="2956329847" visible="true" version="1" changeset="24052978" timestamp="2014-07-09T21:03:13Z" user="MarsmanRom" uid="44514" lat="23.0028975" lon="113.3242278"/>
 <node id="2956329849" visible="true" version="1" changeset="24052978" timestamp="2014-07-09T21:03:13Z" user="MarsmanRom" uid="44514" lat="23.0011426" lon="113.3200962"/>
 <node id="2956329855" visible="true" version="1" changeset="24052978" timestamp="2014-07-09T21:03:13Z" user="MarsmanRom" uid="44514" lat="23.0005718" lon="113.3199685"/>
 <node id="2956329858" visible="true" version="2" changeset="172270856" timestamp="2025-09-22T01:32:40Z" user="rene78" uid="257555" lat="23.0016169" lon="113.3269317"/>
 <node id="2956329861" visible="true" version="1" changeset="24052978" timestamp="2014-07-09T21:03:13Z" user="MarsmanRom" uid="44514" lat="23.0014754" lon="113.3214330"/>
 <node id="2956329862" visible="true" version="1" changeset="24052978" timestamp="2014-07-09T21:03:13Z" user="MarsmanRom" uid="44514" lat="23.0053151" lon="113.3270377"/>
 <node id="2956329863" visible="true" version="2" changeset="172270856" timestamp="2025-09-22T01:32:40Z" user="rene78" uid="257555" lat="23.0038231" lon="113.3279015"/>
 <node id="2956329865" visible="true" version="1" changeset="24052978" timestamp="2014-07-09T21:03:13Z" user="MarsmanRom" uid="44514" lat="23.0067569" lon="113.3267105"/>
 <node id="2956329868" visible="true" version="3" changeset="172270856" timestamp="2025-09-22T01:32:40Z" user="rene78" uid="257555" lat="23.0005554" lon="113.3252048"/>
 <node id="2956329870" visible="true" version="1" changeset="24052978" timestamp="2014-07-09T21:03:13Z" user="MarsmanRom" uid="44514" lat="23.0038732" lon="113.3247847"/>
 <node id="2956329871" visible="true" version="1" changeset="24052978" timestamp="2014-07-09T21:03:13Z" user="MarsmanRom" uid="44514" lat="23.0054978" lon="113.3251012"/>
 <node id="2956329878" visible="true" version="1" changeset="24052978" timestamp="2014-07-09T21:03:13Z" user="MarsmanRom" uid="44514" lat="23.0026605" lon="113.3235358"/>
 <node id="2956329879" visible="true" version="2" changeset="56315308" timestamp="2018-02-13T07:22:44Z" user="fdulezi" uid="2214848" lat="23.0012686" lon="113.3204342"/>
 <node id="5409258322" visible="true" version="2" changeset="56315803" timestamp="2018-02-13T07:43:50Z" user="fdulezi" uid="2214848" lat="23.0037290" lon="113.3275712"/>
 <node id="5409258323" visible="true" version="1" changeset="56315308" timestamp="2018-02-13T07:22:26Z" user="fdulezi" uid="2214848" lat="23.0035043" lon="113.3272171"/>
 <node id="5409258324" visible="true" version="1" changeset="56315308" timestamp="2018-02-13T07:22:26Z" user="fdulezi" uid="2214848" lat="23.0035141" lon="113.3269811"/>
 <node id="5409258325" visible="true" version="1" changeset="56315308" timestamp="2018-02-13T07:22:26Z" user="fdulezi" uid="2214848" lat="23.0034549" lon="113.3268470"/>
 <node id="5409258326" visible="true" version="1" changeset="56315308" timestamp="2018-02-13T07:22:26Z" user="fdulezi" uid="2214848" lat="23.0032179" lon="113.3267773"/>
 <node id="5409258327" visible="true" version="1" changeset="56315308" timestamp="2018-02-13T07:22:26Z" user="fdulezi" uid="2214848" lat="23.0028080" lon="113.3269811"/>
 <node id="5409258328" visible="true" version="2" changeset="172270856" timestamp="2025-09-22T01:32:40Z" user="rene78" uid="257555" lat="23.0028532" lon="113.3271743"/>
 <node id="5409258343" visible="true" version="2" changeset="172270856" timestamp="2025-09-22T01:32:40Z" user="rene78" uid="257555" lat="23.0009388" lon="113.3259906"/>
 <node id="5409258344" visible="true" version="1" changeset="56315308" timestamp="2018-02-13T07:22:26Z" user="fdulezi" uid="2214848" lat="23.0011193" lon="113.3260343"/>
 <node id="5409258345" visible="true" version="1" changeset="56315308" timestamp="2018-02-13T07:22:26Z" user="fdulezi" uid="2214848" lat="23.0011588" lon="113.3261255"/>
 <node id="5409258346" visible="true" version="1" changeset="56315308" timestamp="2018-02-13T07:22:27Z" user="fdulezi" uid="2214848" lat="23.0011983" lon="113.3261362"/>
 <node id="5409258347" visible="true" version="1" changeset="56315308" timestamp="2018-02-13T07:22:27Z" user="fdulezi" uid="2214848" lat="23.0012748" lon="113.3260611"/>
 <node id="5409258348" visible="true" version="1" changeset="56315308" timestamp="2018-02-13T07:22:27Z" user="fdulezi" uid="2214848" lat="23.0014378" lon="113.3260960"/>
 <node id="5409258349" visible="true" version="1" changeset="56315308" timestamp="2018-02-13T07:22:27Z" user="fdulezi" uid="2214848" lat="23.0016303" lon="113.3260584"/>
 <node id="5409258350" visible="true" version="2" changeset="56319106" timestamp="2018-02-13T09:58:50Z" user="fdulezi" uid="2214848" lat="23.0017019" lon="113.3260799"/>
 <node id="5409258351" visible="true" version="2" changeset="56319106" timestamp="2018-02-13T09:58:50Z" user="fdulezi" uid="2214848" lat="23.0017735" lon="113.3259806"/>
 <node id="5409258352" visible="true" version="2" changeset="56319106" timestamp="2018-02-13T09:58:50Z" user="fdulezi" uid="2214848" lat="23.0019760" lon="113.3259672"/>
 <node id="5409258353" visible="true" version="2" changeset="56319106" timestamp="2018-02-13T09:58:50Z" user="fdulezi" uid="2214848" lat="23.0021884" lon="113.3260343"/>
 <node id="5409258354" visible="true" version="1" changeset="56315308" timestamp="2018-02-13T07:22:27Z" user="fdulezi" uid="2214848" lat="23.0021957" lon="113.3258868"/>
 <node id="5409258355" visible="true" version="1" changeset="56315308" timestamp="2018-02-13T07:22:27Z" user="fdulezi" uid="2214848" lat="23.0020920" lon="113.3258492"/>
 <node id="5409258356" visible="true" version="1" changeset="56315308" timestamp="2018-02-13T07:22:27Z" user="fdulezi" uid="2214848" lat="23.0019464" lon="113.3258278"/>
 <node id="5409258357" visible="true" version="1" changeset="56315308" timestamp="2018-02-13T07:22:27Z" user="fdulezi" uid="2214848" lat="23.0018476" lon="113.3257580"/>
 <node id="5409258358" visible="true" version="1" changeset="56315308" timestamp="2018-02-13T07:22:27Z" user="fdulezi" uid="2214848" lat="23.0017810" lon="113.3256185"/>
 <node id="5409258359" visible="true" version="1" changeset="56315308" timestamp="2018-02-13T07:22:27Z" user="fdulezi" uid="2214848" lat="23.0017266" lon="113.3254683"/>
 <node id="5409258360" visible="true" version="1" changeset="56315308" timestamp="2018-02-13T07:22:27Z" user="fdulezi" uid="2214848" lat="23.0017686" lon="113.3253181"/>
 <node id="5409258361" visible="true" version="1" changeset="56315308" timestamp="2018-02-13T07:22:27Z" user="fdulezi" uid="2214848" lat="23.0017340" lon="113.3251948"/>
 <node id="5409258362" visible="true" version="1" changeset="56315308" timestamp="2018-02-13T07:22:27Z" user="fdulezi" uid="2214848" lat="23.0016131" lon="113.3251492"/>
 <node id="5409258363" visible="true" version="1" changeset="56315308" timestamp="2018-02-13T07:22:27Z" user="fdulezi" uid="2214848" lat="23.0015143" lon="113.3251304"/>
 <node id="5409258364" visible="true" version="1" changeset="56315308" timestamp="2018-02-13T07:22:27Z" user="fdulezi" uid="2214848" lat="23.0014328" lon="113.3252001"/>
 <node id="5409258365" visible="true" version="1" changeset="56315308" timestamp="2018-02-13T07:22:27Z" user="fdulezi" uid="2214848" lat="23.0013933" lon="113.3253155"/>
 <node id="5409258366" visible="true" version="2" changeset="172270856" timestamp="2025-09-22T01:32:40Z" user="rene78" uid="257555" lat="23.0013760" lon="113.3253526"/>
 <node id="5409258368" visible="true" version="2" changeset="172270856" timestamp="2025-09-22T01:32:40Z" user="rene78" uid="257555" lat="23.0012869" lon="113.3254713"/>
 <node id="5409258369" visible="true" version="2" changeset="172270856" timestamp="2025-09-22T01:32:40Z" user="rene78" uid="257555" lat="23.0012096" lon="113.3254349"/>
 <node id="5409258370" visible="true" version="2" changeset="172270856" timestamp="2025-09-22T01:32:40Z" user="rene78" uid="257555" lat="23.0010893" lon="113.3254794"/>
 <node id="5409258371" visible="true" version="2" changeset="172270856" timestamp="2025-09-22T01:32:40Z" user="rene78" uid="257555" lat="23.0007890" lon="113.3258966"/>
 <node id="5409258372" visible="true" version="2" changeset="172270856" timestamp="2025-09-22T01:32:40Z" user="rene78" uid="257555" lat="23.0008521" lon="113.3259686"/>
 <node id="5409258542" visible="true" version="2" changeset="56454109" timestamp="2018-02-18T03:55:19Z" user="fdulezi" uid="2214848" lat="22.9987123" lon="113.3222342"/>
 <node id="5409258651" visible="true" version="1" changeset="56315308" timestamp="2018-02-13T07:22:30Z" user="fdulezi" uid="2214848" lat="23.0014165" lon="113.3250940"/>
 <node id="5409258795" visible="true" version="1" changeset="56315308" timestamp="2018-02-13T07:22:33Z" user="fdulezi" uid="2214848" lat="23.0021454" lon="113.3274436"/>
 <node id="5409258796" visible="true" version="1" changeset="56315308" timestamp="2018-02-13T07:22:33Z" user="fdulezi" uid="2214848" lat="23.0021633" lon="113.3274409"/>
 <node id="5409258797" visible="true" version="1" changeset="56315308" timestamp="2018-02-13T07:22:33Z" user="fdulezi" uid="2214848" lat="23.0021806" lon="113.3274349"/>
 <node id="5409258798" visible="true" version="1" changeset="56315308" timestamp="2018-02-13T07:22:33Z" user="fdulezi" uid="2214848" lat="23.0022016" lon="113.3274282"/>
 <node id="5409258799" visible="true" version="1" changeset="56315308" timestamp="2018-02-13T07:22:33Z" user="fdulezi" uid="2214848" lat="23.0022281" lon="113.3274322"/>
 <node id="5409258800" visible="true" version="1" changeset="56315308" timestamp="2018-02-13T07:22:33Z" user="fdulezi" uid="2214848" lat="23.0022893" lon="113.3276098"/>
 <node id="5409258801" visible="true" version="1" changeset="56315308" timestamp="2018-02-13T07:22:33Z" user="fdulezi" uid="2214848" lat="23.0023522" lon="113.3275326"/>
 <node id="5409258802" visible="true" version="1" changeset="56315308" timestamp="2018-02-13T07:22:33Z" user="fdulezi" uid="2214848" lat="23.0023602" lon="113.3275484"/>
 <node id="5409258803" visible="true" version="1" changeset="56315308" timestamp="2018-02-13T07:22:33Z" user="fdulezi" uid="2214848" lat="23.0023627" lon="113.3275661"/>
 <node id="5409258804" visible="true" version="1" changeset="56315308" timestamp="2018-02-13T07:22:33Z" user="fdulezi" uid="2214848" lat="23.0023517" lon="113.3275985"/>
 <node id="5409258805" visible="true" version="1" changeset="56315308" timestamp="2018-02-13T07:22:33Z" user="fdulezi" uid="2214848" lat="23.0023399" lon="113.3276098"/>
 <node id="5409258806" visible="true" version="1" changeset="56315308" timestamp="2018-02-13T07:22:33Z" user="fdulezi" uid="2214848" lat="23.0023253" lon="113.3276163"/>
 <node id="5409258807" visible="true" version="1" changeset="56315308" timestamp="2018-02-13T07:22:33Z" user="fdulezi" uid="2214848" lat="23.0023399" lon="113.3275207"/>
 <node id="5409258808" visible="true" version="1" changeset="56315308" timestamp="2018-02-13T07:22:33Z" user="fdulezi" uid="2214848" lat="23.0023096" lon="113.3276173"/>
 <node id="5409258809" visible="true" version="1" changeset="56315308" timestamp="2018-02-13T07:22:33Z" user="fdulezi" uid="2214848" lat="23.0023596" lon="113.3275838"/>
 <node id="5409258810" visible="true" version="1" changeset="56315308" timestamp="2018-02-13T07:22:33Z" user="fdulezi" uid="2214848" lat="23.0012381" lon="113.3265548"/>
 <node id="5409258811" visible="true" version="1" changeset="56315308" timestamp="2018-02-13T07:22:33Z" user="fdulezi" uid="2214848" lat="23.0012227" lon="113.3266131"/>
 <node id="5409258812" visible="true" version="1" changeset="56315308" timestamp="2018-02-13T07:22:33Z" user="fdulezi" uid="2214848" lat="23.0012091" lon="113.3266581"/>
 <node id="5409258813" visible="true" version="1" changeset="56315308" timestamp="2018-02-13T07:22:33Z" user="fdulezi" uid="2214848" lat="23.0012060" lon="113.3267010"/>
 <node id="5409258814" visible="true" version="1" changeset="56315308" timestamp="2018-02-13T07:22:33Z" user="fdulezi" uid="2214848" lat="23.0012054" lon="113.3267359"/>
 <node id="5409258815" visible="true" version="1" changeset="56315308" timestamp="2018-02-13T07:22:33Z" user="fdulezi" uid="2214848" lat="23.0012233" lon="113.3267831"/>
 <node id="5409258816" visible="true" version="1" changeset="56315308" timestamp="2018-02-13T07:22:33Z" user="fdulezi" uid="2214848" lat="23.0012480" lon="113.3268113"/>
 <node id="5409258817" visible="true" version="1" changeset="56315308" timestamp="2018-02-13T07:22:33Z" user="fdulezi" uid="2214848" lat="23.0022720" lon="113.3275925"/>
 <node id="5409258818" visible="true" version="1" changeset="56315308" timestamp="2018-02-13T07:22:33Z" user="fdulezi" uid="2214848" lat="23.0012949" lon="113.3268502"/>
 <node id="5409258819" visible="true" version="1" changeset="56315308" timestamp="2018-02-13T07:22:33Z" user="fdulezi" uid="2214848" lat="23.0011251" lon="113.3263412"/>
 <node id="5409258820" visible="true" version="1" changeset="56315308" timestamp="2018-02-13T07:22:33Z" user="fdulezi" uid="2214848" lat="23.0009696" lon="113.3262614"/>
 <node id="5409258821" visible="true" version="1" changeset="56315308" timestamp="2018-02-13T07:22:34Z" user="fdulezi" uid="2214848" lat="23.0009986" lon="113.3265907"/>
 <node id="5409258822" visible="true" version="1" changeset="56315308" timestamp="2018-02-13T07:22:34Z" user="fdulezi" uid="2214848" lat="23.0009764" lon="113.3265679"/>
 <node id="5409258823" visible="true" version="1" changeset="56315308" timestamp="2018-02-13T07:22:34Z" user="fdulezi" uid="2214848" lat="23.0009591" lon="113.3265263"/>
 <node id="5409258824" visible="true" version="1" changeset="56315308" timestamp="2018-02-13T07:22:34Z" user="fdulezi" uid="2214848" lat="23.0009498" lon="113.3264814"/>
 <node id="5409258825" visible="true" version="1" changeset="56315308" timestamp="2018-02-13T07:22:34Z" user="fdulezi" uid="2214848" lat="23.0009572" lon="113.3264157"/>
 <node id="5409258826" visible="true" version="1" changeset="56315308" timestamp="2018-02-13T07:22:34Z" user="fdulezi" uid="2214848" lat="23.0009850" lon="113.3263593"/>
 <node id="5409258827" visible="true" version="1" changeset="56315308" timestamp="2018-02-13T07:22:34Z" user="fdulezi" uid="2214848" lat="23.0010714" lon="113.3262534"/>
 <node id="5409258828" visible="true" version="1" changeset="56315308" timestamp="2018-02-13T07:22:34Z" user="fdulezi" uid="2214848" lat="23.0010168" lon="113.3263696"/>
 <node id="5409258829" visible="true" version="1" changeset="56315308" timestamp="2018-02-13T07:22:34Z" user="fdulezi" uid="2214848" lat="23.0010603" lon="113.3263364"/>
 <node id="5409258830" visible="true" version="1" changeset="56315308" timestamp="2018-02-13T07:22:34Z" user="fdulezi" uid="2214848" lat="23.0011122" lon="113.3263239"/>
 <node id="5409258831" visible="true" version="1" changeset="56315308" timestamp="2018-02-13T07:22:34Z" user="fdulezi" uid="2214848" lat="23.0012040" lon="113.3263598"/>
 <node id="5409258832" visible="true" version="1" changeset="56315308" timestamp="2018-02-13T07:22:34Z" user="fdulezi" uid="2214848" lat="23.0012332" lon="113.3263985"/>
 <node id="5409258833" visible="true" version="1" changeset="56315308" timestamp="2018-02-13T07:22:34Z" user="fdulezi" uid="2214848" lat="23.0012488" lon="113.3264456"/>
 <node id="5409258834" visible="true" version="1" changeset="56315308" timestamp="2018-02-13T07:22:34Z" user="fdulezi" uid="2214848" lat="23.0011645" lon="113.3263340"/>
 <node id="5409258835" visible="true" version="1" changeset="56315308" timestamp="2018-02-13T07:22:34Z" user="fdulezi" uid="2214848" lat="23.0012490" lon="113.3264957"/>
 <node id="5409258836" visible="true" version="1" changeset="56315308" timestamp="2018-02-13T07:22:34Z" user="fdulezi" uid="2214848" lat="23.0009852" lon="113.3264408"/>
 <node id="5409258837" visible="true" version="1" changeset="56315308" timestamp="2018-02-13T07:22:34Z" user="fdulezi" uid="2214848" lat="23.0011624" lon="113.3263719"/>
 <node id="5409258838" visible="true" version="1" changeset="56315308" timestamp="2018-02-13T07:22:34Z" user="fdulezi" uid="2214848" lat="23.0011919" lon="113.3264077"/>
 <node id="5409258839" visible="true" version="1" changeset="56315308" timestamp="2018-02-13T07:22:34Z" user="fdulezi" uid="2214848" lat="23.0012040" lon="113.3265002"/>
 <node id="5409258840" visible="true" version="1" changeset="56315308" timestamp="2018-02-13T07:22:34Z" user="fdulezi" uid="2214848" lat="23.0011854" lon="113.3265428"/>
 <node id="5409258841" visible="true" version="1" changeset="56315308" timestamp="2018-02-13T07:22:34Z" user="fdulezi" uid="2214848" lat="23.0011533" lon="113.3265746"/>
 <node id="5409258842" visible="true" version="1" changeset="56315308" timestamp="2018-02-13T07:22:34Z" user="fdulezi" uid="2214848" lat="23.0010685" lon="113.3265890"/>
 <node id="5409258843" visible="true" version="1" changeset="56315308" timestamp="2018-02-13T07:22:34Z" user="fdulezi" uid="2214848" lat="23.0010284" lon="113.3265690"/>
 <node id="5409258844" visible="true" version="1" changeset="56315308" timestamp="2018-02-13T07:22:34Z" user="fdulezi" uid="2214848" lat="23.0009985" lon="113.3265338"/>
 <node id="5409258845" visible="true" version="1" changeset="56315308" timestamp="2018-02-13T07:22:34Z" user="fdulezi" uid="2214848" lat="23.0009833" lon="113.3264888"/>
 <node id="5409258846" visible="true" version="1" changeset="56315308" timestamp="2018-02-13T07:22:34Z" user="fdulezi" uid="2214848" lat="23.0011125" lon="113.3265909"/>
 <node id="5409258847" visible="true" version="1" changeset="56315308" timestamp="2018-02-13T07:22:34Z" user="fdulezi" uid="2214848" lat="23.0012065" lon="113.3264531"/>
 <node id="5409258848" visible="true" version="1" changeset="56315308" timestamp="2018-02-13T07:22:34Z" user="fdulezi" uid="2214848" lat="23.0009818" lon="113.3260271"/>
 <node id="5409258849" visible="true" version="1" changeset="56315308" timestamp="2018-02-13T07:22:34Z" user="fdulezi" uid="2214848" lat="23.0010233" lon="113.3260262"/>
 <node id="5409258850" visible="true" version="1" changeset="56315308" timestamp="2018-02-13T07:22:34Z" user="fdulezi" uid="2214848" lat="23.0010621" lon="113.3260425"/>
 <node id="5409258851" visible="true" version="1" changeset="56315308" timestamp="2018-02-13T07:22:34Z" user="fdulezi" uid="2214848" lat="23.0010922" lon="113.3260737"/>
 <node id="5409258852" visible="true" version="1" changeset="56315308" timestamp="2018-02-13T07:22:34Z" user="fdulezi" uid="2214848" lat="23.0011097" lon="113.3261636"/>
 <node id="5409258853" visible="true" version="1" changeset="56315308" timestamp="2018-02-13T07:22:34Z" user="fdulezi" uid="2214848" lat="23.0010918" lon="113.3262083"/>
 <node id="5409258854" visible="true" version="1" changeset="56315308" timestamp="2018-02-13T07:22:34Z" user="fdulezi" uid="2214848" lat="23.0009328" lon="113.3262269"/>
 <node id="5409258855" visible="true" version="1" changeset="56315308" timestamp="2018-02-13T07:22:34Z" user="fdulezi" uid="2214848" lat="23.0008979" lon="113.3261487"/>
 <node id="5409258856" visible="true" version="1" changeset="56315308" timestamp="2018-02-13T07:22:34Z" user="fdulezi" uid="2214848" lat="23.0009017" lon="113.3261091"/>
 <node id="5409258857" visible="true" version="1" changeset="56315308" timestamp="2018-02-13T07:22:34Z" user="fdulezi" uid="2214848" lat="23.0009176" lon="113.3260732"/>
 <node id="5409258858" visible="true" version="1" changeset="56315308" timestamp="2018-02-13T07:22:34Z" user="fdulezi" uid="2214848" lat="23.0009066" lon="113.3261873"/>
 <node id="5409258859" visible="true" version="1" changeset="56315308" timestamp="2018-02-13T07:22:34Z" user="fdulezi" uid="2214848" lat="23.0009437" lon="113.3260452"/>
 <node id="5409258860" visible="true" version="1" changeset="56315308" timestamp="2018-02-13T07:22:34Z" user="fdulezi" uid="2214848" lat="23.0011091" lon="113.3261149"/>
 <node id="5409258861" visible="true" version="1" changeset="56315308" timestamp="2018-02-13T07:22:34Z" user="fdulezi" uid="2214848" lat="23.0010270" lon="113.3266145"/>
 <node id="5409258862" visible="true" version="1" changeset="56315308" timestamp="2018-02-13T07:22:34Z" user="fdulezi" uid="2214848" lat="23.0021195" lon="113.3274373"/>
 <node id="5409293237" visible="true" version="1" changeset="56315803" timestamp="2018-02-13T07:43:44Z" user="fdulezi" uid="2214848" lat="23.0017600" lon="113.3260296"/>
 <node id="5409293966" visible="true" version="1" changeset="56315803" timestamp="2018-02-13T07:43:47Z" user="fdulezi" uid="2214848" lat="23.0036938" lon="113.3255468"/>
 <node id="5409293967" visible="true" version="1" changeset="56315803" timestamp="2018-02-13T07:43:47Z" user="fdulezi" uid="2214848" lat="23.0036346" lon="113.3256514"/>
 <node id="5409293968" visible="true" version="1" changeset="56315803" timestamp="2018-02-13T07:43:47Z" user="fdulezi" uid="2214848" lat="23.0035729" lon="113.3257641"/>
 <node id="5409293969" visible="true" version="1" changeset="56315803" timestamp="2018-02-13T07:43:47Z" user="fdulezi" uid="2214848" lat="23.0034939" lon="113.3258258"/>
 <node id="5409293970" visible="true" version="1" changeset="56315803" timestamp="2018-02-13T07:43:47Z" user="fdulezi" uid="2214848" lat="23.0032593" lon="113.3258874"/>
 <node id="5409293971" visible="true" version="2" changeset="172270856" timestamp="2025-09-22T01:32:40Z" user="rene78" uid="257555" lat="23.0031115" lon="113.3259510"/>
 <node id="5409293972" visible="true" version="1" changeset="56315803" timestamp="2018-02-13T07:43:47Z" user="fdulezi" uid="2214848" lat="23.0030741" lon="113.3257560"/>
 <node id="5409293973" visible="true" version="1" changeset="56315803" timestamp="2018-02-13T07:43:47Z" user="fdulezi" uid="2214848" lat="23.0030692" lon="113.3255978"/>
 <node id="5409293974" visible="true" version="1" changeset="56315803" timestamp="2018-02-13T07:43:47Z" user="fdulezi" uid="2214848" lat="23.0032149" lon="113.3254342"/>
 <node id="5409293975" visible="true" version="1" changeset="56315803" timestamp="2018-02-13T07:43:47Z" user="fdulezi" uid="2214848" lat="23.0031383" lon="113.3252571"/>
 <node id="5409293976" visible="true" version="2" changeset="172270856" timestamp="2025-09-22T01:32:40Z" user="rene78" uid="257555" lat="23.0031494" lon="113.3251069"/>
 <node id="5409293977" visible="true" version="2" changeset="172270856" timestamp="2025-09-22T01:32:40Z" user="rene78" uid="257555" lat="23.0030251" lon="113.3249828"/>
 <node id="5409293978" visible="true" version="2" changeset="172270856" timestamp="2025-09-22T01:32:40Z" user="rene78" uid="257555" lat="23.0027737" lon="113.3247648"/>
 <node id="5409293979" visible="true" version="2" changeset="172270856" timestamp="2025-09-22T01:32:40Z" user="rene78" uid="257555" lat="23.0025797" lon="113.3248102"/>
 <node id="5409293980" visible="true" version="1" changeset="56315803" timestamp="2018-02-13T07:43:47Z" user="fdulezi" uid="2214848" lat="23.0025878" lon="113.3251445"/>
 <node id="5409293981" visible="true" version="2" changeset="172270856" timestamp="2025-09-22T01:32:40Z" user="rene78" uid="257555" lat="23.0023691" lon="113.3250704"/>
 <node id="5409293982" visible="true" version="2" changeset="172270856" timestamp="2025-09-22T01:32:40Z" user="rene78" uid="257555" lat="23.0022263" lon="113.3251076"/>
 <node id="5409293983" visible="true" version="2" changeset="172270856" timestamp="2025-09-22T01:32:40Z" user="rene78" uid="257555" lat="23.0023929" lon="113.3255598"/>
 <node id="5409293984" visible="true" version="2" changeset="172270856" timestamp="2025-09-22T01:32:40Z" user="rene78" uid="257555" lat="23.0021559" lon="113.3256735"/>
 <node id="5409293985" visible="true" version="1" changeset="56315803" timestamp="2018-02-13T07:43:47Z" user="fdulezi" uid="2214848" lat="23.0022199" lon="113.3263595"/>
 <node id="5409293986" visible="true" version="1" changeset="56315803" timestamp="2018-02-13T07:43:47Z" user="fdulezi" uid="2214848" lat="23.0023433" lon="113.3265044"/>
 <node id="5409293987" visible="true" version="1" changeset="56315803" timestamp="2018-02-13T07:43:47Z" user="fdulezi" uid="2214848" lat="23.0023162" lon="113.3267163"/>
 <node id="5409293988" visible="true" version="2" changeset="103480520" timestamp="2021-04-23T12:01:09Z" user="Fnkok" uid="13101682" lat="23.0022780" lon="113.3267991"/>
 <node id="5409293989" visible="true" version="2" changeset="103480520" timestamp="2021-04-23T12:01:09Z" user="Fnkok" uid="13101682" lat="23.0023708" lon="113.3268490"/>
 <node id="5409293990" visible="true" version="1" changeset="56315803" timestamp="2018-02-13T07:43:47Z" user="fdulezi" uid="2214848" lat="23.0026964" lon="113.3268477"/>
 <node id="5409293991" visible="true" version="1" changeset="56315803" timestamp="2018-02-13T07:43:47Z" user="fdulezi" uid="2214848" lat="23.0027877" lon="113.3267458"/>
 <node id="5409293992" visible="true" version="1" changeset="56315803" timestamp="2018-02-13T07:43:47Z" user="fdulezi" uid="2214848" lat="23.0029309" lon="113.3268155"/>
 <node id="5409293993" visible="true" version="1" changeset="56315803" timestamp="2018-02-13T07:43:47Z" user="fdulezi" uid="2214848" lat="23.0032173" lon="113.3266760"/>
 <node id="5409293994" visible="true" version="2" changeset="172270856" timestamp="2025-09-22T01:32:40Z" user="rene78" uid="257555" lat="23.0031398" lon="113.3263364"/>
 <node id="5409293995" visible="true" version="2" changeset="172270856" timestamp="2025-09-22T01:32:40Z" user="rene78" uid="257555" lat="23.0026873" lon="113.3264996"/>
 <node id="5409293996" visible="true" version="1" changeset="56315803" timestamp="2018-02-13T07:43:47Z" user="fdulezi" uid="2214848" lat="23.0036000" lon="113.3260108"/>
 <node id="5409293997" visible="true" version="1" changeset="56315803" timestamp="2018-02-13T07:43:47Z" user="fdulezi" uid="2214848" lat="23.0036519" lon="113.3258204"/>
 <node id="5409293998" visible="true" version="1" changeset="56315803" timestamp="2018-02-13T07:43:47Z" user="fdulezi" uid="2214848" lat="23.0038099" lon="113.3255924"/>
 <node id="5409293999" visible="true" version="1" changeset="56315803" timestamp="2018-02-13T07:43:47Z" user="fdulezi" uid="2214848" lat="23.0039854" lon="113.3255035"/>
 <node id="5409294000" visible="true" version="1" changeset="56315803" timestamp="2018-02-13T07:43:47Z" user="fdulezi" uid="2214848" lat="23.0040691" lon="113.3268960"/>
 <node id="5409294001" visible="true" version="1" changeset="56315803" timestamp="2018-02-13T07:43:47Z" user="fdulezi" uid="2214848" lat="23.0041160" lon="113.3257963"/>
 <node id="5409294002" visible="true" version="1" changeset="56315803" timestamp="2018-02-13T07:43:47Z" user="fdulezi" uid="2214848" lat="23.0040321" lon="113.3255575"/>
 <node id="5409294003" visible="true" version="1" changeset="56315803" timestamp="2018-02-13T07:43:47Z" user="fdulezi" uid="2214848" lat="23.0041629" lon="113.3256031"/>
 <node id="5409294004" visible="true" version="1" changeset="56315803" timestamp="2018-02-13T07:43:47Z" user="fdulezi" uid="2214848" lat="23.0042518" lon="113.3258499"/>
 <node id="5409294005" visible="true" version="1" changeset="56315803" timestamp="2018-02-13T07:43:47Z" user="fdulezi" uid="2214848" lat="23.0039309" lon="113.3253430"/>
 <node id="5409294006" visible="true" version="1" changeset="56315803" timestamp="2018-02-13T07:43:47Z" user="fdulezi" uid="2214848" lat="23.0040938" lon="113.3256782"/>
 <node id="5409294007" visible="true" version="1" changeset="56315803" timestamp="2018-02-13T07:43:47Z" user="fdulezi" uid="2214848" lat="23.0038815" lon="113.3253832"/>
 <node id="5409294010" visible="true" version="2" changeset="172270856" timestamp="2025-09-22T01:32:40Z" user="rene78" uid="257555" lat="23.0053490" lon="113.3265033"/>
 <node id="5409294011" visible="true" version="1" changeset="56315803" timestamp="2018-02-13T07:43:48Z" user="fdulezi" uid="2214848" lat="23.0054468" lon="113.3260685"/>
 <node id="5409294012" visible="true" version="1" changeset="56315803" timestamp="2018-02-13T07:43:48Z" user="fdulezi" uid="2214848" lat="23.0050517" lon="113.3262080"/>
 <node id="5409294013" visible="true" version="1" changeset="56315803" timestamp="2018-02-13T07:43:48Z" user="fdulezi" uid="2214848" lat="23.0048444" lon="113.3260095"/>
 <node id="5409294014" visible="true" version="1" changeset="56315803" timestamp="2018-02-13T07:43:48Z" user="fdulezi" uid="2214848" lat="23.0049357" lon="113.3258083"/>
 <node id="5409294015" visible="true" version="1" changeset="56315803" timestamp="2018-02-13T07:43:48Z" user="fdulezi" uid="2214848" lat="23.0047061" lon="113.3257788"/>
 <node id="5409294016" visible="true" version="1" changeset="56315803" timestamp="2018-02-13T07:43:48Z" user="fdulezi" uid="2214848" lat="23.0045308" lon="113.3258593"/>
 <node id="5409294017" visible="true" version="1" changeset="56315803" timestamp="2018-02-13T07:43:48Z" user="fdulezi" uid="2214848" lat="23.0043851" lon="113.3258164"/>
 <node id="5409294018" visible="true" version="1" changeset="56315803" timestamp="2018-02-13T07:43:48Z" user="fdulezi" uid="2214848" lat="23.0041185" lon="113.3258888"/>
 <node id="5409294019" visible="true" version="1" changeset="56315803" timestamp="2018-02-13T07:43:48Z" user="fdulezi" uid="2214848" lat="23.0040222" lon="113.3263126"/>
 <node id="5409294020" visible="true" version="1" changeset="56315803" timestamp="2018-02-13T07:43:48Z" user="fdulezi" uid="2214848" lat="23.0040543" lon="113.3266023"/>
 <node id="5409294321" visible="true" version="1" changeset="56315803" timestamp="2018-02-13T07:43:48Z" user="fdulezi" uid="2214848" lat="23.0040987" lon="113.3267471"/>
 <node id="5409294322" visible="true" version="1" changeset="56315803" timestamp="2018-02-13T07:43:48Z" user="fdulezi" uid="2214848" lat="23.0039531" lon="113.3269697"/>
 <node id="5409294323" visible="true" version="1" changeset="56315803" timestamp="2018-02-13T07:43:48Z" user="fdulezi" uid="2214848" lat="23.0039111" lon="113.3272406"/>
 <node id="5409294324" visible="true" version="1" changeset="56315803" timestamp="2018-02-13T07:43:48Z" user="fdulezi" uid="2214848" lat="23.0039605" lon="113.3274579"/>
 <node id="5409294328" visible="true" version="1" changeset="56315803" timestamp="2018-02-13T07:43:48Z" user="fdulezi" uid="2214848" lat="23.0043975" lon="113.3279621"/>
 <node id="5409294329" visible="true" version="1" changeset="56315803" timestamp="2018-02-13T07:43:48Z" user="fdulezi" uid="2214848" lat="23.0042691" lon="113.3277502"/>
 <node id="5409294330" visible="true" version="1" changeset="56315803" timestamp="2018-02-13T07:43:48Z" user="fdulezi" uid="2214848" lat="23.0043777" lon="113.3275464"/>
 <node id="5409294331" visible="true" version="2" changeset="172270856" timestamp="2025-09-22T01:32:40Z" user="rene78" uid="257555" lat="23.0048995" lon="113.3276382"/>
 <node id="5409294332" visible="true" version="2" changeset="172270856" timestamp="2025-09-22T01:32:40Z" user="rene78" uid="257555" lat="23.0046365" lon="113.3272613"/>
 <node id="5409294333" visible="true" version="1" changeset="56315803" timestamp="2018-02-13T07:43:48Z" user="fdulezi" uid="2214848" lat="23.0044666" lon="113.3271897"/>
 <node id="5409294334" visible="true" version="1" changeset="56315803" timestamp="2018-02-13T07:43:48Z" user="fdulezi" uid="2214848" lat="23.0043925" lon="113.3269429"/>
 <node id="5409294335" visible="true" version="1" changeset="56315803" timestamp="2018-02-13T07:43:48Z" user="fdulezi" uid="2214848" lat="23.0044888" lon="113.3267766"/>
 <node id="5409294336" visible="true" version="1" changeset="56315803" timestamp="2018-02-13T07:43:48Z" user="fdulezi" uid="2214848" lat="23.0045999" lon="113.3265915"/>
 <node id="5409294337" visible="true" version="1" changeset="56315803" timestamp="2018-02-13T07:43:48Z" user="fdulezi" uid="2214848" lat="23.0047653" lon="113.3267069"/>
 <node id="5409294338" visible="true" version="1" changeset="56315803" timestamp="2018-02-13T07:43:48Z" user="fdulezi" uid="2214848" lat="23.0050394" lon="113.3267820"/>
 <node id="5409294339" visible="true" version="1" changeset="56315803" timestamp="2018-02-13T07:43:48Z" user="fdulezi" uid="2214848" lat="23.0050419" lon="113.3268839"/>
 <node id="5409294340" visible="true" version="2" changeset="172270856" timestamp="2025-09-22T01:32:40Z" user="rene78" uid="257555" lat="23.0051990" lon="113.3269416"/>
 <node id="5409570693" visible="true" version="1" changeset="56319106" timestamp="2018-02-13T09:58:47Z" user="fdulezi" uid="2214848" lat="23.0013974" lon="113.3251892"/>
 <node id="5409570694" visible="true" version="1" changeset="56319106" timestamp="2018-02-13T09:58:47Z" user="fdulezi" uid="2214848" lat="23.0013431" lon="113.3253099"/>
 <node id="5409570695" visible="true" version="1" changeset="56319106" timestamp="2018-02-13T09:58:47Z" user="fdulezi" uid="2214848" lat="23.0013134" lon="113.3254011"/>
 <node id="5409570696" visible="true" version="2" changeset="103480520" timestamp="2021-04-23T12:01:09Z" user="Fnkok" uid="13101682" lat="23.0013543" lon="113.3254479"/>
 <node id="5409570697" visible="true" version="2" changeset="103480520" timestamp="2021-04-23T12:01:09Z" user="Fnkok" uid="13101682" lat="23.0014441" lon="113.3254323"/>
 <node id="5409570698" visible="true" version="2" changeset="103480520" timestamp="2021-04-23T12:01:09Z" user="Fnkok" uid="13101682" lat="23.0015107" lon="113.3254753"/>
 <node id="5409570699" visible="true" version="2" changeset="103480520" timestamp="2021-04-23T12:01:09Z" user="Fnkok" uid="13101682" lat="23.0015794" lon="113.3261036"/>
 <node id="5409570700" visible="true" version="1" changeset="56319106" timestamp="2018-02-13T09:58:47Z" user="fdulezi" uid="2214848" lat="23.0016196" lon="113.3262246"/>
 <node id="5409570701" visible="true" version="1" changeset="56319106" timestamp="2018-02-13T09:58:47Z" user="fdulezi" uid="2214848" lat="23.0016788" lon="113.3264579"/>
 <node id="5409570702" visible="true" version="1" changeset="56319106" timestamp="2018-02-13T09:58:47Z" user="fdulezi" uid="2214848" lat="23.0018936" lon="113.3266886"/>
 <node id="5409570703" visible="true" version="1" changeset="56319106" timestamp="2018-02-13T09:58:47Z" user="fdulezi" uid="2214848" lat="23.0019875" lon="113.3267074"/>
 <node id="5409570704" visible="true" version="1" changeset="56319106" timestamp="2018-02-13T09:58:47Z" user="fdulezi" uid="2214848" lat="23.0021208" lon="113.3267315"/>
 <node id="5409570705" visible="true" version="1" changeset="56319106" timestamp="2018-02-13T09:58:47Z" user="fdulezi" uid="2214848" lat="23.0021553" lon="113.3269380"/>
 <node id="5419449052" visible="true" version="1" changeset="56454109" timestamp="2018-02-18T03:55:18Z" user="fdulezi" uid="2214848" lat="22.9988636" lon="113.3221671"/>
 <node id="7904827744" visible="true" version="1" changeset="90863052" timestamp="2020-09-14T11:27:46Z" user="fdulezi" uid="2214848" lat="22.9990685" lon="113.3236449"/>
 <node id="8239789298" visible="true" version="1" changeset="96055942" timestamp="2020-12-18T09:09:11Z" user="user_7130359" uid="7130359" lat="23.0011280" lon="113.3299720"/>
 <node id="8239789299" visible="true" version="1" changeset="96055942" timestamp="2020-12-18T09:09:11Z" user="user_7130359" uid="7130359" lat="23.0014539" lon="113.3299398"/>
 <node id="8239789300" visible="true" version="1" changeset="96055942" timestamp="2020-12-18T09:09:11Z" user="user_7130359" uid="7130359" lat="23.0018440" lon="113.3299881"/>
 <node id="8239789301" visible="true" version="1" changeset="96055942" timestamp="2020-12-18T09:09:11Z" user="user_7130359" uid="7130359" lat="23.0022242" lon="113.3298486"/>
 <node id="8239789302" visible="true" version="1" changeset="96055942" timestamp="2020-12-18T09:09:11Z" user="user_7130359" uid="7130359" lat="23.0026106" lon="113.3299103"/>
 <node id="8239789303" visible="true" version="1" changeset="96055942" timestamp="2020-12-18T09:09:11Z" user="user_7130359" uid="7130359" lat="23.0030519" lon="113.3299150"/>
 <node id="8239789304" visible="true" version="1" changeset="96055942" timestamp="2020-12-18T09:09:11Z" user="user_7130359" uid="7130359" lat="23.0032056" lon="113.3295697"/>
 <node id="8239789305" visible="true" version="1" changeset="96055942" timestamp="2020-12-18T09:09:11Z" user="user_7130359" uid="7130359" lat="23.0032889" lon="113.3292666"/>
 <node id="8239789306" visible="true" version="1" changeset="96055942" timestamp="2020-12-18T09:09:11Z" user="user_7130359" uid="7130359" lat="23.0032877" lon="113.3289662"/>
 <node id="8239789307" visible="true" version="1" changeset="96055942" timestamp="2020-12-18T09:09:11Z" user="user_7130359" uid="7130359" lat="23.0030945" lon="113.3287979"/>
 <node id="8239789308" visible="true" version="1" changeset="96055942" timestamp="2020-12-18T09:09:11Z" user="user_7130359" uid="7130359" lat="23.0027248" lon="113.3286075"/>
 <node id="8239789309" visible="true" version="1" changeset="96055942" timestamp="2020-12-18T09:09:11Z" user="user_7130359" uid="7130359" lat="23.0025810" lon="113.3283486"/>
 <node id="8239789310" visible="true" version="1" changeset="96055942" timestamp="2020-12-18T09:09:11Z" user="user_7130359" uid="7130359" lat="23.0023643" lon="113.3281749"/>
 <node id="8239789311" visible="true" version="1" changeset="96055942" timestamp="2020-12-18T09:09:11Z" user="user_7130359" uid="7130359" lat="23.0021045" lon="113.3280683"/>
 <node id="8239789312" visible="true" version="1" changeset="96055942" timestamp="2020-12-18T09:09:11Z" user="user_7130359" uid="7130359" lat="23.0019662" lon="113.3278115"/>
 <node id="8239789313" visible="true" version="1" changeset="96055942" timestamp="2020-12-18T09:09:11Z" user="user_7130359" uid="7130359" lat="23.0014971" lon="113.3273408"/>
 <node id="8239789314" visible="true" version="1" changeset="96055942" timestamp="2020-12-18T09:09:11Z" user="user_7130359" uid="7130359" lat="23.0012601" lon="113.3268882"/>
 <node id="8239789315" visible="true" version="1" changeset="96055942" timestamp="2020-12-18T09:09:11Z" user="user_7130359" uid="7130359" lat="23.0010441" lon="113.3267661"/>
 <node id="8239789316" visible="true" version="1" changeset="96055942" timestamp="2020-12-18T09:09:11Z" user="user_7130359" uid="7130359" lat="23.0011403" lon="113.3262297"/>
 <node id="8239790017" visible="true" version="1" changeset="96055942" timestamp="2020-12-18T09:09:11Z" user="user_7130359" uid="7130359" lat="23.0013014" lon="113.3258206"/>
 <node id="8239790018" visible="true" version="1" changeset="96055942" timestamp="2020-12-18T09:09:11Z" user="user_7130359" uid="7130359" lat="23.0016335" lon="113.3256711"/>
 <node id="8239790019" visible="true" version="1" changeset="96055942" timestamp="2020-12-18T09:09:11Z" user="user_7130359" uid="7130359" lat="23.0017934" lon="113.3255028"/>
 <node id="8239790020" visible="true" version="1" changeset="96055942" timestamp="2020-12-18T09:09:11Z" user="user_7130359" uid="7130359" lat="23.0016551" lon="113.3251373"/>
 <node id="8239790021" visible="true" version="1" changeset="96055942" timestamp="2020-12-18T09:09:11Z" user="user_7130359" uid="7130359" lat="23.0016786" lon="113.3248611"/>
 <node id="8239790022" visible="true" version="1" changeset="96055942" timestamp="2020-12-18T09:09:11Z" user="user_7130359" uid="7130359" lat="23.0019702" lon="113.3248554"/>
 <node id="8239790023" visible="true" version="1" changeset="96055942" timestamp="2020-12-18T09:09:11Z" user="user_7130359" uid="7130359" lat="23.0023477" lon="113.3251816"/>
 <node id="8239790024" visible="true" version="1" changeset="96055942" timestamp="2020-12-18T09:09:11Z" user="user_7130359" uid="7130359" lat="23.0027304" lon="113.3253720"/>
 <node id="8239790025" visible="true" version="1" changeset="96055942" timestamp="2020-12-18T09:09:11Z" user="user_7130359" uid="7130359" lat="23.0032328" lon="113.3254351"/>
 <node id="8239790026" visible="true" version="1" changeset="96055942" timestamp="2020-12-18T09:09:11Z" user="user_7130359" uid="7130359" lat="23.0034636" lon="113.3252755"/>
 <node id="8239790027" visible="true" version="1" changeset="96055942" timestamp="2020-12-18T09:09:11Z" user="user_7130359" uid="7130359" lat="23.0037080" lon="113.3250462"/>
 <node id="8239790028" visible="true" version="1" changeset="96055942" timestamp="2020-12-18T09:09:11Z" user="user_7130359" uid="7130359" lat="23.0038698" lon="113.3248477"/>
 <node id="8239790029" visible="true" version="1" changeset="96055942" timestamp="2020-12-18T09:09:11Z" user="user_7130359" uid="7130359" lat="23.0037587" lon="113.3244574"/>
 <node id="8239790030" visible="true" version="1" changeset="96055942" timestamp="2020-12-18T09:09:11Z" user="user_7130359" uid="7130359" lat="23.0031186" lon="113.3240658"/>
 <node id="8239790031" visible="true" version="1" changeset="96055942" timestamp="2020-12-18T09:09:11Z" user="user_7130359" uid="7130359" lat="23.0028853" lon="113.3238519"/>
 <node id="8239790032" visible="true" version="1" changeset="96055942" timestamp="2020-12-18T09:09:11Z" user="user_7130359" uid="7130359" lat="23.0027853" lon="113.3236997"/>
 <node id="8239790033" visible="true" version="1" changeset="96055942" timestamp="2020-12-18T09:09:11Z" user="user_7130359" uid="7130359" lat="23.0028896" lon="113.3234844"/>
 <node id="8239790034" visible="true" version="1" changeset="96055942" timestamp="2020-12-18T09:09:11Z" user="user_7130359" uid="7130359" lat="23.0027482" lon="113.3233168"/>
 <node id="8239790035" visible="true" version="1" changeset="96055942" timestamp="2020-12-18T09:09:11Z" user="user_7130359" uid="7130359" lat="23.0024662" lon="113.3234871"/>
 <node id="8239790036" visible="true" version="1" changeset="96055942" timestamp="2020-12-18T09:09:11Z" user="user_7130359" uid="7130359" lat="23.0022613" lon="113.3236796"/>
 <node id="8239790037" visible="true" version="1" changeset="96055942" timestamp="2020-12-18T09:09:11Z" user="user_7130359" uid="7130359" lat="23.0020292" lon="113.3234382"/>
 <node id="8239790038" visible="true" version="1" changeset="96055942" timestamp="2020-12-18T09:09:11Z" user="user_7130359" uid="7130359" lat="23.0018607" lon="113.3228856"/>
 <node id="8239790039" visible="true" version="1" changeset="96055942" timestamp="2020-12-18T09:09:11Z" user="user_7130359" uid="7130359" lat="23.0016669" lon="113.3224404"/>
 <node id="8239790040" visible="true" version="1" changeset="96055942" timestamp="2020-12-18T09:09:11Z" user="user_7130359" uid="7130359" lat="23.0015095" lon="113.3222868"/>
 <node id="8239790041" visible="true" version="1" changeset="96055942" timestamp="2020-12-18T09:09:11Z" user="user_7130359" uid="7130359" lat="23.0013274" lon="113.3222473"/>
 <node id="8239790042" visible="true" version="1" changeset="96055942" timestamp="2020-12-18T09:09:11Z" user="user_7130359" uid="7130359" lat="23.0013082" lon="113.3209585"/>
 <node id="8239790043" visible="true" version="1" changeset="96055942" timestamp="2020-12-18T09:09:11Z" user="user_7130359" uid="7130359" lat="23.0013119" lon="113.3204448"/>
 <node id="8239790044" visible="true" version="1" changeset="96055942" timestamp="2020-12-18T09:09:11Z" user="user_7130359" uid="7130359" lat="23.0013286" lon="113.3204421"/>
 <node id="8239790045" visible="true" version="1" changeset="96055942" timestamp="2020-12-18T09:09:11Z" user="user_7130359" uid="7130359" lat="23.0014119" lon="113.3201699"/>
 <node id="8239790046" visible="true" version="1" changeset="96055942" timestamp="2020-12-18T09:09:11Z" user="user_7130359" uid="7130359" lat="23.0015243" lon="113.3199258"/>
 <node id="8239790047" visible="true" version="1" changeset="96055942" timestamp="2020-12-18T09:09:11Z" user="user_7130359" uid="7130359" lat="23.0015317" lon="113.3196589"/>
 <node id="8239790048" visible="true" version="1" changeset="96055942" timestamp="2020-12-18T09:09:11Z" user="user_7130359" uid="7130359" lat="23.0015983" lon="113.3193733"/>
 <node id="8239790049" visible="true" version="1" changeset="96055942" timestamp="2020-12-18T09:09:11Z" user="user_7130359" uid="7130359" lat="23.0017304" lon="113.3190957"/>
 <node id="8239790050" visible="true" version="1" changeset="96055942" timestamp="2020-12-18T09:09:11Z" user="user_7130359" uid="7130359" lat="23.0021514" lon="113.3191225"/>
 <node id="8239790051" visible="true" version="1" changeset="96055942" timestamp="2020-12-18T09:09:11Z" user="user_7130359" uid="7130359" lat="23.0022798" lon="113.3189877"/>
 <node id="8239790052" visible="true" version="1" changeset="96055942" timestamp="2020-12-18T09:09:11Z" user="user_7130359" uid="7130359" lat="23.0022588" lon="113.3186276"/>
 <node id="8239790053" visible="true" version="1" changeset="96055942" timestamp="2020-12-18T09:09:11Z" user="user_7130359" uid="7130359" lat="23.0021446" lon="113.3183041"/>
 <node id="8239790054" visible="true" version="1" changeset="96055942" timestamp="2020-12-18T09:09:11Z" user="user_7130359" uid="7130359" lat="23.0021600" lon="113.3176701"/>
 <node id="8239790055" visible="true" version="1" changeset="96055942" timestamp="2020-12-18T09:09:11Z" user="user_7130359" uid="7130359" lat="23.0020353" lon="113.3173871"/>
 <node id="8239790056" visible="true" version="1" changeset="96055942" timestamp="2020-12-18T09:09:11Z" user="user_7130359" uid="7130359" lat="23.0018119" lon="113.3172101"/>
 <node id="8239790057" visible="true" version="1" changeset="96055942" timestamp="2020-12-18T09:09:11Z" user="user_7130359" uid="7130359" lat="23.0017156" lon="113.3170049"/>
 <node id="8239790058" visible="true" version="1" changeset="96055942" timestamp="2020-12-18T09:09:11Z" user="user_7130359" uid="7130359" lat="23.0015922" lon="113.3167836"/>
 <node id="8239790059" visible="true" version="1" changeset="96055942" timestamp="2020-12-18T09:09:11Z" user="user_7130359" uid="7130359" lat="23.0014959" lon="113.3164389"/>
 <node id="8239790060" visible="true" version="1" changeset="96055942" timestamp="2020-12-18T09:09:11Z" user="user_7130359" uid="7130359" lat="23.0012811" lon="113.3162914"/>
 <node id="8239790061" visible="true" version="1" changeset="96055942" timestamp="2020-12-18T09:09:11Z" user="user_7130359" uid="7130359" lat="23.0011428" lon="113.3159360"/>
 <node id="8239790062" visible="true" version="1" changeset="96055942" timestamp="2020-12-18T09:09:11Z" user="user_7130359" uid="7130359" lat="23.0011638" lon="113.3151421"/>
 <node id="8239790063" visible="true" version="1" changeset="96055942" timestamp="2020-12-18T09:09:11Z" user="user_7130359" uid="7130359" lat="23.0009465" lon="113.3148108"/>
 <node id="8239790064" visible="true" version="1" changeset="96055942" timestamp="2020-12-18T09:09:11Z" user="user_7130359" uid="7130359" lat="23.0004071" lon="113.3149450"/>
 <node id="8239790065" visible="true" version="1" changeset="96055942" timestamp="2020-12-18T09:09:11Z" user="user_7130359" uid="7130359" lat="23.0006490" lon="113.3146459"/>
 <node id="8239790066" visible="true" version="1" changeset="96055942" timestamp="2020-12-18T09:09:11Z" user="user_7130359" uid="7130359" lat="23.0007910" lon="113.3143616"/>
 <node id="8239790067" visible="true" version="1" changeset="96055942" timestamp="2020-12-18T09:09:11Z" user="user_7130359" uid="7130359" lat="23.0009860" lon="113.3140934"/>
 <node id="8239790068" visible="true" version="1" changeset="96055942" timestamp="2020-12-18T09:09:11Z" user="user_7130359" uid="7130359" lat="23.0012268" lon="113.3139981"/>
 <node id="8239790069" visible="true" version="1" changeset="96055942" timestamp="2020-12-18T09:09:11Z" user="user_7130359" uid="7130359" lat="23.0013774" lon="113.3136253"/>
 <node id="8239790070" visible="true" version="1" changeset="96055942" timestamp="2020-12-18T09:09:11Z" user="user_7130359" uid="7130359" lat="23.0014230" lon="113.3131693"/>
 <node id="8239790071" visible="true" version="1" changeset="96055942" timestamp="2020-12-18T09:09:11Z" user="user_7130359" uid="7130359" lat="23.0010823" lon="113.3127268"/>
 <node id="8239790072" visible="true" version="1" changeset="96055942" timestamp="2020-12-18T09:09:11Z" user="user_7130359" uid="7130359" lat="23.0013984" lon="113.3125269"/>
 <node id="8239790073" visible="true" version="1" changeset="96055942" timestamp="2020-12-18T09:09:11Z" user="user_7130359" uid="7130359" lat="23.0018192" lon="113.3124344"/>
 <node id="8239790074" visible="true" version="1" changeset="96055942" timestamp="2020-12-18T09:09:11Z" user="user_7130359" uid="7130359" lat="23.0021032" lon="113.3121863"/>
 <node id="8239790075" visible="true" version="1" changeset="96055942" timestamp="2020-12-18T09:09:11Z" user="user_7130359" uid="7130359" lat="23.0021736" lon="113.3119181"/>
 <node id="8239790076" visible="true" version="1" changeset="96055942" timestamp="2020-12-18T09:09:11Z" user="user_7130359" uid="7130359" lat="23.0020415" lon="113.3116606"/>
 <node id="8239790077" visible="true" version="1" changeset="96055942" timestamp="2020-12-18T09:09:11Z" user="user_7130359" uid="7130359" lat="23.0022884" lon="113.3115600"/>
 <node id="8239790078" visible="true" version="1" changeset="96055942" timestamp="2020-12-18T09:09:11Z" user="user_7130359" uid="7130359" lat="23.0023884" lon="113.3114125"/>
 <node id="8239790079" visible="true" version="1" changeset="96055942" timestamp="2020-12-18T09:09:11Z" user="user_7130359" uid="7130359" lat="23.0023810" lon="113.3111322"/>
 <node id="8239790080" visible="true" version="1" changeset="96055942" timestamp="2020-12-18T09:09:11Z" user="user_7130359" uid="7130359" lat="23.0020415" lon="113.3101842"/>
 <node id="8239790081" visible="true" version="1" changeset="96055942" timestamp="2020-12-18T09:09:11Z" user="user_7130359" uid="7130359" lat="23.0019960" lon="113.3101505"/>
 <node id="8239790082" visible="true" version="1" changeset="96055942" timestamp="2020-12-18T09:09:11Z" user="user_7130359" uid="7130359" lat="23.0016440" lon="113.3097562"/>
 <node id="8239790083" visible="true" version="2" changeset="116498494" timestamp="2022-01-23T13:10:01Z" user="Fnkok" uid="13101682" lat="23.0015531" lon="113.3095516"/>
 <node id="8239790086" visible="true" version="1" changeset="96055942" timestamp="2020-12-18T09:09:11Z" user="user_7130359" uid="7130359" lat="23.0016835" lon="113.3092681"/>
 <node id="8239790087" visible="true" version="1" changeset="96055942" timestamp="2020-12-18T09:09:11Z" user="user_7130359" uid="7130359" lat="23.0021106" lon="113.3092546"/>
 <node id="8239790088" visible="true" version="1" changeset="96055942" timestamp="2020-12-18T09:09:11Z" user="user_7130359" uid="7130359" lat="23.0022637" lon="113.3091715"/>
 <node id="8239790089" visible="true" version="1" changeset="96055942" timestamp="2020-12-18T09:09:11Z" user="user_7130359" uid="7130359" lat="23.0024267" lon="113.3087155"/>
 <node id="8239790090" visible="true" version="1" changeset="96055942" timestamp="2020-12-18T09:09:11Z" user="user_7130359" uid="7130359" lat="23.0026365" lon="113.3083937"/>
 <node id="8239790091" visible="true" version="1" changeset="96055942" timestamp="2020-12-18T09:09:11Z" user="user_7130359" uid="7130359" lat="23.0028612" lon="113.3082595"/>
 <node id="8239790092" visible="true" version="1" changeset="96055942" timestamp="2020-12-18T09:09:11Z" user="user_7130359" uid="7130359" lat="23.0029822" lon="113.3076587"/>
 <node id="8239790093" visible="true" version="1" changeset="96055942" timestamp="2020-12-18T09:09:11Z" user="user_7130359" uid="7130359" lat="23.0029748" lon="113.3074200"/>
 <node id="8239790094" visible="true" version="1" changeset="96055942" timestamp="2020-12-18T09:09:11Z" user="user_7130359" uid="7130359" lat="23.0029254" lon="113.3070955"/>
 <node id="8239790095" visible="true" version="1" changeset="96055942" timestamp="2020-12-18T09:09:11Z" user="user_7130359" uid="7130359" lat="23.0029871" lon="113.3065295"/>
 <node id="8239790096" visible="true" version="1" changeset="96055942" timestamp="2020-12-18T09:09:11Z" user="user_7130359" uid="7130359" lat="23.0029205" lon="113.3047512"/>
 <node id="8239790097" visible="true" version="1" changeset="96055942" timestamp="2020-12-18T09:09:11Z" user="user_7130359" uid="7130359" lat="23.0032785" lon="113.3046305"/>
 <node id="8239790098" visible="true" version="1" changeset="96055942" timestamp="2020-12-18T09:09:11Z" user="user_7130359" uid="7130359" lat="23.0041228" lon="113.3047767"/>
 <node id="8239790099" visible="true" version="1" changeset="96055942" timestamp="2020-12-18T09:09:11Z" user="user_7130359" uid="7130359" lat="23.0042710" lon="113.3046962"/>
 <node id="8239790100" visible="true" version="1" changeset="96055942" timestamp="2020-12-18T09:09:11Z" user="user_7130359" uid="7130359" lat="23.0043611" lon="113.3043851"/>
 <node id="8239790101" visible="true" version="2" changeset="156473633" timestamp="2024-09-11T09:20:51Z" user="user_21293476" uid="21293476" lat="23.0043027" lon="113.3030629"/>
 <node id="8239790102" visible="true" version="2" changeset="156473633" timestamp="2024-09-11T09:20:51Z" user="user_21293476" uid="21293476" lat="23.0038001" lon="113.3030432"/>
 <node id="8239790103" visible="true" version="2" changeset="156473633" timestamp="2024-09-11T09:20:51Z" user="user_21293476" uid="21293476" lat="23.0035695" lon="113.3015765"/>
 <node id="8239790104" visible="true" version="2" changeset="156473633" timestamp="2024-09-11T09:20:51Z" user="user_21293476" uid="21293476" lat="23.0038030" lon="113.3012509"/>
 <node id="8239790105" visible="true" version="2" changeset="156473633" timestamp="2024-09-11T09:20:51Z" user="user_21293476" uid="21293476" lat="23.0040812" lon="113.3012006"/>
 <node id="8239790106" visible="true" version="2" changeset="156473633" timestamp="2024-09-11T09:20:51Z" user="user_21293476" uid="21293476" lat="23.0040280" lon="113.3007564"/>
 <node id="8239790107" visible="true" version="1" changeset="96055942" timestamp="2020-12-18T09:09:11Z" user="user_7130359" uid="7130359" lat="23.0036426" lon="113.3008271"/>
 <node id="8239790108" visible="true" version="1" changeset="96055942" timestamp="2020-12-18T09:09:11Z" user="user_7130359" uid="7130359" lat="23.0036167" lon="113.3005026"/>
 <node id="8239790109" visible="true" version="1" changeset="96055942" timestamp="2020-12-18T09:09:11Z" user="user_7130359" uid="7130359" lat="23.0036155" lon="113.2999514"/>
 <node id="8239790110" visible="true" version="1" changeset="96055942" timestamp="2020-12-18T09:09:11Z" user="user_7130359" uid="7130359" lat="23.0035414" lon="113.2996912"/>
 <node id="8239790111" visible="true" version="1" changeset="96055942" timestamp="2020-12-18T09:09:11Z" user="user_7130359" uid="7130359" lat="23.0035414" lon="113.2993881"/>
 <node id="8239790112" visible="true" version="1" changeset="96055942" timestamp="2020-12-18T09:09:11Z" user="user_7130359" uid="7130359" lat="23.0034463" lon="113.2987538"/>
 <node id="8239790113" visible="true" version="1" changeset="96055942" timestamp="2020-12-18T09:09:11Z" user="user_7130359" uid="7130359" lat="23.0033661" lon="113.2985124"/>
 <node id="8239790114" visible="true" version="1" changeset="96055942" timestamp="2020-12-18T09:09:11Z" user="user_7130359" uid="7130359" lat="23.0033624" lon="113.2982348"/>
 <node id="8239790115" visible="true" version="1" changeset="96055942" timestamp="2020-12-18T09:09:11Z" user="user_7130359" uid="7130359" lat="23.0032032" lon="113.2979947"/>
 <node id="8239790116" visible="true" version="1" changeset="96055942" timestamp="2020-12-18T09:09:11Z" user="user_7130359" uid="7130359" lat="23.0031044" lon="113.2975642"/>
 <node id="8239790117" visible="true" version="1" changeset="96055942" timestamp="2020-12-18T09:09:11Z" user="user_7130359" uid="7130359" lat="23.0031069" lon="113.2972558"/>
 <node id="8239790118" visible="true" version="1" changeset="96055942" timestamp="2020-12-18T09:09:11Z" user="user_7130359" uid="7130359" lat="23.0031377" lon="113.2969165"/>
 <node id="8239790119" visible="true" version="1" changeset="96055942" timestamp="2020-12-18T09:09:11Z" user="user_7130359" uid="7130359" lat="23.0032303" lon="113.2966965"/>
 <node id="8239790120" visible="true" version="1" changeset="96055942" timestamp="2020-12-18T09:09:11Z" user="user_7130359" uid="7130359" lat="23.0030834" lon="113.2966121"/>
 <node id="8239790121" visible="true" version="1" changeset="96055942" timestamp="2020-12-18T09:09:11Z" user="user_7130359" uid="7130359" lat="23.0028069" lon="113.2963827"/>
 <node id="8239790122" visible="true" version="1" changeset="96055942" timestamp="2020-12-18T09:09:11Z" user="user_7130359" uid="7130359" lat="23.0025946" lon="113.2961601"/>
 <node id="8239790123" visible="true" version="1" changeset="96055942" timestamp="2020-12-18T09:09:11Z" user="user_7130359" uid="7130359" lat="23.0026859" lon="113.2957430"/>
 <node id="8239790124" visible="true" version="1" changeset="96055942" timestamp="2020-12-18T09:09:11Z" user="user_7130359" uid="7130359" lat="23.0025946" lon="113.2951650"/>
 <node id="8239790125" visible="true" version="1" changeset="96055942" timestamp="2020-12-18T09:09:11Z" user="user_7130359" uid="7130359" lat="23.0024760" lon="113.2947814"/>
 <node id="8239790126" visible="true" version="1" changeset="96055942" timestamp="2020-12-18T09:09:11Z" user="user_7130359" uid="7130359" lat="23.0023711" lon="113.2947184"/>
 <node id="8239790127" visible="true" version="1" changeset="96055942" timestamp="2020-12-18T09:09:11Z" user="user_7130359" uid="7130359" lat="23.0021279" lon="113.2946822"/>
 <node id="8239790128" visible="true" version="1" changeset="96055942" timestamp="2020-12-18T09:09:11Z" user="user_7130359" uid="7130359" lat="23.0019057" lon="113.2947278"/>
 <node id="8239790129" visible="true" version="1" changeset="96055942" timestamp="2020-12-18T09:09:11Z" user="user_7130359" uid="7130359" lat="23.0017131" lon="113.2947426"/>
 <node id="8239790130" visible="true" version="1" changeset="96055942" timestamp="2020-12-18T09:09:11Z" user="user_7130359" uid="7130359" lat="23.0015625" lon="113.2947238"/>
 <node id="8239790131" visible="true" version="1" changeset="96055942" timestamp="2020-12-18T09:09:11Z" user="user_7130359" uid="7130359" lat="23.0014588" lon="113.2946312"/>
 <node id="8239790132" visible="true" version="1" changeset="96055942" timestamp="2020-12-18T09:09:11Z" user="user_7130359" uid="7130359" lat="23.0014872" lon="113.2943630"/>
 <node id="8239790133" visible="true" version="1" changeset="96055942" timestamp="2020-12-18T09:09:11Z" user="user_7130359" uid="7130359" lat="23.0019860" lon="113.2942691"/>
 <node id="8239790134" visible="true" version="1" changeset="96055942" timestamp="2020-12-18T09:09:11Z" user="user_7130359" uid="7130359" lat="23.0020452" lon="113.2941605"/>
 <node id="8239790135" visible="true" version="1" changeset="96055942" timestamp="2020-12-18T09:09:11Z" user="user_7130359" uid="7130359" lat="23.0014193" lon="113.2941082"/>
 <node id="8239790136" visible="true" version="1" changeset="96055942" timestamp="2020-12-18T09:09:11Z" user="user_7130359" uid="7130359" lat="23.0012835" lon="113.2932419"/>
 <node id="8239790137" visible="true" version="1" changeset="96055942" timestamp="2020-12-18T09:09:11Z" user="user_7130359" uid="7130359" lat="23.0009650" lon="113.2933451"/>
 <node id="8239790138" visible="true" version="1" changeset="96055942" timestamp="2020-12-18T09:09:11Z" user="user_7130359" uid="7130359" lat="23.0006873" lon="113.2933907"/>
 <node id="8239790139" visible="true" version="1" changeset="96055942" timestamp="2020-12-18T09:09:11Z" user="user_7130359" uid="7130359" lat="23.0004540" lon="113.2929844"/>
 <node id="8239790140" visible="true" version="1" changeset="96055942" timestamp="2020-12-18T09:09:11Z" user="user_7130359" uid="7130359" lat="23.0004589" lon="113.2925217"/>
 <node id="8239790141" visible="true" version="1" changeset="96055942" timestamp="2020-12-18T09:09:11Z" user="user_7130359" uid="7130359" lat="23.0002960" lon="113.2924707"/>
 <node id="8239790142" visible="true" version="1" changeset="96055942" timestamp="2020-12-18T09:09:11Z" user="user_7130359" uid="7130359" lat="23.0002527" lon="113.2920054"/>
 <node id="8239790143" visible="true" version="1" changeset="96055942" timestamp="2020-12-18T09:09:11Z" user="user_7130359" uid="7130359" lat="22.9999750" lon="113.2921126"/>
 <node id="8239790144" visible="true" version="1" changeset="96055942" timestamp="2020-12-18T09:09:11Z" user="user_7130359" uid="7130359" lat="22.9998145" lon="113.2924895"/>
 <node id="8239790145" visible="true" version="1" changeset="96055942" timestamp="2020-12-18T09:09:11Z" user="user_7130359" uid="7130359" lat="22.9997960" lon="113.2926907"/>
 <node id="8239790146" visible="true" version="1" changeset="96055942" timestamp="2020-12-18T09:09:11Z" user="user_7130359" uid="7130359" lat="22.9994812" lon="113.2929039"/>
 <node id="8239790147" visible="true" version="1" changeset="96055942" timestamp="2020-12-18T09:09:11Z" user="user_7130359" uid="7130359" lat="22.9993577" lon="113.2931051"/>
 <node id="8239790148" visible="true" version="1" changeset="96055942" timestamp="2020-12-18T09:09:11Z" user="user_7130359" uid="7130359" lat="22.9993207" lon="113.2928395"/>
 <node id="8239790149" visible="true" version="1" changeset="96055942" timestamp="2020-12-18T09:09:11Z" user="user_7130359" uid="7130359" lat="22.9991676" lon="113.2926276"/>
 <node id="8239790150" visible="true" version="1" changeset="96055942" timestamp="2020-12-18T09:09:11Z" user="user_7130359" uid="7130359" lat="22.9993553" lon="113.2921341"/>
 <node id="8239790151" visible="true" version="1" changeset="96055942" timestamp="2020-12-18T09:09:11Z" user="user_7130359" uid="7130359" lat="22.9991824" lon="113.2920402"/>
 <node id="8239790152" visible="true" version="1" changeset="96055942" timestamp="2020-12-18T09:09:11Z" user="user_7130359" uid="7130359" lat="22.9986121" lon="113.2920188"/>
 <node id="8239790153" visible="true" version="1" changeset="96055942" timestamp="2020-12-18T09:09:11Z" user="user_7130359" uid="7130359" lat="22.9981924" lon="113.2916298"/>
 <node id="8239790154" visible="true" version="1" changeset="96055942" timestamp="2020-12-18T09:09:11Z" user="user_7130359" uid="7130359" lat="22.9982911" lon="113.2912329"/>
 <node id="8239790155" visible="true" version="1" changeset="96055942" timestamp="2020-12-18T09:09:11Z" user="user_7130359" uid="7130359" lat="22.9985430" lon="113.2909834"/>
 <node id="8239790156" visible="true" version="1" changeset="96055942" timestamp="2020-12-18T09:09:11Z" user="user_7130359" uid="7130359" lat="22.9988960" lon="113.2908118"/>
 <node id="8239790157" visible="true" version="1" changeset="96055942" timestamp="2020-12-18T09:09:11Z" user="user_7130359" uid="7130359" lat="22.9987109" lon="113.2905409"/>
 <node id="8239790158" visible="true" version="1" changeset="96055942" timestamp="2020-12-18T09:09:11Z" user="user_7130359" uid="7130359" lat="22.9988022" lon="113.2900715"/>
 <node id="8239790159" visible="true" version="1" changeset="96055942" timestamp="2020-12-18T09:09:11Z" user="user_7130359" uid="7130359" lat="22.9989528" lon="113.2898623"/>
 <node id="8239790160" visible="true" version="1" changeset="96055942" timestamp="2020-12-18T09:09:11Z" user="user_7130359" uid="7130359" lat="22.9991281" lon="113.2885024"/>
 <node id="8239790161" visible="true" version="1" changeset="96055942" timestamp="2020-12-18T09:09:11Z" user="user_7130359" uid="7130359" lat="22.9984664" lon="113.2882717"/>
 <node id="8239790162" visible="true" version="1" changeset="96055942" timestamp="2020-12-18T09:09:11Z" user="user_7130359" uid="7130359" lat="22.9982171" lon="113.2883441"/>
 <node id="8239790163" visible="true" version="1" changeset="96055942" timestamp="2020-12-18T09:09:11Z" user="user_7130359" uid="7130359" lat="22.9979232" lon="113.2882529"/>
 <node id="8239790164" visible="true" version="1" changeset="96055942" timestamp="2020-12-18T09:09:11Z" user="user_7130359" uid="7130359" lat="22.9982195" lon="113.2879579"/>
 <node id="8239790165" visible="true" version="1" changeset="96055942" timestamp="2020-12-18T09:09:11Z" user="user_7130359" uid="7130359" lat="22.9984936" lon="113.2877916"/>
 <node id="8239790166" visible="true" version="1" changeset="96055942" timestamp="2020-12-18T09:09:11Z" user="user_7130359" uid="7130359" lat="22.9987405" lon="113.2876280"/>
 <node id="8239790167" visible="true" version="1" changeset="96055942" timestamp="2020-12-18T09:09:11Z" user="user_7130359" uid="7130359" lat="22.9989726" lon="113.2874215"/>
 <node id="8239790168" visible="true" version="1" changeset="96055942" timestamp="2020-12-18T09:09:11Z" user="user_7130359" uid="7130359" lat="22.9990318" lon="113.2870835"/>
 <node id="8239790169" visible="true" version="1" changeset="96055942" timestamp="2020-12-18T09:09:11Z" user="user_7130359" uid="7130359" lat="22.9990146" lon="113.2864988"/>
 <node id="8239790170" visible="true" version="1" changeset="96055942" timestamp="2020-12-18T09:09:11Z" user="user_7130359" uid="7130359" lat="22.9990713" lon="113.2862037"/>
 <node id="8239865117" visible="true" version="2" changeset="99683662" timestamp="2021-02-21T14:51:51Z" user="user_6931794" uid="6931794" lat="23.0006165" lon="113.3302683"/>
 <node id="8658953978" visible="true" version="1" changeset="103480520" timestamp="2021-04-23T12:01:09Z" user="Fnkok" uid="13101682" lat="23.0013410" lon="113.3268510"/>
 <node id="8658953980" visible="true" version="2" changeset="181970118" timestamp="2026-04-29T05:39:30Z" user="Skiptottos" uid="23459631" lat="22.9999199" lon="113.3246925"/>
 <node id="8658953998" visible="true" version="1" changeset="103480520" timestamp="2021-04-23T12:01:09Z" user="Fnkok" uid="13101682" lat="22.9985547" lon="113.3234397"/>
 <node id="8658953999" visible="true" version="1" changeset="103480520" timestamp="2021-04-23T12:01:09Z" user="Fnkok" uid="13101682" lat="22.9987339" lon="113.3234032"/>
 <node id="8658954000" visible="true" version="1" changeset="103480520" timestamp="2021-04-23T12:01:09Z" user="Fnkok" uid="13101682" lat="22.9989746" lon="113.3234682"/>
 <node id="8658957523" visible="true" version="1" changeset="103480520" timestamp="2021-04-23T12:01:09Z" user="Fnkok" uid="13101682" lat="23.0015708" lon="113.3255852"/>
 <node id="12169630852" visible="true" version="1" changeset="156473633" timestamp="2024-09-11T09:20:51Z" user="user_21293476" uid="21293476" lat="23.0035121" lon="113.3020272"/>
 <node id="12169630853" visible="true" version="1" changeset="156473633" timestamp="2024-09-11T09:20:51Z" user="user_21293476" uid="21293476" lat="23.0036673" lon="113.3013665"/>
 <node id="12169630854" visible="true" version="1" changeset="156473633" timestamp="2024-09-11T09:20:51Z" user="user_21293476" uid="21293476" lat="23.0035150" lon="113.3023810"/>
 <node id="12169630855" visible="true" version="1" changeset="156473633" timestamp="2024-09-11T09:20:51Z" user="user_21293476" uid="21293476" lat="23.0036970" lon="113.3028806"/>
 <node id="13161134195" visible="true" version="1" changeset="172270856" timestamp="2025-09-22T01:32:40Z" user="rene78" uid="257555" lat="22.9983242" lon="113.3238949"/>
 <node id="13161134196" visible="true" version="1" changeset="172270856" timestamp="2025-09-22T01:32:40Z" user="rene78" uid="257555" lat="22.9987325" lon="113.3252828"/>
 <node id="13161134197" visible="true" version="1" changeset="172270856" timestamp="2025-09-22T01:32:40Z" user="rene78" uid="257555" lat="22.9998425" lon="113.3248396"/>
 <node id="13161134198" visible="true" version="1" changeset="172270856" timestamp="2025-09-22T01:32:40Z" user="rene78" uid="257555" lat="23.0005100" lon="113.3252438"/>
 <node id="13161134199" visible="true" version="1" changeset="172270856" timestamp="2025-09-22T01:32:40Z" user="rene78" uid="257555" lat="23.0034219" lon="113.3278365"/>
 <node id="13161134200" visible="true" version="2" changeset="173615999" timestamp="2025-10-22T08:48:47Z" user="samho1234567" uid="2574062" lat="23.0011076" lon="113.3283743"/>
 <node id="13161158705" visible="true" version="3" changeset="181155316" timestamp="2026-04-10T15:53:07Z" user="breezeson" uid="18368540" lat="22.9999479" lon="113.3293447"/>
 <node id="13161158706" visible="true" version="1" changeset="172270856" timestamp="2025-09-22T01:32:40Z" user="rene78" uid="257555" lat="22.9979404" lon="113.3259361"/>
 <node id="13161158707" visible="true" version="1" changeset="172270856" timestamp="2025-09-22T01:32:40Z" user="rene78" uid="257555" lat="22.9976159" lon="113.3252914"/>
 <node id="13161158708" visible="true" version="1" changeset="172270856" timestamp="2025-09-22T01:32:40Z" user="rene78" uid="257555" lat="22.9979063" lon="113.3243375"/>
 <node id="13161158709" visible="true" version="1" changeset="172270856" timestamp="2025-09-22T01:32:40Z" user="rene78" uid="257555" lat="22.9978052" lon="113.3241615"/>
 <node id="13161158710" visible="true" version="1" changeset="172270856" timestamp="2025-09-22T01:32:40Z" user="rene78" uid="257555" lat="23.0005463" lon="113.3256765"/>
 <node id="13161158711" visible="true" version="1" changeset="172270856" timestamp="2025-09-22T01:32:40Z" user="rene78" uid="257555" lat="23.0010103" lon="113.3261694"/>
 <node id="13161158712" visible="true" version="1" changeset="172270856" timestamp="2025-09-22T01:32:40Z" user="rene78" uid="257555" lat="23.0050055" lon="113.3287997"/>
 <node id="13161158713" visible="true" version="1" changeset="172270856" timestamp="2025-09-22T01:32:40Z" user="rene78" uid="257555" lat="23.0048344" lon="113.3290229"/>
 <node id="13161158714" visible="true" version="1" changeset="172270856" timestamp="2025-09-22T01:32:40Z" user="rene78" uid="257555" lat="23.0045138" lon="113.3282873"/>
 <node id="13161158715" visible="true" version="1" changeset="172270856" timestamp="2025-09-22T01:32:40Z" user="rene78" uid="257555" lat="23.0038093" lon="113.3279320"/>
 <node id="13161158716" visible="true" version="1" changeset="172270856" timestamp="2025-09-22T01:32:40Z" user="rene78" uid="257555" lat="23.0043353" lon="113.3284573"/>
 <node id="13161158717" visible="true" version="1" changeset="172270856" timestamp="2025-09-22T01:32:40Z" user="rene78" uid="257555" lat="23.0034447" lon="113.3279962"/>
 <node id="13161158718" visible="true" version="1" changeset="172270856" timestamp="2025-09-22T01:32:40Z" user="rene78" uid="257555" lat="23.0015881" lon="113.3269455"/>
 <node id="13161158721" visible="true" version="1" changeset="172270856" timestamp="2025-09-22T01:32:40Z" user="rene78" uid="257555" lat="23.0010931" lon="113.3258518"/>
 <node id="13161158722" visible="true" version="1" changeset="172270856" timestamp="2025-09-22T01:32:40Z" user="rene78" uid="257555" lat="23.0024855" lon="113.3251873"/>
 <node id="13161158723" visible="true" version="1" changeset="172270856" timestamp="2025-09-22T01:32:40Z" user="rene78" uid="257555" lat="23.0029297" lon="113.3260305"/>
 <node id="13161158724" visible="true" version="1" changeset="172270856" timestamp="2025-09-22T01:32:40Z" user="rene78" uid="257555" lat="23.0027613" lon="113.3258403"/>
 <node id="13161158725" visible="true" version="1" changeset="172270856" timestamp="2025-09-22T01:32:40Z" user="rene78" uid="257555" lat="23.0026058" lon="113.3259266"/>
 <node id="13161158726" visible="true" version="1" changeset="172270856" timestamp="2025-09-22T01:32:40Z" user="rene78" uid="257555" lat="23.0023260" lon="113.3259629"/>
 <node id="13161158727" visible="true" version="1" changeset="172270856" timestamp="2025-09-22T01:32:40Z" user="rene78" uid="257555" lat="23.0023274" lon="113.3261997"/>
 <node id="13161158728" visible="true" version="1" changeset="172270856" timestamp="2025-09-22T01:32:40Z" user="rene78" uid="257555" lat="23.0024022" lon="113.3264704"/>
 <node id="13161158729" visible="true" version="1" changeset="172270856" timestamp="2025-09-22T01:32:40Z" user="rene78" uid="257555" lat="23.0025680" lon="113.3266089"/>
 <node id="13161158730" visible="true" version="1" changeset="172270856" timestamp="2025-09-22T01:32:40Z" user="rene78" uid="257555" lat="23.0029851" lon="113.3265594"/>
 <node id="13161158731" visible="true" version="1" changeset="172270856" timestamp="2025-09-22T01:32:40Z" user="rene78" uid="257555" lat="23.0031096" lon="113.3265092"/>
 <node id="13161158732" visible="true" version="1" changeset="172270856" timestamp="2025-09-22T01:32:40Z" user="rene78" uid="257555" lat="23.0032354" lon="113.3264273"/>
 <node id="13161158733" visible="true" version="1" changeset="172270856" timestamp="2025-09-22T01:32:40Z" user="rene78" uid="257555" lat="23.0047206" lon="113.3268419"/>
 <node id="13161158734" visible="true" version="1" changeset="172270856" timestamp="2025-09-22T01:32:40Z" user="rene78" uid="257555" lat="23.0049241" lon="113.3270011"/>
 <node id="13161158735" visible="true" version="1" changeset="172270856" timestamp="2025-09-22T01:32:40Z" user="rene78" uid="257555" lat="23.0048401" lon="113.3274190"/>
 <node id="13161158736" visible="true" version="1" changeset="172270856" timestamp="2025-09-22T01:32:40Z" user="rene78" uid="257555" lat="23.0049261" lon="113.3275291"/>
 <node id="13161158737" visible="true" version="1" changeset="172270856" timestamp="2025-09-22T01:32:40Z" user="rene78" uid="257555" lat="23.0038084" lon="113.3276642"/>
 <node id="13161158738" visible="true" version="1" changeset="172270856" timestamp="2025-09-22T01:32:40Z" user="rene78" uid="257555" lat="23.0034665" lon="113.3277910"/>
 <node id="13161158739" visible="true" version="1" changeset="172270856" timestamp="2025-09-22T01:32:40Z" user="rene78" uid="257555" lat="23.0031470" lon="113.3255051"/>
 <node id="13161158740" visible="true" version="1" changeset="172270856" timestamp="2025-09-22T01:32:40Z" user="rene78" uid="257555" lat="23.0031193" lon="113.3255381"/>
 <node id="13161158741" visible="true" version="1" changeset="172270856" timestamp="2025-09-22T01:32:40Z" user="rene78" uid="257555" lat="23.0028591" lon="113.3251834"/>
 <node id="13161158742" visible="true" version="1" changeset="172270856" timestamp="2025-09-22T01:32:40Z" user="rene78" uid="257555" lat="23.0029531" lon="113.3253669"/>
 <node id="13161158743" visible="true" version="1" changeset="172270856" timestamp="2025-09-22T01:32:40Z" user="rene78" uid="257555" lat="23.0028271" lon="113.3255153"/>
 <node id="13161158744" visible="true" version="1" changeset="172270856" timestamp="2025-09-22T01:32:40Z" user="rene78" uid="257555" lat="23.0025425" lon="113.3253903"/>
 <node id="13161158745" visible="true" version="1" changeset="172270856" timestamp="2025-09-22T01:32:40Z" user="rene78" uid="257555" lat="23.0028495" lon="113.3250519"/>
 <node id="13161158746" visible="true" version="1" changeset="172270856" timestamp="2025-09-22T01:32:40Z" user="rene78" uid="257555" lat="23.0026842" lon="113.3251186"/>
 <node id="13161158747" visible="true" version="1" changeset="172270856" timestamp="2025-09-22T01:32:40Z" user="rene78" uid="257555" lat="23.0025803" lon="113.3252406"/>
 <node id="13161158748" visible="true" version="1" changeset="172270856" timestamp="2025-09-22T01:32:40Z" user="rene78" uid="257555" lat="23.0026835" lon="113.3253881"/>
 <node id="13161158752" visible="true" version="1" changeset="172270856" timestamp="2025-09-22T01:32:40Z" user="rene78" uid="257555" lat="23.0025200" lon="113.3246603"/>
 <node id="13161158753" visible="true" version="1" changeset="172270856" timestamp="2025-09-22T01:32:40Z" user="rene78" uid="257555" lat="23.0023027" lon="113.3247233"/>
 <node id="13161158754" visible="true" version="1" changeset="172270856" timestamp="2025-09-22T01:32:40Z" user="rene78" uid="257555" lat="23.0023989" lon="113.3246481"/>
 <node id="13161158755" visible="true" version="1" changeset="172270856" timestamp="2025-09-22T01:32:40Z" user="rene78" uid="257555" lat="23.0022514" lon="113.3244934"/>
 <node id="13249472277" visible="true" version="1" changeset="173615999" timestamp="2025-10-22T08:48:47Z" user="samho1234567" uid="2574062" lat="23.0019643" lon="113.3281148"/>
 <node id="13249472278" visible="true" version="1" changeset="173615999" timestamp="2025-10-22T08:48:47Z" user="samho1234567" uid="2574062" lat="23.0023253" lon="113.3278468"/>
 <node id="13249472375" visible="true" version="1" changeset="173615999" timestamp="2025-10-22T08:48:47Z" user="samho1234567" uid="2574062" lat="23.0015576" lon="113.3274083"/>
 <node id="13249472376" visible="true" version="1" changeset="173615999" timestamp="2025-10-22T08:48:47Z" user="samho1234567" uid="2574062" lat="23.0014595" lon="113.3275428"/>
 <node id="13249472377" visible="true" version="1" changeset="173615999" timestamp="2025-10-22T08:48:47Z" user="samho1234567" uid="2574062" lat="23.0011586" lon="113.3272837"/>
 <node id="13249472378" visible="true" version="1" changeset="173615999" timestamp="2025-10-22T08:48:47Z" user="samho1234567" uid="2574062" lat="23.0012566" lon="113.3271492"/>
 <node id="13249472379" visible="true" version="1" changeset="173615999" timestamp="2025-10-22T08:48:47Z" user="samho1234567" uid="2574062" lat="23.0010824" lon="113.3270846"/>
 <node id="13249472380" visible="true" version="1" changeset="173615999" timestamp="2025-10-22T08:48:47Z" user="samho1234567" uid="2574062" lat="23.0009829" lon="113.3272084"/>
 <node id="13249472381" visible="true" version="1" changeset="173615999" timestamp="2025-10-22T08:48:47Z" user="samho1234567" uid="2574062" lat="23.0007262" lon="113.3269647"/>
 <node id="13249472382" visible="true" version="1" changeset="173615999" timestamp="2025-10-22T08:48:47Z" user="samho1234567" uid="2574062" lat="23.0008257" lon="113.3268410"/>
 <node id="13249472383" visible="true" version="1" changeset="173615999" timestamp="2025-10-22T08:48:47Z" user="samho1234567" uid="2574062" lat="23.0008740" lon="113.3268869"/>
 <node id="13249472384" visible="true" version="1" changeset="173615999" timestamp="2025-10-22T08:48:47Z" user="samho1234567" uid="2574062" lat="23.0010448" lon="113.3270488"/>
 <node id="13249472385" visible="true" version="1" changeset="173615999" timestamp="2025-10-22T08:48:47Z" user="samho1234567" uid="2574062" lat="23.0010556" lon="113.3270354"/>
 <node id="13249472386" visible="true" version="1" changeset="173615999" timestamp="2025-10-22T08:48:47Z" user="samho1234567" uid="2574062" lat="23.0008849" lon="113.3268733"/>
 <node id="13249472387" visible="true" version="1" changeset="173615999" timestamp="2025-10-22T08:48:47Z" user="samho1234567" uid="2574062" lat="23.0002244" lon="113.3267170"/>
 <node id="13249472388" visible="true" version="1" changeset="173615999" timestamp="2025-10-22T08:48:47Z" user="samho1234567" uid="2574062" lat="23.0002033" lon="113.3268202"/>
 <node id="13249472389" visible="true" version="1" changeset="173615999" timestamp="2025-10-22T08:48:47Z" user="samho1234567" uid="2574062" lat="23.0004878" lon="113.3268888"/>
 <node id="13249472390" visible="true" version="1" changeset="173615999" timestamp="2025-10-22T08:48:47Z" user="samho1234567" uid="2574062" lat="23.0004902" lon="113.3268770"/>
 <node id="13249472391" visible="true" version="1" changeset="173615999" timestamp="2025-10-22T08:48:47Z" user="samho1234567" uid="2574062" lat="23.0005369" lon="113.3268882"/>
 <node id="13249472392" visible="true" version="1" changeset="173615999" timestamp="2025-10-22T08:48:47Z" user="samho1234567" uid="2574062" lat="23.0005522" lon="113.3268133"/>
 <node id="13249472393" visible="true" version="1" changeset="173615999" timestamp="2025-10-22T08:48:47Z" user="samho1234567" uid="2574062" lat="23.0005018" lon="113.3268012"/>
 <node id="13249472394" visible="true" version="1" changeset="173615999" timestamp="2025-10-22T08:48:47Z" user="samho1234567" uid="2574062" lat="23.0005060" lon="113.3267805"/>
 <node id="13249472395" visible="true" version="1" changeset="173615999" timestamp="2025-10-22T08:48:47Z" user="samho1234567" uid="2574062" lat="23.0004457" lon="113.3267660"/>
 <node id="13249472396" visible="true" version="1" changeset="173615999" timestamp="2025-10-22T08:48:47Z" user="samho1234567" uid="2574062" lat="23.0004616" lon="113.3266881"/>
 <node id="13249472397" visible="true" version="1" changeset="173615999" timestamp="2025-10-22T08:48:47Z" user="samho1234567" uid="2574062" lat="23.0004741" lon="113.3266912"/>
 <node id="13249472398" visible="true" version="1" changeset="173615999" timestamp="2025-10-22T08:48:47Z" user="samho1234567" uid="2574062" lat="23.0004870" lon="113.3266283"/>
 <node id="13249472399" visible="true" version="1" changeset="173615999" timestamp="2025-10-22T08:48:47Z" user="samho1234567" uid="2574062" lat="23.0004737" lon="113.3266251"/>
 <node id="13249472400" visible="true" version="1" changeset="173615999" timestamp="2025-10-22T08:48:47Z" user="samho1234567" uid="2574062" lat="23.0004878" lon="113.3265555"/>
 <node id="13249472401" visible="true" version="1" changeset="173615999" timestamp="2025-10-22T08:48:47Z" user="samho1234567" uid="2574062" lat="23.0003991" lon="113.3265341"/>
 <node id="13249472402" visible="true" version="1" changeset="173615999" timestamp="2025-10-22T08:48:47Z" user="samho1234567" uid="2574062" lat="23.0003595" lon="113.3267283"/>
 <node id="13249472403" visible="true" version="1" changeset="173615999" timestamp="2025-10-22T08:48:47Z" user="samho1234567" uid="2574062" lat="23.0002822" lon="113.3267097"/>
 <node id="13249472404" visible="true" version="1" changeset="173615999" timestamp="2025-10-22T08:48:47Z" user="samho1234567" uid="2574062" lat="23.0002781" lon="113.3267299"/>
 <node id="13249472405" visible="true" version="1" changeset="173615999" timestamp="2025-10-22T08:48:47Z" user="samho1234567" uid="2574062" lat="22.9997776" lon="113.3270069"/>
 <node id="13249472406" visible="true" version="1" changeset="173615999" timestamp="2025-10-22T08:48:47Z" user="samho1234567" uid="2574062" lat="22.9997606" lon="113.3271952"/>
 <node id="13249472407" visible="true" version="1" changeset="173615999" timestamp="2025-10-22T08:48:47Z" user="samho1234567" uid="2574062" lat="22.9997726" lon="113.3271965"/>
 <node id="13249472408" visible="true" version="1" changeset="173615999" timestamp="2025-10-22T08:48:47Z" user="samho1234567" uid="2574062" lat="22.9997665" lon="113.3272644"/>
 <node id="13249472409" visible="true" version="1" changeset="173615999" timestamp="2025-10-22T08:48:47Z" user="samho1234567" uid="2574062" lat="22.9998296" lon="113.3272711"/>
 <node id="13249472410" visible="true" version="1" changeset="173615999" timestamp="2025-10-22T08:48:47Z" user="samho1234567" uid="2574062" lat="22.9998319" lon="113.3272454"/>
 <node id="13249472411" visible="true" version="1" changeset="173615999" timestamp="2025-10-22T08:48:47Z" user="samho1234567" uid="2574062" lat="22.9999523" lon="113.3272583"/>
 <node id="13249472412" visible="true" version="1" changeset="173615999" timestamp="2025-10-22T08:48:47Z" user="samho1234567" uid="2574062" lat="22.9999541" lon="113.3272388"/>
 <node id="13249472413" visible="true" version="1" changeset="173615999" timestamp="2025-10-22T08:48:47Z" user="samho1234567" uid="2574062" lat="23.0000281" lon="113.3272467"/>
 <node id="13249472414" visible="true" version="1" changeset="173615999" timestamp="2025-10-22T08:48:47Z" user="samho1234567" uid="2574062" lat="23.0000342" lon="113.3271787"/>
 <node id="13249472415" visible="true" version="1" changeset="173615999" timestamp="2025-10-22T08:48:47Z" user="samho1234567" uid="2574062" lat="22.9999865" lon="113.3271736"/>
 <node id="13249472416" visible="true" version="1" changeset="173615999" timestamp="2025-10-22T08:48:47Z" user="samho1234567" uid="2574062" lat="22.9999872" lon="113.3271663"/>
 <node id="13249472417" visible="true" version="1" changeset="173615999" timestamp="2025-10-22T08:48:47Z" user="samho1234567" uid="2574062" lat="22.9999444" lon="113.3271617"/>
 <node id="13249472418" visible="true" version="1" changeset="173615999" timestamp="2025-10-22T08:48:47Z" user="samho1234567" uid="2574062" lat="22.9999676" lon="113.3269066"/>
 <node id="13249472419" visible="true" version="1" changeset="173615999" timestamp="2025-10-22T08:48:47Z" user="samho1234567" uid="2574062" lat="22.9998940" lon="113.3268987"/>
 <node id="13249472420" visible="true" version="1" changeset="173615999" timestamp="2025-10-22T08:48:47Z" user="samho1234567" uid="2574062" lat="22.9998832" lon="113.3270182"/>
 <node id="13249472582" visible="true" version="1" changeset="173615999" timestamp="2025-10-22T08:48:47Z" user="samho1234567" uid="2574062" lat="22.9998022" lon="113.3258906"/>
 <node id="13249472583" visible="true" version="1" changeset="173615999" timestamp="2025-10-22T08:48:47Z" user="samho1234567" uid="2574062" lat="22.9997610" lon="113.3259733"/>
 <node id="13249472584" visible="true" version="1" changeset="173615999" timestamp="2025-10-22T08:48:47Z" user="samho1234567" uid="2574062" lat="22.9997452" lon="113.3259640"/>
 <node id="13249472585" visible="true" version="1" changeset="173615999" timestamp="2025-10-22T08:48:47Z" user="samho1234567" uid="2574062" lat="22.9997294" lon="113.3259957"/>
 <node id="13249472586" visible="true" version="1" changeset="173615999" timestamp="2025-10-22T08:48:47Z" user="samho1234567" uid="2574062" lat="22.9997506" lon="113.3260082"/>
 <node id="13249472587" visible="true" version="1" changeset="173615999" timestamp="2025-10-22T08:48:47Z" user="samho1234567" uid="2574062" lat="22.9996347" lon="113.3262410"/>
 <node id="13249472588" visible="true" version="1" changeset="173615999" timestamp="2025-10-22T08:48:47Z" user="samho1234567" uid="2574062" lat="22.9997353" lon="113.3263001"/>
 <node id="13249472589" visible="true" version="1" changeset="173615999" timestamp="2025-10-22T08:48:47Z" user="samho1234567" uid="2574062" lat="22.9997662" lon="113.3262379"/>
 <node id="13249472590" visible="true" version="1" changeset="173615999" timestamp="2025-10-22T08:48:47Z" user="samho1234567" uid="2574062" lat="22.9997768" lon="113.3262441"/>
 <node id="13249472591" visible="true" version="1" changeset="173615999" timestamp="2025-10-22T08:48:47Z" user="samho1234567" uid="2574062" lat="22.9998018" lon="113.3261938"/>
 <node id="13249472592" visible="true" version="1" changeset="173615999" timestamp="2025-10-22T08:48:47Z" user="samho1234567" uid="2574062" lat="22.9999726" lon="113.3262942"/>
 <node id="13249472593" visible="true" version="1" changeset="173615999" timestamp="2025-10-22T08:48:47Z" user="samho1234567" uid="2574062" lat="23.0000323" lon="113.3261742"/>
 <node id="13249472594" visible="true" version="1" changeset="173615999" timestamp="2025-10-22T08:48:47Z" user="samho1234567" uid="2574062" lat="22.9998549" lon="113.3260700"/>
 <node id="13249472595" visible="true" version="1" changeset="173615999" timestamp="2025-10-22T08:48:47Z" user="samho1234567" uid="2574062" lat="22.9999121" lon="113.3259552"/>
 <node id="13773210089" visible="true" version="1" changeset="181970118" timestamp="2026-04-29T05:39:30Z" user="Skiptottos" uid="23459631" lat="22.9998495" lon="113.3244922"/>
 <node id="13773210090" visible="true" version="1" changeset="181970118" timestamp="2026-04-29T05:39:30Z" user="Skiptottos" uid="23459631" lat="22.9997124" lon="113.3239417"/>
 <node id="13773210091" visible="true" version="1" changeset="181970118" timestamp="2026-04-29T05:39:30Z" user="Skiptottos" uid="23459631" lat="22.9998717" lon="113.3242259"/>
 <node id="13773210092" visible="true" version="1" changeset="181970118" timestamp="2026-04-29T05:39:30Z" user="Skiptottos" uid="23459631" lat="22.9998250" lon="113.3240256"/>
 <node id="13773210093" visible="true" version="1" changeset="181970118" timestamp="2026-04-29T05:39:30Z" user="Skiptottos" uid="23459631" lat="22.9998896" lon="113.3240944"/>
 <way id="292110019" visible="true" version="11" changeset="181970118" timestamp="2026-04-29T05:39:30Z" user="Skiptottos" uid="23459631">
  <nd ref="2956329628"/>
  <nd ref="2956329615"/>
  <nd ref="2956329605"/>
  <nd ref="2956329613"/>
  <nd ref="2956329602"/>
  <nd ref="5419449052"/>
  <nd ref="2956329598"/>
  <nd ref="5409258542"/>
  <nd ref="2956329579"/>
  <nd ref="2956329581"/>
  <nd ref="8658953998"/>
  <nd ref="8658953999"/>
  <nd ref="8658954000"/>
  <nd ref="7904827744"/>
  <nd ref="2956329571"/>
  <nd ref="13773210090"/>
  <nd ref="13773210092"/>
  <nd ref="13773210093"/>
  <nd ref="13773210091"/>
  <nd ref="13773210089"/>
  <nd ref="8658953980"/>
  <nd ref="2956329568"/>
  <nd ref="2956329868"/>
  <nd ref="2956329596"/>
  <nd ref="2956329617"/>
  <nd ref="2956329858"/>
  <nd ref="2956329607"/>
  <nd ref="2956329863"/>
  <nd ref="2956329620"/>
  <nd ref="2956329586"/>
  <nd ref="2956329589"/>
  <nd ref="2956329862"/>
  <nd ref="2956329569"/>
  <nd ref="2956329865"/>
  <nd ref="2956329624"/>
  <nd ref="2956329627"/>
  <nd ref="2956329570"/>
  <nd ref="2956329871"/>
  <nd ref="2956329608"/>
  <nd ref="2956329625"/>
  <nd ref="2956329566"/>
  <nd ref="2956329870"/>
  <nd ref="2956329845"/>
  <nd ref="2956329567"/>
  <nd ref="2956329847"/>
  <nd ref="2956329599"/>
  <nd ref="2956329878"/>
  <nd ref="2956329623"/>
  <nd ref="2956329629"/>
  <nd ref="2956329861"/>
  <nd ref="2956329626"/>
  <nd ref="2956329879"/>
  <nd ref="2956329849"/>
  <nd ref="2956329572"/>
  <nd ref="2956329835"/>
  <nd ref="2956329855"/>
  <nd ref="2956329628"/>
  <tag k="name" v="长隆欢乐世界"/>
  <tag k="name:en" v="Chimelong Paradise"/>
  <tag k="name:zh" v="长隆欢乐世界"/>
  <tag k="tourism" v="theme_park"/>
  <tag k="wikidata" v="Q2963655"/>
  <tag k="wikimedia_commons" v="Category:Chime-Long Paradise"/>
  <tag k="wikipedia" v="en:Chimelong Paradise"/>
 </way>
 <way id="560924941" visible="true" version="8" changeset="172270856" timestamp="2025-09-22T01:32:40Z" user="rene78" uid="257555">
  <nd ref="5409258343"/>
  <nd ref="5409258372"/>
  <nd ref="5409258371"/>
  <nd ref="13161158721"/>
  <nd ref="5409258370"/>
  <nd ref="5409258369"/>
  <nd ref="5409258368"/>
  <nd ref="5409258366"/>
  <nd ref="5409258365"/>
  <nd ref="5409258364"/>
  <nd ref="5409258363"/>
  <nd ref="5409258362"/>
  <nd ref="5409258361"/>
  <nd ref="5409258360"/>
  <nd ref="5409258359"/>
  <nd ref="5409258358"/>
  <nd ref="5409258357"/>
  <nd ref="5409258356"/>
  <nd ref="5409258355"/>
  <nd ref="5409258354"/>
  <nd ref="5409293984"/>
  <nd ref="5409293983"/>
  <nd ref="5409293982"/>
  <nd ref="5409293981"/>
  <nd ref="13161158722"/>
  <nd ref="5409293980"/>
  <nd ref="5409293979"/>
  <nd ref="13161158753"/>
  <nd ref="13161158755"/>
  <nd ref="13161158754"/>
  <nd ref="13161158752"/>
  <nd ref="5409293978"/>
  <nd ref="5409293977"/>
  <nd ref="5409293976"/>
  <nd ref="5409293975"/>
  <nd ref="5409293974"/>
  <nd ref="13161158739"/>
  <nd ref="13161158741"/>
  <nd ref="13161158745"/>
  <nd ref="13161158746"/>
  <nd ref="13161158747"/>
  <nd ref="13161158744"/>
  <nd ref="13161158748"/>
  <nd ref="13161158743"/>
  <nd ref="13161158742"/>
  <nd ref="13161158740"/>
  <nd ref="5409293973"/>
  <nd ref="5409293972"/>
  <nd ref="5409293971"/>
  <nd ref="5409293970"/>
  <nd ref="5409293969"/>
  <nd ref="5409293968"/>
  <nd ref="5409293967"/>
  <nd ref="5409293966"/>
  <nd ref="5409294007"/>
  <nd ref="5409294005"/>
  <nd ref="5409294003"/>
  <nd ref="5409294004"/>
  <nd ref="5409294017"/>
  <nd ref="5409294016"/>
  <nd ref="5409294015"/>
  <nd ref="5409294014"/>
  <nd ref="5409294013"/>
  <nd ref="5409294012"/>
  <nd ref="5409294011"/>
  <nd ref="5409294010"/>
  <nd ref="5409294340"/>
  <nd ref="5409294339"/>
  <nd ref="5409294338"/>
  <nd ref="5409294337"/>
  <nd ref="5409294336"/>
  <nd ref="5409294335"/>
  <nd ref="5409294334"/>
  <nd ref="5409294333"/>
  <nd ref="5409294332"/>
  <nd ref="13161158733"/>
  <nd ref="13161158734"/>
  <nd ref="13161158735"/>
  <nd ref="13161158736"/>
  <nd ref="5409294331"/>
  <nd ref="5409294330"/>
  <nd ref="5409294329"/>
  <nd ref="5409294328"/>
  <nd ref="13161158737"/>
  <nd ref="13161158738"/>
  <nd ref="5409258328"/>
  <nd ref="5409258327"/>
  <nd ref="5409258326"/>
  <nd ref="5409258325"/>
  <nd ref="5409258324"/>
  <nd ref="5409258323"/>
  <nd ref="5409258322"/>
  <nd ref="5409294324"/>
  <nd ref="5409294323"/>
  <nd ref="5409294322"/>
  <nd ref="5409294000"/>
  <nd ref="5409294321"/>
  <nd ref="5409294020"/>
  <nd ref="5409294019"/>
  <nd ref="5409294018"/>
  <nd ref="5409294001"/>
  <nd ref="5409294006"/>
  <nd ref="5409294002"/>
  <nd ref="5409293999"/>
  <nd ref="5409293998"/>
  <nd ref="5409293997"/>
  <nd ref="5409293996"/>
  <nd ref="13161158723"/>
  <nd ref="13161158724"/>
  <nd ref="13161158725"/>
  <nd ref="13161158726"/>
  <nd ref="13161158727"/>
  <nd ref="13161158728"/>
  <nd ref="13161158729"/>
  <nd ref="5409293995"/>
  <nd ref="13161158730"/>
  <nd ref="13161158731"/>
  <nd ref="5409293994"/>
  <nd ref="13161158732"/>
  <nd ref="5409293993"/>
  <nd ref="5409293992"/>
  <nd ref="5409293991"/>
  <nd ref="5409293990"/>
  <nd ref="5409293989"/>
  <nd ref="5409293988"/>
  <nd ref="5409293987"/>
  <nd ref="5409293986"/>
  <nd ref="5409293985"/>
  <nd ref="5409258353"/>
  <nd ref="5409258352"/>
  <nd ref="5409258351"/>
  <nd ref="5409293237"/>
  <nd ref="5409258350"/>
  <nd ref="5409258349"/>
  <nd ref="5409258348"/>
  <nd ref="5409258347"/>
  <nd ref="5409258346"/>
  <nd ref="5409258345"/>
  <nd ref="5409258344"/>
  <nd ref="5409258343"/>
  <tag k="natural" v="wood"/>
 </way>
 <way id="560924971" visible="true" version="6" changeset="172270856" timestamp="2025-09-22T01:32:40Z" user="rene78" uid="257555">
  <nd ref="5409258829"/>
  <nd ref="5409258828"/>
  <nd ref="5409258836"/>
  <nd ref="5409258845"/>
  <nd ref="5409258844"/>
  <nd ref="5409258843"/>
  <nd ref="5409258842"/>
  <nd ref="5409258846"/>
  <nd ref="5409258841"/>
  <nd ref="5409258840"/>
  <nd ref="5409258839"/>
  <nd ref="5409258847"/>
  <nd ref="5409258838"/>
  <nd ref="5409258837"/>
  <nd ref="5409258819"/>
  <nd ref="5409258820"/>
  <nd ref="5409258854"/>
  <nd ref="5409258858"/>
  <nd ref="5409258855"/>
  <nd ref="5409258856"/>
  <nd ref="5409258857"/>
  <nd ref="5409258859"/>
  <nd ref="5409258848"/>
  <nd ref="5409258849"/>
  <nd ref="5409258850"/>
  <nd ref="5409258851"/>
  <nd ref="5409258860"/>
  <nd ref="5409258852"/>
  <nd ref="5409258853"/>
  <nd ref="5409258827"/>
  <tag k="demolished:roller_coaster" v="track"/>
  <tag k="layer" v="2"/>
 </way>
 <way id="886138603" visible="true" version="7" changeset="156473633" timestamp="2024-09-11T09:20:51Z" user="user_21293476" uid="21293476">
  <nd ref="8239790170"/>
  <nd ref="8239790169"/>
  <nd ref="8239790168"/>
  <nd ref="8239790167"/>
  <nd ref="8239790166"/>
  <nd ref="8239790165"/>
  <nd ref="8239790164"/>
  <nd ref="8239790163"/>
  <nd ref="8239790162"/>
  <nd ref="8239790161"/>
  <nd ref="8239790160"/>
  <nd ref="8239790159"/>
  <nd ref="8239790158"/>
  <nd ref="8239790157"/>
  <nd ref="8239790156"/>
  <nd ref="8239790155"/>
  <nd ref="8239790154"/>
  <nd ref="8239790153"/>
  <nd ref="8239790152"/>
  <nd ref="8239790151"/>
  <nd ref="8239790150"/>
  <nd ref="8239790149"/>
  <nd ref="8239790148"/>
  <nd ref="8239790147"/>
  <nd ref="8239790146"/>
  <nd ref="8239790145"/>
  <nd ref="8239790144"/>
  <nd ref="8239790143"/>
  <nd ref="8239790142"/>
  <nd ref="8239790141"/>
  <nd ref="8239790140"/>
  <nd ref="8239790139"/>
  <nd ref="8239790138"/>
  <nd ref="8239790137"/>
  <nd ref="8239790136"/>
  <nd ref="8239790135"/>
  <nd ref="8239790134"/>
  <nd ref="8239790133"/>
  <nd ref="8239790132"/>
  <nd ref="8239790131"/>
  <nd ref="8239790130"/>
  <nd ref="8239790129"/>
  <nd ref="8239790128"/>
  <nd ref="8239790127"/>
  <nd ref="8239790126"/>
  <nd ref="8239790125"/>
  <nd ref="8239790124"/>
  <nd ref="8239790123"/>
  <nd ref="8239790122"/>
  <nd ref="8239790121"/>
  <nd ref="8239790120"/>
  <nd ref="8239790119"/>
  <nd ref="8239790118"/>
  <nd ref="8239790117"/>
  <nd ref="8239790116"/>
  <nd ref="8239790115"/>
  <nd ref="8239790114"/>
  <nd ref="8239790113"/>
  <nd ref="8239790112"/>
  <nd ref="8239790111"/>
  <nd ref="8239790110"/>
  <nd ref="8239790109"/>
  <nd ref="8239790108"/>
  <nd ref="8239790107"/>
  <nd ref="8239790106"/>
  <nd ref="8239790105"/>
  <nd ref="8239790104"/>
  <nd ref="12169630853"/>
  <nd ref="8239790103"/>
  <nd ref="12169630852"/>
  <nd ref="12169630854"/>
  <nd ref="12169630855"/>
  <nd ref="8239790102"/>
  <nd ref="8239790101"/>
  <nd ref="8239790100"/>
  <nd ref="8239790099"/>
  <nd ref="8239790098"/>
  <nd ref="8239790097"/>
  <nd ref="8239790096"/>
  <nd ref="8239790095"/>
  <nd ref="8239790094"/>
  <nd ref="8239790093"/>
  <nd ref="8239790092"/>
  <nd ref="8239790091"/>
  <nd ref="8239790090"/>
  <nd ref="8239790089"/>
  <nd ref="8239790088"/>
  <nd ref="8239790087"/>
  <nd ref="8239790086"/>
  <nd ref="8239790083"/>
  <nd ref="8239790082"/>
  <nd ref="8239790081"/>
  <nd ref="8239790080"/>
  <nd ref="8239790079"/>
  <nd ref="8239790078"/>
  <nd ref="8239790077"/>
  <nd ref="8239790076"/>
  <nd ref="8239790075"/>
  <nd ref="8239790074"/>
  <nd ref="8239790073"/>
  <nd ref="8239790072"/>
  <nd ref="8239790071"/>
  <nd ref="8239790070"/>
  <nd ref="8239790069"/>
  <nd ref="8239790068"/>
  <nd ref="8239790067"/>
  <nd ref="8239790066"/>
  <nd ref="8239790065"/>
  <nd ref="8239790064"/>
  <nd ref="8239790063"/>
  <nd ref="8239790062"/>
  <nd ref="8239790061"/>
  <nd ref="8239790060"/>
  <nd ref="8239790059"/>
  <nd ref="8239790058"/>
  <nd ref="8239790057"/>
  <nd ref="8239790056"/>
  <nd ref="8239790055"/>
  <nd ref="8239790054"/>
  <nd ref="8239790053"/>
  <nd ref="8239790052"/>
  <nd ref="8239790051"/>
  <nd ref="8239790050"/>
  <nd ref="8239790049"/>
  <nd ref="8239790048"/>
  <nd ref="8239790047"/>
  <nd ref="8239790046"/>
  <nd ref="8239790045"/>
  <nd ref="8239790044"/>
  <nd ref="8239790043"/>
  <nd ref="8239790042"/>
  <nd ref="8239790041"/>
  <nd ref="8239790040"/>
  <nd ref="8239790039"/>
  <nd ref="8239790038"/>
  <nd ref="8239790037"/>
  <nd ref="8239790036"/>
  <nd ref="8239790035"/>
  <nd ref="8239790034"/>
  <nd ref="8239790033"/>
  <nd ref="8239790032"/>
  <nd ref="8239790031"/>
  <nd ref="8239790030"/>
  <nd ref="8239790029"/>
  <nd ref="8239790028"/>
  <nd ref="8239790027"/>
  <nd ref="8239790026"/>
  <nd ref="8239790025"/>
  <nd ref="8239790024"/>
  <nd ref="8239790023"/>
  <nd ref="8239790022"/>
  <nd ref="8239790021"/>
  <nd ref="8239790020"/>
  <nd ref="8239790019"/>
  <nd ref="8239790018"/>
  <nd ref="8239790017"/>
  <nd ref="8239789316"/>
  <nd ref="8239789315"/>
  <nd ref="8239789314"/>
  <nd ref="8239789313"/>
  <nd ref="8239789312"/>
  <nd ref="8239789311"/>
  <nd ref="8239789310"/>
  <nd ref="8239789309"/>
  <nd ref="8239789308"/>
  <nd ref="8239789307"/>
  <nd ref="8239789306"/>
  <nd ref="8239789305"/>
  <nd ref="8239789304"/>
  <nd ref="8239789303"/>
  <nd ref="8239789302"/>
  <nd ref="8239789301"/>
  <nd ref="8239789300"/>
  <nd ref="8239789299"/>
  <nd ref="8239789298"/>
  <nd ref="8239865117"/>
  <tag k="admin_level" v="8"/>
  <tag k="boundary" v="administrative"/>
 </way>
 <way id="934265398" visible="true" version="3" changeset="172270856" timestamp="2025-09-22T01:32:40Z" user="rene78" uid="257555">
  <nd ref="8658953978"/>
  <nd ref="5409258862"/>
  <nd ref="5409258795"/>
  <nd ref="5409258796"/>
  <nd ref="5409258797"/>
  <nd ref="5409258798"/>
  <nd ref="5409258799"/>
  <nd ref="5409258807"/>
  <nd ref="5409258801"/>
  <nd ref="5409258802"/>
  <nd ref="5409258803"/>
  <nd ref="5409258809"/>
  <nd ref="5409258804"/>
  <nd ref="5409258805"/>
  <nd ref="5409258806"/>
  <nd ref="5409258808"/>
  <nd ref="5409258800"/>
  <nd ref="5409258817"/>
  <nd ref="5409258818"/>
  <tag k="demolished:roller_coaster" v="track"/>
  <tag k="layer" v="1"/>
 </way>
 <way id="934265399" visible="true" version="3" changeset="172270856" timestamp="2025-09-22T01:32:40Z" user="rene78" uid="257555">
  <nd ref="5409258827"/>
  <nd ref="5409258826"/>
  <nd ref="5409258825"/>
  <nd ref="5409258824"/>
  <nd ref="5409258823"/>
  <nd ref="5409258822"/>
  <nd ref="5409258821"/>
  <nd ref="5409258861"/>
  <tag k="demolished:roller_coaster" v="track"/>
  <tag k="layer" v="1"/>
 </way>
 <way id="934265400" visible="true" version="4" changeset="172270856" timestamp="2025-09-22T01:32:40Z" user="rene78" uid="257555">
  <nd ref="5409258818"/>
  <nd ref="5409258816"/>
  <nd ref="5409258815"/>
  <nd ref="5409258814"/>
  <nd ref="5409258813"/>
  <nd ref="5409258812"/>
  <nd ref="5409258811"/>
  <nd ref="5409258810"/>
  <nd ref="5409258835"/>
  <nd ref="5409258833"/>
  <nd ref="5409258832"/>
  <nd ref="5409258831"/>
  <nd ref="5409258834"/>
  <nd ref="5409258830"/>
  <nd ref="5409258829"/>
  <tag k="demolished:roller_coaster" v="track"/>
  <tag k="layer" v="1"/>
 </way>
 <way id="934265401" visible="true" version="3" changeset="172270856" timestamp="2025-09-22T01:32:40Z" user="rene78" uid="257555">
  <nd ref="5409258861"/>
  <nd ref="8658953978"/>
  <tag k="demolished:roller_coaster" v="track"/>
  <tag k="layer" v="2"/>
 </way>
 <way id="1431856585" visible="true" version="3" changeset="181155316" timestamp="2026-04-10T15:53:07Z" user="breezeson" uid="18368540">
  <nd ref="13161134195"/>
  <nd ref="13161134196"/>
  <nd ref="13161134197"/>
  <nd ref="13161134198"/>
  <nd ref="13161158710"/>
  <nd ref="13161158711"/>
  <nd ref="13161158718"/>
  <nd ref="13161134199"/>
  <nd ref="13161158715"/>
  <nd ref="13161158714"/>
  <nd ref="13161158712"/>
  <nd ref="13161158713"/>
  <nd ref="13161158716"/>
  <nd ref="13161158717"/>
  <nd ref="13249472278"/>
  <nd ref="13249472277"/>
  <nd ref="13161134200"/>
  <nd ref="13161158705"/>
  <nd ref="13161158706"/>
  <nd ref="13161158707"/>
  <nd ref="13161158708"/>
  <nd ref="13161158709"/>
  <nd ref="13161134195"/>
  <tag k="landuse" v="residential"/>
  <tag k="name" v="华润置地·长隆万博悦府"/>
  <tag k="residential" v="apartments"/>
 </way>
 <way id="1443890841" visible="true" version="1" changeset="173615999" timestamp="2025-10-22T08:48:47Z" user="samho1234567" uid="2574062">
  <nd ref="13249472375"/>
  <nd ref="13249472376"/>
  <nd ref="13249472377"/>
  <nd ref="13249472378"/>
  <nd ref="13249472375"/>
  <tag k="addr:housename" v="华润置地长隆万博悦府"/>
  <tag k="addr:housename:zh" v="华润置地长隆万博悦府"/>
  <tag k="building" v="construction"/>
  <tag k="building:levels" v="43"/>
  <tag k="construction" v="apartments"/>
  <tag k="name" v="11栋"/>
  <tag k="name:en" v="Block 11"/>
  <tag k="name:zh" v="11栋"/>
 </way>
 <way id="1443890842" visible="true" version="1" changeset="173615999" timestamp="2025-10-22T08:48:47Z" user="samho1234567" uid="2574062">
  <nd ref="13249472379"/>
  <nd ref="13249472380"/>
  <nd ref="13249472381"/>
  <nd ref="13249472382"/>
  <nd ref="13249472383"/>
  <nd ref="13249472386"/>
  <nd ref="13249472385"/>
  <nd ref="13249472384"/>
  <nd ref="13249472379"/>
  <tag k="addr:housename" v="华润置地长隆万博悦府"/>
  <tag k="addr:housename:zh" v="华润置地长隆万博悦府"/>
  <tag k="building" v="construction"/>
  <tag k="building:levels" v="43"/>
  <tag k="construction" v="apartments"/>
  <tag k="name" v="12栋"/>
  <tag k="name:en" v="Block 12"/>
  <tag k="name:zh" v="12栋"/>
 </way>
 <way id="1443890843" visible="true" version="1" changeset="173615999" timestamp="2025-10-22T08:48:47Z" user="samho1234567" uid="2574062">
  <nd ref="13249472387"/>
  <nd ref="13249472388"/>
  <nd ref="13249472389"/>
  <nd ref="13249472390"/>
  <nd ref="13249472391"/>
  <nd ref="13249472392"/>
  <nd ref="13249472393"/>
  <nd ref="13249472394"/>
  <nd ref="13249472395"/>
  <nd ref="13249472396"/>
  <nd ref="13249472397"/>
  <nd ref="13249472398"/>
  <nd ref="13249472399"/>
  <nd ref="13249472400"/>
  <nd ref="13249472401"/>
  <nd ref="13249472402"/>
  <nd ref="13249472403"/>
  <nd ref="13249472404"/>
  <nd ref="13249472387"/>
  <tag k="addr:housename" v="华润置地长隆万博悦府"/>
  <tag k="addr:housename:zh" v="华润置地长隆万博悦府"/>
  <tag k="building" v="construction"/>
  <tag k="building:levels" v="45"/>
  <tag k="construction" v="apartments"/>
  <tag k="name" v="13栋"/>
  <tag k="name:en" v="Block 13"/>
  <tag k="name:zh" v="13栋"/>
 </way>
 <way id="1443890844" visible="true" version="1" changeset="173615999" timestamp="2025-10-22T08:48:47Z" user="samho1234567" uid="2574062">
  <nd ref="13249472405"/>
  <nd ref="13249472406"/>
  <nd ref="13249472407"/>
  <nd ref="13249472408"/>
  <nd ref="13249472409"/>
  <nd ref="13249472410"/>
  <nd ref="13249472411"/>
  <nd ref="13249472412"/>
  <nd ref="13249472413"/>
  <nd ref="13249472414"/>
  <nd ref="13249472415"/>
  <nd ref="13249472416"/>
  <nd ref="13249472417"/>
  <nd ref="13249472418"/>
  <nd ref="13249472419"/>
  <nd ref="13249472420"/>
  <nd ref="13249472405"/>
  <tag k="addr:housename" v="华润置地长隆万博悦府"/>
  <tag k="addr:housename:zh" v="华润置地长隆万博悦府"/>
  <tag k="building" v="construction"/>
  <tag k="building:levels" v="47"/>
  <tag k="construction" v="apartments"/>
  <tag k="name" v="7栋"/>
  <tag k="name:en" v="Block 7"/>
  <tag k="name:zh" v="7栋"/>
 </way>
 <way id="1443890852" visible="true" version="1" changeset="173615999" timestamp="2025-10-22T08:48:47Z" user="samho1234567" uid="2574062">
  <nd ref="13249472582"/>
  <nd ref="13249472583"/>
  <nd ref="13249472584"/>
  <nd ref="13249472585"/>
  <nd ref="13249472586"/>
  <nd ref="13249472587"/>
  <nd ref="13249472588"/>
  <nd ref="13249472589"/>
  <nd ref="13249472590"/>
  <nd ref="13249472591"/>
  <nd ref="13249472592"/>
  <nd ref="13249472593"/>
  <nd ref="13249472594"/>
  <nd ref="13249472595"/>
  <nd ref="13249472582"/>
  <tag k="addr:housename" v="华润置地长隆万博悦府"/>
  <tag k="addr:housename:zh" v="华润置地长隆万博悦府"/>
  <tag k="building" v="construction"/>
  <tag k="building:levels" v="45"/>
  <tag k="construction" v="apartments"/>
  <tag k="name" v="8栋"/>
  <tag k="name:en" v="Block 8"/>
  <tag k="name:zh" v="8栋"/>
 </way>
 <way id="1505477582" visible="true" version="1" changeset="181970118" timestamp="2026-04-29T05:39:30Z" user="Skiptottos" uid="23459631">
  <nd ref="5409570705"/>
  <nd ref="5409570704"/>
  <nd ref="5409570703"/>
  <nd ref="5409570702"/>
  <nd ref="5409570701"/>
  <nd ref="5409570700"/>
  <nd ref="5409570699"/>
  <nd ref="8658957523"/>
  <nd ref="5409570698"/>
  <nd ref="5409570697"/>
  <nd ref="5409570696"/>
  <nd ref="5409570695"/>
  <nd ref="5409570694"/>
  <nd ref="5409570693"/>
  <nd ref="5409258651"/>
  <tag k="highway" v="pedestrian"/>
 </way>
 <relation id="3287618" visible="true" version="43" changeset="177124572" timestamp="2026-01-12T07:21:34Z" user="旧加卷" uid="22313164">
  <member type="node" ref="244081365" role="label"/>
  <member type="relation" ref="9463947" role="subarea"/>
  <member type="relation" ref="9463946" role="subarea"/>
  <member type="relation" ref="11996533" role="subarea"/>
  <member type="relation" ref="12032052" role="subarea"/>
  <member type="relation" ref="12031258" role="subarea"/>
  <member type="relation" ref="12032277" role="subarea"/>
  <member type="relation" ref="12034493" role="subarea"/>
  <member type="relation" ref="12033891" role="subarea"/>
  <member type="relation" ref="12042955" role="subarea"/>
  <member type="relation" ref="12045940" role="subarea"/>
  <member type="relation" ref="12033869" role="subarea"/>
  <member type="relation" ref="12034602" role="subarea"/>
  <member type="relation" ref="12045937" role="subarea"/>
  <member type="relation" ref="12043044" role="subarea"/>
  <member type="relation" ref="12043253" role="subarea"/>
  <member type="relation" ref="12037949" role="subarea"/>
  <member type="way" ref="258135267" role="outer"/>
  <member type="way" ref="308994530" role="outer"/>
  <member type="way" ref="886150329" role="outer"/>
  <member type="way" ref="886152911" role="outer"/>
  <member type="way" ref="243183695" role="outer"/>
  <member type="way" ref="1232200386" role="outer"/>
  <member type="way" ref="682068016" role="outer"/>
  <member type="way" ref="886677444" role="outer"/>
  <member type="way" ref="243183694" role="outer"/>
  <member type="way" ref="886150566" role="outer"/>
  <member type="way" ref="886366465" role="outer"/>
  <member type="way" ref="682068010" role="outer"/>
  <member type="way" ref="380359158" role="outer"/>
  <member type="way" ref="243183698" role="outer"/>
  <member type="way" ref="886690688" role="outer"/>
  <member type="way" ref="697613102" role="outer"/>
  <member type="way" ref="697613117" role="outer"/>
  <member type="way" ref="697613111" role="outer"/>
  <member type="way" ref="1384745725" role="outer"/>
  <member type="way" ref="1384745726" role="outer"/>
  <member type="way" ref="1384745740" role="outer"/>
  <member type="way" ref="1384745739" role="outer"/>
  <member type="way" ref="1384745734" role="outer"/>
  <member type="way" ref="1384745737" role="outer"/>
  <member type="way" ref="1384745746" role="outer"/>
  <member type="way" ref="1384745729" role="outer"/>
  <member type="way" ref="1384745721" role="outer"/>
  <member type="way" ref="682018304" role="outer"/>
  <member type="way" ref="682018308" role="outer"/>
  <member type="way" ref="243200516" role="outer"/>
  <member type="way" ref="682068004" role="outer"/>
  <tag k="admin_level" v="6"/>
  <tag k="admin_type:CN" v="district"/>
  <tag k="alt_name" v="番禺"/>
  <tag k="boundary" v="administrative"/>
  <tag k="name" v="番禺区"/>
  <tag k="name:ceb" v="Panyu Qu"/>
  <tag k="name:de" v="Panyu"/>
  <tag k="name:en" v="Panyu District"/>
  <tag k="name:eo" v="Panju"/>
  <tag k="name:es" v="Panyu"/>
  <tag k="name:eu" v="Panyu Barrutia"/>
  <tag k="name:fa" v="ناحیه پانیو"/>
  <tag k="name:fr" v="District de Panyu"/>
  <tag k="name:hak" v="Fân-ngì-khî"/>
  <tag k="name:it" v="Distretto di Panyu"/>
  <tag k="name:ja" v="番禺区"/>
  <tag k="name:ko" v="판위구"/>
  <tag k="name:mwl" v="Panyu"/>
  <tag k="name:nan" v="Hoan-gû-khu"/>
  <tag k="name:nl" v="Panyu"/>
  <tag k="name:no" v="Panyu"/>
  <tag k="name:pl" v="Panyu"/>
  <tag k="name:ru" v="Паньюй"/>
  <tag k="name:sv" v="Panyu"/>
  <tag k="name:uk" v="Панью міський район"/>
  <tag k="name:vi" v="Phiên Ngung"/>
  <tag k="name:yue" v="番禺"/>
  <tag k="name:zh" v="番禺区"/>
  <tag k="name:zh-Hans" v="番禺区"/>
  <tag k="name:zh-Hant" v="番禺區"/>
  <tag k="name:zh-Latn-pinyin" v="Pānyú Qū"/>
  <tag k="population" v="2658397"/>
  <tag k="population:date" v="2020-11-01"/>
  <tag k="postal_code" v="511400"/>
  <tag k="ref:admin:CN" v="440113"/>
  <tag k="source:population" v="wikipedia"/>
  <tag k="type" v="boundary"/>
  <tag k="wikidata" v="Q948245"/>
  <tag k="wikipedia" v="zh:番禺区"/>
 </relation>
 <relation id="12034493" visible="true" version="9" changeset="173432491" timestamp="2025-10-18T04:07:03Z" user="Lepuse" uid="9560399">
  <member type="way" ref="886138603" role="outer"/>
  <member type="way" ref="886677446" role="outer"/>
  <member type="way" ref="886152910" role="outer"/>
  <member type="way" ref="886152909" role="outer"/>
  <member type="way" ref="886146274" role="outer"/>
  <member type="node" ref="2065883715" role="label"/>
  <tag k="admin_level" v="8"/>
  <tag k="admin_type:CN" v="subdistrict"/>
  <tag k="alt_name" v="Zhongcun;钟村"/>
  <tag k="boundary" v="administrative"/>
  <tag k="name" v="钟村街道"/>
  <tag k="name:en" v="Zhongcun Subdistrict"/>
  <tag k="name:ja" v="鍾村街道"/>
  <tag k="name:zh" v="钟村街道"/>
  <tag k="name:zh-Hans" v="钟村街道"/>
  <tag k="name:zh-Hant" v="鍾村街道"/>
  <tag k="name:zh-Latn-pinyin" v="Zhōngcūn Jiēdào"/>
  <tag k="official_name" v="钟村街道"/>
  <tag k="ref:admin:CN:mca" v="440113003"/>
  <tag k="ref:admin:CN:nbs" v="440113015"/>
  <tag k="type" v="boundary"/>
  <tag k="wikidata" v="Q14328354"/>
  <tag k="wikipedia" v="zh:钟村街道"/>
 </relation>
 <relation id="12042955" visible="true" version="6" changeset="174611043" timestamp="2025-11-13T15:23:05Z" user="Lepuse" uid="9560399">
  <member type="way" ref="886677448" role="outer"/>
  <member type="way" ref="682068003" role="outer"/>
  <member type="way" ref="886146275" role="outer"/>
  <member type="way" ref="886138603" role="outer"/>
  <member type="node" ref="5064327485" role="label"/>
  <tag k="admin_level" v="8"/>
  <tag k="admin_type:CN" v="subdistrict"/>
  <tag k="alt_name" v="大石"/>
  <tag k="alt_name:en" v="Dashi"/>
  <tag k="boundary" v="administrative"/>
  <tag k="name" v="大石街道"/>
  <tag k="name:en" v="Dashi Subdistrict"/>
  <tag k="name:ja" v="大石街道"/>
  <tag k="name:zh" v="大石街道"/>
  <tag k="name:zh-Hans" v="大石街道"/>
  <tag k="name:zh-Hant" v="大石街道"/>
  <tag k="name:zh-Latn-pinyin" v="Dàshí Jiēdào"/>
  <tag k="official_name" v="大石街道"/>
  <tag k="ref:admin:CN:mca" v="440113004"/>
  <tag k="ref:admin:CN:nbs" v="440113012"/>
  <tag k="type" v="boundary"/>
  <tag k="wikidata" v="Q2692728"/>
  <tag k="wikipedia" v="zh:大石街道 (广州市)"/>
 </relation>
</osm>
