mapping_id,paper_id,title,year,doi,openalex_url,institution,institution_id,location_id,institution_authors,author_order,affiliation_order,raw_affiliation,openalex_institution_id,institution_city,institution_country,institution_latitude,institution_longitude,provenance_source,mapping_status,created_at,updated_at
mapping:23fa580d08b3cc08c4ab,curated:f3e1319a5e27319578cd,A Survey on Deep-Learning-Based Techniques for Detecting AI-Generated Synthetic Images,2026,10.3390/engproc2026123032,https://openalex.org/W7128592463,Complutense University of Madrid,institution:6a318a8411b5cf74,,Staycy Guevara; Ana Lucila Sandoval Orozco; Luis Javier García Villalba,,1,"Group of Analysis, Security and Systems (GASS), Department of Software Engineering and Artificial Intelligence (DISIA), Faculty of Computer Science and Engineering, Office 431,Universidad Complutense de Madrid (UCM), Calle Profesor José García Santesmases, 9, Ciudad Universitaria, 28040 Madrid, Spain",,,,,,manually_confirmed,active,2026-06-29T19:26:03Z,2026-07-17T22:10:51Z
mapping:eba5383cba0b393f06de,curated:3110ea827546b2fd78ff,"Your AI-Generated Image Detector Can Secretly Achieve SOTA Accuracy, If Calibrated",2026,10.1609/aaai.v40i14.38146,https://openalex.org/W7138134961,"Agency for Science, Technology and Research",institution:e81a0314e783d8a4,,Muli Yang; Gabriel James Goenawan; Huaiyuan Qin; Fen Fang; Ying Sun; Joo-Hwee Lim; Hongyuan Zhu,,1,,,,,,,,active,2026-06-29T19:45:40Z,2026-08-24T16:41:48Z
mapping:33734b91f46a48599ed7,curated:3110ea827546b2fd78ff,"Your AI-Generated Image Detector Can Secretly Achieve SOTA Accuracy, If Calibrated",2026,10.1609/aaai.v40i14.38146,https://openalex.org/W7138134961,Xidian University,institution:43ae05e86afd56bd,,Chenghao Xu; Yanhua Yang,,2,,,,,,,,active,2026-06-29T19:46:26Z,2026-06-29T19:46:26Z
mapping:634be31d6873f43f0e86,curated:66ea5be66b23f7db046a,人工智能生成图像检测技术综述,2026,10.11834/jig.250053,https://openalex.org/W7124700339,Fudan University,institution:baa1df7c4adddbda,,Meiling Li; Zhenxing Qian; Xinpeng Zhang,,1,"College of Computer Science and Artificial Intelligence, Fudan University Shanghai",,,,,,,active,2026-06-29T19:53:03Z,2026-06-29T22:12:23Z
mapping:701e78fa5e24e30b0aca,curated:c6bfe8f5199d1d8beb29,Adaptive Test-Time Semantic Debiasing for AI-Generated Image Detection,2025,10.1109/iccvw69036.2025.00165,https://openalex.org/W7131078162,University at Buffalo,institution:612630c2527bff83,,Yu Cai; Siwei Lyu,,1,,,,,,,,active,2026-06-29T19:55:56Z,2026-06-29T19:58:22Z
mapping:7ca5a7c70f6c50177dab,curated:c6bfe8f5199d1d8beb29,Adaptive Test-Time Semantic Debiasing for AI-Generated Image Detection,2025,10.1109/iccvw69036.2025.00165,https://openalex.org/W7131078162,"Institute of Information Engineering, Chinese Academy of Sciences",institution:cee70184073782c7,,Jiahe Tian; Xiaomeng Fu; Jiao Dai; Jizhong Han,,2,"Institute of Information Engineering, Chinese Academy of Sciences, China",,,,,,,active,2026-06-29T19:57:31Z,2026-07-01T06:41:24Z
mapping:2aeb918d86fd8f55bcba,curated:8bc69db49ef4b9db3cd6,Are CLIP Features All You Need for Universal Synthetic Image Origin Attribution?,2025,10.1007/978-3-031-92648-8_22,https://openalex.org/W4410889859,University of Florence,institution:42fcf4ae44e1a706,,Dario Cioni; Lorenzo Seidenari,,1,University of Florence,,,,,,,active,2026-06-29T20:01:17Z,2026-06-29T20:01:17Z
mapping:a5cf4389134b2a358b83,curated:8bc69db49ef4b9db3cd6,Are CLIP Features All You Need for Universal Synthetic Image Origin Attribution?,2025,10.1007/978-3-031-92648-8_22,https://openalex.org/W4410889859,"City, University of London",institution:24e78a56f93457a5,,Christos Tzelepis,,2,"City, University of London",,,,,,,active,2026-06-29T20:03:21Z,2026-06-29T20:05:06Z
mapping:434afb8aaa4ee64e222b,curated:8bc69db49ef4b9db3cd6,Are CLIP Features All You Need for Universal Synthetic Image Origin Attribution?,2025,10.1007/978-3-031-92648-8_22,https://openalex.org/W4410889859,Queen Mary University of London,institution:c5eade35ea50a856,,Dario Cioni; Ioannis Patras,,3,"Queen Mary, University of London",,,,,,,active,2026-06-29T20:04:10Z,2026-06-29T20:05:33Z
mapping:2bd5d375d6e0769c233c,curated:1332f5c35b9ac943f349,FLODA: Harnessing Vision-Language Models for Deepfake Assessment,2025,10.1109/icce63647.2025.10929816,https://openalex.org/W4408861326,"Yonsei University, International Campus",institution:6e61f1cad147c313,,Seunghyeon Park,,1,"School of Integrated Technology, Yonsei University, Incheon, Republic of Korea",,,,,,,active,2026-06-29T20:07:46Z,2026-06-29T20:14:14Z
mapping:23045e7ff749c6ee30b5,curated:1332f5c35b9ac943f349,FLODA: Harnessing Vision-Language Models for Deepfake Assessment,2025,10.1109/icce63647.2025.10929816,https://openalex.org/W4408861326,Hanyang University,institution:3e2d6c20e9d268da,,Youngho Bae,,2,"Department of Data Science, Hanyang University, Seoul, Republic of Korea",,,,,,,active,2026-06-29T20:08:24Z,2026-06-29T20:08:24Z
mapping:824da221d6a0922bfb18,curated:1332f5c35b9ac943f349,FLODA: Harnessing Vision-Language Models for Deepfake Assessment,2025,10.1109/icce63647.2025.10929816,https://openalex.org/W4408861326,"Yonsei University, Sinchon Campus",institution:42992b97b8e05dd4,,Gunhui Han,,3,"Department of Mechanical Engineering, Yonsei University, Seoul, Republic of Korea",,,,,,,active,2026-06-29T20:09:04Z,2026-06-29T20:14:38Z
mapping:b6eb27a2e93b7c15058d,curated:1332f5c35b9ac943f349,FLODA: Harnessing Vision-Language Models for Deepfake Assessment,2025,10.1109/icce63647.2025.10929816,https://openalex.org/W4408861326,University of Toronto,institution:6a892bbe4ee57122,,Alexander W. Olson,,4,"Centre for Analytics and Artificial Intelligence Engineering, University of Toronto, Toronto, Canada",,,,,,,active,2026-06-29T20:09:29Z,2026-06-29T20:09:29Z
mapping:b67ea7c34b2dfa2718aa,curated:0849228c52c5759845c2,FreqCross: A Multi-Modal Frequency-Spatial Fusion Network for Robust Detection of Stable Diffusion 3.5 Generated Images,2025,10.48550/arxiv.2507.02995,https://openalex.org/W4415162360,"University of California, Berkeley",institution:be74dcf5d0cb77ea,,Guang Yang,,1,,,,,,,,active,2026-06-29T20:20:58Z,2026-06-29T20:20:58Z
mapping:1bbec24fe0713dd3659e,curated:47b576be1ed7e2a6bfed,"Fully AI-Generated Image Detection: Definition, Recent Advances and Challenges",2025,10.48550/arxiv.2502.19716,https://openalex.org/W4416149370,Zhejiang University,institution:e433baf78e80004b,,Qijie Xu; Can Wang; Jiawei Chen,,1,"State Key Laboratory of Blockchain and Data Security, Zhejiang University, Hangzhou, China",,,,,,,active,2026-06-29T20:22:34Z,2026-06-29T20:22:34Z
mapping:f0e2f2168269097e8170,curated:47b576be1ed7e2a6bfed,"Fully AI-Generated Image Detection: Definition, Recent Advances and Challenges",2025,10.48550/arxiv.2502.19716,https://openalex.org/W4416149370,Hangzhou High-Tech Zone (Binjiang) Institute of Blockchain and Data Security,institution:91e76fe32279c58d,,Qijie Xu; Can Wang; Jiawei Chen,,2,"Hangzhou High-Tech Zone (Binjiang) Institute of Blockchain and Data Security, Hangzhou, China",,,,,,,active,2026-06-29T20:23:05Z,2026-06-29T20:23:05Z
mapping:6605eb8d4eabbe32a5ad,curated:47b576be1ed7e2a6bfed,"Fully AI-Generated Image Detection: Definition, Recent Advances and Challenges",2025,10.48550/arxiv.2502.19716,https://openalex.org/W4416149370,University at Buffalo,institution:612630c2527bff83,,Siwei Lyu; Defang Chen,,3,"Institute for Artificial Intelligence and Data Science, University at Buffalo, State University of New York, Buffalo, USA",,,,,,,active,2026-06-29T20:23:36Z,2026-06-29T20:23:36Z
mapping:fc921e5a7fca36d1ca33,curated:e688194977fa7bbf7db3,LAID: Lightweight AI-Generated Image Detection in Spatial and Spectral Domains,2025,10.1109/pst65910.2025.11268874,https://openalex.org/W4416961862,Queen's University,institution:2469c3505064216c,,Nicholas Chivaran; Jianbing Ni,,1,"Department of Electrical and Computer Engineering, Queen's University, Kingston, ON, Canada",,,,,,,active,2026-06-29T20:25:16Z,2026-06-29T20:25:16Z
mapping:787aed63dafd65a04cd1,curated:6ca781a0d606a5d5db64,REVEAL: A Retrieval-Augmented Generation Approach for Contextual Identification of Synthetic Visual Content,2025,10.1145/3746265.3759667,https://openalex.org/W4414945274,Polytechnic University of Hauts-de-France,institution:1e2fe2432a089705,,Mamadou Keita; Hessen B. Eutamene; Abdelmalik Taleb-Ahmed,,1,"Laboratory of IEMN, Polytechnic University of Hauts-de-France, Valenciennes, France",,,,,,,active,2026-06-29T20:32:46Z,2026-06-29T20:32:46Z
mapping:7b72705012900093b23d,curated:6ca781a0d606a5d5db64,REVEAL: A Retrieval-Augmented Generation Approach for Contextual Identification of Synthetic Visual Content,2025,10.1145/3746265.3759667,https://openalex.org/W4414945274,Khalifa University,institution:81f79a387128ccac,,Wassim Hamidouche,,2,"Khalifa University, Abu Dhabi, UAE",,,,,,,active,2026-06-29T20:33:16Z,2026-06-29T20:33:16Z
mapping:6b77085855b2caf2c2ef,curated:6ca781a0d606a5d5db64,REVEAL: A Retrieval-Augmented Generation Approach for Contextual Identification of Synthetic Visual Content,2025,10.1145/3746265.3759667,https://openalex.org/W4414945274,Sorbonne University Abu Dhabi,institution:271362b3e1310a1c,,Abdenour Hadid,,3,"Sorbonne Center for Artificial Intelligence, Sorbonne University, Abu Dhabi, UAE",,,,,,,active,2026-06-29T20:34:15Z,2026-07-01T03:58:28Z
mapping:081954b930890b3f1327,curated:82a6421311c4d39076d9,Sanitizing Diffusion-Generated Images via Fingerprint Removal and Adversarial Perturbation for Forensic Evasion,2025,10.1109/access.2025.3597641,https://openalex.org/W4413213177,Tamkang University,institution:6d607bd40551e45f,,Meng-Luen Wu; Cheng-Pin Cheng,,1,"Department of Computer Science and Information Engineering, Tamkang University, New Taipei City 251301, Taiwan",,,,,,,excluded,2026-06-29T20:35:58Z,2026-06-29T22:05:29Z
mapping:9cbd1ac85b1fc238705e,curated:fe98b5f37967f5a51b86,Simple Detection of AI-Generated Images based on Noise Correlation,2025,10.1109/amlds63918.2025.11159445,https://openalex.org/W4414231579,University of Technology of Troyes,institution:bf0065cf4529e953,,Antoine Mallet; Arthur Méreur; Rémi Cogranne,,1,"Computer Science and Digital Society Lab, University of Technology of Troyes, Troyes, France; University of Technology of Troyes, Troyes, France",,,,,,,active,2026-06-29T20:39:47Z,2026-06-29T20:39:47Z
mapping:53d1106780c2d1a3230f,curated:fe98b5f37967f5a51b86,Simple Detection of AI-Generated Images based on Noise Correlation,2025,10.1109/amlds63918.2025.11159445,https://openalex.org/W4414231579,"Center for Data-Driven Science and AI, Tohoku University, Sendai, Japan",institution:060062d7bc15b07c,,Minoru Kuribayashi,,2,"Center for Data-Driven Science and AI, Tohoku University, Sendai, Japan",,,,,,,active,2026-06-29T20:40:27Z,2026-06-29T20:40:27Z
mapping:73f5f4bc08a766777b35,curated:fe98b5f37967f5a51b86,Simple Detection of AI-Generated Images based on Noise Correlation,2025,10.1109/amlds63918.2025.11159445,https://openalex.org/W4414231579,University of Lille,institution:c76018a960d2cd12,,Patrick Bas,,3,"UMR 9189 CRIStAL, Univ. Lille, CNRS, Centrale Lille, Lille, France",,,,,,,active,2026-06-29T20:41:01Z,2026-07-22T00:39:23Z
mapping:d89310ea5f0e690b29ba,curated:d040be3d1fb83a51311e,Stay-Positive: A Case for Ignoring Real Image Features in Fake Image Detection,2025,10.48550/arxiv.2502.07778,https://openalex.org/W4407425880,University of Wisconsin-Madison,institution:3e2e527953176c93,,Anirudh Sundara Rajan; Yong Jae Lee,,1,,,,,,,,active,2026-06-29T20:41:51Z,2026-06-29T20:41:51Z
mapping:3e0d5122cf1c497d01b4,curated:ef5f9b419eef35c5c255,Where's the liability in the Generative Era? Recovery-based Black-Box Detection of AI-Generated Content,2025,10.48550/arxiv.2505.01008,https://openalex.org/W4414769856,University of Wisconsin–Madison,institution:3e2e527953176c93,,Haoyue Bai,,1,University of Wisconsin–Madison,,,,,,,active,2026-06-29T20:43:26Z,2026-06-29T20:43:26Z
mapping:7d635bd99b2b49102ac1,curated:ef5f9b419eef35c5c255,Where's the liability in the Generative Era? Recovery-based Black-Box Detection of AI-Generated Content,2025,10.48550/arxiv.2505.01008,https://openalex.org/W4414769856,"University of California, Berkeley",institution:be74dcf5d0cb77ea,,Yiyou Sun,,2,"University of California, Berkeley",,,,,,,active,2026-06-29T20:43:55Z,2026-06-29T20:43:55Z
mapping:e6112ebcb46f36e2ef20,curated:ef5f9b419eef35c5c255,Where's the liability in the Generative Era? Recovery-based Black-Box Detection of AI-Generated Content,2025,10.48550/arxiv.2505.01008,https://openalex.org/W4414769856,NEC Laboratories America,institution:2b91b5917e5279ea,,Wei Cheng; Haifeng Chen,,3,NEC Laboratories America,,,,,,,active,2026-06-29T20:44:24Z,2026-06-29T20:44:24Z
mapping:1e4c026170af23ededc8,curated:a6f370defb21b2e07381,Your Diffusion Model is an Implicit Synthetic Image Detector,2025,10.1007/978-3-031-92648-8_25,https://openalex.org/W4403147633,École Polytechnique,institution:678fbbc18157fd45,,Xi Wang; Vicky Kalogeiton,,1,"LIX, CNRS, École Polytechnique, IP Paris, Paris, France",,,,,,,active,2026-06-29T20:46:02Z,2026-06-29T20:46:02Z
mapping:cfd9b2e40fb2d934d815,curated:a0abee05e50398d03f2f,AEROBLADE: Training-Free Detection of Latent Diffusion Images Using Autoencoder Reconstruction Error,2024,10.1109/cvpr52733.2024.00872,https://openalex.org/W4402716434,Ruhr University Bochum,institution:8f8dd64c6339c8ff,,Jonas Ricker; Denis Lukovnikov; Asja Fischer,,1,,,,,,,,active,2026-06-29T20:47:33Z,2026-06-29T20:47:33Z
mapping:b9b40660d6c086cd9466,curated:253c210194ac9348f9e6,CLIPping the Deception: Adapting Vision-Language Models for Universal Deepfake Detection,2024,10.1145/3652583.3658035,https://openalex.org/W4399418483,University of Bergen,institution:b978b6dfc7b3baa0,,Sohail Ahmed Khan; Duc-Tien Dang-Nguyen,,1,,,,,,,,active,2026-06-29T20:48:34Z,2026-06-29T20:48:34Z
mapping:7e65c1091ced1db089d8,curated:096573f365e37679c445,Contrasting Deepfakes Diffusion via Contrastive Learning and Global-Local Similarities,2024,10.1007/978-3-031-73036-8_12,https://openalex.org/W4404545428,University of Modena and Reggio Emilia,institution:117fcda9a6399108,,Federico Cocchi; Marcella Cornia; Lorenzo Baraldi; Rita Cucchiara,,1,"University of Modena and Reggio Emilia, Modena, Italy",,,,,,,active,2026-06-29T20:50:12Z,2026-06-29T20:50:12Z
mapping:3f1bfe2e63699893ef3f,curated:096573f365e37679c445,Contrasting Deepfakes Diffusion via Contrastive Learning and Global-Local Similarities,2024,10.1007/978-3-031-73036-8_12,https://openalex.org/W4404545428,University of Pisa,institution:3ec8d9fa829f5777,,Lorenzo Baraldi; Federico Cocchi,,2,"University of Pisa, Pisa, Italy",,,,,,,active,2026-06-29T20:50:33Z,2026-06-29T20:50:33Z
mapping:9f4c95817963018924fe,curated:096573f365e37679c445,Contrasting Deepfakes Diffusion via Contrastive Learning and Global-Local Similarities,2024,10.1007/978-3-031-73036-8_12,https://openalex.org/W4404545428,Leonardo S.p.A.,institution:8ca93bff11a3be9e,,Alessandro Nicolosi,,3,"Leonardo S.p.A., Rome, Italy",,,,,,,active,2026-06-29T20:50:58Z,2026-06-29T20:50:58Z
mapping:7aba3b011bb8da4e6188,curated:d740749676417c725798,D4: Detection of Adversarial Diffusion Deepfakes Using Disjoint Ensembles,2024,10.1109/wacv57701.2024.00377,https://openalex.org/W4394592995,University of Wisconsin–Madison,institution:3e2e527953176c93,,Ashish Hooda; Kassem Fawaz; Somesh Jha,,1,,,,,,,,active,2026-06-29T20:53:24Z,2026-06-29T20:53:24Z
mapping:731023df404517f7f540,curated:d740749676417c725798,D4: Detection of Adversarial Diffusion Deepfakes Using Disjoint Ensembles,2024,10.1109/wacv57701.2024.00377,https://openalex.org/W4394592995,University of Michigan,institution:89b9b3962b3327c8,,Neal Mangaokar; Ryan Feng; Atul Prakash,,2,,,,,,,,active,2026-06-29T20:53:41Z,2026-06-29T20:53:41Z
mapping:39e1c5f4447a54c62df0,curated:19c7b91816312d2877c9,Did You Note My Palette? Unveiling Synthetic Images Through Color Statistics,2024,10.1145/3658664.3659652,https://openalex.org/W4399556631,Friedrich-Alexander-Universität Erlangen-Nürnberg,institution:73bb0fe265f6e090,,Lea Uhlenbrock; Denise Moussa; Christian Rieß,,1,"Friedrich-Alexander University Erlangen-Nürnberg, Erlangen, Germany",,,,,,manually_confirmed,active,2026-06-29T20:56:44Z,2026-08-08T10:39:50Z
mapping:45e9778ff31af0a2c84c,curated:19c7b91816312d2877c9,Did You Note My Palette? Unveiling Synthetic Images Through Color Statistics,2024,10.1145/3658664.3659652,https://openalex.org/W4399556631,University of Naples Federico II,institution:d046d2c57bb3a863,,Davide Cozzolino; Luisa Verdoliva,,2,"Università degli Studi di Napoli Federico II, Naples, Italy",,,,,,,active,2026-06-29T20:57:25Z,2026-06-29T20:57:25Z
mapping:855eb69331e5d5ba100b,curated:87ef976b546206fde199,"DistilDIRE: A Small, Fast, Cheap and Lightweight Diffusion Synthesized Deepfake Detection",2024,10.48550/arxiv.2406.00856,https://openalex.org/W4399399328,"Yonsei University, Sinchon Campus",institution:42992b97b8e05dd4,,Yewon Lim; Changyeon Lee,,1,"Department of Computer Science and Engineering, Yonsei University, Seoul, Republic of Korea",,,,,,,active,2026-06-29T21:00:59Z,2026-06-29T21:00:59Z
mapping:124455beaf0fbdac0e07,curated:87ef976b546206fde199,"DistilDIRE: A Small, Fast, Cheap and Lightweight Diffusion Synthesized Deepfake Detection",2024,10.48550/arxiv.2406.00856,https://openalex.org/W4399399328,Purdue University,institution:90b589325857dff0,,Yewon Lim; Changyeon Lee,,2,"Computer and Information Technology, Purdue University, West Lafayette, IN, United States",,,,,,,active,2026-06-29T21:01:30Z,2026-06-29T21:01:30Z
mapping:f88d9b9e08a4c4013c79,curated:87ef976b546206fde199,"DistilDIRE: A Small, Fast, Cheap and Lightweight Diffusion Synthesized Deepfake Detection",2024,10.48550/arxiv.2406.00856,https://openalex.org/W4399399328,Miraflow,institution:a1b609b0fc5c2e23,,Yewon Lim; Changyeon Lee; Aerin Kim,,3,"Miraflow, Kirkland, WA, United States",,,,,,,active,2026-06-29T21:01:59Z,2026-06-29T21:01:59Z
mapping:03a2b8e6e1145307f9d0,curated:87ef976b546206fde199,"DistilDIRE: A Small, Fast, Cheap and Lightweight Diffusion Synthesized Deepfake Detection",2024,10.48550/arxiv.2406.00856,https://openalex.org/W4399399328,TrueMedia,institution:4bff7ae080547794,,Aerin Kim; Oren Etzioni,,4,"TrueMedia.org, Seattle, WA, United States",,,,,,,active,2026-06-29T21:02:30Z,2026-08-30T21:08:46Z
mapping:c904ac3984d8d031b10f,curated:1eef07ebb6bd7e596f61,FakeInversion: Learning to Detect Images from Unseen Text-to-Image Models by Inverting Stable Diffusion,2024,10.1109/cvpr52733.2024.01023,https://openalex.org/W4402726899,Massachusetts Institute of Technology,institution:366058c27e343874,,George Cazenavette,,1,Massachusetts Institute of Technology,,,,,,,active,2026-06-29T21:06:37Z,2026-06-29T21:06:37Z
mapping:8747af9bd85d317390cb,curated:1eef07ebb6bd7e596f61,FakeInversion: Learning to Detect Images from Unseen Text-to-Image Models by Inverting Stable Diffusion,2024,10.1109/cvpr52733.2024.01023,https://openalex.org/W4402726899,Google Research,institution:35e36dc1a5213fa3,,Avneesh Sud; Thomas Leung; Ben Usman,,2,Google Research,,,,,,,active,2026-06-29T21:07:01Z,2026-06-29T21:07:01Z
mapping:60d97730a9ea38878965,curated:25c76f83f95efc6207a4,Faster Than Lies: Real-time Deepfake Detection using Binary Neural Networks,2024,10.1109/cvprw63382.2024.00381,https://openalex.org/W4402916679,Sapienza University of Rome,institution:977430a4473aa4b0,,Romeo Lanzino; Federico Fontana; Anxhelo Diko; Marco Raoul Marini; Luigi Cinque,,1,"Department of Computer Science, Sapienza University of Rome, Via Salaria 113, 00198 Rome, Italy",,,,,,,active,2026-06-29T21:08:49Z,2026-06-29T21:08:49Z
mapping:fb2466ad12541d376579,curated:ce200a9a7aa3dee36fc7,FIDAVL: Fake Image Detection and Attribution Using Vision-Language Model,2024,10.1007/978-3-031-78305-0_11,https://openalex.org/W4404943083,Polytechnic University of Hauts-de-France,institution:1e2fe2432a089705,,Mamadou Keita; Hessen Bougueffa Eutamene; Abdelmalik Taleb-Ahmed,,1,"Laboratory of IEMN, Univ. Polytechnique Hauts-de-France, Valenciennes, France",,,,,,,active,2026-06-29T21:11:05Z,2026-06-29T21:11:05Z
mapping:1235057b0615e536ee23,curated:ce200a9a7aa3dee36fc7,FIDAVL: Fake Image Detection and Attribution Using Vision-Language Model,2024,10.1007/978-3-031-78305-0_11,https://openalex.org/W4404943083,University of Rennes,institution:6c246ba350e11d5f,,Wassim Hamidouche,,2,"Univ. Rennes, INSA Rennes, CNRS, IETR - UMR 6164, Rennes, France",,,,,,,active,2026-06-29T21:11:34Z,2026-07-22T00:39:23Z
mapping:170d0c521bf80696d9ea,curated:ce200a9a7aa3dee36fc7,FIDAVL: Fake Image Detection and Attribution Using Vision-Language Model,2024,10.1007/978-3-031-78305-0_11,https://openalex.org/W4404943083,Sorbonne University Abu Dhabi,institution:271362b3e1310a1c,,Abdenour Hadid,,3,"Sorbonne Center for Artificial Intelligence, Sorbonne University Abu Dhabi, Abu Dhabi, UAE",,,,,,,active,2026-06-29T21:11:57Z,2026-07-01T03:57:26Z
mapping:9462d205eb6c763daa0d,curated:c9485f4d5346304272f2,Frequency Masking for Universal Deepfake Detection,2024,10.1109/icassp48485.2024.10446290,https://openalex.org/W4392904043,Singapore University of Technology and Design,institution:6dd3ce9e0d5fd1ab,,Chandler Timm Doloriel; Ngai-Man Cheung,,1,,,,,,,,active,2026-06-29T21:21:02Z,2026-06-29T21:21:02Z
mapping:cf1ea12e612ea7e06557,curated:f7cba2387b8a4131cc7b,Frequency-Aware Deepfake Detection: Improving Generalizability through Frequency Space Domain Learning,2024,10.1609/aaai.v38i5.28310,https://openalex.org/W4393154086,Beijing Jiaotong University,institution:bf6195b78f6dc951,,Chuangchuang Tan; Yao Zhao; Shikui Wei; Yunchao Wei,,1,"Institute of Information Science, Beijing Jiaotong University, China; Beijing Key Laboratory of Advanced Information Science and Network Technology",,,,,,,active,2026-06-29T21:22:20Z,2026-06-29T21:22:20Z
mapping:7c35ed6e5a365d36b059,curated:f7cba2387b8a4131cc7b,Frequency-Aware Deepfake Detection: Improving Generalizability through Frequency Space Domain Learning,2024,10.1609/aaai.v38i5.28310,https://openalex.org/W4393154086,Yanshan University,institution:c5810afc25d178a5,,Guanghua Gu,,2,"School of Information Science and Engineering, Yanshan University, China; Hebei Key Laboratory of Information Transmission and Signal Processing",,,,,,,active,2026-06-29T21:22:43Z,2026-06-29T21:22:43Z
mapping:77d2e9c4a9e138d170ca,curated:f7cba2387b8a4131cc7b,Frequency-Aware Deepfake Detection: Improving Generalizability through Frequency Space Domain Learning,2024,10.1609/aaai.v38i5.28310,https://openalex.org/W4393154086,"Agency for Science, Technology and Research",institution:e81a0314e783d8a4,,Ping Liu,,3,"Center for Frontier AI Research, Institute of High Performance Computing (IHPC), A*STAR, Singapore",,,,,,,active,2026-06-29T21:23:23Z,2026-08-24T16:41:48Z
mapping:f9b6e4056969839d6594,curated:b65aca5f04f1f41ad725,How to Trace Latent Generative Model Generated Images without Artificial Watermark?,2024,10.48550/arxiv.2405.13360,https://openalex.org/W4398795245,Rutgers University,institution:33a58a66974db112,,Zhenting Wang; Dimitris N. Metaxas,,1,Rutgers University,,,,,,,active,2026-06-29T21:25:10Z,2026-06-29T21:25:10Z
mapping:fe9cf3377aafb37400d2,curated:b65aca5f04f1f41ad725,How to Trace Latent Generative Model Generated Images without Artificial Watermark?,2024,10.48550/arxiv.2405.13360,https://openalex.org/W4398795245,Sony AI,institution:cf2639c8e56f6453,location:d99adc768886c63d2401,Vikash Sehwag; Chen Chen; Lingjuan Lyu,,2,Sony Ai,,San Mateo,United States,,,,active,2026-06-29T21:25:35Z,2026-08-08T10:39:50Z
mapping:4cd809dd4913fd558a6e,curated:b65aca5f04f1f41ad725,How to Trace Latent Generative Model Generated Images without Artificial Watermark?,2024,10.48550/arxiv.2405.13360,https://openalex.org/W4398795245,University of Massachusetts Amherst,institution:304707b21fcfbd4d,,Shiqing Ma,,3,University of Massachusetts at Amherst,,,,,,,active,2026-06-29T21:26:12Z,2026-06-29T21:26:12Z
mapping:3518bfe7c1e8199080fa,curated:34fdf09ae334914a2723,ManiFPT: Defining and Analyzing Fingerprints of Generative Models,2024,10.1109/cvpr52733.2024.01026,https://openalex.org/W4402702998,University of Southern California,institution:6432056cdf12bb16,,Hae Jin Song; Mahyar Khayatkhoei,,1,University of Southern California,,,,,,,active,2026-06-29T21:28:44Z,2026-06-29T21:28:44Z
mapping:3872e222c499f932d4f3,curated:34fdf09ae334914a2723,ManiFPT: Defining and Analyzing Fingerprints of Generative Models,2024,10.1109/cvpr52733.2024.01026,https://openalex.org/W4402702998,USC Information Sciences Institute,institution:c3babd97b5b38ea6,,Hae Jin Song; Mahyar Khayatkhoei,,2,,,,,,,,active,2026-06-29T21:29:08Z,2026-06-29T21:29:08Z
mapping:4487e16e4ddda3c83318,curated:34fdf09ae334914a2723,ManiFPT: Defining and Analyzing Fingerprints of Generative Models,2024,10.1109/cvpr52733.2024.01026,https://openalex.org/W4402702998,Clemson University,institution:fa6adc95226df542,,Wael AbdAlmageed,,3,,,,,,,,active,2026-06-29T21:29:28Z,2026-06-29T21:29:28Z
mapping:5501406fa8ddf10f530f,curated:f523af1f7fe7b16fda75,MaskSim: Detection of synthetic images by masked spectrum similarity analysis,2024,10.1109/cvprw63382.2024.00390,https://openalex.org/W4402916521,Paris-Saclay University,institution:0c5e25ec47ce33fe,,Yanhao Li; Quentin Bammey; Tina Nikoukhah; Miguel Colom; Rafael Grompone von Gioi,,1,"Université Paris-Saclay, ENS Paris-Saclay, CNRS, Centre Borelli, Gif-sur-Yvette, 91190 France",,,,,,,active,2026-06-29T21:32:05Z,2026-07-22T00:39:23Z
mapping:b8edffece3c03a00d394,curated:f523af1f7fe7b16fda75,MaskSim: Detection of synthetic images by masked spectrum similarity analysis,2024,10.1109/cvprw63382.2024.00390,https://openalex.org/W4402916521,Institute for Pure and Applied Mathematics (IMPA),institution:0aed8b5908ebcd25,,Marina Gardella,,2,"Instituto de Matemática Pura e Aplicada, Rio de Janeiro, Brazil (IMPA)",,,,,,,active,2026-06-29T21:32:31Z,2026-07-22T00:39:23Z
mapping:b443adf5518c1b6477f8,curated:f523af1f7fe7b16fda75,MaskSim: Detection of synthetic images by masked spectrum similarity analysis,2024,10.1109/cvprw63382.2024.00390,https://openalex.org/W4402916521,City University of Hong Kong,institution:ec71dc4340659fd9,,Jean-Michel Morel,,3,"City University of Hong Kong, Department of Mathematics, Kowloon, Hong Kong",,,,,,,active,2026-06-29T21:32:57Z,2026-06-29T21:32:57Z
mapping:1e6c5f6603baf2853073,curated:8603d8942c241dd876ed,On the Exploitation of DCT-Traces in the Generative-AI Domain,2024,10.1109/icip51287.2024.10648013,https://openalex.org/W4402915445,University of Catania,institution:fd8ba2b56bf5212d,,Orazio Pontorno; Luca Guarnera; Sebastiano Battiato,,1,,,,,,,,active,2026-06-29T21:34:14Z,2026-06-29T21:34:14Z
mapping:9d901bfed4e78dedd3b5,curated:0b2081f70faaf81278dc,Organic or Diffused: Can We Distinguish Human Art from AI-generated Images?,2024,10.1145/3658644.3670306,https://openalex.org/W4405181141,University of Chicago,institution:7d7f56dced000a09,,Anna Yoo Jeong Ha; Josephine Passananti; Ronik Bhaskar; Shawn Shan; Haitao Zheng; Ben Y. Zhao,,1,"University of Chicago, Chicago, IL, USA",,,,,,,active,2026-06-29T21:35:51Z,2026-06-29T21:35:51Z
mapping:5ce275d62264311d7971,curated:1f9d168cc6c4c445a231,Orthogonal Subspace Decomposition for Generalizable AI-Generated Image Detection,2024,10.48550/arxiv.2411.15633,https://openalex.org/W4404986693,Peking University Shenzhen Graduate School,institution:6346b1a9c3b5ccd7,,Zhiyuan Yan; Peng Jin; Chengchun Liu; Li Yuan,,1,Peking University Shenzhen Graduate School,,,,,,,active,2026-06-29T21:38:29Z,2026-06-29T21:38:29Z
mapping:534a2e8014547d4a8eab,curated:1f9d168cc6c4c445a231,Orthogonal Subspace Decomposition for Generalizable AI-Generated Image Detection,2024,10.48550/arxiv.2411.15633,https://openalex.org/W4404986693,Tencent Youtu Lab,institution:3e78e883c14f8bb8,,Zhiyuan Yan; Jiangming Wang; Ke-Yue Zhang; Shen Chen; Taiping Yao; Shouhong Ding,,2,,,,,,,,active,2026-06-29T21:38:55Z,2026-06-29T21:38:55Z
mapping:876eaa74ea0010133ba2,curated:1f9d168cc6c4c445a231,Orthogonal Subspace Decomposition for Generalizable AI-Generated Image Detection,2024,10.48550/arxiv.2411.15633,https://openalex.org/W4404986693,"The Chinese University of Hong Kong, Shenzhen",institution:5dbb9ac6a407e079,,Baoyuan Wu,,3,,,,,,,,active,2026-06-29T21:39:12Z,2026-06-29T21:39:12Z
mapping:f0371b34ab032286200d,curated:b286f4a33839eed35258,Shadows Don't Lie and Lines Can't Bend! Generative Models Don't know Projective Geometry…for Now,2024,10.1109/cvpr52733.2024.02658,https://openalex.org/W4402754249,University of Illinois Urbana-Champaign,institution:bf3ddd5552577ff0,,Ayush Sarkar; Hanlin Mai; Amitabh Mahapatra; Svetlana Lazebnik; David Forsyth,,1,,,,,,,,active,2026-06-29T21:42:18Z,2026-06-29T21:42:18Z
mapping:4ca6afd7962e90523eeb,curated:b286f4a33839eed35258,Shadows Don't Lie and Lines Can't Bend! Generative Models Don't know Projective Geometry…for Now,2024,10.1109/cvpr52733.2024.02658,https://openalex.org/W4402754249,Toyota Technological Institute at Chicago,institution:386b7a411f4a3220,,Anand Bhattad,,2,,,,,,,,active,2026-06-29T21:42:38Z,2026-06-29T21:42:38Z
mapping:e2b3eab72b06c52ba664,curated:b7664c48f91262cfe091,StealthDiffusion: Towards Evading Diffusion Forensic Detection through Diffusion Model,2024,10.1145/3664647.3681535,https://openalex.org/W4403780693,Xiamen University,institution:929ddef9540ec1e7,,Ziyin Zhou; Ke Sun; Zhongxi Chen; Huafeng Kuang; Xiaoshuai Sun; Rongrong Ji,,1,"Key Laboratory of Multimedia Trusted Perception and Efficient Computing, Ministry of Education of China, Xiamen University, Xiamen, Fujian, China",,,,,,,active,2026-06-29T21:44:29Z,2026-06-29T21:44:29Z
mapping:1785c762c93d9d0d8598,curated:e058b4e851ac44180d82,Tiny Autoencoders are Effective Few-Shot Generative Model Detectors,2024,10.1109/wifs61860.2024.10810686,https://openalex.org/W4405846636,University of Florence,institution:42fcf4ae44e1a706,,Luca Bindini; Giulia Bertazzini; Daniele Baracchi; Dasara Shullani; Paolo Frasconi; Alessandro Piva,,1,"Department of Information Engineering, University of Florence, Italy",,,,,,,active,2026-06-29T21:45:58Z,2026-06-29T21:46:12Z
mapping:872b8417a3815dc7111e,curated:b1977dc0fcca329719f0,Towards the Detection of Diffusion Model Deepfakes,2024,10.5220/0012422000003660,https://openalex.org/W4392402304,Ruhr University Bochum,institution:8f8dd64c6339c8ff,,Jonas Ricker; Simon Damm; Asja Fischer,,1,"Ruhr University Bochum, Bochum, Germany",,,,,,,active,2026-06-29T21:48:17Z,2026-06-29T21:48:17Z
mapping:0320caba75283fa47434,curated:b1977dc0fcca329719f0,Towards the Detection of Diffusion Model Deepfakes,2024,10.5220/0012422000003660,https://openalex.org/W4392402304,CISPA Helmholtz Center for Information Security,institution:aea376936c88135b,,Thorsten Holz,,2,"CISPA Helmholtz Center for Information Security, Saarbrücken, Germany",,,,,,,active,2026-06-29T21:48:39Z,2026-06-29T21:48:39Z
mapping:eecdfc979510cb3f7092,curated:98c0322e2f8dd41d3e9e,Which Model Generated This Image? A Model-Agnostic Approach for Origin Attribution,2024,10.1007/978-3-031-73033-7_16,https://openalex.org/W4403906547,University of Oxford,institution:87d9a45b3389372f,,Fengyuan Liu; Haochen Luo; Philip Torr; Jindong Gu,,1,"University of Oxford, Oxford OX1 3PJ, United Kingdom",,,,,,,active,2026-06-29T21:50:03Z,2026-06-29T21:50:03Z
mapping:0a5edd2bde1fa041ee93,curated:98c0322e2f8dd41d3e9e,Which Model Generated This Image? A Model-Agnostic Approach for Origin Attribution,2024,10.1007/978-3-031-73033-7_16,https://openalex.org/W4403906547,Nanyang Technological University,institution:c111feb812f1a7ed,,Yiming Li,,2,"Nanyang Technological University, Singapore 639798, Singapore",,,,,,,active,2026-06-29T21:50:26Z,2026-06-29T21:50:26Z
mapping:a979f73eb18e26e7418f,curated:a87d86d7032f5a751004,ZeroFake: Zero-Shot Detection of Fake Images Generated and Edited by Text-to-Image Generation Models,2024,10.1145/3658644.3690297,https://openalex.org/W4405183175,CISPA Helmholtz Center for Information Security,institution:aea376936c88135b,,Zeyang Sha; Yicong Tan; Mingjie Li; Michael Backes; Yang Zhang,,1,"CISPA Helmholtz Center for Information Security, Saarbrücken, Germany",,,,,,,active,2026-06-29T21:54:41Z,2026-06-29T21:54:41Z
mapping:caba06a4ef922b9a886c,openalex:W4367554082,DeepFake Detection Improvement for Images Based on a Proposed Method for Local Binary Pattern of the Multiple-Channel Color Space,2023,10.22266/ijies2023.0630.07,https://openalex.org/W4367554082,Informatics Institute for Postgraduate Studies,institution:04b81a56c7eb1a69,,Mohammed Thajeel Abdullah,,1,"Informatics Institute for Postgraduate Studies, Iraqi Commission for Computer and Informatics, Baghdad, Iraq",,,,,,,active,2026-06-29T21:56:14Z,2026-06-29T21:56:14Z
mapping:9637b1898b6276ccd446,openalex:W4367554082,DeepFake Detection Improvement for Images Based on a Proposed Method for Local Binary Pattern of the Multiple-Channel Color Space,2023,10.22266/ijies2023.0630.07,https://openalex.org/W4367554082,University of Baghdad,institution:f87d6ace800645a7,,Nada Hussein M. Ali,,2,"Department of Computer Science, University of Baghdad, Baghdad, Iraq",,,,,,,active,2026-06-29T21:56:43Z,2026-06-29T21:56:43Z
mapping:b589a7ca8f399c04d9e6,curated:62b0a9ae8be24d9f02e0,Single-Model Attribution of Generative Models Through Final-Layer Inversion,2023,10.48550/arxiv.2306.06210,https://openalex.org/W4380551225,Ruhr University Bochum,institution:8f8dd64c6339c8ff,,Mike Laszkiewicz; Jonas Ricker; Asja Fischer,,1,,,,,,,,active,2026-06-29T21:57:47Z,2026-06-29T21:57:47Z
mapping:0d6f2949bff07b1260b7,curated:62b0a9ae8be24d9f02e0,Single-Model Attribution of Generative Models Through Final-Layer Inversion,2023,10.48550/arxiv.2306.06210,https://openalex.org/W4380551225,University of Hamburg,institution:5a73fc9b412db6f4,,Johannes Lederer,,2,,,,,,,,active,2026-06-29T21:58:16Z,2026-06-29T21:58:16Z
mapping:a9f195d58dcbf2344d9f,curated:853c7e2ae5f343438dd5,Did You Use My GAN to Generate Fake? Post-hoc Attribution of GAN Generated Images via Latent Recovery,2022,10.1109/ijcnn55064.2022.9892704,https://openalex.org/W4312387978,University of Tsukuba,institution:fb6e9411e701578c,,Syou Hirofumi; Kazuto Fukuchi; Youhei Akimoto; Jun Sakuma,,1,"Department of Computer Science / Faculty of Engineering, Information and Systems, University of Tsukuba, Tsukuba, Japan",,,,,,,active,2026-06-29T21:59:41Z,2026-07-02T12:28:17Z
mapping:7681dae0d71c2935587c,curated:853c7e2ae5f343438dd5,Did You Use My GAN to Generate Fake? Post-hoc Attribution of GAN Generated Images via Latent Recovery,2022,10.1109/ijcnn55064.2022.9892704,https://openalex.org/W4312387978,RIKEN Center for Advanced Intelligence Project,institution:ccbfeb66fb71797e,,Jun Sakuma,,2,"Faculty of Engineering, Information and Systems, University of Tsukuba / RIKEN AIP, Tsukuba, Japan",,,,,,,active,2026-06-29T22:00:09Z,2026-06-29T22:00:09Z
mapping:0fe9617de122773e1c25,curated:07ee620b8169b67b900f,Does a GAN leave distinct model-specific fingerprints?,2021,10.5244/c.35.53,https://openalex.org/W4411245244,Arizona State University,institution:ac7aeed6b85a0a40,,Yuzhen Ding; Nupur Thakur; Baoxin Li,,1,"Ira A. Fulton Schools of Engineering, Arizona State University, 699 S Mill Ave, Tempe, AZ 85281",,,,,,,active,2026-06-29T22:01:20Z,2026-06-29T22:01:20Z
mapping:5958624e4e80750d8bef,curated:af47c4b83dfd43175a4a,Attributing and Detecting Fake Images Generated by Known GANs,2020,10.1109/spw50608.2020.00019,https://openalex.org/W3117441857,University of Texas at Dallas,institution:a55a77635edc8711,,Matthew Joslin; Shuang Hao,,1,,,,,,,,active,2026-06-29T22:03:25Z,2026-06-29T22:03:25Z
mapping:bd612da7e8a66cf8332d,openalex:W4414979736,$\bf{D^3}$QE: Learning Discrete Distribution Discrepancy-aware Quantization Error for Autoregressive-Generated Image Detection,2025,https://doi.org/10.48550/arxiv.2510.05891,https://openalex.org/W4414979736,Tsinghua University,institution:4ae45b121fe12e9c,,Yannan Zhang; Bingyao Yu; Yu Zheng; Wenzhao Zheng; Yueqi Duan; Lei Chen; Jie Zhou; Jiwen Lu,,1,"Department of Automation, Tsinghua University, China; Department of Electronic Engineering, Tsinghua University, China",,,,,,,active,2026-06-30T13:48:08Z,2026-06-30T13:49:23Z
mapping:99c91f12584e68190a2a,openalex:W4414979736,$\bf{D^3}$QE: Learning Discrete Distribution Discrepancy-aware Quantization Error for Autoregressive-Generated Image Detection,2025,https://doi.org/10.48550/arxiv.2510.05891,https://openalex.org/W4414979736,Tsinghua University,institution:4ae45b121fe12e9c,,Yueqi Duan,,1,"Department of Electronic Engineering, Tsinghua University, China",,,,,,,excluded,2026-06-30T13:48:34Z,2026-06-30T13:49:01Z
mapping:fcb5a24564e3c8d5aaae,curated:82a6421311c4d39076d9,Sanitizing Diffusion-Generated Images via Fingerprint Removal and Adversarial Perturbation for Forensic Evasion,2025,10.1109/access.2025.3597641,https://openalex.org/W4413213177,Tamkang University,institution:6d607bd40551e45f,,Meng-Luen Wu; Cheng-Pin Cheng,,1,"Department of Computer Science and Information Engineering, Tamkang University, New Taipei City 251301, Taiwan",,,,,,,active,2026-06-30T13:57:44Z,2026-06-30T13:57:44Z
mapping:741b65f145c1af759479,curated:35aae1e2c9d673ab1a97,Source Attribution of AI-Generated Images: a Principled Survey,2026,10.5281/zenodo.20814592,https://openalex.org/W7165659096,Fudan University,institution:baa1df7c4adddbda,,Meiling Li; Zhenxing Qian; Xinpeng Zhang,,1,"College of Computer Science and Artificial Intelligence, Fudan University, Songhu Road 2005, Shanghai, 200438, China.",,,,,,,active,2026-06-30T15:16:24Z,2026-06-30T15:16:24Z
mapping:e8c28a522b523fbce1d6,curated:35aae1e2c9d673ab1a97,Source Attribution of AI-Generated Images: a Principled Survey,2026,10.5281/zenodo.20814592,https://openalex.org/W7165659096,University of Siena,institution:65dbfd1e022f02e2,,Benedetta Tondi; Pietro Bongini; Mauro Barni,,2,"Department of Information Engineering and Mathematics, University of Siena, Via Roma 56, Siena, 53100, Italy.",,,,,,,active,2026-06-30T15:17:26Z,2026-06-30T15:17:26Z
mapping:344baa593244c92aca85,curated:ee47e898ad64ec14b709,Training-free Source Attribution of AI-generated Images via Resynthesis,2025,10.1109/wifs66636.2025.00028,https://openalex.org/W7148430317,University of Siena,institution:65dbfd1e022f02e2,,Pietro Bongini; Valentina Molinari; Andrea Costanzo; Benedetta Tondi; Mauro Barni,,1,"University of Siena, Department of Information Engineering and Mathematics, Italy",,,,,,,active,2026-06-30T15:29:11Z,2026-06-30T15:29:11Z
mapping:d0c529dffed7f4d4eaa1,curated:ee47e898ad64ec14b709,Training-free Source Attribution of AI-generated Images via Resynthesis,2025,10.1109/wifs66636.2025.00028,https://openalex.org/W7148430317,IMT School for Advanced Studies Lucca,institution:9958d7ee1cfec4aa,,Valentina Molinari,,2,"IMT School, Lucca, Italy",,,,,,,active,2026-06-30T15:29:52Z,2026-06-30T15:29:52Z
mapping:5f59ed9881d881a5168a,curated:e256ad6b672c3cf433ba,Bridging the Gap Between Ideal and Real-World Evaluation: Benchmarking AI-Generated Image Detection in Challenging Scenarios,2025,10.1109/iccv51701.2025.01895,https://openalex.org/W4417071442,Beijing Normal University,institution:924e1e0e9723b423,,Chunxiao Li; Boming Miao,,1,"Beijing Normal University, Beijing, China",,,,,,,active,2026-06-30T19:37:33Z,2026-06-30T19:37:33Z
mapping:1184be4809269e9f25e3,curated:e256ad6b672c3cf433ba,Bridging the Gap Between Ideal and Real-World Evaluation: Benchmarking AI-Generated Image Detection in Challenging Scenarios,2025,10.1109/iccv51701.2025.01895,https://openalex.org/W4417071442,University of Chinese Academy of Sciences,institution:69309405e04976ec,,Xiaoxiao Wang,,2,"University of Chinese Academy of Sciences, Beijing, China",,,,,,,active,2026-06-30T19:37:58Z,2026-06-30T19:37:58Z
mapping:741622c4ba72f8715918,curated:e256ad6b672c3cf433ba,Bridging the Gap Between Ideal and Real-World Evaluation: Benchmarking AI-Generated Image Detection in Challenging Scenarios,2025,10.1109/iccv51701.2025.01895,https://openalex.org/W4417071442,Fudan University,institution:baa1df7c4adddbda,,Meiling Li,,3,"Fudan University, Shanghai, China",,,,,,,active,2026-06-30T19:38:19Z,2026-06-30T19:38:19Z
mapping:2a07fe0bece072bc56e7,curated:e256ad6b672c3cf433ba,Bridging the Gap Between Ideal and Real-World Evaluation: Benchmarking AI-Generated Image Detection in Challenging Scenarios,2025,10.1109/iccv51701.2025.01895,https://openalex.org/W4417071442,Central University of Finance and Economics,institution:15e8da2735014d49,,Peng Sun,,4,"Central University of Finance and Economics, Beijing, China",,,,,,,active,2026-06-30T19:38:41Z,2026-06-30T19:38:41Z
mapping:8b0f5e6db66108758731,curated:e256ad6b672c3cf433ba,Bridging the Gap Between Ideal and Real-World Evaluation: Benchmarking AI-Generated Image Detection in Challenging Scenarios,2025,10.1109/iccv51701.2025.01895,https://openalex.org/W4417071442,Tsinghua University,institution:4ae45b121fe12e9c,,Yunjian Zhang; Xiangyang Ji; Yao Zhu,,5,"Tsinghua University, Beijing, China",,,,,,,active,2026-06-30T19:39:06Z,2026-06-30T19:39:06Z
mapping:8fbe456f9a3bffda221e,openalex:W4400716502,"A Survey of Defenses Against AI-Generated Visual Media: Detection,Disruption, and Authentication",2024,10.48550/arxiv.2407.10575,https://openalex.org/W4400716502,Xi'an Jiaotong University,institution:afc29be68ac419be,,Jingyi Deng; Chenhao Lin; Zhengyu Zhao; Shuai Liu; Chao Shen,,1,"School of Cyber Science and Engineering, Xi’an Jiaotong University, Xi’an, China; Research Center of Frontier Science and Technology, Xi’an Jiaotong University, Xi’an, China; School of Software Engineering, Xi’an Jiaotong University, Xi’an, China",,,,,,,active,2026-06-30T20:01:25Z,2026-06-30T20:04:15Z
mapping:92d3f5c984f212a665cb,openalex:W4400716502,"A Survey of Defenses Against AI-Generated Visual Media: Detection,Disruption, and Authentication",2024,10.48550/arxiv.2407.10575,https://openalex.org/W4400716502,The Hong Kong Polytechnic University,institution:31f980eaa403801a,,Zhe Peng,,2,"Department of Industrial and Systems Engineering, The Hong Kong Polytechnic University, Hong Kong, Hong Kong",,,,,,,active,2026-06-30T20:04:40Z,2026-06-30T20:04:40Z
mapping:2d52ecb91d95e467eca5,openalex:W4400716502,"A Survey of Defenses Against AI-Generated Visual Media: Detection,Disruption, and Authentication",2024,10.48550/arxiv.2407.10575,https://openalex.org/W4400716502,Wuhan University,institution:f23b95ce92de4591,,Qian Wang,,3,"School of Cyber Science and Engineering, Wuhan University, Wuhan, China",,,,,,,active,2026-06-30T20:05:02Z,2026-06-30T20:05:02Z
mapping:e0952a0f53ca608659ea,openalex:W7155245437,Adaptive Forensic Feature Refinement via Intrinsic Importance Perception,2026,,https://openalex.org/W7155245437,Zhejiang University,institution:e433baf78e80004b,,Jiazhen Yang; Kejia Chen; Zunlei Feng; Bingde Hu; Yang Gao,,1,"Zhejiang University, Hangzhou, China",,,,,,,active,2026-06-30T20:07:01Z,2026-06-30T20:07:01Z
mapping:500b21a30c88b9c79858,openalex:W7155245437,Adaptive Forensic Feature Refinement via Intrinsic Importance Perception,2026,,https://openalex.org/W7155245437,Alibaba Group,institution:73f449eb6a3c05d3,location:73f449eb6a3c05d327e2,Junjun Zheng; Xiangheng Kong,,2,"Alibaba Inc, Hangzhou, China",,Hangzhou,China,30.1918037,120.185449,,active,2026-06-30T20:07:24Z,2026-08-30T21:08:46Z
mapping:55513f5c5733c8ae36d5,openalex:W7155245437,Adaptive Forensic Feature Refinement via Intrinsic Importance Perception,2026,,https://openalex.org/W7155245437,Zhejiang University of Technology,institution:9b91aedca1273b56,,Jie Lei,,3,"Zhejiang University of Technology, Hangzhou, China",,,,,,,active,2026-06-30T20:07:46Z,2026-06-30T20:07:46Z
mapping:40860326d87c16fb3561,openalex:W7117078863,AdaptPrompt: Parameter-Efficient Adaptation of VLMs for Generalizable Deepfake Detection,2025,,https://openalex.org/W7117078863,University of Waterloo,institution:7417258b2e3d3491,,Yichen Jiang; Fakhri Karray,,1,"University of Waterloo, Canada",,,,,,,active,2026-06-30T20:09:10Z,2026-06-30T20:09:10Z
mapping:37226513ee9bb670e2a9,openalex:W7117078863,AdaptPrompt: Parameter-Efficient Adaptation of VLMs for Generalizable Deepfake Detection,2025,,https://openalex.org/W7117078863,Mohamed bin Zayed University of Artificial Intelligence,institution:f04b96a9716ab2f4,,Mohammed Talha Alam,,2,"MBZUAI, UAE",,,,,,,active,2026-06-30T20:09:35Z,2026-06-30T20:09:35Z
mapping:22c065daf87d60a091d8,openalex:W7117078863,AdaptPrompt: Parameter-Efficient Adaptation of VLMs for Generalizable Deepfake Detection,2025,,https://openalex.org/W7117078863,University of Bergen,institution:b978b6dfc7b3baa0,,Sohail Ahmed Khan; Duc-Tien Dang-Nguyen,,3,"University of Bergen, Norway",,,,,,,active,2026-06-30T20:09:55Z,2026-06-30T20:09:55Z
mapping:bfdbca6cff5fa5026710,openalex:W4387994353,AntifakePrompt: Prompt-Tuned Vision-Language Models are Fake Image Detectors,2023,10.48550/arxiv.2310.17419,https://openalex.org/W4387994353,National Yang Ming Chiao Tung University,institution:b99e56fd55395250,,Chen Yeh; You-Ming Chang; Wei-Chen Chiu,,1,,,,,,,,active,2026-06-30T20:11:22Z,2026-06-30T20:11:22Z
mapping:862821d11372170ae851,openalex:W4387994353,AntifakePrompt: Prompt-Tuned Vision-Language Models are Fake Image Detectors,2023,10.48550/arxiv.2310.17419,https://openalex.org/W4387994353,Netflix Eyeline Studios,institution:fbc0802be3266f6f,,Ning Yu,,2,,,,,,,,active,2026-06-30T20:11:39Z,2026-06-30T20:11:39Z
mapping:21c7cd6ee821d386f58f,curated:074bb9a77ee85d50090c,Aperture: a patch-aware framework for joint forgery detection and localization,2025,10.1007/s44336-025-00027-8,https://openalex.org/W4417449415,"Institute of Artificial Intelligence (TeleAI), China Telecom",institution:a1ff6f7123083db9,,Anwen Yang; Jian Zhao; Yuchen Yuan; Tianle Zhang; Lei Jin; Chi Zhang,,1,"Institute of Artificial Intelligence (TeleAI), China Telecom, Beijing, China",,,,,,,active,2026-06-30T20:13:54Z,2026-06-30T20:13:54Z
mapping:bbc18a6603065b5f35e8,curated:074bb9a77ee85d50090c,Aperture: a patch-aware framework for joint forgery detection and localization,2025,10.1007/s44336-025-00027-8,https://openalex.org/W4417449415,Beijing University of Posts and Telecommunications,institution:1502cb7c96ae3095,,Anwen Yang; Jiaming Chu; Zhaofeng He,,2,"Beijing University of Posts and Telecommunications, Beijing, China",,,,,,,active,2026-06-30T20:14:19Z,2026-06-30T20:14:19Z
mapping:742ed759379967921d89,curated:074bb9a77ee85d50090c,Aperture: a patch-aware framework for joint forgery detection and localization,2025,10.1007/s44336-025-00027-8,https://openalex.org/W4417449415,Northwestern Polytechnical University,institution:bc1d8b5fba4bc5ff,,Jian Zhao,,3,"Northwestern Polytechnical University, Shaanxi, China",,,,,,,active,2026-06-30T20:14:39Z,2026-06-30T20:14:39Z
mapping:7b8b6ea6860de449bc2f,curated:074bb9a77ee85d50090c,Aperture: a patch-aware framework for joint forgery detection and localization,2025,10.1007/s44336-025-00027-8,https://openalex.org/W4417449415,Southeast University,institution:592f613084a7ca9d,,Yuchu Jiang; Xu Yang,,4,"Southeast University, Jiangsu, China",,,,,,,active,2026-06-30T20:15:05Z,2026-06-30T20:15:05Z
mapping:90770ac9fa4fee016331,curated:074bb9a77ee85d50090c,Aperture: a patch-aware framework for joint forgery detection and localization,2025,10.1007/s44336-025-00027-8,https://openalex.org/W4417449415,Lanzhou University,institution:a28e1611e5e6b8b6,,Xin Zhang,,5,"Lanzhou University, Lanzhou, China",,,,,,,active,2026-06-30T20:15:27Z,2026-06-30T20:15:27Z
mapping:c51fb6568d830d9fa9d2,openalex:W4415980694,Autonomous and Self-Adapting System for Synthetic Media Detection and Attribution,2025,10.48550/arxiv.2504.03615,https://openalex.org/W4415980694,Drexel University,institution:e0fc2ffb269489e7,,Aref Azizpour; Tai D. Nguyen; Matthew C. Stamm,,1,"Drexel University, Philadelphia, PA, USA",,,,,,,active,2026-06-30T20:16:24Z,2026-06-30T20:16:24Z
mapping:4527625f41f086252d26,openalex:W4322760013,Benchmarking Deepart Detection,2023,10.48550/arxiv.2302.14475,https://openalex.org/W4322760013,Xi'an Jiaotong University,institution:afc29be68ac419be,,Yabin Wang; Xiaopeng Hong,,1,"Xi’an Jiaotong University, P. R. China",,,,,,,active,2026-06-30T20:19:29Z,2026-06-30T20:19:29Z
mapping:f75b87d171c59d4f12da,openalex:W4322760013,Benchmarking Deepart Detection,2023,10.48550/arxiv.2302.14475,https://openalex.org/W4322760013,Singapore Management University,institution:eefb779b4c760808,,Yabin Wang; Zhiwu Huang,,2,"Singapore Management University, Singapore",,,,,,,active,2026-06-30T20:19:54Z,2026-06-30T20:19:54Z
mapping:98aea98b9a285db3dc61,openalex:W4322760013,Benchmarking Deepart Detection,2023,10.48550/arxiv.2302.14475,https://openalex.org/W4322760013,University of Southampton,institution:a0c3927e4ddb3a39,,Zhiwu Huang,,3,"University of Southampton, United Kingdom",,,,,,,active,2026-06-30T20:20:14Z,2026-06-30T20:20:14Z
mapping:a77d8714392af87a57ea,openalex:W4322760013,Benchmarking Deepart Detection,2023,10.48550/arxiv.2302.14475,https://openalex.org/W4322760013,Harbin Institute of Technology,institution:fe438b1c7662476f,,Xiaopeng Hong,,4,"Harbin Institute of Technology, P. R. China",,,,,,,active,2026-06-30T20:20:37Z,2026-06-30T20:20:37Z
mapping:1e003b31bfa0064fa505,openalex:W4322760013,Benchmarking Deepart Detection,2023,10.48550/arxiv.2302.14475,https://openalex.org/W4322760013,Peng Cheng Laboratory,institution:aee00ab2f1fd8132,location:6b808152b5576b9cd6ee,Xiaopeng Hong,,5,"Pengcheng Laboratory, P. R. China",,Shenzhen,China,22.5856,113.9639,,active,2026-06-30T20:21:56Z,2026-08-24T16:41:47Z
mapping:65553ec031daab2e50c2,openalex:W4417529984,Code-in-the-Loop Forensics: Agentic Tool Use for Image Forgery Detection,2025,https://doi.org/10.48550/arxiv.2512.16300,https://openalex.org/W4417529984,University of Science and Technology of China,institution:e721b03b6f6c172d,,Fanrui Zhang; Qiang Zhang; Sizhuo Zhou; Yifan Chang; Jiawei Liu,,1,"University of Science and Technology of China, China",,,,,,,active,2026-06-30T20:22:49Z,2026-06-30T20:22:49Z
mapping:1040f477944c073d37a5,openalex:W4417529984,Code-in-the-Loop Forensics: Agentic Tool Use for Image Forgery Detection,2025,https://doi.org/10.48550/arxiv.2512.16300,https://openalex.org/W4417529984,Shanghai Innovation Institute,institution:9a0d85eff850f04a,,Fanrui Zhang; Sizhuo Zhou; Jianwen Sun; Jiaxin Ai; Yukang Feng; Yujie Zhang; Wenjie Li; Zizhen Li; Yifan Chang; Kaipeng Zhang,,2,"Shanghai Innovation Institute, China",,,,,,,active,2026-06-30T20:23:10Z,2026-06-30T20:23:10Z
mapping:2e324f5c504ec3a87263,openalex:W4417529984,Code-in-the-Loop Forensics: Agentic Tool Use for Image Forgery Detection,2025,https://doi.org/10.48550/arxiv.2512.16300,https://openalex.org/W4417529984,Shanghai Artificial Intelligence Laboratory,institution:c107a95b6cb53ac5,,Chuanhao Li; Kaipeng Zhang,,3,"Shanghai Artificial Intelligence Laboratory, China",,,,,,,active,2026-06-30T20:23:30Z,2026-06-30T20:23:30Z
mapping:42ea7ad9432f95d0dc69,curated:a05de778283ed84d3f90,CTForensics: A Comprehensive Dataset and Method for AI-Generated CT Image Detection,2026,,https://openalex.org/W7133363592,University of Chinese Academy of Sciences,institution:69309405e04976ec,location:69309405e04976ecd5ee,Yiheng Li; Guoqing Xu; Yichun Yeh; Yang Yang; Zhen Lei,,1,"School of Artificial Intelligence, University of Chinese Academy of Sciences",,Beijing,China,39.9078,116.2523,manually_confirmed,active,2026-06-30T20:25:07Z,2026-08-16T13:39:03Z
mapping:0020d199f143ae414a23,curated:a05de778283ed84d3f90,CTForensics: A Comprehensive Dataset and Method for AI-Generated CT Image Detection,2026,,https://openalex.org/W7133363592,"Institute of Automation, Chinese Academy of Sciences",institution:966ff12833f90bb0,location:966ff12833f90bb0ba7e,Yiheng Li; Guoqing Xu; Yichun Yeh; Yang Yang; Zhen Lei,,2,"MAIS, Institute of Automation, Chinese Academy of Sciences",,Beijing,China,39.9826,116.3336,manually_confirmed,active,2026-06-30T20:25:30Z,2026-08-16T13:39:16Z
mapping:44591910a80ca65c5490,openalex:W7133363592,CTForensics: A Comprehensive Dataset and Method for AI-Generated CT Image Detection,2026,,https://openalex.org/W7133363592,"HKISI, Chinese Academy of Sciences",institution:9dd7b58a09f6962c,,Zhen Lei,,3,"CAIR, Hong Kong Institute of Science & Innovation, Chinese Academy of Sciences",,,,,,,active,2026-06-30T20:26:12Z,2026-06-30T20:26:12Z
mapping:f18315bcfa8161b164b2,openalex:W7133363592,CTForensics: A Comprehensive Dataset and Method for AI-Generated CT Image Detection,2026,,https://openalex.org/W7133363592,Sangfor Technologies Inc.,institution:a86e3c911036d069,,Zichang Tan,,4,,,,,,,,active,2026-06-30T20:26:58Z,2026-06-30T20:26:58Z
mapping:6a55d88321ecc7870793,openalex:W4394653966,D$^3$: Scaling Up Deepfake Detection by Learning from Discrepancy,2024,https://doi.org/10.48550/arxiv.2404.04584,https://openalex.org/W4394653966,Wuhan University,institution:f23b95ce92de4591,,Yongqi Yang; Zhihao Qian; Yu Wu,,1,"School of Computer Science, Wuhan University",,,,,,,active,2026-06-30T20:28:19Z,2026-06-30T20:28:19Z
mapping:896737adaf78be7419b0,openalex:W4394653966,D$^3$: Scaling Up Deepfake Detection by Learning from Discrepancy,2024,https://doi.org/10.48550/arxiv.2404.04584,https://openalex.org/W4394653966,Princeton University,institution:6f4241a7694672b8,,Ye Zhu; Olga Russakovsky,,2,"Department of Computer Science, Princeton University",,,,,,,active,2026-06-30T20:28:49Z,2026-06-30T20:28:49Z
mapping:a87b2871e0be546b68ea,openalex:W4392737360,Data-Independent Operator: A Training-Free Artifact Representation Extractor for Generalizable Deepfake Detection,2024,10.48550/arxiv.2403.06803,https://openalex.org/W4392737360,Beijing Jiaotong University,institution:bf6195b78f6dc951,,Chuangchuang Tan; RenShuai Tao; Huan Liu; Yao Zhao; Yunchao Wei,,1,"Institute of Information Science, Beijing Jiaotong University, China; Beijing Key Laboratory of Advanced Information Science and Network Technology, China",,,,,,,active,2026-06-30T20:36:21Z,2026-06-30T20:36:21Z
mapping:a43b40b2c7cf28cf7bdb,openalex:W4392737360,Data-Independent Operator: A Training-Free Artifact Representation Extractor for Generalizable Deepfake Detection,2024,10.48550/arxiv.2403.06803,https://openalex.org/W4392737360,"University of Nevada, Reno",institution:969d6dd2c9cf6a1e,,Ping Liu,,2,"CSE department, University of Nevada, Reno, USA",,,,,,,active,2026-06-30T20:36:44Z,2026-06-30T20:36:44Z
mapping:c5d0847afd70a89251c8,openalex:W4392737360,Data-Independent Operator: A Training-Free Artifact Representation Extractor for Generalizable Deepfake Detection,2024,10.48550/arxiv.2403.06803,https://openalex.org/W4392737360,"The Chinese University of Hong Kong, Shenzhen",institution:5dbb9ac6a407e079,,Baoyuan Wu,,3,"School of Data Science, The Chinese University of Hong Kong, Shenzhen (CUHK-Shenzhen), China",,,,,,,active,2026-06-30T20:37:03Z,2026-06-30T20:37:03Z
mapping:8eb78514fda69f4f430c,openalex:W4389983109,DeepArt: A Benchmark to Advance Fidelity Research in AI-Generated Content,2023,10.48550/arxiv.2312.10407,https://openalex.org/W4389983109,Chongqing University of Posts and Telecommunications,institution:7e10613327a4e264,,Wentao Wang; Xuanyao Huang,,1,"School of Automation, Chongqing University of Posts and Telecommunications, Chongqing, 400065, Chongqing, China",,,,,,,active,2026-06-30T20:38:16Z,2026-06-30T20:38:16Z
mapping:70b3d8b960029c5543ed,openalex:W4389983109,DeepArt: A Benchmark to Advance Fidelity Research in AI-Generated Content,2023,10.48550/arxiv.2312.10407,https://openalex.org/W4389983109,University of Alabama at Birmingham,institution:fde22ad658a3fdb9,,Tianyang Wang,,2,"Department of Computer Science, University of Alabama at Birmingham, Birmingham, 35294, AL, USA",,,,,,,active,2026-06-30T20:38:38Z,2026-06-30T20:38:38Z
mapping:965176ddc7c24cc084ca,openalex:W4389983109,DeepArt: A Benchmark to Advance Fidelity Research in AI-Generated Content,2023,10.48550/arxiv.2312.10407,https://openalex.org/W4389983109,Alipurduar Government Engineering and Management College,institution:930e5c2880e11cb3,,Swalpa Kumar Roy,,3,"Department of Computer Science and Engineering, Alipurduar Government Engineering and Management College, Alipurduar, 736206, West Bengal, India",,,,,,,active,2026-06-30T20:39:00Z,2026-06-30T20:39:00Z
mapping:f40ea97c548679e03ace,openalex:W4393063559,Deepfake Detection without Deepfakes: Generalization via Synthetic Frequency Patterns Injection,2024,10.48550/arxiv.2403.13479,https://openalex.org/W4393063559,"Institute of Information Science and Technologies ""Alessandro Faedo"", National Research Council of Italy",institution:541450f1f663948c,,Davide Alessandro Coccomini; Claudio Gennaro; Giuseppe Amato; Fabrizio Falchi,,1,"Istituto di Scienza e Tecnologie dell'Informazione ""A. Faedo"", Consiglio Nazionale delle Ricerche, Pisa, Italy",,,,,,,active,2026-06-30T20:44:51Z,2026-06-30T20:44:51Z
mapping:ad517bd6745138028756,openalex:W4393063559,Deepfake Detection without Deepfakes: Generalization via Synthetic Frequency Patterns Injection,2024,10.48550/arxiv.2403.13479,https://openalex.org/W4393063559,National Inter-University Consortium for Telecommunications,institution:721b1fe645c5b099,,Roberto Caldelli,,2,"CNIT, Florence, Italy",,,,,,,active,2026-06-30T20:45:09Z,2026-06-30T20:45:09Z
mapping:57d8eca32248cd4edf22,openalex:W4393063559,Deepfake Detection without Deepfakes: Generalization via Synthetic Frequency Patterns Injection,2024,10.48550/arxiv.2403.13479,https://openalex.org/W4393063559,Universitas Mercatorum,institution:1afce89cd4f3571f,,Roberto Caldelli,,3,"Universitas Mercatorum, Rome, Italy",,,,,,,active,2026-06-30T20:45:32Z,2026-06-30T20:45:32Z
mapping:7e8d4e92ec526ab401de,openalex:W4393063559,Deepfake Detection without Deepfakes: Generalization via Synthetic Frequency Patterns Injection,2024,10.48550/arxiv.2403.13479,https://openalex.org/W4393063559,NVIDIA AI Technology Center Italy,institution:0b1cc69a0a28e0c1,,Giuseppe Fiameni,,4,"NVIDIA AI Technology Center, Italy",,,,,,,active,2026-06-30T20:45:54Z,2026-07-01T09:12:02Z
mapping:4d7e527caa52c0b82ddf,openalex:W4362684513,Detecting GAN-generated synthetic images using semantic inconsistencies,2023,10.2352/ei.2023.35.4.mwsf-380,https://openalex.org/W4362684513,Drexel University,institution:e0fc2ffb269489e7,,Danial Samadi Vahdati; Matthew C. Stamm,,1,"Drexel University, USA",,,,,,,active,2026-06-30T20:47:31Z,2026-06-30T20:47:31Z
mapping:3c8ae1b28e85e160472a,openalex:W2978778164,Incremental learning for the detection and classification of GAN-generated images,2019,10.1109/wifs47025.2019.9035099,https://openalex.org/W2978778164,University of Naples Federico II,institution:d046d2c57bb3a863,,Francesco Marra; Luisa Verdoliva,,1,,,,,,,,active,2026-06-30T20:51:59Z,2026-07-03T09:43:27Z
mapping:129a03359b485cc8c9af,openalex:W3010699567,Incremental learning for the detection and classification of GAN-generated images,2019,10.1109/wifs47025.2019.9035099,https://openalex.org/W3010699567,University of Trento,institution:3c4903b35459f2b5,,Cristiano Saltori; Giulia Boato,,2,,,,,,,,active,2026-06-30T20:52:41Z,2026-06-30T20:52:41Z
mapping:23c0c7ca72efec1295bf,openalex:W4391563741,Detecting Multimedia Generated by Large AI Models: A Survey,2024,10.36227/techrxiv.170723324.44685515/v1,https://openalex.org/W4391563741,Purdue University,institution:90b589325857dff0,,Li Lin; Neeraj Gupta; Shu Hu,,1,"Department of Computer and Information Technology, Purdue University, West Lafayette, IN 47907, USA",,,,,,,active,2026-06-30T20:53:43Z,2026-06-30T20:53:43Z
mapping:37d0eadb0db910e5ee2b,openalex:W4391563741,Detecting Multimedia Generated by Large AI Models: A Survey,2024,10.36227/techrxiv.170723324.44685515/v1,https://openalex.org/W4391563741,Nanchang University,institution:74eb5a7db0242865,,Yue Zhang; Feng Ding,,2,"School of Software, Nanchang University, Nanchang, Jiangxi, 330031, China",,,,,,,active,2026-06-30T20:54:05Z,2026-06-30T20:54:05Z
mapping:57c9db33708038e27884,openalex:W4391563741,Detecting Multimedia Generated by Large AI Models: A Survey,2024,10.36227/techrxiv.170723324.44685515/v1,https://openalex.org/W4391563741,Amazon Prime Video,institution:284bfcf10a3b1ebf,,Chun-Hao Liu,,3,"Amazon Prime Video, Sunnyvale, CA, 94089, USA",,,,,,,active,2026-06-30T20:54:34Z,2026-06-30T20:54:34Z
mapping:e1ebc7600802277640b2,openalex:W4391563741,Detecting Multimedia Generated by Large AI Models: A Survey,2024,10.36227/techrxiv.170723324.44685515/v1,https://openalex.org/W4391563741,"University at Albany, SUNY",institution:7506c126bc077e9b,,Xin Wang; Xin Li,,4,"Department of Epidemiology and Biostatistics, School of Public Health, and Department of Computer Science, College of Nanotechnology, Science, and Engineering, University at Albany, SUNY, Albany, NY 12222, USA",,,,,,,active,2026-06-30T20:54:59Z,2026-06-30T20:55:28Z
mapping:bbda6216b8a09f39bef2,openalex:W4391563741,Detecting Multimedia Generated by Large AI Models: A Survey,2024,10.36227/techrxiv.170723324.44685515/v1,https://openalex.org/W4391563741,University of Naples Federico II,institution:d046d2c57bb3a863,,Luisa Verdoliva,,5,"Department of Electrical Engineering and Information Technology, University Federico II of Naples, Naples 80125, Italy",,,,,,,active,2026-06-30T20:56:11Z,2026-06-30T20:56:11Z
mapping:43d26459019c73eea578,openalex:W4402524935,Detecting the Undetectable: Combining Kolmogorov-Arnold Networks and MLP for AI-Generated Image Detection,2024,10.48550/arxiv.2408.09371,https://openalex.org/W4402524935,Barisal Information Technology College,institution:c739468458199e8c,,Taharim Rahman Anon,,1,"Barisal Information Technology College (BITC), Barisal, Bangladesh",,,,,,,active,2026-07-01T03:05:59Z,2026-07-01T03:05:59Z
mapping:96bcd5cead214a71fb9c,openalex:W4402524935,Detecting the Undetectable: Combining Kolmogorov-Arnold Networks and MLP for AI-Generated Image Detection,2024,10.48550/arxiv.2408.09371,https://openalex.org/W4402524935,American International University-Bangladesh,institution:b7f49dab7bfe22c4,,Jakaria Islam Emon,,2,"American International University Bangladesh (AIUB), Dhaka, Bangladesh",,,,,,,active,2026-07-01T03:06:24Z,2026-07-01T03:06:24Z
mapping:e155ca8a3d757dab2351,openalex:W4399911107,Development of a Dual-Input Neural Model for Detecting AI-Generated Imagery,2024,10.48550/arxiv.2406.13688,https://openalex.org/W4399911107,University of Waterloo,institution:7417258b2e3d3491,,Jonathan Gallagher; William Pugsley,,1,,,,,,,,active,2026-07-01T03:07:13Z,2026-07-01T03:07:13Z
mapping:37748d57140ffae5e626,openalex:W4389421609,Diffusion Noise Feature: Accurate and Fast Generated Image Detection,2023,10.48550/arxiv.2312.02625,https://openalex.org/W4389421609,Zhejiang University,institution:e433baf78e80004b,,Yichi Zhang; Xiaogang Xu,,1,,,,,,,,active,2026-07-01T03:08:21Z,2026-07-01T03:08:21Z
mapping:030c8da6c6ea1e1cce24,curated:8116d19627b92530b580,EvoGuard: An Extensible Agentic RL-based Framework for Practical and Evolving AI-Generated Image Detection,2026,,https://openalex.org/W7139144211,The University of Tokyo,institution:8c45f60c84082063,,Chenyang Zhu; Isao Echizen,,1,"The University of Tokyo, Tokyo, Japan",,,,,,,active,2026-07-01T03:09:23Z,2026-07-01T03:09:23Z
mapping:7e43f6264721715a1e5a,curated:8116d19627b92530b580,EvoGuard: An Extensible Agentic RL-based Framework for Practical and Evolving AI-Generated Image Detection,2026,,https://openalex.org/W7139144211,National Institute of Informatics,institution:db8874f9983a5ffd,,Chenyang Zhu; Maorong Wang; Jun Liu; Ching-Chun Chang; Isao Echizen,,2,"National Institute of Informatics, Tokyo, Japan",,,,,,,active,2026-07-01T03:09:47Z,2026-07-01T03:09:47Z
mapping:2dad8bded40ad3e50ab5,openalex:W4395064829,FakeBench: Probing Explainable Fake Image Detection via Large Multimodal Models,2024,10.48550/arxiv.2404.13306,https://openalex.org/W4395064829,City University of Hong Kong,institution:ec71dc4340659fd9,,Yixuan Li; Xuelin Liu; Shiqi Wang,,1,"Department of Computer Science, City University of Hong Kong, Hong Kong",,,,,,,active,2026-07-01T03:11:28Z,2026-07-01T03:11:28Z
mapping:83bbc62b6006e64ad143,openalex:W4395064829,FakeBench: Probing Explainable Fake Image Detection via Large Multimodal Models,2024,10.48550/arxiv.2404.13306,https://openalex.org/W4395064829,Drexel University,institution:e0fc2ffb269489e7,,Xiaoyang Wang,,2,"College of Computing and Informatics, Drexel University, USA",,,,,,,active,2026-07-01T03:11:49Z,2026-07-01T03:11:49Z
mapping:bcb89e81cc66a276d5f6,openalex:W4395064829,FakeBench: Probing Explainable Fake Image Detection via Large Multimodal Models,2024,10.48550/arxiv.2404.13306,https://openalex.org/W4395064829,University of Campinas,institution:f4a883f8d9615a43,,Anderson Rocha,,3,"Artificial Intelligence Lab (Recod.ai), University of Campinas, Campinas 13084-851, Brazil",,,,,,,active,2026-07-01T03:12:08Z,2026-07-01T03:12:08Z
mapping:263b03ccdc9849e7505b,openalex:W4395064829,FakeBench: Probing Explainable Fake Image Detection via Large Multimodal Models,2024,10.48550/arxiv.2404.13306,https://openalex.org/W4395064829,Nanyang Technological University,institution:c111feb812f1a7ed,,Bu Sung Lee; Weisi Lin,,4,"College of Computing and Data Science, Nanyang Technological University, Singapore",,,,,,,active,2026-07-01T03:12:31Z,2026-07-01T03:12:31Z
mapping:beb925259aaaadd830a5,openalex:W4417056138,FakeScope: Large Multimodal Expert Model for Transparent AI-Generated Image Forensics,2025,https://doi.org/10.48550/arxiv.2503.24267,https://openalex.org/W4417056138,City University of Hong Kong,institution:ec71dc4340659fd9,,Yixuan Li; Yu Tian; Shiqi Wang,,1,"College of Computing, City University of Hong Kong, Hong Kong SAR",,,,,,,active,2026-07-01T03:13:55Z,2026-07-01T03:13:55Z
mapping:f14b781d1846bb947406,openalex:W4417056138,FakeScope: Large Multimodal Expert Model for Transparent AI-Generated Image Forensics,2025,https://doi.org/10.48550/arxiv.2503.24267,https://openalex.org/W4417056138,Chang'an University,institution:7aae859eefe8edd1,,Yipo Huang,,2,"School of Data Science and Artificial Intelligence, Chang’an University, Xi’an 710064, China",,,,,,,active,2026-07-01T03:14:30Z,2026-07-01T03:14:30Z
mapping:cc631c9efdd295b5e697,openalex:W4417056138,FakeScope: Large Multimodal Expert Model for Transparent AI-Generated Image Forensics,2025,https://doi.org/10.48550/arxiv.2503.24267,https://openalex.org/W4417056138,Sun Yat-sen University,institution:5c85faa51cc57a24,,Wei Lu,,3,"School of Computer Science and Engineering, Ministry of Education Key Laboratory of Information Technology, Guangdong Province Key Laboratory of Information Security Technology, Sun Yat-sen University, Guangzhou 510006, China",,,,,,,active,2026-07-01T03:14:48Z,2026-07-01T03:14:48Z
mapping:38535c445d1c5aa30773,openalex:W4417056138,FakeScope: Large Multimodal Expert Model for Transparent AI-Generated Image Forensics,2025,https://doi.org/10.48550/arxiv.2503.24267,https://openalex.org/W4417056138,Nanyang Technological University,institution:c111feb812f1a7ed,,Weisi Lin,,4,"College of Computing and Data Science, Nanyang Technological University, Singapore",,,,,,,active,2026-07-01T03:15:07Z,2026-07-01T03:15:07Z
mapping:4c438323764a93c0319d,openalex:W4417056138,FakeScope: Large Multimodal Expert Model for Transparent AI-Generated Image Forensics,2025,https://doi.org/10.48550/arxiv.2503.24267,https://openalex.org/W4417056138,University of Campinas,institution:f4a883f8d9615a43,,Anderson Rocha,,5,"Artificial Intelligence Lab (Recod.ai), University of Campinas, Campinas 13084-851, Brazil",,,,,,,active,2026-07-01T03:15:27Z,2026-07-01T03:15:27Z
mapping:6738a10bc69ce12cbee6,curated:c420495aae5c20e0ea2a,FANB-Net: Frequency-Awared Attention and Noise-Injected Boosting for AI-Generated Image Detection,2026,10.1007/978-981-95-6960-1_26,https://openalex.org/W7127900552,Guangdong University of Technology,institution:8fe72087521e285a,,Jiacai Guo; Zili Xu; Jianjie Luo; Zhenguo Yang,,1,"Guangdong University of Technology, Guangzhou, China",,,,,,,active,2026-07-01T03:18:45Z,2026-07-01T03:19:02Z
mapping:7140026a5ea6a027b0bc,curated:c420495aae5c20e0ea2a,FANB-Net: Frequency-Awared Attention and Noise-Injected Boosting for AI-Generated Image Detection,2026,10.1007/978-981-95-6960-1_26,https://openalex.org/W7127900552,Hong Kong Metropolitan University,institution:e1fcb46488c800ef,,Lap-Kei Lee; Fu Lee Wang,,2,"Hong Kong Metropolitan University, Hong Kong SAR, China",,,,,,,active,2026-07-01T03:19:33Z,2026-07-01T03:19:33Z
mapping:da985ca4c5991a8c33a8,openalex:W4414789480,FerretNet: Efficient Synthetic Image Detection via Local Pixel Dependencies,2025,https://doi.org/10.48550/arxiv.2509.20890,https://openalex.org/W4414789480,Jinan University,institution:8632718a2c1444c6,,Shuqiao Liang; Jian Liu; Renzhang Chen; Quanlong Guan,,1,Jinan University,,,,,,,active,2026-07-01T03:21:07Z,2026-07-01T03:21:07Z
mapping:91dcf8f1a327a30991fe,openalex:W4414577086,Few-Shot Class-Incremental Model Attribution Using Learnable Representation From CLIP-ViT Features,2025,https://doi.org/10.48550/arxiv.2503.08148,https://openalex.org/W4414577086,Sungkyunkwan University,institution:e80b94c605da24ce,,Hanbyul Lee; Juneho Yi,,1,"Department of Artificial Intelligence, Sungkyunkwan University; Department of Electrical and Computer Engineering, Sungkyunkwan University",,,,,,,active,2026-07-01T03:22:17Z,2026-07-01T03:22:17Z
mapping:bc72b6f7a637574cbadb,curated:4d91354cd919a64a2259,Few-Shot Learner Generalizes Across AI-Generated Image Detection,2025,10.48550/arxiv.2501.08763,https://openalex.org/W4406484960,"Institute of Automation, Chinese Academy of Sciences",institution:966ff12833f90bb0,,Shiyu Wu; Jing Liu,,1,"Institute of Automation, Chinese Academy of Sciences, Beijing, China",,,,,,,active,2026-07-01T03:23:40Z,2026-07-01T03:23:40Z
mapping:a62110b0792a7d3d080d,curated:4d91354cd919a64a2259,Few-Shot Learner Generalizes Across AI-Generated Image Detection,2025,10.48550/arxiv.2501.08763,https://openalex.org/W4406484960,Beijing Academy of Artificial Intelligence,institution:985443a2d7239406,,Shiyu Wu; Yequan Wang,,2,"Beijing Academy of Artificial Intelligence, Beijing, China",,,,,,,active,2026-07-01T03:23:59Z,2026-07-01T03:23:59Z
mapping:beaedcf0f98809ec782e,curated:4d91354cd919a64a2259,Few-Shot Learner Generalizes Across AI-Generated Image Detection,2025,10.48550/arxiv.2501.08763,https://openalex.org/W4406484960,University of Chinese Academy of Sciences,institution:69309405e04976ec,,Shiyu Wu; Jing Liu,,3,"University of Chinese Academy of Sciences, Beijing, China",,,,,,,active,2026-07-01T03:24:26Z,2026-07-01T03:24:26Z
mapping:9039c14ec1ee82a66b2e,curated:4d91354cd919a64a2259,Few-Shot Learner Generalizes Across AI-Generated Image Detection,2025,10.48550/arxiv.2501.08763,https://openalex.org/W4406484960,"Harbin Institute of Technology, Shenzhen",institution:6c5bb70e9f4b77ba,,Jing Li,,4,"Harbin Institute of Technology, Shenzhen, China",,,,,,,active,2026-07-01T03:24:50Z,2026-07-01T03:24:50Z
mapping:76d949429d768196f87e,openalex:W7117537373,Fixed-Threshold Evaluation of a Hybrid CNN-ViT for AI-Generated Image Detection Across Photos and Art,2025,10.48550/arxiv.2512.21512,https://openalex.org/W7117537373,Indian Institute of Technology Kharagpur,institution:f0c3da144873207a,,Md Ashik Khan,,1,"Department of Computer Science and Engineering, Indian Institute of Technology Kharagpur, India",,,,,,,active,2026-07-01T03:26:07Z,2026-07-01T03:26:07Z
mapping:5f8aa8e9656b7db5037f,openalex:W7117537373,Fixed-Threshold Evaluation of a Hybrid CNN-ViT for AI-Generated Image Detection Across Photos and Art,2025,10.48550/arxiv.2512.21512,https://openalex.org/W7117537373,Chittagong University of Engineering and Technology,institution:488418437bfc9b2c,,Arafat Alam Jion,,2,,,,,,,,active,2026-07-01T03:26:23Z,2026-07-01T03:26:23Z
mapping:4cd600db5c75099d28a6,openalex:W4416610205,Fooling the Watchers: Breaking AIGC Detectors via Semantic Prompt Attacks,2025,10.48550/arxiv.2505.23192,https://openalex.org/W4416610205,Aarhus University,institution:b85a1a866c0c7fe8,,Run Hao,,1,,,,,,,,active,2026-07-01T03:27:45Z,2026-07-01T03:27:45Z
mapping:8841643eea4e5c040a37,openalex:W4416610205,Fooling the Watchers: Breaking AIGC Detectors via Semantic Prompt Attacks,2025,10.48550/arxiv.2505.23192,https://openalex.org/W4416610205,China University of Mining and Technology,institution:e67012d79bb3f603,,Peng Ying,,2,"School of Computer Science and Technology, China University of Mining and Technology, Xuzhou, China; Mine Digitization Engineering Research Center of the Ministry of Education, China University of Mining and Technology, Xuzhou, China",,,,,,,active,2026-07-01T03:28:09Z,2026-07-01T03:28:40Z
mapping:cc2c3081d32ad9ad855b,openalex:W4417093490,ForensicHub: A Unified Benchmark &amp; Codebase for All-Domain Fake Image Detection and Localization,2025,10.48550/arxiv.2505.11003,https://openalex.org/W4417093490,Sichuan University,institution:4c1e9439f241e5ec,,Bo Du; Xuekang Zhu; Kaiwen Feng; Zhe Yang; Ji-Zhe Zhou,,1,,,,,,,NeurIPS paper affiliation markers,active,2026-07-01T03:30:17Z,2026-08-26T18:20:00Z
mapping:7d26a3bff05c75a8bfd8,openalex:W4417093490,ForensicHub: A Unified Benchmark &amp; Codebase for All-Domain Fake Image Detection and Localization,2025,10.48550/arxiv.2505.11003,https://openalex.org/W4417093490,Ant Group,institution:5a28a1a99a417ba5,,Xuekang Zhu; Chenfan Qu; Jian Liu,,2,,,,,,,NeurIPS paper affiliation markers,active,2026-07-01T03:30:39Z,2026-08-26T18:20:00Z
mapping:eb3daba31063e8e80152,openalex:W4417093490,ForensicHub: A Unified Benchmark &amp; Codebase for All-Domain Fake Image Detection and Localization,2025,10.48550/arxiv.2505.11003,https://openalex.org/W4417093490,The Hong Kong University of Science and Technology,institution:fa80d3c071c298e1,,Xiaochen Ma,,3,HKUST,,,,,,,active,2026-07-01T03:31:01Z,2026-08-20T12:23:55Z
mapping:50f0910ad16d4937080b,openalex:W4417093490,ForensicHub: A Unified Benchmark &amp; Codebase for All-Domain Fake Image Detection and Localization,2025,10.48550/arxiv.2505.11003,https://openalex.org/W4417093490,South China University of Technology,institution:3e9b289ae248f660,,Chenfan Qu,,4,,,,,,,,active,2026-07-01T03:31:23Z,2026-07-01T03:31:23Z
mapping:721fc908d76cc92b3b5a,openalex:W4417093490,ForensicHub: A Unified Benchmark &amp; Codebase for All-Domain Fake Image Detection and Localization,2025,10.48550/arxiv.2505.11003,https://openalex.org/W4417093490,University of Macau,institution:53e6219d595780e3,location:53e6219d595780e300c1,Chi-Man Pun,,5,,,Macau,China,22.1284604,113.5438378,,active,2026-07-01T03:31:45Z,2026-08-30T21:08:46Z
mapping:cf0d91d9689419806fa9,openalex:W4415935817,From Evidence to Verdict: An Agent-Based Forensic Framework for AI-Generated Image Detection,2025,https://doi.org/10.48550/arxiv.2511.00181,https://openalex.org/W4415935817,CISPA Helmholtz Center for Information Security,institution:aea376936c88135b,,Mengfei Liang; Yiting Qu; Yukun Jiang; Michael Backes; Yang Zhang,,1,,,,,,,,active,2026-07-01T03:32:45Z,2026-07-01T03:32:45Z
mapping:2af652782e0ec56d1c75,openalex:W4389820666,GenDet: Towards Good Generalizations for AI-Generated Image Detection,2023,10.48550/arxiv.2312.08880,https://openalex.org/W4389820666,Huawei Noah's Ark Lab,institution:2e62680df0fed751,,Mingjian Zhu; Hanting Chen; Mouxiao Huang; Wei Li; Hailin Hu; Jie Hu; Yunhe Wang,,1,,,,,,,,active,2026-07-01T03:33:40Z,2026-07-22T00:39:23Z
mapping:39bc514163340e81ab31,openalex:W4414578321,Generalizable AI-Generated Image Detection Based on Fractal Self-Similarity in the Spectrum,2025,https://doi.org/10.48550/arxiv.2503.08484,https://openalex.org/W4414578321,Beihang University,institution:f336b3005794930b,,Shengpeng Xiao; Yuanfang Guo; Heqi Peng; Zeming Liu; Yunhong Wang,,1,Beihang University,,,,,,,active,2026-07-01T03:34:59Z,2026-07-01T03:34:59Z
mapping:650ff77258f95ee4bcb8,openalex:W4414578321,Generalizable AI-Generated Image Detection Based on Fractal Self-Similarity in the Spectrum,2025,https://doi.org/10.48550/arxiv.2503.08484,https://openalex.org/W4414578321,Hebei University of Technology,institution:b83f47152ad1ec29,,Liang Yang,,2,,,,,,,,active,2026-07-01T03:35:19Z,2026-07-01T03:35:19Z
mapping:1d1ef7d97cb57f363e73,curated:3c3cd6143ece4045b378,Generalized Design Choices for Deepfake Detectors,2025,10.48550/arxiv.2511.21507,https://openalex.org/W4416790887,University of Bologna,institution:e73ae6a6d6ff3735,,Lorenzo Pellegrini; Serafino Pandolfini; Davide Maltoni; Matteo Ferrara,,1,"Department of Computer Science and Engineering (DISI), University of Bologna, Italy",,,,,,,active,2026-07-01T03:36:41Z,2026-07-01T03:36:41Z
mapping:b8b14d310139f20907d6,curated:3c3cd6143ece4045b378,Generalized Design Choices for Deepfake Detectors,2025,10.48550/arxiv.2511.21507,https://openalex.org/W4416790887,IdentifAI,institution:fe7a819f82113c79,,Marco Prati; Marco Ramilli,,2,"IdentifAI, Italy",,,,,,,active,2026-07-01T03:36:58Z,2026-07-07T20:40:33Z
mapping:9c5ab1f170550824f728,openalex:W3034547531,T-GD: Transferable GAN-generated Images Detection Framework,2020,10.48550/arxiv.2008.04115,https://openalex.org/W3034547531,Sungkyunkwan University,institution:e80b94c605da24ce,,Hyeonseong Jeon; Young Oh Bang; Junyaup Kim; Simon S. Woo,,1,"Department of Artificial Intelligence, Sungkyunkwan University, Suwon, S. Korea; Computer Science and Engineering Department, Sungkyunkwan University, Suwon, S. Korea; Department of Applied Data Science, Sungkyunkwan University, Suwon, S. Korea",,,,,,,active,2026-07-01T04:47:40Z,2026-07-01T04:47:40Z
mapping:acf672a05f9b2a094a94,openalex:W4405254427,Take Fake as Real: Realistic-like Robust Black-box Adversarial Attack to Evade AIGC Detection,2024,10.48550/arxiv.2412.06727,https://openalex.org/W4405254427,Wuhan University,institution:f23b95ce92de4591,,Caiyun Xie; Dengpan Ye; Yunming Zhang; Long Tang; Yunna Lv; Jiacheng Deng; Jiawei Song,,1,"Key Laboratory of Aerospace Information Security and Trusted Computing, Ministry of Education, School of Cyber Science and Engineering, Wuhan University, China, 430072",,,,,,,active,2026-07-01T04:49:29Z,2026-07-01T04:49:29Z
mapping:fa48c67676a8f806e4a9,openalex:W2991318208,Attributing Fake Images to GANs: Learning and Analyzing GAN Fingerprints,2019,10.1109/iccv.2019.00765,https://openalex.org/W2991318208,University of Maryland,institution:13f7c73ae8019e75,,Ning Yu; Larry Davis,,1,"University of Maryland, College Park",,,,,,,active,2026-07-01T07:29:46Z,2026-07-01T07:29:46Z
mapping:6d6b161b15c567a2a13b,openalex:W2991318208,Attributing Fake Images to GANs: Learning and Analyzing GAN Fingerprints,2019,10.1109/iccv.2019.00765,https://openalex.org/W2991318208,Max Planck Institute for Informatics,institution:bef37c90751e824e,,Ning Yu,,2,"Max Planck Institute for Informatics, Saarland Informatics Campus, Germany",,,,,,,active,2026-07-01T07:30:44Z,2026-07-01T07:30:44Z
mapping:f85249eb07e4fec52b3c,openalex:W2991318208,Attributing Fake Images to GANs: Learning and Analyzing GAN Fingerprints,2019,10.1109/iccv.2019.00765,https://openalex.org/W2991318208,CISPA Helmholtz Center for Information Security,institution:aea376936c88135b,,Mario Fritz,,3,"CISPA Helmholtz Center for Information Security, Saarland Informatics Campus, Germany",,,,,,,active,2026-07-01T07:31:12Z,2026-07-01T07:31:12Z
mapping:9fb883d2a41c0a2a749e,openalex:W4283811667,Deepfake Network Architecture Attribution,2022,10.1609/aaai.v36i4.20391,https://openalex.org/W4283811667,"Institute of Computing Technology, Chinese Academy of Sciences",institution:e278f75918ccf8a7,,Tianyun Yang; Ziyao Huang; Juan Cao; Lei Li,,1,"Institute of Computing Technology, Chinese Academy of Sciences; University of Chinese Academy of Sciences",,,,,,,active,2026-07-01T07:32:22Z,2026-07-01T07:32:22Z
mapping:120fde26932c93fc752e,openalex:W4283811667,Deepfake Network Architecture Attribution,2022,10.1609/aaai.v36i4.20391,https://openalex.org/W4283811667,University of Chinese Academy of Sciences,institution:69309405e04976ec,,Tianyun Yang; Ziyao Huang; Juan Cao; Lei Li,,2,"Institute of Computing Technology, Chinese Academy of Sciences; University of Chinese Academy of Sciences",,,,,,,active,2026-07-01T07:32:52Z,2026-07-01T07:32:52Z
mapping:7e868171a9c8e18a9602,openalex:W4283811667,Deepfake Network Architecture Attribution,2022,10.1609/aaai.v36i4.20391,https://openalex.org/W4283811667,Renmin University of China,institution:5fbb6e2cbdd4ea21,,Xirong Li,,3,Renmin University of China,,,,,,,active,2026-07-01T07:33:18Z,2026-07-01T07:33:18Z
mapping:5a0179f25f2588bb3bd0,openalex:W4391019749,CIFAKE: Image Classification and Explainable Identification of AI-Generated Synthetic Images,2024,10.1109/access.2024.3356122,https://openalex.org/W4391019749,Nottingham Trent University,institution:c055ca96e505b797,,Jordan J. Bird; Ahmad Lotfi,,1,"Department of Computer Science, Nottingham Trent University, Nottingham, U.K.",,,,,,,active,2026-07-01T07:34:24Z,2026-07-01T07:34:24Z
mapping:f2502efaf655f6cf14ff,openalex:W4284702842,RepMix: Representation Mixing for Robust Attribution of Synthesized Images,2022,10.1007/978-3-031-19781-9_9,https://openalex.org/W4284702842,University of Surrey,institution:29276dc7d9ce02fd,,Tu Bui; John Collomosse,,1,"University of Surrey, Guildford, UK",,,,,,,active,2026-07-01T07:35:52Z,2026-07-01T07:36:03Z
mapping:19dedb80fb3be2f5a9dd,openalex:W4284702842,RepMix: Representation Mixing for Robust Attribution of Synthesized Images,2022,10.1007/978-3-031-19781-9_9,https://openalex.org/W4284702842,Salesforce Research,institution:41db7d042136daef,,Ning Yu,,2,"Salesforce Research, Palo Alto, USA",,,,,,,active,2026-07-01T07:36:28Z,2026-07-01T07:36:28Z
mapping:2988be2800f85af4d31a,openalex:W4284702842,RepMix: Representation Mixing for Robust Attribution of Synthesized Images,2022,10.1007/978-3-031-19781-9_9,https://openalex.org/W4284702842,Adobe Research,institution:7a0d6a63667ac750,,John Collomosse,,3,"Adobe Research, San Jose, USA",,,,,,,active,2026-07-01T07:36:55Z,2026-07-01T07:36:55Z
mapping:0bfd8321c81ef84531d3,openalex:W4385473656,Model Synthesis for Zero-Shot Model Attribution,2023,https://doi.org/10.48550/arxiv.2307.15977,https://openalex.org/W4385473656,"Institute of Computing Technology, Chinese Academy of Sciences",institution:e278f75918ccf8a7,,Tianyun Yang; Juan Cao; Danding Wang,,1,"Institute of Computing Technology, Chinese Academy of Sciences, Beijing, China",,,,,,,active,2026-07-01T07:38:39Z,2026-07-01T07:38:39Z
mapping:77a03ef3ec868b6fa41e,openalex:W4385473656,Model Synthesis for Zero-Shot Model Attribution,2023,https://doi.org/10.48550/arxiv.2307.15977,https://openalex.org/W4385473656,The University of Sydney,institution:1984e5f97afb62d8,location:1984e5f97afb62d8d7b0,Chang Xu,,2,"School of Computer Science, Faculty of Engineering, University of Sydney, Australia",,Sydney,Australia,-33.886,151.184,,active,2026-07-01T07:39:05Z,2026-08-30T21:08:45Z
mapping:77894a0acfa5fc9b5ffb,curated:be2900947b322f9eb905,OmniDFA: A Unified Framework for Open Set Synthesis Image Detection and Few-Shot Attribution,2025,10.48550/arxiv.2509.25682,https://openalex.org/W4415338199,"Institute of Automation, Chinese Academy of Sciences",institution:966ff12833f90bb0,,Shiyu Wu; Jing Liu,,1,"Institute of Automation, Chinese Academy of Sciences, Beijing, China",,,,,,,active,2026-07-01T07:44:11Z,2026-07-01T07:44:11Z
mapping:2391cb1e3de48572854c,curated:be2900947b322f9eb905,OmniDFA: A Unified Framework for Open Set Synthesis Image Detection and Few-Shot Attribution,2025,10.48550/arxiv.2509.25682,https://openalex.org/W4415338199,Beijing Academy of Artificial Intelligence,institution:985443a2d7239406,,Shiyu Wu; Yequan Wang,,2,"Beijing Academy of Artificial Intelligence, Beijing, China",,,,,,,active,2026-07-01T07:44:37Z,2026-07-01T07:44:37Z
mapping:ae25da6f63839fbcc58c,curated:be2900947b322f9eb905,OmniDFA: A Unified Framework for Open Set Synthesis Image Detection and Few-Shot Attribution,2025,10.48550/arxiv.2509.25682,https://openalex.org/W4415338199,University of Chinese Academy of Sciences,institution:69309405e04976ec,,Shiyu Wu; Jing Liu,,3,"University of Chinese Academy of Sciences, Beijing, China",,,,,,,active,2026-07-01T07:46:20Z,2026-07-01T07:46:20Z
mapping:1d0aacb6cf8c65276dd1,curated:be2900947b322f9eb905,OmniDFA: A Unified Framework for Open Set Synthesis Image Detection and Few-Shot Attribution,2025,10.48550/arxiv.2509.25682,https://openalex.org/W4415338199,Tsinghua Shenzhen International Graduate School,institution:230f59b4fb28c236,,Shuyan Li,,4,"Tsinghua Shenzhen International Graduate School, Tsinghua University, Shenzhen",,,,,,,active,2026-07-01T07:46:56Z,2026-07-01T07:47:11Z
mapping:852424da507d0dae6688,curated:be2900947b322f9eb905,OmniDFA: A Unified Framework for Open Set Synthesis Image Detection and Few-Shot Attribution,2025,10.48550/arxiv.2509.25682,https://openalex.org/W4415338199,"Harbin Institute of Technology, Shenzhen",institution:6c5bb70e9f4b77ba,,Jing Li,,5,"Harbin Institute of Technology, Shenzhen, China",,,,,,,active,2026-07-01T07:47:36Z,2026-07-01T07:47:36Z
mapping:670f178db17daff837e2,curated:be2900947b322f9eb905,OmniDFA: A Unified Framework for Open Set Synthesis Image Detection and Few-Shot Attribution,2025,10.48550/arxiv.2509.25682,https://openalex.org/W4415338199,Peking University,institution:46e4866d3b2954ab,,Yequan Wang,,6,"Peking University, Beijing, China",,,,,,,active,2026-07-01T07:47:59Z,2026-07-01T07:47:59Z
mapping:d0300282572168272365,openalex:W4221166157,Transferable Class-Modelling for Decentralized Source Attribution of GAN-Generated Images,2022,10.48550/arxiv.2203.09777,https://openalex.org/W4221166157,Monash University Malaysia,institution:ae914839cab3ba03,,Brandon B. G. Khoo; Chern Hong Lim,,1,"School of Information Technology, Monash University Malaysia",,,,,,,active,2026-07-01T07:50:12Z,2026-07-01T07:50:12Z
mapping:f77813cf3b7fce01efea,openalex:W4221166157,Transferable Class-Modelling for Decentralized Source Attribution of GAN-Generated Images,2022,10.48550/arxiv.2203.09777,https://openalex.org/W4221166157,Monash University,institution:02e0cb0a82c051ec,,Raphaël C.-W. Phan,,2,"Faculty of Information Technology, Monash University",,,,,,,active,2026-07-01T07:50:40Z,2026-07-01T07:50:40Z
mapping:333364a0c1c4f010722e,openalex:W3134567460,On Attribution of Deepfakes,2020,10.48550/arxiv.2008.09194,https://openalex.org/W3134567460,University of Toronto,institution:6a892bbe4ee57122,,Baiwu Zhang; Jin Peng Zhou; Ilia Shumailov; Nicolas Papernot,,1,University of Toronto and Vector Institute,,,,,,,active,2026-07-01T07:53:01Z,2026-07-01T07:53:59Z
mapping:7aaea612dbef90a4256e,openalex:W3134567460,On Attribution of Deepfakes,2020,10.48550/arxiv.2008.09194,https://openalex.org/W3134567460,Vector Institute,institution:dc213653c8edb0fa,,Baiwu Zhang; Jin Peng Zhou; Ilia Shumailov; Nicolas Papernot,,2,"University of Toronto and Vector Institute / University of Toronto, Vector Institute and University of Cambridge",,,,,,,active,2026-07-01T07:53:49Z,2026-07-01T07:53:49Z
mapping:0b1477e193d59a455b9d,openalex:W3134567460,On Attribution of Deepfakes,2020,10.48550/arxiv.2008.09194,https://openalex.org/W3134567460,University of Cambridge,institution:0418834df0ffcdf2,,Ilia Shumailov,,3,"University of Toronto, Vector Institute and University of Cambridge",,,,,,,active,2026-07-01T07:54:24Z,2026-07-01T07:54:24Z
mapping:362237aabd27819d2de7,openalex:W4414827699,LoRAX: LoRA eXpandable Networks for Continual Synthetic Image Attribution,2025,https://doi.org/10.48550/arxiv.2504.08149,https://openalex.org/W4414827699,MIT Lincoln Laboratory,institution:39fbdba5585bb3c4,,Danielle Sullivan-Pao; Pooya Khorrami,,1,"MIT Lincoln Laboratory, Lexington MA, USA",,,,,,,active,2026-07-01T07:55:32Z,2026-07-01T07:55:32Z
mapping:aedc5325a2ce0b18f982,openalex:W4414827699,LoRAX: LoRA eXpandable Networks for Continual Synthetic Image Attribution,2025,https://doi.org/10.48550/arxiv.2504.08149,https://openalex.org/W4414827699,Yale University,institution:0d3d34a24da64353,,Nicole Tian,,2,"Yale University, New Haven CT, USA",,,,,,,active,2026-07-01T07:55:56Z,2026-07-01T07:55:56Z
mapping:014011f7dcaa4611eb1b,openalex:W2997633607,Scalable Fine-grained Generated Image Classification Based on Deep Metric Learning,2019,10.48550/arxiv.1912.11082,https://openalex.org/W2997633607,"Institute of Automation, Chinese Academy of Sciences",institution:966ff12833f90bb0,,Xinsheng Xuan; Bo Peng; Wei Wang; Jing Dong,,1,"Center for Research on Intelligent Perception and Computing (CRIPAC), National Laboratory of Pattern Recognition (NLPR), Institute of Automation, Chinese Academy of Sciences (CASIA)",,,,,,,active,2026-07-01T08:51:57Z,2026-07-01T08:51:57Z
mapping:c2e51f8cca3f3a7f984f,openalex:W4413145917,A Bias-Free Training Paradigm for More General AI-generated Image Detection,2025,10.1109/cvpr52734.2025.01741,https://openalex.org/W4413145917,University of Naples Federico II,institution:d046d2c57bb3a863,,Fabrizio Guillaro; Giada Zingarini; Davide Cozzolino; Luisa Verdoliva,,1,University Federico II of Naples,,,,,,OpenAlex,active,2026-07-03T09:43:27Z,2026-07-03T09:43:27Z
mapping:aea5511fffd31f012e3d,openalex:W4405845641,Exploring the Adversarial Robustness of CLIP for AI-generated Image Detection,2024,10.1109/wifs61860.2024.10810719,https://openalex.org/W4405845641,University of Naples Federico II,institution:d046d2c57bb3a863,,Vincenzo De Rosa; Fabrizio Guillaro; Giovanni Poggi; Davide Cozzolino; Luisa Verdoliva,,1,"University Federico II of Naples, Italy",,,,,,OpenAlex,active,2026-07-03T09:43:27Z,2026-07-03T09:43:27Z
mapping:ebc9e29dcf2424bc0ca8,openalex:W4402915983,Raising the Bar of AI-generated Image Detection with CLIP,2024,10.1109/cvprw63382.2024.00439,https://openalex.org/W4402915983,University of Naples Federico II,institution:d046d2c57bb3a863,,Davide Cozzolino; Giovanni Poggi; Riccardo Corvi; Luisa Verdoliva,,1,University Federico II of Naples,,,,,,OpenAlex,active,2026-07-03T09:43:27Z,2026-07-03T09:43:27Z
mapping:4bad8cb1fbf9b289552b,openalex:W4402952411,Zero-Shot Detection of AI-Generated Images,2024,10.1007/978-3-031-72649-1_4,https://openalex.org/W4402952411,University of Naples Federico II,institution:d046d2c57bb3a863,,Davide Cozzolino; Giovanni Poggi; Luisa Verdoliva,,1,"University Federico II of Naples, 80125, Naples, Italy",,,,,,OpenAlex,active,2026-07-03T09:43:27Z,2026-07-03T09:43:27Z
mapping:c8b0073f8dfebc49ad07,curated:67d37f98e44fa9d7d06e,Intriguing Properties of Synthetic Images: From Generative Adversarial Networks to Diffusion Models,2023,10.1109/cvprw59228.2023.00104,https://openalex.org/W4385815563,University of Naples Federico II,institution:d046d2c57bb3a863,location:d046d2c57bb3a863a89a,Riccardo Corvi; Davide Cozzolino; Giovanni Poggi; Luisa Verdoliva,1; 2; 3; 5,1,University Federico II of Naples,,,,,,Visually verified paper PDF: https://openaccess.thecvf.com/content/CVPR2023W/WMF/papers/Corvi_Intriguing_Properties_of_Synthetic_Images_From_Generative_Adversarial_Networks_to_CVPRW_2023_paper.pdf,active,2026-07-03T09:43:27Z,2026-08-27T00:30:00Z
mapping:9721d804ebc7376687c1,openalex:W4375869427,On The Detection of Synthetic Images Generated by Diffusion Models,2023,10.1109/icassp49357.2023.10095167,https://openalex.org/W4375869427,University of Naples Federico II,institution:d046d2c57bb3a863,,Riccardo Corvi; Davide Cozzolino; Giada Zingarini; Giovanni Poggi; Luisa Verdoliva,,1,"University Federico II of Naples, Italy",,,,,,OpenAlex,active,2026-07-03T09:43:27Z,2026-07-03T09:43:27Z
mapping:c24d990d3ecf62b8b3cf,openalex:W3149674875,Are GAN Generated Images Easy to Detect? A Critical Analysis of the State-Of-The-Art,2021,10.1109/icme51207.2021.9428429,https://openalex.org/W3149674875,University of Naples Federico II,institution:d046d2c57bb3a863,,Diego Gragnaniello; Davide Cozzolino; Francesco Marra; Giovanni Poggi; Luisa Verdoliva,,1,University Federico II of Naples,,,,,,paper,active,2026-07-03T09:43:27Z,2026-07-03T09:43:27Z
mapping:24a9d00d08b91f44b112,openalex:W4206030296,Towards Universal GAN Image Detection,2021,10.1109/vcip53242.2021.9675329,https://openalex.org/W4206030296,University of Naples Federico II,institution:d046d2c57bb3a863,,Davide Cozzolino; Diego Gragnaniello; Giovanni Poggi; Luisa Verdoliva,,1,"University Federico II of Naples, Italy",,,,,,OpenAlex,active,2026-07-03T09:43:27Z,2026-07-03T09:43:27Z
mapping:dfe0646a75ffe7f566ef,openalex:W2912336782,FaceForensics++: Learning to Detect Manipulated Facial Images,2019,10.1109/iccv.2019.00009,https://openalex.org/W2912336782,University of Naples Federico II,institution:d046d2c57bb3a863,,Davide Cozzolino; Luisa Verdoliva,,1,University Federico II of Naples,,,,,,OpenAlex,active,2026-07-03T09:43:27Z,2026-07-03T09:43:27Z
mapping:00a1d1b8c309acfeced2,openalex:W4402952411,Zero-Shot Detection of AI-Generated Images,2024,10.1007/978-3-031-72649-1_4,https://openalex.org/W4402952411,Technical University of Munich,institution:f42de06978b10eb5,,Matthias Nießner; Luisa Verdoliva,,2,"Technical University of Munich, 85748, Garching, Germany",,,,,,paper,active,2026-07-03T09:43:27Z,2026-07-03T09:43:27Z
mapping:fc5a4a0ff7b7abc291c4,curated:a1eea412716e4d045da6,Source Attribution of AI-Generated Images in Data Scarcity Conditions via Training-Free Resynthesis,2026,10.1109/ojsp.2026.3710125,https://openalex.org/W7167258238,University of Siena,institution:65dbfd1e022f02e2,,Pietro Bongini; Andrea Costanzo; Benedetta Tondi; Mauro Barni,,1,"Department of Information Engineering and Mathematics, University of Siena, Siena, Italy",,,,,,,active,2026-07-05T21:16:51Z,2026-07-05T21:17:26Z
mapping:3fd1b361c0e73ea1c81f,curated:a1eea412716e4d045da6,Source Attribution of AI-Generated Images in Data Scarcity Conditions via Training-Free Resynthesis,2026,10.1109/ojsp.2026.3710125,https://openalex.org/W7167258238,Fudan University,institution:baa1df7c4adddbda,,Meiling Li,,2,"College of Computer Science and Artificial Intelligence, Fudan University, Shanghai, China",,,,,,,active,2026-07-05T21:16:51Z,2026-07-05T21:17:21Z
mapping:857be8ae1d8a601ad693,curated:5a91cc922c8a3c4c3d0c,Open Set Synthetic Image Source Attribution,2023,10.48550/arxiv.2308.11557,https://openalex.org/W4386114393,Drexel University,institution:e0fc2ffb269489e7,,Shengbang Fang; Tai D. Nguyen; Matthew C. Stamm,,1,"ECE Department, Drexel University, Philadelphia, PA, USA",,,,,,,active,2026-07-06T13:42:04Z,2026-07-06T13:42:04Z
mapping:806cda2a070a4107a974,curated:3864d12fe8df7b9cb19c,Detecting computer-generated images by using only real images,2025,10.1117/12.3055092,https://openalex.org/W4403972496,Grenoble INP,institution:475fa3f7d32d5d27,,Ji Li; Kai Wang,first; last,1,"Univ. Grenoble Alpes, CNRS, GIPSA-lab (France) | GIPSA-ACTIV - GIPSA - Apprentissage, Classification, Traitement d'Images et de Vidéos (GIPSA-lab, 11 rue des Mathématiques, Grenoble Campus BP46, F-38402 SAINT MARTIN D'HERES CEDEX - France)",https://openalex.org/I106785703,,FR,,,OpenAlex authorships,excluded,2026-07-06T13:43:20Z,2026-07-22T00:39:23Z
mapping:8d10dffb24e3667510ec,curated:3864d12fe8df7b9cb19c,Detecting computer-generated images by using only real images,2025,10.1117/12.3055092,https://openalex.org/W4403972496,French National Centre for Scientific Research,institution:29645bb566fcd576,,Ji Li; Kai Wang,first; last,2,"Univ. Grenoble Alpes, CNRS, GIPSA-lab (France) | GIPSA-ACTIV - GIPSA - Apprentissage, Classification, Traitement d'Images et de Vidéos (GIPSA-lab, 11 rue des Mathématiques, Grenoble Campus BP46, F-38402 SAINT MARTIN D'HERES CEDEX - France)",https://openalex.org/I1294671590,,FR,,,OpenAlex authorships,excluded,2026-07-06T13:43:20Z,2026-07-06T13:48:17Z
mapping:4fdecb6de576552bf6e8,curated:3864d12fe8df7b9cb19c,Detecting computer-generated images by using only real images,2025,10.1117/12.3055092,https://openalex.org/W4403972496,GIPSA-Lab,institution:ab37cf6fbc2c38dd,,Ji Li; Kai Wang,first; last,3,"Univ. Grenoble Alpes, CNRS, GIPSA-lab (France) | GIPSA-ACTIV - GIPSA - Apprentissage, Classification, Traitement d'Images et de Vidéos (GIPSA-lab, 11 rue des Mathématiques, Grenoble Campus BP46, F-38402 SAINT MARTIN D'HERES CEDEX - France)",https://openalex.org/I4210124956,,FR,,,OpenAlex authorships,excluded,2026-07-06T13:43:20Z,2026-07-06T13:48:17Z
mapping:d1c7d07e091e569e4fba,curated:3864d12fe8df7b9cb19c,Detecting computer-generated images by using only real images,2025,10.1117/12.3055092,https://openalex.org/W4403972496,Association Clinique et Thérapeutique Infantile du Val de Marne,institution:647c89e2c8a671f8,,Ji Li; Kai Wang,first; last,4,"Univ. Grenoble Alpes, CNRS, GIPSA-lab (France) | GIPSA-ACTIV - GIPSA - Apprentissage, Classification, Traitement d'Images et de Vidéos (GIPSA-lab, 11 rue des Mathématiques, Grenoble Campus BP46, F-38402 SAINT MARTIN D'HERES CEDEX - France)",https://openalex.org/I4210138953,,FR,,,OpenAlex authorships,excluded,2026-07-06T13:43:20Z,2026-07-06T13:48:17Z
mapping:6d81cd849759a03ba352,curated:3864d12fe8df7b9cb19c,Detecting computer-generated images by using only real images,2025,10.1117/12.3055092,https://openalex.org/W4403972496,Université Grenoble Alpes,institution:ef7c68d6edbab550,,Ji Li; Kai Wang,first; last,5,"Univ. Grenoble Alpes, CNRS, GIPSA-lab (France) | GIPSA-ACTIV - GIPSA - Apprentissage, Classification, Traitement d'Images et de Vidéos (GIPSA-lab, 11 rue des Mathématiques, Grenoble Campus BP46, F-38402 SAINT MARTIN D'HERES CEDEX - France)",https://openalex.org/I899635006,,FR,,,OpenAlex authorships,excluded,2026-07-06T13:43:20Z,2026-07-06T13:48:17Z
mapping:b2ff94faad55f32a8465,curated:3864d12fe8df7b9cb19c,Detecting computer-generated images by using only real images,2025,10.1117/12.3055092,https://openalex.org/W4403972496,Université Grenoble Alpes,institution:ef7c68d6edbab550,,Ji Li; Kai Wang,,1,"Univ. Grenoble Alpes, CNRS, Grenoble INP, GIPSA-lab, 38000 Grenoble, France",,,,,,,active,2026-07-06T13:48:17Z,2026-07-06T13:48:17Z
mapping:a49e94c1f07bc4d85f0c,curated:3864d12fe8df7b9cb19c,Detecting computer-generated images by using only real images,2025,10.1117/12.3055092,https://openalex.org/W4403972496,French National Centre for Scientific Research,institution:29645bb566fcd576,,Ji Li; Kai Wang,,2,"Univ. Grenoble Alpes, CNRS, Grenoble INP, GIPSA-lab, 38000 Grenoble, France",,,,,,,active,2026-07-06T13:49:18Z,2026-07-06T13:49:18Z
mapping:dd4b969f2da6ce830dbb,curated:3864d12fe8df7b9cb19c,Detecting computer-generated images by using only real images,2025,10.1117/12.3055092,https://openalex.org/W4403972496,Grenoble INP,institution:475fa3f7d32d5d27,,Ji Li; Kai Wang,,3,"Univ. Grenoble Alpes, CNRS, Grenoble INP, GIPSA-lab, 38000 Grenoble, France",,,,,,,active,2026-07-06T13:49:39Z,2026-08-24T16:41:47Z
mapping:45e84d69d444095fda28,openalex:W4400222289,A Sanity Check for AI-generated Image Detection,2024,10.48550/arxiv.2406.19435,https://openalex.org/W4400222289,Xiaohongshu Inc.,institution:d1012c88e7ee61fd,location:3b46f8ed6f87860347da,Shilin Yan; Jiayin Cai; Xiaolong Jiang; Yao Hu,,1,,,Beijing,China,39.978168,116.406507,manually_confirmed,active,2026-07-06T13:52:50Z,2026-08-26T18:30:00Z
mapping:1e4b6b1fe321142d86ef,openalex:W4400222289,A Sanity Check for AI-generated Image Detection,2024,10.48550/arxiv.2406.19435,https://openalex.org/W4400222289,University of Science and Technology of China,institution:e721b03b6f6c172d,,Ouxiang Li; Yanbin Hao,,2,,,,,,,,active,2026-07-06T13:53:08Z,2026-07-06T13:53:08Z
mapping:185b20cc0dfe56da444f,openalex:W4400222289,A Sanity Check for AI-generated Image Detection,2024,10.48550/arxiv.2406.19435,https://openalex.org/W4400222289,Shanghai Jiao Tong University,institution:fccd5d0ac9cc52f9,,Weidi Xie,,3,,,,,,,,active,2026-07-06T13:54:17Z,2026-07-06T13:54:17Z
mapping:41e042c226b68820e255,curated:8e9658fa727094695be8,MIRAGE: Towards AI-Generated Image Detection in the Wild,2026,10.1609/aaai.v40i7.37421,https://openalex.org/W7137943215,Alibaba Group,institution:73f449eb6a3c05d3,location:73f449eb6a3c05d327e2,Oucheng Huang; Manxi Lin; Jiexiang Tan; Xiaoxiong Du; Yang Qiu; Junjun Zheng; Xiangheng Kong; Yuning Jiang; Bo Zheng,,1,Taobao & Tmall Group of Alibaba,,Hangzhou,China,30.1918037,120.185449,,active,2026-07-06T13:56:11Z,2026-08-30T21:08:46Z
mapping:3b8d66f858c4a93a709e,openalex:W4408874542,SMNDNet for Multiple Types of Deepfake Image Detection,2025,10.32604/cmc.2025.063141,https://openalex.org/W4408874542,Xi'an University of Technology,institution:59879dd4d4951779,,Qin Wang; Xiaofeng Wang; Jianghua Li; Ruidong Han; Zinian Liu,,1,"1 Department of Computer Science and Engineering, Xi’an University of Technology, Xi’an, 710048, China 2 Department of Mathematics, Xi’an University of Technology, Xi’an, 710054, China",,,,,,,active,2026-07-06T14:00:28Z,2026-07-06T14:00:28Z
mapping:c58609a42562a1692699,openalex:W4408874542,SMNDNet for Multiple Types of Deepfake Image Detection,2025,10.32604/cmc.2025.063141,https://openalex.org/W4408874542,Sichuan University,institution:4c1e9439f241e5ec,,Mingtao Guo,,2,"3 The National Key Laboratory of Fundamental Science on Synthetic Vision, Sichuan University, Chengdu, 610065, China",,,,,,,active,2026-07-06T14:00:50Z,2026-07-06T14:00:50Z
mapping:5f1344ad40fea07d7060,openalex:W4414902235,Spot the Fake: Large Multimodal Model-Based Synthetic Image Detection with Artifact Explanation,2025,10.48550/arxiv.2503.14905,https://openalex.org/W4414902235,Shanghai Artificial Intelligence Laboratory,institution:c107a95b6cb53ac5,,Siwei Wen; Junyan Ye; Peilin Feng; Hengrui Kang; Zichen Wen; Jiang Wu; Conghui He; Weijia Li,,1,1 Shanghai Artificial Intelligence Laboratory,,,,,,,active,2026-07-06T14:02:43Z,2026-07-06T14:02:43Z
mapping:95b505642e4936a6a93e,openalex:W4414902235,Spot the Fake: Large Multimodal Model-Based Synthetic Image Detection with Artifact Explanation,2025,10.48550/arxiv.2503.14905,https://openalex.org/W4414902235,Sun Yat-sen University,institution:5c85faa51cc57a24,,Junyan Ye; Weijia Li,,2,2 Sun Yat-Sen University,,,,,,,active,2026-07-06T14:03:07Z,2026-07-06T14:03:07Z
mapping:f0136d7eb1c37f6b3aca,openalex:W4414902235,Spot the Fake: Large Multimodal Model-Based Synthetic Image Detection with Artifact Explanation,2025,10.48550/arxiv.2503.14905,https://openalex.org/W4414902235,Beihang University,institution:f336b3005794930b,,Siwei Wen; Wenjun Wu,,3,"3 Beijing Advanced Innovation Center for Future Blockchain and Privacy Computing, Beihang University",,,,,,,active,2026-07-06T14:03:31Z,2026-07-06T14:03:31Z
mapping:55dfecf191ed751e15cb,openalex:W4414902235,Spot the Fake: Large Multimodal Model-Based Synthetic Image Detection with Artifact Explanation,2025,10.48550/arxiv.2503.14905,https://openalex.org/W4414902235,Shanghai Jiao Tong University,institution:fccd5d0ac9cc52f9,,Hengrui Kang; Zichen Wen,,4,4 Shanghai Jiao Tong University,,,,,,,active,2026-07-06T14:03:50Z,2026-07-06T14:03:50Z
mapping:957447ffad87737a68cc,openalex:W4414902235,Spot the Fake: Large Multimodal Model-Based Synthetic Image Detection with Artifact Explanation,2025,10.48550/arxiv.2503.14905,https://openalex.org/W4414902235,"The Chinese University of Hong Kong, Shenzhen",institution:5dbb9ac6a407e079,,Yize Chen,,5,"5 The Chinese University of Hong Kong, Shenzhen",,,,,,,active,2026-07-06T14:04:25Z,2026-07-06T14:04:25Z
mapping:9c87cdfa9bcafc81aefd,openalex:W3169220064,Learning to Disentangle GAN Fingerprint for Fake Image Attribution,2021,10.48550/arxiv.2106.08749,https://openalex.org/W3169220064,"Institute of Computing Technology, Chinese Academy of Sciences",institution:e278f75918ccf8a7,,Tianyun Yang; Juan Cao; Qiang Sheng; Lei Li; Sheng Tang,,1,"1 Institute of Computing Technology, Chinese Academy of Sciences, Beijing, China",,,,,,,active,2026-07-06T14:09:09Z,2026-07-06T14:09:09Z
mapping:018659b71c6b90934e10,openalex:W3169220064,Learning to Disentangle GAN Fingerprint for Fake Image Attribution,2021,10.48550/arxiv.2106.08749,https://openalex.org/W3169220064,University of Chinese Academy of Sciences,institution:69309405e04976ec,,Tianyun Yang; Juan Cao; Qiang Sheng; Lei Li; Sheng Tang,,2,"2 University of Chinese Academy of Sciences, Beijing, China",,,,,,,active,2026-07-06T14:09:33Z,2026-07-06T14:10:06Z
mapping:be69d9298c4961ccfb71,openalex:W3169220064,Learning to Disentangle GAN Fingerprint for Fake Image Attribution,2021,10.48550/arxiv.2106.08749,https://openalex.org/W3169220064,Renmin University of China,institution:5fbb6e2cbdd4ea21,,Jiaqi Ji; Xirong Li,,3,3 Renmin University of China,,,,,,,active,2026-07-06T14:09:57Z,2026-07-06T14:09:57Z
mapping:fb8492dca642c37ccab2,openalex:W4393968982,Harnessing the Power of Large Vision Language Models for Synthetic Image Detection,2024,10.48550/arxiv.2404.02726,https://openalex.org/W4393968982,Polytechnic University of Hauts-de-France,institution:1e2fe2432a089705,,Mamadou Keita; Hassen Bougueffa; Abdelmalik Taleb-Ahmed,,1,,,,,,,,active,2026-07-06T14:11:32Z,2026-07-26T20:53:57Z
mapping:22eda1897bf6042aa5c4,openalex:W4393968982,Harnessing the Power of Large Vision Language Models for Synthetic Image Detection,2024,10.48550/arxiv.2404.02726,https://openalex.org/W4393968982,Technology Innovation Institute,institution:96dc1764e1512d0a,,Wassim Hamidouche,,2,"2 Technology Innovation Institute P.O.Box: 9639, Masdar City, Abu Dhabi, UAE",,,,,,,active,2026-07-06T14:11:56Z,2026-07-06T14:11:56Z
mapping:23b99422c0ee02cb93a3,openalex:W4393968982,Harnessing the Power of Large Vision Language Models for Synthetic Image Detection,2024,10.48550/arxiv.2404.02726,https://openalex.org/W4393968982,Sorbonne University Abu Dhabi,institution:271362b3e1310a1c,,Abdenour Hadid,,3,"3 Sorbonne Center for Artificial Intelligence, Sorbonne University Abu Dhabi, UAE",,,,,,IEEE ICASSP program,active,2026-07-06T14:12:17Z,2026-08-26T18:20:00Z
mapping:9a2187fc6a1b45200076,openalex:W7133223677,Where Did I Come From? Origin Attribution of AI-Generated Images,2023,10.52202/075280-3256,https://openalex.org/W7133223677,Rutgers University,institution:33a58a66974db112,location:33a58a66974db1122537,Zhenting Wang,,1,Rutgers University,,New Brunswick,United States,40.5008,-74.4474,manually_confirmed,active,2026-07-06T14:13:35Z,2026-08-08T11:53:07Z
mapping:5df6207d4434ba331395,openalex:W7133223677,Where Did I Come From? Origin Attribution of AI-Generated Images,2023,10.52202/075280-3256,https://openalex.org/W7133223677,Sony AI,institution:cf2639c8e56f6453,location:d99adc768886c63d2401,Chen Chen; Lingjuan Lyu,,2,Sony AI,,San Mateo,United States,37.5595,-122.2847,manually_confirmed,active,2026-07-06T14:13:57Z,2026-08-08T11:52:35Z
mapping:06bdd6399cca7b2327f3,openalex:W7133223677,Where Did I Come From? Origin Attribution of AI-Generated Images,2023,10.52202/075280-3256,https://openalex.org/W7133223677,Virginia Tech,institution:191fc14de0344472,,Yi Zeng,,3,,,,,,,,active,2026-07-06T14:14:06Z,2026-07-06T14:14:06Z
mapping:5f24c5ca67251ea45bf4,openalex:W7133223677,Where Did I Come From? Origin Attribution of AI-Generated Images,2023,10.52202/075280-3256,https://openalex.org/W7133223677,University of Massachusetts Amherst,institution:304707b21fcfbd4d,,Shiqing Ma,,4,,,,,,,,active,2026-07-06T14:14:23Z,2026-07-06T14:14:23Z
mapping:1fce0f0d7046b9841964,openalex:W7133207051,GenImage: A Million-Scale Benchmark for Detecting AI-Generated Image,2023,10.52202/075280-3398,https://openalex.org/W7133207051,Huawei Noah's Ark Lab,institution:2e62680df0fed751,,Mingjian Zhu; Hanting Chen; Qiangyu Yan; Xudong Huang; Guanyu Lin; Wei Li; Zhijun Tu; Hailin Hu; Jie Hu; Yunhe Wang,,1,,,,,,,,active,2026-07-06T14:16:49Z,2026-07-06T14:16:49Z
mapping:f3f96f1fb7ca8cbd9590,openalex:W4367061162,Seeing is not always believing: Benchmarking Human and Model Perception of AI-Generated Images,2023,10.48550/arxiv.2304.13023,https://openalex.org/W4367061162,Shanghai Jiao Tong University,institution:fccd5d0ac9cc52f9,,Zeyu Lu,,1,,,,,,,,active,2026-07-06T14:19:29Z,2026-07-06T14:19:29Z
mapping:4588f4a0f6cfeee713e7,openalex:W4367061162,Seeing is not always believing: Benchmarking Human and Model Perception of AI-Generated Images,2023,10.48550/arxiv.2304.13023,https://openalex.org/W4367061162,Shanghai Artificial Intelligence Laboratory,institution:c107a95b6cb53ac5,,Zeyu Lu; Di Huang; Lei Bai; Jingjing Qu; Wanli Ouyang,,2,,,,,,,,active,2026-07-06T14:19:49Z,2026-07-06T14:19:49Z
mapping:315853fa6272e3a28373,openalex:W4367061162,Seeing is not always believing: Benchmarking Human and Model Perception of AI-Generated Images,2023,10.48550/arxiv.2304.13023,https://openalex.org/W4367061162,The University of Sydney,institution:1984e5f97afb62d8,,Di Huang,,3,,,,,,,,active,2026-07-06T14:20:02Z,2026-07-06T14:20:02Z
mapping:d3df5138aff0ba5c1216,openalex:W4367061162,Seeing is not always believing: Benchmarking Human and Model Perception of AI-Generated Images,2023,10.48550/arxiv.2304.13023,https://openalex.org/W4367061162,The University of Hong Kong,institution:404cfa1ef241f359,,Chengyue Wu; Xihui Liu,,4,,,,,,,,active,2026-07-06T14:20:14Z,2026-07-06T14:20:14Z
mapping:518116b579feb60eb1d5,openalex:W4399151866,Text Modality Oriented Image Feature Extraction for Detecting Diffusion-based DeepFake,2024,10.48550/arxiv.2405.18071,https://openalex.org/W4399151866,East China Normal University,institution:a8d8c5fe60be3e65,,Di Yang; Geguang Pu,,1,,,,,,,,active,2026-07-06T14:42:57Z,2026-07-06T14:42:57Z
mapping:b492da3b1220143c5182,openalex:W4399151866,Text Modality Oriented Image Feature Extraction for Detecting Diffusion-based DeepFake,2024,10.48550/arxiv.2405.18071,https://openalex.org/W4399151866,Nanyang Technological University,institution:c111feb812f1a7ed,,Yihao Huang; Xiaojun Jia; Yang Liu,,2,"2 Nanyang Technological University, Singapore",,,,,,,active,2026-07-06T14:43:13Z,2026-07-06T14:43:13Z
mapping:4c5c9309637a3bf7bcfe,openalex:W4399151866,Text Modality Oriented Image Feature Extraction for Detecting Diffusion-based DeepFake,2024,10.48550/arxiv.2405.18071,https://openalex.org/W4399151866,"Agency for Science, Technology and Research",institution:e81a0314e783d8a4,,Qing Guo,,3,"3 CFAR and IHPC, Agency for Science, Technology and Research (A*STAR), Singapore",,,,,,,active,2026-07-06T14:43:38Z,2026-08-24T16:41:47Z
mapping:ceedaf82a14391d89ab8,openalex:W4399151866,Text Modality Oriented Image Feature Extraction for Detecting Diffusion-based DeepFake,2024,10.48550/arxiv.2405.18071,https://openalex.org/W4399151866,New York University,institution:c83aeae887827902,,Felix Juefei-Xu,,4,,,,,,,,active,2026-07-06T14:44:04Z,2026-07-06T14:44:04Z
mapping:2294c4cd637a66a3f33b,openalex:W4399151866,Text Modality Oriented Image Feature Extraction for Detecting Diffusion-based DeepFake,2024,10.48550/arxiv.2405.18071,https://openalex.org/W4399151866,Wuhan University,institution:f23b95ce92de4591,,Run Wang,,5,,,,,,,,active,2026-07-06T14:44:21Z,2026-07-06T14:44:21Z
mapping:ebd210c3de86e6499c27,openalex:W4414970554,Mirage: Unveiling Hidden Artifacts in Synthetic Images with Large Vision-Language Models,2025,10.48550/arxiv.2510.03840,https://openalex.org/W4414970554,Indian Institute of Technology Roorkee,institution:d0b09c4ef698e8de,,Pranav Sharma; Shivank Garg; Durga Toshniwal,,1,"Indian Institute of Technology Roorkee, Roorkee, India",,,,,,,active,2026-07-06T14:51:35Z,2026-07-06T14:51:35Z
mapping:35dcfda02bdcaf42f386,curated:0b34eeaa2b4f5b0a7b3b,Aligned Datasets Improve Detection of Latent Diffusion-Generated Images,2025,10.48550/arxiv.2410.11835,https://openalex.org/W4403575374,University of Wisconsin-Madison,institution:3e2e527953176c93,,Anirudh Sundara Rajan; Utkarsh Ojha; Jedidiah Schloesser; Yong Jae Lee,,1,All listed authors are affiliated with University of Wisconsin-Madison.,,,,,,,active,2026-07-06T14:55:42Z,2026-07-06T14:55:42Z
mapping:e65e12b0172c3b6964ba,curated:f158c57190bcd2c8405c,Is Artificial Intelligence Generated Image Detection a Solved Problem?,2025,10.48550/arxiv.2505.12335,https://openalex.org/W4417300571,Nanjing University of Information Science and Technology,institution:0af8b0b3be8e7963,,Ziqiang Li; Jiazhen Yan; Ziwen He; Weiwei Jiang; Lizhi Xiong; Zhangjie Fu,,1,"1 School of Computer Science, Nanjing University of Information Science and Technology",,,,,,,active,2026-07-06T15:00:58Z,2026-07-06T15:00:58Z
mapping:9d472671b0f11a32891a,curated:f158c57190bcd2c8405c,Is Artificial Intelligence Generated Image Detection a Solved Problem?,2025,10.48550/arxiv.2505.12335,https://openalex.org/W4417300571,University of Siena,institution:65dbfd1e022f02e2,,Kai Zeng,,2,"2 University of Siena, Siena, Italy",,,,,,,active,2026-07-06T15:01:22Z,2026-07-06T15:01:22Z
mapping:d69ef60c28ad5043b3da,curated:211ea83fa8d41c8ec810,AI-Generated Image Detection Algorithm Based on Classical-Quantum Hybrid Neural Network,2026,10.1007/s11432-024-4475-4,https://openalex.org/W7123358516,Anhui University,institution:16ee891260af74c0,,Juncong Xu; Yang Yang; Lei Qu,,1,"Institute of Artificial Intelligence, Hefei Comprehensive National Science Center, Hefei, 230088, China | School of Electronic and Information Engineering, Anhui University, Hefei, 230039, China | Hefei National Laboratory, University of Science and Technology of China, Hefei, 230026, China",,,,,,manually_confirmed,active,2026-07-06T15:02:41Z,2026-08-20T20:44:51Z
mapping:8f7295a5b0f5be985000,curated:211ea83fa8d41c8ec810,AI-Generated Image Detection Algorithm Based on Classical-Quantum Hybrid Neural Network,2026,10.1007/s11432-024-4475-4,https://openalex.org/W7123358516,National University of Singapore,institution:70ccb485197bbb6c,location:70ccb485197bbb6c89fd,Han Fang,,3,"School of Computing, National University of Singapore, Singapore, 119077, Singapore",,Singapore,Singapore,1.2959845,103.7766186,manually_confirmed,active,2026-07-06T15:02:41Z,2026-08-20T20:43:52Z
mapping:e9703eb14d5b51cd7de5,curated:211ea83fa8d41c8ec810,AI-Generated Image Detection Algorithm Based on Classical-Quantum Hybrid Neural Network,2026,10.1007/s11432-024-4475-4,https://openalex.org/W7123358516,University of Science and Technology of China,institution:e721b03b6f6c172d,location:e721b03b6f6c172dd7c7,Kejiang Chen; Weiming Zhang; Lei Qu; Guoping Guo,,4,"4 Anhui Province Key Laboratory of Digital Security, University of Science and Technology of China, Hefei 230026, China 5 Laboratory of Quantum Information, School of Physics, University of Science and Technology of China, Hefei 230026, China 7 Hefei National Laboratory, University of Science and Technology of China, Hefei 230026, China",,Hefei,China,31.8229,117.2808,manually_confirmed,active,2026-07-06T15:02:41Z,2026-08-20T20:45:05Z
mapping:b29c346c0bf20d2e6579,curated:211ea83fa8d41c8ec810,AI-Generated Image Detection Algorithm Based on Classical-Quantum Hybrid Neural Network,2026,10.1007/s11432-024-4475-4,https://openalex.org/W7123358516,"Institute of Artificial Intelligence, Hefei Comprehensive National Science Center",institution:db049bef3a2d25e0,location:db049bef3a2d25e0aae8,Juncong Xu; Yang Yang; Zhaoyun Chen,,2,"Institute of Artificial Intelligence, Hefei Comprehensive National Science Center, Hefei, 230088, China",,Hefei,China,31.827,117.121,manually_confirmed,active,2026-07-06T15:02:41Z,2026-08-20T20:49:31Z
mapping:b23b637b1e1894f67386,curated:211ea83fa8d41c8ec810,AI-Generated Image Detection Algorithm Based on Classical-Quantum Hybrid Neural Network,2026,10.1007/s11432-024-4475-4,https://openalex.org/W7123358516,"Origin Quantum Computing Technology (Hefei) Co., Ltd.",institution:502b0f4ec4bc4546,,Menghan Dou,,5,"6 Origin Quantum Computing Co., Ltd, Hefei 230026, China",,,,,,manually_confirmed,active,2026-07-06T15:02:41Z,2026-08-20T20:46:23Z
mapping:7ee484596bee6bdc93f0,curated:29878fee09624b7d105d,Self-Supervised AI-Generated Image Detection: A Camera Metadata Perspective,2026,10.1109/tpami.2026.3654274,https://openalex.org/W7124134169,City University of Hong Kong,institution:ec71dc4340659fd9,,Nan Zhong; Mian Zou; Kede Ma,,1,"Nan Zhong and Mian Zou are with the Department of Computer Science, City University of Hong Kong, Kowloon, Hong Kong. Kede Ma is with the Department of Computer Science and the Shenzhen Research Institute, City University of Hong Kong, Kowloon, Hong Kong.",,,,,,,active,2026-07-06T15:10:00Z,2026-07-06T15:12:05Z
mapping:858d672c532c0f322a73,curated:29878fee09624b7d105d,Self-Supervised AI-Generated Image Detection: A Camera Metadata Perspective,2026,10.1109/tpami.2026.3654274,https://openalex.org/W7124134169,Fudan University,institution:baa1df7c4adddbda,,Yiran Xu; Zhenxing Qian; Xinpeng Zhang,,2,"Yiran Xu, Zhenxing Qian, and Xinpeng Zhang are with the Department of Computer Science, Fudan University, Shanghai 200433, China.",,,,,,,active,2026-07-06T15:10:00Z,2026-07-06T15:12:26Z
mapping:422d31d0592f25af829a,curated:29878fee09624b7d105d,Self-Supervised AI-Generated Image Detection: A Camera Metadata Perspective,2026,10.1109/tpami.2026.3654274,https://openalex.org/W7124134169,"The Chinese University of Hong Kong, Shenzhen",institution:5dbb9ac6a407e079,,Baoyuan Wu,,3,"School of Artificial Intelligence, Chinese University of Hong Kong, Shenzhen, Guangdong, China",,,,,,publisher affiliation,active,2026-07-06T15:10:00Z,2026-08-26T18:20:00Z
mapping:544659d4450bbf64fa12,curated:29878fee09624b7d105d,Self-Supervised AI-Generated Image Detection: A Camera Metadata Perspective,2026,10.1109/tpami.2026.3654274,https://openalex.org/W7124134169,"City University of Hong Kong, Shenzhen Research Institute",institution:cedf27014e59d7d9,,Kede Ma,last,1,"Department of Computer Science and the Shenzhen Research Institute, City University of Hong Kong, Kowloon, Hong Kong",https://openalex.org/I4210105229,,CN,,,OpenAlex authorships,excluded,2026-07-06T15:10:00Z,2026-07-06T15:13:21Z
mapping:dee10db632bae24617f1,curated:29642e43aa51fece46f7,Beyond Semantic Features: Pixel-level Mapping for Generalized AI-Generated Image Detection,2026,10.1609/aaai.v40i42.40927,https://openalex.org/W7139104673,"Institute of Computing Technology, Chinese Academy of Sciences",institution:e278f75918ccf8a7,,Chenming Zhou; Jiaan Wang; Yu Li; Lei Li; Juan Cao; Sheng Tang,first; middle; middle; middle; middle; last,1,"Institute of Computing Technology, Chinese Academy of Sciences, Beijing, China University of Chinese Academy of Sciences, Beijing, China",https://openalex.org/I4210090176,,CN,,,OpenAlex authorships,needs_review,2026-07-06T15:21:46Z,2026-07-15T13:24:17Z
mapping:4f18946af94781a29726,curated:29642e43aa51fece46f7,Beyond Semantic Features: Pixel-level Mapping for Generalized AI-Generated Image Detection,2026,10.1609/aaai.v40i42.40927,https://openalex.org/W7139104673,University of Chinese Academy of Sciences,institution:69309405e04976ec,,Chenming Zhou; Jiaan Wang; Yu Li; Lei Li; Juan Cao; Sheng Tang,first; middle; middle; middle; middle; last,2,"Institute of Computing Technology, Chinese Academy of Sciences, Beijing, China University of Chinese Academy of Sciences, Beijing, China",https://openalex.org/I4210165038,,CN,,,OpenAlex authorships,active,2026-07-06T15:21:46Z,2026-07-06T15:21:46Z
mapping:e49b8aec9215bd04ac9d,curated:911d693997183535a4ac,Towards Explainable Fake Image Detection with Multi-Modal Large Language Models,2025,10.1145/3746027.3755421,https://openalex.org/W4415536758,Shanghai Jiao Tong University,institution:fccd5d0ac9cc52f9,,Yikun Ji; Jiahui Zhan; Liqing Zhang; Jianfu Zhang,first; middle; middle; last,1,"Shanghai Jiao Tong University, Shanghai, China",https://openalex.org/I183067930,,CN,,,OpenAlex authorships,active,2026-07-07T20:37:25Z,2026-07-07T20:37:25Z
mapping:9a4526a749c30af29dd2,curated:911d693997183535a4ac,Towards Explainable Fake Image Detection with Multi-Modal Large Language Models,2025,10.1145/3746027.3755421,https://openalex.org/W4415536758,Ant Group,institution:5a28a1a99a417ba5,,Yan Hong; Haoxing Chen; Jun Lan; Huijia Zhu; Weiqiang Wang,,2,"Ant Group, Hangzhou, China",,,,,,manually_confirmed,active,2026-07-07T20:37:25Z,2026-07-15T15:36:43Z
mapping:f4e33061010bb59dfc22,curated:8bdbf72555619e7893d3,Beyond Known Fakes: Generalized Detection of AI-Generated Images via Post-hoc Distribution Alignment,2025,10.48550/arxiv.2502.10803,https://openalex.org/W4407684102,Shandong University,institution:b3d626f58155d650,,Li Wang; Wenyu Chen; Xiangtao Meng; Zheng Li; Shanqing Guo,,1,"School of Cyber Science and Technology, Shandong University; State Key Laboratory of Cryptography and Digital Economy Security, Shandong University; Shandong Key Laboratory of Artificial Intelligence Security, Shandong University",,,,,,,active,2026-07-07T20:46:49Z,2026-07-07T20:46:49Z
mapping:ff32b41d391278f4b74e,curated:fe2c4c4c423cdd91d6d3,Understanding and Improving Training-Free AI-Generated Image Detections with Vision Foundation Models,2024,10.48550/arxiv.2411.19117,https://openalex.org/W4405030035,IBM Thomas J. Watson Research Center,institution:f5c8a9b792d3b901,,Chung-Ting Tsai; Ching-Yun Ko; I-Hsin Chung; Pin-Yu Chen,,1,IBM Thomas J. Watson Research Center,,,,,,,active,2026-07-07T20:55:12Z,2026-07-07T22:03:48Z
mapping:bb3d1782d290feb66faa,curated:fe2c4c4c423cdd91d6d3,Understanding and Improving Training-Free AI-Generated Image Detections with Vision Foundation Models,2024,10.48550/arxiv.2411.19117,https://openalex.org/W4405030035,National Taiwan University,institution:69a779f3b8d566f6,,Chung-Ting Tsai; Yu-Chiang Frank Wang,,2,,,,,,,,active,2026-07-07T20:55:33Z,2026-07-07T20:55:33Z
mapping:9ed736fc32dbdf41441f,curated:d9f9207830bec1da388f,Towards More Accurate Fake Detection on Images Generated from Advanced Generative and Neural Rendering Models,2024,10.48550/arxiv.2411.08642,https://openalex.org/W4404407873,Carnegie Mellon University,institution:c5235efb76365de2,,Chengdong Dong; Vijayakumar Bhagavatula,,1,"Department of Electrical and Computer Engineering, Carnegie Mellon University",,,,,,,active,2026-07-07T20:58:32Z,2026-07-07T20:58:32Z
mapping:afa479ac5c5fd9016d7c,curated:d9f9207830bec1da388f,Towards More Accurate Fake Detection on Images Generated from Advanced Generative and Neural Rendering Models,2024,10.48550/arxiv.2411.08642,https://openalex.org/W4404407873,The Hong Kong Polytechnic University,institution:31f980eaa403801a,,Chengdong Dong; Zhenyu Zhou; Ajay Kumar,,2,"Department of Data Science and Artificial Intelligence, The Hong Kong Polytechnic University",,,,,,,active,2026-07-07T20:59:04Z,2026-07-07T20:59:04Z
mapping:c7f4928f2e60f7d847d1,curated:fa317ff4ccce609227c0,Improving Interpretability and Robustness for the Detection of AI-Generated Images,2024,10.48550/arxiv.2406.15035,https://openalex.org/W4399991031,Queen Mary University of London,institution:c5eade35ea50a856,,Tatiana Gaintseva; Greg Slabaugh,,1,"Digital Environment Research Institute, Queen Mary University of London, UK",,,,,,,active,2026-07-07T21:02:21Z,2026-07-07T21:02:21Z
mapping:147d630b2cfd5c3bab7b,curated:fa317ff4ccce609227c0,Improving Interpretability and Robustness for the Detection of AI-Generated Images,2024,10.48550/arxiv.2406.15035,https://openalex.org/W4399991031,AI Foundation and Algorithm Lab,institution:b145c3f748543038,,Laida Kushnareva; Irina Piontkovskaya,,2,"AI Foundation and Algorithm Lab, Russia",,,,,,,active,2026-07-07T21:02:49Z,2026-07-07T21:02:49Z
mapping:a40c452ff3c1691f87d5,curated:fa317ff4ccce609227c0,Improving Interpretability and Robustness for the Detection of AI-Generated Images,2024,10.48550/arxiv.2406.15035,https://openalex.org/W4399991031,HSE University,institution:95daf5606b8bd80c,,German Magai,,3,"HSE University, Russia",,,,,,,active,2026-07-07T21:03:18Z,2026-07-07T21:03:18Z
mapping:50b185406f29a4f83bcd,curated:fa317ff4ccce609227c0,Improving Interpretability and Robustness for the Detection of AI-Generated Images,2024,10.48550/arxiv.2406.15035,https://openalex.org/W4399991031,Noeon Research,institution:d1f71b03766ee0a2,,German Magai,,4,"Noeon Research, Japan",,,,,,,active,2026-07-07T21:03:34Z,2026-07-07T21:03:34Z
mapping:ec95f97039fb37d93e2a,curated:fa317ff4ccce609227c0,Improving Interpretability and Robustness for the Detection of AI-Generated Images,2024,10.48550/arxiv.2406.15035,https://openalex.org/W4399991031,Skolkovo Institute of Science and Technology,institution:91d1003beb3bcb91,,Serguei Barannikov,,5,"Skolkovo Institute of Science and Technology, Russia",,,,,,,active,2026-07-07T21:03:59Z,2026-07-07T22:11:26Z
mapping:9b9542436e5df14e6c19,curated:fa317ff4ccce609227c0,Improving Interpretability and Robustness for the Detection of AI-Generated Images,2024,10.48550/arxiv.2406.15035,https://openalex.org/W4399991031,French National Centre for Scientific Research,institution:29645bb566fcd576,,Serguei Barannikov,,6,"CNRS, Université Paris Cité, France",,,,,,,active,2026-07-07T21:04:22Z,2026-08-24T16:41:47Z
mapping:4bce49ad41fbdd5cb0f6,curated:fa317ff4ccce609227c0,Improving Interpretability and Robustness for the Detection of AI-Generated Images,2024,10.48550/arxiv.2406.15035,https://openalex.org/W4399991031,St. Petersburg Department of the Steklov Institute of Mathematics,institution:a202a16ef9383442,,Sergey Nikolenko,,7,"St. Petersburg Department of the Steklov Institute of Mathematics, Russia",,,,,,,active,2026-07-07T21:05:25Z,2026-07-07T22:09:16Z
mapping:9ac7ab3690f8275dd5f0,curated:fa317ff4ccce609227c0,Improving Interpretability and Robustness for the Detection of AI-Generated Images,2024,10.48550/arxiv.2406.15035,https://openalex.org/W4399991031,University College London,institution:fa3c75d12710670b,,Martin Benning,,8,"Department of Computer Science, University College London, UK",,,,,,,active,2026-07-07T21:05:51Z,2026-07-07T21:05:51Z
mapping:c8bdaf3bcdd92ed9b71b,curated:9a84f4f666bcdda92186,Mixture of Low-rank Experts for Transferable AI-Generated Image Detection,2024,10.48550/arxiv.2404.04883,https://openalex.org/W4394664218,Shanghai Jiao Tong University,institution:fccd5d0ac9cc52f9,,Zihan Liu; Hanyi Wang; Yaoyu Kang; Shilin Wang,,1,,,,,,,,active,2026-07-07T21:07:17Z,2026-07-07T21:07:17Z
mapping:180b366d117a5961ea88,curated:40db3b79c5d83b80e5a4,Fake-GPT: Detecting Fake Image via Large Language Model,2024,10.1007/978-981-97-8685-5_9,https://openalex.org/W4404007821,"China Telecom Cloud Technology Co., Ltd.",institution:0be9d444a6c88894,,Yuming Fan; Dongming Yang,,1,"China Telecom Cloud Technology Co., Ltd, Beijing, China",,,,,,Springer paper affiliation; coordinate pending separately,active,2026-07-07T21:09:13Z,2026-08-26T18:20:00Z
mapping:06fc145e2e812a080fc5,curated:40db3b79c5d83b80e5a4,Fake-GPT: Detecting Fake Image via Large Language Model,2024,10.1007/978-981-97-8685-5_9,https://openalex.org/W4404007821,China Telecom,institution:2f4cdd3b31b9a5db,,Yuming Fan; Dongming Yang,first; middle,1,"China Telecom Cloud Technology Co., Ltd, Beijing, China",https://openalex.org/I4387153335,,,,,OpenAlex authorships,excluded,2026-07-07T21:09:13Z,2026-07-07T21:14:32Z
mapping:8e9999847739c278a33b,curated:40db3b79c5d83b80e5a4,Fake-GPT: Detecting Fake Image via Large Language Model,2024,10.1007/978-981-97-8685-5_9,https://openalex.org/W4404007821,"Institute of Information Engineering, Chinese Academy of Sciences",institution:cee70184073782c7,,Jiguang Zhang,middle,2,"Institute of Automation, Chinese Academy of Sciences; School of Artificial Intelligence, University of Chinese Academy of Sciences, Beijing, China | School of Artificial Intelligence, University of Chinese Academy of Sciences, Beijing, China | Institute of Automation, Chinese Academy of Sciences",https://openalex.org/I19820366,,CN,,,OpenAlex authorships,excluded,2026-07-07T21:09:13Z,2026-07-07T21:16:02Z
mapping:3e626e3497bc18ca7abc,curated:40db3b79c5d83b80e5a4,Fake-GPT: Detecting Fake Image via Large Language Model,2024,10.1007/978-981-97-8685-5_9,https://openalex.org/W4404007821,Beijing Academy of Artificial Intelligence,institution:985443a2d7239406,,Jiguang Zhang,middle,3,"Institute of Automation, Chinese Academy of Sciences; School of Artificial Intelligence, University of Chinese Academy of Sciences, Beijing, China | School of Artificial Intelligence, University of Chinese Academy of Sciences, Beijing, China | Institute of Automation, Chinese Academy of Sciences",https://openalex.org/I4210100255,,CN,,,OpenAlex authorships,excluded,2026-07-07T21:09:13Z,2026-07-07T21:16:08Z
mapping:ab87f822706ed5c53fac,curated:40db3b79c5d83b80e5a4,Fake-GPT: Detecting Fake Image via Large Language Model,2024,10.1007/978-981-97-8685-5_9,https://openalex.org/W4404007821,"Institute of Automation, Chinese Academy of Sciences",institution:966ff12833f90bb0,location:966ff12833f90bb0ba7e,Jiguang Zhang,,2,"Institute of Automation, Chinese Academy of Sciences; School of Artificial Intelligence, University of Chinese Academy of Sciences, Beijing, China | School of Artificial Intelligence, University of Chinese Academy of Sciences, Beijing, China | Institute of Automation, Chinese Academy of Sciences",,Beijing,China,39.9826,116.3336,manually_confirmed,active,2026-07-07T21:09:13Z,2026-08-27T14:57:36Z
mapping:d77e3ab948b4fb245ee5,curated:40db3b79c5d83b80e5a4,Fake-GPT: Detecting Fake Image via Large Language Model,2024,10.1007/978-981-97-8685-5_9,https://openalex.org/W4404007821,University of Chinese Academy of Sciences,institution:69309405e04976ec,,Jiguang Zhang,middle,3,"Institute of Automation, Chinese Academy of Sciences; School of Artificial Intelligence, University of Chinese Academy of Sciences, Beijing, China | School of Artificial Intelligence, University of Chinese Academy of Sciences, Beijing, China | Institute of Automation, Chinese Academy of Sciences",https://openalex.org/I4210165038,,CN,,,OpenAlex authorships,active,2026-07-07T21:09:13Z,2026-07-07T21:09:13Z
mapping:37ddf72236ac28d18cc4,curated:40db3b79c5d83b80e5a4,Fake-GPT: Detecting Fake Image via Large Language Model,2024,10.1007/978-981-97-8685-5_9,https://openalex.org/W4404007821,Peking University,institution:46e4866d3b2954ab,,Bang Yang; Yuexian Zou,middle; last,4,"Peking University, Beijing, China",https://openalex.org/I20231570,,CN,,,OpenAlex authorships,active,2026-07-07T21:09:13Z,2026-07-07T21:09:13Z
mapping:3fedf0b0eb04adb395af,curated:0f774e5d7c63020bdc50,Privacy-preserving and zero-shot detection strategies for multimodal AI-generated content,2026,10.1016/j.neucom.2026.133229,https://openalex.org/W7133555253,Wanjiang University of Technology,institution:dc3e4a6107db41d1,,Liting Zhang; Peng Xiong; Jintao Wang,,1,"School of Computer & Artificial Intelligence, Wanjiang University of Technology, Ma’anshan, 243000, Anhui, China",,,,,,manually_confirmed,active,2026-07-07T21:25:45Z,2026-07-29T06:57:37Z
mapping:70d0f608ba7ed3f44558,curated:67a6b7828afaed59e1c0,Transformer Based on Multi-Domain Feature Fusion for AI-Generated Image Detection,2026,10.3390/electronics15030716,https://openalex.org/W7128159442,Gachon University,institution:6beb2f6c52d3f30c,,Qiaoyue Man; Young-Im Cho,,1,"Department of Computer Engineering, Gachon University, 1342 Seongnamdaero, Sujeong-gu, Seongnam-si 13120, Republic of Korea",,,,,,manually_confirmed,active,2026-07-07T21:29:06Z,2026-07-22T20:54:40Z
mapping:459d7dc442815c14aedd,curated:772bb625ccc3e45e8481,Prompt-Engineered Detection of AI-Generated Images,2025,10.3233/faia250538,https://openalex.org/W4414266830,Pegaso Telematic University,institution:4f596f4cb1eacc17,,Rita Ferrara; Leonardo Galteri,,1,Pegaso Telematic University,,,,,,manually_confirmed,active,2026-07-07T21:31:52Z,2026-08-22T14:52:53Z
mapping:97bffb4850401dd53299,curated:f105a82454d369e100b9,General and Domain-Specific Zero-shot Detection of Generated Images via Conditional Likelihood,2026,10.1109/wacv61042.2026.00754,https://openalex.org/W4417143023,Technion – Israel Institute of Technology,institution:9e5e300bb52918ca,,Roy Betser; Guy Gilboa,,1,Technion - Israel Institute of Technology,,,,,,,active,2026-07-07T21:37:04Z,2026-07-07T21:40:18Z
mapping:2b2c911fe67f74bc3940,curated:f105a82454d369e100b9,General and Domain-Specific Zero-shot Detection of Generated Images via Conditional Likelihood,2026,10.1109/wacv61042.2026.00754,https://openalex.org/W4417143023,Fujitsu Research of Europe,institution:90cbfdc3d90fe8a0,,Roy Betser; Omer Hofman; Roman Vainshtein,,2,Fujitsu Research of Europe,,,,,,,active,2026-07-07T21:37:04Z,2026-07-07T21:40:14Z
mapping:8bff576c35c180a528ae,curated:fa317ff4ccce609227c0,Improving Interpretability and Robustness for the Detection of AI-Generated Images,2024,10.48550/arxiv.2406.15035,https://openalex.org/W4399991031,Paris Cité University,institution:daff50b65ce469a3,,Serguei Barannikov,,9,,,,,,,,active,2026-07-07T21:52:44Z,2026-07-07T21:52:44Z
mapping:8958151ef70b345b52ce,openalex:W4392453284,A Siamese-Based Verification System for Open-Set Architecture Attribution of Synthetic Images,2024,10.1016/j.patrec.2024.03.002,https://openalex.org/W4392453284,University of Siena,institution:65dbfd1e022f02e2,location:65dbfd1e022f02e2ac68,Lydia Abady; Jun Wang; Benedetta Tondi; Mauro Barni,,1,University of Siena,,Siena,Italy,43.3191,11.3328,manually_confirmed,active,2026-07-07T22:14:05Z,2026-08-11T17:38:22Z
mapping:c2555c5acdfd697ccc45,curated:f76424b401abe0c0fd0c,ImagiNet: A Multi-Content Benchmark for Synthetic Image Detection,2024,10.48550/arxiv.2407.20020,https://openalex.org/W4402963808,"INSAIT, Sofia University ""St. Kliment Ohridski""",institution:507c5724052f23eb,,Delyan Boychev,,1,"INSAIT, Sofia University ""St. Kliment Ohridski""",,,,,,,active,2026-07-07T22:18:21Z,2026-07-07T22:18:21Z
mapping:528eb460883194d15559,curated:f76424b401abe0c0fd0c,ImagiNet: A Multi-Content Benchmark for Synthetic Image Detection,2024,10.48550/arxiv.2407.20020,https://openalex.org/W4402963808,Stanford University,institution:ed72534d79b73fac,,Radostin Cholakov,,2,Stanford University,,,,,,,active,2026-07-07T22:18:44Z,2026-07-07T22:18:44Z
mapping:e48fb374ced1c1e7aeb0,openalex:W4415343792,LATTE: Latent Trajectory Embedding for Diffusion-Generated Image Detection,2025,https://doi.org/10.48550/arxiv.2507.03054,https://openalex.org/W4415343792,University of Amsterdam,institution:4a9a14dbf4357b38,,Ana Vasilcoiu; Ivona Najdenkoska; Zeno Geradts; Marcel Worring,,1,,,,,,,,active,2026-07-07T22:20:17Z,2026-07-07T22:20:17Z
mapping:e1dbe59a6c5fed8dc09f,openalex:W4415343792,LATTE: Latent Trajectory Embedding for Diffusion-Generated Image Detection,2025,https://doi.org/10.48550/arxiv.2507.03054,https://openalex.org/W4415343792,Netherlands Forensic Institute,institution:bda289c20f284717,,Ivona Najdenkoska; Zeno Geradts,,2,Netherlands Forensic Institute (NFI),,,,,,,active,2026-07-07T22:20:43Z,2026-07-07T22:20:43Z
mapping:ec16e543d8059677c7d0,openalex:W7135092069,Layer Consistency Matters: Elegant Latent Transition Discrepancy for Generalizable Synthetic Image Detection,2026,https://doi.org/10.48550/arxiv.2603.10598,https://openalex.org/W7135092069,Hefei University of Technology,institution:f6342fd457763517,,Yawen Yang; Feng Li; Shuqi Kong; Yunfeng Diao; Xinjian Gao; Zenglin Shi; Meng Wang,,1,,,,,,,,active,2026-07-07T22:23:18Z,2026-07-07T22:23:18Z
mapping:013e286574ef20487d3f,openalex:W3217278836,Detection of GAN-Generated Images by Estimating Artifact Similarity,2021,10.1109/lsp.2021.3130525,https://openalex.org/W3217278836,Sichuan University,institution:4c1e9439f241e5ec,,Weichuang Li; Peisong He; Hongxia Wang; Ruimei Zhang,,1,"School of Cyber Science and Engineering, Sichuan University, Chengdu 610065, China",,,,,,,active,2026-07-07T22:46:30Z,2026-07-07T22:46:30Z
mapping:2f890060c187984b4ad8,openalex:W3217278836,Detection of GAN-Generated Images by Estimating Artifact Similarity,2021,10.1109/lsp.2021.3130525,https://openalex.org/W3217278836,City University of Hong Kong,institution:ec71dc4340659fd9,,Haoliang Li,,2,"Department of Electrical Engineering, City University of Hong Kong, Hong Kong, China",,,,,,,active,2026-07-07T22:46:51Z,2026-07-07T22:46:51Z
mapping:ab1e8e8a5e0a18348cc3,curated:5fde2c559e029508e0c3,Human vs. AI: A Novel Benchmark and a Comparative Study on the Detection\n of Generated Images and the Impact of Prompts,2025,10.48550/arxiv.2412.09715,https://openalex.org/W4405432911,Stuttgart Media University,institution:d4c79ca44c5dbbbc,,Philipp Moeßner; Heike Adel,,1,"Hochschule der Medien Stuttgart , Germany",,,,,,manually_confirmed,active,2026-07-08T11:50:18Z,2026-08-16T09:37:59Z
mapping:987669e1fe206e8a15e1,curated:cda6067db322246e8195,No Detector to Rule Them All,2025,10.1145/3746265.3759659,https://openalex.org/W4414945373,Center for Artificial Intelligence (CENTAI),institution:6e9fae05d0f9bbc3,,Alan Perotti; Mirko Zaffaroni,,1,"CENTAI Institute, Turin, Italy, IT",,,,,,manually_confirmed,active,2026-07-08T11:52:39Z,2026-08-07T20:04:00Z
mapping:f3df7a2814f65d414cb3,curated:cda6067db322246e8195,No Detector to Rule Them All,2025,10.1145/3746265.3759659,https://openalex.org/W4414945373,Polytechnic University of Turin,institution:bce986d0881eaaed,,Marco Nurisso,,2,"Polytechnic Institute of Turin, Turin, Italy, IT",,,,,,manually_confirmed,active,2026-07-08T11:52:39Z,2026-08-07T17:47:09Z
mapping:c1d0326ee1c8d6d2f1b6,curated:d3e19d8cb61eb0e7d620,Attribution as Retrieval: Model-Agnostic AI-Generated Image Attribution,2026,10.48550/arxiv.2603.10583,https://openalex.org/W7135031331,Southeast University,institution:592f613084a7ca9d,,Hongsong Wang; Renxi Cheng; Chaolei Han; Jie Gui,,1,"School of Computer Science and Engineering, Southeast University, Nanjing 210096, China; Key Laboratory of New Generation Artificial Intelligence Technology and Its Interdisciplinary Applications (Southeast University), Ministry of Education, China; School of Cyber Science and Engineering, Southeast University, Nanjing 210096, China; Engineering Research Center of Blockchain Application, Supervision And Management (Southeast University), Ministry of Education, China",,,,,,,active,2026-07-08T12:04:25Z,2026-07-08T12:04:25Z
mapping:a67a68405cb36dc15cd4,curated:d3e19d8cb61eb0e7d620,Attribution as Retrieval: Model-Agnostic AI-Generated Image Attribution,2026,10.48550/arxiv.2603.10583,https://openalex.org/W7135031331,Purple Mountain Laboratories,institution:a4cdf5c9d1038c90,,Jie Gui,,2,"Purple Mountain Laboratories, Nanjing 210000, China",,,,,,,active,2026-07-08T12:04:52Z,2026-07-08T12:04:52Z
mapping:0a9b43cf34ff5b892a0c,curated:d59bffe554500b241a3e,ImageAttributionBench: How Far Are We from Generalizable Attribution?,2026,10.48550/arxiv.2605.12967,https://openalex.org/W7161132651,Fudan University,institution:baa1df7c4adddbda,,Tingshu Mou; Chao Gong; Jingjing Chen; Xingjun Ma,,1,,,,,,,,active,2026-07-08T12:08:07Z,2026-07-08T12:08:07Z
mapping:b168ef2fb1def9bc502d,curated:d59bffe554500b241a3e,ImageAttributionBench: How Far Are We from Generalizable Attribution?,2026,10.48550/arxiv.2605.12967,https://openalex.org/W7161132651,"University of California, Berkeley",institution:be74dcf5d0cb77ea,,Zhipeng Wei,,2,,,,,,,,active,2026-07-08T12:08:35Z,2026-07-08T12:08:35Z
mapping:6c65608e250cf9cf5f0a,curated:1d944c47839b3890a623,Are handcrafted filters helpful for attributing AI-generated images?,2024,10.1145/3664647.3680945,https://openalex.org/W4403791664,Fudan University,institution:baa1df7c4adddbda,,Jialiang Li; Haoyue Wang; Sheng Li; Zhenxing Qian; Xinpeng Zhang,first; middle; middle; middle; middle,1,"Fudan University, Shanghai, China",https://openalex.org/I24943067,,CN,,,OpenAlex authorships,active,2026-07-08T15:24:26Z,2026-07-08T15:24:26Z
mapping:60885b2524f55089d4f9,curated:1d944c47839b3890a623,Are handcrafted filters helpful for attributing AI-generated images?,2024,10.1145/3664647.3680945,https://openalex.org/W4403791664,University of Agder,institution:51bbeb5bfb404721,,Athanasios V. Vasilakos,,2,"University of Adger, Grimstad, Norway",,,,,,,active,2026-07-08T15:24:26Z,2026-07-08T15:25:15Z
mapping:855d3030f4c5daec9da0,curated:56cb44d373ab183b7df9,On the Use of Mixup Augmentation for Synthetic Image Attribution in the Wild,2024,10.1109/wifs61860.2024.10810696,https://openalex.org/W4405846649,University of Siena,institution:65dbfd1e022f02e2,,Jun Wang; Benedetta Tondi; Mauro Barni,first; middle; last,1,"University of Siena,Siena,Italy",https://openalex.org/I102064193,,IT,,,OpenAlex authorships,active,2026-07-08T15:26:24Z,2026-07-08T15:26:24Z
mapping:52ce396bb8d6c7a0b6bc,curated:2117831292318de4cf18,Explainable Artifacts for Synthetic Western Blot Source Attribution,2024,10.1109/wifs61860.2024.10810680,https://openalex.org/W4405845437,University of Campinas,institution:f4a883f8d9615a43,,João Phillipe Cardenuto; Anderson Rocha,first; last,1,"Recod.ai, Institute of Computing, Universidade Estadual de Campinas (UNICAMP),Artificial Intelligence Lab.,Campinas,SP,Brazil",https://openalex.org/I181391015,,BR,,,OpenAlex authorships,needs_review,2026-07-08T15:29:01Z,2026-08-24T16:41:47Z
mapping:6a1f1135c52904549c2d,curated:2117831292318de4cf18,Explainable Artifacts for Synthetic Western Blot Source Attribution,2024,10.1109/wifs61860.2024.10810680,https://openalex.org/W4405845437,Politecnico di Milano,institution:1ee9da20656fd88b,,Sara Mandelli; Paolo Bestagini,middle; middle,2,"Politecnico di Milano,Dipartimento di Elettronica, Informazione e Bioingegneria,Milan,Italy,20133",https://openalex.org/I93860229,,IT,,,OpenAlex authorships,needs_review,2026-07-08T15:29:01Z,2026-07-08T15:29:01Z
mapping:1bf645607b0257dfbde5,curated:2117831292318de4cf18,Explainable Artifacts for Synthetic Western Blot Source Attribution,2024,10.1109/wifs61860.2024.10810680,https://openalex.org/W4405845437,Loyola University Chicago,institution:d30e2f168f8ccc03,,Daniel Moreira,middle,3,"Loyola University Chicago,Department of Computer Science,Chicago,IL,USA",https://openalex.org/I1925986,,US,,,OpenAlex authorships,needs_review,2026-07-08T15:29:01Z,2026-07-08T15:29:01Z
mapping:38ebe8aa01fb879c4361,curated:2117831292318de4cf18,Explainable Artifacts for Synthetic Western Blot Source Attribution,2024,10.1109/wifs61860.2024.10810680,https://openalex.org/W4405845437,Purdue University,institution:90b589325857dff0,,Edward J. Delp,middle,4,"Purdue University,School of Electrical and Computer Engineering,West Lafayette,IN,USA",https://openalex.org/I219193219,,US,,,OpenAlex authorships,needs_review,2026-07-08T15:29:01Z,2026-08-26T11:11:33Z
mapping:b8f33d38c88db04b2267,curated:78e64e4829587c072681,Attribution of AI-Generated Images Across Multiple Models: a Benchmark,2025,10.1007/978-3-032-11381-8_32,https://openalex.org/W7122619085,University of Palermo,institution:a407f4c649ba4c6a,,Giuseppe Mazzola; Liliana Lo Presti; Marco La Cascia,,1,"Dipartimento di Ingegneria, Università degli Studi di Palermo, 90128, Palermo, Italy",,,,,,manually_confirmed,active,2026-07-08T15:30:57Z,2026-07-14T06:44:38Z
mapping:db10d64daaec605391b6,curated:2c278dcd079ea27d0f73,MAID: Model Attribution via Inverse Diffusion,2025,10.1109/icassp49660.2025.10888869,https://openalex.org/W4408354801,Beijing University of Posts and Telecommunications,institution:1502cb7c96ae3095,,Luyu Zhu; Jiayu Yao; Chenxi Li; Luwen Zhao; Jie Hao,first; middle; middle; middle; last,1,"Beijing University of Posts and Telecommunications,China",https://openalex.org/I139759216,,CN,,,OpenAlex authorships,active,2026-07-08T15:35:14Z,2026-07-08T15:35:14Z
mapping:9a5b09bedd8308cd489d,curated:2c278dcd079ea27d0f73,MAID: Model Attribution via Inverse Diffusion,2025,10.1109/icassp49660.2025.10888869,https://openalex.org/W4408354801,Chinese University of Hong Kong,institution:ff4b6fb0e7e3f155,,Kai Ye,,1,"The University of Hong Kong,Hong Kong SAR",,,,,,manually_confirmed,excluded,2026-07-08T15:35:14Z,2026-08-01T13:22:47Z
mapping:043c8f41f17c996a33b1,curated:2c278dcd079ea27d0f73,MAID: Model Attribution via Inverse Diffusion,2025,10.1109/icassp49660.2025.10888869,https://openalex.org/W4408354801,The University of Hong Kong,institution:404cfa1ef241f359,,Kai Ye,,2,"The University of Hong Kong, Hong Kong, SAR",,,,,,manually_confirmed,active,2026-07-08T15:35:14Z,2026-08-01T13:25:18Z
mapping:e2c2d89ca68832dbd32e,curated:2c278dcd079ea27d0f73,MAID: Model Attribution via Inverse Diffusion,2025,10.1109/icassp49660.2025.10888869,https://openalex.org/W4408354801,National University of Singapore,institution:70ccb485197bbb6c,,Yuxin Cao,,3,"National University of Singapore,Singapore",,,,,,manually_confirmed,active,2026-07-08T15:35:14Z,2026-08-01T13:17:09Z
mapping:57379b0ca2796ded4d28,curated:2c278dcd079ea27d0f73,MAID: Model Attribution via Inverse Diffusion,2025,10.1109/icassp49660.2025.10888869,https://openalex.org/W4408354801,Commonwealth Scientific and Industrial Research Organisation,institution:3da00d58d4c97192,,Derui Wang,,4,"CSIRO's Data61, Australia",,,,,,manually_confirmed,active,2026-07-08T15:35:14Z,2026-08-01T13:30:44Z
mapping:2dbbb9cbae3a5e15b83a,curated:2c278dcd079ea27d0f73,MAID: Model Attribution via Inverse Diffusion,2025,10.1109/icassp49660.2025.10888869,https://openalex.org/W4408354801,Data61,institution:3be1ce40ea53f6d2,,Derui Wang,,2,"CSIRO&#x2019;s Data61,Australia",,,,,,manually_confirmed,excluded,2026-07-08T15:35:14Z,2026-08-01T13:26:13Z
mapping:d2177acec383989750a4,curated:1c590f67c931d712bb78,An Efficient Frequency Domain Based Attribution and Detection Network,2025,10.1109/access.2025.3534829,https://openalex.org/W4406857602,The University of British Columbia,institution:94efe2a875dd4d0e,,Junbin Zhang; Yixiao Wang; Hamid Reza Tohidypour; Panos Nasiopoulos,,1,"Department of Electrical and Computer Engineering, The University of British Columbia, Vancouver, BC, Canada | Department of Electrical an Computer Engineering, University of British Columbia, Vancouver, BC, Canada",,,,,,manually_confirmed,active,2026-07-08T15:38:34Z,2026-07-29T07:06:29Z
mapping:9739afc94e1ea0e1d6c5,curated:3e94d8fc69e41aade2cc,D <sup>3</sup> QE: Learning Discrete Distribution Discrepancy-Aware Quantization Error for Autoregressive-Generated Image Detection,2025,10.1109/iccv51701.2025.01512,https://openalex.org/W7160175092,Tsinghua University,institution:4ae45b121fe12e9c,,Yanran Zhang; Bingyao Yu; Yu Zheng; Wenzhao Zheng; Yueqi Duan; L Chen; Jie Zhou; Jiwen Lu,first; middle; middle; middle; middle; middle; middle; last,1,"Tsinghua University,Department of Automation,China | Tsinghua University,Department of Electronic Engineering,China",https://openalex.org/I99065089,,CN,,,OpenAlex authorships,active,2026-07-08T15:41:20Z,2026-07-08T15:41:20Z
mapping:46ad67f8b0f46d763505,curated:16646ad4b7b77cde2ad8,One for All: Synthesis-Free Fingerprint Learning for Attribution of In-the-Wild Synthetic Images,2026,10.1609/aaai.v40i42.40851,https://openalex.org/W7138936966,University of Florence,institution:42fcf4ae44e1a706,,Jianwei Fei; Dasara Shullani; Daniele Baracchi; Alessandro Piva,first; middle; middle; last,1,University of Florence,https://openalex.org/I45084792,,IT,,,OpenAlex authorships,active,2026-07-08T15:43:23Z,2026-07-08T15:43:23Z
mapping:1d6182f3b080c78a5d64,curated:16646ad4b7b77cde2ad8,One for All: Synthesis-Free Fingerprint Learning for Attribution of In-the-Wild Synthetic Images,2026,10.1609/aaai.v40i42.40851,https://openalex.org/W7138936966,Sun Yat-sen University,institution:5c85faa51cc57a24,,Yunshu Dai,middle,2,Sun Yat-sen University,https://openalex.org/I157773358,,CN,,,OpenAlex authorships,active,2026-07-08T15:43:23Z,2026-07-08T15:43:23Z
mapping:0d4dc179a09bb89f290b,curated:16646ad4b7b77cde2ad8,One for All: Synthesis-Free Fingerprint Learning for Attribution of In-the-Wild Synthetic Images,2026,10.1609/aaai.v40i42.40851,https://openalex.org/W7138936966,Jinan University,institution:8632718a2c1444c6,,Peipeng Yu; Zhihua Xia,middle; middle,3,Jinan University,,,,,,OpenAlex raw affiliation strings,active,2026-07-08T15:43:23Z,2026-07-08T15:43:23Z
mapping:4945ab9c5c5ca61d9aa6,curated:ba0669dd843c9defd483,Comparative Study of Adversarial Training and Randomized Smoothing for Robust AI-Generated Image Attribution,2026,10.1145/3785353.3815073,https://openalex.org/W7164888959,University of Siena,institution:65dbfd1e022f02e2,,Kai Zeng; Niccolò Pancino; Nasrin Malekzadeh Goradel; Mauro Barni; Benedetta Tondi,first; middle; middle; middle; last,1,"Department of Information engineering and mathematics, University of Siena, Siena, Italy",https://openalex.org/I102064193,,IT,,,OpenAlex authorships,active,2026-07-11T13:26:41Z,2026-07-11T13:26:41Z
mapping:ec00802087c3cd09e0a9,curated:589870527983af575480,The Deployment Gap in AI Media Detection: Platform-Aware and Visually Constrained Adversarial Evaluation,2026,,https://openalex.org/W7154539686,Hand and Upper Limb Clinic,institution:2b9a45614734dda3,,Aishwarya Budhkar; Trishita Dhara; Siddhesh Sheth,first; middle; last,1,Indiana University Upper Hand,https://openalex.org/I4210114399,,CA,,,OpenAlex authorships,excluded,2026-07-11T13:31:08Z,2026-08-26T11:11:33Z
mapping:7ff979f8294a3c2a8890,curated:589870527983af575480,The Deployment Gap in AI Media Detection: Platform-Aware and Visually Constrained Adversarial Evaluation,2026,,https://openalex.org/W7154539686,Indiana Hand to Shoulder Center,institution:7c73c5ea3377e7f2,,Aishwarya Budhkar; Trishita Dhara; Siddhesh Sheth,first; middle; last,2,Indiana University Upper Hand,https://openalex.org/I4210149398,,US,,,OpenAlex authorships,excluded,2026-07-11T13:31:08Z,2026-08-26T11:11:33Z
mapping:14d2c27839905e0a4832,curated:efceafb2be2246aa120b,Weakly‐Aligned Region‐Language Transformer for Real‐Time Artistic Content Detection in SAGIN,2025,10.1002/ett.70335,https://openalex.org/W7117628628,Jilin Engineering Vocational College,institution:c45f90fe3d40e0f7,,Jiayue Yu,first,1,Jilin Engineering Vocational College Siping China,https://openalex.org/I4210102701,,CN,,,Wiley publisher affiliation,active,2026-07-11T13:45:25Z,2026-08-26T19:12:00Z
mapping:3904f7c2221b4da84e8e,curated:efceafb2be2246aa120b,Weakly‐Aligned Region‐Language Transformer for Real‐Time Artistic Content Detection in SAGIN,2025,10.1002/ett.70335,https://openalex.org/W7117628628,"Birla Institute of Technology, Mesra",institution:ffd387a3478eb9e9,,Sudip Kumar Sahana,last,2,Department of Computer Science &amp; Engineering Birla Institute of Technology Mesra India,https://openalex.org/I115715567,,IN,,,Wiley publisher affiliation,active,2026-07-11T13:45:25Z,2026-08-26T19:35:00Z
mapping:656a9babbcc62b9dbd8e,curated:8ffdbd0ba264927d1c3a,Robust Fake Image Detection via Incremental Training of Siamese Neural Networks,2025,10.1007/978-981-95-3551-4_23,https://openalex.org/W7118011364,University of Salerno,institution:d91bdebb133e022b,,Aniello Castiglione; Lucia Cimmino; Michele Nappi; Matteo Polsinelli; Carlo Sorrentino,,1,"Department of Management and Innovation Systems, University of Salerno, 84084, Fisciano, Italy | Department of Computer Science, University of Salerno, 84084, Fisciano, Italy",,,,,,manually_confirmed,active,2026-07-11T13:48:55Z,2026-08-07T19:50:23Z
mapping:d4cd48e9e07689847935,curated:08aa2b51bb36247bdda3,RealNet: Efficient and Unsupervised Detection of AI-Generated Images via Real-Only Representation Learning,2026,10.1609/aaai.v40i45.41234,https://openalex.org/W7139096423,The Hong Kong University of Science and Technology,institution:fa80d3c071c298e1,,Shuaibo Li,first,2,"College of Computer Science, Beijing University of Technology The Hong Kong University of Science and Technology (Guangzhou)",https://openalex.org/I200769079,,HK,,,OpenAlex conflated HKUST identity,excluded,2026-07-11T13:51:12Z,2026-08-26T18:20:00Z
mapping:ba54dc885174bdedccb5,curated:08aa2b51bb36247bdda3,RealNet: Efficient and Unsupervised Detection of AI-Generated Images via Real-Only Representation Learning,2026,10.1609/aaai.v40i45.41234,https://openalex.org/W7139096423,The University of Hong Kong,institution:404cfa1ef241f359,,Shuaibo Li,first,2,"College of Computer Science, Beijing University of Technology The Hong Kong University of Science and Technology (Guangzhou)",https://openalex.org/I889458895,,HK,,,OpenAlex incorrect institution identity,excluded,2026-07-11T13:51:12Z,2026-08-26T18:20:00Z
mapping:2dba527a366b90535c4c,curated:08aa2b51bb36247bdda3,RealNet: Efficient and Unsupervised Detection of AI-Generated Images via Real-Only Representation Learning,2026,10.1609/aaai.v40i45.41234,https://openalex.org/W7139096423,Beijing University of Technology,institution:f060d61d546153f2,,Shuaibo Li; Laixin Zhang; Wei Ma,first; middle; middle,1,"College of Computer Science, Beijing University of Technology",https://openalex.org/I37796252,,CN,,,AAAI paper affiliation markers,active,2026-07-11T13:51:12Z,2026-08-26T18:20:00Z
mapping:0cc8aa2b91063909b8b5,curated:08aa2b51bb36247bdda3,RealNet: Efficient and Unsupervised Detection of AI-Generated Images via Real-Only Representation Learning,2026,10.1609/aaai.v40i45.41234,https://openalex.org/W7139096423,Beijing Normal University,institution:924e1e0e9723b423,,Jianwei Guo,middle,3,"School of Artificial Intelligence, Beijing Normal University",https://openalex.org/I25254941,,CN,,,AAAI paper affiliation markers,active,2026-07-11T13:51:12Z,2026-08-26T18:20:00Z
mapping:ea00069424c3448e78b4,curated:08aa2b51bb36247bdda3,RealNet: Efficient and Unsupervised Detection of AI-Generated Images via Real-Only Representation Learning,2026,10.1609/aaai.v40i45.41234,https://openalex.org/W7139096423,Beijing University of Posts and Telecommunications,institution:1502cb7c96ae3095,,Shibiao Xu,middle,4,"School of Artificial Intelligence, Beijing University of Posts and Telecommunications",https://openalex.org/I139759216,,CN,,,AAAI paper affiliation markers,active,2026-07-11T13:51:12Z,2026-08-26T18:20:00Z
mapping:a531530a731f913379bb,curated:08aa2b51bb36247bdda3,RealNet: Efficient and Unsupervised Detection of AI-Generated Images via Real-Only Representation Learning,2026,10.1609/aaai.v40i45.41234,https://openalex.org/W7139096423,The Hong Kong University of Science and Technology (Guangzhou),institution:942667142da716c5,,Zhijie Qiu,middle,2,The Hong Kong University of Science and Technology (Guangzhou),,,,,,AAAI paper affiliation markers,active,2026-07-11T13:51:12Z,2026-08-26T18:20:00Z
mapping:5a17c95e8a137300b37e,curated:08aa2b51bb36247bdda3,RealNet: Efficient and Unsupervised Detection of AI-Generated Images via Real-Only Representation Learning,2026,10.1609/aaai.v40i45.41234,https://openalex.org/W7139096423,Anqing Normal University,institution:6f15f620028933fb,,Hongbin Zha,last,5,"Anqing Normal University School of IST, Peking University",https://openalex.org/I46482218,,CN,,,AAAI paper affiliation markers,active,2026-07-11T13:51:12Z,2026-08-26T18:20:00Z
mapping:7a5f45d177e27a4967b3,curated:08aa2b51bb36247bdda3,RealNet: Efficient and Unsupervised Detection of AI-Generated Images via Real-Only Representation Learning,2026,10.1609/aaai.v40i45.41234,https://openalex.org/W7139096423,Peking University,institution:46e4866d3b2954ab,,Hongbin Zha,last,6,"School of IST, Peking University",,,,,,AAAI paper affiliation markers,active,2026-08-26T18:20:00Z,2026-08-26T18:20:00Z
mapping:94fe5f74952dde2feaf9,curated:45cb3642fd138c136139,Decision-Driven Orthogonal Learning with Complementary Feature Mining for Robust Synthetic Image Detection,2026,10.1609/aaai.v40i8.37553,https://openalex.org/W7137819524,Sun Yat-sen University,institution:5c85faa51cc57a24,,Kai Li,,1,"School of Computer Science and Engineering, Sun Yat-sen University",,,,,,manually_confirmed,active,2026-07-11T13:51:55Z,2026-07-15T11:28:05Z
mapping:41d0f97ab0f721d4a541,curated:45cb3642fd138c136139,Decision-Driven Orthogonal Learning with Complementary Feature Mining for Robust Synthetic Image Detection,2026,10.1609/aaai.v40i8.37553,https://openalex.org/W7137819524,China Electronics Technology Group Corporation,institution:5757493192522b63,,Linchao Zhang; Siying Zhu,,2,Information Science Academy，China Electronics Technology Group Corporation,,,,,,manually_confirmed,active,2026-07-11T13:51:55Z,2026-07-14T06:43:11Z
mapping:e795ef358670ff04d29b,curated:45cb3642fd138c136139,Decision-Driven Orthogonal Learning with Complementary Feature Mining for Robust Synthetic Image Detection,2026,10.1609/aaai.v40i8.37553,https://openalex.org/W7137819524,Zhejiang University,institution:e433baf78e80004b,,Kai Li; Wenqi Ren,,3,"The State KeyLaboratory of Blockchain and Data Security, Zhejiang University",,,,,,manually_confirmed,active,2026-07-11T13:51:55Z,2026-07-14T06:43:24Z
mapping:343cd7b342c4600eda13,curated:6a5bef99dcdc1ad4ba28,DySy-Det: A Synergistic Framework with Dynamic Reconstruction-Path Consistency for AI-Generated Image Detection,2026,10.1609/aaai.v40i42.40868,https://openalex.org/W7139090785,Zhejiang University,institution:e433baf78e80004b,location:e433baf78e80004bdaba,Fanli Jin; Feng Lin; Gaojian Wang; Tong Wu,,1,"State Key Laboratory of Blockchain and Data Security, Zhejiang University Hangzhou High-Tech Zone (Binjiang) Institute of Blockchain and Data Security",,Hangzhou,China,30.3083,120.0867,manually_confirmed,active,2026-07-11T13:52:57Z,2026-08-20T20:52:54Z
mapping:2a0fd7d8ac012ff351fe,curated:6a5bef99dcdc1ad4ba28,DySy-Det: A Synergistic Framework with Dynamic Reconstruction-Path Consistency for AI-Generated Image Detection,2026,10.1609/aaai.v40i42.40868,https://openalex.org/W7139090785,George Mason University,institution:39839f8732e7433b,,Zhisheng Yan,,3,"Department of Information Sciences and Technology, George Mason University",,,,,,manually_confirmed,active,2026-07-11T13:52:57Z,2026-07-14T05:49:00Z
mapping:b0775f7a832e87f3136b,curated:89f7a674fe872806006b,ODDN: Addressing Unpaired Data Challenges in Open-World Deepfake Detection on Online Social Networks,2025,10.1609/aaai.v39i1.32063,https://openalex.org/W4409346532,Beijing Jiaotong University,institution:bf6195b78f6dc951,,Renshuai Tao; M. Le; C. Kenneth Tan; Huan Liu; Haotong Qin; Yao Zhao,first; middle; middle; middle; middle; last,1,"Institute of Information Science, Beijing Jiaotong University Visual Intellgence +X International Cooperation Joint Laboratory of MOE | Institute of Information Science, Beijing Jiaotong University Center for Project-Based Learning (PBL) D-ITET, ETH Zürich, Switzerland",https://openalex.org/I21193070,,CN,,,OpenAlex authorships,active,2026-07-11T13:57:11Z,2026-07-11T13:57:11Z
mapping:d7b5dcb920b3ef87fdfe,curated:8cb907bc9003c61325f8,E3: Ensemble of Expert Embedders for Adapting Synthetic Image Detectors to New Generators Using Limited Data,2024,10.1109/cvprw63382.2024.00437,https://openalex.org/W4402916163,Drexel University,institution:e0fc2ffb269489e7,,Aref Azizpour; Tai D. Nguyen; Manil Shrestha; Kaidi Xu; Edward Kim; Matthew C. Stamm,first; middle; middle; middle; middle; last,1,"Drexel University,Philadelphia,PA,USA",https://openalex.org/I72816309,,US,,,OpenAlex authorships,active,2026-07-11T13:58:26Z,2026-07-11T13:58:26Z
mapping:c4496558aea39db7d8cf,curated:0526c3529dda4446a0d7,Background-Noise-Driven Detection of Diffusion-Generated Images,2026,10.1109/lsp.2026.3678476,https://openalex.org/W7143319968,Guizhou Normal University,institution:a1e1ec8b780e67c8,,Jiaming Li; Weihua Ou,first; middle,1,"School of Big Data and Computer Science, Guizhou Normal University, Guiyang, China",https://openalex.org/I154893126,,CN,,,publisher affiliation,active,2026-07-11T14:02:20Z,2026-08-26T18:20:00Z
mapping:55815a90e2ffc1cc0467,curated:0526c3529dda4446a0d7,Background-Noise-Driven Detection of Diffusion-Generated Images,2026,10.1109/lsp.2026.3678476,https://openalex.org/W7143319968,Xi'an Jiaotong University,institution:afc29be68ac419be,,Deyu Meng,middle,2,"School of Mathematics and Statistics and Ministry of Education Key Laboratory of Intelligent Networks and Network Security, Xi&#x2019;an Jiaotong University, Xi&#x2019;an, China",https://openalex.org/I87445476,,CN,,,OpenAlex authorships,active,2026-07-11T14:02:20Z,2026-07-11T14:02:20Z
mapping:68ea32fbf167fad496f5,curated:0526c3529dda4446a0d7,Background-Noise-Driven Detection of Diffusion-Generated Images,2026,10.1109/lsp.2026.3678476,https://openalex.org/W7143319968,Harbin Institute of Technology,institution:fe438b1c7662476f,,Yang Xu,last,3,"School of Computer Science and Technology, Harbin Institute of Technology, Shenzhen, China",https://openalex.org/I204983213,,CN,,,OpenAlex authorships,active,2026-07-11T14:02:20Z,2026-07-11T14:02:20Z
mapping:58057f37f9c78a705cc7,curated:885c512e1e964d2ec61f,CLIP-ADA: CLIP-Guided Artifact-Invariant Generalizable Synthetic Image Detection,2026,10.1109/tifs.2026.3676657,https://openalex.org/W7140133167,Xi'an Jiaotong University,institution:afc29be68ac419be,,Jingyi Deng; Chong Zhang; Chenken Xu; Chenhao Lin; Zhengyu Zhao; Shuai Liu; Chao Shen,first; middle; middle; middle; middle; middle; last,1,"Faculty of Electronic and Information Engineering, Xi&#x2019;an Jiaotong University, Xi&#x2019;an, China",https://openalex.org/I87445476,,CN,,,OpenAlex authorships,active,2026-07-11T14:03:39Z,2026-07-11T14:03:39Z
mapping:6a1dafc7f42e8e445cb8,curated:885c512e1e964d2ec61f,CLIP-ADA: CLIP-Guided Artifact-Invariant Generalizable Synthetic Image Detection,2026,10.1109/tifs.2026.3676657,https://openalex.org/W7140133167,Wuhan University,institution:f23b95ce92de4591,,Qian Wang,middle,2,"School of Cyber Science and Engineering, Wuhan University, Wuhan, China",https://openalex.org/I37461747,,CN,,,OpenAlex authorships,active,2026-07-11T14:03:39Z,2026-07-11T14:03:39Z
mapping:59717de03fbe53a3b5b5,curated:c495f498c11dab35ecbc,FALCON-Net: Feature Aggregation of Local Patterns for AI-Generated Image Detection,2026,10.1109/tifs.2026.3683286,https://openalex.org/W7154125740,Changsha University of Science and Technology,institution:6bdc62fb06ac696f,,Dengyong Zhang; Miao Hu; Jiaxin Chen; Yun Song,first; middle; middle; middle,1,"School of Computer Science and Technology, Changsha University of Science and Technology, Changsha, China",https://openalex.org/I56934997,,CN,,,OpenAlex authorships,needs_review,2026-07-11T14:05:46Z,2026-07-11T14:05:46Z
mapping:6456b8bdf7002d769476,curated:c495f498c11dab35ecbc,FALCON-Net: Feature Aggregation of Local Patterns for AI-Generated Image Detection,2026,10.1109/tifs.2026.3683286,https://openalex.org/W7154125740,Shenzhen MSU-BIT University,institution:11d4e5b507bbbada,,Changsheng Chen,middle,2,"Faculty of Engineering, Shenzhen MSU-BIT University, Shenzhen, China",https://openalex.org/I4388482657,,,,,OpenAlex authorships,needs_review,2026-07-11T14:05:46Z,2026-07-11T14:05:46Z
mapping:22611f0898a942d4554e,curated:c495f498c11dab35ecbc,FALCON-Net: Feature Aggregation of Local Patterns for AI-Generated Image Detection,2026,10.1109/tifs.2026.3683286,https://openalex.org/W7154125740,Hunan University of Science and Technology,institution:42d2e85e0328361b,,Jin Wang; Xiangling Ding,middle; last,3,"School of Computer and Science and Engineering, Hunan University of Science and Technology, Xiangtan, China",https://openalex.org/I121296143,,CN,,,OpenAlex authorships,needs_review,2026-07-11T14:05:46Z,2026-07-11T14:05:46Z
mapping:049f07debf3a1d281504,curated:c495f498c11dab35ecbc,FALCON-Net: Feature Aggregation of Local Patterns for AI-Generated Image Detection,2026,10.1109/tifs.2026.3683286,https://openalex.org/W7154125740,Hunan University,institution:be8fe6da68f67876,,Gaobo Yang; Xin Liao,middle; middle,4,"College of Computer Science and Electronic Engineering, Hunan University, Changsha, China",https://openalex.org/I16609230,,CN,,,OpenAlex authorships,needs_review,2026-07-11T14:05:46Z,2026-07-11T14:05:46Z
mapping:38fe94941e1f73c8b767,curated:8705551f18f94daa53d4,ERASE: Bypassing Collaborative Detection of AI Counterfeit via Comprehensive Artifacts Elimination,2026,10.1109/tdsc.2026.3677794,https://openalex.org/W7140557520,Shandong University of Science and Technology,institution:0e65844051a659b1,,Qianyun Yang; Y. Chen,first; middle,1,"School of Cyber Science and Technology, National Graduate School for Elite Engineers, Shandong University, Qingdao, China | School of Cyber Science and Technology, Shandong University, Qingdao, China",https://openalex.org/I80143920,,CN,,,OpenAlex authorships,excluded,2026-07-12T11:16:48Z,2026-08-07T20:14:34Z
mapping:29447e454fda3e2eb808,curated:8705551f18f94daa53d4,ERASE: Bypassing Collaborative Detection of AI Counterfeit via Comprehensive Artifacts Elimination,2026,10.1109/tdsc.2026.3677794,https://openalex.org/W7140557520,Nanyang Technological University,institution:c111feb812f1a7ed,,Peizhuo Lv,,1,"Nanyang Technological University, Singapore",,,,,,manually_confirmed,active,2026-07-12T11:16:48Z,2026-08-07T20:15:51Z
mapping:086b80b1b3abd325449a,curated:8705551f18f94daa53d4,ERASE: Bypassing Collaborative Detection of AI Counterfeit via Comprehensive Artifacts Elimination,2026,10.1109/tdsc.2026.3677794,https://openalex.org/W7140557520,University of Oregon,institution:6527630c76c9d56a,,Yingjiu Li,,2,"University of Oregon, Eugene, OR, USA",,,,,,manually_confirmed,active,2026-07-12T11:16:48Z,2026-08-07T20:17:09Z
mapping:8b6ba1426925ce1e73d7,curated:8705551f18f94daa53d4,ERASE: Bypassing Collaborative Detection of AI Counterfeit via Comprehensive Artifacts Elimination,2026,10.1109/tdsc.2026.3677794,https://openalex.org/W7140557520,Boston University,institution:2c846bda509d7d12,,Shengzhi Zhang,,3,"Boston University MET College, Boston, MA, USA",,,,,,manually_confirmed,active,2026-07-12T11:16:48Z,2026-08-07T20:16:52Z
mapping:88b63b9b50c00384fb68,curated:8705551f18f94daa53d4,ERASE: Bypassing Collaborative Detection of AI Counterfeit via Comprehensive Artifacts Elimination,2026,10.1109/tdsc.2026.3677794,https://openalex.org/W7140557520,University of Massachusetts Boston,institution:16acb7bf7b8c14cf,,Shengzhi Zhang,middle,2,"Boston University MET College, Boston, MA, USA",https://openalex.org/I33434090,,US,,,OpenAlex authorships,excluded,2026-07-12T11:16:48Z,2026-08-07T20:16:24Z
mapping:5ead32ffea299347eac1,curated:8705551f18f94daa53d4,ERASE: Bypassing Collaborative Detection of AI Counterfeit via Comprehensive Artifacts Elimination,2026,10.1109/tdsc.2026.3677794,https://openalex.org/W7140557520,Shandong University,institution:b3d626f58155d650,,Zhiwei Chen; Zixu Li; Yupeng Hu,middle; middle; last,3,"School of Software, Shandong University, Jinan, China",https://openalex.org/I154099455,,CN,,,OpenAlex authorships,excluded,2026-07-12T11:16:48Z,2026-08-07T20:17:42Z
mapping:c57cc799d5fe8691170a,curated:4c6404676fc92cb9e8eb,Black-Box Adaptation for Deepfake Detection via Local Relation Guided AUC Optimization,2026,10.1109/jiot.2026.3686234,https://openalex.org/W7155048878,Beijing University of Posts and Telecommunications,institution:1502cb7c96ae3095,location:1502cb7c96ae3095e27b,Xiaotian Si; Linghui Li; Liwei Zhang; Ziduo Guo; Kaiguo Yuan,,1,"Key Laboratory of Trustworthy Distributed Computing and Service, Ministry of Education, Beijing University of Posts and Telecommunications, Beijing, China",,Beijing,China,39.962,116.358,manually_confirmed,active,2026-07-12T11:18:08Z,2026-08-25T06:25:19Z
mapping:11bafd218fb2174b710a,curated:4c6404676fc92cb9e8eb,Black-Box Adaptation for Deepfake Detection via Local Relation Guided AUC Optimization,2026,10.1109/jiot.2026.3686234,https://openalex.org/W7155048878,Beihang University,institution:f336b3005794930b,,Bingyu Li,middle,2,"School of Cyber Science and Technology, Beihang University, Beijing, China",https://openalex.org/I82880672,,CN,,,OpenAlex authorships,active,2026-07-12T11:18:08Z,2026-07-12T11:18:08Z
mapping:3eab2958042ee8fcfbb0,curated:4c6404676fc92cb9e8eb,Black-Box Adaptation for Deepfake Detection via Local Relation Guided AUC Optimization,2026,10.1109/jiot.2026.3686234,https://openalex.org/W7155048878,Huawei Technologies (China),institution:570cf7f2e9869b63,,Qi Tian,last,3,"Huawei, Shenzhen, China",https://openalex.org/I2250955327,,CN,,,publisher affiliation,active,2026-07-12T11:18:08Z,2026-08-26T19:00:00Z
mapping:249b5f2e9b6c91623cce,curated:837a8a0ceb9d8f86d02a,ArtGate: Injecting Fake Artifact Features into CLIP for AI-Generated Image Detection,2026,10.1109/tmm.2026.3694528,https://openalex.org/W7161736397,Harbin Institute of Technology,institution:fe438b1c7662476f,,Zheming Fan; Guopu Zhu; Long Sun; H ZHANG; Ligang Wu,first; middle; middle; middle; last,1,"School of Cyberspace Science, Harbin Institute of Technology, Harbin, China | Department of Control Science and Engineering, Harbin Institute of Technology, Harbin, China",https://openalex.org/I204983213,,CN,,,OpenAlex authorships,active,2026-07-12T11:18:47Z,2026-07-12T11:18:47Z
mapping:94b7ca0ca604ca7f6b8c,curated:837a8a0ceb9d8f86d02a,ArtGate: Injecting Fake Artifact Features into CLIP for AI-Generated Image Detection,2026,10.1109/tmm.2026.3694528,https://openalex.org/W7161736397,Nanchang University,institution:74eb5a7db0242865,,Feng Ding,middle,2,"School of Software, Nanchang University, Nanchang, China",https://openalex.org/I141649914,,CN,,,OpenAlex authorships,active,2026-07-12T11:18:47Z,2026-07-12T11:18:47Z
mapping:5910b6a24468c0825dd5,curated:167b4dd09fa505470bce,NSFF: Noise and semantic features fusion for AI-generated image detection,2026,10.1016/j.neunet.2026.109130,https://openalex.org/W7161630969,Inner Mongolia University of Technology,institution:ce9788da3b7b6137,,Haoran Yang; Ruiqiang Ma; Gang Wang,first; middle; middle,1,"College of Intelligent Science and Technology, Inner Mongolia University of Technology, Hohhot, 010080, Inner Mongolia, China | College of Intelligent Science and Technology, Inner Mongolia University of Technology, Hohhot, 010080, Inner Mongolia, China. Electronic address: marq@imut.edu.cn",https://openalex.org/I55654194,,CN,,,OpenAlex authorships,needs_review,2026-07-12T11:19:59Z,2026-07-12T11:19:59Z
mapping:e459aae30e6eed1f0f2d,curated:167b4dd09fa505470bce,NSFF: Noise and semantic features fusion for AI-generated image detection,2026,10.1016/j.neunet.2026.109130,https://openalex.org/W7161630969,Kochi University of Technology,institution:24b3cd33acdc095d,,Jien Kato,last,2,"School of Data and Innovation, Kochi Univertisy of Technology, Kami, 782-8502, Kochi, Japan",https://openalex.org/I35568498,,JP,,,OpenAlex authorships,needs_review,2026-07-12T11:19:59Z,2026-07-12T11:19:59Z
mapping:c8b39e36cd596d02a22a,curated:316fc03d348baa637bb4,Geometric-semantic dual-adaptation for generalizable AI-generated image detection,2026,10.1016/j.neucom.2026.134418,https://openalex.org/W7167700528,Chinese People's Armed Police Force Engineering University,institution:3f9391add8daa620,,Jiaye Li; Zhang Minqing; Siyuan Huang; Pei Feng; Lang Liu,first; middle; middle; middle; last,1,"College of Cryptography Engineering, Engineering University of the People’s Armed Police (PAP), Xi’an, China",https://openalex.org/I4210134428,,CN,,,ScienceDirect author and affiliation record,active,2026-07-12T11:24:42Z,2026-08-26T19:35:00Z
mapping:278ad3f2195c365487da,curated:316fc03d348baa637bb4,Geometric-semantic dual-adaptation for generalizable AI-generated image detection,2026,10.1016/j.neucom.2026.134418,https://openalex.org/W7167700528,PLA Information Engineering University,institution:4ceaa6cde1782dfd,,Xin Li,middle,2,"College of Data and Target Engineering, Information Engineering University, Zhengzhou, 450001, China",https://openalex.org/I169689159,,CN,,,publisher affiliation,active,2026-07-12T11:24:42Z,2026-08-26T19:00:00Z
mapping:6307736ef459cb62af5a,curated:0d918782407e05ade5bd,Unified Detection of Synthetic and Manipulated Images via Dual-Stream Artifact Fusion,2026,10.1145/3810988.3812660,https://openalex.org/W7164758918,Vietnam National University Ho Chi Minh City,institution:19d2ee8d44bfb9f0,,Thinh-Phat Vo; Daniel Mai; Minh–Triet Tran; Trong-Le Do,first; middle; middle; last,1,"University of Science, VNU-HCM, Ho Chi Minh, Vietnam and Viet Nam National University, Ho Chi Minh City, Vietnam | University of Science, VNU-HCM, Ho Chi Minh, Vietnam and Viet Nam National University, Ho Chi Minh, Vietnam",https://openalex.org/I123565023,,VN,,,OpenAlex authorships,needs_review,2026-07-12T11:37:26Z,2026-07-12T11:37:26Z
mapping:88ff392716fe0c5b40e6,curated:46773aac10dade5fbd50,Explainability-Driven Analysis of AI-Generated Image Detectors: Insights into Generalization and Failure Modes,2026,10.1007/978-3-032-23347-9_28,https://openalex.org/W7166838909,University of Salerno,institution:d91bdebb133e022b,,Andrea Abate; Carmen Bisogni; Lucia Cimmino; Matteo Polsinelli,,1,"Department of Computer Science, University of Salerno, Via Giovanni Paolo II, 132, 84084, Fisciano, Italy | Department of Information Science and Technology, Pegaso University, Centro Direzionale Isola F2, 80143, Naples, Italy | Department of Management and Innovation Systems, University of Salerno, 84084, Fisciano, Italy",,,,,,manually_confirmed,active,2026-07-12T11:39:35Z,2026-07-29T06:55:21Z
mapping:e1b52f143ff0b6bf97ec,curated:46773aac10dade5fbd50,Explainability-Driven Analysis of AI-Generated Image Detectors: Insights into Generalization and Failure Modes,2026,10.1007/978-3-032-23347-9_28,https://openalex.org/W7166838909,Pegaso University,institution:e7cbd84466f9202b,,Lucia Cimmino,,2,"Department of Computer Science, University of Salerno, Via Giovanni Paolo II, 132, 84084, Fisciano, Italy | Department of Information Science and Technology, Pegaso University, Centro Direzionale Isola F2, 80143, Naples, Italy",,,,,,manually_confirmed,active,2026-07-12T11:39:35Z,2026-07-29T06:55:47Z
mapping:05c318159dde72439ca3,curated:46773aac10dade5fbd50,Explainability-Driven Analysis of AI-Generated Image Detectors: Insights into Generalization and Failure Modes,2026,10.1007/978-3-032-23347-9_28,https://openalex.org/W7166838909,Link Campus University,institution:ab1c5fd351e72f37,,Chiara Pero,,3,"Department of Human Sciences, Link Campus University, 00165, Rome, Italy",,,,,,manually_confirmed,active,2026-07-12T11:39:35Z,2026-07-29T06:56:20Z
mapping:6c20cdd41af5f807c4b5,curated:0895eb11a7610f3973da,Cover-Source Mismatch in Deepfake Detection: A Systematic Study,2026,10.1145/3785353.3815097,https://openalex.org/W7164884130,Czech Technical University in Prague,institution:3d7a55d07b650cfa,,Jan Franců; Milan Papež; Tomáš Pevný,first; middle; last,1,"Faculty of Electrical Engineering, Czech Technical University, Prague, Czech Republic",https://openalex.org/I44504214,,CZ,,,publisher affiliation,active,2026-07-12T11:46:30Z,2026-08-26T19:00:00Z
mapping:40ef105c53ff95a58693,curated:6f55b599c4d1588c62f7,DTBF: Combining Local Statistical Artifacts and Concept Alignment for Synthetic Image Detection,2026,10.1109/lsp.2026.3710437,https://openalex.org/W7167493723,Fujian University of Technology,institution:c3227ed71ef6fcd8,,Shaowei Weng; Rui Li,,1,"Fujian Provincial Key Laboratory of Big Data Mining and Applications, Fujian University of Technology, Fuzhou, China | School of Computer Science and Mathematics, Fujian University of Technology, Fuzhou, China",,,,,,manually_confirmed,active,2026-07-12T11:49:00Z,2026-07-29T07:00:14Z
mapping:cbfbce783e85292f8bbe,curated:6f55b599c4d1588c62f7,DTBF: Combining Local Statistical Artifacts and Concept Alignment for Synthetic Image Detection,2026,10.1109/lsp.2026.3710437,https://openalex.org/W7167493723,Beijing Institute of Graphic Communication,institution:9cd15ab643d7131f,,Lifang Yu,,2,"Department of Information Engineering, Beijing Institute of Graphic Communication, Beijing, China",,,,,,manually_confirmed,active,2026-07-12T11:49:00Z,2026-07-29T07:01:47Z
mapping:21c6265e24d2d37c8341,curated:6f55b599c4d1588c62f7,DTBF: Combining Local Statistical Artifacts and Concept Alignment for Synthetic Image Detection,2026,10.1109/lsp.2026.3710437,https://openalex.org/W7167493723,Hunan University,institution:be8fe6da68f67876,,Gaobo Yang,,3,"School of Computer, Hunan University, Changsha, China",,,,,,manually_confirmed,active,2026-07-12T11:49:00Z,2026-07-29T07:01:39Z
mapping:f1d935f20af9e2def71d,curated:6f55b599c4d1588c62f7,DTBF: Combining Local Statistical Artifacts and Concept Alignment for Synthetic Image Detection,2026,10.1109/lsp.2026.3710437,https://openalex.org/W7167493723,Changsha University,institution:48be4a3c2949fee3,,Gaobo Yang,middle,1,"School of Computer, Hunan University, Changsha, China",https://openalex.org/I198357462,,CN,,,OpenAlex authorships,excluded,2026-07-12T11:49:00Z,2026-07-13T23:25:34Z
mapping:f264e97942d50cc945a0,curated:6f55b599c4d1588c62f7,DTBF: Combining Local Statistical Artifacts and Concept Alignment for Synthetic Image Detection,2026,10.1109/lsp.2026.3710437,https://openalex.org/W7167493723,Swinburne University of Technology,institution:3ac6dbcc618a5a6f,,Pei‐Wei Tsai,,4,"Department of Computing Technologies, Swinburne University of Technology, Melbourne VIC, Australia",,,,,,manually_confirmed,active,2026-07-12T11:49:00Z,2026-07-29T07:01:29Z
mapping:7bd7366c95bbd332d511,curated:b08c8cdd637cf7f65d18,AI-Generated Image Detection Based on the Most Suspicious Patch,2026,10.1007/978-981-92-1947-6_34,https://openalex.org/W7165747150,Tianjin University of Science and Technology,institution:2bec96b8d2c54388,,Hang Gao,,1,"College of Artificial Intelligence, Tianjin University of Science and Technology, Tianjin, 300457, China",,,,,,manually_confirmed,active,2026-07-12T11:51:05Z,2026-07-29T06:58:45Z
mapping:a9860ebd914d31035a5c,curated:b08c8cdd637cf7f65d18,AI-Generated Image Detection Based on the Most Suspicious Patch,2026,10.1007/978-981-92-1947-6_34,https://openalex.org/W7165747150,Nankai University,institution:70f74652d14cacde,,Mengting Hu; Tiegang Gao,,2,"College of Software, Nankai University, Tianjin, 300350, China",,,,,,manually_confirmed,active,2026-07-12T11:51:05Z,2026-07-29T06:58:30Z
mapping:2343af945088322ee313,curated:9ae6e4e3816daa7e1650,ForgeryMoE: Mixture of Experts for Image Forgery Detection under JPEG Compression,2026,10.1145/3805622.3810810,https://openalex.org/W7164804110,Beijing University of Posts and Telecommunications,institution:1502cb7c96ae3095,,Dan Wu; Kang Yang; Min Ren; Zhaofeng He,first; middle; middle; last,1,"Beijing University of Posts and Telecommunications, beijing, China",https://openalex.org/I139759216,,CN,,,OpenAlex authorships,active,2026-07-12T11:52:42Z,2026-07-12T11:52:42Z
mapping:038837bb4881b8bbae7a,curated:9ae6e4e3816daa7e1650,ForgeryMoE: Mixture of Experts for Image Forgery Detection under JPEG Compression,2026,10.1145/3805622.3810810,https://openalex.org/W7164804110,Beijing Normal University,institution:924e1e0e9723b423,,Saihui Hou,middle,2,"Beijing Normal University, beijing, China",https://openalex.org/I25254941,,CN,,,OpenAlex authorships,active,2026-07-12T11:52:42Z,2026-07-12T11:52:42Z
mapping:457e9e85050e4ece4e76,curated:9ae6e4e3816daa7e1650,ForgeryMoE: Mixture of Experts for Image Forgery Detection Under JPEG Compression,2026,10.1145/3805622.3810810,https://openalex.org/W7164804110,"Institute of Artificial Intelligence (TeleAI), China Telecom",institution:a1ff6f7123083db9,location:a1ff6f7123083db9bbd1,Jian Zhao,,3,"Institute of Artificial Intelligence, beijing, China",,Beijing,China,39.9439,116.3526,manually_confirmed,active,2026-07-12T11:52:42Z,2026-08-26T21:34:43Z
mapping:cfa5314dd9fe4a5141c4,curated:9a95c96ee1d20e56c56d,Spatial flatness-curvature mask driven generalized detection of synthetic images,2026,10.1016/j.patrec.2026.04.022,https://openalex.org/W7155528736,"Indian Institute of Engineering Science and Technology, Shibpur",institution:4269181ef8bd7d6e,,Tanusree Ghosh; Ruchira Naskar,first; last,1,"Department of Information Technology, Indian Institute of Engineering Science and Technology, Shibpur, India",https://openalex.org/I98365261,,IN,,,OpenAlex authorships,needs_review,2026-07-12T11:57:28Z,2026-07-12T11:57:28Z
mapping:11c40a92af52a2443738,curated:c87f234ea256991903e1,Dissect and Prune: Enhancing Robustness in AI-Generated Image Detection,2026,10.48550/arxiv.2606.10309,https://openalex.org/W7164168158,Korea AI Safety Institute (AISI),institution:696e90c102571ea3,,Dahye Kim; Jaehyun Choi; Hyun Seok Seong; Seongho Kim; Donghun Lee; Sungwon Yi; Jang-Ho Choi,,1,"Korea AI Safety Institute (AISI), ETRI, Seongnam, South Korea",,,,,,,active,2026-07-12T21:05:22Z,2026-07-12T21:47:33Z
mapping:eb0cf90aeea6b3fbd05d,curated:c87f234ea256991903e1,Dissect and Prune: Enhancing Robustness in AI-Generated Image Detection,2026,10.48550/arxiv.2606.10309,https://openalex.org/W7164168158,Sungkyunkwan University,institution:e80b94c605da24ce,,Hyun Seok Seong,,2,"Department of Artificial Intelligence, Sungkyunkwan University, Suwon, South Korea",,,,,,,active,2026-07-12T21:06:05Z,2026-07-12T21:06:05Z
mapping:691e94ea9e61d65691d6,curated:7ed4e932c4dac57d0136,DGS-Net: Distillation-Guided Gradient Surgery for CLIP Fine-Tuning in AI-Generated Image Detection,2026,10.48550/arxiv.2511.13108,https://openalex.org/W4416361369,Nanjing University of Information Science and Technology,institution:0af8b0b3be8e7963,,Jiazhen Yan; Ziqiang Li; Boyu Wang; Ziwen He; Zhangjie Fu,,1,"School of Computer Science, Nanjing University of Information Science and Technology",,,,,,,active,2026-07-12T21:07:26Z,2026-07-12T21:07:26Z
mapping:9f33e5fd6ace8df181df,curated:7ed4e932c4dac57d0136,DGS-Net: Distillation-Guided Gradient Surgery for CLIP Fine-Tuning in AI-Generated Image Detection,2026,10.48550/arxiv.2511.13108,https://openalex.org/W4416361369,University of Macau,institution:53e6219d595780e3,,Fan Wang,,2,University of Macau,,,,,,,active,2026-07-12T21:07:58Z,2026-07-12T21:07:58Z
mapping:49253d880847ebba366a,curated:246f07c81b9f91e527eb,IncreFA: Breaking the Static Wall of Generative Model Attribution,2026,,https://openalex.org/W7155451413,Beijing University of Posts and Telecommunications,institution:1502cb7c96ae3095,,Haotian Qin; Dongliang Chang; Yueying Gao; Zhanyu Ma,1; 2; 3; 5,1,"School of Artificial Intelligence, Beijing University of Posts and Telecommunications, China",,,,,,Visually verified formal publication: https://openaccess.thecvf.com/content/CVPR2026/papers/Qin_IncreFA_Breaking_the_Static_Wall_of_Generative_Model_Attribution_CVPR_2026_paper.pdf,active,2026-07-12T21:09:15Z,2026-08-27T18:50:25.724845Z
mapping:eafafaf4180a2400a7d2,curated:246f07c81b9f91e527eb,IncreFA: Breaking the Static Wall of Generative Model Attribution,2026,,https://openalex.org/W7155451413,Tsinghua University,institution:4ae45b121fe12e9c,,Lei Chen,4,2,"Tsinghua University, China",,,,,,Visually verified formal publication: https://openaccess.thecvf.com/content/CVPR2026/papers/Qin_IncreFA_Breaking_the_Static_Wall_of_Generative_Model_Attribution_CVPR_2026_paper.pdf,active,2026-07-12T21:09:41Z,2026-08-27T18:50:25.724859Z
mapping:b604ee5eb2afb3ce4762,curated:a570863c3a6ac227b56c,PGC: Peak-Guided Calibration for Generalizable AI-Generated Image Detection,2026,10.48550/arxiv.2605.21207,https://openalex.org/W7162011903,Jinan University,institution:8632718a2c1444c6,,Xiaoyu Zhou; Peipeng Yu; Chong Cheng; Zhihua Xia,,1,"College of Cyber Security, Jinan University, Guangzhou, China",,,,,,,active,2026-07-12T21:23:25Z,2026-07-12T21:23:25Z
mapping:ae746b3b0e26560ce931,curated:a570863c3a6ac227b56c,PGC: Peak-Guided Calibration for Generalizable AI-Generated Image Detection,2026,10.48550/arxiv.2605.21207,https://openalex.org/W7162011903,University of Florence,institution:42fcf4ae44e1a706,,Jianwei Fei,,2,"Department of Information Engineering, University of Florence, Florence, Italy",,,,,,,active,2026-07-12T21:23:51Z,2026-07-12T21:23:51Z
mapping:86211d090f31f84cc6c5,curated:a570863c3a6ac227b56c,PGC: Peak-Guided Calibration for Generalizable AI-Generated Image Detection,2026,10.48550/arxiv.2605.21207,https://openalex.org/W7162011903,Guangdong University of Technology,institution:8fe72087521e285a,,Jingchang Xie,,3,"School of Integrated Circuits, Guangdong University of Technology, Guangzhou, China",,,,,,,active,2026-07-12T21:24:10Z,2026-07-12T21:24:10Z
mapping:fae8129e624ca8734ea6,curated:e9594b5466110ca009aa,Toward Generalizable AI-Generated Image Detection with a New Realistic Dataset: Performance Evaluation and Improvement,2026,10.1109/mmul.2026.3710370,https://openalex.org/W7167505904,Grenoble INP,institution:475fa3f7d32d5d27,,Thai Ngoc Toan Truong; Ji Li; Kai Wang,first; middle; last,1,"GIPSA-lab, Univ. Grenoble Alpes, CNRS, Grenoble INP, Grenoble, France",https://openalex.org/I106785703,,FR,,,OpenAlex authorships,needs_review,2026-07-13T18:24:32Z,2026-07-22T00:39:23Z
mapping:b0dd310106e324386a22,curated:e9594b5466110ca009aa,Toward Generalizable AI-Generated Image Detection with a New Realistic Dataset: Performance Evaluation and Improvement,2026,10.1109/mmul.2026.3710370,https://openalex.org/W7167505904,French National Centre for Scientific Research,institution:29645bb566fcd576,,Thai Ngoc Toan Truong; Ji Li; Kai Wang,first; middle; last,2,"GIPSA-lab, Univ. Grenoble Alpes, CNRS, Grenoble INP, Grenoble, France",https://openalex.org/I1294671590,,FR,,,OpenAlex authorships,active,2026-07-13T18:24:32Z,2026-07-13T18:24:32Z
mapping:3599c04ef4c52fdf6d39,curated:e9594b5466110ca009aa,Toward Generalizable AI-Generated Image Detection with a New Realistic Dataset: Performance Evaluation and Improvement,2026,10.1109/mmul.2026.3710370,https://openalex.org/W7167505904,GIPSA-Lab,institution:ab37cf6fbc2c38dd,,Thai Ngoc Toan Truong; Ji Li; Kai Wang,first; middle; last,3,"GIPSA-lab, Univ. Grenoble Alpes, CNRS, Grenoble INP, Grenoble, France",https://openalex.org/I4210124956,,FR,,,OpenAlex authorships,needs_review,2026-07-13T18:24:32Z,2026-07-13T18:24:32Z
mapping:a3bb578a9c5bcbf2fafd,curated:e9594b5466110ca009aa,Toward Generalizable AI-Generated Image Detection with a New Realistic Dataset: Performance Evaluation and Improvement,2026,10.1109/mmul.2026.3710370,https://openalex.org/W7167505904,Université Grenoble Alpes,institution:ef7c68d6edbab550,,Thai Ngoc Toan Truong; Ji Li; Kai Wang,first; middle; last,4,"GIPSA-lab, Univ. Grenoble Alpes, CNRS, Grenoble INP, Grenoble, France",https://openalex.org/I899635006,,FR,,,OpenAlex authorships,active,2026-07-13T18:24:32Z,2026-07-13T18:24:32Z
mapping:57e4f2b9ca85dd18f608,curated:8ebf01a335c20fdc902d,Fake Detection Based on Balanced Attention and Information Guidance for Collaborative Image Processing Tasks,2026,10.1109/cscwd68734.2026.11582378,https://openalex.org/W7167478990,Xinjiang University,institution:4955c30e161b66f8,,Jia Wang; Qian Luo,1; 2,1,"Xinjiang University,School of Computer Science and Technology",https://openalex.org/I96908189,,CN,,,https://api.crossref.org/works/10.1109/cscwd68734.2026.11582378,active,2026-07-13T18:29:51Z,2026-08-30T12:00:00Z
mapping:a3239f5fde67aa8f168c,curated:8ebf01a335c20fdc902d,Fake Detection Based on Balanced Attention and Information Guidance for Collaborative Image Processing Tasks,2026,10.1109/cscwd68734.2026.11582378,https://openalex.org/W7167478990,Incheon National University,institution:c49f954847b969c5,,Jeon Gwanggil,3,2,"Incheon National University,College of Information Technology,Incheon,Korea,22012",https://openalex.org/I146429904,,KR,,,https://api.crossref.org/works/10.1109/cscwd68734.2026.11582378,active,2026-07-13T18:29:51Z,2026-08-30T12:00:00Z
mapping:286d048c68d08799ac12,curated:b31395a72552920109fa,The PRISM benchmark: PhotoRealistic Image Synthesis and Manipulation to detect generated images,2026,10.1016/j.cviu.2026.104826,https://openalex.org/W7163407289,University of Bologna,institution:e73ae6a6d6ff3735,,Filippo Bartolucci; Samuele Salti; Giuseppe Lisanti,first; middle; last,1,"Alma Mater Studiorum, University of Bologna, Bologna, Italy | University of Bologna, Department of Computer Science and Engineering, Italy",https://openalex.org/I9360294,,IT,,,OpenAlex authorships,active,2026-07-13T18:31:00Z,2026-07-13T18:31:00Z
mapping:2aed8b592552129da1bd,curated:ab6b43e21ae47dadafe0,Dual Frequency Branch Framework With Reconstructed Sliding Windows Attention for AI-Generated Image Detection,2026,10.1109/tifs.2026.3664000,https://openalex.org/W7128716584,Nanjing University of Information Science and Technology,institution:0af8b0b3be8e7963,,Jiazhen Yan; Ziqiang Li; Fan Wang; Ziwen He; Zhangjie Fu,first; middle; middle; middle; last,1,"Engineering Research Center of Digital Forensics, Ministry of Education, Nanjing University of Information Science and Technology, Nanjing, China",https://openalex.org/I200845125,,CN,,,OpenAlex authorships,active,2026-07-13T18:33:16Z,2026-07-13T18:33:16Z
mapping:5e6897139421f5c4f1c2,curated:75b4ab2d95e995615ae2,Quality-Guided Forgery Adapter for Generalizable AIGC Image Detection,2026,10.1109/tifs.2026.3698571,https://openalex.org/W7163057035,Great Bay University,institution:c33f0550d2263d47,,Jun Wang; Zitong Yu; Chaomeng Chen,,1,"School of Computing and Information Technology and the Great Bay Institute for Advanced Study (GBIAS), Great Bay University, Dongguan, China",,,,,,manually_confirmed,active,2026-07-13T18:36:04Z,2026-08-16T14:42:59Z
mapping:6d5f4147125130e5db17,curated:75b4ab2d95e995615ae2,Quality-Guided Forgery Adapter for Generalizable AIGC Image Detection,2026,10.1109/tifs.2026.3698571,https://openalex.org/W7163057035,Shandong Normal University,institution:39263f3dbe1e47f9,,Lingchen Gu; Wenbo Wan,,2,"School of Information Science and Engineering, Shandong Normal University, Jinan, China",,,,,,manually_confirmed,active,2026-07-13T18:36:04Z,2026-08-16T13:43:39Z
mapping:904d2397662f812a99c4,curated:75b4ab2d95e995615ae2,Quality-Guided Forgery Adapter for Generalizable AIGC Image Detection,2026,10.1109/tifs.2026.3698571,https://openalex.org/W7163057035,University of Macau,institution:53e6219d595780e3,,Jiantao Zhou,middle,3,"Department of Computer and Information Science, State Key Laboratory of Internet of Things for Smart City, University of Macau, Taipa, Macau, China",https://openalex.org/I204512498,,MO,,,OpenAlex authorships,active,2026-07-13T18:36:04Z,2026-07-13T18:36:04Z
mapping:e3d564885de9f5a932f0,curated:75b4ab2d95e995615ae2,Quality-Guided Forgery Adapter for Generalizable AIGC Image Detection,2026,10.1109/tifs.2026.3698571,https://openalex.org/W7163057035,City University of Macau,institution:769b711ed2fee7c0,,Jiantao Zhou,middle,1,"Department of Computer and Information Science, State Key Laboratory of Internet of Things for Smart City, University of Macau, Taipa, Macau, China",https://openalex.org/I6469544,,MO,,,OpenAlex authorships,excluded,2026-07-13T18:36:04Z,2026-08-16T13:43:54Z
mapping:06f2e40c4c2087a8b6f2,curated:75b4ab2d95e995615ae2,Quality-Guided Forgery Adapter for Generalizable AIGC Image Detection,2026,10.1109/tifs.2026.3698571,https://openalex.org/W7163057035,University of Science and Technology of China,institution:e721b03b6f6c172d,location:e721b03b6f6c172dd7c7,Weiming Zhang,,4,"School of Cyber Science and Technology, University of Science and Technology of China, Hefei, Anhui, China",,Hefei,China,31.8229,117.2808,manually_confirmed,active,2026-07-13T18:36:04Z,2026-08-16T13:44:09Z
mapping:b2df8c5c3dcef11ea3b6,curated:d0eec7c4fce8929c295a,Diffusion-Driven Forgery Detection: Distilling Latent Features for Generalized Image Forensics,2026,10.1109/lsp.2026.3687792,https://openalex.org/W7155779262,Shanghai University of Engineering Science,institution:07ba242d76aafb0e,,Kaiwen Qian; Yutao Xu; Yifan Xu; Yuchun Fang,first; middle; middle; last,1,"School of Computer Engineering and Science, Shanghai University, Shanghai, China",https://openalex.org/I141962983,,CN,,,OpenAlex authorships,needs_review,2026-07-13T18:36:54Z,2026-07-13T18:36:54Z
mapping:064ac92c0b7fe31fa415,curated:d8df0e4505f5d38ebb28,Lightweight Image Forgery Detection via Tucker Decomposition for Efficient Edge Deployment,2026,10.1109/tai.2026.3703792,https://openalex.org/W7164849447,Huazhong University of Science and Technology,institution:e540a2485c3e954f,,Yongling Huang; L Yang; Xianjun Deng; Shuilong Wang,first; middle; middle; last,1,"Hubei Key Laboratory of Distributed System Security, Hubei Engineering Research Center on Big Data Security, School of Cyber Science and Engineering, Huazhong University of Science and Technology, Wuhan, China | School of Cyber Science and Engineering, Huazhong University of Science and Technology, Wuhan, China",https://openalex.org/I47720641,,CN,,,publisher affiliation,active,2026-07-13T18:39:20Z,2026-08-26T18:20:00Z
mapping:f5d1e8057ea9b4c45fd9,curated:d8df0e4505f5d38ebb28,Lightweight Image Forgery Detection via Tucker Decomposition for Efficient Edge Deployment,2026,10.1109/tai.2026.3703792,https://openalex.org/W7164849447,Zhengzhou University,institution:885fab7ed0f92891,,Debin Liu,,2,"School of Computer and Artificial Intelligence, Zhengzhou University, Zhengzhou, China",,,,,,publisher affiliation and ROR 04ypx8c21,active,2026-07-13T18:39:20Z,2026-08-26T11:11:34Z
mapping:7082ad4881281100cfd6,curated:27b6ffdee837c7f997f5,AEDR: Training-Free AI-Generated Image Attribution via Autoencoder Double-Reconstruction,2026,10.1609/aaai.v40i12.37930,https://openalex.org/W7138264983,University of Science and Technology of China,institution:e721b03b6f6c172d,,Chao Wang; Zijin Yang; Weiming Zhang; Kejiang Chen,,1,"Anhui Province Key Laboratory of Digital Security, University of Science and Technology of China",,,,,,,active,2026-07-13T18:46:12Z,2026-07-13T18:46:12Z
mapping:09c2afdb82905aff5325,curated:27b6ffdee837c7f997f5,AEDR: Training-Free AI-Generated Image Attribution via Autoencoder Double-Reconstruction,2026,10.1609/aaai.v40i12.37930,https://openalex.org/W7138264983,Hefei University of Technology,institution:f6342fd457763517,,Yaofei Wang,,2,,,,,,,,active,2026-07-13T18:46:35Z,2026-07-13T18:46:35Z
mapping:be0550a60e2fb6f31ecd,curated:98bed92571e23d5df139,AI-Generated Image Detection: Challenges and Recent Advances,2026,10.1007/978-3-032-11782-3_6,https://openalex.org/W7159927480,Centre for Research and Technology Hellas (CERTH),institution:f841aa8a7a0d29aa,location:2be8edf081e0c9efdf5d,Christos Koutlis; Despina Konstantinidou; Manos Schinas; Dimitrios Karageorgiou; Symeon Papadopoulos,,1,"Information Technologies Institute, Centre for Research and Technology Hellas (CERTH), Thessaloniki, Greece",,Thessaloniki,Greece,40.64361,22.93086,manually_confirmed,active,2026-07-13T18:48:48Z,2026-08-11T17:01:57Z
mapping:7fc52c9615f4e76ec688,curated:98bed92571e23d5df139,AI-Generated Image Detection: Challenges and Recent Advances,2026,10.1007/978-3-032-11782-3_6,https://openalex.org/W7159927480,University of Naples Federico II,institution:d046d2c57bb3a863,location:d046d2c57bb3a863a89a,Riccardo Corvi; Davide Cozzolino; Luisa Verdoliva,,2,"University of Naples Federico II (UNINA), Naples, Italy",,Naples,Italy,40.8463,14.2572,manually_confirmed,active,2026-07-13T18:49:09Z,2026-08-11T17:02:18Z
mapping:84f672691c45917657d5,curated:98bed92571e23d5df139,AI-Generated Image Detection: Challenges and Recent Advances,2026,10.1007/978-3-032-11782-3_6,https://openalex.org/W7159927480,Swiss federal Institute of Technology in Lausanne,institution:4bbe21fee76b02a9,,Quentin Bammey,,3,"Ecole Polytechnique Federale de Lausanne (EPFL), Lausanne, Switzerland",,,,,,manually_confirmed,active,2026-07-13T18:49:24Z,2026-08-11T17:04:19Z
mapping:b645b7593e26abc97b67,curated:f7906cb987975444e893,Boosting Robust AIGI Detection with LoRA-based Pairwise Training,2026,10.48550/arxiv.2604.12307,https://openalex.org/W7154447485,"Institute of Artificial Intelligence (TeleAI), China Telecom",institution:a1ff6f7123083db9,,Ruiyang Xia; Qi Zhang; Yaowen Xu; Zhaofan Zou; Hao Sun; Zhongjiang He; Xuelong Li,,1,"Institute of Artificial Intelligence (TeleAI), China Telecom",,,,,,,active,2026-07-13T18:50:30Z,2026-07-13T18:50:30Z
mapping:62231591967a6690b124,curated:f7906cb987975444e893,Boosting Robust AIGI Detection with LoRA-based Pairwise Training,2026,10.48550/arxiv.2604.12307,https://openalex.org/W7154447485,Xidian University,institution:43ae05e86afd56bd,,Ruiyang Xia,,2,Xidian University,,,,,,,active,2026-07-13T18:50:48Z,2026-07-13T18:50:48Z
mapping:bdff876f6318c8789363,curated:d4a9b3a3cef9bfbd0e32,Detecting AI-Generated Content on Social Media with Multi-modal Language Models,2026,10.18653/v1/2026.acl-industry.15,https://openalex.org/W7166864343,Carnegie Mellon University,institution:c5235efb76365de2,,Chenyang Yang,,1,Carnegie Mellon University,,,,,,,active,2026-07-13T18:51:46Z,2026-07-13T18:51:46Z
mapping:d417f3903a0968446580,curated:d4a9b3a3cef9bfbd0e32,Detecting AI-Generated Content on Social Media with Multi-modal Language Models,2026,10.18653/v1/2026.acl-industry.15,https://openalex.org/W7166864343,Meta (United States),institution:357dc1b545173dd5,,Shen Yan; Yibo Yang; Litao Hu; Yuchen Liu; Yuan Zeng; Hanchao Yu; Yinan Zhu; Sumedha Singla; Brian Vanover; Huijun Qian; Zihao Wang; Fujun Liu; Aashu Singh; Jianyu Wang; Xuewen Zhang,,2,Meta,,,,,,,active,2026-07-13T18:52:04Z,2026-08-24T16:41:47Z
mapping:4ce3a848e0cb882aacca,curated:f40ecaaf5d0212852b79,Dual Data Alignment Makes AI-Generated Image Detector Easier Generalizable,2025,10.48550/arxiv.2505.14359,https://openalex.org/W4416562145,Tencent Youtu Lab,institution:3e78e883c14f8bb8,location:3e78e883c14f8bb839b1,Ruoxin Chen; Keyue Zhang; Shuang Wu; Taiping Yao; Shouhong Ding,,1,Tecent YouTu Lab,,Shanghai,China,31.1836,121.4502,manually_confirmed,active,2026-07-13T18:56:00Z,2026-08-17T17:26:11Z
mapping:60009842a54a72b3b035,curated:f40ecaaf5d0212852b79,Dual Data Alignment Makes AI-Generated Image Detector Easier Generalizable,2025,10.48550/arxiv.2505.14359,https://openalex.org/W4416562145,East China University of Science and Technology,institution:82b627d49a985ef1,,Junwei Xi; Xu Chen,,2,East China University of Science and Technology,,,,,,,active,2026-07-13T18:56:11Z,2026-07-13T18:56:11Z
mapping:14cc3aaa73bbc24a81fa,curated:f40ecaaf5d0212852b79,Dual Data Alignment Makes AI-Generated Image Detector Easier Generalizable,2025,10.48550/arxiv.2505.14359,https://openalex.org/W4416562145,Peking University,institution:46e4866d3b2954ab,,Zhiyuan Yan,,3,Peking University,,,,,,,active,2026-07-13T18:56:26Z,2026-07-13T18:56:26Z
mapping:f50eed267edf6c14da58,curated:f40ecaaf5d0212852b79,Dual Data Alignment Makes AI-Generated Image Detector Easier Generalizable,2025,10.48550/arxiv.2505.14359,https://openalex.org/W4416562145,Renmin University of China,institution:5fbb6e2cbdd4ea21,,Jingyi Xie,,4,Renmin University of China,,,,,,,active,2026-07-13T18:56:39Z,2026-07-13T18:56:39Z
mapping:fe4f3ed0dfd51b297cd4,curated:f40ecaaf5d0212852b79,Dual Data Alignment Makes AI-Generated Image Detector Easier Generalizable,2025,10.48550/arxiv.2505.14359,https://openalex.org/W4416562145,Shenzhen University,institution:ad9c8964d01f80d8,,Lei Xu,,5,Shenzhen University,,,,,,,active,2026-07-13T18:57:02Z,2026-07-13T18:57:02Z
mapping:8b1782f3c6874825cdd8,curated:f40ecaaf5d0212852b79,Dual Data Alignment Makes AI-Generated Image Detector Easier Generalizable,2025,10.48550/arxiv.2505.14359,https://openalex.org/W4416562145,The Hong Kong University of Science and Technology,institution:fa80d3c071c298e1,,Isabel Guan,,6,Hong Kong University of Science and Technology,,,,,,,active,2026-07-13T18:57:17Z,2026-07-13T18:57:17Z
mapping:4d1cfcbb0f7f36fb3462,curated:dbbb2e6ee311ee6198c3,FIND: A Simple Yet Effective Baseline for Diffusion-Generated Image Detection,2026,10.1609/aaai.v40i8.37547,https://openalex.org/W7138448571,Xiamen University,institution:929ddef9540ec1e7,,Jie Li; Jiayi Ji,,1,Xiamen University,,,,,,,active,2026-07-13T18:58:39Z,2026-07-13T18:58:39Z
mapping:9c18ec68e699f57fc00c,curated:dbbb2e6ee311ee6198c3,FIND: A Simple Yet Effective Baseline for Diffusion-Generated Image Detection,2026,10.1609/aaai.v40i8.37547,https://openalex.org/W7138448571,Northeastern University,institution:0008285766dcabc7,location:0008285766dcabc77b7e,Yingying Feng,,2,Northeastern University,,Shenyang,China,41.7634632,123.4117577,manually_confirmed,active,2026-07-13T18:58:51Z,2026-08-26T18:30:00Z
mapping:bf3d0a8625d0301fb89d,curated:dbbb2e6ee311ee6198c3,FIND: A Simple Yet Effective Baseline for Diffusion-Generated Image Detection,2026,10.1609/aaai.v40i8.37547,https://openalex.org/W7138448571,Tongji University,institution:b0b93bb53a8b88c1,,Chi Xie,,3,Tongji University,,,,,,,active,2026-07-13T18:59:02Z,2026-07-13T18:59:02Z
mapping:486525443695c3d14545,curated:dbbb2e6ee311ee6198c3,FIND: A Simple Yet Effective Baseline for Diffusion-Generated Image Detection,2026,10.1609/aaai.v40i8.37547,https://openalex.org/W7138448571,National University of Singapore,institution:70ccb485197bbb6c,,Jie Hu; Lei Tan; Jiayi Ji,,4,National University of Singapore,,,,,,,active,2026-07-13T18:59:13Z,2026-07-13T19:01:36Z
mapping:04d597ae3596d1846a79,curated:70f6d63927384365006f,High-Resolution Contrastive Framework for Generalizable AI-Generated Image Detection,2026,10.1109/icassp55912.2026.11461655,https://openalex.org/W7155044587,Northwestern Polytechnical University,institution:bc1d8b5fba4bc5ff,,Wenfei Wei; Dongpeng Hou; Shu Yin; H P Wang; Chao Gao; Xianghua Li; Yang Liu,first; middle; middle; middle; middle; middle; last,1,"Optics and Electronics Northwestern Polytechnical University,School of Artificial Intelligence,Xi&#x2019;an,China | Northwestern Polytechnical University,School of Mechanical Engineering,Xi&#x2019;an,China | Northwestern Polytechnical University,School of Computer Science,Xi&#x2019;an,China | Northwestern Polytechnical University,School of Cybersecurity,Xi&#x2019;an,China",https://openalex.org/I17145004,,CN,,,OpenAlex authorships,active,2026-07-13T19:46:55Z,2026-07-13T19:46:55Z
mapping:733342bc80ad3061a947,curated:03f893b9484ea2d09c22,Universal Denoising Patterns for Diffusion Image Detection,2026,10.1109/icassp55912.2026.11462468,https://openalex.org/W7155094400,University of Science and Technology of China,institution:e721b03b6f6c172d,,Yurui Qian; Yan Chen,first; middle,1,University of Science and Technology of China,https://openalex.org/I126520041,,CN,,,OpenAlex authorships,active,2026-07-13T19:48:45Z,2026-07-13T19:48:45Z
mapping:6b934490c604814bff5a,curated:03f893b9484ea2d09c22,Universal Denoising Patterns for Diffusion Image Detection,2026,10.1109/icassp55912.2026.11462468,https://openalex.org/W7155094400,HiDream.ai,institution:98477d1f6f6b24f5,,Qi Cai; Yingwei Pan; Ting Yao; Tao Mei,,2,HiDream.ai,,,,,,manually_confirmed,active,2026-07-13T19:48:45Z,2026-08-24T22:42:17Z
mapping:6325714610c229cde6a9,curated:567ec9e4515f2e4a20ca,RADI: A Retrieval-Augmented Dynamic In-Context Learning Framework for AIGC Image Detection,2026,10.1109/icassp55912.2026.11462412,https://openalex.org/W7155089945,Beijing University of Posts and Telecommunications,institution:1502cb7c96ae3095,,Tengwei Bi; Ruiji Ma; Ying Huang; Yihan Wang; Jie Liu; Xicheng Zhang,first; middle; middle; middle; middle; last,1,Beijing University of Posts and Telecommunications,https://openalex.org/I139759216,,CN,,,OpenAlex authorships,active,2026-07-13T19:49:31Z,2026-07-13T19:49:31Z
mapping:96a52a5695846d67a4d3,curated:5ceb080eeeacfdf0cb8f,M <sup>2</sup> EA: Multi-VAE Manifold Envelope Alignment for Challenging AI-Generated Image Detection,2026,10.1109/icassp55912.2026.11463215,https://openalex.org/W7155065598,"Institute of Automation, Chinese Academy of Sciences",institution:966ff12833f90bb0,location:966ff12833f90bb0ba7e,Ruiqi Liu; Boyi Sun; Houxin He,,1,"Institute of Automation, Chinese Academy of Sciences",,Beijing,China,39.9826,116.3336,manually_confirmed,active,2026-07-13T19:50:18Z,2026-08-24T22:32:42Z
mapping:b174ab5e8b05d86bbad8,curated:5ceb080eeeacfdf0cb8f,M <sup>2</sup> EA: Multi-VAE Manifold Envelope Alignment for Challenging AI-Generated Image Detection,2026,10.1109/icassp55912.2026.11463215,https://openalex.org/W7155065598,Southwest University,institution:d473cbf12de5fb53,location:682519f38b7e9a7c6e4d,Yi Han,,2,Southwest University,,Chongqing,China,29.8186857,106.4197505,manually_confirmed,active,2026-07-13T19:50:18Z,2026-08-24T22:31:08Z
mapping:504a4968f9eb11dbacc3,curated:5ceb080eeeacfdf0cb8f,M <sup>2</sup> EA: Multi-VAE Manifold Envelope Alignment for Challenging AI-Generated Image Detection,2026,10.1109/icassp55912.2026.11463215,https://openalex.org/W7155065598,Tsinghua University,institution:4ae45b121fe12e9c,,Yuxuan Zhou; Yan Wang,middle; last,3,Tsinghua University,https://openalex.org/I99065089,,CN,,,OpenAlex authorships,active,2026-07-13T19:50:18Z,2026-07-13T19:50:18Z
mapping:bca6dcfa9655feef1cc9,curated:e2c0dacc159564e9e575,Gamma: Generalizable Ai-Generated Image Detection Via Multi-Task and Manipulation-Augmented Supervision,2026,10.1109/icassp55912.2026.11460946,https://openalex.org/W7155034883,Shanghai Jiao Tong University,institution:fccd5d0ac9cc52f9,,Haozhen Yan; S. Lang; Jiahui Zhan; Yikun Ji; Yujie Gao; Jianfu Zhang,first; middle; middle; middle; middle; last,1,Shanghai Jiao Tong University,https://openalex.org/I183067930,,CN,,,OpenAlex authorships,active,2026-07-13T19:51:28Z,2026-07-13T19:51:28Z
mapping:1cf55ea3fb1804b53217,curated:e2c0dacc159564e9e575,Gamma: Generalizable Ai-Generated Image Detection Via Multi-Task and Manipulation-Augmented Supervision,2026,10.1109/icassp55912.2026.11460946,https://openalex.org/W7155034883,Ant Group,institution:5a28a1a99a417ba5,,Yan Hong; Huijia Zhu; Jun Lan,middle; middle; middle,2,Ant Group,,,,,,OpenAlex raw affiliation strings,active,2026-07-13T19:51:28Z,2026-07-13T19:51:28Z
mapping:42bd4d7b44255d7739e4,openalex:W7138473655,Zooming In on Fakes: A Novel Dataset for Localized AI-Generated Image Detection with Forgery Amplification Approach,2026,10.1609/aaai.v40i4.37240,https://openalex.org/W7138473655,Xiamen University,institution:929ddef9540ec1e7,,Lvpan Cai; Jiayi Ji; Yanshu Zhoumen; Xiaoshuai Sun,,1,,,,,,,,active,2026-07-13T19:53:11Z,2026-07-13T19:53:11Z
mapping:04dede31f2e8f7b3cd84,openalex:W7138473655,Zooming In on Fakes: A Novel Dataset for Localized AI-Generated Image Detection with Forgery Amplification Approach,2026,10.1609/aaai.v40i4.37240,https://openalex.org/W7138473655,Tencent Youtu Lab,institution:3e78e883c14f8bb8,,Haowei Wang; Shen Chen; Taiping Yao,,2,,,,,,,,active,2026-07-13T19:53:24Z,2026-07-13T19:53:24Z
mapping:46ac393b2293a9358639,curated:dc9126cc128e1b228717,Transfer Learning of Real Image Features with Soft Contrastive Loss for Fake Image Detection,2025,https://doi.org/10.48550/arxiv.2403.16513,https://openalex.org/W4393213376,Wuhan University,institution:f23b95ce92de4591,,Ziyou Liang; Weifeng Liu; Run Wang; Mengjie Wu; Yuyang Zhang; Lina Wang,,1,Wuhan University,,,,,,,active,2026-07-13T19:57:09Z,2026-07-13T19:57:09Z
mapping:566f79f5ef17d35afe3f,curated:dc9126cc128e1b228717,Transfer Learning of Real Image Features with Soft Contrastive Loss for Fake Image Detection,2025,https://doi.org/10.48550/arxiv.2403.16513,https://openalex.org/W4393213376,Nanyang Technological University,institution:c111feb812f1a7ed,,Boheng Li,,2,Nanyang Technological University,,,,,,,active,2026-07-13T19:57:23Z,2026-07-13T19:57:23Z
mapping:eb33c5c0fa61a856b26d,curated:dc9126cc128e1b228717,Transfer Learning of Real Image Features with Soft Contrastive Loss for Fake Image Detection,2025,https://doi.org/10.48550/arxiv.2403.16513,https://openalex.org/W4393213376,NSFOCUS,institution:26db9b197bbb7634,,Xinyi Yang,,3,NSFOCUS Technologies Group,,,,,,,active,2026-07-13T19:57:46Z,2026-07-13T19:57:46Z
mapping:c707e77d6d56f8d71467,curated:613af6288792f6ece505,The Visual Counter Turing Test (VCT2): A Benchmark for Evaluating AI-Generated Image Detection and the Visual AI Index (VAI),2025,10.18653/v1/2025.ijcnlp-long.100,https://openalex.org/W4404988034,University of South Carolina,institution:7801abc579496f6a,,Nasrin Imanpour; Amit Sheth,,1,University of South Carolina,,,,,,,active,2026-07-13T20:01:05Z,2026-07-13T20:01:05Z
mapping:f3b966e01a7b83d0b3d6,curated:613af6288792f6ece505,The Visual Counter Turing Test (VCT2): A Benchmark for Evaluating AI-Generated Image Detection and the Visual AI Index (VAI),2025,10.18653/v1/2025.ijcnlp-long.100,https://openalex.org/W4404988034,Manipal University Jaipur,institution:1a36f9f1487a39da,,Abhilekh Borah,,2,Manipal University Jaipur,,,,,,,active,2026-07-13T20:01:16Z,2026-07-13T20:01:16Z
mapping:ff1156dec2eb059d6548,curated:613af6288792f6ece505,The Visual Counter Turing Test (VCT2): A Benchmark for Evaluating AI-Generated Image Detection and the Visual AI Index (VAI),2025,10.18653/v1/2025.ijcnlp-long.100,https://openalex.org/W4404988034,"BITS Pilani, Hyderabad",institution:99ef70abd8f55fae,,Shashwat Bajpai,,3,"BITS Pilani, Hyderabad",,,,,,,active,2026-07-13T20:01:28Z,2026-07-13T20:01:28Z
mapping:97f303b76f46caba7f47,curated:613af6288792f6ece505,The Visual Counter Turing Test (VCT2): A Benchmark for Evaluating AI-Generated Image Detection and the Visual AI Index (VAI),2025,10.18653/v1/2025.ijcnlp-long.100,https://openalex.org/W4404988034,Xpectrum AI,institution:7266fd3d42f0b9ca,,Subhankar Ghosh,,4,"Xpectrum AI, USA",,,,,,,active,2026-07-13T20:01:51Z,2026-07-13T20:01:51Z
mapping:95192f5f75066b27b440,curated:613af6288792f6ece505,The Visual Counter Turing Test (VCT2): A Benchmark for Evaluating AI-Generated Image Detection and the Visual AI Index (VAI),2025,10.18653/v1/2025.ijcnlp-long.100,https://openalex.org/W4404988034,"International Institute of Information Technology, Naya Raipur",institution:118c2f047da4525d,,Sainath Reddy Sankepally,,5,"International Institute of Information Technology, India IIIT-Naya Raipur inferred from the LinkedIn profile of the author",,,,,,manually_confirmed,active,2026-07-13T20:02:05Z,2026-07-26T15:44:05Z
mapping:743a4ede6b6e30ea493c,curated:613af6288792f6ece505,The Visual Counter Turing Test (VCT2): A Benchmark for Evaluating AI-Generated Image Detection and the Visual AI Index (VAI),2025,10.18653/v1/2025.ijcnlp-long.100,https://openalex.org/W4404988034,Texas A&M University,institution:4e140b5268efc364,,Hasnat Abdullah,,6,"Texas A&M University, USA",,,,,,,active,2026-07-13T20:02:42Z,2026-07-13T20:02:42Z
mapping:efd139a64af15abbe819,curated:613af6288792f6ece505,The Visual Counter Turing Test (VCT2): A Benchmark for Evaluating AI-Generated Image Detection and the Visual AI Index (VAI),2025,10.18653/v1/2025.ijcnlp-long.100,https://openalex.org/W4404988034,Carnegie Mellon University,institution:c5235efb76365de2,,Nishoak Kosaraju,,7,"Carnegie Mellon University, USA",,,,,,,active,2026-07-13T20:02:56Z,2026-07-13T20:02:56Z
mapping:d23d32388ab72c92e9bb,curated:613af6288792f6ece505,The Visual Counter Turing Test (VCT2): A Benchmark for Evaluating AI-Generated Image Detection and the Visual AI Index (VAI),2025,10.18653/v1/2025.ijcnlp-long.100,https://openalex.org/W4404988034,Vishwakarma Institute of Information Technology,institution:cb1cf39b9e67e9ec,,Shreyas Dixit,,8,"Vishwakarma Institute of Information Technology, India",,,,,,,active,2026-07-13T20:03:23Z,2026-07-13T20:03:23Z
mapping:78335b9424e7454a1c0a,curated:613af6288792f6ece505,The Visual Counter Turing Test (VCT2): A Benchmark for Evaluating AI-Generated Image Detection and the Visual AI Index (VAI),2025,10.18653/v1/2025.ijcnlp-long.100,https://openalex.org/W4404988034,Indraprastha Institute of Information Technology Delhi,institution:df7499422b3e4d82,location:df7499422b3e4d82dafd,Ashhar Aziz,,9,"IIIT Delhi, India",,New Delhi,India,28.546326,77.2732571,ACL Anthology paper affiliation,active,2026-07-13T20:03:37Z,2026-08-26T18:40:00Z
mapping:f22234a42591897ebc3a,curated:613af6288792f6ece505,The Visual Counter Turing Test (VCT2): A Benchmark for Evaluating AI-Generated Image Detection and the Visual AI Index (VAI),2025,10.18653/v1/2025.ijcnlp-long.100,https://openalex.org/W4404988034,National Institute of Technology Silchar,institution:d4f85059258439dc,,Shwetangshu Biswas,,10,"National Institute of Technology, Silchar, India",,,,,,,active,2026-07-13T20:03:55Z,2026-07-13T20:03:55Z
mapping:ec3f9ec4a249c60c4b33,curated:613af6288792f6ece505,The Visual Counter Turing Test (VCT2): A Benchmark for Evaluating AI-Generated Image Detection and the Visual AI Index (VAI),2025,10.18653/v1/2025.ijcnlp-long.100,https://openalex.org/W4404988034,Amazon AI,institution:8ab1276f56c9f894,,Vinija Jain,,11,"Amazon AI, USA",,,,,,,active,2026-07-13T20:04:10Z,2026-07-13T20:04:10Z
mapping:c6e0d8d1d54ef76d7157,curated:613af6288792f6ece505,The Visual Counter Turing Test (VCT2): A Benchmark for Evaluating AI-Generated Image Detection and the Visual AI Index (VAI),2025,10.18653/v1/2025.ijcnlp-long.100,https://openalex.org/W4404988034,Stanford University,institution:ed72534d79b73fac,,Aman Chadha,,12,"Stanford University, USA",,,,,,,active,2026-07-13T20:04:24Z,2026-07-13T20:04:24Z
mapping:cb40a38626fa8d04e6ee,curated:613af6288792f6ece505,The Visual Counter Turing Test (VCT2): A Benchmark for Evaluating AI-Generated Image Detection and the Visual AI Index (VAI),2025,10.18653/v1/2025.ijcnlp-long.100,https://openalex.org/W4404988034,Amazon,institution:cbc62794911ff31b,,Aman Chadha,,13,"Amazon GenAI, USA",,,,,,,active,2026-07-13T20:04:50Z,2026-08-24T16:41:48Z
mapping:796a159bc2de37d13481,curated:613af6288792f6ece505,The Visual Counter Turing Test (VCT2): A Benchmark for Evaluating AI-Generated Image Detection and the Visual AI Index (VAI),2025,10.18653/v1/2025.ijcnlp-long.100,https://openalex.org/W4404988034,Shenzhen University of Advanced Technology,institution:498778a17add497f,,Song Wang,,14,"4Shenzhen University of Advanced Technology, China",,,,,,,active,2026-07-13T20:05:05Z,2026-07-13T20:05:05Z
mapping:a5a98e3dc32e57eae0e4,curated:613af6288792f6ece505,The Visual Counter Turing Test (VCT2): A Benchmark for Evaluating AI-Generated Image Detection and the Visual AI Index (VAI),2025,10.18653/v1/2025.ijcnlp-long.100,https://openalex.org/W4404988034,"BITS Pilani, Goa",institution:e822c28c6d58a829,,Amitava Das,,15,"5BITS Pilani, Goa, India",,,,,,,active,2026-07-13T20:05:21Z,2026-07-13T20:05:21Z
mapping:589d7438f2301b138aaa,curated:44a70bf5f21b5457102b,RealHD: A High-Quality Dataset for Robust Detection of State-of-the-Art AI-Generated Images,2025,10.1145/3746027.3755207,https://openalex.org/W7128721813,Zhejiang University of Technology,institution:9b91aedca1273b56,,Hanzhe Yu; Jintao Rong; Qi Xuan; Chen Ma,,1,"Institute of Cyberspace Security, Zhejiang University of Technology Hangzhou, China College of Information Engineering, Zhejiang University of Technology Hangzhou, China",,,,,,manually_confirmed,active,2026-07-13T20:09:33Z,2026-08-08T10:17:50Z
mapping:6c5a78b74f2482843cb7,curated:44a70bf5f21b5457102b,RealHD: A High-Quality Dataset for Robust Detection of State-of-the-Art AI-Generated Images,2025,10.48550/arxiv.2602.10546,https://openalex.org/W7128721813,"Binjiang Institute of Artificial Intelligence,",institution:2792f975d7b5565e,,Qi Xuan; Chen Ma,,2,"Binjiang Institute of Artificial Intelligence, ZJUT Hangzhou, China",,,,,,,active,2026-07-13T20:09:52Z,2026-07-13T21:01:33Z
mapping:6d0f34d78e8b98e51f53,curated:44a70bf5f21b5457102b,RealHD: A High-Quality Dataset for Robust Detection of State-of-the-Art AI-Generated Images,2025,10.48550/arxiv.2602.10546,https://openalex.org/W7128721813,Intel Corporation,institution:260c0fc69149bb41,,Yun Ye,,3,"Intel Corporation Beijing, China",,,,,,,active,2026-07-13T20:10:12Z,2026-07-13T20:10:12Z
mapping:0c466c3eb62878775405,curated:bb388762c1cb4bd3bf4a,Quality-Aware Calibration for AI-Generated Image Detection in the Wild,2026,10.48550/arxiv.2604.15027,https://openalex.org/W7154747266,University of Naples Federico II,institution:d046d2c57bb3a863,,Fabrizio Guillaro; Vincenzo De Rosa; Davide Cozzolino; Luisa Verdoliva,,1,University Federico II of Naples,,,,,,,active,2026-07-13T20:14:07Z,2026-07-13T20:14:07Z
mapping:df0941f36b8ba0a32018,curated:828a87e68db4c3541e80,MLEP: Multi-granularity Local Entropy Patterns for Generalized AI-generated Image Detection,2025,https://doi.org/10.48550/arxiv.2504.13726,https://openalex.org/W4415320094,Chongqing University of Posts and Telecommunications,institution:7e10613327a4e264,,Lin Yuan; Xiaowan Li; Yan Zhang; Jiawei Zhang; Hongbo Li; Xinbo Gao,,1,"Chongqing Key Laboratory of Image Cognition, Chongqing University of Posts and Telecommunications, Chongqing 400065, China",,,,,,,active,2026-07-13T20:19:48Z,2026-07-13T20:19:48Z
mapping:99cf653dc6d4edd30427,curated:4c10e64c5b8f09c7333e,Manifold Induced Biases for Zero-shot and Few-shot Detection of Generated Images,2025,10.48550/arxiv.2504.15470,https://openalex.org/W4414631013,Fujitsu Research of Europe,institution:90cbfdc3d90fe8a0,,Jonathan Brokman; Amit Giloni; Omer Hofman; Roman Vainshtein,,1,Fujitsu Research of Europe,,,,,,,active,2026-07-13T20:22:12Z,2026-07-13T20:24:53Z
mapping:18b7b2e2cf09af814a9a,openalex:W4414631013,Manifold Induced Biases for Zero-shot and Few-shot Detection of Generated Images,2025,10.48550/arxiv.2504.15470,https://openalex.org/W4414631013,Fujitsu Limited,institution:0da909b4402f8657,,Hisashi Kojima,,2,Fujitsu Limited,,,,,,,active,2026-07-13T20:23:01Z,2026-07-13T20:23:01Z
mapping:f1c26e9152e739f91d8e,curated:4c10e64c5b8f09c7333e,Manifold Induced Biases for Zero-shot and Few-shot Detection of Generated Images,2025,10.48550/arxiv.2504.15470,https://openalex.org/W4414631013,Technion - Israel Institute of Technology,institution:9e5e300bb52918ca,,Jonathan Brokman; Guy Gilboa,,3,Technion - Israel Institute of Technology,,,,,,,active,2026-07-13T20:23:54Z,2026-07-13T20:23:54Z
mapping:a03ac5ccad450b2e6385,curated:cf55e35fcf11e09fdd12,Locate-Then-Examine: Grounded Region Reasoning Improves Detection of AI-Generated Images,2026,10.48550/arxiv.2510.04225,https://openalex.org/W4416374043,Shanghai Jiao Tong University,institution:fccd5d0ac9cc52f9,,Yikun Ji; Bowen Deng; Liqing Zhang; Jianfu Zhang,,1,Shanghai Jiao Tong University,,,,,,,active,2026-07-13T20:29:17Z,2026-07-13T20:29:17Z
mapping:34c088b5c03969ff8a44,curated:cf55e35fcf11e09fdd12,Locate-Then-Examine: Grounded Region Reasoning Improves Detection of AI-Generated Images,2026,10.48550/arxiv.2510.04225,https://openalex.org/W4416374043,Ant Group,institution:5a28a1a99a417ba5,,Yikun Ji; Yan Hong; Jun Lan; Huijia Zhu; Weiqiang Wang,,2,Ant Group,,,,,,,active,2026-07-13T20:29:29Z,2026-07-13T20:29:29Z
mapping:1613d6c1f5d42d2a169f,curated:f6ad15b01df18aadfe1a,PRADA: Probability-Ratio-Based Attribution and Detection of Autoregressive-Generated Images,2026,10.48550/arxiv.2511.20068,https://openalex.org/W4417082429,Ruhr University Bochum,institution:8f8dd64c6339c8ff,,Simon Damm; Jonas Ricker; Henning Petzka; Asja Fischer,,1,Ruhr University Bochum,,,,,,,active,2026-07-13T20:30:14Z,2026-07-13T20:30:14Z
mapping:2d1ce63b661d2d6167d6,curated:d6fe2666a64b0c70ff6b,GenShield: Unified Detection and Artifact Correction for AI-Generated Images,2026,10.48550/arxiv.2605.16122,https://openalex.org/W7161576865,Peking University,institution:46e4866d3b2954ab,,Zhipei Xu; Xuanyu Zhang; Qing Huang; Jian Zhang,,1,"School of Electronic and Computer Engineering, Peking University",,,,,,,active,2026-07-13T20:31:43Z,2026-07-13T20:31:43Z
mapping:38362dd094742311bf0f,curated:d6fe2666a64b0c70ff6b,GenShield: Unified Detection and Artifact Correction for AI-Generated Images,2026,10.48550/arxiv.2605.16122,https://openalex.org/W7161576865,Tencent Youtu Lab,institution:3e78e883c14f8bb8,,Zhipei Xu; Youmin Xu; Shen Chen; Taiping Yao; Shouhong Ding,,2,Tencent Youtu Lab,,,,,,,active,2026-07-13T20:32:15Z,2026-07-13T20:32:15Z
mapping:639a8ac62a82633cef3f,curated:078ade9edabe304013a7,ForensicConcept: Transferable Forensic Concepts for AIGI Detection,2026,10.48550/arxiv.2606.07034,https://openalex.org/W7163898036,Xiamen University,institution:929ddef9540ec1e7,,Menyanshu Zhou; Ziyin Zhou; Ke Sun; Yunpeng Luo; Jiayi Ji; Xiaoshuai Sun; Rongrong Ji,,1,"Key Laboratory of Multimedia Trusted Perception and Efficient Computing, Ministry of Education of China, School of Informatics, Xiamen University, Xiamen 361005, P.R. China",,,,,,,active,2026-07-13T20:33:52Z,2026-07-13T20:33:52Z
mapping:ecb37f56ffd4a55891ac,curated:078ade9edabe304013a7,ForensicConcept: Transferable Forensic Concepts for AIGI Detection,2026,10.48550/arxiv.2606.07034,https://openalex.org/W7163898036,Sino-Russian Research Center for Digital Economy,institution:387a46732b927ccd,,Xiaoshuai Sun,,2,Sino-Russian Research Center for Digital Economy,,,,,,,active,2026-07-13T20:34:07Z,2026-07-13T20:34:07Z
mapping:0eee46f58fec4a7206a8,curated:f380c0d31081fc59f1eb,FiSeR: Fine-Grained Source Representations for Cross-Domain AI Image Detection,2026,10.48550/arxiv.2606.00606,https://openalex.org/W7163168192,"Institute of Automation, Chinese Academy of Sciences",institution:966ff12833f90bb0,,Shan Zhang; Mingming Zhang; Lei Ma,,1,"The Key Laboratory of Cognition and Decision Intelligence for Complex Systems, Institute of Automation, Chinese Academy of Sciences",,,,,,,active,2026-07-13T20:35:39Z,2026-07-13T20:35:39Z
mapping:b6bcdd36def00e5794da,curated:f380c0d31081fc59f1eb,FiSeR: Fine-Grained Source Representations for Cross-Domain AI Image Detection,2026,10.48550/arxiv.2606.00606,https://openalex.org/W7163168192,University of Chinese Academy of Sciences,institution:69309405e04976ec,,Shan Zhang; Lei Ma; Yongxin He; Huiwen Tian,,2,"School of Artificial Intelligence, University of Chinese Academy of Sciences",,,,,,,active,2026-07-13T20:36:30Z,2026-07-13T20:36:30Z
mapping:1ed12e1b34b6b35801d7,curated:f380c0d31081fc59f1eb,FiSeR: Fine-Grained Source Representations for Cross-Domain AI Image Detection,2026,10.48550/arxiv.2606.00606,https://openalex.org/W7163168192,"Institute of Computing Technology, Chinese Academy of Sciences",institution:e278f75918ccf8a7,,Yongxin He; Huiwen Tian,,3,"Key Lab of Intelligent Information Processing, Institute of Computing Technology, Chinese Academy of Sciences",,,,,,,active,2026-07-13T20:36:51Z,2026-07-13T20:36:51Z
mapping:7739afb050ba997735c5,curated:9b7e6c57a9f75e06fddf,CLIP-SegFusion: An Attention-Guided Feature Fusion Framework for Multi-Level Detection on AI-Generated Artworks,2026,10.1145/3805622.3810639,https://openalex.org/W7164834461,Sungkyunkwan University,institution:e80b94c605da24ce,,Yuqian Zheng; Hyeongjin Ahn; Eunil Park; Juyeob Lee,,1,"Sungkyunkwan University, Seoul, Republic of Korea",,,,,,,active,2026-07-13T20:38:20Z,2026-07-13T20:41:18Z
mapping:594a52e0290c0b99c1fa,curated:9b7e6c57a9f75e06fddf,CLIP-SegFusion: An Attention-Guided Feature Fusion Framework for Multi-Level Detection on AI-Generated Artworks,2026,10.1145/3805622.3810639,https://openalex.org/W7164834461,Jaume I University,institution:bc52939c5da8ad98,,Eunil Park,,2,"Jaume I University, Castellon, Spain",,,,,,,active,2026-07-13T20:38:20Z,2026-07-13T20:41:53Z
mapping:0db145bf7e7fdcbd685d,curated:4a7bded8c311ed9c0540,Forensic-MoE: Exploring Comprehensive Synthetic Image Detection Traces With Mixture of Experts,2025,10.1109/iccv51701.2025.01651,https://openalex.org/W7160024684,University of Science and Technology of China,institution:e721b03b6f6c172d,,Mingqi Fang; Z Li; L J Yu; Quanwei Yang; Hongtao Xie; Yongdong Zhang,first; middle; middle; middle; middle; last,1,University of Science and Technology of China,https://openalex.org/I126520041,,CN,,,OpenAlex authorships,active,2026-07-14T05:58:04Z,2026-07-14T05:58:04Z
mapping:3eef3516dc01acd35ec8,curated:31c548f5aa68f9075659,CausalCLIP: Causally-Informed Feature Disentanglement and Filtering for Generalizable Detection of Generated Images,2026,10.1609/aaai.v40i9.37642,https://openalex.org/W7138324636,Chongqing University of Posts and Telecommunications,institution:7e10613327a4e264,,Bo Liu; Qin Qiao; Qinghui He,first; middle; last,1,"Chongqing Key Laboratory of Image Cognition, Chongqing University of Posts and Telecommunications, Chongqing, China School of Artificial Intelligence | Chongqing Key Laboratory of Image Cognition, Chongqing University of Posts and Telecommunications, Chongqing, China School of Computer Science and Technology",https://openalex.org/I10535382,,CN,,,OpenAlex authorships,active,2026-07-14T06:14:47Z,2026-07-14T06:14:47Z
mapping:b72e74c8b2e527057585,curated:cdbafbabadfbb462102a,Aggregating Diverse Cue Experts for AI-Generated Image Detection,2026,10.1609/aaai.v40i11.37890,https://openalex.org/W7137954683,National University of Singapore,institution:70ccb485197bbb6c,,Lei Tan; Shuwei Li; Mohan S. Kankanhalli; Robby T. Tan,first; middle; middle; last,1,National University of Singapore | National University of Singapore ASUS Intelligent Cloud Services (AICS),https://openalex.org/I165932596,,SG,,,OpenAlex authorships,active,2026-07-14T06:18:56Z,2026-07-14T06:18:56Z
mapping:5d63c6d8f45ec0927b53,curated:49cc18f090b2488dda2d,Beyond Binary Classification: A Semi-supervised Approach to Generalized AI-generated Image Detection,2026,10.1609/aaai.v40i42.40886,https://openalex.org/W7138418035,University College Dublin,institution:4cdbeb4bb5d94d04,,Hong-Hanh Nguyen-Le; Nhien-An Le-Khac,,1,"School of Computer Science, University College Dublin, Ireland",,,,,,manually_confirmed,active,2026-07-14T06:22:28Z,2026-07-29T06:50:51Z
mapping:1b285e90afdfe2b00828,curated:49cc18f090b2488dda2d,Beyond Binary Classification: A Semi-supervised Approach to Generalized AI-generated Image Detection,2026,10.1609/aaai.v40i42.40886,https://openalex.org/W7138418035,Trinity College Dublin,institution:b370a10db2a1f294,,Van-Tuan Tran,,2,"School of Computer Science and Statistics, Trinity College Dublin, Ireland",,,,,,manually_confirmed,active,2026-07-14T06:22:28Z,2026-07-29T06:51:14Z
mapping:d6e3e39021f1014e0582,curated:49cc18f090b2488dda2d,Beyond Binary Classification: A Semi-supervised Approach to Generalized AI-generated Image Detection,2026,10.1609/aaai.v40i42.40886,https://openalex.org/W7138418035,"University of Science, Viet Nam National University Ho Chi Minh City",institution:806523d1aae41484,,Thuc D. Nguyen,,3,"Department of Knowledge Engineering, University of Science, VNU-HCMC, Vietnam",,,,,,manually_confirmed,active,2026-07-14T06:22:28Z,2026-07-29T06:53:48Z
mapping:bd86d74d85a47e2268a8,curated:37949b937d2159b47e73,Spatial-Temporal Forgery Trace Based Forgery Image Identification,2025,10.1109/iccv51701.2025.01585,https://openalex.org/W7160181767,Zhejiang University,institution:e433baf78e80004b,,Yuxing Wang; Zunlei Feng; Yi-Xiang Wang; Hengrui Lou; Binjia Zhou; Mingli Song; Yijun Bei,first; middle; middle; middle; middle; middle; last,1,"Zhejiang University,State Key Laboratory of Blockchain and Data Security",https://openalex.org/I76130692,,CN,,,OpenAlex authorships,active,2026-07-14T06:28:19Z,2026-07-14T06:28:19Z
mapping:4039a909cbb16ef73ffb,curated:37949b937d2159b47e73,Spatial-Temporal Forgery Trace Based Forgery Image Identification,2025,10.1109/iccv51701.2025.01585,https://openalex.org/W7160181767,Zhejiang University of Technology,institution:9b91aedca1273b56,,Jie Lei,middle,2,"College of Computer Science, Zhejiang University of Technology",https://openalex.org/I55712492,,CN,,,OpenAlex authorships,active,2026-07-14T06:28:19Z,2026-07-14T06:28:19Z
mapping:e3466483046fccc31d96,curated:45cb3642fd138c136139,Decision-Driven Orthogonal Learning with Complementary Feature Mining for Robust Synthetic Image Detection,2026,10.1609/aaai.v40i8.37553,https://openalex.org/W7137819524,Shenzhen Campus of Sun Yat-sen University,institution:9ab7959736f7be0d,,Wei Wang; Wenqi Ren,,4,"School of Cyber Science and Technology, Shenzhen Campus of Sun Yat-sen University",,,,,,manually_confirmed,active,2026-07-14T06:40:48Z,2026-07-15T11:28:05Z
mapping:8b4a3d2af977e07f136a,curated:6976641cbfe602a7e617,Forensic Detection of Generated MRI Imagery Using Autoregressive Modeling and Frequency Analysis,2026,,,Florida International University,institution:dbb4589b8e2f8264,,Arpan Mahara; Naphtali Rishe; Malek Adjouadi,,1,"Florida International University, Miami, FL 33199, USA",,,,,,manually_confirmed,active,2026-07-14T07:07:54Z,2026-07-14T07:07:54Z
mapping:654d9f7df49f211f1ce1,curated:c84b04cb8e921be753db,Representation and Reference Selection in Training-Free Synthetic Image Attribution,2026,,,Fudan University,institution:baa1df7c4adddbda,,Meiling Li,,1,,,,,,,manually_confirmed,active,2026-07-15T11:53:44Z,2026-07-15T11:53:44Z
mapping:2be710042441fdbdcaa1,curated:c84b04cb8e921be753db,Representation and Reference Selection in Training-Free Synthetic Image Attribution,2026,,,University of Siena,institution:65dbfd1e022f02e2,,Pietro Bongini; Benedetta Tondi; Mauro Barni,,2,,,,,,,manually_confirmed,active,2026-07-15T11:54:17Z,2026-07-15T11:54:17Z
mapping:a767e43139eb564c684a,openalex:W4386075764,Progressive Open Space Expansion for Open-Set Model Attribution,2023,10.1109/cvpr52729.2023.01522,https://openalex.org/W4386075764,"Institute of Computing Technology, Chinese Academy of Sciences",institution:e278f75918ccf8a7,,Tianyun Yang; Danding Wang; Fan Tang; Xinying Zhao; Juan Cao; Sheng Tang,,1,"Institute of Computing Technology, Chinese Academy of Sciences, Beijing, China",,,,,,manually_confirmed,active,2026-07-15T12:40:39Z,2026-07-15T13:24:17Z
mapping:7f8f2b307fff839dcbd3,openalex:W4386075764,Progressive Open Space Expansion for Open-Set Model Attribution,2023,10.1109/cvpr52729.2023.01522,https://openalex.org/W4386075764,University of Chinese Academy of Sciences,institution:69309405e04976ec,,Tianyun Yang; Danding Wang; Fan Tang; Xinying Zhao; Juan Cao,,2,"University of Chinese Academy of Sciences, Beijing, China",,,,,,manually_confirmed,active,2026-07-15T12:41:01Z,2026-07-15T12:41:01Z
mapping:cd104b016727aa695dc0,openalex:W4386075764,Progressive Open Space Expansion for Open-Set Model Attribution,2023,10.1109/cvpr52729.2023.01522,https://openalex.org/W4386075764,Zhejiang Lab,institution:2f8c9f8f9209013d,,Sheng Tang,,3,"Research Institute of Intelligent Computing, Zhejiang Lab, Hangzhou, China",,,,,,manually_confirmed,active,2026-07-15T13:00:36Z,2026-07-15T13:00:36Z
mapping:48ff27f38fb0a52112af,openalex:W2903907439,Cascade learning from adversarial synthetic images for accurate pupil detection,2018,10.1016/j.patcog.2018.12.014,https://openalex.org/W2903907439,"Institute of Automation, Chinese Academy of Sciences",institution:966ff12833f90bb0,,Chao Gou; Hui Zhang; Kunfeng Wang; Fei-Yue Wang,,1,"nstitute of Automation, Chinese Academy of Sciences, Beijing 100190, China",,,,,,manually_confirmed,active,2026-07-15T14:11:59Z,2026-07-15T14:11:59Z
mapping:aeb563b602f9ca496455,openalex:W2903907439,Cascade learning from adversarial synthetic images for accurate pupil detection,2018,10.1016/j.patcog.2018.12.014,https://openalex.org/W2903907439,Rensselaer Polytechnic Institute,institution:50c86a6fc102a2c1,,Qiang Ji,,2,"Rensselaer Polytechnic Institute, Troy, NY 12180, USA",,,,,,manually_confirmed,active,2026-07-15T14:12:24Z,2026-07-15T14:12:24Z
mapping:62f899c359795c099b37,openalex:W2903907439,Cascade learning from adversarial synthetic images for accurate pupil detection,2018,10.1016/j.patcog.2018.12.014,https://openalex.org/W2903907439,Qingdao Academy of Intelligent Industries,institution:e64214548d48f667,,Chao Gou; Kunfeng Wang; Fei-Yue Wang,,3,"Qingdao Academy of Intelligent Industries, Qingdao 266109, China",,,,,,manually_confirmed,active,2026-07-15T14:12:54Z,2026-07-15T14:12:54Z
mapping:bf89138e096db6d1fdd8,openalex:W4400624794,Artifact feature purification for cross-domain detection of AI-generated images,2024,10.1016/j.cviu.2024.104078,https://openalex.org/W4400624794,"Institute of Automation, Chinese Academy of Sciences",institution:966ff12833f90bb0,,Zheling Meng; Bo Peng; Jing Dong; Tieniu Tan,,1,"New Laboratory of Pattern Recognition (NLPR), Institute of Automation, Chinese Academy of Sciences, Beijing 100190, China State Key Laboratory of Multimodal Artificial Intelligence Systems, Institute of Automation, Chinese Academy of Sciences, Beijing, 100190, China",,,,,,manually_confirmed,active,2026-07-15T14:18:24Z,2026-07-15T14:18:24Z
mapping:92c9b9cfa2c3d2721e95,openalex:W4400624794,Artifact feature purification for cross-domain detection of AI-generated images,2024,10.1016/j.cviu.2024.104078,https://openalex.org/W4400624794,University of Chinese Academy of Sciences,institution:69309405e04976ec,,Zheling Meng; Jing Dong; Tieniu Tan,,2,"School of Artificial Intelligence, University of Chinese Academy of Sciences, Beijing, 100049, China",,,,,,manually_confirmed,active,2026-07-15T14:19:06Z,2026-07-15T14:19:06Z
mapping:24eb798820d89d43bce2,openalex:W4400624794,Artifact feature purification for cross-domain detection of AI-generated images,2024,10.1016/j.cviu.2024.104078,https://openalex.org/W4400624794,Communication University of China,institution:157163d25dac880f,,Haonan Cheng,,3,"State Key Laboratory of Media Convergence and Communication, Communication University of China, Beijing 100024, China",,,,,,manually_confirmed,active,2026-07-15T14:19:29Z,2026-07-15T14:19:29Z
mapping:744ef9fd6106fdf09ebd,openalex:W4410853187,Noise-Informed Diffusion-Generated Image Detection With Anomaly Attention,2025,10.1109/tifs.2025.3573161,https://openalex.org/W4410853187,University of Chinese Academy of Sciences,institution:69309405e04976ec,,Weinan Guan,,1,"Weinan Guan is with the School of Artificial Intelligence, University of Chinese Academy of Sciences, Beijing 100049, China.",,,,,,manually_confirmed,active,2026-07-15T14:30:20Z,2026-07-15T14:30:20Z
mapping:af2660fee7bbcd4eb11f,openalex:W4410853187,Noise-Informed Diffusion-Generated Image Detection With Anomaly Attention,2025,10.1109/tifs.2025.3573161,https://openalex.org/W4410853187,"Institute of Automation, Chinese Academy of Sciences",institution:966ff12833f90bb0,,Weinan Guan; Wei Wang; Bo Peng; Jing Dong,,2,"Weinan Guan is also with the New Laboratory of Pattern Recognition (NLPR), Institute of Automation, Chinese Academy of Sciences (CASIA), Beijing 100190, China. Wei Wang, Bo Peng, and Jing Dong are with the New Laboratory of Pattern Recognition (NLPR), Institute of Automation, Chinese Academy of Sciences (CASIA), Beijing 100190, China.",,,,,,manually_confirmed,active,2026-07-15T14:30:43Z,2026-07-15T14:30:43Z
mapping:2a3b8d1dde76c8b84a03,openalex:W4410853187,Noise-Informed Diffusion-Generated Image Detection With Anomaly Attention,2025,10.1109/tifs.2025.3573161,https://openalex.org/W4410853187,Nanjing University of Information Science and Technology,institution:0af8b0b3be8e7963,,Ziwen He,,3,"Ziwen He is with the Engineering Research Center of Digital Forensics, Ministry of Education, Nanjing University of Information Science and Technology, Nanjing, Jiangsu 210044, China.",,,,,,manually_confirmed,active,2026-07-15T14:31:01Z,2026-07-15T14:31:01Z
mapping:7343d776f1c6afcd4b91,openalex:W4410853187,Noise-Informed Diffusion-Generated Image Detection With Anomaly Attention,2025,10.1109/tifs.2025.3573161,https://openalex.org/W4410853187,Communication University of China,institution:157163d25dac880f,,Haonan Cheng,,4,"Haonan Cheng is with the State Key Laboratory of Media Convergence and Communication, Communication University of China, Beijing 100024, China.",,,,,,manually_confirmed,active,2026-07-15T14:31:15Z,2026-07-15T14:31:15Z
mapping:ae95082f70ec4f3327c0,curated:7693a9c0107feaf90e10,Are High-Quality AI-Generated Images More Difficult for Models to Detect?,2025,,,Sun Yat-sen University,institution:5c85faa51cc57a24,,Yao Xiao; Binbin Yang; Weiyan Chen; Zijie Cao; Ziyi Dong; Liang Lin; Pengxu Wei,,1,"School of Computer Science and Engineering, Sun Yat-sen University, Guangzhou, China",,,,,,manually_confirmed,active,2026-07-17T21:28:48Z,2026-07-17T21:28:48Z
mapping:913b9461f31f69c6cfa0,curated:7693a9c0107feaf90e10,Are High-Quality AI-Generated Images More Difficult for Models to Detect?,2025,,,Xi'an Jiaotong University,institution:afc29be68ac419be,,Jiahao Chen; Wei Ke,,2,"School of Software Engineering, Xi’an Jiaotong University, Xi’an, China",,,,,,manually_confirmed,active,2026-07-17T21:29:10Z,2026-07-17T21:29:10Z
mapping:fbf61c19ecf041dac4dc,curated:7693a9c0107feaf90e10,Are High-Quality AI-Generated Images More Difficult for Models to Detect?,2025,,,Tsinghua University,institution:4ae45b121fe12e9c,,Xiangyang Ji,,3,"Department of Automation, Tsinghua University, Beijing, China",,,,,,manually_confirmed,active,2026-07-17T21:29:25Z,2026-07-17T21:29:25Z
mapping:419d1445f86603a3b557,curated:7693a9c0107feaf90e10,Are High-Quality AI-Generated Images More Difficult for Models to Detect?,2025,,,Peng Cheng Laboratory,institution:aee00ab2f1fd8132,location:aee00ab2f1fd813231e8,Liang Lin; Pengxu Wei,,4,"Peng Cheng Laboratory, Shenzhen, China",,Shenzhen,China,22.62801,113.92921,manually_confirmed,active,2026-07-17T21:29:41Z,2026-08-24T17:30:25Z
mapping:2efb6df384002a81fd04,curated:3c8696103d9d5e608281,DRCT: Diffusion Reconstruction Contrastive Training towards Universal Detection of Diffusion Generated Images,2024,,,Alibaba Group,institution:73f449eb6a3c05d3,,Baoying Chen; Jishen Zeng; Rui Yang,,1,Alibaba Group,,,,,,manually_confirmed,active,2026-07-17T21:33:18Z,2026-07-17T21:33:18Z
mapping:1b0f03b9fcd77f59e49e,curated:3c8696103d9d5e608281,DRCT: Diffusion Reconstruction Contrastive Training towards Universal Detection of Diffusion Generated Images,2024,,,Shenzhen Campus of Sun Yat-sen University,institution:9ab7959736f7be0d,,Jianquan Yang,,2,"School of Cyber Science and Technology, Shenzhen Campus of Sun Yat-sen University, Shenzhen, China",,,,,,manually_confirmed,active,2026-07-17T21:34:08Z,2026-07-17T21:34:08Z
mapping:c2dd804411c784e50bf9,curated:386ccd052b812587c286,"All Patches Matter, More Patches Better: Enhance AI-Generated Image Detection via Panoptic Patch Learning",2026,,,Zhejiang University,institution:e433baf78e80004b,,Zheng Yang; Xinghe Fu; Zequn Qin; Xi Li,,1,"College of Computer Science and Technology, Zhejiang University",,,,,,manually_confirmed,active,2026-07-17T21:36:02Z,2026-07-17T21:39:30Z
mapping:f4284edd4695718e3905,curated:386ccd052b812587c286,"All Patches Matter, More Patches Better: Enhance AI-Generated Image Detection via Panoptic Patch Learning",2026,,,Tencent Youtu Lab,institution:3e78e883c14f8bb8,,Ruoxin Chen; Keyue Zhang; Shuang Wu; Taiping Yao; Shouhong Ding,,2,"Youtu Lab, Tencent",,,,,,manually_confirmed,active,2026-07-17T21:36:21Z,2026-07-17T21:36:21Z
mapping:fd34ec70d270236414fb,curated:386ccd052b812587c286,"All Patches Matter, More Patches Better: Enhance AI-Generated Image Detection via Panoptic Patch Learning",2026,,,Peking University,institution:46e4866d3b2954ab,,Zhiyuan Yan,,3,Peking University,,,,,,manually_confirmed,active,2026-07-17T21:36:36Z,2026-07-17T21:36:36Z
mapping:425ed7a71dbb40d09569,curated:386ccd052b812587c286,"All Patches Matter, More Patches Better: Enhance AI-Generated Image Detection via Panoptic Patch Learning",2026,,,"WeChat Pay, Tencent",institution:a5744bc50825ed1f,,Xiujun Shu,,4,"WeChat Pay, Tencent",,,,,,manually_confirmed,active,2026-07-17T21:37:25Z,2026-07-17T21:37:25Z
mapping:bc889b69e4b4c1701302,curated:386ccd052b812587c286,"All Patches Matter, More Patches Better: Enhance AI-Generated Image Detection via Panoptic Patch Learning",2026,,,Zhejiang University,institution:e433baf78e80004b,,Zequn Qin,,1,"School of Software Technology, Zhejiang University",,,,,,manually_confirmed,excluded,2026-07-17T21:38:25Z,2026-07-17T21:39:22Z
mapping:5bb983812820adc04a27,curated:411724cd949b78c1af6a,FakeXplain: AI-Generated Image Detection via Human-Aligned Grounded Reasoning,2026,,,Shanghai Jiao Tong University,institution:fccd5d0ac9cc52f9,,Yikun Ji; Qi Fan; Liqing Zhang; Jianfu Zhang,,1,Shanghai Jiao Tong University,,,,,,manually_confirmed,active,2026-07-17T21:40:40Z,2026-07-17T21:40:40Z
mapping:f78f4f3ad036e08a894a,curated:411724cd949b78c1af6a,FakeXplain: AI-Generated Image Detection via Human-Aligned Grounded Reasoning,2026,,,Ant Group,institution:5a28a1a99a417ba5,,Yikun Ji; Yan Hong; Jun Lan; Huijia Zhu; Weiqiang Wang,,2,Ant Group,,,,,,manually_confirmed,active,2026-07-17T21:41:06Z,2026-07-17T21:41:06Z
mapping:5b1be4f901f0a46cf29e,curated:7287cadbc4b8408fd16b,Breaking Manifold Continuity: Vector Quantized Modeling for Real-Centric Deepfake Detection,2026,,,Shanghai Jiao Tong University,institution:fccd5d0ac9cc52f9,,Changshuo Wang; Ran Yi; Lizhuang Ma,,1,"Shanghai Jiao Tong University, Shanghai, China",,,,,,manually_confirmed,active,2026-07-17T21:42:10Z,2026-07-17T21:42:10Z
mapping:ac16f3095160288df768,curated:7287cadbc4b8408fd16b,Breaking Manifold Continuity: Vector Quantized Modeling for Real-Centric Deepfake Detection,2026,,,Tencent Youtu Lab,institution:3e78e883c14f8bb8,,Changshuo Wang; Jiangming Wang; Ke-Yue Zhang; Taiping Yao; Shouhong Ding,,2,"Tencent Youtu Lab, Shanghai, China",,,,,,manually_confirmed,active,2026-07-17T21:42:34Z,2026-07-17T21:42:34Z
mapping:a5c5f199049860b57372,curated:b2b738978609f5704f00,HSIC Bottleneck for Cross-Generator and Domain-Incremental Synthetic Image Detection,2026,,https://openalex.org/W7111483085,National Taiwan University,institution:69a779f3b8d566f6,,Chin-Chia Yang; Yung-Yu Chuang,,1,"Department of Computer Science, National Taiwan University, Taiwan; AI Center of Research Excellence (AI-CoRE), National Taiwan University, Taiwan",,,,,,manually_confirmed,active,2026-07-17T21:43:59Z,2026-07-17T21:43:59Z
mapping:58e03991012ac2553d0e,curated:b2b738978609f5704f00,HSIC Bottleneck for Cross-Generator and Domain-Incremental Synthetic Image Detection,2026,,https://openalex.org/W7111483085,National Tsing Hua University,institution:4b215cd9407fb4b1,,Hwann-Tzong Chen,,2,"Department of Computer Science, National Tsing Hua University, Taiwan",,,,,,manually_confirmed,active,2026-07-17T21:44:15Z,2026-07-17T21:44:15Z
mapping:9141f91ac45eeaef6fc3,curated:b2b738978609f5704f00,HSIC Bottleneck for Cross-Generator and Domain-Incremental Synthetic Image Detection,2026,,https://openalex.org/W7111483085,Academia Sinica,institution:d2cacec52769f3d9,,Chin-Chia Yang; Tyng-Luh Liu,,3,"Institute of Information Science, Academia Sinica, Taiwan",,,,,,manually_confirmed,active,2026-07-17T21:44:42Z,2026-07-17T21:44:42Z
mapping:4950ea5b530cbe094496,curated:7b767faa09af80414296,Leveraging Failed Samples: A Few-Shot and Training-Free Framework for Generalized Deepfake Detection,2026,10.1609/aaai.v40i33.39998,https://openalex.org/W7138200288,Beijing Jiaotong University,institution:bf6195b78f6dc951,,Shibo Yao; Renshuai Tao; Chunjie Zhang,,1,,,,,,,manually_confirmed,active,2026-07-17T21:45:52Z,2026-07-17T21:45:52Z
mapping:83f091cf9077e352778d,curated:7b767faa09af80414296,Leveraging Failed Samples: A Few-Shot and Training-Free Framework for Generalized Deepfake Detection,2026,10.1609/aaai.v40i33.39998,https://openalex.org/W7138200288,"Institute of Automation, Chinese Academy of Sciences",institution:966ff12833f90bb0,,Xiaolong Zheng,,2,,,,,,,manually_confirmed,active,2026-07-17T21:46:04Z,2026-07-17T21:46:04Z
mapping:882e3fc563ac3eacf806,curated:7b767faa09af80414296,Leveraging Failed Samples: A Few-Shot and Training-Free Framework for Generalized Deepfake Detection,2026,10.1609/aaai.v40i33.39998,https://openalex.org/W7138200288,Wuhan University,institution:f23b95ce92de4591,,Chao Liang,,3,,,,,,,manually_confirmed,active,2026-07-17T21:46:15Z,2026-07-17T21:46:15Z
mapping:9c58f70b9631ba78c15a,curated:084e01a1a2191cb4c86a,LOKI: A Comprehensive Synthetic Data Detection Benchmark using Large Multimodal Models,2025,10.48550/arxiv.2410.09732,https://openalex.org/W4403570063,Sun Yat-sen University,institution:5c85faa51cc57a24,,Junyan Ye; Zilong Huang; Jun He; Zihao Wang; Yiping Chen; Weijia Li,,1,,,,,,,manually_confirmed,active,2026-07-17T21:47:28Z,2026-07-17T21:47:28Z
mapping:24453c3dbd25adcc7677,curated:084e01a1a2191cb4c86a,LOKI: A Comprehensive Synthetic Data Detection Benchmark using Large Multimodal Models,2025,10.48550/arxiv.2410.09732,https://openalex.org/W4403570063,Shanghai Artificial Intelligence Laboratory,institution:c107a95b6cb53ac5,location:c107a95b6cb53ac5425f,Junyan Ye; Baichuan Zhou; Junan Zhang; Tianyi Bai; Hengrui Kang; Honglin Lin; Zhizheng Wu; Dahua Lin; Conghui He,,2,,,Shanghai,China,31.1779,121.4625,manually_confirmed,active,2026-07-17T21:47:51Z,2026-08-30T21:08:46Z
mapping:1e866bf80116cf3d7003,curated:084e01a1a2191cb4c86a,LOKI: A Comprehensive Synthetic Data Detection Benchmark using Large Multimodal Models,2025,10.48550/arxiv.2410.09732,https://openalex.org/W4403570063,SenseTime,institution:f95d5af831e91b94,,Conghui He,,3,SenseTime Research,,,,,,manually_confirmed,active,2026-07-17T21:48:10Z,2026-07-17T21:48:10Z
mapping:858d81da9652d68ee59d,curated:084e01a1a2191cb4c86a,LOKI: A Comprehensive Synthetic Data Detection Benchmark Using Large Multimodal Models,2025,10.48550/arxiv.2410.09732,https://openalex.org/W4403570063,Chinese University of Hong Kong,institution:ff4b6fb0e7e3f155,location:08953a148518042d3bbb,Tong Wu; Dahua Lin,,4,The Chinese University of Hong Kong,,Hong Kong,China,22.4201838,114.2079145,manually_confirmed,active,2026-07-17T21:48:43Z,2026-08-27T15:02:51Z
mapping:224724b0d31d72005e99,curated:084e01a1a2191cb4c86a,LOKI: A Comprehensive Synthetic Data Detection Benchmark using Large Multimodal Models,2025,10.48550/arxiv.2410.09732,https://openalex.org/W4403570063,The Hong Kong University of Science and Technology,institution:fa80d3c071c298e1,,Tianyi Bai,,5,The Hong Kong University of Science and Technology,,,,,,manually_confirmed,active,2026-07-17T21:48:58Z,2026-07-17T21:48:58Z
mapping:08ad1aa6e889d6c2460d,curated:084e01a1a2191cb4c86a,LOKI: A Comprehensive Synthetic Data Detection Benchmark using Large Multimodal Models,2025,10.48550/arxiv.2410.09732,https://openalex.org/W4403570063,"The Chinese University of Hong Kong, Shenzhen",institution:5dbb9ac6a407e079,,Junan Zhang; Zhizheng Wu,,6,"SDS, SRIBD, The Chinese University of Hong Kong, Shenzhen",,,,,,manually_confirmed,active,2026-07-17T21:49:23Z,2026-07-17T21:49:23Z
mapping:70ea2c1b43c27b8350d8,curated:64635535d7b7b6a12a32,Unveiling Perceptual Artifacts: A Fine-Grained Benchmark for Interpretable AI-Generated Image Detection,2026,,https://openalex.org/W7126001367,Sun Yat-sen University,institution:5c85faa51cc57a24,,Yao Xiao; Weiyan Chen; Zijie Cao; Binbin Yang; Ziyi Dong; Pengxu Wei; Liang Lin,,1,,,,,,,manually_confirmed,active,2026-07-17T21:52:45Z,2026-07-17T21:52:45Z
mapping:ead069216470187da749,curated:64635535d7b7b6a12a32,Unveiling Perceptual Artifacts: A Fine-Grained Benchmark for Interpretable AI-Generated Image Detection,2026,,https://openalex.org/W7126001367,Peng Cheng Laboratory,institution:aee00ab2f1fd8132,location:aee00ab2f1fd813231e8,Pengxu Wei; Liang Lin,,2,,,Shenzhen,China,22.62801,113.92921,manually_confirmed,active,2026-07-17T21:52:59Z,2026-08-24T17:30:25Z
mapping:e6c1de983e0a32d5bb62,curated:64635535d7b7b6a12a32,Unveiling Perceptual Artifacts: A Fine-Grained Benchmark for Interpretable AI-Generated Image Detection,2026,,https://openalex.org/W7126001367,Xi'an Jiaotong University,institution:afc29be68ac419be,,Jiahao Chen; Wei Ke,,3,,,,,,,manually_confirmed,active,2026-07-17T21:53:13Z,2026-07-17T21:53:13Z
mapping:a0381b5720a5171adf51,curated:64635535d7b7b6a12a32,Unveiling Perceptual Artifacts: A Fine-Grained Benchmark for Interpretable AI-Generated Image Detection,2026,,https://openalex.org/W7126001367,Australian National University,institution:943b42ad910c2615,,Weijian Deng,,4,,,,,,,manually_confirmed,active,2026-07-17T21:53:27Z,2026-07-17T21:53:27Z
mapping:0b5333d45b075b0cd58a,curated:64635535d7b7b6a12a32,Unveiling Perceptual Artifacts: A Fine-Grained Benchmark for Interpretable AI-Generated Image Detection,2026,,https://openalex.org/W7126001367,Tsinghua University,institution:4ae45b121fe12e9c,,Xiangyang Ji,,5,,,,,,,manually_confirmed,active,2026-07-17T21:53:38Z,2026-07-17T21:53:38Z
mapping:5bcf70399f6c29ec1e3c,curated:beb92721c8ba0d0c4231,Scaling Up AI-Generated Image Detection with Generator-Aware Prototypes,2026,10.48550/arxiv.2512.12982,https://openalex.org/W4417453606,"Institute of Automation, Chinese Academy of Sciences",institution:966ff12833f90bb0,location:966ff12833f90bb0ba7e,Ziheng Qin; Yuheng Ji; Yuxuan Tian; Yuyang Liu; Yipu Wang; Xiaolong Zheng,,1,"Institute of Automation, Chinese Academy of Sciences",,Beijing,China,39.9826,116.3336,manually_confirmed,active,2026-07-17T21:55:18Z,2026-08-25T05:41:12Z
mapping:6e5208915d39772c8f95,curated:beb92721c8ba0d0c4231,Scaling Up AI-Generated Image Detection with Generator-Aware Prototypes,2026,10.48550/arxiv.2512.12982,https://openalex.org/W4417453606,Beijing Jiaotong University,institution:bf6195b78f6dc951,,Ziheng Qin; Renshuai Tao,,2,"Institute of Information Science, Beijing Jiaotong University",,,,,,manually_confirmed,active,2026-07-17T21:55:36Z,2026-07-17T21:56:23Z
mapping:fbdbbba3c4aac852c0cd,curated:beb92721c8ba0d0c4231,Scaling Up AI-Generated Image Detection with Generator-Aware Prototypes,2026,10.48550/arxiv.2512.12982,https://openalex.org/W4417453606,University of Chinese Academy of Sciences,institution:69309405e04976ec,,Ziheng Qin; Yuheng Ji; Yuxuan Tian; Yuyang Liu; Yipu Wang; Xiaolong Zheng,,3,"School of Artificial Intelligence, University of Chinese Academy of Sciences; School of Advanced Interdisciplinary Sciences, University of Chinese Academy of Sciences",,,,,,manually_confirmed,active,2026-07-17T21:56:03Z,2026-07-17T21:56:03Z
mapping:20a5169c3c562c456c83,curated:6c2f591bf6fda3abecbb,Reasoning-Aware AIGC Detection via Alignment and Reinforcement,2026,10.18653/v1/2026.findings-acl.1043,https://openalex.org/W7166812826,Renmin University of China,institution:5fbb6e2cbdd4ea21,,Zhao Wang; Zhicheng Dou,,1,"Gaoling School of Artificial Intelligence, Renmin University of China",,,,,,manually_confirmed,active,2026-07-17T21:57:54Z,2026-07-17T21:57:54Z
mapping:fc0ea6602f56417e0815,curated:6c2f591bf6fda3abecbb,Reasoning-Aware AIGC Detection via Alignment and Reinforcement,2026,10.18653/v1/2026.findings-acl.1043,https://openalex.org/W7166812826,Duke University,institution:781afa4ed50a74b8,,Max Xiong,,2,,,,,,,manually_confirmed,active,2026-07-17T21:58:08Z,2026-07-17T21:58:08Z
mapping:63b8a9b18d42de882c8d,curated:6c2f591bf6fda3abecbb,Reasoning-Aware AIGC Detection via Alignment and Reinforcement,2026,10.18653/v1/2026.findings-acl.1043,https://openalex.org/W7166812826,Microsoft Research Asia,institution:7b971ad17fd639eb,,Jianxun Lian,,3,,,,,,,manually_confirmed,active,2026-07-17T21:58:19Z,2026-07-17T21:58:19Z
mapping:ed00e004e210dc212544,curated:b45849aa3f89cc8b64ef,Position: We need to re-think the concept of “real” images.,2026,,,Offenburg University of Applied Sciences,institution:59fe0b363dfeb8f5,,Janis Keuper,,1,"IMLA, Offenburg University, Germany",,,,,,manually_confirmed,active,2026-07-17T22:00:27Z,2026-07-17T22:00:27Z
mapping:03078a38cdca9a47e33a,curated:b45849aa3f89cc8b64ef,Position: We need to re-think the concept of “real” images.,2026,,,University of Mannheim,institution:957fef132942e033,,Janis Keuper; Margret Keuper,,2,"University of Mannheim, Germany",,,,,,manually_confirmed,active,2026-07-17T22:00:47Z,2026-07-17T22:00:47Z
mapping:fd33891327aabad2a825,curated:b45849aa3f89cc8b64ef,Position: We need to re-think the concept of “real” images.,2026,,,Max Planck Institute for Informatics,institution:bef37c90751e824e,,Margret Keuper,,3,"Max Planck Institute for Informatics, Saarland Informatics Campus",,,,,,manually_confirmed,active,2026-07-17T22:00:59Z,2026-07-17T22:00:59Z
mapping:0f4aa749d0795058ff6a,curated:95953a73a0e2e1f14ccb,PiD: Generalized AI-Generated Images Detection with Pixelwise Decomposition Residuals,2025,,,Zhejiang University,institution:e433baf78e80004b,,Xinghe Fu; Zheng Yang; Xi Li,,1,"College of Computer Science and Technology, Zhejiang University, Hangzhou, China",,,,,,manually_confirmed,active,2026-07-17T22:01:58Z,2026-07-17T22:01:58Z
mapping:a2a582fd979d9784721b,curated:95953a73a0e2e1f14ccb,PiD: Generalized AI-Generated Images Detection with Pixelwise Decomposition Residuals,2025,,,Tencent Youtu Lab,institution:3e78e883c14f8bb8,,Zhiyuan Yan; Taiping Yao; Yandan Zhao; Shouhong Ding,,2,"Youtu Lab, Tencent, Shanghai, China",,,,,,manually_confirmed,active,2026-07-17T22:02:19Z,2026-07-17T22:02:19Z
mapping:feca32b05c7460296756,curated:506d44d3feea2627dd42,No Pixel Left Behind: A Detail-Preserving Architecture for Robust High-Resolution AI-Generated Image Detection,2026,,,Zhejiang University,institution:e433baf78e80004b,,Lianrui Mu; Haoji Hu; Xingze Zou; Jianhong Bai; Jiaqi Hu,,1,,,,,,,manually_confirmed,active,2026-07-17T22:03:00Z,2026-07-17T22:03:00Z
mapping:e55552988cd2e6731008,curated:3c22ad3ac0639bf3d2b5,Multiscale Spatial Frequency-Aware Transformer and Saturation Analysis for Universal Deepfake Detection,2026,10.1109/TCYB.2026.3690601,,Nanjing University of Science and Technology,institution:a239b6e2cb8473ef,,Kaiwen Xu; Yichao Zhou; Yang Xu,,1,"School of Computer Science and Engineering, Nanjing University of Science and Technology, Nanjing 210094, China",,,,,,manually_confirmed,active,2026-07-17T22:07:16Z,2026-07-17T22:07:16Z
mapping:f80085a4d76f2db8ab48,curated:3c22ad3ac0639bf3d2b5,Multiscale Spatial Frequency-Aware Transformer and Saturation Analysis for Universal Deepfake Detection,2026,10.1109/TCYB.2026.3690601,,Beijing University of Technology,institution:f060d61d546153f2,,Xiyuan Hu,,2,"College of Computer Sciences, Beijing University of Technology, Beijing 100124, China",,,,,,manually_confirmed,active,2026-07-17T22:07:29Z,2026-07-17T22:07:29Z
mapping:05eff74064b5b2b1278d,curated:3c22ad3ac0639bf3d2b5,Multiscale Spatial Frequency-Aware Transformer and Saturation Analysis for Universal Deepfake Detection,2026,10.1109/TCYB.2026.3690601,,"Institute of Automation, Chinese Academy of Sciences",institution:966ff12833f90bb0,,Chen Chen,,3,"State Key Laboratory of Multimodal Artificial Intelligence Systems, Institute of Automation, Chinese Academy of Sciences, Beijing 100190, China",,,,,,manually_confirmed,active,2026-07-17T22:07:45Z,2026-07-17T22:07:45Z
mapping:1a29a46981a791438d8a,curated:3c22ad3ac0639bf3d2b5,Multiscale Spatial Frequency-Aware Transformer and Saturation Analysis for Universal Deepfake Detection,2026,10.1109/TCYB.2026.3690601,,Princess Nourah bint Abdulrahman University,institution:a0aa144d9d2444cc,,Hadeel Alsolai,,4,"Department of Information Systems, College of Computer and Information Sciences, Princess Nourah bint Abdulrahman University, P.O. Box 84428, Riyadh 11671, Saudi Arabia",,,,,,manually_confirmed,active,2026-07-17T22:07:58Z,2026-07-17T22:07:58Z
mapping:f901d1f63d0e8d6b5b3f,curated:3c22ad3ac0639bf3d2b5,Multiscale Spatial Frequency-Aware Transformer and Saturation Analysis for Universal Deepfake Detection,2026,10.1109/TCYB.2026.3690601,,Nottingham Trent University,institution:c055ca96e505b797,,Shahid Mumtaz,,5,"Department of Computer Sciences, Nottingham Trent University, NG1 4FQ Nottingham, U.K.",,,,,,manually_confirmed,active,2026-07-17T22:08:14Z,2026-07-17T22:08:14Z
mapping:94a13c727f90e6339e38,openalex:W4405778887,Advanced Detection of AI-Generated Images Through Vision Transformers,2024,10.1109/access.2024.3522759,https://openalex.org/W4405778887,Everest English Boarding Secondary School,institution:141dbbea6bba3a37,,Darshan Lamichhane,,1,"Everest English Boarding Secondary School, Butwal 32907, Nepal",,,,,,manually_confirmed,active,2026-07-17T22:11:45Z,2026-07-17T22:11:45Z
mapping:d6d4c837db401aef2668,openalex:W4408355373,Spatial-Temporal Reconstruction Error for AIGC-based Forgery Image Detection,2025,https://doi.org/10.1109/icassp49660.2025.10890455,https://openalex.org/W4408355373,Zhejiang University,institution:e433baf78e80004b,,Chengji Shen; Kaixuan Chen; Mingli Song; Zunlei Feng,,1,"State Key Laboratory of Blockchain and Data Security, Zhejiang University",,,,,,manually_confirmed,active,2026-07-17T22:24:22Z,2026-07-17T22:24:22Z
mapping:1d5c84575f83c2db6177,openalex:W4408355373,Spatial-Temporal Reconstruction Error for AIGC-based Forgery Image Detection,2025,https://doi.org/10.1109/icassp49660.2025.10890455,https://openalex.org/W4408355373,Alibaba Group,institution:73f449eb6a3c05d3,,Zhenjiang Liu,,2,"Idlefish Network Technology, Alibaba Group",,,,,,manually_confirmed,active,2026-07-17T22:24:50Z,2026-07-17T22:24:50Z
mapping:5a975fc8a0fa112590b7,openalex:W4408355373,Spatial-Temporal Reconstruction Error for AIGC-based Forgery Image Detection,2025,https://doi.org/10.1109/icassp49660.2025.10890455,https://openalex.org/W4408355373,Zhejiang University of Technology,institution:9b91aedca1273b56,,Jie Lei,,3,"College of Computer Science and Technology, Zhejiang University of Technology",,,,,,manually_confirmed,active,2026-07-17T22:25:07Z,2026-07-17T22:25:07Z
mapping:67fe303ee819f53d351a,openalex:W4408355373,Spatial-Temporal Reconstruction Error for AIGC-based Forgery Image Detection,2025,https://doi.org/10.1109/icassp49660.2025.10890455,https://openalex.org/W4408355373,Hangzhou High-Tech Zone (Binjiang) Institute of Blockchain and Data Security,institution:91e76fe32279c58d,,Chengji Shen; Kaixuan Chen; Mingli Song; Zunlei Feng,,4,Hangzhou High-Tech Zone (Binjiang) Institute of Blockchain and Data Security,,,,,,manually_confirmed,active,2026-07-17T22:25:35Z,2026-07-17T22:25:35Z
mapping:9164a904678562689e98,openalex:W4392981221,GAN Generated Fake Human Face Image Detection,2024,10.1109/iitcee59897.2024.10467257,https://openalex.org/W4392981221,Vishwakarma Institute of Technology,institution:dbb7fb7fdd9bd486,,Swati Shilaskar; Mayur Talewar; Soham Tak; Sidhesh Goud,,1,"Department of Electronics and Telecommunication Engineering, Vishwakarma Institute of Technology, Pune, India",,,,,,manually_confirmed,active,2026-07-17T23:01:41Z,2026-07-17T23:01:41Z
mapping:eabf85fb6bbe00464322,openalex:W4390873235,DIRE for Diffusion-Generated Image Detection,2023,10.1109/iccv51070.2023.02051,https://openalex.org/W4390873235,University of Science and Technology of China,institution:e721b03b6f6c172d,,Zhendong Wang; Wengang Zhou; Weilun Wang; Hezhen Hu; Houqiang Li,,1,"CAS Key Laboratory of GIPAS, EEIS Department, University of Science and Technology of China",,,,,,manually_confirmed,active,2026-07-17T23:08:31Z,2026-07-17T23:08:31Z
mapping:be6f5040098cef042c7c,openalex:W4390873235,DIRE for Diffusion-Generated Image Detection,2023,10.1109/iccv51070.2023.02051,https://openalex.org/W4390873235,Microsoft Research Asia,institution:7b971ad17fd639eb,,Jianmin Bao,,2,Microsoft Research Asia,,,,,,manually_confirmed,active,2026-07-17T23:08:44Z,2026-07-17T23:08:44Z
mapping:eee47ea69c42e3cf5cd2,openalex:W4390873235,DIRE for Diffusion-Generated Image Detection,2023,10.1109/iccv51070.2023.02051,https://openalex.org/W4390873235,"Institute of Artificial Intelligence, Hefei Comprehensive National Science Center",institution:db049bef3a2d25e0,,Wengang Zhou; Houqiang Li,,3,"Institute of Artificial Intelligence, Hefei Comprehensive National Science Center",,,,,,manually_confirmed,active,2026-07-17T23:09:38Z,2026-07-17T23:30:06Z
mapping:e8cc39a588fe0f056d45,openalex:W4390873235,DIRE for Diffusion-Generated Image Detection,2023,10.1109/iccv51070.2023.02051,https://openalex.org/W4390873235,Merchants Union Consumer Finance Company,institution:73df77aca515d21a,,Hong Chen,,4,Merchants Union Consumer Finance Company,,,,,,manually_confirmed,active,2026-07-17T23:09:55Z,2026-07-17T23:09:55Z
mapping:45efaf7cffc63304402c,curated:dcf7aae2c8590b07aff3,Leveraging Frequency Analysis for Deep Fake Image Recognition,2020,10.48550/arxiv.2003.08685,https://openalex.org/W3012033723,Ruhr University Bochum,institution:8f8dd64c6339c8ff,,Joel Frank; Thorsten Eisenhofer; Lea Schönherr; Asja Fischer; Dorothea Kolossa; Thorsten Holz,,1,"Ruhr-Universität Bochum, Horst Görtz Institute for IT Security, Bochum, Germany",,,,,,manually_confirmed,active,2026-07-17T23:14:23Z,2026-07-17T23:14:23Z
mapping:6cde5e5f2aa2f63ab83b,openalex:W4402915983,Raising the Bar of AI-generated Image Detection with CLIP,2024,10.1109/cvprw63382.2024.00439,https://openalex.org/W4402915983,Technical University of Munich,institution:f42de06978b10eb5,,Matthias Nießner; Luisa Verdoliva,,2,Technical University of Munich,,,,,,manually_confirmed,active,2026-07-17T23:17:03Z,2026-07-17T23:17:03Z
mapping:9350828d5bb33e52e633,openalex:W4391555851,A Single Simple Patch is All You Need for AI-generated Image Detection,2024,10.48550/arxiv.2402.01123,https://openalex.org/W4391555851,Nanjing University of Aeronautics and Astronautics,institution:17d17325e0e0dae2,,Jiaxuan Chen,,1,,,,,,,manually_confirmed,active,2026-07-17T23:21:28Z,2026-07-17T23:21:28Z
mapping:efbdf7da51cdbd9aaefc,openalex:W4391555851,A Single Simple Patch is All You Need for AI-generated Image Detection,2024,10.48550/arxiv.2402.01123,https://openalex.org/W4391555851,Shanghai Jiao Tong University,institution:fccd5d0ac9cc52f9,,Jieteng Yao; Li Niu,,2,,,,,,,manually_confirmed,active,2026-07-17T23:21:48Z,2026-07-17T23:21:48Z
mapping:90c640eeb4d1c02671da,openalex:W4407129617,Detecting AI Generated Images Through Texture and Frequency Analysis of Patches,2024,10.1109/aivrv63595.2024.10860248,https://openalex.org/W4407129617,BASIS International School Nanjing,institution:04c73587b47761ee,,Yuming Chen,,1,Basis International School Naning,,,,,,manually_confirmed,active,2026-07-17T23:22:28Z,2026-07-18T14:29:30Z
mapping:6456093844c656d4ddcd,openalex:W4407129617,Detecting AI Generated Images Through Texture and Frequency Analysis of Patches,2024,10.1109/aivrv63595.2024.10860248,https://openalex.org/W4407129617,Georgetown University,institution:40b8f4b8f6c89e51,,Maryam Yashtini,,2,"Department of Mathematics and Statistics, Georgetown University, Washington DC, USA",,,,,,manually_confirmed,active,2026-07-17T23:22:44Z,2026-07-17T23:22:44Z
mapping:3f9548fd8f88f01e9336,curated:14272073fa5bc0e301b5,LEGION: Learning to Ground and Explain for Synthetic Image Detection,2025,https://doi.org/10.1109/iccv51701.2025.01760,https://openalex.org/W4414903171,Shanghai Jiao Tong University,institution:fccd5d0ac9cc52f9,,Hengrui Kang; Zichen Wen; Linfeng Zhang,,1,Shanghai Jiao Tong University,,,,,,manually_confirmed,active,2026-07-20T18:13:24Z,2026-07-20T18:13:24Z
mapping:ced5ad8d347425712903,curated:14272073fa5bc0e301b5,LEGION: Learning to Ground and Explain for Synthetic Image Detection,2025,https://doi.org/10.1109/iccv51701.2025.01760,https://openalex.org/W4414903171,Shanghai Artificial Intelligence Laboratory,institution:c107a95b6cb53ac5,,Hengrui Kang; Siwei Wen; Zichen Wen; Junyan Ye; Weijia Li; Peilin Feng; Baichuan Zhou; Bin Wang; Dahua Lin; Conghui He,,2,Shanghai Artificial Intelligence Laboratory,,,,,,manually_confirmed,active,2026-07-20T18:14:58Z,2026-07-20T18:14:58Z
mapping:cecd71b71372bf4ec9c4,curated:14272073fa5bc0e301b5,LEGION: Learning to Ground and Explain for Synthetic Image Detection,2025,https://doi.org/10.1109/iccv51701.2025.01760,https://openalex.org/W4414903171,Beihang University,institution:f336b3005794930b,,Siwei Wen; Peilin Feng,,3,Beihang University,,,,,,manually_confirmed,active,2026-07-20T18:15:20Z,2026-07-20T18:15:20Z
mapping:39475636d8cf59d537d9,curated:14272073fa5bc0e301b5,LEGION: Learning to Ground and Explain for Synthetic Image Detection,2025,https://doi.org/10.1109/iccv51701.2025.01760,https://openalex.org/W4414903171,Sun Yat-sen University,institution:5c85faa51cc57a24,,Junyan Ye; Weijia Li,,4,Sun Yat-Sen University,,,,,,manually_confirmed,active,2026-07-20T18:15:39Z,2026-07-20T18:15:39Z
mapping:8d8fb628af7b281ab574,curated:14272073fa5bc0e301b5,LEGION: Learning to Ground and Explain for Synthetic Image Detection,2025,https://doi.org/10.1109/iccv51701.2025.01760,https://openalex.org/W4414903171,SenseTime,institution:f95d5af831e91b94,,Dahua Lin; Conghui He,,5,SenseTime Research,,,,,,manually_confirmed,active,2026-07-20T18:16:14Z,2026-07-20T18:16:14Z
mapping:885ffbb1c2272d30904b,curated:41a934ce12ecfd2f17e9,EXACT: An Explainable Adaptive SemantiC-Trace framework for AI-generated image forensics,2026,10.1016/j.cviu.2026.104871,https://openalex.org/W7169504023,Liaoning Normal University,institution:a3a1d363318e4d61,,Hui Shi; Mingyang Liu; Chengcheng Gong,,1,"School of Computer Science and Artificial Intelligence, Liaoning Normal University, Dalian 116029, China",,,,,,manually_confirmed,active,2026-07-22T20:10:43Z,2026-07-22T20:11:39Z
mapping:6324fbd9443a25bad737,curated:9d722dfb4a3418d86063,Beyond Resizing: A Distribution-Aligned Framework for Robust AI-Generated Image Detection,2026,10.1007/978-981-92-3420-2_35,https://openalex.org/W7168408228,Yunnan University of Finance and Economics,institution:052cc551c35dadab,,Mingjie Tang; Zhiming Song; Xinyu Ou,,1,"School of Information, Yunnan University of Finance and Economics, Kunming, China | Yunnan Key Laboratory of Service Computing, Yunnan University of Finance and Economics, Kunming, China | Yunnan Provincial Key Laboratory of Artificial Intelligence, Kunming University of Science and Technology, Kunming, China",,,,,,manually_confirmed,active,2026-07-22T20:17:48Z,2026-07-26T20:31:50Z
mapping:0be6615437dfe29afe76,curated:9d722dfb4a3418d86063,Beyond Resizing: A Distribution-Aligned Framework for Robust AI-Generated Image Detection,2026,10.1007/978-981-92-3420-2_35,https://openalex.org/W7168408228,Jiangnan University,institution:1179ac01dd4eef1f,,Jianian Ding,,2,"School of Artificial Intelligence and Computer Science (School of Software), Jiangnan University, Wuxi, China",,,,,,manually_confirmed,active,2026-07-22T20:17:49Z,2026-07-26T20:16:46Z
mapping:234dd6196fccd6c2b3d0,curated:9d722dfb4a3418d86063,Beyond Resizing: A Distribution-Aligned Framework for Robust AI-Generated Image Detection,2026,10.1007/978-981-92-3420-2_35,https://openalex.org/W7168408228,Kunming University of Science and Technology,institution:da7c9e3c3edb12a5,,Xinyu Ou,,3,"School of Information, Yunnan University of Finance and Economics, Kunming, China | Yunnan Key Laboratory of Service Computing, Yunnan University of Finance and Economics, Kunming, China | Yunnan Provincial Key Laboratory of Artificial Intelligence, Kunming University of Science and Technology, Kunming, China",,,,,,manually_confirmed,active,2026-07-22T20:17:49Z,2026-07-26T20:31:37Z
mapping:415f0c49e60d689e4da7,curated:9fdc78cdcf22cdbf4776,Radial Residual Frequency: A Semantically Aligned Benchmark and Spectral Detector for AI-Generated Images,2026,10.1145/3799825.3818777,https://openalex.org/W7168404802,"University of California, Berkeley",institution:be74dcf5d0cb77ea,,Guang Yang; Fengchen Liu,first; last,1,"University of California, Berkeley, Berkeley, USA",https://openalex.org/I95457486,,US,,,OpenAlex authorships,active,2026-07-22T20:33:23Z,2026-07-22T20:33:23Z
mapping:155ed7951faae0197f4d,curated:9fdc78cdcf22cdbf4776,Radial Residual Frequency: A Semantically Aligned Benchmark and Spectral Detector for AI-Generated Images,2026,10.1145/3799825.3818777,https://openalex.org/W7168404802,University of Charleston,institution:481050d20cd6c722,,Qian Zhang,,2,"University of Charleston, Charleston, USA",,,,,,manually_confirmed,active,2026-07-22T20:33:23Z,2026-07-22T20:34:45Z
mapping:789bd1f60cfba26fb43b,curated:2b5013b99aa5e4de2621,All patches are not equal: Focusing on a single exposed patch for AI-generated image detection,2026,10.1016/j.ipm.2026.105058,https://openalex.org/W7168427015,Shanghai Polytechnic University,institution:85a4635e28eefe8e,,Liwei Yao; Sen Niu; Xiaomei Feng; Bofeng Zhang; Kefeng Li,,1,"The School of Computer and Information Engineering, Institute for Artificial Intelligence, Shanghai Polytechnic University, Shanghai 201209, China",,,,,,manually_confirmed,active,2026-07-22T20:36:27Z,2026-07-22T20:37:50Z
mapping:f8134e710ec05879fa86,curated:2b5013b99aa5e4de2621,All patches are not equal: Focusing on a single exposed patch for AI-generated image detection,2026,10.1016/j.ipm.2026.105058,https://openalex.org/W7168427015,"Institute of Automation, Chinese Academy of Sciences",institution:966ff12833f90bb0,,Ruiqi Liu,,2,"Institute of Automation, Chinese Academy of Sciences, China",,,,,,manually_confirmed,active,2026-07-22T20:36:27Z,2026-07-22T20:37:32Z
mapping:325794c978a3ab21d818,curated:2b5013b99aa5e4de2621,All patches are not equal: Focusing on a single exposed patch for AI-generated image detection,2026,10.1016/j.ipm.2026.105058,https://openalex.org/W7168427015,"Institute of Automation, Chinese Academy of Sciences",institution:966ff12833f90bb0,,Ruiqi Liu,middle,1,"Institute of Automation, Chinese Academy of Sciences, China",https://openalex.org/I4210112150,,CN,,,OpenAlex authorships,excluded,2026-07-22T20:36:27Z,2026-08-24T16:41:48Z
mapping:60686eee3c94769bf712,openalex:W4413783451,MSAFNet: multi-scale self-adaptive feature fusion network for AI-generated image detection,2025,10.1088/1361-6501/ae005c,https://openalex.org/W4413783451,Shanghai Polytechnic University,institution:85a4635e28eefe8e,,Liwei Yao; Sen Niu; Kaili Liao; Kefeng Li; Tengbo Zhao,,1,"The School of Computer and Information Engineering, Institute for Artificial Intelligence, Shanghai Polytechnic University, Shanghai 201209, People’s Republic of China",,,,,,manually_confirmed,active,2026-07-22T20:41:14Z,2026-07-26T16:18:27Z
mapping:da0bbb0f296c10e8556f,openalex:W4413783451,MSAFNet: multi-scale self-adaptive feature fusion network for AI-generated image detection,2025,10.1088/1361-6501/ae005c,https://openalex.org/W4413783451,Shanghai University,institution:dbc08517e4f1ed6e,,Guobing Zou,,2,"The school of Computer Engineering and Science, Shanghai University, Shanghai 200444, People’s Republic of China",,,,,,manually_confirmed,active,2026-07-22T20:41:50Z,2026-07-26T16:18:27Z
mapping:18e2f89907e0f8c249d9,curated:a3fb37f39cb20a95e3bf,Can model attribution bridge AI's accountability gap in safety-critical domains?,2026,10.1098/rsta.2025.0117,https://openalex.org/W7169086594,University of Edinburgh,institution:9ffc21de60b360ff,,Marc Juárez,,1,"Schoolof Informatics,The UniversityofEdinburgh,Edinburgh, UK",,,,,,manually_confirmed,active,2026-07-22T20:45:19Z,2026-07-22T20:46:07Z
mapping:542a8f33f6ab18f587f3,curated:aeb3a6e4747e1a1b3181,Dual-stream framework for real/fake classification and source attribution of AI-generated images using spatial and frequency features,2026,10.1007/s10044-026-01719-7,https://openalex.org/W7168264311,Can Tho University,institution:01f9119bde93e8ef,,Linh Thuy Thi Pham; Cu Vinh Loc; Hai Thanh Nguyen,,1,"College of Information and Communication Technology, Can Tho University, Can Tho, Vietnam",,,,,,manually_confirmed,active,2026-07-22T20:48:00Z,2026-07-22T20:49:31Z
mapping:d82cd669524299b6ebc9,curated:aeb3a6e4747e1a1b3181,Dual-stream framework for real/fake classification and source attribution of AI-generated images using spatial and frequency features,2026,10.1007/s10044-026-01719-7,https://openalex.org/W7168264311,Can Tho University of Technology,institution:948d79eac5f4fc81,,Linh Thuy Thi Pham; Truong Nhat Tran,,2,"Faculty of Information Technology, Can Tho University of Technology, Can Tho, Vietnam",,,,,,manually_confirmed,active,2026-07-22T20:50:10Z,2026-07-22T20:50:10Z
mapping:93f3dc614d6a3b32332a,curated:5888bece56862fbbfc43,DADP: a discrepancy-aware dual-path network for AI-generated image detection,2026,10.1007/s00530-026-02435-2,https://openalex.org/W7167913394,Shanghai University of Electric Power,institution:caec9d0e5ab5010d,,Lin Ma; Hongjiao Li,,1,"Faculty of Artificial Intelligence, Shanghai University of Electric Power, Shanghai, 201306, China",,,,,,manually_confirmed,active,2026-07-22T20:51:57Z,2026-07-22T20:53:15Z
mapping:8bde822b616608f7d149,openalex:W7128586659,IoT-Oriented Security for Small Sensor Systems Using DnCNN Denoising and Multimodal Feature Fusion for Image Forgery Detection,2026,https://doi.org/10.3390/s26041172,https://openalex.org/W7128586659,Government Sadiq College Women University,institution:823a09a4580fb39e,,Nimra Nasir; Syeda Sitara Waseem,,1,"Department of Computer Science & IT, The Govt. Sadiq College Women University, Bahawalpur 63100, Pakistan",,,,,,manually_confirmed,active,2026-07-22T20:58:33Z,2026-07-26T16:18:27Z
mapping:e46d8b24b947ebebe00a,openalex:W7128586659,IoT-Oriented Security for Small Sensor Systems Using DnCNN Denoising and Multimodal Feature Fusion for Image Forgery Detection,2026,https://doi.org/10.3390/s26041172,https://openalex.org/W7128586659,"Nanfang College, Guangzhou",institution:64aa68d006c72586,,Muhammad Bilal,,2,"School of Engineering, Nanfang College Guangzhou, Guangzhou 510970, China",,,,,,manually_confirmed,active,2026-07-22T20:59:16Z,2026-07-22T20:59:16Z
mapping:1a6971829b3270975cb2,openalex:W7128586659,IoT-Oriented Security for Small Sensor Systems Using DnCNN Denoising and Multimodal Feature Fusion for Image Forgery Detection,2026,https://doi.org/10.3390/s26041172,https://openalex.org/W7128586659,Gachon University,institution:6beb2f6c52d3f30c,,Syed Rizwan Hassan,,3,"Department of Computer Engineering, Gachon University, Seongnam-si 13120, Republic of Korea",,,,,,manually_confirmed,active,2026-07-22T20:59:40Z,2026-07-26T16:18:27Z
mapping:59fdda701b76db9535d9,curated:d1195175f50833c90a64,ADRD: Detecting diffusion-generated images via adversarial perturbation induced reconstruction discrepancy,2026,10.1371/journal.pone.0350655,https://openalex.org/W7168285345,Jiaxing Vocational and Technical College,institution:d9bedf96789f3033,,Yi Zhou; Xiangwei Hu; Mei Sun; Shuangxi Chen,,1,"School of Internet, Jiaxing Vocational and Technical College, Jiaxing, Zhejiang, China",,,,,,manually_confirmed,active,2026-07-22T21:00:22Z,2026-07-22T21:02:42Z
mapping:cb2295576afb01c47d6b,curated:d1195175f50833c90a64,ADRD: Detecting diffusion-generated images via adversarial perturbation induced reconstruction discrepancy,2026,10.1371/journal.pone.0350655,https://openalex.org/W7168285345,Jiaxing Municipal Public Security Bureau,institution:23556881bce23bb9,,Jun Tong,,2,"Jiaxing Municipal Public Security Bureau, Jiaxing, Zhejiang, China",,,,,,manually_confirmed,active,2026-07-22T21:00:22Z,2026-07-22T21:03:39Z
mapping:a577ee7b42e6333707a7,curated:d1195175f50833c90a64,ADRD: Detecting diffusion-generated images via adversarial perturbation induced reconstruction discrepancy,2026,10.1371/journal.pone.0350655,https://openalex.org/W7168285345,Shanghai Public Security Bureau,institution:2c6a3e642dd40a03,,Jun Tong,middle,1,"Jiaxing Municipal Public Security Bureau, Jiaxing, Zhejiang, China",https://openalex.org/I4210126577,,CN,,,OpenAlex authorships,excluded,2026-07-22T21:00:22Z,2026-07-22T21:04:07Z
mapping:83f6b68902e2a0f856b3,curated:d1195175f50833c90a64,ADRD: Detecting diffusion-generated images via adversarial perturbation induced reconstruction discrepancy,2026,10.1371/journal.pone.0350655,https://openalex.org/W7168285345,Binjiang Institute of Zhejiang University,institution:5d6887482c098264,,Changting Lin,,3,"Binjiang Institute of Zhejiang University, Hangzhou, Zhejiang, China",,,,,,manually_confirmed,active,2026-07-22T21:00:22Z,2026-07-22T21:04:38Z
mapping:d290bf6f3ad95f9f9a26,curated:543d02cab0479b0d19ad,"Multi-Domain Feature Fusion: Leveraging Color, Noise, and Spatial Features for AI-generated Image Detection",2026,10.1109/tmm.2026.3712634,https://openalex.org/W7168163527,University of Shanghai for Science and Technology,institution:3391e7c855fa0e6e,,Jialei Zhu; Heng Yao; Chuan Qin,,1,"School of Optical-Electrical and Computer Engineering, University of Shanghai for Science and Technology, Shanghai, China",,,,,,manually_confirmed,active,2026-07-22T21:06:16Z,2026-07-22T21:07:28Z
mapping:23fa9dd5affcbe35c3d6,curated:543d02cab0479b0d19ad,"Multi-Domain Feature Fusion: Leveraging Color, Noise, and Spatial Features for AI-generated Image Detection",2026,10.1109/tmm.2026.3712634,https://openalex.org/W7168163527,Fudan University,institution:baa1df7c4adddbda,,Xinpeng Zhang,,2,"School of Computer Science, Fudan University, Shanghai, China",,,,,,manually_confirmed,active,2026-07-22T21:06:16Z,2026-07-22T21:07:41Z
mapping:8fb19d38c0c2301a41af,curated:52edb9369ffaae37bd81,Dual-Tree Complex Wavelet Driven Hierarchical Spatial-Frequency Fusion Learning for Robust Deepfake Detection,2026,10.1109/tdsc.2026.3712721,https://openalex.org/W7168127486,Hefei University of Technology,institution:f6342fd457763517,,Rui Sun; Yifan Zhang; Xiaolu Yu; M Li; Jun Gao,first; middle; middle; middle; last,1,"Key Laboratory of Knowledge Engineering with Big Data (Ministry of Education), School of Computer and Information, Anhui Province Key Laboratory of Industry Safety and Emergency Technology, Hefei University of Technology, Hefei, China",https://openalex.org/I16365422,,CN,,,OpenAlex authorships,active,2026-07-22T21:14:45Z,2026-07-22T21:14:45Z
mapping:33bd8511c25391637d6b,curated:db62aa9b0b1aab0c9f7a,Artifact-Aware Explainable Deepfake Detection via Fake-Only High-Frequency Alignment Supervision,2026,10.1109/ic2pct68894.2026.11584299,https://openalex.org/W7167698944,Bennett University,institution:bcd623204fe5d659,,Aditya Dev Mishra; Koushiki Das; Suman Mahapatra; Mayank Sisodia,,1,"School of Computer Science Engineering & Technology, Bennett University, Greater Noida, India",,,,,,manually_confirmed,active,2026-07-22T21:32:21Z,2026-07-22T21:33:09Z
mapping:5c8a479164e2e4f156ea,curated:3e707a16418405139945,Towards Generalizable AI-Generated Image Detection via Image-Adaptive Prompt Learning,2025,10.48550/arxiv.2508.01603,https://openalex.org/W4415330533,University of Chinese Academy of Sciences,institution:69309405e04976ec,,Yiheng Li; Guoqing Xu; Zhen Lei; Yang Yang,,1,"School of Artificial Intelligence, University of Chinese Academy of Sciences",,,,,,manually_confirmed,active,2026-07-22T21:40:35Z,2026-07-22T21:40:35Z
mapping:b49cf175f39fe84071c8,curated:3e707a16418405139945,Towards Generalizable AI-Generated Image Detection via Image-Adaptive Prompt Learning,2025,10.48550/arxiv.2508.01603,https://openalex.org/W4415330533,"Institute of Automation, Chinese Academy of Sciences",institution:966ff12833f90bb0,,Yiheng Li; Guoqing Xu; Zhen Lei; Yang Yang,,2,"MAIS, Institute of Automation, Chinese Academy of Sciences",,,,,,manually_confirmed,active,2026-07-22T21:41:06Z,2026-07-22T21:41:06Z
mapping:5ee3159949d220cd7e61,curated:3e707a16418405139945,Towards Generalizable AI-Generated Image Detection via Image-Adaptive Prompt Learning,2025,10.48550/arxiv.2508.01603,https://openalex.org/W4415330533,"HKISI, Chinese Academy of Sciences",institution:9dd7b58a09f6962c,,Zhen Lei,,3,"CAIR, HKISI, Chinese Academy of Sciences Centre for Artificial Intelligence and Robotics, Hong Kong Institute of Science & Innovation, Chinese Academy of Sciences",,,,,,manually_confirmed,active,2026-07-22T21:41:31Z,2026-07-22T21:46:17Z
mapping:11263b06d9b557326e96,curated:3e707a16418405139945,Towards Generalizable AI-Generated Image Detection via Image-Adaptive Prompt Learning,2025,10.48550/arxiv.2508.01603,https://openalex.org/W4415330533,Sangfor Technologies Inc.,institution:a86e3c911036d069,,Zichang Tan; Xu Zhou,,4,Sangfor Technologies Inc.,,,,,,manually_confirmed,active,2026-07-22T21:42:21Z,2026-07-26T15:44:05Z
mapping:ae787b01f59386a8984e,curated:3e707a16418405139945,Towards Generalizable AI-Generated Image Detection via Image-Adaptive Prompt Learning,2025,10.48550/arxiv.2508.01603,https://openalex.org/W4415330533,Macau University of Science and Technology,institution:d8d45546142be201,,Zhen Lei,,5,"SCSE, FIE, M.U.S.T.",,,,,,manually_confirmed,active,2026-07-22T21:44:04Z,2026-07-22T21:44:04Z
mapping:7e2345355cb5635a3fa5,curated:d973c571c1fafe6fb25f,Deepfake-Agent: Aggregating Semantic Forgery Clues for Generalizable Detection,2026,,,Michigan State University,institution:cd887bf808040e61,,Xiao Guo; Xiaoming Liu,,1,Michigan State University,,,,,,manually_confirmed,active,2026-07-22T21:52:05Z,2026-07-22T21:52:05Z
mapping:35d2fd60940d9ad6d6cf,curated:d973c571c1fafe6fb25f,Deepfake-Agent: Aggregating Semantic Forgery Clues for Generalizable Detection,2026,,,University of North Carolina at Chapel Hill,institution:ed6f1120aeb12d5c,,Yue Zhang; Mohit Bansal; Xiaoming Liu,,2,University of North Carolina at Chapel Hill,,,,,,manually_confirmed,active,2026-07-22T21:52:37Z,2026-07-22T21:52:37Z
mapping:6342f09baf66dcf49ce8,curated:88b63de59a0eabcd1b02,Incremental Learning for AI-Generated Image Detection,2026,10.1109/tmm.2026.3716041,https://openalex.org/W7170070315,Fudan University,institution:baa1df7c4adddbda,,Zihao Cai; Xue Song; Xinghan Li; Bo Li; Jingjing Chen,,1,Fudan University,,,,,,manually_confirmed,active,2026-07-26T19:19:45Z,2026-07-26T19:21:44Z
mapping:728253f8d4ff246125c6,curated:88b63de59a0eabcd1b02,Incremental Learning for AI-Generated Image Detection,2026,10.1109/tmm.2026.3716041,https://openalex.org/W7170070315,"CEC GienTech Technology Co., Ltd.",institution:7f558d88204cdf26,,Haijun Shan,,2,"CEC GienTech Technology Co.,Ltd., Shanghai, China",,,,,,manually_confirmed,active,2026-07-26T19:23:22Z,2026-07-26T19:23:22Z
mapping:c40bdf8078f86620b016,curated:7677a61ea68774dc5023,Source Attribution of AI-Generated Image via Orthogonal Subspace Mixture-of-Experts,2026,10.1109/prmvai70103.2026.11605668,https://openalex.org/W7169832192,Shenzhen University,institution:ad9c8964d01f80d8,,Qiutong Huang; Zhenyu Wu; Haojie Liu; Yuanman Li; Xia Li,first; middle; middle; middle; last,1,Shenzhen University,https://openalex.org/I180726961,,CN,,,OpenAlex authorships,active,2026-07-26T19:25:17Z,2026-07-26T19:25:17Z
mapping:14054d1a72342d3f7f82,curated:0a803e244a205b05642b,Leveraging DINOv3 with Adapters for Fine-Grained Generative Image Detection,2026,10.1007/978-981-92-3450-9_29,https://openalex.org/W7169800360,Jiangnan University,institution:1179ac01dd4eef1f,,Hanxiang Zheng; Jiaying Lin; Haoyu Yang,first; middle; last,1,"School of Artificial Intelligence and Computer Science, Jiangnan University, Wuxi, 21422, Jiangsu, China",https://openalex.org/I111599522,,CN,,,OpenAlex authorships,active,2026-07-26T19:29:15Z,2026-07-26T19:29:15Z
mapping:bb7d5e09f1b4fe905209,curated:98044fc98e006607991c,Semantic Artifact Logit Fusion for Generalizable AI-Generated Image Detection,2026,10.1007/978-981-92-3423-3_39,https://openalex.org/W7169655029,Jiangnan University,institution:1179ac01dd4eef1f,,Jianian Ding; Jiaming Xu,,1,"Jiangnan University, Wuxi, China",,,,,,manually_confirmed,active,2026-07-26T19:31:13Z,2026-07-26T19:32:09Z
mapping:a4d295da0f6d98870dbc,curated:4ad04c01ae2850d5cc34,MoFAIR: Self-improving Post-training for Robust and Explainable AIGC Forensics with Lightweight Reward Distillation,2026,10.1007/978-981-92-3429-5_44,https://openalex.org/W7169677405,Academy of Broadcasting Science,institution:61adfe1cfbad3b19,,Qingtong Liu; Ziyu Xue,,1,"Academy of Broadcasting Science, NRTA, Beijing, China | Communication University of China, Beijing, China",,,,,,manually_confirmed,active,2026-07-26T19:33:23Z,2026-07-26T19:35:07Z
mapping:1daa9aeb6cede2a085c6,curated:4ad04c01ae2850d5cc34,MoFAIR: Self-improving Post-training for Robust and Explainable AIGC Forensics with Lightweight Reward Distillation,2026,10.1007/978-981-92-3429-5_44,https://openalex.org/W7169677405,Communication University of China,institution:157163d25dac880f,,Qingtong Liu; Xinyao Zhao; Weiguo Lin; Junjun Si; Zehua Ji,,2,"Academy of Broadcasting Science, NRTA, Beijing, China | Communication University of China, Beijing, China",,,,,,manually_confirmed,active,2026-07-26T19:33:23Z,2026-07-26T19:35:44Z
mapping:d665b653e3286627ad5e,curated:4ad04c01ae2850d5cc34,MoFAIR: Self-improving Post-training for Robust and Explainable AIGC Forensics with Lightweight Reward Distillation,2026,10.1007/978-981-92-3429-5_44,https://openalex.org/W7169677405,Chinese Academy of Sciences,institution:3afb6cc453e0a8d9,,Haichao Shi,middle,1,"Institute of Information Engineering, Chinese Academy of Sciences, Beijing, China",https://openalex.org/I19820366,,CN,,,OpenAlex authorships,excluded,2026-07-26T19:33:23Z,2026-07-26T19:36:08Z
mapping:cf1f715d7636b84f7397,curated:4ad04c01ae2850d5cc34,MoFAIR: Self-improving Post-training for Robust and Explainable AIGC Forensics with Lightweight Reward Distillation,2026,10.1007/978-981-92-3429-5_44,https://openalex.org/W7169677405,"Institute of Information Engineering, Chinese Academy of Sciences",institution:cee70184073782c7,,Haichao Shi,middle,3,"Institute of Information Engineering, Chinese Academy of Sciences, Beijing, China",https://openalex.org/I4210156404,,CN,,,OpenAlex authorships,active,2026-07-26T19:33:23Z,2026-07-26T19:33:23Z
mapping:e886cb01970035f13fdd,curated:dd5b85612778b9021f4e,CCMA-CLIP: Concept-Guided Cross-Modal Adaptation for Robust AI-Generated Image Detection,2026,10.1007/978-981-92-3531-5_9,https://openalex.org/W7169669595,Tianjin University of Technology,institution:3e0adb795a72cea8,,Kang An; Chen Dong; Jiahao Pang,,1,"School of Computer Science and Engineering, Tianjin University of Technology, Tianjin, 300380, China",,,,,,manually_confirmed,active,2026-07-26T19:37:29Z,2026-07-26T19:38:29Z
mapping:dec1c1e6c7e9fe9f61a2,curated:dd5b85612778b9021f4e,CCMA-CLIP: Concept-Guided Cross-Modal Adaptation for Robust AI-Generated Image Detection,2026,10.1007/978-981-92-3531-5_9,https://openalex.org/W7169669595,Beijing Jiaotong University,institution:bf6195b78f6dc951,,Tenglong Gao,middle,2,"School of Computer Science and Technology, Beijing Jiaotong University, Beijing, 100044, China",https://openalex.org/I21193070,,CN,,,OpenAlex authorships,active,2026-07-26T19:37:29Z,2026-07-26T19:37:29Z
mapping:3393707a2f6a5652a237,curated:268336295435cfbbbd5d,Learning a Semantic Similarity Orthogonal Space for Model‐Level <scp>AI</scp> ‐Generated Image Source Attribution,2026,10.1111/exsy.70359,https://openalex.org/W7169545837,Macau University of Science and Technology,institution:d8d45546142be201,,Yuchu Lin; Xinqi Jiang; Jinyu Tian,first; middle; last,1,"DeepFuture Technology (Hengqin, Guangdong) Co., Ltd. Hengqin Guangdong China | Faculty of Innovation Engineering Macau University of Science and Technology Macao SAR China",https://openalex.org/I111950717,,MO,,,OpenAlex authorships,active,2026-07-26T19:40:05Z,2026-07-26T19:40:05Z
mapping:7bf9c52a183472fc1aaf,curated:268336295435cfbbbd5d,Learning a Semantic Similarity Orthogonal Space for Model‐Level <scp>AI</scp> ‐Generated Image Source Attribution,2026,10.1111/exsy.70359,https://openalex.org/W7169545837,"DeepFuture Technology (Hengqin, Guangdong) Co., Ltd.",institution:95626cb146b52080,,Yuchu Lin,,2,"DeepFuture Technology (Hengqin, Guangdong) Co., Ltd. Hengqin Guangdong China | Faculty of Innovation Engineering Macau University of Science and Technology Macao SAR China",,,,,,manually_confirmed,active,2026-07-26T19:40:05Z,2026-07-26T19:43:25Z
mapping:5b28d700134ca9b0f000,curated:268336295435cfbbbd5d,Learning a Semantic Similarity Orthogonal Space for Model‐Level <scp>AI</scp> ‐Generated Image Source Attribution,2026,10.1111/exsy.70359,https://openalex.org/W7169545837,Macao Polytechnic University,institution:b8e44ef51464a97c,,Wei Wang,,3,"Engineering Research Centre of Applied Technology on Machine Translation and Artificial Intelligence, Macao Polytechnic University Macao SAR China",,,,,,manually_confirmed,active,2026-07-26T19:40:05Z,2026-07-26T19:41:02Z
mapping:f05f7570170ade403932,curated:672e9600fc8b6ead6ab1,Beyond Causal Models: Multi-Scale Linear Local Attention for AI-Generated Image Detection,2026,10.1109/lsp.2026.3714736,https://openalex.org/W7169604787,Beijing University of Civil Engineering and Architecture,institution:88976ef4193e3a06,,Xiaolong Liu,,1,"School of Intelligence Science and Technology, Beijing University of Civil Engineering and Architecture, Beijing, China",,,,,,manually_confirmed,active,2026-07-26T19:44:45Z,2026-07-26T19:46:21Z
mapping:6b32ad3ee8409eabd9a7,curated:672e9600fc8b6ead6ab1,Beyond Causal Models: Multi-Scale Linear Local Attention for AI-Generated Image Detection,2026,10.1109/lsp.2026.3714736,https://openalex.org/W7169604787,Nanchang University,institution:74eb5a7db0242865,,Mengyao Xiao,middle,2,"School of Software, Nanchang University, Nanchang, China",https://openalex.org/I141649914,,CN,,,OpenAlex authorships,active,2026-07-26T19:44:45Z,2026-07-26T19:44:45Z
mapping:6de8992a1ec933c42123,curated:672e9600fc8b6ead6ab1,Beyond Causal Models: Multi-Scale Linear Local Attention for AI-Generated Image Detection,2026,10.1109/lsp.2026.3714736,https://openalex.org/W7169604787,University of International Relations,institution:19b5782d597636d9,,Haorui Wu,,3,"School of Cyber Science and Engineering, University of International Relations, Beijing, China",,,,,,manually_confirmed,active,2026-07-26T19:44:45Z,2026-07-26T19:46:01Z
mapping:b8bc7907506571825897,curated:672e9600fc8b6ead6ab1,Beyond Causal Models: Multi-Scale Linear Local Attention for AI-Generated Image Detection,2026,10.1109/lsp.2026.3714736,https://openalex.org/W7169604787,Shenzhen University,institution:ad9c8964d01f80d8,,Qi Chang,middle,4,"Guangdong Provincial Key Laboratory of Intelligent Information Processing, and Shenzhen Key Laboratory of Media Security, Shenzhen University, Shenzhen, China",https://openalex.org/I180726961,,CN,,,OpenAlex authorships,active,2026-07-26T19:44:45Z,2026-07-26T19:44:45Z
mapping:8d756769cfa2c4f3940e,curated:672e9600fc8b6ead6ab1,Beyond Causal Models: Multi-Scale Linear Local Attention for AI-Generated Image Detection,2026,10.1109/lsp.2026.3714736,https://openalex.org/W7169604787,Beijing Jiaotong University,institution:bf6195b78f6dc951,,Xiaolong Li; Yao Zhao,,5,"Institute of Information Science, Beijing Jiaotong University, Beijing, China",,,,,,manually_confirmed,active,2026-07-26T19:44:46Z,2026-07-26T19:45:52Z
mapping:130dfc05c3bd52249b38,curated:748ed5e2cf27aea70f6a,Frequency-Aware Robustness Analysis of Deepfake Detection Models,2026,10.32604/jai.2026.078014,https://openalex.org/W7143520843,University of New South Wales,institution:815062efbb762258,,Haoyang Xu,,1,"School of Computer Science and Engineering, University of New South Wales (UNSW), Sydney, NSW, Australia",,,,,,manually_confirmed,active,2026-07-26T19:47:35Z,2026-07-26T19:48:17Z
mapping:73f9f55d61a8d389bcb6,curated:611c1fc878b1f9737a04,Universal Deepfake Detection via Low-Rank Adaptation of Vision-Language Models,2026,10.1007/978-981-92-3429-5_47,https://openalex.org/W7169672328,Jiangnan University,institution:1179ac01dd4eef1f,,Peitao Wang; Yujie Cao; Wancheng He; Hongwei Liu; Haohan Ding,first; middle; middle; middle; last,1,"School of Artificial Intelligence and Computer Science, Jiangnan University, Wuxi, China",https://openalex.org/I111599522,,CN,,,OpenAlex authorships,active,2026-07-26T19:50:20Z,2026-07-26T19:50:20Z
mapping:9b4d832d07f329823be2,curated:b75682820c5af85396c1,Semi-Truths: A Large-Scale Dataset of AI-Augmented Images for Evaluating Robustness of AI-Generated Image detectors,2024,10.52202/079017-3748,https://openalex.org/W4415795498,Georgia Institute of Technology,institution:c2dab080fa856716,,Anisha Pal; Julia Kruk; Mansi Phute; Manognya Bhattaram; Duen Horng Chau; Judy Hoffman,,1,,,,,,,manually_confirmed,active,2026-07-26T20:14:10Z,2026-07-26T20:14:10Z
mapping:4688c30ff3a0acb5b4e9,curated:b75682820c5af85396c1,Semi-Truths: A Large-Scale Dataset of AI-Augmented Images for Evaluating Robustness of AI-Generated Image detectors,2024,10.52202/079017-3748,https://openalex.org/W4415795498,Stanford University,institution:ed72534d79b73fac,,Diyi Yang,,2,,,,,,,manually_confirmed,active,2026-07-26T20:14:35Z,2026-07-26T20:14:35Z
mapping:3ac937fe727eb34f0b2c,openalex:W4393021531,A COMPARATIVE REVIEW OF AI-GENERATED IMAGE DETECTION ACROSS SOCIAL MEDIA PLATFORMS,2024,10.62304/jieet.v3i01.77,https://openalex.org/W4393021531,Lamar University,institution:bec45b93a867958c,,Anjuman Ara; Md Sajadul Alam; Kamrujjaman; Afia Farjana Mifa,,1,"College of Business, Beaumont, Texas, USA.",,,,,,manually_confirmed,active,2026-07-26T20:21:06Z,2026-07-26T20:21:06Z
mapping:073be23fc98bb2897321,openalex:W7118010096,DeeCLIP: A Robust and Generalizable Transformer-Based Framework for Detecting AI-Generated Images,2026,10.1007/978-3-032-07343-3_12,https://openalex.org/W7118010096,Polytechnic University of Hauts-de-France,institution:1e2fe2432a089705,,Mamadou Keita; Hessen Bougueffa Eutamene; Abdelmalik Taleb-Ahmed,,1,"Laboratory of IEMN, University Polytechnique Hauts-de-France, Valenciennes, France",,,,,,manually_confirmed,active,2026-07-26T20:39:07Z,2026-07-26T20:41:44Z
mapping:4fdbb261ca7d8aa5b500,openalex:W7118010096,DeeCLIP: A Robust and Generalizable Transformer-Based Framework for Detecting AI-Generated Images,2026,10.1007/978-3-032-07343-3_12,https://openalex.org/W7118010096,Khalifa University,institution:81f79a387128ccac,,Wassim Hamidouche,,2,"Khalifa University, Abu Dhabi, UAE",,,,,,manually_confirmed,active,2026-07-26T20:39:40Z,2026-07-26T20:39:40Z
mapping:d231004f8682296a6907,openalex:W7118010096,DeeCLIP: A Robust and Generalizable Transformer-Based Framework for Detecting AI-Generated Images,2026,10.1007/978-3-032-07343-3_12,https://openalex.org/W7118010096,Sorbonne University Abu Dhabi,institution:271362b3e1310a1c,,Abdenour Hadid,,3,"Sorbonne Center for Artificial Intelligence, Sorbonne University, Abu Dhabi, UAE",,,,,,manually_confirmed,active,2026-07-26T20:40:19Z,2026-07-26T20:40:19Z
mapping:704a5d9857c773b84b33,openalex:W4406160881,Bi‐ <scp>LORA</scp> : A Vision‐Language Approach for Synthetic Image Detection,2025,10.1111/exsy.13829,https://openalex.org/W4406160881,Polytechnic University of Hauts-de-France,institution:1e2fe2432a089705,,Mamadou Keïta; Hessen Bougueffa Eutamene; Abdelmalik Taleb‐Ahmed,,1,"Laboratory of IEMN, University Polytechnique Hauts-de-France, Valenciennes, France",,,,,,manually_confirmed,active,2026-07-26T20:44:29Z,2026-07-26T20:44:29Z
mapping:cce7782a57f521f5d09b,openalex:W4406160881,Bi‐ <scp>LORA</scp> : A Vision‐Language Approach for Synthetic Image Detection,2025,10.1111/exsy.13829,https://openalex.org/W4406160881,Khalifa University,institution:81f79a387128ccac,,Wassim Hamidouche,,2,"Khalifa University, Abu Dhabi, UAE",,,,,,manually_confirmed,active,2026-07-26T20:45:00Z,2026-07-26T20:45:00Z
mapping:d67433cdd94485c80a5a,openalex:W4406160881,Bi‐ <scp>LORA</scp> : A Vision‐Language Approach for Synthetic Image Detection,2025,10.1111/exsy.13829,https://openalex.org/W4406160881,Technical University of Madrid,institution:2d64a600151c6a44,,David Camacho,,3,"Technical University of Madrid, Madrid, Spain",,,,,,manually_confirmed,active,2026-07-26T20:46:04Z,2026-07-26T20:46:04Z
mapping:a8a0a7e7b997ffa7da27,openalex:W4406160881,Bi‐ <scp>LORA</scp> : A Vision‐Language Approach for Synthetic Image Detection,2025,10.1111/exsy.13829,https://openalex.org/W4406160881,Sorbonne University Abu Dhabi,institution:271362b3e1310a1c,,Abdenour Hadid,,4,"Sorbonne University, Abu Dhabi, UAE",,,,,,manually_confirmed,active,2026-07-26T20:46:34Z,2026-07-26T20:46:34Z
mapping:6e55e617ec7c11f161b9,curated:1a8e996ef9ce73efc0ef,AI-Generated Image Homology Detection,2026,10.1007/978-981-92-2856-0_1,https://openalex.org/W7168026910,Tianjin University of Science and Technology,institution:2bec96b8d2c54388,,Hang Gao,,1,"College of Artificial Intelligence, Tianjin University of Science and Technology, Tianjin, 300457, China",,,,,,manually_confirmed,active,2026-07-29T06:20:44Z,2026-07-29T06:23:12Z
mapping:60f3240f6653da5d0c52,curated:1a8e996ef9ce73efc0ef,AI-Generated Image Homology Detection,2026,10.1007/978-981-92-2856-0_1,https://openalex.org/W7168026910,People's Public Security University of China,institution:48441fb89f75bf9d,,Rui Ba,,2,"School of National Security, People’s Public Security University of China, Beijing, China",,,,,,manually_confirmed,active,2026-07-29T06:20:44Z,2026-07-29T06:41:37Z
mapping:b487a988079224e72a66,curated:1a8e996ef9ce73efc0ef,AI-Generated Image Homology Detection,2026,10.1007/978-981-92-2856-0_1,https://openalex.org/W7168026910,Suzhou Research Institute,institution:08e0b2dd5a6ea299,,Kaiye Yu,middle,1,"School of Smart Governance, Renmin University of China, Suzhou, 215123, China | Suzhou Key Laboratory of Artificial Intelligence and Social Governance Technologies, International College (Suzhou Research Institute), Renmin University of China, Suzhou, 215123, China",https://openalex.org/I4210125878,,CN,,,OpenAlex authorships,excluded,2026-07-29T06:20:44Z,2026-07-29T06:24:46Z
mapping:6d5cc8ce55c735ae2114,curated:1a8e996ef9ce73efc0ef,AI-Generated Image Homology Detection,2026,10.1007/978-981-92-2856-0_1,https://openalex.org/W7168026910,Renmin University of China,institution:5fbb6e2cbdd4ea21,,Kaiye Yu,middle,3,"School of Smart Governance, Renmin University of China, Suzhou, 215123, China | Suzhou Key Laboratory of Artificial Intelligence and Social Governance Technologies, International College (Suzhou Research Institute), Renmin University of China, Suzhou, 215123, China",https://openalex.org/I78988378,,CN,,,OpenAlex authorships,active,2026-07-29T06:20:44Z,2026-07-29T06:20:44Z
mapping:1c87d58e7409b37edffb,curated:1a8e996ef9ce73efc0ef,AI-Generated Image Homology Detection,2026,10.1007/978-981-92-2856-0_1,https://openalex.org/W7168026910,Shanghai Customs University,institution:6235ae2101dec1c1,,Han Xing,,4,"Customs and Public Administration College, Shanghai Customs University, 201204, Shanghai, China",,,,,,manually_confirmed,active,2026-07-29T06:20:44Z,2026-07-29T06:25:39Z
mapping:392e501523cb940efeaa,curated:1a8e996ef9ce73efc0ef,AI-Generated Image Homology Detection,2026,10.1007/978-981-92-2856-0_1,https://openalex.org/W7168026910,Nankai University,institution:70f74652d14cacde,,Mengting Hu,,5,"College of Software, Nankai University, Tianjin, 300350, China",,,,,,manually_confirmed,active,2026-07-29T06:20:44Z,2026-07-29T06:25:57Z
mapping:d235b2cb80041f4af874,curated:6f55b599c4d1588c62f7,DTBF: Combining Local Statistical Artifacts and Concept Alignment for Synthetic Image Detection,2026,10.1109/lsp.2026.3710437,https://openalex.org/W7167493723,Changsha Medical University,institution:f2c797b53862241e,,Shaowei Weng,,5,"School of Information Engineering, Changsha Medical University, Changsha, China",,,,,,manually_confirmed,active,2026-07-29T07:00:43Z,2026-07-29T07:00:43Z
mapping:e86779401891198b346d,openalex:W4399695946,Real-Time Deepfake Detection in the Real-World,2024,10.48550/arxiv.2406.09398,https://openalex.org/W4399695946,The Hebrew University of Jerusalem,institution:ad93ddd1194b7b31,,Bar Cavia; Eliahu Horwitz; Tal Reiss; Yedid Hoshen,,1,"School of Computer Science and Engineering, The Hebrew University of Jerusalem, Israel",,,,,,manually_confirmed,active,2026-07-30T18:14:27Z,2026-07-30T18:14:27Z
mapping:53917c7773fa0aa52db8,openalex:W4413145584,OpenSDI: Spotting Diffusion-Generated Images in the Open World,2025,10.1109/cvpr52734.2025.00405,https://openalex.org/W4413145584,Xi'an Jiaotong University,institution:afc29be68ac419be,,Yabin Wang,,1,Xi’an Jiaotong University,,,,,,manually_confirmed,active,2026-07-30T18:35:59Z,2026-07-30T18:35:59Z
mapping:d0fb97f3de9fcd31ef4d,openalex:W4413145584,OpenSDI: Spotting Diffusion-Generated Images in the Open World,2025,10.1109/cvpr52734.2025.00405,https://openalex.org/W4413145584,University of Southampton,institution:a0c3927e4ddb3a39,,Zhiwu Huang,,2,University of Southampton,,,,,,manually_confirmed,active,2026-07-30T18:36:25Z,2026-07-30T18:36:25Z
mapping:678e9955e658dec6e893,openalex:W4413145584,OpenSDI: Spotting Diffusion-Generated Images in the Open World,2025,10.1109/cvpr52734.2025.00405,https://openalex.org/W4413145584,Harbin Institute of Technology,institution:fe438b1c7662476f,,Xiaopeng Hong,,3,Harbin Institute of Technology,,,,,,manually_confirmed,active,2026-07-30T18:36:54Z,2026-07-30T18:36:54Z
mapping:f7839fb83e2aeb4b4618,openalex:W4399261681,SIDBench: A Python framework for reliably assessing synthetic image detection methods,2024,10.1145/3643491.3660277,https://openalex.org/W4399261681,Centre for Research and Technology Hellas (CERTH),institution:f841aa8a7a0d29aa,,Manos Schinas; Symeon Papadopoulos,,1,"Information Technologies Institute @ CERTH Thessaloniki, Greece",,,,,,manually_confirmed,active,2026-07-30T18:40:03Z,2026-07-30T19:13:54Z
mapping:445b5f89cab4cdddba31,openalex:W4416252067,AI-GenBench: A New Ongoing Benchmark for AI-Generated Image Detection,2025,10.1109/ijcnn64981.2025.11228377,https://openalex.org/W4416252067,University of Bologna,institution:e73ae6a6d6ff3735,,Lorenzo Pellegrini; Serafino Pandolfini; Davide Maltoni; Matteo Ferrara,,1,"Dipartimento di Informatica - Scienza e Ingegneria (DISI) Universita di Bologna, Cesena, Italy",,,,,,manually_confirmed,active,2026-07-30T19:00:34Z,2026-07-30T19:00:34Z
mapping:013b9bf833b95ce281ad,openalex:W4416252067,AI-GenBench: A New Ongoing Benchmark for AI-Generated Image Detection,2025,10.1109/ijcnn64981.2025.11228377,https://openalex.org/W4416252067,University of Naples Federico II,institution:d046d2c57bb3a863,,Davide Cozzolino; Luisa Verdoliva,,2,"Dipartimento di Ingegneria Elettrica e delle Tecnologie dell’Informazione (DIETI) Universita degli Studi di Napoli Federico II, Naples, Italy",,,,,,manually_confirmed,active,2026-07-30T19:01:27Z,2026-07-30T19:01:27Z
mapping:bc22cfd2f80dd3accf61,openalex:W4416252067,AI-GenBench: A New Ongoing Benchmark for AI-Generated Image Detection,2025,10.1109/ijcnn64981.2025.11228377,https://openalex.org/W4416252067,IdentifAI,institution:fe7a819f82113c79,,Marco Prati; Marco Ramilli,,3,"IdentifAI, Italy",,,,,,manually_confirmed,active,2026-07-30T19:02:24Z,2026-07-30T19:02:24Z
mapping:9e8976936b36d587fed4,curated:c45f9027e90830e4c9b6,Improving Synthetic Image Detection Towards Generalization: An Image Transformation Perspective,2025,10.1145/3690624.3709392,https://openalex.org/W4409149749,University of Science and Technology of China,institution:e721b03b6f6c172d,,Ouxiang Li; Yanbin Hao; Fuli Feng,,1,"University of Science and Technology of China, Hefei, Anhui, China",,,,,,manually_confirmed,active,2026-08-01T12:47:37Z,2026-08-01T13:08:42Z
mapping:f3a6fde815dd298d82b7,openalex:W4409149749,Improving Synthetic Image Detection Towards Generalization: An Image Transformation Perspective,2025,10.1145/3690624.3709392,https://openalex.org/W4409149749,Xiaohongshu Inc.,institution:d1012c88e7ee61fd,location:3b46f8ed6f87860347da,Jiayin Cai; Xiaolong Jiang; Yao Hu,,2,"Xiaohongshu Inc., Beijing, China",,Beijing,China,,,manually_confirmed,active,2026-08-01T13:08:42Z,2026-08-01T13:16:08Z
mapping:da8b04f38bf4ff6ea47a,curated:983a33a1268421bbfc71,Dual-branch AIGC image detection leveraging integrated semantic and frequency-domain features,2026,10.1016/j.cviu.2026.104893,https://openalex.org/W7172206884,Guangdong University of Technology,institution:8fe72087521e285a,,Junyi Li; Yingzhang Liang; Wujian Ye; Peng Wang; Guohao Zhang; Yijun Liu,first; middle; middle; middle; middle; last,1,"School of Integrated Circuits, Guangdong University of Technology, Guangzhou, 510006, Guangdong, China",https://openalex.org/I139024713,,CN,,,OpenAlex authorships,active,2026-08-07T07:20:24Z,2026-08-07T07:20:24Z
mapping:3ebc1da9d6d72cf1f6e5,curated:983a33a1268421bbfc71,Dual-branch AIGC image detection leveraging integrated semantic and frequency-domain features,2026,10.1016/j.cviu.2026.104893,https://openalex.org/W7172206884,Guangdong Technion-Israel Institute of Technology,institution:cab25d5cf69f9936,,Teng Lei,,2,"Technion-Israel Institute of Technology, Shantou, 515041, Guangdong, China",,,,,,manually_confirmed,active,2026-08-07T07:20:24Z,2026-08-07T07:23:07Z
mapping:96b457560a6ad7f757b8,curated:e8b546496836adcf6c1a,Learning Generalizable Visual Representations for AI-Generated Image Detection,2026,10.71229/4kj12980,https://openalex.org/W7171777762,General Directorate of Education in Al-Qadisiyah Governorate,institution:584ce56aba1d421b,,Roaa Ghanim; Nibras Hmaizah,,1,"General Directorate of Education in Al-Qadisiyah Govemorate, Diwaniyah, Iraq",,,,,,manually_confirmed,active,2026-08-07T07:24:28Z,2026-08-07T07:28:51Z
mapping:bc5e60e53cb4d8bbc5dd,curated:4cabfafef8c066c51924,Synthetic image detection method integrating neural ordinary differential equations and spatial attention transformer,2026,10.1007/s11227-026-08734-9,https://openalex.org/W7171740585,Guizhou Police College,institution:24b3b4892146f8f3,,Qian Zhang,,1,"Department of Computer Science, Guizhou Police College, Guiyang 550000, Chin",,,,,,manually_confirmed,active,2026-08-07T07:34:25Z,2026-08-07T07:36:19Z
mapping:95fcf4cd41796e12da56,curated:4cabfafef8c066c51924,Synthetic image detection method integrating neural ordinary differential equations and spatial attention transformer,2026,10.1007/s11227-026-08734-9,https://openalex.org/W7171740585,Guizhou Minzu University,institution:905a9d3ec1d52c0b,,Tao Yang; Qian Zhang; Bin Hu; Haiyan Jin; Lian Zhu,,2,"Key Laboratory of Pattern Recognition and Intelligent Systems of Guizhou, Guizhou Minzu University, Guiyang, 550025, China | School of Data Science and Information Engineering, Guizhou Minzu University, Guiyang, 550025, China | Department of Computer Science, Guizhou Police College, Guiyang, 550000, China",,,,,,manually_confirmed,active,2026-08-07T07:34:25Z,2026-08-07T07:35:31Z
mapping:1119e6253c35ad59b56d,curated:86507b243a7d58c76b2c,Deep-synthesized image detection via multi-domain feature fusion and explainable AI guided color model selection,2026,10.1016/j.cviu.2026.104881,https://openalex.org/W7170425343,"Indian Institute of Engineering Science and Technology, Shibpur",institution:4269181ef8bd7d6e,,Priyaranjan Misra; Ruchira Naskar,,1,"Department of Information Technology, Indian Instituteof Engineering Science and Technology, Shibpur, 711103, India",,,,,,manually_confirmed,active,2026-08-07T07:37:52Z,2026-08-07T07:39:37Z
mapping:55d1e544cbc40a4ad9d2,curated:3b0a1942ac6f2c351f34,PhyTrace: Tracing Physical Inconsistency in AI-Generated Images via ISP Emulation,2026,10.1109/tip.2026.3709453,https://openalex.org/W7170493105,Wuhan University,institution:f23b95ce92de4591,,Shilei Zhao; Zheng Wang,first; last,1,Wuhan University,https://openalex.org/I37461747,,CN,,,OpenAlex authorships,active,2026-08-07T07:40:14Z,2026-08-07T07:40:14Z
mapping:cad0c9e67c7efad0a835,curated:3b0a1942ac6f2c351f34,PhyTrace: Tracing Physical Inconsistency in AI-Generated Images via ISP Emulation,2026,10.1109/tip.2026.3709453,https://openalex.org/W7170493105,Peking University,institution:46e4866d3b2954ab,,Wenxuan Liu,middle,2,Peking University,https://openalex.org/I20231570,,CN,,,OpenAlex authorships,active,2026-08-07T07:40:14Z,2026-08-07T07:40:14Z
mapping:7c76f33ceed30f2c8d44,curated:3b0a1942ac6f2c351f34,PhyTrace: Tracing Physical Inconsistency in AI-Generated Images via ISP Emulation,2026,10.1109/tip.2026.3709453,https://openalex.org/W7170493105,National University of Singapore,institution:70ccb485197bbb6c,,Danni Xu,middle,3,National University of Singapore,https://openalex.org/I165932596,,SG,,,OpenAlex authorships,active,2026-08-07T07:40:14Z,2026-08-07T07:40:14Z
mapping:462c2481b187b624dcbf,curated:3b0a1942ac6f2c351f34,PhyTrace: Tracing Physical Inconsistency in AI-Generated Images via ISP Emulation,2026,10.1109/tip.2026.3709453,https://openalex.org/W7170493105,Singapore Management University,institution:eefb779b4c760808,,Joey Tianyi Zhou,middle,4,Singapore Management University,https://openalex.org/I79891267,,SG,,,OpenAlex authorships,active,2026-08-07T07:40:14Z,2026-08-07T07:40:14Z
mapping:39d83593e57a950672ea,curated:6cd82b939e5653a2c7ab,Towards Extensible Detection of AI-Generated Images via Content-Agnostic Adapter-Based Category-Aware Incremental Learning,2025,10.1109/tifs.2025.3546845,https://openalex.org/W4408048856,Sichuan University,institution:4c1e9439f241e5ec,,Shuai Tang; Peisong He,first; middle,1,"School of Cyber Science and Engineering, Sichuan University, Chengdu, China",https://openalex.org/I24185976,,CN,,,OpenAlex authorships,active,2026-08-07T07:46:25Z,2026-08-07T07:46:25Z
mapping:26a4da1c81572a1546ca,curated:6cd82b939e5653a2c7ab,Towards Extensible Detection of AI-Generated Images via Content-Agnostic Adapter-Based Category-Aware Incremental Learning,2025,10.1109/tifs.2025.3546845,https://openalex.org/W4408048856,City University of Hong Kong,institution:ec71dc4340659fd9,,Haoliang Li,middle,2,"Department of Electrical Engineering, City University of Hong Kong, Hong Kong, China",https://openalex.org/I168719708,,HK,,,OpenAlex authorships,active,2026-08-07T07:46:25Z,2026-08-07T07:46:25Z
mapping:ebd98f4f17d0800341f0,curated:6cd82b939e5653a2c7ab,Towards Extensible Detection of AI-Generated Images via Content-Agnostic Adapter-Based Category-Aware Incremental Learning,2025,10.1109/tifs.2025.3546845,https://openalex.org/W4408048856,Beijing Jiaotong University,institution:bf6195b78f6dc951,,Wei Wang; Yao Zhao,middle; last,3,"School of Computer and Information Technology, Beijing Jiaotong University, Beijing, China",https://openalex.org/I21193070,,CN,,,OpenAlex authorships,active,2026-08-07T07:46:25Z,2026-08-07T07:46:25Z
mapping:9955f0fbd8bb32f7a146,curated:6cd82b939e5653a2c7ab,Towards Extensible Detection of AI-Generated Images via Content-Agnostic Adapter-Based Category-Aware Incremental Learning,2025,10.1109/tifs.2025.3546845,https://openalex.org/W4408048856,Shanghai Jiao Tong University,institution:fccd5d0ac9cc52f9,,Xinghao Jiang,middle,4,"School of Electronic Information and Electrical Engineering, Shanghai Jiao Tong University, Shanghai, China",https://openalex.org/I183067930,,CN,,,OpenAlex authorships,active,2026-08-07T07:46:25Z,2026-08-07T07:46:25Z
mapping:1549808a5c5a6d000b20,curated:9ec7092e57766741468f,Generalizable and Adaptive Continual Learning Framework for AI-Generated Image Detection,2026,10.1109/tmm.2026.3651067,https://openalex.org/W7118208389,Shanghai Jiao Tong University,institution:fccd5d0ac9cc52f9,,Hanyi Wang; Yaoyu Kang; Zhuosheng Zhang; Shilin Wang,first; middle; middle; last,1,"School of Computer Science, Shanghai Jiao Tong University, Shanghai, China",https://openalex.org/I183067930,,CN,,,OpenAlex authorships,active,2026-08-07T07:47:42Z,2026-08-07T07:47:42Z
mapping:df1317d0364397e4bd68,curated:9ec7092e57766741468f,Generalizable and Adaptive Continual Learning Framework for AI-Generated Image Detection,2026,10.1109/tmm.2026.3651067,https://openalex.org/W7118208389,Ant Group,institution:5a28a1a99a417ba5,,Jun Lan; Huijia Zhu; Weiqiang Wang,,2,"Antgroup, Hangzhou, China",,,,,,manually_confirmed,active,2026-08-07T07:47:42Z,2026-08-07T07:48:41Z
mapping:81a269b2e37a7b565523,curated:762982679d91cd198a41,Forensics-Bench: A Comprehensive Forgery Detection Benchmark Suite for Large Vision Language Models,2025,https://doi.org/10.1109/cvpr52734.2025.00400,https://openalex.org/W4413156425,The University of Hong Kong,institution:404cfa1ef241f359,,Jin Wang; Ping Luo,,1,,,,,,,manually_confirmed,active,2026-08-07T08:52:34Z,2026-08-07T08:52:34Z
mapping:48e0930a59a67110b6a8,curated:762982679d91cd198a41,Forensics-Bench: A Comprehensive Forgery Detection Benchmark Suite for Large Vision Language Models,2025,https://doi.org/10.1109/cvpr52734.2025.00400,https://openalex.org/W4413156425,HKU Shanghai Intelligent Computing Research Center,institution:0094b55826d7cf3e,,Ping Luo,,2,,,,,,,manually_confirmed,active,2026-08-07T08:53:00Z,2026-08-07T08:53:00Z
mapping:807c2ba4e903f8ec4339,curated:762982679d91cd198a41,Forensics-Bench: A Comprehensive Forgery Detection Benchmark Suite for Large Vision Language Models,2025,https://doi.org/10.1109/cvpr52734.2025.00400,https://openalex.org/W4413156425,Shanghai Artificial Intelligence Laboratory,institution:c107a95b6cb53ac5,,Wenqi Shao,,3,,,,,,,manually_confirmed,active,2026-08-07T08:53:36Z,2026-08-07T08:53:36Z
mapping:b2bd0cef8a8f379148a8,curated:762982679d91cd198a41,Forensics-Bench: A Comprehensive Forgery Detection Benchmark Suite for Large Vision Language Models,2025,https://doi.org/10.1109/cvpr52734.2025.00400,https://openalex.org/W4413156425,Zhejiang Lab,institution:2f8c9f8f9209013d,,Chenghui Lv; Xian Li; Kelu Yao; Chao Li,,4,,,,,,,manually_confirmed,active,2026-08-07T08:54:06Z,2026-08-24T16:41:47Z
mapping:910f3f465de5443a9b23,curated:762982679d91cd198a41,Forensics-Bench: A Comprehensive Forgery Detection Benchmark Suite for Large Vision Language Models,2025,https://doi.org/10.1109/cvpr52734.2025.00400,https://openalex.org/W4413156425,Hangzhou Institute for Advanced Study,institution:fe6f0cc7c1924a6a,,Chenghui Lv,,5,"Hangzhou Institute for Advanced Study, University of Chinese Academy of Sciences",,,,,,manually_confirmed,active,2026-08-07T08:54:28Z,2026-08-07T09:02:30Z
mapping:0261cf00b50ff0f26a91,curated:762982679d91cd198a41,Forensics-Bench: A Comprehensive Forgery Detection Benchmark Suite for Large Vision Language Models,2025,https://doi.org/10.1109/cvpr52734.2025.00400,https://openalex.org/W4413156425,Zhejiang University,institution:e433baf78e80004b,,Xian Li,,6,,,,,,,manually_confirmed,active,2026-08-07T08:54:49Z,2026-08-07T08:54:49Z
mapping:6a6f26809bc750e45079,curated:762982679d91cd198a41,Forensics-Bench: A Comprehensive Forgery Detection Benchmark Suite for Large Vision Language Models,2025,https://doi.org/10.1109/cvpr52734.2025.00400,https://openalex.org/W4413156425,Alibaba Group,institution:73f449eb6a3c05d3,,Shichao Dong,,7,"Alibaba, Beijing, China",,,,,,manually_confirmed,active,2026-08-07T08:55:49Z,2026-08-07T09:11:56Z
mapping:5fa8e8b4b76744864c24,curated:762982679d91cd198a41,Forensics-Bench: A Comprehensive Forgery Detection Benchmark Suite for Large Vision Language Models,2025,https://doi.org/10.1109/cvpr52734.2025.00400,https://openalex.org/W4413156425,MEGVII Technology,institution:34697ffbc06b8534,,Huadong Li,,8,,,,,,,manually_confirmed,active,2026-08-07T08:56:07Z,2026-08-07T08:56:07Z
mapping:17a3a333642cadbae30b,openalex:W7131117798,CatAID: Category-Guided AI-Generated Image Detection via Vision-Language Model Adaptation,2025,https://doi.org/10.1109/iccvw69036.2025.00166,https://openalex.org/W7131117798,University at Buffalo,institution:612630c2527bff83,,Yu Cai; Shan Jia; Siwei Lyu,,1,"State University of New York at Buffalo, USA",,,,,,manually_confirmed,active,2026-08-07T16:55:14Z,2026-08-07T16:55:14Z
mapping:bbbf5c0f600f254e8a1e,openalex:W7131117798,CatAID: Category-Guided AI-Generated Image Detection via Vision-Language Model Adaptation,2025,https://doi.org/10.1109/iccvw69036.2025.00166,https://openalex.org/W7131117798,"Institute of Information Engineering, Chinese Academy of Sciences",institution:cee70184073782c7,,Jiahe Tian; Jiao Dai; Jizhong Han,,2,"Institute of Information Engineering, Chinese Academy of Sciences, China",,,,,,manually_confirmed,active,2026-08-07T16:56:03Z,2026-08-07T16:56:03Z
mapping:eaa1ce830ffd5e4f0d69,openalex:W4413146055,CO-SPY: Combining Semantic and Pixel Features to Detect Synthetic Images by AI,2025,https://doi.org/10.1109/cvpr52734.2025.01256,https://openalex.org/W4413146055,Purdue University,institution:90b589325857dff0,,Siyuan Cheng; Xiangyu Zhang,,1,,,,,,,manually_confirmed,active,2026-08-07T16:59:38Z,2026-08-07T16:59:38Z
mapping:fbb7348909cef864796e,openalex:W4413146055,CO-SPY: Combining Semantic and Pixel Features to Detect Synthetic Images by AI,2025,https://doi.org/10.1109/cvpr52734.2025.01256,https://openalex.org/W4413146055,Sony AI,institution:cf2639c8e56f6453,location:d99adc768886c63d2401,Lingjuan Lyu; Vikash Sehwag,,2,Sony Corporation (United States),,San Mateo,United States,,,,active,2026-08-07T17:00:17Z,2026-08-08T10:39:50Z
mapping:64551ea77e0a4c84ff22,openalex:W4413146055,CO-SPY: Combining Semantic and Pixel Features to Detect Synthetic Images by AI,2025,https://doi.org/10.1109/cvpr52734.2025.01256,https://openalex.org/W4413146055,Rutgers University,institution:33a58a66974db112,,Zhenting Wang,,3,,,,,,,manually_confirmed,active,2026-08-07T17:00:52Z,2026-08-07T17:00:52Z
mapping:017c6949dccbe67364a6,openalex:W4417052422,Composite Data Augmentations for Synthetic Image Detection Against Real-World Perturbations,2025,https://doi.org/10.23919/eusipco63237.2025.11226549,https://openalex.org/W4417052422,Aristotle University of Thessaloniki,institution:69d7dc38d11d5f80,,Efthymia Amarantidou; Panagiotis C. Petrantonakis,,1,,,,,,,manually_confirmed,active,2026-08-07T17:13:36Z,2026-08-07T17:13:36Z
mapping:89089f0a56fb7d43cfbe,openalex:W4417052422,Composite Data Augmentations for Synthetic Image Detection Against Real-World Perturbations,2025,https://doi.org/10.23919/eusipco63237.2025.11226549,https://openalex.org/W4417052422,Centre for Research and Technology Hellas (CERTH),institution:f841aa8a7a0d29aa,,Christos Koutlis; Symeon Papadopoulos,,2,,,,,,,manually_confirmed,active,2026-08-07T17:14:20Z,2026-08-07T17:14:20Z
mapping:22167a65441e48186282,openalex:W4415538223,ExDA: Towards Universal Detection and Plug-and-Play Attribution of AI-Generated Ex-Regulatory Images,2025,https://doi.org/10.1145/3746027.3755434,https://openalex.org/W4415538223,Shanghai Jiao Tong University,institution:fccd5d0ac9cc52f9,,Wenpeng Mu; Zheng Li; Qiang Xu; Xinghao Jiang; Tanfeng Sun,,1,,,,,,,manually_confirmed,active,2026-08-07T17:16:43Z,2026-08-07T17:16:43Z
mapping:3276502ce31755f1f702,openalex:W4413145084,FIRE: Robust Detection of Diffusion-Generated Images via Frequency-Guided Reconstruction Error,2025,https://doi.org/10.1109/cvpr52734.2025.01197,https://openalex.org/W4413145084,Beijing University of Posts and Telecommunications,institution:1502cb7c96ae3095,,Beilin Chu; Xuan Xu; Xin Wang; Yufei Zhang; Weike You; Linna Zhou,,1,"School of CyberSpace Security, Beijing University of Posts and Telecommunications",,,,,,manually_confirmed,active,2026-08-07T17:21:26Z,2026-08-07T17:21:26Z
mapping:017340ef822a5d811e91,openalex:W7160017581,ForgeLens: Data-Efficient Forgery Focus for Generalizable Forgery Image Detection,2025,https://doi.org/10.1109/iccv51701.2025.01510,https://openalex.org/W7160017581,Henan University,institution:8b4dcb3a02140b15,,Yingjian Chen; Lei Zhang; Yakun Niu,,1,"Henan Key Laboratory of Big Data Analysis and Processing, School of Computer and Information Engineering, Henan University",,,,,,manually_confirmed,active,2026-08-07T17:32:59Z,2026-08-07T17:32:59Z
mapping:f26bc4210c98ba8d248e,openalex:W4409917519,HFMF: Hierarchical Fusion Meets Multi-Stream Models for Deepfake Detection,2025,https://doi.org/10.1109/wacvw65960.2025.00082,https://openalex.org/W4409917519,Texas A&M University,institution:4e140b5268efc364,,Anant Mehta; Bryant McArthur; Nagarjuna Kolloju; Zhengzhong Tu,,1,,,,,,,manually_confirmed,active,2026-08-07T17:35:37Z,2026-08-07T17:35:37Z
mapping:d51c3f84aedec40b4be5,openalex:W4413146372,Secret Lies in Color: Enhancing AI-Generated Images Detection with Color Distribution Analysis,2025,https://doi.org/10.1109/cvpr52734.2025.01255,https://openalex.org/W4413146372,Tencent WeChat AI,institution:99ad701067db0680,,Zexi Jia; Chuanwei Huang; Yeshuang Zhu; Xiaoyue Duan; Yuan Zhiqiang; Ying Deng; Jiapei Zhang; Jinchao Zhang; Jie Zhou,,1,"WeChat AI, Tencent Inc, China",,,,,,manually_confirmed,active,2026-08-07T17:53:08Z,2026-08-30T21:08:46Z
mapping:049dc733fe658b319bd3,openalex:W4413146372,Secret Lies in Color: Enhancing AI-Generated Images Detection with Color Distribution Analysis,2025,https://doi.org/10.1109/cvpr52734.2025.01255,https://openalex.org/W4413146372,Peking University,institution:46e4866d3b2954ab,,Hongyan Fei,,2,"Institute for Artificial Intelligence, Peking University",,,,,,manually_confirmed,active,2026-08-07T17:53:33Z,2026-08-07T17:53:33Z
mapping:8317c7b28a2dde116aaf,openalex:W4414487140,Semantic Discrepancy-Aware Detector for Image Forgery Identification,2025,https://doi.org/10.1109/iccv51701.2025.01709,https://openalex.org/W4414487140,Nanjing University of Science and Technology,institution:a239b6e2cb8473ef,,Ziye Wang; Minghang Yu; Chunyan Xu; Zhen Cui,,1,"Nanjing University of Science and Technology, Nanjing, China",,,,,,manually_confirmed,active,2026-08-07T17:56:44Z,2026-08-07T17:56:44Z
mapping:dad69f336d802d2a4e46,openalex:W4409917584,TextureCrop: Enhancing Synthetic Image Detection Through Texture-Based Cropping,2025,https://doi.org/10.1109/wacvw65960.2025.00160,https://openalex.org/W4409917584,Centre for Research and Technology Hellas (CERTH),institution:f841aa8a7a0d29aa,,Despina Konstantinidou; Christos Koutlis; Symeon Papadopoulos,,1,"CERTH - ITI Thessaloniki, Greece",,,,,,manually_confirmed,active,2026-08-07T18:14:36Z,2026-08-07T18:16:16Z
mapping:b7cee1a879adc823ec2a,curated:8705551f18f94daa53d4,ERASE: Bypassing Collaborative Detection of AI Counterfeit via Comprehensive Artifacts Elimination,2026,10.1109/tdsc.2026.3677794,https://openalex.org/W7140557520,Shandong University,institution:b3d626f58155d650,,Qianyun Yang; Yuxuan Chen; Zhiwei Chen; Zixu Li; Yupeng Hu,,4,"Qianyun Yang, School of Cyber Science and Technology, National Graduate School for Elite Engineers, Shandong University, Qingdao, China Yuxuan Chen, School of Cyber Science and Technology, Shandong University, Qingdao, China Zhiwei Chen, School of Software, Shandong University, Jinan, China Zixu Li, School of Software, Shandong University, Jinan, China Yupeng Hu, School of Software, Shandong University, Jinan, China",,,,,,manually_confirmed,active,2026-08-07T20:14:12Z,2026-08-07T20:14:12Z
mapping:018f12bedc3d33210785,openalex:W4284895444,An Eyes-Based Siamese Neural Network for the Detection of GAN-Generated Face Images,2022,10.3389/frsip.2022.918725,https://openalex.org/W4284895444,University of Siena,institution:65dbfd1e022f02e2,,Jun Wang; Benedetta Tondi; Mauro Barni,,1,Resolved from authoritative candidate institution metadata.,,,,,,,active,2026-08-08T09:54:10Z,2026-08-08T09:54:10Z
mapping:3164746a1d18dd1a5518,openalex:W4388858946,DE-FAKE: Detection and Attribution of Fake Images Generated by Text-to-Image Generation Models,2023,10.1145/3576915.3616588,https://openalex.org/W4388858946,CISPA Helmholtz Center for Information Security,institution:aea376936c88135b,,Zeyang Sha; Zheng Li; Yang Zhang,,1,"CISPA Helmholtz Center for Information Security, Saarbrücken, Germany",,,,,,manually_confirmed,active,2026-08-08T10:03:52Z,2026-08-08T10:03:52Z
mapping:8eea302edcd2c5026979,openalex:W4388858946,DE-FAKE: Detection and Attribution of Fake Images Generated by Text-to-Image Generation Models,2023,10.1145/3576915.3616588,https://openalex.org/W4388858946,Salesforce Research,institution:41db7d042136daef,,Ning Yu,,2,"Salesforce Research, Palo Alto, CA, USA",,,,,,manually_confirmed,active,2026-08-08T10:04:15Z,2026-08-08T10:04:15Z
mapping:c39c3c7f9713563837ee,openalex:W7164298589,Forensic Invariant Learning for Synthetic Image Detection: Bridging Benford's Law and Topological Analysis with Machine Learning Ensembles,2026,https://doi.org/10.1109/qpain69676.2026.11546484,https://openalex.org/W7164298589,Comilla University,institution:7182b5831d4ba8a2,,Md Abu Sayeb Rayhan; Ajoy Shutra Dhar,,1,"Department of Computer Science and Engineering, Comilla University, Cumilla, Bangladesh",,,,,,manually_confirmed,active,2026-08-09T07:48:13Z,2026-08-09T07:48:13Z
mapping:a8548447095109461ed2,openalex:W7164298589,Forensic Invariant Learning for Synthetic Image Detection: Bridging Benford's Law and Topological Analysis with Machine Learning Ensembles,2026,https://doi.org/10.1109/qpain69676.2026.11546484,https://openalex.org/W7164298589,Jahangirnagar University,institution:b6af627e10ca7fed,,Hustagna Hiya,,2,"Institute of Information Technology, Jahangirnagar University, Dhaka, Bangladesh",,,,,,manually_confirmed,active,2026-08-09T07:48:47Z,2026-08-09T07:48:47Z
mapping:5f69529808d73ab3c2af,openalex:W2972023908,No One Can Escape: A General Approach to Detect Tampered and Generated Image,2019,10.1109/access.2019.2939812,https://openalex.org/W2972023908,Xidian University,institution:43ae05e86afd56bd,location:43ae05e86afd56bdb3af,Kejun Zhang; Liang Yu; Xinxin Li,,1,"Xidian University, Xi’an, China",,Xi'an,China,34.125,108.829,manually_confirmed,active,2026-08-09T10:36:35Z,2026-08-09T10:36:46Z
mapping:d033a29aa53b8d04563c,openalex:W2972023908,No One Can Escape: A General Approach to Detect Tampered and Generated Image,2019,10.1109/access.2019.2939812,https://openalex.org/W2972023908,Beijing Electronic Science and Technology Institute,institution:a8472ecf227d6190,,Jianyi Zhang,,2,"Beijing Electronic Science and Technology Institute, Beijing, China",,,,,,manually_confirmed,active,2026-08-09T10:37:17Z,2026-08-09T10:37:53Z
mapping:0276ca4207bba2073154,openalex:W2972023908,No One Can Escape: A General Approach to Detect Tampered and Generated Image,2019,10.1109/access.2019.2939812,https://openalex.org/W2972023908,"The State Information Center,",institution:0c402f0a171364b7,,Zhiqiang Wang,,1,"The State Information Center, Beijing, China",,,,,,manually_confirmed,excluded,2026-08-09T10:37:42Z,2026-08-09T10:39:51Z
mapping:abe5ccc739b97c9c2b4d,openalex:W2972023908,No One Can Escape: A General Approach to Detect Tampered and Generated Image,2019,10.1109/access.2019.2939812,https://openalex.org/W2972023908,The State Information Center,institution:0c402f0a171364b7,location:fd9e61513be0a444846d,Zhiqiang Wang,,3,"The State Information Center, Beijing, China",,Beijing,China,39.908268,116.33617,manually_confirmed,active,2026-08-09T10:40:02Z,2026-08-09T10:44:12Z
mapping:954b6edd14c163c4da97,curated:1398fe67015092fb543d,Deepfake detection on low-resolution images using optimized Ensemble Learning,2026,10.1007/s00521-026-12359-7,https://openalex.org/W7172437004,Can Tho University of Technology,institution:948d79eac5f4fc81,location:948d79eac5f4fc81a9c7,Linh Thuy Thi Pham; Dang Duy Huynh,,1,"Can Tho University of Technology, Can Tho, Vietnam",,Can Tho,Vietnam,10.0467807,105.7680453,manually_confirmed,active,2026-08-10T12:28:17Z,2026-08-10T12:31:15Z
mapping:66482768375f67a5b389,curated:1398fe67015092fb543d,Deepfake detection on low-resolution images using optimized Ensemble Learning,2026,10.1007/s00521-026-12359-7,https://openalex.org/W7172437004,Can Tho University,institution:01f9119bde93e8ef,location:01f9119bde93e8efbfcc,Linh Thuy Thi Pham; Cu Vinh Loc; Hai Thanh Nguyen,,2,"Can Tho University, Can Tho, Vietnam",,Can Tho,Vietnam,10.0321492,105.7683051,manually_confirmed,active,2026-08-10T12:30:17Z,2026-08-10T12:30:17Z
mapping:54e5f9999948013c53af,curated:ed5f779be1e71edddcee,Forging the Unknown: Open-Set Deepfake Attribution via Adaptive Fingerprint Learning,2026,10.1007/978-3-032-31663-9_45,https://openalex.org/W7172125459,Peking University,institution:46e4866d3b2954ab,,Yizhi Fang; Boxuan Han; Jingwen Wang; Siyu Peng; Xiarun Chen; Weiping Wen,first; middle; middle; middle; middle; middle,1,"Peking University, Beijing, 100871, China",https://openalex.org/I20231570,,CN,,,OpenAlex authorships,active,2026-08-10T12:32:57Z,2026-08-10T12:32:57Z
mapping:1f75c3c8f94c563aea0c,curated:ed5f779be1e71edddcee,Forging the Unknown: Open-Set Deepfake Attribution via Adaptive Fingerprint Learning,2026,10.1007/978-3-032-31663-9_45,https://openalex.org/W7172125459,Xiangtan University,institution:4f497a7bcb962081,,Xiandang Luo,,2,"Xiangtan University, Xiangtan, 411100, China",,,,,,manually_confirmed,active,2026-08-10T12:32:57Z,2026-08-10T12:34:23Z
mapping:eea41790e9968561f458,curated:ed5f779be1e71edddcee,Forging the Unknown: Open-Set Deepfake Attribution via Adaptive Fingerprint Learning,2026,10.1007/978-3-032-31663-9_45,https://openalex.org/W7172125459,Xiaomi Corporation,institution:a0c0138d9a974517,,Sai Cheng,,3,"Xiaomi Corporation, Beijing, 100871, China",,,,,,manually_confirmed,active,2026-08-10T12:32:57Z,2026-08-10T12:34:35Z
mapping:7bf77926629238380a6d,curated:b4940a39cbd4a3117473,Cross-Domain Synthetic Image Detection via Few-Shot Adaptation,2026,10.1007/978-3-032-31933-3_5,https://openalex.org/W7172102928,Indian Institute of Technology Mandi,institution:0c014e2f36e84d1b,,Parul Chaudhary; Arnav Bhavsar,,1,"School of Computing and Electrical Engineering, Indian Institute of Technology Mandi, Mandi, India",,,,,,manually_confirmed,active,2026-08-10T12:40:00Z,2026-08-10T12:41:07Z
mapping:fab541f76a7c6d75985c,openalex:W4413145917,A Bias-Free Training Paradigm for More General AI-generated Image Detection,2025,10.1109/cvpr52734.2025.01741,https://openalex.org/W4413145917,Google DeepMind,institution:2b6e51bec93e86c1,,Ben Usman; Avneesh Sud,,2,Google DeepMind,,,,,,manually_confirmed,active,2026-08-11T09:10:35Z,2026-08-11T09:10:47Z
mapping:936c3f70514d08b06a7e,curated:8ae025d8756e0ff472b0,DFBench: Benchmarking Deepfake Image Detection Capability of Large Multimodal Models,2025,10.1145/3746027.3758204,https://openalex.org/W4415539098,Shanghai Jiao Tong University,institution:fccd5d0ac9cc52f9,location:fccd5d0ac9cc52f960f2,Jiarui Wang; Huiyu Duan; Juntong Wang; Ziheng Jia; Woo Yi Yang; Xiaorong Zhu; Yu Zhao; Jiaying Qian; Yuke Xing; Guangtao Zhai; Xiongkuo Min,,1,"Shanghai Jiao Tong University Shanghai, China",,Shanghai,China,31.0254,121.4331,manually_confirmed,active,2026-08-11T09:23:28Z,2026-08-28T14:14:10Z
mapping:32a17d59bc8b60d6ee82,openalex:W4386590429,Artifact: A Large-Scale Dataset With Artificial And Factual Images For Generalizable And Robust Synthetic Image Detection,2023,10.1109/icip49359.2023.10222083,https://openalex.org/W4386590429,Bangladesh University of Engineering and Technology,institution:a273d5856c9d065c,,Md Awsafur Rahman; Bishmoy Paul; Najibul Haque Sarker; Zaber Ibn Abdul Hakim; Shaikh Anowarul Fattah,,1,"Dept. of EEE, BUET, Bangladesh",,,,,,manually_confirmed,active,2026-08-11T09:30:07Z,2026-08-11T09:30:07Z
mapping:d8a9268f01a67a4643ee,curated:90ac5206f85eaebc7203,WILD: a new in-the-Wild Image Linkage Dataset for synthetic image attribution,2025,10.1109/ijcnn64981.2025.11227289,https://openalex.org/W4416252268,University of Siena,institution:65dbfd1e022f02e2,location:65dbfd1e022f02e2ac68,Pietro Bongini; Benedetta Tondi; Mauro Barni,,1,"Department of Information Engineering and Mathematics, University of Siena, Italy",,Siena,Italy,43.3191,11.3328,manually_confirmed,active,2026-08-11T10:05:48Z,2026-08-11T10:06:14Z
mapping:8afe035d9510a4d27366,curated:90ac5206f85eaebc7203,WILD: a new in-the-Wild Image Linkage Dataset for synthetic image attribution,2025,10.1109/ijcnn64981.2025.11227289,https://openalex.org/W4416252268,Politecnico di Milano,institution:1ee9da20656fd88b,location:b78ddf1c32aefc86f954,Sara Mandelli; Paolo Bestagini,,2,"Department of Electronics, Informatics, and Bioengineering, Politecnico di Milano, Italy",,Milan,Italy,45.478,9.2271,manually_confirmed,active,2026-08-11T10:07:40Z,2026-08-26T11:11:33Z
mapping:6c5f9be9e912c650df98,curated:90ac5206f85eaebc7203,WILD: a new in-the-Wild Image Linkage Dataset for synthetic image attribution,2025,10.1109/ijcnn64981.2025.11227289,https://openalex.org/W4416252268,University of Trento,institution:3c4903b35459f2b5,location:3c4903b35459f2b51c15,Andrea Montibeller; Giulia Boato; Francesco De Natale,,3,"Department of Information Engineering and Computer Science, University of Trento, Italy",,Trento,Italy,46.0668,11.1232,manually_confirmed,active,2026-08-11T10:08:20Z,2026-08-11T10:08:20Z
mapping:23ff410ded6146f654f5,curated:90ac5206f85eaebc7203,WILD: a new in-the-Wild Image Linkage Dataset for synthetic image attribution,2025,10.1109/ijcnn64981.2025.11227289,https://openalex.org/W4416252268,University of Catania,institution:fd8ba2b56bf5212d,location:fd8ba2b56bf5212da236,Mirko Casu; Orazio Pontorno; Claudio Vittorio Ragaglia; Luca Guarnera; Sebastiano Battiato,,4,"Department of Mathematics and Computer Science, University of Catania, Italy",,Catania,Italy,37.5027,15.0873,manually_confirmed,active,2026-08-11T10:09:11Z,2026-08-11T10:09:11Z
mapping:7c4affeeb3cc65b2621d,curated:90ac5206f85eaebc7203,WILD: a new in-the-Wild Image Linkage Dataset for synthetic image attribution,2025,10.1109/ijcnn64981.2025.11227289,https://openalex.org/W4416252268,Sapienza University of Rome,institution:977430a4473aa4b0,location:977430a4473aa4b05cfe,Luca Zanchetta; Mattia Aquilina; Taiba Majid Wani; Irene Amerini,,5,"Department of Computer, Control and Management Engineering, Sapienza University of Rome, Italy",,Rome,Italy,41.9028,12.5158,manually_confirmed,active,2026-08-11T10:09:36Z,2026-08-11T10:09:36Z
mapping:87eddcccac6738e25a12,curated:7e8fbc2874cf4cebfcc9,Fake or JPEG? Revealing Common Biases in Generated Image Detection Datasets,2025,10.1007/978-3-031-92089-9_6,https://openalex.org/W4410706528,Fraunhofer Institute for Industrial Mathematics ITWM,institution:ce832fad3d4de534,,Patrick Grommelt; Louis Weiss; Franz-Josef Pfreundt,,1,"Competence Center High Performance Computing, Fraunhofer ITWM, Kaiserslautern, Germany",,,,,,manually_confirmed,active,2026-08-11T10:13:53Z,2026-08-11T10:13:53Z
mapping:d4e1e0bc5fe2b3d512e5,curated:7e8fbc2874cf4cebfcc9,Fake or JPEG? Revealing Common Biases in Generated Image Detection Datasets,2025,10.1007/978-3-031-92089-9_6,https://openalex.org/W4410706528,Offenburg University of Applied Sciences,institution:59fe0b363dfeb8f5,location:59fe0b363dfeb8f5ef89,Patrick Grommelt; Louis Weiss; Janis Keuper,,2,"Institute of Machine Learning and Analysis (IMLA), Offenburg University, Offenburg, Germany",,Offenburg,Germany,48.4569,7.9425,manually_confirmed,active,2026-08-11T10:14:16Z,2026-08-11T10:14:16Z
mapping:2b3dfc8e86030afa9e09,curated:7e8fbc2874cf4cebfcc9,Fake or JPEG? Revealing Common Biases in Generated Image Detection Datasets,2025,10.1007/978-3-031-92089-9_6,https://openalex.org/W4410706528,University of Mannheim,institution:957fef132942e033,location:957fef132942e033867e,Janis Keuper,,3,"University of Mannheim, Mannheim, Germany",,Mannheim,Germany,49.4828,8.4617,manually_confirmed,active,2026-08-11T10:14:32Z,2026-08-11T10:14:32Z
mapping:3cd20f35381e416557e5,openalex:W4409368310,WildFake: A Large-Scale and Hierarchical Dataset for AI-Generated Images Detection,2025,10.1609/aaai.v39i4.32363,https://openalex.org/W4409368310,Ant Group,institution:5a28a1a99a417ba5,location:5a28a1a99a417ba5e640,Yan Hong; Jianming Feng; Haoxing Chen; Jun Lan; Huijia Zhu; Weiqiang Wang,,1,Ant Group,,Hangzhou,China,30.2613,120.1042,manually_confirmed,active,2026-08-11T10:20:52Z,2026-08-11T10:20:52Z
mapping:f3d66c3512fcb5b0fc54,openalex:W4409368310,WildFake: A Large-Scale and Hierarchical Dataset for AI-Generated Images Detection,2025,10.1609/aaai.v39i4.32363,https://openalex.org/W4409368310,Shanghai Jiao Tong University,institution:fccd5d0ac9cc52f9,location:fccd5d0ac9cc52f960f2,Jianfu Zhang,,2,Shanghai Jiaotong University,,Shanghai,China,31.0254,121.4331,manually_confirmed,active,2026-08-11T10:21:10Z,2026-08-11T10:21:10Z
mapping:ed32edc114d3492bba25,curated:79adf19ca6991c1d85f8,RAID: A Dataset for Testing the Adversarial Robustness of AI-Generated Image Detectors,2025,10.48550/arxiv.2506.03988,https://openalex.org/W4417114708,University of Cagliari,institution:17e63acd624ced9b,,Hicham Eddoubi; Angelo Sotgiu; Maura Pintor; Battista Biggio,,1,"University of Cagliari, Italy",,,,,,manually_confirmed,active,2026-08-11T10:24:39Z,2026-08-11T10:24:39Z
mapping:ac3726bf6116c1dfd9dd,curated:79adf19ca6991c1d85f8,RAID: A Dataset for Testing the Adversarial Robustness of AI-Generated Image Detectors,2025,10.48550/arxiv.2506.03988,https://openalex.org/W4417114708,Ruhr University Bochum,institution:8f8dd64c6339c8ff,location:8f8dd64c6339c8ff95bb,Jonas Ricker; Asja Fischer,,2,"Ruhr University Bochum, Germany",,Bochum,Germany,51.4472,7.2603,manually_confirmed,active,2026-08-11T10:25:05Z,2026-08-11T10:25:05Z
mapping:c582f0c205588bde549a,curated:79adf19ca6991c1d85f8,RAID: A Dataset for Testing the Adversarial Robustness of AI-Generated Image Detectors,2025,10.48550/arxiv.2506.03988,https://openalex.org/W4417114708,University of Modena and Reggio Emilia,institution:117fcda9a6399108,location:117fcda9a639910897cc,Federico Cocchi; Marcella Cornia; Lorenzo Baraldi; Rita Cucchiara,,3,"University of Modena and Reggio Emilia, Italy",,Modena,Italy,44.6464,10.925,manually_confirmed,active,2026-08-11T10:25:28Z,2026-08-11T10:25:28Z
mapping:321722d31cabf2954d0d,curated:79adf19ca6991c1d85f8,RAID: A Dataset for Testing the Adversarial Robustness of AI-Generated Image Detectors,2025,10.48550/arxiv.2506.03988,https://openalex.org/W4417114708,University of Pisa,institution:3ec8d9fa829f5777,location:3ec8d9fa829f57771f7d,Federico Cocchi; Lorenzo Baraldi,,4,"University of Pisa, Italy",,Pisa,Italy,43.7156,10.4017,manually_confirmed,active,2026-08-11T10:25:47Z,2026-08-11T10:25:47Z
mapping:3ab6900baf9c24b8b525,curated:79adf19ca6991c1d85f8,RAID: A Dataset for Testing the Adversarial Robustness of AI-Generated Image Detectors,2025,10.48550/arxiv.2506.03988,https://openalex.org/W4417114708,Sapienza University of Rome,institution:977430a4473aa4b0,location:977430a4473aa4b05cfe,Hicham Eddoubi,,5,"Sapienza University of Rome, Italy",,Rome,Italy,41.9028,12.5158,manually_confirmed,active,2026-08-11T10:26:06Z,2026-08-11T10:26:06Z
mapping:2b6b92ebc7ebcf7e7a63,curated:79adf19ca6991c1d85f8,RAID: A Dataset for Testing the Adversarial Robustness of AI-Generated Image Detectors,2025,10.48550/arxiv.2506.03988,https://openalex.org/W4417114708,National Interuniversity Consortium for Informatics (CINI),institution:b4e88842382d76c1,,Angelo Sotgiu; Maura Pintor; Battista Biggio,,6,"CINI, Italy",,,,,,manually_confirmed,active,2026-08-11T10:29:19Z,2026-08-11T10:29:19Z
mapping:80a9f1203a7442ef41ad,curated:0b6c1b00c1b39838db42,DNA: Dual-Stage Native Attribution for Generated Image Source Tracing,2026,,https://openalex.org/W7168591575,University of Science and Technology of China,institution:e721b03b6f6c172d,location:e721b03b6f6c172dd7c7,Chao Wang; Kejiang Chen; Zijin Yang; Yuang Qi; Weiming Zhang; Nenghai Yu,,1,"University of Science and Technology of China, Hefei, China Yaofei Wang is with Hefei University of Technology, Hefei, China.",,Hefei,China,31.8229,117.2808,manually_confirmed,active,2026-08-11T16:49:25Z,2026-08-11T16:49:25Z
mapping:722553135b72a21195b4,curated:0b6c1b00c1b39838db42,DNA: Dual-Stage Native Attribution for Generated Image Source Tracing,2026,,https://openalex.org/W7168591575,Hefei University of Technology,institution:f6342fd457763517,location:f6342fd457763517e773,Yaofei Wang,,2,"Hefei University of Technology, Hefei, China.",,Hefei,China,31.8467,117.2976,manually_confirmed,active,2026-08-11T16:49:50Z,2026-08-11T16:49:50Z
mapping:385af7da1d15962b8055,curated:198223005280daa8979e,DRAGON: A Large-Scale Dataset of Realistic Images Generated by Diffusion Models,2025,,https://openalex.org/W4417093975,University of Florence,institution:42fcf4ae44e1a706,location:42fcf4ae44e1a706454c,Giulia Bertazzini; Daniele Baracchi; Dasara Shullani; Alessandro Piva,,1,Department of Information Engineering University of Florence,,Florence,Italy,43.7779,11.2591,manually_confirmed,active,2026-08-11T16:54:21Z,2026-08-11T16:54:21Z
mapping:06f775d44df56e36fb71,curated:198223005280daa8979e,DRAGON: A Large-Scale Dataset of Realistic Images Generated by Diffusion Models,2025,,https://openalex.org/W4417093975,National Institute of Informatics,institution:db8874f9983a5ffd,location:db8874f9983a5ffd161c,Isao Echizen,,2,"National Institute of Informatics Tokyo, Japan",,Tokyo,Japan,35.6997,139.7534,manually_confirmed,active,2026-08-11T16:54:52Z,2026-08-11T16:54:52Z
mapping:9ef32f8c06f11f8510fa,curated:98bed92571e23d5df139,AI-Generated Image Detection: Challenges and Recent Advances,2026,10.1007/978-3-032-11782-3_6,https://openalex.org/W7159927480,Télécom Paris,institution:53765f8a62a101ca,,Quentin Bammey,,4,"LTCI, Télécom Paris, Institut Polytechnique de Paris, Palaiseau, France",,,,,,manually_confirmed,active,2026-08-11T17:07:43Z,2026-08-11T17:07:43Z
mapping:378474c25d5744eecfae,openalex:W4413155783,Community Forensics: Using Thousands of Generators to Train Fake Image Detectors,2025,10.1109/cvpr52734.2025.00772,https://openalex.org/W4413155783,University of Michigan,institution:89b9b3962b3327c8,location:89b9b3962b3327c86a1c,Jeongsoo Park; Andrew Owens,,1,University of Michigan,,Ann Arbor,United States,42.278,-83.7382,manually_confirmed,active,2026-08-11T17:28:33Z,2026-08-11T17:28:33Z
mapping:be8c9be85ab62729a3c3,curated:ffa24185c2c870a44bde,OpenFake: An Open Dataset and Platform Toward Real-World Deepfake Detection,2025,,https://openalex.org/W4414975347,McGill University,institution:f138c3615bfbd805,,Victor Livernoche; Zachary Yang; Reihaneh Rabbany,,1,McGill University,,,,,,manually_confirmed,active,2026-08-11T17:35:40Z,2026-08-11T17:35:40Z
mapping:49924e64e4b9fb2bee62,curated:ffa24185c2c870a44bde,OpenFake: An Open Dataset and Platform Toward Real-World Deepfake Detection,2025,,https://openalex.org/W4414975347,Mila - Quebec Artificial Intelligence Institute,institution:e9687e710c08b33b,,Victor Livernoche; Akshatha Arodi; Andreea Musulan; Zachary Yang; Adam Salvail; Gaétan Marceau Caron; Jean-François Godbout; Reihaneh Rabbany,,2,Mila - Quebec Artificial Intelligence Institute,,,,,,manually_confirmed,active,2026-08-11T17:35:58Z,2026-08-11T17:35:58Z
mapping:5fd415bee745ecba0d6e,curated:ffa24185c2c870a44bde,OpenFake: An Open Dataset and Platform Toward Real-World Deepfake Detection,2025,,https://openalex.org/W4414975347,Université de Montréal,institution:7365674b49d794c0,,Andreea Musulan; Jean-François Godbout,,3,Université de Montréal,,,,,,manually_confirmed,active,2026-08-11T17:37:13Z,2026-08-11T17:37:13Z
mapping:db93c4839d0faeb9ec93,curated:ffa24185c2c870a44bde,OpenFake: An Open Dataset and Platform Toward Real-World Deepfake Detection,2025,,https://openalex.org/W4414975347,Institute for Data Valorization,institution:a4967ac8ddffe56e,,Andreea Musulan,,4,IVADO,,,,,,manually_confirmed,active,2026-08-11T17:37:45Z,2026-08-11T17:37:45Z
mapping:fd16dcca405d0ee7ad43,openalex:W3034577585,CNN-Generated Images Are Surprisingly Easy to Spot… for Now,2020,10.1109/cvpr42600.2020.00872,https://openalex.org/W3034577585,"University of California, Berkeley",institution:be74dcf5d0cb77ea,location:be74dcf5d0cb77ea7a59,Sheng-Yu Wang; Andrew Owens; Alexei A. Efros,,1,,,Berkeley,United States,37.8719,-122.2585,manually_confirmed,active,2026-08-11T19:57:17Z,2026-08-11T19:58:13Z
mapping:fe8337a118aaec5f8666,openalex:W3034577585,CNN-Generated Images Are Surprisingly Easy to Spot… for Now,2020,10.1109/cvpr42600.2020.00872,https://openalex.org/W3034577585,Adobe Research,institution:7a0d6a63667ac750,location:7a0d6a63667ac750ed07,Oliver Wang; Richard Zhang,,2,,,San Jose,United States,37.3318,-121.894,manually_confirmed,active,2026-08-11T19:57:41Z,2026-08-11T19:57:41Z
mapping:7247c1b2a6e628bf95b3,openalex:W3034577585,CNN-Generated Images Are Surprisingly Easy to Spot… for Now,2020,10.1109/cvpr42600.2020.00872,https://openalex.org/W3034577585,University of Michigan,institution:89b9b3962b3327c8,location:89b9b3962b3327c86a1c,Andrew Owens,,3,,,Ann Arbor,United States,42.278,-83.7382,manually_confirmed,active,2026-08-11T19:58:26Z,2026-08-11T19:58:26Z
mapping:a364db1222b3ab1ac8b9,curated:f3aa81928c76cd4b3903,GenSyn10: A Multi-Generative AI Dataset for Benchmarking Image Classification,2026,,https://openalex.org/W7169872909,The University of Western Australia,institution:85454e059db548bc,,Md Faraz Kabir Khan; Saeed Anwar; Ghulam Mubashar Hassan,,1,"Department of Computer Science and Software Engineering The University of Western Australia Perth, WA 6009",,,,,,manually_confirmed,active,2026-08-11T20:04:09Z,2026-08-11T20:04:09Z
mapping:eac1cd4ad61ad496b07a,curated:c3041d4480f5780e7492,Parents and Children: Distinguishing Multimodal Deepfakes from Natural Images,2024,10.1145/3665497,https://openalex.org/W4398184526,University of Modena and Reggio Emilia,institution:117fcda9a6399108,location:117fcda9a639910897cc,Roberto Amoroso; Davide Morelli; Marcella Cornia; Lorenzo Baraldi; Rita Cucchiara,,1,"University of Modena and Reggio Emilia, Modena, Italy",,Modena,Italy,44.6464,10.925,manually_confirmed,active,2026-08-11T20:28:07Z,2026-08-11T20:28:07Z
mapping:0cf783627f29dfc9bb70,curated:c3041d4480f5780e7492,Parents and Children: Distinguishing Multimodal Deepfakes from Natural Images,2024,10.1145/3665497,https://openalex.org/W4398184526,University of Pisa,institution:3ec8d9fa829f5777,location:3ec8d9fa829f57771f7d,Davide Morelli,,2,"University of Pisa, Pisa, Italy",,Pisa,Italy,43.7156,10.4017,manually_confirmed,active,2026-08-11T20:28:37Z,2026-08-11T20:28:37Z
mapping:edcde8480356a88ac85c,curated:c3041d4480f5780e7492,Parents and Children: Distinguishing Multimodal Deepfakes from Natural Images,2024,10.1145/3665497,https://openalex.org/W4398184526,University of Florence,institution:42fcf4ae44e1a706,location:42fcf4ae44e1a706454c,Alberto Del Bimbo,,3,"University of Florence, Florence, Italy",,Florence,Italy,43.7779,11.2591,manually_confirmed,active,2026-08-11T20:29:16Z,2026-08-11T20:29:16Z
mapping:fccbf7fc5a5f2e2997ed,curated:c3041d4480f5780e7492,Parents and Children: Distinguishing Multimodal Deepfakes from Natural Images,2024,10.1145/3665497,https://openalex.org/W4398184526,Institute of Informatics and Telematics of the National Research Council of Italy,institution:44fbaa4433d00f61,,Rita Cucchiara,,4,"IIT-CNR, Pisa, Italy",,,,,,manually_confirmed,active,2026-08-11T20:35:49Z,2026-08-11T20:35:49Z
mapping:72e6480de06989fe821a,openalex:W4394597038,Deep Image Fingerprint: Towards Low Budget Synthetic Image Detection and Model Lineage Analysis,2024,10.1109/wacv57701.2024.00402,https://openalex.org/W4394597038,Reichman University,institution:ef0812aa48e97be6,,Sergey Sinitsa; Ohad Fried,,1,Reichman University,,,,,,manually_confirmed,active,2026-08-16T09:25:08Z,2026-08-16T09:25:08Z
mapping:9781457aa819b9f26ead,curated:3312da81174f7d411081,Evolution of Detection Performance Throughout the Online Lifespan of Synthetic Images,2025,10.1007/978-3-031-92648-8_24,https://openalex.org/W4410888267,Centre for Research and Technology Hellas (CERTH),institution:f841aa8a7a0d29aa,location:2be8edf081e0c9efdf5d,Dimitrios Karageogiou; Symeon Papadopoulos,1; 6,1,"Information Technologies Institute, CERTH, Greece",,Thessaloniki,Greece,40.64361,22.93086,https://zenodo.org/records/13648239/files/karageorgiou_2024_evolution_of_detection_performance_of_synthetic_images.pdf,active,2026-08-16T09:55:37Z,2026-08-30T12:00:00Z
mapping:6f965a92cdc1a450ab7e,curated:3312da81174f7d411081,Evolution of Detection Performance Throughout the Online Lifespan of Synthetic Images,2025,10.1007/978-3-031-92648-8_24,https://openalex.org/W4410888267,French National Centre for Scientific Research,institution:29645bb566fcd576,location:29645bb566fcd57661c6,Quentin Bammey,,2,CNRS,,Paris,France,48.8462,2.263,manually_confirmed,active,2026-08-16T09:58:02Z,2026-08-16T09:58:02Z
mapping:a6305ede5b6dfe7e26de,curated:3312da81174f7d411081,Evolution of Detection Performance Throughout the Online Lifespan of Synthetic Images,2025,10.1007/978-3-031-92648-8_24,https://openalex.org/W4410888267,Paris-Saclay University,institution:0c5e25ec47ce33fe,location:0c5e25ec47ce33feefff,Quentin Bammey,,3,"Université Paris-Saclay, ENS Paris-Saclay",,Gif-sur-Yvette,France,48.7097,2.1658,manually_confirmed,active,2026-08-16T09:58:41Z,2026-08-16T09:58:41Z
mapping:aaeea0f794690677e93c,curated:3312da81174f7d411081,Evolution of Detection Performance Throughout the Online Lifespan of Synthetic Images,2025,10.1007/978-3-031-92648-8_24,https://openalex.org/W4410888267,Centre Borelli,institution:995961c53e221f07,,Quentin Bammey,,4,Centre Borelli,,,,,,manually_confirmed,active,2026-08-16T09:58:57Z,2026-08-16T09:58:57Z
mapping:52d1b26c6ea79d5c688d,curated:3312da81174f7d411081,Evolution of Detection Performance Throughout the Online Lifespan of Synthetic Images,2025,10.1007/978-3-031-92648-8_24,https://openalex.org/W4410888267,Agence France-Presse,institution:e24529de73ecaa2c,,Valentin Porcellini; Bertrand Goupil; Denis Teyssou,,5,"Agence France-Presse, France",,,,,,manually_confirmed,active,2026-08-16T09:59:52Z,2026-08-16T09:59:52Z
mapping:ed156b64d4b3c2e0df87,curated:3312da81174f7d411081,Evolution of Detection Performance Throughout the Online Lifespan of Synthetic Images,2025,10.1007/978-3-031-92648-8_24,https://openalex.org/W4410888267,ENS Paris-Saclay,institution:212d8dcc1a46b96e,,Quentin Bammey,,6,"Université Paris-Saclay, ENS Paris-Saclay, CNRS, Centre Borelli, France",,,,,,manually_confirmed,active,2026-08-16T10:02:09Z,2026-08-16T10:02:09Z
mapping:61b85859e24c572c710f,curated:0fb6a9c0db904eae726d,Generalizable Synthetic Image Detection via Language-Guided Contrastive Learning,2025,10.1109/tai.2025.3641104,https://openalex.org/W4378506811,University of Electronic Science and Technology of China,institution:5fc8d686887fa82a,,Haiwei Wu,,1,"School of Computer Science and Engineering, University of Electronic Science and Technology of China, Chengdu, China",,,,,,manually_confirmed,active,2026-08-16T13:00:22Z,2026-08-16T13:00:22Z
mapping:f6ae71472a4250d653f3,curated:0fb6a9c0db904eae726d,Generalizable Synthetic Image Detection via Language-Guided Contrastive Learning,2025,10.1109/tai.2025.3641104,https://openalex.org/W4378506811,University of Macau,institution:53e6219d595780e3,location:53e6219d595780e300c1,Jiantao Zhou,,2,"State Key Laboratory of Internet of Things for Smart City, and also with the Department of Computer and Information Science, Faculty of Science and Technology, University of Macau, Macau, China",,Macau,China,22.1284604,113.5438378,manually_confirmed,active,2026-08-16T13:01:03Z,2026-08-16T13:01:03Z
mapping:07e467cb11c615cfa20d,curated:0fb6a9c0db904eae726d,Generalizable Synthetic Image Detection via Language-Guided Contrastive Learning,2025,10.1109/tai.2025.3641104,https://openalex.org/W4378506811,Macao Polytechnic University,institution:b8e44ef51464a97c,location:b8e44ef51464a97caf45,Shile Zhang,,3,"Faculty of Applied Sciences, Macao Polytechnic University, Macau, China",,Macau,China,22.1938349,113.5515152,manually_confirmed,active,2026-08-16T13:01:22Z,2026-08-16T13:01:22Z
mapping:0ec360c4bc0c3ef88dc1,curated:763f1f0571f4bc4c6459,DiffusionDB: A Large-Scale Prompt Gallery Dataset for Text-to-Image Generative Models,2023,10.18653/v1/2023.acl-long.51,https://openalex.org/W4385570204,Georgia Institute of Technology,institution:c2dab080fa856716,location:c2dab080fa8567162a91,Zijie J. Wang; Evan Montoya; David Munechika; Haoyang Yang; Benjamin Hoover; Duen Horng Chau,,1,"College of Computing, Georgia Tech",,Atlanta,United States,33.7760948,-84.3988077,manually_confirmed,active,2026-08-16T13:08:23Z,2026-08-16T13:11:50Z
mapping:34f5349ebec9401a4f45,curated:a35e111d52c6ad788ef7,On the Detection of Synthetic Images Generated by Diffusion Models,2023,10.1109/icassp49357.2023.10095167,https://openalex.org/W4375869427,NVIDIA,institution:8d4321d936320802,,Koki Nagano,,2,NVIDIA,,,,,,manually_confirmed,active,2026-08-16T13:20:27Z,2026-08-16T13:20:27Z
mapping:014b41a09e42e4ae8fa6,curated:1ef55e4fc03eb4880beb,Towards Universal Fake Image Detectors That Generalize Across Generative Models,2023,10.1109/cvpr52729.2023.02345,https://openalex.org/W4386071953,University of Wisconsin-Madison,institution:3e2e527953176c93,location:3e2e527953176c93d518,Utkarsh Ojha; Yuheng Li; Yong Jae Lee,,1,University of Wisconsin-Madison,,Madison,United States,43.0758,-89.4039,manually_confirmed,active,2026-08-16T13:21:48Z,2026-08-16T13:21:48Z
mapping:6cb87449cd7d5c2943c4,openalex:W4411979370,Combating Dataset Misalignment for Robust AI-Generated Image Detection in the Real World,2025,10.1145/3709022.3736541,https://openalex.org/W4411979370,Sungkyunkwan University,institution:e80b94c605da24ce,location:e80b94c605da24cea15f,Hyeongjun Choi; Inho Jung; Simon S. Woo,,1,"Department of Artificial Intelligence, Sungkyunkwan University, South Korea",,Suwon,South Korea,37.2939,126.9757,manually_confirmed,active,2026-08-16T13:33:24Z,2026-08-16T13:33:24Z
mapping:5ac3deaad5e9f289007d,openalex:W4410026772,Deepfake Image Detection Using Convolutional Neural Network,2025,10.1007/978-981-96-1981-8_5,https://openalex.org/W4410026772,Ramdeobaba University,institution:9a733d8202685d10,,Gouri Morankar; Rahul Tripathi; Shaili Dhanore; Yash Tiwari,,1,"Department of Electronics Engineering, Shri Ramdeobaba College of Engineering & Management, Nagpur, Maharashtra, India",,,,,,manually_confirmed,active,2026-08-16T13:51:39Z,2026-08-16T13:51:39Z
mapping:e530917da96e839ac4a7,openalex:W4312710588,FingerprintNet: Synthesized Fingerprints for Generated Image Detection,2022,10.1007/978-3-031-19781-9_5,https://openalex.org/W4312710588,NAVER,institution:6d5510a695d0a614,,Yonghyun Jeong,,1,"Clova, NAVER, Seongnam-si, South Korea",,,,,,manually_confirmed,active,2026-08-16T14:02:21Z,2026-08-16T14:02:21Z
mapping:2a88bcf7d2b733088e86,openalex:W4312710588,FingerprintNet: Synthesized Fingerprints for Generated Image Detection,2022,10.1007/978-3-031-19781-9_5,https://openalex.org/W4312710588,LINE Plus,institution:e803ae4c1872dfa7,,Doyeon Kim,,2,"LINE Plus, Seongnam-si, South Korea",,,,,,manually_confirmed,active,2026-08-16T14:02:50Z,2026-08-16T14:02:50Z
mapping:8c6bc81cb0218fa72518,openalex:W4312710588,FingerprintNet: Synthesized Fingerprints for Generated Image Detection,2022,10.1007/978-3-031-19781-9_5,https://openalex.org/W4312710588,University of Seoul,institution:cf0fbf994717bb60,,Youngmin Ro,,3,"Department of Artificial Intelligence, University of Seoul, Seoul, Korea",,,,,,manually_confirmed,active,2026-08-16T14:03:27Z,2026-08-16T14:03:27Z
mapping:0d3dc88c5517eb5d545b,openalex:W4312710588,FingerprintNet: Synthesized Fingerprints for Generated Image Detection,2022,10.1007/978-3-031-19781-9_5,https://openalex.org/W4312710588,Chung-Ang University,institution:8ee530c781dde9f8,,Pyounggeon Kim; Jongwon Choi,,4,"Department of Advanced Imaging, Chung-Ang University, Seoul, Korea",,,,,,manually_confirmed,active,2026-08-16T14:03:43Z,2026-08-16T14:03:43Z
mapping:b03737fa2fa2cd6bf93a,openalex:W4312710588,FingerprintNet: Synthesized Fingerprints for Generated Image Detection,2022,10.1007/978-3-031-19781-9_5,https://openalex.org/W4312710588,Samsung SDS,institution:c13e2f4a44bb01ed,,Pyounggeon Kim,,5,"Samsung SDS, Seongnam-si, South Korea",,,,,,manually_confirmed,active,2026-08-16T14:04:08Z,2026-08-16T14:04:08Z
mapping:b4646a6db2d4fee97360,openalex:W4313189772,Detecting Generated Images by Real Images,2022,10.1007/978-3-031-19781-9_6,https://openalex.org/W4313189772,Chongqing University of Posts and Telecommunications,institution:7e10613327a4e264,location:7e10613327a4e264467e,Bo Liu; Fan Yang; Xiuli Bi; Bin Xiao; Weisheng Li; Xinbo Gao,,1,"Chongqing University of Posts and Telecommunications, Chongqing, China",,Chongqing,China,29.5315,106.6043,manually_confirmed,active,2026-08-16T14:07:13Z,2026-08-16T14:07:13Z
mapping:13dedcd14c3862e2e8b0,openalex:W4404002774,Leveraging Representations from Intermediate Encoder-Blocks for Synthetic Image Detection,2024,10.1007/978-3-031-73220-1_23,https://openalex.org/W4404002774,Centre for Research and Technology Hellas (CERTH),institution:f841aa8a7a0d29aa,location:2be8edf081e0c9efdf5d,Christos Koutlis; Symeon Papadopoulos,,1,"CERTH-ITI Thessaloniki, Greece",,Thessaloniki,Greece,40.64361,22.93086,manually_confirmed,active,2026-08-16T14:18:21Z,2026-08-16T14:18:21Z
mapping:b995322e0da4fac2283e,openalex:W3128257465,Detection of Deepfake Images Created Using Generative Adversarial Networks: A Review,2021,10.1007/978-3-030-49500-8_3,https://openalex.org/W3128257465,Saintgits College of Engineering,institution:96c75ff3447d87bb,,K. Remya Revi; K. R. Vidya; M. Wilscy,1; 2; 3,1,"Saintgits College of Engineering, APJ Abdul Kalam Technological University, Thiruvananthapuram, Kerala, India",,,,,,https://link.springer.com/book/10.1007/978-3-030-49500-8,active,2026-08-16T14:24:11Z,2026-08-30T12:00:00Z
mapping:1cad52b110a42bbae28b,openalex:W4213417724,EasyDeep: An IoT Friendly Robust Detection Method for GAN Generated Deepfake Images in Social Media,2022,10.1007/978-3-030-96466-5_14,https://openalex.org/W4213417724,University of North Texas,institution:f3cfc9b602d85010,,Alakananda Mitra; Saraju P. Mohanty; Elias Kougianos,,1,"Department of Computer Science and Engineering, University of North Texas, Denton, USA Department of Electrical Engineering, University of North Texas, Denton, USA",,,,,,manually_confirmed,active,2026-08-16T14:30:56Z,2026-08-16T14:30:56Z
mapping:fdc2b4198ae7c542c6f2,openalex:W4213417724,EasyDeep: An IoT Friendly Robust Detection Method for GAN Generated Deepfake Images in Social Media,2022,10.1007/978-3-030-96466-5_14,https://openalex.org/W4213417724,National University of Ireland,institution:81eaae945d27f11c,,Peter Corcoran,,2,"School of Engineering and Informatics, National University of Ireland, Galway, Ireland",,,,,,manually_confirmed,active,2026-08-16T14:31:38Z,2026-08-16T14:31:38Z
mapping:19f6f86df21789907e95,openalex:W4313048095,Discovering Transferable Forensic Features for CNN-Generated Images Detection,2022,10.1007/978-3-031-19784-0_39,https://openalex.org/W4313048095,Singapore University of Technology and Design,institution:6dd3ce9e0d5fd1ab,location:6dd3ce9e0d5fd1abf889,Keshigeyan Chandrasegaran; Ngoc-Trung Tran; Ngai-Man Cheung,,1,"Singapore University of Technology and Design (SUTD), Singapore, Singapore",,Singapore,Singapore,1.3414,103.9638,manually_confirmed,active,2026-08-16T14:36:56Z,2026-08-16T14:36:56Z
mapping:e90990bd92abc46395b0,openalex:W4313048095,Discovering Transferable Forensic Features for CNN-Generated Images Detection,2022,10.1007/978-3-031-19784-0_39,https://openalex.org/W4313048095,Singapore Institute of Technology,institution:24532e6b5472dbfb,,Alexander Binder,,2,"Singapore Institute of Technology (SIT), Singapore, Singapore",,,,,,manually_confirmed,active,2026-08-16T14:37:18Z,2026-08-16T14:37:18Z
mapping:aa0ac526219fd6834998,openalex:W4313048095,Discovering Transferable Forensic Features for CNN-Generated Images Detection,2022,10.1007/978-3-031-19784-0_39,https://openalex.org/W4313048095,University of Oslo,institution:ffcb560498d89d25,,Alexander Binder,,3,"University of Oslo (UIO), Oslo, Norway",,,,,,manually_confirmed,active,2026-08-16T14:37:39Z,2026-08-16T14:37:39Z
mapping:6765c4fac279b9402e83,curated:9637c6ae3ad013926898,How Well Are Open Sourced AI-Generated Image Detection Models Out-of-the-Box: A Comprehensive Benchmark Study,2026,,https://openalex.org/W7128556178,Scam AI,institution:5bca0447cd36c94e,,Simiao Ren; Kidus Zewde; Hatsanai (Neo) Tiangratanakul; Tsang (Dennis) Ng,,1,Scam AI,,,,,,manually_confirmed,active,2026-08-16T14:58:24Z,2026-08-26T18:20:00Z
mapping:39a6868334b6ef5ec570,curated:9637c6ae3ad013926898,How Well Are Open Sourced AI-Generated Image Detection Models Out-of-the-Box: A Comprehensive Benchmark Study,2026,,https://openalex.org/W7128556178,Duke University,institution:781afa4ed50a74b8,location:781afa4ed50a74b85531,Yuchen Zhou; Xingyu Shen,,2,,,Durham,United States,36.0001557,-78.9442297,manually_confirmed,active,2026-08-16T14:58:41Z,2026-08-16T14:58:41Z
mapping:2c9ec73abcfc740a9d2e,curated:9637c6ae3ad013926898,How Well Are Open Sourced AI-Generated Image Detection Models Out-of-the-Box: A Comprehensive Benchmark Study,2026,,https://openalex.org/W7128556178,"University of California, Berkeley",institution:be74dcf5d0cb77ea,location:be74dcf5d0cb77ea7a59,Tommy Duong; George Huang,,3,,,Berkeley,United States,37.8719,-122.2585,manually_confirmed,active,2026-08-16T14:58:57Z,2026-08-16T14:58:57Z
mapping:386bb8d4c62a6e041019,curated:9637c6ae3ad013926898,How Well Are Open Sourced AI-Generated Image Detection Models Out-of-the-Box: A Comprehensive Benchmark Study,2026,,https://openalex.org/W7128556178,University of North Carolina at Chapel Hill,institution:ed6f1120aeb12d5c,location:ed6f1120aeb12d5ce2e6,Jiayu Xue,,4,,,Chapel Hill,United States,35.9050354,-79.0477533,manually_confirmed,active,2026-08-16T14:59:14Z,2026-08-16T14:59:14Z
mapping:8d221c7f3382a2351125,curated:9637c6ae3ad013926898,How Well Are Open Sourced AI-Generated Image Detection Models Out-of-the-Box: A Comprehensive Benchmark Study,2026,,https://openalex.org/W7128556178,Washington University in St. Louis,institution:97a78e53265fe882,,En Wei,,5,,,,,,,manually_confirmed,active,2026-08-16T15:00:04Z,2026-08-16T15:00:04Z
mapping:f50033136e1e06403f4b,curated:dab7806aa2ff9f95d58d,Understanding Why Foundation Models Work for Diffusion-Generated Image Detection,2026,,https://openalex.org/W7202354130,University of Naples Federico II,institution:d046d2c57bb3a863,location:d046d2c57bb3a863a89a,Davide Cozzolino; Giovanni Poggi; Luisa Verdoliva,,1,"University Federico II of Naples, 80125 Naples, Italy",,Naples,Italy,40.8463,14.2572,manually_confirmed,active,2026-08-16T15:19:30Z,2026-08-16T15:19:30Z
mapping:fb5e95f3211371df62b1,curated:2e30b7cfd7b0c6f427f1,A Comparative Study of Classification Methods for Real and AI-Generated Images with Frequency Feature Analysis,2026,10.1109/edm69524.2026.11632103,https://openalex.org/W7202290304,Novosibirsk State Technical University,institution:e808c43481f24251,,Egor Antonyants; Anna Aletdinova; Alexander Leontiev; Vitalii Zaozernov,,1,"Automated Control Systems Department, Novosibirsk State Technical University, Novosibirsk, Russia",,,,,,manually_confirmed,active,2026-08-16T15:21:55Z,2026-08-16T15:23:14Z
mapping:f55892971fcaa3ac06f8,curated:8640d27a91b903de7754,Suspicious Frequency Amplified Hybrid Framework for Generalizable AIGC Image Detection,2026,10.1109/tifs.2026.3723118,https://openalex.org/W7202305352,Great Bay University,institution:c33f0550d2263d47,,Jun Wang; Jian Zou; Zitong Yu; Shuo Ye,first; middle; middle; middle,1,Great Bay University,https://openalex.org/I4396570619,,,,,OpenAlex authorships,active,2026-08-17T16:54:25Z,2026-08-17T16:54:25Z
mapping:c4b14af37764c340154d,curated:8640d27a91b903de7754,Suspicious Frequency Amplified Hybrid Framework for Generalizable AIGC Image Detection,2026,10.1109/tifs.2026.3723118,https://openalex.org/W7202305352,Shandong Normal University,institution:39263f3dbe1e47f9,,Wenbo Wan; Lingchen Gu,middle; middle,2,Shandong Normal University,https://openalex.org/I28006308,,CN,,,OpenAlex authorships,active,2026-08-17T16:54:25Z,2026-08-17T16:54:25Z
mapping:c2f97866c74da61655f1,curated:8640d27a91b903de7754,Suspicious Frequency Amplified Hybrid Framework for Generalizable AIGC Image Detection,2026,10.1109/tifs.2026.3723118,https://openalex.org/W7202305352,University of Macau,institution:53e6219d595780e3,,Jiantao Zhou,middle,3,University of Macau,https://openalex.org/I204512498,,MO,,,OpenAlex authorships,active,2026-08-17T16:54:25Z,2026-08-17T16:54:25Z
mapping:f97602d701dfe142c021,curated:8640d27a91b903de7754,Suspicious Frequency Amplified Hybrid Framework for Generalizable AIGC Image Detection,2026,10.1109/tifs.2026.3723118,https://openalex.org/W7202305352,University of Science and Technology of China,institution:e721b03b6f6c172d,,Weiming Zhang,last,4,University of Science and Technology of China,https://openalex.org/I126520041,,CN,,,OpenAlex authorships,active,2026-08-17T16:54:25Z,2026-08-17T16:54:25Z
mapping:eb6424ac1cdba943e393,curated:d795eb349b504332031e,Multi-Modal Adapter for AI-Generated Image Detection,2026,10.1016/j.cviu.2026.104900,https://openalex.org/W7202173857,North China University of Technology,institution:74f77276f63e1208,,Ying Guo; Hao Chen; Siqi Feng; Jie Liu; Wei Song,,1,"Beijing Key Laboratory of Key Technologies for AI+ Domain Applications, The School of Information Science, North China University of Technology, Beijing, 100144, China",,,,,,manually_confirmed,active,2026-08-17T17:08:31Z,2026-08-17T17:08:31Z
mapping:c843961bcda8600dfe58,curated:d795eb349b504332031e,Multi-Modal Adapter for AI-Generated Image Detection,2026,10.1016/j.cviu.2026.104900,https://openalex.org/W7202173857,Guizhou University,institution:4fb750575364983b,,Qi Wang,,2,"The State Key Laboratory of Public Big Data, Guizhou University, Guiyang, 550025, China",,,,,,manually_confirmed,active,2026-08-17T17:08:55Z,2026-08-17T17:08:55Z
mapping:763c5354caae5bb6e54c,curated:0b5e852ad2faa5d89eb5,Towards Generalizable Detector for Generated Image,2025,10.52202/085713-3168,https://openalex.org/W7197024658,University of Science and Technology of China,institution:e721b03b6f6c172d,location:e721b03b6f6c172dd7c7,Qianshu Cai; Xinmei Tian,,1,University of Science and Technology of China,,Hefei,China,31.8229,117.2808,manually_confirmed,active,2026-08-17T17:11:59Z,2026-08-17T17:14:18Z
mapping:3d9523509e14f20eba85,curated:0b5e852ad2faa5d89eb5,Towards Generalizable Detector for Generated Image,2025,10.52202/085713-3168,https://openalex.org/W7197024658,Zhejiang University,institution:e433baf78e80004b,,Chao Wu,middle,2,Zhejiang University,https://openalex.org/I76130692,,CN,,,OpenAlex authorships,active,2026-08-17T17:11:59Z,2026-08-17T17:11:59Z
mapping:e7e4966c9f2e76302eb0,curated:0b5e852ad2faa5d89eb5,Towards Generalizable Detector for Generated Image,2025,10.52202/085713-3168,https://openalex.org/W7197024658,The Hong Kong University of Science and Technology,institution:fa80d3c071c298e1,,Yonggang Zhang,middle,4,The Hong Kong University of Science and Technology,https://openalex.org/I200769079,,HK,,,OpenAlex authorships,active,2026-08-17T17:11:59Z,2026-08-20T12:23:55Z
mapping:d64a8aef46b6fa1f8112,curated:0b5e852ad2faa5d89eb5,Towards Generalizable Detector for Generated Image,2025,10.52202/085713-3168,https://openalex.org/W7197024658,"Harbin Institute of Technology, Shenzhen",institution:6c5bb70e9f4b77ba,location:6c5bb70e9f4b77ba22d1,Jun Yu,,5,"The School of Intelligence Science and Engineering, Harbin Institute of Technology, Shenzhen",,Shenzhen,China,22.5907,113.9661,manually_confirmed,active,2026-08-17T17:11:59Z,2026-08-17T17:17:47Z
mapping:4be2a95920632b08556c,curated:0b5e852ad2faa5d89eb5,Towards Generalizable Detector for Generated Image,2025,10.52202/085713-3168,https://openalex.org/W7197024658,Hebei Institute of Communications,institution:17922857a5febbe8,,Chao Wu,,3,"School of Artificial Intelligence, Hebei Institute of Communications",,,,,,manually_confirmed,active,2026-08-17T17:18:18Z,2026-08-17T17:18:18Z
mapping:a3d7d6aebe7cb00bb51b,curated:0ce4661dd62d1a9f8e89,FESA-CLIP: Frequency-Enhanced Semantic-Agnostic Decoupling for Generalizable AI-Generated Image Detection,2026,10.1007/978-3-032-31397-3_32,https://openalex.org/W7172378517,Nanjing University of Science and Technology,institution:a239b6e2cb8473ef,location:a239b6e2cb8473ef0466,Bo He; Huanglei Yang; Zhichao Lian,,1,"Nanjing University of Science and Technology, Nanjing, 210094, China | University of Chinese Academy of Sciences, Nanjing, 211135, China",,Nanjing,China,32.031826,118.8521427,manually_confirmed,active,2026-08-17T18:13:59Z,2026-08-17T18:15:41Z
mapping:a1f136b829a993a94c44,curated:0ce4661dd62d1a9f8e89,FESA-CLIP: Frequency-Enhanced Semantic-Agnostic Decoupling for Generalizable AI-Generated Image Detection,2026,10.1007/978-3-032-31397-3_32,https://openalex.org/W7172378517,University of Chinese Academy of Sciences,institution:69309405e04976ec,,Zhichao Lian,last,2,"Nanjing University of Science and Technology, Nanjing, 210094, China | University of Chinese Academy of Sciences, Nanjing, 211135, China",https://openalex.org/I4210165038,,CN,,,OpenAlex authorships,active,2026-08-17T18:13:59Z,2026-08-17T18:13:59Z
mapping:6da9bc4b119a0fd874e5,curated:98977aa8b726ead071fe,TAP Into the Patch Tokens: Leveraging Vision Foundation Model Features for AI-Generated Image Detection,2026,,https://openalex.org/W7158481166,Technical University of Applied Sciences Mannheim,institution:a7afa880cf905469,,Ahmed Abdullah; Nikolas Ebert; Oliver Wasenmuller,,1,"Mannheim University of Applied Sciences, Germany",,,,,,manually_confirmed,active,2026-08-17T18:23:23Z,2026-08-17T18:23:23Z
mapping:10fc97957d44ff363c83,curated:fe42bad5f72f9f6858c5,Omni-Fake: Benchmarking Unified Multimodal Social Media Deepfake Detection,2026,,https://openalex.org/W7160245451,University of Liverpool,institution:6897907a26009a77,,Tianxiao Li; Zhenglin Huang; Haiquan Wen; Yiwei He; Xinze Li; Bingyu Zhu; Wuhui Duan; Congang Chen; Yi Dong; Guangliang Cheng,1; 2; 3; 4; 5; 6; 7; 8; 10; 13,1,University of Liverpool,,,,,,Visually verified formal publication: https://openaccess.thecvf.com/content/CVPR2026/papers/Li_Omni-Fake_Benchmarking_Unified_Multimodal_Social_Media_Deepfake_Detection_CVPR_2026_paper.pdf,active,2026-08-17T18:34:51Z,2026-08-27T18:50:25.812882Z
mapping:d246b65f7bc657ac85a1,curated:fe42bad5f72f9f6858c5,Omni-Fake: Benchmarking Unified Multimodal Social Media Deepfake Detection,2026,,https://openalex.org/W7160245451,University of Exeter,institution:369f8175eaa84de6,,Zeyu Fu,9,2,University of Exeter,,,,,,Visually verified formal publication: https://openaccess.thecvf.com/content/CVPR2026/papers/Li_Omni-Fake_Benchmarking_Unified_Multimodal_Social_Media_Deepfake_Detection_CVPR_2026_paper.pdf,active,2026-08-17T18:35:24Z,2026-08-27T18:50:25.812890Z
mapping:37832cb186ce24f33da6,curated:fe42bad5f72f9f6858c5,Omni-Fake: Benchmarking Unified Multimodal Social Media Deepfake Detection,2026,,https://openalex.org/W7160245451,"The Chinese University of Hong Kong, Shenzhen",institution:5dbb9ac6a407e079,location:5dbb9ac6a407e07971dc,Baoyuan Wu,11,3,"The Chinese University of Hong Kong, Shenzhen",,Shenzhen,China,22.6867,114.2117,Visually verified formal publication: https://openaccess.thecvf.com/content/CVPR2026/papers/Li_Omni-Fake_Benchmarking_Unified_Multimodal_Social_Media_Deepfake_Detection_CVPR_2026_paper.pdf,active,2026-08-17T18:35:53Z,2026-08-27T18:50:25.812893Z
mapping:58921f4d9d84358ac798,curated:fe42bad5f72f9f6858c5,Omni-Fake: Benchmarking Unified Multimodal Social Media Deepfake Detection,2026,,https://openalex.org/W7160245451,Nanyang Technological University,institution:c111feb812f1a7ed,location:c111feb812f1a7ed9465,Xiangtai Li,12,4,Nanyang Technological University,,Singapore,Singapore,1.3483,103.6831,Visually verified formal publication: https://openaccess.thecvf.com/content/CVPR2026/papers/Li_Omni-Fake_Benchmarking_Unified_Multimodal_Social_Media_Deepfake_Detection_CVPR_2026_paper.pdf,active,2026-08-17T18:36:06Z,2026-08-27T18:50:25.812894Z
mapping:ff6a5131c763286b6105,curated:1e9d05beedcfeea67d34,The Microsoft-Northwestern-WITNESS Benchmark for Deepfake Detection,2026,10.1109/mis.2026.3668398,https://openalex.org/W7153135439,Microsoft,institution:9fbf261b62c1d7c0,,Thomas Roca; Pengce Wang; Kevin White; Juan Lavista Ferres,,1,"Microsoft AI for Good, Redmond, WA, 98052, USA",,,,,,manually_confirmed,active,2026-08-17T18:52:50Z,2026-08-17T18:57:28Z
mapping:2b0dd38a53134abbd6c1,curated:1e9d05beedcfeea67d34,The Microsoft-Northwestern-WITNESS Benchmark for Deepfake Detection,2026,10.1109/mis.2026.3668398,https://openalex.org/W7153135439,Northwestern University,institution:9a7670ce91c30b4d,,Marco Postiglione; Chongyang Gao; Isabel Gortner; V. S. Subrahmanian,,2,"Northwestern University, Evanston, IL, USA",,,,,,manually_confirmed,active,2026-08-17T18:52:50Z,2026-08-17T18:58:11Z
mapping:c9f132a3e4d87268de5a,curated:1e9d05beedcfeea67d34,The Microsoft-Northwestern-WITNESS Benchmark for Deepfake Detection,2026,10.1109/mis.2026.3668398,https://openalex.org/W7153135439,WITNESS,institution:ba1c566a4bad288c,location:b54f7f1adba2fe08dcc8,Zuzanna Wojciak; Mahsa Alimardani; Shirin Anlen; Sam Gregory,,3,"WITNESS, New York, NY, 10003, USA",,New York,United States,40.7389,-73.9884,manually_confirmed,active,2026-08-17T18:52:50Z,2026-08-17T19:10:54Z
mapping:7c9e32a184aea656bcc7,curated:1e9d05beedcfeea67d34,The Microsoft-Northwestern-WITNESS Benchmark for Deepfake Detection,2026,10.1109/mis.2026.3668398,https://openalex.org/W7153135439,Bar-Ilan University,institution:13600b8b1a017cee,,Sarit Kraus,,4,"Bar-Ilan University, Ramat Gan, 52900, Israel",,,,,,manually_confirmed,active,2026-08-17T18:52:50Z,2026-08-17T18:59:14Z
mapping:8a055aec254da32b9e79,curated:667ce5c1fb4da14bbb19,DynEval: Holistic Evaluations of T2I Generative Models in the Wild,2026,,https://openalex.org/W7168241537,Indian Institute of Science,institution:1f4217b90babf040,,Shyam Marjit; Dheeraj Baiju; Anuj Shikarkhane; Akhil Sakthieswaran; Anirban Chakraborty,,1,Indian Institute of Science,,,,,,manually_confirmed,active,2026-08-18T10:24:57Z,2026-08-18T10:24:57Z
mapping:8f57581f2e179c62500d,curated:667ce5c1fb4da14bbb19,DynEval: Holistic Evaluations of T2I Generative Models in the Wild,2026,,https://openalex.org/W7168241537,Hugging Face,institution:e3ce9cc5efa9354c,,Sayak Paul,,2,Hugging Face,,,,,,manually_confirmed,active,2026-08-18T10:25:22Z,2026-08-18T10:25:22Z
mapping:45edd561acd68581f800,curated:aa7dceb70828cdd6ad39,Beyond Artifacts: Real-Centric Envelope Modeling for Reliable AI-Generated Image Detection,2025,,https://openalex.org/W7117340004,"Institute of Automation, Chinese Academy of Sciences",institution:966ff12833f90bb0,location:966ff12833f90bb0ba7e,Ruiqi Liu; Zhengbo Zhang; Zhijin Chen; Boyi Sun; Lubin Weng; Jing Dong; Shu Wu,,1,"Institute of Automation, Chinese Academy of Sciences",,Beijing,China,39.9826,116.3336,manually_confirmed,active,2026-08-18T13:32:06Z,2026-08-18T13:33:07Z
mapping:d05ae1859ea120f72a2d,curated:aa7dceb70828cdd6ad39,Beyond Artifacts: Real-Centric Envelope Modeling for Reliable AI-Generated Image Detection,2025,,https://openalex.org/W7117340004,University of Chinese Academy of Sciences,institution:69309405e04976ec,location:69309405e04976ecd5ee,Ruiqi Liu,,2,"School of Advanced Interdisciplinary Sciences, University of Chinese Academy of Sciences",,Beijing,China,39.9078,116.2523,manually_confirmed,active,2026-08-18T13:32:43Z,2026-08-18T13:35:36Z
mapping:5d982e064209f9739460,curated:aa7dceb70828cdd6ad39,Beyond Artifacts: Real-Centric Envelope Modeling for Reliable AI-Generated Image Detection,2025,,https://openalex.org/W7117340004,Southwest University,institution:d473cbf12de5fb53,,Yi Han,,3,Southwest University,,,,,,manually_confirmed,active,2026-08-18T13:33:24Z,2026-08-18T13:33:24Z
mapping:f98a5f63d235c0b6893d,curated:aa7dceb70828cdd6ad39,Beyond Artifacts: Real-Centric Envelope Modeling for Reliable AI-Generated Image Detection,2025,,https://openalex.org/W7117340004,Shanghai Second Polytechnic University,institution:e6c54491eaf447b6,,Liwei Yao,,4,Shanghai Second Polytechnic University,,,,,,manually_confirmed,active,2026-08-18T13:34:10Z,2026-08-18T13:34:10Z
mapping:860dc9c1dc14bb116079,curated:aa7dceb70828cdd6ad39,Beyond Artifacts: Real-Centric Envelope Modeling for Reliable AI-Generated Image Detection,2025,,https://openalex.org/W7117340004,Peking University,institution:46e4866d3b2954ab,location:46e4866d3b2954ab314b,Zhiyuan Yan,,5,Peking University,,Beijing,China,39.9928,116.3058,manually_confirmed,active,2026-08-18T13:34:40Z,2026-08-18T13:34:40Z
mapping:98bcca539f60a311b8d8,curated:aa7dceb70828cdd6ad39,Beyond Artifacts: Real-Centric Envelope Modeling for Reliable AI-Generated Image Detection,2025,,https://openalex.org/W7117340004,The University of Sydney,institution:1984e5f97afb62d8,location:1984e5f97afb62d8d7b0,Jialiang Shen,,6,The University of Sydney,,Sydney,Australia,-33.886,151.184,manually_confirmed,active,2026-08-18T13:35:02Z,2026-08-18T13:35:02Z
mapping:0dc09a29437a1303c211,curated:aa7dceb70828cdd6ad39,Beyond Artifacts: Real-Centric Envelope Modeling for Reliable AI-Generated Image Detection,2025,,https://openalex.org/W7117340004,Tsinghua University,institution:4ae45b121fe12e9c,location:4ae45b121fe12e9c10b4,Yan Wang,,7,Tsinghua University,,Beijing,China,40.0007,116.3267,manually_confirmed,active,2026-08-18T13:35:23Z,2026-08-18T13:35:23Z
mapping:2aa0d5b6431efa44d4bf,curated:6a5bef99dcdc1ad4ba28,DySy-Det: A Synergistic Framework with Dynamic Reconstruction-Path Consistency for AI-Generated Image Detection,2026,10.1609/aaai.v40i42.40868,https://openalex.org/W7139090785,Hangzhou High-Tech Zone (Binjiang) Institute of Blockchain and Data Security,institution:91e76fe32279c58d,location:91e76fe32279c58dea46,Fanli Jin; Feng Lin; Gaojian Wang; Tong Wu,,2,,,Hangzhou,China,30.2079,120.2108,manually_confirmed,active,2026-08-20T20:53:16Z,2026-08-20T20:53:16Z
mapping:a490cc4264dff417bd40,curated:20975a1b80c227684804,DualSight: Learning to Disentangle Artifact and Semantic Features for Detection of Diffusion-Generated Images,2026,10.1007/978-3-032-31335-5_18,https://openalex.org/W7172283793,Technical University of Applied Sciences Mannheim,institution:a7afa880cf905469,location:7311a982a4770dec9f73,Ahmed Abdullah; Nikolas Ebert; Oliver Wasenmüller,,1,"Mannheim University of Applied Sciences, Mannheim, Germany",,Mannheim,Germany,49.4699765,8.4819024,manually_confirmed,active,2026-08-22T11:51:21Z,2026-08-22T12:03:06Z
mapping:a1c27dd0f4ca3b76bd74,curated:634d12d4ee0e1b3d8064,Efficient AI-Generated Image Detection via Confidence-Aware Cascading,2026,10.1109/icbdse70225.2026.11635577,https://openalex.org/W7202124844,Hebei University,institution:625c15ca1b398899,,Xiaoqian Chen; Enting Guo,,1,Hebei University,,,,,,manually_confirmed,active,2026-08-22T12:15:38Z,2026-08-22T12:18:51Z
mapping:217cc623ab221355d65f,curated:634d12d4ee0e1b3d8064,Efficient AI-Generated Image Detection via Confidence-Aware Cascading,2026,10.1109/icbdse70225.2026.11635577,https://openalex.org/W7202124844,"China Mobile Communications Group Beijing Co., Ltd.",institution:3e0249855cebf527,location:2fbda960d224b8824308,Yue Yu; Hongya Wang; Jiameng Zhang,,2,"China Mobile Communications Group Beijing Co., Ltd.",,Beijing,China,39.937137,116.432635,manually_confirmed,active,2026-08-22T12:15:38Z,2026-08-22T12:25:46Z
mapping:0721380c468bda1b9629,curated:854ae0d692bd69098142,Lightweight Detection of AIGI Based on Multi-Feature Fusion and Phased Optimization,2026,10.1109/dlcv69906.2026.11635629,https://openalex.org/W7201833279,Tongji University,institution:b0b93bb53a8b88c1,location:b0b93bb53a8b88c177ea,Yuefan Li; Xiao Zhang; Huiyuan Wang; Haoran Cui,,1,ShanghaiJiao Tong University,,Yangpu,China,31.2847393,121.4969491,manually_confirmed,needs_review,2026-08-22T12:27:11Z,2026-08-22T12:31:29Z
mapping:87d2e1ef76d5f8ffe536,curated:854ae0d692bd69098142,Lightweight Detection of AIGI Based on Multi-Feature Fusion and Phased Optimization,2026,10.1109/dlcv69906.2026.11635629,https://openalex.org/W7201833279,Shanghai Jiao Tong University,institution:fccd5d0ac9cc52f9,,Yuefan Li; Xiao Zhang; Huiyuan Wang; Haoran Cui; Yishuai Zhu,first; middle; middle; middle; last,2,"ShanghaiJiao Tong University | Shanghai Jiao Tong University Global College, Shanghai Jiao Tong University",https://openalex.org/I183067930,,CN,,,OpenAlex authorships,active,2026-08-22T12:27:11Z,2026-08-22T12:27:11Z
mapping:4a2fe56a2ec65f9bfe89,openalex:W4409586875,Deepfake Image Detection Using Light-Weight Attention Integrated MobileNetV3 Model,2025,10.1007/978-3-031-84543-7_11,https://openalex.org/W4409586875,Amrita Vishwa Vidyapeetham,institution:cdedd18207a1eeb2,,Talluri Harshitha; Tanya Simhadri; Thadakuluru Jaswanthi; N. Rayvanth; Rimjhim Padam Singh,,1,"Department of Computer Science and Engineering, Amrita School of Computing, Bengaluru, Amrita Vishwa Vidyapeetham, Bengaluru, India",,,,,,manually_confirmed,active,2026-08-22T14:50:31Z,2026-08-22T14:50:31Z
mapping:dfef265e4b430172775d,curated:22c0f35b356c01cbd122,Multi-Perspective Frequency Domain Learning for Generalizable AI-Generated Image Detection,2025,10.3233/faia251048,https://openalex.org/W4415428300,Guangdong University of Technology,institution:8fe72087521e285a,location:8fe72087521e285a8c05,Zili Xu; Jianjie Luo; Zhenguo Yang,,1,Guangdong University of Technology,,Guangzhou,China,23.0374,113.3948,manually_confirmed,active,2026-08-22T14:57:47Z,2026-08-22T14:57:47Z
mapping:a4e7461b7b8e039861cc,curated:22c0f35b356c01cbd122,Multi-Perspective Frequency Domain Learning for Generalizable AI-Generated Image Detection,2025,10.3233/faia251048,https://openalex.org/W4415428300,Qilu University of Technology,institution:77fb2ba62b721cd6,,Fuqiang Yu,,2,"Key Laboratory of Computing Power Network and Information Security, Ministry of Education, Qilu University of Technology (Shandong Academy of Sciences)",,,,,,manually_confirmed,active,2026-08-22T14:59:58Z,2026-08-22T14:59:58Z
mapping:84d15e9b1464659f29c8,curated:6a0913decc4e81abddb3,Diffusion Models as a Representation Learner for Deepfake Image Detection,2024,10.1007/978-3-031-78305-0_15,https://openalex.org/W4404943058,Computer Research Institute of Montreal (CRIM),institution:ea16e0a7b9bd2e5e,,Rajjeshwar Ganguly; Mamadou Dian Bah; Mohamed Dahmane,,1,"Computer Research Institute of Montreal (CRIM), Montreal, Canada",,,,,,manually_confirmed,active,2026-08-22T15:03:15Z,2026-08-22T15:03:15Z
mapping:30bd49d12f7ddae48fe5,curated:71ff0674850f84bf8df7,Robust AI-Synthesized Image Detection via Multi-Feature Frequency-Aware Learning,2025,https://doi.org/10.1007/978-981-95-3001-4_12,https://openalex.org/W4416260579,City University of Macau,institution:769b711ed2fee7c0,,Hongfei Cai; Chi Liu; Peng Gui,,1,"Faculty of Data Science, City University of Macau, Macao SAR, China",,,,,,manually_confirmed,active,2026-08-22T15:07:02Z,2026-08-22T15:07:02Z
mapping:868c6d49cb298d52e23a,curated:71ff0674850f84bf8df7,Robust AI-Synthesized Image Detection via Multi-Feature Frequency-Aware Learning,2025,https://doi.org/10.1007/978-981-95-3001-4_12,https://openalex.org/W4416260579,Torrens University Australia,institution:e58a37a2924e1779,,Sheng Shen; Peng Gui,,2,"Design and Creative Technology Vertical, Torrens University Australia, NSW, Australia",,,,,,manually_confirmed,active,2026-08-22T15:07:24Z,2026-08-22T15:07:24Z
mapping:8a149d80f64196c73358,curated:71ff0674850f84bf8df7,Robust AI-Synthesized Image Detection via Multi-Feature Frequency-Aware Learning,2025,https://doi.org/10.1007/978-981-95-3001-4_12,https://openalex.org/W4416260579,Qilu University of Technology,institution:77fb2ba62b721cd6,,Youyang Qu; Peng Gui,,3,"Shandong Provincial Key Laboratory of Computer Networks, Ministry of Education, Shandong Computer Science Center, Qilu University of Technology (Shandong Academy of Sciences), Jinan, China",,,,,,manually_confirmed,active,2026-08-22T15:08:00Z,2026-08-22T15:08:00Z
mapping:009f8d492e0026402774,curated:71ff0674850f84bf8df7,Robust AI-Synthesized Image Detection via Multi-Feature Frequency-Aware Learning,2025,https://doi.org/10.1007/978-981-95-3001-4_12,https://openalex.org/W4416260579,Wuhan Institute of Technology,institution:cdde929ea128594e,,Youyang Qu; Peng Gui,,4,"School of Computer Science and Engineering, Wuhan Institute of Technology, Wuhan, China",,,,,,manually_confirmed,active,2026-08-22T15:08:34Z,2026-08-22T15:08:34Z
mapping:ed2207a25024e73ba000,curated:56afa39191eba5bf8797,Level Up the Deepfake Detection: A Method to Effectively Discriminate Images Generated by GAN Architectures and Diffusion Models,2024,10.1007/978-3-031-66431-1_43,https://openalex.org/W4401108337,University of Catania,institution:fd8ba2b56bf5212d,location:fd8ba2b56bf5212da236,Luca Guarnera; Sebastiano Battiato,,1,"Department of Mathematics and Computer Science, University of Catania, Catania, Italy",,Catania,Italy,37.5027,15.0873,manually_confirmed,active,2026-08-22T15:12:15Z,2026-08-22T15:12:15Z
mapping:b99ae4b11b8352e42b95,curated:56afa39191eba5bf8797,Level Up the Deepfake Detection: A Method to Effectively Discriminate Images Generated by GAN Architectures and Diffusion Models,2024,10.1007/978-3-031-66431-1_43,https://openalex.org/W4401108337,Bank of Italy,institution:4e0158a865182393,,Oliver Giudice,,2,"Banca D’Italia, Applied Research Team, IT Department, Rome, Italy",,,,,,manually_confirmed,active,2026-08-22T15:13:53Z,2026-08-22T15:13:53Z
mapping:16a0221c46af82090bf2,curated:91645e26cfd2c499fbcc,Robustness of AI-Art Detectors Under Generator Shift,2026,10.31979/etd.tyr2-z2ce,https://openalex.org/W7171930512,San Jose State University,institution:4fd673972df51513,,Shivank Singh Thakur; Meien Li; Mark Stamp,,1,"Department of Computer Science, San Jose State University",,,,,,manually_confirmed,active,2026-08-23T13:38:49Z,2026-08-23T13:38:49Z
mapping:bf113c011acbacdc29d9,curated:6299036e9d8ac85a9880,Detecting AI-Generated Artwork,2025,,https://openalex.org/W4417248787,San Jose State University,institution:4fd673972df51513,location:db008ecfee28a0c08dff,Meien Li; Mark Stamp,,1,San Jose State University,,San Jose,United States,37.3351902,-121.881225,manually_confirmed,active,2026-08-23T13:41:39Z,2026-08-23T13:41:39Z
mapping:8d89a050d433cf6ff1b9,curated:3bb1fe2e65312512ed32,Pixels Don't Lie (but Your Detector Might): Bootstrapping MLLM-as-a-Judge for Trustworthy Deepfake Detection and Reasoning Supervision,2026,,https://openalex.org/W7131411544,Mohamed bin Zayed University of Artificial Intelligence,institution:f04b96a9716ab2f4,location:f04b96a9716ab2f49ddf,Kartik Kuckreja; Muhammad Haris Khan,,1,MBZUAI,,Abu Dhabi,United Arab Emirates,24.4329,54.6178,manually_confirmed,active,2026-08-23T13:54:11Z,2026-08-23T13:54:11Z
mapping:5f02351cf1f4b39d5391,curated:3bb1fe2e65312512ed32,Pixels Don't Lie (but Your Detector Might): Bootstrapping MLLM-as-a-Judge for Trustworthy Deepfake Detection and Reasoning Supervision,2026,,https://openalex.org/W7131411544,Monash University,institution:02e0cb0a82c051ec,location:02e0cb0a82c051ec7b87,Parul Gupta; Abhinav Dhall,,2,Monash University,,Melbourne,Australia,-37.9105,145.1362,manually_confirmed,active,2026-08-23T13:55:09Z,2026-08-23T13:55:09Z
mapping:12a75ed4014ac7e2e052,curated:368fa53bc0f254e0eb1a,Semantic Visual Anomaly Detection and Reasoning in AI-Generated Images,2026,,,Beijing Jiaotong University,institution:bf6195b78f6dc951,location:bf6195b78f6dc9516f3e,Chuangchuang Tan; Renshuai Tao; Yunchao Wei; Yao Zhao,,1,"Institute of Information Science, Beijing Jiaotong University",,Beijing,China,39.959,116.348,manually_confirmed,active,2026-08-23T14:05:59Z,2026-08-23T14:05:59Z
mapping:9f68622fb5a7b1e16ed8,curated:368fa53bc0f254e0eb1a,Semantic Visual Anomaly Detection and Reasoning in AI-Generated Images,2026,,,Microsoft Research Asia,institution:7b971ad17fd639eb,location:7b971ad17fd639eb8aac,Chuangchuang Tan; Xiang Ming; Jinglu Wang; Yan Lu,,2,Microsoft Research Asia,,Beijing,China,39.979967,116.310281,manually_confirmed,active,2026-08-23T14:08:49Z,2026-08-23T14:08:49Z
mapping:0e319a861670c48a6657,curated:368fa53bc0f254e0eb1a,Semantic Visual Anomaly Detection and Reasoning in AI-Generated Images,2026,,,Shenzhen University,institution:ad9c8964d01f80d8,location:ad9c8964d01f80d86e66,Bin Li,,3,Shenzhen University,,Shenzhen,China,22.5411039,113.9389034,manually_confirmed,active,2026-08-23T14:09:14Z,2026-08-23T14:09:14Z
mapping:fec4dad376ec37dfcd9d,curated:2465f28a94bb45bec499,AIGI-Holmes: Towards Explainable and Generalizable AI-Generated Image Detection via Multimodal Large Language Models,2025,https://doi.org/10.1109/iccv51701.2025.01742,https://openalex.org/W4415343382,Xiamen University,institution:929ddef9540ec1e7,location:929ddef9540ec1e76a47,Ziyin Zhou; Ke Sun; Jiayi Ji; Xiaoshuai Sun; Rongrong Ji,,1,"Key Laboratory of Multimedia Trusted Perception and Efficient Computing, Ministry of Education of China, Xiamen University",,Xiamen,China,24.4389,118.0947,manually_confirmed,active,2026-08-23T14:12:30Z,2026-08-23T14:19:28Z
mapping:2d6df3ed59b5acd32071,curated:2465f28a94bb45bec499,AIGI-Holmes: Towards Explainable and Generalizable AI-Generated Image Detection via Multimodal Large Language Models,2025,https://doi.org/10.1109/iccv51701.2025.01742,https://openalex.org/W4415343382,Tencent Youtu Lab,institution:3e78e883c14f8bb8,location:3e78e883c14f8bb839b1,Yunpeng Luo; Yuanchen Wu; Ke Yan; Shouhong Ding; Yunsheng Wu,,2,Tencent YouTu Lab,,Shanghai,China,31.1836,121.4502,manually_confirmed,active,2026-08-23T14:20:24Z,2026-08-23T14:20:24Z
mapping:cf10d7185f439a0db511,curated:aa6672aa3ab0a0709e32,Diffusion Epistemic Uncertainty with Asymmetric Learning for Diffusion-Generated Image Detection,2025,https://doi.org/10.1109/iccv51701.2025.01588,https://openalex.org/W7160128830,Tencent Inc.,institution:aa542458d996a5d3,,Yingsong Huang; Hui Guo; Qi Xiong,,1,Tencent Inc.,,,,,,manually_confirmed,active,2026-08-24T19:57:34Z,2026-08-24T19:57:34Z
mapping:de3c74bd25aad6066947,curated:aa6672aa3ab0a0709e32,Diffusion Epistemic Uncertainty with Asymmetric Learning for Diffusion-Generated Image Detection,2025,https://doi.org/10.1109/iccv51701.2025.01588,https://openalex.org/W7160128830,Hikvision,institution:f1a54130f4c752b7,,Jing Huang,,2,Hikvision,,,,,,manually_confirmed,active,2026-08-24T19:57:46Z,2026-08-24T19:57:46Z
mapping:3391367efbba41545f99,curated:aa6672aa3ab0a0709e32,Diffusion Epistemic Uncertainty with Asymmetric Learning for Diffusion-Generated Image Detection,2025,https://doi.org/10.1109/iccv51701.2025.01588,https://openalex.org/W7160128830,Microsoft,institution:9fbf261b62c1d7c0,location:90097e1154e9ceeb0cb1,Bing Bai,,3,Microsoft MAI,,Redmond,United States,47.639597,-122.12845,manually_confirmed,active,2026-08-24T19:58:09Z,2026-08-24T19:58:09Z
mapping:42a739965bf6e61d1fd9,curated:1bf124f8f57f00dddd01,Automated In-the-Wild Data Collection for Continual AI Generated Image Detection,2026,10.1145/3810988.3812662,https://openalex.org/W7160429386,Centre for Research and Technology Hellas,institution:f841aa8a7a0d29aa,location:2be8edf081e0c9efdf5d,Thanasis Pantsios; Dimitrios Karageorgiou; Christos Koutlis; George Karantaidis; Olga Papadopoulou; Symeon Papadopoulos,,1,"Information Technology Institute, CERTH, Thessaloniki, Greece",,Thessaloniki,Greece,40.64361,22.93086,manually_confirmed,active,2026-08-25T04:41:31Z,2026-08-25T04:41:31Z
mapping:9509e2f0d9db58520d19,curated:1eb949d2e1adca5bb6cf,A Debiased Reconstruction-Based Framework for Training-Free Detection of AI-Generated Images,2026,,,LG AI Research,institution:3103fb7db9011c4c,,Sungik Choi; Jaehoon Lee; Stanley Jungkyu Choi; Moontae Lee,,1,LG AI Research,,,,,,manually_confirmed,active,2026-08-25T04:46:12Z,2026-08-25T04:46:12Z
mapping:e104ea8aaeb727d7fb9f,curated:1eb949d2e1adca5bb6cf,A Debiased Reconstruction-Based Framework for Training-Free Detection of AI-Generated Images,2026,,,Sungkyunkwan University,institution:e80b94c605da24ce,location:e80b94c605da24cea15f,Hankook Lee,,2,Sungkyunkwan University,,Suwon,South Korea,37.2939,126.9757,manually_confirmed,active,2026-08-25T04:46:35Z,2026-08-25T04:46:35Z
mapping:cf0bf9ff1ccca13a4ff0,curated:1eb949d2e1adca5bb6cf,A Debiased Reconstruction-Based Framework for Training-Free Detection of AI-Generated Images,2026,,,University of Massachusetts Amherst,institution:304707b21fcfbd4d,location:304707b21fcfbd4d1653,Robin Kim,,3,University of Massachusetts Amherst,,Amherst,United States,42.3868,-72.5301,manually_confirmed,active,2026-08-25T04:46:48Z,2026-08-25T04:46:48Z
mapping:c9e397c2eaa11d610ca7,curated:af61771eb41bc0b60a3c,Training-Free Detection of AI-Generated Images via Cropping Robustness,2025,10.52202/085713-0694,https://openalex.org/W4417209611,LG AI Research,institution:3103fb7db9011c4c,,Sungik Choi; Moontae Lee,,1,LG AI Research,,,,,,manually_confirmed,active,2026-08-25T04:52:14Z,2026-08-25T04:53:57Z
mapping:a5c51ef7e883abcfc15e,curated:af61771eb41bc0b60a3c,Training-Free Detection of AI-Generated Images via Cropping Robustness,2025,10.52202/085713-0694,https://openalex.org/W4417209611,Sungkyunkwan University,institution:e80b94c605da24ce,location:e80b94c605da24cea15f,Hankook Lee,middle,2,Sungkyunkwan University,https://openalex.org/I848706,Suwon,South Korea,37.2939,126.9757,OpenAlex authorships,active,2026-08-25T04:52:14Z,2026-08-25T04:52:14Z
mapping:ebf1b054f0cf650c70b2,curated:af61771eb41bc0b60a3c,Training-Free Detection of AI-Generated Images via Cropping Robustness,2025,10.52202/085713-0694,https://openalex.org/W4417209611,University of Illinois Chicago,institution:0e7c1c133a9525be,,Moontae Lee,,3,University of Illinois Chicago,,,,,,manually_confirmed,active,2026-08-25T04:52:14Z,2026-08-25T04:54:13Z
mapping:07a55debb024b7dda236,curated:1d3010a3086b0a08317d,Cross-Modal Representation Learning for Diffusion-Generated Image Detection,2026,,,University of Science and Technology of China,institution:e721b03b6f6c172d,location:e721b03b6f6c172dd7c7,Tao Gong; Dayong Wang; Qi Chu; Bin Liu; Nenghai Yu,,1,"School of Cyber Science and Technology, University of Science and Technology of China | Anhui Province Key Laboratory of Digital Security",,Hefei,China,31.8229,117.2808,manually_confirmed,active,2026-08-25T05:03:42Z,2026-08-25T05:03:42Z
mapping:57c6d88c367899a9a778,curated:0400c6b857f88ce96704,SimLBR: Learning to Detect Fake Images by Learning to Detect Real Images,2026,,https://openalex.org/W7131476189,Washington University in St. Louis,institution:97a78e53265fe882,location:e0ee7e736afd0f368f1e,Aayush Dhakal; Subash Khanal; Srikumar Sastry; Nathan Jacobs,,1,Washington University in St. Louis,,Saint Louis,United States,38.6472402,-90.3084017,manually_confirmed,active,2026-08-25T05:10:14Z,2026-08-25T05:10:14Z
mapping:cfce306c3e90ff71a59c,curated:0400c6b857f88ce96704,SimLBR: Learning to Detect Fake Images by Learning to Detect Real Images,2026,,https://openalex.org/W7131476189,Oak Ridge National Laboratory,institution:5de5568dbc559111,,Jacob Arndt; Philipe Ambrozio Dias; Dalton Lunga,,2,Oak Ridge National Laboratory,,,,,,manually_confirmed,active,2026-08-25T05:10:42Z,2026-08-25T05:10:42Z
mapping:f1bfbe45e32129ded8db,curated:56e7bf42d58694239b64,Zero-Shot Detection of AI-Generated Image via RAW-RGB Alignment,2026,,,University of Electronic Science and Technology of China,institution:5fc8d686887fa82a,location:7942988127caeaef5f36,Haiwei Wu; Zhilin Tu; Xiong Li,,1,"School of Computer Science and Engineering, University of Electronic Science and Technology of China",,Chengdu,China,30.7534211,103.9294024,manually_confirmed,active,2026-08-25T05:20:01Z,2026-08-25T05:20:32Z
mapping:e125670348ed361e1559,curated:56e7bf42d58694239b64,Zero-Shot Detection of AI-Generated Image via RAW-RGB Alignment,2026,,,University of Macau,institution:53e6219d595780e3,location:53e6219d595780e300c1,Fengpeng Li; Jiantao Zhou,,2,"State Key Laboratory of Internet of Things for Smart City, University of Macau",,Macau,China,22.1284604,113.5438378,manually_confirmed,active,2026-08-25T05:20:52Z,2026-08-25T05:20:52Z
mapping:25488f41111eb3026d03,curated:56e7bf42d58694239b64,Zero-Shot Detection of AI-Generated Image via RAW-RGB Alignment,2026,,,Shenzhen University,institution:ad9c8964d01f80d8,location:ad9c8964d01f80d86e66,Yuanman Li,,3,"Guangdong Key Laboratory of Intelligent Information Processing, Shenzhen University",,Shenzhen,China,22.5411039,113.9389034,manually_confirmed,active,2026-08-25T05:21:06Z,2026-08-25T05:21:06Z
mapping:b39e5139a1133d58db43,curated:6e9b86dace6a85f4469c,Towards Explaining Classification Models in Security with Sparse Autoencoders,2026,10.1109/eurospw72509.2026.00041,https://openalex.org/W7196987600,TU Wien,institution:3258076c1e752ff2,,Nils Ole Breuer; Philipp Normann; Daniel Arp,first; middle; last,1,TU Wien,https://openalex.org/I145847075,,AT,,,OpenAlex authorships,needs_review,2026-08-25T05:23:53Z,2026-08-25T05:23:53Z
mapping:76a798c347ac3725b3ab,curated:6e9b86dace6a85f4469c,Towards Explaining Classification Models in Security with Sparse Autoencoders,2026,10.1109/eurospw72509.2026.00041,https://openalex.org/W7196987600,Technische Universität Berlin,institution:66101d2ca048704e,,Lorenz Linhardt,middle,2,TU Berlin & BIFOLD,https://openalex.org/I4577782,,DE,,,publisher affiliation,active,2026-08-25T05:23:53Z,2026-08-26T19:00:00Z
mapping:83036fa28ea04eb901db,curated:1ba260f83ce5cec0f723,TRIDENT: Robust Deepfake Detection via Tri-Modal Forensic Ensembles,2026,,,Indian Institute of Technology Mandi,institution:0c014e2f36e84d1b,location:d787cd26837c5fb7d191,Hardik Sharma; Aashish Negi; Praful Hambarde; Amit Shukla,,1,"Indian Institute of Technology Mandi, India",,Mandi,India,31.7063321,76.9385693,manually_confirmed,active,2026-08-25T05:48:22Z,2026-08-25T05:48:22Z
mapping:9564d84117366a099804,curated:1ba260f83ce5cec0f723,TRIDENT: Robust Deepfake Detection via Tri-Modal Forensic Ensembles,2026,,,Reagvis Labs Pvt. Ltd.,institution:d526409d3c10f4a6,,Prateek Shaily; Jayant Kumar,,2,"Reagvis Labs Pvt. Ltd., India",,,,,,manually_confirmed,active,2026-08-25T05:48:54Z,2026-08-25T05:48:54Z
mapping:0ca693cd2fb45ae3262a,curated:1ba260f83ce5cec0f723,TRIDENT: Robust Deepfake Detection via Tri-Modal Forensic Ensembles,2026,,,University of Petroleum and Energy Studies,institution:018c503420feda75,,Sachin Chaudhary,,3,"COE:AI, School of Computer Science, UPES Dehradun, India",,,,,,manually_confirmed,active,2026-08-25T05:50:41Z,2026-08-25T05:50:41Z
mapping:ceebf20902d848a0e885,curated:1ba260f83ce5cec0f723,TRIDENT: Robust Deepfake Detection via Tri-Modal Forensic Ensembles,2026,,,Mohamed bin Zayed University of Artificial Intelligence,institution:f04b96a9716ab2f4,location:f04b96a9716ab2f49ddf,Akshay Dudhane,,4,MBZUAI Abu Dhabi,,Abu Dhabi,United Arab Emirates,24.4329,54.6178,manually_confirmed,active,2026-08-25T05:51:11Z,2026-08-25T05:51:11Z
mapping:f134355428958df759fd,curated:c7701d799543661b8a53,Robust Deepfake Detection: Mitigating Spatial Attention Drift via Calibrated Complementary Ensembles,2026,,https://openalex.org/W7159546930,"University of Science, Viet Nam National University Ho Chi Minh City",institution:806523d1aae41484,location:806523d1aae41484a05a,Minh-Khoa Le-Phan; Minh-Hoang Le; Trong-Le Do; Minh-Triet Tran,,1,"University of Science , VNU-HCM , Ho Chi Minh City , Vietnam Vietnam",,Ho Chi Minh City,Vietnam,10.76262,106.68218,manually_confirmed,active,2026-08-25T06:08:54Z,2026-08-25T06:12:12Z
mapping:6a50f42fb90e87cb84f1,curated:c7701d799543661b8a53,Robust Deepfake Detection: Mitigating Spatial Attention Drift via Calibrated Complementary Ensembles,2026,,https://openalex.org/W7159546930,Vietnam National University Ho Chi Minh City,institution:19d2ee8d44bfb9f0,,Minh-Khoa Le-Phan; Minh-Hoang Le; Trong-Le Do; Minh-Triet Tran,,2,"Vietnam National University, Ho Chi Minh City, Vietnam",,,,,,manually_confirmed,active,2026-08-25T06:08:54Z,2026-08-25T06:14:35Z
mapping:a89063afa207e58c13cf,openalex:W7125828141,Adversarial Diffusion Model: Generating High-Quality and Undetectable Images from Scratch,2026,https://doi.org/10.1109/tifs.2026.3657841,https://openalex.org/W7125828141,Fudan University,institution:baa1df7c4adddbda,location:baa1df7c4adddbda8d0b,Haoyue Wang; Sheng Li; Zhenxing Qian; Xinpeng Zhang,,1,Fudan University,,Shanghai,China,31.2989,121.5018,manually_confirmed,active,2026-08-26T10:54:08Z,2026-08-26T10:54:08Z
mapping:0116d58f49baa1bbaa0e,curated:589870527983af575480,The Deployment Gap in AI Media Detection: Platform-Aware and Visually Constrained Adversarial Evaluation,2026,,https://openalex.org/W7154539686,Indiana University,institution:4c6b8eaa9cee97d7,,Aishwarya Budhkar,,1,Indiana University,,,,,,official CVPR paper PDF,active,2026-08-26T11:11:34Z,2026-08-26T11:11:34Z
mapping:af6ebff4918bb5223443,curated:589870527983af575480,The Deployment Gap in AI Media Detection: Platform-Aware and Visually Constrained Adversarial Evaluation,2026,,https://openalex.org/W7154539686,"Upper Hand, Inc.",institution:bcff30a7f8b18e0a,,Trishita Dhara,,2,Upper Hand,,,,,,official CVPR paper PDF,active,2026-08-26T11:11:34Z,2026-08-26T11:11:34Z
mapping:87c6054c82e6ec9e3420,curated:589870527983af575480,The Deployment Gap in AI Media Detection: Platform-Aware and Visually Constrained Adversarial Evaluation,2026,,https://openalex.org/W7154539686,"ACE Rent A Car Reservations, Inc.",institution:e3c54da54efe6e7e,,Siddhesh Sheth,,3,Ace Rent a Car,,,,,,official CVPR paper PDF,active,2026-08-26T11:11:34Z,2026-08-26T11:11:34Z
mapping:4f997f54cfcf57d93c2b,curated:ec9e2d806450150723a4,SynerDetect: Hierarchical Synergistic Learning for Generalizable AI-Generated Image Detection,2026,10.1609/aaai.v40i8.37568,https://openalex.org/W7137976262,The Hong Kong University of Science and Technology (Guangzhou),institution:942667142da716c5,location:23b97c859d988b076183,Shuaibo Li; Yijun Yang; Zhaohu Xing; Hongqiu Wang; Pengfei Hao; Xingyu Li; Zekai Liu; Lei Zhu,1; 2; 3; 4; 5; 6; 7; 9,1,The Hong Kong University of Science and Technology (Guangzhou),,,,,,Visually verified paper PDF: https://ojs.aaai.org/index.php/AAAI/article/view/37568,active,2026-08-27T00:30:00Z,2026-08-27T00:30:00Z
mapping:fe86d9d0ab2d6c18b105,curated:ec9e2d806450150723a4,SynerDetect: Hierarchical Synergistic Learning for Generalizable AI-Generated Image Detection,2026,10.1609/aaai.v40i8.37568,https://openalex.org/W7137976262,The Hong Kong University of Science and Technology,institution:fa80d3c071c298e1,location:fa80d3c071c298e1116a,Lei Zhu,9,2,The Hong Kong University of Science and Technology,,,,,,Visually verified paper PDF: https://ojs.aaai.org/index.php/AAAI/article/view/37568,active,2026-08-27T00:30:00Z,2026-08-27T00:30:00Z
mapping:16fa18711afc5fe30816,curated:ec9e2d806450150723a4,SynerDetect: Hierarchical Synergistic Learning for Generalizable AI-Generated Image Detection,2026,10.1609/aaai.v40i8.37568,https://openalex.org/W7137976262,Sun Yat-sen University,institution:5c85faa51cc57a24,location:5c85faa51cc57a24f560,Qing Zhang,8,3,Sun Yat-sen University,,,,,,Visually verified paper PDF: https://ojs.aaai.org/index.php/AAAI/article/view/37568,active,2026-08-27T00:30:00Z,2026-08-27T00:30:00Z
mapping:e52721d76b4e36468169,curated:c071c25bc2957d78569b,Deep Learning for Deepfakes Creation and Detection: A Survey,2022,10.1016/j.cviu.2022.103525,https://openalex.org/W3045755384,Deakin University,institution:30e93da233b7eeef,location:c33d30d49f30b6f50b13,Thanh Thi Nguyen; Dung Tien Nguyen; Duc Thanh Nguyen,1; 3; 4,1,"School of Information Technology, Deakin University, Victoria, Australia",,Burwood,Australia,-37.8475136,145.1149474,Visually verified formal publication: https://research-repository.griffith.edu.au/server/api/core/bitstreams/9047c38e-4092-41fe-a8e7-e73d74b6d891/content,active,2026-08-27T00:30:00Z,2026-08-27T18:55:26.193738Z
mapping:c9e68e153f5004288eb4,curated:0bbace72b7a0991bc2b2,RADAR: Reasoning AI-Generated Image Detection for Semantic Fakes,2025,10.3390/technologies13070280,https://openalex.org/W4411960917,University of Amsterdam,institution:4a9a14dbf4357b38,location:4a9a14dbf4357b3807c3,Haochen Wang; Efstratios Gavves,1; 7,1,"Informatics Institute, University van Amsterdam, 1098 XH Amsterdam, The Netherlands",,,,,,Visually verified paper PDF: https://pure.uva.nl/ws/files/309086291/RADAR.pdf,active,2026-08-27T00:30:00Z,2026-08-27T00:30:00Z
mapping:a7d4448bd19d467fd668,curated:0bbace72b7a0991bc2b2,RADAR: Reasoning AI-Generated Image Detection for Semantic Fakes,2025,10.3390/technologies13070280,https://openalex.org/W4411960917,Beihang University,institution:f336b3005794930b,location:f336b3005794930bb660,Xuhui Liu; Cilin Yan,2; 4,2,"School of Automation Science and Electrical Engineering, Beihang University, Beijing 100191, China",,,,,,Visually verified paper PDF: https://pure.uva.nl/ws/files/309086291/RADAR.pdf,active,2026-08-27T00:30:00Z,2026-08-27T00:30:00Z
mapping:ccd7e42635d2660e4c24,curated:0bbace72b7a0991bc2b2,RADAR: Reasoning AI-Generated Image Detection for Semantic Fakes,2025,10.3390/technologies13070280,https://openalex.org/W4411960917,Zhejiang Sci-Tech University,institution:fa59f7ae15be03cb,location:41afbef0e4c1c64cd45f,Ziqian Lu,3,3,"School of Computer Science and Technology (School of Artificial Intelligence), Zhejiang Sci-Tech University, Hangzhou 310018, China",,Hangzhou,China,30.3154546,120.3486958,Visually verified paper PDF: https://pure.uva.nl/ws/files/309086291/RADAR.pdf,active,2026-08-27T00:30:00Z,2026-08-27T15:08:28Z
mapping:e825c23039ad09dabea2,curated:0bbace72b7a0991bc2b2,RADAR: Reasoning AI-Generated Image Detection for Semantic Fakes,2025,10.3390/technologies13070280,https://openalex.org/W4411960917,Xiaohongshu Inc.,institution:d1012c88e7ee61fd,location:3b46f8ed6f87860347da,Xiaolong Jiang,5,4,"Xiaohongshu Inc., Beijing 100029, China",,,,,,Visually verified paper PDF: https://pure.uva.nl/ws/files/309086291/RADAR.pdf,active,2026-08-27T00:30:00Z,2026-08-27T00:30:00Z
mapping:2775e12a037ab2854154,curated:0bbace72b7a0991bc2b2,RADAR: Reasoning AI-Generated Image Detection for Semantic Fakes,2025,10.3390/technologies13070280,https://openalex.org/W4411960917,Beijing Jiaotong University,institution:bf6195b78f6dc951,location:bf6195b78f6dc9516f3e,Runqi Wang,6,5,"School of Computer Science & Technology, Beijing Jiaotong University, Beijing 100091, China",,,,,,Visually verified paper PDF: https://pure.uva.nl/ws/files/309086291/RADAR.pdf,active,2026-08-27T00:30:00Z,2026-08-27T00:30:00Z
mapping:66244773267b0b27f577,curated:bbe4e9e8c5b41e467a76,The Face Deepfake Detection Challenge,2022,10.3390/jimaging8100263,https://openalex.org/W4297477523,University of Catania,institution:fd8ba2b56bf5212d,location:fd8ba2b56bf5212da236,Luca Guarnera; Francesco Guarnera; Alessandro Ortis; Sebastiano Battiato,1; 3; 4; 20,1,"Department of Mathematics and Computer Science, University of Catania, 95125 Catania, Italy",,,,,,Visually verified paper PDF: https://www.dmi.unict.it/ortis/articoli/85140647182.pdf,active,2026-08-27T00:30:00Z,2026-08-27T00:30:00Z
mapping:ac6e729a5fcd4a78f821,curated:bbe4e9e8c5b41e467a76,The Face Deepfake Detection Challenge,2022,10.3390/jimaging8100263,https://openalex.org/W4297477523,Bank of Italy,institution:4e0158a865182393,location:9cf1e343c90c4f74c4ff,Oliver Giudice,2,2,"Applied Research Team, IT Department, Banca d’Italia, 00044 Rome, Italy",,,,,,Visually verified paper PDF: https://www.dmi.unict.it/ortis/articoli/85140647182.pdf,active,2026-08-27T00:30:00Z,2026-08-27T00:30:00Z
mapping:8adbcc73dafb5570a09d,curated:bbe4e9e8c5b41e467a76,The Face Deepfake Detection Challenge,2022,10.3390/jimaging8100263,https://openalex.org/W4297477523,University of Cagliari,institution:17e63acd624ced9b,location:92de3a20bb2cd0036250,Giovanni Puglisi; Gianpaolo Perelli; Sara Concas; Carlo Cuccu; Giulia Orrù; Gian Luca Marcialis,5; 15; 16; 17; 18; 19,3,"Affiliation 3: Department of Mathematics and Computer Science, University of Cagliari, 09124 Cagliari, Italy; Affiliation 9: Department of Electrical and Electronic Engineering (DIEE), University of Cagliari, 09123 Cagliari, Italy",,,,,,Visually verified paper PDF: https://www.dmi.unict.it/ortis/articoli/85140647182.pdf,active,2026-08-27T00:30:00Z,2026-08-27T00:30:00Z
mapping:987448097cf88ef6af77,curated:bbe4e9e8c5b41e467a76,The Face Deepfake Detection Challenge,2022,10.3390/jimaging8100263,https://openalex.org/W4297477523,iCTLab s.r.l.,institution:f13bfb2d3e774fb3,location:1b60c4bdbda074486d61,Antonino Paratore,6,4,"iCTLab s.r.l., 95125 Catania, Italy",,Catania,Italy,37.5256898,15.0730615,Visually verified paper PDF: https://www.dmi.unict.it/ortis/articoli/85140647182.pdf,active,2026-08-27T00:30:00Z,2026-08-27T15:08:28Z
mapping:000b2e5a2b1807c345ff,curated:bbe4e9e8c5b41e467a76,The Face Deepfake Detection Challenge,2022,10.3390/jimaging8100263,https://openalex.org/W4297477523,Amped Software,institution:ff687d6367c7c51d,location:a5b0422287ed9080fcc7,Linh M. Q. Bui; Marco Fontani,7; 8,5,"Amped Software, 34149 Trieste, Italy",,Trieste,Italy,45.6573731,13.82967,Visually verified paper PDF: https://www.dmi.unict.it/ortis/articoli/85140647182.pdf,active,2026-08-27T00:30:00Z,2026-08-27T15:08:28Z
mapping:a95df715b0cd0b66e1b0,curated:bbe4e9e8c5b41e467a76,The Face Deepfake Detection Challenge,2022,10.3390/jimaging8100263,https://openalex.org/W4297477523,"Institute of Information Science and Technologies ""Alessandro Faedo"", National Research Council of Italy",institution:541450f1f663948c,location:541450f1f663948c1bd8,Davide Alessandro Coccomini; Fabrizio Falchi; Claudio Gennaro; Nicola Messina; Giuseppe Amato,9; 11; 12; 13; 14,6,"ISTI-CNR, via G. Moruzzi 1, 56124 Pisa, Italy",,,,,,Visually verified paper PDF: https://www.dmi.unict.it/ortis/articoli/85140647182.pdf,active,2026-08-27T00:30:00Z,2026-08-27T00:30:00Z
mapping:b6329950d98a9ef95f71,curated:bbe4e9e8c5b41e467a76,The Face Deepfake Detection Challenge,2022,10.3390/jimaging8100263,https://openalex.org/W4297477523,National Inter-University Consortium for Telecommunications,institution:721b1fe645c5b099,location:721b1fe645c5b099b647,Roberto Caldelli,10,7,"National Inter-University Consortium for Telecommunications (CNIT), 43124 Parma, Italy",,,,,,Visually verified paper PDF: https://www.dmi.unict.it/ortis/articoli/85140647182.pdf,active,2026-08-27T00:30:00Z,2026-08-27T00:30:00Z
mapping:7203c6dff48a4b50b79b,curated:bbe4e9e8c5b41e467a76,The Face Deepfake Detection Challenge,2022,10.3390/jimaging8100263,https://openalex.org/W4297477523,Universitas Mercatorum,institution:1afce89cd4f3571f,location:1afce89cd4f3571fdaf4,Roberto Caldelli,10,8,"Faculty of Economics, Universitas Mercatorum, 00186 Rome, Italy",,,,,,Visually verified paper PDF: https://www.dmi.unict.it/ortis/articoli/85140647182.pdf,active,2026-08-27T00:30:00Z,2026-08-27T00:30:00Z
mapping:b2dfbca89d216899e9c8,curated:60066ef08c2226131085,Detecting GAN Generated Fake Images Using Co-Occurrence Matrices,2019,10.2352/issn.2470-1173.2019.5.mwsf-532,https://openalex.org/W2975558816,Mayachitra Inc.,institution:bcd3d53e57c31275,location:8d2e5d5a4a1875da46d9,Lakshmanan Nataraj; Tajuddin Manhar Mohammed; B. S. Manjunath; Shivkumar Chandrasekaran,1; 2; 3; 4,1,"Mayachitra Inc., Santa Barbara, California, USA",,Santa Barbara,United States,34.4357895,-119.807088,Visually verified formal publication: https://library.imaging.org/admin/apis/public/api/ist/website/downloadArticle/ei/31/5/art00008,active,2026-08-27T00:30:00Z,2026-08-27T18:50:55.389181Z
mapping:0f51254f7cd4fb7fa8d1,curated:60066ef08c2226131085,Detecting GAN Generated Fake Images Using Co-Occurrence Matrices,2019,10.2352/issn.2470-1173.2019.5.mwsf-532,https://openalex.org/W2975558816,Naval Air Warfare Center Weapons Division,institution:e07792f5cf49ebda,,Arjuna Flenner,5,2,"Naval Air Warfare Center Weapons Division, China Lake, California, USA",,,,,,Visually verified formal publication: https://library.imaging.org/admin/apis/public/api/ist/website/downloadArticle/ei/31/5/art00008,active,2026-08-27T00:30:00Z,2026-08-27T18:50:55.389191Z
mapping:b6e8a4865abd1e59e3fd,curated:60066ef08c2226131085,Detecting GAN Generated Fake Images Using Co-Occurrence Matrices,2019,10.2352/issn.2470-1173.2019.5.mwsf-532,https://openalex.org/W2975558816,JD.com,institution:44469d661cb0034c,,Jawadul H. Bappy,6,3,JD.com,,,,,,Visually verified formal publication: https://library.imaging.org/admin/apis/public/api/ist/website/downloadArticle/ei/31/5/art00008,active,2026-08-27T00:30:00Z,2026-08-27T18:50:55.389194Z
mapping:37edafe30f9ae94c3121,curated:60066ef08c2226131085,Detecting GAN Generated Fake Images Using Co-Occurrence Matrices,2019,10.2352/issn.2470-1173.2019.5.mwsf-532,https://openalex.org/W2975558816,"University of California, Riverside",institution:ca4ec8b3c028069a,location:bbd07895a6576faba729,Amit K. Roy-Chowdhury,7,4,"University of California, Riverside, California, USA",,Riverside,United States,33.9702033,-117.3320289,Visually verified formal publication: https://library.imaging.org/admin/apis/public/api/ist/website/downloadArticle/ei/31/5/art00008,active,2026-08-27T00:30:00Z,2026-08-27T18:50:55.389196Z
mapping:6334bd4fbef37e65a099,curated:4b042ad660312ec3b338,Evasion on General GAN-Generated Image Detection by Disentangled Representation,2024,10.1016/j.ins.2024.121267,https://openalex.org/W4401325047,South China University of Technology,institution:3e9b289ae248f660,location:3e9b289ae248f6600cee,Patrick P. K. Chan; Chuanxin Zhang; Haitao Chen; Jingwen Deng,1; 2; 3; 4,1,"a: Shien-Ming Wu School of Intelligent Engineering; b: School of Computer Science and Engineering; c: School of Future Technology; South China University of Technology, Guangzhou, China",,,,,,Visually verified paper PDF: https://tas-lab.org/publication/2024-evasion-on-general-gan-generated-image-detection-by-disentangled-representation/index.pdf,active,2026-08-27T00:30:00Z,2026-08-27T00:30:00Z
mapping:9121743520db34334d78,curated:4b042ad660312ec3b338,Evasion on General GAN-Generated Image Detection by Disentangled Representation,2024,10.1016/j.ins.2024.121267,https://openalex.org/W4401325047,Huya Inc.,institution:2f2a5a5c1021efe4,,Xiao Meng,5,2,"Huya Inc, Guangzhou, 510006, China",,,,,,Visually verified paper PDF: https://tas-lab.org/publication/2024-evasion-on-general-gan-generated-image-detection-by-disentangled-representation/index.pdf,active,2026-08-27T00:30:00Z,2026-08-27T00:30:00Z
mapping:81be361b0991ea9e8a75,curated:616984c24ff3792431e6,Deepfake Generation and Detection: Case Study and Challenges,2023,10.1109/access.2023.3342107,https://openalex.org/W4389633690,Nirma University,institution:af28dc8d805f8918,location:e90d30e3482b2158a2c7,Yogesh Patel; Sudeep Tanwar; Rajesh Gupta,1; 2; 3,1,"Department of Computer Science and Engineering, Institute of Technology, Nirma University, Ahmedabad, Gujarat 382481, India",,Ahmedabad,India,23.1283839,72.544473,Visually verified paper PDF: https://digitalknowledge.cput.ac.za/bitstream/11189/9706/1/Deepfake_Generation_and_Detection.pdf,active,2026-08-27T00:30:00Z,2026-08-27T15:08:28Z
mapping:02f22fc2e6e5b5eb962f,curated:616984c24ff3792431e6,Deepfake Generation and Detection: Case Study and Challenges,2023,10.1109/access.2023.3342107,https://openalex.org/W4389633690,Amity University,institution:f7126dbda09b4f9a,location:09b6c14fe356ea7bb956,Pronaya Bhattacharya,4,2,"Department of Computer Science and Engineering, Amity School of Engineering and Technology, Amity University, Kolkata 700135, India",,New Town,India,22.5959131,88.4878653,Visually verified paper PDF: https://digitalknowledge.cput.ac.za/bitstream/11189/9706/1/Deepfake_Generation_and_Detection.pdf,active,2026-08-27T00:30:00Z,2026-08-27T15:08:28Z
mapping:8d1b00858d3963810df3,curated:616984c24ff3792431e6,Deepfake Generation and Detection: Case Study and Challenges,2023,10.1109/access.2023.3342107,https://openalex.org/W4389633690,Cape Peninsula University of Technology,institution:d04d3d98b14dcbc7,location:4940f5e68477ff1781c1,Innocent Ewean Davidson; Royi Nyameko,5; 6,3,"Affiliations 3 and 4: African Space Innovation Center and French South African Institute of Technology, Department of Electrical, Electronic and Computer Engineering, Cape Peninsula University of Technology, Bellville 7535, South Africa",,Bellville,South Africa,-33.9318380,18.6421452,Visually verified paper PDF: https://digitalknowledge.cput.ac.za/bitstream/11189/9706/1/Deepfake_Generation_and_Detection.pdf,active,2026-08-27T00:30:00Z,2026-08-27T15:08:28Z
mapping:0fa7a422688f307ab3d9,curated:616984c24ff3792431e6,Deepfake Generation and Detection: Case Study and Challenges,2023,10.1109/access.2023.3342107,https://openalex.org/W4389633690,SR University,institution:4fa8181033939648,location:fe9bb1bad0b966527492,Srinivas Aluvala,7,4,"Department of Computer Science and Artificial Intelligence, SR University, Warangal, Telangana 506371, India",,Warangal,India,18.0899939,79.468534,Visually verified paper PDF: https://digitalknowledge.cput.ac.za/bitstream/11189/9706/1/Deepfake_Generation_and_Detection.pdf,active,2026-08-27T00:30:00Z,2026-08-27T15:08:28Z
mapping:0fba6c0306f4e54e9497,curated:616984c24ff3792431e6,Deepfake Generation and Detection: Case Study and Challenges,2023,10.1109/access.2023.3342107,https://openalex.org/W4389633690,Graphic Era Hill University,institution:803f64e5aa26f523,location:0bfa248fbdf713fe6406,Vrince Vimal,8,5,"Department of Computer Science and Engineering, Graphic Era Hill University, Dehradun 248002, India",,Dehradun,India,30.2726626,78.0003415,Visually verified paper PDF: https://digitalknowledge.cput.ac.za/bitstream/11189/9706/1/Deepfake_Generation_and_Detection.pdf,active,2026-08-27T00:30:00Z,2026-08-27T15:08:28Z
mapping:fc90d85db3b1950d8c6b,curated:616984c24ff3792431e6,Deepfake Generation and Detection: Case Study and Challenges,2023,10.1109/access.2023.3342107,https://openalex.org/W4389633690,Graphic Era University,institution:128d207ba007d9d7,location:bc6ae6d65494c6e29d67,Vrince Vimal,8,6,"Department of Computer Science and Engineering, Graphic Era Deemed to be University, Dehradun, Uttarakhand 248002, India",,Dehradun,India,30.2680182,77.9961185,Visually verified paper PDF: https://digitalknowledge.cput.ac.za/bitstream/11189/9706/1/Deepfake_Generation_and_Detection.pdf,active,2026-08-27T00:30:00Z,2026-08-27T15:08:28Z
mapping:3dc93ac84e0629c31ba1,curated:de711d9d87b55d210bd6,Exposing the Fake: Effective Diffusion-Generated Images Detection,2023,10.48550/arxiv.2307.06272,https://openalex.org/W4384268537,University of Electronic Science and Technology of China,institution:5fc8d686887fa82a,location:7942988127caeaef5f36,Ruipeng Ma; Fei Kong; Xiaoshuang Shi,1; 3; 4,1,"Department of Computer Science and Engineering, University of Electronic Science and Technology of China",,,,,,Visually verified paper PDF: https://arxiv.org/pdf/2307.06272,active,2026-08-27T00:30:00Z,2026-08-27T00:30:00Z
mapping:13e244fe10cc1e51a307,curated:de711d9d87b55d210bd6,Exposing the Fake: Effective Diffusion-Generated Images Detection,2023,10.48550/arxiv.2307.06272,https://openalex.org/W4384268537,Drexel University,institution:e0fc2ffb269489e7,location:e0fc2ffb269489e70cd7,Jinhao Duan; Kaidi Xu,2; 5,2,Drexel University,,,,,,Visually verified paper PDF: https://arxiv.org/pdf/2307.06272,active,2026-08-27T00:30:00Z,2026-08-27T00:30:00Z
mapping:030fc931db1abec22a6f,curated:f1787b6ea4e45ca58565,Fusing Global and Local Features for Generalized AI-Synthesized Image Detection,2022,10.1109/icip46576.2022.9897820,https://openalex.org/W4308234128,University at Buffalo,institution:612630c2527bff83,location:ad81b7fe4ed998909c6e,Yan Ju; Shan Jia; Lipeng Ke; Hongfei Xue; Siwei Lyu,1; 2; 3; 4; 6,1,"University at Buffalo, State University of New York",,,,,,Visually verified paper PDF: https://havocfixer.github.io/resource/22_ICIP.pdf,active,2026-08-27T00:30:00Z,2026-08-27T00:30:00Z
mapping:79e1f7397aa665a06028,curated:f1787b6ea4e45ca58565,Fusing Global and Local Features for Generalized AI-Synthesized Image Detection,2022,10.1109/icip46576.2022.9897820,https://openalex.org/W4308234128,NVIDIA,institution:8d4321d936320802,location:e26ebc2442f89b474be3,Koki Nagano,5,2,NVIDIA,,,,,,Visually verified paper PDF: https://havocfixer.github.io/resource/22_ICIP.pdf,active,2026-08-27T00:30:00Z,2026-08-27T00:30:00Z
mapping:55878f4b63616c2289b1,curated:551ca154b757ec651c0e,Beyond the Spectrum: Detecting Deepfakes via Re-Synthesis,2021,10.24963/ijcai.2021/349,https://openalex.org/W3187526215,CISPA Helmholtz Center for Information Security,institution:aea376936c88135b,location:aea376936c88135ba947,Yang He; Mario Fritz,1; 4,1,"CISPA Helmholtz Center for Information Security, Saarbrucken, Germany",,,,,,Visually verified paper PDF: https://www.ijcai.org/proceedings/2021/0349.pdf,active,2026-08-27T00:30:00Z,2026-08-27T00:30:00Z
mapping:c59eff3b936244ec2009,curated:551ca154b757ec651c0e,Beyond the Spectrum: Detecting Deepfakes via Re-Synthesis,2021,10.24963/ijcai.2021/349,https://openalex.org/W3187526215,Max Planck Institute for Informatics,institution:bef37c90751e824e,location:bef37c90751e824ed6c4,Ning Yu,2,2,"Max Planck Institute for Informatics, Saarbrucken, Germany",,,,,,Visually verified paper PDF: https://www.ijcai.org/proceedings/2021/0349.pdf,active,2026-08-27T00:30:00Z,2026-08-27T00:30:00Z
mapping:92e1af7765e13e68b631,curated:551ca154b757ec651c0e,Beyond the Spectrum: Detecting Deepfakes via Re-Synthesis,2021,10.24963/ijcai.2021/349,https://openalex.org/W3187526215,University of Maryland,institution:13f7c73ae8019e75,location:13f7c73ae8019e756ce4,Ning Yu,2,3,"University of Maryland, College Park, United States",,,,,,Visually verified paper PDF: https://www.ijcai.org/proceedings/2021/0349.pdf,active,2026-08-27T00:30:00Z,2026-08-27T00:30:00Z
mapping:320c6ff716a2f7f3a2f7,curated:551ca154b757ec651c0e,Beyond the Spectrum: Detecting Deepfakes via Re-Synthesis,2021,10.24963/ijcai.2021/349,https://openalex.org/W3187526215,University of Mannheim,institution:957fef132942e033,location:957fef132942e033867e,Margret Keuper,3,4,"University of Mannheim, Mannheim, Germany",,,,,,Visually verified paper PDF: https://www.ijcai.org/proceedings/2021/0349.pdf,active,2026-08-27T00:30:00Z,2026-08-27T00:30:00Z
mapping:659545cd2e2e6e4cd7f5,curated:4b406d0cf578db643214,RIGID: A Training-Free and Model-Agnostic Framework for Robust AI-Generated Image Detection,2026,10.48550/arxiv.2405.20112,https://openalex.org/W4399252995,Chinese University of Hong Kong,institution:ff4b6fb0e7e3f155,,Zhiyuan He; Tsung-Yi Ho,1; 3,1,"Department of Computer Science and Engineering, The Chinese University of Hong Kong",,,,,,Visually verified paper PDF: https://arxiv.org/pdf/2405.20112v1,active,2026-08-27T00:30:00Z,2026-08-27T10:59:02Z
mapping:4e6c68a260626ed47be1,curated:4b406d0cf578db643214,RIGID: A Training-Free and Model-Agnostic Framework for Robust AI-Generated Image Detection,2026,10.48550/arxiv.2405.20112,https://openalex.org/W4399252995,IBM Thomas J. Watson Research Center,institution:f5c8a9b792d3b901,location:f5c8a9b792d3b90145b4,Pin-Yu Chen,2,2,IBM Research,,,,,,Visually verified paper PDF: https://arxiv.org/pdf/2405.20112v1,active,2026-08-27T00:30:00Z,2026-08-27T00:30:00Z
mapping:3501ee2131873289376f,curated:cd18fc45f8a86a30aaf6,Complement Face Forensic Detection and Localization with FacialLandmarks,2019,10.48550/arxiv.1910.05455,https://openalex.org/W2979433881,Imperial College London,institution:1ba4ddc6758a80c0,location:c0414dc14140882593a8,Kritaphat Songsri-in; Stefanos Zafeiriou,1; 2,1,"Department of Computing, Imperial College London, UK",,London,United Kingdom,51.4989595,-0.1756407,Visually verified paper PDF: https://arxiv.org/pdf/1910.05455v1,active,2026-08-27T00:30:00Z,2026-08-27T15:08:29Z
mapping:71d4fcceed1fdb841305,curated:cd18fc45f8a86a30aaf6,Complement Face Forensic Detection and Localization with FacialLandmarks,2019,10.48550/arxiv.1910.05455,https://openalex.org/W2979433881,University of Oulu,institution:c3061238f228884c,location:05357a64684a69fed04f,Stefanos Zafeiriou,2,2,"Center for Machine Vision and Signal Analysis, University of Oulu, Finland",,Oulu,Finland,65.0593277,25.4673577,Visually verified paper PDF: https://arxiv.org/pdf/1910.05455v1,active,2026-08-27T00:30:00Z,2026-08-27T15:08:29Z
mapping:7b5d0f836aa1fa476a20,curated:80e6fc4ce64c001a2b3d,An Improved Dense CNN Architecture for Deepfake Image Detection,2023,10.1109/access.2023.3251417,https://openalex.org/W4323022407,Nirma University,institution:af28dc8d805f8918,location:e90d30e3482b2158a2c7,Yogesh Patel; Sudeep Tanwar; Rajesh Gupta,1; 2; 4,1,"Department of Computer Science and Engineering, Institute of Technology, Nirma University, Ahmedabad, Gujarat 382481, India",,Ahmedabad,India,23.1283839,72.544473,Visually verified paper PDF: https://digitalknowledge.cput.ac.za/bitstream/11189/9712/1/Improved_Dense_CNN_Architecture.pdf,active,2026-08-27T00:30:00Z,2026-08-27T15:08:29Z
mapping:8fb6a74c8cf82141a5de,curated:80e6fc4ce64c001a2b3d,An Improved Dense CNN Architecture for Deepfake Image Detection,2023,10.1109/access.2023.3251417,https://openalex.org/W4323022407,Amity University,institution:f7126dbda09b4f9a,location:09b6c14fe356ea7bb956,Pronaya Bhattacharya,3,2,"Department of Computer Science and Engineering, Amity School of Engineering and Technology, Amity University, Kolkata 700135, India",,New Town,India,22.5959131,88.4878653,Visually verified paper PDF: https://digitalknowledge.cput.ac.za/bitstream/11189/9712/1/Improved_Dense_CNN_Architecture.pdf,active,2026-08-27T00:30:00Z,2026-08-27T15:08:29Z
mapping:066edb3085503974006e,curated:80e6fc4ce64c001a2b3d,An Improved Dense CNN Architecture for Deepfake Image Detection,2023,10.1109/access.2023.3251417,https://openalex.org/W4323022407,Najran University,institution:79bdedc4507c21a5,location:2ff7c6d99f3b0949e23c,Turki Alsuwian,5,3,"Electrical Engineering Department, College of Engineering, Najran University, Najran 11001, Saudi Arabia",,Najran,Saudi Arabia,17.6428704,44.5345446,Visually verified paper PDF: https://digitalknowledge.cput.ac.za/bitstream/11189/9712/1/Improved_Dense_CNN_Architecture.pdf,active,2026-08-27T00:30:00Z,2026-08-27T15:08:29Z
mapping:5f4209363fff0c520844,curated:80e6fc4ce64c001a2b3d,An Improved Dense CNN Architecture for Deepfake Image Detection,2023,10.1109/access.2023.3251417,https://openalex.org/W4323022407,Cape Peninsula University of Technology,institution:d04d3d98b14dcbc7,location:4940f5e68477ff1781c1,Innocent Ewean Davidson,6,4,"Department of Electrical, Electronic and Computer Engineering, Cape Peninsula University of Technology, Bellville 7535, South Africa",,Bellville,South Africa,-33.9318380,18.6421452,Visually verified paper PDF: https://digitalknowledge.cput.ac.za/bitstream/11189/9712/1/Improved_Dense_CNN_Architecture.pdf,active,2026-08-27T00:30:00Z,2026-08-27T15:08:29Z
mapping:3138e3f13845d64f2868,curated:80e6fc4ce64c001a2b3d,An Improved Dense CNN Architecture for Deepfake Image Detection,2023,10.1109/access.2023.3251417,https://openalex.org/W4323022407,Durban University of Technology,institution:cc8345310a2617a6,location:bf16caf72c0dd6b7b38c,Thokozile F. Mazibuko,7,5,"Department of Electrical Power Engineering, Durban University of Technology, Durban 4001, South Africa",,Durban,South Africa,-29.852922926731402,31.005967931251714,Visually verified paper PDF: https://digitalknowledge.cput.ac.za/bitstream/11189/9712/1/Improved_Dense_CNN_Architecture.pdf,active,2026-08-27T00:30:00Z,2026-08-27T15:08:29Z
mapping:a005e9c24e12ff5aff4d,curated:67d37f98e44fa9d7d06e,Intriguing Properties of Synthetic Images: From Generative Adversarial Networks to Diffusion Models,2023,10.1109/cvprw59228.2023.00104,https://openalex.org/W4385815563,NVIDIA,institution:8d4321d936320802,location:e26ebc2442f89b474be3,Koki Nagano,4,2,NVIDIA,,,,,,Visually verified paper PDF: https://openaccess.thecvf.com/content/CVPR2023W/WMF/papers/Corvi_Intriguing_Properties_of_Synthetic_Images_From_Generative_Adversarial_Networks_to_CVPRW_2023_paper.pdf,active,2026-08-27T00:30:00Z,2026-08-27T00:30:00Z
mapping:d9e7ecf65fb8d4379148,curated:4a837e09b6b57f6f6d47,Addressing Diffusion Model Based Counter-Forensic Image Manipulation for Synthetic Image Detection,2024,10.1145/3702250.3702296,https://openalex.org/W4405945632,National Institute of Technology Karnataka,institution:12fe4f34c1ed5053,location:cd72f4404e6e5a4cd155,Aryan N Herur; Vaibhav Santhosh,1; 2,1,National Institute of Technology Karnataka Surathkal,,Surathkal,India,13.011191,74.7960578,Verified structured author-affiliation metadata: https://icvgip.in/2024/accepted-regular-papers,active,2026-08-27T00:30:00Z,2026-08-27T15:08:29Z
mapping:1bd5d34840693d7b3397,curated:4a837e09b6b57f6f6d47,Addressing Diffusion Model Based Counter-Forensic Image Manipulation for Synthetic Image Detection,2024,10.1145/3702250.3702296,https://openalex.org/W4405945632,Indian Institute of Science,institution:1f4217b90babf040,location:c01705e6715a30d51366,Nishanth Shetty; Chandra Sekhar Seelamantula,3; 4,2,Indian Institute of Science; IISc Bangalore,,,,,,Verified structured author-affiliation metadata: https://icvgip.in/2024/accepted-regular-papers,active,2026-08-27T00:30:00Z,2026-08-27T00:30:00Z
mapping:420af57c9d1c093e033c,curated:6e6c7c4645ed4af43a61,Enhancing Sensing and Imaging Capabilities Through Surface Plasmon Resonance for Deepfake Image Detection,2025,10.1007/s11468-024-02492-1,https://openalex.org/W4402322120,Hindusthan Institute of Technology,institution:9b835b614adb1b57,location:73843f9b923fdeadb9dc,R. Uma Maheshwari; B. Paulchamy,1; 2,1,"Research Scholar / Department of Electronics and Communication Engineering, Hindusthan Institute of Technology, Coimbatore, India",,Othakalmandapam,India,10.8945219,76.9970078,Verified structured author-affiliation metadata: https://link.springer.com/article/10.1007/s11468-024-02492-1,active,2026-08-27T00:30:00Z,2026-08-27T18:50:55.444408Z
mapping:1ba8c7beef6433c071c4,curated:6e6c7c4645ed4af43a61,Enhancing Sensing and Imaging Capabilities Through Surface Plasmon Resonance for Deepfake Image Detection,2025,10.1007/s11468-024-02492-1,https://openalex.org/W4402322120,Govind Ballabh Pant University of Agriculture and Technology,institution:ef894bd5e789abd7,location:68430421b377f89c6e66,Binay Kumar Pandey,3,2,"Department of Information Technology, College of Technology, Govind Ballabh Pant University of Agriculture and Technology Pantnagar, Udham Singh Nagar, Uttarakhand, India",,Pantnagar,India,29.0227737,79.4913268,Verified structured author-affiliation metadata: https://link.springer.com/article/10.1007/s11468-024-02492-1,active,2026-08-27T00:30:00Z,2026-08-27T18:50:55.444415Z
mapping:44292523d51b513f7a9c,curated:6e6c7c4645ed4af43a61,Enhancing Sensing and Imaging Capabilities Through Surface Plasmon Resonance for Deepfake Image Detection,2025,10.1007/s11468-024-02492-1,https://openalex.org/W4402322120,"Department of Technical Education, Uttar Pradesh",institution:96dd3389141fcf35,,Digvijay Pandey,4,3,"Department of Technical Education, Kanpur, Uttar Pradesh, India",,,,,,Verified structured author-affiliation metadata: https://link.springer.com/article/10.1007/s11468-024-02492-1,active,2026-08-27T00:30:00Z,2026-08-27T18:50:55.444416Z
mapping:fcbcfbbae3d83b0fc37e,curated:a0c532923fe10a4ee7c0,Enhancing Deepfake Detection with Diversified Self-Blending Images and Residuals,2024,10.1109/access.2024.3382196,https://openalex.org/W4393217303,Academy of Broadcasting Science,institution:61adfe1cfbad3b19,location:61adfe1cfbad3b19608f,Qingtong Liu; Ziyu Xue; Haitao Liu,1; 2; 3,1,"Academy of Broadcasting Science, NRTA, Beijing, China",,,,,,Verified structured author-affiliation metadata: https://doaj.org/article/119351797e28470998c905b4426d63e1,active,2026-08-27T00:30:00Z,2026-08-27T00:30:00Z
mapping:c9139a042858068c242c,curated:a0c532923fe10a4ee7c0,Enhancing Deepfake Detection with Diversified Self-Blending Images and Residuals,2024,10.1109/access.2024.3382196,https://openalex.org/W4393217303,"Beijing IrisKing Co., Ltd.",institution:1f939a5a9221dfb6,,Jing Liu,4,2,"Beijing IrisKing Company Ltd., Beijing, China",,,,,,Verified structured author-affiliation metadata: https://doaj.org/article/119351797e28470998c905b4426d63e1,active,2026-08-27T00:30:00Z,2026-08-27T00:30:00Z
mapping:deakin-waurn-ponds-20260827,curated:c071c25bc2957d78569b,Deep Learning for Deepfakes Creation and Detection: A Survey,2022,10.1016/j.cviu.2022.103525,https://openalex.org/W3045755384,Deakin University,institution:30e93da233b7eeef,location:bfdefcac4b1b178d6d63,Saeid Nahavandi,6,4,"Institute for Intelligent Systems Research and Innovation, Deakin University, Victoria, Australia",,Waurn Ponds,Australia,-38.1989397,144.2969971,Visually verified formal publication: https://research-repository.griffith.edu.au/server/api/core/bitstreams/9047c38e-4092-41fe-a8e7-e73d74b6d891/content,active,2026-08-27T11:30:00Z,2026-08-27T18:55:26.193756Z
mapping:7b3e580c7133d150e40d,curated:c071c25bc2957d78569b,Deep Learning for Deepfakes Creation and Detection: A Survey,2022,10.1016/j.cviu.2022.103525,https://openalex.org/W3045755384,Griffith University,institution:866f00322aa693b8,,Quoc Viet Hung Nguyen,2,2,"School of Information and Communication Technology, Griffith University, Queensland, Australia",,,,,,Visually verified formal publication: https://research-repository.griffith.edu.au/server/api/core/bitstreams/9047c38e-4092-41fe-a8e7-e73d74b6d891/content,active,2026-08-27T18:55:25Z,2026-08-27T18:55:26.193760Z
mapping:27618b8da3c3e6c1b003,curated:c071c25bc2957d78569b,Deep Learning for Deepfakes Creation and Detection: A Survey,2022,10.1016/j.cviu.2022.103525,https://openalex.org/W3045755384,Kumoh National Institute of Technology,institution:845768c6b2d48f68,location:940d31d28b1c4cb7c094,Thien Huynh-The,5,3,"ICT Convergence Research Center, Kumoh National Institute of Technology, Gyeongbuk, Republic of Korea",,Gumi,South Korea,36.148713,128.3932287,Visually verified formal publication: https://research-repository.griffith.edu.au/server/api/core/bitstreams/9047c38e-4092-41fe-a8e7-e73d74b6d891/content,active,2026-08-27T18:55:25Z,2026-08-28T01:08:59.760820Z
mapping:3ccd22bfe50f3c185660,curated:c071c25bc2957d78569b,Deep Learning for Deepfakes Creation and Detection: A Survey,2022,10.1016/j.cviu.2022.103525,https://openalex.org/W3045755384,Ho Chi Minh City University of Technology (HUTECH),institution:6ed8b18e4c077bfc,,Thanh Tam Nguyen,7,5,"Faculty of Information Technology, Ho Chi Minh City University of Technology (HUTECH), Ho Chi Minh City, Vietnam",,,,,,Visually verified formal publication: https://research-repository.griffith.edu.au/server/api/core/bitstreams/9047c38e-4092-41fe-a8e7-e73d74b6d891/content,active,2026-08-27T18:55:25Z,2026-08-27T18:55:26.193764Z
mapping:ff5a05296dbb2552e5cb,curated:c071c25bc2957d78569b,Deep Learning for Deepfakes Creation and Detection: A Survey,2022,10.1016/j.cviu.2022.103525,https://openalex.org/W3045755384,Pusan National University,institution:70691539bab41121,location:8b0d3d78c13255cc8060,Quoc-Viet Pham,8,6,"Korean Southeast Center for the 4th Industrial Revolution Leader Education, Pusan National University, Busan, Republic of Korea",,Busan,South Korea,35.2343498,129.0784068,https://research-repository.griffith.edu.au/server/api/core/bitstreams/9047c38e-4092-41fe-a8e7-e73d74b6d891/content | https://d-www.pusan.ac.kr/eng/CMS/Contents/Contents.do?mCode=MN053 | https://www.openstreetmap.org/way/472067907,active,2026-08-27T18:55:26Z,2026-08-30T12:00:00Z
mapping:599c44d0adaf713862f4,curated:c071c25bc2957d78569b,Deep Learning for Deepfakes Creation and Detection: A Survey,2022,10.1016/j.cviu.2022.103525,https://openalex.org/W3045755384,Polytechnic University of Hauts-de-France,institution:1e2fe2432a089705,location:1e2fe2432a0897054ff4,Cuong M. Nguyen,9,7,"LAMIH UMR CNRS 8201, Universite Polytechnique Hauts-de-France, Valenciennes, France",,Valenciennes,France,50.325,3.511,Visually verified formal publication: https://research-repository.griffith.edu.au/server/api/core/bitstreams/9047c38e-4092-41fe-a8e7-e73d74b6d891/content,active,2026-08-27T18:55:26Z,2026-08-27T18:55:26.193767Z
mapping:6b3e23f978997d60bf1d,curated:53154d830e337fce1fad,A Deepfake Image Detection Method Based on a Multi-Graph Attention Network,2025,10.3390/electronics14030482,https://openalex.org/W4406867188,Chongqing University of Science and Technology,institution:2f4b9adadf7f5004,,Guorong Chen; Chongling Du; Yu Yuan; Hong Hu; Hongjun Duan; Huazheng Zhu,,1,"School of Intelligent Technology and Engineering, Chongqing University of Science and Technology, No. 20, Daxuecheng East Road, Shapingba District, Chongqing 401331, China",,,,,,manually_confirmed,active,2026-08-28T13:03:36Z,2026-08-28T13:03:36Z
mapping:cb848a610da9e7faac16,curated:a8c1c259e7b7346bb2d1,Unmasking AI-Created Visual Content: A Review of Generated Images and Deepfake Detection Technologies,2025,10.1007/s44443-025-00154-8,https://openalex.org/W4412810251,Shandong University,institution:b3d626f58155d650,location:b3d626f58155d65088af,Yupeng Zhang; Zongwei Pang; Shanyuan Huang; Chengyou Wang; Xiao Zhou,,1,"School of Mechanical, Electrical and Information Engineering, Shandong University, Weihai, 264209, China",,Jinan,China,36.6753,117.0589,manually_confirmed,active,2026-08-28T13:06:44Z,2026-08-28T13:06:44Z
mapping:d08e1205005bf3ed2041,openalex:W4402727598,LaRE<sup>2</sup>: Latent Reconstruction Error Based Method for Diffusion-Generated Image Detection,2024,10.1109/cvpr52733.2024.01609,https://openalex.org/W4402727598,Tencent Youtu Lab,institution:3e78e883c14f8bb8,location:3e78e883c14f8bb839b1,Yunpeng Luo; Junlong Du; Ke Yan; Shouhong Ding,,1,Tencent YouTu Lab,,Shanghai,China,31.1836,121.4502,manually_confirmed,active,2026-08-28T13:42:36Z,2026-08-28T13:42:36Z
mapping:065db4c4c6efa576d90e,curated:4f53748fb43c13e3fc32,A Hybrid CLIP-Diffusion Architecture for Transparent Deepfake Detection and Explainability Evaluation,2026,,,Fraunhofer IOSB,institution:ac2070f8a298bac2,location:bff7bf588b07f29b5fbb,Andreas Specker; Manjunatha Veerappa; Thomas Golda; Nadia Burkart,1; 2; 3; 4,1,"Fraunhofer IOSB, Karlsruhe, Germany",,Karlsruhe,Germany,49.01464,8.42599,https://openaccess.thecvf.com/content/CVPR2026W/SAFE/papers/Specker_A_Hybrid_CLIP-Diffusion_Architecture_for_Transparent_Deepfake_Detection_and_Explainability_CVPRW_2026_paper.pdf#page=1 | https://www.iosb.fraunhofer.de/en/about-us/sites/karlsruhe-site.html | https://www.openstreetmap.org/?mlat=49.01464&mlon=8.42599,active,2026-08-28T22:49:12Z,2026-08-30T12:00:00Z
mapping:8d3fa7d98587fd34883d,curated:4f53748fb43c13e3fc32,A Hybrid CLIP-Diffusion Architecture for Transparent Deepfake Detection and Explainability Evaluation,2026,,,Federal Office for Information Security,institution:9a7735d85c857b40,,Dominik Alveen; Anna Wilhelm,5; 6,2,"BSI, Saarbrücken, Germany",,Saarbrücken,Germany,,,https://openaccess.thecvf.com/content/CVPR2026W/SAFE/papers/Specker_A_Hybrid_CLIP-Diffusion_Architecture_for_Transparent_Deepfake_Detection_and_Explainability_CVPRW_2026_paper.pdf#page=1 | Official BSI organization and office pages identify BSI as the Federal Office for Information Security and confirm a Saarbrücken office; exact publication-site coordinates remain unresolved.,active,2026-08-28T22:49:12Z,2026-08-30T00:00:00Z
mapping:a1c2c1da4b160df0c2a9,curated:4f53748fb43c13e3fc32,A Hybrid CLIP-Diffusion Architecture for Transparent Deepfake Detection and Explainability Evaluation,2026,,,Fraunhofer Center for Machine Learning,institution:b77fd041ca0a61be,,Andreas Specker; Manjunatha Veerappa; Thomas Golda; Nadia Burkart,1; 2; 3; 4,3,Fraunhofer Center for Machine Learning,,,,,,https://openaccess.thecvf.com/content/CVPR2026W/SAFE/papers/Specker_A_Hybrid_CLIP-Diffusion_Architecture_for_Transparent_Deepfake_Detection_and_Explainability_CVPRW_2026_paper.pdf#page=1,active,2026-08-28T22:49:12Z,2026-08-30T12:00:00Z
mapping:4f0b22f248adde107b2a,curated:ce21a7aa219b08d1b81a,Beyond Backbones: Degradation-Aware Prototype Fusion for Robust Deepfake Detection,2026,,,Indian Institute of Technology Mandi,institution:0c014e2f36e84d1b,location:d787cd26837c5fb7d191,Aashish Negi; Hardik Sharma; Praful Hambarde; Amit Shukla,1; 2; 7; 8,1,"Indian Institute of Technology Mandi, India",,Mandi,India,31.7063321,76.9385693,https://openaccess.thecvf.com/content/CVPR2026W/NTIRE/papers/Negi_Beyond_Backbones_Degradation-Aware_Prototype_Fusion_for_Robust_Deepfake_Detection_CVPRW_2026_paper.pdf#page=1,active,2026-08-28T22:49:12Z,2026-08-28T22:49:12Z
mapping:e55e0428d7112c4ad4ed,curated:ce21a7aa219b08d1b81a,Beyond Backbones: Degradation-Aware Prototype Fusion for Robust Deepfake Detection,2026,,,Reagvis Labs Pvt. Ltd.,institution:d526409d3c10f4a6,location:c9bb207a2956f10fb967,Prateek Shaily; Jayant Kumar,3; 4,2,"Reagvis Labs Pvt. Ltd., India",,Dehradun,India,30.315,78.0029,https://openaccess.thecvf.com/content/CVPR2026W/NTIRE/papers/Negi_Beyond_Backbones_Degradation-Aware_Prototype_Fusion_for_Robust_Deepfake_Detection_CVPRW_2026_paper.pdf#page=1,active,2026-08-28T22:49:12Z,2026-08-28T22:49:12Z
mapping:383d02b6476b0835d2ed,curated:ce21a7aa219b08d1b81a,Beyond Backbones: Degradation-Aware Prototype Fusion for Robust Deepfake Detection,2026,,,University of Petroleum and Energy Studies,institution:018c503420feda75,location:2819aae0d950b5d6e704,Sachin Chaudhary,5,3,"COE:AI, School of Computer Science, UPES Dehradun, India",,Dehradun,India,30.41717,77.96819,https://openaccess.thecvf.com/content/CVPR2026W/NTIRE/papers/Negi_Beyond_Backbones_Degradation-Aware_Prototype_Fusion_for_Robust_Deepfake_Detection_CVPRW_2026_paper.pdf#page=1,active,2026-08-28T22:49:12Z,2026-08-28T22:49:12Z
mapping:9adc0cdbbbbfc1eba4d4,curated:ce21a7aa219b08d1b81a,Beyond Backbones: Degradation-Aware Prototype Fusion for Robust Deepfake Detection,2026,,,Mohamed bin Zayed University of Artificial Intelligence,institution:f04b96a9716ab2f4,location:f04b96a9716ab2f49ddf,Akshay Dudhane,6,4,"MBZUAI, Abu Dhabi",,Abu Dhabi,United Arab Emirates,24.4329,54.6178,https://openaccess.thecvf.com/content/CVPR2026W/NTIRE/papers/Negi_Beyond_Backbones_Degradation-Aware_Prototype_Fusion_for_Robust_Deepfake_Detection_CVPRW_2026_paper.pdf#page=1,active,2026-08-28T22:49:12Z,2026-08-28T22:49:12Z
mapping:7866183f28f536eb0ec7,curated:417b1f4f681de2a47dbf,Detecting Compressed AI-Generated Images via Phase Spectrum Robustness,2026,,,Shenzhen Campus of Sun Yat-sen University,institution:9ab7959736f7be0d,location:9ab7959736f7be0d,Kai Li; Wenqi Ren; Wei Wang; Xiaochun Cao,1; 2; 3; 4,1,Shenzhen Campus of Sun Yat-sen University,,Shenzhen,China,22.80335,113.95019,https://openaccess.thecvf.com/content/CVPR2026/papers/Li_Detecting_Compressed_AI-Generated_Images_via_Phase_Spectrum_Robustness_CVPR_2026_paper.pdf#page=1,active,2026-08-28T22:49:12Z,2026-08-28T22:49:12Z
mapping:6ad527e368b2d4dbbebd,curated:417b1f4f681de2a47dbf,Detecting Compressed AI-Generated Images via Phase Spectrum Robustness,2026,,,Guangdong Key Laboratory of Information Security Technology,institution:7c524d46ad18eab1,,Wenqi Ren,2,2,Guangdong Key Laboratory of Information Security Technology,,,,,,https://openaccess.thecvf.com/content/CVPR2026/papers/Li_Detecting_Compressed_AI-Generated_Images_via_Phase_Spectrum_Robustness_CVPR_2026_paper.pdf#page=1 | New institution/lab identity and coordinates require Admin review; no parent-organization merge or location inferred.,needs_review,2026-08-28T22:49:12Z,2026-08-28T22:49:12Z
mapping:0f4731bd4fa10c31b76b,curated:417b1f4f681de2a47dbf,Detecting Compressed AI-Generated Images via Phase Spectrum Robustness,2026,,,Shenzhen Key Laboratory of Adversarial Artificial Intelligence,institution:28d73eced8e30027,,Wenqi Ren; Xiaochun Cao,2; 4,3,Shenzhen Key Laboratory of Adversarial Artificial Intelligence,,Shenzhen,China,,,https://openaccess.thecvf.com/content/CVPR2026/papers/Li_Detecting_Compressed_AI-Generated_Images_via_Phase_Spectrum_Robustness_CVPR_2026_paper.pdf#page=1 | New institution/lab identity and coordinates require Admin review; no parent-organization merge or location inferred.,needs_review,2026-08-28T22:49:12Z,2026-08-28T22:49:12Z
mapping:ad7ec6d5da53fec58ef8,curated:10b24e1d35ca792385ac,Exploiting the Source-Asymmetry Confidence Gap for Generalizable AI-Generated Image Detection,2026,,,Sun Yat-sen University,institution:5c85faa51cc57a24,,Ziyang Zheng; Weiyan Chen; Yao Xiao; Zijie Cao; Dongyu Zhang; Pengxu Wei,1; 2; 3; 4; 5; 6,1,"School of Computer Science and Engineering, Sun Yat-Sen University",,,China,,,https://openaccess.thecvf.com/content/CVPR2026F/papers/Zheng_Exploiting_the_Source-Asymmetry_Confidence_Gap_for_Generalizable_AI-Generated_Image_Detection_CVPRF_2026_paper.pdf#page=1 | https://cse.sysu.edu.cn/en/about/introduction,active,2026-08-28T22:49:13Z,2026-08-30T12:00:00Z
mapping:e935f7693377562589aa,curated:e29203ef9599b73d8733,CoDA: Color Distribution Probing for Efficient and Generalizable AI-Generated Image Detection,2026,10.1109/tpami.2026.3696399,,Tencent WeChat AI,institution:99ad701067db0680,,Zexi Jia; Zhiqiang Yuan; Xiaoyue Duan; Jinchao Zhang; Jie Zhou,1; 2; 3; 4; 5,1,"Tencent WeChat AI, Beijing, China",,Beijing,China,,,https://arxiv.org/pdf/2605.24306#page=1,active,2026-08-28T22:49:13Z,2026-08-30T12:00:00Z
mapping:33e7664e25ae21f3ccc9,curated:e29203ef9599b73d8733,CoDA: Color Distribution Probing for Efficient and Generalizable AI-Generated Image Detection,2026,10.1109/tpami.2026.3696399,,Michigan State University,institution:cd887bf808040e61,location:cd887bf808040e615ec9,Anil K. Jain,6,2,"Department of Computer Science and Engineering, Michigan State University, East Lansing, MI, USA",,East Lansing,United States,42.7023794,-84.4803869,https://api.crossref.org/works/10.1109/tpami.2026.3696399,active,2026-08-28T22:49:13Z,2026-08-28T22:49:13Z
mapping:e2dde8c0e167fbfd1d2e,curated:1babf622ee5d19e20e1a,UniGenDet: A Unified Generative-Discriminative Framework for Co-Evolutionary Image Generation and Generated Image Detection,2026,,,Tsinghua University,institution:4ae45b121fe12e9c,location:4ae45b121fe12e9c10b4,Yanran Zhang; Wenzhao Zheng; Yifei Li; Bingyao Yu; Yu Zheng; Lei Chen; Jiwen Lu; Jie Zhou,1; 2; 3; 4; 5; 6; 7; 8,1,"Department of Automation, Tsinghua University, China",,Beijing,China,40.0007,116.3267,https://openaccess.thecvf.com/content/CVPR2026/papers/Zhang_UniGenDet_A_Unified_Generative-Discriminative_Framework_for_Co-Evolutionary_Image_Generation_and_CVPR_2026_paper.pdf#page=1,active,2026-08-28T22:49:13Z,2026-08-28T22:49:13Z
mapping:4d86c9a59dea37ca8dd6,curated:a1926ecb09e1e945bbad,Diversity over Uniformity: Rethinking Representation in Generated Image Detection,2026,,,Chongqing University of Posts and Telecommunications,institution:7e10613327a4e264,location:7e10613327a4e264467e,Qinghui He; Haifeng Zhang; Qiao Qin; Bo Liu; Xiuli Bi; Bin Xiao,1; 2; 3; 4; 5; 6,1,"Chongqing Key Laboratory of Image Cognition, Chongqing University of Posts and Telecommunications, Chongqing, China",,Chongqing,China,29.5315,106.6043,https://openaccess.thecvf.com/content/CVPR2026/papers/He_Diversity_over_Uniformity_Rethinking_Representation_in_Generated_Image_Detection_CVPR_2026_paper.pdf#page=1,active,2026-08-28T22:49:13Z,2026-08-28T22:49:13Z
mapping:571224433853b7800557,curated:a1926ecb09e1e945bbad,Diversity over Uniformity: Rethinking Representation in Generated Image Detection,2026,,,Chongqing University of Posts and Telecommunications,institution:7e10613327a4e264,location:7e10613327a4e264467e,Qinghui He; Haifeng Zhang; Qiao Qin,1; 2; 3,2,School of Computer Science and Technology,,Chongqing,China,29.5315,106.6043,https://openaccess.thecvf.com/content/CVPR2026/papers/He_Diversity_over_Uniformity_Rethinking_Representation_in_Generated_Image_Detection_CVPR_2026_paper.pdf#page=1,active,2026-08-28T22:49:13Z,2026-08-28T22:49:13Z
mapping:39bb1981f7700fd03f49,curated:a1926ecb09e1e945bbad,Diversity over Uniformity: Rethinking Representation in Generated Image Detection,2026,,,Chongqing University of Posts and Telecommunications,institution:7e10613327a4e264,location:7e10613327a4e264467e,Bo Liu; Xiuli Bi,4; 5,3,"School of Artificial Intelligence, Chongqing University of Posts and Telecommunications",,Chongqing,China,29.5315,106.6043,https://openaccess.thecvf.com/content/CVPR2026/papers/He_Diversity_over_Uniformity_Rethinking_Representation_in_Generated_Image_Detection_CVPR_2026_paper.pdf#page=1 | https://faculty.cqupt.edu.cn/chs/en/index.htm,active,2026-08-28T22:49:13Z,2026-08-30T12:00:00Z
mapping:393bc402801b7bc0dac6,curated:a1926ecb09e1e945bbad,Diversity over Uniformity: Rethinking Representation in Generated Image Detection,2026,,,"Jinan Inspur Data Technology Co., Ltd.",institution:c8f057a432754e98,,Bin Xiao,6,4,"Jinan Inspur Data Technology Co., Ltd., Jinan, China",,Jinan,China,,,https://openaccess.thecvf.com/content/CVPR2026/papers/He_Diversity_over_Uniformity_Rethinking_Representation_in_Generated_Image_Detection_CVPR_2026_paper.pdf#page=1 | New institution/lab identity and coordinates require Admin review; no parent-organization merge or location inferred.,needs_review,2026-08-28T22:49:13Z,2026-08-28T22:49:13Z
mapping:3a224e41ade34f2762ab,curated:b8a42f43802c4fbb3cad,ForenDeX: Unlocking Forensic Insights for Explainable AI-Generated Image Detection,2026,,,Beijing Jiaotong University,institution:bf6195b78f6dc951,location:bf6195b78f6dc9516f3e,Chuangchuang Tan; Renshuai Tao; Yunchao Wei; Yao Zhao,1; 4; 5; 6,1,"Institute of Information Science, Beijing Jiaotong University",,Beijing,China,39.959,116.348,https://openaccess.thecvf.com/content/CVPR2026F/papers/Tan_ForenDeX_Unlocking_Forensic_Insights_for_Explainable_AI-Generated_Image_Detection_CVPRF_2026_paper.pdf#page=1,active,2026-08-28T22:49:13Z,2026-08-28T22:49:13Z
mapping:47ebcf6d2f04436c400c,curated:b8a42f43802c4fbb3cad,ForenDeX: Unlocking Forensic Insights for Explainable AI-Generated Image Detection,2026,,,Visual Intelligence +X International Cooperation Joint Laboratory of MOE,institution:13bd816e4b457f40,,Chuangchuang Tan; Renshuai Tao; Yunchao Wei; Yao Zhao,1; 4; 5; 6,2,Visual Intellgence +X International Cooperation Joint Laboratory of MOE,,,,,,https://openaccess.thecvf.com/content/CVPR2026F/papers/Tan_ForenDeX_Unlocking_Forensic_Insights_for_Explainable_AI-Generated_Image_Detection_CVPRF_2026_paper.pdf#page=1 | New institution/lab identity and coordinates require Admin review; no parent-organization merge or location inferred.,needs_review,2026-08-28T22:49:13Z,2026-08-28T22:49:13Z
mapping:c68da7382959b583e394,curated:b8a42f43802c4fbb3cad,ForenDeX: Unlocking Forensic Insights for Explainable AI-Generated Image Detection,2026,,,Microsoft Research Asia,institution:7b971ad17fd639eb,location:7b971ad17fd639eb8aac,Chuangchuang Tan; Jinglu Wang; Xiang Ming; Yan Lu,1; 2; 3; 7,3,Microsoft Research Asia,,Beijing,China,39.979967,116.310281,https://openaccess.thecvf.com/content/CVPR2026F/papers/Tan_ForenDeX_Unlocking_Forensic_Insights_for_Explainable_AI-Generated_Image_Detection_CVPRF_2026_paper.pdf#page=1,active,2026-08-28T22:49:13Z,2026-08-28T22:49:13Z
mapping:495827ef2ecac5603830,curated:ce36039d47fbcb9e4e7b,ReAlign: Generalizable Image Forgery Detection via Reasoning-Aligned Representation,2026,,,Peking University,institution:46e4866d3b2954ab,location:46e4866d3b2954ab314b,Qing Huang; Zhipei Xu; Xuanyu Zhang; Jian Zhang,1; 2; 3; 5,1,"School of Electronic and Computer Engineering, Peking University",,Beijing,China,39.9928,116.3058,https://openaccess.thecvf.com/content/CVPR2026/papers/Huang_ReAlign_Generalizable_Image_Forgery_Detection_via_Reasoning-Aligned_Representation_CVPR_2026_paper.pdf#page=1,active,2026-08-28T22:49:14Z,2026-08-30T14:39:43Z
mapping:53eea943b8bec86d8b01,curated:ce36039d47fbcb9e4e7b,ReAlign: Generalizable Image Forgery Detection via Reasoning-Aligned Representation,2026,,,South China University of Technology,institution:3e9b289ae248f660,location:3e9b289ae248f6600cee,Qing Huang,1,2,"School of Future Technology, South China University of Technology",,Guangzhou,China,23.151,113.349,https://openaccess.thecvf.com/content/CVPR2026/papers/Huang_ReAlign_Generalizable_Image_Forgery_Detection_via_Reasoning-Aligned_Representation_CVPR_2026_paper.pdf#page=1,active,2026-08-28T22:49:14Z,2026-08-28T22:49:14Z
mapping:cb6bbcc17d500dd8a300,curated:ce36039d47fbcb9e4e7b,ReAlign: Generalizable Image Forgery Detection via Reasoning-Aligned Representation,2026,,,South China University of Technology,institution:3e9b289ae248f660,location:3e9b289ae248f6600cee,Xiangyu Yu,4,3,"School of Electronic and Information Engineering, South China University of Technology",,Guangzhou,China,23.151,113.349,https://openaccess.thecvf.com/content/CVPR2026/papers/Huang_ReAlign_Generalizable_Image_Forgery_Detection_via_Reasoning-Aligned_Representation_CVPR_2026_paper.pdf#page=1,active,2026-08-28T22:49:14Z,2026-08-28T22:49:14Z
mapping:5d23fba32506a7a93dea,curated:ce36039d47fbcb9e4e7b,ReAlign: Generalizable Image Forgery Detection via Reasoning-Aligned Representation,2026,,,Peking University Shenzhen Graduate School,institution:6346b1a9c3b5ccd7,location:6346b1a9c3b5ccd791ab,Jian Zhang,5,4,"Guangdong Provincial Key Laboratory of Ultra High Definition Immersive Media Technology, Shenzhen Graduate School, Peking University",,Shenzhen,China,22.5996,113.9733,https://openaccess.thecvf.com/content/CVPR2026/papers/Huang_ReAlign_Generalizable_Image_Forgery_Detection_via_Reasoning-Aligned_Representation_CVPR_2026_paper.pdf#page=1,active,2026-08-28T22:49:14Z,2026-08-28T22:49:14Z
mapping:ab0af640471ad744f380,curated:e239bf15b520c1f8c9e9,SAIDO: Generalizable Detection of AI-Generated Images via Scene-Aware and Importance-Guided Dynamic Optimization in Continual Learning,2026,,,East China Normal University,institution:a8d8c5fe60be3e65,location:a8d8c5fe60be3e652f83,Yongkang Hu; Yu Cheng; Yushuo Zhang; Yuan Xie; Zhaoxia Yin,1; 2; 3; 4; 5,1,"East China Normal University, Shanghai, China",,Shanghai,China,31.2286,121.4079,https://openaccess.thecvf.com/content/CVPR2026/papers/Hu_SAIDO_Generalizable_Detection_of_AI-Generated_Images_via_Scene-Aware_and_Importance-Guided_CVPR_2026_paper.pdf#page=1,active,2026-08-28T22:49:14Z,2026-08-28T22:49:14Z
mapping:840af7a92b579fe424ee,curated:e239bf15b520c1f8c9e9,SAIDO: Generalizable Detection of AI-Generated Images via Scene-Aware and Importance-Guided Dynamic Optimization in Continual Learning,2026,,,Shanghai Innovation Institute,institution:9a0d85eff850f04a,location:9a0d85eff850f04ac312,Yu Cheng; Yuan Xie,2; 4,2,"Shanghai Innovation Institute, Shanghai, China",,Shanghai,China,31.1376,121.4476,https://openaccess.thecvf.com/content/CVPR2026/papers/Hu_SAIDO_Generalizable_Detection_of_AI-Generated_Images_via_Scene-Aware_and_Importance-Guided_CVPR_2026_paper.pdf#page=1,active,2026-08-28T22:49:14Z,2026-08-28T22:49:14Z
mapping:2543062a3b3408b772ec,curated:69dbedc9fd032cbd190b,Editprint: General Digital Image Forensics via Editing Fingerprint with Self-Augmentation Training,2026,,,University of Electronic Science and Technology of China,institution:5fc8d686887fa82a,location:7942988127caeaef5f36,Haiwei Wu,1,1,"School of Computer Science and Engineering, University of Electronic Science and Technology of China",,Chengdu,China,30.7534211,103.9294024,https://openaccess.thecvf.com/content/CVPR2026/papers/Wu_Editprint_General_Digital_Image_Forensics_via_Editing_Fingerprint_with_Self-Augmentation_CVPR_2026_paper.pdf#page=1,active,2026-08-28T22:49:14Z,2026-08-28T22:49:14Z
mapping:462d64a46b2b70ef0ad9,curated:69dbedc9fd032cbd190b,Editprint: General Digital Image Forensics via Editing Fingerprint with Self-Augmentation Training,2026,,,University of Macau,institution:53e6219d595780e3,location:53e6219d595780e300c1,Kemou Li; Jiantao Zhou,2; 4,2,"State Key Laboratory of Internet of Things for Smart City, University of Macau",,Macau,China,22.1284604,113.5438378,https://openaccess.thecvf.com/content/CVPR2026/papers/Wu_Editprint_General_Digital_Image_Forensics_via_Editing_Fingerprint_with_Self-Augmentation_CVPR_2026_paper.pdf#page=1,active,2026-08-28T22:49:14Z,2026-08-28T22:49:14Z
mapping:861a5d0d7f70edadc406,curated:69dbedc9fd032cbd190b,Editprint: General Digital Image Forensics via Editing Fingerprint with Self-Augmentation Training,2026,,,Shenzhen University,institution:ad9c8964d01f80d8,location:ad9c8964d01f80d86e66,Yuanman Li,3,3,"Guangdong Key Laboratory of Intelligent Information Processing, Shenzhen University",,Shenzhen,China,22.5411039,113.9389034,https://openaccess.thecvf.com/content/CVPR2026/papers/Wu_Editprint_General_Digital_Image_Forensics_via_Editing_Fingerprint_with_Self-Augmentation_CVPR_2026_paper.pdf#page=1,active,2026-08-28T22:49:14Z,2026-08-28T22:49:14Z
mapping:5ce06dc81f3ad8a04dab,curated:adf8025bbe37e5e601cd,Enabling Supervised Learning of Generative Signatures for Generalized AI-Generated Images Detection,2026,,,University of Florence,institution:42fcf4ae44e1a706,location:42fcf4ae44e1a706454c,Jianwei Fei; Alessandro Piva,1; 5,1,"Department of Information Engineering, University of Florence, Florence, Italy",,Florence,Italy,43.7779,11.2591,https://openaccess.thecvf.com/content/CVPR2026/papers/Fei_Enabling_Supervised_Learning_of_Generative_Signatures_for_Generalized_AI-Generated_Images_CVPR_2026_paper.pdf#page=1,active,2026-08-28T22:49:14Z,2026-08-28T22:49:14Z
mapping:ffeab28710cca78f5ee0,curated:adf8025bbe37e5e601cd,Enabling Supervised Learning of Generative Signatures for Generalized AI-Generated Images Detection,2026,,,Shenzhen Campus of Sun Yat-sen University,institution:9ab7959736f7be0d,location:9ab7959736f7be0d,Yunshu Dai,2,2,"School of Cyber Science and Technology, Sun Yat-sen University, Shenzhen, China",,Shenzhen,China,22.80335,113.95019,https://openaccess.thecvf.com/content/CVPR2026/papers/Fei_Enabling_Supervised_Learning_of_Generative_Signatures_for_Generalized_AI-Generated_Images_CVPR_2026_paper.pdf#page=1,active,2026-08-28T22:49:14Z,2026-08-28T22:49:14Z
mapping:3ce09e5fe7f2e9e0fd11,curated:adf8025bbe37e5e601cd,Enabling Supervised Learning of Generative Signatures for Generalized AI-Generated Images Detection,2026,,,Jinan University,institution:8632718a2c1444c6,location:8632718a2c1444c6cc38,Xiaoyu Zhou; Zhihua Xia,3; 4,3,"College of Cyber Security, Jinan University, Guangzhou, China",,Guangzhou,China,23.1335,113.3419,https://openaccess.thecvf.com/content/CVPR2026/papers/Fei_Enabling_Supervised_Learning_of_Generative_Signatures_for_Generalized_AI-Generated_Images_CVPR_2026_paper.pdf#page=1,active,2026-08-28T22:49:14Z,2026-08-28T22:49:14Z
mapping:67b94bb18ca8239c9bbb,curated:985a663b6aa851a89f6c,PPM-CLIP: Probabilistic Prompt Modeling for Generalizable AI-Generated Image Detection,2026,,,Xiamen University,institution:929ddef9540ec1e7,location:929ddef9540ec1e76a47,Xinyuan Wang; Yingxin Lai; Zhiming Luo,1; 2; 3,1,"Department of Artificial Intelligence, Xiamen University, Xiamen, China",,Xiamen,China,24.4389,118.0947,https://openaccess.thecvf.com/content/CVPR2026/papers/Wang_PPM-CLIP_Probabilistic_Prompt_Modeling_for_Generalizable_AI-Generated_Image_Detection_CVPR_2026_paper.pdf#page=1,active,2026-08-28T22:49:14Z,2026-08-28T22:49:14Z
mapping:73fa24d4a95b514614ac,curated:985a663b6aa851a89f6c,PPM-CLIP: Probabilistic Prompt Modeling for Generalizable AI-Generated Image Detection,2026,,,Xiamen University,institution:929ddef9540ec1e7,location:929ddef9540ec1e76a47,Zhiming Luo,3,2,"Key Laboratory of Multimedia Trusted Perception and Efficient Computing, Ministry of Education of China, Xiamen University, Xiamen, China",,Xiamen,China,24.4389,118.0947,https://openaccess.thecvf.com/content/CVPR2026/papers/Wang_PPM-CLIP_Probabilistic_Prompt_Modeling_for_Generalizable_AI-Generated_Image_Detection_CVPR_2026_paper.pdf#page=1,active,2026-08-28T22:49:14Z,2026-08-28T22:49:14Z
mapping:a983e21a5b6818a7d5de,curated:985a663b6aa851a89f6c,PPM-CLIP: Probabilistic Prompt Modeling for Generalizable AI-Generated Image Detection,2026,,,Truesight Technology Co. Ltd,institution:5839630406e565cf,,Zhihui Liu,4,3,"Truesight Technology Co. Ltd, Xiamen, China",,Xiamen,China,,,https://openaccess.thecvf.com/content/CVPR2026/papers/Wang_PPM-CLIP_Probabilistic_Prompt_Modeling_for_Generalizable_AI-Generated_Image_Detection_CVPR_2026_paper.pdf#page=1,active,2026-08-28T22:49:15Z,2026-08-30T12:00:00Z
mapping:aba049b98048703fe58f,curated:b460935b64c35e1d074a,Prior-Conditioned Gaussian Discriminants for Generalizable AI-Generated Image Detection,2026,10.48550/arXiv.2608.18523,,Sakana AI,institution:ac123e56b0168ec2,,Shashank Kotyan; Makoto Shing; Yuki Imajuku; Rujikorn Charakorn; Tarin Clanuwat,1; 2; 3; 4; 5,1,"Sakana AI, Tokyo, Japan",,Tokyo,Japan,,,https://arxiv.org/pdf/2608.18523v1#page=1 | New canonical institution; location/coordinates require Admin review. No campus or coordinates guessed.,needs_review,2026-08-28T23:10:55Z,2026-08-28T23:10:55Z
mapping:3b62a7b4795fac96b5e6,curated:7a5ce57b121b69752867,LoRC: Detecting AI-Generated Images via Low-Rank Collapse in Semantic Residuals,2026,10.48550/arXiv.2608.20882,,Shanghai Jiao Tong University,institution:fccd5d0ac9cc52f9,location:fccd5d0ac9cc52f960f2,Haozhen Yan; Jiahui Zhan; Liqing Zhang; Jianfu Zhang,1; 3; 7; 9,1,"Shanghai Jiao Tong University, China",,Shanghai,China,31.0254,121.4331,https://arxiv.org/pdf/2608.20882v1#page=1,active,2026-08-28T23:10:55Z,2026-08-28T23:10:55Z
mapping:5a2936f0c2d808fc1962,curated:7a5ce57b121b69752867,LoRC: Detecting AI-Generated Images via Low-Rank Collapse in Semantic Residuals,2026,10.48550/arXiv.2608.20882,,Tencent Youtu Lab,institution:3e78e883c14f8bb8,location:3e78e883c14f8bb839b1,Ruoxin Chen; Bo Wang; Youchang Xiao; Shouhong Ding; Taiping Yao,2; 4; 5; 6; 8,2,"Tencent Youtu Lab, China",,Shanghai,China,31.1836,121.4502,https://arxiv.org/pdf/2608.20882v1#page=1,active,2026-08-28T23:10:55Z,2026-08-28T23:10:55Z
mapping:0bb5e583da6600f375c9,curated:24bcb339c197bcb56bb7,REVEAL: Reasoning-Enhanced Forensic Evidence Analysis for Explainable AI-Generated Image Detection,2025,10.48550/arXiv.2511.23158,,Zhejiang University,institution:e433baf78e80004b,location:e433baf78e80004bdaba,Huangsen Cao; Qin Mei; Zhiheng Li; Zhan Meng; Zhimeng Zhang; Yongwei Wang; Fei Wu,1; 2; 3; 5; 8; 10; 12,1,Zhejiang University,,Hangzhou,China,30.3083,120.0867,https://arxiv.org/pdf/2511.23158v2#page=1,active,2026-08-28T23:10:56Z,2026-08-28T23:10:56Z
mapping:d328a328f00b1ea19e93,curated:24bcb339c197bcb56bb7,REVEAL: Reasoning-Enhanced Forensic Evidence Analysis for Explainable AI-Generated Image Detection,2025,10.48550/arXiv.2511.23158,,Tencent Inc.,institution:aa542458d996a5d3,,Yuxi Li; Ying Zhang; Chen Li; Jing Lyu,4; 6; 7; 11,2,"WeChat Vision, Tencent Inc",,,China,,,"https://arxiv.org/pdf/2511.23158v2#page=1 | PDF confirms the authors' WeChat Vision, Tencent Inc. affiliation. The affiliation identity is resolved, but the paper does not identify a city; do not infer Shenzhen from Tencent's headquarters.",active,2026-08-28T23:10:56Z,2026-08-30T00:00:00Z
mapping:b64187a3960f85dc5023,curated:24bcb339c197bcb56bb7,REVEAL: Reasoning-Enhanced Forensic Evidence Analysis for Explainable AI-Generated Image Detection,2025,10.48550/arXiv.2511.23158,,Nanjing University of Information Science and Technology,institution:0af8b0b3be8e7963,location:0af8b0b3be8e7963fda8,Xin Ding,9,3,Nanjing University of Information Science and Technology,,Nanjing,China,32.2072,118.7217,https://arxiv.org/pdf/2511.23158v2#page=1,active,2026-08-28T23:10:56Z,2026-08-28T23:10:56Z
mapping:28b4d5190874fc2fb9a6,curated:8503e319e1f4890c2e28,FAIR: Feature-Augmented Implicit Regularization for AI-Generated Fake Image Detection,2026,10.48550/arXiv.2607.22087,,Deakin University,institution:30e93da233b7eeef,location:c33d30d49f30b6f50b13,Md Redwanul Haque; Manzur Murshed; Tsz-Kwan Lee,1; 2; 4,1,"Deakin University, Burwood, VIC, Australia",,Burwood,Australia,-37.8475136,145.1149474,https://arxiv.org/pdf/2607.22087v1#page=1,active,2026-08-28T23:10:56Z,2026-08-28T23:10:56Z
mapping:594b79d7d8e2f3d82eb2,curated:8503e319e1f4890c2e28,FAIR: Feature-Augmented Implicit Regularization for AI-Generated Fake Image Detection,2026,10.48550/arXiv.2607.22087,,Charles Sturt University,institution:eed925f6c3049512,location:01651cfe68035ef0748f,Manoranjan Paul,3,2,"Charles Sturt University, Bathurst, NSW, Australia",,Bathurst,Australia,-33.430406472398055,149.56494411430373,https://arxiv.org/pdf/2607.22087v1#page=1 | https://about.csu.edu.au/locations/campuses/bathurst,active,2026-08-28T23:10:56Z,2026-08-30T12:00:00Z
mapping:150140cf48f0c6395c64,curated:27627323cfb3f8a48640,Revisiting Deepfake Detection: BCNet for Robust Generalization Beyond Semantic Dependence,2026,,,Beijing Jiaotong University,institution:bf6195b78f6dc951,location:bf6195b78f6dc9516f3e,Jian Yang; Shibo Yao; Renshuai Tao; Chuangchuang Tan; Yao Zhao,1; 2; 3; 4; 5,1,"Institute of Information Science, Beijing Jiaotong University, China",,Beijing,China,39.959,116.348,https://rstao-bjtu.github.io/assets/pdf/ECCV2026_JianYang.pdf#page=1,active,2026-08-28T23:10:56Z,2026-08-28T23:10:56Z
mapping:79a97fd359ad1ec7f801,curated:55bc4360e3d312e696b7,UC-VLM: Consistency-Driven Learning for AI-Generated Image Detection with Vision-Language Large Models,2026,10.48550/arXiv.2608.15238,,National University of Singapore,institution:70ccb485197bbb6c,location:70ccb485197bbb6c89fd,Lei Tan; Shuwei Li; Mohan Kankanhalli; Robby T. Tan,1; 2; 3; 4,1,"National University of Singapore, Singapore",,Singapore,Singapore,1.2959845,103.7766186,https://arxiv.org/pdf/2608.15238v1#page=1,active,2026-08-28T23:10:57Z,2026-08-28T23:10:57Z
mapping:1064d4d634d01f5fdfa8,curated:773aa77291d6869eaad8,Fast and Generalizable AI-Generated Image Detection via Model-Agnostic Feature Reconstruction,2026,,,Chongqing University of Posts and Telecommunications,institution:7e10613327a4e264,location:7e10613327a4e264467e,Qinghui He; Haifeng Zhang; Bo Liu; Yang Wei,1; 2; 3; 4,1,"Chongqing Key Laboratory of Image Cognition, Chongqing University of Posts and Telecommunications, Chongqing, China",,Chongqing,China,29.5315,106.6043,https://ijcai-preprints.s3.us-west-1.amazonaws.com/2026/1359.pdf#page=1,active,2026-08-28T23:10:57Z,2026-08-28T23:10:57Z
mapping:927a3942da7c7afc60ec,curated:773aa77291d6869eaad8,Fast and Generalizable AI-Generated Image Detection via Model-Agnostic Feature Reconstruction,2026,,,Chongqing University of Posts and Telecommunications,institution:7e10613327a4e264,location:7e10613327a4e264467e,Qinghui He; Haifeng Zhang,1; 2,2,School of Computer Science and Technology,,Chongqing,China,29.5315,106.6043,https://ijcai-preprints.s3.us-west-1.amazonaws.com/2026/1359.pdf#page=1,active,2026-08-28T23:10:57Z,2026-08-28T23:10:57Z
mapping:6368f4c9a24d3c4f1814,curated:773aa77291d6869eaad8,Fast and Generalizable AI-Generated Image Detection via Model-Agnostic Feature Reconstruction,2026,,,Chongqing University of Posts and Telecommunications,institution:7e10613327a4e264,location:7e10613327a4e264467e,Bo Liu; Yang Wei,3; 4,3,"School of Artificial Intelligence, Chongqing University of Posts and Telecommunications",,Chongqing,China,29.5315,106.6043,https://ijcai-preprints.s3.us-west-1.amazonaws.com/2026/1359.pdf#page=1 | https://faculty.cqupt.edu.cn/chs/en/index.htm,active,2026-08-28T23:10:57Z,2026-08-30T12:00:00Z
mapping:b5edc2679f839e343466,curated:6084dd31e74901dd4700,PURE: Purging Unrelated Representations for Content-Agnostic Forgery Detection,2026,,,Baylor University,institution:9a09450f0dd87db7,,Xinyu Wu; Dong Li; Chen Zhao,1; 2; 6,1,"Department of Computer Science, Baylor University",,,,,,https://ijcai-preprints.s3.us-west-1.amazonaws.com/2026/2613.pdf#page=1 | New canonical institution; location/coordinates require Admin review. No campus or coordinates guessed.,needs_review,2026-08-28T23:10:57Z,2026-08-28T23:10:57Z
mapping:5c6bdc0ef72acadb603a,curated:6084dd31e74901dd4700,PURE: Purging Unrelated Representations for Content-Agnostic Forgery Detection,2026,,,Tianjin University,institution:9ed23c2db75b5eee,,Minglai Shao,3,2,"School of Computer Science and Technology, Tianjin University",,,,,,https://ijcai-preprints.s3.us-west-1.amazonaws.com/2026/2613.pdf#page=1 | Existing canonical institution has no confirmed location; location review required.,needs_review,2026-08-28T23:10:57Z,2026-08-28T23:10:57Z
mapping:908ae7440bb559423e4e,curated:6084dd31e74901dd4700,PURE: Purging Unrelated Representations for Content-Agnostic Forgery Detection,2026,,,University of Arkansas,institution:97cd630784a77fa2,,Xintao Wu,4,3,"Department of Electrical Engineering and Computer Science, University of Arkansas",,,,,,https://ijcai-preprints.s3.us-west-1.amazonaws.com/2026/2613.pdf#page=1 | New canonical institution; location/coordinates require Admin review. No campus or coordinates guessed.,needs_review,2026-08-28T23:10:57Z,2026-08-28T23:10:57Z
mapping:de40a49aec4c27e8e529,curated:6084dd31e74901dd4700,PURE: Purging Unrelated Representations for Content-Agnostic Forgery Detection,2026,,,Southern Illinois University,institution:db8c104cf01b1e84,,Zhong Chen,5,4,"School of Computing, Southern Illinois University",,,,,,https://ijcai-preprints.s3.us-west-1.amazonaws.com/2026/2613.pdf#page=1 | New canonical institution; location/coordinates require Admin review. No campus or coordinates guessed.,needs_review,2026-08-28T23:10:57Z,2026-08-28T23:10:57Z
mapping:efe4607ab38286385855,curated:5ad6cb3411820ff01a03,Forged Calamity: Benchmark for Cross-Domain Synthetic Disaster Detection in the Age of Diffusion,2025,10.1007/978-981-92-2600-9_17,https://openalex.org/W7202171675,"University of Science, Viet Nam National University Ho Chi Minh City",institution:806523d1aae41484,location:806523d1aae41484a05a,Duc-Manh Phan; Quoc-Duy Tran; Duy-Khang Do; Anh-Tuan Vo; Hai-Dang Nguyen; Trong Le Do; Mai-Khiem Tran; Minh-Triet Tran; Trung-Nghia Le,1; 2; 3; 4; 5; 6; 7; 11; 12,1,"University of Science, VNU-HCM, Ho Chi Minh, Vietnam",,Ho Chi Minh City,Vietnam,10.76262,106.68218,https://arxiv.org/pdf/2606.18554v1#page=1,active,2026-08-29T10:35:45Z,2026-08-29T10:35:45Z
mapping:8d85bcc3d3efe56b972e,curated:5ad6cb3411820ff01a03,Forged Calamity: Benchmark for Cross-Domain Synthetic Disaster Detection in the Age of Diffusion,2025,10.1007/978-981-92-2600-9_17,https://openalex.org/W7202171675,Vietnam National University Ho Chi Minh City,institution:19d2ee8d44bfb9f0,location:eb04fc46c0c4e2a07c27,Duc-Manh Phan; Quoc-Duy Tran; Duy-Khang Do; Anh-Tuan Vo; Hai-Dang Nguyen; Trong Le Do; Mai-Khiem Tran; Vinh-Tiep Nguyen; Minh-Triet Tran; Trung-Nghia Le,1; 2; 3; 4; 5; 6; 7; 8; 11; 12,2,"Vietnam National University, Ho Chi Minh, Vietnam",,Ho Chi Minh City,Vietnam,10.86896,106.79623,https://arxiv.org/pdf/2606.18554v1#page=1,active,2026-08-29T10:35:45Z,2026-08-29T10:35:45Z
mapping:6b3d307616b71b7be354,curated:5ad6cb3411820ff01a03,Forged Calamity: Benchmark for Cross-Domain Synthetic Disaster Detection in the Age of Diffusion,2025,10.1007/978-981-92-2600-9_17,https://openalex.org/W7202171675,"University of Information Technology, Viet Nam National University Ho Chi Minh City",institution:98173550d973ced0,location:008e8f6768cf30f3c0c8,Vinh-Tiep Nguyen,8,3,"University of Information Technology, VNU-HCM, Ho Chi Minh, Vietnam",,Ho Chi Minh City,Vietnam,10.8698118,106.8033668,https://arxiv.org/pdf/2606.18554v1#page=1 | https://en.uit.edu.vn/information | https://www.openstreetmap.org/way/1303838982,active,2026-08-29T10:35:45Z,2026-08-30T12:00:00Z
mapping:30d8498bfe1d80fbdadb,curated:5ad6cb3411820ff01a03,Forged Calamity: Benchmark for Cross-Domain Synthetic Disaster Detection in the Age of Diffusion,2025,10.1007/978-981-92-2600-9_17,https://openalex.org/W7202171675,University of Dayton,institution:2219b61faae66c43,location:8bd93e6f510ab3ff32fa,Tam V. Nguyen,9,4,"University of Dayton, Ohio, United States",https://openalex.org/I127591826,Dayton,United States,39.7383807,-84.1791678,https://arxiv.org/pdf/2606.18554v1#page=1 | https://udayton.edu/visit/directions.php | https://www.openstreetmap.org/way/81178290,active,2026-08-29T10:35:45Z,2026-08-30T12:00:00Z
mapping:d3cd9016828a873afb9b,curated:5ad6cb3411820ff01a03,Forged Calamity: Benchmark for Cross-Domain Synthetic Disaster Detection in the Age of Diffusion,2025,10.1007/978-981-92-2600-9_17,https://openalex.org/W7202171675,National Institute of Informatics,institution:db8874f9983a5ffd,location:db8874f9983a5ffd161c,Isao Echizen,10,5,"National Institute of Informatics, Tokyo, Japan",,Tokyo,Japan,35.6997,139.7534,https://arxiv.org/pdf/2606.18554v1#page=1,active,2026-08-29T10:35:45Z,2026-08-29T10:35:45Z
mapping:05cc129af01ff87c2e8d,curated:6dcd6897e12fe71d5b9d,Manifold-Contrastive Few-Shot Detection for AI-Generated Images,2026,10.1109/icicc71012.2026.11638041,https://openalex.org/W7203442391,Guangdong University of Technology,institution:8fe72087521e285a,location:8fe72087521e285a8c05,Bowen Wang,1,1,"School of Automation, Guangdong University of Technology, Guangzhou, China",https://openalex.org/I139024713,Guangzhou,China,23.0374,113.3948,https://api.crossref.org/works/10.1109/ICICC71012.2026.11638041,active,2026-08-29T10:35:45Z,2026-08-29T10:35:45Z
mapping:3e1e09dde9c217aaf9da,curated:8227355571a6d402e4f8,SpectraGuard: Provably-Private Deepfake Detection with Learnable Frequency-Domain Differential Privacy,2026,10.1109/tcsvt.2026.3724270,https://openalex.org/W7203624959,Chongqing University of Posts and Telecommunications,institution:7e10613327a4e264,location:7e10613327a4e264467e,Shanzhong Lei; Yang Wei; Baoyue Hu; Hong Wang; Xiuli Bi; Bin Xiao,1; 2; 3; 5; 6; 7,1,"School of Computer Science and Technology / School of Artificial Intelligence and Chongqing Key Laboratory of Image Cognition, Chongqing University of Posts and Telecommunications, Chongqing, China",https://openalex.org/I10535382,Chongqing,China,29.5315,106.6043,https://api.crossref.org/works/10.1109/TCSVT.2026.3724270,active,2026-08-29T10:35:46Z,2026-08-29T10:35:46Z
mapping:90846582d03b3e970464,curated:8227355571a6d402e4f8,SpectraGuard: Provably-Private Deepfake Detection with Learnable Frequency-Domain Differential Privacy,2026,10.1109/tcsvt.2026.3724270,https://openalex.org/W7203624959,National University of Singapore,institution:70ccb485197bbb6c,location:70ccb485197bbb6c89fd,Yunqiu Xu,4,2,"Department of Biomedical Engineering, National University of Singapore",https://openalex.org/I165932596,Singapore,Singapore,1.2959845,103.7766186,https://api.crossref.org/works/10.1109/TCSVT.2026.3724270,active,2026-08-29T10:35:46Z,2026-08-29T10:35:46Z
mapping:f72845eb89c7d48e79ab,curated:d6f1c90d69e8b0e68e4f,All-Around Forgery Clues for Generalizable AI-Generated Image Detection,2026,10.1016/j.patcog.2026.114661,https://openalex.org/W7203819382,Jinan University,institution:8632718a2c1444c6,location:8632718a2c1444c6cc38,Xiaoyu Zhou; Peipeng Yu; Zhihua Xia,1; 4; 7,1,"College of Cyber Security, Jinan University, Guangzhou, 510632, Guangdong, China",https://openalex.org/I159948400,Guangzhou,China,23.1335,113.3419,https://openalex.org/W7203819382,active,2026-08-29T10:35:46Z,2026-08-29T10:35:46Z
mapping:581ef84c271494a1d703,curated:d6f1c90d69e8b0e68e4f,All-Around Forgery Clues for Generalizable AI-Generated Image Detection,2026,10.1016/j.patcog.2026.114661,https://openalex.org/W7203819382,University of Florence,institution:42fcf4ae44e1a706,location:42fcf4ae44e1a706454c,Jianwei Fei; Alessandro Piva,2; 8,2,"Department of Information Engineering, University of Florence, Florence, 50121, Italy",https://openalex.org/I45084792,Florence,Italy,43.7779,11.2591,https://openalex.org/W7203819382,active,2026-08-29T10:35:46Z,2026-08-29T10:35:46Z
mapping:c1a713a269db33b78c31,curated:d6f1c90d69e8b0e68e4f,All-Around Forgery Clues for Generalizable AI-Generated Image Detection,2026,10.1016/j.patcog.2026.114661,https://openalex.org/W7203819382,Shenzhen Campus of Sun Yat-sen University,institution:9ab7959736f7be0d,location:9ab7959736f7be0d,Yunshu Dai,3,3,"College of Cyber Science and Technology, Sun Yat-sen University, Shenzhen, 518107, Guangdong, China",https://openalex.org/I157773358,Shenzhen,China,22.80335,113.95019,https://openalex.org/W7203819382,active,2026-08-29T10:35:46Z,2026-08-29T10:35:46Z
mapping:035e570a8ce171093da1,curated:d6f1c90d69e8b0e68e4f,All-Around Forgery Clues for Generalizable AI-Generated Image Detection,2026,10.1016/j.patcog.2026.114661,https://openalex.org/W7203819382,Guangdong University of Technology,institution:8fe72087521e285a,location:8fe72087521e285a8c05,Jingchang Xie,5,4,"School of Integrated Circuits, Guangdong University of Technology, Guangzhou, 510000, Guangdong, China",https://openalex.org/I139024713,Guangzhou,China,23.0374,113.3948,https://openalex.org/W7203819382,active,2026-08-29T10:35:46Z,2026-08-29T10:35:46Z
mapping:d769d43c78e13dc88693,curated:d6f1c90d69e8b0e68e4f,All-Around Forgery Clues for Generalizable AI-Generated Image Detection,2026,10.1016/j.patcog.2026.114661,https://openalex.org/W7203819382,Dongguan University of Technology,institution:f34946305c17c505,,Xiang Liu,6,5,"Institute of Science and Technology Innovation, Dongguan University of Technology, Dongguan, 523808, Guangdong, China",https://openalex.org/I2799850029,Dongguan,China,,,https://openalex.org/W7203819382,needs_review,2026-08-29T10:35:46Z,2026-08-29T10:35:46Z
mapping:072751fcb40468125f3d,curated:f898cd2f736babc824dc,HiDD-Net: A Hierarchical Dual-Domain Distillation Network for Efficient Deepfake Detection,2026,10.1117/12.3119955,https://openalex.org/W7203837282,Beijing Institute of Technology,institution:d327df7fd49c7ebb,,Linfang Shang; Longfei Zhang; Tongfei Yuan,1; 2; 3,1,Beijing Institute of Technology (China),https://openalex.org/I125839683,,China,,,https://openalex.org/W7203837282,needs_review,2026-08-29T10:35:47Z,2026-08-29T10:35:47Z
mapping:f75fabd84af2c71c10f5,curated:92fe1dfd435209b21ff4,Anchor-Regularized Adaptation for Generalizable AI-Generated Image Detection with DINOv3,2026,,https://openalex.org/W7203688524,Sungkyunkwan University,institution:e80b94c605da24ce,location:e80b94c605da24cea15f,Hyeongjun Choi; Juhun Lee; Simon S. Woo,1; 2; 5,1,"Sungkyunkwan University, Suwon, Republic of Korea",,Suwon,South Korea,37.2939,126.9757,https://arxiv.org/pdf/2608.15196v1#page=1,active,2026-08-29T10:35:47Z,2026-08-29T10:35:47Z
mapping:7c55fdd69cbe0ed6ef1e,curated:92fe1dfd435209b21ff4,Anchor-Regularized Adaptation for Generalizable AI-Generated Image Detection with DINOv3,2026,,https://openalex.org/W7203688524,University of Naples Federico II,institution:d046d2c57bb3a863,location:d046d2c57bb3a863a89a,Davide Cozzolino; Luisa Verdoliva,3; 4,2,"University of Naples Federico II, Naples, Italy",,Naples,Italy,40.8463,14.2572,https://arxiv.org/pdf/2608.15196v1#page=1,active,2026-08-29T10:35:47Z,2026-08-29T10:35:47Z
mapping:bf942a0e4b1f442d0b46,curated:92fe1dfd435209b21ff4,Anchor-Regularized Adaptation for Generalizable AI-Generated Image Detection with DINOv3,2026,,https://openalex.org/W7203688524,Secure Machines Lab Inc.,institution:80be56bd7a068816,,Simon S. Woo,5,3,Also with Secure Machines Lab Inc.,,Suwon,South Korea,,,https://arxiv.org/pdf/2608.15196v1#page=1 | https://securemachineslab.com/,needs_review,2026-08-29T10:35:47Z,2026-08-29T10:35:47Z
mapping:475051f12f09903dfc36,curated:4363b7a97f75f90ad22c,A Swin Transformer and CLIP-Based Framework for Generalized DeepFake Detection,2025,10.1007/978-981-95-6825-3_10,https://openalex.org/W7203828369,Changsha University of Science and Technology,institution:6bdc62fb06ac696f,location:24ff901ade26602be031,Sheng Li; Shuren Zhou,1; 2,1,"Changsha University of Science and Technology, Changsha, China",https://openalex.org/I56934997,Changsha,China,28.0705674,113.0029417,https://link.springer.com/chapter/10.1007/978-981-95-6825-3_10,active,2026-08-29T10:35:48Z,2026-08-29T10:35:48Z
mapping:2356903fcb319d77a362,openalex:W4409047068,A Novel Framework for Deepfake Image Detection Using Deep Learning Approach,2025,10.1109/lt64002.2025.10940759,https://openalex.org/W4409047068,Kamala Nehru College,institution:5fbc6e7421fa29f2,,Aruna J. Chamatkar,2,2,"Kamala Nehru College,Nagpur,Maharashtra,India",,Nagpur,India,,,https://api.crossref.org/works/10.1109/lt64002.2025.10940759,active,2026-08-30T12:00:00Z,2026-08-30T12:00:00Z
mapping:54977341ab8172a13acd,curated:9c8645e0bddeeff2ed4b,Deepfake Image Detection Using ResNet50 Model,2024,10.1109/cybercomp60759.2024.10913843,https://openalex.org/W4408401076,Guangdong University of Science and Technology,institution:f58affe388469dfb,,Chuah ChaiWen,3,2,"Guangdong University of Science & Technology,Dongguan,China",,Dongguan,China,,,https://api.crossref.org/works/10.1109/cybercomp60759.2024.10913843,active,2026-08-30T12:00:00Z,2026-08-30T12:00:00Z
mapping:05973ef1e5cc91d13b48,openalex:W4318559723,Revealing and Classification of Deepfakes Video's Images using a Customize Convolution Neural Network Model,2023,10.1016/j.procs.2023.01.237,https://openalex.org/W4318559723,G H Raisoni Institute of Engineering & Technology Nagpur,institution:a0fc8fa9bd4685cb,,Usha Kosarkar,1,1,"Department of Science and Technology, GHRIET, Nagpur, India",,Nagpur,India,,,https://www.researchgate.net/publication/367596688_Revealing_and_Classification_of_Deepfakes_Video%27s_Images_using_a_Customize_Convolution_Neural_Network_Model | https://hobbyclubs.raisoni.net/event_details.php?evtId=120,active,2026-08-30T12:00:00Z,2026-08-30T12:00:00Z
mapping:926a0513252c471be318,openalex:W4409047068,A Novel Framework for Deepfake Image Detection Using Deep Learning Approach,2025,10.1109/lt64002.2025.10940759,https://openalex.org/W4409047068,Sant Gadge Baba Amravati University,institution:d407d447fe02673c,,Ambika Jaiswal,1,1,"Sant Gadge Baba Amravati University,P.G. Department of Computer Science,Amravati,Maharashtra,India",,Amravati,India,,,https://api.crossref.org/works/10.1109/lt64002.2025.10940759,active,2026-08-30T12:00:00Z,2026-08-30T12:00:00Z
mapping:7bd8d78959d1a3a313bd,openalex:W4409047068,A Novel Framework for Deepfake Image Detection Using Deep Learning Approach,2025,10.1109/lt64002.2025.10940759,https://openalex.org/W4409047068,"Saraswati College, Shegaon",institution:ecb4d2eeabc31027,,Akash Prakash Kharat,3,3,"Saraswati College, Shegaon,Department of Computer Science,Shegaon,India",,Shegaon,India,,,https://api.crossref.org/works/10.1109/lt64002.2025.10940759,active,2026-08-30T12:00:00Z,2026-08-30T12:00:00Z
mapping:09abb2fa0db4131039f0,openalex:W4409047068,A Novel Framework for Deepfake Image Detection Using Deep Learning Approach,2025,10.1109/lt64002.2025.10940759,https://openalex.org/W4409047068,Chitkara University,institution:b98073e3070abd17,,Bhisham Sharma,4,4,"Chitkara University,Centre of Research Impact and Outcome,Rajpura,Punjab,India,140401",,Rajpura,India,,,https://api.crossref.org/works/10.1109/lt64002.2025.10940759,active,2026-08-30T12:00:00Z,2026-08-30T12:00:00Z
mapping:d478c72073015c9ed64d,openalex:W4409047068,A Novel Framework for Deepfake Image Detection Using Deep Learning Approach,2025,10.1109/lt64002.2025.10940759,https://openalex.org/W4409047068,Dar Al-Hekma University,institution:ec338d817ec6cd01,,Imed Ben Dhaou,5,5,"Hekma School of Engineering Computing,Department of Computer Science,Jeddah,Saudi Arabia",,Jeddah,Saudi Arabia,,,https://api.crossref.org/works/10.1109/lt64002.2025.10940759,active,2026-08-30T12:00:00Z,2026-08-30T12:00:00Z
mapping:7844a3a7366dc16590a0,openalex:W4409047068,A Novel Framework for Deepfake Image Detection Using Deep Learning Approach,2025,10.1109/lt64002.2025.10940759,https://openalex.org/W4409047068,Rashtrasant Tukadoji Maharaj Nagpur University,institution:afc7ba5b733248b6,,Suhashini Awadhesh Chaurasia,6,6,"RTM Nagpur University,Department of Computer Science,Nagpur",,Nagpur,India,,,https://api.crossref.org/works/10.1109/lt64002.2025.10940759,active,2026-08-30T12:00:00Z,2026-08-30T12:00:00Z
mapping:cc57ff8e7ad53be7514b,curated:9c8645e0bddeeff2ed4b,Deepfake Image Detection Using ResNet50 Model,2024,10.1109/cybercomp60759.2024.10913843,https://openalex.org/W4408401076,Tun Hussein Onn University of Malaysia,institution:ee1464b6cfe3e064,,Lew Kar Yee; Isredza Rahmi A. Hamid; Zubaile Abdullah; Cik Feresa Mohd Foozy,1; 2; 4; 6,1,"Universiti Tun Hussein Onn Malaysia,Department of Information Security & Web Technology,Johor,Malaysia",,Johor,Malaysia,,,https://api.crossref.org/works/10.1109/cybercomp60759.2024.10913843,active,2026-08-30T12:00:00Z,2026-08-30T12:00:00Z
mapping:c807d8b1991df5445056,curated:9c8645e0bddeeff2ed4b,Deepfake Image Detection Using ResNet50 Model,2024,10.1109/cybercomp60759.2024.10913843,https://openalex.org/W4408401076,Universiti Malaysia Sarawak,institution:b0f3614b042aab47,,Kuryati Kipli,5,3,"Universiti Malaysia Sarawak,Department of Electrical and Electronic Engineering,Sarawak,Malaysia",,Sarawak,Malaysia,,,https://api.crossref.org/works/10.1109/cybercomp60759.2024.10913843,active,2026-08-30T12:00:00Z,2026-08-30T12:00:00Z
