paper_id,title,institution_id,canonical_name,mapping_id,authors,location_id,city,region,country,latitude,longitude,review_status,classification,support_source,reason
curated:75cbd31c9946c7eb7977,"""That's Another Doom I Haven't Thought About"": A User Study on AI Labels as a Safeguard Against Image-Based Misinformation",institution:068512c1b695fe0b,Max Planck Institute for Security and Privacy,,Thorsten Holz,,Bochum,,Germany,51.481651306152344,7.216479778289795,automatic_export_eligible,COMPLETE,existing_validated_automatic_location,Existing public location provenance retained; no new geocoding or independent re-review.
curated:75cbd31c9946c7eb7977,"""That's Another Doom I Haven't Thought About"": A User Study on AI Labels as a Safeguard Against Image-Based Misinformation",institution:6f14a665aa77ba34,Helmholtz Center for Information Security,,Sandra Höltervennhoff; Maike M. Raphael; Charlotte Schwedes; Rebecca Weil; Lea Schönherr; Sascha Fahl,,Saarbrücken,,Germany,49.23262023925781,7.009819984436035,automatic_export_eligible,COMPLETE,existing_validated_automatic_location,Existing public location provenance retained; no new geocoding or independent re-review.
curated:75cbd31c9946c7eb7977,"""That's Another Doom I Haven't Thought About"": A User Study on AI Labels as a Safeguard Against Image-Based Misinformation",institution:8f8dd64c6339c8ff,Ruhr University Bochum,,Jonas Ricker; Asja Fischer,,Bochum,,Germany,51.48165,7.21648,automatic_export_eligible,COMPLETE,existing_validated_automatic_location,Existing public location provenance retained; no new geocoding or independent re-review.
curated:75cbd31c9946c7eb7977,"""That's Another Doom I Haven't Thought About"": A User Study on AI Labels as a Safeguard Against Image-Based Misinformation",institution:ac9dc63b4bd4669a,Leibniz University Hannover,,Sandra Höltervennhoff; Sascha Fahl,,Hanover,,Germany,52.37052,9.73322,automatic_export_eligible,COMPLETE,existing_validated_automatic_location,Existing public location provenance retained; no new geocoding or independent re-review.
curated:75cbd31c9946c7eb7977,"""That's Another Doom I Haven't Thought About"": A User Study on AI Labels as a Safeguard Against Image-Based Misinformation",institution:aeb3cd858bb22d74,Hannover Re (Germany),,Sandra Höltervennhoff; Sascha Fahl,,Hanover,,Germany,52.39210891723633,9.803854942321777,automatic_export_eligible,COMPLETE,existing_validated_automatic_location,Existing public location provenance retained; no new geocoding or independent re-review.
curated:3da39d6e1e1f36089901,A Bias-Free Training Paradigm for More General AI-Generated Image Detection,institution:2b6e51bec93e86c1,Google DeepMind,mapping:fab541f76a7c6d75985c,Ben Usman; Avneesh Sud,location:24bd5393789c0267b980,Cambridge,Massachusetts,United States,42.3629,-71.087,confirmed,COMPLETE,curated_confirmed_location,"Source-backed affiliation, canonical institution identity, and selected location are represented by the exported mapping lineage."
curated:3da39d6e1e1f36089901,A Bias-Free Training Paradigm for More General AI-Generated Image Detection,institution:d046d2c57bb3a863,University of Naples Federico II,mapping:c2e51f8cca3f3a7f984f,Fabrizio Guillaro; Giada Zingarini; Davide Cozzolino; Luisa Verdoliva,location:d046d2c57bb3a863a89a,Naples,Campania,Italy,40.8463,14.2572,confirmed,COMPLETE,curated_confirmed_location,"Source-backed affiliation, canonical institution identity, and selected location are represented by the exported mapping lineage."
curated:cb237bfcbc395a031757,A COMPARATIVE REVIEW OF AI-GENERATED IMAGE DETECTION ACROSS SOCIAL MEDIA PLATFORMS,institution:bec45b93a867958c,Lamar University,mapping:3ac937fe727eb34f0b2c,Anjuman Ara; Md Sajadul Alam; Kamrujjaman; Afia Farjana Mifa,location:bec45b93a867958cc8fb,Beaumont,Texas,United States,30.0388947,-94.0758929,confirmed,COMPLETE,curated_confirmed_location,"Source-backed affiliation, canonical institution identity, and selected location are represented by the exported mapping lineage."
,A Closer Look at Fourier Spectrum Discrepancies for CNN-Generated Images Detection,institution:6dd3ce9e0d5fd1ab,Singapore University of Technology and Design,,Keshigeyan Chandrasegaran; Ngoc-Trung Tran; Ngai‐Man Cheung,,Singapore,,Singapore,1.28967,103.85007,automatic_export_eligible,COMPLETE,existing_validated_automatic_location,Existing public location provenance retained; no new geocoding or independent re-review.
curated:2e30b7cfd7b0c6f427f1,A Comparative Study of Classification Methods for Real and AI-Generated Images with Frequency Feature Analysis,institution:e808c43481f24251,Novosibirsk State Technical University,mapping:fb5e95f3211371df62b1,Egor Antonyants; Anna Aletdinova; Alexander Leontiev; Vitalii Zaozernov,location:0a0d27aa74b6df9808a3,Novosibirsk,Novosibirsk Oblast,Russia,54.988,82.904,confirmed,COMPLETE,curated_confirmed_location,"Source-backed affiliation, canonical institution identity, and selected location are represented by the exported mapping lineage."
curated:1eb949d2e1adca5bb6cf,A Debiased Reconstruction-Based Framework for Training-Free Detection of AI-Generated Images,institution:304707b21fcfbd4d,University of Massachusetts Amherst,mapping:cf0bf9ff1ccca13a4ff0,Robin Kim,location:304707b21fcfbd4d1653,Amherst,Massachusetts,United States,42.3868,-72.5301,confirmed,COMPLETE,curated_confirmed_location,"Source-backed affiliation, canonical institution identity, and selected location are represented by the exported mapping lineage."
curated:1eb949d2e1adca5bb6cf,A Debiased Reconstruction-Based Framework for Training-Free Detection of AI-Generated Images,institution:3103fb7db9011c4c,LG AI Research,mapping:9509e2f0d9db58520d19,Sungik Choi; Jaehoon Lee; Stanley Jungkyu Choi; Moontae Lee,location:6266ec24d28970a28769,Seoul,Seoul,South Korea,37.5623,126.8348,confirmed,COMPLETE,curated_confirmed_location,"Source-backed affiliation, canonical institution identity, and selected location are represented by the exported mapping lineage."
curated:1eb949d2e1adca5bb6cf,A Debiased Reconstruction-Based Framework for Training-Free Detection of AI-Generated Images,institution:e80b94c605da24ce,Sungkyunkwan University,mapping:e104ea8aaeb727d7fb9f,Hankook Lee,location:e80b94c605da24cea15f,Suwon,Gyeonggi-do,South Korea,37.2939,126.9757,confirmed,COMPLETE,curated_confirmed_location,"Source-backed affiliation, canonical institution identity, and selected location are represented by the exported mapping lineage."
curated:53154d830e337fce1fad,A Deepfake Image Detection Method Based on a Multi-Graph Attention Network,institution:2f4b9adadf7f5004,Chongqing University of Science and Technology,mapping:6b3e23f978997d60bf1d,Guorong Chen; Chongling Du; Yu Yuan; Hong Hu; Hongjun Duan; Huazheng Zhu,location:1362d7d5e0f891194374,Chongqing,Chongqing,China,29.6019,106.3037,confirmed,COMPLETE,curated_confirmed_location,"Source-backed affiliation, canonical institution identity, and selected location are represented by the exported mapping lineage."
,A GAN-based Approach to Detect AI-Generated Images,institution:85dd03b724084b02,University of Baltimore,,Weifeng Xu,,Baltimore,,United States,39.29038,-76.61219,automatic_export_eligible,COMPLETE,existing_validated_automatic_location,Existing public location provenance retained; no new geocoding or independent re-review.
,A GAN-based Approach to Detect AI-Generated Images,institution:86acee6f855e6b06,Bowie State University,,Galamo Monkam; Jie Yan,,Bowie,,United States,38.94278,-76.73028,automatic_export_eligible,COMPLETE,existing_validated_automatic_location,Existing public location provenance retained; no new geocoding or independent re-review.
,A Guided-Based Approach for Deepfake Detection: RGB-Depth Integration via Features Fusion,institution:977430a4473aa4b0,Sapienza University of Rome,,Giorgio Leporoni; Luca Maiano; Lorenzo Papa; Irene Amerini,,Rome,,Italy,41.89193,12.51133,automatic_export_eligible,COMPLETE,existing_validated_automatic_location,Existing public location provenance retained; no new geocoding or independent re-review.
curated:4f53748fb43c13e3fc32,A Hybrid CLIP-Diffusion Architecture for Transparent Deepfake Detection and Explainability Evaluation,institution:9a7735d85c857b40,Federal Office for Information Security,mapping:8d3fa7d98587fd34883d,Dominik Alveen; Anna Wilhelm,location:fa2e568dc3e3ece64f6f,Saarbrücken,Saarland,Germany,49.25811,7.04365,confirmed,COMPLETE,curated_confirmed_location,"Source-backed affiliation, canonical institution identity, and selected location are represented by the exported mapping lineage."
curated:4f53748fb43c13e3fc32,A Hybrid CLIP-Diffusion Architecture for Transparent Deepfake Detection and Explainability Evaluation,institution:ac2070f8a298bac2,Fraunhofer IOSB,mapping:065db4c4c6efa576d90e,Andreas Specker; Manjunatha Veerappa; Thomas Golda; Nadia Burkart,location:bff7bf588b07f29b5fbb,Karlsruhe,Baden-Württemberg,Germany,49.01464,8.42599,confirmed,COMPLETE,curated_confirmed_location,"Source-backed affiliation, canonical institution identity, and selected location are represented by the exported mapping lineage."
curated:4f53748fb43c13e3fc32,A Hybrid CLIP-Diffusion Architecture for Transparent Deepfake Detection and Explainability Evaluation,institution:b77fd041ca0a61be,Fraunhofer Center for Machine Learning,mapping:a1c2c1da4b160df0c2a9,Andreas Specker; Manjunatha Veerappa; Thomas Golda; Nadia Burkart,location:b9c64454ac09a5f6996d,Karlsruhe,Baden-Württemberg,Germany,49.0158,8.4252,confirmed,COMPLETE,curated_confirmed_location,"Source-backed affiliation, canonical institution identity, and selected location are represented by the exported mapping lineage."
,A Hybrid CNN-LSTM Approach for Precision Deepfake Image Detection Based on Transfer Learning,institution:5dc3b0fc32168ce3,Altınbaş University,,Omar Alfarouk Hadi Hasan Al-Dulaimi; Sefer Kurnaz,,Istanbul,,Turkey,41.01384,28.94966,automatic_export_eligible,COMPLETE,existing_validated_automatic_location,Existing public location provenance retained; no new geocoding or independent re-review.
,A Hybrid CNN-LSTM Approach for Precision Deepfake Image Detection Based on Transfer Learning,institution:c72155b537fbbff3,Middle Technical University,,Omar Alfarouk Hadi Hasan Al-Dulaimi,,Baghdad,,Iraq,33.34058,44.40088,automatic_export_eligible,COMPLETE,existing_validated_automatic_location,Existing public location provenance retained; no new geocoding or independent re-review.
,A Novel Deep Learning Approach for Deepfake Image Detection,institution:191ab0ad911126ad,University of Hafr Al-Batin,,Mubarak Almutairi,,Riyadh,,Saudi Arabia,24.68773,46.72185,automatic_export_eligible,COMPLETE,existing_validated_automatic_location,Existing public location provenance retained; no new geocoding or independent re-review.
,A Novel Deep Learning Approach for Deepfake Image Detection,institution:8fac1f5c8936e362,Khwaja Fareed University of Engineering and Information Technology,,Ali Raza; Kashif Munir,,Rahim Yar Khan,,Pakistan,28.41987,70.30345,automatic_export_eligible,COMPLETE,existing_validated_automatic_location,Existing public location provenance retained; no new geocoding or independent re-review.
,A Novel Framework for Deepfake Image Detection Using Deep Learning Approach,institution:5fbc6e7421fa29f2,Kamala Nehru College,mapping:2356903fcb319d77a362,Aruna J. Chamatkar,location:6a88136b41aa6e90d5b8,Delhi,Delhi,India,28.5557307,77.2164432,confirmed,COMPLETE,curated_confirmed_location,"Source-backed affiliation, canonical institution identity, and selected location are represented by the exported mapping lineage."
,A Novel Framework for Deepfake Image Detection Using Deep Learning Approach,institution:afc7ba5b733248b6,Rashtrasant Tukadoji Maharaj Nagpur University,mapping:7844a3a7366dc16590a0,Suhashini Awadhesh Chaurasia,location:13a3dd462c5b1c9dd702,Nagpur,Maharashtra,India,21.1477175,79.0392433,confirmed,COMPLETE,curated_confirmed_location,"Source-backed affiliation, canonical institution identity, and selected location are represented by the exported mapping lineage."
,A Novel Framework for Deepfake Image Detection Using Deep Learning Approach,institution:b98073e3070abd17,Chitkara University,mapping:09abb2fa0db4131039f0,Bhisham Sharma,location:b92f02b30f8fbda75e16,Rajpura,Punjab,India,30.51613,76.65974,confirmed,COMPLETE,curated_confirmed_location,"Source-backed affiliation, canonical institution identity, and selected location are represented by the exported mapping lineage."
,A Novel Framework for Deepfake Image Detection Using Deep Learning Approach,institution:d407d447fe02673c,Sant Gadge Baba Amravati University,mapping:926a0513252c471be318,Ambika Jaiswal,location:e673da9565391541b2d8,Amravati,Maharashtra,India,20.9357,77.7796,confirmed,COMPLETE,curated_confirmed_location,"Source-backed affiliation, canonical institution identity, and selected location are represented by the exported mapping lineage."
,A Novel Framework for Deepfake Image Detection Using Deep Learning Approach,institution:ec338d817ec6cd01,Dar Al-Hekma University,mapping:d478c72073015c9ed64d,Imed Ben Dhaou,location:d912c93d45027c7a7844,Jeddah,Makkah Region,Saudi Arabia,21.4904847,39.2307769,confirmed,COMPLETE,curated_confirmed_location,"Source-backed affiliation, canonical institution identity, and selected location are represented by the exported mapping lineage."
,A Novel Framework for Deepfake Image Detection Using Deep Learning Approach,institution:ecb4d2eeabc31027,"Saraswati College, Shegaon",mapping:7bd8d78959d1a3a313bd,Akash Prakash Kharat,location:6a0464c80e91e9a66888,Shegaon,Maharashtra,India,20.7934,76.6946,confirmed,COMPLETE,curated_confirmed_location,"Source-backed affiliation, canonical institution identity, and selected location are represented by the exported mapping lineage."
,A Novel Neural Model based Framework for Detection of GAN Generated Fake Images,institution:f7126dbda09b4f9a,Amity University,,Samaksh Agarwal; Nancy Girdhar; Himanshu Raghav,,Noida,,India,28.58,77.33,automatic_export_eligible,COMPLETE,existing_validated_automatic_location,Existing public location provenance retained; no new geocoding or independent re-review.
curated:517a2cc4ca3690f3fc44,A Performance Analysis to Detect Synthetic Images with Deep Learning-Based Image Classification,institution:128d207ba007d9d7,Graphic Era University,,Mukesh Joshi,,Dehradun,,India,30.32443,78.03392,automatic_export_eligible,COMPLETE,existing_validated_automatic_location,Existing public location provenance retained; no new geocoding or independent re-review.
curated:517a2cc4ca3690f3fc44,A Performance Analysis to Detect Synthetic Images with Deep Learning-Based Image Classification,institution:77789f69fddd731b,Sharda University,,Ambuj Kumar Agarwal,,Greater Noida,,India,28.49615,77.53601,automatic_export_eligible,COMPLETE,existing_validated_automatic_location,Existing public location provenance retained; no new geocoding or independent re-review.
curated:517a2cc4ca3690f3fc44,A Performance Analysis to Detect Synthetic Images with Deep Learning-Based Image Classification,institution:b98073e3070abd17,Chitkara University,,Vinay Gautam; Raj Gaurang Tiwari; Naresh Kumar Trivedi,,Chandigarh,,India,30.73629,76.7884,automatic_export_eligible,COMPLETE,existing_validated_automatic_location,Existing public location provenance retained; no new geocoding or independent re-review.
,"A Review on Deepfake Image Detection Approaches, Techniques and Methods",institution:2dd8e4fd2cb400d5,University of Aleppo,,Bayan Issa,,Aleppo,,Syria,36.20124,37.16117,automatic_export_eligible,COMPLETE,existing_validated_automatic_location,Existing public location provenance retained; no new geocoding or independent re-review.
,"A Review on Deepfake Image Detection Approaches, Techniques and Methods",institution:e91675148695594c,Sunway University,,Jefferson Ng; Muhammed Basheer Jasser; Samuel-Soma M. Ajibade; Hui Na Chua,,Petaling Jaya,,Malaysia,3.10726,101.60671,automatic_export_eligible,COMPLETE,existing_validated_automatic_location,Existing public location provenance retained; no new geocoding or independent re-review.
curated:f9eac1aa13a606c6ec88,A Sanity Check for AI-Generated Image Detection,institution:d1012c88e7ee61fd,Xiaohongshu Inc.,mapping:45e84d69d444095fda28,Shilin Yan; Jiayin Cai; Xiaolong Jiang; Yao Hu,location:3b46f8ed6f87860347da,Beijing,Beijing,China,39.978168,116.406507,confirmed,COMPLETE,curated_confirmed_location,"Source-backed affiliation, canonical institution identity, and selected location are represented by the exported mapping lineage."
curated:f9eac1aa13a606c6ec88,A Sanity Check for AI-Generated Image Detection,institution:e721b03b6f6c172d,University of Science and Technology of China,mapping:1e4b6b1fe321142d86ef,Ouxiang Li; Yanbin Hao,location:e721b03b6f6c172dd7c7,Hefei,Anhui,China,31.8229,117.2808,confirmed,COMPLETE,curated_confirmed_location,"Source-backed affiliation, canonical institution identity, and selected location are represented by the exported mapping lineage."
curated:f9eac1aa13a606c6ec88,A Sanity Check for AI-Generated Image Detection,institution:fccd5d0ac9cc52f9,Shanghai Jiao Tong University,mapping:185b20cc0dfe56da444f,Weidi Xie,location:fccd5d0ac9cc52f960f2,Shanghai,Shanghai,China,31.0254,121.4331,confirmed,COMPLETE,curated_confirmed_location,"Source-backed affiliation, canonical institution identity, and selected location are represented by the exported mapping lineage."
curated:34d0af5286cad283526f,A Siamese-Based Verification System for Open-Set Architecture Attribution of Synthetic Images,institution:65dbfd1e022f02e2,University of Siena,mapping:8958151ef70b345b52ce,Lydia Abady; Jun Wang; Benedetta Tondi; Mauro Barni,location:65dbfd1e022f02e2ac68,Siena,Toscany,Italy,43.3191,11.3328,confirmed,COMPLETE,curated_confirmed_location,"Source-backed affiliation, canonical institution identity, and selected location are represented by the exported mapping lineage."
,A Single Simple Patch is All You Need for AI-generated Image Detection,institution:17d17325e0e0dae2,Nanjing University of Aeronautics and Astronautics,mapping:9350828d5bb33e52e633,Jiaxuan Chen,location:17d17325e0e0dae23edc,Nanjing,Jiangsu,China,31.9402131,118.787381,confirmed,COMPLETE,curated_confirmed_location,"Source-backed affiliation, canonical institution identity, and selected location are represented by the exported mapping lineage."
,A Single Simple Patch is All You Need for AI-generated Image Detection,institution:fccd5d0ac9cc52f9,Shanghai Jiao Tong University,mapping:efbdf7da51cdbd9aaefc,Jieteng Yao; Li Niu,location:fccd5d0ac9cc52f960f2,Shanghai,Shanghai,China,31.0254,121.4331,confirmed,COMPLETE,curated_confirmed_location,"Source-backed affiliation, canonical institution identity, and selected location are represented by the exported mapping lineage."
,A Survey of Deep Learning-Based Source Image Forensics,institution:42fcf4ae44e1a706,University of Florence,,Daniele Baracchi; Fabrizio Argenti; Alessandro Piva,,Florence,,Italy,43.77925,11.24626,automatic_export_eligible,COMPLETE,existing_validated_automatic_location,Existing public location provenance retained; no new geocoding or independent re-review.
,A Survey of Deep Learning-Based Source Image Forensics,institution:bf6195b78f6dc951,Beijing Jiaotong University,,Pengpeng Yang; Rongrong Ni; Yao Zhao,,Beijing,,China,39.9075,116.39723,automatic_export_eligible,COMPLETE,existing_validated_automatic_location,Existing public location provenance retained; no new geocoding or independent re-review.
,"A Survey of Defenses Against AI-Generated Visual Media: Detection,Disruption, and Authentication",institution:31f980eaa403801a,The Hong Kong Polytechnic University,mapping:92d3f5c984f212a665cb,Zhe Peng,location:31f980eaa403801addc9,Hong Kong,Hong Kong,China,22.3046,114.1796,confirmed,COMPLETE,curated_confirmed_location,"Source-backed affiliation, canonical institution identity, and selected location are represented by the exported mapping lineage."
,"A Survey of Defenses Against AI-Generated Visual Media: Detection,Disruption, and Authentication",institution:afc29be68ac419be,Xi'an Jiaotong University,mapping:8fbe456f9a3bffda221e,Jingyi Deng; Chenhao Lin; Zhengyu Zhao; Shuai Liu; Chao Shen,location:afc29be68ac419bed0ee,Xi’an,Shaanxi,China,34.2467,108.9839,confirmed,COMPLETE,curated_confirmed_location,"Source-backed affiliation, canonical institution identity, and selected location are represented by the exported mapping lineage."
,"A Survey of Defenses Against AI-Generated Visual Media: Detection,Disruption, and Authentication",institution:f23b95ce92de4591,Wuhan University,mapping:2d52ecb91d95e467eca5,Qian Wang,location:f23b95ce92de459152b1,Wuhan,Hubei,China,30.5407,114.3603,confirmed,COMPLETE,curated_confirmed_location,"Source-backed affiliation, canonical institution identity, and selected location are represented by the exported mapping lineage."
,A Survey of Detection and Mitigation for Fake Images on Social Media Platforms,institution:1b91d0993efc3a95,Gyeongguk National University,,Saurabh Agarwal; Ki‐Hyun Jung,,Andong,,South Korea,36.56636,128.72275,automatic_export_eligible,COMPLETE,existing_validated_automatic_location,Existing public location provenance retained; no new geocoding or independent re-review.
,A Survey of Detection and Mitigation for Fake Images on Social Media Platforms,institution:4423bec9199a5d47,GLA University,,Dilip Kumar Sharma,,Mathura,,India,27.5035,77.67215,automatic_export_eligible,COMPLETE,existing_validated_automatic_location,Existing public location provenance retained; no new geocoding or independent re-review.
,A Survey of Detection and Mitigation for Fake Images on Social Media Platforms,institution:4f857a16fa2b6772,University of Malta,,Lalit Garg,,Msida,,Malta,35.8925,14.48278,automatic_export_eligible,COMPLETE,existing_validated_automatic_location,Existing public location provenance retained; no new geocoding or independent re-review.
,A Survey of Detection and Mitigation for Fake Images on Social Media Platforms,institution:9191a7d5e3a9fc0c,Sejong University,,Cheonshik Kim,,Seoul,,South Korea,37.566,126.9784,automatic_export_eligible,COMPLETE,existing_validated_automatic_location,Existing public location provenance retained; no new geocoding or independent re-review.
,A Survey of Detection and Mitigation for Fake Images on Social Media Platforms,institution:b4361f45b61f9e1c,University of St. Thomas - Minnesota,,Bhuvanesh Singh,,Saint Paul,,United States,44.94441,-93.09327,automatic_export_eligible,COMPLETE,existing_validated_automatic_location,Existing public location provenance retained; no new geocoding or independent re-review.
,A Survey of Detection and Mitigation for Fake Images on Social Media Platforms,institution:f7126dbda09b4f9a,Amity University,,Saurabh Agarwal,,Noida,,India,28.58,77.33,automatic_export_eligible,COMPLETE,existing_validated_automatic_location,Existing public location provenance retained; no new geocoding or independent re-review.
curated:f3e1319a5e27319578cd,A Survey on Deep-Learning-Based Techniques for Detecting AI-Generated Synthetic Images,institution:6a318a8411b5cf74,Complutense University of Madrid,mapping:23fa580d08b3cc08c4ab,Staycy Guevara; Ana Lucila Sandoval Orozco; Luis Javier García Villalba,location:2e73bb336e7ad920a7c2,Madrid,Community of Madrid,Spain,40.449167,-3.728056,confirmed,COMPLETE,curated_confirmed_location,"Source-backed affiliation, canonical institution identity, and selected location are represented by the exported mapping lineage."
curated:4363b7a97f75f90ad22c,A Swin Transformer and CLIP-Based Framework for Generalized DeepFake Detection,institution:6bdc62fb06ac696f,Changsha University of Science and Technology,mapping:475051f12f09903dfc36,Sheng Li; Shuren Zhou,location:24ff901ade26602be031,Changsha,Hunan,China,28.0705674,113.0029417,confirmed,COMPLETE,curated_confirmed_location,"Source-backed affiliation, canonical institution identity, and selected location are represented by the exported mapping lineage."
,A robust ensemble model for Deepfake detection of GAN-generated images on social media,institution:018c503420feda75,University of Petroleum and Energy Studies,,Hitesh Kumar Sharma,,Dehradun,,India,30.32443,78.03392,automatic_export_eligible,COMPLETE,existing_validated_automatic_location,Existing public location provenance retained; no new geocoding or independent re-review.
,A robust ensemble model for Deepfake detection of GAN-generated images on social media,institution:125af76b30759ac2,Middle East University,,Manoj Kumar,,Amman,,Jordan,31.95522,35.94503,automatic_export_eligible,COMPLETE,existing_validated_automatic_location,Existing public location provenance retained; no new geocoding or independent re-review.
,A robust ensemble model for Deepfake detection of GAN-generated images on social media,institution:32e3542f42f3fe45,University of Wollongong in Dubai,,Manoj Kumar,,Dubai,,United Arab Emirates,25.07725,55.30927,automatic_export_eligible,COMPLETE,existing_validated_automatic_location,Existing public location provenance retained; no new geocoding or independent re-review.
,A robust ensemble model for Deepfake detection of GAN-generated images on social media,institution:b77cc69e117a29dc,Dehradun Institute of Technology University,,Preeti Sharma,,Dehradun,,India,30.32443,78.03392,automatic_export_eligible,COMPLETE,existing_validated_automatic_location,Existing public location provenance retained; no new geocoding or independent re-review.
curated:d1195175f50833c90a64,ADRD: Detecting Diffusion-Generated Images via Adversarial Perturbation Induced Reconstruction Discrepancy,institution:23556881bce23bb9,Jiaxing Municipal Public Security Bureau,mapping:cb2295576afb01c47d6b,Jun Tong,location:23556881bce23bb97f28,Jiaxing,Zhejiang,China,30.7467,120.7636,confirmed,COMPLETE,curated_confirmed_location,"Source-backed affiliation, canonical institution identity, and selected location are represented by the exported mapping lineage."
curated:d1195175f50833c90a64,ADRD: Detecting Diffusion-Generated Images via Adversarial Perturbation Induced Reconstruction Discrepancy,institution:5d6887482c098264,Binjiang Institute of Zhejiang University,mapping:83f6b68902e2a0f856b3,Changting Lin,location:5d6887482c098264e719,Hangzhou,Zhejiang,China,30.18049,120.19831,confirmed,COMPLETE,curated_confirmed_location,"Source-backed affiliation, canonical institution identity, and selected location are represented by the exported mapping lineage."
curated:d1195175f50833c90a64,ADRD: Detecting Diffusion-Generated Images via Adversarial Perturbation Induced Reconstruction Discrepancy,institution:d9bedf96789f3033,Jiaxing Vocational Technical College,mapping:59fdda701b76db9535d9,Yi Zhou; Xiangwei Hu; Mei Sun; Shuangxi Chen,location:d9bedf96789f3033c415,Jiaxing,Zhejiang,China,30.7798,120.6933,confirmed,COMPLETE,curated_confirmed_location,"Source-backed affiliation, canonical institution identity, and selected location are represented by the exported mapping lineage."
curated:27b6ffdee837c7f997f5,AEDR: Training-Free AI-Generated Image Attribution via Autoencoder Double-Reconstruction,institution:e721b03b6f6c172d,University of Science and Technology of China,mapping:7082ad4881281100cfd6,Chao Wang; Zijin Yang; Weiming Zhang; Kejiang Chen,location:e721b03b6f6c172dd7c7,Hefei,Anhui,China,31.8229,117.2808,confirmed,COMPLETE,curated_confirmed_location,"Source-backed affiliation, canonical institution identity, and selected location are represented by the exported mapping lineage."
curated:27b6ffdee837c7f997f5,AEDR: Training-Free AI-Generated Image Attribution via Autoencoder Double-Reconstruction,institution:f6342fd457763517,Hefei University of Technology,mapping:09c2afdb82905aff5325,Yaofei Wang,location:f6342fd457763517e773,Hefei,Anhui,China,31.8467,117.2976,confirmed,COMPLETE,curated_confirmed_location,"Source-backed affiliation, canonical institution identity, and selected location are represented by the exported mapping lineage."
curated:a0abee05e50398d03f2f,AEROBLADE: Training-Free Detection of Latent Diffusion Images Using Autoencoder Reconstruction Error,institution:8f8dd64c6339c8ff,Ruhr University Bochum,mapping:cfd9b2e40fb2d934d815,Jonas Ricker; Denis Lukovnikov; Asja Fischer,location:8f8dd64c6339c8ff95bb,Bochum,North Rhine-Westphalia,Germany,51.4472,7.2603,confirmed,COMPLETE,curated_confirmed_location,"Source-backed affiliation, canonical institution identity, and selected location are represented by the exported mapping lineage."
,AI Generated Image Detection Using Neural Networks,institution:87c744673e7e4d05,SRM Institute of Science and Technology,,Mrs D. Suma,,Chennai,,India,13.08784,80.27847,automatic_export_eligible,COMPLETE,existing_validated_automatic_location,Existing public location provenance retained; no new geocoding or independent re-review.
curated:c9c2682178c0f22b648f,AI-GenBench: A New Ongoing Benchmark for AI-Generated Image Detection,institution:d046d2c57bb3a863,University of Naples Federico II,mapping:013b9bf833b95ce281ad,Davide Cozzolino; Luisa Verdoliva,location:d046d2c57bb3a863a89a,Naples,Campania,Italy,40.8463,14.2572,confirmed,COMPLETE,curated_confirmed_location,"Source-backed affiliation, canonical institution identity, and selected location are represented by the exported mapping lineage."
curated:c9c2682178c0f22b648f,AI-GenBench: A New Ongoing Benchmark for AI-Generated Image Detection,institution:e73ae6a6d6ff3735,University of Bologna,mapping:445b5f89cab4cdddba31,Lorenzo Pellegrini; Serafino Pandolfini; Davide Maltoni; Matteo Ferrara,location:e73ae6a6d6ff3735f995,Bologna,Emilia-Romagna,Italy,44.4964,11.3547,confirmed,COMPLETE,curated_confirmed_location,"Source-backed affiliation, canonical institution identity, and selected location are represented by the exported mapping lineage."
curated:c9c2682178c0f22b648f,AI-GenBench: A New Ongoing Benchmark for AI-Generated Image Detection,institution:fe7a819f82113c79,IdentifAI,mapping:bc22cfd2f80dd3accf61,Marco Prati; Marco Ramilli,location:fe7a819f82113c79e588,Milan,Lombardy,Italy,45.4642,9.19,confirmed,COMPLETE,curated_confirmed_location,"Source-backed affiliation, canonical institution identity, and selected location are represented by the exported mapping lineage."
curated:211ea83fa8d41c8ec810,AI-Generated Image Detection Algorithm Based on Classical-Quantum Hybrid Neural Network,institution:16ee891260af74c0,Anhui University,mapping:d69ef60c28ad5043b3da,Juncong Xu; Yang Yang; Lei Qu,location:9ed4a37245617a66decc,Hefei,Anhui,China,31.8471875,117.2501336,confirmed,COMPLETE,curated_confirmed_location,"Source-backed affiliation, canonical institution identity, and selected location are represented by the exported mapping lineage."
curated:211ea83fa8d41c8ec810,AI-Generated Image Detection Algorithm Based on Classical-Quantum Hybrid Neural Network,institution:502b0f4ec4bc4546,"Origin Quantum Computing Technology (Hefei) Co., Ltd.",mapping:b23b637b1e1894f67386,Menghan Dou,location:1ac420b9b6269a5589bc,Hefei,Anhui,China,31.8209,117.1266,confirmed,COMPLETE,curated_confirmed_location,"Source-backed affiliation, canonical institution identity, and selected location are represented by the exported mapping lineage."
curated:211ea83fa8d41c8ec810,AI-Generated Image Detection Algorithm Based on Classical-Quantum Hybrid Neural Network,institution:70ccb485197bbb6c,National University of Singapore,mapping:8f7295a5b0f5be985000,Han Fang,location:70ccb485197bbb6c89fd,Singapore,Singapore,Singapore,1.2959845,103.7766186,confirmed,COMPLETE,curated_confirmed_location,"Source-backed affiliation, canonical institution identity, and selected location are represented by the exported mapping lineage."
curated:211ea83fa8d41c8ec810,AI-Generated Image Detection Algorithm Based on Classical-Quantum Hybrid Neural Network,institution:db049bef3a2d25e0,"Institute of Artificial Intelligence, Hefei Comprehensive National Science Center",mapping:b29c346c0bf20d2e6579,Juncong Xu; Yang Yang; Zhaoyun Chen,location:db049bef3a2d25e0aae8,Hefei,Anhui,China,31.827,117.121,confirmed,COMPLETE,curated_confirmed_location,"Source-backed affiliation, canonical institution identity, and selected location are represented by the exported mapping lineage."
curated:211ea83fa8d41c8ec810,AI-Generated Image Detection Algorithm Based on Classical-Quantum Hybrid Neural Network,institution:e721b03b6f6c172d,University of Science and Technology of China,mapping:e9703eb14d5b51cd7de5,Kejiang Chen; Weiming Zhang; Lei Qu; Guoping Guo,location:e721b03b6f6c172dd7c7,Hefei,Anhui,China,31.8229,117.2808,confirmed,COMPLETE,curated_confirmed_location,"Source-backed affiliation, canonical institution identity, and selected location are represented by the exported mapping lineage."
curated:b08c8cdd637cf7f65d18,AI-Generated Image Detection Based on the Most Suspicious Patch,institution:2bec96b8d2c54388,Tianjin University of Science and Technology,mapping:7bd7366c95bbd332d511,Hang Gao,location:2bec96b8d2c54388b2fd,Tianjin,Tianjin,China,39.083961,117.708631,confirmed,COMPLETE,curated_confirmed_location,"Source-backed affiliation, canonical institution identity, and selected location are represented by the exported mapping lineage."
curated:b08c8cdd637cf7f65d18,AI-Generated Image Detection Based on the Most Suspicious Patch,institution:70f74652d14cacde,Nankai University,mapping:a9860ebd914d31035a5c,Mengting Hu; Tiegang Gao,location:70f74652d14cacde8518,Tianjin,Tianjin,China,38.9869388,117.33941,confirmed,COMPLETE,curated_confirmed_location,"Source-backed affiliation, canonical institution identity, and selected location are represented by the exported mapping lineage."
,AI-Generated Image Detection Using Semantic Feature,institution:72e33b377a422ec3,National Taiwan University of Science and Technology,,Hau-Ching Chen; Yu-Pin Shen; Yi-Hung Yeh; Jiann-Liang Chen,,Taipei,Taiwan,China,25.05306,121.52639,automatic_export_eligible,COMPLETE,existing_validated_automatic_location,Existing public location provenance retained; no new geocoding or independent re-review.
,AI-Generated Image Detection With Wasserstein Distance Compression and Dynamic Aggregation,institution:31f980eaa403801a,The Hong Kong Polytechnic University,,Zihang Lyu; Jun Xiao; Cong Zhang; Kin‐Man Lam,,Hong Kong,Hong Kong,China,22.27832,114.17469,automatic_export_eligible,COMPLETE,existing_validated_automatic_location,Existing public location provenance retained; no new geocoding or independent re-review.
,AI-Generated Image Detection using a Cross-Attention Enhanced Dual-Stream Network,institution:5c85faa51cc57a24,Sun Yat-sen University,,Ziyi Xi; Wenmin Huang; Kangkang Wei; Weiqi Luo; Peijia Zheng,,Guangzhou,,China,23.11667,113.25,automatic_export_eligible,COMPLETE,existing_validated_automatic_location,Existing public location provenance retained; no new geocoding or independent re-review.
curated:98bed92571e23d5df139,AI-Generated Image Detection: Challenges and Recent Advances,institution:4bbe21fee76b02a9,Swiss federal Institute of Technology in Lausanne,mapping:84f672691c45917657d5,Quentin Bammey,location:86d6b804e52f77cd05f4,Lausanne,Vaud,Switzerland,46.5188,6.5593,confirmed,COMPLETE,curated_confirmed_location,"Source-backed affiliation, canonical institution identity, and selected location are represented by the exported mapping lineage."
curated:98bed92571e23d5df139,AI-Generated Image Detection: Challenges and Recent Advances,institution:53765f8a62a101ca,Télécom Paris,mapping:9ef32f8c06f11f8510fa,Quentin Bammey,location:15fddbc0add01ee5bfa0,Palaiseau,Île-de-France,France,48.7131108,2.199685,confirmed,COMPLETE,curated_confirmed_location,"Source-backed affiliation, canonical institution identity, and selected location are represented by the exported mapping lineage."
curated:98bed92571e23d5df139,AI-Generated Image Detection: Challenges and Recent Advances,institution:d046d2c57bb3a863,University of Naples Federico II,mapping:7fc52c9615f4e76ec688,Riccardo Corvi; Davide Cozzolino; Luisa Verdoliva,location:d046d2c57bb3a863a89a,Naples,Campania,Italy,40.8463,14.2572,confirmed,COMPLETE,curated_confirmed_location,"Source-backed affiliation, canonical institution identity, and selected location are represented by the exported mapping lineage."
curated:98bed92571e23d5df139,AI-Generated Image Detection: Challenges and Recent Advances,institution:f841aa8a7a0d29aa,Centre for Research and Technology Hellas,mapping:be0550a60e2fb6f31ecd,Christos Koutlis; Despina Konstantinidou; Manos Schinas; Dimitrios Karageorgiou; Symeon Papadopoulos,location:2be8edf081e0c9efdf5d,Thessaloniki,Central Macedonia,Greece,40.64361,22.93086,confirmed,COMPLETE,curated_confirmed_location,"Source-backed affiliation, canonical institution identity, and selected location are represented by the exported mapping lineage."
curated:1a8e996ef9ce73efc0ef,AI-Generated Image Homology Detection,institution:2bec96b8d2c54388,Tianjin University of Science and Technology,mapping:6e55e617ec7c11f161b9,Hang Gao,location:2bec96b8d2c54388b2fd,Tianjin,Tianjin,China,39.083961,117.708631,confirmed,COMPLETE,curated_confirmed_location,"Source-backed affiliation, canonical institution identity, and selected location are represented by the exported mapping lineage."
curated:1a8e996ef9ce73efc0ef,AI-Generated Image Homology Detection,institution:48441fb89f75bf9d,People's Public Security University of China,mapping:60f3240f6653da5d0c52,Rui Ba,location:48441fb89f75bf9d620a,Beijing,Beijing,China,39.91135,116.34072,confirmed,COMPLETE,curated_confirmed_location,"Source-backed affiliation, canonical institution identity, and selected location are represented by the exported mapping lineage."
curated:1a8e996ef9ce73efc0ef,AI-Generated Image Homology Detection,institution:5fbb6e2cbdd4ea21,Renmin University of China,mapping:6d5cc8ce55c735ae2114,Kaiye Yu,location:5fbb6e2cbdd4ea21f83c,Beijing,Beijing,China,39.9674,116.3181,confirmed,COMPLETE,curated_confirmed_location,"Source-backed affiliation, canonical institution identity, and selected location are represented by the exported mapping lineage."
curated:1a8e996ef9ce73efc0ef,AI-Generated Image Homology Detection,institution:6235ae2101dec1c1,Shanghai Customs University,mapping:1c87d58e7409b37edffb,Han Xing,location:6235ae2101dec1c1a8d0,Shanghai,Shanghai,China,31.21926,121.59342,confirmed,COMPLETE,curated_confirmed_location,"Source-backed affiliation, canonical institution identity, and selected location are represented by the exported mapping lineage."
curated:1a8e996ef9ce73efc0ef,AI-Generated Image Homology Detection,institution:70f74652d14cacde,Nankai University,mapping:392e501523cb940efeaa,Mengting Hu,location:70f74652d14cacde8518,Tianjin,Tianjin,China,38.9869388,117.33941,confirmed,COMPLETE,curated_confirmed_location,"Source-backed affiliation, canonical institution identity, and selected location are represented by the exported mapping lineage."
,AI-Generated-Image Detection Using Deep Learning Techniques,institution:cd743b4a401f4611,University of Mumbai,,Dhruv Bhatada; Nimesh Gujari; Priyanka Pandey; Yashvant Chhapwale; Yogita Shelar,,Mumbai,,India,19.07283,72.88261,automatic_export_eligible,COMPLETE,existing_validated_automatic_location,Existing public location provenance retained; no new geocoding or independent re-review.
,AI-enabled image fraud in scientific publications,institution:0d485839c904b21b,Shenzhen Academy of Robotics,,Junhua Zhao,,Shenzhen,,China,22.54554,114.0683,automatic_export_eligible,COMPLETE,existing_validated_automatic_location,Existing public location provenance retained; no new geocoding or independent re-review.
,AI-enabled image fraud in scientific publications,institution:1984e5f97afb62d8,The University of Sydney,,Jinjin Gu; Xinlei Wang; Jing Qiu,,Sydney,,Australia,-33.86785,151.20732,automatic_export_eligible,COMPLETE,existing_validated_automatic_location,Existing public location provenance retained; no new geocoding or independent re-review.
,AI-enabled image fraud in scientific publications,institution:2f6dd59c6afca61d,First Affiliated Hospital of GuangXi Medical University,,Weijin Fu,,Nanning,,China,22.81667,108.31667,automatic_export_eligible,COMPLETE,existing_validated_automatic_location,Existing public location provenance retained; no new geocoding or independent re-review.
,AI-enabled image fraud in scientific publications,institution:d1de2b99104f99ed,Guangxi Medical University,,Weijin Fu,,Nanning,,China,22.81667,108.31667,automatic_export_eligible,COMPLETE,existing_validated_automatic_location,Existing public location provenance retained; no new geocoding or independent re-review.
,AI-enabled image fraud in scientific publications,institution:d31a9474efa16c6c,"Chinese University of Hong Kong, Shenzhen",,Chenang Li; Junhua Zhao; Gaoqi Liang,,Shenzhen,,China,22.54554,114.0683,automatic_export_eligible,COMPLETE,existing_validated_automatic_location,Existing public location provenance retained; no new geocoding or independent re-review.
,AI-generated Image Detection: Passive or Watermark?,institution:5de5568dbc559111,Oak Ridge National Laboratory,,Amir Sadovnik; Arka Daw,,Oak Ridge,,United States,35.9313,-84.3104,automatic_export_eligible,COMPLETE,existing_validated_automatic_location,Existing public location provenance retained; no new geocoding or independent re-review.
,AI-generated Image Detection: Passive or Watermark?,institution:781afa4ed50a74b8,Duke University,,Moyang Guo; Yuepeng Hu; Zhengyuan Jiang; Zeyu Li; Neil Zhenqiang Gong,,Durham,,United States,35.99403,-78.89862,automatic_export_eligible,COMPLETE,existing_validated_automatic_location,Existing public location provenance retained; no new geocoding or independent re-review.
curated:2465f28a94bb45bec499,AIGI-Holmes: Towards Explainable and Generalizable AI-Generated Image Detection via Multimodal Large Language Models,institution:3e78e883c14f8bb8,Tencent Youtu Lab,mapping:2d6df3ed59b5acd32071,Yunpeng Luo; Yuanchen Wu; Ke Yan; Shouhong Ding; Yunsheng Wu,location:3e78e883c14f8bb839b1,Shanghai,Shanghai,China,31.1836,121.4502,confirmed,COMPLETE,curated_confirmed_location,"Source-backed affiliation, canonical institution identity, and selected location are represented by the exported mapping lineage."
curated:2465f28a94bb45bec499,AIGI-Holmes: Towards Explainable and Generalizable AI-Generated Image Detection via Multimodal Large Language Models,institution:929ddef9540ec1e7,Xiamen University,mapping:fec4dad376ec37dfcd9d,Ziyin Zhou; Ke Sun; Jiayi Ji; Xiaoshuai Sun; Rongrong Ji,location:929ddef9540ec1e76a47,Xiamen,Fujian,China,24.4389,118.0947,confirmed,COMPLETE,curated_confirmed_location,"Source-backed affiliation, canonical institution identity, and selected location are represented by the exported mapping lineage."
,AdaptPrompt: Parameter-Efficient Adaptation of VLMs for Generalizable Deepfake Detection,institution:7417258b2e3d3491,University of Waterloo,mapping:40860326d87c16fb3561,Yichen Jiang; Fakhri Karray,location:7417258b2e3d34918af8,Waterloo,Ontario,Canada,43.4723,-80.5449,confirmed,COMPLETE,curated_confirmed_location,"Source-backed affiliation, canonical institution identity, and selected location are represented by the exported mapping lineage."
,AdaptPrompt: Parameter-Efficient Adaptation of VLMs for Generalizable Deepfake Detection,institution:b978b6dfc7b3baa0,University of Bergen,mapping:22c065daf87d60a091d8,Sohail Ahmed Khan; Duc-Tien Dang-Nguyen,location:b978b6dfc7b3baa06ec0,Bergen,Vestland,Norway,60.3862,5.3204,confirmed,COMPLETE,curated_confirmed_location,"Source-backed affiliation, canonical institution identity, and selected location are represented by the exported mapping lineage."
,AdaptPrompt: Parameter-Efficient Adaptation of VLMs for Generalizable Deepfake Detection,institution:f04b96a9716ab2f4,Mohamed bin Zayed University of Artificial Intelligence,mapping:37226513ee9bb670e2a9,Mohammed Talha Alam,location:f04b96a9716ab2f49ddf,Abu Dhabi,Abu Dhabi,United Arab Emirates,24.4329,54.6178,confirmed,COMPLETE,curated_confirmed_location,"Source-backed affiliation, canonical institution identity, and selected location are represented by the exported mapping lineage."
,Adaptive Forensic Feature Refinement via Intrinsic Importance Perception,institution:6faf58b52bec4e39,Alibaba Inc,mapping:500b21a30c88b9c79858,Junjun Zheng; Xiangheng Kong,location:6faf58b52bec4e39e037,Hangzhou,Zhejiang,China,30.1919,120.1858,confirmed,COMPLETE,curated_confirmed_location,"Source-backed affiliation, canonical institution identity, and selected location are represented by the exported mapping lineage."
,Adaptive Forensic Feature Refinement via Intrinsic Importance Perception,institution:9b91aedca1273b56,Zhejiang University of Technology,mapping:55513f5c5733c8ae36d5,Jie Lei,location:9b91aedca1273b5693f7,Hangzhou,Zhejiang,China,30.2954,120.1609,confirmed,COMPLETE,curated_confirmed_location,"Source-backed affiliation, canonical institution identity, and selected location are represented by the exported mapping lineage."
,Adaptive Forensic Feature Refinement via Intrinsic Importance Perception,institution:e433baf78e80004b,Zhejiang University,mapping:e0952a0f53ca608659ea,Jiazhen Yang; Kejia Chen; Zunlei Feng; Bingde Hu; Yang Gao,location:e433baf78e80004bdaba,Hangzhou,Zhejiang,China,30.3083,120.0867,confirmed,COMPLETE,curated_confirmed_location,"Source-backed affiliation, canonical institution identity, and selected location are represented by the exported mapping lineage."
curated:c6bfe8f5199d1d8beb29,Adaptive Test-Time Semantic Debiasing for AI-Generated Image Detection,institution:612630c2527bff83,University at Buffalo,mapping:701e78fa5e24e30b0aca,Yu Cai; Siwei Lyu,location:ad81b7fe4ed998909c6e,Amherst,Amherst,United States,43.001,-78.79,confirmed,COMPLETE,curated_confirmed_location,"Source-backed affiliation, canonical institution identity, and selected location are represented by the exported mapping lineage."
curated:c6bfe8f5199d1d8beb29,Adaptive Test-Time Semantic Debiasing for AI-Generated Image Detection,institution:cee70184073782c7,"Institute of Information Engineering, Chinese Academy of Sciences",mapping:7ca5a7c70f6c50177dab,Jiahe Tian; Xiaomeng Fu; Jiao Dai; Jizhong Han,location:cee70184073782c75a7d,Beijing,Beijing,China,39.9163,116.3385,confirmed,COMPLETE,curated_confirmed_location,"Source-backed affiliation, canonical institution identity, and selected location are represented by the exported mapping lineage."
curated:4a837e09b6b57f6f6d47,Addressing Diffusion Model Based Counter-Forensic Image Manipulation for Synthetic Image Detection,institution:12fe4f34c1ed5053,National Institute of Technology Karnataka,mapping:d9e7ecf65fb8d4379148,Aryan N Herur; Vaibhav Santhosh,location:cd72f4404e6e5a4cd155,Surathkal,Karnataka,India,13.011191,74.7960578,confirmed,COMPLETE,curated_confirmed_location,"Source-backed affiliation, canonical institution identity, and selected location are represented by the exported mapping lineage."
curated:4a837e09b6b57f6f6d47,Addressing Diffusion Model Based Counter-Forensic Image Manipulation for Synthetic Image Detection,institution:1f4217b90babf040,Indian Institute of Science,mapping:1bd5d34840693d7b3397,Nishanth Shetty; Chandra Sekhar Seelamantula,location:c01705e6715a30d51366,Bengaluru,Karnataka,India,13.0222347,77.5671832,confirmed,COMPLETE,curated_confirmed_location,"Source-backed affiliation, canonical institution identity, and selected location are represented by the exported mapping lineage."
,Advanced Detection of AI-Generated Images Through Vision Transformers,institution:141dbbea6bba3a37,Everest English Boarding Secondary School,mapping:94a13c727f90e6339e38,Darshan Lamichhane,location:141dbbea6bba3a377d2f,Butwal,Lumbini,Nepal,27.68895,83.471774,confirmed,COMPLETE,curated_confirmed_location,"Source-backed affiliation, canonical institution identity, and selected location are represented by the exported mapping lineage."
,Advancing AI-Generated Image Detection: Enhanced Accuracy through CNN and Vision Transformer Models with Explainable AI Insights,institution:592f613084a7ca9d,Southeast University,,Farhad Uz Zaman,,Dhaka,,Bangladesh,23.7104,90.40744,automatic_export_eligible,COMPLETE,existing_validated_automatic_location,Existing public location provenance retained; no new geocoding or independent re-review.
,Advancing AI-Generated Image Detection: Enhanced Accuracy through CNN and Vision Transformer Models with Explainable AI Insights,institution:c04d9c3ee6b155d2,Ahsanullah University of Science and Technology,,Md. Zahid Hossain; Md Rakibul Islam,,Dhaka,,Bangladesh,23.7104,90.40744,automatic_export_eligible,COMPLETE,existing_validated_automatic_location,Existing public location provenance retained; no new geocoding or independent re-review.
curated:17c17b87dfcd355ab1ba,Adversarial Diffusion Model: Generating High-Quality and Undetectable Images from Scratch,institution:baa1df7c4adddbda,Fudan University,mapping:a89063afa207e58c13cf,Haoyue Wang; Sheng Li; Zhenxing Qian; Xinpeng Zhang,location:baa1df7c4adddbda8d0b,Shanghai,Shanghai,China,31.2989,121.5018,confirmed,COMPLETE,curated_confirmed_location,"Source-backed affiliation, canonical institution identity, and selected location are represented by the exported mapping lineage."
curated:cdbafbabadfbb462102a,Aggregating Diverse Cue Experts for AI-Generated Image Detection,institution:70ccb485197bbb6c,National University of Singapore,mapping:b72e74c8b2e527057585,Lei Tan; Shuwei Li; Mohan S. Kankanhalli; Robby T. Tan,location:70ccb485197bbb6c89fd,Singapore,Singapore,Singapore,1.2959845,103.7766186,confirmed,COMPLETE,curated_confirmed_location,"Source-backed affiliation, canonical institution identity, and selected location are represented by the exported mapping lineage."
curated:0b34eeaa2b4f5b0a7b3b,Aligned Datasets Improve Detection of Latent Diffusion-Generated Images,institution:3e2e527953176c93,University of Wisconsin-Madison,mapping:35dcfda02bdcaf42f386,Anirudh Sundara Rajan; Utkarsh Ojha; Jedidiah Schloesser; Yong Jae Lee,location:3e2e527953176c93d518,Madison,Wisconsin,United States,43.0758,-89.4039,confirmed,COMPLETE,curated_confirmed_location,"Source-backed affiliation, canonical institution identity, and selected location are represented by the exported mapping lineage."
curated:2b5013b99aa5e4de2621,All Patches Are Not Equal: Focusing on a Single Exposed Patch for AI-Generated Image Detection,institution:85a4635e28eefe8e,Shanghai Polytechnic University,mapping:789bd1f60cfba26fb43b,Liwei Yao; Sen Niu; Xiaomei Feng; Bofeng Zhang; Kefeng Li,location:85a4635e28eefe8e,Shanghai,Shanghai,China,31.22222,121.45806,confirmed,COMPLETE,curated_confirmed_location,"Source-backed affiliation, canonical institution identity, and selected location are represented by the exported mapping lineage."
curated:2b5013b99aa5e4de2621,All Patches Are Not Equal: Focusing on a Single Exposed Patch for AI-Generated Image Detection,institution:966ff12833f90bb0,"Institute of Automation, Chinese Academy of Sciences",mapping:f8134e710ec05879fa86,Ruiqi Liu,location:966ff12833f90bb0ba7e,Beijing,Beijing,China,39.9826,116.3336,confirmed,COMPLETE,curated_confirmed_location,"Source-backed affiliation, canonical institution identity, and selected location are represented by the exported mapping lineage."
curated:386ccd052b812587c286,"All Patches Matter, More Patches Better: Enhance AI-Generated Image Detection via Panoptic Patch Learning",institution:3e78e883c14f8bb8,Tencent Youtu Lab,mapping:f4284edd4695718e3905,Ruoxin Chen; Keyue Zhang; Shuang Wu; Taiping Yao; Shouhong Ding,location:3e78e883c14f8bb839b1,Shanghai,Shanghai,China,31.1836,121.4502,confirmed,COMPLETE,curated_confirmed_location,"Source-backed affiliation, canonical institution identity, and selected location are represented by the exported mapping lineage."
curated:386ccd052b812587c286,"All Patches Matter, More Patches Better: Enhance AI-Generated Image Detection via Panoptic Patch Learning",institution:46e4866d3b2954ab,Peking University,mapping:fd34ec70d270236414fb,Zhiyuan Yan,location:46e4866d3b2954ab314b,Beijing,Beijing,China,39.9928,116.3058,confirmed,COMPLETE,curated_confirmed_location,"Source-backed affiliation, canonical institution identity, and selected location are represented by the exported mapping lineage."
curated:386ccd052b812587c286,"All Patches Matter, More Patches Better: Enhance AI-Generated Image Detection via Panoptic Patch Learning",institution:a5744bc50825ed1f,"WeChat Pay, Tencent",mapping:425ed7a71dbb40d09569,Xiujun Shu,location:a5744bc50825ed1f4323,Shenzhen,Guangdong,China,22.5405,113.9346,confirmed,COMPLETE,curated_confirmed_location,"Source-backed affiliation, canonical institution identity, and selected location are represented by the exported mapping lineage."
curated:386ccd052b812587c286,"All Patches Matter, More Patches Better: Enhance AI-Generated Image Detection via Panoptic Patch Learning",institution:e433baf78e80004b,Zhejiang University,mapping:c2dd804411c784e50bf9,Zheng Yang; Xinghe Fu; Zequn Qin; Xi Li,location:e433baf78e80004bdaba,Hangzhou,Zhejiang,China,30.3083,120.0867,confirmed,COMPLETE,curated_confirmed_location,"Source-backed affiliation, canonical institution identity, and selected location are represented by the exported mapping lineage."
curated:d6f1c90d69e8b0e68e4f,All-Around Forgery Clues for Generalizable AI-Generated Image Detection,institution:42fcf4ae44e1a706,University of Florence,mapping:581ef84c271494a1d703,Jianwei Fei; Alessandro Piva,location:42fcf4ae44e1a706454c,Florence,Tuscany,Italy,43.7779,11.2591,confirmed,COMPLETE,curated_confirmed_location,"Source-backed affiliation, canonical institution identity, and selected location are represented by the exported mapping lineage."
curated:d6f1c90d69e8b0e68e4f,All-Around Forgery Clues for Generalizable AI-Generated Image Detection,institution:8632718a2c1444c6,Jinan University,mapping:f72845eb89c7d48e79ab,Xiaoyu Zhou; Peipeng Yu; Zhihua Xia,location:8632718a2c1444c6cc38,Guangzhou,Guangdong,China,23.1335,113.3419,confirmed,COMPLETE,curated_confirmed_location,"Source-backed affiliation, canonical institution identity, and selected location are represented by the exported mapping lineage."
curated:d6f1c90d69e8b0e68e4f,All-Around Forgery Clues for Generalizable AI-Generated Image Detection,institution:8fe72087521e285a,Guangdong University of Technology,mapping:035e570a8ce171093da1,Jingchang Xie,location:8fe72087521e285a8c05,Guangzhou,Guangdong,China,23.0374,113.3948,confirmed,COMPLETE,curated_confirmed_location,"Source-backed affiliation, canonical institution identity, and selected location are represented by the exported mapping lineage."
curated:d6f1c90d69e8b0e68e4f,All-Around Forgery Clues for Generalizable AI-Generated Image Detection,institution:9ab7959736f7be0d,Shenzhen Campus of Sun Yat-sen University,mapping:c1a713a269db33b78c31,Yunshu Dai,location:9ab7959736f7be0d,Shenzhen,Guangdong,China,22.80335,113.95019,confirmed,COMPLETE,curated_confirmed_location,"Source-backed affiliation, canonical institution identity, and selected location are represented by the exported mapping lineage."
curated:d6f1c90d69e8b0e68e4f,All-Around Forgery Clues for Generalizable AI-Generated Image Detection,institution:f34946305c17c505,Dongguan University of Technology,mapping:d769d43c78e13dc88693,Xiang Liu,location:9d9bd8feb811f21ccc67,Dongguan,Guangdong,China,23.0452171,113.9798709,source_backed_preliminary,COMPLETE,curated_confirmed_location,"Source-backed affiliation, canonical institution identity, and selected location are represented by the exported mapping lineage."
,An Analysis of Recent Advances in Deepfake Image Detection in an Evolving Threat Landscape,institution:191fc14de0344472,Virginia Tech,,Sifat Muhammad Abdullah; Aravind Cheruvu; Shravya Kanchi; Taejoong Chung; Peng Gao; Murtuza Jadliwala; Bimal Viswanath,,Blacksburg,,United States,37.22957,-80.41394,automatic_export_eligible,COMPLETE,existing_validated_automatic_location,Existing public location provenance retained; no new geocoding or independent re-review.
curated:1c590f67c931d712bb78,An Efficient Frequency Domain Based Attribution and Detection Network,institution:94efe2a875dd4d0e,The University of British Columbia,mapping:d2177acec383989750a4,Junbin Zhang; Yixiao Wang; Hamid Reza Tohidypour; Panos Nasiopoulos,location:94efe2a875dd4d0e3b95,Vancouver,British Columbia,Canada,49.260605,-123.245993,confirmed,COMPLETE,curated_confirmed_location,"Source-backed affiliation, canonical institution identity, and selected location are represented by the exported mapping lineage."
,An Evaluation of Deep Learning-Based Computer Generated Image Detection Approaches,institution:07d62a903f84afcd,Hangzhou Dianzi University,,Xuan Ni; Linqiang Chen; Lifeng Yuan; Guohua Wu; Ye Yao,,Hangzhou,,China,30.29365,120.16142,automatic_export_eligible,COMPLETE,existing_validated_automatic_location,Existing public location provenance retained; no new geocoding or independent re-review.
,An Eyes-Based Siamese Neural Network for the Detection of GAN-Generated Face Images,institution:65dbfd1e022f02e2,University of Siena,mapping:018f12bedc3d33210785,Jun Wang; Benedetta Tondi; Mauro Barni,location:65dbfd1e022f02e2ac68,Siena,Toscany,Italy,43.3191,11.3328,confirmed,COMPLETE,curated_confirmed_location,"Source-backed affiliation, canonical institution identity, and selected location are represented by the exported mapping lineage."
curated:80e6fc4ce64c001a2b3d,An Improved Dense CNN Architecture for Deepfake Image Detection,institution:79bdedc4507c21a5,Najran University,mapping:066edb3085503974006e,Turki Alsuwian,location:2ff7c6d99f3b0949e23c,Najran,Najran Region,Saudi Arabia,17.6428704,44.5345446,confirmed,COMPLETE,curated_confirmed_location,"Source-backed affiliation, canonical institution identity, and selected location are represented by the exported mapping lineage."
curated:80e6fc4ce64c001a2b3d,An Improved Dense CNN Architecture for Deepfake Image Detection,institution:af28dc8d805f8918,Nirma University,mapping:7b5d0f836aa1fa476a20,Yogesh Patel; Sudeep Tanwar; Rajesh Gupta,location:e90d30e3482b2158a2c7,Ahmedabad,Gujarat,India,23.1283839,72.544473,confirmed,COMPLETE,curated_confirmed_location,"Source-backed affiliation, canonical institution identity, and selected location are represented by the exported mapping lineage."
curated:80e6fc4ce64c001a2b3d,An Improved Dense CNN Architecture for Deepfake Image Detection,institution:cc8345310a2617a6,Durban University of Technology,mapping:3138e3f13845d64f2868,Thokozile F. Mazibuko,location:bf16caf72c0dd6b7b38c,Durban,KwaZulu-Natal,South Africa,-29.852922926731402,31.005967931251714,confirmed,COMPLETE,curated_confirmed_location,"Source-backed affiliation, canonical institution identity, and selected location are represented by the exported mapping lineage."
curated:80e6fc4ce64c001a2b3d,An Improved Dense CNN Architecture for Deepfake Image Detection,institution:d04d3d98b14dcbc7,Cape Peninsula University of Technology,mapping:5f4209363fff0c520844,Innocent Ewean Davidson,location:4940f5e68477ff1781c1,Bellville,Western Cape,South Africa,-33.9318380,18.6421452,confirmed,COMPLETE,curated_confirmed_location,"Source-backed affiliation, canonical institution identity, and selected location are represented by the exported mapping lineage."
curated:80e6fc4ce64c001a2b3d,An Improved Dense CNN Architecture for Deepfake Image Detection,institution:f7126dbda09b4f9a,Amity University,mapping:8fb6a74c8cf82141a5de,Pronaya Bhattacharya,location:09b6c14fe356ea7bb956,New Town,West Bengal,India,22.5959131,88.4878653,confirmed,COMPLETE,curated_confirmed_location,"Source-backed affiliation, canonical institution identity, and selected location are represented by the exported mapping lineage."
,Analysis Survey on Deepfake detection and Recognition with Convolutional Neural Networks,institution:720565e77c6f2c38,Marmara University,,Adil Deniz Duru,,Istanbul,,Turkey,41.01384,28.94966,automatic_export_eligible,COMPLETE,existing_validated_automatic_location,Existing public location provenance retained; no new geocoding or independent re-review.
,Analysis Survey on Deepfake detection and Recognition with Convolutional Neural Networks,institution:f4c98270ae3164c6,Karabük University,,Saadaldeen Rashid Ahmed; Emrullah Sonuç; Mohammed Rashid Ahmed,,Karabük,,Turkey,41.20488,32.62768,automatic_export_eligible,COMPLETE,existing_validated_automatic_location,Existing public location provenance retained; no new geocoding or independent re-review.
curated:92fe1dfd435209b21ff4,Anchor-Regularized Adaptation for Generalizable AI-Generated Image Detection with DINOv3,institution:80be56bd7a068816,Secure Machines Lab Inc.,mapping:bf942a0e4b1f442d0b46,Simon S. Woo,location:62b8e6e413ae1cce72d4,Suwon-si,Gyeonggi,South Korea,37.29303,126.97038,source_backed_preliminary,COMPLETE,curated_confirmed_location,"Source-backed affiliation, canonical institution identity, and selected location are represented by the exported mapping lineage."
curated:92fe1dfd435209b21ff4,Anchor-Regularized Adaptation for Generalizable AI-Generated Image Detection with DINOv3,institution:d046d2c57bb3a863,University of Naples Federico II,mapping:7c55fdd69cbe0ed6ef1e,Davide Cozzolino; Luisa Verdoliva,location:d046d2c57bb3a863a89a,Naples,Campania,Italy,40.8463,14.2572,confirmed,COMPLETE,curated_confirmed_location,"Source-backed affiliation, canonical institution identity, and selected location are represented by the exported mapping lineage."
curated:92fe1dfd435209b21ff4,Anchor-Regularized Adaptation for Generalizable AI-Generated Image Detection with DINOv3,institution:e80b94c605da24ce,Sungkyunkwan University,mapping:f75fabd84af2c71c10f5,Hyeongjun Choi; Juhun Lee; Simon S. Woo,location:e80b94c605da24cea15f,Suwon,Gyeonggi-do,South Korea,37.2939,126.9757,confirmed,COMPLETE,curated_confirmed_location,"Source-backed affiliation, canonical institution identity, and selected location are represented by the exported mapping lineage."
curated:718ce9e82d185c331bdf,AntifakePrompt: Prompt-Tuned Vision-Language Models Are Fake Image Detectors,institution:b99e56fd55395250,National Yang Ming Chiao Tung University,mapping:bfdbca6cff5fa5026710,Chen Yeh; You-Ming Chang; Wei-Chen Chiu,location:b99e56fd553952504c88,Hsinchu,Taiwan,China,24.786,120.997,confirmed,COMPLETE,curated_confirmed_location,"Source-backed affiliation, canonical institution identity, and selected location are represented by the exported mapping lineage."
curated:718ce9e82d185c331bdf,AntifakePrompt: Prompt-Tuned Vision-Language Models Are Fake Image Detectors,institution:fbc0802be3266f6f,Netflix Eyeline Studios,mapping:862821d11372170ae851,Ning Yu,location:fbc0802be3266f6f98f0,Los Angeles,California,United States,34.0522,-118.2437,confirmed,COMPLETE,curated_confirmed_location,"Source-backed affiliation, canonical institution identity, and selected location are represented by the exported mapping lineage."
,Any-Resolution AI-Generated Image Detection by Spectral Learning,institution:4a9a14dbf4357b38,University of Amsterdam,,Efstratios Gavves,,Amsterdam,,Netherlands,52.37403,4.88969,automatic_export_eligible,COMPLETE,existing_validated_automatic_location,Existing public location provenance retained; no new geocoding or independent re-review.
,Any-Resolution AI-Generated Image Detection by Spectral Learning,institution:f841aa8a7a0d29aa,Centre for Research and Technology Hellas,,Dimitrios Karageorgiou; Symeon Papadopoulos; Ioannis Kompatsiaris,,Thessaloniki,,Greece,40.64361,22.93086,automatic_export_eligible,COMPLETE,existing_validated_automatic_location,Existing public location provenance retained; no new geocoding or independent re-review.
curated:074bb9a77ee85d50090c,Aperture: A Patch-Aware Framework for Joint Forgery Detection and Localization,institution:1502cb7c96ae3095,Beijing University of Posts and Telecommunications,mapping:bbc18a6603065b5f35e8,Anwen Yang; Jiaming Chu; Zhaofeng He,location:1502cb7c96ae3095e27b,Beijing,Beijing,China,39.962,116.358,confirmed,COMPLETE,curated_confirmed_location,"Source-backed affiliation, canonical institution identity, and selected location are represented by the exported mapping lineage."
curated:074bb9a77ee85d50090c,Aperture: A Patch-Aware Framework for Joint Forgery Detection and Localization,institution:592f613084a7ca9d,Southeast University,mapping:7b8b6ea6860de449bc2f,Yuchu Jiang; Xu Yang,location:592f613084a7ca9dda09,Nanjing,Jiangsu,China,31.8892,118.8156,confirmed,COMPLETE,curated_confirmed_location,"Source-backed affiliation, canonical institution identity, and selected location are represented by the exported mapping lineage."
curated:074bb9a77ee85d50090c,Aperture: A Patch-Aware Framework for Joint Forgery Detection and Localization,institution:a1ff6f7123083db9,"Institute of Artificial Intelligence (TeleAI), China Telecom",mapping:21c7cd6ee821d386f58f,Anwen Yang; Jian Zhao; Yuchen Yuan; Tianle Zhang; Lei Jin; Chi Zhang,location:a1ff6f7123083db9bbd1,Beijing,Beijing,China,39.9439,116.3526,confirmed,COMPLETE,curated_confirmed_location,"Source-backed affiliation, canonical institution identity, and selected location are represented by the exported mapping lineage."
curated:074bb9a77ee85d50090c,Aperture: A Patch-Aware Framework for Joint Forgery Detection and Localization,institution:a28e1611e5e6b8b6,Lanzhou University,mapping:90770ac9fa4fee016331,Xin Zhang,location:a28e1611e5e6b8b65824,Lanzhou,Gansu,China,36.047,103.859,confirmed,COMPLETE,curated_confirmed_location,"Source-backed affiliation, canonical institution identity, and selected location are represented by the exported mapping lineage."
curated:074bb9a77ee85d50090c,Aperture: A Patch-Aware Framework for Joint Forgery Detection and Localization,institution:bc1d8b5fba4bc5ff,Northwestern Polytechnical University,mapping:742ed759379967921d89,Jian Zhao,location:bc1d8b5fba4bc5ff7929,Xi’an,Shaanxi,China,34.2446,108.9186,confirmed,COMPLETE,curated_confirmed_location,"Source-backed affiliation, canonical institution identity, and selected location are represented by the exported mapping lineage."
curated:8bc69db49ef4b9db3cd6,Are CLIP Features All You Need for Universal Synthetic Image Origin Attribution?,institution:24e78a56f93457a5,City University of London,mapping:a5cf4389134b2a358b83,Christos Tzelepis,location:24e78a56f93457a51770,London,England,United Kingdom,51.5279,-0.1028,confirmed,COMPLETE,curated_confirmed_location,"Source-backed affiliation, canonical institution identity, and selected location are represented by the exported mapping lineage."
curated:8bc69db49ef4b9db3cd6,Are CLIP Features All You Need for Universal Synthetic Image Origin Attribution?,institution:42fcf4ae44e1a706,University of Florence,mapping:2aeb918d86fd8f55bcba,Dario Cioni; Lorenzo Seidenari,location:42fcf4ae44e1a706454c,Florence,Tuscany,Italy,43.7779,11.2591,confirmed,COMPLETE,curated_confirmed_location,"Source-backed affiliation, canonical institution identity, and selected location are represented by the exported mapping lineage."
curated:8bc69db49ef4b9db3cd6,Are CLIP Features All You Need for Universal Synthetic Image Origin Attribution?,institution:c5eade35ea50a856,Queen Mary University of London,mapping:434afb8aaa4ee64e222b,Dario Cioni; Ioannis Patras,location:c5eade35ea50a85601d3,London,England,United Kingdom,51.523,-0.0395,confirmed,COMPLETE,curated_confirmed_location,"Source-backed affiliation, canonical institution identity, and selected location are represented by the exported mapping lineage."
,Are GAN Generated Images Easy to Detect? A Critical Analysis of the State-of-the-Art,institution:d046d2c57bb3a863,University of Naples Federico II,mapping:c24d990d3ecf62b8b3cf,Diego Gragnaniello; Davide Cozzolino; Francesco Marra; Giovanni Poggi; Luisa Verdoliva,location:d046d2c57bb3a863a89a,Naples,Campania,Italy,40.8463,14.2572,confirmed,COMPLETE,curated_confirmed_location,"Source-backed affiliation, canonical institution identity, and selected location are represented by the exported mapping lineage."
curated:1d944c47839b3890a623,Are Handcrafted Filters Helpful for Attributing AI-Generated Images?,institution:51bbeb5bfb404721,University of Agder,mapping:60885b2524f55089d4f9,Athanasios V. Vasilakos,location:51bbeb5bfb404721257d,Kristiansand,Agder,Norway,58.1628,8.0014,confirmed,COMPLETE,curated_confirmed_location,"Source-backed affiliation, canonical institution identity, and selected location are represented by the exported mapping lineage."
curated:1d944c47839b3890a623,Are Handcrafted Filters Helpful for Attributing AI-Generated Images?,institution:baa1df7c4adddbda,Fudan University,mapping:6c65608e250cf9cf5f0a,Jialiang Li; Haoyue Wang; Sheng Li; Zhenxing Qian; Xinpeng Zhang,location:baa1df7c4adddbda8d0b,Shanghai,Shanghai,China,31.2989,121.5018,confirmed,COMPLETE,curated_confirmed_location,"Source-backed affiliation, canonical institution identity, and selected location are represented by the exported mapping lineage."
curated:7693a9c0107feaf90e10,Are High-Quality AI-Generated Images More Difficult for Models to Detect?,institution:4ae45b121fe12e9c,Tsinghua University,mapping:fbf61c19ecf041dac4dc,Xiangyang Ji,location:4ae45b121fe12e9c10b4,Beijing,Beijing,China,40.0007,116.3267,confirmed,COMPLETE,curated_confirmed_location,"Source-backed affiliation, canonical institution identity, and selected location are represented by the exported mapping lineage."
curated:7693a9c0107feaf90e10,Are High-Quality AI-Generated Images More Difficult for Models to Detect?,institution:5c85faa51cc57a24,Sun Yat-sen University,mapping:ae95082f70ec4f3327c0,Yao Xiao; Binbin Yang; Weiyan Chen; Zijie Cao; Ziyi Dong; Liang Lin; Pengxu Wei,location:5c85faa51cc57a24f560,Guangzhou,Guangdong,China,23.09959,113.29251,confirmed,COMPLETE,curated_confirmed_location,"Source-backed affiliation, canonical institution identity, and selected location are represented by the exported mapping lineage."
curated:7693a9c0107feaf90e10,Are High-Quality AI-Generated Images More Difficult for Models to Detect?,institution:aee00ab2f1fd8132,Peng Cheng Laboratory,mapping:419d1445f86603a3b557,Liang Lin; Pengxu Wei,location:aee00ab2f1fd813231e8,Shenzhen,Guangdong,China,22.62801,113.92921,confirmed,COMPLETE,curated_confirmed_location,"Source-backed affiliation, canonical institution identity, and selected location are represented by the exported mapping lineage."
curated:7693a9c0107feaf90e10,Are High-Quality AI-Generated Images More Difficult for Models to Detect?,institution:afc29be68ac419be,Xi'an Jiaotong University,mapping:913b9461f31f69c6cfa0,Jiahao Chen; Wei Ke,location:afc29be68ac419bed0ee,Xi’an,Shaanxi,China,34.2467,108.9839,confirmed,COMPLETE,curated_confirmed_location,"Source-backed affiliation, canonical institution identity, and selected location are represented by the exported mapping lineage."
,Art or Artifact? Segmenting AI-Generated Images for Deeper Detection,institution:e80b94c605da24ce,Sungkyunkwan University,,Yuqian Zheng; Hyeongjin Ahn; Eunil Park,,Seoul,,South Korea,37.566,126.9784,automatic_export_eligible,COMPLETE,existing_validated_automatic_location,Existing public location provenance retained; no new geocoding or independent re-review.
curated:837a8a0ceb9d8f86d02a,ArtGate: Injecting Fake Artifact Features Into CLIP for AI-Generated Image Detection,institution:74eb5a7db0242865,Nanchang University,mapping:94b7ca0ca604ca7f6b8c,Feng Ding,location:74eb5a7db024286599fe,Nanchang,Jiangxi,China,28.6546,115.8127,confirmed,COMPLETE,curated_confirmed_location,"Source-backed affiliation, canonical institution identity, and selected location are represented by the exported mapping lineage."
curated:837a8a0ceb9d8f86d02a,ArtGate: Injecting Fake Artifact Features Into CLIP for AI-Generated Image Detection,institution:fe438b1c7662476f,Harbin Institute of Technology,mapping:249b5f2e9b6c91623cce,Zheming Fan; Guopu Zhu; Long Sun; H ZHANG; Ligang Wu,location:fe438b1c7662476fc651,Harbin,Heilongjiang,China,45.7469,126.632,confirmed,COMPLETE,curated_confirmed_location,"Source-backed affiliation, canonical institution identity, and selected location are represented by the exported mapping lineage."
,Artifact feature purification for cross-domain detection of AI-generated images,institution:157163d25dac880f,Communication University of China,mapping:24eb798820d89d43bce2,Haonan Cheng,location:157163d25dac880f,Beijing,Beijing,China,39.9075,116.39723,confirmed,COMPLETE,curated_confirmed_location,"Source-backed affiliation, canonical institution identity, and selected location are represented by the exported mapping lineage."
,Artifact feature purification for cross-domain detection of AI-generated images,institution:69309405e04976ec,University of Chinese Academy of Sciences,mapping:92c9b9cfa2c3d2721e95,Zheling Meng; Jing Dong; Tieniu Tan,location:69309405e04976ecd5ee,Beijing,Beijing,China,39.9078,116.2523,confirmed,COMPLETE,curated_confirmed_location,"Source-backed affiliation, canonical institution identity, and selected location are represented by the exported mapping lineage."
,Artifact feature purification for cross-domain detection of AI-generated images,institution:966ff12833f90bb0,"Institute of Automation, Chinese Academy of Sciences",mapping:bf89138e096db6d1fdd8,Zheling Meng; Bo Peng; Jing Dong; Tieniu Tan,location:966ff12833f90bb0ba7e,Beijing,Beijing,China,39.9826,116.3336,confirmed,COMPLETE,curated_confirmed_location,"Source-backed affiliation, canonical institution identity, and selected location are represented by the exported mapping lineage."
curated:db62aa9b0b1aab0c9f7a,Artifact-Aware Explainable Deepfake Detection via Fake-Only High-Frequency Alignment Supervision,institution:bcd623204fe5d659,Bennett University,mapping:33bd8511c25391637d6b,Aditya Dev Mishra; Koushiki Das; Suman Mahapatra; Mayank Sisodia,location:bcd623204fe5d659a8ec,Madhaiya Maincha,Uttar Pradesh,India,28.4506108,77.5839118,confirmed,COMPLETE,curated_confirmed_location,"Source-backed affiliation, canonical institution identity, and selected location are represented by the exported mapping lineage."
,Artifact: A Large-Scale Dataset With Artificial And Factual Images For Generalizable And Robust Synthetic Image Detection,institution:a273d5856c9d065c,Bangladesh University of Engineering and Technology,mapping:32a17d59bc8b60d6ee82,Md Awsafur Rahman; Bishmoy Paul; Najibul Haque Sarker; Zaber Ibn Abdul Hakim; Shaikh Anowarul Fattah,location:951efc0b8e91b036f1e8,Dhaka,Dhaka,Bangladesh,23.7267,90.3925,confirmed,COMPLETE,curated_confirmed_location,"Source-backed affiliation, canonical institution identity, and selected location are represented by the exported mapping lineage."
curated:170f07b3d7020611e566,Attributing Fake Images to GANs: Learning and Analyzing GAN Fingerprints,institution:13f7c73ae8019e75,University of Maryland,mapping:fa48c67676a8f806e4a9,Ning Yu; Larry Davis,location:13f7c73ae8019e756ce4,College Park,Maryland,United States,38.9869,-76.9426,confirmed,COMPLETE,curated_confirmed_location,"Source-backed affiliation, canonical institution identity, and selected location are represented by the exported mapping lineage."
curated:170f07b3d7020611e566,Attributing Fake Images to GANs: Learning and Analyzing GAN Fingerprints,institution:aea376936c88135b,CISPA Helmholtz Center for Information Security,mapping:f85249eb07e4fec52b3c,Mario Fritz,location:aea376936c88135ba947,Saarbrücken,Saarland,Germany,49.2577,7.0422,confirmed,COMPLETE,curated_confirmed_location,"Source-backed affiliation, canonical institution identity, and selected location are represented by the exported mapping lineage."
curated:170f07b3d7020611e566,Attributing Fake Images to GANs: Learning and Analyzing GAN Fingerprints,institution:bef37c90751e824e,Max Planck Institute for Informatics,mapping:6d6b161b15c567a2a13b,Ning Yu,location:bef37c90751e824ed6c4,Saarbrücken,Saarland,Germany,49.257,7.0426,confirmed,COMPLETE,curated_confirmed_location,"Source-backed affiliation, canonical institution identity, and selected location are represented by the exported mapping lineage."
curated:af47c4b83dfd43175a4a,Attributing and Detecting Fake Images Generated by Known GANs,institution:a55a77635edc8711,University of Texas at Dallas,mapping:5958624e4e80750d8bef,Matthew Joslin; Shuang Hao,location:a55a77635edc8711d002,Richardson,Texas,United States,32.9858,-96.7501,confirmed,COMPLETE,curated_confirmed_location,"Source-backed affiliation, canonical institution identity, and selected location are represented by the exported mapping lineage."
curated:d3e19d8cb61eb0e7d620,Attribution as Retrieval: Model-Agnostic AI-Generated Image Attribution,institution:592f613084a7ca9d,Southeast University,mapping:c1d0326ee1c8d6d2f1b6,Hongsong Wang; Renxi Cheng; Chaolei Han; Jie Gui,location:592f613084a7ca9dda09,Nanjing,Jiangsu,China,31.8892,118.8156,confirmed,COMPLETE,curated_confirmed_location,"Source-backed affiliation, canonical institution identity, and selected location are represented by the exported mapping lineage."
curated:d3e19d8cb61eb0e7d620,Attribution as Retrieval: Model-Agnostic AI-Generated Image Attribution,institution:a4cdf5c9d1038c90,Purple Mountain Laboratories,mapping:a67a68405cb36dc15cd4,Jie Gui,location:a4cdf5c9d1038c90e7e0,Nanjing,Jiangsu,China,31.9236,118.8597,confirmed,COMPLETE,curated_confirmed_location,"Source-backed affiliation, canonical institution identity, and selected location are represented by the exported mapping lineage."
curated:78e64e4829587c072681,Attribution of AI-Generated Images Across Multiple Models: A Benchmark,institution:a407f4c649ba4c6a,University of Palermo,mapping:b8f33d38c88db04b2267,Giuseppe Mazzola; Liliana Lo Presti; Marco La Cascia,location:a407f4c649ba4c6a82e2,Palermo,Sicilia,Italy,38.1173970,13.3700045,confirmed,COMPLETE,curated_confirmed_location,"Source-backed affiliation, canonical institution identity, and selected location are represented by the exported mapping lineage."
curated:1bf124f8f57f00dddd01,Automated In-the-Wild Data Collection for Continual AI Generated Image Detection,institution:f841aa8a7a0d29aa,Centre for Research and Technology Hellas,mapping:42a739965bf6e61d1fd9,Thanasis Pantsios; Dimitrios Karageorgiou; Christos Koutlis; George Karantaidis; Olga Papadopoulou; Symeon Papadopoulos,location:2be8edf081e0c9efdf5d,Thessaloniki,Central Macedonia,Greece,40.64361,22.93086,confirmed,COMPLETE,curated_confirmed_location,"Source-backed affiliation, canonical institution identity, and selected location are represented by the exported mapping lineage."
curated:5f105b70c28ce5beeb0b,Autonomous and Self-Adapting System for Synthetic Media Detection and Attribution,institution:e0fc2ffb269489e7,Drexel University,mapping:c51fb6568d830d9fa9d2,Aref Azizpour; Tai D. Nguyen; Matthew C. Stamm,location:e0fc2ffb269489e70cd7,Philadelphia,Philadelphia,United States,39.9566,-75.1899,confirmed,COMPLETE,curated_confirmed_location,"Source-backed affiliation, canonical institution identity, and selected location are represented by the exported mapping lineage."
,BOSC: A Backdoor-Based Framework for Open Set Synthetic Image Attribution,institution:65dbfd1e022f02e2,University of Siena,,Jun Wang; Benedetta Tondi; Mauro Barni,,Siena,,Italy,43.31822,11.33064,automatic_export_eligible,COMPLETE,existing_validated_automatic_location,Existing public location provenance retained; no new geocoding or independent re-review.
curated:0526c3529dda4446a0d7,Background-Noise-Driven Detection of Diffusion-Generated Images,institution:a1e1ec8b780e67c8,Guizhou Normal University,mapping:c4496558aea39db7d8cf,Jiaming Li; Weihua Ou,location:b70b32ad83bf86c38150,Guiyang,Guizhou,China,26.5925815,106.7182373,confirmed,COMPLETE,curated_confirmed_location,"Source-backed affiliation, canonical institution identity, and selected location are represented by the exported mapping lineage."
curated:0526c3529dda4446a0d7,Background-Noise-Driven Detection of Diffusion-Generated Images,institution:afc29be68ac419be,Xi'an Jiaotong University,mapping:55815a90e2ffc1cc0467,Deyu Meng,location:afc29be68ac419bed0ee,Xi’an,Shaanxi,China,34.2467,108.9839,confirmed,COMPLETE,curated_confirmed_location,"Source-backed affiliation, canonical institution identity, and selected location are represented by the exported mapping lineage."
curated:0526c3529dda4446a0d7,Background-Noise-Driven Detection of Diffusion-Generated Images,institution:fe438b1c7662476f,Harbin Institute of Technology,mapping:68ea32fbf167fad496f5,Yang Xu,location:fe438b1c7662476fc651,Harbin,Heilongjiang,China,45.7469,126.632,confirmed,COMPLETE,curated_confirmed_location,"Source-backed affiliation, canonical institution identity, and selected location are represented by the exported mapping lineage."
,Benchmarking Deepart Detection,institution:a0c3927e4ddb3a39,University of Southampton,mapping:98aea98b9a285db3dc61,Zhiwu Huang,location:a0c3927e4ddb3a39da1e,Southampton,England,United Kingdom,50.9344,-1.3958,confirmed,COMPLETE,curated_confirmed_location,"Source-backed affiliation, canonical institution identity, and selected location are represented by the exported mapping lineage."
,Benchmarking Deepart Detection,institution:aee00ab2f1fd8132,Peng Cheng Laboratory,mapping:1e003b31bfa0064fa505,Xiaopeng Hong,location:6b808152b5576b9cd6ee,Shenzhen,Guangdong,China,22.5856,113.9639,confirmed,COMPLETE,curated_confirmed_location,"Source-backed affiliation, canonical institution identity, and selected location are represented by the exported mapping lineage."
,Benchmarking Deepart Detection,institution:afc29be68ac419be,Xi'an Jiaotong University,mapping:4527625f41f086252d26,Yabin Wang; Xiaopeng Hong,location:afc29be68ac419bed0ee,Xi’an,Shaanxi,China,34.2467,108.9839,confirmed,COMPLETE,curated_confirmed_location,"Source-backed affiliation, canonical institution identity, and selected location are represented by the exported mapping lineage."
,Benchmarking Deepart Detection,institution:eefb779b4c760808,Singapore Management University,mapping:f75b87d171c59d4f12da,Yabin Wang; Zhiwu Huang,location:eefb779b4c760808ece1,Singapore,Singapore,Singapore,1.2966,103.85,confirmed,COMPLETE,curated_confirmed_location,"Source-backed affiliation, canonical institution identity, and selected location are represented by the exported mapping lineage."
,Benchmarking Deepart Detection,institution:fe438b1c7662476f,Harbin Institute of Technology,mapping:a77d8714392af87a57ea,Xiaopeng Hong,location:fe438b1c7662476fc651,Harbin,Heilongjiang,China,45.7469,126.632,confirmed,COMPLETE,curated_confirmed_location,"Source-backed affiliation, canonical institution identity, and selected location are represented by the exported mapping lineage."
curated:aa7dceb70828cdd6ad39,Beyond Artifacts: Real-Centric Envelope Modeling for Reliable AI-Generated Image Detection,institution:1984e5f97afb62d8,The University of Sydney,mapping:98bcca539f60a311b8d8,Jialiang Shen,location:1984e5f97afb62d8d7b0,Sydney,New South Wales,Australia,-33.886,151.184,confirmed,COMPLETE,curated_confirmed_location,"Source-backed affiliation, canonical institution identity, and selected location are represented by the exported mapping lineage."
curated:aa7dceb70828cdd6ad39,Beyond Artifacts: Real-Centric Envelope Modeling for Reliable AI-Generated Image Detection,institution:46e4866d3b2954ab,Peking University,mapping:860dc9c1dc14bb116079,Zhiyuan Yan,location:46e4866d3b2954ab314b,Beijing,Beijing,China,39.9928,116.3058,confirmed,COMPLETE,curated_confirmed_location,"Source-backed affiliation, canonical institution identity, and selected location are represented by the exported mapping lineage."
curated:aa7dceb70828cdd6ad39,Beyond Artifacts: Real-Centric Envelope Modeling for Reliable AI-Generated Image Detection,institution:4ae45b121fe12e9c,Tsinghua University,mapping:0dc09a29437a1303c211,Yan Wang,location:4ae45b121fe12e9c10b4,Beijing,Beijing,China,40.0007,116.3267,confirmed,COMPLETE,curated_confirmed_location,"Source-backed affiliation, canonical institution identity, and selected location are represented by the exported mapping lineage."
curated:aa7dceb70828cdd6ad39,Beyond Artifacts: Real-Centric Envelope Modeling for Reliable AI-Generated Image Detection,institution:69309405e04976ec,University of Chinese Academy of Sciences,mapping:d05ae1859ea120f72a2d,Ruiqi Liu,location:69309405e04976ecd5ee,Beijing,Beijing,China,39.9078,116.2523,confirmed,COMPLETE,curated_confirmed_location,"Source-backed affiliation, canonical institution identity, and selected location are represented by the exported mapping lineage."
curated:aa7dceb70828cdd6ad39,Beyond Artifacts: Real-Centric Envelope Modeling for Reliable AI-Generated Image Detection,institution:966ff12833f90bb0,"Institute of Automation, Chinese Academy of Sciences",mapping:45edd561acd68581f800,Ruiqi Liu; Zhengbo Zhang; Zhijin Chen; Boyi Sun; Lubin Weng; Jing Dong; Shu Wu,location:966ff12833f90bb0ba7e,Beijing,Beijing,China,39.9826,116.3336,confirmed,COMPLETE,curated_confirmed_location,"Source-backed affiliation, canonical institution identity, and selected location are represented by the exported mapping lineage."
curated:aa7dceb70828cdd6ad39,Beyond Artifacts: Real-Centric Envelope Modeling for Reliable AI-Generated Image Detection,institution:d473cbf12de5fb53,Southwest University,mapping:5d982e064209f9739460,Yi Han,location:682519f38b7e9a7c6e4d,Chongqing,Chongqing,China,29.8186857,106.4197505,confirmed,COMPLETE,curated_confirmed_location,"Source-backed affiliation, canonical institution identity, and selected location are represented by the exported mapping lineage."
curated:aa7dceb70828cdd6ad39,Beyond Artifacts: Real-Centric Envelope Modeling for Reliable AI-Generated Image Detection,institution:e6c54491eaf447b6,Shanghai Second Polytechnic University,mapping:f98a5f63d235c0b6893d,Liwei Yao,location:3b34b697ae79e25647a5,Shanghai,Shanghai,China,31.2619151,121.6489036,confirmed,COMPLETE,curated_confirmed_location,"Source-backed affiliation, canonical institution identity, and selected location are represented by the exported mapping lineage."
curated:ce21a7aa219b08d1b81a,Beyond Backbones: Degradation-Aware Prototype Fusion for Robust Deepfake Detection,institution:018c503420feda75,University of Petroleum and Energy Studies,mapping:383d02b6476b0835d2ed,Sachin Chaudhary,location:2819aae0d950b5d6e704,Dehradun,Uttarakhand,India,30.41717,77.96819,confirmed,COMPLETE,curated_confirmed_location,"Source-backed affiliation, canonical institution identity, and selected location are represented by the exported mapping lineage."
curated:ce21a7aa219b08d1b81a,Beyond Backbones: Degradation-Aware Prototype Fusion for Robust Deepfake Detection,institution:0c014e2f36e84d1b,Indian Institute of Technology Mandi,mapping:4f0b22f248adde107b2a,Aashish Negi; Hardik Sharma; Praful Hambarde; Amit Shukla,location:d787cd26837c5fb7d191,Mandi,Himachal Pradesh,India,31.7063321,76.9385693,confirmed,COMPLETE,curated_confirmed_location,"Source-backed affiliation, canonical institution identity, and selected location are represented by the exported mapping lineage."
curated:ce21a7aa219b08d1b81a,Beyond Backbones: Degradation-Aware Prototype Fusion for Robust Deepfake Detection,institution:d526409d3c10f4a6,Reagvis Labs Pvt. Ltd.,mapping:e55e0428d7112c4ad4ed,Prateek Shaily; Jayant Kumar,location:c9bb207a2956f10fb967,Dehradun,Uttarakhand,India,30.315,78.0029,confirmed,COMPLETE,curated_confirmed_location,"Source-backed affiliation, canonical institution identity, and selected location are represented by the exported mapping lineage."
curated:ce21a7aa219b08d1b81a,Beyond Backbones: Degradation-Aware Prototype Fusion for Robust Deepfake Detection,institution:f04b96a9716ab2f4,Mohamed bin Zayed University of Artificial Intelligence,mapping:9adc0cdbbbbfc1eba4d4,Akshay Dudhane,location:f04b96a9716ab2f49ddf,Abu Dhabi,Abu Dhabi,United Arab Emirates,24.4329,54.6178,confirmed,COMPLETE,curated_confirmed_location,"Source-backed affiliation, canonical institution identity, and selected location are represented by the exported mapping lineage."
curated:49cc18f090b2488dda2d,Beyond Binary Classification: A Semi-Supervised Approach to Generalized AI-Generated Image Detection,institution:4cdbeb4bb5d94d04,University College Dublin,mapping:5d63c6d8f45ec0927b53,Hong-Hanh Nguyen-Le; Nhien-An Le-Khac,location:4cdbeb4bb5d94d04b71a,Dublin,Dublin,Ireland,53.3068499,-6.2246268,confirmed,COMPLETE,curated_confirmed_location,"Source-backed affiliation, canonical institution identity, and selected location are represented by the exported mapping lineage."
curated:49cc18f090b2488dda2d,Beyond Binary Classification: A Semi-Supervised Approach to Generalized AI-Generated Image Detection,institution:806523d1aae41484,"University of Science, Viet Nam National University Ho Chi Minh City",mapping:d6e3e39021f1014e0582,Thuc D. Nguyen,location:806523d1aae41484a05a,Ho Chi Minh City,Ho Chi Minh City,Vietnam,10.76262,106.68218,confirmed,COMPLETE,curated_confirmed_location,"Source-backed affiliation, canonical institution identity, and selected location are represented by the exported mapping lineage."
curated:49cc18f090b2488dda2d,Beyond Binary Classification: A Semi-Supervised Approach to Generalized AI-Generated Image Detection,institution:b370a10db2a1f294,Trinity College Dublin,mapping:1b285e90afdfe2b00828,Van-Tuan Tran,location:b370a10db2a1f29446a9,Dublin,Dublin,Ireland,53.3437061,-6.2544278,confirmed,COMPLETE,curated_confirmed_location,"Source-backed affiliation, canonical institution identity, and selected location are represented by the exported mapping lineage."
curated:672e9600fc8b6ead6ab1,Beyond Causal Models: Multi-Scale Linear Local Attention for AI-Generated Image Detection,institution:19b5782d597636d9,University of International Relations,mapping:6de8992a1ec933c42123,Haorui Wu,location:19b5782d597636d916c5,Beijing,Beijing,China,40.0025462,116.2799474,confirmed,COMPLETE,curated_confirmed_location,"Source-backed affiliation, canonical institution identity, and selected location are represented by the exported mapping lineage."
curated:672e9600fc8b6ead6ab1,Beyond Causal Models: Multi-Scale Linear Local Attention for AI-Generated Image Detection,institution:74eb5a7db0242865,Nanchang University,mapping:6b32ad3ee8409eabd9a7,Mengyao Xiao,location:74eb5a7db024286599fe,Nanchang,Jiangxi,China,28.6546,115.8127,confirmed,COMPLETE,curated_confirmed_location,"Source-backed affiliation, canonical institution identity, and selected location are represented by the exported mapping lineage."
curated:672e9600fc8b6ead6ab1,Beyond Causal Models: Multi-Scale Linear Local Attention for AI-Generated Image Detection,institution:88976ef4193e3a06,Beijing University of Civil Engineering and Architecture,mapping:f05f7570170ade403932,Xiaolong Liu,location:88976ef4193e3a06fea2,Beijing,Beijing,China,39.7475047,116.2799282,confirmed,COMPLETE,curated_confirmed_location,"Source-backed affiliation, canonical institution identity, and selected location are represented by the exported mapping lineage."
curated:672e9600fc8b6ead6ab1,Beyond Causal Models: Multi-Scale Linear Local Attention for AI-Generated Image Detection,institution:ad9c8964d01f80d8,Shenzhen University,mapping:b8bc7907506571825897,Qi Chang,location:ad9c8964d01f80d86e66,Shenzhen,Guangdong,China,22.5411039,113.9389034,confirmed,COMPLETE,curated_confirmed_location,"Source-backed affiliation, canonical institution identity, and selected location are represented by the exported mapping lineage."
curated:672e9600fc8b6ead6ab1,Beyond Causal Models: Multi-Scale Linear Local Attention for AI-Generated Image Detection,institution:bf6195b78f6dc951,Beijing Jiaotong University,mapping:8d756769cfa2c4f3940e,Xiaolong Li; Yao Zhao,location:bf6195b78f6dc9516f3e,Beijing,Beijing,China,39.959,116.348,confirmed,COMPLETE,curated_confirmed_location,"Source-backed affiliation, canonical institution identity, and selected location are represented by the exported mapping lineage."
,Beyond Generation: A Diffusion-based Low-level Feature Extractor for Detecting AI-generated Images,institution:baa1df7c4adddbda,Fudan University,,Yiran Xu; Zhenxing Qian; Xinpeng Zhang,,Shanghai,,China,31.22222,121.45806,automatic_export_eligible,COMPLETE,existing_validated_automatic_location,Existing public location provenance retained; no new geocoding or independent re-review.
,Beyond Generation: A Diffusion-based Low-level Feature Extractor for Detecting AI-generated Images,institution:ec71dc4340659fd9,City University of Hong Kong,,Nan Zhong; Haoyu Chen,,Hong Kong,Hong Kong,China,22.27832,114.17469,automatic_export_eligible,COMPLETE,existing_validated_automatic_location,Existing public location provenance retained; no new geocoding or independent re-review.
curated:8bdbf72555619e7893d3,Beyond Known Fakes: Generalized Detection of AI-Generated Images via Post-Hoc Distribution Alignment,institution:b3d626f58155d650,Shandong University,mapping:f4e33061010bb59dfc22,Li Wang; Wenyu Chen; Xiangtao Meng; Zheng Li; Shanqing Guo,location:b3d626f58155d65088af,Jinan,Shandong,China,36.6753,117.0589,confirmed,COMPLETE,curated_confirmed_location,"Source-backed affiliation, canonical institution identity, and selected location are represented by the exported mapping lineage."
curated:9d722dfb4a3418d86063,Beyond Resizing: A Distribution-Aligned Framework for Robust AI-Generated Image Detection,institution:052cc551c35dadab,Yunnan University of Finance and Economics,mapping:6324fbd9443a25bad737,Mingjie Tang; Zhiming Song; Xinyu Ou,location:052cc551c35dadab0c18,Kunming,Yunnan,China,24.8817844,102.5622007,confirmed,COMPLETE,curated_confirmed_location,"Source-backed affiliation, canonical institution identity, and selected location are represented by the exported mapping lineage."
curated:9d722dfb4a3418d86063,Beyond Resizing: A Distribution-Aligned Framework for Robust AI-Generated Image Detection,institution:1179ac01dd4eef1f,Jiangnan University,mapping:0be6615437dfe29afe76,Jianian Ding,location:1179ac01dd4eef1f04f7,Wuxi,Jiangsu,China,31.4851219,120.2673352,confirmed,COMPLETE,curated_confirmed_location,"Source-backed affiliation, canonical institution identity, and selected location are represented by the exported mapping lineage."
curated:9d722dfb4a3418d86063,Beyond Resizing: A Distribution-Aligned Framework for Robust AI-Generated Image Detection,institution:da7c9e3c3edb12a5,Kunming University of Science and Technology,mapping:234dd6196fccd6c2b3d0,Xinyu Ou,location:da7c9e3c3edb12a56266,Kunming,Yunnan,China,24.8552171,102.8553624,confirmed,COMPLETE,curated_confirmed_location,"Source-backed affiliation, canonical institution identity, and selected location are represented by the exported mapping lineage."
curated:29642e43aa51fece46f7,Beyond Semantic Features: Pixel-Level Mapping for Generalized AI-Generated Image Detection,institution:69309405e04976ec,University of Chinese Academy of Sciences,mapping:4f18946af94781a29726,Chenming Zhou; Jiaan Wang; Yu Li; Lei Li; Juan Cao; Sheng Tang,location:69309405e04976ecd5ee,Beijing,Beijing,China,39.9078,116.2523,confirmed,COMPLETE,curated_confirmed_location,"Source-backed affiliation, canonical institution identity, and selected location are represented by the exported mapping lineage."
curated:551ca154b757ec651c0e,Beyond the Spectrum: Detecting Deepfakes via Re-Synthesis,institution:13f7c73ae8019e75,University of Maryland,mapping:92e1af7765e13e68b631,Ning Yu,location:13f7c73ae8019e756ce4,College Park,Maryland,United States,38.9869,-76.9426,confirmed,COMPLETE,curated_confirmed_location,"Source-backed affiliation, canonical institution identity, and selected location are represented by the exported mapping lineage."
curated:551ca154b757ec651c0e,Beyond the Spectrum: Detecting Deepfakes via Re-Synthesis,institution:957fef132942e033,University of Mannheim,mapping:320c6ff716a2f7f3a2f7,Margret Keuper,location:957fef132942e033867e,Mannheim,Baden-Württemberg,Germany,49.4828,8.4617,confirmed,COMPLETE,curated_confirmed_location,"Source-backed affiliation, canonical institution identity, and selected location are represented by the exported mapping lineage."
curated:551ca154b757ec651c0e,Beyond the Spectrum: Detecting Deepfakes via Re-Synthesis,institution:aea376936c88135b,CISPA Helmholtz Center for Information Security,mapping:55878f4b63616c2289b1,Yang He; Mario Fritz,location:aea376936c88135ba947,Saarbrücken,Saarland,Germany,49.2577,7.0422,confirmed,COMPLETE,curated_confirmed_location,"Source-backed affiliation, canonical institution identity, and selected location are represented by the exported mapping lineage."
curated:551ca154b757ec651c0e,Beyond the Spectrum: Detecting Deepfakes via Re-Synthesis,institution:bef37c90751e824e,Max Planck Institute for Informatics,mapping:c59eff3b936244ec2009,Ning Yu,location:bef37c90751e824ed6c4,Saarbrücken,Saarland,Germany,49.257,7.0426,confirmed,COMPLETE,curated_confirmed_location,"Source-backed affiliation, canonical institution identity, and selected location are represented by the exported mapping lineage."
,BiHPF: Bilateral High-Pass Filters for Robust Deepfake Detection,institution:457423605fa485bc,Samsung (South Korea),,Yonghyun Jeong; Doyeon Kim; Seung-Jai Min; Seongho Joe; Youngjune Gwon,,Seoul,,South Korea,37.566,126.9784,automatic_export_eligible,COMPLETE,existing_validated_automatic_location,Existing public location provenance retained; no new geocoding or independent re-review.
,BiHPF: Bilateral High-Pass Filters for Robust Deepfake Detection,institution:49700da520d8842b,Samsung SDS (South Korea),,Yonghyun Jeong; Doyeon Kim; Seung-Jai Min; Seongho Joe; Youngjune Gwon,,Seoul,,South Korea,37.566001892089844,126.97840118408203,automatic_export_eligible,COMPLETE,existing_validated_automatic_location,Existing public location provenance retained; no new geocoding or independent re-review.
,BiHPF: Bilateral High-Pass Filters for Robust Deepfake Detection,institution:8ee530c781dde9f8,Chung-Ang University,,Jongwon Choi,,Seoul,,South Korea,37.566,126.9784,automatic_export_eligible,COMPLETE,existing_validated_automatic_location,Existing public location provenance retained; no new geocoding or independent re-review.
curated:3ec6b6d00f72f8b450e6,Bi‐LORA: A Vision‐Language Approach for Synthetic Image Detection,institution:1e2fe2432a089705,Polytechnic University of Hauts-de-France,mapping:704a5d9857c773b84b33,Mamadou Keïta; Hessen Bougueffa Eutamene; Abdelmalik Taleb‐Ahmed,location:1e2fe2432a0897054ff4,Valenciennes,Hauts-de-France,France,50.325,3.511,confirmed,COMPLETE,curated_confirmed_location,"Source-backed affiliation, canonical institution identity, and selected location are represented by the exported mapping lineage."
curated:3ec6b6d00f72f8b450e6,Bi‐LORA: A Vision‐Language Approach for Synthetic Image Detection,institution:271362b3e1310a1c,Sorbonne University Abu Dhabi,mapping:a8a0a7e7b997ffa7da27,Abdenour Hadid,location:271362b3e1310a1cc98c,Abu Dhabi,Abu Dhabi,United Arab Emirates,24.4851,54.4126,confirmed,COMPLETE,curated_confirmed_location,"Source-backed affiliation, canonical institution identity, and selected location are represented by the exported mapping lineage."
curated:3ec6b6d00f72f8b450e6,Bi‐LORA: A Vision‐Language Approach for Synthetic Image Detection,institution:2d64a600151c6a44,Technical University of Madrid,mapping:d67433cdd94485c80a5a,David Camacho,location:2d64a600151c6a44031a,Madrid,Madrid,Spain,40.389,-3.6277,confirmed,COMPLETE,curated_confirmed_location,"Source-backed affiliation, canonical institution identity, and selected location are represented by the exported mapping lineage."
curated:3ec6b6d00f72f8b450e6,Bi‐LORA: A Vision‐Language Approach for Synthetic Image Detection,institution:81f79a387128ccac,Khalifa University,mapping:cce7782a57f521f5d09b,Wassim Hamidouche,location:81f79a387128ccac27fa,Abu Dhabi,Abu Dhabi,United Arab Emirates,24.4692,54.3773,confirmed,COMPLETE,curated_confirmed_location,"Source-backed affiliation, canonical institution identity, and selected location are represented by the exported mapping lineage."
curated:f7906cb987975444e893,Boosting Robust AIGI Detection with LoRA-Based Pairwise Training,institution:43ae05e86afd56bd,Xidian University,mapping:62231591967a6690b124,Ruiyang Xia,location:43ae05e86afd56bdb3af,Xi'an,Shaanxi,China,34.125,108.829,confirmed,COMPLETE,curated_confirmed_location,"Source-backed affiliation, canonical institution identity, and selected location are represented by the exported mapping lineage."
curated:f7906cb987975444e893,Boosting Robust AIGI Detection with LoRA-Based Pairwise Training,institution:a1ff6f7123083db9,"Institute of Artificial Intelligence (TeleAI), China Telecom",mapping:b645b7593e26abc97b67,Ruiyang Xia; Qi Zhang; Yaowen Xu; Zhaofan Zou; Hao Sun; Zhongjiang He; Xuelong Li,location:a1ff6f7123083db9bbd1,Beijing,Beijing,China,39.9439,116.3526,confirmed,COMPLETE,curated_confirmed_location,"Source-backed affiliation, canonical institution identity, and selected location are represented by the exported mapping lineage."
curated:7287cadbc4b8408fd16b,Breaking Manifold Continuity: Vector Quantized Modeling for Real-Centric Deepfake Detection,institution:3e78e883c14f8bb8,Tencent Youtu Lab,mapping:ac16f3095160288df768,Changshuo Wang; Jiangming Wang; Ke-Yue Zhang; Taiping Yao; Shouhong Ding,location:3e78e883c14f8bb839b1,Shanghai,Shanghai,China,31.1836,121.4502,confirmed,COMPLETE,curated_confirmed_location,"Source-backed affiliation, canonical institution identity, and selected location are represented by the exported mapping lineage."
curated:7287cadbc4b8408fd16b,Breaking Manifold Continuity: Vector Quantized Modeling for Real-Centric Deepfake Detection,institution:fccd5d0ac9cc52f9,Shanghai Jiao Tong University,mapping:5b1be4f901f0a46cf29e,Changshuo Wang; Ran Yi; Lizhuang Ma,location:fccd5d0ac9cc52f960f2,Shanghai,Shanghai,China,31.0254,121.4331,confirmed,COMPLETE,curated_confirmed_location,"Source-backed affiliation, canonical institution identity, and selected location are represented by the exported mapping lineage."
,Breaking Semantic Artifacts for Generalized AI-generated Image Detection,institution:afc29be68ac419be,Xi'an Jiaotong University,,Xu Guo; Chenhao Lin; Shuai Liu; Chao Shen; Hang Wang; Zhengyu Zhao; Chende Zheng,,Xi'an,,China,34.25833,108.92861,automatic_export_eligible,COMPLETE,existing_validated_automatic_location,Existing public location provenance retained; no new geocoding or independent re-review.
curated:e256ad6b672c3cf433ba,Bridging the Gap Between Ideal and Real-World Evaluation: Benchmarking AI-Generated Image Detection in Challenging Scenarios,institution:15e8da2735014d49,Central University of Finance and Economics,mapping:2a07fe0bece072bc56e7,Peng Sun,location:15e8da2735014d497573,Beijing,Beijing,China,39.9626,116.3438,confirmed,COMPLETE,curated_confirmed_location,"Source-backed affiliation, canonical institution identity, and selected location are represented by the exported mapping lineage."
curated:e256ad6b672c3cf433ba,Bridging the Gap Between Ideal and Real-World Evaluation: Benchmarking AI-Generated Image Detection in Challenging Scenarios,institution:4ae45b121fe12e9c,Tsinghua University,mapping:8b0f5e6db66108758731,Yunjian Zhang; Xiangyang Ji; Yao Zhu,location:4ae45b121fe12e9c10b4,Beijing,Beijing,China,40.0007,116.3267,confirmed,COMPLETE,curated_confirmed_location,"Source-backed affiliation, canonical institution identity, and selected location are represented by the exported mapping lineage."
curated:e256ad6b672c3cf433ba,Bridging the Gap Between Ideal and Real-World Evaluation: Benchmarking AI-Generated Image Detection in Challenging Scenarios,institution:69309405e04976ec,University of Chinese Academy of Sciences,mapping:1184be4809269e9f25e3,Xiaoxiao Wang,location:69309405e04976ecd5ee,Beijing,Beijing,China,39.9078,116.2523,confirmed,COMPLETE,curated_confirmed_location,"Source-backed affiliation, canonical institution identity, and selected location are represented by the exported mapping lineage."
curated:e256ad6b672c3cf433ba,Bridging the Gap Between Ideal and Real-World Evaluation: Benchmarking AI-Generated Image Detection in Challenging Scenarios,institution:924e1e0e9723b423,Beijing Normal University,mapping:5f59ed9881d881a5168a,Chunxiao Li; Boming Miao,location:924e1e0e9723b423ac7c,Beijing,Beijing,China,39.9609,116.3661,confirmed,COMPLETE,curated_confirmed_location,"Source-backed affiliation, canonical institution identity, and selected location are represented by the exported mapping lineage."
curated:e256ad6b672c3cf433ba,Bridging the Gap Between Ideal and Real-World Evaluation: Benchmarking AI-Generated Image Detection in Challenging Scenarios,institution:baa1df7c4adddbda,Fudan University,mapping:741622c4ba72f8715918,Meiling Li,location:baa1df7c4adddbda8d0b,Shanghai,Shanghai,China,31.2989,121.5018,confirmed,COMPLETE,curated_confirmed_location,"Source-backed affiliation, canonical institution identity, and selected location are represented by the exported mapping lineage."
,C2P-CLIP: Injecting Category Common Prompt in CLIP to Enhance Generalization in Deepfake Detection,institution:bf6195b78f6dc951,Beijing Jiaotong University,,Chuangchuang Tan; Renshuai Tao; Liu Huan; Yao Zhao; Yunchao Wei,,Beijing,,China,39.907501220703125,116.39723205566406,automatic_export_eligible,COMPLETE,existing_validated_automatic_location,Existing public location provenance retained; no new geocoding or independent re-review.
,C2P-CLIP: Injecting Category Common Prompt in CLIP to Enhance Generalization in Deepfake Detection,institution:c5810afc25d178a5,Yanshan University,,Guanghua Gu,,Qinhuangdao,,China,39.9410400390625,119.58936309814453,automatic_export_eligible,COMPLETE,existing_validated_automatic_location,Existing public location provenance retained; no new geocoding or independent re-review.
,C2P-CLIP: Injecting Category Common Prompt in CLIP to Enhance Generalization in Deepfake Detection,institution:d31a9474efa16c6c,"Chinese University of Hong Kong, Shenzhen",,Baoyuan Wu,,Shenzhen,,China,22.68784523010254,114.20993041992188,automatic_export_eligible,COMPLETE,existing_validated_automatic_location,Existing public location provenance retained; no new geocoding or independent re-review.
curated:dd5b85612778b9021f4e,CCMA-CLIP: Concept-Guided Cross-Modal Adaptation for Robust AI-Generated Image Detection,institution:3e0adb795a72cea8,Tianjin University of Technology,mapping:e886cb01970035f13fdd,Kang An; Chen Dong; Jiahao Pang,location:3e0adb795a72cea83456,Tianjin,Tianjin,China,39.0621921,117.1333089,confirmed,COMPLETE,curated_confirmed_location,"Source-backed affiliation, canonical institution identity, and selected location are represented by the exported mapping lineage."
curated:dd5b85612778b9021f4e,CCMA-CLIP: Concept-Guided Cross-Modal Adaptation for Robust AI-Generated Image Detection,institution:bf6195b78f6dc951,Beijing Jiaotong University,mapping:dec1c1e6c7e9fe9f61a2,Tenglong Gao,location:bf6195b78f6dc9516f3e,Beijing,Beijing,China,39.959,116.348,confirmed,COMPLETE,curated_confirmed_location,"Source-backed affiliation, canonical institution identity, and selected location are represented by the exported mapping lineage."
curated:b698cb82df706d1a8c95,CIFAKE: Image Classification and Explainable Identification of AI-Generated Synthetic Images,institution:c055ca96e505b797,Nottingham Trent University,mapping:5a0179f25f2588bb3bd0,Jordan J. Bird; Ahmad Lotfi,location:c055ca96e505b797b919,Nottingham,Nottinghamshire,United Kingdom,52.9563,-1.1514,confirmed,COMPLETE,curated_confirmed_location,"Source-backed affiliation, canonical institution identity, and selected location are represented by the exported mapping lineage."
curated:885c512e1e964d2ec61f,CLIP-ADA: CLIP-Guided Artifact-Invariant Generalizable Synthetic Image Detection,institution:afc29be68ac419be,Xi'an Jiaotong University,mapping:58057f37f9c78a705cc7,Jingyi Deng; Chong Zhang; Chenken Xu; Chenhao Lin; Zhengyu Zhao; Shuai Liu; Chao Shen,location:afc29be68ac419bed0ee,Xi’an,Shaanxi,China,34.2467,108.9839,confirmed,COMPLETE,curated_confirmed_location,"Source-backed affiliation, canonical institution identity, and selected location are represented by the exported mapping lineage."
curated:885c512e1e964d2ec61f,CLIP-ADA: CLIP-Guided Artifact-Invariant Generalizable Synthetic Image Detection,institution:f23b95ce92de4591,Wuhan University,mapping:6a1dafc7f42e8e445cb8,Qian Wang,location:f23b95ce92de459152b1,Wuhan,Hubei,China,30.5407,114.3603,confirmed,COMPLETE,curated_confirmed_location,"Source-backed affiliation, canonical institution identity, and selected location are represented by the exported mapping lineage."
curated:9b7e6c57a9f75e06fddf,CLIP-SegFusion: An Attention-Guided Feature Fusion Framework for Multi-Level Detection on AI-Generated Artworks,institution:bc52939c5da8ad98,Jaume I University,mapping:594a52e0290c0b99c1fa,Eunil Park,location:bc52939c5da8ad9830b6,Castellón de la Plana,Valencian Community,Spain,39.994312,-0.0713962,confirmed,COMPLETE,curated_confirmed_location,"Source-backed affiliation, canonical institution identity, and selected location are represented by the exported mapping lineage."
curated:9b7e6c57a9f75e06fddf,CLIP-SegFusion: An Attention-Guided Feature Fusion Framework for Multi-Level Detection on AI-Generated Artworks,institution:e80b94c605da24ce,Sungkyunkwan University,mapping:7739afb050ba997735c5,Yuqian Zheng; Hyeongjin Ahn; Eunil Park; Juyeob Lee,location:e80b94c605da24cea15f,Suwon,Gyeonggi-do,South Korea,37.2939,126.9757,confirmed,COMPLETE,curated_confirmed_location,"Source-backed affiliation, canonical institution identity, and selected location are represented by the exported mapping lineage."
curated:253c210194ac9348f9e6,CLIPping the Deception: Adapting Vision-Language Models for Universal Deepfake Detection,institution:b978b6dfc7b3baa0,University of Bergen,mapping:b9b40660d6c086cd9466,Sohail Ahmed Khan; Duc-Tien Dang-Nguyen,location:b978b6dfc7b3baa06ec0,Bergen,Vestland,Norway,60.3862,5.3204,confirmed,COMPLETE,curated_confirmed_location,"Source-backed affiliation, canonical institution identity, and selected location are represented by the exported mapping lineage."
,CNN Detection of GAN-Generated Face Images based on Cross-Band Co-occurrences Analysis,institution:65dbfd1e022f02e2,University of Siena,,Mauro Barni; Kassem Kallas; Ehsan Nowroozi; Benedetta Tondi,,Siena,,Italy,43.31822,11.33064,automatic_export_eligible,COMPLETE,existing_validated_automatic_location,Existing public location provenance retained; no new geocoding or independent re-review.
curated:14ed0d4ac86e7938e5cb,CNN-Generated Images Are Surprisingly Easy to Spot… for Now,institution:7a0d6a63667ac750,Adobe Research,mapping:fe8337a118aaec5f8666,Oliver Wang; Richard Zhang,location:7a0d6a63667ac750ed07,San Jose,California,United States,37.3318,-121.894,confirmed,COMPLETE,curated_confirmed_location,"Source-backed affiliation, canonical institution identity, and selected location are represented by the exported mapping lineage."
curated:14ed0d4ac86e7938e5cb,CNN-Generated Images Are Surprisingly Easy to Spot… for Now,institution:89b9b3962b3327c8,University of Michigan,mapping:7247c1b2a6e628bf95b3,Andrew Owens,location:89b9b3962b3327c86a1c,Ann Arbor,Michigan,United States,42.278,-83.7382,confirmed,COMPLETE,curated_confirmed_location,"Source-backed affiliation, canonical institution identity, and selected location are represented by the exported mapping lineage."
curated:14ed0d4ac86e7938e5cb,CNN-Generated Images Are Surprisingly Easy to Spot… for Now,institution:be74dcf5d0cb77ea,"University of California, Berkeley",mapping:fd16dcca405d0ee7ad43,Sheng-Yu Wang; Andrew Owens; Alexei A. Efros,location:be74dcf5d0cb77ea7a59,Berkeley,California,United States,37.8719,-122.2585,confirmed,COMPLETE,curated_confirmed_location,"Source-backed affiliation, canonical institution identity, and selected location are represented by the exported mapping lineage."
,CNN-LSTM Model for Deepfake Image Detection,institution:8a27d1e066e2cd4c,Allied Services,,Reena S. Satpute,,Clarks Summit,,United States,41.48869,-75.70852,automatic_export_eligible,COMPLETE,existing_validated_automatic_location,Existing public location provenance retained; no new geocoding or independent re-review.
,CNN-LSTM Model for Deepfake Image Detection,institution:c6b6c8d24f8e66aa,Dominican University,,Chidozie Peter Onwe,,River Forest,,United States,41.89781,-87.81395,automatic_export_eligible,COMPLETE,existing_validated_automatic_location,Existing public location provenance retained; no new geocoding or independent re-review.
curated:aa742a2409569b68d2c4,CO-SPY: Combining Semantic and Pixel Features to Detect Synthetic Images by AI,institution:33a58a66974db112,Rutgers University,mapping:64551ea77e0a4c84ff22,Zhenting Wang,location:33a58a66974db1122537,New Brunswick,New Jersey,United States,40.5008,-74.4474,confirmed,COMPLETE,curated_confirmed_location,"Source-backed affiliation, canonical institution identity, and selected location are represented by the exported mapping lineage."
curated:aa742a2409569b68d2c4,CO-SPY: Combining Semantic and Pixel Features to Detect Synthetic Images by AI,institution:90b589325857dff0,Purdue University,mapping:eaa1ce830ffd5e4f0d69,Siyuan Cheng; Xiangyu Zhang,location:90b589325857dff04efc,West Lafayette,Indiana,United States,40.4237,-86.9212,confirmed,COMPLETE,curated_confirmed_location,"Source-backed affiliation, canonical institution identity, and selected location are represented by the exported mapping lineage."
curated:aa742a2409569b68d2c4,CO-SPY: Combining Semantic and Pixel Features to Detect Synthetic Images by AI,institution:cf2639c8e56f6453,Sony AI,mapping:fbb7348909cef864796e,Lingjuan Lyu; Vikash Sehwag,location:d99adc768886c63d2401,San Mateo,California,United States,37.5595,-122.2847,confirmed,COMPLETE,curated_confirmed_location,"Source-backed affiliation, canonical institution identity, and selected location are represented by the exported mapping lineage."
,CSC-Net: Cross-Color Spatial Co-Occurrence Matrix Network for Detecting Synthesized Fake Images,institution:07d62a903f84afcd,Hangzhou Dianzi University,,Tong Qiao; Yuxing Chen; Xiaofei Zhou; Hang Shao; Kunye Shen,,Hangzhou,,China,30.293649673461914,120.16142272949219,automatic_export_eligible,COMPLETE,existing_validated_automatic_location,Existing public location provenance retained; no new geocoding or independent re-review.
,CSC-Net: Cross-Color Spatial Co-Occurrence Matrix Network for Detecting Synthesized Fake Images,institution:5d8853c0a593d41c,Zhengzhou University of Science and Technology,,Tong Qiao; Xiangyang Luo,,Zhengzhou,,China,34.75777816772461,113.64861297607422,automatic_export_eligible,COMPLETE,existing_validated_automatic_location,Existing public location provenance retained; no new geocoding or independent re-review.
,CSC-Net: Cross-Color Spatial Co-Occurrence Matrix Network for Detecting Synthesized Fake Images,institution:8ac3b059e7b70054,State Key Laboratory of Information Security,,Tong Qiao,,Beijing,,China,39.907501220703125,116.39723205566406,automatic_export_eligible,COMPLETE,existing_validated_automatic_location,Existing public location provenance retained; no new geocoding or independent re-review.
,CSC-Net: Cross-Color Spatial Co-Occurrence Matrix Network for Detecting Synthesized Fake Images,institution:a239b6e2cb8473ef,Nanjing University of Science and Technology,,Ran Shi,,Nanjing,,China,32.061668395996094,118.77777862548828,automatic_export_eligible,COMPLETE,existing_validated_automatic_location,Existing public location provenance retained; no new geocoding or independent re-review.
,CSC-Net: Cross-Color Spatial Co-Occurrence Matrix Network for Detecting Synthesized Fake Images,institution:cee70184073782c7,"Institute of Information Engineering, Chinese Academy of Sciences",,Tong Qiao,,Beijing,,China,39.9075,116.39723,automatic_export_eligible,COMPLETE,existing_validated_automatic_location,Existing public location provenance retained; no new geocoding or independent re-review.
curated:a05de778283ed84d3f90,CTForensics: A Comprehensive Dataset and Method for AI-Generated CT Image Detection,institution:69309405e04976ec,University of Chinese Academy of Sciences,mapping:42ea7ad9432f95d0dc69,Yiheng Li; Guoqing Xu; Yichun Yeh; Yang Yang; Zhen Lei,location:69309405e04976ecd5ee,Beijing,Beijing,China,39.9078,116.2523,confirmed,COMPLETE,curated_confirmed_location,"Source-backed affiliation, canonical institution identity, and selected location are represented by the exported mapping lineage."
curated:a05de778283ed84d3f90,CTForensics: A Comprehensive Dataset and Method for AI-Generated CT Image Detection,institution:966ff12833f90bb0,"Institute of Automation, Chinese Academy of Sciences",mapping:0020d199f143ae414a23,Yiheng Li; Guoqing Xu; Yichun Yeh; Yang Yang; Zhen Lei,location:966ff12833f90bb0ba7e,Beijing,Beijing,China,39.9826,116.3336,confirmed,COMPLETE,curated_confirmed_location,"Source-backed affiliation, canonical institution identity, and selected location are represented by the exported mapping lineage."
curated:a05de778283ed84d3f90,CTForensics: A Comprehensive Dataset and Method for AI-Generated CT Image Detection,institution:9dd7b58a09f6962c,"HKISI, Chinese Academy of Sciences",mapping:44591910a80ca65c5490,Zhen Lei,location:9dd7b58a09f6962c8d77,Hong Kong,Hong Kong,China,22.4267,114.2119,confirmed,COMPLETE,curated_confirmed_location,"Source-backed affiliation, canonical institution identity, and selected location are represented by the exported mapping lineage."
curated:a05de778283ed84d3f90,CTForensics: A Comprehensive Dataset and Method for AI-Generated CT Image Detection,institution:a86e3c911036d069,Sangfor Technologies Inc.,mapping:f18315bcfa8161b164b2,Zichang Tan,location:a86e3c911036d0693e59,Shenzhen,Guangdong,China,22.5903,113.9608,confirmed,COMPLETE,curated_confirmed_location,"Source-backed affiliation, canonical institution identity, and selected location are represented by the exported mapping lineage."
,Can Forensic Detectors Identify GAN Generated Images?,institution:ad9c8964d01f80d8,Shenzhen University,,Haodong Li; Han Chen; Bin Li; Shunquan Tan,,Shenzhen,,China,22.54554,114.0683,automatic_export_eligible,COMPLETE,existing_validated_automatic_location,Existing public location provenance retained; no new geocoding or independent re-review.
,Can GPT Tell Us Why These Images Are Synthesized? Empowering Multimodal Large Language Models for Forensics,institution:69309405e04976ec,University of Chinese Academy of Sciences,,Yiran He; Yun Cao; Bowen Yang; Zeyu Zhang,,Beijing,,China,39.9075,116.39723,automatic_export_eligible,COMPLETE,existing_validated_automatic_location,Existing public location provenance retained; no new geocoding or independent re-review.
,Can GPT Tell Us Why These Images Are Synthesized? Empowering Multimodal Large Language Models for Forensics,institution:cee70184073782c7,"Institute of Information Engineering, Chinese Academy of Sciences",,Yiran He; Yun Cao; Bowen Yang; Zeyu Zhang,,Beijing,,China,39.907501220703125,116.39723205566406,automatic_export_eligible,COMPLETE,existing_validated_automatic_location,Existing public location provenance retained; no new geocoding or independent re-review.
curated:a3fb37f39cb20a95e3bf,Can Model Attribution Bridge AI's Accountability Gap in Safety-Critical Domains?,institution:9ffc21de60b360ff,University of Edinburgh,mapping:18e2f89907e0f8c249d9,Marc Juárez,location:9ffc21de60b360ff8653,City of Edinburgh,Alba / Scotland,United Kingdom,55.9440765,-3.1883736,confirmed,COMPLETE,curated_confirmed_location,"Source-backed affiliation, canonical institution identity, and selected location are represented by the exported mapping lineage."
,Cascade learning from adversarial synthetic images for accurate pupil detection,institution:50c86a6fc102a2c1,Rensselaer Polytechnic Institute,mapping:aeb563b602f9ca496455,Qiang Ji,location:50c86a6fc102a2c1a3f1,Troy,New York,United States,42.7298969,-73.6796678,confirmed,COMPLETE,curated_confirmed_location,"Source-backed affiliation, canonical institution identity, and selected location are represented by the exported mapping lineage."
,Cascade learning from adversarial synthetic images for accurate pupil detection,institution:966ff12833f90bb0,"Institute of Automation, Chinese Academy of Sciences",mapping:48ff27f38fb0a52112af,Chao Gou; Hui Zhang; Kunfeng Wang; Fei-Yue Wang,location:966ff12833f90bb0ba7e,Beijing,Beijing,China,39.9826,116.3336,confirmed,COMPLETE,curated_confirmed_location,"Source-backed affiliation, canonical institution identity, and selected location are represented by the exported mapping lineage."
,Cascade learning from adversarial synthetic images for accurate pupil detection,institution:e64214548d48f667,Qingdao Academy of Intelligent Industries,mapping:62f899c359795c099b37,Chao Gou; Kunfeng Wang; Fei-Yue Wang,location:e64214548d48f6675238,Qingdao,Shandong,China,36.2721,120.3153,confirmed,COMPLETE,curated_confirmed_location,"Source-backed affiliation, canonical institution identity, and selected location are represented by the exported mapping lineage."
curated:95b3298d7dafadbed65d,CatAID: Category-Guided AI-Generated Image Detection via Vision-Language Model Adaptation,institution:612630c2527bff83,University at Buffalo,mapping:17a3a333642cadbae30b,Yu Cai; Shan Jia; Siwei Lyu,location:ad81b7fe4ed998909c6e,Amherst,Amherst,United States,43.001,-78.79,confirmed,COMPLETE,curated_confirmed_location,"Source-backed affiliation, canonical institution identity, and selected location are represented by the exported mapping lineage."
curated:95b3298d7dafadbed65d,CatAID: Category-Guided AI-Generated Image Detection via Vision-Language Model Adaptation,institution:cee70184073782c7,"Institute of Information Engineering, Chinese Academy of Sciences",mapping:bbbf5c0f600f254e8a1e,Jiahe Tian; Jiao Dai; Jizhong Han,location:cee70184073782c75a7d,Beijing,Beijing,China,39.9163,116.3385,confirmed,COMPLETE,curated_confirmed_location,"Source-backed affiliation, canonical institution identity, and selected location are represented by the exported mapping lineage."
curated:31c548f5aa68f9075659,CausalCLIP: Causally-Informed Feature Disentanglement and Filtering for Generalizable Detection of Generated Images,institution:7e10613327a4e264,Chongqing University of Posts and Telecommunications,mapping:3eef3516dc01acd35ec8,Bo Liu; Qin Qiao; Qinghui He,location:7e10613327a4e264467e,Chongqing,Chongqing,China,29.5315,106.6043,confirmed,COMPLETE,curated_confirmed_location,"Source-backed affiliation, canonical institution identity, and selected location are represented by the exported mapping lineage."
curated:e29203ef9599b73d8733,CoDA: Color Distribution Probing for Efficient and Generalizable AI-Generated Image Detection,institution:99ad701067db0680,Tencent WeChat AI,mapping:e935f7693377562589aa,Zexi Jia; Zhiqiang Yuan; Xiaoyue Duan; Jinchao Zhang; Jie Zhou,location:769f8dd560afd25c53c5,Beijing,Beijing,China,40.040219,116.273348,confirmed,COMPLETE,curated_confirmed_location,"Source-backed affiliation, canonical institution identity, and selected location are represented by the exported mapping lineage."
curated:e29203ef9599b73d8733,CoDA: Color Distribution Probing for Efficient and Generalizable AI-Generated Image Detection,institution:cd887bf808040e61,Michigan State University,mapping:33e7664e25ae21f3ccc9,Anil K. Jain,location:cd887bf808040e615ec9,East Lansing,Michigan,United States,42.7023794,-84.4803869,confirmed,COMPLETE,curated_confirmed_location,"Source-backed affiliation, canonical institution identity, and selected location are represented by the exported mapping lineage."
,Code-in-the-Loop Forensics: Agentic Tool Use for Image Forgery Detection,institution:9a0d85eff850f04a,Shanghai Innovation Institute,mapping:1040f477944c073d37a5,Fanrui Zhang; Sizhuo Zhou; Jianwen Sun; Jiaxin Ai; Yukang Feng; Yujie Zhang; Wenjie Li; Zizhen Li; Yifan Chang; Kaipeng Zhang,location:9a0d85eff850f04ac312,Shanghai,Shanghai,China,31.1376,121.4476,confirmed,COMPLETE,curated_confirmed_location,"Source-backed affiliation, canonical institution identity, and selected location are represented by the exported mapping lineage."
,Code-in-the-Loop Forensics: Agentic Tool Use for Image Forgery Detection,institution:c107a95b6cb53ac5,Shanghai Artificial Intelligence Laboratory,mapping:2e324f5c504ec3a87263,Chuanhao Li; Kaipeng Zhang,location:c107a95b6cb53ac5425f,Shanghai,Shanghai,China,31.1779,121.4625,confirmed,COMPLETE,curated_confirmed_location,"Source-backed affiliation, canonical institution identity, and selected location are represented by the exported mapping lineage."
,Code-in-the-Loop Forensics: Agentic Tool Use for Image Forgery Detection,institution:e721b03b6f6c172d,University of Science and Technology of China,mapping:65553ec031daab2e50c2,Fanrui Zhang; Qiang Zhang; Sizhuo Zhou; Yifan Chang; Jiawei Liu,location:e721b03b6f6c172dd7c7,Hefei,Anhui,China,31.8229,117.2808,confirmed,COMPLETE,curated_confirmed_location,"Source-backed affiliation, canonical institution identity, and selected location are represented by the exported mapping lineage."
curated:cba231098f84685520e8,Combating Dataset Misalignment for Robust AI-Generated Image Detection in the Real World,institution:e80b94c605da24ce,Sungkyunkwan University,mapping:6cb87449cd7d5c2943c4,Hyeongjun Choi; Inho Jung; Simon S. Woo,location:e80b94c605da24cea15f,Suwon,Gyeonggi-do,South Korea,37.2939,126.9757,confirmed,COMPLETE,curated_confirmed_location,"Source-backed affiliation, canonical institution identity, and selected location are represented by the exported mapping lineage."
curated:307e0f132bd89ed90298,Community Forensics: Using Thousands of Generators to Train Fake Image Detectors,institution:89b9b3962b3327c8,University of Michigan,mapping:378474c25d5744eecfae,Jeongsoo Park; Andrew Owens,location:89b9b3962b3327c86a1c,Ann Arbor,Michigan,United States,42.278,-83.7382,confirmed,COMPLETE,curated_confirmed_location,"Source-backed affiliation, canonical institution identity, and selected location are represented by the exported mapping lineage."
curated:559269bd486bc1da5115,Comparative Analysis of Custom CNN Architecture and MobileNet for Deepfake Image Detection,institution:008fc27550d4153d,Canadian International College,,Omar Khasro Akram; Abdelrahman Mohamed; Hager Magdy; Mariam M. Abdellatif; Sara Abdelghafar,,Cairo,,Egypt,30.06263,31.24967,automatic_export_eligible,COMPLETE,existing_validated_automatic_location,Existing public location provenance retained; no new geocoding or independent re-review.
curated:559269bd486bc1da5115,Comparative Analysis of Custom CNN Architecture and MobileNet for Deepfake Image Detection,institution:091dadcc6613c152,Al-Azhar University,,Mariam M. Abdellatif,,Cairo,,Egypt,30.06263,31.24967,automatic_export_eligible,COMPLETE,existing_validated_automatic_location,Existing public location provenance retained; no new geocoding or independent re-review.
curated:559269bd486bc1da5115,Comparative Analysis of Custom CNN Architecture and MobileNet for Deepfake Image Detection,institution:78c149de84a6c7d7,Scientific Research Group in Egypt,,Sara Abdelghafar,,Giza,,Egypt,30.00944,31.20861,automatic_export_eligible,COMPLETE,existing_validated_automatic_location,Existing public location provenance retained; no new geocoding or independent re-review.
curated:988373de555945528142,"Comparative Analysis of Deepfake Image Detection Method Using VGG16, VGG19 and ResNet50",institution:a8ed28b9013a59e5,Universiti Putra Malaysia,,Zahra Nazemi Ashani,,Seri Kembangan,,Malaysia,3.03333,101.71667,automatic_export_eligible,COMPLETE,existing_validated_automatic_location,Existing public location provenance retained; no new geocoding or independent re-review.
curated:ba0669dd843c9defd483,Comparative Study of Adversarial Training and Randomized Smoothing for Robust AI-Generated Image Attribution,institution:65dbfd1e022f02e2,University of Siena,mapping:4945ab9c5c5ca61d9aa6,Kai Zeng; Niccolò Pancino; Nasrin Malekzadeh Goradel; Mauro Barni; Benedetta Tondi,location:65dbfd1e022f02e2ac68,Siena,Toscany,Italy,43.3191,11.3328,confirmed,COMPLETE,curated_confirmed_location,"Source-backed affiliation, canonical institution identity, and selected location are represented by the exported mapping lineage."
curated:cd18fc45f8a86a30aaf6,Complement Face Forensic Detection and Localization with FacialLandmarks,institution:1ba4ddc6758a80c0,Imperial College London,mapping:3501ee2131873289376f,Kritaphat Songsri-in; Stefanos Zafeiriou,location:c0414dc14140882593a8,London,England,United Kingdom,51.4989595,-0.1756407,confirmed,COMPLETE,curated_confirmed_location,"Source-backed affiliation, canonical institution identity, and selected location are represented by the exported mapping lineage."
curated:cd18fc45f8a86a30aaf6,Complement Face Forensic Detection and Localization with FacialLandmarks,institution:c3061238f228884c,University of Oulu,mapping:71d4fcceed1fdb841305,Stefanos Zafeiriou,location:05357a64684a69fed04f,Oulu,North Ostrobothnia,Finland,65.0593277,25.4673577,confirmed,COMPLETE,curated_confirmed_location,"Source-backed affiliation, canonical institution identity, and selected location are represented by the exported mapping lineage."
curated:425eb6ebf5e06a7836a8,Composite Data Augmentations for Synthetic Image Detection Against Real-World Perturbations,institution:69d7dc38d11d5f80,Aristotle University of Thessaloniki,mapping:017c6949dccbe67364a6,Efthymia Amarantidou; Panagiotis C. Petrantonakis,location:447403172a7af23d440f,Thessaloniki,Central Macedonia,Greece,40.63,22.9580556,confirmed,COMPLETE,curated_confirmed_location,"Source-backed affiliation, canonical institution identity, and selected location are represented by the exported mapping lineage."
curated:425eb6ebf5e06a7836a8,Composite Data Augmentations for Synthetic Image Detection Against Real-World Perturbations,institution:f841aa8a7a0d29aa,Centre for Research and Technology Hellas,mapping:89089f0a56fb7d43cfbe,Christos Koutlis; Symeon Papadopoulos,location:2be8edf081e0c9efdf5d,Thessaloniki,Central Macedonia,Greece,40.64361,22.93086,confirmed,COMPLETE,curated_confirmed_location,"Source-backed affiliation, canonical institution identity, and selected location are represented by the exported mapping lineage."
curated:096573f365e37679c445,Contrasting Deepfakes Diffusion via Contrastive Learning and Global-Local Similarities,institution:117fcda9a6399108,University of Modena and Reggio Emilia,mapping:7e65c1091ced1db089d8,Federico Cocchi; Marcella Cornia; Lorenzo Baraldi; Rita Cucchiara,location:117fcda9a639910897cc,Modena,Emilia-Romagna,Italy,44.6464,10.925,confirmed,COMPLETE,curated_confirmed_location,"Source-backed affiliation, canonical institution identity, and selected location are represented by the exported mapping lineage."
curated:096573f365e37679c445,Contrasting Deepfakes Diffusion via Contrastive Learning and Global-Local Similarities,institution:3ec8d9fa829f5777,University of Pisa,mapping:3f1bfe2e63699893ef3f,Lorenzo Baraldi; Federico Cocchi,location:3ec8d9fa829f57771f7d,Pisa,Tuscany,Italy,43.7156,10.4017,confirmed,COMPLETE,curated_confirmed_location,"Source-backed affiliation, canonical institution identity, and selected location are represented by the exported mapping lineage."
curated:096573f365e37679c445,Contrasting Deepfakes Diffusion via Contrastive Learning and Global-Local Similarities,institution:8ca93bff11a3be9e,Leonardo S.p.A.,mapping:9f4c95817963018924fe,Alessandro Nicolosi,location:8ca93bff11a3be9e7f85,Rome,Lazio,Italy,41.9186,12.4681,confirmed,COMPLETE,curated_confirmed_location,"Source-backed affiliation, canonical institution identity, and selected location are represented by the exported mapping lineage."
,Copy-Move Forgery Detection (CMFD) Using Deep Learning for Image and Video Forensics,institution:acd72ce2b88b89b4,Military University Nueva Granada,,Yohanna Rodríguez-Ortega; Dora M. Ballesteros; Diego Renza,,Bogotá,,Colombia,4.60971,-74.08175,automatic_export_eligible,COMPLETE,existing_validated_automatic_location,Existing public location provenance retained; no new geocoding or independent re-review.
curated:0895eb11a7610f3973da,Cover-Source Mismatch in Deepfake Detection: A Systematic Study,institution:3d7a55d07b650cfa,Czech Technical University in Prague,mapping:6c20cdd41af5f807c4b5,Jan Franců; Milan Papež; Tomáš Pevný,location:ca71ed66b9eea6aa85bc,Prague,Prague,Czechia,50.1029026,14.3946353,confirmed,COMPLETE,curated_confirmed_location,"Source-backed affiliation, canonical institution identity, and selected location are represented by the exported mapping lineage."
curated:b4940a39cbd4a3117473,Cross-Domain Synthetic Image Detection via Few-Shot Adaptation,institution:0c014e2f36e84d1b,Indian Institute of Technology Mandi,mapping:7bf77926629238380a6d,Parul Chaudhary; Arnav Bhavsar,location:d787cd26837c5fb7d191,Mandi,Himachal Pradesh,India,31.7063321,76.9385693,confirmed,COMPLETE,curated_confirmed_location,"Source-backed affiliation, canonical institution identity, and selected location are represented by the exported mapping lineage."
,Cross-Forgery Analysis of Vision Transformers and CNNs for Deepfake Image Detection,institution:4a297c8ff1c10795,National Research Council,,Davide Alessandro Coccomini; Fabrizio Falchi; Claudio Gennaro; Giuseppe Amato,,Rome,,Italy,41.89193,12.51133,automatic_export_eligible,COMPLETE,existing_validated_automatic_location,Existing public location provenance retained; no new geocoding or independent re-review.
,Cross-Forgery Analysis of Vision Transformers and CNNs for Deepfake Image Detection,institution:63687b087de658bd,"Istituto di Scienza e Tecnologie dell'Informazione ""Alessandro Faedo""",,Davide Alessandro Coccomini; Fabrizio Falchi; Claudio Gennaro; Giuseppe Amato,,Pisa,,Italy,43.70853,10.4036,automatic_export_eligible,COMPLETE,existing_validated_automatic_location,Existing public location provenance retained; no new geocoding or independent re-review.
,Cross-Forgery Analysis of Vision Transformers and CNNs for Deepfake Image Detection,institution:65b7ef80da803b27,Consorzio Nazionale Interuniversitario per le Telecomunicazioni,,Roberto Caldelli,,Parma,,Italy,44.79935,10.32618,automatic_export_eligible,COMPLETE,existing_validated_automatic_location,Existing public location provenance retained; no new geocoding or independent re-review.
curated:1d3010a3086b0a08317d,Cross-Modal Representation Learning for Diffusion-Generated Image Detection,institution:e721b03b6f6c172d,University of Science and Technology of China,mapping:07a55debb024b7dda236,Tao Gong; Dayong Wang; Qi Chu; Bin Liu; Nenghai Yu,location:e721b03b6f6c172dd7c7,Hefei,Anhui,China,31.8229,117.2808,confirmed,COMPLETE,curated_confirmed_location,"Source-backed affiliation, canonical institution identity, and selected location are represented by the exported mapping lineage."
curated:3e94d8fc69e41aade2cc,D <sup>3</sup> QE: Learning Discrete Distribution Discrepancy-Aware Quantization Error for Autoregressive-Generated Image Detection,institution:4ae45b121fe12e9c,Tsinghua University,mapping:9739afc94e1ea0e1d6c5,Yanran Zhang; Bingyao Yu; Yu Zheng; Wenzhao Zheng; Yueqi Duan; L Chen; Jie Zhou; Jiwen Lu,location:4ae45b121fe12e9c10b4,Beijing,Beijing,China,40.0007,116.3267,confirmed,COMPLETE,curated_confirmed_location,"Source-backed affiliation, canonical institution identity, and selected location are represented by the exported mapping lineage."
curated:3bd79627ad7e70a28a97,D$^3$: Scaling Up Deepfake Detection by Learning from Discrepancy,institution:6f4241a7694672b8,Princeton University,mapping:896737adaf78be7419b0,Ye Zhu; Olga Russakovsky,location:6f4241a7694672b8f2da,Princeton,New Jersey,United States,40.3431,-74.6551,confirmed,COMPLETE,curated_confirmed_location,"Source-backed affiliation, canonical institution identity, and selected location are represented by the exported mapping lineage."
curated:3bd79627ad7e70a28a97,D$^3$: Scaling Up Deepfake Detection by Learning from Discrepancy,institution:f23b95ce92de4591,Wuhan University,mapping:6a55d88321ecc7870793,Yongqi Yang; Zhihao Qian; Yu Wu,location:f23b95ce92de459152b1,Wuhan,Hubei,China,30.5407,114.3603,confirmed,COMPLETE,curated_confirmed_location,"Source-backed affiliation, canonical institution identity, and selected location are represented by the exported mapping lineage."
curated:d740749676417c725798,D4: Detection of Adversarial Diffusion Deepfakes Using Disjoint Ensembles,institution:3e2e527953176c93,University of Wisconsin-Madison,mapping:7aba3b011bb8da4e6188,Ashish Hooda; Kassem Fawaz; Somesh Jha,location:3e2e527953176c93d518,Madison,Wisconsin,United States,43.0758,-89.4039,confirmed,COMPLETE,curated_confirmed_location,"Source-backed affiliation, canonical institution identity, and selected location are represented by the exported mapping lineage."
curated:d740749676417c725798,D4: Detection of Adversarial Diffusion Deepfakes Using Disjoint Ensembles,institution:89b9b3962b3327c8,University of Michigan,mapping:731023df404517f7f540,Neal Mangaokar; Ryan Feng; Atul Prakash,location:89b9b3962b3327c86a1c,Ann Arbor,Michigan,United States,42.278,-83.7382,confirmed,COMPLETE,curated_confirmed_location,"Source-backed affiliation, canonical institution identity, and selected location are represented by the exported mapping lineage."
curated:5888bece56862fbbfc43,DADP: A Discrepancy-Aware Dual-Path Network for AI-Generated Image Detection,institution:caec9d0e5ab5010d,Shanghai University of Electric Power,mapping:93f3dc614d6a3b32332a,Lin Ma; Hongjiao Li,location:caec9d0e5ab5010d8517,Shanghai,Shanghai,China,31.28184,121.54827,confirmed,COMPLETE,curated_confirmed_location,"Source-backed affiliation, canonical institution identity, and selected location are represented by the exported mapping lineage."
,DCNet: Learning Similarity and Spatial Complementary Features for Generalized AI-Generated Image Detection,institution:9cd15ab643d7131f,Beijing Institute of Graphic Communication,,Lifang Yu,,Beijing,,China,39.907501220703125,116.39723205566406,automatic_export_eligible,COMPLETE,existing_validated_automatic_location,Existing public location provenance retained; no new geocoding or independent re-review.
,DCNet: Learning Similarity and Spatial Complementary Features for Generalized AI-Generated Image Detection,institution:bf6195b78f6dc951,Beijing Jiaotong University,,Rongrong Ni,,Beijing,,China,39.907501220703125,116.39723205566406,automatic_export_eligible,COMPLETE,existing_validated_automatic_location,Existing public location provenance retained; no new geocoding or independent re-review.
,DCNet: Learning Similarity and Spatial Complementary Features for Generalized AI-Generated Image Detection,institution:c3227ed71ef6fcd8,Fujian University of Technology,,Yuxuan Shi; Shaowei Weng,,Fuzhou,,China,26.061389923095703,119.30610656738281,automatic_export_eligible,COMPLETE,existing_validated_automatic_location,Existing public location provenance retained; no new geocoding or independent re-review.
,DE-FAKE: Detection and Attribution of Fake Images Generated by Text-to-Image Generation Models,institution:41db7d042136daef,Salesforce Research,mapping:8eea302edcd2c5026979,Ning Yu,location:41db7d042136daef54d0,San Francisco,California,United States,37.7897,-122.396,confirmed,COMPLETE,curated_confirmed_location,"Source-backed affiliation, canonical institution identity, and selected location are represented by the exported mapping lineage."
,DE-FAKE: Detection and Attribution of Fake Images Generated by Text-to-Image Generation Models,institution:aea376936c88135b,CISPA Helmholtz Center for Information Security,mapping:3164746a1d18dd1a5518,Zeyang Sha; Zheng Li; Yang Zhang,location:aea376936c88135ba947,Saarbrücken,Saarland,Germany,49.2577,7.0422,confirmed,COMPLETE,curated_confirmed_location,"Source-backed affiliation, canonical institution identity, and selected location are represented by the exported mapping lineage."
curated:8ae025d8756e0ff472b0,DFBench: Benchmarking Deepfake Image Detection Capability of Large Multimodal Models,institution:fccd5d0ac9cc52f9,Shanghai Jiao Tong University,mapping:936c3f70514d08b06a7e,Jiarui Wang; Huiyu Duan; Juntong Wang; Ziheng Jia; Woo Yi Yang; Xiaorong Zhu; Yu Zhao; Jiaying Qian; Yuke Xing; Guangtao Zhai; Xiongkuo Min,location:fccd5d0ac9cc52f960f2,Shanghai,Shanghai,China,31.0254,121.4331,confirmed,COMPLETE,curated_confirmed_location,"Source-backed affiliation, canonical institution identity, and selected location are represented by the exported mapping lineage."
curated:7ed4e932c4dac57d0136,DGS-Net: Distillation-Guided Gradient Surgery for CLIP Fine-Tuning in AI-Generated Image Detection,institution:0af8b0b3be8e7963,Nanjing University of Information Science and Technology,mapping:691e94ea9e61d65691d6,Jiazhen Yan; Ziqiang Li; Boyu Wang; Ziwen He; Zhangjie Fu,location:0af8b0b3be8e7963fda8,Nanjing,Jiangsu,China,32.2072,118.7217,confirmed,COMPLETE,curated_confirmed_location,"Source-backed affiliation, canonical institution identity, and selected location are represented by the exported mapping lineage."
curated:7ed4e932c4dac57d0136,DGS-Net: Distillation-Guided Gradient Surgery for CLIP Fine-Tuning in AI-Generated Image Detection,institution:53e6219d595780e3,University of Macau,mapping:9f33e5fd6ace8df181df,Fan Wang,location:53e6219d595780e300c1,Macau,Macau,China,22.1284604,113.5438378,confirmed,COMPLETE,curated_confirmed_location,"Source-backed affiliation, canonical institution identity, and selected location are represented by the exported mapping lineage."
curated:5d3c6fda5b268e0153ec,DIRE for Diffusion-Generated Image Detection,institution:73df77aca515d21a,Merchants Union Consumer Finance Company,mapping:e8cc39a588fe0f056d45,Hong Chen,location:73df77aca515d21a8c8d,Shenzhen,Guangdong,China,22.533,113.8985,confirmed,COMPLETE,curated_confirmed_location,"Source-backed affiliation, canonical institution identity, and selected location are represented by the exported mapping lineage."
curated:5d3c6fda5b268e0153ec,DIRE for Diffusion-Generated Image Detection,institution:7b971ad17fd639eb,Microsoft Research Asia,mapping:be6f5040098cef042c7c,Jianmin Bao,location:7b971ad17fd639eb8aac,Beijing,Beijing,China,39.979967,116.310281,confirmed,COMPLETE,curated_confirmed_location,"Source-backed affiliation, canonical institution identity, and selected location are represented by the exported mapping lineage."
curated:5d3c6fda5b268e0153ec,DIRE for Diffusion-Generated Image Detection,institution:db049bef3a2d25e0,"Institute of Artificial Intelligence, Hefei Comprehensive National Science Center",mapping:eee47ea69c42e3cf5cd2,Wengang Zhou; Houqiang Li,location:db049bef3a2d25e0aae8,Hefei,Anhui,China,31.827,117.121,confirmed,COMPLETE,curated_confirmed_location,"Source-backed affiliation, canonical institution identity, and selected location are represented by the exported mapping lineage."
curated:5d3c6fda5b268e0153ec,DIRE for Diffusion-Generated Image Detection,institution:e721b03b6f6c172d,University of Science and Technology of China,mapping:eabf85fb6bbe00464322,Zhendong Wang; Wengang Zhou; Weilun Wang; Hezhen Hu; Houqiang Li,location:e721b03b6f6c172dd7c7,Hefei,Anhui,China,31.8229,117.2808,confirmed,COMPLETE,curated_confirmed_location,"Source-backed affiliation, canonical institution identity, and selected location are represented by the exported mapping lineage."
curated:0b6c1b00c1b39838db42,DNA: Dual-Stage Native Attribution for Generated Image Source Tracing,institution:e721b03b6f6c172d,University of Science and Technology of China,mapping:80a9f1203a7442ef41ad,Chao Wang; Kejiang Chen; Zijin Yang; Yuang Qi; Weiming Zhang; Nenghai Yu,location:e721b03b6f6c172dd7c7,Hefei,Anhui,China,31.8229,117.2808,confirmed,COMPLETE,curated_confirmed_location,"Source-backed affiliation, canonical institution identity, and selected location are represented by the exported mapping lineage."
curated:0b6c1b00c1b39838db42,DNA: Dual-Stage Native Attribution for Generated Image Source Tracing,institution:f6342fd457763517,Hefei University of Technology,mapping:722553135b72a21195b4,Yaofei Wang,location:f6342fd457763517e773,Hefei,Anhui,China,31.8467,117.2976,confirmed,COMPLETE,curated_confirmed_location,"Source-backed affiliation, canonical institution identity, and selected location are represented by the exported mapping lineage."
curated:198223005280daa8979e,DRAGON: A Large-Scale Dataset of Realistic Images Generated by Diffusion Models,institution:42fcf4ae44e1a706,University of Florence,mapping:385af7da1d15962b8055,Giulia Bertazzini; Daniele Baracchi; Dasara Shullani; Alessandro Piva,location:42fcf4ae44e1a706454c,Florence,Tuscany,Italy,43.7779,11.2591,confirmed,COMPLETE,curated_confirmed_location,"Source-backed affiliation, canonical institution identity, and selected location are represented by the exported mapping lineage."
curated:198223005280daa8979e,DRAGON: A Large-Scale Dataset of Realistic Images Generated by Diffusion Models,institution:db8874f9983a5ffd,National Institute of Informatics,mapping:06f775d44df56e36fb71,Isao Echizen,location:db8874f9983a5ffd161c,Tokyo,Tokyo,Japan,35.6997,139.7534,confirmed,COMPLETE,curated_confirmed_location,"Source-backed affiliation, canonical institution identity, and selected location are represented by the exported mapping lineage."
curated:3c8696103d9d5e608281,DRCT: Diffusion Reconstruction Contrastive Training Towards Universal Detection of Diffusion Generated Images,institution:73f449eb6a3c05d3,Alibaba Group,mapping:2efb6df384002a81fd04,Baoying Chen; Jishen Zeng; Rui Yang,location:73f449eb6a3c05d327e2,Hangzhou,Zhejiang,China,30.1918037,120.185449,confirmed,COMPLETE,curated_confirmed_location,"Source-backed affiliation, canonical institution identity, and selected location are represented by the exported mapping lineage."
curated:3c8696103d9d5e608281,DRCT: Diffusion Reconstruction Contrastive Training Towards Universal Detection of Diffusion Generated Images,institution:9ab7959736f7be0d,Shenzhen Campus of Sun Yat-sen University,mapping:1b0f03b9fcd77f59e49e,Jianquan Yang,location:9ab7959736f7be0d,Shenzhen,Guangdong,China,22.80335,113.95019,confirmed,COMPLETE,curated_confirmed_location,"Source-backed affiliation, canonical institution identity, and selected location are represented by the exported mapping lineage."
curated:6f55b599c4d1588c62f7,DTBF: Combining Local Statistical Artifacts and Concept Alignment for Synthetic Image Detection,institution:3ac6dbcc618a5a6f,Swinburne University of Technology,mapping:f264e97942d50cc945a0,Pei‐Wei Tsai,location:3ac6dbcc618a5a6f6ec4,Melbourne,Victoria,Australia,-37.8524032,144.991846,confirmed,COMPLETE,curated_confirmed_location,"Source-backed affiliation, canonical institution identity, and selected location are represented by the exported mapping lineage."
curated:6f55b599c4d1588c62f7,DTBF: Combining Local Statistical Artifacts and Concept Alignment for Synthetic Image Detection,institution:9cd15ab643d7131f,Beijing Institute of Graphic Communication,mapping:cbfbce783e85292f8bbe,Lifang Yu,location:9cd15ab643d7131f0019,Beijing,Beijing,China,39.7433927,116.3232041,confirmed,COMPLETE,curated_confirmed_location,"Source-backed affiliation, canonical institution identity, and selected location are represented by the exported mapping lineage."
curated:6f55b599c4d1588c62f7,DTBF: Combining Local Statistical Artifacts and Concept Alignment for Synthetic Image Detection,institution:be8fe6da68f67876,Hunan University,mapping:21c6265e24d2d37c8341,Gaobo Yang,location:be8fe6da68f67876f00e,Changsha,Hunan,China,28.183548,112.9413466,confirmed,COMPLETE,curated_confirmed_location,"Source-backed affiliation, canonical institution identity, and selected location are represented by the exported mapping lineage."
curated:6f55b599c4d1588c62f7,DTBF: Combining Local Statistical Artifacts and Concept Alignment for Synthetic Image Detection,institution:c3227ed71ef6fcd8,Fujian University of Technology,mapping:40ef105c53ff95a58693,Shaowei Weng; Rui Li,location:c3227ed71ef6fcd8a2b9,Fuzhou,Fujian,China,26.0383264,119.1910378,confirmed,COMPLETE,curated_confirmed_location,"Source-backed affiliation, canonical institution identity, and selected location are represented by the exported mapping lineage."
curated:6f55b599c4d1588c62f7,DTBF: Combining Local Statistical Artifacts and Concept Alignment for Synthetic Image Detection,institution:f2c797b53862241e,Changsha Medical University,mapping:d235b2cb80041f4af874,Shaowei Weng,location:f2c797b53862241e942c,Changsha,Hunan,China,28.29722,112.876353,confirmed,COMPLETE,curated_confirmed_location,"Source-backed affiliation, canonical institution identity, and selected location are represented by the exported mapping lineage."
,Data-Independent Operator: A Training-Free Artifact Representation Extractor for Generalizable Deepfake Detection,institution:5dbb9ac6a407e079,"The Chinese University of Hong Kong, Shenzhen",mapping:c5d0847afd70a89251c8,Baoyuan Wu,location:5dbb9ac6a407e07971dc,Shenzhen,Guangdong,China,22.6867,114.2117,confirmed,COMPLETE,curated_confirmed_location,"Source-backed affiliation, canonical institution identity, and selected location are represented by the exported mapping lineage."
,Data-Independent Operator: A Training-Free Artifact Representation Extractor for Generalizable Deepfake Detection,institution:969d6dd2c9cf6a1e,"University of Nevada, Reno",mapping:a43b40b2c7cf28cf7bdb,Ping Liu,location:969d6dd2c9cf6a1e3738,Reno,Nevada,United States,39.5442,-119.8147,confirmed,COMPLETE,curated_confirmed_location,"Source-backed affiliation, canonical institution identity, and selected location are represented by the exported mapping lineage."
,Data-Independent Operator: A Training-Free Artifact Representation Extractor for Generalizable Deepfake Detection,institution:bf6195b78f6dc951,Beijing Jiaotong University,mapping:a87b2871e0be546b68ea,Chuangchuang Tan; RenShuai Tao; Huan Liu; Yao Zhao; Yunchao Wei,location:bf6195b78f6dc9516f3e,Beijing,Beijing,China,39.959,116.348,confirmed,COMPLETE,curated_confirmed_location,"Source-backed affiliation, canonical institution identity, and selected location are represented by the exported mapping lineage."
curated:45cb3642fd138c136139,Decision-Driven Orthogonal Learning with Complementary Feature Mining for Robust Synthetic Image Detection,institution:5757493192522b63,China Electronics Technology Group Corporation,mapping:41d0f97ab0f721d4a541,Linchao Zhang; Siying Zhu,location:5757493192522b63,Beijing,Beijing,China,39.904013,116.296945,confirmed,COMPLETE,curated_confirmed_location,"Source-backed affiliation, canonical institution identity, and selected location are represented by the exported mapping lineage."
curated:45cb3642fd138c136139,Decision-Driven Orthogonal Learning with Complementary Feature Mining for Robust Synthetic Image Detection,institution:5c85faa51cc57a24,Sun Yat-sen University,mapping:94fe5f74952dde2feaf9,Kai Li,location:5c85faa51cc57a24f560,Guangzhou,Guangdong,China,23.09959,113.29251,confirmed,COMPLETE,curated_confirmed_location,"Source-backed affiliation, canonical institution identity, and selected location are represented by the exported mapping lineage."
curated:45cb3642fd138c136139,Decision-Driven Orthogonal Learning with Complementary Feature Mining for Robust Synthetic Image Detection,institution:9ab7959736f7be0d,Shenzhen Campus of Sun Yat-sen University,mapping:e3466483046fccc31d96,Wei Wang; Wenqi Ren,location:9ab7959736f7be0d,Shenzhen,Guangdong,China,22.80335,113.95019,confirmed,COMPLETE,curated_confirmed_location,"Source-backed affiliation, canonical institution identity, and selected location are represented by the exported mapping lineage."
curated:45cb3642fd138c136139,Decision-Driven Orthogonal Learning with Complementary Feature Mining for Robust Synthetic Image Detection,institution:e433baf78e80004b,Zhejiang University,mapping:e795ef358670ff04d29b,Kai Li; Wenqi Ren,location:e433baf78e80004bdaba,Hangzhou,Zhejiang,China,30.3083,120.0867,confirmed,COMPLETE,curated_confirmed_location,"Source-backed affiliation, canonical institution identity, and selected location are represented by the exported mapping lineage."
curated:239572598dfae08d563b,DeeCLIP: A Robust and Generalizable Transformer-Based Framework for Detecting AI-Generated Images,institution:1e2fe2432a089705,Polytechnic University of Hauts-de-France,mapping:073be23fc98bb2897321,Mamadou Keita; Hessen Bougueffa Eutamene; Abdelmalik Taleb-Ahmed,location:1e2fe2432a0897054ff4,Valenciennes,Hauts-de-France,France,50.325,3.511,confirmed,COMPLETE,curated_confirmed_location,"Source-backed affiliation, canonical institution identity, and selected location are represented by the exported mapping lineage."
curated:239572598dfae08d563b,DeeCLIP: A Robust and Generalizable Transformer-Based Framework for Detecting AI-Generated Images,institution:271362b3e1310a1c,Sorbonne University Abu Dhabi,mapping:d231004f8682296a6907,Abdenour Hadid,location:271362b3e1310a1cc98c,Abu Dhabi,Abu Dhabi,United Arab Emirates,24.4851,54.4126,confirmed,COMPLETE,curated_confirmed_location,"Source-backed affiliation, canonical institution identity, and selected location are represented by the exported mapping lineage."
curated:239572598dfae08d563b,DeeCLIP: A Robust and Generalizable Transformer-Based Framework for Detecting AI-Generated Images,institution:81f79a387128ccac,Khalifa University,mapping:4fdbb261ca7d8aa5b500,Wassim Hamidouche,location:81f79a387128ccac27fa,Abu Dhabi,Abu Dhabi,United Arab Emirates,24.4692,54.3773,confirmed,COMPLETE,curated_confirmed_location,"Source-backed affiliation, canonical institution identity, and selected location are represented by the exported mapping lineage."
,Deep Fake Image Detection Based on Pairwise Learning,institution:cb66d06bbab6753c,National Pingtung University of Science and Technology,,Chih–Chung Hsu; Yi-Xiu Zhuang,,Pingtung City,Taiwan,China,22.67135,120.48814,automatic_export_eligible,COMPLETE,existing_validated_automatic_location,Existing public location provenance retained; no new geocoding or independent re-review.
,Deep Fake Image Detection Based on Pairwise Learning,institution:dac00bcd54a7c18f,National United University,,Chia‐Yen Lee,,Miaoli,Taiwan,China,24.56427,120.82367,automatic_export_eligible,COMPLETE,existing_validated_automatic_location,Existing public location provenance retained; no new geocoding or independent re-review.
curated:04932cb03f767948ddf4,Deep Image Fingerprint: Towards Low Budget Synthetic Image Detection and Model Lineage Analysis,institution:ef0812aa48e97be6,Reichman University,mapping:72e6480de06989fe821a,Sergey Sinitsa; Ohad Fried,location:9b68dc88d199aa58d2fb,Herzliya,Tel Aviv District,Israel,32.176575,34.835625,confirmed,COMPLETE,curated_confirmed_location,"Source-backed affiliation, canonical institution identity, and selected location are represented by the exported mapping lineage."
,Deep Learning applied to Road Accident Detection with Transfer Learning and Synthetic Images,institution:c27ba6b4c07428cf,University of Southern Denmark,,Minh Anh Huynh,,Odense,,Denmark,55.39594,10.38831,automatic_export_eligible,COMPLETE,existing_validated_automatic_location,Existing public location provenance retained; no new geocoding or independent re-review.
,Deep Learning applied to Road Accident Detection with Transfer Learning and Synthetic Images,institution:e103bc7b785f96fd,University of Coimbra,,Tiago Tamagusko; Matheus Gomes Correia; Adelino Ferreira,,Coimbra,,Portugal,40.20686,-8.41996,automatic_export_eligible,COMPLETE,existing_validated_automatic_location,Existing public location provenance retained; no new geocoding or independent re-review.
curated:c071c25bc2957d78569b,Deep Learning for Deepfakes Creation and Detection: A Survey,institution:1e2fe2432a089705,Polytechnic University of Hauts-de-France,mapping:599c44d0adaf713862f4,Cuong M. Nguyen,location:1e2fe2432a0897054ff4,Valenciennes,Hauts-de-France,France,50.325,3.511,confirmed,COMPLETE,curated_confirmed_location,"Source-backed affiliation, canonical institution identity, and selected location are represented by the exported mapping lineage."
curated:c071c25bc2957d78569b,Deep Learning for Deepfakes Creation and Detection: A Survey,institution:30e93da233b7eeef,Deakin University,mapping:deakin-waurn-ponds-20260827,Saeid Nahavandi,location:bfdefcac4b1b178d6d63,Waurn Ponds,Victoria,Australia,-38.1989397,144.2969971,confirmed,COMPLETE,curated_confirmed_location,"Source-backed affiliation, canonical institution identity, and selected location are represented by the exported mapping lineage."
curated:c071c25bc2957d78569b,Deep Learning for Deepfakes Creation and Detection: A Survey,institution:30e93da233b7eeef,Deakin University,mapping:e52721d76b4e36468169,Thanh Thi Nguyen; Dung Tien Nguyen; Duc Thanh Nguyen,location:c33d30d49f30b6f50b13,Burwood,Victoria,Australia,-37.8475136,145.1149474,confirmed,COMPLETE,curated_confirmed_location,"Source-backed affiliation, canonical institution identity, and selected location are represented by the exported mapping lineage."
curated:c071c25bc2957d78569b,Deep Learning for Deepfakes Creation and Detection: A Survey,institution:6ed8b18e4c077bfc,Ho Chi Minh City University of Technology (HUTECH),mapping:3ccd22bfe50f3c185660,Thanh Tam Nguyen,location:d8bc59519911b42a60d7,Ho Chi Minh City,Ho Chi Minh City,Vietnam,10.8019,106.7146,confirmed,COMPLETE,curated_confirmed_location,"Source-backed affiliation, canonical institution identity, and selected location are represented by the exported mapping lineage."
curated:c071c25bc2957d78569b,Deep Learning for Deepfakes Creation and Detection: A Survey,institution:70691539bab41121,Pusan National University,mapping:ff5a05296dbb2552e5cb,Quoc-Viet Pham,location:8b0d3d78c13255cc8060,Busan,,South Korea,35.2343498,129.0784068,confirmed,COMPLETE,curated_confirmed_location,"Source-backed affiliation, canonical institution identity, and selected location are represented by the exported mapping lineage."
curated:c071c25bc2957d78569b,Deep Learning for Deepfakes Creation and Detection: A Survey,institution:845768c6b2d48f68,Kumoh National Institute of Technology,mapping:27618b8da3c3e6c1b003,Thien Huynh-The,location:940d31d28b1c4cb7c094,Gumi,Gyeongsangbuk-do,South Korea,36.148713,128.3932287,confirmed,COMPLETE,curated_confirmed_location,"Source-backed affiliation, canonical institution identity, and selected location are represented by the exported mapping lineage."
curated:c071c25bc2957d78569b,Deep Learning for Deepfakes Creation and Detection: A Survey,institution:866f00322aa693b8,Griffith University,mapping:7b3e580c7133d150e40d,Quoc Viet Hung Nguyen,location:312a300c6fff39729485,Gold Coast,Queensland,Australia,-27.9633383,153.384692,confirmed,COMPLETE,curated_confirmed_location,"Source-backed affiliation, canonical institution identity, and selected location are represented by the exported mapping lineage."
,Deep fake detection and classification using error-level analysis and deep learning,institution:1e0dd88726fb992c,Chonnam National University,,Rahma Gantassi,,Gwangju,,South Korea,35.15472,126.91556,automatic_export_eligible,COMPLETE,existing_validated_automatic_location,Existing public location provenance retained; no new geocoding or independent re-review.
,Deep fake detection and classification using error-level analysis and deep learning,institution:6ffec4118fae194f,University of Engineering and Technology Taxila,,Rimsha Rafique; Rashid Amin,,Rawalpindi,,Pakistan,33.59733,73.0479,automatic_export_eligible,COMPLETE,existing_validated_automatic_location,Existing public location provenance retained; no new geocoding or independent re-review.
,Deep fake detection and classification using error-level analysis and deep learning,institution:78ca573d3b6c457c,VSB - Technical University of Ostrava,,Jaroslav Frnda,,Ostrava,,Czechia,49.83465,18.28204,automatic_export_eligible,COMPLETE,existing_validated_automatic_location,Existing public location provenance retained; no new geocoding or independent re-review.
,Deep fake detection and classification using error-level analysis and deep learning,institution:88b6a237229e50a1,University of Žilina,,Jaroslav Frnda,,Žilina,,Slovakia,49.22315,18.73941,automatic_export_eligible,COMPLETE,existing_validated_automatic_location,Existing public location provenance retained; no new geocoding or independent re-review.
,Deep fake detection and classification using error-level analysis and deep learning,institution:9d4cf3c6e95e06c5,Karnatak University,,Rashid Amin,,Dharwad,,India,15.37,75.14,automatic_export_eligible,COMPLETE,existing_validated_automatic_location,Existing public location provenance retained; no new geocoding or independent re-review.
,Deep fake detection and classification using error-level analysis and deep learning,institution:d6f57909282596fe,Shaqra University,,Asma Hassan Alshehri,,Riyadh,,Saudi Arabia,24.68773,46.72185,automatic_export_eligible,COMPLETE,existing_validated_automatic_location,Existing public location provenance retained; no new geocoding or independent re-review.
,Deep fake detection and classification using error-level analysis and deep learning,institution:ee1464b6cfe3e064,Tun Hussein Onn University of Malaysia,,Aida Mustapha,,Batu Pahat,,Malaysia,1.8548,102.9325,automatic_export_eligible,COMPLETE,existing_validated_automatic_location,Existing public location provenance retained; no new geocoding or independent re-review.
curated:86507b243a7d58c76b2c,Deep-Synthesized Image Detection via Multi-Domain Feature Fusion and Explainable AI Guided Color Model Selection,institution:4269181ef8bd7d6e,"Indian Institute of Engineering Science and Technology, Shibpur",mapping:1119e6253c35ad59b56d,Priyaranjan Misra; Ruchira Naskar,location:acf7d25ca755677b1742,Howrah,West Bengal,India,22.555204,88.305908,confirmed,COMPLETE,curated_confirmed_location,"Source-backed affiliation, canonical institution identity, and selected location are represented by the exported mapping lineage."
curated:e952f6b86662d0a4372a,DeepArt: A Benchmark to Advance Fidelity Research in AI-Generated Content,institution:7e10613327a4e264,Chongqing University of Posts and Telecommunications,mapping:8eb78514fda69f4f430c,Wentao Wang; Xuanyao Huang,location:7e10613327a4e264467e,Chongqing,Chongqing,China,29.5315,106.6043,confirmed,COMPLETE,curated_confirmed_location,"Source-backed affiliation, canonical institution identity, and selected location are represented by the exported mapping lineage."
curated:e952f6b86662d0a4372a,DeepArt: A Benchmark to Advance Fidelity Research in AI-Generated Content,institution:930e5c2880e11cb3,Alipurduar Government Engineering and Management College,mapping:965176ddc7c24cc084ca,Swalpa Kumar Roy,location:930e5c2880e11cb35e67,Alipurduar,West Bengal,India,26.489,89.5271,confirmed,COMPLETE,curated_confirmed_location,"Source-backed affiliation, canonical institution identity, and selected location are represented by the exported mapping lineage."
curated:e952f6b86662d0a4372a,DeepArt: A Benchmark to Advance Fidelity Research in AI-Generated Content,institution:fde22ad658a3fdb9,University of Alabama at Birmingham,mapping:70b3d8b960029c5543ed,Tianyang Wang,location:fde22ad658a3fdb99139,Birmingham,Alabama,United States,33.5022,-86.8092,confirmed,COMPLETE,curated_confirmed_location,"Source-backed affiliation, canonical institution identity, and selected location are represented by the exported mapping lineage."
,DeepFake Detection Based on Discrepancies Between Faces and Their Context,institution:13600b8b1a017cee,Bar-Ilan University,,Yuval Nirkin; Yosi Keller,,Ramat Gan,,Israel,32.08227,34.81065,automatic_export_eligible,COMPLETE,existing_validated_automatic_location,Existing public location provenance retained; no new geocoding or independent re-review.
,DeepFake Detection Based on Discrepancies Between Faces and Their Context,institution:357dc1b545173dd5,Meta (United States),,Tal Hassner,,Menlo Park,,United States,37.45383,-122.18219,automatic_export_eligible,COMPLETE,existing_validated_automatic_location,Existing public location provenance retained; no new geocoding or independent re-review.
,DeepFake Detection Based on Discrepancies Between Faces and Their Context,institution:7df4a1601453f806,Tel Aviv University,,Lior Wolf,,Tel Aviv,,Israel,32.08088,34.78057,automatic_export_eligible,COMPLETE,existing_validated_automatic_location,Existing public location provenance retained; no new geocoding or independent re-review.
,DeepFake Detection Based on Discrepancies Between Faces and Their Context,institution:9c00a74b22580c81,Menlo School,,Tal Hassner,,Atherton,,United States,37.46133,-122.19774,automatic_export_eligible,COMPLETE,existing_validated_automatic_location,Existing public location provenance retained; no new geocoding or independent re-review.
,DeepFake Detection Improvement for Images Based on a Proposed Method for Local Binary Pattern of the Multiple-Channel Color Space,institution:04b81a56c7eb1a69,Informatics Institute for Postgraduate Studies,mapping:caba06a4ef922b9a886c,Mohammed Thajeel Abdullah,location:04b81a56c7eb1a697ed7,Baghdad,Baghdad,Iraq,33.3128,44.4215,confirmed,COMPLETE,curated_confirmed_location,"Source-backed affiliation, canonical institution identity, and selected location are represented by the exported mapping lineage."
,DeepFake Detection Improvement for Images Based on a Proposed Method for Local Binary Pattern of the Multiple-Channel Color Space,institution:f87d6ace800645a7,University of Baghdad,mapping:9637b1898b6276ccd446,Nada Hussein M. Ali,location:f87d6ace800645a76f85,Baghdad,Baghdad Governorate,Iraq,33.2806,44.3789,confirmed,COMPLETE,curated_confirmed_location,"Source-backed affiliation, canonical institution identity, and selected location are represented by the exported mapping lineage."
,DeepFake Face Image Detection based on Improved VGG Convolutional Neural Network,institution:a8aa4fcbf3d06d56,Shandong University of Political Science and Law,,Xu Chang; Jian Wu; Tongfeng Yang; Guorui Feng,,Jinan,,China,36.66833,116.99722,automatic_export_eligible,COMPLETE,existing_validated_automatic_location,Existing public location provenance retained; no new geocoding or independent re-review.
,DeepFake Image Detection,institution:f31d282d4be83051,AISSMS Institute of Information Technology,,Mrs. Prajwal S,,Pune,,India,18.51957,73.85535,automatic_export_eligible,COMPLETE,existing_validated_automatic_location,Existing public location provenance retained; no new geocoding or independent re-review.
,DeepGuard: Identification and Attribution of AI-Generated Synthetic Images,institution:1ffa1eeecc9396a4,Paris-Est Sup,,Mohamed Aymen Labiod,,Champs-sur-Marne,,France,48.85,2.6,automatic_export_eligible,COMPLETE,existing_validated_automatic_location,Existing public location provenance retained; no new geocoding or independent re-review.
,DeepGuard: Identification and Attribution of AI-Generated Synthetic Images,institution:ae98978d5c148689,University Frères Mentouri Constantine 1,,Yasmine Namani; Ikram Reghioua; Gueltoum Bendiab,,Constantine,,Algeria,36.365,6.61472,automatic_export_eligible,COMPLETE,existing_validated_automatic_location,Existing public location provenance retained; no new geocoding or independent re-review.
,DeepGuard: Identification and Attribution of AI-Generated Synthetic Images,institution:e0847a88faaa305e,University of Portsmouth,,Stavros Shiaeles,,Portsmouth,,United Kingdom,50.79899,-1.09125,automatic_export_eligible,COMPLETE,existing_validated_automatic_location,Existing public location provenance retained; no new geocoding or independent re-review.
,DeepGuard: Identification and Attribution of AI-Generated Synthetic Images,institution:eb0a1398c50d0281,University Paris-Est Créteil,,Mohamed Aymen Labiod,,Créteil,,France,48.79266,2.46569,automatic_export_eligible,COMPLETE,existing_validated_automatic_location,Existing public location provenance retained; no new geocoding or independent re-review.
,DeepGuardNet: A Novel CNN Architecture for DeepFake Image Detection,institution:882d9509a9483333,University of Kerala,,Arvanitis Theodoros N.; Philomina Simon,,Thiruvananthapuram,,India,8.4855,76.94924,automatic_export_eligible,COMPLETE,existing_validated_automatic_location,Existing public location provenance retained; no new geocoding or independent re-review.
,DeepSight: Enhancing Deepfake Image Detection and Classification through Ensemble and Deep Learning Techniques,institution:39fe5b3a0cd3dd7c,PSG INSTITUTE OF TECHNOLOGY AND APPLIED RESEARCH,,S. Kalarani,,Coimbatore,,India,11.00555,76.96612,automatic_export_eligible,COMPLETE,existing_validated_automatic_location,Existing public location provenance retained; no new geocoding or independent re-review.
,DeepSight: Enhancing Deepfake Image Detection and Classification through Ensemble and Deep Learning Techniques,institution:9e9891886a71efdf,St. Joseph's Institute of Technology,,T. Manju,,Chennai,,India,13.08784,80.27847,automatic_export_eligible,COMPLETE,existing_validated_automatic_location,Existing public location provenance retained; no new geocoding or independent re-review.
,Deepfake Detection Without Deepfakes: Generalization via Synthetic Frequency Patterns Injection,institution:0b1cc69a0a28e0c1,NVIDIA AI Technology Center Italy,mapping:7e8d4e92ec526ab401de,Giuseppe Fiameni,location:0b1cc69a0a28e0c1b8c5,Rome,Lazio,Italy,41.9028,12.4964,confirmed,COMPLETE,curated_confirmed_location,"Source-backed affiliation, canonical institution identity, and selected location are represented by the exported mapping lineage."
,Deepfake Detection Without Deepfakes: Generalization via Synthetic Frequency Patterns Injection,institution:1afce89cd4f3571f,Universitas Mercatorum,mapping:57d8eca32248cd4edf22,Roberto Caldelli,location:1afce89cd4f3571fdaf4,Rome,Lazio,Italy,41.8936,12.4784,confirmed,COMPLETE,curated_confirmed_location,"Source-backed affiliation, canonical institution identity, and selected location are represented by the exported mapping lineage."
,Deepfake Detection Without Deepfakes: Generalization via Synthetic Frequency Patterns Injection,institution:541450f1f663948c,"Institute of Information Science and Technologies ""Alessandro Faedo"", National Research Council of Italy",mapping:f40ea97c548679e03ace,Davide Alessandro Coccomini; Claudio Gennaro; Giuseppe Amato; Fabrizio Falchi,location:541450f1f663948c1bd8,Pisa,Tuscany,Italy,43.7196,10.4217,confirmed,COMPLETE,curated_confirmed_location,"Source-backed affiliation, canonical institution identity, and selected location are represented by the exported mapping lineage."
,Deepfake Detection Without Deepfakes: Generalization via Synthetic Frequency Patterns Injection,institution:721b1fe645c5b099,National Inter-University Consortium for Telecommunications,mapping:ad517bd6745138028756,Roberto Caldelli,location:721b1fe645c5b099b647,Florence,Tuscany,Italy,43.8016,11.2452,confirmed,COMPLETE,curated_confirmed_location,"Source-backed affiliation, canonical institution identity, and selected location are represented by the exported mapping lineage."
curated:1398fe67015092fb543d,Deepfake Detection on Low-Resolution Images Using Optimized Ensemble Learning,institution:01f9119bde93e8ef,Can Tho University,mapping:66482768375f67a5b389,Linh Thuy Thi Pham; Cu Vinh Loc; Hai Thanh Nguyen,location:01f9119bde93e8efbfcc,Can Tho,Can Tho,Vietnam,10.0321492,105.7683051,confirmed,COMPLETE,curated_confirmed_location,"Source-backed affiliation, canonical institution identity, and selected location are represented by the exported mapping lineage."
curated:1398fe67015092fb543d,Deepfake Detection on Low-Resolution Images Using Optimized Ensemble Learning,institution:948d79eac5f4fc81,Can Tho University of Technology,mapping:954b6edd14c163c4da97,Linh Thuy Thi Pham; Dang Duy Huynh,location:948d79eac5f4fc81a9c7,Can Tho,Can Tho,Vietnam,10.0467807,105.7680453,confirmed,COMPLETE,curated_confirmed_location,"Source-backed affiliation, canonical institution identity, and selected location are represented by the exported mapping lineage."
curated:616984c24ff3792431e6,Deepfake Generation and Detection: Case Study and Challenges,institution:128d207ba007d9d7,Graphic Era University,mapping:fc90d85db3b1950d8c6b,Vrince Vimal,location:bc6ae6d65494c6e29d67,Dehradun,Uttarakhand,India,30.2680182,77.9961185,confirmed,COMPLETE,curated_confirmed_location,"Source-backed affiliation, canonical institution identity, and selected location are represented by the exported mapping lineage."
curated:616984c24ff3792431e6,Deepfake Generation and Detection: Case Study and Challenges,institution:4fa8181033939648,SR University,mapping:0fa7a422688f307ab3d9,Srinivas Aluvala,location:fe9bb1bad0b966527492,Warangal,Telangana,India,18.0899939,79.468534,confirmed,COMPLETE,curated_confirmed_location,"Source-backed affiliation, canonical institution identity, and selected location are represented by the exported mapping lineage."
curated:616984c24ff3792431e6,Deepfake Generation and Detection: Case Study and Challenges,institution:803f64e5aa26f523,Graphic Era Hill University,mapping:0fba6c0306f4e54e9497,Vrince Vimal,location:0bfa248fbdf713fe6406,Dehradun,Uttarakhand,India,30.2726626,78.0003415,confirmed,COMPLETE,curated_confirmed_location,"Source-backed affiliation, canonical institution identity, and selected location are represented by the exported mapping lineage."
curated:616984c24ff3792431e6,Deepfake Generation and Detection: Case Study and Challenges,institution:af28dc8d805f8918,Nirma University,mapping:81be361b0991ea9e8a75,Yogesh Patel; Sudeep Tanwar; Rajesh Gupta,location:e90d30e3482b2158a2c7,Ahmedabad,Gujarat,India,23.1283839,72.544473,confirmed,COMPLETE,curated_confirmed_location,"Source-backed affiliation, canonical institution identity, and selected location are represented by the exported mapping lineage."
curated:616984c24ff3792431e6,Deepfake Generation and Detection: Case Study and Challenges,institution:d04d3d98b14dcbc7,Cape Peninsula University of Technology,mapping:8d1b00858d3963810df3,Innocent Ewean Davidson; Royi Nyameko,location:4940f5e68477ff1781c1,Bellville,Western Cape,South Africa,-33.9318380,18.6421452,confirmed,COMPLETE,curated_confirmed_location,"Source-backed affiliation, canonical institution identity, and selected location are represented by the exported mapping lineage."
curated:616984c24ff3792431e6,Deepfake Generation and Detection: Case Study and Challenges,institution:f7126dbda09b4f9a,Amity University,mapping:02f22fc2e6e5b5eb962f,Pronaya Bhattacharya,location:09b6c14fe356ea7bb956,New Town,West Bengal,India,22.5959131,88.4878653,confirmed,COMPLETE,curated_confirmed_location,"Source-backed affiliation, canonical institution identity, and selected location are represented by the exported mapping lineage."
curated:b388bfe1b5785775a436,Deepfake Image Detection Using Light-Weight Attention Integrated MobileNetV3 Model,institution:cdedd18207a1eeb2,Amrita Vishwa Vidyapeetham,mapping:4a2fe56a2ec65f9bfe89,Talluri Harshitha; Tanya Simhadri; Thadakuluru Jaswanthi; N. Rayvanth; Rimjhim Padam Singh,location:215bacaaf43c261d4110,Bengaluru,Karnataka,India,12.8938021,77.6759379,confirmed,COMPLETE,curated_confirmed_location,"Source-backed affiliation, canonical institution identity, and selected location are represented by the exported mapping lineage."
curated:9c8645e0bddeeff2ed4b,Deepfake Image Detection Using ResNet50 Model,institution:b0f3614b042aab47,Universiti Malaysia Sarawak,mapping:c807d8b1991df5445056,Kuryati Kipli,location:d08db5a7530e24fe82ba,Kota Samarahan,Sarawak,Malaysia,1.4668506,110.4331946,confirmed,COMPLETE,curated_confirmed_location,"Source-backed affiliation, canonical institution identity, and selected location are represented by the exported mapping lineage."
curated:9c8645e0bddeeff2ed4b,Deepfake Image Detection Using ResNet50 Model,institution:ee1464b6cfe3e064,Tun Hussein Onn University of Malaysia,mapping:cc57ff8e7ad53be7514b,Lew Kar Yee; Isredza Rahmi A. Hamid; Zubaile Abdullah; Cik Feresa Mohd Foozy,location:923ff813d85592e55834,Parit Raja,Johor,Malaysia,1.8585385,103.0852742,confirmed,COMPLETE,curated_confirmed_location,"Source-backed affiliation, canonical institution identity, and selected location are represented by the exported mapping lineage."
curated:9c8645e0bddeeff2ed4b,Deepfake Image Detection Using ResNet50 Model,institution:f58affe388469dfb,Guangdong University of Science and Technology,mapping:54977341ab8172a13acd,Chuah ChaiWen,location:4130a9d59d1b4a291667,Dongguan,Guangdong,China,23.0655955,113.9703883,confirmed,COMPLETE,curated_confirmed_location,"Source-backed affiliation, canonical institution identity, and selected location are represented by the exported mapping lineage."
,Deepfake Image Detection Using Vision Transformer Models,institution:79e17450a764ece3,Sheffield Hallam University,,Bogdan Ghita; Abubakar Usama; Taimur Bakhshi; Jims Marchang,,Sheffield,,United Kingdom,53.38297,-1.4659,automatic_export_eligible,COMPLETE,existing_validated_automatic_location,Existing public location provenance retained; no new geocoding or independent re-review.
,Deepfake Image Detection Using Vision Transformer Models,institution:7ec2cd070cc14278,King's College London,,Bogdan Ghita; Ievgeniia Kuzminykh; Abubakar Usama; Taimur Bakhshi; Jims Marchang,,London,,United Kingdom,51.50853,-0.12574,automatic_export_eligible,COMPLETE,existing_validated_automatic_location,Existing public location provenance retained; no new geocoding or independent re-review.
,Deepfake Image Detection Using Vision Transformer Models,institution:b71e4506b75fcb88,Leeds Beckett University,,Bogdan Ghita; Abubakar Usama; Taimur Bakhshi; Jims Marchang,,Leeds,,United Kingdom,53.79648,-1.54785,automatic_export_eligible,COMPLETE,existing_validated_automatic_location,Existing public location provenance retained; no new geocoding or independent re-review.
,Deepfake Image Detection Using Vision Transformer Models,institution:d8380bce08742d96,University of Plymouth,,Bogdan Ghita; Abubakar Usama; Taimur Bakhshi; Jims Marchang,,Plymouth,,United Kingdom,50.37153,-4.14305,automatic_export_eligible,COMPLETE,existing_validated_automatic_location,Existing public location provenance retained; no new geocoding or independent re-review.
,Deepfake Image Detection Using Yolov8,institution:33f2056ddfd46aaa,International Institute of Information Technology,,Pranav Sathe; Varad Sabane; Chaitanya Undale; Atharva Uttarkar; Vaibhav Chavhan; Nilesh P. Sable; Anuradha Yenkikar,,Pune,,India,18.51957,73.85535,automatic_export_eligible,COMPLETE,existing_validated_automatic_location,Existing public location provenance retained; no new geocoding or independent re-review.
,Deepfake Image Detection using CNNs and Transfer Learning,institution:12fe4f34c1ed5053,National Institute of Technology Karnataka,,Niteesh Kumar; Prashant Pranav; Vishal Nirney; V. Geetha,,Mangaluru,,India,12.91723,74.85603,automatic_export_eligible,COMPLETE,existing_validated_automatic_location,Existing public location provenance retained; no new geocoding or independent re-review.
,Deepfake Image Detection with Transfer Learning Models,institution:5919d60e453e2459,Kahramanmaraş Sütçü İmam University,,Lutfi Emre Demir; Yavuz Canbay,,Kahramanmaraş,,Turkey,37.5847,36.92641,automatic_export_eligible,COMPLETE,existing_validated_automatic_location,Existing public location provenance retained; no new geocoding or independent re-review.
curated:3587b5b40ea4c5a8afa8,Deepfake Network Architecture Attribution,institution:5fbb6e2cbdd4ea21,Renmin University of China,mapping:7e868171a9c8e18a9602,Xirong Li,location:5fbb6e2cbdd4ea21f83c,Beijing,Beijing,China,39.9674,116.3181,confirmed,COMPLETE,curated_confirmed_location,"Source-backed affiliation, canonical institution identity, and selected location are represented by the exported mapping lineage."
curated:3587b5b40ea4c5a8afa8,Deepfake Network Architecture Attribution,institution:69309405e04976ec,University of Chinese Academy of Sciences,mapping:120fde26932c93fc752e,Tianyun Yang; Ziyao Huang; Juan Cao; Lei Li,location:69309405e04976ecd5ee,Beijing,Beijing,China,39.9078,116.2523,confirmed,COMPLETE,curated_confirmed_location,"Source-backed affiliation, canonical institution identity, and selected location are represented by the exported mapping lineage."
curated:3587b5b40ea4c5a8afa8,Deepfake Network Architecture Attribution,institution:e278f75918ccf8a7,"Institute of Computing Technology, Chinese Academy of Sciences",mapping:9fb883d2a41c0a2a749e,Tianyun Yang; Ziyao Huang; Juan Cao; Lei Li,location:e278f75918ccf8a7555c,Beijing,Beijing,China,39.9784,116.33,confirmed,COMPLETE,curated_confirmed_location,"Source-backed affiliation, canonical institution identity, and selected location are represented by the exported mapping lineage."
,Deepfake attribution: On the source identification of artificially generated images,institution:02e0cb0a82c051ec,Monash University,,Raphaël C.‐W. Phan,,Melbourne,,Australia,-37.814,144.96332,automatic_export_eligible,COMPLETE,existing_validated_automatic_location,Existing public location provenance retained; no new geocoding or independent re-review.
,Deepfake attribution: On the source identification of artificially generated images,institution:ae914839cab3ba03,Monash University Malaysia,,Brandon Khoo; Raphaël C.‐W. Phan; Chern Hong Lim,,Subang Jaya,,Malaysia,3.04384,101.58062,automatic_export_eligible,COMPLETE,existing_validated_automatic_location,Existing public location provenance retained; no new geocoding or independent re-review.
,Deepfake detection using deep learning methods: A systematic and comprehensive review,institution:221eb2f9c9da3e19,National Yunlin University of Science and Technology,,Nima Jafari Navimipour,,Douliu,Taiwan,China,23.70944,120.54333,automatic_export_eligible,COMPLETE,existing_validated_automatic_location,Existing public location provenance retained; no new geocoding or independent re-review.
,Deepfake detection using deep learning methods: A systematic and comprehensive review,institution:bb302a0231577b3c,Haliç University,,Arash Heidari,,Istanbul,,Turkey,41.01384,28.94966,automatic_export_eligible,COMPLETE,existing_validated_automatic_location,Existing public location provenance retained; no new geocoding or independent re-review.
,Deepfake detection using deep learning methods: A systematic and comprehensive review,institution:cf2e81e79ecee1b8,Istanbul Nisantasi University,,Mehmet Ünal,,Istanbul,,Turkey,41.01384,28.94966,automatic_export_eligible,COMPLETE,existing_validated_automatic_location,Existing public location provenance retained; no new geocoding or independent re-review.
,Deepfake detection using deep learning methods: A systematic and comprehensive review,institution:f88815962e62ced1,Kadir Has University,,Nima Jafari Navimipour; Hasan Dağ,,Istanbul,,Turkey,41.01384,28.94966,automatic_export_eligible,COMPLETE,existing_validated_automatic_location,Existing public location provenance retained; no new geocoding or independent re-review.
curated:d973c571c1fafe6fb25f,Deepfake-Agent: Aggregating Semantic Forgery Clues for Generalizable Detection,institution:cd887bf808040e61,Michigan State University,mapping:7e2345355cb5635a3fa5,Xiao Guo; Xiaoming Liu,location:cd887bf808040e615ec9,East Lansing,Michigan,United States,42.7023794,-84.4803869,confirmed,COMPLETE,curated_confirmed_location,"Source-backed affiliation, canonical institution identity, and selected location are represented by the exported mapping lineage."
curated:d973c571c1fafe6fb25f,Deepfake-Agent: Aggregating Semantic Forgery Clues for Generalizable Detection,institution:ed6f1120aeb12d5c,University of North Carolina at Chapel Hill,mapping:35d2fd60940d9ad6d6cf,Yue Zhang; Mohit Bansal; Xiaoming Liu,location:ed6f1120aeb12d5ce2e6,Chapel Hill,North Carolina,United States,35.9050354,-79.0477533,confirmed,COMPLETE,curated_confirmed_location,"Source-backed affiliation, canonical institution identity, and selected location are represented by the exported mapping lineage."
,Deepfakes Creation and Detection Using Deep Learning,institution:030ecebfe13ca82f,Ain Shams University,,Hady A. Khalil; Shady A. Maged,,Cairo,,Egypt,30.06263,31.24967,automatic_export_eligible,COMPLETE,existing_validated_automatic_location,Existing public location provenance retained; no new geocoding or independent re-review.
,Detecting AI Generated Images Through Texture and Frequency Analysis of Patches,institution:04c73587b47761ee,BASIS International School Nanjing,mapping:90c640eeb4d1c02671da,Yuming Chen,location:04c73587b47761eecc50,Nanjing,Jiangsu,China,32.0821,118.91541,confirmed,COMPLETE,curated_confirmed_location,"Source-backed affiliation, canonical institution identity, and selected location are represented by the exported mapping lineage."
,Detecting AI Generated Images Through Texture and Frequency Analysis of Patches,institution:40b8f4b8f6c89e51,Georgetown University,mapping:6456093844c656d4ddcd,Maryam Yashtini,location:40b8f4b8f6c89e51ff27,Washington,District of Columbia,United States,38.9089393,-77.0745796,confirmed,COMPLETE,curated_confirmed_location,"Source-backed affiliation, canonical institution identity, and selected location are represented by the exported mapping lineage."
curated:6299036e9d8ac85a9880,Detecting AI-Generated Artwork,institution:4fd673972df51513,San Jose State University,mapping:bf113c011acbacdc29d9,Meien Li; Mark Stamp,location:db008ecfee28a0c08dff,San Jose,California,United States,37.3351902,-121.881225,confirmed,COMPLETE,curated_confirmed_location,"Source-backed affiliation, canonical institution identity, and selected location are represented by the exported mapping lineage."
curated:d4a9b3a3cef9bfbd0e32,Detecting AI-Generated Content on Social Media with Multi-Modal Language Models,institution:357dc1b545173dd5,Meta (United States),mapping:d417f3903a0968446580,Shen Yan; Yibo Yang; Litao Hu; Yuchen Liu; Yuan Zeng; Hanchao Yu; Yinan Zhu; Sumedha Singla; Brian Vanover; Huijun Qian; Zihao Wang; Fujun Liu; Aashu Singh; Jianyu Wang; Xuewen Zhang,location:357dc1b545173dd55c4a,Menlo Park,California,United States,37.4848,-122.1484,confirmed,COMPLETE,curated_confirmed_location,"Source-backed affiliation, canonical institution identity, and selected location are represented by the exported mapping lineage."
curated:d4a9b3a3cef9bfbd0e32,Detecting AI-Generated Content on Social Media with Multi-Modal Language Models,institution:c5235efb76365de2,Carnegie Mellon University,mapping:bdff876f6318c8789363,Chenyang Yang,location:c5235efb76365de25e41,Pittsburgh,Pennsylvania,United States,40.4433,-79.9436,confirmed,COMPLETE,curated_confirmed_location,"Source-backed affiliation, canonical institution identity, and selected location are represented by the exported mapping lineage."
,Detecting AI-Generated Images Using Facial Similarity and Feature Extraction for Digital Security,institution:72e33b377a422ec3,National Taiwan University of Science and Technology,,Man-Ling Liao; Jiann-Liang Chen; Candra Ahmadi,,Taipei,Taiwan,China,25.05306,121.52639,automatic_export_eligible,COMPLETE,existing_validated_automatic_location,Existing public location provenance retained; no new geocoding or independent re-review.
,Detecting AI-Generated Images Using Vision Transformers: A Robust Approach for Safeguarding Visual Media Integrity,institution:c83aeae887827902,New York University,,Nouar AlDahoul; Yasir Zaki,,New York,,United States,40.71427,-74.00597,automatic_export_eligible,COMPLETE,existing_validated_automatic_location,Existing public location provenance retained; no new geocoding or independent re-review.
,Detecting AI-Generated Images Using a Hybrid ResNet-SE Attention Model,institution:5c5bb5ad830242f4,Texas Tech University,,Abhilash Reddy Gunukula; Victor S. Sheng,,Lubbock,,United States,33.57786,-101.85517,automatic_export_eligible,COMPLETE,existing_validated_automatic_location,Existing public location provenance retained; no new geocoding or independent re-review.
,Detecting AI-Generated Images Using a Hybrid ResNet-SE Attention Model,institution:85d468a61a1936c6,Louisiana State University of Alexandria,,Himel Das Gupta,,Alexandria,,United States,31.31129,-92.44514,automatic_export_eligible,COMPLETE,existing_validated_automatic_location,Existing public location provenance retained; no new geocoding or independent re-review.
,Detecting AI-Generated Images via CLIP,institution:34b03d8b7abfc1c7,Haemonetics (United States),,Jacob Peterson,,Braintree,,United States,42.22232,-70.99949,automatic_export_eligible,COMPLETE,existing_validated_automatic_location,Existing public location provenance retained; no new geocoding or independent re-review.
,Detecting AI-Generated Images via CLIP,institution:572758623152e66d,Carnegie Institution for Science,,Alexander Moskowitz; Tyler Gaona,,Washington,,United States,38.89511,-77.03637,automatic_export_eligible,COMPLETE,existing_validated_automatic_location,Existing public location provenance retained; no new geocoding or independent re-review.
,Detecting AI-Generated Images via Diffusion Snap-Back Reconstruction: A Forensic Approach,institution:85eee734d249f6b1,University of Rajshahi,,Mohd Ruhul Ameen; Akif Islam,,Rajshahi,,Bangladesh,24.374,88.60114,automatic_export_eligible,COMPLETE,existing_validated_automatic_location,Existing public location provenance retained; no new geocoding or independent re-review.
,Detecting AI-generated images with CNN and Interpretation using Explainable AI,institution:cdedd18207a1eeb2,Amrita Vishwa Vidyapeetham,,Bharathi Mohan G; R Prasanna Kumar; Akilesh rao S; Mandava Sukesh; D M Abinandhini; Y Jaikanth,,Coimbatore,,India,11.00555,76.96612,automatic_export_eligible,COMPLETE,existing_validated_automatic_location,Existing public location provenance retained; no new geocoding or independent re-review.
,Detecting Artificial Intelligence-Generated Images via Deep Trace Representations and Interactive Feature Fusion,institution:7e10613327a4e264,Chongqing University of Posts and Telecommunications,,Hao Wang,,Chongqing,,China,29.560260772705078,106.55770874023438,automatic_export_eligible,COMPLETE,existing_validated_automatic_location,Existing public location provenance retained; no new geocoding or independent re-review.
,Detecting Artificial Intelligence-Generated Images via Deep Trace Representations and Interactive Feature Fusion,institution:ec71dc4340659fd9,City University of Hong Kong,,Hong Yan,,Hong Kong,Hong Kong,China,22.2783203125,114.17469024658203,automatic_export_eligible,COMPLETE,existing_validated_automatic_location,Existing public location provenance retained; no new geocoding or independent re-review.
,Detecting Artificial Intelligence-Generated Images via Deep Trace Representations and Interactive Feature Fusion,institution:fccd5d0ac9cc52f9,Shanghai Jiao Tong University,,Qiang Xu; Xinghao Jiang; Tanfeng Sun; Laijin Meng,,Shanghai,,China,31.222219467163086,121.45806121826172,automatic_export_eligible,COMPLETE,existing_validated_automatic_location,Existing public location provenance retained; no new geocoding or independent re-review.
curated:417b1f4f681de2a47dbf,Detecting Compressed AI-Generated Images via Phase Spectrum Robustness,institution:9ab7959736f7be0d,Shenzhen Campus of Sun Yat-sen University,mapping:7866183f28f536eb0ec7,Kai Li; Wenqi Ren; Wei Wang; Xiaochun Cao,location:9ab7959736f7be0d,Shenzhen,Guangdong,China,22.80335,113.95019,confirmed,COMPLETE,curated_confirmed_location,"Source-backed affiliation, canonical institution identity, and selected location are represented by the exported mapping lineage."
curated:3864d12fe8df7b9cb19c,Detecting Computer-Generated Images by Using Only Real Images,institution:29645bb566fcd576,French National Centre for Scientific Research,mapping:a49e94c1f07bc4d85f0c,Ji Li; Kai Wang,location:29645bb566fcd57661c6,Paris,Île-de-France,France,48.8462,2.263,confirmed,COMPLETE,curated_confirmed_location,"Source-backed affiliation, canonical institution identity, and selected location are represented by the exported mapping lineage."
curated:3864d12fe8df7b9cb19c,Detecting Computer-Generated Images by Using Only Real Images,institution:475fa3f7d32d5d27,Grenoble INP,mapping:dd4b969f2da6ce830dbb,Ji Li; Kai Wang,location:09ebf6af6fedbee7126e,Grenoble,Auvergne-Rhône-Alpes,France,45.1909,5.717,confirmed,COMPLETE,curated_confirmed_location,"Source-backed affiliation, canonical institution identity, and selected location are represented by the exported mapping lineage."
curated:3864d12fe8df7b9cb19c,Detecting Computer-Generated Images by Using Only Real Images,institution:ef7c68d6edbab550,Université Grenoble Alpes,mapping:b2ff94faad55f32a8465,Ji Li; Kai Wang,location:ef7c68d6edbab550f034,Saint-Martin-d'Hères,Auvergne-Rhône-Alpes,France,45.1917,5.7676,confirmed,COMPLETE,curated_confirmed_location,"Source-backed affiliation, canonical institution identity, and selected location are represented by the exported mapping lineage."
,Detecting Deepfake Images Using Deep Learning Techniques and Explainable AI Methods,institution:2c4c8a70b915edac,North South University,,Wahidul Hasan Abir; Faria Rahman Khanam; Kazi Nabiul Alam; Mohammad Monirujjaman Khan,,Dhaka,,Bangladesh,23.7104,90.40744,automatic_export_eligible,COMPLETE,existing_validated_automatic_location,Existing public location provenance retained; no new geocoding or independent re-review.
,Detecting Deepfake Images Using Deep Learning Techniques and Explainable AI Methods,institution:926c0d427a18622b,Taif University,,Sami Bourouis,,Ta'if,,Saudi Arabia,21.27028,40.41583,automatic_export_eligible,COMPLETE,existing_validated_automatic_location,Existing public location provenance retained; no new geocoding or independent re-review.
,Detecting Deepfake Images Using Deep Learning Techniques and Explainable AI Methods,institution:94858a011d31ef75,CT Group Of Institutions,,Rajesh Dey,,Jalandhar,,India,31.32556,75.57917,automatic_export_eligible,COMPLETE,existing_validated_automatic_location,Existing public location provenance retained; no new geocoding or independent re-review.
,Detecting Deepfake Images Using Deep Learning Techniques and Explainable AI Methods,institution:a0aa144d9d2444cc,Princess Nourah bint Abdulrahman University,,Myriam Hadjouni; Hela Elmannai,,Riyadh,,Saudi Arabia,24.68773,46.72185,automatic_export_eligible,COMPLETE,existing_validated_automatic_location,Existing public location provenance retained; no new geocoding or independent re-review.
curated:60066ef08c2226131085,Detecting GAN Generated Fake Images Using Co-Occurrence Matrices,institution:44469d661cb0034c,JD.com,mapping:b6e8a4865abd1e59e3fd,Jawadul H. Bappy,location:260119347495ab12d509,Mountain View,California,United States,37.39381,-122.05238,confirmed,COMPLETE,curated_confirmed_location,"Source-backed affiliation, canonical institution identity, and selected location are represented by the exported mapping lineage."
curated:60066ef08c2226131085,Detecting GAN Generated Fake Images Using Co-Occurrence Matrices,institution:bcd3d53e57c31275,Mayachitra Inc.,mapping:b2dfbca89d216899e9c8,Lakshmanan Nataraj; Tajuddin Manhar Mohammed; B. S. Manjunath; Shivkumar Chandrasekaran,location:8d2e5d5a4a1875da46d9,Santa Barbara,California,United States,34.4357895,-119.807088,confirmed,COMPLETE,curated_confirmed_location,"Source-backed affiliation, canonical institution identity, and selected location are represented by the exported mapping lineage."
curated:60066ef08c2226131085,Detecting GAN Generated Fake Images Using Co-Occurrence Matrices,institution:ca4ec8b3c028069a,"University of California, Riverside",mapping:37edafe30f9ae94c3121,Amit K. Roy-Chowdhury,location:bbd07895a6576faba729,Riverside,California,United States,33.9702033,-117.3320289,confirmed,COMPLETE,curated_confirmed_location,"Source-backed affiliation, canonical institution identity, and selected location are represented by the exported mapping lineage."
curated:60066ef08c2226131085,Detecting GAN Generated Fake Images Using Co-Occurrence Matrices,institution:e07792f5cf49ebda,Naval Air Warfare Center Weapons Division,mapping:0f51254f7cd4fb7fa8d1,Arjuna Flenner,location:996f8ef2b93b29cb56c4,China Lake,California,United States,35.6857,-117.692,confirmed,COMPLETE,curated_confirmed_location,"Source-backed affiliation, canonical institution identity, and selected location are represented by the exported mapping lineage."
,Detecting GAN-generated synthetic images using semantic inconsistencies,institution:e0fc2ffb269489e7,Drexel University,mapping:4d7e527caa52c0b82ddf,Danial Samadi Vahdati; Matthew C. Stamm,location:e0fc2ffb269489e70cd7,Philadelphia,Philadelphia,United States,39.9566,-75.1899,confirmed,COMPLETE,curated_confirmed_location,"Source-backed affiliation, canonical institution identity, and selected location are represented by the exported mapping lineage."
curated:2488ec329f6e0d99d28f,Detecting Generated Images by Real Images,institution:7e10613327a4e264,Chongqing University of Posts and Telecommunications,mapping:b4646a6db2d4fee97360,Bo Liu; Fan Yang; Xiuli Bi; Bin Xiao; Weisheng Li; Xinbo Gao,location:7e10613327a4e264467e,Chongqing,Chongqing,China,29.5315,106.6043,confirmed,COMPLETE,curated_confirmed_location,"Source-backed affiliation, canonical institution identity, and selected location are represented by the exported mapping lineage."
,Detecting Images Generated by Deep Diffusion Models Using Their Local Intrinsic Dimensionality,institution:42c60ebb24e9f839,Fraunhofer Institute for Industrial Mathematics,,Peter Lorenz; Ricard Durall; Janis Keuper,,Kaiserslautern,,Germany,49.443,7.77161,automatic_export_eligible,COMPLETE,existing_validated_automatic_location,Existing public location provenance retained; no new geocoding or independent re-review.
,Detecting Images Generated by Deep Diffusion Models Using Their Local Intrinsic Dimensionality,institution:59fe0b363dfeb8f5,Offenburg University of Applied Sciences,,Janis Keuper,,Offenburg,,Germany,48.47377014160156,7.944950103759766,automatic_export_eligible,COMPLETE,existing_validated_automatic_location,Existing public location provenance retained; no new geocoding or independent re-review.
,Detecting Multimedia Generated by Large AI Models: A Survey,institution:284bfcf10a3b1ebf,Amazon Prime Video,mapping:57c9db33708038e27884,Chun-Hao Liu,location:284bfcf10a3b1ebf659b,Seattle,Washington,United States,47.6062,-122.3321,confirmed,COMPLETE,curated_confirmed_location,"Source-backed affiliation, canonical institution identity, and selected location are represented by the exported mapping lineage."
,Detecting Multimedia Generated by Large AI Models: A Survey,institution:74eb5a7db0242865,Nanchang University,mapping:37d0eadb0db910e5ee2b,Yue Zhang; Feng Ding,location:74eb5a7db024286599fe,Nanchang,Jiangxi,China,28.6546,115.8127,confirmed,COMPLETE,curated_confirmed_location,"Source-backed affiliation, canonical institution identity, and selected location are represented by the exported mapping lineage."
,Detecting Multimedia Generated by Large AI Models: A Survey,institution:7506c126bc077e9b,"University at Albany, SUNY",mapping:e1ebc7600802277640b2,Xin Wang; Xin Li,location:7506c126bc077e9b7fdc,Albany,New York,United States,42.6868,-73.8242,confirmed,COMPLETE,curated_confirmed_location,"Source-backed affiliation, canonical institution identity, and selected location are represented by the exported mapping lineage."
,Detecting Multimedia Generated by Large AI Models: A Survey,institution:90b589325857dff0,Purdue University,mapping:23c0c7ca72efec1295bf,Li Lin; Neeraj Gupta; Shu Hu,location:90b589325857dff04efc,West Lafayette,Indiana,United States,40.4237,-86.9212,confirmed,COMPLETE,curated_confirmed_location,"Source-backed affiliation, canonical institution identity, and selected location are represented by the exported mapping lineage."
,Detecting Multimedia Generated by Large AI Models: A Survey,institution:d046d2c57bb3a863,University of Naples Federico II,mapping:bbda6216b8a09f39bef2,Luisa Verdoliva,location:d046d2c57bb3a863a89a,Naples,Campania,Italy,40.8463,14.2572,confirmed,COMPLETE,curated_confirmed_location,"Source-backed affiliation, canonical institution identity, and selected location are represented by the exported mapping lineage."
curated:161b6d5ca391d238f7e9,Detecting Origin Attribution for Text-to-Image Diffusion Models,institution:a3c0c022b00a11a5,Adobe Systems (United States),,Lingzhi Zhang,,San Jose,,United States,37.330989837646484,-121.89387512207031,automatic_export_eligible,COMPLETE,existing_validated_automatic_location,Existing public location provenance retained; no new geocoding or independent re-review.
curated:161b6d5ca391d238f7e9,Detecting Origin Attribution for Text-to-Image Diffusion Models,institution:d0cac2bc9207e50f,California University of Pennsylvania,,Katherine Xu; Jianbo Shi,,California,,United States,40.06563186645508,-79.89170837402344,automatic_export_eligible,COMPLETE,existing_validated_automatic_location,Existing public location provenance retained; no new geocoding or independent re-review.
,Detecting and Simulating Artifacts in GAN Fake Images,institution:17bf653107a56b33,Columbia University,,Xu Zhang; Svebor Karaman; Shih‐Fu Chang,,New York,,United States,40.71427,-74.00597,automatic_export_eligible,COMPLETE,existing_validated_automatic_location,Existing public location provenance retained; no new geocoding or independent re-review.
,Detecting fake images by identifying potential texture difference,institution:7375490cb489bcfd,Jacksonville University,,Huihui Wang,,Jacksonville,,United States,30.33218,-81.65565,automatic_export_eligible,COMPLETE,existing_validated_automatic_location,Existing public location provenance retained; no new geocoding or independent re-review.
,Detecting fake images by identifying potential texture difference,institution:9ed23c2db75b5eee,Tianjin University,,Jiachen Yang; Shuai Xiao; Aiyun Li; Guipeng Lan,,Tianjin,,China,39.14222,117.17667,automatic_export_eligible,COMPLETE,existing_validated_automatic_location,Existing public location provenance retained; no new geocoding or independent re-review.
,Detecting soybean leaf disease from synthetic image using multi-feature fusion faster R-CNN,institution:13d54640e2e7ec6c,Northeast Agricultural University,,Keke Zhang; Qiufeng Wu; Yiping Chen,,Harbin,,China,45.75,126.65,automatic_export_eligible,COMPLETE,existing_validated_automatic_location,Existing public location provenance retained; no new geocoding or independent re-review.
,Detecting the Undetectable: Combining Kolmogorov-Arnold Networks and MLP for AI-Generated Image Detection,institution:b7f49dab7bfe22c4,American International University-Bangladesh,mapping:96bcd5cead214a71fb9c,Jakaria Islam Emon,location:b7f49dab7bfe22c40691,Dhaka,Dhaka Division,Bangladesh,23.8103,90.4125,confirmed,COMPLETE,curated_confirmed_location,"Source-backed affiliation, canonical institution identity, and selected location are represented by the exported mapping lineage."
,Detecting the Undetectable: Combining Kolmogorov-Arnold Networks and MLP for AI-Generated Image Detection,institution:c739468458199e8c,Barisal Information Technology College,mapping:43d26459019c73eea578,Taharim Rahman Anon,location:c739468458199e8ca75c,Barisal,Barisal Division,Bangladesh,22.701,90.3535,confirmed,COMPLETE,curated_confirmed_location,"Source-backed affiliation, canonical institution identity, and selected location are represented by the exported mapping lineage."
,Detection of AI-Generated Synthetic Images with a Lightweight CNN,institution:4a22ca636b97fd7f,University of Applied Health Sciences,,Adrian Lokner Lađević; Tin Kramberger; Renata Kramberger,,Donji grad,,Croatia,45.81313,15.97753,automatic_export_eligible,COMPLETE,existing_validated_automatic_location,Existing public location provenance retained; no new geocoding or independent re-review.
,Detection of AI-Generated Synthetic Images with a Lightweight CNN,institution:e65ac91b19314310,University of Maribor,,Dino Vlahek,,Maribor,,Slovenia,46.55583,15.64593,automatic_export_eligible,COMPLETE,existing_validated_automatic_location,Existing public location provenance retained; no new geocoding or independent re-review.
,Detection of Deep-Morphed Deepfake Images to Make Robust Automatic Facial Recognition Systems,institution:81eaae945d27f11c,National University of Ireland,,Peter Corcoran,,Dublin,,Ireland,53.33306,-6.24889,automatic_export_eligible,COMPLETE,existing_validated_automatic_location,Existing public location provenance retained; no new geocoding or independent re-review.
,Detection of Deep-Morphed Deepfake Images to Make Robust Automatic Facial Recognition Systems,institution:f3cfc9b602d85010,University of North Texas,,Alakananda Mitra; Saraju P. Mohanty; Elias Kougianos,,Denton,,United States,33.21484,-97.13307,automatic_export_eligible,COMPLETE,existing_validated_automatic_location,Existing public location provenance retained; no new geocoding or independent re-review.
,Detection of Deep-Morphed Deepfake Images to Make Robust Automatic Facial Recognition Systems,institution:f8894017df3dfcc2,University of Galway,,Peter Corcoran,,Galway,,Ireland,53.27245,-9.05095,automatic_export_eligible,COMPLETE,existing_validated_automatic_location,Existing public location provenance retained; no new geocoding or independent re-review.
curated:ae869fc6a6dea782923d,Detection of Deepfake Images Created Using Generative Adversarial Networks: A Review,institution:96c75ff3447d87bb,Saintgits College of Engineering,mapping:b995322e0da4fac2283e,K. Remya Revi; K. R. Vidya; M. Wilscy,location:9e69f16c868f7f69e9ae,Pathamuttom,Kerala,India,9.5101204,76.550787,confirmed,COMPLETE,curated_confirmed_location,"Source-backed affiliation, canonical institution identity, and selected location are represented by the exported mapping lineage."
,Detection of GAN generated image using color gradient representation,institution:228c9ed379a96dd8,Liaoning University,,Yun Liu; Zuliang Wan; Xiaohua Yin; Aiping Tan,,Shenyang,,China,41.79222,123.43278,automatic_export_eligible,COMPLETE,existing_validated_automatic_location,Existing public location provenance retained; no new geocoding or independent re-review.
,Detection of GAN generated image using color gradient representation,institution:7a0649786398723d,Shenzhen University Health Science Center,,Guanghui Yue,,Shenzhen,,China,22.54554,114.0683,automatic_export_eligible,COMPLETE,existing_validated_automatic_location,Existing public location provenance retained; no new geocoding or independent re-review.
,Detection of GAN generated image using color gradient representation,institution:bf6195b78f6dc951,Beijing Jiaotong University,,Zhi Zheng,,Beijing,,China,39.9075,116.39723,automatic_export_eligible,COMPLETE,existing_validated_automatic_location,Existing public location provenance retained; no new geocoding or independent re-review.
,Detection of GAN-Generated Fake Images over Social Networks,institution:d046d2c57bb3a863,University of Naples Federico II,,Francesco Marra; Diego Gragnaniello; Davide Cozzolino; Luisa Verdoliva,,Naples,,Italy,40.85216,14.26811,automatic_export_eligible,COMPLETE,existing_validated_automatic_location,Existing public location provenance retained; no new geocoding or independent re-review.
,Detection of GAN-Generated Images by Estimating Artifact Similarity,institution:4c1e9439f241e5ec,Sichuan University,mapping:013e286574ef20487d3f,Weichuang Li; Peisong He; Hongxia Wang; Ruimei Zhang,location:4c1e9439f241e5ec9941,Chengdu,Sichuan,China,30.6331,104.0819,confirmed,COMPLETE,curated_confirmed_location,"Source-backed affiliation, canonical institution identity, and selected location are represented by the exported mapping lineage."
,Detection of GAN-Generated Images by Estimating Artifact Similarity,institution:ec71dc4340659fd9,City University of Hong Kong,mapping:2f890060c187984b4ad8,Haoliang Li,location:ec71dc4340659fd9f388,Hong Kong,Hong Kong,China,22.3374,114.173,confirmed,COMPLETE,curated_confirmed_location,"Source-backed affiliation, canonical institution identity, and selected location are represented by the exported mapping lineage."
,Detection of GAN-Synthesized Image Based on Discrete Wavelet Transform,institution:4ceaa6cde1782dfd,PLA Information Engineering University,,Guihua Tang; Lei Sun; Xiuqing Mao; Song Guo; Hongmeng Zhang; Xiaoqin Wang,,Zhengzhou,,China,34.75778,113.64861,automatic_export_eligible,COMPLETE,existing_validated_automatic_location,Existing public location provenance retained; no new geocoding or independent re-review.
,Detection of real-time deep fakes and face forgery in video conferencing employing generative adversarial networks,institution:125af76b30759ac2,Middle East University,,Manoj Kumar,,Amman,,Jordan,31.95522,35.94503,automatic_export_eligible,COMPLETE,existing_validated_automatic_location,Existing public location provenance retained; no new geocoding or independent re-review.
,Detection of real-time deep fakes and face forgery in video conferencing employing generative adversarial networks,institution:32e3542f42f3fe45,University of Wollongong in Dubai,,Manoj Kumar,,Dubai,,United Arab Emirates,25.07725,55.30927,automatic_export_eligible,COMPLETE,existing_validated_automatic_location,Existing public location provenance retained; no new geocoding or independent re-review.
,Detection of real-time deep fakes and face forgery in video conferencing employing generative adversarial networks,institution:36c5630e014fb5d7,King Saud University,,Osama Alfarraj,,Riyadh,,Saudi Arabia,24.68773,46.72185,automatic_export_eligible,COMPLETE,existing_validated_automatic_location,Existing public location provenance retained; no new geocoding or independent re-review.
,Detection of real-time deep fakes and face forgery in video conferencing employing generative adversarial networks,institution:85b5522dac5ab1d7,Majmaah University,,Sunil Kumar Sharma; Abdullah M. Al‐Enizi; Majed Alowaidi,,Riyadh,,Saudi Arabia,24.68773,46.72185,automatic_export_eligible,COMPLETE,existing_validated_automatic_location,Existing public location provenance retained; no new geocoding or independent re-review.
,"Detection, Attribution and Localization of GAN Generated Images",institution:bcd3d53e57c31275,Mayachitra Inc.,,Michael Goebel; Lakshmanan Nataraj; Tejaswi Nanjundaswamy; Tajuddin Manhar Mohammed; Shivkumar Chandrasekaran; B.S. Manjunath,,Santa Barbara,,United States,34.42083,-119.69819,automatic_export_eligible,COMPLETE,existing_validated_automatic_location,Existing public location provenance retained; no new geocoding or independent re-review.
,"Detection, Attribution and Localization of GAN Generated Images",institution:de4a2849d3de43a3,"University of California, Santa Barbara",,Michael Goebel; Lakshmanan Nataraj; Tejaswi Nanjundaswamy; Tajuddin Manhar Mohammed; Shivkumar Chandrasekaran; B.S. Manjunath,,Santa Barbara,,United States,34.42083,-119.69819,automatic_export_eligible,COMPLETE,existing_validated_automatic_location,Existing public location provenance retained; no new geocoding or independent re-review.
,"Detection, Attribution and Localization of GAN Generated Images",institution:de4a2849d3de43a3,"University of California, Santa Barbara",,Michael Goebel,,Santa Barbara,,United States,34.42083,-119.69819,automatic_export_eligible,COMPLETE,existing_validated_automatic_location,Existing public location provenance retained; no new geocoding or independent re-review.
,Development of a Dual-Input Neural Model for Detecting AI-Generated Imagery,institution:7417258b2e3d3491,University of Waterloo,mapping:e155ca8a3d757dab2351,Jonathan Gallagher; William Pugsley,location:7417258b2e3d34918af8,Waterloo,Ontario,Canada,43.4723,-80.5449,confirmed,COMPLETE,curated_confirmed_location,"Source-backed affiliation, canonical institution identity, and selected location are represented by the exported mapping lineage."
curated:19c7b91816312d2877c9,Did You Note My Palette? Unveiling Synthetic Images Through Color Statistics,institution:73bb0fe265f6e090,Friedrich-Alexander-Universität Erlangen-Nürnberg,mapping:39e1c5f4447a54c62df0,Lea Uhlenbrock; Denise Moussa; Christian Rieß,location:73bb0fe265f6e09054a8,Erlangen,Bavaria,Germany,49.5739,11.0285,confirmed,COMPLETE,curated_confirmed_location,"Source-backed affiliation, canonical institution identity, and selected location are represented by the exported mapping lineage."
curated:19c7b91816312d2877c9,Did You Note My Palette? Unveiling Synthetic Images Through Color Statistics,institution:d046d2c57bb3a863,University of Naples Federico II,mapping:45e9778ff31af0a2c84c,Davide Cozzolino; Luisa Verdoliva,location:d046d2c57bb3a863a89a,Naples,Campania,Italy,40.8463,14.2572,confirmed,COMPLETE,curated_confirmed_location,"Source-backed affiliation, canonical institution identity, and selected location are represented by the exported mapping lineage."
curated:853c7e2ae5f343438dd5,Did You Use My GAN to Generate Fake? Post-Hoc Attribution of GAN Generated Images via Latent Recovery,institution:ccbfeb66fb71797e,RIKEN Center for Advanced Intelligence Project,mapping:7681dae0d71c2935587c,Jun Sakuma,location:ccbfeb66fb71797e6cbb,Tokyo,Tokyo,Japan,35.6895,139.6917,confirmed,COMPLETE,curated_confirmed_location,"Source-backed affiliation, canonical institution identity, and selected location are represented by the exported mapping lineage."
curated:853c7e2ae5f343438dd5,Did You Use My GAN to Generate Fake? Post-Hoc Attribution of GAN Generated Images via Latent Recovery,institution:fb6e9411e701578c,University of Tsukuba,mapping:a9f195d58dcbf2344d9f,Syou Hirofumi; Kazuto Fukuchi; Youhei Akimoto; Jun Sakuma,location:fb6e9411e701578ccf74,Tsukuba,Ibaraki,Japan,36.1106,140.1015,confirmed,COMPLETE,curated_confirmed_location,"Source-backed affiliation, canonical institution identity, and selected location are represented by the exported mapping lineage."
curated:aa6672aa3ab0a0709e32,Diffusion Epistemic Uncertainty with Asymmetric Learning for Diffusion-Generated Image Detection,institution:9fbf261b62c1d7c0,Microsoft,mapping:3391367efbba41545f99,Bing Bai,location:90097e1154e9ceeb0cb1,Redmond,Washington,United States,47.639597,-122.12845,confirmed,COMPLETE,curated_confirmed_location,"Source-backed affiliation, canonical institution identity, and selected location are represented by the exported mapping lineage."
curated:aa6672aa3ab0a0709e32,Diffusion Epistemic Uncertainty with Asymmetric Learning for Diffusion-Generated Image Detection,institution:aa542458d996a5d3,Tencent Inc.,mapping:cf10d7185f439a0db511,Yingsong Huang; Hui Guo; Qi Xiong,location:c015464e768742fe3265,Shenzhen,Guangdong,China,22.5405,113.9344,confirmed,COMPLETE,curated_confirmed_location,"Source-backed affiliation, canonical institution identity, and selected location are represented by the exported mapping lineage."
curated:aa6672aa3ab0a0709e32,Diffusion Epistemic Uncertainty with Asymmetric Learning for Diffusion-Generated Image Detection,institution:f1a54130f4c752b7,Hikvision,mapping:de3c74bd25aad6066947,Jing Huang,location:04dce3aacb72a1cf382d,Hangzhou,Zhejiang,China,30.1861,120.1906,confirmed,COMPLETE,curated_confirmed_location,"Source-backed affiliation, canonical institution identity, and selected location are represented by the exported mapping lineage."
curated:6a0913decc4e81abddb3,Diffusion Models as a Representation Learner for Deepfake Image Detection,institution:ea16e0a7b9bd2e5e,Computer Research Institute of Montreal,mapping:84d15e9b1464659f29c8,Rajjeshwar Ganguly; Mamadou Dian Bah; Mohamed Dahmane,location:90f0f5cfac282c598f6a,Montreal,Quebec,Canada,45.53045,-73.62515,confirmed,COMPLETE,curated_confirmed_location,"Source-backed affiliation, canonical institution identity, and selected location are represented by the exported mapping lineage."
,Diffusion Noise Feature: Accurate and Fast Generated Image Detection,institution:e433baf78e80004b,Zhejiang University,mapping:37748d57140ffae5e626,Yichi Zhang; Xiaogang Xu,location:e433baf78e80004bdaba,Hangzhou,Zhejiang,China,30.3083,120.0867,confirmed,COMPLETE,curated_confirmed_location,"Source-backed affiliation, canonical institution identity, and selected location are represented by the exported mapping lineage."
curated:763f1f0571f4bc4c6459,DiffusionDB: A Large-Scale Prompt Gallery Dataset for Text-to-Image Generative Models,institution:c2dab080fa856716,Georgia Institute of Technology,mapping:0ec360c4bc0c3ef88dc1,Zijie J. Wang; Evan Montoya; David Munechika; Haoyang Yang; Benjamin Hoover; Duen Horng Chau,location:c2dab080fa8567162a91,Atlanta,Georgia,United States,33.7760948,-84.3988077,confirmed,COMPLETE,curated_confirmed_location,"Source-backed affiliation, canonical institution identity, and selected location are represented by the exported mapping lineage."
,Digital Image Forensic Analyzer to Detect AI-generated Fake Images,institution:86acee6f855e6b06,Bowie State University,,Galamo Monkam; Jie Yan,,Bowie,,United States,38.94278,-76.73028,automatic_export_eligible,COMPLETE,existing_validated_automatic_location,Existing public location provenance retained; no new geocoding or independent re-review.
curated:a415ec5cd284c6887636,Discovering Transferable Forensic Features for CNN-Generated Images Detection,institution:24532e6b5472dbfb,Singapore Institute of Technology,mapping:e90990bd92abc46395b0,Alexander Binder,location:9be09936b87d6319a4ba,Singapore,,Singapore,1.4123197,103.9094621,confirmed,COMPLETE,curated_confirmed_location,"Source-backed affiliation, canonical institution identity, and selected location are represented by the exported mapping lineage."
curated:a415ec5cd284c6887636,Discovering Transferable Forensic Features for CNN-Generated Images Detection,institution:6dd3ce9e0d5fd1ab,Singapore University of Technology and Design,mapping:19f6f86df21789907e95,Keshigeyan Chandrasegaran; Ngoc-Trung Tran; Ngai-Man Cheung,location:6dd3ce9e0d5fd1abf889,Singapore,Singapore,Singapore,1.3414,103.9638,confirmed,COMPLETE,curated_confirmed_location,"Source-backed affiliation, canonical institution identity, and selected location are represented by the exported mapping lineage."
curated:a415ec5cd284c6887636,Discovering Transferable Forensic Features for CNN-Generated Images Detection,institution:ffcb560498d89d25,University of Oslo,mapping:aa0ac526219fd6834998,Alexander Binder,location:e5887bb502f223245d33,Oslo,Oslo,Norway,59.94027,10.72224,confirmed,COMPLETE,curated_confirmed_location,"Source-backed affiliation, canonical institution identity, and selected location are represented by the exported mapping lineage."
curated:c87f234ea256991903e1,Dissect and Prune: Enhancing Robustness in AI-Generated Image Detection,institution:696e90c102571ea3,Korea AI Safety Institute,mapping:11c40a92af52a2443738,Dahye Kim; Jaehyun Choi; Hyun Seok Seong; Seongho Kim; Donghun Lee; Sungwon Yi; Jang-Ho Choi,location:696e90c102571ea3b53e,Seongnam,Gyeonggi-do,South Korea,37.4066515,127.1017668,confirmed,COMPLETE,curated_confirmed_location,"Source-backed affiliation, canonical institution identity, and selected location are represented by the exported mapping lineage."
curated:c87f234ea256991903e1,Dissect and Prune: Enhancing Robustness in AI-Generated Image Detection,institution:e80b94c605da24ce,Sungkyunkwan University,mapping:eb0cf90aeea6b3fbd05d,Hyun Seok Seong,location:e80b94c605da24cea15f,Suwon,Gyeonggi-do,South Korea,37.2939,126.9757,confirmed,COMPLETE,curated_confirmed_location,"Source-backed affiliation, canonical institution identity, and selected location are represented by the exported mapping lineage."
curated:87ef976b546206fde199,"DistilDIRE: A Small, Fast, Cheap and Lightweight Diffusion Synthesized Deepfake Detection",institution:2592e804f95fa542,TrueMedia.org,mapping:03a2b8e6e1145307f9d0,Aerin Kim; Oren Etzioni,location:2592e804f95fa542fa4c,Seattle,Washington,United States,47.6062,-122.3321,confirmed,COMPLETE,curated_confirmed_location,"Source-backed affiliation, canonical institution identity, and selected location are represented by the exported mapping lineage."
curated:87ef976b546206fde199,"DistilDIRE: A Small, Fast, Cheap and Lightweight Diffusion Synthesized Deepfake Detection",institution:42992b97b8e05dd4,"Yonsei University, Sinchon Campus",mapping:855eb69331e5d5ba100b,Yewon Lim; Changyeon Lee,location:42992b97b8e05dd487c8,Seoul,Seoul,South Korea,37.5658,126.9386,confirmed,COMPLETE,curated_confirmed_location,"Source-backed affiliation, canonical institution identity, and selected location are represented by the exported mapping lineage."
curated:87ef976b546206fde199,"DistilDIRE: A Small, Fast, Cheap and Lightweight Diffusion Synthesized Deepfake Detection",institution:90b589325857dff0,Purdue University,mapping:124455beaf0fbdac0e07,Yewon Lim; Changyeon Lee,location:90b589325857dff04efc,West Lafayette,Indiana,United States,40.4237,-86.9212,confirmed,COMPLETE,curated_confirmed_location,"Source-backed affiliation, canonical institution identity, and selected location are represented by the exported mapping lineage."
curated:87ef976b546206fde199,"DistilDIRE: A Small, Fast, Cheap and Lightweight Diffusion Synthesized Deepfake Detection",institution:a1b609b0fc5c2e23,Miraflow,mapping:f88d9b9e08a4c4013c79,Yewon Lim; Changyeon Lee; Aerin Kim,location:a1b609b0fc5c2e23be3f,Kirkland,Washington,United States,47.6769,-122.206,confirmed,COMPLETE,curated_confirmed_location,"Source-backed affiliation, canonical institution identity, and selected location are represented by the exported mapping lineage."
curated:a1926ecb09e1e945bbad,Diversity over Uniformity: Rethinking Representation in Generated Image Detection,institution:7e10613327a4e264,Chongqing University of Posts and Telecommunications,mapping:39bb1981f7700fd03f49,Bo Liu; Xiuli Bi,location:7e10613327a4e264467e,Chongqing,Chongqing,China,29.5315,106.6043,confirmed,COMPLETE,curated_confirmed_location,"Source-backed affiliation, canonical institution identity, and selected location are represented by the exported mapping lineage."
curated:a1926ecb09e1e945bbad,Diversity over Uniformity: Rethinking Representation in Generated Image Detection,institution:7e10613327a4e264,Chongqing University of Posts and Telecommunications,mapping:4d86c9a59dea37ca8dd6,Qinghui He; Haifeng Zhang; Qiao Qin; Bo Liu; Xiuli Bi; Bin Xiao,location:7e10613327a4e264467e,Chongqing,Chongqing,China,29.5315,106.6043,confirmed,COMPLETE,curated_confirmed_location,"Source-backed affiliation, canonical institution identity, and selected location are represented by the exported mapping lineage."
curated:a1926ecb09e1e945bbad,Diversity over Uniformity: Rethinking Representation in Generated Image Detection,institution:7e10613327a4e264,Chongqing University of Posts and Telecommunications,mapping:571224433853b7800557,Qinghui He; Haifeng Zhang; Qiao Qin,location:7e10613327a4e264467e,Chongqing,Chongqing,China,29.5315,106.6043,confirmed,COMPLETE,curated_confirmed_location,"Source-backed affiliation, canonical institution identity, and selected location are represented by the exported mapping lineage."
,Do GANs Leave Artificial Fingerprints?,institution:d046d2c57bb3a863,University of Naples Federico II,,Francesco Marra; Diego Gragnaniello; Luisa Verdoliva; Giovanni Poggi,,Naples,,Italy,40.85216,14.26811,automatic_export_eligible,COMPLETE,existing_validated_automatic_location,Existing public location provenance retained; no new geocoding or independent re-review.
curated:07ee620b8169b67b900f,Does a GAN Leave Distinct Model-Specific Fingerprints?,institution:ac7aeed6b85a0a40,Arizona State University,mapping:0fe9617de122773e1c25,Yuzhen Ding; Nupur Thakur; Baoxin Li,location:ac7aeed6b85a0a40dfb1,Tempe,Arizona,United States,33.4215,-111.9332,confirmed,COMPLETE,curated_confirmed_location,"Source-backed affiliation, canonical institution identity, and selected location are represented by the exported mapping lineage."
,Does an emotional connection to art really require a human artist? Emotion and intentionality responses to AI- versus human-created art and impact on aesthetic experience,institution:9fa92db1d3d981f0,University of Vienna,,Theresa Rahel Demmer; Corinna Kühnapfel; Matthew Pelowski,,Vienna,,Austria,48.20849,16.37208,automatic_export_eligible,COMPLETE,existing_validated_automatic_location,Existing public location provenance retained; no new geocoding or independent re-review.
,Does an emotional connection to art really require a human artist? Emotion and intentionality responses to AI- versus human-created art and impact on aesthetic experience,institution:bbc6ae7ed9b4bd38,Humboldt University of Berlin,,Joerg Fingerhut,,Berlin,,Germany,52.52437,13.41053,automatic_export_eligible,COMPLETE,existing_validated_automatic_location,Existing public location provenance retained; no new geocoding or independent re-review.
curated:f40ecaaf5d0212852b79,Dual Data Alignment Makes AI-Generated Image Detector Easier Generalizable,institution:3e78e883c14f8bb8,Tencent Youtu Lab,mapping:4ce3a848e0cb882aacca,Ruoxin Chen; Keyue Zhang; Shuang Wu; Taiping Yao; Shouhong Ding,location:3e78e883c14f8bb839b1,Shanghai,Shanghai,China,31.1836,121.4502,confirmed,COMPLETE,curated_confirmed_location,"Source-backed affiliation, canonical institution identity, and selected location are represented by the exported mapping lineage."
curated:f40ecaaf5d0212852b79,Dual Data Alignment Makes AI-Generated Image Detector Easier Generalizable,institution:46e4866d3b2954ab,Peking University,mapping:14cc3aaa73bbc24a81fa,Zhiyuan Yan,location:46e4866d3b2954ab314b,Beijing,Beijing,China,39.9928,116.3058,confirmed,COMPLETE,curated_confirmed_location,"Source-backed affiliation, canonical institution identity, and selected location are represented by the exported mapping lineage."
curated:f40ecaaf5d0212852b79,Dual Data Alignment Makes AI-Generated Image Detector Easier Generalizable,institution:5fbb6e2cbdd4ea21,Renmin University of China,mapping:f50eed267edf6c14da58,Jingyi Xie,location:5fbb6e2cbdd4ea21f83c,Beijing,Beijing,China,39.9674,116.3181,confirmed,COMPLETE,curated_confirmed_location,"Source-backed affiliation, canonical institution identity, and selected location are represented by the exported mapping lineage."
curated:f40ecaaf5d0212852b79,Dual Data Alignment Makes AI-Generated Image Detector Easier Generalizable,institution:82b627d49a985ef1,East China University of Science and Technology,mapping:60009842a54a72b3b035,Junwei Xi; Xu Chen,location:82b627d49a985ef1e635,Shanghai,Shanghai,China,31.1450814,121.4195085,confirmed,COMPLETE,curated_confirmed_location,"Source-backed affiliation, canonical institution identity, and selected location are represented by the exported mapping lineage."
curated:f40ecaaf5d0212852b79,Dual Data Alignment Makes AI-Generated Image Detector Easier Generalizable,institution:ad9c8964d01f80d8,Shenzhen University,mapping:fe4f3ed0dfd51b297cd4,Lei Xu,location:ad9c8964d01f80d86e66,Shenzhen,Guangdong,China,22.5411039,113.9389034,confirmed,COMPLETE,curated_confirmed_location,"Source-backed affiliation, canonical institution identity, and selected location are represented by the exported mapping lineage."
curated:f40ecaaf5d0212852b79,Dual Data Alignment Makes AI-Generated Image Detector Easier Generalizable,institution:fa80d3c071c298e1,The Hong Kong University of Science and Technology,mapping:8b1782f3c6874825cdd8,Isabel Guan,location:fa80d3c071c298e1116a,New Territories,Hong Kong,China,22.3358031,114.2659088,confirmed,COMPLETE,curated_confirmed_location,"Source-backed affiliation, canonical institution identity, and selected location are represented by the exported mapping lineage."
curated:ab6b43e21ae47dadafe0,Dual Frequency Branch Framework with Reconstructed Sliding Windows Attention for AI-Generated Image Detection,institution:0af8b0b3be8e7963,Nanjing University of Information Science and Technology,mapping:2aed8b592552129da1bd,Jiazhen Yan; Ziqiang Li; Fan Wang; Ziwen He; Zhangjie Fu,location:0af8b0b3be8e7963fda8,Nanjing,Jiangsu,China,32.2072,118.7217,confirmed,COMPLETE,curated_confirmed_location,"Source-backed affiliation, canonical institution identity, and selected location are represented by the exported mapping lineage."
curated:983a33a1268421bbfc71,Dual-Branch AIGC Image Detection Leveraging Integrated Semantic and Frequency-Domain Features,institution:8fe72087521e285a,Guangdong University of Technology,mapping:da8b04f38bf4ff6ea47a,Junyi Li; Yingzhang Liang; Wujian Ye; Peng Wang; Guohao Zhang; Yijun Liu,location:8fe72087521e285a8c05,Guangzhou,Guangdong,China,23.0374,113.3948,confirmed,COMPLETE,curated_confirmed_location,"Source-backed affiliation, canonical institution identity, and selected location are represented by the exported mapping lineage."
curated:983a33a1268421bbfc71,Dual-Branch AIGC Image Detection Leveraging Integrated Semantic and Frequency-Domain Features,institution:cab25d5cf69f9936,Guangdong Technion-Israel Institute of Technology,mapping:3ebc1da9d6d72cf1f6e5,Teng Lei,location:ec00c3791abab2435e6b,Shantou,Guangdong,China,23.4042403,116.6310344,confirmed,COMPLETE,curated_confirmed_location,"Source-backed affiliation, canonical institution identity, and selected location are represented by the exported mapping lineage."
curated:aeb3a6e4747e1a1b3181,Dual-Stream Framework for Real/Fake Classification and Source Attribution of AI-Generated Images Using Spatial and Frequency Features,institution:01f9119bde93e8ef,Can Tho University,mapping:542a8f33f6ab18f587f3,Linh Thuy Thi Pham; Cu Vinh Loc; Hai Thanh Nguyen,location:01f9119bde93e8efbfcc,Can Tho,Can Tho,Vietnam,10.0321492,105.7683051,confirmed,COMPLETE,curated_confirmed_location,"Source-backed affiliation, canonical institution identity, and selected location are represented by the exported mapping lineage."
curated:aeb3a6e4747e1a1b3181,Dual-Stream Framework for Real/Fake Classification and Source Attribution of AI-Generated Images Using Spatial and Frequency Features,institution:948d79eac5f4fc81,Can Tho University of Technology,mapping:d82cd669524299b6ebc9,Linh Thuy Thi Pham; Truong Nhat Tran,location:948d79eac5f4fc81a9c7,Can Tho,Can Tho,Vietnam,10.0467807,105.7680453,confirmed,COMPLETE,curated_confirmed_location,"Source-backed affiliation, canonical institution identity, and selected location are represented by the exported mapping lineage."
curated:52edb9369ffaae37bd81,Dual-Tree Complex Wavelet Driven Hierarchical Spatial-Frequency Fusion Learning for Robust Deepfake Detection,institution:f6342fd457763517,Hefei University of Technology,mapping:8fb19d38c0c2301a41af,Rui Sun; Yifan Zhang; Xiaolu Yu; M Li; Jun Gao,location:f6342fd457763517e773,Hefei,Anhui,China,31.8467,117.2976,confirmed,COMPLETE,curated_confirmed_location,"Source-backed affiliation, canonical institution identity, and selected location are represented by the exported mapping lineage."
curated:20975a1b80c227684804,DualSight: Learning to Disentangle Artifact and Semantic Features for Detection of Diffusion-Generated Images,institution:a7afa880cf905469,Mannheim University of Applied Sciences,mapping:a490cc4264dff417bd40,Ahmed Abdullah; Nikolas Ebert; Oliver Wasenmüller,location:7311a982a4770dec9f73,Mannheim,Baden-Württemberg,Germany,49.4699765,8.4819024,confirmed,COMPLETE,curated_confirmed_location,"Source-backed affiliation, canonical institution identity, and selected location are represented by the exported mapping lineage."
curated:6a5bef99dcdc1ad4ba28,DySy-Det: A Synergistic Framework with Dynamic Reconstruction-Path Consistency for AI-Generated Image Detection,institution:39839f8732e7433b,George Mason University,mapping:2a0fd7d8ac012ff351fe,Zhisheng Yan,location:39839f8732e7433b1ef1,George Mason,Virginia,United States,38.8313333,-77.3079884,confirmed,COMPLETE,curated_confirmed_location,"Source-backed affiliation, canonical institution identity, and selected location are represented by the exported mapping lineage."
curated:6a5bef99dcdc1ad4ba28,DySy-Det: A Synergistic Framework with Dynamic Reconstruction-Path Consistency for AI-Generated Image Detection,institution:91e76fe32279c58d,Hangzhou High-Tech Zone (Binjiang) Institute of Blockchain and Data Security,mapping:2aa0d5b6431efa44d4bf,Fanli Jin; Feng Lin; Gaojian Wang; Tong Wu,location:91e76fe32279c58dea46,Hangzhou,Zhejiang,China,30.2079,120.2108,confirmed,COMPLETE,curated_confirmed_location,"Source-backed affiliation, canonical institution identity, and selected location are represented by the exported mapping lineage."
curated:6a5bef99dcdc1ad4ba28,DySy-Det: A Synergistic Framework with Dynamic Reconstruction-Path Consistency for AI-Generated Image Detection,institution:e433baf78e80004b,Zhejiang University,mapping:343cd7b342c4600eda13,Fanli Jin; Feng Lin; Gaojian Wang; Tong Wu,location:e433baf78e80004bdaba,Hangzhou,Zhejiang,China,30.3083,120.0867,confirmed,COMPLETE,curated_confirmed_location,"Source-backed affiliation, canonical institution identity, and selected location are represented by the exported mapping lineage."
curated:667ce5c1fb4da14bbb19,DynEval: Holistic Evaluations of T2I Generative Models in the Wild,institution:1f4217b90babf040,Indian Institute of Science,mapping:8a055aec254da32b9e79,Shyam Marjit; Dheeraj Baiju; Anuj Shikarkhane; Akhil Sakthieswaran; Anirban Chakraborty,location:c01705e6715a30d51366,Bengaluru,Karnataka,India,13.0222347,77.5671832,confirmed,COMPLETE,curated_confirmed_location,"Source-backed affiliation, canonical institution identity, and selected location are represented by the exported mapping lineage."
curated:667ce5c1fb4da14bbb19,DynEval: Holistic Evaluations of T2I Generative Models in the Wild,institution:e3ce9cc5efa9354c,Hugging Face,mapping:8f57581f2e179c62500d,Sayak Paul,location:77ce59d91212ebda047c,Kolkata,West Bengal,India,22.5726,88.3639,confirmed,COMPLETE,curated_confirmed_location,"Source-backed affiliation, canonical institution identity, and selected location are represented by the exported mapping lineage."
,E2GenF: Universal AIGC Image Detection Based on Edge Enhanced Generalizable Features,institution:ad9c8964d01f80d8,Shenzhen University,,Jian Zou; Kezhong Lu,,Shenzhen,,China,22.54553985595703,114.06829833984375,automatic_export_eligible,COMPLETE,existing_validated_automatic_location,Existing public location provenance retained; no new geocoding or independent re-review.
,E2GenF: Universal AIGC Image Detection Based on Edge Enhanced Generalizable Features,institution:f34946305c17c505,Dongguan University of Technology,,Jun Wang; Yingxin Lai; Kaiwen Luo; Zitong Yu,,Dongguan,,China,23.017969131469727,113.7486572265625,automatic_export_eligible,COMPLETE,existing_validated_automatic_location,Existing public location provenance retained; no new geocoding or independent re-review.
curated:8cb907bc9003c61325f8,E3: Ensemble of Expert Embedders for Adapting Synthetic Image Detectors to New Generators Using Limited Data,institution:e0fc2ffb269489e7,Drexel University,mapping:d7b5dcb920b3ef87fdfe,Aref Azizpour; Tai D. Nguyen; Manil Shrestha; Kaidi Xu; Edward Kim; Matthew C. Stamm,location:e0fc2ffb269489e70cd7,Philadelphia,Philadelphia,United States,39.9566,-75.1899,confirmed,COMPLETE,curated_confirmed_location,"Source-backed affiliation, canonical institution identity, and selected location are represented by the exported mapping lineage."
,EKILA: Synthetic Media Provenance and Attribution for Generative Art,institution:29276dc7d9ce02fd,University of Surrey,,Kar Balan; Andrew Gilbert; John Collomosse,,Guildford,,United Kingdom,51.23536,-0.57427,automatic_export_eligible,COMPLETE,existing_validated_automatic_location,Existing public location provenance retained; no new geocoding or independent re-review.
,EKILA: Synthetic Media Provenance and Attribution for Generative Art,institution:a3c0c022b00a11a5,Adobe Systems (United States),,Shruti Agarwal; Simon Jenni; Andy Parsons; John Collomosse,,San Jose,,United States,37.33939,-121.89496,automatic_export_eligible,COMPLETE,existing_validated_automatic_location,Existing public location provenance retained; no new geocoding or independent re-review.
curated:8705551f18f94daa53d4,ERASE: Bypassing Collaborative Detection of AI Counterfeit via Comprehensive Artifacts Elimination,institution:2c846bda509d7d12,Boston University,mapping:8b6ba1426925ce1e73d7,Shengzhi Zhang,location:4de4cceb07540d27233e,Boston,Massachusetts,United States,42.3504215,-71.1032247,confirmed,COMPLETE,curated_confirmed_location,"Source-backed affiliation, canonical institution identity, and selected location are represented by the exported mapping lineage."
curated:8705551f18f94daa53d4,ERASE: Bypassing Collaborative Detection of AI Counterfeit via Comprehensive Artifacts Elimination,institution:6527630c76c9d56a,University of Oregon,mapping:086b80b1b3abd325449a,Yingjiu Li,location:21af2cff7811b0d6f826,Eugene,Oregon,United States,44.0444197,-123.0717603,confirmed,COMPLETE,curated_confirmed_location,"Source-backed affiliation, canonical institution identity, and selected location are represented by the exported mapping lineage."
curated:8705551f18f94daa53d4,ERASE: Bypassing Collaborative Detection of AI Counterfeit via Comprehensive Artifacts Elimination,institution:b3d626f58155d650,Shandong University,mapping:b7cee1a879adc823ec2a,Qianyun Yang; Yuxuan Chen; Zhiwei Chen; Zixu Li; Yupeng Hu,location:b3d626f58155d65088af,Jinan,Shandong,China,36.6753,117.0589,confirmed,COMPLETE,curated_confirmed_location,"Source-backed affiliation, canonical institution identity, and selected location are represented by the exported mapping lineage."
curated:8705551f18f94daa53d4,ERASE: Bypassing Collaborative Detection of AI Counterfeit via Comprehensive Artifacts Elimination,institution:c111feb812f1a7ed,Nanyang Technological University,mapping:29447e454fda3e2eb808,Peizhuo Lv,location:c111feb812f1a7ed9465,Singapore,Singapore,Singapore,1.3483,103.6831,confirmed,COMPLETE,curated_confirmed_location,"Source-backed affiliation, canonical institution identity, and selected location are represented by the exported mapping lineage."
curated:41a934ce12ecfd2f17e9,EXACT: An Explainable Adaptive SemantiC-Trace Framework for AI-Generated Image Forensics,institution:a3a1d363318e4d61,Liaoning Normal University,mapping:885ffbb1c2272d30904b,Hui Shi; Mingyang Liu; Chengcheng Gong,location:a3a1d363318e4d61365c,Dalian,Liaoning,China,38.9152032,121.5591728,confirmed,COMPLETE,curated_confirmed_location,"Source-backed affiliation, canonical institution identity, and selected location are represented by the exported mapping lineage."
curated:29dd14e7af2f68df1b1e,EasyDeep: An IoT Friendly Robust Detection Method for GAN Generated Deepfake Images in Social Media,institution:81eaae945d27f11c,National University of Ireland,mapping:fdc2b4198ae7c542c6f2,Peter Corcoran,location:9b50cba99e4d7e62b8b0,Dublin,Leinster,Ireland,53.3383826,-6.2471783,confirmed,COMPLETE,curated_confirmed_location,"Source-backed affiliation, canonical institution identity, and selected location are represented by the exported mapping lineage."
curated:29dd14e7af2f68df1b1e,EasyDeep: An IoT Friendly Robust Detection Method for GAN Generated Deepfake Images in Social Media,institution:f3cfc9b602d85010,University of North Texas,mapping:1cad52b110a42bbae28b,Alakananda Mitra; Saraju P. Mohanty; Elias Kougianos,location:993cb264e47e1ed70365,Denton,Texas,United States,33.2098922,-97.1514763,confirmed,COMPLETE,curated_confirmed_location,"Source-backed affiliation, canonical institution identity, and selected location are represented by the exported mapping lineage."
curated:69dbedc9fd032cbd190b,Editprint: General Digital Image Forensics via Editing Fingerprint with Self-Augmentation Training,institution:53e6219d595780e3,University of Macau,mapping:462d64a46b2b70ef0ad9,Kemou Li; Jiantao Zhou,location:53e6219d595780e300c1,Macau,Macau,China,22.1284604,113.5438378,confirmed,COMPLETE,curated_confirmed_location,"Source-backed affiliation, canonical institution identity, and selected location are represented by the exported mapping lineage."
curated:69dbedc9fd032cbd190b,Editprint: General Digital Image Forensics via Editing Fingerprint with Self-Augmentation Training,institution:5fc8d686887fa82a,University of Electronic Science and Technology of China,mapping:2543062a3b3408b772ec,Haiwei Wu,location:7942988127caeaef5f36,Chengdu,Sichuan,China,30.7534211,103.9294024,confirmed,COMPLETE,curated_confirmed_location,"Source-backed affiliation, canonical institution identity, and selected location are represented by the exported mapping lineage."
curated:69dbedc9fd032cbd190b,Editprint: General Digital Image Forensics via Editing Fingerprint with Self-Augmentation Training,institution:ad9c8964d01f80d8,Shenzhen University,mapping:861a5d0d7f70edadc406,Yuanman Li,location:ad9c8964d01f80d86e66,Shenzhen,Guangdong,China,22.5411039,113.9389034,confirmed,COMPLETE,curated_confirmed_location,"Source-backed affiliation, canonical institution identity, and selected location are represented by the exported mapping lineage."
curated:634d12d4ee0e1b3d8064,Efficient AI-Generated Image Detection via Confidence-Aware Cascading,institution:3e0249855cebf527,"China Mobile Communications Group Beijing Co., Ltd.",mapping:217cc623ab221355d65f,Yue Yu; Hongya Wang; Jiameng Zhang,location:2fbda960d224b8824308,Beijing,Beijing,China,39.937137,116.432635,confirmed,COMPLETE,curated_confirmed_location,"Source-backed affiliation, canonical institution identity, and selected location are represented by the exported mapping lineage."
curated:634d12d4ee0e1b3d8064,Efficient AI-Generated Image Detection via Confidence-Aware Cascading,institution:625c15ca1b398899,Hebei University,mapping:a1c27dd0f4ca3b76bd74,Xiaoqian Chen; Enting Guo,location:775e9f7489fa5e341740,Baoding,Hebei,China,38.8808332,115.5606323,confirmed,COMPLETE,curated_confirmed_location,"Source-backed affiliation, canonical institution identity, and selected location are represented by the exported mapping lineage."
curated:adf8025bbe37e5e601cd,Enabling Supervised Learning of Generative Signatures for Generalized AI-Generated Images Detection,institution:42fcf4ae44e1a706,University of Florence,mapping:5ce06dc81f3ad8a04dab,Jianwei Fei; Alessandro Piva,location:42fcf4ae44e1a706454c,Florence,Tuscany,Italy,43.7779,11.2591,confirmed,COMPLETE,curated_confirmed_location,"Source-backed affiliation, canonical institution identity, and selected location are represented by the exported mapping lineage."
curated:adf8025bbe37e5e601cd,Enabling Supervised Learning of Generative Signatures for Generalized AI-Generated Images Detection,institution:8632718a2c1444c6,Jinan University,mapping:3ce09e5fe7f2e9e0fd11,Xiaoyu Zhou; Zhihua Xia,location:8632718a2c1444c6cc38,Guangzhou,Guangdong,China,23.1335,113.3419,confirmed,COMPLETE,curated_confirmed_location,"Source-backed affiliation, canonical institution identity, and selected location are represented by the exported mapping lineage."
curated:adf8025bbe37e5e601cd,Enabling Supervised Learning of Generative Signatures for Generalized AI-Generated Images Detection,institution:9ab7959736f7be0d,Shenzhen Campus of Sun Yat-sen University,mapping:ffeab28710cca78f5ee0,Yunshu Dai,location:9ab7959736f7be0d,Shenzhen,Guangdong,China,22.80335,113.95019,confirmed,COMPLETE,curated_confirmed_location,"Source-backed affiliation, canonical institution identity, and selected location are represented by the exported mapping lineage."
,Enhanced CNN Architecture with Residual Blocks and Regularization for AI-Generated Image Detection,institution:4057e1737c20bdb9,Fakir Mohan University,,Jayanti Rout; Minati Mishra,,Balasore,,India,21.49266,86.93348,automatic_export_eligible,COMPLETE,existing_validated_automatic_location,Existing public location provenance retained; no new geocoding or independent re-review.
,Enhancing AI-Generated Image Detection with a Novel Approach and Comparative Analysis,institution:567dcc53fa2f6dd3,Prince Mohammad bin Fahd University,,Jawad Ahmad,,Khobar,,Saudi Arabia,26.27944,50.20833,automatic_export_eligible,COMPLETE,existing_validated_automatic_location,Existing public location provenance retained; no new geocoding or independent re-review.
,Enhancing AI-Generated Image Detection with a Novel Approach and Comparative Analysis,institution:bb266f47a5ceef81,Edinburgh Napier University,,Stuart Weir; Muhammad Shahbaz Khan; Naghmeh Moradpoor,,Edinburgh,,United Kingdom,55.95206,-3.19648,automatic_export_eligible,COMPLETE,existing_validated_automatic_location,Existing public location provenance retained; no new geocoding or independent re-review.
curated:a0c532923fe10a4ee7c0,Enhancing Deepfake Detection with Diversified Self-Blending Images and Residuals,institution:1f939a5a9221dfb6,"Beijing IrisKing Co., Ltd.",mapping:c9139a042858068c242c,Jing Liu,location:476082f6180906139bf3,Beijing,Beijing,China,39.9856,116.3096,confirmed,COMPLETE,curated_confirmed_location,"Source-backed affiliation, canonical institution identity, and selected location are represented by the exported mapping lineage."
curated:a0c532923fe10a4ee7c0,Enhancing Deepfake Detection with Diversified Self-Blending Images and Residuals,institution:61adfe1cfbad3b19,Academy of Broadcasting Science,mapping:fcbcfbbae3d83b0fc37e,Qingtong Liu; Ziyu Xue; Haitao Liu,location:61adfe1cfbad3b19608f,Beijing,Beijing,China,39.903631,116.347219,confirmed,COMPLETE,curated_confirmed_location,"Source-backed affiliation, canonical institution identity, and selected location are represented by the exported mapping lineage."
,Enhancing Interpretability in AI-Generated Image Detection with Genetic Programming,institution:a239b6e2cb8473ef,Nanjing University of Science and Technology,,Mingqian Lin; Lin Shang,,Nanjing,,China,32.06167,118.77778,automatic_export_eligible,COMPLETE,existing_validated_automatic_location,Existing public location provenance retained; no new geocoding or independent re-review.
,Enhancing Interpretability in AI-Generated Image Detection with Genetic Programming,institution:c6f551ae664eb6a5,Victoria University of Wellington,,Xiaoying Gao,,Wellington,,New Zealand,-41.28664,174.77557,automatic_export_eligible,COMPLETE,existing_validated_automatic_location,Existing public location provenance retained; no new geocoding or independent re-review.
curated:6e6c7c4645ed4af43a61,Enhancing Sensing and Imaging Capabilities Through Surface Plasmon Resonance for Deepfake Image Detection,institution:96dd3389141fcf35,"Department of Technical Education, Uttar Pradesh",mapping:44292523d51b513f7a9c,Digvijay Pandey,location:2f94b504d52f4314ee5d,Kanpur,Uttar Pradesh,India,26.49626,80.29083,confirmed,COMPLETE,curated_confirmed_location,"Source-backed affiliation, canonical institution identity, and selected location are represented by the exported mapping lineage."
curated:6e6c7c4645ed4af43a61,Enhancing Sensing and Imaging Capabilities Through Surface Plasmon Resonance for Deepfake Image Detection,institution:9b835b614adb1b57,Hindusthan Institute of Technology,mapping:420af57c9d1c093e033c,R. Uma Maheshwari; B. Paulchamy,location:73843f9b923fdeadb9dc,Othakalmandapam,Tamil Nadu,India,10.8945219,76.9970078,confirmed,COMPLETE,curated_confirmed_location,"Source-backed affiliation, canonical institution identity, and selected location are represented by the exported mapping lineage."
curated:6e6c7c4645ed4af43a61,Enhancing Sensing and Imaging Capabilities Through Surface Plasmon Resonance for Deepfake Image Detection,institution:ef894bd5e789abd7,Govind Ballabh Pant University of Agriculture and Technology,mapping:1ba8c7beef6433c071c4,Binay Kumar Pandey,location:68430421b377f89c6e66,Pantnagar,Uttarakhand,India,29.0227737,79.4913268,confirmed,COMPLETE,curated_confirmed_location,"Source-backed affiliation, canonical institution identity, and selected location are represented by the exported mapping lineage."
,Enhancing Synthetic Generated-Images Detection Through Post-Hoc Calibration,institution:65dbfd1e022f02e2,University of Siena,,Giovanna Maria Dimitri; Benedetta Tondi; Mauro Barni,,Siena,,Italy,43.31821823120117,11.330639839172363,automatic_export_eligible,COMPLETE,existing_validated_automatic_location,Existing public location provenance retained; no new geocoding or independent re-review.
,Enhancing the Generalization of Synthetic Image Detection Models Through the Exploration of Features in Deep Detection Models,institution:23824a2aff1dfd72,Institute for Research in Fundamental Sciences,,Hossein Motamednia,,Tehran,,Iran,35.810001373291016,51.470001220703125,automatic_export_eligible,COMPLETE,existing_validated_automatic_location,Existing public location provenance retained; no new geocoding or independent re-review.
,Enhancing the Generalization of Synthetic Image Detection Models Through the Exploration of Features in Deep Detection Models,institution:2e47d59ad1e8d5a4,Shahid Beheshti University,,Alireza Javaheri; Ahmad Mahmoudi-Azanveh,,Tehran,,Iran,35.69439,51.42151,automatic_export_eligible,COMPLETE,existing_validated_automatic_location,Existing public location provenance retained; no new geocoding or independent re-review.
,Evading Watermark based Detection of AI-Generated Content,institution:781afa4ed50a74b8,Duke University,,Zhengyuan Jiang; Jinghuai Zhang; Neil Zhenqiang Gong,,Durham,,United States,35.99403,-78.89862,automatic_export_eligible,COMPLETE,existing_validated_automatic_location,Existing public location provenance retained; no new geocoding or independent re-review.
curated:4b042ad660312ec3b338,Evasion on General GAN-Generated Image Detection by Disentangled Representation,institution:2f2a5a5c1021efe4,Huya Inc.,mapping:9121743520db34334d78,Xiao Meng,location:0983c64cf9d4e52c81df,Guangzhou City,Guangdong,China,23.0009,113.3268,confirmed,COMPLETE,curated_confirmed_location,"Source-backed affiliation, canonical institution identity, and selected location are represented by the exported mapping lineage."
curated:4b042ad660312ec3b338,Evasion on General GAN-Generated Image Detection by Disentangled Representation,institution:3e9b289ae248f660,South China University of Technology,mapping:6334bd4fbef37e65a099,Patrick P. K. Chan; Chuanxin Zhang; Haitao Chen; Jingwen Deng,location:3e9b289ae248f6600cee,Guangzhou,Guangdong,China,23.151,113.349,confirmed,COMPLETE,curated_confirmed_location,"Source-backed affiliation, canonical institution identity, and selected location are represented by the exported mapping lineage."
curated:8116d19627b92530b580,EvoGuard: An Extensible Agentic RL-Based Framework for Practical and Evolving AI-Generated Image Detection,institution:8c45f60c84082063,The University of Tokyo,mapping:030c8da6c6ea1e1cce24,Chenyang Zhu; Isao Echizen,location:8c45f60c840820635f14,Tokyo,Tokyo,Japan,35.713,139.7626,confirmed,COMPLETE,curated_confirmed_location,"Source-backed affiliation, canonical institution identity, and selected location are represented by the exported mapping lineage."
curated:8116d19627b92530b580,EvoGuard: An Extensible Agentic RL-Based Framework for Practical and Evolving AI-Generated Image Detection,institution:db8874f9983a5ffd,National Institute of Informatics,mapping:7e43f6264721715a1e5a,Chenyang Zhu; Maorong Wang; Jun Liu; Ching-Chun Chang; Isao Echizen,location:db8874f9983a5ffd161c,Tokyo,Tokyo,Japan,35.6997,139.7534,confirmed,COMPLETE,curated_confirmed_location,"Source-backed affiliation, canonical institution identity, and selected location are represented by the exported mapping lineage."
curated:3312da81174f7d411081,Evolution of Detection Performance Throughout the Online Lifespan of Synthetic Images,institution:0c5e25ec47ce33fe,Paris-Saclay University,mapping:a6305ede5b6dfe7e26de,Quentin Bammey,location:0c5e25ec47ce33feefff,Gif-sur-Yvette,Île-de-France,France,48.7097,2.1658,confirmed,COMPLETE,curated_confirmed_location,"Source-backed affiliation, canonical institution identity, and selected location are represented by the exported mapping lineage."
curated:3312da81174f7d411081,Evolution of Detection Performance Throughout the Online Lifespan of Synthetic Images,institution:212d8dcc1a46b96e,ENS Paris-Saclay,mapping:ed156b64d4b3c2e0df87,Quentin Bammey,location:8afd9ebdc11321948889,Gif-sur-Yvette,Île-de-France,France,48.7123431,2.1657965,confirmed,COMPLETE,curated_confirmed_location,"Source-backed affiliation, canonical institution identity, and selected location are represented by the exported mapping lineage."
curated:3312da81174f7d411081,Evolution of Detection Performance Throughout the Online Lifespan of Synthetic Images,institution:29645bb566fcd576,French National Centre for Scientific Research,mapping:6f965a92cdc1a450ab7e,Quentin Bammey,location:29645bb566fcd57661c6,Paris,Île-de-France,France,48.8462,2.263,confirmed,COMPLETE,curated_confirmed_location,"Source-backed affiliation, canonical institution identity, and selected location are represented by the exported mapping lineage."
curated:3312da81174f7d411081,Evolution of Detection Performance Throughout the Online Lifespan of Synthetic Images,institution:995961c53e221f07,Centre Borelli,mapping:aaeea0f794690677e93c,Quentin Bammey,location:a49f89dd24b6ef783b6e,Gif-sur-Yvette,Île-de-France,France,48.7132044,2.1637932,confirmed,COMPLETE,curated_confirmed_location,"Source-backed affiliation, canonical institution identity, and selected location are represented by the exported mapping lineage."
curated:3312da81174f7d411081,Evolution of Detection Performance Throughout the Online Lifespan of Synthetic Images,institution:e24529de73ecaa2c,Agence France-Presse,mapping:52d1b26c6ea79d5c688d,Valentin Porcellini; Bertrand Goupil; Denis Teyssou,location:c64d893ba4b9fb6519ab,Paris,Île-de-France,France,48.8685888,2.340715,confirmed,COMPLETE,curated_confirmed_location,"Source-backed affiliation, canonical institution identity, and selected location are represented by the exported mapping lineage."
curated:3312da81174f7d411081,Evolution of Detection Performance Throughout the Online Lifespan of Synthetic Images,institution:f841aa8a7a0d29aa,Centre for Research and Technology Hellas,mapping:9781457aa819b9f26ead,Dimitrios Karageogiou; Symeon Papadopoulos,location:2be8edf081e0c9efdf5d,Thessaloniki,Central Macedonia,Greece,40.64361,22.93086,confirmed,COMPLETE,curated_confirmed_location,"Source-backed affiliation, canonical institution identity, and selected location are represented by the exported mapping lineage."
curated:87bc93471ce8bb561091,ExDA: Towards Universal Detection and Plug-and-Play Attribution of AI-Generated Ex-Regulatory Images,institution:fccd5d0ac9cc52f9,Shanghai Jiao Tong University,mapping:22167a65441e48186282,Wenpeng Mu; Zheng Li; Qiang Xu; Xinghao Jiang; Tanfeng Sun,location:fccd5d0ac9cc52f960f2,Shanghai,Shanghai,China,31.0254,121.4331,confirmed,COMPLETE,curated_confirmed_location,"Source-backed affiliation, canonical institution identity, and selected location are represented by the exported mapping lineage."
curated:46773aac10dade5fbd50,Explainability-Driven Analysis of AI-Generated Image Detectors: Insights Into Generalization and Failure Modes,institution:ab1c5fd351e72f37,Link Campus University,mapping:05c318159dde72439ca3,Chiara Pero,location:ab1c5fd351e72f378ec6,Rome,Lazio,Italy,41.8937,12.4252,confirmed,COMPLETE,curated_confirmed_location,"Source-backed affiliation, canonical institution identity, and selected location are represented by the exported mapping lineage."
curated:46773aac10dade5fbd50,Explainability-Driven Analysis of AI-Generated Image Detectors: Insights Into Generalization and Failure Modes,institution:d91bdebb133e022b,University of Salerno,mapping:88ff392716fe0c5b40e6,Andrea Abate; Carmen Bisogni; Lucia Cimmino; Matteo Polsinelli,location:d91bdebb133e022b2cbd,Fisciano,Campania,Italy,40.77195,14.7907,confirmed,COMPLETE,curated_confirmed_location,"Source-backed affiliation, canonical institution identity, and selected location are represented by the exported mapping lineage."
curated:46773aac10dade5fbd50,Explainability-Driven Analysis of AI-Generated Image Detectors: Insights Into Generalization and Failure Modes,institution:e7cbd84466f9202b,Pegaso University,mapping:e1b52f143ff0b6bf97ec,Lucia Cimmino,location:e7cbd84466f9202bdcaf,Naples,Campania,Italy,40.857467,14.280388,confirmed,COMPLETE,curated_confirmed_location,"Source-backed affiliation, canonical institution identity, and selected location are represented by the exported mapping lineage."
,Explainable Synthetic Image Detection Through Diffusion Timestep Ensembling,institution:8b4ead1dd8198300,Ministry of Education,,Xuanjing Huang,,Podgorica,,Montenegro,42.446346282958984,19.263551712036133,automatic_export_eligible,COMPLETE,existing_validated_automatic_location,Existing public location provenance retained; no new geocoding or independent re-review.
,Explainable Synthetic Image Detection Through Diffusion Timestep Ensembling,institution:baa1df7c4adddbda,Fudan University,,Yixin Wu; Feiran Zhang; Tianyuan Shi; Ruicheng Yin; Zhenghua Wang; Zhenliang Gan; Xiaohua Wang; Changze Lv; Xiaoqing Zheng,,Shanghai,,China,31.222219467163086,121.45806121826172,automatic_export_eligible,COMPLETE,existing_validated_automatic_location,Existing public location provenance retained; no new geocoding or independent re-review.
curated:10b24e1d35ca792385ac,Exploiting the Source-Asymmetry Confidence Gap for Generalizable AI-Generated Image Detection,institution:5c85faa51cc57a24,Sun Yat-sen University,mapping:ad7ec6d5da53fec58ef8,Ziyang Zheng; Weiyan Chen; Yao Xiao; Zijie Cao; Dongyu Zhang; Pengxu Wei,location:5c85faa51cc57a24f560,Guangzhou,Guangdong,China,23.09959,113.29251,confirmed,COMPLETE,curated_confirmed_location,"Source-backed affiliation, canonical institution identity, and selected location are represented by the exported mapping lineage."
,Exploring the Adversarial Robustness of CLIP for AI-generated Image Detection,institution:d046d2c57bb3a863,University of Naples Federico II,mapping:aea5511fffd31f012e3d,Vincenzo De Rosa; Fabrizio Guillaro; Giovanni Poggi; Davide Cozzolino; Luisa Verdoliva,location:d046d2c57bb3a863a89a,Naples,Campania,Italy,40.8463,14.2572,confirmed,COMPLETE,curated_confirmed_location,"Source-backed affiliation, canonical institution identity, and selected location are represented by the exported mapping lineage."
,Exposing Fake Images Generated by Text-to-Image Diffusion Models,institution:7e10613327a4e264,Chongqing University of Posts and Telecommunications,,Hao Wang,,Chongqing,,China,29.560260772705078,106.55770874023438,automatic_export_eligible,COMPLETE,existing_validated_automatic_location,Existing public location provenance retained; no new geocoding or independent re-review.
,Exposing Fake Images Generated by Text-to-Image Diffusion Models,institution:ec71dc4340659fd9,City University of Hong Kong,,Qiang Xu; Hong Yan,,Hong Kong,Hong Kong,China,22.2783203125,114.17469024658203,automatic_export_eligible,COMPLETE,existing_validated_automatic_location,Existing public location provenance retained; no new geocoding or independent re-review.
,Exposing Fake Images Generated by Text-to-Image Diffusion Models,institution:f23b95ce92de4591,Wuhan University,,Jianye Yuan,,Wuhan,,China,30.583330154418945,114.26667022705078,automatic_export_eligible,COMPLETE,existing_validated_automatic_location,Existing public location provenance retained; no new geocoding or independent re-review.
,Exposing Fake Images Generated by Text-to-Image Diffusion Models,institution:fccd5d0ac9cc52f9,Shanghai Jiao Tong University,,Laijin Meng; Zhongjie Mi,,Shanghai,,China,31.222219467163086,121.45806121826172,automatic_export_eligible,COMPLETE,existing_validated_automatic_location,Existing public location provenance retained; no new geocoding or independent re-review.
curated:de711d9d87b55d210bd6,Exposing the Fake: Effective Diffusion-Generated Images Detection,institution:5fc8d686887fa82a,University of Electronic Science and Technology of China,mapping:3dc93ac84e0629c31ba1,Ruipeng Ma; Fei Kong; Xiaoshuang Shi,location:7942988127caeaef5f36,Chengdu,Sichuan,China,30.7534211,103.9294024,confirmed,COMPLETE,curated_confirmed_location,"Source-backed affiliation, canonical institution identity, and selected location are represented by the exported mapping lineage."
curated:de711d9d87b55d210bd6,Exposing the Fake: Effective Diffusion-Generated Images Detection,institution:e0fc2ffb269489e7,Drexel University,mapping:13e244fe10cc1e51a307,Jinhao Duan; Kaidi Xu,location:e0fc2ffb269489e70cd7,Philadelphia,Philadelphia,United States,39.9566,-75.1899,confirmed,COMPLETE,curated_confirmed_location,"Source-backed affiliation, canonical institution identity, and selected location are represented by the exported mapping lineage."
curated:8503e319e1f4890c2e28,FAIR: Feature-Augmented Implicit Regularization for AI-Generated Fake Image Detection,institution:30e93da233b7eeef,Deakin University,mapping:28b4d5190874fc2fb9a6,Md Redwanul Haque; Manzur Murshed; Tsz-Kwan Lee,location:c33d30d49f30b6f50b13,Burwood,Victoria,Australia,-37.8475136,145.1149474,confirmed,COMPLETE,curated_confirmed_location,"Source-backed affiliation, canonical institution identity, and selected location are represented by the exported mapping lineage."
curated:8503e319e1f4890c2e28,FAIR: Feature-Augmented Implicit Regularization for AI-Generated Fake Image Detection,institution:eed925f6c3049512,Charles Sturt University,mapping:594b79d7d8e2f3d82eb2,Manoranjan Paul,location:01651cfe68035ef0748f,Bathurst,New South Wales,Australia,-33.430406472398055,149.56494411430373,confirmed,COMPLETE,curated_confirmed_location,"Source-backed affiliation, canonical institution identity, and selected location are represented by the exported mapping lineage."
,FAMSeC: A Few-Shot-Sample-Based General AI-Generated Image Detection Method,institution:16ee891260af74c0,Anhui University,,Juncong Xu; Yang Yang,,Hefei,,China,31.86389,117.28083,automatic_export_eligible,COMPLETE,existing_validated_automatic_location,Existing public location provenance retained; no new geocoding or independent re-review.
,FAMSeC: A Few-Shot-Sample-Based General AI-Generated Image Detection Method,institution:70ccb485197bbb6c,National University of Singapore,,Han Fang,,Singapore,,Singapore,1.28967,103.85007,automatic_export_eligible,COMPLETE,existing_validated_automatic_location,Existing public location provenance retained; no new geocoding or independent re-review.
,FAMSeC: A Few-Shot-Sample-Based General AI-Generated Image Detection Method,institution:e721b03b6f6c172d,University of Science and Technology of China,,Honggu Liu; Weiming Zhang,,Hefei,,China,31.86389,117.28083,automatic_export_eligible,COMPLETE,existing_validated_automatic_location,Existing public location provenance retained; no new geocoding or independent re-review.
curated:c420495aae5c20e0ea2a,FANB-Net: Frequency-Awared Attention and Noise-Injected Boosting for AI-Generated Image Detection,institution:8fe72087521e285a,Guangdong University of Technology,mapping:6738a10bc69ce12cbee6,Jiacai Guo; Zili Xu; Jianjie Luo; Zhenguo Yang,location:8fe72087521e285a8c05,Guangzhou,Guangdong,China,23.0374,113.3948,confirmed,COMPLETE,curated_confirmed_location,"Source-backed affiliation, canonical institution identity, and selected location are represented by the exported mapping lineage."
curated:c420495aae5c20e0ea2a,FANB-Net: Frequency-Awared Attention and Noise-Injected Boosting for AI-Generated Image Detection,institution:e1fcb46488c800ef,Hong Kong Metropolitan University,mapping:7140026a5ea6a027b0bc,Lap-Kei Lee; Fu Lee Wang,location:e1fcb46488c800ef3179,Hong Kong,Hong Kong,China,22.3162,114.18,confirmed,COMPLETE,curated_confirmed_location,"Source-backed affiliation, canonical institution identity, and selected location are represented by the exported mapping lineage."
curated:0ce4661dd62d1a9f8e89,FESA-CLIP: Frequency-Enhanced Semantic-Agnostic Decoupling for Generalizable AI-Generated Image Detection,institution:69309405e04976ec,University of Chinese Academy of Sciences,mapping:a1f136b829a993a94c44,Zhichao Lian,location:69309405e04976ecd5ee,Beijing,Beijing,China,39.9078,116.2523,confirmed,COMPLETE,curated_confirmed_location,"Source-backed affiliation, canonical institution identity, and selected location are represented by the exported mapping lineage."
curated:0ce4661dd62d1a9f8e89,FESA-CLIP: Frequency-Enhanced Semantic-Agnostic Decoupling for Generalizable AI-Generated Image Detection,institution:a239b6e2cb8473ef,Nanjing University of Science and Technology,mapping:a3d7d6aebe7cb00bb51b,Bo He; Huanglei Yang; Zhichao Lian,location:a239b6e2cb8473ef0466,Nanjing,Jiangsu,China,32.031826,118.8521427,confirmed,COMPLETE,curated_confirmed_location,"Source-backed affiliation, canonical institution identity, and selected location are represented by the exported mapping lineage."
curated:ce200a9a7aa3dee36fc7,FIDAVL: Fake Image Detection and Attribution Using Vision-Language Model,institution:1e2fe2432a089705,Polytechnic University of Hauts-de-France,mapping:fb2466ad12541d376579,Mamadou Keita; Hessen Bougueffa Eutamene; Abdelmalik Taleb-Ahmed,location:1e2fe2432a0897054ff4,Valenciennes,Hauts-de-France,France,50.325,3.511,confirmed,COMPLETE,curated_confirmed_location,"Source-backed affiliation, canonical institution identity, and selected location are represented by the exported mapping lineage."
curated:ce200a9a7aa3dee36fc7,FIDAVL: Fake Image Detection and Attribution Using Vision-Language Model,institution:271362b3e1310a1c,Sorbonne University Abu Dhabi,mapping:170d0c521bf80696d9ea,Abdenour Hadid,location:271362b3e1310a1cc98c,Abu Dhabi,Abu Dhabi,United Arab Emirates,24.4851,54.4126,confirmed,COMPLETE,curated_confirmed_location,"Source-backed affiliation, canonical institution identity, and selected location are represented by the exported mapping lineage."
curated:ce200a9a7aa3dee36fc7,FIDAVL: Fake Image Detection and Attribution Using Vision-Language Model,institution:6c246ba350e11d5f,University of Rennes,mapping:1235057b0615e536ee23,Wassim Hamidouche,location:6c246ba350e11d5fb08a,Rennes,Brittany,France,48.1155,-1.6385,confirmed,COMPLETE,curated_confirmed_location,"Source-backed affiliation, canonical institution identity, and selected location are represented by the exported mapping lineage."
curated:dbbb2e6ee311ee6198c3,FIND: A Simple yet Effective Baseline for Diffusion-Generated Image Detection,institution:0008285766dcabc7,Northeastern University,mapping:9c18ec68e699f57fc00c,Yingying Feng,location:0008285766dcabc77b7e,Shenyang,Liaoning,China,41.7634632,123.4117577,confirmed,COMPLETE,curated_confirmed_location,"Source-backed affiliation, canonical institution identity, and selected location are represented by the exported mapping lineage."
curated:dbbb2e6ee311ee6198c3,FIND: A Simple yet Effective Baseline for Diffusion-Generated Image Detection,institution:70ccb485197bbb6c,National University of Singapore,mapping:486525443695c3d14545,Jie Hu; Lei Tan; Jiayi Ji,location:70ccb485197bbb6c89fd,Singapore,Singapore,Singapore,1.2959845,103.7766186,confirmed,COMPLETE,curated_confirmed_location,"Source-backed affiliation, canonical institution identity, and selected location are represented by the exported mapping lineage."
curated:dbbb2e6ee311ee6198c3,FIND: A Simple yet Effective Baseline for Diffusion-Generated Image Detection,institution:929ddef9540ec1e7,Xiamen University,mapping:4d1cfcbb0f7f36fb3462,Jie Li; Jiayi Ji,location:929ddef9540ec1e76a47,Xiamen,Fujian,China,24.4389,118.0947,confirmed,COMPLETE,curated_confirmed_location,"Source-backed affiliation, canonical institution identity, and selected location are represented by the exported mapping lineage."
curated:dbbb2e6ee311ee6198c3,FIND: A Simple yet Effective Baseline for Diffusion-Generated Image Detection,institution:b0b93bb53a8b88c1,Tongji University,mapping:bf3d0a8625d0301fb89d,Chi Xie,location:b0b93bb53a8b88c177ea,Yangpu,Shanghai,China,31.2847393,121.4969491,confirmed,COMPLETE,curated_confirmed_location,"Source-backed affiliation, canonical institution identity, and selected location are represented by the exported mapping lineage."
curated:b8119cd227de03702d48,FIRE: Robust Detection of Diffusion-Generated Images via Frequency-Guided Reconstruction Error,institution:1502cb7c96ae3095,Beijing University of Posts and Telecommunications,mapping:3276502ce31755f1f702,Beilin Chu; Xuan Xu; Xin Wang; Yufei Zhang; Weike You; Linna Zhou,location:1502cb7c96ae3095e27b,Beijing,Beijing,China,39.962,116.358,confirmed,COMPLETE,curated_confirmed_location,"Source-backed affiliation, canonical institution identity, and selected location are represented by the exported mapping lineage."
curated:1332f5c35b9ac943f349,FLODA: Harnessing Vision-Language Models for Deepfake Assessment,institution:3e2d6c20e9d268da,Hanyang University,mapping:23045e7ff749c6ee30b5,Youngho Bae,location:3e2d6c20e9d268da465d,Seoul,Seoul,South Korea,37.5572,127.0453,confirmed,COMPLETE,curated_confirmed_location,"Source-backed affiliation, canonical institution identity, and selected location are represented by the exported mapping lineage."
curated:1332f5c35b9ac943f349,FLODA: Harnessing Vision-Language Models for Deepfake Assessment,institution:42992b97b8e05dd4,"Yonsei University, Sinchon Campus",mapping:824da221d6a0922bfb18,Gunhui Han,location:42992b97b8e05dd487c8,Seoul,Seoul,South Korea,37.5658,126.9386,confirmed,COMPLETE,curated_confirmed_location,"Source-backed affiliation, canonical institution identity, and selected location are represented by the exported mapping lineage."
curated:1332f5c35b9ac943f349,FLODA: Harnessing Vision-Language Models for Deepfake Assessment,institution:6a892bbe4ee57122,University of Toronto,mapping:b6eb27a2e93b7c15058d,Alexander W. Olson,location:6a892bbe4ee5712254e8,Toronto,Ontario,Canada,43.6635,-79.3958,confirmed,COMPLETE,curated_confirmed_location,"Source-backed affiliation, canonical institution identity, and selected location are represented by the exported mapping lineage."
curated:1332f5c35b9ac943f349,FLODA: Harnessing Vision-Language Models for Deepfake Assessment,institution:6e61f1cad147c313,"Yonsei University, International Campus",mapping:2bd5d375d6e0769c233c,Seunghyeon Park,location:6e61f1cad147c313e93f,Incheon,Incheon,South Korea,37.3839,126.6708,confirmed,COMPLETE,curated_confirmed_location,"Source-backed affiliation, canonical institution identity, and selected location are represented by the exported mapping lineage."
,Face X-Ray for More General Face Forgery Detection,institution:46e4866d3b2954ab,Peking University,,Lingzhi Li,,Beijing,,China,39.9075,116.39723,automatic_export_eligible,COMPLETE,existing_validated_automatic_location,Existing public location provenance retained; no new geocoding or independent re-review.
,Face X-Ray for More General Face Forgery Detection,institution:b771bab570cca255,Microsoft Research Asia (China),,Jianmin Bao; Ting Zhang; Hao Yang; Dong Chen; Fang Wen; Baining Guo,,Beijing,,China,39.9075,116.39723,automatic_export_eligible,COMPLETE,existing_validated_automatic_location,Existing public location provenance retained; no new geocoding or independent re-review.
,FairAdapter: Detecting AI-generated Images with Improved Fairness,institution:74eb5a7db0242865,Nanchang University,,Feng Ding; Jun Zhang; Xinan He; Jianfeng Xu,,Nanchang,,China,28.68396,115.85306,automatic_export_eligible,COMPLETE,existing_validated_automatic_location,Existing public location provenance retained; no new geocoding or independent re-review.
curated:8ebf01a335c20fdc902d,Fake Detection Based on Balanced Attention and Information Guidance for Collaborative Image Processing Tasks,institution:4955c30e161b66f8,Xinjiang University,mapping:57e4f2b9ca85dd18f608,Jia Wang; Qian Luo,location:0a03e7d566e39f75e5aa,Urumqi,Xinjiang,China,43.7627814,87.6190035,confirmed,COMPLETE,curated_confirmed_location,"Source-backed affiliation, canonical institution identity, and selected location are represented by the exported mapping lineage."
curated:8ebf01a335c20fdc902d,Fake Detection Based on Balanced Attention and Information Guidance for Collaborative Image Processing Tasks,institution:c49f954847b969c5,Incheon National University,mapping:a3239f5fde67aa8f168c,Jeon Gwanggil,location:910cffce0cc9b8586087,Incheon,Incheon,South Korea,37.3751446,126.6323415,confirmed,COMPLETE,curated_confirmed_location,"Source-backed affiliation, canonical institution identity, and selected location are represented by the exported mapping lineage."
curated:7e8fbc2874cf4cebfcc9,Fake or JPEG? Revealing Common Biases in Generated Image Detection Datasets,institution:59fe0b363dfeb8f5,Offenburg University of Applied Sciences,mapping:d4e1e0bc5fe2b3d512e5,Patrick Grommelt; Louis Weiss; Janis Keuper,location:59fe0b363dfeb8f5ef89,Offenburg,Baden-Württemberg,Germany,48.4569,7.9425,confirmed,COMPLETE,curated_confirmed_location,"Source-backed affiliation, canonical institution identity, and selected location are represented by the exported mapping lineage."
curated:7e8fbc2874cf4cebfcc9,Fake or JPEG? Revealing Common Biases in Generated Image Detection Datasets,institution:957fef132942e033,University of Mannheim,mapping:2b3dfc8e86030afa9e09,Janis Keuper,location:957fef132942e033867e,Mannheim,Baden-Württemberg,Germany,49.4828,8.4617,confirmed,COMPLETE,curated_confirmed_location,"Source-backed affiliation, canonical institution identity, and selected location are represented by the exported mapping lineage."
curated:7e8fbc2874cf4cebfcc9,Fake or JPEG? Revealing Common Biases in Generated Image Detection Datasets,institution:ce832fad3d4de534,Fraunhofer Institute for Industrial Mathematics ITWM,mapping:87eddcccac6738e25a12,Patrick Grommelt; Louis Weiss; Franz-Josef Pfreundt,location:1593be9a43e9f346d486,Kaiserslautern,Rhineland-Palatinate,Germany,49.43145,7.75294,confirmed,COMPLETE,curated_confirmed_location,"Source-backed affiliation, canonical institution identity, and selected location are represented by the exported mapping lineage."
curated:40db3b79c5d83b80e5a4,Fake-GPT: Detecting Fake Image via Large Language Model,institution:0be9d444a6c88894,"China Telecom Cloud Technology Co., Ltd.",mapping:180b366d117a5961ea88,Yuming Fan; Dongming Yang,location:18a753b21d5fd4c60887,Beijing,Beijing,China,39.9458,116.4217,confirmed,COMPLETE,curated_confirmed_location,"Source-backed affiliation, canonical institution identity, and selected location are represented by the exported mapping lineage."
curated:40db3b79c5d83b80e5a4,Fake-GPT: Detecting Fake Image via Large Language Model,institution:46e4866d3b2954ab,Peking University,mapping:37ddf72236ac28d18cc4,Bang Yang; Yuexian Zou,location:46e4866d3b2954ab314b,Beijing,Beijing,China,39.9928,116.3058,confirmed,COMPLETE,curated_confirmed_location,"Source-backed affiliation, canonical institution identity, and selected location are represented by the exported mapping lineage."
curated:40db3b79c5d83b80e5a4,Fake-GPT: Detecting Fake Image via Large Language Model,institution:69309405e04976ec,University of Chinese Academy of Sciences,mapping:d77e3ab948b4fb245ee5,Jiguang Zhang,location:69309405e04976ecd5ee,Beijing,Beijing,China,39.9078,116.2523,confirmed,COMPLETE,curated_confirmed_location,"Source-backed affiliation, canonical institution identity, and selected location are represented by the exported mapping lineage."
curated:40db3b79c5d83b80e5a4,Fake-GPT: Detecting Fake Image via Large Language Model,institution:966ff12833f90bb0,"Institute of Automation, Chinese Academy of Sciences",mapping:ab87f822706ed5c53fac,Jiguang Zhang,location:966ff12833f90bb0ba7e,Beijing,Beijing,China,39.9826,116.3336,confirmed,COMPLETE,curated_confirmed_location,"Source-backed affiliation, canonical institution identity, and selected location are represented by the exported mapping lineage."
curated:946d44174eaedb61b7ef,FakeBench: Probing Explainable Fake Image Detection via Large Multimodal Models,institution:c111feb812f1a7ed,Nanyang Technological University,mapping:263b03ccdc9849e7505b,Bu Sung Lee; Weisi Lin,location:c111feb812f1a7ed9465,Singapore,Singapore,Singapore,1.3483,103.6831,confirmed,COMPLETE,curated_confirmed_location,"Source-backed affiliation, canonical institution identity, and selected location are represented by the exported mapping lineage."
curated:946d44174eaedb61b7ef,FakeBench: Probing Explainable Fake Image Detection via Large Multimodal Models,institution:e0fc2ffb269489e7,Drexel University,mapping:83bbc62b6006e64ad143,Xiaoyang Wang,location:e0fc2ffb269489e70cd7,Philadelphia,Philadelphia,United States,39.9566,-75.1899,confirmed,COMPLETE,curated_confirmed_location,"Source-backed affiliation, canonical institution identity, and selected location are represented by the exported mapping lineage."
curated:946d44174eaedb61b7ef,FakeBench: Probing Explainable Fake Image Detection via Large Multimodal Models,institution:ec71dc4340659fd9,City University of Hong Kong,mapping:2dad8bded40ad3e50ab5,Yixuan Li; Xuelin Liu; Shiqi Wang,location:ec71dc4340659fd9f388,Hong Kong,Hong Kong,China,22.3374,114.173,confirmed,COMPLETE,curated_confirmed_location,"Source-backed affiliation, canonical institution identity, and selected location are represented by the exported mapping lineage."
curated:946d44174eaedb61b7ef,FakeBench: Probing Explainable Fake Image Detection via Large Multimodal Models,institution:f4a883f8d9615a43,University of Campinas,mapping:bcb89e81cc66a276d5f6,Anderson Rocha,location:f4a883f8d9615a43d89c,Campinas,São Paulo,Brazil,-22.817,-47.0683,confirmed,COMPLETE,curated_confirmed_location,"Source-backed affiliation, canonical institution identity, and selected location are represented by the exported mapping lineage."
curated:1eef07ebb6bd7e596f61,FakeInversion: Learning to Detect Images from Unseen Text-to-Image Models by Inverting Stable Diffusion,institution:35e36dc1a5213fa3,Google Research,mapping:8747af9bd85d317390cb,Avneesh Sud; Thomas Leung; Ben Usman,location:35e36dc1a5213fa37380,Mountain View,California,United States,37.422,-122.0841,confirmed,COMPLETE,curated_confirmed_location,"Source-backed affiliation, canonical institution identity, and selected location are represented by the exported mapping lineage."
curated:1eef07ebb6bd7e596f61,FakeInversion: Learning to Detect Images from Unseen Text-to-Image Models by Inverting Stable Diffusion,institution:366058c27e343874,Massachusetts Institute of Technology,mapping:c904ac3984d8d031b10f,George Cazenavette,location:366058c27e3438744ac0,Cambridge,Massachusetts,United States,42.3601,-71.0942,confirmed,COMPLETE,curated_confirmed_location,"Source-backed affiliation, canonical institution identity, and selected location are represented by the exported mapping lineage."
,FakeScope: Large Multimodal Expert Model for Transparent AI-Generated Image Forensics,institution:5c85faa51cc57a24,Sun Yat-sen University,mapping:cc631c9efdd295b5e697,Wei Lu,location:5c85faa51cc57a24f560,Guangzhou,Guangdong,China,23.09959,113.29251,confirmed,COMPLETE,curated_confirmed_location,"Source-backed affiliation, canonical institution identity, and selected location are represented by the exported mapping lineage."
,FakeScope: Large Multimodal Expert Model for Transparent AI-Generated Image Forensics,institution:7aae859eefe8edd1,Chang'an University,mapping:f14b781d1846bb947406,Yipo Huang,location:7aae859eefe8edd103bd,Xi’an,Shaanxi,China,34.23445,108.95288,confirmed,COMPLETE,curated_confirmed_location,"Source-backed affiliation, canonical institution identity, and selected location are represented by the exported mapping lineage."
,FakeScope: Large Multimodal Expert Model for Transparent AI-Generated Image Forensics,institution:c111feb812f1a7ed,Nanyang Technological University,mapping:38535c445d1c5aa30773,Weisi Lin,location:c111feb812f1a7ed9465,Singapore,Singapore,Singapore,1.3483,103.6831,confirmed,COMPLETE,curated_confirmed_location,"Source-backed affiliation, canonical institution identity, and selected location are represented by the exported mapping lineage."
,FakeScope: Large Multimodal Expert Model for Transparent AI-Generated Image Forensics,institution:ec71dc4340659fd9,City University of Hong Kong,mapping:beb925259aaaadd830a5,Yixuan Li; Yu Tian; Shiqi Wang,location:ec71dc4340659fd9f388,Hong Kong,Hong Kong,China,22.3374,114.173,confirmed,COMPLETE,curated_confirmed_location,"Source-backed affiliation, canonical institution identity, and selected location are represented by the exported mapping lineage."
,FakeScope: Large Multimodal Expert Model for Transparent AI-Generated Image Forensics,institution:f4a883f8d9615a43,University of Campinas,mapping:4c438323764a93c0319d,Anderson Rocha,location:f4a883f8d9615a43d89c,Campinas,São Paulo,Brazil,-22.817,-47.0683,confirmed,COMPLETE,curated_confirmed_location,"Source-backed affiliation, canonical institution identity, and selected location are represented by the exported mapping lineage."
curated:411724cd949b78c1af6a,FakeXplain: AI-Generated Image Detection via Human-Aligned Grounded Reasoning,institution:5a28a1a99a417ba5,Ant Group,mapping:f78f4f3ad036e08a894a,Yikun Ji; Yan Hong; Jun Lan; Huijia Zhu; Weiqiang Wang,location:5a28a1a99a417ba5e640,Hangzhou,Zhejiang,China,30.2613,120.1042,confirmed,COMPLETE,curated_confirmed_location,"Source-backed affiliation, canonical institution identity, and selected location are represented by the exported mapping lineage."
curated:411724cd949b78c1af6a,FakeXplain: AI-Generated Image Detection via Human-Aligned Grounded Reasoning,institution:fccd5d0ac9cc52f9,Shanghai Jiao Tong University,mapping:5bb983812820adc04a27,Yikun Ji; Qi Fan; Liqing Zhang; Jianfu Zhang,location:fccd5d0ac9cc52f960f2,Shanghai,Shanghai,China,31.0254,121.4331,confirmed,COMPLETE,curated_confirmed_location,"Source-backed affiliation, canonical institution identity, and selected location are represented by the exported mapping lineage."
curated:773aa77291d6869eaad8,Fast and Generalizable AI-Generated Image Detection via Model-Agnostic Feature Reconstruction,institution:7e10613327a4e264,Chongqing University of Posts and Telecommunications,mapping:1064d4d634d01f5fdfa8,Qinghui He; Haifeng Zhang; Bo Liu; Yang Wei,location:7e10613327a4e264467e,Chongqing,Chongqing,China,29.5315,106.6043,confirmed,COMPLETE,curated_confirmed_location,"Source-backed affiliation, canonical institution identity, and selected location are represented by the exported mapping lineage."
curated:773aa77291d6869eaad8,Fast and Generalizable AI-Generated Image Detection via Model-Agnostic Feature Reconstruction,institution:7e10613327a4e264,Chongqing University of Posts and Telecommunications,mapping:6368f4c9a24d3c4f1814,Bo Liu; Yang Wei,location:7e10613327a4e264467e,Chongqing,Chongqing,China,29.5315,106.6043,confirmed,COMPLETE,curated_confirmed_location,"Source-backed affiliation, canonical institution identity, and selected location are represented by the exported mapping lineage."
curated:773aa77291d6869eaad8,Fast and Generalizable AI-Generated Image Detection via Model-Agnostic Feature Reconstruction,institution:7e10613327a4e264,Chongqing University of Posts and Telecommunications,mapping:927a3942da7c7afc60ec,Qinghui He; Haifeng Zhang,location:7e10613327a4e264467e,Chongqing,Chongqing,China,29.5315,106.6043,confirmed,COMPLETE,curated_confirmed_location,"Source-backed affiliation, canonical institution identity, and selected location are represented by the exported mapping lineage."
curated:25c76f83f95efc6207a4,Faster Than Lies: Real-Time Deepfake Detection Using Binary Neural Networks,institution:977430a4473aa4b0,Sapienza University of Rome,mapping:60d97730a9ea38878965,Romeo Lanzino; Federico Fontana; Anxhelo Diko; Marco Raoul Marini; Luigi Cinque,location:977430a4473aa4b05cfe,Rome,Lazio,Italy,41.9028,12.5158,confirmed,COMPLETE,curated_confirmed_location,"Source-backed affiliation, canonical institution identity, and selected location are represented by the exported mapping lineage."
curated:dd05c4a609d902da8c1d,FerretNet: Efficient Synthetic Image Detection via Local Pixel Dependencies,institution:8632718a2c1444c6,Jinan University,mapping:da985ca4c5991a8c33a8,Shuqiao Liang; Jian Liu; Renzhang Chen; Quanlong Guan,location:8632718a2c1444c6cc38,Guangzhou,Guangdong,China,23.1335,113.3419,confirmed,COMPLETE,curated_confirmed_location,"Source-backed affiliation, canonical institution identity, and selected location are represented by the exported mapping lineage."
,Few-Shot Class-Incremental Model Attribution Using Learnable Representation from CLIP-ViT Features,institution:e80b94c605da24ce,Sungkyunkwan University,mapping:91dcf8f1a327a30991fe,Hanbyul Lee; Juneho Yi,location:e80b94c605da24cea15f,Suwon,Gyeonggi-do,South Korea,37.2939,126.9757,confirmed,COMPLETE,curated_confirmed_location,"Source-backed affiliation, canonical institution identity, and selected location are represented by the exported mapping lineage."
curated:4d91354cd919a64a2259,Few-Shot Learner Generalizes Across AI-Generated Image Detection,institution:69309405e04976ec,University of Chinese Academy of Sciences,mapping:beaedcf0f98809ec782e,Shiyu Wu; Jing Liu,location:69309405e04976ecd5ee,Beijing,Beijing,China,39.9078,116.2523,confirmed,COMPLETE,curated_confirmed_location,"Source-backed affiliation, canonical institution identity, and selected location are represented by the exported mapping lineage."
curated:4d91354cd919a64a2259,Few-Shot Learner Generalizes Across AI-Generated Image Detection,institution:6c5bb70e9f4b77ba,"Harbin Institute of Technology, Shenzhen",mapping:9039c14ec1ee82a66b2e,Jing Li,location:6c5bb70e9f4b77ba22d1,Shenzhen,Guangdong,China,22.5907,113.9661,confirmed,COMPLETE,curated_confirmed_location,"Source-backed affiliation, canonical institution identity, and selected location are represented by the exported mapping lineage."
curated:4d91354cd919a64a2259,Few-Shot Learner Generalizes Across AI-Generated Image Detection,institution:966ff12833f90bb0,"Institute of Automation, Chinese Academy of Sciences",mapping:bc72b6f7a637574cbadb,Shiyu Wu; Jing Liu,location:966ff12833f90bb0ba7e,Beijing,Beijing,China,39.9826,116.3336,confirmed,COMPLETE,curated_confirmed_location,"Source-backed affiliation, canonical institution identity, and selected location are represented by the exported mapping lineage."
curated:4d91354cd919a64a2259,Few-Shot Learner Generalizes Across AI-Generated Image Detection,institution:985443a2d7239406,Beijing Academy of Artificial Intelligence,mapping:a62110b0792a7d3d080d,Shiyu Wu; Yequan Wang,location:985443a2d7239406851d,Beijing,Beijing,China,39.9969,116.3309,confirmed,COMPLETE,curated_confirmed_location,"Source-backed affiliation, canonical institution identity, and selected location are represented by the exported mapping lineage."
curated:be2900947b322f9eb905,Few-Shot Synthetic Image Attribution: Identifying Unseen Generators with Limited Samples,institution:230f59b4fb28c236,Tsinghua Shenzhen International Graduate School,mapping:1d0aacb6cf8c65276dd1,Shuyan Li,location:230f59b4fb28c2364376,Shenzhen,Guangdong,China,22.5935,113.973,confirmed,COMPLETE,curated_confirmed_location,"Source-backed affiliation, canonical institution identity, and selected location are represented by the exported mapping lineage."
curated:be2900947b322f9eb905,Few-Shot Synthetic Image Attribution: Identifying Unseen Generators with Limited Samples,institution:46e4866d3b2954ab,Peking University,mapping:670f178db17daff837e2,Yequan Wang,location:46e4866d3b2954ab314b,Beijing,Beijing,China,39.9928,116.3058,confirmed,COMPLETE,curated_confirmed_location,"Source-backed affiliation, canonical institution identity, and selected location are represented by the exported mapping lineage."
curated:be2900947b322f9eb905,Few-Shot Synthetic Image Attribution: Identifying Unseen Generators with Limited Samples,institution:69309405e04976ec,University of Chinese Academy of Sciences,mapping:ae25da6f63839fbcc58c,Shiyu Wu; Jing Liu,location:69309405e04976ecd5ee,Beijing,Beijing,China,39.9078,116.2523,confirmed,COMPLETE,curated_confirmed_location,"Source-backed affiliation, canonical institution identity, and selected location are represented by the exported mapping lineage."
curated:be2900947b322f9eb905,Few-Shot Synthetic Image Attribution: Identifying Unseen Generators with Limited Samples,institution:6c5bb70e9f4b77ba,"Harbin Institute of Technology, Shenzhen",mapping:852424da507d0dae6688,Jing Li,location:6c5bb70e9f4b77ba22d1,Shenzhen,Guangdong,China,22.5907,113.9661,confirmed,COMPLETE,curated_confirmed_location,"Source-backed affiliation, canonical institution identity, and selected location are represented by the exported mapping lineage."
curated:be2900947b322f9eb905,Few-Shot Synthetic Image Attribution: Identifying Unseen Generators with Limited Samples,institution:966ff12833f90bb0,"Institute of Automation, Chinese Academy of Sciences",mapping:77894a0acfa5fc9b5ffb,Shiyu Wu; Jing Liu,location:966ff12833f90bb0ba7e,Beijing,Beijing,China,39.9826,116.3336,confirmed,COMPLETE,curated_confirmed_location,"Source-backed affiliation, canonical institution identity, and selected location are represented by the exported mapping lineage."
curated:be2900947b322f9eb905,Few-Shot Synthetic Image Attribution: Identifying Unseen Generators with Limited Samples,institution:985443a2d7239406,Beijing Academy of Artificial Intelligence,mapping:2391cb1e3de48572854c,Shiyu Wu; Yequan Wang,location:985443a2d7239406851d,Beijing,Beijing,China,39.9969,116.3309,confirmed,COMPLETE,curated_confirmed_location,"Source-backed affiliation, canonical institution identity, and selected location are represented by the exported mapping lineage."
curated:f380c0d31081fc59f1eb,FiSeR: Fine-Grained Source Representations for Cross-Domain AI Image Detection,institution:69309405e04976ec,University of Chinese Academy of Sciences,mapping:b6bcdd36def00e5794da,Shan Zhang; Lei Ma; Yongxin He; Huiwen Tian,location:69309405e04976ecd5ee,Beijing,Beijing,China,39.9078,116.2523,confirmed,COMPLETE,curated_confirmed_location,"Source-backed affiliation, canonical institution identity, and selected location are represented by the exported mapping lineage."
curated:f380c0d31081fc59f1eb,FiSeR: Fine-Grained Source Representations for Cross-Domain AI Image Detection,institution:966ff12833f90bb0,"Institute of Automation, Chinese Academy of Sciences",mapping:0eee46f58fec4a7206a8,Shan Zhang; Mingming Zhang; Lei Ma,location:966ff12833f90bb0ba7e,Beijing,Beijing,China,39.9826,116.3336,confirmed,COMPLETE,curated_confirmed_location,"Source-backed affiliation, canonical institution identity, and selected location are represented by the exported mapping lineage."
curated:f380c0d31081fc59f1eb,FiSeR: Fine-Grained Source Representations for Cross-Domain AI Image Detection,institution:e278f75918ccf8a7,"Institute of Computing Technology, Chinese Academy of Sciences",mapping:1ed12e1b34b6b35801d7,Yongxin He; Huiwen Tian,location:e278f75918ccf8a7555c,Beijing,Beijing,China,39.9784,116.33,confirmed,COMPLETE,curated_confirmed_location,"Source-backed affiliation, canonical institution identity, and selected location are represented by the exported mapping lineage."
curated:1b08aef98983549221b1,FingerprintNet: Synthesized Fingerprints for Generated Image Detection,institution:6d5510a695d0a614,NAVER,mapping:e530917da96e839ac4a7,Yonghyun Jeong,location:8fbf58469460242af79b,Seongnam,Gyeonggi-do,South Korea,37.359456,127.105314,confirmed,COMPLETE,curated_confirmed_location,"Source-backed affiliation, canonical institution identity, and selected location are represented by the exported mapping lineage."
curated:1b08aef98983549221b1,FingerprintNet: Synthesized Fingerprints for Generated Image Detection,institution:8ee530c781dde9f8,Chung-Ang University,mapping:0d3dc88c5517eb5d545b,Pyounggeon Kim; Jongwon Choi,location:c2f1205d58253085d3b3,Seoul,Seoul,South Korea,37.5051,126.9571,confirmed,COMPLETE,curated_confirmed_location,"Source-backed affiliation, canonical institution identity, and selected location are represented by the exported mapping lineage."
curated:1b08aef98983549221b1,FingerprintNet: Synthesized Fingerprints for Generated Image Detection,institution:c13e2f4a44bb01ed,Samsung SDS,mapping:b03737fa2fa2cd6bf93a,Pyounggeon Kim,location:2ec6447f8023d9dad604,Seoul,Seoul,South Korea,37.5167,127.1014,confirmed,COMPLETE,curated_confirmed_location,"Source-backed affiliation, canonical institution identity, and selected location are represented by the exported mapping lineage."
curated:1b08aef98983549221b1,FingerprintNet: Synthesized Fingerprints for Generated Image Detection,institution:cf0fbf994717bb60,University of Seoul,mapping:8c6bc81cb0218fa72518,Youngmin Ro,location:9a573c3f97db2f48f591,Seoul,Seoul,South Korea,37.58307,127.05951,confirmed,COMPLETE,curated_confirmed_location,"Source-backed affiliation, canonical institution identity, and selected location are represented by the exported mapping lineage."
curated:1b08aef98983549221b1,FingerprintNet: Synthesized Fingerprints for Generated Image Detection,institution:e803ae4c1872dfa7,LINE Plus,mapping:2a88bcf7d2b733088e86,Doyeon Kim,location:e7d076729710edc90eec,Seongnam,Gyeonggi-do,South Korea,37.3859,127.1231,confirmed,COMPLETE,curated_confirmed_location,"Source-backed affiliation, canonical institution identity, and selected location are represented by the exported mapping lineage."
,Fixed-Threshold Evaluation of a Hybrid CNN-ViT for AI-Generated Image Detection Across Photos and Art,institution:488418437bfc9b2c,Chittagong University of Engineering and Technology,mapping:5f8aa8e9656b7db5037f,Arafat Alam Jion,location:488418437bfc9b2c1602,Raozan,Chattogram,Bangladesh,22.46208,91.97294,confirmed,COMPLETE,curated_confirmed_location,"Source-backed affiliation, canonical institution identity, and selected location are represented by the exported mapping lineage."
,Fixed-Threshold Evaluation of a Hybrid CNN-ViT for AI-Generated Image Detection Across Photos and Art,institution:f0c3da144873207a,Indian Institute of Technology Kharagpur,mapping:76d949429d768196f87e,Md Ashik Khan,location:f0c3da144873207a22f4,Kharagpur,West Bengal,India,22.3193,87.3095,confirmed,COMPLETE,curated_confirmed_location,"Source-backed affiliation, canonical institution identity, and selected location are represented by the exported mapping lineage."
,Fooling the Watchers: Breaking AIGC Detectors via Semantic Prompt Attacks,institution:b85a1a866c0c7fe8,Aarhus University,mapping:4cd600db5c75099d28a6,Run Hao,location:b85a1a866c0c7fe88231,Aarhus,Central Denmark Region,Denmark,56.1685,10.2037,confirmed,COMPLETE,curated_confirmed_location,"Source-backed affiliation, canonical institution identity, and selected location are represented by the exported mapping lineage."
,Fooling the Watchers: Breaking AIGC Detectors via Semantic Prompt Attacks,institution:e67012d79bb3f603,China University of Mining and Technology,mapping:8841643eea4e5c040a37,Peng Ying,location:e67012d79bb3f60302be,Xuzhou,Jiangsu,China,34.2166,117.142,confirmed,COMPLETE,curated_confirmed_location,"Source-backed affiliation, canonical institution identity, and selected location are represented by the exported mapping lineage."
curated:b8a42f43802c4fbb3cad,ForenDeX: Unlocking Forensic Insights for Explainable AI-Generated Image Detection,institution:7b971ad17fd639eb,Microsoft Research Asia,mapping:c68da7382959b583e394,Chuangchuang Tan; Jinglu Wang; Xiang Ming; Yan Lu,location:7b971ad17fd639eb8aac,Beijing,Beijing,China,39.979967,116.310281,confirmed,COMPLETE,curated_confirmed_location,"Source-backed affiliation, canonical institution identity, and selected location are represented by the exported mapping lineage."
curated:b8a42f43802c4fbb3cad,ForenDeX: Unlocking Forensic Insights for Explainable AI-Generated Image Detection,institution:bf6195b78f6dc951,Beijing Jiaotong University,mapping:3a224e41ade34f2762ab,Chuangchuang Tan; Renshuai Tao; Yunchao Wei; Yao Zhao,location:bf6195b78f6dc9516f3e,Beijing,Beijing,China,39.959,116.348,confirmed,COMPLETE,curated_confirmed_location,"Source-backed affiliation, canonical institution identity, and selected location are represented by the exported mapping lineage."
curated:6976641cbfe602a7e617,Forensic Detection of Generated MRI Imagery Using Autoregressive Modeling and Frequency Analysis,institution:dbb4589b8e2f8264,Florida International University,mapping:8b4a3d2af977e07f136a,Arpan Mahara; Naphtali Rishe; Malek Adjouadi,location:dbb4589b8e2f8264,Miami,Florida,United States,25.7553898,-80.3762833,confirmed,COMPLETE,curated_confirmed_location,"Source-backed affiliation, canonical institution identity, and selected location are represented by the exported mapping lineage."
curated:89c6548802e6878c18c8,Forensic Invariant Learning for Synthetic Image Detection: Bridging Benford's Law and Topological Analysis with Machine Learning Ensembles,institution:7182b5831d4ba8a2,Comilla University,mapping:c39c3c7f9713563837ee,Md Abu Sayeb Rayhan; Ajoy Shutra Dhar,location:6cf9df5ef3d64c3f18bc,Cumilla,Chattogram Division,Bangladesh,23.4188277,91.135216,confirmed,COMPLETE,curated_confirmed_location,"Source-backed affiliation, canonical institution identity, and selected location are represented by the exported mapping lineage."
curated:89c6548802e6878c18c8,Forensic Invariant Learning for Synthetic Image Detection: Bridging Benford's Law and Topological Analysis with Machine Learning Ensembles,institution:b6af627e10ca7fed,Jahangirnagar University,mapping:a8548447095109461ed2,Hustagna Hiya,location:43b12fa786dde47053b4,Savar,Dhaka Division,Bangladesh,23.8825492,90.2670388,confirmed,COMPLETE,curated_confirmed_location,"Source-backed affiliation, canonical institution identity, and selected location are represented by the exported mapping lineage."
,"Forensic Self-Descriptions Are All You Need for Zero-Shot Detection, Open-Set Source Attribution, and Clustering of AI-generated Images",institution:e0fc2ffb269489e7,Drexel University,,Tai D. Nguyen; Aref Azizpour; Matthew C. Stamm,,Philadelphia,,United States,39.95238,-75.16362,automatic_export_eligible,COMPLETE,existing_validated_automatic_location,Existing public location provenance retained; no new geocoding or independent re-review.
curated:4a7bded8c311ed9c0540,Forensic-MoE: Exploring Comprehensive Synthetic Image Detection Traces with Mixture of Experts,institution:e721b03b6f6c172d,University of Science and Technology of China,mapping:0db145bf7e7fdcbd685d,Mingqi Fang; Z Li; L J Yu; Quanwei Yang; Hongtao Xie; Yongdong Zhang,location:e721b03b6f6c172dd7c7,Hefei,Anhui,China,31.8229,117.2808,confirmed,COMPLETE,curated_confirmed_location,"Source-backed affiliation, canonical institution identity, and selected location are represented by the exported mapping lineage."
curated:078ade9edabe304013a7,ForensicConcept: Transferable Forensic Concepts for AIGI Detection,institution:387a46732b927ccd,Sino-Russian Research Center for Digital Economy,mapping:ecb37f56ffd4a55891ac,Xiaoshuai Sun,location:387a46732b927ccdd98e,Xiamen,Fujian,China,24.6048,118.0598,confirmed,COMPLETE,curated_confirmed_location,"Source-backed affiliation, canonical institution identity, and selected location are represented by the exported mapping lineage."
curated:078ade9edabe304013a7,ForensicConcept: Transferable Forensic Concepts for AIGI Detection,institution:929ddef9540ec1e7,Xiamen University,mapping:639a8ac62a82633cef3f,Menyanshu Zhou; Ziyin Zhou; Ke Sun; Yunpeng Luo; Jiayi Ji; Xiaoshuai Sun; Rongrong Ji,location:929ddef9540ec1e76a47,Xiamen,Fujian,China,24.4389,118.0947,confirmed,COMPLETE,curated_confirmed_location,"Source-backed affiliation, canonical institution identity, and selected location are represented by the exported mapping lineage."
curated:4c4e9ffacf08b5eb2355,ForensicHub: A Unified Benchmark & Codebase for All-Domain Fake Image Detection and Localization,institution:3e9b289ae248f660,South China University of Technology,mapping:50f0910ad16d4937080b,Chenfan Qu,location:3e9b289ae248f6600cee,Guangzhou,Guangdong,China,23.151,113.349,confirmed,COMPLETE,curated_confirmed_location,"Source-backed affiliation, canonical institution identity, and selected location are represented by the exported mapping lineage."
curated:4c4e9ffacf08b5eb2355,ForensicHub: A Unified Benchmark & Codebase for All-Domain Fake Image Detection and Localization,institution:4c1e9439f241e5ec,Sichuan University,mapping:cc2c3081d32ad9ad855b,Bo Du; Xuekang Zhu; Kaiwen Feng; Zhe Yang; Ji-Zhe Zhou,location:4c1e9439f241e5ec9941,Chengdu,Sichuan,China,30.6331,104.0819,confirmed,COMPLETE,curated_confirmed_location,"Source-backed affiliation, canonical institution identity, and selected location are represented by the exported mapping lineage."
curated:4c4e9ffacf08b5eb2355,ForensicHub: A Unified Benchmark & Codebase for All-Domain Fake Image Detection and Localization,institution:5a28a1a99a417ba5,Ant Group,mapping:7d26a3bff05c75a8bfd8,Xuekang Zhu; Chenfan Qu; Jian Liu,location:5a28a1a99a417ba5e640,Hangzhou,Zhejiang,China,30.2613,120.1042,confirmed,COMPLETE,curated_confirmed_location,"Source-backed affiliation, canonical institution identity, and selected location are represented by the exported mapping lineage."
curated:4c4e9ffacf08b5eb2355,ForensicHub: A Unified Benchmark & Codebase for All-Domain Fake Image Detection and Localization,institution:b8a4e3b25fd4a300,University of Macao,mapping:721fc908d76cc92b3b5a,Chi-Man Pun,location:b8a4e3b25fd4a300264f,Macao,Macao,China,22.13,113.5458,confirmed,COMPLETE,curated_confirmed_location,"Source-backed affiliation, canonical institution identity, and selected location are represented by the exported mapping lineage."
curated:4c4e9ffacf08b5eb2355,ForensicHub: A Unified Benchmark & Codebase for All-Domain Fake Image Detection and Localization,institution:fa80d3c071c298e1,The Hong Kong University of Science and Technology,mapping:eb3daba31063e8e80152,Xiaochen Ma,location:fa80d3c071c298e1116a,New Territories,Hong Kong,China,22.3358031,114.2659088,confirmed,COMPLETE,curated_confirmed_location,"Source-backed affiliation, canonical institution identity, and selected location are represented by the exported mapping lineage."
curated:762982679d91cd198a41,Forensics-Bench: A Comprehensive Forgery Detection Benchmark Suite for Large Vision Language Models,institution:0094b55826d7cf3e,HKU Shanghai Intelligent Computing Research Center,mapping:48e0930a59a67110b6a8,Ping Luo,location:0f7c68a12598aaf2ebab,Shanghai,Shanghai,China,31.1766,121.4024,confirmed,COMPLETE,curated_confirmed_location,"Source-backed affiliation, canonical institution identity, and selected location are represented by the exported mapping lineage."
curated:762982679d91cd198a41,Forensics-Bench: A Comprehensive Forgery Detection Benchmark Suite for Large Vision Language Models,institution:2f8c9f8f9209013d,Zhejiang Lab,mapping:b2bd0cef8a8f379148a8,Chenghui Lv; Xian Li; Kelu Yao; Chao Li,location:2f8c9f8f9209013d,Hangzhou,Zhejiang,China,30.2639066,119.8911292,confirmed,COMPLETE,curated_confirmed_location,"Source-backed affiliation, canonical institution identity, and selected location are represented by the exported mapping lineage."
curated:762982679d91cd198a41,Forensics-Bench: A Comprehensive Forgery Detection Benchmark Suite for Large Vision Language Models,institution:34697ffbc06b8534,MEGVII Technology,mapping:5fa8e8b4b76744864c24,Huadong Li,location:ad2fb1e509bac4b284e7,Beijing,Beijing,China,40.05591,116.35809,confirmed,COMPLETE,curated_confirmed_location,"Source-backed affiliation, canonical institution identity, and selected location are represented by the exported mapping lineage."
curated:762982679d91cd198a41,Forensics-Bench: A Comprehensive Forgery Detection Benchmark Suite for Large Vision Language Models,institution:404cfa1ef241f359,The University of Hong Kong,mapping:81a269b2e37a7b565523,Jin Wang; Ping Luo,location:404cfa1ef241f359f1b3,Hong Kong,Hong Kong,China,22.283,114.137,confirmed,COMPLETE,curated_confirmed_location,"Source-backed affiliation, canonical institution identity, and selected location are represented by the exported mapping lineage."
curated:762982679d91cd198a41,Forensics-Bench: A Comprehensive Forgery Detection Benchmark Suite for Large Vision Language Models,institution:73f449eb6a3c05d3,Alibaba Group,mapping:6a6f26809bc750e45079,Shichao Dong,location:73f449eb6a3c05d327e2,Hangzhou,Zhejiang,China,30.1918037,120.185449,confirmed,COMPLETE,curated_confirmed_location,"Source-backed affiliation, canonical institution identity, and selected location are represented by the exported mapping lineage."
curated:762982679d91cd198a41,Forensics-Bench: A Comprehensive Forgery Detection Benchmark Suite for Large Vision Language Models,institution:c107a95b6cb53ac5,Shanghai Artificial Intelligence Laboratory,mapping:807c2ba4e903f8ec4339,Wenqi Shao,location:c107a95b6cb53ac5425f,Shanghai,Shanghai,China,31.1779,121.4625,confirmed,COMPLETE,curated_confirmed_location,"Source-backed affiliation, canonical institution identity, and selected location are represented by the exported mapping lineage."
curated:762982679d91cd198a41,Forensics-Bench: A Comprehensive Forgery Detection Benchmark Suite for Large Vision Language Models,institution:e433baf78e80004b,Zhejiang University,mapping:0261cf00b50ff0f26a91,Xian Li,location:e433baf78e80004bdaba,Hangzhou,Zhejiang,China,30.3083,120.0867,confirmed,COMPLETE,curated_confirmed_location,"Source-backed affiliation, canonical institution identity, and selected location are represented by the exported mapping lineage."
curated:762982679d91cd198a41,Forensics-Bench: A Comprehensive Forgery Detection Benchmark Suite for Large Vision Language Models,institution:fe6f0cc7c1924a6a,Hangzhou Institute for Advanced Study,mapping:910f3f465de5443a9b23,Chenghui Lv,location:e682908d6bbc201471e9,Hangzhou,Zhejiang,China,30.13664,120.06937,confirmed,COMPLETE,curated_confirmed_location,"Source-backed affiliation, canonical institution identity, and selected location are represented by the exported mapping lineage."
curated:7a95c7ca9cc95727e1b9,ForgeLens: Data-Efficient Forgery Focus for Generalizable Forgery Image Detection,institution:8b4dcb3a02140b15,Henan University,mapping:017340ef822a5d811e91,Yingjian Chen; Lei Zhang; Yakun Niu,location:f96a37d986b90bb9be36,Zhengzhou,Henan,China,34.8194726,113.8143648,confirmed,COMPLETE,curated_confirmed_location,"Source-backed affiliation, canonical institution identity, and selected location are represented by the exported mapping lineage."
curated:5ad6cb3411820ff01a03,Forged Calamity: Benchmark for Cross-Domain Synthetic Disaster Detection in the Age of Diffusion,institution:19d2ee8d44bfb9f0,Vietnam National University Ho Chi Minh City,mapping:8d85bcc3d3efe56b972e,Duc-Manh Phan; Quoc-Duy Tran; Duy-Khang Do; Anh-Tuan Vo; Hai-Dang Nguyen; Trong Le Do; Mai-Khiem Tran; Vinh-Tiep Nguyen; Minh-Triet Tran; Trung-Nghia Le,location:eb04fc46c0c4e2a07c27,Ho Chi Minh City,Ho Chi Minh City,Vietnam,10.86896,106.79623,confirmed,COMPLETE,curated_confirmed_location,"Source-backed affiliation, canonical institution identity, and selected location are represented by the exported mapping lineage."
curated:5ad6cb3411820ff01a03,Forged Calamity: Benchmark for Cross-Domain Synthetic Disaster Detection in the Age of Diffusion,institution:2219b61faae66c43,University of Dayton,mapping:30d8498bfe1d80fbdadb,Tam V. Nguyen,location:8bd93e6f510ab3ff32fa,Dayton,Ohio,United States,39.7383807,-84.1791678,confirmed,COMPLETE,curated_confirmed_location,"Source-backed affiliation, canonical institution identity, and selected location are represented by the exported mapping lineage."
curated:5ad6cb3411820ff01a03,Forged Calamity: Benchmark for Cross-Domain Synthetic Disaster Detection in the Age of Diffusion,institution:806523d1aae41484,"University of Science, Viet Nam National University Ho Chi Minh City",mapping:efe4607ab38286385855,Duc-Manh Phan; Quoc-Duy Tran; Duy-Khang Do; Anh-Tuan Vo; Hai-Dang Nguyen; Trong Le Do; Mai-Khiem Tran; Minh-Triet Tran; Trung-Nghia Le,location:806523d1aae41484a05a,Ho Chi Minh City,Ho Chi Minh City,Vietnam,10.76262,106.68218,confirmed,COMPLETE,curated_confirmed_location,"Source-backed affiliation, canonical institution identity, and selected location are represented by the exported mapping lineage."
curated:5ad6cb3411820ff01a03,Forged Calamity: Benchmark for Cross-Domain Synthetic Disaster Detection in the Age of Diffusion,institution:98173550d973ced0,"University of Information Technology, Viet Nam National University Ho Chi Minh City",mapping:6b3d307616b71b7be354,Vinh-Tiep Nguyen,location:008e8f6768cf30f3c0c8,Ho Chi Minh City,,Vietnam,10.8698118,106.8033668,confirmed,COMPLETE,curated_confirmed_location,"Source-backed affiliation, canonical institution identity, and selected location are represented by the exported mapping lineage."
curated:5ad6cb3411820ff01a03,Forged Calamity: Benchmark for Cross-Domain Synthetic Disaster Detection in the Age of Diffusion,institution:db8874f9983a5ffd,National Institute of Informatics,mapping:d3cd9016828a873afb9b,Isao Echizen,location:db8874f9983a5ffd161c,Tokyo,Tokyo,Japan,35.6997,139.7534,confirmed,COMPLETE,curated_confirmed_location,"Source-backed affiliation, canonical institution identity, and selected location are represented by the exported mapping lineage."
,Forgery-aware Adaptive Transformer for Generalizable Synthetic Image Detection,institution:080a1da6ac4d04fd,Baidu (China),,Zichang Tan; Jingdong Wang,,Beijing,,China,39.9075,116.39723,automatic_export_eligible,COMPLETE,existing_validated_automatic_location,Existing public location provenance retained; no new geocoding or independent re-review.
,Forgery-aware Adaptive Transformer for Generalizable Synthetic Image Detection,institution:bf6195b78f6dc951,Beijing Jiaotong University,,Huan Liu; Chuangchuang Tan; Yunchao Wei; Yao Zhao,,Beijing,,China,39.9075,116.39723,automatic_export_eligible,COMPLETE,existing_validated_automatic_location,Existing public location provenance retained; no new geocoding or independent re-review.
curated:9ae6e4e3816daa7e1650,ForgeryMoE: Mixture of Experts for Image Forgery Detection Under JPEG Compression,institution:1502cb7c96ae3095,Beijing University of Posts and Telecommunications,mapping:2343af945088322ee313,Dan Wu; Kang Yang; Min Ren; Zhaofeng He,location:1502cb7c96ae3095e27b,Beijing,Beijing,China,39.962,116.358,confirmed,COMPLETE,curated_confirmed_location,"Source-backed affiliation, canonical institution identity, and selected location are represented by the exported mapping lineage."
curated:9ae6e4e3816daa7e1650,ForgeryMoE: Mixture of Experts for Image Forgery Detection Under JPEG Compression,institution:924e1e0e9723b423,Beijing Normal University,mapping:038837bb4881b8bbae7a,Saihui Hou,location:924e1e0e9723b423ac7c,Beijing,Beijing,China,39.9609,116.3661,confirmed,COMPLETE,curated_confirmed_location,"Source-backed affiliation, canonical institution identity, and selected location are represented by the exported mapping lineage."
curated:9ae6e4e3816daa7e1650,ForgeryMoE: Mixture of Experts for Image Forgery Detection Under JPEG Compression,institution:a1ff6f7123083db9,"Institute of Artificial Intelligence (TeleAI), China Telecom",mapping:457e9e85050e4ece4e76,Jian Zhao,location:a1ff6f7123083db9bbd1,Beijing,Beijing,China,39.9439,116.3526,confirmed,COMPLETE,curated_confirmed_location,"Source-backed affiliation, canonical institution identity, and selected location are represented by the exported mapping lineage."
curated:ed5f779be1e71edddcee,Forging the Unknown: Open-Set Deepfake Attribution via Adaptive Fingerprint Learning,institution:46e4866d3b2954ab,Peking University,mapping:54e5f9999948013c53af,Yizhi Fang; Boxuan Han; Jingwen Wang; Siyu Peng; Xiarun Chen; Weiping Wen,location:46e4866d3b2954ab314b,Beijing,Beijing,China,39.9928,116.3058,confirmed,COMPLETE,curated_confirmed_location,"Source-backed affiliation, canonical institution identity, and selected location are represented by the exported mapping lineage."
curated:ed5f779be1e71edddcee,Forging the Unknown: Open-Set Deepfake Attribution via Adaptive Fingerprint Learning,institution:4f497a7bcb962081,Xiangtan University,mapping:1f75c3c8f94c563aea0c,Xiandang Luo,location:8d6a287a0d9bd46d89cd,Xiangtan,Hunan,China,27.8867266,112.8569843,confirmed,COMPLETE,curated_confirmed_location,"Source-backed affiliation, canonical institution identity, and selected location are represented by the exported mapping lineage."
curated:ed5f779be1e71edddcee,Forging the Unknown: Open-Set Deepfake Attribution via Adaptive Fingerprint Learning,institution:a0c0138d9a974517,Xiaomi Corporation,mapping:eea41790e9968561f458,Sai Cheng,location:73485a649204417f1813,Beijing,Beijing,China,40.0457,116.3004,confirmed,COMPLETE,curated_confirmed_location,"Source-backed affiliation, canonical institution identity, and selected location are represented by the exported mapping lineage."
,Fourier Spectrum Discrepancies in Deep Network Generated Images,institution:4e140b5268efc364,Texas A&M University,,Tarik Dzanic; Freddie Witherden,,College Station,,United States,30.62798,-96.33441,automatic_export_eligible,COMPLETE,existing_validated_automatic_location,Existing public location provenance retained; no new geocoding or independent re-review.
,Fourier Spectrum Discrepancies in Deep Network Generated Images,institution:c2dab080fa856716,Georgia Institute of Technology,,Karan Shah,,Atlanta,,United States,33.749,-84.38798,automatic_export_eligible,COMPLETE,existing_validated_automatic_location,Existing public location provenance retained; no new geocoding or independent re-review.
,FrePGAN: Robust Deepfake Detection Using Frequency-Level Perturbations,institution:457423605fa485bc,Samsung (South Korea),,Yonghyun Jeong; Doyeon Kim; Youngmin Ro,,Seoul,,South Korea,37.566,126.9784,automatic_export_eligible,COMPLETE,existing_validated_automatic_location,Existing public location provenance retained; no new geocoding or independent re-review.
,FrePGAN: Robust Deepfake Detection Using Frequency-Level Perturbations,institution:49700da520d8842b,Samsung SDS (South Korea),,Yonghyun Jeong; Doyeon Kim,,Seoul,,South Korea,37.566,126.9784,automatic_export_eligible,COMPLETE,existing_validated_automatic_location,Existing public location provenance retained; no new geocoding or independent re-review.
,FrePGAN: Robust Deepfake Detection Using Frequency-Level Perturbations,institution:8ee530c781dde9f8,Chung-Ang University,,Jongwon Choi,,Seoul,,South Korea,37.566,126.9784,automatic_export_eligible,COMPLETE,existing_validated_automatic_location,Existing public location provenance retained; no new geocoding or independent re-review.
,FrePGAN: Robust Deepfake Detection Using Frequency-Level Perturbations,institution:cf0fbf994717bb60,University of Seoul,,Youngmin Ro,,Seoul,,South Korea,37.566,126.9784,automatic_export_eligible,COMPLETE,existing_validated_automatic_location,Existing public location provenance retained; no new geocoding or independent re-review.
,FrePGAN: Robust Deepfake Detection Using Frequency-Level Perturbations,institution:eceea91f3973f1b1,Korea University,,Youngmin Ro,,Seoul,,South Korea,37.566,126.9784,automatic_export_eligible,COMPLETE,existing_validated_automatic_location,Existing public location provenance retained; no new geocoding or independent re-review.
curated:0849228c52c5759845c2,FreqCross: A Multi-Modal Frequency-Spatial Fusion Network for Robust Detection of Stable Diffusion 3.5 Generated Images,institution:be74dcf5d0cb77ea,"University of California, Berkeley",mapping:b67ea7c34b2dfa2718aa,Guang Yang,location:be74dcf5d0cb77ea7a59,Berkeley,California,United States,37.8719,-122.2585,confirmed,COMPLETE,curated_confirmed_location,"Source-backed affiliation, canonical institution identity, and selected location are represented by the exported mapping lineage."
curated:c9485f4d5346304272f2,Frequency Masking for Universal Deepfake Detection,institution:6dd3ce9e0d5fd1ab,Singapore University of Technology and Design,mapping:9462d205eb6c763daa0d,Chandler Timm Doloriel; Ngai-Man Cheung,location:6dd3ce9e0d5fd1abf889,Singapore,Singapore,Singapore,1.3414,103.9638,confirmed,COMPLETE,curated_confirmed_location,"Source-backed affiliation, canonical institution identity, and selected location are represented by the exported mapping lineage."
curated:f7cba2387b8a4131cc7b,Frequency-Aware Deepfake Detection: Improving Generalizability Through Frequency Space Domain Learning,institution:bf6195b78f6dc951,Beijing Jiaotong University,mapping:cf1ea12e612ea7e06557,Chuangchuang Tan; Yao Zhao; Shikui Wei; Yunchao Wei,location:bf6195b78f6dc9516f3e,Beijing,Beijing,China,39.959,116.348,confirmed,COMPLETE,curated_confirmed_location,"Source-backed affiliation, canonical institution identity, and selected location are represented by the exported mapping lineage."
curated:f7cba2387b8a4131cc7b,Frequency-Aware Deepfake Detection: Improving Generalizability Through Frequency Space Domain Learning,institution:c5810afc25d178a5,Yanshan University,mapping:7c35ed6e5a365d36b059,Guanghua Gu,location:c5810afc25d178a5d946,Qinhuangdao,Hebei,China,39.9044,119.5361,confirmed,COMPLETE,curated_confirmed_location,"Source-backed affiliation, canonical institution identity, and selected location are represented by the exported mapping lineage."
curated:f7cba2387b8a4131cc7b,Frequency-Aware Deepfake Detection: Improving Generalizability Through Frequency Space Domain Learning,institution:e81a0314e783d8a4,"Agency for Science, Technology and Research",mapping:77d2e9c4a9e138d170ca,Ping Liu,location:91aeee1163fdce71a822,Singapore,Singapore,Singapore,1.2996,103.7886,confirmed,COMPLETE,curated_confirmed_location,"Source-backed affiliation, canonical institution identity, and selected location are represented by the exported mapping lineage."
curated:748ed5e2cf27aea70f6a,Frequency-Aware Robustness Analysis of Deepfake Detection Models,institution:815062efbb762258,University of New South Wales,mapping:130dfc05c3bd52249b38,Haoyang Xu,location:815062efbb7622586bb2,Sydney,New South Wales,Australia,-33.9170172,151.2251677,confirmed,COMPLETE,curated_confirmed_location,"Source-backed affiliation, canonical institution identity, and selected location are represented by the exported mapping lineage."
,From Evidence to Verdict: An Agent-Based Forensic Framework for AI-Generated Image Detection,institution:aea376936c88135b,CISPA Helmholtz Center for Information Security,mapping:cf0d91d9689419806fa9,Mengfei Liang; Yiting Qu; Yukun Jiang; Michael Backes; Yang Zhang,location:aea376936c88135ba947,Saarbrücken,Saarland,Germany,49.2577,7.0422,confirmed,COMPLETE,curated_confirmed_location,"Source-backed affiliation, canonical institution identity, and selected location are represented by the exported mapping lineage."
curated:47b576be1ed7e2a6bfed,"Fully AI-Generated Image Detection: Definition, Recent Advances and Challenges",institution:612630c2527bff83,University at Buffalo,mapping:6605eb8d4eabbe32a5ad,Siwei Lyu; Defang Chen,location:ad81b7fe4ed998909c6e,Amherst,Amherst,United States,43.001,-78.79,confirmed,COMPLETE,curated_confirmed_location,"Source-backed affiliation, canonical institution identity, and selected location are represented by the exported mapping lineage."
curated:47b576be1ed7e2a6bfed,"Fully AI-Generated Image Detection: Definition, Recent Advances and Challenges",institution:91e76fe32279c58d,Hangzhou High-Tech Zone (Binjiang) Institute of Blockchain and Data Security,mapping:f0e2f2168269097e8170,Qijie Xu; Can Wang; Jiawei Chen,location:91e76fe32279c58dea46,Hangzhou,Zhejiang,China,30.2079,120.2108,confirmed,COMPLETE,curated_confirmed_location,"Source-backed affiliation, canonical institution identity, and selected location are represented by the exported mapping lineage."
curated:47b576be1ed7e2a6bfed,"Fully AI-Generated Image Detection: Definition, Recent Advances and Challenges",institution:e433baf78e80004b,Zhejiang University,mapping:1bbec24fe0713dd3659e,Qijie Xu; Can Wang; Jiawei Chen,location:e433baf78e80004bdaba,Hangzhou,Zhejiang,China,30.3083,120.0867,confirmed,COMPLETE,curated_confirmed_location,"Source-backed affiliation, canonical institution identity, and selected location are represented by the exported mapping lineage."
curated:f1787b6ea4e45ca58565,Fusing Global and Local Features for Generalized AI-Synthesized Image Detection,institution:612630c2527bff83,University at Buffalo,mapping:030fc931db1abec22a6f,Yan Ju; Shan Jia; Lipeng Ke; Hongfei Xue; Siwei Lyu,location:ad81b7fe4ed998909c6e,Amherst,Amherst,United States,43.001,-78.79,confirmed,COMPLETE,curated_confirmed_location,"Source-backed affiliation, canonical institution identity, and selected location are represented by the exported mapping lineage."
curated:f1787b6ea4e45ca58565,Fusing Global and Local Features for Generalized AI-Synthesized Image Detection,institution:8d4321d936320802,NVIDIA,mapping:79e1f7397aa665a06028,Koki Nagano,location:e26ebc2442f89b474be3,Hillsboro,Oregon,United States,45.5344957,-122.886274,confirmed,COMPLETE,curated_confirmed_location,"Source-backed affiliation, canonical institution identity, and selected location are represented by the exported mapping lineage."
,GAN Generated Fake Human Face Image Detection,institution:dbb7fb7fdd9bd486,Vishwakarma Institute of Technology,mapping:9164a904678562689e98,Swati Shilaskar; Mayur Talewar; Soham Tak; Sidhesh Goud,location:dbb7fb7fdd9bd486ce9d,Pune,Maharashtra,India,18.46374,73.86834,confirmed,COMPLETE,curated_confirmed_location,"Source-backed affiliation, canonical institution identity, and selected location are represented by the exported mapping lineage."
,GAN-Generated Image Detection With Self-Attention Mechanism Against GAN Generator Defect,institution:fccd5d0ac9cc52f9,Shanghai Jiao Tong University,,Zhongjie Mi; Xinghao Jiang; Tanfeng Sun; Ke Xu,,Shanghai,,China,31.22222,121.45806,automatic_export_eligible,COMPLETE,existing_validated_automatic_location,Existing public location provenance retained; no new geocoding or independent re-review.
,GCS-Net: A Universal AI-Generated Visual Content Detection Method Based on CLIP,institution:3e0adb795a72cea8,Tianjin University of Technology,,Haitao Xu; Zhihong Chen; Haiwei Zhang; Lifang Xue; Hao Zhang,,Tianjin,,China,39.14221954345703,117.17666625976562,automatic_export_eligible,COMPLETE,existing_validated_automatic_location,Existing public location provenance retained; no new geocoding or independent re-review.
,GLFF: Global and Local Feature Fusion for AI-Synthesized Image Detection,institution:612630c2527bff83,University at Buffalo,,Yan Ju; Shan Jia; Jialing Cai; Siwei Lyu,,Buffalo,,United States,42.88645,-78.87837,automatic_export_eligible,COMPLETE,existing_validated_automatic_location,Existing public location provenance retained; no new geocoding or independent re-review.
,GLFF: Global and Local Feature Fusion for AI-Synthesized Image Detection,institution:71438ca10017bba5,National Institute of Standards and Technology,,Haiying Guan,,Gaithersburg,,United States,39.14344,-77.20137,automatic_export_eligible,COMPLETE,existing_validated_automatic_location,Existing public location provenance retained; no new geocoding or independent re-review.
,GLFF: Global and Local Feature Fusion for AI-Synthesized Image Detection,institution:87cfa9f9d3bda4e1,State University of New York,,Yan Ju; Shan Jia; Jialing Cai; Siwei Lyu,,Albany,,United States,42.65258,-73.75623,automatic_export_eligible,COMPLETE,existing_validated_automatic_location,Existing public location provenance retained; no new geocoding or independent re-review.
,"GReX-Bench: Benchmarking Generalization, Robustness, and Explainability in AI-Generated Image Detection",institution:7095dc4de406754b,Korea Aerospace University,,Nusrat Tasnim,,Goyang-si,,South Korea,37.65639,126.835,automatic_export_eligible,COMPLETE,existing_validated_automatic_location,Existing public location provenance retained; no new geocoding or independent re-review.
,"GReX-Bench: Benchmarking Generalization, Robustness, and Explainability in AI-Generated Image Detection",institution:d4c5c00e6ef405e5,University of Michigan–Flint,,kutub Uddin; Khalid Mahmood Malik,,Flint,,United States,43.01253,-83.68746,automatic_export_eligible,COMPLETE,existing_validated_automatic_location,Existing public location provenance retained; no new geocoding or independent re-review.
curated:e2c0dacc159564e9e575,Gamma: Generalizable AI-Generated Image Detection via Multi-Task and Manipulation-Augmented Supervision,institution:5a28a1a99a417ba5,Ant Group,mapping:1cf55ea3fb1804b53217,Yan Hong; Huijia Zhu; Jun Lan,location:5a28a1a99a417ba5e640,Hangzhou,Zhejiang,China,30.2613,120.1042,confirmed,COMPLETE,curated_confirmed_location,"Source-backed affiliation, canonical institution identity, and selected location are represented by the exported mapping lineage."
curated:e2c0dacc159564e9e575,Gamma: Generalizable AI-Generated Image Detection via Multi-Task and Manipulation-Augmented Supervision,institution:fccd5d0ac9cc52f9,Shanghai Jiao Tong University,mapping:bca6dcfa9655feef1cc9,Haozhen Yan; S. Lang; Jiahui Zhan; Yikun Ji; Yujie Gao; Jianfu Zhang,location:fccd5d0ac9cc52f960f2,Shanghai,Shanghai,China,31.0254,121.4331,confirmed,COMPLETE,curated_confirmed_location,"Source-backed affiliation, canonical institution identity, and selected location are represented by the exported mapping lineage."
,GenDet: Towards Good Generalizations for AI-Generated Image Detection,institution:2e62680df0fed751,Huawei Noah's Ark Lab,mapping:2af652782e0ec56d1c75,Mingjian Zhu; Hanting Chen; Mouxiao Huang; Wei Li; Hailin Hu; Jie Hu; Yunhe Wang,location:2e62680df0fed751936b,Hong Kong,Hong Kong,China,22.427,114.2117,confirmed,COMPLETE,curated_confirmed_location,"Source-backed affiliation, canonical institution identity, and selected location are represented by the exported mapping lineage."
curated:9c21b43f9681feb53a21,GenImage: A Million-Scale Benchmark for Detecting AI-Generated Image,institution:2e62680df0fed751,Huawei Noah's Ark Lab,mapping:1fce0f0d7046b9841964,Mingjian Zhu; Hanting Chen; Qiangyu Yan; Xudong Huang; Guanyu Lin; Wei Li; Zhijun Tu; Hailin Hu; Jie Hu; Yunhe Wang,location:2e62680df0fed751936b,Hong Kong,Hong Kong,China,22.427,114.2117,confirmed,COMPLETE,curated_confirmed_location,"Source-backed affiliation, canonical institution identity, and selected location are represented by the exported mapping lineage."
curated:d6fe2666a64b0c70ff6b,GenShield: Unified Detection and Artifact Correction for AI-Generated Images,institution:3e78e883c14f8bb8,Tencent Youtu Lab,mapping:38362dd094742311bf0f,Zhipei Xu; Youmin Xu; Shen Chen; Taiping Yao; Shouhong Ding,location:3e78e883c14f8bb839b1,Shanghai,Shanghai,China,31.1836,121.4502,confirmed,COMPLETE,curated_confirmed_location,"Source-backed affiliation, canonical institution identity, and selected location are represented by the exported mapping lineage."
curated:d6fe2666a64b0c70ff6b,GenShield: Unified Detection and Artifact Correction for AI-Generated Images,institution:46e4866d3b2954ab,Peking University,mapping:2d1ce63b661d2d6167d6,Zhipei Xu; Xuanyu Zhang; Qing Huang; Jian Zhang,location:46e4866d3b2954ab314b,Beijing,Beijing,China,39.9928,116.3058,confirmed,COMPLETE,curated_confirmed_location,"Source-backed affiliation, canonical institution identity, and selected location are represented by the exported mapping lineage."
curated:f3aa81928c76cd4b3903,GenSyn10: A Multi-Generative AI Dataset for Benchmarking Image Classification,institution:85454e059db548bc,The University of Western Australia,mapping:a364db1222b3ab1ac8b9,Md Faraz Kabir Khan; Saeed Anwar; Ghulam Mubashar Hassan,location:f908204311ba2a64676f,Albany,Western Australia,Australia,-35.0277407,117.8874729,confirmed,COMPLETE,curated_confirmed_location,"Source-backed affiliation, canonical institution identity, and selected location are represented by the exported mapping lineage."
curated:f105a82454d369e100b9,General and Domain-Specific Zero-Shot Detection of Generated Images via Conditional Likelihood,institution:90cbfdc3d90fe8a0,Fujitsu Research of Europe,mapping:2b2c911fe67f74bc3940,Roy Betser; Omer Hofman; Roman Vainshtein,location:90cbfdc3d90fe8a05dcd,Slough,England,United Kingdom,51.5084,-0.595,confirmed,COMPLETE,curated_confirmed_location,"Source-backed affiliation, canonical institution identity, and selected location are represented by the exported mapping lineage."
curated:f105a82454d369e100b9,General and Domain-Specific Zero-Shot Detection of Generated Images via Conditional Likelihood,institution:9e5e300bb52918ca,Technion – Israel Institute of Technology,mapping:97bffb4850401dd53299,Roy Betser; Guy Gilboa,location:9e5e300bb52918ca2733,Haifa,Haifa District,Israel,32.7775,35.0231,confirmed,COMPLETE,curated_confirmed_location,"Source-backed affiliation, canonical institution identity, and selected location are represented by the exported mapping lineage."
,Generalizable AI-Generated Image Detection Based on Fractal Self-Similarity in the Spectrum,institution:b83f47152ad1ec29,Hebei University of Technology,mapping:650ff77258f95ee4bcb8,Liang Yang,location:b83f47152ad1ec2938c3,Tianjin,Tianjin,China,39.228,117.061,confirmed,COMPLETE,curated_confirmed_location,"Source-backed affiliation, canonical institution identity, and selected location are represented by the exported mapping lineage."
,Generalizable AI-Generated Image Detection Based on Fractal Self-Similarity in the Spectrum,institution:f336b3005794930b,Beihang University,mapping:39bc514163340e81ab31,Shengpeng Xiao; Yuanfang Guo; Heqi Peng; Zeming Liu; Yunhong Wang,location:f336b3005794930bb660,Beijing,Beijing,China,39.9811,116.3443,confirmed,COMPLETE,curated_confirmed_location,"Source-backed affiliation, canonical institution identity, and selected location are represented by the exported mapping lineage."
curated:0fb6a9c0db904eae726d,Generalizable Synthetic Image Detection via Language-Guided Contrastive Learning,institution:53e6219d595780e3,University of Macau,mapping:f6ae71472a4250d653f3,Jiantao Zhou,location:53e6219d595780e300c1,Macau,Macau,China,22.1284604,113.5438378,confirmed,COMPLETE,curated_confirmed_location,"Source-backed affiliation, canonical institution identity, and selected location are represented by the exported mapping lineage."
curated:0fb6a9c0db904eae726d,Generalizable Synthetic Image Detection via Language-Guided Contrastive Learning,institution:5fc8d686887fa82a,University of Electronic Science and Technology of China,mapping:61b85859e24c572c710f,Haiwei Wu,location:7942988127caeaef5f36,Chengdu,Sichuan,China,30.7534211,103.9294024,confirmed,COMPLETE,curated_confirmed_location,"Source-backed affiliation, canonical institution identity, and selected location are represented by the exported mapping lineage."
curated:0fb6a9c0db904eae726d,Generalizable Synthetic Image Detection via Language-Guided Contrastive Learning,institution:b8e44ef51464a97c,Macao Polytechnic University,mapping:07e467cb11c615cfa20d,Shile Zhang,location:b8e44ef51464a97caf45,Macau,Macau,China,22.1938349,113.5515152,confirmed,COMPLETE,curated_confirmed_location,"Source-backed affiliation, canonical institution identity, and selected location are represented by the exported mapping lineage."
curated:9ec7092e57766741468f,Generalizable and Adaptive Continual Learning Framework for AI-Generated Image Detection,institution:5a28a1a99a417ba5,Ant Group,mapping:df1317d0364397e4bd68,Jun Lan; Huijia Zhu; Weiqiang Wang,location:5a28a1a99a417ba5e640,Hangzhou,Zhejiang,China,30.2613,120.1042,confirmed,COMPLETE,curated_confirmed_location,"Source-backed affiliation, canonical institution identity, and selected location are represented by the exported mapping lineage."
curated:9ec7092e57766741468f,Generalizable and Adaptive Continual Learning Framework for AI-Generated Image Detection,institution:fccd5d0ac9cc52f9,Shanghai Jiao Tong University,mapping:1549808a5c5a6d000b20,Hanyi Wang; Yaoyu Kang; Zhuosheng Zhang; Shilin Wang,location:fccd5d0ac9cc52f960f2,Shanghai,Shanghai,China,31.0254,121.4331,confirmed,COMPLETE,curated_confirmed_location,"Source-backed affiliation, canonical institution identity, and selected location are represented by the exported mapping lineage."
curated:3c3cd6143ece4045b378,Generalized Design Choices for Deepfake Detectors,institution:e73ae6a6d6ff3735,University of Bologna,mapping:1d1ef7d97cb57f363e73,Lorenzo Pellegrini; Serafino Pandolfini; Davide Maltoni; Matteo Ferrara,location:e73ae6a6d6ff3735f995,Bologna,Emilia-Romagna,Italy,44.4964,11.3547,confirmed,COMPLETE,curated_confirmed_location,"Source-backed affiliation, canonical institution identity, and selected location are represented by the exported mapping lineage."
curated:3c3cd6143ece4045b378,Generalized Design Choices for Deepfake Detectors,institution:fe7a819f82113c79,IdentifAI,mapping:b8b14d310139f20907d6,Marco Prati; Marco Ramilli,location:fe7a819f82113c79e588,Milan,Lombardy,Italy,45.4642,9.19,confirmed,COMPLETE,curated_confirmed_location,"Source-backed affiliation, canonical institution identity, and selected location are represented by the exported mapping lineage."
,Generalized and robust model for GAN-generated image detection,institution:a4e0e93fcd90b1c0,Indian Institute of Technology Patna,,Surbhi Raj; Jimson Mathew; Arijit Mondal,,Patna,,India,25.59408,85.13563,automatic_export_eligible,COMPLETE,existing_validated_automatic_location,Existing public location provenance retained; no new geocoding or independent re-review.
,Generating Synthetic Training Images to Detect Split Defects in Stamped Components,institution:4d3dd6848c184118,University of Warwick,,Aru Ranjan Singh; Thomas Bashford‐Rogers; Sumit Hazra; Kurt Debattista,,Coventry,,United Kingdom,52.40656,-1.51217,automatic_export_eligible,COMPLETE,existing_validated_automatic_location,Existing public location provenance retained; no new geocoding or independent re-review.
,"Generative Visual AI in News Organizations: Challenges, Opportunities, Perceptions, and Policies",institution:41f10ac519a66555,Queensland University of Technology,,Phoebe Matich,,Brisbane,Queensland,Australia,-27.477,153.0281,automatic_export_eligible,COMPLETE,existing_validated_automatic_location,Existing public location provenance retained; no new geocoding or independent re-review.
,"Generative Visual AI in News Organizations: Challenges, Opportunities, Perceptions, and Policies",institution:6b773370c41b47b5,RMIT University,,T. J. Thomson,,Melbourne,Victoria,Australia,-37.8142,144.9631,automatic_export_eligible,COMPLETE,existing_validated_automatic_location,Existing public location provenance retained; no new geocoding or independent re-review.
,"Generative Visual AI in News Organizations: Challenges, Opportunities, Perceptions, and Policies",institution:bc1cdb126bafdc16,Washington State University,,Ryan J. Thomas,,Pullman,Washington,United States,46.7319,-117.1542,automatic_export_eligible,COMPLETE,existing_validated_automatic_location,Existing public location provenance retained; no new geocoding or independent re-review.
curated:316fc03d348baa637bb4,Geometric-Semantic Dual-Adaptation for Generalizable AI-Generated Image Detection,institution:3f9391add8daa620,Chinese People's Armed Police Force Engineering University,mapping:c8b39e36cd596d02a22a,Jiaye Li; Zhang Minqing; Siyuan Huang; Pei Feng; Lang Liu,location:6736c53997c6046ecdd9,Xi'an,Shaanxi,China,34.2820482,108.8251145,confirmed,COMPLETE,curated_confirmed_location,"Source-backed affiliation, canonical institution identity, and selected location are represented by the exported mapping lineage."
curated:316fc03d348baa637bb4,Geometric-Semantic Dual-Adaptation for Generalizable AI-Generated Image Detection,institution:4ceaa6cde1782dfd,PLA Information Engineering University,mapping:278ad3f2195c365487da,Xin Li,location:669edfcf13aedb6b43f4,Zhengzhou,Henan,China,34.8166042,113.5671427,confirmed,COMPLETE,curated_confirmed_location,"Source-backed affiliation, canonical institution identity, and selected location are represented by the exported mapping lineage."
,Global Texture Enhancement for Fake Face Detection in the Wild,institution:404cfa1ef241f359,The University of Hong Kong,,Xiaojuan Qi,,Pok Fu Lam,Hong Kong,China,22.26861,114.12924,automatic_export_eligible,COMPLETE,existing_validated_automatic_location,Existing public location provenance retained; no new geocoding or independent re-review.
,Global Texture Enhancement for Fake Face Detection in the Wild,institution:87d9a45b3389372f,University of Oxford,,Zhengzhe Liu; Xiaojuan Qi; Philip H. S. Torr,,Oxford,,United Kingdom,51.75222,-1.25596,automatic_export_eligible,COMPLETE,existing_validated_automatic_location,Existing public location provenance retained; no new geocoding or independent re-review.
curated:507b9cb16991da1629f8,HFMF: Hierarchical Fusion Meets Multi-Stream Models for Deepfake Detection,institution:4e140b5268efc364,Texas A&M University,mapping:f26bc4210c98ba8d248e,Anant Mehta; Bryant McArthur; Nagarjuna Kolloju; Zhengzhong Tu,location:4e140b5268efc364e2ae,College Station,Texas,United States,30.6108618,-96.3520606,confirmed,COMPLETE,curated_confirmed_location,"Source-backed affiliation, canonical institution identity, and selected location are represented by the exported mapping lineage."
,HRR: Hierarchical Retrospection Refinement for Generated Image Detection,institution:4ae45b121fe12e9c,Tsinghua University,,Shuo Ye,,Beijing,,China,39.9075,116.39723,automatic_export_eligible,COMPLETE,existing_validated_automatic_location,Existing public location provenance retained; no new geocoding or independent re-review.
,HRR: Hierarchical Retrospection Refinement for Generated Image Detection,institution:557b8ad811254ad6,Jianghan University,,Peipei Yuan; Yulong Wang,,Wuhan,,China,30.583330154418945,114.26667022705078,automatic_export_eligible,COMPLETE,existing_validated_automatic_location,Existing public location provenance retained; no new geocoding or independent re-review.
,HRR: Hierarchical Retrospection Refinement for Generated Image Detection,institution:69152a620553f03a,Wuhan Business University,,Yanfang Tao,,Wuhan,,China,30.583330154418945,114.26667022705078,automatic_export_eligible,COMPLETE,existing_validated_automatic_location,Existing public location provenance retained; no new geocoding or independent re-review.
,HRR: Hierarchical Retrospection Refinement for Generated Image Detection,institution:e540a2485c3e954f,Huazhong University of Science and Technology,,Peipei Yuan; Zijing Xie,,Wuhan,,China,30.58333,114.26667,automatic_export_eligible,COMPLETE,existing_validated_automatic_location,Existing public location provenance retained; no new geocoding or independent re-review.
,HRR: Hierarchical Retrospection Refinement for Generated Image Detection,institution:ed58576681c8c7e7,Huazhong Agricultural University,,Yulong Wang,,Wuhan,,China,30.583330154418945,114.26667022705078,automatic_export_eligible,COMPLETE,existing_validated_automatic_location,Existing public location provenance retained; no new geocoding or independent re-review.
curated:b2b738978609f5704f00,HSIC Bottleneck for Cross-Generator and Domain-Incremental Synthetic Image Detection,institution:4b215cd9407fb4b1,National Tsing Hua University,mapping:58e03991012ac2553d0e,Hwann-Tzong Chen,location:4b215cd9407fb4b144d6,Xinzhu,Taiwan,China,24.7916987,120.9924295,confirmed,COMPLETE,curated_confirmed_location,"Source-backed affiliation, canonical institution identity, and selected location are represented by the exported mapping lineage."
curated:b2b738978609f5704f00,HSIC Bottleneck for Cross-Generator and Domain-Incremental Synthetic Image Detection,institution:69a779f3b8d566f6,National Taiwan University,mapping:a5c5f199049860b57372,Chin-Chia Yang; Yung-Yu Chuang,location:69a779f3b8d566f635fa,Taipei,Taiwan,China,25.0173,121.5398,confirmed,COMPLETE,curated_confirmed_location,"Source-backed affiliation, canonical institution identity, and selected location are represented by the exported mapping lineage."
curated:b2b738978609f5704f00,HSIC Bottleneck for Cross-Generator and Domain-Incremental Synthetic Image Detection,institution:d2cacec52769f3d9,Academia Sinica,mapping:9141f91ac45eeaef6fc3,Chin-Chia Yang; Tyng-Luh Liu,location:d2cacec52769f3d982d0,Taipei,Taiwan,China,25.0411,121.6163,confirmed,COMPLETE,curated_confirmed_location,"Source-backed affiliation, canonical institution identity, and selected location are represented by the exported mapping lineage."
,Harnessing Attention for Cropping and Fusion in CLIP-Based AIGC Detection,institution:b3e3a87d3fc950c5,China People's Public Security University,,Jiaqi Xu; Yanhui Du; Lei Lyu; Chenrui Yang,,Beijing,,China,39.907501220703125,116.39723205566406,automatic_export_eligible,COMPLETE,existing_validated_automatic_location,Existing public location provenance retained; no new geocoding or independent re-review.
,Harnessing The Power Of AI To Detect AI Generated Images,institution:f8a9691bb5291a8e,Institute of Engineering,,Abhishek Pratap Singh; Ritesh Rastogi; M R Naveen Kumar,,Pulchowk,,Nepal,27.67824,85.31685,automatic_export_eligible,COMPLETE,existing_validated_automatic_location,Existing public location provenance retained; no new geocoding or independent re-review.
,Harnessing the Power of Large Vision Language Models for Synthetic Image Detection,institution:1e2fe2432a089705,Polytechnic University of Hauts-de-France,mapping:fb8492dca642c37ccab2,Mamadou Keita; Hassen Bougueffa; Abdelmalik Taleb-Ahmed,location:1e2fe2432a0897054ff4,Valenciennes,Hauts-de-France,France,50.325,3.511,confirmed,COMPLETE,curated_confirmed_location,"Source-backed affiliation, canonical institution identity, and selected location are represented by the exported mapping lineage."
,Harnessing the Power of Large Vision Language Models for Synthetic Image Detection,institution:271362b3e1310a1c,Sorbonne University Abu Dhabi,mapping:23b99422c0ee02cb93a3,Abdenour Hadid,location:271362b3e1310a1cc98c,Abu Dhabi,Abu Dhabi,United Arab Emirates,24.4851,54.4126,confirmed,COMPLETE,curated_confirmed_location,"Source-backed affiliation, canonical institution identity, and selected location are represented by the exported mapping lineage."
,Harnessing the Power of Large Vision Language Models for Synthetic Image Detection,institution:96dc1764e1512d0a,Technology Innovation Institute,mapping:22eda1897bf6042aa5c4,Wassim Hamidouche,location:96dc1764e1512d0ad710,Abu Dhabi,Abu Dhabi,United Arab Emirates,24.4366,54.6135,confirmed,COMPLETE,curated_confirmed_location,"Source-backed affiliation, canonical institution identity, and selected location are represented by the exported mapping lineage."
curated:f898cd2f736babc824dc,HiDD-Net: A Hierarchical Dual-Domain Distillation Network for Efficient Deepfake Detection,institution:d327df7fd49c7ebb,Beijing Institute of Technology,mapping:072751fcb40468125f3d,Linfang Shang; Longfei Zhang; Tongfei Yuan,location:6bb70044eef46b7e6071,Beijing,Beijing,China,39.9578214,116.3098237,source_backed_preliminary,COMPLETE,curated_confirmed_location,"Source-backed affiliation, canonical institution identity, and selected location are represented by the exported mapping lineage."
,Hierarchical Feature Fusion and Enhanced Attention Mechanism for Robust GAN-Generated Image Detection,institution:37ea83da28e11ff2,Southwest University of Science and Technology,,Hui Zeng,,Mianyang,,China,31.46784,104.68168,automatic_export_eligible,COMPLETE,existing_validated_automatic_location,Existing public location provenance retained; no new geocoding or independent re-review.
,Hierarchical Feature Fusion and Enhanced Attention Mechanism for Robust GAN-Generated Image Detection,institution:769b711ed2fee7c0,City University of Macau,,Weinan Zhang; Sanshuai Cui; Qi Zhang; Qi Zhong,,Macao,Macau,China,22.20056,113.54611,automatic_export_eligible,COMPLETE,existing_validated_automatic_location,Existing public location provenance retained; no new geocoding or independent re-review.
,Hierarchical Feature Fusion and Enhanced Attention Mechanism for Robust GAN-Generated Image Detection,institution:924e1e0e9723b423,Beijing Normal University,,Biwei Chen,,Beijing,,China,39.9075,116.39723,automatic_export_eligible,COMPLETE,existing_validated_automatic_location,Existing public location provenance retained; no new geocoding or independent re-review.
curated:70f6d63927384365006f,High-Resolution Contrastive Framework for Generalizable AI-Generated Image Detection,institution:bc1d8b5fba4bc5ff,Northwestern Polytechnical University,mapping:04d597ae3596d1846a79,Wenfei Wei; Dongpeng Hou; Shu Yin; H P Wang; Chao Gao; Xianghua Li; Yang Liu,location:bc1d8b5fba4bc5ff7929,Xi’an,Shaanxi,China,34.2446,108.9186,confirmed,COMPLETE,curated_confirmed_location,"Source-backed affiliation, canonical institution identity, and selected location are represented by the exported mapping lineage."
,High-Resolution Network-Based Multi-Feature Fusion for Generalized Forgery Detection,institution:a1e1ec8b780e67c8,Guizhou Normal University,,Rui Liu; Sicong Zhang; Yang Xu; Weida Xu; Xinlong He,,Guiyang,,China,26.583330154418945,106.71666717529297,automatic_export_eligible,COMPLETE,existing_validated_automatic_location,Existing public location provenance retained; no new geocoding or independent re-review.
curated:9637c6ae3ad013926898,How Well Are Open Sourced AI-Generated Image Detection Models Out-of-the-Box: A Comprehensive Benchmark Study,institution:5bca0447cd36c94e,Scam AI,mapping:6765c4fac279b9402e83,Simiao Ren; Kidus Zewde; Hatsanai (Neo) Tiangratanakul; Tsang (Dennis) Ng,location:b5d9bf23010011c55a20,Berkeley,California,United States,37.8703,-122.2689,confirmed,COMPLETE,curated_confirmed_location,"Source-backed affiliation, canonical institution identity, and selected location are represented by the exported mapping lineage."
curated:9637c6ae3ad013926898,How Well Are Open Sourced AI-Generated Image Detection Models Out-of-the-Box: A Comprehensive Benchmark Study,institution:781afa4ed50a74b8,Duke University,mapping:39a6868334b6ef5ec570,Yuchen Zhou; Xingyu Shen,location:781afa4ed50a74b85531,Durham,North Carolina,United States,36.0001557,-78.9442297,confirmed,COMPLETE,curated_confirmed_location,"Source-backed affiliation, canonical institution identity, and selected location are represented by the exported mapping lineage."
curated:9637c6ae3ad013926898,How Well Are Open Sourced AI-Generated Image Detection Models Out-of-the-Box: A Comprehensive Benchmark Study,institution:97a78e53265fe882,Washington University in St. Louis,mapping:8d221c7f3382a2351125,En Wei,location:e0ee7e736afd0f368f1e,Saint Louis,Missouri,United States,38.6472402,-90.3084017,confirmed,COMPLETE,curated_confirmed_location,"Source-backed affiliation, canonical institution identity, and selected location are represented by the exported mapping lineage."
curated:9637c6ae3ad013926898,How Well Are Open Sourced AI-Generated Image Detection Models Out-of-the-Box: A Comprehensive Benchmark Study,institution:be74dcf5d0cb77ea,"University of California, Berkeley",mapping:2c9ec73abcfc740a9d2e,Tommy Duong; George Huang,location:be74dcf5d0cb77ea7a59,Berkeley,California,United States,37.8719,-122.2585,confirmed,COMPLETE,curated_confirmed_location,"Source-backed affiliation, canonical institution identity, and selected location are represented by the exported mapping lineage."
curated:9637c6ae3ad013926898,How Well Are Open Sourced AI-Generated Image Detection Models Out-of-the-Box: A Comprehensive Benchmark Study,institution:ed6f1120aeb12d5c,University of North Carolina at Chapel Hill,mapping:386bb8d4c62a6e041019,Jiayu Xue,location:ed6f1120aeb12d5ce2e6,Chapel Hill,North Carolina,United States,35.9050354,-79.0477533,confirmed,COMPLETE,curated_confirmed_location,"Source-backed affiliation, canonical institution identity, and selected location are represented by the exported mapping lineage."
,How spammers and scammers leverage AI-generated images on Facebook for audience growth,institution:40b8f4b8f6c89e51,Georgetown University,,Josh A. Goldstein,,Washington,,United States,38.89511,-77.03637,automatic_export_eligible,COMPLETE,existing_validated_automatic_location,Existing public location provenance retained; no new geocoding or independent re-review.
,How spammers and scammers leverage AI-generated images on Facebook for audience growth,institution:6398f2ea80ac2393,Center for Security and Emerging Technology,,Josh A. Goldstein,,Washington,,United States,38.89511,-77.03637,automatic_export_eligible,COMPLETE,existing_validated_automatic_location,Existing public location provenance retained; no new geocoding or independent re-review.
,How spammers and scammers leverage AI-generated images on Facebook for audience growth,institution:ed72534d79b73fac,Stanford University,,Renée DiResta,,Stanford,,United States,37.42411,-122.16608,automatic_export_eligible,COMPLETE,existing_validated_automatic_location,Existing public location provenance retained; no new geocoding or independent re-review.
curated:b65aca5f04f1f41ad725,How to Trace Latent Generative Model Generated Images Without Artificial Watermark?,institution:304707b21fcfbd4d,University of Massachusetts Amherst,mapping:4cd809dd4913fd558a6e,Shiqing Ma,location:304707b21fcfbd4d1653,Amherst,Massachusetts,United States,42.3868,-72.5301,confirmed,COMPLETE,curated_confirmed_location,"Source-backed affiliation, canonical institution identity, and selected location are represented by the exported mapping lineage."
curated:b65aca5f04f1f41ad725,How to Trace Latent Generative Model Generated Images Without Artificial Watermark?,institution:33a58a66974db112,Rutgers University,mapping:f9b6e4056969839d6594,Zhenting Wang; Dimitris N. Metaxas,location:33a58a66974db1122537,New Brunswick,New Jersey,United States,40.5008,-74.4474,confirmed,COMPLETE,curated_confirmed_location,"Source-backed affiliation, canonical institution identity, and selected location are represented by the exported mapping lineage."
curated:b65aca5f04f1f41ad725,How to Trace Latent Generative Model Generated Images Without Artificial Watermark?,institution:cf2639c8e56f6453,Sony AI,mapping:fe9cf3377aafb37400d2,Vikash Sehwag; Chen Chen; Lingjuan Lyu,location:d99adc768886c63d2401,San Mateo,California,United States,37.5595,-122.2847,confirmed,COMPLETE,curated_confirmed_location,"Source-backed affiliation, canonical institution identity, and selected location are represented by the exported mapping lineage."
curated:5fde2c559e029508e0c3,Human vs. AI: A Novel Benchmark and a Comparative Study on the Detection\n of Generated Images and the Impact of Prompts,institution:d4c79ca44c5dbbbc,Stuttgart Media University,mapping:ab1e8e8a5e0a18348cc3,Philipp Moeßner; Heike Adel,location:839ca27a420e7195478b,Stuttgart,Baden-Württemberg,Germany,48.7416439,9.1010287,confirmed,COMPLETE,curated_confirmed_location,"Source-backed affiliation, canonical institution identity, and selected location are represented by the exported mapping lineage."
,IPD-Net: Detecting AI-Generated Images via Inter-Patch Dependencies,institution:8632718a2c1444c6,Jinan University,,Jiahan Chen; Mengtin Lo; T.S. Huang,,Guangzhou,,China,23.11667,113.25,automatic_export_eligible,COMPLETE,existing_validated_automatic_location,Existing public location provenance retained; no new geocoding or independent re-review.
,IPD-Net: Detecting AI-Generated Images via Inter-Patch Dependencies,institution:9dcc9e0e62baaea9,Yulin Normal University,,Hailiang Liao,,Yulin,,China,22.6305,110.14686,automatic_export_eligible,COMPLETE,existing_validated_automatic_location,Existing public location provenance retained; no new geocoding or independent re-review.
,Image Tampering Localization Using a Dense Fully Convolutional Network,institution:0d485839c904b21b,Shenzhen Academy of Robotics,,Peiyu Zhuang; Haodong Li; Shunquan Tan; Bin Li; Jiwu Huang,,Shenzhen,,China,22.54554,114.0683,automatic_export_eligible,COMPLETE,existing_validated_automatic_location,Existing public location provenance retained; no new geocoding or independent re-review.
,Image Tampering Localization Using a Dense Fully Convolutional Network,institution:ad9c8964d01f80d8,Shenzhen University,,Peiyu Zhuang; Haodong Li; Shunquan Tan; Bin Li; Jiwu Huang,,Shenzhen,,China,22.54554,114.0683,automatic_export_eligible,COMPLETE,existing_validated_automatic_location,Existing public location provenance retained; no new geocoding or independent re-review.
curated:d59bffe554500b241a3e,ImageAttributionBench: How Far Are We from Generalizable Attribution?,institution:baa1df7c4adddbda,Fudan University,mapping:0a9b43cf34ff5b892a0c,Tingshu Mou; Chao Gong; Jingjing Chen; Xingjun Ma,location:baa1df7c4adddbda8d0b,Shanghai,Shanghai,China,31.2989,121.5018,confirmed,COMPLETE,curated_confirmed_location,"Source-backed affiliation, canonical institution identity, and selected location are represented by the exported mapping lineage."
curated:d59bffe554500b241a3e,ImageAttributionBench: How Far Are We from Generalizable Attribution?,institution:be74dcf5d0cb77ea,"University of California, Berkeley",mapping:b168ef2fb1def9bc502d,Zhipeng Wei,location:be74dcf5d0cb77ea7a59,Berkeley,California,United States,37.8719,-122.2585,confirmed,COMPLETE,curated_confirmed_location,"Source-backed affiliation, canonical institution identity, and selected location are represented by the exported mapping lineage."
curated:f76424b401abe0c0fd0c,ImagiNet: A Multi-Content Benchmark for Synthetic Image Detection,institution:507c5724052f23eb,"INSAIT, Sofia University ""St. Kliment Ohridski""",mapping:c2555c5acdfd697ccc45,Delyan Boychev,location:507c5724052f23eba305,Sofia,Sofia City Province,Bulgaria,42.6677,23.3779,confirmed,COMPLETE,curated_confirmed_location,"Source-backed affiliation, canonical institution identity, and selected location are represented by the exported mapping lineage."
curated:f76424b401abe0c0fd0c,ImagiNet: A Multi-Content Benchmark for Synthetic Image Detection,institution:ed72534d79b73fac,Stanford University,mapping:528eb460883194d15559,Radostin Cholakov,location:ed72534d79b73fac5b08,Stanford University,California,United States,37.4275,-122.1697,confirmed,COMPLETE,curated_confirmed_location,"Source-backed affiliation, canonical institution identity, and selected location are represented by the exported mapping lineage."
,Improving GAN-Generated Image Detection Generalization Using Unsupervised Domain Adaptation,institution:1b35f3068bbd3352,Aligarh Muslim University,,Asad Malik,,Aligarh,,India,27.88145,78.07464,automatic_export_eligible,COMPLETE,existing_validated_automatic_location,Existing public location provenance retained; no new geocoding or independent re-review.
,Improving GAN-Generated Image Detection Generalization Using Unsupervised Domain Adaptation,institution:4c1e9439f241e5ec,Sichuan University,,Mingxu Zhang; Hongxia Wang; Peisong He; Hanqing Liu,,Chengdu,,China,30.66667,104.06667,automatic_export_eligible,COMPLETE,existing_validated_automatic_location,Existing public location provenance retained; no new geocoding or independent re-review.
curated:fa317ff4ccce609227c0,Improving Interpretability and Robustness for the Detection of AI-Generated Images,institution:29645bb566fcd576,French National Centre for Scientific Research,mapping:9b9542436e5df14e6c19,Serguei Barannikov,location:29645bb566fcd57661c6,Paris,Île-de-France,France,48.8462,2.263,confirmed,COMPLETE,curated_confirmed_location,"Source-backed affiliation, canonical institution identity, and selected location are represented by the exported mapping lineage."
curated:fa317ff4ccce609227c0,Improving Interpretability and Robustness for the Detection of AI-Generated Images,institution:91d1003beb3bcb91,Skolkovo Institute of Science and Technology,mapping:ec95f97039fb37d93e2a,Serguei Barannikov,location:91d1003beb3bcb91d63b,Moscow,Moscow,Russia,55.6981,37.3528,confirmed,COMPLETE,curated_confirmed_location,"Source-backed affiliation, canonical institution identity, and selected location are represented by the exported mapping lineage."
curated:fa317ff4ccce609227c0,Improving Interpretability and Robustness for the Detection of AI-Generated Images,institution:95daf5606b8bd80c,HSE University,mapping:a40c452ff3c1691f87d5,German Magai,location:95daf5606b8bd80c0c08,Moscow,Moscow,Russia,55.7558,37.6418,confirmed,COMPLETE,curated_confirmed_location,"Source-backed affiliation, canonical institution identity, and selected location are represented by the exported mapping lineage."
curated:fa317ff4ccce609227c0,Improving Interpretability and Robustness for the Detection of AI-Generated Images,institution:a202a16ef9383442,St. Petersburg Department of the Steklov Institute of Mathematics,mapping:4bce49ad41fbdd5cb0f6,Sergey Nikolenko,location:a202a16ef9383442d121,Saint Petersburg,Saint Petersburg,Russia,59.9386,30.3141,confirmed,COMPLETE,curated_confirmed_location,"Source-backed affiliation, canonical institution identity, and selected location are represented by the exported mapping lineage."
curated:fa317ff4ccce609227c0,Improving Interpretability and Robustness for the Detection of AI-Generated Images,institution:b145c3f748543038,AI Foundation and Algorithm Lab,mapping:147d630b2cfd5c3bab7b,Laida Kushnareva; Irina Piontkovskaya,location:b145c3f748543038aeea,Moscow,Moscow,Russia,55.7558,37.6173,confirmed,COMPLETE,curated_confirmed_location,"Source-backed affiliation, canonical institution identity, and selected location are represented by the exported mapping lineage."
curated:fa317ff4ccce609227c0,Improving Interpretability and Robustness for the Detection of AI-Generated Images,institution:c5eade35ea50a856,Queen Mary University of London,mapping:c7f4928f2e60f7d847d1,Tatiana Gaintseva; Greg Slabaugh,location:c5eade35ea50a85601d3,London,England,United Kingdom,51.523,-0.0395,confirmed,COMPLETE,curated_confirmed_location,"Source-backed affiliation, canonical institution identity, and selected location are represented by the exported mapping lineage."
curated:fa317ff4ccce609227c0,Improving Interpretability and Robustness for the Detection of AI-Generated Images,institution:d1f71b03766ee0a2,Noeon Research,mapping:50b185406f29a4f83bcd,German Magai,location:d1f71b03766ee0a2dda8,Tokyo,Tokyo,Japan,35.6655,139.731,confirmed,COMPLETE,curated_confirmed_location,"Source-backed affiliation, canonical institution identity, and selected location are represented by the exported mapping lineage."
curated:fa317ff4ccce609227c0,Improving Interpretability and Robustness for the Detection of AI-Generated Images,institution:daff50b65ce469a3,Paris Cité University,mapping:8bff576c35c180a528ae,Serguei Barannikov,location:daff50b65ce469a3bf79,Paris,Île-de-France,France,48.8466,2.3562,confirmed,COMPLETE,curated_confirmed_location,"Source-backed affiliation, canonical institution identity, and selected location are represented by the exported mapping lineage."
curated:fa317ff4ccce609227c0,Improving Interpretability and Robustness for the Detection of AI-Generated Images,institution:fa3c75d12710670b,University College London,mapping:9ac7ab3690f8275dd5f0,Martin Benning,location:fa3c75d12710670b8e96,London,England,United Kingdom,51.5246,-0.134,confirmed,COMPLETE,curated_confirmed_location,"Source-backed affiliation, canonical institution identity, and selected location are represented by the exported mapping lineage."
curated:c45f9027e90830e4c9b6,Improving Synthetic Image Detection Towards Generalization: An Image Transformation Perspective,institution:d1012c88e7ee61fd,Xiaohongshu Inc.,mapping:f3a6fde815dd298d82b7,Jiayin Cai; Xiaolong Jiang; Yao Hu,location:3b46f8ed6f87860347da,Beijing,Beijing,China,39.978168,116.406507,confirmed,COMPLETE,curated_confirmed_location,"Source-backed affiliation, canonical institution identity, and selected location are represented by the exported mapping lineage."
curated:c45f9027e90830e4c9b6,Improving Synthetic Image Detection Towards Generalization: An Image Transformation Perspective,institution:e721b03b6f6c172d,University of Science and Technology of China,mapping:9e8976936b36d587fed4,Ouxiang Li; Yanbin Hao; Fuli Feng,location:e721b03b6f6c172dd7c7,Hefei,Anhui,China,31.8229,117.2808,confirmed,COMPLETE,curated_confirmed_location,"Source-backed affiliation, canonical institution identity, and selected location are represented by the exported mapping lineage."
,Improving Synthetically Generated Image Detection in Cross-Concept Settings,institution:3d7a55d07b650cfa,Czech Technical University in Prague,,Giorgos Kordopatis-Zilos,,Prague,,Czechia,50.08804,14.42076,automatic_export_eligible,COMPLETE,existing_validated_automatic_location,Existing public location provenance retained; no new geocoding or independent re-review.
,Improving Synthetically Generated Image Detection in Cross-Concept Settings,institution:f841aa8a7a0d29aa,Centre for Research and Technology Hellas,,Pantelis Dogoulis; Giorgos Kordopatis-Zilos; Ioannis Kompatsiaris; Symeon Papadopoulos,,Thessaloniki,,Greece,40.64361,22.93086,automatic_export_eligible,COMPLETE,existing_validated_automatic_location,Existing public location provenance retained; no new geocoding or independent re-review.
curated:246f07c81b9f91e527eb,IncreFA: Breaking the Static Wall of Generative Model Attribution,institution:1502cb7c96ae3095,Beijing University of Posts and Telecommunications,mapping:49253d880847ebba366a,Haotian Qin; Dongliang Chang; Yueying Gao; Zhanyu Ma,location:1502cb7c96ae3095e27b,Beijing,Beijing,China,39.962,116.358,confirmed,COMPLETE,curated_confirmed_location,"Source-backed affiliation, canonical institution identity, and selected location are represented by the exported mapping lineage."
curated:246f07c81b9f91e527eb,IncreFA: Breaking the Static Wall of Generative Model Attribution,institution:4ae45b121fe12e9c,Tsinghua University,mapping:eafafaf4180a2400a7d2,Lei Chen,location:4ae45b121fe12e9c10b4,Beijing,Beijing,China,40.0007,116.3267,confirmed,COMPLETE,curated_confirmed_location,"Source-backed affiliation, canonical institution identity, and selected location are represented by the exported mapping lineage."
curated:88b63de59a0eabcd1b02,Incremental Learning for AI-Generated Image Detection,institution:7f558d88204cdf26,"CEC GienTech Technology Co., Ltd.",mapping:728253f8d4ff246125c6,Haijun Shan,location:7f558d88204cdf26e975,Shanghai,Shanghai,China,31.1807,121.4595,confirmed,COMPLETE,curated_confirmed_location,"Source-backed affiliation, canonical institution identity, and selected location are represented by the exported mapping lineage."
curated:88b63de59a0eabcd1b02,Incremental Learning for AI-Generated Image Detection,institution:baa1df7c4adddbda,Fudan University,mapping:6342f09baf66dcf49ce8,Zihao Cai; Xue Song; Xinghan Li; Bo Li; Jingjing Chen,location:baa1df7c4adddbda8d0b,Shanghai,Shanghai,China,31.2989,121.5018,confirmed,COMPLETE,curated_confirmed_location,"Source-backed affiliation, canonical institution identity, and selected location are represented by the exported mapping lineage."
,Incremental learning for the detection and classification of GAN-generated images,institution:3c4903b35459f2b5,University of Trento,mapping:129a03359b485cc8c9af,Cristiano Saltori; Giulia Boato,location:3c4903b35459f2b51c15,Trento,Trentino-South Tyrol,Italy,46.0668,11.1232,confirmed,COMPLETE,curated_confirmed_location,"Source-backed affiliation, canonical institution identity, and selected location are represented by the exported mapping lineage."
,Incremental learning for the detection and classification of GAN-generated images,institution:d046d2c57bb3a863,University of Naples Federico II,mapping:3c8ae1b28e85e160472a,Francesco Marra; Luisa Verdoliva,location:d046d2c57bb3a863a89a,Naples,Campania,Italy,40.8463,14.2572,confirmed,COMPLETE,curated_confirmed_location,"Source-backed affiliation, canonical institution identity, and selected location are represented by the exported mapping lineage."
,"Interpol Review of Detection of AI-Generated Image and Video Deepfakes, 2022-2025",institution:4a9a14dbf4357b38,University of Amsterdam,,Stijn van Lierop; Ivona Najdenkoska; Marcel Worring; Zeno Geradts,,Amsterdam,,The Netherlands,52.37403,4.88969,automatic_export_eligible,COMPLETE,existing_validated_automatic_location,Existing public location provenance retained; no new geocoding or independent re-review.
,"Interpol Review of Detection of AI-Generated Image and Video Deepfakes, 2022-2025",institution:bda289c20f284717,Netherlands Forensic Institute,,Stijn van Lierop; Ivona Najdenkoska; Zeno Geradts,,The Hague,,Netherlands,52.044639587402344,4.358749866485596,automatic_export_eligible,COMPLETE,existing_validated_automatic_location,Existing public location provenance retained; no new geocoding or independent re-review.
curated:67d37f98e44fa9d7d06e,Intriguing Properties of Synthetic Images: From Generative Adversarial Networks to Diffusion Models,institution:8d4321d936320802,NVIDIA,mapping:a005e9c24e12ff5aff4d,Koki Nagano,location:e26ebc2442f89b474be3,Hillsboro,Oregon,United States,45.5344957,-122.886274,confirmed,COMPLETE,curated_confirmed_location,"Source-backed affiliation, canonical institution identity, and selected location are represented by the exported mapping lineage."
curated:67d37f98e44fa9d7d06e,Intriguing Properties of Synthetic Images: From Generative Adversarial Networks to Diffusion Models,institution:d046d2c57bb3a863,University of Naples Federico II,mapping:c8b0073f8dfebc49ad07,Riccardo Corvi; Davide Cozzolino; Giovanni Poggi; Luisa Verdoliva,location:d046d2c57bb3a863a89a,Naples,Campania,Italy,40.8463,14.2572,confirmed,COMPLETE,curated_confirmed_location,"Source-backed affiliation, canonical institution identity, and selected location are represented by the exported mapping lineage."
curated:3ea88dc6c3224d22d416,IoT-Oriented Security for Small Sensor Systems Using DnCNN Denoising and Multimodal Feature Fusion for Image Forgery Detection,institution:64aa68d006c72586,Nanfang College Guangzhou,mapping:e46d8b24b947ebebe00a,Muhammad Bilal,location:64aa68d006c72586c4cb,Guangzhou,Guangdong,China,23.6352546,113.6748913,confirmed,COMPLETE,curated_confirmed_location,"Source-backed affiliation, canonical institution identity, and selected location are represented by the exported mapping lineage."
curated:3ea88dc6c3224d22d416,IoT-Oriented Security for Small Sensor Systems Using DnCNN Denoising and Multimodal Feature Fusion for Image Forgery Detection,institution:6beb2f6c52d3f30c,Gachon University,mapping:1a6971829b3270975cb2,Syed Rizwan Hassan,location:6beb2f6c52d3f30c,Seongnam-si,Gyeonggi-do,South Korea,37.43861,127.13778,confirmed,COMPLETE,curated_confirmed_location,"Source-backed affiliation, canonical institution identity, and selected location are represented by the exported mapping lineage."
curated:3ea88dc6c3224d22d416,IoT-Oriented Security for Small Sensor Systems Using DnCNN Denoising and Multimodal Feature Fusion for Image Forgery Detection,institution:823a09a4580fb39e,Government Sadiq College Women University,mapping:8bde822b616608f7d149,Nimra Nasir; Syeda Sitara Waseem,location:823a09a4580fb39e,Bahawalpur,Punjab,Pakistan,29.99835,73.25272,confirmed,COMPLETE,curated_confirmed_location,"Source-backed affiliation, canonical institution identity, and selected location are represented by the exported mapping lineage."
curated:f158c57190bcd2c8405c,Is Artificial Intelligence Generated Image Detection a Solved Problem?,institution:0af8b0b3be8e7963,Nanjing University of Information Science and Technology,mapping:e65e12b0172c3b6964ba,Ziqiang Li; Jiazhen Yan; Ziwen He; Weiwei Jiang; Lizhi Xiong; Zhangjie Fu,location:0af8b0b3be8e7963fda8,Nanjing,Jiangsu,China,32.2072,118.7217,confirmed,COMPLETE,curated_confirmed_location,"Source-backed affiliation, canonical institution identity, and selected location are represented by the exported mapping lineage."
curated:f158c57190bcd2c8405c,Is Artificial Intelligence Generated Image Detection a Solved Problem?,institution:65dbfd1e022f02e2,University of Siena,mapping:9d472671b0f11a32891a,Kai Zeng,location:65dbfd1e022f02e2ac68,Siena,Toscany,Italy,43.3191,11.3328,confirmed,COMPLETE,curated_confirmed_location,"Source-backed affiliation, canonical institution identity, and selected location are represented by the exported mapping lineage."
curated:e688194977fa7bbf7db3,LAID: Lightweight AI-Generated Image Detection in Spatial and Spectral Domains,institution:2469c3505064216c,Queen's University,mapping:fc921e5a7fca36d1ca33,Nicholas Chivaran; Jianbing Ni,location:2469c3505064216ce3a8,Kingston,Ontario,Canada,44.2253,-76.4951,confirmed,COMPLETE,curated_confirmed_location,"Source-backed affiliation, canonical institution identity, and selected location are represented by the exported mapping lineage."
,LATTE: Latent Trajectory Embedding for Diffusion-Generated Image Detection,institution:4a9a14dbf4357b38,University of Amsterdam,mapping:e48fb374ced1c1e7aeb0,Ana Vasilcoiu; Ivona Najdenkoska; Zeno Geradts; Marcel Worring,location:4a9a14dbf4357b3807c3,Amsterdam,North Holland,Netherlands,52.3683,4.8903,confirmed,COMPLETE,curated_confirmed_location,"Source-backed affiliation, canonical institution identity, and selected location are represented by the exported mapping lineage."
,LATTE: Latent Trajectory Embedding for Diffusion-Generated Image Detection,institution:bda289c20f284717,Netherlands Forensic Institute,mapping:e1dbe59a6c5fed8dc09f,Ivona Najdenkoska; Zeno Geradts,location:bda289c20f2847172eda,The Hague,South Holland,Netherlands,52.0461,4.3567,confirmed,COMPLETE,curated_confirmed_location,"Source-backed affiliation, canonical institution identity, and selected location are represented by the exported mapping lineage."
curated:14272073fa5bc0e301b5,LEGION: Learning to Ground and Explain for Synthetic Image Detection,institution:5c85faa51cc57a24,Sun Yat-sen University,mapping:39475636d8cf59d537d9,Junyan Ye; Weijia Li,location:5c85faa51cc57a24f560,Guangzhou,Guangdong,China,23.09959,113.29251,confirmed,COMPLETE,curated_confirmed_location,"Source-backed affiliation, canonical institution identity, and selected location are represented by the exported mapping lineage."
curated:14272073fa5bc0e301b5,LEGION: Learning to Ground and Explain for Synthetic Image Detection,institution:c107a95b6cb53ac5,Shanghai Artificial Intelligence Laboratory,mapping:ced5ad8d347425712903,Hengrui Kang; Siwei Wen; Zichen Wen; Junyan Ye; Weijia Li; Peilin Feng; Baichuan Zhou; Bin Wang; Dahua Lin; Conghui He,location:c107a95b6cb53ac5425f,Shanghai,Shanghai,China,31.1779,121.4625,confirmed,COMPLETE,curated_confirmed_location,"Source-backed affiliation, canonical institution identity, and selected location are represented by the exported mapping lineage."
curated:14272073fa5bc0e301b5,LEGION: Learning to Ground and Explain for Synthetic Image Detection,institution:f336b3005794930b,Beihang University,mapping:cecd71b71372bf4ec9c4,Siwei Wen; Peilin Feng,location:f336b3005794930bb660,Beijing,Beijing,China,39.9811,116.3443,confirmed,COMPLETE,curated_confirmed_location,"Source-backed affiliation, canonical institution identity, and selected location are represented by the exported mapping lineage."
curated:14272073fa5bc0e301b5,LEGION: Learning to Ground and Explain for Synthetic Image Detection,institution:f95d5af831e91b94,SenseTime,mapping:8d8fb628af7b281ab574,Dahua Lin; Conghui He,location:f95d5af831e91b943815,Shanghai,Shanghai,China,31.1729,121.4038,confirmed,COMPLETE,curated_confirmed_location,"Source-backed affiliation, canonical institution identity, and selected location are represented by the exported mapping lineage."
curated:14272073fa5bc0e301b5,LEGION: Learning to Ground and Explain for Synthetic Image Detection,institution:fccd5d0ac9cc52f9,Shanghai Jiao Tong University,mapping:3f9548fd8f88f01e9336,Hengrui Kang; Zichen Wen; Linfeng Zhang,location:fccd5d0ac9cc52f960f2,Shanghai,Shanghai,China,31.0254,121.4331,confirmed,COMPLETE,curated_confirmed_location,"Source-backed affiliation, canonical institution identity, and selected location are represented by the exported mapping lineage."
curated:084e01a1a2191cb4c86a,LOKI: A Comprehensive Synthetic Data Detection Benchmark Using Large Multimodal Models,institution:5c85faa51cc57a24,Sun Yat-sen University,mapping:9c58f70b9631ba78c15a,Junyan Ye; Zilong Huang; Jun He; Zihao Wang; Yiping Chen; Weijia Li,location:5c85faa51cc57a24f560,Guangzhou,Guangdong,China,23.09959,113.29251,confirmed,COMPLETE,curated_confirmed_location,"Source-backed affiliation, canonical institution identity, and selected location are represented by the exported mapping lineage."
curated:084e01a1a2191cb4c86a,LOKI: A Comprehensive Synthetic Data Detection Benchmark Using Large Multimodal Models,institution:5dbb9ac6a407e079,"The Chinese University of Hong Kong, Shenzhen",mapping:08ad1aa6e889d6c2460d,Junan Zhang; Zhizheng Wu,location:5dbb9ac6a407e07971dc,Shenzhen,Guangdong,China,22.6867,114.2117,confirmed,COMPLETE,curated_confirmed_location,"Source-backed affiliation, canonical institution identity, and selected location are represented by the exported mapping lineage."
curated:084e01a1a2191cb4c86a,LOKI: A Comprehensive Synthetic Data Detection Benchmark Using Large Multimodal Models,institution:cd66beec0fcee918,Shanghai AI Laboratory,mapping:24453c3dbd25adcc7677,Junyan Ye; Baichuan Zhou; Junan Zhang; Tianyi Bai; Hengrui Kang; Honglin Lin; Zhizheng Wu; Dahua Lin; Conghui He,location:cd66beec0fcee9183075,Shanghai,Shanghai,China,31.1687,121.4559,confirmed,COMPLETE,curated_confirmed_location,"Source-backed affiliation, canonical institution identity, and selected location are represented by the exported mapping lineage."
curated:084e01a1a2191cb4c86a,LOKI: A Comprehensive Synthetic Data Detection Benchmark Using Large Multimodal Models,institution:f95d5af831e91b94,SenseTime,mapping:1e866bf80116cf3d7003,Conghui He,location:f95d5af831e91b943815,Shanghai,Shanghai,China,31.1729,121.4038,confirmed,COMPLETE,curated_confirmed_location,"Source-backed affiliation, canonical institution identity, and selected location are represented by the exported mapping lineage."
curated:084e01a1a2191cb4c86a,LOKI: A Comprehensive Synthetic Data Detection Benchmark Using Large Multimodal Models,institution:fa80d3c071c298e1,The Hong Kong University of Science and Technology,mapping:224724b0d31d72005e99,Tianyi Bai,location:fa80d3c071c298e1116a,New Territories,Hong Kong,China,22.3358031,114.2659088,confirmed,COMPLETE,curated_confirmed_location,"Source-backed affiliation, canonical institution identity, and selected location are represented by the exported mapping lineage."
curated:084e01a1a2191cb4c86a,LOKI: A Comprehensive Synthetic Data Detection Benchmark Using Large Multimodal Models,institution:ff4b6fb0e7e3f155,Chinese University of Hong Kong,mapping:858d81da9652d68ee59d,Tong Wu; Dahua Lin,location:08953a148518042d3bbb,Hong Kong,Hong Kong,China,22.4201838,114.2079145,confirmed,COMPLETE,curated_confirmed_location,"Source-backed affiliation, canonical institution identity, and selected location are represented by the exported mapping lineage."
,LOTA: Bit-Planes Guided AI-Generated Image Detection,institution:592f613084a7ca9d,Southeast University,,H M Wang; Renxi Cheng; Chaolei Han; Jie Gui,,Nanjing,,China,32.06167,118.77778,automatic_export_eligible,COMPLETE,existing_validated_automatic_location,Existing public location provenance retained; no new geocoding or independent re-review.
,LOTA: Bit-Planes Guided AI-Generated Image Detection,institution:ad9c8964d01f80d8,Shenzhen University,,Yang Zhang,,Shenzhen,,China,22.54554,114.0683,automatic_export_eligible,COMPLETE,existing_validated_automatic_location,Existing public location provenance retained; no new geocoding or independent re-review.
,LaRE<sup>2</sup>: Latent Reconstruction Error Based Method for Diffusion-Generated Image Detection,institution:3e78e883c14f8bb8,Tencent Youtu Lab,mapping:d08e1205005bf3ed2041,Yunpeng Luo; Junlong Du; Ke Yan; Shouhong Ding,location:3e78e883c14f8bb839b1,Shanghai,Shanghai,China,31.1836,121.4502,confirmed,COMPLETE,curated_confirmed_location,"Source-backed affiliation, canonical institution identity, and selected location are represented by the exported mapping lineage."
curated:3fcd3bc4dd2c9d8c3b80,Layer Consistency Matters: Elegant Latent Transition Discrepancy for Generalizable Synthetic Image Detection,institution:f6342fd457763517,Hefei University of Technology,mapping:ec16e543d8059677c7d0,Yawen Yang; Feng Li; Shuqi Kong; Yunfeng Diao; Xinjian Gao; Zenglin Shi; Meng Wang,location:f6342fd457763517e773,Hefei,Anhui,China,31.8467,117.2976,confirmed,COMPLETE,curated_confirmed_location,"Source-backed affiliation, canonical institution identity, and selected location are represented by the exported mapping lineage."
curated:e8b546496836adcf6c1a,Learning Generalizable Visual Representations for AI-Generated Image Detection,institution:584ce56aba1d421b,General Directorate of Education in Al-Qadisiyah Governorate,mapping:96b457560a6ad7f757b8,Roaa Ghanim; Nibras Hmaizah,location:19fe504e0c5fdcd60a85,Al Diwaniyah,Al-Qadisiyah,Iraq,31.99,44.93,confirmed,COMPLETE,curated_confirmed_location,"Source-backed affiliation, canonical institution identity, and selected location are represented by the exported mapping lineage."
curated:268336295435cfbbbd5d,Learning a Semantic Similarity Orthogonal Space for Model-Level AI-Generated Image Source Attribution,institution:95626cb146b52080,"DeepFuture Technology (Hengqin, Guangdong) Co., Ltd.",mapping:7bf9c52a183472fc1aaf,Yuchu Lin,location:95626cb146b520800274,Zhuhai,Guangdong,China,22.1209,113.5278,confirmed,COMPLETE,curated_confirmed_location,"Source-backed affiliation, canonical institution identity, and selected location are represented by the exported mapping lineage."
curated:268336295435cfbbbd5d,Learning a Semantic Similarity Orthogonal Space for Model-Level AI-Generated Image Source Attribution,institution:b8e44ef51464a97c,Macao Polytechnic University,mapping:5b28d700134ca9b0f000,Wei Wang,location:b8e44ef51464a97caf45,Macau,Macau,China,22.1938349,113.5515152,confirmed,COMPLETE,curated_confirmed_location,"Source-backed affiliation, canonical institution identity, and selected location are represented by the exported mapping lineage."
curated:268336295435cfbbbd5d,Learning a Semantic Similarity Orthogonal Space for Model-Level AI-Generated Image Source Attribution,institution:d8d45546142be201,Macau University of Science and Technology,mapping:3393707a2f6a5652a237,Yuchu Lin; Xinqi Jiang; Jinyu Tian,location:d8d45546142be2016b88,Macau,Macau,China,22.1526454,113.568041,confirmed,COMPLETE,curated_confirmed_location,"Source-backed affiliation, canonical institution identity, and selected location are represented by the exported mapping lineage."
,Learning on Gradients: Generalized Artifacts Representation for GAN-Generated Images Detection,institution:89ff6b9e4955819f,Signal Processing (United States),,Guanghua Gu,,Rockville,,United States,39.084,-77.15276,automatic_export_eligible,COMPLETE,existing_validated_automatic_location,Existing public location provenance retained; no new geocoding or independent re-review.
,Learning on Gradients: Generalized Artifacts Representation for GAN-Generated Images Detection,institution:bf6195b78f6dc951,Beijing Jiaotong University,,Chuangchuang Tan; Yao Zhao; Shikui Wei; Yunchao Wei,,Beijing,,China,39.9075,116.39723,automatic_export_eligible,COMPLETE,existing_validated_automatic_location,Existing public location provenance retained; no new geocoding or independent re-review.
,Learning on Gradients: Generalized Artifacts Representation for GAN-Generated Images Detection,institution:c5810afc25d178a5,Yanshan University,,Guanghua Gu,,Qinhuangdao,,China,39.94104,119.58936,automatic_export_eligible,COMPLETE,existing_validated_automatic_location,Existing public location provenance retained; no new geocoding or independent re-review.
,Learning to Disentangle GAN Fingerprint for Fake Image Attribution,institution:5fbb6e2cbdd4ea21,Renmin University of China,mapping:be69d9298c4961ccfb71,Jiaqi Ji; Xirong Li,location:5fbb6e2cbdd4ea21f83c,Beijing,Beijing,China,39.9674,116.3181,confirmed,COMPLETE,curated_confirmed_location,"Source-backed affiliation, canonical institution identity, and selected location are represented by the exported mapping lineage."
,Learning to Disentangle GAN Fingerprint for Fake Image Attribution,institution:69309405e04976ec,University of Chinese Academy of Sciences,mapping:018659b71c6b90934e10,Tianyun Yang; Juan Cao; Qiang Sheng; Lei Li; Sheng Tang,location:69309405e04976ecd5ee,Beijing,Beijing,China,39.9078,116.2523,confirmed,COMPLETE,curated_confirmed_location,"Source-backed affiliation, canonical institution identity, and selected location are represented by the exported mapping lineage."
,Learning to Disentangle GAN Fingerprint for Fake Image Attribution,institution:e278f75918ccf8a7,"Institute of Computing Technology, Chinese Academy of Sciences",mapping:9c87cdfa9bcafc81aefd,Tianyun Yang; Juan Cao; Qiang Sheng; Lei Li; Sheng Tang,location:e278f75918ccf8a7555c,Beijing,Beijing,China,39.9784,116.33,confirmed,COMPLETE,curated_confirmed_location,"Source-backed affiliation, canonical institution identity, and selected location are represented by the exported mapping lineage."
curated:56afa39191eba5bf8797,Level Up the Deepfake Detection: A Method to Effectively Discriminate Images Generated by GAN Architectures and Diffusion Models,institution:4e0158a865182393,Bank of Italy,mapping:b99ae4b11b8352e42b95,Oliver Giudice,location:9cf1e343c90c4f74c4ff,Rome,Lazio,Italy,41.897527,12.488347,confirmed,COMPLETE,curated_confirmed_location,"Source-backed affiliation, canonical institution identity, and selected location are represented by the exported mapping lineage."
curated:56afa39191eba5bf8797,Level Up the Deepfake Detection: A Method to Effectively Discriminate Images Generated by GAN Architectures and Diffusion Models,institution:fd8ba2b56bf5212d,University of Catania,mapping:ed2207a25024e73ba000,Luca Guarnera; Sebastiano Battiato,location:fd8ba2b56bf5212da236,Catania,Sicily,Italy,37.5027,15.0873,confirmed,COMPLETE,curated_confirmed_location,"Source-backed affiliation, canonical institution identity, and selected location are represented by the exported mapping lineage."
curated:0a803e244a205b05642b,Leveraging DINOv3 with Adapters for Fine-Grained Generative Image Detection,institution:1179ac01dd4eef1f,Jiangnan University,mapping:14054d1a72342d3f7f82,Hanxiang Zheng; Jiaying Lin; Haoyu Yang,location:1179ac01dd4eef1f04f7,Wuxi,Jiangsu,China,31.4851219,120.2673352,confirmed,COMPLETE,curated_confirmed_location,"Source-backed affiliation, canonical institution identity, and selected location are represented by the exported mapping lineage."
curated:7b767faa09af80414296,Leveraging Failed Samples: A Few-Shot and Training-Free Framework for Generalized Deepfake Detection,institution:966ff12833f90bb0,"Institute of Automation, Chinese Academy of Sciences",mapping:83f091cf9077e352778d,Xiaolong Zheng,location:966ff12833f90bb0ba7e,Beijing,Beijing,China,39.9826,116.3336,confirmed,COMPLETE,curated_confirmed_location,"Source-backed affiliation, canonical institution identity, and selected location are represented by the exported mapping lineage."
curated:7b767faa09af80414296,Leveraging Failed Samples: A Few-Shot and Training-Free Framework for Generalized Deepfake Detection,institution:bf6195b78f6dc951,Beijing Jiaotong University,mapping:4950ea5b530cbe094496,Shibo Yao; Renshuai Tao; Chunjie Zhang,location:bf6195b78f6dc9516f3e,Beijing,Beijing,China,39.959,116.348,confirmed,COMPLETE,curated_confirmed_location,"Source-backed affiliation, canonical institution identity, and selected location are represented by the exported mapping lineage."
curated:7b767faa09af80414296,Leveraging Failed Samples: A Few-Shot and Training-Free Framework for Generalized Deepfake Detection,institution:f23b95ce92de4591,Wuhan University,mapping:882e3fc563ac3eacf806,Chao Liang,location:f23b95ce92de459152b1,Wuhan,Hubei,China,30.5407,114.3603,confirmed,COMPLETE,curated_confirmed_location,"Source-backed affiliation, canonical institution identity, and selected location are represented by the exported mapping lineage."
curated:dcf7aae2c8590b07aff3,Leveraging Frequency Analysis for Deep Fake Image Recognition,institution:8f8dd64c6339c8ff,Ruhr University Bochum,mapping:45efaf7cffc63304402c,Joel Frank; Thorsten Eisenhofer; Lea Schönherr; Asja Fischer; Dorothea Kolossa; Thorsten Holz,location:8f8dd64c6339c8ff95bb,Bochum,North Rhine-Westphalia,Germany,51.4472,7.2603,confirmed,COMPLETE,curated_confirmed_location,"Source-backed affiliation, canonical institution identity, and selected location are represented by the exported mapping lineage."
,Leveraging Image Gradients for Robust GAN-Generated Image Detection in OSN context,institution:4269181ef8bd7d6e,"Indian Institute of Engineering Science and Technology, Shibpur",,Tanusree Ghosh; Ruchira Naskar,,Howrah,West Bengal,India,22.555,88.3064,automatic_export_eligible,COMPLETE,existing_validated_automatic_location,Existing public location provenance retained; no new geocoding or independent re-review.
curated:f4dc0d6926d1f0237453,Leveraging Representations from Intermediate Encoder-Blocks for Synthetic Image Detection,institution:f841aa8a7a0d29aa,Centre for Research and Technology Hellas,mapping:13dedcd14c3862e2e8b0,Christos Koutlis; Symeon Papadopoulos,location:2be8edf081e0c9efdf5d,Thessaloniki,Central Macedonia,Greece,40.64361,22.93086,confirmed,COMPLETE,curated_confirmed_location,"Source-backed affiliation, canonical institution identity, and selected location are represented by the exported mapping lineage."
curated:af017ea331a2238112d7,Light2Lie: Detecting Deepfake Images Using Physical Reflectance Laws,institution:f29a43c08a37e42f,Technical University of Darmstadt,,Kavita Kumari; Sasha Behrouzi; Alessandro Pegoraro; Ahmad‐Reza Sadeghi,,Darmstadt,,Germany,49.87167,8.65027,automatic_export_eligible,COMPLETE,existing_validated_automatic_location,Existing public location provenance retained; no new geocoding or independent re-review.
curated:854ae0d692bd69098142,Lightweight Detection of AIGI Based on Multi-Feature Fusion and Phased Optimization,institution:fccd5d0ac9cc52f9,Shanghai Jiao Tong University,mapping:87d2e1ef76d5f8ffe536,Yuefan Li; Xiao Zhang; Huiyuan Wang; Haoran Cui; Yishuai Zhu,location:fccd5d0ac9cc52f960f2,Shanghai,Shanghai,China,31.0254,121.4331,confirmed,COMPLETE,curated_confirmed_location,"Source-backed affiliation, canonical institution identity, and selected location are represented by the exported mapping lineage."
curated:d8df0e4505f5d38ebb28,Lightweight Image Forgery Detection via Tucker Decomposition for Efficient Edge Deployment,institution:885fab7ed0f92891,Zhengzhou University,mapping:f5d1e8057ea9b4c45fd9,Debin Liu,location:c88952ad397c3d4eea91,Zhengzhou,Henan,China,34.8214567,113.5297412,confirmed,COMPLETE,curated_confirmed_location,"Source-backed affiliation, canonical institution identity, and selected location are represented by the exported mapping lineage."
curated:d8df0e4505f5d38ebb28,Lightweight Image Forgery Detection via Tucker Decomposition for Efficient Edge Deployment,institution:e540a2485c3e954f,Huazhong University of Science and Technology,mapping:064ac92c0b7fe31fa415,Yongling Huang; L Yang; Xianjun Deng; Shuilong Wang,location:2f98d63098d9234687eb,Wuhan,Hubei,China,30.5095816,114.4093598,confirmed,COMPLETE,curated_confirmed_location,"Source-backed affiliation, canonical institution identity, and selected location are represented by the exported mapping lineage."
,LoRAX: LoRA eXpandable Networks for Continual Synthetic Image Attribution,institution:0d3d34a24da64353,Yale University,mapping:aedc5325a2ce0b18f982,Nicole Tian,location:0d3d34a24da6435314d9,New Haven,Connecticut,United States,41.3163,-72.9223,confirmed,COMPLETE,curated_confirmed_location,"Source-backed affiliation, canonical institution identity, and selected location are represented by the exported mapping lineage."
,LoRAX: LoRA eXpandable Networks for Continual Synthetic Image Attribution,institution:39fbdba5585bb3c4,MIT Lincoln Laboratory,mapping:362237aabd27819d2de7,Danielle Sullivan-Pao; Pooya Khorrami,location:39fbdba5585bb3c46190,Lexington,Massachusetts,United States,42.4597,-71.2674,confirmed,COMPLETE,curated_confirmed_location,"Source-backed affiliation, canonical institution identity, and selected location are represented by the exported mapping lineage."
curated:7a5ce57b121b69752867,LoRC: Detecting AI-Generated Images via Low-Rank Collapse in Semantic Residuals,institution:3e78e883c14f8bb8,Tencent Youtu Lab,mapping:5a2936f0c2d808fc1962,Ruoxin Chen; Bo Wang; Youchang Xiao; Shouhong Ding; Taiping Yao,location:3e78e883c14f8bb839b1,Shanghai,Shanghai,China,31.1836,121.4502,confirmed,COMPLETE,curated_confirmed_location,"Source-backed affiliation, canonical institution identity, and selected location are represented by the exported mapping lineage."
curated:7a5ce57b121b69752867,LoRC: Detecting AI-Generated Images via Low-Rank Collapse in Semantic Residuals,institution:fccd5d0ac9cc52f9,Shanghai Jiao Tong University,mapping:3b62a7b4795fac96b5e6,Haozhen Yan; Jiahui Zhan; Liqing Zhang; Jianfu Zhang,location:fccd5d0ac9cc52f960f2,Shanghai,Shanghai,China,31.0254,121.4331,confirmed,COMPLETE,curated_confirmed_location,"Source-backed affiliation, canonical institution identity, and selected location are represented by the exported mapping lineage."
,Local frequency analysis for diffusion-generated image detection,institution:17d17325e0e0dae2,Nanjing University of Aeronautics and Astronautics,,Weng Jing,,Nanjing,,China,32.06167,118.77778,automatic_export_eligible,COMPLETE,existing_validated_automatic_location,Existing public location provenance retained; no new geocoding or independent re-review.
curated:cf55e35fcf11e09fdd12,Locate-Then-Examine: Grounded Region Reasoning Improves Detection of AI-Generated Images,institution:5a28a1a99a417ba5,Ant Group,mapping:34c088b5c03969ff8a44,Yikun Ji; Yan Hong; Jun Lan; Huijia Zhu; Weiqiang Wang,location:5a28a1a99a417ba5e640,Hangzhou,Zhejiang,China,30.2613,120.1042,confirmed,COMPLETE,curated_confirmed_location,"Source-backed affiliation, canonical institution identity, and selected location are represented by the exported mapping lineage."
curated:cf55e35fcf11e09fdd12,Locate-Then-Examine: Grounded Region Reasoning Improves Detection of AI-Generated Images,institution:fccd5d0ac9cc52f9,Shanghai Jiao Tong University,mapping:a03ac5ccad450b2e6385,Yikun Ji; Bowen Deng; Liqing Zhang; Jianfu Zhang,location:fccd5d0ac9cc52f960f2,Shanghai,Shanghai,China,31.0254,121.4331,confirmed,COMPLETE,curated_confirmed_location,"Source-backed affiliation, canonical institution identity, and selected location are represented by the exported mapping lineage."
curated:5ceb080eeeacfdf0cb8f,M <sup>2</sup> EA: Multi-VAE Manifold Envelope Alignment for Challenging AI-Generated Image Detection,institution:4ae45b121fe12e9c,Tsinghua University,mapping:504a4968f9eb11dbacc3,Yuxuan Zhou; Yan Wang,location:4ae45b121fe12e9c10b4,Beijing,Beijing,China,40.0007,116.3267,confirmed,COMPLETE,curated_confirmed_location,"Source-backed affiliation, canonical institution identity, and selected location are represented by the exported mapping lineage."
curated:5ceb080eeeacfdf0cb8f,M <sup>2</sup> EA: Multi-VAE Manifold Envelope Alignment for Challenging AI-Generated Image Detection,institution:966ff12833f90bb0,"Institute of Automation, Chinese Academy of Sciences",mapping:96a52a5695846d67a4d3,Ruiqi Liu; Boyi Sun; Houxin He,location:966ff12833f90bb0ba7e,Beijing,Beijing,China,39.9826,116.3336,confirmed,COMPLETE,curated_confirmed_location,"Source-backed affiliation, canonical institution identity, and selected location are represented by the exported mapping lineage."
curated:5ceb080eeeacfdf0cb8f,M <sup>2</sup> EA: Multi-VAE Manifold Envelope Alignment for Challenging AI-Generated Image Detection,institution:d473cbf12de5fb53,Southwest University,mapping:b174ab5e8b05d86bbad8,Yi Han,location:682519f38b7e9a7c6e4d,Chongqing,Chongqing,China,29.8186857,106.4197505,confirmed,COMPLETE,curated_confirmed_location,"Source-backed affiliation, canonical institution identity, and selected location are represented by the exported mapping lineage."
curated:2c278dcd079ea27d0f73,MAID: Model Attribution via Inverse Diffusion,institution:1502cb7c96ae3095,Beijing University of Posts and Telecommunications,mapping:db10d64daaec605391b6,Luyu Zhu; Jiayu Yao; Chenxi Li; Luwen Zhao; Jie Hao,location:1502cb7c96ae3095e27b,Beijing,Beijing,China,39.962,116.358,confirmed,COMPLETE,curated_confirmed_location,"Source-backed affiliation, canonical institution identity, and selected location are represented by the exported mapping lineage."
curated:2c278dcd079ea27d0f73,MAID: Model Attribution via Inverse Diffusion,institution:3da00d58d4c97192,Commonwealth Scientific and Industrial Research Organisation,mapping:57379b0ca2796ded4d28,Derui Wang,location:11b19a7d5a729b52836b,Perth,Western Australia,Australia,-31.9495086,115.7896174,confirmed,COMPLETE,curated_confirmed_location,"Source-backed affiliation, canonical institution identity, and selected location are represented by the exported mapping lineage."
curated:2c278dcd079ea27d0f73,MAID: Model Attribution via Inverse Diffusion,institution:404cfa1ef241f359,The University of Hong Kong,mapping:043c8f41f17c996a33b1,Kai Ye,location:404cfa1ef241f359f1b3,Hong Kong,Hong Kong,China,22.283,114.137,confirmed,COMPLETE,curated_confirmed_location,"Source-backed affiliation, canonical institution identity, and selected location are represented by the exported mapping lineage."
curated:2c278dcd079ea27d0f73,MAID: Model Attribution via Inverse Diffusion,institution:70ccb485197bbb6c,National University of Singapore,mapping:e2c2d89ca68832dbd32e,Yuxin Cao,location:70ccb485197bbb6c89fd,Singapore,Singapore,Singapore,1.2959845,103.7766186,confirmed,COMPLETE,curated_confirmed_location,"Source-backed affiliation, canonical institution identity, and selected location are represented by the exported mapping lineage."
,MDTL-NET: Computer-Generated Image Detection Based on Multi-Scale Deep Texture Learning,institution:612630c2527bff83,University at Buffalo,,Shan Jia; Xinghao Jiang,,Buffalo,,United States,42.88645,-78.87837,automatic_export_eligible,COMPLETE,existing_validated_automatic_location,Existing public location provenance retained; no new geocoding or independent re-review.
,MDTL-NET: Computer-Generated Image Detection Based on Multi-Scale Deep Texture Learning,institution:ec71dc4340659fd9,City University of Hong Kong,,Qiang Xu; Shan Jia; Zhe Wang; Hong Yan,,Hong Kong,Hong Kong,China,22.2783203125,114.17469024658203,automatic_export_eligible,COMPLETE,existing_validated_automatic_location,Existing public location provenance retained; no new geocoding or independent re-review.
,MDTL-NET: Computer-Generated Image Detection Based on Multi-Scale Deep Texture Learning,institution:fccd5d0ac9cc52f9,Shanghai Jiao Tong University,,Qiang Xu; Shan Jia; Xinghao Jiang; Tanfeng Sun; Zhe Wang,,Shanghai,,China,31.222219467163086,121.45806121826172,automatic_export_eligible,COMPLETE,existing_validated_automatic_location,Existing public location provenance retained; no new geocoding or independent re-review.
curated:8e9658fa727094695be8,MIRAGE: Towards AI-Generated Image Detection in the Wild,institution:6faf58b52bec4e39,Alibaba Inc,mapping:41e042c226b68820e255,Oucheng Huang; Manxi Lin; Jiexiang Tan; Xiaoxiong Du; Yang Qiu; Junjun Zheng; Xiangheng Kong; Yuning Jiang; Bo Zheng,location:6faf58b52bec4e39e037,Hangzhou,Zhejiang,China,30.1919,120.1858,confirmed,COMPLETE,curated_confirmed_location,"Source-backed affiliation, canonical institution identity, and selected location are represented by the exported mapping lineage."
curated:828a87e68db4c3541e80,MLEP: Multi-Granularity Local Entropy Patterns for Generalized AI-Generated Image Detection,institution:7e10613327a4e264,Chongqing University of Posts and Telecommunications,mapping:df0941f36b8ba0a32018,Lin Yuan; Xiaowan Li; Yan Zhang; Jiawei Zhang; Hongbo Li; Xinbo Gao,location:7e10613327a4e264467e,Chongqing,Chongqing,China,29.5315,106.6043,confirmed,COMPLETE,curated_confirmed_location,"Source-backed affiliation, canonical institution identity, and selected location are represented by the exported mapping lineage."
,MMGANGuard: A Robust Approach for Detecting Fake Images Generated by GANs Using Multi-Model Techniques,institution:18a199cf02e2dc6e,National University of Computer and Emerging Sciences,,Syed Ali Raza; Usman Habib; Muhammad Usman; Adeel Ashraf Cheema,,Islamabad,,Pakistan,33.72148132324219,73.04328918457031,automatic_export_eligible,COMPLETE,existing_validated_automatic_location,Existing public location provenance retained; no new geocoding or independent re-review.
,MMGANGuard: A Robust Approach for Detecting Fake Images Generated by GANs Using Multi-Model Techniques,institution:8051e5f39b55dde4,University of South Wales,,Muhammad Khan,,Pontypridd,,United Kingdom,51.6021,-3.34211,automatic_export_eligible,COMPLETE,existing_validated_automatic_location,Existing public location provenance retained; no new geocoding or independent re-review.
,MSAFNet: multi-scale self-adaptive feature fusion network for AI-generated image detection,institution:85a4635e28eefe8e,Shanghai Polytechnic University,mapping:60686eee3c94769bf712,Liwei Yao; Sen Niu; Kaili Liao; Kefeng Li; Tengbo Zhao,location:85a4635e28eefe8e,Shanghai,Shanghai,China,31.22222,121.45806,confirmed,COMPLETE,curated_confirmed_location,"Source-backed affiliation, canonical institution identity, and selected location are represented by the exported mapping lineage."
,MSAFNet: multi-scale self-adaptive feature fusion network for AI-generated image detection,institution:dbc08517e4f1ed6e,Shanghai University,mapping:da0bbb0f296c10e8556f,Guobing Zou,location:dbc08517e4f1ed6e,Shanghai,Shanghai,China,31.22222,121.45806,confirmed,COMPLETE,curated_confirmed_location,"Source-backed affiliation, canonical institution identity, and selected location are represented by the exported mapping lineage."
curated:34fdf09ae334914a2723,ManiFPT: Defining and Analyzing Fingerprints of Generative Models,institution:6432056cdf12bb16,University of Southern California,mapping:3518bfe7c1e8199080fa,Hae Jin Song; Mahyar Khayatkhoei,location:6432056cdf12bb16c731,Los Angeles,California,United States,34.0224,-118.2851,confirmed,COMPLETE,curated_confirmed_location,"Source-backed affiliation, canonical institution identity, and selected location are represented by the exported mapping lineage."
curated:34fdf09ae334914a2723,ManiFPT: Defining and Analyzing Fingerprints of Generative Models,institution:c3babd97b5b38ea6,USC Information Sciences Institute,mapping:3872e222c499f932d4f3,Hae Jin Song; Mahyar Khayatkhoei,location:c3babd97b5b38ea6d07a,Marina del Rey,California,United States,33.9803,-118.4504,confirmed,COMPLETE,curated_confirmed_location,"Source-backed affiliation, canonical institution identity, and selected location are represented by the exported mapping lineage."
curated:34fdf09ae334914a2723,ManiFPT: Defining and Analyzing Fingerprints of Generative Models,institution:fa6adc95226df542,Clemson University,mapping:4487e16e4ddda3c83318,Wael AbdAlmageed,location:fa6adc95226df54229ae,Clemson,South Carolina,United States,34.6773,-82.8364,confirmed,COMPLETE,curated_confirmed_location,"Source-backed affiliation, canonical institution identity, and selected location are represented by the exported mapping lineage."
curated:4c10e64c5b8f09c7333e,Manifold Induced Biases for Zero-Shot and Few-Shot Detection of Generated Images,institution:0da909b4402f8657,Fujitsu Limited,mapping:18b7b2e2cf09af814a9a,Hisashi Kojima,location:0da909b4402f8657931a,Kawasaki,Kanagawa,Japan,35.583355,139.6400639,confirmed,COMPLETE,curated_confirmed_location,"Source-backed affiliation, canonical institution identity, and selected location are represented by the exported mapping lineage."
curated:4c10e64c5b8f09c7333e,Manifold Induced Biases for Zero-Shot and Few-Shot Detection of Generated Images,institution:90cbfdc3d90fe8a0,Fujitsu Research of Europe,mapping:99cf653dc6d4edd30427,Jonathan Brokman; Amit Giloni; Omer Hofman; Roman Vainshtein,location:90cbfdc3d90fe8a05dcd,Slough,England,United Kingdom,51.5084,-0.595,confirmed,COMPLETE,curated_confirmed_location,"Source-backed affiliation, canonical institution identity, and selected location are represented by the exported mapping lineage."
curated:4c10e64c5b8f09c7333e,Manifold Induced Biases for Zero-Shot and Few-Shot Detection of Generated Images,institution:9e5e300bb52918ca,Technion – Israel Institute of Technology,mapping:f1c26e9152e739f91d8e,Jonathan Brokman; Guy Gilboa,location:9e5e300bb52918ca2733,Haifa,Haifa District,Israel,32.7775,35.0231,confirmed,COMPLETE,curated_confirmed_location,"Source-backed affiliation, canonical institution identity, and selected location are represented by the exported mapping lineage."
curated:6dcd6897e12fe71d5b9d,Manifold-Contrastive Few-Shot Detection for AI-Generated Images,institution:8fe72087521e285a,Guangdong University of Technology,mapping:05cc129af01ff87c2e8d,Bowen Wang,location:8fe72087521e285a8c05,Guangzhou,Guangdong,China,23.0374,113.3948,confirmed,COMPLETE,curated_confirmed_location,"Source-backed affiliation, canonical institution identity, and selected location are represented by the exported mapping lineage."
,MaskGAN: A Facial Fusion Algorithm for Deepfake Image Detection,institution:1502cb7c96ae3095,Beijing University of Posts and Telecommunications,,Dazhuang Liu; Zhen Yang; Ru Zhang; Jianyi Liu,,Beijing,,China,39.9075,116.39723,automatic_export_eligible,COMPLETE,existing_validated_automatic_location,Existing public location provenance retained; no new geocoding or independent re-review.
curated:f523af1f7fe7b16fda75,MaskSim: Detection of Synthetic Images by Masked Spectrum Similarity Analysis,institution:0aed8b5908ebcd25,Institute for Pure and Applied Mathematics,mapping:b8edffece3c03a00d394,Marina Gardella,location:0aed8b5908ebcd2543da,Rio de Janeiro,Rio de Janeiro,Brazil,-22.9617,-43.216,confirmed,COMPLETE,curated_confirmed_location,"Source-backed affiliation, canonical institution identity, and selected location are represented by the exported mapping lineage."
curated:f523af1f7fe7b16fda75,MaskSim: Detection of Synthetic Images by Masked Spectrum Similarity Analysis,institution:0c5e25ec47ce33fe,Paris-Saclay University,mapping:5501406fa8ddf10f530f,Yanhao Li; Quentin Bammey; Tina Nikoukhah; Miguel Colom; Rafael Grompone von Gioi,location:0c5e25ec47ce33feefff,Gif-sur-Yvette,Île-de-France,France,48.7097,2.1658,confirmed,COMPLETE,curated_confirmed_location,"Source-backed affiliation, canonical institution identity, and selected location are represented by the exported mapping lineage."
curated:f523af1f7fe7b16fda75,MaskSim: Detection of Synthetic Images by Masked Spectrum Similarity Analysis,institution:ec71dc4340659fd9,City University of Hong Kong,mapping:b443adf5518c1b6477f8,Jean-Michel Morel,location:ec71dc4340659fd9f388,Hong Kong,Hong Kong,China,22.3374,114.173,confirmed,COMPLETE,curated_confirmed_location,"Source-backed affiliation, canonical institution identity, and selected location are represented by the exported mapping lineage."
,Mastering Deepfake Detection: A Cutting-edge Approach to Distinguish GAN and Diffusion-model Images,institution:4e0158a865182393,Bank of Italy,,Oliver Giudice,,Rome,,Italy,41.89193,12.51133,automatic_export_eligible,COMPLETE,existing_validated_automatic_location,Existing public location provenance retained; no new geocoding or independent re-review.
,Mastering Deepfake Detection: A Cutting-edge Approach to Distinguish GAN and Diffusion-model Images,institution:fd8ba2b56bf5212d,University of Catania,,Luca Guarnera; Sebastiano Battiato,,Catania,,Italy,37.49223,15.07041,automatic_export_eligible,COMPLETE,existing_validated_automatic_location,Existing public location provenance retained; no new geocoding or independent re-review.
,Methods and trends in detecting AI-generated images: A comprehensive review,institution:dbb4589b8e2f8264,Florida International University,,Arpan Mahara; Naphtali Rishe,,Miami,,United States,25.77427,-80.19366,automatic_export_eligible,COMPLETE,existing_validated_automatic_location,Existing public location provenance retained; no new geocoding or independent re-review.
,MiraGe: Multimodal Discriminative Representation Learning for Generalizable AI-Generated Image Detection,institution:f68896817b1b2d6b,University of Technology Sydney,,Kuo Shi; Jie Lü; Shanshan Ye; Guangquan Zhang; Zhen Fang,,Sydney,,Australia,-33.86785,151.20732,automatic_export_eligible,COMPLETE,existing_validated_automatic_location,Existing public location provenance retained; no new geocoding or independent re-review.
,Mirage: Unveiling Hidden Artifacts in Synthetic Images with Large Vision-Language Models,institution:d0b09c4ef698e8de,Indian Institute of Technology Roorkee,mapping:ebd210c3de86e6499c27,Pranav Sharma; Shivank Garg; Durga Toshniwal,location:d0b09c4ef698e8de34d0,Roorkee,Uttarakhand,India,29.8649,77.8965,confirmed,COMPLETE,curated_confirmed_location,"Source-backed affiliation, canonical institution identity, and selected location are represented by the exported mapping lineage."
curated:9a84f4f666bcdda92186,Mixture of Low-Rank Experts for Transferable AI-Generated Image Detection,institution:fccd5d0ac9cc52f9,Shanghai Jiao Tong University,mapping:c8bdaf3bcdd92ed9b71b,Zihan Liu; Hanyi Wang; Yaoyu Kang; Shilin Wang,location:fccd5d0ac9cc52f960f2,Shanghai,Shanghai,China,31.0254,121.4331,confirmed,COMPLETE,curated_confirmed_location,"Source-backed affiliation, canonical institution identity, and selected location are represented by the exported mapping lineage."
curated:4ad04c01ae2850d5cc34,MoFAIR: Self-Improving Post-Training for Robust and Explainable AIGC Forensics with Lightweight Reward Distillation,institution:157163d25dac880f,Communication University of China,mapping:1daa9aeb6cede2a085c6,Qingtong Liu; Xinyao Zhao; Weiguo Lin; Junjun Si; Zehua Ji,location:157163d25dac880f,Beijing,Beijing,China,39.9075,116.39723,confirmed,COMPLETE,curated_confirmed_location,"Source-backed affiliation, canonical institution identity, and selected location are represented by the exported mapping lineage."
curated:4ad04c01ae2850d5cc34,MoFAIR: Self-Improving Post-Training for Robust and Explainable AIGC Forensics with Lightweight Reward Distillation,institution:61adfe1cfbad3b19,Academy of Broadcasting Science,mapping:a4d295da0f6d98870dbc,Qingtong Liu; Ziyu Xue,location:61adfe1cfbad3b19608f,Beijing,Beijing,China,39.903631,116.347219,confirmed,COMPLETE,curated_confirmed_location,"Source-backed affiliation, canonical institution identity, and selected location are represented by the exported mapping lineage."
curated:4ad04c01ae2850d5cc34,MoFAIR: Self-Improving Post-Training for Robust and Explainable AIGC Forensics with Lightweight Reward Distillation,institution:cee70184073782c7,"Institute of Information Engineering, Chinese Academy of Sciences",mapping:cf1f715d7636b84f7397,Haichao Shi,location:cee70184073782c75a7d,Beijing,Beijing,China,39.9163,116.3385,confirmed,COMPLETE,curated_confirmed_location,"Source-backed affiliation, canonical institution identity, and selected location are represented by the exported mapping lineage."
curated:40ffd016e03ca4604fa8,Model Synthesis for Zero-Shot Model Attribution,institution:965434eee0b97685,University of Sydney,mapping:77a03ef3ec868b6fa41e,Chang Xu,location:965434eee0b97685e4b5,Sydney,New South Wales,Australia,-33.886,151.1874,confirmed,COMPLETE,curated_confirmed_location,"Source-backed affiliation, canonical institution identity, and selected location are represented by the exported mapping lineage."
curated:40ffd016e03ca4604fa8,Model Synthesis for Zero-Shot Model Attribution,institution:e278f75918ccf8a7,"Institute of Computing Technology, Chinese Academy of Sciences",mapping:0bfd8321c81ef84531d3,Tianyun Yang; Juan Cao; Danding Wang,location:e278f75918ccf8a7555c,Beijing,Beijing,China,39.9784,116.33,confirmed,COMPLETE,curated_confirmed_location,"Source-backed affiliation, canonical institution identity, and selected location are represented by the exported mapping lineage."
curated:543d02cab0479b0d19ad,"Multi-Domain Feature Fusion: Leveraging Color, Noise, and Spatial Features for AI-Generated Image Detection",institution:3391e7c855fa0e6e,University of Shanghai for Science and Technology,mapping:d290bf6f3ad95f9f9a26,Jialei Zhu; Heng Yao; Chuan Qin,location:3391e7c855fa0e6ed63b,Shanghai,Shanghai,China,31.2936,121.5528,confirmed,COMPLETE,curated_confirmed_location,"Source-backed affiliation, canonical institution identity, and selected location are represented by the exported mapping lineage."
curated:543d02cab0479b0d19ad,"Multi-Domain Feature Fusion: Leveraging Color, Noise, and Spatial Features for AI-Generated Image Detection",institution:baa1df7c4adddbda,Fudan University,mapping:23fa9dd5affcbe35c3d6,Xinpeng Zhang,location:baa1df7c4adddbda8d0b,Shanghai,Shanghai,China,31.2989,121.5018,confirmed,COMPLETE,curated_confirmed_location,"Source-backed affiliation, canonical institution identity, and selected location are represented by the exported mapping lineage."
curated:d795eb349b504332031e,Multi-Modal Adapter for AI-Generated Image Detection,institution:4fb750575364983b,Guizhou University,mapping:c843961bcda8600dfe58,Qi Wang,location:a4c294a7333342f6e8cb,Guiyang,Guizhou,China,26.4495922,106.654026,confirmed,COMPLETE,curated_confirmed_location,"Source-backed affiliation, canonical institution identity, and selected location are represented by the exported mapping lineage."
curated:d795eb349b504332031e,Multi-Modal Adapter for AI-Generated Image Detection,institution:74f77276f63e1208,North China University of Technology,mapping:eb6424ac1cdba943e393,Ying Guo; Hao Chen; Siqi Feng; Jie Liu; Wei Song,location:ec8c1b456843feed2c93,Beijing,Beijing,China,39.926778,116.2021312,confirmed,COMPLETE,curated_confirmed_location,"Source-backed affiliation, canonical institution identity, and selected location are represented by the exported mapping lineage."
curated:22c0f35b356c01cbd122,Multi-Perspective Frequency Domain Learning for Generalizable AI-Generated Image Detection,institution:77fb2ba62b721cd6,Qilu University of Technology,mapping:a4e7461b7b8e039861cc,Fuqiang Yu,location:6ce17079a9ba5c318485,Jinan,Shandong,China,36.5578144,116.805231,confirmed,COMPLETE,curated_confirmed_location,"Source-backed affiliation, canonical institution identity, and selected location are represented by the exported mapping lineage."
curated:22c0f35b356c01cbd122,Multi-Perspective Frequency Domain Learning for Generalizable AI-Generated Image Detection,institution:8fe72087521e285a,Guangdong University of Technology,mapping:dfef265e4b430172775d,Zili Xu; Jianjie Luo; Zhenguo Yang,location:8fe72087521e285a8c05,Guangzhou,Guangdong,China,23.0374,113.3948,confirmed,COMPLETE,curated_confirmed_location,"Source-backed affiliation, canonical institution identity, and selected location are represented by the exported mapping lineage."
,Multi-modal texture fusion network for detecting AI-generated images,institution:74eb5a7db0242865,Nanchang University,,Haozheng Yu; Bing Xu,,Nanchang,,China,28.68396,115.85306,automatic_export_eligible,COMPLETE,existing_validated_automatic_location,Existing public location provenance retained; no new geocoding or independent re-review.
,Multiclass AI-Generated Deepfake Face Detection Using Patch-Wise Deep Learning Model,institution:27cf878705a6b15a,Islamia University of Bahawalpur,,Shahzad Mumtaz; Muhammad Ibrahim,,Bahawalpur,,Pakistan,29.99835,73.25272,automatic_export_eligible,COMPLETE,existing_validated_automatic_location,Existing public location provenance retained; no new geocoding or independent re-review.
,Multiclass AI-Generated Deepfake Face Detection Using Patch-Wise Deep Learning Model,institution:6dc785b2ccdf142c,Satya Wacana Christian University,,Christine Dewi,,Salatiga,,Indonesia,-7.33194,110.49278,automatic_export_eligible,COMPLETE,existing_validated_automatic_location,Existing public location provenance retained; no new geocoding or independent re-review.
,Multiclass AI-Generated Deepfake Face Detection Using Patch-Wise Deep Learning Model,institution:76f485d9ab6917e6,University of Management and Technology,,Muhammad Asad Arshed; Muhammad Tanveer; Saeed Ahmad,,Lahore,,Pakistan,31.558,74.35071,automatic_export_eligible,COMPLETE,existing_validated_automatic_location,Existing public location provenance retained; no new geocoding or independent re-review.
,Multiclass AI-Generated Deepfake Face Detection Using Patch-Wise Deep Learning Model,institution:fb406af2053fceb0,Lund University,,Saeed Ahmad,,Lund,,Sweden,55.70584,13.19321,automatic_export_eligible,COMPLETE,existing_validated_automatic_location,Existing public location provenance retained; no new geocoding or independent re-review.
curated:3c22ad3ac0639bf3d2b5,Multiscale Spatial Frequency-Aware Transformer and Saturation Analysis for Universal Deepfake Detection,institution:966ff12833f90bb0,"Institute of Automation, Chinese Academy of Sciences",mapping:05eff74064b5b2b1278d,Chen Chen,location:966ff12833f90bb0ba7e,Beijing,Beijing,China,39.9826,116.3336,confirmed,COMPLETE,curated_confirmed_location,"Source-backed affiliation, canonical institution identity, and selected location are represented by the exported mapping lineage."
curated:3c22ad3ac0639bf3d2b5,Multiscale Spatial Frequency-Aware Transformer and Saturation Analysis for Universal Deepfake Detection,institution:a0aa144d9d2444cc,Princess Nourah bint Abdulrahman University,mapping:1a29a46981a791438d8a,Hadeel Alsolai,location:a0aa144d9d2444ccbf05,Riyadh,Riyadh,Saudi Arabia,24.847,46.7261,confirmed,COMPLETE,curated_confirmed_location,"Source-backed affiliation, canonical institution identity, and selected location are represented by the exported mapping lineage."
curated:3c22ad3ac0639bf3d2b5,Multiscale Spatial Frequency-Aware Transformer and Saturation Analysis for Universal Deepfake Detection,institution:a239b6e2cb8473ef,Nanjing University of Science and Technology,mapping:e55552988cd2e6731008,Kaiwen Xu; Yichao Zhou; Yang Xu,location:a239b6e2cb8473ef0466,Nanjing,Jiangsu,China,32.031826,118.8521427,confirmed,COMPLETE,curated_confirmed_location,"Source-backed affiliation, canonical institution identity, and selected location are represented by the exported mapping lineage."
curated:3c22ad3ac0639bf3d2b5,Multiscale Spatial Frequency-Aware Transformer and Saturation Analysis for Universal Deepfake Detection,institution:c055ca96e505b797,Nottingham Trent University,mapping:f901d1f63d0e8d6b5b3f,Shahid Mumtaz,location:c055ca96e505b797b919,Nottingham,Nottinghamshire,United Kingdom,52.9563,-1.1514,confirmed,COMPLETE,curated_confirmed_location,"Source-backed affiliation, canonical institution identity, and selected location are represented by the exported mapping lineage."
curated:3c22ad3ac0639bf3d2b5,Multiscale Spatial Frequency-Aware Transformer and Saturation Analysis for Universal Deepfake Detection,institution:f060d61d546153f2,Beijing University of Technology,mapping:f80085a4d76f2db8ab48,Xiyuan Hu,location:f060d61d546153f2f285,Beijing,Beijing,China,39.8739144,116.4772024,confirmed,COMPLETE,curated_confirmed_location,"Source-backed affiliation, canonical institution identity, and selected location are represented by the exported mapping lineage."
,Navigating the Challenges of AI-Generated Image Detection in the Wild: What Truly Matters?,institution:f841aa8a7a0d29aa,Centre for Research and Technology Hellas,,Despina Konstantinidou; Dimitrios Karageorgiou; Christos Koutlis; Olga Papadopoulou; Emmanouil Schinas; Symeon Papadopoulos,,Thessaloniki,,Greece,40.64361,22.93086,automatic_export_eligible,COMPLETE,existing_validated_automatic_location,Existing public location provenance retained; no new geocoding or independent re-review.
curated:cda6067db322246e8195,No Detector to Rule Them All,institution:6e9fae05d0f9bbc3,Center for Artificial Intelligence,mapping:987669e1fe206e8a15e1,Alan Perotti; Mirko Zaffaroni,location:e552dcde2232ada52049,Turin,Piedmont,Italy,45.0737,7.6619,confirmed,COMPLETE,curated_confirmed_location,"Source-backed affiliation, canonical institution identity, and selected location are represented by the exported mapping lineage."
curated:cda6067db322246e8195,No Detector to Rule Them All,institution:bce986d0881eaaed,Polytechnic Institute of Turin,mapping:f3df7a2814f65d414cb3,Marco Nurisso,location:76fe06e6e902ed21512e,Turin,Piedmont,Italy,45.06278,7.66278,confirmed,COMPLETE,curated_confirmed_location,"Source-backed affiliation, canonical institution identity, and selected location are represented by the exported mapping lineage."
,No One Can Escape: A General Approach to Detect Tampered and Generated Image,institution:0c402f0a171364b7,The State Information Center,mapping:abe5ccc739b97c9c2b4d,Zhiqiang Wang,location:fd9e61513be0a444846d,Beijing,Beijing,China,39.908268,116.33617,confirmed,COMPLETE,curated_confirmed_location,"Source-backed affiliation, canonical institution identity, and selected location are represented by the exported mapping lineage."
,No One Can Escape: A General Approach to Detect Tampered and Generated Image,institution:43ae05e86afd56bd,Xidian University,mapping:5f69529808d73ab3c2af,Kejun Zhang; Liang Yu; Xinxin Li,location:43ae05e86afd56bdb3af,Xi'an,Shaanxi,China,34.125,108.829,confirmed,COMPLETE,curated_confirmed_location,"Source-backed affiliation, canonical institution identity, and selected location are represented by the exported mapping lineage."
,No One Can Escape: A General Approach to Detect Tampered and Generated Image,institution:a8472ecf227d6190,Beijing Electronic Science and Technology Institute,mapping:d033a29aa53b8d04563c,Jianyi Zhang,location:b38f8133a98e1c2090d3,Beijing,Beijing,China,39.83845,116.28094,confirmed,COMPLETE,curated_confirmed_location,"Source-backed affiliation, canonical institution identity, and selected location are represented by the exported mapping lineage."
curated:506d44d3feea2627dd42,No Pixel Left Behind: A Detail-Preserving Architecture for Robust High-Resolution AI-Generated Image Detection,institution:e433baf78e80004b,Zhejiang University,mapping:feca32b05c7460296756,Lianrui Mu; Haoji Hu; Xingze Zou; Jianhong Bai; Jiaqi Hu,location:e433baf78e80004bdaba,Hangzhou,Zhejiang,China,30.3083,120.0867,confirmed,COMPLETE,curated_confirmed_location,"Source-backed affiliation, canonical institution identity, and selected location are represented by the exported mapping lineage."
,Noise-Informed Diffusion-Generated Image Detection With Anomaly Attention,institution:0af8b0b3be8e7963,Nanjing University of Information Science and Technology,mapping:2a3b8d1dde76c8b84a03,Ziwen He,location:0af8b0b3be8e7963fda8,Nanjing,Jiangsu,China,32.2072,118.7217,confirmed,COMPLETE,curated_confirmed_location,"Source-backed affiliation, canonical institution identity, and selected location are represented by the exported mapping lineage."
,Noise-Informed Diffusion-Generated Image Detection With Anomaly Attention,institution:157163d25dac880f,Communication University of China,mapping:7343d776f1c6afcd4b91,Haonan Cheng,location:157163d25dac880f,Beijing,Beijing,China,39.9075,116.39723,confirmed,COMPLETE,curated_confirmed_location,"Source-backed affiliation, canonical institution identity, and selected location are represented by the exported mapping lineage."
,Noise-Informed Diffusion-Generated Image Detection With Anomaly Attention,institution:69309405e04976ec,University of Chinese Academy of Sciences,mapping:744ef9fd6106fdf09ebd,Weinan Guan,location:69309405e04976ecd5ee,Beijing,Beijing,China,39.9078,116.2523,confirmed,COMPLETE,curated_confirmed_location,"Source-backed affiliation, canonical institution identity, and selected location are represented by the exported mapping lineage."
,Noise-Informed Diffusion-Generated Image Detection With Anomaly Attention,institution:966ff12833f90bb0,"Institute of Automation, Chinese Academy of Sciences",mapping:af2660fee7bbcd4eb11f,Weinan Guan; Wei Wang; Bo Peng; Jing Dong,location:966ff12833f90bb0ba7e,Beijing,Beijing,China,39.9826,116.3336,confirmed,COMPLETE,curated_confirmed_location,"Source-backed affiliation, canonical institution identity, and selected location are represented by the exported mapping lineage."
curated:89f7a674fe872806006b,ODDN: Addressing Unpaired Data Challenges in Open-World Deepfake Detection on Online Social Networks,institution:bf6195b78f6dc951,Beijing Jiaotong University,mapping:b0775f7a832e87f3136b,Renshuai Tao; M. Le; C. Kenneth Tan; Huan Liu; Haotong Qin; Yao Zhao,location:bf6195b78f6dc9516f3e,Beijing,Beijing,China,39.959,116.348,confirmed,COMPLETE,curated_confirmed_location,"Source-backed affiliation, canonical institution identity, and selected location are represented by the exported mapping lineage."
curated:fe42bad5f72f9f6858c5,Omni-Fake: Benchmarking Unified Multimodal Social Media Deepfake Detection,institution:369f8175eaa84de6,University of Exeter,mapping:d246b65f7bc657ac85a1,Zeyu Fu,location:1cba98ba2fa177f13b02,Quethiock,England,United Kingdom,50.7369372,-3.5347349,confirmed,COMPLETE,curated_confirmed_location,"Source-backed affiliation, canonical institution identity, and selected location are represented by the exported mapping lineage."
curated:fe42bad5f72f9f6858c5,Omni-Fake: Benchmarking Unified Multimodal Social Media Deepfake Detection,institution:5dbb9ac6a407e079,"The Chinese University of Hong Kong, Shenzhen",mapping:37832cb186ce24f33da6,Baoyuan Wu,location:5dbb9ac6a407e07971dc,Shenzhen,Guangdong,China,22.6867,114.2117,confirmed,COMPLETE,curated_confirmed_location,"Source-backed affiliation, canonical institution identity, and selected location are represented by the exported mapping lineage."
curated:fe42bad5f72f9f6858c5,Omni-Fake: Benchmarking Unified Multimodal Social Media Deepfake Detection,institution:6897907a26009a77,University of Liverpool,mapping:10fc97957d44ff363c83,Tianxiao Li; Zhenglin Huang; Haiquan Wen; Yiwei He; Xinze Li; Bingyu Zhu; Wuhui Duan; Congang Chen; Yi Dong; Guangliang Cheng,location:d564b7982f0ffa548978,Liverpool,England,United Kingdom,53.4072429,-2.9658326,confirmed,COMPLETE,curated_confirmed_location,"Source-backed affiliation, canonical institution identity, and selected location are represented by the exported mapping lineage."
curated:fe42bad5f72f9f6858c5,Omni-Fake: Benchmarking Unified Multimodal Social Media Deepfake Detection,institution:c111feb812f1a7ed,Nanyang Technological University,mapping:58921f4d9d84358ac798,Xiangtai Li,location:c111feb812f1a7ed9465,Singapore,Singapore,Singapore,1.3483,103.6831,confirmed,COMPLETE,curated_confirmed_location,"Source-backed affiliation, canonical institution identity, and selected location are represented by the exported mapping lineage."
curated:4b5ef3aeb56177a90939,On Attribution of Deepfakes,institution:0418834df0ffcdf2,University of Cambridge,mapping:0b1477e193d59a455b9d,Ilia Shumailov,location:0418834df0ffcdf25978,Cambridge,Cambridgeshire,United Kingdom,52.2053,0.1132,confirmed,COMPLETE,curated_confirmed_location,"Source-backed affiliation, canonical institution identity, and selected location are represented by the exported mapping lineage."
curated:4b5ef3aeb56177a90939,On Attribution of Deepfakes,institution:6a892bbe4ee57122,University of Toronto,mapping:333364a0c1c4f010722e,Baiwu Zhang; Jin Peng Zhou; Ilia Shumailov; Nicolas Papernot,location:6a892bbe4ee5712254e8,Toronto,Ontario,Canada,43.6635,-79.3958,confirmed,COMPLETE,curated_confirmed_location,"Source-backed affiliation, canonical institution identity, and selected location are represented by the exported mapping lineage."
curated:4b5ef3aeb56177a90939,On Attribution of Deepfakes,institution:dc213653c8edb0fa,Vector Institute,mapping:7aaea612dbef90a4256e,Baiwu Zhang; Jin Peng Zhou; Ilia Shumailov; Nicolas Papernot,location:dc213653c8edb0fafce7,Toronto,Ontario,Canada,43.6532,-79.3832,confirmed,COMPLETE,curated_confirmed_location,"Source-backed affiliation, canonical institution identity, and selected location are represented by the exported mapping lineage."
curated:a35e111d52c6ad788ef7,On the Detection of Synthetic Images Generated by Diffusion Models,institution:8d4321d936320802,NVIDIA,mapping:34f5349ebec9401a4f45,Koki Nagano,location:e26ebc2442f89b474be3,Hillsboro,Oregon,United States,45.5344957,-122.886274,confirmed,COMPLETE,curated_confirmed_location,"Source-backed affiliation, canonical institution identity, and selected location are represented by the exported mapping lineage."
curated:a35e111d52c6ad788ef7,On the Detection of Synthetic Images Generated by Diffusion Models,institution:d046d2c57bb3a863,University of Naples Federico II,mapping:9721d804ebc7376687c1,Riccardo Corvi; Davide Cozzolino; Giada Zingarini; Giovanni Poggi; Luisa Verdoliva,location:d046d2c57bb3a863a89a,Naples,Campania,Italy,40.8463,14.2572,confirmed,COMPLETE,curated_confirmed_location,"Source-backed affiliation, canonical institution identity, and selected location are represented by the exported mapping lineage."
curated:8603d8942c241dd876ed,On the Exploitation of DCT-Traces in the Generative-AI Domain,institution:fd8ba2b56bf5212d,University of Catania,mapping:1e6c5f6603baf2853073,Orazio Pontorno; Luca Guarnera; Sebastiano Battiato,location:fd8ba2b56bf5212da236,Catania,Sicily,Italy,37.5027,15.0873,confirmed,COMPLETE,curated_confirmed_location,"Source-backed affiliation, canonical institution identity, and selected location are represented by the exported mapping lineage."
curated:56cb44d373ab183b7df9,On the Use of Mixup Augmentation for Synthetic Image Attribution in the Wild,institution:65dbfd1e022f02e2,University of Siena,mapping:855d3030f4c5daec9da0,Jun Wang; Benedetta Tondi; Mauro Barni,location:65dbfd1e022f02e2ac68,Siena,Toscany,Italy,43.3191,11.3328,confirmed,COMPLETE,curated_confirmed_location,"Source-backed affiliation, canonical institution identity, and selected location are represented by the exported mapping lineage."
,On the use of Benford's law to detect GAN-generated images,institution:1ee9da20656fd88b,Politecnico di Milano,,Nicolò Bonettini; Paolo Bestagini; Stefano Tubaro,,Milan,,Italy,45.46427,9.18951,automatic_export_eligible,COMPLETE,existing_validated_automatic_location,Existing public location provenance retained; no new geocoding or independent re-review.
,On the use of Benford's law to detect GAN-generated images,institution:ac88e2afb065388b,University of Padua,,Simone Milani,,Padua,,Italy,45.40797,11.88586,automatic_export_eligible,COMPLETE,existing_validated_automatic_location,Existing public location provenance retained; no new geocoding or independent re-review.
curated:16646ad4b7b77cde2ad8,One for All: Synthesis-Free Fingerprint Learning for Attribution of In-the-Wild Synthetic Images,institution:42fcf4ae44e1a706,University of Florence,mapping:46ad67f8b0f46d763505,Jianwei Fei; Dasara Shullani; Daniele Baracchi; Alessandro Piva,location:42fcf4ae44e1a706454c,Florence,Tuscany,Italy,43.7779,11.2591,confirmed,COMPLETE,curated_confirmed_location,"Source-backed affiliation, canonical institution identity, and selected location are represented by the exported mapping lineage."
curated:16646ad4b7b77cde2ad8,One for All: Synthesis-Free Fingerprint Learning for Attribution of In-the-Wild Synthetic Images,institution:5c85faa51cc57a24,Sun Yat-sen University,mapping:1d6182f3b080c78a5d64,Yunshu Dai,location:5c85faa51cc57a24f560,Guangzhou,Guangdong,China,23.09959,113.29251,confirmed,COMPLETE,curated_confirmed_location,"Source-backed affiliation, canonical institution identity, and selected location are represented by the exported mapping lineage."
curated:16646ad4b7b77cde2ad8,One for All: Synthesis-Free Fingerprint Learning for Attribution of In-the-Wild Synthetic Images,institution:8632718a2c1444c6,Jinan University,mapping:0d4dc179a09bb89f290b,Peipeng Yu; Zhihua Xia,location:8632718a2c1444c6cc38,Guangzhou,Guangdong,China,23.1335,113.3419,confirmed,COMPLETE,curated_confirmed_location,"Source-backed affiliation, canonical institution identity, and selected location are represented by the exported mapping lineage."
,Online Detection of AI-Generated Images,institution:a3c0c022b00a11a5,Adobe Systems (United States),,David C. Epstein; Ishan Jain; Oliver Wang; Richard Zhang,,San Jose,,United States,37.33939,-121.89496,automatic_export_eligible,COMPLETE,existing_validated_automatic_location,Existing public location provenance retained; no new geocoding or independent re-review.
,Open Set Classification of GAN-Based Image Manipulations via a ViT-Based Hybrid Architecture,institution:65dbfd1e022f02e2,University of Siena,,Jun Wang; Omran Alamayreh; Benedetta Tondi; Mauro Barni,,Siena,,Italy,43.31821823120117,11.330639839172363,automatic_export_eligible,COMPLETE,existing_validated_automatic_location,Existing public location provenance retained; no new geocoding or independent re-review.
curated:5a91cc922c8a3c4c3d0c,Open Set Synthetic Image Source Attribution,institution:e0fc2ffb269489e7,Drexel University,mapping:857be8ae1d8a601ad693,Shengbang Fang; Tai D. Nguyen; Matthew C. Stamm,location:e0fc2ffb269489e70cd7,Philadelphia,Philadelphia,United States,39.9566,-75.1899,confirmed,COMPLETE,curated_confirmed_location,"Source-backed affiliation, canonical institution identity, and selected location are represented by the exported mapping lineage."
curated:ffa24185c2c870a44bde,OpenFake: An Open Dataset and Platform Toward Real-World Deepfake Detection,institution:7365674b49d794c0,Université de Montréal,mapping:5fd415bee745ecba0d6e,Andreea Musulan; Jean-François Godbout,location:a3314ec38e3d7af2d2ed,Montreal,Quebec,Canada,45.5226883,-73.6198305,confirmed,COMPLETE,curated_confirmed_location,"Source-backed affiliation, canonical institution identity, and selected location are represented by the exported mapping lineage."
curated:ffa24185c2c870a44bde,OpenFake: An Open Dataset and Platform Toward Real-World Deepfake Detection,institution:a4967ac8ddffe56e,Institute for Data Valorization,mapping:db93c4839d0faeb9ec93,Andreea Musulan,location:3df3081996787e6631e4,Montreal,Quebec,Canada,45.52419,-73.62186,confirmed,COMPLETE,curated_confirmed_location,"Source-backed affiliation, canonical institution identity, and selected location are represented by the exported mapping lineage."
curated:ffa24185c2c870a44bde,OpenFake: An Open Dataset and Platform Toward Real-World Deepfake Detection,institution:e9687e710c08b33b,Mila - Quebec Artificial Intelligence Institute,mapping:49924e64e4b9fb2bee62,Victor Livernoche; Akshatha Arodi; Andreea Musulan; Zachary Yang; Adam Salvail; Gaétan Marceau Caron; Jean-François Godbout; Reihaneh Rabbany,location:4cd0230711e64beddaec,Montreal,Quebec,Canada,45.53067,-73.61375,confirmed,COMPLETE,curated_confirmed_location,"Source-backed affiliation, canonical institution identity, and selected location are represented by the exported mapping lineage."
curated:ffa24185c2c870a44bde,OpenFake: An Open Dataset and Platform Toward Real-World Deepfake Detection,institution:f138c3615bfbd805,McGill University,mapping:be8c9be85ab62729a3c3,Victor Livernoche; Zachary Yang; Reihaneh Rabbany,location:cb598c73c9cecae65c91,Montreal,Quebec,Canada,45.5068861,-73.5787118,confirmed,COMPLETE,curated_confirmed_location,"Source-backed affiliation, canonical institution identity, and selected location are represented by the exported mapping lineage."
curated:4b3b8e9895b44de7c752,OpenSDI: Spotting Diffusion-Generated Images in the Open World,institution:a0c3927e4ddb3a39,University of Southampton,mapping:d0fb97f3de9fcd31ef4d,Zhiwu Huang,location:a0c3927e4ddb3a39da1e,Southampton,England,United Kingdom,50.9344,-1.3958,confirmed,COMPLETE,curated_confirmed_location,"Source-backed affiliation, canonical institution identity, and selected location are represented by the exported mapping lineage."
curated:4b3b8e9895b44de7c752,OpenSDI: Spotting Diffusion-Generated Images in the Open World,institution:afc29be68ac419be,Xi'an Jiaotong University,mapping:53917c7773fa0aa52db8,Yabin Wang,location:afc29be68ac419bed0ee,Xi’an,Shaanxi,China,34.2467,108.9839,confirmed,COMPLETE,curated_confirmed_location,"Source-backed affiliation, canonical institution identity, and selected location are represented by the exported mapping lineage."
curated:4b3b8e9895b44de7c752,OpenSDI: Spotting Diffusion-Generated Images in the Open World,institution:fe438b1c7662476f,Harbin Institute of Technology,mapping:678e9955e658dec6e893,Xiaopeng Hong,location:fe438b1c7662476fc651,Harbin,Heilongjiang,China,45.7469,126.632,confirmed,COMPLETE,curated_confirmed_location,"Source-backed affiliation, canonical institution identity, and selected location are represented by the exported mapping lineage."
,Optimized Frequency Collaborative Strategy Drives AI Image Detection,institution:985443a2d7239406,Beijing Academy of Artificial Intelligence,,Jun Li; Wentao Jiang; Liyan Shen; Yawei Ren,,Beijing,,China,39.99357223510742,116.3315200805664,automatic_export_eligible,COMPLETE,existing_validated_automatic_location,Existing public location provenance retained; no new geocoding or independent re-review.
,Optimized Frequency Collaborative Strategy Drives AI Image Detection,institution:b8150f32ccd21738,Innovation Team (China),,Jun Li; Wentao Jiang; Liyan Shen; Yawei Ren,,Hong Kong,,China,22.363998413085938,114.1185302734375,automatic_export_eligible,COMPLETE,existing_validated_automatic_location,Existing public location provenance retained; no new geocoding or independent re-review.
,Optimized Frequency Collaborative Strategy Drives AI Image Detection,institution:ea6661ca99f0c1aa,Beijing Information Science & Technology University,,Jun Li; Wentao Jiang; Liyan Shen; Yawei Ren,,Beijing,,China,39.907501220703125,116.39723205566406,automatic_export_eligible,COMPLETE,existing_validated_automatic_location,Existing public location provenance retained; no new geocoding or independent re-review.
curated:0b2081f70faaf81278dc,Organic or Diffused: Can We Distinguish Human Art from AI-Generated Images?,institution:7d7f56dced000a09,University of Chicago,mapping:9d901bfed4e78dedd3b5,Anna Yoo Jeong Ha; Josephine Passananti; Ronik Bhaskar; Shawn Shan; Haitao Zheng; Ben Y. Zhao,location:7d7f56dced000a0989a3,Chicago,Illinois,United States,41.7897,-87.5997,confirmed,COMPLETE,curated_confirmed_location,"Source-backed affiliation, canonical institution identity, and selected location are represented by the exported mapping lineage."
curated:1f9d168cc6c4c445a231,Orthogonal Subspace Decomposition for Generalizable AI-Generated Image Detection,institution:3e78e883c14f8bb8,Tencent Youtu Lab,mapping:534a2e8014547d4a8eab,Zhiyuan Yan; Jiangming Wang; Ke-Yue Zhang; Shen Chen; Taiping Yao; Shouhong Ding,location:3e78e883c14f8bb839b1,Shanghai,Shanghai,China,31.1836,121.4502,confirmed,COMPLETE,curated_confirmed_location,"Source-backed affiliation, canonical institution identity, and selected location are represented by the exported mapping lineage."
curated:1f9d168cc6c4c445a231,Orthogonal Subspace Decomposition for Generalizable AI-Generated Image Detection,institution:5dbb9ac6a407e079,"The Chinese University of Hong Kong, Shenzhen",mapping:876eaa74ea0010133ba2,Baoyuan Wu,location:5dbb9ac6a407e07971dc,Shenzhen,Guangdong,China,22.6867,114.2117,confirmed,COMPLETE,curated_confirmed_location,"Source-backed affiliation, canonical institution identity, and selected location are represented by the exported mapping lineage."
curated:1f9d168cc6c4c445a231,Orthogonal Subspace Decomposition for Generalizable AI-Generated Image Detection,institution:6346b1a9c3b5ccd7,Peking University Shenzhen Graduate School,mapping:5ce275d62264311d7971,Zhiyuan Yan; Peng Jin; Chengchun Liu; Li Yuan,location:6346b1a9c3b5ccd791ab,Shenzhen,Guangdong,China,22.5996,113.9733,confirmed,COMPLETE,curated_confirmed_location,"Source-backed affiliation, canonical institution identity, and selected location are represented by the exported mapping lineage."
curated:a570863c3a6ac227b56c,PGC: Peak-Guided Calibration for Generalizable AI-Generated Image Detection,institution:42fcf4ae44e1a706,University of Florence,mapping:ae746b3b0e26560ce931,Jianwei Fei,location:42fcf4ae44e1a706454c,Florence,Tuscany,Italy,43.7779,11.2591,confirmed,COMPLETE,curated_confirmed_location,"Source-backed affiliation, canonical institution identity, and selected location are represented by the exported mapping lineage."
curated:a570863c3a6ac227b56c,PGC: Peak-Guided Calibration for Generalizable AI-Generated Image Detection,institution:8632718a2c1444c6,Jinan University,mapping:b604ee5eb2afb3ce4762,Xiaoyu Zhou; Peipeng Yu; Chong Cheng; Zhihua Xia,location:8632718a2c1444c6cc38,Guangzhou,Guangdong,China,23.1335,113.3419,confirmed,COMPLETE,curated_confirmed_location,"Source-backed affiliation, canonical institution identity, and selected location are represented by the exported mapping lineage."
curated:a570863c3a6ac227b56c,PGC: Peak-Guided Calibration for Generalizable AI-Generated Image Detection,institution:8fe72087521e285a,Guangdong University of Technology,mapping:86211d090f31f84cc6c5,Jingchang Xie,location:8fe72087521e285a8c05,Guangzhou,Guangdong,China,23.0374,113.3948,confirmed,COMPLETE,curated_confirmed_location,"Source-backed affiliation, canonical institution identity, and selected location are represented by the exported mapping lineage."
curated:985a663b6aa851a89f6c,PPM-CLIP: Probabilistic Prompt Modeling for Generalizable AI-Generated Image Detection,institution:5839630406e565cf,Truesight Technology Co. Ltd,mapping:a983e21a5b6818a7d5de,Zhihui Liu,location:7078e2c47a427b8080a9,Xiamen,Fujian,China,24.6038,118.0516,confirmed,COMPLETE,curated_confirmed_location,"Source-backed affiliation, canonical institution identity, and selected location are represented by the exported mapping lineage."
curated:985a663b6aa851a89f6c,PPM-CLIP: Probabilistic Prompt Modeling for Generalizable AI-Generated Image Detection,institution:929ddef9540ec1e7,Xiamen University,mapping:67b94bb18ca8239c9bbb,Xinyuan Wang; Yingxin Lai; Zhiming Luo,location:929ddef9540ec1e76a47,Xiamen,Fujian,China,24.4389,118.0947,confirmed,COMPLETE,curated_confirmed_location,"Source-backed affiliation, canonical institution identity, and selected location are represented by the exported mapping lineage."
curated:985a663b6aa851a89f6c,PPM-CLIP: Probabilistic Prompt Modeling for Generalizable AI-Generated Image Detection,institution:929ddef9540ec1e7,Xiamen University,mapping:73fa24d4a95b514614ac,Zhiming Luo,location:929ddef9540ec1e76a47,Xiamen,Fujian,China,24.4389,118.0947,confirmed,COMPLETE,curated_confirmed_location,"Source-backed affiliation, canonical institution identity, and selected location are represented by the exported mapping lineage."
curated:f6ad15b01df18aadfe1a,PRADA: Probability-Ratio-Based Attribution and Detection of Autoregressive-Generated Images,institution:8f8dd64c6339c8ff,Ruhr University Bochum,mapping:1613d6c1f5d42d2a169f,Simon Damm; Jonas Ricker; Henning Petzka; Asja Fischer,location:8f8dd64c6339c8ff95bb,Bochum,North Rhine-Westphalia,Germany,51.4472,7.2603,confirmed,COMPLETE,curated_confirmed_location,"Source-backed affiliation, canonical institution identity, and selected location are represented by the exported mapping lineage."
curated:6084dd31e74901dd4700,PURE: Purging Unrelated Representations for Content-Agnostic Forgery Detection,institution:97cd630784a77fa2,University of Arkansas,mapping:908ae7440bb559423e4e,Xintao Wu,location:4859af0b637fe589e038,Fayetteville,Arkansas,United States,36.0970389,-94.1703322,source_backed_preliminary,COMPLETE,curated_confirmed_location,"Source-backed affiliation, canonical institution identity, and selected location are represented by the exported mapping lineage."
curated:6084dd31e74901dd4700,PURE: Purging Unrelated Representations for Content-Agnostic Forgery Detection,institution:9a09450f0dd87db7,Baylor University,mapping:b5edc2679f839e343466,Xinyu Wu; Dong Li; Chen Zhao,location:5a326583ec825089323d,Waco,Texas,United States,31.5504341,-97.1102906,source_backed_preliminary,COMPLETE,curated_confirmed_location,"Source-backed affiliation, canonical institution identity, and selected location are represented by the exported mapping lineage."
curated:6084dd31e74901dd4700,PURE: Purging Unrelated Representations for Content-Agnostic Forgery Detection,institution:9ed23c2db75b5eee,Tianjin University,mapping:5c6bdc0ef72acadb603a,Minglai Shao,location:2643af0894d6a0a2338d,Tianjin,Tianjin,China,39.11019,117.170393,source_backed_preliminary,COMPLETE,curated_confirmed_location,"Source-backed affiliation, canonical institution identity, and selected location are represented by the exported mapping lineage."
curated:6084dd31e74901dd4700,PURE: Purging Unrelated Representations for Content-Agnostic Forgery Detection,institution:db8c104cf01b1e84,Southern Illinois University,mapping:de40a49aec4c27e8e529,Zhong Chen,location:25ebceb27ae09133e0e4,Edwardsville,Illinois,United States,38.7941616,-90.0002789,source_backed_preliminary,COMPLETE,curated_confirmed_location,"Source-backed affiliation, canonical institution identity, and selected location are represented by the exported mapping lineage."
curated:c3041d4480f5780e7492,Parents and Children: Distinguishing Multimodal Deepfakes from Natural Images,institution:117fcda9a6399108,University of Modena and Reggio Emilia,mapping:eac1cd4ad61ad496b07a,Roberto Amoroso; Davide Morelli; Marcella Cornia; Lorenzo Baraldi; Rita Cucchiara,location:117fcda9a639910897cc,Modena,Emilia-Romagna,Italy,44.6464,10.925,confirmed,COMPLETE,curated_confirmed_location,"Source-backed affiliation, canonical institution identity, and selected location are represented by the exported mapping lineage."
curated:c3041d4480f5780e7492,Parents and Children: Distinguishing Multimodal Deepfakes from Natural Images,institution:3ec8d9fa829f5777,University of Pisa,mapping:0cf783627f29dfc9bb70,Davide Morelli,location:3ec8d9fa829f57771f7d,Pisa,Tuscany,Italy,43.7156,10.4017,confirmed,COMPLETE,curated_confirmed_location,"Source-backed affiliation, canonical institution identity, and selected location are represented by the exported mapping lineage."
curated:c3041d4480f5780e7492,Parents and Children: Distinguishing Multimodal Deepfakes from Natural Images,institution:42fcf4ae44e1a706,University of Florence,mapping:edcde8480356a88ac85c,Alberto Del Bimbo,location:42fcf4ae44e1a706454c,Florence,Tuscany,Italy,43.7779,11.2591,confirmed,COMPLETE,curated_confirmed_location,"Source-backed affiliation, canonical institution identity, and selected location are represented by the exported mapping lineage."
curated:c3041d4480f5780e7492,Parents and Children: Distinguishing Multimodal Deepfakes from Natural Images,institution:44fbaa4433d00f61,Institute of Informatics and Telematics of the National Research Council of Italy,mapping:fccbf7fc5a5f2e2997ed,Rita Cucchiara,location:83d73034ba6ecd5f2c61,Pisa,Tuscany,Italy,43.71884,10.42521,confirmed,COMPLETE,curated_confirmed_location,"Source-backed affiliation, canonical institution identity, and selected location are represented by the exported mapping lineage."
,PatchCraft: Exploring Texture Patch for Efficient AI-generated Image Detection,institution:baa1df7c4adddbda,Fudan University,,"Nan Zhong; Yiran Xu; Li, Sheng; Zhenxing Qian; Xinpeng Zhang",,Shanghai,,China,31.22222,121.45806,automatic_export_eligible,COMPLETE,existing_validated_automatic_location,Existing public location provenance retained; no new geocoding or independent re-review.
,Penny-Wise and Pound-Foolish in AI-Generated Image Detection,institution:a0c3927e4ddb3a39,University of Southampton,,Zhiwu Huang; Adam Prugel-Bennett,,Southampton,,United Kingdom,50.90395,-1.40428,automatic_export_eligible,COMPLETE,existing_validated_automatic_location,Existing public location provenance retained; no new geocoding or independent re-review.
,Penny-Wise and Pound-Foolish in AI-Generated Image Detection,institution:afc29be68ac419be,Xi'an Jiaotong University,,Zhou Su,,Xi'an,,China,34.25833,108.92861,automatic_export_eligible,COMPLETE,existing_validated_automatic_location,Existing public location provenance retained; no new geocoding or independent re-review.
,Penny-Wise and Pound-Foolish in AI-Generated Image Detection,institution:fe438b1c7662476f,Harbin Institute of Technology,,Yabin Wang; Xiaopeng Hong,,Harbin,,China,45.75,126.6500015258789,automatic_export_eligible,COMPLETE,existing_validated_automatic_location,Existing public location provenance retained; no new geocoding or independent re-review.
curated:3b0a1942ac6f2c351f34,PhyTrace: Tracing Physical Inconsistency in AI-Generated Images via ISP Emulation,institution:46e4866d3b2954ab,Peking University,mapping:cad0c9e67c7efad0a835,Wenxuan Liu,location:46e4866d3b2954ab314b,Beijing,Beijing,China,39.9928,116.3058,confirmed,COMPLETE,curated_confirmed_location,"Source-backed affiliation, canonical institution identity, and selected location are represented by the exported mapping lineage."
curated:3b0a1942ac6f2c351f34,PhyTrace: Tracing Physical Inconsistency in AI-Generated Images via ISP Emulation,institution:70ccb485197bbb6c,National University of Singapore,mapping:7c76f33ceed30f2c8d44,Danni Xu,location:70ccb485197bbb6c89fd,Singapore,Singapore,Singapore,1.2959845,103.7766186,confirmed,COMPLETE,curated_confirmed_location,"Source-backed affiliation, canonical institution identity, and selected location are represented by the exported mapping lineage."
curated:3b0a1942ac6f2c351f34,PhyTrace: Tracing Physical Inconsistency in AI-Generated Images via ISP Emulation,institution:eefb779b4c760808,Singapore Management University,mapping:462c2481b187b624dcbf,Joey Tianyi Zhou,location:eefb779b4c760808ece1,Singapore,Singapore,Singapore,1.2966,103.85,confirmed,COMPLETE,curated_confirmed_location,"Source-backed affiliation, canonical institution identity, and selected location are represented by the exported mapping lineage."
curated:3b0a1942ac6f2c351f34,PhyTrace: Tracing Physical Inconsistency in AI-Generated Images via ISP Emulation,institution:f23b95ce92de4591,Wuhan University,mapping:55d1e544cbc40a4ad9d2,Shilei Zhao; Zheng Wang,location:f23b95ce92de459152b1,Wuhan,Hubei,China,30.5407,114.3603,confirmed,COMPLETE,curated_confirmed_location,"Source-backed affiliation, canonical institution identity, and selected location are represented by the exported mapping lineage."
curated:95953a73a0e2e1f14ccb,PiD: Generalized AI-Generated Images Detection with Pixelwise Decomposition Residuals,institution:3e78e883c14f8bb8,Tencent Youtu Lab,mapping:a2a582fd979d9784721b,Zhiyuan Yan; Taiping Yao; Yandan Zhao; Shouhong Ding,location:3e78e883c14f8bb839b1,Shanghai,Shanghai,China,31.1836,121.4502,confirmed,COMPLETE,curated_confirmed_location,"Source-backed affiliation, canonical institution identity, and selected location are represented by the exported mapping lineage."
curated:95953a73a0e2e1f14ccb,PiD: Generalized AI-Generated Images Detection with Pixelwise Decomposition Residuals,institution:e433baf78e80004b,Zhejiang University,mapping:0f4aa749d0795058ff6a,Xinghe Fu; Zheng Yang; Xi Li,location:e433baf78e80004bdaba,Hangzhou,Zhejiang,China,30.3083,120.0867,confirmed,COMPLETE,curated_confirmed_location,"Source-backed affiliation, canonical institution identity, and selected location are represented by the exported mapping lineage."
curated:3bb1fe2e65312512ed32,Pixels Don't Lie (but Your Detector Might): Bootstrapping MLLM-as-a-Judge for Trustworthy Deepfake Detection and Reasoning Supervision,institution:02e0cb0a82c051ec,Monash University,mapping:5f02351cf1f4b39d5391,Parul Gupta; Abhinav Dhall,location:02e0cb0a82c051ec7b87,Melbourne,Victoria,Australia,-37.9105,145.1362,confirmed,COMPLETE,curated_confirmed_location,"Source-backed affiliation, canonical institution identity, and selected location are represented by the exported mapping lineage."
curated:3bb1fe2e65312512ed32,Pixels Don't Lie (but Your Detector Might): Bootstrapping MLLM-as-a-Judge for Trustworthy Deepfake Detection and Reasoning Supervision,institution:f04b96a9716ab2f4,Mohamed bin Zayed University of Artificial Intelligence,mapping:8d89a050d433cf6ff1b9,Kartik Kuckreja; Muhammad Haris Khan,location:f04b96a9716ab2f49ddf,Abu Dhabi,Abu Dhabi,United Arab Emirates,24.4329,54.6178,confirmed,COMPLETE,curated_confirmed_location,"Source-backed affiliation, canonical institution identity, and selected location are represented by the exported mapping lineage."
curated:b45849aa3f89cc8b64ef,Position: We Need to Re-Think the Concept of “Real” Images.,institution:59fe0b363dfeb8f5,Offenburg University of Applied Sciences,mapping:ed00e004e210dc212544,Janis Keuper,location:59fe0b363dfeb8f5ef89,Offenburg,Baden-Württemberg,Germany,48.4569,7.9425,confirmed,COMPLETE,curated_confirmed_location,"Source-backed affiliation, canonical institution identity, and selected location are represented by the exported mapping lineage."
curated:b45849aa3f89cc8b64ef,Position: We Need to Re-Think the Concept of “Real” Images.,institution:957fef132942e033,University of Mannheim,mapping:03078a38cdca9a47e33a,Janis Keuper; Margret Keuper,location:957fef132942e033867e,Mannheim,Baden-Württemberg,Germany,49.4828,8.4617,confirmed,COMPLETE,curated_confirmed_location,"Source-backed affiliation, canonical institution identity, and selected location are represented by the exported mapping lineage."
curated:b45849aa3f89cc8b64ef,Position: We Need to Re-Think the Concept of “Real” Images.,institution:bef37c90751e824e,Max Planck Institute for Informatics,mapping:fd33891327aabad2a825,Margret Keuper,location:bef37c90751e824ed6c4,Saarbrücken,Saarland,Germany,49.257,7.0426,confirmed,COMPLETE,curated_confirmed_location,"Source-backed affiliation, canonical institution identity, and selected location are represented by the exported mapping lineage."
curated:b460935b64c35e1d074a,Prior-Conditioned Gaussian Discriminants for Generalizable AI-Generated Image Detection,institution:ac123e56b0168ec2,Sakana AI,mapping:aba049b98048703fe58f,Shashank Kotyan; Makoto Shing; Yuki Imajuku; Rujikorn Charakorn; Tarin Clanuwat,location:cbec76c7da1547214d0f,Tokyo,Tokyo,Japan,35.66099,139.74039,source_backed_preliminary,COMPLETE,curated_confirmed_location,"Source-backed affiliation, canonical institution identity, and selected location are represented by the exported mapping lineage."
curated:0f774e5d7c63020bdc50,Privacy-Preserving and Zero-Shot Detection Strategies for Multimodal AI-Generated Content,institution:dc3e4a6107db41d1,Wanjiang University of Technology,mapping:3fedf0b0eb04adb395af,Liting Zhang; Peng Xiong; Jintao Wang,location:dc3e4a6107db41d14489,Ma'anshan,Anhui,China,31.6739,118.5568,confirmed,COMPLETE,curated_confirmed_location,"Source-backed affiliation, canonical institution identity, and selected location are represented by the exported mapping lineage."
curated:297bed46b62fdf89c9ab,Progressive Open Space Expansion for Open-Set Model Attribution,institution:2f8c9f8f9209013d,Zhejiang Lab,mapping:cd104b016727aa695dc0,Sheng Tang,location:2f8c9f8f9209013d,Hangzhou,Zhejiang,China,30.2639066,119.8911292,confirmed,COMPLETE,curated_confirmed_location,"Source-backed affiliation, canonical institution identity, and selected location are represented by the exported mapping lineage."
curated:297bed46b62fdf89c9ab,Progressive Open Space Expansion for Open-Set Model Attribution,institution:69309405e04976ec,University of Chinese Academy of Sciences,mapping:7f8f2b307fff839dcbd3,Tianyun Yang; Danding Wang; Fan Tang; Xinying Zhao; Juan Cao,location:69309405e04976ecd5ee,Beijing,Beijing,China,39.9078,116.2523,confirmed,COMPLETE,curated_confirmed_location,"Source-backed affiliation, canonical institution identity, and selected location are represented by the exported mapping lineage."
curated:297bed46b62fdf89c9ab,Progressive Open Space Expansion for Open-Set Model Attribution,institution:e278f75918ccf8a7,"Institute of Computing Technology, Chinese Academy of Sciences",mapping:a767e43139eb564c684a,Tianyun Yang; Danding Wang; Fan Tang; Xinying Zhao; Juan Cao; Sheng Tang,location:e278f75918ccf8a7555c,Beijing,Beijing,China,39.9784,116.33,confirmed,COMPLETE,curated_confirmed_location,"Source-backed affiliation, canonical institution identity, and selected location are represented by the exported mapping lineage."
curated:772bb625ccc3e45e8481,Prompt-Engineered Detection of AI-Generated Images,institution:4f596f4cb1eacc17,Pegaso Telematic University,mapping:459d7dc442815c14aedd,Rita Ferrara; Leonardo Galteri,location:66e185663db95f89a029,Naples,Campania,Italy,40.85747,14.28039,confirmed,COMPLETE,curated_confirmed_location,"Source-backed affiliation, canonical institution identity, and selected location are represented by the exported mapping lineage."
curated:bb388762c1cb4bd3bf4a,Quality-Aware Calibration for AI-Generated Image Detection in the Wild,institution:d046d2c57bb3a863,University of Naples Federico II,mapping:0c466c3eb62878775405,Fabrizio Guillaro; Vincenzo De Rosa; Davide Cozzolino; Luisa Verdoliva,location:d046d2c57bb3a863a89a,Naples,Campania,Italy,40.8463,14.2572,confirmed,COMPLETE,curated_confirmed_location,"Source-backed affiliation, canonical institution identity, and selected location are represented by the exported mapping lineage."
curated:75b4ab2d95e995615ae2,Quality-Guided Forgery Adapter for Generalizable AIGC Image Detection,institution:39263f3dbe1e47f9,Shandong Normal University,mapping:6d5f4147125130e5db17,Lingchen Gu; Wenbo Wan,location:7fa401aff7a6166d4a21,Jinan,Shandong,China,36.6514701,117.0351431,confirmed,COMPLETE,curated_confirmed_location,"Source-backed affiliation, canonical institution identity, and selected location are represented by the exported mapping lineage."
curated:75b4ab2d95e995615ae2,Quality-Guided Forgery Adapter for Generalizable AIGC Image Detection,institution:53e6219d595780e3,University of Macau,mapping:904d2397662f812a99c4,Jiantao Zhou,location:53e6219d595780e300c1,Macau,Macau,China,22.1284604,113.5438378,confirmed,COMPLETE,curated_confirmed_location,"Source-backed affiliation, canonical institution identity, and selected location are represented by the exported mapping lineage."
curated:75b4ab2d95e995615ae2,Quality-Guided Forgery Adapter for Generalizable AIGC Image Detection,institution:c33f0550d2263d47,Great Bay University,mapping:5e6897139421f5c4f1c2,Jun Wang; Zitong Yu; Chaomeng Chen,location:839678c5fe43039a2de1,Dongguan,Guangdong,China,22.7603,113.863,confirmed,COMPLETE,curated_confirmed_location,"Source-backed affiliation, canonical institution identity, and selected location are represented by the exported mapping lineage."
curated:75b4ab2d95e995615ae2,Quality-Guided Forgery Adapter for Generalizable AIGC Image Detection,institution:e721b03b6f6c172d,University of Science and Technology of China,mapping:06f2e40c4c2087a8b6f2,Weiming Zhang,location:e721b03b6f6c172dd7c7,Hefei,Anhui,China,31.8229,117.2808,confirmed,COMPLETE,curated_confirmed_location,"Source-backed affiliation, canonical institution identity, and selected location are represented by the exported mapping lineage."
curated:0bbace72b7a0991bc2b2,RADAR: Reasoning AI-Generated Image Detection for Semantic Fakes,institution:4a9a14dbf4357b38,University of Amsterdam,mapping:c9e68e153f5004288eb4,Haochen Wang; Efstratios Gavves,location:4a9a14dbf4357b3807c3,Amsterdam,North Holland,Netherlands,52.3683,4.8903,confirmed,COMPLETE,curated_confirmed_location,"Source-backed affiliation, canonical institution identity, and selected location are represented by the exported mapping lineage."
curated:0bbace72b7a0991bc2b2,RADAR: Reasoning AI-Generated Image Detection for Semantic Fakes,institution:bf6195b78f6dc951,Beijing Jiaotong University,mapping:2775e12a037ab2854154,Runqi Wang,location:bf6195b78f6dc9516f3e,Beijing,Beijing,China,39.959,116.348,confirmed,COMPLETE,curated_confirmed_location,"Source-backed affiliation, canonical institution identity, and selected location are represented by the exported mapping lineage."
curated:0bbace72b7a0991bc2b2,RADAR: Reasoning AI-Generated Image Detection for Semantic Fakes,institution:d1012c88e7ee61fd,Xiaohongshu Inc.,mapping:e825c23039ad09dabea2,Xiaolong Jiang,location:3b46f8ed6f87860347da,Beijing,Beijing,China,39.978168,116.406507,confirmed,COMPLETE,curated_confirmed_location,"Source-backed affiliation, canonical institution identity, and selected location are represented by the exported mapping lineage."
curated:0bbace72b7a0991bc2b2,RADAR: Reasoning AI-Generated Image Detection for Semantic Fakes,institution:f336b3005794930b,Beihang University,mapping:a7d4448bd19d467fd668,Xuhui Liu; Cilin Yan,location:f336b3005794930bb660,Beijing,Beijing,China,39.9811,116.3443,confirmed,COMPLETE,curated_confirmed_location,"Source-backed affiliation, canonical institution identity, and selected location are represented by the exported mapping lineage."
curated:0bbace72b7a0991bc2b2,RADAR: Reasoning AI-Generated Image Detection for Semantic Fakes,institution:fa59f7ae15be03cb,Zhejiang Sci-Tech University,mapping:ccd7e42635d2660e4c24,Ziqian Lu,location:41afbef0e4c1c64cd45f,Hangzhou,Zhejiang,China,30.3154546,120.3486958,confirmed,COMPLETE,curated_confirmed_location,"Source-backed affiliation, canonical institution identity, and selected location are represented by the exported mapping lineage."
curated:567ec9e4515f2e4a20ca,RADI: A Retrieval-Augmented Dynamic In-Context Learning Framework for AIGC Image Detection,institution:1502cb7c96ae3095,Beijing University of Posts and Telecommunications,mapping:6325714610c229cde6a9,Tengwei Bi; Ruiji Ma; Ying Huang; Yihan Wang; Jie Liu; Xicheng Zhang,location:1502cb7c96ae3095e27b,Beijing,Beijing,China,39.962,116.358,confirmed,COMPLETE,curated_confirmed_location,"Source-backed affiliation, canonical institution identity, and selected location are represented by the exported mapping lineage."
curated:79adf19ca6991c1d85f8,RAID: A Dataset for Testing the Adversarial Robustness of AI-Generated Image Detectors,institution:117fcda9a6399108,University of Modena and Reggio Emilia,mapping:c582f0c205588bde549a,Federico Cocchi; Marcella Cornia; Lorenzo Baraldi; Rita Cucchiara,location:117fcda9a639910897cc,Modena,Emilia-Romagna,Italy,44.6464,10.925,confirmed,COMPLETE,curated_confirmed_location,"Source-backed affiliation, canonical institution identity, and selected location are represented by the exported mapping lineage."
curated:79adf19ca6991c1d85f8,RAID: A Dataset for Testing the Adversarial Robustness of AI-Generated Image Detectors,institution:17e63acd624ced9b,University of Cagliari,mapping:ed32edc114d3492bba25,Hicham Eddoubi; Angelo Sotgiu; Maura Pintor; Battista Biggio,location:92de3a20bb2cd0036250,Cagliari,Sardinia,Italy,39.21722,9.11472,confirmed,COMPLETE,curated_confirmed_location,"Source-backed affiliation, canonical institution identity, and selected location are represented by the exported mapping lineage."
curated:79adf19ca6991c1d85f8,RAID: A Dataset for Testing the Adversarial Robustness of AI-Generated Image Detectors,institution:3ec8d9fa829f5777,University of Pisa,mapping:321722d31cabf2954d0d,Federico Cocchi; Lorenzo Baraldi,location:3ec8d9fa829f57771f7d,Pisa,Tuscany,Italy,43.7156,10.4017,confirmed,COMPLETE,curated_confirmed_location,"Source-backed affiliation, canonical institution identity, and selected location are represented by the exported mapping lineage."
curated:79adf19ca6991c1d85f8,RAID: A Dataset for Testing the Adversarial Robustness of AI-Generated Image Detectors,institution:8f8dd64c6339c8ff,Ruhr University Bochum,mapping:ac3726bf6116c1dfd9dd,Jonas Ricker; Asja Fischer,location:8f8dd64c6339c8ff95bb,Bochum,North Rhine-Westphalia,Germany,51.4472,7.2603,confirmed,COMPLETE,curated_confirmed_location,"Source-backed affiliation, canonical institution identity, and selected location are represented by the exported mapping lineage."
curated:79adf19ca6991c1d85f8,RAID: A Dataset for Testing the Adversarial Robustness of AI-Generated Image Detectors,institution:977430a4473aa4b0,Sapienza University of Rome,mapping:3ab6900baf9c24b8b525,Hicham Eddoubi,location:977430a4473aa4b05cfe,Rome,Lazio,Italy,41.9028,12.5158,confirmed,COMPLETE,curated_confirmed_location,"Source-backed affiliation, canonical institution identity, and selected location are represented by the exported mapping lineage."
curated:79adf19ca6991c1d85f8,RAID: A Dataset for Testing the Adversarial Robustness of AI-Generated Image Detectors,institution:b4e88842382d76c1,National Interuniversity Consortium for Informatics,mapping:2b6b92ebc7ebcf7e7a63,Angelo Sotgiu; Maura Pintor; Battista Biggio,location:ea9eefcef5ddd7adfb51,Rome,Lazio,Italy,41.8907,12.5026,confirmed,COMPLETE,curated_confirmed_location,"Source-backed affiliation, canonical institution identity, and selected location are represented by the exported mapping lineage."
curated:6ca781a0d606a5d5db64,REVEAL: A Retrieval-Augmented Generation Approach for Contextual Identification of Synthetic Visual Content,institution:1e2fe2432a089705,Polytechnic University of Hauts-de-France,mapping:787aed63dafd65a04cd1,Mamadou Keita; Hessen B. Eutamene; Abdelmalik Taleb-Ahmed,location:1e2fe2432a0897054ff4,Valenciennes,Hauts-de-France,France,50.325,3.511,confirmed,COMPLETE,curated_confirmed_location,"Source-backed affiliation, canonical institution identity, and selected location are represented by the exported mapping lineage."
curated:6ca781a0d606a5d5db64,REVEAL: A Retrieval-Augmented Generation Approach for Contextual Identification of Synthetic Visual Content,institution:271362b3e1310a1c,Sorbonne University Abu Dhabi,mapping:6b77085855b2caf2c2ef,Abdenour Hadid,location:271362b3e1310a1cc98c,Abu Dhabi,Abu Dhabi,United Arab Emirates,24.4851,54.4126,confirmed,COMPLETE,curated_confirmed_location,"Source-backed affiliation, canonical institution identity, and selected location are represented by the exported mapping lineage."
curated:6ca781a0d606a5d5db64,REVEAL: A Retrieval-Augmented Generation Approach for Contextual Identification of Synthetic Visual Content,institution:81f79a387128ccac,Khalifa University,mapping:7b72705012900093b23d,Wassim Hamidouche,location:81f79a387128ccac27fa,Abu Dhabi,Abu Dhabi,United Arab Emirates,24.4692,54.3773,confirmed,COMPLETE,curated_confirmed_location,"Source-backed affiliation, canonical institution identity, and selected location are represented by the exported mapping lineage."
curated:24bcb339c197bcb56bb7,REVEAL: Reasoning-Enhanced Forensic Evidence Analysis for Explainable AI-Generated Image Detection,institution:0af8b0b3be8e7963,Nanjing University of Information Science and Technology,mapping:b64187a3960f85dc5023,Xin Ding,location:0af8b0b3be8e7963fda8,Nanjing,Jiangsu,China,32.2072,118.7217,confirmed,COMPLETE,curated_confirmed_location,"Source-backed affiliation, canonical institution identity, and selected location are represented by the exported mapping lineage."
curated:24bcb339c197bcb56bb7,REVEAL: Reasoning-Enhanced Forensic Evidence Analysis for Explainable AI-Generated Image Detection,institution:aa542458d996a5d3,Tencent Inc.,mapping:d328a328f00b1ea19e93,Yuxi Li; Ying Zhang; Chen Li; Jing Lyu,location:c015464e768742fe3265,Shenzhen,Guangdong,China,22.5405,113.9344,confirmed,COMPLETE,curated_confirmed_location,"Source-backed affiliation, canonical institution identity, and selected location are represented by the exported mapping lineage."
curated:24bcb339c197bcb56bb7,REVEAL: Reasoning-Enhanced Forensic Evidence Analysis for Explainable AI-Generated Image Detection,institution:e433baf78e80004b,Zhejiang University,mapping:0bb5e583da6600f375c9,Huangsen Cao; Qin Mei; Zhiheng Li; Zhan Meng; Zhimeng Zhang; Yongwei Wang; Fei Wu,location:e433baf78e80004bdaba,Hangzhou,Zhejiang,China,30.3083,120.0867,confirmed,COMPLETE,curated_confirmed_location,"Source-backed affiliation, canonical institution identity, and selected location are represented by the exported mapping lineage."
curated:4b406d0cf578db643214,RIGID: A Training-Free and Model-Agnostic Framework for Robust AI-Generated Image Detection,institution:f5c8a9b792d3b901,IBM Thomas J. Watson Research Center,mapping:4e6c68a260626ed47be1,Pin-Yu Chen,location:f5c8a9b792d3b90145b4,Yorktown Heights,New York,United States,41.2098,-73.8026,confirmed,COMPLETE,curated_confirmed_location,"Source-backed affiliation, canonical institution identity, and selected location are represented by the exported mapping lineage."
curated:4b406d0cf578db643214,RIGID: A Training-Free and Model-Agnostic Framework for Robust AI-Generated Image Detection,institution:ff4b6fb0e7e3f155,Chinese University of Hong Kong,mapping:659545cd2e2e6e4cd7f5,Zhiyuan He; Tsung-Yi Ho,location:08953a148518042d3bbb,Hong Kong,Hong Kong,China,22.4201838,114.2079145,confirmed,COMPLETE,curated_confirmed_location,"Source-backed affiliation, canonical institution identity, and selected location are represented by the exported mapping lineage."
curated:9fdc78cdcf22cdbf4776,Radial Residual Frequency: A Semantically Aligned Benchmark and Spectral Detector for AI-Generated Images,institution:481050d20cd6c722,University of Charleston,mapping:155ed7951faae0197f4d,Qian Zhang,location:481050d20cd6c722e2c4,Charleston,West Virginia,United States,38.3329392,-81.6168853,confirmed,COMPLETE,curated_confirmed_location,"Source-backed affiliation, canonical institution identity, and selected location are represented by the exported mapping lineage."
curated:9fdc78cdcf22cdbf4776,Radial Residual Frequency: A Semantically Aligned Benchmark and Spectral Detector for AI-Generated Images,institution:be74dcf5d0cb77ea,"University of California, Berkeley",mapping:415f0c49e60d689e4da7,Guang Yang; Fengchen Liu,location:be74dcf5d0cb77ea7a59,Berkeley,California,United States,37.8719,-122.2585,confirmed,COMPLETE,curated_confirmed_location,"Source-backed affiliation, canonical institution identity, and selected location are represented by the exported mapping lineage."
,Raising the Bar of AI-generated Image Detection with CLIP,institution:d046d2c57bb3a863,University of Naples Federico II,mapping:ebc9e29dcf2424bc0ca8,Davide Cozzolino; Giovanni Poggi; Riccardo Corvi; Luisa Verdoliva,location:d046d2c57bb3a863a89a,Naples,Campania,Italy,40.8463,14.2572,confirmed,COMPLETE,curated_confirmed_location,"Source-backed affiliation, canonical institution identity, and selected location are represented by the exported mapping lineage."
,Raising the Bar of AI-generated Image Detection with CLIP,institution:f42de06978b10eb5,Technical University of Munich,mapping:6cde5e5f2aa2f63ab83b,Matthias Nießner; Luisa Verdoliva,location:bc6fc762326c51a73a07,Garching,Bavaria,Germany,48.263267,11.67165,confirmed,COMPLETE,curated_confirmed_location,"Source-backed affiliation, canonical institution identity, and selected location are represented by the exported mapping lineage."
curated:ce36039d47fbcb9e4e7b,ReAlign: Generalizable Image Forgery Detection via Reasoning-Aligned Representation,institution:3e9b289ae248f660,South China University of Technology,mapping:53eea943b8bec86d8b01,Qing Huang,location:3e9b289ae248f6600cee,Guangzhou,Guangdong,China,23.151,113.349,confirmed,COMPLETE,curated_confirmed_location,"Source-backed affiliation, canonical institution identity, and selected location are represented by the exported mapping lineage."
curated:ce36039d47fbcb9e4e7b,ReAlign: Generalizable Image Forgery Detection via Reasoning-Aligned Representation,institution:3e9b289ae248f660,South China University of Technology,mapping:cb6bbcc17d500dd8a300,Xiangyu Yu,location:3e9b289ae248f6600cee,Guangzhou,Guangdong,China,23.151,113.349,confirmed,COMPLETE,curated_confirmed_location,"Source-backed affiliation, canonical institution identity, and selected location are represented by the exported mapping lineage."
curated:ce36039d47fbcb9e4e7b,ReAlign: Generalizable Image Forgery Detection via Reasoning-Aligned Representation,institution:46e4866d3b2954ab,Peking University,mapping:495827ef2ecac5603830,Qing Huang; Zhipei Xu; Xuanyu Zhang; Jian Zhang,location:46e4866d3b2954ab314b,Beijing,Beijing,China,39.9928,116.3058,confirmed,COMPLETE,curated_confirmed_location,"Source-backed affiliation, canonical institution identity, and selected location are represented by the exported mapping lineage."
curated:ce36039d47fbcb9e4e7b,ReAlign: Generalizable Image Forgery Detection via Reasoning-Aligned Representation,institution:6346b1a9c3b5ccd7,Peking University Shenzhen Graduate School,mapping:5d23fba32506a7a93dea,Jian Zhang,location:6346b1a9c3b5ccd791ab,Shenzhen,Guangdong,China,22.5996,113.9733,confirmed,COMPLETE,curated_confirmed_location,"Source-backed affiliation, canonical institution identity, and selected location are represented by the exported mapping lineage."
curated:1ec62a78a4e0372bc0d9,ReTD: Reconstruction-Based Traceability Detection for Generated Images,institution:cee70184073782c7,"Institute of Information Engineering, Chinese Academy of Sciences",,Weizhuo Chen; Fangfang Yuan; Cong Cao; Kun Peng; Dakui Wang; Yanbing Liu,,Beijing,,China,39.9075,116.39723,automatic_export_eligible,COMPLETE,existing_validated_automatic_location,Existing public location provenance retained; no new geocoding or independent re-review.
curated:7e4d63017f1419256211,Real-Time Deepfake Detection in the Real-World,institution:ad93ddd1194b7b31,The Hebrew University of Jerusalem,mapping:e86779401891198b346d,Bar Cavia; Eliahu Horwitz; Tal Reiss; Yedid Hoshen,location:ad93ddd1194b7b31563b,Jerusalem,Jerusalem District,Israel,31.778,35.197,confirmed,COMPLETE,curated_confirmed_location,"Source-backed affiliation, canonical institution identity, and selected location are represented by the exported mapping lineage."
curated:44a70bf5f21b5457102b,RealHD: A High-Quality Dataset for Robust Detection of State-of-the-Art AI-Generated Images,institution:260c0fc69149bb41,Intel Corporation,mapping:6d0f34d78e8b98e51f53,Yun Ye,location:260c0fc69149bb410469,Beijing,Beijing,China,39.9075,116.3972,confirmed,COMPLETE,curated_confirmed_location,"Source-backed affiliation, canonical institution identity, and selected location are represented by the exported mapping lineage."
curated:44a70bf5f21b5457102b,RealHD: A High-Quality Dataset for Robust Detection of State-of-the-Art AI-Generated Images,institution:2792f975d7b5565e,Binjiang Institute of Artificial Intelligence,mapping:6c5a78b74f2482843cb7,Qi Xuan; Chen Ma,location:2792f975d7b5565e9a44,Hangzhou,Zhejiang,China,30.2086,120.2118,confirmed,COMPLETE,curated_confirmed_location,"Source-backed affiliation, canonical institution identity, and selected location are represented by the exported mapping lineage."
curated:44a70bf5f21b5457102b,RealHD: A High-Quality Dataset for Robust Detection of State-of-the-Art AI-Generated Images,institution:9b91aedca1273b56,Zhejiang University of Technology,mapping:589d7438f2301b138aaa,Hanzhe Yu; Jintao Rong; Qi Xuan; Chen Ma,location:9b91aedca1273b5693f7,Hangzhou,Zhejiang,China,30.2954,120.1609,confirmed,COMPLETE,curated_confirmed_location,"Source-backed affiliation, canonical institution identity, and selected location are represented by the exported mapping lineage."
curated:08aa2b51bb36247bdda3,RealNet: Efficient and Unsupervised Detection of AI-Generated Images via Real-Only Representation Learning,institution:1502cb7c96ae3095,Beijing University of Posts and Telecommunications,mapping:ea00069424c3448e78b4,Shibiao Xu,location:1502cb7c96ae3095e27b,Beijing,Beijing,China,39.962,116.358,confirmed,COMPLETE,curated_confirmed_location,"Source-backed affiliation, canonical institution identity, and selected location are represented by the exported mapping lineage."
curated:08aa2b51bb36247bdda3,RealNet: Efficient and Unsupervised Detection of AI-Generated Images via Real-Only Representation Learning,institution:46e4866d3b2954ab,Peking University,mapping:7a5f45d177e27a4967b3,Hongbin Zha,location:46e4866d3b2954ab314b,Beijing,Beijing,China,39.9928,116.3058,confirmed,COMPLETE,curated_confirmed_location,"Source-backed affiliation, canonical institution identity, and selected location are represented by the exported mapping lineage."
curated:08aa2b51bb36247bdda3,RealNet: Efficient and Unsupervised Detection of AI-Generated Images via Real-Only Representation Learning,institution:6f15f620028933fb,Anqing Normal University,mapping:5a17c95e8a137300b37e,Hongbin Zha,location:bfb8797d8622e0755927,Anqing,Anhui,China,30.6122053,116.9920604,confirmed,COMPLETE,curated_confirmed_location,"Source-backed affiliation, canonical institution identity, and selected location are represented by the exported mapping lineage."
curated:08aa2b51bb36247bdda3,RealNet: Efficient and Unsupervised Detection of AI-Generated Images via Real-Only Representation Learning,institution:924e1e0e9723b423,Beijing Normal University,mapping:0cc8aa2b91063909b8b5,Jianwei Guo,location:924e1e0e9723b423ac7c,Beijing,Beijing,China,39.9609,116.3661,confirmed,COMPLETE,curated_confirmed_location,"Source-backed affiliation, canonical institution identity, and selected location are represented by the exported mapping lineage."
curated:08aa2b51bb36247bdda3,RealNet: Efficient and Unsupervised Detection of AI-Generated Images via Real-Only Representation Learning,institution:942667142da716c5,The Hong Kong University of Science and Technology (Guangzhou),mapping:a531530a731f913379bb,Zhijie Qiu,location:23b97c859d988b076183,Guangzhou,Guangdong,China,22.889043,113.484507,confirmed,COMPLETE,curated_confirmed_location,"Source-backed affiliation, canonical institution identity, and selected location are represented by the exported mapping lineage."
curated:08aa2b51bb36247bdda3,RealNet: Efficient and Unsupervised Detection of AI-Generated Images via Real-Only Representation Learning,institution:f060d61d546153f2,Beijing University of Technology,mapping:2dba527a366b90535c4c,Shuaibo Li; Laixin Zhang; Wei Ma,location:f060d61d546153f2f285,Beijing,Beijing,China,39.8739144,116.4772024,confirmed,COMPLETE,curated_confirmed_location,"Source-backed affiliation, canonical institution identity, and selected location are represented by the exported mapping lineage."
curated:6c2f591bf6fda3abecbb,Reasoning-Aware AIGC Detection via Alignment and Reinforcement,institution:5fbb6e2cbdd4ea21,Renmin University of China,mapping:20a5169c3c562c456c83,Zhao Wang; Zhicheng Dou,location:5fbb6e2cbdd4ea21f83c,Beijing,Beijing,China,39.9674,116.3181,confirmed,COMPLETE,curated_confirmed_location,"Source-backed affiliation, canonical institution identity, and selected location are represented by the exported mapping lineage."
curated:6c2f591bf6fda3abecbb,Reasoning-Aware AIGC Detection via Alignment and Reinforcement,institution:781afa4ed50a74b8,Duke University,mapping:fc0ea6602f56417e0815,Max Xiong,location:781afa4ed50a74b85531,Durham,North Carolina,United States,36.0001557,-78.9442297,confirmed,COMPLETE,curated_confirmed_location,"Source-backed affiliation, canonical institution identity, and selected location are represented by the exported mapping lineage."
curated:6c2f591bf6fda3abecbb,Reasoning-Aware AIGC Detection via Alignment and Reinforcement,institution:7b971ad17fd639eb,Microsoft Research Asia,mapping:63b8a9b18d42de882c8d,Jianxun Lian,location:7b971ad17fd639eb8aac,Beijing,Beijing,China,39.979967,116.310281,confirmed,COMPLETE,curated_confirmed_location,"Source-backed affiliation, canonical institution identity, and selected location are represented by the exported mapping lineage."
,Reducing the Content Bias for AI-generated Image Detection,institution:148a0feafd311a0a,Korea Advanced Institute of Science and Technology,,Seoyeon Gye; Jaepil Ko; Hyounguk Shon; Minchan Kwon; Junmo Kim,,Daejeon,,South Korea,36.34913,127.38493,automatic_export_eligible,COMPLETE,existing_validated_automatic_location,Existing public location provenance retained; no new geocoding or independent re-review.
curated:625ba11125534aedd39d,RepMix: Representation Mixing for Robust Attribution of Synthesized Images,institution:29276dc7d9ce02fd,University of Surrey,mapping:f2502efaf655f6cf14ff,Tu Bui; John Collomosse,location:29276dc7d9ce02fd0dd9,Guildford,Surrey,United Kingdom,51.2431,-0.5895,confirmed,COMPLETE,curated_confirmed_location,"Source-backed affiliation, canonical institution identity, and selected location are represented by the exported mapping lineage."
curated:625ba11125534aedd39d,RepMix: Representation Mixing for Robust Attribution of Synthesized Images,institution:41db7d042136daef,Salesforce Research,mapping:19dedb80fb3be2f5a9dd,Ning Yu,location:41db7d042136daef54d0,San Francisco,California,United States,37.7897,-122.396,confirmed,COMPLETE,curated_confirmed_location,"Source-backed affiliation, canonical institution identity, and selected location are represented by the exported mapping lineage."
curated:625ba11125534aedd39d,RepMix: Representation Mixing for Robust Attribution of Synthesized Images,institution:7a0d6a63667ac750,Adobe Research,mapping:2988be2800f85af4d31a,John Collomosse,location:7a0d6a63667ac750ed07,San Jose,California,United States,37.3318,-121.894,confirmed,COMPLETE,curated_confirmed_location,"Source-backed affiliation, canonical institution identity, and selected location are represented by the exported mapping lineage."
curated:c84b04cb8e921be753db,Representation and Reference Selection in Training-Free Synthetic Image Attribution,institution:65dbfd1e022f02e2,University of Siena,mapping:2be710042441fdbdcaa1,Pietro Bongini; Benedetta Tondi; Mauro Barni,location:65dbfd1e022f02e2ac68,Siena,Toscany,Italy,43.3191,11.3328,confirmed,COMPLETE,curated_confirmed_location,"Source-backed affiliation, canonical institution identity, and selected location are represented by the exported mapping lineage."
curated:c84b04cb8e921be753db,Representation and Reference Selection in Training-Free Synthetic Image Attribution,institution:baa1df7c4adddbda,Fudan University,mapping:654d9f7df49f211f1ce1,Meiling Li,location:baa1df7c4adddbda8d0b,Shanghai,Shanghai,China,31.2989,121.5018,confirmed,COMPLETE,curated_confirmed_location,"Source-backed affiliation, canonical institution identity, and selected location are represented by the exported mapping lineage."
,Rethinking the Up-Sampling Operations in CNN-Based Generative Network for Generalizable Deepfake Detection,institution:969d6dd2c9cf6a1e,"University of Nevada, Reno",,Ping Liu,,Reno,,United States,39.52963,-119.8138,automatic_export_eligible,COMPLETE,existing_validated_automatic_location,Existing public location provenance retained; no new geocoding or independent re-review.
,Rethinking the Up-Sampling Operations in CNN-Based Generative Network for Generalizable Deepfake Detection,institution:bf6195b78f6dc951,Beijing Jiaotong University,,Chuangchuang Tan; Huan Liu; Yao Zhao; Shikui Wei; Yunchao Wei,,Beijing,,China,39.9075,116.39723,automatic_export_eligible,COMPLETE,existing_validated_automatic_location,Existing public location provenance retained; no new geocoding or independent re-review.
,Rethinking the Up-Sampling Operations in CNN-Based Generative Network for Generalizable Deepfake Detection,institution:c5810afc25d178a5,Yanshan University,,Guanghua Gu,,Qinhuangdao,,China,39.94104,119.58936,automatic_export_eligible,COMPLETE,existing_validated_automatic_location,Existing public location provenance retained; no new geocoding or independent re-review.
,Revealing and Classification of Deepfakes Video's Images using a Customize Convolution Neural Network Model,institution:a0fc8fa9bd4685cb,G H Raisoni Institute of Engineering & Technology Nagpur,mapping:05973ef1e5cc91d13b48,Usha Kosarkar,location:46e5ee11cb444c2916d7,Nagpur,Maharashtra,India,21.1197,79.0032,confirmed,COMPLETE,curated_confirmed_location,"Source-backed affiliation, canonical institution identity, and selected location are represented by the exported mapping lineage."
curated:27627323cfb3f8a48640,Revisiting Deepfake Detection: BCNet for Robust Generalization Beyond Semantic Dependence,institution:bf6195b78f6dc951,Beijing Jiaotong University,mapping:150140cf48f0c6395c64,Jian Yang; Shibo Yao; Renshuai Tao; Chuangchuang Tan; Yao Zhao,location:bf6195b78f6dc9516f3e,Beijing,Beijing,China,39.959,116.348,confirmed,COMPLETE,curated_confirmed_location,"Source-backed affiliation, canonical institution identity, and selected location are represented by the exported mapping lineage."
curated:71ff0674850f84bf8df7,Robust AI-Synthesized Image Detection via Multi-Feature Frequency-Aware Learning,institution:769b711ed2fee7c0,City University of Macau,mapping:30bd49d12f7ddae48fe5,Hongfei Cai; Chi Liu; Peng Gui,location:43a49e9131365a357ed7,Macau,Macau,China,22.1638496,113.5558999,confirmed,COMPLETE,curated_confirmed_location,"Source-backed affiliation, canonical institution identity, and selected location are represented by the exported mapping lineage."
curated:71ff0674850f84bf8df7,Robust AI-Synthesized Image Detection via Multi-Feature Frequency-Aware Learning,institution:77fb2ba62b721cd6,Qilu University of Technology,mapping:8a149d80f64196c73358,Youyang Qu; Peng Gui,location:6ce17079a9ba5c318485,Jinan,Shandong,China,36.5578144,116.805231,confirmed,COMPLETE,curated_confirmed_location,"Source-backed affiliation, canonical institution identity, and selected location are represented by the exported mapping lineage."
curated:71ff0674850f84bf8df7,Robust AI-Synthesized Image Detection via Multi-Feature Frequency-Aware Learning,institution:cdde929ea128594e,Wuhan Institute of Technology,mapping:009f8d492e0026402774,Youyang Qu; Peng Gui,location:d3478b77394e27ca0f31,Wuhan,Hubei,China,30.5044735,114.3845446,confirmed,COMPLETE,curated_confirmed_location,"Source-backed affiliation, canonical institution identity, and selected location are represented by the exported mapping lineage."
curated:71ff0674850f84bf8df7,Robust AI-Synthesized Image Detection via Multi-Feature Frequency-Aware Learning,institution:e58a37a2924e1779,Torrens University Australia,mapping:868c6d49cb298d52e23a,Sheng Shen; Peng Gui,location:efd4f5443dbe440e0be1,Sydney,New South Wales,Australia,-33.8839662,151.2089297,confirmed,COMPLETE,curated_confirmed_location,"Source-backed affiliation, canonical institution identity, and selected location are represented by the exported mapping lineage."
,Robust CLIP-Based Detector for Exposing Diffusion Model-Generated Images,institution:90b589325857dff0,Purdue University,,Santosh; Lin Li; Shu Hu,,West Lafayette,,United States,40.42587,-86.90807,automatic_export_eligible,COMPLETE,existing_validated_automatic_location,Existing public location provenance retained; no new geocoding or independent re-review.
,Robust CLIP-Based Detector for Exposing Diffusion Model-Generated Images,institution:977430a4473aa4b0,Sapienza University of Rome,,Irene Amerini,,Rome,,Italy,41.89193,12.51133,automatic_export_eligible,COMPLETE,existing_validated_automatic_location,Existing public location provenance retained; no new geocoding or independent re-review.
,Robust CLIP-Based Detector for Exposing Diffusion Model-Generated Images,institution:c121cd267550901f,"University at Albany, State University of New York",,Xin Wang,,Albany,,United States,42.65258026123047,-73.75623321533203,automatic_export_eligible,COMPLETE,existing_validated_automatic_location,Existing public location provenance retained; no new geocoding or independent re-review.
,Robust CLIP-Based Detector for Exposing Diffusion Model-Generated Images,institution:ed46151823d63d21,Albany State University,,Xin Wang,,Albany,,United States,31.578510284423828,-84.1557388305664,automatic_export_eligible,COMPLETE,existing_validated_automatic_location,Existing public location provenance retained; no new geocoding or independent re-review.
curated:8ffdbd0ba264927d1c3a,Robust Fake Image Detection via Incremental Training of Siamese Neural Networks,institution:d91bdebb133e022b,University of Salerno,mapping:656a9babbcc62b9dbd8e,Aniello Castiglione; Lucia Cimmino; Michele Nappi; Matteo Polsinelli; Carlo Sorrentino,location:d91bdebb133e022b2cbd,Fisciano,Campania,Italy,40.77195,14.7907,confirmed,COMPLETE,curated_confirmed_location,"Source-backed affiliation, canonical institution identity, and selected location are represented by the exported mapping lineage."
curated:91645e26cfd2c499fbcc,Robustness of AI-Art Detectors Under Generator Shift,institution:4fd673972df51513,San Jose State University,mapping:16a0221c46af82090bf2,Shivank Singh Thakur; Meien Li; Mark Stamp,location:db008ecfee28a0c08dff,San Jose,California,United States,37.3351902,-121.881225,confirmed,COMPLETE,curated_confirmed_location,"Source-backed affiliation, canonical institution identity, and selected location are represented by the exported mapping lineage."
curated:2938e895376a45baceec,SAGNet: Decoupling Semantic-Agnostic Artifacts from Limited Training Data for Robust Generalization in Deepfake Detection,institution:bf6195b78f6dc951,Beijing Jiaotong University,,Renshuai Tao; Chuangchuang Tan; Huan Liu; Rongrong Ni; Yao Zhao,,Beijing,,China,39.907501220703125,116.39723205566406,automatic_export_eligible,COMPLETE,existing_validated_automatic_location,Existing public location provenance retained; no new geocoding or independent re-review.
curated:e239bf15b520c1f8c9e9,SAIDO: Generalizable Detection of AI-Generated Images via Scene-Aware and Importance-Guided Dynamic Optimization in Continual Learning,institution:9a0d85eff850f04a,Shanghai Innovation Institute,mapping:840af7a92b579fe424ee,Yu Cheng; Yuan Xie,location:9a0d85eff850f04ac312,Shanghai,Shanghai,China,31.1376,121.4476,confirmed,COMPLETE,curated_confirmed_location,"Source-backed affiliation, canonical institution identity, and selected location are represented by the exported mapping lineage."
curated:e239bf15b520c1f8c9e9,SAIDO: Generalizable Detection of AI-Generated Images via Scene-Aware and Importance-Guided Dynamic Optimization in Continual Learning,institution:a8d8c5fe60be3e65,East China Normal University,mapping:ab0af640471ad744f380,Yongkang Hu; Yu Cheng; Yushuo Zhang; Yuan Xie; Zhaoxia Yin,location:a8d8c5fe60be3e652f83,Shanghai,Shanghai,China,31.2286,121.4079,confirmed,COMPLETE,curated_confirmed_location,"Source-backed affiliation, canonical institution identity, and selected location are represented by the exported mapping lineage."
,"SIDA: Social Media Image Deepfake Detection, Localization and Explanation with Large Multimodal Model",institution:4d3dd6848c184118,University of Warwick,,Xingyu Zhao,,Coventry,,United Kingdom,52.40656,-1.51217,automatic_export_eligible,COMPLETE,existing_validated_automatic_location,Existing public location provenance retained; no new geocoding or independent re-review.
,"SIDA: Social Media Image Deepfake Detection, Localization and Explanation with Large Multimodal Model",institution:6897907a26009a77,University of Liverpool,,Zhenglin Huang; Jinwei Hu; Yiwei He; Bei Peng; Xiaowei Huang; Guangliang Cheng,,Liverpool,,United Kingdom,53.41058,-2.97794,automatic_export_eligible,COMPLETE,existing_validated_automatic_location,Existing public location provenance retained; no new geocoding or independent re-review.
,"SIDA: Social Media Image Deepfake Detection, Localization and Explanation with Large Multimodal Model",institution:c111feb812f1a7ed,Nanyang Technological University,,Xiangtai Li,,Singapore,,Singapore,1.28967,103.85007,automatic_export_eligible,COMPLETE,existing_validated_automatic_location,Existing public location provenance retained; no new geocoding or independent re-review.
,"SIDA: Social Media Image Deepfake Detection, Localization and Explanation with Large Multimodal Model",institution:d31a9474efa16c6c,"Chinese University of Hong Kong, Shenzhen",,Baoyuan Wu,,Shenzhen,,China,22.54554,114.0683,automatic_export_eligible,COMPLETE,existing_validated_automatic_location,Existing public location provenance retained; no new geocoding or independent re-review.
curated:960c6a53879767054f0c,SIDBench: A Python Framework for Reliably Assessing Synthetic Image Detection Methods,institution:f841aa8a7a0d29aa,Centre for Research and Technology Hellas,mapping:f7839fb83e2aeb4b4618,Manos Schinas; Symeon Papadopoulos,location:2be8edf081e0c9efdf5d,Thessaloniki,Central Macedonia,Greece,40.64361,22.93086,confirmed,COMPLETE,curated_confirmed_location,"Source-backed affiliation, canonical institution identity, and selected location are represented by the exported mapping lineage."
,SMNDNet for Multiple Types of Deepfake Image Detection,institution:4c1e9439f241e5ec,Sichuan University,mapping:c58609a42562a1692699,Mingtao Guo,location:4c1e9439f241e5ec9941,Chengdu,Sichuan,China,30.6331,104.0819,confirmed,COMPLETE,curated_confirmed_location,"Source-backed affiliation, canonical institution identity, and selected location are represented by the exported mapping lineage."
,SMNDNet for Multiple Types of Deepfake Image Detection,institution:59879dd4d4951779,Xi'an University of Technology,mapping:3b8d66f858c4a93a709e,Qin Wang; Xiaofeng Wang; Jianghua Li; Ruidong Han; Zinian Liu,location:59879dd4d49517797268,Xi'an,Shaanxi,China,34.2234,108.9853,confirmed,COMPLETE,curated_confirmed_location,"Source-backed affiliation, canonical institution identity, and selected location are represented by the exported mapping lineage."
curated:82a6421311c4d39076d9,Sanitizing Diffusion-Generated Images via Fingerprint Removal and Adversarial Perturbation for Forensic Evasion,institution:6d607bd40551e45f,Tamkang University,mapping:fcb5a24564e3c8d5aaae,Meng-Luen Wu; Cheng-Pin Cheng,location:6d607bd40551e45ffbb1,New Taipei City,Taiwan,Taiwan,25.1754,121.4495,confirmed,COMPLETE,curated_confirmed_location,"Source-backed affiliation, canonical institution identity, and selected location are represented by the exported mapping lineage."
,Scalable Fine-Grained Generated Image Classification Based on Deep Metric Learning,institution:966ff12833f90bb0,"Institute of Automation, Chinese Academy of Sciences",mapping:014011f7dcaa4611eb1b,Xinsheng Xuan; Bo Peng; Wei Wang; Jing Dong,location:966ff12833f90bb0ba7e,Beijing,Beijing,China,39.9826,116.3336,confirmed,COMPLETE,curated_confirmed_location,"Source-backed affiliation, canonical institution identity, and selected location are represented by the exported mapping lineage."
curated:beb92721c8ba0d0c4231,Scaling Up AI-Generated Image Detection with Generator-Aware Prototypes,institution:69309405e04976ec,University of Chinese Academy of Sciences,mapping:fbdbbba3c4aac852c0cd,Ziheng Qin; Yuheng Ji; Yuxuan Tian; Yuyang Liu; Yipu Wang; Xiaolong Zheng,location:69309405e04976ecd5ee,Beijing,Beijing,China,39.9078,116.2523,confirmed,COMPLETE,curated_confirmed_location,"Source-backed affiliation, canonical institution identity, and selected location are represented by the exported mapping lineage."
curated:beb92721c8ba0d0c4231,Scaling Up AI-Generated Image Detection with Generator-Aware Prototypes,institution:966ff12833f90bb0,"Institute of Automation, Chinese Academy of Sciences",mapping:5bcf70399f6c29ec1e3c,Ziheng Qin; Yuheng Ji; Yuxuan Tian; Yuyang Liu; Yipu Wang; Xiaolong Zheng,location:966ff12833f90bb0ba7e,Beijing,Beijing,China,39.9826,116.3336,confirmed,COMPLETE,curated_confirmed_location,"Source-backed affiliation, canonical institution identity, and selected location are represented by the exported mapping lineage."
curated:beb92721c8ba0d0c4231,Scaling Up AI-Generated Image Detection with Generator-Aware Prototypes,institution:bf6195b78f6dc951,Beijing Jiaotong University,mapping:6e5208915d39772c8f95,Ziheng Qin; Renshuai Tao,location:bf6195b78f6dc9516f3e,Beijing,Beijing,China,39.959,116.348,confirmed,COMPLETE,curated_confirmed_location,"Source-backed affiliation, canonical institution identity, and selected location are represented by the exported mapping lineage."
curated:b2fccf1dd66cc2d64374,Secret Lies in Color: Enhancing AI-Generated Images Detection with Color Distribution Analysis,institution:46e4866d3b2954ab,Peking University,mapping:049dc733fe658b319bd3,Hongyan Fei,location:46e4866d3b2954ab314b,Beijing,Beijing,China,39.9928,116.3058,confirmed,COMPLETE,curated_confirmed_location,"Source-backed affiliation, canonical institution identity, and selected location are represented by the exported mapping lineage."
curated:b2fccf1dd66cc2d64374,Secret Lies in Color: Enhancing AI-Generated Images Detection with Color Distribution Analysis,institution:e75cc4bbe66bd6c8,WeChat AI,mapping:d51c3f84aedec40b4be5,Zexi Jia; Chuanwei Huang; Yeshuang Zhu; Xiaoyue Duan; Yuan Zhiqiang; Ying Deng; Jiapei Zhang; Jinchao Zhang; Jie Zhou,location:ea8ab5adabd2dcfb4a8a,Guangzhou,Guangdong,China,23.0988,113.3272,confirmed,COMPLETE,curated_confirmed_location,"Source-backed affiliation, canonical institution identity, and selected location are represented by the exported mapping lineage."
curated:c6bb6e1e0a4d4eb372b5,Seeing Is Not Always Believing: Benchmarking Human and Model Perception of AI-Generated Images,institution:1984e5f97afb62d8,The University of Sydney,mapping:315853fa6272e3a28373,Di Huang,location:1984e5f97afb62d8d7b0,Sydney,New South Wales,Australia,-33.886,151.184,confirmed,COMPLETE,curated_confirmed_location,"Source-backed affiliation, canonical institution identity, and selected location are represented by the exported mapping lineage."
curated:c6bb6e1e0a4d4eb372b5,Seeing Is Not Always Believing: Benchmarking Human and Model Perception of AI-Generated Images,institution:404cfa1ef241f359,The University of Hong Kong,mapping:d3df5138aff0ba5c1216,Chengyue Wu; Xihui Liu,location:404cfa1ef241f359f1b3,Hong Kong,Hong Kong,China,22.283,114.137,confirmed,COMPLETE,curated_confirmed_location,"Source-backed affiliation, canonical institution identity, and selected location are represented by the exported mapping lineage."
curated:c6bb6e1e0a4d4eb372b5,Seeing Is Not Always Believing: Benchmarking Human and Model Perception of AI-Generated Images,institution:c107a95b6cb53ac5,Shanghai Artificial Intelligence Laboratory,mapping:4588f4a0f6cfeee713e7,Zeyu Lu; Di Huang; Lei Bai; Jingjing Qu; Wanli Ouyang,location:c107a95b6cb53ac5425f,Shanghai,Shanghai,China,31.1779,121.4625,confirmed,COMPLETE,curated_confirmed_location,"Source-backed affiliation, canonical institution identity, and selected location are represented by the exported mapping lineage."
curated:c6bb6e1e0a4d4eb372b5,Seeing Is Not Always Believing: Benchmarking Human and Model Perception of AI-Generated Images,institution:fccd5d0ac9cc52f9,Shanghai Jiao Tong University,mapping:f3f96f1fb7ca8cbd9590,Zeyu Lu,location:fccd5d0ac9cc52f960f2,Shanghai,Shanghai,China,31.0254,121.4331,confirmed,COMPLETE,curated_confirmed_location,"Source-backed affiliation, canonical institution identity, and selected location are represented by the exported mapping lineage."
curated:29878fee09624b7d105d,Self-Supervised AI-Generated Image Detection: A Camera Metadata Perspective,institution:5dbb9ac6a407e079,"The Chinese University of Hong Kong, Shenzhen",mapping:422d31d0592f25af829a,Baoyuan Wu,location:5dbb9ac6a407e07971dc,Shenzhen,Guangdong,China,22.6867,114.2117,confirmed,COMPLETE,curated_confirmed_location,"Source-backed affiliation, canonical institution identity, and selected location are represented by the exported mapping lineage."
curated:29878fee09624b7d105d,Self-Supervised AI-Generated Image Detection: A Camera Metadata Perspective,institution:baa1df7c4adddbda,Fudan University,mapping:858d672c532c0f322a73,Yiran Xu; Zhenxing Qian; Xinpeng Zhang,location:baa1df7c4adddbda8d0b,Shanghai,Shanghai,China,31.2989,121.5018,confirmed,COMPLETE,curated_confirmed_location,"Source-backed affiliation, canonical institution identity, and selected location are represented by the exported mapping lineage."
curated:29878fee09624b7d105d,Self-Supervised AI-Generated Image Detection: A Camera Metadata Perspective,institution:ec71dc4340659fd9,City University of Hong Kong,mapping:7ee484596bee6bdc93f0,Nan Zhong; Mian Zou; Kede Ma,location:ec71dc4340659fd9f388,Hong Kong,Hong Kong,China,22.3374,114.173,confirmed,COMPLETE,curated_confirmed_location,"Source-backed affiliation, canonical institution identity, and selected location are represented by the exported mapping lineage."
,SemGIR: Semantic-Guided Image Regeneration Based Method for AI-generated Image Detection and Attribution,institution:70ccb485197bbb6c,National University of Singapore,,Han Fang,,Singapore,,Singapore,1.28967,103.85007,automatic_export_eligible,COMPLETE,existing_validated_automatic_location,Existing public location provenance retained; no new geocoding or independent re-review.
,SemGIR: Semantic-Guided Image Regeneration Based Method for AI-generated Image Detection and Attribution,institution:e721b03b6f6c172d,University of Science and Technology of China,,Xiao Yu; Kejiang Chen; Kai Zeng; Zijin Yang; Xiuwei Shang; Yuang Qi; Weiming Zhang; Nenghai Yu,,Hefei,,China,31.86389,117.28083,automatic_export_eligible,COMPLETE,existing_validated_automatic_location,Existing public location provenance retained; no new geocoding or independent re-review.
curated:98044fc98e006607991c,Semantic Artifact Logit Fusion for Generalizable AI-Generated Image Detection,institution:1179ac01dd4eef1f,Jiangnan University,mapping:bb7d5e09f1b4fe905209,Jianian Ding; Jiaming Xu,location:1179ac01dd4eef1f04f7,Wuxi,Jiangsu,China,31.4851219,120.2673352,confirmed,COMPLETE,curated_confirmed_location,"Source-backed affiliation, canonical institution identity, and selected location are represented by the exported mapping lineage."
curated:64a8313baef7cf1657c5,Semantic Discrepancy-Aware Detector for Image Forgery Identification,institution:a239b6e2cb8473ef,Nanjing University of Science and Technology,mapping:8317c7b28a2dde116aaf,Ziye Wang; Minghang Yu; Chunyan Xu; Zhen Cui,location:a239b6e2cb8473ef0466,Nanjing,Jiangsu,China,32.031826,118.8521427,confirmed,COMPLETE,curated_confirmed_location,"Source-backed affiliation, canonical institution identity, and selected location are represented by the exported mapping lineage."
,Semantic Distribution and Authenticity Discrepancy Alignment for AI-Generated Image Detection,institution:07d62a903f84afcd,Hangzhou Dianzi University,,Chenggang Yan,,Hangzhou,,China,30.293649673461914,120.16142272949219,automatic_export_eligible,COMPLETE,existing_validated_automatic_location,Existing public location provenance retained; no new geocoding or independent re-review.
,Semantic Distribution and Authenticity Discrepancy Alignment for AI-Generated Image Detection,institution:afc29be68ac419be,Xi'an Jiaotong University,,Jiehua Zhang; Wei Ke; Yihong Gong,,Xi'an,,China,34.25833,108.92861,automatic_export_eligible,COMPLETE,existing_validated_automatic_location,Existing public location provenance retained; no new geocoding or independent re-review.
,Semantic Distribution and Authenticity Discrepancy Alignment for AI-Generated Image Detection,institution:cee70184073782c7,"Institute of Information Engineering, Chinese Academy of Sciences",,Liang Li,,Beijing,,China,39.9075,116.39723,automatic_export_eligible,COMPLETE,existing_validated_automatic_location,Existing public location provenance retained; no new geocoding or independent re-review.
,Semantic Distribution and Authenticity Discrepancy Alignment for AI-Generated Image Detection,institution:e278f75918ccf8a7,"Institute of Computing Technology, Chinese Academy of Sciences",,Liang Li,,Beijing,,China,39.907501220703125,116.39723205566406,automatic_export_eligible,COMPLETE,existing_validated_automatic_location,Existing public location provenance retained; no new geocoding or independent re-review.
curated:368fa53bc0f254e0eb1a,Semantic Visual Anomaly Detection and Reasoning in AI-Generated Images,institution:7b971ad17fd639eb,Microsoft Research Asia,mapping:9f68622fb5a7b1e16ed8,Chuangchuang Tan; Xiang Ming; Jinglu Wang; Yan Lu,location:7b971ad17fd639eb8aac,Beijing,Beijing,China,39.979967,116.310281,confirmed,COMPLETE,curated_confirmed_location,"Source-backed affiliation, canonical institution identity, and selected location are represented by the exported mapping lineage."
curated:368fa53bc0f254e0eb1a,Semantic Visual Anomaly Detection and Reasoning in AI-Generated Images,institution:ad9c8964d01f80d8,Shenzhen University,mapping:0e319a861670c48a6657,Bin Li,location:ad9c8964d01f80d86e66,Shenzhen,Guangdong,China,22.5411039,113.9389034,confirmed,COMPLETE,curated_confirmed_location,"Source-backed affiliation, canonical institution identity, and selected location are represented by the exported mapping lineage."
curated:368fa53bc0f254e0eb1a,Semantic Visual Anomaly Detection and Reasoning in AI-Generated Images,institution:bf6195b78f6dc951,Beijing Jiaotong University,mapping:12a75ed4014ac7e2e052,Chuangchuang Tan; Renshuai Tao; Yunchao Wei; Yao Zhao,location:bf6195b78f6dc9516f3e,Beijing,Beijing,China,39.959,116.348,confirmed,COMPLETE,curated_confirmed_location,"Source-backed affiliation, canonical institution identity, and selected location are represented by the exported mapping lineage."
,Semantic-Aware Lightweight AI Model for Deepfake Image Detection in Online Retail Platforms,institution:018c503420feda75,University of Petroleum and Energy Studies,,Akshat Gaurav,,Dehradun,,India,30.32443,78.03392,automatic_export_eligible,COMPLETE,existing_validated_automatic_location,Existing public location provenance retained; no new geocoding or independent re-review.
,Semantic-Aware Lightweight AI Model for Deepfake Image Detection in Online Retail Platforms,institution:1633fd8e927f7e3e,Chaoyang University of Technology,,Shin‐Hung Pan,,Taichung,Taiwan,China,24.1469,120.6839,automatic_export_eligible,COMPLETE,existing_validated_automatic_location,Existing public location provenance retained; no new geocoding or independent re-review.
,Semantic-Aware Lightweight AI Model for Deepfake Image Detection in Online Retail Platforms,institution:206ade2edf5e4762,King Abdulaziz University,,Wadee Alhalabi,,Jeddah,,Saudi Arabia,21.49012,39.18624,automatic_export_eligible,COMPLETE,existing_validated_automatic_location,Existing public location provenance retained; no new geocoding or independent re-review.
,Semantic-Aware Lightweight AI Model for Deepfake Image Detection in Online Retail Platforms,institution:8d0a45af450fc806,Symbiosis International University,,Ramakrishnan Raman,,Pune,,India,18.51957,73.85535,automatic_export_eligible,COMPLETE,existing_validated_automatic_location,Existing public location provenance retained; no new geocoding or independent re-review.
,Semantic-Aware Lightweight AI Model for Deepfake Image Detection in Online Retail Platforms,institution:ec338d817ec6cd01,Dar Al-Hekma University,,Saoucène Mahfoudh; Turki Althaqafi; Wadee Alhalabi,,Jeddah,,Saudi Arabia,21.49012,39.18624,automatic_export_eligible,COMPLETE,existing_validated_automatic_location,Existing public location provenance retained; no new geocoding or independent re-review.
,Semantic-Aware Lightweight AI Model for Deepfake Image Detection in Online Retail Platforms,institution:fbe1022dfe93b657,Asia University,,Ching‐Hsien Hsu,,Taichung,Taiwan,China,24.1469,120.6839,automatic_export_eligible,COMPLETE,existing_validated_automatic_location,Existing public location provenance retained; no new geocoding or independent re-review.
curated:b75682820c5af85396c1,Semi-Truths: A Large-Scale Dataset of AI-Augmented Images for Evaluating Robustness of AI-Generated Image Detectors,institution:c2dab080fa856716,Georgia Institute of Technology,mapping:9b4d832d07f329823be2,Anisha Pal; Julia Kruk; Mansi Phute; Manognya Bhattaram; Duen Horng Chau; Judy Hoffman,location:c2dab080fa8567162a91,Atlanta,Georgia,United States,33.7760948,-84.3988077,confirmed,COMPLETE,curated_confirmed_location,"Source-backed affiliation, canonical institution identity, and selected location are represented by the exported mapping lineage."
curated:b75682820c5af85396c1,Semi-Truths: A Large-Scale Dataset of AI-Augmented Images for Evaluating Robustness of AI-Generated Image Detectors,institution:ed72534d79b73fac,Stanford University,mapping:4688c30ff3a0acb5b4e9,Diyi Yang,location:ed72534d79b73fac5b08,Stanford University,California,United States,37.4275,-122.1697,confirmed,COMPLETE,curated_confirmed_location,"Source-backed affiliation, canonical institution identity, and selected location are represented by the exported mapping lineage."
curated:b286f4a33839eed35258,Shadows Don't Lie and Lines Can't Bend! Generative Models Don't Know Projective Geometry…for Now,institution:386b7a411f4a3220,Toyota Technological Institute at Chicago,mapping:4ca6afd7962e90523eeb,Anand Bhattad,location:386b7a411f4a32207506,Chicago,Illinois,United States,41.7846,-87.6024,confirmed,COMPLETE,curated_confirmed_location,"Source-backed affiliation, canonical institution identity, and selected location are represented by the exported mapping lineage."
curated:b286f4a33839eed35258,Shadows Don't Lie and Lines Can't Bend! Generative Models Don't Know Projective Geometry…for Now,institution:bf3ddd5552577ff0,University of Illinois Urbana-Champaign,mapping:f0371b34ab032286200d,Ayush Sarkar; Hanlin Mai; Amitabh Mahapatra; Svetlana Lazebnik; David Forsyth,location:bf3ddd5552577ff02ad6,Urbana,Illinois,United States,40.1095,-88.2272,confirmed,COMPLETE,curated_confirmed_location,"Source-backed affiliation, canonical institution identity, and selected location are represented by the exported mapping lineage."
curated:0400c6b857f88ce96704,SimLBR: Learning to Detect Fake Images by Learning to Detect Real Images,institution:5de5568dbc559111,Oak Ridge National Laboratory,mapping:cfce306c3e90ff71a59c,Jacob Arndt; Philipe Ambrozio Dias; Dalton Lunga,location:7b7d50c7c5896f5a50cb,Oak Ridge,Tennessee,United States,35.9301332,-84.3119307,confirmed,COMPLETE,curated_confirmed_location,"Source-backed affiliation, canonical institution identity, and selected location are represented by the exported mapping lineage."
curated:0400c6b857f88ce96704,SimLBR: Learning to Detect Fake Images by Learning to Detect Real Images,institution:97a78e53265fe882,Washington University in St. Louis,mapping:57c6d88c367899a9a778,Aayush Dhakal; Subash Khanal; Srikumar Sastry; Nathan Jacobs,location:e0ee7e736afd0f368f1e,Saint Louis,Missouri,United States,38.6472402,-90.3084017,confirmed,COMPLETE,curated_confirmed_location,"Source-backed affiliation, canonical institution identity, and selected location are represented by the exported mapping lineage."
curated:fe98b5f37967f5a51b86,Simple Detection of AI-Generated Images Based on Noise Correlation,institution:060062d7bc15b07c,"Center for Data-Driven Science and AI, Tohoku University, Sendai, Japan",mapping:53d1106780c2d1a3230f,Minoru Kuribayashi,location:060062d7bc15b07c0c9d,Sendai,Miyagi,Japan,38.2577,140.8394,confirmed,COMPLETE,curated_confirmed_location,"Source-backed affiliation, canonical institution identity, and selected location are represented by the exported mapping lineage."
curated:fe98b5f37967f5a51b86,Simple Detection of AI-Generated Images Based on Noise Correlation,institution:bf0065cf4529e953,University of Technology of Troyes,mapping:9cbd1ac85b1fc238705e,Antoine Mallet; Arthur Méreur; Rémi Cogranne,location:bf0065cf4529e95358f2,Troyes,Grand Est,France,48.2696,4.0668,confirmed,COMPLETE,curated_confirmed_location,"Source-backed affiliation, canonical institution identity, and selected location are represented by the exported mapping lineage."
curated:fe98b5f37967f5a51b86,Simple Detection of AI-Generated Images Based on Noise Correlation,institution:c76018a960d2cd12,University of Lille,mapping:73f5f4bc08a766777b35,Patrick Bas,location:c76018a960d2cd12355c,Villeneuve-d'Ascq,Hauts-de-France,France,50.6093,3.139,confirmed,COMPLETE,curated_confirmed_location,"Source-backed affiliation, canonical institution identity, and selected location are represented by the exported mapping lineage."
curated:62b0a9ae8be24d9f02e0,Single-Model Attribution of Generative Models Through Final-Layer Inversion,institution:5a73fc9b412db6f4,University of Hamburg,mapping:0d6f2949bff07b1260b7,Johannes Lederer,location:5a73fc9b412db6f4212a,Hamburg,Hamburg,Germany,53.5661,9.9846,confirmed,COMPLETE,curated_confirmed_location,"Source-backed affiliation, canonical institution identity, and selected location are represented by the exported mapping lineage."
curated:62b0a9ae8be24d9f02e0,Single-Model Attribution of Generative Models Through Final-Layer Inversion,institution:8f8dd64c6339c8ff,Ruhr University Bochum,mapping:b589a7ca8f399c04d9e6,Mike Laszkiewicz; Jonas Ricker; Asja Fischer,location:8f8dd64c6339c8ff95bb,Bochum,North Rhine-Westphalia,Germany,51.4472,7.2603,confirmed,COMPLETE,curated_confirmed_location,"Source-backed affiliation, canonical institution identity, and selected location are represented by the exported mapping lineage."
curated:8c85a92b00aa321fbe8c,Source Attribution for Images Generated by Diffusion-Based Text-to-Image Models: Exploring the Forensics Approach,institution:d8d45546142be201,Macau University of Science and Technology,,Xinqi Jiang; Jinyu Tian,,Macao,Macau,China,22.20056,113.54611,automatic_export_eligible,COMPLETE,existing_validated_automatic_location,Existing public location provenance retained; no new geocoding or independent re-review.
curated:7677a61ea68774dc5023,Source Attribution of AI-Generated Image via Orthogonal Subspace Mixture-of-Experts,institution:ad9c8964d01f80d8,Shenzhen University,mapping:c40bdf8078f86620b016,Qiutong Huang; Zhenyu Wu; Haojie Liu; Yuanman Li; Xia Li,location:ad9c8964d01f80d86e66,Shenzhen,Guangdong,China,22.5411039,113.9389034,confirmed,COMPLETE,curated_confirmed_location,"Source-backed affiliation, canonical institution identity, and selected location are represented by the exported mapping lineage."
curated:a1eea412716e4d045da6,Source Attribution of AI-Generated Images in Data Scarcity Conditions via Training-Free Resynthesis,institution:65dbfd1e022f02e2,University of Siena,mapping:fc5a4a0ff7b7abc291c4,Pietro Bongini; Andrea Costanzo; Benedetta Tondi; Mauro Barni,location:65dbfd1e022f02e2ac68,Siena,Toscany,Italy,43.3191,11.3328,confirmed,COMPLETE,curated_confirmed_location,"Source-backed affiliation, canonical institution identity, and selected location are represented by the exported mapping lineage."
curated:a1eea412716e4d045da6,Source Attribution of AI-Generated Images in Data Scarcity Conditions via Training-Free Resynthesis,institution:baa1df7c4adddbda,Fudan University,mapping:3fd1b361c0e73ea1c81f,Meiling Li,location:baa1df7c4adddbda8d0b,Shanghai,Shanghai,China,31.2989,121.5018,confirmed,COMPLETE,curated_confirmed_location,"Source-backed affiliation, canonical institution identity, and selected location are represented by the exported mapping lineage."
curated:35aae1e2c9d673ab1a97,Source Attribution of AI-Generated Images: A Principled Survey,institution:65dbfd1e022f02e2,University of Siena,mapping:e8c28a522b523fbce1d6,Benedetta Tondi; Pietro Bongini; Mauro Barni,location:65dbfd1e022f02e2ac68,Siena,Toscany,Italy,43.3191,11.3328,confirmed,COMPLETE,curated_confirmed_location,"Source-backed affiliation, canonical institution identity, and selected location are represented by the exported mapping lineage."
curated:35aae1e2c9d673ab1a97,Source Attribution of AI-Generated Images: A Principled Survey,institution:baa1df7c4adddbda,Fudan University,mapping:741b65f145c1af759479,Meiling Li; Zhenxing Qian; Xinpeng Zhang,location:baa1df7c4adddbda8d0b,Shanghai,Shanghai,China,31.2989,121.5018,confirmed,COMPLETE,curated_confirmed_location,"Source-backed affiliation, canonical institution identity, and selected location are represented by the exported mapping lineage."
curated:fb05dfbc95518f6fb1db,Source Generator Attribution via Inversion,institution:834e8b5e7fb040b9,Honeywell (United States),,Michael Albright; Scott McCloskey,,Charlotte,,United States,35.22709,-80.84313,automatic_export_eligible,COMPLETE,existing_validated_automatic_location,Existing public location provenance retained; no new geocoding or independent re-review.
curated:37949b937d2159b47e73,Spatial-Temporal Forgery Trace Based Forgery Image Identification,institution:9b91aedca1273b56,Zhejiang University of Technology,mapping:4039a909cbb16ef73ffb,Jie Lei,location:9b91aedca1273b5693f7,Hangzhou,Zhejiang,China,30.2954,120.1609,confirmed,COMPLETE,curated_confirmed_location,"Source-backed affiliation, canonical institution identity, and selected location are represented by the exported mapping lineage."
curated:37949b937d2159b47e73,Spatial-Temporal Forgery Trace Based Forgery Image Identification,institution:e433baf78e80004b,Zhejiang University,mapping:bd86d74d85a47e2268a8,Yuxing Wang; Zunlei Feng; Yi-Xiang Wang; Hengrui Lou; Binjia Zhou; Mingli Song; Yijun Bei,location:e433baf78e80004bdaba,Hangzhou,Zhejiang,China,30.3083,120.0867,confirmed,COMPLETE,curated_confirmed_location,"Source-backed affiliation, canonical institution identity, and selected location are represented by the exported mapping lineage."
curated:a76d568cfe5c26b07933,Spatial-Temporal Reconstruction Error for AIGC-Based Forgery Image Detection,institution:73f449eb6a3c05d3,Alibaba Group,mapping:1d5c84575f83c2db6177,Zhenjiang Liu,location:73f449eb6a3c05d327e2,Hangzhou,Zhejiang,China,30.1918037,120.185449,confirmed,COMPLETE,curated_confirmed_location,"Source-backed affiliation, canonical institution identity, and selected location are represented by the exported mapping lineage."
curated:a76d568cfe5c26b07933,Spatial-Temporal Reconstruction Error for AIGC-Based Forgery Image Detection,institution:91e76fe32279c58d,Hangzhou High-Tech Zone (Binjiang) Institute of Blockchain and Data Security,mapping:67fe303ee819f53d351a,Chengji Shen; Kaixuan Chen; Mingli Song; Zunlei Feng,location:91e76fe32279c58dea46,Hangzhou,Zhejiang,China,30.2079,120.2108,confirmed,COMPLETE,curated_confirmed_location,"Source-backed affiliation, canonical institution identity, and selected location are represented by the exported mapping lineage."
curated:a76d568cfe5c26b07933,Spatial-Temporal Reconstruction Error for AIGC-Based Forgery Image Detection,institution:9b91aedca1273b56,Zhejiang University of Technology,mapping:5a975fc8a0fa112590b7,Jie Lei,location:9b91aedca1273b5693f7,Hangzhou,Zhejiang,China,30.2954,120.1609,confirmed,COMPLETE,curated_confirmed_location,"Source-backed affiliation, canonical institution identity, and selected location are represented by the exported mapping lineage."
curated:a76d568cfe5c26b07933,Spatial-Temporal Reconstruction Error for AIGC-Based Forgery Image Detection,institution:e433baf78e80004b,Zhejiang University,mapping:d6d4c837db401aef2668,Chengji Shen; Kaixuan Chen; Mingli Song; Zunlei Feng,location:e433baf78e80004bdaba,Hangzhou,Zhejiang,China,30.3083,120.0867,confirmed,COMPLETE,curated_confirmed_location,"Source-backed affiliation, canonical institution identity, and selected location are represented by the exported mapping lineage."
curated:8227355571a6d402e4f8,SpectraGuard: Provably-Private Deepfake Detection with Learnable Frequency-Domain Differential Privacy,institution:70ccb485197bbb6c,National University of Singapore,mapping:90846582d03b3e970464,Yunqiu Xu,location:70ccb485197bbb6c89fd,Singapore,Singapore,Singapore,1.2959845,103.7766186,confirmed,COMPLETE,curated_confirmed_location,"Source-backed affiliation, canonical institution identity, and selected location are represented by the exported mapping lineage."
curated:8227355571a6d402e4f8,SpectraGuard: Provably-Private Deepfake Detection with Learnable Frequency-Domain Differential Privacy,institution:7e10613327a4e264,Chongqing University of Posts and Telecommunications,mapping:3e1e09dde9c217aaf9da,Shanzhong Lei; Yang Wei; Baoyue Hu; Hong Wang; Xiuli Bi; Bin Xiao,location:7e10613327a4e264467e,Chongqing,Chongqing,China,29.5315,106.6043,confirmed,COMPLETE,curated_confirmed_location,"Source-backed affiliation, canonical institution identity, and selected location are represented by the exported mapping lineage."
curated:31a4d429d7c5750bd778,Spot the Fake: Large Multimodal Model-Based Synthetic Image Detection with Artifact Explanation,institution:5c85faa51cc57a24,Sun Yat-sen University,mapping:95b505642e4936a6a93e,Junyan Ye; Weijia Li,location:5c85faa51cc57a24f560,Guangzhou,Guangdong,China,23.09959,113.29251,confirmed,COMPLETE,curated_confirmed_location,"Source-backed affiliation, canonical institution identity, and selected location are represented by the exported mapping lineage."
curated:31a4d429d7c5750bd778,Spot the Fake: Large Multimodal Model-Based Synthetic Image Detection with Artifact Explanation,institution:5dbb9ac6a407e079,"The Chinese University of Hong Kong, Shenzhen",mapping:957447ffad87737a68cc,Yize Chen,location:5dbb9ac6a407e07971dc,Shenzhen,Guangdong,China,22.6867,114.2117,confirmed,COMPLETE,curated_confirmed_location,"Source-backed affiliation, canonical institution identity, and selected location are represented by the exported mapping lineage."
curated:31a4d429d7c5750bd778,Spot the Fake: Large Multimodal Model-Based Synthetic Image Detection with Artifact Explanation,institution:c107a95b6cb53ac5,Shanghai Artificial Intelligence Laboratory,mapping:5f1344ad40fea07d7060,Siwei Wen; Junyan Ye; Peilin Feng; Hengrui Kang; Zichen Wen; Jiang Wu; Conghui He; Weijia Li,location:c107a95b6cb53ac5425f,Shanghai,Shanghai,China,31.1779,121.4625,confirmed,COMPLETE,curated_confirmed_location,"Source-backed affiliation, canonical institution identity, and selected location are represented by the exported mapping lineage."
curated:31a4d429d7c5750bd778,Spot the Fake: Large Multimodal Model-Based Synthetic Image Detection with Artifact Explanation,institution:f336b3005794930b,Beihang University,mapping:f0136d7eb1c37f6b3aca,Siwei Wen; Wenjun Wu,location:f336b3005794930bb660,Beijing,Beijing,China,39.9811,116.3443,confirmed,COMPLETE,curated_confirmed_location,"Source-backed affiliation, canonical institution identity, and selected location are represented by the exported mapping lineage."
curated:31a4d429d7c5750bd778,Spot the Fake: Large Multimodal Model-Based Synthetic Image Detection with Artifact Explanation,institution:fccd5d0ac9cc52f9,Shanghai Jiao Tong University,mapping:55dfecf191ed751e15cb,Hengrui Kang; Zichen Wen,location:fccd5d0ac9cc52f960f2,Shanghai,Shanghai,China,31.0254,121.4331,confirmed,COMPLETE,curated_confirmed_location,"Source-backed affiliation, canonical institution identity, and selected location are represented by the exported mapping lineage."
curated:d040be3d1fb83a51311e,Stay-Positive: A Case for Ignoring Real Image Features in Fake Image Detection,institution:3e2e527953176c93,University of Wisconsin-Madison,mapping:d89310ea5f0e690b29ba,Anirudh Sundara Rajan; Yong Jae Lee,location:3e2e527953176c93d518,Madison,Wisconsin,United States,43.0758,-89.4039,confirmed,COMPLETE,curated_confirmed_location,"Source-backed affiliation, canonical institution identity, and selected location are represented by the exported mapping lineage."
curated:b7664c48f91262cfe091,StealthDiffusion: Towards Evading Diffusion Forensic Detection Through Diffusion Model,institution:929ddef9540ec1e7,Xiamen University,mapping:e2b3eab72b06c52ba664,Ziyin Zhou; Ke Sun; Zhongxi Chen; Huafeng Kuang; Xiaoshuai Sun; Rongrong Ji,location:929ddef9540ec1e76a47,Xiamen,Fujian,China,24.4389,118.0947,confirmed,COMPLETE,curated_confirmed_location,"Source-backed affiliation, canonical institution identity, and selected location are represented by the exported mapping lineage."
curated:8640d27a91b903de7754,Suspicious Frequency Amplified Hybrid Framework for Generalizable AIGC Image Detection,institution:39263f3dbe1e47f9,Shandong Normal University,mapping:c4b14af37764c340154d,Wenbo Wan; Lingchen Gu,location:7fa401aff7a6166d4a21,Jinan,Shandong,China,36.6514701,117.0351431,confirmed,COMPLETE,curated_confirmed_location,"Source-backed affiliation, canonical institution identity, and selected location are represented by the exported mapping lineage."
curated:8640d27a91b903de7754,Suspicious Frequency Amplified Hybrid Framework for Generalizable AIGC Image Detection,institution:53e6219d595780e3,University of Macau,mapping:c2f97866c74da61655f1,Jiantao Zhou,location:53e6219d595780e300c1,Macau,Macau,China,22.1284604,113.5438378,confirmed,COMPLETE,curated_confirmed_location,"Source-backed affiliation, canonical institution identity, and selected location are represented by the exported mapping lineage."
curated:8640d27a91b903de7754,Suspicious Frequency Amplified Hybrid Framework for Generalizable AIGC Image Detection,institution:c33f0550d2263d47,Great Bay University,mapping:f55892971fcaa3ac06f8,Jun Wang; Jian Zou; Zitong Yu; Shuo Ye,location:839678c5fe43039a2de1,Dongguan,Guangdong,China,22.7603,113.863,confirmed,COMPLETE,curated_confirmed_location,"Source-backed affiliation, canonical institution identity, and selected location are represented by the exported mapping lineage."
curated:8640d27a91b903de7754,Suspicious Frequency Amplified Hybrid Framework for Generalizable AIGC Image Detection,institution:e721b03b6f6c172d,University of Science and Technology of China,mapping:f97602d701dfe142c021,Weiming Zhang,location:e721b03b6f6c172dd7c7,Hefei,Anhui,China,31.8229,117.2808,confirmed,COMPLETE,curated_confirmed_location,"Source-backed affiliation, canonical institution identity, and selected location are represented by the exported mapping lineage."
curated:ec9e2d806450150723a4,SynerDetect: Hierarchical Synergistic Learning for Generalizable AI-Generated Image Detection,institution:5c85faa51cc57a24,Sun Yat-sen University,mapping:16fa18711afc5fe30816,Qing Zhang,location:5c85faa51cc57a24f560,Guangzhou,Guangdong,China,23.09959,113.29251,confirmed,COMPLETE,curated_confirmed_location,"Source-backed affiliation, canonical institution identity, and selected location are represented by the exported mapping lineage."
curated:ec9e2d806450150723a4,SynerDetect: Hierarchical Synergistic Learning for Generalizable AI-Generated Image Detection,institution:942667142da716c5,The Hong Kong University of Science and Technology (Guangzhou),mapping:4f997f54cfcf57d93c2b,Shuaibo Li; Yijun Yang; Zhaohu Xing; Hongqiu Wang; Pengfei Hao; Xingyu Li; Zekai Liu; Lei Zhu,location:23b97c859d988b076183,Guangzhou,Guangdong,China,22.889043,113.484507,confirmed,COMPLETE,curated_confirmed_location,"Source-backed affiliation, canonical institution identity, and selected location are represented by the exported mapping lineage."
curated:ec9e2d806450150723a4,SynerDetect: Hierarchical Synergistic Learning for Generalizable AI-Generated Image Detection,institution:fa80d3c071c298e1,The Hong Kong University of Science and Technology,mapping:fe86d9d0ab2d6c18b105,Lei Zhu,location:fa80d3c071c298e1116a,New Territories,Hong Kong,China,22.3358031,114.2659088,confirmed,COMPLETE,curated_confirmed_location,"Source-backed affiliation, canonical institution identity, and selected location are represented by the exported mapping lineage."
curated:aaf9b7c69d384a3c3140,Synthbuster: Towards Detection of Diffusion Model Generated Images,institution:0c5e25ec47ce33fe,Paris-Saclay University,,Quentin Bammey,,Gif-sur-Yvette,,France,48.68333,2.13333,automatic_export_eligible,COMPLETE,existing_validated_automatic_location,Existing public location provenance retained; no new geocoding or independent re-review.
curated:aaf9b7c69d384a3c3140,Synthbuster: Towards Detection of Diffusion Model Generated Images,institution:29645bb566fcd576,French National Centre for Scientific Research,,Quentin Bammey,,Paris,,France,48.85341,2.3488,automatic_export_eligible,COMPLETE,existing_validated_automatic_location,Existing public location provenance retained; no new geocoding or independent re-review.
curated:4cabfafef8c066c51924,Synthetic Image Detection Method Integrating Neural Ordinary Differential Equations and Spatial Attention Transformer,institution:24b3b4892146f8f3,Guizhou Police College,mapping:bc5e60e53cb4d8bbc5dd,Qian Zhang,location:1ceb66eac09f04a46a1d,Guiyang,Guizhou,China,26.554217,106.775951,confirmed,COMPLETE,curated_confirmed_location,"Source-backed affiliation, canonical institution identity, and selected location are represented by the exported mapping lineage."
curated:4cabfafef8c066c51924,Synthetic Image Detection Method Integrating Neural Ordinary Differential Equations and Spatial Attention Transformer,institution:905a9d3ec1d52c0b,Guizhou Minzu University,mapping:95fcf4cd41796e12da56,Tao Yang; Qian Zhang; Bin Hu; Haiyan Jin; Lian Zhu,location:02b36203bb7e3fd12a21,Guiyang,Guizhou,China,26.386,106.63,confirmed,COMPLETE,curated_confirmed_location,"Source-backed affiliation, canonical institution identity, and selected location are represented by the exported mapping lineage."
,Synthetic Image Verification in the Era of Generative Artificial Intelligence: What Works and What Isn’t There yet,institution:d046d2c57bb3a863,University of Naples Federico II,,Diangarti Bhalang Tariang; Riccardo Corvi; Davide Cozzolino; Giovanni Poggi; Luisa Verdoliva,,Naples,,Italy,40.85216,14.26811,automatic_export_eligible,COMPLETE,existing_validated_automatic_location,Existing public location provenance retained; no new geocoding or independent re-review.
,Synthetic Image Verification in the Era of Generative Artificial Intelligence: What Works and What Isn’t There yet,institution:fe8410750f429b37,Nvidia (United States),,Koki Nagano,,Santa Clara,,United States,37.35411,-121.95524,automatic_export_eligible,COMPLETE,existing_validated_automatic_location,Existing public location provenance retained; no new geocoding or independent re-review.
curated:830febb52786dbaebbb5,T-GD: Transferable GAN-Generated Images Detection Framework,institution:e80b94c605da24ce,Sungkyunkwan University,mapping:9c5ab1f170550824f728,Hyeonseong Jeon; Young Oh Bang; Junyaup Kim; Simon S. Woo,location:e80b94c605da24cea15f,Suwon,Gyeonggi-do,South Korea,37.2939,126.9757,confirmed,COMPLETE,curated_confirmed_location,"Source-backed affiliation, canonical institution identity, and selected location are represented by the exported mapping lineage."
curated:98977aa8b726ead071fe,TAP Into the Patch Tokens: Leveraging Vision Foundation Model Features for AI-Generated Image Detection,institution:a7afa880cf905469,Mannheim University of Applied Sciences,mapping:6da9bc4b119a0fd874e5,Ahmed Abdullah; Nikolas Ebert; Oliver Wasenmuller,location:7311a982a4770dec9f73,Mannheim,Baden-Württemberg,Germany,49.4699765,8.4819024,confirmed,COMPLETE,curated_confirmed_location,"Source-backed affiliation, canonical institution identity, and selected location are represented by the exported mapping lineage."
curated:1ba260f83ce5cec0f723,TRIDENT: Robust Deepfake Detection via Tri-Modal Forensic Ensembles,institution:018c503420feda75,University of Petroleum and Energy Studies,mapping:0ca693cd2fb45ae3262a,Sachin Chaudhary,location:2819aae0d950b5d6e704,Dehradun,Uttarakhand,India,30.41717,77.96819,confirmed,COMPLETE,curated_confirmed_location,"Source-backed affiliation, canonical institution identity, and selected location are represented by the exported mapping lineage."
curated:1ba260f83ce5cec0f723,TRIDENT: Robust Deepfake Detection via Tri-Modal Forensic Ensembles,institution:0c014e2f36e84d1b,Indian Institute of Technology Mandi,mapping:83036fa28ea04eb901db,Hardik Sharma; Aashish Negi; Praful Hambarde; Amit Shukla,location:d787cd26837c5fb7d191,Mandi,Himachal Pradesh,India,31.7063321,76.9385693,confirmed,COMPLETE,curated_confirmed_location,"Source-backed affiliation, canonical institution identity, and selected location are represented by the exported mapping lineage."
curated:1ba260f83ce5cec0f723,TRIDENT: Robust Deepfake Detection via Tri-Modal Forensic Ensembles,institution:d526409d3c10f4a6,Reagvis Labs Pvt. Ltd.,mapping:9564d84117366a099804,Prateek Shaily; Jayant Kumar,location:c9bb207a2956f10fb967,Dehradun,Uttarakhand,India,30.315,78.0029,confirmed,COMPLETE,curated_confirmed_location,"Source-backed affiliation, canonical institution identity, and selected location are represented by the exported mapping lineage."
curated:1ba260f83ce5cec0f723,TRIDENT: Robust Deepfake Detection via Tri-Modal Forensic Ensembles,institution:f04b96a9716ab2f4,Mohamed bin Zayed University of Artificial Intelligence,mapping:ceebf20902d848a0e885,Akshay Dudhane,location:f04b96a9716ab2f49ddf,Abu Dhabi,Abu Dhabi,United Arab Emirates,24.4329,54.6178,confirmed,COMPLETE,curated_confirmed_location,"Source-backed affiliation, canonical institution identity, and selected location are represented by the exported mapping lineage."
curated:a99dc95e4b7a85bd938f,TWIGMA: A Dataset of AI-Generated Images with Metadata from Twitter,institution:ed72534d79b73fac,Stanford University,,Yiqun T. Chen; James Zou,,Stanford,,United States,37.42411,-122.16608,automatic_export_eligible,COMPLETE,existing_validated_automatic_location,Existing public location provenance retained; no new geocoding or independent re-review.
,Take Fake as Real: Realistic-Like Robust Black-Box Adversarial Attack to Evade AIGC Detection,institution:f23b95ce92de4591,Wuhan University,mapping:acf672a05f9b2a094a94,Caiyun Xie; Dengpan Ye; Yunming Zhang; Long Tang; Yunna Lv; Jiacheng Deng; Jiawei Song,location:f23b95ce92de459152b1,Wuhan,Hubei,China,30.5407,114.3603,confirmed,COMPLETE,curated_confirmed_location,"Source-backed affiliation, canonical institution identity, and selected location are represented by the exported mapping lineage."
,Testing human ability to detect ‘deepfake’ images of human faces,institution:5e520dd2cd0a49c8,Tilburg University,,Bennett Kleinberg,,Tilburg,,Netherlands,51.55551,5.0913,automatic_export_eligible,COMPLETE,existing_validated_automatic_location,Existing public location provenance retained; no new geocoding or independent re-review.
,Testing human ability to detect ‘deepfake’ images of human faces,institution:fa3c75d12710670b,University College London,,Sergi D. Bray; Shane D. Johnson,,London,,United Kingdom,51.50853,-0.12574,automatic_export_eligible,COMPLETE,existing_validated_automatic_location,Existing public location provenance retained; no new geocoding or independent re-review.
,Text Modality Oriented Image Feature Extraction for Detecting Diffusion-Based DeepFake,institution:a8d8c5fe60be3e65,East China Normal University,mapping:518116b579feb60eb1d5,Di Yang; Geguang Pu,location:a8d8c5fe60be3e652f83,Shanghai,Shanghai,China,31.2286,121.4079,confirmed,COMPLETE,curated_confirmed_location,"Source-backed affiliation, canonical institution identity, and selected location are represented by the exported mapping lineage."
,Text Modality Oriented Image Feature Extraction for Detecting Diffusion-Based DeepFake,institution:c111feb812f1a7ed,Nanyang Technological University,mapping:b492da3b1220143c5182,Yihao Huang; Xiaojun Jia; Yang Liu,location:c111feb812f1a7ed9465,Singapore,Singapore,Singapore,1.3483,103.6831,confirmed,COMPLETE,curated_confirmed_location,"Source-backed affiliation, canonical institution identity, and selected location are represented by the exported mapping lineage."
,Text Modality Oriented Image Feature Extraction for Detecting Diffusion-Based DeepFake,institution:c83aeae887827902,New York University,mapping:ceedaf82a14391d89ab8,Felix Juefei-Xu,location:c83aeae887827902336d,New York,New York,United States,40.7295,-73.9965,confirmed,COMPLETE,curated_confirmed_location,"Source-backed affiliation, canonical institution identity, and selected location are represented by the exported mapping lineage."
,Text Modality Oriented Image Feature Extraction for Detecting Diffusion-Based DeepFake,institution:e81a0314e783d8a4,"Agency for Science, Technology and Research",mapping:4c5c9309637a3bf7bcfe,Qing Guo,location:91aeee1163fdce71a822,Singapore,Singapore,Singapore,1.2996,103.7886,confirmed,COMPLETE,curated_confirmed_location,"Source-backed affiliation, canonical institution identity, and selected location are represented by the exported mapping lineage."
,Text Modality Oriented Image Feature Extraction for Detecting Diffusion-Based DeepFake,institution:f23b95ce92de4591,Wuhan University,mapping:2294c4cd637a66a3f33b,Run Wang,location:f23b95ce92de459152b1,Wuhan,Hubei,China,30.5407,114.3603,confirmed,COMPLETE,curated_confirmed_location,"Source-backed affiliation, canonical institution identity, and selected location are represented by the exported mapping lineage."
curated:56e9e085bbe0342dab35,TextureCrop: Enhancing Synthetic Image Detection Through Texture-Based Cropping,institution:f841aa8a7a0d29aa,Centre for Research and Technology Hellas,mapping:dad69f336d802d2a4e46,Despina Konstantinidou; Christos Koutlis; Symeon Papadopoulos,location:2be8edf081e0c9efdf5d,Thessaloniki,Central Macedonia,Greece,40.64361,22.93086,confirmed,COMPLETE,curated_confirmed_location,"Source-backed affiliation, canonical institution identity, and selected location are represented by the exported mapping lineage."
curated:589870527983af575480,The Deployment Gap in AI Media Detection: Platform-Aware and Visually Constrained Adversarial Evaluation,institution:4c6b8eaa9cee97d7,Indiana University,mapping:0116d58f49baa1bbaa0e,Aishwarya Budhkar,location:32cbd2e37d72f83fd2f3,Bloomington,Indiana,United States,39.1660594,-86.5265353,confirmed,COMPLETE,curated_confirmed_location,"Source-backed affiliation, canonical institution identity, and selected location are represented by the exported mapping lineage."
curated:589870527983af575480,The Deployment Gap in AI Media Detection: Platform-Aware and Visually Constrained Adversarial Evaluation,institution:bcff30a7f8b18e0a,"Upper Hand, Inc.",mapping:af6ebff4918bb5223443,Trishita Dhara,location:ef7f8faf60d3e7f0fdd5,Indianapolis,Indiana,United States,39.7682188,-86.1554749,confirmed,COMPLETE,curated_confirmed_location,"Source-backed affiliation, canonical institution identity, and selected location are represented by the exported mapping lineage."
curated:589870527983af575480,The Deployment Gap in AI Media Detection: Platform-Aware and Visually Constrained Adversarial Evaluation,institution:e3c54da54efe6e7e,"ACE Rent A Car Reservations, Inc.",mapping:87c6054c82e6ec9e3420,Siddhesh Sheth,location:55e1b0548dc21b254bd5,Indianapolis,Indiana,United States,39.7673866,-86.14142,confirmed,COMPLETE,curated_confirmed_location,"Source-backed affiliation, canonical institution identity, and selected location are represented by the exported mapping lineage."
curated:bbe4e9e8c5b41e467a76,The Face Deepfake Detection Challenge,institution:17e63acd624ced9b,University of Cagliari,mapping:8adbcc73dafb5570a09d,Giovanni Puglisi; Gianpaolo Perelli; Sara Concas; Carlo Cuccu; Giulia Orrù; Gian Luca Marcialis,location:92de3a20bb2cd0036250,Cagliari,Sardinia,Italy,39.21722,9.11472,confirmed,COMPLETE,curated_confirmed_location,"Source-backed affiliation, canonical institution identity, and selected location are represented by the exported mapping lineage."
curated:bbe4e9e8c5b41e467a76,The Face Deepfake Detection Challenge,institution:1afce89cd4f3571f,Universitas Mercatorum,mapping:7203c6dff48a4b50b79b,Roberto Caldelli,location:1afce89cd4f3571fdaf4,Rome,Lazio,Italy,41.8936,12.4784,confirmed,COMPLETE,curated_confirmed_location,"Source-backed affiliation, canonical institution identity, and selected location are represented by the exported mapping lineage."
curated:bbe4e9e8c5b41e467a76,The Face Deepfake Detection Challenge,institution:4e0158a865182393,Bank of Italy,mapping:ac6e729a5fcd4a78f821,Oliver Giudice,location:9cf1e343c90c4f74c4ff,Rome,Lazio,Italy,41.897527,12.488347,confirmed,COMPLETE,curated_confirmed_location,"Source-backed affiliation, canonical institution identity, and selected location are represented by the exported mapping lineage."
curated:bbe4e9e8c5b41e467a76,The Face Deepfake Detection Challenge,institution:541450f1f663948c,"Institute of Information Science and Technologies ""Alessandro Faedo"", National Research Council of Italy",mapping:a95df715b0cd0b66e1b0,Davide Alessandro Coccomini; Fabrizio Falchi; Claudio Gennaro; Nicola Messina; Giuseppe Amato,location:541450f1f663948c1bd8,Pisa,Tuscany,Italy,43.7196,10.4217,confirmed,COMPLETE,curated_confirmed_location,"Source-backed affiliation, canonical institution identity, and selected location are represented by the exported mapping lineage."
curated:bbe4e9e8c5b41e467a76,The Face Deepfake Detection Challenge,institution:721b1fe645c5b099,National Inter-University Consortium for Telecommunications,mapping:b6329950d98a9ef95f71,Roberto Caldelli,location:721b1fe645c5b099b647,Florence,Tuscany,Italy,43.8016,11.2452,confirmed,COMPLETE,curated_confirmed_location,"Source-backed affiliation, canonical institution identity, and selected location are represented by the exported mapping lineage."
curated:bbe4e9e8c5b41e467a76,The Face Deepfake Detection Challenge,institution:f13bfb2d3e774fb3,iCTLab s.r.l.,mapping:987448097cf88ef6af77,Antonino Paratore,location:1b60c4bdbda074486d61,Catania,Sicily,Italy,37.5256898,15.0730615,confirmed,COMPLETE,curated_confirmed_location,"Source-backed affiliation, canonical institution identity, and selected location are represented by the exported mapping lineage."
curated:bbe4e9e8c5b41e467a76,The Face Deepfake Detection Challenge,institution:fd8ba2b56bf5212d,University of Catania,mapping:66244773267b0b27f577,Luca Guarnera; Francesco Guarnera; Alessandro Ortis; Sebastiano Battiato,location:fd8ba2b56bf5212da236,Catania,Sicily,Italy,37.5027,15.0873,confirmed,COMPLETE,curated_confirmed_location,"Source-backed affiliation, canonical institution identity, and selected location are represented by the exported mapping lineage."
curated:bbe4e9e8c5b41e467a76,The Face Deepfake Detection Challenge,institution:ff687d6367c7c51d,Amped Software,mapping:000b2e5a2b1807c345ff,Linh M. Q. Bui; Marco Fontani,location:a5b0422287ed9080fcc7,Trieste,Friuli-Venezia Giulia,Italy,45.6573731,13.82967,confirmed,COMPLETE,curated_confirmed_location,"Source-backed affiliation, canonical institution identity, and selected location are represented by the exported mapping lineage."
curated:1e9d05beedcfeea67d34,The Microsoft-Northwestern-WITNESS Benchmark for Deepfake Detection,institution:13600b8b1a017cee,Bar-Ilan University,mapping:7c9e32a184aea656bcc7,Sarit Kraus,location:b0780ebd05bc08266472,Ramat Gan,Tel Aviv District,Israel,32.06778,34.8425,confirmed,COMPLETE,curated_confirmed_location,"Source-backed affiliation, canonical institution identity, and selected location are represented by the exported mapping lineage."
curated:1e9d05beedcfeea67d34,The Microsoft-Northwestern-WITNESS Benchmark for Deepfake Detection,institution:9a7670ce91c30b4d,Northwestern University,mapping:2b0dd38a53134abbd6c1,Marco Postiglione; Chongyang Gao; Isabel Gortner; V. S. Subrahmanian,location:171b6d594f989e642eb4,Evanston,Illinois,United States,42.0557157,-87.6752945,confirmed,COMPLETE,curated_confirmed_location,"Source-backed affiliation, canonical institution identity, and selected location are represented by the exported mapping lineage."
curated:1e9d05beedcfeea67d34,The Microsoft-Northwestern-WITNESS Benchmark for Deepfake Detection,institution:9fbf261b62c1d7c0,Microsoft,mapping:ff6a5131c763286b6105,Thomas Roca; Pengce Wang; Kevin White; Juan Lavista Ferres,location:90097e1154e9ceeb0cb1,Redmond,Washington,United States,47.639597,-122.12845,confirmed,COMPLETE,curated_confirmed_location,"Source-backed affiliation, canonical institution identity, and selected location are represented by the exported mapping lineage."
curated:1e9d05beedcfeea67d34,The Microsoft-Northwestern-WITNESS Benchmark for Deepfake Detection,institution:ba1c566a4bad288c,WITNESS,mapping:c9f132a3e4d87268de5a,Zuzanna Wojciak; Mahsa Alimardani; Shirin Anlen; Sam Gregory,location:b54f7f1adba2fe08dcc8,New York,New York,United States,40.7389,-73.9884,confirmed,COMPLETE,curated_confirmed_location,"Source-backed affiliation, canonical institution identity, and selected location are represented by the exported mapping lineage."
curated:b31395a72552920109fa,The PRISM Benchmark: PhotoRealistic Image Synthesis and Manipulation to Detect Generated Images,institution:e73ae6a6d6ff3735,University of Bologna,mapping:286d048c68d08799ac12,Filippo Bartolucci; Samuele Salti; Giuseppe Lisanti,location:e73ae6a6d6ff3735f995,Bologna,Emilia-Romagna,Italy,44.4964,11.3547,confirmed,COMPLETE,curated_confirmed_location,"Source-backed affiliation, canonical institution identity, and selected location are represented by the exported mapping lineage."
curated:613af6288792f6ece505,The Visual Counter Turing Test (VCT2): A Benchmark for Evaluating AI-Generated Image Detection and the Visual AI Index (VAI),institution:118c2f047da4525d,"International Institute of Information Technology, Naya Raipur",mapping:95192f5f75066b27b440,Sainath Reddy Sankepally,location:118c2f047da4525d8924,Naya Raipur,Chhattisgarh,India,21.1607,81.7081,confirmed,COMPLETE,curated_confirmed_location,"Source-backed affiliation, canonical institution identity, and selected location are represented by the exported mapping lineage."
curated:613af6288792f6ece505,The Visual Counter Turing Test (VCT2): A Benchmark for Evaluating AI-Generated Image Detection and the Visual AI Index (VAI),institution:1a36f9f1487a39da,Manipal University Jaipur,mapping:f3b966e01a7b83d0b3d6,Abhilekh Borah,location:1a36f9f1487a39da4c47,Dahmi Kalan,Rajasthan,India,26.8429063,75.5654289,confirmed,COMPLETE,curated_confirmed_location,"Source-backed affiliation, canonical institution identity, and selected location are represented by the exported mapping lineage."
curated:613af6288792f6ece505,The Visual Counter Turing Test (VCT2): A Benchmark for Evaluating AI-Generated Image Detection and the Visual AI Index (VAI),institution:498778a17add497f,Shenzhen University of Advanced Technology,mapping:796a159bc2de37d13481,Song Wang,location:498778a17add497f0a41,Shenzhen,Guangdong,China,22.7797808,113.9118037,confirmed,COMPLETE,curated_confirmed_location,"Source-backed affiliation, canonical institution identity, and selected location are represented by the exported mapping lineage."
curated:613af6288792f6ece505,The Visual Counter Turing Test (VCT2): A Benchmark for Evaluating AI-Generated Image Detection and the Visual AI Index (VAI),institution:4e140b5268efc364,Texas A&M University,mapping:743a4ede6b6e30ea493c,Hasnat Abdullah,location:4e140b5268efc364e2ae,College Station,Texas,United States,30.6108618,-96.3520606,confirmed,COMPLETE,curated_confirmed_location,"Source-backed affiliation, canonical institution identity, and selected location are represented by the exported mapping lineage."
curated:613af6288792f6ece505,The Visual Counter Turing Test (VCT2): A Benchmark for Evaluating AI-Generated Image Detection and the Visual AI Index (VAI),institution:7266fd3d42f0b9ca,Xpectrum AI,mapping:97f303b76f46caba7f47,Subhankar Ghosh,location:7266fd3d42f0b9ca1a30,San Francisco,California,United States,37.7749,-122.4194,confirmed,COMPLETE,curated_confirmed_location,"Source-backed affiliation, canonical institution identity, and selected location are represented by the exported mapping lineage."
curated:613af6288792f6ece505,The Visual Counter Turing Test (VCT2): A Benchmark for Evaluating AI-Generated Image Detection and the Visual AI Index (VAI),institution:7801abc579496f6a,University of South Carolina,mapping:c707e77d6d56f8d71467,Nasrin Imanpour; Amit Sheth,location:7801abc579496f6a50af,Columbia,South Carolina,United States,33.9928841,-81.0268676,confirmed,COMPLETE,curated_confirmed_location,"Source-backed affiliation, canonical institution identity, and selected location are represented by the exported mapping lineage."
curated:613af6288792f6ece505,The Visual Counter Turing Test (VCT2): A Benchmark for Evaluating AI-Generated Image Detection and the Visual AI Index (VAI),institution:8ab1276f56c9f894,Amazon AI,mapping:ec3f9ec4a249c60c4b33,Vinija Jain,location:8ab1276f56c9f8946b30,Seattle,Washington,United States,47.6224,-122.3365,confirmed,COMPLETE,curated_confirmed_location,"Source-backed affiliation, canonical institution identity, and selected location are represented by the exported mapping lineage."
curated:613af6288792f6ece505,The Visual Counter Turing Test (VCT2): A Benchmark for Evaluating AI-Generated Image Detection and the Visual AI Index (VAI),institution:99ef70abd8f55fae,"BITS Pilani, Hyderabad",mapping:ff1156dec2eb059d6548,Shashwat Bajpai,location:99ef70abd8f55fae594b,Hyderabad,Telangana,India,17.54735,78.572276,confirmed,COMPLETE,curated_confirmed_location,"Source-backed affiliation, canonical institution identity, and selected location are represented by the exported mapping lineage."
curated:613af6288792f6ece505,The Visual Counter Turing Test (VCT2): A Benchmark for Evaluating AI-Generated Image Detection and the Visual AI Index (VAI),institution:c5235efb76365de2,Carnegie Mellon University,mapping:efd139a64af15abbe819,Nishoak Kosaraju,location:c5235efb76365de25e41,Pittsburgh,Pennsylvania,United States,40.4433,-79.9436,confirmed,COMPLETE,curated_confirmed_location,"Source-backed affiliation, canonical institution identity, and selected location are represented by the exported mapping lineage."
curated:613af6288792f6ece505,The Visual Counter Turing Test (VCT2): A Benchmark for Evaluating AI-Generated Image Detection and the Visual AI Index (VAI),institution:cb1cf39b9e67e9ec,Vishwakarma Institute of Information Technology,mapping:d23d32388ab72c92e9bb,Shreyas Dixit,location:cb1cf39b9e67e9ecbc22,Pune,Maharashtra,India,18.4574,73.8685,confirmed,COMPLETE,curated_confirmed_location,"Source-backed affiliation, canonical institution identity, and selected location are represented by the exported mapping lineage."
curated:613af6288792f6ece505,The Visual Counter Turing Test (VCT2): A Benchmark for Evaluating AI-Generated Image Detection and the Visual AI Index (VAI),institution:cbc62794911ff31b,Amazon,mapping:cb40a38626fa8d04e6ee,Aman Chadha,location:cbc62794911ff31b2864,Seattle,Washington,United States,47.6224574,-122.3365043,confirmed,COMPLETE,curated_confirmed_location,"Source-backed affiliation, canonical institution identity, and selected location are represented by the exported mapping lineage."
curated:613af6288792f6ece505,The Visual Counter Turing Test (VCT2): A Benchmark for Evaluating AI-Generated Image Detection and the Visual AI Index (VAI),institution:d4f85059258439dc,National Institute of Technology Silchar,mapping:f22234a42591897ebc3a,Shwetangshu Biswas,location:d4f85059258439dc1f8c,Silchar,Assam,India,24.755222,92.7874485,confirmed,COMPLETE,curated_confirmed_location,"Source-backed affiliation, canonical institution identity, and selected location are represented by the exported mapping lineage."
curated:613af6288792f6ece505,The Visual Counter Turing Test (VCT2): A Benchmark for Evaluating AI-Generated Image Detection and the Visual AI Index (VAI),institution:df7499422b3e4d82,Indraprastha Institute of Information Technology Delhi,mapping:78335b9424e7454a1c0a,Ashhar Aziz,location:df7499422b3e4d82dafd,New Delhi,Delhi,India,28.546326,77.2732571,confirmed,COMPLETE,curated_confirmed_location,"Source-backed affiliation, canonical institution identity, and selected location are represented by the exported mapping lineage."
curated:613af6288792f6ece505,The Visual Counter Turing Test (VCT2): A Benchmark for Evaluating AI-Generated Image Detection and the Visual AI Index (VAI),institution:e822c28c6d58a829,"BITS Pilani, Goa",mapping:a5a98e3dc32e57eae0e4,Amitava Das,location:e822c28c6d58a829a4ca,Vasco da Gama,Goa,India,15.3906697,73.8777122,confirmed,COMPLETE,curated_confirmed_location,"Source-backed affiliation, canonical institution identity, and selected location are represented by the exported mapping lineage."
curated:613af6288792f6ece505,The Visual Counter Turing Test (VCT2): A Benchmark for Evaluating AI-Generated Image Detection and the Visual AI Index (VAI),institution:ed72534d79b73fac,Stanford University,mapping:c6e0d8d1d54ef76d7157,Aman Chadha,location:ed72534d79b73fac5b08,Stanford University,California,United States,37.4275,-122.1697,confirmed,COMPLETE,curated_confirmed_location,"Source-backed affiliation, canonical institution identity, and selected location are represented by the exported mapping lineage."
,Think Twice Before Detecting GAN-generated Fake Images from their Spectral Domain Imprints,institution:31f980eaa403801a,The Hong Kong Polytechnic University,,Chengdong Dong; Ajay Kumar,,Hong Kong,Hong Kong,China,22.27832,114.17469,automatic_export_eligible,COMPLETE,existing_validated_automatic_location,Existing public location provenance retained; no new geocoding or independent re-review.
,Think Twice Before Detecting GAN-generated Fake Images from their Spectral Domain Imprints,institution:e433baf78e80004b,Zhejiang University,,Eryun Liu,,Hangzhou,,China,30.29365,120.16142,automatic_export_eligible,COMPLETE,existing_validated_automatic_location,Existing public location provenance retained; no new geocoding or independent re-review.
curated:e058b4e851ac44180d82,Tiny Autoencoders Are Effective Few-Shot Generative Model Detectors,institution:42fcf4ae44e1a706,University of Florence,mapping:1785c762c93d9d0d8598,Luca Bindini; Giulia Bertazzini; Daniele Baracchi; Dasara Shullani; Paolo Frasconi; Alessandro Piva,location:42fcf4ae44e1a706454c,Florence,Tuscany,Italy,43.7779,11.2591,confirmed,COMPLETE,curated_confirmed_location,"Source-backed affiliation, canonical institution identity, and selected location are represented by the exported mapping lineage."
curated:e9594b5466110ca009aa,Toward Generalizable AI-Generated Image Detection with a New Realistic Dataset: Performance Evaluation and Improvement,institution:29645bb566fcd576,French National Centre for Scientific Research,mapping:b0dd310106e324386a22,Thai Ngoc Toan Truong; Ji Li; Kai Wang,location:29645bb566fcd57661c6,Paris,Île-de-France,France,48.8462,2.263,confirmed,COMPLETE,curated_confirmed_location,"Source-backed affiliation, canonical institution identity, and selected location are represented by the exported mapping lineage."
curated:e9594b5466110ca009aa,Toward Generalizable AI-Generated Image Detection with a New Realistic Dataset: Performance Evaluation and Improvement,institution:ef7c68d6edbab550,Université Grenoble Alpes,mapping:a3bb578a9c5bcbf2fafd,Thai Ngoc Toan Truong; Ji Li; Kai Wang,location:ef7c68d6edbab550f034,Saint-Martin-d'Hères,Auvergne-Rhône-Alpes,France,45.1917,5.7676,confirmed,COMPLETE,curated_confirmed_location,"Source-backed affiliation, canonical institution identity, and selected location are represented by the exported mapping lineage."
curated:038a578e520799c8671e,Toward Generalizable Forgery Detection and Reasoning,institution:1502cb7c96ae3095,Beijing University of Posts and Telecommunications,,Yueying Gao; Dongliang Chang; Haotian Qin; Muxi Diao; Kongming Liang; Zhanyu Ma,,Beijing,,China,39.907501220703125,116.39723205566406,automatic_export_eligible,COMPLETE,existing_validated_automatic_location,Existing public location provenance retained; no new geocoding or independent re-review.
curated:038a578e520799c8671e,Toward Generalizable Forgery Detection and Reasoning,institution:4ae45b121fe12e9c,Tsinghua University,,Bingyao Yu; Lei Chen,,Beijing,,China,39.9075,116.39723,automatic_export_eligible,COMPLETE,existing_validated_automatic_location,Existing public location provenance retained; no new geocoding or independent re-review.
,Towards Discovery and Attribution of Open-world GAN Generated Images,institution:bc735f3cccb71688,"University of Maryland, College Park",,Sharath Girish; Saksham Suri; Saketh Rambhatla; Abhinav Shrivastava,,College Park,,United States,38.98067,-76.93692,automatic_export_eligible,COMPLETE,existing_validated_automatic_location,Existing public location provenance retained; no new geocoding or independent re-review.
curated:911d693997183535a4ac,Towards Explainable Fake Image Detection with Multi-Modal Large Language Models,institution:5a28a1a99a417ba5,Ant Group,mapping:9a4526a749c30af29dd2,Yan Hong; Haoxing Chen; Jun Lan; Huijia Zhu; Weiqiang Wang,location:5a28a1a99a417ba5e640,Hangzhou,Zhejiang,China,30.2613,120.1042,confirmed,COMPLETE,curated_confirmed_location,"Source-backed affiliation, canonical institution identity, and selected location are represented by the exported mapping lineage."
curated:911d693997183535a4ac,Towards Explainable Fake Image Detection with Multi-Modal Large Language Models,institution:fccd5d0ac9cc52f9,Shanghai Jiao Tong University,mapping:e49b8aec9215bd04ac9d,Yikun Ji; Jiahui Zhan; Liqing Zhang; Jianfu Zhang,location:fccd5d0ac9cc52f960f2,Shanghai,Shanghai,China,31.0254,121.4331,confirmed,COMPLETE,curated_confirmed_location,"Source-backed affiliation, canonical institution identity, and selected location are represented by the exported mapping lineage."
curated:6cd82b939e5653a2c7ab,Towards Extensible Detection of AI-Generated Images via Content-Agnostic Adapter-Based Category-Aware Incremental Learning,institution:4c1e9439f241e5ec,Sichuan University,mapping:39d83593e57a950672ea,Shuai Tang; Peisong He,location:4c1e9439f241e5ec9941,Chengdu,Sichuan,China,30.6331,104.0819,confirmed,COMPLETE,curated_confirmed_location,"Source-backed affiliation, canonical institution identity, and selected location are represented by the exported mapping lineage."
curated:6cd82b939e5653a2c7ab,Towards Extensible Detection of AI-Generated Images via Content-Agnostic Adapter-Based Category-Aware Incremental Learning,institution:bf6195b78f6dc951,Beijing Jiaotong University,mapping:ebd98f4f17d0800341f0,Wei Wang; Yao Zhao,location:bf6195b78f6dc9516f3e,Beijing,Beijing,China,39.959,116.348,confirmed,COMPLETE,curated_confirmed_location,"Source-backed affiliation, canonical institution identity, and selected location are represented by the exported mapping lineage."
curated:6cd82b939e5653a2c7ab,Towards Extensible Detection of AI-Generated Images via Content-Agnostic Adapter-Based Category-Aware Incremental Learning,institution:ec71dc4340659fd9,City University of Hong Kong,mapping:26a4da1c81572a1546ca,Haoliang Li,location:ec71dc4340659fd9f388,Hong Kong,Hong Kong,China,22.3374,114.173,confirmed,COMPLETE,curated_confirmed_location,"Source-backed affiliation, canonical institution identity, and selected location are represented by the exported mapping lineage."
curated:6cd82b939e5653a2c7ab,Towards Extensible Detection of AI-Generated Images via Content-Agnostic Adapter-Based Category-Aware Incremental Learning,institution:fccd5d0ac9cc52f9,Shanghai Jiao Tong University,mapping:9955f0fbd8bb32f7a146,Xinghao Jiang,location:fccd5d0ac9cc52f960f2,Shanghai,Shanghai,China,31.0254,121.4331,confirmed,COMPLETE,curated_confirmed_location,"Source-backed affiliation, canonical institution identity, and selected location are represented by the exported mapping lineage."
curated:3e707a16418405139945,Towards Generalizable AI-Generated Image Detection via Image-Adaptive Prompt Learning,institution:69309405e04976ec,University of Chinese Academy of Sciences,mapping:5c8a479164e2e4f156ea,Yiheng Li; Guoqing Xu; Zhen Lei; Yang Yang,location:69309405e04976ecd5ee,Beijing,Beijing,China,39.9078,116.2523,confirmed,COMPLETE,curated_confirmed_location,"Source-backed affiliation, canonical institution identity, and selected location are represented by the exported mapping lineage."
curated:3e707a16418405139945,Towards Generalizable AI-Generated Image Detection via Image-Adaptive Prompt Learning,institution:966ff12833f90bb0,"Institute of Automation, Chinese Academy of Sciences",mapping:b49cf175f39fe84071c8,Yiheng Li; Guoqing Xu; Zhen Lei; Yang Yang,location:966ff12833f90bb0ba7e,Beijing,Beijing,China,39.9826,116.3336,confirmed,COMPLETE,curated_confirmed_location,"Source-backed affiliation, canonical institution identity, and selected location are represented by the exported mapping lineage."
curated:3e707a16418405139945,Towards Generalizable AI-Generated Image Detection via Image-Adaptive Prompt Learning,institution:9dd7b58a09f6962c,"HKISI, Chinese Academy of Sciences",mapping:5ee3159949d220cd7e61,Zhen Lei,location:9dd7b58a09f6962c8d77,Hong Kong,Hong Kong,China,22.4267,114.2119,confirmed,COMPLETE,curated_confirmed_location,"Source-backed affiliation, canonical institution identity, and selected location are represented by the exported mapping lineage."
curated:3e707a16418405139945,Towards Generalizable AI-Generated Image Detection via Image-Adaptive Prompt Learning,institution:a86e3c911036d069,Sangfor Technologies Inc.,mapping:11263b06d9b557326e96,Zichang Tan; Xu Zhou,location:a86e3c911036d0693e59,Shenzhen,Guangdong,China,22.5903,113.9608,confirmed,COMPLETE,curated_confirmed_location,"Source-backed affiliation, canonical institution identity, and selected location are represented by the exported mapping lineage."
curated:3e707a16418405139945,Towards Generalizable AI-Generated Image Detection via Image-Adaptive Prompt Learning,institution:d8d45546142be201,Macau University of Science and Technology,mapping:ae787b01f59386a8984e,Zhen Lei,location:d8d45546142be2016b88,Macau,Macau,China,22.1526454,113.568041,confirmed,COMPLETE,curated_confirmed_location,"Source-backed affiliation, canonical institution identity, and selected location are represented by the exported mapping lineage."
curated:0b5e852ad2faa5d89eb5,Towards Generalizable Detector for Generated Image,institution:17922857a5febbe8,Hebei Institute of Communications,mapping:4be2a95920632b08556c,Chao Wu,location:189207be6f4fff94f5f4,Shijiazhuang,Hebei,China,37.8979,114.6487,confirmed,COMPLETE,curated_confirmed_location,"Source-backed affiliation, canonical institution identity, and selected location are represented by the exported mapping lineage."
curated:0b5e852ad2faa5d89eb5,Towards Generalizable Detector for Generated Image,institution:6c5bb70e9f4b77ba,"Harbin Institute of Technology, Shenzhen",mapping:d64a8aef46b6fa1f8112,Jun Yu,location:6c5bb70e9f4b77ba22d1,Shenzhen,Guangdong,China,22.5907,113.9661,confirmed,COMPLETE,curated_confirmed_location,"Source-backed affiliation, canonical institution identity, and selected location are represented by the exported mapping lineage."
curated:0b5e852ad2faa5d89eb5,Towards Generalizable Detector for Generated Image,institution:e433baf78e80004b,Zhejiang University,mapping:3d9523509e14f20eba85,Chao Wu,location:e433baf78e80004bdaba,Hangzhou,Zhejiang,China,30.3083,120.0867,confirmed,COMPLETE,curated_confirmed_location,"Source-backed affiliation, canonical institution identity, and selected location are represented by the exported mapping lineage."
curated:0b5e852ad2faa5d89eb5,Towards Generalizable Detector for Generated Image,institution:e721b03b6f6c172d,University of Science and Technology of China,mapping:763c5354caae5bb6e54c,Qianshu Cai; Xinmei Tian,location:e721b03b6f6c172dd7c7,Hefei,Anhui,China,31.8229,117.2808,confirmed,COMPLETE,curated_confirmed_location,"Source-backed affiliation, canonical institution identity, and selected location are represented by the exported mapping lineage."
curated:0b5e852ad2faa5d89eb5,Towards Generalizable Detector for Generated Image,institution:fa80d3c071c298e1,The Hong Kong University of Science and Technology,mapping:e7e4966c9f2e76302eb0,Yonggang Zhang,location:fa80d3c071c298e1116a,New Territories,Hong Kong,China,22.3358031,114.2659088,confirmed,COMPLETE,curated_confirmed_location,"Source-backed affiliation, canonical institution identity, and selected location are represented by the exported mapping lineage."
,Towards Generated Image Provenance Analysis via Conceptual-Similar-Guided-SLIP Retrieval,institution:213a2f107c1f76df,Fujitsu (China),,Xiaojie Xia; Liuan Wang; Jun Sun,,Hong Kong,Hong Kong,China,22.27832,114.17469,automatic_export_eligible,COMPLETE,existing_validated_automatic_location,Existing public location provenance retained; no new geocoding or independent re-review.
,Towards Generated Image Provenance Analysis via Conceptual-Similar-Guided-SLIP Retrieval,institution:33d54ba20fb76125,Fujitsu (Japan),,Akira Nakagawa,,Kawasaki,,Japan,35.56996,139.62854,automatic_export_eligible,COMPLETE,existing_validated_automatic_location,Existing public location provenance retained; no new geocoding or independent re-review.
curated:d9f9207830bec1da388f,Towards More Accurate Fake Detection on Images Generated from Advanced Generative and Neural Rendering Models,institution:31f980eaa403801a,The Hong Kong Polytechnic University,mapping:afa479ac5c5fd9016d7c,Chengdong Dong; Zhenyu Zhou; Ajay Kumar,location:31f980eaa403801addc9,Hong Kong,Hong Kong,China,22.3046,114.1796,confirmed,COMPLETE,curated_confirmed_location,"Source-backed affiliation, canonical institution identity, and selected location are represented by the exported mapping lineage."
curated:d9f9207830bec1da388f,Towards More Accurate Fake Detection on Images Generated from Advanced Generative and Neural Rendering Models,institution:c5235efb76365de2,Carnegie Mellon University,mapping:9ed736fc32dbdf41441f,Chengdong Dong; Vijayakumar Bhagavatula,location:c5235efb76365de25e41,Pittsburgh,Pennsylvania,United States,40.4433,-79.9436,confirmed,COMPLETE,curated_confirmed_location,"Source-backed affiliation, canonical institution identity, and selected location are represented by the exported mapping lineage."
,Towards Robust Gan-Generated Image Detection: A Multi-View Completion Representation,institution:1984e5f97afb62d8,The University of Sydney,,Sheng Shen,,Sydney,,Australia,-33.86785,151.20732,automatic_export_eligible,COMPLETE,existing_validated_automatic_location,Existing public location provenance retained; no new geocoding or independent re-review.
,Towards Robust Gan-Generated Image Detection: A Multi-View Completion Representation,institution:769b711ed2fee7c0,City University of Macau,,Wanlei Zhou,,Macao,Macau,China,22.20056,113.54611,automatic_export_eligible,COMPLETE,existing_validated_automatic_location,Existing public location provenance retained; no new geocoding or independent re-review.
,Towards Robust Gan-Generated Image Detection: A Multi-View Completion Representation,institution:f68896817b1b2d6b,University of Technology Sydney,,Chi Liu; Tianqing Zhu,,Sydney,,Australia,-33.86785,151.20732,automatic_export_eligible,COMPLETE,existing_validated_automatic_location,Existing public location provenance retained; no new geocoding or independent re-review.
,Towards Universal AI-Generated Image Detection by Variational Information Bottleneck Network,institution:7e10613327a4e264,Chongqing University of Posts and Telecommunications,,Haifeng Zhang; Qun He; Xiuli Bi; Weisheng Li; Бо Лю; Bin Xiao,,Chongqing,,China,29.56026,106.55771,automatic_export_eligible,COMPLETE,existing_validated_automatic_location,Existing public location provenance retained; no new geocoding or independent re-review.
curated:1ef55e4fc03eb4880beb,Towards Universal Fake Image Detectors That Generalize Across Generative Models,institution:3e2e527953176c93,University of Wisconsin-Madison,mapping:014b41a09e42e4ae8fa6,Utkarsh Ojha; Yuheng Li; Yong Jae Lee,location:3e2e527953176c93d518,Madison,Wisconsin,United States,43.0758,-89.4039,confirmed,COMPLETE,curated_confirmed_location,"Source-backed affiliation, canonical institution identity, and selected location are represented by the exported mapping lineage."
,Towards Universal GAN Image Detection,institution:d046d2c57bb3a863,University of Naples Federico II,mapping:24a9d00d08b91f44b112,Davide Cozzolino; Diego Gragnaniello; Giovanni Poggi; Luisa Verdoliva,location:d046d2c57bb3a863a89a,Naples,Campania,Italy,40.8463,14.2572,confirmed,COMPLETE,curated_confirmed_location,"Source-backed affiliation, canonical institution identity, and selected location are represented by the exported mapping lineage."
curated:b1977dc0fcca329719f0,Towards the Detection of Diffusion Model Deepfakes,institution:8f8dd64c6339c8ff,Ruhr University Bochum,mapping:872b8417a3815dc7111e,Jonas Ricker; Simon Damm; Asja Fischer,location:8f8dd64c6339c8ff95bb,Bochum,North Rhine-Westphalia,Germany,51.4472,7.2603,confirmed,COMPLETE,curated_confirmed_location,"Source-backed affiliation, canonical institution identity, and selected location are represented by the exported mapping lineage."
curated:b1977dc0fcca329719f0,Towards the Detection of Diffusion Model Deepfakes,institution:aea376936c88135b,CISPA Helmholtz Center for Information Security,mapping:0320caba75283fa47434,Thorsten Holz,location:aea376936c88135ba947,Saarbrücken,Saarland,Germany,49.2577,7.0422,confirmed,COMPLETE,curated_confirmed_location,"Source-backed affiliation, canonical institution identity, and selected location are represented by the exported mapping lineage."
curated:af61771eb41bc0b60a3c,Training-Free Detection of AI-Generated Images via Cropping Robustness,institution:0e7c1c133a9525be,University of Illinois Chicago,mapping:ebf1b054f0cf650c70b2,Moontae Lee,location:faff929f442d19ed6935,Chicago,Illinois,United States,41.8748613,-87.6519866,confirmed,COMPLETE,curated_confirmed_location,"Source-backed affiliation, canonical institution identity, and selected location are represented by the exported mapping lineage."
curated:af61771eb41bc0b60a3c,Training-Free Detection of AI-Generated Images via Cropping Robustness,institution:3103fb7db9011c4c,LG AI Research,mapping:c9e397c2eaa11d610ca7,Sungik Choi; Moontae Lee,location:6266ec24d28970a28769,Seoul,Seoul,South Korea,37.5623,126.8348,confirmed,COMPLETE,curated_confirmed_location,"Source-backed affiliation, canonical institution identity, and selected location are represented by the exported mapping lineage."
curated:af61771eb41bc0b60a3c,Training-Free Detection of AI-Generated Images via Cropping Robustness,institution:e80b94c605da24ce,Sungkyunkwan University,mapping:a5c51ef7e883abcfc15e,Hankook Lee,location:e80b94c605da24cea15f,Suwon,Gyeonggi-do,South Korea,37.2939,126.9757,confirmed,COMPLETE,curated_confirmed_location,"Source-backed affiliation, canonical institution identity, and selected location are represented by the exported mapping lineage."
curated:ee47e898ad64ec14b709,Training-Free Source Attribution of AI-Generated Images via Resynthesis,institution:65dbfd1e022f02e2,University of Siena,mapping:344baa593244c92aca85,Pietro Bongini; Valentina Molinari; Andrea Costanzo; Benedetta Tondi; Mauro Barni,location:65dbfd1e022f02e2ac68,Siena,Toscany,Italy,43.3191,11.3328,confirmed,COMPLETE,curated_confirmed_location,"Source-backed affiliation, canonical institution identity, and selected location are represented by the exported mapping lineage."
curated:ee47e898ad64ec14b709,Training-Free Source Attribution of AI-Generated Images via Resynthesis,institution:9958d7ee1cfec4aa,IMT School for Advanced Studies Lucca,mapping:d0c529dffed7f4d4eaa1,Valentina Molinari,location:9958d7ee1cfec4aa225c,Lucca,Toscany,Italy,43.8454,10.5065,confirmed,COMPLETE,curated_confirmed_location,"Source-backed affiliation, canonical institution identity, and selected location are represented by the exported mapping lineage."
curated:dc9126cc128e1b228717,Transfer Learning of Real Image Features with Soft Contrastive Loss for Fake Image Detection,institution:26db9b197bbb7634,NSFOCUS,mapping:eb33c5c0fa61a856b26d,Xinyi Yang,location:26db9b197bbb763494b1,Beijing,Beijing,China,39.9042,116.4074,confirmed,COMPLETE,curated_confirmed_location,"Source-backed affiliation, canonical institution identity, and selected location are represented by the exported mapping lineage."
curated:dc9126cc128e1b228717,Transfer Learning of Real Image Features with Soft Contrastive Loss for Fake Image Detection,institution:c111feb812f1a7ed,Nanyang Technological University,mapping:566f79f5ef17d35afe3f,Boheng Li,location:c111feb812f1a7ed9465,Singapore,Singapore,Singapore,1.3483,103.6831,confirmed,COMPLETE,curated_confirmed_location,"Source-backed affiliation, canonical institution identity, and selected location are represented by the exported mapping lineage."
curated:dc9126cc128e1b228717,Transfer Learning of Real Image Features with Soft Contrastive Loss for Fake Image Detection,institution:f23b95ce92de4591,Wuhan University,mapping:46ac393b2293a9358639,Ziyou Liang; Weifeng Liu; Run Wang; Mengjie Wu; Yuyang Zhang; Lina Wang,location:f23b95ce92de459152b1,Wuhan,Hubei,China,30.5407,114.3603,confirmed,COMPLETE,curated_confirmed_location,"Source-backed affiliation, canonical institution identity, and selected location are represented by the exported mapping lineage."
,Transferable Class-Modelling for Decentralized Source Attribution of GAN-Generated Images,institution:02e0cb0a82c051ec,Monash University,mapping:f77813cf3b7fce01efea,Raphaël C.-W. Phan,location:02e0cb0a82c051ec7b87,Melbourne,Victoria,Australia,-37.9105,145.1362,confirmed,COMPLETE,curated_confirmed_location,"Source-backed affiliation, canonical institution identity, and selected location are represented by the exported mapping lineage."
,Transferable Class-Modelling for Decentralized Source Attribution of GAN-Generated Images,institution:ae914839cab3ba03,Monash University Malaysia,mapping:d0300282572168272365,Brandon B. G. Khoo; Chern Hong Lim,location:ae914839cab3ba03fdb7,Subang Jaya,Selangor,Malaysia,3.0649,101.6035,confirmed,COMPLETE,curated_confirmed_location,"Source-backed affiliation, canonical institution identity, and selected location are represented by the exported mapping lineage."
,Transferable Dual-Domain Feature Importance Attack Against AI-Generated Image Detector,institution:157163d25dac880f,Communication University of China,,Weiheng Zhu; Gang Cao,,Beijing,,China,39.907501220703125,116.39723205566406,automatic_export_eligible,COMPLETE,existing_validated_automatic_location,Existing public location provenance retained; no new geocoding or independent re-review.
,Transferable Dual-Domain Feature Importance Attack Against AI-Generated Image Detector,institution:9cd15ab643d7131f,Beijing Institute of Graphic Communication,,Lifang Yu,,Beijing,,China,39.907501220703125,116.39723205566406,automatic_export_eligible,COMPLETE,existing_validated_automatic_location,Existing public location provenance retained; no new geocoding or independent re-review.
,Transferable Dual-Domain Feature Importance Attack Against AI-Generated Image Detector,institution:be8fe6da68f67876,Hunan University,,Jing Liu,,Changsha,,China,28.19874,112.97087,automatic_export_eligible,COMPLETE,existing_validated_automatic_location,Existing public location provenance retained; no new geocoding or independent re-review.
,Transferable Dual-Domain Feature Importance Attack Against AI-Generated Image Detector,institution:c3227ed71ef6fcd8,Fujian University of Technology,,Shaowei Weng,,Fuzhou,,China,26.061389923095703,119.30610656738281,automatic_export_eligible,COMPLETE,existing_validated_automatic_location,Existing public location provenance retained; no new geocoding or independent re-review.
curated:67a6b7828afaed59e1c0,Transformer Based on Multi-Domain Feature Fusion for AI-Generated Image Detection,institution:6beb2f6c52d3f30c,Gachon University,mapping:70d0f608ba7ed3f44558,Qiaoyue Man; Young-Im Cho,location:6beb2f6c52d3f30c,Seongnam-si,Gyeonggi-do,South Korea,37.43861,127.13778,confirmed,COMPLETE,curated_confirmed_location,"Source-backed affiliation, canonical institution identity, and selected location are represented by the exported mapping lineage."
,TriFusionNet: Multi-Branch Architecture for AI-Generated Image Detection,institution:f647b4b37bf4515d,Global University,,Sujal Kumar; Gaurav Singh; Lotugada Jagan; Sanjay Das; Jayanti Rout; Ashutosh Soni; Surendra Kumar Nanda,,Beirut,,Lebanon,33.89332,35.50157,automatic_export_eligible,COMPLETE,existing_validated_automatic_location,Existing public location provenance retained; no new geocoding or independent re-review.
curated:55bc4360e3d312e696b7,UC-VLM: Consistency-Driven Learning for AI-Generated Image Detection with Vision-Language Large Models,institution:70ccb485197bbb6c,National University of Singapore,mapping:79a97fd359ad1ec7f801,Lei Tan; Shuwei Li; Mohan Kankanhalli; Robby T. Tan,location:70ccb485197bbb6c89fd,Singapore,Singapore,Singapore,1.2959845,103.7766186,confirmed,COMPLETE,curated_confirmed_location,"Source-backed affiliation, canonical institution identity, and selected location are represented by the exported mapping lineage."
curated:dab7806aa2ff9f95d58d,Understanding Why Foundation Models Work for Diffusion-Generated Image Detection,institution:d046d2c57bb3a863,University of Naples Federico II,mapping:f50033136e1e06403f4b,Davide Cozzolino; Giovanni Poggi; Luisa Verdoliva,location:d046d2c57bb3a863a89a,Naples,Campania,Italy,40.8463,14.2572,confirmed,COMPLETE,curated_confirmed_location,"Source-backed affiliation, canonical institution identity, and selected location are represented by the exported mapping lineage."
curated:fe2c4c4c423cdd91d6d3,Understanding and Improving Training-Free AI-Generated Image Detections with Vision Foundation Models,institution:69a779f3b8d566f6,National Taiwan University,mapping:bb3d1782d290feb66faa,Chung-Ting Tsai; Yu-Chiang Frank Wang,location:69a779f3b8d566f635fa,Taipei,Taiwan,China,25.0173,121.5398,confirmed,COMPLETE,curated_confirmed_location,"Source-backed affiliation, canonical institution identity, and selected location are represented by the exported mapping lineage."
curated:fe2c4c4c423cdd91d6d3,Understanding and Improving Training-Free AI-Generated Image Detections with Vision Foundation Models,institution:f5c8a9b792d3b901,IBM Thomas J. Watson Research Center,mapping:ff32b41d391278f4b74e,Chung-Ting Tsai; Ching-Yun Ko; I-Hsin Chung; Pin-Yu Chen,location:f5c8a9b792d3b90145b4,Yorktown Heights,New York,United States,41.2098,-73.8026,confirmed,COMPLETE,curated_confirmed_location,"Source-backed affiliation, canonical institution identity, and selected location are represented by the exported mapping lineage."
curated:1babf622ee5d19e20e1a,UniGenDet: A Unified Generative-Discriminative Framework for Co-Evolutionary Image Generation and Generated Image Detection,institution:4ae45b121fe12e9c,Tsinghua University,mapping:e2dde8c0e167fbfd1d2e,Yanran Zhang; Wenzhao Zheng; Yifei Li; Bingyao Yu; Yu Zheng; Lei Chen; Jiwen Lu; Jie Zhou,location:4ae45b121fe12e9c10b4,Beijing,Beijing,China,40.0007,116.3267,confirmed,COMPLETE,curated_confirmed_location,"Source-backed affiliation, canonical institution identity, and selected location are represented by the exported mapping lineage."
curated:611c1fc878b1f9737a04,Universal Deepfake Detection via Low-Rank Adaptation of Vision-Language Models,institution:1179ac01dd4eef1f,Jiangnan University,mapping:73f9f55d61a8d389bcb6,Peitao Wang; Yujie Cao; Wancheng He; Hongwei Liu; Haohan Ding,location:1179ac01dd4eef1f04f7,Wuxi,Jiangsu,China,31.4851219,120.2673352,confirmed,COMPLETE,curated_confirmed_location,"Source-backed affiliation, canonical institution identity, and selected location are represented by the exported mapping lineage."
curated:03f893b9484ea2d09c22,Universal Denoising Patterns for Diffusion Image Detection,institution:98477d1f6f6b24f5,HiDream.ai,mapping:6b934490c604814bff5a,Qi Cai; Yingwei Pan; Ting Yao; Tao Mei,location:1efa7b8c6446d38d956f,Beijing,Beijing,China,39.979564,116.306379,confirmed,COMPLETE,curated_confirmed_location,"Source-backed affiliation, canonical institution identity, and selected location are represented by the exported mapping lineage."
curated:03f893b9484ea2d09c22,Universal Denoising Patterns for Diffusion Image Detection,institution:e721b03b6f6c172d,University of Science and Technology of China,mapping:733342bc80ad3061a947,Yurui Qian; Yan Chen,location:e721b03b6f6c172dd7c7,Hefei,Anhui,China,31.8229,117.2808,confirmed,COMPLETE,curated_confirmed_location,"Source-backed affiliation, canonical institution identity, and selected location are represented by the exported mapping lineage."
curated:baa48a1bff3effa2e915,Universal Detection and Source Attribution of Diffusion Model Generated Images with High Generalization and Robustness,institution:4269181ef8bd7d6e,"Indian Institute of Engineering Science and Technology, Shibpur",,Sanandita Das; Debapriyo Dutta; Tanusree Ghosh; Ruchira Naskar,,Howrah,,India,22.57688,88.31857,automatic_export_eligible,COMPLETE,existing_validated_automatic_location,Existing public location provenance retained; no new geocoding or independent re-review.
curated:a8c1c259e7b7346bb2d1,Unmasking AI-Created Visual Content: A Review of Generated Images and Deepfake Detection Technologies,institution:b3d626f58155d650,Shandong University,mapping:cb848a610da9e7faac16,Yupeng Zhang; Zongwei Pang; Shanyuan Huang; Chengyou Wang; Xiao Zhou,location:b3d626f58155d65088af,Jinan,Shandong,China,36.6753,117.0589,confirmed,COMPLETE,curated_confirmed_location,"Source-backed affiliation, canonical institution identity, and selected location are represented by the exported mapping lineage."
,Unsupervised Generative Fake Image Detector,institution:07d62a903f84afcd,Hangzhou Dianzi University,,Tong Qiao; Hang Shao; Shichuang Xie,,Hangzhou,,China,30.293649673461914,120.16142272949219,automatic_export_eligible,COMPLETE,existing_validated_automatic_location,Existing public location provenance retained; no new geocoding or independent re-review.
,Unsupervised Generative Fake Image Detector,institution:a239b6e2cb8473ef,Nanjing University of Science and Technology,,Ran Shi,,Nanjing,,China,32.061668395996094,118.77777862548828,automatic_export_eligible,COMPLETE,existing_validated_automatic_location,Existing public location provenance retained; no new geocoding or independent re-review.
curated:64635535d7b7b6a12a32,Unveiling Perceptual Artifacts: A Fine-Grained Benchmark for Interpretable AI-Generated Image Detection,institution:4ae45b121fe12e9c,Tsinghua University,mapping:0b5333d45b075b0cd58a,Xiangyang Ji,location:4ae45b121fe12e9c10b4,Beijing,Beijing,China,40.0007,116.3267,confirmed,COMPLETE,curated_confirmed_location,"Source-backed affiliation, canonical institution identity, and selected location are represented by the exported mapping lineage."
curated:64635535d7b7b6a12a32,Unveiling Perceptual Artifacts: A Fine-Grained Benchmark for Interpretable AI-Generated Image Detection,institution:5c85faa51cc57a24,Sun Yat-sen University,mapping:70ea2c1b43c27b8350d8,Yao Xiao; Weiyan Chen; Zijie Cao; Binbin Yang; Ziyi Dong; Pengxu Wei; Liang Lin,location:5c85faa51cc57a24f560,Guangzhou,Guangdong,China,23.09959,113.29251,confirmed,COMPLETE,curated_confirmed_location,"Source-backed affiliation, canonical institution identity, and selected location are represented by the exported mapping lineage."
curated:64635535d7b7b6a12a32,Unveiling Perceptual Artifacts: A Fine-Grained Benchmark for Interpretable AI-Generated Image Detection,institution:943b42ad910c2615,Australian National University,mapping:a0381b5720a5171adf51,Weijian Deng,location:943b42ad910c26158058,Canberra,Australian Capital Territory,Australia,-35.2812742,149.1172023,confirmed,COMPLETE,curated_confirmed_location,"Source-backed affiliation, canonical institution identity, and selected location are represented by the exported mapping lineage."
curated:64635535d7b7b6a12a32,Unveiling Perceptual Artifacts: A Fine-Grained Benchmark for Interpretable AI-Generated Image Detection,institution:aee00ab2f1fd8132,Peng Cheng Laboratory,mapping:ead069216470187da749,Pengxu Wei; Liang Lin,location:aee00ab2f1fd813231e8,Shenzhen,Guangdong,China,22.62801,113.92921,confirmed,COMPLETE,curated_confirmed_location,"Source-backed affiliation, canonical institution identity, and selected location are represented by the exported mapping lineage."
curated:64635535d7b7b6a12a32,Unveiling Perceptual Artifacts: A Fine-Grained Benchmark for Interpretable AI-Generated Image Detection,institution:afc29be68ac419be,Xi'an Jiaotong University,mapping:e6c1de983e0a32d5bb62,Jiahao Chen; Wei Ke,location:afc29be68ac419bed0ee,Xi’an,Shaanxi,China,34.2467,108.9839,confirmed,COMPLETE,curated_confirmed_location,"Source-backed affiliation, canonical institution identity, and selected location are represented by the exported mapping lineage."
,VIPPrint: Validating Synthetic Image Detection and Source Linking Methods on a Large Scale Dataset of Printed Documents,institution:65dbfd1e022f02e2,University of Siena,,Anselmo Ferreira; Ehsan Nowroozi; Mauro Barni,,Siena,,Italy,43.31822,11.33064,automatic_export_eligible,COMPLETE,existing_validated_automatic_location,Existing public location provenance retained; no new geocoding or independent re-review.
,Vision Transformer-Based Framework for AI-Generated Image Detection in Interior Design,institution:aa230e9d21cefa3b,Anhui Business College,,Hui Wang,,Wuhu,,China,31.35259,118.42947,automatic_export_eligible,COMPLETE,existing_validated_automatic_location,Existing public location provenance retained; no new geocoding or independent re-review.
,Visual Veracity: Advancing AI-Generated Image Detection with Convolutional Neural Networks,institution:f7126dbda09b4f9a,Amity University,,Achal Shankar Gupta; Krishan Pratap Shreneter; Smriti Sehgal,,Noida,,India,28.58,77.33,automatic_export_eligible,COMPLETE,existing_validated_automatic_location,Existing public location provenance retained; no new geocoding or independent re-review.
curated:90ac5206f85eaebc7203,WILD: A New In-the-Wild Image Linkage Dataset for Synthetic Image Attribution,institution:1ee9da20656fd88b,Politecnico di Milano,mapping:8afe035d9510a4d27366,Sara Mandelli; Paolo Bestagini,location:b78ddf1c32aefc86f954,Milan,Lombardy,Italy,45.478,9.2271,confirmed,COMPLETE,curated_confirmed_location,"Source-backed affiliation, canonical institution identity, and selected location are represented by the exported mapping lineage."
curated:90ac5206f85eaebc7203,WILD: A New In-the-Wild Image Linkage Dataset for Synthetic Image Attribution,institution:3c4903b35459f2b5,University of Trento,mapping:6c5f9be9e912c650df98,Andrea Montibeller; Giulia Boato; Francesco De Natale,location:3c4903b35459f2b51c15,Trento,Trentino-South Tyrol,Italy,46.0668,11.1232,confirmed,COMPLETE,curated_confirmed_location,"Source-backed affiliation, canonical institution identity, and selected location are represented by the exported mapping lineage."
curated:90ac5206f85eaebc7203,WILD: A New In-the-Wild Image Linkage Dataset for Synthetic Image Attribution,institution:65dbfd1e022f02e2,University of Siena,mapping:d8a9268f01a67a4643ee,Pietro Bongini; Benedetta Tondi; Mauro Barni,location:65dbfd1e022f02e2ac68,Siena,Toscany,Italy,43.3191,11.3328,confirmed,COMPLETE,curated_confirmed_location,"Source-backed affiliation, canonical institution identity, and selected location are represented by the exported mapping lineage."
curated:90ac5206f85eaebc7203,WILD: A New In-the-Wild Image Linkage Dataset for Synthetic Image Attribution,institution:977430a4473aa4b0,Sapienza University of Rome,mapping:7c4affeeb3cc65b2621d,Luca Zanchetta; Mattia Aquilina; Taiba Majid Wani; Irene Amerini,location:977430a4473aa4b05cfe,Rome,Lazio,Italy,41.9028,12.5158,confirmed,COMPLETE,curated_confirmed_location,"Source-backed affiliation, canonical institution identity, and selected location are represented by the exported mapping lineage."
curated:90ac5206f85eaebc7203,WILD: A New In-the-Wild Image Linkage Dataset for Synthetic Image Attribution,institution:fd8ba2b56bf5212d,University of Catania,mapping:23ff410ded6146f654f5,Mirko Casu; Orazio Pontorno; Claudio Vittorio Ragaglia; Luca Guarnera; Sebastiano Battiato,location:fd8ba2b56bf5212da236,Catania,Sicily,Italy,37.5027,15.0873,confirmed,COMPLETE,curated_confirmed_location,"Source-backed affiliation, canonical institution identity, and selected location are represented by the exported mapping lineage."
,Watch Your Up-Convolution: CNN Based Generative Deep Neural Networks Are Failing to Reproduce Spectral Distributions,institution:42c60ebb24e9f839,Fraunhofer Institute for Industrial Mathematics,,Ricard Durall; Janis Keuper,,Kaiserslautern,,Germany,49.443,7.77161,automatic_export_eligible,COMPLETE,existing_validated_automatic_location,Existing public location provenance retained; no new geocoding or independent re-review.
,Watch Your Up-Convolution: CNN Based Generative Deep Neural Networks Are Failing to Reproduce Spectral Distributions,institution:59fe0b363dfeb8f5,Offenburg University of Applied Sciences,,Janis Keuper,,Offenburg,,Germany,48.47377014160156,7.944950103759766,automatic_export_eligible,COMPLETE,existing_validated_automatic_location,Existing public location provenance retained; no new geocoding or independent re-review.
,Watch Your Up-Convolution: CNN Based Generative Deep Neural Networks Are Failing to Reproduce Spectral Distributions,institution:957fef132942e033,University of Mannheim,,Margret Keuper,,Mannheim,,Germany,49.483924865722656,8.462201118469238,automatic_export_eligible,COMPLETE,existing_validated_automatic_location,Existing public location provenance retained; no new geocoding or independent re-review.
,Watch Your Up-Convolution: CNN Based Generative Deep Neural Networks Are Failing to Reproduce Spectral Distributions,institution:f904c5dbc038c1df,Heidelberg University,,Ricard Durall,,Heidelberg,,Germany,49.40768,8.69079,automatic_export_eligible,COMPLETE,existing_validated_automatic_location,Existing public location provenance retained; no new geocoding or independent re-review.
curated:efceafb2be2246aa120b,Weakly‐Aligned Region‐Language Transformer for Real‐Time Artistic Content Detection in SAGIN,institution:c45f90fe3d40e0f7,Jilin Engineering Vocational College,mapping:14d2c27839905e0a4832,Jiayue Yu,location:e09c146f5eb51299d8f7,Siping,Jilin,China,43.318744,124.334624,confirmed,COMPLETE,curated_confirmed_location,"Source-backed affiliation, canonical institution identity, and selected location are represented by the exported mapping lineage."
curated:efceafb2be2246aa120b,Weakly‐Aligned Region‐Language Transformer for Real‐Time Artistic Content Detection in SAGIN,institution:ffd387a3478eb9e9,"Birla Institute of Technology, Mesra",mapping:3904f7c2221b4da84e8e,Sudip Kumar Sahana,location:22b30a90284a3506f0da,Ranchi,Jharkhand,India,23.4175695,85.4394094,confirmed,COMPLETE,curated_confirmed_location,"Source-backed affiliation, canonical institution identity, and selected location are represented by the exported mapping lineage."
,What Is Real Anymore? A Solution to Detect Hyper Realistic AI-Generated Imagery,institution:3cef1f53ea25d8c9,East Tennessee State University,,Andrew M. McDonald; Ahmad Al Doulat; Mohammad S. Khan; Chelsie Dubay; Jeff Roach,,Johnson City,,United States,36.31344,-82.35347,automatic_export_eligible,COMPLETE,existing_validated_automatic_location,Existing public location provenance retained; no new geocoding or independent re-review.
,Where Did I Come From? Origin Attribution of AI-Generated Images,institution:191fc14de0344472,Virginia Tech,mapping:06bdd6399cca7b2327f3,Yi Zeng,location:191fc14de0344472add6,Blacksburg,Virginia,United States,37.225,-80.425,confirmed,COMPLETE,curated_confirmed_location,"Source-backed affiliation, canonical institution identity, and selected location are represented by the exported mapping lineage."
,Where Did I Come From? Origin Attribution of AI-Generated Images,institution:304707b21fcfbd4d,University of Massachusetts Amherst,mapping:5f24c5ca67251ea45bf4,Shiqing Ma,location:304707b21fcfbd4d1653,Amherst,Massachusetts,United States,42.3868,-72.5301,confirmed,COMPLETE,curated_confirmed_location,"Source-backed affiliation, canonical institution identity, and selected location are represented by the exported mapping lineage."
,Where Did I Come From? Origin Attribution of AI-Generated Images,institution:33a58a66974db112,Rutgers University,mapping:9a2187fc6a1b45200076,Zhenting Wang,location:33a58a66974db1122537,New Brunswick,New Jersey,United States,40.5008,-74.4474,confirmed,COMPLETE,curated_confirmed_location,"Source-backed affiliation, canonical institution identity, and selected location are represented by the exported mapping lineage."
,Where Did I Come From? Origin Attribution of AI-Generated Images,institution:cf2639c8e56f6453,Sony AI,mapping:5df6207d4434ba331395,Chen Chen; Lingjuan Lyu,location:d99adc768886c63d2401,San Mateo,California,United States,37.5595,-122.2847,confirmed,COMPLETE,curated_confirmed_location,"Source-backed affiliation, canonical institution identity, and selected location are represented by the exported mapping lineage."
curated:ef5f9b419eef35c5c255,Where's the Liability in the Generative Era? Recovery-Based Black-Box Detection of AI-Generated Content,institution:2b91b5917e5279ea,NEC Laboratories America,mapping:e6112ebcb46f36e2ef20,Wei Cheng; Haifeng Chen,location:2b91b5917e5279ea3952,Princeton,New Jersey,United States,40.3607,-74.5958,confirmed,COMPLETE,curated_confirmed_location,"Source-backed affiliation, canonical institution identity, and selected location are represented by the exported mapping lineage."
curated:ef5f9b419eef35c5c255,Where's the Liability in the Generative Era? Recovery-Based Black-Box Detection of AI-Generated Content,institution:3e2e527953176c93,University of Wisconsin-Madison,mapping:3e0d5122cf1c497d01b4,Haoyue Bai,location:3e2e527953176c93d518,Madison,Wisconsin,United States,43.0758,-89.4039,confirmed,COMPLETE,curated_confirmed_location,"Source-backed affiliation, canonical institution identity, and selected location are represented by the exported mapping lineage."
curated:ef5f9b419eef35c5c255,Where's the Liability in the Generative Era? Recovery-Based Black-Box Detection of AI-Generated Content,institution:be74dcf5d0cb77ea,"University of California, Berkeley",mapping:7d635bd99b2b49102ac1,Yiyou Sun,location:be74dcf5d0cb77ea7a59,Berkeley,California,United States,37.8719,-122.2585,confirmed,COMPLETE,curated_confirmed_location,"Source-backed affiliation, canonical institution identity, and selected location are represented by the exported mapping lineage."
curated:98c0322e2f8dd41d3e9e,Which Model Generated This Image? A Model-Agnostic Approach for Origin Attribution,institution:87d9a45b3389372f,University of Oxford,mapping:eecdfc979510cb3f7092,Fengyuan Liu; Haochen Luo; Philip Torr; Jindong Gu,location:87d9a45b3389372f7ffd,Oxford,England,United Kingdom,51.759,-1.2634,confirmed,COMPLETE,curated_confirmed_location,"Source-backed affiliation, canonical institution identity, and selected location are represented by the exported mapping lineage."
curated:98c0322e2f8dd41d3e9e,Which Model Generated This Image? A Model-Agnostic Approach for Origin Attribution,institution:c111feb812f1a7ed,Nanyang Technological University,mapping:0a5edd2bde1fa041ee93,Yiming Li,location:c111feb812f1a7ed9465,Singapore,Singapore,Singapore,1.3483,103.6831,confirmed,COMPLETE,curated_confirmed_location,"Source-backed affiliation, canonical institution identity, and selected location are represented by the exported mapping lineage."
,Whodunit: Detection and Attribution of Synthetic Images by Leveraging Model-specific Fingerprints,institution:66101d2ca048704e,Technische Universität Berlin,,Alexander Wißmann; Steffen Zeiler; Dorothea Kolossa,,Berlin,,Germany,52.52437,13.41053,automatic_export_eligible,COMPLETE,existing_validated_automatic_location,Existing public location provenance retained; no new geocoding or independent re-review.
,Whodunit: Detection and Attribution of Synthetic Images by Leveraging Model-specific Fingerprints,institution:dd9f67a9f83f9649,Bucknell University,,Robert M. Nickel,,Lewisburg,,United States,40.96453,-76.88441,automatic_export_eligible,COMPLETE,existing_validated_automatic_location,Existing public location provenance retained; no new geocoding or independent re-review.
curated:61211bdca508937e8a4f,WildFake: A Large-Scale and Hierarchical Dataset for AI-Generated Images Detection,institution:5a28a1a99a417ba5,Ant Group,mapping:3cd20f35381e416557e5,Yan Hong; Jianming Feng; Haoxing Chen; Jun Lan; Huijia Zhu; Weiqiang Wang,location:5a28a1a99a417ba5e640,Hangzhou,Zhejiang,China,30.2613,120.1042,confirmed,COMPLETE,curated_confirmed_location,"Source-backed affiliation, canonical institution identity, and selected location are represented by the exported mapping lineage."
curated:61211bdca508937e8a4f,WildFake: A Large-Scale and Hierarchical Dataset for AI-Generated Images Detection,institution:fccd5d0ac9cc52f9,Shanghai Jiao Tong University,mapping:f3d66c3512fcb5b0fc54,Jianfu Zhang,location:fccd5d0ac9cc52f960f2,Shanghai,Shanghai,China,31.0254,121.4331,confirmed,COMPLETE,curated_confirmed_location,"Source-backed affiliation, canonical institution identity, and selected location are represented by the exported mapping lineage."
,X-Transfer: A Transfer Learning-Based Framework for GAN-Generated Fake Image Detection,institution:424b7d284db388e3,Tunghai University,,Ching-Sheng Lin,,Taichung,Taiwan,China,24.1469,120.6839,automatic_export_eligible,COMPLETE,existing_validated_automatic_location,Existing public location provenance retained; no new geocoding or independent re-review.
,X-Transfer: A Transfer Learning-Based Framework for GAN-Generated Fake Image Detection,institution:636b930e320fc074,Chengdu University of Information Technology,,Lei Zhang; Hao Chen; Xi Wu; Jinrong Hu,,Chengdu,,China,30.66667,104.06667,automatic_export_eligible,COMPLETE,existing_validated_automatic_location,Existing public location provenance retained; no new geocoding or independent re-review.
,X-Transfer: A Transfer Learning-Based Framework for GAN-Generated Fake Image Detection,institution:a7f4bd547e079314,University of Indianapolis,,Shu Hu,,Indianapolis,,United States,39.76838,-86.15804,automatic_export_eligible,COMPLETE,existing_validated_automatic_location,Existing public location provenance retained; no new geocoding or independent re-review.
,X-Transfer: A Transfer Learning-Based Framework for GAN-Generated Fake Image Detection,institution:b771bab570cca255,Microsoft Research Asia (China),,Bin Zhu,,Beijing,,China,39.9075,116.39723,automatic_export_eligible,COMPLETE,existing_validated_automatic_location,Existing public location provenance retained; no new geocoding or independent re-review.
,X-Transfer: A Transfer Learning-Based Framework for GAN-Generated Fake Image Detection,institution:c121cd267550901f,"University at Albany, State University of New York",,Xin Wang,,Albany,,United States,42.65258,-73.75623,automatic_export_eligible,COMPLETE,existing_validated_automatic_location,Existing public location provenance retained; no new geocoding or independent re-review.
curated:3110ea827546b2fd78ff,"Your AI-Generated Image Detector Can Secretly Achieve SOTA Accuracy, If Calibrated",institution:43ae05e86afd56bd,Xidian University,mapping:33734b91f46a48599ed7,Chenghao Xu; Yanhua Yang,location:43ae05e86afd56bdb3af,Xi'an,Shaanxi,China,34.125,108.829,confirmed,COMPLETE,curated_confirmed_location,"Source-backed affiliation, canonical institution identity, and selected location are represented by the exported mapping lineage."
curated:3110ea827546b2fd78ff,"Your AI-Generated Image Detector Can Secretly Achieve SOTA Accuracy, If Calibrated",institution:e81a0314e783d8a4,"Agency for Science, Technology and Research",mapping:eba5383cba0b393f06de,Muli Yang; Gabriel James Goenawan; Huaiyuan Qin; Fen Fang; Ying Sun; Joo-Hwee Lim; Hongyuan Zhu,location:91aeee1163fdce71a822,Singapore,Singapore,Singapore,1.2996,103.7886,confirmed,COMPLETE,curated_confirmed_location,"Source-backed affiliation, canonical institution identity, and selected location are represented by the exported mapping lineage."
curated:a6f370defb21b2e07381,Your Diffusion Model Is an Implicit Synthetic Image Detector,institution:678fbbc18157fd45,École Polytechnique,mapping:1e4c026170af23ededc8,Xi Wang; Vicky Kalogeiton,location:678fbbc18157fd4588f1,Palaiseau,Île-de-France,France,48.713,2.2087,confirmed,COMPLETE,curated_confirmed_location,"Source-backed affiliation, canonical institution identity, and selected location are represented by the exported mapping lineage."
curated:56e7bf42d58694239b64,Zero-Shot Detection of AI-Generated Image via RAW-RGB Alignment,institution:53e6219d595780e3,University of Macau,mapping:e125670348ed361e1559,Fengpeng Li; Jiantao Zhou,location:53e6219d595780e300c1,Macau,Macau,China,22.1284604,113.5438378,confirmed,COMPLETE,curated_confirmed_location,"Source-backed affiliation, canonical institution identity, and selected location are represented by the exported mapping lineage."
curated:56e7bf42d58694239b64,Zero-Shot Detection of AI-Generated Image via RAW-RGB Alignment,institution:5fc8d686887fa82a,University of Electronic Science and Technology of China,mapping:f1bfbe45e32129ded8db,Haiwei Wu; Zhilin Tu; Xiong Li,location:7942988127caeaef5f36,Chengdu,Sichuan,China,30.7534211,103.9294024,confirmed,COMPLETE,curated_confirmed_location,"Source-backed affiliation, canonical institution identity, and selected location are represented by the exported mapping lineage."
curated:56e7bf42d58694239b64,Zero-Shot Detection of AI-Generated Image via RAW-RGB Alignment,institution:ad9c8964d01f80d8,Shenzhen University,mapping:25488f41111eb3026d03,Yuanman Li,location:ad9c8964d01f80d86e66,Shenzhen,Guangdong,China,22.5411039,113.9389034,confirmed,COMPLETE,curated_confirmed_location,"Source-backed affiliation, canonical institution identity, and selected location are represented by the exported mapping lineage."
curated:b4ea75d79604aba80b50,Zero-Shot Detection of AI-Generated Images,institution:d046d2c57bb3a863,University of Naples Federico II,mapping:4bad8cb1fbf9b289552b,Davide Cozzolino; Giovanni Poggi; Luisa Verdoliva,location:d046d2c57bb3a863a89a,Naples,Campania,Italy,40.8463,14.2572,confirmed,COMPLETE,curated_confirmed_location,"Source-backed affiliation, canonical institution identity, and selected location are represented by the exported mapping lineage."
curated:b4ea75d79604aba80b50,Zero-Shot Detection of AI-Generated Images,institution:f42de06978b10eb5,Technical University of Munich,mapping:00a1d1b8c309acfeced2,Matthias Nießner; Luisa Verdoliva,location:bc6fc762326c51a73a07,Garching,Bavaria,Germany,48.263267,11.67165,confirmed,COMPLETE,curated_confirmed_location,"Source-backed affiliation, canonical institution identity, and selected location are represented by the exported mapping lineage."
curated:a87d86d7032f5a751004,ZeroFake: Zero-Shot Detection of Fake Images Generated and Edited by Text-to-Image Generation Models,institution:aea376936c88135b,CISPA Helmholtz Center for Information Security,mapping:a979f73eb18e26e7418f,Zeyang Sha; Yicong Tan; Mingjie Li; Michael Backes; Yang Zhang,location:aea376936c88135ba947,Saarbrücken,Saarland,Germany,49.2577,7.0422,confirmed,COMPLETE,curated_confirmed_location,"Source-backed affiliation, canonical institution identity, and selected location are represented by the exported mapping lineage."
,Zooming In on Fakes: A Novel Dataset for Localized AI-Generated Image Detection with Forgery Amplification Approach,institution:3e78e883c14f8bb8,Tencent Youtu Lab,mapping:04dede31f2e8f7b3cd84,Haowei Wang; Shen Chen; Taiping Yao,location:3e78e883c14f8bb839b1,Shanghai,Shanghai,China,31.1836,121.4502,confirmed,COMPLETE,curated_confirmed_location,"Source-backed affiliation, canonical institution identity, and selected location are represented by the exported mapping lineage."
,Zooming In on Fakes: A Novel Dataset for Localized AI-Generated Image Detection with Forgery Amplification Approach,institution:929ddef9540ec1e7,Xiamen University,mapping:42bd4d7b44255d7739e4,Lvpan Cai; Jiayi Ji; Yanshu Zhoumen; Xiaoshuai Sun,location:929ddef9540ec1e76a47,Xiamen,Fujian,China,24.4389,118.0947,confirmed,COMPLETE,curated_confirmed_location,"Source-backed affiliation, canonical institution identity, and selected location are represented by the exported mapping lineage."
curated:66ea5be66b23f7db046a,人工智能生成图像检测技术综述,institution:baa1df7c4adddbda,Fudan University,mapping:634be31d6873f43f0e86,Meiling Li; Zhenxing Qian; Xinpeng Zhang,location:baa1df7c4adddbda8d0b,Shanghai,Shanghai,China,31.2989,121.5018,confirmed,COMPLETE,curated_confirmed_location,"Source-backed affiliation, canonical institution identity, and selected location are represented by the exported mapping lineage."
openalex:W4414979736,$\bf{D^3}$QE: Learning Discrete Distribution Discrepancy-aware Quantization Error for Autoregressive-Generated Image Detection,institution:4ae45b121fe12e9c,Tsinghua University,mapping:bd612da7e8a66cf8332d,Yannan Zhang; Bingyao Yu; Yu Zheng; Wenzhao Zheng; Yueqi Duan; Lei Chen; Jie Zhou; Jiwen Lu,,,,,,,excluded,EXCLUDED,durable_paper_exclusion,Active paper exclusion; not part of public geographic display.
curated:29642e43aa51fece46f7,Beyond Semantic Features: Pixel-Level Mapping for Generalized AI-Generated Image Detection,institution:e278f75918ccf8a7,"Institute of Computing Technology, Chinese Academy of Sciences",mapping:dee10db632bae24617f1,Chenming Zhou; Jiaan Wang; Yu Li; Lei Li; Juan Cao; Sheng Tang,,,,,,,needs_review,EXCLUDED,affiliation_evidence_unresolved,Preliminary mapping lacks explicit source-backed author–institution evidence or belongs to a paper outside the needs-review workflow.
curated:4c6404676fc92cb9e8eb,Black-Box Adaptation for Deepfake Detection via Local Relation Guided AUC Optimization,institution:1502cb7c96ae3095,Beijing University of Posts and Telecommunications,mapping:c57cc799d5fe8691170a,Xiaotian Si; Linghui Li; Liwei Zhang; Ziduo Guo; Kaiguo Yuan,location:1502cb7c96ae3095e27b,,,,,,excluded,EXCLUDED,durable_paper_exclusion,Active paper exclusion; not part of public geographic display.
curated:4c6404676fc92cb9e8eb,Black-Box Adaptation for Deepfake Detection via Local Relation Guided AUC Optimization,institution:570cf7f2e9869b63,Huawei Technologies (China),mapping:3eab2958042ee8fcfbb0,Qi Tian,,,,,,,excluded,EXCLUDED,durable_paper_exclusion,Active paper exclusion; not part of public geographic display.
curated:4c6404676fc92cb9e8eb,Black-Box Adaptation for Deepfake Detection via Local Relation Guided AUC Optimization,institution:f336b3005794930b,Beihang University,mapping:11bafd218fb2174b710a,Bingyu Li,,,,,,,excluded,EXCLUDED,durable_paper_exclusion,Active paper exclusion; not part of public geographic display.
openalex:W4410026772,Deepfake Image Detection Using Convolutional Neural Network,institution:9a733d8202685d10,Shri Ramdeobaba College of Engineering & Management,mapping:5ac3deaad5e9f289007d,Gouri Morankar; Rahul Tripathi; Shaili Dhanore; Yash Tiwari,,,,,,,excluded,EXCLUDED,durable_paper_exclusion,Active paper exclusion; not part of public geographic display.
curated:417b1f4f681de2a47dbf,Detecting Compressed AI-Generated Images via Phase Spectrum Robustness,institution:28d73eced8e30027,Shenzhen Key Laboratory of Adversarial Artificial Intelligence,mapping:0f4731bd4fa10c31b76b,Wenqi Ren; Xiaochun Cao,,,,,,,needs_review,EXCLUDED,affiliation_evidence_unresolved,Preliminary mapping lacks explicit source-backed author–institution evidence or belongs to a paper outside the needs-review workflow.
curated:417b1f4f681de2a47dbf,Detecting Compressed AI-Generated Images via Phase Spectrum Robustness,institution:7c524d46ad18eab1,Guangdong Key Laboratory of Information Security Technology,mapping:6ad527e368b2d4dbbebd,Wenqi Ren,,,,,,,needs_review,EXCLUDED,affiliation_evidence_unresolved,Preliminary mapping lacks explicit source-backed author–institution evidence or belongs to a paper outside the needs-review workflow.
curated:d0eec7c4fce8929c295a,Diffusion-Driven Forgery Detection: Distilling Latent Features for Generalized Image Forensics,institution:07ba242d76aafb0e,Shanghai University of Engineering Science,mapping:b2df8c5c3dcef11ea3b6,Kaiwen Qian; Yutao Xu; Yifan Xu; Yuchun Fang,,,,,,,needs_review,EXCLUDED,affiliation_evidence_unresolved,Preliminary mapping lacks explicit source-backed author–institution evidence or belongs to a paper outside the needs-review workflow.
curated:a1926ecb09e1e945bbad,Diversity over Uniformity: Rethinking Representation in Generated Image Detection,institution:c8f057a432754e98,"Jinan Inspur Data Technology Co., Ltd.",mapping:393bc402801b7bc0dac6,Bin Xiao,,,,,,,needs_review,EXCLUDED,affiliation_evidence_unresolved,Preliminary mapping lacks explicit source-backed author–institution evidence or belongs to a paper outside the needs-review workflow.
curated:2117831292318de4cf18,Explainable Artifacts for Synthetic Western Blot Source Attribution,institution:1ee9da20656fd88b,Politecnico di Milano,mapping:6a1f1135c52904549c2d,Sara Mandelli; Paolo Bestagini,,,,,,,needs_review,EXCLUDED,affiliation_evidence_unresolved,Preliminary mapping lacks explicit source-backed author–institution evidence or belongs to a paper outside the needs-review workflow.
curated:2117831292318de4cf18,Explainable Artifacts for Synthetic Western Blot Source Attribution,institution:90b589325857dff0,Purdue University,mapping:38ebe8aa01fb879c4361,Edward J. Delp,,,,,,,needs_review,EXCLUDED,affiliation_evidence_unresolved,Preliminary mapping lacks explicit source-backed author–institution evidence or belongs to a paper outside the needs-review workflow.
curated:2117831292318de4cf18,Explainable Artifacts for Synthetic Western Blot Source Attribution,institution:d30e2f168f8ccc03,Loyola University Chicago,mapping:1bf645607b0257dfbde5,Daniel Moreira,,,,,,,needs_review,EXCLUDED,affiliation_evidence_unresolved,Preliminary mapping lacks explicit source-backed author–institution evidence or belongs to a paper outside the needs-review workflow.
curated:2117831292318de4cf18,Explainable Artifacts for Synthetic Western Blot Source Attribution,institution:f4a883f8d9615a43,University of Campinas,mapping:52ce396bb8d6c7a0b6bc,João Phillipe Cardenuto; Anderson Rocha,,,,,,,needs_review,EXCLUDED,affiliation_evidence_unresolved,Preliminary mapping lacks explicit source-backed author–institution evidence or belongs to a paper outside the needs-review workflow.
curated:c495f498c11dab35ecbc,FALCON-Net: Feature Aggregation of Local Patterns for AI-Generated Image Detection,institution:11d4e5b507bbbada,Shenzhen MSU-BIT University,mapping:6456b8bdf7002d769476,Changsheng Chen,,,,,,,needs_review,EXCLUDED,affiliation_evidence_unresolved,Preliminary mapping lacks explicit source-backed author–institution evidence or belongs to a paper outside the needs-review workflow.
curated:c495f498c11dab35ecbc,FALCON-Net: Feature Aggregation of Local Patterns for AI-Generated Image Detection,institution:42d2e85e0328361b,Hunan University of Science and Technology,mapping:22611f0898a942d4554e,Jin Wang; Xiangling Ding,,,,,,,needs_review,EXCLUDED,affiliation_evidence_unresolved,Preliminary mapping lacks explicit source-backed author–institution evidence or belongs to a paper outside the needs-review workflow.
curated:c495f498c11dab35ecbc,FALCON-Net: Feature Aggregation of Local Patterns for AI-Generated Image Detection,institution:6bdc62fb06ac696f,Changsha University of Science and Technology,mapping:59717de03fbe53a3b5b5,Dengyong Zhang; Miao Hu; Jiaxin Chen; Yun Song,,,,,,,needs_review,EXCLUDED,affiliation_evidence_unresolved,Preliminary mapping lacks explicit source-backed author–institution evidence or belongs to a paper outside the needs-review workflow.
curated:c495f498c11dab35ecbc,FALCON-Net: Feature Aggregation of Local Patterns for AI-Generated Image Detection,institution:be8fe6da68f67876,Hunan University,mapping:049f07debf3a1d281504,Gaobo Yang; Xin Liao,,,,,,,needs_review,EXCLUDED,affiliation_evidence_unresolved,Preliminary mapping lacks explicit source-backed author–institution evidence or belongs to a paper outside the needs-review workflow.
openalex:W2912336782,FaceForensics++: Learning to Detect Manipulated Facial Images,institution:d046d2c57bb3a863,University of Naples Federico II,mapping:dfe0646a75ffe7f566ef,Davide Cozzolino; Luisa Verdoliva,,,,,,,excluded,EXCLUDED,durable_paper_exclusion,Active paper exclusion; not part of public geographic display.
curated:b8a42f43802c4fbb3cad,ForenDeX: Unlocking Forensic Insights for Explainable AI-Generated Image Detection,institution:13bd816e4b457f40,Visual Intellgence +X International Cooperation Joint Laboratory of MOE,mapping:47ebcf6d2f04436c400c,Chuangchuang Tan; Renshuai Tao; Yunchao Wei; Yao Zhao,,,,,,,needs_review,EXCLUDED,affiliation_evidence_unresolved,Preliminary mapping lacks explicit source-backed author–institution evidence or belongs to a paper outside the needs-review workflow.
curated:854ae0d692bd69098142,Lightweight Detection of AIGI Based on Multi-Feature Fusion and Phased Optimization,institution:b0b93bb53a8b88c1,Tongji University,mapping:0721380c468bda1b9629,Yuefan Li; Xiao Zhang; Huiyuan Wang; Haoran Cui,location:b0b93bb53a8b88c177ea,,,,,,needs_review,EXCLUDED,affiliation_evidence_unresolved,Preliminary mapping lacks explicit source-backed author–institution evidence or belongs to a paper outside the needs-review workflow.
curated:167b4dd09fa505470bce,NSFF: Noise and Semantic Features Fusion for AI-Generated Image Detection,institution:24b3cd33acdc095d,Kochi University of Technology,mapping:e459aae30e6eed1f0f2d,Jien Kato,,,,,,,needs_review,EXCLUDED,affiliation_evidence_unresolved,Preliminary mapping lacks explicit source-backed author–institution evidence or belongs to a paper outside the needs-review workflow.
curated:167b4dd09fa505470bce,NSFF: Noise and Semantic Features Fusion for AI-Generated Image Detection,institution:ce9788da3b7b6137,Inner Mongolia University of Technology,mapping:5910b6a24468c0825dd5,Haoran Yang; Ruiqiang Ma; Gang Wang,,,,,,,needs_review,EXCLUDED,affiliation_evidence_unresolved,Preliminary mapping lacks explicit source-backed author–institution evidence or belongs to a paper outside the needs-review workflow.
curated:c7701d799543661b8a53,Robust Deepfake Detection: Mitigating Spatial Attention Drift via Calibrated Complementary Ensembles,institution:19d2ee8d44bfb9f0,Vietnam National University Ho Chi Minh City,mapping:6a50f42fb90e87cb84f1,Minh-Khoa Le-Phan; Minh-Hoang Le; Trong-Le Do; Minh-Triet Tran,,,,,,,excluded,EXCLUDED,durable_paper_exclusion,Active paper exclusion; not part of public geographic display.
curated:c7701d799543661b8a53,Robust Deepfake Detection: Mitigating Spatial Attention Drift via Calibrated Complementary Ensembles,institution:806523d1aae41484,"University of Science, Viet Nam National University Ho Chi Minh City",mapping:f134355428958df759fd,Minh-Khoa Le-Phan; Minh-Hoang Le; Trong-Le Do; Minh-Triet Tran,location:806523d1aae41484a05a,,,,,,excluded,EXCLUDED,durable_paper_exclusion,Active paper exclusion; not part of public geographic display.
curated:9a95c96ee1d20e56c56d,Spatial Flatness-Curvature Mask Driven Generalized Detection of Synthetic Images,institution:4269181ef8bd7d6e,"Indian Institute of Engineering Science and Technology, Shibpur",mapping:cfa5314dd9fe4a5141c4,Tanusree Ghosh; Ruchira Naskar,,,,,,,needs_review,EXCLUDED,affiliation_evidence_unresolved,Preliminary mapping lacks explicit source-backed author–institution evidence or belongs to a paper outside the needs-review workflow.
curated:e9594b5466110ca009aa,Toward Generalizable AI-Generated Image Detection with a New Realistic Dataset: Performance Evaluation and Improvement,institution:475fa3f7d32d5d27,Grenoble INP,mapping:fae8129e624ca8734ea6,Thai Ngoc Toan Truong; Ji Li; Kai Wang,,,,,,,needs_review,EXCLUDED,affiliation_evidence_unresolved,Preliminary mapping lacks explicit source-backed author–institution evidence or belongs to a paper outside the needs-review workflow.
curated:e9594b5466110ca009aa,Toward Generalizable AI-Generated Image Detection with a New Realistic Dataset: Performance Evaluation and Improvement,institution:ab37cf6fbc2c38dd,GIPSA-Lab,mapping:3599c04ef4c52fdf6d39,Thai Ngoc Toan Truong; Ji Li; Kai Wang,,,,,,,needs_review,EXCLUDED,affiliation_evidence_unresolved,Preliminary mapping lacks explicit source-backed author–institution evidence or belongs to a paper outside the needs-review workflow.
curated:6e9b86dace6a85f4469c,Towards Explaining Classification Models in Security with Sparse Autoencoders,institution:3258076c1e752ff2,TU Wien,mapping:b39e5139a1133d58db43,Nils Ole Breuer; Philipp Normann; Daniel Arp,,,,,,,needs_review,EXCLUDED,affiliation_evidence_unresolved,Preliminary mapping lacks explicit source-backed author–institution evidence or belongs to a paper outside the needs-review workflow.
curated:6e9b86dace6a85f4469c,Towards Explaining Classification Models in Security with Sparse Autoencoders,institution:66101d2ca048704e,Technische Universität Berlin,mapping:76a798c347ac3725b3ab,Lorenz Linhardt,,,,,,,excluded,EXCLUDED,durable_paper_exclusion,Active paper exclusion; not part of public geographic display.
curated:0d918782407e05ade5bd,Unified Detection of Synthetic and Manipulated Images via Dual-Stream Artifact Fusion,institution:19d2ee8d44bfb9f0,Vietnam National University Ho Chi Minh City,mapping:6307736ef459cb62af5a,Thinh-Phat Vo; Daniel Mai; Minh–Triet Tran; Trong-Le Do,,,,,,,needs_review,EXCLUDED,affiliation_evidence_unresolved,Preliminary mapping lacks explicit source-backed author–institution evidence or belongs to a paper outside the needs-review workflow.
